seqnames,start,strand,altchr,altpos,altstrand,dcc_project_code,sv_id,sid,donor_unique_id,weights,topo,topo_n,mech,homseq
1,13688647,-,1,13711834,+,CHOL,0,TCGA-3X-AAV9-01A,TCGA-3X-AAV9-01A,1.0,0.0,0.0,0.0,0.0
1,21801557,-,6,13622971,+,CHOL,1,TCGA-3X-AAV9-01A,TCGA-3X-AAV9-01A,1.0,0.0,0.0,0.0,0.0
1,21801558,-,1,22277109,+,CHOL,2,TCGA-3X-AAV9-01A,TCGA-3X-AAV9-01A,1.0,0.0,0.0,0.0,0.0
1,22277109,+,6,13622829,-,CHOL,3,TCGA-3X-AAV9-01A,TCGA-3X-AAV9-01A,1.0,0.0,0.0,0.0,0.0
1,30991862,-,13,28928869,-,CHOL,4,TCGA-3X-AAV9-01A,TCGA-3X-AAV9-01A,1.0,0.0,0.0,0.0,0.0
1,156676644,-,1,156703673,+,CHOL,5,TCGA-3X-AAV9-01A,TCGA-3X-AAV9-01A,1.0,0.0,0.0,0.0,0.0
1,229177809,-,13,34802107,+,CHOL,6,TCGA-3X-AAV9-01A,TCGA-3X-AAV9-01A,1.0,0.0,0.0,0.0,0.0
11,19230926,-,18,28326485,+,CHOL,7,TCGA-3X-AAV9-01A,TCGA-3X-AAV9-01A,1.0,0.0,0.0,0.0,0.0
11,39437602,+,11,39459556,+,CHOL,8,TCGA-3X-AAV9-01A,TCGA-3X-AAV9-01A,1.0,0.0,0.0,0.0,0.0
11,54349698,-,11,54391692,+,CHOL,9,TCGA-3X-AAV9-01A,TCGA-3X-AAV9-01A,1.0,0.0,0.0,0.0,0.0
11,65395426,+,11,65414729,-,CHOL,10,TCGA-3X-AAV9-01A,TCGA-3X-AAV9-01A,1.0,0.0,0.0,0.0,0.0
11,88517726,-,11,88536624,+,CHOL,11,TCGA-3X-AAV9-01A,TCGA-3X-AAV9-01A,1.0,0.0,0.0,0.0,0.0
11,130420225,+,11,130421069,+,CHOL,12,TCGA-3X-AAV9-01A,TCGA-3X-AAV9-01A,1.0,0.0,0.0,0.0,0.0
11,130420244,-,11,130421801,-,CHOL,13,TCGA-3X-AAV9-01A,TCGA-3X-AAV9-01A,1.0,0.0,0.0,0.0,0.0
12,58079314,+,12,58125680,+,CHOL,14,TCGA-3X-AAV9-01A,TCGA-3X-AAV9-01A,1.0,0.0,0.0,0.0,0.0
12,69256590,-,12,69270232,+,CHOL,15,TCGA-3X-AAV9-01A,TCGA-3X-AAV9-01A,1.0,0.0,0.0,0.0,0.0
12,126838320,+,12,132651569,+,CHOL,16,TCGA-3X-AAV9-01A,TCGA-3X-AAV9-01A,1.0,0.0,0.0,0.0,0.0
12,128491899,-,12,129037619,+,CHOL,17,TCGA-3X-AAV9-01A,TCGA-3X-AAV9-01A,1.0,0.0,0.0,0.0,0.0
12,131371707,+,12,131478955,-,CHOL,18,TCGA-3X-AAV9-01A,TCGA-3X-AAV9-01A,1.0,0.0,0.0,0.0,0.0
13,73386131,-,13,73484966,+,CHOL,19,TCGA-3X-AAV9-01A,TCGA-3X-AAV9-01A,1.0,0.0,0.0,0.0,0.0
13,73423227,+,13,73440220,-,CHOL,20,TCGA-3X-AAV9-01A,TCGA-3X-AAV9-01A,1.0,0.0,0.0,0.0,0.0
14,68794825,-,16,53010794,-,CHOL,21,TCGA-3X-AAV9-01A,TCGA-3X-AAV9-01A,1.0,0.0,0.0,0.0,0.0
15,58785910,-,15,58884178,+,CHOL,22,TCGA-3X-AAV9-01A,TCGA-3X-AAV9-01A,1.0,0.0,0.0,0.0,0.0
15,66720734,-,15,66761785,-,CHOL,23,TCGA-3X-AAV9-01A,TCGA-3X-AAV9-01A,1.0,0.0,0.0,0.0,0.0
16,1120169,-,16,1238936,-,CHOL,24,TCGA-3X-AAV9-01A,TCGA-3X-AAV9-01A,1.0,0.0,0.0,0.0,0.0
16,1123623,-,16,1239225,+,CHOL,25,TCGA-3X-AAV9-01A,TCGA-3X-AAV9-01A,1.0,0.0,0.0,0.0,0.0
16,18865573,-,16,18996978,-,CHOL,26,TCGA-3X-AAV9-01A,TCGA-3X-AAV9-01A,1.0,0.0,0.0,0.0,0.0
16,78590060,-,16,78593101,+,CHOL,27,TCGA-3X-AAV9-01A,TCGA-3X-AAV9-01A,1.0,0.0,0.0,0.0,0.0
16,78893918,+,16,79015916,-,CHOL,28,TCGA-3X-AAV9-01A,TCGA-3X-AAV9-01A,1.0,0.0,0.0,0.0,0.0
16,78996410,+,16,79134421,-,CHOL,29,TCGA-3X-AAV9-01A,TCGA-3X-AAV9-01A,1.0,0.0,0.0,0.0,0.0
17,31952235,-,17,31985731,+,CHOL,30,TCGA-3X-AAV9-01A,TCGA-3X-AAV9-01A,1.0,0.0,0.0,0.0,0.0
18,13035559,-,18,13132458,+,CHOL,31,TCGA-3X-AAV9-01A,TCGA-3X-AAV9-01A,1.0,0.0,0.0,0.0,0.0
2,66142125,+,2,66180094,+,CHOL,32,TCGA-3X-AAV9-01A,TCGA-3X-AAV9-01A,1.0,0.0,0.0,0.0,0.0
2,114942428,+,2,114944325,-,CHOL,33,TCGA-3X-AAV9-01A,TCGA-3X-AAV9-01A,1.0,0.0,0.0,0.0,0.0
2,141685281,-,10,94792953,-,CHOL,34,TCGA-3X-AAV9-01A,TCGA-3X-AAV9-01A,1.0,0.0,0.0,0.0,0.0
2,141897737,+,2,141899012,+,CHOL,35,TCGA-3X-AAV9-01A,TCGA-3X-AAV9-01A,1.0,0.0,0.0,0.0,0.0
2,232295569,-,2,232361706,+,CHOL,36,TCGA-3X-AAV9-01A,TCGA-3X-AAV9-01A,1.0,0.0,0.0,0.0,0.0
2,232506572,-,2,232537899,+,CHOL,37,TCGA-3X-AAV9-01A,TCGA-3X-AAV9-01A,1.0,0.0,0.0,0.0,0.0
20,14781971,+,20,15075795,-,CHOL,38,TCGA-3X-AAV9-01A,TCGA-3X-AAV9-01A,1.0,0.0,0.0,0.0,0.0
20,32220477,-,20,32256972,+,CHOL,39,TCGA-3X-AAV9-01A,TCGA-3X-AAV9-01A,1.0,0.0,0.0,0.0,0.0
22,19421072,+,22,19436275,-,CHOL,40,TCGA-3X-AAV9-01A,TCGA-3X-AAV9-01A,1.0,0.0,0.0,0.0,0.0
22,21720183,-,22,21810708,+,CHOL,41,TCGA-3X-AAV9-01A,TCGA-3X-AAV9-01A,1.0,0.0,0.0,0.0,0.0
3,60362533,+,3,60482008,-,CHOL,42,TCGA-3X-AAV9-01A,TCGA-3X-AAV9-01A,1.0,0.0,0.0,0.0,0.0
3,70844205,-,3,70968723,+,CHOL,43,TCGA-3X-AAV9-01A,TCGA-3X-AAV9-01A,1.0,0.0,0.0,0.0,0.0
3,159333294,+,3,159346922,-,CHOL,44,TCGA-3X-AAV9-01A,TCGA-3X-AAV9-01A,1.0,0.0,0.0,0.0,0.0
3,159368814,-,3,159372648,-,CHOL,45,TCGA-3X-AAV9-01A,TCGA-3X-AAV9-01A,1.0,0.0,0.0,0.0,0.0
3,159371371,+,12,128728635,-,CHOL,46,TCGA-3X-AAV9-01A,TCGA-3X-AAV9-01A,1.0,0.0,0.0,0.0,0.0
3,159548495,+,3,159550101,-,CHOL,47,TCGA-3X-AAV9-01A,TCGA-3X-AAV9-01A,1.0,0.0,0.0,0.0,0.0
3,188760436,+,15,76510865,-,CHOL,48,TCGA-3X-AAV9-01A,TCGA-3X-AAV9-01A,1.0,0.0,0.0,0.0,0.0
4,44118871,-,4,44119814,-,CHOL,49,TCGA-3X-AAV9-01A,TCGA-3X-AAV9-01A,1.0,0.0,0.0,0.0,0.0
4,44398968,-,4,44430405,+,CHOL,50,TCGA-3X-AAV9-01A,TCGA-3X-AAV9-01A,1.0,0.0,0.0,0.0,0.0
4,44398982,+,4,44399726,-,CHOL,51,TCGA-3X-AAV9-01A,TCGA-3X-AAV9-01A,1.0,0.0,0.0,0.0,0.0
4,82372190,+,4,82375791,-,CHOL,52,TCGA-3X-AAV9-01A,TCGA-3X-AAV9-01A,1.0,0.0,0.0,0.0,0.0
5,168528659,+,5,168589958,+,CHOL,53,TCGA-3X-AAV9-01A,TCGA-3X-AAV9-01A,1.0,0.0,0.0,0.0,0.0
5,168542557,-,5,168631450,-,CHOL,54,TCGA-3X-AAV9-01A,TCGA-3X-AAV9-01A,1.0,0.0,0.0,0.0,0.0
6,3211764,+,6,3266342,+,CHOL,55,TCGA-3X-AAV9-01A,TCGA-3X-AAV9-01A,1.0,0.0,0.0,0.0,0.0
6,3213052,-,6,3214741,-,CHOL,56,TCGA-3X-AAV9-01A,TCGA-3X-AAV9-01A,1.0,0.0,0.0,0.0,0.0
6,30461374,-,6,31131236,+,CHOL,57,TCGA-3X-AAV9-01A,TCGA-3X-AAV9-01A,1.0,0.0,0.0,0.0,0.0
6,121724025,-,6,121784332,+,CHOL,58,TCGA-3X-AAV9-01A,TCGA-3X-AAV9-01A,1.0,0.0,0.0,0.0,0.0
7,39947967,-,7,39959225,+,CHOL,59,TCGA-3X-AAV9-01A,TCGA-3X-AAV9-01A,1.0,0.0,0.0,0.0,0.0
7,111314071,-,7,111533741,+,CHOL,60,TCGA-3X-AAV9-01A,TCGA-3X-AAV9-01A,1.0,0.0,0.0,0.0,0.0
7,133815653,-,7,133858717,+,CHOL,61,TCGA-3X-AAV9-01A,TCGA-3X-AAV9-01A,1.0,0.0,0.0,0.0,0.0
8,43139639,-,15,66795299,+,CHOL,62,TCGA-3X-AAV9-01A,TCGA-3X-AAV9-01A,1.0,0.0,0.0,0.0,0.0
8,59229843,-,8,59280145,+,CHOL,63,TCGA-3X-AAV9-01A,TCGA-3X-AAV9-01A,1.0,0.0,0.0,0.0,0.0
9,21937769,+,9,22079765,-,CHOL,64,TCGA-3X-AAV9-01A,TCGA-3X-AAV9-01A,1.0,0.0,0.0,0.0,0.0
9,129032231,-,9,129042354,+,CHOL,65,TCGA-3X-AAV9-01A,TCGA-3X-AAV9-01A,1.0,0.0,0.0,0.0,0.0
23,6270784,+,23,6271171,-,CHOL,66,TCGA-3X-AAV9-01A,TCGA-3X-AAV9-01A,1.0,0.0,0.0,0.0,0.0
23,7326878,-,23,7654578,+,CHOL,67,TCGA-3X-AAV9-01A,TCGA-3X-AAV9-01A,1.0,0.0,0.0,0.0,0.0
23,16799054,-,23,16837413,+,CHOL,68,TCGA-3X-AAV9-01A,TCGA-3X-AAV9-01A,1.0,0.0,0.0,0.0,0.0
23,70857032,-,23,70887491,+,CHOL,69,TCGA-3X-AAV9-01A,TCGA-3X-AAV9-01A,1.0,0.0,0.0,0.0,0.0
23,132129466,+,23,132370399,-,CHOL,70,TCGA-3X-AAV9-01A,TCGA-3X-AAV9-01A,1.0,0.0,0.0,0.0,0.0
1,36074295,+,3,52406101,-,CHOL,71,TCGA-3X-AAVA-01A,TCGA-3X-AAVA-01A,1.0,0.0,0.0,0.0,0.0
1,36074301,-,7,5816319,+,CHOL,72,TCGA-3X-AAVA-01A,TCGA-3X-AAVA-01A,1.0,0.0,0.0,0.0,0.0
1,47710601,+,1,85263955,-,CHOL,73,TCGA-3X-AAVA-01A,TCGA-3X-AAVA-01A,1.0,0.0,0.0,0.0,0.0
1,47710943,-,17,11455279,+,CHOL,74,TCGA-3X-AAVA-01A,TCGA-3X-AAVA-01A,1.0,0.0,0.0,0.0,0.0
1,54110363,-,11,123128370,+,CHOL,75,TCGA-3X-AAVA-01A,TCGA-3X-AAVA-01A,1.0,0.0,0.0,0.0,0.0
1,74195740,-,19,46300461,-,CHOL,76,TCGA-3X-AAVA-01A,TCGA-3X-AAVA-01A,1.0,0.0,0.0,0.0,0.0
1,77873097,-,1,77948554,+,CHOL,77,TCGA-3X-AAVA-01A,TCGA-3X-AAVA-01A,1.0,0.0,0.0,0.0,0.0
1,85263921,+,11,7320781,-,CHOL,78,TCGA-3X-AAVA-01A,TCGA-3X-AAVA-01A,1.0,0.0,0.0,0.0,0.0
1,101497033,-,8,133313115,+,CHOL,79,TCGA-3X-AAVA-01A,TCGA-3X-AAVA-01A,1.0,0.0,0.0,0.0,0.0
1,123102032,-,1,123758133,+,CHOL,80,TCGA-3X-AAVA-01A,TCGA-3X-AAVA-01A,1.0,0.0,0.0,0.0,0.0
1,155173597,-,1,155291250,+,CHOL,81,TCGA-3X-AAVA-01A,TCGA-3X-AAVA-01A,1.0,0.0,0.0,0.0,0.0
1,213993267,-,1,214096655,+,CHOL,82,TCGA-3X-AAVA-01A,TCGA-3X-AAVA-01A,1.0,0.0,0.0,0.0,0.0
10,32496945,-,10,33753795,+,CHOL,83,TCGA-3X-AAVA-01A,TCGA-3X-AAVA-01A,1.0,0.0,0.0,0.0,0.0
10,38929619,+,17,26950291,-,CHOL,84,TCGA-3X-AAVA-01A,TCGA-3X-AAVA-01A,1.0,0.0,0.0,0.0,0.0
11,3629272,+,23,146823078,+,CHOL,85,TCGA-3X-AAVA-01A,TCGA-3X-AAVA-01A,1.0,0.0,0.0,0.0,0.0
11,7320744,+,17,11455302,-,CHOL,86,TCGA-3X-AAVA-01A,TCGA-3X-AAVA-01A,1.0,0.0,0.0,0.0,0.0
11,18378976,+,17,4391133,-,CHOL,87,TCGA-3X-AAVA-01A,TCGA-3X-AAVA-01A,1.0,0.0,0.0,0.0,0.0
11,52730251,+,11,53166213,-,CHOL,88,TCGA-3X-AAVA-01A,TCGA-3X-AAVA-01A,1.0,0.0,0.0,0.0,0.0
11,54343760,+,11,54406037,-,CHOL,89,TCGA-3X-AAVA-01A,TCGA-3X-AAVA-01A,1.0,0.0,0.0,0.0,0.0
11,67921420,+,12,8432063,+,CHOL,90,TCGA-3X-AAVA-01A,TCGA-3X-AAVA-01A,1.0,0.0,0.0,0.0,0.0
11,73717860,+,11,73773092,-,CHOL,91,TCGA-3X-AAVA-01A,TCGA-3X-AAVA-01A,1.0,0.0,0.0,0.0,0.0
11,88396174,+,11,88989997,+,CHOL,92,TCGA-3X-AAVA-01A,TCGA-3X-AAVA-01A,1.0,0.0,0.0,0.0,0.0
11,92344446,-,11,92429955,+,CHOL,93,TCGA-3X-AAVA-01A,TCGA-3X-AAVA-01A,1.0,0.0,0.0,0.0,0.0
11,98342060,+,11,98365271,-,CHOL,94,TCGA-3X-AAVA-01A,TCGA-3X-AAVA-01A,1.0,0.0,0.0,0.0,0.0
11,107230035,+,11,107234178,-,CHOL,95,TCGA-3X-AAVA-01A,TCGA-3X-AAVA-01A,1.0,0.0,0.0,0.0,0.0
12,6723324,-,12,6756607,-,CHOL,96,TCGA-3X-AAVA-01A,TCGA-3X-AAVA-01A,1.0,0.0,0.0,0.0,0.0
12,6756576,+,12,7566492,+,CHOL,97,TCGA-3X-AAVA-01A,TCGA-3X-AAVA-01A,1.0,0.0,0.0,0.0,0.0
12,34801021,-,12,34807874,+,CHOL,98,TCGA-3X-AAVA-01A,TCGA-3X-AAVA-01A,1.0,0.0,0.0,0.0,0.0
12,36368867,-,12,36580818,+,CHOL,99,TCGA-3X-AAVA-01A,TCGA-3X-AAVA-01A,1.0,0.0,0.0,0.0,0.0
12,36405109,-,12,37062617,+,CHOL,100,TCGA-3X-AAVA-01A,TCGA-3X-AAVA-01A,1.0,0.0,0.0,0.0,0.0
12,50111396,-,12,50330334,+,CHOL,101,TCGA-3X-AAVA-01A,TCGA-3X-AAVA-01A,1.0,0.0,0.0,0.0,0.0
12,82356281,-,12,82363972,+,CHOL,102,TCGA-3X-AAVA-01A,TCGA-3X-AAVA-01A,1.0,0.0,0.0,0.0,0.0
12,124961750,+,17,64611200,-,CHOL,103,TCGA-3X-AAVA-01A,TCGA-3X-AAVA-01A,1.0,0.0,0.0,0.0,0.0
12,124961771,-,17,64611187,+,CHOL,104,TCGA-3X-AAVA-01A,TCGA-3X-AAVA-01A,1.0,0.0,0.0,0.0,0.0
12,132678880,+,12,132829437,-,CHOL,105,TCGA-3X-AAVA-01A,TCGA-3X-AAVA-01A,1.0,0.0,0.0,0.0,0.0
13,17005767,+,13,17068387,-,CHOL,106,TCGA-3X-AAVA-01A,TCGA-3X-AAVA-01A,1.0,0.0,0.0,0.0,0.0
14,50577789,+,14,50636763,-,CHOL,107,TCGA-3X-AAVA-01A,TCGA-3X-AAVA-01A,1.0,0.0,0.0,0.0,0.0
15,20153374,-,22,22302851,+,CHOL,108,TCGA-3X-AAVA-01A,TCGA-3X-AAVA-01A,1.0,0.0,0.0,0.0,0.0
15,41712422,+,15,41730096,-,CHOL,109,TCGA-3X-AAVA-01A,TCGA-3X-AAVA-01A,1.0,0.0,0.0,0.0,0.0
15,42420229,+,15,42430933,-,CHOL,110,TCGA-3X-AAVA-01A,TCGA-3X-AAVA-01A,1.0,0.0,0.0,0.0,0.0
15,100734802,+,15,100760241,-,CHOL,111,TCGA-3X-AAVA-01A,TCGA-3X-AAVA-01A,1.0,0.0,0.0,0.0,0.0
16,4179033,-,16,4221187,+,CHOL,112,TCGA-3X-AAVA-01A,TCGA-3X-AAVA-01A,1.0,0.0,0.0,0.0,0.0
16,4221284,-,16,4474582,+,CHOL,113,TCGA-3X-AAVA-01A,TCGA-3X-AAVA-01A,1.0,0.0,0.0,0.0,0.0
16,4865288,-,16,5054839,+,CHOL,114,TCGA-3X-AAVA-01A,TCGA-3X-AAVA-01A,1.0,0.0,0.0,0.0,0.0
16,24312406,+,16,24313584,+,CHOL,115,TCGA-3X-AAVA-01A,TCGA-3X-AAVA-01A,1.0,0.0,0.0,0.0,0.0
18,15635156,-,18,15694735,+,CHOL,116,TCGA-3X-AAVA-01A,TCGA-3X-AAVA-01A,1.0,0.0,0.0,0.0,0.0
18,15705000,+,18,15706702,-,CHOL,117,TCGA-3X-AAVA-01A,TCGA-3X-AAVA-01A,1.0,0.0,0.0,0.0,0.0
18,24414076,+,18,24415789,-,CHOL,118,TCGA-3X-AAVA-01A,TCGA-3X-AAVA-01A,1.0,0.0,0.0,0.0,0.0
18,31573762,-,18,33476878,-,CHOL,119,TCGA-3X-AAVA-01A,TCGA-3X-AAVA-01A,1.0,0.0,0.0,0.0,0.0
18,68068346,-,18,68112402,+,CHOL,120,TCGA-3X-AAVA-01A,TCGA-3X-AAVA-01A,1.0,0.0,0.0,0.0,0.0
19,1298735,-,19,1367673,+,CHOL,121,TCGA-3X-AAVA-01A,TCGA-3X-AAVA-01A,1.0,0.0,0.0,0.0,0.0
19,45836213,-,19,45848600,+,CHOL,122,TCGA-3X-AAVA-01A,TCGA-3X-AAVA-01A,1.0,0.0,0.0,0.0,0.0
2,36390501,+,2,36517409,-,CHOL,123,TCGA-3X-AAVA-01A,TCGA-3X-AAVA-01A,1.0,0.0,0.0,0.0,0.0
2,57594580,-,2,57603894,+,CHOL,124,TCGA-3X-AAVA-01A,TCGA-3X-AAVA-01A,1.0,0.0,0.0,0.0,0.0
2,69703251,-,2,69824365,+,CHOL,125,TCGA-3X-AAVA-01A,TCGA-3X-AAVA-01A,1.0,0.0,0.0,0.0,0.0
2,158188966,+,2,158674508,-,CHOL,126,TCGA-3X-AAVA-01A,TCGA-3X-AAVA-01A,1.0,0.0,0.0,0.0,0.0
2,171045426,+,16,87977986,-,CHOL,127,TCGA-3X-AAVA-01A,TCGA-3X-AAVA-01A,1.0,0.0,0.0,0.0,0.0
20,27689740,-,20,28322975,+,CHOL,128,TCGA-3X-AAVA-01A,TCGA-3X-AAVA-01A,1.0,0.0,0.0,0.0,0.0
3,11610196,+,3,101218987,+,CHOL,129,TCGA-3X-AAVA-01A,TCGA-3X-AAVA-01A,1.0,0.0,0.0,0.0,0.0
3,48735206,+,3,48738245,-,CHOL,130,TCGA-3X-AAVA-01A,TCGA-3X-AAVA-01A,1.0,0.0,0.0,0.0,0.0
3,52406373,+,7,5815958,-,CHOL,131,TCGA-3X-AAVA-01A,TCGA-3X-AAVA-01A,1.0,0.0,0.0,0.0,0.0
3,61220377,-,3,61239444,+,CHOL,132,TCGA-3X-AAVA-01A,TCGA-3X-AAVA-01A,1.0,0.0,0.0,0.0,0.0
3,83901934,-,18,33963373,+,CHOL,133,TCGA-3X-AAVA-01A,TCGA-3X-AAVA-01A,1.0,0.0,0.0,0.0,0.0
3,85664854,+,18,23106184,+,CHOL,134,TCGA-3X-AAVA-01A,TCGA-3X-AAVA-01A,1.0,0.0,0.0,0.0,0.0
3,87063053,-,18,31577832,+,CHOL,135,TCGA-3X-AAVA-01A,TCGA-3X-AAVA-01A,1.0,0.0,0.0,0.0,0.0
3,146360644,+,3,146538285,-,CHOL,136,TCGA-3X-AAVA-01A,TCGA-3X-AAVA-01A,1.0,0.0,0.0,0.0,0.0
3,172139487,+,3,172143456,-,CHOL,137,TCGA-3X-AAVA-01A,TCGA-3X-AAVA-01A,1.0,0.0,0.0,0.0,0.0
3,190466887,-,3,190537598,+,CHOL,138,TCGA-3X-AAVA-01A,TCGA-3X-AAVA-01A,1.0,0.0,0.0,0.0,0.0
4,52408944,+,4,52427010,-,CHOL,139,TCGA-3X-AAVA-01A,TCGA-3X-AAVA-01A,1.0,0.0,0.0,0.0,0.0
4,56010549,+,4,56068452,-,CHOL,140,TCGA-3X-AAVA-01A,TCGA-3X-AAVA-01A,1.0,0.0,0.0,0.0,0.0
4,78528123,-,4,78546771,+,CHOL,141,TCGA-3X-AAVA-01A,TCGA-3X-AAVA-01A,1.0,0.0,0.0,0.0,0.0
4,87033061,-,4,87134293,+,CHOL,142,TCGA-3X-AAVA-01A,TCGA-3X-AAVA-01A,1.0,0.0,0.0,0.0,0.0
4,109489552,+,4,109531239,-,CHOL,143,TCGA-3X-AAVA-01A,TCGA-3X-AAVA-01A,1.0,0.0,0.0,0.0,0.0
4,123932381,+,4,123936536,-,CHOL,144,TCGA-3X-AAVA-01A,TCGA-3X-AAVA-01A,1.0,0.0,0.0,0.0,0.0
5,14609812,-,5,14708495,+,CHOL,145,TCGA-3X-AAVA-01A,TCGA-3X-AAVA-01A,1.0,0.0,0.0,0.0,0.0
5,49749176,-,5,49833034,+,CHOL,146,TCGA-3X-AAVA-01A,TCGA-3X-AAVA-01A,1.0,0.0,0.0,0.0,0.0
5,97052384,-,10,92609627,+,CHOL,147,TCGA-3X-AAVA-01A,TCGA-3X-AAVA-01A,1.0,0.0,0.0,0.0,0.0
5,132476711,+,5,132527477,-,CHOL,148,TCGA-3X-AAVA-01A,TCGA-3X-AAVA-01A,1.0,0.0,0.0,0.0,0.0
6,29934393,-,6,29943735,+,CHOL,149,TCGA-3X-AAVA-01A,TCGA-3X-AAVA-01A,1.0,0.0,0.0,0.0,0.0
6,42716874,+,6,42771443,-,CHOL,150,TCGA-3X-AAVA-01A,TCGA-3X-AAVA-01A,1.0,0.0,0.0,0.0,0.0
6,52351503,+,19,46300705,+,CHOL,151,TCGA-3X-AAVA-01A,TCGA-3X-AAVA-01A,1.0,0.0,0.0,0.0,0.0
7,17334300,+,7,17335103,-,CHOL,152,TCGA-3X-AAVA-01A,TCGA-3X-AAVA-01A,1.0,0.0,0.0,0.0,0.0
7,17335356,+,7,17337706,-,CHOL,153,TCGA-3X-AAVA-01A,TCGA-3X-AAVA-01A,1.0,0.0,0.0,0.0,0.0
7,25025969,+,7,25095998,-,CHOL,154,TCGA-3X-AAVA-01A,TCGA-3X-AAVA-01A,1.0,0.0,0.0,0.0,0.0
7,79324619,-,9,100100730,-,CHOL,155,TCGA-3X-AAVA-01A,TCGA-3X-AAVA-01A,1.0,0.0,0.0,0.0,0.0
7,151235350,+,7,151269509,-,CHOL,156,TCGA-3X-AAVA-01A,TCGA-3X-AAVA-01A,1.0,0.0,0.0,0.0,0.0
8,9283284,-,9,14452438,-,CHOL,157,TCGA-3X-AAVA-01A,TCGA-3X-AAVA-01A,1.0,0.0,0.0,0.0,0.0
8,98341339,-,8,98474711,+,CHOL,158,TCGA-3X-AAVA-01A,TCGA-3X-AAVA-01A,1.0,0.0,0.0,0.0,0.0
8,117909837,+,8,118056192,-,CHOL,159,TCGA-3X-AAVA-01A,TCGA-3X-AAVA-01A,1.0,0.0,0.0,0.0,0.0
8,136015074,+,8,136017508,-,CHOL,160,TCGA-3X-AAVA-01A,TCGA-3X-AAVA-01A,1.0,0.0,0.0,0.0,0.0
9,21968397,+,9,22130968,-,CHOL,161,TCGA-3X-AAVA-01A,TCGA-3X-AAVA-01A,1.0,0.0,0.0,0.0,0.0
9,21973468,+,9,22011304,-,CHOL,162,TCGA-3X-AAVA-01A,TCGA-3X-AAVA-01A,1.0,0.0,0.0,0.0,0.0
9,22705842,+,9,23259433,-,CHOL,163,TCGA-3X-AAVA-01A,TCGA-3X-AAVA-01A,1.0,0.0,0.0,0.0,0.0
9,101361947,+,9,101381289,-,CHOL,164,TCGA-3X-AAVA-01A,TCGA-3X-AAVA-01A,1.0,0.0,0.0,0.0,0.0
9,109671210,-,9,109675385,+,CHOL,165,TCGA-3X-AAVA-01A,TCGA-3X-AAVA-01A,1.0,0.0,0.0,0.0,0.0
23,16654207,-,23,16676270,+,CHOL,166,TCGA-3X-AAVA-01A,TCGA-3X-AAVA-01A,1.0,0.0,0.0,0.0,0.0
23,130799096,+,23,130896312,-,CHOL,167,TCGA-3X-AAVA-01A,TCGA-3X-AAVA-01A,1.0,0.0,0.0,0.0,0.0
1,11373885,+,13,30844972,-,CHOL,168,TCGA-3X-AAVB-01A,TCGA-3X-AAVB-01A,1.0,0.0,0.0,0.0,0.0
1,85996496,+,17,82725953,-,CHOL,169,TCGA-3X-AAVB-01A,TCGA-3X-AAVB-01A,1.0,0.0,0.0,0.0,0.0
1,124791568,+,1,124837641,-,CHOL,170,TCGA-3X-AAVB-01A,TCGA-3X-AAVB-01A,1.0,0.0,0.0,0.0,0.0
10,119147313,-,10,119147494,+,CHOL,171,TCGA-3X-AAVB-01A,TCGA-3X-AAVB-01A,1.0,0.0,0.0,0.0,0.0
11,103021198,+,11,103051146,-,CHOL,172,TCGA-3X-AAVB-01A,TCGA-3X-AAVB-01A,1.0,0.0,0.0,0.0,0.0
12,34948410,+,12,35184990,-,CHOL,173,TCGA-3X-AAVB-01A,TCGA-3X-AAVB-01A,1.0,0.0,0.0,0.0,0.0
13,78297201,+,13,79061693,-,CHOL,174,TCGA-3X-AAVB-01A,TCGA-3X-AAVB-01A,1.0,0.0,0.0,0.0,0.0
13,78297384,-,13,79086659,-,CHOL,175,TCGA-3X-AAVB-01A,TCGA-3X-AAVB-01A,1.0,0.0,0.0,0.0,0.0
13,78329449,+,13,78945567,+,CHOL,176,TCGA-3X-AAVB-01A,TCGA-3X-AAVB-01A,1.0,0.0,0.0,0.0,0.0
13,78329479,-,13,79077837,+,CHOL,177,TCGA-3X-AAVB-01A,TCGA-3X-AAVB-01A,1.0,0.0,0.0,0.0,0.0
16,55575413,+,16,55603750,-,CHOL,178,TCGA-3X-AAVB-01A,TCGA-3X-AAVB-01A,1.0,0.0,0.0,0.0,0.0
17,22707513,-,17,79166993,-,CHOL,179,TCGA-3X-AAVB-01A,TCGA-3X-AAVB-01A,1.0,0.0,0.0,0.0,0.0
17,22707683,-,17,79167522,+,CHOL,180,TCGA-3X-AAVB-01A,TCGA-3X-AAVB-01A,1.0,0.0,0.0,0.0,0.0
17,22707688,+,17,79475893,-,CHOL,181,TCGA-3X-AAVB-01A,TCGA-3X-AAVB-01A,1.0,0.0,0.0,0.0,0.0
17,53824315,+,17,79167522,+,CHOL,182,TCGA-3X-AAVB-01A,TCGA-3X-AAVB-01A,1.0,0.0,0.0,0.0,0.0
17,79166994,-,17,79475894,-,CHOL,183,TCGA-3X-AAVB-01A,TCGA-3X-AAVB-01A,1.0,0.0,0.0,0.0,0.0
18,24810647,+,18,24990165,+,CHOL,184,TCGA-3X-AAVB-01A,TCGA-3X-AAVB-01A,1.0,0.0,0.0,0.0,0.0
18,26268650,+,18,30650434,-,CHOL,185,TCGA-3X-AAVB-01A,TCGA-3X-AAVB-01A,1.0,0.0,0.0,0.0,0.0
18,31865906,-,18,32182350,+,CHOL,186,TCGA-3X-AAVB-01A,TCGA-3X-AAVB-01A,1.0,0.0,0.0,0.0,0.0
18,50997361,+,18,51032816,-,CHOL,187,TCGA-3X-AAVB-01A,TCGA-3X-AAVB-01A,1.0,0.0,0.0,0.0,0.0
2,10680487,+,4,48659902,-,CHOL,188,TCGA-3X-AAVB-01A,TCGA-3X-AAVB-01A,1.0,0.0,0.0,0.0,0.0
2,94557678,-,2,132218879,+,CHOL,189,TCGA-3X-AAVB-01A,TCGA-3X-AAVB-01A,1.0,0.0,0.0,0.0,0.0
2,194837878,+,2,194842898,-,CHOL,190,TCGA-3X-AAVB-01A,TCGA-3X-AAVB-01A,1.0,0.0,0.0,0.0,0.0
2,230705180,-,2,230711809,+,CHOL,191,TCGA-3X-AAVB-01A,TCGA-3X-AAVB-01A,1.0,0.0,0.0,0.0,0.0
20,395925,+,20,19478627,-,CHOL,192,TCGA-3X-AAVB-01A,TCGA-3X-AAVB-01A,1.0,0.0,0.0,0.0,0.0
3,90870612,+,3,90896098,-,CHOL,193,TCGA-3X-AAVB-01A,TCGA-3X-AAVB-01A,1.0,0.0,0.0,0.0,0.0
3,114975125,+,6,63534782,-,CHOL,194,TCGA-3X-AAVB-01A,TCGA-3X-AAVB-01A,1.0,0.0,0.0,0.0,0.0
5,92576398,-,19,24403048,-,CHOL,195,TCGA-3X-AAVB-01A,TCGA-3X-AAVB-01A,1.0,0.0,0.0,0.0,0.0
6,52432136,-,18,14400194,-,CHOL,196,TCGA-3X-AAVB-01A,TCGA-3X-AAVB-01A,1.0,0.0,0.0,0.0,0.0
6,55664546,-,18,33861272,+,CHOL,197,TCGA-3X-AAVB-01A,TCGA-3X-AAVB-01A,1.0,0.0,0.0,0.0,0.0
6,60565413,+,18,25227684,-,CHOL,198,TCGA-3X-AAVB-01A,TCGA-3X-AAVB-01A,1.0,0.0,0.0,0.0,0.0
6,60570610,-,18,33900104,-,CHOL,199,TCGA-3X-AAVB-01A,TCGA-3X-AAVB-01A,1.0,0.0,0.0,0.0,0.0
6,60724517,+,18,33904302,+,CHOL,200,TCGA-3X-AAVB-01A,TCGA-3X-AAVB-01A,1.0,0.0,0.0,0.0,0.0
6,60731778,-,18,33898467,-,CHOL,201,TCGA-3X-AAVB-01A,TCGA-3X-AAVB-01A,1.0,0.0,0.0,0.0,0.0
6,61257746,+,18,33886554,+,CHOL,202,TCGA-3X-AAVB-01A,TCGA-3X-AAVB-01A,1.0,0.0,0.0,0.0,0.0
7,59826520,-,7,60735817,+,CHOL,203,TCGA-3X-AAVB-01A,TCGA-3X-AAVB-01A,1.0,0.0,0.0,0.0,0.0
7,79866006,-,7,80625461,+,CHOL,204,TCGA-3X-AAVB-01A,TCGA-3X-AAVB-01A,1.0,0.0,0.0,0.0,0.0
7,94222882,+,7,94233024,-,CHOL,205,TCGA-3X-AAVB-01A,TCGA-3X-AAVB-01A,1.0,0.0,0.0,0.0,0.0
7,94472196,+,7,94487439,+,CHOL,206,TCGA-3X-AAVB-01A,TCGA-3X-AAVB-01A,1.0,0.0,0.0,0.0,0.0
7,94489522,+,7,94491931,-,CHOL,207,TCGA-3X-AAVB-01A,TCGA-3X-AAVB-01A,1.0,0.0,0.0,0.0,0.0
7,94528823,+,7,94551768,-,CHOL,208,TCGA-3X-AAVB-01A,TCGA-3X-AAVB-01A,1.0,0.0,0.0,0.0,0.0
7,97061037,+,7,102919427,+,CHOL,209,TCGA-3X-AAVB-01A,TCGA-3X-AAVB-01A,1.0,0.0,0.0,0.0,0.0
8,14595757,-,8,14603721,+,CHOL,210,TCGA-3X-AAVB-01A,TCGA-3X-AAVB-01A,1.0,0.0,0.0,0.0,0.0
8,59854149,+,8,59855700,-,CHOL,211,TCGA-3X-AAVB-01A,TCGA-3X-AAVB-01A,1.0,0.0,0.0,0.0,0.0
8,83639017,+,8,83647296,-,CHOL,212,TCGA-3X-AAVB-01A,TCGA-3X-AAVB-01A,1.0,0.0,0.0,0.0,0.0
9,21727411,+,9,22009778,-,CHOL,213,TCGA-3X-AAVB-01A,TCGA-3X-AAVB-01A,1.0,0.0,0.0,0.0,0.0
9,43650549,-,9,44369947,+,CHOL,214,TCGA-3X-AAVB-01A,TCGA-3X-AAVB-01A,1.0,0.0,0.0,0.0,0.0
9,130001086,+,9,130003571,+,CHOL,215,TCGA-3X-AAVB-01A,TCGA-3X-AAVB-01A,1.0,0.0,0.0,0.0,0.0
9,130001558,-,9,130624817,-,CHOL,216,TCGA-3X-AAVB-01A,TCGA-3X-AAVB-01A,1.0,0.0,0.0,0.0,0.0
23,108155836,+,23,108168610,-,CHOL,217,TCGA-3X-AAVB-01A,TCGA-3X-AAVB-01A,1.0,0.0,0.0,0.0,0.0
10,43030470,+,10,44550463,-,CHOL,218,TCGA-3X-AAVC-01A,TCGA-3X-AAVC-01A,1.0,0.0,0.0,0.0,0.0
10,44551582,+,10,44808329,-,CHOL,219,TCGA-3X-AAVC-01A,TCGA-3X-AAVC-01A,1.0,0.0,0.0,0.0,0.0
11,39014872,-,11,93427495,-,CHOL,220,TCGA-3X-AAVC-01A,TCGA-3X-AAVC-01A,1.0,0.0,0.0,0.0,0.0
11,39014876,+,11,93427817,+,CHOL,221,TCGA-3X-AAVC-01A,TCGA-3X-AAVC-01A,1.0,0.0,0.0,0.0,0.0
11,40411875,+,11,40514485,-,CHOL,222,TCGA-3X-AAVC-01A,TCGA-3X-AAVC-01A,1.0,0.0,0.0,0.0,0.0
11,48350083,-,11,120361947,+,CHOL,223,TCGA-3X-AAVC-01A,TCGA-3X-AAVC-01A,1.0,0.0,0.0,0.0,0.0
11,67576599,-,18,9471370,-,CHOL,224,TCGA-3X-AAVC-01A,TCGA-3X-AAVC-01A,1.0,0.0,0.0,0.0,0.0
11,67576979,+,11,67583469,-,CHOL,225,TCGA-3X-AAVC-01A,TCGA-3X-AAVC-01A,1.0,0.0,0.0,0.0,0.0
11,68680088,+,11,78315287,+,CHOL,226,TCGA-3X-AAVC-01A,TCGA-3X-AAVC-01A,1.0,0.0,0.0,0.0,0.0
11,68680130,-,11,116822675,-,CHOL,227,TCGA-3X-AAVC-01A,TCGA-3X-AAVC-01A,1.0,0.0,0.0,0.0,0.0
11,71294383,-,11,123057770,+,CHOL,228,TCGA-3X-AAVC-01A,TCGA-3X-AAVC-01A,1.0,0.0,0.0,0.0,0.0
11,71442744,+,11,81428138,-,CHOL,229,TCGA-3X-AAVC-01A,TCGA-3X-AAVC-01A,1.0,0.0,0.0,0.0,0.0
11,71445525,-,12,57863078,+,CHOL,230,TCGA-3X-AAVC-01A,TCGA-3X-AAVC-01A,1.0,0.0,0.0,0.0,0.0
11,71446937,+,11,111342276,+,CHOL,231,TCGA-3X-AAVC-01A,TCGA-3X-AAVC-01A,1.0,0.0,0.0,0.0,0.0
11,71447245,-,11,93877111,-,CHOL,232,TCGA-3X-AAVC-01A,TCGA-3X-AAVC-01A,1.0,0.0,0.0,0.0,0.0
11,71451710,+,11,122649933,+,CHOL,233,TCGA-3X-AAVC-01A,TCGA-3X-AAVC-01A,1.0,0.0,0.0,0.0,0.0
11,71453755,-,11,122644534,+,CHOL,234,TCGA-3X-AAVC-01A,TCGA-3X-AAVC-01A,1.0,0.0,0.0,0.0,0.0
11,71457618,+,11,109969672,-,CHOL,235,TCGA-3X-AAVC-01A,TCGA-3X-AAVC-01A,1.0,0.0,0.0,0.0,0.0
11,71461884,+,11,110007657,-,CHOL,236,TCGA-3X-AAVC-01A,TCGA-3X-AAVC-01A,1.0,0.0,0.0,0.0,0.0
11,71466877,+,12,58413305,-,CHOL,237,TCGA-3X-AAVC-01A,TCGA-3X-AAVC-01A,1.0,0.0,0.0,0.0,0.0
11,71473030,-,11,122651687,-,CHOL,238,TCGA-3X-AAVC-01A,TCGA-3X-AAVC-01A,1.0,0.0,0.0,0.0,0.0
11,71473425,+,11,80700990,-,CHOL,239,TCGA-3X-AAVC-01A,TCGA-3X-AAVC-01A,1.0,0.0,0.0,0.0,0.0
11,71580355,-,11,122948029,+,CHOL,240,TCGA-3X-AAVC-01A,TCGA-3X-AAVC-01A,1.0,0.0,0.0,0.0,0.0
11,71625813,-,11,106872823,-,CHOL,241,TCGA-3X-AAVC-01A,TCGA-3X-AAVC-01A,1.0,0.0,0.0,0.0,0.0
11,71627048,-,11,80709297,+,CHOL,242,TCGA-3X-AAVC-01A,TCGA-3X-AAVC-01A,1.0,0.0,0.0,0.0,0.0
11,71627977,+,11,110006951,+,CHOL,243,TCGA-3X-AAVC-01A,TCGA-3X-AAVC-01A,1.0,0.0,0.0,0.0,0.0
11,71628888,-,11,122564337,+,CHOL,244,TCGA-3X-AAVC-01A,TCGA-3X-AAVC-01A,1.0,0.0,0.0,0.0,0.0
11,78303915,-,11,114610530,+,CHOL,245,TCGA-3X-AAVC-01A,TCGA-3X-AAVC-01A,1.0,0.0,0.0,0.0,0.0
11,79750365,-,11,81256753,-,CHOL,246,TCGA-3X-AAVC-01A,TCGA-3X-AAVC-01A,1.0,0.0,0.0,0.0,0.0
11,80690556,-,11,122784095,-,CHOL,247,TCGA-3X-AAVC-01A,TCGA-3X-AAVC-01A,1.0,0.0,0.0,0.0,0.0
11,80693990,+,11,122562561,-,CHOL,248,TCGA-3X-AAVC-01A,TCGA-3X-AAVC-01A,1.0,0.0,0.0,0.0,0.0
11,80705651,+,11,111355959,-,CHOL,249,TCGA-3X-AAVC-01A,TCGA-3X-AAVC-01A,1.0,0.0,0.0,0.0,0.0
11,80706781,-,11,122655265,+,CHOL,250,TCGA-3X-AAVC-01A,TCGA-3X-AAVC-01A,1.0,0.0,0.0,0.0,0.0
11,80708552,-,11,81421306,+,CHOL,251,TCGA-3X-AAVC-01A,TCGA-3X-AAVC-01A,1.0,0.0,0.0,0.0,0.0
11,80834062,-,11,122594441,-,CHOL,252,TCGA-3X-AAVC-01A,TCGA-3X-AAVC-01A,1.0,0.0,0.0,0.0,0.0
11,80840710,-,11,110039047,+,CHOL,253,TCGA-3X-AAVC-01A,TCGA-3X-AAVC-01A,1.0,0.0,0.0,0.0,0.0
11,81259902,+,12,58424591,+,CHOL,254,TCGA-3X-AAVC-01A,TCGA-3X-AAVC-01A,1.0,0.0,0.0,0.0,0.0
11,81274702,-,11,106873262,+,CHOL,255,TCGA-3X-AAVC-01A,TCGA-3X-AAVC-01A,1.0,0.0,0.0,0.0,0.0
11,81275634,+,11,110038843,-,CHOL,256,TCGA-3X-AAVC-01A,TCGA-3X-AAVC-01A,1.0,0.0,0.0,0.0,0.0
11,81407731,+,11,81426729,+,CHOL,257,TCGA-3X-AAVC-01A,TCGA-3X-AAVC-01A,1.0,0.0,0.0,0.0,0.0
11,81427138,-,11,110019414,-,CHOL,258,TCGA-3X-AAVC-01A,TCGA-3X-AAVC-01A,1.0,0.0,0.0,0.0,0.0
11,81427858,+,11,106886796,+,CHOL,259,TCGA-3X-AAVC-01A,TCGA-3X-AAVC-01A,1.0,0.0,0.0,0.0,0.0
11,81428922,+,11,93871873,-,CHOL,260,TCGA-3X-AAVC-01A,TCGA-3X-AAVC-01A,1.0,0.0,0.0,0.0,0.0
11,81432423,-,11,122595352,+,CHOL,261,TCGA-3X-AAVC-01A,TCGA-3X-AAVC-01A,1.0,0.0,0.0,0.0,0.0
11,81445746,-,11,106965443,+,CHOL,262,TCGA-3X-AAVC-01A,TCGA-3X-AAVC-01A,1.0,0.0,0.0,0.0,0.0
11,81445917,+,11,122784248,-,CHOL,263,TCGA-3X-AAVC-01A,TCGA-3X-AAVC-01A,1.0,0.0,0.0,0.0,0.0
11,81482216,+,11,122635113,-,CHOL,264,TCGA-3X-AAVC-01A,TCGA-3X-AAVC-01A,1.0,0.0,0.0,0.0,0.0
11,81482513,-,11,122711615,+,CHOL,265,TCGA-3X-AAVC-01A,TCGA-3X-AAVC-01A,1.0,0.0,0.0,0.0,0.0
11,93891501,+,12,57855451,+,CHOL,266,TCGA-3X-AAVC-01A,TCGA-3X-AAVC-01A,1.0,0.0,0.0,0.0,0.0
11,93891836,-,11,122663253,+,CHOL,267,TCGA-3X-AAVC-01A,TCGA-3X-AAVC-01A,1.0,0.0,0.0,0.0,0.0
11,96416495,-,11,96430388,-,CHOL,268,TCGA-3X-AAVC-01A,TCGA-3X-AAVC-01A,1.0,0.0,0.0,0.0,0.0
11,106886718,-,11,106893171,+,CHOL,269,TCGA-3X-AAVC-01A,TCGA-3X-AAVC-01A,1.0,0.0,0.0,0.0,0.0
11,106944598,-,11,122541465,-,CHOL,270,TCGA-3X-AAVC-01A,TCGA-3X-AAVC-01A,1.0,0.0,0.0,0.0,0.0
11,111358794,+,12,57856444,+,CHOL,271,TCGA-3X-AAVC-01A,TCGA-3X-AAVC-01A,1.0,0.0,0.0,0.0,0.0
11,122585180,-,11,122919023,-,CHOL,272,TCGA-3X-AAVC-01A,TCGA-3X-AAVC-01A,1.0,0.0,0.0,0.0,0.0
11,122605148,+,12,57024622,-,CHOL,273,TCGA-3X-AAVC-01A,TCGA-3X-AAVC-01A,1.0,0.0,0.0,0.0,0.0
11,122626159,-,12,57025464,+,CHOL,274,TCGA-3X-AAVC-01A,TCGA-3X-AAVC-01A,1.0,0.0,0.0,0.0,0.0
11,122643971,-,11,122725010,+,CHOL,275,TCGA-3X-AAVC-01A,TCGA-3X-AAVC-01A,1.0,0.0,0.0,0.0,0.0
11,122646762,-,11,122667597,+,CHOL,276,TCGA-3X-AAVC-01A,TCGA-3X-AAVC-01A,1.0,0.0,0.0,0.0,0.0
11,122647398,-,11,122794661,+,CHOL,277,TCGA-3X-AAVC-01A,TCGA-3X-AAVC-01A,1.0,0.0,0.0,0.0,0.0
11,122663573,-,11,122794251,-,CHOL,278,TCGA-3X-AAVC-01A,TCGA-3X-AAVC-01A,1.0,0.0,0.0,0.0,0.0
12,57023751,+,12,57855333,-,CHOL,279,TCGA-3X-AAVC-01A,TCGA-3X-AAVC-01A,1.0,0.0,0.0,0.0,0.0
12,118295106,-,14,81129699,-,CHOL,280,TCGA-3X-AAVC-01A,TCGA-3X-AAVC-01A,1.0,0.0,0.0,0.0,0.0
13,17432076,+,13,18028810,-,CHOL,281,TCGA-3X-AAVC-01A,TCGA-3X-AAVC-01A,1.0,0.0,0.0,0.0,0.0
14,54863871,+,19,8582057,+,CHOL,282,TCGA-3X-AAVC-01A,TCGA-3X-AAVC-01A,1.0,0.0,0.0,0.0,0.0
14,94549710,+,19,34589130,-,CHOL,283,TCGA-3X-AAVC-01A,TCGA-3X-AAVC-01A,1.0,0.0,0.0,0.0,0.0
16,6358394,+,16,6800420,-,CHOL,284,TCGA-3X-AAVC-01A,TCGA-3X-AAVC-01A,1.0,0.0,0.0,0.0,0.0
16,6976121,+,16,7128979,-,CHOL,285,TCGA-3X-AAVC-01A,TCGA-3X-AAVC-01A,1.0,0.0,0.0,0.0,0.0
17,16025699,-,17,22469488,+,CHOL,286,TCGA-3X-AAVC-01A,TCGA-3X-AAVC-01A,1.0,0.0,0.0,0.0,0.0
17,22471853,-,17,44158755,-,CHOL,287,TCGA-3X-AAVC-01A,TCGA-3X-AAVC-01A,1.0,0.0,0.0,0.0,0.0
17,22693534,+,17,43885821,-,CHOL,288,TCGA-3X-AAVC-01A,TCGA-3X-AAVC-01A,1.0,0.0,0.0,0.0,0.0
17,37662636,-,17,37670804,-,CHOL,289,TCGA-3X-AAVC-01A,TCGA-3X-AAVC-01A,1.0,0.0,0.0,0.0,0.0
17,37722867,+,17,37786469,+,CHOL,290,TCGA-3X-AAVC-01A,TCGA-3X-AAVC-01A,1.0,0.0,0.0,0.0,0.0
17,37745796,+,17,37755641,+,CHOL,291,TCGA-3X-AAVC-01A,TCGA-3X-AAVC-01A,1.0,0.0,0.0,0.0,0.0
17,37789323,+,17,37789439,+,CHOL,292,TCGA-3X-AAVC-01A,TCGA-3X-AAVC-01A,1.0,0.0,0.0,0.0,0.0
18,13197911,-,18,23380492,-,CHOL,293,TCGA-3X-AAVC-01A,TCGA-3X-AAVC-01A,1.0,0.0,0.0,0.0,0.0
18,15472529,-,18,15629301,+,CHOL,294,TCGA-3X-AAVC-01A,TCGA-3X-AAVC-01A,1.0,0.0,0.0,0.0,0.0
18,23380490,+,18,23381521,+,CHOL,295,TCGA-3X-AAVC-01A,TCGA-3X-AAVC-01A,1.0,0.0,0.0,0.0,0.0
18,25402631,+,18,26727441,-,CHOL,296,TCGA-3X-AAVC-01A,TCGA-3X-AAVC-01A,1.0,0.0,0.0,0.0,0.0
19,28468942,-,19,28469995,-,CHOL,297,TCGA-3X-AAVC-01A,TCGA-3X-AAVC-01A,1.0,0.0,0.0,0.0,0.0
19,31594907,-,19,31968321,-,CHOL,298,TCGA-3X-AAVC-01A,TCGA-3X-AAVC-01A,1.0,0.0,0.0,0.0,0.0
19,31603294,+,19,35739164,+,CHOL,299,TCGA-3X-AAVC-01A,TCGA-3X-AAVC-01A,1.0,0.0,0.0,0.0,0.0
19,32397950,+,19,32528643,-,CHOL,300,TCGA-3X-AAVC-01A,TCGA-3X-AAVC-01A,1.0,0.0,0.0,0.0,0.0
19,34596826,+,19,35723567,+,CHOL,301,TCGA-3X-AAVC-01A,TCGA-3X-AAVC-01A,1.0,0.0,0.0,0.0,0.0
19,43059942,-,19,43062246,-,CHOL,302,TCGA-3X-AAVC-01A,TCGA-3X-AAVC-01A,1.0,0.0,0.0,0.0,0.0
19,52622535,-,19,52634621,-,CHOL,303,TCGA-3X-AAVC-01A,TCGA-3X-AAVC-01A,1.0,0.0,0.0,0.0,0.0
19,52634570,+,19,55650636,+,CHOL,304,TCGA-3X-AAVC-01A,TCGA-3X-AAVC-01A,1.0,0.0,0.0,0.0,0.0
19,52645425,-,19,57333152,+,CHOL,305,TCGA-3X-AAVC-01A,TCGA-3X-AAVC-01A,1.0,0.0,0.0,0.0,0.0
19,52645430,+,19,52645604,+,CHOL,306,TCGA-3X-AAVC-01A,TCGA-3X-AAVC-01A,1.0,0.0,0.0,0.0,0.0
19,52901260,-,19,53564876,+,CHOL,307,TCGA-3X-AAVC-01A,TCGA-3X-AAVC-01A,1.0,0.0,0.0,0.0,0.0
19,52904260,+,19,52904366,+,CHOL,308,TCGA-3X-AAVC-01A,TCGA-3X-AAVC-01A,1.0,0.0,0.0,0.0,0.0
19,52904261,-,19,52904367,-,CHOL,309,TCGA-3X-AAVC-01A,TCGA-3X-AAVC-01A,1.0,0.0,0.0,0.0,0.0
19,52964057,-,19,55919656,-,CHOL,310,TCGA-3X-AAVC-01A,TCGA-3X-AAVC-01A,1.0,0.0,0.0,0.0,0.0
19,53947714,-,19,57089385,+,CHOL,311,TCGA-3X-AAVC-01A,TCGA-3X-AAVC-01A,1.0,0.0,0.0,0.0,0.0
19,54115705,+,19,56913362,+,CHOL,312,TCGA-3X-AAVC-01A,TCGA-3X-AAVC-01A,1.0,0.0,0.0,0.0,0.0
19,54578207,-,19,54579948,-,CHOL,313,TCGA-3X-AAVC-01A,TCGA-3X-AAVC-01A,1.0,0.0,0.0,0.0,0.0
19,55609930,+,19,55610150,+,CHOL,314,TCGA-3X-AAVC-01A,TCGA-3X-AAVC-01A,1.0,0.0,0.0,0.0,0.0
19,55610149,-,19,57335948,+,CHOL,315,TCGA-3X-AAVC-01A,TCGA-3X-AAVC-01A,1.0,0.0,0.0,0.0,0.0
19,55957107,+,19,57131280,+,CHOL,316,TCGA-3X-AAVC-01A,TCGA-3X-AAVC-01A,1.0,0.0,0.0,0.0,0.0
19,56913478,-,22,16950177,+,CHOL,317,TCGA-3X-AAVC-01A,TCGA-3X-AAVC-01A,1.0,0.0,0.0,0.0,0.0
19,57094839,+,19,57107256,+,CHOL,318,TCGA-3X-AAVC-01A,TCGA-3X-AAVC-01A,1.0,0.0,0.0,0.0,0.0
19,57107109,-,19,57107250,-,CHOL,319,TCGA-3X-AAVC-01A,TCGA-3X-AAVC-01A,1.0,0.0,0.0,0.0,0.0
2,66576315,+,2,66742340,-,CHOL,320,TCGA-3X-AAVC-01A,TCGA-3X-AAVC-01A,1.0,0.0,0.0,0.0,0.0
2,136260165,+,14,89608204,-,CHOL,321,TCGA-3X-AAVC-01A,TCGA-3X-AAVC-01A,1.0,0.0,0.0,0.0,0.0
2,222866746,-,23,40099236,-,CHOL,322,TCGA-3X-AAVC-01A,TCGA-3X-AAVC-01A,1.0,0.0,0.0,0.0,0.0
20,14727199,-,20,14728073,+,CHOL,323,TCGA-3X-AAVC-01A,TCGA-3X-AAVC-01A,1.0,0.0,0.0,0.0,0.0
20,21928474,-,20,21928764,-,CHOL,324,TCGA-3X-AAVC-01A,TCGA-3X-AAVC-01A,1.0,0.0,0.0,0.0,0.0
3,49045190,-,3,49049951,+,CHOL,325,TCGA-3X-AAVC-01A,TCGA-3X-AAVC-01A,1.0,0.0,0.0,0.0,0.0
3,87204160,-,3,91159750,+,CHOL,326,TCGA-3X-AAVC-01A,TCGA-3X-AAVC-01A,1.0,0.0,0.0,0.0,0.0
3,89524574,+,3,90249937,+,CHOL,327,TCGA-3X-AAVC-01A,TCGA-3X-AAVC-01A,1.0,0.0,0.0,0.0,0.0
3,89529410,-,18,29284016,+,CHOL,328,TCGA-3X-AAVC-01A,TCGA-3X-AAVC-01A,1.0,0.0,0.0,0.0,0.0
3,90986117,-,3,91107781,+,CHOL,329,TCGA-3X-AAVC-01A,TCGA-3X-AAVC-01A,1.0,0.0,0.0,0.0,0.0
4,82178020,+,4,82300416,+,CHOL,330,TCGA-3X-AAVC-01A,TCGA-3X-AAVC-01A,1.0,0.0,0.0,0.0,0.0
4,90835300,+,4,90927217,-,CHOL,331,TCGA-3X-AAVC-01A,TCGA-3X-AAVC-01A,1.0,0.0,0.0,0.0,0.0
4,135633461,-,6,68454004,+,CHOL,332,TCGA-3X-AAVC-01A,TCGA-3X-AAVC-01A,1.0,0.0,0.0,0.0,0.0
5,12942,-,5,18401,-,CHOL,333,TCGA-3X-AAVC-01A,TCGA-3X-AAVC-01A,1.0,0.0,0.0,0.0,0.0
5,304313,-,5,306367,-,CHOL,334,TCGA-3X-AAVC-01A,TCGA-3X-AAVC-01A,1.0,0.0,0.0,0.0,0.0
5,682250,-,5,778773,-,CHOL,335,TCGA-3X-AAVC-01A,TCGA-3X-AAVC-01A,1.0,0.0,0.0,0.0,0.0
5,758074,+,5,849315,+,CHOL,336,TCGA-3X-AAVC-01A,TCGA-3X-AAVC-01A,1.0,0.0,0.0,0.0,0.0
5,1053990,+,5,1057402,+,CHOL,337,TCGA-3X-AAVC-01A,TCGA-3X-AAVC-01A,1.0,0.0,0.0,0.0,0.0
5,10270069,-,5,10277138,-,CHOL,338,TCGA-3X-AAVC-01A,TCGA-3X-AAVC-01A,1.0,0.0,0.0,0.0,0.0
5,13025479,-,5,13026489,-,CHOL,339,TCGA-3X-AAVC-01A,TCGA-3X-AAVC-01A,1.0,0.0,0.0,0.0,0.0
5,13462922,+,5,13464877,+,CHOL,340,TCGA-3X-AAVC-01A,TCGA-3X-AAVC-01A,1.0,0.0,0.0,0.0,0.0
6,27483314,-,11,82576405,+,CHOL,341,TCGA-3X-AAVC-01A,TCGA-3X-AAVC-01A,1.0,0.0,0.0,0.0,0.0
6,27530106,-,6,44333218,+,CHOL,342,TCGA-3X-AAVC-01A,TCGA-3X-AAVC-01A,1.0,0.0,0.0,0.0,0.0
6,27776085,+,17,38723698,+,CHOL,343,TCGA-3X-AAVC-01A,TCGA-3X-AAVC-01A,1.0,0.0,0.0,0.0,0.0
6,27886740,-,6,27889377,-,CHOL,344,TCGA-3X-AAVC-01A,TCGA-3X-AAVC-01A,1.0,0.0,0.0,0.0,0.0
6,27980412,-,6,41943524,-,CHOL,345,TCGA-3X-AAVC-01A,TCGA-3X-AAVC-01A,1.0,0.0,0.0,0.0,0.0
6,28450366,-,6,28462616,-,CHOL,346,TCGA-3X-AAVC-01A,TCGA-3X-AAVC-01A,1.0,0.0,0.0,0.0,0.0
6,28538646,+,11,43513969,+,CHOL,347,TCGA-3X-AAVC-01A,TCGA-3X-AAVC-01A,1.0,0.0,0.0,0.0,0.0
6,28997294,-,6,43267241,-,CHOL,348,TCGA-3X-AAVC-01A,TCGA-3X-AAVC-01A,1.0,0.0,0.0,0.0,0.0
6,29152289,-,21,33005625,-,CHOL,349,TCGA-3X-AAVC-01A,TCGA-3X-AAVC-01A,1.0,0.0,0.0,0.0,0.0
6,29220111,+,6,41737512,-,CHOL,350,TCGA-3X-AAVC-01A,TCGA-3X-AAVC-01A,1.0,0.0,0.0,0.0,0.0
6,41894100,-,6,42109629,+,CHOL,351,TCGA-3X-AAVC-01A,TCGA-3X-AAVC-01A,1.0,0.0,0.0,0.0,0.0
6,42109601,+,6,42110400,+,CHOL,352,TCGA-3X-AAVC-01A,TCGA-3X-AAVC-01A,1.0,0.0,0.0,0.0,0.0
6,43071029,+,11,117146013,+,CHOL,353,TCGA-3X-AAVC-01A,TCGA-3X-AAVC-01A,1.0,0.0,0.0,0.0,0.0
6,44087149,-,6,44132746,-,CHOL,354,TCGA-3X-AAVC-01A,TCGA-3X-AAVC-01A,1.0,0.0,0.0,0.0,0.0
6,44254262,+,6,44273174,+,CHOL,355,TCGA-3X-AAVC-01A,TCGA-3X-AAVC-01A,1.0,0.0,0.0,0.0,0.0
6,44254648,+,6,44273170,+,CHOL,356,TCGA-3X-AAVC-01A,TCGA-3X-AAVC-01A,1.0,0.0,0.0,0.0,0.0
6,51054693,-,20,21928768,+,CHOL,357,TCGA-3X-AAVC-01A,TCGA-3X-AAVC-01A,1.0,0.0,0.0,0.0,0.0
6,64547045,+,6,64665299,-,CHOL,358,TCGA-3X-AAVC-01A,TCGA-3X-AAVC-01A,1.0,0.0,0.0,0.0,0.0
6,122284727,-,22,28670133,+,CHOL,359,TCGA-3X-AAVC-01A,TCGA-3X-AAVC-01A,1.0,0.0,0.0,0.0,0.0
6,122284743,+,22,28669565,-,CHOL,360,TCGA-3X-AAVC-01A,TCGA-3X-AAVC-01A,1.0,0.0,0.0,0.0,0.0
7,111089885,+,7,111158270,-,CHOL,361,TCGA-3X-AAVC-01A,TCGA-3X-AAVC-01A,1.0,0.0,0.0,0.0,0.0
8,32985590,+,8,32986585,+,CHOL,362,TCGA-3X-AAVC-01A,TCGA-3X-AAVC-01A,1.0,0.0,0.0,0.0,0.0
8,36948767,-,8,36950443,-,CHOL,363,TCGA-3X-AAVC-01A,TCGA-3X-AAVC-01A,1.0,0.0,0.0,0.0,0.0
8,39716569,-,8,48295209,+,CHOL,364,TCGA-3X-AAVC-01A,TCGA-3X-AAVC-01A,1.0,0.0,0.0,0.0,0.0
8,39985749,+,8,40381164,+,CHOL,365,TCGA-3X-AAVC-01A,TCGA-3X-AAVC-01A,1.0,0.0,0.0,0.0,0.0
8,40223806,+,8,46265660,+,CHOL,366,TCGA-3X-AAVC-01A,TCGA-3X-AAVC-01A,1.0,0.0,0.0,0.0,0.0
8,40405596,-,8,40962915,+,CHOL,367,TCGA-3X-AAVC-01A,TCGA-3X-AAVC-01A,1.0,0.0,0.0,0.0,0.0
8,46018854,+,8,46292585,-,CHOL,368,TCGA-3X-AAVC-01A,TCGA-3X-AAVC-01A,1.0,0.0,0.0,0.0,0.0
8,46159720,-,8,48517729,+,CHOL,369,TCGA-3X-AAVC-01A,TCGA-3X-AAVC-01A,1.0,0.0,0.0,0.0,0.0
8,46439595,+,8,48424285,-,CHOL,370,TCGA-3X-AAVC-01A,TCGA-3X-AAVC-01A,1.0,0.0,0.0,0.0,0.0
8,62942300,+,13,93510998,+,CHOL,371,TCGA-3X-AAVC-01A,TCGA-3X-AAVC-01A,1.0,0.0,0.0,0.0,0.0
9,6213892,-,11,64328565,-,CHOL,372,TCGA-3X-AAVC-01A,TCGA-3X-AAVC-01A,1.0,0.0,0.0,0.0,0.0
1,2828047,+,1,29536139,-,CHOL,373,TCGA-3X-AAVE-01A,TCGA-3X-AAVE-01A,1.0,0.0,0.0,0.0,0.0
1,16126183,+,1,16160867,-,CHOL,374,TCGA-3X-AAVE-01A,TCGA-3X-AAVE-01A,1.0,0.0,0.0,0.0,0.0
1,123844610,+,1,124335803,-,CHOL,375,TCGA-3X-AAVE-01A,TCGA-3X-AAVE-01A,1.0,0.0,0.0,0.0,0.0
1,147819683,-,1,157343118,+,CHOL,376,TCGA-3X-AAVE-01A,TCGA-3X-AAVE-01A,1.0,0.0,0.0,0.0,0.0
1,147819683,+,1,157343119,-,CHOL,377,TCGA-3X-AAVE-01A,TCGA-3X-AAVE-01A,1.0,0.0,0.0,0.0,0.0
1,216753196,+,5,8423317,-,CHOL,378,TCGA-3X-AAVE-01A,TCGA-3X-AAVE-01A,1.0,0.0,0.0,0.0,0.0
1,234510997,+,15,90349870,+,CHOL,379,TCGA-3X-AAVE-01A,TCGA-3X-AAVE-01A,1.0,0.0,0.0,0.0,0.0
10,13337022,-,10,16387859,-,CHOL,380,TCGA-3X-AAVE-01A,TCGA-3X-AAVE-01A,1.0,0.0,0.0,0.0,0.0
10,13337024,+,10,16387861,+,CHOL,381,TCGA-3X-AAVE-01A,TCGA-3X-AAVE-01A,1.0,0.0,0.0,0.0,0.0
10,120532821,+,10,120583314,-,CHOL,382,TCGA-3X-AAVE-01A,TCGA-3X-AAVE-01A,1.0,0.0,0.0,0.0,0.0
10,128125976,+,10,128139999,-,CHOL,383,TCGA-3X-AAVE-01A,TCGA-3X-AAVE-01A,1.0,0.0,0.0,0.0,0.0
11,41673278,-,11,41691030,-,CHOL,384,TCGA-3X-AAVE-01A,TCGA-3X-AAVE-01A,1.0,0.0,0.0,0.0,0.0
11,41673384,+,11,41683911,+,CHOL,385,TCGA-3X-AAVE-01A,TCGA-3X-AAVE-01A,1.0,0.0,0.0,0.0,0.0
11,41684006,+,11,41691030,-,CHOL,386,TCGA-3X-AAVE-01A,TCGA-3X-AAVE-01A,1.0,0.0,0.0,0.0,0.0
11,41698155,+,11,41744933,-,CHOL,387,TCGA-3X-AAVE-01A,TCGA-3X-AAVE-01A,1.0,0.0,0.0,0.0,0.0
12,67778129,+,12,68099607,-,CHOL,388,TCGA-3X-AAVE-01A,TCGA-3X-AAVE-01A,1.0,0.0,0.0,0.0,0.0
12,124687706,+,12,124689187,-,CHOL,389,TCGA-3X-AAVE-01A,TCGA-3X-AAVE-01A,1.0,0.0,0.0,0.0,0.0
13,16512556,-,13,16580812,+,CHOL,390,TCGA-3X-AAVE-01A,TCGA-3X-AAVE-01A,1.0,0.0,0.0,0.0,0.0
13,16704333,+,13,17363788,-,CHOL,391,TCGA-3X-AAVE-01A,TCGA-3X-AAVE-01A,1.0,0.0,0.0,0.0,0.0
13,17737988,-,13,17810399,+,CHOL,392,TCGA-3X-AAVE-01A,TCGA-3X-AAVE-01A,1.0,0.0,0.0,0.0,0.0
13,17840736,+,13,17887181,-,CHOL,393,TCGA-3X-AAVE-01A,TCGA-3X-AAVE-01A,1.0,0.0,0.0,0.0,0.0
14,50260750,-,14,50796477,-,CHOL,394,TCGA-3X-AAVE-01A,TCGA-3X-AAVE-01A,1.0,0.0,0.0,0.0,0.0
14,50291705,+,14,50787548,+,CHOL,395,TCGA-3X-AAVE-01A,TCGA-3X-AAVE-01A,1.0,0.0,0.0,0.0,0.0
14,50518094,+,14,51336953,-,CHOL,396,TCGA-3X-AAVE-01A,TCGA-3X-AAVE-01A,1.0,0.0,0.0,0.0,0.0
14,51337028,+,14,51371150,-,CHOL,397,TCGA-3X-AAVE-01A,TCGA-3X-AAVE-01A,1.0,0.0,0.0,0.0,0.0
14,55377875,+,14,55395144,-,CHOL,398,TCGA-3X-AAVE-01A,TCGA-3X-AAVE-01A,1.0,0.0,0.0,0.0,0.0
16,63466002,-,16,83370192,-,CHOL,399,TCGA-3X-AAVE-01A,TCGA-3X-AAVE-01A,1.0,0.0,0.0,0.0,0.0
16,63466004,+,16,83370192,+,CHOL,400,TCGA-3X-AAVE-01A,TCGA-3X-AAVE-01A,1.0,0.0,0.0,0.0,0.0
17,22822674,-,17,23180643,+,CHOL,401,TCGA-3X-AAVE-01A,TCGA-3X-AAVE-01A,1.0,0.0,0.0,0.0,0.0
17,78421694,+,17,78422788,-,CHOL,402,TCGA-3X-AAVE-01A,TCGA-3X-AAVE-01A,1.0,0.0,0.0,0.0,0.0
17,78904091,-,22,46766004,+,CHOL,403,TCGA-3X-AAVE-01A,TCGA-3X-AAVE-01A,1.0,0.0,0.0,0.0,0.0
18,15705000,+,18,15706712,-,CHOL,404,TCGA-3X-AAVE-01A,TCGA-3X-AAVE-01A,1.0,0.0,0.0,0.0,0.0
2,55359866,+,17,16161307,+,CHOL,405,TCGA-3X-AAVE-01A,TCGA-3X-AAVE-01A,1.0,0.0,0.0,0.0,0.0
2,140093263,+,17,55677644,+,CHOL,406,TCGA-3X-AAVE-01A,TCGA-3X-AAVE-01A,1.0,0.0,0.0,0.0,0.0
2,202681803,+,14,23700311,+,CHOL,407,TCGA-3X-AAVE-01A,TCGA-3X-AAVE-01A,1.0,0.0,0.0,0.0,0.0
20,25047098,-,20,61656063,-,CHOL,408,TCGA-3X-AAVE-01A,TCGA-3X-AAVE-01A,1.0,0.0,0.0,0.0,0.0
20,25047099,+,20,61656063,+,CHOL,409,TCGA-3X-AAVE-01A,TCGA-3X-AAVE-01A,1.0,0.0,0.0,0.0,0.0
20,29987691,+,20,30002707,-,CHOL,410,TCGA-3X-AAVE-01A,TCGA-3X-AAVE-01A,1.0,0.0,0.0,0.0,0.0
22,42004778,+,22,42009117,+,CHOL,411,TCGA-3X-AAVE-01A,TCGA-3X-AAVE-01A,1.0,0.0,0.0,0.0,0.0
3,18478964,-,17,39359748,+,CHOL,412,TCGA-3X-AAVE-01A,TCGA-3X-AAVE-01A,1.0,0.0,0.0,0.0,0.0
3,21451675,+,17,33214550,-,CHOL,413,TCGA-3X-AAVE-01A,TCGA-3X-AAVE-01A,1.0,0.0,0.0,0.0,0.0
3,21906687,+,12,72092195,+,CHOL,414,TCGA-3X-AAVE-01A,TCGA-3X-AAVE-01A,1.0,0.0,0.0,0.0,0.0
3,23719761,-,3,84605135,-,CHOL,415,TCGA-3X-AAVE-01A,TCGA-3X-AAVE-01A,1.0,0.0,0.0,0.0,0.0
3,23740390,+,3,138162806,+,CHOL,416,TCGA-3X-AAVE-01A,TCGA-3X-AAVE-01A,1.0,0.0,0.0,0.0,0.0
3,38833919,-,11,26365953,-,CHOL,417,TCGA-3X-AAVE-01A,TCGA-3X-AAVE-01A,1.0,0.0,0.0,0.0,0.0
3,86160068,+,3,86213787,+,CHOL,418,TCGA-3X-AAVE-01A,TCGA-3X-AAVE-01A,1.0,0.0,0.0,0.0,0.0
3,86160224,-,3,89506051,-,CHOL,419,TCGA-3X-AAVE-01A,TCGA-3X-AAVE-01A,1.0,0.0,0.0,0.0,0.0
3,90942630,-,3,91116767,+,CHOL,420,TCGA-3X-AAVE-01A,TCGA-3X-AAVE-01A,1.0,0.0,0.0,0.0,0.0
3,111956961,-,3,112855177,+,CHOL,421,TCGA-3X-AAVE-01A,TCGA-3X-AAVE-01A,1.0,0.0,0.0,0.0,0.0
3,112027343,+,18,50213490,-,CHOL,422,TCGA-3X-AAVE-01A,TCGA-3X-AAVE-01A,1.0,0.0,0.0,0.0,0.0
3,112960379,-,18,50257574,+,CHOL,423,TCGA-3X-AAVE-01A,TCGA-3X-AAVE-01A,1.0,0.0,0.0,0.0,0.0
3,138162415,-,12,72091887,-,CHOL,424,TCGA-3X-AAVE-01A,TCGA-3X-AAVE-01A,1.0,0.0,0.0,0.0,0.0
4,51242673,+,4,51292666,-,CHOL,425,TCGA-3X-AAVE-01A,TCGA-3X-AAVE-01A,1.0,0.0,0.0,0.0,0.0
4,78718580,-,6,62587029,-,CHOL,426,TCGA-3X-AAVE-01A,TCGA-3X-AAVE-01A,1.0,0.0,0.0,0.0,0.0
4,107668776,-,8,32407307,-,CHOL,427,TCGA-3X-AAVE-01A,TCGA-3X-AAVE-01A,1.0,0.0,0.0,0.0,0.0
5,172571143,-,9,21971180,+,CHOL,428,TCGA-3X-AAVE-01A,TCGA-3X-AAVE-01A,1.0,0.0,0.0,0.0,0.0
5,172571257,+,9,21971933,-,CHOL,429,TCGA-3X-AAVE-01A,TCGA-3X-AAVE-01A,1.0,0.0,0.0,0.0,0.0
6,11355893,+,8,53036605,-,CHOL,430,TCGA-3X-AAVE-01A,TCGA-3X-AAVE-01A,1.0,0.0,0.0,0.0,0.0
7,29680055,+,7,36279616,-,CHOL,431,TCGA-3X-AAVE-01A,TCGA-3X-AAVE-01A,1.0,0.0,0.0,0.0,0.0
7,48638107,+,7,48646903,+,CHOL,432,TCGA-3X-AAVE-01A,TCGA-3X-AAVE-01A,1.0,0.0,0.0,0.0,0.0
7,48639059,-,7,48647164,-,CHOL,433,TCGA-3X-AAVE-01A,TCGA-3X-AAVE-01A,1.0,0.0,0.0,0.0,0.0
7,56838369,+,7,63738799,+,CHOL,434,TCGA-3X-AAVE-01A,TCGA-3X-AAVE-01A,1.0,0.0,0.0,0.0,0.0
7,69288476,-,7,69606877,+,CHOL,435,TCGA-3X-AAVE-01A,TCGA-3X-AAVE-01A,1.0,0.0,0.0,0.0,0.0
7,101147295,+,7,101158794,-,CHOL,436,TCGA-3X-AAVE-01A,TCGA-3X-AAVE-01A,1.0,0.0,0.0,0.0,0.0
8,44037567,-,8,44398218,+,CHOL,437,TCGA-3X-AAVE-01A,TCGA-3X-AAVE-01A,1.0,0.0,0.0,0.0,0.0
8,125213204,+,14,50787133,-,CHOL,438,TCGA-3X-AAVE-01A,TCGA-3X-AAVE-01A,1.0,0.0,0.0,0.0,0.0
8,125213883,-,14,50291551,-,CHOL,439,TCGA-3X-AAVE-01A,TCGA-3X-AAVE-01A,1.0,0.0,0.0,0.0,0.0
8,125214363,-,8,125630229,-,CHOL,440,TCGA-3X-AAVE-01A,TCGA-3X-AAVE-01A,1.0,0.0,0.0,0.0,0.0
8,125215227,+,14,50786490,+,CHOL,441,TCGA-3X-AAVE-01A,TCGA-3X-AAVE-01A,1.0,0.0,0.0,0.0,0.0
8,125565265,-,14,50289328,+,CHOL,442,TCGA-3X-AAVE-01A,TCGA-3X-AAVE-01A,1.0,0.0,0.0,0.0,0.0
8,125593208,+,8,125627014,-,CHOL,443,TCGA-3X-AAVE-01A,TCGA-3X-AAVE-01A,1.0,0.0,0.0,0.0,0.0
8,125606708,-,14,50740836,-,CHOL,444,TCGA-3X-AAVE-01A,TCGA-3X-AAVE-01A,1.0,0.0,0.0,0.0,0.0
8,125619268,+,14,50269579,-,CHOL,445,TCGA-3X-AAVE-01A,TCGA-3X-AAVE-01A,1.0,0.0,0.0,0.0,0.0
8,125628249,+,14,50260470,+,CHOL,446,TCGA-3X-AAVE-01A,TCGA-3X-AAVE-01A,1.0,0.0,0.0,0.0,0.0
8,125628270,-,14,50265048,+,CHOL,447,TCGA-3X-AAVE-01A,TCGA-3X-AAVE-01A,1.0,0.0,0.0,0.0,0.0
9,36133040,+,11,55473128,-,CHOL,448,TCGA-3X-AAVE-01A,TCGA-3X-AAVE-01A,1.0,0.0,0.0,0.0,0.0
23,22005199,-,23,22005478,+,CHOL,449,TCGA-3X-AAVE-01A,TCGA-3X-AAVE-01A,1.0,0.0,0.0,0.0,0.0
23,68373946,+,23,68397829,-,CHOL,450,TCGA-3X-AAVE-01A,TCGA-3X-AAVE-01A,1.0,0.0,0.0,0.0,0.0
1,14024343,-,6,66770632,-,CHOL,451,TCGA-4G-AAZF-01A,TCGA-4G-AAZF-01A,1.0,0.0,0.0,0.0,0.0
1,14088989,+,3,4590534,+,CHOL,452,TCGA-4G-AAZF-01A,TCGA-4G-AAZF-01A,1.0,0.0,0.0,0.0,0.0
1,35213659,-,1,37702468,+,CHOL,453,TCGA-4G-AAZF-01A,TCGA-4G-AAZF-01A,1.0,0.0,0.0,0.0,0.0
1,99408044,-,6,66993636,+,CHOL,454,TCGA-4G-AAZF-01A,TCGA-4G-AAZF-01A,1.0,0.0,0.0,0.0,0.0
1,124790233,-,1,124794911,+,CHOL,455,TCGA-4G-AAZF-01A,TCGA-4G-AAZF-01A,1.0,0.0,0.0,0.0,0.0
1,157309274,-,10,128976617,-,CHOL,456,TCGA-4G-AAZF-01A,TCGA-4G-AAZF-01A,1.0,0.0,0.0,0.0,0.0
1,187723082,-,1,188313058,+,CHOL,457,TCGA-4G-AAZF-01A,TCGA-4G-AAZF-01A,1.0,0.0,0.0,0.0,0.0
1,215491321,-,1,215810221,+,CHOL,458,TCGA-4G-AAZF-01A,TCGA-4G-AAZF-01A,1.0,0.0,0.0,0.0,0.0
10,53690715,-,13,74164683,+,CHOL,459,TCGA-4G-AAZF-01A,TCGA-4G-AAZF-01A,1.0,0.0,0.0,0.0,0.0
10,100405388,-,10,100428938,+,CHOL,460,TCGA-4G-AAZF-01A,TCGA-4G-AAZF-01A,1.0,0.0,0.0,0.0,0.0
10,109940914,-,10,110131839,+,CHOL,461,TCGA-4G-AAZF-01A,TCGA-4G-AAZF-01A,1.0,0.0,0.0,0.0,0.0
10,115855590,+,10,115881568,+,CHOL,462,TCGA-4G-AAZF-01A,TCGA-4G-AAZF-01A,1.0,0.0,0.0,0.0,0.0
11,33769716,+,11,39188670,-,CHOL,463,TCGA-4G-AAZF-01A,TCGA-4G-AAZF-01A,1.0,0.0,0.0,0.0,0.0
11,114632814,-,11,114752018,+,CHOL,464,TCGA-4G-AAZF-01A,TCGA-4G-AAZF-01A,1.0,0.0,0.0,0.0,0.0
13,22829450,-,13,61353481,-,CHOL,465,TCGA-4G-AAZF-01A,TCGA-4G-AAZF-01A,1.0,0.0,0.0,0.0,0.0
13,22838949,+,13,73750731,+,CHOL,466,TCGA-4G-AAZF-01A,TCGA-4G-AAZF-01A,1.0,0.0,0.0,0.0,0.0
13,51068310,-,13,69483182,+,CHOL,467,TCGA-4G-AAZF-01A,TCGA-4G-AAZF-01A,1.0,0.0,0.0,0.0,0.0
13,51221360,+,13,51983287,-,CHOL,468,TCGA-4G-AAZF-01A,TCGA-4G-AAZF-01A,1.0,0.0,0.0,0.0,0.0
13,51983121,+,15,81116449,-,CHOL,469,TCGA-4G-AAZF-01A,TCGA-4G-AAZF-01A,1.0,0.0,0.0,0.0,0.0
13,60566206,-,15,81116576,-,CHOL,470,TCGA-4G-AAZF-01A,TCGA-4G-AAZF-01A,1.0,0.0,0.0,0.0,0.0
13,76804349,-,20,29658001,-,CHOL,471,TCGA-4G-AAZF-01A,TCGA-4G-AAZF-01A,1.0,0.0,0.0,0.0,0.0
14,32473489,-,14,32473631,+,CHOL,472,TCGA-4G-AAZF-01A,TCGA-4G-AAZF-01A,1.0,0.0,0.0,0.0,0.0
15,37730825,-,15,37940362,+,CHOL,473,TCGA-4G-AAZF-01A,TCGA-4G-AAZF-01A,1.0,0.0,0.0,0.0,0.0
15,40112764,+,15,43789136,-,CHOL,474,TCGA-4G-AAZF-01A,TCGA-4G-AAZF-01A,1.0,0.0,0.0,0.0,0.0
16,14967308,-,16,14987402,+,CHOL,475,TCGA-4G-AAZF-01A,TCGA-4G-AAZF-01A,1.0,0.0,0.0,0.0,0.0
16,54831019,-,16,54910575,+,CHOL,476,TCGA-4G-AAZF-01A,TCGA-4G-AAZF-01A,1.0,0.0,0.0,0.0,0.0
16,79050349,+,16,79199901,-,CHOL,477,TCGA-4G-AAZF-01A,TCGA-4G-AAZF-01A,1.0,0.0,0.0,0.0,0.0
17,26643843,-,17,26645550,+,CHOL,478,TCGA-4G-AAZF-01A,TCGA-4G-AAZF-01A,1.0,0.0,0.0,0.0,0.0
18,24745069,+,18,24745342,-,CHOL,479,TCGA-4G-AAZF-01A,TCGA-4G-AAZF-01A,1.0,0.0,0.0,0.0,0.0
18,64953192,-,18,64969401,+,CHOL,480,TCGA-4G-AAZF-01A,TCGA-4G-AAZF-01A,1.0,0.0,0.0,0.0,0.0
18,71868030,+,18,72057100,-,CHOL,481,TCGA-4G-AAZF-01A,TCGA-4G-AAZF-01A,1.0,0.0,0.0,0.0,0.0
2,52980208,+,2,55960031,-,CHOL,482,TCGA-4G-AAZF-01A,TCGA-4G-AAZF-01A,1.0,0.0,0.0,0.0,0.0
2,80505734,+,2,80506640,-,CHOL,483,TCGA-4G-AAZF-01A,TCGA-4G-AAZF-01A,1.0,0.0,0.0,0.0,0.0
2,83372043,+,2,83382781,-,CHOL,484,TCGA-4G-AAZF-01A,TCGA-4G-AAZF-01A,1.0,0.0,0.0,0.0,0.0
2,101148447,-,2,101296266,+,CHOL,485,TCGA-4G-AAZF-01A,TCGA-4G-AAZF-01A,1.0,0.0,0.0,0.0,0.0
2,209459061,+,2,209464366,-,CHOL,486,TCGA-4G-AAZF-01A,TCGA-4G-AAZF-01A,1.0,0.0,0.0,0.0,0.0
20,28835153,-,20,28842164,+,CHOL,487,TCGA-4G-AAZF-01A,TCGA-4G-AAZF-01A,1.0,0.0,0.0,0.0,0.0
20,31514719,-,20,31813288,+,CHOL,488,TCGA-4G-AAZF-01A,TCGA-4G-AAZF-01A,1.0,0.0,0.0,0.0,0.0
3,4585144,+,3,4585614,-,CHOL,489,TCGA-4G-AAZF-01A,TCGA-4G-AAZF-01A,1.0,0.0,0.0,0.0,0.0
3,7396657,-,6,65328862,+,CHOL,490,TCGA-4G-AAZF-01A,TCGA-4G-AAZF-01A,1.0,0.0,0.0,0.0,0.0
3,7826647,+,3,187910555,+,CHOL,491,TCGA-4G-AAZF-01A,TCGA-4G-AAZF-01A,1.0,0.0,0.0,0.0,0.0
3,71002971,+,3,71050113,-,CHOL,492,TCGA-4G-AAZF-01A,TCGA-4G-AAZF-01A,1.0,0.0,0.0,0.0,0.0
3,76622245,-,6,5927453,-,CHOL,493,TCGA-4G-AAZF-01A,TCGA-4G-AAZF-01A,1.0,0.0,0.0,0.0,0.0
3,94055760,-,3,102073677,+,CHOL,494,TCGA-4G-AAZF-01A,TCGA-4G-AAZF-01A,1.0,0.0,0.0,0.0,0.0
3,94777597,+,3,100647874,+,CHOL,495,TCGA-4G-AAZF-01A,TCGA-4G-AAZF-01A,1.0,0.0,0.0,0.0,0.0
3,95036455,-,6,63581400,+,CHOL,496,TCGA-4G-AAZF-01A,TCGA-4G-AAZF-01A,1.0,0.0,0.0,0.0,0.0
3,100847106,-,3,187712730,+,CHOL,497,TCGA-4G-AAZF-01A,TCGA-4G-AAZF-01A,1.0,0.0,0.0,0.0,0.0
3,102073735,-,3,102341857,-,CHOL,498,TCGA-4G-AAZF-01A,TCGA-4G-AAZF-01A,1.0,0.0,0.0,0.0,0.0
3,102337576,-,6,65968678,+,CHOL,499,TCGA-4G-AAZF-01A,TCGA-4G-AAZF-01A,1.0,0.0,0.0,0.0,0.0
3,179907337,+,13,22839449,-,CHOL,500,TCGA-4G-AAZF-01A,TCGA-4G-AAZF-01A,1.0,0.0,0.0,0.0,0.0
3,179911747,+,13,49042080,+,CHOL,501,TCGA-4G-AAZF-01A,TCGA-4G-AAZF-01A,1.0,0.0,0.0,0.0,0.0
3,179942332,+,13,60542840,-,CHOL,502,TCGA-4G-AAZF-01A,TCGA-4G-AAZF-01A,1.0,0.0,0.0,0.0,0.0
3,181438203,+,3,188378292,-,CHOL,503,TCGA-4G-AAZF-01A,TCGA-4G-AAZF-01A,1.0,0.0,0.0,0.0,0.0
3,184169463,-,3,187460878,+,CHOL,504,TCGA-4G-AAZF-01A,TCGA-4G-AAZF-01A,1.0,0.0,0.0,0.0,0.0
3,184446746,+,3,187468853,-,CHOL,505,TCGA-4G-AAZF-01A,TCGA-4G-AAZF-01A,1.0,0.0,0.0,0.0,0.0
3,187326153,-,3,187760035,-,CHOL,506,TCGA-4G-AAZF-01A,TCGA-4G-AAZF-01A,1.0,0.0,0.0,0.0,0.0
4,162649235,-,4,162655301,+,CHOL,507,TCGA-4G-AAZF-01A,TCGA-4G-AAZF-01A,1.0,0.0,0.0,0.0,0.0
4,163356370,+,4,163372756,-,CHOL,508,TCGA-4G-AAZF-01A,TCGA-4G-AAZF-01A,1.0,0.0,0.0,0.0,0.0
5,107747499,-,5,107761953,+,CHOL,509,TCGA-4G-AAZF-01A,TCGA-4G-AAZF-01A,1.0,0.0,0.0,0.0,0.0
5,161860073,-,10,93221027,-,CHOL,510,TCGA-4G-AAZF-01A,TCGA-4G-AAZF-01A,1.0,0.0,0.0,0.0,0.0
5,166720018,-,13,49042191,-,CHOL,511,TCGA-4G-AAZF-01A,TCGA-4G-AAZF-01A,1.0,0.0,0.0,0.0,0.0
6,64860653,-,6,65759111,+,CHOL,512,TCGA-4G-AAZF-01A,TCGA-4G-AAZF-01A,1.0,0.0,0.0,0.0,0.0
6,79139114,-,6,79197305,+,CHOL,513,TCGA-4G-AAZF-01A,TCGA-4G-AAZF-01A,1.0,0.0,0.0,0.0,0.0
7,32442273,+,15,26977632,+,CHOL,514,TCGA-4G-AAZF-01A,TCGA-4G-AAZF-01A,1.0,0.0,0.0,0.0,0.0
7,62817048,-,11,54926301,+,CHOL,515,TCGA-4G-AAZF-01A,TCGA-4G-AAZF-01A,1.0,0.0,0.0,0.0,0.0
7,90863671,-,7,140884476,+,CHOL,516,TCGA-4G-AAZF-01A,TCGA-4G-AAZF-01A,1.0,0.0,0.0,0.0,0.0
8,44037554,-,8,44398273,+,CHOL,517,TCGA-4G-AAZF-01A,TCGA-4G-AAZF-01A,1.0,0.0,0.0,0.0,0.0
8,141289673,-,8,141298135,+,CHOL,518,TCGA-4G-AAZF-01A,TCGA-4G-AAZF-01A,1.0,0.0,0.0,0.0,0.0
9,101264989,-,9,101375657,+,CHOL,519,TCGA-4G-AAZF-01A,TCGA-4G-AAZF-01A,1.0,0.0,0.0,0.0,0.0
1,15779934,+,1,28341490,-,CHOL,520,TCGA-4G-AAZG-01A,TCGA-4G-AAZG-01A,1.0,0.0,0.0,0.0,0.0
1,27229541,+,1,27381247,-,CHOL,521,TCGA-4G-AAZG-01A,TCGA-4G-AAZG-01A,1.0,0.0,0.0,0.0,0.0
1,35850618,-,1,36169259,+,CHOL,522,TCGA-4G-AAZG-01A,TCGA-4G-AAZG-01A,1.0,0.0,0.0,0.0,0.0
1,35850726,+,1,35853987,+,CHOL,523,TCGA-4G-AAZG-01A,TCGA-4G-AAZG-01A,1.0,0.0,0.0,0.0,0.0
1,36168896,-,1,36178307,-,CHOL,524,TCGA-4G-AAZG-01A,TCGA-4G-AAZG-01A,1.0,0.0,0.0,0.0,0.0
1,65183655,-,1,196487435,+,CHOL,525,TCGA-4G-AAZG-01A,TCGA-4G-AAZG-01A,1.0,0.0,0.0,0.0,0.0
1,143285309,-,16,34686963,-,CHOL,526,TCGA-4G-AAZG-01A,TCGA-4G-AAZG-01A,1.0,0.0,0.0,0.0,0.0
1,192437437,-,1,192488861,+,CHOL,527,TCGA-4G-AAZG-01A,TCGA-4G-AAZG-01A,1.0,0.0,0.0,0.0,0.0
1,193881100,+,1,195576100,+,CHOL,528,TCGA-4G-AAZG-01A,TCGA-4G-AAZG-01A,1.0,0.0,0.0,0.0,0.0
1,194901118,+,1,195372066,-,CHOL,529,TCGA-4G-AAZG-01A,TCGA-4G-AAZG-01A,1.0,0.0,0.0,0.0,0.0
1,195575939,-,1,195576087,-,CHOL,530,TCGA-4G-AAZG-01A,TCGA-4G-AAZG-01A,1.0,0.0,0.0,0.0,0.0
10,38732973,+,12,121928626,-,CHOL,531,TCGA-4G-AAZG-01A,TCGA-4G-AAZG-01A,1.0,0.0,0.0,0.0,0.0
10,59869353,+,10,60504473,-,CHOL,532,TCGA-4G-AAZG-01A,TCGA-4G-AAZG-01A,1.0,0.0,0.0,0.0,0.0
10,117705352,+,10,117843928,-,CHOL,533,TCGA-4G-AAZG-01A,TCGA-4G-AAZG-01A,1.0,0.0,0.0,0.0,0.0
11,113635574,-,11,113641823,+,CHOL,534,TCGA-4G-AAZG-01A,TCGA-4G-AAZG-01A,1.0,0.0,0.0,0.0,0.0
12,47989091,-,12,48025805,+,CHOL,535,TCGA-4G-AAZG-01A,TCGA-4G-AAZG-01A,1.0,0.0,0.0,0.0,0.0
12,113693507,+,12,113694941,-,CHOL,536,TCGA-4G-AAZG-01A,TCGA-4G-AAZG-01A,1.0,0.0,0.0,0.0,0.0
12,129793984,+,12,129827062,+,CHOL,537,TCGA-4G-AAZG-01A,TCGA-4G-AAZG-01A,1.0,0.0,0.0,0.0,0.0
12,132717916,-,12,132758751,+,CHOL,538,TCGA-4G-AAZG-01A,TCGA-4G-AAZG-01A,1.0,0.0,0.0,0.0,0.0
13,83265956,+,13,83946054,-,CHOL,539,TCGA-4G-AAZG-01A,TCGA-4G-AAZG-01A,1.0,0.0,0.0,0.0,0.0
13,95150089,-,13,95159771,+,CHOL,540,TCGA-4G-AAZG-01A,TCGA-4G-AAZG-01A,1.0,0.0,0.0,0.0,0.0
14,102802526,+,14,103846969,-,CHOL,541,TCGA-4G-AAZG-01A,TCGA-4G-AAZG-01A,1.0,0.0,0.0,0.0,0.0
17,58194667,+,17,58786804,-,CHOL,542,TCGA-4G-AAZG-01A,TCGA-4G-AAZG-01A,1.0,0.0,0.0,0.0,0.0
17,80852582,+,17,82240076,-,CHOL,543,TCGA-4G-AAZG-01A,TCGA-4G-AAZG-01A,1.0,0.0,0.0,0.0,0.0
18,79763071,-,18,79796318,+,CHOL,544,TCGA-4G-AAZG-01A,TCGA-4G-AAZG-01A,1.0,0.0,0.0,0.0,0.0
2,215096146,+,2,215630520,-,CHOL,545,TCGA-4G-AAZG-01A,TCGA-4G-AAZG-01A,1.0,0.0,0.0,0.0,0.0
2,229642592,+,2,229643204,-,CHOL,546,TCGA-4G-AAZG-01A,TCGA-4G-AAZG-01A,1.0,0.0,0.0,0.0,0.0
2,241076684,+,2,241123845,+,CHOL,547,TCGA-4G-AAZG-01A,TCGA-4G-AAZG-01A,1.0,0.0,0.0,0.0,0.0
2,241078730,-,2,241471646,-,CHOL,548,TCGA-4G-AAZG-01A,TCGA-4G-AAZG-01A,1.0,0.0,0.0,0.0,0.0
20,29792249,-,24,10141733,-,CHOL,549,TCGA-4G-AAZG-01A,TCGA-4G-AAZG-01A,1.0,0.0,0.0,0.0,0.0
22,15765351,+,22,16064545,+,CHOL,550,TCGA-4G-AAZG-01A,TCGA-4G-AAZG-01A,1.0,0.0,0.0,0.0,0.0
3,1887491,+,3,2122826,-,CHOL,551,TCGA-4G-AAZG-01A,TCGA-4G-AAZG-01A,1.0,0.0,0.0,0.0,0.0
3,2770635,+,3,3266714,-,CHOL,552,TCGA-4G-AAZG-01A,TCGA-4G-AAZG-01A,1.0,0.0,0.0,0.0,0.0
3,59765479,+,3,59916117,-,CHOL,553,TCGA-4G-AAZG-01A,TCGA-4G-AAZG-01A,1.0,0.0,0.0,0.0,0.0
4,61194250,+,4,61278466,-,CHOL,554,TCGA-4G-AAZG-01A,TCGA-4G-AAZG-01A,1.0,0.0,0.0,0.0,0.0
4,133944474,+,4,133952605,-,CHOL,555,TCGA-4G-AAZG-01A,TCGA-4G-AAZG-01A,1.0,0.0,0.0,0.0,0.0
4,153906348,+,4,155010921,-,CHOL,556,TCGA-4G-AAZG-01A,TCGA-4G-AAZG-01A,1.0,0.0,0.0,0.0,0.0
4,170045235,+,4,170130783,-,CHOL,557,TCGA-4G-AAZG-01A,TCGA-4G-AAZG-01A,1.0,0.0,0.0,0.0,0.0
4,170183185,+,4,171909657,+,CHOL,558,TCGA-4G-AAZG-01A,TCGA-4G-AAZG-01A,1.0,0.0,0.0,0.0,0.0
4,170186295,-,4,171911798,-,CHOL,559,TCGA-4G-AAZG-01A,TCGA-4G-AAZG-01A,1.0,0.0,0.0,0.0,0.0
4,170223321,+,4,170231566,-,CHOL,560,TCGA-4G-AAZG-01A,TCGA-4G-AAZG-01A,1.0,0.0,0.0,0.0,0.0
4,177736530,-,4,177761317,+,CHOL,561,TCGA-4G-AAZG-01A,TCGA-4G-AAZG-01A,1.0,0.0,0.0,0.0,0.0
5,73012822,+,5,73016039,-,CHOL,562,TCGA-4G-AAZG-01A,TCGA-4G-AAZG-01A,1.0,0.0,0.0,0.0,0.0
5,73097185,+,5,73212531,-,CHOL,563,TCGA-4G-AAZG-01A,TCGA-4G-AAZG-01A,1.0,0.0,0.0,0.0,0.0
6,135179230,-,6,135280645,+,CHOL,564,TCGA-4G-AAZG-01A,TCGA-4G-AAZG-01A,1.0,0.0,0.0,0.0,0.0
6,156300607,+,6,156435226,-,CHOL,565,TCGA-4G-AAZG-01A,TCGA-4G-AAZG-01A,1.0,0.0,0.0,0.0,0.0
6,165217355,+,6,166216468,-,CHOL,566,TCGA-4G-AAZG-01A,TCGA-4G-AAZG-01A,1.0,0.0,0.0,0.0,0.0
7,62698458,-,7,62714683,+,CHOL,567,TCGA-4G-AAZG-01A,TCGA-4G-AAZG-01A,1.0,0.0,0.0,0.0,0.0
7,79557254,+,19,2567332,-,CHOL,568,TCGA-4G-AAZG-01A,TCGA-4G-AAZG-01A,1.0,0.0,0.0,0.0,0.0
7,110653835,-,7,110659818,+,CHOL,569,TCGA-4G-AAZG-01A,TCGA-4G-AAZG-01A,1.0,0.0,0.0,0.0,0.0
7,111551687,-,7,111583280,+,CHOL,570,TCGA-4G-AAZG-01A,TCGA-4G-AAZG-01A,1.0,0.0,0.0,0.0,0.0
7,123341052,-,7,123373670,+,CHOL,571,TCGA-4G-AAZG-01A,TCGA-4G-AAZG-01A,1.0,0.0,0.0,0.0,0.0
7,152874378,-,7,152979601,+,CHOL,572,TCGA-4G-AAZG-01A,TCGA-4G-AAZG-01A,1.0,0.0,0.0,0.0,0.0
8,55033388,-,8,55037662,+,CHOL,573,TCGA-4G-AAZG-01A,TCGA-4G-AAZG-01A,1.0,0.0,0.0,0.0,0.0
8,121552845,+,8,121641038,-,CHOL,574,TCGA-4G-AAZG-01A,TCGA-4G-AAZG-01A,1.0,0.0,0.0,0.0,0.0
8,135285422,+,8,135356460,-,CHOL,575,TCGA-4G-AAZG-01A,TCGA-4G-AAZG-01A,1.0,0.0,0.0,0.0,0.0
9,21382754,+,9,22345037,-,CHOL,576,TCGA-4G-AAZG-01A,TCGA-4G-AAZG-01A,1.0,0.0,0.0,0.0,0.0
9,61699313,+,20,30256582,+,CHOL,577,TCGA-4G-AAZG-01A,TCGA-4G-AAZG-01A,1.0,0.0,0.0,0.0,0.0
9,99019585,+,9,99144147,-,CHOL,578,TCGA-4G-AAZG-01A,TCGA-4G-AAZG-01A,1.0,0.0,0.0,0.0,0.0
1,29874602,+,11,3843353,-,CHOL,579,TCGA-4G-AAZO-01A,TCGA-4G-AAZO-01A,1.0,0.0,0.0,0.0,0.0
1,29874876,-,8,112286622,+,CHOL,580,TCGA-4G-AAZO-01A,TCGA-4G-AAZO-01A,1.0,0.0,0.0,0.0,0.0
1,58086592,-,1,190342851,+,CHOL,581,TCGA-4G-AAZO-01A,TCGA-4G-AAZO-01A,1.0,0.0,0.0,0.0,0.0
1,101563533,+,1,169171356,+,CHOL,582,TCGA-4G-AAZO-01A,TCGA-4G-AAZO-01A,1.0,0.0,0.0,0.0,0.0
1,153655113,+,1,156845245,+,CHOL,583,TCGA-4G-AAZO-01A,TCGA-4G-AAZO-01A,1.0,0.0,0.0,0.0,0.0
1,154304160,-,1,160334586,-,CHOL,584,TCGA-4G-AAZO-01A,TCGA-4G-AAZO-01A,1.0,0.0,0.0,0.0,0.0
1,155837459,+,1,164782117,+,CHOL,585,TCGA-4G-AAZO-01A,TCGA-4G-AAZO-01A,1.0,0.0,0.0,0.0,0.0
1,156840616,-,1,165621796,-,CHOL,586,TCGA-4G-AAZO-01A,TCGA-4G-AAZO-01A,1.0,0.0,0.0,0.0,0.0
1,160345972,-,1,178357804,+,CHOL,587,TCGA-4G-AAZO-01A,TCGA-4G-AAZO-01A,1.0,0.0,0.0,0.0,0.0
1,160346111,-,1,181394784,-,CHOL,588,TCGA-4G-AAZO-01A,TCGA-4G-AAZO-01A,1.0,0.0,0.0,0.0,0.0
1,164147607,+,1,179036986,-,CHOL,589,TCGA-4G-AAZO-01A,TCGA-4G-AAZO-01A,1.0,0.0,0.0,0.0,0.0
1,165261822,-,1,177851119,+,CHOL,590,TCGA-4G-AAZO-01A,TCGA-4G-AAZO-01A,1.0,0.0,0.0,0.0,0.0
1,169027309,-,1,169027710,-,CHOL,591,TCGA-4G-AAZO-01A,TCGA-4G-AAZO-01A,1.0,0.0,0.0,0.0,0.0
1,169027313,+,1,169027714,+,CHOL,592,TCGA-4G-AAZO-01A,TCGA-4G-AAZO-01A,1.0,0.0,0.0,0.0,0.0
1,177505458,-,1,179823566,+,CHOL,593,TCGA-4G-AAZO-01A,TCGA-4G-AAZO-01A,1.0,0.0,0.0,0.0,0.0
1,213112472,+,9,89172598,-,CHOL,594,TCGA-4G-AAZO-01A,TCGA-4G-AAZO-01A,1.0,0.0,0.0,0.0,0.0
1,242271202,+,10,38327322,+,CHOL,595,TCGA-4G-AAZO-01A,TCGA-4G-AAZO-01A,1.0,0.0,0.0,0.0,0.0
10,26332681,-,10,26541061,+,CHOL,596,TCGA-4G-AAZO-01A,TCGA-4G-AAZO-01A,1.0,0.0,0.0,0.0,0.0
10,29427120,-,12,133091141,-,CHOL,597,TCGA-4G-AAZO-01A,TCGA-4G-AAZO-01A,1.0,0.0,0.0,0.0,0.0
10,98666630,+,10,98702522,-,CHOL,598,TCGA-4G-AAZO-01A,TCGA-4G-AAZO-01A,1.0,0.0,0.0,0.0,0.0
11,51108368,-,11,51209200,+,CHOL,599,TCGA-4G-AAZO-01A,TCGA-4G-AAZO-01A,1.0,0.0,0.0,0.0,0.0
11,51230915,-,11,51811947,+,CHOL,600,TCGA-4G-AAZO-01A,TCGA-4G-AAZO-01A,1.0,0.0,0.0,0.0,0.0
11,53223091,-,11,53984103,+,CHOL,601,TCGA-4G-AAZO-01A,TCGA-4G-AAZO-01A,1.0,0.0,0.0,0.0,0.0
11,53597099,+,11,54145537,-,CHOL,602,TCGA-4G-AAZO-01A,TCGA-4G-AAZO-01A,1.0,0.0,0.0,0.0,0.0
11,122591507,-,11,122732898,+,CHOL,603,TCGA-4G-AAZO-01A,TCGA-4G-AAZO-01A,1.0,0.0,0.0,0.0,0.0
12,37311477,+,12,37380460,-,CHOL,604,TCGA-4G-AAZO-01A,TCGA-4G-AAZO-01A,1.0,0.0,0.0,0.0,0.0
12,46069324,+,12,46090841,-,CHOL,605,TCGA-4G-AAZO-01A,TCGA-4G-AAZO-01A,1.0,0.0,0.0,0.0,0.0
12,88656229,+,12,88656298,+,CHOL,606,TCGA-4G-AAZO-01A,TCGA-4G-AAZO-01A,1.0,0.0,0.0,0.0,0.0
12,88656229,-,12,91007967,+,CHOL,607,TCGA-4G-AAZO-01A,TCGA-4G-AAZO-01A,1.0,0.0,0.0,0.0,0.0
12,88656403,+,12,91007967,+,CHOL,608,TCGA-4G-AAZO-01A,TCGA-4G-AAZO-01A,1.0,0.0,0.0,0.0,0.0
12,88973883,-,12,90908515,-,CHOL,609,TCGA-4G-AAZO-01A,TCGA-4G-AAZO-01A,1.0,0.0,0.0,0.0,0.0
12,90908405,+,12,119315700,-,CHOL,610,TCGA-4G-AAZO-01A,TCGA-4G-AAZO-01A,1.0,0.0,0.0,0.0,0.0
13,16382048,-,13,16506993,+,CHOL,611,TCGA-4G-AAZO-01A,TCGA-4G-AAZO-01A,1.0,0.0,0.0,0.0,0.0
13,110180369,+,17,47869276,-,CHOL,612,TCGA-4G-AAZO-01A,TCGA-4G-AAZO-01A,1.0,0.0,0.0,0.0,0.0
14,53585044,+,14,53602103,-,CHOL,613,TCGA-4G-AAZO-01A,TCGA-4G-AAZO-01A,1.0,0.0,0.0,0.0,0.0
14,106062128,+,14,106537807,-,CHOL,614,TCGA-4G-AAZO-01A,TCGA-4G-AAZO-01A,1.0,0.0,0.0,0.0,0.0
16,87459572,+,18,53385771,-,CHOL,615,TCGA-4G-AAZO-01A,TCGA-4G-AAZO-01A,1.0,0.0,0.0,0.0,0.0
18,15473084,+,18,15699495,-,CHOL,616,TCGA-4G-AAZO-01A,TCGA-4G-AAZO-01A,1.0,0.0,0.0,0.0,0.0
18,34341330,-,20,59927427,-,CHOL,617,TCGA-4G-AAZO-01A,TCGA-4G-AAZO-01A,1.0,0.0,0.0,0.0,0.0
18,34341447,+,18,63964528,-,CHOL,618,TCGA-4G-AAZO-01A,TCGA-4G-AAZO-01A,1.0,0.0,0.0,0.0,0.0
18,51366337,+,20,59927335,+,CHOL,619,TCGA-4G-AAZO-01A,TCGA-4G-AAZO-01A,1.0,0.0,0.0,0.0,0.0
19,49031124,+,19,49056091,+,CHOL,620,TCGA-4G-AAZO-01A,TCGA-4G-AAZO-01A,1.0,0.0,0.0,0.0,0.0
2,47821746,+,2,121546382,-,CHOL,621,TCGA-4G-AAZO-01A,TCGA-4G-AAZO-01A,1.0,0.0,0.0,0.0,0.0
2,92370261,-,2,93166168,+,CHOL,622,TCGA-4G-AAZO-01A,TCGA-4G-AAZO-01A,1.0,0.0,0.0,0.0,0.0
2,92376222,-,2,93214678,+,CHOL,623,TCGA-4G-AAZO-01A,TCGA-4G-AAZO-01A,1.0,0.0,0.0,0.0,0.0
2,93029999,-,2,93613281,+,CHOL,624,TCGA-4G-AAZO-01A,TCGA-4G-AAZO-01A,1.0,0.0,0.0,0.0,0.0
2,121543537,+,2,135890089,+,CHOL,625,TCGA-4G-AAZO-01A,TCGA-4G-AAZO-01A,1.0,0.0,0.0,0.0,0.0
2,143312870,+,2,143336279,-,CHOL,626,TCGA-4G-AAZO-01A,TCGA-4G-AAZO-01A,1.0,0.0,0.0,0.0,0.0
2,160760422,-,2,160769131,-,CHOL,627,TCGA-4G-AAZO-01A,TCGA-4G-AAZO-01A,1.0,0.0,0.0,0.0,0.0
2,160765628,-,2,160768631,-,CHOL,628,TCGA-4G-AAZO-01A,TCGA-4G-AAZO-01A,1.0,0.0,0.0,0.0,0.0
2,171045437,-,16,87978058,+,CHOL,629,TCGA-4G-AAZO-01A,TCGA-4G-AAZO-01A,1.0,0.0,0.0,0.0,0.0
20,34831879,+,20,43186393,-,CHOL,630,TCGA-4G-AAZO-01A,TCGA-4G-AAZO-01A,1.0,0.0,0.0,0.0,0.0
20,43180544,+,20,43182123,-,CHOL,631,TCGA-4G-AAZO-01A,TCGA-4G-AAZO-01A,1.0,0.0,0.0,0.0,0.0
3,79924478,-,6,72620619,+,CHOL,632,TCGA-4G-AAZO-01A,TCGA-4G-AAZO-01A,1.0,0.0,0.0,0.0,0.0
3,80936969,+,3,87664315,-,CHOL,633,TCGA-4G-AAZO-01A,TCGA-4G-AAZO-01A,1.0,0.0,0.0,0.0,0.0
3,90809434,+,3,90949446,-,CHOL,634,TCGA-4G-AAZO-01A,TCGA-4G-AAZO-01A,1.0,0.0,0.0,0.0,0.0
3,91191291,-,3,91208199,+,CHOL,635,TCGA-4G-AAZO-01A,TCGA-4G-AAZO-01A,1.0,0.0,0.0,0.0,0.0
3,171532904,-,10,28211477,+,CHOL,636,TCGA-4G-AAZO-01A,TCGA-4G-AAZO-01A,1.0,0.0,0.0,0.0,0.0
4,37838955,+,20,35308512,-,CHOL,637,TCGA-4G-AAZO-01A,TCGA-4G-AAZO-01A,1.0,0.0,0.0,0.0,0.0
4,50216889,-,4,50849372,+,CHOL,638,TCGA-4G-AAZO-01A,TCGA-4G-AAZO-01A,1.0,0.0,0.0,0.0,0.0
4,151433531,-,4,151472763,-,CHOL,639,TCGA-4G-AAZO-01A,TCGA-4G-AAZO-01A,1.0,0.0,0.0,0.0,0.0
4,151433565,+,4,151472728,+,CHOL,640,TCGA-4G-AAZO-01A,TCGA-4G-AAZO-01A,1.0,0.0,0.0,0.0,0.0
4,151468627,+,4,185598163,-,CHOL,641,TCGA-4G-AAZO-01A,TCGA-4G-AAZO-01A,1.0,0.0,0.0,0.0,0.0
4,151470367,-,4,185598062,+,CHOL,642,TCGA-4G-AAZO-01A,TCGA-4G-AAZO-01A,1.0,0.0,0.0,0.0,0.0
5,46433371,-,5,46748246,-,CHOL,643,TCGA-4G-AAZO-01A,TCGA-4G-AAZO-01A,1.0,0.0,0.0,0.0,0.0
5,46434033,+,5,46568034,+,CHOL,644,TCGA-4G-AAZO-01A,TCGA-4G-AAZO-01A,1.0,0.0,0.0,0.0,0.0
5,46575915,-,5,46791266,+,CHOL,645,TCGA-4G-AAZO-01A,TCGA-4G-AAZO-01A,1.0,0.0,0.0,0.0,0.0
5,49758786,-,5,49809843,+,CHOL,646,TCGA-4G-AAZO-01A,TCGA-4G-AAZO-01A,1.0,0.0,0.0,0.0,0.0
6,29747590,+,18,63964482,+,CHOL,647,TCGA-4G-AAZO-01A,TCGA-4G-AAZO-01A,1.0,0.0,0.0,0.0,0.0
6,35495894,+,20,43186276,+,CHOL,648,TCGA-4G-AAZO-01A,TCGA-4G-AAZO-01A,1.0,0.0,0.0,0.0,0.0
6,35496062,-,6,167834312,+,CHOL,649,TCGA-4G-AAZO-01A,TCGA-4G-AAZO-01A,1.0,0.0,0.0,0.0,0.0
6,66705959,+,6,69708454,-,CHOL,650,TCGA-4G-AAZO-01A,TCGA-4G-AAZO-01A,1.0,0.0,0.0,0.0,0.0
6,70320505,+,6,70557161,-,CHOL,651,TCGA-4G-AAZO-01A,TCGA-4G-AAZO-01A,1.0,0.0,0.0,0.0,0.0
8,64614700,-,11,3843949,+,CHOL,652,TCGA-4G-AAZO-01A,TCGA-4G-AAZO-01A,1.0,0.0,0.0,0.0,0.0
8,64614936,+,8,112286801,-,CHOL,653,TCGA-4G-AAZO-01A,TCGA-4G-AAZO-01A,1.0,0.0,0.0,0.0,0.0
9,40545646,-,9,43175976,+,CHOL,654,TCGA-4G-AAZO-01A,TCGA-4G-AAZO-01A,1.0,0.0,0.0,0.0,0.0
9,41659064,-,20,30296182,+,CHOL,655,TCGA-4G-AAZO-01A,TCGA-4G-AAZO-01A,1.0,0.0,0.0,0.0,0.0
9,43383934,+,9,45155315,-,CHOL,656,TCGA-4G-AAZO-01A,TCGA-4G-AAZO-01A,1.0,0.0,0.0,0.0,0.0
9,106996821,+,9,107343327,-,CHOL,657,TCGA-4G-AAZO-01A,TCGA-4G-AAZO-01A,1.0,0.0,0.0,0.0,0.0
23,3036862,+,23,63625784,+,CHOL,658,TCGA-4G-AAZO-01A,TCGA-4G-AAZO-01A,1.0,0.0,0.0,0.0,0.0
1,45816244,+,6,69512821,+,CHOL,659,TCGA-4G-AAZR-01A,TCGA-4G-AAZR-01A,1.0,0.0,0.0,0.0,0.0
1,122446684,-,1,122471303,+,CHOL,660,TCGA-4G-AAZR-01A,TCGA-4G-AAZR-01A,1.0,0.0,0.0,0.0,0.0
10,39338189,+,10,39342004,-,CHOL,661,TCGA-4G-AAZR-01A,TCGA-4G-AAZR-01A,1.0,0.0,0.0,0.0,0.0
12,54110148,+,20,29564357,+,CHOL,662,TCGA-4G-AAZR-01A,TCGA-4G-AAZR-01A,1.0,0.0,0.0,0.0,0.0
12,93596661,+,12,93599199,-,CHOL,663,TCGA-4G-AAZR-01A,TCGA-4G-AAZR-01A,1.0,0.0,0.0,0.0,0.0
13,17423841,+,13,17597890,-,CHOL,664,TCGA-4G-AAZR-01A,TCGA-4G-AAZR-01A,1.0,0.0,0.0,0.0,0.0
13,25190466,-,17,22154762,-,CHOL,665,TCGA-4G-AAZR-01A,TCGA-4G-AAZR-01A,1.0,0.0,0.0,0.0,0.0
17,22822683,-,17,23180668,+,CHOL,666,TCGA-4G-AAZR-01A,TCGA-4G-AAZR-01A,1.0,0.0,0.0,0.0,0.0
17,22877405,-,17,23183162,+,CHOL,667,TCGA-4G-AAZR-01A,TCGA-4G-AAZR-01A,1.0,0.0,0.0,0.0,0.0
17,22879411,-,17,22977044,+,CHOL,668,TCGA-4G-AAZR-01A,TCGA-4G-AAZR-01A,1.0,0.0,0.0,0.0,0.0
18,15558505,+,18,15704778,-,CHOL,669,TCGA-4G-AAZR-01A,TCGA-4G-AAZR-01A,1.0,0.0,0.0,0.0,0.0
18,15636650,+,18,15745413,-,CHOL,670,TCGA-4G-AAZR-01A,TCGA-4G-AAZR-01A,1.0,0.0,0.0,0.0,0.0
18,20711499,-,18,20721371,+,CHOL,671,TCGA-4G-AAZR-01A,TCGA-4G-AAZR-01A,1.0,0.0,0.0,0.0,0.0
2,59095031,-,7,11354214,+,CHOL,672,TCGA-4G-AAZR-01A,TCGA-4G-AAZR-01A,1.0,0.0,0.0,0.0,0.0
2,92866352,+,2,92876331,-,CHOL,673,TCGA-4G-AAZR-01A,TCGA-4G-AAZR-01A,1.0,0.0,0.0,0.0,0.0
20,29747294,+,20,30493757,-,CHOL,674,TCGA-4G-AAZR-01A,TCGA-4G-AAZR-01A,1.0,0.0,0.0,0.0,0.0
3,60538782,+,3,60613502,-,CHOL,675,TCGA-4G-AAZR-01A,TCGA-4G-AAZR-01A,1.0,0.0,0.0,0.0,0.0
3,92715095,+,3,93490672,-,CHOL,676,TCGA-4G-AAZR-01A,TCGA-4G-AAZR-01A,1.0,0.0,0.0,0.0,0.0
4,38770701,+,12,117657015,+,CHOL,677,TCGA-4G-AAZR-01A,TCGA-4G-AAZR-01A,1.0,0.0,0.0,0.0,0.0
4,90228568,+,4,90471206,-,CHOL,678,TCGA-4G-AAZR-01A,TCGA-4G-AAZR-01A,1.0,0.0,0.0,0.0,0.0
4,101249552,+,7,142324938,+,CHOL,679,TCGA-4G-AAZR-01A,TCGA-4G-AAZR-01A,1.0,0.0,0.0,0.0,0.0
5,49678980,+,5,49699012,-,CHOL,680,TCGA-4G-AAZR-01A,TCGA-4G-AAZR-01A,1.0,0.0,0.0,0.0,0.0
6,27652980,-,10,120798091,+,CHOL,681,TCGA-4G-AAZR-01A,TCGA-4G-AAZR-01A,1.0,0.0,0.0,0.0,0.0
7,4497343,+,7,9621845,-,CHOL,682,TCGA-4G-AAZR-01A,TCGA-4G-AAZR-01A,1.0,0.0,0.0,0.0,0.0
8,36230163,-,8,79128800,-,CHOL,683,TCGA-4G-AAZR-01A,TCGA-4G-AAZR-01A,1.0,0.0,0.0,0.0,0.0
8,45399344,-,8,45678790,+,CHOL,684,TCGA-4G-AAZR-01A,TCGA-4G-AAZR-01A,1.0,0.0,0.0,0.0,0.0
9,40229206,+,9,42858478,-,CHOL,685,TCGA-4G-AAZR-01A,TCGA-4G-AAZR-01A,1.0,0.0,0.0,0.0,0.0
9,43178680,+,18,15403539,-,CHOL,686,TCGA-4G-AAZR-01A,TCGA-4G-AAZR-01A,1.0,0.0,0.0,0.0,0.0
1,120998,-,1,712055,+,CHOL,687,TCGA-4G-AAZT-01A,TCGA-4G-AAZT-01A,1.0,0.0,0.0,0.0,0.0
1,32189206,-,1,149956123,-,CHOL,688,TCGA-4G-AAZT-01A,TCGA-4G-AAZT-01A,1.0,0.0,0.0,0.0,0.0
1,46696794,+,1,119878931,+,CHOL,689,TCGA-4G-AAZT-01A,TCGA-4G-AAZT-01A,1.0,0.0,0.0,0.0,0.0
1,46696963,-,1,162190122,-,CHOL,690,TCGA-4G-AAZT-01A,TCGA-4G-AAZT-01A,1.0,0.0,0.0,0.0,0.0
1,46799195,-,1,192695638,+,CHOL,691,TCGA-4G-AAZT-01A,TCGA-4G-AAZT-01A,1.0,0.0,0.0,0.0,0.0
1,51878725,+,1,53541886,-,CHOL,692,TCGA-4G-AAZT-01A,TCGA-4G-AAZT-01A,1.0,0.0,0.0,0.0,0.0
1,54932363,-,20,33976039,+,CHOL,693,TCGA-4G-AAZT-01A,TCGA-4G-AAZT-01A,1.0,0.0,0.0,0.0,0.0
1,117370371,-,1,117373305,+,CHOL,694,TCGA-4G-AAZT-01A,TCGA-4G-AAZT-01A,1.0,0.0,0.0,0.0,0.0
1,117370950,+,1,117524407,-,CHOL,695,TCGA-4G-AAZT-01A,TCGA-4G-AAZT-01A,1.0,0.0,0.0,0.0,0.0
1,119878929,-,1,162190034,+,CHOL,696,TCGA-4G-AAZT-01A,TCGA-4G-AAZT-01A,1.0,0.0,0.0,0.0,0.0
1,149956133,+,2,96568138,+,CHOL,697,TCGA-4G-AAZT-01A,TCGA-4G-AAZT-01A,1.0,0.0,0.0,0.0,0.0
1,154174408,+,20,47511556,+,CHOL,698,TCGA-4G-AAZT-01A,TCGA-4G-AAZT-01A,1.0,0.0,0.0,0.0,0.0
1,160990696,+,1,246128664,-,CHOL,699,TCGA-4G-AAZT-01A,TCGA-4G-AAZT-01A,1.0,0.0,0.0,0.0,0.0
1,160990984,-,1,192698006,-,CHOL,700,TCGA-4G-AAZT-01A,TCGA-4G-AAZT-01A,1.0,0.0,0.0,0.0,0.0
1,183829401,+,1,183890528,-,CHOL,701,TCGA-4G-AAZT-01A,TCGA-4G-AAZT-01A,1.0,0.0,0.0,0.0,0.0
1,190195933,+,1,222198057,-,CHOL,702,TCGA-4G-AAZT-01A,TCGA-4G-AAZT-01A,1.0,0.0,0.0,0.0,0.0
1,190212266,-,1,248592369,-,CHOL,703,TCGA-4G-AAZT-01A,TCGA-4G-AAZT-01A,1.0,0.0,0.0,0.0,0.0
1,194629810,-,1,248883405,+,CHOL,704,TCGA-4G-AAZT-01A,TCGA-4G-AAZT-01A,1.0,0.0,0.0,0.0,0.0
1,194760667,+,1,248594648,+,CHOL,705,TCGA-4G-AAZT-01A,TCGA-4G-AAZT-01A,1.0,0.0,0.0,0.0,0.0
1,195146440,-,1,248603028,-,CHOL,706,TCGA-4G-AAZT-01A,TCGA-4G-AAZT-01A,1.0,0.0,0.0,0.0,0.0
1,222292548,-,1,248592153,+,CHOL,707,TCGA-4G-AAZT-01A,TCGA-4G-AAZT-01A,1.0,0.0,0.0,0.0,0.0
1,246127239,+,1,246128557,+,CHOL,708,TCGA-4G-AAZT-01A,TCGA-4G-AAZT-01A,1.0,0.0,0.0,0.0,0.0
11,54353348,-,11,54407639,+,CHOL,709,TCGA-4G-AAZT-01A,TCGA-4G-AAZT-01A,1.0,0.0,0.0,0.0,0.0
11,55354122,+,11,55376150,-,CHOL,710,TCGA-4G-AAZT-01A,TCGA-4G-AAZT-01A,1.0,0.0,0.0,0.0,0.0
11,68122870,+,20,3261772,+,CHOL,711,TCGA-4G-AAZT-01A,TCGA-4G-AAZT-01A,1.0,0.0,0.0,0.0,0.0
12,123695338,+,12,123695571,-,CHOL,712,TCGA-4G-AAZT-01A,TCGA-4G-AAZT-01A,1.0,0.0,0.0,0.0,0.0
13,17926887,-,13,17968834,+,CHOL,713,TCGA-4G-AAZT-01A,TCGA-4G-AAZT-01A,1.0,0.0,0.0,0.0,0.0
13,25990865,+,13,26039304,-,CHOL,714,TCGA-4G-AAZT-01A,TCGA-4G-AAZT-01A,1.0,0.0,0.0,0.0,0.0
16,7237978,+,16,7265725,-,CHOL,715,TCGA-4G-AAZT-01A,TCGA-4G-AAZT-01A,1.0,0.0,0.0,0.0,0.0
18,15636319,-,18,15701178,+,CHOL,716,TCGA-4G-AAZT-01A,TCGA-4G-AAZT-01A,1.0,0.0,0.0,0.0,0.0
18,24460322,+,18,24461474,-,CHOL,717,TCGA-4G-AAZT-01A,TCGA-4G-AAZT-01A,1.0,0.0,0.0,0.0,0.0
2,4118714,+,18,1702121,+,CHOL,718,TCGA-4G-AAZT-01A,TCGA-4G-AAZT-01A,1.0,0.0,0.0,0.0,0.0
3,71000227,+,3,71314359,-,CHOL,719,TCGA-4G-AAZT-01A,TCGA-4G-AAZT-01A,1.0,0.0,0.0,0.0,0.0
3,82721926,-,6,83249741,+,CHOL,720,TCGA-4G-AAZT-01A,TCGA-4G-AAZT-01A,1.0,0.0,0.0,0.0,0.0
3,90395114,+,3,102539874,-,CHOL,721,TCGA-4G-AAZT-01A,TCGA-4G-AAZT-01A,1.0,0.0,0.0,0.0,0.0
3,157972211,-,5,18435553,+,CHOL,722,TCGA-4G-AAZT-01A,TCGA-4G-AAZT-01A,1.0,0.0,0.0,0.0,0.0
3,187731245,+,3,187735922,-,CHOL,723,TCGA-4G-AAZT-01A,TCGA-4G-AAZT-01A,1.0,0.0,0.0,0.0,0.0
4,85002574,+,4,85030768,-,CHOL,724,TCGA-4G-AAZT-01A,TCGA-4G-AAZT-01A,1.0,0.0,0.0,0.0,0.0
4,139315075,-,7,86857987,+,CHOL,725,TCGA-4G-AAZT-01A,TCGA-4G-AAZT-01A,1.0,0.0,0.0,0.0,0.0
6,58900298,-,6,59764215,+,CHOL,726,TCGA-4G-AAZT-01A,TCGA-4G-AAZT-01A,1.0,0.0,0.0,0.0,0.0
6,65541242,+,6,81225863,-,CHOL,727,TCGA-4G-AAZT-01A,TCGA-4G-AAZT-01A,1.0,0.0,0.0,0.0,0.0
7,58923389,+,7,60573422,-,CHOL,728,TCGA-4G-AAZT-01A,TCGA-4G-AAZT-01A,1.0,0.0,0.0,0.0,0.0
7,60340847,+,7,62512486,-,CHOL,729,TCGA-4G-AAZT-01A,TCGA-4G-AAZT-01A,1.0,0.0,0.0,0.0,0.0
7,63975465,-,7,64007776,+,CHOL,730,TCGA-4G-AAZT-01A,TCGA-4G-AAZT-01A,1.0,0.0,0.0,0.0,0.0
9,14101136,+,9,14211755,-,CHOL,731,TCGA-4G-AAZT-01A,TCGA-4G-AAZT-01A,1.0,0.0,0.0,0.0,0.0
24,3600564,-,24,3892367,+,CHOL,732,TCGA-4G-AAZT-01A,TCGA-4G-AAZT-01A,1.0,0.0,0.0,0.0,0.0
1,2782257,+,1,33631346,+,CHOL,733,TCGA-W5-AA2G-01A,TCGA-W5-AA2G-01A,1.0,0.0,0.0,0.0,0.0
1,29397793,-,1,36282753,-,CHOL,734,TCGA-W5-AA2G-01A,TCGA-W5-AA2G-01A,1.0,0.0,0.0,0.0,0.0
1,108338810,+,22,28669763,-,CHOL,735,TCGA-W5-AA2G-01A,TCGA-W5-AA2G-01A,1.0,0.0,0.0,0.0,0.0
1,122719003,+,1,123496709,-,CHOL,736,TCGA-W5-AA2G-01A,TCGA-W5-AA2G-01A,1.0,0.0,0.0,0.0,0.0
1,159994826,-,12,14292910,+,CHOL,737,TCGA-W5-AA2G-01A,TCGA-W5-AA2G-01A,1.0,0.0,0.0,0.0,0.0
12,7813447,+,12,7934404,-,CHOL,738,TCGA-W5-AA2G-01A,TCGA-W5-AA2G-01A,1.0,0.0,0.0,0.0,0.0
12,66289496,+,12,66290243,-,CHOL,739,TCGA-W5-AA2G-01A,TCGA-W5-AA2G-01A,1.0,0.0,0.0,0.0,0.0
13,18665200,-,21,13762161,+,CHOL,740,TCGA-W5-AA2G-01A,TCGA-W5-AA2G-01A,1.0,0.0,0.0,0.0,0.0
13,56723845,+,13,88253723,-,CHOL,741,TCGA-W5-AA2G-01A,TCGA-W5-AA2G-01A,1.0,0.0,0.0,0.0,0.0
13,64219549,+,13,67979177,-,CHOL,742,TCGA-W5-AA2G-01A,TCGA-W5-AA2G-01A,1.0,0.0,0.0,0.0,0.0
13,68066418,-,13,84973486,+,CHOL,743,TCGA-W5-AA2G-01A,TCGA-W5-AA2G-01A,1.0,0.0,0.0,0.0,0.0
14,44006432,+,14,44028835,-,CHOL,744,TCGA-W5-AA2G-01A,TCGA-W5-AA2G-01A,1.0,0.0,0.0,0.0,0.0
14,59369519,+,14,106816906,-,CHOL,745,TCGA-W5-AA2G-01A,TCGA-W5-AA2G-01A,1.0,0.0,0.0,0.0,0.0
14,78075587,-,14,79153682,-,CHOL,746,TCGA-W5-AA2G-01A,TCGA-W5-AA2G-01A,1.0,0.0,0.0,0.0,0.0
14,78075608,+,14,78075747,+,CHOL,747,TCGA-W5-AA2G-01A,TCGA-W5-AA2G-01A,1.0,0.0,0.0,0.0,0.0
15,51496750,+,15,51557568,-,CHOL,748,TCGA-W5-AA2G-01A,TCGA-W5-AA2G-01A,1.0,0.0,0.0,0.0,0.0
16,71383635,-,16,71596215,+,CHOL,749,TCGA-W5-AA2G-01A,TCGA-W5-AA2G-01A,1.0,0.0,0.0,0.0,0.0
17,8963317,-,17,9806786,+,CHOL,750,TCGA-W5-AA2G-01A,TCGA-W5-AA2G-01A,1.0,0.0,0.0,0.0,0.0
18,6801819,+,18,7185775,-,CHOL,751,TCGA-W5-AA2G-01A,TCGA-W5-AA2G-01A,1.0,0.0,0.0,0.0,0.0
18,79425198,+,18,79681420,+,CHOL,752,TCGA-W5-AA2G-01A,TCGA-W5-AA2G-01A,1.0,0.0,0.0,0.0,0.0
18,79678792,-,18,79681600,-,CHOL,753,TCGA-W5-AA2G-01A,TCGA-W5-AA2G-01A,1.0,0.0,0.0,0.0,0.0
18,79681420,+,18,79681600,+,CHOL,754,TCGA-W5-AA2G-01A,TCGA-W5-AA2G-01A,1.0,0.0,0.0,0.0,0.0
19,27338791,+,19,27997192,-,CHOL,755,TCGA-W5-AA2G-01A,TCGA-W5-AA2G-01A,1.0,0.0,0.0,0.0,0.0
2,42569215,-,2,222866745,-,CHOL,756,TCGA-W5-AA2G-01A,TCGA-W5-AA2G-01A,1.0,0.0,0.0,0.0,0.0
2,80111041,+,2,80381701,-,CHOL,757,TCGA-W5-AA2G-01A,TCGA-W5-AA2G-01A,1.0,0.0,0.0,0.0,0.0
2,93375654,-,2,93671907,+,CHOL,758,TCGA-W5-AA2G-01A,TCGA-W5-AA2G-01A,1.0,0.0,0.0,0.0,0.0
2,109710065,+,7,5617359,+,CHOL,759,TCGA-W5-AA2G-01A,TCGA-W5-AA2G-01A,1.0,0.0,0.0,0.0,0.0
2,147245102,-,7,99549037,-,CHOL,760,TCGA-W5-AA2G-01A,TCGA-W5-AA2G-01A,1.0,0.0,0.0,0.0,0.0
2,150410181,-,2,150410330,+,CHOL,761,TCGA-W5-AA2G-01A,TCGA-W5-AA2G-01A,1.0,0.0,0.0,0.0,0.0
20,7307603,+,20,13353723,-,CHOL,762,TCGA-W5-AA2G-01A,TCGA-W5-AA2G-01A,1.0,0.0,0.0,0.0,0.0
20,26384421,+,20,26481960,-,CHOL,763,TCGA-W5-AA2G-01A,TCGA-W5-AA2G-01A,1.0,0.0,0.0,0.0,0.0
20,36905038,+,20,36948537,-,CHOL,764,TCGA-W5-AA2G-01A,TCGA-W5-AA2G-01A,1.0,0.0,0.0,0.0,0.0
20,49152981,+,20,49177201,-,CHOL,765,TCGA-W5-AA2G-01A,TCGA-W5-AA2G-01A,1.0,0.0,0.0,0.0,0.0
20,61018342,+,20,61071351,-,CHOL,766,TCGA-W5-AA2G-01A,TCGA-W5-AA2G-01A,1.0,0.0,0.0,0.0,0.0
3,27494774,+,3,27509161,-,CHOL,767,TCGA-W5-AA2G-01A,TCGA-W5-AA2G-01A,1.0,0.0,0.0,0.0,0.0
3,35671424,+,3,82669750,-,CHOL,768,TCGA-W5-AA2G-01A,TCGA-W5-AA2G-01A,1.0,0.0,0.0,0.0,0.0
3,76303281,+,3,77108806,-,CHOL,769,TCGA-W5-AA2G-01A,TCGA-W5-AA2G-01A,1.0,0.0,0.0,0.0,0.0
3,77109480,-,6,94826362,+,CHOL,770,TCGA-W5-AA2G-01A,TCGA-W5-AA2G-01A,1.0,0.0,0.0,0.0,0.0
3,77109688,+,6,94851467,-,CHOL,771,TCGA-W5-AA2G-01A,TCGA-W5-AA2G-01A,1.0,0.0,0.0,0.0,0.0
3,78325866,-,3,82678640,-,CHOL,772,TCGA-W5-AA2G-01A,TCGA-W5-AA2G-01A,1.0,0.0,0.0,0.0,0.0
3,78445618,+,3,78566321,-,CHOL,773,TCGA-W5-AA2G-01A,TCGA-W5-AA2G-01A,1.0,0.0,0.0,0.0,0.0
3,78445964,-,3,82669556,+,CHOL,774,TCGA-W5-AA2G-01A,TCGA-W5-AA2G-01A,1.0,0.0,0.0,0.0,0.0
3,78448293,+,3,82677999,+,CHOL,775,TCGA-W5-AA2G-01A,TCGA-W5-AA2G-01A,1.0,0.0,0.0,0.0,0.0
3,85796688,+,3,88675226,-,CHOL,776,TCGA-W5-AA2G-01A,TCGA-W5-AA2G-01A,1.0,0.0,0.0,0.0,0.0
3,91578763,+,3,91875181,-,CHOL,777,TCGA-W5-AA2G-01A,TCGA-W5-AA2G-01A,1.0,0.0,0.0,0.0,0.0
3,175677480,-,3,175685487,+,CHOL,778,TCGA-W5-AA2G-01A,TCGA-W5-AA2G-01A,1.0,0.0,0.0,0.0,0.0
3,176499013,-,3,176502743,+,CHOL,779,TCGA-W5-AA2G-01A,TCGA-W5-AA2G-01A,1.0,0.0,0.0,0.0,0.0
4,31512445,+,4,32232055,-,CHOL,780,TCGA-W5-AA2G-01A,TCGA-W5-AA2G-01A,1.0,0.0,0.0,0.0,0.0
4,45531777,+,4,52666630,-,CHOL,781,TCGA-W5-AA2G-01A,TCGA-W5-AA2G-01A,1.0,0.0,0.0,0.0,0.0
4,61957181,+,4,63875226,-,CHOL,782,TCGA-W5-AA2G-01A,TCGA-W5-AA2G-01A,1.0,0.0,0.0,0.0,0.0
4,124209240,-,7,32400202,-,CHOL,783,TCGA-W5-AA2G-01A,TCGA-W5-AA2G-01A,1.0,0.0,0.0,0.0,0.0
4,133622986,-,9,128410390,+,CHOL,784,TCGA-W5-AA2G-01A,TCGA-W5-AA2G-01A,1.0,0.0,0.0,0.0,0.0
4,133665629,+,4,133917728,-,CHOL,785,TCGA-W5-AA2G-01A,TCGA-W5-AA2G-01A,1.0,0.0,0.0,0.0,0.0
4,137172876,+,22,28669835,-,CHOL,786,TCGA-W5-AA2G-01A,TCGA-W5-AA2G-01A,1.0,0.0,0.0,0.0,0.0
4,174844459,+,4,174874183,-,CHOL,787,TCGA-W5-AA2G-01A,TCGA-W5-AA2G-01A,1.0,0.0,0.0,0.0,0.0
4,175550498,+,7,85854214,-,CHOL,788,TCGA-W5-AA2G-01A,TCGA-W5-AA2G-01A,1.0,0.0,0.0,0.0,0.0
4,188910556,-,17,53555390,+,CHOL,789,TCGA-W5-AA2G-01A,TCGA-W5-AA2G-01A,1.0,0.0,0.0,0.0,0.0
5,18820783,+,5,19398193,-,CHOL,790,TCGA-W5-AA2G-01A,TCGA-W5-AA2G-01A,1.0,0.0,0.0,0.0,0.0
5,28684496,+,5,28812982,-,CHOL,791,TCGA-W5-AA2G-01A,TCGA-W5-AA2G-01A,1.0,0.0,0.0,0.0,0.0
5,144083603,+,5,144176192,-,CHOL,792,TCGA-W5-AA2G-01A,TCGA-W5-AA2G-01A,1.0,0.0,0.0,0.0,0.0
5,179254798,+,5,179276801,+,CHOL,793,TCGA-W5-AA2G-01A,TCGA-W5-AA2G-01A,1.0,0.0,0.0,0.0,0.0
5,179256471,-,5,179286102,-,CHOL,794,TCGA-W5-AA2G-01A,TCGA-W5-AA2G-01A,1.0,0.0,0.0,0.0,0.0
6,24305745,-,6,24365370,+,CHOL,795,TCGA-W5-AA2G-01A,TCGA-W5-AA2G-01A,1.0,0.0,0.0,0.0,0.0
6,116950125,+,6,116950261,+,CHOL,796,TCGA-W5-AA2G-01A,TCGA-W5-AA2G-01A,1.0,0.0,0.0,0.0,0.0
6,116950175,-,6,116950262,-,CHOL,797,TCGA-W5-AA2G-01A,TCGA-W5-AA2G-01A,1.0,0.0,0.0,0.0,0.0
6,117300123,+,6,120223448,+,CHOL,798,TCGA-W5-AA2G-01A,TCGA-W5-AA2G-01A,1.0,0.0,0.0,0.0,0.0
6,117761480,-,7,70810052,-,CHOL,799,TCGA-W5-AA2G-01A,TCGA-W5-AA2G-01A,1.0,0.0,0.0,0.0,0.0
6,117859936,+,7,136193409,+,CHOL,800,TCGA-W5-AA2G-01A,TCGA-W5-AA2G-01A,1.0,0.0,0.0,0.0,0.0
6,118125752,-,7,93424673,+,CHOL,801,TCGA-W5-AA2G-01A,TCGA-W5-AA2G-01A,1.0,0.0,0.0,0.0,0.0
6,120223363,-,6,123066889,+,CHOL,802,TCGA-W5-AA2G-01A,TCGA-W5-AA2G-01A,1.0,0.0,0.0,0.0,0.0
6,121946480,+,17,53769759,-,CHOL,803,TCGA-W5-AA2G-01A,TCGA-W5-AA2G-01A,1.0,0.0,0.0,0.0,0.0
7,5454265,-,7,5466991,-,CHOL,804,TCGA-W5-AA2G-01A,TCGA-W5-AA2G-01A,1.0,0.0,0.0,0.0,0.0
7,5521718,+,7,5624475,+,CHOL,805,TCGA-W5-AA2G-01A,TCGA-W5-AA2G-01A,1.0,0.0,0.0,0.0,0.0
7,32400435,+,7,113314914,-,CHOL,806,TCGA-W5-AA2G-01A,TCGA-W5-AA2G-01A,1.0,0.0,0.0,0.0,0.0
7,48316081,+,17,8969659,-,CHOL,807,TCGA-W5-AA2G-01A,TCGA-W5-AA2G-01A,1.0,0.0,0.0,0.0,0.0
7,49603230,-,17,53831916,-,CHOL,808,TCGA-W5-AA2G-01A,TCGA-W5-AA2G-01A,1.0,0.0,0.0,0.0,0.0
7,82233149,+,7,87080488,-,CHOL,809,TCGA-W5-AA2G-01A,TCGA-W5-AA2G-01A,1.0,0.0,0.0,0.0,0.0
7,82252265,-,7,108573206,+,CHOL,810,TCGA-W5-AA2G-01A,TCGA-W5-AA2G-01A,1.0,0.0,0.0,0.0,0.0
7,87069156,+,7,93173289,-,CHOL,811,TCGA-W5-AA2G-01A,TCGA-W5-AA2G-01A,1.0,0.0,0.0,0.0,0.0
7,87093436,+,7,93424528,-,CHOL,812,TCGA-W5-AA2G-01A,TCGA-W5-AA2G-01A,1.0,0.0,0.0,0.0,0.0
7,105401146,-,7,105700667,+,CHOL,813,TCGA-W5-AA2G-01A,TCGA-W5-AA2G-01A,1.0,0.0,0.0,0.0,0.0
7,113576119,-,17,8969929,+,CHOL,814,TCGA-W5-AA2G-01A,TCGA-W5-AA2G-01A,1.0,0.0,0.0,0.0,0.0
7,113576296,+,17,53774761,+,CHOL,815,TCGA-W5-AA2G-01A,TCGA-W5-AA2G-01A,1.0,0.0,0.0,0.0,0.0
7,120218386,+,7,120255728,+,CHOL,816,TCGA-W5-AA2G-01A,TCGA-W5-AA2G-01A,1.0,0.0,0.0,0.0,0.0
7,120218527,-,7,123876098,+,CHOL,817,TCGA-W5-AA2G-01A,TCGA-W5-AA2G-01A,1.0,0.0,0.0,0.0,0.0
7,123865839,-,7,123949058,-,CHOL,818,TCGA-W5-AA2G-01A,TCGA-W5-AA2G-01A,1.0,0.0,0.0,0.0,0.0
8,5048974,+,8,5057737,-,CHOL,819,TCGA-W5-AA2G-01A,TCGA-W5-AA2G-01A,1.0,0.0,0.0,0.0,0.0
8,39454544,-,20,5008411,-,CHOL,820,TCGA-W5-AA2G-01A,TCGA-W5-AA2G-01A,1.0,0.0,0.0,0.0,0.0
8,112728249,+,8,113343953,-,CHOL,821,TCGA-W5-AA2G-01A,TCGA-W5-AA2G-01A,1.0,0.0,0.0,0.0,0.0
8,139159316,+,8,139984746,-,CHOL,822,TCGA-W5-AA2G-01A,TCGA-W5-AA2G-01A,1.0,0.0,0.0,0.0,0.0
9,21838443,+,9,21985250,-,CHOL,823,TCGA-W5-AA2G-01A,TCGA-W5-AA2G-01A,1.0,0.0,0.0,0.0,0.0
9,109490016,-,9,110164367,+,CHOL,824,TCGA-W5-AA2G-01A,TCGA-W5-AA2G-01A,1.0,0.0,0.0,0.0,0.0
9,128214066,-,9,128249224,+,CHOL,825,TCGA-W5-AA2G-01A,TCGA-W5-AA2G-01A,1.0,0.0,0.0,0.0,0.0
23,7964000,+,23,128120803,-,CHOL,826,TCGA-W5-AA2G-01A,TCGA-W5-AA2G-01A,1.0,0.0,0.0,0.0,0.0
23,8190216,+,23,42070049,-,CHOL,827,TCGA-W5-AA2G-01A,TCGA-W5-AA2G-01A,1.0,0.0,0.0,0.0,0.0
23,47959162,+,23,63316989,+,CHOL,828,TCGA-W5-AA2G-01A,TCGA-W5-AA2G-01A,1.0,0.0,0.0,0.0,0.0
23,111034893,-,23,120696093,+,CHOL,829,TCGA-W5-AA2G-01A,TCGA-W5-AA2G-01A,1.0,0.0,0.0,0.0,0.0
23,123360206,+,23,124774734,-,CHOL,830,TCGA-W5-AA2G-01A,TCGA-W5-AA2G-01A,1.0,0.0,0.0,0.0,0.0
23,126172275,+,23,126172842,+,CHOL,831,TCGA-W5-AA2G-01A,TCGA-W5-AA2G-01A,1.0,0.0,0.0,0.0,0.0
23,126172322,-,23,126218120,-,CHOL,832,TCGA-W5-AA2G-01A,TCGA-W5-AA2G-01A,1.0,0.0,0.0,0.0,0.0
23,141644165,+,23,144660965,-,CHOL,833,TCGA-W5-AA2G-01A,TCGA-W5-AA2G-01A,1.0,0.0,0.0,0.0,0.0
11,53063390,-,11,54165742,+,CHOL,834,TCGA-W5-AA2H-01A,TCGA-W5-AA2H-01A,1.0,0.0,0.0,0.0,0.0
11,54371202,+,11,54381508,-,CHOL,835,TCGA-W5-AA2H-01A,TCGA-W5-AA2H-01A,1.0,0.0,0.0,0.0,0.0
15,43495525,+,17,610149,-,CHOL,836,TCGA-W5-AA2H-01A,TCGA-W5-AA2H-01A,1.0,0.0,0.0,0.0,0.0
20,29538733,+,20,29540287,-,CHOL,837,TCGA-W5-AA2H-01A,TCGA-W5-AA2H-01A,1.0,0.0,0.0,0.0,0.0
5,80548930,-,15,66420710,-,CHOL,838,TCGA-W5-AA2H-01A,TCGA-W5-AA2H-01A,1.0,0.0,0.0,0.0,0.0
6,58556667,-,6,59456529,+,CHOL,839,TCGA-W5-AA2H-01A,TCGA-W5-AA2H-01A,1.0,0.0,0.0,0.0,0.0
6,160661142,-,22,22110022,+,CHOL,840,TCGA-W5-AA2H-01A,TCGA-W5-AA2H-01A,1.0,0.0,0.0,0.0,0.0
7,147090323,-,15,85630235,-,CHOL,841,TCGA-W5-AA2H-01A,TCGA-W5-AA2H-01A,1.0,0.0,0.0,0.0,0.0
9,1182344,-,23,1649019,-,CHOL,842,TCGA-W5-AA2H-01A,TCGA-W5-AA2H-01A,1.0,0.0,0.0,0.0,0.0
1,28827676,-,14,60336690,+,CHOL,843,TCGA-W5-AA2I-01A,TCGA-W5-AA2I-01A,1.0,0.0,0.0,0.0,0.0
1,56983075,+,21,19345965,+,CHOL,844,TCGA-W5-AA2I-01A,TCGA-W5-AA2I-01A,1.0,0.0,0.0,0.0,0.0
1,179744052,-,1,179744383,+,CHOL,845,TCGA-W5-AA2I-01A,TCGA-W5-AA2I-01A,1.0,0.0,0.0,0.0,0.0
1,244924043,-,1,244927603,+,CHOL,846,TCGA-W5-AA2I-01A,TCGA-W5-AA2I-01A,1.0,0.0,0.0,0.0,0.0
1,244924174,+,1,244937904,-,CHOL,847,TCGA-W5-AA2I-01A,TCGA-W5-AA2I-01A,1.0,0.0,0.0,0.0,0.0
1,244927603,+,1,244937793,-,CHOL,848,TCGA-W5-AA2I-01A,TCGA-W5-AA2I-01A,1.0,0.0,0.0,0.0,0.0
10,39268611,+,10,41784509,+,CHOL,849,TCGA-W5-AA2I-01A,TCGA-W5-AA2I-01A,1.0,0.0,0.0,0.0,0.0
10,63538535,+,10,70053766,-,CHOL,850,TCGA-W5-AA2I-01A,TCGA-W5-AA2I-01A,1.0,0.0,0.0,0.0,0.0
10,70099724,+,10,132091517,-,CHOL,851,TCGA-W5-AA2I-01A,TCGA-W5-AA2I-01A,1.0,0.0,0.0,0.0,0.0
12,2265363,+,12,2267583,+,CHOL,852,TCGA-W5-AA2I-01A,TCGA-W5-AA2I-01A,1.0,0.0,0.0,0.0,0.0
13,16918345,+,13,17287422,-,CHOL,853,TCGA-W5-AA2I-01A,TCGA-W5-AA2I-01A,1.0,0.0,0.0,0.0,0.0
13,18761757,-,18,14318926,-,CHOL,854,TCGA-W5-AA2I-01A,TCGA-W5-AA2I-01A,1.0,0.0,0.0,0.0,0.0
13,25075827,-,22,28670133,+,CHOL,855,TCGA-W5-AA2I-01A,TCGA-W5-AA2I-01A,1.0,0.0,0.0,0.0,0.0
14,68794831,-,16,53010800,-,CHOL,856,TCGA-W5-AA2I-01A,TCGA-W5-AA2I-01A,1.0,0.0,0.0,0.0,0.0
15,88690324,+,15,88691887,-,CHOL,857,TCGA-W5-AA2I-01A,TCGA-W5-AA2I-01A,1.0,0.0,0.0,0.0,0.0
17,7043142,+,17,7991955,-,CHOL,858,TCGA-W5-AA2I-01A,TCGA-W5-AA2I-01A,1.0,0.0,0.0,0.0,0.0
17,22879426,-,17,22977038,+,CHOL,859,TCGA-W5-AA2I-01A,TCGA-W5-AA2I-01A,1.0,0.0,0.0,0.0,0.0
18,15472733,-,18,15564811,+,CHOL,860,TCGA-W5-AA2I-01A,TCGA-W5-AA2I-01A,1.0,0.0,0.0,0.0,0.0
18,48364485,-,18,48364741,+,CHOL,861,TCGA-W5-AA2I-01A,TCGA-W5-AA2I-01A,1.0,0.0,0.0,0.0,0.0
19,465274,-,19,1405488,+,CHOL,862,TCGA-W5-AA2I-01A,TCGA-W5-AA2I-01A,1.0,0.0,0.0,0.0,0.0
19,16904694,-,19,19210501,+,CHOL,863,TCGA-W5-AA2I-01A,TCGA-W5-AA2I-01A,1.0,0.0,0.0,0.0,0.0
2,93375665,-,2,93671895,+,CHOL,864,TCGA-W5-AA2I-01A,TCGA-W5-AA2I-01A,1.0,0.0,0.0,0.0,0.0
2,93876745,-,2,94156207,+,CHOL,865,TCGA-W5-AA2I-01A,TCGA-W5-AA2I-01A,1.0,0.0,0.0,0.0,0.0
2,95971289,+,2,97134032,+,CHOL,866,TCGA-W5-AA2I-01A,TCGA-W5-AA2I-01A,1.0,0.0,0.0,0.0,0.0
2,95971428,-,2,97133836,-,CHOL,867,TCGA-W5-AA2I-01A,TCGA-W5-AA2I-01A,1.0,0.0,0.0,0.0,0.0
2,158690671,+,2,158691834,-,CHOL,868,TCGA-W5-AA2I-01A,TCGA-W5-AA2I-01A,1.0,0.0,0.0,0.0,0.0
2,158691959,+,2,158692754,-,CHOL,869,TCGA-W5-AA2I-01A,TCGA-W5-AA2I-01A,1.0,0.0,0.0,0.0,0.0
2,179064984,-,2,179091252,+,CHOL,870,TCGA-W5-AA2I-01A,TCGA-W5-AA2I-01A,1.0,0.0,0.0,0.0,0.0
2,179065409,+,2,179091539,-,CHOL,871,TCGA-W5-AA2I-01A,TCGA-W5-AA2I-01A,1.0,0.0,0.0,0.0,0.0
20,26385194,-,20,26512591,+,CHOL,872,TCGA-W5-AA2I-01A,TCGA-W5-AA2I-01A,1.0,0.0,0.0,0.0,0.0
20,28761420,-,21,10794805,-,CHOL,873,TCGA-W5-AA2I-01A,TCGA-W5-AA2I-01A,1.0,0.0,0.0,0.0,0.0
22,29797255,-,22,30470223,+,CHOL,874,TCGA-W5-AA2I-01A,TCGA-W5-AA2I-01A,1.0,0.0,0.0,0.0,0.0
3,90401328,-,20,30985344,+,CHOL,875,TCGA-W5-AA2I-01A,TCGA-W5-AA2I-01A,1.0,0.0,0.0,0.0,0.0
3,91045778,-,3,91261501,-,CHOL,876,TCGA-W5-AA2I-01A,TCGA-W5-AA2I-01A,1.0,0.0,0.0,0.0,0.0
3,191924825,+,3,192774871,-,CHOL,877,TCGA-W5-AA2I-01A,TCGA-W5-AA2I-01A,1.0,0.0,0.0,0.0,0.0
4,34468100,+,4,34501676,-,CHOL,878,TCGA-W5-AA2I-01A,TCGA-W5-AA2I-01A,1.0,0.0,0.0,0.0,0.0
4,34468220,-,4,45543535,+,CHOL,879,TCGA-W5-AA2I-01A,TCGA-W5-AA2I-01A,1.0,0.0,0.0,0.0,0.0
4,34500733,+,4,45543594,-,CHOL,880,TCGA-W5-AA2I-01A,TCGA-W5-AA2I-01A,1.0,0.0,0.0,0.0,0.0
4,103916335,+,14,74134606,-,CHOL,881,TCGA-W5-AA2I-01A,TCGA-W5-AA2I-01A,1.0,0.0,0.0,0.0,0.0
4,131923896,-,4,147723045,-,CHOL,882,TCGA-W5-AA2I-01A,TCGA-W5-AA2I-01A,1.0,0.0,0.0,0.0,0.0
4,147722935,+,14,77918945,+,CHOL,883,TCGA-W5-AA2I-01A,TCGA-W5-AA2I-01A,1.0,0.0,0.0,0.0,0.0
4,152394646,+,11,2492201,+,CHOL,884,TCGA-W5-AA2I-01A,TCGA-W5-AA2I-01A,1.0,0.0,0.0,0.0,0.0
4,153589087,-,14,20979018,-,CHOL,885,TCGA-W5-AA2I-01A,TCGA-W5-AA2I-01A,1.0,0.0,0.0,0.0,0.0
4,154229881,-,11,58517644,-,CHOL,886,TCGA-W5-AA2I-01A,TCGA-W5-AA2I-01A,1.0,0.0,0.0,0.0,0.0
4,154832674,+,4,154855645,+,CHOL,887,TCGA-W5-AA2I-01A,TCGA-W5-AA2I-01A,1.0,0.0,0.0,0.0,0.0
4,154832809,-,4,158747810,+,CHOL,888,TCGA-W5-AA2I-01A,TCGA-W5-AA2I-01A,1.0,0.0,0.0,0.0,0.0
4,154855669,-,4,158747843,-,CHOL,889,TCGA-W5-AA2I-01A,TCGA-W5-AA2I-01A,1.0,0.0,0.0,0.0,0.0
4,158465388,+,4,158469845,-,CHOL,890,TCGA-W5-AA2I-01A,TCGA-W5-AA2I-01A,1.0,0.0,0.0,0.0,0.0
4,160732445,+,14,20979004,+,CHOL,891,TCGA-W5-AA2I-01A,TCGA-W5-AA2I-01A,1.0,0.0,0.0,0.0,0.0
5,46610995,-,5,46715575,+,CHOL,892,TCGA-W5-AA2I-01A,TCGA-W5-AA2I-01A,1.0,0.0,0.0,0.0,0.0
5,49705992,-,5,49711013,+,CHOL,893,TCGA-W5-AA2I-01A,TCGA-W5-AA2I-01A,1.0,0.0,0.0,0.0,0.0
5,87542310,+,5,87559844,+,CHOL,894,TCGA-W5-AA2I-01A,TCGA-W5-AA2I-01A,1.0,0.0,0.0,0.0,0.0
5,87544114,-,5,89147423,+,CHOL,895,TCGA-W5-AA2I-01A,TCGA-W5-AA2I-01A,1.0,0.0,0.0,0.0,0.0
5,87560649,-,5,89147437,-,CHOL,896,TCGA-W5-AA2I-01A,TCGA-W5-AA2I-01A,1.0,0.0,0.0,0.0,0.0
6,62291332,-,6,64182271,-,CHOL,897,TCGA-W5-AA2I-01A,TCGA-W5-AA2I-01A,1.0,0.0,0.0,0.0,0.0
6,62451454,+,6,64070454,-,CHOL,898,TCGA-W5-AA2I-01A,TCGA-W5-AA2I-01A,1.0,0.0,0.0,0.0,0.0
6,62478407,+,6,64178268,+,CHOL,899,TCGA-W5-AA2I-01A,TCGA-W5-AA2I-01A,1.0,0.0,0.0,0.0,0.0
6,92750409,+,6,92751630,-,CHOL,900,TCGA-W5-AA2I-01A,TCGA-W5-AA2I-01A,1.0,0.0,0.0,0.0,0.0
6,104003624,-,11,134403987,-,CHOL,901,TCGA-W5-AA2I-01A,TCGA-W5-AA2I-01A,1.0,0.0,0.0,0.0,0.0
7,110734429,-,7,110743600,+,CHOL,902,TCGA-W5-AA2I-01A,TCGA-W5-AA2I-01A,1.0,0.0,0.0,0.0,0.0
7,150974126,-,7,151097572,-,CHOL,903,TCGA-W5-AA2I-01A,TCGA-W5-AA2I-01A,1.0,0.0,0.0,0.0,0.0
8,39559152,+,8,39583808,+,CHOL,904,TCGA-W5-AA2I-01A,TCGA-W5-AA2I-01A,1.0,0.0,0.0,0.0,0.0
8,59665320,-,8,126304719,+,CHOL,905,TCGA-W5-AA2I-01A,TCGA-W5-AA2I-01A,1.0,0.0,0.0,0.0,0.0
8,108204767,-,13,79706082,+,CHOL,906,TCGA-W5-AA2I-01A,TCGA-W5-AA2I-01A,1.0,0.0,0.0,0.0,0.0
9,13434655,+,12,4029181,+,CHOL,907,TCGA-W5-AA2I-01A,TCGA-W5-AA2I-01A,1.0,0.0,0.0,0.0,0.0
9,77032778,-,9,79034587,+,CHOL,908,TCGA-W5-AA2I-01A,TCGA-W5-AA2I-01A,1.0,0.0,0.0,0.0,0.0
9,132927520,-,10,28348988,+,CHOL,909,TCGA-W5-AA2I-01A,TCGA-W5-AA2I-01A,1.0,0.0,0.0,0.0,0.0
1,11082075,+,1,31183549,-,CHOL,910,TCGA-W5-AA2J-01A,TCGA-W5-AA2J-01A,1.0,0.0,0.0,0.0,0.0
1,89253581,-,3,98909380,-,CHOL,911,TCGA-W5-AA2J-01A,TCGA-W5-AA2J-01A,1.0,0.0,0.0,0.0,0.0
1,89254198,+,23,31170712,+,CHOL,912,TCGA-W5-AA2J-01A,TCGA-W5-AA2J-01A,1.0,0.0,0.0,0.0,0.0
1,233686155,-,13,83911027,+,CHOL,913,TCGA-W5-AA2J-01A,TCGA-W5-AA2J-01A,1.0,0.0,0.0,0.0,0.0
1,242276754,-,10,38321953,-,CHOL,914,TCGA-W5-AA2J-01A,TCGA-W5-AA2J-01A,1.0,0.0,0.0,0.0,0.0
1,245241676,-,1,245259821,+,CHOL,915,TCGA-W5-AA2J-01A,TCGA-W5-AA2J-01A,1.0,0.0,0.0,0.0,0.0
10,32158594,-,10,32227654,+,CHOL,916,TCGA-W5-AA2J-01A,TCGA-W5-AA2J-01A,1.0,0.0,0.0,0.0,0.0
10,42147023,+,17,26734148,+,CHOL,917,TCGA-W5-AA2J-01A,TCGA-W5-AA2J-01A,1.0,0.0,0.0,0.0,0.0
10,48596759,+,10,48626729,-,CHOL,918,TCGA-W5-AA2J-01A,TCGA-W5-AA2J-01A,1.0,0.0,0.0,0.0,0.0
10,51940260,+,10,51975576,-,CHOL,919,TCGA-W5-AA2J-01A,TCGA-W5-AA2J-01A,1.0,0.0,0.0,0.0,0.0
10,71024700,+,10,71044132,-,CHOL,920,TCGA-W5-AA2J-01A,TCGA-W5-AA2J-01A,1.0,0.0,0.0,0.0,0.0
10,85171861,+,10,85178374,-,CHOL,921,TCGA-W5-AA2J-01A,TCGA-W5-AA2J-01A,1.0,0.0,0.0,0.0,0.0
10,85835735,+,10,109379886,-,CHOL,922,TCGA-W5-AA2J-01A,TCGA-W5-AA2J-01A,1.0,0.0,0.0,0.0,0.0
10,109989641,+,10,110056555,-,CHOL,923,TCGA-W5-AA2J-01A,TCGA-W5-AA2J-01A,1.0,0.0,0.0,0.0,0.0
11,2633141,+,11,16445816,+,CHOL,924,TCGA-W5-AA2J-01A,TCGA-W5-AA2J-01A,1.0,0.0,0.0,0.0,0.0
11,3537962,+,11,72275101,-,CHOL,925,TCGA-W5-AA2J-01A,TCGA-W5-AA2J-01A,1.0,0.0,0.0,0.0,0.0
11,7170220,+,11,26589226,-,CHOL,926,TCGA-W5-AA2J-01A,TCGA-W5-AA2J-01A,1.0,0.0,0.0,0.0,0.0
11,8126988,-,11,8128168,-,CHOL,927,TCGA-W5-AA2J-01A,TCGA-W5-AA2J-01A,1.0,0.0,0.0,0.0,0.0
11,15523495,-,11,66945416,+,CHOL,928,TCGA-W5-AA2J-01A,TCGA-W5-AA2J-01A,1.0,0.0,0.0,0.0,0.0
11,55032892,-,11,55677340,+,CHOL,929,TCGA-W5-AA2J-01A,TCGA-W5-AA2J-01A,1.0,0.0,0.0,0.0,0.0
11,70270332,+,11,72274389,+,CHOL,930,TCGA-W5-AA2J-01A,TCGA-W5-AA2J-01A,1.0,0.0,0.0,0.0,0.0
11,71329624,-,11,75015558,+,CHOL,931,TCGA-W5-AA2J-01A,TCGA-W5-AA2J-01A,1.0,0.0,0.0,0.0,0.0
11,72375380,+,11,72445339,+,CHOL,932,TCGA-W5-AA2J-01A,TCGA-W5-AA2J-01A,1.0,0.0,0.0,0.0,0.0
11,74131435,-,11,76722860,-,CHOL,933,TCGA-W5-AA2J-01A,TCGA-W5-AA2J-01A,1.0,0.0,0.0,0.0,0.0
11,78875316,+,11,79127286,+,CHOL,934,TCGA-W5-AA2J-01A,TCGA-W5-AA2J-01A,1.0,0.0,0.0,0.0,0.0
11,108790421,+,11,108790699,+,CHOL,935,TCGA-W5-AA2J-01A,TCGA-W5-AA2J-01A,1.0,0.0,0.0,0.0,0.0
11,127518179,+,11,127609527,-,CHOL,936,TCGA-W5-AA2J-01A,TCGA-W5-AA2J-01A,1.0,0.0,0.0,0.0,0.0
12,4252355,-,12,23084745,-,CHOL,937,TCGA-W5-AA2J-01A,TCGA-W5-AA2J-01A,1.0,0.0,0.0,0.0,0.0
12,73707567,+,12,74433146,-,CHOL,938,TCGA-W5-AA2J-01A,TCGA-W5-AA2J-01A,1.0,0.0,0.0,0.0,0.0
13,18754844,-,18,14325857,-,CHOL,939,TCGA-W5-AA2J-01A,TCGA-W5-AA2J-01A,1.0,0.0,0.0,0.0,0.0
13,73071294,-,13,73207658,+,CHOL,940,TCGA-W5-AA2J-01A,TCGA-W5-AA2J-01A,1.0,0.0,0.0,0.0,0.0
13,105176552,+,13,106482947,+,CHOL,941,TCGA-W5-AA2J-01A,TCGA-W5-AA2J-01A,1.0,0.0,0.0,0.0,0.0
15,40677819,-,23,31170384,-,CHOL,942,TCGA-W5-AA2J-01A,TCGA-W5-AA2J-01A,1.0,0.0,0.0,0.0,0.0
17,22913370,-,17,23193118,+,CHOL,943,TCGA-W5-AA2J-01A,TCGA-W5-AA2J-01A,1.0,0.0,0.0,0.0,0.0
17,31791305,+,17,31973259,-,CHOL,944,TCGA-W5-AA2J-01A,TCGA-W5-AA2J-01A,1.0,0.0,0.0,0.0,0.0
17,42069465,+,17,42424761,-,CHOL,945,TCGA-W5-AA2J-01A,TCGA-W5-AA2J-01A,1.0,0.0,0.0,0.0,0.0
2,42227012,+,11,108790562,-,CHOL,946,TCGA-W5-AA2J-01A,TCGA-W5-AA2J-01A,1.0,0.0,0.0,0.0,0.0
2,42227013,+,11,108790422,+,CHOL,947,TCGA-W5-AA2J-01A,TCGA-W5-AA2J-01A,1.0,0.0,0.0,0.0,0.0
2,49694743,+,2,49743779,-,CHOL,948,TCGA-W5-AA2J-01A,TCGA-W5-AA2J-01A,1.0,0.0,0.0,0.0,0.0
2,215004544,+,2,215268810,-,CHOL,949,TCGA-W5-AA2J-01A,TCGA-W5-AA2J-01A,1.0,0.0,0.0,0.0,0.0
2,239801605,+,5,11093168,-,CHOL,950,TCGA-W5-AA2J-01A,TCGA-W5-AA2J-01A,1.0,0.0,0.0,0.0,0.0
2,240971907,-,5,10705401,-,CHOL,951,TCGA-W5-AA2J-01A,TCGA-W5-AA2J-01A,1.0,0.0,0.0,0.0,0.0
20,14579880,+,20,14939185,-,CHOL,952,TCGA-W5-AA2J-01A,TCGA-W5-AA2J-01A,1.0,0.0,0.0,0.0,0.0
20,14864456,+,20,14919165,-,CHOL,953,TCGA-W5-AA2J-01A,TCGA-W5-AA2J-01A,1.0,0.0,0.0,0.0,0.0
20,29681092,-,20,30175331,-,CHOL,954,TCGA-W5-AA2J-01A,TCGA-W5-AA2J-01A,1.0,0.0,0.0,0.0,0.0
21,34846332,+,21,34878741,-,CHOL,955,TCGA-W5-AA2J-01A,TCGA-W5-AA2J-01A,1.0,0.0,0.0,0.0,0.0
22,24514928,-,22,24636656,+,CHOL,956,TCGA-W5-AA2J-01A,TCGA-W5-AA2J-01A,1.0,0.0,0.0,0.0,0.0
3,993698,+,3,170480559,+,CHOL,957,TCGA-W5-AA2J-01A,TCGA-W5-AA2J-01A,1.0,0.0,0.0,0.0,0.0
3,1143854,+,3,183625764,+,CHOL,958,TCGA-W5-AA2J-01A,TCGA-W5-AA2J-01A,1.0,0.0,0.0,0.0,0.0
3,1868093,-,3,14113878,-,CHOL,959,TCGA-W5-AA2J-01A,TCGA-W5-AA2J-01A,1.0,0.0,0.0,0.0,0.0
3,1968858,+,3,2001419,-,CHOL,960,TCGA-W5-AA2J-01A,TCGA-W5-AA2J-01A,1.0,0.0,0.0,0.0,0.0
3,2012974,+,3,18624968,+,CHOL,961,TCGA-W5-AA2J-01A,TCGA-W5-AA2J-01A,1.0,0.0,0.0,0.0,0.0
3,4884200,-,3,120482558,-,CHOL,962,TCGA-W5-AA2J-01A,TCGA-W5-AA2J-01A,1.0,0.0,0.0,0.0,0.0
3,4893640,+,3,97938126,+,CHOL,963,TCGA-W5-AA2J-01A,TCGA-W5-AA2J-01A,1.0,0.0,0.0,0.0,0.0
3,7759185,-,3,14028163,-,CHOL,964,TCGA-W5-AA2J-01A,TCGA-W5-AA2J-01A,1.0,0.0,0.0,0.0,0.0
3,10066267,+,3,10068997,-,CHOL,965,TCGA-W5-AA2J-01A,TCGA-W5-AA2J-01A,1.0,0.0,0.0,0.0,0.0
3,10754758,+,3,15643008,-,CHOL,966,TCGA-W5-AA2J-01A,TCGA-W5-AA2J-01A,1.0,0.0,0.0,0.0,0.0
3,11197840,-,3,13957228,+,CHOL,967,TCGA-W5-AA2J-01A,TCGA-W5-AA2J-01A,1.0,0.0,0.0,0.0,0.0
3,11221401,+,3,12360220,-,CHOL,968,TCGA-W5-AA2J-01A,TCGA-W5-AA2J-01A,1.0,0.0,0.0,0.0,0.0
3,11265947,-,3,14008674,-,CHOL,969,TCGA-W5-AA2J-01A,TCGA-W5-AA2J-01A,1.0,0.0,0.0,0.0,0.0
3,11380436,+,3,19396747,+,CHOL,970,TCGA-W5-AA2J-01A,TCGA-W5-AA2J-01A,1.0,0.0,0.0,0.0,0.0
3,11485072,-,3,30152362,+,CHOL,971,TCGA-W5-AA2J-01A,TCGA-W5-AA2J-01A,1.0,0.0,0.0,0.0,0.0
3,11676311,+,3,30046331,-,CHOL,972,TCGA-W5-AA2J-01A,TCGA-W5-AA2J-01A,1.0,0.0,0.0,0.0,0.0
3,12752160,+,3,19122585,-,CHOL,973,TCGA-W5-AA2J-01A,TCGA-W5-AA2J-01A,1.0,0.0,0.0,0.0,0.0
3,12764059,-,3,14020725,+,CHOL,974,TCGA-W5-AA2J-01A,TCGA-W5-AA2J-01A,1.0,0.0,0.0,0.0,0.0
3,12798408,-,3,183164580,+,CHOL,975,TCGA-W5-AA2J-01A,TCGA-W5-AA2J-01A,1.0,0.0,0.0,0.0,0.0
3,13934757,+,3,14104594,+,CHOL,976,TCGA-W5-AA2J-01A,TCGA-W5-AA2J-01A,1.0,0.0,0.0,0.0,0.0
3,13938069,-,3,14587236,+,CHOL,977,TCGA-W5-AA2J-01A,TCGA-W5-AA2J-01A,1.0,0.0,0.0,0.0,0.0
3,13965632,-,3,14814466,-,CHOL,978,TCGA-W5-AA2J-01A,TCGA-W5-AA2J-01A,1.0,0.0,0.0,0.0,0.0
3,13992886,+,3,30010103,-,CHOL,979,TCGA-W5-AA2J-01A,TCGA-W5-AA2J-01A,1.0,0.0,0.0,0.0,0.0
3,14474176,-,5,35887391,-,CHOL,980,TCGA-W5-AA2J-01A,TCGA-W5-AA2J-01A,1.0,0.0,0.0,0.0,0.0
3,14538710,+,3,17357872,+,CHOL,981,TCGA-W5-AA2J-01A,TCGA-W5-AA2J-01A,1.0,0.0,0.0,0.0,0.0
3,14545883,-,3,14613173,-,CHOL,982,TCGA-W5-AA2J-01A,TCGA-W5-AA2J-01A,1.0,0.0,0.0,0.0,0.0
3,14613889,+,3,15827602,-,CHOL,983,TCGA-W5-AA2J-01A,TCGA-W5-AA2J-01A,1.0,0.0,0.0,0.0,0.0
3,14614059,+,17,49024104,-,CHOL,984,TCGA-W5-AA2J-01A,TCGA-W5-AA2J-01A,1.0,0.0,0.0,0.0,0.0
3,14852506,+,3,30173063,-,CHOL,985,TCGA-W5-AA2J-01A,TCGA-W5-AA2J-01A,1.0,0.0,0.0,0.0,0.0
3,15668384,-,3,170544595,-,CHOL,986,TCGA-W5-AA2J-01A,TCGA-W5-AA2J-01A,1.0,0.0,0.0,0.0,0.0
3,15806565,-,3,16810768,+,CHOL,987,TCGA-W5-AA2J-01A,TCGA-W5-AA2J-01A,1.0,0.0,0.0,0.0,0.0
3,15806801,+,6,143935833,-,CHOL,988,TCGA-W5-AA2J-01A,TCGA-W5-AA2J-01A,1.0,0.0,0.0,0.0,0.0
3,15807121,+,3,170240042,-,CHOL,989,TCGA-W5-AA2J-01A,TCGA-W5-AA2J-01A,1.0,0.0,0.0,0.0,0.0
3,15827598,+,23,31170472,-,CHOL,990,TCGA-W5-AA2J-01A,TCGA-W5-AA2J-01A,1.0,0.0,0.0,0.0,0.0
3,15828136,-,3,30008584,+,CHOL,991,TCGA-W5-AA2J-01A,TCGA-W5-AA2J-01A,1.0,0.0,0.0,0.0,0.0
3,16287722,+,3,30064783,-,CHOL,992,TCGA-W5-AA2J-01A,TCGA-W5-AA2J-01A,1.0,0.0,0.0,0.0,0.0
3,16581783,-,3,26684160,+,CHOL,993,TCGA-W5-AA2J-01A,TCGA-W5-AA2J-01A,1.0,0.0,0.0,0.0,0.0
3,16631028,+,3,170465111,+,CHOL,994,TCGA-W5-AA2J-01A,TCGA-W5-AA2J-01A,1.0,0.0,0.0,0.0,0.0
3,16810574,-,3,171599837,+,CHOL,995,TCGA-W5-AA2J-01A,TCGA-W5-AA2J-01A,1.0,0.0,0.0,0.0,0.0
3,16811914,+,23,101241909,-,CHOL,996,TCGA-W5-AA2J-01A,TCGA-W5-AA2J-01A,1.0,0.0,0.0,0.0,0.0
3,16814658,-,3,17361469,-,CHOL,997,TCGA-W5-AA2J-01A,TCGA-W5-AA2J-01A,1.0,0.0,0.0,0.0,0.0
3,17573882,+,3,29940139,-,CHOL,998,TCGA-W5-AA2J-01A,TCGA-W5-AA2J-01A,1.0,0.0,0.0,0.0,0.0
3,18250898,+,3,30275898,+,CHOL,999,TCGA-W5-AA2J-01A,TCGA-W5-AA2J-01A,1.0,0.0,0.0,0.0,0.0
3,19148319,+,3,37158580,+,CHOL,1000,TCGA-W5-AA2J-01A,TCGA-W5-AA2J-01A,1.0,0.0,0.0,0.0,0.0
3,20079681,-,3,80738296,+,CHOL,1001,TCGA-W5-AA2J-01A,TCGA-W5-AA2J-01A,1.0,0.0,0.0,0.0,0.0
3,21132985,+,3,24490822,-,CHOL,1002,TCGA-W5-AA2J-01A,TCGA-W5-AA2J-01A,1.0,0.0,0.0,0.0,0.0
3,24287192,+,3,183206539,-,CHOL,1003,TCGA-W5-AA2J-01A,TCGA-W5-AA2J-01A,1.0,0.0,0.0,0.0,0.0
3,26616055,-,3,30035176,+,CHOL,1004,TCGA-W5-AA2J-01A,TCGA-W5-AA2J-01A,1.0,0.0,0.0,0.0,0.0
3,29926548,+,3,30617168,-,CHOL,1005,TCGA-W5-AA2J-01A,TCGA-W5-AA2J-01A,1.0,0.0,0.0,0.0,0.0
3,33390249,+,3,194841929,-,CHOL,1006,TCGA-W5-AA2J-01A,TCGA-W5-AA2J-01A,1.0,0.0,0.0,0.0,0.0
3,33918543,+,3,114745321,+,CHOL,1007,TCGA-W5-AA2J-01A,TCGA-W5-AA2J-01A,1.0,0.0,0.0,0.0,0.0
3,37157189,-,3,138453574,+,CHOL,1008,TCGA-W5-AA2J-01A,TCGA-W5-AA2J-01A,1.0,0.0,0.0,0.0,0.0
3,37177194,+,3,188221131,-,CHOL,1009,TCGA-W5-AA2J-01A,TCGA-W5-AA2J-01A,1.0,0.0,0.0,0.0,0.0
3,37485490,-,3,49607903,-,CHOL,1010,TCGA-W5-AA2J-01A,TCGA-W5-AA2J-01A,1.0,0.0,0.0,0.0,0.0
3,37504128,+,3,128820706,-,CHOL,1011,TCGA-W5-AA2J-01A,TCGA-W5-AA2J-01A,1.0,0.0,0.0,0.0,0.0
3,37777479,+,3,127131163,-,CHOL,1012,TCGA-W5-AA2J-01A,TCGA-W5-AA2J-01A,1.0,0.0,0.0,0.0,0.0
3,40407021,+,3,128366129,+,CHOL,1013,TCGA-W5-AA2J-01A,TCGA-W5-AA2J-01A,1.0,0.0,0.0,0.0,0.0
3,41284093,+,3,124521616,-,CHOL,1014,TCGA-W5-AA2J-01A,TCGA-W5-AA2J-01A,1.0,0.0,0.0,0.0,0.0
3,43769660,+,3,149481227,-,CHOL,1015,TCGA-W5-AA2J-01A,TCGA-W5-AA2J-01A,1.0,0.0,0.0,0.0,0.0
3,44454025,-,3,149480645,+,CHOL,1016,TCGA-W5-AA2J-01A,TCGA-W5-AA2J-01A,1.0,0.0,0.0,0.0,0.0
3,47019655,-,3,57622038,-,CHOL,1017,TCGA-W5-AA2J-01A,TCGA-W5-AA2J-01A,1.0,0.0,0.0,0.0,0.0
3,47597166,-,3,129559051,+,CHOL,1018,TCGA-W5-AA2J-01A,TCGA-W5-AA2J-01A,1.0,0.0,0.0,0.0,0.0
3,48122852,-,3,157194984,+,CHOL,1019,TCGA-W5-AA2J-01A,TCGA-W5-AA2J-01A,1.0,0.0,0.0,0.0,0.0
3,48295146,+,3,50460708,-,CHOL,1020,TCGA-W5-AA2J-01A,TCGA-W5-AA2J-01A,1.0,0.0,0.0,0.0,0.0
3,48946978,-,3,120482536,+,CHOL,1021,TCGA-W5-AA2J-01A,TCGA-W5-AA2J-01A,1.0,0.0,0.0,0.0,0.0
3,49010431,+,3,128340852,-,CHOL,1022,TCGA-W5-AA2J-01A,TCGA-W5-AA2J-01A,1.0,0.0,0.0,0.0,0.0
3,49608099,+,3,187169177,-,CHOL,1023,TCGA-W5-AA2J-01A,TCGA-W5-AA2J-01A,1.0,0.0,0.0,0.0,0.0
3,49629144,+,3,57240386,-,CHOL,1024,TCGA-W5-AA2J-01A,TCGA-W5-AA2J-01A,1.0,0.0,0.0,0.0,0.0
3,49968615,+,3,80738615,+,CHOL,1025,TCGA-W5-AA2J-01A,TCGA-W5-AA2J-01A,1.0,0.0,0.0,0.0,0.0
3,51915782,+,3,149094946,+,CHOL,1026,TCGA-W5-AA2J-01A,TCGA-W5-AA2J-01A,1.0,0.0,0.0,0.0,0.0
3,52126027,-,3,57910367,+,CHOL,1027,TCGA-W5-AA2J-01A,TCGA-W5-AA2J-01A,1.0,0.0,0.0,0.0,0.0
3,57281012,+,3,125533842,+,CHOL,1028,TCGA-W5-AA2J-01A,TCGA-W5-AA2J-01A,1.0,0.0,0.0,0.0,0.0
3,58297209,-,3,158841380,+,CHOL,1029,TCGA-W5-AA2J-01A,TCGA-W5-AA2J-01A,1.0,0.0,0.0,0.0,0.0
3,58374940,+,3,72699576,+,CHOL,1030,TCGA-W5-AA2J-01A,TCGA-W5-AA2J-01A,1.0,0.0,0.0,0.0,0.0
3,58375058,+,3,141985475,-,CHOL,1031,TCGA-W5-AA2J-01A,TCGA-W5-AA2J-01A,1.0,0.0,0.0,0.0,0.0
3,60724009,+,3,60834249,-,CHOL,1032,TCGA-W5-AA2J-01A,TCGA-W5-AA2J-01A,1.0,0.0,0.0,0.0,0.0
3,62738363,-,3,193530468,+,CHOL,1033,TCGA-W5-AA2J-01A,TCGA-W5-AA2J-01A,1.0,0.0,0.0,0.0,0.0
3,63607419,-,3,128818500,+,CHOL,1034,TCGA-W5-AA2J-01A,TCGA-W5-AA2J-01A,1.0,0.0,0.0,0.0,0.0
3,66411454,-,3,183164486,-,CHOL,1035,TCGA-W5-AA2J-01A,TCGA-W5-AA2J-01A,1.0,0.0,0.0,0.0,0.0
3,70975430,+,3,71753783,-,CHOL,1036,TCGA-W5-AA2J-01A,TCGA-W5-AA2J-01A,1.0,0.0,0.0,0.0,0.0
3,71072698,+,3,73503006,+,CHOL,1037,TCGA-W5-AA2J-01A,TCGA-W5-AA2J-01A,1.0,0.0,0.0,0.0,0.0
3,71139804,-,3,149483063,-,CHOL,1038,TCGA-W5-AA2J-01A,TCGA-W5-AA2J-01A,1.0,0.0,0.0,0.0,0.0
3,71180109,-,3,172378631,+,CHOL,1039,TCGA-W5-AA2J-01A,TCGA-W5-AA2J-01A,1.0,0.0,0.0,0.0,0.0
3,79461795,+,3,80501896,-,CHOL,1040,TCGA-W5-AA2J-01A,TCGA-W5-AA2J-01A,1.0,0.0,0.0,0.0,0.0
3,80720707,-,3,136327411,-,CHOL,1041,TCGA-W5-AA2J-01A,TCGA-W5-AA2J-01A,1.0,0.0,0.0,0.0,0.0
3,93939470,+,3,188469607,+,CHOL,1042,TCGA-W5-AA2J-01A,TCGA-W5-AA2J-01A,1.0,0.0,0.0,0.0,0.0
3,94767443,+,3,95280604,-,CHOL,1043,TCGA-W5-AA2J-01A,TCGA-W5-AA2J-01A,1.0,0.0,0.0,0.0,0.0
3,98909555,+,3,171599575,-,CHOL,1044,TCGA-W5-AA2J-01A,TCGA-W5-AA2J-01A,1.0,0.0,0.0,0.0,0.0
3,100246035,-,3,111837437,-,CHOL,1045,TCGA-W5-AA2J-01A,TCGA-W5-AA2J-01A,1.0,0.0,0.0,0.0,0.0
3,100246036,-,3,108053316,-,CHOL,1046,TCGA-W5-AA2J-01A,TCGA-W5-AA2J-01A,1.0,0.0,0.0,0.0,0.0
3,100246278,+,3,170237479,-,CHOL,1047,TCGA-W5-AA2J-01A,TCGA-W5-AA2J-01A,1.0,0.0,0.0,0.0,0.0
3,107144599,-,3,107334332,+,CHOL,1048,TCGA-W5-AA2J-01A,TCGA-W5-AA2J-01A,1.0,0.0,0.0,0.0,0.0
3,108053371,+,3,111837437,-,CHOL,1049,TCGA-W5-AA2J-01A,TCGA-W5-AA2J-01A,1.0,0.0,0.0,0.0,0.0
3,108455040,-,3,196986951,+,CHOL,1050,TCGA-W5-AA2J-01A,TCGA-W5-AA2J-01A,1.0,0.0,0.0,0.0,0.0
3,111837317,-,3,170237479,-,CHOL,1051,TCGA-W5-AA2J-01A,TCGA-W5-AA2J-01A,1.0,0.0,0.0,0.0,0.0
3,111838512,-,3,128257439,-,CHOL,1052,TCGA-W5-AA2J-01A,TCGA-W5-AA2J-01A,1.0,0.0,0.0,0.0,0.0
3,111840635,+,3,170370841,+,CHOL,1053,TCGA-W5-AA2J-01A,TCGA-W5-AA2J-01A,1.0,0.0,0.0,0.0,0.0
3,111855548,-,3,170659193,+,CHOL,1054,TCGA-W5-AA2J-01A,TCGA-W5-AA2J-01A,1.0,0.0,0.0,0.0,0.0
3,111861129,+,3,170258316,-,CHOL,1055,TCGA-W5-AA2J-01A,TCGA-W5-AA2J-01A,1.0,0.0,0.0,0.0,0.0
3,111862442,-,3,170506762,+,CHOL,1056,TCGA-W5-AA2J-01A,TCGA-W5-AA2J-01A,1.0,0.0,0.0,0.0,0.0
3,111865066,-,3,141912681,+,CHOL,1057,TCGA-W5-AA2J-01A,TCGA-W5-AA2J-01A,1.0,0.0,0.0,0.0,0.0
3,111873261,-,5,171350598,-,CHOL,1058,TCGA-W5-AA2J-01A,TCGA-W5-AA2J-01A,1.0,0.0,0.0,0.0,0.0
3,111873855,-,3,170396212,+,CHOL,1059,TCGA-W5-AA2J-01A,TCGA-W5-AA2J-01A,1.0,0.0,0.0,0.0,0.0
3,111881446,+,3,170288975,-,CHOL,1060,TCGA-W5-AA2J-01A,TCGA-W5-AA2J-01A,1.0,0.0,0.0,0.0,0.0
3,111884426,-,3,170600562,-,CHOL,1061,TCGA-W5-AA2J-01A,TCGA-W5-AA2J-01A,1.0,0.0,0.0,0.0,0.0
3,111888011,+,3,170416962,+,CHOL,1062,TCGA-W5-AA2J-01A,TCGA-W5-AA2J-01A,1.0,0.0,0.0,0.0,0.0
3,111890594,+,3,170278057,-,CHOL,1063,TCGA-W5-AA2J-01A,TCGA-W5-AA2J-01A,1.0,0.0,0.0,0.0,0.0
3,111898718,+,3,170238312,+,CHOL,1064,TCGA-W5-AA2J-01A,TCGA-W5-AA2J-01A,1.0,0.0,0.0,0.0,0.0
3,111898942,-,3,170403120,+,CHOL,1065,TCGA-W5-AA2J-01A,TCGA-W5-AA2J-01A,1.0,0.0,0.0,0.0,0.0
3,111918777,-,3,170785161,-,CHOL,1066,TCGA-W5-AA2J-01A,TCGA-W5-AA2J-01A,1.0,0.0,0.0,0.0,0.0
3,111921880,+,3,122625383,-,CHOL,1067,TCGA-W5-AA2J-01A,TCGA-W5-AA2J-01A,1.0,0.0,0.0,0.0,0.0
3,113685968,-,3,128796230,-,CHOL,1068,TCGA-W5-AA2J-01A,TCGA-W5-AA2J-01A,1.0,0.0,0.0,0.0,0.0
3,114344013,+,3,114557741,-,CHOL,1069,TCGA-W5-AA2J-01A,TCGA-W5-AA2J-01A,1.0,0.0,0.0,0.0,0.0
3,114749580,-,3,197178706,-,CHOL,1070,TCGA-W5-AA2J-01A,TCGA-W5-AA2J-01A,1.0,0.0,0.0,0.0,0.0
3,118348103,+,3,118533332,-,CHOL,1071,TCGA-W5-AA2J-01A,TCGA-W5-AA2J-01A,1.0,0.0,0.0,0.0,0.0
3,119510243,+,3,172100001,+,CHOL,1072,TCGA-W5-AA2J-01A,TCGA-W5-AA2J-01A,1.0,0.0,0.0,0.0,0.0
3,120476312,-,3,196957300,-,CHOL,1073,TCGA-W5-AA2J-01A,TCGA-W5-AA2J-01A,1.0,0.0,0.0,0.0,0.0
3,122203620,-,3,128260310,+,CHOL,1074,TCGA-W5-AA2J-01A,TCGA-W5-AA2J-01A,1.0,0.0,0.0,0.0,0.0
3,122463203,+,3,126011517,+,CHOL,1075,TCGA-W5-AA2J-01A,TCGA-W5-AA2J-01A,1.0,0.0,0.0,0.0,0.0
3,122626689,-,3,170409721,+,CHOL,1076,TCGA-W5-AA2J-01A,TCGA-W5-AA2J-01A,1.0,0.0,0.0,0.0,0.0
3,122627906,-,3,170441430,+,CHOL,1077,TCGA-W5-AA2J-01A,TCGA-W5-AA2J-01A,1.0,0.0,0.0,0.0,0.0
3,122636704,-,3,170445600,+,CHOL,1078,TCGA-W5-AA2J-01A,TCGA-W5-AA2J-01A,1.0,0.0,0.0,0.0,0.0
3,122647135,+,3,170651150,+,CHOL,1079,TCGA-W5-AA2J-01A,TCGA-W5-AA2J-01A,1.0,0.0,0.0,0.0,0.0
3,122679799,+,3,128959490,+,CHOL,1080,TCGA-W5-AA2J-01A,TCGA-W5-AA2J-01A,1.0,0.0,0.0,0.0,0.0
3,122679799,+,3,141985955,+,CHOL,1081,TCGA-W5-AA2J-01A,TCGA-W5-AA2J-01A,1.0,0.0,0.0,0.0,0.0
3,124533709,+,3,124667885,+,CHOL,1082,TCGA-W5-AA2J-01A,TCGA-W5-AA2J-01A,1.0,0.0,0.0,0.0,0.0
3,125004257,-,3,125533993,+,CHOL,1083,TCGA-W5-AA2J-01A,TCGA-W5-AA2J-01A,1.0,0.0,0.0,0.0,0.0
3,125078819,+,3,138855458,+,CHOL,1084,TCGA-W5-AA2J-01A,TCGA-W5-AA2J-01A,1.0,0.0,0.0,0.0,0.0
3,126005411,-,3,126034152,-,CHOL,1085,TCGA-W5-AA2J-01A,TCGA-W5-AA2J-01A,1.0,0.0,0.0,0.0,0.0
3,126800446,+,3,138446880,-,CHOL,1086,TCGA-W5-AA2J-01A,TCGA-W5-AA2J-01A,1.0,0.0,0.0,0.0,0.0
3,127133787,+,3,134905034,-,CHOL,1087,TCGA-W5-AA2J-01A,TCGA-W5-AA2J-01A,1.0,0.0,0.0,0.0,0.0
3,128256508,-,3,128257556,+,CHOL,1088,TCGA-W5-AA2J-01A,TCGA-W5-AA2J-01A,1.0,0.0,0.0,0.0,0.0
3,128959324,-,3,141985827,+,CHOL,1089,TCGA-W5-AA2J-01A,TCGA-W5-AA2J-01A,1.0,0.0,0.0,0.0,0.0
3,129632971,-,3,129746866,-,CHOL,1090,TCGA-W5-AA2J-01A,TCGA-W5-AA2J-01A,1.0,0.0,0.0,0.0,0.0
3,141797090,-,3,170376477,+,CHOL,1091,TCGA-W5-AA2J-01A,TCGA-W5-AA2J-01A,1.0,0.0,0.0,0.0,0.0
3,141831960,-,3,170299911,+,CHOL,1092,TCGA-W5-AA2J-01A,TCGA-W5-AA2J-01A,1.0,0.0,0.0,0.0,0.0
3,141838124,-,3,170267398,+,CHOL,1093,TCGA-W5-AA2J-01A,TCGA-W5-AA2J-01A,1.0,0.0,0.0,0.0,0.0
3,141856195,+,3,170738160,-,CHOL,1094,TCGA-W5-AA2J-01A,TCGA-W5-AA2J-01A,1.0,0.0,0.0,0.0,0.0
3,141886485,+,3,170305743,+,CHOL,1095,TCGA-W5-AA2J-01A,TCGA-W5-AA2J-01A,1.0,0.0,0.0,0.0,0.0
3,141902711,+,3,141919372,+,CHOL,1096,TCGA-W5-AA2J-01A,TCGA-W5-AA2J-01A,1.0,0.0,0.0,0.0,0.0
3,141932010,-,3,170593285,+,CHOL,1097,TCGA-W5-AA2J-01A,TCGA-W5-AA2J-01A,1.0,0.0,0.0,0.0,0.0
3,141934527,+,3,170540942,+,CHOL,1098,TCGA-W5-AA2J-01A,TCGA-W5-AA2J-01A,1.0,0.0,0.0,0.0,0.0
3,141936731,+,3,170623040,+,CHOL,1099,TCGA-W5-AA2J-01A,TCGA-W5-AA2J-01A,1.0,0.0,0.0,0.0,0.0
3,141960914,-,3,170762132,-,CHOL,1100,TCGA-W5-AA2J-01A,TCGA-W5-AA2J-01A,1.0,0.0,0.0,0.0,0.0
3,143755570,-,6,143936073,+,CHOL,1101,TCGA-W5-AA2J-01A,TCGA-W5-AA2J-01A,1.0,0.0,0.0,0.0,0.0
3,143755776,+,17,49024365,+,CHOL,1102,TCGA-W5-AA2J-01A,TCGA-W5-AA2J-01A,1.0,0.0,0.0,0.0,0.0
3,155294395,-,3,172201769,-,CHOL,1103,TCGA-W5-AA2J-01A,TCGA-W5-AA2J-01A,1.0,0.0,0.0,0.0,0.0
3,158297120,+,3,158300626,-,CHOL,1104,TCGA-W5-AA2J-01A,TCGA-W5-AA2J-01A,1.0,0.0,0.0,0.0,0.0
3,158382712,-,3,158766185,-,CHOL,1105,TCGA-W5-AA2J-01A,TCGA-W5-AA2J-01A,1.0,0.0,0.0,0.0,0.0
3,169493363,-,3,169546594,+,CHOL,1106,TCGA-W5-AA2J-01A,TCGA-W5-AA2J-01A,1.0,0.0,0.0,0.0,0.0
3,170238742,-,3,170240019,-,CHOL,1107,TCGA-W5-AA2J-01A,TCGA-W5-AA2J-01A,1.0,0.0,0.0,0.0,0.0
3,170238898,+,3,170476901,-,CHOL,1108,TCGA-W5-AA2J-01A,TCGA-W5-AA2J-01A,1.0,0.0,0.0,0.0,0.0
3,170245429,-,3,170580921,+,CHOL,1109,TCGA-W5-AA2J-01A,TCGA-W5-AA2J-01A,1.0,0.0,0.0,0.0,0.0
3,170248410,-,3,170492193,+,CHOL,1110,TCGA-W5-AA2J-01A,TCGA-W5-AA2J-01A,1.0,0.0,0.0,0.0,0.0
3,170250468,+,3,170310931,+,CHOL,1111,TCGA-W5-AA2J-01A,TCGA-W5-AA2J-01A,1.0,0.0,0.0,0.0,0.0
3,170250769,-,3,170555309,-,CHOL,1112,TCGA-W5-AA2J-01A,TCGA-W5-AA2J-01A,1.0,0.0,0.0,0.0,0.0
3,170256253,-,3,170630765,-,CHOL,1113,TCGA-W5-AA2J-01A,TCGA-W5-AA2J-01A,1.0,0.0,0.0,0.0,0.0
3,170256647,+,3,170357363,-,CHOL,1114,TCGA-W5-AA2J-01A,TCGA-W5-AA2J-01A,1.0,0.0,0.0,0.0,0.0
3,170264348,+,3,170595797,+,CHOL,1115,TCGA-W5-AA2J-01A,TCGA-W5-AA2J-01A,1.0,0.0,0.0,0.0,0.0
3,170280666,-,3,170295352,-,CHOL,1116,TCGA-W5-AA2J-01A,TCGA-W5-AA2J-01A,1.0,0.0,0.0,0.0,0.0
3,170285237,-,3,170413889,+,CHOL,1117,TCGA-W5-AA2J-01A,TCGA-W5-AA2J-01A,1.0,0.0,0.0,0.0,0.0
3,170302905,+,3,170632774,+,CHOL,1118,TCGA-W5-AA2J-01A,TCGA-W5-AA2J-01A,1.0,0.0,0.0,0.0,0.0
3,170308986,-,3,170453071,+,CHOL,1119,TCGA-W5-AA2J-01A,TCGA-W5-AA2J-01A,1.0,0.0,0.0,0.0,0.0
3,170314792,+,3,170564542,-,CHOL,1120,TCGA-W5-AA2J-01A,TCGA-W5-AA2J-01A,1.0,0.0,0.0,0.0,0.0
3,170322856,+,3,170684904,+,CHOL,1121,TCGA-W5-AA2J-01A,TCGA-W5-AA2J-01A,1.0,0.0,0.0,0.0,0.0
3,170322934,-,3,170684904,+,CHOL,1122,TCGA-W5-AA2J-01A,TCGA-W5-AA2J-01A,1.0,0.0,0.0,0.0,0.0
3,170330546,-,3,170547459,-,CHOL,1123,TCGA-W5-AA2J-01A,TCGA-W5-AA2J-01A,1.0,0.0,0.0,0.0,0.0
3,170334751,-,3,170376682,-,CHOL,1124,TCGA-W5-AA2J-01A,TCGA-W5-AA2J-01A,1.0,0.0,0.0,0.0,0.0
3,170334779,+,3,170769821,-,CHOL,1125,TCGA-W5-AA2J-01A,TCGA-W5-AA2J-01A,1.0,0.0,0.0,0.0,0.0
3,170346317,-,3,170381206,-,CHOL,1126,TCGA-W5-AA2J-01A,TCGA-W5-AA2J-01A,1.0,0.0,0.0,0.0,0.0
3,170356239,-,3,170796294,+,CHOL,1127,TCGA-W5-AA2J-01A,TCGA-W5-AA2J-01A,1.0,0.0,0.0,0.0,0.0
3,170360769,+,3,170408625,+,CHOL,1128,TCGA-W5-AA2J-01A,TCGA-W5-AA2J-01A,1.0,0.0,0.0,0.0,0.0
3,170368286,-,3,170602644,-,CHOL,1129,TCGA-W5-AA2J-01A,TCGA-W5-AA2J-01A,1.0,0.0,0.0,0.0,0.0
3,170372733,+,3,170490078,-,CHOL,1130,TCGA-W5-AA2J-01A,TCGA-W5-AA2J-01A,1.0,0.0,0.0,0.0,0.0
3,170389916,-,3,170492416,+,CHOL,1131,TCGA-W5-AA2J-01A,TCGA-W5-AA2J-01A,1.0,0.0,0.0,0.0,0.0
3,170417010,+,3,170585586,+,CHOL,1132,TCGA-W5-AA2J-01A,TCGA-W5-AA2J-01A,1.0,0.0,0.0,0.0,0.0
3,170430098,-,3,170448381,+,CHOL,1133,TCGA-W5-AA2J-01A,TCGA-W5-AA2J-01A,1.0,0.0,0.0,0.0,0.0
3,170444538,-,3,170562172,+,CHOL,1134,TCGA-W5-AA2J-01A,TCGA-W5-AA2J-01A,1.0,0.0,0.0,0.0,0.0
3,170476809,-,3,170478627,-,CHOL,1135,TCGA-W5-AA2J-01A,TCGA-W5-AA2J-01A,1.0,0.0,0.0,0.0,0.0
3,170488423,-,3,170530547,-,CHOL,1136,TCGA-W5-AA2J-01A,TCGA-W5-AA2J-01A,1.0,0.0,0.0,0.0,0.0
3,170511803,+,3,170641373,+,CHOL,1137,TCGA-W5-AA2J-01A,TCGA-W5-AA2J-01A,1.0,0.0,0.0,0.0,0.0
3,170580984,+,3,170636932,-,CHOL,1138,TCGA-W5-AA2J-01A,TCGA-W5-AA2J-01A,1.0,0.0,0.0,0.0,0.0
3,170584976,-,3,170612700,-,CHOL,1139,TCGA-W5-AA2J-01A,TCGA-W5-AA2J-01A,1.0,0.0,0.0,0.0,0.0
3,170602007,-,3,170660091,+,CHOL,1140,TCGA-W5-AA2J-01A,TCGA-W5-AA2J-01A,1.0,0.0,0.0,0.0,0.0
3,170635024,-,3,170649596,-,CHOL,1141,TCGA-W5-AA2J-01A,TCGA-W5-AA2J-01A,1.0,0.0,0.0,0.0,0.0
3,170647610,+,3,170654701,+,CHOL,1142,TCGA-W5-AA2J-01A,TCGA-W5-AA2J-01A,1.0,0.0,0.0,0.0,0.0
3,170659734,+,3,170761931,-,CHOL,1143,TCGA-W5-AA2J-01A,TCGA-W5-AA2J-01A,1.0,0.0,0.0,0.0,0.0
3,170792927,+,3,170793554,+,CHOL,1144,TCGA-W5-AA2J-01A,TCGA-W5-AA2J-01A,1.0,0.0,0.0,0.0,0.0
3,170988124,+,3,172283469,-,CHOL,1145,TCGA-W5-AA2J-01A,TCGA-W5-AA2J-01A,1.0,0.0,0.0,0.0,0.0
3,171180974,+,3,172791014,+,CHOL,1146,TCGA-W5-AA2J-01A,TCGA-W5-AA2J-01A,1.0,0.0,0.0,0.0,0.0
3,172649718,-,3,194729294,-,CHOL,1147,TCGA-W5-AA2J-01A,TCGA-W5-AA2J-01A,1.0,0.0,0.0,0.0,0.0
3,187014316,-,3,188793753,-,CHOL,1148,TCGA-W5-AA2J-01A,TCGA-W5-AA2J-01A,1.0,0.0,0.0,0.0,0.0
5,4759205,+,5,4828194,-,CHOL,1149,TCGA-W5-AA2J-01A,TCGA-W5-AA2J-01A,1.0,0.0,0.0,0.0,0.0
5,5342553,-,5,26353718,-,CHOL,1150,TCGA-W5-AA2J-01A,TCGA-W5-AA2J-01A,1.0,0.0,0.0,0.0,0.0
5,17190706,+,5,86307234,+,CHOL,1151,TCGA-W5-AA2J-01A,TCGA-W5-AA2J-01A,1.0,0.0,0.0,0.0,0.0
5,25520642,+,5,26119832,-,CHOL,1152,TCGA-W5-AA2J-01A,TCGA-W5-AA2J-01A,1.0,0.0,0.0,0.0,0.0
5,50928749,+,5,157359150,+,CHOL,1153,TCGA-W5-AA2J-01A,TCGA-W5-AA2J-01A,1.0,0.0,0.0,0.0,0.0
5,59306698,+,5,59511187,-,CHOL,1154,TCGA-W5-AA2J-01A,TCGA-W5-AA2J-01A,1.0,0.0,0.0,0.0,0.0
5,59890812,+,5,60050423,-,CHOL,1155,TCGA-W5-AA2J-01A,TCGA-W5-AA2J-01A,1.0,0.0,0.0,0.0,0.0
5,78268858,-,5,78309531,+,CHOL,1156,TCGA-W5-AA2J-01A,TCGA-W5-AA2J-01A,1.0,0.0,0.0,0.0,0.0
5,89115857,-,5,155481593,+,CHOL,1157,TCGA-W5-AA2J-01A,TCGA-W5-AA2J-01A,1.0,0.0,0.0,0.0,0.0
5,89137141,-,5,157359300,-,CHOL,1158,TCGA-W5-AA2J-01A,TCGA-W5-AA2J-01A,1.0,0.0,0.0,0.0,0.0
5,148097287,+,5,148259616,-,CHOL,1159,TCGA-W5-AA2J-01A,TCGA-W5-AA2J-01A,1.0,0.0,0.0,0.0,0.0
5,149573890,-,23,31170696,+,CHOL,1160,TCGA-W5-AA2J-01A,TCGA-W5-AA2J-01A,1.0,0.0,0.0,0.0,0.0
5,165135444,+,5,165276765,+,CHOL,1161,TCGA-W5-AA2J-01A,TCGA-W5-AA2J-01A,1.0,0.0,0.0,0.0,0.0
5,165205436,-,5,165276308,-,CHOL,1162,TCGA-W5-AA2J-01A,TCGA-W5-AA2J-01A,1.0,0.0,0.0,0.0,0.0
5,165233762,+,5,165277076,-,CHOL,1163,TCGA-W5-AA2J-01A,TCGA-W5-AA2J-01A,1.0,0.0,0.0,0.0,0.0
5,168695221,+,5,168866528,-,CHOL,1164,TCGA-W5-AA2J-01A,TCGA-W5-AA2J-01A,1.0,0.0,0.0,0.0,0.0
6,73261980,+,6,73263082,-,CHOL,1165,TCGA-W5-AA2J-01A,TCGA-W5-AA2J-01A,1.0,0.0,0.0,0.0,0.0
6,121490829,+,6,121492176,-,CHOL,1166,TCGA-W5-AA2J-01A,TCGA-W5-AA2J-01A,1.0,0.0,0.0,0.0,0.0
6,127105619,-,6,128418981,-,CHOL,1167,TCGA-W5-AA2J-01A,TCGA-W5-AA2J-01A,1.0,0.0,0.0,0.0,0.0
7,8579868,+,7,9268927,-,CHOL,1168,TCGA-W5-AA2J-01A,TCGA-W5-AA2J-01A,1.0,0.0,0.0,0.0,0.0
7,61822336,+,7,62234873,-,CHOL,1169,TCGA-W5-AA2J-01A,TCGA-W5-AA2J-01A,1.0,0.0,0.0,0.0,0.0
7,133301891,+,7,133307291,-,CHOL,1170,TCGA-W5-AA2J-01A,TCGA-W5-AA2J-01A,1.0,0.0,0.0,0.0,0.0
8,26718963,-,8,26849316,-,CHOL,1171,TCGA-W5-AA2J-01A,TCGA-W5-AA2J-01A,1.0,0.0,0.0,0.0,0.0
8,65779732,-,8,65846309,-,CHOL,1172,TCGA-W5-AA2J-01A,TCGA-W5-AA2J-01A,1.0,0.0,0.0,0.0,0.0
8,87609526,+,8,87611041,+,CHOL,1173,TCGA-W5-AA2J-01A,TCGA-W5-AA2J-01A,1.0,0.0,0.0,0.0,0.0
8,87609625,-,8,87611034,-,CHOL,1174,TCGA-W5-AA2J-01A,TCGA-W5-AA2J-01A,1.0,0.0,0.0,0.0,0.0
8,115008032,+,8,116668717,-,CHOL,1175,TCGA-W5-AA2J-01A,TCGA-W5-AA2J-01A,1.0,0.0,0.0,0.0,0.0
8,130077257,-,8,130100746,+,CHOL,1176,TCGA-W5-AA2J-01A,TCGA-W5-AA2J-01A,1.0,0.0,0.0,0.0,0.0
23,7522585,+,23,7543619,-,CHOL,1177,TCGA-W5-AA2J-01A,TCGA-W5-AA2J-01A,1.0,0.0,0.0,0.0,0.0
23,27480720,+,23,47523628,+,CHOL,1178,TCGA-W5-AA2J-01A,TCGA-W5-AA2J-01A,1.0,0.0,0.0,0.0,0.0
23,78844714,+,23,78906352,-,CHOL,1179,TCGA-W5-AA2J-01A,TCGA-W5-AA2J-01A,1.0,0.0,0.0,0.0,0.0
23,100456247,+,23,100466869,-,CHOL,1180,TCGA-W5-AA2J-01A,TCGA-W5-AA2J-01A,1.0,0.0,0.0,0.0,0.0
1,24685588,+,1,164469696,+,CHOL,1181,TCGA-W5-AA2K-01A,TCGA-W5-AA2K-01A,1.0,0.0,0.0,0.0,0.0
1,24685615,-,21,37768095,+,CHOL,1182,TCGA-W5-AA2K-01A,TCGA-W5-AA2K-01A,1.0,0.0,0.0,0.0,0.0
1,24686460,+,1,25524391,-,CHOL,1183,TCGA-W5-AA2K-01A,TCGA-W5-AA2K-01A,1.0,0.0,0.0,0.0,0.0
1,25484639,-,5,14230644,-,CHOL,1184,TCGA-W5-AA2K-01A,TCGA-W5-AA2K-01A,1.0,0.0,0.0,0.0,0.0
1,38425432,-,9,3810908,-,CHOL,1185,TCGA-W5-AA2K-01A,TCGA-W5-AA2K-01A,1.0,0.0,0.0,0.0,0.0
1,124808946,-,1,124821133,+,CHOL,1186,TCGA-W5-AA2K-01A,TCGA-W5-AA2K-01A,1.0,0.0,0.0,0.0,0.0
1,164643183,-,21,35668926,+,CHOL,1187,TCGA-W5-AA2K-01A,TCGA-W5-AA2K-01A,1.0,0.0,0.0,0.0,0.0
1,241439032,+,5,14206258,+,CHOL,1188,TCGA-W5-AA2K-01A,TCGA-W5-AA2K-01A,1.0,0.0,0.0,0.0,0.0
1,241672378,+,1,241700981,-,CHOL,1189,TCGA-W5-AA2K-01A,TCGA-W5-AA2K-01A,1.0,0.0,0.0,0.0,0.0
1,241820782,-,5,15031862,-,CHOL,1190,TCGA-W5-AA2K-01A,TCGA-W5-AA2K-01A,1.0,0.0,0.0,0.0,0.0
1,243473501,+,5,14240195,+,CHOL,1191,TCGA-W5-AA2K-01A,TCGA-W5-AA2K-01A,1.0,0.0,0.0,0.0,0.0
1,243888098,-,21,38393671,-,CHOL,1192,TCGA-W5-AA2K-01A,TCGA-W5-AA2K-01A,1.0,0.0,0.0,0.0,0.0
10,91055948,-,15,59870986,-,CHOL,1193,TCGA-W5-AA2K-01A,TCGA-W5-AA2K-01A,1.0,0.0,0.0,0.0,0.0
11,493024,-,11,668513,+,CHOL,1194,TCGA-W5-AA2K-01A,TCGA-W5-AA2K-01A,1.0,0.0,0.0,0.0,0.0
11,640212,+,11,642623,-,CHOL,1195,TCGA-W5-AA2K-01A,TCGA-W5-AA2K-01A,1.0,0.0,0.0,0.0,0.0
11,38367998,+,11,40724617,+,CHOL,1196,TCGA-W5-AA2K-01A,TCGA-W5-AA2K-01A,1.0,0.0,0.0,0.0,0.0
11,40677697,-,11,40724818,-,CHOL,1197,TCGA-W5-AA2K-01A,TCGA-W5-AA2K-01A,1.0,0.0,0.0,0.0,0.0
11,50758087,-,23,62617996,-,CHOL,1198,TCGA-W5-AA2K-01A,TCGA-W5-AA2K-01A,1.0,0.0,0.0,0.0,0.0
11,50772566,+,20,29906545,+,CHOL,1199,TCGA-W5-AA2K-01A,TCGA-W5-AA2K-01A,1.0,0.0,0.0,0.0,0.0
11,51390423,+,11,53913192,-,CHOL,1200,TCGA-W5-AA2K-01A,TCGA-W5-AA2K-01A,1.0,0.0,0.0,0.0,0.0
11,52308120,+,11,53766870,-,CHOL,1201,TCGA-W5-AA2K-01A,TCGA-W5-AA2K-01A,1.0,0.0,0.0,0.0,0.0
11,54033770,-,11,54292078,+,CHOL,1202,TCGA-W5-AA2K-01A,TCGA-W5-AA2K-01A,1.0,0.0,0.0,0.0,0.0
11,84022367,+,11,99186348,-,CHOL,1203,TCGA-W5-AA2K-01A,TCGA-W5-AA2K-01A,1.0,0.0,0.0,0.0,0.0
12,34919706,-,12,36285743,+,CHOL,1204,TCGA-W5-AA2K-01A,TCGA-W5-AA2K-01A,1.0,0.0,0.0,0.0,0.0
12,36451368,+,12,36890980,-,CHOL,1205,TCGA-W5-AA2K-01A,TCGA-W5-AA2K-01A,1.0,0.0,0.0,0.0,0.0
12,54079819,+,20,30287851,-,CHOL,1206,TCGA-W5-AA2K-01A,TCGA-W5-AA2K-01A,1.0,0.0,0.0,0.0,0.0
12,54110145,+,20,29564386,+,CHOL,1207,TCGA-W5-AA2K-01A,TCGA-W5-AA2K-01A,1.0,0.0,0.0,0.0,0.0
13,16890666,-,13,17303611,+,CHOL,1208,TCGA-W5-AA2K-01A,TCGA-W5-AA2K-01A,1.0,0.0,0.0,0.0,0.0
13,18011608,-,13,18012293,+,CHOL,1209,TCGA-W5-AA2K-01A,TCGA-W5-AA2K-01A,1.0,0.0,0.0,0.0,0.0
14,35433199,+,14,35886346,-,CHOL,1210,TCGA-W5-AA2K-01A,TCGA-W5-AA2K-01A,1.0,0.0,0.0,0.0,0.0
15,45121286,+,15,45126676,-,CHOL,1211,TCGA-W5-AA2K-01A,TCGA-W5-AA2K-01A,1.0,0.0,0.0,0.0,0.0
15,58923772,-,15,59182837,+,CHOL,1212,TCGA-W5-AA2K-01A,TCGA-W5-AA2K-01A,1.0,0.0,0.0,0.0,0.0
16,37725467,-,16,37915615,+,CHOL,1213,TCGA-W5-AA2K-01A,TCGA-W5-AA2K-01A,1.0,0.0,0.0,0.0,0.0
17,532898,-,17,2430268,+,CHOL,1214,TCGA-W5-AA2K-01A,TCGA-W5-AA2K-01A,1.0,0.0,0.0,0.0,0.0
17,2430064,-,17,2449976,+,CHOL,1215,TCGA-W5-AA2K-01A,TCGA-W5-AA2K-01A,1.0,0.0,0.0,0.0,0.0
17,2435501,-,17,2440498,-,CHOL,1216,TCGA-W5-AA2K-01A,TCGA-W5-AA2K-01A,1.0,0.0,0.0,0.0,0.0
17,2436843,+,17,2707260,+,CHOL,1217,TCGA-W5-AA2K-01A,TCGA-W5-AA2K-01A,1.0,0.0,0.0,0.0,0.0
17,2443099,+,17,2878824,-,CHOL,1218,TCGA-W5-AA2K-01A,TCGA-W5-AA2K-01A,1.0,0.0,0.0,0.0,0.0
17,2443892,-,17,2668933,-,CHOL,1219,TCGA-W5-AA2K-01A,TCGA-W5-AA2K-01A,1.0,0.0,0.0,0.0,0.0
17,22263316,-,21,10765543,+,CHOL,1220,TCGA-W5-AA2K-01A,TCGA-W5-AA2K-01A,1.0,0.0,0.0,0.0,0.0
17,26607495,+,17,26883056,+,CHOL,1221,TCGA-W5-AA2K-01A,TCGA-W5-AA2K-01A,1.0,0.0,0.0,0.0,0.0
18,15466305,+,18,15758844,-,CHOL,1222,TCGA-W5-AA2K-01A,TCGA-W5-AA2K-01A,1.0,0.0,0.0,0.0,0.0
18,20612541,+,18,20816057,+,CHOL,1223,TCGA-W5-AA2K-01A,TCGA-W5-AA2K-01A,1.0,0.0,0.0,0.0,0.0
18,38902008,+,18,38928157,-,CHOL,1224,TCGA-W5-AA2K-01A,TCGA-W5-AA2K-01A,1.0,0.0,0.0,0.0,0.0
18,72456749,+,18,72457637,-,CHOL,1225,TCGA-W5-AA2K-01A,TCGA-W5-AA2K-01A,1.0,0.0,0.0,0.0,0.0
2,55416495,+,4,107944857,+,CHOL,1226,TCGA-W5-AA2K-01A,TCGA-W5-AA2K-01A,1.0,0.0,0.0,0.0,0.0
2,96294953,+,8,38355132,-,CHOL,1227,TCGA-W5-AA2K-01A,TCGA-W5-AA2K-01A,1.0,0.0,0.0,0.0,0.0
2,103212878,-,2,103213128,-,CHOL,1228,TCGA-W5-AA2K-01A,TCGA-W5-AA2K-01A,1.0,0.0,0.0,0.0,0.0
2,103212882,+,2,182474723,+,CHOL,1229,TCGA-W5-AA2K-01A,TCGA-W5-AA2K-01A,1.0,0.0,0.0,0.0,0.0
2,103213148,+,2,226235396,+,CHOL,1230,TCGA-W5-AA2K-01A,TCGA-W5-AA2K-01A,1.0,0.0,0.0,0.0,0.0
2,103242053,+,2,225305743,+,CHOL,1231,TCGA-W5-AA2K-01A,TCGA-W5-AA2K-01A,1.0,0.0,0.0,0.0,0.0
2,103242143,-,2,176009588,+,CHOL,1232,TCGA-W5-AA2K-01A,TCGA-W5-AA2K-01A,1.0,0.0,0.0,0.0,0.0
2,135806874,-,2,182712328,-,CHOL,1233,TCGA-W5-AA2K-01A,TCGA-W5-AA2K-01A,1.0,0.0,0.0,0.0,0.0
2,135807532,+,11,25939353,-,CHOL,1234,TCGA-W5-AA2K-01A,TCGA-W5-AA2K-01A,1.0,0.0,0.0,0.0,0.0
2,167226415,+,2,183909359,+,CHOL,1235,TCGA-W5-AA2K-01A,TCGA-W5-AA2K-01A,1.0,0.0,0.0,0.0,0.0
2,167226445,-,2,175312409,-,CHOL,1236,TCGA-W5-AA2K-01A,TCGA-W5-AA2K-01A,1.0,0.0,0.0,0.0,0.0
2,167267107,-,2,183927510,-,CHOL,1237,TCGA-W5-AA2K-01A,TCGA-W5-AA2K-01A,1.0,0.0,0.0,0.0,0.0
2,167267108,-,2,183927501,+,CHOL,1238,TCGA-W5-AA2K-01A,TCGA-W5-AA2K-01A,1.0,0.0,0.0,0.0,0.0
2,167267287,+,2,226138135,-,CHOL,1239,TCGA-W5-AA2K-01A,TCGA-W5-AA2K-01A,1.0,0.0,0.0,0.0,0.0
2,175312503,+,2,175312738,+,CHOL,1240,TCGA-W5-AA2K-01A,TCGA-W5-AA2K-01A,1.0,0.0,0.0,0.0,0.0
2,175312532,-,8,62398653,-,CHOL,1241,TCGA-W5-AA2K-01A,TCGA-W5-AA2K-01A,1.0,0.0,0.0,0.0,0.0
2,182425759,-,2,226215972,-,CHOL,1242,TCGA-W5-AA2K-01A,TCGA-W5-AA2K-01A,1.0,0.0,0.0,0.0,0.0
2,182475694,-,2,182712272,+,CHOL,1243,TCGA-W5-AA2K-01A,TCGA-W5-AA2K-01A,1.0,0.0,0.0,0.0,0.0
2,182476128,+,2,182720805,-,CHOL,1244,TCGA-W5-AA2K-01A,TCGA-W5-AA2K-01A,1.0,0.0,0.0,0.0,0.0
2,182477008,-,11,25939660,+,CHOL,1245,TCGA-W5-AA2K-01A,TCGA-W5-AA2K-01A,1.0,0.0,0.0,0.0,0.0
2,182720934,+,2,184392165,-,CHOL,1246,TCGA-W5-AA2K-01A,TCGA-W5-AA2K-01A,1.0,0.0,0.0,0.0,0.0
2,182738738,-,2,228104124,-,CHOL,1247,TCGA-W5-AA2K-01A,TCGA-W5-AA2K-01A,1.0,0.0,0.0,0.0,0.0
2,182738848,+,8,62291672,-,CHOL,1248,TCGA-W5-AA2K-01A,TCGA-W5-AA2K-01A,1.0,0.0,0.0,0.0,0.0
2,183909361,-,8,5159251,+,CHOL,1249,TCGA-W5-AA2K-01A,TCGA-W5-AA2K-01A,1.0,0.0,0.0,0.0,0.0
2,183927501,+,2,183927742,+,CHOL,1250,TCGA-W5-AA2K-01A,TCGA-W5-AA2K-01A,1.0,0.0,0.0,0.0,0.0
2,184264395,-,2,226215937,+,CHOL,1251,TCGA-W5-AA2K-01A,TCGA-W5-AA2K-01A,1.0,0.0,0.0,0.0,0.0
2,186976569,+,2,187129029,-,CHOL,1252,TCGA-W5-AA2K-01A,TCGA-W5-AA2K-01A,1.0,0.0,0.0,0.0,0.0
2,226221181,-,2,226221287,-,CHOL,1253,TCGA-W5-AA2K-01A,TCGA-W5-AA2K-01A,1.0,0.0,0.0,0.0,0.0
2,226221184,+,2,226221290,+,CHOL,1254,TCGA-W5-AA2K-01A,TCGA-W5-AA2K-01A,1.0,0.0,0.0,0.0,0.0
21,34864145,+,21,38587384,-,CHOL,1255,TCGA-W5-AA2K-01A,TCGA-W5-AA2K-01A,1.0,0.0,0.0,0.0,0.0
21,35460754,-,21,35794302,-,CHOL,1256,TCGA-W5-AA2K-01A,TCGA-W5-AA2K-01A,1.0,0.0,0.0,0.0,0.0
21,37431069,+,21,38560430,+,CHOL,1257,TCGA-W5-AA2K-01A,TCGA-W5-AA2K-01A,1.0,0.0,0.0,0.0,0.0
21,37637242,-,21,38394922,+,CHOL,1258,TCGA-W5-AA2K-01A,TCGA-W5-AA2K-01A,1.0,0.0,0.0,0.0,0.0
3,90784800,-,3,91066787,+,CHOL,1259,TCGA-W5-AA2K-01A,TCGA-W5-AA2K-01A,1.0,0.0,0.0,0.0,0.0
3,91192687,-,3,91257451,-,CHOL,1260,TCGA-W5-AA2K-01A,TCGA-W5-AA2K-01A,1.0,0.0,0.0,0.0,0.0
4,14535192,+,4,14539202,-,CHOL,1261,TCGA-W5-AA2K-01A,TCGA-W5-AA2K-01A,1.0,0.0,0.0,0.0,0.0
5,540015,-,5,44007495,+,CHOL,1262,TCGA-W5-AA2K-01A,TCGA-W5-AA2K-01A,1.0,0.0,0.0,0.0,0.0
5,693965,+,17,2628338,+,CHOL,1263,TCGA-W5-AA2K-01A,TCGA-W5-AA2K-01A,1.0,0.0,0.0,0.0,0.0
5,713874,-,17,3115698,+,CHOL,1264,TCGA-W5-AA2K-01A,TCGA-W5-AA2K-01A,1.0,0.0,0.0,0.0,0.0
5,1317079,+,5,11813758,+,CHOL,1265,TCGA-W5-AA2K-01A,TCGA-W5-AA2K-01A,1.0,0.0,0.0,0.0,0.0
5,1378370,+,17,863055,-,CHOL,1266,TCGA-W5-AA2K-01A,TCGA-W5-AA2K-01A,1.0,0.0,0.0,0.0,0.0
5,9429888,+,5,43812303,-,CHOL,1267,TCGA-W5-AA2K-01A,TCGA-W5-AA2K-01A,1.0,0.0,0.0,0.0,0.0
5,11476110,+,17,3127592,-,CHOL,1268,TCGA-W5-AA2K-01A,TCGA-W5-AA2K-01A,1.0,0.0,0.0,0.0,0.0
5,11493104,-,17,2429856,+,CHOL,1269,TCGA-W5-AA2K-01A,TCGA-W5-AA2K-01A,1.0,0.0,0.0,0.0,0.0
5,13134465,+,5,13136689,-,CHOL,1270,TCGA-W5-AA2K-01A,TCGA-W5-AA2K-01A,1.0,0.0,0.0,0.0,0.0
5,19435095,+,5,39894989,+,CHOL,1271,TCGA-W5-AA2K-01A,TCGA-W5-AA2K-01A,1.0,0.0,0.0,0.0,0.0
5,35624507,-,5,43690103,-,CHOL,1272,TCGA-W5-AA2K-01A,TCGA-W5-AA2K-01A,1.0,0.0,0.0,0.0,0.0
5,36705190,+,9,28415460,-,CHOL,1273,TCGA-W5-AA2K-01A,TCGA-W5-AA2K-01A,1.0,0.0,0.0,0.0,0.0
5,38580639,-,9,33481399,-,CHOL,1274,TCGA-W5-AA2K-01A,TCGA-W5-AA2K-01A,1.0,0.0,0.0,0.0,0.0
5,38823047,+,9,28335260,+,CHOL,1275,TCGA-W5-AA2K-01A,TCGA-W5-AA2K-01A,1.0,0.0,0.0,0.0,0.0
5,39211354,+,5,39847150,-,CHOL,1276,TCGA-W5-AA2K-01A,TCGA-W5-AA2K-01A,1.0,0.0,0.0,0.0,0.0
5,49739086,+,5,49866771,-,CHOL,1277,TCGA-W5-AA2K-01A,TCGA-W5-AA2K-01A,1.0,0.0,0.0,0.0,0.0
6,67551833,+,6,115564608,-,CHOL,1278,TCGA-W5-AA2K-01A,TCGA-W5-AA2K-01A,1.0,0.0,0.0,0.0,0.0
7,15753023,+,7,15802611,-,CHOL,1279,TCGA-W5-AA2K-01A,TCGA-W5-AA2K-01A,1.0,0.0,0.0,0.0,0.0
7,100025176,+,7,116773175,-,CHOL,1280,TCGA-W5-AA2K-01A,TCGA-W5-AA2K-01A,1.0,0.0,0.0,0.0,0.0
8,5158953,-,8,62398633,+,CHOL,1281,TCGA-W5-AA2K-01A,TCGA-W5-AA2K-01A,1.0,0.0,0.0,0.0,0.0
8,5264640,+,8,62393017,+,CHOL,1282,TCGA-W5-AA2K-01A,TCGA-W5-AA2K-01A,1.0,0.0,0.0,0.0,0.0
8,57541735,+,8,62393413,-,CHOL,1283,TCGA-W5-AA2K-01A,TCGA-W5-AA2K-01A,1.0,0.0,0.0,0.0,0.0
8,64057729,+,8,64058035,-,CHOL,1284,TCGA-W5-AA2K-01A,TCGA-W5-AA2K-01A,1.0,0.0,0.0,0.0,0.0
9,21721602,+,9,22064681,+,CHOL,1285,TCGA-W5-AA2K-01A,TCGA-W5-AA2K-01A,1.0,0.0,0.0,0.0,0.0
9,21754712,-,9,22079349,-,CHOL,1286,TCGA-W5-AA2K-01A,TCGA-W5-AA2K-01A,1.0,0.0,0.0,0.0,0.0
9,21757570,+,14,35448255,-,CHOL,1287,TCGA-W5-AA2K-01A,TCGA-W5-AA2K-01A,1.0,0.0,0.0,0.0,0.0
9,22059106,-,14,35454990,+,CHOL,1288,TCGA-W5-AA2K-01A,TCGA-W5-AA2K-01A,1.0,0.0,0.0,0.0,0.0
9,28201965,-,17,532595,-,CHOL,1289,TCGA-W5-AA2K-01A,TCGA-W5-AA2K-01A,1.0,0.0,0.0,0.0,0.0
9,34597098,+,9,35167544,+,CHOL,1290,TCGA-W5-AA2K-01A,TCGA-W5-AA2K-01A,1.0,0.0,0.0,0.0,0.0
9,43950149,-,9,45299328,+,CHOL,1291,TCGA-W5-AA2K-01A,TCGA-W5-AA2K-01A,1.0,0.0,0.0,0.0,0.0
1,38393254,-,1,40496138,-,CHOL,1292,TCGA-W5-AA2M-01A,TCGA-W5-AA2M-01A,1.0,0.0,0.0,0.0,0.0
1,39362187,-,1,39559281,+,CHOL,1293,TCGA-W5-AA2M-01A,TCGA-W5-AA2M-01A,1.0,0.0,0.0,0.0,0.0
1,39668648,-,1,40417640,+,CHOL,1294,TCGA-W5-AA2M-01A,TCGA-W5-AA2M-01A,1.0,0.0,0.0,0.0,0.0
1,40480205,-,1,42027007,-,CHOL,1295,TCGA-W5-AA2M-01A,TCGA-W5-AA2M-01A,1.0,0.0,0.0,0.0,0.0
1,40760796,-,1,40769956,+,CHOL,1296,TCGA-W5-AA2M-01A,TCGA-W5-AA2M-01A,1.0,0.0,0.0,0.0,0.0
1,40800418,+,1,41230171,+,CHOL,1297,TCGA-W5-AA2M-01A,TCGA-W5-AA2M-01A,1.0,0.0,0.0,0.0,0.0
1,40955175,+,1,41566485,+,CHOL,1298,TCGA-W5-AA2M-01A,TCGA-W5-AA2M-01A,1.0,0.0,0.0,0.0,0.0
1,41195772,+,1,41209479,-,CHOL,1299,TCGA-W5-AA2M-01A,TCGA-W5-AA2M-01A,1.0,0.0,0.0,0.0,0.0
1,41736529,-,1,45327870,+,CHOL,1300,TCGA-W5-AA2M-01A,TCGA-W5-AA2M-01A,1.0,0.0,0.0,0.0,0.0
1,43941669,-,1,72457536,-,CHOL,1301,TCGA-W5-AA2M-01A,TCGA-W5-AA2M-01A,1.0,0.0,0.0,0.0,0.0
1,45968417,+,1,119249600,-,CHOL,1302,TCGA-W5-AA2M-01A,TCGA-W5-AA2M-01A,1.0,0.0,0.0,0.0,0.0
1,46182374,+,1,47131952,-,CHOL,1303,TCGA-W5-AA2M-01A,TCGA-W5-AA2M-01A,1.0,0.0,0.0,0.0,0.0
1,74833373,+,1,104606797,+,CHOL,1304,TCGA-W5-AA2M-01A,TCGA-W5-AA2M-01A,1.0,0.0,0.0,0.0,0.0
1,74833732,-,1,105727039,-,CHOL,1305,TCGA-W5-AA2M-01A,TCGA-W5-AA2M-01A,1.0,0.0,0.0,0.0,0.0
1,74834291,+,1,74846244,-,CHOL,1306,TCGA-W5-AA2M-01A,TCGA-W5-AA2M-01A,1.0,0.0,0.0,0.0,0.0
1,74899679,+,1,104504855,-,CHOL,1307,TCGA-W5-AA2M-01A,TCGA-W5-AA2M-01A,1.0,0.0,0.0,0.0,0.0
1,80310857,-,23,11714215,-,CHOL,1308,TCGA-W5-AA2M-01A,TCGA-W5-AA2M-01A,1.0,0.0,0.0,0.0,0.0
1,80310872,+,23,11714488,+,CHOL,1309,TCGA-W5-AA2M-01A,TCGA-W5-AA2M-01A,1.0,0.0,0.0,0.0,0.0
1,108129959,-,22,11362692,+,CHOL,1310,TCGA-W5-AA2M-01A,TCGA-W5-AA2M-01A,1.0,0.0,0.0,0.0,0.0
1,108177179,+,22,37956141,-,CHOL,1311,TCGA-W5-AA2M-01A,TCGA-W5-AA2M-01A,1.0,0.0,0.0,0.0,0.0
1,108177182,-,1,112299100,-,CHOL,1312,TCGA-W5-AA2M-01A,TCGA-W5-AA2M-01A,1.0,0.0,0.0,0.0,0.0
1,109321600,+,22,11303807,-,CHOL,1313,TCGA-W5-AA2M-01A,TCGA-W5-AA2M-01A,1.0,0.0,0.0,0.0,0.0
1,109321989,-,1,111280928,-,CHOL,1314,TCGA-W5-AA2M-01A,TCGA-W5-AA2M-01A,1.0,0.0,0.0,0.0,0.0
1,111732540,+,22,11341267,-,CHOL,1315,TCGA-W5-AA2M-01A,TCGA-W5-AA2M-01A,1.0,0.0,0.0,0.0,0.0
11,54350012,+,11,54351999,-,CHOL,1316,TCGA-W5-AA2M-01A,TCGA-W5-AA2M-01A,1.0,0.0,0.0,0.0,0.0
11,54352760,+,11,54362936,-,CHOL,1317,TCGA-W5-AA2M-01A,TCGA-W5-AA2M-01A,1.0,0.0,0.0,0.0,0.0
11,54545296,+,11,70151993,+,CHOL,1318,TCGA-W5-AA2M-01A,TCGA-W5-AA2M-01A,1.0,0.0,0.0,0.0,0.0
11,54548877,-,11,69796127,+,CHOL,1319,TCGA-W5-AA2M-01A,TCGA-W5-AA2M-01A,1.0,0.0,0.0,0.0,0.0
11,54556719,+,11,69808682,-,CHOL,1320,TCGA-W5-AA2M-01A,TCGA-W5-AA2M-01A,1.0,0.0,0.0,0.0,0.0
11,60429802,-,11,60512974,+,CHOL,1321,TCGA-W5-AA2M-01A,TCGA-W5-AA2M-01A,1.0,0.0,0.0,0.0,0.0
11,60434940,+,11,63010252,-,CHOL,1322,TCGA-W5-AA2M-01A,TCGA-W5-AA2M-01A,1.0,0.0,0.0,0.0,0.0
11,63019151,+,11,71310448,-,CHOL,1323,TCGA-W5-AA2M-01A,TCGA-W5-AA2M-01A,1.0,0.0,0.0,0.0,0.0
11,69053019,-,11,69991611,+,CHOL,1324,TCGA-W5-AA2M-01A,TCGA-W5-AA2M-01A,1.0,0.0,0.0,0.0,0.0
11,69151754,-,11,70817798,+,CHOL,1325,TCGA-W5-AA2M-01A,TCGA-W5-AA2M-01A,1.0,0.0,0.0,0.0,0.0
11,69401989,-,11,72195625,+,CHOL,1326,TCGA-W5-AA2M-01A,TCGA-W5-AA2M-01A,1.0,0.0,0.0,0.0,0.0
11,69923116,+,11,70161343,+,CHOL,1327,TCGA-W5-AA2M-01A,TCGA-W5-AA2M-01A,1.0,0.0,0.0,0.0,0.0
11,69924249,-,11,70046240,-,CHOL,1328,TCGA-W5-AA2M-01A,TCGA-W5-AA2M-01A,1.0,0.0,0.0,0.0,0.0
11,70034121,+,11,70329479,-,CHOL,1329,TCGA-W5-AA2M-01A,TCGA-W5-AA2M-01A,1.0,0.0,0.0,0.0,0.0
11,70160853,-,11,70330098,+,CHOL,1330,TCGA-W5-AA2M-01A,TCGA-W5-AA2M-01A,1.0,0.0,0.0,0.0,0.0
11,70160869,-,11,70161348,-,CHOL,1331,TCGA-W5-AA2M-01A,TCGA-W5-AA2M-01A,1.0,0.0,0.0,0.0,0.0
11,71305602,+,11,72074130,-,CHOL,1332,TCGA-W5-AA2M-01A,TCGA-W5-AA2M-01A,1.0,0.0,0.0,0.0,0.0
12,35922906,-,12,36089184,+,CHOL,1333,TCGA-W5-AA2M-01A,TCGA-W5-AA2M-01A,1.0,0.0,0.0,0.0,0.0
12,76685895,+,18,23092410,+,CHOL,1334,TCGA-W5-AA2M-01A,TCGA-W5-AA2M-01A,1.0,0.0,0.0,0.0,0.0
13,18623166,-,21,6853156,+,CHOL,1335,TCGA-W5-AA2M-01A,TCGA-W5-AA2M-01A,1.0,0.0,0.0,0.0,0.0
16,34257870,+,16,36336263,+,CHOL,1336,TCGA-W5-AA2M-01A,TCGA-W5-AA2M-01A,1.0,0.0,0.0,0.0,0.0
16,36350693,-,16,36909396,+,CHOL,1337,TCGA-W5-AA2M-01A,TCGA-W5-AA2M-01A,1.0,0.0,0.0,0.0,0.0
17,58258046,+,17,70346244,-,CHOL,1338,TCGA-W5-AA2M-01A,TCGA-W5-AA2M-01A,1.0,0.0,0.0,0.0,0.0
17,58459874,+,17,61851823,+,CHOL,1339,TCGA-W5-AA2M-01A,TCGA-W5-AA2M-01A,1.0,0.0,0.0,0.0,0.0
17,58459874,+,17,64795465,+,CHOL,1340,TCGA-W5-AA2M-01A,TCGA-W5-AA2M-01A,1.0,0.0,0.0,0.0,0.0
17,58462558,-,17,64795485,-,CHOL,1341,TCGA-W5-AA2M-01A,TCGA-W5-AA2M-01A,1.0,0.0,0.0,0.0,0.0
17,60692865,+,17,70346534,-,CHOL,1342,TCGA-W5-AA2M-01A,TCGA-W5-AA2M-01A,1.0,0.0,0.0,0.0,0.0
17,61851526,-,17,82844113,+,CHOL,1343,TCGA-W5-AA2M-01A,TCGA-W5-AA2M-01A,1.0,0.0,0.0,0.0,0.0
17,61851823,+,17,64795341,-,CHOL,1344,TCGA-W5-AA2M-01A,TCGA-W5-AA2M-01A,1.0,0.0,0.0,0.0,0.0
17,64796527,+,17,70344112,-,CHOL,1345,TCGA-W5-AA2M-01A,TCGA-W5-AA2M-01A,1.0,0.0,0.0,0.0,0.0
17,70346388,+,17,73539166,-,CHOL,1346,TCGA-W5-AA2M-01A,TCGA-W5-AA2M-01A,1.0,0.0,0.0,0.0,0.0
17,73538868,+,17,74905673,+,CHOL,1347,TCGA-W5-AA2M-01A,TCGA-W5-AA2M-01A,1.0,0.0,0.0,0.0,0.0
17,73539300,+,17,74907266,+,CHOL,1348,TCGA-W5-AA2M-01A,TCGA-W5-AA2M-01A,1.0,0.0,0.0,0.0,0.0
17,74904766,-,17,82843913,+,CHOL,1349,TCGA-W5-AA2M-01A,TCGA-W5-AA2M-01A,1.0,0.0,0.0,0.0,0.0
2,31391658,-,2,31503201,+,CHOL,1350,TCGA-W5-AA2M-01A,TCGA-W5-AA2M-01A,1.0,0.0,0.0,0.0,0.0
3,82887410,+,3,87229013,-,CHOL,1351,TCGA-W5-AA2M-01A,TCGA-W5-AA2M-01A,1.0,0.0,0.0,0.0,0.0
3,82888105,-,3,87265019,+,CHOL,1352,TCGA-W5-AA2M-01A,TCGA-W5-AA2M-01A,1.0,0.0,0.0,0.0,0.0
3,83129501,-,3,87261139,+,CHOL,1353,TCGA-W5-AA2M-01A,TCGA-W5-AA2M-01A,1.0,0.0,0.0,0.0,0.0
3,83604775,+,3,90389716,-,CHOL,1354,TCGA-W5-AA2M-01A,TCGA-W5-AA2M-01A,1.0,0.0,0.0,0.0,0.0
3,83604775,+,3,90391761,-,CHOL,1355,TCGA-W5-AA2M-01A,TCGA-W5-AA2M-01A,1.0,0.0,0.0,0.0,0.0
3,87190601,-,3,87267149,-,CHOL,1356,TCGA-W5-AA2M-01A,TCGA-W5-AA2M-01A,1.0,0.0,0.0,0.0,0.0
3,87217106,-,3,90403212,+,CHOL,1357,TCGA-W5-AA2M-01A,TCGA-W5-AA2M-01A,1.0,0.0,0.0,0.0,0.0
3,87217106,-,3,90403895,+,CHOL,1358,TCGA-W5-AA2M-01A,TCGA-W5-AA2M-01A,1.0,0.0,0.0,0.0,0.0
3,87228924,+,3,87250557,+,CHOL,1359,TCGA-W5-AA2M-01A,TCGA-W5-AA2M-01A,1.0,0.0,0.0,0.0,0.0
3,87252596,-,3,87268854,-,CHOL,1360,TCGA-W5-AA2M-01A,TCGA-W5-AA2M-01A,1.0,0.0,0.0,0.0,0.0
3,87260729,-,3,87261110,-,CHOL,1361,TCGA-W5-AA2M-01A,TCGA-W5-AA2M-01A,1.0,0.0,0.0,0.0,0.0
3,87268701,+,3,91362734,-,CHOL,1362,TCGA-W5-AA2M-01A,TCGA-W5-AA2M-01A,1.0,0.0,0.0,0.0,0.0
3,90893668,+,3,91229112,-,CHOL,1363,TCGA-W5-AA2M-01A,TCGA-W5-AA2M-01A,1.0,0.0,0.0,0.0,0.0
3,91019578,+,3,91147877,-,CHOL,1364,TCGA-W5-AA2M-01A,TCGA-W5-AA2M-01A,1.0,0.0,0.0,0.0,0.0
3,96834946,+,3,123566756,+,CHOL,1365,TCGA-W5-AA2M-01A,TCGA-W5-AA2M-01A,1.0,0.0,0.0,0.0,0.0
3,110789046,-,3,123584457,+,CHOL,1366,TCGA-W5-AA2M-01A,TCGA-W5-AA2M-01A,1.0,0.0,0.0,0.0,0.0
3,123566900,-,3,124806979,-,CHOL,1367,TCGA-W5-AA2M-01A,TCGA-W5-AA2M-01A,1.0,0.0,0.0,0.0,0.0
3,130419430,+,3,141953140,+,CHOL,1368,TCGA-W5-AA2M-01A,TCGA-W5-AA2M-01A,1.0,0.0,0.0,0.0,0.0
3,130431681,-,3,144730201,-,CHOL,1369,TCGA-W5-AA2M-01A,TCGA-W5-AA2M-01A,1.0,0.0,0.0,0.0,0.0
3,130431783,+,21,35535546,-,CHOL,1370,TCGA-W5-AA2M-01A,TCGA-W5-AA2M-01A,1.0,0.0,0.0,0.0,0.0
3,138279895,+,3,141289282,-,CHOL,1371,TCGA-W5-AA2M-01A,TCGA-W5-AA2M-01A,1.0,0.0,0.0,0.0,0.0
3,144730201,-,21,35535547,-,CHOL,1372,TCGA-W5-AA2M-01A,TCGA-W5-AA2M-01A,1.0,0.0,0.0,0.0,0.0
3,145058691,-,7,43321084,-,CHOL,1373,TCGA-W5-AA2M-01A,TCGA-W5-AA2M-01A,1.0,0.0,0.0,0.0,0.0
3,157972246,-,5,18435485,+,CHOL,1374,TCGA-W5-AA2M-01A,TCGA-W5-AA2M-01A,1.0,0.0,0.0,0.0,0.0
4,131869469,+,23,11714167,-,CHOL,1375,TCGA-W5-AA2M-01A,TCGA-W5-AA2M-01A,1.0,0.0,0.0,0.0,0.0
5,46597311,-,5,46664517,+,CHOL,1376,TCGA-W5-AA2M-01A,TCGA-W5-AA2M-01A,1.0,0.0,0.0,0.0,0.0
5,47026988,-,5,47048589,+,CHOL,1377,TCGA-W5-AA2M-01A,TCGA-W5-AA2M-01A,1.0,0.0,0.0,0.0,0.0
5,49668532,-,5,49702288,+,CHOL,1378,TCGA-W5-AA2M-01A,TCGA-W5-AA2M-01A,1.0,0.0,0.0,0.0,0.0
5,164919730,-,7,11190037,+,CHOL,1379,TCGA-W5-AA2M-01A,TCGA-W5-AA2M-01A,1.0,0.0,0.0,0.0,0.0
7,34296137,-,7,34296227,-,CHOL,1380,TCGA-W5-AA2M-01A,TCGA-W5-AA2M-01A,1.0,0.0,0.0,0.0,0.0
7,35159989,+,18,77477490,-,CHOL,1381,TCGA-W5-AA2M-01A,TCGA-W5-AA2M-01A,1.0,0.0,0.0,0.0,0.0
7,43323175,+,7,43324392,+,CHOL,1382,TCGA-W5-AA2M-01A,TCGA-W5-AA2M-01A,1.0,0.0,0.0,0.0,0.0
7,91654386,-,7,109820989,+,CHOL,1383,TCGA-W5-AA2M-01A,TCGA-W5-AA2M-01A,1.0,0.0,0.0,0.0,0.0
8,43312177,-,11,72960826,+,CHOL,1384,TCGA-W5-AA2M-01A,TCGA-W5-AA2M-01A,1.0,0.0,0.0,0.0,0.0
8,43899097,+,11,71327999,+,CHOL,1385,TCGA-W5-AA2M-01A,TCGA-W5-AA2M-01A,1.0,0.0,0.0,0.0,0.0
9,21008745,+,9,26119306,+,CHOL,1386,TCGA-W5-AA2M-01A,TCGA-W5-AA2M-01A,1.0,0.0,0.0,0.0,0.0
9,22011270,-,9,28382590,-,CHOL,1387,TCGA-W5-AA2M-01A,TCGA-W5-AA2M-01A,1.0,0.0,0.0,0.0,0.0
1,35835544,-,1,70376748,+,CHOL,1388,TCGA-W5-AA2O-01A,TCGA-W5-AA2O-01A,1.0,0.0,0.0,0.0,0.0
1,70116829,+,1,70377569,-,CHOL,1389,TCGA-W5-AA2O-01A,TCGA-W5-AA2O-01A,1.0,0.0,0.0,0.0,0.0
1,70120517,-,15,55311253,+,CHOL,1390,TCGA-W5-AA2O-01A,TCGA-W5-AA2O-01A,1.0,0.0,0.0,0.0,0.0
1,248400779,+,15,55311658,-,CHOL,1391,TCGA-W5-AA2O-01A,TCGA-W5-AA2O-01A,1.0,0.0,0.0,0.0,0.0
10,16645955,-,16,17098077,+,CHOL,1392,TCGA-W5-AA2O-01A,TCGA-W5-AA2O-01A,1.0,0.0,0.0,0.0,0.0
10,34098148,+,10,35112200,+,CHOL,1393,TCGA-W5-AA2O-01A,TCGA-W5-AA2O-01A,1.0,0.0,0.0,0.0,0.0
10,36388573,-,10,37368770,-,CHOL,1394,TCGA-W5-AA2O-01A,TCGA-W5-AA2O-01A,1.0,0.0,0.0,0.0,0.0
10,36388588,+,10,36388709,+,CHOL,1395,TCGA-W5-AA2O-01A,TCGA-W5-AA2O-01A,1.0,0.0,0.0,0.0,0.0
10,36388717,+,10,37368770,-,CHOL,1396,TCGA-W5-AA2O-01A,TCGA-W5-AA2O-01A,1.0,0.0,0.0,0.0,0.0
10,88466504,+,18,7193796,+,CHOL,1397,TCGA-W5-AA2O-01A,TCGA-W5-AA2O-01A,1.0,0.0,0.0,0.0,0.0
10,121588696,+,18,58964873,+,CHOL,1398,TCGA-W5-AA2O-01A,TCGA-W5-AA2O-01A,1.0,0.0,0.0,0.0,0.0
11,4360834,+,11,4454139,-,CHOL,1399,TCGA-W5-AA2O-01A,TCGA-W5-AA2O-01A,1.0,0.0,0.0,0.0,0.0
11,56925299,+,11,58303228,-,CHOL,1400,TCGA-W5-AA2O-01A,TCGA-W5-AA2O-01A,1.0,0.0,0.0,0.0,0.0
11,61033158,-,11,62262198,+,CHOL,1401,TCGA-W5-AA2O-01A,TCGA-W5-AA2O-01A,1.0,0.0,0.0,0.0,0.0
11,61033336,-,11,62262188,-,CHOL,1402,TCGA-W5-AA2O-01A,TCGA-W5-AA2O-01A,1.0,0.0,0.0,0.0,0.0
11,62262194,+,11,62262340,+,CHOL,1403,TCGA-W5-AA2O-01A,TCGA-W5-AA2O-01A,1.0,0.0,0.0,0.0,0.0
11,62292320,-,11,62908309,-,CHOL,1404,TCGA-W5-AA2O-01A,TCGA-W5-AA2O-01A,1.0,0.0,0.0,0.0,0.0
11,62524586,-,11,64499598,+,CHOL,1405,TCGA-W5-AA2O-01A,TCGA-W5-AA2O-01A,1.0,0.0,0.0,0.0,0.0
11,62554031,+,11,62906687,+,CHOL,1406,TCGA-W5-AA2O-01A,TCGA-W5-AA2O-01A,1.0,0.0,0.0,0.0,0.0
11,62814877,+,11,63771228,-,CHOL,1407,TCGA-W5-AA2O-01A,TCGA-W5-AA2O-01A,1.0,0.0,0.0,0.0,0.0
11,62903893,-,11,63372758,-,CHOL,1408,TCGA-W5-AA2O-01A,TCGA-W5-AA2O-01A,1.0,0.0,0.0,0.0,0.0
11,62974145,+,11,66139495,-,CHOL,1409,TCGA-W5-AA2O-01A,TCGA-W5-AA2O-01A,1.0,0.0,0.0,0.0,0.0
11,62975809,+,11,68442649,+,CHOL,1410,TCGA-W5-AA2O-01A,TCGA-W5-AA2O-01A,1.0,0.0,0.0,0.0,0.0
11,65761838,+,11,68584093,-,CHOL,1411,TCGA-W5-AA2O-01A,TCGA-W5-AA2O-01A,1.0,0.0,0.0,0.0,0.0
11,68436931,+,11,68437907,-,CHOL,1412,TCGA-W5-AA2O-01A,TCGA-W5-AA2O-01A,1.0,0.0,0.0,0.0,0.0
11,72145128,+,18,10699310,-,CHOL,1413,TCGA-W5-AA2O-01A,TCGA-W5-AA2O-01A,1.0,0.0,0.0,0.0,0.0
11,125178850,-,17,68486341,-,CHOL,1414,TCGA-W5-AA2O-01A,TCGA-W5-AA2O-01A,1.0,0.0,0.0,0.0,0.0
13,16279146,-,21,7238778,+,CHOL,1415,TCGA-W5-AA2O-01A,TCGA-W5-AA2O-01A,1.0,0.0,0.0,0.0,0.0
13,35894424,-,13,39019111,-,CHOL,1416,TCGA-W5-AA2O-01A,TCGA-W5-AA2O-01A,1.0,0.0,0.0,0.0,0.0
13,35894678,+,13,39018991,+,CHOL,1417,TCGA-W5-AA2O-01A,TCGA-W5-AA2O-01A,1.0,0.0,0.0,0.0,0.0
14,64033959,+,14,64520634,+,CHOL,1418,TCGA-W5-AA2O-01A,TCGA-W5-AA2O-01A,1.0,0.0,0.0,0.0,0.0
14,106062127,+,14,106537805,-,CHOL,1419,TCGA-W5-AA2O-01A,TCGA-W5-AA2O-01A,1.0,0.0,0.0,0.0,0.0
17,62874061,-,17,62910136,+,CHOL,1420,TCGA-W5-AA2O-01A,TCGA-W5-AA2O-01A,1.0,0.0,0.0,0.0,0.0
18,15754798,-,18,15785388,+,CHOL,1421,TCGA-W5-AA2O-01A,TCGA-W5-AA2O-01A,1.0,0.0,0.0,0.0,0.0
18,34533212,+,18,34536770,-,CHOL,1422,TCGA-W5-AA2O-01A,TCGA-W5-AA2O-01A,1.0,0.0,0.0,0.0,0.0
2,79995136,+,2,79996065,-,CHOL,1423,TCGA-W5-AA2O-01A,TCGA-W5-AA2O-01A,1.0,0.0,0.0,0.0,0.0
2,95424305,-,2,113294790,-,CHOL,1424,TCGA-W5-AA2O-01A,TCGA-W5-AA2O-01A,1.0,0.0,0.0,0.0,0.0
2,108344935,+,2,108452218,-,CHOL,1425,TCGA-W5-AA2O-01A,TCGA-W5-AA2O-01A,1.0,0.0,0.0,0.0,0.0
3,8258954,+,3,90182152,-,CHOL,1426,TCGA-W5-AA2O-01A,TCGA-W5-AA2O-01A,1.0,0.0,0.0,0.0,0.0
3,90896472,+,3,91169111,-,CHOL,1427,TCGA-W5-AA2O-01A,TCGA-W5-AA2O-01A,1.0,0.0,0.0,0.0,0.0
3,90953160,+,3,91108451,-,CHOL,1428,TCGA-W5-AA2O-01A,TCGA-W5-AA2O-01A,1.0,0.0,0.0,0.0,0.0
5,92313022,-,5,93607787,-,CHOL,1429,TCGA-W5-AA2O-01A,TCGA-W5-AA2O-01A,1.0,0.0,0.0,0.0,0.0
5,92313411,+,5,93607765,+,CHOL,1430,TCGA-W5-AA2O-01A,TCGA-W5-AA2O-01A,1.0,0.0,0.0,0.0,0.0
5,160690005,+,14,40608058,+,CHOL,1431,TCGA-W5-AA2O-01A,TCGA-W5-AA2O-01A,1.0,0.0,0.0,0.0,0.0
6,50813659,-,10,34025727,-,CHOL,1432,TCGA-W5-AA2O-01A,TCGA-W5-AA2O-01A,1.0,0.0,0.0,0.0,0.0
6,51457861,+,6,64284714,-,CHOL,1433,TCGA-W5-AA2O-01A,TCGA-W5-AA2O-01A,1.0,0.0,0.0,0.0,0.0
6,65594466,-,6,65594533,-,CHOL,1434,TCGA-W5-AA2O-01A,TCGA-W5-AA2O-01A,1.0,0.0,0.0,0.0,0.0
6,65594533,-,10,34148445,-,CHOL,1435,TCGA-W5-AA2O-01A,TCGA-W5-AA2O-01A,1.0,0.0,0.0,0.0,0.0
6,65594645,+,10,34148456,-,CHOL,1436,TCGA-W5-AA2O-01A,TCGA-W5-AA2O-01A,1.0,0.0,0.0,0.0,0.0
6,67115643,+,10,18335301,-,CHOL,1437,TCGA-W5-AA2O-01A,TCGA-W5-AA2O-01A,1.0,0.0,0.0,0.0,0.0
6,128087635,+,6,128091131,+,CHOL,1438,TCGA-W5-AA2O-01A,TCGA-W5-AA2O-01A,1.0,0.0,0.0,0.0,0.0
6,128087639,+,6,128090589,-,CHOL,1439,TCGA-W5-AA2O-01A,TCGA-W5-AA2O-01A,1.0,0.0,0.0,0.0,0.0
6,128090590,-,6,128091036,-,CHOL,1440,TCGA-W5-AA2O-01A,TCGA-W5-AA2O-01A,1.0,0.0,0.0,0.0,0.0
7,69674206,+,7,69751528,-,CHOL,1441,TCGA-W5-AA2O-01A,TCGA-W5-AA2O-01A,1.0,0.0,0.0,0.0,0.0
7,70320393,+,7,70442502,-,CHOL,1442,TCGA-W5-AA2O-01A,TCGA-W5-AA2O-01A,1.0,0.0,0.0,0.0,0.0
7,107405075,+,7,107432980,-,CHOL,1443,TCGA-W5-AA2O-01A,TCGA-W5-AA2O-01A,1.0,0.0,0.0,0.0,0.0
7,145285277,+,7,150350150,+,CHOL,1444,TCGA-W5-AA2O-01A,TCGA-W5-AA2O-01A,1.0,0.0,0.0,0.0,0.0
8,91299606,-,14,64033784,-,CHOL,1445,TCGA-W5-AA2O-01A,TCGA-W5-AA2O-01A,1.0,0.0,0.0,0.0,0.0
8,91336345,+,8,114344092,-,CHOL,1446,TCGA-W5-AA2O-01A,TCGA-W5-AA2O-01A,1.0,0.0,0.0,0.0,0.0
9,71377335,-,9,77310276,+,CHOL,1447,TCGA-W5-AA2O-01A,TCGA-W5-AA2O-01A,1.0,0.0,0.0,0.0,0.0
9,71377401,+,9,71378018,+,CHOL,1448,TCGA-W5-AA2O-01A,TCGA-W5-AA2O-01A,1.0,0.0,0.0,0.0,0.0
9,71377472,-,9,77310313,-,CHOL,1449,TCGA-W5-AA2O-01A,TCGA-W5-AA2O-01A,1.0,0.0,0.0,0.0,0.0
1,32138485,-,6,167702273,-,CHOL,1450,TCGA-W5-AA2Q-01A,TCGA-W5-AA2Q-01A,1.0,0.0,0.0,0.0,0.0
1,32439822,-,1,32805562,+,CHOL,1451,TCGA-W5-AA2Q-01A,TCGA-W5-AA2Q-01A,1.0,0.0,0.0,0.0,0.0
1,101497032,-,8,133313001,+,CHOL,1452,TCGA-W5-AA2Q-01A,TCGA-W5-AA2Q-01A,1.0,0.0,0.0,0.0,0.0
1,146909629,+,1,152423029,-,CHOL,1453,TCGA-W5-AA2Q-01A,TCGA-W5-AA2Q-01A,1.0,0.0,0.0,0.0,0.0
1,151939834,-,4,176051753,+,CHOL,1454,TCGA-W5-AA2Q-01A,TCGA-W5-AA2Q-01A,1.0,0.0,0.0,0.0,0.0
1,152160011,+,1,154365323,+,CHOL,1455,TCGA-W5-AA2Q-01A,TCGA-W5-AA2Q-01A,1.0,0.0,0.0,0.0,0.0
1,153959783,+,1,154277648,-,CHOL,1456,TCGA-W5-AA2Q-01A,TCGA-W5-AA2Q-01A,1.0,0.0,0.0,0.0,0.0
1,154330101,+,1,154649294,-,CHOL,1457,TCGA-W5-AA2Q-01A,TCGA-W5-AA2Q-01A,1.0,0.0,0.0,0.0,0.0
1,154674297,-,1,156461658,+,CHOL,1458,TCGA-W5-AA2Q-01A,TCGA-W5-AA2Q-01A,1.0,0.0,0.0,0.0,0.0
1,154685957,+,1,155314541,+,CHOL,1459,TCGA-W5-AA2Q-01A,TCGA-W5-AA2Q-01A,1.0,0.0,0.0,0.0,0.0
1,154691691,-,1,155314630,-,CHOL,1460,TCGA-W5-AA2Q-01A,TCGA-W5-AA2Q-01A,1.0,0.0,0.0,0.0,0.0
1,154733693,-,1,155854170,+,CHOL,1461,TCGA-W5-AA2Q-01A,TCGA-W5-AA2Q-01A,1.0,0.0,0.0,0.0,0.0
1,154881240,-,1,155144651,+,CHOL,1462,TCGA-W5-AA2Q-01A,TCGA-W5-AA2Q-01A,1.0,0.0,0.0,0.0,0.0
1,156249825,+,1,156391158,-,CHOL,1463,TCGA-W5-AA2Q-01A,TCGA-W5-AA2Q-01A,1.0,0.0,0.0,0.0,0.0
1,177131788,+,1,185021428,-,CHOL,1464,TCGA-W5-AA2Q-01A,TCGA-W5-AA2Q-01A,1.0,0.0,0.0,0.0,0.0
1,177258535,-,1,185125945,+,CHOL,1465,TCGA-W5-AA2Q-01A,TCGA-W5-AA2Q-01A,1.0,0.0,0.0,0.0,0.0
1,177279433,+,1,185018558,+,CHOL,1466,TCGA-W5-AA2Q-01A,TCGA-W5-AA2Q-01A,1.0,0.0,0.0,0.0,0.0
1,182162021,-,9,13806,-,CHOL,1467,TCGA-W5-AA2Q-01A,TCGA-W5-AA2Q-01A,1.0,0.0,0.0,0.0,0.0
1,183678267,+,1,184249519,-,CHOL,1468,TCGA-W5-AA2Q-01A,TCGA-W5-AA2Q-01A,1.0,0.0,0.0,0.0,0.0
1,211816864,-,1,212052400,+,CHOL,1469,TCGA-W5-AA2Q-01A,TCGA-W5-AA2Q-01A,1.0,0.0,0.0,0.0,0.0
1,229337679,+,10,102568874,-,CHOL,1470,TCGA-W5-AA2Q-01A,TCGA-W5-AA2Q-01A,1.0,0.0,0.0,0.0,0.0
1,248337020,-,3,176065969,-,CHOL,1471,TCGA-W5-AA2Q-01A,TCGA-W5-AA2Q-01A,1.0,0.0,0.0,0.0,0.0
10,39337853,-,19,27433757,-,CHOL,1472,TCGA-W5-AA2Q-01A,TCGA-W5-AA2Q-01A,1.0,0.0,0.0,0.0,0.0
10,41559167,-,10,41572671,+,CHOL,1473,TCGA-W5-AA2Q-01A,TCGA-W5-AA2Q-01A,1.0,0.0,0.0,0.0,0.0
10,41821656,+,23,58468001,+,CHOL,1474,TCGA-W5-AA2Q-01A,TCGA-W5-AA2Q-01A,1.0,0.0,0.0,0.0,0.0
10,46542637,+,10,121480943,+,CHOL,1475,TCGA-W5-AA2Q-01A,TCGA-W5-AA2Q-01A,1.0,0.0,0.0,0.0,0.0
10,46542796,-,10,121470811,+,CHOL,1476,TCGA-W5-AA2Q-01A,TCGA-W5-AA2Q-01A,1.0,0.0,0.0,0.0,0.0
10,59955134,+,10,121448091,+,CHOL,1477,TCGA-W5-AA2Q-01A,TCGA-W5-AA2Q-01A,1.0,0.0,0.0,0.0,0.0
10,59955315,-,10,121448089,-,CHOL,1478,TCGA-W5-AA2Q-01A,TCGA-W5-AA2Q-01A,1.0,0.0,0.0,0.0,0.0
10,116951442,-,14,57392292,+,CHOL,1479,TCGA-W5-AA2Q-01A,TCGA-W5-AA2Q-01A,1.0,0.0,0.0,0.0,0.0
10,116951555,+,10,121480888,-,CHOL,1480,TCGA-W5-AA2Q-01A,TCGA-W5-AA2Q-01A,1.0,0.0,0.0,0.0,0.0
11,54033770,-,11,54292084,+,CHOL,1481,TCGA-W5-AA2Q-01A,TCGA-W5-AA2Q-01A,1.0,0.0,0.0,0.0,0.0
11,54409028,-,11,54423384,+,CHOL,1482,TCGA-W5-AA2Q-01A,TCGA-W5-AA2Q-01A,1.0,0.0,0.0,0.0,0.0
11,61392342,-,11,61655174,+,CHOL,1483,TCGA-W5-AA2Q-01A,TCGA-W5-AA2Q-01A,1.0,0.0,0.0,0.0,0.0
12,4005239,-,12,4114504,+,CHOL,1484,TCGA-W5-AA2Q-01A,TCGA-W5-AA2Q-01A,1.0,0.0,0.0,0.0,0.0
13,16859325,-,13,16969897,+,CHOL,1485,TCGA-W5-AA2Q-01A,TCGA-W5-AA2Q-01A,1.0,0.0,0.0,0.0,0.0
13,92114253,-,13,93350943,+,CHOL,1486,TCGA-W5-AA2Q-01A,TCGA-W5-AA2Q-01A,1.0,0.0,0.0,0.0,0.0
14,45568213,-,14,45578552,+,CHOL,1487,TCGA-W5-AA2Q-01A,TCGA-W5-AA2Q-01A,1.0,0.0,0.0,0.0,0.0
14,76875028,-,14,77047303,+,CHOL,1488,TCGA-W5-AA2Q-01A,TCGA-W5-AA2Q-01A,1.0,0.0,0.0,0.0,0.0
17,22929919,-,17,23176221,+,CHOL,1489,TCGA-W5-AA2Q-01A,TCGA-W5-AA2Q-01A,1.0,0.0,0.0,0.0,0.0
19,45298935,-,19,45604039,+,CHOL,1490,TCGA-W5-AA2Q-01A,TCGA-W5-AA2Q-01A,1.0,0.0,0.0,0.0,0.0
19,48745059,+,19,48747021,-,CHOL,1491,TCGA-W5-AA2Q-01A,TCGA-W5-AA2Q-01A,1.0,0.0,0.0,0.0,0.0
2,34571844,-,2,35559413,+,CHOL,1492,TCGA-W5-AA2Q-01A,TCGA-W5-AA2Q-01A,1.0,0.0,0.0,0.0,0.0
2,65309094,-,2,65410513,+,CHOL,1493,TCGA-W5-AA2Q-01A,TCGA-W5-AA2Q-01A,1.0,0.0,0.0,0.0,0.0
2,65396673,+,2,65398601,-,CHOL,1494,TCGA-W5-AA2Q-01A,TCGA-W5-AA2Q-01A,1.0,0.0,0.0,0.0,0.0
2,97866353,-,2,97868394,-,CHOL,1495,TCGA-W5-AA2Q-01A,TCGA-W5-AA2Q-01A,1.0,0.0,0.0,0.0,0.0
2,97889992,+,18,29783923,+,CHOL,1496,TCGA-W5-AA2Q-01A,TCGA-W5-AA2Q-01A,1.0,0.0,0.0,0.0,0.0
2,137653153,-,2,139802463,+,CHOL,1497,TCGA-W5-AA2Q-01A,TCGA-W5-AA2Q-01A,1.0,0.0,0.0,0.0,0.0
2,141866836,+,2,142623334,-,CHOL,1498,TCGA-W5-AA2Q-01A,TCGA-W5-AA2Q-01A,1.0,0.0,0.0,0.0,0.0
2,149594948,+,18,80262690,+,CHOL,1499,TCGA-W5-AA2Q-01A,TCGA-W5-AA2Q-01A,1.0,0.0,0.0,0.0,0.0
2,165857286,-,2,166015323,+,CHOL,1500,TCGA-W5-AA2Q-01A,TCGA-W5-AA2Q-01A,1.0,0.0,0.0,0.0,0.0
2,192758481,-,2,193081092,+,CHOL,1501,TCGA-W5-AA2Q-01A,TCGA-W5-AA2Q-01A,1.0,0.0,0.0,0.0,0.0
20,24817173,-,20,25295024,+,CHOL,1502,TCGA-W5-AA2Q-01A,TCGA-W5-AA2Q-01A,1.0,0.0,0.0,0.0,0.0
20,29228994,-,24,10216575,-,CHOL,1503,TCGA-W5-AA2Q-01A,TCGA-W5-AA2Q-01A,1.0,0.0,0.0,0.0,0.0
3,4479499,-,3,4606004,+,CHOL,1504,TCGA-W5-AA2Q-01A,TCGA-W5-AA2Q-01A,1.0,0.0,0.0,0.0,0.0
3,177278757,+,4,113894062,-,CHOL,1505,TCGA-W5-AA2Q-01A,TCGA-W5-AA2Q-01A,1.0,0.0,0.0,0.0,0.0
4,107315581,+,4,107389064,+,CHOL,1506,TCGA-W5-AA2Q-01A,TCGA-W5-AA2Q-01A,1.0,0.0,0.0,0.0,0.0
4,158435158,-,4,159130668,+,CHOL,1507,TCGA-W5-AA2Q-01A,TCGA-W5-AA2Q-01A,1.0,0.0,0.0,0.0,0.0
4,172871823,-,4,172898957,+,CHOL,1508,TCGA-W5-AA2Q-01A,TCGA-W5-AA2Q-01A,1.0,0.0,0.0,0.0,0.0
4,173251864,-,4,173459176,+,CHOL,1509,TCGA-W5-AA2Q-01A,TCGA-W5-AA2Q-01A,1.0,0.0,0.0,0.0,0.0
5,49671782,-,5,49697665,+,CHOL,1510,TCGA-W5-AA2Q-01A,TCGA-W5-AA2Q-01A,1.0,0.0,0.0,0.0,0.0
5,49916426,+,5,49925152,-,CHOL,1511,TCGA-W5-AA2Q-01A,TCGA-W5-AA2Q-01A,1.0,0.0,0.0,0.0,0.0
8,30191102,-,8,30319988,+,CHOL,1512,TCGA-W5-AA2Q-01A,TCGA-W5-AA2Q-01A,1.0,0.0,0.0,0.0,0.0
8,45080664,-,8,45427515,+,CHOL,1513,TCGA-W5-AA2Q-01A,TCGA-W5-AA2Q-01A,1.0,0.0,0.0,0.0,0.0
9,137084529,-,9,137329653,+,CHOL,1514,TCGA-W5-AA2Q-01A,TCGA-W5-AA2Q-01A,1.0,0.0,0.0,0.0,0.0
9,137623746,-,9,137838970,+,CHOL,1515,TCGA-W5-AA2Q-01A,TCGA-W5-AA2Q-01A,1.0,0.0,0.0,0.0,0.0
23,109637493,-,23,109824441,+,CHOL,1516,TCGA-W5-AA2Q-01A,TCGA-W5-AA2Q-01A,1.0,0.0,0.0,0.0,0.0
23,128752962,-,23,132106887,-,CHOL,1517,TCGA-W5-AA2Q-01A,TCGA-W5-AA2Q-01A,1.0,0.0,0.0,0.0,0.0
1,44783839,-,20,45448888,-,CHOL,1518,TCGA-W5-AA2R-01A,TCGA-W5-AA2R-01A,1.0,0.0,0.0,0.0,0.0
1,103345533,+,1,210832908,-,CHOL,1519,TCGA-W5-AA2R-01A,TCGA-W5-AA2R-01A,1.0,0.0,0.0,0.0,0.0
1,114043511,+,8,24810504,+,CHOL,1520,TCGA-W5-AA2R-01A,TCGA-W5-AA2R-01A,1.0,0.0,0.0,0.0,0.0
1,119573444,-,8,33778385,-,CHOL,1521,TCGA-W5-AA2R-01A,TCGA-W5-AA2R-01A,1.0,0.0,0.0,0.0,0.0
1,182360352,+,8,97190058,+,CHOL,1522,TCGA-W5-AA2R-01A,TCGA-W5-AA2R-01A,1.0,0.0,0.0,0.0,0.0
10,38008159,+,10,108040051,+,CHOL,1523,TCGA-W5-AA2R-01A,TCGA-W5-AA2R-01A,1.0,0.0,0.0,0.0,0.0
11,51426238,-,11,54007049,+,CHOL,1524,TCGA-W5-AA2R-01A,TCGA-W5-AA2R-01A,1.0,0.0,0.0,0.0,0.0
11,54996432,-,11,55000376,+,CHOL,1525,TCGA-W5-AA2R-01A,TCGA-W5-AA2R-01A,1.0,0.0,0.0,0.0,0.0
13,18820694,-,17,18150548,-,CHOL,1526,TCGA-W5-AA2R-01A,TCGA-W5-AA2R-01A,1.0,0.0,0.0,0.0,0.0
14,55658273,+,17,68972181,-,CHOL,1527,TCGA-W5-AA2R-01A,TCGA-W5-AA2R-01A,1.0,0.0,0.0,0.0,0.0
16,34257542,-,16,36336915,-,CHOL,1528,TCGA-W5-AA2R-01A,TCGA-W5-AA2R-01A,1.0,0.0,0.0,0.0,0.0
17,18187292,+,17,18243350,+,CHOL,1529,TCGA-W5-AA2R-01A,TCGA-W5-AA2R-01A,1.0,0.0,0.0,0.0,0.0
17,18198000,-,17,19393311,-,CHOL,1530,TCGA-W5-AA2R-01A,TCGA-W5-AA2R-01A,1.0,0.0,0.0,0.0,0.0
17,22932347,+,17,23094224,-,CHOL,1531,TCGA-W5-AA2R-01A,TCGA-W5-AA2R-01A,1.0,0.0,0.0,0.0,0.0
18,25886682,+,18,70387453,+,CHOL,1532,TCGA-W5-AA2R-01A,TCGA-W5-AA2R-01A,1.0,0.0,0.0,0.0,0.0
19,31138848,+,19,35107657,-,CHOL,1533,TCGA-W5-AA2R-01A,TCGA-W5-AA2R-01A,1.0,0.0,0.0,0.0,0.0
19,35774478,+,19,38646160,-,CHOL,1534,TCGA-W5-AA2R-01A,TCGA-W5-AA2R-01A,1.0,0.0,0.0,0.0,0.0
22,16472504,-,24,11381395,+,CHOL,1535,TCGA-W5-AA2R-01A,TCGA-W5-AA2R-01A,1.0,0.0,0.0,0.0,0.0
3,52407568,+,3,52416050,-,CHOL,1536,TCGA-W5-AA2R-01A,TCGA-W5-AA2R-01A,1.0,0.0,0.0,0.0,0.0
3,71091132,+,11,79015478,-,CHOL,1537,TCGA-W5-AA2R-01A,TCGA-W5-AA2R-01A,1.0,0.0,0.0,0.0,0.0
3,73610390,-,7,153311671,-,CHOL,1538,TCGA-W5-AA2R-01A,TCGA-W5-AA2R-01A,1.0,0.0,0.0,0.0,0.0
3,90942478,-,3,91025891,+,CHOL,1539,TCGA-W5-AA2R-01A,TCGA-W5-AA2R-01A,1.0,0.0,0.0,0.0,0.0
3,91027580,-,3,91059827,+,CHOL,1540,TCGA-W5-AA2R-01A,TCGA-W5-AA2R-01A,1.0,0.0,0.0,0.0,0.0
4,27724963,+,4,92960893,-,CHOL,1541,TCGA-W5-AA2R-01A,TCGA-W5-AA2R-01A,1.0,0.0,0.0,0.0,0.0
4,49216543,-,18,14325910,-,CHOL,1542,TCGA-W5-AA2R-01A,TCGA-W5-AA2R-01A,1.0,0.0,0.0,0.0,0.0
4,59490970,-,18,25886727,-,CHOL,1543,TCGA-W5-AA2R-01A,TCGA-W5-AA2R-01A,1.0,0.0,0.0,0.0,0.0
4,59506269,+,16,50295649,-,CHOL,1544,TCGA-W5-AA2R-01A,TCGA-W5-AA2R-01A,1.0,0.0,0.0,0.0,0.0
4,70544390,-,8,16893639,-,CHOL,1545,TCGA-W5-AA2R-01A,TCGA-W5-AA2R-01A,1.0,0.0,0.0,0.0,0.0
4,92960920,+,10,109846608,+,CHOL,1546,TCGA-W5-AA2R-01A,TCGA-W5-AA2R-01A,1.0,0.0,0.0,0.0,0.0
4,93088267,+,5,89089102,+,CHOL,1547,TCGA-W5-AA2R-01A,TCGA-W5-AA2R-01A,1.0,0.0,0.0,0.0,0.0
4,124338214,-,6,49881024,+,CHOL,1548,TCGA-W5-AA2R-01A,TCGA-W5-AA2R-01A,1.0,0.0,0.0,0.0,0.0
5,89657313,-,7,139877697,+,CHOL,1549,TCGA-W5-AA2R-01A,TCGA-W5-AA2R-01A,1.0,0.0,0.0,0.0,0.0
5,98765084,-,5,98765639,+,CHOL,1550,TCGA-W5-AA2R-01A,TCGA-W5-AA2R-01A,1.0,0.0,0.0,0.0,0.0
6,31390804,-,6,31488089,+,CHOL,1551,TCGA-W5-AA2R-01A,TCGA-W5-AA2R-01A,1.0,0.0,0.0,0.0,0.0
7,57673200,+,20,26263461,+,CHOL,1552,TCGA-W5-AA2R-01A,TCGA-W5-AA2R-01A,1.0,0.0,0.0,0.0,0.0
8,16893671,+,14,54340790,+,CHOL,1553,TCGA-W5-AA2R-01A,TCGA-W5-AA2R-01A,1.0,0.0,0.0,0.0,0.0
8,34457513,+,8,37900052,-,CHOL,1554,TCGA-W5-AA2R-01A,TCGA-W5-AA2R-01A,1.0,0.0,0.0,0.0,0.0
8,35135729,+,19,44571973,+,CHOL,1555,TCGA-W5-AA2R-01A,TCGA-W5-AA2R-01A,1.0,0.0,0.0,0.0,0.0
8,35963990,+,8,38964022,-,CHOL,1556,TCGA-W5-AA2R-01A,TCGA-W5-AA2R-01A,1.0,0.0,0.0,0.0,0.0
8,37521897,-,8,38127925,-,CHOL,1557,TCGA-W5-AA2R-01A,TCGA-W5-AA2R-01A,1.0,0.0,0.0,0.0,0.0
8,40023876,+,8,40546646,-,CHOL,1558,TCGA-W5-AA2R-01A,TCGA-W5-AA2R-01A,1.0,0.0,0.0,0.0,0.0
9,31430866,-,10,2241971,+,CHOL,1559,TCGA-W5-AA2R-01A,TCGA-W5-AA2R-01A,1.0,0.0,0.0,0.0,0.0
1,29969919,-,8,78108402,-,CHOL,1560,TCGA-W5-AA2U-01A,TCGA-W5-AA2U-01A,1.0,0.0,0.0,0.0,0.0
1,181063413,-,1,181188369,+,CHOL,1561,TCGA-W5-AA2U-01A,TCGA-W5-AA2U-01A,1.0,0.0,0.0,0.0,0.0
1,224368362,-,1,224368489,-,CHOL,1562,TCGA-W5-AA2U-01A,TCGA-W5-AA2U-01A,1.0,0.0,0.0,0.0,0.0
1,224368444,+,11,109745221,+,CHOL,1563,TCGA-W5-AA2U-01A,TCGA-W5-AA2U-01A,1.0,0.0,0.0,0.0,0.0
1,224368487,+,11,109744934,-,CHOL,1564,TCGA-W5-AA2U-01A,TCGA-W5-AA2U-01A,1.0,0.0,0.0,0.0,0.0
1,224368489,-,11,109744935,-,CHOL,1565,TCGA-W5-AA2U-01A,TCGA-W5-AA2U-01A,1.0,0.0,0.0,0.0,0.0
1,240315410,+,1,240317719,-,CHOL,1566,TCGA-W5-AA2U-01A,TCGA-W5-AA2U-01A,1.0,0.0,0.0,0.0,0.0
10,819801,+,10,16796247,-,CHOL,1567,TCGA-W5-AA2U-01A,TCGA-W5-AA2U-01A,1.0,0.0,0.0,0.0,0.0
10,1012466,-,10,15378113,-,CHOL,1568,TCGA-W5-AA2U-01A,TCGA-W5-AA2U-01A,1.0,0.0,0.0,0.0,0.0
10,15149898,+,10,46010867,+,CHOL,1569,TCGA-W5-AA2U-01A,TCGA-W5-AA2U-01A,1.0,0.0,0.0,0.0,0.0
10,16656860,+,10,46018840,-,CHOL,1570,TCGA-W5-AA2U-01A,TCGA-W5-AA2U-01A,1.0,0.0,0.0,0.0,0.0
10,30459626,+,10,30461993,-,CHOL,1571,TCGA-W5-AA2U-01A,TCGA-W5-AA2U-01A,1.0,0.0,0.0,0.0,0.0
10,54224822,-,10,54241799,+,CHOL,1572,TCGA-W5-AA2U-01A,TCGA-W5-AA2U-01A,1.0,0.0,0.0,0.0,0.0
10,69347838,-,10,69538446,+,CHOL,1573,TCGA-W5-AA2U-01A,TCGA-W5-AA2U-01A,1.0,0.0,0.0,0.0,0.0
11,65525603,-,11,65674742,+,CHOL,1574,TCGA-W5-AA2U-01A,TCGA-W5-AA2U-01A,1.0,0.0,0.0,0.0,0.0
12,32814903,+,12,32940094,-,CHOL,1575,TCGA-W5-AA2U-01A,TCGA-W5-AA2U-01A,1.0,0.0,0.0,0.0,0.0
12,34776843,-,12,34804820,+,CHOL,1576,TCGA-W5-AA2U-01A,TCGA-W5-AA2U-01A,1.0,0.0,0.0,0.0,0.0
13,61331460,+,13,61333326,-,CHOL,1577,TCGA-W5-AA2U-01A,TCGA-W5-AA2U-01A,1.0,0.0,0.0,0.0,0.0
15,22775253,-,15,28847850,+,CHOL,1578,TCGA-W5-AA2U-01A,TCGA-W5-AA2U-01A,1.0,0.0,0.0,0.0,0.0
15,54166879,+,15,54223943,-,CHOL,1579,TCGA-W5-AA2U-01A,TCGA-W5-AA2U-01A,1.0,0.0,0.0,0.0,0.0
16,61616291,-,16,61623828,+,CHOL,1580,TCGA-W5-AA2U-01A,TCGA-W5-AA2U-01A,1.0,0.0,0.0,0.0,0.0
17,81978422,-,17,82132716,+,CHOL,1581,TCGA-W5-AA2U-01A,TCGA-W5-AA2U-01A,1.0,0.0,0.0,0.0,0.0
18,64792625,+,18,64802956,-,CHOL,1582,TCGA-W5-AA2U-01A,TCGA-W5-AA2U-01A,1.0,0.0,0.0,0.0,0.0
19,17681281,-,19,17684372,-,CHOL,1583,TCGA-W5-AA2U-01A,TCGA-W5-AA2U-01A,1.0,0.0,0.0,0.0,0.0
19,17695130,+,19,19256227,+,CHOL,1584,TCGA-W5-AA2U-01A,TCGA-W5-AA2U-01A,1.0,0.0,0.0,0.0,0.0
19,42276165,-,19,42389954,+,CHOL,1585,TCGA-W5-AA2U-01A,TCGA-W5-AA2U-01A,1.0,0.0,0.0,0.0,0.0
2,13309493,+,2,13312860,-,CHOL,1586,TCGA-W5-AA2U-01A,TCGA-W5-AA2U-01A,1.0,0.0,0.0,0.0,0.0
2,70217267,+,6,3556356,-,CHOL,1587,TCGA-W5-AA2U-01A,TCGA-W5-AA2U-01A,1.0,0.0,0.0,0.0,0.0
2,92916407,-,2,94013750,+,CHOL,1588,TCGA-W5-AA2U-01A,TCGA-W5-AA2U-01A,1.0,0.0,0.0,0.0,0.0
2,125447315,+,2,125475647,-,CHOL,1589,TCGA-W5-AA2U-01A,TCGA-W5-AA2U-01A,1.0,0.0,0.0,0.0,0.0
2,128479949,+,2,177264055,-,CHOL,1590,TCGA-W5-AA2U-01A,TCGA-W5-AA2U-01A,1.0,0.0,0.0,0.0,0.0
2,128482868,-,2,208328621,+,CHOL,1591,TCGA-W5-AA2U-01A,TCGA-W5-AA2U-01A,1.0,0.0,0.0,0.0,0.0
2,132291515,-,2,219178289,+,CHOL,1592,TCGA-W5-AA2U-01A,TCGA-W5-AA2U-01A,1.0,0.0,0.0,0.0,0.0
2,133933761,+,2,211322931,-,CHOL,1593,TCGA-W5-AA2U-01A,TCGA-W5-AA2U-01A,1.0,0.0,0.0,0.0,0.0
2,146477980,+,2,222200829,+,CHOL,1594,TCGA-W5-AA2U-01A,TCGA-W5-AA2U-01A,1.0,0.0,0.0,0.0,0.0
2,146478228,-,2,222200676,-,CHOL,1595,TCGA-W5-AA2U-01A,TCGA-W5-AA2U-01A,1.0,0.0,0.0,0.0,0.0
2,146854558,+,2,184545910,-,CHOL,1596,TCGA-W5-AA2U-01A,TCGA-W5-AA2U-01A,1.0,0.0,0.0,0.0,0.0
2,146903811,-,2,200313301,-,CHOL,1597,TCGA-W5-AA2U-01A,TCGA-W5-AA2U-01A,1.0,0.0,0.0,0.0,0.0
2,146903946,+,2,157104764,+,CHOL,1598,TCGA-W5-AA2U-01A,TCGA-W5-AA2U-01A,1.0,0.0,0.0,0.0,0.0
2,146903946,+,2,195355239,-,CHOL,1599,TCGA-W5-AA2U-01A,TCGA-W5-AA2U-01A,1.0,0.0,0.0,0.0,0.0
2,146905341,-,2,233494864,+,CHOL,1600,TCGA-W5-AA2U-01A,TCGA-W5-AA2U-01A,1.0,0.0,0.0,0.0,0.0
2,153496550,+,2,197943621,-,CHOL,1601,TCGA-W5-AA2U-01A,TCGA-W5-AA2U-01A,1.0,0.0,0.0,0.0,0.0
2,153511856,-,2,176925216,+,CHOL,1602,TCGA-W5-AA2U-01A,TCGA-W5-AA2U-01A,1.0,0.0,0.0,0.0,0.0
2,154993087,+,2,168880883,+,CHOL,1603,TCGA-W5-AA2U-01A,TCGA-W5-AA2U-01A,1.0,0.0,0.0,0.0,0.0
2,157104684,-,2,195355238,-,CHOL,1604,TCGA-W5-AA2U-01A,TCGA-W5-AA2U-01A,1.0,0.0,0.0,0.0,0.0
2,157104909,+,2,200313228,-,CHOL,1605,TCGA-W5-AA2U-01A,TCGA-W5-AA2U-01A,1.0,0.0,0.0,0.0,0.0
2,162243044,-,2,201083648,-,CHOL,1606,TCGA-W5-AA2U-01A,TCGA-W5-AA2U-01A,1.0,0.0,0.0,0.0,0.0
2,162345869,-,2,177263496,-,CHOL,1607,TCGA-W5-AA2U-01A,TCGA-W5-AA2U-01A,1.0,0.0,0.0,0.0,0.0
2,168887036,-,2,200280722,+,CHOL,1608,TCGA-W5-AA2U-01A,TCGA-W5-AA2U-01A,1.0,0.0,0.0,0.0,0.0
2,171657159,-,2,174085646,-,CHOL,1609,TCGA-W5-AA2U-01A,TCGA-W5-AA2U-01A,1.0,0.0,0.0,0.0,0.0
2,171657255,+,2,230797520,-,CHOL,1610,TCGA-W5-AA2U-01A,TCGA-W5-AA2U-01A,1.0,0.0,0.0,0.0,0.0
2,171657320,-,2,239718318,-,CHOL,1611,TCGA-W5-AA2U-01A,TCGA-W5-AA2U-01A,1.0,0.0,0.0,0.0,0.0
2,171664270,+,2,171805904,-,CHOL,1612,TCGA-W5-AA2U-01A,TCGA-W5-AA2U-01A,1.0,0.0,0.0,0.0,0.0
2,174083277,+,2,207354764,+,CHOL,1613,TCGA-W5-AA2U-01A,TCGA-W5-AA2U-01A,1.0,0.0,0.0,0.0,0.0
2,174085647,-,2,230797521,-,CHOL,1614,TCGA-W5-AA2U-01A,TCGA-W5-AA2U-01A,1.0,0.0,0.0,0.0,0.0
2,175191922,+,2,177263844,+,CHOL,1615,TCGA-W5-AA2U-01A,TCGA-W5-AA2U-01A,1.0,0.0,0.0,0.0,0.0
2,175192592,-,2,192586311,+,CHOL,1616,TCGA-W5-AA2U-01A,TCGA-W5-AA2U-01A,1.0,0.0,0.0,0.0,0.0
2,180343384,+,2,230216755,-,CHOL,1617,TCGA-W5-AA2U-01A,TCGA-W5-AA2U-01A,1.0,0.0,0.0,0.0,0.0
2,181399682,+,2,207677896,-,CHOL,1618,TCGA-W5-AA2U-01A,TCGA-W5-AA2U-01A,1.0,0.0,0.0,0.0,0.0
2,186958891,+,2,203308841,+,CHOL,1619,TCGA-W5-AA2U-01A,TCGA-W5-AA2U-01A,1.0,0.0,0.0,0.0,0.0
2,188979833,-,2,197007972,-,CHOL,1620,TCGA-W5-AA2U-01A,TCGA-W5-AA2U-01A,1.0,0.0,0.0,0.0,0.0
2,195355239,-,2,200313302,-,CHOL,1621,TCGA-W5-AA2U-01A,TCGA-W5-AA2U-01A,1.0,0.0,0.0,0.0,0.0
2,197005677,+,2,237970673,-,CHOL,1622,TCGA-W5-AA2U-01A,TCGA-W5-AA2U-01A,1.0,0.0,0.0,0.0,0.0
2,201083568,+,2,201083971,+,CHOL,1623,TCGA-W5-AA2U-01A,TCGA-W5-AA2U-01A,1.0,0.0,0.0,0.0,0.0
2,201515015,+,2,239716780,+,CHOL,1624,TCGA-W5-AA2U-01A,TCGA-W5-AA2U-01A,1.0,0.0,0.0,0.0,0.0
2,201515321,-,2,203308917,-,CHOL,1625,TCGA-W5-AA2U-01A,TCGA-W5-AA2U-01A,1.0,0.0,0.0,0.0,0.0
2,207799401,-,2,207799570,+,CHOL,1626,TCGA-W5-AA2U-01A,TCGA-W5-AA2U-01A,1.0,0.0,0.0,0.0,0.0
2,207803124,+,2,207808815,-,CHOL,1627,TCGA-W5-AA2U-01A,TCGA-W5-AA2U-01A,1.0,0.0,0.0,0.0,0.0
2,236547803,+,2,236550748,-,CHOL,1628,TCGA-W5-AA2U-01A,TCGA-W5-AA2U-01A,1.0,0.0,0.0,0.0,0.0
20,14358818,+,20,14553788,-,CHOL,1629,TCGA-W5-AA2U-01A,TCGA-W5-AA2U-01A,1.0,0.0,0.0,0.0,0.0
20,35356345,-,20,35771682,+,CHOL,1630,TCGA-W5-AA2U-01A,TCGA-W5-AA2U-01A,1.0,0.0,0.0,0.0,0.0
20,35508751,-,20,35774089,+,CHOL,1631,TCGA-W5-AA2U-01A,TCGA-W5-AA2U-01A,1.0,0.0,0.0,0.0,0.0
3,59363294,-,6,140037704,+,CHOL,1632,TCGA-W5-AA2U-01A,TCGA-W5-AA2U-01A,1.0,0.0,0.0,0.0,0.0
3,59578004,+,8,136258527,+,CHOL,1633,TCGA-W5-AA2U-01A,TCGA-W5-AA2U-01A,1.0,0.0,0.0,0.0,0.0
3,90849128,-,3,91117657,+,CHOL,1634,TCGA-W5-AA2U-01A,TCGA-W5-AA2U-01A,1.0,0.0,0.0,0.0,0.0
3,127950135,+,12,54029080,-,CHOL,1635,TCGA-W5-AA2U-01A,TCGA-W5-AA2U-01A,1.0,0.0,0.0,0.0,0.0
3,127950231,-,12,54028869,+,CHOL,1636,TCGA-W5-AA2U-01A,TCGA-W5-AA2U-01A,1.0,0.0,0.0,0.0,0.0
4,1639490,-,4,1892458,+,CHOL,1637,TCGA-W5-AA2U-01A,TCGA-W5-AA2U-01A,1.0,0.0,0.0,0.0,0.0
4,1747535,-,4,1761626,-,CHOL,1638,TCGA-W5-AA2U-01A,TCGA-W5-AA2U-01A,1.0,0.0,0.0,0.0,0.0
4,1897461,+,4,1907226,-,CHOL,1639,TCGA-W5-AA2U-01A,TCGA-W5-AA2U-01A,1.0,0.0,0.0,0.0,0.0
4,2035459,+,4,2085760,+,CHOL,1640,TCGA-W5-AA2U-01A,TCGA-W5-AA2U-01A,1.0,0.0,0.0,0.0,0.0
4,21501689,-,11,98956610,+,CHOL,1641,TCGA-W5-AA2U-01A,TCGA-W5-AA2U-01A,1.0,0.0,0.0,0.0,0.0
4,63522737,-,4,63542926,+,CHOL,1642,TCGA-W5-AA2U-01A,TCGA-W5-AA2U-01A,1.0,0.0,0.0,0.0,0.0
4,65088380,+,17,63740083,+,CHOL,1643,TCGA-W5-AA2U-01A,TCGA-W5-AA2U-01A,1.0,0.0,0.0,0.0,0.0
4,91542435,-,4,91559455,+,CHOL,1644,TCGA-W5-AA2U-01A,TCGA-W5-AA2U-01A,1.0,0.0,0.0,0.0,0.0
4,183187555,-,7,73634806,-,CHOL,1645,TCGA-W5-AA2U-01A,TCGA-W5-AA2U-01A,1.0,0.0,0.0,0.0,0.0
4,189760674,-,4,189826627,+,CHOL,1646,TCGA-W5-AA2U-01A,TCGA-W5-AA2U-01A,1.0,0.0,0.0,0.0,0.0
5,9674952,-,11,48352982,+,CHOL,1647,TCGA-W5-AA2U-01A,TCGA-W5-AA2U-01A,1.0,0.0,0.0,0.0,0.0
5,9738944,+,11,109746592,+,CHOL,1648,TCGA-W5-AA2U-01A,TCGA-W5-AA2U-01A,1.0,0.0,0.0,0.0,0.0
5,9739335,-,11,49913243,-,CHOL,1649,TCGA-W5-AA2U-01A,TCGA-W5-AA2U-01A,1.0,0.0,0.0,0.0,0.0
5,26129212,+,5,96711883,-,CHOL,1650,TCGA-W5-AA2U-01A,TCGA-W5-AA2U-01A,1.0,0.0,0.0,0.0,0.0
5,26132399,-,6,65670853,-,CHOL,1651,TCGA-W5-AA2U-01A,TCGA-W5-AA2U-01A,1.0,0.0,0.0,0.0,0.0
5,28491753,-,5,28496298,+,CHOL,1652,TCGA-W5-AA2U-01A,TCGA-W5-AA2U-01A,1.0,0.0,0.0,0.0,0.0
5,46497354,+,6,65642777,+,CHOL,1653,TCGA-W5-AA2U-01A,TCGA-W5-AA2U-01A,1.0,0.0,0.0,0.0,0.0
5,47256260,-,19,24908209,+,CHOL,1654,TCGA-W5-AA2U-01A,TCGA-W5-AA2U-01A,1.0,0.0,0.0,0.0,0.0
5,77004883,+,5,77005123,-,CHOL,1655,TCGA-W5-AA2U-01A,TCGA-W5-AA2U-01A,1.0,0.0,0.0,0.0,0.0
5,96591934,+,11,109703196,+,CHOL,1656,TCGA-W5-AA2U-01A,TCGA-W5-AA2U-01A,1.0,0.0,0.0,0.0,0.0
5,114143084,-,12,87342788,+,CHOL,1657,TCGA-W5-AA2U-01A,TCGA-W5-AA2U-01A,1.0,0.0,0.0,0.0,0.0
5,129536401,-,6,71895796,+,CHOL,1658,TCGA-W5-AA2U-01A,TCGA-W5-AA2U-01A,1.0,0.0,0.0,0.0,0.0
5,167195783,+,15,76035684,-,CHOL,1659,TCGA-W5-AA2U-01A,TCGA-W5-AA2U-01A,1.0,0.0,0.0,0.0,0.0
5,170629215,-,5,170800882,+,CHOL,1660,TCGA-W5-AA2U-01A,TCGA-W5-AA2U-01A,1.0,0.0,0.0,0.0,0.0
5,179524912,-,5,179652164,+,CHOL,1661,TCGA-W5-AA2U-01A,TCGA-W5-AA2U-01A,1.0,0.0,0.0,0.0,0.0
6,9646123,+,6,9646413,-,CHOL,1662,TCGA-W5-AA2U-01A,TCGA-W5-AA2U-01A,1.0,0.0,0.0,0.0,0.0
6,147611150,+,23,40048042,+,CHOL,1663,TCGA-W5-AA2U-01A,TCGA-W5-AA2U-01A,1.0,0.0,0.0,0.0,0.0
7,42702191,+,18,38952206,+,CHOL,1664,TCGA-W5-AA2U-01A,TCGA-W5-AA2U-01A,1.0,0.0,0.0,0.0,0.0
7,60422584,-,7,60494741,+,CHOL,1665,TCGA-W5-AA2U-01A,TCGA-W5-AA2U-01A,1.0,0.0,0.0,0.0,0.0
7,61451772,+,7,61457221,-,CHOL,1666,TCGA-W5-AA2U-01A,TCGA-W5-AA2U-01A,1.0,0.0,0.0,0.0,0.0
7,100818958,+,7,100821479,-,CHOL,1667,TCGA-W5-AA2U-01A,TCGA-W5-AA2U-01A,1.0,0.0,0.0,0.0,0.0
7,124920370,+,7,124922463,-,CHOL,1668,TCGA-W5-AA2U-01A,TCGA-W5-AA2U-01A,1.0,0.0,0.0,0.0,0.0
8,9552704,+,17,62877883,+,CHOL,1669,TCGA-W5-AA2U-01A,TCGA-W5-AA2U-01A,1.0,0.0,0.0,0.0,0.0
8,9751917,+,8,9753408,-,CHOL,1670,TCGA-W5-AA2U-01A,TCGA-W5-AA2U-01A,1.0,0.0,0.0,0.0,0.0
8,9751940,+,8,9753530,+,CHOL,1671,TCGA-W5-AA2U-01A,TCGA-W5-AA2U-01A,1.0,0.0,0.0,0.0,0.0
8,25480493,+,8,25504154,-,CHOL,1672,TCGA-W5-AA2U-01A,TCGA-W5-AA2U-01A,1.0,0.0,0.0,0.0,0.0
8,62587508,+,8,115090836,-,CHOL,1673,TCGA-W5-AA2U-01A,TCGA-W5-AA2U-01A,1.0,0.0,0.0,0.0,0.0
8,62588350,-,8,115126877,+,CHOL,1674,TCGA-W5-AA2U-01A,TCGA-W5-AA2U-01A,1.0,0.0,0.0,0.0,0.0
8,75424773,+,8,75427818,-,CHOL,1675,TCGA-W5-AA2U-01A,TCGA-W5-AA2U-01A,1.0,0.0,0.0,0.0,0.0
8,115090611,+,8,115128147,-,CHOL,1676,TCGA-W5-AA2U-01A,TCGA-W5-AA2U-01A,1.0,0.0,0.0,0.0,0.0
9,22737532,-,9,22760279,+,CHOL,1677,TCGA-W5-AA2U-01A,TCGA-W5-AA2U-01A,1.0,0.0,0.0,0.0,0.0
9,43950172,-,9,45299323,+,CHOL,1678,TCGA-W5-AA2U-01A,TCGA-W5-AA2U-01A,1.0,0.0,0.0,0.0,0.0
23,33914303,+,23,33933387,-,CHOL,1679,TCGA-W5-AA2U-01A,TCGA-W5-AA2U-01A,1.0,0.0,0.0,0.0,0.0
23,54154058,-,23,54184681,+,CHOL,1680,TCGA-W5-AA2U-01A,TCGA-W5-AA2U-01A,1.0,0.0,0.0,0.0,0.0
23,73323600,-,23,73356336,+,CHOL,1681,TCGA-W5-AA2U-01A,TCGA-W5-AA2U-01A,1.0,0.0,0.0,0.0,0.0
23,83181945,+,23,84180063,-,CHOL,1682,TCGA-W5-AA2U-01A,TCGA-W5-AA2U-01A,1.0,0.0,0.0,0.0,0.0
23,91064955,+,23,91073111,-,CHOL,1683,TCGA-W5-AA2U-01A,TCGA-W5-AA2U-01A,1.0,0.0,0.0,0.0,0.0
23,91201061,+,24,4687905,-,CHOL,1684,TCGA-W5-AA2U-01A,TCGA-W5-AA2U-01A,1.0,0.0,0.0,0.0,0.0
23,91349819,-,23,93831826,+,CHOL,1685,TCGA-W5-AA2U-01A,TCGA-W5-AA2U-01A,1.0,0.0,0.0,0.0,0.0
23,91349979,+,23,93831071,+,CHOL,1686,TCGA-W5-AA2U-01A,TCGA-W5-AA2U-01A,1.0,0.0,0.0,0.0,0.0
23,92985343,-,23,93025409,+,CHOL,1687,TCGA-W5-AA2U-01A,TCGA-W5-AA2U-01A,1.0,0.0,0.0,0.0,0.0
23,93765727,+,23,93830709,-,CHOL,1688,TCGA-W5-AA2U-01A,TCGA-W5-AA2U-01A,1.0,0.0,0.0,0.0,0.0
23,93772074,-,23,93831063,-,CHOL,1689,TCGA-W5-AA2U-01A,TCGA-W5-AA2U-01A,1.0,0.0,0.0,0.0,0.0
23,95013509,-,23,95111440,+,CHOL,1690,TCGA-W5-AA2U-01A,TCGA-W5-AA2U-01A,1.0,0.0,0.0,0.0,0.0
23,95530351,-,23,95562608,+,CHOL,1691,TCGA-W5-AA2U-01A,TCGA-W5-AA2U-01A,1.0,0.0,0.0,0.0,0.0
23,95929294,-,23,95966715,+,CHOL,1692,TCGA-W5-AA2U-01A,TCGA-W5-AA2U-01A,1.0,0.0,0.0,0.0,0.0
23,99717490,-,23,99729884,+,CHOL,1693,TCGA-W5-AA2U-01A,TCGA-W5-AA2U-01A,1.0,0.0,0.0,0.0,0.0
23,133529262,-,23,133569955,+,CHOL,1694,TCGA-W5-AA2U-01A,TCGA-W5-AA2U-01A,1.0,0.0,0.0,0.0,0.0
23,149222903,-,23,149463307,+,CHOL,1695,TCGA-W5-AA2U-01A,TCGA-W5-AA2U-01A,1.0,0.0,0.0,0.0,0.0
23,151777443,-,23,151797023,+,CHOL,1696,TCGA-W5-AA2U-01A,TCGA-W5-AA2U-01A,1.0,0.0,0.0,0.0,0.0
1,114391281,-,15,29610601,-,CHOL,1697,TCGA-W5-AA2W-01A,TCGA-W5-AA2W-01A,1.0,0.0,0.0,0.0,0.0
1,116306024,+,13,93231235,-,CHOL,1698,TCGA-W5-AA2W-01A,TCGA-W5-AA2W-01A,1.0,0.0,0.0,0.0,0.0
1,154756935,+,1,154772387,-,CHOL,1699,TCGA-W5-AA2W-01A,TCGA-W5-AA2W-01A,1.0,0.0,0.0,0.0,0.0
1,158311635,-,22,28669936,+,CHOL,1700,TCGA-W5-AA2W-01A,TCGA-W5-AA2W-01A,1.0,0.0,0.0,0.0,0.0
1,169747353,-,6,87119774,+,CHOL,1701,TCGA-W5-AA2W-01A,TCGA-W5-AA2W-01A,1.0,0.0,0.0,0.0,0.0
1,174933615,-,1,175003804,+,CHOL,1702,TCGA-W5-AA2W-01A,TCGA-W5-AA2W-01A,1.0,0.0,0.0,0.0,0.0
1,246945272,-,14,100260965,+,CHOL,1703,TCGA-W5-AA2W-01A,TCGA-W5-AA2W-01A,1.0,0.0,0.0,0.0,0.0
10,39223435,+,10,39230136,-,CHOL,1704,TCGA-W5-AA2W-01A,TCGA-W5-AA2W-01A,1.0,0.0,0.0,0.0,0.0
10,58804986,-,10,121482529,-,CHOL,1705,TCGA-W5-AA2W-01A,TCGA-W5-AA2W-01A,1.0,0.0,0.0,0.0,0.0
10,58805491,+,10,121482763,+,CHOL,1706,TCGA-W5-AA2W-01A,TCGA-W5-AA2W-01A,1.0,0.0,0.0,0.0,0.0
11,52277876,+,11,54027153,-,CHOL,1707,TCGA-W5-AA2W-01A,TCGA-W5-AA2W-01A,1.0,0.0,0.0,0.0,0.0
15,55379123,+,17,28721957,-,CHOL,1708,TCGA-W5-AA2W-01A,TCGA-W5-AA2W-01A,1.0,0.0,0.0,0.0,0.0
16,208389,-,16,394006,+,CHOL,1709,TCGA-W5-AA2W-01A,TCGA-W5-AA2W-01A,1.0,0.0,0.0,0.0,0.0
16,69477321,+,16,69480287,-,CHOL,1710,TCGA-W5-AA2W-01A,TCGA-W5-AA2W-01A,1.0,0.0,0.0,0.0,0.0
17,34857440,+,17,34865858,-,CHOL,1711,TCGA-W5-AA2W-01A,TCGA-W5-AA2W-01A,1.0,0.0,0.0,0.0,0.0
18,6174802,+,18,6176926,-,CHOL,1712,TCGA-W5-AA2W-01A,TCGA-W5-AA2W-01A,1.0,0.0,0.0,0.0,0.0
18,15730427,+,18,20667601,-,CHOL,1713,TCGA-W5-AA2W-01A,TCGA-W5-AA2W-01A,1.0,0.0,0.0,0.0,0.0
19,4061628,-,19,4106789,+,CHOL,1714,TCGA-W5-AA2W-01A,TCGA-W5-AA2W-01A,1.0,0.0,0.0,0.0,0.0
20,19579894,+,20,19583830,-,CHOL,1715,TCGA-W5-AA2W-01A,TCGA-W5-AA2W-01A,1.0,0.0,0.0,0.0,0.0
20,26486002,+,20,26599959,-,CHOL,1716,TCGA-W5-AA2W-01A,TCGA-W5-AA2W-01A,1.0,0.0,0.0,0.0,0.0
21,13866311,+,21,13868900,-,CHOL,1717,TCGA-W5-AA2W-01A,TCGA-W5-AA2W-01A,1.0,0.0,0.0,0.0,0.0
22,36338199,+,22,36350704,-,CHOL,1718,TCGA-W5-AA2W-01A,TCGA-W5-AA2W-01A,1.0,0.0,0.0,0.0,0.0
3,24109408,+,3,162805775,-,CHOL,1719,TCGA-W5-AA2W-01A,TCGA-W5-AA2W-01A,1.0,0.0,0.0,0.0,0.0
3,27726828,+,3,78013856,-,CHOL,1720,TCGA-W5-AA2W-01A,TCGA-W5-AA2W-01A,1.0,0.0,0.0,0.0,0.0
3,90953172,+,3,91108433,-,CHOL,1721,TCGA-W5-AA2W-01A,TCGA-W5-AA2W-01A,1.0,0.0,0.0,0.0,0.0
3,157972205,-,5,18435526,+,CHOL,1722,TCGA-W5-AA2W-01A,TCGA-W5-AA2W-01A,1.0,0.0,0.0,0.0,0.0
3,190095303,-,18,26065801,-,CHOL,1723,TCGA-W5-AA2W-01A,TCGA-W5-AA2W-01A,1.0,0.0,0.0,0.0,0.0
4,53842445,+,9,31378420,-,CHOL,1724,TCGA-W5-AA2W-01A,TCGA-W5-AA2W-01A,1.0,0.0,0.0,0.0,0.0
5,49754966,-,5,49856822,+,CHOL,1725,TCGA-W5-AA2W-01A,TCGA-W5-AA2W-01A,1.0,0.0,0.0,0.0,0.0
6,13475731,-,15,64565233,-,CHOL,1726,TCGA-W5-AA2W-01A,TCGA-W5-AA2W-01A,1.0,0.0,0.0,0.0,0.0
7,4497345,+,7,9621863,-,CHOL,1727,TCGA-W5-AA2W-01A,TCGA-W5-AA2W-01A,1.0,0.0,0.0,0.0,0.0
7,4497423,-,7,9622009,+,CHOL,1728,TCGA-W5-AA2W-01A,TCGA-W5-AA2W-01A,1.0,0.0,0.0,0.0,0.0
8,106881375,+,8,106882525,-,CHOL,1729,TCGA-W5-AA2W-01A,TCGA-W5-AA2W-01A,1.0,0.0,0.0,0.0,0.0
9,14178522,+,9,14197020,-,CHOL,1730,TCGA-W5-AA2W-01A,TCGA-W5-AA2W-01A,1.0,0.0,0.0,0.0,0.0
9,42971794,+,9,64485596,-,CHOL,1731,TCGA-W5-AA2W-01A,TCGA-W5-AA2W-01A,1.0,0.0,0.0,0.0,0.0
23,83956587,+,23,83957764,-,CHOL,1732,TCGA-W5-AA2W-01A,TCGA-W5-AA2W-01A,1.0,0.0,0.0,0.0,0.0
1,2861004,+,1,67191136,-,CHOL,1733,TCGA-W5-AA2X-01A,TCGA-W5-AA2X-01A,1.0,0.0,0.0,0.0,0.0
1,3351228,+,1,114658108,+,CHOL,1734,TCGA-W5-AA2X-01A,TCGA-W5-AA2X-01A,1.0,0.0,0.0,0.0,0.0
1,4244030,-,6,135003501,-,CHOL,1735,TCGA-W5-AA2X-01A,TCGA-W5-AA2X-01A,1.0,0.0,0.0,0.0,0.0
1,4260073,+,1,5001463,-,CHOL,1736,TCGA-W5-AA2X-01A,TCGA-W5-AA2X-01A,1.0,0.0,0.0,0.0,0.0
1,5012242,+,1,26660772,+,CHOL,1737,TCGA-W5-AA2X-01A,TCGA-W5-AA2X-01A,1.0,0.0,0.0,0.0,0.0
1,7542421,-,1,9280973,+,CHOL,1738,TCGA-W5-AA2X-01A,TCGA-W5-AA2X-01A,1.0,0.0,0.0,0.0,0.0
1,10309455,-,1,97258478,+,CHOL,1739,TCGA-W5-AA2X-01A,TCGA-W5-AA2X-01A,1.0,0.0,0.0,0.0,0.0
1,11924254,+,1,75641507,+,CHOL,1740,TCGA-W5-AA2X-01A,TCGA-W5-AA2X-01A,1.0,0.0,0.0,0.0,0.0
1,21227805,-,1,24284986,+,CHOL,1741,TCGA-W5-AA2X-01A,TCGA-W5-AA2X-01A,1.0,0.0,0.0,0.0,0.0
1,23287806,-,1,33644041,+,CHOL,1742,TCGA-W5-AA2X-01A,TCGA-W5-AA2X-01A,1.0,0.0,0.0,0.0,0.0
1,25517656,-,1,33088054,-,CHOL,1743,TCGA-W5-AA2X-01A,TCGA-W5-AA2X-01A,1.0,0.0,0.0,0.0,0.0
1,26934504,-,1,32149947,-,CHOL,1744,TCGA-W5-AA2X-01A,TCGA-W5-AA2X-01A,1.0,0.0,0.0,0.0,0.0
1,26948507,+,1,32405887,+,CHOL,1745,TCGA-W5-AA2X-01A,TCGA-W5-AA2X-01A,1.0,0.0,0.0,0.0,0.0
1,31172875,-,1,68474903,+,CHOL,1746,TCGA-W5-AA2X-01A,TCGA-W5-AA2X-01A,1.0,0.0,0.0,0.0,0.0
1,31194060,+,1,68149473,+,CHOL,1747,TCGA-W5-AA2X-01A,TCGA-W5-AA2X-01A,1.0,0.0,0.0,0.0,0.0
1,35472229,-,1,38671563,+,CHOL,1748,TCGA-W5-AA2X-01A,TCGA-W5-AA2X-01A,1.0,0.0,0.0,0.0,0.0
1,37261221,+,1,42101507,-,CHOL,1749,TCGA-W5-AA2X-01A,TCGA-W5-AA2X-01A,1.0,0.0,0.0,0.0,0.0
1,38662572,-,1,41957608,+,CHOL,1750,TCGA-W5-AA2X-01A,TCGA-W5-AA2X-01A,1.0,0.0,0.0,0.0,0.0
1,39269291,+,1,84703673,+,CHOL,1751,TCGA-W5-AA2X-01A,TCGA-W5-AA2X-01A,1.0,0.0,0.0,0.0,0.0
1,41307957,-,1,41946914,-,CHOL,1752,TCGA-W5-AA2X-01A,TCGA-W5-AA2X-01A,1.0,0.0,0.0,0.0,0.0
1,45314400,+,1,83182734,-,CHOL,1753,TCGA-W5-AA2X-01A,TCGA-W5-AA2X-01A,1.0,0.0,0.0,0.0,0.0
1,67527141,+,1,75030767,-,CHOL,1754,TCGA-W5-AA2X-01A,TCGA-W5-AA2X-01A,1.0,0.0,0.0,0.0,0.0
1,67862199,-,1,110024160,-,CHOL,1755,TCGA-W5-AA2X-01A,TCGA-W5-AA2X-01A,1.0,0.0,0.0,0.0,0.0
1,68451211,-,1,97204468,-,CHOL,1756,TCGA-W5-AA2X-01A,TCGA-W5-AA2X-01A,1.0,0.0,0.0,0.0,0.0
1,79736964,-,1,79760302,+,CHOL,1757,TCGA-W5-AA2X-01A,TCGA-W5-AA2X-01A,1.0,0.0,0.0,0.0,0.0
1,92609629,-,1,92646111,+,CHOL,1758,TCGA-W5-AA2X-01A,TCGA-W5-AA2X-01A,1.0,0.0,0.0,0.0,0.0
1,93727639,-,1,95259009,+,CHOL,1759,TCGA-W5-AA2X-01A,TCGA-W5-AA2X-01A,1.0,0.0,0.0,0.0,0.0
1,110680772,+,21,25735156,+,CHOL,1760,TCGA-W5-AA2X-01A,TCGA-W5-AA2X-01A,1.0,0.0,0.0,0.0,0.0
1,115645198,-,1,118225041,-,CHOL,1761,TCGA-W5-AA2X-01A,TCGA-W5-AA2X-01A,1.0,0.0,0.0,0.0,0.0
1,123236646,+,1,123411879,-,CHOL,1762,TCGA-W5-AA2X-01A,TCGA-W5-AA2X-01A,1.0,0.0,0.0,0.0,0.0
1,124493284,+,11,76286696,+,CHOL,1763,TCGA-W5-AA2X-01A,TCGA-W5-AA2X-01A,1.0,0.0,0.0,0.0,0.0
1,124813320,-,1,124837774,+,CHOL,1764,TCGA-W5-AA2X-01A,TCGA-W5-AA2X-01A,1.0,0.0,0.0,0.0,0.0
1,179228060,+,4,132708460,+,CHOL,1765,TCGA-W5-AA2X-01A,TCGA-W5-AA2X-01A,1.0,0.0,0.0,0.0,0.0
1,199601685,-,3,154823927,-,CHOL,1766,TCGA-W5-AA2X-01A,TCGA-W5-AA2X-01A,1.0,0.0,0.0,0.0,0.0
1,242259326,+,10,38339186,+,CHOL,1767,TCGA-W5-AA2X-01A,TCGA-W5-AA2X-01A,1.0,0.0,0.0,0.0,0.0
10,38634334,-,22,16422294,+,CHOL,1768,TCGA-W5-AA2X-01A,TCGA-W5-AA2X-01A,1.0,0.0,0.0,0.0,0.0
11,42121367,+,11,72957805,-,CHOL,1769,TCGA-W5-AA2X-01A,TCGA-W5-AA2X-01A,1.0,0.0,0.0,0.0,0.0
11,42256589,-,19,27880555,+,CHOL,1770,TCGA-W5-AA2X-01A,TCGA-W5-AA2X-01A,1.0,0.0,0.0,0.0,0.0
11,51637580,-,11,53442627,+,CHOL,1771,TCGA-W5-AA2X-01A,TCGA-W5-AA2X-01A,1.0,0.0,0.0,0.0,0.0
11,54687152,-,11,60775121,-,CHOL,1772,TCGA-W5-AA2X-01A,TCGA-W5-AA2X-01A,1.0,0.0,0.0,0.0,0.0
11,61136778,+,11,65938622,-,CHOL,1773,TCGA-W5-AA2X-01A,TCGA-W5-AA2X-01A,1.0,0.0,0.0,0.0,0.0
11,66363925,-,11,73681030,+,CHOL,1774,TCGA-W5-AA2X-01A,TCGA-W5-AA2X-01A,1.0,0.0,0.0,0.0,0.0
11,66456679,-,11,72881639,-,CHOL,1775,TCGA-W5-AA2X-01A,TCGA-W5-AA2X-01A,1.0,0.0,0.0,0.0,0.0
11,66493581,+,11,73246482,-,CHOL,1776,TCGA-W5-AA2X-01A,TCGA-W5-AA2X-01A,1.0,0.0,0.0,0.0,0.0
11,66520557,-,11,73233245,+,CHOL,1777,TCGA-W5-AA2X-01A,TCGA-W5-AA2X-01A,1.0,0.0,0.0,0.0,0.0
11,66585383,-,11,66809861,-,CHOL,1778,TCGA-W5-AA2X-01A,TCGA-W5-AA2X-01A,1.0,0.0,0.0,0.0,0.0
11,66620243,+,11,68464187,+,CHOL,1779,TCGA-W5-AA2X-01A,TCGA-W5-AA2X-01A,1.0,0.0,0.0,0.0,0.0
11,66620303,-,19,40087540,+,CHOL,1780,TCGA-W5-AA2X-01A,TCGA-W5-AA2X-01A,1.0,0.0,0.0,0.0,0.0
11,66623584,-,11,67171501,+,CHOL,1781,TCGA-W5-AA2X-01A,TCGA-W5-AA2X-01A,1.0,0.0,0.0,0.0,0.0
11,66625708,+,11,67171559,-,CHOL,1782,TCGA-W5-AA2X-01A,TCGA-W5-AA2X-01A,1.0,0.0,0.0,0.0,0.0
11,66626530,-,11,68446231,-,CHOL,1783,TCGA-W5-AA2X-01A,TCGA-W5-AA2X-01A,1.0,0.0,0.0,0.0,0.0
11,66884647,+,11,72478437,-,CHOL,1784,TCGA-W5-AA2X-01A,TCGA-W5-AA2X-01A,1.0,0.0,0.0,0.0,0.0
11,67192050,+,19,24387111,-,CHOL,1785,TCGA-W5-AA2X-01A,TCGA-W5-AA2X-01A,1.0,0.0,0.0,0.0,0.0
11,67473755,-,11,69590651,-,CHOL,1786,TCGA-W5-AA2X-01A,TCGA-W5-AA2X-01A,1.0,0.0,0.0,0.0,0.0
11,67474581,+,11,69591064,+,CHOL,1787,TCGA-W5-AA2X-01A,TCGA-W5-AA2X-01A,1.0,0.0,0.0,0.0,0.0
11,67524538,+,11,68876324,+,CHOL,1788,TCGA-W5-AA2X-01A,TCGA-W5-AA2X-01A,1.0,0.0,0.0,0.0,0.0
11,67525005,-,11,75578186,-,CHOL,1789,TCGA-W5-AA2X-01A,TCGA-W5-AA2X-01A,1.0,0.0,0.0,0.0,0.0
11,68356254,-,11,73291793,+,CHOL,1790,TCGA-W5-AA2X-01A,TCGA-W5-AA2X-01A,1.0,0.0,0.0,0.0,0.0
11,69589355,+,19,40503707,-,CHOL,1791,TCGA-W5-AA2X-01A,TCGA-W5-AA2X-01A,1.0,0.0,0.0,0.0,0.0
11,69589793,-,19,40502788,+,CHOL,1792,TCGA-W5-AA2X-01A,TCGA-W5-AA2X-01A,1.0,0.0,0.0,0.0,0.0
11,69703894,+,11,71640552,+,CHOL,1793,TCGA-W5-AA2X-01A,TCGA-W5-AA2X-01A,1.0,0.0,0.0,0.0,0.0
11,70347892,+,11,72930604,+,CHOL,1794,TCGA-W5-AA2X-01A,TCGA-W5-AA2X-01A,1.0,0.0,0.0,0.0,0.0
11,70348596,+,11,76216132,-,CHOL,1795,TCGA-W5-AA2X-01A,TCGA-W5-AA2X-01A,1.0,0.0,0.0,0.0,0.0
11,70348796,-,11,76220345,+,CHOL,1796,TCGA-W5-AA2X-01A,TCGA-W5-AA2X-01A,1.0,0.0,0.0,0.0,0.0
11,70350632,+,19,28689532,-,CHOL,1797,TCGA-W5-AA2X-01A,TCGA-W5-AA2X-01A,1.0,0.0,0.0,0.0,0.0
11,70510130,-,11,74976447,-,CHOL,1798,TCGA-W5-AA2X-01A,TCGA-W5-AA2X-01A,1.0,0.0,0.0,0.0,0.0
11,70578876,-,12,68176124,-,CHOL,1799,TCGA-W5-AA2X-01A,TCGA-W5-AA2X-01A,1.0,0.0,0.0,0.0,0.0
11,70679621,+,12,64973067,-,CHOL,1800,TCGA-W5-AA2X-01A,TCGA-W5-AA2X-01A,1.0,0.0,0.0,0.0,0.0
11,70870487,+,11,75931964,+,CHOL,1801,TCGA-W5-AA2X-01A,TCGA-W5-AA2X-01A,1.0,0.0,0.0,0.0,0.0
11,71486928,-,19,40087982,+,CHOL,1802,TCGA-W5-AA2X-01A,TCGA-W5-AA2X-01A,1.0,0.0,0.0,0.0,0.0
11,71652137,+,11,73275457,+,CHOL,1803,TCGA-W5-AA2X-01A,TCGA-W5-AA2X-01A,1.0,0.0,0.0,0.0,0.0
11,72324504,-,11,76216509,+,CHOL,1804,TCGA-W5-AA2X-01A,TCGA-W5-AA2X-01A,1.0,0.0,0.0,0.0,0.0
11,72348725,-,11,76219148,+,CHOL,1805,TCGA-W5-AA2X-01A,TCGA-W5-AA2X-01A,1.0,0.0,0.0,0.0,0.0
11,72349126,+,11,76216382,-,CHOL,1806,TCGA-W5-AA2X-01A,TCGA-W5-AA2X-01A,1.0,0.0,0.0,0.0,0.0
11,72370379,+,19,28220039,+,CHOL,1807,TCGA-W5-AA2X-01A,TCGA-W5-AA2X-01A,1.0,0.0,0.0,0.0,0.0
11,72403032,-,19,27616221,-,CHOL,1808,TCGA-W5-AA2X-01A,TCGA-W5-AA2X-01A,1.0,0.0,0.0,0.0,0.0
11,72964540,-,19,28706589,-,CHOL,1809,TCGA-W5-AA2X-01A,TCGA-W5-AA2X-01A,1.0,0.0,0.0,0.0,0.0
11,73170800,+,14,41558960,+,CHOL,1810,TCGA-W5-AA2X-01A,TCGA-W5-AA2X-01A,1.0,0.0,0.0,0.0,0.0
11,73180115,+,11,74006630,-,CHOL,1811,TCGA-W5-AA2X-01A,TCGA-W5-AA2X-01A,1.0,0.0,0.0,0.0,0.0
11,73271756,-,11,73280107,-,CHOL,1812,TCGA-W5-AA2X-01A,TCGA-W5-AA2X-01A,1.0,0.0,0.0,0.0,0.0
11,73282143,+,11,73297098,+,CHOL,1813,TCGA-W5-AA2X-01A,TCGA-W5-AA2X-01A,1.0,0.0,0.0,0.0,0.0
11,75584049,+,12,61854786,+,CHOL,1814,TCGA-W5-AA2X-01A,TCGA-W5-AA2X-01A,1.0,0.0,0.0,0.0,0.0
11,75943797,-,19,28701466,+,CHOL,1815,TCGA-W5-AA2X-01A,TCGA-W5-AA2X-01A,1.0,0.0,0.0,0.0,0.0
11,75953970,+,19,28214916,-,CHOL,1816,TCGA-W5-AA2X-01A,TCGA-W5-AA2X-01A,1.0,0.0,0.0,0.0,0.0
11,76007405,-,12,61718111,-,CHOL,1817,TCGA-W5-AA2X-01A,TCGA-W5-AA2X-01A,1.0,0.0,0.0,0.0,0.0
12,31008309,+,21,14453949,-,CHOL,1818,TCGA-W5-AA2X-01A,TCGA-W5-AA2X-01A,1.0,0.0,0.0,0.0,0.0
12,32061587,-,12,63517430,+,CHOL,1819,TCGA-W5-AA2X-01A,TCGA-W5-AA2X-01A,1.0,0.0,0.0,0.0,0.0
12,53004805,+,12,54565246,-,CHOL,1820,TCGA-W5-AA2X-01A,TCGA-W5-AA2X-01A,1.0,0.0,0.0,0.0,0.0
12,54575776,+,12,59409317,+,CHOL,1821,TCGA-W5-AA2X-01A,TCGA-W5-AA2X-01A,1.0,0.0,0.0,0.0,0.0
12,57713654,-,12,57860343,-,CHOL,1822,TCGA-W5-AA2X-01A,TCGA-W5-AA2X-01A,1.0,0.0,0.0,0.0,0.0
12,57720973,-,12,57724196,-,CHOL,1823,TCGA-W5-AA2X-01A,TCGA-W5-AA2X-01A,1.0,0.0,0.0,0.0,0.0
12,57724179,+,12,57867005,+,CHOL,1824,TCGA-W5-AA2X-01A,TCGA-W5-AA2X-01A,1.0,0.0,0.0,0.0,0.0
12,57745628,+,12,58123561,-,CHOL,1825,TCGA-W5-AA2X-01A,TCGA-W5-AA2X-01A,1.0,0.0,0.0,0.0,0.0
12,57797713,+,12,59112910,-,CHOL,1826,TCGA-W5-AA2X-01A,TCGA-W5-AA2X-01A,1.0,0.0,0.0,0.0,0.0
12,57803272,-,12,57868544,-,CHOL,1827,TCGA-W5-AA2X-01A,TCGA-W5-AA2X-01A,1.0,0.0,0.0,0.0,0.0
12,57830251,+,12,62944165,-,CHOL,1828,TCGA-W5-AA2X-01A,TCGA-W5-AA2X-01A,1.0,0.0,0.0,0.0,0.0
12,57860449,-,12,59042161,+,CHOL,1829,TCGA-W5-AA2X-01A,TCGA-W5-AA2X-01A,1.0,0.0,0.0,0.0,0.0
12,57932358,-,12,58601870,+,CHOL,1830,TCGA-W5-AA2X-01A,TCGA-W5-AA2X-01A,1.0,0.0,0.0,0.0,0.0
12,57973929,-,21,16909537,-,CHOL,1831,TCGA-W5-AA2X-01A,TCGA-W5-AA2X-01A,1.0,0.0,0.0,0.0,0.0
12,57992324,+,12,63936444,+,CHOL,1832,TCGA-W5-AA2X-01A,TCGA-W5-AA2X-01A,1.0,0.0,0.0,0.0,0.0
12,58013452,+,12,59031563,-,CHOL,1833,TCGA-W5-AA2X-01A,TCGA-W5-AA2X-01A,1.0,0.0,0.0,0.0,0.0
12,58123121,+,12,58662712,+,CHOL,1834,TCGA-W5-AA2X-01A,TCGA-W5-AA2X-01A,1.0,0.0,0.0,0.0,0.0
12,58668000,-,12,58868121,+,CHOL,1835,TCGA-W5-AA2X-01A,TCGA-W5-AA2X-01A,1.0,0.0,0.0,0.0,0.0
12,58682333,-,12,59113699,+,CHOL,1836,TCGA-W5-AA2X-01A,TCGA-W5-AA2X-01A,1.0,0.0,0.0,0.0,0.0
12,58685238,-,12,69820640,-,CHOL,1837,TCGA-W5-AA2X-01A,TCGA-W5-AA2X-01A,1.0,0.0,0.0,0.0,0.0
12,58711806,+,12,63127849,+,CHOL,1838,TCGA-W5-AA2X-01A,TCGA-W5-AA2X-01A,1.0,0.0,0.0,0.0,0.0
12,59215027,-,21,17043984,+,CHOL,1839,TCGA-W5-AA2X-01A,TCGA-W5-AA2X-01A,1.0,0.0,0.0,0.0,0.0
12,59294881,+,12,63154664,+,CHOL,1840,TCGA-W5-AA2X-01A,TCGA-W5-AA2X-01A,1.0,0.0,0.0,0.0,0.0
12,61646199,-,12,61647124,-,CHOL,1841,TCGA-W5-AA2X-01A,TCGA-W5-AA2X-01A,1.0,0.0,0.0,0.0,0.0
12,63534576,+,12,63582459,-,CHOL,1842,TCGA-W5-AA2X-01A,TCGA-W5-AA2X-01A,1.0,0.0,0.0,0.0,0.0
12,64022859,+,12,64856013,-,CHOL,1843,TCGA-W5-AA2X-01A,TCGA-W5-AA2X-01A,1.0,0.0,0.0,0.0,0.0
12,64480619,-,12,65199160,-,CHOL,1844,TCGA-W5-AA2X-01A,TCGA-W5-AA2X-01A,1.0,0.0,0.0,0.0,0.0
12,64498279,+,12,68477852,-,CHOL,1845,TCGA-W5-AA2X-01A,TCGA-W5-AA2X-01A,1.0,0.0,0.0,0.0,0.0
12,65153261,+,12,65438286,+,CHOL,1846,TCGA-W5-AA2X-01A,TCGA-W5-AA2X-01A,1.0,0.0,0.0,0.0,0.0
12,66961402,+,12,68491318,-,CHOL,1847,TCGA-W5-AA2X-01A,TCGA-W5-AA2X-01A,1.0,0.0,0.0,0.0,0.0
12,67320601,-,12,69503231,-,CHOL,1848,TCGA-W5-AA2X-01A,TCGA-W5-AA2X-01A,1.0,0.0,0.0,0.0,0.0
12,69691605,+,12,69792423,+,CHOL,1849,TCGA-W5-AA2X-01A,TCGA-W5-AA2X-01A,1.0,0.0,0.0,0.0,0.0
13,18761939,+,21,13866947,-,CHOL,1850,TCGA-W5-AA2X-01A,TCGA-W5-AA2X-01A,1.0,0.0,0.0,0.0,0.0
15,35344918,+,15,35353797,-,CHOL,1851,TCGA-W5-AA2X-01A,TCGA-W5-AA2X-01A,1.0,0.0,0.0,0.0,0.0
17,23058434,-,17,23170251,+,CHOL,1852,TCGA-W5-AA2X-01A,TCGA-W5-AA2X-01A,1.0,0.0,0.0,0.0,0.0
18,5010856,-,18,34452061,-,CHOL,1853,TCGA-W5-AA2X-01A,TCGA-W5-AA2X-01A,1.0,0.0,0.0,0.0,0.0
18,5028471,+,18,6220807,-,CHOL,1854,TCGA-W5-AA2X-01A,TCGA-W5-AA2X-01A,1.0,0.0,0.0,0.0,0.0
18,5032923,-,18,6254189,+,CHOL,1855,TCGA-W5-AA2X-01A,TCGA-W5-AA2X-01A,1.0,0.0,0.0,0.0,0.0
18,5047798,+,18,44526268,+,CHOL,1856,TCGA-W5-AA2X-01A,TCGA-W5-AA2X-01A,1.0,0.0,0.0,0.0,0.0
18,5048750,+,18,6363640,+,CHOL,1857,TCGA-W5-AA2X-01A,TCGA-W5-AA2X-01A,1.0,0.0,0.0,0.0,0.0
18,5052039,-,18,29756357,+,CHOL,1858,TCGA-W5-AA2X-01A,TCGA-W5-AA2X-01A,1.0,0.0,0.0,0.0,0.0
18,5425261,+,18,33276600,+,CHOL,1859,TCGA-W5-AA2X-01A,TCGA-W5-AA2X-01A,1.0,0.0,0.0,0.0,0.0
18,5425532,-,18,6253725,-,CHOL,1860,TCGA-W5-AA2X-01A,TCGA-W5-AA2X-01A,1.0,0.0,0.0,0.0,0.0
18,5954869,+,18,6352047,+,CHOL,1861,TCGA-W5-AA2X-01A,TCGA-W5-AA2X-01A,1.0,0.0,0.0,0.0,0.0
18,5955174,-,18,39987304,+,CHOL,1862,TCGA-W5-AA2X-01A,TCGA-W5-AA2X-01A,1.0,0.0,0.0,0.0,0.0
18,6259735,+,18,29820128,-,CHOL,1863,TCGA-W5-AA2X-01A,TCGA-W5-AA2X-01A,1.0,0.0,0.0,0.0,0.0
18,6261417,-,18,6407070,+,CHOL,1864,TCGA-W5-AA2X-01A,TCGA-W5-AA2X-01A,1.0,0.0,0.0,0.0,0.0
18,6266918,+,18,29753458,-,CHOL,1865,TCGA-W5-AA2X-01A,TCGA-W5-AA2X-01A,1.0,0.0,0.0,0.0,0.0
18,6267206,-,18,39862597,+,CHOL,1866,TCGA-W5-AA2X-01A,TCGA-W5-AA2X-01A,1.0,0.0,0.0,0.0,0.0
18,6282087,-,18,44535818,-,CHOL,1867,TCGA-W5-AA2X-01A,TCGA-W5-AA2X-01A,1.0,0.0,0.0,0.0,0.0
18,6352178,-,18,43328487,-,CHOL,1868,TCGA-W5-AA2X-01A,TCGA-W5-AA2X-01A,1.0,0.0,0.0,0.0,0.0
18,6363876,-,18,6406746,+,CHOL,1869,TCGA-W5-AA2X-01A,TCGA-W5-AA2X-01A,1.0,0.0,0.0,0.0,0.0
18,6406655,-,18,39853733,+,CHOL,1870,TCGA-W5-AA2X-01A,TCGA-W5-AA2X-01A,1.0,0.0,0.0,0.0,0.0
18,29646514,+,18,78807291,-,CHOL,1871,TCGA-W5-AA2X-01A,TCGA-W5-AA2X-01A,1.0,0.0,0.0,0.0,0.0
18,29752770,-,18,33257934,-,CHOL,1872,TCGA-W5-AA2X-01A,TCGA-W5-AA2X-01A,1.0,0.0,0.0,0.0,0.0
18,29753648,+,18,37927110,-,CHOL,1873,TCGA-W5-AA2X-01A,TCGA-W5-AA2X-01A,1.0,0.0,0.0,0.0,0.0
18,33207390,+,18,39863245,-,CHOL,1874,TCGA-W5-AA2X-01A,TCGA-W5-AA2X-01A,1.0,0.0,0.0,0.0,0.0
18,34542554,+,18,37927600,+,CHOL,1875,TCGA-W5-AA2X-01A,TCGA-W5-AA2X-01A,1.0,0.0,0.0,0.0,0.0
18,39840425,+,18,44525568,-,CHOL,1876,TCGA-W5-AA2X-01A,TCGA-W5-AA2X-01A,1.0,0.0,0.0,0.0,0.0
18,39844386,-,18,43348163,+,CHOL,1877,TCGA-W5-AA2X-01A,TCGA-W5-AA2X-01A,1.0,0.0,0.0,0.0,0.0
18,39856202,-,18,40000653,+,CHOL,1878,TCGA-W5-AA2X-01A,TCGA-W5-AA2X-01A,1.0,0.0,0.0,0.0,0.0
18,39988497,-,18,43293119,-,CHOL,1879,TCGA-W5-AA2X-01A,TCGA-W5-AA2X-01A,1.0,0.0,0.0,0.0,0.0
18,40000909,-,18,44535820,+,CHOL,1880,TCGA-W5-AA2X-01A,TCGA-W5-AA2X-01A,1.0,0.0,0.0,0.0,0.0
18,43328175,-,18,44526037,-,CHOL,1881,TCGA-W5-AA2X-01A,TCGA-W5-AA2X-01A,1.0,0.0,0.0,0.0,0.0
18,43328439,+,18,43342597,-,CHOL,1882,TCGA-W5-AA2X-01A,TCGA-W5-AA2X-01A,1.0,0.0,0.0,0.0,0.0
18,43328500,+,18,43328787,+,CHOL,1883,TCGA-W5-AA2X-01A,TCGA-W5-AA2X-01A,1.0,0.0,0.0,0.0,0.0
18,44648055,+,18,78968520,+,CHOL,1884,TCGA-W5-AA2X-01A,TCGA-W5-AA2X-01A,1.0,0.0,0.0,0.0,0.0
18,54304403,-,23,83212905,-,CHOL,1885,TCGA-W5-AA2X-01A,TCGA-W5-AA2X-01A,1.0,0.0,0.0,0.0,0.0
19,27614068,-,19,28220638,-,CHOL,1886,TCGA-W5-AA2X-01A,TCGA-W5-AA2X-01A,1.0,0.0,0.0,0.0,0.0
19,40087561,-,19,40088027,-,CHOL,1887,TCGA-W5-AA2X-01A,TCGA-W5-AA2X-01A,1.0,0.0,0.0,0.0,0.0
20,26555043,+,20,26598677,-,CHOL,1888,TCGA-W5-AA2X-01A,TCGA-W5-AA2X-01A,1.0,0.0,0.0,0.0,0.0
20,43095832,+,20,46111816,+,CHOL,1889,TCGA-W5-AA2X-01A,TCGA-W5-AA2X-01A,1.0,0.0,0.0,0.0,0.0
21,23007945,-,21,23045343,+,CHOL,1890,TCGA-W5-AA2X-01A,TCGA-W5-AA2X-01A,1.0,0.0,0.0,0.0,0.0
21,25091390,-,21,25103612,+,CHOL,1891,TCGA-W5-AA2X-01A,TCGA-W5-AA2X-01A,1.0,0.0,0.0,0.0,0.0
21,25444591,-,21,25773714,+,CHOL,1892,TCGA-W5-AA2X-01A,TCGA-W5-AA2X-01A,1.0,0.0,0.0,0.0,0.0
3,60457867,-,3,60567942,+,CHOL,1893,TCGA-W5-AA2X-01A,TCGA-W5-AA2X-01A,1.0,0.0,0.0,0.0,0.0
3,90778474,-,3,90982382,+,CHOL,1894,TCGA-W5-AA2X-01A,TCGA-W5-AA2X-01A,1.0,0.0,0.0,0.0,0.0
3,90864624,+,3,91110014,-,CHOL,1895,TCGA-W5-AA2X-01A,TCGA-W5-AA2X-01A,1.0,0.0,0.0,0.0,0.0
3,91033860,-,3,91167230,+,CHOL,1896,TCGA-W5-AA2X-01A,TCGA-W5-AA2X-01A,1.0,0.0,0.0,0.0,0.0
3,91489774,+,8,111477180,-,CHOL,1897,TCGA-W5-AA2X-01A,TCGA-W5-AA2X-01A,1.0,0.0,0.0,0.0,0.0
4,5294101,-,13,92697050,+,CHOL,1898,TCGA-W5-AA2X-01A,TCGA-W5-AA2X-01A,1.0,0.0,0.0,0.0,0.0
4,43530163,+,4,44668678,-,CHOL,1899,TCGA-W5-AA2X-01A,TCGA-W5-AA2X-01A,1.0,0.0,0.0,0.0,0.0
4,50004906,+,4,51644762,-,CHOL,1900,TCGA-W5-AA2X-01A,TCGA-W5-AA2X-01A,1.0,0.0,0.0,0.0,0.0
6,122734325,-,6,123867011,+,CHOL,1901,TCGA-W5-AA2X-01A,TCGA-W5-AA2X-01A,1.0,0.0,0.0,0.0,0.0
7,146435032,-,7,146437565,-,CHOL,1902,TCGA-W5-AA2X-01A,TCGA-W5-AA2X-01A,1.0,0.0,0.0,0.0,0.0
7,146435620,+,7,146436473,+,CHOL,1903,TCGA-W5-AA2X-01A,TCGA-W5-AA2X-01A,1.0,0.0,0.0,0.0,0.0
8,54449398,+,8,55088580,-,CHOL,1904,TCGA-W5-AA2X-01A,TCGA-W5-AA2X-01A,1.0,0.0,0.0,0.0,0.0
8,138414715,+,8,138416343,-,CHOL,1905,TCGA-W5-AA2X-01A,TCGA-W5-AA2X-01A,1.0,0.0,0.0,0.0,0.0
8,138418099,+,8,138539356,-,CHOL,1906,TCGA-W5-AA2X-01A,TCGA-W5-AA2X-01A,1.0,0.0,0.0,0.0,0.0
9,13793960,-,23,104826938,-,CHOL,1907,TCGA-W5-AA2X-01A,TCGA-W5-AA2X-01A,1.0,0.0,0.0,0.0,0.0
23,48274940,-,23,48337109,+,CHOL,1908,TCGA-W5-AA2X-01A,TCGA-W5-AA2X-01A,1.0,0.0,0.0,0.0,0.0
1,12299186,+,4,176744368,+,CHOL,1909,TCGA-W5-AA2Z-01A,TCGA-W5-AA2Z-01A,1.0,0.0,0.0,0.0,0.0
1,40038180,-,11,129275702,+,CHOL,1910,TCGA-W5-AA2Z-01A,TCGA-W5-AA2Z-01A,1.0,0.0,0.0,0.0,0.0
1,77433668,+,8,133313034,+,CHOL,1911,TCGA-W5-AA2Z-01A,TCGA-W5-AA2Z-01A,1.0,0.0,0.0,0.0,0.0
1,229417540,-,23,109183044,+,CHOL,1912,TCGA-W5-AA2Z-01A,TCGA-W5-AA2Z-01A,1.0,0.0,0.0,0.0,0.0
10,41550304,-,10,41572103,+,CHOL,1913,TCGA-W5-AA2Z-01A,TCGA-W5-AA2Z-01A,1.0,0.0,0.0,0.0,0.0
10,41552536,-,10,41556761,+,CHOL,1914,TCGA-W5-AA2Z-01A,TCGA-W5-AA2Z-01A,1.0,0.0,0.0,0.0,0.0
10,114156358,+,10,121482385,-,CHOL,1915,TCGA-W5-AA2Z-01A,TCGA-W5-AA2Z-01A,1.0,0.0,0.0,0.0,0.0
12,82659183,-,14,25680707,+,CHOL,1916,TCGA-W5-AA2Z-01A,TCGA-W5-AA2Z-01A,1.0,0.0,0.0,0.0,0.0
13,16298452,-,13,16734388,+,CHOL,1917,TCGA-W5-AA2Z-01A,TCGA-W5-AA2Z-01A,1.0,0.0,0.0,0.0,0.0
16,19380919,+,17,49236698,+,CHOL,1918,TCGA-W5-AA2Z-01A,TCGA-W5-AA2Z-01A,1.0,0.0,0.0,0.0,0.0
16,36745880,-,16,36768697,+,CHOL,1919,TCGA-W5-AA2Z-01A,TCGA-W5-AA2Z-01A,1.0,0.0,0.0,0.0,0.0
18,15355996,+,22,16106987,+,CHOL,1920,TCGA-W5-AA2Z-01A,TCGA-W5-AA2Z-01A,1.0,0.0,0.0,0.0,0.0
19,46410530,-,19,47645086,-,CHOL,1921,TCGA-W5-AA2Z-01A,TCGA-W5-AA2Z-01A,1.0,0.0,0.0,0.0,0.0
2,93326649,+,2,93741303,-,CHOL,1922,TCGA-W5-AA2Z-01A,TCGA-W5-AA2Z-01A,1.0,0.0,0.0,0.0,0.0
2,159078026,+,2,159080066,-,CHOL,1923,TCGA-W5-AA2Z-01A,TCGA-W5-AA2Z-01A,1.0,0.0,0.0,0.0,0.0
2,239877745,+,3,94078411,-,CHOL,1924,TCGA-W5-AA2Z-01A,TCGA-W5-AA2Z-01A,1.0,0.0,0.0,0.0,0.0
2,239877816,-,19,46410566,+,CHOL,1925,TCGA-W5-AA2Z-01A,TCGA-W5-AA2Z-01A,1.0,0.0,0.0,0.0,0.0
2,239879394,+,2,242169820,-,CHOL,1926,TCGA-W5-AA2Z-01A,TCGA-W5-AA2Z-01A,1.0,0.0,0.0,0.0,0.0
2,239879428,-,9,127602879,-,CHOL,1927,TCGA-W5-AA2Z-01A,TCGA-W5-AA2Z-01A,1.0,0.0,0.0,0.0,0.0
2,239882202,-,19,47645206,+,CHOL,1928,TCGA-W5-AA2Z-01A,TCGA-W5-AA2Z-01A,1.0,0.0,0.0,0.0,0.0
2,239882492,+,3,117208429,-,CHOL,1929,TCGA-W5-AA2Z-01A,TCGA-W5-AA2Z-01A,1.0,0.0,0.0,0.0,0.0
20,25911108,+,20,30206449,-,CHOL,1930,TCGA-W5-AA2Z-01A,TCGA-W5-AA2Z-01A,1.0,0.0,0.0,0.0,0.0
20,29859438,+,22,11373230,-,CHOL,1931,TCGA-W5-AA2Z-01A,TCGA-W5-AA2Z-01A,1.0,0.0,0.0,0.0,0.0
22,12397395,+,22,12401978,-,CHOL,1932,TCGA-W5-AA2Z-01A,TCGA-W5-AA2Z-01A,1.0,0.0,0.0,0.0,0.0
22,23344707,-,22,24675059,+,CHOL,1933,TCGA-W5-AA2Z-01A,TCGA-W5-AA2Z-01A,1.0,0.0,0.0,0.0,0.0
3,94101693,+,3,98896421,-,CHOL,1934,TCGA-W5-AA2Z-01A,TCGA-W5-AA2Z-01A,1.0,0.0,0.0,0.0,0.0
3,98900230,-,10,114155984,-,CHOL,1935,TCGA-W5-AA2Z-01A,TCGA-W5-AA2Z-01A,1.0,0.0,0.0,0.0,0.0
3,98900836,+,11,129275539,-,CHOL,1936,TCGA-W5-AA2Z-01A,TCGA-W5-AA2Z-01A,1.0,0.0,0.0,0.0,0.0
3,117208654,+,9,86620804,+,CHOL,1937,TCGA-W5-AA2Z-01A,TCGA-W5-AA2Z-01A,1.0,0.0,0.0,0.0,0.0
5,46493701,+,5,46692032,-,CHOL,1938,TCGA-W5-AA2Z-01A,TCGA-W5-AA2Z-01A,1.0,0.0,0.0,0.0,0.0
5,85734666,-,23,95639232,-,CHOL,1939,TCGA-W5-AA2Z-01A,TCGA-W5-AA2Z-01A,1.0,0.0,0.0,0.0,0.0
5,151366407,-,5,151366520,+,CHOL,1940,TCGA-W5-AA2Z-01A,TCGA-W5-AA2Z-01A,1.0,0.0,0.0,0.0,0.0
6,65097904,+,6,69423021,+,CHOL,1941,TCGA-W5-AA2Z-01A,TCGA-W5-AA2Z-01A,1.0,0.0,0.0,0.0,0.0
6,69411918,-,16,56786288,+,CHOL,1942,TCGA-W5-AA2Z-01A,TCGA-W5-AA2Z-01A,1.0,0.0,0.0,0.0,0.0
6,69426925,-,16,54001112,-,CHOL,1943,TCGA-W5-AA2Z-01A,TCGA-W5-AA2Z-01A,1.0,0.0,0.0,0.0,0.0
6,69441164,-,16,53995198,-,CHOL,1944,TCGA-W5-AA2Z-01A,TCGA-W5-AA2Z-01A,1.0,0.0,0.0,0.0,0.0
6,69975346,+,16,35542438,-,CHOL,1945,TCGA-W5-AA2Z-01A,TCGA-W5-AA2Z-01A,1.0,0.0,0.0,0.0,0.0
6,70411364,-,12,75291486,-,CHOL,1946,TCGA-W5-AA2Z-01A,TCGA-W5-AA2Z-01A,1.0,0.0,0.0,0.0,0.0
6,72666784,-,6,73642418,+,CHOL,1947,TCGA-W5-AA2Z-01A,TCGA-W5-AA2Z-01A,1.0,0.0,0.0,0.0,0.0
6,72675915,+,16,54000942,+,CHOL,1948,TCGA-W5-AA2Z-01A,TCGA-W5-AA2Z-01A,1.0,0.0,0.0,0.0,0.0
7,58198009,-,7,61968715,+,CHOL,1949,TCGA-W5-AA2Z-01A,TCGA-W5-AA2Z-01A,1.0,0.0,0.0,0.0,0.0
7,138199638,-,18,71171083,+,CHOL,1950,TCGA-W5-AA2Z-01A,TCGA-W5-AA2Z-01A,1.0,0.0,0.0,0.0,0.0
9,85271784,+,9,128197312,-,CHOL,1951,TCGA-W5-AA2Z-01A,TCGA-W5-AA2Z-01A,1.0,0.0,0.0,0.0,0.0
9,85271818,-,20,1990782,+,CHOL,1952,TCGA-W5-AA2Z-01A,TCGA-W5-AA2Z-01A,1.0,0.0,0.0,0.0,0.0
9,85271838,+,20,1990782,+,CHOL,1953,TCGA-W5-AA2Z-01A,TCGA-W5-AA2Z-01A,1.0,0.0,0.0,0.0,0.0
9,85431588,-,11,129265160,+,CHOL,1954,TCGA-W5-AA2Z-01A,TCGA-W5-AA2Z-01A,1.0,0.0,0.0,0.0,0.0
9,85431941,+,11,129269998,-,CHOL,1955,TCGA-W5-AA2Z-01A,TCGA-W5-AA2Z-01A,1.0,0.0,0.0,0.0,0.0
9,86610260,-,19,47655197,+,CHOL,1956,TCGA-W5-AA2Z-01A,TCGA-W5-AA2Z-01A,1.0,0.0,0.0,0.0,0.0
9,86620441,-,19,5044950,-,CHOL,1957,TCGA-W5-AA2Z-01A,TCGA-W5-AA2Z-01A,1.0,0.0,0.0,0.0,0.0
9,127603299,+,19,5045101,+,CHOL,1958,TCGA-W5-AA2Z-01A,TCGA-W5-AA2Z-01A,1.0,0.0,0.0,0.0,0.0
9,128197108,+,10,121482278,+,CHOL,1959,TCGA-W5-AA2Z-01A,TCGA-W5-AA2Z-01A,1.0,0.0,0.0,0.0,0.0
9,135030986,-,20,2006338,-,CHOL,1960,TCGA-W5-AA2Z-01A,TCGA-W5-AA2Z-01A,1.0,0.0,0.0,0.0,0.0
1,34715743,-,8,71607478,-,CHOL,1961,TCGA-W5-AA30-01A,TCGA-W5-AA30-01A,1.0,0.0,0.0,0.0,0.0
1,93050498,+,1,112328737,+,CHOL,1962,TCGA-W5-AA30-01A,TCGA-W5-AA30-01A,1.0,0.0,0.0,0.0,0.0
1,94460328,-,11,9298312,+,CHOL,1963,TCGA-W5-AA30-01A,TCGA-W5-AA30-01A,1.0,0.0,0.0,0.0,0.0
1,97780536,+,11,18262790,+,CHOL,1964,TCGA-W5-AA30-01A,TCGA-W5-AA30-01A,1.0,0.0,0.0,0.0,0.0
1,110159581,-,11,20214596,+,CHOL,1965,TCGA-W5-AA30-01A,TCGA-W5-AA30-01A,1.0,0.0,0.0,0.0,0.0
1,110159582,-,11,20214612,-,CHOL,1966,TCGA-W5-AA30-01A,TCGA-W5-AA30-01A,1.0,0.0,0.0,0.0,0.0
1,118008341,-,11,11978903,-,CHOL,1967,TCGA-W5-AA30-01A,TCGA-W5-AA30-01A,1.0,0.0,0.0,0.0,0.0
1,118733443,-,3,85584437,+,CHOL,1968,TCGA-W5-AA30-01A,TCGA-W5-AA30-01A,1.0,0.0,0.0,0.0,0.0
1,119395583,-,3,80206480,-,CHOL,1969,TCGA-W5-AA30-01A,TCGA-W5-AA30-01A,1.0,0.0,0.0,0.0,0.0
1,119404779,+,1,119415977,-,CHOL,1970,TCGA-W5-AA30-01A,TCGA-W5-AA30-01A,1.0,0.0,0.0,0.0,0.0
1,153006861,-,1,155345076,+,CHOL,1971,TCGA-W5-AA30-01A,TCGA-W5-AA30-01A,1.0,0.0,0.0,0.0,0.0
1,193728730,-,14,65433818,+,CHOL,1972,TCGA-W5-AA30-01A,TCGA-W5-AA30-01A,1.0,0.0,0.0,0.0,0.0
1,207947218,+,11,15309288,-,CHOL,1973,TCGA-W5-AA30-01A,TCGA-W5-AA30-01A,1.0,0.0,0.0,0.0,0.0
1,208453487,-,11,35902245,+,CHOL,1974,TCGA-W5-AA30-01A,TCGA-W5-AA30-01A,1.0,0.0,0.0,0.0,0.0
1,216050581,-,6,89898223,+,CHOL,1975,TCGA-W5-AA30-01A,TCGA-W5-AA30-01A,1.0,0.0,0.0,0.0,0.0
10,47646786,+,15,94483741,-,CHOL,1976,TCGA-W5-AA30-01A,TCGA-W5-AA30-01A,1.0,0.0,0.0,0.0,0.0
10,51209760,+,15,72751897,+,CHOL,1977,TCGA-W5-AA30-01A,TCGA-W5-AA30-01A,1.0,0.0,0.0,0.0,0.0
10,51210617,-,15,80188146,-,CHOL,1978,TCGA-W5-AA30-01A,TCGA-W5-AA30-01A,1.0,0.0,0.0,0.0,0.0
10,51212420,+,15,76271844,-,CHOL,1979,TCGA-W5-AA30-01A,TCGA-W5-AA30-01A,1.0,0.0,0.0,0.0,0.0
10,53002809,+,15,71334803,+,CHOL,1980,TCGA-W5-AA30-01A,TCGA-W5-AA30-01A,1.0,0.0,0.0,0.0,0.0
10,53003472,-,15,76278496,+,CHOL,1981,TCGA-W5-AA30-01A,TCGA-W5-AA30-01A,1.0,0.0,0.0,0.0,0.0
10,102828872,+,14,35745491,+,CHOL,1982,TCGA-W5-AA30-01A,TCGA-W5-AA30-01A,1.0,0.0,0.0,0.0,0.0
10,130574439,-,12,22655806,+,CHOL,1983,TCGA-W5-AA30-01A,TCGA-W5-AA30-01A,1.0,0.0,0.0,0.0,0.0
11,11984593,+,11,67479440,+,CHOL,1984,TCGA-W5-AA30-01A,TCGA-W5-AA30-01A,1.0,0.0,0.0,0.0,0.0
11,12317852,-,11,32786030,+,CHOL,1985,TCGA-W5-AA30-01A,TCGA-W5-AA30-01A,1.0,0.0,0.0,0.0,0.0
11,13172431,+,11,13172950,+,CHOL,1986,TCGA-W5-AA30-01A,TCGA-W5-AA30-01A,1.0,0.0,0.0,0.0,0.0
11,20214520,-,11,20214612,-,CHOL,1987,TCGA-W5-AA30-01A,TCGA-W5-AA30-01A,1.0,0.0,0.0,0.0,0.0
11,33968467,-,11,68266091,-,CHOL,1988,TCGA-W5-AA30-01A,TCGA-W5-AA30-01A,1.0,0.0,0.0,0.0,0.0
11,68556740,+,11,69130839,-,CHOL,1989,TCGA-W5-AA30-01A,TCGA-W5-AA30-01A,1.0,0.0,0.0,0.0,0.0
12,123302000,+,12,123426639,-,CHOL,1990,TCGA-W5-AA30-01A,TCGA-W5-AA30-01A,1.0,0.0,0.0,0.0,0.0
13,85758466,-,13,94627839,-,CHOL,1991,TCGA-W5-AA30-01A,TCGA-W5-AA30-01A,1.0,0.0,0.0,0.0,0.0
13,86132543,+,13,88044031,-,CHOL,1992,TCGA-W5-AA30-01A,TCGA-W5-AA30-01A,1.0,0.0,0.0,0.0,0.0
13,93488009,+,13,93490217,-,CHOL,1993,TCGA-W5-AA30-01A,TCGA-W5-AA30-01A,1.0,0.0,0.0,0.0,0.0
13,100869813,+,13,101848533,+,CHOL,1994,TCGA-W5-AA30-01A,TCGA-W5-AA30-01A,1.0,0.0,0.0,0.0,0.0
13,101826546,-,13,101850901,-,CHOL,1995,TCGA-W5-AA30-01A,TCGA-W5-AA30-01A,1.0,0.0,0.0,0.0,0.0
13,102398920,-,13,105375574,+,CHOL,1996,TCGA-W5-AA30-01A,TCGA-W5-AA30-01A,1.0,0.0,0.0,0.0,0.0
14,19615935,-,22,15626131,-,CHOL,1997,TCGA-W5-AA30-01A,TCGA-W5-AA30-01A,1.0,0.0,0.0,0.0,0.0
14,71201787,-,14,71296261,+,CHOL,1998,TCGA-W5-AA30-01A,TCGA-W5-AA30-01A,1.0,0.0,0.0,0.0,0.0
15,69517597,-,15,72757118,-,CHOL,1999,TCGA-W5-AA30-01A,TCGA-W5-AA30-01A,1.0,0.0,0.0,0.0,0.0
15,69518558,-,15,92101257,-,CHOL,2000,TCGA-W5-AA30-01A,TCGA-W5-AA30-01A,1.0,0.0,0.0,0.0,0.0
15,69518678,+,15,71340604,-,CHOL,2001,TCGA-W5-AA30-01A,TCGA-W5-AA30-01A,1.0,0.0,0.0,0.0,0.0
15,71335240,-,15,76271265,+,CHOL,2002,TCGA-W5-AA30-01A,TCGA-W5-AA30-01A,1.0,0.0,0.0,0.0,0.0
15,71335465,+,15,80185383,-,CHOL,2003,TCGA-W5-AA30-01A,TCGA-W5-AA30-01A,1.0,0.0,0.0,0.0,0.0
15,71336209,-,15,72741934,-,CHOL,2004,TCGA-W5-AA30-01A,TCGA-W5-AA30-01A,1.0,0.0,0.0,0.0,0.0
15,71348909,+,15,89979832,-,CHOL,2005,TCGA-W5-AA30-01A,TCGA-W5-AA30-01A,1.0,0.0,0.0,0.0,0.0
15,72752960,-,15,80186935,+,CHOL,2006,TCGA-W5-AA30-01A,TCGA-W5-AA30-01A,1.0,0.0,0.0,0.0,0.0
15,92101228,+,15,92102615,+,CHOL,2007,TCGA-W5-AA30-01A,TCGA-W5-AA30-01A,1.0,0.0,0.0,0.0,0.0
17,22913447,-,17,23193072,+,CHOL,2008,TCGA-W5-AA30-01A,TCGA-W5-AA30-01A,1.0,0.0,0.0,0.0,0.0
18,15476578,-,18,15670626,+,CHOL,2009,TCGA-W5-AA30-01A,TCGA-W5-AA30-01A,1.0,0.0,0.0,0.0,0.0
18,15636316,-,18,15701154,+,CHOL,2010,TCGA-W5-AA30-01A,TCGA-W5-AA30-01A,1.0,0.0,0.0,0.0,0.0
18,19751376,+,18,20470820,-,CHOL,2011,TCGA-W5-AA30-01A,TCGA-W5-AA30-01A,1.0,0.0,0.0,0.0,0.0
2,137123204,-,2,137291113,-,CHOL,2012,TCGA-W5-AA30-01A,TCGA-W5-AA30-01A,1.0,0.0,0.0,0.0,0.0
2,159535899,-,2,160031880,+,CHOL,2013,TCGA-W5-AA30-01A,TCGA-W5-AA30-01A,1.0,0.0,0.0,0.0,0.0
2,163075885,+,2,163079157,-,CHOL,2014,TCGA-W5-AA30-01A,TCGA-W5-AA30-01A,1.0,0.0,0.0,0.0,0.0
2,163079139,+,2,163081204,-,CHOL,2015,TCGA-W5-AA30-01A,TCGA-W5-AA30-01A,1.0,0.0,0.0,0.0,0.0
2,228893011,+,7,50316896,+,CHOL,2016,TCGA-W5-AA30-01A,TCGA-W5-AA30-01A,1.0,0.0,0.0,0.0,0.0
2,228966052,-,7,50345366,-,CHOL,2017,TCGA-W5-AA30-01A,TCGA-W5-AA30-01A,1.0,0.0,0.0,0.0,0.0
22,49758507,-,22,49825596,+,CHOL,2018,TCGA-W5-AA30-01A,TCGA-W5-AA30-01A,1.0,0.0,0.0,0.0,0.0
3,30112307,-,16,56568213,-,CHOL,2019,TCGA-W5-AA30-01A,TCGA-W5-AA30-01A,1.0,0.0,0.0,0.0,0.0
3,66853745,-,11,69831057,+,CHOL,2020,TCGA-W5-AA30-01A,TCGA-W5-AA30-01A,1.0,0.0,0.0,0.0,0.0
3,66941419,+,3,77689228,-,CHOL,2021,TCGA-W5-AA30-01A,TCGA-W5-AA30-01A,1.0,0.0,0.0,0.0,0.0
3,79442913,+,11,68526967,-,CHOL,2022,TCGA-W5-AA30-01A,TCGA-W5-AA30-01A,1.0,0.0,0.0,0.0,0.0
3,79828015,+,3,83495644,-,CHOL,2023,TCGA-W5-AA30-01A,TCGA-W5-AA30-01A,1.0,0.0,0.0,0.0,0.0
3,80246527,+,3,83092907,-,CHOL,2024,TCGA-W5-AA30-01A,TCGA-W5-AA30-01A,1.0,0.0,0.0,0.0,0.0
3,84203396,+,11,66696778,+,CHOL,2025,TCGA-W5-AA30-01A,TCGA-W5-AA30-01A,1.0,0.0,0.0,0.0,0.0
3,85348994,-,11,66636551,-,CHOL,2026,TCGA-W5-AA30-01A,TCGA-W5-AA30-01A,1.0,0.0,0.0,0.0,0.0
3,85616009,+,11,66697051,-,CHOL,2027,TCGA-W5-AA30-01A,TCGA-W5-AA30-01A,1.0,0.0,0.0,0.0,0.0
4,69227876,+,4,69372962,+,CHOL,2028,TCGA-W5-AA30-01A,TCGA-W5-AA30-01A,1.0,0.0,0.0,0.0,0.0
4,150714246,+,4,151007300,-,CHOL,2029,TCGA-W5-AA30-01A,TCGA-W5-AA30-01A,1.0,0.0,0.0,0.0,0.0
4,158424771,+,11,13172505,-,CHOL,2030,TCGA-W5-AA30-01A,TCGA-W5-AA30-01A,1.0,0.0,0.0,0.0,0.0
5,64837540,+,5,64842559,-,CHOL,2031,TCGA-W5-AA30-01A,TCGA-W5-AA30-01A,1.0,0.0,0.0,0.0,0.0
5,74614314,+,5,74723761,-,CHOL,2032,TCGA-W5-AA30-01A,TCGA-W5-AA30-01A,1.0,0.0,0.0,0.0,0.0
5,125737276,+,5,126294303,+,CHOL,2033,TCGA-W5-AA30-01A,TCGA-W5-AA30-01A,1.0,0.0,0.0,0.0,0.0
5,125737482,-,5,126294005,-,CHOL,2034,TCGA-W5-AA30-01A,TCGA-W5-AA30-01A,1.0,0.0,0.0,0.0,0.0
6,57978931,-,6,60730330,+,CHOL,2035,TCGA-W5-AA30-01A,TCGA-W5-AA30-01A,1.0,0.0,0.0,0.0,0.0
6,58223827,+,6,60978046,-,CHOL,2036,TCGA-W5-AA30-01A,TCGA-W5-AA30-01A,1.0,0.0,0.0,0.0,0.0
6,63773612,+,13,107833161,+,CHOL,2037,TCGA-W5-AA30-01A,TCGA-W5-AA30-01A,1.0,0.0,0.0,0.0,0.0
6,64991680,-,13,110226429,-,CHOL,2038,TCGA-W5-AA30-01A,TCGA-W5-AA30-01A,1.0,0.0,0.0,0.0,0.0
6,65969129,-,13,105098458,-,CHOL,2039,TCGA-W5-AA30-01A,TCGA-W5-AA30-01A,1.0,0.0,0.0,0.0,0.0
6,66198018,+,6,67141745,-,CHOL,2040,TCGA-W5-AA30-01A,TCGA-W5-AA30-01A,1.0,0.0,0.0,0.0,0.0
6,67390358,+,22,16029017,+,CHOL,2041,TCGA-W5-AA30-01A,TCGA-W5-AA30-01A,1.0,0.0,0.0,0.0,0.0
6,68932705,+,13,110226383,+,CHOL,2042,TCGA-W5-AA30-01A,TCGA-W5-AA30-01A,1.0,0.0,0.0,0.0,0.0
7,63307552,+,7,64194061,-,CHOL,2043,TCGA-W5-AA30-01A,TCGA-W5-AA30-01A,1.0,0.0,0.0,0.0,0.0
7,63440636,-,7,64194061,-,CHOL,2044,TCGA-W5-AA30-01A,TCGA-W5-AA30-01A,1.0,0.0,0.0,0.0,0.0
7,99733261,+,7,99789574,-,CHOL,2045,TCGA-W5-AA30-01A,TCGA-W5-AA30-01A,1.0,0.0,0.0,0.0,0.0
8,10877074,+,8,10912422,-,CHOL,2046,TCGA-W5-AA30-01A,TCGA-W5-AA30-01A,1.0,0.0,0.0,0.0,0.0
8,55942414,+,13,90570764,-,CHOL,2047,TCGA-W5-AA30-01A,TCGA-W5-AA30-01A,1.0,0.0,0.0,0.0,0.0
8,102604864,-,8,102818350,+,CHOL,2048,TCGA-W5-AA30-01A,TCGA-W5-AA30-01A,1.0,0.0,0.0,0.0,0.0
8,137350733,+,8,137952059,-,CHOL,2049,TCGA-W5-AA30-01A,TCGA-W5-AA30-01A,1.0,0.0,0.0,0.0,0.0
8,142801205,-,8,142836706,+,CHOL,2050,TCGA-W5-AA30-01A,TCGA-W5-AA30-01A,1.0,0.0,0.0,0.0,0.0
8,143816083,+,8,143846721,-,CHOL,2051,TCGA-W5-AA30-01A,TCGA-W5-AA30-01A,1.0,0.0,0.0,0.0,0.0
9,42171693,-,9,42717280,+,CHOL,2052,TCGA-W5-AA30-01A,TCGA-W5-AA30-01A,1.0,0.0,0.0,0.0,0.0
9,75800422,+,9,75818964,-,CHOL,2053,TCGA-W5-AA30-01A,TCGA-W5-AA30-01A,1.0,0.0,0.0,0.0,0.0
1,3544398,+,1,3631590,-,CHOL,2054,TCGA-W5-AA31-01A,TCGA-W5-AA31-01A,1.0,0.0,0.0,0.0,0.0
1,4483706,+,18,3853956,-,CHOL,2055,TCGA-W5-AA31-01A,TCGA-W5-AA31-01A,1.0,0.0,0.0,0.0,0.0
1,36935633,-,17,72334709,+,CHOL,2056,TCGA-W5-AA31-01A,TCGA-W5-AA31-01A,1.0,0.0,0.0,0.0,0.0
1,45940691,-,6,17690271,-,CHOL,2057,TCGA-W5-AA31-01A,TCGA-W5-AA31-01A,1.0,0.0,0.0,0.0,0.0
1,108827336,+,1,108827501,+,CHOL,2058,TCGA-W5-AA31-01A,TCGA-W5-AA31-01A,1.0,0.0,0.0,0.0,0.0
1,108827339,+,1,109192911,+,CHOL,2059,TCGA-W5-AA31-01A,TCGA-W5-AA31-01A,1.0,0.0,0.0,0.0,0.0
1,108827382,-,1,109192932,-,CHOL,2060,TCGA-W5-AA31-01A,TCGA-W5-AA31-01A,1.0,0.0,0.0,0.0,0.0
1,108827425,-,1,109192911,+,CHOL,2061,TCGA-W5-AA31-01A,TCGA-W5-AA31-01A,1.0,0.0,0.0,0.0,0.0
1,122608938,+,1,124244762,-,CHOL,2062,TCGA-W5-AA31-01A,TCGA-W5-AA31-01A,1.0,0.0,0.0,0.0,0.0
1,122718845,+,1,123496681,-,CHOL,2063,TCGA-W5-AA31-01A,TCGA-W5-AA31-01A,1.0,0.0,0.0,0.0,0.0
1,124468803,+,1,124644308,-,CHOL,2064,TCGA-W5-AA31-01A,TCGA-W5-AA31-01A,1.0,0.0,0.0,0.0,0.0
1,124971451,-,1,124974924,+,CHOL,2065,TCGA-W5-AA31-01A,TCGA-W5-AA31-01A,1.0,0.0,0.0,0.0,0.0
1,124980155,+,1,124994419,-,CHOL,2066,TCGA-W5-AA31-01A,TCGA-W5-AA31-01A,1.0,0.0,0.0,0.0,0.0
1,211283979,-,1,211328685,+,CHOL,2067,TCGA-W5-AA31-01A,TCGA-W5-AA31-01A,1.0,0.0,0.0,0.0,0.0
1,213966604,-,1,214080073,-,CHOL,2068,TCGA-W5-AA31-01A,TCGA-W5-AA31-01A,1.0,0.0,0.0,0.0,0.0
1,214077141,+,1,214089345,+,CHOL,2069,TCGA-W5-AA31-01A,TCGA-W5-AA31-01A,1.0,0.0,0.0,0.0,0.0
1,225457156,-,1,225546506,+,CHOL,2070,TCGA-W5-AA31-01A,TCGA-W5-AA31-01A,1.0,0.0,0.0,0.0,0.0
1,243547986,+,1,243751826,-,CHOL,2071,TCGA-W5-AA31-01A,TCGA-W5-AA31-01A,1.0,0.0,0.0,0.0,0.0
10,38929584,+,17,5331510,-,CHOL,2072,TCGA-W5-AA31-01A,TCGA-W5-AA31-01A,1.0,0.0,0.0,0.0,0.0
12,35681929,+,12,35901128,-,CHOL,2073,TCGA-W5-AA31-01A,TCGA-W5-AA31-01A,1.0,0.0,0.0,0.0,0.0
16,34256044,-,16,36322577,+,CHOL,2074,TCGA-W5-AA31-01A,TCGA-W5-AA31-01A,1.0,0.0,0.0,0.0,0.0
17,158378,+,17,38382410,-,CHOL,2075,TCGA-W5-AA31-01A,TCGA-W5-AA31-01A,1.0,0.0,0.0,0.0,0.0
17,158793,-,17,7852074,-,CHOL,2076,TCGA-W5-AA31-01A,TCGA-W5-AA31-01A,1.0,0.0,0.0,0.0,0.0
17,163653,+,17,2237027,+,CHOL,2077,TCGA-W5-AA31-01A,TCGA-W5-AA31-01A,1.0,0.0,0.0,0.0,0.0
17,165532,-,17,17705037,+,CHOL,2078,TCGA-W5-AA31-01A,TCGA-W5-AA31-01A,1.0,0.0,0.0,0.0,0.0
17,173463,+,17,2029257,+,CHOL,2079,TCGA-W5-AA31-01A,TCGA-W5-AA31-01A,1.0,0.0,0.0,0.0,0.0
17,176034,-,17,37755522,-,CHOL,2080,TCGA-W5-AA31-01A,TCGA-W5-AA31-01A,1.0,0.0,0.0,0.0,0.0
17,180098,+,17,2031275,-,CHOL,2081,TCGA-W5-AA31-01A,TCGA-W5-AA31-01A,1.0,0.0,0.0,0.0,0.0
17,180390,-,17,14966299,+,CHOL,2082,TCGA-W5-AA31-01A,TCGA-W5-AA31-01A,1.0,0.0,0.0,0.0,0.0
17,186173,+,17,12092642,+,CHOL,2083,TCGA-W5-AA31-01A,TCGA-W5-AA31-01A,1.0,0.0,0.0,0.0,0.0
17,190240,-,17,35437228,+,CHOL,2084,TCGA-W5-AA31-01A,TCGA-W5-AA31-01A,1.0,0.0,0.0,0.0,0.0
17,193091,+,17,38331110,-,CHOL,2085,TCGA-W5-AA31-01A,TCGA-W5-AA31-01A,1.0,0.0,0.0,0.0,0.0
17,194738,-,17,12055802,-,CHOL,2086,TCGA-W5-AA31-01A,TCGA-W5-AA31-01A,1.0,0.0,0.0,0.0,0.0
17,334152,+,17,4950191,+,CHOL,2087,TCGA-W5-AA31-01A,TCGA-W5-AA31-01A,1.0,0.0,0.0,0.0,0.0
17,334168,-,17,10173438,+,CHOL,2088,TCGA-W5-AA31-01A,TCGA-W5-AA31-01A,1.0,0.0,0.0,0.0,0.0
17,372343,+,17,8345332,+,CHOL,2089,TCGA-W5-AA31-01A,TCGA-W5-AA31-01A,1.0,0.0,0.0,0.0,0.0
17,373110,-,17,4731617,-,CHOL,2090,TCGA-W5-AA31-01A,TCGA-W5-AA31-01A,1.0,0.0,0.0,0.0,0.0
17,448064,+,17,37543165,+,CHOL,2091,TCGA-W5-AA31-01A,TCGA-W5-AA31-01A,1.0,0.0,0.0,0.0,0.0
17,513743,+,17,36534870,-,CHOL,2092,TCGA-W5-AA31-01A,TCGA-W5-AA31-01A,1.0,0.0,0.0,0.0,0.0
17,514111,+,17,36534871,-,CHOL,2093,TCGA-W5-AA31-01A,TCGA-W5-AA31-01A,1.0,0.0,0.0,0.0,0.0
17,553822,+,17,29939999,-,CHOL,2094,TCGA-W5-AA31-01A,TCGA-W5-AA31-01A,1.0,0.0,0.0,0.0,0.0
17,567398,-,17,2584329,-,CHOL,2095,TCGA-W5-AA31-01A,TCGA-W5-AA31-01A,1.0,0.0,0.0,0.0,0.0
17,567398,-,17,2585783,+,CHOL,2096,TCGA-W5-AA31-01A,TCGA-W5-AA31-01A,1.0,0.0,0.0,0.0,0.0
17,667118,+,17,10368807,+,CHOL,2097,TCGA-W5-AA31-01A,TCGA-W5-AA31-01A,1.0,0.0,0.0,0.0,0.0
17,667883,-,17,10560034,+,CHOL,2098,TCGA-W5-AA31-01A,TCGA-W5-AA31-01A,1.0,0.0,0.0,0.0,0.0
17,714779,+,17,27451376,-,CHOL,2099,TCGA-W5-AA31-01A,TCGA-W5-AA31-01A,1.0,0.0,0.0,0.0,0.0
17,715505,-,17,2574493,-,CHOL,2100,TCGA-W5-AA31-01A,TCGA-W5-AA31-01A,1.0,0.0,0.0,0.0,0.0
17,762399,+,17,19980676,-,CHOL,2101,TCGA-W5-AA31-01A,TCGA-W5-AA31-01A,1.0,0.0,0.0,0.0,0.0
17,765916,-,17,12117377,+,CHOL,2102,TCGA-W5-AA31-01A,TCGA-W5-AA31-01A,1.0,0.0,0.0,0.0,0.0
17,766789,+,17,1750933,-,CHOL,2103,TCGA-W5-AA31-01A,TCGA-W5-AA31-01A,1.0,0.0,0.0,0.0,0.0
17,766795,-,17,7296712,-,CHOL,2104,TCGA-W5-AA31-01A,TCGA-W5-AA31-01A,1.0,0.0,0.0,0.0,0.0
17,788233,+,17,8034162,-,CHOL,2105,TCGA-W5-AA31-01A,TCGA-W5-AA31-01A,1.0,0.0,0.0,0.0,0.0
17,790258,-,17,20613630,+,CHOL,2106,TCGA-W5-AA31-01A,TCGA-W5-AA31-01A,1.0,0.0,0.0,0.0,0.0
17,818829,+,17,960754,-,CHOL,2107,TCGA-W5-AA31-01A,TCGA-W5-AA31-01A,1.0,0.0,0.0,0.0,0.0
17,819923,-,17,34999043,-,CHOL,2108,TCGA-W5-AA31-01A,TCGA-W5-AA31-01A,1.0,0.0,0.0,0.0,0.0
17,830126,+,17,38340322,-,CHOL,2109,TCGA-W5-AA31-01A,TCGA-W5-AA31-01A,1.0,0.0,0.0,0.0,0.0
17,841544,+,17,2356935,-,CHOL,2110,TCGA-W5-AA31-01A,TCGA-W5-AA31-01A,1.0,0.0,0.0,0.0,0.0
17,852131,-,17,14398688,-,CHOL,2111,TCGA-W5-AA31-01A,TCGA-W5-AA31-01A,1.0,0.0,0.0,0.0,0.0
17,859103,+,17,16309022,-,CHOL,2112,TCGA-W5-AA31-01A,TCGA-W5-AA31-01A,1.0,0.0,0.0,0.0,0.0
17,863758,-,17,8002035,-,CHOL,2113,TCGA-W5-AA31-01A,TCGA-W5-AA31-01A,1.0,0.0,0.0,0.0,0.0
17,869422,+,17,8340044,-,CHOL,2114,TCGA-W5-AA31-01A,TCGA-W5-AA31-01A,1.0,0.0,0.0,0.0,0.0
17,870419,-,17,9925725,-,CHOL,2115,TCGA-W5-AA31-01A,TCGA-W5-AA31-01A,1.0,0.0,0.0,0.0,0.0
17,874705,+,17,21292611,+,CHOL,2116,TCGA-W5-AA31-01A,TCGA-W5-AA31-01A,1.0,0.0,0.0,0.0,0.0
17,921833,-,17,36183179,+,CHOL,2117,TCGA-W5-AA31-01A,TCGA-W5-AA31-01A,1.0,0.0,0.0,0.0,0.0
17,926104,+,17,21281228,+,CHOL,2118,TCGA-W5-AA31-01A,TCGA-W5-AA31-01A,1.0,0.0,0.0,0.0,0.0
17,935371,+,17,10196126,-,CHOL,2119,TCGA-W5-AA31-01A,TCGA-W5-AA31-01A,1.0,0.0,0.0,0.0,0.0
17,936066,-,17,1557193,+,CHOL,2120,TCGA-W5-AA31-01A,TCGA-W5-AA31-01A,1.0,0.0,0.0,0.0,0.0
17,945028,+,17,17343012,-,CHOL,2121,TCGA-W5-AA31-01A,TCGA-W5-AA31-01A,1.0,0.0,0.0,0.0,0.0
17,987504,+,17,4414671,-,CHOL,2122,TCGA-W5-AA31-01A,TCGA-W5-AA31-01A,1.0,0.0,0.0,0.0,0.0
17,987605,-,17,17321699,-,CHOL,2123,TCGA-W5-AA31-01A,TCGA-W5-AA31-01A,1.0,0.0,0.0,0.0,0.0
17,994394,+,17,9646234,-,CHOL,2124,TCGA-W5-AA31-01A,TCGA-W5-AA31-01A,1.0,0.0,0.0,0.0,0.0
17,997385,-,17,7744868,+,CHOL,2125,TCGA-W5-AA31-01A,TCGA-W5-AA31-01A,1.0,0.0,0.0,0.0,0.0
17,1029531,+,17,14505542,-,CHOL,2126,TCGA-W5-AA31-01A,TCGA-W5-AA31-01A,1.0,0.0,0.0,0.0,0.0
17,1071170,+,17,12093889,-,CHOL,2127,TCGA-W5-AA31-01A,TCGA-W5-AA31-01A,1.0,0.0,0.0,0.0,0.0
17,1071516,-,17,9666262,+,CHOL,2128,TCGA-W5-AA31-01A,TCGA-W5-AA31-01A,1.0,0.0,0.0,0.0,0.0
17,1085213,+,17,17360486,+,CHOL,2129,TCGA-W5-AA31-01A,TCGA-W5-AA31-01A,1.0,0.0,0.0,0.0,0.0
17,1085227,-,17,11754831,+,CHOL,2130,TCGA-W5-AA31-01A,TCGA-W5-AA31-01A,1.0,0.0,0.0,0.0,0.0
17,1168027,+,17,1998224,+,CHOL,2131,TCGA-W5-AA31-01A,TCGA-W5-AA31-01A,1.0,0.0,0.0,0.0,0.0
17,1174714,-,17,1446202,-,CHOL,2132,TCGA-W5-AA31-01A,TCGA-W5-AA31-01A,1.0,0.0,0.0,0.0,0.0
17,1181530,+,17,37725989,-,CHOL,2133,TCGA-W5-AA31-01A,TCGA-W5-AA31-01A,1.0,0.0,0.0,0.0,0.0
17,1182589,-,17,9577566,+,CHOL,2134,TCGA-W5-AA31-01A,TCGA-W5-AA31-01A,1.0,0.0,0.0,0.0,0.0
17,1182735,-,17,28461234,+,CHOL,2135,TCGA-W5-AA31-01A,TCGA-W5-AA31-01A,1.0,0.0,0.0,0.0,0.0
17,1182866,-,17,9577420,+,CHOL,2136,TCGA-W5-AA31-01A,TCGA-W5-AA31-01A,1.0,0.0,0.0,0.0,0.0
17,1185205,+,17,19969801,-,CHOL,2137,TCGA-W5-AA31-01A,TCGA-W5-AA31-01A,1.0,0.0,0.0,0.0,0.0
17,1191956,-,17,38330403,+,CHOL,2138,TCGA-W5-AA31-01A,TCGA-W5-AA31-01A,1.0,0.0,0.0,0.0,0.0
17,1195893,+,17,12191176,+,CHOL,2139,TCGA-W5-AA31-01A,TCGA-W5-AA31-01A,1.0,0.0,0.0,0.0,0.0
17,1237531,+,17,3379693,+,CHOL,2140,TCGA-W5-AA31-01A,TCGA-W5-AA31-01A,1.0,0.0,0.0,0.0,0.0
17,1238522,-,17,8733122,+,CHOL,2141,TCGA-W5-AA31-01A,TCGA-W5-AA31-01A,1.0,0.0,0.0,0.0,0.0
17,1254435,+,17,1770879,-,CHOL,2142,TCGA-W5-AA31-01A,TCGA-W5-AA31-01A,1.0,0.0,0.0,0.0,0.0
17,1265804,-,17,37552615,-,CHOL,2143,TCGA-W5-AA31-01A,TCGA-W5-AA31-01A,1.0,0.0,0.0,0.0,0.0
17,1269840,+,17,14929977,-,CHOL,2144,TCGA-W5-AA31-01A,TCGA-W5-AA31-01A,1.0,0.0,0.0,0.0,0.0
17,1324372,+,17,9569231,+,CHOL,2145,TCGA-W5-AA31-01A,TCGA-W5-AA31-01A,1.0,0.0,0.0,0.0,0.0
17,1324753,-,17,14433696,-,CHOL,2146,TCGA-W5-AA31-01A,TCGA-W5-AA31-01A,1.0,0.0,0.0,0.0,0.0
17,1329145,+,17,17692594,+,CHOL,2147,TCGA-W5-AA31-01A,TCGA-W5-AA31-01A,1.0,0.0,0.0,0.0,0.0
17,1329268,-,17,17580404,-,CHOL,2148,TCGA-W5-AA31-01A,TCGA-W5-AA31-01A,1.0,0.0,0.0,0.0,0.0
17,1329826,+,17,1880155,+,CHOL,2149,TCGA-W5-AA31-01A,TCGA-W5-AA31-01A,1.0,0.0,0.0,0.0,0.0
17,1475022,+,17,17705398,-,CHOL,2150,TCGA-W5-AA31-01A,TCGA-W5-AA31-01A,1.0,0.0,0.0,0.0,0.0
17,1483454,+,17,16500907,+,CHOL,2151,TCGA-W5-AA31-01A,TCGA-W5-AA31-01A,1.0,0.0,0.0,0.0,0.0
17,1493624,-,17,32602473,-,CHOL,2152,TCGA-W5-AA31-01A,TCGA-W5-AA31-01A,1.0,0.0,0.0,0.0,0.0
17,1510682,+,17,14184810,+,CHOL,2153,TCGA-W5-AA31-01A,TCGA-W5-AA31-01A,1.0,0.0,0.0,0.0,0.0
17,1510682,+,17,15581683,+,CHOL,2154,TCGA-W5-AA31-01A,TCGA-W5-AA31-01A,1.0,0.0,0.0,0.0,0.0
17,1551263,+,17,38301708,-,CHOL,2155,TCGA-W5-AA31-01A,TCGA-W5-AA31-01A,1.0,0.0,0.0,0.0,0.0
17,1552415,-,17,12194998,-,CHOL,2156,TCGA-W5-AA31-01A,TCGA-W5-AA31-01A,1.0,0.0,0.0,0.0,0.0
17,1559356,-,17,21416419,+,CHOL,2157,TCGA-W5-AA31-01A,TCGA-W5-AA31-01A,1.0,0.0,0.0,0.0,0.0
17,1560401,+,17,10568903,-,CHOL,2158,TCGA-W5-AA31-01A,TCGA-W5-AA31-01A,1.0,0.0,0.0,0.0,0.0
17,1571500,-,17,14398565,+,CHOL,2159,TCGA-W5-AA31-01A,TCGA-W5-AA31-01A,1.0,0.0,0.0,0.0,0.0
17,1725111,-,17,1871678,+,CHOL,2160,TCGA-W5-AA31-01A,TCGA-W5-AA31-01A,1.0,0.0,0.0,0.0,0.0
17,1762652,+,17,8198948,-,CHOL,2161,TCGA-W5-AA31-01A,TCGA-W5-AA31-01A,1.0,0.0,0.0,0.0,0.0
17,1813753,+,17,1909421,+,CHOL,2162,TCGA-W5-AA31-01A,TCGA-W5-AA31-01A,1.0,0.0,0.0,0.0,0.0
17,1873719,-,17,21565400,-,CHOL,2163,TCGA-W5-AA31-01A,TCGA-W5-AA31-01A,1.0,0.0,0.0,0.0,0.0
17,1882329,-,17,35042085,-,CHOL,2164,TCGA-W5-AA31-01A,TCGA-W5-AA31-01A,1.0,0.0,0.0,0.0,0.0
17,1910679,-,17,7226888,-,CHOL,2165,TCGA-W5-AA31-01A,TCGA-W5-AA31-01A,1.0,0.0,0.0,0.0,0.0
17,2014746,-,17,15249624,+,CHOL,2166,TCGA-W5-AA31-01A,TCGA-W5-AA31-01A,1.0,0.0,0.0,0.0,0.0
17,2049817,+,17,7822512,+,CHOL,2167,TCGA-W5-AA31-01A,TCGA-W5-AA31-01A,1.0,0.0,0.0,0.0,0.0
17,2050526,-,17,16065736,-,CHOL,2168,TCGA-W5-AA31-01A,TCGA-W5-AA31-01A,1.0,0.0,0.0,0.0,0.0
17,2150470,+,17,18728480,-,CHOL,2169,TCGA-W5-AA31-01A,TCGA-W5-AA31-01A,1.0,0.0,0.0,0.0,0.0
17,2167021,-,17,8338967,+,CHOL,2170,TCGA-W5-AA31-01A,TCGA-W5-AA31-01A,1.0,0.0,0.0,0.0,0.0
17,2248082,+,17,37616515,+,CHOL,2171,TCGA-W5-AA31-01A,TCGA-W5-AA31-01A,1.0,0.0,0.0,0.0,0.0
17,2285505,-,17,17595973,+,CHOL,2172,TCGA-W5-AA31-01A,TCGA-W5-AA31-01A,1.0,0.0,0.0,0.0,0.0
17,2356195,+,17,27456167,+,CHOL,2173,TCGA-W5-AA31-01A,TCGA-W5-AA31-01A,1.0,0.0,0.0,0.0,0.0
17,2530516,+,17,10304039,-,CHOL,2174,TCGA-W5-AA31-01A,TCGA-W5-AA31-01A,1.0,0.0,0.0,0.0,0.0
17,2535624,-,17,7321325,-,CHOL,2175,TCGA-W5-AA31-01A,TCGA-W5-AA31-01A,1.0,0.0,0.0,0.0,0.0
17,2540271,+,17,21704890,-,CHOL,2176,TCGA-W5-AA31-01A,TCGA-W5-AA31-01A,1.0,0.0,0.0,0.0,0.0
17,2575097,+,17,2575413,+,CHOL,2177,TCGA-W5-AA31-01A,TCGA-W5-AA31-01A,1.0,0.0,0.0,0.0,0.0
17,2576565,-,17,7738750,-,CHOL,2178,TCGA-W5-AA31-01A,TCGA-W5-AA31-01A,1.0,0.0,0.0,0.0,0.0
17,2584463,+,17,2585662,+,CHOL,2179,TCGA-W5-AA31-01A,TCGA-W5-AA31-01A,1.0,0.0,0.0,0.0,0.0
17,2638700,-,17,17714816,-,CHOL,2180,TCGA-W5-AA31-01A,TCGA-W5-AA31-01A,1.0,0.0,0.0,0.0,0.0
17,2707958,+,17,21366807,+,CHOL,2181,TCGA-W5-AA31-01A,TCGA-W5-AA31-01A,1.0,0.0,0.0,0.0,0.0
17,2708487,-,17,35671303,-,CHOL,2182,TCGA-W5-AA31-01A,TCGA-W5-AA31-01A,1.0,0.0,0.0,0.0,0.0
17,2761410,+,17,18599898,-,CHOL,2183,TCGA-W5-AA31-01A,TCGA-W5-AA31-01A,1.0,0.0,0.0,0.0,0.0
17,2762149,-,17,19246339,-,CHOL,2184,TCGA-W5-AA31-01A,TCGA-W5-AA31-01A,1.0,0.0,0.0,0.0,0.0
17,2913951,+,17,34367984,-,CHOL,2185,TCGA-W5-AA31-01A,TCGA-W5-AA31-01A,1.0,0.0,0.0,0.0,0.0
17,2914075,-,17,9196097,+,CHOL,2186,TCGA-W5-AA31-01A,TCGA-W5-AA31-01A,1.0,0.0,0.0,0.0,0.0
17,2935647,+,17,10319906,-,CHOL,2187,TCGA-W5-AA31-01A,TCGA-W5-AA31-01A,1.0,0.0,0.0,0.0,0.0
17,2943135,-,17,9494073,-,CHOL,2188,TCGA-W5-AA31-01A,TCGA-W5-AA31-01A,1.0,0.0,0.0,0.0,0.0
17,2946583,+,17,19443469,+,CHOL,2189,TCGA-W5-AA31-01A,TCGA-W5-AA31-01A,1.0,0.0,0.0,0.0,0.0
17,2948109,-,17,14414392,+,CHOL,2190,TCGA-W5-AA31-01A,TCGA-W5-AA31-01A,1.0,0.0,0.0,0.0,0.0
17,3058116,+,17,18226118,-,CHOL,2191,TCGA-W5-AA31-01A,TCGA-W5-AA31-01A,1.0,0.0,0.0,0.0,0.0
17,3069729,-,17,5025034,+,CHOL,2192,TCGA-W5-AA31-01A,TCGA-W5-AA31-01A,1.0,0.0,0.0,0.0,0.0
17,3071162,+,17,18693834,-,CHOL,2193,TCGA-W5-AA31-01A,TCGA-W5-AA31-01A,1.0,0.0,0.0,0.0,0.0
17,3073543,-,17,10302333,+,CHOL,2194,TCGA-W5-AA31-01A,TCGA-W5-AA31-01A,1.0,0.0,0.0,0.0,0.0
17,3078679,+,17,33028828,-,CHOL,2195,TCGA-W5-AA31-01A,TCGA-W5-AA31-01A,1.0,0.0,0.0,0.0,0.0
17,3314424,+,17,5531746,+,CHOL,2196,TCGA-W5-AA31-01A,TCGA-W5-AA31-01A,1.0,0.0,0.0,0.0,0.0
17,3315273,-,17,10784335,+,CHOL,2197,TCGA-W5-AA31-01A,TCGA-W5-AA31-01A,1.0,0.0,0.0,0.0,0.0
17,3529855,-,17,19793641,+,CHOL,2198,TCGA-W5-AA31-01A,TCGA-W5-AA31-01A,1.0,0.0,0.0,0.0,0.0
17,3666387,+,17,35258833,-,CHOL,2199,TCGA-W5-AA31-01A,TCGA-W5-AA31-01A,1.0,0.0,0.0,0.0,0.0
17,3667230,-,17,11096489,-,CHOL,2200,TCGA-W5-AA31-01A,TCGA-W5-AA31-01A,1.0,0.0,0.0,0.0,0.0
17,3695305,+,17,6464980,-,CHOL,2201,TCGA-W5-AA31-01A,TCGA-W5-AA31-01A,1.0,0.0,0.0,0.0,0.0
17,3695329,-,17,27975796,-,CHOL,2202,TCGA-W5-AA31-01A,TCGA-W5-AA31-01A,1.0,0.0,0.0,0.0,0.0
17,3753847,+,17,20653634,-,CHOL,2203,TCGA-W5-AA31-01A,TCGA-W5-AA31-01A,1.0,0.0,0.0,0.0,0.0
17,3861061,+,17,17772945,-,CHOL,2204,TCGA-W5-AA31-01A,TCGA-W5-AA31-01A,1.0,0.0,0.0,0.0,0.0
17,3861675,-,17,33180591,+,CHOL,2205,TCGA-W5-AA31-01A,TCGA-W5-AA31-01A,1.0,0.0,0.0,0.0,0.0
17,3913775,+,17,28251349,+,CHOL,2206,TCGA-W5-AA31-01A,TCGA-W5-AA31-01A,1.0,0.0,0.0,0.0,0.0
17,3942810,-,17,5591144,+,CHOL,2207,TCGA-W5-AA31-01A,TCGA-W5-AA31-01A,1.0,0.0,0.0,0.0,0.0
17,4238248,+,17,34684546,-,CHOL,2208,TCGA-W5-AA31-01A,TCGA-W5-AA31-01A,1.0,0.0,0.0,0.0,0.0
17,4244155,-,17,9569599,-,CHOL,2209,TCGA-W5-AA31-01A,TCGA-W5-AA31-01A,1.0,0.0,0.0,0.0,0.0
17,4254714,+,17,32296283,-,CHOL,2210,TCGA-W5-AA31-01A,TCGA-W5-AA31-01A,1.0,0.0,0.0,0.0,0.0
17,4254714,+,17,32296293,+,CHOL,2211,TCGA-W5-AA31-01A,TCGA-W5-AA31-01A,1.0,0.0,0.0,0.0,0.0
17,4259659,-,17,34978421,-,CHOL,2212,TCGA-W5-AA31-01A,TCGA-W5-AA31-01A,1.0,0.0,0.0,0.0,0.0
17,4266231,+,17,34938037,+,CHOL,2213,TCGA-W5-AA31-01A,TCGA-W5-AA31-01A,1.0,0.0,0.0,0.0,0.0
17,4285433,-,17,19714652,+,CHOL,2214,TCGA-W5-AA31-01A,TCGA-W5-AA31-01A,1.0,0.0,0.0,0.0,0.0
17,4365319,+,17,32298416,-,CHOL,2215,TCGA-W5-AA31-01A,TCGA-W5-AA31-01A,1.0,0.0,0.0,0.0,0.0
17,4365976,-,17,12342804,+,CHOL,2216,TCGA-W5-AA31-01A,TCGA-W5-AA31-01A,1.0,0.0,0.0,0.0,0.0
17,4412990,+,17,12493624,-,CHOL,2217,TCGA-W5-AA31-01A,TCGA-W5-AA31-01A,1.0,0.0,0.0,0.0,0.0
17,4530547,+,17,32475186,-,CHOL,2218,TCGA-W5-AA31-01A,TCGA-W5-AA31-01A,1.0,0.0,0.0,0.0,0.0
17,4530684,-,17,9771802,+,CHOL,2219,TCGA-W5-AA31-01A,TCGA-W5-AA31-01A,1.0,0.0,0.0,0.0,0.0
17,4570227,+,17,16828426,+,CHOL,2220,TCGA-W5-AA31-01A,TCGA-W5-AA31-01A,1.0,0.0,0.0,0.0,0.0
17,4575300,+,17,20145119,-,CHOL,2221,TCGA-W5-AA31-01A,TCGA-W5-AA31-01A,1.0,0.0,0.0,0.0,0.0
17,4575739,-,17,30813701,+,CHOL,2222,TCGA-W5-AA31-01A,TCGA-W5-AA31-01A,1.0,0.0,0.0,0.0,0.0
17,4585085,+,17,36986124,-,CHOL,2223,TCGA-W5-AA31-01A,TCGA-W5-AA31-01A,1.0,0.0,0.0,0.0,0.0
17,4589637,-,17,9773778,-,CHOL,2224,TCGA-W5-AA31-01A,TCGA-W5-AA31-01A,1.0,0.0,0.0,0.0,0.0
17,4731576,+,17,27521586,+,CHOL,2225,TCGA-W5-AA31-01A,TCGA-W5-AA31-01A,1.0,0.0,0.0,0.0,0.0
17,4951201,-,17,9810330,+,CHOL,2226,TCGA-W5-AA31-01A,TCGA-W5-AA31-01A,1.0,0.0,0.0,0.0,0.0
17,4997741,+,17,15479848,+,CHOL,2227,TCGA-W5-AA31-01A,TCGA-W5-AA31-01A,1.0,0.0,0.0,0.0,0.0
17,4998173,-,17,9980561,+,CHOL,2228,TCGA-W5-AA31-01A,TCGA-W5-AA31-01A,1.0,0.0,0.0,0.0,0.0
17,5034764,-,17,34910280,-,CHOL,2229,TCGA-W5-AA31-01A,TCGA-W5-AA31-01A,1.0,0.0,0.0,0.0,0.0
17,5078833,+,17,12321904,+,CHOL,2230,TCGA-W5-AA31-01A,TCGA-W5-AA31-01A,1.0,0.0,0.0,0.0,0.0
17,5283976,-,17,13005838,-,CHOL,2231,TCGA-W5-AA31-01A,TCGA-W5-AA31-01A,1.0,0.0,0.0,0.0,0.0
17,5329094,+,17,35807676,+,CHOL,2232,TCGA-W5-AA31-01A,TCGA-W5-AA31-01A,1.0,0.0,0.0,0.0,0.0
17,5532195,-,17,36209939,+,CHOL,2233,TCGA-W5-AA31-01A,TCGA-W5-AA31-01A,1.0,0.0,0.0,0.0,0.0
17,5612319,-,17,34164043,+,CHOL,2234,TCGA-W5-AA31-01A,TCGA-W5-AA31-01A,1.0,0.0,0.0,0.0,0.0
17,5762848,+,17,21640285,-,CHOL,2235,TCGA-W5-AA31-01A,TCGA-W5-AA31-01A,1.0,0.0,0.0,0.0,0.0
17,5827324,+,17,6638200,+,CHOL,2236,TCGA-W5-AA31-01A,TCGA-W5-AA31-01A,1.0,0.0,0.0,0.0,0.0
17,6052992,-,17,29818949,+,CHOL,2237,TCGA-W5-AA31-01A,TCGA-W5-AA31-01A,1.0,0.0,0.0,0.0,0.0
17,6067637,+,17,32150317,-,CHOL,2238,TCGA-W5-AA31-01A,TCGA-W5-AA31-01A,1.0,0.0,0.0,0.0,0.0
17,6067830,-,17,32311679,-,CHOL,2239,TCGA-W5-AA31-01A,TCGA-W5-AA31-01A,1.0,0.0,0.0,0.0,0.0
17,6347386,+,17,11588370,+,CHOL,2240,TCGA-W5-AA31-01A,TCGA-W5-AA31-01A,1.0,0.0,0.0,0.0,0.0
17,6638531,-,17,15919431,+,CHOL,2241,TCGA-W5-AA31-01A,TCGA-W5-AA31-01A,1.0,0.0,0.0,0.0,0.0
17,7039895,+,17,34457473,+,CHOL,2242,TCGA-W5-AA31-01A,TCGA-W5-AA31-01A,1.0,0.0,0.0,0.0,0.0
17,7043057,-,17,34653068,-,CHOL,2243,TCGA-W5-AA31-01A,TCGA-W5-AA31-01A,1.0,0.0,0.0,0.0,0.0
17,7071060,+,17,28289481,+,CHOL,2244,TCGA-W5-AA31-01A,TCGA-W5-AA31-01A,1.0,0.0,0.0,0.0,0.0
17,7164503,-,17,21039074,+,CHOL,2245,TCGA-W5-AA31-01A,TCGA-W5-AA31-01A,1.0,0.0,0.0,0.0,0.0
17,7226635,+,17,20191754,-,CHOL,2246,TCGA-W5-AA31-01A,TCGA-W5-AA31-01A,1.0,0.0,0.0,0.0,0.0
17,7227893,+,17,35049752,+,CHOL,2247,TCGA-W5-AA31-01A,TCGA-W5-AA31-01A,1.0,0.0,0.0,0.0,0.0
17,7314677,+,17,7314798,+,CHOL,2248,TCGA-W5-AA31-01A,TCGA-W5-AA31-01A,1.0,0.0,0.0,0.0,0.0
17,7314711,-,17,32388216,+,CHOL,2249,TCGA-W5-AA31-01A,TCGA-W5-AA31-01A,1.0,0.0,0.0,0.0,0.0
17,7314728,+,17,32388216,+,CHOL,2250,TCGA-W5-AA31-01A,TCGA-W5-AA31-01A,1.0,0.0,0.0,0.0,0.0
17,7349422,+,17,35460621,-,CHOL,2251,TCGA-W5-AA31-01A,TCGA-W5-AA31-01A,1.0,0.0,0.0,0.0,0.0
17,7353314,-,17,7561709,+,CHOL,2252,TCGA-W5-AA31-01A,TCGA-W5-AA31-01A,1.0,0.0,0.0,0.0,0.0
17,7355418,+,17,21035788,-,CHOL,2253,TCGA-W5-AA31-01A,TCGA-W5-AA31-01A,1.0,0.0,0.0,0.0,0.0
17,7387030,+,17,7605531,-,CHOL,2254,TCGA-W5-AA31-01A,TCGA-W5-AA31-01A,1.0,0.0,0.0,0.0,0.0
17,7388160,-,17,22446512,-,CHOL,2255,TCGA-W5-AA31-01A,TCGA-W5-AA31-01A,1.0,0.0,0.0,0.0,0.0
17,7403484,+,17,10586856,-,CHOL,2256,TCGA-W5-AA31-01A,TCGA-W5-AA31-01A,1.0,0.0,0.0,0.0,0.0
17,7405603,-,17,14927760,+,CHOL,2257,TCGA-W5-AA31-01A,TCGA-W5-AA31-01A,1.0,0.0,0.0,0.0,0.0
17,7482378,-,17,14573275,+,CHOL,2258,TCGA-W5-AA31-01A,TCGA-W5-AA31-01A,1.0,0.0,0.0,0.0,0.0
17,7482572,-,17,17794889,-,CHOL,2259,TCGA-W5-AA31-01A,TCGA-W5-AA31-01A,1.0,0.0,0.0,0.0,0.0
17,7482678,+,17,35169840,-,CHOL,2260,TCGA-W5-AA31-01A,TCGA-W5-AA31-01A,1.0,0.0,0.0,0.0,0.0
17,7491488,-,17,35458051,+,CHOL,2261,TCGA-W5-AA31-01A,TCGA-W5-AA31-01A,1.0,0.0,0.0,0.0,0.0
17,7562660,-,17,20568014,+,CHOL,2262,TCGA-W5-AA31-01A,TCGA-W5-AA31-01A,1.0,0.0,0.0,0.0,0.0
17,7589611,+,17,12033453,-,CHOL,2263,TCGA-W5-AA31-01A,TCGA-W5-AA31-01A,1.0,0.0,0.0,0.0,0.0
17,7640543,+,17,31656261,+,CHOL,2264,TCGA-W5-AA31-01A,TCGA-W5-AA31-01A,1.0,0.0,0.0,0.0,0.0
17,7701991,-,17,19704956,-,CHOL,2265,TCGA-W5-AA31-01A,TCGA-W5-AA31-01A,1.0,0.0,0.0,0.0,0.0
17,7737516,+,17,11083718,+,CHOL,2266,TCGA-W5-AA31-01A,TCGA-W5-AA31-01A,1.0,0.0,0.0,0.0,0.0
17,7745747,-,17,37664129,+,CHOL,2267,TCGA-W5-AA31-01A,TCGA-W5-AA31-01A,1.0,0.0,0.0,0.0,0.0
17,7823760,-,17,17898474,+,CHOL,2268,TCGA-W5-AA31-01A,TCGA-W5-AA31-01A,1.0,0.0,0.0,0.0,0.0
17,7836254,+,17,17704427,-,CHOL,2269,TCGA-W5-AA31-01A,TCGA-W5-AA31-01A,1.0,0.0,0.0,0.0,0.0
17,7990072,-,17,19381162,-,CHOL,2270,TCGA-W5-AA31-01A,TCGA-W5-AA31-01A,1.0,0.0,0.0,0.0,0.0
17,8001376,+,17,27452686,-,CHOL,2271,TCGA-W5-AA31-01A,TCGA-W5-AA31-01A,1.0,0.0,0.0,0.0,0.0
17,8067984,+,17,35467612,+,CHOL,2272,TCGA-W5-AA31-01A,TCGA-W5-AA31-01A,1.0,0.0,0.0,0.0,0.0
17,8071876,-,17,38300227,+,CHOL,2273,TCGA-W5-AA31-01A,TCGA-W5-AA31-01A,1.0,0.0,0.0,0.0,0.0
17,8140926,+,17,17972751,+,CHOL,2274,TCGA-W5-AA31-01A,TCGA-W5-AA31-01A,1.0,0.0,0.0,0.0,0.0
17,8230013,+,17,14557789,-,CHOL,2275,TCGA-W5-AA31-01A,TCGA-W5-AA31-01A,1.0,0.0,0.0,0.0,0.0
17,8274763,-,17,37577778,+,CHOL,2276,TCGA-W5-AA31-01A,TCGA-W5-AA31-01A,1.0,0.0,0.0,0.0,0.0
17,8347484,-,17,33027334,+,CHOL,2277,TCGA-W5-AA31-01A,TCGA-W5-AA31-01A,1.0,0.0,0.0,0.0,0.0
17,8361576,+,17,21675342,-,CHOL,2278,TCGA-W5-AA31-01A,TCGA-W5-AA31-01A,1.0,0.0,0.0,0.0,0.0
17,8477300,-,17,12329288,-,CHOL,2279,TCGA-W5-AA31-01A,TCGA-W5-AA31-01A,1.0,0.0,0.0,0.0,0.0
17,8497072,+,17,12348320,-,CHOL,2280,TCGA-W5-AA31-01A,TCGA-W5-AA31-01A,1.0,0.0,0.0,0.0,0.0
17,8498593,-,17,36859685,+,CHOL,2281,TCGA-W5-AA31-01A,TCGA-W5-AA31-01A,1.0,0.0,0.0,0.0,0.0
17,8508813,+,17,9667057,-,CHOL,2282,TCGA-W5-AA31-01A,TCGA-W5-AA31-01A,1.0,0.0,0.0,0.0,0.0
17,8520800,-,17,13966331,+,CHOL,2283,TCGA-W5-AA31-01A,TCGA-W5-AA31-01A,1.0,0.0,0.0,0.0,0.0
17,8527388,+,17,30806977,-,CHOL,2284,TCGA-W5-AA31-01A,TCGA-W5-AA31-01A,1.0,0.0,0.0,0.0,0.0
17,8528138,-,17,9578963,-,CHOL,2285,TCGA-W5-AA31-01A,TCGA-W5-AA31-01A,1.0,0.0,0.0,0.0,0.0
17,8538227,-,17,12385251,+,CHOL,2286,TCGA-W5-AA31-01A,TCGA-W5-AA31-01A,1.0,0.0,0.0,0.0,0.0
17,8626937,+,17,35986162,-,CHOL,2287,TCGA-W5-AA31-01A,TCGA-W5-AA31-01A,1.0,0.0,0.0,0.0,0.0
17,8628076,-,17,9132814,-,CHOL,2288,TCGA-W5-AA31-01A,TCGA-W5-AA31-01A,1.0,0.0,0.0,0.0,0.0
17,8881309,-,17,27325743,+,CHOL,2289,TCGA-W5-AA31-01A,TCGA-W5-AA31-01A,1.0,0.0,0.0,0.0,0.0
17,8906180,+,17,37578754,-,CHOL,2290,TCGA-W5-AA31-01A,TCGA-W5-AA31-01A,1.0,0.0,0.0,0.0,0.0
17,8908416,-,17,13996337,-,CHOL,2291,TCGA-W5-AA31-01A,TCGA-W5-AA31-01A,1.0,0.0,0.0,0.0,0.0
17,8942336,+,17,9789869,+,CHOL,2292,TCGA-W5-AA31-01A,TCGA-W5-AA31-01A,1.0,0.0,0.0,0.0,0.0
17,8950372,-,17,14556058,+,CHOL,2293,TCGA-W5-AA31-01A,TCGA-W5-AA31-01A,1.0,0.0,0.0,0.0,0.0
17,8994595,+,17,16450617,-,CHOL,2294,TCGA-W5-AA31-01A,TCGA-W5-AA31-01A,1.0,0.0,0.0,0.0,0.0
17,8996627,-,17,9811663,-,CHOL,2295,TCGA-W5-AA31-01A,TCGA-W5-AA31-01A,1.0,0.0,0.0,0.0,0.0
17,9010527,+,17,30653921,-,CHOL,2296,TCGA-W5-AA31-01A,TCGA-W5-AA31-01A,1.0,0.0,0.0,0.0,0.0
17,9013974,-,17,30815121,-,CHOL,2297,TCGA-W5-AA31-01A,TCGA-W5-AA31-01A,1.0,0.0,0.0,0.0,0.0
17,9038819,+,17,14000307,+,CHOL,2298,TCGA-W5-AA31-01A,TCGA-W5-AA31-01A,1.0,0.0,0.0,0.0,0.0
17,9039583,-,17,18730292,+,CHOL,2299,TCGA-W5-AA31-01A,TCGA-W5-AA31-01A,1.0,0.0,0.0,0.0,0.0
17,9063469,+,17,36893398,-,CHOL,2300,TCGA-W5-AA31-01A,TCGA-W5-AA31-01A,1.0,0.0,0.0,0.0,0.0
17,9063469,+,17,36898316,+,CHOL,2301,TCGA-W5-AA31-01A,TCGA-W5-AA31-01A,1.0,0.0,0.0,0.0,0.0
17,9065101,-,17,9076263,-,CHOL,2302,TCGA-W5-AA31-01A,TCGA-W5-AA31-01A,1.0,0.0,0.0,0.0,0.0
17,9073813,+,17,12046262,+,CHOL,2303,TCGA-W5-AA31-01A,TCGA-W5-AA31-01A,1.0,0.0,0.0,0.0,0.0
17,9105457,+,17,33945825,+,CHOL,2304,TCGA-W5-AA31-01A,TCGA-W5-AA31-01A,1.0,0.0,0.0,0.0,0.0
17,9107537,-,17,12418432,-,CHOL,2305,TCGA-W5-AA31-01A,TCGA-W5-AA31-01A,1.0,0.0,0.0,0.0,0.0
17,9128895,+,17,18735625,+,CHOL,2306,TCGA-W5-AA31-01A,TCGA-W5-AA31-01A,1.0,0.0,0.0,0.0,0.0
17,9133901,+,17,18325129,+,CHOL,2307,TCGA-W5-AA31-01A,TCGA-W5-AA31-01A,1.0,0.0,0.0,0.0,0.0
17,9134955,-,17,17713265,+,CHOL,2308,TCGA-W5-AA31-01A,TCGA-W5-AA31-01A,1.0,0.0,0.0,0.0,0.0
17,9151023,+,17,34025096,-,CHOL,2309,TCGA-W5-AA31-01A,TCGA-W5-AA31-01A,1.0,0.0,0.0,0.0,0.0
17,9164896,-,17,15681593,+,CHOL,2310,TCGA-W5-AA31-01A,TCGA-W5-AA31-01A,1.0,0.0,0.0,0.0,0.0
17,9164896,-,17,18700716,-,CHOL,2311,TCGA-W5-AA31-01A,TCGA-W5-AA31-01A,1.0,0.0,0.0,0.0,0.0
17,9179731,+,17,30452192,-,CHOL,2312,TCGA-W5-AA31-01A,TCGA-W5-AA31-01A,1.0,0.0,0.0,0.0,0.0
17,9187171,-,17,28358197,+,CHOL,2313,TCGA-W5-AA31-01A,TCGA-W5-AA31-01A,1.0,0.0,0.0,0.0,0.0
17,9197339,-,17,36923227,+,CHOL,2314,TCGA-W5-AA31-01A,TCGA-W5-AA31-01A,1.0,0.0,0.0,0.0,0.0
17,9577420,+,17,28461032,-,CHOL,2315,TCGA-W5-AA31-01A,TCGA-W5-AA31-01A,1.0,0.0,0.0,0.0,0.0
17,9644333,+,17,13490368,-,CHOL,2316,TCGA-W5-AA31-01A,TCGA-W5-AA31-01A,1.0,0.0,0.0,0.0,0.0
17,9675576,+,17,29434782,+,CHOL,2317,TCGA-W5-AA31-01A,TCGA-W5-AA31-01A,1.0,0.0,0.0,0.0,0.0
17,9676849,-,17,30940214,-,CHOL,2318,TCGA-W5-AA31-01A,TCGA-W5-AA31-01A,1.0,0.0,0.0,0.0,0.0
17,9765668,-,17,20458479,-,CHOL,2319,TCGA-W5-AA31-01A,TCGA-W5-AA31-01A,1.0,0.0,0.0,0.0,0.0
17,9765670,+,17,34998978,+,CHOL,2320,TCGA-W5-AA31-01A,TCGA-W5-AA31-01A,1.0,0.0,0.0,0.0,0.0
17,9849639,+,17,34777174,-,CHOL,2321,TCGA-W5-AA31-01A,TCGA-W5-AA31-01A,1.0,0.0,0.0,0.0,0.0
17,9943810,-,17,12408726,+,CHOL,2322,TCGA-W5-AA31-01A,TCGA-W5-AA31-01A,1.0,0.0,0.0,0.0,0.0
17,9980919,-,17,12612916,+,CHOL,2323,TCGA-W5-AA31-01A,TCGA-W5-AA31-01A,1.0,0.0,0.0,0.0,0.0
17,10011940,+,17,20466566,-,CHOL,2324,TCGA-W5-AA31-01A,TCGA-W5-AA31-01A,1.0,0.0,0.0,0.0,0.0
17,10149772,-,17,34264714,-,CHOL,2325,TCGA-W5-AA31-01A,TCGA-W5-AA31-01A,1.0,0.0,0.0,0.0,0.0
17,10210499,+,17,28252332,-,CHOL,2326,TCGA-W5-AA31-01A,TCGA-W5-AA31-01A,1.0,0.0,0.0,0.0,0.0
17,10215277,-,17,14302368,-,CHOL,2327,TCGA-W5-AA31-01A,TCGA-W5-AA31-01A,1.0,0.0,0.0,0.0,0.0
17,10276229,+,17,17670454,-,CHOL,2328,TCGA-W5-AA31-01A,TCGA-W5-AA31-01A,1.0,0.0,0.0,0.0,0.0
17,10317761,+,17,11121007,-,CHOL,2329,TCGA-W5-AA31-01A,TCGA-W5-AA31-01A,1.0,0.0,0.0,0.0,0.0
17,10326404,+,17,13557803,-,CHOL,2330,TCGA-W5-AA31-01A,TCGA-W5-AA31-01A,1.0,0.0,0.0,0.0,0.0
17,10344407,+,17,14348468,+,CHOL,2331,TCGA-W5-AA31-01A,TCGA-W5-AA31-01A,1.0,0.0,0.0,0.0,0.0
17,10382339,-,17,34882646,+,CHOL,2332,TCGA-W5-AA31-01A,TCGA-W5-AA31-01A,1.0,0.0,0.0,0.0,0.0
17,10522068,-,17,15477128,-,CHOL,2333,TCGA-W5-AA31-01A,TCGA-W5-AA31-01A,1.0,0.0,0.0,0.0,0.0
17,10556634,+,17,21567016,+,CHOL,2334,TCGA-W5-AA31-01A,TCGA-W5-AA31-01A,1.0,0.0,0.0,0.0,0.0
17,10557304,-,17,27732252,-,CHOL,2335,TCGA-W5-AA31-01A,TCGA-W5-AA31-01A,1.0,0.0,0.0,0.0,0.0
17,10584815,+,17,32311103,+,CHOL,2336,TCGA-W5-AA31-01A,TCGA-W5-AA31-01A,1.0,0.0,0.0,0.0,0.0
17,10659696,+,17,20445700,+,CHOL,2337,TCGA-W5-AA31-01A,TCGA-W5-AA31-01A,1.0,0.0,0.0,0.0,0.0
17,10751856,-,17,22509861,+,CHOL,2338,TCGA-W5-AA31-01A,TCGA-W5-AA31-01A,1.0,0.0,0.0,0.0,0.0
17,11075360,+,17,22465399,-,CHOL,2339,TCGA-W5-AA31-01A,TCGA-W5-AA31-01A,1.0,0.0,0.0,0.0,0.0
17,11079389,-,17,12462044,+,CHOL,2340,TCGA-W5-AA31-01A,TCGA-W5-AA31-01A,1.0,0.0,0.0,0.0,0.0
17,11120769,+,17,27974335,+,CHOL,2341,TCGA-W5-AA31-01A,TCGA-W5-AA31-01A,1.0,0.0,0.0,0.0,0.0
17,11570280,+,17,36808413,-,CHOL,2342,TCGA-W5-AA31-01A,TCGA-W5-AA31-01A,1.0,0.0,0.0,0.0,0.0
17,11605257,-,17,30937888,+,CHOL,2343,TCGA-W5-AA31-01A,TCGA-W5-AA31-01A,1.0,0.0,0.0,0.0,0.0
17,11689193,+,17,32706251,+,CHOL,2344,TCGA-W5-AA31-01A,TCGA-W5-AA31-01A,1.0,0.0,0.0,0.0,0.0
17,11690752,-,17,21282407,-,CHOL,2345,TCGA-W5-AA31-01A,TCGA-W5-AA31-01A,1.0,0.0,0.0,0.0,0.0
17,12117700,-,17,31192935,+,CHOL,2346,TCGA-W5-AA31-01A,TCGA-W5-AA31-01A,1.0,0.0,0.0,0.0,0.0
17,12209546,+,17,33201925,+,CHOL,2347,TCGA-W5-AA31-01A,TCGA-W5-AA31-01A,1.0,0.0,0.0,0.0,0.0
17,12223278,-,17,37845611,+,CHOL,2348,TCGA-W5-AA31-01A,TCGA-W5-AA31-01A,1.0,0.0,0.0,0.0,0.0
17,12226048,+,17,27332326,-,CHOL,2349,TCGA-W5-AA31-01A,TCGA-W5-AA31-01A,1.0,0.0,0.0,0.0,0.0
17,12228692,-,17,30497862,+,CHOL,2350,TCGA-W5-AA31-01A,TCGA-W5-AA31-01A,1.0,0.0,0.0,0.0,0.0
17,12343326,-,17,13816182,-,CHOL,2351,TCGA-W5-AA31-01A,TCGA-W5-AA31-01A,1.0,0.0,0.0,0.0,0.0
17,12347094,+,17,21172738,-,CHOL,2352,TCGA-W5-AA31-01A,TCGA-W5-AA31-01A,1.0,0.0,0.0,0.0,0.0
17,12387134,-,17,33039860,+,CHOL,2353,TCGA-W5-AA31-01A,TCGA-W5-AA31-01A,1.0,0.0,0.0,0.0,0.0
17,12408911,-,17,29102177,-,CHOL,2354,TCGA-W5-AA31-01A,TCGA-W5-AA31-01A,1.0,0.0,0.0,0.0,0.0
17,12417558,+,17,26945342,-,CHOL,2355,TCGA-W5-AA31-01A,TCGA-W5-AA31-01A,1.0,0.0,0.0,0.0,0.0
17,12463346,-,17,13362797,-,CHOL,2356,TCGA-W5-AA31-01A,TCGA-W5-AA31-01A,1.0,0.0,0.0,0.0,0.0
17,12493586,+,17,19245041,+,CHOL,2357,TCGA-W5-AA31-01A,TCGA-W5-AA31-01A,1.0,0.0,0.0,0.0,0.0
17,12543010,+,17,37235997,-,CHOL,2358,TCGA-W5-AA31-01A,TCGA-W5-AA31-01A,1.0,0.0,0.0,0.0,0.0
17,12544056,-,17,20175866,+,CHOL,2359,TCGA-W5-AA31-01A,TCGA-W5-AA31-01A,1.0,0.0,0.0,0.0,0.0
17,12942880,-,17,35875174,-,CHOL,2360,TCGA-W5-AA31-01A,TCGA-W5-AA31-01A,1.0,0.0,0.0,0.0,0.0
17,12951086,-,17,15487090,+,CHOL,2361,TCGA-W5-AA31-01A,TCGA-W5-AA31-01A,1.0,0.0,0.0,0.0,0.0
17,13003869,+,17,28775503,+,CHOL,2362,TCGA-W5-AA31-01A,TCGA-W5-AA31-01A,1.0,0.0,0.0,0.0,0.0
17,13018591,+,17,21219659,-,CHOL,2363,TCGA-W5-AA31-01A,TCGA-W5-AA31-01A,1.0,0.0,0.0,0.0,0.0
17,13483991,+,17,30531026,-,CHOL,2364,TCGA-W5-AA31-01A,TCGA-W5-AA31-01A,1.0,0.0,0.0,0.0,0.0
17,13532714,-,17,16030538,-,CHOL,2365,TCGA-W5-AA31-01A,TCGA-W5-AA31-01A,1.0,0.0,0.0,0.0,0.0
17,13545377,+,17,32710287,+,CHOL,2366,TCGA-W5-AA31-01A,TCGA-W5-AA31-01A,1.0,0.0,0.0,0.0,0.0
17,13557286,+,17,32045217,-,CHOL,2367,TCGA-W5-AA31-01A,TCGA-W5-AA31-01A,1.0,0.0,0.0,0.0,0.0
17,13866764,+,17,35947466,+,CHOL,2368,TCGA-W5-AA31-01A,TCGA-W5-AA31-01A,1.0,0.0,0.0,0.0,0.0
17,13922698,-,17,14348522,-,CHOL,2369,TCGA-W5-AA31-01A,TCGA-W5-AA31-01A,1.0,0.0,0.0,0.0,0.0
17,13935317,+,17,34023347,+,CHOL,2370,TCGA-W5-AA31-01A,TCGA-W5-AA31-01A,1.0,0.0,0.0,0.0,0.0
17,13938630,-,17,36893048,+,CHOL,2371,TCGA-W5-AA31-01A,TCGA-W5-AA31-01A,1.0,0.0,0.0,0.0,0.0
17,14312907,+,17,18048406,-,CHOL,2372,TCGA-W5-AA31-01A,TCGA-W5-AA31-01A,1.0,0.0,0.0,0.0,0.0
17,14335860,-,17,37504807,-,CHOL,2373,TCGA-W5-AA31-01A,TCGA-W5-AA31-01A,1.0,0.0,0.0,0.0,0.0
17,14423489,-,17,37611174,-,CHOL,2374,TCGA-W5-AA31-01A,TCGA-W5-AA31-01A,1.0,0.0,0.0,0.0,0.0
17,14433297,+,17,14567066,+,CHOL,2375,TCGA-W5-AA31-01A,TCGA-W5-AA31-01A,1.0,0.0,0.0,0.0,0.0
17,14546752,+,17,28479191,+,CHOL,2376,TCGA-W5-AA31-01A,TCGA-W5-AA31-01A,1.0,0.0,0.0,0.0,0.0
17,14571904,-,17,34858772,+,CHOL,2377,TCGA-W5-AA31-01A,TCGA-W5-AA31-01A,1.0,0.0,0.0,0.0,0.0
17,14626299,-,17,21462339,-,CHOL,2378,TCGA-W5-AA31-01A,TCGA-W5-AA31-01A,1.0,0.0,0.0,0.0,0.0
17,14990395,-,17,18528031,-,CHOL,2379,TCGA-W5-AA31-01A,TCGA-W5-AA31-01A,1.0,0.0,0.0,0.0,0.0
17,15006353,+,17,34707359,+,CHOL,2380,TCGA-W5-AA31-01A,TCGA-W5-AA31-01A,1.0,0.0,0.0,0.0,0.0
17,15210221,-,17,34860421,-,CHOL,2381,TCGA-W5-AA31-01A,TCGA-W5-AA31-01A,1.0,0.0,0.0,0.0,0.0
17,15223305,+,17,35632277,-,CHOL,2382,TCGA-W5-AA31-01A,TCGA-W5-AA31-01A,1.0,0.0,0.0,0.0,0.0
17,15224254,-,17,16040075,-,CHOL,2383,TCGA-W5-AA31-01A,TCGA-W5-AA31-01A,1.0,0.0,0.0,0.0,0.0
17,15337384,-,17,29997483,-,CHOL,2384,TCGA-W5-AA31-01A,TCGA-W5-AA31-01A,1.0,0.0,0.0,0.0,0.0
17,15423702,+,17,29908322,-,CHOL,2385,TCGA-W5-AA31-01A,TCGA-W5-AA31-01A,1.0,0.0,0.0,0.0,0.0
17,15484215,-,17,30379727,-,CHOL,2386,TCGA-W5-AA31-01A,TCGA-W5-AA31-01A,1.0,0.0,0.0,0.0,0.0
17,15488756,-,17,38404557,+,CHOL,2387,TCGA-W5-AA31-01A,TCGA-W5-AA31-01A,1.0,0.0,0.0,0.0,0.0
17,15623041,+,17,18061090,-,CHOL,2388,TCGA-W5-AA31-01A,TCGA-W5-AA31-01A,1.0,0.0,0.0,0.0,0.0
17,15887048,-,17,21192684,+,CHOL,2389,TCGA-W5-AA31-01A,TCGA-W5-AA31-01A,1.0,0.0,0.0,0.0,0.0
17,15919751,-,17,35772340,-,CHOL,2390,TCGA-W5-AA31-01A,TCGA-W5-AA31-01A,1.0,0.0,0.0,0.0,0.0
17,16001498,+,17,35771059,+,CHOL,2391,TCGA-W5-AA31-01A,TCGA-W5-AA31-01A,1.0,0.0,0.0,0.0,0.0
17,16033854,+,17,22464700,+,CHOL,2392,TCGA-W5-AA31-01A,TCGA-W5-AA31-01A,1.0,0.0,0.0,0.0,0.0
17,16064058,+,17,19301686,-,CHOL,2393,TCGA-W5-AA31-01A,TCGA-W5-AA31-01A,1.0,0.0,0.0,0.0,0.0
17,16081287,+,17,29514196,+,CHOL,2394,TCGA-W5-AA31-01A,TCGA-W5-AA31-01A,1.0,0.0,0.0,0.0,0.0
17,16290658,-,17,18224870,+,CHOL,2395,TCGA-W5-AA31-01A,TCGA-W5-AA31-01A,1.0,0.0,0.0,0.0,0.0
17,16304669,+,17,19701721,+,CHOL,2396,TCGA-W5-AA31-01A,TCGA-W5-AA31-01A,1.0,0.0,0.0,0.0,0.0
17,16370323,+,17,17342701,+,CHOL,2397,TCGA-W5-AA31-01A,TCGA-W5-AA31-01A,1.0,0.0,0.0,0.0,0.0
17,16504518,-,17,32616453,-,CHOL,2398,TCGA-W5-AA31-01A,TCGA-W5-AA31-01A,1.0,0.0,0.0,0.0,0.0
17,16519216,+,17,36452158,+,CHOL,2399,TCGA-W5-AA31-01A,TCGA-W5-AA31-01A,1.0,0.0,0.0,0.0,0.0
17,16789539,-,17,28296422,-,CHOL,2400,TCGA-W5-AA31-01A,TCGA-W5-AA31-01A,1.0,0.0,0.0,0.0,0.0
17,16944021,-,17,30771609,-,CHOL,2401,TCGA-W5-AA31-01A,TCGA-W5-AA31-01A,1.0,0.0,0.0,0.0,0.0
17,17127625,-,17,31391154,+,CHOL,2402,TCGA-W5-AA31-01A,TCGA-W5-AA31-01A,1.0,0.0,0.0,0.0,0.0
17,17128604,+,17,27073131,-,CHOL,2403,TCGA-W5-AA31-01A,TCGA-W5-AA31-01A,1.0,0.0,0.0,0.0,0.0
17,17434765,-,17,29391436,-,CHOL,2404,TCGA-W5-AA31-01A,TCGA-W5-AA31-01A,1.0,0.0,0.0,0.0,0.0
17,17446125,+,17,30656292,+,CHOL,2405,TCGA-W5-AA31-01A,TCGA-W5-AA31-01A,1.0,0.0,0.0,0.0,0.0
17,17698268,-,17,31342414,+,CHOL,2406,TCGA-W5-AA31-01A,TCGA-W5-AA31-01A,1.0,0.0,0.0,0.0,0.0
17,17702926,+,17,30530382,+,CHOL,2407,TCGA-W5-AA31-01A,TCGA-W5-AA31-01A,1.0,0.0,0.0,0.0,0.0
17,17718484,+,17,21605845,-,CHOL,2408,TCGA-W5-AA31-01A,TCGA-W5-AA31-01A,1.0,0.0,0.0,0.0,0.0
17,17792909,+,17,21425830,-,CHOL,2409,TCGA-W5-AA31-01A,TCGA-W5-AA31-01A,1.0,0.0,0.0,0.0,0.0
17,17794754,-,17,35169790,-,CHOL,2410,TCGA-W5-AA31-01A,TCGA-W5-AA31-01A,1.0,0.0,0.0,0.0,0.0
17,17875148,-,17,37617393,-,CHOL,2411,TCGA-W5-AA31-01A,TCGA-W5-AA31-01A,1.0,0.0,0.0,0.0,0.0
17,17898473,-,17,20999060,-,CHOL,2412,TCGA-W5-AA31-01A,TCGA-W5-AA31-01A,1.0,0.0,0.0,0.0,0.0
17,17910954,+,17,18529118,-,CHOL,2413,TCGA-W5-AA31-01A,TCGA-W5-AA31-01A,1.0,0.0,0.0,0.0,0.0
17,17957601,+,17,30839723,-,CHOL,2414,TCGA-W5-AA31-01A,TCGA-W5-AA31-01A,1.0,0.0,0.0,0.0,0.0
17,17960441,-,17,31470248,-,CHOL,2415,TCGA-W5-AA31-01A,TCGA-W5-AA31-01A,1.0,0.0,0.0,0.0,0.0
17,18059098,+,17,38335849,+,CHOL,2416,TCGA-W5-AA31-01A,TCGA-W5-AA31-01A,1.0,0.0,0.0,0.0,0.0
17,18061858,+,17,34714325,-,CHOL,2417,TCGA-W5-AA31-01A,TCGA-W5-AA31-01A,1.0,0.0,0.0,0.0,0.0
17,18064963,-,17,31275767,-,CHOL,2418,TCGA-W5-AA31-01A,TCGA-W5-AA31-01A,1.0,0.0,0.0,0.0,0.0
17,18177719,+,17,28245250,+,CHOL,2419,TCGA-W5-AA31-01A,TCGA-W5-AA31-01A,1.0,0.0,0.0,0.0,0.0
17,18221438,-,17,19715876,-,CHOL,2420,TCGA-W5-AA31-01A,TCGA-W5-AA31-01A,1.0,0.0,0.0,0.0,0.0
17,18381335,-,17,27731874,+,CHOL,2421,TCGA-W5-AA31-01A,TCGA-W5-AA31-01A,1.0,0.0,0.0,0.0,0.0
17,18527464,+,17,36985037,+,CHOL,2422,TCGA-W5-AA31-01A,TCGA-W5-AA31-01A,1.0,0.0,0.0,0.0,0.0
17,18530735,+,17,20143663,+,CHOL,2423,TCGA-W5-AA31-01A,TCGA-W5-AA31-01A,1.0,0.0,0.0,0.0,0.0
17,18532588,-,17,19857235,-,CHOL,2424,TCGA-W5-AA31-01A,TCGA-W5-AA31-01A,1.0,0.0,0.0,0.0,0.0
17,18532592,-,17,27482399,-,CHOL,2425,TCGA-W5-AA31-01A,TCGA-W5-AA31-01A,1.0,0.0,0.0,0.0,0.0
17,18692106,+,17,19608277,-,CHOL,2426,TCGA-W5-AA31-01A,TCGA-W5-AA31-01A,1.0,0.0,0.0,0.0,0.0
17,18698037,+,17,30839643,+,CHOL,2427,TCGA-W5-AA31-01A,TCGA-W5-AA31-01A,1.0,0.0,0.0,0.0,0.0
17,18724917,+,17,28299586,+,CHOL,2428,TCGA-W5-AA31-01A,TCGA-W5-AA31-01A,1.0,0.0,0.0,0.0,0.0
17,18730577,-,17,36820232,-,CHOL,2429,TCGA-W5-AA31-01A,TCGA-W5-AA31-01A,1.0,0.0,0.0,0.0,0.0
17,19301606,+,17,21461297,+,CHOL,2430,TCGA-W5-AA31-01A,TCGA-W5-AA31-01A,1.0,0.0,0.0,0.0,0.0
17,19362459,+,17,32680915,+,CHOL,2431,TCGA-W5-AA31-01A,TCGA-W5-AA31-01A,1.0,0.0,0.0,0.0,0.0
17,19413442,+,17,36593989,+,CHOL,2432,TCGA-W5-AA31-01A,TCGA-W5-AA31-01A,1.0,0.0,0.0,0.0,0.0
17,19414296,-,17,31217199,+,CHOL,2433,TCGA-W5-AA31-01A,TCGA-W5-AA31-01A,1.0,0.0,0.0,0.0,0.0
17,19438697,+,17,31095408,-,CHOL,2434,TCGA-W5-AA31-01A,TCGA-W5-AA31-01A,1.0,0.0,0.0,0.0,0.0
17,19442851,-,17,34939686,-,CHOL,2435,TCGA-W5-AA31-01A,TCGA-W5-AA31-01A,1.0,0.0,0.0,0.0,0.0
17,19464846,-,17,36478511,+,CHOL,2436,TCGA-W5-AA31-01A,TCGA-W5-AA31-01A,1.0,0.0,0.0,0.0,0.0
17,19543344,+,17,37656153,-,CHOL,2437,TCGA-W5-AA31-01A,TCGA-W5-AA31-01A,1.0,0.0,0.0,0.0,0.0
17,19544398,-,17,19639216,-,CHOL,2438,TCGA-W5-AA31-01A,TCGA-W5-AA31-01A,1.0,0.0,0.0,0.0,0.0
17,19568270,+,17,29389615,+,CHOL,2439,TCGA-W5-AA31-01A,TCGA-W5-AA31-01A,1.0,0.0,0.0,0.0,0.0
17,19623940,+,17,32441263,-,CHOL,2440,TCGA-W5-AA31-01A,TCGA-W5-AA31-01A,1.0,0.0,0.0,0.0,0.0
17,19624932,-,17,36188938,+,CHOL,2441,TCGA-W5-AA31-01A,TCGA-W5-AA31-01A,1.0,0.0,0.0,0.0,0.0
17,19635394,+,17,20309178,+,CHOL,2442,TCGA-W5-AA31-01A,TCGA-W5-AA31-01A,1.0,0.0,0.0,0.0,0.0
17,19794522,-,17,37003385,+,CHOL,2443,TCGA-W5-AA31-01A,TCGA-W5-AA31-01A,1.0,0.0,0.0,0.0,0.0
17,19857371,+,17,27482399,-,CHOL,2444,TCGA-W5-AA31-01A,TCGA-W5-AA31-01A,1.0,0.0,0.0,0.0,0.0
17,19858310,+,17,28497671,+,CHOL,2445,TCGA-W5-AA31-01A,TCGA-W5-AA31-01A,1.0,0.0,0.0,0.0,0.0
17,19967430,+,17,35183026,-,CHOL,2446,TCGA-W5-AA31-01A,TCGA-W5-AA31-01A,1.0,0.0,0.0,0.0,0.0
17,20401103,-,17,34543866,+,CHOL,2447,TCGA-W5-AA31-01A,TCGA-W5-AA31-01A,1.0,0.0,0.0,0.0,0.0
17,20559341,+,17,34263924,+,CHOL,2448,TCGA-W5-AA31-01A,TCGA-W5-AA31-01A,1.0,0.0,0.0,0.0,0.0
17,20568035,-,17,20999048,+,CHOL,2449,TCGA-W5-AA31-01A,TCGA-W5-AA31-01A,1.0,0.0,0.0,0.0,0.0
17,20573609,+,17,31654410,-,CHOL,2450,TCGA-W5-AA31-01A,TCGA-W5-AA31-01A,1.0,0.0,0.0,0.0,0.0
17,20576155,-,17,33492980,-,CHOL,2451,TCGA-W5-AA31-01A,TCGA-W5-AA31-01A,1.0,0.0,0.0,0.0,0.0
17,20921984,+,17,34970098,+,CHOL,2452,TCGA-W5-AA31-01A,TCGA-W5-AA31-01A,1.0,0.0,0.0,0.0,0.0
17,21005817,+,17,38268977,-,CHOL,2453,TCGA-W5-AA31-01A,TCGA-W5-AA31-01A,1.0,0.0,0.0,0.0,0.0
17,21207383,-,17,35949184,-,CHOL,2454,TCGA-W5-AA31-01A,TCGA-W5-AA31-01A,1.0,0.0,0.0,0.0,0.0
17,21310715,+,17,30444171,+,CHOL,2455,TCGA-W5-AA31-01A,TCGA-W5-AA31-01A,1.0,0.0,0.0,0.0,0.0
17,21385411,+,17,28294850,+,CHOL,2456,TCGA-W5-AA31-01A,TCGA-W5-AA31-01A,1.0,0.0,0.0,0.0,0.0
17,21405933,-,17,28290233,-,CHOL,2457,TCGA-W5-AA31-01A,TCGA-W5-AA31-01A,1.0,0.0,0.0,0.0,0.0
17,21451736,+,17,35416646,-,CHOL,2458,TCGA-W5-AA31-01A,TCGA-W5-AA31-01A,1.0,0.0,0.0,0.0,0.0
17,21470723,+,17,28319702,-,CHOL,2459,TCGA-W5-AA31-01A,TCGA-W5-AA31-01A,1.0,0.0,0.0,0.0,0.0
17,21486947,-,17,21674284,+,CHOL,2460,TCGA-W5-AA31-01A,TCGA-W5-AA31-01A,1.0,0.0,0.0,0.0,0.0
17,21554993,-,17,27477356,-,CHOL,2461,TCGA-W5-AA31-01A,TCGA-W5-AA31-01A,1.0,0.0,0.0,0.0,0.0
17,21587389,-,17,21627179,+,CHOL,2462,TCGA-W5-AA31-01A,TCGA-W5-AA31-01A,1.0,0.0,0.0,0.0,0.0
17,21727009,+,17,34975128,+,CHOL,2463,TCGA-W5-AA31-01A,TCGA-W5-AA31-01A,1.0,0.0,0.0,0.0,0.0
17,21777267,-,17,30444171,+,CHOL,2464,TCGA-W5-AA31-01A,TCGA-W5-AA31-01A,1.0,0.0,0.0,0.0,0.0
17,21850088,+,17,32616246,+,CHOL,2465,TCGA-W5-AA31-01A,TCGA-W5-AA31-01A,1.0,0.0,0.0,0.0,0.0
17,22417483,+,17,37408815,-,CHOL,2466,TCGA-W5-AA31-01A,TCGA-W5-AA31-01A,1.0,0.0,0.0,0.0,0.0
17,22489102,+,17,30378864,+,CHOL,2467,TCGA-W5-AA31-01A,TCGA-W5-AA31-01A,1.0,0.0,0.0,0.0,0.0
17,22984242,+,17,32801238,+,CHOL,2468,TCGA-W5-AA31-01A,TCGA-W5-AA31-01A,1.0,0.0,0.0,0.0,0.0
17,27070233,+,17,28440562,-,CHOL,2469,TCGA-W5-AA31-01A,TCGA-W5-AA31-01A,1.0,0.0,0.0,0.0,0.0
17,27361805,+,17,31342749,-,CHOL,2470,TCGA-W5-AA31-01A,TCGA-W5-AA31-01A,1.0,0.0,0.0,0.0,0.0
17,27451718,+,17,28888247,-,CHOL,2471,TCGA-W5-AA31-01A,TCGA-W5-AA31-01A,1.0,0.0,0.0,0.0,0.0
17,27456156,-,17,35258223,+,CHOL,2472,TCGA-W5-AA31-01A,TCGA-W5-AA31-01A,1.0,0.0,0.0,0.0,0.0
17,27476851,+,17,34836103,+,CHOL,2473,TCGA-W5-AA31-01A,TCGA-W5-AA31-01A,1.0,0.0,0.0,0.0,0.0
17,27478936,+,17,35379947,+,CHOL,2474,TCGA-W5-AA31-01A,TCGA-W5-AA31-01A,1.0,0.0,0.0,0.0,0.0
17,27523287,-,17,37005093,-,CHOL,2475,TCGA-W5-AA31-01A,TCGA-W5-AA31-01A,1.0,0.0,0.0,0.0,0.0
17,27659069,+,17,32706889,-,CHOL,2476,TCGA-W5-AA31-01A,TCGA-W5-AA31-01A,1.0,0.0,0.0,0.0,0.0
17,27659881,-,17,37143736,-,CHOL,2477,TCGA-W5-AA31-01A,TCGA-W5-AA31-01A,1.0,0.0,0.0,0.0,0.0
17,28465555,-,17,35663493,+,CHOL,2478,TCGA-W5-AA31-01A,TCGA-W5-AA31-01A,1.0,0.0,0.0,0.0,0.0
17,28492806,-,17,29630079,+,CHOL,2479,TCGA-W5-AA31-01A,TCGA-W5-AA31-01A,1.0,0.0,0.0,0.0,0.0
17,28498448,-,17,29595579,-,CHOL,2480,TCGA-W5-AA31-01A,TCGA-W5-AA31-01A,1.0,0.0,0.0,0.0,0.0
17,28778232,-,17,34675389,+,CHOL,2481,TCGA-W5-AA31-01A,TCGA-W5-AA31-01A,1.0,0.0,0.0,0.0,0.0
17,28781259,+,17,29436037,-,CHOL,2482,TCGA-W5-AA31-01A,TCGA-W5-AA31-01A,1.0,0.0,0.0,0.0,0.0
17,28782149,-,17,35421443,-,CHOL,2483,TCGA-W5-AA31-01A,TCGA-W5-AA31-01A,1.0,0.0,0.0,0.0,0.0
17,28886525,+,17,38402245,-,CHOL,2484,TCGA-W5-AA31-01A,TCGA-W5-AA31-01A,1.0,0.0,0.0,0.0,0.0
17,28908429,+,17,37858899,-,CHOL,2485,TCGA-W5-AA31-01A,TCGA-W5-AA31-01A,1.0,0.0,0.0,0.0,0.0
17,29079491,-,17,30101872,-,CHOL,2486,TCGA-W5-AA31-01A,TCGA-W5-AA31-01A,1.0,0.0,0.0,0.0,0.0
17,29100743,+,17,35418323,+,CHOL,2487,TCGA-W5-AA31-01A,TCGA-W5-AA31-01A,1.0,0.0,0.0,0.0,0.0
17,29145686,-,17,31130994,-,CHOL,2488,TCGA-W5-AA31-01A,TCGA-W5-AA31-01A,1.0,0.0,0.0,0.0,0.0
17,29502288,+,17,37650248,+,CHOL,2489,TCGA-W5-AA31-01A,TCGA-W5-AA31-01A,1.0,0.0,0.0,0.0,0.0
17,29502485,-,17,37711908,-,CHOL,2490,TCGA-W5-AA31-01A,TCGA-W5-AA31-01A,1.0,0.0,0.0,0.0,0.0
17,29746002,-,17,30022833,+,CHOL,2491,TCGA-W5-AA31-01A,TCGA-W5-AA31-01A,1.0,0.0,0.0,0.0,0.0
17,29934319,+,17,30521883,-,CHOL,2492,TCGA-W5-AA31-01A,TCGA-W5-AA31-01A,1.0,0.0,0.0,0.0,0.0
17,29955916,-,17,29977455,-,CHOL,2493,TCGA-W5-AA31-01A,TCGA-W5-AA31-01A,1.0,0.0,0.0,0.0,0.0
17,29971296,+,17,37210587,+,CHOL,2494,TCGA-W5-AA31-01A,TCGA-W5-AA31-01A,1.0,0.0,0.0,0.0,0.0
17,29997446,+,17,32824412,-,CHOL,2495,TCGA-W5-AA31-01A,TCGA-W5-AA31-01A,1.0,0.0,0.0,0.0,0.0
17,30004506,+,17,31130271,+,CHOL,2496,TCGA-W5-AA31-01A,TCGA-W5-AA31-01A,1.0,0.0,0.0,0.0,0.0
17,30035534,+,17,36171384,-,CHOL,2497,TCGA-W5-AA31-01A,TCGA-W5-AA31-01A,1.0,0.0,0.0,0.0,0.0
17,30101004,+,17,32517504,+,CHOL,2498,TCGA-W5-AA31-01A,TCGA-W5-AA31-01A,1.0,0.0,0.0,0.0,0.0
17,30193014,-,17,32150053,+,CHOL,2499,TCGA-W5-AA31-01A,TCGA-W5-AA31-01A,1.0,0.0,0.0,0.0,0.0
17,30404544,+,17,35447771,-,CHOL,2500,TCGA-W5-AA31-01A,TCGA-W5-AA31-01A,1.0,0.0,0.0,0.0,0.0
17,30406346,-,17,31194712,-,CHOL,2501,TCGA-W5-AA31-01A,TCGA-W5-AA31-01A,1.0,0.0,0.0,0.0,0.0
17,30606885,+,17,35926963,-,CHOL,2502,TCGA-W5-AA31-01A,TCGA-W5-AA31-01A,1.0,0.0,0.0,0.0,0.0
17,30760879,+,17,34771738,+,CHOL,2503,TCGA-W5-AA31-01A,TCGA-W5-AA31-01A,1.0,0.0,0.0,0.0,0.0
17,30899334,+,17,36753231,+,CHOL,2504,TCGA-W5-AA31-01A,TCGA-W5-AA31-01A,1.0,0.0,0.0,0.0,0.0
17,30953571,+,17,37461814,+,CHOL,2505,TCGA-W5-AA31-01A,TCGA-W5-AA31-01A,1.0,0.0,0.0,0.0,0.0
17,31507330,+,17,36183835,-,CHOL,2506,TCGA-W5-AA31-01A,TCGA-W5-AA31-01A,1.0,0.0,0.0,0.0,0.0
17,32154538,+,17,36459356,-,CHOL,2507,TCGA-W5-AA31-01A,TCGA-W5-AA31-01A,1.0,0.0,0.0,0.0,0.0
17,32296264,+,17,32296366,+,CHOL,2508,TCGA-W5-AA31-01A,TCGA-W5-AA31-01A,1.0,0.0,0.0,0.0,0.0
17,32458420,+,17,35998611,+,CHOL,2509,TCGA-W5-AA31-01A,TCGA-W5-AA31-01A,1.0,0.0,0.0,0.0,0.0
17,32690994,-,17,36820085,+,CHOL,2510,TCGA-W5-AA31-01A,TCGA-W5-AA31-01A,1.0,0.0,0.0,0.0,0.0
17,32715606,-,17,35381079,-,CHOL,2511,TCGA-W5-AA31-01A,TCGA-W5-AA31-01A,1.0,0.0,0.0,0.0,0.0
17,33177533,+,17,34389145,+,CHOL,2512,TCGA-W5-AA31-01A,TCGA-W5-AA31-01A,1.0,0.0,0.0,0.0,0.0
17,33178679,-,17,36874636,+,CHOL,2513,TCGA-W5-AA31-01A,TCGA-W5-AA31-01A,1.0,0.0,0.0,0.0,0.0
17,33181700,-,17,37891603,-,CHOL,2514,TCGA-W5-AA31-01A,TCGA-W5-AA31-01A,1.0,0.0,0.0,0.0,0.0
17,33994462,-,17,34364076,+,CHOL,2515,TCGA-W5-AA31-01A,TCGA-W5-AA31-01A,1.0,0.0,0.0,0.0,0.0
17,34165545,-,17,36886079,-,CHOL,2516,TCGA-W5-AA31-01A,TCGA-W5-AA31-01A,1.0,0.0,0.0,0.0,0.0
17,34908723,+,17,37890437,+,CHOL,2517,TCGA-W5-AA31-01A,TCGA-W5-AA31-01A,1.0,0.0,0.0,0.0,0.0
17,34943186,+,17,38352148,+,CHOL,2518,TCGA-W5-AA31-01A,TCGA-W5-AA31-01A,1.0,0.0,0.0,0.0,0.0
17,34972906,-,17,38309473,+,CHOL,2519,TCGA-W5-AA31-01A,TCGA-W5-AA31-01A,1.0,0.0,0.0,0.0,0.0
17,35406196,+,17,37707070,+,CHOL,2520,TCGA-W5-AA31-01A,TCGA-W5-AA31-01A,1.0,0.0,0.0,0.0,0.0
17,36013681,-,17,36188948,-,CHOL,2521,TCGA-W5-AA31-01A,TCGA-W5-AA31-01A,1.0,0.0,0.0,0.0,0.0
17,36873169,-,17,37092633,+,CHOL,2522,TCGA-W5-AA31-01A,TCGA-W5-AA31-01A,1.0,0.0,0.0,0.0,0.0
17,36923794,-,17,37238009,+,CHOL,2523,TCGA-W5-AA31-01A,TCGA-W5-AA31-01A,1.0,0.0,0.0,0.0,0.0
17,37595947,+,17,37599196,-,CHOL,2524,TCGA-W5-AA31-01A,TCGA-W5-AA31-01A,1.0,0.0,0.0,0.0,0.0
17,37610769,+,17,38353487,-,CHOL,2525,TCGA-W5-AA31-01A,TCGA-W5-AA31-01A,1.0,0.0,0.0,0.0,0.0
17,37686199,-,17,37725529,+,CHOL,2526,TCGA-W5-AA31-01A,TCGA-W5-AA31-01A,1.0,0.0,0.0,0.0,0.0
17,37740514,+,17,38310111,-,CHOL,2527,TCGA-W5-AA31-01A,TCGA-W5-AA31-01A,1.0,0.0,0.0,0.0,0.0
17,38382277,+,17,38402150,+,CHOL,2528,TCGA-W5-AA31-01A,TCGA-W5-AA31-01A,1.0,0.0,0.0,0.0,0.0
17,38561874,+,17,38594667,-,CHOL,2529,TCGA-W5-AA31-01A,TCGA-W5-AA31-01A,1.0,0.0,0.0,0.0,0.0
17,54882978,-,18,3757235,+,CHOL,2530,TCGA-W5-AA31-01A,TCGA-W5-AA31-01A,1.0,0.0,0.0,0.0,0.0
17,57069513,+,17,57234907,-,CHOL,2531,TCGA-W5-AA31-01A,TCGA-W5-AA31-01A,1.0,0.0,0.0,0.0,0.0
18,22812959,+,19,16766516,+,CHOL,2532,TCGA-W5-AA31-01A,TCGA-W5-AA31-01A,1.0,0.0,0.0,0.0,0.0
19,2171657,-,19,2376905,+,CHOL,2533,TCGA-W5-AA31-01A,TCGA-W5-AA31-01A,1.0,0.0,0.0,0.0,0.0
2,101428737,-,2,101580401,+,CHOL,2534,TCGA-W5-AA31-01A,TCGA-W5-AA31-01A,1.0,0.0,0.0,0.0,0.0
2,236235680,+,2,236247687,-,CHOL,2535,TCGA-W5-AA31-01A,TCGA-W5-AA31-01A,1.0,0.0,0.0,0.0,0.0
20,26545085,-,20,26577230,+,CHOL,2536,TCGA-W5-AA31-01A,TCGA-W5-AA31-01A,1.0,0.0,0.0,0.0,0.0
21,10480396,-,21,14437919,-,CHOL,2537,TCGA-W5-AA31-01A,TCGA-W5-AA31-01A,1.0,0.0,0.0,0.0,0.0
3,145903775,-,10,83497623,+,CHOL,2538,TCGA-W5-AA31-01A,TCGA-W5-AA31-01A,1.0,0.0,0.0,0.0,0.0
4,48659923,-,18,30556661,+,CHOL,2539,TCGA-W5-AA31-01A,TCGA-W5-AA31-01A,1.0,0.0,0.0,0.0,0.0
4,177646374,+,4,177897764,-,CHOL,2540,TCGA-W5-AA31-01A,TCGA-W5-AA31-01A,1.0,0.0,0.0,0.0,0.0
5,178839222,-,5,180673653,-,CHOL,2541,TCGA-W5-AA31-01A,TCGA-W5-AA31-01A,1.0,0.0,0.0,0.0,0.0
6,58556714,-,6,59456530,+,CHOL,2542,TCGA-W5-AA31-01A,TCGA-W5-AA31-01A,1.0,0.0,0.0,0.0,0.0
6,67983171,+,6,79122572,+,CHOL,2543,TCGA-W5-AA31-01A,TCGA-W5-AA31-01A,1.0,0.0,0.0,0.0,0.0
6,68025211,+,6,72332337,-,CHOL,2544,TCGA-W5-AA31-01A,TCGA-W5-AA31-01A,1.0,0.0,0.0,0.0,0.0
6,68028523,-,6,80217140,+,CHOL,2545,TCGA-W5-AA31-01A,TCGA-W5-AA31-01A,1.0,0.0,0.0,0.0,0.0
6,68102790,+,6,75944266,-,CHOL,2546,TCGA-W5-AA31-01A,TCGA-W5-AA31-01A,1.0,0.0,0.0,0.0,0.0
6,72231668,-,6,76266496,-,CHOL,2547,TCGA-W5-AA31-01A,TCGA-W5-AA31-01A,1.0,0.0,0.0,0.0,0.0
6,72326037,+,6,78801212,+,CHOL,2548,TCGA-W5-AA31-01A,TCGA-W5-AA31-01A,1.0,0.0,0.0,0.0,0.0
6,72669700,+,6,72672844,+,CHOL,2549,TCGA-W5-AA31-01A,TCGA-W5-AA31-01A,1.0,0.0,0.0,0.0,0.0
6,72670037,-,6,79081914,-,CHOL,2550,TCGA-W5-AA31-01A,TCGA-W5-AA31-01A,1.0,0.0,0.0,0.0,0.0
6,72689859,-,6,80216410,-,CHOL,2551,TCGA-W5-AA31-01A,TCGA-W5-AA31-01A,1.0,0.0,0.0,0.0,0.0
6,72796400,+,6,75976264,+,CHOL,2552,TCGA-W5-AA31-01A,TCGA-W5-AA31-01A,1.0,0.0,0.0,0.0,0.0
6,76268006,+,8,42461445,+,CHOL,2553,TCGA-W5-AA31-01A,TCGA-W5-AA31-01A,1.0,0.0,0.0,0.0,0.0
6,76821163,-,8,37249246,+,CHOL,2554,TCGA-W5-AA31-01A,TCGA-W5-AA31-01A,1.0,0.0,0.0,0.0,0.0
6,76899022,+,8,42490919,-,CHOL,2555,TCGA-W5-AA31-01A,TCGA-W5-AA31-01A,1.0,0.0,0.0,0.0,0.0
6,76905011,-,6,80238853,-,CHOL,2556,TCGA-W5-AA31-01A,TCGA-W5-AA31-01A,1.0,0.0,0.0,0.0,0.0
6,78470401,+,8,37249391,-,CHOL,2557,TCGA-W5-AA31-01A,TCGA-W5-AA31-01A,1.0,0.0,0.0,0.0,0.0
6,78823885,+,6,79092520,-,CHOL,2558,TCGA-W5-AA31-01A,TCGA-W5-AA31-01A,1.0,0.0,0.0,0.0,0.0
6,79188031,-,8,49492209,-,CHOL,2559,TCGA-W5-AA31-01A,TCGA-W5-AA31-01A,1.0,0.0,0.0,0.0,0.0
6,79196712,+,8,37250855,+,CHOL,2560,TCGA-W5-AA31-01A,TCGA-W5-AA31-01A,1.0,0.0,0.0,0.0,0.0
6,81748008,-,8,42460682,-,CHOL,2561,TCGA-W5-AA31-01A,TCGA-W5-AA31-01A,1.0,0.0,0.0,0.0,0.0
6,81748011,+,8,42459676,-,CHOL,2562,TCGA-W5-AA31-01A,TCGA-W5-AA31-01A,1.0,0.0,0.0,0.0,0.0
6,160507361,-,22,22110048,+,CHOL,2563,TCGA-W5-AA31-01A,TCGA-W5-AA31-01A,1.0,0.0,0.0,0.0,0.0
6,160507362,+,22,22109985,-,CHOL,2564,TCGA-W5-AA31-01A,TCGA-W5-AA31-01A,1.0,0.0,0.0,0.0,0.0
7,13794467,-,7,13885303,+,CHOL,2565,TCGA-W5-AA31-01A,TCGA-W5-AA31-01A,1.0,0.0,0.0,0.0,0.0
8,8526156,-,16,19321574,-,CHOL,2566,TCGA-W5-AA31-01A,TCGA-W5-AA31-01A,1.0,0.0,0.0,0.0,0.0
8,17835380,-,8,18001815,+,CHOL,2567,TCGA-W5-AA31-01A,TCGA-W5-AA31-01A,1.0,0.0,0.0,0.0,0.0
8,17981034,+,8,17985132,-,CHOL,2568,TCGA-W5-AA31-01A,TCGA-W5-AA31-01A,1.0,0.0,0.0,0.0,0.0
8,37066565,-,8,39818001,+,CHOL,2569,TCGA-W5-AA31-01A,TCGA-W5-AA31-01A,1.0,0.0,0.0,0.0,0.0
8,42546021,+,8,49321685,+,CHOL,2570,TCGA-W5-AA31-01A,TCGA-W5-AA31-01A,1.0,0.0,0.0,0.0,0.0
1,33045060,-,1,88679749,+,CHOL,2571,TCGA-W5-AA33-01A,TCGA-W5-AA33-01A,1.0,0.0,0.0,0.0,0.0
1,45930140,+,1,45931522,-,CHOL,2572,TCGA-W5-AA33-01A,TCGA-W5-AA33-01A,1.0,0.0,0.0,0.0,0.0
1,64925104,+,1,66950614,-,CHOL,2573,TCGA-W5-AA33-01A,TCGA-W5-AA33-01A,1.0,0.0,0.0,0.0,0.0
1,85258744,-,11,32308080,+,CHOL,2574,TCGA-W5-AA33-01A,TCGA-W5-AA33-01A,1.0,0.0,0.0,0.0,0.0
1,112560266,+,1,112694695,-,CHOL,2575,TCGA-W5-AA33-01A,TCGA-W5-AA33-01A,1.0,0.0,0.0,0.0,0.0
1,122173018,-,1,122191518,+,CHOL,2576,TCGA-W5-AA33-01A,TCGA-W5-AA33-01A,1.0,0.0,0.0,0.0,0.0
1,151710026,+,1,151718872,-,CHOL,2577,TCGA-W5-AA33-01A,TCGA-W5-AA33-01A,1.0,0.0,0.0,0.0,0.0
1,221868523,+,1,221926426,-,CHOL,2578,TCGA-W5-AA33-01A,TCGA-W5-AA33-01A,1.0,0.0,0.0,0.0,0.0
1,225610402,+,6,60372448,-,CHOL,2579,TCGA-W5-AA33-01A,TCGA-W5-AA33-01A,1.0,0.0,0.0,0.0,0.0
11,40685383,+,11,49122246,-,CHOL,2580,TCGA-W5-AA33-01A,TCGA-W5-AA33-01A,1.0,0.0,0.0,0.0,0.0
12,10592360,-,12,10709559,-,CHOL,2581,TCGA-W5-AA33-01A,TCGA-W5-AA33-01A,1.0,0.0,0.0,0.0,0.0
12,131990915,+,12,132778921,-,CHOL,2582,TCGA-W5-AA33-01A,TCGA-W5-AA33-01A,1.0,0.0,0.0,0.0,0.0
13,16802325,-,13,16894987,+,CHOL,2583,TCGA-W5-AA33-01A,TCGA-W5-AA33-01A,1.0,0.0,0.0,0.0,0.0
15,26489975,+,15,26499675,-,CHOL,2584,TCGA-W5-AA33-01A,TCGA-W5-AA33-01A,1.0,0.0,0.0,0.0,0.0
16,58715298,+,16,64960348,-,CHOL,2585,TCGA-W5-AA33-01A,TCGA-W5-AA33-01A,1.0,0.0,0.0,0.0,0.0
16,78768895,+,16,79111208,-,CHOL,2586,TCGA-W5-AA33-01A,TCGA-W5-AA33-01A,1.0,0.0,0.0,0.0,0.0
18,63995880,+,18,64306615,+,CHOL,2587,TCGA-W5-AA33-01A,TCGA-W5-AA33-01A,1.0,0.0,0.0,0.0,0.0
2,79576872,+,2,79648176,-,CHOL,2588,TCGA-W5-AA33-01A,TCGA-W5-AA33-01A,1.0,0.0,0.0,0.0,0.0
2,132069940,-,22,16234125,-,CHOL,2589,TCGA-W5-AA33-01A,TCGA-W5-AA33-01A,1.0,0.0,0.0,0.0,0.0
3,56648482,-,6,138004556,-,CHOL,2590,TCGA-W5-AA33-01A,TCGA-W5-AA33-01A,1.0,0.0,0.0,0.0,0.0
3,66059291,+,3,137778940,+,CHOL,2591,TCGA-W5-AA33-01A,TCGA-W5-AA33-01A,1.0,0.0,0.0,0.0,0.0
3,134386391,-,3,136074290,-,CHOL,2592,TCGA-W5-AA33-01A,TCGA-W5-AA33-01A,1.0,0.0,0.0,0.0,0.0
3,136075205,+,6,126637553,+,CHOL,2593,TCGA-W5-AA33-01A,TCGA-W5-AA33-01A,1.0,0.0,0.0,0.0,0.0
3,146149478,-,18,63995843,-,CHOL,2594,TCGA-W5-AA33-01A,TCGA-W5-AA33-01A,1.0,0.0,0.0,0.0,0.0
3,146149739,+,18,64306402,-,CHOL,2595,TCGA-W5-AA33-01A,TCGA-W5-AA33-01A,1.0,0.0,0.0,0.0,0.0
3,195463008,+,3,196005259,-,CHOL,2596,TCGA-W5-AA33-01A,TCGA-W5-AA33-01A,1.0,0.0,0.0,0.0,0.0
3,195469141,-,3,196035024,+,CHOL,2597,TCGA-W5-AA33-01A,TCGA-W5-AA33-01A,1.0,0.0,0.0,0.0,0.0
3,195489545,+,3,196042308,-,CHOL,2598,TCGA-W5-AA33-01A,TCGA-W5-AA33-01A,1.0,0.0,0.0,0.0,0.0
5,4393257,+,5,4797887,-,CHOL,2599,TCGA-W5-AA33-01A,TCGA-W5-AA33-01A,1.0,0.0,0.0,0.0,0.0
5,27105133,+,5,160109775,-,CHOL,2600,TCGA-W5-AA33-01A,TCGA-W5-AA33-01A,1.0,0.0,0.0,0.0,0.0
5,49808316,+,5,49925122,-,CHOL,2601,TCGA-W5-AA33-01A,TCGA-W5-AA33-01A,1.0,0.0,0.0,0.0,0.0
5,87218297,+,5,87218810,-,CHOL,2602,TCGA-W5-AA33-01A,TCGA-W5-AA33-01A,1.0,0.0,0.0,0.0,0.0
5,122608856,-,13,89668893,-,CHOL,2603,TCGA-W5-AA33-01A,TCGA-W5-AA33-01A,1.0,0.0,0.0,0.0,0.0
6,57602632,+,6,126511881,+,CHOL,2604,TCGA-W5-AA33-01A,TCGA-W5-AA33-01A,1.0,0.0,0.0,0.0,0.0
6,60729778,+,6,138004486,+,CHOL,2605,TCGA-W5-AA33-01A,TCGA-W5-AA33-01A,1.0,0.0,0.0,0.0,0.0
6,60732793,+,6,129133215,+,CHOL,2606,TCGA-W5-AA33-01A,TCGA-W5-AA33-01A,1.0,0.0,0.0,0.0,0.0
6,126512308,-,6,129135956,+,CHOL,2607,TCGA-W5-AA33-01A,TCGA-W5-AA33-01A,1.0,0.0,0.0,0.0,0.0
6,126637010,-,6,129154681,-,CHOL,2608,TCGA-W5-AA33-01A,TCGA-W5-AA33-01A,1.0,0.0,0.0,0.0,0.0
6,129130149,-,6,137998762,+,CHOL,2609,TCGA-W5-AA33-01A,TCGA-W5-AA33-01A,1.0,0.0,0.0,0.0,0.0
6,129130401,+,6,144508237,+,CHOL,2610,TCGA-W5-AA33-01A,TCGA-W5-AA33-01A,1.0,0.0,0.0,0.0,0.0
6,129133229,-,6,137998491,-,CHOL,2611,TCGA-W5-AA33-01A,TCGA-W5-AA33-01A,1.0,0.0,0.0,0.0,0.0
6,168743132,+,12,132940032,+,CHOL,2612,TCGA-W5-AA33-01A,TCGA-W5-AA33-01A,1.0,0.0,0.0,0.0,0.0
6,169452801,+,6,169778968,-,CHOL,2613,TCGA-W5-AA33-01A,TCGA-W5-AA33-01A,1.0,0.0,0.0,0.0,0.0
7,136597857,+,7,136675610,-,CHOL,2614,TCGA-W5-AA33-01A,TCGA-W5-AA33-01A,1.0,0.0,0.0,0.0,0.0
8,10101300,+,8,10177580,-,CHOL,2615,TCGA-W5-AA33-01A,TCGA-W5-AA33-01A,1.0,0.0,0.0,0.0,0.0
8,43538679,-,8,73016688,-,CHOL,2616,TCGA-W5-AA33-01A,TCGA-W5-AA33-01A,1.0,0.0,0.0,0.0,0.0
8,47909325,+,8,72237097,-,CHOL,2617,TCGA-W5-AA33-01A,TCGA-W5-AA33-01A,1.0,0.0,0.0,0.0,0.0
8,52555774,-,8,60215438,-,CHOL,2618,TCGA-W5-AA33-01A,TCGA-W5-AA33-01A,1.0,0.0,0.0,0.0,0.0
8,52555850,+,8,52559999,-,CHOL,2619,TCGA-W5-AA33-01A,TCGA-W5-AA33-01A,1.0,0.0,0.0,0.0,0.0
8,52560126,+,8,52674957,-,CHOL,2620,TCGA-W5-AA33-01A,TCGA-W5-AA33-01A,1.0,0.0,0.0,0.0,0.0
8,52674990,+,8,60215448,+,CHOL,2621,TCGA-W5-AA33-01A,TCGA-W5-AA33-01A,1.0,0.0,0.0,0.0,0.0
8,72613606,+,11,38807783,-,CHOL,2622,TCGA-W5-AA33-01A,TCGA-W5-AA33-01A,1.0,0.0,0.0,0.0,0.0
9,21434386,+,9,22091999,-,CHOL,2623,TCGA-W5-AA33-01A,TCGA-W5-AA33-01A,1.0,0.0,0.0,0.0,0.0
1,36032881,-,9,110879681,-,CHOL,2624,TCGA-W5-AA34-01A,TCGA-W5-AA34-01A,1.0,0.0,0.0,0.0,0.0
1,98730149,-,2,235186039,+,CHOL,2625,TCGA-W5-AA34-01A,TCGA-W5-AA34-01A,1.0,0.0,0.0,0.0,0.0
1,100864000,+,1,100865581,-,CHOL,2626,TCGA-W5-AA34-01A,TCGA-W5-AA34-01A,1.0,0.0,0.0,0.0,0.0
1,123553235,+,1,124194780,-,CHOL,2627,TCGA-W5-AA34-01A,TCGA-W5-AA34-01A,1.0,0.0,0.0,0.0,0.0
1,124790853,-,1,124833454,+,CHOL,2628,TCGA-W5-AA34-01A,TCGA-W5-AA34-01A,1.0,0.0,0.0,0.0,0.0
1,182807716,+,1,184041591,-,CHOL,2629,TCGA-W5-AA34-01A,TCGA-W5-AA34-01A,1.0,0.0,0.0,0.0,0.0
1,189707350,-,1,189715758,+,CHOL,2630,TCGA-W5-AA34-01A,TCGA-W5-AA34-01A,1.0,0.0,0.0,0.0,0.0
1,214037273,-,1,214071442,+,CHOL,2631,TCGA-W5-AA34-01A,TCGA-W5-AA34-01A,1.0,0.0,0.0,0.0,0.0
10,55325929,+,10,55327271,-,CHOL,2632,TCGA-W5-AA34-01A,TCGA-W5-AA34-01A,1.0,0.0,0.0,0.0,0.0
10,97584059,+,10,97604604,-,CHOL,2633,TCGA-W5-AA34-01A,TCGA-W5-AA34-01A,1.0,0.0,0.0,0.0,0.0
11,27557169,-,11,27579967,+,CHOL,2634,TCGA-W5-AA34-01A,TCGA-W5-AA34-01A,1.0,0.0,0.0,0.0,0.0
11,54374358,+,11,54409105,-,CHOL,2635,TCGA-W5-AA34-01A,TCGA-W5-AA34-01A,1.0,0.0,0.0,0.0,0.0
11,62375436,-,16,71399012,+,CHOL,2636,TCGA-W5-AA34-01A,TCGA-W5-AA34-01A,1.0,0.0,0.0,0.0,0.0
11,77997006,+,11,78004459,-,CHOL,2637,TCGA-W5-AA34-01A,TCGA-W5-AA34-01A,1.0,0.0,0.0,0.0,0.0
11,87941585,+,11,106974255,+,CHOL,2638,TCGA-W5-AA34-01A,TCGA-W5-AA34-01A,1.0,0.0,0.0,0.0,0.0
12,34948390,+,12,35185001,-,CHOL,2639,TCGA-W5-AA34-01A,TCGA-W5-AA34-01A,1.0,0.0,0.0,0.0,0.0
12,36006053,-,12,36500430,+,CHOL,2640,TCGA-W5-AA34-01A,TCGA-W5-AA34-01A,1.0,0.0,0.0,0.0,0.0
12,36006416,+,12,37159267,-,CHOL,2641,TCGA-W5-AA34-01A,TCGA-W5-AA34-01A,1.0,0.0,0.0,0.0,0.0
12,47821034,-,12,47856890,+,CHOL,2642,TCGA-W5-AA34-01A,TCGA-W5-AA34-01A,1.0,0.0,0.0,0.0,0.0
12,128615508,+,12,128616437,-,CHOL,2643,TCGA-W5-AA34-01A,TCGA-W5-AA34-01A,1.0,0.0,0.0,0.0,0.0
13,39327938,-,13,39330483,+,CHOL,2644,TCGA-W5-AA34-01A,TCGA-W5-AA34-01A,1.0,0.0,0.0,0.0,0.0
13,39327999,+,13,39331936,-,CHOL,2645,TCGA-W5-AA34-01A,TCGA-W5-AA34-01A,1.0,0.0,0.0,0.0,0.0
13,39330576,+,13,39331936,-,CHOL,2646,TCGA-W5-AA34-01A,TCGA-W5-AA34-01A,1.0,0.0,0.0,0.0,0.0
15,37402626,+,15,37430073,+,CHOL,2647,TCGA-W5-AA34-01A,TCGA-W5-AA34-01A,1.0,0.0,0.0,0.0,0.0
16,36312301,+,16,36326404,-,CHOL,2648,TCGA-W5-AA34-01A,TCGA-W5-AA34-01A,1.0,0.0,0.0,0.0,0.0
18,70635957,+,18,70637031,-,CHOL,2649,TCGA-W5-AA34-01A,TCGA-W5-AA34-01A,1.0,0.0,0.0,0.0,0.0
20,29480141,+,20,30399297,+,CHOL,2650,TCGA-W5-AA34-01A,TCGA-W5-AA34-01A,1.0,0.0,0.0,0.0,0.0
20,29921451,+,20,29987038,-,CHOL,2651,TCGA-W5-AA34-01A,TCGA-W5-AA34-01A,1.0,0.0,0.0,0.0,0.0
20,29954707,+,20,29958758,-,CHOL,2652,TCGA-W5-AA34-01A,TCGA-W5-AA34-01A,1.0,0.0,0.0,0.0,0.0
21,23344680,-,21,23373430,+,CHOL,2653,TCGA-W5-AA34-01A,TCGA-W5-AA34-01A,1.0,0.0,0.0,0.0,0.0
22,29680139,+,22,29686810,-,CHOL,2654,TCGA-W5-AA34-01A,TCGA-W5-AA34-01A,1.0,0.0,0.0,0.0,0.0
22,42512898,+,22,42574818,-,CHOL,2655,TCGA-W5-AA34-01A,TCGA-W5-AA34-01A,1.0,0.0,0.0,0.0,0.0
3,188613245,-,14,66840971,-,CHOL,2656,TCGA-W5-AA34-01A,TCGA-W5-AA34-01A,1.0,0.0,0.0,0.0,0.0
5,47107315,+,5,47130718,-,CHOL,2657,TCGA-W5-AA34-01A,TCGA-W5-AA34-01A,1.0,0.0,0.0,0.0,0.0
6,8697268,-,6,8719657,+,CHOL,2658,TCGA-W5-AA34-01A,TCGA-W5-AA34-01A,1.0,0.0,0.0,0.0,0.0
6,170325944,-,14,59792991,+,CHOL,2659,TCGA-W5-AA34-01A,TCGA-W5-AA34-01A,1.0,0.0,0.0,0.0,0.0
6,170326118,+,22,31534554,-,CHOL,2660,TCGA-W5-AA34-01A,TCGA-W5-AA34-01A,1.0,0.0,0.0,0.0,0.0
7,57345120,+,7,57345913,-,CHOL,2661,TCGA-W5-AA34-01A,TCGA-W5-AA34-01A,1.0,0.0,0.0,0.0,0.0
7,61822346,+,7,62234869,-,CHOL,2662,TCGA-W5-AA34-01A,TCGA-W5-AA34-01A,1.0,0.0,0.0,0.0,0.0
8,3179230,-,13,107176419,-,CHOL,2663,TCGA-W5-AA34-01A,TCGA-W5-AA34-01A,1.0,0.0,0.0,0.0,0.0
8,74655361,-,8,74672672,+,CHOL,2664,TCGA-W5-AA34-01A,TCGA-W5-AA34-01A,1.0,0.0,0.0,0.0,0.0
9,61691860,-,20,29592620,+,CHOL,2665,TCGA-W5-AA34-01A,TCGA-W5-AA34-01A,1.0,0.0,0.0,0.0,0.0
1,28808646,-,1,43659953,+,CHOL,2666,TCGA-W5-AA36-01A,TCGA-W5-AA36-01A,1.0,0.0,0.0,0.0,0.0
1,57903005,-,3,136021403,-,CHOL,2667,TCGA-W5-AA36-01A,TCGA-W5-AA36-01A,1.0,0.0,0.0,0.0,0.0
1,89870870,+,1,89884751,-,CHOL,2668,TCGA-W5-AA36-01A,TCGA-W5-AA36-01A,1.0,0.0,0.0,0.0,0.0
1,92223539,+,1,97950846,-,CHOL,2669,TCGA-W5-AA36-01A,TCGA-W5-AA36-01A,1.0,0.0,0.0,0.0,0.0
1,102894863,-,1,227911358,-,CHOL,2670,TCGA-W5-AA36-01A,TCGA-W5-AA36-01A,1.0,0.0,0.0,0.0,0.0
1,122228055,+,1,122395379,-,CHOL,2671,TCGA-W5-AA36-01A,TCGA-W5-AA36-01A,1.0,0.0,0.0,0.0,0.0
1,124873547,+,1,124925564,-,CHOL,2672,TCGA-W5-AA36-01A,TCGA-W5-AA36-01A,1.0,0.0,0.0,0.0,0.0
1,155028613,-,1,155442352,+,CHOL,2673,TCGA-W5-AA36-01A,TCGA-W5-AA36-01A,1.0,0.0,0.0,0.0,0.0
1,155028740,+,1,155147398,-,CHOL,2674,TCGA-W5-AA36-01A,TCGA-W5-AA36-01A,1.0,0.0,0.0,0.0,0.0
1,155147398,-,1,155442450,+,CHOL,2675,TCGA-W5-AA36-01A,TCGA-W5-AA36-01A,1.0,0.0,0.0,0.0,0.0
10,38648185,+,12,37460032,+,CHOL,2676,TCGA-W5-AA36-01A,TCGA-W5-AA36-01A,1.0,0.0,0.0,0.0,0.0
10,131635406,+,10,131649318,-,CHOL,2677,TCGA-W5-AA36-01A,TCGA-W5-AA36-01A,1.0,0.0,0.0,0.0,0.0
11,47642233,-,14,68794813,-,CHOL,2678,TCGA-W5-AA36-01A,TCGA-W5-AA36-01A,1.0,0.0,0.0,0.0,0.0
11,54384233,-,11,54549294,+,CHOL,2679,TCGA-W5-AA36-01A,TCGA-W5-AA36-01A,1.0,0.0,0.0,0.0,0.0
12,762093,+,12,876088,-,CHOL,2680,TCGA-W5-AA36-01A,TCGA-W5-AA36-01A,1.0,0.0,0.0,0.0,0.0
12,36109744,-,12,36572183,+,CHOL,2681,TCGA-W5-AA36-01A,TCGA-W5-AA36-01A,1.0,0.0,0.0,0.0,0.0
12,59441320,+,12,59441461,+,CHOL,2682,TCGA-W5-AA36-01A,TCGA-W5-AA36-01A,1.0,0.0,0.0,0.0,0.0
12,59441338,-,12,59441472,-,CHOL,2683,TCGA-W5-AA36-01A,TCGA-W5-AA36-01A,1.0,0.0,0.0,0.0,0.0
13,103626311,+,13,103686297,-,CHOL,2684,TCGA-W5-AA36-01A,TCGA-W5-AA36-01A,1.0,0.0,0.0,0.0,0.0
14,26678979,+,20,24901063,+,CHOL,2685,TCGA-W5-AA36-01A,TCGA-W5-AA36-01A,1.0,0.0,0.0,0.0,0.0
14,26679023,-,20,24900931,-,CHOL,2686,TCGA-W5-AA36-01A,TCGA-W5-AA36-01A,1.0,0.0,0.0,0.0,0.0
14,50566546,+,14,51724521,+,CHOL,2687,TCGA-W5-AA36-01A,TCGA-W5-AA36-01A,1.0,0.0,0.0,0.0,0.0
14,50566670,+,14,51724496,-,CHOL,2688,TCGA-W5-AA36-01A,TCGA-W5-AA36-01A,1.0,0.0,0.0,0.0,0.0
14,51724283,-,14,51724528,-,CHOL,2689,TCGA-W5-AA36-01A,TCGA-W5-AA36-01A,1.0,0.0,0.0,0.0,0.0
14,85239092,-,14,85259545,+,CHOL,2690,TCGA-W5-AA36-01A,TCGA-W5-AA36-01A,1.0,0.0,0.0,0.0,0.0
14,106556321,+,18,46725065,+,CHOL,2691,TCGA-W5-AA36-01A,TCGA-W5-AA36-01A,1.0,0.0,0.0,0.0,0.0
15,58808968,+,15,58922863,-,CHOL,2692,TCGA-W5-AA36-01A,TCGA-W5-AA36-01A,1.0,0.0,0.0,0.0,0.0
15,95412374,-,15,95491694,-,CHOL,2693,TCGA-W5-AA36-01A,TCGA-W5-AA36-01A,1.0,0.0,0.0,0.0,0.0
15,95412604,+,15,95491773,+,CHOL,2694,TCGA-W5-AA36-01A,TCGA-W5-AA36-01A,1.0,0.0,0.0,0.0,0.0
15,95485112,+,15,95490019,-,CHOL,2695,TCGA-W5-AA36-01A,TCGA-W5-AA36-01A,1.0,0.0,0.0,0.0,0.0
15,95666861,+,15,95667276,-,CHOL,2696,TCGA-W5-AA36-01A,TCGA-W5-AA36-01A,1.0,0.0,0.0,0.0,0.0
16,5621569,+,16,5629903,-,CHOL,2697,TCGA-W5-AA36-01A,TCGA-W5-AA36-01A,1.0,0.0,0.0,0.0,0.0
16,50171130,+,16,50339010,-,CHOL,2698,TCGA-W5-AA36-01A,TCGA-W5-AA36-01A,1.0,0.0,0.0,0.0,0.0
17,21446391,-,17,27004261,+,CHOL,2699,TCGA-W5-AA36-01A,TCGA-W5-AA36-01A,1.0,0.0,0.0,0.0,0.0
17,39850080,-,17,39850666,+,CHOL,2700,TCGA-W5-AA36-01A,TCGA-W5-AA36-01A,1.0,0.0,0.0,0.0,0.0
18,15643408,-,18,15768802,+,CHOL,2701,TCGA-W5-AA36-01A,TCGA-W5-AA36-01A,1.0,0.0,0.0,0.0,0.0
18,15792128,+,18,17538993,-,CHOL,2702,TCGA-W5-AA36-01A,TCGA-W5-AA36-01A,1.0,0.0,0.0,0.0,0.0
18,28447992,+,18,28654414,-,CHOL,2703,TCGA-W5-AA36-01A,TCGA-W5-AA36-01A,1.0,0.0,0.0,0.0,0.0
18,55949697,+,18,56003126,-,CHOL,2704,TCGA-W5-AA36-01A,TCGA-W5-AA36-01A,1.0,0.0,0.0,0.0,0.0
2,11683044,+,2,11705355,-,CHOL,2705,TCGA-W5-AA36-01A,TCGA-W5-AA36-01A,1.0,0.0,0.0,0.0,0.0
2,27894831,+,2,27902159,-,CHOL,2706,TCGA-W5-AA36-01A,TCGA-W5-AA36-01A,1.0,0.0,0.0,0.0,0.0
2,27902499,+,2,28312592,-,CHOL,2707,TCGA-W5-AA36-01A,TCGA-W5-AA36-01A,1.0,0.0,0.0,0.0,0.0
2,29322307,+,2,29405319,-,CHOL,2708,TCGA-W5-AA36-01A,TCGA-W5-AA36-01A,1.0,0.0,0.0,0.0,0.0
2,82592553,+,2,84027416,-,CHOL,2709,TCGA-W5-AA36-01A,TCGA-W5-AA36-01A,1.0,0.0,0.0,0.0,0.0
2,93876751,-,2,94156205,+,CHOL,2710,TCGA-W5-AA36-01A,TCGA-W5-AA36-01A,1.0,0.0,0.0,0.0,0.0
2,132220163,+,9,43191948,-,CHOL,2711,TCGA-W5-AA36-01A,TCGA-W5-AA36-01A,1.0,0.0,0.0,0.0,0.0
2,180674632,+,2,180715843,-,CHOL,2712,TCGA-W5-AA36-01A,TCGA-W5-AA36-01A,1.0,0.0,0.0,0.0,0.0
2,180674674,-,3,118703524,+,CHOL,2713,TCGA-W5-AA36-01A,TCGA-W5-AA36-01A,1.0,0.0,0.0,0.0,0.0
2,180676253,+,3,118703752,-,CHOL,2714,TCGA-W5-AA36-01A,TCGA-W5-AA36-01A,1.0,0.0,0.0,0.0,0.0
2,186302347,+,2,186406955,-,CHOL,2715,TCGA-W5-AA36-01A,TCGA-W5-AA36-01A,1.0,0.0,0.0,0.0,0.0
2,197358341,+,2,197605005,-,CHOL,2716,TCGA-W5-AA36-01A,TCGA-W5-AA36-01A,1.0,0.0,0.0,0.0,0.0
20,28543880,-,20,28553566,+,CHOL,2717,TCGA-W5-AA36-01A,TCGA-W5-AA36-01A,1.0,0.0,0.0,0.0,0.0
20,29047199,+,20,30346230,-,CHOL,2718,TCGA-W5-AA36-01A,TCGA-W5-AA36-01A,1.0,0.0,0.0,0.0,0.0
20,29974090,-,20,29984912,+,CHOL,2719,TCGA-W5-AA36-01A,TCGA-W5-AA36-01A,1.0,0.0,0.0,0.0,0.0
22,23343994,-,22,24674399,+,CHOL,2720,TCGA-W5-AA36-01A,TCGA-W5-AA36-01A,1.0,0.0,0.0,0.0,0.0
3,70970415,+,3,70972482,-,CHOL,2721,TCGA-W5-AA36-01A,TCGA-W5-AA36-01A,1.0,0.0,0.0,0.0,0.0
3,91091145,-,3,91225515,+,CHOL,2722,TCGA-W5-AA36-01A,TCGA-W5-AA36-01A,1.0,0.0,0.0,0.0,0.0
3,118704530,+,3,118706958,-,CHOL,2723,TCGA-W5-AA36-01A,TCGA-W5-AA36-01A,1.0,0.0,0.0,0.0,0.0
3,135182986,-,4,83521110,+,CHOL,2724,TCGA-W5-AA36-01A,TCGA-W5-AA36-01A,1.0,0.0,0.0,0.0,0.0
3,140526442,+,3,140528416,-,CHOL,2725,TCGA-W5-AA36-01A,TCGA-W5-AA36-01A,1.0,0.0,0.0,0.0,0.0
3,154263589,+,9,76395827,-,CHOL,2726,TCGA-W5-AA36-01A,TCGA-W5-AA36-01A,1.0,0.0,0.0,0.0,0.0
3,154263596,-,9,76395810,+,CHOL,2727,TCGA-W5-AA36-01A,TCGA-W5-AA36-01A,1.0,0.0,0.0,0.0,0.0
4,97983809,-,8,82098867,+,CHOL,2728,TCGA-W5-AA36-01A,TCGA-W5-AA36-01A,1.0,0.0,0.0,0.0,0.0
4,97984034,+,4,97994044,-,CHOL,2729,TCGA-W5-AA36-01A,TCGA-W5-AA36-01A,1.0,0.0,0.0,0.0,0.0
4,97994151,+,8,82098713,-,CHOL,2730,TCGA-W5-AA36-01A,TCGA-W5-AA36-01A,1.0,0.0,0.0,0.0,0.0
4,144990182,+,4,157894717,-,CHOL,2731,TCGA-W5-AA36-01A,TCGA-W5-AA36-01A,1.0,0.0,0.0,0.0,0.0
4,175675817,+,4,180977401,-,CHOL,2732,TCGA-W5-AA36-01A,TCGA-W5-AA36-01A,1.0,0.0,0.0,0.0,0.0
4,180805634,-,21,10785727,-,CHOL,2733,TCGA-W5-AA36-01A,TCGA-W5-AA36-01A,1.0,0.0,0.0,0.0,0.0
5,46693775,+,5,46708973,-,CHOL,2734,TCGA-W5-AA36-01A,TCGA-W5-AA36-01A,1.0,0.0,0.0,0.0,0.0
5,49808297,+,5,49916136,-,CHOL,2735,TCGA-W5-AA36-01A,TCGA-W5-AA36-01A,1.0,0.0,0.0,0.0,0.0
6,20838520,+,6,21228559,-,CHOL,2736,TCGA-W5-AA36-01A,TCGA-W5-AA36-01A,1.0,0.0,0.0,0.0,0.0
6,21943427,+,6,21970489,-,CHOL,2737,TCGA-W5-AA36-01A,TCGA-W5-AA36-01A,1.0,0.0,0.0,0.0,0.0
6,46690719,+,12,20370953,-,CHOL,2738,TCGA-W5-AA36-01A,TCGA-W5-AA36-01A,1.0,0.0,0.0,0.0,0.0
6,47201358,-,12,20371097,+,CHOL,2739,TCGA-W5-AA36-01A,TCGA-W5-AA36-01A,1.0,0.0,0.0,0.0,0.0
6,74934325,+,14,19110657,-,CHOL,2740,TCGA-W5-AA36-01A,TCGA-W5-AA36-01A,1.0,0.0,0.0,0.0,0.0
6,153317991,+,6,153318690,-,CHOL,2741,TCGA-W5-AA36-01A,TCGA-W5-AA36-01A,1.0,0.0,0.0,0.0,0.0
7,26287068,+,7,26305751,-,CHOL,2742,TCGA-W5-AA36-01A,TCGA-W5-AA36-01A,1.0,0.0,0.0,0.0,0.0
7,34593721,+,7,35065644,-,CHOL,2743,TCGA-W5-AA36-01A,TCGA-W5-AA36-01A,1.0,0.0,0.0,0.0,0.0
7,36159183,+,7,36365818,-,CHOL,2744,TCGA-W5-AA36-01A,TCGA-W5-AA36-01A,1.0,0.0,0.0,0.0,0.0
7,53601153,+,7,53626396,-,CHOL,2745,TCGA-W5-AA36-01A,TCGA-W5-AA36-01A,1.0,0.0,0.0,0.0,0.0
7,66677159,+,7,66791165,-,CHOL,2746,TCGA-W5-AA36-01A,TCGA-W5-AA36-01A,1.0,0.0,0.0,0.0,0.0
7,92743095,-,7,92743315,+,CHOL,2747,TCGA-W5-AA36-01A,TCGA-W5-AA36-01A,1.0,0.0,0.0,0.0,0.0
7,108190252,+,7,108241946,-,CHOL,2748,TCGA-W5-AA36-01A,TCGA-W5-AA36-01A,1.0,0.0,0.0,0.0,0.0
7,111662003,+,7,111673448,+,CHOL,2749,TCGA-W5-AA36-01A,TCGA-W5-AA36-01A,1.0,0.0,0.0,0.0,0.0
7,111662060,-,18,10537367,+,CHOL,2750,TCGA-W5-AA36-01A,TCGA-W5-AA36-01A,1.0,0.0,0.0,0.0,0.0
7,111673243,-,17,78684714,+,CHOL,2751,TCGA-W5-AA36-01A,TCGA-W5-AA36-01A,1.0,0.0,0.0,0.0,0.0
7,111695746,-,18,10537140,-,CHOL,2752,TCGA-W5-AA36-01A,TCGA-W5-AA36-01A,1.0,0.0,0.0,0.0,0.0
7,111695962,+,17,78684442,-,CHOL,2753,TCGA-W5-AA36-01A,TCGA-W5-AA36-01A,1.0,0.0,0.0,0.0,0.0
7,117573763,+,7,146825856,-,CHOL,2754,TCGA-W5-AA36-01A,TCGA-W5-AA36-01A,1.0,0.0,0.0,0.0,0.0
7,117614702,-,7,149607417,-,CHOL,2755,TCGA-W5-AA36-01A,TCGA-W5-AA36-01A,1.0,0.0,0.0,0.0,0.0
7,127066433,+,7,151394528,+,CHOL,2756,TCGA-W5-AA36-01A,TCGA-W5-AA36-01A,1.0,0.0,0.0,0.0,0.0
7,128138177,-,7,150873576,+,CHOL,2757,TCGA-W5-AA36-01A,TCGA-W5-AA36-01A,1.0,0.0,0.0,0.0,0.0
7,135133036,+,7,135144487,+,CHOL,2758,TCGA-W5-AA36-01A,TCGA-W5-AA36-01A,1.0,0.0,0.0,0.0,0.0
7,135133038,+,7,135144095,-,CHOL,2759,TCGA-W5-AA36-01A,TCGA-W5-AA36-01A,1.0,0.0,0.0,0.0,0.0
7,135144096,-,7,135144381,-,CHOL,2760,TCGA-W5-AA36-01A,TCGA-W5-AA36-01A,1.0,0.0,0.0,0.0,0.0
7,142387518,+,7,151394880,-,CHOL,2761,TCGA-W5-AA36-01A,TCGA-W5-AA36-01A,1.0,0.0,0.0,0.0,0.0
7,144458753,-,7,146822729,+,CHOL,2762,TCGA-W5-AA36-01A,TCGA-W5-AA36-01A,1.0,0.0,0.0,0.0,0.0
7,145470687,+,7,145471426,-,CHOL,2763,TCGA-W5-AA36-01A,TCGA-W5-AA36-01A,1.0,0.0,0.0,0.0,0.0
7,145476672,+,7,152204683,+,CHOL,2764,TCGA-W5-AA36-01A,TCGA-W5-AA36-01A,1.0,0.0,0.0,0.0,0.0
7,145477538,-,7,150905187,-,CHOL,2765,TCGA-W5-AA36-01A,TCGA-W5-AA36-01A,1.0,0.0,0.0,0.0,0.0
7,146547944,+,7,159194569,+,CHOL,2766,TCGA-W5-AA36-01A,TCGA-W5-AA36-01A,1.0,0.0,0.0,0.0,0.0
7,146552098,-,7,150908083,+,CHOL,2767,TCGA-W5-AA36-01A,TCGA-W5-AA36-01A,1.0,0.0,0.0,0.0,0.0
7,147043720,+,7,158832365,+,CHOL,2768,TCGA-W5-AA36-01A,TCGA-W5-AA36-01A,1.0,0.0,0.0,0.0,0.0
7,149585372,+,7,157138044,-,CHOL,2769,TCGA-W5-AA36-01A,TCGA-W5-AA36-01A,1.0,0.0,0.0,0.0,0.0
7,149608786,+,7,157138045,-,CHOL,2770,TCGA-W5-AA36-01A,TCGA-W5-AA36-01A,1.0,0.0,0.0,0.0,0.0
7,150514347,-,7,151385616,-,CHOL,2771,TCGA-W5-AA36-01A,TCGA-W5-AA36-01A,1.0,0.0,0.0,0.0,0.0
7,152126976,+,7,152437855,-,CHOL,2772,TCGA-W5-AA36-01A,TCGA-W5-AA36-01A,1.0,0.0,0.0,0.0,0.0
7,152204967,-,7,158826041,+,CHOL,2773,TCGA-W5-AA36-01A,TCGA-W5-AA36-01A,1.0,0.0,0.0,0.0,0.0
7,153416835,+,7,158826710,-,CHOL,2774,TCGA-W5-AA36-01A,TCGA-W5-AA36-01A,1.0,0.0,0.0,0.0,0.0
7,158833138,-,7,159196405,-,CHOL,2775,TCGA-W5-AA36-01A,TCGA-W5-AA36-01A,1.0,0.0,0.0,0.0,0.0
8,5924584,+,8,5998064,-,CHOL,2776,TCGA-W5-AA36-01A,TCGA-W5-AA36-01A,1.0,0.0,0.0,0.0,0.0
8,47851786,-,8,47883623,+,CHOL,2777,TCGA-W5-AA36-01A,TCGA-W5-AA36-01A,1.0,0.0,0.0,0.0,0.0
8,101484713,+,8,101798281,-,CHOL,2778,TCGA-W5-AA36-01A,TCGA-W5-AA36-01A,1.0,0.0,0.0,0.0,0.0
9,14087752,+,9,14299170,-,CHOL,2779,TCGA-W5-AA36-01A,TCGA-W5-AA36-01A,1.0,0.0,0.0,0.0,0.0
9,21900759,+,9,22130561,-,CHOL,2780,TCGA-W5-AA36-01A,TCGA-W5-AA36-01A,1.0,0.0,0.0,0.0,0.0
9,21943233,+,9,22083997,-,CHOL,2781,TCGA-W5-AA36-01A,TCGA-W5-AA36-01A,1.0,0.0,0.0,0.0,0.0
9,26400475,-,9,26431995,+,CHOL,2782,TCGA-W5-AA36-01A,TCGA-W5-AA36-01A,1.0,0.0,0.0,0.0,0.0
9,34195533,+,9,34370223,-,CHOL,2783,TCGA-W5-AA36-01A,TCGA-W5-AA36-01A,1.0,0.0,0.0,0.0,0.0
9,40552000,-,21,12982006,-,CHOL,2784,TCGA-W5-AA36-01A,TCGA-W5-AA36-01A,1.0,0.0,0.0,0.0,0.0
9,44805463,+,9,45180976,-,CHOL,2785,TCGA-W5-AA36-01A,TCGA-W5-AA36-01A,1.0,0.0,0.0,0.0,0.0
9,87033895,-,14,32056457,-,CHOL,2786,TCGA-W5-AA36-01A,TCGA-W5-AA36-01A,1.0,0.0,0.0,0.0,0.0
23,292581,-,23,300989,+,CHOL,2787,TCGA-W5-AA36-01A,TCGA-W5-AA36-01A,1.0,0.0,0.0,0.0,0.0
23,71236000,+,23,71317644,-,CHOL,2788,TCGA-W5-AA36-01A,TCGA-W5-AA36-01A,1.0,0.0,0.0,0.0,0.0
1,27682679,-,3,35786351,-,CHOL,2789,TCGA-W5-AA38-01A,TCGA-W5-AA38-01A,1.0,0.0,0.0,0.0,0.0
1,29075074,-,1,39920469,+,CHOL,2790,TCGA-W5-AA38-01A,TCGA-W5-AA38-01A,1.0,0.0,0.0,0.0,0.0
1,29075147,+,3,78313220,-,CHOL,2791,TCGA-W5-AA38-01A,TCGA-W5-AA38-01A,1.0,0.0,0.0,0.0,0.0
1,34863142,-,3,78316168,-,CHOL,2792,TCGA-W5-AA38-01A,TCGA-W5-AA38-01A,1.0,0.0,0.0,0.0,0.0
1,34863253,+,3,77874398,-,CHOL,2793,TCGA-W5-AA38-01A,TCGA-W5-AA38-01A,1.0,0.0,0.0,0.0,0.0
1,39920269,-,1,157541774,-,CHOL,2794,TCGA-W5-AA38-01A,TCGA-W5-AA38-01A,1.0,0.0,0.0,0.0,0.0
1,122056278,+,1,122169654,-,CHOL,2795,TCGA-W5-AA38-01A,TCGA-W5-AA38-01A,1.0,0.0,0.0,0.0,0.0
1,122167098,-,1,122215388,+,CHOL,2796,TCGA-W5-AA38-01A,TCGA-W5-AA38-01A,1.0,0.0,0.0,0.0,0.0
1,124984388,-,1,124989667,+,CHOL,2797,TCGA-W5-AA38-01A,TCGA-W5-AA38-01A,1.0,0.0,0.0,0.0,0.0
1,143731979,-,1,144563305,+,CHOL,2798,TCGA-W5-AA38-01A,TCGA-W5-AA38-01A,1.0,0.0,0.0,0.0,0.0
1,157139984,-,3,78316261,+,CHOL,2799,TCGA-W5-AA38-01A,TCGA-W5-AA38-01A,1.0,0.0,0.0,0.0,0.0
1,157140016,+,3,12400374,-,CHOL,2800,TCGA-W5-AA38-01A,TCGA-W5-AA38-01A,1.0,0.0,0.0,0.0,0.0
1,157541926,+,3,78313656,+,CHOL,2801,TCGA-W5-AA38-01A,TCGA-W5-AA38-01A,1.0,0.0,0.0,0.0,0.0
1,163059184,+,5,166005960,-,CHOL,2802,TCGA-W5-AA38-01A,TCGA-W5-AA38-01A,1.0,0.0,0.0,0.0,0.0
1,205292924,-,1,205322518,-,CHOL,2803,TCGA-W5-AA38-01A,TCGA-W5-AA38-01A,1.0,0.0,0.0,0.0,0.0
1,205293022,+,1,205360934,-,CHOL,2804,TCGA-W5-AA38-01A,TCGA-W5-AA38-01A,1.0,0.0,0.0,0.0,0.0
1,205359443,+,1,205471569,-,CHOL,2805,TCGA-W5-AA38-01A,TCGA-W5-AA38-01A,1.0,0.0,0.0,0.0,0.0
1,205471386,+,1,205474299,+,CHOL,2806,TCGA-W5-AA38-01A,TCGA-W5-AA38-01A,1.0,0.0,0.0,0.0,0.0
1,234632531,+,22,29064698,-,CHOL,2807,TCGA-W5-AA38-01A,TCGA-W5-AA38-01A,1.0,0.0,0.0,0.0,0.0
11,111639593,+,15,44587728,-,CHOL,2808,TCGA-W5-AA38-01A,TCGA-W5-AA38-01A,1.0,0.0,0.0,0.0,0.0
12,39381087,-,12,39410053,-,CHOL,2809,TCGA-W5-AA38-01A,TCGA-W5-AA38-01A,1.0,0.0,0.0,0.0,0.0
12,39409174,+,12,39410385,+,CHOL,2810,TCGA-W5-AA38-01A,TCGA-W5-AA38-01A,1.0,0.0,0.0,0.0,0.0
12,53719410,+,19,10715008,-,CHOL,2811,TCGA-W5-AA38-01A,TCGA-W5-AA38-01A,1.0,0.0,0.0,0.0,0.0
14,36081560,+,14,36477006,-,CHOL,2812,TCGA-W5-AA38-01A,TCGA-W5-AA38-01A,1.0,0.0,0.0,0.0,0.0
17,410956,-,17,427529,+,CHOL,2813,TCGA-W5-AA38-01A,TCGA-W5-AA38-01A,1.0,0.0,0.0,0.0,0.0
2,20986986,+,2,21013610,-,CHOL,2814,TCGA-W5-AA38-01A,TCGA-W5-AA38-01A,1.0,0.0,0.0,0.0,0.0
2,86835304,+,2,106514021,+,CHOL,2815,TCGA-W5-AA38-01A,TCGA-W5-AA38-01A,1.0,0.0,0.0,0.0,0.0
2,143045990,-,2,143046141,+,CHOL,2816,TCGA-W5-AA38-01A,TCGA-W5-AA38-01A,1.0,0.0,0.0,0.0,0.0
2,215081472,+,5,5358976,-,CHOL,2817,TCGA-W5-AA38-01A,TCGA-W5-AA38-01A,1.0,0.0,0.0,0.0,0.0
2,222303357,+,19,7831246,+,CHOL,2818,TCGA-W5-AA38-01A,TCGA-W5-AA38-01A,1.0,0.0,0.0,0.0,0.0
21,28057260,+,21,28070075,-,CHOL,2819,TCGA-W5-AA38-01A,TCGA-W5-AA38-01A,1.0,0.0,0.0,0.0,0.0
3,12400651,+,3,35788229,+,CHOL,2820,TCGA-W5-AA38-01A,TCGA-W5-AA38-01A,1.0,0.0,0.0,0.0,0.0
3,69825372,-,3,69997852,+,CHOL,2821,TCGA-W5-AA38-01A,TCGA-W5-AA38-01A,1.0,0.0,0.0,0.0,0.0
3,75642725,-,20,29443892,-,CHOL,2822,TCGA-W5-AA38-01A,TCGA-W5-AA38-01A,1.0,0.0,0.0,0.0,0.0
3,75686896,+,20,29828892,+,CHOL,2823,TCGA-W5-AA38-01A,TCGA-W5-AA38-01A,1.0,0.0,0.0,0.0,0.0
3,77873209,+,6,17649621,+,CHOL,2824,TCGA-W5-AA38-01A,TCGA-W5-AA38-01A,1.0,0.0,0.0,0.0,0.0
3,91042663,-,3,91223798,+,CHOL,2825,TCGA-W5-AA38-01A,TCGA-W5-AA38-01A,1.0,0.0,0.0,0.0,0.0
5,46631566,-,5,46641613,+,CHOL,2826,TCGA-W5-AA38-01A,TCGA-W5-AA38-01A,1.0,0.0,0.0,0.0,0.0
5,49912833,+,5,49978996,-,CHOL,2827,TCGA-W5-AA38-01A,TCGA-W5-AA38-01A,1.0,0.0,0.0,0.0,0.0
5,165413857,-,5,165429429,+,CHOL,2828,TCGA-W5-AA38-01A,TCGA-W5-AA38-01A,1.0,0.0,0.0,0.0,0.0
6,17649570,-,17,31865603,-,CHOL,2829,TCGA-W5-AA38-01A,TCGA-W5-AA38-01A,1.0,0.0,0.0,0.0,0.0
6,22162960,+,14,73834806,-,CHOL,2830,TCGA-W5-AA38-01A,TCGA-W5-AA38-01A,1.0,0.0,0.0,0.0,0.0
6,57639628,-,6,60538763,+,CHOL,2831,TCGA-W5-AA38-01A,TCGA-W5-AA38-01A,1.0,0.0,0.0,0.0,0.0
6,97887293,-,8,99536404,+,CHOL,2832,TCGA-W5-AA38-01A,TCGA-W5-AA38-01A,1.0,0.0,0.0,0.0,0.0
6,99396654,+,8,99536336,-,CHOL,2833,TCGA-W5-AA38-01A,TCGA-W5-AA38-01A,1.0,0.0,0.0,0.0,0.0
6,147670917,-,6,147682527,+,CHOL,2834,TCGA-W5-AA38-01A,TCGA-W5-AA38-01A,1.0,0.0,0.0,0.0,0.0
7,61483950,+,7,61489585,-,CHOL,2835,TCGA-W5-AA38-01A,TCGA-W5-AA38-01A,1.0,0.0,0.0,0.0,0.0
7,70318429,+,7,70579997,-,CHOL,2836,TCGA-W5-AA38-01A,TCGA-W5-AA38-01A,1.0,0.0,0.0,0.0,0.0
8,94146611,-,8,94413237,+,CHOL,2837,TCGA-W5-AA38-01A,TCGA-W5-AA38-01A,1.0,0.0,0.0,0.0,0.0
8,105498440,+,8,105504178,-,CHOL,2838,TCGA-W5-AA38-01A,TCGA-W5-AA38-01A,1.0,0.0,0.0,0.0,0.0
9,60542759,+,13,16272842,+,CHOL,2839,TCGA-W5-AA38-01A,TCGA-W5-AA38-01A,1.0,0.0,0.0,0.0,0.0
1,1787578,+,1,1793782,-,CHOL,2840,TCGA-W5-AA39-01A,TCGA-W5-AA39-01A,1.0,0.0,0.0,0.0,0.0
1,1830293,+,1,1834956,-,CHOL,2841,TCGA-W5-AA39-01A,TCGA-W5-AA39-01A,1.0,0.0,0.0,0.0,0.0
1,1832008,-,1,1840286,-,CHOL,2842,TCGA-W5-AA39-01A,TCGA-W5-AA39-01A,1.0,0.0,0.0,0.0,0.0
1,1834947,+,1,1840291,+,CHOL,2843,TCGA-W5-AA39-01A,TCGA-W5-AA39-01A,1.0,0.0,0.0,0.0,0.0
1,5312209,+,1,8155082,+,CHOL,2844,TCGA-W5-AA39-01A,TCGA-W5-AA39-01A,1.0,0.0,0.0,0.0,0.0
1,8154245,-,1,13750848,-,CHOL,2845,TCGA-W5-AA39-01A,TCGA-W5-AA39-01A,1.0,0.0,0.0,0.0,0.0
1,23614541,+,1,23616243,-,CHOL,2846,TCGA-W5-AA39-01A,TCGA-W5-AA39-01A,1.0,0.0,0.0,0.0,0.0
1,32666011,-,7,68633156,-,CHOL,2847,TCGA-W5-AA39-01A,TCGA-W5-AA39-01A,1.0,0.0,0.0,0.0,0.0
1,32666205,+,7,68633100,+,CHOL,2848,TCGA-W5-AA39-01A,TCGA-W5-AA39-01A,1.0,0.0,0.0,0.0,0.0
1,39416581,+,1,39422432,-,CHOL,2849,TCGA-W5-AA39-01A,TCGA-W5-AA39-01A,1.0,0.0,0.0,0.0,0.0
1,85632853,-,1,85771601,-,CHOL,2850,TCGA-W5-AA39-01A,TCGA-W5-AA39-01A,1.0,0.0,0.0,0.0,0.0
1,85771040,+,1,118554258,-,CHOL,2851,TCGA-W5-AA39-01A,TCGA-W5-AA39-01A,1.0,0.0,0.0,0.0,0.0
1,119926002,+,1,119929040,-,CHOL,2852,TCGA-W5-AA39-01A,TCGA-W5-AA39-01A,1.0,0.0,0.0,0.0,0.0
1,119934369,+,1,119941258,-,CHOL,2853,TCGA-W5-AA39-01A,TCGA-W5-AA39-01A,1.0,0.0,0.0,0.0,0.0
1,153845745,+,1,153848184,-,CHOL,2854,TCGA-W5-AA39-01A,TCGA-W5-AA39-01A,1.0,0.0,0.0,0.0,0.0
1,153846370,+,1,153847702,-,CHOL,2855,TCGA-W5-AA39-01A,TCGA-W5-AA39-01A,1.0,0.0,0.0,0.0,0.0
1,179031615,+,1,179033158,-,CHOL,2856,TCGA-W5-AA39-01A,TCGA-W5-AA39-01A,1.0,0.0,0.0,0.0,0.0
1,193017636,+,1,193018281,-,CHOL,2857,TCGA-W5-AA39-01A,TCGA-W5-AA39-01A,1.0,0.0,0.0,0.0,0.0
1,193107419,+,1,193177151,-,CHOL,2858,TCGA-W5-AA39-01A,TCGA-W5-AA39-01A,1.0,0.0,0.0,0.0,0.0
1,227209885,+,6,167484682,-,CHOL,2859,TCGA-W5-AA39-01A,TCGA-W5-AA39-01A,1.0,0.0,0.0,0.0,0.0
1,227209892,-,6,167484679,+,CHOL,2860,TCGA-W5-AA39-01A,TCGA-W5-AA39-01A,1.0,0.0,0.0,0.0,0.0
10,82435530,+,10,82554572,-,CHOL,2861,TCGA-W5-AA39-01A,TCGA-W5-AA39-01A,1.0,0.0,0.0,0.0,0.0
10,87925490,+,10,87929987,-,CHOL,2862,TCGA-W5-AA39-01A,TCGA-W5-AA39-01A,1.0,0.0,0.0,0.0,0.0
11,54394556,+,11,54396746,-,CHOL,2863,TCGA-W5-AA39-01A,TCGA-W5-AA39-01A,1.0,0.0,0.0,0.0,0.0
11,130428391,+,14,58278542,+,CHOL,2864,TCGA-W5-AA39-01A,TCGA-W5-AA39-01A,1.0,0.0,0.0,0.0,0.0
11,130428395,+,11,130431459,+,CHOL,2865,TCGA-W5-AA39-01A,TCGA-W5-AA39-01A,1.0,0.0,0.0,0.0,0.0
11,130431350,-,14,58278542,+,CHOL,2866,TCGA-W5-AA39-01A,TCGA-W5-AA39-01A,1.0,0.0,0.0,0.0,0.0
11,130431518,-,14,58278402,-,CHOL,2867,TCGA-W5-AA39-01A,TCGA-W5-AA39-01A,1.0,0.0,0.0,0.0,0.0
12,44295291,+,12,44363596,-,CHOL,2868,TCGA-W5-AA39-01A,TCGA-W5-AA39-01A,1.0,0.0,0.0,0.0,0.0
12,88696650,+,12,88701371,-,CHOL,2869,TCGA-W5-AA39-01A,TCGA-W5-AA39-01A,1.0,0.0,0.0,0.0,0.0
13,18760566,+,13,18779771,-,CHOL,2870,TCGA-W5-AA39-01A,TCGA-W5-AA39-01A,1.0,0.0,0.0,0.0,0.0
13,21477267,+,13,41604115,+,CHOL,2871,TCGA-W5-AA39-01A,TCGA-W5-AA39-01A,1.0,0.0,0.0,0.0,0.0
13,21477282,-,13,41604134,-,CHOL,2872,TCGA-W5-AA39-01A,TCGA-W5-AA39-01A,1.0,0.0,0.0,0.0,0.0
13,55081195,+,13,55082745,-,CHOL,2873,TCGA-W5-AA39-01A,TCGA-W5-AA39-01A,1.0,0.0,0.0,0.0,0.0
13,93999278,+,13,94020903,-,CHOL,2874,TCGA-W5-AA39-01A,TCGA-W5-AA39-01A,1.0,0.0,0.0,0.0,0.0
14,25188713,+,14,25191821,-,CHOL,2875,TCGA-W5-AA39-01A,TCGA-W5-AA39-01A,1.0,0.0,0.0,0.0,0.0
14,37931265,+,14,37933323,-,CHOL,2876,TCGA-W5-AA39-01A,TCGA-W5-AA39-01A,1.0,0.0,0.0,0.0,0.0
14,39646581,+,14,39668307,-,CHOL,2877,TCGA-W5-AA39-01A,TCGA-W5-AA39-01A,1.0,0.0,0.0,0.0,0.0
14,39665223,-,14,39668943,+,CHOL,2878,TCGA-W5-AA39-01A,TCGA-W5-AA39-01A,1.0,0.0,0.0,0.0,0.0
15,45357947,-,20,48911124,+,CHOL,2879,TCGA-W5-AA39-01A,TCGA-W5-AA39-01A,1.0,0.0,0.0,0.0,0.0
15,45357953,+,20,48911163,-,CHOL,2880,TCGA-W5-AA39-01A,TCGA-W5-AA39-01A,1.0,0.0,0.0,0.0,0.0
16,34173310,-,20,28748801,+,CHOL,2881,TCGA-W5-AA39-01A,TCGA-W5-AA39-01A,1.0,0.0,0.0,0.0,0.0
16,37725467,-,16,37915642,+,CHOL,2882,TCGA-W5-AA39-01A,TCGA-W5-AA39-01A,1.0,0.0,0.0,0.0,0.0
17,38558071,+,17,38558134,+,CHOL,2883,TCGA-W5-AA39-01A,TCGA-W5-AA39-01A,1.0,0.0,0.0,0.0,0.0
17,47677049,+,17,47698269,-,CHOL,2884,TCGA-W5-AA39-01A,TCGA-W5-AA39-01A,1.0,0.0,0.0,0.0,0.0
17,78126981,+,17,78127614,-,CHOL,2885,TCGA-W5-AA39-01A,TCGA-W5-AA39-01A,1.0,0.0,0.0,0.0,0.0
18,10048978,+,18,10053009,-,CHOL,2886,TCGA-W5-AA39-01A,TCGA-W5-AA39-01A,1.0,0.0,0.0,0.0,0.0
18,15656449,-,18,15702549,+,CHOL,2887,TCGA-W5-AA39-01A,TCGA-W5-AA39-01A,1.0,0.0,0.0,0.0,0.0
18,54757276,+,18,54758579,-,CHOL,2888,TCGA-W5-AA39-01A,TCGA-W5-AA39-01A,1.0,0.0,0.0,0.0,0.0
18,58432981,+,19,35719692,-,CHOL,2889,TCGA-W5-AA39-01A,TCGA-W5-AA39-01A,1.0,0.0,0.0,0.0,0.0
18,58432997,-,19,35719590,+,CHOL,2890,TCGA-W5-AA39-01A,TCGA-W5-AA39-01A,1.0,0.0,0.0,0.0,0.0
19,3527149,-,19,3540571,+,CHOL,2891,TCGA-W5-AA39-01A,TCGA-W5-AA39-01A,1.0,0.0,0.0,0.0,0.0
19,38146869,+,21,38906410,-,CHOL,2892,TCGA-W5-AA39-01A,TCGA-W5-AA39-01A,1.0,0.0,0.0,0.0,0.0
19,38146908,-,21,38906367,+,CHOL,2893,TCGA-W5-AA39-01A,TCGA-W5-AA39-01A,1.0,0.0,0.0,0.0,0.0
19,55023864,-,19,55026836,+,CHOL,2894,TCGA-W5-AA39-01A,TCGA-W5-AA39-01A,1.0,0.0,0.0,0.0,0.0
2,42751542,-,2,42846548,+,CHOL,2895,TCGA-W5-AA39-01A,TCGA-W5-AA39-01A,1.0,0.0,0.0,0.0,0.0
2,133877296,+,2,133880340,-,CHOL,2896,TCGA-W5-AA39-01A,TCGA-W5-AA39-01A,1.0,0.0,0.0,0.0,0.0
2,147396937,+,2,156725923,-,CHOL,2897,TCGA-W5-AA39-01A,TCGA-W5-AA39-01A,1.0,0.0,0.0,0.0,0.0
2,204998360,+,23,12833050,+,CHOL,2898,TCGA-W5-AA39-01A,TCGA-W5-AA39-01A,1.0,0.0,0.0,0.0,0.0
2,209801519,+,2,209802975,-,CHOL,2899,TCGA-W5-AA39-01A,TCGA-W5-AA39-01A,1.0,0.0,0.0,0.0,0.0
22,25137710,+,22,29604866,-,CHOL,2900,TCGA-W5-AA39-01A,TCGA-W5-AA39-01A,1.0,0.0,0.0,0.0,0.0
22,37638437,-,22,37651695,+,CHOL,2901,TCGA-W5-AA39-01A,TCGA-W5-AA39-01A,1.0,0.0,0.0,0.0,0.0
22,38716124,+,22,38728324,-,CHOL,2902,TCGA-W5-AA39-01A,TCGA-W5-AA39-01A,1.0,0.0,0.0,0.0,0.0
22,41383410,+,22,41385834,-,CHOL,2903,TCGA-W5-AA39-01A,TCGA-W5-AA39-01A,1.0,0.0,0.0,0.0,0.0
3,16845117,+,3,17105499,-,CHOL,2904,TCGA-W5-AA39-01A,TCGA-W5-AA39-01A,1.0,0.0,0.0,0.0,0.0
3,111180010,+,3,111213974,-,CHOL,2905,TCGA-W5-AA39-01A,TCGA-W5-AA39-01A,1.0,0.0,0.0,0.0,0.0
3,123081203,+,3,123085721,-,CHOL,2906,TCGA-W5-AA39-01A,TCGA-W5-AA39-01A,1.0,0.0,0.0,0.0,0.0
3,129070524,+,3,129080378,-,CHOL,2907,TCGA-W5-AA39-01A,TCGA-W5-AA39-01A,1.0,0.0,0.0,0.0,0.0
3,190644311,+,20,1667541,+,CHOL,2908,TCGA-W5-AA39-01A,TCGA-W5-AA39-01A,1.0,0.0,0.0,0.0,0.0
3,190644323,-,20,1667540,-,CHOL,2909,TCGA-W5-AA39-01A,TCGA-W5-AA39-01A,1.0,0.0,0.0,0.0,0.0
4,16132064,+,4,16136970,-,CHOL,2910,TCGA-W5-AA39-01A,TCGA-W5-AA39-01A,1.0,0.0,0.0,0.0,0.0
4,36242589,+,4,36242711,-,CHOL,2911,TCGA-W5-AA39-01A,TCGA-W5-AA39-01A,1.0,0.0,0.0,0.0,0.0
4,65574655,-,7,99507531,-,CHOL,2912,TCGA-W5-AA39-01A,TCGA-W5-AA39-01A,1.0,0.0,0.0,0.0,0.0
4,73417036,+,4,73418086,-,CHOL,2913,TCGA-W5-AA39-01A,TCGA-W5-AA39-01A,1.0,0.0,0.0,0.0,0.0
4,180686730,+,4,180720121,-,CHOL,2914,TCGA-W5-AA39-01A,TCGA-W5-AA39-01A,1.0,0.0,0.0,0.0,0.0
4,180883947,+,4,181509410,-,CHOL,2915,TCGA-W5-AA39-01A,TCGA-W5-AA39-01A,1.0,0.0,0.0,0.0,0.0
5,244849,+,5,1582748,+,CHOL,2916,TCGA-W5-AA39-01A,TCGA-W5-AA39-01A,1.0,0.0,0.0,0.0,0.0
5,2931760,+,5,2973650,-,CHOL,2917,TCGA-W5-AA39-01A,TCGA-W5-AA39-01A,1.0,0.0,0.0,0.0,0.0
5,46362459,+,9,133852566,+,CHOL,2918,TCGA-W5-AA39-01A,TCGA-W5-AA39-01A,1.0,0.0,0.0,0.0,0.0
5,46631553,-,5,46641663,+,CHOL,2919,TCGA-W5-AA39-01A,TCGA-W5-AA39-01A,1.0,0.0,0.0,0.0,0.0
5,47242713,+,5,47253267,-,CHOL,2920,TCGA-W5-AA39-01A,TCGA-W5-AA39-01A,1.0,0.0,0.0,0.0,0.0
5,80937901,+,5,80938560,-,CHOL,2921,TCGA-W5-AA39-01A,TCGA-W5-AA39-01A,1.0,0.0,0.0,0.0,0.0
5,140764111,+,5,140766033,-,CHOL,2922,TCGA-W5-AA39-01A,TCGA-W5-AA39-01A,1.0,0.0,0.0,0.0,0.0
5,141757502,+,5,141759782,-,CHOL,2923,TCGA-W5-AA39-01A,TCGA-W5-AA39-01A,1.0,0.0,0.0,0.0,0.0
6,18476018,+,6,18478143,-,CHOL,2924,TCGA-W5-AA39-01A,TCGA-W5-AA39-01A,1.0,0.0,0.0,0.0,0.0
6,130249383,+,6,130261884,-,CHOL,2925,TCGA-W5-AA39-01A,TCGA-W5-AA39-01A,1.0,0.0,0.0,0.0,0.0
7,3901923,+,7,4003346,-,CHOL,2926,TCGA-W5-AA39-01A,TCGA-W5-AA39-01A,1.0,0.0,0.0,0.0,0.0
7,95529558,+,7,95550097,-,CHOL,2927,TCGA-W5-AA39-01A,TCGA-W5-AA39-01A,1.0,0.0,0.0,0.0,0.0
7,140299948,+,7,140302945,-,CHOL,2928,TCGA-W5-AA39-01A,TCGA-W5-AA39-01A,1.0,0.0,0.0,0.0,0.0
8,17136513,+,8,17144096,-,CHOL,2929,TCGA-W5-AA39-01A,TCGA-W5-AA39-01A,1.0,0.0,0.0,0.0,0.0
8,106755637,+,8,106758992,-,CHOL,2930,TCGA-W5-AA39-01A,TCGA-W5-AA39-01A,1.0,0.0,0.0,0.0,0.0
9,8963025,+,9,9507542,-,CHOL,2931,TCGA-W5-AA39-01A,TCGA-W5-AA39-01A,1.0,0.0,0.0,0.0,0.0
9,9203895,+,9,9734114,-,CHOL,2932,TCGA-W5-AA39-01A,TCGA-W5-AA39-01A,1.0,0.0,0.0,0.0,0.0
9,10080330,+,9,10523501,-,CHOL,2933,TCGA-W5-AA39-01A,TCGA-W5-AA39-01A,1.0,0.0,0.0,0.0,0.0
9,96036108,+,9,96044262,-,CHOL,2934,TCGA-W5-AA39-01A,TCGA-W5-AA39-01A,1.0,0.0,0.0,0.0,0.0
9,129677487,+,9,130721251,-,CHOL,2935,TCGA-W5-AA39-01A,TCGA-W5-AA39-01A,1.0,0.0,0.0,0.0,0.0
23,10760948,+,23,10953664,-,CHOL,2936,TCGA-W5-AA39-01A,TCGA-W5-AA39-01A,1.0,0.0,0.0,0.0,0.0
1,65241722,+,14,21637064,+,CHOL,2937,TCGA-W6-AA0S-01A,TCGA-W6-AA0S-01A,1.0,0.0,0.0,0.0,0.0
1,114715024,-,21,36475980,+,CHOL,2938,TCGA-W6-AA0S-01A,TCGA-W6-AA0S-01A,1.0,0.0,0.0,0.0,0.0
1,205906468,-,10,19719225,-,CHOL,2939,TCGA-W6-AA0S-01A,TCGA-W6-AA0S-01A,1.0,0.0,0.0,0.0,0.0
12,20770344,+,14,35942020,-,CHOL,2940,TCGA-W6-AA0S-01A,TCGA-W6-AA0S-01A,1.0,0.0,0.0,0.0,0.0
12,20770344,+,18,70450239,+,CHOL,2941,TCGA-W6-AA0S-01A,TCGA-W6-AA0S-01A,1.0,0.0,0.0,0.0,0.0
12,21449444,-,18,70215128,-,CHOL,2942,TCGA-W6-AA0S-01A,TCGA-W6-AA0S-01A,1.0,0.0,0.0,0.0,0.0
12,21449450,-,12,33314679,-,CHOL,2943,TCGA-W6-AA0S-01A,TCGA-W6-AA0S-01A,1.0,0.0,0.0,0.0,0.0
12,21874137,+,12,23703164,+,CHOL,2944,TCGA-W6-AA0S-01A,TCGA-W6-AA0S-01A,1.0,0.0,0.0,0.0,0.0
12,22759635,-,12,26584923,-,CHOL,2945,TCGA-W6-AA0S-01A,TCGA-W6-AA0S-01A,1.0,0.0,0.0,0.0,0.0
12,23712095,-,12,26616563,+,CHOL,2946,TCGA-W6-AA0S-01A,TCGA-W6-AA0S-01A,1.0,0.0,0.0,0.0,0.0
12,23721845,+,12,26680049,+,CHOL,2947,TCGA-W6-AA0S-01A,TCGA-W6-AA0S-01A,1.0,0.0,0.0,0.0,0.0
12,25167555,-,12,27652110,+,CHOL,2948,TCGA-W6-AA0S-01A,TCGA-W6-AA0S-01A,1.0,0.0,0.0,0.0,0.0
12,26134508,+,12,32843655,-,CHOL,2949,TCGA-W6-AA0S-01A,TCGA-W6-AA0S-01A,1.0,0.0,0.0,0.0,0.0
12,26601624,+,12,26602124,-,CHOL,2950,TCGA-W6-AA0S-01A,TCGA-W6-AA0S-01A,1.0,0.0,0.0,0.0,0.0
12,26614207,-,12,26616456,-,CHOL,2951,TCGA-W6-AA0S-01A,TCGA-W6-AA0S-01A,1.0,0.0,0.0,0.0,0.0
12,26807255,-,12,33944529,+,CHOL,2952,TCGA-W6-AA0S-01A,TCGA-W6-AA0S-01A,1.0,0.0,0.0,0.0,0.0
12,33313860,+,12,99394536,+,CHOL,2953,TCGA-W6-AA0S-01A,TCGA-W6-AA0S-01A,1.0,0.0,0.0,0.0,0.0
12,33314678,-,18,70215315,+,CHOL,2954,TCGA-W6-AA0S-01A,TCGA-W6-AA0S-01A,1.0,0.0,0.0,0.0,0.0
12,33534727,+,12,34267828,-,CHOL,2955,TCGA-W6-AA0S-01A,TCGA-W6-AA0S-01A,1.0,0.0,0.0,0.0,0.0
12,111388610,-,12,111454610,+,CHOL,2956,TCGA-W6-AA0S-01A,TCGA-W6-AA0S-01A,1.0,0.0,0.0,0.0,0.0
13,18874837,+,21,14064220,+,CHOL,2957,TCGA-W6-AA0S-01A,TCGA-W6-AA0S-01A,1.0,0.0,0.0,0.0,0.0
13,45160952,-,13,45188370,+,CHOL,2958,TCGA-W6-AA0S-01A,TCGA-W6-AA0S-01A,1.0,0.0,0.0,0.0,0.0
13,98114365,+,13,98351557,-,CHOL,2959,TCGA-W6-AA0S-01A,TCGA-W6-AA0S-01A,1.0,0.0,0.0,0.0,0.0
14,19938799,+,22,12589794,+,CHOL,2960,TCGA-W6-AA0S-01A,TCGA-W6-AA0S-01A,1.0,0.0,0.0,0.0,0.0
14,22975860,-,18,13078981,-,CHOL,2961,TCGA-W6-AA0S-01A,TCGA-W6-AA0S-01A,1.0,0.0,0.0,0.0,0.0
14,22975898,+,18,3462860,-,CHOL,2962,TCGA-W6-AA0S-01A,TCGA-W6-AA0S-01A,1.0,0.0,0.0,0.0,0.0
14,35941928,+,18,70217835,-,CHOL,2963,TCGA-W6-AA0S-01A,TCGA-W6-AA0S-01A,1.0,0.0,0.0,0.0,0.0
14,35942188,+,18,70450239,+,CHOL,2964,TCGA-W6-AA0S-01A,TCGA-W6-AA0S-01A,1.0,0.0,0.0,0.0,0.0
14,35942188,+,18,70450253,-,CHOL,2965,TCGA-W6-AA0S-01A,TCGA-W6-AA0S-01A,1.0,0.0,0.0,0.0,0.0
14,51857037,+,18,13078996,+,CHOL,2966,TCGA-W6-AA0S-01A,TCGA-W6-AA0S-01A,1.0,0.0,0.0,0.0,0.0
14,61339411,-,14,61649461,+,CHOL,2967,TCGA-W6-AA0S-01A,TCGA-W6-AA0S-01A,1.0,0.0,0.0,0.0,0.0
17,22830206,+,17,23059813,-,CHOL,2968,TCGA-W6-AA0S-01A,TCGA-W6-AA0S-01A,1.0,0.0,0.0,0.0,0.0
18,7777194,+,18,7831694,-,CHOL,2969,TCGA-W6-AA0S-01A,TCGA-W6-AA0S-01A,1.0,0.0,0.0,0.0,0.0
18,15636650,+,18,15745403,-,CHOL,2970,TCGA-W6-AA0S-01A,TCGA-W6-AA0S-01A,1.0,0.0,0.0,0.0,0.0
18,70450239,+,18,70450353,+,CHOL,2971,TCGA-W6-AA0S-01A,TCGA-W6-AA0S-01A,1.0,0.0,0.0,0.0,0.0
19,14446106,-,19,14588550,+,CHOL,2972,TCGA-W6-AA0S-01A,TCGA-W6-AA0S-01A,1.0,0.0,0.0,0.0,0.0
19,28485647,-,19,28487021,-,CHOL,2973,TCGA-W6-AA0S-01A,TCGA-W6-AA0S-01A,1.0,0.0,0.0,0.0,0.0
19,28843811,+,19,28844454,+,CHOL,2974,TCGA-W6-AA0S-01A,TCGA-W6-AA0S-01A,1.0,0.0,0.0,0.0,0.0
19,33229296,+,19,33329651,-,CHOL,2975,TCGA-W6-AA0S-01A,TCGA-W6-AA0S-01A,1.0,0.0,0.0,0.0,0.0
19,46772221,+,19,46773319,+,CHOL,2976,TCGA-W6-AA0S-01A,TCGA-W6-AA0S-01A,1.0,0.0,0.0,0.0,0.0
2,248956,-,2,318932,+,CHOL,2977,TCGA-W6-AA0S-01A,TCGA-W6-AA0S-01A,1.0,0.0,0.0,0.0,0.0
2,93108291,-,2,93204417,+,CHOL,2978,TCGA-W6-AA0S-01A,TCGA-W6-AA0S-01A,1.0,0.0,0.0,0.0,0.0
2,95421036,+,2,95655815,+,CHOL,2979,TCGA-W6-AA0S-01A,TCGA-W6-AA0S-01A,1.0,0.0,0.0,0.0,0.0
2,115095269,-,2,115129899,+,CHOL,2980,TCGA-W6-AA0S-01A,TCGA-W6-AA0S-01A,1.0,0.0,0.0,0.0,0.0
2,135800228,+,2,136166092,+,CHOL,2981,TCGA-W6-AA0S-01A,TCGA-W6-AA0S-01A,1.0,0.0,0.0,0.0,0.0
20,26545093,-,20,26577230,+,CHOL,2982,TCGA-W6-AA0S-01A,TCGA-W6-AA0S-01A,1.0,0.0,0.0,0.0,0.0
3,90498628,-,6,68386663,+,CHOL,2983,TCGA-W6-AA0S-01A,TCGA-W6-AA0S-01A,1.0,0.0,0.0,0.0,0.0
3,90801028,+,3,90856213,-,CHOL,2984,TCGA-W6-AA0S-01A,TCGA-W6-AA0S-01A,1.0,0.0,0.0,0.0,0.0
3,92632530,-,3,93228768,+,CHOL,2985,TCGA-W6-AA0S-01A,TCGA-W6-AA0S-01A,1.0,0.0,0.0,0.0,0.0
3,169172652,-,6,68917069,-,CHOL,2986,TCGA-W6-AA0S-01A,TCGA-W6-AA0S-01A,1.0,0.0,0.0,0.0,0.0
3,186617280,-,3,197374551,-,CHOL,2987,TCGA-W6-AA0S-01A,TCGA-W6-AA0S-01A,1.0,0.0,0.0,0.0,0.0
4,14729177,+,23,29605124,+,CHOL,2988,TCGA-W6-AA0S-01A,TCGA-W6-AA0S-01A,1.0,0.0,0.0,0.0,0.0
4,17701983,-,4,17708102,+,CHOL,2989,TCGA-W6-AA0S-01A,TCGA-W6-AA0S-01A,1.0,0.0,0.0,0.0,0.0
4,49898906,-,4,50084435,+,CHOL,2990,TCGA-W6-AA0S-01A,TCGA-W6-AA0S-01A,1.0,0.0,0.0,0.0,0.0
4,52051210,-,4,52835211,-,CHOL,2991,TCGA-W6-AA0S-01A,TCGA-W6-AA0S-01A,1.0,0.0,0.0,0.0,0.0
4,52840078,+,4,55890324,-,CHOL,2992,TCGA-W6-AA0S-01A,TCGA-W6-AA0S-01A,1.0,0.0,0.0,0.0,0.0
4,56098300,+,4,75416170,-,CHOL,2993,TCGA-W6-AA0S-01A,TCGA-W6-AA0S-01A,1.0,0.0,0.0,0.0,0.0
4,56102750,-,21,36475592,-,CHOL,2994,TCGA-W6-AA0S-01A,TCGA-W6-AA0S-01A,1.0,0.0,0.0,0.0,0.0
4,75416185,+,14,21728421,-,CHOL,2995,TCGA-W6-AA0S-01A,TCGA-W6-AA0S-01A,1.0,0.0,0.0,0.0,0.0
4,76633780,+,4,79803019,-,CHOL,2996,TCGA-W6-AA0S-01A,TCGA-W6-AA0S-01A,1.0,0.0,0.0,0.0,0.0
4,79547962,-,4,80104003,+,CHOL,2997,TCGA-W6-AA0S-01A,TCGA-W6-AA0S-01A,1.0,0.0,0.0,0.0,0.0
4,79978865,-,9,34867872,+,CHOL,2998,TCGA-W6-AA0S-01A,TCGA-W6-AA0S-01A,1.0,0.0,0.0,0.0,0.0
4,83240219,+,9,33108153,-,CHOL,2999,TCGA-W6-AA0S-01A,TCGA-W6-AA0S-01A,1.0,0.0,0.0,0.0,0.0
4,171399465,-,4,171399731,-,CHOL,3000,TCGA-W6-AA0S-01A,TCGA-W6-AA0S-01A,1.0,0.0,0.0,0.0,0.0
4,171399661,+,4,171399742,+,CHOL,3001,TCGA-W6-AA0S-01A,TCGA-W6-AA0S-01A,1.0,0.0,0.0,0.0,0.0
4,185729528,+,4,185730954,-,CHOL,3002,TCGA-W6-AA0S-01A,TCGA-W6-AA0S-01A,1.0,0.0,0.0,0.0,0.0
5,49890215,+,5,49936280,-,CHOL,3003,TCGA-W6-AA0S-01A,TCGA-W6-AA0S-01A,1.0,0.0,0.0,0.0,0.0
6,36561001,-,6,36664440,+,CHOL,3004,TCGA-W6-AA0S-01A,TCGA-W6-AA0S-01A,1.0,0.0,0.0,0.0,0.0
6,67232943,+,6,68846207,-,CHOL,3005,TCGA-W6-AA0S-01A,TCGA-W6-AA0S-01A,1.0,0.0,0.0,0.0,0.0
6,67702003,-,6,68559425,-,CHOL,3006,TCGA-W6-AA0S-01A,TCGA-W6-AA0S-01A,1.0,0.0,0.0,0.0,0.0
6,67734074,+,6,69961640,+,CHOL,3007,TCGA-W6-AA0S-01A,TCGA-W6-AA0S-01A,1.0,0.0,0.0,0.0,0.0
6,68310074,+,6,69417934,-,CHOL,3008,TCGA-W6-AA0S-01A,TCGA-W6-AA0S-01A,1.0,0.0,0.0,0.0,0.0
6,68749535,+,6,69448804,-,CHOL,3009,TCGA-W6-AA0S-01A,TCGA-W6-AA0S-01A,1.0,0.0,0.0,0.0,0.0
7,7522034,+,7,7591176,-,CHOL,3010,TCGA-W6-AA0S-01A,TCGA-W6-AA0S-01A,1.0,0.0,0.0,0.0,0.0
7,35911689,-,7,56150057,+,CHOL,3011,TCGA-W6-AA0S-01A,TCGA-W6-AA0S-01A,1.0,0.0,0.0,0.0,0.0
7,117762512,-,7,117859920,+,CHOL,3012,TCGA-W6-AA0S-01A,TCGA-W6-AA0S-01A,1.0,0.0,0.0,0.0,0.0
8,15480778,+,8,32050366,-,CHOL,3013,TCGA-W6-AA0S-01A,TCGA-W6-AA0S-01A,1.0,0.0,0.0,0.0,0.0
8,32059338,+,8,32064802,-,CHOL,3014,TCGA-W6-AA0S-01A,TCGA-W6-AA0S-01A,1.0,0.0,0.0,0.0,0.0
8,121058601,-,8,121058778,+,CHOL,3015,TCGA-W6-AA0S-01A,TCGA-W6-AA0S-01A,1.0,0.0,0.0,0.0,0.0
8,129644646,-,8,129761505,+,CHOL,3016,TCGA-W6-AA0S-01A,TCGA-W6-AA0S-01A,1.0,0.0,0.0,0.0,0.0
9,15281632,+,14,19938856,-,CHOL,3017,TCGA-W6-AA0S-01A,TCGA-W6-AA0S-01A,1.0,0.0,0.0,0.0,0.0
9,22307269,-,18,70216430,+,CHOL,3018,TCGA-W6-AA0S-01A,TCGA-W6-AA0S-01A,1.0,0.0,0.0,0.0,0.0
9,33108146,+,14,21716079,+,CHOL,3019,TCGA-W6-AA0S-01A,TCGA-W6-AA0S-01A,1.0,0.0,0.0,0.0,0.0
9,120710786,-,9,120748466,+,CHOL,3020,TCGA-W6-AA0S-01A,TCGA-W6-AA0S-01A,1.0,0.0,0.0,0.0,0.0
9,128596402,-,9,128660875,+,CHOL,3021,TCGA-W6-AA0S-01A,TCGA-W6-AA0S-01A,1.0,0.0,0.0,0.0,0.0
23,28514291,+,23,28523519,-,CHOL,3022,TCGA-W6-AA0S-01A,TCGA-W6-AA0S-01A,1.0,0.0,0.0,0.0,0.0
23,33730897,-,23,33747089,+,CHOL,3023,TCGA-W6-AA0S-01A,TCGA-W6-AA0S-01A,1.0,0.0,0.0,0.0,0.0
23,65763274,+,23,116266455,+,CHOL,3024,TCGA-W6-AA0S-01A,TCGA-W6-AA0S-01A,1.0,0.0,0.0,0.0,0.0
23,65763481,-,23,117338381,-,CHOL,3025,TCGA-W6-AA0S-01A,TCGA-W6-AA0S-01A,1.0,0.0,0.0,0.0,0.0
1,31424998,-,1,110337650,-,CHOL,3026,TCGA-W6-AA0T-01A,TCGA-W6-AA0T-01A,1.0,0.0,0.0,0.0,0.0
1,31466492,+,1,110337810,+,CHOL,3027,TCGA-W6-AA0T-01A,TCGA-W6-AA0T-01A,1.0,0.0,0.0,0.0,0.0
1,31466549,-,5,138198295,-,CHOL,3028,TCGA-W6-AA0T-01A,TCGA-W6-AA0T-01A,1.0,0.0,0.0,0.0,0.0
1,119583987,-,12,42014729,+,CHOL,3029,TCGA-W6-AA0T-01A,TCGA-W6-AA0T-01A,1.0,0.0,0.0,0.0,0.0
1,119584051,+,12,76066351,+,CHOL,3030,TCGA-W6-AA0T-01A,TCGA-W6-AA0T-01A,1.0,0.0,0.0,0.0,0.0
1,122448546,-,1,122500983,+,CHOL,3031,TCGA-W6-AA0T-01A,TCGA-W6-AA0T-01A,1.0,0.0,0.0,0.0,0.0
1,124794580,+,1,124839025,-,CHOL,3032,TCGA-W6-AA0T-01A,TCGA-W6-AA0T-01A,1.0,0.0,0.0,0.0,0.0
10,85454466,+,14,21164007,-,CHOL,3033,TCGA-W6-AA0T-01A,TCGA-W6-AA0T-01A,1.0,0.0,0.0,0.0,0.0
10,87952196,+,10,128467194,-,CHOL,3034,TCGA-W6-AA0T-01A,TCGA-W6-AA0T-01A,1.0,0.0,0.0,0.0,0.0
11,43414263,-,12,26116440,+,CHOL,3035,TCGA-W6-AA0T-01A,TCGA-W6-AA0T-01A,1.0,0.0,0.0,0.0,0.0
11,76934662,-,23,71453089,+,CHOL,3036,TCGA-W6-AA0T-01A,TCGA-W6-AA0T-01A,1.0,0.0,0.0,0.0,0.0
11,110923612,-,11,110924336,+,CHOL,3037,TCGA-W6-AA0T-01A,TCGA-W6-AA0T-01A,1.0,0.0,0.0,0.0,0.0
12,32012580,-,12,32209723,+,CHOL,3038,TCGA-W6-AA0T-01A,TCGA-W6-AA0T-01A,1.0,0.0,0.0,0.0,0.0
12,32200361,+,15,35681130,+,CHOL,3039,TCGA-W6-AA0T-01A,TCGA-W6-AA0T-01A,1.0,0.0,0.0,0.0,0.0
12,32204405,-,12,32882094,-,CHOL,3040,TCGA-W6-AA0T-01A,TCGA-W6-AA0T-01A,1.0,0.0,0.0,0.0,0.0
13,16938680,+,13,16985975,-,CHOL,3041,TCGA-W6-AA0T-01A,TCGA-W6-AA0T-01A,1.0,0.0,0.0,0.0,0.0
13,31962128,+,13,114295996,-,CHOL,3042,TCGA-W6-AA0T-01A,TCGA-W6-AA0T-01A,1.0,0.0,0.0,0.0,0.0
13,31962181,-,14,41105838,+,CHOL,3043,TCGA-W6-AA0T-01A,TCGA-W6-AA0T-01A,1.0,0.0,0.0,0.0,0.0
13,89808332,+,13,89808831,-,CHOL,3044,TCGA-W6-AA0T-01A,TCGA-W6-AA0T-01A,1.0,0.0,0.0,0.0,0.0
14,50667636,+,14,69561566,-,CHOL,3045,TCGA-W6-AA0T-01A,TCGA-W6-AA0T-01A,1.0,0.0,0.0,0.0,0.0
14,50668440,-,14,52457893,-,CHOL,3046,TCGA-W6-AA0T-01A,TCGA-W6-AA0T-01A,1.0,0.0,0.0,0.0,0.0
14,50750116,+,14,52458236,+,CHOL,3047,TCGA-W6-AA0T-01A,TCGA-W6-AA0T-01A,1.0,0.0,0.0,0.0,0.0
14,50750568,-,14,80023017,-,CHOL,3048,TCGA-W6-AA0T-01A,TCGA-W6-AA0T-01A,1.0,0.0,0.0,0.0,0.0
14,69561520,+,14,80022705,+,CHOL,3049,TCGA-W6-AA0T-01A,TCGA-W6-AA0T-01A,1.0,0.0,0.0,0.0,0.0
15,26078846,+,15,28974805,-,CHOL,3050,TCGA-W6-AA0T-01A,TCGA-W6-AA0T-01A,1.0,0.0,0.0,0.0,0.0
16,24182874,-,22,28310136,-,CHOL,3051,TCGA-W6-AA0T-01A,TCGA-W6-AA0T-01A,1.0,0.0,0.0,0.0,0.0
17,23051811,+,17,23122050,-,CHOL,3052,TCGA-W6-AA0T-01A,TCGA-W6-AA0T-01A,1.0,0.0,0.0,0.0,0.0
17,30163756,-,17,30799534,+,CHOL,3053,TCGA-W6-AA0T-01A,TCGA-W6-AA0T-01A,1.0,0.0,0.0,0.0,0.0
18,15731750,+,18,15743608,-,CHOL,3054,TCGA-W6-AA0T-01A,TCGA-W6-AA0T-01A,1.0,0.0,0.0,0.0,0.0
19,20618422,+,19,20701090,+,CHOL,3055,TCGA-W6-AA0T-01A,TCGA-W6-AA0T-01A,1.0,0.0,0.0,0.0,0.0
2,25723882,+,7,83590031,+,CHOL,3056,TCGA-W6-AA0T-01A,TCGA-W6-AA0T-01A,1.0,0.0,0.0,0.0,0.0
2,25725244,-,7,83619765,-,CHOL,3057,TCGA-W6-AA0T-01A,TCGA-W6-AA0T-01A,1.0,0.0,0.0,0.0,0.0
2,92316510,+,2,92733564,-,CHOL,3058,TCGA-W6-AA0T-01A,TCGA-W6-AA0T-01A,1.0,0.0,0.0,0.0,0.0
3,5612094,+,3,162371299,+,CHOL,3059,TCGA-W6-AA0T-01A,TCGA-W6-AA0T-01A,1.0,0.0,0.0,0.0,0.0
3,49127471,-,13,49663719,+,CHOL,3060,TCGA-W6-AA0T-01A,TCGA-W6-AA0T-01A,1.0,0.0,0.0,0.0,0.0
3,80794331,-,3,163918055,-,CHOL,3061,TCGA-W6-AA0T-01A,TCGA-W6-AA0T-01A,1.0,0.0,0.0,0.0,0.0
3,90993712,+,3,91066643,-,CHOL,3062,TCGA-W6-AA0T-01A,TCGA-W6-AA0T-01A,1.0,0.0,0.0,0.0,0.0
3,91037421,+,3,91192746,-,CHOL,3063,TCGA-W6-AA0T-01A,TCGA-W6-AA0T-01A,1.0,0.0,0.0,0.0,0.0
3,101648566,+,3,158731262,+,CHOL,3064,TCGA-W6-AA0T-01A,TCGA-W6-AA0T-01A,1.0,0.0,0.0,0.0,0.0
3,114054047,-,14,20053485,+,CHOL,3065,TCGA-W6-AA0T-01A,TCGA-W6-AA0T-01A,1.0,0.0,0.0,0.0,0.0
3,114054274,+,13,114246156,+,CHOL,3066,TCGA-W6-AA0T-01A,TCGA-W6-AA0T-01A,1.0,0.0,0.0,0.0,0.0
3,129458408,+,14,41155027,+,CHOL,3067,TCGA-W6-AA0T-01A,TCGA-W6-AA0T-01A,1.0,0.0,0.0,0.0,0.0
3,150670811,+,3,157128922,-,CHOL,3068,TCGA-W6-AA0T-01A,TCGA-W6-AA0T-01A,1.0,0.0,0.0,0.0,0.0
3,152010714,+,3,156965691,+,CHOL,3069,TCGA-W6-AA0T-01A,TCGA-W6-AA0T-01A,1.0,0.0,0.0,0.0,0.0
3,152921706,-,13,113181693,+,CHOL,3070,TCGA-W6-AA0T-01A,TCGA-W6-AA0T-01A,1.0,0.0,0.0,0.0,0.0
3,152929064,-,17,31298054,+,CHOL,3071,TCGA-W6-AA0T-01A,TCGA-W6-AA0T-01A,1.0,0.0,0.0,0.0,0.0
3,152929138,+,17,31298099,-,CHOL,3072,TCGA-W6-AA0T-01A,TCGA-W6-AA0T-01A,1.0,0.0,0.0,0.0,0.0
3,157182407,-,3,160135898,-,CHOL,3073,TCGA-W6-AA0T-01A,TCGA-W6-AA0T-01A,1.0,0.0,0.0,0.0,0.0
3,157182570,+,13,114234379,-,CHOL,3074,TCGA-W6-AA0T-01A,TCGA-W6-AA0T-01A,1.0,0.0,0.0,0.0,0.0
3,157972243,-,5,18435488,+,CHOL,3075,TCGA-W6-AA0T-01A,TCGA-W6-AA0T-01A,1.0,0.0,0.0,0.0,0.0
4,7799132,-,20,45885653,-,CHOL,3076,TCGA-W6-AA0T-01A,TCGA-W6-AA0T-01A,1.0,0.0,0.0,0.0,0.0
4,150761464,+,4,150766205,-,CHOL,3077,TCGA-W6-AA0T-01A,TCGA-W6-AA0T-01A,1.0,0.0,0.0,0.0,0.0
5,46433348,-,5,46493414,-,CHOL,3078,TCGA-W6-AA0T-01A,TCGA-W6-AA0T-01A,1.0,0.0,0.0,0.0,0.0
5,57512690,-,15,93247213,+,CHOL,3079,TCGA-W6-AA0T-01A,TCGA-W6-AA0T-01A,1.0,0.0,0.0,0.0,0.0
5,57512920,+,15,93337841,-,CHOL,3080,TCGA-W6-AA0T-01A,TCGA-W6-AA0T-01A,1.0,0.0,0.0,0.0,0.0
5,138197351,+,12,42014587,-,CHOL,3081,TCGA-W6-AA0T-01A,TCGA-W6-AA0T-01A,1.0,0.0,0.0,0.0,0.0
6,17608610,-,24,12323126,+,CHOL,3082,TCGA-W6-AA0T-01A,TCGA-W6-AA0T-01A,1.0,0.0,0.0,0.0,0.0
6,18528917,+,6,138920555,+,CHOL,3083,TCGA-W6-AA0T-01A,TCGA-W6-AA0T-01A,1.0,0.0,0.0,0.0,0.0
6,55750627,+,6,55808937,-,CHOL,3084,TCGA-W6-AA0T-01A,TCGA-W6-AA0T-01A,1.0,0.0,0.0,0.0,0.0
6,163294831,-,14,41105808,-,CHOL,3085,TCGA-W6-AA0T-01A,TCGA-W6-AA0T-01A,1.0,0.0,0.0,0.0,0.0
7,70214344,+,7,70243769,-,CHOL,3086,TCGA-W6-AA0T-01A,TCGA-W6-AA0T-01A,1.0,0.0,0.0,0.0,0.0
8,111351042,+,10,87953683,-,CHOL,3087,TCGA-W6-AA0T-01A,TCGA-W6-AA0T-01A,1.0,0.0,0.0,0.0,0.0
8,111351161,-,10,128467168,+,CHOL,3088,TCGA-W6-AA0T-01A,TCGA-W6-AA0T-01A,1.0,0.0,0.0,0.0,0.0
9,21872897,+,9,22418575,-,CHOL,3089,TCGA-W6-AA0T-01A,TCGA-W6-AA0T-01A,1.0,0.0,0.0,0.0,0.0
1,164787721,-,18,23293755,+,CHOL,3090,TCGA-W7-A93N-01A,TCGA-W7-A93N-01A,1.0,0.0,0.0,0.0,0.0
1,164787880,+,18,23296222,+,CHOL,3091,TCGA-W7-A93N-01A,TCGA-W7-A93N-01A,1.0,0.0,0.0,0.0,0.0
10,41289774,-,10,41290364,+,CHOL,3092,TCGA-W7-A93N-01A,TCGA-W7-A93N-01A,1.0,0.0,0.0,0.0,0.0
11,75266979,-,11,75515558,+,CHOL,3093,TCGA-W7-A93N-01A,TCGA-W7-A93N-01A,1.0,0.0,0.0,0.0,0.0
12,34786497,+,12,34797167,-,CHOL,3094,TCGA-W7-A93N-01A,TCGA-W7-A93N-01A,1.0,0.0,0.0,0.0,0.0
13,16298462,-,13,16628013,+,CHOL,3095,TCGA-W7-A93N-01A,TCGA-W7-A93N-01A,1.0,0.0,0.0,0.0,0.0
16,80935215,+,18,20949071,-,CHOL,3096,TCGA-W7-A93N-01A,TCGA-W7-A93N-01A,1.0,0.0,0.0,0.0,0.0
17,22877659,+,17,23059813,-,CHOL,3097,TCGA-W7-A93N-01A,TCGA-W7-A93N-01A,1.0,0.0,0.0,0.0,0.0
18,20967836,+,18,20976109,+,CHOL,3098,TCGA-W7-A93N-01A,TCGA-W7-A93N-01A,1.0,0.0,0.0,0.0,0.0
18,75298919,+,18,76128235,-,CHOL,3099,TCGA-W7-A93N-01A,TCGA-W7-A93N-01A,1.0,0.0,0.0,0.0,0.0
19,1150726,-,19,1333483,+,CHOL,3100,TCGA-W7-A93N-01A,TCGA-W7-A93N-01A,1.0,0.0,0.0,0.0,0.0
19,6656515,-,19,6875074,+,CHOL,3101,TCGA-W7-A93N-01A,TCGA-W7-A93N-01A,1.0,0.0,0.0,0.0,0.0
19,31966038,-,19,38456454,+,CHOL,3102,TCGA-W7-A93N-01A,TCGA-W7-A93N-01A,1.0,0.0,0.0,0.0,0.0
19,33117843,+,19,41121800,+,CHOL,3103,TCGA-W7-A93N-01A,TCGA-W7-A93N-01A,1.0,0.0,0.0,0.0,0.0
19,34018682,+,19,36013707,-,CHOL,3104,TCGA-W7-A93N-01A,TCGA-W7-A93N-01A,1.0,0.0,0.0,0.0,0.0
2,66884030,-,8,43620979,-,CHOL,3105,TCGA-W7-A93N-01A,TCGA-W7-A93N-01A,1.0,0.0,0.0,0.0,0.0
2,66884216,+,8,43621690,-,CHOL,3106,TCGA-W7-A93N-01A,TCGA-W7-A93N-01A,1.0,0.0,0.0,0.0,0.0
3,90863934,+,3,91261454,+,CHOL,3107,TCGA-W7-A93N-01A,TCGA-W7-A93N-01A,1.0,0.0,0.0,0.0,0.0
3,104215301,+,3,158841130,+,CHOL,3108,TCGA-W7-A93N-01A,TCGA-W7-A93N-01A,1.0,0.0,0.0,0.0,0.0
3,104215554,-,3,149812835,-,CHOL,3109,TCGA-W7-A93N-01A,TCGA-W7-A93N-01A,1.0,0.0,0.0,0.0,0.0
3,127571331,-,3,141608980,-,CHOL,3110,TCGA-W7-A93N-01A,TCGA-W7-A93N-01A,1.0,0.0,0.0,0.0,0.0
3,141608931,+,3,161543843,+,CHOL,3111,TCGA-W7-A93N-01A,TCGA-W7-A93N-01A,1.0,0.0,0.0,0.0,0.0
3,149812400,+,3,161548731,-,CHOL,3112,TCGA-W7-A93N-01A,TCGA-W7-A93N-01A,1.0,0.0,0.0,0.0,0.0
3,158841221,-,3,197957201,-,CHOL,3113,TCGA-W7-A93N-01A,TCGA-W7-A93N-01A,1.0,0.0,0.0,0.0,0.0
3,170099234,-,3,170637627,+,CHOL,3114,TCGA-W7-A93N-01A,TCGA-W7-A93N-01A,1.0,0.0,0.0,0.0,0.0
3,173394783,+,3,197956930,+,CHOL,3115,TCGA-W7-A93N-01A,TCGA-W7-A93N-01A,1.0,0.0,0.0,0.0,0.0
5,127635146,-,5,128169394,+,CHOL,3116,TCGA-W7-A93N-01A,TCGA-W7-A93N-01A,1.0,0.0,0.0,0.0,0.0
6,111178858,-,6,111605239,+,CHOL,3117,TCGA-W7-A93N-01A,TCGA-W7-A93N-01A,1.0,0.0,0.0,0.0,0.0
7,34031952,+,11,88251392,+,CHOL,3118,TCGA-W7-A93N-01A,TCGA-W7-A93N-01A,1.0,0.0,0.0,0.0,0.0
8,29601563,-,8,53043807,+,CHOL,3119,TCGA-W7-A93N-01A,TCGA-W7-A93N-01A,1.0,0.0,0.0,0.0,0.0
8,43622353,+,8,43625665,-,CHOL,3120,TCGA-W7-A93N-01A,TCGA-W7-A93N-01A,1.0,0.0,0.0,0.0,0.0
1,12475852,+,1,32214674,-,CHOL,3121,TCGA-W7-A93O-01A,TCGA-W7-A93O-01A,1.0,0.0,0.0,0.0,0.0
1,17139343,-,1,22521515,+,CHOL,3122,TCGA-W7-A93O-01A,TCGA-W7-A93O-01A,1.0,0.0,0.0,0.0,0.0
1,17139379,-,1,22080927,+,CHOL,3123,TCGA-W7-A93O-01A,TCGA-W7-A93O-01A,1.0,0.0,0.0,0.0,0.0
1,17142312,+,1,22848589,-,CHOL,3124,TCGA-W7-A93O-01A,TCGA-W7-A93O-01A,1.0,0.0,0.0,0.0,0.0
1,17273515,-,1,22499144,-,CHOL,3125,TCGA-W7-A93O-01A,TCGA-W7-A93O-01A,1.0,0.0,0.0,0.0,0.0
1,21886540,+,1,22845440,-,CHOL,3126,TCGA-W7-A93O-01A,TCGA-W7-A93O-01A,1.0,0.0,0.0,0.0,0.0
1,22069373,-,1,23820810,-,CHOL,3127,TCGA-W7-A93O-01A,TCGA-W7-A93O-01A,1.0,0.0,0.0,0.0,0.0
1,22080761,-,1,22521515,+,CHOL,3128,TCGA-W7-A93O-01A,TCGA-W7-A93O-01A,1.0,0.0,0.0,0.0,0.0
1,22522036,-,1,22847212,+,CHOL,3129,TCGA-W7-A93O-01A,TCGA-W7-A93O-01A,1.0,0.0,0.0,0.0,0.0
1,22530633,+,1,23841658,+,CHOL,3130,TCGA-W7-A93O-01A,TCGA-W7-A93O-01A,1.0,0.0,0.0,0.0,0.0
1,23789719,+,1,23804804,-,CHOL,3131,TCGA-W7-A93O-01A,TCGA-W7-A93O-01A,1.0,0.0,0.0,0.0,0.0
1,35824084,+,1,36707566,-,CHOL,3132,TCGA-W7-A93O-01A,TCGA-W7-A93O-01A,1.0,0.0,0.0,0.0,0.0
1,40534547,+,1,42533919,-,CHOL,3133,TCGA-W7-A93O-01A,TCGA-W7-A93O-01A,1.0,0.0,0.0,0.0,0.0
1,40534591,-,1,40573290,+,CHOL,3134,TCGA-W7-A93O-01A,TCGA-W7-A93O-01A,1.0,0.0,0.0,0.0,0.0
1,40534592,-,1,40573724,+,CHOL,3135,TCGA-W7-A93O-01A,TCGA-W7-A93O-01A,1.0,0.0,0.0,0.0,0.0
1,40534695,-,1,42439576,-,CHOL,3136,TCGA-W7-A93O-01A,TCGA-W7-A93O-01A,1.0,0.0,0.0,0.0,0.0
1,40534767,+,1,42534236,+,CHOL,3137,TCGA-W7-A93O-01A,TCGA-W7-A93O-01A,1.0,0.0,0.0,0.0,0.0
1,40534957,+,1,45068019,-,CHOL,3138,TCGA-W7-A93O-01A,TCGA-W7-A93O-01A,1.0,0.0,0.0,0.0,0.0
1,40535026,+,1,45067882,-,CHOL,3139,TCGA-W7-A93O-01A,TCGA-W7-A93O-01A,1.0,0.0,0.0,0.0,0.0
1,40535507,-,1,42534368,+,CHOL,3140,TCGA-W7-A93O-01A,TCGA-W7-A93O-01A,1.0,0.0,0.0,0.0,0.0
1,40535813,+,1,40574531,-,CHOL,3141,TCGA-W7-A93O-01A,TCGA-W7-A93O-01A,1.0,0.0,0.0,0.0,0.0
1,40572796,+,1,42528079,-,CHOL,3142,TCGA-W7-A93O-01A,TCGA-W7-A93O-01A,1.0,0.0,0.0,0.0,0.0
1,40573290,+,1,42534228,+,CHOL,3143,TCGA-W7-A93O-01A,TCGA-W7-A93O-01A,1.0,0.0,0.0,0.0,0.0
1,42427746,-,1,215489127,-,CHOL,3144,TCGA-W7-A93O-01A,TCGA-W7-A93O-01A,1.0,0.0,0.0,0.0,0.0
1,42429256,+,1,42429736,+,CHOL,3145,TCGA-W7-A93O-01A,TCGA-W7-A93O-01A,1.0,0.0,0.0,0.0,0.0
1,42528075,-,1,42534116,-,CHOL,3146,TCGA-W7-A93O-01A,TCGA-W7-A93O-01A,1.0,0.0,0.0,0.0,0.0
1,42528397,+,1,42534263,-,CHOL,3147,TCGA-W7-A93O-01A,TCGA-W7-A93O-01A,1.0,0.0,0.0,0.0,0.0
1,98804193,-,16,8836017,+,CHOL,3148,TCGA-W7-A93O-01A,TCGA-W7-A93O-01A,1.0,0.0,0.0,0.0,0.0
1,125122833,+,1,147619829,-,CHOL,3149,TCGA-W7-A93O-01A,TCGA-W7-A93O-01A,1.0,0.0,0.0,0.0,0.0
1,147557254,-,1,148289101,-,CHOL,3150,TCGA-W7-A93O-01A,TCGA-W7-A93O-01A,1.0,0.0,0.0,0.0,0.0
1,150641167,+,1,155734322,-,CHOL,3151,TCGA-W7-A93O-01A,TCGA-W7-A93O-01A,1.0,0.0,0.0,0.0,0.0
1,151012807,+,1,151094973,-,CHOL,3152,TCGA-W7-A93O-01A,TCGA-W7-A93O-01A,1.0,0.0,0.0,0.0,0.0
1,152315029,+,1,157026894,+,CHOL,3153,TCGA-W7-A93O-01A,TCGA-W7-A93O-01A,1.0,0.0,0.0,0.0,0.0
1,154802206,-,1,161531828,+,CHOL,3154,TCGA-W7-A93O-01A,TCGA-W7-A93O-01A,1.0,0.0,0.0,0.0,0.0
1,157262251,+,1,157610270,-,CHOL,3155,TCGA-W7-A93O-01A,TCGA-W7-A93O-01A,1.0,0.0,0.0,0.0,0.0
1,158002526,+,1,159993071,-,CHOL,3156,TCGA-W7-A93O-01A,TCGA-W7-A93O-01A,1.0,0.0,0.0,0.0,0.0
1,159221362,-,1,162282559,-,CHOL,3157,TCGA-W7-A93O-01A,TCGA-W7-A93O-01A,1.0,0.0,0.0,0.0,0.0
1,160570590,-,1,161795437,-,CHOL,3158,TCGA-W7-A93O-01A,TCGA-W7-A93O-01A,1.0,0.0,0.0,0.0,0.0
10,1510065,+,10,71041643,-,CHOL,3159,TCGA-W7-A93O-01A,TCGA-W7-A93O-01A,1.0,0.0,0.0,0.0,0.0
10,5081628,-,10,72428298,+,CHOL,3160,TCGA-W7-A93O-01A,TCGA-W7-A93O-01A,1.0,0.0,0.0,0.0,0.0
10,7001752,+,10,59850748,-,CHOL,3161,TCGA-W7-A93O-01A,TCGA-W7-A93O-01A,1.0,0.0,0.0,0.0,0.0
10,9754573,-,10,130692980,-,CHOL,3162,TCGA-W7-A93O-01A,TCGA-W7-A93O-01A,1.0,0.0,0.0,0.0,0.0
10,12760737,+,10,68461671,-,CHOL,3163,TCGA-W7-A93O-01A,TCGA-W7-A93O-01A,1.0,0.0,0.0,0.0,0.0
10,31847061,-,10,93613182,+,CHOL,3164,TCGA-W7-A93O-01A,TCGA-W7-A93O-01A,1.0,0.0,0.0,0.0,0.0
10,38297313,-,10,70007699,+,CHOL,3165,TCGA-W7-A93O-01A,TCGA-W7-A93O-01A,1.0,0.0,0.0,0.0,0.0
10,50677888,-,10,122809190,+,CHOL,3166,TCGA-W7-A93O-01A,TCGA-W7-A93O-01A,1.0,0.0,0.0,0.0,0.0
10,50872448,-,10,122531557,-,CHOL,3167,TCGA-W7-A93O-01A,TCGA-W7-A93O-01A,1.0,0.0,0.0,0.0,0.0
10,51322524,+,10,120791992,-,CHOL,3168,TCGA-W7-A93O-01A,TCGA-W7-A93O-01A,1.0,0.0,0.0,0.0,0.0
10,51327182,-,10,122423283,+,CHOL,3169,TCGA-W7-A93O-01A,TCGA-W7-A93O-01A,1.0,0.0,0.0,0.0,0.0
10,51768295,+,10,120777173,-,CHOL,3170,TCGA-W7-A93O-01A,TCGA-W7-A93O-01A,1.0,0.0,0.0,0.0,0.0
10,68150590,+,10,133128455,+,CHOL,3171,TCGA-W7-A93O-01A,TCGA-W7-A93O-01A,1.0,0.0,0.0,0.0,0.0
10,91281203,-,10,133574009,-,CHOL,3172,TCGA-W7-A93O-01A,TCGA-W7-A93O-01A,1.0,0.0,0.0,0.0,0.0
10,120862060,-,10,121765542,+,CHOL,3173,TCGA-W7-A93O-01A,TCGA-W7-A93O-01A,1.0,0.0,0.0,0.0,0.0
10,121017183,+,10,121022713,-,CHOL,3174,TCGA-W7-A93O-01A,TCGA-W7-A93O-01A,1.0,0.0,0.0,0.0,0.0
11,52826753,+,11,53622441,-,CHOL,3175,TCGA-W7-A93O-01A,TCGA-W7-A93O-01A,1.0,0.0,0.0,0.0,0.0
12,6785572,-,12,43717750,-,CHOL,3176,TCGA-W7-A93O-01A,TCGA-W7-A93O-01A,1.0,0.0,0.0,0.0,0.0
12,59327521,+,12,59370059,-,CHOL,3177,TCGA-W7-A93O-01A,TCGA-W7-A93O-01A,1.0,0.0,0.0,0.0,0.0
16,6625550,+,16,7048567,-,CHOL,3178,TCGA-W7-A93O-01A,TCGA-W7-A93O-01A,1.0,0.0,0.0,0.0,0.0
17,50670667,+,17,50674594,-,CHOL,3179,TCGA-W7-A93O-01A,TCGA-W7-A93O-01A,1.0,0.0,0.0,0.0,0.0
19,55205836,-,19,55212889,+,CHOL,3180,TCGA-W7-A93O-01A,TCGA-W7-A93O-01A,1.0,0.0,0.0,0.0,0.0
2,28573048,-,2,28769233,-,CHOL,3181,TCGA-W7-A93O-01A,TCGA-W7-A93O-01A,1.0,0.0,0.0,0.0,0.0
2,28573219,+,2,28732684,-,CHOL,3182,TCGA-W7-A93O-01A,TCGA-W7-A93O-01A,1.0,0.0,0.0,0.0,0.0
2,28573221,+,2,28758108,-,CHOL,3183,TCGA-W7-A93O-01A,TCGA-W7-A93O-01A,1.0,0.0,0.0,0.0,0.0
2,28573580,+,2,28769226,+,CHOL,3184,TCGA-W7-A93O-01A,TCGA-W7-A93O-01A,1.0,0.0,0.0,0.0,0.0
2,28758301,+,2,28768896,-,CHOL,3185,TCGA-W7-A93O-01A,TCGA-W7-A93O-01A,1.0,0.0,0.0,0.0,0.0
2,51596955,-,8,86536807,-,CHOL,3186,TCGA-W7-A93O-01A,TCGA-W7-A93O-01A,1.0,0.0,0.0,0.0,0.0
2,93108253,-,2,93204433,+,CHOL,3187,TCGA-W7-A93O-01A,TCGA-W7-A93O-01A,1.0,0.0,0.0,0.0,0.0
2,105268201,+,2,105272639,-,CHOL,3188,TCGA-W7-A93O-01A,TCGA-W7-A93O-01A,1.0,0.0,0.0,0.0,0.0
2,133288828,-,2,157717085,-,CHOL,3189,TCGA-W7-A93O-01A,TCGA-W7-A93O-01A,1.0,0.0,0.0,0.0,0.0
2,143828789,+,2,146941618,-,CHOL,3190,TCGA-W7-A93O-01A,TCGA-W7-A93O-01A,1.0,0.0,0.0,0.0,0.0
2,150375710,+,2,150746858,-,CHOL,3191,TCGA-W7-A93O-01A,TCGA-W7-A93O-01A,1.0,0.0,0.0,0.0,0.0
2,150637024,+,2,153165145,-,CHOL,3192,TCGA-W7-A93O-01A,TCGA-W7-A93O-01A,1.0,0.0,0.0,0.0,0.0
2,168373687,+,2,168426318,-,CHOL,3193,TCGA-W7-A93O-01A,TCGA-W7-A93O-01A,1.0,0.0,0.0,0.0,0.0
2,212329834,+,2,212333667,-,CHOL,3194,TCGA-W7-A93O-01A,TCGA-W7-A93O-01A,1.0,0.0,0.0,0.0,0.0
2,234249044,-,8,142742620,+,CHOL,3195,TCGA-W7-A93O-01A,TCGA-W7-A93O-01A,1.0,0.0,0.0,0.0,0.0
2,234351655,+,8,142918156,-,CHOL,3196,TCGA-W7-A93O-01A,TCGA-W7-A93O-01A,1.0,0.0,0.0,0.0,0.0
22,28669603,-,23,21032357,-,CHOL,3197,TCGA-W7-A93O-01A,TCGA-W7-A93O-01A,1.0,0.0,0.0,0.0,0.0
3,60333643,+,3,60778037,-,CHOL,3198,TCGA-W7-A93O-01A,TCGA-W7-A93O-01A,1.0,0.0,0.0,0.0,0.0
3,60392024,+,3,60749103,-,CHOL,3199,TCGA-W7-A93O-01A,TCGA-W7-A93O-01A,1.0,0.0,0.0,0.0,0.0
3,83472094,+,3,83476402,-,CHOL,3200,TCGA-W7-A93O-01A,TCGA-W7-A93O-01A,1.0,0.0,0.0,0.0,0.0
3,89362038,-,11,18909632,-,CHOL,3201,TCGA-W7-A93O-01A,TCGA-W7-A93O-01A,1.0,0.0,0.0,0.0,0.0
3,91068737,+,3,91147843,-,CHOL,3202,TCGA-W7-A93O-01A,TCGA-W7-A93O-01A,1.0,0.0,0.0,0.0,0.0
3,115703823,+,3,115846311,-,CHOL,3203,TCGA-W7-A93O-01A,TCGA-W7-A93O-01A,1.0,0.0,0.0,0.0,0.0
3,169577998,-,3,170209287,+,CHOL,3204,TCGA-W7-A93O-01A,TCGA-W7-A93O-01A,1.0,0.0,0.0,0.0,0.0
3,184438761,-,9,110144953,+,CHOL,3205,TCGA-W7-A93O-01A,TCGA-W7-A93O-01A,1.0,0.0,0.0,0.0,0.0
4,106085748,+,4,106266635,-,CHOL,3206,TCGA-W7-A93O-01A,TCGA-W7-A93O-01A,1.0,0.0,0.0,0.0,0.0
4,148520296,+,4,148790059,-,CHOL,3207,TCGA-W7-A93O-01A,TCGA-W7-A93O-01A,1.0,0.0,0.0,0.0,0.0
4,187974185,-,4,188365619,+,CHOL,3208,TCGA-W7-A93O-01A,TCGA-W7-A93O-01A,1.0,0.0,0.0,0.0,0.0
4,187974297,+,4,188137911,+,CHOL,3209,TCGA-W7-A93O-01A,TCGA-W7-A93O-01A,1.0,0.0,0.0,0.0,0.0
5,104826450,+,13,93070031,-,CHOL,3210,TCGA-W7-A93O-01A,TCGA-W7-A93O-01A,1.0,0.0,0.0,0.0,0.0
5,104831868,-,13,93070251,+,CHOL,3211,TCGA-W7-A93O-01A,TCGA-W7-A93O-01A,1.0,0.0,0.0,0.0,0.0
5,144068902,+,10,50980755,-,CHOL,3212,TCGA-W7-A93O-01A,TCGA-W7-A93O-01A,1.0,0.0,0.0,0.0,0.0
6,92520369,-,6,92522699,+,CHOL,3213,TCGA-W7-A93O-01A,TCGA-W7-A93O-01A,1.0,0.0,0.0,0.0,0.0
6,162365678,+,6,162381460,-,CHOL,3214,TCGA-W7-A93O-01A,TCGA-W7-A93O-01A,1.0,0.0,0.0,0.0,0.0
7,111344091,+,7,111403302,-,CHOL,3215,TCGA-W7-A93O-01A,TCGA-W7-A93O-01A,1.0,0.0,0.0,0.0,0.0
7,127807417,+,7,127976669,-,CHOL,3216,TCGA-W7-A93O-01A,TCGA-W7-A93O-01A,1.0,0.0,0.0,0.0,0.0
7,145535695,+,7,145539911,-,CHOL,3217,TCGA-W7-A93O-01A,TCGA-W7-A93O-01A,1.0,0.0,0.0,0.0,0.0
8,27809616,-,19,7906848,+,CHOL,3218,TCGA-W7-A93O-01A,TCGA-W7-A93O-01A,1.0,0.0,0.0,0.0,0.0
8,27809617,+,19,7906847,-,CHOL,3219,TCGA-W7-A93O-01A,TCGA-W7-A93O-01A,1.0,0.0,0.0,0.0,0.0
8,63847962,-,8,129043618,+,CHOL,3220,TCGA-W7-A93O-01A,TCGA-W7-A93O-01A,1.0,0.0,0.0,0.0,0.0
8,63848044,+,8,126226298,-,CHOL,3221,TCGA-W7-A93O-01A,TCGA-W7-A93O-01A,1.0,0.0,0.0,0.0,0.0
8,111439814,-,8,111505371,+,CHOL,3222,TCGA-W7-A93O-01A,TCGA-W7-A93O-01A,1.0,0.0,0.0,0.0,0.0
8,126226298,-,8,129043619,+,CHOL,3223,TCGA-W7-A93O-01A,TCGA-W7-A93O-01A,1.0,0.0,0.0,0.0,0.0
8,128824262,-,10,50876828,+,CHOL,3224,TCGA-W7-A93O-01A,TCGA-W7-A93O-01A,1.0,0.0,0.0,0.0,0.0
8,128974599,+,10,121913030,+,CHOL,3225,TCGA-W7-A93O-01A,TCGA-W7-A93O-01A,1.0,0.0,0.0,0.0,0.0
9,21981057,+,9,22269641,-,CHOL,3226,TCGA-W7-A93O-01A,TCGA-W7-A93O-01A,1.0,0.0,0.0,0.0,0.0
23,87582413,+,23,87599289,-,CHOL,3227,TCGA-W7-A93O-01A,TCGA-W7-A93O-01A,1.0,0.0,0.0,0.0,0.0
23,123375732,+,23,123394546,-,CHOL,3228,TCGA-W7-A93O-01A,TCGA-W7-A93O-01A,1.0,0.0,0.0,0.0,0.0
1,121035,-,1,712062,+,CHOL,3229,TCGA-W7-A93P-01A,TCGA-W7-A93P-01A,1.0,0.0,0.0,0.0,0.0
1,4702650,-,1,4703866,-,CHOL,3230,TCGA-W7-A93P-01A,TCGA-W7-A93P-01A,1.0,0.0,0.0,0.0,0.0
1,4702659,+,1,4703017,+,CHOL,3231,TCGA-W7-A93P-01A,TCGA-W7-A93P-01A,1.0,0.0,0.0,0.0,0.0
1,9849629,+,10,75287340,-,CHOL,3232,TCGA-W7-A93P-01A,TCGA-W7-A93P-01A,1.0,0.0,0.0,0.0,0.0
1,153287469,+,1,153331253,-,CHOL,3233,TCGA-W7-A93P-01A,TCGA-W7-A93P-01A,1.0,0.0,0.0,0.0,0.0
1,164502732,+,1,164673895,-,CHOL,3234,TCGA-W7-A93P-01A,TCGA-W7-A93P-01A,1.0,0.0,0.0,0.0,0.0
1,184646645,+,1,184666847,-,CHOL,3235,TCGA-W7-A93P-01A,TCGA-W7-A93P-01A,1.0,0.0,0.0,0.0,0.0
1,208352040,-,6,150078687,+,CHOL,3236,TCGA-W7-A93P-01A,TCGA-W7-A93P-01A,1.0,0.0,0.0,0.0,0.0
1,208442883,+,6,149988259,-,CHOL,3237,TCGA-W7-A93P-01A,TCGA-W7-A93P-01A,1.0,0.0,0.0,0.0,0.0
10,39574525,-,10,41282247,+,CHOL,3238,TCGA-W7-A93P-01A,TCGA-W7-A93P-01A,1.0,0.0,0.0,0.0,0.0
10,61680728,-,10,61686846,+,CHOL,3239,TCGA-W7-A93P-01A,TCGA-W7-A93P-01A,1.0,0.0,0.0,0.0,0.0
10,77748352,+,10,77750233,-,CHOL,3240,TCGA-W7-A93P-01A,TCGA-W7-A93P-01A,1.0,0.0,0.0,0.0,0.0
10,115687552,+,10,116388680,-,CHOL,3241,TCGA-W7-A93P-01A,TCGA-W7-A93P-01A,1.0,0.0,0.0,0.0,0.0
12,11228550,+,21,29586607,+,CHOL,3242,TCGA-W7-A93P-01A,TCGA-W7-A93P-01A,1.0,0.0,0.0,0.0,0.0
12,49076710,-,12,111450071,-,CHOL,3243,TCGA-W7-A93P-01A,TCGA-W7-A93P-01A,1.0,0.0,0.0,0.0,0.0
12,88398786,-,12,88400451,+,CHOL,3244,TCGA-W7-A93P-01A,TCGA-W7-A93P-01A,1.0,0.0,0.0,0.0,0.0
12,92683113,+,12,92720783,-,CHOL,3245,TCGA-W7-A93P-01A,TCGA-W7-A93P-01A,1.0,0.0,0.0,0.0,0.0
13,49703879,+,13,49726221,-,CHOL,3246,TCGA-W7-A93P-01A,TCGA-W7-A93P-01A,1.0,0.0,0.0,0.0,0.0
13,75414956,+,13,75935617,-,CHOL,3247,TCGA-W7-A93P-01A,TCGA-W7-A93P-01A,1.0,0.0,0.0,0.0,0.0
15,81074935,-,15,81185481,+,CHOL,3248,TCGA-W7-A93P-01A,TCGA-W7-A93P-01A,1.0,0.0,0.0,0.0,0.0
15,99283971,+,15,99530622,-,CHOL,3249,TCGA-W7-A93P-01A,TCGA-W7-A93P-01A,1.0,0.0,0.0,0.0,0.0
16,10190261,-,18,46830246,-,CHOL,3250,TCGA-W7-A93P-01A,TCGA-W7-A93P-01A,1.0,0.0,0.0,0.0,0.0
16,10198966,+,18,46842026,+,CHOL,3251,TCGA-W7-A93P-01A,TCGA-W7-A93P-01A,1.0,0.0,0.0,0.0,0.0
16,53011764,+,16,53132543,-,CHOL,3252,TCGA-W7-A93P-01A,TCGA-W7-A93P-01A,1.0,0.0,0.0,0.0,0.0
16,83766240,+,16,83903394,-,CHOL,3253,TCGA-W7-A93P-01A,TCGA-W7-A93P-01A,1.0,0.0,0.0,0.0,0.0
17,60639296,+,17,60857534,-,CHOL,3254,TCGA-W7-A93P-01A,TCGA-W7-A93P-01A,1.0,0.0,0.0,0.0,0.0
18,15518242,+,18,15669870,-,CHOL,3255,TCGA-W7-A93P-01A,TCGA-W7-A93P-01A,1.0,0.0,0.0,0.0,0.0
18,15593245,+,18,15757681,-,CHOL,3256,TCGA-W7-A93P-01A,TCGA-W7-A93P-01A,1.0,0.0,0.0,0.0,0.0
18,34509183,-,20,20613237,-,CHOL,3257,TCGA-W7-A93P-01A,TCGA-W7-A93P-01A,1.0,0.0,0.0,0.0,0.0
18,39476940,-,21,14387180,-,CHOL,3258,TCGA-W7-A93P-01A,TCGA-W7-A93P-01A,1.0,0.0,0.0,0.0,0.0
18,39477188,+,21,14387179,+,CHOL,3259,TCGA-W7-A93P-01A,TCGA-W7-A93P-01A,1.0,0.0,0.0,0.0,0.0
18,44182185,+,18,44191829,-,CHOL,3260,TCGA-W7-A93P-01A,TCGA-W7-A93P-01A,1.0,0.0,0.0,0.0,0.0
18,49132167,+,18,49133731,+,CHOL,3261,TCGA-W7-A93P-01A,TCGA-W7-A93P-01A,1.0,0.0,0.0,0.0,0.0
18,50496885,-,18,51038869,-,CHOL,3262,TCGA-W7-A93P-01A,TCGA-W7-A93P-01A,1.0,0.0,0.0,0.0,0.0
18,50525268,+,18,51077131,+,CHOL,3263,TCGA-W7-A93P-01A,TCGA-W7-A93P-01A,1.0,0.0,0.0,0.0,0.0
19,41493385,+,19,46891291,-,CHOL,3264,TCGA-W7-A93P-01A,TCGA-W7-A93P-01A,1.0,0.0,0.0,0.0,0.0
2,146640064,-,2,146650113,+,CHOL,3265,TCGA-W7-A93P-01A,TCGA-W7-A93P-01A,1.0,0.0,0.0,0.0,0.0
2,151773970,-,23,71964056,+,CHOL,3266,TCGA-W7-A93P-01A,TCGA-W7-A93P-01A,1.0,0.0,0.0,0.0,0.0
2,201278453,+,2,201315264,-,CHOL,3267,TCGA-W7-A93P-01A,TCGA-W7-A93P-01A,1.0,0.0,0.0,0.0,0.0
2,223196074,+,2,223206014,-,CHOL,3268,TCGA-W7-A93P-01A,TCGA-W7-A93P-01A,1.0,0.0,0.0,0.0,0.0
2,231610622,+,2,231611464,-,CHOL,3269,TCGA-W7-A93P-01A,TCGA-W7-A93P-01A,1.0,0.0,0.0,0.0,0.0
20,23401151,-,22,32682069,+,CHOL,3270,TCGA-W7-A93P-01A,TCGA-W7-A93P-01A,1.0,0.0,0.0,0.0,0.0
20,29290740,-,24,10206428,-,CHOL,3271,TCGA-W7-A93P-01A,TCGA-W7-A93P-01A,1.0,0.0,0.0,0.0,0.0
20,42339912,+,20,44121579,-,CHOL,3272,TCGA-W7-A93P-01A,TCGA-W7-A93P-01A,1.0,0.0,0.0,0.0,0.0
20,45901258,+,20,45937609,+,CHOL,3273,TCGA-W7-A93P-01A,TCGA-W7-A93P-01A,1.0,0.0,0.0,0.0,0.0
20,45909333,-,20,45935254,-,CHOL,3274,TCGA-W7-A93P-01A,TCGA-W7-A93P-01A,1.0,0.0,0.0,0.0,0.0
3,49590565,+,3,49592442,-,CHOL,3275,TCGA-W7-A93P-01A,TCGA-W7-A93P-01A,1.0,0.0,0.0,0.0,0.0
3,84820543,-,3,84821944,-,CHOL,3276,TCGA-W7-A93P-01A,TCGA-W7-A93P-01A,1.0,0.0,0.0,0.0,0.0
3,85470872,+,3,85472185,+,CHOL,3277,TCGA-W7-A93P-01A,TCGA-W7-A93P-01A,1.0,0.0,0.0,0.0,0.0
3,91579458,+,3,93422754,-,CHOL,3278,TCGA-W7-A93P-01A,TCGA-W7-A93P-01A,1.0,0.0,0.0,0.0,0.0
3,123768649,+,3,123789974,-,CHOL,3279,TCGA-W7-A93P-01A,TCGA-W7-A93P-01A,1.0,0.0,0.0,0.0,0.0
3,182725819,-,3,182808740,+,CHOL,3280,TCGA-W7-A93P-01A,TCGA-W7-A93P-01A,1.0,0.0,0.0,0.0,0.0
4,12257262,+,4,12369247,-,CHOL,3281,TCGA-W7-A93P-01A,TCGA-W7-A93P-01A,1.0,0.0,0.0,0.0,0.0
4,67696075,+,4,67894827,-,CHOL,3282,TCGA-W7-A93P-01A,TCGA-W7-A93P-01A,1.0,0.0,0.0,0.0,0.0
4,67890183,-,4,67895013,+,CHOL,3283,TCGA-W7-A93P-01A,TCGA-W7-A93P-01A,1.0,0.0,0.0,0.0,0.0
4,69409347,+,4,69412240,-,CHOL,3284,TCGA-W7-A93P-01A,TCGA-W7-A93P-01A,1.0,0.0,0.0,0.0,0.0
4,115979775,+,15,24689640,-,CHOL,3285,TCGA-W7-A93P-01A,TCGA-W7-A93P-01A,1.0,0.0,0.0,0.0,0.0
4,127083845,+,4,127086036,-,CHOL,3286,TCGA-W7-A93P-01A,TCGA-W7-A93P-01A,1.0,0.0,0.0,0.0,0.0
5,32568283,+,23,22664739,-,CHOL,3287,TCGA-W7-A93P-01A,TCGA-W7-A93P-01A,1.0,0.0,0.0,0.0,0.0
5,49691376,-,5,49693561,+,CHOL,3288,TCGA-W7-A93P-01A,TCGA-W7-A93P-01A,1.0,0.0,0.0,0.0,0.0
5,152631200,-,5,167393274,+,CHOL,3289,TCGA-W7-A93P-01A,TCGA-W7-A93P-01A,1.0,0.0,0.0,0.0,0.0
5,160525775,+,5,161473571,-,CHOL,3290,TCGA-W7-A93P-01A,TCGA-W7-A93P-01A,1.0,0.0,0.0,0.0,0.0
6,31046744,+,6,31386798,-,CHOL,3291,TCGA-W7-A93P-01A,TCGA-W7-A93P-01A,1.0,0.0,0.0,0.0,0.0
6,60568159,-,6,61846288,+,CHOL,3292,TCGA-W7-A93P-01A,TCGA-W7-A93P-01A,1.0,0.0,0.0,0.0,0.0
6,81025435,+,6,81086153,-,CHOL,3293,TCGA-W7-A93P-01A,TCGA-W7-A93P-01A,1.0,0.0,0.0,0.0,0.0
6,161883962,-,6,162103604,+,CHOL,3294,TCGA-W7-A93P-01A,TCGA-W7-A93P-01A,1.0,0.0,0.0,0.0,0.0
7,46325751,+,7,46327647,-,CHOL,3295,TCGA-W7-A93P-01A,TCGA-W7-A93P-01A,1.0,0.0,0.0,0.0,0.0
7,55641122,+,7,55796451,+,CHOL,3296,TCGA-W7-A93P-01A,TCGA-W7-A93P-01A,1.0,0.0,0.0,0.0,0.0
7,116769058,-,9,6304561,-,CHOL,3297,TCGA-W7-A93P-01A,TCGA-W7-A93P-01A,1.0,0.0,0.0,0.0,0.0
7,116798358,+,9,6285106,+,CHOL,3298,TCGA-W7-A93P-01A,TCGA-W7-A93P-01A,1.0,0.0,0.0,0.0,0.0
8,41998464,+,8,42042082,-,CHOL,3299,TCGA-W7-A93P-01A,TCGA-W7-A93P-01A,1.0,0.0,0.0,0.0,0.0
8,109578588,-,8,109625209,+,CHOL,3300,TCGA-W7-A93P-01A,TCGA-W7-A93P-01A,1.0,0.0,0.0,0.0,0.0
8,140228462,+,8,140233175,-,CHOL,3301,TCGA-W7-A93P-01A,TCGA-W7-A93P-01A,1.0,0.0,0.0,0.0,0.0
9,23275239,-,9,24186715,-,CHOL,3302,TCGA-W7-A93P-01A,TCGA-W7-A93P-01A,1.0,0.0,0.0,0.0,0.0
9,95282099,+,24,13212807,+,CHOL,3303,TCGA-W7-A93P-01A,TCGA-W7-A93P-01A,1.0,0.0,0.0,0.0,0.0
9,100550159,+,9,100701373,-,CHOL,3304,TCGA-W7-A93P-01A,TCGA-W7-A93P-01A,1.0,0.0,0.0,0.0,0.0
9,118717348,-,9,118764977,+,CHOL,3305,TCGA-W7-A93P-01A,TCGA-W7-A93P-01A,1.0,0.0,0.0,0.0,0.0
23,68411740,-,23,68423528,-,CHOL,3306,TCGA-W7-A93P-01A,TCGA-W7-A93P-01A,1.0,0.0,0.0,0.0,0.0
23,68435704,-,23,68465500,+,CHOL,3307,TCGA-W7-A93P-01A,TCGA-W7-A93P-01A,1.0,0.0,0.0,0.0,0.0
23,68435800,+,23,68465498,-,CHOL,3308,TCGA-W7-A93P-01A,TCGA-W7-A93P-01A,1.0,0.0,0.0,0.0,0.0
23,80281590,+,23,80312704,-,CHOL,3309,TCGA-W7-A93P-01A,TCGA-W7-A93P-01A,1.0,0.0,0.0,0.0,0.0
1,27242407,-,1,31673980,-,CHOL,3310,TCGA-WD-A7RX-01A,TCGA-WD-A7RX-01A,1.0,0.0,0.0,0.0,0.0
1,27244080,+,4,55508392,-,CHOL,3311,TCGA-WD-A7RX-01A,TCGA-WD-A7RX-01A,1.0,0.0,0.0,0.0,0.0
1,231615400,+,5,31302867,+,CHOL,3312,TCGA-WD-A7RX-01A,TCGA-WD-A7RX-01A,1.0,0.0,0.0,0.0,0.0
11,50428501,-,11,50429633,-,CHOL,3313,TCGA-WD-A7RX-01A,TCGA-WD-A7RX-01A,1.0,0.0,0.0,0.0,0.0
11,54371708,+,11,54420810,-,CHOL,3314,TCGA-WD-A7RX-01A,TCGA-WD-A7RX-01A,1.0,0.0,0.0,0.0,0.0
11,54965236,+,11,54968186,-,CHOL,3315,TCGA-WD-A7RX-01A,TCGA-WD-A7RX-01A,1.0,0.0,0.0,0.0,0.0
11,54979454,+,11,60227235,-,CHOL,3316,TCGA-WD-A7RX-01A,TCGA-WD-A7RX-01A,1.0,0.0,0.0,0.0,0.0
11,61156605,-,11,69657115,+,CHOL,3317,TCGA-WD-A7RX-01A,TCGA-WD-A7RX-01A,1.0,0.0,0.0,0.0,0.0
11,61157129,+,11,61321468,-,CHOL,3318,TCGA-WD-A7RX-01A,TCGA-WD-A7RX-01A,1.0,0.0,0.0,0.0,0.0
11,61792038,-,11,76874398,-,CHOL,3319,TCGA-WD-A7RX-01A,TCGA-WD-A7RX-01A,1.0,0.0,0.0,0.0,0.0
11,62333257,+,11,76355564,-,CHOL,3320,TCGA-WD-A7RX-01A,TCGA-WD-A7RX-01A,1.0,0.0,0.0,0.0,0.0
11,63137769,-,11,77510425,+,CHOL,3321,TCGA-WD-A7RX-01A,TCGA-WD-A7RX-01A,1.0,0.0,0.0,0.0,0.0
11,63862454,+,11,69656029,-,CHOL,3322,TCGA-WD-A7RX-01A,TCGA-WD-A7RX-01A,1.0,0.0,0.0,0.0,0.0
11,63866273,-,11,70629315,+,CHOL,3323,TCGA-WD-A7RX-01A,TCGA-WD-A7RX-01A,1.0,0.0,0.0,0.0,0.0
11,63867139,+,11,73007911,+,CHOL,3324,TCGA-WD-A7RX-01A,TCGA-WD-A7RX-01A,1.0,0.0,0.0,0.0,0.0
11,67164346,-,11,77615839,+,CHOL,3325,TCGA-WD-A7RX-01A,TCGA-WD-A7RX-01A,1.0,0.0,0.0,0.0,0.0
11,72833892,-,11,75614391,-,CHOL,3326,TCGA-WD-A7RX-01A,TCGA-WD-A7RX-01A,1.0,0.0,0.0,0.0,0.0
11,73003222,-,11,82026633,-,CHOL,3327,TCGA-WD-A7RX-01A,TCGA-WD-A7RX-01A,1.0,0.0,0.0,0.0,0.0
11,73011965,-,11,82663455,-,CHOL,3328,TCGA-WD-A7RX-01A,TCGA-WD-A7RX-01A,1.0,0.0,0.0,0.0,0.0
11,74141607,+,11,74146934,-,CHOL,3329,TCGA-WD-A7RX-01A,TCGA-WD-A7RX-01A,1.0,0.0,0.0,0.0,0.0
11,74512093,+,11,74825258,-,CHOL,3330,TCGA-WD-A7RX-01A,TCGA-WD-A7RX-01A,1.0,0.0,0.0,0.0,0.0
11,74688934,+,11,76122193,-,CHOL,3331,TCGA-WD-A7RX-01A,TCGA-WD-A7RX-01A,1.0,0.0,0.0,0.0,0.0
11,75943247,-,11,79536298,-,CHOL,3332,TCGA-WD-A7RX-01A,TCGA-WD-A7RX-01A,1.0,0.0,0.0,0.0,0.0
11,77078018,+,11,82024415,+,CHOL,3333,TCGA-WD-A7RX-01A,TCGA-WD-A7RX-01A,1.0,0.0,0.0,0.0,0.0
11,79350088,-,11,82033807,+,CHOL,3334,TCGA-WD-A7RX-01A,TCGA-WD-A7RX-01A,1.0,0.0,0.0,0.0,0.0
11,79496756,+,11,80469201,+,CHOL,3335,TCGA-WD-A7RX-01A,TCGA-WD-A7RX-01A,1.0,0.0,0.0,0.0,0.0
12,5924744,+,12,17959778,+,CHOL,3336,TCGA-WD-A7RX-01A,TCGA-WD-A7RX-01A,1.0,0.0,0.0,0.0,0.0
12,5924899,-,15,59426597,+,CHOL,3337,TCGA-WD-A7RX-01A,TCGA-WD-A7RX-01A,1.0,0.0,0.0,0.0,0.0
12,24669567,-,15,27314680,+,CHOL,3338,TCGA-WD-A7RX-01A,TCGA-WD-A7RX-01A,1.0,0.0,0.0,0.0,0.0
12,36637170,+,12,37062398,-,CHOL,3339,TCGA-WD-A7RX-01A,TCGA-WD-A7RX-01A,1.0,0.0,0.0,0.0,0.0
12,78770156,+,15,59426682,-,CHOL,3340,TCGA-WD-A7RX-01A,TCGA-WD-A7RX-01A,1.0,0.0,0.0,0.0,0.0
14,64776355,+,14,64777367,-,CHOL,3341,TCGA-WD-A7RX-01A,TCGA-WD-A7RX-01A,1.0,0.0,0.0,0.0,0.0
19,19930583,-,19,19959310,+,CHOL,3342,TCGA-WD-A7RX-01A,TCGA-WD-A7RX-01A,1.0,0.0,0.0,0.0,0.0
2,81842211,-,6,100584446,-,CHOL,3343,TCGA-WD-A7RX-01A,TCGA-WD-A7RX-01A,1.0,0.0,0.0,0.0,0.0
2,93375664,-,2,93671884,+,CHOL,3344,TCGA-WD-A7RX-01A,TCGA-WD-A7RX-01A,1.0,0.0,0.0,0.0,0.0
3,52573802,-,3,52600411,+,CHOL,3345,TCGA-WD-A7RX-01A,TCGA-WD-A7RX-01A,1.0,0.0,0.0,0.0,0.0
3,71008508,+,5,144927334,-,CHOL,3346,TCGA-WD-A7RX-01A,TCGA-WD-A7RX-01A,1.0,0.0,0.0,0.0,0.0
3,71018366,-,5,145982462,-,CHOL,3347,TCGA-WD-A7RX-01A,TCGA-WD-A7RX-01A,1.0,0.0,0.0,0.0,0.0
3,89303545,-,6,71667454,-,CHOL,3348,TCGA-WD-A7RX-01A,TCGA-WD-A7RX-01A,1.0,0.0,0.0,0.0,0.0
3,89588157,+,6,71548064,+,CHOL,3349,TCGA-WD-A7RX-01A,TCGA-WD-A7RX-01A,1.0,0.0,0.0,0.0,0.0
3,90955491,+,3,91261993,+,CHOL,3350,TCGA-WD-A7RX-01A,TCGA-WD-A7RX-01A,1.0,0.0,0.0,0.0,0.0
3,91445743,-,6,76880260,+,CHOL,3351,TCGA-WD-A7RX-01A,TCGA-WD-A7RX-01A,1.0,0.0,0.0,0.0,0.0
3,188365195,+,3,189459312,-,CHOL,3352,TCGA-WD-A7RX-01A,TCGA-WD-A7RX-01A,1.0,0.0,0.0,0.0,0.0
4,55508371,+,15,47511966,-,CHOL,3353,TCGA-WD-A7RX-01A,TCGA-WD-A7RX-01A,1.0,0.0,0.0,0.0,0.0
4,91468171,+,5,119292130,+,CHOL,3354,TCGA-WD-A7RX-01A,TCGA-WD-A7RX-01A,1.0,0.0,0.0,0.0,0.0
4,103143468,+,5,119101689,-,CHOL,3355,TCGA-WD-A7RX-01A,TCGA-WD-A7RX-01A,1.0,0.0,0.0,0.0,0.0
4,127722294,-,11,74828647,-,CHOL,3356,TCGA-WD-A7RX-01A,TCGA-WD-A7RX-01A,1.0,0.0,0.0,0.0,0.0
4,127722427,+,11,75898020,+,CHOL,3357,TCGA-WD-A7RX-01A,TCGA-WD-A7RX-01A,1.0,0.0,0.0,0.0,0.0
5,49792623,+,5,49929219,-,CHOL,3358,TCGA-WD-A7RX-01A,TCGA-WD-A7RX-01A,1.0,0.0,0.0,0.0,0.0
5,144922390,+,5,145199093,+,CHOL,3359,TCGA-WD-A7RX-01A,TCGA-WD-A7RX-01A,1.0,0.0,0.0,0.0,0.0
5,145026232,+,5,145968284,+,CHOL,3360,TCGA-WD-A7RX-01A,TCGA-WD-A7RX-01A,1.0,0.0,0.0,0.0,0.0
5,145027012,-,5,145224115,-,CHOL,3361,TCGA-WD-A7RX-01A,TCGA-WD-A7RX-01A,1.0,0.0,0.0,0.0,0.0
6,63607679,+,6,72602544,-,CHOL,3362,TCGA-WD-A7RX-01A,TCGA-WD-A7RX-01A,1.0,0.0,0.0,0.0,0.0
6,69996271,-,6,75927767,-,CHOL,3363,TCGA-WD-A7RX-01A,TCGA-WD-A7RX-01A,1.0,0.0,0.0,0.0,0.0
6,71629045,-,6,71670554,+,CHOL,3364,TCGA-WD-A7RX-01A,TCGA-WD-A7RX-01A,1.0,0.0,0.0,0.0,0.0
6,71665946,+,6,82880270,+,CHOL,3365,TCGA-WD-A7RX-01A,TCGA-WD-A7RX-01A,1.0,0.0,0.0,0.0,0.0
6,71673810,-,6,82870949,+,CHOL,3366,TCGA-WD-A7RX-01A,TCGA-WD-A7RX-01A,1.0,0.0,0.0,0.0,0.0
6,71678297,+,6,82871141,-,CHOL,3367,TCGA-WD-A7RX-01A,TCGA-WD-A7RX-01A,1.0,0.0,0.0,0.0,0.0
6,72708694,+,6,72713351,-,CHOL,3368,TCGA-WD-A7RX-01A,TCGA-WD-A7RX-01A,1.0,0.0,0.0,0.0,0.0
6,72870906,+,6,77593414,-,CHOL,3369,TCGA-WD-A7RX-01A,TCGA-WD-A7RX-01A,1.0,0.0,0.0,0.0,0.0
6,76060930,+,6,77078541,+,CHOL,3370,TCGA-WD-A7RX-01A,TCGA-WD-A7RX-01A,1.0,0.0,0.0,0.0,0.0
6,76644899,-,6,79105170,-,CHOL,3371,TCGA-WD-A7RX-01A,TCGA-WD-A7RX-01A,1.0,0.0,0.0,0.0,0.0
6,76880519,-,6,77593067,+,CHOL,3372,TCGA-WD-A7RX-01A,TCGA-WD-A7RX-01A,1.0,0.0,0.0,0.0,0.0
6,77196290,-,6,77733128,+,CHOL,3373,TCGA-WD-A7RX-01A,TCGA-WD-A7RX-01A,1.0,0.0,0.0,0.0,0.0
8,16323742,+,8,117501013,-,CHOL,3374,TCGA-WD-A7RX-01A,TCGA-WD-A7RX-01A,1.0,0.0,0.0,0.0,0.0
8,36241086,-,11,50429745,+,CHOL,3375,TCGA-WD-A7RX-01A,TCGA-WD-A7RX-01A,1.0,0.0,0.0,0.0,0.0
8,36241087,-,11,50428502,-,CHOL,3376,TCGA-WD-A7RX-01A,TCGA-WD-A7RX-01A,1.0,0.0,0.0,0.0,0.0
8,36555226,+,11,60426492,+,CHOL,3377,TCGA-WD-A7RX-01A,TCGA-WD-A7RX-01A,1.0,0.0,0.0,0.0,0.0
8,36670884,-,11,68052861,+,CHOL,3378,TCGA-WD-A7RX-01A,TCGA-WD-A7RX-01A,1.0,0.0,0.0,0.0,0.0
8,77200005,-,14,80062890,+,CHOL,3379,TCGA-WD-A7RX-01A,TCGA-WD-A7RX-01A,1.0,0.0,0.0,0.0,0.0
8,117501029,-,8,117501925,-,CHOL,3380,TCGA-WD-A7RX-01A,TCGA-WD-A7RX-01A,1.0,0.0,0.0,0.0,0.0
8,117501223,+,8,117502118,+,CHOL,3381,TCGA-WD-A7RX-01A,TCGA-WD-A7RX-01A,1.0,0.0,0.0,0.0,0.0
1,85881927,-,15,23041427,-,CHOL,3382,TCGA-ZD-A8I3-01A,TCGA-ZD-A8I3-01A,1.0,0.0,0.0,0.0,0.0
10,91097944,-,23,78664992,-,CHOL,3383,TCGA-ZD-A8I3-01A,TCGA-ZD-A8I3-01A,1.0,0.0,0.0,0.0,0.0
11,53049236,+,11,54128564,-,CHOL,3384,TCGA-ZD-A8I3-01A,TCGA-ZD-A8I3-01A,1.0,0.0,0.0,0.0,0.0
11,54960925,+,23,58406457,-,CHOL,3385,TCGA-ZD-A8I3-01A,TCGA-ZD-A8I3-01A,1.0,0.0,0.0,0.0,0.0
11,68491988,-,11,70675197,+,CHOL,3386,TCGA-ZD-A8I3-01A,TCGA-ZD-A8I3-01A,1.0,0.0,0.0,0.0,0.0
11,69874558,+,11,70477539,-,CHOL,3387,TCGA-ZD-A8I3-01A,TCGA-ZD-A8I3-01A,1.0,0.0,0.0,0.0,0.0
12,34832618,-,12,37250857,+,CHOL,3388,TCGA-ZD-A8I3-01A,TCGA-ZD-A8I3-01A,1.0,0.0,0.0,0.0,0.0
12,34936176,-,12,36390090,+,CHOL,3389,TCGA-ZD-A8I3-01A,TCGA-ZD-A8I3-01A,1.0,0.0,0.0,0.0,0.0
12,76772645,-,19,10715008,-,CHOL,3390,TCGA-ZD-A8I3-01A,TCGA-ZD-A8I3-01A,1.0,0.0,0.0,0.0,0.0
14,66361596,+,14,66369624,+,CHOL,3391,TCGA-ZD-A8I3-01A,TCGA-ZD-A8I3-01A,1.0,0.0,0.0,0.0,0.0
14,66362863,-,22,24555332,-,CHOL,3392,TCGA-ZD-A8I3-01A,TCGA-ZD-A8I3-01A,1.0,0.0,0.0,0.0,0.0
14,66370983,-,22,24555280,+,CHOL,3393,TCGA-ZD-A8I3-01A,TCGA-ZD-A8I3-01A,1.0,0.0,0.0,0.0,0.0
16,36342249,+,16,36378909,-,CHOL,3394,TCGA-ZD-A8I3-01A,TCGA-ZD-A8I3-01A,1.0,0.0,0.0,0.0,0.0
17,23009332,+,17,23175901,-,CHOL,3395,TCGA-ZD-A8I3-01A,TCGA-ZD-A8I3-01A,1.0,0.0,0.0,0.0,0.0
17,50734316,+,17,50735879,-,CHOL,3396,TCGA-ZD-A8I3-01A,TCGA-ZD-A8I3-01A,1.0,0.0,0.0,0.0,0.0
18,28917589,+,18,29023147,-,CHOL,3397,TCGA-ZD-A8I3-01A,TCGA-ZD-A8I3-01A,1.0,0.0,0.0,0.0,0.0
18,28971497,+,18,28996375,-,CHOL,3398,TCGA-ZD-A8I3-01A,TCGA-ZD-A8I3-01A,1.0,0.0,0.0,0.0,0.0
21,33185930,+,21,33195497,-,CHOL,3399,TCGA-ZD-A8I3-01A,TCGA-ZD-A8I3-01A,1.0,0.0,0.0,0.0,0.0
3,11530654,+,3,11628179,+,CHOL,3400,TCGA-ZD-A8I3-01A,TCGA-ZD-A8I3-01A,1.0,0.0,0.0,0.0,0.0
3,11548564,-,3,11647411,-,CHOL,3401,TCGA-ZD-A8I3-01A,TCGA-ZD-A8I3-01A,1.0,0.0,0.0,0.0,0.0
3,25897650,+,16,19321666,-,CHOL,3402,TCGA-ZD-A8I3-01A,TCGA-ZD-A8I3-01A,1.0,0.0,0.0,0.0,0.0
3,90966222,-,3,91198156,+,CHOL,3403,TCGA-ZD-A8I3-01A,TCGA-ZD-A8I3-01A,1.0,0.0,0.0,0.0,0.0
3,91066551,-,3,91189749,+,CHOL,3404,TCGA-ZD-A8I3-01A,TCGA-ZD-A8I3-01A,1.0,0.0,0.0,0.0,0.0
4,50830005,-,4,51613151,+,CHOL,3405,TCGA-ZD-A8I3-01A,TCGA-ZD-A8I3-01A,1.0,0.0,0.0,0.0,0.0
5,49739896,+,5,49759267,-,CHOL,3406,TCGA-ZD-A8I3-01A,TCGA-ZD-A8I3-01A,1.0,0.0,0.0,0.0,0.0
5,100963192,+,5,131680486,+,CHOL,3407,TCGA-ZD-A8I3-01A,TCGA-ZD-A8I3-01A,1.0,0.0,0.0,0.0,0.0
5,100963195,-,5,131680330,-,CHOL,3408,TCGA-ZD-A8I3-01A,TCGA-ZD-A8I3-01A,1.0,0.0,0.0,0.0,0.0
5,116084183,-,16,11365881,-,CHOL,3409,TCGA-ZD-A8I3-01A,TCGA-ZD-A8I3-01A,1.0,0.0,0.0,0.0,0.0
5,152748688,+,10,93358441,-,CHOL,3410,TCGA-ZD-A8I3-01A,TCGA-ZD-A8I3-01A,1.0,0.0,0.0,0.0,0.0
6,70320350,+,6,71007054,-,CHOL,3411,TCGA-ZD-A8I3-01A,TCGA-ZD-A8I3-01A,1.0,0.0,0.0,0.0,0.0
6,71036836,+,6,78484986,-,CHOL,3412,TCGA-ZD-A8I3-01A,TCGA-ZD-A8I3-01A,1.0,0.0,0.0,0.0,0.0
6,80298902,+,18,29011901,+,CHOL,3413,TCGA-ZD-A8I3-01A,TCGA-ZD-A8I3-01A,1.0,0.0,0.0,0.0,0.0
6,80775344,-,6,80775668,-,CHOL,3414,TCGA-ZD-A8I3-01A,TCGA-ZD-A8I3-01A,1.0,0.0,0.0,0.0,0.0
6,80775664,+,18,28917588,-,CHOL,3415,TCGA-ZD-A8I3-01A,TCGA-ZD-A8I3-01A,1.0,0.0,0.0,0.0,0.0
6,80775668,-,18,28917589,-,CHOL,3416,TCGA-ZD-A8I3-01A,TCGA-ZD-A8I3-01A,1.0,0.0,0.0,0.0,0.0
6,82030082,+,15,23041728,+,CHOL,3417,TCGA-ZD-A8I3-01A,TCGA-ZD-A8I3-01A,1.0,0.0,0.0,0.0,0.0
7,57673074,+,20,26263581,+,CHOL,3418,TCGA-ZD-A8I3-01A,TCGA-ZD-A8I3-01A,1.0,0.0,0.0,0.0,0.0
7,150181979,+,7,153785426,+,CHOL,3419,TCGA-ZD-A8I3-01A,TCGA-ZD-A8I3-01A,1.0,0.0,0.0,0.0,0.0
23,26954835,+,23,27143324,-,CHOL,3420,TCGA-ZD-A8I3-01A,TCGA-ZD-A8I3-01A,1.0,0.0,0.0,0.0,0.0
23,73022914,+,23,76449436,-,CHOL,3421,TCGA-ZD-A8I3-01A,TCGA-ZD-A8I3-01A,1.0,0.0,0.0,0.0,0.0
23,73267007,-,23,76233784,+,CHOL,3422,TCGA-ZD-A8I3-01A,TCGA-ZD-A8I3-01A,1.0,0.0,0.0,0.0,0.0
23,116507131,+,23,117522624,-,CHOL,3423,TCGA-ZD-A8I3-01A,TCGA-ZD-A8I3-01A,1.0,0.0,0.0,0.0,0.0
23,117652440,+,23,117748068,-,CHOL,3424,TCGA-ZD-A8I3-01A,TCGA-ZD-A8I3-01A,1.0,0.0,0.0,0.0,0.0
1,36987026,-,21,32865247,-,CHOL,3425,TCGA-ZH-A8Y1-01A,TCGA-ZH-A8Y1-01A,1.0,0.0,0.0,0.0,0.0
1,232135860,+,7,40761024,+,CHOL,3426,TCGA-ZH-A8Y1-01A,TCGA-ZH-A8Y1-01A,1.0,0.0,0.0,0.0,0.0
10,82806255,+,10,82810118,-,CHOL,3427,TCGA-ZH-A8Y1-01A,TCGA-ZH-A8Y1-01A,1.0,0.0,0.0,0.0,0.0
10,87993958,+,10,108815481,-,CHOL,3428,TCGA-ZH-A8Y1-01A,TCGA-ZH-A8Y1-01A,1.0,0.0,0.0,0.0,0.0
11,53159475,-,11,53498037,+,CHOL,3429,TCGA-ZH-A8Y1-01A,TCGA-ZH-A8Y1-01A,1.0,0.0,0.0,0.0,0.0
12,14414793,+,12,14441570,-,CHOL,3430,TCGA-ZH-A8Y1-01A,TCGA-ZH-A8Y1-01A,1.0,0.0,0.0,0.0,0.0
12,97827326,+,23,53689242,+,CHOL,3431,TCGA-ZH-A8Y1-01A,TCGA-ZH-A8Y1-01A,1.0,0.0,0.0,0.0,0.0
13,18511379,-,21,13139786,+,CHOL,3432,TCGA-ZH-A8Y1-01A,TCGA-ZH-A8Y1-01A,1.0,0.0,0.0,0.0,0.0
13,18698145,+,21,44977431,-,CHOL,3433,TCGA-ZH-A8Y1-01A,TCGA-ZH-A8Y1-01A,1.0,0.0,0.0,0.0,0.0
17,22894261,-,17,22922845,+,CHOL,3434,TCGA-ZH-A8Y1-01A,TCGA-ZH-A8Y1-01A,1.0,0.0,0.0,0.0,0.0
18,47824348,+,18,47963237,-,CHOL,3435,TCGA-ZH-A8Y1-01A,TCGA-ZH-A8Y1-01A,1.0,0.0,0.0,0.0,0.0
2,65106669,+,23,68896341,-,CHOL,3436,TCGA-ZH-A8Y1-01A,TCGA-ZH-A8Y1-01A,1.0,0.0,0.0,0.0,0.0
20,29747289,+,20,30493756,-,CHOL,3437,TCGA-ZH-A8Y1-01A,TCGA-ZH-A8Y1-01A,1.0,0.0,0.0,0.0,0.0
3,2425864,+,3,18815770,+,CHOL,3438,TCGA-ZH-A8Y1-01A,TCGA-ZH-A8Y1-01A,1.0,0.0,0.0,0.0,0.0
3,2425895,-,3,2637136,-,CHOL,3439,TCGA-ZH-A8Y1-01A,TCGA-ZH-A8Y1-01A,1.0,0.0,0.0,0.0,0.0
3,2637106,+,3,27178850,-,CHOL,3440,TCGA-ZH-A8Y1-01A,TCGA-ZH-A8Y1-01A,1.0,0.0,0.0,0.0,0.0
3,17394824,+,3,81536272,+,CHOL,3441,TCGA-ZH-A8Y1-01A,TCGA-ZH-A8Y1-01A,1.0,0.0,0.0,0.0,0.0
3,17394928,-,3,81367424,-,CHOL,3442,TCGA-ZH-A8Y1-01A,TCGA-ZH-A8Y1-01A,1.0,0.0,0.0,0.0,0.0
3,18816042,-,3,27133452,+,CHOL,3443,TCGA-ZH-A8Y1-01A,TCGA-ZH-A8Y1-01A,1.0,0.0,0.0,0.0,0.0
3,23335820,+,3,81365585,+,CHOL,3444,TCGA-ZH-A8Y1-01A,TCGA-ZH-A8Y1-01A,1.0,0.0,0.0,0.0,0.0
3,23335852,-,3,81536400,-,CHOL,3445,TCGA-ZH-A8Y1-01A,TCGA-ZH-A8Y1-01A,1.0,0.0,0.0,0.0,0.0
3,44418917,+,3,86145937,-,CHOL,3446,TCGA-ZH-A8Y1-01A,TCGA-ZH-A8Y1-01A,1.0,0.0,0.0,0.0,0.0
4,28841844,+,4,29073675,-,CHOL,3447,TCGA-ZH-A8Y1-01A,TCGA-ZH-A8Y1-01A,1.0,0.0,0.0,0.0,0.0
5,49671645,+,5,49694621,-,CHOL,3448,TCGA-ZH-A8Y1-01A,TCGA-ZH-A8Y1-01A,1.0,0.0,0.0,0.0,0.0
5,49853425,-,5,49855792,+,CHOL,3449,TCGA-ZH-A8Y1-01A,TCGA-ZH-A8Y1-01A,1.0,0.0,0.0,0.0,0.0
6,59268407,-,6,59778928,+,CHOL,3450,TCGA-ZH-A8Y1-01A,TCGA-ZH-A8Y1-01A,1.0,0.0,0.0,0.0,0.0
6,107117581,-,6,128229412,+,CHOL,3451,TCGA-ZH-A8Y1-01A,TCGA-ZH-A8Y1-01A,1.0,0.0,0.0,0.0,0.0
6,107117624,+,6,116043006,-,CHOL,3452,TCGA-ZH-A8Y1-01A,TCGA-ZH-A8Y1-01A,1.0,0.0,0.0,0.0,0.0
6,116018633,+,10,121501092,-,CHOL,3453,TCGA-ZH-A8Y1-01A,TCGA-ZH-A8Y1-01A,1.0,0.0,0.0,0.0,0.0
6,128231918,-,10,110299931,+,CHOL,3454,TCGA-ZH-A8Y1-01A,TCGA-ZH-A8Y1-01A,1.0,0.0,0.0,0.0,0.0
7,5369145,-,7,5386424,+,CHOL,3455,TCGA-ZH-A8Y1-01A,TCGA-ZH-A8Y1-01A,1.0,0.0,0.0,0.0,0.0
7,55875403,-,16,34611549,-,CHOL,3456,TCGA-ZH-A8Y1-01A,TCGA-ZH-A8Y1-01A,1.0,0.0,0.0,0.0,0.0
8,77326802,-,18,52205926,+,CHOL,3457,TCGA-ZH-A8Y1-01A,TCGA-ZH-A8Y1-01A,1.0,0.0,0.0,0.0,0.0
9,43557655,+,9,44416147,-,CHOL,3458,TCGA-ZH-A8Y1-01A,TCGA-ZH-A8Y1-01A,1.0,0.0,0.0,0.0,0.0
9,128461803,+,9,128463238,-,CHOL,3459,TCGA-ZH-A8Y1-01A,TCGA-ZH-A8Y1-01A,1.0,0.0,0.0,0.0,0.0
9,128787142,+,23,53689283,-,CHOL,3460,TCGA-ZH-A8Y1-01A,TCGA-ZH-A8Y1-01A,1.0,0.0,0.0,0.0,0.0
23,152173476,+,23,153332780,-,CHOL,3461,TCGA-ZH-A8Y1-01A,TCGA-ZH-A8Y1-01A,1.0,0.0,0.0,0.0,0.0
1,82583937,-,10,9961461,+,CHOL,3462,TCGA-ZH-A8Y2-01A,TCGA-ZH-A8Y2-01A,1.0,0.0,0.0,0.0,0.0
1,156165516,+,1,158859543,-,CHOL,3463,TCGA-ZH-A8Y2-01A,TCGA-ZH-A8Y2-01A,1.0,0.0,0.0,0.0,0.0
1,179840893,-,18,7012478,-,CHOL,3464,TCGA-ZH-A8Y2-01A,TCGA-ZH-A8Y2-01A,1.0,0.0,0.0,0.0,0.0
1,206644121,+,1,206645005,-,CHOL,3465,TCGA-ZH-A8Y2-01A,TCGA-ZH-A8Y2-01A,1.0,0.0,0.0,0.0,0.0
1,207941412,-,17,78309954,+,CHOL,3466,TCGA-ZH-A8Y2-01A,TCGA-ZH-A8Y2-01A,1.0,0.0,0.0,0.0,0.0
1,215912515,-,5,31849919,-,CHOL,3467,TCGA-ZH-A8Y2-01A,TCGA-ZH-A8Y2-01A,1.0,0.0,0.0,0.0,0.0
1,221312387,+,17,78310218,-,CHOL,3468,TCGA-ZH-A8Y2-01A,TCGA-ZH-A8Y2-01A,1.0,0.0,0.0,0.0,0.0
10,29678740,-,17,36724628,-,CHOL,3469,TCGA-ZH-A8Y2-01A,TCGA-ZH-A8Y2-01A,1.0,0.0,0.0,0.0,0.0
10,29770634,-,17,6751527,+,CHOL,3470,TCGA-ZH-A8Y2-01A,TCGA-ZH-A8Y2-01A,1.0,0.0,0.0,0.0,0.0
10,55861476,+,10,56139079,+,CHOL,3471,TCGA-ZH-A8Y2-01A,TCGA-ZH-A8Y2-01A,1.0,0.0,0.0,0.0,0.0
10,56110291,-,10,56139258,-,CHOL,3472,TCGA-ZH-A8Y2-01A,TCGA-ZH-A8Y2-01A,1.0,0.0,0.0,0.0,0.0
11,37365346,+,11,37394585,-,CHOL,3473,TCGA-ZH-A8Y2-01A,TCGA-ZH-A8Y2-01A,1.0,0.0,0.0,0.0,0.0
11,54351404,+,11,54387211,-,CHOL,3474,TCGA-ZH-A8Y2-01A,TCGA-ZH-A8Y2-01A,1.0,0.0,0.0,0.0,0.0
11,85191205,+,14,87668734,-,CHOL,3475,TCGA-ZH-A8Y2-01A,TCGA-ZH-A8Y2-01A,1.0,0.0,0.0,0.0,0.0
11,104386933,+,12,92136099,-,CHOL,3476,TCGA-ZH-A8Y2-01A,TCGA-ZH-A8Y2-01A,1.0,0.0,0.0,0.0,0.0
11,104500362,+,12,92142953,+,CHOL,3477,TCGA-ZH-A8Y2-01A,TCGA-ZH-A8Y2-01A,1.0,0.0,0.0,0.0,0.0
11,124523605,+,11,124627020,-,CHOL,3478,TCGA-ZH-A8Y2-01A,TCGA-ZH-A8Y2-01A,1.0,0.0,0.0,0.0,0.0
12,48048911,-,12,50169090,-,CHOL,3479,TCGA-ZH-A8Y2-01A,TCGA-ZH-A8Y2-01A,1.0,0.0,0.0,0.0,0.0
12,49927020,+,12,53320744,-,CHOL,3480,TCGA-ZH-A8Y2-01A,TCGA-ZH-A8Y2-01A,1.0,0.0,0.0,0.0,0.0
12,54079856,+,20,30287856,-,CHOL,3481,TCGA-ZH-A8Y2-01A,TCGA-ZH-A8Y2-01A,1.0,0.0,0.0,0.0,0.0
12,133094042,-,12,133094195,+,CHOL,3482,TCGA-ZH-A8Y2-01A,TCGA-ZH-A8Y2-01A,1.0,0.0,0.0,0.0,0.0
13,18749021,-,13,18768421,+,CHOL,3483,TCGA-ZH-A8Y2-01A,TCGA-ZH-A8Y2-01A,1.0,0.0,0.0,0.0,0.0
13,18842237,+,18,14217922,+,CHOL,3484,TCGA-ZH-A8Y2-01A,TCGA-ZH-A8Y2-01A,1.0,0.0,0.0,0.0,0.0
13,84577765,+,13,84635297,-,CHOL,3485,TCGA-ZH-A8Y2-01A,TCGA-ZH-A8Y2-01A,1.0,0.0,0.0,0.0,0.0
14,56370363,-,17,54462316,+,CHOL,3486,TCGA-ZH-A8Y2-01A,TCGA-ZH-A8Y2-01A,1.0,0.0,0.0,0.0,0.0
14,104657636,+,14,104698642,-,CHOL,3487,TCGA-ZH-A8Y2-01A,TCGA-ZH-A8Y2-01A,1.0,0.0,0.0,0.0,0.0
16,28226091,+,16,28226390,+,CHOL,3488,TCGA-ZH-A8Y2-01A,TCGA-ZH-A8Y2-01A,1.0,0.0,0.0,0.0,0.0
16,28226291,-,16,28227182,-,CHOL,3489,TCGA-ZH-A8Y2-01A,TCGA-ZH-A8Y2-01A,1.0,0.0,0.0,0.0,0.0
17,13368791,-,17,51096067,+,CHOL,3490,TCGA-ZH-A8Y2-01A,TCGA-ZH-A8Y2-01A,1.0,0.0,0.0,0.0,0.0
17,78120130,+,17,78302407,-,CHOL,3491,TCGA-ZH-A8Y2-01A,TCGA-ZH-A8Y2-01A,1.0,0.0,0.0,0.0,0.0
19,14089960,-,22,20450129,+,CHOL,3492,TCGA-ZH-A8Y2-01A,TCGA-ZH-A8Y2-01A,1.0,0.0,0.0,0.0,0.0
2,86833969,+,2,86875647,-,CHOL,3493,TCGA-ZH-A8Y2-01A,TCGA-ZH-A8Y2-01A,1.0,0.0,0.0,0.0,0.0
2,86834679,-,8,100262035,-,CHOL,3494,TCGA-ZH-A8Y2-01A,TCGA-ZH-A8Y2-01A,1.0,0.0,0.0,0.0,0.0
2,86875538,+,2,119364054,+,CHOL,3495,TCGA-ZH-A8Y2-01A,TCGA-ZH-A8Y2-01A,1.0,0.0,0.0,0.0,0.0
2,119364141,-,9,10053677,-,CHOL,3496,TCGA-ZH-A8Y2-01A,TCGA-ZH-A8Y2-01A,1.0,0.0,0.0,0.0,0.0
2,187790316,-,10,111012281,+,CHOL,3497,TCGA-ZH-A8Y2-01A,TCGA-ZH-A8Y2-01A,1.0,0.0,0.0,0.0,0.0
2,187790449,+,10,111011921,-,CHOL,3498,TCGA-ZH-A8Y2-01A,TCGA-ZH-A8Y2-01A,1.0,0.0,0.0,0.0,0.0
2,187790461,+,10,111013832,+,CHOL,3499,TCGA-ZH-A8Y2-01A,TCGA-ZH-A8Y2-01A,1.0,0.0,0.0,0.0,0.0
2,197844726,-,4,73622959,-,CHOL,3500,TCGA-ZH-A8Y2-01A,TCGA-ZH-A8Y2-01A,1.0,0.0,0.0,0.0,0.0
2,201027462,-,3,25201914,-,CHOL,3501,TCGA-ZH-A8Y2-01A,TCGA-ZH-A8Y2-01A,1.0,0.0,0.0,0.0,0.0
3,91027641,-,3,91089720,+,CHOL,3502,TCGA-ZH-A8Y2-01A,TCGA-ZH-A8Y2-01A,1.0,0.0,0.0,0.0,0.0
4,72533676,+,5,101087983,+,CHOL,3503,TCGA-ZH-A8Y2-01A,TCGA-ZH-A8Y2-01A,1.0,0.0,0.0,0.0,0.0
4,73621769,-,6,122544699,-,CHOL,3504,TCGA-ZH-A8Y2-01A,TCGA-ZH-A8Y2-01A,1.0,0.0,0.0,0.0,0.0
4,73622184,+,6,122544784,+,CHOL,3505,TCGA-ZH-A8Y2-01A,TCGA-ZH-A8Y2-01A,1.0,0.0,0.0,0.0,0.0
4,73622357,-,5,97606329,-,CHOL,3506,TCGA-ZH-A8Y2-01A,TCGA-ZH-A8Y2-01A,1.0,0.0,0.0,0.0,0.0
4,73622437,+,5,97606219,-,CHOL,3507,TCGA-ZH-A8Y2-01A,TCGA-ZH-A8Y2-01A,1.0,0.0,0.0,0.0,0.0
4,73622717,+,12,77966921,-,CHOL,3508,TCGA-ZH-A8Y2-01A,TCGA-ZH-A8Y2-01A,1.0,0.0,0.0,0.0,0.0
4,172785403,+,4,172814366,-,CHOL,3509,TCGA-ZH-A8Y2-01A,TCGA-ZH-A8Y2-01A,1.0,0.0,0.0,0.0,0.0
5,27582728,+,5,27599195,-,CHOL,3510,TCGA-ZH-A8Y2-01A,TCGA-ZH-A8Y2-01A,1.0,0.0,0.0,0.0,0.0
5,56205829,-,12,55634626,+,CHOL,3511,TCGA-ZH-A8Y2-01A,TCGA-ZH-A8Y2-01A,1.0,0.0,0.0,0.0,0.0
5,56206251,+,5,95125884,-,CHOL,3512,TCGA-ZH-A8Y2-01A,TCGA-ZH-A8Y2-01A,1.0,0.0,0.0,0.0,0.0
5,156185836,-,17,28297528,-,CHOL,3513,TCGA-ZH-A8Y2-01A,TCGA-ZH-A8Y2-01A,1.0,0.0,0.0,0.0,0.0
6,58062023,+,6,60816432,-,CHOL,3514,TCGA-ZH-A8Y2-01A,TCGA-ZH-A8Y2-01A,1.0,0.0,0.0,0.0,0.0
6,74566309,+,13,104748136,-,CHOL,3515,TCGA-ZH-A8Y2-01A,TCGA-ZH-A8Y2-01A,1.0,0.0,0.0,0.0,0.0
6,74620254,-,13,104748156,+,CHOL,3516,TCGA-ZH-A8Y2-01A,TCGA-ZH-A8Y2-01A,1.0,0.0,0.0,0.0,0.0
6,82815087,-,6,82815642,-,CHOL,3517,TCGA-ZH-A8Y2-01A,TCGA-ZH-A8Y2-01A,1.0,0.0,0.0,0.0,0.0
6,82815089,+,6,82815631,+,CHOL,3518,TCGA-ZH-A8Y2-01A,TCGA-ZH-A8Y2-01A,1.0,0.0,0.0,0.0,0.0
6,127090326,+,6,127106269,-,CHOL,3519,TCGA-ZH-A8Y2-01A,TCGA-ZH-A8Y2-01A,1.0,0.0,0.0,0.0,0.0
7,75545688,+,7,75546938,-,CHOL,3520,TCGA-ZH-A8Y2-01A,TCGA-ZH-A8Y2-01A,1.0,0.0,0.0,0.0,0.0
7,92552121,-,16,64162381,+,CHOL,3521,TCGA-ZH-A8Y2-01A,TCGA-ZH-A8Y2-01A,1.0,0.0,0.0,0.0,0.0
7,130085214,+,19,8375496,-,CHOL,3522,TCGA-ZH-A8Y2-01A,TCGA-ZH-A8Y2-01A,1.0,0.0,0.0,0.0,0.0
8,42714932,+,13,82675775,+,CHOL,3523,TCGA-ZH-A8Y2-01A,TCGA-ZH-A8Y2-01A,1.0,0.0,0.0,0.0,0.0
8,51290340,+,8,51311440,-,CHOL,3524,TCGA-ZH-A8Y2-01A,TCGA-ZH-A8Y2-01A,1.0,0.0,0.0,0.0,0.0
8,89933677,+,8,89935661,-,CHOL,3525,TCGA-ZH-A8Y2-01A,TCGA-ZH-A8Y2-01A,1.0,0.0,0.0,0.0,0.0
8,95411625,+,8,95428397,+,CHOL,3526,TCGA-ZH-A8Y2-01A,TCGA-ZH-A8Y2-01A,1.0,0.0,0.0,0.0,0.0
8,95411931,-,8,95582241,-,CHOL,3527,TCGA-ZH-A8Y2-01A,TCGA-ZH-A8Y2-01A,1.0,0.0,0.0,0.0,0.0
8,100261274,+,8,100536247,-,CHOL,3528,TCGA-ZH-A8Y2-01A,TCGA-ZH-A8Y2-01A,1.0,0.0,0.0,0.0,0.0
8,100530163,+,9,10053911,+,CHOL,3529,TCGA-ZH-A8Y2-01A,TCGA-ZH-A8Y2-01A,1.0,0.0,0.0,0.0,0.0
8,110452958,+,8,110456135,-,CHOL,3530,TCGA-ZH-A8Y2-01A,TCGA-ZH-A8Y2-01A,1.0,0.0,0.0,0.0,0.0
9,9412784,+,11,104387450,-,CHOL,3531,TCGA-ZH-A8Y2-01A,TCGA-ZH-A8Y2-01A,1.0,0.0,0.0,0.0,0.0
9,20175396,+,9,23228960,-,CHOL,3532,TCGA-ZH-A8Y2-01A,TCGA-ZH-A8Y2-01A,1.0,0.0,0.0,0.0,0.0
9,80389313,+,22,28669927,+,CHOL,3533,TCGA-ZH-A8Y2-01A,TCGA-ZH-A8Y2-01A,1.0,0.0,0.0,0.0,0.0
9,80389315,-,22,28669731,-,CHOL,3534,TCGA-ZH-A8Y2-01A,TCGA-ZH-A8Y2-01A,1.0,0.0,0.0,0.0,0.0
1,101497026,-,8,133312924,+,CHOL,3535,TCGA-ZH-A8Y3-01A,TCGA-ZH-A8Y3-01A,1.0,0.0,0.0,0.0,0.0
1,118462977,-,3,78338690,-,CHOL,3536,TCGA-ZH-A8Y3-01A,TCGA-ZH-A8Y3-01A,1.0,0.0,0.0,0.0,0.0
1,166788149,-,12,14990387,-,CHOL,3537,TCGA-ZH-A8Y3-01A,TCGA-ZH-A8Y3-01A,1.0,0.0,0.0,0.0,0.0
1,226791617,-,6,15283485,+,CHOL,3538,TCGA-ZH-A8Y3-01A,TCGA-ZH-A8Y3-01A,1.0,0.0,0.0,0.0,0.0
1,228676664,+,9,22663747,-,CHOL,3539,TCGA-ZH-A8Y3-01A,TCGA-ZH-A8Y3-01A,1.0,0.0,0.0,0.0,0.0
1,241771997,+,20,31466623,+,CHOL,3540,TCGA-ZH-A8Y3-01A,TCGA-ZH-A8Y3-01A,1.0,0.0,0.0,0.0,0.0
10,18360086,-,10,19720526,-,CHOL,3541,TCGA-ZH-A8Y3-01A,TCGA-ZH-A8Y3-01A,1.0,0.0,0.0,0.0,0.0
10,18385259,+,10,19756133,-,CHOL,3542,TCGA-ZH-A8Y3-01A,TCGA-ZH-A8Y3-01A,1.0,0.0,0.0,0.0,0.0
10,72384754,+,10,73048963,+,CHOL,3543,TCGA-ZH-A8Y3-01A,TCGA-ZH-A8Y3-01A,1.0,0.0,0.0,0.0,0.0
10,72385154,-,10,72826150,-,CHOL,3544,TCGA-ZH-A8Y3-01A,TCGA-ZH-A8Y3-01A,1.0,0.0,0.0,0.0,0.0
10,82669421,+,10,82948963,-,CHOL,3545,TCGA-ZH-A8Y3-01A,TCGA-ZH-A8Y3-01A,1.0,0.0,0.0,0.0,0.0
11,99432965,+,11,99437987,-,CHOL,3546,TCGA-ZH-A8Y3-01A,TCGA-ZH-A8Y3-01A,1.0,0.0,0.0,0.0,0.0
14,81284600,+,14,81349385,-,CHOL,3547,TCGA-ZH-A8Y3-01A,TCGA-ZH-A8Y3-01A,1.0,0.0,0.0,0.0,0.0
17,21672237,+,20,25851744,-,CHOL,3548,TCGA-ZH-A8Y3-01A,TCGA-ZH-A8Y3-01A,1.0,0.0,0.0,0.0,0.0
17,41968695,+,17,42040835,-,CHOL,3549,TCGA-ZH-A8Y3-01A,TCGA-ZH-A8Y3-01A,1.0,0.0,0.0,0.0,0.0
19,24339787,-,20,8755109,-,CHOL,3550,TCGA-ZH-A8Y3-01A,TCGA-ZH-A8Y3-01A,1.0,0.0,0.0,0.0,0.0
19,57004415,+,23,92186628,-,CHOL,3551,TCGA-ZH-A8Y3-01A,TCGA-ZH-A8Y3-01A,1.0,0.0,0.0,0.0,0.0
2,103239202,+,2,103245047,-,CHOL,3552,TCGA-ZH-A8Y3-01A,TCGA-ZH-A8Y3-01A,1.0,0.0,0.0,0.0,0.0
2,220331442,-,6,136240978,+,CHOL,3553,TCGA-ZH-A8Y3-01A,TCGA-ZH-A8Y3-01A,1.0,0.0,0.0,0.0,0.0
20,13548899,+,20,26286863,-,CHOL,3554,TCGA-ZH-A8Y3-01A,TCGA-ZH-A8Y3-01A,1.0,0.0,0.0,0.0,0.0
21,30747613,+,21,31337827,-,CHOL,3555,TCGA-ZH-A8Y3-01A,TCGA-ZH-A8Y3-01A,1.0,0.0,0.0,0.0,0.0
3,91157137,-,3,91281879,-,CHOL,3556,TCGA-ZH-A8Y3-01A,TCGA-ZH-A8Y3-01A,1.0,0.0,0.0,0.0,0.0
3,99932105,+,8,127200189,-,CHOL,3557,TCGA-ZH-A8Y3-01A,TCGA-ZH-A8Y3-01A,1.0,0.0,0.0,0.0,0.0
3,99932124,-,8,127200138,+,CHOL,3558,TCGA-ZH-A8Y3-01A,TCGA-ZH-A8Y3-01A,1.0,0.0,0.0,0.0,0.0
3,109848631,+,7,8179754,+,CHOL,3559,TCGA-ZH-A8Y3-01A,TCGA-ZH-A8Y3-01A,1.0,0.0,0.0,0.0,0.0
3,110020643,-,7,152240838,-,CHOL,3560,TCGA-ZH-A8Y3-01A,TCGA-ZH-A8Y3-01A,1.0,0.0,0.0,0.0,0.0
4,97991474,+,7,19268279,+,CHOL,3561,TCGA-ZH-A8Y3-01A,TCGA-ZH-A8Y3-01A,1.0,0.0,0.0,0.0,0.0
4,101859998,+,4,101943032,-,CHOL,3562,TCGA-ZH-A8Y3-01A,TCGA-ZH-A8Y3-01A,1.0,0.0,0.0,0.0,0.0
5,49834364,-,5,49962399,+,CHOL,3563,TCGA-ZH-A8Y3-01A,TCGA-ZH-A8Y3-01A,1.0,0.0,0.0,0.0,0.0
5,84980037,-,5,91849984,-,CHOL,3564,TCGA-ZH-A8Y3-01A,TCGA-ZH-A8Y3-01A,1.0,0.0,0.0,0.0,0.0
5,84987619,+,5,101519909,-,CHOL,3565,TCGA-ZH-A8Y3-01A,TCGA-ZH-A8Y3-01A,1.0,0.0,0.0,0.0,0.0
5,87443783,-,5,101519043,+,CHOL,3566,TCGA-ZH-A8Y3-01A,TCGA-ZH-A8Y3-01A,1.0,0.0,0.0,0.0,0.0
5,88110643,+,5,101482849,+,CHOL,3567,TCGA-ZH-A8Y3-01A,TCGA-ZH-A8Y3-01A,1.0,0.0,0.0,0.0,0.0
5,108550020,+,14,62332649,+,CHOL,3568,TCGA-ZH-A8Y3-01A,TCGA-ZH-A8Y3-01A,1.0,0.0,0.0,0.0,0.0
5,108550625,-,14,62332662,+,CHOL,3569,TCGA-ZH-A8Y3-01A,TCGA-ZH-A8Y3-01A,1.0,0.0,0.0,0.0,0.0
6,50146254,+,6,50167725,-,CHOL,3570,TCGA-ZH-A8Y3-01A,TCGA-ZH-A8Y3-01A,1.0,0.0,0.0,0.0,0.0
6,50649208,+,6,50689156,-,CHOL,3571,TCGA-ZH-A8Y3-01A,TCGA-ZH-A8Y3-01A,1.0,0.0,0.0,0.0,0.0
6,123902002,-,10,19752131,+,CHOL,3572,TCGA-ZH-A8Y3-01A,TCGA-ZH-A8Y3-01A,1.0,0.0,0.0,0.0,0.0
6,124283838,+,10,18360021,+,CHOL,3573,TCGA-ZH-A8Y3-01A,TCGA-ZH-A8Y3-01A,1.0,0.0,0.0,0.0,0.0
7,4636840,+,16,11369965,+,CHOL,3574,TCGA-ZH-A8Y3-01A,TCGA-ZH-A8Y3-01A,1.0,0.0,0.0,0.0,0.0
7,8179707,-,7,152240578,+,CHOL,3575,TCGA-ZH-A8Y3-01A,TCGA-ZH-A8Y3-01A,1.0,0.0,0.0,0.0,0.0
7,14361061,+,7,152669391,-,CHOL,3576,TCGA-ZH-A8Y3-01A,TCGA-ZH-A8Y3-01A,1.0,0.0,0.0,0.0,0.0
7,14361063,-,7,152668843,+,CHOL,3577,TCGA-ZH-A8Y3-01A,TCGA-ZH-A8Y3-01A,1.0,0.0,0.0,0.0,0.0
7,19533905,+,7,19548042,-,CHOL,3578,TCGA-ZH-A8Y3-01A,TCGA-ZH-A8Y3-01A,1.0,0.0,0.0,0.0,0.0
7,85891339,+,7,86504083,-,CHOL,3579,TCGA-ZH-A8Y3-01A,TCGA-ZH-A8Y3-01A,1.0,0.0,0.0,0.0,0.0
7,121072449,+,17,47334057,+,CHOL,3580,TCGA-ZH-A8Y3-01A,TCGA-ZH-A8Y3-01A,1.0,0.0,0.0,0.0,0.0
8,75500898,+,8,80896104,-,CHOL,3581,TCGA-ZH-A8Y3-01A,TCGA-ZH-A8Y3-01A,1.0,0.0,0.0,0.0,0.0
8,85557125,+,8,86359913,-,CHOL,3582,TCGA-ZH-A8Y3-01A,TCGA-ZH-A8Y3-01A,1.0,0.0,0.0,0.0,0.0
8,106369619,-,8,106384435,+,CHOL,3583,TCGA-ZH-A8Y3-01A,TCGA-ZH-A8Y3-01A,1.0,0.0,0.0,0.0,0.0
8,129637279,+,8,133944790,-,CHOL,3584,TCGA-ZH-A8Y3-01A,TCGA-ZH-A8Y3-01A,1.0,0.0,0.0,0.0,0.0
8,133950551,+,8,139084708,-,CHOL,3585,TCGA-ZH-A8Y3-01A,TCGA-ZH-A8Y3-01A,1.0,0.0,0.0,0.0,0.0
9,9065859,+,9,9098107,-,CHOL,3586,TCGA-ZH-A8Y3-01A,TCGA-ZH-A8Y3-01A,1.0,0.0,0.0,0.0,0.0
9,16979074,+,9,16981881,-,CHOL,3587,TCGA-ZH-A8Y3-01A,TCGA-ZH-A8Y3-01A,1.0,0.0,0.0,0.0,0.0
9,35827751,+,9,35834630,-,CHOL,3588,TCGA-ZH-A8Y3-01A,TCGA-ZH-A8Y3-01A,1.0,0.0,0.0,0.0,0.0
9,84870332,-,15,76726155,+,CHOL,3589,TCGA-ZH-A8Y3-01A,TCGA-ZH-A8Y3-01A,1.0,0.0,0.0,0.0,0.0
9,114240367,+,9,114246718,-,CHOL,3590,TCGA-ZH-A8Y3-01A,TCGA-ZH-A8Y3-01A,1.0,0.0,0.0,0.0,0.0
23,54103214,+,23,107007721,-,CHOL,3591,TCGA-ZH-A8Y3-01A,TCGA-ZH-A8Y3-01A,1.0,0.0,0.0,0.0,0.0
23,54103268,-,23,71041743,-,CHOL,3592,TCGA-ZH-A8Y3-01A,TCGA-ZH-A8Y3-01A,1.0,0.0,0.0,0.0,0.0
23,71042364,+,23,107056480,+,CHOL,3593,TCGA-ZH-A8Y3-01A,TCGA-ZH-A8Y3-01A,1.0,0.0,0.0,0.0,0.0
23,107007763,+,23,107056477,-,CHOL,3594,TCGA-ZH-A8Y3-01A,TCGA-ZH-A8Y3-01A,1.0,0.0,0.0,0.0,0.0
1,8366042,+,1,8384332,-,CHOL,3595,TCGA-ZH-A8Y4-01A,TCGA-ZH-A8Y4-01A,1.0,0.0,0.0,0.0,0.0
1,9831881,+,19,3711060,+,CHOL,3596,TCGA-ZH-A8Y4-01A,TCGA-ZH-A8Y4-01A,1.0,0.0,0.0,0.0,0.0
1,29418851,+,5,95738894,+,CHOL,3597,TCGA-ZH-A8Y4-01A,TCGA-ZH-A8Y4-01A,1.0,0.0,0.0,0.0,0.0
1,33480140,-,22,46068685,-,CHOL,3598,TCGA-ZH-A8Y4-01A,TCGA-ZH-A8Y4-01A,1.0,0.0,0.0,0.0,0.0
1,60590439,-,5,168478950,-,CHOL,3599,TCGA-ZH-A8Y4-01A,TCGA-ZH-A8Y4-01A,1.0,0.0,0.0,0.0,0.0
1,92215184,+,23,40048042,+,CHOL,3600,TCGA-ZH-A8Y4-01A,TCGA-ZH-A8Y4-01A,1.0,0.0,0.0,0.0,0.0
1,119026583,+,1,119060385,-,CHOL,3601,TCGA-ZH-A8Y4-01A,TCGA-ZH-A8Y4-01A,1.0,0.0,0.0,0.0,0.0
10,32922022,-,10,32973255,+,CHOL,3602,TCGA-ZH-A8Y4-01A,TCGA-ZH-A8Y4-01A,1.0,0.0,0.0,0.0,0.0
10,92724491,-,10,92745807,+,CHOL,3603,TCGA-ZH-A8Y4-01A,TCGA-ZH-A8Y4-01A,1.0,0.0,0.0,0.0,0.0
10,115114268,+,10,115855978,-,CHOL,3604,TCGA-ZH-A8Y4-01A,TCGA-ZH-A8Y4-01A,1.0,0.0,0.0,0.0,0.0
11,52452891,-,11,53471482,+,CHOL,3605,TCGA-ZH-A8Y4-01A,TCGA-ZH-A8Y4-01A,1.0,0.0,0.0,0.0,0.0
11,65365943,+,11,65428538,-,CHOL,3606,TCGA-ZH-A8Y4-01A,TCGA-ZH-A8Y4-01A,1.0,0.0,0.0,0.0,0.0
11,98395919,-,11,98399045,+,CHOL,3607,TCGA-ZH-A8Y4-01A,TCGA-ZH-A8Y4-01A,1.0,0.0,0.0,0.0,0.0
12,6019845,+,22,16698022,-,CHOL,3608,TCGA-ZH-A8Y4-01A,TCGA-ZH-A8Y4-01A,1.0,0.0,0.0,0.0,0.0
12,35140967,-,12,37020641,+,CHOL,3609,TCGA-ZH-A8Y4-01A,TCGA-ZH-A8Y4-01A,1.0,0.0,0.0,0.0,0.0
12,81428681,+,12,81472666,-,CHOL,3610,TCGA-ZH-A8Y4-01A,TCGA-ZH-A8Y4-01A,1.0,0.0,0.0,0.0,0.0
12,114671015,-,12,114671142,+,CHOL,3611,TCGA-ZH-A8Y4-01A,TCGA-ZH-A8Y4-01A,1.0,0.0,0.0,0.0,0.0
12,132597312,-,12,132617460,+,CHOL,3612,TCGA-ZH-A8Y4-01A,TCGA-ZH-A8Y4-01A,1.0,0.0,0.0,0.0,0.0
13,43067605,-,18,31671694,+,CHOL,3613,TCGA-ZH-A8Y4-01A,TCGA-ZH-A8Y4-01A,1.0,0.0,0.0,0.0,0.0
13,94205429,+,13,94261520,-,CHOL,3614,TCGA-ZH-A8Y4-01A,TCGA-ZH-A8Y4-01A,1.0,0.0,0.0,0.0,0.0
13,100267588,+,13,100291901,-,CHOL,3615,TCGA-ZH-A8Y4-01A,TCGA-ZH-A8Y4-01A,1.0,0.0,0.0,0.0,0.0
14,89672558,+,14,90260570,-,CHOL,3616,TCGA-ZH-A8Y4-01A,TCGA-ZH-A8Y4-01A,1.0,0.0,0.0,0.0,0.0
15,69030027,-,15,69030199,+,CHOL,3617,TCGA-ZH-A8Y4-01A,TCGA-ZH-A8Y4-01A,1.0,0.0,0.0,0.0,0.0
15,93913662,+,15,93914455,-,CHOL,3618,TCGA-ZH-A8Y4-01A,TCGA-ZH-A8Y4-01A,1.0,0.0,0.0,0.0,0.0
16,4195200,+,16,23879647,+,CHOL,3619,TCGA-ZH-A8Y4-01A,TCGA-ZH-A8Y4-01A,1.0,0.0,0.0,0.0,0.0
16,23813693,-,16,27077160,-,CHOL,3620,TCGA-ZH-A8Y4-01A,TCGA-ZH-A8Y4-01A,1.0,0.0,0.0,0.0,0.0
16,25816058,+,22,28669753,+,CHOL,3621,TCGA-ZH-A8Y4-01A,TCGA-ZH-A8Y4-01A,1.0,0.0,0.0,0.0,0.0
16,30752239,+,23,36616693,+,CHOL,3622,TCGA-ZH-A8Y4-01A,TCGA-ZH-A8Y4-01A,1.0,0.0,0.0,0.0,0.0
16,78557328,+,16,78687311,-,CHOL,3623,TCGA-ZH-A8Y4-01A,TCGA-ZH-A8Y4-01A,1.0,0.0,0.0,0.0,0.0
17,5648487,+,17,5720713,-,CHOL,3624,TCGA-ZH-A8Y4-01A,TCGA-ZH-A8Y4-01A,1.0,0.0,0.0,0.0,0.0
17,40091246,-,17,40169434,+,CHOL,3625,TCGA-ZH-A8Y4-01A,TCGA-ZH-A8Y4-01A,1.0,0.0,0.0,0.0,0.0
19,38698823,-,19,38772042,+,CHOL,3626,TCGA-ZH-A8Y4-01A,TCGA-ZH-A8Y4-01A,1.0,0.0,0.0,0.0,0.0
2,11468882,+,18,79464694,+,CHOL,3627,TCGA-ZH-A8Y4-01A,TCGA-ZH-A8Y4-01A,1.0,0.0,0.0,0.0,0.0
2,93375682,-,2,93671906,+,CHOL,3628,TCGA-ZH-A8Y4-01A,TCGA-ZH-A8Y4-01A,1.0,0.0,0.0,0.0,0.0
2,115261604,-,2,115264404,+,CHOL,3629,TCGA-ZH-A8Y4-01A,TCGA-ZH-A8Y4-01A,1.0,0.0,0.0,0.0,0.0
2,119039238,+,2,119045487,-,CHOL,3630,TCGA-ZH-A8Y4-01A,TCGA-ZH-A8Y4-01A,1.0,0.0,0.0,0.0,0.0
2,140738065,+,2,141047714,-,CHOL,3631,TCGA-ZH-A8Y4-01A,TCGA-ZH-A8Y4-01A,1.0,0.0,0.0,0.0,0.0
2,140747762,+,2,141363813,-,CHOL,3632,TCGA-ZH-A8Y4-01A,TCGA-ZH-A8Y4-01A,1.0,0.0,0.0,0.0,0.0
2,140783664,+,2,141158872,-,CHOL,3633,TCGA-ZH-A8Y4-01A,TCGA-ZH-A8Y4-01A,1.0,0.0,0.0,0.0,0.0
2,140814062,+,2,141346016,-,CHOL,3634,TCGA-ZH-A8Y4-01A,TCGA-ZH-A8Y4-01A,1.0,0.0,0.0,0.0,0.0
2,140844883,+,2,140888060,-,CHOL,3635,TCGA-ZH-A8Y4-01A,TCGA-ZH-A8Y4-01A,1.0,0.0,0.0,0.0,0.0
2,140846692,+,2,141160181,-,CHOL,3636,TCGA-ZH-A8Y4-01A,TCGA-ZH-A8Y4-01A,1.0,0.0,0.0,0.0,0.0
2,140941577,+,2,140946771,+,CHOL,3637,TCGA-ZH-A8Y4-01A,TCGA-ZH-A8Y4-01A,1.0,0.0,0.0,0.0,0.0
2,140973226,+,2,141335659,-,CHOL,3638,TCGA-ZH-A8Y4-01A,TCGA-ZH-A8Y4-01A,1.0,0.0,0.0,0.0,0.0
2,141019445,+,2,141136377,-,CHOL,3639,TCGA-ZH-A8Y4-01A,TCGA-ZH-A8Y4-01A,1.0,0.0,0.0,0.0,0.0
2,141054956,+,2,141089020,-,CHOL,3640,TCGA-ZH-A8Y4-01A,TCGA-ZH-A8Y4-01A,1.0,0.0,0.0,0.0,0.0
2,141108314,+,2,141349379,-,CHOL,3641,TCGA-ZH-A8Y4-01A,TCGA-ZH-A8Y4-01A,1.0,0.0,0.0,0.0,0.0
2,141185682,+,2,141385150,-,CHOL,3642,TCGA-ZH-A8Y4-01A,TCGA-ZH-A8Y4-01A,1.0,0.0,0.0,0.0,0.0
2,141318289,+,2,142123333,-,CHOL,3643,TCGA-ZH-A8Y4-01A,TCGA-ZH-A8Y4-01A,1.0,0.0,0.0,0.0,0.0
2,141367470,+,2,141476965,-,CHOL,3644,TCGA-ZH-A8Y4-01A,TCGA-ZH-A8Y4-01A,1.0,0.0,0.0,0.0,0.0
2,141459669,+,2,141473213,-,CHOL,3645,TCGA-ZH-A8Y4-01A,TCGA-ZH-A8Y4-01A,1.0,0.0,0.0,0.0,0.0
2,141563684,+,2,141626376,-,CHOL,3646,TCGA-ZH-A8Y4-01A,TCGA-ZH-A8Y4-01A,1.0,0.0,0.0,0.0,0.0
2,152466982,-,2,152467210,+,CHOL,3647,TCGA-ZH-A8Y4-01A,TCGA-ZH-A8Y4-01A,1.0,0.0,0.0,0.0,0.0
2,207643375,+,2,207653189,+,CHOL,3648,TCGA-ZH-A8Y4-01A,TCGA-ZH-A8Y4-01A,1.0,0.0,0.0,0.0,0.0
2,207652805,-,2,207676464,-,CHOL,3649,TCGA-ZH-A8Y4-01A,TCGA-ZH-A8Y4-01A,1.0,0.0,0.0,0.0,0.0
2,207781805,+,2,207791873,-,CHOL,3650,TCGA-ZH-A8Y4-01A,TCGA-ZH-A8Y4-01A,1.0,0.0,0.0,0.0,0.0
2,207854200,+,2,208627673,-,CHOL,3651,TCGA-ZH-A8Y4-01A,TCGA-ZH-A8Y4-01A,1.0,0.0,0.0,0.0,0.0
20,55460774,-,20,55474330,+,CHOL,3652,TCGA-ZH-A8Y4-01A,TCGA-ZH-A8Y4-01A,1.0,0.0,0.0,0.0,0.0
22,37532108,-,22,37535591,-,CHOL,3653,TCGA-ZH-A8Y4-01A,TCGA-ZH-A8Y4-01A,1.0,0.0,0.0,0.0,0.0
22,37686991,+,22,37695457,+,CHOL,3654,TCGA-ZH-A8Y4-01A,TCGA-ZH-A8Y4-01A,1.0,0.0,0.0,0.0,0.0
22,45940213,-,22,46116452,-,CHOL,3655,TCGA-ZH-A8Y4-01A,TCGA-ZH-A8Y4-01A,1.0,0.0,0.0,0.0,0.0
22,46033627,+,22,46116966,+,CHOL,3656,TCGA-ZH-A8Y4-01A,TCGA-ZH-A8Y4-01A,1.0,0.0,0.0,0.0,0.0
3,46792041,-,3,46900125,+,CHOL,3657,TCGA-ZH-A8Y4-01A,TCGA-ZH-A8Y4-01A,1.0,0.0,0.0,0.0,0.0
3,60266512,+,3,60274851,-,CHOL,3658,TCGA-ZH-A8Y4-01A,TCGA-ZH-A8Y4-01A,1.0,0.0,0.0,0.0,0.0
3,60474158,+,3,60543349,-,CHOL,3659,TCGA-ZH-A8Y4-01A,TCGA-ZH-A8Y4-01A,1.0,0.0,0.0,0.0,0.0
3,107248622,-,22,42279193,+,CHOL,3660,TCGA-ZH-A8Y4-01A,TCGA-ZH-A8Y4-01A,1.0,0.0,0.0,0.0,0.0
3,136914080,+,3,136946922,-,CHOL,3661,TCGA-ZH-A8Y4-01A,TCGA-ZH-A8Y4-01A,1.0,0.0,0.0,0.0,0.0
3,163051869,+,3,163054067,-,CHOL,3662,TCGA-ZH-A8Y4-01A,TCGA-ZH-A8Y4-01A,1.0,0.0,0.0,0.0,0.0
3,194271526,-,3,194653076,+,CHOL,3663,TCGA-ZH-A8Y4-01A,TCGA-ZH-A8Y4-01A,1.0,0.0,0.0,0.0,0.0
4,1936150,-,4,1988477,+,CHOL,3664,TCGA-ZH-A8Y4-01A,TCGA-ZH-A8Y4-01A,1.0,0.0,0.0,0.0,0.0
4,2396993,-,4,3781894,+,CHOL,3665,TCGA-ZH-A8Y4-01A,TCGA-ZH-A8Y4-01A,1.0,0.0,0.0,0.0,0.0
4,27619345,-,4,29119841,+,CHOL,3666,TCGA-ZH-A8Y4-01A,TCGA-ZH-A8Y4-01A,1.0,0.0,0.0,0.0,0.0
4,29022315,-,4,29040822,+,CHOL,3667,TCGA-ZH-A8Y4-01A,TCGA-ZH-A8Y4-01A,1.0,0.0,0.0,0.0,0.0
4,38929415,-,17,81128720,-,CHOL,3668,TCGA-ZH-A8Y4-01A,TCGA-ZH-A8Y4-01A,1.0,0.0,0.0,0.0,0.0
4,40397362,+,17,81128806,+,CHOL,3669,TCGA-ZH-A8Y4-01A,TCGA-ZH-A8Y4-01A,1.0,0.0,0.0,0.0,0.0
4,50391746,+,4,50398655,-,CHOL,3670,TCGA-ZH-A8Y4-01A,TCGA-ZH-A8Y4-01A,1.0,0.0,0.0,0.0,0.0
4,90713274,+,4,91023218,-,CHOL,3671,TCGA-ZH-A8Y4-01A,TCGA-ZH-A8Y4-01A,1.0,0.0,0.0,0.0,0.0
4,152316858,+,4,152324525,+,CHOL,3672,TCGA-ZH-A8Y4-01A,TCGA-ZH-A8Y4-01A,1.0,0.0,0.0,0.0,0.0
4,152316858,+,4,152324525,-,CHOL,3673,TCGA-ZH-A8Y4-01A,TCGA-ZH-A8Y4-01A,1.0,0.0,0.0,0.0,0.0
4,152324410,-,4,152324525,-,CHOL,3674,TCGA-ZH-A8Y4-01A,TCGA-ZH-A8Y4-01A,1.0,0.0,0.0,0.0,0.0
5,32351993,+,5,32409269,-,CHOL,3675,TCGA-ZH-A8Y4-01A,TCGA-ZH-A8Y4-01A,1.0,0.0,0.0,0.0,0.0
5,38091632,-,5,38101908,+,CHOL,3676,TCGA-ZH-A8Y4-01A,TCGA-ZH-A8Y4-01A,1.0,0.0,0.0,0.0,0.0
5,46631336,+,5,46679602,-,CHOL,3677,TCGA-ZH-A8Y4-01A,TCGA-ZH-A8Y4-01A,1.0,0.0,0.0,0.0,0.0
5,49684597,+,5,49690265,-,CHOL,3678,TCGA-ZH-A8Y4-01A,TCGA-ZH-A8Y4-01A,1.0,0.0,0.0,0.0,0.0
5,62576687,+,5,63330549,-,CHOL,3679,TCGA-ZH-A8Y4-01A,TCGA-ZH-A8Y4-01A,1.0,0.0,0.0,0.0,0.0
5,121190567,-,7,126688768,+,CHOL,3680,TCGA-ZH-A8Y4-01A,TCGA-ZH-A8Y4-01A,1.0,0.0,0.0,0.0,0.0
6,62138022,+,6,62994598,-,CHOL,3681,TCGA-ZH-A8Y4-01A,TCGA-ZH-A8Y4-01A,1.0,0.0,0.0,0.0,0.0
6,77108197,+,6,77114055,-,CHOL,3682,TCGA-ZH-A8Y4-01A,TCGA-ZH-A8Y4-01A,1.0,0.0,0.0,0.0,0.0
7,13990810,+,7,14017802,+,CHOL,3683,TCGA-ZH-A8Y4-01A,TCGA-ZH-A8Y4-01A,1.0,0.0,0.0,0.0,0.0
7,14017573,-,7,14140366,-,CHOL,3684,TCGA-ZH-A8Y4-01A,TCGA-ZH-A8Y4-01A,1.0,0.0,0.0,0.0,0.0
7,14141068,+,7,14220119,-,CHOL,3685,TCGA-ZH-A8Y4-01A,TCGA-ZH-A8Y4-01A,1.0,0.0,0.0,0.0,0.0
7,69635210,+,7,70030877,-,CHOL,3686,TCGA-ZH-A8Y4-01A,TCGA-ZH-A8Y4-01A,1.0,0.0,0.0,0.0,0.0
7,78922444,+,7,79159807,-,CHOL,3687,TCGA-ZH-A8Y4-01A,TCGA-ZH-A8Y4-01A,1.0,0.0,0.0,0.0,0.0
7,96002168,+,7,96025048,-,CHOL,3688,TCGA-ZH-A8Y4-01A,TCGA-ZH-A8Y4-01A,1.0,0.0,0.0,0.0,0.0
8,95603075,-,8,95625201,+,CHOL,3689,TCGA-ZH-A8Y4-01A,TCGA-ZH-A8Y4-01A,1.0,0.0,0.0,0.0,0.0
8,129111910,+,8,129116897,-,CHOL,3690,TCGA-ZH-A8Y4-01A,TCGA-ZH-A8Y4-01A,1.0,0.0,0.0,0.0,0.0
9,8561608,+,9,8860457,-,CHOL,3691,TCGA-ZH-A8Y4-01A,TCGA-ZH-A8Y4-01A,1.0,0.0,0.0,0.0,0.0
9,8868472,+,9,8931250,-,CHOL,3692,TCGA-ZH-A8Y4-01A,TCGA-ZH-A8Y4-01A,1.0,0.0,0.0,0.0,0.0
9,8933064,+,9,8934525,-,CHOL,3693,TCGA-ZH-A8Y4-01A,TCGA-ZH-A8Y4-01A,1.0,0.0,0.0,0.0,0.0
9,113951448,+,16,70835008,+,CHOL,3694,TCGA-ZH-A8Y4-01A,TCGA-ZH-A8Y4-01A,1.0,0.0,0.0,0.0,0.0
23,50657345,+,23,67660592,+,CHOL,3695,TCGA-ZH-A8Y4-01A,TCGA-ZH-A8Y4-01A,1.0,0.0,0.0,0.0,0.0
23,50657513,-,23,67660625,-,CHOL,3696,TCGA-ZH-A8Y4-01A,TCGA-ZH-A8Y4-01A,1.0,0.0,0.0,0.0,0.0
23,148796331,+,23,148813428,-,CHOL,3697,TCGA-ZH-A8Y4-01A,TCGA-ZH-A8Y4-01A,1.0,0.0,0.0,0.0,0.0
1,21776044,-,1,22251847,+,CHOL,3698,TCGA-ZH-A8Y5-01A,TCGA-ZH-A8Y5-01A,1.0,0.0,0.0,0.0,0.0
1,124122443,-,1,124373086,+,CHOL,3699,TCGA-ZH-A8Y5-01A,TCGA-ZH-A8Y5-01A,1.0,0.0,0.0,0.0,0.0
1,147215371,-,8,41576134,-,CHOL,3700,TCGA-ZH-A8Y5-01A,TCGA-ZH-A8Y5-01A,1.0,0.0,0.0,0.0,0.0
1,169203399,+,8,63116507,-,CHOL,3701,TCGA-ZH-A8Y5-01A,TCGA-ZH-A8Y5-01A,1.0,0.0,0.0,0.0,0.0
1,241931765,-,1,243175980,-,CHOL,3702,TCGA-ZH-A8Y5-01A,TCGA-ZH-A8Y5-01A,1.0,0.0,0.0,0.0,0.0
10,29104505,+,10,122647002,+,CHOL,3703,TCGA-ZH-A8Y5-01A,TCGA-ZH-A8Y5-01A,1.0,0.0,0.0,0.0,0.0
10,29123601,-,18,57266277,-,CHOL,3704,TCGA-ZH-A8Y5-01A,TCGA-ZH-A8Y5-01A,1.0,0.0,0.0,0.0,0.0
10,30190533,+,18,57266355,+,CHOL,3705,TCGA-ZH-A8Y5-01A,TCGA-ZH-A8Y5-01A,1.0,0.0,0.0,0.0,0.0
10,30190560,-,10,121482774,+,CHOL,3706,TCGA-ZH-A8Y5-01A,TCGA-ZH-A8Y5-01A,1.0,0.0,0.0,0.0,0.0
10,58664096,-,10,121482738,-,CHOL,3707,TCGA-ZH-A8Y5-01A,TCGA-ZH-A8Y5-01A,1.0,0.0,0.0,0.0,0.0
10,58664140,+,10,122646834,-,CHOL,3708,TCGA-ZH-A8Y5-01A,TCGA-ZH-A8Y5-01A,1.0,0.0,0.0,0.0,0.0
10,98910532,+,20,13340333,-,CHOL,3709,TCGA-ZH-A8Y5-01A,TCGA-ZH-A8Y5-01A,1.0,0.0,0.0,0.0,0.0
11,54361263,+,11,54376602,-,CHOL,3710,TCGA-ZH-A8Y5-01A,TCGA-ZH-A8Y5-01A,1.0,0.0,0.0,0.0,0.0
11,132945846,-,12,9758991,+,CHOL,3711,TCGA-ZH-A8Y5-01A,TCGA-ZH-A8Y5-01A,1.0,0.0,0.0,0.0,0.0
12,34262980,+,12,76085099,+,CHOL,3712,TCGA-ZH-A8Y5-01A,TCGA-ZH-A8Y5-01A,1.0,0.0,0.0,0.0,0.0
12,69490813,-,12,71066044,+,CHOL,3713,TCGA-ZH-A8Y5-01A,TCGA-ZH-A8Y5-01A,1.0,0.0,0.0,0.0,0.0
12,69492764,+,12,71140095,+,CHOL,3714,TCGA-ZH-A8Y5-01A,TCGA-ZH-A8Y5-01A,1.0,0.0,0.0,0.0,0.0
12,69890247,-,12,79240394,-,CHOL,3715,TCGA-ZH-A8Y5-01A,TCGA-ZH-A8Y5-01A,1.0,0.0,0.0,0.0,0.0
12,69890256,-,12,69890383,-,CHOL,3716,TCGA-ZH-A8Y5-01A,TCGA-ZH-A8Y5-01A,1.0,0.0,0.0,0.0,0.0
12,69890386,+,12,79240384,+,CHOL,3717,TCGA-ZH-A8Y5-01A,TCGA-ZH-A8Y5-01A,1.0,0.0,0.0,0.0,0.0
12,69890386,+,12,79240394,-,CHOL,3718,TCGA-ZH-A8Y5-01A,TCGA-ZH-A8Y5-01A,1.0,0.0,0.0,0.0,0.0
12,69890452,-,12,79240296,-,CHOL,3719,TCGA-ZH-A8Y5-01A,TCGA-ZH-A8Y5-01A,1.0,0.0,0.0,0.0,0.0
12,70910751,-,12,72771145,+,CHOL,3720,TCGA-ZH-A8Y5-01A,TCGA-ZH-A8Y5-01A,1.0,0.0,0.0,0.0,0.0
12,70915506,+,12,77332143,-,CHOL,3721,TCGA-ZH-A8Y5-01A,TCGA-ZH-A8Y5-01A,1.0,0.0,0.0,0.0,0.0
12,70915736,-,12,79553404,+,CHOL,3722,TCGA-ZH-A8Y5-01A,TCGA-ZH-A8Y5-01A,1.0,0.0,0.0,0.0,0.0
12,71071335,-,12,72696594,-,CHOL,3723,TCGA-ZH-A8Y5-01A,TCGA-ZH-A8Y5-01A,1.0,0.0,0.0,0.0,0.0
12,71163503,-,12,79536035,-,CHOL,3724,TCGA-ZH-A8Y5-01A,TCGA-ZH-A8Y5-01A,1.0,0.0,0.0,0.0,0.0
12,71188942,+,12,76435862,+,CHOL,3725,TCGA-ZH-A8Y5-01A,TCGA-ZH-A8Y5-01A,1.0,0.0,0.0,0.0,0.0
12,72404873,+,12,72446149,-,CHOL,3726,TCGA-ZH-A8Y5-01A,TCGA-ZH-A8Y5-01A,1.0,0.0,0.0,0.0,0.0
12,73015164,-,12,83462811,+,CHOL,3727,TCGA-ZH-A8Y5-01A,TCGA-ZH-A8Y5-01A,1.0,0.0,0.0,0.0,0.0
12,79240384,+,12,79240523,+,CHOL,3728,TCGA-ZH-A8Y5-01A,TCGA-ZH-A8Y5-01A,1.0,0.0,0.0,0.0,0.0
12,89120652,+,12,89121746,-,CHOL,3729,TCGA-ZH-A8Y5-01A,TCGA-ZH-A8Y5-01A,1.0,0.0,0.0,0.0,0.0
12,92212291,+,12,92213468,-,CHOL,3730,TCGA-ZH-A8Y5-01A,TCGA-ZH-A8Y5-01A,1.0,0.0,0.0,0.0,0.0
13,56127550,+,13,56210428,-,CHOL,3731,TCGA-ZH-A8Y5-01A,TCGA-ZH-A8Y5-01A,1.0,0.0,0.0,0.0,0.0
14,25169029,+,14,32204178,+,CHOL,3732,TCGA-ZH-A8Y5-01A,TCGA-ZH-A8Y5-01A,1.0,0.0,0.0,0.0,0.0
14,25169070,-,14,32204178,+,CHOL,3733,TCGA-ZH-A8Y5-01A,TCGA-ZH-A8Y5-01A,1.0,0.0,0.0,0.0,0.0
14,26056723,+,14,46807902,-,CHOL,3734,TCGA-ZH-A8Y5-01A,TCGA-ZH-A8Y5-01A,1.0,0.0,0.0,0.0,0.0
14,34146875,-,14,55463120,+,CHOL,3735,TCGA-ZH-A8Y5-01A,TCGA-ZH-A8Y5-01A,1.0,0.0,0.0,0.0,0.0
14,36722370,+,14,36780756,-,CHOL,3736,TCGA-ZH-A8Y5-01A,TCGA-ZH-A8Y5-01A,1.0,0.0,0.0,0.0,0.0
14,40472115,-,14,48258700,+,CHOL,3737,TCGA-ZH-A8Y5-01A,TCGA-ZH-A8Y5-01A,1.0,0.0,0.0,0.0,0.0
14,60463899,+,18,10461579,-,CHOL,3738,TCGA-ZH-A8Y5-01A,TCGA-ZH-A8Y5-01A,1.0,0.0,0.0,0.0,0.0
14,81679768,+,14,85006441,+,CHOL,3739,TCGA-ZH-A8Y5-01A,TCGA-ZH-A8Y5-01A,1.0,0.0,0.0,0.0,0.0
14,81679772,-,14,85242548,-,CHOL,3740,TCGA-ZH-A8Y5-01A,TCGA-ZH-A8Y5-01A,1.0,0.0,0.0,0.0,0.0
14,85006412,-,14,85414511,+,CHOL,3741,TCGA-ZH-A8Y5-01A,TCGA-ZH-A8Y5-01A,1.0,0.0,0.0,0.0,0.0
14,85086718,+,14,85414474,-,CHOL,3742,TCGA-ZH-A8Y5-01A,TCGA-ZH-A8Y5-01A,1.0,0.0,0.0,0.0,0.0
18,15839305,+,18,16262848,-,CHOL,3743,TCGA-ZH-A8Y5-01A,TCGA-ZH-A8Y5-01A,1.0,0.0,0.0,0.0,0.0
2,50938313,-,2,71847371,-,CHOL,3744,TCGA-ZH-A8Y5-01A,TCGA-ZH-A8Y5-01A,1.0,0.0,0.0,0.0,0.0
2,56367682,+,2,63281194,-,CHOL,3745,TCGA-ZH-A8Y5-01A,TCGA-ZH-A8Y5-01A,1.0,0.0,0.0,0.0,0.0
2,57362171,-,12,84003325,+,CHOL,3746,TCGA-ZH-A8Y5-01A,TCGA-ZH-A8Y5-01A,1.0,0.0,0.0,0.0,0.0
2,57399250,+,12,80458945,+,CHOL,3747,TCGA-ZH-A8Y5-01A,TCGA-ZH-A8Y5-01A,1.0,0.0,0.0,0.0,0.0
2,67637561,-,12,70883715,+,CHOL,3748,TCGA-ZH-A8Y5-01A,TCGA-ZH-A8Y5-01A,1.0,0.0,0.0,0.0,0.0
2,67647534,+,12,69890093,+,CHOL,3749,TCGA-ZH-A8Y5-01A,TCGA-ZH-A8Y5-01A,1.0,0.0,0.0,0.0,0.0
2,67656160,-,12,69856953,-,CHOL,3750,TCGA-ZH-A8Y5-01A,TCGA-ZH-A8Y5-01A,1.0,0.0,0.0,0.0,0.0
2,69129322,+,12,82060322,-,CHOL,3751,TCGA-ZH-A8Y5-01A,TCGA-ZH-A8Y5-01A,1.0,0.0,0.0,0.0,0.0
3,17476353,+,3,77170128,-,CHOL,3752,TCGA-ZH-A8Y5-01A,TCGA-ZH-A8Y5-01A,1.0,0.0,0.0,0.0,0.0
3,17476575,-,3,76863486,-,CHOL,3753,TCGA-ZH-A8Y5-01A,TCGA-ZH-A8Y5-01A,1.0,0.0,0.0,0.0,0.0
3,76861946,+,3,77005444,+,CHOL,3754,TCGA-ZH-A8Y5-01A,TCGA-ZH-A8Y5-01A,1.0,0.0,0.0,0.0,0.0
3,76861946,+,3,77005501,-,CHOL,3755,TCGA-ZH-A8Y5-01A,TCGA-ZH-A8Y5-01A,1.0,0.0,0.0,0.0,0.0
3,77005359,-,3,77005502,-,CHOL,3756,TCGA-ZH-A8Y5-01A,TCGA-ZH-A8Y5-01A,1.0,0.0,0.0,0.0,0.0
3,77005475,+,3,77131074,+,CHOL,3757,TCGA-ZH-A8Y5-01A,TCGA-ZH-A8Y5-01A,1.0,0.0,0.0,0.0,0.0
3,77055094,-,3,77281648,+,CHOL,3758,TCGA-ZH-A8Y5-01A,TCGA-ZH-A8Y5-01A,1.0,0.0,0.0,0.0,0.0
3,77055524,+,3,77281579,-,CHOL,3759,TCGA-ZH-A8Y5-01A,TCGA-ZH-A8Y5-01A,1.0,0.0,0.0,0.0,0.0
4,59279122,-,4,103963042,+,CHOL,3760,TCGA-ZH-A8Y5-01A,TCGA-ZH-A8Y5-01A,1.0,0.0,0.0,0.0,0.0
4,59280124,+,4,75375902,+,CHOL,3761,TCGA-ZH-A8Y5-01A,TCGA-ZH-A8Y5-01A,1.0,0.0,0.0,0.0,0.0
4,65088380,+,17,63740108,+,CHOL,3762,TCGA-ZH-A8Y5-01A,TCGA-ZH-A8Y5-01A,1.0,0.0,0.0,0.0,0.0
4,75376905,-,4,124362160,+,CHOL,3763,TCGA-ZH-A8Y5-01A,TCGA-ZH-A8Y5-01A,1.0,0.0,0.0,0.0,0.0
4,79632599,+,4,79693386,-,CHOL,3764,TCGA-ZH-A8Y5-01A,TCGA-ZH-A8Y5-01A,1.0,0.0,0.0,0.0,0.0
4,103963559,-,4,124432310,-,CHOL,3765,TCGA-ZH-A8Y5-01A,TCGA-ZH-A8Y5-01A,1.0,0.0,0.0,0.0,0.0
4,124362668,-,19,34528061,-,CHOL,3766,TCGA-ZH-A8Y5-01A,TCGA-ZH-A8Y5-01A,1.0,0.0,0.0,0.0,0.0
4,124431824,+,8,102866744,+,CHOL,3767,TCGA-ZH-A8Y5-01A,TCGA-ZH-A8Y5-01A,1.0,0.0,0.0,0.0,0.0
5,110632878,+,5,110670334,-,CHOL,3768,TCGA-ZH-A8Y5-01A,TCGA-ZH-A8Y5-01A,1.0,0.0,0.0,0.0,0.0
6,61425029,+,12,34680641,-,CHOL,3769,TCGA-ZH-A8Y5-01A,TCGA-ZH-A8Y5-01A,1.0,0.0,0.0,0.0,0.0
6,69671681,+,6,70226735,+,CHOL,3770,TCGA-ZH-A8Y5-01A,TCGA-ZH-A8Y5-01A,1.0,0.0,0.0,0.0,0.0
6,69671728,-,6,70228333,-,CHOL,3771,TCGA-ZH-A8Y5-01A,TCGA-ZH-A8Y5-01A,1.0,0.0,0.0,0.0,0.0
6,70226939,-,6,70713562,-,CHOL,3772,TCGA-ZH-A8Y5-01A,TCGA-ZH-A8Y5-01A,1.0,0.0,0.0,0.0,0.0
6,70228258,+,6,70713286,+,CHOL,3773,TCGA-ZH-A8Y5-01A,TCGA-ZH-A8Y5-01A,1.0,0.0,0.0,0.0,0.0
6,70228967,+,6,70297809,-,CHOL,3774,TCGA-ZH-A8Y5-01A,TCGA-ZH-A8Y5-01A,1.0,0.0,0.0,0.0,0.0
6,70229939,-,7,121106895,+,CHOL,3775,TCGA-ZH-A8Y5-01A,TCGA-ZH-A8Y5-01A,1.0,0.0,0.0,0.0,0.0
6,70297552,+,7,118178570,+,CHOL,3776,TCGA-ZH-A8Y5-01A,TCGA-ZH-A8Y5-01A,1.0,0.0,0.0,0.0,0.0
6,70669953,+,6,70670151,+,CHOL,3777,TCGA-ZH-A8Y5-01A,TCGA-ZH-A8Y5-01A,1.0,0.0,0.0,0.0,0.0
6,70669969,-,6,131614820,-,CHOL,3778,TCGA-ZH-A8Y5-01A,TCGA-ZH-A8Y5-01A,1.0,0.0,0.0,0.0,0.0
6,70669975,-,6,71528180,+,CHOL,3779,TCGA-ZH-A8Y5-01A,TCGA-ZH-A8Y5-01A,1.0,0.0,0.0,0.0,0.0
6,141945310,+,9,68535739,-,CHOL,3780,TCGA-ZH-A8Y5-01A,TCGA-ZH-A8Y5-01A,1.0,0.0,0.0,0.0,0.0
6,156128786,-,8,79329937,-,CHOL,3781,TCGA-ZH-A8Y5-01A,TCGA-ZH-A8Y5-01A,1.0,0.0,0.0,0.0,0.0
6,166151793,+,6,166265067,-,CHOL,3782,TCGA-ZH-A8Y5-01A,TCGA-ZH-A8Y5-01A,1.0,0.0,0.0,0.0,0.0
6,166151822,-,8,76842915,-,CHOL,3783,TCGA-ZH-A8Y5-01A,TCGA-ZH-A8Y5-01A,1.0,0.0,0.0,0.0,0.0
6,166265042,+,8,65573664,+,CHOL,3784,TCGA-ZH-A8Y5-01A,TCGA-ZH-A8Y5-01A,1.0,0.0,0.0,0.0,0.0
6,167066461,+,6,167070493,-,CHOL,3785,TCGA-ZH-A8Y5-01A,TCGA-ZH-A8Y5-01A,1.0,0.0,0.0,0.0,0.0
7,118178582,-,7,121107744,-,CHOL,3786,TCGA-ZH-A8Y5-01A,TCGA-ZH-A8Y5-01A,1.0,0.0,0.0,0.0,0.0
8,79993803,+,8,102866769,-,CHOL,3787,TCGA-ZH-A8Y5-01A,TCGA-ZH-A8Y5-01A,1.0,0.0,0.0,0.0,0.0
8,79994184,-,19,34525581,+,CHOL,3788,TCGA-ZH-A8Y5-01A,TCGA-ZH-A8Y5-01A,1.0,0.0,0.0,0.0,0.0
8,138364582,+,8,138398337,-,CHOL,3789,TCGA-ZH-A8Y5-01A,TCGA-ZH-A8Y5-01A,1.0,0.0,0.0,0.0,0.0
9,24690838,+,9,24691014,+,CHOL,3790,TCGA-ZH-A8Y5-01A,TCGA-ZH-A8Y5-01A,1.0,0.0,0.0,0.0,0.0
9,24690838,+,9,28734642,+,CHOL,3791,TCGA-ZH-A8Y5-01A,TCGA-ZH-A8Y5-01A,1.0,0.0,0.0,0.0,0.0
9,24690892,-,9,28734642,+,CHOL,3792,TCGA-ZH-A8Y5-01A,TCGA-ZH-A8Y5-01A,1.0,0.0,0.0,0.0,0.0
9,24690900,-,12,22358796,-,CHOL,3793,TCGA-ZH-A8Y5-01A,TCGA-ZH-A8Y5-01A,1.0,0.0,0.0,0.0,0.0
9,28734053,-,12,22358507,+,CHOL,3794,TCGA-ZH-A8Y5-01A,TCGA-ZH-A8Y5-01A,1.0,0.0,0.0,0.0,0.0
9,42296959,+,9,66823124,+,CHOL,3795,TCGA-ZH-A8Y5-01A,TCGA-ZH-A8Y5-01A,1.0,0.0,0.0,0.0,0.0
9,42508131,+,9,62592040,+,CHOL,3796,TCGA-ZH-A8Y5-01A,TCGA-ZH-A8Y5-01A,1.0,0.0,0.0,0.0,0.0
23,27266859,+,23,27267281,-,CHOL,3797,TCGA-ZH-A8Y5-01A,TCGA-ZH-A8Y5-01A,1.0,0.0,0.0,0.0,0.0
12,56669309,-,12,58211699,-,CHOL,3798,TCGA-ZH-A8Y6-01A,TCGA-ZH-A8Y6-01A,1.0,0.0,0.0,0.0,0.0
12,56717298,-,12,58211703,+,CHOL,3799,TCGA-ZH-A8Y6-01A,TCGA-ZH-A8Y6-01A,1.0,0.0,0.0,0.0,0.0
12,58197805,+,12,58215128,+,CHOL,3800,TCGA-ZH-A8Y6-01A,TCGA-ZH-A8Y6-01A,1.0,0.0,0.0,0.0,0.0
12,58211144,-,12,58227454,+,CHOL,3801,TCGA-ZH-A8Y6-01A,TCGA-ZH-A8Y6-01A,1.0,0.0,0.0,0.0,0.0
13,80104513,+,19,32954828,-,CHOL,3802,TCGA-ZH-A8Y6-01A,TCGA-ZH-A8Y6-01A,1.0,0.0,0.0,0.0,0.0
14,102095097,+,16,1872043,+,CHOL,3803,TCGA-ZH-A8Y6-01A,TCGA-ZH-A8Y6-01A,1.0,0.0,0.0,0.0,0.0
14,106592867,+,14,106728425,-,CHOL,3804,TCGA-ZH-A8Y6-01A,TCGA-ZH-A8Y6-01A,1.0,0.0,0.0,0.0,0.0
16,20422967,-,16,20600517,-,CHOL,3805,TCGA-ZH-A8Y6-01A,TCGA-ZH-A8Y6-01A,1.0,0.0,0.0,0.0,0.0
16,20423226,+,16,20600474,+,CHOL,3806,TCGA-ZH-A8Y6-01A,TCGA-ZH-A8Y6-01A,1.0,0.0,0.0,0.0,0.0
17,22914783,+,17,23151721,-,CHOL,3807,TCGA-ZH-A8Y6-01A,TCGA-ZH-A8Y6-01A,1.0,0.0,0.0,0.0,0.0
17,22929917,-,17,23176247,+,CHOL,3808,TCGA-ZH-A8Y6-01A,TCGA-ZH-A8Y6-01A,1.0,0.0,0.0,0.0,0.0
2,107706363,-,5,90432322,-,CHOL,3809,TCGA-ZH-A8Y6-01A,TCGA-ZH-A8Y6-01A,1.0,0.0,0.0,0.0,0.0
3,81233499,-,23,140762243,+,CHOL,3810,TCGA-ZH-A8Y6-01A,TCGA-ZH-A8Y6-01A,1.0,0.0,0.0,0.0,0.0
3,132989556,+,7,151419474,-,CHOL,3811,TCGA-ZH-A8Y6-01A,TCGA-ZH-A8Y6-01A,1.0,0.0,0.0,0.0,0.0
3,192884376,-,12,130604601,+,CHOL,3812,TCGA-ZH-A8Y6-01A,TCGA-ZH-A8Y6-01A,1.0,0.0,0.0,0.0,0.0
4,9031512,+,8,12628062,+,CHOL,3813,TCGA-ZH-A8Y6-01A,TCGA-ZH-A8Y6-01A,1.0,0.0,0.0,0.0,0.0
4,39126574,-,21,25635043,+,CHOL,3814,TCGA-ZH-A8Y6-01A,TCGA-ZH-A8Y6-01A,1.0,0.0,0.0,0.0,0.0
4,50287270,+,4,51514545,-,CHOL,3815,TCGA-ZH-A8Y6-01A,TCGA-ZH-A8Y6-01A,1.0,0.0,0.0,0.0,0.0
4,65088380,+,17,63740030,+,CHOL,3816,TCGA-ZH-A8Y6-01A,TCGA-ZH-A8Y6-01A,1.0,0.0,0.0,0.0,0.0
4,104957160,-,4,135417119,+,CHOL,3817,TCGA-ZH-A8Y6-01A,TCGA-ZH-A8Y6-01A,1.0,0.0,0.0,0.0,0.0
5,36972847,+,19,13120759,-,CHOL,3818,TCGA-ZH-A8Y6-01A,TCGA-ZH-A8Y6-01A,1.0,0.0,0.0,0.0,0.0
5,36973294,-,19,13120763,+,CHOL,3819,TCGA-ZH-A8Y6-01A,TCGA-ZH-A8Y6-01A,1.0,0.0,0.0,0.0,0.0
5,160653373,+,13,65938751,+,CHOL,3820,TCGA-ZH-A8Y6-01A,TCGA-ZH-A8Y6-01A,1.0,0.0,0.0,0.0,0.0
6,57439429,+,6,60332429,-,CHOL,3821,TCGA-ZH-A8Y6-01A,TCGA-ZH-A8Y6-01A,1.0,0.0,0.0,0.0,0.0
7,61012619,-,7,61092114,-,CHOL,3822,TCGA-ZH-A8Y6-01A,TCGA-ZH-A8Y6-01A,1.0,0.0,0.0,0.0,0.0
9,42956074,-,9,64469849,+,CHOL,3823,TCGA-ZH-A8Y6-01A,TCGA-ZH-A8Y6-01A,1.0,0.0,0.0,0.0,0.0
23,23646369,-,23,25322649,+,CHOL,3824,TCGA-ZH-A8Y6-01A,TCGA-ZH-A8Y6-01A,1.0,0.0,0.0,0.0,0.0
23,23707433,-,23,23763939,-,CHOL,3825,TCGA-ZH-A8Y6-01A,TCGA-ZH-A8Y6-01A,1.0,0.0,0.0,0.0,0.0
23,23748763,+,23,25381297,+,CHOL,3826,TCGA-ZH-A8Y6-01A,TCGA-ZH-A8Y6-01A,1.0,0.0,0.0,0.0,0.0
11,22504791,+,11,22506700,-,CHOL,3827,TCGA-ZH-A8Y7-01A,TCGA-ZH-A8Y7-01A,1.0,0.0,0.0,0.0,0.0
11,48079537,-,11,48079837,-,CHOL,3828,TCGA-ZH-A8Y7-01A,TCGA-ZH-A8Y7-01A,1.0,0.0,0.0,0.0,0.0
11,84508839,+,11,84527030,-,CHOL,3829,TCGA-ZH-A8Y7-01A,TCGA-ZH-A8Y7-01A,1.0,0.0,0.0,0.0,0.0
11,122086055,+,11,122086598,-,CHOL,3830,TCGA-ZH-A8Y7-01A,TCGA-ZH-A8Y7-01A,1.0,0.0,0.0,0.0,0.0
12,25564596,+,12,25597812,+,CHOL,3831,TCGA-ZH-A8Y7-01A,TCGA-ZH-A8Y7-01A,1.0,0.0,0.0,0.0,0.0
12,25564830,-,12,25597553,-,CHOL,3832,TCGA-ZH-A8Y7-01A,TCGA-ZH-A8Y7-01A,1.0,0.0,0.0,0.0,0.0
12,56307637,-,14,51749738,+,CHOL,3833,TCGA-ZH-A8Y7-01A,TCGA-ZH-A8Y7-01A,1.0,0.0,0.0,0.0,0.0
12,56307639,+,14,51749740,-,CHOL,3834,TCGA-ZH-A8Y7-01A,TCGA-ZH-A8Y7-01A,1.0,0.0,0.0,0.0,0.0
12,131243358,-,12,131415670,-,CHOL,3835,TCGA-ZH-A8Y7-01A,TCGA-ZH-A8Y7-01A,1.0,0.0,0.0,0.0,0.0
15,66539786,-,15,66541515,-,CHOL,3836,TCGA-ZH-A8Y7-01A,TCGA-ZH-A8Y7-01A,1.0,0.0,0.0,0.0,0.0
15,66539787,-,15,66540949,-,CHOL,3837,TCGA-ZH-A8Y7-01A,TCGA-ZH-A8Y7-01A,1.0,0.0,0.0,0.0,0.0
15,66540901,-,15,67486539,+,CHOL,3838,TCGA-ZH-A8Y7-01A,TCGA-ZH-A8Y7-01A,1.0,0.0,0.0,0.0,0.0
15,66541520,+,15,67485242,+,CHOL,3839,TCGA-ZH-A8Y7-01A,TCGA-ZH-A8Y7-01A,1.0,0.0,0.0,0.0,0.0
15,67492931,-,15,68390147,-,CHOL,3840,TCGA-ZH-A8Y7-01A,TCGA-ZH-A8Y7-01A,1.0,0.0,0.0,0.0,0.0
15,67493907,-,15,68390152,+,CHOL,3841,TCGA-ZH-A8Y7-01A,TCGA-ZH-A8Y7-01A,1.0,0.0,0.0,0.0,0.0
15,68390734,+,15,68391806,+,CHOL,3842,TCGA-ZH-A8Y7-01A,TCGA-ZH-A8Y7-01A,1.0,0.0,0.0,0.0,0.0
15,86477987,-,15,86562262,-,CHOL,3843,TCGA-ZH-A8Y7-01A,TCGA-ZH-A8Y7-01A,1.0,0.0,0.0,0.0,0.0
16,69891900,-,16,70752165,+,CHOL,3844,TCGA-ZH-A8Y7-01A,TCGA-ZH-A8Y7-01A,1.0,0.0,0.0,0.0,0.0
16,69892779,-,16,69893219,-,CHOL,3845,TCGA-ZH-A8Y7-01A,TCGA-ZH-A8Y7-01A,1.0,0.0,0.0,0.0,0.0
16,76397153,+,16,76397883,-,CHOL,3846,TCGA-ZH-A8Y7-01A,TCGA-ZH-A8Y7-01A,1.0,0.0,0.0,0.0,0.0
16,78607806,+,16,78675367,-,CHOL,3847,TCGA-ZH-A8Y7-01A,TCGA-ZH-A8Y7-01A,1.0,0.0,0.0,0.0,0.0
16,78791412,+,16,78829698,-,CHOL,3848,TCGA-ZH-A8Y7-01A,TCGA-ZH-A8Y7-01A,1.0,0.0,0.0,0.0,0.0
16,82146267,+,16,82149210,-,CHOL,3849,TCGA-ZH-A8Y7-01A,TCGA-ZH-A8Y7-01A,1.0,0.0,0.0,0.0,0.0
17,34031692,-,17,34087709,-,CHOL,3850,TCGA-ZH-A8Y7-01A,TCGA-ZH-A8Y7-01A,1.0,0.0,0.0,0.0,0.0
18,15562813,+,18,15603684,-,CHOL,3851,TCGA-ZH-A8Y7-01A,TCGA-ZH-A8Y7-01A,1.0,0.0,0.0,0.0,0.0
19,43170846,-,19,43254033,+,CHOL,3852,TCGA-ZH-A8Y7-01A,TCGA-ZH-A8Y7-01A,1.0,0.0,0.0,0.0,0.0
2,63932041,+,2,89227325,+,CHOL,3853,TCGA-ZH-A8Y7-01A,TCGA-ZH-A8Y7-01A,1.0,0.0,0.0,0.0,0.0
2,63945835,+,2,84158651,-,CHOL,3854,TCGA-ZH-A8Y7-01A,TCGA-ZH-A8Y7-01A,1.0,0.0,0.0,0.0,0.0
2,63954908,-,2,84162195,+,CHOL,3855,TCGA-ZH-A8Y7-01A,TCGA-ZH-A8Y7-01A,1.0,0.0,0.0,0.0,0.0
2,63958881,+,7,74997844,+,CHOL,3856,TCGA-ZH-A8Y7-01A,TCGA-ZH-A8Y7-01A,1.0,0.0,0.0,0.0,0.0
2,63960849,-,2,79659138,-,CHOL,3857,TCGA-ZH-A8Y7-01A,TCGA-ZH-A8Y7-01A,1.0,0.0,0.0,0.0,0.0
2,64328229,-,2,64715998,+,CHOL,3858,TCGA-ZH-A8Y7-01A,TCGA-ZH-A8Y7-01A,1.0,0.0,0.0,0.0,0.0
2,64330194,+,2,78061753,+,CHOL,3859,TCGA-ZH-A8Y7-01A,TCGA-ZH-A8Y7-01A,1.0,0.0,0.0,0.0,0.0
2,64707905,-,2,79378274,+,CHOL,3860,TCGA-ZH-A8Y7-01A,TCGA-ZH-A8Y7-01A,1.0,0.0,0.0,0.0,0.0
2,64714676,-,2,71159714,-,CHOL,3861,TCGA-ZH-A8Y7-01A,TCGA-ZH-A8Y7-01A,1.0,0.0,0.0,0.0,0.0
2,73592887,+,2,79630578,+,CHOL,3862,TCGA-ZH-A8Y7-01A,TCGA-ZH-A8Y7-01A,1.0,0.0,0.0,0.0,0.0
2,78055691,-,7,74995937,-,CHOL,3863,TCGA-ZH-A8Y7-01A,TCGA-ZH-A8Y7-01A,1.0,0.0,0.0,0.0,0.0
2,78125433,-,2,89661179,-,CHOL,3864,TCGA-ZH-A8Y7-01A,TCGA-ZH-A8Y7-01A,1.0,0.0,0.0,0.0,0.0
2,78125675,+,24,9906093,+,CHOL,3865,TCGA-ZH-A8Y7-01A,TCGA-ZH-A8Y7-01A,1.0,0.0,0.0,0.0,0.0
2,79507289,-,2,79588136,+,CHOL,3866,TCGA-ZH-A8Y7-01A,TCGA-ZH-A8Y7-01A,1.0,0.0,0.0,0.0,0.0
2,79659487,+,24,9852139,+,CHOL,3867,TCGA-ZH-A8Y7-01A,TCGA-ZH-A8Y7-01A,1.0,0.0,0.0,0.0,0.0
20,14991087,+,20,15106952,-,CHOL,3868,TCGA-ZH-A8Y7-01A,TCGA-ZH-A8Y7-01A,1.0,0.0,0.0,0.0,0.0
20,15048062,-,20,15083667,+,CHOL,3869,TCGA-ZH-A8Y7-01A,TCGA-ZH-A8Y7-01A,1.0,0.0,0.0,0.0,0.0
20,15052779,+,20,15081433,-,CHOL,3870,TCGA-ZH-A8Y7-01A,TCGA-ZH-A8Y7-01A,1.0,0.0,0.0,0.0,0.0
20,29859489,+,22,11373266,-,CHOL,3871,TCGA-ZH-A8Y7-01A,TCGA-ZH-A8Y7-01A,1.0,0.0,0.0,0.0,0.0
21,9695760,+,23,25652898,-,CHOL,3872,TCGA-ZH-A8Y7-01A,TCGA-ZH-A8Y7-01A,1.0,0.0,0.0,0.0,0.0
22,36238701,+,22,36254033,+,CHOL,3873,TCGA-ZH-A8Y7-01A,TCGA-ZH-A8Y7-01A,1.0,0.0,0.0,0.0,0.0
22,36238942,-,22,36253676,-,CHOL,3874,TCGA-ZH-A8Y7-01A,TCGA-ZH-A8Y7-01A,1.0,0.0,0.0,0.0,0.0
3,4354766,-,3,4371908,-,CHOL,3875,TCGA-ZH-A8Y7-01A,TCGA-ZH-A8Y7-01A,1.0,0.0,0.0,0.0,0.0
3,4357844,+,3,4358676,+,CHOL,3876,TCGA-ZH-A8Y7-01A,TCGA-ZH-A8Y7-01A,1.0,0.0,0.0,0.0,0.0
3,28216361,+,3,60160933,-,CHOL,3877,TCGA-ZH-A8Y7-01A,TCGA-ZH-A8Y7-01A,1.0,0.0,0.0,0.0,0.0
3,60253094,+,3,60370504,-,CHOL,3878,TCGA-ZH-A8Y7-01A,TCGA-ZH-A8Y7-01A,1.0,0.0,0.0,0.0,0.0
3,60294028,+,3,60310595,-,CHOL,3879,TCGA-ZH-A8Y7-01A,TCGA-ZH-A8Y7-01A,1.0,0.0,0.0,0.0,0.0
3,60305857,+,3,60345240,-,CHOL,3880,TCGA-ZH-A8Y7-01A,TCGA-ZH-A8Y7-01A,1.0,0.0,0.0,0.0,0.0
3,60385282,+,3,60643438,-,CHOL,3881,TCGA-ZH-A8Y7-01A,TCGA-ZH-A8Y7-01A,1.0,0.0,0.0,0.0,0.0
3,60415040,-,6,77869134,-,CHOL,3882,TCGA-ZH-A8Y7-01A,TCGA-ZH-A8Y7-01A,1.0,0.0,0.0,0.0,0.0
3,60415354,+,6,77868501,+,CHOL,3883,TCGA-ZH-A8Y7-01A,TCGA-ZH-A8Y7-01A,1.0,0.0,0.0,0.0,0.0
3,60443573,+,3,60730460,-,CHOL,3884,TCGA-ZH-A8Y7-01A,TCGA-ZH-A8Y7-01A,1.0,0.0,0.0,0.0,0.0
3,60462964,+,3,60498152,-,CHOL,3885,TCGA-ZH-A8Y7-01A,TCGA-ZH-A8Y7-01A,1.0,0.0,0.0,0.0,0.0
3,60523069,+,3,60550678,-,CHOL,3886,TCGA-ZH-A8Y7-01A,TCGA-ZH-A8Y7-01A,1.0,0.0,0.0,0.0,0.0
3,60605138,+,3,60659781,-,CHOL,3887,TCGA-ZH-A8Y7-01A,TCGA-ZH-A8Y7-01A,1.0,0.0,0.0,0.0,0.0
3,60702222,+,3,61037526,-,CHOL,3888,TCGA-ZH-A8Y7-01A,TCGA-ZH-A8Y7-01A,1.0,0.0,0.0,0.0,0.0
3,61249977,-,3,61256236,+,CHOL,3889,TCGA-ZH-A8Y7-01A,TCGA-ZH-A8Y7-01A,1.0,0.0,0.0,0.0,0.0
3,115741614,-,3,115764033,+,CHOL,3890,TCGA-ZH-A8Y7-01A,TCGA-ZH-A8Y7-01A,1.0,0.0,0.0,0.0,0.0
3,174503983,+,3,175162926,-,CHOL,3891,TCGA-ZH-A8Y7-01A,TCGA-ZH-A8Y7-01A,1.0,0.0,0.0,0.0,0.0
4,25097467,+,4,25101114,-,CHOL,3892,TCGA-ZH-A8Y7-01A,TCGA-ZH-A8Y7-01A,1.0,0.0,0.0,0.0,0.0
4,90261823,-,4,90388756,-,CHOL,3893,TCGA-ZH-A8Y7-01A,TCGA-ZH-A8Y7-01A,1.0,0.0,0.0,0.0,0.0
4,91142844,+,4,91438231,-,CHOL,3894,TCGA-ZH-A8Y7-01A,TCGA-ZH-A8Y7-01A,1.0,0.0,0.0,0.0,0.0
4,156510254,-,4,156524557,+,CHOL,3895,TCGA-ZH-A8Y7-01A,TCGA-ZH-A8Y7-01A,1.0,0.0,0.0,0.0,0.0
4,180918687,+,8,31927299,-,CHOL,3896,TCGA-ZH-A8Y7-01A,TCGA-ZH-A8Y7-01A,1.0,0.0,0.0,0.0,0.0
5,72701444,+,5,72732735,+,CHOL,3897,TCGA-ZH-A8Y7-01A,TCGA-ZH-A8Y7-01A,1.0,0.0,0.0,0.0,0.0
5,130927394,+,5,131090951,-,CHOL,3898,TCGA-ZH-A8Y7-01A,TCGA-ZH-A8Y7-01A,1.0,0.0,0.0,0.0,0.0
5,152792038,+,5,152915432,+,CHOL,3899,TCGA-ZH-A8Y7-01A,TCGA-ZH-A8Y7-01A,1.0,0.0,0.0,0.0,0.0
6,2012885,+,6,2013933,-,CHOL,3900,TCGA-ZH-A8Y7-01A,TCGA-ZH-A8Y7-01A,1.0,0.0,0.0,0.0,0.0
6,81912171,-,6,81953842,+,CHOL,3901,TCGA-ZH-A8Y7-01A,TCGA-ZH-A8Y7-01A,1.0,0.0,0.0,0.0,0.0
6,100980607,+,6,101078963,-,CHOL,3902,TCGA-ZH-A8Y7-01A,TCGA-ZH-A8Y7-01A,1.0,0.0,0.0,0.0,0.0
6,130477917,-,6,130541100,+,CHOL,3903,TCGA-ZH-A8Y7-01A,TCGA-ZH-A8Y7-01A,1.0,0.0,0.0,0.0,0.0
6,143960251,+,6,146051509,-,CHOL,3904,TCGA-ZH-A8Y7-01A,TCGA-ZH-A8Y7-01A,1.0,0.0,0.0,0.0,0.0
6,156313449,+,10,54163831,+,CHOL,3905,TCGA-ZH-A8Y7-01A,TCGA-ZH-A8Y7-01A,1.0,0.0,0.0,0.0,0.0
6,161776402,+,6,161855020,-,CHOL,3906,TCGA-ZH-A8Y7-01A,TCGA-ZH-A8Y7-01A,1.0,0.0,0.0,0.0,0.0
6,162264341,+,6,162290041,-,CHOL,3907,TCGA-ZH-A8Y7-01A,TCGA-ZH-A8Y7-01A,1.0,0.0,0.0,0.0,0.0
6,162421444,+,6,162517008,-,CHOL,3908,TCGA-ZH-A8Y7-01A,TCGA-ZH-A8Y7-01A,1.0,0.0,0.0,0.0,0.0
7,15248181,+,10,53851202,-,CHOL,3909,TCGA-ZH-A8Y7-01A,TCGA-ZH-A8Y7-01A,1.0,0.0,0.0,0.0,0.0
7,66670924,+,8,16452789,-,CHOL,3910,TCGA-ZH-A8Y7-01A,TCGA-ZH-A8Y7-01A,1.0,0.0,0.0,0.0,0.0
7,110931850,+,7,110950773,-,CHOL,3911,TCGA-ZH-A8Y7-01A,TCGA-ZH-A8Y7-01A,1.0,0.0,0.0,0.0,0.0
8,30823306,-,15,25131911,-,CHOL,3912,TCGA-ZH-A8Y7-01A,TCGA-ZH-A8Y7-01A,1.0,0.0,0.0,0.0,0.0
8,36991533,-,8,37024364,+,CHOL,3913,TCGA-ZH-A8Y7-01A,TCGA-ZH-A8Y7-01A,1.0,0.0,0.0,0.0,0.0
8,37024201,-,8,61212126,-,CHOL,3914,TCGA-ZH-A8Y7-01A,TCGA-ZH-A8Y7-01A,1.0,0.0,0.0,0.0,0.0
9,9089818,+,9,9498961,-,CHOL,3915,TCGA-ZH-A8Y7-01A,TCGA-ZH-A8Y7-01A,1.0,0.0,0.0,0.0,0.0
9,9194501,+,9,9509763,-,CHOL,3916,TCGA-ZH-A8Y7-01A,TCGA-ZH-A8Y7-01A,1.0,0.0,0.0,0.0,0.0
9,9773751,+,9,10264782,-,CHOL,3917,TCGA-ZH-A8Y7-01A,TCGA-ZH-A8Y7-01A,1.0,0.0,0.0,0.0,0.0
9,65079275,+,18,15598720,-,CHOL,3918,TCGA-ZH-A8Y7-01A,TCGA-ZH-A8Y7-01A,1.0,0.0,0.0,0.0,0.0
9,83172000,+,9,83616885,+,CHOL,3919,TCGA-ZH-A8Y7-01A,TCGA-ZH-A8Y7-01A,1.0,0.0,0.0,0.0,0.0
9,83173411,-,9,83635176,-,CHOL,3920,TCGA-ZH-A8Y7-01A,TCGA-ZH-A8Y7-01A,1.0,0.0,0.0,0.0,0.0
9,86281018,-,9,86281288,+,CHOL,3921,TCGA-ZH-A8Y7-01A,TCGA-ZH-A8Y7-01A,1.0,0.0,0.0,0.0,0.0
23,92429865,-,24,5543061,+,CHOL,3922,TCGA-ZH-A8Y7-01A,TCGA-ZH-A8Y7-01A,1.0,0.0,0.0,0.0,0.0
24,6226070,+,24,19761861,+,CHOL,3923,TCGA-ZH-A8Y7-01A,TCGA-ZH-A8Y7-01A,1.0,0.0,0.0,0.0,0.0
24,14097701,-,24,14104803,-,CHOL,3924,TCGA-ZH-A8Y7-01A,TCGA-ZH-A8Y7-01A,1.0,0.0,0.0,0.0,0.0
1,11713178,+,12,120952905,-,CHOL,3925,TCGA-ZU-A8S4-01A,TCGA-ZU-A8S4-01A,1.0,0.0,0.0,0.0,0.0
1,71638493,+,1,71986822,-,CHOL,3926,TCGA-ZU-A8S4-01A,TCGA-ZU-A8S4-01A,1.0,0.0,0.0,0.0,0.0
1,85530954,-,1,89809641,+,CHOL,3927,TCGA-ZU-A8S4-01A,TCGA-ZU-A8S4-01A,1.0,0.0,0.0,0.0,0.0
1,85540628,+,1,85547140,+,CHOL,3928,TCGA-ZU-A8S4-01A,TCGA-ZU-A8S4-01A,1.0,0.0,0.0,0.0,0.0
1,85594616,-,1,93874313,-,CHOL,3929,TCGA-ZU-A8S4-01A,TCGA-ZU-A8S4-01A,1.0,0.0,0.0,0.0,0.0
1,122846896,+,1,124273950,-,CHOL,3930,TCGA-ZU-A8S4-01A,TCGA-ZU-A8S4-01A,1.0,0.0,0.0,0.0,0.0
1,124797419,-,1,124806568,+,CHOL,3931,TCGA-ZU-A8S4-01A,TCGA-ZU-A8S4-01A,1.0,0.0,0.0,0.0,0.0
10,40546068,-,10,40734551,+,CHOL,3932,TCGA-ZU-A8S4-01A,TCGA-ZU-A8S4-01A,1.0,0.0,0.0,0.0,0.0
10,78276173,-,14,75185793,-,CHOL,3933,TCGA-ZU-A8S4-01A,TCGA-ZU-A8S4-01A,1.0,0.0,0.0,0.0,0.0
11,19869671,+,11,31684419,+,CHOL,3934,TCGA-ZU-A8S4-01A,TCGA-ZU-A8S4-01A,1.0,0.0,0.0,0.0,0.0
11,29387875,-,11,42616312,-,CHOL,3935,TCGA-ZU-A8S4-01A,TCGA-ZU-A8S4-01A,1.0,0.0,0.0,0.0,0.0
11,31686906,+,11,39319223,+,CHOL,3936,TCGA-ZU-A8S4-01A,TCGA-ZU-A8S4-01A,1.0,0.0,0.0,0.0,0.0
11,35959479,-,11,43143209,+,CHOL,3937,TCGA-ZU-A8S4-01A,TCGA-ZU-A8S4-01A,1.0,0.0,0.0,0.0,0.0
11,39881335,-,11,43142828,-,CHOL,3938,TCGA-ZU-A8S4-01A,TCGA-ZU-A8S4-01A,1.0,0.0,0.0,0.0,0.0
11,39999979,+,11,43145788,-,CHOL,3939,TCGA-ZU-A8S4-01A,TCGA-ZU-A8S4-01A,1.0,0.0,0.0,0.0,0.0
11,40378148,-,11,43148561,+,CHOL,3940,TCGA-ZU-A8S4-01A,TCGA-ZU-A8S4-01A,1.0,0.0,0.0,0.0,0.0
11,40569918,+,11,43149914,-,CHOL,3941,TCGA-ZU-A8S4-01A,TCGA-ZU-A8S4-01A,1.0,0.0,0.0,0.0,0.0
11,54372656,-,11,54419801,+,CHOL,3942,TCGA-ZU-A8S4-01A,TCGA-ZU-A8S4-01A,1.0,0.0,0.0,0.0,0.0
11,56644189,+,20,34654055,+,CHOL,3943,TCGA-ZU-A8S4-01A,TCGA-ZU-A8S4-01A,1.0,0.0,0.0,0.0,0.0
11,99029576,+,11,99112994,-,CHOL,3944,TCGA-ZU-A8S4-01A,TCGA-ZU-A8S4-01A,1.0,0.0,0.0,0.0,0.0
11,123279418,-,19,2936020,-,CHOL,3945,TCGA-ZU-A8S4-01A,TCGA-ZU-A8S4-01A,1.0,0.0,0.0,0.0,0.0
12,66139280,+,12,113479378,-,CHOL,3946,TCGA-ZU-A8S4-01A,TCGA-ZU-A8S4-01A,1.0,0.0,0.0,0.0,0.0
12,67268415,+,12,116936934,-,CHOL,3947,TCGA-ZU-A8S4-01A,TCGA-ZU-A8S4-01A,1.0,0.0,0.0,0.0,0.0
12,67269819,-,12,116935689,+,CHOL,3948,TCGA-ZU-A8S4-01A,TCGA-ZU-A8S4-01A,1.0,0.0,0.0,0.0,0.0
13,16938710,+,13,16985954,-,CHOL,3949,TCGA-ZU-A8S4-01A,TCGA-ZU-A8S4-01A,1.0,0.0,0.0,0.0,0.0
13,20377038,-,13,51428901,-,CHOL,3950,TCGA-ZU-A8S4-01A,TCGA-ZU-A8S4-01A,1.0,0.0,0.0,0.0,0.0
13,53844775,+,13,63314208,+,CHOL,3951,TCGA-ZU-A8S4-01A,TCGA-ZU-A8S4-01A,1.0,0.0,0.0,0.0,0.0
13,92266891,+,15,23462473,-,CHOL,3952,TCGA-ZU-A8S4-01A,TCGA-ZU-A8S4-01A,1.0,0.0,0.0,0.0,0.0
13,98318913,-,13,99780577,+,CHOL,3953,TCGA-ZU-A8S4-01A,TCGA-ZU-A8S4-01A,1.0,0.0,0.0,0.0,0.0
15,84849160,-,15,91072665,+,CHOL,3954,TCGA-ZU-A8S4-01A,TCGA-ZU-A8S4-01A,1.0,0.0,0.0,0.0,0.0
15,85975939,+,15,90204052,-,CHOL,3955,TCGA-ZU-A8S4-01A,TCGA-ZU-A8S4-01A,1.0,0.0,0.0,0.0,0.0
16,34257876,+,16,36336245,+,CHOL,3956,TCGA-ZU-A8S4-01A,TCGA-ZU-A8S4-01A,1.0,0.0,0.0,0.0,0.0
18,15580236,+,18,15666975,-,CHOL,3957,TCGA-ZU-A8S4-01A,TCGA-ZU-A8S4-01A,1.0,0.0,0.0,0.0,0.0
18,24731940,+,18,26198744,+,CHOL,3958,TCGA-ZU-A8S4-01A,TCGA-ZU-A8S4-01A,1.0,0.0,0.0,0.0,0.0
18,24779063,-,18,26363065,-,CHOL,3959,TCGA-ZU-A8S4-01A,TCGA-ZU-A8S4-01A,1.0,0.0,0.0,0.0,0.0
2,22480530,-,6,133056238,-,CHOL,3960,TCGA-ZU-A8S4-01A,TCGA-ZU-A8S4-01A,1.0,0.0,0.0,0.0,0.0
2,22482474,-,6,133056402,+,CHOL,3961,TCGA-ZU-A8S4-01A,TCGA-ZU-A8S4-01A,1.0,0.0,0.0,0.0,0.0
2,91884300,-,10,38642260,+,CHOL,3962,TCGA-ZU-A8S4-01A,TCGA-ZU-A8S4-01A,1.0,0.0,0.0,0.0,0.0
2,222866745,-,10,79242538,+,CHOL,3963,TCGA-ZU-A8S4-01A,TCGA-ZU-A8S4-01A,1.0,0.0,0.0,0.0,0.0
20,26459600,+,20,26514943,-,CHOL,3964,TCGA-ZU-A8S4-01A,TCGA-ZU-A8S4-01A,1.0,0.0,0.0,0.0,0.0
21,12975357,+,21,17250511,+,CHOL,3965,TCGA-ZU-A8S4-01A,TCGA-ZU-A8S4-01A,1.0,0.0,0.0,0.0,0.0
21,13185844,-,21,16407040,-,CHOL,3966,TCGA-ZU-A8S4-01A,TCGA-ZU-A8S4-01A,1.0,0.0,0.0,0.0,0.0
22,37507799,-,22,38955198,+,CHOL,3967,TCGA-ZU-A8S4-01A,TCGA-ZU-A8S4-01A,1.0,0.0,0.0,0.0,0.0
3,91175051,-,3,91200703,+,CHOL,3968,TCGA-ZU-A8S4-01A,TCGA-ZU-A8S4-01A,1.0,0.0,0.0,0.0,0.0
3,93763353,+,3,93768414,-,CHOL,3969,TCGA-ZU-A8S4-01A,TCGA-ZU-A8S4-01A,1.0,0.0,0.0,0.0,0.0
4,49716651,-,4,50632313,+,CHOL,3970,TCGA-ZU-A8S4-01A,TCGA-ZU-A8S4-01A,1.0,0.0,0.0,0.0,0.0
4,50344286,-,4,50849376,+,CHOL,3971,TCGA-ZU-A8S4-01A,TCGA-ZU-A8S4-01A,1.0,0.0,0.0,0.0,0.0
4,86842786,-,6,137793444,+,CHOL,3972,TCGA-ZU-A8S4-01A,TCGA-ZU-A8S4-01A,1.0,0.0,0.0,0.0,0.0
4,167564909,+,4,188491140,-,CHOL,3973,TCGA-ZU-A8S4-01A,TCGA-ZU-A8S4-01A,1.0,0.0,0.0,0.0,0.0
5,47256249,-,19,24908189,+,CHOL,3974,TCGA-ZU-A8S4-01A,TCGA-ZU-A8S4-01A,1.0,0.0,0.0,0.0,0.0
5,49683036,-,5,49694516,+,CHOL,3975,TCGA-ZU-A8S4-01A,TCGA-ZU-A8S4-01A,1.0,0.0,0.0,0.0,0.0
5,49744547,+,5,49790378,-,CHOL,3976,TCGA-ZU-A8S4-01A,TCGA-ZU-A8S4-01A,1.0,0.0,0.0,0.0,0.0
5,55991294,-,8,101219133,+,CHOL,3977,TCGA-ZU-A8S4-01A,TCGA-ZU-A8S4-01A,1.0,0.0,0.0,0.0,0.0
5,56924211,+,8,99698464,-,CHOL,3978,TCGA-ZU-A8S4-01A,TCGA-ZU-A8S4-01A,1.0,0.0,0.0,0.0,0.0
5,79777729,-,20,29212280,-,CHOL,3979,TCGA-ZU-A8S4-01A,TCGA-ZU-A8S4-01A,1.0,0.0,0.0,0.0,0.0
5,157392306,-,5,158581728,+,CHOL,3980,TCGA-ZU-A8S4-01A,TCGA-ZU-A8S4-01A,1.0,0.0,0.0,0.0,0.0
5,166005978,+,23,52640355,+,CHOL,3981,TCGA-ZU-A8S4-01A,TCGA-ZU-A8S4-01A,1.0,0.0,0.0,0.0,0.0
6,20993269,+,6,21866350,-,CHOL,3982,TCGA-ZU-A8S4-01A,TCGA-ZU-A8S4-01A,1.0,0.0,0.0,0.0,0.0
6,91882991,+,7,47825469,-,CHOL,3983,TCGA-ZU-A8S4-01A,TCGA-ZU-A8S4-01A,1.0,0.0,0.0,0.0,0.0
7,47825310,-,17,63236499,+,CHOL,3984,TCGA-ZU-A8S4-01A,TCGA-ZU-A8S4-01A,1.0,0.0,0.0,0.0,0.0
7,47825920,+,17,63236411,-,CHOL,3985,TCGA-ZU-A8S4-01A,TCGA-ZU-A8S4-01A,1.0,0.0,0.0,0.0,0.0
7,97704846,+,8,91061241,+,CHOL,3986,TCGA-ZU-A8S4-01A,TCGA-ZU-A8S4-01A,1.0,0.0,0.0,0.0,0.0
7,117615472,+,13,78339275,-,CHOL,3987,TCGA-ZU-A8S4-01A,TCGA-ZU-A8S4-01A,1.0,0.0,0.0,0.0,0.0
7,119958261,-,13,49542447,+,CHOL,3988,TCGA-ZU-A8S4-01A,TCGA-ZU-A8S4-01A,1.0,0.0,0.0,0.0,0.0
8,45399324,-,8,45678783,+,CHOL,3989,TCGA-ZU-A8S4-01A,TCGA-ZU-A8S4-01A,1.0,0.0,0.0,0.0,0.0
8,89316643,+,8,89318915,-,CHOL,3990,TCGA-ZU-A8S4-01A,TCGA-ZU-A8S4-01A,1.0,0.0,0.0,0.0,0.0
9,3845611,-,13,80606738,-,CHOL,3991,TCGA-ZU-A8S4-01A,TCGA-ZU-A8S4-01A,1.0,0.0,0.0,0.0,0.0
9,11958359,+,9,11959847,-,CHOL,3992,TCGA-ZU-A8S4-01A,TCGA-ZU-A8S4-01A,1.0,0.0,0.0,0.0,0.0
9,14817517,+,11,31617894,+,CHOL,3993,TCGA-ZU-A8S4-01A,TCGA-ZU-A8S4-01A,1.0,0.0,0.0,0.0,0.0
9,15688529,-,9,24591012,-,CHOL,3994,TCGA-ZU-A8S4-01A,TCGA-ZU-A8S4-01A,1.0,0.0,0.0,0.0,0.0
9,15693390,+,11,31684685,-,CHOL,3995,TCGA-ZU-A8S4-01A,TCGA-ZU-A8S4-01A,1.0,0.0,0.0,0.0,0.0
9,21669236,-,11,31617730,-,CHOL,3996,TCGA-ZU-A8S4-01A,TCGA-ZU-A8S4-01A,1.0,0.0,0.0,0.0,0.0
9,21669490,+,11,38757095,+,CHOL,3997,TCGA-ZU-A8S4-01A,TCGA-ZU-A8S4-01A,1.0,0.0,0.0,0.0,0.0
9,21797051,+,13,29984857,+,CHOL,3998,TCGA-ZU-A8S4-01A,TCGA-ZU-A8S4-01A,1.0,0.0,0.0,0.0,0.0
9,24395430,+,13,78329471,-,CHOL,3999,TCGA-ZU-A8S4-01A,TCGA-ZU-A8S4-01A,1.0,0.0,0.0,0.0,0.0
9,24843890,-,13,21173181,-,CHOL,4000,TCGA-ZU-A8S4-01A,TCGA-ZU-A8S4-01A,1.0,0.0,0.0,0.0,0.0
9,107493719,+,9,108568415,-,CHOL,4001,TCGA-ZU-A8S4-01A,TCGA-ZU-A8S4-01A,1.0,0.0,0.0,0.0,0.0
