seqnames,start,strand,altchr,altpos,altstrand,dcc_project_code,sv_id,sid,donor_unique_id,weights,topo,topo_n,mech,homseq
12,36368810,+,12,36553188,-,DLBC,0,TCGA-FA-8693-01A,TCGA-FA-8693-01A,1.0,0.0,0.0,0.0,0.0
12,37285705,-,12,37295420,+,DLBC,1,TCGA-FA-8693-01A,TCGA-FA-8693-01A,1.0,0.0,0.0,0.0,0.0
12,37632673,+,12,37635903,-,DLBC,2,TCGA-FA-8693-01A,TCGA-FA-8693-01A,1.0,0.0,0.0,0.0,0.0
13,16586571,+,13,16678965,-,DLBC,3,TCGA-FA-8693-01A,TCGA-FA-8693-01A,1.0,0.0,0.0,0.0,0.0
13,16727223,+,13,16960161,-,DLBC,4,TCGA-FA-8693-01A,TCGA-FA-8693-01A,1.0,0.0,0.0,0.0,0.0
13,40493409,-,13,40824117,+,DLBC,5,TCGA-FA-8693-01A,TCGA-FA-8693-01A,1.0,0.0,0.0,0.0,0.0
13,49206700,+,13,74901135,-,DLBC,6,TCGA-FA-8693-01A,TCGA-FA-8693-01A,1.0,0.0,0.0,0.0,0.0
13,51878716,+,13,51880507,-,DLBC,7,TCGA-FA-8693-01A,TCGA-FA-8693-01A,1.0,0.0,0.0,0.0,0.0
13,59577872,+,13,59581083,+,DLBC,8,TCGA-FA-8693-01A,TCGA-FA-8693-01A,1.0,0.0,0.0,0.0,0.0
13,59578069,+,13,59581481,-,DLBC,9,TCGA-FA-8693-01A,TCGA-FA-8693-01A,1.0,0.0,0.0,0.0,0.0
13,59578197,+,13,59581160,+,DLBC,10,TCGA-FA-8693-01A,TCGA-FA-8693-01A,1.0,0.0,0.0,0.0,0.0
13,59579941,-,13,59581105,-,DLBC,11,TCGA-FA-8693-01A,TCGA-FA-8693-01A,1.0,0.0,0.0,0.0,0.0
13,59581083,+,13,59581680,+,DLBC,12,TCGA-FA-8693-01A,TCGA-FA-8693-01A,1.0,0.0,0.0,0.0,0.0
14,102301935,-,14,102310744,+,DLBC,13,TCGA-FA-8693-01A,TCGA-FA-8693-01A,1.0,0.0,0.0,0.0,0.0
14,105647856,+,14,105860337,-,DLBC,14,TCGA-FA-8693-01A,TCGA-FA-8693-01A,1.0,0.0,0.0,0.0,0.0
14,105863256,+,14,105903616,-,DLBC,15,TCGA-FA-8693-01A,TCGA-FA-8693-01A,1.0,0.0,0.0,0.0,0.0
15,17494805,+,15,18351359,-,DLBC,16,TCGA-FA-8693-01A,TCGA-FA-8693-01A,1.0,0.0,0.0,0.0,0.0
15,36579358,+,15,55001037,-,DLBC,17,TCGA-FA-8693-01A,TCGA-FA-8693-01A,1.0,0.0,0.0,0.0,0.0
16,3188582,-,16,3193687,+,DLBC,18,TCGA-FA-8693-01A,TCGA-FA-8693-01A,1.0,0.0,0.0,0.0,0.0
17,1690707,-,20,30848045,+,DLBC,19,TCGA-FA-8693-01A,TCGA-FA-8693-01A,1.0,0.0,0.0,0.0,0.0
17,22913363,-,17,23193133,+,DLBC,20,TCGA-FA-8693-01A,TCGA-FA-8693-01A,1.0,0.0,0.0,0.0,0.0
18,15745760,+,18,20631028,-,DLBC,21,TCGA-FA-8693-01A,TCGA-FA-8693-01A,1.0,0.0,0.0,0.0,0.0
2,90005631,+,2,90022197,-,DLBC,22,TCGA-FA-8693-01A,TCGA-FA-8693-01A,1.0,0.0,0.0,0.0,0.0
20,29290720,-,24,10206434,-,DLBC,23,TCGA-FA-8693-01A,TCGA-FA-8693-01A,1.0,0.0,0.0,0.0,0.0
20,37329892,+,20,37336192,+,DLBC,24,TCGA-FA-8693-01A,TCGA-FA-8693-01A,1.0,0.0,0.0,0.0,0.0
3,42679798,-,3,44060217,+,DLBC,25,TCGA-FA-8693-01A,TCGA-FA-8693-01A,1.0,0.0,0.0,0.0,0.0
3,43414284,+,3,44208160,-,DLBC,26,TCGA-FA-8693-01A,TCGA-FA-8693-01A,1.0,0.0,0.0,0.0,0.0
3,44298273,+,3,45510060,+,DLBC,27,TCGA-FA-8693-01A,TCGA-FA-8693-01A,1.0,0.0,0.0,0.0,0.0
3,45141852,-,3,55201940,-,DLBC,28,TCGA-FA-8693-01A,TCGA-FA-8693-01A,1.0,0.0,0.0,0.0,0.0
3,90928879,+,3,91163995,-,DLBC,29,TCGA-FA-8693-01A,TCGA-FA-8693-01A,1.0,0.0,0.0,0.0,0.0
4,90206781,-,6,100040980,-,DLBC,30,TCGA-FA-8693-01A,TCGA-FA-8693-01A,1.0,0.0,0.0,0.0,0.0
5,41660231,+,5,41747590,-,DLBC,31,TCGA-FA-8693-01A,TCGA-FA-8693-01A,1.0,0.0,0.0,0.0,0.0
5,158828168,+,5,159039071,-,DLBC,32,TCGA-FA-8693-01A,TCGA-FA-8693-01A,1.0,0.0,0.0,0.0,0.0
6,31869163,+,7,128289606,+,DLBC,33,TCGA-FA-8693-01A,TCGA-FA-8693-01A,1.0,0.0,0.0,0.0,0.0
6,32754345,-,7,128827563,-,DLBC,34,TCGA-FA-8693-01A,TCGA-FA-8693-01A,1.0,0.0,0.0,0.0,0.0
7,58198007,-,7,61968649,+,DLBC,35,TCGA-FA-8693-01A,TCGA-FA-8693-01A,1.0,0.0,0.0,0.0,0.0
7,129635943,+,7,130184613,-,DLBC,36,TCGA-FA-8693-01A,TCGA-FA-8693-01A,1.0,0.0,0.0,0.0,0.0
8,65991556,-,8,66000875,+,DLBC,37,TCGA-FA-8693-01A,TCGA-FA-8693-01A,1.0,0.0,0.0,0.0,0.0
9,8726621,-,9,128497476,+,DLBC,38,TCGA-FA-8693-01A,TCGA-FA-8693-01A,1.0,0.0,0.0,0.0,0.0
23,96051739,+,23,96052384,-,DLBC,39,TCGA-FA-8693-01A,TCGA-FA-8693-01A,1.0,0.0,0.0,0.0,0.0
1,24322033,+,1,24404196,+,DLBC,40,TCGA-FA-A4BB-01A,TCGA-FA-A4BB-01A,1.0,0.0,0.0,0.0,0.0
1,24395061,-,1,37894511,-,DLBC,41,TCGA-FA-A4BB-01A,TCGA-FA-A4BB-01A,1.0,0.0,0.0,0.0,0.0
1,174627678,+,1,174699600,+,DLBC,42,TCGA-FA-A4BB-01A,TCGA-FA-A4BB-01A,1.0,0.0,0.0,0.0,0.0
1,196176936,-,1,216078468,-,DLBC,43,TCGA-FA-A4BB-01A,TCGA-FA-A4BB-01A,1.0,0.0,0.0,0.0,0.0
1,196177079,+,1,215991428,+,DLBC,44,TCGA-FA-A4BB-01A,TCGA-FA-A4BB-01A,1.0,0.0,0.0,0.0,0.0
1,196344149,+,1,216059536,-,DLBC,45,TCGA-FA-A4BB-01A,TCGA-FA-A4BB-01A,1.0,0.0,0.0,0.0,0.0
1,196390904,-,1,196620065,-,DLBC,46,TCGA-FA-A4BB-01A,TCGA-FA-A4BB-01A,1.0,0.0,0.0,0.0,0.0
1,196391126,-,1,216078320,-,DLBC,47,TCGA-FA-A4BB-01A,TCGA-FA-A4BB-01A,1.0,0.0,0.0,0.0,0.0
1,196391131,+,1,216078465,+,DLBC,48,TCGA-FA-A4BB-01A,TCGA-FA-A4BB-01A,1.0,0.0,0.0,0.0,0.0
1,216059981,+,1,216078549,+,DLBC,49,TCGA-FA-A4BB-01A,TCGA-FA-A4BB-01A,1.0,0.0,0.0,0.0,0.0
10,98557994,-,10,98574327,+,DLBC,50,TCGA-FA-A4BB-01A,TCGA-FA-A4BB-01A,1.0,0.0,0.0,0.0,0.0
10,130574427,-,12,22655810,+,DLBC,51,TCGA-FA-A4BB-01A,TCGA-FA-A4BB-01A,1.0,0.0,0.0,0.0,0.0
11,59194223,-,11,59256235,+,DLBC,52,TCGA-FA-A4BB-01A,TCGA-FA-A4BB-01A,1.0,0.0,0.0,0.0,0.0
12,132907412,+,12,132916066,-,DLBC,53,TCGA-FA-A4BB-01A,TCGA-FA-A4BB-01A,1.0,0.0,0.0,0.0,0.0
13,16121547,+,20,29242695,+,DLBC,54,TCGA-FA-A4BB-01A,TCGA-FA-A4BB-01A,1.0,0.0,0.0,0.0,0.0
14,78150388,-,14,78432409,+,DLBC,55,TCGA-FA-A4BB-01A,TCGA-FA-A4BB-01A,1.0,0.0,0.0,0.0,0.0
14,105771091,+,14,105773714,-,DLBC,56,TCGA-FA-A4BB-01A,TCGA-FA-A4BB-01A,1.0,0.0,0.0,0.0,0.0
14,105863239,+,14,106421776,-,DLBC,57,TCGA-FA-A4BB-01A,TCGA-FA-A4BB-01A,1.0,0.0,0.0,0.0,0.0
14,105863867,+,14,105913222,-,DLBC,58,TCGA-FA-A4BB-01A,TCGA-FA-A4BB-01A,1.0,0.0,0.0,0.0,0.0
16,704885,-,16,716498,+,DLBC,59,TCGA-FA-A4BB-01A,TCGA-FA-A4BB-01A,1.0,0.0,0.0,0.0,0.0
16,10751819,+,16,10752507,-,DLBC,60,TCGA-FA-A4BB-01A,TCGA-FA-A4BB-01A,1.0,0.0,0.0,0.0,0.0
16,72378236,+,16,72948892,-,DLBC,61,TCGA-FA-A4BB-01A,TCGA-FA-A4BB-01A,1.0,0.0,0.0,0.0,0.0
17,43101226,+,17,43185339,-,DLBC,62,TCGA-FA-A4BB-01A,TCGA-FA-A4BB-01A,1.0,0.0,0.0,0.0,0.0
18,34603978,+,18,34605198,-,DLBC,63,TCGA-FA-A4BB-01A,TCGA-FA-A4BB-01A,1.0,0.0,0.0,0.0,0.0
19,58261504,+,19,58354853,-,DLBC,64,TCGA-FA-A4BB-01A,TCGA-FA-A4BB-01A,1.0,0.0,0.0,0.0,0.0
2,6253299,+,23,23972004,+,DLBC,65,TCGA-FA-A4BB-01A,TCGA-FA-A4BB-01A,1.0,0.0,0.0,0.0,0.0
2,29583552,-,8,41679875,+,DLBC,66,TCGA-FA-A4BB-01A,TCGA-FA-A4BB-01A,1.0,0.0,0.0,0.0,0.0
2,47829140,+,2,47846400,-,DLBC,67,TCGA-FA-A4BB-01A,TCGA-FA-A4BB-01A,1.0,0.0,0.0,0.0,0.0
2,88858020,-,2,88860425,+,DLBC,68,TCGA-FA-A4BB-01A,TCGA-FA-A4BB-01A,1.0,0.0,0.0,0.0,0.0
2,88858025,+,2,88858484,+,DLBC,69,TCGA-FA-A4BB-01A,TCGA-FA-A4BB-01A,1.0,0.0,0.0,0.0,0.0
2,88858488,-,2,88860432,-,DLBC,70,TCGA-FA-A4BB-01A,TCGA-FA-A4BB-01A,1.0,0.0,0.0,0.0,0.0
2,88978374,+,2,88992413,-,DLBC,71,TCGA-FA-A4BB-01A,TCGA-FA-A4BB-01A,1.0,0.0,0.0,0.0,0.0
2,90005626,+,2,90022197,-,DLBC,72,TCGA-FA-A4BB-01A,TCGA-FA-A4BB-01A,1.0,0.0,0.0,0.0,0.0
2,158539475,+,2,158542082,-,DLBC,73,TCGA-FA-A4BB-01A,TCGA-FA-A4BB-01A,1.0,0.0,0.0,0.0,0.0
2,158545839,+,2,178060384,-,DLBC,74,TCGA-FA-A4BB-01A,TCGA-FA-A4BB-01A,1.0,0.0,0.0,0.0,0.0
2,189869492,-,2,191099203,-,DLBC,75,TCGA-FA-A4BB-01A,TCGA-FA-A4BB-01A,1.0,0.0,0.0,0.0,0.0
2,189915956,+,2,191117515,+,DLBC,76,TCGA-FA-A4BB-01A,TCGA-FA-A4BB-01A,1.0,0.0,0.0,0.0,0.0
2,212623386,+,2,239400047,+,DLBC,77,TCGA-FA-A4BB-01A,TCGA-FA-A4BB-01A,1.0,0.0,0.0,0.0,0.0
2,212850822,-,2,238968418,-,DLBC,78,TCGA-FA-A4BB-01A,TCGA-FA-A4BB-01A,1.0,0.0,0.0,0.0,0.0
2,231552204,-,2,241895313,+,DLBC,79,TCGA-FA-A4BB-01A,TCGA-FA-A4BB-01A,1.0,0.0,0.0,0.0,0.0
2,238968071,+,2,239400537,-,DLBC,80,TCGA-FA-A4BB-01A,TCGA-FA-A4BB-01A,1.0,0.0,0.0,0.0,0.0
2,238980792,+,2,239383140,-,DLBC,81,TCGA-FA-A4BB-01A,TCGA-FA-A4BB-01A,1.0,0.0,0.0,0.0,0.0
20,28761080,-,21,10794805,-,DLBC,82,TCGA-FA-A4BB-01A,TCGA-FA-A4BB-01A,1.0,0.0,0.0,0.0,0.0
3,47166861,+,7,74337318,+,DLBC,83,TCGA-FA-A4BB-01A,TCGA-FA-A4BB-01A,1.0,0.0,0.0,0.0,0.0
3,90551865,-,3,90554442,+,DLBC,84,TCGA-FA-A4BB-01A,TCGA-FA-A4BB-01A,1.0,0.0,0.0,0.0,0.0
3,136848372,-,3,136869317,+,DLBC,85,TCGA-FA-A4BB-01A,TCGA-FA-A4BB-01A,1.0,0.0,0.0,0.0,0.0
3,187744831,+,14,105860488,-,DLBC,86,TCGA-FA-A4BB-01A,TCGA-FA-A4BB-01A,1.0,0.0,0.0,0.0,0.0
4,1954585,+,4,1956856,-,DLBC,87,TCGA-FA-A4BB-01A,TCGA-FA-A4BB-01A,1.0,0.0,0.0,0.0,0.0
4,52438337,-,11,80930380,+,DLBC,88,TCGA-FA-A4BB-01A,TCGA-FA-A4BB-01A,1.0,0.0,0.0,0.0,0.0
4,66108098,+,15,40224449,+,DLBC,89,TCGA-FA-A4BB-01A,TCGA-FA-A4BB-01A,1.0,0.0,0.0,0.0,0.0
4,66108101,-,15,40224296,-,DLBC,90,TCGA-FA-A4BB-01A,TCGA-FA-A4BB-01A,1.0,0.0,0.0,0.0,0.0
4,155873936,+,4,155876416,-,DLBC,91,TCGA-FA-A4BB-01A,TCGA-FA-A4BB-01A,1.0,0.0,0.0,0.0,0.0
5,46111607,-,5,46115705,+,DLBC,92,TCGA-FA-A4BB-01A,TCGA-FA-A4BB-01A,1.0,0.0,0.0,0.0,0.0
5,122608867,-,13,89668817,-,DLBC,93,TCGA-FA-A4BB-01A,TCGA-FA-A4BB-01A,1.0,0.0,0.0,0.0,0.0
6,1487412,+,6,1975250,-,DLBC,94,TCGA-FA-A4BB-01A,TCGA-FA-A4BB-01A,1.0,0.0,0.0,0.0,0.0
6,56663461,+,7,129462017,+,DLBC,95,TCGA-FA-A4BB-01A,TCGA-FA-A4BB-01A,1.0,0.0,0.0,0.0,0.0
6,67641880,+,6,69620275,-,DLBC,96,TCGA-FA-A4BB-01A,TCGA-FA-A4BB-01A,1.0,0.0,0.0,0.0,0.0
6,68692806,-,6,78542207,+,DLBC,97,TCGA-FA-A4BB-01A,TCGA-FA-A4BB-01A,1.0,0.0,0.0,0.0,0.0
6,69351168,+,6,78670278,-,DLBC,98,TCGA-FA-A4BB-01A,TCGA-FA-A4BB-01A,1.0,0.0,0.0,0.0,0.0
6,80871978,+,6,80999709,-,DLBC,99,TCGA-FA-A4BB-01A,TCGA-FA-A4BB-01A,1.0,0.0,0.0,0.0,0.0
7,18747295,-,7,18798909,+,DLBC,100,TCGA-FA-A4BB-01A,TCGA-FA-A4BB-01A,1.0,0.0,0.0,0.0,0.0
7,41623857,+,7,41652677,-,DLBC,101,TCGA-FA-A4BB-01A,TCGA-FA-A4BB-01A,1.0,0.0,0.0,0.0,0.0
7,129399466,-,7,129412128,-,DLBC,102,TCGA-FA-A4BB-01A,TCGA-FA-A4BB-01A,1.0,0.0,0.0,0.0,0.0
8,50526602,+,8,64163839,-,DLBC,103,TCGA-FA-A4BB-01A,TCGA-FA-A4BB-01A,1.0,0.0,0.0,0.0,0.0
8,58840148,+,8,65367587,+,DLBC,104,TCGA-FA-A4BB-01A,TCGA-FA-A4BB-01A,1.0,0.0,0.0,0.0,0.0
8,60012672,+,8,60159525,-,DLBC,105,TCGA-FA-A4BB-01A,TCGA-FA-A4BB-01A,1.0,0.0,0.0,0.0,0.0
8,60259506,-,8,65520723,-,DLBC,106,TCGA-FA-A4BB-01A,TCGA-FA-A4BB-01A,1.0,0.0,0.0,0.0,0.0
8,60978715,-,8,62051361,-,DLBC,107,TCGA-FA-A4BB-01A,TCGA-FA-A4BB-01A,1.0,0.0,0.0,0.0,0.0
8,61558736,+,8,67362873,+,DLBC,108,TCGA-FA-A4BB-01A,TCGA-FA-A4BB-01A,1.0,0.0,0.0,0.0,0.0
8,62051898,+,8,64119919,+,DLBC,109,TCGA-FA-A4BB-01A,TCGA-FA-A4BB-01A,1.0,0.0,0.0,0.0,0.0
8,63987973,-,8,67471918,-,DLBC,110,TCGA-FA-A4BB-01A,TCGA-FA-A4BB-01A,1.0,0.0,0.0,0.0,0.0
8,127976848,-,8,128106796,+,DLBC,111,TCGA-FA-A4BB-01A,TCGA-FA-A4BB-01A,1.0,0.0,0.0,0.0,0.0
9,43428090,-,9,45504772,+,DLBC,112,TCGA-FA-A4BB-01A,TCGA-FA-A4BB-01A,1.0,0.0,0.0,0.0,0.0
9,103957107,+,9,103981664,-,DLBC,113,TCGA-FA-A4BB-01A,TCGA-FA-A4BB-01A,1.0,0.0,0.0,0.0,0.0
1,3691677,+,8,35985118,-,DLBC,114,TCGA-FA-A4XK-01A,TCGA-FA-A4XK-01A,1.0,0.0,0.0,0.0,0.0
1,3691850,-,3,177052014,-,DLBC,115,TCGA-FA-A4XK-01A,TCGA-FA-A4XK-01A,1.0,0.0,0.0,0.0,0.0
1,16268733,-,14,85200164,+,DLBC,116,TCGA-FA-A4XK-01A,TCGA-FA-A4XK-01A,1.0,0.0,0.0,0.0,0.0
1,16268976,+,14,85200193,-,DLBC,117,TCGA-FA-A4XK-01A,TCGA-FA-A4XK-01A,1.0,0.0,0.0,0.0,0.0
10,13091672,+,10,13114136,-,DLBC,118,TCGA-FA-A4XK-01A,TCGA-FA-A4XK-01A,1.0,0.0,0.0,0.0,0.0
11,109008439,-,12,50148922,+,DLBC,119,TCGA-FA-A4XK-01A,TCGA-FA-A4XK-01A,1.0,0.0,0.0,0.0,0.0
13,63948564,+,13,63987537,-,DLBC,120,TCGA-FA-A4XK-01A,TCGA-FA-A4XK-01A,1.0,0.0,0.0,0.0,0.0
14,30224600,-,14,30224763,+,DLBC,121,TCGA-FA-A4XK-01A,TCGA-FA-A4XK-01A,1.0,0.0,0.0,0.0,0.0
14,97352918,+,14,97354684,-,DLBC,122,TCGA-FA-A4XK-01A,TCGA-FA-A4XK-01A,1.0,0.0,0.0,0.0,0.0
16,78057702,-,16,78134930,+,DLBC,123,TCGA-FA-A4XK-01A,TCGA-FA-A4XK-01A,1.0,0.0,0.0,0.0,0.0
17,63920032,+,17,65223984,-,DLBC,124,TCGA-FA-A4XK-01A,TCGA-FA-A4XK-01A,1.0,0.0,0.0,0.0,0.0
18,53902674,-,18,55711002,+,DLBC,125,TCGA-FA-A4XK-01A,TCGA-FA-A4XK-01A,1.0,0.0,0.0,0.0,0.0
18,55694844,+,18,55696428,-,DLBC,126,TCGA-FA-A4XK-01A,TCGA-FA-A4XK-01A,1.0,0.0,0.0,0.0,0.0
19,12726328,-,19,12816155,+,DLBC,127,TCGA-FA-A4XK-01A,TCGA-FA-A4XK-01A,1.0,0.0,0.0,0.0,0.0
2,88832763,+,2,88859606,-,DLBC,128,TCGA-FA-A4XK-01A,TCGA-FA-A4XK-01A,1.0,0.0,0.0,0.0,0.0
2,88861258,+,2,89196077,-,DLBC,129,TCGA-FA-A4XK-01A,TCGA-FA-A4XK-01A,1.0,0.0,0.0,0.0,0.0
2,88861562,+,2,88947301,-,DLBC,130,TCGA-FA-A4XK-01A,TCGA-FA-A4XK-01A,1.0,0.0,0.0,0.0,0.0
2,144323322,+,2,144341200,-,DLBC,131,TCGA-FA-A4XK-01A,TCGA-FA-A4XK-01A,1.0,0.0,0.0,0.0,0.0
2,154947465,-,2,155482018,+,DLBC,132,TCGA-FA-A4XK-01A,TCGA-FA-A4XK-01A,1.0,0.0,0.0,0.0,0.0
20,22090825,-,20,22096579,+,DLBC,133,TCGA-FA-A4XK-01A,TCGA-FA-A4XK-01A,1.0,0.0,0.0,0.0,0.0
3,45433115,-,8,35985211,+,DLBC,134,TCGA-FA-A4XK-01A,TCGA-FA-A4XK-01A,1.0,0.0,0.0,0.0,0.0
3,45433503,+,3,177052536,+,DLBC,135,TCGA-FA-A4XK-01A,TCGA-FA-A4XK-01A,1.0,0.0,0.0,0.0,0.0
3,177054909,-,3,177223886,+,DLBC,136,TCGA-FA-A4XK-01A,TCGA-FA-A4XK-01A,1.0,0.0,0.0,0.0,0.0
3,187773430,-,3,187778528,+,DLBC,137,TCGA-FA-A4XK-01A,TCGA-FA-A4XK-01A,1.0,0.0,0.0,0.0,0.0
3,187773431,-,3,188095675,+,DLBC,138,TCGA-FA-A4XK-01A,TCGA-FA-A4XK-01A,1.0,0.0,0.0,0.0,0.0
5,26882713,+,12,91495155,+,DLBC,139,TCGA-FA-A4XK-01A,TCGA-FA-A4XK-01A,1.0,0.0,0.0,0.0,0.0
5,155538880,+,5,155559684,-,DLBC,140,TCGA-FA-A4XK-01A,TCGA-FA-A4XK-01A,1.0,0.0,0.0,0.0,0.0
5,158837782,+,5,159038588,-,DLBC,141,TCGA-FA-A4XK-01A,TCGA-FA-A4XK-01A,1.0,0.0,0.0,0.0,0.0
6,23751471,+,6,23763414,-,DLBC,142,TCGA-FA-A4XK-01A,TCGA-FA-A4XK-01A,1.0,0.0,0.0,0.0,0.0
6,75723764,+,6,110484318,-,DLBC,143,TCGA-FA-A4XK-01A,TCGA-FA-A4XK-01A,1.0,0.0,0.0,0.0,0.0
7,1370214,-,7,1502796,+,DLBC,144,TCGA-FA-A4XK-01A,TCGA-FA-A4XK-01A,1.0,0.0,0.0,0.0,0.0
7,17620299,+,7,18125611,-,DLBC,145,TCGA-FA-A4XK-01A,TCGA-FA-A4XK-01A,1.0,0.0,0.0,0.0,0.0
8,113778430,-,8,113785452,+,DLBC,146,TCGA-FA-A4XK-01A,TCGA-FA-A4XK-01A,1.0,0.0,0.0,0.0,0.0
9,5467899,+,9,5514189,-,DLBC,147,TCGA-FA-A4XK-01A,TCGA-FA-A4XK-01A,1.0,0.0,0.0,0.0,0.0
9,21422803,+,9,22385521,-,DLBC,148,TCGA-FA-A4XK-01A,TCGA-FA-A4XK-01A,1.0,0.0,0.0,0.0,0.0
23,1459951,+,23,2676028,-,DLBC,149,TCGA-FA-A4XK-01A,TCGA-FA-A4XK-01A,1.0,0.0,0.0,0.0,0.0
23,33106296,+,23,33323542,-,DLBC,150,TCGA-FA-A4XK-01A,TCGA-FA-A4XK-01A,1.0,0.0,0.0,0.0,0.0
1,10481028,+,1,10484467,-,DLBC,151,TCGA-FA-A6HN-01A,TCGA-FA-A6HN-01A,1.0,0.0,0.0,0.0,0.0
1,12796674,-,1,12862140,+,DLBC,152,TCGA-FA-A6HN-01A,TCGA-FA-A6HN-01A,1.0,0.0,0.0,0.0,0.0
1,28648731,-,7,4212923,+,DLBC,153,TCGA-FA-A6HN-01A,TCGA-FA-A6HN-01A,1.0,0.0,0.0,0.0,0.0
1,28648732,+,7,4212934,-,DLBC,154,TCGA-FA-A6HN-01A,TCGA-FA-A6HN-01A,1.0,0.0,0.0,0.0,0.0
1,70410565,-,1,70411791,-,DLBC,155,TCGA-FA-A6HN-01A,TCGA-FA-A6HN-01A,1.0,0.0,0.0,0.0,0.0
1,70410577,+,1,70410815,+,DLBC,156,TCGA-FA-A6HN-01A,TCGA-FA-A6HN-01A,1.0,0.0,0.0,0.0,0.0
1,77433414,-,8,133313541,-,DLBC,157,TCGA-FA-A6HN-01A,TCGA-FA-A6HN-01A,1.0,0.0,0.0,0.0,0.0
1,102104138,+,9,28476973,+,DLBC,158,TCGA-FA-A6HN-01A,TCGA-FA-A6HN-01A,1.0,0.0,0.0,0.0,0.0
1,115849771,+,1,117967611,-,DLBC,159,TCGA-FA-A6HN-01A,TCGA-FA-A6HN-01A,1.0,0.0,0.0,0.0,0.0
1,169405415,-,1,169412719,+,DLBC,160,TCGA-FA-A6HN-01A,TCGA-FA-A6HN-01A,1.0,0.0,0.0,0.0,0.0
1,174260610,+,1,174386531,-,DLBC,161,TCGA-FA-A6HN-01A,TCGA-FA-A6HN-01A,1.0,0.0,0.0,0.0,0.0
1,174452782,+,1,174713671,-,DLBC,162,TCGA-FA-A6HN-01A,TCGA-FA-A6HN-01A,1.0,0.0,0.0,0.0,0.0
1,178718948,-,1,178722467,-,DLBC,163,TCGA-FA-A6HN-01A,TCGA-FA-A6HN-01A,1.0,0.0,0.0,0.0,0.0
1,178746456,+,1,248924754,+,DLBC,164,TCGA-FA-A6HN-01A,TCGA-FA-A6HN-01A,1.0,0.0,0.0,0.0,0.0
1,241891020,+,6,24792146,+,DLBC,165,TCGA-FA-A6HN-01A,TCGA-FA-A6HN-01A,1.0,0.0,0.0,0.0,0.0
1,248911427,+,1,248915953,-,DLBC,166,TCGA-FA-A6HN-01A,TCGA-FA-A6HN-01A,1.0,0.0,0.0,0.0,0.0
10,128879066,-,10,128883383,+,DLBC,167,TCGA-FA-A6HN-01A,TCGA-FA-A6HN-01A,1.0,0.0,0.0,0.0,0.0
11,12641763,+,19,5406357,-,DLBC,168,TCGA-FA-A6HN-01A,TCGA-FA-A6HN-01A,1.0,0.0,0.0,0.0,0.0
11,46885223,+,11,46899650,-,DLBC,169,TCGA-FA-A6HN-01A,TCGA-FA-A6HN-01A,1.0,0.0,0.0,0.0,0.0
12,6537250,-,16,10879747,-,DLBC,170,TCGA-FA-A6HN-01A,TCGA-FA-A6HN-01A,1.0,0.0,0.0,0.0,0.0
12,6537439,+,16,10879495,+,DLBC,171,TCGA-FA-A6HN-01A,TCGA-FA-A6HN-01A,1.0,0.0,0.0,0.0,0.0
12,11612944,-,12,14708117,+,DLBC,172,TCGA-FA-A6HN-01A,TCGA-FA-A6HN-01A,1.0,0.0,0.0,0.0,0.0
12,24475496,+,12,24519130,-,DLBC,173,TCGA-FA-A6HN-01A,TCGA-FA-A6HN-01A,1.0,0.0,0.0,0.0,0.0
12,34521561,+,12,34530216,-,DLBC,174,TCGA-FA-A6HN-01A,TCGA-FA-A6HN-01A,1.0,0.0,0.0,0.0,0.0
12,35040802,+,12,35474820,-,DLBC,175,TCGA-FA-A6HN-01A,TCGA-FA-A6HN-01A,1.0,0.0,0.0,0.0,0.0
12,50779199,+,24,2891906,-,DLBC,176,TCGA-FA-A6HN-01A,TCGA-FA-A6HN-01A,1.0,0.0,0.0,0.0,0.0
12,59661981,-,12,59667934,+,DLBC,177,TCGA-FA-A6HN-01A,TCGA-FA-A6HN-01A,1.0,0.0,0.0,0.0,0.0
12,64658139,+,12,64659084,-,DLBC,178,TCGA-FA-A6HN-01A,TCGA-FA-A6HN-01A,1.0,0.0,0.0,0.0,0.0
12,100121109,+,12,100141939,-,DLBC,179,TCGA-FA-A6HN-01A,TCGA-FA-A6HN-01A,1.0,0.0,0.0,0.0,0.0
12,124939963,+,12,124944824,-,DLBC,180,TCGA-FA-A6HN-01A,TCGA-FA-A6HN-01A,1.0,0.0,0.0,0.0,0.0
13,16527042,+,13,16603353,-,DLBC,181,TCGA-FA-A6HN-01A,TCGA-FA-A6HN-01A,1.0,0.0,0.0,0.0,0.0
13,16911092,+,13,17204947,-,DLBC,182,TCGA-FA-A6HN-01A,TCGA-FA-A6HN-01A,1.0,0.0,0.0,0.0,0.0
13,57520266,+,13,57525226,-,DLBC,183,TCGA-FA-A6HN-01A,TCGA-FA-A6HN-01A,1.0,0.0,0.0,0.0,0.0
13,77208723,+,13,77218591,-,DLBC,184,TCGA-FA-A6HN-01A,TCGA-FA-A6HN-01A,1.0,0.0,0.0,0.0,0.0
13,90116829,+,13,90122196,-,DLBC,185,TCGA-FA-A6HN-01A,TCGA-FA-A6HN-01A,1.0,0.0,0.0,0.0,0.0
13,92083291,-,13,92097034,+,DLBC,186,TCGA-FA-A6HN-01A,TCGA-FA-A6HN-01A,1.0,0.0,0.0,0.0,0.0
13,112678867,-,19,50391596,+,DLBC,187,TCGA-FA-A6HN-01A,TCGA-FA-A6HN-01A,1.0,0.0,0.0,0.0,0.0
14,102877254,-,14,103087274,+,DLBC,188,TCGA-FA-A6HN-01A,TCGA-FA-A6HN-01A,1.0,0.0,0.0,0.0,0.0
14,105591075,+,19,44826061,-,DLBC,189,TCGA-FA-A6HN-01A,TCGA-FA-A6HN-01A,1.0,0.0,0.0,0.0,0.0
14,105591260,-,19,44826042,+,DLBC,190,TCGA-FA-A6HN-01A,TCGA-FA-A6HN-01A,1.0,0.0,0.0,0.0,0.0
14,105598759,+,14,105861006,-,DLBC,191,TCGA-FA-A6HN-01A,TCGA-FA-A6HN-01A,1.0,0.0,0.0,0.0,0.0
14,105602112,+,14,105746879,-,DLBC,192,TCGA-FA-A6HN-01A,TCGA-FA-A6HN-01A,1.0,0.0,0.0,0.0,0.0
14,105864254,+,14,105884868,-,DLBC,193,TCGA-FA-A6HN-01A,TCGA-FA-A6HN-01A,1.0,0.0,0.0,0.0,0.0
15,27237328,-,15,27238163,+,DLBC,194,TCGA-FA-A6HN-01A,TCGA-FA-A6HN-01A,1.0,0.0,0.0,0.0,0.0
15,35727931,-,23,55647612,-,DLBC,195,TCGA-FA-A6HN-01A,TCGA-FA-A6HN-01A,1.0,0.0,0.0,0.0,0.0
15,79392347,+,15,79402751,-,DLBC,196,TCGA-FA-A6HN-01A,TCGA-FA-A6HN-01A,1.0,0.0,0.0,0.0,0.0
16,50544373,+,16,50868311,-,DLBC,197,TCGA-FA-A6HN-01A,TCGA-FA-A6HN-01A,1.0,0.0,0.0,0.0,0.0
16,78195340,+,16,78572114,-,DLBC,198,TCGA-FA-A6HN-01A,TCGA-FA-A6HN-01A,1.0,0.0,0.0,0.0,0.0
16,78585411,+,16,78628220,-,DLBC,199,TCGA-FA-A6HN-01A,TCGA-FA-A6HN-01A,1.0,0.0,0.0,0.0,0.0
16,78667225,+,16,78700583,-,DLBC,200,TCGA-FA-A6HN-01A,TCGA-FA-A6HN-01A,1.0,0.0,0.0,0.0,0.0
16,89389011,+,16,89469837,-,DLBC,201,TCGA-FA-A6HN-01A,TCGA-FA-A6HN-01A,1.0,0.0,0.0,0.0,0.0
17,22914794,+,17,23151710,-,DLBC,202,TCGA-FA-A6HN-01A,TCGA-FA-A6HN-01A,1.0,0.0,0.0,0.0,0.0
17,35369655,+,17,35458528,+,DLBC,203,TCGA-FA-A6HN-01A,TCGA-FA-A6HN-01A,1.0,0.0,0.0,0.0,0.0
17,35376067,-,17,36815298,-,DLBC,204,TCGA-FA-A6HN-01A,TCGA-FA-A6HN-01A,1.0,0.0,0.0,0.0,0.0
17,59783347,+,17,59831119,-,DLBC,205,TCGA-FA-A6HN-01A,TCGA-FA-A6HN-01A,1.0,0.0,0.0,0.0,0.0
17,78357728,+,17,78358886,-,DLBC,206,TCGA-FA-A6HN-01A,TCGA-FA-A6HN-01A,1.0,0.0,0.0,0.0,0.0
17,78358710,+,17,78358948,-,DLBC,207,TCGA-FA-A6HN-01A,TCGA-FA-A6HN-01A,1.0,0.0,0.0,0.0,0.0
18,15846265,+,18,18102796,-,DLBC,208,TCGA-FA-A6HN-01A,TCGA-FA-A6HN-01A,1.0,0.0,0.0,0.0,0.0
19,44852950,+,19,44854751,-,DLBC,209,TCGA-FA-A6HN-01A,TCGA-FA-A6HN-01A,1.0,0.0,0.0,0.0,0.0
2,15181349,+,2,15205394,-,DLBC,210,TCGA-FA-A6HN-01A,TCGA-FA-A6HN-01A,1.0,0.0,0.0,0.0,0.0
2,88863174,+,2,88864348,-,DLBC,211,TCGA-FA-A6HN-01A,TCGA-FA-A6HN-01A,1.0,0.0,0.0,0.0,0.0
2,89969348,+,2,90022198,-,DLBC,212,TCGA-FA-A6HN-01A,TCGA-FA-A6HN-01A,1.0,0.0,0.0,0.0,0.0
2,98543979,+,2,98568828,-,DLBC,213,TCGA-FA-A6HN-01A,TCGA-FA-A6HN-01A,1.0,0.0,0.0,0.0,0.0
2,99730363,+,2,99730603,-,DLBC,214,TCGA-FA-A6HN-01A,TCGA-FA-A6HN-01A,1.0,0.0,0.0,0.0,0.0
2,136116832,+,2,201116205,+,DLBC,215,TCGA-FA-A6HN-01A,TCGA-FA-A6HN-01A,1.0,0.0,0.0,0.0,0.0
2,136116854,-,2,201116193,-,DLBC,216,TCGA-FA-A6HN-01A,TCGA-FA-A6HN-01A,1.0,0.0,0.0,0.0,0.0
2,150617335,-,2,150634543,+,DLBC,217,TCGA-FA-A6HN-01A,TCGA-FA-A6HN-01A,1.0,0.0,0.0,0.0,0.0
3,17166671,+,3,17201500,-,DLBC,218,TCGA-FA-A6HN-01A,TCGA-FA-A6HN-01A,1.0,0.0,0.0,0.0,0.0
3,21534723,+,3,21536390,-,DLBC,219,TCGA-FA-A6HN-01A,TCGA-FA-A6HN-01A,1.0,0.0,0.0,0.0,0.0
3,21535967,-,3,21537870,-,DLBC,220,TCGA-FA-A6HN-01A,TCGA-FA-A6HN-01A,1.0,0.0,0.0,0.0,0.0
3,21536402,+,3,21537339,+,DLBC,221,TCGA-FA-A6HN-01A,TCGA-FA-A6HN-01A,1.0,0.0,0.0,0.0,0.0
3,21536545,+,3,21536959,-,DLBC,222,TCGA-FA-A6HN-01A,TCGA-FA-A6HN-01A,1.0,0.0,0.0,0.0,0.0
3,54177068,-,3,54194385,+,DLBC,223,TCGA-FA-A6HN-01A,TCGA-FA-A6HN-01A,1.0,0.0,0.0,0.0,0.0
3,77586606,+,3,77587728,-,DLBC,224,TCGA-FA-A6HN-01A,TCGA-FA-A6HN-01A,1.0,0.0,0.0,0.0,0.0
3,85684788,-,3,85700758,+,DLBC,225,TCGA-FA-A6HN-01A,TCGA-FA-A6HN-01A,1.0,0.0,0.0,0.0,0.0
3,86945748,+,3,86950808,-,DLBC,226,TCGA-FA-A6HN-01A,TCGA-FA-A6HN-01A,1.0,0.0,0.0,0.0,0.0
3,90440572,-,3,90450440,+,DLBC,227,TCGA-FA-A6HN-01A,TCGA-FA-A6HN-01A,1.0,0.0,0.0,0.0,0.0
3,91734202,-,3,91734830,+,DLBC,228,TCGA-FA-A6HN-01A,TCGA-FA-A6HN-01A,1.0,0.0,0.0,0.0,0.0
3,129856521,-,9,133990843,-,DLBC,229,TCGA-FA-A6HN-01A,TCGA-FA-A6HN-01A,1.0,0.0,0.0,0.0,0.0
3,129856682,+,10,102678886,+,DLBC,230,TCGA-FA-A6HN-01A,TCGA-FA-A6HN-01A,1.0,0.0,0.0,0.0,0.0
3,129856682,+,9,133990831,+,DLBC,231,TCGA-FA-A6HN-01A,TCGA-FA-A6HN-01A,1.0,0.0,0.0,0.0,0.0
3,156709325,+,3,157158226,-,DLBC,232,TCGA-FA-A6HN-01A,TCGA-FA-A6HN-01A,1.0,0.0,0.0,0.0,0.0
4,26580995,+,4,26581832,-,DLBC,233,TCGA-FA-A6HN-01A,TCGA-FA-A6HN-01A,1.0,0.0,0.0,0.0,0.0
4,69441564,+,4,69443298,-,DLBC,234,TCGA-FA-A6HN-01A,TCGA-FA-A6HN-01A,1.0,0.0,0.0,0.0,0.0
4,135114333,-,4,135125364,+,DLBC,235,TCGA-FA-A6HN-01A,TCGA-FA-A6HN-01A,1.0,0.0,0.0,0.0,0.0
4,161153583,-,4,161168501,+,DLBC,236,TCGA-FA-A6HN-01A,TCGA-FA-A6HN-01A,1.0,0.0,0.0,0.0,0.0
4,184526067,+,4,185474505,-,DLBC,237,TCGA-FA-A6HN-01A,TCGA-FA-A6HN-01A,1.0,0.0,0.0,0.0,0.0
5,49678838,-,5,49938433,+,DLBC,238,TCGA-FA-A6HN-01A,TCGA-FA-A6HN-01A,1.0,0.0,0.0,0.0,0.0
5,72956765,+,5,72958605,-,DLBC,239,TCGA-FA-A6HN-01A,TCGA-FA-A6HN-01A,1.0,0.0,0.0,0.0,0.0
5,174758033,+,5,174816179,-,DLBC,240,TCGA-FA-A6HN-01A,TCGA-FA-A6HN-01A,1.0,0.0,0.0,0.0,0.0
5,179641317,-,5,179684533,-,DLBC,241,TCGA-FA-A6HN-01A,TCGA-FA-A6HN-01A,1.0,0.0,0.0,0.0,0.0
6,20692136,+,6,21030903,-,DLBC,242,TCGA-FA-A6HN-01A,TCGA-FA-A6HN-01A,1.0,0.0,0.0,0.0,0.0
6,26186511,-,6,42278858,+,DLBC,243,TCGA-FA-A6HN-01A,TCGA-FA-A6HN-01A,1.0,0.0,0.0,0.0,0.0
6,102280695,-,6,102324493,+,DLBC,244,TCGA-FA-A6HN-01A,TCGA-FA-A6HN-01A,1.0,0.0,0.0,0.0,0.0
6,102859326,+,6,102859825,-,DLBC,245,TCGA-FA-A6HN-01A,TCGA-FA-A6HN-01A,1.0,0.0,0.0,0.0,0.0
7,15518242,+,7,15524965,-,DLBC,246,TCGA-FA-A6HN-01A,TCGA-FA-A6HN-01A,1.0,0.0,0.0,0.0,0.0
7,25069885,-,7,25070739,+,DLBC,247,TCGA-FA-A6HN-01A,TCGA-FA-A6HN-01A,1.0,0.0,0.0,0.0,0.0
7,55938371,+,7,55964525,-,DLBC,248,TCGA-FA-A6HN-01A,TCGA-FA-A6HN-01A,1.0,0.0,0.0,0.0,0.0
7,111112911,+,7,111181441,-,DLBC,249,TCGA-FA-A6HN-01A,TCGA-FA-A6HN-01A,1.0,0.0,0.0,0.0,0.0
7,111324697,-,7,111365169,+,DLBC,250,TCGA-FA-A6HN-01A,TCGA-FA-A6HN-01A,1.0,0.0,0.0,0.0,0.0
7,111426627,+,7,111512366,-,DLBC,251,TCGA-FA-A6HN-01A,TCGA-FA-A6HN-01A,1.0,0.0,0.0,0.0,0.0
8,60908767,+,8,60912397,-,DLBC,252,TCGA-FA-A6HN-01A,TCGA-FA-A6HN-01A,1.0,0.0,0.0,0.0,0.0
8,60910500,-,8,60914766,+,DLBC,253,TCGA-FA-A6HN-01A,TCGA-FA-A6HN-01A,1.0,0.0,0.0,0.0,0.0
9,30373332,-,9,30386938,+,DLBC,254,TCGA-FA-A6HN-01A,TCGA-FA-A6HN-01A,1.0,0.0,0.0,0.0,0.0
9,37018526,+,9,37019108,+,DLBC,255,TCGA-FA-A6HN-01A,TCGA-FA-A6HN-01A,1.0,0.0,0.0,0.0,0.0
9,37018541,-,9,37019102,-,DLBC,256,TCGA-FA-A6HN-01A,TCGA-FA-A6HN-01A,1.0,0.0,0.0,0.0,0.0
9,37024333,+,9,37025300,-,DLBC,257,TCGA-FA-A6HN-01A,TCGA-FA-A6HN-01A,1.0,0.0,0.0,0.0,0.0
9,37034182,-,14,105774363,-,DLBC,258,TCGA-FA-A6HN-01A,TCGA-FA-A6HN-01A,1.0,0.0,0.0,0.0,0.0
9,37035276,+,16,10878713,+,DLBC,259,TCGA-FA-A6HN-01A,TCGA-FA-A6HN-01A,1.0,0.0,0.0,0.0,0.0
9,37035293,-,16,10878344,-,DLBC,260,TCGA-FA-A6HN-01A,TCGA-FA-A6HN-01A,1.0,0.0,0.0,0.0,0.0
9,92316557,+,9,93110697,-,DLBC,261,TCGA-FA-A6HN-01A,TCGA-FA-A6HN-01A,1.0,0.0,0.0,0.0,0.0
9,100067974,+,9,100082457,-,DLBC,262,TCGA-FA-A6HN-01A,TCGA-FA-A6HN-01A,1.0,0.0,0.0,0.0,0.0
9,129960445,+,9,129982318,-,DLBC,263,TCGA-FA-A6HN-01A,TCGA-FA-A6HN-01A,1.0,0.0,0.0,0.0,0.0
9,133990831,+,10,102678768,-,DLBC,264,TCGA-FA-A6HN-01A,TCGA-FA-A6HN-01A,1.0,0.0,0.0,0.0,0.0
23,7060445,+,23,7080845,-,DLBC,265,TCGA-FA-A6HN-01A,TCGA-FA-A6HN-01A,1.0,0.0,0.0,0.0,0.0
23,23599096,-,23,26049725,-,DLBC,266,TCGA-FA-A6HN-01A,TCGA-FA-A6HN-01A,1.0,0.0,0.0,0.0,0.0
23,23599097,+,23,26049728,+,DLBC,267,TCGA-FA-A6HN-01A,TCGA-FA-A6HN-01A,1.0,0.0,0.0,0.0,0.0
23,56653468,+,23,56671893,-,DLBC,268,TCGA-FA-A6HN-01A,TCGA-FA-A6HN-01A,1.0,0.0,0.0,0.0,0.0
23,72409678,+,23,72550833,-,DLBC,269,TCGA-FA-A6HN-01A,TCGA-FA-A6HN-01A,1.0,0.0,0.0,0.0,0.0
23,72409800,+,23,72630869,-,DLBC,270,TCGA-FA-A6HN-01A,TCGA-FA-A6HN-01A,1.0,0.0,0.0,0.0,0.0
23,72550945,+,23,72630892,-,DLBC,271,TCGA-FA-A6HN-01A,TCGA-FA-A6HN-01A,1.0,0.0,0.0,0.0,0.0
1,122074367,+,1,122215646,-,DLBC,272,TCGA-FA-A6HO-01A,TCGA-FA-A6HO-01A,1.0,0.0,0.0,0.0,0.0
1,207608816,+,1,241869646,+,DLBC,273,TCGA-FA-A6HO-01A,TCGA-FA-A6HO-01A,1.0,0.0,0.0,0.0,0.0
1,207700231,-,4,93428800,+,DLBC,274,TCGA-FA-A6HO-01A,TCGA-FA-A6HO-01A,1.0,0.0,0.0,0.0,0.0
1,215912515,-,4,90113914,+,DLBC,275,TCGA-FA-A6HO-01A,TCGA-FA-A6HO-01A,1.0,0.0,0.0,0.0,0.0
1,243852549,-,4,93920559,-,DLBC,276,TCGA-FA-A6HO-01A,TCGA-FA-A6HO-01A,1.0,0.0,0.0,0.0,0.0
1,243891691,+,12,66149698,-,DLBC,277,TCGA-FA-A6HO-01A,TCGA-FA-A6HO-01A,1.0,0.0,0.0,0.0,0.0
1,244102541,-,4,81354034,+,DLBC,278,TCGA-FA-A6HO-01A,TCGA-FA-A6HO-01A,1.0,0.0,0.0,0.0,0.0
1,244104536,+,4,93422296,-,DLBC,279,TCGA-FA-A6HO-01A,TCGA-FA-A6HO-01A,1.0,0.0,0.0,0.0,0.0
1,244362841,-,4,93925298,+,DLBC,280,TCGA-FA-A6HO-01A,TCGA-FA-A6HO-01A,1.0,0.0,0.0,0.0,0.0
1,244373479,-,12,66139129,+,DLBC,281,TCGA-FA-A6HO-01A,TCGA-FA-A6HO-01A,1.0,0.0,0.0,0.0,0.0
10,55866870,+,10,56126672,-,DLBC,282,TCGA-FA-A6HO-01A,TCGA-FA-A6HO-01A,1.0,0.0,0.0,0.0,0.0
13,83087825,-,13,83089345,+,DLBC,283,TCGA-FA-A6HO-01A,TCGA-FA-A6HO-01A,1.0,0.0,0.0,0.0,0.0
13,88705806,+,13,88730819,-,DLBC,284,TCGA-FA-A6HO-01A,TCGA-FA-A6HO-01A,1.0,0.0,0.0,0.0,0.0
13,92952050,+,13,92956081,-,DLBC,285,TCGA-FA-A6HO-01A,TCGA-FA-A6HO-01A,1.0,0.0,0.0,0.0,0.0
14,83152449,-,14,83346490,+,DLBC,286,TCGA-FA-A6HO-01A,TCGA-FA-A6HO-01A,1.0,0.0,0.0,0.0,0.0
14,105864635,+,14,105986582,-,DLBC,287,TCGA-FA-A6HO-01A,TCGA-FA-A6HO-01A,1.0,0.0,0.0,0.0,0.0
15,23708867,+,15,46915523,-,DLBC,288,TCGA-FA-A6HO-01A,TCGA-FA-A6HO-01A,1.0,0.0,0.0,0.0,0.0
16,61295876,+,16,61297366,-,DLBC,289,TCGA-FA-A6HO-01A,TCGA-FA-A6HO-01A,1.0,0.0,0.0,0.0,0.0
17,52347941,+,17,52358152,-,DLBC,290,TCGA-FA-A6HO-01A,TCGA-FA-A6HO-01A,1.0,0.0,0.0,0.0,0.0
2,88832767,+,2,88947300,-,DLBC,291,TCGA-FA-A6HO-01A,TCGA-FA-A6HO-01A,1.0,0.0,0.0,0.0,0.0
2,88860922,+,2,88886154,+,DLBC,292,TCGA-FA-A6HO-01A,TCGA-FA-A6HO-01A,1.0,0.0,0.0,0.0,0.0
20,4034799,-,20,39695586,+,DLBC,293,TCGA-FA-A6HO-01A,TCGA-FA-A6HO-01A,1.0,0.0,0.0,0.0,0.0
20,19558113,+,20,24125162,-,DLBC,294,TCGA-FA-A6HO-01A,TCGA-FA-A6HO-01A,1.0,0.0,0.0,0.0,0.0
20,24919691,-,20,25258801,+,DLBC,295,TCGA-FA-A6HO-01A,TCGA-FA-A6HO-01A,1.0,0.0,0.0,0.0,0.0
3,2945201,-,8,24747853,-,DLBC,296,TCGA-FA-A6HO-01A,TCGA-FA-A6HO-01A,1.0,0.0,0.0,0.0,0.0
3,3050637,+,3,157836203,-,DLBC,297,TCGA-FA-A6HO-01A,TCGA-FA-A6HO-01A,1.0,0.0,0.0,0.0,0.0
3,4747427,-,3,23860779,-,DLBC,298,TCGA-FA-A6HO-01A,TCGA-FA-A6HO-01A,1.0,0.0,0.0,0.0,0.0
3,4747607,+,3,23690321,-,DLBC,299,TCGA-FA-A6HO-01A,TCGA-FA-A6HO-01A,1.0,0.0,0.0,0.0,0.0
3,23857568,+,8,113618986,-,DLBC,300,TCGA-FA-A6HO-01A,TCGA-FA-A6HO-01A,1.0,0.0,0.0,0.0,0.0
3,60573854,+,3,61104843,-,DLBC,301,TCGA-FA-A6HO-01A,TCGA-FA-A6HO-01A,1.0,0.0,0.0,0.0,0.0
3,90451102,+,3,90452901,-,DLBC,302,TCGA-FA-A6HO-01A,TCGA-FA-A6HO-01A,1.0,0.0,0.0,0.0,0.0
3,90923226,-,3,91062604,+,DLBC,303,TCGA-FA-A6HO-01A,TCGA-FA-A6HO-01A,1.0,0.0,0.0,0.0,0.0
3,91579483,+,3,93422729,-,DLBC,304,TCGA-FA-A6HO-01A,TCGA-FA-A6HO-01A,1.0,0.0,0.0,0.0,0.0
3,106196339,+,10,6925997,-,DLBC,305,TCGA-FA-A6HO-01A,TCGA-FA-A6HO-01A,1.0,0.0,0.0,0.0,0.0
4,76498374,+,4,93620466,+,DLBC,306,TCGA-FA-A6HO-01A,TCGA-FA-A6HO-01A,1.0,0.0,0.0,0.0,0.0
4,81353519,-,4,93548976,-,DLBC,307,TCGA-FA-A6HO-01A,TCGA-FA-A6HO-01A,1.0,0.0,0.0,0.0,0.0
4,93620301,-,12,66255234,-,DLBC,308,TCGA-FA-A6HO-01A,TCGA-FA-A6HO-01A,1.0,0.0,0.0,0.0,0.0
4,94180792,-,12,66150091,+,DLBC,309,TCGA-FA-A6HO-01A,TCGA-FA-A6HO-01A,1.0,0.0,0.0,0.0,0.0
4,152214017,+,4,154444211,-,DLBC,310,TCGA-FA-A6HO-01A,TCGA-FA-A6HO-01A,1.0,0.0,0.0,0.0,0.0
5,46433944,+,5,46567931,+,DLBC,311,TCGA-FA-A6HO-01A,TCGA-FA-A6HO-01A,1.0,0.0,0.0,0.0,0.0
5,83715592,+,5,83717369,-,DLBC,312,TCGA-FA-A6HO-01A,TCGA-FA-A6HO-01A,1.0,0.0,0.0,0.0,0.0
6,67815343,+,6,129544998,-,DLBC,313,TCGA-FA-A6HO-01A,TCGA-FA-A6HO-01A,1.0,0.0,0.0,0.0,0.0
9,77327721,+,9,77335666,-,DLBC,314,TCGA-FA-A6HO-01A,TCGA-FA-A6HO-01A,1.0,0.0,0.0,0.0,0.0
9,79493049,+,9,79493992,-,DLBC,315,TCGA-FA-A6HO-01A,TCGA-FA-A6HO-01A,1.0,0.0,0.0,0.0,0.0
1,7697740,+,1,7703089,-,DLBC,316,TCGA-FA-A7DS-01A,TCGA-FA-A7DS-01A,1.0,0.0,0.0,0.0,0.0
1,21752182,+,16,67823473,+,DLBC,317,TCGA-FA-A7DS-01A,TCGA-FA-A7DS-01A,1.0,0.0,0.0,0.0,0.0
1,23311632,-,16,69721053,-,DLBC,318,TCGA-FA-A7DS-01A,TCGA-FA-A7DS-01A,1.0,0.0,0.0,0.0,0.0
1,27466644,+,1,27560024,-,DLBC,319,TCGA-FA-A7DS-01A,TCGA-FA-A7DS-01A,1.0,0.0,0.0,0.0,0.0
1,88983525,-,23,136878188,+,DLBC,320,TCGA-FA-A7DS-01A,TCGA-FA-A7DS-01A,1.0,0.0,0.0,0.0,0.0
1,105935096,+,1,105939308,-,DLBC,321,TCGA-FA-A7DS-01A,TCGA-FA-A7DS-01A,1.0,0.0,0.0,0.0,0.0
1,116035022,+,1,117076675,-,DLBC,322,TCGA-FA-A7DS-01A,TCGA-FA-A7DS-01A,1.0,0.0,0.0,0.0,0.0
1,116468954,+,1,116566999,-,DLBC,323,TCGA-FA-A7DS-01A,TCGA-FA-A7DS-01A,1.0,0.0,0.0,0.0,0.0
1,204427831,-,8,124449448,+,DLBC,324,TCGA-FA-A7DS-01A,TCGA-FA-A7DS-01A,1.0,0.0,0.0,0.0,0.0
1,204427848,+,8,124449563,-,DLBC,325,TCGA-FA-A7DS-01A,TCGA-FA-A7DS-01A,1.0,0.0,0.0,0.0,0.0
1,236202228,+,11,86910824,+,DLBC,326,TCGA-FA-A7DS-01A,TCGA-FA-A7DS-01A,1.0,0.0,0.0,0.0,0.0
1,236346227,-,8,73699174,+,DLBC,327,TCGA-FA-A7DS-01A,TCGA-FA-A7DS-01A,1.0,0.0,0.0,0.0,0.0
10,314464,+,10,1421017,-,DLBC,328,TCGA-FA-A7DS-01A,TCGA-FA-A7DS-01A,1.0,0.0,0.0,0.0,0.0
10,1419793,-,10,1420929,-,DLBC,329,TCGA-FA-A7DS-01A,TCGA-FA-A7DS-01A,1.0,0.0,0.0,0.0,0.0
10,1421002,+,10,1421449,+,DLBC,330,TCGA-FA-A7DS-01A,TCGA-FA-A7DS-01A,1.0,0.0,0.0,0.0,0.0
10,62077440,-,10,62119187,-,DLBC,331,TCGA-FA-A7DS-01A,TCGA-FA-A7DS-01A,1.0,0.0,0.0,0.0,0.0
10,62099827,+,10,62130977,+,DLBC,332,TCGA-FA-A7DS-01A,TCGA-FA-A7DS-01A,1.0,0.0,0.0,0.0,0.0
10,117313275,+,10,119136238,-,DLBC,333,TCGA-FA-A7DS-01A,TCGA-FA-A7DS-01A,1.0,0.0,0.0,0.0,0.0
10,122046662,+,10,122057151,-,DLBC,334,TCGA-FA-A7DS-01A,TCGA-FA-A7DS-01A,1.0,0.0,0.0,0.0,0.0
10,122083675,+,10,122090850,-,DLBC,335,TCGA-FA-A7DS-01A,TCGA-FA-A7DS-01A,1.0,0.0,0.0,0.0,0.0
11,31443696,+,11,31725425,-,DLBC,336,TCGA-FA-A7DS-01A,TCGA-FA-A7DS-01A,1.0,0.0,0.0,0.0,0.0
11,52489980,+,11,53756091,-,DLBC,337,TCGA-FA-A7DS-01A,TCGA-FA-A7DS-01A,1.0,0.0,0.0,0.0,0.0
11,54369015,-,11,54415952,+,DLBC,338,TCGA-FA-A7DS-01A,TCGA-FA-A7DS-01A,1.0,0.0,0.0,0.0,0.0
11,54378128,-,11,54380220,+,DLBC,339,TCGA-FA-A7DS-01A,TCGA-FA-A7DS-01A,1.0,0.0,0.0,0.0,0.0
11,71102350,+,11,71112278,-,DLBC,340,TCGA-FA-A7DS-01A,TCGA-FA-A7DS-01A,1.0,0.0,0.0,0.0,0.0
11,128513392,+,11,128514379,-,DLBC,341,TCGA-FA-A7DS-01A,TCGA-FA-A7DS-01A,1.0,0.0,0.0,0.0,0.0
12,9425388,+,12,9637981,-,DLBC,342,TCGA-FA-A7DS-01A,TCGA-FA-A7DS-01A,1.0,0.0,0.0,0.0,0.0
12,11560634,+,12,14196414,-,DLBC,343,TCGA-FA-A7DS-01A,TCGA-FA-A7DS-01A,1.0,0.0,0.0,0.0,0.0
12,13088609,+,12,13098598,-,DLBC,344,TCGA-FA-A7DS-01A,TCGA-FA-A7DS-01A,1.0,0.0,0.0,0.0,0.0
12,35040790,+,12,35474760,-,DLBC,345,TCGA-FA-A7DS-01A,TCGA-FA-A7DS-01A,1.0,0.0,0.0,0.0,0.0
12,47480042,+,12,50730193,-,DLBC,346,TCGA-FA-A7DS-01A,TCGA-FA-A7DS-01A,1.0,0.0,0.0,0.0,0.0
12,81725463,+,12,81738993,-,DLBC,347,TCGA-FA-A7DS-01A,TCGA-FA-A7DS-01A,1.0,0.0,0.0,0.0,0.0
12,101568397,+,12,101575225,-,DLBC,348,TCGA-FA-A7DS-01A,TCGA-FA-A7DS-01A,1.0,0.0,0.0,0.0,0.0
12,112775570,+,12,112800809,-,DLBC,349,TCGA-FA-A7DS-01A,TCGA-FA-A7DS-01A,1.0,0.0,0.0,0.0,0.0
12,121666751,+,12,121686306,+,DLBC,350,TCGA-FA-A7DS-01A,TCGA-FA-A7DS-01A,1.0,0.0,0.0,0.0,0.0
12,121667830,-,12,124491838,-,DLBC,351,TCGA-FA-A7DS-01A,TCGA-FA-A7DS-01A,1.0,0.0,0.0,0.0,0.0
12,132789748,+,12,132882511,-,DLBC,352,TCGA-FA-A7DS-01A,TCGA-FA-A7DS-01A,1.0,0.0,0.0,0.0,0.0
13,18643475,+,13,18700488,-,DLBC,353,TCGA-FA-A7DS-01A,TCGA-FA-A7DS-01A,1.0,0.0,0.0,0.0,0.0
13,27749983,+,13,27758181,-,DLBC,354,TCGA-FA-A7DS-01A,TCGA-FA-A7DS-01A,1.0,0.0,0.0,0.0,0.0
13,37714927,+,13,37718082,-,DLBC,355,TCGA-FA-A7DS-01A,TCGA-FA-A7DS-01A,1.0,0.0,0.0,0.0,0.0
13,42301837,+,13,42306785,-,DLBC,356,TCGA-FA-A7DS-01A,TCGA-FA-A7DS-01A,1.0,0.0,0.0,0.0,0.0
13,42350042,+,13,42373644,-,DLBC,357,TCGA-FA-A7DS-01A,TCGA-FA-A7DS-01A,1.0,0.0,0.0,0.0,0.0
13,52922800,-,13,52933375,+,DLBC,358,TCGA-FA-A7DS-01A,TCGA-FA-A7DS-01A,1.0,0.0,0.0,0.0,0.0
13,52923129,+,13,52932964,-,DLBC,359,TCGA-FA-A7DS-01A,TCGA-FA-A7DS-01A,1.0,0.0,0.0,0.0,0.0
13,61873489,+,13,61876197,-,DLBC,360,TCGA-FA-A7DS-01A,TCGA-FA-A7DS-01A,1.0,0.0,0.0,0.0,0.0
13,61876401,+,13,61877664,-,DLBC,361,TCGA-FA-A7DS-01A,TCGA-FA-A7DS-01A,1.0,0.0,0.0,0.0,0.0
14,71055119,+,14,71079571,+,DLBC,362,TCGA-FA-A7DS-01A,TCGA-FA-A7DS-01A,1.0,0.0,0.0,0.0,0.0
14,71065633,-,14,71079583,-,DLBC,363,TCGA-FA-A7DS-01A,TCGA-FA-A7DS-01A,1.0,0.0,0.0,0.0,0.0
14,105628832,-,14,105744207,-,DLBC,364,TCGA-FA-A7DS-01A,TCGA-FA-A7DS-01A,1.0,0.0,0.0,0.0,0.0
14,105770761,+,14,105857614,-,DLBC,365,TCGA-FA-A7DS-01A,TCGA-FA-A7DS-01A,1.0,0.0,0.0,0.0,0.0
14,105863249,+,14,105883903,-,DLBC,366,TCGA-FA-A7DS-01A,TCGA-FA-A7DS-01A,1.0,0.0,0.0,0.0,0.0
14,105863859,+,14,106373664,-,DLBC,367,TCGA-FA-A7DS-01A,TCGA-FA-A7DS-01A,1.0,0.0,0.0,0.0,0.0
15,64368884,+,15,64369041,-,DLBC,368,TCGA-FA-A7DS-01A,TCGA-FA-A7DS-01A,1.0,0.0,0.0,0.0,0.0
15,64379602,+,15,64390047,-,DLBC,369,TCGA-FA-A7DS-01A,TCGA-FA-A7DS-01A,1.0,0.0,0.0,0.0,0.0
16,3309537,+,16,3345607,-,DLBC,370,TCGA-FA-A7DS-01A,TCGA-FA-A7DS-01A,1.0,0.0,0.0,0.0,0.0
16,75130155,+,16,75147127,+,DLBC,371,TCGA-FA-A7DS-01A,TCGA-FA-A7DS-01A,1.0,0.0,0.0,0.0,0.0
16,75132055,-,16,75147147,-,DLBC,372,TCGA-FA-A7DS-01A,TCGA-FA-A7DS-01A,1.0,0.0,0.0,0.0,0.0
17,22913454,-,17,23193072,+,DLBC,373,TCGA-FA-A7DS-01A,TCGA-FA-A7DS-01A,1.0,0.0,0.0,0.0,0.0
17,22914789,+,17,23151727,-,DLBC,374,TCGA-FA-A7DS-01A,TCGA-FA-A7DS-01A,1.0,0.0,0.0,0.0,0.0
17,39477970,+,17,39496149,-,DLBC,375,TCGA-FA-A7DS-01A,TCGA-FA-A7DS-01A,1.0,0.0,0.0,0.0,0.0
17,43076557,+,17,43120839,-,DLBC,376,TCGA-FA-A7DS-01A,TCGA-FA-A7DS-01A,1.0,0.0,0.0,0.0,0.0
18,15624635,+,18,15679210,-,DLBC,377,TCGA-FA-A7DS-01A,TCGA-FA-A7DS-01A,1.0,0.0,0.0,0.0,0.0
18,32100935,+,18,32103928,-,DLBC,378,TCGA-FA-A7DS-01A,TCGA-FA-A7DS-01A,1.0,0.0,0.0,0.0,0.0
18,32724960,+,18,32727202,-,DLBC,379,TCGA-FA-A7DS-01A,TCGA-FA-A7DS-01A,1.0,0.0,0.0,0.0,0.0
18,34070048,+,18,34084641,-,DLBC,380,TCGA-FA-A7DS-01A,TCGA-FA-A7DS-01A,1.0,0.0,0.0,0.0,0.0
18,34076900,-,18,34096478,+,DLBC,381,TCGA-FA-A7DS-01A,TCGA-FA-A7DS-01A,1.0,0.0,0.0,0.0,0.0
18,68061252,+,18,68300543,-,DLBC,382,TCGA-FA-A7DS-01A,TCGA-FA-A7DS-01A,1.0,0.0,0.0,0.0,0.0
19,4943291,+,19,4995324,-,DLBC,383,TCGA-FA-A7DS-01A,TCGA-FA-A7DS-01A,1.0,0.0,0.0,0.0,0.0
19,5014523,+,19,5043951,-,DLBC,384,TCGA-FA-A7DS-01A,TCGA-FA-A7DS-01A,1.0,0.0,0.0,0.0,0.0
19,7959611,+,19,7974040,-,DLBC,385,TCGA-FA-A7DS-01A,TCGA-FA-A7DS-01A,1.0,0.0,0.0,0.0,0.0
19,10629707,+,19,10970049,-,DLBC,386,TCGA-FA-A7DS-01A,TCGA-FA-A7DS-01A,1.0,0.0,0.0,0.0,0.0
19,12780745,+,19,12804828,-,DLBC,387,TCGA-FA-A7DS-01A,TCGA-FA-A7DS-01A,1.0,0.0,0.0,0.0,0.0
19,19159605,+,19,19174781,-,DLBC,388,TCGA-FA-A7DS-01A,TCGA-FA-A7DS-01A,1.0,0.0,0.0,0.0,0.0
19,45873932,+,19,45885095,-,DLBC,389,TCGA-FA-A7DS-01A,TCGA-FA-A7DS-01A,1.0,0.0,0.0,0.0,0.0
19,45896333,+,19,45910947,-,DLBC,390,TCGA-FA-A7DS-01A,TCGA-FA-A7DS-01A,1.0,0.0,0.0,0.0,0.0
19,45938804,+,19,45940208,-,DLBC,391,TCGA-FA-A7DS-01A,TCGA-FA-A7DS-01A,1.0,0.0,0.0,0.0,0.0
19,50253256,+,19,50273652,+,DLBC,392,TCGA-FA-A7DS-01A,TCGA-FA-A7DS-01A,1.0,0.0,0.0,0.0,0.0
19,50258815,-,19,50274956,-,DLBC,393,TCGA-FA-A7DS-01A,TCGA-FA-A7DS-01A,1.0,0.0,0.0,0.0,0.0
2,88832770,+,2,89196078,-,DLBC,394,TCGA-FA-A7DS-01A,TCGA-FA-A7DS-01A,1.0,0.0,0.0,0.0,0.0
2,90173412,+,2,90221384,+,DLBC,395,TCGA-FA-A7DS-01A,TCGA-FA-A7DS-01A,1.0,0.0,0.0,0.0,0.0
2,90173416,-,2,90221395,-,DLBC,396,TCGA-FA-A7DS-01A,TCGA-FA-A7DS-01A,1.0,0.0,0.0,0.0,0.0
2,99530931,+,2,99534706,-,DLBC,397,TCGA-FA-A7DS-01A,TCGA-FA-A7DS-01A,1.0,0.0,0.0,0.0,0.0
2,99541204,+,2,99953120,-,DLBC,398,TCGA-FA-A7DS-01A,TCGA-FA-A7DS-01A,1.0,0.0,0.0,0.0,0.0
2,116828520,+,2,116831232,-,DLBC,399,TCGA-FA-A7DS-01A,TCGA-FA-A7DS-01A,1.0,0.0,0.0,0.0,0.0
2,145440846,+,2,145444453,-,DLBC,400,TCGA-FA-A7DS-01A,TCGA-FA-A7DS-01A,1.0,0.0,0.0,0.0,0.0
2,147777556,+,7,88110765,+,DLBC,401,TCGA-FA-A7DS-01A,TCGA-FA-A7DS-01A,1.0,0.0,0.0,0.0,0.0
2,160332649,+,2,160333576,-,DLBC,402,TCGA-FA-A7DS-01A,TCGA-FA-A7DS-01A,1.0,0.0,0.0,0.0,0.0
2,186442200,-,2,186459625,+,DLBC,403,TCGA-FA-A7DS-01A,TCGA-FA-A7DS-01A,1.0,0.0,0.0,0.0,0.0
2,186803070,+,2,187952376,+,DLBC,404,TCGA-FA-A7DS-01A,TCGA-FA-A7DS-01A,1.0,0.0,0.0,0.0,0.0
2,187949579,-,2,187952442,-,DLBC,405,TCGA-FA-A7DS-01A,TCGA-FA-A7DS-01A,1.0,0.0,0.0,0.0,0.0
2,187963338,+,2,187971295,-,DLBC,406,TCGA-FA-A7DS-01A,TCGA-FA-A7DS-01A,1.0,0.0,0.0,0.0,0.0
2,200262096,+,2,200266432,-,DLBC,407,TCGA-FA-A7DS-01A,TCGA-FA-A7DS-01A,1.0,0.0,0.0,0.0,0.0
2,228162332,+,2,228177865,-,DLBC,408,TCGA-FA-A7DS-01A,TCGA-FA-A7DS-01A,1.0,0.0,0.0,0.0,0.0
20,9363709,+,20,9374723,-,DLBC,409,TCGA-FA-A7DS-01A,TCGA-FA-A7DS-01A,1.0,0.0,0.0,0.0,0.0
20,28905942,+,21,7327865,+,DLBC,410,TCGA-FA-A7DS-01A,TCGA-FA-A7DS-01A,1.0,0.0,0.0,0.0,0.0
20,29742546,+,22,11631289,+,DLBC,411,TCGA-FA-A7DS-01A,TCGA-FA-A7DS-01A,1.0,0.0,0.0,0.0,0.0
20,48286500,+,20,48299451,-,DLBC,412,TCGA-FA-A7DS-01A,TCGA-FA-A7DS-01A,1.0,0.0,0.0,0.0,0.0
22,22687280,+,22,22904989,-,DLBC,413,TCGA-FA-A7DS-01A,TCGA-FA-A7DS-01A,1.0,0.0,0.0,0.0,0.0
22,22772589,+,22,22904990,-,DLBC,414,TCGA-FA-A7DS-01A,TCGA-FA-A7DS-01A,1.0,0.0,0.0,0.0,0.0
3,11418667,+,3,11437709,+,DLBC,415,TCGA-FA-A7DS-01A,TCGA-FA-A7DS-01A,1.0,0.0,0.0,0.0,0.0
3,11418690,-,3,11438936,-,DLBC,416,TCGA-FA-A7DS-01A,TCGA-FA-A7DS-01A,1.0,0.0,0.0,0.0,0.0
3,42749046,+,3,42755415,-,DLBC,417,TCGA-FA-A7DS-01A,TCGA-FA-A7DS-01A,1.0,0.0,0.0,0.0,0.0
3,54948397,+,3,54954899,-,DLBC,418,TCGA-FA-A7DS-01A,TCGA-FA-A7DS-01A,1.0,0.0,0.0,0.0,0.0
3,54960270,+,3,54978122,-,DLBC,419,TCGA-FA-A7DS-01A,TCGA-FA-A7DS-01A,1.0,0.0,0.0,0.0,0.0
3,102435360,+,3,102450772,-,DLBC,420,TCGA-FA-A7DS-01A,TCGA-FA-A7DS-01A,1.0,0.0,0.0,0.0,0.0
3,132392761,+,3,132400945,-,DLBC,421,TCGA-FA-A7DS-01A,TCGA-FA-A7DS-01A,1.0,0.0,0.0,0.0,0.0
3,146095252,+,3,156005488,-,DLBC,422,TCGA-FA-A7DS-01A,TCGA-FA-A7DS-01A,1.0,0.0,0.0,0.0,0.0
4,1790824,-,18,22452050,-,DLBC,423,TCGA-FA-A7DS-01A,TCGA-FA-A7DS-01A,1.0,0.0,0.0,0.0,0.0
4,8256242,+,4,8267848,-,DLBC,424,TCGA-FA-A7DS-01A,TCGA-FA-A7DS-01A,1.0,0.0,0.0,0.0,0.0
4,28861907,+,4,28872072,-,DLBC,425,TCGA-FA-A7DS-01A,TCGA-FA-A7DS-01A,1.0,0.0,0.0,0.0,0.0
4,54172763,+,4,54175681,-,DLBC,426,TCGA-FA-A7DS-01A,TCGA-FA-A7DS-01A,1.0,0.0,0.0,0.0,0.0
4,54622806,+,4,54644485,-,DLBC,427,TCGA-FA-A7DS-01A,TCGA-FA-A7DS-01A,1.0,0.0,0.0,0.0,0.0
4,95705685,+,4,95739772,-,DLBC,428,TCGA-FA-A7DS-01A,TCGA-FA-A7DS-01A,1.0,0.0,0.0,0.0,0.0
4,147327695,+,4,147376594,-,DLBC,429,TCGA-FA-A7DS-01A,TCGA-FA-A7DS-01A,1.0,0.0,0.0,0.0,0.0
4,170733147,+,4,170739311,-,DLBC,430,TCGA-FA-A7DS-01A,TCGA-FA-A7DS-01A,1.0,0.0,0.0,0.0,0.0
5,17397239,+,5,17406048,-,DLBC,431,TCGA-FA-A7DS-01A,TCGA-FA-A7DS-01A,1.0,0.0,0.0,0.0,0.0
5,50309797,+,5,50318502,-,DLBC,432,TCGA-FA-A7DS-01A,TCGA-FA-A7DS-01A,1.0,0.0,0.0,0.0,0.0
5,50338174,+,5,50350321,-,DLBC,433,TCGA-FA-A7DS-01A,TCGA-FA-A7DS-01A,1.0,0.0,0.0,0.0,0.0
5,54459355,+,5,54471505,-,DLBC,434,TCGA-FA-A7DS-01A,TCGA-FA-A7DS-01A,1.0,0.0,0.0,0.0,0.0
5,146187536,+,5,146204152,+,DLBC,435,TCGA-FA-A7DS-01A,TCGA-FA-A7DS-01A,1.0,0.0,0.0,0.0,0.0
5,146198151,-,5,146204158,-,DLBC,436,TCGA-FA-A7DS-01A,TCGA-FA-A7DS-01A,1.0,0.0,0.0,0.0,0.0
5,159767047,+,5,159780276,-,DLBC,437,TCGA-FA-A7DS-01A,TCGA-FA-A7DS-01A,1.0,0.0,0.0,0.0,0.0
5,169402113,+,5,169428105,-,DLBC,438,TCGA-FA-A7DS-01A,TCGA-FA-A7DS-01A,1.0,0.0,0.0,0.0,0.0
6,28878230,+,6,30131662,-,DLBC,439,TCGA-FA-A7DS-01A,TCGA-FA-A7DS-01A,1.0,0.0,0.0,0.0,0.0
6,30803509,+,6,33170679,-,DLBC,440,TCGA-FA-A7DS-01A,TCGA-FA-A7DS-01A,1.0,0.0,0.0,0.0,0.0
6,104237488,-,6,104239512,-,DLBC,441,TCGA-FA-A7DS-01A,TCGA-FA-A7DS-01A,1.0,0.0,0.0,0.0,0.0
6,116090125,+,6,116091198,-,DLBC,442,TCGA-FA-A7DS-01A,TCGA-FA-A7DS-01A,1.0,0.0,0.0,0.0,0.0
7,334224,+,7,337171,-,DLBC,443,TCGA-FA-A7DS-01A,TCGA-FA-A7DS-01A,1.0,0.0,0.0,0.0,0.0
7,50117362,+,7,50149726,-,DLBC,444,TCGA-FA-A7DS-01A,TCGA-FA-A7DS-01A,1.0,0.0,0.0,0.0,0.0
7,86331792,-,7,86340422,+,DLBC,445,TCGA-FA-A7DS-01A,TCGA-FA-A7DS-01A,1.0,0.0,0.0,0.0,0.0
7,119653688,+,7,119662507,-,DLBC,446,TCGA-FA-A7DS-01A,TCGA-FA-A7DS-01A,1.0,0.0,0.0,0.0,0.0
8,46482990,+,8,105987818,+,DLBC,447,TCGA-FA-A7DS-01A,TCGA-FA-A7DS-01A,1.0,0.0,0.0,0.0,0.0
8,63129358,-,8,106748986,-,DLBC,448,TCGA-FA-A7DS-01A,TCGA-FA-A7DS-01A,1.0,0.0,0.0,0.0,0.0
8,75042256,-,11,88791084,-,DLBC,449,TCGA-FA-A7DS-01A,TCGA-FA-A7DS-01A,1.0,0.0,0.0,0.0,0.0
8,96140135,+,8,96143465,-,DLBC,450,TCGA-FA-A7DS-01A,TCGA-FA-A7DS-01A,1.0,0.0,0.0,0.0,0.0
8,116422366,+,8,116514394,-,DLBC,451,TCGA-FA-A7DS-01A,TCGA-FA-A7DS-01A,1.0,0.0,0.0,0.0,0.0
8,116422390,-,8,116531135,+,DLBC,452,TCGA-FA-A7DS-01A,TCGA-FA-A7DS-01A,1.0,0.0,0.0,0.0,0.0
8,121970116,-,11,34877912,+,DLBC,453,TCGA-FA-A7DS-01A,TCGA-FA-A7DS-01A,1.0,0.0,0.0,0.0,0.0
8,131527480,+,8,131568022,+,DLBC,454,TCGA-FA-A7DS-01A,TCGA-FA-A7DS-01A,1.0,0.0,0.0,0.0,0.0
8,131529875,-,8,131568035,-,DLBC,455,TCGA-FA-A7DS-01A,TCGA-FA-A7DS-01A,1.0,0.0,0.0,0.0,0.0
9,3463106,+,9,3477318,-,DLBC,456,TCGA-FA-A7DS-01A,TCGA-FA-A7DS-01A,1.0,0.0,0.0,0.0,0.0
9,5470436,+,9,5484381,-,DLBC,457,TCGA-FA-A7DS-01A,TCGA-FA-A7DS-01A,1.0,0.0,0.0,0.0,0.0
9,5490449,+,14,105626059,+,DLBC,458,TCGA-FA-A7DS-01A,TCGA-FA-A7DS-01A,1.0,0.0,0.0,0.0,0.0
9,5490449,+,14,105644783,+,DLBC,459,TCGA-FA-A7DS-01A,TCGA-FA-A7DS-01A,1.0,0.0,0.0,0.0,0.0
9,5495097,-,14,105743084,-,DLBC,460,TCGA-FA-A7DS-01A,TCGA-FA-A7DS-01A,1.0,0.0,0.0,0.0,0.0
9,14216590,+,11,63087027,+,DLBC,461,TCGA-FA-A7DS-01A,TCGA-FA-A7DS-01A,1.0,0.0,0.0,0.0,0.0
9,21917286,+,9,22008983,-,DLBC,462,TCGA-FA-A7DS-01A,TCGA-FA-A7DS-01A,1.0,0.0,0.0,0.0,0.0
9,45021990,+,9,45113995,-,DLBC,463,TCGA-FA-A7DS-01A,TCGA-FA-A7DS-01A,1.0,0.0,0.0,0.0,0.0
9,94880023,+,9,94896785,-,DLBC,464,TCGA-FA-A7DS-01A,TCGA-FA-A7DS-01A,1.0,0.0,0.0,0.0,0.0
9,96720475,+,9,96964957,-,DLBC,465,TCGA-FA-A7DS-01A,TCGA-FA-A7DS-01A,1.0,0.0,0.0,0.0,0.0
9,124326471,+,9,124336530,+,DLBC,466,TCGA-FA-A7DS-01A,TCGA-FA-A7DS-01A,1.0,0.0,0.0,0.0,0.0
9,124328539,-,9,124350564,-,DLBC,467,TCGA-FA-A7DS-01A,TCGA-FA-A7DS-01A,1.0,0.0,0.0,0.0,0.0
23,7349851,+,23,7352997,-,DLBC,468,TCGA-FA-A7DS-01A,TCGA-FA-A7DS-01A,1.0,0.0,0.0,0.0,0.0
23,7387611,+,23,7578645,-,DLBC,469,TCGA-FA-A7DS-01A,TCGA-FA-A7DS-01A,1.0,0.0,0.0,0.0,0.0
23,14057416,+,23,16126581,-,DLBC,470,TCGA-FA-A7DS-01A,TCGA-FA-A7DS-01A,1.0,0.0,0.0,0.0,0.0
23,33238432,+,23,33248561,-,DLBC,471,TCGA-FA-A7DS-01A,TCGA-FA-A7DS-01A,1.0,0.0,0.0,0.0,0.0
23,43662975,+,23,44896537,+,DLBC,472,TCGA-FA-A7DS-01A,TCGA-FA-A7DS-01A,1.0,0.0,0.0,0.0,0.0
23,43664697,-,23,44899140,-,DLBC,473,TCGA-FA-A7DS-01A,TCGA-FA-A7DS-01A,1.0,0.0,0.0,0.0,0.0
23,84972552,+,23,84980379,-,DLBC,474,TCGA-FA-A7DS-01A,TCGA-FA-A7DS-01A,1.0,0.0,0.0,0.0,0.0
23,108235347,+,23,108235693,-,DLBC,475,TCGA-FA-A7DS-01A,TCGA-FA-A7DS-01A,1.0,0.0,0.0,0.0,0.0
1,2185994,+,1,6899683,-,DLBC,476,TCGA-FA-A7Q1-01A,TCGA-FA-A7Q1-01A,1.0,0.0,0.0,0.0,0.0
1,22999931,+,1,53005065,+,DLBC,477,TCGA-FA-A7Q1-01A,TCGA-FA-A7Q1-01A,1.0,0.0,0.0,0.0,0.0
1,26136468,-,1,55912037,-,DLBC,478,TCGA-FA-A7Q1-01A,TCGA-FA-A7Q1-01A,1.0,0.0,0.0,0.0,0.0
1,123390667,+,16,36907582,-,DLBC,479,TCGA-FA-A7Q1-01A,TCGA-FA-A7Q1-01A,1.0,0.0,0.0,0.0,0.0
1,156105165,-,22,41539864,+,DLBC,480,TCGA-FA-A7Q1-01A,TCGA-FA-A7Q1-01A,1.0,0.0,0.0,0.0,0.0
1,241327049,+,2,122583243,-,DLBC,481,TCGA-FA-A7Q1-01A,TCGA-FA-A7Q1-01A,1.0,0.0,0.0,0.0,0.0
10,87344020,+,10,89259691,-,DLBC,482,TCGA-FA-A7Q1-01A,TCGA-FA-A7Q1-01A,1.0,0.0,0.0,0.0,0.0
11,54368830,-,11,54396396,+,DLBC,483,TCGA-FA-A7Q1-01A,TCGA-FA-A7Q1-01A,1.0,0.0,0.0,0.0,0.0
12,6953547,-,12,56016803,-,DLBC,484,TCGA-FA-A7Q1-01A,TCGA-FA-A7Q1-01A,1.0,0.0,0.0,0.0,0.0
12,35045474,+,12,35811634,-,DLBC,485,TCGA-FA-A7Q1-01A,TCGA-FA-A7Q1-01A,1.0,0.0,0.0,0.0,0.0
12,47406415,+,20,13620266,-,DLBC,486,TCGA-FA-A7Q1-01A,TCGA-FA-A7Q1-01A,1.0,0.0,0.0,0.0,0.0
12,121177343,+,12,121177943,-,DLBC,487,TCGA-FA-A7Q1-01A,TCGA-FA-A7Q1-01A,1.0,0.0,0.0,0.0,0.0
12,121214036,+,12,121295577,+,DLBC,488,TCGA-FA-A7Q1-01A,TCGA-FA-A7Q1-01A,1.0,0.0,0.0,0.0,0.0
12,121215639,-,12,121296716,-,DLBC,489,TCGA-FA-A7Q1-01A,TCGA-FA-A7Q1-01A,1.0,0.0,0.0,0.0,0.0
13,74256719,+,23,22967607,+,DLBC,490,TCGA-FA-A7Q1-01A,TCGA-FA-A7Q1-01A,1.0,0.0,0.0,0.0,0.0
17,22914868,+,17,23151664,-,DLBC,491,TCGA-FA-A7Q1-01A,TCGA-FA-A7Q1-01A,1.0,0.0,0.0,0.0,0.0
17,23021113,+,17,23161574,-,DLBC,492,TCGA-FA-A7Q1-01A,TCGA-FA-A7Q1-01A,1.0,0.0,0.0,0.0,0.0
17,48405891,+,17,48406907,-,DLBC,493,TCGA-FA-A7Q1-01A,TCGA-FA-A7Q1-01A,1.0,0.0,0.0,0.0,0.0
17,64307878,+,17,64310146,+,DLBC,494,TCGA-FA-A7Q1-01A,TCGA-FA-A7Q1-01A,1.0,0.0,0.0,0.0,0.0
17,64309603,-,17,64309863,-,DLBC,495,TCGA-FA-A7Q1-01A,TCGA-FA-A7Q1-01A,1.0,0.0,0.0,0.0,0.0
18,15485193,+,18,15550243,-,DLBC,496,TCGA-FA-A7Q1-01A,TCGA-FA-A7Q1-01A,1.0,0.0,0.0,0.0,0.0
19,39403480,+,19,39404622,-,DLBC,497,TCGA-FA-A7Q1-01A,TCGA-FA-A7Q1-01A,1.0,0.0,0.0,0.0,0.0
2,11721307,-,3,28264419,+,DLBC,498,TCGA-FA-A7Q1-01A,TCGA-FA-A7Q1-01A,1.0,0.0,0.0,0.0,0.0
2,58126252,-,2,61670564,+,DLBC,499,TCGA-FA-A7Q1-01A,TCGA-FA-A7Q1-01A,1.0,0.0,0.0,0.0,0.0
2,83727728,-,2,83736130,+,DLBC,500,TCGA-FA-A7Q1-01A,TCGA-FA-A7Q1-01A,1.0,0.0,0.0,0.0,0.0
2,88860596,+,2,90173410,+,DLBC,501,TCGA-FA-A7Q1-01A,TCGA-FA-A7Q1-01A,1.0,0.0,0.0,0.0,0.0
2,90039726,+,2,90053631,-,DLBC,502,TCGA-FA-A7Q1-01A,TCGA-FA-A7Q1-01A,1.0,0.0,0.0,0.0,0.0
21,17445409,-,21,17450809,+,DLBC,503,TCGA-FA-A7Q1-01A,TCGA-FA-A7Q1-01A,1.0,0.0,0.0,0.0,0.0
3,2973368,+,3,48246427,-,DLBC,504,TCGA-FA-A7Q1-01A,TCGA-FA-A7Q1-01A,1.0,0.0,0.0,0.0,0.0
3,91027722,-,3,91089762,+,DLBC,505,TCGA-FA-A7Q1-01A,TCGA-FA-A7Q1-01A,1.0,0.0,0.0,0.0,0.0
3,187745215,+,9,37410016,+,DLBC,506,TCGA-FA-A7Q1-01A,TCGA-FA-A7Q1-01A,1.0,0.0,0.0,0.0,0.0
3,187745237,-,9,37410030,-,DLBC,507,TCGA-FA-A7Q1-01A,TCGA-FA-A7Q1-01A,1.0,0.0,0.0,0.0,0.0
4,120059595,+,4,120060646,-,DLBC,508,TCGA-FA-A7Q1-01A,TCGA-FA-A7Q1-01A,1.0,0.0,0.0,0.0,0.0
4,120059863,-,4,120062643,-,DLBC,509,TCGA-FA-A7Q1-01A,TCGA-FA-A7Q1-01A,1.0,0.0,0.0,0.0,0.0
4,120060648,+,4,120061366,+,DLBC,510,TCGA-FA-A7Q1-01A,TCGA-FA-A7Q1-01A,1.0,0.0,0.0,0.0,0.0
4,143831590,-,4,144062642,+,DLBC,511,TCGA-FA-A7Q1-01A,TCGA-FA-A7Q1-01A,1.0,0.0,0.0,0.0,0.0
4,154465184,+,4,154466671,-,DLBC,512,TCGA-FA-A7Q1-01A,TCGA-FA-A7Q1-01A,1.0,0.0,0.0,0.0,0.0
5,49800456,+,5,49855484,-,DLBC,513,TCGA-FA-A7Q1-01A,TCGA-FA-A7Q1-01A,1.0,0.0,0.0,0.0,0.0
5,50030767,+,5,50050663,-,DLBC,514,TCGA-FA-A7Q1-01A,TCGA-FA-A7Q1-01A,1.0,0.0,0.0,0.0,0.0
6,32390426,-,6,32686126,+,DLBC,515,TCGA-FA-A7Q1-01A,TCGA-FA-A7Q1-01A,1.0,0.0,0.0,0.0,0.0
6,65246727,+,6,65250951,-,DLBC,516,TCGA-FA-A7Q1-01A,TCGA-FA-A7Q1-01A,1.0,0.0,0.0,0.0,0.0
7,61380944,+,7,61454784,-,DLBC,517,TCGA-FA-A7Q1-01A,TCGA-FA-A7Q1-01A,1.0,0.0,0.0,0.0,0.0
7,61416644,+,7,61422123,-,DLBC,518,TCGA-FA-A7Q1-01A,TCGA-FA-A7Q1-01A,1.0,0.0,0.0,0.0,0.0
8,38219860,-,13,32570559,-,DLBC,519,TCGA-FA-A7Q1-01A,TCGA-FA-A7Q1-01A,1.0,0.0,0.0,0.0,0.0
8,127737153,-,16,11255723,-,DLBC,520,TCGA-FA-A7Q1-01A,TCGA-FA-A7Q1-01A,1.0,0.0,0.0,0.0,0.0
8,127737154,+,16,11255601,+,DLBC,521,TCGA-FA-A7Q1-01A,TCGA-FA-A7Q1-01A,1.0,0.0,0.0,0.0,0.0
8,127918299,+,8,127918817,-,DLBC,522,TCGA-FA-A7Q1-01A,TCGA-FA-A7Q1-01A,1.0,0.0,0.0,0.0,0.0
9,21669123,+,9,22205256,-,DLBC,523,TCGA-FA-A7Q1-01A,TCGA-FA-A7Q1-01A,1.0,0.0,0.0,0.0,0.0
9,21916538,+,9,21985231,-,DLBC,524,TCGA-FA-A7Q1-01A,TCGA-FA-A7Q1-01A,1.0,0.0,0.0,0.0,0.0
9,28496041,+,9,29273020,+,DLBC,525,TCGA-FA-A7Q1-01A,TCGA-FA-A7Q1-01A,1.0,0.0,0.0,0.0,0.0
9,132130310,+,9,132131346,-,DLBC,526,TCGA-FA-A7Q1-01A,TCGA-FA-A7Q1-01A,1.0,0.0,0.0,0.0,0.0
23,21236145,-,23,63632643,+,DLBC,527,TCGA-FA-A7Q1-01A,TCGA-FA-A7Q1-01A,1.0,0.0,0.0,0.0,0.0
23,31574036,+,23,32158817,-,DLBC,528,TCGA-FA-A7Q1-01A,TCGA-FA-A7Q1-01A,1.0,0.0,0.0,0.0,0.0
1,82157649,-,1,82157809,+,DLBC,529,TCGA-FA-A82F-01A,TCGA-FA-A82F-01A,1.0,0.0,0.0,0.0,0.0
1,229417553,-,23,109183041,+,DLBC,530,TCGA-FA-A82F-01A,TCGA-FA-A82F-01A,1.0,0.0,0.0,0.0,0.0
10,22282940,-,10,22284935,+,DLBC,531,TCGA-FA-A82F-01A,TCGA-FA-A82F-01A,1.0,0.0,0.0,0.0,0.0
10,38648129,-,12,37460128,-,DLBC,532,TCGA-FA-A82F-01A,TCGA-FA-A82F-01A,1.0,0.0,0.0,0.0,0.0
10,39926103,+,10,41707928,-,DLBC,533,TCGA-FA-A82F-01A,TCGA-FA-A82F-01A,1.0,0.0,0.0,0.0,0.0
12,31377775,-,12,32115756,+,DLBC,534,TCGA-FA-A82F-01A,TCGA-FA-A82F-01A,1.0,0.0,0.0,0.0,0.0
12,31774516,-,12,33615095,+,DLBC,535,TCGA-FA-A82F-01A,TCGA-FA-A82F-01A,1.0,0.0,0.0,0.0,0.0
12,32785117,-,12,89262318,-,DLBC,536,TCGA-FA-A82F-01A,TCGA-FA-A82F-01A,1.0,0.0,0.0,0.0,0.0
12,32829232,+,12,64783006,+,DLBC,537,TCGA-FA-A82F-01A,TCGA-FA-A82F-01A,1.0,0.0,0.0,0.0,0.0
12,33625682,-,12,33716943,+,DLBC,538,TCGA-FA-A82F-01A,TCGA-FA-A82F-01A,1.0,0.0,0.0,0.0,0.0
12,34832620,-,12,37250835,+,DLBC,539,TCGA-FA-A82F-01A,TCGA-FA-A82F-01A,1.0,0.0,0.0,0.0,0.0
12,40947579,+,12,67483561,+,DLBC,540,TCGA-FA-A82F-01A,TCGA-FA-A82F-01A,1.0,0.0,0.0,0.0,0.0
12,42435351,-,12,43372399,+,DLBC,541,TCGA-FA-A82F-01A,TCGA-FA-A82F-01A,1.0,0.0,0.0,0.0,0.0
12,42585715,+,12,42855691,-,DLBC,542,TCGA-FA-A82F-01A,TCGA-FA-A82F-01A,1.0,0.0,0.0,0.0,0.0
12,44928014,+,12,90768090,+,DLBC,543,TCGA-FA-A82F-01A,TCGA-FA-A82F-01A,1.0,0.0,0.0,0.0,0.0
12,45531405,-,12,90298503,-,DLBC,544,TCGA-FA-A82F-01A,TCGA-FA-A82F-01A,1.0,0.0,0.0,0.0,0.0
12,45604068,+,12,90379742,+,DLBC,545,TCGA-FA-A82F-01A,TCGA-FA-A82F-01A,1.0,0.0,0.0,0.0,0.0
12,64274292,-,12,90009781,+,DLBC,546,TCGA-FA-A82F-01A,TCGA-FA-A82F-01A,1.0,0.0,0.0,0.0,0.0
12,120544128,+,12,122998964,-,DLBC,547,TCGA-FA-A82F-01A,TCGA-FA-A82F-01A,1.0,0.0,0.0,0.0,0.0
12,123053227,+,12,123056692,-,DLBC,548,TCGA-FA-A82F-01A,TCGA-FA-A82F-01A,1.0,0.0,0.0,0.0,0.0
14,62705453,-,14,62705621,+,DLBC,549,TCGA-FA-A82F-01A,TCGA-FA-A82F-01A,1.0,0.0,0.0,0.0,0.0
14,87804424,+,14,87805437,-,DLBC,550,TCGA-FA-A82F-01A,TCGA-FA-A82F-01A,1.0,0.0,0.0,0.0,0.0
14,90689234,-,14,90690663,-,DLBC,551,TCGA-FA-A82F-01A,TCGA-FA-A82F-01A,1.0,0.0,0.0,0.0,0.0
14,96255428,+,14,96281272,+,DLBC,552,TCGA-FA-A82F-01A,TCGA-FA-A82F-01A,1.0,0.0,0.0,0.0,0.0
14,96255942,-,14,101627234,+,DLBC,553,TCGA-FA-A82F-01A,TCGA-FA-A82F-01A,1.0,0.0,0.0,0.0,0.0
14,100321865,-,14,100323690,-,DLBC,554,TCGA-FA-A82F-01A,TCGA-FA-A82F-01A,1.0,0.0,0.0,0.0,0.0
14,100575644,-,16,9858309,-,DLBC,555,TCGA-FA-A82F-01A,TCGA-FA-A82F-01A,1.0,0.0,0.0,0.0,0.0
14,100575797,+,19,35110058,+,DLBC,556,TCGA-FA-A82F-01A,TCGA-FA-A82F-01A,1.0,0.0,0.0,0.0,0.0
14,101127098,+,14,101127687,+,DLBC,557,TCGA-FA-A82F-01A,TCGA-FA-A82F-01A,1.0,0.0,0.0,0.0,0.0
14,101404176,+,14,101405539,+,DLBC,558,TCGA-FA-A82F-01A,TCGA-FA-A82F-01A,1.0,0.0,0.0,0.0,0.0
14,105865249,+,14,105888554,-,DLBC,559,TCGA-FA-A82F-01A,TCGA-FA-A82F-01A,1.0,0.0,0.0,0.0,0.0
14,105891711,+,14,105902660,-,DLBC,560,TCGA-FA-A82F-01A,TCGA-FA-A82F-01A,1.0,0.0,0.0,0.0,0.0
16,23632885,-,16,23639803,-,DLBC,561,TCGA-FA-A82F-01A,TCGA-FA-A82F-01A,1.0,0.0,0.0,0.0,0.0
16,23734329,-,16,23738800,-,DLBC,562,TCGA-FA-A82F-01A,TCGA-FA-A82F-01A,1.0,0.0,0.0,0.0,0.0
16,23890658,-,16,24011646,+,DLBC,563,TCGA-FA-A82F-01A,TCGA-FA-A82F-01A,1.0,0.0,0.0,0.0,0.0
16,23976916,+,16,23985491,+,DLBC,564,TCGA-FA-A82F-01A,TCGA-FA-A82F-01A,1.0,0.0,0.0,0.0,0.0
19,3432227,+,19,3433585,+,DLBC,565,TCGA-FA-A82F-01A,TCGA-FA-A82F-01A,1.0,0.0,0.0,0.0,0.0
19,27850992,+,19,29086430,+,DLBC,566,TCGA-FA-A82F-01A,TCGA-FA-A82F-01A,1.0,0.0,0.0,0.0,0.0
19,28521176,-,19,31832872,-,DLBC,567,TCGA-FA-A82F-01A,TCGA-FA-A82F-01A,1.0,0.0,0.0,0.0,0.0
19,28619094,-,19,29314696,+,DLBC,568,TCGA-FA-A82F-01A,TCGA-FA-A82F-01A,1.0,0.0,0.0,0.0,0.0
19,29315133,-,19,31564023,-,DLBC,569,TCGA-FA-A82F-01A,TCGA-FA-A82F-01A,1.0,0.0,0.0,0.0,0.0
19,29342386,+,19,31820157,+,DLBC,570,TCGA-FA-A82F-01A,TCGA-FA-A82F-01A,1.0,0.0,0.0,0.0,0.0
19,30204044,+,19,30567439,-,DLBC,571,TCGA-FA-A82F-01A,TCGA-FA-A82F-01A,1.0,0.0,0.0,0.0,0.0
19,30224628,-,19,47056179,-,DLBC,572,TCGA-FA-A82F-01A,TCGA-FA-A82F-01A,1.0,0.0,0.0,0.0,0.0
19,37094447,-,19,37096392,-,DLBC,573,TCGA-FA-A82F-01A,TCGA-FA-A82F-01A,1.0,0.0,0.0,0.0,0.0
19,37344196,-,19,48862547,+,DLBC,574,TCGA-FA-A82F-01A,TCGA-FA-A82F-01A,1.0,0.0,0.0,0.0,0.0
19,45693883,-,19,52291134,+,DLBC,575,TCGA-FA-A82F-01A,TCGA-FA-A82F-01A,1.0,0.0,0.0,0.0,0.0
19,45721767,-,19,45723746,-,DLBC,576,TCGA-FA-A82F-01A,TCGA-FA-A82F-01A,1.0,0.0,0.0,0.0,0.0
19,45906213,+,19,46001393,-,DLBC,577,TCGA-FA-A82F-01A,TCGA-FA-A82F-01A,1.0,0.0,0.0,0.0,0.0
19,46877905,+,19,46879430,+,DLBC,578,TCGA-FA-A82F-01A,TCGA-FA-A82F-01A,1.0,0.0,0.0,0.0,0.0
19,47183580,+,19,55224109,-,DLBC,579,TCGA-FA-A82F-01A,TCGA-FA-A82F-01A,1.0,0.0,0.0,0.0,0.0
2,26617067,-,2,35091119,-,DLBC,580,TCGA-FA-A82F-01A,TCGA-FA-A82F-01A,1.0,0.0,0.0,0.0,0.0
2,30629986,+,2,30632476,+,DLBC,581,TCGA-FA-A82F-01A,TCGA-FA-A82F-01A,1.0,0.0,0.0,0.0,0.0
2,35059909,-,2,38243764,-,DLBC,582,TCGA-FA-A82F-01A,TCGA-FA-A82F-01A,1.0,0.0,0.0,0.0,0.0
2,35079962,+,2,38080973,+,DLBC,583,TCGA-FA-A82F-01A,TCGA-FA-A82F-01A,1.0,0.0,0.0,0.0,0.0
2,60473616,-,2,60480436,-,DLBC,584,TCGA-FA-A82F-01A,TCGA-FA-A82F-01A,1.0,0.0,0.0,0.0,0.0
2,60508702,-,2,60510105,-,DLBC,585,TCGA-FA-A82F-01A,TCGA-FA-A82F-01A,1.0,0.0,0.0,0.0,0.0
2,60799017,-,2,61990526,-,DLBC,586,TCGA-FA-A82F-01A,TCGA-FA-A82F-01A,1.0,0.0,0.0,0.0,0.0
2,60924301,+,2,60945650,+,DLBC,587,TCGA-FA-A82F-01A,TCGA-FA-A82F-01A,1.0,0.0,0.0,0.0,0.0
2,62816636,+,2,62821234,+,DLBC,588,TCGA-FA-A82F-01A,TCGA-FA-A82F-01A,1.0,0.0,0.0,0.0,0.0
2,63264287,+,5,122462258,-,DLBC,589,TCGA-FA-A82F-01A,TCGA-FA-A82F-01A,1.0,0.0,0.0,0.0,0.0
2,63264661,+,5,122462417,+,DLBC,590,TCGA-FA-A82F-01A,TCGA-FA-A82F-01A,1.0,0.0,0.0,0.0,0.0
2,88860922,+,2,90210528,+,DLBC,591,TCGA-FA-A82F-01A,TCGA-FA-A82F-01A,1.0,0.0,0.0,0.0,0.0
2,183795608,+,2,183853487,-,DLBC,592,TCGA-FA-A82F-01A,TCGA-FA-A82F-01A,1.0,0.0,0.0,0.0,0.0
2,183795729,-,2,183853769,+,DLBC,593,TCGA-FA-A82F-01A,TCGA-FA-A82F-01A,1.0,0.0,0.0,0.0,0.0
2,201140067,+,7,128405996,-,DLBC,594,TCGA-FA-A82F-01A,TCGA-FA-A82F-01A,1.0,0.0,0.0,0.0,0.0
2,214082322,-,14,100575521,-,DLBC,595,TCGA-FA-A82F-01A,TCGA-FA-A82F-01A,1.0,0.0,0.0,0.0,0.0
2,214082397,-,16,9858480,+,DLBC,596,TCGA-FA-A82F-01A,TCGA-FA-A82F-01A,1.0,0.0,0.0,0.0,0.0
20,26514938,-,20,26545446,+,DLBC,597,TCGA-FA-A82F-01A,TCGA-FA-A82F-01A,1.0,0.0,0.0,0.0,0.0
20,43095832,+,20,46111816,+,DLBC,598,TCGA-FA-A82F-01A,TCGA-FA-A82F-01A,1.0,0.0,0.0,0.0,0.0
3,60235533,+,3,60250754,-,DLBC,599,TCGA-FA-A82F-01A,TCGA-FA-A82F-01A,1.0,0.0,0.0,0.0,0.0
3,60309490,+,3,60365937,-,DLBC,600,TCGA-FA-A82F-01A,TCGA-FA-A82F-01A,1.0,0.0,0.0,0.0,0.0
3,60339794,+,3,60618184,-,DLBC,601,TCGA-FA-A82F-01A,TCGA-FA-A82F-01A,1.0,0.0,0.0,0.0,0.0
3,60398777,+,3,60467542,-,DLBC,602,TCGA-FA-A82F-01A,TCGA-FA-A82F-01A,1.0,0.0,0.0,0.0,0.0
3,60438193,+,3,60450530,+,DLBC,603,TCGA-FA-A82F-01A,TCGA-FA-A82F-01A,1.0,0.0,0.0,0.0,0.0
3,60439460,-,3,60515213,-,DLBC,604,TCGA-FA-A82F-01A,TCGA-FA-A82F-01A,1.0,0.0,0.0,0.0,0.0
3,60611101,+,3,60936937,-,DLBC,605,TCGA-FA-A82F-01A,TCGA-FA-A82F-01A,1.0,0.0,0.0,0.0,0.0
3,60629434,+,3,60815373,-,DLBC,606,TCGA-FA-A82F-01A,TCGA-FA-A82F-01A,1.0,0.0,0.0,0.0,0.0
3,60783785,+,3,60933483,-,DLBC,607,TCGA-FA-A82F-01A,TCGA-FA-A82F-01A,1.0,0.0,0.0,0.0,0.0
3,64891206,+,19,36636583,+,DLBC,608,TCGA-FA-A82F-01A,TCGA-FA-A82F-01A,1.0,0.0,0.0,0.0,0.0
3,71079508,+,3,71084644,-,DLBC,609,TCGA-FA-A82F-01A,TCGA-FA-A82F-01A,1.0,0.0,0.0,0.0,0.0
3,91056822,-,3,91192026,+,DLBC,610,TCGA-FA-A82F-01A,TCGA-FA-A82F-01A,1.0,0.0,0.0,0.0,0.0
3,191460729,+,19,45707705,+,DLBC,611,TCGA-FA-A82F-01A,TCGA-FA-A82F-01A,1.0,0.0,0.0,0.0,0.0
3,193510342,-,19,44703870,+,DLBC,612,TCGA-FA-A82F-01A,TCGA-FA-A82F-01A,1.0,0.0,0.0,0.0,0.0
4,65088380,+,17,63740108,+,DLBC,613,TCGA-FA-A82F-01A,TCGA-FA-A82F-01A,1.0,0.0,0.0,0.0,0.0
4,101956107,-,4,101976322,+,DLBC,614,TCGA-FA-A82F-01A,TCGA-FA-A82F-01A,1.0,0.0,0.0,0.0,0.0
4,151311824,+,4,170593554,+,DLBC,615,TCGA-FA-A82F-01A,TCGA-FA-A82F-01A,1.0,0.0,0.0,0.0,0.0
4,153746706,-,4,153746976,-,DLBC,616,TCGA-FA-A82F-01A,TCGA-FA-A82F-01A,1.0,0.0,0.0,0.0,0.0
4,153751232,+,4,153752617,-,DLBC,617,TCGA-FA-A82F-01A,TCGA-FA-A82F-01A,1.0,0.0,0.0,0.0,0.0
4,161906610,-,4,166168716,-,DLBC,618,TCGA-FA-A82F-01A,TCGA-FA-A82F-01A,1.0,0.0,0.0,0.0,0.0
4,161956122,+,4,166253223,+,DLBC,619,TCGA-FA-A82F-01A,TCGA-FA-A82F-01A,1.0,0.0,0.0,0.0,0.0
4,169890575,-,4,169898875,-,DLBC,620,TCGA-FA-A82F-01A,TCGA-FA-A82F-01A,1.0,0.0,0.0,0.0,0.0
4,170803316,+,4,170804765,+,DLBC,621,TCGA-FA-A82F-01A,TCGA-FA-A82F-01A,1.0,0.0,0.0,0.0,0.0
4,171547700,-,5,39760433,-,DLBC,622,TCGA-FA-A82F-01A,TCGA-FA-A82F-01A,1.0,0.0,0.0,0.0,0.0
5,29544513,+,5,29547394,-,DLBC,623,TCGA-FA-A82F-01A,TCGA-FA-A82F-01A,1.0,0.0,0.0,0.0,0.0
5,35413899,+,14,90765409,+,DLBC,624,TCGA-FA-A82F-01A,TCGA-FA-A82F-01A,1.0,0.0,0.0,0.0,0.0
5,35413905,+,14,90763687,-,DLBC,625,TCGA-FA-A82F-01A,TCGA-FA-A82F-01A,1.0,0.0,0.0,0.0,0.0
5,36390368,-,5,36391448,-,DLBC,626,TCGA-FA-A82F-01A,TCGA-FA-A82F-01A,1.0,0.0,0.0,0.0,0.0
5,38367299,-,5,38367854,-,DLBC,627,TCGA-FA-A82F-01A,TCGA-FA-A82F-01A,1.0,0.0,0.0,0.0,0.0
5,38570622,+,5,40346820,-,DLBC,628,TCGA-FA-A82F-01A,TCGA-FA-A82F-01A,1.0,0.0,0.0,0.0,0.0
5,39213265,+,5,39214023,+,DLBC,629,TCGA-FA-A82F-01A,TCGA-FA-A82F-01A,1.0,0.0,0.0,0.0,0.0
5,49855822,+,5,50016960,-,DLBC,630,TCGA-FA-A82F-01A,TCGA-FA-A82F-01A,1.0,0.0,0.0,0.0,0.0
5,85012217,-,5,85096247,+,DLBC,631,TCGA-FA-A82F-01A,TCGA-FA-A82F-01A,1.0,0.0,0.0,0.0,0.0
5,150398135,+,5,150399994,-,DLBC,632,TCGA-FA-A82F-01A,TCGA-FA-A82F-01A,1.0,0.0,0.0,0.0,0.0
5,158983957,+,5,159082405,-,DLBC,633,TCGA-FA-A82F-01A,TCGA-FA-A82F-01A,1.0,0.0,0.0,0.0,0.0
5,171280270,+,5,171302779,-,DLBC,634,TCGA-FA-A82F-01A,TCGA-FA-A82F-01A,1.0,0.0,0.0,0.0,0.0
6,51901893,-,6,89360683,+,DLBC,635,TCGA-FA-A82F-01A,TCGA-FA-A82F-01A,1.0,0.0,0.0,0.0,0.0
6,51935523,+,6,89351566,+,DLBC,636,TCGA-FA-A82F-01A,TCGA-FA-A82F-01A,1.0,0.0,0.0,0.0,0.0
6,51967656,-,6,90704095,-,DLBC,637,TCGA-FA-A82F-01A,TCGA-FA-A82F-01A,1.0,0.0,0.0,0.0,0.0
6,51976912,+,6,51977879,-,DLBC,638,TCGA-FA-A82F-01A,TCGA-FA-A82F-01A,1.0,0.0,0.0,0.0,0.0
6,51976931,-,6,51977946,-,DLBC,639,TCGA-FA-A82F-01A,TCGA-FA-A82F-01A,1.0,0.0,0.0,0.0,0.0
6,51976942,+,6,51977028,+,DLBC,640,TCGA-FA-A82F-01A,TCGA-FA-A82F-01A,1.0,0.0,0.0,0.0,0.0
6,51977051,-,6,90801323,-,DLBC,641,TCGA-FA-A82F-01A,TCGA-FA-A82F-01A,1.0,0.0,0.0,0.0,0.0
6,51977170,-,6,51977976,+,DLBC,642,TCGA-FA-A82F-01A,TCGA-FA-A82F-01A,1.0,0.0,0.0,0.0,0.0
6,51977539,+,6,66614234,+,DLBC,643,TCGA-FA-A82F-01A,TCGA-FA-A82F-01A,1.0,0.0,0.0,0.0,0.0
6,51978118,+,6,67354497,+,DLBC,644,TCGA-FA-A82F-01A,TCGA-FA-A82F-01A,1.0,0.0,0.0,0.0,0.0
6,67343673,-,6,78500544,-,DLBC,645,TCGA-FA-A82F-01A,TCGA-FA-A82F-01A,1.0,0.0,0.0,0.0,0.0
6,67343679,-,6,78500556,+,DLBC,646,TCGA-FA-A82F-01A,TCGA-FA-A82F-01A,1.0,0.0,0.0,0.0,0.0
6,67345436,-,6,90801034,+,DLBC,647,TCGA-FA-A82F-01A,TCGA-FA-A82F-01A,1.0,0.0,0.0,0.0,0.0
6,67345655,+,6,90803077,+,DLBC,648,TCGA-FA-A82F-01A,TCGA-FA-A82F-01A,1.0,0.0,0.0,0.0,0.0
6,67355482,-,6,71894801,-,DLBC,649,TCGA-FA-A82F-01A,TCGA-FA-A82F-01A,1.0,0.0,0.0,0.0,0.0
6,71929382,+,6,155734969,-,DLBC,650,TCGA-FA-A82F-01A,TCGA-FA-A82F-01A,1.0,0.0,0.0,0.0,0.0
6,72046944,-,6,155868067,+,DLBC,651,TCGA-FA-A82F-01A,TCGA-FA-A82F-01A,1.0,0.0,0.0,0.0,0.0
6,78500556,+,6,78500717,+,DLBC,652,TCGA-FA-A82F-01A,TCGA-FA-A82F-01A,1.0,0.0,0.0,0.0,0.0
6,78509623,-,6,166442585,+,DLBC,653,TCGA-FA-A82F-01A,TCGA-FA-A82F-01A,1.0,0.0,0.0,0.0,0.0
6,78614000,+,6,165064725,+,DLBC,654,TCGA-FA-A82F-01A,TCGA-FA-A82F-01A,1.0,0.0,0.0,0.0,0.0
6,83189168,-,6,89420433,-,DLBC,655,TCGA-FA-A82F-01A,TCGA-FA-A82F-01A,1.0,0.0,0.0,0.0,0.0
6,83522479,+,6,166458928,-,DLBC,656,TCGA-FA-A82F-01A,TCGA-FA-A82F-01A,1.0,0.0,0.0,0.0,0.0
6,89351480,-,6,155868071,-,DLBC,657,TCGA-FA-A82F-01A,TCGA-FA-A82F-01A,1.0,0.0,0.0,0.0,0.0
6,90704091,+,6,166442392,-,DLBC,658,TCGA-FA-A82F-01A,TCGA-FA-A82F-01A,1.0,0.0,0.0,0.0,0.0
6,90784686,-,6,166352616,+,DLBC,659,TCGA-FA-A82F-01A,TCGA-FA-A82F-01A,1.0,0.0,0.0,0.0,0.0
6,90786271,-,6,90803105,-,DLBC,660,TCGA-FA-A82F-01A,TCGA-FA-A82F-01A,1.0,0.0,0.0,0.0,0.0
6,90801188,+,6,90803189,+,DLBC,661,TCGA-FA-A82F-01A,TCGA-FA-A82F-01A,1.0,0.0,0.0,0.0,0.0
6,90801560,+,6,166352345,-,DLBC,662,TCGA-FA-A82F-01A,TCGA-FA-A82F-01A,1.0,0.0,0.0,0.0,0.0
6,166490114,-,6,166490250,+,DLBC,663,TCGA-FA-A82F-01A,TCGA-FA-A82F-01A,1.0,0.0,0.0,0.0,0.0
6,167080609,-,6,170136626,+,DLBC,664,TCGA-FA-A82F-01A,TCGA-FA-A82F-01A,1.0,0.0,0.0,0.0,0.0
6,167107624,+,6,167142812,+,DLBC,665,TCGA-FA-A82F-01A,TCGA-FA-A82F-01A,1.0,0.0,0.0,0.0,0.0
7,512421,+,7,21466236,+,DLBC,666,TCGA-FA-A82F-01A,TCGA-FA-A82F-01A,1.0,0.0,0.0,0.0,0.0
7,762059,-,7,2032076,-,DLBC,667,TCGA-FA-A82F-01A,TCGA-FA-A82F-01A,1.0,0.0,0.0,0.0,0.0
7,973854,+,10,5587384,+,DLBC,668,TCGA-FA-A82F-01A,TCGA-FA-A82F-01A,1.0,0.0,0.0,0.0,0.0
7,974774,-,7,2056173,+,DLBC,669,TCGA-FA-A82F-01A,TCGA-FA-A82F-01A,1.0,0.0,0.0,0.0,0.0
7,1012611,+,7,1161049,-,DLBC,670,TCGA-FA-A82F-01A,TCGA-FA-A82F-01A,1.0,0.0,0.0,0.0,0.0
7,1764527,+,7,2858129,+,DLBC,671,TCGA-FA-A82F-01A,TCGA-FA-A82F-01A,1.0,0.0,0.0,0.0,0.0
7,2858692,-,7,22345612,-,DLBC,672,TCGA-FA-A82F-01A,TCGA-FA-A82F-01A,1.0,0.0,0.0,0.0,0.0
7,2885190,+,7,20157199,-,DLBC,673,TCGA-FA-A82F-01A,TCGA-FA-A82F-01A,1.0,0.0,0.0,0.0,0.0
7,2885264,-,7,22288159,+,DLBC,674,TCGA-FA-A82F-01A,TCGA-FA-A82F-01A,1.0,0.0,0.0,0.0,0.0
7,4881637,+,7,21855550,-,DLBC,675,TCGA-FA-A82F-01A,TCGA-FA-A82F-01A,1.0,0.0,0.0,0.0,0.0
7,6817059,+,7,19161470,-,DLBC,676,TCGA-FA-A82F-01A,TCGA-FA-A82F-01A,1.0,0.0,0.0,0.0,0.0
7,6836613,-,7,18692739,+,DLBC,677,TCGA-FA-A82F-01A,TCGA-FA-A82F-01A,1.0,0.0,0.0,0.0,0.0
7,6848144,+,7,13468327,+,DLBC,678,TCGA-FA-A82F-01A,TCGA-FA-A82F-01A,1.0,0.0,0.0,0.0,0.0
7,8415002,-,7,13520157,+,DLBC,679,TCGA-FA-A82F-01A,TCGA-FA-A82F-01A,1.0,0.0,0.0,0.0,0.0
7,8431200,+,7,8433140,-,DLBC,680,TCGA-FA-A82F-01A,TCGA-FA-A82F-01A,1.0,0.0,0.0,0.0,0.0
7,8709930,+,7,24072478,+,DLBC,681,TCGA-FA-A82F-01A,TCGA-FA-A82F-01A,1.0,0.0,0.0,0.0,0.0
7,13441317,-,7,19262776,+,DLBC,682,TCGA-FA-A82F-01A,TCGA-FA-A82F-01A,1.0,0.0,0.0,0.0,0.0
7,13468336,+,7,19153241,-,DLBC,683,TCGA-FA-A82F-01A,TCGA-FA-A82F-01A,1.0,0.0,0.0,0.0,0.0
7,13481776,-,7,24109539,+,DLBC,684,TCGA-FA-A82F-01A,TCGA-FA-A82F-01A,1.0,0.0,0.0,0.0,0.0
7,18057674,-,7,24095714,-,DLBC,685,TCGA-FA-A82F-01A,TCGA-FA-A82F-01A,1.0,0.0,0.0,0.0,0.0
7,54672039,-,7,54708439,+,DLBC,686,TCGA-FA-A82F-01A,TCGA-FA-A82F-01A,1.0,0.0,0.0,0.0,0.0
7,70110875,-,7,70121701,+,DLBC,687,TCGA-FA-A82F-01A,TCGA-FA-A82F-01A,1.0,0.0,0.0,0.0,0.0
7,124985314,-,23,128782727,-,DLBC,688,TCGA-FA-A82F-01A,TCGA-FA-A82F-01A,1.0,0.0,0.0,0.0,0.0
23,32168329,+,23,32187726,-,DLBC,689,TCGA-FA-A82F-01A,TCGA-FA-A82F-01A,1.0,0.0,0.0,0.0,0.0
1,2321642,+,1,3943203,-,DLBC,690,TCGA-FA-A86F-01A,TCGA-FA-A86F-01A,1.0,0.0,0.0,0.0,0.0
1,109725059,-,23,48281041,+,DLBC,691,TCGA-FA-A86F-01A,TCGA-FA-A86F-01A,1.0,0.0,0.0,0.0,0.0
1,199410170,-,1,206082509,-,DLBC,692,TCGA-FA-A86F-01A,TCGA-FA-A86F-01A,1.0,0.0,0.0,0.0,0.0
1,202006569,+,1,202007491,+,DLBC,693,TCGA-FA-A86F-01A,TCGA-FA-A86F-01A,1.0,0.0,0.0,0.0,0.0
1,206082535,+,1,206082618,+,DLBC,694,TCGA-FA-A86F-01A,TCGA-FA-A86F-01A,1.0,0.0,0.0,0.0,0.0
1,206671010,+,1,215226413,+,DLBC,695,TCGA-FA-A86F-01A,TCGA-FA-A86F-01A,1.0,0.0,0.0,0.0,0.0
1,213339306,-,1,216888341,-,DLBC,696,TCGA-FA-A86F-01A,TCGA-FA-A86F-01A,1.0,0.0,0.0,0.0,0.0
11,59175364,-,11,59192681,-,DLBC,697,TCGA-FA-A86F-01A,TCGA-FA-A86F-01A,1.0,0.0,0.0,0.0,0.0
11,59175667,-,11,59283002,-,DLBC,698,TCGA-FA-A86F-01A,TCGA-FA-A86F-01A,1.0,0.0,0.0,0.0,0.0
11,59258543,+,11,75197363,+,DLBC,699,TCGA-FA-A86F-01A,TCGA-FA-A86F-01A,1.0,0.0,0.0,0.0,0.0
11,59899090,-,11,75725319,-,DLBC,700,TCGA-FA-A86F-01A,TCGA-FA-A86F-01A,1.0,0.0,0.0,0.0,0.0
11,88515380,-,11,98885491,+,DLBC,701,TCGA-FA-A86F-01A,TCGA-FA-A86F-01A,1.0,0.0,0.0,0.0,0.0
11,96362561,-,11,117643767,-,DLBC,702,TCGA-FA-A86F-01A,TCGA-FA-A86F-01A,1.0,0.0,0.0,0.0,0.0
11,96694115,+,11,96695163,+,DLBC,703,TCGA-FA-A86F-01A,TCGA-FA-A86F-01A,1.0,0.0,0.0,0.0,0.0
11,99696620,+,11,114796381,-,DLBC,704,TCGA-FA-A86F-01A,TCGA-FA-A86F-01A,1.0,0.0,0.0,0.0,0.0
11,106696127,-,11,106707320,-,DLBC,705,TCGA-FA-A86F-01A,TCGA-FA-A86F-01A,1.0,0.0,0.0,0.0,0.0
11,106696215,+,11,114801433,-,DLBC,706,TCGA-FA-A86F-01A,TCGA-FA-A86F-01A,1.0,0.0,0.0,0.0,0.0
11,106705891,-,11,114967690,-,DLBC,707,TCGA-FA-A86F-01A,TCGA-FA-A86F-01A,1.0,0.0,0.0,0.0,0.0
11,106707423,+,11,114796856,+,DLBC,708,TCGA-FA-A86F-01A,TCGA-FA-A86F-01A,1.0,0.0,0.0,0.0,0.0
11,109314344,+,11,109570464,+,DLBC,709,TCGA-FA-A86F-01A,TCGA-FA-A86F-01A,1.0,0.0,0.0,0.0,0.0
11,109563119,-,11,118339659,+,DLBC,710,TCGA-FA-A86F-01A,TCGA-FA-A86F-01A,1.0,0.0,0.0,0.0,0.0
11,118303188,-,11,118329026,-,DLBC,711,TCGA-FA-A86F-01A,TCGA-FA-A86F-01A,1.0,0.0,0.0,0.0,0.0
11,118333510,+,11,118333998,-,DLBC,712,TCGA-FA-A86F-01A,TCGA-FA-A86F-01A,1.0,0.0,0.0,0.0,0.0
12,118295032,-,14,81129692,-,DLBC,713,TCGA-FA-A86F-01A,TCGA-FA-A86F-01A,1.0,0.0,0.0,0.0,0.0
12,132779208,+,12,133004263,-,DLBC,714,TCGA-FA-A86F-01A,TCGA-FA-A86F-01A,1.0,0.0,0.0,0.0,0.0
13,17489740,-,13,17980631,+,DLBC,715,TCGA-FA-A86F-01A,TCGA-FA-A86F-01A,1.0,0.0,0.0,0.0,0.0
14,68794817,-,16,53010786,-,DLBC,716,TCGA-FA-A86F-01A,TCGA-FA-A86F-01A,1.0,0.0,0.0,0.0,0.0
14,105863958,+,14,106062248,-,DLBC,717,TCGA-FA-A86F-01A,TCGA-FA-A86F-01A,1.0,0.0,0.0,0.0,0.0
15,19387486,-,15,19654955,+,DLBC,718,TCGA-FA-A86F-01A,TCGA-FA-A86F-01A,1.0,0.0,0.0,0.0,0.0
16,2438973,+,16,2599097,+,DLBC,719,TCGA-FA-A86F-01A,TCGA-FA-A86F-01A,1.0,0.0,0.0,0.0,0.0
16,5469764,-,16,30916034,-,DLBC,720,TCGA-FA-A86F-01A,TCGA-FA-A86F-01A,1.0,0.0,0.0,0.0,0.0
16,29116410,-,18,76505162,-,DLBC,721,TCGA-FA-A86F-01A,TCGA-FA-A86F-01A,1.0,0.0,0.0,0.0,0.0
16,29164349,+,16,29171114,+,DLBC,722,TCGA-FA-A86F-01A,TCGA-FA-A86F-01A,1.0,0.0,0.0,0.0,0.0
16,30478544,-,16,88518242,-,DLBC,723,TCGA-FA-A86F-01A,TCGA-FA-A86F-01A,1.0,0.0,0.0,0.0,0.0
16,64790726,-,16,72141271,+,DLBC,724,TCGA-FA-A86F-01A,TCGA-FA-A86F-01A,1.0,0.0,0.0,0.0,0.0
16,67671641,-,16,88469756,+,DLBC,725,TCGA-FA-A86F-01A,TCGA-FA-A86F-01A,1.0,0.0,0.0,0.0,0.0
16,70154463,-,16,82977413,-,DLBC,726,TCGA-FA-A86F-01A,TCGA-FA-A86F-01A,1.0,0.0,0.0,0.0,0.0
17,7637392,+,17,7675049,-,DLBC,727,TCGA-FA-A86F-01A,TCGA-FA-A86F-01A,1.0,0.0,0.0,0.0,0.0
18,15848286,+,18,18040962,-,DLBC,728,TCGA-FA-A86F-01A,TCGA-FA-A86F-01A,1.0,0.0,0.0,0.0,0.0
18,76504915,+,18,76507050,-,DLBC,729,TCGA-FA-A86F-01A,TCGA-FA-A86F-01A,1.0,0.0,0.0,0.0,0.0
18,76507351,+,18,76508163,+,DLBC,730,TCGA-FA-A86F-01A,TCGA-FA-A86F-01A,1.0,0.0,0.0,0.0,0.0
19,34869601,+,23,1930948,-,DLBC,731,TCGA-FA-A86F-01A,TCGA-FA-A86F-01A,1.0,0.0,0.0,0.0,0.0
19,42127573,+,19,42130138,-,DLBC,732,TCGA-FA-A86F-01A,TCGA-FA-A86F-01A,1.0,0.0,0.0,0.0,0.0
2,3940231,+,2,10029665,+,DLBC,733,TCGA-FA-A86F-01A,TCGA-FA-A86F-01A,1.0,0.0,0.0,0.0,0.0
2,12378720,-,10,98384249,-,DLBC,734,TCGA-FA-A86F-01A,TCGA-FA-A86F-01A,1.0,0.0,0.0,0.0,0.0
2,56543987,-,11,118213279,+,DLBC,735,TCGA-FA-A86F-01A,TCGA-FA-A86F-01A,1.0,0.0,0.0,0.0,0.0
2,57845211,+,11,107969339,-,DLBC,736,TCGA-FA-A86F-01A,TCGA-FA-A86F-01A,1.0,0.0,0.0,0.0,0.0
2,57847229,+,11,118339511,-,DLBC,737,TCGA-FA-A86F-01A,TCGA-FA-A86F-01A,1.0,0.0,0.0,0.0,0.0
2,88861923,+,2,89937678,+,DLBC,738,TCGA-FA-A86F-01A,TCGA-FA-A86F-01A,1.0,0.0,0.0,0.0,0.0
2,232095180,-,2,233915526,+,DLBC,739,TCGA-FA-A86F-01A,TCGA-FA-A86F-01A,1.0,0.0,0.0,0.0,0.0
4,12014031,+,10,53403694,-,DLBC,740,TCGA-FA-A86F-01A,TCGA-FA-A86F-01A,1.0,0.0,0.0,0.0,0.0
4,32083653,+,4,171213233,-,DLBC,741,TCGA-FA-A86F-01A,TCGA-FA-A86F-01A,1.0,0.0,0.0,0.0,0.0
4,50272108,+,4,50728169,-,DLBC,742,TCGA-FA-A86F-01A,TCGA-FA-A86F-01A,1.0,0.0,0.0,0.0,0.0
5,131629918,-,5,138242949,-,DLBC,743,TCGA-FA-A86F-01A,TCGA-FA-A86F-01A,1.0,0.0,0.0,0.0,0.0
7,132562989,+,23,1169013,+,DLBC,744,TCGA-FA-A86F-01A,TCGA-FA-A86F-01A,1.0,0.0,0.0,0.0,0.0
8,55879996,+,8,55880845,-,DLBC,745,TCGA-FA-A86F-01A,TCGA-FA-A86F-01A,1.0,0.0,0.0,0.0,0.0
9,43813651,-,9,45483115,+,DLBC,746,TCGA-FA-A86F-01A,TCGA-FA-A86F-01A,1.0,0.0,0.0,0.0,0.0
1,23621015,+,1,23624021,-,DLBC,747,TCGA-FF-8041-01A,TCGA-FF-8041-01A,1.0,0.0,0.0,0.0,0.0
1,24652031,-,5,133818946,+,DLBC,748,TCGA-FF-8041-01A,TCGA-FF-8041-01A,1.0,0.0,0.0,0.0,0.0
1,28515677,-,1,28521042,+,DLBC,749,TCGA-FF-8041-01A,TCGA-FF-8041-01A,1.0,0.0,0.0,0.0,0.0
1,54731693,+,1,54733243,+,DLBC,750,TCGA-FF-8041-01A,TCGA-FF-8041-01A,1.0,0.0,0.0,0.0,0.0
1,54731703,-,1,54732447,-,DLBC,751,TCGA-FF-8041-01A,TCGA-FF-8041-01A,1.0,0.0,0.0,0.0,0.0
1,179315180,+,1,179317702,-,DLBC,752,TCGA-FF-8041-01A,TCGA-FF-8041-01A,1.0,0.0,0.0,0.0,0.0
1,189581602,+,1,189582001,-,DLBC,753,TCGA-FF-8041-01A,TCGA-FF-8041-01A,1.0,0.0,0.0,0.0,0.0
1,232733445,-,8,108318888,+,DLBC,754,TCGA-FF-8041-01A,TCGA-FF-8041-01A,1.0,0.0,0.0,0.0,0.0
10,8183402,-,10,8183635,-,DLBC,755,TCGA-FF-8041-01A,TCGA-FF-8041-01A,1.0,0.0,0.0,0.0,0.0
10,8183639,+,10,59775338,+,DLBC,756,TCGA-FF-8041-01A,TCGA-FF-8041-01A,1.0,0.0,0.0,0.0,0.0
11,54384232,-,11,54549256,+,DLBC,757,TCGA-FF-8041-01A,TCGA-FF-8041-01A,1.0,0.0,0.0,0.0,0.0
12,8611429,+,12,8612127,-,DLBC,758,TCGA-FF-8041-01A,TCGA-FF-8041-01A,1.0,0.0,0.0,0.0,0.0
12,34773757,+,12,34795256,-,DLBC,759,TCGA-FF-8041-01A,TCGA-FF-8041-01A,1.0,0.0,0.0,0.0,0.0
12,49656265,+,12,49658158,-,DLBC,760,TCGA-FF-8041-01A,TCGA-FF-8041-01A,1.0,0.0,0.0,0.0,0.0
12,67448600,+,12,67460796,-,DLBC,761,TCGA-FF-8041-01A,TCGA-FF-8041-01A,1.0,0.0,0.0,0.0,0.0
12,89350169,+,12,89350979,-,DLBC,762,TCGA-FF-8041-01A,TCGA-FF-8041-01A,1.0,0.0,0.0,0.0,0.0
13,68697681,+,13,68699292,-,DLBC,763,TCGA-FF-8041-01A,TCGA-FF-8041-01A,1.0,0.0,0.0,0.0,0.0
13,86114970,-,20,53558920,-,DLBC,764,TCGA-FF-8041-01A,TCGA-FF-8041-01A,1.0,0.0,0.0,0.0,0.0
14,105599614,+,14,105601894,+,DLBC,765,TCGA-FF-8041-01A,TCGA-FF-8041-01A,1.0,0.0,0.0,0.0,0.0
14,105601639,-,14,105601946,-,DLBC,766,TCGA-FF-8041-01A,TCGA-FF-8041-01A,1.0,0.0,0.0,0.0,0.0
14,105647992,+,14,105861008,-,DLBC,767,TCGA-FF-8041-01A,TCGA-FF-8041-01A,1.0,0.0,0.0,0.0,0.0
14,105860580,+,14,105863161,-,DLBC,768,TCGA-FF-8041-01A,TCGA-FF-8041-01A,1.0,0.0,0.0,0.0,0.0
14,105864257,+,14,105904685,-,DLBC,769,TCGA-FF-8041-01A,TCGA-FF-8041-01A,1.0,0.0,0.0,0.0,0.0
16,10810950,+,16,10918454,-,DLBC,770,TCGA-FF-8041-01A,TCGA-FF-8041-01A,1.0,0.0,0.0,0.0,0.0
16,89744316,+,16,89756586,-,DLBC,771,TCGA-FF-8041-01A,TCGA-FF-8041-01A,1.0,0.0,0.0,0.0,0.0
18,15636319,-,18,15701170,+,DLBC,772,TCGA-FF-8041-01A,TCGA-FF-8041-01A,1.0,0.0,0.0,0.0,0.0
19,3949944,+,19,39095895,-,DLBC,773,TCGA-FF-8041-01A,TCGA-FF-8041-01A,1.0,0.0,0.0,0.0,0.0
19,20882196,-,19,20886033,+,DLBC,774,TCGA-FF-8041-01A,TCGA-FF-8041-01A,1.0,0.0,0.0,0.0,0.0
2,35233978,+,2,35512201,-,DLBC,775,TCGA-FF-8041-01A,TCGA-FF-8041-01A,1.0,0.0,0.0,0.0,0.0
2,57772140,+,2,57846396,-,DLBC,776,TCGA-FF-8041-01A,TCGA-FF-8041-01A,1.0,0.0,0.0,0.0,0.0
2,89986701,+,2,90005638,-,DLBC,777,TCGA-FF-8041-01A,TCGA-FF-8041-01A,1.0,0.0,0.0,0.0,0.0
2,92313286,+,2,93285142,-,DLBC,778,TCGA-FF-8041-01A,TCGA-FF-8041-01A,1.0,0.0,0.0,0.0,0.0
2,96167330,+,2,100651157,-,DLBC,779,TCGA-FF-8041-01A,TCGA-FF-8041-01A,1.0,0.0,0.0,0.0,0.0
2,145332653,+,2,145333644,-,DLBC,780,TCGA-FF-8041-01A,TCGA-FF-8041-01A,1.0,0.0,0.0,0.0,0.0
2,161327984,+,8,125935592,-,DLBC,781,TCGA-FF-8041-01A,TCGA-FF-8041-01A,1.0,0.0,0.0,0.0,0.0
20,30198384,+,20,30200613,-,DLBC,782,TCGA-FF-8041-01A,TCGA-FF-8041-01A,1.0,0.0,0.0,0.0,0.0
3,90864636,+,3,91109976,-,DLBC,783,TCGA-FF-8041-01A,TCGA-FF-8041-01A,1.0,0.0,0.0,0.0,0.0
3,100611244,-,5,22995356,+,DLBC,784,TCGA-FF-8041-01A,TCGA-FF-8041-01A,1.0,0.0,0.0,0.0,0.0
3,101985661,+,3,102010216,-,DLBC,785,TCGA-FF-8041-01A,TCGA-FF-8041-01A,1.0,0.0,0.0,0.0,0.0
3,192952383,+,3,192959148,+,DLBC,786,TCGA-FF-8041-01A,TCGA-FF-8041-01A,1.0,0.0,0.0,0.0,0.0
3,192957040,-,3,192958980,-,DLBC,787,TCGA-FF-8041-01A,TCGA-FF-8041-01A,1.0,0.0,0.0,0.0,0.0
3,192957685,+,3,192959306,-,DLBC,788,TCGA-FF-8041-01A,TCGA-FF-8041-01A,1.0,0.0,0.0,0.0,0.0
5,108308039,+,5,108371058,-,DLBC,789,TCGA-FF-8041-01A,TCGA-FF-8041-01A,1.0,0.0,0.0,0.0,0.0
5,131349616,+,5,131354182,-,DLBC,790,TCGA-FF-8041-01A,TCGA-FF-8041-01A,1.0,0.0,0.0,0.0,0.0
5,150923534,+,5,150941335,-,DLBC,791,TCGA-FF-8041-01A,TCGA-FF-8041-01A,1.0,0.0,0.0,0.0,0.0
6,24818334,+,6,24819728,-,DLBC,792,TCGA-FF-8041-01A,TCGA-FF-8041-01A,1.0,0.0,0.0,0.0,0.0
6,26233725,+,6,26242010,-,DLBC,793,TCGA-FF-8041-01A,TCGA-FF-8041-01A,1.0,0.0,0.0,0.0,0.0
6,66382563,+,6,66392371,-,DLBC,794,TCGA-FF-8041-01A,TCGA-FF-8041-01A,1.0,0.0,0.0,0.0,0.0
6,102446455,+,6,102448210,-,DLBC,795,TCGA-FF-8041-01A,TCGA-FF-8041-01A,1.0,0.0,0.0,0.0,0.0
6,137867872,+,6,137921607,-,DLBC,796,TCGA-FF-8041-01A,TCGA-FF-8041-01A,1.0,0.0,0.0,0.0,0.0
6,147030910,-,23,18769607,+,DLBC,797,TCGA-FF-8041-01A,TCGA-FF-8041-01A,1.0,0.0,0.0,0.0,0.0
6,147030912,+,23,18769503,-,DLBC,798,TCGA-FF-8041-01A,TCGA-FF-8041-01A,1.0,0.0,0.0,0.0,0.0
7,50279074,+,7,50360593,-,DLBC,799,TCGA-FF-8041-01A,TCGA-FF-8041-01A,1.0,0.0,0.0,0.0,0.0
7,81567543,+,7,81572399,-,DLBC,800,TCGA-FF-8041-01A,TCGA-FF-8041-01A,1.0,0.0,0.0,0.0,0.0
7,83321676,-,7,83339767,+,DLBC,801,TCGA-FF-8041-01A,TCGA-FF-8041-01A,1.0,0.0,0.0,0.0,0.0
8,58785366,+,8,58788026,-,DLBC,802,TCGA-FF-8041-01A,TCGA-FF-8041-01A,1.0,0.0,0.0,0.0,0.0
8,58889948,+,8,59101566,-,DLBC,803,TCGA-FF-8041-01A,TCGA-FF-8041-01A,1.0,0.0,0.0,0.0,0.0
8,59100494,+,8,59132488,-,DLBC,804,TCGA-FF-8041-01A,TCGA-FF-8041-01A,1.0,0.0,0.0,0.0,0.0
8,111135516,-,8,111139181,+,DLBC,805,TCGA-FF-8041-01A,TCGA-FF-8041-01A,1.0,0.0,0.0,0.0,0.0
8,112410676,-,23,141401987,+,DLBC,806,TCGA-FF-8041-01A,TCGA-FF-8041-01A,1.0,0.0,0.0,0.0,0.0
8,128997784,+,11,1466284,+,DLBC,807,TCGA-FF-8041-01A,TCGA-FF-8041-01A,1.0,0.0,0.0,0.0,0.0
9,4987695,-,12,12439599,+,DLBC,808,TCGA-FF-8041-01A,TCGA-FF-8041-01A,1.0,0.0,0.0,0.0,0.0
9,6909275,+,9,7056176,-,DLBC,809,TCGA-FF-8041-01A,TCGA-FF-8041-01A,1.0,0.0,0.0,0.0,0.0
9,11349748,+,9,11350843,-,DLBC,810,TCGA-FF-8041-01A,TCGA-FF-8041-01A,1.0,0.0,0.0,0.0,0.0
9,11351707,+,23,26782107,-,DLBC,811,TCGA-FF-8041-01A,TCGA-FF-8041-01A,1.0,0.0,0.0,0.0,0.0
9,98329743,+,9,98332549,-,DLBC,812,TCGA-FF-8041-01A,TCGA-FF-8041-01A,1.0,0.0,0.0,0.0,0.0
9,126857506,+,11,65728703,-,DLBC,813,TCGA-FF-8041-01A,TCGA-FF-8041-01A,1.0,0.0,0.0,0.0,0.0
23,31233946,+,23,31253223,-,DLBC,814,TCGA-FF-8041-01A,TCGA-FF-8041-01A,1.0,0.0,0.0,0.0,0.0
23,32068026,+,23,32193353,-,DLBC,815,TCGA-FF-8041-01A,TCGA-FF-8041-01A,1.0,0.0,0.0,0.0,0.0
23,32491545,+,23,32493996,-,DLBC,816,TCGA-FF-8041-01A,TCGA-FF-8041-01A,1.0,0.0,0.0,0.0,0.0
23,32665234,+,23,32788648,-,DLBC,817,TCGA-FF-8041-01A,TCGA-FF-8041-01A,1.0,0.0,0.0,0.0,0.0
23,66981303,-,23,155709016,+,DLBC,818,TCGA-FF-8041-01A,TCGA-FF-8041-01A,1.0,0.0,0.0,0.0,0.0
23,78684183,-,23,78696624,+,DLBC,819,TCGA-FF-8041-01A,TCGA-FF-8041-01A,1.0,0.0,0.0,0.0,0.0
23,145941572,+,23,145942758,-,DLBC,820,TCGA-FF-8041-01A,TCGA-FF-8041-01A,1.0,0.0,0.0,0.0,0.0
1,6188229,-,1,6250827,+,DLBC,821,TCGA-FF-8042-01A,TCGA-FF-8042-01A,1.0,0.0,0.0,0.0,0.0
1,32008099,+,1,32812811,-,DLBC,822,TCGA-FF-8042-01A,TCGA-FF-8042-01A,1.0,0.0,0.0,0.0,0.0
1,106113501,+,1,106114502,-,DLBC,823,TCGA-FF-8042-01A,TCGA-FF-8042-01A,1.0,0.0,0.0,0.0,0.0
1,240595141,+,11,105574251,-,DLBC,824,TCGA-FF-8042-01A,TCGA-FF-8042-01A,1.0,0.0,0.0,0.0,0.0
10,4044046,+,21,34899199,+,DLBC,825,TCGA-FF-8042-01A,TCGA-FF-8042-01A,1.0,0.0,0.0,0.0,0.0
10,4044075,-,21,34899220,-,DLBC,826,TCGA-FF-8042-01A,TCGA-FF-8042-01A,1.0,0.0,0.0,0.0,0.0
10,13498372,-,10,13530681,+,DLBC,827,TCGA-FF-8042-01A,TCGA-FF-8042-01A,1.0,0.0,0.0,0.0,0.0
10,24947033,+,10,25025447,-,DLBC,828,TCGA-FF-8042-01A,TCGA-FF-8042-01A,1.0,0.0,0.0,0.0,0.0
10,25047909,+,18,33777305,-,DLBC,829,TCGA-FF-8042-01A,TCGA-FF-8042-01A,1.0,0.0,0.0,0.0,0.0
10,25047995,-,18,32536934,-,DLBC,830,TCGA-FF-8042-01A,TCGA-FF-8042-01A,1.0,0.0,0.0,0.0,0.0
10,25068454,+,18,26917421,+,DLBC,831,TCGA-FF-8042-01A,TCGA-FF-8042-01A,1.0,0.0,0.0,0.0,0.0
10,25139033,-,18,44073367,+,DLBC,832,TCGA-FF-8042-01A,TCGA-FF-8042-01A,1.0,0.0,0.0,0.0,0.0
10,126350274,-,14,88472091,+,DLBC,833,TCGA-FF-8042-01A,TCGA-FF-8042-01A,1.0,0.0,0.0,0.0,0.0
11,54343407,+,11,54347419,-,DLBC,834,TCGA-FF-8042-01A,TCGA-FF-8042-01A,1.0,0.0,0.0,0.0,0.0
11,54384260,-,11,54549439,+,DLBC,835,TCGA-FF-8042-01A,TCGA-FF-8042-01A,1.0,0.0,0.0,0.0,0.0
13,19145331,-,13,35214572,+,DLBC,836,TCGA-FF-8042-01A,TCGA-FF-8042-01A,1.0,0.0,0.0,0.0,0.0
13,24096683,+,13,24109458,+,DLBC,837,TCGA-FF-8042-01A,TCGA-FF-8042-01A,1.0,0.0,0.0,0.0,0.0
13,24099155,-,13,63793707,-,DLBC,838,TCGA-FF-8042-01A,TCGA-FF-8042-01A,1.0,0.0,0.0,0.0,0.0
13,24102879,+,13,62979606,+,DLBC,839,TCGA-FF-8042-01A,TCGA-FF-8042-01A,1.0,0.0,0.0,0.0,0.0
13,24103846,-,13,63923819,-,DLBC,840,TCGA-FF-8042-01A,TCGA-FF-8042-01A,1.0,0.0,0.0,0.0,0.0
13,25109933,-,13,63789190,+,DLBC,841,TCGA-FF-8042-01A,TCGA-FF-8042-01A,1.0,0.0,0.0,0.0,0.0
13,26224808,+,13,34740910,+,DLBC,842,TCGA-FF-8042-01A,TCGA-FF-8042-01A,1.0,0.0,0.0,0.0,0.0
13,34700136,-,13,35198053,-,DLBC,843,TCGA-FF-8042-01A,TCGA-FF-8042-01A,1.0,0.0,0.0,0.0,0.0
13,34722491,-,13,34722881,-,DLBC,844,TCGA-FF-8042-01A,TCGA-FF-8042-01A,1.0,0.0,0.0,0.0,0.0
13,34722494,+,13,34722884,+,DLBC,845,TCGA-FF-8042-01A,TCGA-FF-8042-01A,1.0,0.0,0.0,0.0,0.0
13,35214835,-,13,63586294,-,DLBC,846,TCGA-FF-8042-01A,TCGA-FF-8042-01A,1.0,0.0,0.0,0.0,0.0
13,92266783,+,15,23462413,-,DLBC,847,TCGA-FF-8042-01A,TCGA-FF-8042-01A,1.0,0.0,0.0,0.0,0.0
14,57054095,+,20,16332920,+,DLBC,848,TCGA-FF-8042-01A,TCGA-FF-8042-01A,1.0,0.0,0.0,0.0,0.0
14,57054098,-,20,12434225,-,DLBC,849,TCGA-FF-8042-01A,TCGA-FF-8042-01A,1.0,0.0,0.0,0.0,0.0
14,90560584,+,14,90561672,-,DLBC,850,TCGA-FF-8042-01A,TCGA-FF-8042-01A,1.0,0.0,0.0,0.0,0.0
14,105864632,+,14,106373662,-,DLBC,851,TCGA-FF-8042-01A,TCGA-FF-8042-01A,1.0,0.0,0.0,0.0,0.0
16,11894375,-,16,11991711,+,DLBC,852,TCGA-FF-8042-01A,TCGA-FF-8042-01A,1.0,0.0,0.0,0.0,0.0
16,72236050,+,16,72277190,-,DLBC,853,TCGA-FF-8042-01A,TCGA-FF-8042-01A,1.0,0.0,0.0,0.0,0.0
16,78617482,+,16,78754489,-,DLBC,854,TCGA-FF-8042-01A,TCGA-FF-8042-01A,1.0,0.0,0.0,0.0,0.0
16,78695551,+,16,78758768,-,DLBC,855,TCGA-FF-8042-01A,TCGA-FF-8042-01A,1.0,0.0,0.0,0.0,0.0
18,6025611,+,18,6027565,-,DLBC,856,TCGA-FF-8042-01A,TCGA-FF-8042-01A,1.0,0.0,0.0,0.0,0.0
18,26912786,+,18,26917487,-,DLBC,857,TCGA-FF-8042-01A,TCGA-FF-8042-01A,1.0,0.0,0.0,0.0,0.0
18,26912966,-,18,65230555,-,DLBC,858,TCGA-FF-8042-01A,TCGA-FF-8042-01A,1.0,0.0,0.0,0.0,0.0
18,26960829,-,18,27133735,+,DLBC,859,TCGA-FF-8042-01A,TCGA-FF-8042-01A,1.0,0.0,0.0,0.0,0.0
18,26966461,+,18,59649869,+,DLBC,860,TCGA-FF-8042-01A,TCGA-FF-8042-01A,1.0,0.0,0.0,0.0,0.0
18,27119952,-,18,44130510,+,DLBC,861,TCGA-FF-8042-01A,TCGA-FF-8042-01A,1.0,0.0,0.0,0.0,0.0
18,27806996,+,18,41961352,+,DLBC,862,TCGA-FF-8042-01A,TCGA-FF-8042-01A,1.0,0.0,0.0,0.0,0.0
18,32567344,-,18,41982335,+,DLBC,863,TCGA-FF-8042-01A,TCGA-FF-8042-01A,1.0,0.0,0.0,0.0,0.0
18,41675208,+,18,66820347,-,DLBC,864,TCGA-FF-8042-01A,TCGA-FF-8042-01A,1.0,0.0,0.0,0.0,0.0
18,42167323,-,18,45265566,-,DLBC,865,TCGA-FF-8042-01A,TCGA-FF-8042-01A,1.0,0.0,0.0,0.0,0.0
18,43626762,-,18,44073931,-,DLBC,866,TCGA-FF-8042-01A,TCGA-FF-8042-01A,1.0,0.0,0.0,0.0,0.0
18,44471465,-,18,69091934,-,DLBC,867,TCGA-FF-8042-01A,TCGA-FF-8042-01A,1.0,0.0,0.0,0.0,0.0
18,45264557,+,18,68678109,-,DLBC,868,TCGA-FF-8042-01A,TCGA-FF-8042-01A,1.0,0.0,0.0,0.0,0.0
18,53423600,+,18,65250905,-,DLBC,869,TCGA-FF-8042-01A,TCGA-FF-8042-01A,1.0,0.0,0.0,0.0,0.0
18,66485790,-,18,66490082,+,DLBC,870,TCGA-FF-8042-01A,TCGA-FF-8042-01A,1.0,0.0,0.0,0.0,0.0
18,67141153,+,18,67142982,-,DLBC,871,TCGA-FF-8042-01A,TCGA-FF-8042-01A,1.0,0.0,0.0,0.0,0.0
18,74031197,+,18,74033344,-,DLBC,872,TCGA-FF-8042-01A,TCGA-FF-8042-01A,1.0,0.0,0.0,0.0,0.0
19,30222169,-,19,30328439,+,DLBC,873,TCGA-FF-8042-01A,TCGA-FF-8042-01A,1.0,0.0,0.0,0.0,0.0
19,42018594,+,19,44666594,-,DLBC,874,TCGA-FF-8042-01A,TCGA-FF-8042-01A,1.0,0.0,0.0,0.0,0.0
19,50184788,-,19,50547764,+,DLBC,875,TCGA-FF-8042-01A,TCGA-FF-8042-01A,1.0,0.0,0.0,0.0,0.0
2,25958692,+,2,25962631,-,DLBC,876,TCGA-FF-8042-01A,TCGA-FF-8042-01A,1.0,0.0,0.0,0.0,0.0
2,77138310,+,2,77221974,-,DLBC,877,TCGA-FF-8042-01A,TCGA-FF-8042-01A,1.0,0.0,0.0,0.0,0.0
2,77138405,-,2,77222165,+,DLBC,878,TCGA-FF-8042-01A,TCGA-FF-8042-01A,1.0,0.0,0.0,0.0,0.0
2,78274860,-,2,78413679,+,DLBC,879,TCGA-FF-8042-01A,TCGA-FF-8042-01A,1.0,0.0,0.0,0.0,0.0
2,88832768,+,2,88886152,+,DLBC,880,TCGA-FF-8042-01A,TCGA-FF-8042-01A,1.0,0.0,0.0,0.0,0.0
2,88861922,+,2,89196077,-,DLBC,881,TCGA-FF-8042-01A,TCGA-FF-8042-01A,1.0,0.0,0.0,0.0,0.0
2,88861922,+,2,89986702,+,DLBC,882,TCGA-FF-8042-01A,TCGA-FF-8042-01A,1.0,0.0,0.0,0.0,0.0
2,123365212,+,2,123863668,-,DLBC,883,TCGA-FF-8042-01A,TCGA-FF-8042-01A,1.0,0.0,0.0,0.0,0.0
2,164336143,+,2,164336875,-,DLBC,884,TCGA-FF-8042-01A,TCGA-FF-8042-01A,1.0,0.0,0.0,0.0,0.0
2,193448973,+,2,193450561,-,DLBC,885,TCGA-FF-8042-01A,TCGA-FF-8042-01A,1.0,0.0,0.0,0.0,0.0
2,233927766,+,8,108098022,+,DLBC,886,TCGA-FF-8042-01A,TCGA-FF-8042-01A,1.0,0.0,0.0,0.0,0.0
20,12431988,+,20,16333542,-,DLBC,887,TCGA-FF-8042-01A,TCGA-FF-8042-01A,1.0,0.0,0.0,0.0,0.0
20,21438429,+,23,70947956,-,DLBC,888,TCGA-FF-8042-01A,TCGA-FF-8042-01A,1.0,0.0,0.0,0.0,0.0
20,58520363,-,20,58532554,+,DLBC,889,TCGA-FF-8042-01A,TCGA-FF-8042-01A,1.0,0.0,0.0,0.0,0.0
21,30166280,-,21,30212122,+,DLBC,890,TCGA-FF-8042-01A,TCGA-FF-8042-01A,1.0,0.0,0.0,0.0,0.0
22,42317343,-,22,42624798,+,DLBC,891,TCGA-FF-8042-01A,TCGA-FF-8042-01A,1.0,0.0,0.0,0.0,0.0
3,60441713,+,3,60492268,-,DLBC,892,TCGA-FF-8042-01A,TCGA-FF-8042-01A,1.0,0.0,0.0,0.0,0.0
3,60614174,-,3,60630372,+,DLBC,893,TCGA-FF-8042-01A,TCGA-FF-8042-01A,1.0,0.0,0.0,0.0,0.0
3,90897234,-,3,90933071,+,DLBC,894,TCGA-FF-8042-01A,TCGA-FF-8042-01A,1.0,0.0,0.0,0.0,0.0
3,116487546,-,3,116596760,+,DLBC,895,TCGA-FF-8042-01A,TCGA-FF-8042-01A,1.0,0.0,0.0,0.0,0.0
3,116543294,+,3,116696356,-,DLBC,896,TCGA-FF-8042-01A,TCGA-FF-8042-01A,1.0,0.0,0.0,0.0,0.0
3,116867228,+,3,116936489,-,DLBC,897,TCGA-FF-8042-01A,TCGA-FF-8042-01A,1.0,0.0,0.0,0.0,0.0
3,116906361,+,3,117359602,-,DLBC,898,TCGA-FF-8042-01A,TCGA-FF-8042-01A,1.0,0.0,0.0,0.0,0.0
3,116936681,-,3,117019276,+,DLBC,899,TCGA-FF-8042-01A,TCGA-FF-8042-01A,1.0,0.0,0.0,0.0,0.0
3,117465798,+,3,117632917,-,DLBC,900,TCGA-FF-8042-01A,TCGA-FF-8042-01A,1.0,0.0,0.0,0.0,0.0
3,144396328,+,3,144418178,-,DLBC,901,TCGA-FF-8042-01A,TCGA-FF-8042-01A,1.0,0.0,0.0,0.0,0.0
3,187676762,-,3,188141708,+,DLBC,902,TCGA-FF-8042-01A,TCGA-FF-8042-01A,1.0,0.0,0.0,0.0,0.0
3,187859231,-,3,188128124,+,DLBC,903,TCGA-FF-8042-01A,TCGA-FF-8042-01A,1.0,0.0,0.0,0.0,0.0
3,188039741,-,3,188193647,+,DLBC,904,TCGA-FF-8042-01A,TCGA-FF-8042-01A,1.0,0.0,0.0,0.0,0.0
4,11176473,-,7,70710959,-,DLBC,905,TCGA-FF-8042-01A,TCGA-FF-8042-01A,1.0,0.0,0.0,0.0,0.0
4,11176549,+,7,70711834,-,DLBC,906,TCGA-FF-8042-01A,TCGA-FF-8042-01A,1.0,0.0,0.0,0.0,0.0
4,62592358,-,4,62896800,+,DLBC,907,TCGA-FF-8042-01A,TCGA-FF-8042-01A,1.0,0.0,0.0,0.0,0.0
4,66226805,+,4,66227950,-,DLBC,908,TCGA-FF-8042-01A,TCGA-FF-8042-01A,1.0,0.0,0.0,0.0,0.0
4,115809007,+,4,115812807,-,DLBC,909,TCGA-FF-8042-01A,TCGA-FF-8042-01A,1.0,0.0,0.0,0.0,0.0
4,180605033,+,4,182066858,+,DLBC,910,TCGA-FF-8042-01A,TCGA-FF-8042-01A,1.0,0.0,0.0,0.0,0.0
5,46434033,+,5,46568034,+,DLBC,911,TCGA-FF-8042-01A,TCGA-FF-8042-01A,1.0,0.0,0.0,0.0,0.0
5,82871103,-,5,83462067,+,DLBC,912,TCGA-FF-8042-01A,TCGA-FF-8042-01A,1.0,0.0,0.0,0.0,0.0
5,110422024,+,5,125245495,+,DLBC,913,TCGA-FF-8042-01A,TCGA-FF-8042-01A,1.0,0.0,0.0,0.0,0.0
5,110422052,-,5,125245534,-,DLBC,914,TCGA-FF-8042-01A,TCGA-FF-8042-01A,1.0,0.0,0.0,0.0,0.0
5,131708044,+,5,131710500,-,DLBC,915,TCGA-FF-8042-01A,TCGA-FF-8042-01A,1.0,0.0,0.0,0.0,0.0
6,61370522,+,6,61374713,-,DLBC,916,TCGA-FF-8042-01A,TCGA-FF-8042-01A,1.0,0.0,0.0,0.0,0.0
6,76440710,+,6,118882623,-,DLBC,917,TCGA-FF-8042-01A,TCGA-FF-8042-01A,1.0,0.0,0.0,0.0,0.0
6,76440710,+,6,118882625,+,DLBC,918,TCGA-FF-8042-01A,TCGA-FF-8042-01A,1.0,0.0,0.0,0.0,0.0
6,118882467,-,6,118882623,-,DLBC,919,TCGA-FF-8042-01A,TCGA-FF-8042-01A,1.0,0.0,0.0,0.0,0.0
6,167028094,-,6,167376281,-,DLBC,920,TCGA-FF-8042-01A,TCGA-FF-8042-01A,1.0,0.0,0.0,0.0,0.0
7,70834243,+,7,142670478,+,DLBC,921,TCGA-FF-8042-01A,TCGA-FF-8042-01A,1.0,0.0,0.0,0.0,0.0
7,98545770,-,7,98546845,-,DLBC,922,TCGA-FF-8042-01A,TCGA-FF-8042-01A,1.0,0.0,0.0,0.0,0.0
7,120254047,-,7,120307112,+,DLBC,923,TCGA-FF-8042-01A,TCGA-FF-8042-01A,1.0,0.0,0.0,0.0,0.0
7,124692633,+,23,122713565,-,DLBC,924,TCGA-FF-8042-01A,TCGA-FF-8042-01A,1.0,0.0,0.0,0.0,0.0
7,147775327,+,7,147776342,-,DLBC,925,TCGA-FF-8042-01A,TCGA-FF-8042-01A,1.0,0.0,0.0,0.0,0.0
8,82066035,+,8,82067093,-,DLBC,926,TCGA-FF-8042-01A,TCGA-FF-8042-01A,1.0,0.0,0.0,0.0,0.0
8,104449782,+,8,104451503,+,DLBC,927,TCGA-FF-8042-01A,TCGA-FF-8042-01A,1.0,0.0,0.0,0.0,0.0
8,104450800,-,8,104452337,-,DLBC,928,TCGA-FF-8042-01A,TCGA-FF-8042-01A,1.0,0.0,0.0,0.0,0.0
8,112176926,-,8,145061985,+,DLBC,929,TCGA-FF-8042-01A,TCGA-FF-8042-01A,1.0,0.0,0.0,0.0,0.0
8,115322489,-,8,137296715,-,DLBC,930,TCGA-FF-8042-01A,TCGA-FF-8042-01A,1.0,0.0,0.0,0.0,0.0
9,8189396,+,9,70142921,+,DLBC,931,TCGA-FF-8042-01A,TCGA-FF-8042-01A,1.0,0.0,0.0,0.0,0.0
9,8189486,-,18,59647405,-,DLBC,932,TCGA-FF-8042-01A,TCGA-FF-8042-01A,1.0,0.0,0.0,0.0,0.0
9,8258670,+,9,89631927,-,DLBC,933,TCGA-FF-8042-01A,TCGA-FF-8042-01A,1.0,0.0,0.0,0.0,0.0
9,8576920,-,9,28338825,+,DLBC,934,TCGA-FF-8042-01A,TCGA-FF-8042-01A,1.0,0.0,0.0,0.0,0.0
9,8584296,+,9,18187368,-,DLBC,935,TCGA-FF-8042-01A,TCGA-FF-8042-01A,1.0,0.0,0.0,0.0,0.0
9,8584401,-,18,42191436,-,DLBC,936,TCGA-FF-8042-01A,TCGA-FF-8042-01A,1.0,0.0,0.0,0.0,0.0
9,8665636,+,18,41961378,-,DLBC,937,TCGA-FF-8042-01A,TCGA-FF-8042-01A,1.0,0.0,0.0,0.0,0.0
9,8678770,-,18,27638470,-,DLBC,938,TCGA-FF-8042-01A,TCGA-FF-8042-01A,1.0,0.0,0.0,0.0,0.0
9,8855718,+,9,11554455,-,DLBC,939,TCGA-FF-8042-01A,TCGA-FF-8042-01A,1.0,0.0,0.0,0.0,0.0
9,8855887,-,18,42191167,+,DLBC,940,TCGA-FF-8042-01A,TCGA-FF-8042-01A,1.0,0.0,0.0,0.0,0.0
9,8893618,+,18,44518294,-,DLBC,941,TCGA-FF-8042-01A,TCGA-FF-8042-01A,1.0,0.0,0.0,0.0,0.0
9,8893787,-,9,29777230,-,DLBC,942,TCGA-FF-8042-01A,TCGA-FF-8042-01A,1.0,0.0,0.0,0.0,0.0
9,9029342,+,9,24340108,+,DLBC,943,TCGA-FF-8042-01A,TCGA-FF-8042-01A,1.0,0.0,0.0,0.0,0.0
9,10360805,-,18,29080218,+,DLBC,944,TCGA-FF-8042-01A,TCGA-FF-8042-01A,1.0,0.0,0.0,0.0,0.0
9,11296512,+,18,32526080,+,DLBC,945,TCGA-FF-8042-01A,TCGA-FF-8042-01A,1.0,0.0,0.0,0.0,0.0
9,11296517,-,18,44223472,+,DLBC,946,TCGA-FF-8042-01A,TCGA-FF-8042-01A,1.0,0.0,0.0,0.0,0.0
9,11467977,+,10,24603866,-,DLBC,947,TCGA-FF-8042-01A,TCGA-FF-8042-01A,1.0,0.0,0.0,0.0,0.0
9,11470948,-,18,59649959,-,DLBC,948,TCGA-FF-8042-01A,TCGA-FF-8042-01A,1.0,0.0,0.0,0.0,0.0
9,11554290,+,9,18190050,-,DLBC,949,TCGA-FF-8042-01A,TCGA-FF-8042-01A,1.0,0.0,0.0,0.0,0.0
9,12526456,+,18,28108081,+,DLBC,950,TCGA-FF-8042-01A,TCGA-FF-8042-01A,1.0,0.0,0.0,0.0,0.0
9,13478688,-,9,19907383,+,DLBC,951,TCGA-FF-8042-01A,TCGA-FF-8042-01A,1.0,0.0,0.0,0.0,0.0
9,13484735,+,9,18189365,+,DLBC,952,TCGA-FF-8042-01A,TCGA-FF-8042-01A,1.0,0.0,0.0,0.0,0.0
9,13484787,-,10,20486500,+,DLBC,953,TCGA-FF-8042-01A,TCGA-FF-8042-01A,1.0,0.0,0.0,0.0,0.0
9,13500152,+,9,26779555,-,DLBC,954,TCGA-FF-8042-01A,TCGA-FF-8042-01A,1.0,0.0,0.0,0.0,0.0
9,13500230,-,18,44125400,+,DLBC,955,TCGA-FF-8042-01A,TCGA-FF-8042-01A,1.0,0.0,0.0,0.0,0.0
9,17620486,+,18,29102015,-,DLBC,956,TCGA-FF-8042-01A,TCGA-FF-8042-01A,1.0,0.0,0.0,0.0,0.0
9,17620505,-,18,41932968,-,DLBC,957,TCGA-FF-8042-01A,TCGA-FF-8042-01A,1.0,0.0,0.0,0.0,0.0
9,17644685,+,18,44118638,+,DLBC,958,TCGA-FF-8042-01A,TCGA-FF-8042-01A,1.0,0.0,0.0,0.0,0.0
9,17644901,-,9,89622711,-,DLBC,959,TCGA-FF-8042-01A,TCGA-FF-8042-01A,1.0,0.0,0.0,0.0,0.0
9,17678606,+,18,26960770,+,DLBC,960,TCGA-FF-8042-01A,TCGA-FF-8042-01A,1.0,0.0,0.0,0.0,0.0
9,19607574,+,18,44121841,+,DLBC,961,TCGA-FF-8042-01A,TCGA-FF-8042-01A,1.0,0.0,0.0,0.0,0.0
9,19835482,+,18,43625673,+,DLBC,962,TCGA-FF-8042-01A,TCGA-FF-8042-01A,1.0,0.0,0.0,0.0,0.0
9,19836372,-,18,32567288,+,DLBC,963,TCGA-FF-8042-01A,TCGA-FF-8042-01A,1.0,0.0,0.0,0.0,0.0
9,20296563,-,18,63370418,+,DLBC,964,TCGA-FF-8042-01A,TCGA-FF-8042-01A,1.0,0.0,0.0,0.0,0.0
9,20929794,+,18,68677571,+,DLBC,965,TCGA-FF-8042-01A,TCGA-FF-8042-01A,1.0,0.0,0.0,0.0,0.0
9,20959502,-,18,27637492,+,DLBC,966,TCGA-FF-8042-01A,TCGA-FF-8042-01A,1.0,0.0,0.0,0.0,0.0
9,21706347,+,9,24341288,-,DLBC,967,TCGA-FF-8042-01A,TCGA-FF-8042-01A,1.0,0.0,0.0,0.0,0.0
9,21706369,-,9,24089583,-,DLBC,968,TCGA-FF-8042-01A,TCGA-FF-8042-01A,1.0,0.0,0.0,0.0,0.0
9,21765390,+,9,23638944,-,DLBC,969,TCGA-FF-8042-01A,TCGA-FF-8042-01A,1.0,0.0,0.0,0.0,0.0
9,21766828,-,18,27880059,+,DLBC,970,TCGA-FF-8042-01A,TCGA-FF-8042-01A,1.0,0.0,0.0,0.0,0.0
9,21769826,+,9,70664146,-,DLBC,971,TCGA-FF-8042-01A,TCGA-FF-8042-01A,1.0,0.0,0.0,0.0,0.0
9,22544156,-,18,42600453,-,DLBC,972,TCGA-FF-8042-01A,TCGA-FF-8042-01A,1.0,0.0,0.0,0.0,0.0
9,23402977,+,9,93593882,+,DLBC,973,TCGA-FF-8042-01A,TCGA-FF-8042-01A,1.0,0.0,0.0,0.0,0.0
9,23403744,-,9,73225845,-,DLBC,974,TCGA-FF-8042-01A,TCGA-FF-8042-01A,1.0,0.0,0.0,0.0,0.0
9,23636810,+,18,42167157,+,DLBC,975,TCGA-FF-8042-01A,TCGA-FF-8042-01A,1.0,0.0,0.0,0.0,0.0
9,23683543,+,18,68792972,+,DLBC,976,TCGA-FF-8042-01A,TCGA-FF-8042-01A,1.0,0.0,0.0,0.0,0.0
9,23997934,-,18,32571564,+,DLBC,977,TCGA-FF-8042-01A,TCGA-FF-8042-01A,1.0,0.0,0.0,0.0,0.0
9,24023177,-,10,21195125,+,DLBC,978,TCGA-FF-8042-01A,TCGA-FF-8042-01A,1.0,0.0,0.0,0.0,0.0
9,24065293,+,9,26348572,+,DLBC,979,TCGA-FF-8042-01A,TCGA-FF-8042-01A,1.0,0.0,0.0,0.0,0.0
9,24085586,-,9,71052770,-,DLBC,980,TCGA-FF-8042-01A,TCGA-FF-8042-01A,1.0,0.0,0.0,0.0,0.0
9,24089488,+,9,28394063,+,DLBC,981,TCGA-FF-8042-01A,TCGA-FF-8042-01A,1.0,0.0,0.0,0.0,0.0
9,24104549,+,18,69090749,+,DLBC,982,TCGA-FF-8042-01A,TCGA-FF-8042-01A,1.0,0.0,0.0,0.0,0.0
9,24301847,-,18,45213505,-,DLBC,983,TCGA-FF-8042-01A,TCGA-FF-8042-01A,1.0,0.0,0.0,0.0,0.0
9,24321873,+,18,28005426,-,DLBC,984,TCGA-FF-8042-01A,TCGA-FF-8042-01A,1.0,0.0,0.0,0.0,0.0
9,24322284,-,18,44120872,-,DLBC,985,TCGA-FF-8042-01A,TCGA-FF-8042-01A,1.0,0.0,0.0,0.0,0.0
9,24403385,+,18,41923570,+,DLBC,986,TCGA-FF-8042-01A,TCGA-FF-8042-01A,1.0,0.0,0.0,0.0,0.0
9,24403415,-,10,25138973,+,DLBC,987,TCGA-FF-8042-01A,TCGA-FF-8042-01A,1.0,0.0,0.0,0.0,0.0
9,26275357,+,18,44122288,-,DLBC,988,TCGA-FF-8042-01A,TCGA-FF-8042-01A,1.0,0.0,0.0,0.0,0.0
9,26275594,-,9,93594771,-,DLBC,989,TCGA-FF-8042-01A,TCGA-FF-8042-01A,1.0,0.0,0.0,0.0,0.0
9,27120225,+,18,54171511,-,DLBC,990,TCGA-FF-8042-01A,TCGA-FF-8042-01A,1.0,0.0,0.0,0.0,0.0
9,27120550,-,18,69064698,-,DLBC,991,TCGA-FF-8042-01A,TCGA-FF-8042-01A,1.0,0.0,0.0,0.0,0.0
9,27382270,+,9,29793672,+,DLBC,992,TCGA-FF-8042-01A,TCGA-FF-8042-01A,1.0,0.0,0.0,0.0,0.0
9,27484192,-,18,29074065,+,DLBC,993,TCGA-FF-8042-01A,TCGA-FF-8042-01A,1.0,0.0,0.0,0.0,0.0
9,28288715,+,9,28338916,-,DLBC,994,TCGA-FF-8042-01A,TCGA-FF-8042-01A,1.0,0.0,0.0,0.0,0.0
9,28290177,-,9,93024562,+,DLBC,995,TCGA-FF-8042-01A,TCGA-FF-8042-01A,1.0,0.0,0.0,0.0,0.0
9,29398068,-,9,89310236,-,DLBC,996,TCGA-FF-8042-01A,TCGA-FF-8042-01A,1.0,0.0,0.0,0.0,0.0
9,29398970,+,9,89310175,+,DLBC,997,TCGA-FF-8042-01A,TCGA-FF-8042-01A,1.0,0.0,0.0,0.0,0.0
9,29399084,-,9,74107254,+,DLBC,998,TCGA-FF-8042-01A,TCGA-FF-8042-01A,1.0,0.0,0.0,0.0,0.0
9,29401061,+,18,42198087,+,DLBC,999,TCGA-FF-8042-01A,TCGA-FF-8042-01A,1.0,0.0,0.0,0.0,0.0
9,29401324,-,18,44518228,+,DLBC,1000,TCGA-FF-8042-01A,TCGA-FF-8042-01A,1.0,0.0,0.0,0.0,0.0
9,29408928,+,10,21772076,+,DLBC,1001,TCGA-FF-8042-01A,TCGA-FF-8042-01A,1.0,0.0,0.0,0.0,0.0
9,31444916,-,10,21113182,-,DLBC,1002,TCGA-FF-8042-01A,TCGA-FF-8042-01A,1.0,0.0,0.0,0.0,0.0
9,71052642,+,10,25068517,-,DLBC,1003,TCGA-FF-8042-01A,TCGA-FF-8042-01A,1.0,0.0,0.0,0.0,0.0
9,71071518,+,9,89975473,-,DLBC,1004,TCGA-FF-8042-01A,TCGA-FF-8042-01A,1.0,0.0,0.0,0.0,0.0
9,72637564,-,18,27857856,-,DLBC,1005,TCGA-FF-8042-01A,TCGA-FF-8042-01A,1.0,0.0,0.0,0.0,0.0
9,73224958,+,9,93038405,+,DLBC,1006,TCGA-FF-8042-01A,TCGA-FF-8042-01A,1.0,0.0,0.0,0.0,0.0
9,74095093,+,18,44529259,+,DLBC,1007,TCGA-FF-8042-01A,TCGA-FF-8042-01A,1.0,0.0,0.0,0.0,0.0
9,74096288,-,18,63372778,-,DLBC,1008,TCGA-FF-8042-01A,TCGA-FF-8042-01A,1.0,0.0,0.0,0.0,0.0
9,76794400,-,18,63395639,+,DLBC,1009,TCGA-FF-8042-01A,TCGA-FF-8042-01A,1.0,0.0,0.0,0.0,0.0
9,76913873,+,18,68715131,+,DLBC,1010,TCGA-FF-8042-01A,TCGA-FF-8042-01A,1.0,0.0,0.0,0.0,0.0
9,76913894,-,18,43505530,-,DLBC,1011,TCGA-FF-8042-01A,TCGA-FF-8042-01A,1.0,0.0,0.0,0.0,0.0
9,84527501,+,9,84529020,-,DLBC,1012,TCGA-FF-8042-01A,TCGA-FF-8042-01A,1.0,0.0,0.0,0.0,0.0
9,89622508,+,18,68715220,-,DLBC,1013,TCGA-FF-8042-01A,TCGA-FF-8042-01A,1.0,0.0,0.0,0.0,0.0
9,89631860,+,18,44130745,-,DLBC,1014,TCGA-FF-8042-01A,TCGA-FF-8042-01A,1.0,0.0,0.0,0.0,0.0
9,93012419,+,18,57812721,+,DLBC,1015,TCGA-FF-8042-01A,TCGA-FF-8042-01A,1.0,0.0,0.0,0.0,0.0
9,93013509,-,18,27133805,-,DLBC,1016,TCGA-FF-8042-01A,TCGA-FF-8042-01A,1.0,0.0,0.0,0.0,0.0
9,93025793,-,18,44509734,-,DLBC,1017,TCGA-FF-8042-01A,TCGA-FF-8042-01A,1.0,0.0,0.0,0.0,0.0
9,93556359,-,18,44125830,-,DLBC,1018,TCGA-FF-8042-01A,TCGA-FF-8042-01A,1.0,0.0,0.0,0.0,0.0
9,93564766,+,18,65250894,+,DLBC,1019,TCGA-FF-8042-01A,TCGA-FF-8042-01A,1.0,0.0,0.0,0.0,0.0
9,93577411,-,18,44506995,+,DLBC,1020,TCGA-FF-8042-01A,TCGA-FF-8042-01A,1.0,0.0,0.0,0.0,0.0
9,116289784,+,9,116290720,-,DLBC,1021,TCGA-FF-8042-01A,TCGA-FF-8042-01A,1.0,0.0,0.0,0.0,0.0
9,122025767,+,9,122027029,-,DLBC,1022,TCGA-FF-8042-01A,TCGA-FF-8042-01A,1.0,0.0,0.0,0.0,0.0
23,102970156,+,23,103016723,-,DLBC,1023,TCGA-FF-8042-01A,TCGA-FF-8042-01A,1.0,0.0,0.0,0.0,0.0
23,116407912,+,23,116409387,-,DLBC,1024,TCGA-FF-8042-01A,TCGA-FF-8042-01A,1.0,0.0,0.0,0.0,0.0
1,51639339,+,1,151430368,+,DLBC,1025,TCGA-FF-8043-01A,TCGA-FF-8043-01A,1.0,0.0,0.0,0.0,0.0
1,51639515,-,1,165597622,+,DLBC,1026,TCGA-FF-8043-01A,TCGA-FF-8043-01A,1.0,0.0,0.0,0.0,0.0
1,51782423,-,1,155533751,+,DLBC,1027,TCGA-FF-8043-01A,TCGA-FF-8043-01A,1.0,0.0,0.0,0.0,0.0
1,99526995,-,1,149427150,-,DLBC,1028,TCGA-FF-8043-01A,TCGA-FF-8043-01A,1.0,0.0,0.0,0.0,0.0
1,99527029,+,1,170894937,-,DLBC,1029,TCGA-FF-8043-01A,TCGA-FF-8043-01A,1.0,0.0,0.0,0.0,0.0
1,151012995,+,1,155371278,+,DLBC,1030,TCGA-FF-8043-01A,TCGA-FF-8043-01A,1.0,0.0,0.0,0.0,0.0
1,151017232,-,1,154277747,-,DLBC,1031,TCGA-FF-8043-01A,TCGA-FF-8043-01A,1.0,0.0,0.0,0.0,0.0
1,151226950,+,1,151230700,-,DLBC,1032,TCGA-FF-8043-01A,TCGA-FF-8043-01A,1.0,0.0,0.0,0.0,0.0
1,151286059,+,1,165597975,-,DLBC,1033,TCGA-FF-8043-01A,TCGA-FF-8043-01A,1.0,0.0,0.0,0.0,0.0
1,151290623,-,1,155533771,-,DLBC,1034,TCGA-FF-8043-01A,TCGA-FF-8043-01A,1.0,0.0,0.0,0.0,0.0
1,155371534,-,1,169397339,-,DLBC,1035,TCGA-FF-8043-01A,TCGA-FF-8043-01A,1.0,0.0,0.0,0.0,0.0
1,169397417,+,1,169397704,+,DLBC,1036,TCGA-FF-8043-01A,TCGA-FF-8043-01A,1.0,0.0,0.0,0.0,0.0
1,223552945,+,1,245218777,-,DLBC,1037,TCGA-FF-8043-01A,TCGA-FF-8043-01A,1.0,0.0,0.0,0.0,0.0
11,52884817,-,11,54273009,+,DLBC,1038,TCGA-FF-8043-01A,TCGA-FF-8043-01A,1.0,0.0,0.0,0.0,0.0
11,54375485,-,11,54389849,+,DLBC,1039,TCGA-FF-8043-01A,TCGA-FF-8043-01A,1.0,0.0,0.0,0.0,0.0
12,10493109,-,12,14144697,-,DLBC,1040,TCGA-FF-8043-01A,TCGA-FF-8043-01A,1.0,0.0,0.0,0.0,0.0
12,11375302,+,12,13949938,-,DLBC,1041,TCGA-FF-8043-01A,TCGA-FF-8043-01A,1.0,0.0,0.0,0.0,0.0
12,13818360,-,12,14315947,-,DLBC,1042,TCGA-FF-8043-01A,TCGA-FF-8043-01A,1.0,0.0,0.0,0.0,0.0
12,13949364,+,12,13951044,+,DLBC,1043,TCGA-FF-8043-01A,TCGA-FF-8043-01A,1.0,0.0,0.0,0.0,0.0
12,14345921,+,12,79861736,-,DLBC,1044,TCGA-FF-8043-01A,TCGA-FF-8043-01A,1.0,0.0,0.0,0.0,0.0
12,44021634,-,12,52637430,-,DLBC,1045,TCGA-FF-8043-01A,TCGA-FF-8043-01A,1.0,0.0,0.0,0.0,0.0
12,50434972,-,23,125680476,-,DLBC,1046,TCGA-FF-8043-01A,TCGA-FF-8043-01A,1.0,0.0,0.0,0.0,0.0
12,56543770,-,12,56557857,+,DLBC,1047,TCGA-FF-8043-01A,TCGA-FF-8043-01A,1.0,0.0,0.0,0.0,0.0
12,71146448,-,12,71147522,-,DLBC,1048,TCGA-FF-8043-01A,TCGA-FF-8043-01A,1.0,0.0,0.0,0.0,0.0
12,73859840,+,12,74075312,-,DLBC,1049,TCGA-FF-8043-01A,TCGA-FF-8043-01A,1.0,0.0,0.0,0.0,0.0
12,75270872,-,12,88906815,+,DLBC,1050,TCGA-FF-8043-01A,TCGA-FF-8043-01A,1.0,0.0,0.0,0.0,0.0
12,79879411,+,12,88486501,-,DLBC,1051,TCGA-FF-8043-01A,TCGA-FF-8043-01A,1.0,0.0,0.0,0.0,0.0
13,48177214,+,13,50841073,-,DLBC,1052,TCGA-FF-8043-01A,TCGA-FF-8043-01A,1.0,0.0,0.0,0.0,0.0
13,48563517,-,23,139070862,+,DLBC,1053,TCGA-FF-8043-01A,TCGA-FF-8043-01A,1.0,0.0,0.0,0.0,0.0
13,48609700,+,13,50365295,+,DLBC,1054,TCGA-FF-8043-01A,TCGA-FF-8043-01A,1.0,0.0,0.0,0.0,0.0
13,50324865,-,23,139914054,-,DLBC,1055,TCGA-FF-8043-01A,TCGA-FF-8043-01A,1.0,0.0,0.0,0.0,0.0
13,85564954,+,13,85566574,-,DLBC,1056,TCGA-FF-8043-01A,TCGA-FF-8043-01A,1.0,0.0,0.0,0.0,0.0
14,105589280,+,14,105773866,-,DLBC,1057,TCGA-FF-8043-01A,TCGA-FF-8043-01A,1.0,0.0,0.0,0.0,0.0
14,105864248,+,14,106062149,-,DLBC,1058,TCGA-FF-8043-01A,TCGA-FF-8043-01A,1.0,0.0,0.0,0.0,0.0
15,57361405,+,15,57423167,-,DLBC,1059,TCGA-FF-8043-01A,TCGA-FF-8043-01A,1.0,0.0,0.0,0.0,0.0
16,2025018,-,16,4997233,-,DLBC,1060,TCGA-FF-8043-01A,TCGA-FF-8043-01A,1.0,0.0,0.0,0.0,0.0
16,2456493,+,16,11551822,-,DLBC,1061,TCGA-FF-8043-01A,TCGA-FF-8043-01A,1.0,0.0,0.0,0.0,0.0
16,2457294,-,16,25327862,+,DLBC,1062,TCGA-FF-8043-01A,TCGA-FF-8043-01A,1.0,0.0,0.0,0.0,0.0
16,2833454,+,16,27896783,-,DLBC,1063,TCGA-FF-8043-01A,TCGA-FF-8043-01A,1.0,0.0,0.0,0.0,0.0
16,5338412,-,16,21521462,+,DLBC,1064,TCGA-FF-8043-01A,TCGA-FF-8043-01A,1.0,0.0,0.0,0.0,0.0
16,11576706,+,16,12348300,+,DLBC,1065,TCGA-FF-8043-01A,TCGA-FF-8043-01A,1.0,0.0,0.0,0.0,0.0
16,11588514,-,16,21521895,-,DLBC,1066,TCGA-FF-8043-01A,TCGA-FF-8043-01A,1.0,0.0,0.0,0.0,0.0
16,11633394,+,16,15340088,-,DLBC,1067,TCGA-FF-8043-01A,TCGA-FF-8043-01A,1.0,0.0,0.0,0.0,0.0
16,13113595,-,16,19178884,-,DLBC,1068,TCGA-FF-8043-01A,TCGA-FF-8043-01A,1.0,0.0,0.0,0.0,0.0
16,16069346,+,16,19548071,+,DLBC,1069,TCGA-FF-8043-01A,TCGA-FF-8043-01A,1.0,0.0,0.0,0.0,0.0
16,17122488,-,16,18917974,-,DLBC,1070,TCGA-FF-8043-01A,TCGA-FF-8043-01A,1.0,0.0,0.0,0.0,0.0
16,17306729,+,16,28472650,-,DLBC,1071,TCGA-FF-8043-01A,TCGA-FF-8043-01A,1.0,0.0,0.0,0.0,0.0
16,17384575,+,16,30614220,-,DLBC,1072,TCGA-FF-8043-01A,TCGA-FF-8043-01A,1.0,0.0,0.0,0.0,0.0
16,17623369,-,16,28608305,+,DLBC,1073,TCGA-FF-8043-01A,TCGA-FF-8043-01A,1.0,0.0,0.0,0.0,0.0
16,17795425,+,16,30062051,-,DLBC,1074,TCGA-FF-8043-01A,TCGA-FF-8043-01A,1.0,0.0,0.0,0.0,0.0
16,17800611,-,16,18924828,-,DLBC,1075,TCGA-FF-8043-01A,TCGA-FF-8043-01A,1.0,0.0,0.0,0.0,0.0
16,18918368,+,16,30714731,+,DLBC,1076,TCGA-FF-8043-01A,TCGA-FF-8043-01A,1.0,0.0,0.0,0.0,0.0
16,18918368,+,16,30715350,-,DLBC,1077,TCGA-FF-8043-01A,TCGA-FF-8043-01A,1.0,0.0,0.0,0.0,0.0
16,19176677,+,16,22963865,-,DLBC,1078,TCGA-FF-8043-01A,TCGA-FF-8043-01A,1.0,0.0,0.0,0.0,0.0
16,19452305,-,16,30636278,-,DLBC,1079,TCGA-FF-8043-01A,TCGA-FF-8043-01A,1.0,0.0,0.0,0.0,0.0
16,19452629,-,16,21318487,-,DLBC,1080,TCGA-FF-8043-01A,TCGA-FF-8043-01A,1.0,0.0,0.0,0.0,0.0
16,19485935,+,16,19487419,+,DLBC,1081,TCGA-FF-8043-01A,TCGA-FF-8043-01A,1.0,0.0,0.0,0.0,0.0
16,19486408,-,16,19487667,-,DLBC,1082,TCGA-FF-8043-01A,TCGA-FF-8043-01A,1.0,0.0,0.0,0.0,0.0
16,21155192,+,16,28610293,-,DLBC,1083,TCGA-FF-8043-01A,TCGA-FF-8043-01A,1.0,0.0,0.0,0.0,0.0
16,21361112,+,16,30600636,+,DLBC,1084,TCGA-FF-8043-01A,TCGA-FF-8043-01A,1.0,0.0,0.0,0.0,0.0
16,21528036,+,16,31382589,+,DLBC,1085,TCGA-FF-8043-01A,TCGA-FF-8043-01A,1.0,0.0,0.0,0.0,0.0
16,22815591,+,16,22816605,-,DLBC,1086,TCGA-FF-8043-01A,TCGA-FF-8043-01A,1.0,0.0,0.0,0.0,0.0
16,22961946,+,16,30151999,+,DLBC,1087,TCGA-FF-8043-01A,TCGA-FF-8043-01A,1.0,0.0,0.0,0.0,0.0
16,29340292,+,16,30600636,+,DLBC,1088,TCGA-FF-8043-01A,TCGA-FF-8043-01A,1.0,0.0,0.0,0.0,0.0
16,30141140,+,16,30568887,-,DLBC,1089,TCGA-FF-8043-01A,TCGA-FF-8043-01A,1.0,0.0,0.0,0.0,0.0
16,30141354,-,16,30612697,+,DLBC,1090,TCGA-FF-8043-01A,TCGA-FF-8043-01A,1.0,0.0,0.0,0.0,0.0
16,30141374,-,16,30562911,-,DLBC,1091,TCGA-FF-8043-01A,TCGA-FF-8043-01A,1.0,0.0,0.0,0.0,0.0
16,30172352,-,16,30563638,+,DLBC,1092,TCGA-FF-8043-01A,TCGA-FF-8043-01A,1.0,0.0,0.0,0.0,0.0
16,30174416,-,16,30572697,-,DLBC,1093,TCGA-FF-8043-01A,TCGA-FF-8043-01A,1.0,0.0,0.0,0.0,0.0
16,30513233,-,16,30568971,-,DLBC,1094,TCGA-FF-8043-01A,TCGA-FF-8043-01A,1.0,0.0,0.0,0.0,0.0
16,30559064,+,16,30572974,+,DLBC,1095,TCGA-FF-8043-01A,TCGA-FF-8043-01A,1.0,0.0,0.0,0.0,0.0
16,30601417,-,16,30635721,+,DLBC,1096,TCGA-FF-8043-01A,TCGA-FF-8043-01A,1.0,0.0,0.0,0.0,0.0
16,30606988,+,16,30746007,+,DLBC,1097,TCGA-FF-8043-01A,TCGA-FF-8043-01A,1.0,0.0,0.0,0.0,0.0
16,30685046,+,16,31354524,-,DLBC,1098,TCGA-FF-8043-01A,TCGA-FF-8043-01A,1.0,0.0,0.0,0.0,0.0
16,35630725,-,16,35633057,-,DLBC,1099,TCGA-FF-8043-01A,TCGA-FF-8043-01A,1.0,0.0,0.0,0.0,0.0
16,36348178,-,16,37701014,+,DLBC,1100,TCGA-FF-8043-01A,TCGA-FF-8043-01A,1.0,0.0,0.0,0.0,0.0
17,10941523,-,17,10943894,-,DLBC,1101,TCGA-FF-8043-01A,TCGA-FF-8043-01A,1.0,0.0,0.0,0.0,0.0
18,15473087,+,18,15699490,-,DLBC,1102,TCGA-FF-8043-01A,TCGA-FF-8043-01A,1.0,0.0,0.0,0.0,0.0
18,15485175,+,18,15550216,-,DLBC,1103,TCGA-FF-8043-01A,TCGA-FF-8043-01A,1.0,0.0,0.0,0.0,0.0
18,15791643,-,18,18038721,+,DLBC,1104,TCGA-FF-8043-01A,TCGA-FF-8043-01A,1.0,0.0,0.0,0.0,0.0
2,60476973,-,2,60478929,-,DLBC,1105,TCGA-FF-8043-01A,TCGA-FF-8043-01A,1.0,0.0,0.0,0.0,0.0
2,60526753,-,2,66777870,-,DLBC,1106,TCGA-FF-8043-01A,TCGA-FF-8043-01A,1.0,0.0,0.0,0.0,0.0
2,60763390,-,2,62017589,-,DLBC,1107,TCGA-FF-8043-01A,TCGA-FF-8043-01A,1.0,0.0,0.0,0.0,0.0
2,60919516,+,2,62504258,-,DLBC,1108,TCGA-FF-8043-01A,TCGA-FF-8043-01A,1.0,0.0,0.0,0.0,0.0
2,61059642,-,2,61319147,-,DLBC,1109,TCGA-FF-8043-01A,TCGA-FF-8043-01A,1.0,0.0,0.0,0.0,0.0
2,61247085,+,2,62632395,+,DLBC,1110,TCGA-FF-8043-01A,TCGA-FF-8043-01A,1.0,0.0,0.0,0.0,0.0
2,61790589,+,2,86943634,+,DLBC,1111,TCGA-FF-8043-01A,TCGA-FF-8043-01A,1.0,0.0,0.0,0.0,0.0
2,61895008,-,2,61900953,-,DLBC,1112,TCGA-FF-8043-01A,TCGA-FF-8043-01A,1.0,0.0,0.0,0.0,0.0
2,61912329,-,2,62214343,-,DLBC,1113,TCGA-FF-8043-01A,TCGA-FF-8043-01A,1.0,0.0,0.0,0.0,0.0
2,61951414,-,2,62189708,-,DLBC,1114,TCGA-FF-8043-01A,TCGA-FF-8043-01A,1.0,0.0,0.0,0.0,0.0
2,61994983,+,2,62321021,+,DLBC,1115,TCGA-FF-8043-01A,TCGA-FF-8043-01A,1.0,0.0,0.0,0.0,0.0
2,62046067,-,2,62082505,-,DLBC,1116,TCGA-FF-8043-01A,TCGA-FF-8043-01A,1.0,0.0,0.0,0.0,0.0
2,62131595,+,2,62262775,-,DLBC,1117,TCGA-FF-8043-01A,TCGA-FF-8043-01A,1.0,0.0,0.0,0.0,0.0
2,62204398,-,20,31504954,-,DLBC,1118,TCGA-FF-8043-01A,TCGA-FF-8043-01A,1.0,0.0,0.0,0.0,0.0
2,62273134,+,2,85249293,-,DLBC,1119,TCGA-FF-8043-01A,TCGA-FF-8043-01A,1.0,0.0,0.0,0.0,0.0
2,62375116,+,2,62389144,-,DLBC,1120,TCGA-FF-8043-01A,TCGA-FF-8043-01A,1.0,0.0,0.0,0.0,0.0
2,62375116,+,2,62389718,+,DLBC,1121,TCGA-FF-8043-01A,TCGA-FF-8043-01A,1.0,0.0,0.0,0.0,0.0
2,62378809,+,2,62390794,-,DLBC,1122,TCGA-FF-8043-01A,TCGA-FF-8043-01A,1.0,0.0,0.0,0.0,0.0
2,62947042,-,2,67761933,+,DLBC,1123,TCGA-FF-8043-01A,TCGA-FF-8043-01A,1.0,0.0,0.0,0.0,0.0
2,62969583,-,2,123587596,+,DLBC,1124,TCGA-FF-8043-01A,TCGA-FF-8043-01A,1.0,0.0,0.0,0.0,0.0
2,63149073,+,2,63449945,-,DLBC,1125,TCGA-FF-8043-01A,TCGA-FF-8043-01A,1.0,0.0,0.0,0.0,0.0
2,63237254,-,2,64286974,+,DLBC,1126,TCGA-FF-8043-01A,TCGA-FF-8043-01A,1.0,0.0,0.0,0.0,0.0
2,63924233,+,2,85806200,-,DLBC,1127,TCGA-FF-8043-01A,TCGA-FF-8043-01A,1.0,0.0,0.0,0.0,0.0
2,64415624,+,2,85809821,+,DLBC,1128,TCGA-FF-8043-01A,TCGA-FF-8043-01A,1.0,0.0,0.0,0.0,0.0
2,64424800,-,2,65400894,-,DLBC,1129,TCGA-FF-8043-01A,TCGA-FF-8043-01A,1.0,0.0,0.0,0.0,0.0
2,64653957,-,20,31504549,+,DLBC,1130,TCGA-FF-8043-01A,TCGA-FF-8043-01A,1.0,0.0,0.0,0.0,0.0
2,65219572,-,2,65948072,-,DLBC,1131,TCGA-FF-8043-01A,TCGA-FF-8043-01A,1.0,0.0,0.0,0.0,0.0
2,87219502,+,20,59855017,-,DLBC,1132,TCGA-FF-8043-01A,TCGA-FF-8043-01A,1.0,0.0,0.0,0.0,0.0
2,88861922,+,2,89142578,-,DLBC,1133,TCGA-FF-8043-01A,TCGA-FF-8043-01A,1.0,0.0,0.0,0.0,0.0
2,94584372,-,2,107446188,-,DLBC,1134,TCGA-FF-8043-01A,TCGA-FF-8043-01A,1.0,0.0,0.0,0.0,0.0
2,109133028,-,20,31913443,+,DLBC,1135,TCGA-FF-8043-01A,TCGA-FF-8043-01A,1.0,0.0,0.0,0.0,0.0
2,163517111,-,13,60893179,+,DLBC,1136,TCGA-FF-8043-01A,TCGA-FF-8043-01A,1.0,0.0,0.0,0.0,0.0
2,202708961,+,2,203031136,-,DLBC,1137,TCGA-FF-8043-01A,TCGA-FF-8043-01A,1.0,0.0,0.0,0.0,0.0
20,17191532,-,20,17794739,+,DLBC,1138,TCGA-FF-8043-01A,TCGA-FF-8043-01A,1.0,0.0,0.0,0.0,0.0
20,41462495,+,20,41465868,-,DLBC,1139,TCGA-FF-8043-01A,TCGA-FF-8043-01A,1.0,0.0,0.0,0.0,0.0
3,46607351,+,16,19486408,-,DLBC,1140,TCGA-FF-8043-01A,TCGA-FF-8043-01A,1.0,0.0,0.0,0.0,0.0
3,77314753,+,3,77323068,+,DLBC,1141,TCGA-FF-8043-01A,TCGA-FF-8043-01A,1.0,0.0,0.0,0.0,0.0
4,63210939,+,8,81227917,-,DLBC,1142,TCGA-FF-8043-01A,TCGA-FF-8043-01A,1.0,0.0,0.0,0.0,0.0
6,307619,+,16,6483199,+,DLBC,1143,TCGA-FF-8043-01A,TCGA-FF-8043-01A,1.0,0.0,0.0,0.0,0.0
6,2717106,-,6,2970074,+,DLBC,1144,TCGA-FF-8043-01A,TCGA-FF-8043-01A,1.0,0.0,0.0,0.0,0.0
7,50035793,+,7,50037686,-,DLBC,1145,TCGA-FF-8043-01A,TCGA-FF-8043-01A,1.0,0.0,0.0,0.0,0.0
7,73496728,-,10,96984105,-,DLBC,1146,TCGA-FF-8043-01A,TCGA-FF-8043-01A,1.0,0.0,0.0,0.0,0.0
7,73497121,+,10,96984060,+,DLBC,1147,TCGA-FF-8043-01A,TCGA-FF-8043-01A,1.0,0.0,0.0,0.0,0.0
7,102474541,+,7,102480085,-,DLBC,1148,TCGA-FF-8043-01A,TCGA-FF-8043-01A,1.0,0.0,0.0,0.0,0.0
1,123124700,+,1,123237858,-,DLBC,1149,TCGA-FF-8046-01A,TCGA-FF-8046-01A,1.0,0.0,0.0,0.0,0.0
1,216753196,+,5,8423317,-,DLBC,1150,TCGA-FF-8046-01A,TCGA-FF-8046-01A,1.0,0.0,0.0,0.0,0.0
10,61920545,-,10,61926722,+,DLBC,1151,TCGA-FF-8046-01A,TCGA-FF-8046-01A,1.0,0.0,0.0,0.0,0.0
10,76771876,-,19,33157739,+,DLBC,1152,TCGA-FF-8046-01A,TCGA-FF-8046-01A,1.0,0.0,0.0,0.0,0.0
12,36103057,-,12,36515456,+,DLBC,1153,TCGA-FF-8046-01A,TCGA-FF-8046-01A,1.0,0.0,0.0,0.0,0.0
12,50779178,+,24,2891916,-,DLBC,1154,TCGA-FF-8046-01A,TCGA-FF-8046-01A,1.0,0.0,0.0,0.0,0.0
13,16400305,-,13,16825203,+,DLBC,1155,TCGA-FF-8046-01A,TCGA-FF-8046-01A,1.0,0.0,0.0,0.0,0.0
13,67823178,+,15,44418060,-,DLBC,1156,TCGA-FF-8046-01A,TCGA-FF-8046-01A,1.0,0.0,0.0,0.0,0.0
14,103383865,+,14,103411000,-,DLBC,1157,TCGA-FF-8046-01A,TCGA-FF-8046-01A,1.0,0.0,0.0,0.0,0.0
14,105863251,+,14,105884870,-,DLBC,1158,TCGA-FF-8046-01A,TCGA-FF-8046-01A,1.0,0.0,0.0,0.0,0.0
15,31753722,-,23,94647037,+,DLBC,1159,TCGA-FF-8046-01A,TCGA-FF-8046-01A,1.0,0.0,0.0,0.0,0.0
15,75405057,+,15,75483709,-,DLBC,1160,TCGA-FF-8046-01A,TCGA-FF-8046-01A,1.0,0.0,0.0,0.0,0.0
2,203339008,+,9,25047979,+,DLBC,1161,TCGA-FF-8046-01A,TCGA-FF-8046-01A,1.0,0.0,0.0,0.0,0.0
22,22713200,+,22,22893781,-,DLBC,1162,TCGA-FF-8046-01A,TCGA-FF-8046-01A,1.0,0.0,0.0,0.0,0.0
4,3934118,-,4,9712007,-,DLBC,1163,TCGA-FF-8046-01A,TCGA-FF-8046-01A,1.0,0.0,0.0,0.0,0.0
4,53923793,+,16,56084004,+,DLBC,1164,TCGA-FF-8046-01A,TCGA-FF-8046-01A,1.0,0.0,0.0,0.0,0.0
4,130945989,-,4,130977261,+,DLBC,1165,TCGA-FF-8046-01A,TCGA-FF-8046-01A,1.0,0.0,0.0,0.0,0.0
6,74731606,+,6,96102314,-,DLBC,1166,TCGA-FF-8046-01A,TCGA-FF-8046-01A,1.0,0.0,0.0,0.0,0.0
8,127736930,+,14,105857896,-,DLBC,1167,TCGA-FF-8046-01A,TCGA-FF-8046-01A,1.0,0.0,0.0,0.0,0.0
8,127736941,-,14,105857891,+,DLBC,1168,TCGA-FF-8046-01A,TCGA-FF-8046-01A,1.0,0.0,0.0,0.0,0.0
1,19954252,+,1,34134490,-,DLBC,1169,TCGA-FF-8047-01A,TCGA-FF-8047-01A,1.0,0.0,0.0,0.0,0.0
1,36505938,+,1,38090717,-,DLBC,1170,TCGA-FF-8047-01A,TCGA-FF-8047-01A,1.0,0.0,0.0,0.0,0.0
1,54798728,+,1,55591218,-,DLBC,1171,TCGA-FF-8047-01A,TCGA-FF-8047-01A,1.0,0.0,0.0,0.0,0.0
1,54798732,-,1,99677051,+,DLBC,1172,TCGA-FF-8047-01A,TCGA-FF-8047-01A,1.0,0.0,0.0,0.0,0.0
1,54809545,+,1,103068302,+,DLBC,1173,TCGA-FF-8047-01A,TCGA-FF-8047-01A,1.0,0.0,0.0,0.0,0.0
1,54809545,+,1,103068410,-,DLBC,1174,TCGA-FF-8047-01A,TCGA-FF-8047-01A,1.0,0.0,0.0,0.0,0.0
1,114760738,+,1,116536729,-,DLBC,1175,TCGA-FF-8047-01A,TCGA-FF-8047-01A,1.0,0.0,0.0,0.0,0.0
1,116539583,+,1,116545839,-,DLBC,1176,TCGA-FF-8047-01A,TCGA-FF-8047-01A,1.0,0.0,0.0,0.0,0.0
1,121770144,+,1,123912929,-,DLBC,1177,TCGA-FF-8047-01A,TCGA-FF-8047-01A,1.0,0.0,0.0,0.0,0.0
1,124997133,+,1,125002531,-,DLBC,1178,TCGA-FF-8047-01A,TCGA-FF-8047-01A,1.0,0.0,0.0,0.0,0.0
1,152757598,+,1,153681661,-,DLBC,1179,TCGA-FF-8047-01A,TCGA-FF-8047-01A,1.0,0.0,0.0,0.0,0.0
1,220224606,+,1,220225541,+,DLBC,1180,TCGA-FF-8047-01A,TCGA-FF-8047-01A,1.0,0.0,0.0,0.0,0.0
1,247248962,+,8,20575884,-,DLBC,1181,TCGA-FF-8047-01A,TCGA-FF-8047-01A,1.0,0.0,0.0,0.0,0.0
12,19903070,+,12,20086107,-,DLBC,1182,TCGA-FF-8047-01A,TCGA-FF-8047-01A,1.0,0.0,0.0,0.0,0.0
12,74861965,+,12,74865746,-,DLBC,1183,TCGA-FF-8047-01A,TCGA-FF-8047-01A,1.0,0.0,0.0,0.0,0.0
13,16358158,-,13,17149211,+,DLBC,1184,TCGA-FF-8047-01A,TCGA-FF-8047-01A,1.0,0.0,0.0,0.0,0.0
13,19636121,-,14,74827929,+,DLBC,1185,TCGA-FF-8047-01A,TCGA-FF-8047-01A,1.0,0.0,0.0,0.0,0.0
13,31423397,+,13,31424981,-,DLBC,1186,TCGA-FF-8047-01A,TCGA-FF-8047-01A,1.0,0.0,0.0,0.0,0.0
14,35118565,+,14,35120082,-,DLBC,1187,TCGA-FF-8047-01A,TCGA-FF-8047-01A,1.0,0.0,0.0,0.0,0.0
14,105864259,+,14,106606115,+,DLBC,1188,TCGA-FF-8047-01A,TCGA-FF-8047-01A,1.0,0.0,0.0,0.0,0.0
14,105904683,+,14,106606115,+,DLBC,1189,TCGA-FF-8047-01A,TCGA-FF-8047-01A,1.0,0.0,0.0,0.0,0.0
14,105904684,-,14,106606105,-,DLBC,1190,TCGA-FF-8047-01A,TCGA-FF-8047-01A,1.0,0.0,0.0,0.0,0.0
17,7560841,+,17,7560980,+,DLBC,1191,TCGA-FF-8047-01A,TCGA-FF-8047-01A,1.0,0.0,0.0,0.0,0.0
17,7560842,-,17,10020597,-,DLBC,1192,TCGA-FF-8047-01A,TCGA-FF-8047-01A,1.0,0.0,0.0,0.0,0.0
17,7560892,+,17,10020606,-,DLBC,1193,TCGA-FF-8047-01A,TCGA-FF-8047-01A,1.0,0.0,0.0,0.0,0.0
17,48549055,+,17,48568589,+,DLBC,1194,TCGA-FF-8047-01A,TCGA-FF-8047-01A,1.0,0.0,0.0,0.0,0.0
17,48555509,-,17,67371051,+,DLBC,1195,TCGA-FF-8047-01A,TCGA-FF-8047-01A,1.0,0.0,0.0,0.0,0.0
17,48599403,-,17,67371054,-,DLBC,1196,TCGA-FF-8047-01A,TCGA-FF-8047-01A,1.0,0.0,0.0,0.0,0.0
18,13130175,+,18,13151484,-,DLBC,1197,TCGA-FF-8047-01A,TCGA-FF-8047-01A,1.0,0.0,0.0,0.0,0.0
19,2039850,+,19,2226591,-,DLBC,1198,TCGA-FF-8047-01A,TCGA-FF-8047-01A,1.0,0.0,0.0,0.0,0.0
19,7792682,+,19,7797566,-,DLBC,1199,TCGA-FF-8047-01A,TCGA-FF-8047-01A,1.0,0.0,0.0,0.0,0.0
19,19095548,+,19,19173128,-,DLBC,1200,TCGA-FF-8047-01A,TCGA-FF-8047-01A,1.0,0.0,0.0,0.0,0.0
19,33992370,+,19,34044769,-,DLBC,1201,TCGA-FF-8047-01A,TCGA-FF-8047-01A,1.0,0.0,0.0,0.0,0.0
19,56729718,+,19,56752154,-,DLBC,1202,TCGA-FF-8047-01A,TCGA-FF-8047-01A,1.0,0.0,0.0,0.0,0.0
2,88832767,+,2,88859606,-,DLBC,1203,TCGA-FF-8047-01A,TCGA-FF-8047-01A,1.0,0.0,0.0,0.0,0.0
2,88860607,+,2,90154571,+,DLBC,1204,TCGA-FF-8047-01A,TCGA-FF-8047-01A,1.0,0.0,0.0,0.0,0.0
2,139836684,+,2,150151636,-,DLBC,1205,TCGA-FF-8047-01A,TCGA-FF-8047-01A,1.0,0.0,0.0,0.0,0.0
22,28223677,+,22,28229309,-,DLBC,1206,TCGA-FF-8047-01A,TCGA-FF-8047-01A,1.0,0.0,0.0,0.0,0.0
22,49105049,+,22,49896316,-,DLBC,1207,TCGA-FF-8047-01A,TCGA-FF-8047-01A,1.0,0.0,0.0,0.0,0.0
3,45962881,+,3,45964844,-,DLBC,1208,TCGA-FF-8047-01A,TCGA-FF-8047-01A,1.0,0.0,0.0,0.0,0.0
3,89020315,+,10,57765128,+,DLBC,1209,TCGA-FF-8047-01A,TCGA-FF-8047-01A,1.0,0.0,0.0,0.0,0.0
3,90890307,+,3,90951306,-,DLBC,1210,TCGA-FF-8047-01A,TCGA-FF-8047-01A,1.0,0.0,0.0,0.0,0.0
3,187744805,+,14,105860559,-,DLBC,1211,TCGA-FF-8047-01A,TCGA-FF-8047-01A,1.0,0.0,0.0,0.0,0.0
3,187744825,-,14,105860549,+,DLBC,1212,TCGA-FF-8047-01A,TCGA-FF-8047-01A,1.0,0.0,0.0,0.0,0.0
5,18270051,+,5,18271163,-,DLBC,1213,TCGA-FF-8047-01A,TCGA-FF-8047-01A,1.0,0.0,0.0,0.0,0.0
5,33848656,+,5,40569451,+,DLBC,1214,TCGA-FF-8047-01A,TCGA-FF-8047-01A,1.0,0.0,0.0,0.0,0.0
5,34131928,-,5,40666167,-,DLBC,1215,TCGA-FF-8047-01A,TCGA-FF-8047-01A,1.0,0.0,0.0,0.0,0.0
5,49881078,-,5,49929558,+,DLBC,1216,TCGA-FF-8047-01A,TCGA-FF-8047-01A,1.0,0.0,0.0,0.0,0.0
5,52196548,+,5,52254851,-,DLBC,1217,TCGA-FF-8047-01A,TCGA-FF-8047-01A,1.0,0.0,0.0,0.0,0.0
5,106119115,+,5,106123414,-,DLBC,1218,TCGA-FF-8047-01A,TCGA-FF-8047-01A,1.0,0.0,0.0,0.0,0.0
6,32952896,+,6,32953640,+,DLBC,1219,TCGA-FF-8047-01A,TCGA-FF-8047-01A,1.0,0.0,0.0,0.0,0.0
6,32953343,-,6,32954408,-,DLBC,1220,TCGA-FF-8047-01A,TCGA-FF-8047-01A,1.0,0.0,0.0,0.0,0.0
6,56957933,+,6,56992829,-,DLBC,1221,TCGA-FF-8047-01A,TCGA-FF-8047-01A,1.0,0.0,0.0,0.0,0.0
6,99937679,+,6,107908722,-,DLBC,1222,TCGA-FF-8047-01A,TCGA-FF-8047-01A,1.0,0.0,0.0,0.0,0.0
7,55571500,+,7,87709906,+,DLBC,1223,TCGA-FF-8047-01A,TCGA-FF-8047-01A,1.0,0.0,0.0,0.0,0.0
7,137264424,-,7,137266298,+,DLBC,1224,TCGA-FF-8047-01A,TCGA-FF-8047-01A,1.0,0.0,0.0,0.0,0.0
8,45981166,+,8,66741389,-,DLBC,1225,TCGA-FF-8047-01A,TCGA-FF-8047-01A,1.0,0.0,0.0,0.0,0.0
8,95829983,+,8,95839321,-,DLBC,1226,TCGA-FF-8047-01A,TCGA-FF-8047-01A,1.0,0.0,0.0,0.0,0.0
8,112875233,+,8,112882766,-,DLBC,1227,TCGA-FF-8047-01A,TCGA-FF-8047-01A,1.0,0.0,0.0,0.0,0.0
8,127676083,+,14,105773389,-,DLBC,1228,TCGA-FF-8047-01A,TCGA-FF-8047-01A,1.0,0.0,0.0,0.0,0.0
8,127676085,-,14,105745531,+,DLBC,1229,TCGA-FF-8047-01A,TCGA-FF-8047-01A,1.0,0.0,0.0,0.0,0.0
9,21680178,+,9,23518204,-,DLBC,1230,TCGA-FF-8047-01A,TCGA-FF-8047-01A,1.0,0.0,0.0,0.0,0.0
9,21853662,+,9,22911710,-,DLBC,1231,TCGA-FF-8047-01A,TCGA-FF-8047-01A,1.0,0.0,0.0,0.0,0.0
9,23159506,-,15,89352920,-,DLBC,1232,TCGA-FF-8047-01A,TCGA-FF-8047-01A,1.0,0.0,0.0,0.0,0.0
23,12001401,+,23,23559955,+,DLBC,1233,TCGA-FF-8047-01A,TCGA-FF-8047-01A,1.0,0.0,0.0,0.0,0.0
23,53456448,+,23,53469133,-,DLBC,1234,TCGA-FF-8047-01A,TCGA-FF-8047-01A,1.0,0.0,0.0,0.0,0.0
23,77839251,+,23,77871778,-,DLBC,1235,TCGA-FF-8047-01A,TCGA-FF-8047-01A,1.0,0.0,0.0,0.0,0.0
1,14307135,+,1,14307886,-,DLBC,1236,TCGA-FF-8061-01A,TCGA-FF-8061-01A,1.0,0.0,0.0,0.0,0.0
1,111970519,-,1,112080338,+,DLBC,1237,TCGA-FF-8061-01A,TCGA-FF-8061-01A,1.0,0.0,0.0,0.0,0.0
1,121695103,-,1,121938917,+,DLBC,1238,TCGA-FF-8061-01A,TCGA-FF-8061-01A,1.0,0.0,0.0,0.0,0.0
1,164904783,+,1,164905854,-,DLBC,1239,TCGA-FF-8061-01A,TCGA-FF-8061-01A,1.0,0.0,0.0,0.0,0.0
11,131835270,+,11,131855748,-,DLBC,1240,TCGA-FF-8061-01A,TCGA-FF-8061-01A,1.0,0.0,0.0,0.0,0.0
13,90423767,-,13,94455928,+,DLBC,1241,TCGA-FF-8061-01A,TCGA-FF-8061-01A,1.0,0.0,0.0,0.0,0.0
14,105588080,+,14,105590497,-,DLBC,1242,TCGA-FF-8061-01A,TCGA-FF-8061-01A,1.0,0.0,0.0,0.0,0.0
14,105645856,+,14,105862833,-,DLBC,1243,TCGA-FF-8061-01A,TCGA-FF-8061-01A,1.0,0.0,0.0,0.0,0.0
14,105864249,+,14,105894498,-,DLBC,1244,TCGA-FF-8061-01A,TCGA-FF-8061-01A,1.0,0.0,0.0,0.0,0.0
16,78652077,+,16,78674854,-,DLBC,1245,TCGA-FF-8061-01A,TCGA-FF-8061-01A,1.0,0.0,0.0,0.0,0.0
17,76253013,-,17,76256158,+,DLBC,1246,TCGA-FF-8061-01A,TCGA-FF-8061-01A,1.0,0.0,0.0,0.0,0.0
2,20383758,+,4,43609392,+,DLBC,1247,TCGA-FF-8061-01A,TCGA-FF-8061-01A,1.0,0.0,0.0,0.0,0.0
2,21212457,-,4,43012448,+,DLBC,1248,TCGA-FF-8061-01A,TCGA-FF-8061-01A,1.0,0.0,0.0,0.0,0.0
2,24858677,+,2,74911833,-,DLBC,1249,TCGA-FF-8061-01A,TCGA-FF-8061-01A,1.0,0.0,0.0,0.0,0.0
2,26052574,-,4,43203860,-,DLBC,1250,TCGA-FF-8061-01A,TCGA-FF-8061-01A,1.0,0.0,0.0,0.0,0.0
2,58065604,-,2,62471933,+,DLBC,1251,TCGA-FF-8061-01A,TCGA-FF-8061-01A,1.0,0.0,0.0,0.0,0.0
2,73353405,+,4,44235932,-,DLBC,1252,TCGA-FF-8061-01A,TCGA-FF-8061-01A,1.0,0.0,0.0,0.0,0.0
2,74068897,-,2,74084412,+,DLBC,1253,TCGA-FF-8061-01A,TCGA-FF-8061-01A,1.0,0.0,0.0,0.0,0.0
2,88886155,+,18,30494367,-,DLBC,1254,TCGA-FF-8061-01A,TCGA-FF-8061-01A,1.0,0.0,0.0,0.0,0.0
3,60546941,+,3,60751405,-,DLBC,1255,TCGA-FF-8061-01A,TCGA-FF-8061-01A,1.0,0.0,0.0,0.0,0.0
3,83107870,+,3,83108648,-,DLBC,1256,TCGA-FF-8061-01A,TCGA-FF-8061-01A,1.0,0.0,0.0,0.0,0.0
3,90861698,-,3,90892326,+,DLBC,1257,TCGA-FF-8061-01A,TCGA-FF-8061-01A,1.0,0.0,0.0,0.0,0.0
3,188563657,+,3,188565713,-,DLBC,1258,TCGA-FF-8061-01A,TCGA-FF-8061-01A,1.0,0.0,0.0,0.0,0.0
4,129883576,-,4,131904949,+,DLBC,1259,TCGA-FF-8061-01A,TCGA-FF-8061-01A,1.0,0.0,0.0,0.0,0.0
5,23208322,+,5,23215819,+,DLBC,1260,TCGA-FF-8061-01A,TCGA-FF-8061-01A,1.0,0.0,0.0,0.0,0.0
5,23209984,-,5,23215886,-,DLBC,1261,TCGA-FF-8061-01A,TCGA-FF-8061-01A,1.0,0.0,0.0,0.0,0.0
6,121082369,+,6,121147308,-,DLBC,1262,TCGA-FF-8061-01A,TCGA-FF-8061-01A,1.0,0.0,0.0,0.0,0.0
7,111013960,+,7,111085206,-,DLBC,1263,TCGA-FF-8061-01A,TCGA-FF-8061-01A,1.0,0.0,0.0,0.0,0.0
8,44353039,+,8,44556020,-,DLBC,1264,TCGA-FF-8061-01A,TCGA-FF-8061-01A,1.0,0.0,0.0,0.0,0.0
8,120611120,-,8,120717596,+,DLBC,1265,TCGA-FF-8061-01A,TCGA-FF-8061-01A,1.0,0.0,0.0,0.0,0.0
9,33909007,-,15,57266092,-,DLBC,1266,TCGA-FF-8061-01A,TCGA-FF-8061-01A,1.0,0.0,0.0,0.0,0.0
1,21054418,-,5,37012385,-,DLBC,1267,TCGA-FF-8062-01A,TCGA-FF-8062-01A,1.0,0.0,0.0,0.0,0.0
13,40416492,-,23,141368551,+,DLBC,1268,TCGA-FF-8062-01A,TCGA-FF-8062-01A,1.0,0.0,0.0,0.0,0.0
14,105646397,-,14,105860572,-,DLBC,1269,TCGA-FF-8062-01A,TCGA-FF-8062-01A,1.0,0.0,0.0,0.0,0.0
14,105773270,+,14,105860359,-,DLBC,1270,TCGA-FF-8062-01A,TCGA-FF-8062-01A,1.0,0.0,0.0,0.0,0.0
14,105863261,+,14,105894507,-,DLBC,1271,TCGA-FF-8062-01A,TCGA-FF-8062-01A,1.0,0.0,0.0,0.0,0.0
15,92359008,-,15,92434512,+,DLBC,1272,TCGA-FF-8062-01A,TCGA-FF-8062-01A,1.0,0.0,0.0,0.0,0.0
16,29577026,+,16,30316635,-,DLBC,1273,TCGA-FF-8062-01A,TCGA-FF-8062-01A,1.0,0.0,0.0,0.0,0.0
16,62142285,+,16,62142806,-,DLBC,1274,TCGA-FF-8062-01A,TCGA-FF-8062-01A,1.0,0.0,0.0,0.0,0.0
2,35236521,+,11,97299901,-,DLBC,1275,TCGA-FF-8062-01A,TCGA-FF-8062-01A,1.0,0.0,0.0,0.0,0.0
2,35236666,-,11,97300073,+,DLBC,1276,TCGA-FF-8062-01A,TCGA-FF-8062-01A,1.0,0.0,0.0,0.0,0.0
2,47813721,+,2,47841903,-,DLBC,1277,TCGA-FF-8062-01A,TCGA-FF-8062-01A,1.0,0.0,0.0,0.0,0.0
2,121557426,-,5,69222013,+,DLBC,1278,TCGA-FF-8062-01A,TCGA-FF-8062-01A,1.0,0.0,0.0,0.0,0.0
20,26482024,+,20,26570700,-,DLBC,1279,TCGA-FF-8062-01A,TCGA-FF-8062-01A,1.0,0.0,0.0,0.0,0.0
20,30008956,+,20,30023239,-,DLBC,1280,TCGA-FF-8062-01A,TCGA-FF-8062-01A,1.0,0.0,0.0,0.0,0.0
21,46518407,-,21,46518539,-,DLBC,1281,TCGA-FF-8062-01A,TCGA-FF-8062-01A,1.0,0.0,0.0,0.0,0.0
21,46518550,+,21,46518978,-,DLBC,1282,TCGA-FF-8062-01A,TCGA-FF-8062-01A,1.0,0.0,0.0,0.0,0.0
4,107668776,-,8,32407307,-,DLBC,1283,TCGA-FF-8062-01A,TCGA-FF-8062-01A,1.0,0.0,0.0,0.0,0.0
5,10759714,+,5,10762419,-,DLBC,1284,TCGA-FF-8062-01A,TCGA-FF-8062-01A,1.0,0.0,0.0,0.0,0.0
5,49996517,-,5,50018833,+,DLBC,1285,TCGA-FF-8062-01A,TCGA-FF-8062-01A,1.0,0.0,0.0,0.0,0.0
5,79903455,-,21,46518972,+,DLBC,1286,TCGA-FF-8062-01A,TCGA-FF-8062-01A,1.0,0.0,0.0,0.0,0.0
5,79903696,+,21,46517646,+,DLBC,1287,TCGA-FF-8062-01A,TCGA-FF-8062-01A,1.0,0.0,0.0,0.0,0.0
8,23220464,-,8,23221592,-,DLBC,1288,TCGA-FF-8062-01A,TCGA-FF-8062-01A,1.0,0.0,0.0,0.0,0.0
23,80336658,+,23,80338945,-,DLBC,1289,TCGA-FF-8062-01A,TCGA-FF-8062-01A,1.0,0.0,0.0,0.0,0.0
1,92768683,-,1,93025353,+,DLBC,1290,TCGA-FF-A7CW-01A,TCGA-FF-A7CW-01A,1.0,0.0,0.0,0.0,0.0
11,65529837,-,11,65778636,+,DLBC,1291,TCGA-FF-A7CW-01A,TCGA-FF-A7CW-01A,1.0,0.0,0.0,0.0,0.0
11,128333483,-,11,128674354,+,DLBC,1292,TCGA-FF-A7CW-01A,TCGA-FF-A7CW-01A,1.0,0.0,0.0,0.0,0.0
12,24876220,+,12,42142076,-,DLBC,1293,TCGA-FF-A7CW-01A,TCGA-FF-A7CW-01A,1.0,0.0,0.0,0.0,0.0
13,16671855,+,13,16703139,-,DLBC,1294,TCGA-FF-A7CW-01A,TCGA-FF-A7CW-01A,1.0,0.0,0.0,0.0,0.0
14,105627647,+,14,105858617,-,DLBC,1295,TCGA-FF-A7CW-01A,TCGA-FF-A7CW-01A,1.0,0.0,0.0,0.0,0.0
14,105864261,+,14,105897956,-,DLBC,1296,TCGA-FF-A7CW-01A,TCGA-FF-A7CW-01A,1.0,0.0,0.0,0.0,0.0
14,105864636,+,14,106235058,-,DLBC,1297,TCGA-FF-A7CW-01A,TCGA-FF-A7CW-01A,1.0,0.0,0.0,0.0,0.0
15,54647142,-,18,25887727,+,DLBC,1298,TCGA-FF-A7CW-01A,TCGA-FF-A7CW-01A,1.0,0.0,0.0,0.0,0.0
16,50152216,+,16,50153298,-,DLBC,1299,TCGA-FF-A7CW-01A,TCGA-FF-A7CW-01A,1.0,0.0,0.0,0.0,0.0
17,56536838,+,17,58604588,-,DLBC,1300,TCGA-FF-A7CW-01A,TCGA-FF-A7CW-01A,1.0,0.0,0.0,0.0,0.0
18,36373069,+,18,36374360,-,DLBC,1301,TCGA-FF-A7CW-01A,TCGA-FF-A7CW-01A,1.0,0.0,0.0,0.0,0.0
18,39781767,-,18,39802445,+,DLBC,1302,TCGA-FF-A7CW-01A,TCGA-FF-A7CW-01A,1.0,0.0,0.0,0.0,0.0
19,1010293,-,19,1407740,+,DLBC,1303,TCGA-FF-A7CW-01A,TCGA-FF-A7CW-01A,1.0,0.0,0.0,0.0,0.0
19,10734552,-,19,10790598,+,DLBC,1304,TCGA-FF-A7CW-01A,TCGA-FF-A7CW-01A,1.0,0.0,0.0,0.0,0.0
19,49777659,+,19,49891020,-,DLBC,1305,TCGA-FF-A7CW-01A,TCGA-FF-A7CW-01A,1.0,0.0,0.0,0.0,0.0
2,82630676,-,2,84092790,+,DLBC,1306,TCGA-FF-A7CW-01A,TCGA-FF-A7CW-01A,1.0,0.0,0.0,0.0,0.0
2,84862839,+,2,84988911,-,DLBC,1307,TCGA-FF-A7CW-01A,TCGA-FF-A7CW-01A,1.0,0.0,0.0,0.0,0.0
2,88861923,-,2,89085176,+,DLBC,1308,TCGA-FF-A7CW-01A,TCGA-FF-A7CW-01A,1.0,0.0,0.0,0.0,0.0
2,88886155,-,2,89234187,-,DLBC,1309,TCGA-FF-A7CW-01A,TCGA-FF-A7CW-01A,1.0,0.0,0.0,0.0,0.0
22,22026553,+,22,22904987,-,DLBC,1310,TCGA-FF-A7CW-01A,TCGA-FF-A7CW-01A,1.0,0.0,0.0,0.0,0.0
3,60414328,+,3,60569438,-,DLBC,1311,TCGA-FF-A7CW-01A,TCGA-FF-A7CW-01A,1.0,0.0,0.0,0.0,0.0
3,60492016,+,3,60687094,-,DLBC,1312,TCGA-FF-A7CW-01A,TCGA-FF-A7CW-01A,1.0,0.0,0.0,0.0,0.0
3,60772156,+,3,60805885,-,DLBC,1313,TCGA-FF-A7CW-01A,TCGA-FF-A7CW-01A,1.0,0.0,0.0,0.0,0.0
3,90993744,+,3,91066736,-,DLBC,1314,TCGA-FF-A7CW-01A,TCGA-FF-A7CW-01A,1.0,0.0,0.0,0.0,0.0
4,107755484,-,4,108666527,+,DLBC,1315,TCGA-FF-A7CW-01A,TCGA-FF-A7CW-01A,1.0,0.0,0.0,0.0,0.0
4,188582514,-,4,188634989,+,DLBC,1316,TCGA-FF-A7CW-01A,TCGA-FF-A7CW-01A,1.0,0.0,0.0,0.0,0.0
6,41357686,+,9,29975096,+,DLBC,1317,TCGA-FF-A7CW-01A,TCGA-FF-A7CW-01A,1.0,0.0,0.0,0.0,0.0
6,67571472,-,6,107022416,-,DLBC,1318,TCGA-FF-A7CW-01A,TCGA-FF-A7CW-01A,1.0,0.0,0.0,0.0,0.0
6,75282782,+,6,75285083,-,DLBC,1319,TCGA-FF-A7CW-01A,TCGA-FF-A7CW-01A,1.0,0.0,0.0,0.0,0.0
6,75347390,-,6,107021906,+,DLBC,1320,TCGA-FF-A7CW-01A,TCGA-FF-A7CW-01A,1.0,0.0,0.0,0.0,0.0
6,75749669,+,6,113759161,-,DLBC,1321,TCGA-FF-A7CW-01A,TCGA-FF-A7CW-01A,1.0,0.0,0.0,0.0,0.0
6,105411487,+,6,106296832,-,DLBC,1322,TCGA-FF-A7CW-01A,TCGA-FF-A7CW-01A,1.0,0.0,0.0,0.0,0.0
6,106294625,-,6,120029057,-,DLBC,1323,TCGA-FF-A7CW-01A,TCGA-FF-A7CW-01A,1.0,0.0,0.0,0.0,0.0
6,106296696,+,6,119113256,+,DLBC,1324,TCGA-FF-A7CW-01A,TCGA-FF-A7CW-01A,1.0,0.0,0.0,0.0,0.0
6,107011654,-,6,107238000,+,DLBC,1325,TCGA-FF-A7CW-01A,TCGA-FF-A7CW-01A,1.0,0.0,0.0,0.0,0.0
7,17297657,-,7,17389566,-,DLBC,1326,TCGA-FF-A7CW-01A,TCGA-FF-A7CW-01A,1.0,0.0,0.0,0.0,0.0
7,17317578,+,7,17518643,+,DLBC,1327,TCGA-FF-A7CW-01A,TCGA-FF-A7CW-01A,1.0,0.0,0.0,0.0,0.0
9,21823813,+,9,22168012,-,DLBC,1328,TCGA-FF-A7CW-01A,TCGA-FF-A7CW-01A,1.0,0.0,0.0,0.0,0.0
1,19396270,-,1,19396396,+,DLBC,1329,TCGA-FF-A7CX-01A,TCGA-FF-A7CX-01A,1.0,0.0,0.0,0.0,0.0
1,232196629,+,6,125962252,+,DLBC,1330,TCGA-FF-A7CX-01A,TCGA-FF-A7CX-01A,1.0,0.0,0.0,0.0,0.0
1,232196636,-,6,125962149,-,DLBC,1331,TCGA-FF-A7CX-01A,TCGA-FF-A7CX-01A,1.0,0.0,0.0,0.0,0.0
10,62670422,-,10,90626828,-,DLBC,1332,TCGA-FF-A7CX-01A,TCGA-FF-A7CX-01A,1.0,0.0,0.0,0.0,0.0
10,64294294,+,10,84767871,-,DLBC,1333,TCGA-FF-A7CX-01A,TCGA-FF-A7CX-01A,1.0,0.0,0.0,0.0,0.0
10,84767051,+,10,90728961,-,DLBC,1334,TCGA-FF-A7CX-01A,TCGA-FF-A7CX-01A,1.0,0.0,0.0,0.0,0.0
10,90608390,+,10,90634850,+,DLBC,1335,TCGA-FF-A7CX-01A,TCGA-FF-A7CX-01A,1.0,0.0,0.0,0.0,0.0
11,46100573,+,11,46520257,-,DLBC,1336,TCGA-FF-A7CX-01A,TCGA-FF-A7CX-01A,1.0,0.0,0.0,0.0,0.0
11,46370920,+,11,46404012,-,DLBC,1337,TCGA-FF-A7CX-01A,TCGA-FF-A7CX-01A,1.0,0.0,0.0,0.0,0.0
11,67333128,+,11,67595673,-,DLBC,1338,TCGA-FF-A7CX-01A,TCGA-FF-A7CX-01A,1.0,0.0,0.0,0.0,0.0
11,71977463,+,11,71979407,-,DLBC,1339,TCGA-FF-A7CX-01A,TCGA-FF-A7CX-01A,1.0,0.0,0.0,0.0,0.0
11,97254275,-,11,97256903,-,DLBC,1340,TCGA-FF-A7CX-01A,TCGA-FF-A7CX-01A,1.0,0.0,0.0,0.0,0.0
11,97254811,+,11,97255176,+,DLBC,1341,TCGA-FF-A7CX-01A,TCGA-FF-A7CX-01A,1.0,0.0,0.0,0.0,0.0
11,121148032,+,11,121591512,-,DLBC,1342,TCGA-FF-A7CX-01A,TCGA-FF-A7CX-01A,1.0,0.0,0.0,0.0,0.0
11,128439871,+,11,128588564,-,DLBC,1343,TCGA-FF-A7CX-01A,TCGA-FF-A7CX-01A,1.0,0.0,0.0,0.0,0.0
13,16918109,-,13,17396341,+,DLBC,1344,TCGA-FF-A7CX-01A,TCGA-FF-A7CX-01A,1.0,0.0,0.0,0.0,0.0
13,17082650,+,13,17195397,-,DLBC,1345,TCGA-FF-A7CX-01A,TCGA-FF-A7CX-01A,1.0,0.0,0.0,0.0,0.0
14,103370311,+,14,103923591,-,DLBC,1346,TCGA-FF-A7CX-01A,TCGA-FF-A7CX-01A,1.0,0.0,0.0,0.0,0.0
14,105864244,+,14,106373665,-,DLBC,1347,TCGA-FF-A7CX-01A,TCGA-FF-A7CX-01A,1.0,0.0,0.0,0.0,0.0
17,57980654,+,17,57984855,-,DLBC,1348,TCGA-FF-A7CX-01A,TCGA-FF-A7CX-01A,1.0,0.0,0.0,0.0,0.0
18,15624637,+,18,15679203,-,DLBC,1349,TCGA-FF-A7CX-01A,TCGA-FF-A7CX-01A,1.0,0.0,0.0,0.0,0.0
19,5803729,+,19,8053718,-,DLBC,1350,TCGA-FF-A7CX-01A,TCGA-FF-A7CX-01A,1.0,0.0,0.0,0.0,0.0
19,6577586,+,19,6620356,-,DLBC,1351,TCGA-FF-A7CX-01A,TCGA-FF-A7CX-01A,1.0,0.0,0.0,0.0,0.0
19,31995439,-,19,34163951,+,DLBC,1352,TCGA-FF-A7CX-01A,TCGA-FF-A7CX-01A,1.0,0.0,0.0,0.0,0.0
19,35556934,-,19,35557090,+,DLBC,1353,TCGA-FF-A7CX-01A,TCGA-FF-A7CX-01A,1.0,0.0,0.0,0.0,0.0
19,41895795,+,19,41899097,-,DLBC,1354,TCGA-FF-A7CX-01A,TCGA-FF-A7CX-01A,1.0,0.0,0.0,0.0,0.0
19,42088225,+,19,42348700,-,DLBC,1355,TCGA-FF-A7CX-01A,TCGA-FF-A7CX-01A,1.0,0.0,0.0,0.0,0.0
2,42111895,-,19,31926820,+,DLBC,1356,TCGA-FF-A7CX-01A,TCGA-FF-A7CX-01A,1.0,0.0,0.0,0.0,0.0
2,62180369,+,2,85740148,-,DLBC,1357,TCGA-FF-A7CX-01A,TCGA-FF-A7CX-01A,1.0,0.0,0.0,0.0,0.0
2,88860723,+,2,89142743,-,DLBC,1358,TCGA-FF-A7CX-01A,TCGA-FF-A7CX-01A,1.0,0.0,0.0,0.0,0.0
20,29952201,+,20,29987037,-,DLBC,1359,TCGA-FF-A7CX-01A,TCGA-FF-A7CX-01A,1.0,0.0,0.0,0.0,0.0
3,2338430,+,3,101859346,-,DLBC,1360,TCGA-FF-A7CX-01A,TCGA-FF-A7CX-01A,1.0,0.0,0.0,0.0,0.0
3,60193284,-,3,60235317,-,DLBC,1361,TCGA-FF-A7CX-01A,TCGA-FF-A7CX-01A,1.0,0.0,0.0,0.0,0.0
3,60235210,+,3,60248391,+,DLBC,1362,TCGA-FF-A7CX-01A,TCGA-FF-A7CX-01A,1.0,0.0,0.0,0.0,0.0
3,61029620,+,3,61036608,-,DLBC,1363,TCGA-FF-A7CX-01A,TCGA-FF-A7CX-01A,1.0,0.0,0.0,0.0,0.0
3,101858330,+,3,101859536,+,DLBC,1364,TCGA-FF-A7CX-01A,TCGA-FF-A7CX-01A,1.0,0.0,0.0,0.0,0.0
3,101859752,-,3,187752349,+,DLBC,1365,TCGA-FF-A7CX-01A,TCGA-FF-A7CX-01A,1.0,0.0,0.0,0.0,0.0
3,147666714,+,3,187752491,-,DLBC,1366,TCGA-FF-A7CX-01A,TCGA-FF-A7CX-01A,1.0,0.0,0.0,0.0,0.0
3,187814483,+,3,188527602,-,DLBC,1367,TCGA-FF-A7CX-01A,TCGA-FF-A7CX-01A,1.0,0.0,0.0,0.0,0.0
4,71740404,+,4,71740703,-,DLBC,1368,TCGA-FF-A7CX-01A,TCGA-FF-A7CX-01A,1.0,0.0,0.0,0.0,0.0
7,110935013,+,7,111041662,-,DLBC,1369,TCGA-FF-A7CX-01A,TCGA-FF-A7CX-01A,1.0,0.0,0.0,0.0,0.0
8,3585884,+,8,3614374,-,DLBC,1370,TCGA-FF-A7CX-01A,TCGA-FF-A7CX-01A,1.0,0.0,0.0,0.0,0.0
9,10317945,+,9,10375679,-,DLBC,1371,TCGA-FF-A7CX-01A,TCGA-FF-A7CX-01A,1.0,0.0,0.0,0.0,0.0
9,21992462,+,9,21995990,-,DLBC,1372,TCGA-FF-A7CX-01A,TCGA-FF-A7CX-01A,1.0,0.0,0.0,0.0,0.0
23,86337759,-,23,107157905,+,DLBC,1373,TCGA-FF-A7CX-01A,TCGA-FF-A7CX-01A,1.0,0.0,0.0,0.0,0.0
1,758607,+,1,8172526,-,DLBC,1374,TCGA-FM-8000-01A,TCGA-FM-8000-01A,1.0,0.0,0.0,0.0,0.0
1,97527228,-,20,38635074,+,DLBC,1375,TCGA-FM-8000-01A,TCGA-FM-8000-01A,1.0,0.0,0.0,0.0,0.0
1,101497037,-,8,133312946,+,DLBC,1376,TCGA-FM-8000-01A,TCGA-FM-8000-01A,1.0,0.0,0.0,0.0,0.0
1,202357022,-,1,202370757,+,DLBC,1377,TCGA-FM-8000-01A,TCGA-FM-8000-01A,1.0,0.0,0.0,0.0,0.0
14,75180391,+,14,75181281,-,DLBC,1378,TCGA-FM-8000-01A,TCGA-FM-8000-01A,1.0,0.0,0.0,0.0,0.0
14,105743730,+,14,105859768,-,DLBC,1379,TCGA-FM-8000-01A,TCGA-FM-8000-01A,1.0,0.0,0.0,0.0,0.0
14,105863843,+,18,63126219,-,DLBC,1380,TCGA-FM-8000-01A,TCGA-FM-8000-01A,1.0,0.0,0.0,0.0,0.0
14,105894519,-,18,63126210,+,DLBC,1381,TCGA-FM-8000-01A,TCGA-FM-8000-01A,1.0,0.0,0.0,0.0,0.0
16,9119733,+,16,12320133,-,DLBC,1382,TCGA-FM-8000-01A,TCGA-FM-8000-01A,1.0,0.0,0.0,0.0,0.0
16,10914504,+,16,10929274,-,DLBC,1383,TCGA-FM-8000-01A,TCGA-FM-8000-01A,1.0,0.0,0.0,0.0,0.0
16,12462289,+,16,12462864,-,DLBC,1384,TCGA-FM-8000-01A,TCGA-FM-8000-01A,1.0,0.0,0.0,0.0,0.0
17,64869812,+,17,65124184,-,DLBC,1385,TCGA-FM-8000-01A,TCGA-FM-8000-01A,1.0,0.0,0.0,0.0,0.0
18,71675013,-,18,72540001,+,DLBC,1386,TCGA-FM-8000-01A,TCGA-FM-8000-01A,1.0,0.0,0.0,0.0,0.0
2,57972303,-,2,61547429,+,DLBC,1387,TCGA-FM-8000-01A,TCGA-FM-8000-01A,1.0,0.0,0.0,0.0,0.0
2,88861562,-,2,90221381,-,DLBC,1388,TCGA-FM-8000-01A,TCGA-FM-8000-01A,1.0,0.0,0.0,0.0,0.0
20,28905739,+,21,7327865,+,DLBC,1389,TCGA-FM-8000-01A,TCGA-FM-8000-01A,1.0,0.0,0.0,0.0,0.0
21,17469461,+,23,98890972,-,DLBC,1390,TCGA-FM-8000-01A,TCGA-FM-8000-01A,1.0,0.0,0.0,0.0,0.0
3,90401486,-,20,30985250,+,DLBC,1391,TCGA-FM-8000-01A,TCGA-FM-8000-01A,1.0,0.0,0.0,0.0,0.0
5,22278572,+,5,22285033,-,DLBC,1392,TCGA-FM-8000-01A,TCGA-FM-8000-01A,1.0,0.0,0.0,0.0,0.0
7,61488268,+,7,61515448,-,DLBC,1393,TCGA-FM-8000-01A,TCGA-FM-8000-01A,1.0,0.0,0.0,0.0,0.0
7,147090323,-,15,85630235,-,DLBC,1394,TCGA-FM-8000-01A,TCGA-FM-8000-01A,1.0,0.0,0.0,0.0,0.0
8,1504478,-,8,1549577,+,DLBC,1395,TCGA-FM-8000-01A,TCGA-FM-8000-01A,1.0,0.0,0.0,0.0,0.0
8,14939973,-,8,15104266,+,DLBC,1396,TCGA-FM-8000-01A,TCGA-FM-8000-01A,1.0,0.0,0.0,0.0,0.0
23,78378328,-,23,78844145,+,DLBC,1397,TCGA-FM-8000-01A,TCGA-FM-8000-01A,1.0,0.0,0.0,0.0,0.0
23,144342906,+,23,144344661,-,DLBC,1398,TCGA-FM-8000-01A,TCGA-FM-8000-01A,1.0,0.0,0.0,0.0,0.0
10,22334402,-,14,105774202,-,DLBC,1399,TCGA-G8-6324-01A,TCGA-G8-6324-01A,1.0,0.0,0.0,0.0,0.0
11,51125094,+,11,52308234,-,DLBC,1400,TCGA-G8-6324-01A,TCGA-G8-6324-01A,1.0,0.0,0.0,0.0,0.0
11,54343740,+,11,54406062,-,DLBC,1401,TCGA-G8-6324-01A,TCGA-G8-6324-01A,1.0,0.0,0.0,0.0,0.0
14,105863250,+,14,106762092,-,DLBC,1402,TCGA-G8-6324-01A,TCGA-G8-6324-01A,1.0,0.0,0.0,0.0,0.0
14,105864257,+,14,106714682,-,DLBC,1403,TCGA-G8-6324-01A,TCGA-G8-6324-01A,1.0,0.0,0.0,0.0,0.0
2,60397098,+,5,172150067,+,DLBC,1404,TCGA-G8-6324-01A,TCGA-G8-6324-01A,1.0,0.0,0.0,0.0,0.0
2,88832772,-,6,391840,+,DLBC,1405,TCGA-G8-6324-01A,TCGA-G8-6324-01A,1.0,0.0,0.0,0.0,0.0
2,88859592,+,6,391597,-,DLBC,1406,TCGA-G8-6324-01A,TCGA-G8-6324-01A,1.0,0.0,0.0,0.0,0.0
2,88861921,+,2,89213421,-,DLBC,1407,TCGA-G8-6324-01A,TCGA-G8-6324-01A,1.0,0.0,0.0,0.0,0.0
2,119421747,+,11,80116329,-,DLBC,1408,TCGA-G8-6324-01A,TCGA-G8-6324-01A,1.0,0.0,0.0,0.0,0.0
2,120580162,-,2,149011683,-,DLBC,1409,TCGA-G8-6324-01A,TCGA-G8-6324-01A,1.0,0.0,0.0,0.0,0.0
2,120581724,+,2,146960959,+,DLBC,1410,TCGA-G8-6324-01A,TCGA-G8-6324-01A,1.0,0.0,0.0,0.0,0.0
2,120591607,-,11,126345657,-,DLBC,1411,TCGA-G8-6324-01A,TCGA-G8-6324-01A,1.0,0.0,0.0,0.0,0.0
2,132393090,+,2,149012309,+,DLBC,1412,TCGA-G8-6324-01A,TCGA-G8-6324-01A,1.0,0.0,0.0,0.0,0.0
2,146959603,-,11,80116302,+,DLBC,1413,TCGA-G8-6324-01A,TCGA-G8-6324-01A,1.0,0.0,0.0,0.0,0.0
2,149014063,-,11,80116826,+,DLBC,1414,TCGA-G8-6324-01A,TCGA-G8-6324-01A,1.0,0.0,0.0,0.0,0.0
3,91040558,-,3,91158790,+,DLBC,1415,TCGA-G8-6324-01A,TCGA-G8-6324-01A,1.0,0.0,0.0,0.0,0.0
3,159015320,-,23,99333564,+,DLBC,1416,TCGA-G8-6324-01A,TCGA-G8-6324-01A,1.0,0.0,0.0,0.0,0.0
8,8526166,-,16,19321594,-,DLBC,1417,TCGA-G8-6324-01A,TCGA-G8-6324-01A,1.0,0.0,0.0,0.0,0.0
1,8013666,-,6,27865256,+,DLBC,1418,TCGA-G8-6325-01A,TCGA-G8-6325-01A,1.0,0.0,0.0,0.0,0.0
1,8013899,+,5,41021663,+,DLBC,1419,TCGA-G8-6325-01A,TCGA-G8-6325-01A,1.0,0.0,0.0,0.0,0.0
1,204481778,+,19,5022402,+,DLBC,1420,TCGA-G8-6325-01A,TCGA-G8-6325-01A,1.0,0.0,0.0,0.0,0.0
10,11878,+,22,42574090,+,DLBC,1421,TCGA-G8-6325-01A,TCGA-G8-6325-01A,1.0,0.0,0.0,0.0,0.0
10,2996627,+,13,48870679,-,DLBC,1422,TCGA-G8-6325-01A,TCGA-G8-6325-01A,1.0,0.0,0.0,0.0,0.0
10,22576957,+,10,22644032,-,DLBC,1423,TCGA-G8-6325-01A,TCGA-G8-6325-01A,1.0,0.0,0.0,0.0,0.0
10,66629057,+,10,66937413,-,DLBC,1424,TCGA-G8-6325-01A,TCGA-G8-6325-01A,1.0,0.0,0.0,0.0,0.0
10,76941018,-,16,54971925,-,DLBC,1425,TCGA-G8-6325-01A,TCGA-G8-6325-01A,1.0,0.0,0.0,0.0,0.0
10,105487791,-,15,69680166,+,DLBC,1426,TCGA-G8-6325-01A,TCGA-G8-6325-01A,1.0,0.0,0.0,0.0,0.0
10,130191012,+,10,130231991,-,DLBC,1427,TCGA-G8-6325-01A,TCGA-G8-6325-01A,1.0,0.0,0.0,0.0,0.0
11,51124838,-,11,53716859,+,DLBC,1428,TCGA-G8-6325-01A,TCGA-G8-6325-01A,1.0,0.0,0.0,0.0,0.0
11,106727078,+,11,106763861,-,DLBC,1429,TCGA-G8-6325-01A,TCGA-G8-6325-01A,1.0,0.0,0.0,0.0,0.0
13,16441302,-,13,16643830,+,DLBC,1430,TCGA-G8-6325-01A,TCGA-G8-6325-01A,1.0,0.0,0.0,0.0,0.0
13,23311948,+,13,32123742,-,DLBC,1431,TCGA-G8-6325-01A,TCGA-G8-6325-01A,1.0,0.0,0.0,0.0,0.0
14,52726719,+,14,52753586,-,DLBC,1432,TCGA-G8-6325-01A,TCGA-G8-6325-01A,1.0,0.0,0.0,0.0,0.0
14,102865852,+,14,102870485,-,DLBC,1433,TCGA-G8-6325-01A,TCGA-G8-6325-01A,1.0,0.0,0.0,0.0,0.0
14,105864256,+,14,105881036,-,DLBC,1434,TCGA-G8-6325-01A,TCGA-G8-6325-01A,1.0,0.0,0.0,0.0,0.0
19,2187531,+,19,2210421,-,DLBC,1435,TCGA-G8-6325-01A,TCGA-G8-6325-01A,1.0,0.0,0.0,0.0,0.0
19,14379457,+,19,14779279,+,DLBC,1436,TCGA-G8-6325-01A,TCGA-G8-6325-01A,1.0,0.0,0.0,0.0,0.0
19,16549540,+,19,16562088,-,DLBC,1437,TCGA-G8-6325-01A,TCGA-G8-6325-01A,1.0,0.0,0.0,0.0,0.0
2,33101199,+,2,33299845,-,DLBC,1438,TCGA-G8-6325-01A,TCGA-G8-6325-01A,1.0,0.0,0.0,0.0,0.0
2,88860924,+,2,88886152,+,DLBC,1439,TCGA-G8-6325-01A,TCGA-G8-6325-01A,1.0,0.0,0.0,0.0,0.0
2,88947287,+,2,89085175,-,DLBC,1440,TCGA-G8-6325-01A,TCGA-G8-6325-01A,1.0,0.0,0.0,0.0,0.0
2,93787627,-,2,93993118,+,DLBC,1441,TCGA-G8-6325-01A,TCGA-G8-6325-01A,1.0,0.0,0.0,0.0,0.0
2,199487560,+,2,199490311,-,DLBC,1442,TCGA-G8-6325-01A,TCGA-G8-6325-01A,1.0,0.0,0.0,0.0,0.0
20,29975515,-,20,29985026,+,DLBC,1443,TCGA-G8-6325-01A,TCGA-G8-6325-01A,1.0,0.0,0.0,0.0,0.0
20,30000973,+,20,30014572,-,DLBC,1444,TCGA-G8-6325-01A,TCGA-G8-6325-01A,1.0,0.0,0.0,0.0,0.0
22,23631268,+,22,23766674,-,DLBC,1445,TCGA-G8-6325-01A,TCGA-G8-6325-01A,1.0,0.0,0.0,0.0,0.0
3,16513072,+,3,187746359,+,DLBC,1446,TCGA-G8-6325-01A,TCGA-G8-6325-01A,1.0,0.0,0.0,0.0,0.0
3,45403209,-,3,146505326,-,DLBC,1447,TCGA-G8-6325-01A,TCGA-G8-6325-01A,1.0,0.0,0.0,0.0,0.0
3,60333457,+,3,60487808,-,DLBC,1448,TCGA-G8-6325-01A,TCGA-G8-6325-01A,1.0,0.0,0.0,0.0,0.0
3,60552435,+,8,119525524,+,DLBC,1449,TCGA-G8-6325-01A,TCGA-G8-6325-01A,1.0,0.0,0.0,0.0,0.0
3,60691816,-,8,119524971,-,DLBC,1450,TCGA-G8-6325-01A,TCGA-G8-6325-01A,1.0,0.0,0.0,0.0,0.0
3,119850040,+,3,120030342,-,DLBC,1451,TCGA-G8-6325-01A,TCGA-G8-6325-01A,1.0,0.0,0.0,0.0,0.0
3,184438891,-,9,110144939,+,DLBC,1452,TCGA-G8-6325-01A,TCGA-G8-6325-01A,1.0,0.0,0.0,0.0,0.0
4,1220751,+,4,1229026,-,DLBC,1453,TCGA-G8-6325-01A,TCGA-G8-6325-01A,1.0,0.0,0.0,0.0,0.0
5,34915579,+,5,35097387,-,DLBC,1454,TCGA-G8-6325-01A,TCGA-G8-6325-01A,1.0,0.0,0.0,0.0,0.0
5,47058230,+,5,47128718,-,DLBC,1455,TCGA-G8-6325-01A,TCGA-G8-6325-01A,1.0,0.0,0.0,0.0,0.0
6,90672893,-,6,93832780,+,DLBC,1456,TCGA-G8-6325-01A,TCGA-G8-6325-01A,1.0,0.0,0.0,0.0,0.0
6,146597065,-,9,31083724,+,DLBC,1457,TCGA-G8-6325-01A,TCGA-G8-6325-01A,1.0,0.0,0.0,0.0,0.0
6,146597066,-,9,31085616,-,DLBC,1458,TCGA-G8-6325-01A,TCGA-G8-6325-01A,1.0,0.0,0.0,0.0,0.0
8,64236748,-,8,64257802,+,DLBC,1459,TCGA-G8-6325-01A,TCGA-G8-6325-01A,1.0,0.0,0.0,0.0,0.0
8,112918421,+,8,112921346,-,DLBC,1460,TCGA-G8-6325-01A,TCGA-G8-6325-01A,1.0,0.0,0.0,0.0,0.0
9,31083639,-,9,31085616,-,DLBC,1461,TCGA-G8-6325-01A,TCGA-G8-6325-01A,1.0,0.0,0.0,0.0,0.0
9,43813659,-,9,45483095,+,DLBC,1462,TCGA-G8-6325-01A,TCGA-G8-6325-01A,1.0,0.0,0.0,0.0,0.0
9,69261355,+,9,69306221,-,DLBC,1463,TCGA-G8-6325-01A,TCGA-G8-6325-01A,1.0,0.0,0.0,0.0,0.0
1,5816543,+,1,5817461,-,DLBC,1464,TCGA-G8-6326-01A,TCGA-G8-6326-01A,1.0,0.0,0.0,0.0,0.0
11,51127221,+,11,53115444,-,DLBC,1465,TCGA-G8-6326-01A,TCGA-G8-6326-01A,1.0,0.0,0.0,0.0,0.0
11,54405883,-,11,54409835,+,DLBC,1466,TCGA-G8-6326-01A,TCGA-G8-6326-01A,1.0,0.0,0.0,0.0,0.0
16,34256048,-,16,36322679,+,DLBC,1467,TCGA-G8-6326-01A,TCGA-G8-6326-01A,1.0,0.0,0.0,0.0,0.0
2,95533957,-,16,86024266,+,DLBC,1468,TCGA-G8-6326-01A,TCGA-G8-6326-01A,1.0,0.0,0.0,0.0,0.0
3,3282410,+,10,69329378,-,DLBC,1469,TCGA-G8-6326-01A,TCGA-G8-6326-01A,1.0,0.0,0.0,0.0,0.0
3,90854448,+,3,90893364,-,DLBC,1470,TCGA-G8-6326-01A,TCGA-G8-6326-01A,1.0,0.0,0.0,0.0,0.0
3,188252171,-,22,28567509,+,DLBC,1471,TCGA-G8-6326-01A,TCGA-G8-6326-01A,1.0,0.0,0.0,0.0,0.0
4,49809504,-,4,50624976,+,DLBC,1472,TCGA-G8-6326-01A,TCGA-G8-6326-01A,1.0,0.0,0.0,0.0,0.0
7,38256384,+,7,38330353,-,DLBC,1473,TCGA-G8-6326-01A,TCGA-G8-6326-01A,1.0,0.0,0.0,0.0,0.0
9,76588825,-,17,29854732,-,DLBC,1474,TCGA-G8-6326-01A,TCGA-G8-6326-01A,1.0,0.0,0.0,0.0,0.0
11,77570566,+,11,88548043,+,DLBC,1475,TCGA-G8-6906-01A,TCGA-G8-6906-01A,1.0,0.0,0.0,0.0,0.0
11,77570604,-,11,88548605,-,DLBC,1476,TCGA-G8-6906-01A,TCGA-G8-6906-01A,1.0,0.0,0.0,0.0,0.0
14,105602111,-,14,105602287,+,DLBC,1477,TCGA-G8-6906-01A,TCGA-G8-6906-01A,1.0,0.0,0.0,0.0,0.0
14,105646311,+,14,105859919,-,DLBC,1478,TCGA-G8-6906-01A,TCGA-G8-6906-01A,1.0,0.0,0.0,0.0,0.0
14,105863249,+,18,63126319,-,DLBC,1479,TCGA-G8-6906-01A,TCGA-G8-6906-01A,1.0,0.0,0.0,0.0,0.0
14,105913221,-,18,63126318,+,DLBC,1480,TCGA-G8-6906-01A,TCGA-G8-6906-01A,1.0,0.0,0.0,0.0,0.0
15,75405682,+,15,75440909,-,DLBC,1481,TCGA-G8-6906-01A,TCGA-G8-6906-01A,1.0,0.0,0.0,0.0,0.0
17,50865008,+,17,50872636,-,DLBC,1482,TCGA-G8-6906-01A,TCGA-G8-6906-01A,1.0,0.0,0.0,0.0,0.0
19,57704123,+,19,57709492,-,DLBC,1483,TCGA-G8-6906-01A,TCGA-G8-6906-01A,1.0,0.0,0.0,0.0,0.0
19,57818000,-,19,57849062,-,DLBC,1484,TCGA-G8-6906-01A,TCGA-G8-6906-01A,1.0,0.0,0.0,0.0,0.0
2,88978375,+,2,89244779,-,DLBC,1485,TCGA-G8-6906-01A,TCGA-G8-6906-01A,1.0,0.0,0.0,0.0,0.0
2,89234184,+,2,89244781,+,DLBC,1486,TCGA-G8-6906-01A,TCGA-G8-6906-01A,1.0,0.0,0.0,0.0,0.0
22,22698423,+,22,22893780,-,DLBC,1487,TCGA-G8-6906-01A,TCGA-G8-6906-01A,1.0,0.0,0.0,0.0,0.0
3,90968608,-,3,91229579,+,DLBC,1488,TCGA-G8-6906-01A,TCGA-G8-6906-01A,1.0,0.0,0.0,0.0,0.0
3,187744355,+,4,40203959,+,DLBC,1489,TCGA-G8-6906-01A,TCGA-G8-6906-01A,1.0,0.0,0.0,0.0,0.0
3,187744358,-,4,40203960,-,DLBC,1490,TCGA-G8-6906-01A,TCGA-G8-6906-01A,1.0,0.0,0.0,0.0,0.0
6,137830325,+,6,137888309,-,DLBC,1491,TCGA-G8-6906-01A,TCGA-G8-6906-01A,1.0,0.0,0.0,0.0,0.0
8,117122966,-,13,107524848,+,DLBC,1492,TCGA-G8-6906-01A,TCGA-G8-6906-01A,1.0,0.0,0.0,0.0,0.0
9,21859689,+,9,21977338,-,DLBC,1493,TCGA-G8-6906-01A,TCGA-G8-6906-01A,1.0,0.0,0.0,0.0,0.0
9,21909094,+,9,22128504,-,DLBC,1494,TCGA-G8-6906-01A,TCGA-G8-6906-01A,1.0,0.0,0.0,0.0,0.0
1,18278250,+,11,25388896,-,DLBC,1495,TCGA-G8-6907-01A,TCGA-G8-6907-01A,1.0,0.0,0.0,0.0,0.0
1,153299806,+,1,153320445,-,DLBC,1496,TCGA-G8-6907-01A,TCGA-G8-6907-01A,1.0,0.0,0.0,0.0,0.0
10,78699250,+,10,111854237,+,DLBC,1497,TCGA-G8-6907-01A,TCGA-G8-6907-01A,1.0,0.0,0.0,0.0,0.0
10,78699250,-,10,131703143,+,DLBC,1498,TCGA-G8-6907-01A,TCGA-G8-6907-01A,1.0,0.0,0.0,0.0,0.0
10,83843635,+,10,111854236,-,DLBC,1499,TCGA-G8-6907-01A,TCGA-G8-6907-01A,1.0,0.0,0.0,0.0,0.0
10,107727948,-,10,131703179,-,DLBC,1500,TCGA-G8-6907-01A,TCGA-G8-6907-01A,1.0,0.0,0.0,0.0,0.0
13,16586576,+,13,16678972,-,DLBC,1501,TCGA-G8-6907-01A,TCGA-G8-6907-01A,1.0,0.0,0.0,0.0,0.0
13,30866930,+,18,53458896,-,DLBC,1502,TCGA-G8-6907-01A,TCGA-G8-6907-01A,1.0,0.0,0.0,0.0,0.0
13,48370283,+,13,48436914,-,DLBC,1503,TCGA-G8-6907-01A,TCGA-G8-6907-01A,1.0,0.0,0.0,0.0,0.0
13,72632757,-,18,53458896,+,DLBC,1504,TCGA-G8-6907-01A,TCGA-G8-6907-01A,1.0,0.0,0.0,0.0,0.0
13,76657172,-,13,76662461,-,DLBC,1505,TCGA-G8-6907-01A,TCGA-G8-6907-01A,1.0,0.0,0.0,0.0,0.0
13,76657173,+,13,76662097,+,DLBC,1506,TCGA-G8-6907-01A,TCGA-G8-6907-01A,1.0,0.0,0.0,0.0,0.0
14,105746467,+,14,105857056,-,DLBC,1507,TCGA-G8-6907-01A,TCGA-G8-6907-01A,1.0,0.0,0.0,0.0,0.0
14,105746600,+,14,105860341,-,DLBC,1508,TCGA-G8-6907-01A,TCGA-G8-6907-01A,1.0,0.0,0.0,0.0,0.0
14,105864258,+,18,63126414,-,DLBC,1509,TCGA-G8-6907-01A,TCGA-G8-6907-01A,1.0,0.0,0.0,0.0,0.0
14,105897964,-,18,63128860,+,DLBC,1510,TCGA-G8-6907-01A,TCGA-G8-6907-01A,1.0,0.0,0.0,0.0,0.0
15,39096189,+,15,44735578,-,DLBC,1511,TCGA-G8-6907-01A,TCGA-G8-6907-01A,1.0,0.0,0.0,0.0,0.0
15,40387832,-,19,13195492,-,DLBC,1512,TCGA-G8-6907-01A,TCGA-G8-6907-01A,1.0,0.0,0.0,0.0,0.0
17,64982347,+,17,67503574,-,DLBC,1513,TCGA-G8-6907-01A,TCGA-G8-6907-01A,1.0,0.0,0.0,0.0,0.0
18,33857778,+,18,36270918,+,DLBC,1514,TCGA-G8-6907-01A,TCGA-G8-6907-01A,1.0,0.0,0.0,0.0,0.0
18,35673495,+,18,35681221,+,DLBC,1515,TCGA-G8-6907-01A,TCGA-G8-6907-01A,1.0,0.0,0.0,0.0,0.0
18,35673495,-,18,36283273,+,DLBC,1516,TCGA-G8-6907-01A,TCGA-G8-6907-01A,1.0,0.0,0.0,0.0,0.0
18,36270923,-,18,36283273,-,DLBC,1517,TCGA-G8-6907-01A,TCGA-G8-6907-01A,1.0,0.0,0.0,0.0,0.0
2,6336239,-,18,33857776,-,DLBC,1518,TCGA-G8-6907-01A,TCGA-G8-6907-01A,1.0,0.0,0.0,0.0,0.0
2,6336242,+,18,35681219,-,DLBC,1519,TCGA-G8-6907-01A,TCGA-G8-6907-01A,1.0,0.0,0.0,0.0,0.0
2,42840717,+,18,11018508,+,DLBC,1520,TCGA-G8-6907-01A,TCGA-G8-6907-01A,1.0,0.0,0.0,0.0,0.0
2,58586089,-,2,75432470,+,DLBC,1521,TCGA-G8-6907-01A,TCGA-G8-6907-01A,1.0,0.0,0.0,0.0,0.0
2,88861563,+,2,88886153,+,DLBC,1522,TCGA-G8-6907-01A,TCGA-G8-6907-01A,1.0,0.0,0.0,0.0,0.0
2,88861923,-,2,89142571,+,DLBC,1523,TCGA-G8-6907-01A,TCGA-G8-6907-01A,1.0,0.0,0.0,0.0,0.0
2,88886157,-,2,89196079,-,DLBC,1524,TCGA-G8-6907-01A,TCGA-G8-6907-01A,1.0,0.0,0.0,0.0,0.0
22,22376502,+,22,22904988,-,DLBC,1525,TCGA-G8-6907-01A,TCGA-G8-6907-01A,1.0,0.0,0.0,0.0,0.0
22,22432464,+,22,22904989,-,DLBC,1526,TCGA-G8-6907-01A,TCGA-G8-6907-01A,1.0,0.0,0.0,0.0,0.0
5,46658821,-,12,37284083,+,DLBC,1527,TCGA-G8-6907-01A,TCGA-G8-6907-01A,1.0,0.0,0.0,0.0,0.0
6,27177288,+,6,27237569,-,DLBC,1528,TCGA-G8-6907-01A,TCGA-G8-6907-01A,1.0,0.0,0.0,0.0,0.0
6,58713751,+,6,58875209,-,DLBC,1529,TCGA-G8-6907-01A,TCGA-G8-6907-01A,1.0,0.0,0.0,0.0,0.0
6,79074580,+,6,79106346,-,DLBC,1530,TCGA-G8-6907-01A,TCGA-G8-6907-01A,1.0,0.0,0.0,0.0,0.0
23,12142440,-,23,51526601,-,DLBC,1531,TCGA-G8-6907-01A,TCGA-G8-6907-01A,1.0,0.0,0.0,0.0,0.0
23,12563353,+,23,121394106,-,DLBC,1532,TCGA-G8-6907-01A,TCGA-G8-6907-01A,1.0,0.0,0.0,0.0,0.0
23,25637122,-,23,84515236,-,DLBC,1533,TCGA-G8-6907-01A,TCGA-G8-6907-01A,1.0,0.0,0.0,0.0,0.0
23,25894794,+,23,108941485,-,DLBC,1534,TCGA-G8-6907-01A,TCGA-G8-6907-01A,1.0,0.0,0.0,0.0,0.0
23,39322426,-,23,130793592,-,DLBC,1535,TCGA-G8-6907-01A,TCGA-G8-6907-01A,1.0,0.0,0.0,0.0,0.0
23,39927967,+,23,53411648,+,DLBC,1536,TCGA-G8-6907-01A,TCGA-G8-6907-01A,1.0,0.0,0.0,0.0,0.0
23,44153735,+,23,82278048,-,DLBC,1537,TCGA-G8-6907-01A,TCGA-G8-6907-01A,1.0,0.0,0.0,0.0,0.0
23,77031628,-,23,125067636,+,DLBC,1538,TCGA-G8-6907-01A,TCGA-G8-6907-01A,1.0,0.0,0.0,0.0,0.0
23,77255662,+,23,143546419,-,DLBC,1539,TCGA-G8-6907-01A,TCGA-G8-6907-01A,1.0,0.0,0.0,0.0,0.0
23,83029429,+,23,109014141,+,DLBC,1540,TCGA-G8-6907-01A,TCGA-G8-6907-01A,1.0,0.0,0.0,0.0,0.0
23,84720960,+,23,144801154,+,DLBC,1541,TCGA-G8-6907-01A,TCGA-G8-6907-01A,1.0,0.0,0.0,0.0,0.0
23,96200253,-,23,125070127,+,DLBC,1542,TCGA-G8-6907-01A,TCGA-G8-6907-01A,1.0,0.0,0.0,0.0,0.0
23,96601434,+,23,155237518,+,DLBC,1543,TCGA-G8-6907-01A,TCGA-G8-6907-01A,1.0,0.0,0.0,0.0,0.0
23,118999875,-,23,143280134,+,DLBC,1544,TCGA-G8-6907-01A,TCGA-G8-6907-01A,1.0,0.0,0.0,0.0,0.0
23,123943115,-,23,150097873,-,DLBC,1545,TCGA-G8-6907-01A,TCGA-G8-6907-01A,1.0,0.0,0.0,0.0,0.0
23,131180051,+,23,141295045,+,DLBC,1546,TCGA-G8-6907-01A,TCGA-G8-6907-01A,1.0,0.0,0.0,0.0,0.0
23,141279323,-,23,142792561,-,DLBC,1547,TCGA-G8-6907-01A,TCGA-G8-6907-01A,1.0,0.0,0.0,0.0,0.0
1,2544226,+,1,2569185,-,DLBC,1548,TCGA-G8-6909-01A,TCGA-G8-6909-01A,1.0,0.0,0.0,0.0,0.0
1,3663609,-,1,3667656,+,DLBC,1549,TCGA-G8-6909-01A,TCGA-G8-6909-01A,1.0,0.0,0.0,0.0,0.0
1,6182107,-,11,11045197,-,DLBC,1550,TCGA-G8-6909-01A,TCGA-G8-6909-01A,1.0,0.0,0.0,0.0,0.0
1,6514426,+,1,6515410,-,DLBC,1551,TCGA-G8-6909-01A,TCGA-G8-6909-01A,1.0,0.0,0.0,0.0,0.0
1,15432517,+,1,15444248,-,DLBC,1552,TCGA-G8-6909-01A,TCGA-G8-6909-01A,1.0,0.0,0.0,0.0,0.0
1,30120747,-,1,30153101,+,DLBC,1553,TCGA-G8-6909-01A,TCGA-G8-6909-01A,1.0,0.0,0.0,0.0,0.0
1,32632388,+,1,32634135,-,DLBC,1554,TCGA-G8-6909-01A,TCGA-G8-6909-01A,1.0,0.0,0.0,0.0,0.0
1,60270076,+,14,106675919,-,DLBC,1555,TCGA-G8-6909-01A,TCGA-G8-6909-01A,1.0,0.0,0.0,0.0,0.0
1,66185801,+,1,66188436,+,DLBC,1556,TCGA-G8-6909-01A,TCGA-G8-6909-01A,1.0,0.0,0.0,0.0,0.0
1,66188423,-,1,66193894,-,DLBC,1557,TCGA-G8-6909-01A,TCGA-G8-6909-01A,1.0,0.0,0.0,0.0,0.0
1,68664155,-,16,63578629,+,DLBC,1558,TCGA-G8-6909-01A,TCGA-G8-6909-01A,1.0,0.0,0.0,0.0,0.0
1,69815867,-,1,69818613,+,DLBC,1559,TCGA-G8-6909-01A,TCGA-G8-6909-01A,1.0,0.0,0.0,0.0,0.0
1,79805471,+,3,98020017,+,DLBC,1560,TCGA-G8-6909-01A,TCGA-G8-6909-01A,1.0,0.0,0.0,0.0,0.0
1,81300445,+,1,81302354,-,DLBC,1561,TCGA-G8-6909-01A,TCGA-G8-6909-01A,1.0,0.0,0.0,0.0,0.0
1,83126247,-,1,83133822,+,DLBC,1562,TCGA-G8-6909-01A,TCGA-G8-6909-01A,1.0,0.0,0.0,0.0,0.0
1,91409344,+,1,91410321,-,DLBC,1563,TCGA-G8-6909-01A,TCGA-G8-6909-01A,1.0,0.0,0.0,0.0,0.0
1,91418051,+,1,91419889,-,DLBC,1564,TCGA-G8-6909-01A,TCGA-G8-6909-01A,1.0,0.0,0.0,0.0,0.0
1,115220432,+,1,115236825,-,DLBC,1565,TCGA-G8-6909-01A,TCGA-G8-6909-01A,1.0,0.0,0.0,0.0,0.0
1,116481498,+,1,116624015,-,DLBC,1566,TCGA-G8-6909-01A,TCGA-G8-6909-01A,1.0,0.0,0.0,0.0,0.0
1,116535157,+,1,116537023,-,DLBC,1567,TCGA-G8-6909-01A,TCGA-G8-6909-01A,1.0,0.0,0.0,0.0,0.0
1,160454449,+,1,160505018,-,DLBC,1568,TCGA-G8-6909-01A,TCGA-G8-6909-01A,1.0,0.0,0.0,0.0,0.0
1,160496100,+,1,160722178,-,DLBC,1569,TCGA-G8-6909-01A,TCGA-G8-6909-01A,1.0,0.0,0.0,0.0,0.0
1,162070026,+,1,162085426,-,DLBC,1570,TCGA-G8-6909-01A,TCGA-G8-6909-01A,1.0,0.0,0.0,0.0,0.0
1,171542511,+,1,171543033,-,DLBC,1571,TCGA-G8-6909-01A,TCGA-G8-6909-01A,1.0,0.0,0.0,0.0,0.0
1,181310332,+,1,181315056,-,DLBC,1572,TCGA-G8-6909-01A,TCGA-G8-6909-01A,1.0,0.0,0.0,0.0,0.0
1,191655502,+,1,191657144,-,DLBC,1573,TCGA-G8-6909-01A,TCGA-G8-6909-01A,1.0,0.0,0.0,0.0,0.0
1,194088577,-,1,194094792,+,DLBC,1574,TCGA-G8-6909-01A,TCGA-G8-6909-01A,1.0,0.0,0.0,0.0,0.0
1,199049286,+,1,199065361,+,DLBC,1575,TCGA-G8-6909-01A,TCGA-G8-6909-01A,1.0,0.0,0.0,0.0,0.0
1,199058213,-,1,199066738,-,DLBC,1576,TCGA-G8-6909-01A,TCGA-G8-6909-01A,1.0,0.0,0.0,0.0,0.0
1,203281117,+,1,203296681,-,DLBC,1577,TCGA-G8-6909-01A,TCGA-G8-6909-01A,1.0,0.0,0.0,0.0,0.0
1,203305856,+,1,203306301,-,DLBC,1578,TCGA-G8-6909-01A,TCGA-G8-6909-01A,1.0,0.0,0.0,0.0,0.0
1,207320529,+,1,207322797,-,DLBC,1579,TCGA-G8-6909-01A,TCGA-G8-6909-01A,1.0,0.0,0.0,0.0,0.0
1,217607638,+,1,217645305,-,DLBC,1580,TCGA-G8-6909-01A,TCGA-G8-6909-01A,1.0,0.0,0.0,0.0,0.0
1,217649332,+,1,217653036,-,DLBC,1581,TCGA-G8-6909-01A,TCGA-G8-6909-01A,1.0,0.0,0.0,0.0,0.0
1,236334468,+,1,236335756,-,DLBC,1582,TCGA-G8-6909-01A,TCGA-G8-6909-01A,1.0,0.0,0.0,0.0,0.0
1,244252063,-,16,82137357,-,DLBC,1583,TCGA-G8-6909-01A,TCGA-G8-6909-01A,1.0,0.0,0.0,0.0,0.0
10,5926939,+,10,5931279,-,DLBC,1584,TCGA-G8-6909-01A,TCGA-G8-6909-01A,1.0,0.0,0.0,0.0,0.0
10,21546120,+,10,21546680,-,DLBC,1585,TCGA-G8-6909-01A,TCGA-G8-6909-01A,1.0,0.0,0.0,0.0,0.0
10,31164121,+,10,31818630,+,DLBC,1586,TCGA-G8-6909-01A,TCGA-G8-6909-01A,1.0,0.0,0.0,0.0,0.0
10,31814807,-,10,31820355,-,DLBC,1587,TCGA-G8-6909-01A,TCGA-G8-6909-01A,1.0,0.0,0.0,0.0,0.0
10,31844399,-,10,32451247,+,DLBC,1588,TCGA-G8-6909-01A,TCGA-G8-6909-01A,1.0,0.0,0.0,0.0,0.0
10,31915128,+,10,31921511,+,DLBC,1589,TCGA-G8-6909-01A,TCGA-G8-6909-01A,1.0,0.0,0.0,0.0,0.0
10,31915188,-,10,31921482,-,DLBC,1590,TCGA-G8-6909-01A,TCGA-G8-6909-01A,1.0,0.0,0.0,0.0,0.0
10,34979829,+,10,34980341,-,DLBC,1591,TCGA-G8-6909-01A,TCGA-G8-6909-01A,1.0,0.0,0.0,0.0,0.0
10,50391100,-,10,50613539,-,DLBC,1592,TCGA-G8-6909-01A,TCGA-G8-6909-01A,1.0,0.0,0.0,0.0,0.0
10,50409360,+,10,50687265,-,DLBC,1593,TCGA-G8-6909-01A,TCGA-G8-6909-01A,1.0,0.0,0.0,0.0,0.0
10,56606292,-,10,56608738,+,DLBC,1594,TCGA-G8-6909-01A,TCGA-G8-6909-01A,1.0,0.0,0.0,0.0,0.0
10,65288803,-,10,65296553,+,DLBC,1595,TCGA-G8-6909-01A,TCGA-G8-6909-01A,1.0,0.0,0.0,0.0,0.0
10,85108277,+,10,85111692,-,DLBC,1596,TCGA-G8-6909-01A,TCGA-G8-6909-01A,1.0,0.0,0.0,0.0,0.0
10,90295078,-,10,90300421,+,DLBC,1597,TCGA-G8-6909-01A,TCGA-G8-6909-01A,1.0,0.0,0.0,0.0,0.0
10,99221250,+,10,99223271,-,DLBC,1598,TCGA-G8-6909-01A,TCGA-G8-6909-01A,1.0,0.0,0.0,0.0,0.0
10,102062064,+,10,102070202,-,DLBC,1599,TCGA-G8-6909-01A,TCGA-G8-6909-01A,1.0,0.0,0.0,0.0,0.0
10,125563634,+,10,125572297,-,DLBC,1600,TCGA-G8-6909-01A,TCGA-G8-6909-01A,1.0,0.0,0.0,0.0,0.0
10,129925273,-,10,129935086,+,DLBC,1601,TCGA-G8-6909-01A,TCGA-G8-6909-01A,1.0,0.0,0.0,0.0,0.0
11,1713675,+,11,1721992,-,DLBC,1602,TCGA-G8-6909-01A,TCGA-G8-6909-01A,1.0,0.0,0.0,0.0,0.0
11,11045187,+,11,11045625,+,DLBC,1603,TCGA-G8-6909-01A,TCGA-G8-6909-01A,1.0,0.0,0.0,0.0,0.0
11,17884892,+,11,17886664,-,DLBC,1604,TCGA-G8-6909-01A,TCGA-G8-6909-01A,1.0,0.0,0.0,0.0,0.0
11,26656577,-,23,62975876,-,DLBC,1605,TCGA-G8-6909-01A,TCGA-G8-6909-01A,1.0,0.0,0.0,0.0,0.0
11,35072457,+,11,35073803,-,DLBC,1606,TCGA-G8-6909-01A,TCGA-G8-6909-01A,1.0,0.0,0.0,0.0,0.0
11,37265986,+,11,37269263,-,DLBC,1607,TCGA-G8-6909-01A,TCGA-G8-6909-01A,1.0,0.0,0.0,0.0,0.0
11,50256689,+,11,50295789,-,DLBC,1608,TCGA-G8-6909-01A,TCGA-G8-6909-01A,1.0,0.0,0.0,0.0,0.0
11,71206409,+,11,71211957,-,DLBC,1609,TCGA-G8-6909-01A,TCGA-G8-6909-01A,1.0,0.0,0.0,0.0,0.0
11,81639361,+,11,81646344,-,DLBC,1610,TCGA-G8-6909-01A,TCGA-G8-6909-01A,1.0,0.0,0.0,0.0,0.0
11,90503685,+,11,90589107,-,DLBC,1611,TCGA-G8-6909-01A,TCGA-G8-6909-01A,1.0,0.0,0.0,0.0,0.0
11,93742884,+,11,93744007,-,DLBC,1612,TCGA-G8-6909-01A,TCGA-G8-6909-01A,1.0,0.0,0.0,0.0,0.0
11,119886760,+,11,119888250,-,DLBC,1613,TCGA-G8-6909-01A,TCGA-G8-6909-01A,1.0,0.0,0.0,0.0,0.0
12,9056734,+,12,9057681,-,DLBC,1614,TCGA-G8-6909-01A,TCGA-G8-6909-01A,1.0,0.0,0.0,0.0,0.0
12,20033225,+,12,20046593,-,DLBC,1615,TCGA-G8-6909-01A,TCGA-G8-6909-01A,1.0,0.0,0.0,0.0,0.0
12,37401553,-,12,37640438,-,DLBC,1616,TCGA-G8-6909-01A,TCGA-G8-6909-01A,1.0,0.0,0.0,0.0,0.0
12,37401787,+,12,37640408,+,DLBC,1617,TCGA-G8-6909-01A,TCGA-G8-6909-01A,1.0,0.0,0.0,0.0,0.0
12,73919205,+,12,73922334,-,DLBC,1618,TCGA-G8-6909-01A,TCGA-G8-6909-01A,1.0,0.0,0.0,0.0,0.0
12,81350113,+,12,81357528,-,DLBC,1619,TCGA-G8-6909-01A,TCGA-G8-6909-01A,1.0,0.0,0.0,0.0,0.0
12,82107746,+,12,82120963,-,DLBC,1620,TCGA-G8-6909-01A,TCGA-G8-6909-01A,1.0,0.0,0.0,0.0,0.0
12,82848409,-,12,82879570,+,DLBC,1621,TCGA-G8-6909-01A,TCGA-G8-6909-01A,1.0,0.0,0.0,0.0,0.0
13,35906612,-,13,35910376,+,DLBC,1622,TCGA-G8-6909-01A,TCGA-G8-6909-01A,1.0,0.0,0.0,0.0,0.0
13,38232778,+,13,38236060,+,DLBC,1623,TCGA-G8-6909-01A,TCGA-G8-6909-01A,1.0,0.0,0.0,0.0,0.0
13,38232778,-,13,38236068,-,DLBC,1624,TCGA-G8-6909-01A,TCGA-G8-6909-01A,1.0,0.0,0.0,0.0,0.0
13,40661240,+,13,40679570,+,DLBC,1625,TCGA-G8-6909-01A,TCGA-G8-6909-01A,1.0,0.0,0.0,0.0,0.0
13,40662061,-,13,40681595,-,DLBC,1626,TCGA-G8-6909-01A,TCGA-G8-6909-01A,1.0,0.0,0.0,0.0,0.0
13,48531071,-,13,48544014,+,DLBC,1627,TCGA-G8-6909-01A,TCGA-G8-6909-01A,1.0,0.0,0.0,0.0,0.0
13,56059353,+,13,56060178,-,DLBC,1628,TCGA-G8-6909-01A,TCGA-G8-6909-01A,1.0,0.0,0.0,0.0,0.0
13,79663352,+,23,62975514,-,DLBC,1629,TCGA-G8-6909-01A,TCGA-G8-6909-01A,1.0,0.0,0.0,0.0,0.0
13,88064794,-,13,88074892,+,DLBC,1630,TCGA-G8-6909-01A,TCGA-G8-6909-01A,1.0,0.0,0.0,0.0,0.0
13,89021431,+,13,89024190,-,DLBC,1631,TCGA-G8-6909-01A,TCGA-G8-6909-01A,1.0,0.0,0.0,0.0,0.0
13,94043071,+,13,94044108,-,DLBC,1632,TCGA-G8-6909-01A,TCGA-G8-6909-01A,1.0,0.0,0.0,0.0,0.0
13,100575028,+,13,100583372,-,DLBC,1633,TCGA-G8-6909-01A,TCGA-G8-6909-01A,1.0,0.0,0.0,0.0,0.0
13,103576564,-,13,103578229,+,DLBC,1634,TCGA-G8-6909-01A,TCGA-G8-6909-01A,1.0,0.0,0.0,0.0,0.0
13,109437457,+,13,109439964,-,DLBC,1635,TCGA-G8-6909-01A,TCGA-G8-6909-01A,1.0,0.0,0.0,0.0,0.0
14,18554328,+,22,15488781,-,DLBC,1636,TCGA-G8-6909-01A,TCGA-G8-6909-01A,1.0,0.0,0.0,0.0,0.0
14,27731632,-,14,27738129,+,DLBC,1637,TCGA-G8-6909-01A,TCGA-G8-6909-01A,1.0,0.0,0.0,0.0,0.0
14,36397432,-,14,37158172,-,DLBC,1638,TCGA-G8-6909-01A,TCGA-G8-6909-01A,1.0,0.0,0.0,0.0,0.0
14,36397437,+,14,37163714,+,DLBC,1639,TCGA-G8-6909-01A,TCGA-G8-6909-01A,1.0,0.0,0.0,0.0,0.0
14,42354894,+,14,42382615,-,DLBC,1640,TCGA-G8-6909-01A,TCGA-G8-6909-01A,1.0,0.0,0.0,0.0,0.0
14,63017954,+,14,63024169,-,DLBC,1641,TCGA-G8-6909-01A,TCGA-G8-6909-01A,1.0,0.0,0.0,0.0,0.0
14,71355835,+,14,71357678,-,DLBC,1642,TCGA-G8-6909-01A,TCGA-G8-6909-01A,1.0,0.0,0.0,0.0,0.0
14,75975952,-,14,75981149,+,DLBC,1643,TCGA-G8-6909-01A,TCGA-G8-6909-01A,1.0,0.0,0.0,0.0,0.0
14,75976744,+,14,75982002,-,DLBC,1644,TCGA-G8-6909-01A,TCGA-G8-6909-01A,1.0,0.0,0.0,0.0,0.0
14,82580863,-,14,90032376,+,DLBC,1645,TCGA-G8-6909-01A,TCGA-G8-6909-01A,1.0,0.0,0.0,0.0,0.0
14,101560126,+,14,101565934,-,DLBC,1646,TCGA-G8-6909-01A,TCGA-G8-6909-01A,1.0,0.0,0.0,0.0,0.0
14,101698177,+,14,101708973,+,DLBC,1647,TCGA-G8-6909-01A,TCGA-G8-6909-01A,1.0,0.0,0.0,0.0,0.0
14,101703426,-,14,101709529,-,DLBC,1648,TCGA-G8-6909-01A,TCGA-G8-6909-01A,1.0,0.0,0.0,0.0,0.0
15,42060425,+,15,42064806,-,DLBC,1649,TCGA-G8-6909-01A,TCGA-G8-6909-01A,1.0,0.0,0.0,0.0,0.0
15,48055295,-,15,48105806,+,DLBC,1650,TCGA-G8-6909-01A,TCGA-G8-6909-01A,1.0,0.0,0.0,0.0,0.0
15,48968004,+,15,48994029,-,DLBC,1651,TCGA-G8-6909-01A,TCGA-G8-6909-01A,1.0,0.0,0.0,0.0,0.0
15,62404868,+,15,62412496,-,DLBC,1652,TCGA-G8-6909-01A,TCGA-G8-6909-01A,1.0,0.0,0.0,0.0,0.0
15,66865493,+,15,66889876,-,DLBC,1653,TCGA-G8-6909-01A,TCGA-G8-6909-01A,1.0,0.0,0.0,0.0,0.0
15,70562907,+,15,70564114,-,DLBC,1654,TCGA-G8-6909-01A,TCGA-G8-6909-01A,1.0,0.0,0.0,0.0,0.0
16,654099,+,16,806239,-,DLBC,1655,TCGA-G8-6909-01A,TCGA-G8-6909-01A,1.0,0.0,0.0,0.0,0.0
16,1304500,+,16,1307432,-,DLBC,1656,TCGA-G8-6909-01A,TCGA-G8-6909-01A,1.0,0.0,0.0,0.0,0.0
16,2748259,+,16,2761767,-,DLBC,1657,TCGA-G8-6909-01A,TCGA-G8-6909-01A,1.0,0.0,0.0,0.0,0.0
16,3762014,+,16,3769913,-,DLBC,1658,TCGA-G8-6909-01A,TCGA-G8-6909-01A,1.0,0.0,0.0,0.0,0.0
16,17095274,-,19,56126149,-,DLBC,1659,TCGA-G8-6909-01A,TCGA-G8-6909-01A,1.0,0.0,0.0,0.0,0.0
16,24455438,+,16,24459477,-,DLBC,1660,TCGA-G8-6909-01A,TCGA-G8-6909-01A,1.0,0.0,0.0,0.0,0.0
16,79190708,-,16,79229761,+,DLBC,1661,TCGA-G8-6909-01A,TCGA-G8-6909-01A,1.0,0.0,0.0,0.0,0.0
16,85910991,+,16,85914320,-,DLBC,1662,TCGA-G8-6909-01A,TCGA-G8-6909-01A,1.0,0.0,0.0,0.0,0.0
16,89452586,+,16,89541928,-,DLBC,1663,TCGA-G8-6909-01A,TCGA-G8-6909-01A,1.0,0.0,0.0,0.0,0.0
17,7070770,+,17,7077284,-,DLBC,1664,TCGA-G8-6909-01A,TCGA-G8-6909-01A,1.0,0.0,0.0,0.0,0.0
17,10299835,+,17,10302159,-,DLBC,1665,TCGA-G8-6909-01A,TCGA-G8-6909-01A,1.0,0.0,0.0,0.0,0.0
17,20057477,+,17,20093459,-,DLBC,1666,TCGA-G8-6909-01A,TCGA-G8-6909-01A,1.0,0.0,0.0,0.0,0.0
17,33747200,+,17,33748125,-,DLBC,1667,TCGA-G8-6909-01A,TCGA-G8-6909-01A,1.0,0.0,0.0,0.0,0.0
17,43374595,+,17,43382226,-,DLBC,1668,TCGA-G8-6909-01A,TCGA-G8-6909-01A,1.0,0.0,0.0,0.0,0.0
17,44047522,+,17,44057947,-,DLBC,1669,TCGA-G8-6909-01A,TCGA-G8-6909-01A,1.0,0.0,0.0,0.0,0.0
17,57855154,+,17,57855748,-,DLBC,1670,TCGA-G8-6909-01A,TCGA-G8-6909-01A,1.0,0.0,0.0,0.0,0.0
17,71765303,-,17,71767511,+,DLBC,1671,TCGA-G8-6909-01A,TCGA-G8-6909-01A,1.0,0.0,0.0,0.0,0.0
17,75202299,+,17,75311966,+,DLBC,1672,TCGA-G8-6909-01A,TCGA-G8-6909-01A,1.0,0.0,0.0,0.0,0.0
17,75308407,-,17,75312938,-,DLBC,1673,TCGA-G8-6909-01A,TCGA-G8-6909-01A,1.0,0.0,0.0,0.0,0.0
17,75308415,-,17,75311955,-,DLBC,1674,TCGA-G8-6909-01A,TCGA-G8-6909-01A,1.0,0.0,0.0,0.0,0.0
18,23230217,+,18,23231237,-,DLBC,1675,TCGA-G8-6909-01A,TCGA-G8-6909-01A,1.0,0.0,0.0,0.0,0.0
18,38477025,-,18,38484121,-,DLBC,1676,TCGA-G8-6909-01A,TCGA-G8-6909-01A,1.0,0.0,0.0,0.0,0.0
18,38480746,+,18,38487405,+,DLBC,1677,TCGA-G8-6909-01A,TCGA-G8-6909-01A,1.0,0.0,0.0,0.0,0.0
18,39352771,+,18,39353442,-,DLBC,1678,TCGA-G8-6909-01A,TCGA-G8-6909-01A,1.0,0.0,0.0,0.0,0.0
18,59604105,+,18,59615422,-,DLBC,1679,TCGA-G8-6909-01A,TCGA-G8-6909-01A,1.0,0.0,0.0,0.0,0.0
18,68969336,-,18,68974664,+,DLBC,1680,TCGA-G8-6909-01A,TCGA-G8-6909-01A,1.0,0.0,0.0,0.0,0.0
18,70285531,+,18,70286029,-,DLBC,1681,TCGA-G8-6909-01A,TCGA-G8-6909-01A,1.0,0.0,0.0,0.0,0.0
18,80234654,+,18,80240210,+,DLBC,1682,TCGA-G8-6909-01A,TCGA-G8-6909-01A,1.0,0.0,0.0,0.0,0.0
18,80234684,-,18,80240232,-,DLBC,1683,TCGA-G8-6909-01A,TCGA-G8-6909-01A,1.0,0.0,0.0,0.0,0.0
19,1999724,+,19,2002523,-,DLBC,1684,TCGA-G8-6909-01A,TCGA-G8-6909-01A,1.0,0.0,0.0,0.0,0.0
19,12137852,+,19,12140822,-,DLBC,1685,TCGA-G8-6909-01A,TCGA-G8-6909-01A,1.0,0.0,0.0,0.0,0.0
19,14394421,-,19,14397207,+,DLBC,1686,TCGA-G8-6909-01A,TCGA-G8-6909-01A,1.0,0.0,0.0,0.0,0.0
19,16483634,+,19,16484322,-,DLBC,1687,TCGA-G8-6909-01A,TCGA-G8-6909-01A,1.0,0.0,0.0,0.0,0.0
19,19788524,-,19,19791878,+,DLBC,1688,TCGA-G8-6909-01A,TCGA-G8-6909-01A,1.0,0.0,0.0,0.0,0.0
19,28334518,+,19,28335388,-,DLBC,1689,TCGA-G8-6909-01A,TCGA-G8-6909-01A,1.0,0.0,0.0,0.0,0.0
19,37066634,+,19,37167696,-,DLBC,1690,TCGA-G8-6909-01A,TCGA-G8-6909-01A,1.0,0.0,0.0,0.0,0.0
19,40588013,+,19,40590371,-,DLBC,1691,TCGA-G8-6909-01A,TCGA-G8-6909-01A,1.0,0.0,0.0,0.0,0.0
19,44234001,+,19,44271509,+,DLBC,1692,TCGA-G8-6909-01A,TCGA-G8-6909-01A,1.0,0.0,0.0,0.0,0.0
19,44235422,-,19,44271968,-,DLBC,1693,TCGA-G8-6909-01A,TCGA-G8-6909-01A,1.0,0.0,0.0,0.0,0.0
19,52348367,+,19,52447247,-,DLBC,1694,TCGA-G8-6909-01A,TCGA-G8-6909-01A,1.0,0.0,0.0,0.0,0.0
2,97985,+,2,191595,-,DLBC,1695,TCGA-G8-6909-01A,TCGA-G8-6909-01A,1.0,0.0,0.0,0.0,0.0
2,796867,-,2,808415,+,DLBC,1696,TCGA-G8-6909-01A,TCGA-G8-6909-01A,1.0,0.0,0.0,0.0,0.0
2,1639514,+,2,1785134,-,DLBC,1697,TCGA-G8-6909-01A,TCGA-G8-6909-01A,1.0,0.0,0.0,0.0,0.0
2,1697474,+,2,1698987,-,DLBC,1698,TCGA-G8-6909-01A,TCGA-G8-6909-01A,1.0,0.0,0.0,0.0,0.0
2,4128996,+,2,4569172,-,DLBC,1699,TCGA-G8-6909-01A,TCGA-G8-6909-01A,1.0,0.0,0.0,0.0,0.0
2,4129301,-,2,4573443,+,DLBC,1700,TCGA-G8-6909-01A,TCGA-G8-6909-01A,1.0,0.0,0.0,0.0,0.0
2,4139304,+,2,4144940,+,DLBC,1701,TCGA-G8-6909-01A,TCGA-G8-6909-01A,1.0,0.0,0.0,0.0,0.0
2,4141086,-,2,4576047,-,DLBC,1702,TCGA-G8-6909-01A,TCGA-G8-6909-01A,1.0,0.0,0.0,0.0,0.0
2,4718166,+,2,4720350,-,DLBC,1703,TCGA-G8-6909-01A,TCGA-G8-6909-01A,1.0,0.0,0.0,0.0,0.0
2,6270799,+,2,6306438,+,DLBC,1704,TCGA-G8-6909-01A,TCGA-G8-6909-01A,1.0,0.0,0.0,0.0,0.0
2,6270856,-,2,6319060,-,DLBC,1705,TCGA-G8-6909-01A,TCGA-G8-6909-01A,1.0,0.0,0.0,0.0,0.0
2,14664992,+,2,14667903,+,DLBC,1706,TCGA-G8-6909-01A,TCGA-G8-6909-01A,1.0,0.0,0.0,0.0,0.0
2,14666376,-,2,15117065,-,DLBC,1707,TCGA-G8-6909-01A,TCGA-G8-6909-01A,1.0,0.0,0.0,0.0,0.0
2,20768553,+,2,30714132,+,DLBC,1708,TCGA-G8-6909-01A,TCGA-G8-6909-01A,1.0,0.0,0.0,0.0,0.0
2,21145617,-,7,52922748,+,DLBC,1709,TCGA-G8-6909-01A,TCGA-G8-6909-01A,1.0,0.0,0.0,0.0,0.0
2,21765009,+,2,21765870,-,DLBC,1710,TCGA-G8-6909-01A,TCGA-G8-6909-01A,1.0,0.0,0.0,0.0,0.0
2,25447417,+,2,25462709,-,DLBC,1711,TCGA-G8-6909-01A,TCGA-G8-6909-01A,1.0,0.0,0.0,0.0,0.0
2,25909718,-,2,61982232,+,DLBC,1712,TCGA-G8-6909-01A,TCGA-G8-6909-01A,1.0,0.0,0.0,0.0,0.0
2,26525121,+,2,26528432,+,DLBC,1713,TCGA-G8-6909-01A,TCGA-G8-6909-01A,1.0,0.0,0.0,0.0,0.0
2,26527799,-,2,26570716,-,DLBC,1714,TCGA-G8-6909-01A,TCGA-G8-6909-01A,1.0,0.0,0.0,0.0,0.0
2,35541495,+,2,35545309,-,DLBC,1715,TCGA-G8-6909-01A,TCGA-G8-6909-01A,1.0,0.0,0.0,0.0,0.0
2,36854917,-,2,65794950,+,DLBC,1716,TCGA-G8-6909-01A,TCGA-G8-6909-01A,1.0,0.0,0.0,0.0,0.0
2,38321623,+,2,50179044,-,DLBC,1717,TCGA-G8-6909-01A,TCGA-G8-6909-01A,1.0,0.0,0.0,0.0,0.0
2,40892981,-,4,156346890,+,DLBC,1718,TCGA-G8-6909-01A,TCGA-G8-6909-01A,1.0,0.0,0.0,0.0,0.0
2,40893282,+,4,156346874,-,DLBC,1719,TCGA-G8-6909-01A,TCGA-G8-6909-01A,1.0,0.0,0.0,0.0,0.0
2,40893283,+,11,46980890,+,DLBC,1720,TCGA-G8-6909-01A,TCGA-G8-6909-01A,1.0,0.0,0.0,0.0,0.0
2,40893937,+,13,101562837,-,DLBC,1721,TCGA-G8-6909-01A,TCGA-G8-6909-01A,1.0,0.0,0.0,0.0,0.0
2,42950464,+,2,42950890,-,DLBC,1722,TCGA-G8-6909-01A,TCGA-G8-6909-01A,1.0,0.0,0.0,0.0,0.0
2,47783174,+,2,47824289,-,DLBC,1723,TCGA-G8-6909-01A,TCGA-G8-6909-01A,1.0,0.0,0.0,0.0,0.0
2,49099780,+,2,49101954,-,DLBC,1724,TCGA-G8-6909-01A,TCGA-G8-6909-01A,1.0,0.0,0.0,0.0,0.0
2,49723311,-,2,49736535,+,DLBC,1725,TCGA-G8-6909-01A,TCGA-G8-6909-01A,1.0,0.0,0.0,0.0,0.0
2,50822288,+,2,50825083,-,DLBC,1726,TCGA-G8-6909-01A,TCGA-G8-6909-01A,1.0,0.0,0.0,0.0,0.0
2,52006294,+,2,52007329,-,DLBC,1727,TCGA-G8-6909-01A,TCGA-G8-6909-01A,1.0,0.0,0.0,0.0,0.0
2,53117900,+,2,53120498,-,DLBC,1728,TCGA-G8-6909-01A,TCGA-G8-6909-01A,1.0,0.0,0.0,0.0,0.0
2,56313936,+,2,56330057,-,DLBC,1729,TCGA-G8-6909-01A,TCGA-G8-6909-01A,1.0,0.0,0.0,0.0,0.0
2,59001622,+,2,59001893,-,DLBC,1730,TCGA-G8-6909-01A,TCGA-G8-6909-01A,1.0,0.0,0.0,0.0,0.0
2,62155722,-,2,62156431,-,DLBC,1731,TCGA-G8-6909-01A,TCGA-G8-6909-01A,1.0,0.0,0.0,0.0,0.0
2,64284402,+,2,64287563,-,DLBC,1732,TCGA-G8-6909-01A,TCGA-G8-6909-01A,1.0,0.0,0.0,0.0,0.0
2,78122848,-,2,78131183,+,DLBC,1733,TCGA-G8-6909-01A,TCGA-G8-6909-01A,1.0,0.0,0.0,0.0,0.0
2,85436254,+,2,85437455,-,DLBC,1734,TCGA-G8-6909-01A,TCGA-G8-6909-01A,1.0,0.0,0.0,0.0,0.0
2,88857816,+,2,88858137,-,DLBC,1735,TCGA-G8-6909-01A,TCGA-G8-6909-01A,1.0,0.0,0.0,0.0,0.0
2,120210502,+,2,120210884,-,DLBC,1736,TCGA-G8-6909-01A,TCGA-G8-6909-01A,1.0,0.0,0.0,0.0,0.0
2,141010576,-,2,141015183,+,DLBC,1737,TCGA-G8-6909-01A,TCGA-G8-6909-01A,1.0,0.0,0.0,0.0,0.0
2,142885051,+,2,142889990,-,DLBC,1738,TCGA-G8-6909-01A,TCGA-G8-6909-01A,1.0,0.0,0.0,0.0,0.0
2,167237269,+,2,167244591,-,DLBC,1739,TCGA-G8-6909-01A,TCGA-G8-6909-01A,1.0,0.0,0.0,0.0,0.0
2,186230814,+,2,186339668,-,DLBC,1740,TCGA-G8-6909-01A,TCGA-G8-6909-01A,1.0,0.0,0.0,0.0,0.0
2,186569827,+,2,186697367,-,DLBC,1741,TCGA-G8-6909-01A,TCGA-G8-6909-01A,1.0,0.0,0.0,0.0,0.0
2,190333289,+,2,190335096,-,DLBC,1742,TCGA-G8-6909-01A,TCGA-G8-6909-01A,1.0,0.0,0.0,0.0,0.0
2,212378834,+,2,212387480,-,DLBC,1743,TCGA-G8-6909-01A,TCGA-G8-6909-01A,1.0,0.0,0.0,0.0,0.0
2,231227103,+,2,231228246,-,DLBC,1744,TCGA-G8-6909-01A,TCGA-G8-6909-01A,1.0,0.0,0.0,0.0,0.0
20,29214154,-,20,29223709,+,DLBC,1745,TCGA-G8-6909-01A,TCGA-G8-6909-01A,1.0,0.0,0.0,0.0,0.0
20,33980284,+,20,34001829,-,DLBC,1746,TCGA-G8-6909-01A,TCGA-G8-6909-01A,1.0,0.0,0.0,0.0,0.0
20,59919791,+,20,59925745,+,DLBC,1747,TCGA-G8-6909-01A,TCGA-G8-6909-01A,1.0,0.0,0.0,0.0,0.0
20,59921709,-,20,59926065,-,DLBC,1748,TCGA-G8-6909-01A,TCGA-G8-6909-01A,1.0,0.0,0.0,0.0,0.0
21,13889468,+,21,13901393,-,DLBC,1749,TCGA-G8-6909-01A,TCGA-G8-6909-01A,1.0,0.0,0.0,0.0,0.0
21,15134870,-,23,62975259,-,DLBC,1750,TCGA-G8-6909-01A,TCGA-G8-6909-01A,1.0,0.0,0.0,0.0,0.0
21,15134886,+,23,62975718,+,DLBC,1751,TCGA-G8-6909-01A,TCGA-G8-6909-01A,1.0,0.0,0.0,0.0,0.0
21,41077601,+,21,41077862,-,DLBC,1752,TCGA-G8-6909-01A,TCGA-G8-6909-01A,1.0,0.0,0.0,0.0,0.0
22,21840145,+,22,21845313,-,DLBC,1753,TCGA-G8-6909-01A,TCGA-G8-6909-01A,1.0,0.0,0.0,0.0,0.0
22,26229001,+,22,26231993,-,DLBC,1754,TCGA-G8-6909-01A,TCGA-G8-6909-01A,1.0,0.0,0.0,0.0,0.0
22,27256930,+,22,27264758,+,DLBC,1755,TCGA-G8-6909-01A,TCGA-G8-6909-01A,1.0,0.0,0.0,0.0,0.0
22,27257891,-,22,27264752,-,DLBC,1756,TCGA-G8-6909-01A,TCGA-G8-6909-01A,1.0,0.0,0.0,0.0,0.0
22,35794978,+,22,35797245,-,DLBC,1757,TCGA-G8-6909-01A,TCGA-G8-6909-01A,1.0,0.0,0.0,0.0,0.0
22,35796602,-,22,35805518,-,DLBC,1758,TCGA-G8-6909-01A,TCGA-G8-6909-01A,1.0,0.0,0.0,0.0,0.0
22,35797037,+,22,35802274,+,DLBC,1759,TCGA-G8-6909-01A,TCGA-G8-6909-01A,1.0,0.0,0.0,0.0,0.0
22,44929015,+,22,44929478,-,DLBC,1760,TCGA-G8-6909-01A,TCGA-G8-6909-01A,1.0,0.0,0.0,0.0,0.0
22,47372496,+,22,47373197,-,DLBC,1761,TCGA-G8-6909-01A,TCGA-G8-6909-01A,1.0,0.0,0.0,0.0,0.0
3,1496322,+,3,1502571,-,DLBC,1762,TCGA-G8-6909-01A,TCGA-G8-6909-01A,1.0,0.0,0.0,0.0,0.0
3,6711054,+,3,6717822,-,DLBC,1763,TCGA-G8-6909-01A,TCGA-G8-6909-01A,1.0,0.0,0.0,0.0,0.0
3,8675650,-,3,8679929,+,DLBC,1764,TCGA-G8-6909-01A,TCGA-G8-6909-01A,1.0,0.0,0.0,0.0,0.0
3,16446960,+,3,16464767,+,DLBC,1765,TCGA-G8-6909-01A,TCGA-G8-6909-01A,1.0,0.0,0.0,0.0,0.0
3,16464417,-,3,187868524,-,DLBC,1766,TCGA-G8-6909-01A,TCGA-G8-6909-01A,1.0,0.0,0.0,0.0,0.0
3,16464519,-,3,187843998,+,DLBC,1767,TCGA-G8-6909-01A,TCGA-G8-6909-01A,1.0,0.0,0.0,0.0,0.0
3,16464538,+,3,16477630,-,DLBC,1768,TCGA-G8-6909-01A,TCGA-G8-6909-01A,1.0,0.0,0.0,0.0,0.0
3,16477630,-,3,187868510,-,DLBC,1769,TCGA-G8-6909-01A,TCGA-G8-6909-01A,1.0,0.0,0.0,0.0,0.0
3,48848171,+,3,49164290,+,DLBC,1770,TCGA-G8-6909-01A,TCGA-G8-6909-01A,1.0,0.0,0.0,0.0,0.0
3,49031882,-,3,49276257,+,DLBC,1771,TCGA-G8-6909-01A,TCGA-G8-6909-01A,1.0,0.0,0.0,0.0,0.0
3,49165266,-,3,50104143,-,DLBC,1772,TCGA-G8-6909-01A,TCGA-G8-6909-01A,1.0,0.0,0.0,0.0,0.0
3,49483325,-,3,50285009,+,DLBC,1773,TCGA-G8-6909-01A,TCGA-G8-6909-01A,1.0,0.0,0.0,0.0,0.0
3,49585070,+,3,50284966,-,DLBC,1774,TCGA-G8-6909-01A,TCGA-G8-6909-01A,1.0,0.0,0.0,0.0,0.0
3,59305588,+,3,59306254,-,DLBC,1775,TCGA-G8-6909-01A,TCGA-G8-6909-01A,1.0,0.0,0.0,0.0,0.0
3,65004403,+,3,65005712,-,DLBC,1776,TCGA-G8-6909-01A,TCGA-G8-6909-01A,1.0,0.0,0.0,0.0,0.0
3,103869363,+,3,103870655,-,DLBC,1777,TCGA-G8-6909-01A,TCGA-G8-6909-01A,1.0,0.0,0.0,0.0,0.0
3,107587430,+,3,107589787,-,DLBC,1778,TCGA-G8-6909-01A,TCGA-G8-6909-01A,1.0,0.0,0.0,0.0,0.0
3,117735388,+,3,117735946,-,DLBC,1779,TCGA-G8-6909-01A,TCGA-G8-6909-01A,1.0,0.0,0.0,0.0,0.0
3,125357128,+,3,125358203,-,DLBC,1780,TCGA-G8-6909-01A,TCGA-G8-6909-01A,1.0,0.0,0.0,0.0,0.0
3,135625888,+,5,100450001,+,DLBC,1781,TCGA-G8-6909-01A,TCGA-G8-6909-01A,1.0,0.0,0.0,0.0,0.0
3,137830537,+,3,137852034,+,DLBC,1782,TCGA-G8-6909-01A,TCGA-G8-6909-01A,1.0,0.0,0.0,0.0,0.0
3,137830547,-,3,137852032,-,DLBC,1783,TCGA-G8-6909-01A,TCGA-G8-6909-01A,1.0,0.0,0.0,0.0,0.0
3,140594782,+,3,140597210,-,DLBC,1784,TCGA-G8-6909-01A,TCGA-G8-6909-01A,1.0,0.0,0.0,0.0,0.0
3,165846039,+,3,165847993,-,DLBC,1785,TCGA-G8-6909-01A,TCGA-G8-6909-01A,1.0,0.0,0.0,0.0,0.0
3,177118764,+,3,177119762,-,DLBC,1786,TCGA-G8-6909-01A,TCGA-G8-6909-01A,1.0,0.0,0.0,0.0,0.0
4,18318338,-,4,18330112,+,DLBC,1787,TCGA-G8-6909-01A,TCGA-G8-6909-01A,1.0,0.0,0.0,0.0,0.0
4,45220596,+,4,45221437,-,DLBC,1788,TCGA-G8-6909-01A,TCGA-G8-6909-01A,1.0,0.0,0.0,0.0,0.0
4,61390002,+,4,61438761,-,DLBC,1789,TCGA-G8-6909-01A,TCGA-G8-6909-01A,1.0,0.0,0.0,0.0,0.0
4,62667884,+,4,62684820,-,DLBC,1790,TCGA-G8-6909-01A,TCGA-G8-6909-01A,1.0,0.0,0.0,0.0,0.0
4,91660359,+,4,91662452,-,DLBC,1791,TCGA-G8-6909-01A,TCGA-G8-6909-01A,1.0,0.0,0.0,0.0,0.0
4,92611759,-,4,92615749,+,DLBC,1792,TCGA-G8-6909-01A,TCGA-G8-6909-01A,1.0,0.0,0.0,0.0,0.0
4,116869237,-,5,37514337,-,DLBC,1793,TCGA-G8-6909-01A,TCGA-G8-6909-01A,1.0,0.0,0.0,0.0,0.0
4,116869366,+,5,37514343,+,DLBC,1794,TCGA-G8-6909-01A,TCGA-G8-6909-01A,1.0,0.0,0.0,0.0,0.0
4,117532283,-,4,117538238,+,DLBC,1795,TCGA-G8-6909-01A,TCGA-G8-6909-01A,1.0,0.0,0.0,0.0,0.0
4,123039335,+,4,123040498,-,DLBC,1796,TCGA-G8-6909-01A,TCGA-G8-6909-01A,1.0,0.0,0.0,0.0,0.0
4,139518218,+,4,139525280,-,DLBC,1797,TCGA-G8-6909-01A,TCGA-G8-6909-01A,1.0,0.0,0.0,0.0,0.0
4,147605436,+,4,147606330,-,DLBC,1798,TCGA-G8-6909-01A,TCGA-G8-6909-01A,1.0,0.0,0.0,0.0,0.0
4,154416600,+,4,154417761,-,DLBC,1799,TCGA-G8-6909-01A,TCGA-G8-6909-01A,1.0,0.0,0.0,0.0,0.0
4,154436143,+,4,154436879,-,DLBC,1800,TCGA-G8-6909-01A,TCGA-G8-6909-01A,1.0,0.0,0.0,0.0,0.0
4,161123883,-,4,161131673,+,DLBC,1801,TCGA-G8-6909-01A,TCGA-G8-6909-01A,1.0,0.0,0.0,0.0,0.0
4,161124803,+,4,161129561,-,DLBC,1802,TCGA-G8-6909-01A,TCGA-G8-6909-01A,1.0,0.0,0.0,0.0,0.0
4,169277397,+,4,169284503,-,DLBC,1803,TCGA-G8-6909-01A,TCGA-G8-6909-01A,1.0,0.0,0.0,0.0,0.0
4,177370651,+,4,177371628,-,DLBC,1804,TCGA-G8-6909-01A,TCGA-G8-6909-01A,1.0,0.0,0.0,0.0,0.0
5,13159419,-,5,166942328,-,DLBC,1805,TCGA-G8-6909-01A,TCGA-G8-6909-01A,1.0,0.0,0.0,0.0,0.0
5,14974752,+,5,14986020,-,DLBC,1806,TCGA-G8-6909-01A,TCGA-G8-6909-01A,1.0,0.0,0.0,0.0,0.0
5,14975055,-,5,14988476,+,DLBC,1807,TCGA-G8-6909-01A,TCGA-G8-6909-01A,1.0,0.0,0.0,0.0,0.0
5,17730403,-,5,17744599,+,DLBC,1808,TCGA-G8-6909-01A,TCGA-G8-6909-01A,1.0,0.0,0.0,0.0,0.0
5,22602341,-,5,22607070,+,DLBC,1809,TCGA-G8-6909-01A,TCGA-G8-6909-01A,1.0,0.0,0.0,0.0,0.0
5,23283297,-,5,23291369,+,DLBC,1810,TCGA-G8-6909-01A,TCGA-G8-6909-01A,1.0,0.0,0.0,0.0,0.0
5,27772191,-,5,27774875,+,DLBC,1811,TCGA-G8-6909-01A,TCGA-G8-6909-01A,1.0,0.0,0.0,0.0,0.0
5,35527601,+,5,35528373,-,DLBC,1812,TCGA-G8-6909-01A,TCGA-G8-6909-01A,1.0,0.0,0.0,0.0,0.0
5,46117234,+,5,46118165,-,DLBC,1813,TCGA-G8-6909-01A,TCGA-G8-6909-01A,1.0,0.0,0.0,0.0,0.0
5,61170322,+,5,61177543,-,DLBC,1814,TCGA-G8-6909-01A,TCGA-G8-6909-01A,1.0,0.0,0.0,0.0,0.0
5,61193529,+,5,61196321,-,DLBC,1815,TCGA-G8-6909-01A,TCGA-G8-6909-01A,1.0,0.0,0.0,0.0,0.0
5,72015496,+,5,72060356,+,DLBC,1816,TCGA-G8-6909-01A,TCGA-G8-6909-01A,1.0,0.0,0.0,0.0,0.0
5,72033058,-,5,72064881,-,DLBC,1817,TCGA-G8-6909-01A,TCGA-G8-6909-01A,1.0,0.0,0.0,0.0,0.0
5,72044021,+,5,72044825,-,DLBC,1818,TCGA-G8-6909-01A,TCGA-G8-6909-01A,1.0,0.0,0.0,0.0,0.0
5,78345057,+,5,78355460,-,DLBC,1819,TCGA-G8-6909-01A,TCGA-G8-6909-01A,1.0,0.0,0.0,0.0,0.0
5,79500566,+,22,19353168,+,DLBC,1820,TCGA-G8-6909-01A,TCGA-G8-6909-01A,1.0,0.0,0.0,0.0,0.0
5,79502947,+,5,79511013,-,DLBC,1821,TCGA-G8-6909-01A,TCGA-G8-6909-01A,1.0,0.0,0.0,0.0,0.0
5,79511516,+,22,19352935,-,DLBC,1822,TCGA-G8-6909-01A,TCGA-G8-6909-01A,1.0,0.0,0.0,0.0,0.0
5,86664285,-,23,62975465,-,DLBC,1823,TCGA-G8-6909-01A,TCGA-G8-6909-01A,1.0,0.0,0.0,0.0,0.0
5,89314520,-,5,91918461,-,DLBC,1824,TCGA-G8-6909-01A,TCGA-G8-6909-01A,1.0,0.0,0.0,0.0,0.0
5,90846304,-,5,91917919,+,DLBC,1825,TCGA-G8-6909-01A,TCGA-G8-6909-01A,1.0,0.0,0.0,0.0,0.0
5,90846504,+,5,91918477,+,DLBC,1826,TCGA-G8-6909-01A,TCGA-G8-6909-01A,1.0,0.0,0.0,0.0,0.0
5,99952709,+,5,99956819,+,DLBC,1827,TCGA-G8-6909-01A,TCGA-G8-6909-01A,1.0,0.0,0.0,0.0,0.0
5,99956325,-,5,99956821,-,DLBC,1828,TCGA-G8-6909-01A,TCGA-G8-6909-01A,1.0,0.0,0.0,0.0,0.0
5,100449987,+,7,19052656,-,DLBC,1829,TCGA-G8-6909-01A,TCGA-G8-6909-01A,1.0,0.0,0.0,0.0,0.0
5,137724788,-,5,137724883,-,DLBC,1830,TCGA-G8-6909-01A,TCGA-G8-6909-01A,1.0,0.0,0.0,0.0,0.0
5,137782298,+,5,137786734,-,DLBC,1831,TCGA-G8-6909-01A,TCGA-G8-6909-01A,1.0,0.0,0.0,0.0,0.0
5,140608081,+,5,140612830,-,DLBC,1832,TCGA-G8-6909-01A,TCGA-G8-6909-01A,1.0,0.0,0.0,0.0,0.0
5,148099253,+,5,148102561,+,DLBC,1833,TCGA-G8-6909-01A,TCGA-G8-6909-01A,1.0,0.0,0.0,0.0,0.0
5,148099815,-,5,148102565,-,DLBC,1834,TCGA-G8-6909-01A,TCGA-G8-6909-01A,1.0,0.0,0.0,0.0,0.0
5,149436052,+,5,149439934,-,DLBC,1835,TCGA-G8-6909-01A,TCGA-G8-6909-01A,1.0,0.0,0.0,0.0,0.0
5,151051622,+,5,151054559,-,DLBC,1836,TCGA-G8-6909-01A,TCGA-G8-6909-01A,1.0,0.0,0.0,0.0,0.0
5,160621006,+,5,160621674,-,DLBC,1837,TCGA-G8-6909-01A,TCGA-G8-6909-01A,1.0,0.0,0.0,0.0,0.0
5,164971337,+,5,164972259,-,DLBC,1838,TCGA-G8-6909-01A,TCGA-G8-6909-01A,1.0,0.0,0.0,0.0,0.0
5,165501723,-,5,165507694,+,DLBC,1839,TCGA-G8-6909-01A,TCGA-G8-6909-01A,1.0,0.0,0.0,0.0,0.0
5,170901663,+,5,170948960,-,DLBC,1840,TCGA-G8-6909-01A,TCGA-G8-6909-01A,1.0,0.0,0.0,0.0,0.0
5,173785383,+,5,173786980,-,DLBC,1841,TCGA-G8-6909-01A,TCGA-G8-6909-01A,1.0,0.0,0.0,0.0,0.0
5,181240948,+,5,181250350,-,DLBC,1842,TCGA-G8-6909-01A,TCGA-G8-6909-01A,1.0,0.0,0.0,0.0,0.0
6,3580938,+,6,3589048,-,DLBC,1843,TCGA-G8-6909-01A,TCGA-G8-6909-01A,1.0,0.0,0.0,0.0,0.0
6,6019330,+,6,6019453,+,DLBC,1844,TCGA-G8-6909-01A,TCGA-G8-6909-01A,1.0,0.0,0.0,0.0,0.0
6,6019336,-,6,6019436,-,DLBC,1845,TCGA-G8-6909-01A,TCGA-G8-6909-01A,1.0,0.0,0.0,0.0,0.0
6,7094630,-,6,7103291,+,DLBC,1846,TCGA-G8-6909-01A,TCGA-G8-6909-01A,1.0,0.0,0.0,0.0,0.0
6,13371667,+,23,153433440,+,DLBC,1847,TCGA-G8-6909-01A,TCGA-G8-6909-01A,1.0,0.0,0.0,0.0,0.0
6,20015901,-,6,20018771,+,DLBC,1848,TCGA-G8-6909-01A,TCGA-G8-6909-01A,1.0,0.0,0.0,0.0,0.0
6,27824332,-,6,27824444,-,DLBC,1849,TCGA-G8-6909-01A,TCGA-G8-6909-01A,1.0,0.0,0.0,0.0,0.0
6,31346194,+,6,32813566,-,DLBC,1850,TCGA-G8-6909-01A,TCGA-G8-6909-01A,1.0,0.0,0.0,0.0,0.0
6,32802340,+,6,32843608,-,DLBC,1851,TCGA-G8-6909-01A,TCGA-G8-6909-01A,1.0,0.0,0.0,0.0,0.0
6,32933756,+,6,32966476,-,DLBC,1852,TCGA-G8-6909-01A,TCGA-G8-6909-01A,1.0,0.0,0.0,0.0,0.0
6,33598404,+,6,33601690,-,DLBC,1853,TCGA-G8-6909-01A,TCGA-G8-6909-01A,1.0,0.0,0.0,0.0,0.0
6,50354498,+,6,50358795,-,DLBC,1854,TCGA-G8-6909-01A,TCGA-G8-6909-01A,1.0,0.0,0.0,0.0,0.0
6,50354506,-,6,50359310,+,DLBC,1855,TCGA-G8-6909-01A,TCGA-G8-6909-01A,1.0,0.0,0.0,0.0,0.0
6,50657334,+,6,50657552,-,DLBC,1856,TCGA-G8-6909-01A,TCGA-G8-6909-01A,1.0,0.0,0.0,0.0,0.0
6,61792574,+,6,61804775,-,DLBC,1857,TCGA-G8-6909-01A,TCGA-G8-6909-01A,1.0,0.0,0.0,0.0,0.0
6,72582622,-,6,72598971,+,DLBC,1858,TCGA-G8-6909-01A,TCGA-G8-6909-01A,1.0,0.0,0.0,0.0,0.0
6,95321408,-,6,95326840,+,DLBC,1859,TCGA-G8-6909-01A,TCGA-G8-6909-01A,1.0,0.0,0.0,0.0,0.0
6,98371303,+,6,98378383,-,DLBC,1860,TCGA-G8-6909-01A,TCGA-G8-6909-01A,1.0,0.0,0.0,0.0,0.0
6,118782081,+,7,44806586,+,DLBC,1861,TCGA-G8-6909-01A,TCGA-G8-6909-01A,1.0,0.0,0.0,0.0,0.0
6,137085768,+,6,139070538,-,DLBC,1862,TCGA-G8-6909-01A,TCGA-G8-6909-01A,1.0,0.0,0.0,0.0,0.0
6,155585843,+,6,155587214,-,DLBC,1863,TCGA-G8-6909-01A,TCGA-G8-6909-01A,1.0,0.0,0.0,0.0,0.0
7,14953920,+,7,14971975,+,DLBC,1864,TCGA-G8-6909-01A,TCGA-G8-6909-01A,1.0,0.0,0.0,0.0,0.0
7,14956024,-,7,14971974,-,DLBC,1865,TCGA-G8-6909-01A,TCGA-G8-6909-01A,1.0,0.0,0.0,0.0,0.0
7,19487011,+,7,19496450,-,DLBC,1866,TCGA-G8-6909-01A,TCGA-G8-6909-01A,1.0,0.0,0.0,0.0,0.0
7,33959527,+,7,33962008,-,DLBC,1867,TCGA-G8-6909-01A,TCGA-G8-6909-01A,1.0,0.0,0.0,0.0,0.0
7,51765102,-,7,51766336,-,DLBC,1868,TCGA-G8-6909-01A,TCGA-G8-6909-01A,1.0,0.0,0.0,0.0,0.0
7,51975014,+,7,51976455,+,DLBC,1869,TCGA-G8-6909-01A,TCGA-G8-6909-01A,1.0,0.0,0.0,0.0,0.0
7,51976253,-,7,51977843,+,DLBC,1870,TCGA-G8-6909-01A,TCGA-G8-6909-01A,1.0,0.0,0.0,0.0,0.0
7,70636070,+,7,70646685,-,DLBC,1871,TCGA-G8-6909-01A,TCGA-G8-6909-01A,1.0,0.0,0.0,0.0,0.0
7,70785300,-,7,70788523,-,DLBC,1872,TCGA-G8-6909-01A,TCGA-G8-6909-01A,1.0,0.0,0.0,0.0,0.0
7,100225561,+,7,100345743,-,DLBC,1873,TCGA-G8-6909-01A,TCGA-G8-6909-01A,1.0,0.0,0.0,0.0,0.0
7,110903669,+,7,111010626,-,DLBC,1874,TCGA-G8-6909-01A,TCGA-G8-6909-01A,1.0,0.0,0.0,0.0,0.0
7,114270809,+,7,114275098,-,DLBC,1875,TCGA-G8-6909-01A,TCGA-G8-6909-01A,1.0,0.0,0.0,0.0,0.0
7,134591794,+,7,134597631,-,DLBC,1876,TCGA-G8-6909-01A,TCGA-G8-6909-01A,1.0,0.0,0.0,0.0,0.0
7,136093280,-,7,136098250,+,DLBC,1877,TCGA-G8-6909-01A,TCGA-G8-6909-01A,1.0,0.0,0.0,0.0,0.0
8,8935115,-,8,9043140,+,DLBC,1878,TCGA-G8-6909-01A,TCGA-G8-6909-01A,1.0,0.0,0.0,0.0,0.0
8,33013902,+,8,33023976,-,DLBC,1879,TCGA-G8-6909-01A,TCGA-G8-6909-01A,1.0,0.0,0.0,0.0,0.0
8,33015513,-,8,33037913,+,DLBC,1880,TCGA-G8-6909-01A,TCGA-G8-6909-01A,1.0,0.0,0.0,0.0,0.0
8,33023975,+,8,33038100,-,DLBC,1881,TCGA-G8-6909-01A,TCGA-G8-6909-01A,1.0,0.0,0.0,0.0,0.0
8,36116618,+,8,36118151,-,DLBC,1882,TCGA-G8-6909-01A,TCGA-G8-6909-01A,1.0,0.0,0.0,0.0,0.0
8,36285300,+,8,36286411,-,DLBC,1883,TCGA-G8-6909-01A,TCGA-G8-6909-01A,1.0,0.0,0.0,0.0,0.0
8,38614160,-,8,39248646,+,DLBC,1884,TCGA-G8-6909-01A,TCGA-G8-6909-01A,1.0,0.0,0.0,0.0,0.0
8,43152043,+,8,43156113,-,DLBC,1885,TCGA-G8-6909-01A,TCGA-G8-6909-01A,1.0,0.0,0.0,0.0,0.0
8,58965882,+,8,59134607,-,DLBC,1886,TCGA-G8-6909-01A,TCGA-G8-6909-01A,1.0,0.0,0.0,0.0,0.0
8,66334181,-,8,66362779,+,DLBC,1887,TCGA-G8-6909-01A,TCGA-G8-6909-01A,1.0,0.0,0.0,0.0,0.0
8,79897462,+,8,79901410,-,DLBC,1888,TCGA-G8-6909-01A,TCGA-G8-6909-01A,1.0,0.0,0.0,0.0,0.0
8,137990948,+,8,137991660,-,DLBC,1889,TCGA-G8-6909-01A,TCGA-G8-6909-01A,1.0,0.0,0.0,0.0,0.0
9,1916901,+,9,1940355,-,DLBC,1890,TCGA-G8-6909-01A,TCGA-G8-6909-01A,1.0,0.0,0.0,0.0,0.0
9,5467913,+,9,5480242,-,DLBC,1891,TCGA-G8-6909-01A,TCGA-G8-6909-01A,1.0,0.0,0.0,0.0,0.0
9,25549129,-,9,25553463,+,DLBC,1892,TCGA-G8-6909-01A,TCGA-G8-6909-01A,1.0,0.0,0.0,0.0,0.0
9,32633613,+,9,32641097,-,DLBC,1893,TCGA-G8-6909-01A,TCGA-G8-6909-01A,1.0,0.0,0.0,0.0,0.0
9,37382788,+,9,37385493,-,DLBC,1894,TCGA-G8-6909-01A,TCGA-G8-6909-01A,1.0,0.0,0.0,0.0,0.0
9,128838878,+,9,128839093,-,DLBC,1895,TCGA-G8-6909-01A,TCGA-G8-6909-01A,1.0,0.0,0.0,0.0,0.0
9,129891467,-,9,129894667,+,DLBC,1896,TCGA-G8-6909-01A,TCGA-G8-6909-01A,1.0,0.0,0.0,0.0,0.0
23,1418036,+,23,1528686,-,DLBC,1897,TCGA-G8-6909-01A,TCGA-G8-6909-01A,1.0,0.0,0.0,0.0,0.0
23,4220257,+,23,4225884,-,DLBC,1898,TCGA-G8-6909-01A,TCGA-G8-6909-01A,1.0,0.0,0.0,0.0,0.0
23,5519202,+,23,5520253,-,DLBC,1899,TCGA-G8-6909-01A,TCGA-G8-6909-01A,1.0,0.0,0.0,0.0,0.0
23,7494939,+,23,7673803,-,DLBC,1900,TCGA-G8-6909-01A,TCGA-G8-6909-01A,1.0,0.0,0.0,0.0,0.0
23,18158643,+,23,18160974,-,DLBC,1901,TCGA-G8-6909-01A,TCGA-G8-6909-01A,1.0,0.0,0.0,0.0,0.0
23,31792548,+,23,31793432,-,DLBC,1902,TCGA-G8-6909-01A,TCGA-G8-6909-01A,1.0,0.0,0.0,0.0,0.0
23,31796333,+,23,31871400,-,DLBC,1903,TCGA-G8-6909-01A,TCGA-G8-6909-01A,1.0,0.0,0.0,0.0,0.0
23,32317342,+,23,32334345,-,DLBC,1904,TCGA-G8-6909-01A,TCGA-G8-6909-01A,1.0,0.0,0.0,0.0,0.0
23,32885554,+,23,32886299,-,DLBC,1905,TCGA-G8-6909-01A,TCGA-G8-6909-01A,1.0,0.0,0.0,0.0,0.0
23,33353004,-,23,33366284,+,DLBC,1906,TCGA-G8-6909-01A,TCGA-G8-6909-01A,1.0,0.0,0.0,0.0,0.0
23,35209292,+,23,35210570,-,DLBC,1907,TCGA-G8-6909-01A,TCGA-G8-6909-01A,1.0,0.0,0.0,0.0,0.0
23,38479387,+,23,38484972,+,DLBC,1908,TCGA-G8-6909-01A,TCGA-G8-6909-01A,1.0,0.0,0.0,0.0,0.0
23,38479898,-,23,38485023,-,DLBC,1909,TCGA-G8-6909-01A,TCGA-G8-6909-01A,1.0,0.0,0.0,0.0,0.0
23,70094878,+,23,70097722,+,DLBC,1910,TCGA-G8-6909-01A,TCGA-G8-6909-01A,1.0,0.0,0.0,0.0,0.0
23,70095039,-,23,70097921,-,DLBC,1911,TCGA-G8-6909-01A,TCGA-G8-6909-01A,1.0,0.0,0.0,0.0,0.0
23,81529788,-,23,81534334,+,DLBC,1912,TCGA-G8-6909-01A,TCGA-G8-6909-01A,1.0,0.0,0.0,0.0,0.0
23,86600598,-,23,86603810,+,DLBC,1913,TCGA-G8-6909-01A,TCGA-G8-6909-01A,1.0,0.0,0.0,0.0,0.0
23,88598789,+,23,88601961,-,DLBC,1914,TCGA-G8-6909-01A,TCGA-G8-6909-01A,1.0,0.0,0.0,0.0,0.0
23,90069779,-,23,90073611,+,DLBC,1915,TCGA-G8-6909-01A,TCGA-G8-6909-01A,1.0,0.0,0.0,0.0,0.0
23,91325744,+,23,91326154,-,DLBC,1916,TCGA-G8-6909-01A,TCGA-G8-6909-01A,1.0,0.0,0.0,0.0,0.0
23,119111586,+,23,119125454,-,DLBC,1917,TCGA-G8-6909-01A,TCGA-G8-6909-01A,1.0,0.0,0.0,0.0,0.0
23,123608801,+,23,123654533,-,DLBC,1918,TCGA-G8-6909-01A,TCGA-G8-6909-01A,1.0,0.0,0.0,0.0,0.0
23,123609906,-,23,123654675,+,DLBC,1919,TCGA-G8-6909-01A,TCGA-G8-6909-01A,1.0,0.0,0.0,0.0,0.0
23,125694692,+,23,125697365,-,DLBC,1920,TCGA-G8-6909-01A,TCGA-G8-6909-01A,1.0,0.0,0.0,0.0,0.0
23,128300223,-,23,128302774,+,DLBC,1921,TCGA-G8-6909-01A,TCGA-G8-6909-01A,1.0,0.0,0.0,0.0,0.0
23,135935248,+,23,135939401,-,DLBC,1922,TCGA-G8-6909-01A,TCGA-G8-6909-01A,1.0,0.0,0.0,0.0,0.0
23,143717835,+,23,143718384,-,DLBC,1923,TCGA-G8-6909-01A,TCGA-G8-6909-01A,1.0,0.0,0.0,0.0,0.0
23,143884664,+,23,143885182,-,DLBC,1924,TCGA-G8-6909-01A,TCGA-G8-6909-01A,1.0,0.0,0.0,0.0,0.0
23,146217536,+,23,146218367,-,DLBC,1925,TCGA-G8-6909-01A,TCGA-G8-6909-01A,1.0,0.0,0.0,0.0,0.0
23,147245184,-,23,147248431,+,DLBC,1926,TCGA-G8-6909-01A,TCGA-G8-6909-01A,1.0,0.0,0.0,0.0,0.0
1,21117218,+,1,21118599,-,DLBC,1927,TCGA-GR-7351-01A,TCGA-GR-7351-01A,1.0,0.0,0.0,0.0,0.0
1,21117636,+,1,21118599,-,DLBC,1928,TCGA-GR-7351-01A,TCGA-GR-7351-01A,1.0,0.0,0.0,0.0,0.0
1,28508103,+,1,28509885,-,DLBC,1929,TCGA-GR-7351-01A,TCGA-GR-7351-01A,1.0,0.0,0.0,0.0,0.0
1,187695932,+,8,112162059,-,DLBC,1930,TCGA-GR-7351-01A,TCGA-GR-7351-01A,1.0,0.0,0.0,0.0,0.0
10,116805251,+,19,54297009,-,DLBC,1931,TCGA-GR-7351-01A,TCGA-GR-7351-01A,1.0,0.0,0.0,0.0,0.0
12,73391571,-,12,73403779,-,DLBC,1932,TCGA-GR-7351-01A,TCGA-GR-7351-01A,1.0,0.0,0.0,0.0,0.0
12,110017889,-,12,110022426,+,DLBC,1933,TCGA-GR-7351-01A,TCGA-GR-7351-01A,1.0,0.0,0.0,0.0,0.0
13,38360539,-,13,38360952,-,DLBC,1934,TCGA-GR-7351-01A,TCGA-GR-7351-01A,1.0,0.0,0.0,0.0,0.0
13,80602637,-,13,80608689,+,DLBC,1935,TCGA-GR-7351-01A,TCGA-GR-7351-01A,1.0,0.0,0.0,0.0,0.0
13,99264123,+,13,99265311,+,DLBC,1936,TCGA-GR-7351-01A,TCGA-GR-7351-01A,1.0,0.0,0.0,0.0,0.0
14,105647433,+,14,105772839,-,DLBC,1937,TCGA-GR-7351-01A,TCGA-GR-7351-01A,1.0,0.0,0.0,0.0,0.0
14,105773512,+,14,105862981,-,DLBC,1938,TCGA-GR-7351-01A,TCGA-GR-7351-01A,1.0,0.0,0.0,0.0,0.0
15,40181523,+,15,46471646,-,DLBC,1939,TCGA-GR-7351-01A,TCGA-GR-7351-01A,1.0,0.0,0.0,0.0,0.0
16,36053209,-,16,36059710,+,DLBC,1940,TCGA-GR-7351-01A,TCGA-GR-7351-01A,1.0,0.0,0.0,0.0,0.0
16,78057296,-,16,78314619,+,DLBC,1941,TCGA-GR-7351-01A,TCGA-GR-7351-01A,1.0,0.0,0.0,0.0,0.0
16,78373288,-,16,78394357,+,DLBC,1942,TCGA-GR-7351-01A,TCGA-GR-7351-01A,1.0,0.0,0.0,0.0,0.0
16,78451281,-,16,78479601,+,DLBC,1943,TCGA-GR-7351-01A,TCGA-GR-7351-01A,1.0,0.0,0.0,0.0,0.0
18,15730433,+,18,20667588,-,DLBC,1944,TCGA-GR-7351-01A,TCGA-GR-7351-01A,1.0,0.0,0.0,0.0,0.0
19,10230747,-,19,10233488,-,DLBC,1945,TCGA-GR-7351-01A,TCGA-GR-7351-01A,1.0,0.0,0.0,0.0,0.0
2,111121906,+,2,166981134,-,DLBC,1946,TCGA-GR-7351-01A,TCGA-GR-7351-01A,1.0,0.0,0.0,0.0,0.0
2,186721649,+,2,186721932,-,DLBC,1947,TCGA-GR-7351-01A,TCGA-GR-7351-01A,1.0,0.0,0.0,0.0,0.0
2,196115828,-,2,196254153,+,DLBC,1948,TCGA-GR-7351-01A,TCGA-GR-7351-01A,1.0,0.0,0.0,0.0,0.0
22,28068060,+,22,28068565,-,DLBC,1949,TCGA-GR-7351-01A,TCGA-GR-7351-01A,1.0,0.0,0.0,0.0,0.0
3,60383431,+,3,60485799,-,DLBC,1950,TCGA-GR-7351-01A,TCGA-GR-7351-01A,1.0,0.0,0.0,0.0,0.0
3,60584598,+,3,60585395,-,DLBC,1951,TCGA-GR-7351-01A,TCGA-GR-7351-01A,1.0,0.0,0.0,0.0,0.0
3,60820547,+,3,60886758,-,DLBC,1952,TCGA-GR-7351-01A,TCGA-GR-7351-01A,1.0,0.0,0.0,0.0,0.0
3,85572186,+,3,85698846,-,DLBC,1953,TCGA-GR-7351-01A,TCGA-GR-7351-01A,1.0,0.0,0.0,0.0,0.0
3,112499952,+,3,112513578,+,DLBC,1954,TCGA-GR-7351-01A,TCGA-GR-7351-01A,1.0,0.0,0.0,0.0,0.0
3,116716331,+,3,116953795,-,DLBC,1955,TCGA-GR-7351-01A,TCGA-GR-7351-01A,1.0,0.0,0.0,0.0,0.0
4,8644050,-,11,77633690,-,DLBC,1956,TCGA-GR-7351-01A,TCGA-GR-7351-01A,1.0,0.0,0.0,0.0,0.0
4,8730644,+,4,8859158,-,DLBC,1957,TCGA-GR-7351-01A,TCGA-GR-7351-01A,1.0,0.0,0.0,0.0,0.0
4,91611334,+,4,91621981,-,DLBC,1958,TCGA-GR-7351-01A,TCGA-GR-7351-01A,1.0,0.0,0.0,0.0,0.0
4,96009313,+,4,131318635,-,DLBC,1959,TCGA-GR-7351-01A,TCGA-GR-7351-01A,1.0,0.0,0.0,0.0,0.0
4,96009525,-,4,131318703,+,DLBC,1960,TCGA-GR-7351-01A,TCGA-GR-7351-01A,1.0,0.0,0.0,0.0,0.0
4,112285279,-,4,112285428,+,DLBC,1961,TCGA-GR-7351-01A,TCGA-GR-7351-01A,1.0,0.0,0.0,0.0,0.0
5,109989047,+,5,110007115,-,DLBC,1962,TCGA-GR-7351-01A,TCGA-GR-7351-01A,1.0,0.0,0.0,0.0,0.0
5,132489325,+,5,132490292,-,DLBC,1963,TCGA-GR-7351-01A,TCGA-GR-7351-01A,1.0,0.0,0.0,0.0,0.0
7,15382734,+,7,50937263,-,DLBC,1964,TCGA-GR-7351-01A,TCGA-GR-7351-01A,1.0,0.0,0.0,0.0,0.0
7,24695195,-,19,45465233,+,DLBC,1965,TCGA-GR-7351-01A,TCGA-GR-7351-01A,1.0,0.0,0.0,0.0,0.0
7,24695197,+,19,45465032,-,DLBC,1966,TCGA-GR-7351-01A,TCGA-GR-7351-01A,1.0,0.0,0.0,0.0,0.0
7,61822346,+,7,62234864,-,DLBC,1967,TCGA-GR-7351-01A,TCGA-GR-7351-01A,1.0,0.0,0.0,0.0,0.0
7,110656199,+,7,110949912,-,DLBC,1968,TCGA-GR-7351-01A,TCGA-GR-7351-01A,1.0,0.0,0.0,0.0,0.0
7,152194729,+,7,152196090,-,DLBC,1969,TCGA-GR-7351-01A,TCGA-GR-7351-01A,1.0,0.0,0.0,0.0,0.0
8,3845438,+,8,3848584,-,DLBC,1970,TCGA-GR-7351-01A,TCGA-GR-7351-01A,1.0,0.0,0.0,0.0,0.0
8,23015958,-,16,64489117,-,DLBC,1971,TCGA-GR-7351-01A,TCGA-GR-7351-01A,1.0,0.0,0.0,0.0,0.0
8,86891404,+,8,86895649,-,DLBC,1972,TCGA-GR-7351-01A,TCGA-GR-7351-01A,1.0,0.0,0.0,0.0,0.0
9,43383201,+,9,45152030,-,DLBC,1973,TCGA-GR-7351-01A,TCGA-GR-7351-01A,1.0,0.0,0.0,0.0,0.0
9,43399638,-,9,43400268,+,DLBC,1974,TCGA-GR-7351-01A,TCGA-GR-7351-01A,1.0,0.0,0.0,0.0,0.0
9,43650553,-,9,44369862,+,DLBC,1975,TCGA-GR-7351-01A,TCGA-GR-7351-01A,1.0,0.0,0.0,0.0,0.0
9,102100417,-,9,102125296,+,DLBC,1976,TCGA-GR-7351-01A,TCGA-GR-7351-01A,1.0,0.0,0.0,0.0,0.0
23,817864,+,23,1477572,+,DLBC,1977,TCGA-GR-7351-01A,TCGA-GR-7351-01A,1.0,0.0,0.0,0.0,0.0
23,1363787,+,23,1563245,-,DLBC,1978,TCGA-GR-7351-01A,TCGA-GR-7351-01A,1.0,0.0,0.0,0.0,0.0
1,81760513,-,1,81762693,-,DLBC,1979,TCGA-GR-7353-01A,TCGA-GR-7353-01A,1.0,0.0,0.0,0.0,0.0
1,84493177,-,1,119078627,-,DLBC,1980,TCGA-GR-7353-01A,TCGA-GR-7353-01A,1.0,0.0,0.0,0.0,0.0
1,85858179,+,1,85861162,+,DLBC,1981,TCGA-GR-7353-01A,TCGA-GR-7353-01A,1.0,0.0,0.0,0.0,0.0
1,150907855,+,1,150919146,-,DLBC,1982,TCGA-GR-7353-01A,TCGA-GR-7353-01A,1.0,0.0,0.0,0.0,0.0
10,39900194,-,10,41708940,+,DLBC,1983,TCGA-GR-7353-01A,TCGA-GR-7353-01A,1.0,0.0,0.0,0.0,0.0
10,87881845,+,10,87962928,-,DLBC,1984,TCGA-GR-7353-01A,TCGA-GR-7353-01A,1.0,0.0,0.0,0.0,0.0
11,132878288,-,11,132890738,+,DLBC,1985,TCGA-GR-7353-01A,TCGA-GR-7353-01A,1.0,0.0,0.0,0.0,0.0
12,10125675,+,12,10149026,-,DLBC,1986,TCGA-GR-7353-01A,TCGA-GR-7353-01A,1.0,0.0,0.0,0.0,0.0
12,34690533,+,12,34697193,-,DLBC,1987,TCGA-GR-7353-01A,TCGA-GR-7353-01A,1.0,0.0,0.0,0.0,0.0
12,88944785,+,12,95267548,-,DLBC,1988,TCGA-GR-7353-01A,TCGA-GR-7353-01A,1.0,0.0,0.0,0.0,0.0
13,50056840,+,13,50168555,-,DLBC,1989,TCGA-GR-7353-01A,TCGA-GR-7353-01A,1.0,0.0,0.0,0.0,0.0
14,60607886,+,14,60669202,-,DLBC,1990,TCGA-GR-7353-01A,TCGA-GR-7353-01A,1.0,0.0,0.0,0.0,0.0
14,67257201,+,14,67268076,-,DLBC,1991,TCGA-GR-7353-01A,TCGA-GR-7353-01A,1.0,0.0,0.0,0.0,0.0
14,105861336,+,14,105861893,-,DLBC,1992,TCGA-GR-7353-01A,TCGA-GR-7353-01A,1.0,0.0,0.0,0.0,0.0
15,66659808,+,15,66696736,-,DLBC,1993,TCGA-GR-7353-01A,TCGA-GR-7353-01A,1.0,0.0,0.0,0.0,0.0
16,902471,+,16,957912,-,DLBC,1994,TCGA-GR-7353-01A,TCGA-GR-7353-01A,1.0,0.0,0.0,0.0,0.0
18,11575384,-,18,11606385,-,DLBC,1995,TCGA-GR-7353-01A,TCGA-GR-7353-01A,1.0,0.0,0.0,0.0,0.0
18,11575514,+,18,11576869,+,DLBC,1996,TCGA-GR-7353-01A,TCGA-GR-7353-01A,1.0,0.0,0.0,0.0,0.0
18,11576869,+,18,11606386,-,DLBC,1997,TCGA-GR-7353-01A,TCGA-GR-7353-01A,1.0,0.0,0.0,0.0,0.0
18,74734334,+,18,74742861,-,DLBC,1998,TCGA-GR-7353-01A,TCGA-GR-7353-01A,1.0,0.0,0.0,0.0,0.0
19,28683214,+,19,28684393,-,DLBC,1999,TCGA-GR-7353-01A,TCGA-GR-7353-01A,1.0,0.0,0.0,0.0,0.0
2,93898202,-,2,93898785,+,DLBC,2000,TCGA-GR-7353-01A,TCGA-GR-7353-01A,1.0,0.0,0.0,0.0,0.0
2,145302835,+,3,188422290,-,DLBC,2001,TCGA-GR-7353-01A,TCGA-GR-7353-01A,1.0,0.0,0.0,0.0,0.0
2,145536294,-,2,145928077,+,DLBC,2002,TCGA-GR-7353-01A,TCGA-GR-7353-01A,1.0,0.0,0.0,0.0,0.0
2,145771414,+,3,187970457,+,DLBC,2003,TCGA-GR-7353-01A,TCGA-GR-7353-01A,1.0,0.0,0.0,0.0,0.0
2,145809903,-,3,187970483,-,DLBC,2004,TCGA-GR-7353-01A,TCGA-GR-7353-01A,1.0,0.0,0.0,0.0,0.0
2,145928082,-,3,188422031,+,DLBC,2005,TCGA-GR-7353-01A,TCGA-GR-7353-01A,1.0,0.0,0.0,0.0,0.0
2,184644417,+,2,184828931,-,DLBC,2006,TCGA-GR-7353-01A,TCGA-GR-7353-01A,1.0,0.0,0.0,0.0,0.0
2,200402303,+,2,200568987,+,DLBC,2007,TCGA-GR-7353-01A,TCGA-GR-7353-01A,1.0,0.0,0.0,0.0,0.0
2,200505963,-,2,222968799,-,DLBC,2008,TCGA-GR-7353-01A,TCGA-GR-7353-01A,1.0,0.0,0.0,0.0,0.0
2,225355475,+,2,225662278,+,DLBC,2009,TCGA-GR-7353-01A,TCGA-GR-7353-01A,1.0,0.0,0.0,0.0,0.0
2,225655558,-,2,225809257,-,DLBC,2010,TCGA-GR-7353-01A,TCGA-GR-7353-01A,1.0,0.0,0.0,0.0,0.0
2,225812339,+,2,227906398,-,DLBC,2011,TCGA-GR-7353-01A,TCGA-GR-7353-01A,1.0,0.0,0.0,0.0,0.0
2,229814223,+,2,229846535,-,DLBC,2012,TCGA-GR-7353-01A,TCGA-GR-7353-01A,1.0,0.0,0.0,0.0,0.0
2,232835949,+,2,232846489,-,DLBC,2013,TCGA-GR-7353-01A,TCGA-GR-7353-01A,1.0,0.0,0.0,0.0,0.0
21,26531581,-,21,26532762,+,DLBC,2014,TCGA-GR-7353-01A,TCGA-GR-7353-01A,1.0,0.0,0.0,0.0,0.0
22,28207751,+,22,28743404,-,DLBC,2015,TCGA-GR-7353-01A,TCGA-GR-7353-01A,1.0,0.0,0.0,0.0,0.0
3,80233798,+,3,80234682,-,DLBC,2016,TCGA-GR-7353-01A,TCGA-GR-7353-01A,1.0,0.0,0.0,0.0,0.0
3,159761368,-,3,159768746,+,DLBC,2017,TCGA-GR-7353-01A,TCGA-GR-7353-01A,1.0,0.0,0.0,0.0,0.0
4,1567046,+,4,1616780,-,DLBC,2018,TCGA-GR-7353-01A,TCGA-GR-7353-01A,1.0,0.0,0.0,0.0,0.0
4,33786646,+,4,34009595,-,DLBC,2019,TCGA-GR-7353-01A,TCGA-GR-7353-01A,1.0,0.0,0.0,0.0,0.0
4,111672198,+,10,114046911,-,DLBC,2020,TCGA-GR-7353-01A,TCGA-GR-7353-01A,1.0,0.0,0.0,0.0,0.0
4,153527343,+,4,153583245,-,DLBC,2021,TCGA-GR-7353-01A,TCGA-GR-7353-01A,1.0,0.0,0.0,0.0,0.0
5,131065071,+,5,131450671,-,DLBC,2022,TCGA-GR-7353-01A,TCGA-GR-7353-01A,1.0,0.0,0.0,0.0,0.0
5,138545451,+,5,139404328,-,DLBC,2023,TCGA-GR-7353-01A,TCGA-GR-7353-01A,1.0,0.0,0.0,0.0,0.0
5,158760254,+,5,159028949,-,DLBC,2024,TCGA-GR-7353-01A,TCGA-GR-7353-01A,1.0,0.0,0.0,0.0,0.0
6,5666049,+,6,5794276,-,DLBC,2025,TCGA-GR-7353-01A,TCGA-GR-7353-01A,1.0,0.0,0.0,0.0,0.0
6,27866374,+,6,27868231,-,DLBC,2026,TCGA-GR-7353-01A,TCGA-GR-7353-01A,1.0,0.0,0.0,0.0,0.0
7,60340837,+,7,62512594,-,DLBC,2027,TCGA-GR-7353-01A,TCGA-GR-7353-01A,1.0,0.0,0.0,0.0,0.0
7,74129966,-,7,74813833,+,DLBC,2028,TCGA-GR-7353-01A,TCGA-GR-7353-01A,1.0,0.0,0.0,0.0,0.0
7,106608563,+,7,106724464,-,DLBC,2029,TCGA-GR-7353-01A,TCGA-GR-7353-01A,1.0,0.0,0.0,0.0,0.0
7,118507017,+,11,81385385,-,DLBC,2030,TCGA-GR-7353-01A,TCGA-GR-7353-01A,1.0,0.0,0.0,0.0,0.0
8,53868684,+,8,70536616,-,DLBC,2031,TCGA-GR-7353-01A,TCGA-GR-7353-01A,1.0,0.0,0.0,0.0,0.0
8,55930262,+,8,55942470,-,DLBC,2032,TCGA-GR-7353-01A,TCGA-GR-7353-01A,1.0,0.0,0.0,0.0,0.0
8,87428414,-,18,43735183,+,DLBC,2033,TCGA-GR-7353-01A,TCGA-GR-7353-01A,1.0,0.0,0.0,0.0,0.0
8,120826266,+,8,120826871,-,DLBC,2034,TCGA-GR-7353-01A,TCGA-GR-7353-01A,1.0,0.0,0.0,0.0,0.0
9,108391733,+,9,108392871,-,DLBC,2035,TCGA-GR-7353-01A,TCGA-GR-7353-01A,1.0,0.0,0.0,0.0,0.0
23,77844341,+,23,77872829,-,DLBC,2036,TCGA-GR-7353-01A,TCGA-GR-7353-01A,1.0,0.0,0.0,0.0,0.0
10,41781784,+,10,57561852,-,DLBC,2037,TCGA-GR-A4D4-01A,TCGA-GR-A4D4-01A,1.0,0.0,0.0,0.0,0.0
10,45263798,+,10,45447642,-,DLBC,2038,TCGA-GR-A4D4-01A,TCGA-GR-A4D4-01A,1.0,0.0,0.0,0.0,0.0
11,54405797,-,11,54420151,+,DLBC,2039,TCGA-GR-A4D4-01A,TCGA-GR-A4D4-01A,1.0,0.0,0.0,0.0,0.0
11,56039626,-,16,76397946,-,DLBC,2040,TCGA-GR-A4D4-01A,TCGA-GR-A4D4-01A,1.0,0.0,0.0,0.0,0.0
12,37253833,-,12,37257940,+,DLBC,2041,TCGA-GR-A4D4-01A,TCGA-GR-A4D4-01A,1.0,0.0,0.0,0.0,0.0
13,48373704,+,13,48435235,-,DLBC,2042,TCGA-GR-A4D4-01A,TCGA-GR-A4D4-01A,1.0,0.0,0.0,0.0,0.0
13,75726441,+,13,75805030,-,DLBC,2043,TCGA-GR-A4D4-01A,TCGA-GR-A4D4-01A,1.0,0.0,0.0,0.0,0.0
13,110542703,-,13,110719184,+,DLBC,2044,TCGA-GR-A4D4-01A,TCGA-GR-A4D4-01A,1.0,0.0,0.0,0.0,0.0
14,58015478,+,14,59355403,-,DLBC,2045,TCGA-GR-A4D4-01A,TCGA-GR-A4D4-01A,1.0,0.0,0.0,0.0,0.0
14,105744780,+,14,105858897,-,DLBC,2046,TCGA-GR-A4D4-01A,TCGA-GR-A4D4-01A,1.0,0.0,0.0,0.0,0.0
14,105863252,+,18,63114348,-,DLBC,2047,TCGA-GR-A4D4-01A,TCGA-GR-A4D4-01A,1.0,0.0,0.0,0.0,0.0
14,105913228,-,18,63114363,+,DLBC,2048,TCGA-GR-A4D4-01A,TCGA-GR-A4D4-01A,1.0,0.0,0.0,0.0,0.0
15,24690698,+,15,24713004,-,DLBC,2049,TCGA-GR-A4D4-01A,TCGA-GR-A4D4-01A,1.0,0.0,0.0,0.0,0.0
15,24713133,+,19,43536984,-,DLBC,2050,TCGA-GR-A4D4-01A,TCGA-GR-A4D4-01A,1.0,0.0,0.0,0.0,0.0
15,44658591,+,15,44720117,-,DLBC,2051,TCGA-GR-A4D4-01A,TCGA-GR-A4D4-01A,1.0,0.0,0.0,0.0,0.0
15,75404702,+,15,75432638,-,DLBC,2052,TCGA-GR-A4D4-01A,TCGA-GR-A4D4-01A,1.0,0.0,0.0,0.0,0.0
19,43525655,+,19,43535838,-,DLBC,2053,TCGA-GR-A4D4-01A,TCGA-GR-A4D4-01A,1.0,0.0,0.0,0.0,0.0
19,43536366,+,19,43537292,+,DLBC,2054,TCGA-GR-A4D4-01A,TCGA-GR-A4D4-01A,1.0,0.0,0.0,0.0,0.0
2,85207938,-,10,68926145,-,DLBC,2055,TCGA-GR-A4D4-01A,TCGA-GR-A4D4-01A,1.0,0.0,0.0,0.0,0.0
2,88861256,+,2,89027169,-,DLBC,2056,TCGA-GR-A4D4-01A,TCGA-GR-A4D4-01A,1.0,0.0,0.0,0.0,0.0
2,88861923,+,2,89099859,-,DLBC,2057,TCGA-GR-A4D4-01A,TCGA-GR-A4D4-01A,1.0,0.0,0.0,0.0,0.0
2,88861923,+,2,90100737,+,DLBC,2058,TCGA-GR-A4D4-01A,TCGA-GR-A4D4-01A,1.0,0.0,0.0,0.0,0.0
2,191617446,+,11,73631150,+,DLBC,2059,TCGA-GR-A4D4-01A,TCGA-GR-A4D4-01A,1.0,0.0,0.0,0.0,0.0
22,17881419,+,22,18001471,-,DLBC,2060,TCGA-GR-A4D4-01A,TCGA-GR-A4D4-01A,1.0,0.0,0.0,0.0,0.0
22,29274108,+,22,29274423,-,DLBC,2061,TCGA-GR-A4D4-01A,TCGA-GR-A4D4-01A,1.0,0.0,0.0,0.0,0.0
3,91003725,+,3,91089473,-,DLBC,2062,TCGA-GR-A4D4-01A,TCGA-GR-A4D4-01A,1.0,0.0,0.0,0.0,0.0
3,157395218,-,10,87843358,+,DLBC,2063,TCGA-GR-A4D4-01A,TCGA-GR-A4D4-01A,1.0,0.0,0.0,0.0,0.0
4,101188264,+,4,101268618,-,DLBC,2064,TCGA-GR-A4D4-01A,TCGA-GR-A4D4-01A,1.0,0.0,0.0,0.0,0.0
5,46539064,-,5,46550453,+,DLBC,2065,TCGA-GR-A4D4-01A,TCGA-GR-A4D4-01A,1.0,0.0,0.0,0.0,0.0
5,47058211,+,5,47128731,-,DLBC,2066,TCGA-GR-A4D4-01A,TCGA-GR-A4D4-01A,1.0,0.0,0.0,0.0,0.0
5,69118390,+,5,69160404,-,DLBC,2067,TCGA-GR-A4D4-01A,TCGA-GR-A4D4-01A,1.0,0.0,0.0,0.0,0.0
7,10282003,+,7,10287013,-,DLBC,2068,TCGA-GR-A4D4-01A,TCGA-GR-A4D4-01A,1.0,0.0,0.0,0.0,0.0
8,6434658,+,8,6662551,-,DLBC,2069,TCGA-GR-A4D4-01A,TCGA-GR-A4D4-01A,1.0,0.0,0.0,0.0,0.0
8,121970139,-,11,34877888,+,DLBC,2070,TCGA-GR-A4D4-01A,TCGA-GR-A4D4-01A,1.0,0.0,0.0,0.0,0.0
9,95282075,+,24,13212785,+,DLBC,2071,TCGA-GR-A4D4-01A,TCGA-GR-A4D4-01A,1.0,0.0,0.0,0.0,0.0
23,31339760,+,23,31482804,-,DLBC,2072,TCGA-GR-A4D4-01A,TCGA-GR-A4D4-01A,1.0,0.0,0.0,0.0,0.0
23,135968040,+,23,135972603,-,DLBC,2073,TCGA-GR-A4D4-01A,TCGA-GR-A4D4-01A,1.0,0.0,0.0,0.0,0.0
23,137923695,+,23,137925213,-,DLBC,2074,TCGA-GR-A4D4-01A,TCGA-GR-A4D4-01A,1.0,0.0,0.0,0.0,0.0
1,28512594,+,1,32868642,-,DLBC,2075,TCGA-GR-A4D5-01A,TCGA-GR-A4D5-01A,1.0,0.0,0.0,0.0,0.0
11,16297028,+,11,16311941,-,DLBC,2076,TCGA-GR-A4D5-01A,TCGA-GR-A4D5-01A,1.0,0.0,0.0,0.0,0.0
11,29447944,+,11,29450452,-,DLBC,2077,TCGA-GR-A4D5-01A,TCGA-GR-A4D5-01A,1.0,0.0,0.0,0.0,0.0
11,52646487,-,11,53263100,+,DLBC,2078,TCGA-GR-A4D5-01A,TCGA-GR-A4D5-01A,1.0,0.0,0.0,0.0,0.0
11,97222823,+,11,97223755,-,DLBC,2079,TCGA-GR-A4D5-01A,TCGA-GR-A4D5-01A,1.0,0.0,0.0,0.0,0.0
11,108131576,+,11,108278418,-,DLBC,2080,TCGA-GR-A4D5-01A,TCGA-GR-A4D5-01A,1.0,0.0,0.0,0.0,0.0
12,12733533,+,12,12734190,-,DLBC,2081,TCGA-GR-A4D5-01A,TCGA-GR-A4D5-01A,1.0,0.0,0.0,0.0,0.0
12,38642493,-,14,36025939,-,DLBC,2082,TCGA-GR-A4D5-01A,TCGA-GR-A4D5-01A,1.0,0.0,0.0,0.0,0.0
12,59012619,+,12,59056917,-,DLBC,2083,TCGA-GR-A4D5-01A,TCGA-GR-A4D5-01A,1.0,0.0,0.0,0.0,0.0
12,132659518,+,12,132714382,-,DLBC,2084,TCGA-GR-A4D5-01A,TCGA-GR-A4D5-01A,1.0,0.0,0.0,0.0,0.0
12,132730736,+,12,132733051,-,DLBC,2085,TCGA-GR-A4D5-01A,TCGA-GR-A4D5-01A,1.0,0.0,0.0,0.0,0.0
12,132744587,+,12,132846553,-,DLBC,2086,TCGA-GR-A4D5-01A,TCGA-GR-A4D5-01A,1.0,0.0,0.0,0.0,0.0
12,133155034,-,12,133203728,+,DLBC,2087,TCGA-GR-A4D5-01A,TCGA-GR-A4D5-01A,1.0,0.0,0.0,0.0,0.0
14,26678979,+,20,24901063,+,DLBC,2088,TCGA-GR-A4D5-01A,TCGA-GR-A4D5-01A,1.0,0.0,0.0,0.0,0.0
15,88083004,+,15,88083578,-,DLBC,2089,TCGA-GR-A4D5-01A,TCGA-GR-A4D5-01A,1.0,0.0,0.0,0.0,0.0
18,55088446,-,18,55435197,+,DLBC,2090,TCGA-GR-A4D5-01A,TCGA-GR-A4D5-01A,1.0,0.0,0.0,0.0,0.0
19,6519297,+,19,6939777,-,DLBC,2091,TCGA-GR-A4D5-01A,TCGA-GR-A4D5-01A,1.0,0.0,0.0,0.0,0.0
2,100896118,+,2,100897361,-,DLBC,2092,TCGA-GR-A4D5-01A,TCGA-GR-A4D5-01A,1.0,0.0,0.0,0.0,0.0
2,204998360,+,23,12833050,+,DLBC,2093,TCGA-GR-A4D5-01A,TCGA-GR-A4D5-01A,1.0,0.0,0.0,0.0,0.0
21,21950547,+,21,21955397,-,DLBC,2094,TCGA-GR-A4D5-01A,TCGA-GR-A4D5-01A,1.0,0.0,0.0,0.0,0.0
22,23344710,-,22,24675006,+,DLBC,2095,TCGA-GR-A4D5-01A,TCGA-GR-A4D5-01A,1.0,0.0,0.0,0.0,0.0
3,8698070,-,13,41448189,+,DLBC,2096,TCGA-GR-A4D5-01A,TCGA-GR-A4D5-01A,1.0,0.0,0.0,0.0,0.0
3,46641584,+,3,50429259,-,DLBC,2097,TCGA-GR-A4D5-01A,TCGA-GR-A4D5-01A,1.0,0.0,0.0,0.0,0.0
3,128645363,-,3,128666781,+,DLBC,2098,TCGA-GR-A4D5-01A,TCGA-GR-A4D5-01A,1.0,0.0,0.0,0.0,0.0
3,187744906,-,22,22747709,+,DLBC,2099,TCGA-GR-A4D5-01A,TCGA-GR-A4D5-01A,1.0,0.0,0.0,0.0,0.0
3,187744933,+,22,22747693,-,DLBC,2100,TCGA-GR-A4D5-01A,TCGA-GR-A4D5-01A,1.0,0.0,0.0,0.0,0.0
4,40476191,+,4,64681826,-,DLBC,2101,TCGA-GR-A4D5-01A,TCGA-GR-A4D5-01A,1.0,0.0,0.0,0.0,0.0
5,46659055,+,5,47063719,+,DLBC,2102,TCGA-GR-A4D5-01A,TCGA-GR-A4D5-01A,1.0,0.0,0.0,0.0,0.0
6,50853782,+,6,73773268,-,DLBC,2103,TCGA-GR-A4D5-01A,TCGA-GR-A4D5-01A,1.0,0.0,0.0,0.0,0.0
6,77421355,+,6,77464899,-,DLBC,2104,TCGA-GR-A4D5-01A,TCGA-GR-A4D5-01A,1.0,0.0,0.0,0.0,0.0
6,78419080,+,6,78421253,-,DLBC,2105,TCGA-GR-A4D5-01A,TCGA-GR-A4D5-01A,1.0,0.0,0.0,0.0,0.0
7,124985282,-,23,128782742,-,DLBC,2106,TCGA-GR-A4D5-01A,TCGA-GR-A4D5-01A,1.0,0.0,0.0,0.0,0.0
8,16458183,+,8,16458825,-,DLBC,2107,TCGA-GR-A4D5-01A,TCGA-GR-A4D5-01A,1.0,0.0,0.0,0.0,0.0
9,21978639,+,9,22000614,-,DLBC,2108,TCGA-GR-A4D5-01A,TCGA-GR-A4D5-01A,1.0,0.0,0.0,0.0,0.0
9,124614352,+,9,124615204,-,DLBC,2109,TCGA-GR-A4D5-01A,TCGA-GR-A4D5-01A,1.0,0.0,0.0,0.0,0.0
1,111379372,+,1,111421926,-,DLBC,2110,TCGA-GR-A4D6-01A,TCGA-GR-A4D6-01A,1.0,0.0,0.0,0.0,0.0
1,154686178,+,1,154687493,-,DLBC,2111,TCGA-GR-A4D6-01A,TCGA-GR-A4D6-01A,1.0,0.0,0.0,0.0,0.0
1,154714646,+,1,155008990,-,DLBC,2112,TCGA-GR-A4D6-01A,TCGA-GR-A4D6-01A,1.0,0.0,0.0,0.0,0.0
1,215142408,+,1,215682875,-,DLBC,2113,TCGA-GR-A4D6-01A,TCGA-GR-A4D6-01A,1.0,0.0,0.0,0.0,0.0
1,215682895,-,1,228074638,-,DLBC,2114,TCGA-GR-A4D6-01A,TCGA-GR-A4D6-01A,1.0,0.0,0.0,0.0,0.0
1,215683059,+,1,226369996,+,DLBC,2115,TCGA-GR-A4D6-01A,TCGA-GR-A4D6-01A,1.0,0.0,0.0,0.0,0.0
10,80025249,+,10,91849521,-,DLBC,2116,TCGA-GR-A4D6-01A,TCGA-GR-A4D6-01A,1.0,0.0,0.0,0.0,0.0
10,106484675,-,22,27947013,+,DLBC,2117,TCGA-GR-A4D6-01A,TCGA-GR-A4D6-01A,1.0,0.0,0.0,0.0,0.0
11,119270614,-,19,30410778,+,DLBC,2118,TCGA-GR-A4D6-01A,TCGA-GR-A4D6-01A,1.0,0.0,0.0,0.0,0.0
12,11430732,+,12,11665479,-,DLBC,2119,TCGA-GR-A4D6-01A,TCGA-GR-A4D6-01A,1.0,0.0,0.0,0.0,0.0
12,11673833,+,12,13967181,-,DLBC,2120,TCGA-GR-A4D6-01A,TCGA-GR-A4D6-01A,1.0,0.0,0.0,0.0,0.0
12,99237570,+,12,99355906,-,DLBC,2121,TCGA-GR-A4D6-01A,TCGA-GR-A4D6-01A,1.0,0.0,0.0,0.0,0.0
12,112712993,-,18,22068904,-,DLBC,2122,TCGA-GR-A4D6-01A,TCGA-GR-A4D6-01A,1.0,0.0,0.0,0.0,0.0
13,113267374,+,13,113274094,-,DLBC,2123,TCGA-GR-A4D6-01A,TCGA-GR-A4D6-01A,1.0,0.0,0.0,0.0,0.0
14,38351701,+,14,38418276,-,DLBC,2124,TCGA-GR-A4D6-01A,TCGA-GR-A4D6-01A,1.0,0.0,0.0,0.0,0.0
14,102095081,+,16,1871981,+,DLBC,2125,TCGA-GR-A4D6-01A,TCGA-GR-A4D6-01A,1.0,0.0,0.0,0.0,0.0
14,105627527,+,14,105860033,-,DLBC,2126,TCGA-GR-A4D6-01A,TCGA-GR-A4D6-01A,1.0,0.0,0.0,0.0,0.0
14,105864251,+,14,105904687,-,DLBC,2127,TCGA-GR-A4D6-01A,TCGA-GR-A4D6-01A,1.0,0.0,0.0,0.0,0.0
15,96853874,+,15,97233285,-,DLBC,2128,TCGA-GR-A4D6-01A,TCGA-GR-A4D6-01A,1.0,0.0,0.0,0.0,0.0
17,22949443,-,17,22994777,+,DLBC,2129,TCGA-GR-A4D6-01A,TCGA-GR-A4D6-01A,1.0,0.0,0.0,0.0,0.0
18,24643390,+,18,24694144,-,DLBC,2130,TCGA-GR-A4D6-01A,TCGA-GR-A4D6-01A,1.0,0.0,0.0,0.0,0.0
18,27429982,+,18,27456695,-,DLBC,2131,TCGA-GR-A4D6-01A,TCGA-GR-A4D6-01A,1.0,0.0,0.0,0.0,0.0
19,6512386,+,19,22972363,+,DLBC,2132,TCGA-GR-A4D6-01A,TCGA-GR-A4D6-01A,1.0,0.0,0.0,0.0,0.0
19,7121260,-,19,22972614,-,DLBC,2133,TCGA-GR-A4D6-01A,TCGA-GR-A4D6-01A,1.0,0.0,0.0,0.0,0.0
19,19626592,+,19,19629034,-,DLBC,2134,TCGA-GR-A4D6-01A,TCGA-GR-A4D6-01A,1.0,0.0,0.0,0.0,0.0
19,29914303,+,19,29931636,-,DLBC,2135,TCGA-GR-A4D6-01A,TCGA-GR-A4D6-01A,1.0,0.0,0.0,0.0,0.0
19,47165249,+,19,47228099,-,DLBC,2136,TCGA-GR-A4D6-01A,TCGA-GR-A4D6-01A,1.0,0.0,0.0,0.0,0.0
2,76845425,-,2,76852841,+,DLBC,2137,TCGA-GR-A4D6-01A,TCGA-GR-A4D6-01A,1.0,0.0,0.0,0.0,0.0
2,84202568,+,2,84369357,-,DLBC,2138,TCGA-GR-A4D6-01A,TCGA-GR-A4D6-01A,1.0,0.0,0.0,0.0,0.0
20,19881600,+,20,19881949,+,DLBC,2139,TCGA-GR-A4D6-01A,TCGA-GR-A4D6-01A,1.0,0.0,0.0,0.0,0.0
20,19881623,-,20,43366513,+,DLBC,2140,TCGA-GR-A4D6-01A,TCGA-GR-A4D6-01A,1.0,0.0,0.0,0.0,0.0
20,19910100,-,20,43366536,-,DLBC,2141,TCGA-GR-A4D6-01A,TCGA-GR-A4D6-01A,1.0,0.0,0.0,0.0,0.0
20,20616627,+,20,20856977,-,DLBC,2142,TCGA-GR-A4D6-01A,TCGA-GR-A4D6-01A,1.0,0.0,0.0,0.0,0.0
22,42825314,+,22,43160054,-,DLBC,2143,TCGA-GR-A4D6-01A,TCGA-GR-A4D6-01A,1.0,0.0,0.0,0.0,0.0
3,90774374,+,3,90988331,-,DLBC,2144,TCGA-GR-A4D6-01A,TCGA-GR-A4D6-01A,1.0,0.0,0.0,0.0,0.0
3,166553799,+,3,166895427,-,DLBC,2145,TCGA-GR-A4D6-01A,TCGA-GR-A4D6-01A,1.0,0.0,0.0,0.0,0.0
3,173177280,+,3,173179174,+,DLBC,2146,TCGA-GR-A4D6-01A,TCGA-GR-A4D6-01A,1.0,0.0,0.0,0.0,0.0
4,57783200,+,4,57985794,-,DLBC,2147,TCGA-GR-A4D6-01A,TCGA-GR-A4D6-01A,1.0,0.0,0.0,0.0,0.0
4,66349879,+,4,124352191,-,DLBC,2148,TCGA-GR-A4D6-01A,TCGA-GR-A4D6-01A,1.0,0.0,0.0,0.0,0.0
4,66349879,+,4,124352201,+,DLBC,2149,TCGA-GR-A4D6-01A,TCGA-GR-A4D6-01A,1.0,0.0,0.0,0.0,0.0
4,124352070,-,4,124352200,-,DLBC,2150,TCGA-GR-A4D6-01A,TCGA-GR-A4D6-01A,1.0,0.0,0.0,0.0,0.0
5,2550323,+,5,2556075,-,DLBC,2151,TCGA-GR-A4D6-01A,TCGA-GR-A4D6-01A,1.0,0.0,0.0,0.0,0.0
5,49792629,+,5,49929200,-,DLBC,2152,TCGA-GR-A4D6-01A,TCGA-GR-A4D6-01A,1.0,0.0,0.0,0.0,0.0
5,60798819,+,5,60835008,-,DLBC,2153,TCGA-GR-A4D6-01A,TCGA-GR-A4D6-01A,1.0,0.0,0.0,0.0,0.0
5,60829983,-,16,2322083,+,DLBC,2154,TCGA-GR-A4D6-01A,TCGA-GR-A4D6-01A,1.0,0.0,0.0,0.0,0.0
5,60834715,+,5,60835851,+,DLBC,2155,TCGA-GR-A4D6-01A,TCGA-GR-A4D6-01A,1.0,0.0,0.0,0.0,0.0
5,177501411,-,5,177504108,-,DLBC,2156,TCGA-GR-A4D6-01A,TCGA-GR-A4D6-01A,1.0,0.0,0.0,0.0,0.0
5,177501569,+,5,177501702,+,DLBC,2157,TCGA-GR-A4D6-01A,TCGA-GR-A4D6-01A,1.0,0.0,0.0,0.0,0.0
6,43774694,+,6,52639474,-,DLBC,2158,TCGA-GR-A4D6-01A,TCGA-GR-A4D6-01A,1.0,0.0,0.0,0.0,0.0
7,57272249,+,7,57302958,-,DLBC,2159,TCGA-GR-A4D6-01A,TCGA-GR-A4D6-01A,1.0,0.0,0.0,0.0,0.0
7,62644678,+,7,62788228,-,DLBC,2160,TCGA-GR-A4D6-01A,TCGA-GR-A4D6-01A,1.0,0.0,0.0,0.0,0.0
7,105077225,+,7,105252816,-,DLBC,2161,TCGA-GR-A4D6-01A,TCGA-GR-A4D6-01A,1.0,0.0,0.0,0.0,0.0
7,131090657,+,7,131712278,+,DLBC,2162,TCGA-GR-A4D6-01A,TCGA-GR-A4D6-01A,1.0,0.0,0.0,0.0,0.0
7,131090657,+,7,131717326,-,DLBC,2163,TCGA-GR-A4D6-01A,TCGA-GR-A4D6-01A,1.0,0.0,0.0,0.0,0.0
7,131711996,-,7,131717325,-,DLBC,2164,TCGA-GR-A4D6-01A,TCGA-GR-A4D6-01A,1.0,0.0,0.0,0.0,0.0
7,132198002,+,7,132211317,-,DLBC,2165,TCGA-GR-A4D6-01A,TCGA-GR-A4D6-01A,1.0,0.0,0.0,0.0,0.0
8,46864937,-,9,25356799,-,DLBC,2166,TCGA-GR-A4D6-01A,TCGA-GR-A4D6-01A,1.0,0.0,0.0,0.0,0.0
9,25901890,+,9,25903232,-,DLBC,2167,TCGA-GR-A4D6-01A,TCGA-GR-A4D6-01A,1.0,0.0,0.0,0.0,0.0
9,83853713,+,9,83916270,-,DLBC,2168,TCGA-GR-A4D6-01A,TCGA-GR-A4D6-01A,1.0,0.0,0.0,0.0,0.0
23,67937720,-,23,67999688,+,DLBC,2169,TCGA-GR-A4D6-01A,TCGA-GR-A4D6-01A,1.0,0.0,0.0,0.0,0.0
23,67937727,+,23,67957800,+,DLBC,2170,TCGA-GR-A4D6-01A,TCGA-GR-A4D6-01A,1.0,0.0,0.0,0.0,0.0
23,67999504,-,23,67999662,-,DLBC,2171,TCGA-GR-A4D6-01A,TCGA-GR-A4D6-01A,1.0,0.0,0.0,0.0,0.0
23,77870230,+,23,77871229,-,DLBC,2172,TCGA-GR-A4D6-01A,TCGA-GR-A4D6-01A,1.0,0.0,0.0,0.0,0.0
1,83766777,-,1,85312149,+,DLBC,2173,TCGA-GR-A4D9-01B,TCGA-GR-A4D9-01B,1.0,0.0,0.0,0.0,0.0
1,219814857,+,1,240692756,+,DLBC,2174,TCGA-GR-A4D9-01B,TCGA-GR-A4D9-01B,1.0,0.0,0.0,0.0,0.0
1,221620826,-,1,244557005,-,DLBC,2175,TCGA-GR-A4D9-01B,TCGA-GR-A4D9-01B,1.0,0.0,0.0,0.0,0.0
1,221620879,+,1,242610365,-,DLBC,2176,TCGA-GR-A4D9-01B,TCGA-GR-A4D9-01B,1.0,0.0,0.0,0.0,0.0
1,236432528,-,1,237606999,-,DLBC,2177,TCGA-GR-A4D9-01B,TCGA-GR-A4D9-01B,1.0,0.0,0.0,0.0,0.0
1,236611794,+,1,247307721,+,DLBC,2178,TCGA-GR-A4D9-01B,TCGA-GR-A4D9-01B,1.0,0.0,0.0,0.0,0.0
1,236738258,-,1,244497020,+,DLBC,2179,TCGA-GR-A4D9-01B,TCGA-GR-A4D9-01B,1.0,0.0,0.0,0.0,0.0
1,236852829,+,1,248470191,+,DLBC,2180,TCGA-GR-A4D9-01B,TCGA-GR-A4D9-01B,1.0,0.0,0.0,0.0,0.0
1,242240824,-,1,247869046,-,DLBC,2181,TCGA-GR-A4D9-01B,TCGA-GR-A4D9-01B,1.0,0.0,0.0,0.0,0.0
1,242389716,+,1,248712762,-,DLBC,2182,TCGA-GR-A4D9-01B,TCGA-GR-A4D9-01B,1.0,0.0,0.0,0.0,0.0
1,242610366,-,1,244557006,-,DLBC,2183,TCGA-GR-A4D9-01B,TCGA-GR-A4D9-01B,1.0,0.0,0.0,0.0,0.0
10,2544685,-,10,2548851,+,DLBC,2184,TCGA-GR-A4D9-01B,TCGA-GR-A4D9-01B,1.0,0.0,0.0,0.0,0.0
11,112388094,+,19,17516874,+,DLBC,2185,TCGA-GR-A4D9-01B,TCGA-GR-A4D9-01B,1.0,0.0,0.0,0.0,0.0
12,74036242,-,12,74056955,+,DLBC,2186,TCGA-GR-A4D9-01B,TCGA-GR-A4D9-01B,1.0,0.0,0.0,0.0,0.0
12,132703716,+,12,132793721,-,DLBC,2187,TCGA-GR-A4D9-01B,TCGA-GR-A4D9-01B,1.0,0.0,0.0,0.0,0.0
14,40824968,-,14,49182461,+,DLBC,2188,TCGA-GR-A4D9-01B,TCGA-GR-A4D9-01B,1.0,0.0,0.0,0.0,0.0
14,105864258,+,14,106359791,-,DLBC,2189,TCGA-GR-A4D9-01B,TCGA-GR-A4D9-01B,1.0,0.0,0.0,0.0,0.0
19,42095713,+,19,42287613,-,DLBC,2190,TCGA-GR-A4D9-01B,TCGA-GR-A4D9-01B,1.0,0.0,0.0,0.0,0.0
2,88832772,+,2,89117342,-,DLBC,2191,TCGA-GR-A4D9-01B,TCGA-GR-A4D9-01B,1.0,0.0,0.0,0.0,0.0
2,239967980,-,9,78701427,+,DLBC,2192,TCGA-GR-A4D9-01B,TCGA-GR-A4D9-01B,1.0,0.0,0.0,0.0,0.0
3,60997924,+,3,61090880,-,DLBC,2193,TCGA-GR-A4D9-01B,TCGA-GR-A4D9-01B,1.0,0.0,0.0,0.0,0.0
3,147191656,+,3,147196319,-,DLBC,2194,TCGA-GR-A4D9-01B,TCGA-GR-A4D9-01B,1.0,0.0,0.0,0.0,0.0
5,46433867,+,5,46505211,+,DLBC,2195,TCGA-GR-A4D9-01B,TCGA-GR-A4D9-01B,1.0,0.0,0.0,0.0,0.0
5,158037045,+,6,31329621,+,DLBC,2196,TCGA-GR-A4D9-01B,TCGA-GR-A4D9-01B,1.0,0.0,0.0,0.0,0.0
6,71742167,+,6,142028958,-,DLBC,2197,TCGA-GR-A4D9-01B,TCGA-GR-A4D9-01B,1.0,0.0,0.0,0.0,0.0
6,104733843,+,6,105508443,+,DLBC,2198,TCGA-GR-A4D9-01B,TCGA-GR-A4D9-01B,1.0,0.0,0.0,0.0,0.0
6,105409305,-,6,106282417,-,DLBC,2199,TCGA-GR-A4D9-01B,TCGA-GR-A4D9-01B,1.0,0.0,0.0,0.0,0.0
8,66078670,+,8,66078829,-,DLBC,2200,TCGA-GR-A4D9-01B,TCGA-GR-A4D9-01B,1.0,0.0,0.0,0.0,0.0
9,21553833,+,9,22490965,-,DLBC,2201,TCGA-GR-A4D9-01B,TCGA-GR-A4D9-01B,1.0,0.0,0.0,0.0,0.0
23,1460001,+,23,1460676,-,DLBC,2202,TCGA-GR-A4D9-01B,TCGA-GR-A4D9-01B,1.0,0.0,0.0,0.0,0.0
23,1475414,+,23,1530963,-,DLBC,2203,TCGA-GR-A4D9-01B,TCGA-GR-A4D9-01B,1.0,0.0,0.0,0.0,0.0
1,170009256,-,1,170140455,+,DLBC,2204,TCGA-GS-A9TQ-01A,TCGA-GS-A9TQ-01A,1.0,0.0,0.0,0.0,0.0
1,171233040,-,1,171246862,-,DLBC,2205,TCGA-GS-A9TQ-01A,TCGA-GS-A9TQ-01A,1.0,0.0,0.0,0.0,0.0
11,124978176,-,13,61441498,-,DLBC,2206,TCGA-GS-A9TQ-01A,TCGA-GS-A9TQ-01A,1.0,0.0,0.0,0.0,0.0
11,134119670,-,11,134750431,+,DLBC,2207,TCGA-GS-A9TQ-01A,TCGA-GS-A9TQ-01A,1.0,0.0,0.0,0.0,0.0
12,90283261,+,12,90289562,-,DLBC,2208,TCGA-GS-A9TQ-01A,TCGA-GS-A9TQ-01A,1.0,0.0,0.0,0.0,0.0
14,105603728,+,14,105647190,-,DLBC,2209,TCGA-GS-A9TQ-01A,TCGA-GS-A9TQ-01A,1.0,0.0,0.0,0.0,0.0
14,105744430,+,14,105774280,-,DLBC,2210,TCGA-GS-A9TQ-01A,TCGA-GS-A9TQ-01A,1.0,0.0,0.0,0.0,0.0
14,105745828,+,14,105859216,-,DLBC,2211,TCGA-GS-A9TQ-01A,TCGA-GS-A9TQ-01A,1.0,0.0,0.0,0.0,0.0
14,105863251,+,18,63126300,-,DLBC,2212,TCGA-GS-A9TQ-01A,TCGA-GS-A9TQ-01A,1.0,0.0,0.0,0.0,0.0
14,105916828,-,18,63126316,+,DLBC,2213,TCGA-GS-A9TQ-01A,TCGA-GS-A9TQ-01A,1.0,0.0,0.0,0.0,0.0
15,41355423,-,15,41360735,+,DLBC,2214,TCGA-GS-A9TQ-01A,TCGA-GS-A9TQ-01A,1.0,0.0,0.0,0.0,0.0
16,30430843,-,16,30566803,+,DLBC,2215,TCGA-GS-A9TQ-01A,TCGA-GS-A9TQ-01A,1.0,0.0,0.0,0.0,0.0
18,43250748,+,18,43257218,-,DLBC,2216,TCGA-GS-A9TQ-01A,TCGA-GS-A9TQ-01A,1.0,0.0,0.0,0.0,0.0
2,50800665,-,2,52063924,-,DLBC,2217,TCGA-GS-A9TQ-01A,TCGA-GS-A9TQ-01A,1.0,0.0,0.0,0.0,0.0
2,50818732,+,2,166715062,-,DLBC,2218,TCGA-GS-A9TQ-01A,TCGA-GS-A9TQ-01A,1.0,0.0,0.0,0.0,0.0
2,51780546,-,2,188616380,+,DLBC,2219,TCGA-GS-A9TQ-01A,TCGA-GS-A9TQ-01A,1.0,0.0,0.0,0.0,0.0
2,64220168,+,18,70437508,+,DLBC,2220,TCGA-GS-A9TQ-01A,TCGA-GS-A9TQ-01A,1.0,0.0,0.0,0.0,0.0
2,77396830,+,2,77838299,+,DLBC,2221,TCGA-GS-A9TQ-01A,TCGA-GS-A9TQ-01A,1.0,0.0,0.0,0.0,0.0
2,77430534,-,2,193645416,-,DLBC,2222,TCGA-GS-A9TQ-01A,TCGA-GS-A9TQ-01A,1.0,0.0,0.0,0.0,0.0
2,77838721,-,2,184036431,-,DLBC,2223,TCGA-GS-A9TQ-01A,TCGA-GS-A9TQ-01A,1.0,0.0,0.0,0.0,0.0
2,81332944,-,2,81350313,+,DLBC,2224,TCGA-GS-A9TQ-01A,TCGA-GS-A9TQ-01A,1.0,0.0,0.0,0.0,0.0
2,88861923,-,2,90221384,-,DLBC,2225,TCGA-GS-A9TQ-01A,TCGA-GS-A9TQ-01A,1.0,0.0,0.0,0.0,0.0
2,186358258,+,2,186370059,-,DLBC,2226,TCGA-GS-A9TQ-01A,TCGA-GS-A9TQ-01A,1.0,0.0,0.0,0.0,0.0
2,187345509,+,2,187378019,-,DLBC,2227,TCGA-GS-A9TQ-01A,TCGA-GS-A9TQ-01A,1.0,0.0,0.0,0.0,0.0
2,188625688,-,2,193302576,-,DLBC,2228,TCGA-GS-A9TQ-01A,TCGA-GS-A9TQ-01A,1.0,0.0,0.0,0.0,0.0
2,193136071,+,2,193141731,-,DLBC,2229,TCGA-GS-A9TQ-01A,TCGA-GS-A9TQ-01A,1.0,0.0,0.0,0.0,0.0
2,193302464,+,2,194019667,-,DLBC,2230,TCGA-GS-A9TQ-01A,TCGA-GS-A9TQ-01A,1.0,0.0,0.0,0.0,0.0
2,193645312,+,2,193996395,-,DLBC,2231,TCGA-GS-A9TQ-01A,TCGA-GS-A9TQ-01A,1.0,0.0,0.0,0.0,0.0
2,193996213,+,2,193999368,+,DLBC,2232,TCGA-GS-A9TQ-01A,TCGA-GS-A9TQ-01A,1.0,0.0,0.0,0.0,0.0
22,41894085,+,22,41894742,+,DLBC,2233,TCGA-GS-A9TQ-01A,TCGA-GS-A9TQ-01A,1.0,0.0,0.0,0.0,0.0
3,187749111,-,8,128046066,+,DLBC,2234,TCGA-GS-A9TQ-01A,TCGA-GS-A9TQ-01A,1.0,0.0,0.0,0.0,0.0
3,189435176,+,3,194461493,-,DLBC,2235,TCGA-GS-A9TQ-01A,TCGA-GS-A9TQ-01A,1.0,0.0,0.0,0.0,0.0
3,191333769,-,3,195823162,-,DLBC,2236,TCGA-GS-A9TQ-01A,TCGA-GS-A9TQ-01A,1.0,0.0,0.0,0.0,0.0
3,192408108,+,3,192409883,+,DLBC,2237,TCGA-GS-A9TQ-01A,TCGA-GS-A9TQ-01A,1.0,0.0,0.0,0.0,0.0
3,195822368,+,3,198109748,+,DLBC,2238,TCGA-GS-A9TQ-01A,TCGA-GS-A9TQ-01A,1.0,0.0,0.0,0.0,0.0
4,161515459,+,4,161885894,-,DLBC,2239,TCGA-GS-A9TQ-01A,TCGA-GS-A9TQ-01A,1.0,0.0,0.0,0.0,0.0
7,64061769,-,7,68719282,-,DLBC,2240,TCGA-GS-A9TQ-01A,TCGA-GS-A9TQ-01A,1.0,0.0,0.0,0.0,0.0
7,64121122,-,7,68699424,+,DLBC,2241,TCGA-GS-A9TQ-01A,TCGA-GS-A9TQ-01A,1.0,0.0,0.0,0.0,0.0
7,64121246,+,7,68681581,-,DLBC,2242,TCGA-GS-A9TQ-01A,TCGA-GS-A9TQ-01A,1.0,0.0,0.0,0.0,0.0
7,64123018,-,7,68350630,+,DLBC,2243,TCGA-GS-A9TQ-01A,TCGA-GS-A9TQ-01A,1.0,0.0,0.0,0.0,0.0
7,64130006,+,7,64130887,-,DLBC,2244,TCGA-GS-A9TQ-01A,TCGA-GS-A9TQ-01A,1.0,0.0,0.0,0.0,0.0
7,65075824,-,8,110682211,-,DLBC,2245,TCGA-GS-A9TQ-01A,TCGA-GS-A9TQ-01A,1.0,0.0,0.0,0.0,0.0
7,65100181,+,7,68681799,+,DLBC,2246,TCGA-GS-A9TQ-01A,TCGA-GS-A9TQ-01A,1.0,0.0,0.0,0.0,0.0
7,67866294,-,7,68660363,+,DLBC,2247,TCGA-GS-A9TQ-01A,TCGA-GS-A9TQ-01A,1.0,0.0,0.0,0.0,0.0
7,68657618,-,7,68681491,-,DLBC,2248,TCGA-GS-A9TQ-01A,TCGA-GS-A9TQ-01A,1.0,0.0,0.0,0.0,0.0
7,68684883,+,7,68699144,-,DLBC,2249,TCGA-GS-A9TQ-01A,TCGA-GS-A9TQ-01A,1.0,0.0,0.0,0.0,0.0
7,110432114,+,7,110502207,+,DLBC,2250,TCGA-GS-A9TQ-01A,TCGA-GS-A9TQ-01A,1.0,0.0,0.0,0.0,0.0
8,2226260,+,8,111640140,-,DLBC,2251,TCGA-GS-A9TQ-01A,TCGA-GS-A9TQ-01A,1.0,0.0,0.0,0.0,0.0
8,2226300,+,8,55495713,+,DLBC,2252,TCGA-GS-A9TQ-01A,TCGA-GS-A9TQ-01A,1.0,0.0,0.0,0.0,0.0
8,2226986,-,8,136722793,-,DLBC,2253,TCGA-GS-A9TQ-01A,TCGA-GS-A9TQ-01A,1.0,0.0,0.0,0.0,0.0
8,2710926,+,8,96996033,-,DLBC,2254,TCGA-GS-A9TQ-01A,TCGA-GS-A9TQ-01A,1.0,0.0,0.0,0.0,0.0
8,5963625,-,8,52704693,-,DLBC,2255,TCGA-GS-A9TQ-01A,TCGA-GS-A9TQ-01A,1.0,0.0,0.0,0.0,0.0
8,9132964,-,8,33709436,-,DLBC,2256,TCGA-GS-A9TQ-01A,TCGA-GS-A9TQ-01A,1.0,0.0,0.0,0.0,0.0
8,19082057,-,8,105384355,-,DLBC,2257,TCGA-GS-A9TQ-01A,TCGA-GS-A9TQ-01A,1.0,0.0,0.0,0.0,0.0
8,19743476,+,8,55495713,+,DLBC,2258,TCGA-GS-A9TQ-01A,TCGA-GS-A9TQ-01A,1.0,0.0,0.0,0.0,0.0
8,32335297,-,8,58388607,+,DLBC,2259,TCGA-GS-A9TQ-01A,TCGA-GS-A9TQ-01A,1.0,0.0,0.0,0.0,0.0
8,33707596,+,8,112493019,-,DLBC,2260,TCGA-GS-A9TQ-01A,TCGA-GS-A9TQ-01A,1.0,0.0,0.0,0.0,0.0
8,36601671,+,8,53398372,+,DLBC,2261,TCGA-GS-A9TQ-01A,TCGA-GS-A9TQ-01A,1.0,0.0,0.0,0.0,0.0
8,41806436,-,8,84998473,-,DLBC,2262,TCGA-GS-A9TQ-01A,TCGA-GS-A9TQ-01A,1.0,0.0,0.0,0.0,0.0
8,43126841,+,8,120494155,+,DLBC,2263,TCGA-GS-A9TQ-01A,TCGA-GS-A9TQ-01A,1.0,0.0,0.0,0.0,0.0
8,45990535,+,8,55533494,-,DLBC,2264,TCGA-GS-A9TQ-01A,TCGA-GS-A9TQ-01A,1.0,0.0,0.0,0.0,0.0
8,47609259,+,8,112563169,+,DLBC,2265,TCGA-GS-A9TQ-01A,TCGA-GS-A9TQ-01A,1.0,0.0,0.0,0.0,0.0
8,49181177,-,8,113977000,-,DLBC,2266,TCGA-GS-A9TQ-01A,TCGA-GS-A9TQ-01A,1.0,0.0,0.0,0.0,0.0
8,50000748,+,8,93908229,+,DLBC,2267,TCGA-GS-A9TQ-01A,TCGA-GS-A9TQ-01A,1.0,0.0,0.0,0.0,0.0
8,50496325,-,8,87681158,-,DLBC,2268,TCGA-GS-A9TQ-01A,TCGA-GS-A9TQ-01A,1.0,0.0,0.0,0.0,0.0
8,50844950,+,8,53137626,-,DLBC,2269,TCGA-GS-A9TQ-01A,TCGA-GS-A9TQ-01A,1.0,0.0,0.0,0.0,0.0
8,50851785,-,8,112564431,-,DLBC,2270,TCGA-GS-A9TQ-01A,TCGA-GS-A9TQ-01A,1.0,0.0,0.0,0.0,0.0
8,52702388,+,8,111596933,+,DLBC,2271,TCGA-GS-A9TQ-01A,TCGA-GS-A9TQ-01A,1.0,0.0,0.0,0.0,0.0
8,55216459,-,8,82220589,+,DLBC,2272,TCGA-GS-A9TQ-01A,TCGA-GS-A9TQ-01A,1.0,0.0,0.0,0.0,0.0
8,66989183,-,8,82121323,-,DLBC,2273,TCGA-GS-A9TQ-01A,TCGA-GS-A9TQ-01A,1.0,0.0,0.0,0.0,0.0
8,70482434,+,8,135065612,+,DLBC,2274,TCGA-GS-A9TQ-01A,TCGA-GS-A9TQ-01A,1.0,0.0,0.0,0.0,0.0
8,77451017,-,8,119663000,-,DLBC,2275,TCGA-GS-A9TQ-01A,TCGA-GS-A9TQ-01A,1.0,0.0,0.0,0.0,0.0
8,82119580,+,8,139151722,-,DLBC,2276,TCGA-GS-A9TQ-01A,TCGA-GS-A9TQ-01A,1.0,0.0,0.0,0.0,0.0
8,82222787,-,8,90673312,+,DLBC,2277,TCGA-GS-A9TQ-01A,TCGA-GS-A9TQ-01A,1.0,0.0,0.0,0.0,0.0
8,82558087,-,8,83712764,-,DLBC,2278,TCGA-GS-A9TQ-01A,TCGA-GS-A9TQ-01A,1.0,0.0,0.0,0.0,0.0
8,82558226,+,8,105380635,-,DLBC,2279,TCGA-GS-A9TQ-01A,TCGA-GS-A9TQ-01A,1.0,0.0,0.0,0.0,0.0
8,82558226,+,8,105380866,+,DLBC,2280,TCGA-GS-A9TQ-01A,TCGA-GS-A9TQ-01A,1.0,0.0,0.0,0.0,0.0
8,82558361,+,8,112489397,+,DLBC,2281,TCGA-GS-A9TQ-01A,TCGA-GS-A9TQ-01A,1.0,0.0,0.0,0.0,0.0
8,83712686,-,8,112489411,+,DLBC,2282,TCGA-GS-A9TQ-01A,TCGA-GS-A9TQ-01A,1.0,0.0,0.0,0.0,0.0
8,84520914,+,8,107231224,-,DLBC,2283,TCGA-GS-A9TQ-01A,TCGA-GS-A9TQ-01A,1.0,0.0,0.0,0.0,0.0
8,84523244,-,8,128224720,-,DLBC,2284,TCGA-GS-A9TQ-01A,TCGA-GS-A9TQ-01A,1.0,0.0,0.0,0.0,0.0
8,88085638,+,8,134239151,-,DLBC,2285,TCGA-GS-A9TQ-01A,TCGA-GS-A9TQ-01A,1.0,0.0,0.0,0.0,0.0
8,90171110,-,8,100675446,+,DLBC,2286,TCGA-GS-A9TQ-01A,TCGA-GS-A9TQ-01A,1.0,0.0,0.0,0.0,0.0
8,92827556,+,8,92828761,-,DLBC,2287,TCGA-GS-A9TQ-01A,TCGA-GS-A9TQ-01A,1.0,0.0,0.0,0.0,0.0
8,93841919,-,8,105732896,+,DLBC,2288,TCGA-GS-A9TQ-01A,TCGA-GS-A9TQ-01A,1.0,0.0,0.0,0.0,0.0
8,102621268,-,8,119661130,+,DLBC,2289,TCGA-GS-A9TQ-01A,TCGA-GS-A9TQ-01A,1.0,0.0,0.0,0.0,0.0
8,113975591,+,8,137938175,+,DLBC,2290,TCGA-GS-A9TQ-01A,TCGA-GS-A9TQ-01A,1.0,0.0,0.0,0.0,0.0
8,125145170,-,8,125199878,-,DLBC,2291,TCGA-GS-A9TQ-01A,TCGA-GS-A9TQ-01A,1.0,0.0,0.0,0.0,0.0
9,21818733,+,9,22210761,-,DLBC,2292,TCGA-GS-A9TQ-01A,TCGA-GS-A9TQ-01A,1.0,0.0,0.0,0.0,0.0
23,7752790,+,23,7812092,-,DLBC,2293,TCGA-GS-A9TQ-01A,TCGA-GS-A9TQ-01A,1.0,0.0,0.0,0.0,0.0
10,5608224,-,10,63619450,-,DLBC,2294,TCGA-GS-A9TT-01A,TCGA-GS-A9TT-01A,1.0,0.0,0.0,0.0,0.0
10,64139657,-,10,64290530,+,DLBC,2295,TCGA-GS-A9TT-01A,TCGA-GS-A9TT-01A,1.0,0.0,0.0,0.0,0.0
10,64198463,+,10,64247541,-,DLBC,2296,TCGA-GS-A9TT-01A,TCGA-GS-A9TT-01A,1.0,0.0,0.0,0.0,0.0
12,34801104,-,12,34807875,+,DLBC,2297,TCGA-GS-A9TT-01A,TCGA-GS-A9TT-01A,1.0,0.0,0.0,0.0,0.0
12,37601332,-,12,37602552,+,DLBC,2298,TCGA-GS-A9TT-01A,TCGA-GS-A9TT-01A,1.0,0.0,0.0,0.0,0.0
12,89643072,-,12,89895042,+,DLBC,2299,TCGA-GS-A9TT-01A,TCGA-GS-A9TT-01A,1.0,0.0,0.0,0.0,0.0
12,128649114,-,12,128650008,-,DLBC,2300,TCGA-GS-A9TT-01A,TCGA-GS-A9TT-01A,1.0,0.0,0.0,0.0,0.0
12,128649877,+,12,128649990,+,DLBC,2301,TCGA-GS-A9TT-01A,TCGA-GS-A9TT-01A,1.0,0.0,0.0,0.0,0.0
14,105745518,+,14,105775024,-,DLBC,2302,TCGA-GS-A9TT-01A,TCGA-GS-A9TT-01A,1.0,0.0,0.0,0.0,0.0
14,105863251,+,14,105904696,-,DLBC,2303,TCGA-GS-A9TT-01A,TCGA-GS-A9TT-01A,1.0,0.0,0.0,0.0,0.0
14,105909914,+,14,106062165,-,DLBC,2304,TCGA-GS-A9TT-01A,TCGA-GS-A9TT-01A,1.0,0.0,0.0,0.0,0.0
15,44696941,+,15,44715516,-,DLBC,2305,TCGA-GS-A9TT-01A,TCGA-GS-A9TT-01A,1.0,0.0,0.0,0.0,0.0
16,78963456,+,16,79042603,-,DLBC,2306,TCGA-GS-A9TT-01A,TCGA-GS-A9TT-01A,1.0,0.0,0.0,0.0,0.0
19,38833919,-,19,58588110,-,DLBC,2307,TCGA-GS-A9TT-01A,TCGA-GS-A9TT-01A,1.0,0.0,0.0,0.0,0.0
19,42025394,-,19,42284203,+,DLBC,2308,TCGA-GS-A9TT-01A,TCGA-GS-A9TT-01A,1.0,0.0,0.0,0.0,0.0
2,36809298,+,2,37307770,-,DLBC,2309,TCGA-GS-A9TT-01A,TCGA-GS-A9TT-01A,1.0,0.0,0.0,0.0,0.0
2,108756655,+,2,108808856,-,DLBC,2310,TCGA-GS-A9TT-01A,TCGA-GS-A9TT-01A,1.0,0.0,0.0,0.0,0.0
3,3692848,+,3,3778933,+,DLBC,2311,TCGA-GS-A9TT-01A,TCGA-GS-A9TT-01A,1.0,0.0,0.0,0.0,0.0
3,42552726,+,4,184482786,+,DLBC,2312,TCGA-GS-A9TT-01A,TCGA-GS-A9TT-01A,1.0,0.0,0.0,0.0,0.0
3,54332577,-,4,184482805,-,DLBC,2313,TCGA-GS-A9TT-01A,TCGA-GS-A9TT-01A,1.0,0.0,0.0,0.0,0.0
3,60401231,+,3,60459964,-,DLBC,2314,TCGA-GS-A9TT-01A,TCGA-GS-A9TT-01A,1.0,0.0,0.0,0.0,0.0
3,60522345,+,3,60530768,-,DLBC,2315,TCGA-GS-A9TT-01A,TCGA-GS-A9TT-01A,1.0,0.0,0.0,0.0,0.0
3,144607580,-,3,155820302,-,DLBC,2316,TCGA-GS-A9TT-01A,TCGA-GS-A9TT-01A,1.0,0.0,0.0,0.0,0.0
3,144607581,+,3,190089942,+,DLBC,2317,TCGA-GS-A9TT-01A,TCGA-GS-A9TT-01A,1.0,0.0,0.0,0.0,0.0
3,146725857,+,3,155820293,+,DLBC,2318,TCGA-GS-A9TT-01A,TCGA-GS-A9TT-01A,1.0,0.0,0.0,0.0,0.0
3,146725857,-,3,190089945,-,DLBC,2319,TCGA-GS-A9TT-01A,TCGA-GS-A9TT-01A,1.0,0.0,0.0,0.0,0.0
4,504620,+,4,506753,-,DLBC,2320,TCGA-GS-A9TT-01A,TCGA-GS-A9TT-01A,1.0,0.0,0.0,0.0,0.0
4,185985270,-,7,4602764,+,DLBC,2321,TCGA-GS-A9TT-01A,TCGA-GS-A9TT-01A,1.0,0.0,0.0,0.0,0.0
5,35532817,+,19,44562730,+,DLBC,2322,TCGA-GS-A9TT-01A,TCGA-GS-A9TT-01A,1.0,0.0,0.0,0.0,0.0
5,101469512,-,5,101506410,+,DLBC,2323,TCGA-GS-A9TT-01A,TCGA-GS-A9TT-01A,1.0,0.0,0.0,0.0,0.0
6,96021866,+,6,165903248,+,DLBC,2324,TCGA-GS-A9TT-01A,TCGA-GS-A9TT-01A,1.0,0.0,0.0,0.0,0.0
6,139048386,-,6,151610151,-,DLBC,2325,TCGA-GS-A9TT-01A,TCGA-GS-A9TT-01A,1.0,0.0,0.0,0.0,0.0
6,148960797,-,6,150841306,-,DLBC,2326,TCGA-GS-A9TT-01A,TCGA-GS-A9TT-01A,1.0,0.0,0.0,0.0,0.0
6,149174267,+,6,170340630,+,DLBC,2327,TCGA-GS-A9TT-01A,TCGA-GS-A9TT-01A,1.0,0.0,0.0,0.0,0.0
6,151610154,+,6,153928680,+,DLBC,2328,TCGA-GS-A9TT-01A,TCGA-GS-A9TT-01A,1.0,0.0,0.0,0.0,0.0
6,165903251,-,6,167271721,-,DLBC,2329,TCGA-GS-A9TT-01A,TCGA-GS-A9TT-01A,1.0,0.0,0.0,0.0,0.0
7,76284253,+,7,76286912,-,DLBC,2330,TCGA-GS-A9TT-01A,TCGA-GS-A9TT-01A,1.0,0.0,0.0,0.0,0.0
7,142958999,+,7,142959736,-,DLBC,2331,TCGA-GS-A9TT-01A,TCGA-GS-A9TT-01A,1.0,0.0,0.0,0.0,0.0
9,21980993,+,9,22000478,+,DLBC,2332,TCGA-GS-A9TT-01A,TCGA-GS-A9TT-01A,1.0,0.0,0.0,0.0,0.0
9,22000135,-,9,22044780,-,DLBC,2333,TCGA-GS-A9TT-01A,TCGA-GS-A9TT-01A,1.0,0.0,0.0,0.0,0.0
9,103191153,-,9,103200558,+,DLBC,2334,TCGA-GS-A9TT-01A,TCGA-GS-A9TT-01A,1.0,0.0,0.0,0.0,0.0
1,1823684,+,1,11063870,-,DLBC,2335,TCGA-GS-A9TU-01A,TCGA-GS-A9TU-01A,1.0,0.0,0.0,0.0,0.0
1,76875000,-,2,56623530,-,DLBC,2336,TCGA-GS-A9TU-01A,TCGA-GS-A9TU-01A,1.0,0.0,0.0,0.0,0.0
1,234755052,+,3,188826127,-,DLBC,2337,TCGA-GS-A9TU-01A,TCGA-GS-A9TU-01A,1.0,0.0,0.0,0.0,0.0
11,90660171,+,11,90734470,-,DLBC,2338,TCGA-GS-A9TU-01A,TCGA-GS-A9TU-01A,1.0,0.0,0.0,0.0,0.0
14,105863255,+,14,105916829,-,DLBC,2339,TCGA-GS-A9TU-01A,TCGA-GS-A9TU-01A,1.0,0.0,0.0,0.0,0.0
18,12356007,+,18,14350118,+,DLBC,2340,TCGA-GS-A9TU-01A,TCGA-GS-A9TU-01A,1.0,0.0,0.0,0.0,0.0
18,12754883,-,18,14102264,+,DLBC,2341,TCGA-GS-A9TU-01A,TCGA-GS-A9TU-01A,1.0,0.0,0.0,0.0,0.0
18,12774949,-,18,13893422,-,DLBC,2342,TCGA-GS-A9TU-01A,TCGA-GS-A9TU-01A,1.0,0.0,0.0,0.0,0.0
18,12946624,-,18,13841133,+,DLBC,2343,TCGA-GS-A9TU-01A,TCGA-GS-A9TU-01A,1.0,0.0,0.0,0.0,0.0
18,13891565,+,18,13896964,+,DLBC,2344,TCGA-GS-A9TU-01A,TCGA-GS-A9TU-01A,1.0,0.0,0.0,0.0,0.0
18,13983323,-,18,14018891,+,DLBC,2345,TCGA-GS-A9TU-01A,TCGA-GS-A9TU-01A,1.0,0.0,0.0,0.0,0.0
18,21785999,+,18,24568233,-,DLBC,2346,TCGA-GS-A9TU-01A,TCGA-GS-A9TU-01A,1.0,0.0,0.0,0.0,0.0
18,79422640,+,18,79433003,-,DLBC,2347,TCGA-GS-A9TU-01A,TCGA-GS-A9TU-01A,1.0,0.0,0.0,0.0,0.0
19,10658586,+,19,10676240,+,DLBC,2348,TCGA-GS-A9TU-01A,TCGA-GS-A9TU-01A,1.0,0.0,0.0,0.0,0.0
19,45084603,+,19,45110240,-,DLBC,2349,TCGA-GS-A9TU-01A,TCGA-GS-A9TU-01A,1.0,0.0,0.0,0.0,0.0
19,52085862,+,19,52132319,-,DLBC,2350,TCGA-GS-A9TU-01A,TCGA-GS-A9TU-01A,1.0,0.0,0.0,0.0,0.0
2,60530929,+,2,60839561,-,DLBC,2351,TCGA-GS-A9TU-01A,TCGA-GS-A9TU-01A,1.0,0.0,0.0,0.0,0.0
2,88861923,+,2,89142574,-,DLBC,2352,TCGA-GS-A9TU-01A,TCGA-GS-A9TU-01A,1.0,0.0,0.0,0.0,0.0
2,93091061,+,2,93298904,-,DLBC,2353,TCGA-GS-A9TU-01A,TCGA-GS-A9TU-01A,1.0,0.0,0.0,0.0,0.0
22,22891862,-,22,22892005,+,DLBC,2354,TCGA-GS-A9TU-01A,TCGA-GS-A9TU-01A,1.0,0.0,0.0,0.0,0.0
3,71150806,-,19,38726522,-,DLBC,2355,TCGA-GS-A9TU-01A,TCGA-GS-A9TU-01A,1.0,0.0,0.0,0.0,0.0
3,75354482,+,3,75355262,-,DLBC,2356,TCGA-GS-A9TU-01A,TCGA-GS-A9TU-01A,1.0,0.0,0.0,0.0,0.0
5,45301245,+,5,45371391,-,DLBC,2357,TCGA-GS-A9TU-01A,TCGA-GS-A9TU-01A,1.0,0.0,0.0,0.0,0.0
5,105242275,+,5,132817658,-,DLBC,2358,TCGA-GS-A9TU-01A,TCGA-GS-A9TU-01A,1.0,0.0,0.0,0.0,0.0
9,21962207,+,9,22007671,-,DLBC,2359,TCGA-GS-A9TU-01A,TCGA-GS-A9TU-01A,1.0,0.0,0.0,0.0,0.0
1,116570020,+,1,116571874,-,DLBC,2360,TCGA-GS-A9TW-01A,TCGA-GS-A9TW-01A,1.0,0.0,0.0,0.0,0.0
1,150892833,-,1,150898742,-,DLBC,2361,TCGA-GS-A9TW-01A,TCGA-GS-A9TW-01A,1.0,0.0,0.0,0.0,0.0
1,150892844,+,1,150898054,+,DLBC,2362,TCGA-GS-A9TW-01A,TCGA-GS-A9TW-01A,1.0,0.0,0.0,0.0,0.0
10,29382201,+,13,74133909,+,DLBC,2363,TCGA-GS-A9TW-01A,TCGA-GS-A9TW-01A,1.0,0.0,0.0,0.0,0.0
10,33960749,+,10,33962862,-,DLBC,2364,TCGA-GS-A9TW-01A,TCGA-GS-A9TW-01A,1.0,0.0,0.0,0.0,0.0
10,61933260,+,10,62025468,-,DLBC,2365,TCGA-GS-A9TW-01A,TCGA-GS-A9TW-01A,1.0,0.0,0.0,0.0,0.0
10,77556247,+,10,77603732,-,DLBC,2366,TCGA-GS-A9TW-01A,TCGA-GS-A9TW-01A,1.0,0.0,0.0,0.0,0.0
10,78969887,+,10,78971658,-,DLBC,2367,TCGA-GS-A9TW-01A,TCGA-GS-A9TW-01A,1.0,0.0,0.0,0.0,0.0
10,78973071,+,10,78998118,-,DLBC,2368,TCGA-GS-A9TW-01A,TCGA-GS-A9TW-01A,1.0,0.0,0.0,0.0,0.0
10,79000788,+,10,79002348,-,DLBC,2369,TCGA-GS-A9TW-01A,TCGA-GS-A9TW-01A,1.0,0.0,0.0,0.0,0.0
10,79001152,-,10,79013169,-,DLBC,2370,TCGA-GS-A9TW-01A,TCGA-GS-A9TW-01A,1.0,0.0,0.0,0.0,0.0
10,79002193,+,10,79013160,+,DLBC,2371,TCGA-GS-A9TW-01A,TCGA-GS-A9TW-01A,1.0,0.0,0.0,0.0,0.0
10,96305039,+,10,96305807,-,DLBC,2372,TCGA-GS-A9TW-01A,TCGA-GS-A9TW-01A,1.0,0.0,0.0,0.0,0.0
10,112699598,+,10,112739462,-,DLBC,2373,TCGA-GS-A9TW-01A,TCGA-GS-A9TW-01A,1.0,0.0,0.0,0.0,0.0
11,29838422,+,11,39234260,-,DLBC,2374,TCGA-GS-A9TW-01A,TCGA-GS-A9TW-01A,1.0,0.0,0.0,0.0,0.0
11,50392017,+,11,50408516,-,DLBC,2375,TCGA-GS-A9TW-01A,TCGA-GS-A9TW-01A,1.0,0.0,0.0,0.0,0.0
11,55754121,+,11,56105140,+,DLBC,2376,TCGA-GS-A9TW-01A,TCGA-GS-A9TW-01A,1.0,0.0,0.0,0.0,0.0
11,72957706,+,11,72961869,-,DLBC,2377,TCGA-GS-A9TW-01A,TCGA-GS-A9TW-01A,1.0,0.0,0.0,0.0,0.0
12,387979,-,12,388063,-,DLBC,2378,TCGA-GS-A9TW-01A,TCGA-GS-A9TW-01A,1.0,0.0,0.0,0.0,0.0
12,1415152,+,12,1417726,-,DLBC,2379,TCGA-GS-A9TW-01A,TCGA-GS-A9TW-01A,1.0,0.0,0.0,0.0,0.0
12,8610286,+,23,46758367,-,DLBC,2380,TCGA-GS-A9TW-01A,TCGA-GS-A9TW-01A,1.0,0.0,0.0,0.0,0.0
12,8610296,-,23,46758376,+,DLBC,2381,TCGA-GS-A9TW-01A,TCGA-GS-A9TW-01A,1.0,0.0,0.0,0.0,0.0
12,66823284,+,12,67025872,-,DLBC,2382,TCGA-GS-A9TW-01A,TCGA-GS-A9TW-01A,1.0,0.0,0.0,0.0,0.0
12,82463864,+,12,82466483,-,DLBC,2383,TCGA-GS-A9TW-01A,TCGA-GS-A9TW-01A,1.0,0.0,0.0,0.0,0.0
12,115446526,+,12,115488040,-,DLBC,2384,TCGA-GS-A9TW-01A,TCGA-GS-A9TW-01A,1.0,0.0,0.0,0.0,0.0
13,17447086,-,13,17517400,+,DLBC,2385,TCGA-GS-A9TW-01A,TCGA-GS-A9TW-01A,1.0,0.0,0.0,0.0,0.0
13,63642888,+,13,63646178,-,DLBC,2386,TCGA-GS-A9TW-01A,TCGA-GS-A9TW-01A,1.0,0.0,0.0,0.0,0.0
13,67408270,-,13,67414708,+,DLBC,2387,TCGA-GS-A9TW-01A,TCGA-GS-A9TW-01A,1.0,0.0,0.0,0.0,0.0
13,67423026,+,13,67424530,-,DLBC,2388,TCGA-GS-A9TW-01A,TCGA-GS-A9TW-01A,1.0,0.0,0.0,0.0,0.0
13,86802686,-,13,86808669,+,DLBC,2389,TCGA-GS-A9TW-01A,TCGA-GS-A9TW-01A,1.0,0.0,0.0,0.0,0.0
13,100434732,+,13,100445154,-,DLBC,2390,TCGA-GS-A9TW-01A,TCGA-GS-A9TW-01A,1.0,0.0,0.0,0.0,0.0
14,53086309,+,14,53159855,-,DLBC,2391,TCGA-GS-A9TW-01A,TCGA-GS-A9TW-01A,1.0,0.0,0.0,0.0,0.0
14,54854949,+,14,54856640,-,DLBC,2392,TCGA-GS-A9TW-01A,TCGA-GS-A9TW-01A,1.0,0.0,0.0,0.0,0.0
14,69905420,+,14,69969036,-,DLBC,2393,TCGA-GS-A9TW-01A,TCGA-GS-A9TW-01A,1.0,0.0,0.0,0.0,0.0
14,102638326,+,14,102782479,-,DLBC,2394,TCGA-GS-A9TW-01A,TCGA-GS-A9TW-01A,1.0,0.0,0.0,0.0,0.0
14,105599554,+,14,105602639,-,DLBC,2395,TCGA-GS-A9TW-01A,TCGA-GS-A9TW-01A,1.0,0.0,0.0,0.0,0.0
14,105599571,-,14,105602624,+,DLBC,2396,TCGA-GS-A9TW-01A,TCGA-GS-A9TW-01A,1.0,0.0,0.0,0.0,0.0
14,105600082,+,14,105602292,-,DLBC,2397,TCGA-GS-A9TW-01A,TCGA-GS-A9TW-01A,1.0,0.0,0.0,0.0,0.0
14,105627387,+,14,105860854,-,DLBC,2398,TCGA-GS-A9TW-01A,TCGA-GS-A9TW-01A,1.0,0.0,0.0,0.0,0.0
15,29347573,+,15,29354715,-,DLBC,2399,TCGA-GS-A9TW-01A,TCGA-GS-A9TW-01A,1.0,0.0,0.0,0.0,0.0
15,40528369,+,15,52051920,-,DLBC,2400,TCGA-GS-A9TW-01A,TCGA-GS-A9TW-01A,1.0,0.0,0.0,0.0,0.0
16,10872372,+,16,10880662,-,DLBC,2401,TCGA-GS-A9TW-01A,TCGA-GS-A9TW-01A,1.0,0.0,0.0,0.0,0.0
16,10881028,+,16,10882509,-,DLBC,2402,TCGA-GS-A9TW-01A,TCGA-GS-A9TW-01A,1.0,0.0,0.0,0.0,0.0
16,10881393,-,16,10901225,+,DLBC,2403,TCGA-GS-A9TW-01A,TCGA-GS-A9TW-01A,1.0,0.0,0.0,0.0,0.0
16,78338298,+,16,78459742,-,DLBC,2404,TCGA-GS-A9TW-01A,TCGA-GS-A9TW-01A,1.0,0.0,0.0,0.0,0.0
16,81555750,+,16,81581182,-,DLBC,2405,TCGA-GS-A9TW-01A,TCGA-GS-A9TW-01A,1.0,0.0,0.0,0.0,0.0
17,23028644,-,17,23042955,+,DLBC,2406,TCGA-GS-A9TW-01A,TCGA-GS-A9TW-01A,1.0,0.0,0.0,0.0,0.0
18,21087875,+,18,21173912,-,DLBC,2407,TCGA-GS-A9TW-01A,TCGA-GS-A9TW-01A,1.0,0.0,0.0,0.0,0.0
18,54191791,-,18,54204378,-,DLBC,2408,TCGA-GS-A9TW-01A,TCGA-GS-A9TW-01A,1.0,0.0,0.0,0.0,0.0
18,54191797,+,18,54199080,+,DLBC,2409,TCGA-GS-A9TW-01A,TCGA-GS-A9TW-01A,1.0,0.0,0.0,0.0,0.0
19,1373093,+,19,1406817,-,DLBC,2410,TCGA-GS-A9TW-01A,TCGA-GS-A9TW-01A,1.0,0.0,0.0,0.0,0.0
19,2061909,+,19,2079006,-,DLBC,2411,TCGA-GS-A9TW-01A,TCGA-GS-A9TW-01A,1.0,0.0,0.0,0.0,0.0
19,45009223,+,19,45011851,-,DLBC,2412,TCGA-GS-A9TW-01A,TCGA-GS-A9TW-01A,1.0,0.0,0.0,0.0,0.0
19,45019898,+,19,45026311,-,DLBC,2413,TCGA-GS-A9TW-01A,TCGA-GS-A9TW-01A,1.0,0.0,0.0,0.0,0.0
19,50320720,+,19,50332388,-,DLBC,2414,TCGA-GS-A9TW-01A,TCGA-GS-A9TW-01A,1.0,0.0,0.0,0.0,0.0
2,110900281,+,2,111194810,-,DLBC,2415,TCGA-GS-A9TW-01A,TCGA-GS-A9TW-01A,1.0,0.0,0.0,0.0,0.0
2,122908630,+,2,122909398,-,DLBC,2416,TCGA-GS-A9TW-01A,TCGA-GS-A9TW-01A,1.0,0.0,0.0,0.0,0.0
2,135471448,+,2,135656752,-,DLBC,2417,TCGA-GS-A9TW-01A,TCGA-GS-A9TW-01A,1.0,0.0,0.0,0.0,0.0
2,176090320,+,2,176100870,-,DLBC,2418,TCGA-GS-A9TW-01A,TCGA-GS-A9TW-01A,1.0,0.0,0.0,0.0,0.0
20,41009356,+,20,41125262,+,DLBC,2419,TCGA-GS-A9TW-01A,TCGA-GS-A9TW-01A,1.0,0.0,0.0,0.0,0.0
20,41109746,-,20,41125275,-,DLBC,2420,TCGA-GS-A9TW-01A,TCGA-GS-A9TW-01A,1.0,0.0,0.0,0.0,0.0
20,50502275,+,20,50515132,-,DLBC,2421,TCGA-GS-A9TW-01A,TCGA-GS-A9TW-01A,1.0,0.0,0.0,0.0,0.0
21,16185633,+,21,16190161,-,DLBC,2422,TCGA-GS-A9TW-01A,TCGA-GS-A9TW-01A,1.0,0.0,0.0,0.0,0.0
22,29665063,+,22,29684363,-,DLBC,2423,TCGA-GS-A9TW-01A,TCGA-GS-A9TW-01A,1.0,0.0,0.0,0.0,0.0
22,40760430,+,22,40925468,-,DLBC,2424,TCGA-GS-A9TW-01A,TCGA-GS-A9TW-01A,1.0,0.0,0.0,0.0,0.0
3,37492263,+,3,37531855,-,DLBC,2425,TCGA-GS-A9TW-01A,TCGA-GS-A9TW-01A,1.0,0.0,0.0,0.0,0.0
3,99020140,+,3,99045607,-,DLBC,2426,TCGA-GS-A9TW-01A,TCGA-GS-A9TW-01A,1.0,0.0,0.0,0.0,0.0
4,20256094,+,4,58461405,+,DLBC,2427,TCGA-GS-A9TW-01A,TCGA-GS-A9TW-01A,1.0,0.0,0.0,0.0,0.0
4,20256100,-,4,58461398,-,DLBC,2428,TCGA-GS-A9TW-01A,TCGA-GS-A9TW-01A,1.0,0.0,0.0,0.0,0.0
4,27776830,+,4,27780335,-,DLBC,2429,TCGA-GS-A9TW-01A,TCGA-GS-A9TW-01A,1.0,0.0,0.0,0.0,0.0
4,64868856,+,4,64876537,-,DLBC,2430,TCGA-GS-A9TW-01A,TCGA-GS-A9TW-01A,1.0,0.0,0.0,0.0,0.0
4,128367326,+,4,128371807,-,DLBC,2431,TCGA-GS-A9TW-01A,TCGA-GS-A9TW-01A,1.0,0.0,0.0,0.0,0.0
4,135756018,-,4,136993538,+,DLBC,2432,TCGA-GS-A9TW-01A,TCGA-GS-A9TW-01A,1.0,0.0,0.0,0.0,0.0
4,153524450,+,4,153550209,-,DLBC,2433,TCGA-GS-A9TW-01A,TCGA-GS-A9TW-01A,1.0,0.0,0.0,0.0,0.0
4,167389644,+,9,9144526,+,DLBC,2434,TCGA-GS-A9TW-01A,TCGA-GS-A9TW-01A,1.0,0.0,0.0,0.0,0.0
5,25862940,+,5,25873518,-,DLBC,2435,TCGA-GS-A9TW-01A,TCGA-GS-A9TW-01A,1.0,0.0,0.0,0.0,0.0
5,132546362,+,5,132658199,-,DLBC,2436,TCGA-GS-A9TW-01A,TCGA-GS-A9TW-01A,1.0,0.0,0.0,0.0,0.0
5,151077627,+,5,151087791,-,DLBC,2437,TCGA-GS-A9TW-01A,TCGA-GS-A9TW-01A,1.0,0.0,0.0,0.0,0.0
6,31008210,+,6,31819813,-,DLBC,2438,TCGA-GS-A9TW-01A,TCGA-GS-A9TW-01A,1.0,0.0,0.0,0.0,0.0
6,63021190,+,6,70435671,+,DLBC,2439,TCGA-GS-A9TW-01A,TCGA-GS-A9TW-01A,1.0,0.0,0.0,0.0,0.0
6,66987418,-,6,123656955,+,DLBC,2440,TCGA-GS-A9TW-01A,TCGA-GS-A9TW-01A,1.0,0.0,0.0,0.0,0.0
6,109028616,-,6,125035174,-,DLBC,2441,TCGA-GS-A9TW-01A,TCGA-GS-A9TW-01A,1.0,0.0,0.0,0.0,0.0
6,111295519,+,6,111491626,-,DLBC,2442,TCGA-GS-A9TW-01A,TCGA-GS-A9TW-01A,1.0,0.0,0.0,0.0,0.0
6,119408869,-,6,119440100,+,DLBC,2443,TCGA-GS-A9TW-01A,TCGA-GS-A9TW-01A,1.0,0.0,0.0,0.0,0.0
6,134146097,+,6,139806734,-,DLBC,2444,TCGA-GS-A9TW-01A,TCGA-GS-A9TW-01A,1.0,0.0,0.0,0.0,0.0
6,137867789,+,6,137874528,-,DLBC,2445,TCGA-GS-A9TW-01A,TCGA-GS-A9TW-01A,1.0,0.0,0.0,0.0,0.0
6,146753955,+,6,146758335,-,DLBC,2446,TCGA-GS-A9TW-01A,TCGA-GS-A9TW-01A,1.0,0.0,0.0,0.0,0.0
6,155143131,+,6,155168325,-,DLBC,2447,TCGA-GS-A9TW-01A,TCGA-GS-A9TW-01A,1.0,0.0,0.0,0.0,0.0
7,5671512,+,7,5698742,-,DLBC,2448,TCGA-GS-A9TW-01A,TCGA-GS-A9TW-01A,1.0,0.0,0.0,0.0,0.0
7,16337742,+,7,16338986,-,DLBC,2449,TCGA-GS-A9TW-01A,TCGA-GS-A9TW-01A,1.0,0.0,0.0,0.0,0.0
7,45774550,+,7,45776396,+,DLBC,2450,TCGA-GS-A9TW-01A,TCGA-GS-A9TW-01A,1.0,0.0,0.0,0.0,0.0
7,48058850,+,11,117629319,-,DLBC,2451,TCGA-GS-A9TW-01A,TCGA-GS-A9TW-01A,1.0,0.0,0.0,0.0,0.0
7,99115717,+,7,99126587,-,DLBC,2452,TCGA-GS-A9TW-01A,TCGA-GS-A9TW-01A,1.0,0.0,0.0,0.0,0.0
8,35647960,-,8,35649172,-,DLBC,2453,TCGA-GS-A9TW-01A,TCGA-GS-A9TW-01A,1.0,0.0,0.0,0.0,0.0
8,35649177,+,8,63402657,+,DLBC,2454,TCGA-GS-A9TW-01A,TCGA-GS-A9TW-01A,1.0,0.0,0.0,0.0,0.0
8,35649509,+,8,35651189,-,DLBC,2455,TCGA-GS-A9TW-01A,TCGA-GS-A9TW-01A,1.0,0.0,0.0,0.0,0.0
8,35649510,-,8,35651224,-,DLBC,2456,TCGA-GS-A9TW-01A,TCGA-GS-A9TW-01A,1.0,0.0,0.0,0.0,0.0
8,35649513,+,8,35649642,+,DLBC,2457,TCGA-GS-A9TW-01A,TCGA-GS-A9TW-01A,1.0,0.0,0.0,0.0,0.0
8,35649630,-,8,63402564,-,DLBC,2458,TCGA-GS-A9TW-01A,TCGA-GS-A9TW-01A,1.0,0.0,0.0,0.0,0.0
8,35651231,+,8,63402645,-,DLBC,2459,TCGA-GS-A9TW-01A,TCGA-GS-A9TW-01A,1.0,0.0,0.0,0.0,0.0
8,35653147,+,8,63406579,+,DLBC,2460,TCGA-GS-A9TW-01A,TCGA-GS-A9TW-01A,1.0,0.0,0.0,0.0,0.0
8,35653205,-,8,63406921,-,DLBC,2461,TCGA-GS-A9TW-01A,TCGA-GS-A9TW-01A,1.0,0.0,0.0,0.0,0.0
8,49935948,-,8,49949404,+,DLBC,2462,TCGA-GS-A9TW-01A,TCGA-GS-A9TW-01A,1.0,0.0,0.0,0.0,0.0
8,49949201,-,8,49960732,+,DLBC,2463,TCGA-GS-A9TW-01A,TCGA-GS-A9TW-01A,1.0,0.0,0.0,0.0,0.0
8,67418348,+,8,67556090,-,DLBC,2464,TCGA-GS-A9TW-01A,TCGA-GS-A9TW-01A,1.0,0.0,0.0,0.0,0.0
8,125113375,+,8,125250264,-,DLBC,2465,TCGA-GS-A9TW-01A,TCGA-GS-A9TW-01A,1.0,0.0,0.0,0.0,0.0
8,126142596,-,8,126184900,+,DLBC,2466,TCGA-GS-A9TW-01A,TCGA-GS-A9TW-01A,1.0,0.0,0.0,0.0,0.0
8,140014261,+,8,140036295,+,DLBC,2467,TCGA-GS-A9TW-01A,TCGA-GS-A9TW-01A,1.0,0.0,0.0,0.0,0.0
8,140035696,-,8,140036290,-,DLBC,2468,TCGA-GS-A9TW-01A,TCGA-GS-A9TW-01A,1.0,0.0,0.0,0.0,0.0
9,37388120,+,9,37412880,-,DLBC,2469,TCGA-GS-A9TW-01A,TCGA-GS-A9TW-01A,1.0,0.0,0.0,0.0,0.0
9,102014361,+,9,102015937,-,DLBC,2470,TCGA-GS-A9TW-01A,TCGA-GS-A9TW-01A,1.0,0.0,0.0,0.0,0.0
9,117315976,-,9,117395718,+,DLBC,2471,TCGA-GS-A9TW-01A,TCGA-GS-A9TW-01A,1.0,0.0,0.0,0.0,0.0
9,130028650,+,18,2731243,-,DLBC,2472,TCGA-GS-A9TW-01A,TCGA-GS-A9TW-01A,1.0,0.0,0.0,0.0,0.0
9,133947505,-,18,2731507,+,DLBC,2473,TCGA-GS-A9TW-01A,TCGA-GS-A9TW-01A,1.0,0.0,0.0,0.0,0.0
23,1433859,+,23,1550120,-,DLBC,2474,TCGA-GS-A9TW-01A,TCGA-GS-A9TW-01A,1.0,0.0,0.0,0.0,0.0
23,31259408,-,23,31293705,+,DLBC,2475,TCGA-GS-A9TW-01A,TCGA-GS-A9TW-01A,1.0,0.0,0.0,0.0,0.0
23,65674140,+,23,65694608,-,DLBC,2476,TCGA-GS-A9TW-01A,TCGA-GS-A9TW-01A,1.0,0.0,0.0,0.0,0.0
23,92336572,-,23,92345982,+,DLBC,2477,TCGA-GS-A9TW-01A,TCGA-GS-A9TW-01A,1.0,0.0,0.0,0.0,0.0
1,2561174,+,1,5220971,-,DLBC,2478,TCGA-GS-A9TX-01A,TCGA-GS-A9TX-01A,1.0,0.0,0.0,0.0,0.0
1,9753641,-,3,47310812,+,DLBC,2479,TCGA-GS-A9TX-01A,TCGA-GS-A9TX-01A,1.0,0.0,0.0,0.0,0.0
12,48318594,-,12,48351749,-,DLBC,2480,TCGA-GS-A9TX-01A,TCGA-GS-A9TX-01A,1.0,0.0,0.0,0.0,0.0
12,48330388,+,12,80031650,+,DLBC,2481,TCGA-GS-A9TX-01A,TCGA-GS-A9TX-01A,1.0,0.0,0.0,0.0,0.0
12,62323585,+,12,62391457,-,DLBC,2482,TCGA-GS-A9TX-01A,TCGA-GS-A9TX-01A,1.0,0.0,0.0,0.0,0.0
14,105602813,+,14,105744711,+,DLBC,2483,TCGA-GS-A9TX-01A,TCGA-GS-A9TX-01A,1.0,0.0,0.0,0.0,0.0
14,105602821,-,14,105858987,+,DLBC,2484,TCGA-GS-A9TX-01A,TCGA-GS-A9TX-01A,1.0,0.0,0.0,0.0,0.0
14,105605026,+,14,105745092,+,DLBC,2485,TCGA-GS-A9TX-01A,TCGA-GS-A9TX-01A,1.0,0.0,0.0,0.0,0.0
14,105605029,-,14,105745178,-,DLBC,2486,TCGA-GS-A9TX-01A,TCGA-GS-A9TX-01A,1.0,0.0,0.0,0.0,0.0
14,105863239,+,14,105914361,-,DLBC,2487,TCGA-GS-A9TX-01A,TCGA-GS-A9TX-01A,1.0,0.0,0.0,0.0,0.0
19,10171864,+,19,10261206,-,DLBC,2488,TCGA-GS-A9TX-01A,TCGA-GS-A9TX-01A,1.0,0.0,0.0,0.0,0.0
2,88832769,+,2,89142572,-,DLBC,2489,TCGA-GS-A9TX-01A,TCGA-GS-A9TX-01A,1.0,0.0,0.0,0.0,0.0
2,112145822,+,2,153600641,-,DLBC,2490,TCGA-GS-A9TX-01A,TCGA-GS-A9TX-01A,1.0,0.0,0.0,0.0,0.0
20,29290751,-,24,10206456,-,DLBC,2491,TCGA-GS-A9TX-01A,TCGA-GS-A9TX-01A,1.0,0.0,0.0,0.0,0.0
22,22410281,+,22,22893779,-,DLBC,2492,TCGA-GS-A9TX-01A,TCGA-GS-A9TX-01A,1.0,0.0,0.0,0.0,0.0
22,42632373,+,22,42634046,-,DLBC,2493,TCGA-GS-A9TX-01A,TCGA-GS-A9TX-01A,1.0,0.0,0.0,0.0,0.0
5,46433914,+,5,46567932,+,DLBC,2494,TCGA-GS-A9TX-01A,TCGA-GS-A9TX-01A,1.0,0.0,0.0,0.0,0.0
5,100666483,-,17,12784895,-,DLBC,2495,TCGA-GS-A9TX-01A,TCGA-GS-A9TX-01A,1.0,0.0,0.0,0.0,0.0
5,100671051,+,5,110911588,+,DLBC,2496,TCGA-GS-A9TX-01A,TCGA-GS-A9TX-01A,1.0,0.0,0.0,0.0,0.0
7,97439897,-,7,138528191,+,DLBC,2497,TCGA-GS-A9TX-01A,TCGA-GS-A9TX-01A,1.0,0.0,0.0,0.0,0.0
7,101997696,+,7,102063389,-,DLBC,2498,TCGA-GS-A9TX-01A,TCGA-GS-A9TX-01A,1.0,0.0,0.0,0.0,0.0
7,110948781,+,7,111050052,-,DLBC,2499,TCGA-GS-A9TX-01A,TCGA-GS-A9TX-01A,1.0,0.0,0.0,0.0,0.0
8,111913302,+,8,111967276,-,DLBC,2500,TCGA-GS-A9TX-01A,TCGA-GS-A9TX-01A,1.0,0.0,0.0,0.0,0.0
23,7557624,+,23,7743739,-,DLBC,2501,TCGA-GS-A9TX-01A,TCGA-GS-A9TX-01A,1.0,0.0,0.0,0.0,0.0
23,27557256,-,23,27571771,+,DLBC,2502,TCGA-GS-A9TX-01A,TCGA-GS-A9TX-01A,1.0,0.0,0.0,0.0,0.0
1,9831881,+,19,3711060,+,DLBC,2503,TCGA-GS-A9TY-01A,TCGA-GS-A9TY-01A,1.0,0.0,0.0,0.0,0.0
1,29418845,+,5,95738882,+,DLBC,2504,TCGA-GS-A9TY-01A,TCGA-GS-A9TY-01A,1.0,0.0,0.0,0.0,0.0
1,110562921,-,1,110563487,-,DLBC,2505,TCGA-GS-A9TY-01A,TCGA-GS-A9TY-01A,1.0,0.0,0.0,0.0,0.0
1,110605853,+,1,110606870,-,DLBC,2506,TCGA-GS-A9TY-01A,TCGA-GS-A9TY-01A,1.0,0.0,0.0,0.0,0.0
1,110655798,+,17,75630885,-,DLBC,2507,TCGA-GS-A9TY-01A,TCGA-GS-A9TY-01A,1.0,0.0,0.0,0.0,0.0
1,110811876,+,1,117121584,+,DLBC,2508,TCGA-GS-A9TY-01A,TCGA-GS-A9TY-01A,1.0,0.0,0.0,0.0,0.0
1,113004467,-,1,113004775,-,DLBC,2509,TCGA-GS-A9TY-01A,TCGA-GS-A9TY-01A,1.0,0.0,0.0,0.0,0.0
1,122269888,-,1,122422865,+,DLBC,2510,TCGA-GS-A9TY-01A,TCGA-GS-A9TY-01A,1.0,0.0,0.0,0.0,0.0
1,163059635,+,16,65536983,+,DLBC,2511,TCGA-GS-A9TY-01A,TCGA-GS-A9TY-01A,1.0,0.0,0.0,0.0,0.0
1,206598693,-,7,23104230,+,DLBC,2512,TCGA-GS-A9TY-01A,TCGA-GS-A9TY-01A,1.0,0.0,0.0,0.0,0.0
1,206598819,+,7,22945291,+,DLBC,2513,TCGA-GS-A9TY-01A,TCGA-GS-A9TY-01A,1.0,0.0,0.0,0.0,0.0
1,216434432,+,2,200662172,+,DLBC,2514,TCGA-GS-A9TY-01A,TCGA-GS-A9TY-01A,1.0,0.0,0.0,0.0,0.0
1,237627517,+,1,237858192,-,DLBC,2515,TCGA-GS-A9TY-01A,TCGA-GS-A9TY-01A,1.0,0.0,0.0,0.0,0.0
1,239930074,-,2,200661906,-,DLBC,2516,TCGA-GS-A9TY-01A,TCGA-GS-A9TY-01A,1.0,0.0,0.0,0.0,0.0
10,62242227,+,10,62985713,+,DLBC,2517,TCGA-GS-A9TY-01A,TCGA-GS-A9TY-01A,1.0,0.0,0.0,0.0,0.0
10,81007036,+,10,81333800,+,DLBC,2518,TCGA-GS-A9TY-01A,TCGA-GS-A9TY-01A,1.0,0.0,0.0,0.0,0.0
10,81091585,-,10,81404722,-,DLBC,2519,TCGA-GS-A9TY-01A,TCGA-GS-A9TY-01A,1.0,0.0,0.0,0.0,0.0
10,88785850,+,10,89684102,-,DLBC,2520,TCGA-GS-A9TY-01A,TCGA-GS-A9TY-01A,1.0,0.0,0.0,0.0,0.0
10,130877097,+,10,130879310,-,DLBC,2521,TCGA-GS-A9TY-01A,TCGA-GS-A9TY-01A,1.0,0.0,0.0,0.0,0.0
11,54346510,+,11,54421113,-,DLBC,2522,TCGA-GS-A9TY-01A,TCGA-GS-A9TY-01A,1.0,0.0,0.0,0.0,0.0
11,54661368,+,11,54695828,-,DLBC,2523,TCGA-GS-A9TY-01A,TCGA-GS-A9TY-01A,1.0,0.0,0.0,0.0,0.0
11,75727426,-,11,100286145,-,DLBC,2524,TCGA-GS-A9TY-01A,TCGA-GS-A9TY-01A,1.0,0.0,0.0,0.0,0.0
11,81061007,-,11,134116279,+,DLBC,2525,TCGA-GS-A9TY-01A,TCGA-GS-A9TY-01A,1.0,0.0,0.0,0.0,0.0
11,81088075,+,11,81162800,-,DLBC,2526,TCGA-GS-A9TY-01A,TCGA-GS-A9TY-01A,1.0,0.0,0.0,0.0,0.0
11,95008684,-,11,97784380,-,DLBC,2527,TCGA-GS-A9TY-01A,TCGA-GS-A9TY-01A,1.0,0.0,0.0,0.0,0.0
11,97378004,-,11,98139234,-,DLBC,2528,TCGA-GS-A9TY-01A,TCGA-GS-A9TY-01A,1.0,0.0,0.0,0.0,0.0
11,97784720,+,11,98731554,-,DLBC,2529,TCGA-GS-A9TY-01A,TCGA-GS-A9TY-01A,1.0,0.0,0.0,0.0,0.0
11,98840598,+,11,99073500,-,DLBC,2530,TCGA-GS-A9TY-01A,TCGA-GS-A9TY-01A,1.0,0.0,0.0,0.0,0.0
11,99117718,+,11,99118475,+,DLBC,2531,TCGA-GS-A9TY-01A,TCGA-GS-A9TY-01A,1.0,0.0,0.0,0.0,0.0
11,105404666,+,11,106013319,-,DLBC,2532,TCGA-GS-A9TY-01A,TCGA-GS-A9TY-01A,1.0,0.0,0.0,0.0,0.0
11,114249771,-,24,11452998,+,DLBC,2533,TCGA-GS-A9TY-01A,TCGA-GS-A9TY-01A,1.0,0.0,0.0,0.0,0.0
11,134760107,+,11,134762027,+,DLBC,2534,TCGA-GS-A9TY-01A,TCGA-GS-A9TY-01A,1.0,0.0,0.0,0.0,0.0
12,4746445,+,12,28422357,-,DLBC,2535,TCGA-GS-A9TY-01A,TCGA-GS-A9TY-01A,1.0,0.0,0.0,0.0,0.0
12,25510550,+,12,25630959,-,DLBC,2536,TCGA-GS-A9TY-01A,TCGA-GS-A9TY-01A,1.0,0.0,0.0,0.0,0.0
12,26954781,-,12,27146092,+,DLBC,2537,TCGA-GS-A9TY-01A,TCGA-GS-A9TY-01A,1.0,0.0,0.0,0.0,0.0
12,27248148,+,12,27601357,-,DLBC,2538,TCGA-GS-A9TY-01A,TCGA-GS-A9TY-01A,1.0,0.0,0.0,0.0,0.0
12,27405898,+,19,28174189,+,DLBC,2539,TCGA-GS-A9TY-01A,TCGA-GS-A9TY-01A,1.0,0.0,0.0,0.0,0.0
12,27412833,-,12,27772051,-,DLBC,2540,TCGA-GS-A9TY-01A,TCGA-GS-A9TY-01A,1.0,0.0,0.0,0.0,0.0
12,27416127,+,19,28173917,-,DLBC,2541,TCGA-GS-A9TY-01A,TCGA-GS-A9TY-01A,1.0,0.0,0.0,0.0,0.0
12,31759128,+,12,31760657,-,DLBC,2542,TCGA-GS-A9TY-01A,TCGA-GS-A9TY-01A,1.0,0.0,0.0,0.0,0.0
12,37382702,+,12,37525209,-,DLBC,2543,TCGA-GS-A9TY-01A,TCGA-GS-A9TY-01A,1.0,0.0,0.0,0.0,0.0
12,48683013,+,12,49457456,-,DLBC,2544,TCGA-GS-A9TY-01A,TCGA-GS-A9TY-01A,1.0,0.0,0.0,0.0,0.0
12,49924608,+,12,49928046,+,DLBC,2545,TCGA-GS-A9TY-01A,TCGA-GS-A9TY-01A,1.0,0.0,0.0,0.0,0.0
12,49924638,-,12,50681487,-,DLBC,2546,TCGA-GS-A9TY-01A,TCGA-GS-A9TY-01A,1.0,0.0,0.0,0.0,0.0
12,50641593,-,12,104727086,+,DLBC,2547,TCGA-GS-A9TY-01A,TCGA-GS-A9TY-01A,1.0,0.0,0.0,0.0,0.0
12,50679166,+,12,77944818,+,DLBC,2548,TCGA-GS-A9TY-01A,TCGA-GS-A9TY-01A,1.0,0.0,0.0,0.0,0.0
12,54202320,+,12,72799255,+,DLBC,2549,TCGA-GS-A9TY-01A,TCGA-GS-A9TY-01A,1.0,0.0,0.0,0.0,0.0
12,54547310,-,12,72956223,-,DLBC,2550,TCGA-GS-A9TY-01A,TCGA-GS-A9TY-01A,1.0,0.0,0.0,0.0,0.0
12,62073291,+,12,62075164,-,DLBC,2551,TCGA-GS-A9TY-01A,TCGA-GS-A9TY-01A,1.0,0.0,0.0,0.0,0.0
12,104541780,-,12,104773274,-,DLBC,2552,TCGA-GS-A9TY-01A,TCGA-GS-A9TY-01A,1.0,0.0,0.0,0.0,0.0
12,128437792,+,12,128441324,-,DLBC,2553,TCGA-GS-A9TY-01A,TCGA-GS-A9TY-01A,1.0,0.0,0.0,0.0,0.0
13,16617099,-,13,17014815,+,DLBC,2554,TCGA-GS-A9TY-01A,TCGA-GS-A9TY-01A,1.0,0.0,0.0,0.0,0.0
13,20199952,-,13,42643669,-,DLBC,2555,TCGA-GS-A9TY-01A,TCGA-GS-A9TY-01A,1.0,0.0,0.0,0.0,0.0
13,20207215,+,13,42659697,+,DLBC,2556,TCGA-GS-A9TY-01A,TCGA-GS-A9TY-01A,1.0,0.0,0.0,0.0,0.0
13,21140085,+,13,73096383,-,DLBC,2557,TCGA-GS-A9TY-01A,TCGA-GS-A9TY-01A,1.0,0.0,0.0,0.0,0.0
13,23607296,+,17,67109018,+,DLBC,2558,TCGA-GS-A9TY-01A,TCGA-GS-A9TY-01A,1.0,0.0,0.0,0.0,0.0
13,24385513,-,13,41939426,+,DLBC,2559,TCGA-GS-A9TY-01A,TCGA-GS-A9TY-01A,1.0,0.0,0.0,0.0,0.0
13,41917336,-,13,47662414,+,DLBC,2560,TCGA-GS-A9TY-01A,TCGA-GS-A9TY-01A,1.0,0.0,0.0,0.0,0.0
13,43613795,-,13,43639514,+,DLBC,2561,TCGA-GS-A9TY-01A,TCGA-GS-A9TY-01A,1.0,0.0,0.0,0.0,0.0
13,81031856,+,13,82994687,-,DLBC,2562,TCGA-GS-A9TY-01A,TCGA-GS-A9TY-01A,1.0,0.0,0.0,0.0,0.0
13,104604752,+,13,106574082,-,DLBC,2563,TCGA-GS-A9TY-01A,TCGA-GS-A9TY-01A,1.0,0.0,0.0,0.0,0.0
14,67739467,-,14,67739755,+,DLBC,2564,TCGA-GS-A9TY-01A,TCGA-GS-A9TY-01A,1.0,0.0,0.0,0.0,0.0
14,68794827,-,16,53010796,-,DLBC,2565,TCGA-GS-A9TY-01A,TCGA-GS-A9TY-01A,1.0,0.0,0.0,0.0,0.0
14,98481424,+,23,80972103,-,DLBC,2566,TCGA-GS-A9TY-01A,TCGA-GS-A9TY-01A,1.0,0.0,0.0,0.0,0.0
14,98490898,-,23,80839271,+,DLBC,2567,TCGA-GS-A9TY-01A,TCGA-GS-A9TY-01A,1.0,0.0,0.0,0.0,0.0
14,104915734,-,18,26542968,+,DLBC,2568,TCGA-GS-A9TY-01A,TCGA-GS-A9TY-01A,1.0,0.0,0.0,0.0,0.0
14,105745830,-,14,105860468,+,DLBC,2569,TCGA-GS-A9TY-01A,TCGA-GS-A9TY-01A,1.0,0.0,0.0,0.0,0.0
14,105746492,+,14,105859834,+,DLBC,2570,TCGA-GS-A9TY-01A,TCGA-GS-A9TY-01A,1.0,0.0,0.0,0.0,0.0
14,105746494,+,14,105859555,-,DLBC,2571,TCGA-GS-A9TY-01A,TCGA-GS-A9TY-01A,1.0,0.0,0.0,0.0,0.0
14,105855841,+,14,105860475,-,DLBC,2572,TCGA-GS-A9TY-01A,TCGA-GS-A9TY-01A,1.0,0.0,0.0,0.0,0.0
14,105886057,+,14,106129536,-,DLBC,2573,TCGA-GS-A9TY-01A,TCGA-GS-A9TY-01A,1.0,0.0,0.0,0.0,0.0
15,36481192,+,15,65297025,+,DLBC,2574,TCGA-GS-A9TY-01A,TCGA-GS-A9TY-01A,1.0,0.0,0.0,0.0,0.0
15,37324889,-,15,67872759,-,DLBC,2575,TCGA-GS-A9TY-01A,TCGA-GS-A9TY-01A,1.0,0.0,0.0,0.0,0.0
15,38936679,-,17,70734472,+,DLBC,2576,TCGA-GS-A9TY-01A,TCGA-GS-A9TY-01A,1.0,0.0,0.0,0.0,0.0
15,38936908,+,17,70735516,+,DLBC,2577,TCGA-GS-A9TY-01A,TCGA-GS-A9TY-01A,1.0,0.0,0.0,0.0,0.0
15,56934093,+,15,62949848,-,DLBC,2578,TCGA-GS-A9TY-01A,TCGA-GS-A9TY-01A,1.0,0.0,0.0,0.0,0.0
16,16924858,+,23,71919272,-,DLBC,2579,TCGA-GS-A9TY-01A,TCGA-GS-A9TY-01A,1.0,0.0,0.0,0.0,0.0
16,17208275,-,23,71973590,+,DLBC,2580,TCGA-GS-A9TY-01A,TCGA-GS-A9TY-01A,1.0,0.0,0.0,0.0,0.0
16,17217383,-,23,71916829,+,DLBC,2581,TCGA-GS-A9TY-01A,TCGA-GS-A9TY-01A,1.0,0.0,0.0,0.0,0.0
16,19549695,+,16,29700196,-,DLBC,2582,TCGA-GS-A9TY-01A,TCGA-GS-A9TY-01A,1.0,0.0,0.0,0.0,0.0
16,21207385,-,16,29704679,+,DLBC,2583,TCGA-GS-A9TY-01A,TCGA-GS-A9TY-01A,1.0,0.0,0.0,0.0,0.0
16,27266359,+,16,27286998,-,DLBC,2584,TCGA-GS-A9TY-01A,TCGA-GS-A9TY-01A,1.0,0.0,0.0,0.0,0.0
17,4931183,+,17,4932983,-,DLBC,2585,TCGA-GS-A9TY-01A,TCGA-GS-A9TY-01A,1.0,0.0,0.0,0.0,0.0
17,22818284,+,17,22912262,-,DLBC,2586,TCGA-GS-A9TY-01A,TCGA-GS-A9TY-01A,1.0,0.0,0.0,0.0,0.0
17,22894516,+,17,22994462,-,DLBC,2587,TCGA-GS-A9TY-01A,TCGA-GS-A9TY-01A,1.0,0.0,0.0,0.0,0.0
17,23051628,+,17,23061134,-,DLBC,2588,TCGA-GS-A9TY-01A,TCGA-GS-A9TY-01A,1.0,0.0,0.0,0.0,0.0
17,28507637,+,18,29086616,+,DLBC,2589,TCGA-GS-A9TY-01A,TCGA-GS-A9TY-01A,1.0,0.0,0.0,0.0,0.0
17,31188750,+,17,31190066,-,DLBC,2590,TCGA-GS-A9TY-01A,TCGA-GS-A9TY-01A,1.0,0.0,0.0,0.0,0.0
17,42385953,+,17,77619572,+,DLBC,2591,TCGA-GS-A9TY-01A,TCGA-GS-A9TY-01A,1.0,0.0,0.0,0.0,0.0
17,51572798,-,17,63704192,+,DLBC,2592,TCGA-GS-A9TY-01A,TCGA-GS-A9TY-01A,1.0,0.0,0.0,0.0,0.0
17,51572799,-,17,51897506,+,DLBC,2593,TCGA-GS-A9TY-01A,TCGA-GS-A9TY-01A,1.0,0.0,0.0,0.0,0.0
17,51604439,-,18,13667134,+,DLBC,2594,TCGA-GS-A9TY-01A,TCGA-GS-A9TY-01A,1.0,0.0,0.0,0.0,0.0
17,51894061,+,17,63697427,-,DLBC,2595,TCGA-GS-A9TY-01A,TCGA-GS-A9TY-01A,1.0,0.0,0.0,0.0,0.0
17,51896463,+,17,51896586,+,DLBC,2596,TCGA-GS-A9TY-01A,TCGA-GS-A9TY-01A,1.0,0.0,0.0,0.0,0.0
17,51896486,-,17,63699136,-,DLBC,2597,TCGA-GS-A9TY-01A,TCGA-GS-A9TY-01A,1.0,0.0,0.0,0.0,0.0
17,51896486,-,17,63699138,+,DLBC,2598,TCGA-GS-A9TY-01A,TCGA-GS-A9TY-01A,1.0,0.0,0.0,0.0,0.0
17,51896491,+,17,63699136,-,DLBC,2599,TCGA-GS-A9TY-01A,TCGA-GS-A9TY-01A,1.0,0.0,0.0,0.0,0.0
17,51896577,-,17,51896683,-,DLBC,2600,TCGA-GS-A9TY-01A,TCGA-GS-A9TY-01A,1.0,0.0,0.0,0.0,0.0
17,51896683,-,17,63703994,-,DLBC,2601,TCGA-GS-A9TY-01A,TCGA-GS-A9TY-01A,1.0,0.0,0.0,0.0,0.0
17,63699103,+,17,63704307,+,DLBC,2602,TCGA-GS-A9TY-01A,TCGA-GS-A9TY-01A,1.0,0.0,0.0,0.0,0.0
17,65558658,-,17,67115662,-,DLBC,2603,TCGA-GS-A9TY-01A,TCGA-GS-A9TY-01A,1.0,0.0,0.0,0.0,0.0
17,76750650,+,17,77287600,+,DLBC,2604,TCGA-GS-A9TY-01A,TCGA-GS-A9TY-01A,1.0,0.0,0.0,0.0,0.0
17,76755323,-,17,79628495,-,DLBC,2605,TCGA-GS-A9TY-01A,TCGA-GS-A9TY-01A,1.0,0.0,0.0,0.0,0.0
17,81460280,+,17,81460850,-,DLBC,2606,TCGA-GS-A9TY-01A,TCGA-GS-A9TY-01A,1.0,0.0,0.0,0.0,0.0
18,225742,+,23,65917398,+,DLBC,2607,TCGA-GS-A9TY-01A,TCGA-GS-A9TY-01A,1.0,0.0,0.0,0.0,0.0
18,2056607,+,23,65405667,-,DLBC,2608,TCGA-GS-A9TY-01A,TCGA-GS-A9TY-01A,1.0,0.0,0.0,0.0,0.0
18,11160078,-,23,27019212,+,DLBC,2609,TCGA-GS-A9TY-01A,TCGA-GS-A9TY-01A,1.0,0.0,0.0,0.0,0.0
18,11174034,+,23,80666599,+,DLBC,2610,TCGA-GS-A9TY-01A,TCGA-GS-A9TY-01A,1.0,0.0,0.0,0.0,0.0
18,12796303,-,23,27564628,-,DLBC,2611,TCGA-GS-A9TY-01A,TCGA-GS-A9TY-01A,1.0,0.0,0.0,0.0,0.0
18,21757487,+,23,63479515,-,DLBC,2612,TCGA-GS-A9TY-01A,TCGA-GS-A9TY-01A,1.0,0.0,0.0,0.0,0.0
18,24921244,+,23,52569541,-,DLBC,2613,TCGA-GS-A9TY-01A,TCGA-GS-A9TY-01A,1.0,0.0,0.0,0.0,0.0
18,24936132,+,23,52553564,-,DLBC,2614,TCGA-GS-A9TY-01A,TCGA-GS-A9TY-01A,1.0,0.0,0.0,0.0,0.0
18,26286465,-,23,58093087,-,DLBC,2615,TCGA-GS-A9TY-01A,TCGA-GS-A9TY-01A,1.0,0.0,0.0,0.0,0.0
18,26529242,-,23,72130358,+,DLBC,2616,TCGA-GS-A9TY-01A,TCGA-GS-A9TY-01A,1.0,0.0,0.0,0.0,0.0
18,26722137,+,23,26142553,-,DLBC,2617,TCGA-GS-A9TY-01A,TCGA-GS-A9TY-01A,1.0,0.0,0.0,0.0,0.0
18,60741699,+,18,79787544,-,DLBC,2618,TCGA-GS-A9TY-01A,TCGA-GS-A9TY-01A,1.0,0.0,0.0,0.0,0.0
18,60752578,-,18,79801198,+,DLBC,2619,TCGA-GS-A9TY-01A,TCGA-GS-A9TY-01A,1.0,0.0,0.0,0.0,0.0
18,60776959,+,18,79837340,+,DLBC,2620,TCGA-GS-A9TY-01A,TCGA-GS-A9TY-01A,1.0,0.0,0.0,0.0,0.0
18,60781651,-,18,79836770,-,DLBC,2621,TCGA-GS-A9TY-01A,TCGA-GS-A9TY-01A,1.0,0.0,0.0,0.0,0.0
18,67849128,+,18,68200813,-,DLBC,2622,TCGA-GS-A9TY-01A,TCGA-GS-A9TY-01A,1.0,0.0,0.0,0.0,0.0
19,4292486,+,19,4495220,+,DLBC,2623,TCGA-GS-A9TY-01A,TCGA-GS-A9TY-01A,1.0,0.0,0.0,0.0,0.0
19,4294297,-,19,4323895,-,DLBC,2624,TCGA-GS-A9TY-01A,TCGA-GS-A9TY-01A,1.0,0.0,0.0,0.0,0.0
19,4307812,+,19,4500255,-,DLBC,2625,TCGA-GS-A9TY-01A,TCGA-GS-A9TY-01A,1.0,0.0,0.0,0.0,0.0
19,4336695,+,19,4477975,+,DLBC,2626,TCGA-GS-A9TY-01A,TCGA-GS-A9TY-01A,1.0,0.0,0.0,0.0,0.0
19,4409749,-,19,4477999,-,DLBC,2627,TCGA-GS-A9TY-01A,TCGA-GS-A9TY-01A,1.0,0.0,0.0,0.0,0.0
19,18720467,+,19,18866895,+,DLBC,2628,TCGA-GS-A9TY-01A,TCGA-GS-A9TY-01A,1.0,0.0,0.0,0.0,0.0
19,18858872,-,23,141980804,+,DLBC,2629,TCGA-GS-A9TY-01A,TCGA-GS-A9TY-01A,1.0,0.0,0.0,0.0,0.0
2,2707183,+,2,2855417,-,DLBC,2630,TCGA-GS-A9TY-01A,TCGA-GS-A9TY-01A,1.0,0.0,0.0,0.0,0.0
2,34710531,-,2,34712808,-,DLBC,2631,TCGA-GS-A9TY-01A,TCGA-GS-A9TY-01A,1.0,0.0,0.0,0.0,0.0
2,34710536,+,2,34712910,+,DLBC,2632,TCGA-GS-A9TY-01A,TCGA-GS-A9TY-01A,1.0,0.0,0.0,0.0,0.0
2,64389040,+,2,64452889,-,DLBC,2633,TCGA-GS-A9TY-01A,TCGA-GS-A9TY-01A,1.0,0.0,0.0,0.0,0.0
2,88832762,+,2,88859605,-,DLBC,2634,TCGA-GS-A9TY-01A,TCGA-GS-A9TY-01A,1.0,0.0,0.0,0.0,0.0
2,88861258,+,2,89128704,-,DLBC,2635,TCGA-GS-A9TY-01A,TCGA-GS-A9TY-01A,1.0,0.0,0.0,0.0,0.0
2,98856748,-,5,181221490,-,DLBC,2636,TCGA-GS-A9TY-01A,TCGA-GS-A9TY-01A,1.0,0.0,0.0,0.0,0.0
2,98875347,+,16,21219413,+,DLBC,2637,TCGA-GS-A9TY-01A,TCGA-GS-A9TY-01A,1.0,0.0,0.0,0.0,0.0
2,100049940,+,5,179632920,+,DLBC,2638,TCGA-GS-A9TY-01A,TCGA-GS-A9TY-01A,1.0,0.0,0.0,0.0,0.0
2,100050108,+,16,21206956,+,DLBC,2639,TCGA-GS-A9TY-01A,TCGA-GS-A9TY-01A,1.0,0.0,0.0,0.0,0.0
2,112677760,-,16,16480477,-,DLBC,2640,TCGA-GS-A9TY-01A,TCGA-GS-A9TY-01A,1.0,0.0,0.0,0.0,0.0
2,112686701,+,2,122892414,-,DLBC,2641,TCGA-GS-A9TY-01A,TCGA-GS-A9TY-01A,1.0,0.0,0.0,0.0,0.0
2,112705385,+,5,174020151,+,DLBC,2642,TCGA-GS-A9TY-01A,TCGA-GS-A9TY-01A,1.0,0.0,0.0,0.0,0.0
2,119962195,+,2,174351234,+,DLBC,2643,TCGA-GS-A9TY-01A,TCGA-GS-A9TY-01A,1.0,0.0,0.0,0.0,0.0
2,120146723,-,2,174351035,-,DLBC,2644,TCGA-GS-A9TY-01A,TCGA-GS-A9TY-01A,1.0,0.0,0.0,0.0,0.0
2,124933897,+,2,124934619,-,DLBC,2645,TCGA-GS-A9TY-01A,TCGA-GS-A9TY-01A,1.0,0.0,0.0,0.0,0.0
2,124946241,-,21,32850919,+,DLBC,2646,TCGA-GS-A9TY-01A,TCGA-GS-A9TY-01A,1.0,0.0,0.0,0.0,0.0
2,124946250,-,2,124946493,-,DLBC,2647,TCGA-GS-A9TY-01A,TCGA-GS-A9TY-01A,1.0,0.0,0.0,0.0,0.0
2,124946256,+,2,124946499,+,DLBC,2648,TCGA-GS-A9TY-01A,TCGA-GS-A9TY-01A,1.0,0.0,0.0,0.0,0.0
2,124946503,+,21,34719212,-,DLBC,2649,TCGA-GS-A9TY-01A,TCGA-GS-A9TY-01A,1.0,0.0,0.0,0.0,0.0
2,142060984,+,2,186708918,-,DLBC,2650,TCGA-GS-A9TY-01A,TCGA-GS-A9TY-01A,1.0,0.0,0.0,0.0,0.0
2,150728686,+,2,172844556,-,DLBC,2651,TCGA-GS-A9TY-01A,TCGA-GS-A9TY-01A,1.0,0.0,0.0,0.0,0.0
2,173031490,+,2,177489452,+,DLBC,2652,TCGA-GS-A9TY-01A,TCGA-GS-A9TY-01A,1.0,0.0,0.0,0.0,0.0
2,174351255,-,2,177528572,-,DLBC,2653,TCGA-GS-A9TY-01A,TCGA-GS-A9TY-01A,1.0,0.0,0.0,0.0,0.0
2,192773865,+,2,193093933,-,DLBC,2654,TCGA-GS-A9TY-01A,TCGA-GS-A9TY-01A,1.0,0.0,0.0,0.0,0.0
2,193551059,+,2,194216549,-,DLBC,2655,TCGA-GS-A9TY-01A,TCGA-GS-A9TY-01A,1.0,0.0,0.0,0.0,0.0
2,216132039,+,2,216151640,-,DLBC,2656,TCGA-GS-A9TY-01A,TCGA-GS-A9TY-01A,1.0,0.0,0.0,0.0,0.0
20,5304383,-,23,86209889,-,DLBC,2657,TCGA-GS-A9TY-01A,TCGA-GS-A9TY-01A,1.0,0.0,0.0,0.0,0.0
20,7314301,+,20,13623990,-,DLBC,2658,TCGA-GS-A9TY-01A,TCGA-GS-A9TY-01A,1.0,0.0,0.0,0.0,0.0
20,7322010,-,20,7494798,+,DLBC,2659,TCGA-GS-A9TY-01A,TCGA-GS-A9TY-01A,1.0,0.0,0.0,0.0,0.0
20,7368984,+,20,7382871,+,DLBC,2660,TCGA-GS-A9TY-01A,TCGA-GS-A9TY-01A,1.0,0.0,0.0,0.0,0.0
20,7377903,-,23,87263085,+,DLBC,2661,TCGA-GS-A9TY-01A,TCGA-GS-A9TY-01A,1.0,0.0,0.0,0.0,0.0
20,7405570,-,20,7509917,+,DLBC,2662,TCGA-GS-A9TY-01A,TCGA-GS-A9TY-01A,1.0,0.0,0.0,0.0,0.0
20,7504776,-,20,13621288,+,DLBC,2663,TCGA-GS-A9TY-01A,TCGA-GS-A9TY-01A,1.0,0.0,0.0,0.0,0.0
20,26453646,+,20,26603118,+,DLBC,2664,TCGA-GS-A9TY-01A,TCGA-GS-A9TY-01A,1.0,0.0,0.0,0.0,0.0
20,36821417,+,20,37961727,-,DLBC,2665,TCGA-GS-A9TY-01A,TCGA-GS-A9TY-01A,1.0,0.0,0.0,0.0,0.0
20,36830494,-,20,38630668,+,DLBC,2666,TCGA-GS-A9TY-01A,TCGA-GS-A9TY-01A,1.0,0.0,0.0,0.0,0.0
20,37980578,+,20,38739168,+,DLBC,2667,TCGA-GS-A9TY-01A,TCGA-GS-A9TY-01A,1.0,0.0,0.0,0.0,0.0
20,38042206,-,20,38637241,-,DLBC,2668,TCGA-GS-A9TY-01A,TCGA-GS-A9TY-01A,1.0,0.0,0.0,0.0,0.0
20,38656219,+,20,38663641,-,DLBC,2669,TCGA-GS-A9TY-01A,TCGA-GS-A9TY-01A,1.0,0.0,0.0,0.0,0.0
21,22916081,+,21,23094218,-,DLBC,2670,TCGA-GS-A9TY-01A,TCGA-GS-A9TY-01A,1.0,0.0,0.0,0.0,0.0
21,29739059,-,21,37740127,+,DLBC,2671,TCGA-GS-A9TY-01A,TCGA-GS-A9TY-01A,1.0,0.0,0.0,0.0,0.0
21,29825694,+,21,35371991,-,DLBC,2672,TCGA-GS-A9TY-01A,TCGA-GS-A9TY-01A,1.0,0.0,0.0,0.0,0.0
21,40160634,+,21,40449150,-,DLBC,2673,TCGA-GS-A9TY-01A,TCGA-GS-A9TY-01A,1.0,0.0,0.0,0.0,0.0
21,45263320,+,21,45736597,-,DLBC,2674,TCGA-GS-A9TY-01A,TCGA-GS-A9TY-01A,1.0,0.0,0.0,0.0,0.0
3,87382062,+,3,87508689,-,DLBC,2675,TCGA-GS-A9TY-01A,TCGA-GS-A9TY-01A,1.0,0.0,0.0,0.0,0.0
3,89721937,-,22,11022754,-,DLBC,2676,TCGA-GS-A9TY-01A,TCGA-GS-A9TY-01A,1.0,0.0,0.0,0.0,0.0
3,127381798,+,3,127483162,-,DLBC,2677,TCGA-GS-A9TY-01A,TCGA-GS-A9TY-01A,1.0,0.0,0.0,0.0,0.0
3,128710634,+,3,156456364,-,DLBC,2678,TCGA-GS-A9TY-01A,TCGA-GS-A9TY-01A,1.0,0.0,0.0,0.0,0.0
3,150662034,+,3,187365261,+,DLBC,2679,TCGA-GS-A9TY-01A,TCGA-GS-A9TY-01A,1.0,0.0,0.0,0.0,0.0
3,152505170,-,3,187288275,+,DLBC,2680,TCGA-GS-A9TY-01A,TCGA-GS-A9TY-01A,1.0,0.0,0.0,0.0,0.0
3,170372370,+,3,185314549,+,DLBC,2681,TCGA-GS-A9TY-01A,TCGA-GS-A9TY-01A,1.0,0.0,0.0,0.0,0.0
3,170372768,-,3,187362697,-,DLBC,2682,TCGA-GS-A9TY-01A,TCGA-GS-A9TY-01A,1.0,0.0,0.0,0.0,0.0
3,176726883,-,9,128667979,+,DLBC,2683,TCGA-GS-A9TY-01A,TCGA-GS-A9TY-01A,1.0,0.0,0.0,0.0,0.0
3,187743646,+,14,105860477,-,DLBC,2684,TCGA-GS-A9TY-01A,TCGA-GS-A9TY-01A,1.0,0.0,0.0,0.0,0.0
3,188015174,+,3,193991201,-,DLBC,2685,TCGA-GS-A9TY-01A,TCGA-GS-A9TY-01A,1.0,0.0,0.0,0.0,0.0
3,188473195,-,23,70300582,-,DLBC,2686,TCGA-GS-A9TY-01A,TCGA-GS-A9TY-01A,1.0,0.0,0.0,0.0,0.0
3,189565059,+,14,105375877,+,DLBC,2687,TCGA-GS-A9TY-01A,TCGA-GS-A9TY-01A,1.0,0.0,0.0,0.0,0.0
3,189565365,-,23,30453022,-,DLBC,2688,TCGA-GS-A9TY-01A,TCGA-GS-A9TY-01A,1.0,0.0,0.0,0.0,0.0
3,189569141,-,14,103971804,-,DLBC,2689,TCGA-GS-A9TY-01A,TCGA-GS-A9TY-01A,1.0,0.0,0.0,0.0,0.0
3,189569267,+,3,194471050,+,DLBC,2690,TCGA-GS-A9TY-01A,TCGA-GS-A9TY-01A,1.0,0.0,0.0,0.0,0.0
3,190508535,+,18,21377934,+,DLBC,2691,TCGA-GS-A9TY-01A,TCGA-GS-A9TY-01A,1.0,0.0,0.0,0.0,0.0
3,191511163,-,23,66708277,+,DLBC,2692,TCGA-GS-A9TY-01A,TCGA-GS-A9TY-01A,1.0,0.0,0.0,0.0,0.0
3,191655601,+,23,54924991,+,DLBC,2693,TCGA-GS-A9TY-01A,TCGA-GS-A9TY-01A,1.0,0.0,0.0,0.0,0.0
3,195327903,-,3,198080546,-,DLBC,2694,TCGA-GS-A9TY-01A,TCGA-GS-A9TY-01A,1.0,0.0,0.0,0.0,0.0
3,195360729,+,3,197978216,-,DLBC,2695,TCGA-GS-A9TY-01A,TCGA-GS-A9TY-01A,1.0,0.0,0.0,0.0,0.0
3,195362541,-,3,198138228,+,DLBC,2696,TCGA-GS-A9TY-01A,TCGA-GS-A9TY-01A,1.0,0.0,0.0,0.0,0.0
3,195447404,+,3,197724232,-,DLBC,2697,TCGA-GS-A9TY-01A,TCGA-GS-A9TY-01A,1.0,0.0,0.0,0.0,0.0
3,195704923,-,3,197703989,-,DLBC,2698,TCGA-GS-A9TY-01A,TCGA-GS-A9TY-01A,1.0,0.0,0.0,0.0,0.0
3,195785095,+,14,105393024,-,DLBC,2699,TCGA-GS-A9TY-01A,TCGA-GS-A9TY-01A,1.0,0.0,0.0,0.0,0.0
3,195866026,+,3,197724855,+,DLBC,2700,TCGA-GS-A9TY-01A,TCGA-GS-A9TY-01A,1.0,0.0,0.0,0.0,0.0
3,196376518,+,3,197217147,-,DLBC,2701,TCGA-GS-A9TY-01A,TCGA-GS-A9TY-01A,1.0,0.0,0.0,0.0,0.0
3,196406645,+,3,197673435,+,DLBC,2702,TCGA-GS-A9TY-01A,TCGA-GS-A9TY-01A,1.0,0.0,0.0,0.0,0.0
3,196415039,+,3,196627786,-,DLBC,2703,TCGA-GS-A9TY-01A,TCGA-GS-A9TY-01A,1.0,0.0,0.0,0.0,0.0
3,196599770,-,3,198144884,-,DLBC,2704,TCGA-GS-A9TY-01A,TCGA-GS-A9TY-01A,1.0,0.0,0.0,0.0,0.0
3,197450478,+,3,197674234,+,DLBC,2705,TCGA-GS-A9TY-01A,TCGA-GS-A9TY-01A,1.0,0.0,0.0,0.0,0.0
3,197450564,+,3,197456575,-,DLBC,2706,TCGA-GS-A9TY-01A,TCGA-GS-A9TY-01A,1.0,0.0,0.0,0.0,0.0
3,197456667,-,3,197673843,-,DLBC,2707,TCGA-GS-A9TY-01A,TCGA-GS-A9TY-01A,1.0,0.0,0.0,0.0,0.0
3,198020984,-,7,88610827,-,DLBC,2708,TCGA-GS-A9TY-01A,TCGA-GS-A9TY-01A,1.0,0.0,0.0,0.0,0.0
3,198020993,-,3,198028766,-,DLBC,2709,TCGA-GS-A9TY-01A,TCGA-GS-A9TY-01A,1.0,0.0,0.0,0.0,0.0
3,198028766,-,7,88610941,+,DLBC,2710,TCGA-GS-A9TY-01A,TCGA-GS-A9TY-01A,1.0,0.0,0.0,0.0,0.0
3,198036647,+,3,198039330,-,DLBC,2711,TCGA-GS-A9TY-01A,TCGA-GS-A9TY-01A,1.0,0.0,0.0,0.0,0.0
3,198081550,+,3,198086683,+,DLBC,2712,TCGA-GS-A9TY-01A,TCGA-GS-A9TY-01A,1.0,0.0,0.0,0.0,0.0
4,32000658,-,4,34838248,+,DLBC,2713,TCGA-GS-A9TY-01A,TCGA-GS-A9TY-01A,1.0,0.0,0.0,0.0,0.0
4,37148445,-,4,38657220,-,DLBC,2714,TCGA-GS-A9TY-01A,TCGA-GS-A9TY-01A,1.0,0.0,0.0,0.0,0.0
4,37239047,+,4,41667181,-,DLBC,2715,TCGA-GS-A9TY-01A,TCGA-GS-A9TY-01A,1.0,0.0,0.0,0.0,0.0
4,38665026,+,4,39648118,-,DLBC,2716,TCGA-GS-A9TY-01A,TCGA-GS-A9TY-01A,1.0,0.0,0.0,0.0,0.0
4,47420313,+,5,60833683,-,DLBC,2717,TCGA-GS-A9TY-01A,TCGA-GS-A9TY-01A,1.0,0.0,0.0,0.0,0.0
4,57887413,+,4,58013928,-,DLBC,2718,TCGA-GS-A9TY-01A,TCGA-GS-A9TY-01A,1.0,0.0,0.0,0.0,0.0
4,112197452,-,4,130573255,+,DLBC,2719,TCGA-GS-A9TY-01A,TCGA-GS-A9TY-01A,1.0,0.0,0.0,0.0,0.0
4,113020438,+,4,138005929,+,DLBC,2720,TCGA-GS-A9TY-01A,TCGA-GS-A9TY-01A,1.0,0.0,0.0,0.0,0.0
4,132535264,-,10,62985360,-,DLBC,2721,TCGA-GS-A9TY-01A,TCGA-GS-A9TY-01A,1.0,0.0,0.0,0.0,0.0
4,132535343,+,23,82794623,+,DLBC,2722,TCGA-GS-A9TY-01A,TCGA-GS-A9TY-01A,1.0,0.0,0.0,0.0,0.0
4,140392586,-,23,82768548,+,DLBC,2723,TCGA-GS-A9TY-01A,TCGA-GS-A9TY-01A,1.0,0.0,0.0,0.0,0.0
4,140392638,+,23,82777779,-,DLBC,2724,TCGA-GS-A9TY-01A,TCGA-GS-A9TY-01A,1.0,0.0,0.0,0.0,0.0
4,174356812,-,4,184281674,-,DLBC,2725,TCGA-GS-A9TY-01A,TCGA-GS-A9TY-01A,1.0,0.0,0.0,0.0,0.0
4,174356819,+,10,62970505,-,DLBC,2726,TCGA-GS-A9TY-01A,TCGA-GS-A9TY-01A,1.0,0.0,0.0,0.0,0.0
4,178875957,+,4,179618819,+,DLBC,2727,TCGA-GS-A9TY-01A,TCGA-GS-A9TY-01A,1.0,0.0,0.0,0.0,0.0
4,178878445,-,4,178913456,-,DLBC,2728,TCGA-GS-A9TY-01A,TCGA-GS-A9TY-01A,1.0,0.0,0.0,0.0,0.0
4,178883892,+,4,179634086,+,DLBC,2729,TCGA-GS-A9TY-01A,TCGA-GS-A9TY-01A,1.0,0.0,0.0,0.0,0.0
4,178894515,-,4,178937705,-,DLBC,2730,TCGA-GS-A9TY-01A,TCGA-GS-A9TY-01A,1.0,0.0,0.0,0.0,0.0
4,178909850,+,4,179625974,-,DLBC,2731,TCGA-GS-A9TY-01A,TCGA-GS-A9TY-01A,1.0,0.0,0.0,0.0,0.0
4,178932700,+,4,179623652,+,DLBC,2732,TCGA-GS-A9TY-01A,TCGA-GS-A9TY-01A,1.0,0.0,0.0,0.0,0.0
4,178933184,+,4,179618897,-,DLBC,2733,TCGA-GS-A9TY-01A,TCGA-GS-A9TY-01A,1.0,0.0,0.0,0.0,0.0
4,178943408,+,4,179616194,-,DLBC,2734,TCGA-GS-A9TY-01A,TCGA-GS-A9TY-01A,1.0,0.0,0.0,0.0,0.0
4,184281305,+,23,82756424,-,DLBC,2735,TCGA-GS-A9TY-01A,TCGA-GS-A9TY-01A,1.0,0.0,0.0,0.0,0.0
4,186300570,-,6,144503751,-,DLBC,2736,TCGA-GS-A9TY-01A,TCGA-GS-A9TY-01A,1.0,0.0,0.0,0.0,0.0
4,186300633,+,6,144520070,+,DLBC,2737,TCGA-GS-A9TY-01A,TCGA-GS-A9TY-01A,1.0,0.0,0.0,0.0,0.0
5,29317387,+,5,29747526,-,DLBC,2738,TCGA-GS-A9TY-01A,TCGA-GS-A9TY-01A,1.0,0.0,0.0,0.0,0.0
5,44125237,+,5,44226295,-,DLBC,2739,TCGA-GS-A9TY-01A,TCGA-GS-A9TY-01A,1.0,0.0,0.0,0.0,0.0
5,46434034,-,5,46539408,-,DLBC,2740,TCGA-GS-A9TY-01A,TCGA-GS-A9TY-01A,1.0,0.0,0.0,0.0,0.0
5,56278889,+,5,71987631,-,DLBC,2741,TCGA-GS-A9TY-01A,TCGA-GS-A9TY-01A,1.0,0.0,0.0,0.0,0.0
5,60833693,+,5,87274220,+,DLBC,2742,TCGA-GS-A9TY-01A,TCGA-GS-A9TY-01A,1.0,0.0,0.0,0.0,0.0
5,66713014,+,11,56545982,-,DLBC,2743,TCGA-GS-A9TY-01A,TCGA-GS-A9TY-01A,1.0,0.0,0.0,0.0,0.0
5,71568243,-,23,25673615,+,DLBC,2744,TCGA-GS-A9TY-01A,TCGA-GS-A9TY-01A,1.0,0.0,0.0,0.0,0.0
5,71628843,+,18,12622283,-,DLBC,2745,TCGA-GS-A9TY-01A,TCGA-GS-A9TY-01A,1.0,0.0,0.0,0.0,0.0
5,80301278,+,23,124129006,+,DLBC,2746,TCGA-GS-A9TY-01A,TCGA-GS-A9TY-01A,1.0,0.0,0.0,0.0,0.0
5,84965830,-,5,84966209,-,DLBC,2747,TCGA-GS-A9TY-01A,TCGA-GS-A9TY-01A,1.0,0.0,0.0,0.0,0.0
5,84966170,+,5,84982105,-,DLBC,2748,TCGA-GS-A9TY-01A,TCGA-GS-A9TY-01A,1.0,0.0,0.0,0.0,0.0
5,84966178,+,5,151106767,-,DLBC,2749,TCGA-GS-A9TY-01A,TCGA-GS-A9TY-01A,1.0,0.0,0.0,0.0,0.0
5,84981941,+,5,88695338,-,DLBC,2750,TCGA-GS-A9TY-01A,TCGA-GS-A9TY-01A,1.0,0.0,0.0,0.0,0.0
5,84989315,+,5,146243263,+,DLBC,2751,TCGA-GS-A9TY-01A,TCGA-GS-A9TY-01A,1.0,0.0,0.0,0.0,0.0
5,85321723,+,5,86206226,-,DLBC,2752,TCGA-GS-A9TY-01A,TCGA-GS-A9TY-01A,1.0,0.0,0.0,0.0,0.0
5,86818163,-,11,55075540,+,DLBC,2753,TCGA-GS-A9TY-01A,TCGA-GS-A9TY-01A,1.0,0.0,0.0,0.0,0.0
5,88730005,+,5,151105969,+,DLBC,2754,TCGA-GS-A9TY-01A,TCGA-GS-A9TY-01A,1.0,0.0,0.0,0.0,0.0
5,88732956,-,5,151170866,+,DLBC,2755,TCGA-GS-A9TY-01A,TCGA-GS-A9TY-01A,1.0,0.0,0.0,0.0,0.0
5,117673138,+,5,130610610,-,DLBC,2756,TCGA-GS-A9TY-01A,TCGA-GS-A9TY-01A,1.0,0.0,0.0,0.0,0.0
5,128306056,+,5,174004719,-,DLBC,2757,TCGA-GS-A9TY-01A,TCGA-GS-A9TY-01A,1.0,0.0,0.0,0.0,0.0
5,146291595,-,5,171385213,-,DLBC,2758,TCGA-GS-A9TY-01A,TCGA-GS-A9TY-01A,1.0,0.0,0.0,0.0,0.0
5,154221342,-,16,19542920,-,DLBC,2759,TCGA-GS-A9TY-01A,TCGA-GS-A9TY-01A,1.0,0.0,0.0,0.0,0.0
5,157289663,+,5,174012382,-,DLBC,2760,TCGA-GS-A9TY-01A,TCGA-GS-A9TY-01A,1.0,0.0,0.0,0.0,0.0
5,159022474,+,5,159293431,-,DLBC,2761,TCGA-GS-A9TY-01A,TCGA-GS-A9TY-01A,1.0,0.0,0.0,0.0,0.0
5,179984550,+,5,180361080,-,DLBC,2762,TCGA-GS-A9TY-01A,TCGA-GS-A9TY-01A,1.0,0.0,0.0,0.0,0.0
6,2612637,+,6,33012566,-,DLBC,2763,TCGA-GS-A9TY-01A,TCGA-GS-A9TY-01A,1.0,0.0,0.0,0.0,0.0
6,13632093,-,11,99118361,+,DLBC,2764,TCGA-GS-A9TY-01A,TCGA-GS-A9TY-01A,1.0,0.0,0.0,0.0,0.0
6,13632237,+,11,99117631,+,DLBC,2765,TCGA-GS-A9TY-01A,TCGA-GS-A9TY-01A,1.0,0.0,0.0,0.0,0.0
6,20532033,+,6,20533272,-,DLBC,2766,TCGA-GS-A9TY-01A,TCGA-GS-A9TY-01A,1.0,0.0,0.0,0.0,0.0
6,23999593,-,6,23999812,-,DLBC,2767,TCGA-GS-A9TY-01A,TCGA-GS-A9TY-01A,1.0,0.0,0.0,0.0,0.0
6,30678843,+,15,37076741,+,DLBC,2768,TCGA-GS-A9TY-01A,TCGA-GS-A9TY-01A,1.0,0.0,0.0,0.0,0.0
6,30688597,-,15,37076334,-,DLBC,2769,TCGA-GS-A9TY-01A,TCGA-GS-A9TY-01A,1.0,0.0,0.0,0.0,0.0
6,30829881,+,6,33201526,-,DLBC,2770,TCGA-GS-A9TY-01A,TCGA-GS-A9TY-01A,1.0,0.0,0.0,0.0,0.0
6,38082736,-,10,114734691,-,DLBC,2771,TCGA-GS-A9TY-01A,TCGA-GS-A9TY-01A,1.0,0.0,0.0,0.0,0.0
6,39199947,-,7,62146248,+,DLBC,2772,TCGA-GS-A9TY-01A,TCGA-GS-A9TY-01A,1.0,0.0,0.0,0.0,0.0
6,57817690,-,6,61560559,+,DLBC,2773,TCGA-GS-A9TY-01A,TCGA-GS-A9TY-01A,1.0,0.0,0.0,0.0,0.0
6,57818787,+,6,57847445,+,DLBC,2774,TCGA-GS-A9TY-01A,TCGA-GS-A9TY-01A,1.0,0.0,0.0,0.0,0.0
6,67580026,+,6,67586510,-,DLBC,2775,TCGA-GS-A9TY-01A,TCGA-GS-A9TY-01A,1.0,0.0,0.0,0.0,0.0
6,125792453,+,6,126382725,-,DLBC,2776,TCGA-GS-A9TY-01A,TCGA-GS-A9TY-01A,1.0,0.0,0.0,0.0,0.0
6,144490500,+,6,144520091,-,DLBC,2777,TCGA-GS-A9TY-01A,TCGA-GS-A9TY-01A,1.0,0.0,0.0,0.0,0.0
7,9856639,+,7,44923920,+,DLBC,2778,TCGA-GS-A9TY-01A,TCGA-GS-A9TY-01A,1.0,0.0,0.0,0.0,0.0
7,11323956,+,7,11416838,-,DLBC,2779,TCGA-GS-A9TY-01A,TCGA-GS-A9TY-01A,1.0,0.0,0.0,0.0,0.0
7,21636536,+,7,24075432,-,DLBC,2780,TCGA-GS-A9TY-01A,TCGA-GS-A9TY-01A,1.0,0.0,0.0,0.0,0.0
7,21866654,-,7,23154985,-,DLBC,2781,TCGA-GS-A9TY-01A,TCGA-GS-A9TY-01A,1.0,0.0,0.0,0.0,0.0
7,21867149,+,7,23263603,-,DLBC,2782,TCGA-GS-A9TY-01A,TCGA-GS-A9TY-01A,1.0,0.0,0.0,0.0,0.0
7,22513912,-,7,23480039,-,DLBC,2783,TCGA-GS-A9TY-01A,TCGA-GS-A9TY-01A,1.0,0.0,0.0,0.0,0.0
7,22739407,-,7,23299367,+,DLBC,2784,TCGA-GS-A9TY-01A,TCGA-GS-A9TY-01A,1.0,0.0,0.0,0.0,0.0
7,23106857,-,7,23694274,+,DLBC,2785,TCGA-GS-A9TY-01A,TCGA-GS-A9TY-01A,1.0,0.0,0.0,0.0,0.0
7,23137170,+,7,23474462,+,DLBC,2786,TCGA-GS-A9TY-01A,TCGA-GS-A9TY-01A,1.0,0.0,0.0,0.0,0.0
7,23267011,-,7,23512037,-,DLBC,2787,TCGA-GS-A9TY-01A,TCGA-GS-A9TY-01A,1.0,0.0,0.0,0.0,0.0
7,23298314,+,7,23511296,+,DLBC,2788,TCGA-GS-A9TY-01A,TCGA-GS-A9TY-01A,1.0,0.0,0.0,0.0,0.0
7,24312961,+,10,110815634,+,DLBC,2789,TCGA-GS-A9TY-01A,TCGA-GS-A9TY-01A,1.0,0.0,0.0,0.0,0.0
7,35140859,+,7,36000268,-,DLBC,2790,TCGA-GS-A9TY-01A,TCGA-GS-A9TY-01A,1.0,0.0,0.0,0.0,0.0
7,61833360,-,23,57716241,+,DLBC,2791,TCGA-GS-A9TY-01A,TCGA-GS-A9TY-01A,1.0,0.0,0.0,0.0,0.0
7,116219450,+,7,116444395,-,DLBC,2792,TCGA-GS-A9TY-01A,TCGA-GS-A9TY-01A,1.0,0.0,0.0,0.0,0.0
7,145568746,+,7,145587583,+,DLBC,2793,TCGA-GS-A9TY-01A,TCGA-GS-A9TY-01A,1.0,0.0,0.0,0.0,0.0
7,145577255,-,7,145905479,+,DLBC,2794,TCGA-GS-A9TY-01A,TCGA-GS-A9TY-01A,1.0,0.0,0.0,0.0,0.0
7,145889562,-,7,147371148,-,DLBC,2795,TCGA-GS-A9TY-01A,TCGA-GS-A9TY-01A,1.0,0.0,0.0,0.0,0.0
7,148259901,+,7,149827134,-,DLBC,2796,TCGA-GS-A9TY-01A,TCGA-GS-A9TY-01A,1.0,0.0,0.0,0.0,0.0
7,157030357,+,7,157455870,-,DLBC,2797,TCGA-GS-A9TY-01A,TCGA-GS-A9TY-01A,1.0,0.0,0.0,0.0,0.0
8,67025453,+,8,67040867,-,DLBC,2798,TCGA-GS-A9TY-01A,TCGA-GS-A9TY-01A,1.0,0.0,0.0,0.0,0.0
8,124886032,-,8,124953782,-,DLBC,2799,TCGA-GS-A9TY-01A,TCGA-GS-A9TY-01A,1.0,0.0,0.0,0.0,0.0
9,4687302,+,9,5707406,-,DLBC,2800,TCGA-GS-A9TY-01A,TCGA-GS-A9TY-01A,1.0,0.0,0.0,0.0,0.0
9,44508523,+,9,45510343,-,DLBC,2801,TCGA-GS-A9TY-01A,TCGA-GS-A9TY-01A,1.0,0.0,0.0,0.0,0.0
9,70850666,+,9,110833062,+,DLBC,2802,TCGA-GS-A9TY-01A,TCGA-GS-A9TY-01A,1.0,0.0,0.0,0.0,0.0
9,70951197,-,9,72823834,-,DLBC,2803,TCGA-GS-A9TY-01A,TCGA-GS-A9TY-01A,1.0,0.0,0.0,0.0,0.0
9,71726977,+,9,97114055,-,DLBC,2804,TCGA-GS-A9TY-01A,TCGA-GS-A9TY-01A,1.0,0.0,0.0,0.0,0.0
9,91164486,+,23,112099797,+,DLBC,2805,TCGA-GS-A9TY-01A,TCGA-GS-A9TY-01A,1.0,0.0,0.0,0.0,0.0
9,95542769,+,9,99220981,-,DLBC,2806,TCGA-GS-A9TY-01A,TCGA-GS-A9TY-01A,1.0,0.0,0.0,0.0,0.0
9,97156263,+,9,111491632,-,DLBC,2807,TCGA-GS-A9TY-01A,TCGA-GS-A9TY-01A,1.0,0.0,0.0,0.0,0.0
9,112678234,+,9,112703480,+,DLBC,2808,TCGA-GS-A9TY-01A,TCGA-GS-A9TY-01A,1.0,0.0,0.0,0.0,0.0
9,112703172,-,9,112944678,-,DLBC,2809,TCGA-GS-A9TY-01A,TCGA-GS-A9TY-01A,1.0,0.0,0.0,0.0,0.0
9,129641564,+,9,130713747,+,DLBC,2810,TCGA-GS-A9TY-01A,TCGA-GS-A9TY-01A,1.0,0.0,0.0,0.0,0.0
9,129641735,-,9,130713828,-,DLBC,2811,TCGA-GS-A9TY-01A,TCGA-GS-A9TY-01A,1.0,0.0,0.0,0.0,0.0
9,137169641,+,9,137173424,-,DLBC,2812,TCGA-GS-A9TY-01A,TCGA-GS-A9TY-01A,1.0,0.0,0.0,0.0,0.0
23,7619815,+,23,8036800,+,DLBC,2813,TCGA-GS-A9TY-01A,TCGA-GS-A9TY-01A,1.0,0.0,0.0,0.0,0.0
23,7621058,-,23,8037984,-,DLBC,2814,TCGA-GS-A9TY-01A,TCGA-GS-A9TY-01A,1.0,0.0,0.0,0.0,0.0
23,7625232,+,23,8024114,+,DLBC,2815,TCGA-GS-A9TY-01A,TCGA-GS-A9TY-01A,1.0,0.0,0.0,0.0,0.0
23,8022550,-,23,8034098,-,DLBC,2816,TCGA-GS-A9TY-01A,TCGA-GS-A9TY-01A,1.0,0.0,0.0,0.0,0.0
23,26230513,-,23,71961266,-,DLBC,2817,TCGA-GS-A9TY-01A,TCGA-GS-A9TY-01A,1.0,0.0,0.0,0.0,0.0
23,27231084,+,23,51428956,-,DLBC,2818,TCGA-GS-A9TY-01A,TCGA-GS-A9TY-01A,1.0,0.0,0.0,0.0,0.0
23,33451593,+,23,33452246,-,DLBC,2819,TCGA-GS-A9TY-01A,TCGA-GS-A9TY-01A,1.0,0.0,0.0,0.0,0.0
23,44317318,+,23,44786812,-,DLBC,2820,TCGA-GS-A9TY-01A,TCGA-GS-A9TY-01A,1.0,0.0,0.0,0.0,0.0
23,49317643,-,23,58162164,+,DLBC,2821,TCGA-GS-A9TY-01A,TCGA-GS-A9TY-01A,1.0,0.0,0.0,0.0,0.0
23,57744082,-,23,57744231,-,DLBC,2822,TCGA-GS-A9TY-01A,TCGA-GS-A9TY-01A,1.0,0.0,0.0,0.0,0.0
23,64249484,+,23,64608244,-,DLBC,2823,TCGA-GS-A9TY-01A,TCGA-GS-A9TY-01A,1.0,0.0,0.0,0.0,0.0
23,65243575,+,23,82794678,-,DLBC,2824,TCGA-GS-A9TY-01A,TCGA-GS-A9TY-01A,1.0,0.0,0.0,0.0,0.0
23,82774430,-,23,82784323,-,DLBC,2825,TCGA-GS-A9TY-01A,TCGA-GS-A9TY-01A,1.0,0.0,0.0,0.0,0.0
23,82777787,+,23,82784278,+,DLBC,2826,TCGA-GS-A9TY-01A,TCGA-GS-A9TY-01A,1.0,0.0,0.0,0.0,0.0
23,96640439,+,23,96697666,-,DLBC,2827,TCGA-GS-A9TY-01A,TCGA-GS-A9TY-01A,1.0,0.0,0.0,0.0,0.0
23,97474521,+,23,97478555,+,DLBC,2828,TCGA-GS-A9TY-01A,TCGA-GS-A9TY-01A,1.0,0.0,0.0,0.0,0.0
23,97477513,-,23,97478566,-,DLBC,2829,TCGA-GS-A9TY-01A,TCGA-GS-A9TY-01A,1.0,0.0,0.0,0.0,0.0
23,97480653,+,23,97508511,-,DLBC,2830,TCGA-GS-A9TY-01A,TCGA-GS-A9TY-01A,1.0,0.0,0.0,0.0,0.0
23,107609294,+,23,122823182,+,DLBC,2831,TCGA-GS-A9TY-01A,TCGA-GS-A9TY-01A,1.0,0.0,0.0,0.0,0.0
23,107609310,-,23,136888614,-,DLBC,2832,TCGA-GS-A9TY-01A,TCGA-GS-A9TY-01A,1.0,0.0,0.0,0.0,0.0
23,110120878,+,23,122823241,-,DLBC,2833,TCGA-GS-A9TY-01A,TCGA-GS-A9TY-01A,1.0,0.0,0.0,0.0,0.0
23,113778320,-,23,124450108,+,DLBC,2834,TCGA-GS-A9TY-01A,TCGA-GS-A9TY-01A,1.0,0.0,0.0,0.0,0.0
23,127860067,-,23,141748187,-,DLBC,2835,TCGA-GS-A9TY-01A,TCGA-GS-A9TY-01A,1.0,0.0,0.0,0.0,0.0
23,128233548,+,23,153872588,+,DLBC,2836,TCGA-GS-A9TY-01A,TCGA-GS-A9TY-01A,1.0,0.0,0.0,0.0,0.0
23,128235760,-,23,153764793,-,DLBC,2837,TCGA-GS-A9TY-01A,TCGA-GS-A9TY-01A,1.0,0.0,0.0,0.0,0.0
23,130148452,+,23,137095113,+,DLBC,2838,TCGA-GS-A9TY-01A,TCGA-GS-A9TY-01A,1.0,0.0,0.0,0.0,0.0
1,3384540,+,16,10878427,-,DLBC,2839,TCGA-GS-A9TZ-01A,TCGA-GS-A9TZ-01A,1.0,0.0,0.0,0.0,0.0
1,3384556,-,16,10878105,+,DLBC,2840,TCGA-GS-A9TZ-01A,TCGA-GS-A9TZ-01A,1.0,0.0,0.0,0.0,0.0
1,80679145,+,1,80684510,-,DLBC,2841,TCGA-GS-A9TZ-01A,TCGA-GS-A9TZ-01A,1.0,0.0,0.0,0.0,0.0
1,116541217,+,1,116559667,-,DLBC,2842,TCGA-GS-A9TZ-01A,TCGA-GS-A9TZ-01A,1.0,0.0,0.0,0.0,0.0
1,153848505,+,1,153986831,-,DLBC,2843,TCGA-GS-A9TZ-01A,TCGA-GS-A9TZ-01A,1.0,0.0,0.0,0.0,0.0
1,155665015,-,1,155689188,-,DLBC,2844,TCGA-GS-A9TZ-01A,TCGA-GS-A9TZ-01A,1.0,0.0,0.0,0.0,0.0
1,155674889,+,1,155682151,-,DLBC,2845,TCGA-GS-A9TZ-01A,TCGA-GS-A9TZ-01A,1.0,0.0,0.0,0.0,0.0
1,160514699,+,1,160523782,-,DLBC,2846,TCGA-GS-A9TZ-01A,TCGA-GS-A9TZ-01A,1.0,0.0,0.0,0.0,0.0
1,160520181,+,1,160533061,-,DLBC,2847,TCGA-GS-A9TZ-01A,TCGA-GS-A9TZ-01A,1.0,0.0,0.0,0.0,0.0
10,53425804,-,10,53530423,+,DLBC,2848,TCGA-GS-A9TZ-01A,TCGA-GS-A9TZ-01A,1.0,0.0,0.0,0.0,0.0
10,130416680,-,10,130433538,+,DLBC,2849,TCGA-GS-A9TZ-01A,TCGA-GS-A9TZ-01A,1.0,0.0,0.0,0.0,0.0
11,55504372,+,11,55505827,-,DLBC,2850,TCGA-GS-A9TZ-01A,TCGA-GS-A9TZ-01A,1.0,0.0,0.0,0.0,0.0
11,59555330,+,11,59556623,-,DLBC,2851,TCGA-GS-A9TZ-01A,TCGA-GS-A9TZ-01A,1.0,0.0,0.0,0.0,0.0
11,69715092,-,16,10203801,+,DLBC,2852,TCGA-GS-A9TZ-01A,TCGA-GS-A9TZ-01A,1.0,0.0,0.0,0.0,0.0
11,119216479,-,11,119512111,+,DLBC,2853,TCGA-GS-A9TZ-01A,TCGA-GS-A9TZ-01A,1.0,0.0,0.0,0.0,0.0
12,36277780,+,12,36435066,-,DLBC,2854,TCGA-GS-A9TZ-01A,TCGA-GS-A9TZ-01A,1.0,0.0,0.0,0.0,0.0
13,56058251,-,13,56075562,+,DLBC,2855,TCGA-GS-A9TZ-01A,TCGA-GS-A9TZ-01A,1.0,0.0,0.0,0.0,0.0
13,67234466,+,13,67238919,-,DLBC,2856,TCGA-GS-A9TZ-01A,TCGA-GS-A9TZ-01A,1.0,0.0,0.0,0.0,0.0
14,28870930,-,14,28877865,+,DLBC,2857,TCGA-GS-A9TZ-01A,TCGA-GS-A9TZ-01A,1.0,0.0,0.0,0.0,0.0
14,105601201,+,14,105602362,-,DLBC,2858,TCGA-GS-A9TZ-01A,TCGA-GS-A9TZ-01A,1.0,0.0,0.0,0.0,0.0
14,105603894,+,14,105865763,-,DLBC,2859,TCGA-GS-A9TZ-01A,TCGA-GS-A9TZ-01A,1.0,0.0,0.0,0.0,0.0
14,105625056,+,14,105861186,-,DLBC,2860,TCGA-GS-A9TZ-01A,TCGA-GS-A9TZ-01A,1.0,0.0,0.0,0.0,0.0
14,106373875,-,23,53376676,-,DLBC,2861,TCGA-GS-A9TZ-01A,TCGA-GS-A9TZ-01A,1.0,0.0,0.0,0.0,0.0
16,10816766,+,16,10915307,-,DLBC,2862,TCGA-GS-A9TZ-01A,TCGA-GS-A9TZ-01A,1.0,0.0,0.0,0.0,0.0
16,73166420,+,16,73167427,-,DLBC,2863,TCGA-GS-A9TZ-01A,TCGA-GS-A9TZ-01A,1.0,0.0,0.0,0.0,0.0
17,22367487,-,20,26273573,+,DLBC,2864,TCGA-GS-A9TZ-01A,TCGA-GS-A9TZ-01A,1.0,0.0,0.0,0.0,0.0
17,39842024,+,17,39850746,-,DLBC,2865,TCGA-GS-A9TZ-01A,TCGA-GS-A9TZ-01A,1.0,0.0,0.0,0.0,0.0
18,20582226,+,18,20640702,+,DLBC,2866,TCGA-GS-A9TZ-01A,TCGA-GS-A9TZ-01A,1.0,0.0,0.0,0.0,0.0
19,13747095,+,19,13763967,-,DLBC,2867,TCGA-GS-A9TZ-01A,TCGA-GS-A9TZ-01A,1.0,0.0,0.0,0.0,0.0
19,23880257,+,19,23882461,-,DLBC,2868,TCGA-GS-A9TZ-01A,TCGA-GS-A9TZ-01A,1.0,0.0,0.0,0.0,0.0
2,88832774,+,2,89244779,-,DLBC,2869,TCGA-GS-A9TZ-01A,TCGA-GS-A9TZ-01A,1.0,0.0,0.0,0.0,0.0
2,151918148,+,2,151919840,-,DLBC,2870,TCGA-GS-A9TZ-01A,TCGA-GS-A9TZ-01A,1.0,0.0,0.0,0.0,0.0
2,186116327,-,2,186121886,+,DLBC,2871,TCGA-GS-A9TZ-01A,TCGA-GS-A9TZ-01A,1.0,0.0,0.0,0.0,0.0
20,36742011,+,20,36745684,-,DLBC,2872,TCGA-GS-A9TZ-01A,TCGA-GS-A9TZ-01A,1.0,0.0,0.0,0.0,0.0
3,85075934,+,3,85076597,-,DLBC,2873,TCGA-GS-A9TZ-01A,TCGA-GS-A9TZ-01A,1.0,0.0,0.0,0.0,0.0
3,91579438,+,3,93422787,-,DLBC,2874,TCGA-GS-A9TZ-01A,TCGA-GS-A9TZ-01A,1.0,0.0,0.0,0.0,0.0
3,157972230,-,5,18435501,+,DLBC,2875,TCGA-GS-A9TZ-01A,TCGA-GS-A9TZ-01A,1.0,0.0,0.0,0.0,0.0
3,176884039,+,3,177548169,-,DLBC,2876,TCGA-GS-A9TZ-01A,TCGA-GS-A9TZ-01A,1.0,0.0,0.0,0.0,0.0
3,187758290,+,3,187997659,-,DLBC,2877,TCGA-GS-A9TZ-01A,TCGA-GS-A9TZ-01A,1.0,0.0,0.0,0.0,0.0
4,21346223,+,12,16631994,+,DLBC,2878,TCGA-GS-A9TZ-01A,TCGA-GS-A9TZ-01A,1.0,0.0,0.0,0.0,0.0
4,183220789,+,4,183753138,+,DLBC,2879,TCGA-GS-A9TZ-01A,TCGA-GS-A9TZ-01A,1.0,0.0,0.0,0.0,0.0
5,67241640,-,5,67241829,+,DLBC,2880,TCGA-GS-A9TZ-01A,TCGA-GS-A9TZ-01A,1.0,0.0,0.0,0.0,0.0
5,93653209,+,5,93703590,-,DLBC,2881,TCGA-GS-A9TZ-01A,TCGA-GS-A9TZ-01A,1.0,0.0,0.0,0.0,0.0
5,166277884,+,5,166307292,-,DLBC,2882,TCGA-GS-A9TZ-01A,TCGA-GS-A9TZ-01A,1.0,0.0,0.0,0.0,0.0
6,11301649,+,9,110356059,+,DLBC,2883,TCGA-GS-A9TZ-01A,TCGA-GS-A9TZ-01A,1.0,0.0,0.0,0.0,0.0
6,29307547,+,6,31818877,-,DLBC,2884,TCGA-GS-A9TZ-01A,TCGA-GS-A9TZ-01A,1.0,0.0,0.0,0.0,0.0
7,14635018,+,22,28670133,+,DLBC,2885,TCGA-GS-A9TZ-01A,TCGA-GS-A9TZ-01A,1.0,0.0,0.0,0.0,0.0
7,14635063,-,22,28669872,+,DLBC,2886,TCGA-GS-A9TZ-01A,TCGA-GS-A9TZ-01A,1.0,0.0,0.0,0.0,0.0
7,104558592,+,7,104560990,-,DLBC,2887,TCGA-GS-A9TZ-01A,TCGA-GS-A9TZ-01A,1.0,0.0,0.0,0.0,0.0
7,110736685,+,7,110753922,-,DLBC,2888,TCGA-GS-A9TZ-01A,TCGA-GS-A9TZ-01A,1.0,0.0,0.0,0.0,0.0
8,86908491,-,8,87035146,+,DLBC,2889,TCGA-GS-A9TZ-01A,TCGA-GS-A9TZ-01A,1.0,0.0,0.0,0.0,0.0
8,87456287,+,8,87632499,-,DLBC,2890,TCGA-GS-A9TZ-01A,TCGA-GS-A9TZ-01A,1.0,0.0,0.0,0.0,0.0
8,102294179,-,8,102313033,+,DLBC,2891,TCGA-GS-A9TZ-01A,TCGA-GS-A9TZ-01A,1.0,0.0,0.0,0.0,0.0
8,128076533,-,8,128186731,+,DLBC,2892,TCGA-GS-A9TZ-01A,TCGA-GS-A9TZ-01A,1.0,0.0,0.0,0.0,0.0
9,86172836,-,9,86179479,+,DLBC,2893,TCGA-GS-A9TZ-01A,TCGA-GS-A9TZ-01A,1.0,0.0,0.0,0.0,0.0
9,128658250,+,9,128668806,-,DLBC,2894,TCGA-GS-A9TZ-01A,TCGA-GS-A9TZ-01A,1.0,0.0,0.0,0.0,0.0
23,30967079,-,23,31265612,+,DLBC,2895,TCGA-GS-A9TZ-01A,TCGA-GS-A9TZ-01A,1.0,0.0,0.0,0.0,0.0
23,31279237,+,23,31392822,-,DLBC,2896,TCGA-GS-A9TZ-01A,TCGA-GS-A9TZ-01A,1.0,0.0,0.0,0.0,0.0
23,31758799,+,23,31819632,-,DLBC,2897,TCGA-GS-A9TZ-01A,TCGA-GS-A9TZ-01A,1.0,0.0,0.0,0.0,0.0
23,32202382,+,23,32353354,-,DLBC,2898,TCGA-GS-A9TZ-01A,TCGA-GS-A9TZ-01A,1.0,0.0,0.0,0.0,0.0
1,111592643,+,1,111593502,-,DLBC,2899,TCGA-GS-A9U3-01A,TCGA-GS-A9U3-01A,1.0,0.0,0.0,0.0,0.0
11,54368962,-,11,54549287,+,DLBC,2900,TCGA-GS-A9U3-01A,TCGA-GS-A9U3-01A,1.0,0.0,0.0,0.0,0.0
13,67022921,+,23,126267294,-,DLBC,2901,TCGA-GS-A9U3-01A,TCGA-GS-A9U3-01A,1.0,0.0,0.0,0.0,0.0
13,67022938,-,23,126274067,+,DLBC,2902,TCGA-GS-A9U3-01A,TCGA-GS-A9U3-01A,1.0,0.0,0.0,0.0,0.0
13,68593944,+,13,68647086,-,DLBC,2903,TCGA-GS-A9U3-01A,TCGA-GS-A9U3-01A,1.0,0.0,0.0,0.0,0.0
14,105863869,+,14,105916820,-,DLBC,2904,TCGA-GS-A9U3-01A,TCGA-GS-A9U3-01A,1.0,0.0,0.0,0.0,0.0
17,7432906,+,17,7672036,-,DLBC,2905,TCGA-GS-A9U3-01A,TCGA-GS-A9U3-01A,1.0,0.0,0.0,0.0,0.0
17,7462216,+,17,7922403,-,DLBC,2906,TCGA-GS-A9U3-01A,TCGA-GS-A9U3-01A,1.0,0.0,0.0,0.0,0.0
19,6046102,+,19,8508487,-,DLBC,2907,TCGA-GS-A9U3-01A,TCGA-GS-A9U3-01A,1.0,0.0,0.0,0.0,0.0
19,36566959,+,19,36714951,-,DLBC,2908,TCGA-GS-A9U3-01A,TCGA-GS-A9U3-01A,1.0,0.0,0.0,0.0,0.0
2,16453306,-,15,42287405,-,DLBC,2909,TCGA-GS-A9U3-01A,TCGA-GS-A9U3-01A,1.0,0.0,0.0,0.0,0.0
2,35290663,+,2,42008273,-,DLBC,2910,TCGA-GS-A9U3-01A,TCGA-GS-A9U3-01A,1.0,0.0,0.0,0.0,0.0
2,88861258,+,2,89176325,-,DLBC,2911,TCGA-GS-A9U3-01A,TCGA-GS-A9U3-01A,1.0,0.0,0.0,0.0,0.0
2,88861921,+,2,88886154,+,DLBC,2912,TCGA-GS-A9U3-01A,TCGA-GS-A9U3-01A,1.0,0.0,0.0,0.0,0.0
2,93315241,-,2,93680556,+,DLBC,2913,TCGA-GS-A9U3-01A,TCGA-GS-A9U3-01A,1.0,0.0,0.0,0.0,0.0
2,210538690,+,2,213158837,-,DLBC,2914,TCGA-GS-A9U3-01A,TCGA-GS-A9U3-01A,1.0,0.0,0.0,0.0,0.0
4,91163379,+,4,91178205,-,DLBC,2915,TCGA-GS-A9U3-01A,TCGA-GS-A9U3-01A,1.0,0.0,0.0,0.0,0.0
5,27522477,-,8,65747228,-,DLBC,2916,TCGA-GS-A9U3-01A,TCGA-GS-A9U3-01A,1.0,0.0,0.0,0.0,0.0
5,27522799,-,5,27525185,-,DLBC,2917,TCGA-GS-A9U3-01A,TCGA-GS-A9U3-01A,1.0,0.0,0.0,0.0,0.0
5,90970539,+,15,55143955,-,DLBC,2918,TCGA-GS-A9U3-01A,TCGA-GS-A9U3-01A,1.0,0.0,0.0,0.0,0.0
7,8185750,+,7,8186278,-,DLBC,2919,TCGA-GS-A9U3-01A,TCGA-GS-A9U3-01A,1.0,0.0,0.0,0.0,0.0
8,38059787,-,14,21419883,+,DLBC,2920,TCGA-GS-A9U3-01A,TCGA-GS-A9U3-01A,1.0,0.0,0.0,0.0,0.0
8,60654240,+,8,60656257,-,DLBC,2921,TCGA-GS-A9U3-01A,TCGA-GS-A9U3-01A,1.0,0.0,0.0,0.0,0.0
9,21993954,+,9,22023040,-,DLBC,2922,TCGA-GS-A9U3-01A,TCGA-GS-A9U3-01A,1.0,0.0,0.0,0.0,0.0
23,54884103,-,23,54886181,-,DLBC,2923,TCGA-GS-A9U3-01A,TCGA-GS-A9U3-01A,1.0,0.0,0.0,0.0,0.0
23,79228404,-,23,79257360,+,DLBC,2924,TCGA-GS-A9U3-01A,TCGA-GS-A9U3-01A,1.0,0.0,0.0,0.0,0.0
23,86225445,-,23,86240714,+,DLBC,2925,TCGA-GS-A9U3-01A,TCGA-GS-A9U3-01A,1.0,0.0,0.0,0.0,0.0
1,92215184,+,23,40048042,+,DLBC,2926,TCGA-RQ-A68N-01A,TCGA-RQ-A68N-01A,1.0,0.0,0.0,0.0,0.0
1,122069289,+,1,122088456,-,DLBC,2927,TCGA-RQ-A68N-01A,TCGA-RQ-A68N-01A,1.0,0.0,0.0,0.0,0.0
10,39382295,-,10,39386078,+,DLBC,2928,TCGA-RQ-A68N-01A,TCGA-RQ-A68N-01A,1.0,0.0,0.0,0.0,0.0
11,4286817,-,11,4338043,+,DLBC,2929,TCGA-RQ-A68N-01A,TCGA-RQ-A68N-01A,1.0,0.0,0.0,0.0,0.0
11,30089710,+,11,30097123,-,DLBC,2930,TCGA-RQ-A68N-01A,TCGA-RQ-A68N-01A,1.0,0.0,0.0,0.0,0.0
11,89664109,-,11,89681918,+,DLBC,2931,TCGA-RQ-A68N-01A,TCGA-RQ-A68N-01A,1.0,0.0,0.0,0.0,0.0
11,91510890,+,11,91525396,-,DLBC,2932,TCGA-RQ-A68N-01A,TCGA-RQ-A68N-01A,1.0,0.0,0.0,0.0,0.0
12,30233882,-,12,30249986,+,DLBC,2933,TCGA-RQ-A68N-01A,TCGA-RQ-A68N-01A,1.0,0.0,0.0,0.0,0.0
12,37251937,+,12,37257392,-,DLBC,2934,TCGA-RQ-A68N-01A,TCGA-RQ-A68N-01A,1.0,0.0,0.0,0.0,0.0
12,40653201,-,17,8810531,-,DLBC,2935,TCGA-RQ-A68N-01A,TCGA-RQ-A68N-01A,1.0,0.0,0.0,0.0,0.0
12,66751559,-,17,65383649,+,DLBC,2936,TCGA-RQ-A68N-01A,TCGA-RQ-A68N-01A,1.0,0.0,0.0,0.0,0.0
12,66764265,+,12,83327922,+,DLBC,2937,TCGA-RQ-A68N-01A,TCGA-RQ-A68N-01A,1.0,0.0,0.0,0.0,0.0
12,71460411,+,17,65370411,-,DLBC,2938,TCGA-RQ-A68N-01A,TCGA-RQ-A68N-01A,1.0,0.0,0.0,0.0,0.0
12,80933700,-,12,126697586,-,DLBC,2939,TCGA-RQ-A68N-01A,TCGA-RQ-A68N-01A,1.0,0.0,0.0,0.0,0.0
14,21853003,+,14,22509347,-,DLBC,2940,TCGA-RQ-A68N-01A,TCGA-RQ-A68N-01A,1.0,0.0,0.0,0.0,0.0
14,45211632,-,14,82008051,+,DLBC,2941,TCGA-RQ-A68N-01A,TCGA-RQ-A68N-01A,1.0,0.0,0.0,0.0,0.0
14,105629096,-,14,105743648,+,DLBC,2942,TCGA-RQ-A68N-01A,TCGA-RQ-A68N-01A,1.0,0.0,0.0,0.0,0.0
16,10578086,-,16,10913295,+,DLBC,2943,TCGA-RQ-A68N-01A,TCGA-RQ-A68N-01A,1.0,0.0,0.0,0.0,0.0
17,8787419,-,17,20975541,-,DLBC,2944,TCGA-RQ-A68N-01A,TCGA-RQ-A68N-01A,1.0,0.0,0.0,0.0,0.0
17,8809942,+,17,9310783,+,DLBC,2945,TCGA-RQ-A68N-01A,TCGA-RQ-A68N-01A,1.0,0.0,0.0,0.0,0.0
17,81894243,+,17,81916832,-,DLBC,2946,TCGA-RQ-A68N-01A,TCGA-RQ-A68N-01A,1.0,0.0,0.0,0.0,0.0
19,7995629,+,19,8020524,-,DLBC,2947,TCGA-RQ-A68N-01A,TCGA-RQ-A68N-01A,1.0,0.0,0.0,0.0,0.0
19,46672733,+,19,46751174,-,DLBC,2948,TCGA-RQ-A68N-01A,TCGA-RQ-A68N-01A,1.0,0.0,0.0,0.0,0.0
19,50320851,-,19,50460639,+,DLBC,2949,TCGA-RQ-A68N-01A,TCGA-RQ-A68N-01A,1.0,0.0,0.0,0.0,0.0
19,58149231,+,19,58307517,-,DLBC,2950,TCGA-RQ-A68N-01A,TCGA-RQ-A68N-01A,1.0,0.0,0.0,0.0,0.0
2,51633604,+,2,51641422,-,DLBC,2951,TCGA-RQ-A68N-01A,TCGA-RQ-A68N-01A,1.0,0.0,0.0,0.0,0.0
2,89159737,+,2,89176329,-,DLBC,2952,TCGA-RQ-A68N-01A,TCGA-RQ-A68N-01A,1.0,0.0,0.0,0.0,0.0
2,89159737,+,2,90005627,+,DLBC,2953,TCGA-RQ-A68N-01A,TCGA-RQ-A68N-01A,1.0,0.0,0.0,0.0,0.0
2,230283583,-,2,230382775,+,DLBC,2954,TCGA-RQ-A68N-01A,TCGA-RQ-A68N-01A,1.0,0.0,0.0,0.0,0.0
2,239516684,+,14,105860377,-,DLBC,2955,TCGA-RQ-A68N-01A,TCGA-RQ-A68N-01A,1.0,0.0,0.0,0.0,0.0
20,25911108,+,20,30206449,-,DLBC,2956,TCGA-RQ-A68N-01A,TCGA-RQ-A68N-01A,1.0,0.0,0.0,0.0,0.0
20,62264924,-,20,62486893,+,DLBC,2957,TCGA-RQ-A68N-01A,TCGA-RQ-A68N-01A,1.0,0.0,0.0,0.0,0.0
22,50278966,+,22,50336659,-,DLBC,2958,TCGA-RQ-A68N-01A,TCGA-RQ-A68N-01A,1.0,0.0,0.0,0.0,0.0
3,81889060,-,3,81899200,+,DLBC,2959,TCGA-RQ-A68N-01A,TCGA-RQ-A68N-01A,1.0,0.0,0.0,0.0,0.0
3,90656001,-,3,90658712,-,DLBC,2960,TCGA-RQ-A68N-01A,TCGA-RQ-A68N-01A,1.0,0.0,0.0,0.0,0.0
3,90721339,-,3,91138426,-,DLBC,2961,TCGA-RQ-A68N-01A,TCGA-RQ-A68N-01A,1.0,0.0,0.0,0.0,0.0
3,91157126,-,3,91281903,-,DLBC,2962,TCGA-RQ-A68N-01A,TCGA-RQ-A68N-01A,1.0,0.0,0.0,0.0,0.0
3,114749551,-,6,148387629,-,DLBC,2963,TCGA-RQ-A68N-01A,TCGA-RQ-A68N-01A,1.0,0.0,0.0,0.0,0.0
3,194044761,+,3,194063531,-,DLBC,2964,TCGA-RQ-A68N-01A,TCGA-RQ-A68N-01A,1.0,0.0,0.0,0.0,0.0
4,31057792,+,4,31058773,-,DLBC,2965,TCGA-RQ-A68N-01A,TCGA-RQ-A68N-01A,1.0,0.0,0.0,0.0,0.0
4,84246757,+,4,86731631,-,DLBC,2966,TCGA-RQ-A68N-01A,TCGA-RQ-A68N-01A,1.0,0.0,0.0,0.0,0.0
4,178902989,+,4,178912782,-,DLBC,2967,TCGA-RQ-A68N-01A,TCGA-RQ-A68N-01A,1.0,0.0,0.0,0.0,0.0
6,11070817,-,14,105860587,-,DLBC,2968,TCGA-RQ-A68N-01A,TCGA-RQ-A68N-01A,1.0,0.0,0.0,0.0,0.0
6,29711179,+,6,29715107,-,DLBC,2969,TCGA-RQ-A68N-01A,TCGA-RQ-A68N-01A,1.0,0.0,0.0,0.0,0.0
6,31399975,+,6,34951670,-,DLBC,2970,TCGA-RQ-A68N-01A,TCGA-RQ-A68N-01A,1.0,0.0,0.0,0.0,0.0
7,3238530,-,7,3248159,+,DLBC,2971,TCGA-RQ-A68N-01A,TCGA-RQ-A68N-01A,1.0,0.0,0.0,0.0,0.0
7,17005290,+,7,17507784,-,DLBC,2972,TCGA-RQ-A68N-01A,TCGA-RQ-A68N-01A,1.0,0.0,0.0,0.0,0.0
7,48108607,-,7,48133500,+,DLBC,2973,TCGA-RQ-A68N-01A,TCGA-RQ-A68N-01A,1.0,0.0,0.0,0.0,0.0
8,1927990,+,8,1929681,-,DLBC,2974,TCGA-RQ-A68N-01A,TCGA-RQ-A68N-01A,1.0,0.0,0.0,0.0,0.0
8,8526149,-,16,19321553,-,DLBC,2975,TCGA-RQ-A68N-01A,TCGA-RQ-A68N-01A,1.0,0.0,0.0,0.0,0.0
9,21976436,+,9,22055530,-,DLBC,2976,TCGA-RQ-A68N-01A,TCGA-RQ-A68N-01A,1.0,0.0,0.0,0.0,0.0
9,43206407,+,9,60529134,+,DLBC,2977,TCGA-RQ-A68N-01A,TCGA-RQ-A68N-01A,1.0,0.0,0.0,0.0,0.0
9,118326119,-,9,119209071,+,DLBC,2978,TCGA-RQ-A68N-01A,TCGA-RQ-A68N-01A,1.0,0.0,0.0,0.0,0.0
23,10373861,+,23,20064730,+,DLBC,2979,TCGA-RQ-A68N-01A,TCGA-RQ-A68N-01A,1.0,0.0,0.0,0.0,0.0
23,10374057,-,23,123969856,+,DLBC,2980,TCGA-RQ-A68N-01A,TCGA-RQ-A68N-01A,1.0,0.0,0.0,0.0,0.0
23,20018907,-,23,123970773,-,DLBC,2981,TCGA-RQ-A68N-01A,TCGA-RQ-A68N-01A,1.0,0.0,0.0,0.0,0.0
23,69831108,-,23,69849535,+,DLBC,2982,TCGA-RQ-A68N-01A,TCGA-RQ-A68N-01A,1.0,0.0,0.0,0.0,0.0
1,12739771,+,1,18657849,-,DLBC,2983,TCGA-RQ-AAAT-01A,TCGA-RQ-AAAT-01A,1.0,0.0,0.0,0.0,0.0
1,18658996,+,1,18662087,-,DLBC,2984,TCGA-RQ-AAAT-01A,TCGA-RQ-AAAT-01A,1.0,0.0,0.0,0.0,0.0
1,45940691,-,6,17690271,-,DLBC,2985,TCGA-RQ-AAAT-01A,TCGA-RQ-AAAT-01A,1.0,0.0,0.0,0.0,0.0
1,69786018,+,1,69796213,-,DLBC,2986,TCGA-RQ-AAAT-01A,TCGA-RQ-AAAT-01A,1.0,0.0,0.0,0.0,0.0
1,124988971,-,1,124995139,+,DLBC,2987,TCGA-RQ-AAAT-01A,TCGA-RQ-AAAT-01A,1.0,0.0,0.0,0.0,0.0
1,168805844,-,1,168806581,-,DLBC,2988,TCGA-RQ-AAAT-01A,TCGA-RQ-AAAT-01A,1.0,0.0,0.0,0.0,0.0
1,168806581,+,1,169289076,+,DLBC,2989,TCGA-RQ-AAAT-01A,TCGA-RQ-AAAT-01A,1.0,0.0,0.0,0.0,0.0
1,168880098,+,1,170055258,-,DLBC,2990,TCGA-RQ-AAAT-01A,TCGA-RQ-AAAT-01A,1.0,0.0,0.0,0.0,0.0
1,169031320,-,1,169035311,-,DLBC,2991,TCGA-RQ-AAAT-01A,TCGA-RQ-AAAT-01A,1.0,0.0,0.0,0.0,0.0
1,169146690,-,1,169162267,-,DLBC,2992,TCGA-RQ-AAAT-01A,TCGA-RQ-AAAT-01A,1.0,0.0,0.0,0.0,0.0
1,169157074,+,1,169159322,+,DLBC,2993,TCGA-RQ-AAAT-01A,TCGA-RQ-AAAT-01A,1.0,0.0,0.0,0.0,0.0
1,169205040,-,1,169208470,-,DLBC,2994,TCGA-RQ-AAAT-01A,TCGA-RQ-AAAT-01A,1.0,0.0,0.0,0.0,0.0
1,169292229,+,1,169293406,+,DLBC,2995,TCGA-RQ-AAAT-01A,TCGA-RQ-AAAT-01A,1.0,0.0,0.0,0.0,0.0
1,169293428,+,1,169300829,+,DLBC,2996,TCGA-RQ-AAAT-01A,TCGA-RQ-AAAT-01A,1.0,0.0,0.0,0.0,0.0
1,170837771,+,1,170839870,+,DLBC,2997,TCGA-RQ-AAAT-01A,TCGA-RQ-AAAT-01A,1.0,0.0,0.0,0.0,0.0
1,181523736,+,1,181523899,+,DLBC,2998,TCGA-RQ-AAAT-01A,TCGA-RQ-AAAT-01A,1.0,0.0,0.0,0.0,0.0
10,38008159,+,10,108040088,+,DLBC,2999,TCGA-RQ-AAAT-01A,TCGA-RQ-AAAT-01A,1.0,0.0,0.0,0.0,0.0
10,109757530,-,10,109826897,+,DLBC,3000,TCGA-RQ-AAAT-01A,TCGA-RQ-AAAT-01A,1.0,0.0,0.0,0.0,0.0
11,21469152,+,11,21478799,-,DLBC,3001,TCGA-RQ-AAAT-01A,TCGA-RQ-AAAT-01A,1.0,0.0,0.0,0.0,0.0
11,34303975,+,11,34672700,-,DLBC,3002,TCGA-RQ-AAAT-01A,TCGA-RQ-AAAT-01A,1.0,0.0,0.0,0.0,0.0
11,52560538,-,11,52930288,+,DLBC,3003,TCGA-RQ-AAAT-01A,TCGA-RQ-AAAT-01A,1.0,0.0,0.0,0.0,0.0
11,86848586,-,11,87069201,+,DLBC,3004,TCGA-RQ-AAAT-01A,TCGA-RQ-AAAT-01A,1.0,0.0,0.0,0.0,0.0
11,90388993,-,11,90402632,+,DLBC,3005,TCGA-RQ-AAAT-01A,TCGA-RQ-AAAT-01A,1.0,0.0,0.0,0.0,0.0
12,37357619,-,12,37360602,+,DLBC,3006,TCGA-RQ-AAAT-01A,TCGA-RQ-AAAT-01A,1.0,0.0,0.0,0.0,0.0
12,49076710,-,12,111450071,-,DLBC,3007,TCGA-RQ-AAAT-01A,TCGA-RQ-AAAT-01A,1.0,0.0,0.0,0.0,0.0
12,60805916,+,12,60816083,-,DLBC,3008,TCGA-RQ-AAAT-01A,TCGA-RQ-AAAT-01A,1.0,0.0,0.0,0.0,0.0
12,123522014,-,12,123544599,+,DLBC,3009,TCGA-RQ-AAAT-01A,TCGA-RQ-AAAT-01A,1.0,0.0,0.0,0.0,0.0
12,132955846,+,12,133235073,-,DLBC,3010,TCGA-RQ-AAAT-01A,TCGA-RQ-AAAT-01A,1.0,0.0,0.0,0.0,0.0
12,133039614,+,12,133130109,-,DLBC,3011,TCGA-RQ-AAAT-01A,TCGA-RQ-AAAT-01A,1.0,0.0,0.0,0.0,0.0
12,133062820,+,12,133163422,-,DLBC,3012,TCGA-RQ-AAAT-01A,TCGA-RQ-AAAT-01A,1.0,0.0,0.0,0.0,0.0
13,18700329,+,21,13800223,-,DLBC,3013,TCGA-RQ-AAAT-01A,TCGA-RQ-AAAT-01A,1.0,0.0,0.0,0.0,0.0
13,86497923,-,13,86498679,-,DLBC,3014,TCGA-RQ-AAAT-01A,TCGA-RQ-AAAT-01A,1.0,0.0,0.0,0.0,0.0
14,85539544,-,14,85542828,+,DLBC,3015,TCGA-RQ-AAAT-01A,TCGA-RQ-AAAT-01A,1.0,0.0,0.0,0.0,0.0
14,105741919,+,14,105774079,-,DLBC,3016,TCGA-RQ-AAAT-01A,TCGA-RQ-AAAT-01A,1.0,0.0,0.0,0.0,0.0
14,105741919,+,14,105859857,-,DLBC,3017,TCGA-RQ-AAAT-01A,TCGA-RQ-AAAT-01A,1.0,0.0,0.0,0.0,0.0
15,19961543,-,15,19965864,+,DLBC,3018,TCGA-RQ-AAAT-01A,TCGA-RQ-AAAT-01A,1.0,0.0,0.0,0.0,0.0
15,41688003,+,15,41798941,-,DLBC,3019,TCGA-RQ-AAAT-01A,TCGA-RQ-AAAT-01A,1.0,0.0,0.0,0.0,0.0
15,66432960,-,15,88243537,-,DLBC,3020,TCGA-RQ-AAAT-01A,TCGA-RQ-AAAT-01A,1.0,0.0,0.0,0.0,0.0
15,97012867,-,15,97048341,+,DLBC,3021,TCGA-RQ-AAAT-01A,TCGA-RQ-AAAT-01A,1.0,0.0,0.0,0.0,0.0
16,78345466,-,16,78389068,+,DLBC,3022,TCGA-RQ-AAAT-01A,TCGA-RQ-AAAT-01A,1.0,0.0,0.0,0.0,0.0
16,88625830,+,16,88669303,-,DLBC,3023,TCGA-RQ-AAAT-01A,TCGA-RQ-AAAT-01A,1.0,0.0,0.0,0.0,0.0
17,22558520,+,17,22574216,+,DLBC,3024,TCGA-RQ-AAAT-01A,TCGA-RQ-AAAT-01A,1.0,0.0,0.0,0.0,0.0
17,22564817,-,17,22570627,-,DLBC,3025,TCGA-RQ-AAAT-01A,TCGA-RQ-AAAT-01A,1.0,0.0,0.0,0.0,0.0
17,22711071,+,18,53500754,-,DLBC,3026,TCGA-RQ-AAAT-01A,TCGA-RQ-AAAT-01A,1.0,0.0,0.0,0.0,0.0
18,72696447,-,18,78124486,+,DLBC,3027,TCGA-RQ-AAAT-01A,TCGA-RQ-AAAT-01A,1.0,0.0,0.0,0.0,0.0
18,72726497,+,18,78095828,-,DLBC,3028,TCGA-RQ-AAAT-01A,TCGA-RQ-AAAT-01A,1.0,0.0,0.0,0.0,0.0
18,80120047,+,18,80185918,-,DLBC,3029,TCGA-RQ-AAAT-01A,TCGA-RQ-AAAT-01A,1.0,0.0,0.0,0.0,0.0
19,9320945,+,19,9537262,-,DLBC,3030,TCGA-RQ-AAAT-01A,TCGA-RQ-AAAT-01A,1.0,0.0,0.0,0.0,0.0
19,12145176,+,19,12377746,-,DLBC,3031,TCGA-RQ-AAAT-01A,TCGA-RQ-AAAT-01A,1.0,0.0,0.0,0.0,0.0
19,39078944,+,19,41950119,-,DLBC,3032,TCGA-RQ-AAAT-01A,TCGA-RQ-AAAT-01A,1.0,0.0,0.0,0.0,0.0
19,39079059,-,19,50331863,+,DLBC,3033,TCGA-RQ-AAAT-01A,TCGA-RQ-AAAT-01A,1.0,0.0,0.0,0.0,0.0
19,40443936,+,19,50317361,+,DLBC,3034,TCGA-RQ-AAAT-01A,TCGA-RQ-AAAT-01A,1.0,0.0,0.0,0.0,0.0
19,40444393,-,19,41883219,-,DLBC,3035,TCGA-RQ-AAAT-01A,TCGA-RQ-AAAT-01A,1.0,0.0,0.0,0.0,0.0
19,41185728,+,19,49676422,-,DLBC,3036,TCGA-RQ-AAAT-01A,TCGA-RQ-AAAT-01A,1.0,0.0,0.0,0.0,0.0
19,41185881,-,19,41949990,+,DLBC,3037,TCGA-RQ-AAAT-01A,TCGA-RQ-AAAT-01A,1.0,0.0,0.0,0.0,0.0
19,41883138,+,19,48777453,+,DLBC,3038,TCGA-RQ-AAAT-01A,TCGA-RQ-AAAT-01A,1.0,0.0,0.0,0.0,0.0
19,42133641,+,19,49676253,+,DLBC,3039,TCGA-RQ-AAAT-01A,TCGA-RQ-AAAT-01A,1.0,0.0,0.0,0.0,0.0
19,42133672,-,19,49491717,-,DLBC,3040,TCGA-RQ-AAAT-01A,TCGA-RQ-AAAT-01A,1.0,0.0,0.0,0.0,0.0
19,50317556,-,19,50332156,-,DLBC,3041,TCGA-RQ-AAAT-01A,TCGA-RQ-AAAT-01A,1.0,0.0,0.0,0.0,0.0
19,52007085,+,19,52076392,-,DLBC,3042,TCGA-RQ-AAAT-01A,TCGA-RQ-AAAT-01A,1.0,0.0,0.0,0.0,0.0
2,49616438,-,2,49764359,+,DLBC,3043,TCGA-RQ-AAAT-01A,TCGA-RQ-AAAT-01A,1.0,0.0,0.0,0.0,0.0
2,53318667,-,2,53340484,-,DLBC,3044,TCGA-RQ-AAAT-01A,TCGA-RQ-AAAT-01A,1.0,0.0,0.0,0.0,0.0
2,55879218,+,2,60161982,-,DLBC,3045,TCGA-RQ-AAAT-01A,TCGA-RQ-AAAT-01A,1.0,0.0,0.0,0.0,0.0
2,56030055,-,2,60162005,+,DLBC,3046,TCGA-RQ-AAAT-01A,TCGA-RQ-AAAT-01A,1.0,0.0,0.0,0.0,0.0
2,56495391,-,2,56495470,-,DLBC,3047,TCGA-RQ-AAAT-01A,TCGA-RQ-AAAT-01A,1.0,0.0,0.0,0.0,0.0
2,57340207,+,2,57341110,+,DLBC,3048,TCGA-RQ-AAAT-01A,TCGA-RQ-AAAT-01A,1.0,0.0,0.0,0.0,0.0
2,60008514,-,2,61126799,-,DLBC,3049,TCGA-RQ-AAAT-01A,TCGA-RQ-AAAT-01A,1.0,0.0,0.0,0.0,0.0
2,60488293,-,2,60488482,-,DLBC,3050,TCGA-RQ-AAAT-01A,TCGA-RQ-AAAT-01A,1.0,0.0,0.0,0.0,0.0
2,60604399,+,2,61117302,-,DLBC,3051,TCGA-RQ-AAAT-01A,TCGA-RQ-AAAT-01A,1.0,0.0,0.0,0.0,0.0
2,60855426,+,2,61519024,+,DLBC,3052,TCGA-RQ-AAAT-01A,TCGA-RQ-AAAT-01A,1.0,0.0,0.0,0.0,0.0
2,61183759,+,2,61184551,+,DLBC,3053,TCGA-RQ-AAAT-01A,TCGA-RQ-AAAT-01A,1.0,0.0,0.0,0.0,0.0
2,61462934,+,2,61464835,+,DLBC,3054,TCGA-RQ-AAAT-01A,TCGA-RQ-AAAT-01A,1.0,0.0,0.0,0.0,0.0
2,61471783,+,2,61503392,-,DLBC,3055,TCGA-RQ-AAAT-01A,TCGA-RQ-AAAT-01A,1.0,0.0,0.0,0.0,0.0
2,61508697,+,2,61510859,-,DLBC,3056,TCGA-RQ-AAAT-01A,TCGA-RQ-AAAT-01A,1.0,0.0,0.0,0.0,0.0
2,61684380,-,11,4274633,+,DLBC,3057,TCGA-RQ-AAAT-01A,TCGA-RQ-AAAT-01A,1.0,0.0,0.0,0.0,0.0
2,61949800,+,2,61951044,+,DLBC,3058,TCGA-RQ-AAAT-01A,TCGA-RQ-AAAT-01A,1.0,0.0,0.0,0.0,0.0
2,62991723,+,11,106992359,+,DLBC,3059,TCGA-RQ-AAAT-01A,TCGA-RQ-AAAT-01A,1.0,0.0,0.0,0.0,0.0
2,62992628,+,11,106992135,-,DLBC,3060,TCGA-RQ-AAAT-01A,TCGA-RQ-AAAT-01A,1.0,0.0,0.0,0.0,0.0
2,88832769,+,2,90210529,+,DLBC,3061,TCGA-RQ-AAAT-01A,TCGA-RQ-AAAT-01A,1.0,0.0,0.0,0.0,0.0
2,88860917,+,2,89244778,-,DLBC,3062,TCGA-RQ-AAAT-01A,TCGA-RQ-AAAT-01A,1.0,0.0,0.0,0.0,0.0
2,88903989,+,2,88992407,-,DLBC,3063,TCGA-RQ-AAAT-01A,TCGA-RQ-AAAT-01A,1.0,0.0,0.0,0.0,0.0
2,155954087,+,2,223360943,-,DLBC,3064,TCGA-RQ-AAAT-01A,TCGA-RQ-AAAT-01A,1.0,0.0,0.0,0.0,0.0
2,229495310,-,2,238962571,+,DLBC,3065,TCGA-RQ-AAAT-01A,TCGA-RQ-AAAT-01A,1.0,0.0,0.0,0.0,0.0
2,229842678,+,2,236357026,+,DLBC,3066,TCGA-RQ-AAAT-01A,TCGA-RQ-AAAT-01A,1.0,0.0,0.0,0.0,0.0
2,229842814,-,2,236357010,+,DLBC,3067,TCGA-RQ-AAAT-01A,TCGA-RQ-AAAT-01A,1.0,0.0,0.0,0.0,0.0
2,236343139,-,2,236344364,-,DLBC,3068,TCGA-RQ-AAAT-01A,TCGA-RQ-AAAT-01A,1.0,0.0,0.0,0.0,0.0
2,237136419,-,7,126705378,+,DLBC,3069,TCGA-RQ-AAAT-01A,TCGA-RQ-AAAT-01A,1.0,0.0,0.0,0.0,0.0
2,237687509,-,2,237725348,-,DLBC,3070,TCGA-RQ-AAAT-01A,TCGA-RQ-AAAT-01A,1.0,0.0,0.0,0.0,0.0
2,238962614,-,4,189053927,-,DLBC,3071,TCGA-RQ-AAAT-01A,TCGA-RQ-AAAT-01A,1.0,0.0,0.0,0.0,0.0
20,25895860,-,20,30191051,+,DLBC,3072,TCGA-RQ-AAAT-01A,TCGA-RQ-AAAT-01A,1.0,0.0,0.0,0.0,0.0
20,26544626,-,20,26555185,+,DLBC,3073,TCGA-RQ-AAAT-01A,TCGA-RQ-AAAT-01A,1.0,0.0,0.0,0.0,0.0
3,22744451,-,3,22745263,-,DLBC,3074,TCGA-RQ-AAAT-01A,TCGA-RQ-AAAT-01A,1.0,0.0,0.0,0.0,0.0
3,29879476,+,3,37832909,-,DLBC,3075,TCGA-RQ-AAAT-01A,TCGA-RQ-AAAT-01A,1.0,0.0,0.0,0.0,0.0
3,38351694,+,3,38352316,+,DLBC,3076,TCGA-RQ-AAAT-01A,TCGA-RQ-AAAT-01A,1.0,0.0,0.0,0.0,0.0
3,77754216,-,3,77774040,+,DLBC,3077,TCGA-RQ-AAAT-01A,TCGA-RQ-AAAT-01A,1.0,0.0,0.0,0.0,0.0
3,92133514,+,3,92647287,-,DLBC,3078,TCGA-RQ-AAAT-01A,TCGA-RQ-AAAT-01A,1.0,0.0,0.0,0.0,0.0
4,148406,+,4,251856,-,DLBC,3079,TCGA-RQ-AAAT-01A,TCGA-RQ-AAAT-01A,1.0,0.0,0.0,0.0,0.0
4,30345010,-,4,30374886,+,DLBC,3080,TCGA-RQ-AAAT-01A,TCGA-RQ-AAAT-01A,1.0,0.0,0.0,0.0,0.0
4,110584539,-,23,152199234,+,DLBC,3081,TCGA-RQ-AAAT-01A,TCGA-RQ-AAAT-01A,1.0,0.0,0.0,0.0,0.0
4,184927866,-,5,180228446,-,DLBC,3082,TCGA-RQ-AAAT-01A,TCGA-RQ-AAAT-01A,1.0,0.0,0.0,0.0,0.0
4,187853516,+,4,187866632,+,DLBC,3083,TCGA-RQ-AAAT-01A,TCGA-RQ-AAAT-01A,1.0,0.0,0.0,0.0,0.0
5,151007282,+,5,159429850,+,DLBC,3084,TCGA-RQ-AAAT-01A,TCGA-RQ-AAAT-01A,1.0,0.0,0.0,0.0,0.0
5,151007297,-,5,159419951,-,DLBC,3085,TCGA-RQ-AAAT-01A,TCGA-RQ-AAAT-01A,1.0,0.0,0.0,0.0,0.0
5,157869814,+,5,159430277,-,DLBC,3086,TCGA-RQ-AAAT-01A,TCGA-RQ-AAAT-01A,1.0,0.0,0.0,0.0,0.0
6,58945608,+,6,59263016,-,DLBC,3087,TCGA-RQ-AAAT-01A,TCGA-RQ-AAAT-01A,1.0,0.0,0.0,0.0,0.0
6,102704637,+,6,102705122,-,DLBC,3088,TCGA-RQ-AAAT-01A,TCGA-RQ-AAAT-01A,1.0,0.0,0.0,0.0,0.0
7,13476388,-,7,13500304,+,DLBC,3089,TCGA-RQ-AAAT-01A,TCGA-RQ-AAAT-01A,1.0,0.0,0.0,0.0,0.0
7,26201944,+,12,95287021,+,DLBC,3090,TCGA-RQ-AAAT-01A,TCGA-RQ-AAAT-01A,1.0,0.0,0.0,0.0,0.0
7,86183561,-,7,86185031,-,DLBC,3091,TCGA-RQ-AAAT-01A,TCGA-RQ-AAAT-01A,1.0,0.0,0.0,0.0,0.0
7,86397322,+,23,145483780,-,DLBC,3092,TCGA-RQ-AAAT-01A,TCGA-RQ-AAAT-01A,1.0,0.0,0.0,0.0,0.0
7,114927746,+,7,115123424,-,DLBC,3093,TCGA-RQ-AAAT-01A,TCGA-RQ-AAAT-01A,1.0,0.0,0.0,0.0,0.0
8,111345104,+,8,111345706,-,DLBC,3094,TCGA-RQ-AAAT-01A,TCGA-RQ-AAAT-01A,1.0,0.0,0.0,0.0,0.0
9,96859171,-,9,96869823,+,DLBC,3095,TCGA-RQ-AAAT-01A,TCGA-RQ-AAAT-01A,1.0,0.0,0.0,0.0,0.0
9,113951448,+,16,70835008,+,DLBC,3096,TCGA-RQ-AAAT-01A,TCGA-RQ-AAAT-01A,1.0,0.0,0.0,0.0,0.0
23,147196734,+,23,147937539,-,DLBC,3097,TCGA-RQ-AAAT-01A,TCGA-RQ-AAAT-01A,1.0,0.0,0.0,0.0,0.0
1,17491376,+,1,17626814,-,DLBC,3098,TCGA-VB-A8QN-01A,TCGA-VB-A8QN-01A,1.0,0.0,0.0,0.0,0.0
1,25950541,+,1,25994794,-,DLBC,3099,TCGA-VB-A8QN-01A,TCGA-VB-A8QN-01A,1.0,0.0,0.0,0.0,0.0
1,61394045,+,1,61395580,-,DLBC,3100,TCGA-VB-A8QN-01A,TCGA-VB-A8QN-01A,1.0,0.0,0.0,0.0,0.0
1,77433336,-,8,133313539,-,DLBC,3101,TCGA-VB-A8QN-01A,TCGA-VB-A8QN-01A,1.0,0.0,0.0,0.0,0.0
1,108877885,+,1,117015364,+,DLBC,3102,TCGA-VB-A8QN-01A,TCGA-VB-A8QN-01A,1.0,0.0,0.0,0.0,0.0
1,108968039,-,1,117015509,-,DLBC,3103,TCGA-VB-A8QN-01A,TCGA-VB-A8QN-01A,1.0,0.0,0.0,0.0,0.0
1,110590378,+,1,110627072,-,DLBC,3104,TCGA-VB-A8QN-01A,TCGA-VB-A8QN-01A,1.0,0.0,0.0,0.0,0.0
1,116493094,+,1,116605160,-,DLBC,3105,TCGA-VB-A8QN-01A,TCGA-VB-A8QN-01A,1.0,0.0,0.0,0.0,0.0
1,116508799,+,1,116541133,-,DLBC,3106,TCGA-VB-A8QN-01A,TCGA-VB-A8QN-01A,1.0,0.0,0.0,0.0,0.0
1,122074392,+,1,122215629,-,DLBC,3107,TCGA-VB-A8QN-01A,TCGA-VB-A8QN-01A,1.0,0.0,0.0,0.0,0.0
1,122201195,+,1,122210638,-,DLBC,3108,TCGA-VB-A8QN-01A,TCGA-VB-A8QN-01A,1.0,0.0,0.0,0.0,0.0
1,147369587,+,6,25436461,-,DLBC,3109,TCGA-VB-A8QN-01A,TCGA-VB-A8QN-01A,1.0,0.0,0.0,0.0,0.0
1,147370297,-,6,25437023,+,DLBC,3110,TCGA-VB-A8QN-01A,TCGA-VB-A8QN-01A,1.0,0.0,0.0,0.0,0.0
1,172598571,+,1,172627737,-,DLBC,3111,TCGA-VB-A8QN-01A,TCGA-VB-A8QN-01A,1.0,0.0,0.0,0.0,0.0
1,176051809,+,11,108948220,-,DLBC,3112,TCGA-VB-A8QN-01A,TCGA-VB-A8QN-01A,1.0,0.0,0.0,0.0,0.0
1,176679203,+,1,176693875,-,DLBC,3113,TCGA-VB-A8QN-01A,TCGA-VB-A8QN-01A,1.0,0.0,0.0,0.0,0.0
1,181806334,-,1,181960545,+,DLBC,3114,TCGA-VB-A8QN-01A,TCGA-VB-A8QN-01A,1.0,0.0,0.0,0.0,0.0
1,213966586,+,1,213990897,-,DLBC,3115,TCGA-VB-A8QN-01A,TCGA-VB-A8QN-01A,1.0,0.0,0.0,0.0,0.0
1,242951677,+,17,11694884,+,DLBC,3116,TCGA-VB-A8QN-01A,TCGA-VB-A8QN-01A,1.0,0.0,0.0,0.0,0.0
1,244052811,+,1,247697205,-,DLBC,3117,TCGA-VB-A8QN-01A,TCGA-VB-A8QN-01A,1.0,0.0,0.0,0.0,0.0
10,34057599,+,10,34077940,-,DLBC,3118,TCGA-VB-A8QN-01A,TCGA-VB-A8QN-01A,1.0,0.0,0.0,0.0,0.0
10,43624295,+,15,59528123,-,DLBC,3119,TCGA-VB-A8QN-01A,TCGA-VB-A8QN-01A,1.0,0.0,0.0,0.0,0.0
10,43624316,-,15,59528094,+,DLBC,3120,TCGA-VB-A8QN-01A,TCGA-VB-A8QN-01A,1.0,0.0,0.0,0.0,0.0
10,44962444,+,10,44983030,-,DLBC,3121,TCGA-VB-A8QN-01A,TCGA-VB-A8QN-01A,1.0,0.0,0.0,0.0,0.0
10,51693735,+,10,51715114,-,DLBC,3122,TCGA-VB-A8QN-01A,TCGA-VB-A8QN-01A,1.0,0.0,0.0,0.0,0.0
10,63847701,+,10,63884986,-,DLBC,3123,TCGA-VB-A8QN-01A,TCGA-VB-A8QN-01A,1.0,0.0,0.0,0.0,0.0
10,63847959,-,10,63924387,+,DLBC,3124,TCGA-VB-A8QN-01A,TCGA-VB-A8QN-01A,1.0,0.0,0.0,0.0,0.0
10,63884513,+,10,90315206,-,DLBC,3125,TCGA-VB-A8QN-01A,TCGA-VB-A8QN-01A,1.0,0.0,0.0,0.0,0.0
10,65812933,+,10,65834987,-,DLBC,3126,TCGA-VB-A8QN-01A,TCGA-VB-A8QN-01A,1.0,0.0,0.0,0.0,0.0
10,77916410,+,10,77932240,-,DLBC,3127,TCGA-VB-A8QN-01A,TCGA-VB-A8QN-01A,1.0,0.0,0.0,0.0,0.0
10,100173390,+,10,114440264,+,DLBC,3128,TCGA-VB-A8QN-01A,TCGA-VB-A8QN-01A,1.0,0.0,0.0,0.0,0.0
10,100173405,-,10,127387356,-,DLBC,3129,TCGA-VB-A8QN-01A,TCGA-VB-A8QN-01A,1.0,0.0,0.0,0.0,0.0
11,398942,-,11,121630116,-,DLBC,3130,TCGA-VB-A8QN-01A,TCGA-VB-A8QN-01A,1.0,0.0,0.0,0.0,0.0
11,399210,+,11,7630565,+,DLBC,3131,TCGA-VB-A8QN-01A,TCGA-VB-A8QN-01A,1.0,0.0,0.0,0.0,0.0
11,400807,-,11,119237149,+,DLBC,3132,TCGA-VB-A8QN-01A,TCGA-VB-A8QN-01A,1.0,0.0,0.0,0.0,0.0
11,403844,+,11,119232852,-,DLBC,3133,TCGA-VB-A8QN-01A,TCGA-VB-A8QN-01A,1.0,0.0,0.0,0.0,0.0
11,45189635,+,11,45247831,+,DLBC,3134,TCGA-VB-A8QN-01A,TCGA-VB-A8QN-01A,1.0,0.0,0.0,0.0,0.0
11,45189743,-,11,45214941,-,DLBC,3135,TCGA-VB-A8QN-01A,TCGA-VB-A8QN-01A,1.0,0.0,0.0,0.0,0.0
11,45214743,+,11,45363584,-,DLBC,3136,TCGA-VB-A8QN-01A,TCGA-VB-A8QN-01A,1.0,0.0,0.0,0.0,0.0
11,55094429,+,11,55270305,-,DLBC,3137,TCGA-VB-A8QN-01A,TCGA-VB-A8QN-01A,1.0,0.0,0.0,0.0,0.0
11,58011000,+,11,58117241,-,DLBC,3138,TCGA-VB-A8QN-01A,TCGA-VB-A8QN-01A,1.0,0.0,0.0,0.0,0.0
11,58410302,+,11,58425317,+,DLBC,3139,TCGA-VB-A8QN-01A,TCGA-VB-A8QN-01A,1.0,0.0,0.0,0.0,0.0
11,58424904,-,11,58427027,-,DLBC,3140,TCGA-VB-A8QN-01A,TCGA-VB-A8QN-01A,1.0,0.0,0.0,0.0,0.0
11,60239173,+,11,60266130,-,DLBC,3141,TCGA-VB-A8QN-01A,TCGA-VB-A8QN-01A,1.0,0.0,0.0,0.0,0.0
11,68688122,-,14,105746738,-,DLBC,3142,TCGA-VB-A8QN-01A,TCGA-VB-A8QN-01A,1.0,0.0,0.0,0.0,0.0
11,68715153,-,14,105745356,+,DLBC,3143,TCGA-VB-A8QN-01A,TCGA-VB-A8QN-01A,1.0,0.0,0.0,0.0,0.0
11,68715213,+,11,68715473,+,DLBC,3144,TCGA-VB-A8QN-01A,TCGA-VB-A8QN-01A,1.0,0.0,0.0,0.0,0.0
11,119233207,+,11,121631961,-,DLBC,3145,TCGA-VB-A8QN-01A,TCGA-VB-A8QN-01A,1.0,0.0,0.0,0.0,0.0
12,33998170,-,12,34103446,+,DLBC,3146,TCGA-VB-A8QN-01A,TCGA-VB-A8QN-01A,1.0,0.0,0.0,0.0,0.0
12,34035059,-,12,34103541,-,DLBC,3147,TCGA-VB-A8QN-01A,TCGA-VB-A8QN-01A,1.0,0.0,0.0,0.0,0.0
12,34035246,+,12,34103541,-,DLBC,3148,TCGA-VB-A8QN-01A,TCGA-VB-A8QN-01A,1.0,0.0,0.0,0.0,0.0
12,37973829,+,12,37992125,-,DLBC,3149,TCGA-VB-A8QN-01A,TCGA-VB-A8QN-01A,1.0,0.0,0.0,0.0,0.0
12,38076029,+,12,38105174,-,DLBC,3150,TCGA-VB-A8QN-01A,TCGA-VB-A8QN-01A,1.0,0.0,0.0,0.0,0.0
12,54286197,+,12,54331239,-,DLBC,3151,TCGA-VB-A8QN-01A,TCGA-VB-A8QN-01A,1.0,0.0,0.0,0.0,0.0
12,55997598,+,17,65817629,-,DLBC,3152,TCGA-VB-A8QN-01A,TCGA-VB-A8QN-01A,1.0,0.0,0.0,0.0,0.0
12,56023927,-,17,63684308,+,DLBC,3153,TCGA-VB-A8QN-01A,TCGA-VB-A8QN-01A,1.0,0.0,0.0,0.0,0.0
12,59041621,+,12,59166643,-,DLBC,3154,TCGA-VB-A8QN-01A,TCGA-VB-A8QN-01A,1.0,0.0,0.0,0.0,0.0
12,59873816,+,12,59898726,-,DLBC,3155,TCGA-VB-A8QN-01A,TCGA-VB-A8QN-01A,1.0,0.0,0.0,0.0,0.0
12,86850879,+,12,86903978,+,DLBC,3156,TCGA-VB-A8QN-01A,TCGA-VB-A8QN-01A,1.0,0.0,0.0,0.0,0.0
12,92355368,+,12,92356889,-,DLBC,3157,TCGA-VB-A8QN-01A,TCGA-VB-A8QN-01A,1.0,0.0,0.0,0.0,0.0
12,99431712,+,12,99532384,-,DLBC,3158,TCGA-VB-A8QN-01A,TCGA-VB-A8QN-01A,1.0,0.0,0.0,0.0,0.0
12,105115487,+,12,105135310,-,DLBC,3159,TCGA-VB-A8QN-01A,TCGA-VB-A8QN-01A,1.0,0.0,0.0,0.0,0.0
12,107549057,+,12,107568487,-,DLBC,3160,TCGA-VB-A8QN-01A,TCGA-VB-A8QN-01A,1.0,0.0,0.0,0.0,0.0
12,122372456,-,20,51397034,-,DLBC,3161,TCGA-VB-A8QN-01A,TCGA-VB-A8QN-01A,1.0,0.0,0.0,0.0,0.0
13,18607585,+,13,19965319,+,DLBC,3162,TCGA-VB-A8QN-01A,TCGA-VB-A8QN-01A,1.0,0.0,0.0,0.0,0.0
13,18874837,+,21,14064220,+,DLBC,3163,TCGA-VB-A8QN-01A,TCGA-VB-A8QN-01A,1.0,0.0,0.0,0.0,0.0
13,19965087,-,13,19965318,-,DLBC,3164,TCGA-VB-A8QN-01A,TCGA-VB-A8QN-01A,1.0,0.0,0.0,0.0,0.0
13,23728485,+,13,45961446,+,DLBC,3165,TCGA-VB-A8QN-01A,TCGA-VB-A8QN-01A,1.0,0.0,0.0,0.0,0.0
13,23728536,-,13,45961256,-,DLBC,3166,TCGA-VB-A8QN-01A,TCGA-VB-A8QN-01A,1.0,0.0,0.0,0.0,0.0
13,26854710,+,13,26910047,-,DLBC,3167,TCGA-VB-A8QN-01A,TCGA-VB-A8QN-01A,1.0,0.0,0.0,0.0,0.0
13,30012672,+,15,56933547,-,DLBC,3168,TCGA-VB-A8QN-01A,TCGA-VB-A8QN-01A,1.0,0.0,0.0,0.0,0.0
13,36837565,+,13,36880515,+,DLBC,3169,TCGA-VB-A8QN-01A,TCGA-VB-A8QN-01A,1.0,0.0,0.0,0.0,0.0
13,36859649,-,13,36880555,-,DLBC,3170,TCGA-VB-A8QN-01A,TCGA-VB-A8QN-01A,1.0,0.0,0.0,0.0,0.0
13,50027392,-,15,56263141,+,DLBC,3171,TCGA-VB-A8QN-01A,TCGA-VB-A8QN-01A,1.0,0.0,0.0,0.0,0.0
13,70698881,+,13,70699489,-,DLBC,3172,TCGA-VB-A8QN-01A,TCGA-VB-A8QN-01A,1.0,0.0,0.0,0.0,0.0
13,102245227,+,13,102344431,-,DLBC,3173,TCGA-VB-A8QN-01A,TCGA-VB-A8QN-01A,1.0,0.0,0.0,0.0,0.0
14,28903909,+,14,29198603,-,DLBC,3174,TCGA-VB-A8QN-01A,TCGA-VB-A8QN-01A,1.0,0.0,0.0,0.0,0.0
14,35324462,+,14,35412491,-,DLBC,3175,TCGA-VB-A8QN-01A,TCGA-VB-A8QN-01A,1.0,0.0,0.0,0.0,0.0
14,40339104,-,14,40558281,+,DLBC,3176,TCGA-VB-A8QN-01A,TCGA-VB-A8QN-01A,1.0,0.0,0.0,0.0,0.0
14,40404549,-,14,40404692,-,DLBC,3177,TCGA-VB-A8QN-01A,TCGA-VB-A8QN-01A,1.0,0.0,0.0,0.0,0.0
14,82163437,-,14,83036813,+,DLBC,3178,TCGA-VB-A8QN-01A,TCGA-VB-A8QN-01A,1.0,0.0,0.0,0.0,0.0
14,95680085,+,14,95722975,-,DLBC,3179,TCGA-VB-A8QN-01A,TCGA-VB-A8QN-01A,1.0,0.0,0.0,0.0,0.0
14,105904680,+,14,106578743,+,DLBC,3180,TCGA-VB-A8QN-01A,TCGA-VB-A8QN-01A,1.0,0.0,0.0,0.0,0.0
14,105904686,-,14,106578741,-,DLBC,3181,TCGA-VB-A8QN-01A,TCGA-VB-A8QN-01A,1.0,0.0,0.0,0.0,0.0
14,106421539,-,14,106638969,+,DLBC,3182,TCGA-VB-A8QN-01A,TCGA-VB-A8QN-01A,1.0,0.0,0.0,0.0,0.0
15,25597936,+,15,25635658,-,DLBC,3183,TCGA-VB-A8QN-01A,TCGA-VB-A8QN-01A,1.0,0.0,0.0,0.0,0.0
15,41062529,+,15,41130458,-,DLBC,3184,TCGA-VB-A8QN-01A,TCGA-VB-A8QN-01A,1.0,0.0,0.0,0.0,0.0
15,76467842,+,15,76508945,-,DLBC,3185,TCGA-VB-A8QN-01A,TCGA-VB-A8QN-01A,1.0,0.0,0.0,0.0,0.0
16,10012487,+,16,13446290,-,DLBC,3186,TCGA-VB-A8QN-01A,TCGA-VB-A8QN-01A,1.0,0.0,0.0,0.0,0.0
16,12300433,+,16,12612959,-,DLBC,3187,TCGA-VB-A8QN-01A,TCGA-VB-A8QN-01A,1.0,0.0,0.0,0.0,0.0
16,13500799,+,16,13871995,-,DLBC,3188,TCGA-VB-A8QN-01A,TCGA-VB-A8QN-01A,1.0,0.0,0.0,0.0,0.0
16,68541009,-,16,68550098,+,DLBC,3189,TCGA-VB-A8QN-01A,TCGA-VB-A8QN-01A,1.0,0.0,0.0,0.0,0.0
16,73414076,+,16,73486371,-,DLBC,3190,TCGA-VB-A8QN-01A,TCGA-VB-A8QN-01A,1.0,0.0,0.0,0.0,0.0
16,85596142,-,16,85597086,+,DLBC,3191,TCGA-VB-A8QN-01A,TCGA-VB-A8QN-01A,1.0,0.0,0.0,0.0,0.0
16,86373039,+,16,86908504,-,DLBC,3192,TCGA-VB-A8QN-01A,TCGA-VB-A8QN-01A,1.0,0.0,0.0,0.0,0.0
17,7565684,+,17,7603600,-,DLBC,3193,TCGA-VB-A8QN-01A,TCGA-VB-A8QN-01A,1.0,0.0,0.0,0.0,0.0
17,34986984,+,17,35057949,-,DLBC,3194,TCGA-VB-A8QN-01A,TCGA-VB-A8QN-01A,1.0,0.0,0.0,0.0,0.0
17,38652377,+,17,38724108,-,DLBC,3195,TCGA-VB-A8QN-01A,TCGA-VB-A8QN-01A,1.0,0.0,0.0,0.0,0.0
17,44200655,+,17,44457723,-,DLBC,3196,TCGA-VB-A8QN-01A,TCGA-VB-A8QN-01A,1.0,0.0,0.0,0.0,0.0
17,44423337,+,17,44543849,-,DLBC,3197,TCGA-VB-A8QN-01A,TCGA-VB-A8QN-01A,1.0,0.0,0.0,0.0,0.0
17,46955556,+,17,46980122,-,DLBC,3198,TCGA-VB-A8QN-01A,TCGA-VB-A8QN-01A,1.0,0.0,0.0,0.0,0.0
17,49628526,+,17,49690384,-,DLBC,3199,TCGA-VB-A8QN-01A,TCGA-VB-A8QN-01A,1.0,0.0,0.0,0.0,0.0
18,15226306,+,18,15324971,-,DLBC,3200,TCGA-VB-A8QN-01A,TCGA-VB-A8QN-01A,1.0,0.0,0.0,0.0,0.0
18,33714550,+,18,33783416,-,DLBC,3201,TCGA-VB-A8QN-01A,TCGA-VB-A8QN-01A,1.0,0.0,0.0,0.0,0.0
18,42733196,+,18,42771648,-,DLBC,3202,TCGA-VB-A8QN-01A,TCGA-VB-A8QN-01A,1.0,0.0,0.0,0.0,0.0
18,70823458,+,18,70933352,-,DLBC,3203,TCGA-VB-A8QN-01A,TCGA-VB-A8QN-01A,1.0,0.0,0.0,0.0,0.0
19,4331325,+,19,4352216,-,DLBC,3204,TCGA-VB-A8QN-01A,TCGA-VB-A8QN-01A,1.0,0.0,0.0,0.0,0.0
19,13773819,+,19,16179782,-,DLBC,3205,TCGA-VB-A8QN-01A,TCGA-VB-A8QN-01A,1.0,0.0,0.0,0.0,0.0
19,18823493,+,19,24389924,-,DLBC,3206,TCGA-VB-A8QN-01A,TCGA-VB-A8QN-01A,1.0,0.0,0.0,0.0,0.0
19,22694154,-,19,22694295,-,DLBC,3207,TCGA-VB-A8QN-01A,TCGA-VB-A8QN-01A,1.0,0.0,0.0,0.0,0.0
19,22694205,+,19,22694315,+,DLBC,3208,TCGA-VB-A8QN-01A,TCGA-VB-A8QN-01A,1.0,0.0,0.0,0.0,0.0
19,36271961,+,19,36336882,-,DLBC,3209,TCGA-VB-A8QN-01A,TCGA-VB-A8QN-01A,1.0,0.0,0.0,0.0,0.0
2,60671843,-,2,60865185,-,DLBC,3210,TCGA-VB-A8QN-01A,TCGA-VB-A8QN-01A,1.0,0.0,0.0,0.0,0.0
2,60731263,+,2,60926062,+,DLBC,3211,TCGA-VB-A8QN-01A,TCGA-VB-A8QN-01A,1.0,0.0,0.0,0.0,0.0
2,88860923,-,2,88897786,-,DLBC,3212,TCGA-VB-A8QN-01A,TCGA-VB-A8QN-01A,1.0,0.0,0.0,0.0,0.0
2,88861260,+,2,88886154,+,DLBC,3213,TCGA-VB-A8QN-01A,TCGA-VB-A8QN-01A,1.0,0.0,0.0,0.0,0.0
2,102148443,+,2,102198135,-,DLBC,3214,TCGA-VB-A8QN-01A,TCGA-VB-A8QN-01A,1.0,0.0,0.0,0.0,0.0
2,116370174,+,2,132013587,+,DLBC,3215,TCGA-VB-A8QN-01A,TCGA-VB-A8QN-01A,1.0,0.0,0.0,0.0,0.0
2,116370246,-,14,40404554,+,DLBC,3216,TCGA-VB-A8QN-01A,TCGA-VB-A8QN-01A,1.0,0.0,0.0,0.0,0.0
2,132220166,+,9,43191986,-,DLBC,3217,TCGA-VB-A8QN-01A,TCGA-VB-A8QN-01A,1.0,0.0,0.0,0.0,0.0
2,195660620,+,2,195661553,-,DLBC,3218,TCGA-VB-A8QN-01A,TCGA-VB-A8QN-01A,1.0,0.0,0.0,0.0,0.0
2,204983948,-,2,205035381,-,DLBC,3219,TCGA-VB-A8QN-01A,TCGA-VB-A8QN-01A,1.0,0.0,0.0,0.0,0.0
2,240461869,+,2,240563402,-,DLBC,3220,TCGA-VB-A8QN-01A,TCGA-VB-A8QN-01A,1.0,0.0,0.0,0.0,0.0
20,12138858,+,20,12138952,+,DLBC,3221,TCGA-VB-A8QN-01A,TCGA-VB-A8QN-01A,1.0,0.0,0.0,0.0,0.0
20,12138874,-,20,12138963,-,DLBC,3222,TCGA-VB-A8QN-01A,TCGA-VB-A8QN-01A,1.0,0.0,0.0,0.0,0.0
20,12160056,+,20,15136724,-,DLBC,3223,TCGA-VB-A8QN-01A,TCGA-VB-A8QN-01A,1.0,0.0,0.0,0.0,0.0
20,21845252,+,20,21907314,-,DLBC,3224,TCGA-VB-A8QN-01A,TCGA-VB-A8QN-01A,1.0,0.0,0.0,0.0,0.0
21,14852039,+,21,14995298,-,DLBC,3225,TCGA-VB-A8QN-01A,TCGA-VB-A8QN-01A,1.0,0.0,0.0,0.0,0.0
21,34832982,+,21,35015956,+,DLBC,3226,TCGA-VB-A8QN-01A,TCGA-VB-A8QN-01A,1.0,0.0,0.0,0.0,0.0
21,34920445,-,21,34920634,-,DLBC,3227,TCGA-VB-A8QN-01A,TCGA-VB-A8QN-01A,1.0,0.0,0.0,0.0,0.0
21,34920634,-,21,35016031,-,DLBC,3228,TCGA-VB-A8QN-01A,TCGA-VB-A8QN-01A,1.0,0.0,0.0,0.0,0.0
21,34920641,+,21,35016030,-,DLBC,3229,TCGA-VB-A8QN-01A,TCGA-VB-A8QN-01A,1.0,0.0,0.0,0.0,0.0
22,41258627,+,22,42004669,-,DLBC,3230,TCGA-VB-A8QN-01A,TCGA-VB-A8QN-01A,1.0,0.0,0.0,0.0,0.0
22,46334687,+,22,46387404,-,DLBC,3231,TCGA-VB-A8QN-01A,TCGA-VB-A8QN-01A,1.0,0.0,0.0,0.0,0.0
3,5177919,+,7,80928327,+,DLBC,3232,TCGA-VB-A8QN-01A,TCGA-VB-A8QN-01A,1.0,0.0,0.0,0.0,0.0
3,5177923,-,7,80928648,-,DLBC,3233,TCGA-VB-A8QN-01A,TCGA-VB-A8QN-01A,1.0,0.0,0.0,0.0,0.0
3,27055450,+,3,27091726,+,DLBC,3234,TCGA-VB-A8QN-01A,TCGA-VB-A8QN-01A,1.0,0.0,0.0,0.0,0.0
3,27084841,-,3,27092290,-,DLBC,3235,TCGA-VB-A8QN-01A,TCGA-VB-A8QN-01A,1.0,0.0,0.0,0.0,0.0
3,49343640,+,3,49512227,-,DLBC,3236,TCGA-VB-A8QN-01A,TCGA-VB-A8QN-01A,1.0,0.0,0.0,0.0,0.0
3,71392251,+,14,105646530,+,DLBC,3237,TCGA-VB-A8QN-01A,TCGA-VB-A8QN-01A,1.0,0.0,0.0,0.0,0.0
3,71392261,-,14,105646546,-,DLBC,3238,TCGA-VB-A8QN-01A,TCGA-VB-A8QN-01A,1.0,0.0,0.0,0.0,0.0
3,86839372,+,3,86839507,+,DLBC,3239,TCGA-VB-A8QN-01A,TCGA-VB-A8QN-01A,1.0,0.0,0.0,0.0,0.0
3,86839372,-,3,86839507,-,DLBC,3240,TCGA-VB-A8QN-01A,TCGA-VB-A8QN-01A,1.0,0.0,0.0,0.0,0.0
3,97148678,-,3,98156844,+,DLBC,3241,TCGA-VB-A8QN-01A,TCGA-VB-A8QN-01A,1.0,0.0,0.0,0.0,0.0
3,98128352,+,3,98128842,+,DLBC,3242,TCGA-VB-A8QN-01A,TCGA-VB-A8QN-01A,1.0,0.0,0.0,0.0,0.0
3,98146745,-,3,98147010,-,DLBC,3243,TCGA-VB-A8QN-01A,TCGA-VB-A8QN-01A,1.0,0.0,0.0,0.0,0.0
3,103943001,+,3,103955659,-,DLBC,3244,TCGA-VB-A8QN-01A,TCGA-VB-A8QN-01A,1.0,0.0,0.0,0.0,0.0
3,112281942,+,14,106441027,-,DLBC,3245,TCGA-VB-A8QN-01A,TCGA-VB-A8QN-01A,1.0,0.0,0.0,0.0,0.0
3,119230873,+,3,120227905,-,DLBC,3246,TCGA-VB-A8QN-01A,TCGA-VB-A8QN-01A,1.0,0.0,0.0,0.0,0.0
3,141469139,+,3,141495369,-,DLBC,3247,TCGA-VB-A8QN-01A,TCGA-VB-A8QN-01A,1.0,0.0,0.0,0.0,0.0
3,141505037,+,3,141575587,-,DLBC,3248,TCGA-VB-A8QN-01A,TCGA-VB-A8QN-01A,1.0,0.0,0.0,0.0,0.0
3,187744899,+,14,105858735,-,DLBC,3249,TCGA-VB-A8QN-01A,TCGA-VB-A8QN-01A,1.0,0.0,0.0,0.0,0.0
3,187744902,-,14,105858374,+,DLBC,3250,TCGA-VB-A8QN-01A,TCGA-VB-A8QN-01A,1.0,0.0,0.0,0.0,0.0
4,15478148,+,4,15494916,-,DLBC,3251,TCGA-VB-A8QN-01A,TCGA-VB-A8QN-01A,1.0,0.0,0.0,0.0,0.0
4,36144438,+,4,36154439,-,DLBC,3252,TCGA-VB-A8QN-01A,TCGA-VB-A8QN-01A,1.0,0.0,0.0,0.0,0.0
4,54050842,+,4,54078529,-,DLBC,3253,TCGA-VB-A8QN-01A,TCGA-VB-A8QN-01A,1.0,0.0,0.0,0.0,0.0
4,181204384,+,4,181258908,-,DLBC,3254,TCGA-VB-A8QN-01A,TCGA-VB-A8QN-01A,1.0,0.0,0.0,0.0,0.0
5,12576714,+,5,12657835,-,DLBC,3255,TCGA-VB-A8QN-01A,TCGA-VB-A8QN-01A,1.0,0.0,0.0,0.0,0.0
5,35665657,+,5,35875445,-,DLBC,3256,TCGA-VB-A8QN-01A,TCGA-VB-A8QN-01A,1.0,0.0,0.0,0.0,0.0
5,41875024,+,5,41949206,-,DLBC,3257,TCGA-VB-A8QN-01A,TCGA-VB-A8QN-01A,1.0,0.0,0.0,0.0,0.0
5,43130406,+,5,43149362,-,DLBC,3258,TCGA-VB-A8QN-01A,TCGA-VB-A8QN-01A,1.0,0.0,0.0,0.0,0.0
5,46573428,-,5,46678885,+,DLBC,3259,TCGA-VB-A8QN-01A,TCGA-VB-A8QN-01A,1.0,0.0,0.0,0.0,0.0
5,49759468,+,5,49938155,-,DLBC,3260,TCGA-VB-A8QN-01A,TCGA-VB-A8QN-01A,1.0,0.0,0.0,0.0,0.0
5,52606719,+,5,52644302,-,DLBC,3261,TCGA-VB-A8QN-01A,TCGA-VB-A8QN-01A,1.0,0.0,0.0,0.0,0.0
5,76226875,+,5,76237976,-,DLBC,3262,TCGA-VB-A8QN-01A,TCGA-VB-A8QN-01A,1.0,0.0,0.0,0.0,0.0
5,78250234,+,5,78361881,-,DLBC,3263,TCGA-VB-A8QN-01A,TCGA-VB-A8QN-01A,1.0,0.0,0.0,0.0,0.0
5,87816749,+,5,87845678,-,DLBC,3264,TCGA-VB-A8QN-01A,TCGA-VB-A8QN-01A,1.0,0.0,0.0,0.0,0.0
5,101714882,+,5,101848377,-,DLBC,3265,TCGA-VB-A8QN-01A,TCGA-VB-A8QN-01A,1.0,0.0,0.0,0.0,0.0
5,115547975,-,17,50510543,+,DLBC,3266,TCGA-VB-A8QN-01A,TCGA-VB-A8QN-01A,1.0,0.0,0.0,0.0,0.0
5,127497508,+,5,127586277,-,DLBC,3267,TCGA-VB-A8QN-01A,TCGA-VB-A8QN-01A,1.0,0.0,0.0,0.0,0.0
5,127574247,-,5,127626201,-,DLBC,3268,TCGA-VB-A8QN-01A,TCGA-VB-A8QN-01A,1.0,0.0,0.0,0.0,0.0
5,127586350,+,5,127625965,+,DLBC,3269,TCGA-VB-A8QN-01A,TCGA-VB-A8QN-01A,1.0,0.0,0.0,0.0,0.0
5,130702649,+,5,130719269,-,DLBC,3270,TCGA-VB-A8QN-01A,TCGA-VB-A8QN-01A,1.0,0.0,0.0,0.0,0.0
6,1813303,+,6,28858063,+,DLBC,3271,TCGA-VB-A8QN-01A,TCGA-VB-A8QN-01A,1.0,0.0,0.0,0.0,0.0
6,1813341,-,6,30068433,-,DLBC,3272,TCGA-VB-A8QN-01A,TCGA-VB-A8QN-01A,1.0,0.0,0.0,0.0,0.0
6,8961061,+,6,14127670,-,DLBC,3273,TCGA-VB-A8QN-01A,TCGA-VB-A8QN-01A,1.0,0.0,0.0,0.0,0.0
6,32141455,-,6,32914375,+,DLBC,3274,TCGA-VB-A8QN-01A,TCGA-VB-A8QN-01A,1.0,0.0,0.0,0.0,0.0
6,32430055,+,6,32675246,+,DLBC,3275,TCGA-VB-A8QN-01A,TCGA-VB-A8QN-01A,1.0,0.0,0.0,0.0,0.0
6,32613299,-,6,32722376,-,DLBC,3276,TCGA-VB-A8QN-01A,TCGA-VB-A8QN-01A,1.0,0.0,0.0,0.0,0.0
6,33455647,+,6,33538920,-,DLBC,3277,TCGA-VB-A8QN-01A,TCGA-VB-A8QN-01A,1.0,0.0,0.0,0.0,0.0
6,43774694,+,6,44323261,-,DLBC,3278,TCGA-VB-A8QN-01A,TCGA-VB-A8QN-01A,1.0,0.0,0.0,0.0,0.0
6,61758796,+,6,62249495,-,DLBC,3279,TCGA-VB-A8QN-01A,TCGA-VB-A8QN-01A,1.0,0.0,0.0,0.0,0.0
6,67272649,-,6,67276283,+,DLBC,3280,TCGA-VB-A8QN-01A,TCGA-VB-A8QN-01A,1.0,0.0,0.0,0.0,0.0
6,72485848,+,6,72515554,-,DLBC,3281,TCGA-VB-A8QN-01A,TCGA-VB-A8QN-01A,1.0,0.0,0.0,0.0,0.0
6,74835314,+,6,74870127,-,DLBC,3282,TCGA-VB-A8QN-01A,TCGA-VB-A8QN-01A,1.0,0.0,0.0,0.0,0.0
6,77793325,+,6,78429313,-,DLBC,3283,TCGA-VB-A8QN-01A,TCGA-VB-A8QN-01A,1.0,0.0,0.0,0.0,0.0
6,119568976,-,6,119594734,+,DLBC,3284,TCGA-VB-A8QN-01A,TCGA-VB-A8QN-01A,1.0,0.0,0.0,0.0,0.0
6,119569228,+,6,119573366,+,DLBC,3285,TCGA-VB-A8QN-01A,TCGA-VB-A8QN-01A,1.0,0.0,0.0,0.0,0.0
6,119589676,-,6,145468819,-,DLBC,3286,TCGA-VB-A8QN-01A,TCGA-VB-A8QN-01A,1.0,0.0,0.0,0.0,0.0
6,122584707,+,6,122593253,-,DLBC,3287,TCGA-VB-A8QN-01A,TCGA-VB-A8QN-01A,1.0,0.0,0.0,0.0,0.0
6,124324910,+,6,137960045,-,DLBC,3288,TCGA-VB-A8QN-01A,TCGA-VB-A8QN-01A,1.0,0.0,0.0,0.0,0.0
6,124463489,-,6,144966701,+,DLBC,3289,TCGA-VB-A8QN-01A,TCGA-VB-A8QN-01A,1.0,0.0,0.0,0.0,0.0
6,130058687,+,6,130070562,-,DLBC,3290,TCGA-VB-A8QN-01A,TCGA-VB-A8QN-01A,1.0,0.0,0.0,0.0,0.0
6,130187189,+,6,154919387,-,DLBC,3291,TCGA-VB-A8QN-01A,TCGA-VB-A8QN-01A,1.0,0.0,0.0,0.0,0.0
6,130906228,-,6,154925266,+,DLBC,3292,TCGA-VB-A8QN-01A,TCGA-VB-A8QN-01A,1.0,0.0,0.0,0.0,0.0
6,145869523,-,6,154925345,-,DLBC,3293,TCGA-VB-A8QN-01A,TCGA-VB-A8QN-01A,1.0,0.0,0.0,0.0,0.0
7,57263429,+,7,57319491,-,DLBC,3294,TCGA-VB-A8QN-01A,TCGA-VB-A8QN-01A,1.0,0.0,0.0,0.0,0.0
7,88482838,+,7,88492973,-,DLBC,3295,TCGA-VB-A8QN-01A,TCGA-VB-A8QN-01A,1.0,0.0,0.0,0.0,0.0
7,115682201,+,7,131408391,-,DLBC,3296,TCGA-VB-A8QN-01A,TCGA-VB-A8QN-01A,1.0,0.0,0.0,0.0,0.0
7,131421758,-,7,131473481,-,DLBC,3297,TCGA-VB-A8QN-01A,TCGA-VB-A8QN-01A,1.0,0.0,0.0,0.0,0.0
7,131421770,+,7,131421936,+,DLBC,3298,TCGA-VB-A8QN-01A,TCGA-VB-A8QN-01A,1.0,0.0,0.0,0.0,0.0
7,131421903,+,7,131473348,-,DLBC,3299,TCGA-VB-A8QN-01A,TCGA-VB-A8QN-01A,1.0,0.0,0.0,0.0,0.0
8,3165780,+,8,4939922,-,DLBC,3300,TCGA-VB-A8QN-01A,TCGA-VB-A8QN-01A,1.0,0.0,0.0,0.0,0.0
8,5987375,+,8,26353042,-,DLBC,3301,TCGA-VB-A8QN-01A,TCGA-VB-A8QN-01A,1.0,0.0,0.0,0.0,0.0
8,60539604,+,8,60577555,-,DLBC,3302,TCGA-VB-A8QN-01A,TCGA-VB-A8QN-01A,1.0,0.0,0.0,0.0,0.0
8,72014928,+,8,72077955,-,DLBC,3303,TCGA-VB-A8QN-01A,TCGA-VB-A8QN-01A,1.0,0.0,0.0,0.0,0.0
8,96553454,+,8,103661096,-,DLBC,3304,TCGA-VB-A8QN-01A,TCGA-VB-A8QN-01A,1.0,0.0,0.0,0.0,0.0
8,119737081,+,8,119800649,-,DLBC,3305,TCGA-VB-A8QN-01A,TCGA-VB-A8QN-01A,1.0,0.0,0.0,0.0,0.0
8,119737088,+,8,119800661,+,DLBC,3306,TCGA-VB-A8QN-01A,TCGA-VB-A8QN-01A,1.0,0.0,0.0,0.0,0.0
8,119800498,-,8,119800649,-,DLBC,3307,TCGA-VB-A8QN-01A,TCGA-VB-A8QN-01A,1.0,0.0,0.0,0.0,0.0
8,128508902,+,8,132994194,-,DLBC,3308,TCGA-VB-A8QN-01A,TCGA-VB-A8QN-01A,1.0,0.0,0.0,0.0,0.0
8,140877150,+,8,140949095,-,DLBC,3309,TCGA-VB-A8QN-01A,TCGA-VB-A8QN-01A,1.0,0.0,0.0,0.0,0.0
9,40992711,+,20,30377647,-,DLBC,3310,TCGA-VB-A8QN-01A,TCGA-VB-A8QN-01A,1.0,0.0,0.0,0.0,0.0
9,41344180,+,9,41453040,-,DLBC,3311,TCGA-VB-A8QN-01A,TCGA-VB-A8QN-01A,1.0,0.0,0.0,0.0,0.0
9,74191303,+,9,95147483,-,DLBC,3312,TCGA-VB-A8QN-01A,TCGA-VB-A8QN-01A,1.0,0.0,0.0,0.0,0.0
9,130628044,+,9,130694017,-,DLBC,3313,TCGA-VB-A8QN-01A,TCGA-VB-A8QN-01A,1.0,0.0,0.0,0.0,0.0
23,11672085,+,23,11736914,-,DLBC,3314,TCGA-VB-A8QN-01A,TCGA-VB-A8QN-01A,1.0,0.0,0.0,0.0,0.0
23,26208541,+,23,26253442,-,DLBC,3315,TCGA-VB-A8QN-01A,TCGA-VB-A8QN-01A,1.0,0.0,0.0,0.0,0.0
23,37647458,+,23,37747828,+,DLBC,3316,TCGA-VB-A8QN-01A,TCGA-VB-A8QN-01A,1.0,0.0,0.0,0.0,0.0
23,37727212,-,23,37747934,-,DLBC,3317,TCGA-VB-A8QN-01A,TCGA-VB-A8QN-01A,1.0,0.0,0.0,0.0,0.0
23,70722927,-,23,70725884,+,DLBC,3318,TCGA-VB-A8QN-01A,TCGA-VB-A8QN-01A,1.0,0.0,0.0,0.0,0.0
23,80624888,+,23,81254329,-,DLBC,3319,TCGA-VB-A8QN-01A,TCGA-VB-A8QN-01A,1.0,0.0,0.0,0.0,0.0
23,91230905,-,23,91237078,+,DLBC,3320,TCGA-VB-A8QN-01A,TCGA-VB-A8QN-01A,1.0,0.0,0.0,0.0,0.0
23,126534637,+,23,126596860,-,DLBC,3321,TCGA-VB-A8QN-01A,TCGA-VB-A8QN-01A,1.0,0.0,0.0,0.0,0.0
