seqnames,start,strand,altchr,altpos,altstrand,dcc_project_code,sv_id,sid,donor_unique_id,weights,topo,topo_n,mech,homseq
1,124826377,+,1,124832552,-,KICH,0,TCGA-KL-8323-01A,TCGA-KL-8323-01A,1.0,0.0,0.0,0.0,0.0
11,52427765,+,11,54311388,-,KICH,1,TCGA-KL-8323-01A,TCGA-KL-8323-01A,1.0,0.0,0.0,0.0,0.0
11,54347335,-,11,54405718,+,KICH,2,TCGA-KL-8323-01A,TCGA-KL-8323-01A,1.0,0.0,0.0,0.0,0.0
19,27903128,+,19,27967240,-,KICH,3,TCGA-KL-8323-01A,TCGA-KL-8323-01A,1.0,0.0,0.0,0.0,0.0
3,90410062,+,19,27276931,+,KICH,4,TCGA-KL-8323-01A,TCGA-KL-8323-01A,1.0,0.0,0.0,0.0,0.0
3,91027762,-,3,91089757,+,KICH,5,TCGA-KL-8323-01A,TCGA-KL-8323-01A,1.0,0.0,0.0,0.0,0.0
3,175695881,+,3,175771457,-,KICH,6,TCGA-KL-8323-01A,TCGA-KL-8323-01A,1.0,0.0,0.0,0.0,0.0
5,783175,+,5,92505116,-,KICH,7,TCGA-KL-8323-01A,TCGA-KL-8323-01A,1.0,0.0,0.0,0.0,0.0
5,784166,-,5,26256831,+,KICH,8,TCGA-KL-8323-01A,TCGA-KL-8323-01A,1.0,0.0,0.0,0.0,0.0
5,784166,-,5,26256905,-,KICH,9,TCGA-KL-8323-01A,TCGA-KL-8323-01A,1.0,0.0,0.0,0.0,0.0
5,1297493,+,5,50267182,-,KICH,10,TCGA-KL-8323-01A,TCGA-KL-8323-01A,1.0,0.0,0.0,0.0,0.0
5,1299412,-,5,50264970,+,KICH,11,TCGA-KL-8323-01A,TCGA-KL-8323-01A,1.0,0.0,0.0,0.0,0.0
5,7867492,+,5,71790269,-,KICH,12,TCGA-KL-8323-01A,TCGA-KL-8323-01A,1.0,0.0,0.0,0.0,0.0
5,10542294,-,5,22083375,+,KICH,13,TCGA-KL-8323-01A,TCGA-KL-8323-01A,1.0,0.0,0.0,0.0,0.0
5,12809691,+,5,56878016,+,KICH,14,TCGA-KL-8323-01A,TCGA-KL-8323-01A,1.0,0.0,0.0,0.0,0.0
5,12821088,-,5,33880360,-,KICH,15,TCGA-KL-8323-01A,TCGA-KL-8323-01A,1.0,0.0,0.0,0.0,0.0
5,16277359,+,10,8868979,+,KICH,16,TCGA-KL-8323-01A,TCGA-KL-8323-01A,1.0,0.0,0.0,0.0,0.0
5,17422636,+,5,22083709,-,KICH,17,TCGA-KL-8323-01A,TCGA-KL-8323-01A,1.0,0.0,0.0,0.0,0.0
5,18674763,+,5,40043921,-,KICH,18,TCGA-KL-8323-01A,TCGA-KL-8323-01A,1.0,0.0,0.0,0.0,0.0
5,18675653,-,5,75848460,+,KICH,19,TCGA-KL-8323-01A,TCGA-KL-8323-01A,1.0,0.0,0.0,0.0,0.0
5,23154960,+,5,45397561,+,KICH,20,TCGA-KL-8323-01A,TCGA-KL-8323-01A,1.0,0.0,0.0,0.0,0.0
5,23156519,-,5,66870382,+,KICH,21,TCGA-KL-8323-01A,TCGA-KL-8323-01A,1.0,0.0,0.0,0.0,0.0
5,25378943,+,5,45400068,-,KICH,22,TCGA-KL-8323-01A,TCGA-KL-8323-01A,1.0,0.0,0.0,0.0,0.0
5,25878396,+,5,26261162,-,KICH,23,TCGA-KL-8323-01A,TCGA-KL-8323-01A,1.0,0.0,0.0,0.0,0.0
5,25878416,-,5,56879497,-,KICH,24,TCGA-KL-8323-01A,TCGA-KL-8323-01A,1.0,0.0,0.0,0.0,0.0
5,26256828,+,5,26256984,+,KICH,25,TCGA-KL-8323-01A,TCGA-KL-8323-01A,1.0,0.0,0.0,0.0,0.0
5,27912709,-,5,27993750,+,KICH,26,TCGA-KL-8323-01A,TCGA-KL-8323-01A,1.0,0.0,0.0,0.0,0.0
5,28035803,-,5,80685674,-,KICH,27,TCGA-KL-8323-01A,TCGA-KL-8323-01A,1.0,0.0,0.0,0.0,0.0
5,31520341,-,5,33498225,-,KICH,28,TCGA-KL-8323-01A,TCGA-KL-8323-01A,1.0,0.0,0.0,0.0,0.0
5,31520342,-,23,138138821,-,KICH,29,TCGA-KL-8323-01A,TCGA-KL-8323-01A,1.0,0.0,0.0,0.0,0.0
5,33497689,+,5,64227160,+,KICH,30,TCGA-KL-8323-01A,TCGA-KL-8323-01A,1.0,0.0,0.0,0.0,0.0
5,33879970,+,5,86834123,-,KICH,31,TCGA-KL-8323-01A,TCGA-KL-8323-01A,1.0,0.0,0.0,0.0,0.0
5,40041232,+,5,86233059,+,KICH,32,TCGA-KL-8323-01A,TCGA-KL-8323-01A,1.0,0.0,0.0,0.0,0.0
5,47269059,-,5,47279893,+,KICH,33,TCGA-KL-8323-01A,TCGA-KL-8323-01A,1.0,0.0,0.0,0.0,0.0
5,49766844,+,5,49894846,-,KICH,34,TCGA-KL-8323-01A,TCGA-KL-8323-01A,1.0,0.0,0.0,0.0,0.0
5,49803345,+,5,50013034,-,KICH,35,TCGA-KL-8323-01A,TCGA-KL-8323-01A,1.0,0.0,0.0,0.0,0.0
5,56080077,+,5,67097079,-,KICH,36,TCGA-KL-8323-01A,TCGA-KL-8323-01A,1.0,0.0,0.0,0.0,0.0
5,56081185,-,5,66871494,-,KICH,37,TCGA-KL-8323-01A,TCGA-KL-8323-01A,1.0,0.0,0.0,0.0,0.0
5,63864378,-,5,86233723,-,KICH,38,TCGA-KL-8323-01A,TCGA-KL-8323-01A,1.0,0.0,0.0,0.0,0.0
5,64227416,-,5,65182000,-,KICH,39,TCGA-KL-8323-01A,TCGA-KL-8323-01A,1.0,0.0,0.0,0.0,0.0
5,71788586,+,5,75848905,-,KICH,40,TCGA-KL-8323-01A,TCGA-KL-8323-01A,1.0,0.0,0.0,0.0,0.0
5,80683417,+,5,83689813,-,KICH,41,TCGA-KL-8323-01A,TCGA-KL-8323-01A,1.0,0.0,0.0,0.0,0.0
5,83687942,+,5,86833698,+,KICH,42,TCGA-KL-8323-01A,TCGA-KL-8323-01A,1.0,0.0,0.0,0.0,0.0
6,29119467,-,16,64281063,-,KICH,43,TCGA-KL-8323-01A,TCGA-KL-8323-01A,1.0,0.0,0.0,0.0,0.0
6,36630081,+,6,36720984,-,KICH,44,TCGA-KL-8323-01A,TCGA-KL-8323-01A,1.0,0.0,0.0,0.0,0.0
10,38648131,-,12,37460128,-,KICH,45,TCGA-KL-8324-01A,TCGA-KL-8324-01A,1.0,0.0,0.0,0.0,0.0
10,38648185,+,12,37460032,+,KICH,46,TCGA-KL-8324-01A,TCGA-KL-8324-01A,1.0,0.0,0.0,0.0,0.0
10,41022374,-,10,41462276,+,KICH,47,TCGA-KL-8324-01A,TCGA-KL-8324-01A,1.0,0.0,0.0,0.0,0.0
13,16649799,-,13,16671289,+,KICH,48,TCGA-KL-8324-01A,TCGA-KL-8324-01A,1.0,0.0,0.0,0.0,0.0
13,16671865,+,13,16703148,-,KICH,49,TCGA-KL-8324-01A,TCGA-KL-8324-01A,1.0,0.0,0.0,0.0,0.0
17,23100072,+,17,23172634,-,KICH,50,TCGA-KL-8324-01A,TCGA-KL-8324-01A,1.0,0.0,0.0,0.0,0.0
18,15704998,+,18,15706727,-,KICH,51,TCGA-KL-8324-01A,TCGA-KL-8324-01A,1.0,0.0,0.0,0.0,0.0
2,55792934,+,2,55815380,+,KICH,52,TCGA-KL-8324-01A,TCGA-KL-8324-01A,1.0,0.0,0.0,0.0,0.0
2,91878721,+,24,11336173,-,KICH,53,TCGA-KL-8324-01A,TCGA-KL-8324-01A,1.0,0.0,0.0,0.0,0.0
2,94846031,-,9,64083042,-,KICH,54,TCGA-KL-8324-01A,TCGA-KL-8324-01A,1.0,0.0,0.0,0.0,0.0
20,26366452,+,20,26369162,-,KICH,55,TCGA-KL-8324-01A,TCGA-KL-8324-01A,1.0,0.0,0.0,0.0,0.0
20,28905942,+,21,7327865,+,KICH,56,TCGA-KL-8324-01A,TCGA-KL-8324-01A,1.0,0.0,0.0,0.0,0.0
3,61738255,-,4,76877712,+,KICH,57,TCGA-KL-8324-01A,TCGA-KL-8324-01A,1.0,0.0,0.0,0.0,0.0
4,158322787,+,4,163013338,-,KICH,58,TCGA-KL-8324-01A,TCGA-KL-8324-01A,1.0,0.0,0.0,0.0,0.0
5,20376111,+,9,2271928,-,KICH,59,TCGA-KL-8324-01A,TCGA-KL-8324-01A,1.0,0.0,0.0,0.0,0.0
5,47058203,+,5,47128714,-,KICH,60,TCGA-KL-8324-01A,TCGA-KL-8324-01A,1.0,0.0,0.0,0.0,0.0
8,45080659,-,8,45427662,+,KICH,61,TCGA-KL-8324-01A,TCGA-KL-8324-01A,1.0,0.0,0.0,0.0,0.0
9,43536379,+,9,45122900,-,KICH,62,TCGA-KL-8324-01A,TCGA-KL-8324-01A,1.0,0.0,0.0,0.0,0.0
9,63886998,+,14,16400235,-,KICH,63,TCGA-KL-8324-01A,TCGA-KL-8324-01A,1.0,0.0,0.0,0.0,0.0
1,91344309,-,1,91348906,+,KICH,64,TCGA-KL-8325-01A,TCGA-KL-8325-01A,1.0,0.0,0.0,0.0,0.0
1,166046749,-,3,149386915,+,KICH,65,TCGA-KL-8325-01A,TCGA-KL-8325-01A,1.0,0.0,0.0,0.0,0.0
10,38049850,+,10,42599321,+,KICH,66,TCGA-KL-8325-01A,TCGA-KL-8325-01A,1.0,0.0,0.0,0.0,0.0
12,76772645,-,19,10715008,-,KICH,67,TCGA-KL-8325-01A,TCGA-KL-8325-01A,1.0,0.0,0.0,0.0,0.0
13,16697767,+,13,17148672,-,KICH,68,TCGA-KL-8325-01A,TCGA-KL-8325-01A,1.0,0.0,0.0,0.0,0.0
17,22949486,-,17,22994713,+,KICH,69,TCGA-KL-8325-01A,TCGA-KL-8325-01A,1.0,0.0,0.0,0.0,0.0
2,222265691,+,4,81092466,-,KICH,70,TCGA-KL-8325-01A,TCGA-KL-8325-01A,1.0,0.0,0.0,0.0,0.0
3,25138108,+,3,25408867,-,KICH,71,TCGA-KL-8325-01A,TCGA-KL-8325-01A,1.0,0.0,0.0,0.0,0.0
3,114385946,+,3,114496255,-,KICH,72,TCGA-KL-8325-01A,TCGA-KL-8325-01A,1.0,0.0,0.0,0.0,0.0
5,20376111,+,9,2271930,-,KICH,73,TCGA-KL-8325-01A,TCGA-KL-8325-01A,1.0,0.0,0.0,0.0,0.0
7,59187546,-,7,60121537,+,KICH,74,TCGA-KL-8325-01A,TCGA-KL-8325-01A,1.0,0.0,0.0,0.0,0.0
7,61256482,-,7,61489756,+,KICH,75,TCGA-KL-8325-01A,TCGA-KL-8325-01A,1.0,0.0,0.0,0.0,0.0
8,44740964,+,8,45706583,-,KICH,76,TCGA-KL-8325-01A,TCGA-KL-8325-01A,1.0,0.0,0.0,0.0,0.0
8,133970695,-,11,32462032,+,KICH,77,TCGA-KL-8325-01A,TCGA-KL-8325-01A,1.0,0.0,0.0,0.0,0.0
23,51087048,+,23,51124570,-,KICH,78,TCGA-KL-8325-01A,TCGA-KL-8325-01A,1.0,0.0,0.0,0.0,0.0
10,38008163,+,10,108040046,+,KICH,79,TCGA-KL-8326-01A,TCGA-KL-8326-01A,1.0,0.0,0.0,0.0,0.0
15,68672185,+,17,57547787,+,KICH,80,TCGA-KL-8326-01A,TCGA-KL-8326-01A,1.0,0.0,0.0,0.0,0.0
16,15810866,+,16,24083761,-,KICH,81,TCGA-KL-8326-01A,TCGA-KL-8326-01A,1.0,0.0,0.0,0.0,0.0
18,15511768,+,18,15666950,-,KICH,82,TCGA-KL-8326-01A,TCGA-KL-8326-01A,1.0,0.0,0.0,0.0,0.0
2,93569153,+,2,93596112,-,KICH,83,TCGA-KL-8326-01A,TCGA-KL-8326-01A,1.0,0.0,0.0,0.0,0.0
5,49676298,+,5,49716497,-,KICH,84,TCGA-KL-8326-01A,TCGA-KL-8326-01A,1.0,0.0,0.0,0.0,0.0
5,49834740,+,5,49905216,-,KICH,85,TCGA-KL-8326-01A,TCGA-KL-8326-01A,1.0,0.0,0.0,0.0,0.0
7,25120519,+,11,25690032,-,KICH,86,TCGA-KL-8326-01A,TCGA-KL-8326-01A,1.0,0.0,0.0,0.0,0.0
7,128694470,+,7,128695585,-,KICH,87,TCGA-KL-8326-01A,TCGA-KL-8326-01A,1.0,0.0,0.0,0.0,0.0
8,117823289,+,8,117824076,-,KICH,88,TCGA-KL-8326-01A,TCGA-KL-8326-01A,1.0,0.0,0.0,0.0,0.0
1,92215184,+,23,40048042,+,KICH,89,TCGA-KL-8327-01A,TCGA-KL-8327-01A,1.0,0.0,0.0,0.0,0.0
1,124806122,-,1,124847388,+,KICH,90,TCGA-KL-8327-01A,TCGA-KL-8327-01A,1.0,0.0,0.0,0.0,0.0
1,125011682,+,1,125019274,-,KICH,91,TCGA-KL-8327-01A,TCGA-KL-8327-01A,1.0,0.0,0.0,0.0,0.0
11,52175328,-,11,54310509,+,KICH,92,TCGA-KL-8327-01A,TCGA-KL-8327-01A,1.0,0.0,0.0,0.0,0.0
12,65741615,-,12,108860030,+,KICH,93,TCGA-KL-8327-01A,TCGA-KL-8327-01A,1.0,0.0,0.0,0.0,0.0
15,17507050,+,15,18047183,-,KICH,94,TCGA-KL-8327-01A,TCGA-KL-8327-01A,1.0,0.0,0.0,0.0,0.0
16,52671698,-,16,52671786,+,KICH,95,TCGA-KL-8327-01A,TCGA-KL-8327-01A,1.0,0.0,0.0,0.0,0.0
18,15485194,+,18,15550161,-,KICH,96,TCGA-KL-8327-01A,TCGA-KL-8327-01A,1.0,0.0,0.0,0.0,0.0
18,15530741,+,18,15743358,-,KICH,97,TCGA-KL-8327-01A,TCGA-KL-8327-01A,1.0,0.0,0.0,0.0,0.0
18,15531864,-,18,15712555,+,KICH,98,TCGA-KL-8327-01A,TCGA-KL-8327-01A,1.0,0.0,0.0,0.0,0.0
18,15730455,+,18,20667590,-,KICH,99,TCGA-KL-8327-01A,TCGA-KL-8327-01A,1.0,0.0,0.0,0.0,0.0
18,15923892,-,18,18886733,+,KICH,100,TCGA-KL-8327-01A,TCGA-KL-8327-01A,1.0,0.0,0.0,0.0,0.0
18,63169336,+,23,119711832,+,KICH,101,TCGA-KL-8327-01A,TCGA-KL-8327-01A,1.0,0.0,0.0,0.0,0.0
2,92804944,+,2,93909216,-,KICH,102,TCGA-KL-8327-01A,TCGA-KL-8327-01A,1.0,0.0,0.0,0.0,0.0
20,3828768,+,20,3830386,-,KICH,103,TCGA-KL-8327-01A,TCGA-KL-8327-01A,1.0,0.0,0.0,0.0,0.0
20,23686279,+,20,23748000,-,KICH,104,TCGA-KL-8327-01A,TCGA-KL-8327-01A,1.0,0.0,0.0,0.0,0.0
3,90871072,+,3,91221894,-,KICH,105,TCGA-KL-8327-01A,TCGA-KL-8327-01A,1.0,0.0,0.0,0.0,0.0
3,155814161,-,3,155945158,-,KICH,106,TCGA-KL-8327-01A,TCGA-KL-8327-01A,1.0,0.0,0.0,0.0,0.0
5,46434034,-,5,46567689,-,KICH,107,TCGA-KL-8327-01A,TCGA-KL-8327-01A,1.0,0.0,0.0,0.0,0.0
6,45643100,-,12,115244087,-,KICH,108,TCGA-KL-8327-01A,TCGA-KL-8327-01A,1.0,0.0,0.0,0.0,0.0
7,132562674,+,23,1169013,+,KICH,109,TCGA-KL-8327-01A,TCGA-KL-8327-01A,1.0,0.0,0.0,0.0,0.0
11,52954094,+,11,53981408,-,KICH,110,TCGA-KL-8329-01A,TCGA-KL-8329-01A,1.0,0.0,0.0,0.0,0.0
11,54358543,+,11,54412794,-,KICH,111,TCGA-KL-8329-01A,TCGA-KL-8329-01A,1.0,0.0,0.0,0.0,0.0
13,24655874,+,16,86461688,-,KICH,112,TCGA-KL-8329-01A,TCGA-KL-8329-01A,1.0,0.0,0.0,0.0,0.0
15,19821112,+,18,15400406,+,KICH,113,TCGA-KL-8329-01A,TCGA-KL-8329-01A,1.0,0.0,0.0,0.0,0.0
16,35495257,-,16,79574184,+,KICH,114,TCGA-KL-8329-01A,TCGA-KL-8329-01A,1.0,0.0,0.0,0.0,0.0
17,7667264,-,17,7669717,+,KICH,115,TCGA-KL-8329-01A,TCGA-KL-8329-01A,1.0,0.0,0.0,0.0,0.0
18,15504459,+,18,15564514,-,KICH,116,TCGA-KL-8329-01A,TCGA-KL-8329-01A,1.0,0.0,0.0,0.0,0.0
18,15601510,-,18,15755842,+,KICH,117,TCGA-KL-8329-01A,TCGA-KL-8329-01A,1.0,0.0,0.0,0.0,0.0
18,15677428,-,18,15680874,+,KICH,118,TCGA-KL-8329-01A,TCGA-KL-8329-01A,1.0,0.0,0.0,0.0,0.0
2,95486767,+,2,95589791,+,KICH,119,TCGA-KL-8329-01A,TCGA-KL-8329-01A,1.0,0.0,0.0,0.0,0.0
3,91042631,-,3,91061254,+,KICH,120,TCGA-KL-8329-01A,TCGA-KL-8329-01A,1.0,0.0,0.0,0.0,0.0
3,163908152,+,3,163996613,-,KICH,121,TCGA-KL-8329-01A,TCGA-KL-8329-01A,1.0,0.0,0.0,0.0,0.0
5,47264214,+,5,47267104,-,KICH,122,TCGA-KL-8329-01A,TCGA-KL-8329-01A,1.0,0.0,0.0,0.0,0.0
7,62567488,+,23,58467996,+,KICH,123,TCGA-KL-8329-01A,TCGA-KL-8329-01A,1.0,0.0,0.0,0.0,0.0
7,62691152,-,11,54963825,+,KICH,124,TCGA-KL-8329-01A,TCGA-KL-8329-01A,1.0,0.0,0.0,0.0,0.0
12,37404044,+,12,37409040,-,KICH,125,TCGA-KL-8330-01A,TCGA-KL-8330-01A,1.0,0.0,0.0,0.0,0.0
20,29921464,+,20,29987030,-,KICH,126,TCGA-KL-8330-01A,TCGA-KL-8330-01A,1.0,0.0,0.0,0.0,0.0
3,91734211,-,3,91734844,+,KICH,127,TCGA-KL-8330-01A,TCGA-KL-8330-01A,1.0,0.0,0.0,0.0,0.0
9,10488161,-,15,83236859,+,KICH,128,TCGA-KL-8330-01A,TCGA-KL-8330-01A,1.0,0.0,0.0,0.0,0.0
11,78161174,+,21,18110573,+,KICH,129,TCGA-KL-8332-01A,TCGA-KL-8332-01A,1.0,0.0,0.0,0.0,0.0
12,36277643,+,12,36965799,-,KICH,130,TCGA-KL-8332-01A,TCGA-KL-8332-01A,1.0,0.0,0.0,0.0,0.0
20,26381889,+,20,28318228,-,KICH,131,TCGA-KL-8332-01A,TCGA-KL-8332-01A,1.0,0.0,0.0,0.0,0.0
20,30010564,-,20,30014839,+,KICH,132,TCGA-KL-8332-01A,TCGA-KL-8332-01A,1.0,0.0,0.0,0.0,0.0
11,95468276,+,19,11640517,-,KICH,133,TCGA-KL-8333-01A,TCGA-KL-8333-01A,1.0,0.0,0.0,0.0,0.0
13,16298476,-,13,16628012,+,KICH,134,TCGA-KL-8333-01A,TCGA-KL-8333-01A,1.0,0.0,0.0,0.0,0.0
13,16332059,-,13,17090840,+,KICH,135,TCGA-KL-8333-01A,TCGA-KL-8333-01A,1.0,0.0,0.0,0.0,0.0
14,68794830,-,16,53010799,-,KICH,136,TCGA-KL-8333-01A,TCGA-KL-8333-01A,1.0,0.0,0.0,0.0,0.0
14,106421625,-,14,106639042,+,KICH,137,TCGA-KL-8333-01A,TCGA-KL-8333-01A,1.0,0.0,0.0,0.0,0.0
15,90108230,-,20,17081380,+,KICH,138,TCGA-KL-8333-01A,TCGA-KL-8333-01A,1.0,0.0,0.0,0.0,0.0
17,26643843,-,17,26645550,+,KICH,139,TCGA-KL-8333-01A,TCGA-KL-8333-01A,1.0,0.0,0.0,0.0,0.0
17,82268691,+,17,82269128,-,KICH,140,TCGA-KL-8333-01A,TCGA-KL-8333-01A,1.0,0.0,0.0,0.0,0.0
2,223564495,+,2,223564648,+,KICH,141,TCGA-KL-8333-01A,TCGA-KL-8333-01A,1.0,0.0,0.0,0.0,0.0
3,90897237,-,3,90933078,+,KICH,142,TCGA-KL-8333-01A,TCGA-KL-8333-01A,1.0,0.0,0.0,0.0,0.0
3,90968681,-,3,91229522,+,KICH,143,TCGA-KL-8333-01A,TCGA-KL-8333-01A,1.0,0.0,0.0,0.0,0.0
3,92133552,+,3,92647272,-,KICH,144,TCGA-KL-8333-01A,TCGA-KL-8333-01A,1.0,0.0,0.0,0.0,0.0
5,46570957,-,5,46663768,+,KICH,145,TCGA-KL-8333-01A,TCGA-KL-8333-01A,1.0,0.0,0.0,0.0,0.0
6,94447108,-,22,24005982,-,KICH,146,TCGA-KL-8333-01A,TCGA-KL-8333-01A,1.0,0.0,0.0,0.0,0.0
8,38059805,-,14,21419903,+,KICH,147,TCGA-KL-8333-01A,TCGA-KL-8333-01A,1.0,0.0,0.0,0.0,0.0
8,87428412,-,18,43735183,+,KICH,148,TCGA-KL-8333-01A,TCGA-KL-8333-01A,1.0,0.0,0.0,0.0,0.0
12,35798436,+,12,37161108,-,KICH,149,TCGA-KL-8334-01A,TCGA-KL-8334-01A,1.0,0.0,0.0,0.0,0.0
13,93700122,+,13,93720179,-,KICH,150,TCGA-KL-8334-01A,TCGA-KL-8334-01A,1.0,0.0,0.0,0.0,0.0
14,105200822,+,14,106870801,-,KICH,151,TCGA-KL-8334-01A,TCGA-KL-8334-01A,1.0,0.0,0.0,0.0,0.0
14,105208771,-,14,106871169,+,KICH,152,TCGA-KL-8334-01A,TCGA-KL-8334-01A,1.0,0.0,0.0,0.0,0.0
18,4922936,+,18,4927547,+,KICH,153,TCGA-KL-8334-01A,TCGA-KL-8334-01A,1.0,0.0,0.0,0.0,0.0
18,20738002,+,18,20802945,-,KICH,154,TCGA-KL-8334-01A,TCGA-KL-8334-01A,1.0,0.0,0.0,0.0,0.0
3,90793487,-,3,91088429,+,KICH,155,TCGA-KL-8334-01A,TCGA-KL-8334-01A,1.0,0.0,0.0,0.0,0.0
3,91202080,+,3,91222455,-,KICH,156,TCGA-KL-8334-01A,TCGA-KL-8334-01A,1.0,0.0,0.0,0.0,0.0
3,128348254,-,23,17447760,-,KICH,157,TCGA-KL-8334-01A,TCGA-KL-8334-01A,1.0,0.0,0.0,0.0,0.0
3,176381801,-,9,91685811,-,KICH,158,TCGA-KL-8334-01A,TCGA-KL-8334-01A,1.0,0.0,0.0,0.0,0.0
5,46539064,-,5,46550453,+,KICH,159,TCGA-KL-8334-01A,TCGA-KL-8334-01A,1.0,0.0,0.0,0.0,0.0
7,126951492,+,7,127092136,-,KICH,160,TCGA-KL-8334-01A,TCGA-KL-8334-01A,1.0,0.0,0.0,0.0,0.0
8,102261769,+,8,102357369,-,KICH,161,TCGA-KL-8334-01A,TCGA-KL-8334-01A,1.0,0.0,0.0,0.0,0.0
1,50282050,+,17,77629500,+,KICH,162,TCGA-KL-8335-01A,TCGA-KL-8335-01A,1.0,0.0,0.0,0.0,0.0
1,77433333,-,8,133313587,-,KICH,163,TCGA-KL-8335-01A,TCGA-KL-8335-01A,1.0,0.0,0.0,0.0,0.0
1,229417352,+,23,109182877,-,KICH,164,TCGA-KL-8335-01A,TCGA-KL-8335-01A,1.0,0.0,0.0,0.0,0.0
1,247248985,+,8,20575886,-,KICH,165,TCGA-KL-8335-01A,TCGA-KL-8335-01A,1.0,0.0,0.0,0.0,0.0
11,31062483,-,11,32316436,-,KICH,166,TCGA-KL-8335-01A,TCGA-KL-8335-01A,1.0,0.0,0.0,0.0,0.0
11,32453623,+,11,43720362,+,KICH,167,TCGA-KL-8335-01A,TCGA-KL-8335-01A,1.0,0.0,0.0,0.0,0.0
11,33366688,-,11,39748213,+,KICH,168,TCGA-KL-8335-01A,TCGA-KL-8335-01A,1.0,0.0,0.0,0.0,0.0
11,33366793,+,11,43490006,-,KICH,169,TCGA-KL-8335-01A,TCGA-KL-8335-01A,1.0,0.0,0.0,0.0,0.0
11,36588476,+,11,39162994,+,KICH,170,TCGA-KL-8335-01A,TCGA-KL-8335-01A,1.0,0.0,0.0,0.0,0.0
11,37275596,-,17,71982544,-,KICH,171,TCGA-KL-8335-01A,TCGA-KL-8335-01A,1.0,0.0,0.0,0.0,0.0
11,37550540,+,11,38862029,+,KICH,172,TCGA-KL-8335-01A,TCGA-KL-8335-01A,1.0,0.0,0.0,0.0,0.0
11,38859681,-,11,38860080,-,KICH,173,TCGA-KL-8335-01A,TCGA-KL-8335-01A,1.0,0.0,0.0,0.0,0.0
11,39748067,-,11,43489197,-,KICH,174,TCGA-KL-8335-01A,TCGA-KL-8335-01A,1.0,0.0,0.0,0.0,0.0
11,39748213,+,11,43490007,-,KICH,175,TCGA-KL-8335-01A,TCGA-KL-8335-01A,1.0,0.0,0.0,0.0,0.0
11,40487852,-,11,43489713,+,KICH,176,TCGA-KL-8335-01A,TCGA-KL-8335-01A,1.0,0.0,0.0,0.0,0.0
11,40566378,+,11,43065706,-,KICH,177,TCGA-KL-8335-01A,TCGA-KL-8335-01A,1.0,0.0,0.0,0.0,0.0
12,110705374,+,12,129741159,-,KICH,178,TCGA-KL-8335-01A,TCGA-KL-8335-01A,1.0,0.0,0.0,0.0,0.0
12,112930736,-,12,112936493,-,KICH,179,TCGA-KL-8335-01A,TCGA-KL-8335-01A,1.0,0.0,0.0,0.0,0.0
12,113475863,+,12,113478238,-,KICH,180,TCGA-KL-8335-01A,TCGA-KL-8335-01A,1.0,0.0,0.0,0.0,0.0
12,114708345,+,12,121977744,-,KICH,181,TCGA-KL-8335-01A,TCGA-KL-8335-01A,1.0,0.0,0.0,0.0,0.0
12,132728812,+,18,73518188,-,KICH,182,TCGA-KL-8335-01A,TCGA-KL-8335-01A,1.0,0.0,0.0,0.0,0.0
17,71982458,+,17,71982985,-,KICH,183,TCGA-KL-8335-01A,TCGA-KL-8335-01A,1.0,0.0,0.0,0.0,0.0
18,642155,+,18,644131,-,KICH,184,TCGA-KL-8335-01A,TCGA-KL-8335-01A,1.0,0.0,0.0,0.0,0.0
18,15555429,+,18,15623370,-,KICH,185,TCGA-KL-8335-01A,TCGA-KL-8335-01A,1.0,0.0,0.0,0.0,0.0
18,47196888,+,18,64478768,+,KICH,186,TCGA-KL-8335-01A,TCGA-KL-8335-01A,1.0,0.0,0.0,0.0,0.0
18,47197438,-,18,75046757,-,KICH,187,TCGA-KL-8335-01A,TCGA-KL-8335-01A,1.0,0.0,0.0,0.0,0.0
18,48027760,-,18,70888734,+,KICH,188,TCGA-KL-8335-01A,TCGA-KL-8335-01A,1.0,0.0,0.0,0.0,0.0
18,48031149,+,18,75013208,+,KICH,189,TCGA-KL-8335-01A,TCGA-KL-8335-01A,1.0,0.0,0.0,0.0,0.0
18,66365584,-,18,75075563,+,KICH,190,TCGA-KL-8335-01A,TCGA-KL-8335-01A,1.0,0.0,0.0,0.0,0.0
18,66374015,+,18,66570252,-,KICH,191,TCGA-KL-8335-01A,TCGA-KL-8335-01A,1.0,0.0,0.0,0.0,0.0
18,66610572,+,18,75043963,+,KICH,192,TCGA-KL-8335-01A,TCGA-KL-8335-01A,1.0,0.0,0.0,0.0,0.0
18,73508959,-,18,75026295,-,KICH,193,TCGA-KL-8335-01A,TCGA-KL-8335-01A,1.0,0.0,0.0,0.0,0.0
18,73509000,+,18,73509234,+,KICH,194,TCGA-KL-8335-01A,TCGA-KL-8335-01A,1.0,0.0,0.0,0.0,0.0
19,571071,-,19,742735,-,KICH,195,TCGA-KL-8335-01A,TCGA-KL-8335-01A,1.0,0.0,0.0,0.0,0.0
2,165231332,-,23,1150076,+,KICH,196,TCGA-KL-8335-01A,TCGA-KL-8335-01A,1.0,0.0,0.0,0.0,0.0
22,43578058,+,22,43784532,+,KICH,197,TCGA-KL-8335-01A,TCGA-KL-8335-01A,1.0,0.0,0.0,0.0,0.0
3,37905997,-,12,133239741,+,KICH,198,TCGA-KL-8335-01A,TCGA-KL-8335-01A,1.0,0.0,0.0,0.0,0.0
3,91027941,+,3,91036428,-,KICH,199,TCGA-KL-8335-01A,TCGA-KL-8335-01A,1.0,0.0,0.0,0.0,0.0
3,181610271,-,7,98834308,-,KICH,200,TCGA-KL-8335-01A,TCGA-KL-8335-01A,1.0,0.0,0.0,0.0,0.0
5,59569103,+,5,60443134,-,KICH,201,TCGA-KL-8335-01A,TCGA-KL-8335-01A,1.0,0.0,0.0,0.0,0.0
6,67724295,+,6,67802471,-,KICH,202,TCGA-KL-8335-01A,TCGA-KL-8335-01A,1.0,0.0,0.0,0.0,0.0
9,43443766,+,9,44423744,-,KICH,203,TCGA-KL-8335-01A,TCGA-KL-8335-01A,1.0,0.0,0.0,0.0,0.0
1,5980613,+,1,6067829,-,KICH,204,TCGA-KL-8336-01A,TCGA-KL-8336-01A,1.0,0.0,0.0,0.0,0.0
1,56555298,-,7,50292735,+,KICH,205,TCGA-KL-8336-01A,TCGA-KL-8336-01A,1.0,0.0,0.0,0.0,0.0
1,224751032,-,9,134285578,-,KICH,206,TCGA-KL-8336-01A,TCGA-KL-8336-01A,1.0,0.0,0.0,0.0,0.0
10,29739687,+,10,29755309,-,KICH,207,TCGA-KL-8336-01A,TCGA-KL-8336-01A,1.0,0.0,0.0,0.0,0.0
10,39561292,-,10,41708940,+,KICH,208,TCGA-KL-8336-01A,TCGA-KL-8336-01A,1.0,0.0,0.0,0.0,0.0
11,52795286,-,11,52853895,+,KICH,209,TCGA-KL-8336-01A,TCGA-KL-8336-01A,1.0,0.0,0.0,0.0,0.0
11,125013862,+,11,125014970,-,KICH,210,TCGA-KL-8336-01A,TCGA-KL-8336-01A,1.0,0.0,0.0,0.0,0.0
12,98983126,+,12,99156020,-,KICH,211,TCGA-KL-8336-01A,TCGA-KL-8336-01A,1.0,0.0,0.0,0.0,0.0
16,6841580,+,16,6869436,-,KICH,212,TCGA-KL-8336-01A,TCGA-KL-8336-01A,1.0,0.0,0.0,0.0,0.0
18,15692004,+,18,20640361,-,KICH,213,TCGA-KL-8336-01A,TCGA-KL-8336-01A,1.0,0.0,0.0,0.0,0.0
18,18040969,+,18,18798716,-,KICH,214,TCGA-KL-8336-01A,TCGA-KL-8336-01A,1.0,0.0,0.0,0.0,0.0
19,2267024,+,19,8575431,-,KICH,215,TCGA-KL-8336-01A,TCGA-KL-8336-01A,1.0,0.0,0.0,0.0,0.0
19,35169443,-,19,35205191,+,KICH,216,TCGA-KL-8336-01A,TCGA-KL-8336-01A,1.0,0.0,0.0,0.0,0.0
2,173892926,+,5,159536059,+,KICH,217,TCGA-KL-8336-01A,TCGA-KL-8336-01A,1.0,0.0,0.0,0.0,0.0
20,750574,+,21,46534876,+,KICH,218,TCGA-KL-8336-01A,TCGA-KL-8336-01A,1.0,0.0,0.0,0.0,0.0
3,24375976,+,3,24501204,-,KICH,219,TCGA-KL-8336-01A,TCGA-KL-8336-01A,1.0,0.0,0.0,0.0,0.0
3,60165918,+,3,61154716,+,KICH,220,TCGA-KL-8336-01A,TCGA-KL-8336-01A,1.0,0.0,0.0,0.0,0.0
3,110911174,+,3,110924815,-,KICH,221,TCGA-KL-8336-01A,TCGA-KL-8336-01A,1.0,0.0,0.0,0.0,0.0
4,101411385,-,4,101418672,+,KICH,222,TCGA-KL-8336-01A,TCGA-KL-8336-01A,1.0,0.0,0.0,0.0,0.0
4,101412812,+,4,120377780,+,KICH,223,TCGA-KL-8336-01A,TCGA-KL-8336-01A,1.0,0.0,0.0,0.0,0.0
4,108574361,-,4,120376903,-,KICH,224,TCGA-KL-8336-01A,TCGA-KL-8336-01A,1.0,0.0,0.0,0.0,0.0
4,108578169,+,4,123066922,+,KICH,225,TCGA-KL-8336-01A,TCGA-KL-8336-01A,1.0,0.0,0.0,0.0,0.0
4,119600174,-,4,123063692,-,KICH,226,TCGA-KL-8336-01A,TCGA-KL-8336-01A,1.0,0.0,0.0,0.0,0.0
4,176964613,-,8,86145375,-,KICH,227,TCGA-KL-8336-01A,TCGA-KL-8336-01A,1.0,0.0,0.0,0.0,0.0
5,59048281,-,5,59051223,-,KICH,228,TCGA-KL-8336-01A,TCGA-KL-8336-01A,1.0,0.0,0.0,0.0,0.0
5,59048282,-,5,59067634,+,KICH,229,TCGA-KL-8336-01A,TCGA-KL-8336-01A,1.0,0.0,0.0,0.0,0.0
5,59051364,+,5,59067634,+,KICH,230,TCGA-KL-8336-01A,TCGA-KL-8336-01A,1.0,0.0,0.0,0.0,0.0
5,137420553,+,5,137704282,-,KICH,231,TCGA-KL-8336-01A,TCGA-KL-8336-01A,1.0,0.0,0.0,0.0,0.0
5,137705063,+,9,93016785,+,KICH,232,TCGA-KL-8336-01A,TCGA-KL-8336-01A,1.0,0.0,0.0,0.0,0.0
5,137705136,-,9,93016474,-,KICH,233,TCGA-KL-8336-01A,TCGA-KL-8336-01A,1.0,0.0,0.0,0.0,0.0
5,137705136,-,9,93069916,-,KICH,234,TCGA-KL-8336-01A,TCGA-KL-8336-01A,1.0,0.0,0.0,0.0,0.0
6,100438181,+,6,100593295,-,KICH,235,TCGA-KL-8336-01A,TCGA-KL-8336-01A,1.0,0.0,0.0,0.0,0.0
6,158203099,+,6,158612577,-,KICH,236,TCGA-KL-8336-01A,TCGA-KL-8336-01A,1.0,0.0,0.0,0.0,0.0
6,162179060,+,6,162195506,-,KICH,237,TCGA-KL-8336-01A,TCGA-KL-8336-01A,1.0,0.0,0.0,0.0,0.0
7,104991150,+,7,105139661,-,KICH,238,TCGA-KL-8336-01A,TCGA-KL-8336-01A,1.0,0.0,0.0,0.0,0.0
7,116978723,-,7,116985988,+,KICH,239,TCGA-KL-8336-01A,TCGA-KL-8336-01A,1.0,0.0,0.0,0.0,0.0
9,93016535,-,9,93069983,+,KICH,240,TCGA-KL-8336-01A,TCGA-KL-8336-01A,1.0,0.0,0.0,0.0,0.0
9,132852486,+,9,132903180,-,KICH,241,TCGA-KL-8336-01A,TCGA-KL-8336-01A,1.0,0.0,0.0,0.0,0.0
1,123246040,-,1,123246644,+,KICH,242,TCGA-KL-8337-01A,TCGA-KL-8337-01A,1.0,0.0,0.0,0.0,0.0
11,54359892,-,11,54384648,+,KICH,243,TCGA-KL-8337-01A,TCGA-KL-8337-01A,1.0,0.0,0.0,0.0,0.0
13,16703157,-,13,17249473,+,KICH,244,TCGA-KL-8337-01A,TCGA-KL-8337-01A,1.0,0.0,0.0,0.0,0.0
13,16802383,-,13,16894953,+,KICH,245,TCGA-KL-8337-01A,TCGA-KL-8337-01A,1.0,0.0,0.0,0.0,0.0
18,15731758,+,18,15743584,-,KICH,246,TCGA-KL-8337-01A,TCGA-KL-8337-01A,1.0,0.0,0.0,0.0,0.0
7,62817385,+,23,58406703,+,KICH,247,TCGA-KL-8337-01A,TCGA-KL-8337-01A,1.0,0.0,0.0,0.0,0.0
9,40534855,-,18,15394801,+,KICH,248,TCGA-KL-8337-01A,TCGA-KL-8337-01A,1.0,0.0,0.0,0.0,0.0
11,52308216,-,11,53166545,+,KICH,249,TCGA-KL-8338-01A,TCGA-KL-8338-01A,1.0,0.0,0.0,0.0,0.0
11,54369543,+,11,54405368,-,KICH,250,TCGA-KL-8338-01A,TCGA-KL-8338-01A,1.0,0.0,0.0,0.0,0.0
11,54387796,+,11,54402106,-,KICH,251,TCGA-KL-8338-01A,TCGA-KL-8338-01A,1.0,0.0,0.0,0.0,0.0
11,56644189,+,20,34654055,+,KICH,252,TCGA-KL-8338-01A,TCGA-KL-8338-01A,1.0,0.0,0.0,0.0,0.0
12,36337083,-,12,36612713,+,KICH,253,TCGA-KL-8338-01A,TCGA-KL-8338-01A,1.0,0.0,0.0,0.0,0.0
12,36368929,-,12,36580842,+,KICH,254,TCGA-KL-8338-01A,TCGA-KL-8338-01A,1.0,0.0,0.0,0.0,0.0
12,50794035,+,12,51187066,-,KICH,255,TCGA-KL-8338-01A,TCGA-KL-8338-01A,1.0,0.0,0.0,0.0,0.0
12,88777698,-,12,88782731,+,KICH,256,TCGA-KL-8338-01A,TCGA-KL-8338-01A,1.0,0.0,0.0,0.0,0.0
16,34256040,-,16,36322611,+,KICH,257,TCGA-KL-8338-01A,TCGA-KL-8338-01A,1.0,0.0,0.0,0.0,0.0
16,75235019,+,20,22555613,+,KICH,258,TCGA-KL-8338-01A,TCGA-KL-8338-01A,1.0,0.0,0.0,0.0,0.0
17,46205412,-,17,46209011,+,KICH,259,TCGA-KL-8338-01A,TCGA-KL-8338-01A,1.0,0.0,0.0,0.0,0.0
18,15679045,-,18,15772320,+,KICH,260,TCGA-KL-8338-01A,TCGA-KL-8338-01A,1.0,0.0,0.0,0.0,0.0
2,87907466,+,3,90479381,-,KICH,261,TCGA-KL-8338-01A,TCGA-KL-8338-01A,1.0,0.0,0.0,0.0,0.0
20,4787243,+,20,8960144,-,KICH,262,TCGA-KL-8338-01A,TCGA-KL-8338-01A,1.0,0.0,0.0,0.0,0.0
20,4788664,-,20,21851201,+,KICH,263,TCGA-KL-8338-01A,TCGA-KL-8338-01A,1.0,0.0,0.0,0.0,0.0
20,4792228,+,20,22542879,+,KICH,264,TCGA-KL-8338-01A,TCGA-KL-8338-01A,1.0,0.0,0.0,0.0,0.0
20,4799851,-,20,29614084,+,KICH,265,TCGA-KL-8338-01A,TCGA-KL-8338-01A,1.0,0.0,0.0,0.0,0.0
20,8951413,+,20,25690848,-,KICH,266,TCGA-KL-8338-01A,TCGA-KL-8338-01A,1.0,0.0,0.0,0.0,0.0
20,8958999,+,20,21811862,-,KICH,267,TCGA-KL-8338-01A,TCGA-KL-8338-01A,1.0,0.0,0.0,0.0,0.0
20,8961067,+,20,25686659,-,KICH,268,TCGA-KL-8338-01A,TCGA-KL-8338-01A,1.0,0.0,0.0,0.0,0.0
20,8967522,+,20,22185140,-,KICH,269,TCGA-KL-8338-01A,TCGA-KL-8338-01A,1.0,0.0,0.0,0.0,0.0
20,9114678,-,20,9138494,-,KICH,270,TCGA-KL-8338-01A,TCGA-KL-8338-01A,1.0,0.0,0.0,0.0,0.0
20,9137062,+,20,22441374,-,KICH,271,TCGA-KL-8338-01A,TCGA-KL-8338-01A,1.0,0.0,0.0,0.0,0.0
20,9174608,+,20,21801160,+,KICH,272,TCGA-KL-8338-01A,TCGA-KL-8338-01A,1.0,0.0,0.0,0.0,0.0
20,9181936,-,20,21841141,+,KICH,273,TCGA-KL-8338-01A,TCGA-KL-8338-01A,1.0,0.0,0.0,0.0,0.0
20,9184084,+,20,22440726,+,KICH,274,TCGA-KL-8338-01A,TCGA-KL-8338-01A,1.0,0.0,0.0,0.0,0.0
20,9184640,-,20,62292951,-,KICH,275,TCGA-KL-8338-01A,TCGA-KL-8338-01A,1.0,0.0,0.0,0.0,0.0
20,21809372,-,20,21841052,+,KICH,276,TCGA-KL-8338-01A,TCGA-KL-8338-01A,1.0,0.0,0.0,0.0,0.0
20,21812551,+,20,62292607,+,KICH,277,TCGA-KL-8338-01A,TCGA-KL-8338-01A,1.0,0.0,0.0,0.0,0.0
20,21838178,-,20,22185005,+,KICH,278,TCGA-KL-8338-01A,TCGA-KL-8338-01A,1.0,0.0,0.0,0.0,0.0
20,21841043,-,20,21841204,-,KICH,279,TCGA-KL-8338-01A,TCGA-KL-8338-01A,1.0,0.0,0.0,0.0,0.0
20,22199724,-,20,62289806,-,KICH,280,TCGA-KL-8338-01A,TCGA-KL-8338-01A,1.0,0.0,0.0,0.0,0.0
20,22207665,-,20,25674855,+,KICH,281,TCGA-KL-8338-01A,TCGA-KL-8338-01A,1.0,0.0,0.0,0.0,0.0
20,22416304,-,20,62302392,+,KICH,282,TCGA-KL-8338-01A,TCGA-KL-8338-01A,1.0,0.0,0.0,0.0,0.0
20,22433853,-,20,29606944,+,KICH,283,TCGA-KL-8338-01A,TCGA-KL-8338-01A,1.0,0.0,0.0,0.0,0.0
20,22446595,+,20,22447370,-,KICH,284,TCGA-KL-8338-01A,TCGA-KL-8338-01A,1.0,0.0,0.0,0.0,0.0
20,22543189,-,20,62286960,-,KICH,285,TCGA-KL-8338-01A,TCGA-KL-8338-01A,1.0,0.0,0.0,0.0,0.0
20,26259993,-,20,30185164,-,KICH,286,TCGA-KL-8338-01A,TCGA-KL-8338-01A,1.0,0.0,0.0,0.0,0.0
20,26610567,-,20,26614625,+,KICH,287,TCGA-KL-8338-01A,TCGA-KL-8338-01A,1.0,0.0,0.0,0.0,0.0
20,29577139,-,20,62303332,-,KICH,288,TCGA-KL-8338-01A,TCGA-KL-8338-01A,1.0,0.0,0.0,0.0,0.0
20,46204665,+,20,51616795,+,KICH,289,TCGA-KL-8338-01A,TCGA-KL-8338-01A,1.0,0.0,0.0,0.0,0.0
3,90864336,-,3,90896601,+,KICH,290,TCGA-KL-8338-01A,TCGA-KL-8338-01A,1.0,0.0,0.0,0.0,0.0
3,91030411,+,3,91194380,-,KICH,291,TCGA-KL-8338-01A,TCGA-KL-8338-01A,1.0,0.0,0.0,0.0,0.0
3,91045850,-,3,91261560,-,KICH,292,TCGA-KL-8338-01A,TCGA-KL-8338-01A,1.0,0.0,0.0,0.0,0.0
3,142564047,-,15,90569618,+,KICH,293,TCGA-KL-8338-01A,TCGA-KL-8338-01A,1.0,0.0,0.0,0.0,0.0
4,127665474,+,4,127667143,-,KICH,294,TCGA-KL-8338-01A,TCGA-KL-8338-01A,1.0,0.0,0.0,0.0,0.0
7,99489378,-,7,99490209,+,KICH,295,TCGA-KL-8338-01A,TCGA-KL-8338-01A,1.0,0.0,0.0,0.0,0.0
11,3422104,+,11,72758781,+,KICH,296,TCGA-KL-8339-01A,TCGA-KL-8339-01A,1.0,0.0,0.0,0.0,0.0
11,3422673,-,11,42268025,+,KICH,297,TCGA-KL-8339-01A,TCGA-KL-8339-01A,1.0,0.0,0.0,0.0,0.0
11,9549899,-,11,23426997,+,KICH,298,TCGA-KL-8339-01A,TCGA-KL-8339-01A,1.0,0.0,0.0,0.0,0.0
11,9550158,+,11,23441343,+,KICH,299,TCGA-KL-8339-01A,TCGA-KL-8339-01A,1.0,0.0,0.0,0.0,0.0
11,13412265,-,11,67616722,+,KICH,300,TCGA-KL-8339-01A,TCGA-KL-8339-01A,1.0,0.0,0.0,0.0,0.0
11,16244070,+,11,25996126,-,KICH,301,TCGA-KL-8339-01A,TCGA-KL-8339-01A,1.0,0.0,0.0,0.0,0.0
11,16447877,+,11,22683531,+,KICH,302,TCGA-KL-8339-01A,TCGA-KL-8339-01A,1.0,0.0,0.0,0.0,0.0
11,16451602,-,11,82942338,+,KICH,303,TCGA-KL-8339-01A,TCGA-KL-8339-01A,1.0,0.0,0.0,0.0,0.0
11,16598405,+,11,78344844,+,KICH,304,TCGA-KL-8339-01A,TCGA-KL-8339-01A,1.0,0.0,0.0,0.0,0.0
11,18906819,+,11,23426598,-,KICH,305,TCGA-KL-8339-01A,TCGA-KL-8339-01A,1.0,0.0,0.0,0.0,0.0
11,19802687,+,11,23753956,+,KICH,306,TCGA-KL-8339-01A,TCGA-KL-8339-01A,1.0,0.0,0.0,0.0,0.0
11,19802723,-,11,22684787,-,KICH,307,TCGA-KL-8339-01A,TCGA-KL-8339-01A,1.0,0.0,0.0,0.0,0.0
11,25994122,+,11,72760047,-,KICH,308,TCGA-KL-8339-01A,TCGA-KL-8339-01A,1.0,0.0,0.0,0.0,0.0
11,31420463,+,11,41888396,+,KICH,309,TCGA-KL-8339-01A,TCGA-KL-8339-01A,1.0,0.0,0.0,0.0,0.0
11,31422137,-,11,41888804,-,KICH,310,TCGA-KL-8339-01A,TCGA-KL-8339-01A,1.0,0.0,0.0,0.0,0.0
11,32373272,+,11,50625099,-,KICH,311,TCGA-KL-8339-01A,TCGA-KL-8339-01A,1.0,0.0,0.0,0.0,0.0
11,33812639,+,11,72777469,+,KICH,312,TCGA-KL-8339-01A,TCGA-KL-8339-01A,1.0,0.0,0.0,0.0,0.0
11,40522701,+,11,40542326,-,KICH,313,TCGA-KL-8339-01A,TCGA-KL-8339-01A,1.0,0.0,0.0,0.0,0.0
11,50622806,-,11,72080875,-,KICH,314,TCGA-KL-8339-01A,TCGA-KL-8339-01A,1.0,0.0,0.0,0.0,0.0
11,50622806,-,11,72081757,+,KICH,315,TCGA-KL-8339-01A,TCGA-KL-8339-01A,1.0,0.0,0.0,0.0,0.0
11,71826864,+,11,100112562,+,KICH,316,TCGA-KL-8339-01A,TCGA-KL-8339-01A,1.0,0.0,0.0,0.0,0.0
11,71826932,+,11,108492420,-,KICH,317,TCGA-KL-8339-01A,TCGA-KL-8339-01A,1.0,0.0,0.0,0.0,0.0
11,72080875,-,11,72081628,-,KICH,318,TCGA-KL-8339-01A,TCGA-KL-8339-01A,1.0,0.0,0.0,0.0,0.0
11,73678089,+,11,113915638,-,KICH,319,TCGA-KL-8339-01A,TCGA-KL-8339-01A,1.0,0.0,0.0,0.0,0.0
11,73681373,-,11,80811817,+,KICH,320,TCGA-KL-8339-01A,TCGA-KL-8339-01A,1.0,0.0,0.0,0.0,0.0
11,74434986,-,11,80170383,-,KICH,321,TCGA-KL-8339-01A,TCGA-KL-8339-01A,1.0,0.0,0.0,0.0,0.0
11,74480249,+,11,107217265,-,KICH,322,TCGA-KL-8339-01A,TCGA-KL-8339-01A,1.0,0.0,0.0,0.0,0.0
11,74480745,-,11,103070979,-,KICH,323,TCGA-KL-8339-01A,TCGA-KL-8339-01A,1.0,0.0,0.0,0.0,0.0
11,74480804,+,11,100112591,-,KICH,324,TCGA-KL-8339-01A,TCGA-KL-8339-01A,1.0,0.0,0.0,0.0,0.0
11,75616275,+,11,75696593,-,KICH,325,TCGA-KL-8339-01A,TCGA-KL-8339-01A,1.0,0.0,0.0,0.0,0.0
11,80477559,+,11,103322706,+,KICH,326,TCGA-KL-8339-01A,TCGA-KL-8339-01A,1.0,0.0,0.0,0.0,0.0
11,80813727,-,11,113914207,+,KICH,327,TCGA-KL-8339-01A,TCGA-KL-8339-01A,1.0,0.0,0.0,0.0,0.0
11,99487923,-,11,107126322,-,KICH,328,TCGA-KL-8339-01A,TCGA-KL-8339-01A,1.0,0.0,0.0,0.0,0.0
11,100110375,+,11,100113206,+,KICH,329,TCGA-KL-8339-01A,TCGA-KL-8339-01A,1.0,0.0,0.0,0.0,0.0
11,100112231,-,11,103071113,+,KICH,330,TCGA-KL-8339-01A,TCGA-KL-8339-01A,1.0,0.0,0.0,0.0,0.0
11,100112244,-,11,107217360,-,KICH,331,TCGA-KL-8339-01A,TCGA-KL-8339-01A,1.0,0.0,0.0,0.0,0.0
11,100112253,+,11,103070879,-,KICH,332,TCGA-KL-8339-01A,TCGA-KL-8339-01A,1.0,0.0,0.0,0.0,0.0
11,100112456,+,11,107214239,-,KICH,333,TCGA-KL-8339-01A,TCGA-KL-8339-01A,1.0,0.0,0.0,0.0,0.0
11,100112562,+,11,108492612,+,KICH,334,TCGA-KL-8339-01A,TCGA-KL-8339-01A,1.0,0.0,0.0,0.0,0.0
11,100112585,-,11,103070979,-,KICH,335,TCGA-KL-8339-01A,TCGA-KL-8339-01A,1.0,0.0,0.0,0.0,0.0
11,103070634,-,11,108492409,+,KICH,336,TCGA-KL-8339-01A,TCGA-KL-8339-01A,1.0,0.0,0.0,0.0,0.0
11,103070887,+,11,109529076,+,KICH,337,TCGA-KL-8339-01A,TCGA-KL-8339-01A,1.0,0.0,0.0,0.0,0.0
11,103070980,+,11,107214240,-,KICH,338,TCGA-KL-8339-01A,TCGA-KL-8339-01A,1.0,0.0,0.0,0.0,0.0
11,118569248,+,11,118571104,-,KICH,339,TCGA-KL-8339-01A,TCGA-KL-8339-01A,1.0,0.0,0.0,0.0,0.0
11,125717500,-,11,126176343,-,KICH,340,TCGA-KL-8339-01A,TCGA-KL-8339-01A,1.0,0.0,0.0,0.0,0.0
11,126021774,+,11,126023302,-,KICH,341,TCGA-KL-8339-01A,TCGA-KL-8339-01A,1.0,0.0,0.0,0.0,0.0
11,126186987,+,11,134584448,+,KICH,342,TCGA-KL-8339-01A,TCGA-KL-8339-01A,1.0,0.0,0.0,0.0,0.0
12,34775457,-,12,34804530,+,KICH,343,TCGA-KL-8339-01A,TCGA-KL-8339-01A,1.0,0.0,0.0,0.0,0.0
12,44922567,-,12,44922714,+,KICH,344,TCGA-KL-8339-01A,TCGA-KL-8339-01A,1.0,0.0,0.0,0.0,0.0
14,18630327,+,14,29339718,-,KICH,345,TCGA-KL-8339-01A,TCGA-KL-8339-01A,1.0,0.0,0.0,0.0,0.0
14,19773653,+,14,22090523,-,KICH,346,TCGA-KL-8339-01A,TCGA-KL-8339-01A,1.0,0.0,0.0,0.0,0.0
14,19773682,-,14,23354745,-,KICH,347,TCGA-KL-8339-01A,TCGA-KL-8339-01A,1.0,0.0,0.0,0.0,0.0
14,19791584,+,14,30221324,-,KICH,348,TCGA-KL-8339-01A,TCGA-KL-8339-01A,1.0,0.0,0.0,0.0,0.0
14,19812200,-,14,27042247,-,KICH,349,TCGA-KL-8339-01A,TCGA-KL-8339-01A,1.0,0.0,0.0,0.0,0.0
14,19821238,+,14,21782253,+,KICH,350,TCGA-KL-8339-01A,TCGA-KL-8339-01A,1.0,0.0,0.0,0.0,0.0
14,19821425,-,14,25641762,-,KICH,351,TCGA-KL-8339-01A,TCGA-KL-8339-01A,1.0,0.0,0.0,0.0,0.0
14,19836810,+,14,23518916,-,KICH,352,TCGA-KL-8339-01A,TCGA-KL-8339-01A,1.0,0.0,0.0,0.0,0.0
14,19846274,-,14,22929884,-,KICH,353,TCGA-KL-8339-01A,TCGA-KL-8339-01A,1.0,0.0,0.0,0.0,0.0
14,19874544,+,14,22161883,+,KICH,354,TCGA-KL-8339-01A,TCGA-KL-8339-01A,1.0,0.0,0.0,0.0,0.0
14,20069475,+,14,20613578,+,KICH,355,TCGA-KL-8339-01A,TCGA-KL-8339-01A,1.0,0.0,0.0,0.0,0.0
14,20109423,-,14,26755836,-,KICH,356,TCGA-KL-8339-01A,TCGA-KL-8339-01A,1.0,0.0,0.0,0.0,0.0
14,20118917,+,14,26454098,+,KICH,357,TCGA-KL-8339-01A,TCGA-KL-8339-01A,1.0,0.0,0.0,0.0,0.0
14,20131526,-,14,26799552,-,KICH,358,TCGA-KL-8339-01A,TCGA-KL-8339-01A,1.0,0.0,0.0,0.0,0.0
14,20289327,+,14,21425043,+,KICH,359,TCGA-KL-8339-01A,TCGA-KL-8339-01A,1.0,0.0,0.0,0.0,0.0
14,20289350,-,14,26255207,-,KICH,360,TCGA-KL-8339-01A,TCGA-KL-8339-01A,1.0,0.0,0.0,0.0,0.0
14,20299417,+,14,21817631,-,KICH,361,TCGA-KL-8339-01A,TCGA-KL-8339-01A,1.0,0.0,0.0,0.0,0.0
14,20306040,-,14,21384066,-,KICH,362,TCGA-KL-8339-01A,TCGA-KL-8339-01A,1.0,0.0,0.0,0.0,0.0
14,20332881,+,14,23301281,-,KICH,363,TCGA-KL-8339-01A,TCGA-KL-8339-01A,1.0,0.0,0.0,0.0,0.0
14,20332970,-,14,25644525,+,KICH,364,TCGA-KL-8339-01A,TCGA-KL-8339-01A,1.0,0.0,0.0,0.0,0.0
14,20333933,+,14,21095208,-,KICH,365,TCGA-KL-8339-01A,TCGA-KL-8339-01A,1.0,0.0,0.0,0.0,0.0
14,20334127,-,14,20343233,+,KICH,366,TCGA-KL-8339-01A,TCGA-KL-8339-01A,1.0,0.0,0.0,0.0,0.0
14,20342865,-,14,31483825,+,KICH,367,TCGA-KL-8339-01A,TCGA-KL-8339-01A,1.0,0.0,0.0,0.0,0.0
14,20343378,-,14,30308834,-,KICH,368,TCGA-KL-8339-01A,TCGA-KL-8339-01A,1.0,0.0,0.0,0.0,0.0
14,20356358,-,14,25755728,-,KICH,369,TCGA-KL-8339-01A,TCGA-KL-8339-01A,1.0,0.0,0.0,0.0,0.0
14,20378453,+,14,28869815,-,KICH,370,TCGA-KL-8339-01A,TCGA-KL-8339-01A,1.0,0.0,0.0,0.0,0.0
14,20378518,-,14,23279129,-,KICH,371,TCGA-KL-8339-01A,TCGA-KL-8339-01A,1.0,0.0,0.0,0.0,0.0
14,20386779,+,14,20605568,+,KICH,372,TCGA-KL-8339-01A,TCGA-KL-8339-01A,1.0,0.0,0.0,0.0,0.0
14,20387014,-,14,30202026,+,KICH,373,TCGA-KL-8339-01A,TCGA-KL-8339-01A,1.0,0.0,0.0,0.0,0.0
14,20392814,+,14,23884516,+,KICH,374,TCGA-KL-8339-01A,TCGA-KL-8339-01A,1.0,0.0,0.0,0.0,0.0
14,20413311,+,14,24795494,-,KICH,375,TCGA-KL-8339-01A,TCGA-KL-8339-01A,1.0,0.0,0.0,0.0,0.0
14,20413528,-,14,28898949,+,KICH,376,TCGA-KL-8339-01A,TCGA-KL-8339-01A,1.0,0.0,0.0,0.0,0.0
14,20413916,+,14,21274203,-,KICH,377,TCGA-KL-8339-01A,TCGA-KL-8339-01A,1.0,0.0,0.0,0.0,0.0
14,20413994,-,14,29057847,-,KICH,378,TCGA-KL-8339-01A,TCGA-KL-8339-01A,1.0,0.0,0.0,0.0,0.0
14,20416022,-,14,22838326,-,KICH,379,TCGA-KL-8339-01A,TCGA-KL-8339-01A,1.0,0.0,0.0,0.0,0.0
14,20417235,+,14,20454670,-,KICH,380,TCGA-KL-8339-01A,TCGA-KL-8339-01A,1.0,0.0,0.0,0.0,0.0
14,20417282,-,14,25794327,-,KICH,381,TCGA-KL-8339-01A,TCGA-KL-8339-01A,1.0,0.0,0.0,0.0,0.0
14,20454508,+,14,26482113,-,KICH,382,TCGA-KL-8339-01A,TCGA-KL-8339-01A,1.0,0.0,0.0,0.0,0.0
14,20458237,+,14,30259634,-,KICH,383,TCGA-KL-8339-01A,TCGA-KL-8339-01A,1.0,0.0,0.0,0.0,0.0
14,20458604,-,14,24795383,+,KICH,384,TCGA-KL-8339-01A,TCGA-KL-8339-01A,1.0,0.0,0.0,0.0,0.0
14,20458610,-,14,23577433,-,KICH,385,TCGA-KL-8339-01A,TCGA-KL-8339-01A,1.0,0.0,0.0,0.0,0.0
14,20458618,-,14,24794954,-,KICH,386,TCGA-KL-8339-01A,TCGA-KL-8339-01A,1.0,0.0,0.0,0.0,0.0
14,20458619,-,14,29616867,+,KICH,387,TCGA-KL-8339-01A,TCGA-KL-8339-01A,1.0,0.0,0.0,0.0,0.0
14,20458631,-,14,20971844,-,KICH,388,TCGA-KL-8339-01A,TCGA-KL-8339-01A,1.0,0.0,0.0,0.0,0.0
14,20458654,-,14,23885482,+,KICH,389,TCGA-KL-8339-01A,TCGA-KL-8339-01A,1.0,0.0,0.0,0.0,0.0
14,20458748,-,14,25806232,+,KICH,390,TCGA-KL-8339-01A,TCGA-KL-8339-01A,1.0,0.0,0.0,0.0,0.0
14,20458764,-,14,23742545,-,KICH,391,TCGA-KL-8339-01A,TCGA-KL-8339-01A,1.0,0.0,0.0,0.0,0.0
14,20468022,-,14,26517334,+,KICH,392,TCGA-KL-8339-01A,TCGA-KL-8339-01A,1.0,0.0,0.0,0.0,0.0
14,20498822,+,14,24401699,+,KICH,393,TCGA-KL-8339-01A,TCGA-KL-8339-01A,1.0,0.0,0.0,0.0,0.0
14,20519101,-,14,23306120,-,KICH,394,TCGA-KL-8339-01A,TCGA-KL-8339-01A,1.0,0.0,0.0,0.0,0.0
14,20605797,-,14,30290938,-,KICH,395,TCGA-KL-8339-01A,TCGA-KL-8339-01A,1.0,0.0,0.0,0.0,0.0
14,20613625,-,14,29106773,-,KICH,396,TCGA-KL-8339-01A,TCGA-KL-8339-01A,1.0,0.0,0.0,0.0,0.0
14,20615101,-,14,25625513,-,KICH,397,TCGA-KL-8339-01A,TCGA-KL-8339-01A,1.0,0.0,0.0,0.0,0.0
14,20774786,+,14,31027018,-,KICH,398,TCGA-KL-8339-01A,TCGA-KL-8339-01A,1.0,0.0,0.0,0.0,0.0
14,20776886,-,14,22332784,+,KICH,399,TCGA-KL-8339-01A,TCGA-KL-8339-01A,1.0,0.0,0.0,0.0,0.0
14,20831521,+,14,26249035,-,KICH,400,TCGA-KL-8339-01A,TCGA-KL-8339-01A,1.0,0.0,0.0,0.0,0.0
14,20959547,+,14,28933644,-,KICH,401,TCGA-KL-8339-01A,TCGA-KL-8339-01A,1.0,0.0,0.0,0.0,0.0
14,20988482,+,14,30775146,-,KICH,402,TCGA-KL-8339-01A,TCGA-KL-8339-01A,1.0,0.0,0.0,0.0,0.0
14,21097773,-,14,27694228,+,KICH,403,TCGA-KL-8339-01A,TCGA-KL-8339-01A,1.0,0.0,0.0,0.0,0.0
14,21098126,+,14,24333853,-,KICH,404,TCGA-KL-8339-01A,TCGA-KL-8339-01A,1.0,0.0,0.0,0.0,0.0
14,21236540,-,14,26225564,+,KICH,405,TCGA-KL-8339-01A,TCGA-KL-8339-01A,1.0,0.0,0.0,0.0,0.0
14,21242928,+,14,28718515,-,KICH,406,TCGA-KL-8339-01A,TCGA-KL-8339-01A,1.0,0.0,0.0,0.0,0.0
14,21247024,-,14,22261595,-,KICH,407,TCGA-KL-8339-01A,TCGA-KL-8339-01A,1.0,0.0,0.0,0.0,0.0
14,21261973,+,14,27058736,-,KICH,408,TCGA-KL-8339-01A,TCGA-KL-8339-01A,1.0,0.0,0.0,0.0,0.0
14,21274599,+,14,27491775,-,KICH,409,TCGA-KL-8339-01A,TCGA-KL-8339-01A,1.0,0.0,0.0,0.0,0.0
14,21274692,-,14,27449402,+,KICH,410,TCGA-KL-8339-01A,TCGA-KL-8339-01A,1.0,0.0,0.0,0.0,0.0
14,21286951,+,21,9537252,-,KICH,411,TCGA-KL-8339-01A,TCGA-KL-8339-01A,1.0,0.0,0.0,0.0,0.0
14,21286977,-,14,22712519,-,KICH,412,TCGA-KL-8339-01A,TCGA-KL-8339-01A,1.0,0.0,0.0,0.0,0.0
14,21321082,+,14,28727435,+,KICH,413,TCGA-KL-8339-01A,TCGA-KL-8339-01A,1.0,0.0,0.0,0.0,0.0
14,21321287,-,14,29599504,-,KICH,414,TCGA-KL-8339-01A,TCGA-KL-8339-01A,1.0,0.0,0.0,0.0,0.0
14,21349965,-,14,21411742,-,KICH,415,TCGA-KL-8339-01A,TCGA-KL-8339-01A,1.0,0.0,0.0,0.0,0.0
14,21360924,+,14,21436926,+,KICH,416,TCGA-KL-8339-01A,TCGA-KL-8339-01A,1.0,0.0,0.0,0.0,0.0
14,21371488,+,14,22370676,+,KICH,417,TCGA-KL-8339-01A,TCGA-KL-8339-01A,1.0,0.0,0.0,0.0,0.0
14,21392548,-,14,24430922,+,KICH,418,TCGA-KL-8339-01A,TCGA-KL-8339-01A,1.0,0.0,0.0,0.0,0.0
14,21408113,+,14,22519842,-,KICH,419,TCGA-KL-8339-01A,TCGA-KL-8339-01A,1.0,0.0,0.0,0.0,0.0
14,21425422,-,21,9852465,-,KICH,420,TCGA-KL-8339-01A,TCGA-KL-8339-01A,1.0,0.0,0.0,0.0,0.0
14,21437692,-,14,31144364,-,KICH,421,TCGA-KL-8339-01A,TCGA-KL-8339-01A,1.0,0.0,0.0,0.0,0.0
14,21444654,+,14,23988774,-,KICH,422,TCGA-KL-8339-01A,TCGA-KL-8339-01A,1.0,0.0,0.0,0.0,0.0
14,21446880,-,14,25487505,-,KICH,423,TCGA-KL-8339-01A,TCGA-KL-8339-01A,1.0,0.0,0.0,0.0,0.0
14,21451950,+,14,24802326,+,KICH,424,TCGA-KL-8339-01A,TCGA-KL-8339-01A,1.0,0.0,0.0,0.0,0.0
14,21452045,-,14,25644512,-,KICH,425,TCGA-KL-8339-01A,TCGA-KL-8339-01A,1.0,0.0,0.0,0.0,0.0
14,21456417,+,14,22125865,-,KICH,426,TCGA-KL-8339-01A,TCGA-KL-8339-01A,1.0,0.0,0.0,0.0,0.0
14,21456485,-,14,23988868,+,KICH,427,TCGA-KL-8339-01A,TCGA-KL-8339-01A,1.0,0.0,0.0,0.0,0.0
14,21504502,-,14,22982670,+,KICH,428,TCGA-KL-8339-01A,TCGA-KL-8339-01A,1.0,0.0,0.0,0.0,0.0
14,21626134,+,14,29891734,+,KICH,429,TCGA-KL-8339-01A,TCGA-KL-8339-01A,1.0,0.0,0.0,0.0,0.0
14,21782372,-,14,30258969,-,KICH,430,TCGA-KL-8339-01A,TCGA-KL-8339-01A,1.0,0.0,0.0,0.0,0.0
14,22001251,+,14,22266093,+,KICH,431,TCGA-KL-8339-01A,TCGA-KL-8339-01A,1.0,0.0,0.0,0.0,0.0
14,22009401,+,14,22071017,+,KICH,432,TCGA-KL-8339-01A,TCGA-KL-8339-01A,1.0,0.0,0.0,0.0,0.0
14,22017422,-,14,22116575,+,KICH,433,TCGA-KL-8339-01A,TCGA-KL-8339-01A,1.0,0.0,0.0,0.0,0.0
14,22071024,-,14,24232300,+,KICH,434,TCGA-KL-8339-01A,TCGA-KL-8339-01A,1.0,0.0,0.0,0.0,0.0
14,22125689,+,14,22510674,-,KICH,435,TCGA-KL-8339-01A,TCGA-KL-8339-01A,1.0,0.0,0.0,0.0,0.0
14,22342975,+,14,23345196,+,KICH,436,TCGA-KL-8339-01A,TCGA-KL-8339-01A,1.0,0.0,0.0,0.0,0.0
14,22343235,-,14,25286637,-,KICH,437,TCGA-KL-8339-01A,TCGA-KL-8339-01A,1.0,0.0,0.0,0.0,0.0
14,22424612,-,14,31222989,-,KICH,438,TCGA-KL-8339-01A,TCGA-KL-8339-01A,1.0,0.0,0.0,0.0,0.0
14,22510631,+,14,28509969,+,KICH,439,TCGA-KL-8339-01A,TCGA-KL-8339-01A,1.0,0.0,0.0,0.0,0.0
14,22519657,+,14,22598884,-,KICH,440,TCGA-KL-8339-01A,TCGA-KL-8339-01A,1.0,0.0,0.0,0.0,0.0
14,22565088,+,14,31111228,-,KICH,441,TCGA-KL-8339-01A,TCGA-KL-8339-01A,1.0,0.0,0.0,0.0,0.0
14,22565141,-,14,25660488,+,KICH,442,TCGA-KL-8339-01A,TCGA-KL-8339-01A,1.0,0.0,0.0,0.0,0.0
14,22598793,+,14,27205805,-,KICH,443,TCGA-KL-8339-01A,TCGA-KL-8339-01A,1.0,0.0,0.0,0.0,0.0
14,22749799,+,14,22929494,+,KICH,444,TCGA-KL-8339-01A,TCGA-KL-8339-01A,1.0,0.0,0.0,0.0,0.0
14,22749845,-,14,31093174,-,KICH,445,TCGA-KL-8339-01A,TCGA-KL-8339-01A,1.0,0.0,0.0,0.0,0.0
14,22819770,+,14,29927408,-,KICH,446,TCGA-KL-8339-01A,TCGA-KL-8339-01A,1.0,0.0,0.0,0.0,0.0
14,22819777,-,14,30602369,-,KICH,447,TCGA-KL-8339-01A,TCGA-KL-8339-01A,1.0,0.0,0.0,0.0,0.0
14,22829928,+,14,22911473,+,KICH,448,TCGA-KL-8339-01A,TCGA-KL-8339-01A,1.0,0.0,0.0,0.0,0.0
14,22829931,-,14,23301166,+,KICH,449,TCGA-KL-8339-01A,TCGA-KL-8339-01A,1.0,0.0,0.0,0.0,0.0
14,22838264,+,14,22904143,+,KICH,450,TCGA-KL-8339-01A,TCGA-KL-8339-01A,1.0,0.0,0.0,0.0,0.0
14,22904182,-,14,22982876,-,KICH,451,TCGA-KL-8339-01A,TCGA-KL-8339-01A,1.0,0.0,0.0,0.0,0.0
14,22911512,-,14,25650764,-,KICH,452,TCGA-KL-8339-01A,TCGA-KL-8339-01A,1.0,0.0,0.0,0.0,0.0
14,22931968,+,14,23301499,+,KICH,453,TCGA-KL-8339-01A,TCGA-KL-8339-01A,1.0,0.0,0.0,0.0,0.0
14,22932311,-,14,23756702,-,KICH,454,TCGA-KL-8339-01A,TCGA-KL-8339-01A,1.0,0.0,0.0,0.0,0.0
14,22945627,+,14,27880241,+,KICH,455,TCGA-KL-8339-01A,TCGA-KL-8339-01A,1.0,0.0,0.0,0.0,0.0
14,23205026,+,14,25513056,+,KICH,456,TCGA-KL-8339-01A,TCGA-KL-8339-01A,1.0,0.0,0.0,0.0,0.0
14,23205130,-,14,26914305,+,KICH,457,TCGA-KL-8339-01A,TCGA-KL-8339-01A,1.0,0.0,0.0,0.0,0.0
14,23259124,+,14,24371896,-,KICH,458,TCGA-KL-8339-01A,TCGA-KL-8339-01A,1.0,0.0,0.0,0.0,0.0
14,23259829,-,21,9712077,+,KICH,459,TCGA-KL-8339-01A,TCGA-KL-8339-01A,1.0,0.0,0.0,0.0,0.0
14,23268100,-,14,23790945,+,KICH,460,TCGA-KL-8339-01A,TCGA-KL-8339-01A,1.0,0.0,0.0,0.0,0.0
14,23279043,+,14,29275958,+,KICH,461,TCGA-KL-8339-01A,TCGA-KL-8339-01A,1.0,0.0,0.0,0.0,0.0
14,23279128,-,14,27041984,-,KICH,462,TCGA-KL-8339-01A,TCGA-KL-8339-01A,1.0,0.0,0.0,0.0,0.0
14,23300132,-,14,30105584,+,KICH,463,TCGA-KL-8339-01A,TCGA-KL-8339-01A,1.0,0.0,0.0,0.0,0.0
14,23301737,-,14,31026515,-,KICH,464,TCGA-KL-8339-01A,TCGA-KL-8339-01A,1.0,0.0,0.0,0.0,0.0
14,23331470,+,14,24232372,-,KICH,465,TCGA-KL-8339-01A,TCGA-KL-8339-01A,1.0,0.0,0.0,0.0,0.0
14,23365038,+,14,31181049,-,KICH,466,TCGA-KL-8339-01A,TCGA-KL-8339-01A,1.0,0.0,0.0,0.0,0.0
14,23511036,-,14,30544092,-,KICH,467,TCGA-KL-8339-01A,TCGA-KL-8339-01A,1.0,0.0,0.0,0.0,0.0
14,23516771,+,14,25613496,-,KICH,468,TCGA-KL-8339-01A,TCGA-KL-8339-01A,1.0,0.0,0.0,0.0,0.0
14,23517173,-,14,28030276,-,KICH,469,TCGA-KL-8339-01A,TCGA-KL-8339-01A,1.0,0.0,0.0,0.0,0.0
14,23518776,+,14,24845881,-,KICH,470,TCGA-KL-8339-01A,TCGA-KL-8339-01A,1.0,0.0,0.0,0.0,0.0
14,23566348,-,14,29021119,-,KICH,471,TCGA-KL-8339-01A,TCGA-KL-8339-01A,1.0,0.0,0.0,0.0,0.0
14,23577293,+,14,24608088,+,KICH,472,TCGA-KL-8339-01A,TCGA-KL-8339-01A,1.0,0.0,0.0,0.0,0.0
14,23632850,+,14,24802834,+,KICH,473,TCGA-KL-8339-01A,TCGA-KL-8339-01A,1.0,0.0,0.0,0.0,0.0
14,23854151,+,14,30740777,-,KICH,474,TCGA-KL-8339-01A,TCGA-KL-8339-01A,1.0,0.0,0.0,0.0,0.0
14,23854218,-,14,28276331,+,KICH,475,TCGA-KL-8339-01A,TCGA-KL-8339-01A,1.0,0.0,0.0,0.0,0.0
14,23953741,+,14,31443272,+,KICH,476,TCGA-KL-8339-01A,TCGA-KL-8339-01A,1.0,0.0,0.0,0.0,0.0
14,24129498,-,14,24758887,+,KICH,477,TCGA-KL-8339-01A,TCGA-KL-8339-01A,1.0,0.0,0.0,0.0,0.0
14,24136623,-,14,24793942,+,KICH,478,TCGA-KL-8339-01A,TCGA-KL-8339-01A,1.0,0.0,0.0,0.0,0.0
14,24142019,-,14,25794276,+,KICH,479,TCGA-KL-8339-01A,TCGA-KL-8339-01A,1.0,0.0,0.0,0.0,0.0
14,24142237,+,14,27035771,-,KICH,480,TCGA-KL-8339-01A,TCGA-KL-8339-01A,1.0,0.0,0.0,0.0,0.0
14,24142430,-,14,25401959,-,KICH,481,TCGA-KL-8339-01A,TCGA-KL-8339-01A,1.0,0.0,0.0,0.0,0.0
14,24146562,+,14,24719570,-,KICH,482,TCGA-KL-8339-01A,TCGA-KL-8339-01A,1.0,0.0,0.0,0.0,0.0
14,24188829,+,14,25160195,-,KICH,483,TCGA-KL-8339-01A,TCGA-KL-8339-01A,1.0,0.0,0.0,0.0,0.0
14,24196156,+,14,24864553,+,KICH,484,TCGA-KL-8339-01A,TCGA-KL-8339-01A,1.0,0.0,0.0,0.0,0.0
14,24333803,+,14,30774996,+,KICH,485,TCGA-KL-8339-01A,TCGA-KL-8339-01A,1.0,0.0,0.0,0.0,0.0
14,24361001,+,14,31230008,+,KICH,486,TCGA-KL-8339-01A,TCGA-KL-8339-01A,1.0,0.0,0.0,0.0,0.0
14,24401755,-,14,26214020,-,KICH,487,TCGA-KL-8339-01A,TCGA-KL-8339-01A,1.0,0.0,0.0,0.0,0.0
14,24442601,+,14,24802457,-,KICH,488,TCGA-KL-8339-01A,TCGA-KL-8339-01A,1.0,0.0,0.0,0.0,0.0
14,24442920,+,14,26568637,-,KICH,489,TCGA-KL-8339-01A,TCGA-KL-8339-01A,1.0,0.0,0.0,0.0,0.0
14,24608093,-,14,27748833,+,KICH,490,TCGA-KL-8339-01A,TCGA-KL-8339-01A,1.0,0.0,0.0,0.0,0.0
14,24700614,-,14,30793604,-,KICH,491,TCGA-KL-8339-01A,TCGA-KL-8339-01A,1.0,0.0,0.0,0.0,0.0
14,24719553,+,14,27323973,-,KICH,492,TCGA-KL-8339-01A,TCGA-KL-8339-01A,1.0,0.0,0.0,0.0,0.0
14,24739948,+,14,27051665,-,KICH,493,TCGA-KL-8339-01A,TCGA-KL-8339-01A,1.0,0.0,0.0,0.0,0.0
14,24740118,-,14,29064847,-,KICH,494,TCGA-KL-8339-01A,TCGA-KL-8339-01A,1.0,0.0,0.0,0.0,0.0
14,24756886,+,14,29279951,+,KICH,495,TCGA-KL-8339-01A,TCGA-KL-8339-01A,1.0,0.0,0.0,0.0,0.0
14,24757128,-,14,28727466,-,KICH,496,TCGA-KL-8339-01A,TCGA-KL-8339-01A,1.0,0.0,0.0,0.0,0.0
14,24803822,-,14,27549496,+,KICH,497,TCGA-KL-8339-01A,TCGA-KL-8339-01A,1.0,0.0,0.0,0.0,0.0
14,24855330,+,14,28482255,+,KICH,498,TCGA-KL-8339-01A,TCGA-KL-8339-01A,1.0,0.0,0.0,0.0,0.0
14,24855532,-,14,29064741,+,KICH,499,TCGA-KL-8339-01A,TCGA-KL-8339-01A,1.0,0.0,0.0,0.0,0.0
14,24876086,-,14,26446077,-,KICH,500,TCGA-KL-8339-01A,TCGA-KL-8339-01A,1.0,0.0,0.0,0.0,0.0
14,24876601,-,14,30622557,-,KICH,501,TCGA-KL-8339-01A,TCGA-KL-8339-01A,1.0,0.0,0.0,0.0,0.0
14,24881468,+,14,31259453,+,KICH,502,TCGA-KL-8339-01A,TCGA-KL-8339-01A,1.0,0.0,0.0,0.0,0.0
14,24926767,-,14,28919229,-,KICH,503,TCGA-KL-8339-01A,TCGA-KL-8339-01A,1.0,0.0,0.0,0.0,0.0
14,24941912,+,14,32014562,-,KICH,504,TCGA-KL-8339-01A,TCGA-KL-8339-01A,1.0,0.0,0.0,0.0,0.0
14,25001446,+,14,31935778,-,KICH,505,TCGA-KL-8339-01A,TCGA-KL-8339-01A,1.0,0.0,0.0,0.0,0.0
14,25160956,+,14,29599438,+,KICH,506,TCGA-KL-8339-01A,TCGA-KL-8339-01A,1.0,0.0,0.0,0.0,0.0
14,25161250,-,14,27472535,-,KICH,507,TCGA-KL-8339-01A,TCGA-KL-8339-01A,1.0,0.0,0.0,0.0,0.0
14,25345778,+,14,26159257,+,KICH,508,TCGA-KL-8339-01A,TCGA-KL-8339-01A,1.0,0.0,0.0,0.0,0.0
14,25345852,-,14,30801565,+,KICH,509,TCGA-KL-8339-01A,TCGA-KL-8339-01A,1.0,0.0,0.0,0.0,0.0
14,25373866,-,14,31580950,+,KICH,510,TCGA-KL-8339-01A,TCGA-KL-8339-01A,1.0,0.0,0.0,0.0,0.0
14,25401890,+,14,27512500,-,KICH,511,TCGA-KL-8339-01A,TCGA-KL-8339-01A,1.0,0.0,0.0,0.0,0.0
14,25613199,+,14,27880384,-,KICH,512,TCGA-KL-8339-01A,TCGA-KL-8339-01A,1.0,0.0,0.0,0.0,0.0
14,25625451,+,14,31378193,+,KICH,513,TCGA-KL-8339-01A,TCGA-KL-8339-01A,1.0,0.0,0.0,0.0,0.0
14,25641628,+,14,28256403,-,KICH,514,TCGA-KL-8339-01A,TCGA-KL-8339-01A,1.0,0.0,0.0,0.0,0.0
14,25674320,+,14,30740776,+,KICH,515,TCGA-KL-8339-01A,TCGA-KL-8339-01A,1.0,0.0,0.0,0.0,0.0
14,25770348,+,14,28869721,+,KICH,516,TCGA-KL-8339-01A,TCGA-KL-8339-01A,1.0,0.0,0.0,0.0,0.0
14,25770453,-,14,29020971,+,KICH,517,TCGA-KL-8339-01A,TCGA-KL-8339-01A,1.0,0.0,0.0,0.0,0.0
14,25794432,+,14,27035621,-,KICH,518,TCGA-KL-8339-01A,TCGA-KL-8339-01A,1.0,0.0,0.0,0.0,0.0
14,25806253,-,14,28206043,+,KICH,519,TCGA-KL-8339-01A,TCGA-KL-8339-01A,1.0,0.0,0.0,0.0,0.0
14,25832222,+,14,29578294,-,KICH,520,TCGA-KL-8339-01A,TCGA-KL-8339-01A,1.0,0.0,0.0,0.0,0.0
14,25874638,-,21,9651226,-,KICH,521,TCGA-KL-8339-01A,TCGA-KL-8339-01A,1.0,0.0,0.0,0.0,0.0
14,26255109,+,21,10108752,-,KICH,522,TCGA-KL-8339-01A,TCGA-KL-8339-01A,1.0,0.0,0.0,0.0,0.0
14,26256071,+,14,31096655,+,KICH,523,TCGA-KL-8339-01A,TCGA-KL-8339-01A,1.0,0.0,0.0,0.0,0.0
14,26262611,-,14,29638280,-,KICH,524,TCGA-KL-8339-01A,TCGA-KL-8339-01A,1.0,0.0,0.0,0.0,0.0
14,26455691,+,14,28682642,-,KICH,525,TCGA-KL-8339-01A,TCGA-KL-8339-01A,1.0,0.0,0.0,0.0,0.0
14,26574613,-,14,30764939,-,KICH,526,TCGA-KL-8339-01A,TCGA-KL-8339-01A,1.0,0.0,0.0,0.0,0.0
14,26596202,-,14,30229954,+,KICH,527,TCGA-KL-8339-01A,TCGA-KL-8339-01A,1.0,0.0,0.0,0.0,0.0
14,26598977,-,14,28482328,-,KICH,528,TCGA-KL-8339-01A,TCGA-KL-8339-01A,1.0,0.0,0.0,0.0,0.0
14,26799427,+,14,27065508,+,KICH,529,TCGA-KL-8339-01A,TCGA-KL-8339-01A,1.0,0.0,0.0,0.0,0.0
14,26842767,+,14,26870448,-,KICH,530,TCGA-KL-8339-01A,TCGA-KL-8339-01A,1.0,0.0,0.0,0.0,0.0
14,26871426,+,14,27154218,+,KICH,531,TCGA-KL-8339-01A,TCGA-KL-8339-01A,1.0,0.0,0.0,0.0,0.0
14,26914360,-,14,29106715,+,KICH,532,TCGA-KL-8339-01A,TCGA-KL-8339-01A,1.0,0.0,0.0,0.0,0.0
14,26929922,+,14,27504288,-,KICH,533,TCGA-KL-8339-01A,TCGA-KL-8339-01A,1.0,0.0,0.0,0.0,0.0
14,27041743,+,14,31026435,+,KICH,534,TCGA-KL-8339-01A,TCGA-KL-8339-01A,1.0,0.0,0.0,0.0,0.0
14,27065586,-,14,27324402,+,KICH,535,TCGA-KL-8339-01A,TCGA-KL-8339-01A,1.0,0.0,0.0,0.0,0.0
14,27255540,+,14,27403866,-,KICH,536,TCGA-KL-8339-01A,TCGA-KL-8339-01A,1.0,0.0,0.0,0.0,0.0
14,27263213,+,14,30458739,-,KICH,537,TCGA-KL-8339-01A,TCGA-KL-8339-01A,1.0,0.0,0.0,0.0,0.0
14,27453524,+,14,28877549,-,KICH,538,TCGA-KL-8339-01A,TCGA-KL-8339-01A,1.0,0.0,0.0,0.0,0.0
14,27504140,+,14,30105548,-,KICH,539,TCGA-KL-8339-01A,TCGA-KL-8339-01A,1.0,0.0,0.0,0.0,0.0
14,27630405,-,14,30602169,+,KICH,540,TCGA-KL-8339-01A,TCGA-KL-8339-01A,1.0,0.0,0.0,0.0,0.0
14,27748935,-,14,30583480,-,KICH,541,TCGA-KL-8339-01A,TCGA-KL-8339-01A,1.0,0.0,0.0,0.0,0.0
14,27806657,+,14,30085929,-,KICH,542,TCGA-KL-8339-01A,TCGA-KL-8339-01A,1.0,0.0,0.0,0.0,0.0
14,27895183,+,14,31057329,+,KICH,543,TCGA-KL-8339-01A,TCGA-KL-8339-01A,1.0,0.0,0.0,0.0,0.0
14,28200137,+,14,31260065,-,KICH,544,TCGA-KL-8339-01A,TCGA-KL-8339-01A,1.0,0.0,0.0,0.0,0.0
14,28276474,-,20,30216861,-,KICH,545,TCGA-KL-8339-01A,TCGA-KL-8339-01A,1.0,0.0,0.0,0.0,0.0
14,28374165,-,14,30123917,-,KICH,546,TCGA-KL-8339-01A,TCGA-KL-8339-01A,1.0,0.0,0.0,0.0,0.0
14,28728067,+,14,31144198,+,KICH,547,TCGA-KL-8339-01A,TCGA-KL-8339-01A,1.0,0.0,0.0,0.0,0.0
14,29057817,+,14,31026932,+,KICH,548,TCGA-KL-8339-01A,TCGA-KL-8339-01A,1.0,0.0,0.0,0.0,0.0
14,29279988,-,21,9739939,-,KICH,549,TCGA-KL-8339-01A,TCGA-KL-8339-01A,1.0,0.0,0.0,0.0,0.0
14,29617085,-,14,31561451,+,KICH,550,TCGA-KL-8339-01A,TCGA-KL-8339-01A,1.0,0.0,0.0,0.0,0.0
14,29769086,+,14,30329529,-,KICH,551,TCGA-KL-8339-01A,TCGA-KL-8339-01A,1.0,0.0,0.0,0.0,0.0
14,29994500,-,21,7937894,+,KICH,552,TCGA-KL-8339-01A,TCGA-KL-8339-01A,1.0,0.0,0.0,0.0,0.0
14,30082232,-,17,26781823,+,KICH,553,TCGA-KL-8339-01A,TCGA-KL-8339-01A,1.0,0.0,0.0,0.0,0.0
14,30230077,-,14,30270848,+,KICH,554,TCGA-KL-8339-01A,TCGA-KL-8339-01A,1.0,0.0,0.0,0.0,0.0
14,30259554,+,14,31658089,+,KICH,555,TCGA-KL-8339-01A,TCGA-KL-8339-01A,1.0,0.0,0.0,0.0,0.0
14,30544074,+,14,31222941,+,KICH,556,TCGA-KL-8339-01A,TCGA-KL-8339-01A,1.0,0.0,0.0,0.0,0.0
14,30777305,+,14,31092787,+,KICH,557,TCGA-KL-8339-01A,TCGA-KL-8339-01A,1.0,0.0,0.0,0.0,0.0
14,31207739,+,14,31561538,-,KICH,558,TCGA-KL-8339-01A,TCGA-KL-8339-01A,1.0,0.0,0.0,0.0,0.0
14,74187228,+,14,83607692,-,KICH,559,TCGA-KL-8339-01A,TCGA-KL-8339-01A,1.0,0.0,0.0,0.0,0.0
14,79740610,-,14,79815393,+,KICH,560,TCGA-KL-8339-01A,TCGA-KL-8339-01A,1.0,0.0,0.0,0.0,0.0
14,82314852,+,14,83677819,+,KICH,561,TCGA-KL-8339-01A,TCGA-KL-8339-01A,1.0,0.0,0.0,0.0,0.0
18,193361,-,18,242017,+,KICH,562,TCGA-KL-8339-01A,TCGA-KL-8339-01A,1.0,0.0,0.0,0.0,0.0
2,113373,-,12,109871935,-,KICH,563,TCGA-KL-8339-01A,TCGA-KL-8339-01A,1.0,0.0,0.0,0.0,0.0
2,123882782,-,2,124263046,+,KICH,564,TCGA-KL-8339-01A,TCGA-KL-8339-01A,1.0,0.0,0.0,0.0,0.0
4,4276565,-,4,4279098,-,KICH,565,TCGA-KL-8339-01A,TCGA-KL-8339-01A,1.0,0.0,0.0,0.0,0.0
4,40494508,-,4,45335258,-,KICH,566,TCGA-KL-8339-01A,TCGA-KL-8339-01A,1.0,0.0,0.0,0.0,0.0
4,40561001,+,4,41484131,-,KICH,567,TCGA-KL-8339-01A,TCGA-KL-8339-01A,1.0,0.0,0.0,0.0,0.0
4,40648438,-,4,48385972,+,KICH,568,TCGA-KL-8339-01A,TCGA-KL-8339-01A,1.0,0.0,0.0,0.0,0.0
4,40761799,+,14,32014561,+,KICH,569,TCGA-KL-8339-01A,TCGA-KL-8339-01A,1.0,0.0,0.0,0.0,0.0
4,40943423,-,14,30621911,+,KICH,570,TCGA-KL-8339-01A,TCGA-KL-8339-01A,1.0,0.0,0.0,0.0,0.0
4,40960947,+,14,21274191,+,KICH,571,TCGA-KL-8339-01A,TCGA-KL-8339-01A,1.0,0.0,0.0,0.0,0.0
4,40983926,+,4,42676757,-,KICH,572,TCGA-KL-8339-01A,TCGA-KL-8339-01A,1.0,0.0,0.0,0.0,0.0
4,40984087,-,14,27263228,-,KICH,573,TCGA-KL-8339-01A,TCGA-KL-8339-01A,1.0,0.0,0.0,0.0,0.0
4,41050724,+,14,25001476,-,KICH,574,TCGA-KL-8339-01A,TCGA-KL-8339-01A,1.0,0.0,0.0,0.0,0.0
4,41123154,-,14,22945871,-,KICH,575,TCGA-KL-8339-01A,TCGA-KL-8339-01A,1.0,0.0,0.0,0.0,0.0
4,41234030,+,4,41323732,-,KICH,576,TCGA-KL-8339-01A,TCGA-KL-8339-01A,1.0,0.0,0.0,0.0,0.0
4,41238629,-,4,41423614,+,KICH,577,TCGA-KL-8339-01A,TCGA-KL-8339-01A,1.0,0.0,0.0,0.0,0.0
4,41281187,+,14,26159252,-,KICH,578,TCGA-KL-8339-01A,TCGA-KL-8339-01A,1.0,0.0,0.0,0.0,0.0
4,41281219,-,14,21371607,-,KICH,579,TCGA-KL-8339-01A,TCGA-KL-8339-01A,1.0,0.0,0.0,0.0,0.0
4,41314318,+,4,43913365,+,KICH,580,TCGA-KL-8339-01A,TCGA-KL-8339-01A,1.0,0.0,0.0,0.0,0.0
4,41329816,+,4,43619445,-,KICH,581,TCGA-KL-8339-01A,TCGA-KL-8339-01A,1.0,0.0,0.0,0.0,0.0
4,41329901,-,14,31068794,+,KICH,582,TCGA-KL-8339-01A,TCGA-KL-8339-01A,1.0,0.0,0.0,0.0,0.0
4,41342295,-,14,24203164,+,KICH,583,TCGA-KL-8339-01A,TCGA-KL-8339-01A,1.0,0.0,0.0,0.0,0.0
4,41358826,+,14,27510418,+,KICH,584,TCGA-KL-8339-01A,TCGA-KL-8339-01A,1.0,0.0,0.0,0.0,0.0
4,41358872,-,4,45388501,+,KICH,585,TCGA-KL-8339-01A,TCGA-KL-8339-01A,1.0,0.0,0.0,0.0,0.0
4,41360815,+,4,48442155,+,KICH,586,TCGA-KL-8339-01A,TCGA-KL-8339-01A,1.0,0.0,0.0,0.0,0.0
4,41361214,-,14,30081469,+,KICH,587,TCGA-KL-8339-01A,TCGA-KL-8339-01A,1.0,0.0,0.0,0.0,0.0
4,41362776,+,14,25974160,+,KICH,588,TCGA-KL-8339-01A,TCGA-KL-8339-01A,1.0,0.0,0.0,0.0,0.0
4,41405688,-,14,31207923,-,KICH,589,TCGA-KL-8339-01A,TCGA-KL-8339-01A,1.0,0.0,0.0,0.0,0.0
4,41411050,+,14,20614992,+,KICH,590,TCGA-KL-8339-01A,TCGA-KL-8339-01A,1.0,0.0,0.0,0.0,0.0
4,41411068,-,14,21817500,+,KICH,591,TCGA-KL-8339-01A,TCGA-KL-8339-01A,1.0,0.0,0.0,0.0,0.0
4,41415719,+,14,21243047,-,KICH,592,TCGA-KL-8339-01A,TCGA-KL-8339-01A,1.0,0.0,0.0,0.0,0.0
4,41423257,-,14,27403794,+,KICH,593,TCGA-KL-8339-01A,TCGA-KL-8339-01A,1.0,0.0,0.0,0.0,0.0
4,41430174,-,14,23802935,-,KICH,594,TCGA-KL-8339-01A,TCGA-KL-8339-01A,1.0,0.0,0.0,0.0,0.0
4,41484139,+,4,42960856,+,KICH,595,TCGA-KL-8339-01A,TCGA-KL-8339-01A,1.0,0.0,0.0,0.0,0.0
4,41496238,+,4,43215133,-,KICH,596,TCGA-KL-8339-01A,TCGA-KL-8339-01A,1.0,0.0,0.0,0.0,0.0
4,41496354,-,14,22708065,+,KICH,597,TCGA-KL-8339-01A,TCGA-KL-8339-01A,1.0,0.0,0.0,0.0,0.0
4,41503858,+,14,29342295,-,KICH,598,TCGA-KL-8339-01A,TCGA-KL-8339-01A,1.0,0.0,0.0,0.0,0.0
4,41504069,-,14,27199309,+,KICH,599,TCGA-KL-8339-01A,TCGA-KL-8339-01A,1.0,0.0,0.0,0.0,0.0
4,41525615,+,14,24876604,+,KICH,600,TCGA-KL-8339-01A,TCGA-KL-8339-01A,1.0,0.0,0.0,0.0,0.0
4,41525636,-,14,24196263,-,KICH,601,TCGA-KL-8339-01A,TCGA-KL-8339-01A,1.0,0.0,0.0,0.0,0.0
4,41644133,-,14,19841591,+,KICH,602,TCGA-KL-8339-01A,TCGA-KL-8339-01A,1.0,0.0,0.0,0.0,0.0
4,41644171,+,14,25373481,+,KICH,603,TCGA-KL-8339-01A,TCGA-KL-8339-01A,1.0,0.0,0.0,0.0,0.0
4,41697831,+,14,21246795,+,KICH,604,TCGA-KL-8339-01A,TCGA-KL-8339-01A,1.0,0.0,0.0,0.0,0.0
4,41726503,+,14,20299441,-,KICH,605,TCGA-KL-8339-01A,TCGA-KL-8339-01A,1.0,0.0,0.0,0.0,0.0
4,42846744,+,14,25286612,+,KICH,606,TCGA-KL-8339-01A,TCGA-KL-8339-01A,1.0,0.0,0.0,0.0,0.0
4,42846854,-,14,23365119,-,KICH,607,TCGA-KL-8339-01A,TCGA-KL-8339-01A,1.0,0.0,0.0,0.0,0.0
4,42996973,+,14,29994387,+,KICH,608,TCGA-KL-8339-01A,TCGA-KL-8339-01A,1.0,0.0,0.0,0.0,0.0
4,42996995,-,14,24270909,+,KICH,609,TCGA-KL-8339-01A,TCGA-KL-8339-01A,1.0,0.0,0.0,0.0,0.0
4,43211950,+,14,29927376,+,KICH,610,TCGA-KL-8339-01A,TCGA-KL-8339-01A,1.0,0.0,0.0,0.0,0.0
4,43212024,-,4,44020943,-,KICH,611,TCGA-KL-8339-01A,TCGA-KL-8339-01A,1.0,0.0,0.0,0.0,0.0
4,43215100,+,14,24188821,-,KICH,612,TCGA-KL-8339-01A,TCGA-KL-8339-01A,1.0,0.0,0.0,0.0,0.0
4,43438918,+,14,25674650,-,KICH,613,TCGA-KL-8339-01A,TCGA-KL-8339-01A,1.0,0.0,0.0,0.0,0.0
4,43590094,-,14,27512444,+,KICH,614,TCGA-KL-8339-01A,TCGA-KL-8339-01A,1.0,0.0,0.0,0.0,0.0
4,43619336,+,14,30230715,+,KICH,615,TCGA-KL-8339-01A,TCGA-KL-8339-01A,1.0,0.0,0.0,0.0,0.0
4,43752725,-,14,26366367,+,KICH,616,TCGA-KL-8339-01A,TCGA-KL-8339-01A,1.0,0.0,0.0,0.0,0.0
4,43756281,+,14,25833871,+,KICH,617,TCGA-KL-8339-01A,TCGA-KL-8339-01A,1.0,0.0,0.0,0.0,0.0
4,43756591,-,14,21392362,+,KICH,618,TCGA-KL-8339-01A,TCGA-KL-8339-01A,1.0,0.0,0.0,0.0,0.0
4,43758729,+,14,24141906,+,KICH,619,TCGA-KL-8339-01A,TCGA-KL-8339-01A,1.0,0.0,0.0,0.0,0.0
4,43769977,-,14,31658561,-,KICH,620,TCGA-KL-8339-01A,TCGA-KL-8339-01A,1.0,0.0,0.0,0.0,0.0
4,43770870,-,14,26598887,+,KICH,621,TCGA-KL-8339-01A,TCGA-KL-8339-01A,1.0,0.0,0.0,0.0,0.0
4,43773906,+,14,21360971,-,KICH,622,TCGA-KL-8339-01A,TCGA-KL-8339-01A,1.0,0.0,0.0,0.0,0.0
4,43774099,-,14,20360108,+,KICH,623,TCGA-KL-8339-01A,TCGA-KL-8339-01A,1.0,0.0,0.0,0.0,0.0
4,43779033,+,14,31181042,+,KICH,624,TCGA-KL-8339-01A,TCGA-KL-8339-01A,1.0,0.0,0.0,0.0,0.0
4,43779247,-,14,21372511,+,KICH,625,TCGA-KL-8339-01A,TCGA-KL-8339-01A,1.0,0.0,0.0,0.0,0.0
4,43829868,-,14,24430969,-,KICH,626,TCGA-KL-8339-01A,TCGA-KL-8339-01A,1.0,0.0,0.0,0.0,0.0
4,43830042,+,14,23358664,+,KICH,627,TCGA-KL-8339-01A,TCGA-KL-8339-01A,1.0,0.0,0.0,0.0,0.0
4,43830711,-,14,25521481,-,KICH,628,TCGA-KL-8339-01A,TCGA-KL-8339-01A,1.0,0.0,0.0,0.0,0.0
4,43847903,+,14,31837249,-,KICH,629,TCGA-KL-8339-01A,TCGA-KL-8339-01A,1.0,0.0,0.0,0.0,0.0
4,43847992,-,14,26870281,+,KICH,630,TCGA-KL-8339-01A,TCGA-KL-8339-01A,1.0,0.0,0.0,0.0,0.0
4,43926925,-,4,43936253,+,KICH,631,TCGA-KL-8339-01A,TCGA-KL-8339-01A,1.0,0.0,0.0,0.0,0.0
4,43927838,+,14,19980422,+,KICH,632,TCGA-KL-8339-01A,TCGA-KL-8339-01A,1.0,0.0,0.0,0.0,0.0
4,43942358,-,14,24810299,-,KICH,633,TCGA-KL-8339-01A,TCGA-KL-8339-01A,1.0,0.0,0.0,0.0,0.0
4,44014110,+,4,45396323,-,KICH,634,TCGA-KL-8339-01A,TCGA-KL-8339-01A,1.0,0.0,0.0,0.0,0.0
4,44021464,+,14,21262158,-,KICH,635,TCGA-KL-8339-01A,TCGA-KL-8339-01A,1.0,0.0,0.0,0.0,0.0
4,44021587,-,14,24203192,-,KICH,636,TCGA-KL-8339-01A,TCGA-KL-8339-01A,1.0,0.0,0.0,0.0,0.0
4,44064297,-,14,26867030,-,KICH,637,TCGA-KL-8339-01A,TCGA-KL-8339-01A,1.0,0.0,0.0,0.0,0.0
4,44095854,+,14,30393681,+,KICH,638,TCGA-KL-8339-01A,TCGA-KL-8339-01A,1.0,0.0,0.0,0.0,0.0
4,44095857,-,14,27497116,-,KICH,639,TCGA-KL-8339-01A,TCGA-KL-8339-01A,1.0,0.0,0.0,0.0,0.0
4,44118457,+,14,24806323,+,KICH,640,TCGA-KL-8339-01A,TCGA-KL-8339-01A,1.0,0.0,0.0,0.0,0.0
4,44118483,-,14,25240945,+,KICH,641,TCGA-KL-8339-01A,TCGA-KL-8339-01A,1.0,0.0,0.0,0.0,0.0
4,44209314,-,14,20405449,-,KICH,642,TCGA-KL-8339-01A,TCGA-KL-8339-01A,1.0,0.0,0.0,0.0,0.0
4,44255172,+,14,30622471,+,KICH,643,TCGA-KL-8339-01A,TCGA-KL-8339-01A,1.0,0.0,0.0,0.0,0.0
4,44255220,-,14,24361068,-,KICH,644,TCGA-KL-8339-01A,TCGA-KL-8339-01A,1.0,0.0,0.0,0.0,0.0
4,44425648,+,14,30558787,+,KICH,645,TCGA-KL-8339-01A,TCGA-KL-8339-01A,1.0,0.0,0.0,0.0,0.0
4,44678952,-,4,48386609,-,KICH,646,TCGA-KL-8339-01A,TCGA-KL-8339-01A,1.0,0.0,0.0,0.0,0.0
4,44730387,+,14,25832285,-,KICH,647,TCGA-KL-8339-01A,TCGA-KL-8339-01A,1.0,0.0,0.0,0.0,0.0
4,45342942,-,14,20458713,-,KICH,648,TCGA-KL-8339-01A,TCGA-KL-8339-01A,1.0,0.0,0.0,0.0,0.0
4,45342999,+,14,24094229,+,KICH,649,TCGA-KL-8339-01A,TCGA-KL-8339-01A,1.0,0.0,0.0,0.0,0.0
4,45356007,+,14,29339648,+,KICH,650,TCGA-KL-8339-01A,TCGA-KL-8339-01A,1.0,0.0,0.0,0.0,0.0
4,45356310,-,14,22282082,-,KICH,651,TCGA-KL-8339-01A,TCGA-KL-8339-01A,1.0,0.0,0.0,0.0,0.0
4,45387886,+,14,26598348,-,KICH,652,TCGA-KL-8339-01A,TCGA-KL-8339-01A,1.0,0.0,0.0,0.0,0.0
4,45388384,-,14,24371646,+,KICH,653,TCGA-KL-8339-01A,TCGA-KL-8339-01A,1.0,0.0,0.0,0.0,0.0
4,45388769,-,14,30082166,+,KICH,654,TCGA-KL-8339-01A,TCGA-KL-8339-01A,1.0,0.0,0.0,0.0,0.0
4,45389715,+,14,23261176,+,KICH,655,TCGA-KL-8339-01A,TCGA-KL-8339-01A,1.0,0.0,0.0,0.0,0.0
4,45447727,+,14,28933634,+,KICH,656,TCGA-KL-8339-01A,TCGA-KL-8339-01A,1.0,0.0,0.0,0.0,0.0
4,45447738,-,4,48445715,-,KICH,657,TCGA-KL-8339-01A,TCGA-KL-8339-01A,1.0,0.0,0.0,0.0,0.0
4,45481191,+,14,23405880,+,KICH,658,TCGA-KL-8339-01A,TCGA-KL-8339-01A,1.0,0.0,0.0,0.0,0.0
4,48361395,-,14,30634938,-,KICH,659,TCGA-KL-8339-01A,TCGA-KL-8339-01A,1.0,0.0,0.0,0.0,0.0
4,48433528,+,14,24266022,-,KICH,660,TCGA-KL-8339-01A,TCGA-KL-8339-01A,1.0,0.0,0.0,0.0,0.0
4,48433874,-,14,20407185,-,KICH,661,TCGA-KL-8339-01A,TCGA-KL-8339-01A,1.0,0.0,0.0,0.0,0.0
4,48435862,+,14,19972980,+,KICH,662,TCGA-KL-8339-01A,TCGA-KL-8339-01A,1.0,0.0,0.0,0.0,0.0
4,48435866,-,14,26857216,-,KICH,663,TCGA-KL-8339-01A,TCGA-KL-8339-01A,1.0,0.0,0.0,0.0,0.0
4,48436113,-,14,31378289,-,KICH,664,TCGA-KL-8339-01A,TCGA-KL-8339-01A,1.0,0.0,0.0,0.0,0.0
4,48436312,+,14,26857027,+,KICH,665,TCGA-KL-8339-01A,TCGA-KL-8339-01A,1.0,0.0,0.0,0.0,0.0
4,48438961,+,14,20348144,+,KICH,666,TCGA-KL-8339-01A,TCGA-KL-8339-01A,1.0,0.0,0.0,0.0,0.0
4,48439301,-,14,24146826,-,KICH,667,TCGA-KL-8339-01A,TCGA-KL-8339-01A,1.0,0.0,0.0,0.0,0.0
4,48447549,+,14,24809355,+,KICH,668,TCGA-KL-8339-01A,TCGA-KL-8339-01A,1.0,0.0,0.0,0.0,0.0
4,61710545,+,4,61728746,-,KICH,669,TCGA-KL-8339-01A,TCGA-KL-8339-01A,1.0,0.0,0.0,0.0,0.0
4,65352589,+,4,65558189,-,KICH,670,TCGA-KL-8339-01A,TCGA-KL-8339-01A,1.0,0.0,0.0,0.0,0.0
7,39027032,-,9,72489776,-,KICH,671,TCGA-KL-8339-01A,TCGA-KL-8339-01A,1.0,0.0,0.0,0.0,0.0
7,39027145,+,14,32047262,+,KICH,672,TCGA-KL-8339-01A,TCGA-KL-8339-01A,1.0,0.0,0.0,0.0,0.0
7,147486890,-,8,119490023,-,KICH,673,TCGA-KL-8339-01A,TCGA-KL-8339-01A,1.0,0.0,0.0,0.0,0.0
8,58414631,-,8,60293625,+,KICH,674,TCGA-KL-8339-01A,TCGA-KL-8339-01A,1.0,0.0,0.0,0.0,0.0
9,72489973,+,14,32042199,+,KICH,675,TCGA-KL-8339-01A,TCGA-KL-8339-01A,1.0,0.0,0.0,0.0,0.0
11,54368803,-,11,54396423,+,KICH,676,TCGA-KL-8340-01A,TCGA-KL-8340-01A,1.0,0.0,0.0,0.0,0.0
3,90996274,+,3,91257753,+,KICH,677,TCGA-KL-8340-01A,TCGA-KL-8340-01A,1.0,0.0,0.0,0.0,0.0
4,115648175,+,4,115755447,-,KICH,678,TCGA-KL-8340-01A,TCGA-KL-8340-01A,1.0,0.0,0.0,0.0,0.0
1,29418840,+,5,95738902,+,KICH,679,TCGA-KL-8341-01A,TCGA-KL-8341-01A,1.0,0.0,0.0,0.0,0.0
1,46858886,+,1,48444168,-,KICH,680,TCGA-KL-8341-01A,TCGA-KL-8341-01A,1.0,0.0,0.0,0.0,0.0
11,54344627,+,11,54406733,-,KICH,681,TCGA-KL-8341-01A,TCGA-KL-8341-01A,1.0,0.0,0.0,0.0,0.0
11,54364963,-,11,54407118,+,KICH,682,TCGA-KL-8341-01A,TCGA-KL-8341-01A,1.0,0.0,0.0,0.0,0.0
12,1660305,+,15,45251292,-,KICH,683,TCGA-KL-8341-01A,TCGA-KL-8341-01A,1.0,0.0,0.0,0.0,0.0
12,3075421,-,12,3361350,+,KICH,684,TCGA-KL-8341-01A,TCGA-KL-8341-01A,1.0,0.0,0.0,0.0,0.0
12,3360726,-,12,3367123,+,KICH,685,TCGA-KL-8341-01A,TCGA-KL-8341-01A,1.0,0.0,0.0,0.0,0.0
12,5100716,+,15,51632457,-,KICH,686,TCGA-KL-8341-01A,TCGA-KL-8341-01A,1.0,0.0,0.0,0.0,0.0
12,63997786,-,12,64135940,+,KICH,687,TCGA-KL-8341-01A,TCGA-KL-8341-01A,1.0,0.0,0.0,0.0,0.0
14,68794819,-,16,53010788,-,KICH,688,TCGA-KL-8341-01A,TCGA-KL-8341-01A,1.0,0.0,0.0,0.0,0.0
14,106421605,-,14,106639035,+,KICH,689,TCGA-KL-8341-01A,TCGA-KL-8341-01A,1.0,0.0,0.0,0.0,0.0
15,28814345,+,15,30050061,+,KICH,690,TCGA-KL-8341-01A,TCGA-KL-8341-01A,1.0,0.0,0.0,0.0,0.0
15,39887222,-,15,43120696,+,KICH,691,TCGA-KL-8341-01A,TCGA-KL-8341-01A,1.0,0.0,0.0,0.0,0.0
15,43117537,+,15,50149889,-,KICH,692,TCGA-KL-8341-01A,TCGA-KL-8341-01A,1.0,0.0,0.0,0.0,0.0
15,43118682,+,15,43119002,-,KICH,693,TCGA-KL-8341-01A,TCGA-KL-8341-01A,1.0,0.0,0.0,0.0,0.0
15,43205069,+,15,46474611,-,KICH,694,TCGA-KL-8341-01A,TCGA-KL-8341-01A,1.0,0.0,0.0,0.0,0.0
15,45472222,-,15,67861442,+,KICH,695,TCGA-KL-8341-01A,TCGA-KL-8341-01A,1.0,0.0,0.0,0.0,0.0
15,45472874,+,15,47406328,+,KICH,696,TCGA-KL-8341-01A,TCGA-KL-8341-01A,1.0,0.0,0.0,0.0,0.0
15,45525972,+,15,45828886,+,KICH,697,TCGA-KL-8341-01A,TCGA-KL-8341-01A,1.0,0.0,0.0,0.0,0.0
15,45757538,-,15,46525679,+,KICH,698,TCGA-KL-8341-01A,TCGA-KL-8341-01A,1.0,0.0,0.0,0.0,0.0
15,47405525,-,15,52575154,-,KICH,699,TCGA-KL-8341-01A,TCGA-KL-8341-01A,1.0,0.0,0.0,0.0,0.0
15,47412639,-,15,52331556,+,KICH,700,TCGA-KL-8341-01A,TCGA-KL-8341-01A,1.0,0.0,0.0,0.0,0.0
15,47420972,+,15,53439562,-,KICH,701,TCGA-KL-8341-01A,TCGA-KL-8341-01A,1.0,0.0,0.0,0.0,0.0
15,47980198,+,15,52983494,+,KICH,702,TCGA-KL-8341-01A,TCGA-KL-8341-01A,1.0,0.0,0.0,0.0,0.0
15,48419370,-,15,49627867,+,KICH,703,TCGA-KL-8341-01A,TCGA-KL-8341-01A,1.0,0.0,0.0,0.0,0.0
15,48898114,-,15,49051939,-,KICH,704,TCGA-KL-8341-01A,TCGA-KL-8341-01A,1.0,0.0,0.0,0.0,0.0
15,49051851,+,15,56341897,-,KICH,705,TCGA-KL-8341-01A,TCGA-KL-8341-01A,1.0,0.0,0.0,0.0,0.0
15,49061700,+,15,64485539,-,KICH,706,TCGA-KL-8341-01A,TCGA-KL-8341-01A,1.0,0.0,0.0,0.0,0.0
15,49150783,-,15,52732190,-,KICH,707,TCGA-KL-8341-01A,TCGA-KL-8341-01A,1.0,0.0,0.0,0.0,0.0
15,50271871,+,15,52759238,-,KICH,708,TCGA-KL-8341-01A,TCGA-KL-8341-01A,1.0,0.0,0.0,0.0,0.0
15,50369774,+,15,56857316,+,KICH,709,TCGA-KL-8341-01A,TCGA-KL-8341-01A,1.0,0.0,0.0,0.0,0.0
15,50968044,-,15,64347723,-,KICH,710,TCGA-KL-8341-01A,TCGA-KL-8341-01A,1.0,0.0,0.0,0.0,0.0
15,51009580,-,15,56112046,-,KICH,711,TCGA-KL-8341-01A,TCGA-KL-8341-01A,1.0,0.0,0.0,0.0,0.0
15,51116795,+,15,54922723,+,KICH,712,TCGA-KL-8341-01A,TCGA-KL-8341-01A,1.0,0.0,0.0,0.0,0.0
15,51221777,-,15,65696447,+,KICH,713,TCGA-KL-8341-01A,TCGA-KL-8341-01A,1.0,0.0,0.0,0.0,0.0
15,51527331,+,15,57999173,-,KICH,714,TCGA-KL-8341-01A,TCGA-KL-8341-01A,1.0,0.0,0.0,0.0,0.0
15,51785554,+,15,62622964,-,KICH,715,TCGA-KL-8341-01A,TCGA-KL-8341-01A,1.0,0.0,0.0,0.0,0.0
15,52324962,-,15,52339788,+,KICH,716,TCGA-KL-8341-01A,TCGA-KL-8341-01A,1.0,0.0,0.0,0.0,0.0
15,52336551,-,15,52576334,+,KICH,717,TCGA-KL-8341-01A,TCGA-KL-8341-01A,1.0,0.0,0.0,0.0,0.0
15,53233595,-,19,23525752,-,KICH,718,TCGA-KL-8341-01A,TCGA-KL-8341-01A,1.0,0.0,0.0,0.0,0.0
15,53595869,-,15,56108657,-,KICH,719,TCGA-KL-8341-01A,TCGA-KL-8341-01A,1.0,0.0,0.0,0.0,0.0
15,53648244,+,24,6193545,-,KICH,720,TCGA-KL-8341-01A,TCGA-KL-8341-01A,1.0,0.0,0.0,0.0,0.0
15,53913024,+,15,55638112,+,KICH,721,TCGA-KL-8341-01A,TCGA-KL-8341-01A,1.0,0.0,0.0,0.0,0.0
15,54841514,-,15,58111950,+,KICH,722,TCGA-KL-8341-01A,TCGA-KL-8341-01A,1.0,0.0,0.0,0.0,0.0
15,55727048,+,15,57148268,-,KICH,723,TCGA-KL-8341-01A,TCGA-KL-8341-01A,1.0,0.0,0.0,0.0,0.0
15,56333683,-,15,56828877,-,KICH,724,TCGA-KL-8341-01A,TCGA-KL-8341-01A,1.0,0.0,0.0,0.0,0.0
15,56335510,-,15,65946794,+,KICH,725,TCGA-KL-8341-01A,TCGA-KL-8341-01A,1.0,0.0,0.0,0.0,0.0
15,56341374,+,15,64499728,+,KICH,726,TCGA-KL-8341-01A,TCGA-KL-8341-01A,1.0,0.0,0.0,0.0,0.0
15,57020391,-,15,66240506,-,KICH,727,TCGA-KL-8341-01A,TCGA-KL-8341-01A,1.0,0.0,0.0,0.0,0.0
15,57021031,+,15,65523764,-,KICH,728,TCGA-KL-8341-01A,TCGA-KL-8341-01A,1.0,0.0,0.0,0.0,0.0
15,59344452,-,15,65028032,+,KICH,729,TCGA-KL-8341-01A,TCGA-KL-8341-01A,1.0,0.0,0.0,0.0,0.0
15,59789755,-,15,60519588,+,KICH,730,TCGA-KL-8341-01A,TCGA-KL-8341-01A,1.0,0.0,0.0,0.0,0.0
15,59790478,+,15,62828906,-,KICH,731,TCGA-KL-8341-01A,TCGA-KL-8341-01A,1.0,0.0,0.0,0.0,0.0
15,60470152,+,15,62829383,+,KICH,732,TCGA-KL-8341-01A,TCGA-KL-8341-01A,1.0,0.0,0.0,0.0,0.0
15,60482143,-,15,63843107,-,KICH,733,TCGA-KL-8341-01A,TCGA-KL-8341-01A,1.0,0.0,0.0,0.0,0.0
15,60507836,-,15,61767796,+,KICH,734,TCGA-KL-8341-01A,TCGA-KL-8341-01A,1.0,0.0,0.0,0.0,0.0
15,60548722,+,15,63790532,+,KICH,735,TCGA-KL-8341-01A,TCGA-KL-8341-01A,1.0,0.0,0.0,0.0,0.0
15,60548817,+,16,577412,+,KICH,736,TCGA-KL-8341-01A,TCGA-KL-8341-01A,1.0,0.0,0.0,0.0,0.0
15,60678116,-,15,66189369,+,KICH,737,TCGA-KL-8341-01A,TCGA-KL-8341-01A,1.0,0.0,0.0,0.0,0.0
15,61436213,-,15,61750451,-,KICH,738,TCGA-KL-8341-01A,TCGA-KL-8341-01A,1.0,0.0,0.0,0.0,0.0
15,61734670,+,15,63426204,-,KICH,739,TCGA-KL-8341-01A,TCGA-KL-8341-01A,1.0,0.0,0.0,0.0,0.0
15,61937389,-,15,64139093,+,KICH,740,TCGA-KL-8341-01A,TCGA-KL-8341-01A,1.0,0.0,0.0,0.0,0.0
15,61969406,+,15,64356684,+,KICH,741,TCGA-KL-8341-01A,TCGA-KL-8341-01A,1.0,0.0,0.0,0.0,0.0
15,61996169,-,15,65003182,+,KICH,742,TCGA-KL-8341-01A,TCGA-KL-8341-01A,1.0,0.0,0.0,0.0,0.0
15,62097779,-,15,65398058,+,KICH,743,TCGA-KL-8341-01A,TCGA-KL-8341-01A,1.0,0.0,0.0,0.0,0.0
15,62790263,+,15,63454582,+,KICH,744,TCGA-KL-8341-01A,TCGA-KL-8341-01A,1.0,0.0,0.0,0.0,0.0
15,63338640,+,15,64998837,+,KICH,745,TCGA-KL-8341-01A,TCGA-KL-8341-01A,1.0,0.0,0.0,0.0,0.0
15,64477235,+,15,65946780,-,KICH,746,TCGA-KL-8341-01A,TCGA-KL-8341-01A,1.0,0.0,0.0,0.0,0.0
15,66132895,+,15,66174048,-,KICH,747,TCGA-KL-8341-01A,TCGA-KL-8341-01A,1.0,0.0,0.0,0.0,0.0
15,71287880,+,15,90065644,-,KICH,748,TCGA-KL-8341-01A,TCGA-KL-8341-01A,1.0,0.0,0.0,0.0,0.0
15,94987291,+,15,98008500,+,KICH,749,TCGA-KL-8341-01A,TCGA-KL-8341-01A,1.0,0.0,0.0,0.0,0.0
15,95071071,-,15,98074152,-,KICH,750,TCGA-KL-8341-01A,TCGA-KL-8341-01A,1.0,0.0,0.0,0.0,0.0
2,94538599,-,9,64964718,-,KICH,751,TCGA-KL-8341-01A,TCGA-KL-8341-01A,1.0,0.0,0.0,0.0,0.0
2,128943166,-,3,124431598,-,KICH,752,TCGA-KL-8341-01A,TCGA-KL-8341-01A,1.0,0.0,0.0,0.0,0.0
2,128943480,+,3,124431587,+,KICH,753,TCGA-KL-8341-01A,TCGA-KL-8341-01A,1.0,0.0,0.0,0.0,0.0
2,128943638,+,3,124980336,+,KICH,754,TCGA-KL-8341-01A,TCGA-KL-8341-01A,1.0,0.0,0.0,0.0,0.0
20,29859433,+,22,11373259,-,KICH,755,TCGA-KL-8341-01A,TCGA-KL-8341-01A,1.0,0.0,0.0,0.0,0.0
3,26799370,+,15,65828239,+,KICH,756,TCGA-KL-8341-01A,TCGA-KL-8341-01A,1.0,0.0,0.0,0.0,0.0
3,27125812,-,15,56464557,+,KICH,757,TCGA-KL-8341-01A,TCGA-KL-8341-01A,1.0,0.0,0.0,0.0,0.0
3,27184282,+,3,29477216,-,KICH,758,TCGA-KL-8341-01A,TCGA-KL-8341-01A,1.0,0.0,0.0,0.0,0.0
3,27184300,-,3,30257624,-,KICH,759,TCGA-KL-8341-01A,TCGA-KL-8341-01A,1.0,0.0,0.0,0.0,0.0
3,27210962,-,8,108523850,+,KICH,760,TCGA-KL-8341-01A,TCGA-KL-8341-01A,1.0,0.0,0.0,0.0,0.0
3,27253441,-,5,24193846,+,KICH,761,TCGA-KL-8341-01A,TCGA-KL-8341-01A,1.0,0.0,0.0,0.0,0.0
3,27285153,+,8,100380146,+,KICH,762,TCGA-KL-8341-01A,TCGA-KL-8341-01A,1.0,0.0,0.0,0.0,0.0
3,27285153,+,8,101887369,-,KICH,763,TCGA-KL-8341-01A,TCGA-KL-8341-01A,1.0,0.0,0.0,0.0,0.0
3,27506252,-,8,110480724,+,KICH,764,TCGA-KL-8341-01A,TCGA-KL-8341-01A,1.0,0.0,0.0,0.0,0.0
3,27506369,+,8,102141633,+,KICH,765,TCGA-KL-8341-01A,TCGA-KL-8341-01A,1.0,0.0,0.0,0.0,0.0
3,27536845,-,8,101945039,-,KICH,766,TCGA-KL-8341-01A,TCGA-KL-8341-01A,1.0,0.0,0.0,0.0,0.0
3,27753028,+,15,64504396,+,KICH,767,TCGA-KL-8341-01A,TCGA-KL-8341-01A,1.0,0.0,0.0,0.0,0.0
3,27847024,-,5,8436665,-,KICH,768,TCGA-KL-8341-01A,TCGA-KL-8341-01A,1.0,0.0,0.0,0.0,0.0
3,27847233,+,5,16128511,-,KICH,769,TCGA-KL-8341-01A,TCGA-KL-8341-01A,1.0,0.0,0.0,0.0,0.0
3,27847253,+,5,8436737,-,KICH,770,TCGA-KL-8341-01A,TCGA-KL-8341-01A,1.0,0.0,0.0,0.0,0.0
3,27964294,+,15,53535083,-,KICH,771,TCGA-KL-8341-01A,TCGA-KL-8341-01A,1.0,0.0,0.0,0.0,0.0
3,28164947,-,3,36888995,-,KICH,772,TCGA-KL-8341-01A,TCGA-KL-8341-01A,1.0,0.0,0.0,0.0,0.0
3,28333945,+,3,30970797,-,KICH,773,TCGA-KL-8341-01A,TCGA-KL-8341-01A,1.0,0.0,0.0,0.0,0.0
3,28399434,-,15,65079318,-,KICH,774,TCGA-KL-8341-01A,TCGA-KL-8341-01A,1.0,0.0,0.0,0.0,0.0
3,28491371,-,3,36892032,+,KICH,775,TCGA-KL-8341-01A,TCGA-KL-8341-01A,1.0,0.0,0.0,0.0,0.0
3,28491743,+,3,36833007,+,KICH,776,TCGA-KL-8341-01A,TCGA-KL-8341-01A,1.0,0.0,0.0,0.0,0.0
3,28584442,-,3,29953073,+,KICH,777,TCGA-KL-8341-01A,TCGA-KL-8341-01A,1.0,0.0,0.0,0.0,0.0
3,28711675,-,3,29142285,-,KICH,778,TCGA-KL-8341-01A,TCGA-KL-8341-01A,1.0,0.0,0.0,0.0,0.0
3,28736218,+,15,51132989,+,KICH,779,TCGA-KL-8341-01A,TCGA-KL-8341-01A,1.0,0.0,0.0,0.0,0.0
3,29141148,-,5,1293089,+,KICH,780,TCGA-KL-8341-01A,TCGA-KL-8341-01A,1.0,0.0,0.0,0.0,0.0
3,29144378,+,3,31900979,+,KICH,781,TCGA-KL-8341-01A,TCGA-KL-8341-01A,1.0,0.0,0.0,0.0,0.0
3,29438973,-,3,34181382,+,KICH,782,TCGA-KL-8341-01A,TCGA-KL-8341-01A,1.0,0.0,0.0,0.0,0.0
3,29459716,-,15,56301503,+,KICH,783,TCGA-KL-8341-01A,TCGA-KL-8341-01A,1.0,0.0,0.0,0.0,0.0
3,29534196,-,15,56335596,+,KICH,784,TCGA-KL-8341-01A,TCGA-KL-8341-01A,1.0,0.0,0.0,0.0,0.0
3,29567315,+,3,34750185,+,KICH,785,TCGA-KL-8341-01A,TCGA-KL-8341-01A,1.0,0.0,0.0,0.0,0.0
3,29577828,+,5,31444350,-,KICH,786,TCGA-KL-8341-01A,TCGA-KL-8341-01A,1.0,0.0,0.0,0.0,0.0
3,29596707,-,3,31178593,-,KICH,787,TCGA-KL-8341-01A,TCGA-KL-8341-01A,1.0,0.0,0.0,0.0,0.0
3,30079674,-,3,32095714,+,KICH,788,TCGA-KL-8341-01A,TCGA-KL-8341-01A,1.0,0.0,0.0,0.0,0.0
3,30082567,+,3,32321859,+,KICH,789,TCGA-KL-8341-01A,TCGA-KL-8341-01A,1.0,0.0,0.0,0.0,0.0
3,30527754,-,8,110866214,+,KICH,790,TCGA-KL-8341-01A,TCGA-KL-8341-01A,1.0,0.0,0.0,0.0,0.0
3,30657662,+,3,32193845,+,KICH,791,TCGA-KL-8341-01A,TCGA-KL-8341-01A,1.0,0.0,0.0,0.0,0.0
3,30679021,-,3,34251862,+,KICH,792,TCGA-KL-8341-01A,TCGA-KL-8341-01A,1.0,0.0,0.0,0.0,0.0
3,30748318,+,15,56474460,-,KICH,793,TCGA-KL-8341-01A,TCGA-KL-8341-01A,1.0,0.0,0.0,0.0,0.0
3,30748428,+,8,101535642,-,KICH,794,TCGA-KL-8341-01A,TCGA-KL-8341-01A,1.0,0.0,0.0,0.0,0.0
3,30829119,+,3,35535467,-,KICH,795,TCGA-KL-8341-01A,TCGA-KL-8341-01A,1.0,0.0,0.0,0.0,0.0
3,30829184,-,3,34300907,-,KICH,796,TCGA-KL-8341-01A,TCGA-KL-8341-01A,1.0,0.0,0.0,0.0,0.0
3,30830769,+,3,34368974,-,KICH,797,TCGA-KL-8341-01A,TCGA-KL-8341-01A,1.0,0.0,0.0,0.0,0.0
3,30831142,-,5,1258255,-,KICH,798,TCGA-KL-8341-01A,TCGA-KL-8341-01A,1.0,0.0,0.0,0.0,0.0
3,31744016,-,3,35919684,-,KICH,799,TCGA-KL-8341-01A,TCGA-KL-8341-01A,1.0,0.0,0.0,0.0,0.0
3,31962044,+,8,52515735,-,KICH,800,TCGA-KL-8341-01A,TCGA-KL-8341-01A,1.0,0.0,0.0,0.0,0.0
3,31969189,-,15,63758142,-,KICH,801,TCGA-KL-8341-01A,TCGA-KL-8341-01A,1.0,0.0,0.0,0.0,0.0
3,32089385,-,3,34302541,+,KICH,802,TCGA-KL-8341-01A,TCGA-KL-8341-01A,1.0,0.0,0.0,0.0,0.0
3,32129413,+,3,47118890,-,KICH,803,TCGA-KL-8341-01A,TCGA-KL-8341-01A,1.0,0.0,0.0,0.0,0.0
3,32221957,-,3,32282780,-,KICH,804,TCGA-KL-8341-01A,TCGA-KL-8341-01A,1.0,0.0,0.0,0.0,0.0
3,32384171,-,3,36833896,+,KICH,805,TCGA-KL-8341-01A,TCGA-KL-8341-01A,1.0,0.0,0.0,0.0,0.0
3,32987992,+,3,36321788,-,KICH,806,TCGA-KL-8341-01A,TCGA-KL-8341-01A,1.0,0.0,0.0,0.0,0.0
3,33001521,+,3,61852531,+,KICH,807,TCGA-KL-8341-01A,TCGA-KL-8341-01A,1.0,0.0,0.0,0.0,0.0
3,33212205,-,8,109286608,-,KICH,808,TCGA-KL-8341-01A,TCGA-KL-8341-01A,1.0,0.0,0.0,0.0,0.0
3,33219187,+,15,54857925,+,KICH,809,TCGA-KL-8341-01A,TCGA-KL-8341-01A,1.0,0.0,0.0,0.0,0.0
3,45609559,+,15,63367159,-,KICH,810,TCGA-KL-8341-01A,TCGA-KL-8341-01A,1.0,0.0,0.0,0.0,0.0
3,49455345,+,5,1237441,+,KICH,811,TCGA-KL-8341-01A,TCGA-KL-8341-01A,1.0,0.0,0.0,0.0,0.0
3,49503062,-,8,145069005,+,KICH,812,TCGA-KL-8341-01A,TCGA-KL-8341-01A,1.0,0.0,0.0,0.0,0.0
3,50217680,+,8,142995560,+,KICH,813,TCGA-KL-8341-01A,TCGA-KL-8341-01A,1.0,0.0,0.0,0.0,0.0
3,51147452,+,3,61370018,-,KICH,814,TCGA-KL-8341-01A,TCGA-KL-8341-01A,1.0,0.0,0.0,0.0,0.0
3,61609035,-,8,111780420,+,KICH,815,TCGA-KL-8341-01A,TCGA-KL-8341-01A,1.0,0.0,0.0,0.0,0.0
3,61630032,+,15,45521724,-,KICH,816,TCGA-KL-8341-01A,TCGA-KL-8341-01A,1.0,0.0,0.0,0.0,0.0
3,69943491,-,5,23253096,-,KICH,817,TCGA-KL-8341-01A,TCGA-KL-8341-01A,1.0,0.0,0.0,0.0,0.0
3,74727356,-,22,30537841,-,KICH,818,TCGA-KL-8341-01A,TCGA-KL-8341-01A,1.0,0.0,0.0,0.0,0.0
3,74777682,-,22,30538032,+,KICH,819,TCGA-KL-8341-01A,TCGA-KL-8341-01A,1.0,0.0,0.0,0.0,0.0
3,88222049,-,8,79252890,-,KICH,820,TCGA-KL-8341-01A,TCGA-KL-8341-01A,1.0,0.0,0.0,0.0,0.0
3,89361291,-,3,121404712,+,KICH,821,TCGA-KL-8341-01A,TCGA-KL-8341-01A,1.0,0.0,0.0,0.0,0.0
3,120429885,-,3,159844679,-,KICH,822,TCGA-KL-8341-01A,TCGA-KL-8341-01A,1.0,0.0,0.0,0.0,0.0
3,124431152,-,3,124964457,+,KICH,823,TCGA-KL-8341-01A,TCGA-KL-8341-01A,1.0,0.0,0.0,0.0,0.0
3,124431323,-,3,124980180,+,KICH,824,TCGA-KL-8341-01A,TCGA-KL-8341-01A,1.0,0.0,0.0,0.0,0.0
3,124431329,+,3,124894545,-,KICH,825,TCGA-KL-8341-01A,TCGA-KL-8341-01A,1.0,0.0,0.0,0.0,0.0
3,124589930,+,3,125881619,+,KICH,826,TCGA-KL-8341-01A,TCGA-KL-8341-01A,1.0,0.0,0.0,0.0,0.0
3,124695116,-,3,160368125,+,KICH,827,TCGA-KL-8341-01A,TCGA-KL-8341-01A,1.0,0.0,0.0,0.0,0.0
3,125509043,-,15,64278241,-,KICH,828,TCGA-KL-8341-01A,TCGA-KL-8341-01A,1.0,0.0,0.0,0.0,0.0
5,679242,+,5,1081502,-,KICH,829,TCGA-KL-8341-01A,TCGA-KL-8341-01A,1.0,0.0,0.0,0.0,0.0
5,1116870,-,5,1296033,+,KICH,830,TCGA-KL-8341-01A,TCGA-KL-8341-01A,1.0,0.0,0.0,0.0,0.0
5,7407811,+,5,8436650,-,KICH,831,TCGA-KL-8341-01A,TCGA-KL-8341-01A,1.0,0.0,0.0,0.0,0.0
5,8436663,-,5,8517139,-,KICH,832,TCGA-KL-8341-01A,TCGA-KL-8341-01A,1.0,0.0,0.0,0.0,0.0
5,8447672,+,5,8499115,+,KICH,833,TCGA-KL-8341-01A,TCGA-KL-8341-01A,1.0,0.0,0.0,0.0,0.0
5,15005188,-,23,74439187,+,KICH,834,TCGA-KL-8341-01A,TCGA-KL-8341-01A,1.0,0.0,0.0,0.0,0.0
5,16128766,+,5,17052836,-,KICH,835,TCGA-KL-8341-01A,TCGA-KL-8341-01A,1.0,0.0,0.0,0.0,0.0
5,23987147,-,15,54578418,+,KICH,836,TCGA-KL-8341-01A,TCGA-KL-8341-01A,1.0,0.0,0.0,0.0,0.0
5,31506983,-,15,50150928,+,KICH,837,TCGA-KL-8341-01A,TCGA-KL-8341-01A,1.0,0.0,0.0,0.0,0.0
5,31508401,+,8,105878808,-,KICH,838,TCGA-KL-8341-01A,TCGA-KL-8341-01A,1.0,0.0,0.0,0.0,0.0
5,31509575,-,15,62142330,+,KICH,839,TCGA-KL-8341-01A,TCGA-KL-8341-01A,1.0,0.0,0.0,0.0,0.0
5,32118788,+,8,53228576,-,KICH,840,TCGA-KL-8341-01A,TCGA-KL-8341-01A,1.0,0.0,0.0,0.0,0.0
5,49668542,-,5,49702266,+,KICH,841,TCGA-KL-8341-01A,TCGA-KL-8341-01A,1.0,0.0,0.0,0.0,0.0
5,107000363,-,5,107309074,+,KICH,842,TCGA-KL-8341-01A,TCGA-KL-8341-01A,1.0,0.0,0.0,0.0,0.0
6,19636871,-,8,108097889,+,KICH,843,TCGA-KL-8341-01A,TCGA-KL-8341-01A,1.0,0.0,0.0,0.0,0.0
6,150701417,-,9,30001109,+,KICH,844,TCGA-KL-8341-01A,TCGA-KL-8341-01A,1.0,0.0,0.0,0.0,0.0
6,154867976,-,6,154888855,-,KICH,845,TCGA-KL-8341-01A,TCGA-KL-8341-01A,1.0,0.0,0.0,0.0,0.0
6,154880437,+,6,154903082,-,KICH,846,TCGA-KL-8341-01A,TCGA-KL-8341-01A,1.0,0.0,0.0,0.0,0.0
6,154880989,-,6,154898980,+,KICH,847,TCGA-KL-8341-01A,TCGA-KL-8341-01A,1.0,0.0,0.0,0.0,0.0
6,154880989,-,6,154952489,-,KICH,848,TCGA-KL-8341-01A,TCGA-KL-8341-01A,1.0,0.0,0.0,0.0,0.0
6,154880989,-,6,155048800,-,KICH,849,TCGA-KL-8341-01A,TCGA-KL-8341-01A,1.0,0.0,0.0,0.0,0.0
6,154881830,+,6,154885917,+,KICH,850,TCGA-KL-8341-01A,TCGA-KL-8341-01A,1.0,0.0,0.0,0.0,0.0
6,154882742,-,6,154905527,-,KICH,851,TCGA-KL-8341-01A,TCGA-KL-8341-01A,1.0,0.0,0.0,0.0,0.0
6,154889167,-,6,155394598,+,KICH,852,TCGA-KL-8341-01A,TCGA-KL-8341-01A,1.0,0.0,0.0,0.0,0.0
6,154889275,+,6,154898796,-,KICH,853,TCGA-KL-8341-01A,TCGA-KL-8341-01A,1.0,0.0,0.0,0.0,0.0
6,154889275,+,6,154902097,+,KICH,854,TCGA-KL-8341-01A,TCGA-KL-8341-01A,1.0,0.0,0.0,0.0,0.0
6,154889900,+,6,154953073,-,KICH,855,TCGA-KL-8341-01A,TCGA-KL-8341-01A,1.0,0.0,0.0,0.0,0.0
6,154896287,-,6,154905320,+,KICH,856,TCGA-KL-8341-01A,TCGA-KL-8341-01A,1.0,0.0,0.0,0.0,0.0
6,154898648,-,6,155394711,+,KICH,857,TCGA-KL-8341-01A,TCGA-KL-8341-01A,1.0,0.0,0.0,0.0,0.0
6,154898792,-,6,154901961,-,KICH,858,TCGA-KL-8341-01A,TCGA-KL-8341-01A,1.0,0.0,0.0,0.0,0.0
6,154899054,+,6,154952631,+,KICH,859,TCGA-KL-8341-01A,TCGA-KL-8341-01A,1.0,0.0,0.0,0.0,0.0
6,154899075,+,6,155048805,+,KICH,860,TCGA-KL-8341-01A,TCGA-KL-8341-01A,1.0,0.0,0.0,0.0,0.0
6,154902097,+,6,155394594,+,KICH,861,TCGA-KL-8341-01A,TCGA-KL-8341-01A,1.0,0.0,0.0,0.0,0.0
6,154952625,+,6,155048732,-,KICH,862,TCGA-KL-8341-01A,TCGA-KL-8341-01A,1.0,0.0,0.0,0.0,0.0
7,44011464,-,15,60548817,+,KICH,863,TCGA-KL-8341-01A,TCGA-KL-8341-01A,1.0,0.0,0.0,0.0,0.0
7,102452374,+,7,150960299,-,KICH,864,TCGA-KL-8341-01A,TCGA-KL-8341-01A,1.0,0.0,0.0,0.0,0.0
7,139653321,+,7,151447689,+,KICH,865,TCGA-KL-8341-01A,TCGA-KL-8341-01A,1.0,0.0,0.0,0.0,0.0
7,141967779,-,7,142107841,+,KICH,866,TCGA-KL-8341-01A,TCGA-KL-8341-01A,1.0,0.0,0.0,0.0,0.0
7,151987822,-,7,152517346,-,KICH,867,TCGA-KL-8341-01A,TCGA-KL-8341-01A,1.0,0.0,0.0,0.0,0.0
7,152095458,+,7,152103212,+,KICH,868,TCGA-KL-8341-01A,TCGA-KL-8341-01A,1.0,0.0,0.0,0.0,0.0
8,47410513,-,8,72766508,-,KICH,869,TCGA-KL-8341-01A,TCGA-KL-8341-01A,1.0,0.0,0.0,0.0,0.0
8,49937331,-,8,100447921,-,KICH,870,TCGA-KL-8341-01A,TCGA-KL-8341-01A,1.0,0.0,0.0,0.0,0.0
8,50075963,+,15,60737976,+,KICH,871,TCGA-KL-8341-01A,TCGA-KL-8341-01A,1.0,0.0,0.0,0.0,0.0
8,50788695,-,15,60634574,+,KICH,872,TCGA-KL-8341-01A,TCGA-KL-8341-01A,1.0,0.0,0.0,0.0,0.0
8,51403790,+,15,65943990,+,KICH,873,TCGA-KL-8341-01A,TCGA-KL-8341-01A,1.0,0.0,0.0,0.0,0.0
8,51406328,-,8,51547351,+,KICH,874,TCGA-KL-8341-01A,TCGA-KL-8341-01A,1.0,0.0,0.0,0.0,0.0
8,51407546,+,15,62571972,+,KICH,875,TCGA-KL-8341-01A,TCGA-KL-8341-01A,1.0,0.0,0.0,0.0,0.0
8,51546001,-,8,107725861,+,KICH,876,TCGA-KL-8341-01A,TCGA-KL-8341-01A,1.0,0.0,0.0,0.0,0.0
8,52513759,+,8,103475032,+,KICH,877,TCGA-KL-8341-01A,TCGA-KL-8341-01A,1.0,0.0,0.0,0.0,0.0
8,52546379,+,15,62065627,+,KICH,878,TCGA-KL-8341-01A,TCGA-KL-8341-01A,1.0,0.0,0.0,0.0,0.0
8,52582696,+,12,41466100,-,KICH,879,TCGA-KL-8341-01A,TCGA-KL-8341-01A,1.0,0.0,0.0,0.0,0.0
8,52699936,+,15,65002225,-,KICH,880,TCGA-KL-8341-01A,TCGA-KL-8341-01A,1.0,0.0,0.0,0.0,0.0
8,53431425,+,8,69247431,+,KICH,881,TCGA-KL-8341-01A,TCGA-KL-8341-01A,1.0,0.0,0.0,0.0,0.0
8,69222742,-,8,69248596,-,KICH,882,TCGA-KL-8341-01A,TCGA-KL-8341-01A,1.0,0.0,0.0,0.0,0.0
8,69242032,-,15,49627520,-,KICH,883,TCGA-KL-8341-01A,TCGA-KL-8341-01A,1.0,0.0,0.0,0.0,0.0
8,70187332,+,8,111660234,-,KICH,884,TCGA-KL-8341-01A,TCGA-KL-8341-01A,1.0,0.0,0.0,0.0,0.0
8,76260781,-,8,81144790,+,KICH,885,TCGA-KL-8341-01A,TCGA-KL-8341-01A,1.0,0.0,0.0,0.0,0.0
8,79613286,-,15,63257295,-,KICH,886,TCGA-KL-8341-01A,TCGA-KL-8341-01A,1.0,0.0,0.0,0.0,0.0
8,80289153,+,15,64552109,-,KICH,887,TCGA-KL-8341-01A,TCGA-KL-8341-01A,1.0,0.0,0.0,0.0,0.0
8,80628223,+,8,116084383,-,KICH,888,TCGA-KL-8341-01A,TCGA-KL-8341-01A,1.0,0.0,0.0,0.0,0.0
8,94329317,-,15,59561157,+,KICH,889,TCGA-KL-8341-01A,TCGA-KL-8341-01A,1.0,0.0,0.0,0.0,0.0
8,96377914,+,8,98374478,+,KICH,890,TCGA-KL-8341-01A,TCGA-KL-8341-01A,1.0,0.0,0.0,0.0,0.0
8,100316095,-,8,104357767,+,KICH,891,TCGA-KL-8341-01A,TCGA-KL-8341-01A,1.0,0.0,0.0,0.0,0.0
8,100379942,-,8,101887320,-,KICH,892,TCGA-KL-8341-01A,TCGA-KL-8341-01A,1.0,0.0,0.0,0.0,0.0
8,101170603,+,15,64104297,-,KICH,893,TCGA-KL-8341-01A,TCGA-KL-8341-01A,1.0,0.0,0.0,0.0,0.0
8,101535681,-,15,56474678,+,KICH,894,TCGA-KL-8341-01A,TCGA-KL-8341-01A,1.0,0.0,0.0,0.0,0.0
8,101638709,-,12,41466050,+,KICH,895,TCGA-KL-8341-01A,TCGA-KL-8341-01A,1.0,0.0,0.0,0.0,0.0
8,101917016,-,8,111098515,-,KICH,896,TCGA-KL-8341-01A,TCGA-KL-8341-01A,1.0,0.0,0.0,0.0,0.0
8,101939492,+,8,102086141,+,KICH,897,TCGA-KL-8341-01A,TCGA-KL-8341-01A,1.0,0.0,0.0,0.0,0.0
8,101968067,+,8,110730794,+,KICH,898,TCGA-KL-8341-01A,TCGA-KL-8341-01A,1.0,0.0,0.0,0.0,0.0
8,102072904,-,8,108208072,-,KICH,899,TCGA-KL-8341-01A,TCGA-KL-8341-01A,1.0,0.0,0.0,0.0,0.0
8,102085847,+,8,110548380,-,KICH,900,TCGA-KL-8341-01A,TCGA-KL-8341-01A,1.0,0.0,0.0,0.0,0.0
8,102085912,-,8,110763150,-,KICH,901,TCGA-KL-8341-01A,TCGA-KL-8341-01A,1.0,0.0,0.0,0.0,0.0
8,102168284,-,15,54833142,+,KICH,902,TCGA-KL-8341-01A,TCGA-KL-8341-01A,1.0,0.0,0.0,0.0,0.0
8,102169352,+,15,56816715,+,KICH,903,TCGA-KL-8341-01A,TCGA-KL-8341-01A,1.0,0.0,0.0,0.0,0.0
8,102471349,-,8,111128738,+,KICH,904,TCGA-KL-8341-01A,TCGA-KL-8341-01A,1.0,0.0,0.0,0.0,0.0
8,103176061,+,8,108207372,+,KICH,905,TCGA-KL-8341-01A,TCGA-KL-8341-01A,1.0,0.0,0.0,0.0,0.0
8,103432700,+,15,48895058,+,KICH,906,TCGA-KL-8341-01A,TCGA-KL-8341-01A,1.0,0.0,0.0,0.0,0.0
8,103806647,-,15,43116770,-,KICH,907,TCGA-KL-8341-01A,TCGA-KL-8341-01A,1.0,0.0,0.0,0.0,0.0
8,103990778,+,15,63120968,-,KICH,908,TCGA-KL-8341-01A,TCGA-KL-8341-01A,1.0,0.0,0.0,0.0,0.0
8,104500446,+,8,116131641,+,KICH,909,TCGA-KL-8341-01A,TCGA-KL-8341-01A,1.0,0.0,0.0,0.0,0.0
8,105389648,-,15,59406291,-,KICH,910,TCGA-KL-8341-01A,TCGA-KL-8341-01A,1.0,0.0,0.0,0.0,0.0
8,105899375,+,15,50144158,+,KICH,911,TCGA-KL-8341-01A,TCGA-KL-8341-01A,1.0,0.0,0.0,0.0,0.0
8,105899548,-,15,49343778,-,KICH,912,TCGA-KL-8341-01A,TCGA-KL-8341-01A,1.0,0.0,0.0,0.0,0.0
8,107723580,+,15,64555996,+,KICH,913,TCGA-KL-8341-01A,TCGA-KL-8341-01A,1.0,0.0,0.0,0.0,0.0
8,109164948,-,8,109165061,-,KICH,914,TCGA-KL-8341-01A,TCGA-KL-8341-01A,1.0,0.0,0.0,0.0,0.0
8,109169549,+,8,110130376,+,KICH,915,TCGA-KL-8341-01A,TCGA-KL-8341-01A,1.0,0.0,0.0,0.0,0.0
8,110130992,-,15,54327095,-,KICH,916,TCGA-KL-8341-01A,TCGA-KL-8341-01A,1.0,0.0,0.0,0.0,0.0
8,110139489,+,15,53643998,-,KICH,917,TCGA-KL-8341-01A,TCGA-KL-8341-01A,1.0,0.0,0.0,0.0,0.0
8,110140663,+,15,53648056,-,KICH,918,TCGA-KL-8341-01A,TCGA-KL-8341-01A,1.0,0.0,0.0,0.0,0.0
8,110156736,-,15,54698865,-,KICH,919,TCGA-KL-8341-01A,TCGA-KL-8341-01A,1.0,0.0,0.0,0.0,0.0
8,113872831,-,15,20427104,-,KICH,920,TCGA-KL-8341-01A,TCGA-KL-8341-01A,1.0,0.0,0.0,0.0,0.0
8,114770733,-,15,30951689,-,KICH,921,TCGA-KL-8341-01A,TCGA-KL-8341-01A,1.0,0.0,0.0,0.0,0.0
8,114770789,-,15,30952037,+,KICH,922,TCGA-KL-8341-01A,TCGA-KL-8341-01A,1.0,0.0,0.0,0.0,0.0
8,114956105,-,8,115267446,-,KICH,923,TCGA-KL-8341-01A,TCGA-KL-8341-01A,1.0,0.0,0.0,0.0,0.0
8,115041573,+,15,43098003,-,KICH,924,TCGA-KL-8341-01A,TCGA-KL-8341-01A,1.0,0.0,0.0,0.0,0.0
8,115449326,+,12,27103928,-,KICH,925,TCGA-KL-8341-01A,TCGA-KL-8341-01A,1.0,0.0,0.0,0.0,0.0
8,120651433,+,8,120883537,-,KICH,926,TCGA-KL-8341-01A,TCGA-KL-8341-01A,1.0,0.0,0.0,0.0,0.0
8,125135169,+,8,126882773,-,KICH,927,TCGA-KL-8341-01A,TCGA-KL-8341-01A,1.0,0.0,0.0,0.0,0.0
8,136007332,-,8,138232931,-,KICH,928,TCGA-KL-8341-01A,TCGA-KL-8341-01A,1.0,0.0,0.0,0.0,0.0
8,136007449,+,8,138229095,+,KICH,929,TCGA-KL-8341-01A,TCGA-KL-8341-01A,1.0,0.0,0.0,0.0,0.0
8,136596476,+,15,58085080,-,KICH,930,TCGA-KL-8341-01A,TCGA-KL-8341-01A,1.0,0.0,0.0,0.0,0.0
8,138228949,-,8,138248330,+,KICH,931,TCGA-KL-8341-01A,TCGA-KL-8341-01A,1.0,0.0,0.0,0.0,0.0
8,138229271,+,8,138248074,-,KICH,932,TCGA-KL-8341-01A,TCGA-KL-8341-01A,1.0,0.0,0.0,0.0,0.0
8,138233071,+,8,138933420,-,KICH,933,TCGA-KL-8341-01A,TCGA-KL-8341-01A,1.0,0.0,0.0,0.0,0.0
9,9493518,+,9,10307019,-,KICH,934,TCGA-KL-8341-01A,TCGA-KL-8341-01A,1.0,0.0,0.0,0.0,0.0
23,2522210,-,23,10924298,-,KICH,935,TCGA-KL-8341-01A,TCGA-KL-8341-01A,1.0,0.0,0.0,0.0,0.0
23,2522211,-,23,11045500,-,KICH,936,TCGA-KL-8341-01A,TCGA-KL-8341-01A,1.0,0.0,0.0,0.0,0.0
23,10924421,+,23,11045499,-,KICH,937,TCGA-KL-8341-01A,TCGA-KL-8341-01A,1.0,0.0,0.0,0.0,0.0
23,154531548,+,23,154543345,+,KICH,938,TCGA-KL-8341-01A,TCGA-KL-8341-01A,1.0,0.0,0.0,0.0,0.0
23,154545387,-,23,154547663,-,KICH,939,TCGA-KL-8341-01A,TCGA-KL-8341-01A,1.0,0.0,0.0,0.0,0.0
11,52427787,+,11,54311392,-,KICH,940,TCGA-KL-8342-01A,TCGA-KL-8342-01A,1.0,0.0,0.0,0.0,0.0
14,25081145,-,19,4163351,-,KICH,941,TCGA-KL-8342-01A,TCGA-KL-8342-01A,1.0,0.0,0.0,0.0,0.0
2,62290630,-,10,8666836,+,KICH,942,TCGA-KL-8342-01A,TCGA-KL-8342-01A,1.0,0.0,0.0,0.0,0.0
3,91578806,+,3,91875132,-,KICH,943,TCGA-KL-8342-01A,TCGA-KL-8342-01A,1.0,0.0,0.0,0.0,0.0
4,60786223,+,4,61468388,+,KICH,944,TCGA-KL-8342-01A,TCGA-KL-8342-01A,1.0,0.0,0.0,0.0,0.0
4,60786903,-,4,61468559,-,KICH,945,TCGA-KL-8342-01A,TCGA-KL-8342-01A,1.0,0.0,0.0,0.0,0.0
5,49818806,+,5,49882713,-,KICH,946,TCGA-KL-8342-01A,TCGA-KL-8342-01A,1.0,0.0,0.0,0.0,0.0
5,112638058,+,11,84592937,-,KICH,947,TCGA-KL-8342-01A,TCGA-KL-8342-01A,1.0,0.0,0.0,0.0,0.0
8,23015965,-,16,64489124,-,KICH,948,TCGA-KL-8342-01A,TCGA-KL-8342-01A,1.0,0.0,0.0,0.0,0.0
1,115793842,-,1,178337958,+,KICH,949,TCGA-KL-8343-01A,TCGA-KL-8343-01A,1.0,0.0,0.0,0.0,0.0
11,51698373,-,11,52218877,+,KICH,950,TCGA-KL-8343-01A,TCGA-KL-8343-01A,1.0,0.0,0.0,0.0,0.0
16,34256037,-,16,36322534,+,KICH,951,TCGA-KL-8343-01A,TCGA-KL-8343-01A,1.0,0.0,0.0,0.0,0.0
16,34257872,+,16,36336265,+,KICH,952,TCGA-KL-8343-01A,TCGA-KL-8343-01A,1.0,0.0,0.0,0.0,0.0
16,36322635,+,16,36325916,-,KICH,953,TCGA-KL-8343-01A,TCGA-KL-8343-01A,1.0,0.0,0.0,0.0,0.0
2,141909522,-,7,45641933,-,KICH,954,TCGA-KL-8343-01A,TCGA-KL-8343-01A,1.0,0.0,0.0,0.0,0.0
2,151532617,+,2,151532989,-,KICH,955,TCGA-KL-8343-01A,TCGA-KL-8343-01A,1.0,0.0,0.0,0.0,0.0
20,29564267,+,20,30320185,+,KICH,956,TCGA-KL-8343-01A,TCGA-KL-8343-01A,1.0,0.0,0.0,0.0,0.0
3,88789244,-,23,96818072,+,KICH,957,TCGA-KL-8343-01A,TCGA-KL-8343-01A,1.0,0.0,0.0,0.0,0.0
9,43185817,+,20,29895577,-,KICH,958,TCGA-KL-8343-01A,TCGA-KL-8343-01A,1.0,0.0,0.0,0.0,0.0
1,123574783,+,1,123881452,-,KICH,959,TCGA-KL-8344-01A,TCGA-KL-8344-01A,1.0,0.0,0.0,0.0,0.0
1,123893134,-,1,124728371,+,KICH,960,TCGA-KL-8344-01A,TCGA-KL-8344-01A,1.0,0.0,0.0,0.0,0.0
1,124820747,-,1,124832700,+,KICH,961,TCGA-KL-8344-01A,TCGA-KL-8344-01A,1.0,0.0,0.0,0.0,0.0
10,38928894,-,21,13152530,+,KICH,962,TCGA-KL-8344-01A,TCGA-KL-8344-01A,1.0,0.0,0.0,0.0,0.0
10,41519637,+,10,41538408,-,KICH,963,TCGA-KL-8344-01A,TCGA-KL-8344-01A,1.0,0.0,0.0,0.0,0.0
11,43310915,+,20,10117931,-,KICH,964,TCGA-KL-8344-01A,TCGA-KL-8344-01A,1.0,0.0,0.0,0.0,0.0
12,37430415,-,15,50085918,+,KICH,965,TCGA-KL-8344-01A,TCGA-KL-8344-01A,1.0,0.0,0.0,0.0,0.0
13,16298355,-,13,16628213,+,KICH,966,TCGA-KL-8344-01A,TCGA-KL-8344-01A,1.0,0.0,0.0,0.0,0.0
13,84899425,-,19,29895842,+,KICH,967,TCGA-KL-8344-01A,TCGA-KL-8344-01A,1.0,0.0,0.0,0.0,0.0
14,78314878,-,16,23881984,+,KICH,968,TCGA-KL-8344-01A,TCGA-KL-8344-01A,1.0,0.0,0.0,0.0,0.0
17,39850080,-,17,39850666,+,KICH,969,TCGA-KL-8344-01A,TCGA-KL-8344-01A,1.0,0.0,0.0,0.0,0.0
18,15573719,-,18,15679380,+,KICH,970,TCGA-KL-8344-01A,TCGA-KL-8344-01A,1.0,0.0,0.0,0.0,0.0
2,27320561,+,5,178682065,+,KICH,971,TCGA-KL-8344-01A,TCGA-KL-8344-01A,1.0,0.0,0.0,0.0,0.0
2,94557678,-,2,132218879,+,KICH,972,TCGA-KL-8344-01A,TCGA-KL-8344-01A,1.0,0.0,0.0,0.0,0.0
3,155814077,-,3,155945151,-,KICH,973,TCGA-KL-8344-01A,TCGA-KL-8344-01A,1.0,0.0,0.0,0.0,0.0
3,182048246,-,19,28733050,+,KICH,974,TCGA-KL-8344-01A,TCGA-KL-8344-01A,1.0,0.0,0.0,0.0,0.0
4,1790828,-,18,22452178,-,KICH,975,TCGA-KL-8344-01A,TCGA-KL-8344-01A,1.0,0.0,0.0,0.0,0.0
7,146901058,+,8,4287685,+,KICH,976,TCGA-KL-8344-01A,TCGA-KL-8344-01A,1.0,0.0,0.0,0.0,0.0
8,44507214,+,8,45873197,-,KICH,977,TCGA-KL-8344-01A,TCGA-KL-8344-01A,1.0,0.0,0.0,0.0,0.0
23,3036666,+,23,63625851,+,KICH,978,TCGA-KL-8344-01A,TCGA-KL-8344-01A,1.0,0.0,0.0,0.0,0.0
1,77433333,-,8,133313615,-,KICH,979,TCGA-KL-8345-01A,TCGA-KL-8345-01A,1.0,0.0,0.0,0.0,0.0
1,77433667,+,8,133313086,+,KICH,980,TCGA-KL-8345-01A,TCGA-KL-8345-01A,1.0,0.0,0.0,0.0,0.0
1,122644431,-,1,124135257,+,KICH,981,TCGA-KL-8345-01A,TCGA-KL-8345-01A,1.0,0.0,0.0,0.0,0.0
1,143285325,-,16,34686975,-,KICH,982,TCGA-KL-8345-01A,TCGA-KL-8345-01A,1.0,0.0,0.0,0.0,0.0
1,193872902,+,16,46491762,-,KICH,983,TCGA-KL-8345-01A,TCGA-KL-8345-01A,1.0,0.0,0.0,0.0,0.0
11,54347099,-,11,54409494,+,KICH,984,TCGA-KL-8345-01A,TCGA-KL-8345-01A,1.0,0.0,0.0,0.0,0.0
12,35065538,+,12,37144492,-,KICH,985,TCGA-KL-8345-01A,TCGA-KL-8345-01A,1.0,0.0,0.0,0.0,0.0
12,36468194,-,12,37126846,+,KICH,986,TCGA-KL-8345-01A,TCGA-KL-8345-01A,1.0,0.0,0.0,0.0,0.0
13,16440094,-,13,17330843,+,KICH,987,TCGA-KL-8345-01A,TCGA-KL-8345-01A,1.0,0.0,0.0,0.0,0.0
13,16586569,+,13,16678973,-,KICH,988,TCGA-KL-8345-01A,TCGA-KL-8345-01A,1.0,0.0,0.0,0.0,0.0
14,85726787,-,23,63512681,+,KICH,989,TCGA-KL-8345-01A,TCGA-KL-8345-01A,1.0,0.0,0.0,0.0,0.0
14,106644920,-,22,41748930,-,KICH,990,TCGA-KL-8345-01A,TCGA-KL-8345-01A,1.0,0.0,0.0,0.0,0.0
15,20422725,+,15,22308167,+,KICH,991,TCGA-KL-8345-01A,TCGA-KL-8345-01A,1.0,0.0,0.0,0.0,0.0
15,82395218,-,15,84551592,-,KICH,992,TCGA-KL-8345-01A,TCGA-KL-8345-01A,1.0,0.0,0.0,0.0,0.0
16,36343516,+,16,36348164,-,KICH,993,TCGA-KL-8345-01A,TCGA-KL-8345-01A,1.0,0.0,0.0,0.0,0.0
18,15470437,-,18,15686722,+,KICH,994,TCGA-KL-8345-01A,TCGA-KL-8345-01A,1.0,0.0,0.0,0.0,0.0
2,91929756,+,24,11381132,-,KICH,995,TCGA-KL-8345-01A,TCGA-KL-8345-01A,1.0,0.0,0.0,0.0,0.0
2,92431535,-,2,92972376,+,KICH,996,TCGA-KL-8345-01A,TCGA-KL-8345-01A,1.0,0.0,0.0,0.0,0.0
2,92887447,-,2,93459695,+,KICH,997,TCGA-KL-8345-01A,TCGA-KL-8345-01A,1.0,0.0,0.0,0.0,0.0
2,92974878,-,2,93285266,+,KICH,998,TCGA-KL-8345-01A,TCGA-KL-8345-01A,1.0,0.0,0.0,0.0,0.0
2,93233266,-,2,93594817,+,KICH,999,TCGA-KL-8345-01A,TCGA-KL-8345-01A,1.0,0.0,0.0,0.0,0.0
20,15419418,+,20,15798254,-,KICH,1000,TCGA-KL-8345-01A,TCGA-KL-8345-01A,1.0,0.0,0.0,0.0,0.0
20,29266501,-,24,10227358,-,KICH,1001,TCGA-KL-8345-01A,TCGA-KL-8345-01A,1.0,0.0,0.0,0.0,0.0
3,90864671,+,3,91172998,-,KICH,1002,TCGA-KL-8345-01A,TCGA-KL-8345-01A,1.0,0.0,0.0,0.0,0.0
3,90993739,+,3,91066716,-,KICH,1003,TCGA-KL-8345-01A,TCGA-KL-8345-01A,1.0,0.0,0.0,0.0,0.0
3,91027753,-,3,91089770,+,KICH,1004,TCGA-KL-8345-01A,TCGA-KL-8345-01A,1.0,0.0,0.0,0.0,0.0
4,30583607,+,4,33316199,+,KICH,1005,TCGA-KL-8345-01A,TCGA-KL-8345-01A,1.0,0.0,0.0,0.0,0.0
4,30583949,-,4,33317663,+,KICH,1006,TCGA-KL-8345-01A,TCGA-KL-8345-01A,1.0,0.0,0.0,0.0,0.0
4,30584021,+,4,36124567,+,KICH,1007,TCGA-KL-8345-01A,TCGA-KL-8345-01A,1.0,0.0,0.0,0.0,0.0
4,33297331,-,4,36117762,-,KICH,1008,TCGA-KL-8345-01A,TCGA-KL-8345-01A,1.0,0.0,0.0,0.0,0.0
4,33316215,-,4,36123262,+,KICH,1009,TCGA-KL-8345-01A,TCGA-KL-8345-01A,1.0,0.0,0.0,0.0,0.0
4,33317663,+,4,36124567,+,KICH,1010,TCGA-KL-8345-01A,TCGA-KL-8345-01A,1.0,0.0,0.0,0.0,0.0
4,33323264,-,4,36123298,-,KICH,1011,TCGA-KL-8345-01A,TCGA-KL-8345-01A,1.0,0.0,0.0,0.0,0.0
5,237379,+,5,1592379,+,KICH,1012,TCGA-KL-8345-01A,TCGA-KL-8345-01A,1.0,0.0,0.0,0.0,0.0
5,46324358,+,11,50785537,-,KICH,1013,TCGA-KL-8345-01A,TCGA-KL-8345-01A,1.0,0.0,0.0,0.0,0.0
6,32006263,+,6,32038835,-,KICH,1014,TCGA-KL-8345-01A,TCGA-KL-8345-01A,1.0,0.0,0.0,0.0,0.0
7,61444270,+,7,61515420,-,KICH,1015,TCGA-KL-8345-01A,TCGA-KL-8345-01A,1.0,0.0,0.0,0.0,0.0
8,121970145,-,11,34877882,+,KICH,1016,TCGA-KL-8345-01A,TCGA-KL-8345-01A,1.0,0.0,0.0,0.0,0.0
23,2439613,-,23,2545133,+,KICH,1017,TCGA-KL-8345-01A,TCGA-KL-8345-01A,1.0,0.0,0.0,0.0,0.0
23,7566620,+,23,7640024,-,KICH,1018,TCGA-KL-8345-01A,TCGA-KL-8345-01A,1.0,0.0,0.0,0.0,0.0
11,33543199,-,11,86783784,+,KICH,1019,TCGA-KL-8346-01A,TCGA-KL-8346-01A,1.0,0.0,0.0,0.0,0.0
11,40199501,-,11,76950733,+,KICH,1020,TCGA-KL-8346-01A,TCGA-KL-8346-01A,1.0,0.0,0.0,0.0,0.0
11,44021782,-,11,82575426,+,KICH,1021,TCGA-KL-8346-01A,TCGA-KL-8346-01A,1.0,0.0,0.0,0.0,0.0
11,54371078,+,11,54381309,-,KICH,1022,TCGA-KL-8346-01A,TCGA-KL-8346-01A,1.0,0.0,0.0,0.0,0.0
11,54378139,-,11,54394475,+,KICH,1023,TCGA-KL-8346-01A,TCGA-KL-8346-01A,1.0,0.0,0.0,0.0,0.0
12,34887194,-,12,36313812,+,KICH,1024,TCGA-KL-8346-01A,TCGA-KL-8346-01A,1.0,0.0,0.0,0.0,0.0
12,34948420,+,12,35184991,-,KICH,1025,TCGA-KL-8346-01A,TCGA-KL-8346-01A,1.0,0.0,0.0,0.0,0.0
12,74457919,-,23,134585038,-,KICH,1026,TCGA-KL-8346-01A,TCGA-KL-8346-01A,1.0,0.0,0.0,0.0,0.0
12,117028696,-,12,117088128,+,KICH,1027,TCGA-KL-8346-01A,TCGA-KL-8346-01A,1.0,0.0,0.0,0.0,0.0
16,30752239,+,23,36616693,+,KICH,1028,TCGA-KL-8346-01A,TCGA-KL-8346-01A,1.0,0.0,0.0,0.0,0.0
18,15839318,+,18,16262838,-,KICH,1029,TCGA-KL-8346-01A,TCGA-KL-8346-01A,1.0,0.0,0.0,0.0,0.0
2,33303002,+,15,26911372,-,KICH,1030,TCGA-KL-8346-01A,TCGA-KL-8346-01A,1.0,0.0,0.0,0.0,0.0
2,121138473,+,2,121561987,+,KICH,1031,TCGA-KL-8346-01A,TCGA-KL-8346-01A,1.0,0.0,0.0,0.0,0.0
2,214751151,-,5,104222495,+,KICH,1032,TCGA-KL-8346-01A,TCGA-KL-8346-01A,1.0,0.0,0.0,0.0,0.0
2,218604412,-,14,94987053,+,KICH,1033,TCGA-KL-8346-01A,TCGA-KL-8346-01A,1.0,0.0,0.0,0.0,0.0
2,223778188,-,2,223853187,+,KICH,1034,TCGA-KL-8346-01A,TCGA-KL-8346-01A,1.0,0.0,0.0,0.0,0.0
20,29412507,+,20,29413616,-,KICH,1035,TCGA-KL-8346-01A,TCGA-KL-8346-01A,1.0,0.0,0.0,0.0,0.0
20,29995114,+,20,30023040,-,KICH,1036,TCGA-KL-8346-01A,TCGA-KL-8346-01A,1.0,0.0,0.0,0.0,0.0
3,91035898,+,3,91089406,-,KICH,1037,TCGA-KL-8346-01A,TCGA-KL-8346-01A,1.0,0.0,0.0,0.0,0.0
3,166846399,+,3,166850243,-,KICH,1038,TCGA-KL-8346-01A,TCGA-KL-8346-01A,1.0,0.0,0.0,0.0,0.0
3,175175686,+,4,140207525,-,KICH,1039,TCGA-KL-8346-01A,TCGA-KL-8346-01A,1.0,0.0,0.0,0.0,0.0
3,188731541,+,17,2080123,+,KICH,1040,TCGA-KL-8346-01A,TCGA-KL-8346-01A,1.0,0.0,0.0,0.0,0.0
4,50004862,+,4,51644713,-,KICH,1041,TCGA-KL-8346-01A,TCGA-KL-8346-01A,1.0,0.0,0.0,0.0,0.0
5,1125315,-,5,1295489,+,KICH,1042,TCGA-KL-8346-01A,TCGA-KL-8346-01A,1.0,0.0,0.0,0.0,0.0
5,47172988,-,5,47275196,+,KICH,1043,TCGA-KL-8346-01A,TCGA-KL-8346-01A,1.0,0.0,0.0,0.0,0.0
5,178839162,-,5,180673810,-,KICH,1044,TCGA-KL-8346-01A,TCGA-KL-8346-01A,1.0,0.0,0.0,0.0,0.0
7,61444244,+,7,61515433,-,KICH,1045,TCGA-KL-8346-01A,TCGA-KL-8346-01A,1.0,0.0,0.0,0.0,0.0
7,106876457,-,7,106876787,+,KICH,1046,TCGA-KL-8346-01A,TCGA-KL-8346-01A,1.0,0.0,0.0,0.0,0.0
8,45376437,+,8,45741154,-,KICH,1047,TCGA-KL-8346-01A,TCGA-KL-8346-01A,1.0,0.0,0.0,0.0,0.0
9,43383933,+,9,45155305,-,KICH,1048,TCGA-KL-8346-01A,TCGA-KL-8346-01A,1.0,0.0,0.0,0.0,0.0
1,18593314,+,1,18679149,-,KICH,1049,TCGA-KM-8438-01A,TCGA-KM-8438-01A,1.0,0.0,0.0,0.0,0.0
1,242271234,+,10,38327262,+,KICH,1050,TCGA-KM-8438-01A,TCGA-KM-8438-01A,1.0,0.0,0.0,0.0,0.0
1,246945207,-,14,100260937,+,KICH,1051,TCGA-KM-8438-01A,TCGA-KM-8438-01A,1.0,0.0,0.0,0.0,0.0
10,130969569,-,20,25874879,-,KICH,1052,TCGA-KM-8438-01A,TCGA-KM-8438-01A,1.0,0.0,0.0,0.0,0.0
11,53097999,-,11,53707040,+,KICH,1053,TCGA-KM-8438-01A,TCGA-KM-8438-01A,1.0,0.0,0.0,0.0,0.0
11,54358791,-,11,54407118,+,KICH,1054,TCGA-KM-8438-01A,TCGA-KM-8438-01A,1.0,0.0,0.0,0.0,0.0
13,16298465,-,13,16734365,+,KICH,1055,TCGA-KM-8438-01A,TCGA-KM-8438-01A,1.0,0.0,0.0,0.0,0.0
14,52985348,+,14,52988927,-,KICH,1056,TCGA-KM-8438-01A,TCGA-KM-8438-01A,1.0,0.0,0.0,0.0,0.0
14,57393104,-,14,57393255,+,KICH,1057,TCGA-KM-8438-01A,TCGA-KM-8438-01A,1.0,0.0,0.0,0.0,0.0
18,15485193,+,18,15550240,-,KICH,1058,TCGA-KM-8438-01A,TCGA-KM-8438-01A,1.0,0.0,0.0,0.0,0.0
2,93876752,-,2,94156249,+,KICH,1059,TCGA-KM-8438-01A,TCGA-KM-8438-01A,1.0,0.0,0.0,0.0,0.0
2,140476781,+,2,140477219,-,KICH,1060,TCGA-KM-8438-01A,TCGA-KM-8438-01A,1.0,0.0,0.0,0.0,0.0
3,24132614,+,3,24369093,-,KICH,1061,TCGA-KM-8438-01A,TCGA-KM-8438-01A,1.0,0.0,0.0,0.0,0.0
3,90854440,+,3,90893364,-,KICH,1062,TCGA-KM-8438-01A,TCGA-KM-8438-01A,1.0,0.0,0.0,0.0,0.0
3,146795844,+,3,146809131,-,KICH,1063,TCGA-KM-8438-01A,TCGA-KM-8438-01A,1.0,0.0,0.0,0.0,0.0
4,163733207,-,13,77977777,+,KICH,1064,TCGA-KM-8438-01A,TCGA-KM-8438-01A,1.0,0.0,0.0,0.0,0.0
5,1295257,+,5,1341502,-,KICH,1065,TCGA-KM-8438-01A,TCGA-KM-8438-01A,1.0,0.0,0.0,0.0,0.0
5,1295257,+,5,1348667,-,KICH,1066,TCGA-KM-8438-01A,TCGA-KM-8438-01A,1.0,0.0,0.0,0.0,0.0
5,1341501,-,5,1348853,+,KICH,1067,TCGA-KM-8438-01A,TCGA-KM-8438-01A,1.0,0.0,0.0,0.0,0.0
5,46597190,-,5,46704079,+,KICH,1068,TCGA-KM-8438-01A,TCGA-KM-8438-01A,1.0,0.0,0.0,0.0,0.0
5,46685315,+,5,46772112,-,KICH,1069,TCGA-KM-8438-01A,TCGA-KM-8438-01A,1.0,0.0,0.0,0.0,0.0
5,60018073,+,5,60042464,-,KICH,1070,TCGA-KM-8438-01A,TCGA-KM-8438-01A,1.0,0.0,0.0,0.0,0.0
5,123583636,+,15,34346730,+,KICH,1071,TCGA-KM-8438-01A,TCGA-KM-8438-01A,1.0,0.0,0.0,0.0,0.0
5,125420152,-,23,142056929,-,KICH,1072,TCGA-KM-8438-01A,TCGA-KM-8438-01A,1.0,0.0,0.0,0.0,0.0
6,19636801,-,8,108097916,+,KICH,1073,TCGA-KM-8438-01A,TCGA-KM-8438-01A,1.0,0.0,0.0,0.0,0.0
6,140898248,-,6,140899079,+,KICH,1074,TCGA-KM-8438-01A,TCGA-KM-8438-01A,1.0,0.0,0.0,0.0,0.0
7,141171440,-,7,141171529,+,KICH,1075,TCGA-KM-8438-01A,TCGA-KM-8438-01A,1.0,0.0,0.0,0.0,0.0
8,37687084,-,23,77626077,+,KICH,1076,TCGA-KM-8438-01A,TCGA-KM-8438-01A,1.0,0.0,0.0,0.0,0.0
8,108204767,-,13,79706082,+,KICH,1077,TCGA-KM-8438-01A,TCGA-KM-8438-01A,1.0,0.0,0.0,0.0,0.0
8,121970132,-,11,34877895,+,KICH,1078,TCGA-KM-8438-01A,TCGA-KM-8438-01A,1.0,0.0,0.0,0.0,0.0
8,125523014,+,8,125532993,-,KICH,1079,TCGA-KM-8438-01A,TCGA-KM-8438-01A,1.0,0.0,0.0,0.0,0.0
9,43950151,-,9,45299328,+,KICH,1080,TCGA-KM-8438-01A,TCGA-KM-8438-01A,1.0,0.0,0.0,0.0,0.0
9,44493952,-,9,45447624,+,KICH,1081,TCGA-KM-8438-01A,TCGA-KM-8438-01A,1.0,0.0,0.0,0.0,0.0
23,147962819,-,23,147979882,+,KICH,1082,TCGA-KM-8438-01A,TCGA-KM-8438-01A,1.0,0.0,0.0,0.0,0.0
1,29418858,+,5,95738899,+,KICH,1083,TCGA-KM-8439-01A,TCGA-KM-8439-01A,1.0,0.0,0.0,0.0,0.0
1,79805469,-,3,98019996,-,KICH,1084,TCGA-KM-8439-01A,TCGA-KM-8439-01A,1.0,0.0,0.0,0.0,0.0
1,122201194,+,1,122210578,-,KICH,1085,TCGA-KM-8439-01A,TCGA-KM-8439-01A,1.0,0.0,0.0,0.0,0.0
13,16002797,+,20,28766236,+,KICH,1086,TCGA-KM-8439-01A,TCGA-KM-8439-01A,1.0,0.0,0.0,0.0,0.0
17,22367456,-,20,26273573,+,KICH,1087,TCGA-KM-8439-01A,TCGA-KM-8439-01A,1.0,0.0,0.0,0.0,0.0
17,22913468,-,17,23193052,+,KICH,1088,TCGA-KM-8439-01A,TCGA-KM-8439-01A,1.0,0.0,0.0,0.0,0.0
17,22914844,+,17,23151765,-,KICH,1089,TCGA-KM-8439-01A,TCGA-KM-8439-01A,1.0,0.0,0.0,0.0,0.0
17,23028645,-,17,23042966,+,KICH,1090,TCGA-KM-8439-01A,TCGA-KM-8439-01A,1.0,0.0,0.0,0.0,0.0
19,49031134,+,19,49056082,+,KICH,1091,TCGA-KM-8439-01A,TCGA-KM-8439-01A,1.0,0.0,0.0,0.0,0.0
2,95966331,+,24,56824494,-,KICH,1092,TCGA-KM-8439-01A,TCGA-KM-8439-01A,1.0,0.0,0.0,0.0,0.0
3,90953158,+,3,91108449,-,KICH,1093,TCGA-KM-8439-01A,TCGA-KM-8439-01A,1.0,0.0,0.0,0.0,0.0
3,90955546,-,3,91233247,+,KICH,1094,TCGA-KM-8439-01A,TCGA-KM-8439-01A,1.0,0.0,0.0,0.0,0.0
3,91042668,-,3,91223803,+,KICH,1095,TCGA-KM-8439-01A,TCGA-KM-8439-01A,1.0,0.0,0.0,0.0,0.0
4,75674719,+,7,147601675,+,KICH,1096,TCGA-KM-8439-01A,TCGA-KM-8439-01A,1.0,0.0,0.0,0.0,0.0
4,105164009,+,5,178249715,+,KICH,1097,TCGA-KM-8439-01A,TCGA-KM-8439-01A,1.0,0.0,0.0,0.0,0.0
4,108711593,+,12,20765818,-,KICH,1098,TCGA-KM-8439-01A,TCGA-KM-8439-01A,1.0,0.0,0.0,0.0,0.0
7,4497355,+,7,9621851,-,KICH,1099,TCGA-KM-8439-01A,TCGA-KM-8439-01A,1.0,0.0,0.0,0.0,0.0
7,4497395,-,7,9622009,+,KICH,1100,TCGA-KM-8439-01A,TCGA-KM-8439-01A,1.0,0.0,0.0,0.0,0.0
9,44366891,-,9,44746433,+,KICH,1101,TCGA-KM-8439-01A,TCGA-KM-8439-01A,1.0,0.0,0.0,0.0,0.0
9,65562510,-,20,29564372,+,KICH,1102,TCGA-KM-8439-01A,TCGA-KM-8439-01A,1.0,0.0,0.0,0.0,0.0
1,31496807,+,11,108449226,+,KICH,1103,TCGA-KM-8440-01A,TCGA-KM-8440-01A,1.0,0.0,0.0,0.0,0.0
10,38714974,-,24,11414262,+,KICH,1104,TCGA-KM-8440-01A,TCGA-KM-8440-01A,1.0,0.0,0.0,0.0,0.0
14,55658299,+,17,68972155,-,KICH,1105,TCGA-KM-8440-01A,TCGA-KM-8440-01A,1.0,0.0,0.0,0.0,0.0
15,19849067,-,22,16095989,+,KICH,1106,TCGA-KM-8440-01A,TCGA-KM-8440-01A,1.0,0.0,0.0,0.0,0.0
16,34256055,-,16,36322591,+,KICH,1107,TCGA-KM-8440-01A,TCGA-KM-8440-01A,1.0,0.0,0.0,0.0,0.0
17,10340669,+,17,10357106,-,KICH,1108,TCGA-KM-8440-01A,TCGA-KM-8440-01A,1.0,0.0,0.0,0.0,0.0
17,38838435,-,22,19652563,+,KICH,1109,TCGA-KM-8440-01A,TCGA-KM-8440-01A,1.0,0.0,0.0,0.0,0.0
18,15731768,+,18,15743553,-,KICH,1110,TCGA-KM-8440-01A,TCGA-KM-8440-01A,1.0,0.0,0.0,0.0,0.0
19,28040177,-,19,28968895,+,KICH,1111,TCGA-KM-8440-01A,TCGA-KM-8440-01A,1.0,0.0,0.0,0.0,0.0
2,93375669,-,2,93671897,+,KICH,1112,TCGA-KM-8440-01A,TCGA-KM-8440-01A,1.0,0.0,0.0,0.0,0.0
2,94518867,-,9,40845800,-,KICH,1113,TCGA-KM-8440-01A,TCGA-KM-8440-01A,1.0,0.0,0.0,0.0,0.0
2,170270938,+,2,170279391,-,KICH,1114,TCGA-KM-8440-01A,TCGA-KM-8440-01A,1.0,0.0,0.0,0.0,0.0
20,15852865,+,20,15948626,-,KICH,1115,TCGA-KM-8440-01A,TCGA-KM-8440-01A,1.0,0.0,0.0,0.0,0.0
3,12978550,+,11,75222184,+,KICH,1116,TCGA-KM-8440-01A,TCGA-KM-8440-01A,1.0,0.0,0.0,0.0,0.0
3,39720159,-,9,17119106,+,KICH,1117,TCGA-KM-8440-01A,TCGA-KM-8440-01A,1.0,0.0,0.0,0.0,0.0
3,60860563,+,3,60860924,+,KICH,1118,TCGA-KM-8440-01A,TCGA-KM-8440-01A,1.0,0.0,0.0,0.0,0.0
3,90864651,+,3,91173097,-,KICH,1119,TCGA-KM-8440-01A,TCGA-KM-8440-01A,1.0,0.0,0.0,0.0,0.0
3,95100893,+,3,95158482,-,KICH,1120,TCGA-KM-8440-01A,TCGA-KM-8440-01A,1.0,0.0,0.0,0.0,0.0
5,49681807,+,5,49684364,-,KICH,1121,TCGA-KM-8440-01A,TCGA-KM-8440-01A,1.0,0.0,0.0,0.0,0.0
5,49892073,-,5,50033549,+,KICH,1122,TCGA-KM-8440-01A,TCGA-KM-8440-01A,1.0,0.0,0.0,0.0,0.0
6,57978965,-,6,60730307,+,KICH,1123,TCGA-KM-8440-01A,TCGA-KM-8440-01A,1.0,0.0,0.0,0.0,0.0
6,133294065,+,22,22106603,-,KICH,1124,TCGA-KM-8440-01A,TCGA-KM-8440-01A,1.0,0.0,0.0,0.0,0.0
7,81153188,+,21,32503568,+,KICH,1125,TCGA-KM-8440-01A,TCGA-KM-8440-01A,1.0,0.0,0.0,0.0,0.0
8,87156274,+,9,127985722,+,KICH,1126,TCGA-KM-8440-01A,TCGA-KM-8440-01A,1.0,0.0,0.0,0.0,0.0
9,60542759,+,13,16272842,+,KICH,1127,TCGA-KM-8440-01A,TCGA-KM-8440-01A,1.0,0.0,0.0,0.0,0.0
9,113951448,+,16,70835008,+,KICH,1128,TCGA-KM-8440-01A,TCGA-KM-8440-01A,1.0,0.0,0.0,0.0,0.0
1,235688978,-,7,37963036,+,KICH,1129,TCGA-KM-8441-01A,TCGA-KM-8441-01A,1.0,0.0,0.0,0.0,0.0
10,2152700,-,11,95287194,-,KICH,1130,TCGA-KM-8441-01A,TCGA-KM-8441-01A,1.0,0.0,0.0,0.0,0.0
13,16339106,+,13,17391774,-,KICH,1131,TCGA-KM-8441-01A,TCGA-KM-8441-01A,1.0,0.0,0.0,0.0,0.0
13,16857728,+,13,16894621,-,KICH,1132,TCGA-KM-8441-01A,TCGA-KM-8441-01A,1.0,0.0,0.0,0.0,0.0
19,14090042,-,22,20450123,+,KICH,1133,TCGA-KM-8441-01A,TCGA-KM-8441-01A,1.0,0.0,0.0,0.0,0.0
19,43192953,-,19,43276036,+,KICH,1134,TCGA-KM-8441-01A,TCGA-KM-8441-01A,1.0,0.0,0.0,0.0,0.0
2,65926155,-,2,65965017,+,KICH,1135,TCGA-KM-8441-01A,TCGA-KM-8441-01A,1.0,0.0,0.0,0.0,0.0
2,222866746,-,14,21525865,-,KICH,1136,TCGA-KM-8441-01A,TCGA-KM-8441-01A,1.0,0.0,0.0,0.0,0.0
20,29290747,-,24,10206441,-,KICH,1137,TCGA-KM-8441-01A,TCGA-KM-8441-01A,1.0,0.0,0.0,0.0,0.0
20,29974092,-,20,29984912,+,KICH,1138,TCGA-KM-8441-01A,TCGA-KM-8441-01A,1.0,0.0,0.0,0.0,0.0
3,90876705,-,3,90951605,+,KICH,1139,TCGA-KM-8441-01A,TCGA-KM-8441-01A,1.0,0.0,0.0,0.0,0.0
4,51640987,+,4,51721190,-,KICH,1140,TCGA-KM-8441-01A,TCGA-KM-8441-01A,1.0,0.0,0.0,0.0,0.0
5,49667572,-,5,49708034,+,KICH,1141,TCGA-KM-8441-01A,TCGA-KM-8441-01A,1.0,0.0,0.0,0.0,0.0
5,126739867,-,7,79324706,+,KICH,1142,TCGA-KM-8441-01A,TCGA-KM-8441-01A,1.0,0.0,0.0,0.0,0.0
9,43692947,+,9,45129120,-,KICH,1143,TCGA-KM-8441-01A,TCGA-KM-8441-01A,1.0,0.0,0.0,0.0,0.0
1,55023545,-,14,50894003,+,KICH,1144,TCGA-KM-8442-01A,TCGA-KM-8442-01A,1.0,0.0,0.0,0.0,0.0
1,72517968,-,4,64868440,+,KICH,1145,TCGA-KM-8442-01A,TCGA-KM-8442-01A,1.0,0.0,0.0,0.0,0.0
12,117436937,+,12,117438186,-,KICH,1146,TCGA-KM-8442-01A,TCGA-KM-8442-01A,1.0,0.0,0.0,0.0,0.0
13,16734062,-,13,17059786,+,KICH,1147,TCGA-KM-8442-01A,TCGA-KM-8442-01A,1.0,0.0,0.0,0.0,0.0
14,68794835,-,16,53010804,-,KICH,1148,TCGA-KM-8442-01A,TCGA-KM-8442-01A,1.0,0.0,0.0,0.0,0.0
17,26572197,-,17,26574651,+,KICH,1149,TCGA-KM-8442-01A,TCGA-KM-8442-01A,1.0,0.0,0.0,0.0,0.0
18,15665568,-,18,15711623,+,KICH,1150,TCGA-KM-8442-01A,TCGA-KM-8442-01A,1.0,0.0,0.0,0.0,0.0
19,3587913,-,19,3591792,+,KICH,1151,TCGA-KM-8442-01A,TCGA-KM-8442-01A,1.0,0.0,0.0,0.0,0.0
19,14089976,-,22,20450109,+,KICH,1152,TCGA-KM-8442-01A,TCGA-KM-8442-01A,1.0,0.0,0.0,0.0,0.0
2,94557548,-,2,132218774,+,KICH,1153,TCGA-KM-8442-01A,TCGA-KM-8442-01A,1.0,0.0,0.0,0.0,0.0
2,103131779,-,12,31840470,+,KICH,1154,TCGA-KM-8442-01A,TCGA-KM-8442-01A,1.0,0.0,0.0,0.0,0.0
20,21077007,-,20,21078253,+,KICH,1155,TCGA-KM-8442-01A,TCGA-KM-8442-01A,1.0,0.0,0.0,0.0,0.0
3,9486047,-,9,95282112,+,KICH,1156,TCGA-KM-8442-01A,TCGA-KM-8442-01A,1.0,0.0,0.0,0.0,0.0
3,77742104,-,12,126928685,+,KICH,1157,TCGA-KM-8442-01A,TCGA-KM-8442-01A,1.0,0.0,0.0,0.0,0.0
3,133861816,+,3,133864467,-,KICH,1158,TCGA-KM-8442-01A,TCGA-KM-8442-01A,1.0,0.0,0.0,0.0,0.0
3,185427777,+,3,185443095,-,KICH,1159,TCGA-KM-8442-01A,TCGA-KM-8442-01A,1.0,0.0,0.0,0.0,0.0
5,180228489,-,10,75268850,+,KICH,1160,TCGA-KM-8442-01A,TCGA-KM-8442-01A,1.0,0.0,0.0,0.0,0.0
6,58055944,-,6,60810270,+,KICH,1161,TCGA-KM-8442-01A,TCGA-KM-8442-01A,1.0,0.0,0.0,0.0,0.0
6,147611150,+,23,40048042,+,KICH,1162,TCGA-KM-8442-01A,TCGA-KM-8442-01A,1.0,0.0,0.0,0.0,0.0
6,160661160,-,22,22110022,+,KICH,1163,TCGA-KM-8442-01A,TCGA-KM-8442-01A,1.0,0.0,0.0,0.0,0.0
8,16285587,-,8,16285761,+,KICH,1164,TCGA-KM-8442-01A,TCGA-KM-8442-01A,1.0,0.0,0.0,0.0,0.0
8,87428420,-,18,43735183,+,KICH,1165,TCGA-KM-8442-01A,TCGA-KM-8442-01A,1.0,0.0,0.0,0.0,0.0
1,116606611,-,13,18289044,+,KICH,1166,TCGA-KM-8443-01A,TCGA-KM-8443-01A,1.0,0.0,0.0,0.0,0.0
1,123137221,+,5,47297560,-,KICH,1167,TCGA-KM-8443-01A,TCGA-KM-8443-01A,1.0,0.0,0.0,0.0,0.0
1,207214039,+,1,238446087,+,KICH,1168,TCGA-KM-8443-01A,TCGA-KM-8443-01A,1.0,0.0,0.0,0.0,0.0
10,73945268,-,11,101231031,-,KICH,1169,TCGA-KM-8443-01A,TCGA-KM-8443-01A,1.0,0.0,0.0,0.0,0.0
11,47642219,-,14,68794799,-,KICH,1170,TCGA-KM-8443-01A,TCGA-KM-8443-01A,1.0,0.0,0.0,0.0,0.0
11,51531187,-,11,52898231,+,KICH,1171,TCGA-KM-8443-01A,TCGA-KM-8443-01A,1.0,0.0,0.0,0.0,0.0
13,18290857,+,13,18297161,-,KICH,1172,TCGA-KM-8443-01A,TCGA-KM-8443-01A,1.0,0.0,0.0,0.0,0.0
13,19841879,-,13,35317599,+,KICH,1173,TCGA-KM-8443-01A,TCGA-KM-8443-01A,1.0,0.0,0.0,0.0,0.0
13,20051914,+,13,70101479,-,KICH,1174,TCGA-KM-8443-01A,TCGA-KM-8443-01A,1.0,0.0,0.0,0.0,0.0
13,20182504,+,13,45175218,-,KICH,1175,TCGA-KM-8443-01A,TCGA-KM-8443-01A,1.0,0.0,0.0,0.0,0.0
13,22895487,-,13,25040116,-,KICH,1176,TCGA-KM-8443-01A,TCGA-KM-8443-01A,1.0,0.0,0.0,0.0,0.0
13,23074053,+,13,53580566,-,KICH,1177,TCGA-KM-8443-01A,TCGA-KM-8443-01A,1.0,0.0,0.0,0.0,0.0
13,23139867,-,13,23141403,-,KICH,1178,TCGA-KM-8443-01A,TCGA-KM-8443-01A,1.0,0.0,0.0,0.0,0.0
13,23140131,+,13,23141150,+,KICH,1179,TCGA-KM-8443-01A,TCGA-KM-8443-01A,1.0,0.0,0.0,0.0,0.0
13,23140390,-,13,70117835,+,KICH,1180,TCGA-KM-8443-01A,TCGA-KM-8443-01A,1.0,0.0,0.0,0.0,0.0
13,23166484,+,13,23169417,+,KICH,1181,TCGA-KM-8443-01A,TCGA-KM-8443-01A,1.0,0.0,0.0,0.0,0.0
13,24833079,-,13,111005376,-,KICH,1182,TCGA-KM-8443-01A,TCGA-KM-8443-01A,1.0,0.0,0.0,0.0,0.0
13,29396682,+,13,101644830,+,KICH,1183,TCGA-KM-8443-01A,TCGA-KM-8443-01A,1.0,0.0,0.0,0.0,0.0
13,32513326,-,13,74890615,+,KICH,1184,TCGA-KM-8443-01A,TCGA-KM-8443-01A,1.0,0.0,0.0,0.0,0.0
13,32515605,+,13,54058070,+,KICH,1185,TCGA-KM-8443-01A,TCGA-KM-8443-01A,1.0,0.0,0.0,0.0,0.0
13,35287979,-,13,35288691,-,KICH,1186,TCGA-KM-8443-01A,TCGA-KM-8443-01A,1.0,0.0,0.0,0.0,0.0
13,36479763,-,13,37982643,-,KICH,1187,TCGA-KM-8443-01A,TCGA-KM-8443-01A,1.0,0.0,0.0,0.0,0.0
13,36479785,-,13,37983215,+,KICH,1188,TCGA-KM-8443-01A,TCGA-KM-8443-01A,1.0,0.0,0.0,0.0,0.0
13,36480248,+,13,36480691,+,KICH,1189,TCGA-KM-8443-01A,TCGA-KM-8443-01A,1.0,0.0,0.0,0.0,0.0
13,38152274,+,13,104714091,+,KICH,1190,TCGA-KM-8443-01A,TCGA-KM-8443-01A,1.0,0.0,0.0,0.0,0.0
13,38241836,-,13,48815934,-,KICH,1191,TCGA-KM-8443-01A,TCGA-KM-8443-01A,1.0,0.0,0.0,0.0,0.0
13,40028370,+,13,107086621,+,KICH,1192,TCGA-KM-8443-01A,TCGA-KM-8443-01A,1.0,0.0,0.0,0.0,0.0
13,40924865,+,13,75861233,+,KICH,1193,TCGA-KM-8443-01A,TCGA-KM-8443-01A,1.0,0.0,0.0,0.0,0.0
13,41401390,+,13,102632159,-,KICH,1194,TCGA-KM-8443-01A,TCGA-KM-8443-01A,1.0,0.0,0.0,0.0,0.0
13,42096002,-,13,77309707,+,KICH,1195,TCGA-KM-8443-01A,TCGA-KM-8443-01A,1.0,0.0,0.0,0.0,0.0
13,42589167,+,13,87570306,-,KICH,1196,TCGA-KM-8443-01A,TCGA-KM-8443-01A,1.0,0.0,0.0,0.0,0.0
13,44049813,-,13,99998608,-,KICH,1197,TCGA-KM-8443-01A,TCGA-KM-8443-01A,1.0,0.0,0.0,0.0,0.0
13,44075172,+,21,9185815,-,KICH,1198,TCGA-KM-8443-01A,TCGA-KM-8443-01A,1.0,0.0,0.0,0.0,0.0
13,44076490,-,13,82591244,+,KICH,1199,TCGA-KM-8443-01A,TCGA-KM-8443-01A,1.0,0.0,0.0,0.0,0.0
13,44742832,-,13,45586099,+,KICH,1200,TCGA-KM-8443-01A,TCGA-KM-8443-01A,1.0,0.0,0.0,0.0,0.0
13,44782827,-,13,95906532,-,KICH,1201,TCGA-KM-8443-01A,TCGA-KM-8443-01A,1.0,0.0,0.0,0.0,0.0
13,44895702,-,13,93645775,+,KICH,1202,TCGA-KM-8443-01A,TCGA-KM-8443-01A,1.0,0.0,0.0,0.0,0.0
13,44929410,+,13,87601958,-,KICH,1203,TCGA-KM-8443-01A,TCGA-KM-8443-01A,1.0,0.0,0.0,0.0,0.0
13,48348124,-,13,48348983,-,KICH,1204,TCGA-KM-8443-01A,TCGA-KM-8443-01A,1.0,0.0,0.0,0.0,0.0
13,48392596,-,13,107074064,-,KICH,1205,TCGA-KM-8443-01A,TCGA-KM-8443-01A,1.0,0.0,0.0,0.0,0.0
13,48392923,+,13,56309689,+,KICH,1206,TCGA-KM-8443-01A,TCGA-KM-8443-01A,1.0,0.0,0.0,0.0,0.0
13,48401655,+,13,52436338,-,KICH,1207,TCGA-KM-8443-01A,TCGA-KM-8443-01A,1.0,0.0,0.0,0.0,0.0
13,48789961,-,13,102632335,+,KICH,1208,TCGA-KM-8443-01A,TCGA-KM-8443-01A,1.0,0.0,0.0,0.0,0.0
13,48820749,+,13,53798731,+,KICH,1209,TCGA-KM-8443-01A,TCGA-KM-8443-01A,1.0,0.0,0.0,0.0,0.0
13,49145249,+,13,72742253,+,KICH,1210,TCGA-KM-8443-01A,TCGA-KM-8443-01A,1.0,0.0,0.0,0.0,0.0
13,50081257,-,13,58634205,+,KICH,1211,TCGA-KM-8443-01A,TCGA-KM-8443-01A,1.0,0.0,0.0,0.0,0.0
13,51909201,-,13,107050515,-,KICH,1212,TCGA-KM-8443-01A,TCGA-KM-8443-01A,1.0,0.0,0.0,0.0,0.0
13,51909536,-,13,107049803,-,KICH,1213,TCGA-KM-8443-01A,TCGA-KM-8443-01A,1.0,0.0,0.0,0.0,0.0
13,52469106,+,13,93644015,-,KICH,1214,TCGA-KM-8443-01A,TCGA-KM-8443-01A,1.0,0.0,0.0,0.0,0.0
13,53499046,-,13,86031057,-,KICH,1215,TCGA-KM-8443-01A,TCGA-KM-8443-01A,1.0,0.0,0.0,0.0,0.0
13,53790406,-,13,108422210,-,KICH,1216,TCGA-KM-8443-01A,TCGA-KM-8443-01A,1.0,0.0,0.0,0.0,0.0
13,54501844,-,13,85973817,-,KICH,1217,TCGA-KM-8443-01A,TCGA-KM-8443-01A,1.0,0.0,0.0,0.0,0.0
13,55021209,-,13,55022121,-,KICH,1218,TCGA-KM-8443-01A,TCGA-KM-8443-01A,1.0,0.0,0.0,0.0,0.0
13,55414350,+,13,60670101,+,KICH,1219,TCGA-KM-8443-01A,TCGA-KM-8443-01A,1.0,0.0,0.0,0.0,0.0
13,55557153,-,13,97699903,-,KICH,1220,TCGA-KM-8443-01A,TCGA-KM-8443-01A,1.0,0.0,0.0,0.0,0.0
13,55708790,+,13,74289123,-,KICH,1221,TCGA-KM-8443-01A,TCGA-KM-8443-01A,1.0,0.0,0.0,0.0,0.0
13,58633415,-,13,58634656,-,KICH,1222,TCGA-KM-8443-01A,TCGA-KM-8443-01A,1.0,0.0,0.0,0.0,0.0
13,58854904,+,13,104515454,-,KICH,1223,TCGA-KM-8443-01A,TCGA-KM-8443-01A,1.0,0.0,0.0,0.0,0.0
13,59668945,+,13,63983854,-,KICH,1224,TCGA-KM-8443-01A,TCGA-KM-8443-01A,1.0,0.0,0.0,0.0,0.0
13,60479604,-,13,60480536,-,KICH,1225,TCGA-KM-8443-01A,TCGA-KM-8443-01A,1.0,0.0,0.0,0.0,0.0
13,60480737,+,13,62712968,-,KICH,1226,TCGA-KM-8443-01A,TCGA-KM-8443-01A,1.0,0.0,0.0,0.0,0.0
13,66597849,+,13,66598876,+,KICH,1227,TCGA-KM-8443-01A,TCGA-KM-8443-01A,1.0,0.0,0.0,0.0,0.0
13,72218169,+,13,90723854,-,KICH,1228,TCGA-KM-8443-01A,TCGA-KM-8443-01A,1.0,0.0,0.0,0.0,0.0
13,72219469,-,13,72220487,-,KICH,1229,TCGA-KM-8443-01A,TCGA-KM-8443-01A,1.0,0.0,0.0,0.0,0.0
13,72220537,+,13,101635874,+,KICH,1230,TCGA-KM-8443-01A,TCGA-KM-8443-01A,1.0,0.0,0.0,0.0,0.0
13,72535957,-,13,113333570,+,KICH,1231,TCGA-KM-8443-01A,TCGA-KM-8443-01A,1.0,0.0,0.0,0.0,0.0
13,72536163,+,13,108426177,+,KICH,1232,TCGA-KM-8443-01A,TCGA-KM-8443-01A,1.0,0.0,0.0,0.0,0.0
13,74276812,+,13,104975356,-,KICH,1233,TCGA-KM-8443-01A,TCGA-KM-8443-01A,1.0,0.0,0.0,0.0,0.0
13,74303432,+,13,90725867,+,KICH,1234,TCGA-KM-8443-01A,TCGA-KM-8443-01A,1.0,0.0,0.0,0.0,0.0
13,75700210,-,13,82541659,+,KICH,1235,TCGA-KM-8443-01A,TCGA-KM-8443-01A,1.0,0.0,0.0,0.0,0.0
13,82486459,-,13,105044746,+,KICH,1236,TCGA-KM-8443-01A,TCGA-KM-8443-01A,1.0,0.0,0.0,0.0,0.0
13,82782262,-,13,101747619,-,KICH,1237,TCGA-KM-8443-01A,TCGA-KM-8443-01A,1.0,0.0,0.0,0.0,0.0
13,82784469,+,13,107268857,-,KICH,1238,TCGA-KM-8443-01A,TCGA-KM-8443-01A,1.0,0.0,0.0,0.0,0.0
13,86035297,+,13,101662661,+,KICH,1239,TCGA-KM-8443-01A,TCGA-KM-8443-01A,1.0,0.0,0.0,0.0,0.0
13,86050115,+,13,107281649,+,KICH,1240,TCGA-KM-8443-01A,TCGA-KM-8443-01A,1.0,0.0,0.0,0.0,0.0
13,90761396,-,13,111367979,-,KICH,1241,TCGA-KM-8443-01A,TCGA-KM-8443-01A,1.0,0.0,0.0,0.0,0.0
13,93639199,-,13,110748190,+,KICH,1242,TCGA-KM-8443-01A,TCGA-KM-8443-01A,1.0,0.0,0.0,0.0,0.0
13,93691841,+,13,110747796,-,KICH,1243,TCGA-KM-8443-01A,TCGA-KM-8443-01A,1.0,0.0,0.0,0.0,0.0
13,101748409,+,13,101749033,+,KICH,1244,TCGA-KM-8443-01A,TCGA-KM-8443-01A,1.0,0.0,0.0,0.0,0.0
13,102596265,-,13,113027383,-,KICH,1245,TCGA-KM-8443-01A,TCGA-KM-8443-01A,1.0,0.0,0.0,0.0,0.0
14,73552678,-,14,73585065,+,KICH,1246,TCGA-KM-8443-01A,TCGA-KM-8443-01A,1.0,0.0,0.0,0.0,0.0
15,31564537,-,15,31633820,+,KICH,1247,TCGA-KM-8443-01A,TCGA-KM-8443-01A,1.0,0.0,0.0,0.0,0.0
18,15470468,-,18,15686689,+,KICH,1248,TCGA-KM-8443-01A,TCGA-KM-8443-01A,1.0,0.0,0.0,0.0,0.0
18,15754752,-,18,15785401,+,KICH,1249,TCGA-KM-8443-01A,TCGA-KM-8443-01A,1.0,0.0,0.0,0.0,0.0
18,15847868,-,18,20066115,+,KICH,1250,TCGA-KM-8443-01A,TCGA-KM-8443-01A,1.0,0.0,0.0,0.0,0.0
2,91952282,-,24,11407361,+,KICH,1251,TCGA-KM-8443-01A,TCGA-KM-8443-01A,1.0,0.0,0.0,0.0,0.0
2,92866350,+,2,92876328,-,KICH,1252,TCGA-KM-8443-01A,TCGA-KM-8443-01A,1.0,0.0,0.0,0.0,0.0
2,194703911,-,7,38570944,+,KICH,1253,TCGA-KM-8443-01A,TCGA-KM-8443-01A,1.0,0.0,0.0,0.0,0.0
3,136893179,+,4,4701049,+,KICH,1254,TCGA-KM-8443-01A,TCGA-KM-8443-01A,1.0,0.0,0.0,0.0,0.0
3,194531314,-,9,74585812,+,KICH,1255,TCGA-KM-8443-01A,TCGA-KM-8443-01A,1.0,0.0,0.0,0.0,0.0
4,51407892,-,4,51640989,+,KICH,1256,TCGA-KM-8443-01A,TCGA-KM-8443-01A,1.0,0.0,0.0,0.0,0.0
4,113366052,-,4,113404790,+,KICH,1257,TCGA-KM-8443-01A,TCGA-KM-8443-01A,1.0,0.0,0.0,0.0,0.0
4,189352518,+,16,82842098,-,KICH,1258,TCGA-KM-8443-01A,TCGA-KM-8443-01A,1.0,0.0,0.0,0.0,0.0
5,615471,-,5,616202,-,KICH,1259,TCGA-KM-8443-01A,TCGA-KM-8443-01A,1.0,0.0,0.0,0.0,0.0
5,616543,+,13,66095133,-,KICH,1260,TCGA-KM-8443-01A,TCGA-KM-8443-01A,1.0,0.0,0.0,0.0,0.0
5,928842,-,5,92262776,+,KICH,1261,TCGA-KM-8443-01A,TCGA-KM-8443-01A,1.0,0.0,0.0,0.0,0.0
5,935213,+,13,104668446,-,KICH,1262,TCGA-KM-8443-01A,TCGA-KM-8443-01A,1.0,0.0,0.0,0.0,0.0
5,1305185,+,13,52114529,+,KICH,1263,TCGA-KM-8443-01A,TCGA-KM-8443-01A,1.0,0.0,0.0,0.0,0.0
5,2825817,-,5,105365841,-,KICH,1264,TCGA-KM-8443-01A,TCGA-KM-8443-01A,1.0,0.0,0.0,0.0,0.0
5,2826427,-,5,139525053,+,KICH,1265,TCGA-KM-8443-01A,TCGA-KM-8443-01A,1.0,0.0,0.0,0.0,0.0
5,2827982,+,5,2828699,+,KICH,1266,TCGA-KM-8443-01A,TCGA-KM-8443-01A,1.0,0.0,0.0,0.0,0.0
5,2837707,-,5,146257165,-,KICH,1267,TCGA-KM-8443-01A,TCGA-KM-8443-01A,1.0,0.0,0.0,0.0,0.0
5,2845642,+,5,56852748,+,KICH,1268,TCGA-KM-8443-01A,TCGA-KM-8443-01A,1.0,0.0,0.0,0.0,0.0
5,5961236,+,13,91112594,-,KICH,1269,TCGA-KM-8443-01A,TCGA-KM-8443-01A,1.0,0.0,0.0,0.0,0.0
5,6257842,-,13,101654558,+,KICH,1270,TCGA-KM-8443-01A,TCGA-KM-8443-01A,1.0,0.0,0.0,0.0,0.0
5,6260064,+,13,102619207,+,KICH,1271,TCGA-KM-8443-01A,TCGA-KM-8443-01A,1.0,0.0,0.0,0.0,0.0
5,6297122,-,13,113113510,+,KICH,1272,TCGA-KM-8443-01A,TCGA-KM-8443-01A,1.0,0.0,0.0,0.0,0.0
5,6299815,+,13,53876152,-,KICH,1273,TCGA-KM-8443-01A,TCGA-KM-8443-01A,1.0,0.0,0.0,0.0,0.0
5,6352360,-,13,90728510,-,KICH,1274,TCGA-KM-8443-01A,TCGA-KM-8443-01A,1.0,0.0,0.0,0.0,0.0
5,6569218,+,5,114258025,-,KICH,1275,TCGA-KM-8443-01A,TCGA-KM-8443-01A,1.0,0.0,0.0,0.0,0.0
5,9094216,-,5,161552489,+,KICH,1276,TCGA-KM-8443-01A,TCGA-KM-8443-01A,1.0,0.0,0.0,0.0,0.0
5,9724603,-,13,64106023,+,KICH,1277,TCGA-KM-8443-01A,TCGA-KM-8443-01A,1.0,0.0,0.0,0.0,0.0
5,9777255,+,5,154859770,-,KICH,1278,TCGA-KM-8443-01A,TCGA-KM-8443-01A,1.0,0.0,0.0,0.0,0.0
5,12345123,-,5,149760683,-,KICH,1279,TCGA-KM-8443-01A,TCGA-KM-8443-01A,1.0,0.0,0.0,0.0,0.0
5,12684814,+,13,51501626,+,KICH,1280,TCGA-KM-8443-01A,TCGA-KM-8443-01A,1.0,0.0,0.0,0.0,0.0
5,35197458,-,13,111022052,-,KICH,1281,TCGA-KM-8443-01A,TCGA-KM-8443-01A,1.0,0.0,0.0,0.0,0.0
5,35796734,+,13,41804573,+,KICH,1282,TCGA-KM-8443-01A,TCGA-KM-8443-01A,1.0,0.0,0.0,0.0,0.0
5,49759480,+,5,49938157,-,KICH,1283,TCGA-KM-8443-01A,TCGA-KM-8443-01A,1.0,0.0,0.0,0.0,0.0
5,50749994,-,5,166562412,+,KICH,1284,TCGA-KM-8443-01A,TCGA-KM-8443-01A,1.0,0.0,0.0,0.0,0.0
5,51261056,+,5,146331006,+,KICH,1285,TCGA-KM-8443-01A,TCGA-KM-8443-01A,1.0,0.0,0.0,0.0,0.0
5,55933813,-,13,66171803,+,KICH,1286,TCGA-KM-8443-01A,TCGA-KM-8443-01A,1.0,0.0,0.0,0.0,0.0
5,55993435,+,13,55576118,+,KICH,1287,TCGA-KM-8443-01A,TCGA-KM-8443-01A,1.0,0.0,0.0,0.0,0.0
5,56599418,-,13,91137291,-,KICH,1288,TCGA-KM-8443-01A,TCGA-KM-8443-01A,1.0,0.0,0.0,0.0,0.0
5,57181910,-,5,161368221,+,KICH,1289,TCGA-KM-8443-01A,TCGA-KM-8443-01A,1.0,0.0,0.0,0.0,0.0
5,57245428,+,5,57246321,+,KICH,1290,TCGA-KM-8443-01A,TCGA-KM-8443-01A,1.0,0.0,0.0,0.0,0.0
5,57245436,-,13,97336755,-,KICH,1291,TCGA-KM-8443-01A,TCGA-KM-8443-01A,1.0,0.0,0.0,0.0,0.0
5,57249368,-,5,96939995,+,KICH,1292,TCGA-KM-8443-01A,TCGA-KM-8443-01A,1.0,0.0,0.0,0.0,0.0
5,63577101,-,5,146083521,-,KICH,1293,TCGA-KM-8443-01A,TCGA-KM-8443-01A,1.0,0.0,0.0,0.0,0.0
5,63581424,+,5,174984980,+,KICH,1294,TCGA-KM-8443-01A,TCGA-KM-8443-01A,1.0,0.0,0.0,0.0,0.0
5,65676370,-,13,71775021,-,KICH,1295,TCGA-KM-8443-01A,TCGA-KM-8443-01A,1.0,0.0,0.0,0.0,0.0
5,79354958,+,13,66597655,-,KICH,1296,TCGA-KM-8443-01A,TCGA-KM-8443-01A,1.0,0.0,0.0,0.0,0.0
5,80895468,-,5,102477424,-,KICH,1297,TCGA-KM-8443-01A,TCGA-KM-8443-01A,1.0,0.0,0.0,0.0,0.0
5,80956567,+,13,97717672,+,KICH,1298,TCGA-KM-8443-01A,TCGA-KM-8443-01A,1.0,0.0,0.0,0.0,0.0
5,81802568,+,13,51282538,-,KICH,1299,TCGA-KM-8443-01A,TCGA-KM-8443-01A,1.0,0.0,0.0,0.0,0.0
5,83809793,-,13,91058989,-,KICH,1300,TCGA-KM-8443-01A,TCGA-KM-8443-01A,1.0,0.0,0.0,0.0,0.0
5,83939311,-,13,48348977,+,KICH,1301,TCGA-KM-8443-01A,TCGA-KM-8443-01A,1.0,0.0,0.0,0.0,0.0
5,83990339,+,5,155530599,-,KICH,1302,TCGA-KM-8443-01A,TCGA-KM-8443-01A,1.0,0.0,0.0,0.0,0.0
5,84021065,-,5,90431518,-,KICH,1303,TCGA-KM-8443-01A,TCGA-KM-8443-01A,1.0,0.0,0.0,0.0,0.0
5,84612093,+,5,84613427,+,KICH,1304,TCGA-KM-8443-01A,TCGA-KM-8443-01A,1.0,0.0,0.0,0.0,0.0
5,86075783,-,5,86076616,-,KICH,1305,TCGA-KM-8443-01A,TCGA-KM-8443-01A,1.0,0.0,0.0,0.0,0.0
5,86076646,+,5,105477992,-,KICH,1306,TCGA-KM-8443-01A,TCGA-KM-8443-01A,1.0,0.0,0.0,0.0,0.0
5,86508287,+,13,54812991,+,KICH,1307,TCGA-KM-8443-01A,TCGA-KM-8443-01A,1.0,0.0,0.0,0.0,0.0
5,87379103,-,5,161348083,+,KICH,1308,TCGA-KM-8443-01A,TCGA-KM-8443-01A,1.0,0.0,0.0,0.0,0.0
5,87615037,+,13,57399666,+,KICH,1309,TCGA-KM-8443-01A,TCGA-KM-8443-01A,1.0,0.0,0.0,0.0,0.0
5,89566514,-,5,144570657,-,KICH,1310,TCGA-KM-8443-01A,TCGA-KM-8443-01A,1.0,0.0,0.0,0.0,0.0
5,89735302,+,13,101627595,-,KICH,1311,TCGA-KM-8443-01A,TCGA-KM-8443-01A,1.0,0.0,0.0,0.0,0.0
5,90463364,+,5,90464333,+,KICH,1312,TCGA-KM-8443-01A,TCGA-KM-8443-01A,1.0,0.0,0.0,0.0,0.0
5,90463379,+,13,91120969,+,KICH,1313,TCGA-KM-8443-01A,TCGA-KM-8443-01A,1.0,0.0,0.0,0.0,0.0
5,90464063,-,13,91120971,+,KICH,1314,TCGA-KM-8443-01A,TCGA-KM-8443-01A,1.0,0.0,0.0,0.0,0.0
5,91455641,-,13,58429016,+,KICH,1315,TCGA-KM-8443-01A,TCGA-KM-8443-01A,1.0,0.0,0.0,0.0,0.0
5,91462284,-,5,143580029,+,KICH,1316,TCGA-KM-8443-01A,TCGA-KM-8443-01A,1.0,0.0,0.0,0.0,0.0
5,91462551,+,5,91463224,+,KICH,1317,TCGA-KM-8443-01A,TCGA-KM-8443-01A,1.0,0.0,0.0,0.0,0.0
5,92261828,-,5,92262433,-,KICH,1318,TCGA-KM-8443-01A,TCGA-KM-8443-01A,1.0,0.0,0.0,0.0,0.0
5,92317230,+,5,92317874,+,KICH,1319,TCGA-KM-8443-01A,TCGA-KM-8443-01A,1.0,0.0,0.0,0.0,0.0
5,92317301,-,13,59529564,+,KICH,1320,TCGA-KM-8443-01A,TCGA-KM-8443-01A,1.0,0.0,0.0,0.0,0.0
5,94993786,-,13,102492872,+,KICH,1321,TCGA-KM-8443-01A,TCGA-KM-8443-01A,1.0,0.0,0.0,0.0,0.0
5,95322979,+,13,110184366,-,KICH,1322,TCGA-KM-8443-01A,TCGA-KM-8443-01A,1.0,0.0,0.0,0.0,0.0
5,95578383,-,5,139788506,-,KICH,1323,TCGA-KM-8443-01A,TCGA-KM-8443-01A,1.0,0.0,0.0,0.0,0.0
5,95921380,+,13,45171060,+,KICH,1324,TCGA-KM-8443-01A,TCGA-KM-8443-01A,1.0,0.0,0.0,0.0,0.0
5,96270282,-,13,110275807,+,KICH,1325,TCGA-KM-8443-01A,TCGA-KM-8443-01A,1.0,0.0,0.0,0.0,0.0
5,96383457,+,13,97637547,+,KICH,1326,TCGA-KM-8443-01A,TCGA-KM-8443-01A,1.0,0.0,0.0,0.0,0.0
5,96413236,-,13,55411784,+,KICH,1327,TCGA-KM-8443-01A,TCGA-KM-8443-01A,1.0,0.0,0.0,0.0,0.0
5,102064249,-,13,27971563,-,KICH,1328,TCGA-KM-8443-01A,TCGA-KM-8443-01A,1.0,0.0,0.0,0.0,0.0
5,102482528,+,13,38276196,+,KICH,1329,TCGA-KM-8443-01A,TCGA-KM-8443-01A,1.0,0.0,0.0,0.0,0.0
5,102655591,+,13,91199835,+,KICH,1330,TCGA-KM-8443-01A,TCGA-KM-8443-01A,1.0,0.0,0.0,0.0,0.0
5,102706660,-,5,157116520,+,KICH,1331,TCGA-KM-8443-01A,TCGA-KM-8443-01A,1.0,0.0,0.0,0.0,0.0
5,102707765,+,13,41539117,+,KICH,1332,TCGA-KM-8443-01A,TCGA-KM-8443-01A,1.0,0.0,0.0,0.0,0.0
5,104333717,-,13,78613950,-,KICH,1333,TCGA-KM-8443-01A,TCGA-KM-8443-01A,1.0,0.0,0.0,0.0,0.0
5,104333718,-,5,130770115,-,KICH,1334,TCGA-KM-8443-01A,TCGA-KM-8443-01A,1.0,0.0,0.0,0.0,0.0
5,104412256,+,5,151204136,-,KICH,1335,TCGA-KM-8443-01A,TCGA-KM-8443-01A,1.0,0.0,0.0,0.0,0.0
5,104422358,-,13,52003719,-,KICH,1336,TCGA-KM-8443-01A,TCGA-KM-8443-01A,1.0,0.0,0.0,0.0,0.0
5,104465757,+,13,44213422,+,KICH,1337,TCGA-KM-8443-01A,TCGA-KM-8443-01A,1.0,0.0,0.0,0.0,0.0
5,105474588,+,13,25105706,+,KICH,1338,TCGA-KM-8443-01A,TCGA-KM-8443-01A,1.0,0.0,0.0,0.0,0.0
5,105541706,+,5,130629204,-,KICH,1339,TCGA-KM-8443-01A,TCGA-KM-8443-01A,1.0,0.0,0.0,0.0,0.0
5,108316945,+,5,166852160,+,KICH,1340,TCGA-KM-8443-01A,TCGA-KM-8443-01A,1.0,0.0,0.0,0.0,0.0
5,108317075,-,13,100024502,+,KICH,1341,TCGA-KM-8443-01A,TCGA-KM-8443-01A,1.0,0.0,0.0,0.0,0.0
5,108386516,+,13,48669548,+,KICH,1342,TCGA-KM-8443-01A,TCGA-KM-8443-01A,1.0,0.0,0.0,0.0,0.0
5,109135904,-,5,155058468,+,KICH,1343,TCGA-KM-8443-01A,TCGA-KM-8443-01A,1.0,0.0,0.0,0.0,0.0
5,111083632,-,13,52405274,+,KICH,1344,TCGA-KM-8443-01A,TCGA-KM-8443-01A,1.0,0.0,0.0,0.0,0.0
5,112670380,+,5,112671020,+,KICH,1345,TCGA-KM-8443-01A,TCGA-KM-8443-01A,1.0,0.0,0.0,0.0,0.0
5,112670682,-,5,113570266,+,KICH,1346,TCGA-KM-8443-01A,TCGA-KM-8443-01A,1.0,0.0,0.0,0.0,0.0
5,113568970,-,5,113569910,-,KICH,1347,TCGA-KM-8443-01A,TCGA-KM-8443-01A,1.0,0.0,0.0,0.0,0.0
5,113630848,+,13,114282971,-,KICH,1348,TCGA-KM-8443-01A,TCGA-KM-8443-01A,1.0,0.0,0.0,0.0,0.0
5,114267455,+,13,107050642,+,KICH,1349,TCGA-KM-8443-01A,TCGA-KM-8443-01A,1.0,0.0,0.0,0.0,0.0
5,114994132,-,13,27960747,+,KICH,1350,TCGA-KM-8443-01A,TCGA-KM-8443-01A,1.0,0.0,0.0,0.0,0.0
5,115346272,+,5,115346524,-,KICH,1351,TCGA-KM-8443-01A,TCGA-KM-8443-01A,1.0,0.0,0.0,0.0,0.0
5,116982545,-,13,64803313,+,KICH,1352,TCGA-KM-8443-01A,TCGA-KM-8443-01A,1.0,0.0,0.0,0.0,0.0
5,117001441,+,5,174315625,-,KICH,1353,TCGA-KM-8443-01A,TCGA-KM-8443-01A,1.0,0.0,0.0,0.0,0.0
5,119286889,-,5,144563493,+,KICH,1354,TCGA-KM-8443-01A,TCGA-KM-8443-01A,1.0,0.0,0.0,0.0,0.0
5,119397042,+,13,23166505,-,KICH,1355,TCGA-KM-8443-01A,TCGA-KM-8443-01A,1.0,0.0,0.0,0.0,0.0
5,122047231,-,13,87655783,+,KICH,1356,TCGA-KM-8443-01A,TCGA-KM-8443-01A,1.0,0.0,0.0,0.0,0.0
5,122441842,-,13,101948248,+,KICH,1357,TCGA-KM-8443-01A,TCGA-KM-8443-01A,1.0,0.0,0.0,0.0,0.0
5,122612006,+,5,123570013,+,KICH,1358,TCGA-KM-8443-01A,TCGA-KM-8443-01A,1.0,0.0,0.0,0.0,0.0
5,123569438,-,5,123570012,-,KICH,1359,TCGA-KM-8443-01A,TCGA-KM-8443-01A,1.0,0.0,0.0,0.0,0.0
5,123585257,+,13,87589399,+,KICH,1360,TCGA-KM-8443-01A,TCGA-KM-8443-01A,1.0,0.0,0.0,0.0,0.0
5,123586863,-,13,41524641,-,KICH,1361,TCGA-KM-8443-01A,TCGA-KM-8443-01A,1.0,0.0,0.0,0.0,0.0
5,125025574,-,5,126879545,-,KICH,1362,TCGA-KM-8443-01A,TCGA-KM-8443-01A,1.0,0.0,0.0,0.0,0.0
5,125489978,+,13,37982634,-,KICH,1363,TCGA-KM-8443-01A,TCGA-KM-8443-01A,1.0,0.0,0.0,0.0,0.0
5,127514654,-,5,142378752,+,KICH,1364,TCGA-KM-8443-01A,TCGA-KM-8443-01A,1.0,0.0,0.0,0.0,0.0
5,127598779,+,13,91136019,+,KICH,1365,TCGA-KM-8443-01A,TCGA-KM-8443-01A,1.0,0.0,0.0,0.0,0.0
5,129972762,-,13,55022425,+,KICH,1366,TCGA-KM-8443-01A,TCGA-KM-8443-01A,1.0,0.0,0.0,0.0,0.0
5,129973148,+,5,144460870,-,KICH,1367,TCGA-KM-8443-01A,TCGA-KM-8443-01A,1.0,0.0,0.0,0.0,0.0
5,130630612,-,5,130631232,-,KICH,1368,TCGA-KM-8443-01A,TCGA-KM-8443-01A,1.0,0.0,0.0,0.0,0.0
5,130631291,+,5,162770611,+,KICH,1369,TCGA-KM-8443-01A,TCGA-KM-8443-01A,1.0,0.0,0.0,0.0,0.0
5,130649739,+,13,51912383,+,KICH,1370,TCGA-KM-8443-01A,TCGA-KM-8443-01A,1.0,0.0,0.0,0.0,0.0
5,130770114,-,13,78614092,+,KICH,1371,TCGA-KM-8443-01A,TCGA-KM-8443-01A,1.0,0.0,0.0,0.0,0.0
5,131030365,+,5,161394743,-,KICH,1372,TCGA-KM-8443-01A,TCGA-KM-8443-01A,1.0,0.0,0.0,0.0,0.0
5,131094420,-,5,151176802,-,KICH,1373,TCGA-KM-8443-01A,TCGA-KM-8443-01A,1.0,0.0,0.0,0.0,0.0
5,131273416,+,13,101063569,-,KICH,1374,TCGA-KM-8443-01A,TCGA-KM-8443-01A,1.0,0.0,0.0,0.0,0.0
5,131279196,-,13,90113105,-,KICH,1375,TCGA-KM-8443-01A,TCGA-KM-8443-01A,1.0,0.0,0.0,0.0,0.0
5,131462736,+,5,158176103,-,KICH,1376,TCGA-KM-8443-01A,TCGA-KM-8443-01A,1.0,0.0,0.0,0.0,0.0
5,131864470,-,13,105351192,-,KICH,1377,TCGA-KM-8443-01A,TCGA-KM-8443-01A,1.0,0.0,0.0,0.0,0.0
5,131975285,+,5,158180270,+,KICH,1378,TCGA-KM-8443-01A,TCGA-KM-8443-01A,1.0,0.0,0.0,0.0,0.0
5,131979363,-,13,80553722,+,KICH,1379,TCGA-KM-8443-01A,TCGA-KM-8443-01A,1.0,0.0,0.0,0.0,0.0
5,131996838,-,13,112030682,+,KICH,1380,TCGA-KM-8443-01A,TCGA-KM-8443-01A,1.0,0.0,0.0,0.0,0.0
5,132003055,+,5,155533053,+,KICH,1381,TCGA-KM-8443-01A,TCGA-KM-8443-01A,1.0,0.0,0.0,0.0,0.0
5,132035445,+,5,151385203,+,KICH,1382,TCGA-KM-8443-01A,TCGA-KM-8443-01A,1.0,0.0,0.0,0.0,0.0
5,133863167,-,13,77176274,-,KICH,1383,TCGA-KM-8443-01A,TCGA-KM-8443-01A,1.0,0.0,0.0,0.0,0.0
5,133936070,+,13,107280877,-,KICH,1384,TCGA-KM-8443-01A,TCGA-KM-8443-01A,1.0,0.0,0.0,0.0,0.0
5,134835686,-,13,41401011,-,KICH,1385,TCGA-KM-8443-01A,TCGA-KM-8443-01A,1.0,0.0,0.0,0.0,0.0
5,134836243,+,13,59497410,-,KICH,1386,TCGA-KM-8443-01A,TCGA-KM-8443-01A,1.0,0.0,0.0,0.0,0.0
5,139461715,-,5,139860223,+,KICH,1387,TCGA-KM-8443-01A,TCGA-KM-8443-01A,1.0,0.0,0.0,0.0,0.0
5,141683022,-,13,35288694,+,KICH,1388,TCGA-KM-8443-01A,TCGA-KM-8443-01A,1.0,0.0,0.0,0.0,0.0
5,142332072,-,13,54889800,-,KICH,1389,TCGA-KM-8443-01A,TCGA-KM-8443-01A,1.0,0.0,0.0,0.0,0.0
5,142706512,-,13,107187666,+,KICH,1390,TCGA-KM-8443-01A,TCGA-KM-8443-01A,1.0,0.0,0.0,0.0,0.0
5,142707670,+,13,114350545,-,KICH,1391,TCGA-KM-8443-01A,TCGA-KM-8443-01A,1.0,0.0,0.0,0.0,0.0
5,143516761,-,13,48631197,-,KICH,1392,TCGA-KM-8443-01A,TCGA-KM-8443-01A,1.0,0.0,0.0,0.0,0.0
5,144337666,-,13,72535896,-,KICH,1393,TCGA-KM-8443-01A,TCGA-KM-8443-01A,1.0,0.0,0.0,0.0,0.0
5,144337666,-,13,113333482,-,KICH,1394,TCGA-KM-8443-01A,TCGA-KM-8443-01A,1.0,0.0,0.0,0.0,0.0
5,144459289,+,13,27758533,-,KICH,1395,TCGA-KM-8443-01A,TCGA-KM-8443-01A,1.0,0.0,0.0,0.0,0.0
5,144733874,+,13,59606120,-,KICH,1396,TCGA-KM-8443-01A,TCGA-KM-8443-01A,1.0,0.0,0.0,0.0,0.0
5,146091391,+,13,55009818,+,KICH,1397,TCGA-KM-8443-01A,TCGA-KM-8443-01A,1.0,0.0,0.0,0.0,0.0
5,146095327,-,13,55255169,-,KICH,1398,TCGA-KM-8443-01A,TCGA-KM-8443-01A,1.0,0.0,0.0,0.0,0.0
5,146189292,+,13,66171973,-,KICH,1399,TCGA-KM-8443-01A,TCGA-KM-8443-01A,1.0,0.0,0.0,0.0,0.0
5,146332661,-,5,146543999,-,KICH,1400,TCGA-KM-8443-01A,TCGA-KM-8443-01A,1.0,0.0,0.0,0.0,0.0
5,146438370,+,13,113091783,+,KICH,1401,TCGA-KM-8443-01A,TCGA-KM-8443-01A,1.0,0.0,0.0,0.0,0.0
5,146439498,-,13,91417863,+,KICH,1402,TCGA-KM-8443-01A,TCGA-KM-8443-01A,1.0,0.0,0.0,0.0,0.0
5,148171112,-,13,50443503,+,KICH,1403,TCGA-KM-8443-01A,TCGA-KM-8443-01A,1.0,0.0,0.0,0.0,0.0
5,148462841,+,13,107278501,+,KICH,1404,TCGA-KM-8443-01A,TCGA-KM-8443-01A,1.0,0.0,0.0,0.0,0.0
5,149337016,-,13,29355939,-,KICH,1405,TCGA-KM-8443-01A,TCGA-KM-8443-01A,1.0,0.0,0.0,0.0,0.0
5,149449318,+,13,101747052,-,KICH,1406,TCGA-KM-8443-01A,TCGA-KM-8443-01A,1.0,0.0,0.0,0.0,0.0
5,150120247,+,13,40664604,-,KICH,1407,TCGA-KM-8443-01A,TCGA-KM-8443-01A,1.0,0.0,0.0,0.0,0.0
5,151204009,-,13,24833596,+,KICH,1408,TCGA-KM-8443-01A,TCGA-KM-8443-01A,1.0,0.0,0.0,0.0,0.0
5,156815654,-,13,20045235,-,KICH,1409,TCGA-KM-8443-01A,TCGA-KM-8443-01A,1.0,0.0,0.0,0.0,0.0
5,157005282,-,13,90734229,+,KICH,1410,TCGA-KM-8443-01A,TCGA-KM-8443-01A,1.0,0.0,0.0,0.0,0.0
5,157005361,+,5,157007821,-,KICH,1411,TCGA-KM-8443-01A,TCGA-KM-8443-01A,1.0,0.0,0.0,0.0,0.0
5,157006788,+,5,157008304,+,KICH,1412,TCGA-KM-8443-01A,TCGA-KM-8443-01A,1.0,0.0,0.0,0.0,0.0
5,157111034,-,13,74301028,-,KICH,1413,TCGA-KM-8443-01A,TCGA-KM-8443-01A,1.0,0.0,0.0,0.0,0.0
5,160162129,-,13,101632160,-,KICH,1414,TCGA-KM-8443-01A,TCGA-KM-8443-01A,1.0,0.0,0.0,0.0,0.0
5,160210091,+,13,44787699,+,KICH,1415,TCGA-KM-8443-01A,TCGA-KM-8443-01A,1.0,0.0,0.0,0.0,0.0
5,160991930,-,13,56147454,-,KICH,1416,TCGA-KM-8443-01A,TCGA-KM-8443-01A,1.0,0.0,0.0,0.0,0.0
5,161345653,-,13,104646184,+,KICH,1417,TCGA-KM-8443-01A,TCGA-KM-8443-01A,1.0,0.0,0.0,0.0,0.0
5,161455113,+,13,48021288,-,KICH,1418,TCGA-KM-8443-01A,TCGA-KM-8443-01A,1.0,0.0,0.0,0.0,0.0
5,161456173,-,13,37088294,+,KICH,1419,TCGA-KM-8443-01A,TCGA-KM-8443-01A,1.0,0.0,0.0,0.0,0.0
5,162694680,-,13,90757744,+,KICH,1420,TCGA-KM-8443-01A,TCGA-KM-8443-01A,1.0,0.0,0.0,0.0,0.0
5,166430078,-,13,58426001,-,KICH,1421,TCGA-KM-8443-01A,TCGA-KM-8443-01A,1.0,0.0,0.0,0.0,0.0
5,166675514,-,13,113091485,-,KICH,1422,TCGA-KM-8443-01A,TCGA-KM-8443-01A,1.0,0.0,0.0,0.0,0.0
5,174343951,+,13,53581646,+,KICH,1423,TCGA-KM-8443-01A,TCGA-KM-8443-01A,1.0,0.0,0.0,0.0,0.0
5,174916193,-,13,55423551,-,KICH,1424,TCGA-KM-8443-01A,TCGA-KM-8443-01A,1.0,0.0,0.0,0.0,0.0
5,180311415,-,13,102234707,+,KICH,1425,TCGA-KM-8443-01A,TCGA-KM-8443-01A,1.0,0.0,0.0,0.0,0.0
6,94447546,+,8,38060369,+,KICH,1426,TCGA-KM-8443-01A,TCGA-KM-8443-01A,1.0,0.0,0.0,0.0,0.0
6,132210410,+,6,132211924,-,KICH,1427,TCGA-KM-8443-01A,TCGA-KM-8443-01A,1.0,0.0,0.0,0.0,0.0
6,167915312,-,6,167939572,+,KICH,1428,TCGA-KM-8443-01A,TCGA-KM-8443-01A,1.0,0.0,0.0,0.0,0.0
7,61430754,-,7,61449896,+,KICH,1429,TCGA-KM-8443-01A,TCGA-KM-8443-01A,1.0,0.0,0.0,0.0,0.0
7,70477508,+,7,70524447,-,KICH,1430,TCGA-KM-8443-01A,TCGA-KM-8443-01A,1.0,0.0,0.0,0.0,0.0
8,44984428,+,8,45740229,-,KICH,1431,TCGA-KM-8443-01A,TCGA-KM-8443-01A,1.0,0.0,0.0,0.0,0.0
9,81654183,-,9,81673403,+,KICH,1432,TCGA-KM-8443-01A,TCGA-KM-8443-01A,1.0,0.0,0.0,0.0,0.0
23,48274937,-,23,48337114,+,KICH,1433,TCGA-KM-8443-01A,TCGA-KM-8443-01A,1.0,0.0,0.0,0.0,0.0
23,62466222,+,23,62468248,-,KICH,1434,TCGA-KM-8443-01A,TCGA-KM-8443-01A,1.0,0.0,0.0,0.0,0.0
1,216050573,-,6,89898223,+,KICH,1435,TCGA-KM-8476-01A,TCGA-KM-8476-01A,1.0,0.0,0.0,0.0,0.0
12,6473723,+,12,6709620,+,KICH,1436,TCGA-KM-8476-01A,TCGA-KM-8476-01A,1.0,0.0,0.0,0.0,0.0
15,101784770,+,17,39965241,-,KICH,1437,TCGA-KM-8476-01A,TCGA-KM-8476-01A,1.0,0.0,0.0,0.0,0.0
3,59363226,-,3,115474653,+,KICH,1438,TCGA-KM-8476-01A,TCGA-KM-8476-01A,1.0,0.0,0.0,0.0,0.0
3,90851897,+,3,90921220,-,KICH,1439,TCGA-KM-8476-01A,TCGA-KM-8476-01A,1.0,0.0,0.0,0.0,0.0
3,91024176,-,3,91046232,+,KICH,1440,TCGA-KM-8476-01A,TCGA-KM-8476-01A,1.0,0.0,0.0,0.0,0.0
6,111422564,-,8,77486252,-,KICH,1441,TCGA-KM-8476-01A,TCGA-KM-8476-01A,1.0,0.0,0.0,0.0,0.0
9,41658854,-,20,30296180,+,KICH,1442,TCGA-KM-8476-01A,TCGA-KM-8476-01A,1.0,0.0,0.0,0.0,0.0
23,86863251,+,23,86863786,-,KICH,1443,TCGA-KM-8476-01A,TCGA-KM-8476-01A,1.0,0.0,0.0,0.0,0.0
1,77433660,+,8,133313069,+,KICH,1444,TCGA-KM-8477-01A,TCGA-KM-8477-01A,1.0,0.0,0.0,0.0,0.0
1,168217303,+,13,32717872,+,KICH,1445,TCGA-KM-8477-01A,TCGA-KM-8477-01A,1.0,0.0,0.0,0.0,0.0
1,246945179,-,14,100260943,+,KICH,1446,TCGA-KM-8477-01A,TCGA-KM-8477-01A,1.0,0.0,0.0,0.0,0.0
11,54344282,-,11,54410868,+,KICH,1447,TCGA-KM-8477-01A,TCGA-KM-8477-01A,1.0,0.0,0.0,0.0,0.0
13,16298457,-,13,16628002,+,KICH,1448,TCGA-KM-8477-01A,TCGA-KM-8477-01A,1.0,0.0,0.0,0.0,0.0
17,46135410,-,17,64922332,-,KICH,1449,TCGA-KM-8477-01A,TCGA-KM-8477-01A,1.0,0.0,0.0,0.0,0.0
2,92866352,+,2,92876324,-,KICH,1450,TCGA-KM-8477-01A,TCGA-KM-8477-01A,1.0,0.0,0.0,0.0,0.0
4,18094153,-,4,18494013,+,KICH,1451,TCGA-KM-8477-01A,TCGA-KM-8477-01A,1.0,0.0,0.0,0.0,0.0
5,49668528,-,5,49702282,+,KICH,1452,TCGA-KM-8477-01A,TCGA-KM-8477-01A,1.0,0.0,0.0,0.0,0.0
7,58175889,+,7,58237099,-,KICH,1453,TCGA-KM-8477-01A,TCGA-KM-8477-01A,1.0,0.0,0.0,0.0,0.0
9,43557704,+,9,44416133,-,KICH,1454,TCGA-KM-8477-01A,TCGA-KM-8477-01A,1.0,0.0,0.0,0.0,0.0
1,124813869,-,1,124815324,+,KICH,1455,TCGA-KM-8639-01A,TCGA-KM-8639-01A,1.0,0.0,0.0,0.0,0.0
11,53066869,+,11,54318164,-,KICH,1456,TCGA-KM-8639-01A,TCGA-KM-8639-01A,1.0,0.0,0.0,0.0,0.0
11,54346439,-,11,54390364,+,KICH,1457,TCGA-KM-8639-01A,TCGA-KM-8639-01A,1.0,0.0,0.0,0.0,0.0
12,34845658,-,12,36419597,+,KICH,1458,TCGA-KM-8639-01A,TCGA-KM-8639-01A,1.0,0.0,0.0,0.0,0.0
12,36042709,+,12,36739690,-,KICH,1459,TCGA-KM-8639-01A,TCGA-KM-8639-01A,1.0,0.0,0.0,0.0,0.0
12,37333222,+,12,37334854,-,KICH,1460,TCGA-KM-8639-01A,TCGA-KM-8639-01A,1.0,0.0,0.0,0.0,0.0
2,86866177,+,2,106482822,+,KICH,1461,TCGA-KM-8639-01A,TCGA-KM-8639-01A,1.0,0.0,0.0,0.0,0.0
2,93094932,+,2,93343997,-,KICH,1462,TCGA-KM-8639-01A,TCGA-KM-8639-01A,1.0,0.0,0.0,0.0,0.0
2,93326771,+,2,93741129,-,KICH,1463,TCGA-KM-8639-01A,TCGA-KM-8639-01A,1.0,0.0,0.0,0.0,0.0
20,28905740,+,21,7327865,+,KICH,1464,TCGA-KM-8639-01A,TCGA-KM-8639-01A,1.0,0.0,0.0,0.0,0.0
20,29493166,-,20,30386316,-,KICH,1465,TCGA-KM-8639-01A,TCGA-KM-8639-01A,1.0,0.0,0.0,0.0,0.0
3,92560723,-,3,93036753,+,KICH,1466,TCGA-KM-8639-01A,TCGA-KM-8639-01A,1.0,0.0,0.0,0.0,0.0
4,50783588,+,4,51406245,-,KICH,1467,TCGA-KM-8639-01A,TCGA-KM-8639-01A,1.0,0.0,0.0,0.0,0.0
4,190013284,-,20,29406210,+,KICH,1468,TCGA-KM-8639-01A,TCGA-KM-8639-01A,1.0,0.0,0.0,0.0,0.0
4,190013518,+,20,29406739,-,KICH,1469,TCGA-KM-8639-01A,TCGA-KM-8639-01A,1.0,0.0,0.0,0.0,0.0
7,60039055,+,7,60535194,-,KICH,1470,TCGA-KM-8639-01A,TCGA-KM-8639-01A,1.0,0.0,0.0,0.0,0.0
7,61256465,-,7,61489777,+,KICH,1471,TCGA-KM-8639-01A,TCGA-KM-8639-01A,1.0,0.0,0.0,0.0,0.0
8,121070738,-,22,43497934,+,KICH,1472,TCGA-KM-8639-01A,TCGA-KM-8639-01A,1.0,0.0,0.0,0.0,0.0
9,42661087,-,22,16400656,-,KICH,1473,TCGA-KM-8639-01A,TCGA-KM-8639-01A,1.0,0.0,0.0,0.0,0.0
10,38327285,-,11,126521727,+,KICH,1474,TCGA-KN-8418-01A,TCGA-KN-8418-01A,1.0,0.0,0.0,0.0,0.0
10,39338101,+,10,39341931,-,KICH,1475,TCGA-KN-8418-01A,TCGA-KN-8418-01A,1.0,0.0,0.0,0.0,0.0
12,34776838,-,12,34804799,+,KICH,1476,TCGA-KN-8418-01A,TCGA-KN-8418-01A,1.0,0.0,0.0,0.0,0.0
12,36637203,+,12,37062393,-,KICH,1477,TCGA-KN-8418-01A,TCGA-KN-8418-01A,1.0,0.0,0.0,0.0,0.0
14,73432257,+,14,75992339,-,KICH,1478,TCGA-KN-8418-01A,TCGA-KN-8418-01A,1.0,0.0,0.0,0.0,0.0
15,31753704,-,23,94647036,+,KICH,1479,TCGA-KN-8418-01A,TCGA-KN-8418-01A,1.0,0.0,0.0,0.0,0.0
18,15512446,+,18,15572261,-,KICH,1480,TCGA-KN-8418-01A,TCGA-KN-8418-01A,1.0,0.0,0.0,0.0,0.0
18,15624629,+,18,15679157,-,KICH,1481,TCGA-KN-8418-01A,TCGA-KN-8418-01A,1.0,0.0,0.0,0.0,0.0
20,26477318,-,20,26478027,+,KICH,1482,TCGA-KN-8418-01A,TCGA-KN-8418-01A,1.0,0.0,0.0,0.0,0.0
21,9655209,+,21,13886942,-,KICH,1483,TCGA-KN-8418-01A,TCGA-KN-8418-01A,1.0,0.0,0.0,0.0,0.0
21,16407210,+,21,24619303,-,KICH,1484,TCGA-KN-8418-01A,TCGA-KN-8418-01A,1.0,0.0,0.0,0.0,0.0
3,89709004,+,11,59282585,-,KICH,1485,TCGA-KN-8418-01A,TCGA-KN-8418-01A,1.0,0.0,0.0,0.0,0.0
3,91113773,-,3,91220955,+,KICH,1486,TCGA-KN-8418-01A,TCGA-KN-8418-01A,1.0,0.0,0.0,0.0,0.0
4,23368910,-,4,23369035,+,KICH,1487,TCGA-KN-8418-01A,TCGA-KN-8418-01A,1.0,0.0,0.0,0.0,0.0
5,46716529,-,5,46723880,+,KICH,1488,TCGA-KN-8418-01A,TCGA-KN-8418-01A,1.0,0.0,0.0,0.0,0.0
5,49812552,-,5,49885451,+,KICH,1489,TCGA-KN-8418-01A,TCGA-KN-8418-01A,1.0,0.0,0.0,0.0,0.0
5,58889090,+,11,41655024,+,KICH,1490,TCGA-KN-8418-01A,TCGA-KN-8418-01A,1.0,0.0,0.0,0.0,0.0
6,24432738,+,6,24514795,-,KICH,1491,TCGA-KN-8418-01A,TCGA-KN-8418-01A,1.0,0.0,0.0,0.0,0.0
6,134153831,-,6,134215586,+,KICH,1492,TCGA-KN-8418-01A,TCGA-KN-8418-01A,1.0,0.0,0.0,0.0,0.0
8,45427508,+,8,45946165,-,KICH,1493,TCGA-KN-8418-01A,TCGA-KN-8418-01A,1.0,0.0,0.0,0.0,0.0
11,54374350,+,11,54409110,-,KICH,1494,TCGA-KN-8419-01A,TCGA-KN-8419-01A,1.0,0.0,0.0,0.0,0.0
11,54960925,+,23,58406474,-,KICH,1495,TCGA-KN-8419-01A,TCGA-KN-8419-01A,1.0,0.0,0.0,0.0,0.0
17,31040871,-,17,32090340,+,KICH,1496,TCGA-KN-8419-01A,TCGA-KN-8419-01A,1.0,0.0,0.0,0.0,0.0
17,81970121,+,23,108047805,-,KICH,1497,TCGA-KN-8419-01A,TCGA-KN-8419-01A,1.0,0.0,0.0,0.0,0.0
20,29538733,+,20,29540295,-,KICH,1498,TCGA-KN-8419-01A,TCGA-KN-8419-01A,1.0,0.0,0.0,0.0,0.0
22,23675818,+,22,24601981,+,KICH,1499,TCGA-KN-8419-01A,TCGA-KN-8419-01A,1.0,0.0,0.0,0.0,0.0
3,49404004,-,10,17548222,-,KICH,1500,TCGA-KN-8419-01A,TCGA-KN-8419-01A,1.0,0.0,0.0,0.0,0.0
3,126001319,+,14,40608058,+,KICH,1501,TCGA-KN-8419-01A,TCGA-KN-8419-01A,1.0,0.0,0.0,0.0,0.0
4,41049561,+,4,48292725,-,KICH,1502,TCGA-KN-8419-01A,TCGA-KN-8419-01A,1.0,0.0,0.0,0.0,0.0
7,137922491,-,21,16409904,+,KICH,1503,TCGA-KN-8419-01A,TCGA-KN-8419-01A,1.0,0.0,0.0,0.0,0.0
8,127311569,-,18,11733674,+,KICH,1504,TCGA-KN-8419-01A,TCGA-KN-8419-01A,1.0,0.0,0.0,0.0,0.0
9,77863180,-,18,6504841,+,KICH,1505,TCGA-KN-8419-01A,TCGA-KN-8419-01A,1.0,0.0,0.0,0.0,0.0
24,13914425,+,24,13915543,-,KICH,1506,TCGA-KN-8419-01A,TCGA-KN-8419-01A,1.0,0.0,0.0,0.0,0.0
1,121806925,-,1,122104387,-,KICH,1507,TCGA-KN-8421-01A,TCGA-KN-8421-01A,1.0,0.0,0.0,0.0,0.0
1,123233436,+,1,123433983,-,KICH,1508,TCGA-KN-8421-01A,TCGA-KN-8421-01A,1.0,0.0,0.0,0.0,0.0
1,124827035,-,1,124839275,+,KICH,1509,TCGA-KN-8421-01A,TCGA-KN-8421-01A,1.0,0.0,0.0,0.0,0.0
13,16412570,+,13,17125954,-,KICH,1510,TCGA-KN-8421-01A,TCGA-KN-8421-01A,1.0,0.0,0.0,0.0,0.0
14,55658283,+,17,68972170,-,KICH,1511,TCGA-KN-8421-01A,TCGA-KN-8421-01A,1.0,0.0,0.0,0.0,0.0
14,97860939,+,14,97868564,+,KICH,1512,TCGA-KN-8421-01A,TCGA-KN-8421-01A,1.0,0.0,0.0,0.0,0.0
15,18361313,-,15,18405766,+,KICH,1513,TCGA-KN-8421-01A,TCGA-KN-8421-01A,1.0,0.0,0.0,0.0,0.0
15,47104207,+,20,30189788,+,KICH,1514,TCGA-KN-8421-01A,TCGA-KN-8421-01A,1.0,0.0,0.0,0.0,0.0
17,7674389,-,17,7681854,+,KICH,1515,TCGA-KN-8421-01A,TCGA-KN-8421-01A,1.0,0.0,0.0,0.0,0.0
18,113221,+,18,20958882,+,KICH,1516,TCGA-KN-8421-01A,TCGA-KN-8421-01A,1.0,0.0,0.0,0.0,0.0
18,15465991,-,18,15561577,+,KICH,1517,TCGA-KN-8421-01A,TCGA-KN-8421-01A,1.0,0.0,0.0,0.0,0.0
2,38397901,-,4,175093053,+,KICH,1518,TCGA-KN-8421-01A,TCGA-KN-8421-01A,1.0,0.0,0.0,0.0,0.0
2,38397904,+,4,175092914,-,KICH,1519,TCGA-KN-8421-01A,TCGA-KN-8421-01A,1.0,0.0,0.0,0.0,0.0
20,29742550,+,22,11631289,+,KICH,1520,TCGA-KN-8421-01A,TCGA-KN-8421-01A,1.0,0.0,0.0,0.0,0.0
3,91025763,-,3,91263071,-,KICH,1521,TCGA-KN-8421-01A,TCGA-KN-8421-01A,1.0,0.0,0.0,0.0,0.0
5,46433918,-,5,46567530,-,KICH,1522,TCGA-KN-8421-01A,TCGA-KN-8421-01A,1.0,0.0,0.0,0.0,0.0
5,47269234,-,5,47279987,+,KICH,1523,TCGA-KN-8421-01A,TCGA-KN-8421-01A,1.0,0.0,0.0,0.0,0.0
5,49676273,+,5,49716507,-,KICH,1524,TCGA-KN-8421-01A,TCGA-KN-8421-01A,1.0,0.0,0.0,0.0,0.0
5,49968766,-,5,49979964,+,KICH,1525,TCGA-KN-8421-01A,TCGA-KN-8421-01A,1.0,0.0,0.0,0.0,0.0
5,50052685,+,5,50057080,-,KICH,1526,TCGA-KN-8421-01A,TCGA-KN-8421-01A,1.0,0.0,0.0,0.0,0.0
5,116945895,+,12,123104553,+,KICH,1527,TCGA-KN-8421-01A,TCGA-KN-8421-01A,1.0,0.0,0.0,0.0,0.0
5,116945981,-,12,123104449,-,KICH,1528,TCGA-KN-8421-01A,TCGA-KN-8421-01A,1.0,0.0,0.0,0.0,0.0
5,164143560,+,21,38586346,+,KICH,1529,TCGA-KN-8421-01A,TCGA-KN-8421-01A,1.0,0.0,0.0,0.0,0.0
6,156905282,+,7,118516106,+,KICH,1530,TCGA-KN-8421-01A,TCGA-KN-8421-01A,1.0,0.0,0.0,0.0,0.0
9,20051090,-,9,20051243,+,KICH,1531,TCGA-KN-8421-01A,TCGA-KN-8421-01A,1.0,0.0,0.0,0.0,0.0
13,16855507,+,13,17328233,-,KICH,1532,TCGA-KN-8422-01A,TCGA-KN-8422-01A,1.0,0.0,0.0,0.0,0.0
13,17086715,+,13,17146638,-,KICH,1533,TCGA-KN-8422-01A,TCGA-KN-8422-01A,1.0,0.0,0.0,0.0,0.0
2,95756399,-,2,97623770,-,KICH,1534,TCGA-KN-8422-01A,TCGA-KN-8422-01A,1.0,0.0,0.0,0.0,0.0
3,88054649,+,3,88169875,-,KICH,1535,TCGA-KN-8422-01A,TCGA-KN-8422-01A,1.0,0.0,0.0,0.0,0.0
3,88061537,-,3,88171554,-,KICH,1536,TCGA-KN-8422-01A,TCGA-KN-8422-01A,1.0,0.0,0.0,0.0,0.0
3,88065811,+,3,88156363,+,KICH,1537,TCGA-KN-8422-01A,TCGA-KN-8422-01A,1.0,0.0,0.0,0.0,0.0
3,88149155,-,3,88171572,+,KICH,1538,TCGA-KN-8422-01A,TCGA-KN-8422-01A,1.0,0.0,0.0,0.0,0.0
4,49948428,+,4,50805863,-,KICH,1539,TCGA-KN-8422-01A,TCGA-KN-8422-01A,1.0,0.0,0.0,0.0,0.0
4,90206781,-,6,100040980,-,KICH,1540,TCGA-KN-8422-01A,TCGA-KN-8422-01A,1.0,0.0,0.0,0.0,0.0
5,160690005,+,14,40608058,+,KICH,1541,TCGA-KN-8422-01A,TCGA-KN-8422-01A,1.0,0.0,0.0,0.0,0.0
9,23405886,+,9,23407854,-,KICH,1542,TCGA-KN-8422-01A,TCGA-KN-8422-01A,1.0,0.0,0.0,0.0,0.0
9,45022006,+,9,45113993,-,KICH,1543,TCGA-KN-8422-01A,TCGA-KN-8422-01A,1.0,0.0,0.0,0.0,0.0
9,65079209,+,18,15598660,-,KICH,1544,TCGA-KN-8422-01A,TCGA-KN-8422-01A,1.0,0.0,0.0,0.0,0.0
1,23830138,-,1,119293128,+,KICH,1545,TCGA-KN-8423-01A,TCGA-KN-8423-01A,1.0,0.0,0.0,0.0,0.0
1,209130608,-,10,75728427,-,KICH,1546,TCGA-KN-8423-01A,TCGA-KN-8423-01A,1.0,0.0,0.0,0.0,0.0
11,11076735,-,13,93510960,-,KICH,1547,TCGA-KN-8423-01A,TCGA-KN-8423-01A,1.0,0.0,0.0,0.0,0.0
11,52749712,+,11,53225285,-,KICH,1548,TCGA-KN-8423-01A,TCGA-KN-8423-01A,1.0,0.0,0.0,0.0,0.0
12,690986,-,12,25114043,-,KICH,1549,TCGA-KN-8423-01A,TCGA-KN-8423-01A,1.0,0.0,0.0,0.0,0.0
13,16520708,-,13,17182720,+,KICH,1550,TCGA-KN-8423-01A,TCGA-KN-8423-01A,1.0,0.0,0.0,0.0,0.0
13,16607116,-,13,16812839,+,KICH,1551,TCGA-KN-8423-01A,TCGA-KN-8423-01A,1.0,0.0,0.0,0.0,0.0
13,16844771,-,13,16918399,+,KICH,1552,TCGA-KN-8423-01A,TCGA-KN-8423-01A,1.0,0.0,0.0,0.0,0.0
18,15518210,+,18,15669885,-,KICH,1553,TCGA-KN-8423-01A,TCGA-KN-8423-01A,1.0,0.0,0.0,0.0,0.0
18,15791648,-,18,18038714,+,KICH,1554,TCGA-KN-8423-01A,TCGA-KN-8423-01A,1.0,0.0,0.0,0.0,0.0
19,54758993,-,19,54838031,+,KICH,1555,TCGA-KN-8423-01A,TCGA-KN-8423-01A,1.0,0.0,0.0,0.0,0.0
3,29338719,+,12,11709342,-,KICH,1556,TCGA-KN-8423-01A,TCGA-KN-8423-01A,1.0,0.0,0.0,0.0,0.0
3,188252171,-,7,147784382,-,KICH,1557,TCGA-KN-8423-01A,TCGA-KN-8423-01A,1.0,0.0,0.0,0.0,0.0
5,49671650,+,5,49694622,-,KICH,1558,TCGA-KN-8423-01A,TCGA-KN-8423-01A,1.0,0.0,0.0,0.0,0.0
5,139294029,+,5,139316076,-,KICH,1559,TCGA-KN-8423-01A,TCGA-KN-8423-01A,1.0,0.0,0.0,0.0,0.0
7,61467857,-,7,61492469,+,KICH,1560,TCGA-KN-8423-01A,TCGA-KN-8423-01A,1.0,0.0,0.0,0.0,0.0
9,44805183,-,9,45072172,+,KICH,1561,TCGA-KN-8423-01A,TCGA-KN-8423-01A,1.0,0.0,0.0,0.0,0.0
1,77433690,+,8,133313075,+,KICH,1562,TCGA-KN-8424-01A,TCGA-KN-8424-01A,1.0,0.0,0.0,0.0,0.0
1,183617372,-,1,218595820,-,KICH,1563,TCGA-KN-8424-01A,TCGA-KN-8424-01A,1.0,0.0,0.0,0.0,0.0
1,221297954,-,11,88076984,-,KICH,1564,TCGA-KN-8424-01A,TCGA-KN-8424-01A,1.0,0.0,0.0,0.0,0.0
11,54369045,-,11,54549329,+,KICH,1565,TCGA-KN-8424-01A,TCGA-KN-8424-01A,1.0,0.0,0.0,0.0,0.0
11,132843283,+,11,132898918,+,KICH,1566,TCGA-KN-8424-01A,TCGA-KN-8424-01A,1.0,0.0,0.0,0.0,0.0
11,132847001,-,11,132903058,+,KICH,1567,TCGA-KN-8424-01A,TCGA-KN-8424-01A,1.0,0.0,0.0,0.0,0.0
11,132902106,-,11,132903102,-,KICH,1568,TCGA-KN-8424-01A,TCGA-KN-8424-01A,1.0,0.0,0.0,0.0,0.0
12,36006422,+,12,37159255,-,KICH,1569,TCGA-KN-8424-01A,TCGA-KN-8424-01A,1.0,0.0,0.0,0.0,0.0
18,27149207,-,18,27159064,+,KICH,1570,TCGA-KN-8424-01A,TCGA-KN-8424-01A,1.0,0.0,0.0,0.0,0.0
19,14090240,+,22,20449741,-,KICH,1571,TCGA-KN-8424-01A,TCGA-KN-8424-01A,1.0,0.0,0.0,0.0,0.0
2,65584086,+,19,13214995,-,KICH,1572,TCGA-KN-8424-01A,TCGA-KN-8424-01A,1.0,0.0,0.0,0.0,0.0
20,17529091,+,20,17529509,-,KICH,1573,TCGA-KN-8424-01A,TCGA-KN-8424-01A,1.0,0.0,0.0,0.0,0.0
3,48933338,+,3,72875371,+,KICH,1574,TCGA-KN-8424-01A,TCGA-KN-8424-01A,1.0,0.0,0.0,0.0,0.0
3,184438793,-,9,110144934,+,KICH,1575,TCGA-KN-8424-01A,TCGA-KN-8424-01A,1.0,0.0,0.0,0.0,0.0
5,21185540,+,5,21446763,-,KICH,1576,TCGA-KN-8424-01A,TCGA-KN-8424-01A,1.0,0.0,0.0,0.0,0.0
7,121229182,-,18,3643724,-,KICH,1577,TCGA-KN-8424-01A,TCGA-KN-8424-01A,1.0,0.0,0.0,0.0,0.0
7,121235022,+,18,3655004,+,KICH,1578,TCGA-KN-8424-01A,TCGA-KN-8424-01A,1.0,0.0,0.0,0.0,0.0
1,122282640,+,1,122392872,-,KICH,1579,TCGA-KN-8425-01A,TCGA-KN-8425-01A,1.0,0.0,0.0,0.0,0.0
10,87949635,+,10,88243107,-,KICH,1580,TCGA-KN-8425-01A,TCGA-KN-8425-01A,1.0,0.0,0.0,0.0,0.0
12,36109620,-,12,36572337,+,KICH,1581,TCGA-KN-8425-01A,TCGA-KN-8425-01A,1.0,0.0,0.0,0.0,0.0
13,17849607,+,13,17980294,-,KICH,1582,TCGA-KN-8425-01A,TCGA-KN-8425-01A,1.0,0.0,0.0,0.0,0.0
13,19350387,+,19,38766516,+,KICH,1583,TCGA-KN-8425-01A,TCGA-KN-8425-01A,1.0,0.0,0.0,0.0,0.0
14,102331199,-,14,102780345,+,KICH,1584,TCGA-KN-8425-01A,TCGA-KN-8425-01A,1.0,0.0,0.0,0.0,0.0
18,20066114,+,18,20469777,-,KICH,1585,TCGA-KN-8425-01A,TCGA-KN-8425-01A,1.0,0.0,0.0,0.0,0.0
2,95971425,-,2,97133849,-,KICH,1586,TCGA-KN-8425-01A,TCGA-KN-8425-01A,1.0,0.0,0.0,0.0,0.0
3,91579454,+,3,93232925,-,KICH,1587,TCGA-KN-8425-01A,TCGA-KN-8425-01A,1.0,0.0,0.0,0.0,0.0
5,49678908,-,5,49681697,+,KICH,1588,TCGA-KN-8425-01A,TCGA-KN-8425-01A,1.0,0.0,0.0,0.0,0.0
5,49681703,+,5,49684536,-,KICH,1589,TCGA-KN-8425-01A,TCGA-KN-8425-01A,1.0,0.0,0.0,0.0,0.0
5,49834746,+,5,49905206,-,KICH,1590,TCGA-KN-8425-01A,TCGA-KN-8425-01A,1.0,0.0,0.0,0.0,0.0
7,61822343,+,7,62234861,-,KICH,1591,TCGA-KN-8425-01A,TCGA-KN-8425-01A,1.0,0.0,0.0,0.0,0.0
8,45427521,+,8,45946298,-,KICH,1592,TCGA-KN-8425-01A,TCGA-KN-8425-01A,1.0,0.0,0.0,0.0,0.0
8,121408295,+,15,66102311,+,KICH,1593,TCGA-KN-8425-01A,TCGA-KN-8425-01A,1.0,0.0,0.0,0.0,0.0
1,77433414,-,8,133313541,-,KICH,1594,TCGA-KN-8426-01A,TCGA-KN-8426-01A,1.0,0.0,0.0,0.0,0.0
10,39919158,+,10,39931604,-,KICH,1595,TCGA-KN-8426-01A,TCGA-KN-8426-01A,1.0,0.0,0.0,0.0,0.0
11,41952284,-,11,43724060,+,KICH,1596,TCGA-KN-8426-01A,TCGA-KN-8426-01A,1.0,0.0,0.0,0.0,0.0
11,43720283,-,11,43816465,-,KICH,1597,TCGA-KN-8426-01A,TCGA-KN-8426-01A,1.0,0.0,0.0,0.0,0.0
11,47764998,+,11,47765332,-,KICH,1598,TCGA-KN-8426-01A,TCGA-KN-8426-01A,1.0,0.0,0.0,0.0,0.0
12,1927917,+,18,27872415,-,KICH,1599,TCGA-KN-8426-01A,TCGA-KN-8426-01A,1.0,0.0,0.0,0.0,0.0
12,13533859,-,18,46019370,+,KICH,1600,TCGA-KN-8426-01A,TCGA-KN-8426-01A,1.0,0.0,0.0,0.0,0.0
12,25115679,-,12,28528812,-,KICH,1601,TCGA-KN-8426-01A,TCGA-KN-8426-01A,1.0,0.0,0.0,0.0,0.0
12,48019191,+,12,48021201,-,KICH,1602,TCGA-KN-8426-01A,TCGA-KN-8426-01A,1.0,0.0,0.0,0.0,0.0
12,65741570,-,12,108860005,+,KICH,1603,TCGA-KN-8426-01A,TCGA-KN-8426-01A,1.0,0.0,0.0,0.0,0.0
12,112033650,+,12,112034568,+,KICH,1604,TCGA-KN-8426-01A,TCGA-KN-8426-01A,1.0,0.0,0.0,0.0,0.0
12,120373124,-,12,120564430,-,KICH,1605,TCGA-KN-8426-01A,TCGA-KN-8426-01A,1.0,0.0,0.0,0.0,0.0
12,121872935,-,12,121880818,+,KICH,1606,TCGA-KN-8426-01A,TCGA-KN-8426-01A,1.0,0.0,0.0,0.0,0.0
12,121873034,+,12,121941311,-,KICH,1607,TCGA-KN-8426-01A,TCGA-KN-8426-01A,1.0,0.0,0.0,0.0,0.0
12,121874364,+,12,121875488,-,KICH,1608,TCGA-KN-8426-01A,TCGA-KN-8426-01A,1.0,0.0,0.0,0.0,0.0
12,124580169,-,12,125563983,-,KICH,1609,TCGA-KN-8426-01A,TCGA-KN-8426-01A,1.0,0.0,0.0,0.0,0.0
12,125564295,+,12,125566089,+,KICH,1610,TCGA-KN-8426-01A,TCGA-KN-8426-01A,1.0,0.0,0.0,0.0,0.0
12,129894754,+,12,133240907,+,KICH,1611,TCGA-KN-8426-01A,TCGA-KN-8426-01A,1.0,0.0,0.0,0.0,0.0
12,131772361,+,12,131852394,-,KICH,1612,TCGA-KN-8426-01A,TCGA-KN-8426-01A,1.0,0.0,0.0,0.0,0.0
13,16618087,+,13,17090517,-,KICH,1613,TCGA-KN-8426-01A,TCGA-KN-8426-01A,1.0,0.0,0.0,0.0,0.0
13,31886745,-,13,34602768,-,KICH,1614,TCGA-KN-8426-01A,TCGA-KN-8426-01A,1.0,0.0,0.0,0.0,0.0
13,34607981,-,13,34610671,+,KICH,1615,TCGA-KN-8426-01A,TCGA-KN-8426-01A,1.0,0.0,0.0,0.0,0.0
13,106552767,-,13,106555691,+,KICH,1616,TCGA-KN-8426-01A,TCGA-KN-8426-01A,1.0,0.0,0.0,0.0,0.0
16,72956239,+,16,73186333,-,KICH,1617,TCGA-KN-8426-01A,TCGA-KN-8426-01A,1.0,0.0,0.0,0.0,0.0
17,7676088,+,17,7676323,-,KICH,1618,TCGA-KN-8426-01A,TCGA-KN-8426-01A,1.0,0.0,0.0,0.0,0.0
17,44003212,-,17,44008171,+,KICH,1619,TCGA-KN-8426-01A,TCGA-KN-8426-01A,1.0,0.0,0.0,0.0,0.0
18,15755191,+,18,20667581,-,KICH,1620,TCGA-KN-8426-01A,TCGA-KN-8426-01A,1.0,0.0,0.0,0.0,0.0
18,20805336,-,18,20832801,-,KICH,1621,TCGA-KN-8426-01A,TCGA-KN-8426-01A,1.0,0.0,0.0,0.0,0.0
20,15913839,+,20,15942054,-,KICH,1622,TCGA-KN-8426-01A,TCGA-KN-8426-01A,1.0,0.0,0.0,0.0,0.0
20,29538732,+,20,29540296,-,KICH,1623,TCGA-KN-8426-01A,TCGA-KN-8426-01A,1.0,0.0,0.0,0.0,0.0
20,29926201,-,20,29953976,+,KICH,1624,TCGA-KN-8426-01A,TCGA-KN-8426-01A,1.0,0.0,0.0,0.0,0.0
20,43853904,-,20,43854035,+,KICH,1625,TCGA-KN-8426-01A,TCGA-KN-8426-01A,1.0,0.0,0.0,0.0,0.0
22,28676446,-,23,85569034,+,KICH,1626,TCGA-KN-8426-01A,TCGA-KN-8426-01A,1.0,0.0,0.0,0.0,0.0
22,28677273,+,23,85568553,+,KICH,1627,TCGA-KN-8426-01A,TCGA-KN-8426-01A,1.0,0.0,0.0,0.0,0.0
4,12498273,-,22,36814214,-,KICH,1628,TCGA-KN-8426-01A,TCGA-KN-8426-01A,1.0,0.0,0.0,0.0,0.0
4,13690652,-,4,14576719,+,KICH,1629,TCGA-KN-8426-01A,TCGA-KN-8426-01A,1.0,0.0,0.0,0.0,0.0
4,15171542,-,22,36814929,+,KICH,1630,TCGA-KN-8426-01A,TCGA-KN-8426-01A,1.0,0.0,0.0,0.0,0.0
4,26155672,+,4,33482422,+,KICH,1631,TCGA-KN-8426-01A,TCGA-KN-8426-01A,1.0,0.0,0.0,0.0,0.0
4,28139982,-,4,33499594,+,KICH,1632,TCGA-KN-8426-01A,TCGA-KN-8426-01A,1.0,0.0,0.0,0.0,0.0
6,15504634,+,6,47916059,-,KICH,1633,TCGA-KN-8426-01A,TCGA-KN-8426-01A,1.0,0.0,0.0,0.0,0.0
6,15505197,-,13,34604386,+,KICH,1634,TCGA-KN-8426-01A,TCGA-KN-8426-01A,1.0,0.0,0.0,0.0,0.0
6,47916562,+,13,31887608,+,KICH,1635,TCGA-KN-8426-01A,TCGA-KN-8426-01A,1.0,0.0,0.0,0.0,0.0
7,58174441,-,7,58237611,+,KICH,1636,TCGA-KN-8426-01A,TCGA-KN-8426-01A,1.0,0.0,0.0,0.0,0.0
7,138674842,+,7,145365121,+,KICH,1637,TCGA-KN-8426-01A,TCGA-KN-8426-01A,1.0,0.0,0.0,0.0,0.0
7,146483323,+,8,123389985,+,KICH,1638,TCGA-KN-8426-01A,TCGA-KN-8426-01A,1.0,0.0,0.0,0.0,0.0
7,154823665,-,19,27545444,+,KICH,1639,TCGA-KN-8426-01A,TCGA-KN-8426-01A,1.0,0.0,0.0,0.0,0.0
8,218323,-,8,100291339,-,KICH,1640,TCGA-KN-8426-01A,TCGA-KN-8426-01A,1.0,0.0,0.0,0.0,0.0
8,13622456,+,23,135115029,+,KICH,1641,TCGA-KN-8426-01A,TCGA-KN-8426-01A,1.0,0.0,0.0,0.0,0.0
8,102867679,+,8,102881590,-,KICH,1642,TCGA-KN-8426-01A,TCGA-KN-8426-01A,1.0,0.0,0.0,0.0,0.0
8,104803440,+,8,108639583,-,KICH,1643,TCGA-KN-8426-01A,TCGA-KN-8426-01A,1.0,0.0,0.0,0.0,0.0
8,140069895,+,8,140800586,-,KICH,1644,TCGA-KN-8426-01A,TCGA-KN-8426-01A,1.0,0.0,0.0,0.0,0.0
9,63764175,-,15,17752001,-,KICH,1645,TCGA-KN-8426-01A,TCGA-KN-8426-01A,1.0,0.0,0.0,0.0,0.0
23,53206875,-,23,83200998,+,KICH,1646,TCGA-KN-8426-01A,TCGA-KN-8426-01A,1.0,0.0,0.0,0.0,0.0
1,67101489,+,12,47313054,-,KICH,1647,TCGA-KN-8427-01A,TCGA-KN-8427-01A,1.0,0.0,0.0,0.0,0.0
1,71545998,+,1,71694489,-,KICH,1648,TCGA-KN-8427-01A,TCGA-KN-8427-01A,1.0,0.0,0.0,0.0,0.0
1,71623940,+,1,71841812,-,KICH,1649,TCGA-KN-8427-01A,TCGA-KN-8427-01A,1.0,0.0,0.0,0.0,0.0
1,71818477,+,1,71936180,-,KICH,1650,TCGA-KN-8427-01A,TCGA-KN-8427-01A,1.0,0.0,0.0,0.0,0.0
1,71986575,+,1,72034350,-,KICH,1651,TCGA-KN-8427-01A,TCGA-KN-8427-01A,1.0,0.0,0.0,0.0,0.0
1,71986584,+,1,71991752,-,KICH,1652,TCGA-KN-8427-01A,TCGA-KN-8427-01A,1.0,0.0,0.0,0.0,0.0
1,71991875,+,1,72034349,-,KICH,1653,TCGA-KN-8427-01A,TCGA-KN-8427-01A,1.0,0.0,0.0,0.0,0.0
1,123337388,+,6,65421200,+,KICH,1654,TCGA-KN-8427-01A,TCGA-KN-8427-01A,1.0,0.0,0.0,0.0,0.0
10,39410237,-,23,58444485,-,KICH,1655,TCGA-KN-8427-01A,TCGA-KN-8427-01A,1.0,0.0,0.0,0.0,0.0
10,65652006,+,10,65698351,-,KICH,1656,TCGA-KN-8427-01A,TCGA-KN-8427-01A,1.0,0.0,0.0,0.0,0.0
11,53293158,+,11,54026654,-,KICH,1657,TCGA-KN-8427-01A,TCGA-KN-8427-01A,1.0,0.0,0.0,0.0,0.0
12,8893706,+,19,30509776,+,KICH,1658,TCGA-KN-8427-01A,TCGA-KN-8427-01A,1.0,0.0,0.0,0.0,0.0
12,8893751,-,19,30508217,+,KICH,1659,TCGA-KN-8427-01A,TCGA-KN-8427-01A,1.0,0.0,0.0,0.0,0.0
12,87560640,-,12,87563670,+,KICH,1660,TCGA-KN-8427-01A,TCGA-KN-8427-01A,1.0,0.0,0.0,0.0,0.0
12,96297805,+,12,96371908,-,KICH,1661,TCGA-KN-8427-01A,TCGA-KN-8427-01A,1.0,0.0,0.0,0.0,0.0
13,93247994,+,13,93412128,-,KICH,1662,TCGA-KN-8427-01A,TCGA-KN-8427-01A,1.0,0.0,0.0,0.0,0.0
14,47350283,+,14,47364499,-,KICH,1663,TCGA-KN-8427-01A,TCGA-KN-8427-01A,1.0,0.0,0.0,0.0,0.0
14,51617206,+,14,51722562,-,KICH,1664,TCGA-KN-8427-01A,TCGA-KN-8427-01A,1.0,0.0,0.0,0.0,0.0
14,68794813,-,16,53010782,-,KICH,1665,TCGA-KN-8427-01A,TCGA-KN-8427-01A,1.0,0.0,0.0,0.0,0.0
14,102094674,-,15,77185690,+,KICH,1666,TCGA-KN-8427-01A,TCGA-KN-8427-01A,1.0,0.0,0.0,0.0,0.0
15,60700086,+,15,60723400,-,KICH,1667,TCGA-KN-8427-01A,TCGA-KN-8427-01A,1.0,0.0,0.0,0.0,0.0
15,96934736,+,15,96940018,-,KICH,1668,TCGA-KN-8427-01A,TCGA-KN-8427-01A,1.0,0.0,0.0,0.0,0.0
16,6873822,+,16,6878603,-,KICH,1669,TCGA-KN-8427-01A,TCGA-KN-8427-01A,1.0,0.0,0.0,0.0,0.0
16,12875294,+,16,12888194,-,KICH,1670,TCGA-KN-8427-01A,TCGA-KN-8427-01A,1.0,0.0,0.0,0.0,0.0
16,34256133,-,16,36322608,+,KICH,1671,TCGA-KN-8427-01A,TCGA-KN-8427-01A,1.0,0.0,0.0,0.0,0.0
16,36748049,+,16,38280331,+,KICH,1672,TCGA-KN-8427-01A,TCGA-KN-8427-01A,1.0,0.0,0.0,0.0,0.0
16,78563135,+,16,78769688,-,KICH,1673,TCGA-KN-8427-01A,TCGA-KN-8427-01A,1.0,0.0,0.0,0.0,0.0
16,89412483,+,16,89433735,-,KICH,1674,TCGA-KN-8427-01A,TCGA-KN-8427-01A,1.0,0.0,0.0,0.0,0.0
19,15315889,+,19,15316629,-,KICH,1675,TCGA-KN-8427-01A,TCGA-KN-8427-01A,1.0,0.0,0.0,0.0,0.0
19,30507920,-,19,30508213,-,KICH,1676,TCGA-KN-8427-01A,TCGA-KN-8427-01A,1.0,0.0,0.0,0.0,0.0
19,30507928,+,19,30508450,-,KICH,1677,TCGA-KN-8427-01A,TCGA-KN-8427-01A,1.0,0.0,0.0,0.0,0.0
19,30508461,+,19,30509794,-,KICH,1678,TCGA-KN-8427-01A,TCGA-KN-8427-01A,1.0,0.0,0.0,0.0,0.0
2,72891568,-,2,72898438,+,KICH,1679,TCGA-KN-8427-01A,TCGA-KN-8427-01A,1.0,0.0,0.0,0.0,0.0
2,79408761,+,2,160772340,+,KICH,1680,TCGA-KN-8427-01A,TCGA-KN-8427-01A,1.0,0.0,0.0,0.0,0.0
2,80124427,+,2,80198130,-,KICH,1681,TCGA-KN-8427-01A,TCGA-KN-8427-01A,1.0,0.0,0.0,0.0,0.0
2,94567559,+,15,19818827,-,KICH,1682,TCGA-KN-8427-01A,TCGA-KN-8427-01A,1.0,0.0,0.0,0.0,0.0
2,133383218,+,2,133554648,-,KICH,1683,TCGA-KN-8427-01A,TCGA-KN-8427-01A,1.0,0.0,0.0,0.0,0.0
2,188066799,+,9,8324272,+,KICH,1684,TCGA-KN-8427-01A,TCGA-KN-8427-01A,1.0,0.0,0.0,0.0,0.0
2,196088860,-,10,57260063,+,KICH,1685,TCGA-KN-8427-01A,TCGA-KN-8427-01A,1.0,0.0,0.0,0.0,0.0
2,222866745,-,8,127735180,-,KICH,1686,TCGA-KN-8427-01A,TCGA-KN-8427-01A,1.0,0.0,0.0,0.0,0.0
20,38975986,+,20,38992659,-,KICH,1687,TCGA-KN-8427-01A,TCGA-KN-8427-01A,1.0,0.0,0.0,0.0,0.0
21,14975625,+,21,14976684,-,KICH,1688,TCGA-KN-8427-01A,TCGA-KN-8427-01A,1.0,0.0,0.0,0.0,0.0
21,14978592,+,21,15051365,-,KICH,1689,TCGA-KN-8427-01A,TCGA-KN-8427-01A,1.0,0.0,0.0,0.0,0.0
3,78745367,+,3,78868893,-,KICH,1690,TCGA-KN-8427-01A,TCGA-KN-8427-01A,1.0,0.0,0.0,0.0,0.0
3,90283314,+,20,30462528,-,KICH,1691,TCGA-KN-8427-01A,TCGA-KN-8427-01A,1.0,0.0,0.0,0.0,0.0
3,90505699,-,6,61371372,-,KICH,1692,TCGA-KN-8427-01A,TCGA-KN-8427-01A,1.0,0.0,0.0,0.0,0.0
3,90593457,+,3,90595814,-,KICH,1693,TCGA-KN-8427-01A,TCGA-KN-8427-01A,1.0,0.0,0.0,0.0,0.0
3,144374796,+,3,144507635,-,KICH,1694,TCGA-KN-8427-01A,TCGA-KN-8427-01A,1.0,0.0,0.0,0.0,0.0
3,163258105,+,3,163258710,-,KICH,1695,TCGA-KN-8427-01A,TCGA-KN-8427-01A,1.0,0.0,0.0,0.0,0.0
3,188671972,+,3,188675256,+,KICH,1696,TCGA-KN-8427-01A,TCGA-KN-8427-01A,1.0,0.0,0.0,0.0,0.0
3,188673670,-,3,188675304,-,KICH,1697,TCGA-KN-8427-01A,TCGA-KN-8427-01A,1.0,0.0,0.0,0.0,0.0
4,6031750,-,4,6053756,+,KICH,1698,TCGA-KN-8427-01A,TCGA-KN-8427-01A,1.0,0.0,0.0,0.0,0.0
4,24558800,+,4,24577380,-,KICH,1699,TCGA-KN-8427-01A,TCGA-KN-8427-01A,1.0,0.0,0.0,0.0,0.0
4,39939306,+,4,39941723,-,KICH,1700,TCGA-KN-8427-01A,TCGA-KN-8427-01A,1.0,0.0,0.0,0.0,0.0
5,59034604,-,5,59042444,+,KICH,1701,TCGA-KN-8427-01A,TCGA-KN-8427-01A,1.0,0.0,0.0,0.0,0.0
5,123401346,+,6,122066687,-,KICH,1702,TCGA-KN-8427-01A,TCGA-KN-8427-01A,1.0,0.0,0.0,0.0,0.0
5,164976389,+,5,164976693,-,KICH,1703,TCGA-KN-8427-01A,TCGA-KN-8427-01A,1.0,0.0,0.0,0.0,0.0
5,178338534,-,5,178338670,+,KICH,1704,TCGA-KN-8427-01A,TCGA-KN-8427-01A,1.0,0.0,0.0,0.0,0.0
6,73839584,+,24,16914022,+,KICH,1705,TCGA-KN-8427-01A,TCGA-KN-8427-01A,1.0,0.0,0.0,0.0,0.0
6,114465952,+,6,114469494,-,KICH,1706,TCGA-KN-8427-01A,TCGA-KN-8427-01A,1.0,0.0,0.0,0.0,0.0
6,122066687,-,12,52898884,+,KICH,1707,TCGA-KN-8427-01A,TCGA-KN-8427-01A,1.0,0.0,0.0,0.0,0.0
6,149661943,+,6,149666555,-,KICH,1708,TCGA-KN-8427-01A,TCGA-KN-8427-01A,1.0,0.0,0.0,0.0,0.0
7,34314253,+,7,34366540,-,KICH,1709,TCGA-KN-8427-01A,TCGA-KN-8427-01A,1.0,0.0,0.0,0.0,0.0
7,69944142,+,7,70011684,-,KICH,1710,TCGA-KN-8427-01A,TCGA-KN-8427-01A,1.0,0.0,0.0,0.0,0.0
7,69966262,+,7,70009703,-,KICH,1711,TCGA-KN-8427-01A,TCGA-KN-8427-01A,1.0,0.0,0.0,0.0,0.0
7,70392748,+,7,70409973,-,KICH,1712,TCGA-KN-8427-01A,TCGA-KN-8427-01A,1.0,0.0,0.0,0.0,0.0
7,78837237,+,7,78970880,-,KICH,1713,TCGA-KN-8427-01A,TCGA-KN-8427-01A,1.0,0.0,0.0,0.0,0.0
7,104972118,-,7,105050986,+,KICH,1714,TCGA-KN-8427-01A,TCGA-KN-8427-01A,1.0,0.0,0.0,0.0,0.0
7,112080007,+,7,112152311,-,KICH,1715,TCGA-KN-8427-01A,TCGA-KN-8427-01A,1.0,0.0,0.0,0.0,0.0
7,130886187,+,7,130931913,-,KICH,1716,TCGA-KN-8427-01A,TCGA-KN-8427-01A,1.0,0.0,0.0,0.0,0.0
7,144638357,+,7,144640240,-,KICH,1717,TCGA-KN-8427-01A,TCGA-KN-8427-01A,1.0,0.0,0.0,0.0,0.0
7,150313823,+,7,150316512,-,KICH,1718,TCGA-KN-8427-01A,TCGA-KN-8427-01A,1.0,0.0,0.0,0.0,0.0
8,111564744,+,8,111686448,-,KICH,1719,TCGA-KN-8427-01A,TCGA-KN-8427-01A,1.0,0.0,0.0,0.0,0.0
8,112040975,-,8,137643179,+,KICH,1720,TCGA-KN-8427-01A,TCGA-KN-8427-01A,1.0,0.0,0.0,0.0,0.0
9,97664303,+,9,97685691,-,KICH,1721,TCGA-KN-8427-01A,TCGA-KN-8427-01A,1.0,0.0,0.0,0.0,0.0
9,110074457,+,9,110098177,-,KICH,1722,TCGA-KN-8427-01A,TCGA-KN-8427-01A,1.0,0.0,0.0,0.0,0.0
9,130726461,-,9,130792087,+,KICH,1723,TCGA-KN-8427-01A,TCGA-KN-8427-01A,1.0,0.0,0.0,0.0,0.0
23,32962776,+,23,32983221,-,KICH,1724,TCGA-KN-8427-01A,TCGA-KN-8427-01A,1.0,0.0,0.0,0.0,0.0
23,93267375,+,23,93356826,-,KICH,1725,TCGA-KN-8427-01A,TCGA-KN-8427-01A,1.0,0.0,0.0,0.0,0.0
1,111123902,+,5,2795698,-,KICH,1726,TCGA-KN-8428-01A,TCGA-KN-8428-01A,1.0,0.0,0.0,0.0,0.0
1,159045636,+,1,159049844,-,KICH,1727,TCGA-KN-8428-01A,TCGA-KN-8428-01A,1.0,0.0,0.0,0.0,0.0
1,173159117,+,1,173817294,-,KICH,1728,TCGA-KN-8428-01A,TCGA-KN-8428-01A,1.0,0.0,0.0,0.0,0.0
1,173159187,-,1,173817508,+,KICH,1729,TCGA-KN-8428-01A,TCGA-KN-8428-01A,1.0,0.0,0.0,0.0,0.0
1,189748795,-,7,153329370,+,KICH,1730,TCGA-KN-8428-01A,TCGA-KN-8428-01A,1.0,0.0,0.0,0.0,0.0
10,97909004,+,10,97915387,-,KICH,1731,TCGA-KN-8428-01A,TCGA-KN-8428-01A,1.0,0.0,0.0,0.0,0.0
11,245681,+,11,3839629,+,KICH,1732,TCGA-KN-8428-01A,TCGA-KN-8428-01A,1.0,0.0,0.0,0.0,0.0
11,1365412,+,11,1881961,-,KICH,1733,TCGA-KN-8428-01A,TCGA-KN-8428-01A,1.0,0.0,0.0,0.0,0.0
11,40582371,+,11,40744296,-,KICH,1734,TCGA-KN-8428-01A,TCGA-KN-8428-01A,1.0,0.0,0.0,0.0,0.0
11,47642215,-,14,68794778,-,KICH,1735,TCGA-KN-8428-01A,TCGA-KN-8428-01A,1.0,0.0,0.0,0.0,0.0
11,54841576,-,11,84735032,-,KICH,1736,TCGA-KN-8428-01A,TCGA-KN-8428-01A,1.0,0.0,0.0,0.0,0.0
11,57076626,+,23,22412629,-,KICH,1737,TCGA-KN-8428-01A,TCGA-KN-8428-01A,1.0,0.0,0.0,0.0,0.0
11,79630145,+,11,80425304,-,KICH,1738,TCGA-KN-8428-01A,TCGA-KN-8428-01A,1.0,0.0,0.0,0.0,0.0
11,106755866,-,11,106755993,+,KICH,1739,TCGA-KN-8428-01A,TCGA-KN-8428-01A,1.0,0.0,0.0,0.0,0.0
11,109371701,-,11,126352582,-,KICH,1740,TCGA-KN-8428-01A,TCGA-KN-8428-01A,1.0,0.0,0.0,0.0,0.0
11,120341308,-,14,55036631,+,KICH,1741,TCGA-KN-8428-01A,TCGA-KN-8428-01A,1.0,0.0,0.0,0.0,0.0
11,134662724,+,11,134701363,+,KICH,1742,TCGA-KN-8428-01A,TCGA-KN-8428-01A,1.0,0.0,0.0,0.0,0.0
12,34425896,-,12,34493083,+,KICH,1743,TCGA-KN-8428-01A,TCGA-KN-8428-01A,1.0,0.0,0.0,0.0,0.0
12,52288076,+,12,52305354,+,KICH,1744,TCGA-KN-8428-01A,TCGA-KN-8428-01A,1.0,0.0,0.0,0.0,0.0
12,52761512,-,12,54529350,+,KICH,1745,TCGA-KN-8428-01A,TCGA-KN-8428-01A,1.0,0.0,0.0,0.0,0.0
13,16175546,+,20,29240808,+,KICH,1746,TCGA-KN-8428-01A,TCGA-KN-8428-01A,1.0,0.0,0.0,0.0,0.0
13,16259080,-,20,28780547,-,KICH,1747,TCGA-KN-8428-01A,TCGA-KN-8428-01A,1.0,0.0,0.0,0.0,0.0
13,16290780,-,13,16679150,+,KICH,1748,TCGA-KN-8428-01A,TCGA-KN-8428-01A,1.0,0.0,0.0,0.0,0.0
13,64887566,-,13,64892588,+,KICH,1749,TCGA-KN-8428-01A,TCGA-KN-8428-01A,1.0,0.0,0.0,0.0,0.0
14,67273803,+,14,67313971,-,KICH,1750,TCGA-KN-8428-01A,TCGA-KN-8428-01A,1.0,0.0,0.0,0.0,0.0
14,79221164,+,14,79425686,-,KICH,1751,TCGA-KN-8428-01A,TCGA-KN-8428-01A,1.0,0.0,0.0,0.0,0.0
14,102095096,+,16,1872044,+,KICH,1752,TCGA-KN-8428-01A,TCGA-KN-8428-01A,1.0,0.0,0.0,0.0,0.0
15,24243611,-,15,24384032,+,KICH,1753,TCGA-KN-8428-01A,TCGA-KN-8428-01A,1.0,0.0,0.0,0.0,0.0
16,73565663,-,16,73587299,+,KICH,1754,TCGA-KN-8428-01A,TCGA-KN-8428-01A,1.0,0.0,0.0,0.0,0.0
18,15465973,-,18,15561578,+,KICH,1755,TCGA-KN-8428-01A,TCGA-KN-8428-01A,1.0,0.0,0.0,0.0,0.0
2,20907719,-,2,21523309,+,KICH,1756,TCGA-KN-8428-01A,TCGA-KN-8428-01A,1.0,0.0,0.0,0.0,0.0
2,55384666,+,23,40946891,+,KICH,1757,TCGA-KN-8428-01A,TCGA-KN-8428-01A,1.0,0.0,0.0,0.0,0.0
2,66775550,-,5,164328878,+,KICH,1758,TCGA-KN-8428-01A,TCGA-KN-8428-01A,1.0,0.0,0.0,0.0,0.0
2,85674065,+,2,85695503,-,KICH,1759,TCGA-KN-8428-01A,TCGA-KN-8428-01A,1.0,0.0,0.0,0.0,0.0
2,93377406,-,2,93426063,+,KICH,1760,TCGA-KN-8428-01A,TCGA-KN-8428-01A,1.0,0.0,0.0,0.0,0.0
2,133430081,-,2,133432858,+,KICH,1761,TCGA-KN-8428-01A,TCGA-KN-8428-01A,1.0,0.0,0.0,0.0,0.0
2,168287258,-,11,72444030,-,KICH,1762,TCGA-KN-8428-01A,TCGA-KN-8428-01A,1.0,0.0,0.0,0.0,0.0
20,14787316,+,20,16399640,+,KICH,1763,TCGA-KN-8428-01A,TCGA-KN-8428-01A,1.0,0.0,0.0,0.0,0.0
20,16361763,+,20,16365772,+,KICH,1764,TCGA-KN-8428-01A,TCGA-KN-8428-01A,1.0,0.0,0.0,0.0,0.0
20,16365349,-,20,16395458,-,KICH,1765,TCGA-KN-8428-01A,TCGA-KN-8428-01A,1.0,0.0,0.0,0.0,0.0
20,30027142,-,20,30031590,+,KICH,1766,TCGA-KN-8428-01A,TCGA-KN-8428-01A,1.0,0.0,0.0,0.0,0.0
21,41189917,-,21,41292092,+,KICH,1767,TCGA-KN-8428-01A,TCGA-KN-8428-01A,1.0,0.0,0.0,0.0,0.0
21,46141739,+,21,46178127,-,KICH,1768,TCGA-KN-8428-01A,TCGA-KN-8428-01A,1.0,0.0,0.0,0.0,0.0
3,12755,-,3,14531,-,KICH,1769,TCGA-KN-8428-01A,TCGA-KN-8428-01A,1.0,0.0,0.0,0.0,0.0
3,202889,+,3,212313,-,KICH,1770,TCGA-KN-8428-01A,TCGA-KN-8428-01A,1.0,0.0,0.0,0.0,0.0
3,24467857,+,3,24566855,-,KICH,1771,TCGA-KN-8428-01A,TCGA-KN-8428-01A,1.0,0.0,0.0,0.0,0.0
3,25331846,+,3,25567892,-,KICH,1772,TCGA-KN-8428-01A,TCGA-KN-8428-01A,1.0,0.0,0.0,0.0,0.0
3,90923206,-,3,91062621,+,KICH,1773,TCGA-KN-8428-01A,TCGA-KN-8428-01A,1.0,0.0,0.0,0.0,0.0
3,90942610,-,3,91116774,+,KICH,1774,TCGA-KN-8428-01A,TCGA-KN-8428-01A,1.0,0.0,0.0,0.0,0.0
3,174112900,+,3,175069045,+,KICH,1775,TCGA-KN-8428-01A,TCGA-KN-8428-01A,1.0,0.0,0.0,0.0,0.0
3,175039751,-,3,175500729,+,KICH,1776,TCGA-KN-8428-01A,TCGA-KN-8428-01A,1.0,0.0,0.0,0.0,0.0
3,175060585,-,3,175497208,-,KICH,1777,TCGA-KN-8428-01A,TCGA-KN-8428-01A,1.0,0.0,0.0,0.0,0.0
3,175249810,-,3,175262726,+,KICH,1778,TCGA-KN-8428-01A,TCGA-KN-8428-01A,1.0,0.0,0.0,0.0,0.0
3,175250160,+,3,175262726,+,KICH,1779,TCGA-KN-8428-01A,TCGA-KN-8428-01A,1.0,0.0,0.0,0.0,0.0
4,8341676,+,4,9765017,+,KICH,1780,TCGA-KN-8428-01A,TCGA-KN-8428-01A,1.0,0.0,0.0,0.0,0.0
4,34042766,+,4,174658600,-,KICH,1781,TCGA-KN-8428-01A,TCGA-KN-8428-01A,1.0,0.0,0.0,0.0,0.0
4,38439079,+,4,38443446,+,KICH,1782,TCGA-KN-8428-01A,TCGA-KN-8428-01A,1.0,0.0,0.0,0.0,0.0
4,38439282,-,4,38443201,-,KICH,1783,TCGA-KN-8428-01A,TCGA-KN-8428-01A,1.0,0.0,0.0,0.0,0.0
4,162585196,-,4,174660268,+,KICH,1784,TCGA-KN-8428-01A,TCGA-KN-8428-01A,1.0,0.0,0.0,0.0,0.0
5,2796644,+,5,2797936,-,KICH,1785,TCGA-KN-8428-01A,TCGA-KN-8428-01A,1.0,0.0,0.0,0.0,0.0
5,46650774,-,5,46747891,+,KICH,1786,TCGA-KN-8428-01A,TCGA-KN-8428-01A,1.0,0.0,0.0,0.0,0.0
5,47256180,-,19,24908120,+,KICH,1787,TCGA-KN-8428-01A,TCGA-KN-8428-01A,1.0,0.0,0.0,0.0,0.0
5,59468148,-,15,76203369,-,KICH,1788,TCGA-KN-8428-01A,TCGA-KN-8428-01A,1.0,0.0,0.0,0.0,0.0
5,59468458,+,16,58890772,+,KICH,1789,TCGA-KN-8428-01A,TCGA-KN-8428-01A,1.0,0.0,0.0,0.0,0.0
6,80821480,+,6,80848934,-,KICH,1790,TCGA-KN-8428-01A,TCGA-KN-8428-01A,1.0,0.0,0.0,0.0,0.0
6,108225825,-,6,108236791,+,KICH,1791,TCGA-KN-8428-01A,TCGA-KN-8428-01A,1.0,0.0,0.0,0.0,0.0
6,129256782,+,6,129276884,+,KICH,1792,TCGA-KN-8428-01A,TCGA-KN-8428-01A,1.0,0.0,0.0,0.0,0.0
6,129263978,-,6,129285616,-,KICH,1793,TCGA-KN-8428-01A,TCGA-KN-8428-01A,1.0,0.0,0.0,0.0,0.0
7,4497372,-,7,9622009,+,KICH,1794,TCGA-KN-8428-01A,TCGA-KN-8428-01A,1.0,0.0,0.0,0.0,0.0
7,107915924,+,9,137931588,+,KICH,1795,TCGA-KN-8428-01A,TCGA-KN-8428-01A,1.0,0.0,0.0,0.0,0.0
9,10880258,-,23,26213672,-,KICH,1796,TCGA-KN-8428-01A,TCGA-KN-8428-01A,1.0,0.0,0.0,0.0,0.0
9,17678659,+,9,42120046,+,KICH,1797,TCGA-KN-8428-01A,TCGA-KN-8428-01A,1.0,0.0,0.0,0.0,0.0
9,17678750,-,9,42119825,-,KICH,1798,TCGA-KN-8428-01A,TCGA-KN-8428-01A,1.0,0.0,0.0,0.0,0.0
9,44072003,-,9,44126084,+,KICH,1799,TCGA-KN-8428-01A,TCGA-KN-8428-01A,1.0,0.0,0.0,0.0,0.0
9,45107904,+,9,45316399,-,KICH,1800,TCGA-KN-8428-01A,TCGA-KN-8428-01A,1.0,0.0,0.0,0.0,0.0
1,4363268,+,1,5494504,+,KICH,1801,TCGA-KN-8429-01A,TCGA-KN-8429-01A,1.0,0.0,0.0,0.0,0.0
1,5270164,-,1,5495009,-,KICH,1802,TCGA-KN-8429-01A,TCGA-KN-8429-01A,1.0,0.0,0.0,0.0,0.0
11,132945846,-,12,9758991,+,KICH,1803,TCGA-KN-8429-01A,TCGA-KN-8429-01A,1.0,0.0,0.0,0.0,0.0
12,34786504,+,12,34797148,-,KICH,1804,TCGA-KN-8429-01A,TCGA-KN-8429-01A,1.0,0.0,0.0,0.0,0.0
15,77705206,+,16,85226816,+,KICH,1805,TCGA-KN-8429-01A,TCGA-KN-8429-01A,1.0,0.0,0.0,0.0,0.0
17,23051632,+,17,23061133,-,KICH,1806,TCGA-KN-8429-01A,TCGA-KN-8429-01A,1.0,0.0,0.0,0.0,0.0
2,91909073,+,10,42256214,+,KICH,1807,TCGA-KN-8429-01A,TCGA-KN-8429-01A,1.0,0.0,0.0,0.0,0.0
2,91929755,+,24,11381132,-,KICH,1808,TCGA-KN-8429-01A,TCGA-KN-8429-01A,1.0,0.0,0.0,0.0,0.0
2,107706336,+,5,90432309,+,KICH,1809,TCGA-KN-8429-01A,TCGA-KN-8429-01A,1.0,0.0,0.0,0.0,0.0
3,91157155,-,3,91281904,-,KICH,1810,TCGA-KN-8429-01A,TCGA-KN-8429-01A,1.0,0.0,0.0,0.0,0.0
4,9703256,-,7,20669935,+,KICH,1811,TCGA-KN-8429-01A,TCGA-KN-8429-01A,1.0,0.0,0.0,0.0,0.0
5,47248242,-,5,47272695,+,KICH,1812,TCGA-KN-8429-01A,TCGA-KN-8429-01A,1.0,0.0,0.0,0.0,0.0
7,85563327,+,12,75086690,+,KICH,1813,TCGA-KN-8429-01A,TCGA-KN-8429-01A,1.0,0.0,0.0,0.0,0.0
8,45427700,+,8,45946165,-,KICH,1814,TCGA-KN-8429-01A,TCGA-KN-8429-01A,1.0,0.0,0.0,0.0,0.0
23,84601982,+,23,84609703,-,KICH,1815,TCGA-KN-8429-01A,TCGA-KN-8429-01A,1.0,0.0,0.0,0.0,0.0
1,13235364,+,1,13384980,-,KICH,1816,TCGA-KN-8430-01A,TCGA-KN-8430-01A,1.0,0.0,0.0,0.0,0.0
1,124797414,-,1,124806593,+,KICH,1817,TCGA-KN-8430-01A,TCGA-KN-8430-01A,1.0,0.0,0.0,0.0,0.0
11,53258929,-,11,53771716,+,KICH,1818,TCGA-KN-8430-01A,TCGA-KN-8430-01A,1.0,0.0,0.0,0.0,0.0
11,62375452,-,16,71399027,+,KICH,1819,TCGA-KN-8430-01A,TCGA-KN-8430-01A,1.0,0.0,0.0,0.0,0.0
12,35045502,+,12,35811662,-,KICH,1820,TCGA-KN-8430-01A,TCGA-KN-8430-01A,1.0,0.0,0.0,0.0,0.0
12,130347179,+,12,132847832,-,KICH,1821,TCGA-KN-8430-01A,TCGA-KN-8430-01A,1.0,0.0,0.0,0.0,0.0
13,110954547,-,13,112396302,-,KICH,1822,TCGA-KN-8430-01A,TCGA-KN-8430-01A,1.0,0.0,0.0,0.0,0.0
16,35201405,-,16,35203750,+,KICH,1823,TCGA-KN-8430-01A,TCGA-KN-8430-01A,1.0,0.0,0.0,0.0,0.0
16,35201676,+,16,35364765,-,KICH,1824,TCGA-KN-8430-01A,TCGA-KN-8430-01A,1.0,0.0,0.0,0.0,0.0
18,15468414,+,18,15608469,-,KICH,1825,TCGA-KN-8430-01A,TCGA-KN-8430-01A,1.0,0.0,0.0,0.0,0.0
20,43120106,-,22,28669865,+,KICH,1826,TCGA-KN-8430-01A,TCGA-KN-8430-01A,1.0,0.0,0.0,0.0,0.0
3,16588404,+,5,81324634,+,KICH,1827,TCGA-KN-8430-01A,TCGA-KN-8430-01A,1.0,0.0,0.0,0.0,0.0
3,16588434,-,5,81398492,+,KICH,1828,TCGA-KN-8430-01A,TCGA-KN-8430-01A,1.0,0.0,0.0,0.0,0.0
3,16589109,+,5,81327795,+,KICH,1829,TCGA-KN-8430-01A,TCGA-KN-8430-01A,1.0,0.0,0.0,0.0,0.0
3,32691613,-,5,81326445,-,KICH,1830,TCGA-KN-8430-01A,TCGA-KN-8430-01A,1.0,0.0,0.0,0.0,0.0
3,70987052,+,3,71132031,-,KICH,1831,TCGA-KN-8430-01A,TCGA-KN-8430-01A,1.0,0.0,0.0,0.0,0.0
3,90860316,-,3,90870507,+,KICH,1832,TCGA-KN-8430-01A,TCGA-KN-8430-01A,1.0,0.0,0.0,0.0,0.0
3,91024161,-,3,91046236,+,KICH,1833,TCGA-KN-8430-01A,TCGA-KN-8430-01A,1.0,0.0,0.0,0.0,0.0
3,91104863,+,3,91144087,-,KICH,1834,TCGA-KN-8430-01A,TCGA-KN-8430-01A,1.0,0.0,0.0,0.0,0.0
3,175621468,+,3,175882576,-,KICH,1835,TCGA-KN-8430-01A,TCGA-KN-8430-01A,1.0,0.0,0.0,0.0,0.0
3,176788396,-,17,8442911,-,KICH,1836,TCGA-KN-8430-01A,TCGA-KN-8430-01A,1.0,0.0,0.0,0.0,0.0
4,110960713,+,4,111013962,-,KICH,1837,TCGA-KN-8430-01A,TCGA-KN-8430-01A,1.0,0.0,0.0,0.0,0.0
4,136258151,-,4,136387847,+,KICH,1838,TCGA-KN-8430-01A,TCGA-KN-8430-01A,1.0,0.0,0.0,0.0,0.0
4,185139360,+,4,185312565,-,KICH,1839,TCGA-KN-8430-01A,TCGA-KN-8430-01A,1.0,0.0,0.0,0.0,0.0
5,47210036,-,5,47239830,+,KICH,1840,TCGA-KN-8430-01A,TCGA-KN-8430-01A,1.0,0.0,0.0,0.0,0.0
5,49677389,-,5,49711047,+,KICH,1841,TCGA-KN-8430-01A,TCGA-KN-8430-01A,1.0,0.0,0.0,0.0,0.0
5,81396944,-,5,81398991,-,KICH,1842,TCGA-KN-8430-01A,TCGA-KN-8430-01A,1.0,0.0,0.0,0.0,0.0
6,35068146,-,19,18930002,-,KICH,1843,TCGA-KN-8430-01A,TCGA-KN-8430-01A,1.0,0.0,0.0,0.0,0.0
7,2415902,+,7,2462298,-,KICH,1844,TCGA-KN-8430-01A,TCGA-KN-8430-01A,1.0,0.0,0.0,0.0,0.0
7,131475262,+,7,138126116,-,KICH,1845,TCGA-KN-8430-01A,TCGA-KN-8430-01A,1.0,0.0,0.0,0.0,0.0
9,91687499,-,17,46084540,-,KICH,1846,TCGA-KN-8430-01A,TCGA-KN-8430-01A,1.0,0.0,0.0,0.0,0.0
23,8425144,+,23,8481168,-,KICH,1847,TCGA-KN-8430-01A,TCGA-KN-8430-01A,1.0,0.0,0.0,0.0,0.0
1,245793076,+,2,99892110,+,KICH,1848,TCGA-KN-8431-01A,TCGA-KN-8431-01A,1.0,0.0,0.0,0.0,0.0
10,41821656,+,20,30150926,+,KICH,1849,TCGA-KN-8431-01A,TCGA-KN-8431-01A,1.0,0.0,0.0,0.0,0.0
11,54344928,+,11,54384802,-,KICH,1850,TCGA-KN-8431-01A,TCGA-KN-8431-01A,1.0,0.0,0.0,0.0,0.0
12,9739641,-,21,22819001,+,KICH,1851,TCGA-KN-8431-01A,TCGA-KN-8431-01A,1.0,0.0,0.0,0.0,0.0
14,80471950,-,14,80550389,+,KICH,1852,TCGA-KN-8431-01A,TCGA-KN-8431-01A,1.0,0.0,0.0,0.0,0.0
22,23344657,-,22,24675061,+,KICH,1853,TCGA-KN-8431-01A,TCGA-KN-8431-01A,1.0,0.0,0.0,0.0,0.0
22,40328867,+,22,40349774,-,KICH,1854,TCGA-KN-8431-01A,TCGA-KN-8431-01A,1.0,0.0,0.0,0.0,0.0
3,90870987,+,3,91221895,-,KICH,1855,TCGA-KN-8431-01A,TCGA-KN-8431-01A,1.0,0.0,0.0,0.0,0.0
3,90942598,-,3,91026027,+,KICH,1856,TCGA-KN-8431-01A,TCGA-KN-8431-01A,1.0,0.0,0.0,0.0,0.0
7,15741598,+,7,123441836,-,KICH,1857,TCGA-KN-8431-01A,TCGA-KN-8431-01A,1.0,0.0,0.0,0.0,0.0
7,15744194,-,7,123442760,+,KICH,1858,TCGA-KN-8431-01A,TCGA-KN-8431-01A,1.0,0.0,0.0,0.0,0.0
11,54354747,-,11,54392642,+,KICH,1859,TCGA-KN-8432-01A,TCGA-KN-8432-01A,1.0,0.0,0.0,0.0,0.0
11,129672143,+,18,53428626,-,KICH,1860,TCGA-KN-8432-01A,TCGA-KN-8432-01A,1.0,0.0,0.0,0.0,0.0
12,23960545,+,14,83038475,+,KICH,1861,TCGA-KN-8432-01A,TCGA-KN-8432-01A,1.0,0.0,0.0,0.0,0.0
12,53087758,+,12,103967942,+,KICH,1862,TCGA-KN-8432-01A,TCGA-KN-8432-01A,1.0,0.0,0.0,0.0,0.0
12,105533815,+,20,46834794,+,KICH,1863,TCGA-KN-8432-01A,TCGA-KN-8432-01A,1.0,0.0,0.0,0.0,0.0
14,26678977,-,23,117261004,-,KICH,1864,TCGA-KN-8432-01A,TCGA-KN-8432-01A,1.0,0.0,0.0,0.0,0.0
15,90613105,-,20,532239,-,KICH,1865,TCGA-KN-8432-01A,TCGA-KN-8432-01A,1.0,0.0,0.0,0.0,0.0
17,22825178,-,17,22844040,+,KICH,1866,TCGA-KN-8432-01A,TCGA-KN-8432-01A,1.0,0.0,0.0,0.0,0.0
2,215163351,-,5,80824460,+,KICH,1867,TCGA-KN-8432-01A,TCGA-KN-8432-01A,1.0,0.0,0.0,0.0,0.0
2,222866778,+,10,113138326,-,KICH,1868,TCGA-KN-8432-01A,TCGA-KN-8432-01A,1.0,0.0,0.0,0.0,0.0
3,88947084,-,22,50351203,-,KICH,1869,TCGA-KN-8432-01A,TCGA-KN-8432-01A,1.0,0.0,0.0,0.0,0.0
3,90953186,+,3,91108415,-,KICH,1870,TCGA-KN-8432-01A,TCGA-KN-8432-01A,1.0,0.0,0.0,0.0,0.0
4,54742369,+,4,54743468,-,KICH,1871,TCGA-KN-8432-01A,TCGA-KN-8432-01A,1.0,0.0,0.0,0.0,0.0
4,57377324,-,4,57377522,+,KICH,1872,TCGA-KN-8432-01A,TCGA-KN-8432-01A,1.0,0.0,0.0,0.0,0.0
4,104957115,-,4,135417095,+,KICH,1873,TCGA-KN-8432-01A,TCGA-KN-8432-01A,1.0,0.0,0.0,0.0,0.0
5,49858012,+,5,49888834,-,KICH,1874,TCGA-KN-8432-01A,TCGA-KN-8432-01A,1.0,0.0,0.0,0.0,0.0
5,118539160,-,5,118542982,+,KICH,1875,TCGA-KN-8432-01A,TCGA-KN-8432-01A,1.0,0.0,0.0,0.0,0.0
7,58180655,+,7,61968458,-,KICH,1876,TCGA-KN-8432-01A,TCGA-KN-8432-01A,1.0,0.0,0.0,0.0,0.0
7,61755775,+,7,62174807,-,KICH,1877,TCGA-KN-8432-01A,TCGA-KN-8432-01A,1.0,0.0,0.0,0.0,0.0
7,145417552,-,7,150579140,+,KICH,1878,TCGA-KN-8432-01A,TCGA-KN-8432-01A,1.0,0.0,0.0,0.0,0.0
7,145417772,+,7,150579255,-,KICH,1879,TCGA-KN-8432-01A,TCGA-KN-8432-01A,1.0,0.0,0.0,0.0,0.0
8,44984417,+,8,45740231,-,KICH,1880,TCGA-KN-8432-01A,TCGA-KN-8432-01A,1.0,0.0,0.0,0.0,0.0
8,87428417,-,18,43735177,+,KICH,1881,TCGA-KN-8432-01A,TCGA-KN-8432-01A,1.0,0.0,0.0,0.0,0.0
1,13240700,-,1,13385114,+,KICH,1882,TCGA-KN-8433-01A,TCGA-KN-8433-01A,1.0,0.0,0.0,0.0,0.0
1,172694745,+,13,75250802,-,KICH,1883,TCGA-KN-8433-01A,TCGA-KN-8433-01A,1.0,0.0,0.0,0.0,0.0
10,37179010,+,10,37469879,+,KICH,1884,TCGA-KN-8433-01A,TCGA-KN-8433-01A,1.0,0.0,0.0,0.0,0.0
10,37434855,+,19,58487862,-,KICH,1885,TCGA-KN-8433-01A,TCGA-KN-8433-01A,1.0,0.0,0.0,0.0,0.0
11,50758087,-,23,62617996,-,KICH,1886,TCGA-KN-8433-01A,TCGA-KN-8433-01A,1.0,0.0,0.0,0.0,0.0
11,52504918,-,11,53829724,+,KICH,1887,TCGA-KN-8433-01A,TCGA-KN-8433-01A,1.0,0.0,0.0,0.0,0.0
11,53554544,-,11,53882372,+,KICH,1888,TCGA-KN-8433-01A,TCGA-KN-8433-01A,1.0,0.0,0.0,0.0,0.0
12,122372456,-,20,51397034,-,KICH,1889,TCGA-KN-8433-01A,TCGA-KN-8433-01A,1.0,0.0,0.0,0.0,0.0
13,16020044,-,20,28765360,-,KICH,1890,TCGA-KN-8433-01A,TCGA-KN-8433-01A,1.0,0.0,0.0,0.0,0.0
13,16440096,-,13,17330824,+,KICH,1891,TCGA-KN-8433-01A,TCGA-KN-8433-01A,1.0,0.0,0.0,0.0,0.0
13,86114956,-,20,53558838,-,KICH,1892,TCGA-KN-8433-01A,TCGA-KN-8433-01A,1.0,0.0,0.0,0.0,0.0
17,22822705,-,17,23180666,+,KICH,1893,TCGA-KN-8433-01A,TCGA-KN-8433-01A,1.0,0.0,0.0,0.0,0.0
17,49975919,-,20,7719013,+,KICH,1894,TCGA-KN-8433-01A,TCGA-KN-8433-01A,1.0,0.0,0.0,0.0,0.0
18,15805148,-,18,18141884,+,KICH,1895,TCGA-KN-8433-01A,TCGA-KN-8433-01A,1.0,0.0,0.0,0.0,0.0
19,32504628,-,19,34404056,-,KICH,1896,TCGA-KN-8433-01A,TCGA-KN-8433-01A,1.0,0.0,0.0,0.0,0.0
19,32506043,-,19,34493653,+,KICH,1897,TCGA-KN-8433-01A,TCGA-KN-8433-01A,1.0,0.0,0.0,0.0,0.0
19,34333563,-,19,35759040,+,KICH,1898,TCGA-KN-8433-01A,TCGA-KN-8433-01A,1.0,0.0,0.0,0.0,0.0
2,60397098,+,5,172150067,+,KICH,1899,TCGA-KN-8433-01A,TCGA-KN-8433-01A,1.0,0.0,0.0,0.0,0.0
2,181671026,-,11,26644849,+,KICH,1900,TCGA-KN-8433-01A,TCGA-KN-8433-01A,1.0,0.0,0.0,0.0,0.0
3,19029,-,10,37138922,+,KICH,1901,TCGA-KN-8433-01A,TCGA-KN-8433-01A,1.0,0.0,0.0,0.0,0.0
3,59195871,-,8,9721298,-,KICH,1902,TCGA-KN-8433-01A,TCGA-KN-8433-01A,1.0,0.0,0.0,0.0,0.0
3,89709047,+,11,59282704,-,KICH,1903,TCGA-KN-8433-01A,TCGA-KN-8433-01A,1.0,0.0,0.0,0.0,0.0
4,22580314,-,6,138349956,+,KICH,1904,TCGA-KN-8433-01A,TCGA-KN-8433-01A,1.0,0.0,0.0,0.0,0.0
4,22658776,+,4,173432908,-,KICH,1905,TCGA-KN-8433-01A,TCGA-KN-8433-01A,1.0,0.0,0.0,0.0,0.0
4,23825136,-,6,138068393,-,KICH,1906,TCGA-KN-8433-01A,TCGA-KN-8433-01A,1.0,0.0,0.0,0.0,0.0
4,49559923,+,20,30653557,+,KICH,1907,TCGA-KN-8433-01A,TCGA-KN-8433-01A,1.0,0.0,0.0,0.0,0.0
4,171814243,+,10,36732820,+,KICH,1908,TCGA-KN-8433-01A,TCGA-KN-8433-01A,1.0,0.0,0.0,0.0,0.0
4,183187555,-,7,73634806,-,KICH,1909,TCGA-KN-8433-01A,TCGA-KN-8433-01A,1.0,0.0,0.0,0.0,0.0
7,46806178,-,15,88267863,+,KICH,1910,TCGA-KN-8433-01A,TCGA-KN-8433-01A,1.0,0.0,0.0,0.0,0.0
7,79324653,-,9,100100731,-,KICH,1911,TCGA-KN-8433-01A,TCGA-KN-8433-01A,1.0,0.0,0.0,0.0,0.0
7,101039945,-,7,101042055,+,KICH,1912,TCGA-KN-8433-01A,TCGA-KN-8433-01A,1.0,0.0,0.0,0.0,0.0
8,45427720,+,8,45946158,-,KICH,1913,TCGA-KN-8433-01A,TCGA-KN-8433-01A,1.0,0.0,0.0,0.0,0.0
9,18934056,-,9,18934940,-,KICH,1914,TCGA-KN-8433-01A,TCGA-KN-8433-01A,1.0,0.0,0.0,0.0,0.0
9,40543298,-,22,16064352,-,KICH,1915,TCGA-KN-8433-01A,TCGA-KN-8433-01A,1.0,0.0,0.0,0.0,0.0
9,113951454,+,16,70835000,+,KICH,1916,TCGA-KN-8433-01A,TCGA-KN-8433-01A,1.0,0.0,0.0,0.0,0.0
23,97873649,-,23,156030193,+,KICH,1917,TCGA-KN-8433-01A,TCGA-KN-8433-01A,1.0,0.0,0.0,0.0,0.0
1,45955290,+,22,39500929,-,KICH,1918,TCGA-KN-8434-01A,TCGA-KN-8434-01A,1.0,0.0,0.0,0.0,0.0
12,35320370,-,12,36159453,+,KICH,1919,TCGA-KN-8434-01A,TCGA-KN-8434-01A,1.0,0.0,0.0,0.0,0.0
14,67843447,-,18,24353815,-,KICH,1920,TCGA-KN-8434-01A,TCGA-KN-8434-01A,1.0,0.0,0.0,0.0,0.0
16,37725964,+,16,37968467,-,KICH,1921,TCGA-KN-8434-01A,TCGA-KN-8434-01A,1.0,0.0,0.0,0.0,0.0
20,29926190,-,20,29954013,+,KICH,1922,TCGA-KN-8434-01A,TCGA-KN-8434-01A,1.0,0.0,0.0,0.0,0.0
3,59739964,-,8,89011821,+,KICH,1923,TCGA-KN-8434-01A,TCGA-KN-8434-01A,1.0,0.0,0.0,0.0,0.0
3,90850024,-,3,91172921,+,KICH,1924,TCGA-KN-8434-01A,TCGA-KN-8434-01A,1.0,0.0,0.0,0.0,0.0
4,49216542,-,18,14325848,-,KICH,1925,TCGA-KN-8434-01A,TCGA-KN-8434-01A,1.0,0.0,0.0,0.0,0.0
5,47058271,+,5,47128706,-,KICH,1926,TCGA-KN-8434-01A,TCGA-KN-8434-01A,1.0,0.0,0.0,0.0,0.0
6,63233022,-,6,115858854,-,KICH,1927,TCGA-KN-8434-01A,TCGA-KN-8434-01A,1.0,0.0,0.0,0.0,0.0
6,94447112,-,22,24005979,-,KICH,1928,TCGA-KN-8434-01A,TCGA-KN-8434-01A,1.0,0.0,0.0,0.0,0.0
7,58180680,+,7,61968441,-,KICH,1929,TCGA-KN-8434-01A,TCGA-KN-8434-01A,1.0,0.0,0.0,0.0,0.0
7,138789841,-,13,98546924,-,KICH,1930,TCGA-KN-8434-01A,TCGA-KN-8434-01A,1.0,0.0,0.0,0.0,0.0
9,43178709,+,18,15403514,-,KICH,1931,TCGA-KN-8434-01A,TCGA-KN-8434-01A,1.0,0.0,0.0,0.0,0.0
9,72105354,-,13,28083095,-,KICH,1932,TCGA-KN-8434-01A,TCGA-KN-8434-01A,1.0,0.0,0.0,0.0,0.0
23,54143674,+,23,141287119,+,KICH,1933,TCGA-KN-8434-01A,TCGA-KN-8434-01A,1.0,0.0,0.0,0.0,0.0
23,70567423,+,23,70641984,+,KICH,1934,TCGA-KN-8434-01A,TCGA-KN-8434-01A,1.0,0.0,0.0,0.0,0.0
23,70567517,-,23,70641767,-,KICH,1935,TCGA-KN-8434-01A,TCGA-KN-8434-01A,1.0,0.0,0.0,0.0,0.0
23,92090049,-,24,5314856,+,KICH,1936,TCGA-KN-8434-01A,TCGA-KN-8434-01A,1.0,0.0,0.0,0.0,0.0
1,50618469,+,1,51003608,-,KICH,1937,TCGA-KN-8435-01A,TCGA-KN-8435-01A,1.0,0.0,0.0,0.0,0.0
1,122172998,-,1,122191506,+,KICH,1938,TCGA-KN-8435-01A,TCGA-KN-8435-01A,1.0,0.0,0.0,0.0,0.0
1,122552511,+,1,123565258,-,KICH,1939,TCGA-KN-8435-01A,TCGA-KN-8435-01A,1.0,0.0,0.0,0.0,0.0
1,152104254,+,23,89128237,+,KICH,1940,TCGA-KN-8435-01A,TCGA-KN-8435-01A,1.0,0.0,0.0,0.0,0.0
10,41797089,-,10,41810555,+,KICH,1941,TCGA-KN-8435-01A,TCGA-KN-8435-01A,1.0,0.0,0.0,0.0,0.0
10,41797367,+,10,41811598,+,KICH,1942,TCGA-KN-8435-01A,TCGA-KN-8435-01A,1.0,0.0,0.0,0.0,0.0
10,41812220,-,10,41819025,-,KICH,1943,TCGA-KN-8435-01A,TCGA-KN-8435-01A,1.0,0.0,0.0,0.0,0.0
10,41816273,-,10,41819594,+,KICH,1944,TCGA-KN-8435-01A,TCGA-KN-8435-01A,1.0,0.0,0.0,0.0,0.0
11,54343516,-,11,54384648,+,KICH,1945,TCGA-KN-8435-01A,TCGA-KN-8435-01A,1.0,0.0,0.0,0.0,0.0
11,54405797,-,11,54420136,+,KICH,1946,TCGA-KN-8435-01A,TCGA-KN-8435-01A,1.0,0.0,0.0,0.0,0.0
11,54610710,-,22,39309214,+,KICH,1947,TCGA-KN-8435-01A,TCGA-KN-8435-01A,1.0,0.0,0.0,0.0,0.0
11,54610711,-,22,50654891,+,KICH,1948,TCGA-KN-8435-01A,TCGA-KN-8435-01A,1.0,0.0,0.0,0.0,0.0
12,676188,-,12,112095177,-,KICH,1949,TCGA-KN-8435-01A,TCGA-KN-8435-01A,1.0,0.0,0.0,0.0,0.0
12,34786500,+,12,34797136,-,KICH,1950,TCGA-KN-8435-01A,TCGA-KN-8435-01A,1.0,0.0,0.0,0.0,0.0
12,36277704,+,12,36965641,-,KICH,1951,TCGA-KN-8435-01A,TCGA-KN-8435-01A,1.0,0.0,0.0,0.0,0.0
13,86498044,-,13,86498769,-,KICH,1952,TCGA-KN-8435-01A,TCGA-KN-8435-01A,1.0,0.0,0.0,0.0,0.0
15,63500374,-,15,63615942,+,KICH,1953,TCGA-KN-8435-01A,TCGA-KN-8435-01A,1.0,0.0,0.0,0.0,0.0
16,34256386,+,16,36325931,-,KICH,1954,TCGA-KN-8435-01A,TCGA-KN-8435-01A,1.0,0.0,0.0,0.0,0.0
17,22912267,-,17,22966946,+,KICH,1955,TCGA-KN-8435-01A,TCGA-KN-8435-01A,1.0,0.0,0.0,0.0,0.0
18,15580296,+,18,15685684,-,KICH,1956,TCGA-KN-8435-01A,TCGA-KN-8435-01A,1.0,0.0,0.0,0.0,0.0
18,15791637,-,20,26534891,+,KICH,1957,TCGA-KN-8435-01A,TCGA-KN-8435-01A,1.0,0.0,0.0,0.0,0.0
19,14089978,-,22,20450147,+,KICH,1958,TCGA-KN-8435-01A,TCGA-KN-8435-01A,1.0,0.0,0.0,0.0,0.0
2,124306757,+,2,124463601,-,KICH,1959,TCGA-KN-8435-01A,TCGA-KN-8435-01A,1.0,0.0,0.0,0.0,0.0
2,124461879,-,2,124463983,+,KICH,1960,TCGA-KN-8435-01A,TCGA-KN-8435-01A,1.0,0.0,0.0,0.0,0.0
20,14062956,+,20,14646424,-,KICH,1961,TCGA-KN-8435-01A,TCGA-KN-8435-01A,1.0,0.0,0.0,0.0,0.0
20,29714378,-,20,29719838,+,KICH,1962,TCGA-KN-8435-01A,TCGA-KN-8435-01A,1.0,0.0,0.0,0.0,0.0
22,39309002,-,22,50654891,+,KICH,1963,TCGA-KN-8435-01A,TCGA-KN-8435-01A,1.0,0.0,0.0,0.0,0.0
3,89709048,+,11,59282585,-,KICH,1964,TCGA-KN-8435-01A,TCGA-KN-8435-01A,1.0,0.0,0.0,0.0,0.0
3,95998009,+,3,96201261,-,KICH,1965,TCGA-KN-8435-01A,TCGA-KN-8435-01A,1.0,0.0,0.0,0.0,0.0
5,40653,+,5,18019361,+,KICH,1966,TCGA-KN-8435-01A,TCGA-KN-8435-01A,1.0,0.0,0.0,0.0,0.0
5,49884,-,5,28276578,+,KICH,1967,TCGA-KN-8435-01A,TCGA-KN-8435-01A,1.0,0.0,0.0,0.0,0.0
5,50581,+,5,7120709,+,KICH,1968,TCGA-KN-8435-01A,TCGA-KN-8435-01A,1.0,0.0,0.0,0.0,0.0
5,51770,-,5,26947810,+,KICH,1969,TCGA-KN-8435-01A,TCGA-KN-8435-01A,1.0,0.0,0.0,0.0,0.0
5,106795,+,5,7216982,-,KICH,1970,TCGA-KN-8435-01A,TCGA-KN-8435-01A,1.0,0.0,0.0,0.0,0.0
5,130811,+,5,7506735,-,KICH,1971,TCGA-KN-8435-01A,TCGA-KN-8435-01A,1.0,0.0,0.0,0.0,0.0
5,134144,-,5,7246856,+,KICH,1972,TCGA-KN-8435-01A,TCGA-KN-8435-01A,1.0,0.0,0.0,0.0,0.0
5,146195,+,5,7567460,-,KICH,1973,TCGA-KN-8435-01A,TCGA-KN-8435-01A,1.0,0.0,0.0,0.0,0.0
5,162205,-,5,5010663,+,KICH,1974,TCGA-KN-8435-01A,TCGA-KN-8435-01A,1.0,0.0,0.0,0.0,0.0
5,216496,+,5,23432601,+,KICH,1975,TCGA-KN-8435-01A,TCGA-KN-8435-01A,1.0,0.0,0.0,0.0,0.0
5,219918,-,5,20075347,+,KICH,1976,TCGA-KN-8435-01A,TCGA-KN-8435-01A,1.0,0.0,0.0,0.0,0.0
5,272085,+,5,1296602,+,KICH,1977,TCGA-KN-8435-01A,TCGA-KN-8435-01A,1.0,0.0,0.0,0.0,0.0
5,553641,-,5,6809193,-,KICH,1978,TCGA-KN-8435-01A,TCGA-KN-8435-01A,1.0,0.0,0.0,0.0,0.0
5,767421,+,5,776253,-,KICH,1979,TCGA-KN-8435-01A,TCGA-KN-8435-01A,1.0,0.0,0.0,0.0,0.0
5,798547,+,5,7575792,-,KICH,1980,TCGA-KN-8435-01A,TCGA-KN-8435-01A,1.0,0.0,0.0,0.0,0.0
5,1045114,-,5,25961134,+,KICH,1981,TCGA-KN-8435-01A,TCGA-KN-8435-01A,1.0,0.0,0.0,0.0,0.0
5,1200028,-,5,6792953,-,KICH,1982,TCGA-KN-8435-01A,TCGA-KN-8435-01A,1.0,0.0,0.0,0.0,0.0
5,1213323,+,5,19729068,-,KICH,1983,TCGA-KN-8435-01A,TCGA-KN-8435-01A,1.0,0.0,0.0,0.0,0.0
5,1214706,-,5,23405726,-,KICH,1984,TCGA-KN-8435-01A,TCGA-KN-8435-01A,1.0,0.0,0.0,0.0,0.0
5,1601338,+,5,28276571,+,KICH,1985,TCGA-KN-8435-01A,TCGA-KN-8435-01A,1.0,0.0,0.0,0.0,0.0
5,2839623,-,5,17711026,+,KICH,1986,TCGA-KN-8435-01A,TCGA-KN-8435-01A,1.0,0.0,0.0,0.0,0.0
5,3255100,+,5,20952166,+,KICH,1987,TCGA-KN-8435-01A,TCGA-KN-8435-01A,1.0,0.0,0.0,0.0,0.0
5,4964679,-,5,25822056,-,KICH,1988,TCGA-KN-8435-01A,TCGA-KN-8435-01A,1.0,0.0,0.0,0.0,0.0
5,5061103,-,22,50590826,-,KICH,1989,TCGA-KN-8435-01A,TCGA-KN-8435-01A,1.0,0.0,0.0,0.0,0.0
5,5112859,+,5,7739492,+,KICH,1990,TCGA-KN-8435-01A,TCGA-KN-8435-01A,1.0,0.0,0.0,0.0,0.0
5,5355203,-,5,20435937,-,KICH,1991,TCGA-KN-8435-01A,TCGA-KN-8435-01A,1.0,0.0,0.0,0.0,0.0
5,5447823,+,5,7528492,-,KICH,1992,TCGA-KN-8435-01A,TCGA-KN-8435-01A,1.0,0.0,0.0,0.0,0.0
5,5499479,-,5,11633502,-,KICH,1993,TCGA-KN-8435-01A,TCGA-KN-8435-01A,1.0,0.0,0.0,0.0,0.0
5,6106707,-,5,7548229,+,KICH,1994,TCGA-KN-8435-01A,TCGA-KN-8435-01A,1.0,0.0,0.0,0.0,0.0
5,6382186,+,5,26982710,-,KICH,1995,TCGA-KN-8435-01A,TCGA-KN-8435-01A,1.0,0.0,0.0,0.0,0.0
5,6792914,+,5,8366281,-,KICH,1996,TCGA-KN-8435-01A,TCGA-KN-8435-01A,1.0,0.0,0.0,0.0,0.0
5,6796154,+,5,7247703,-,KICH,1997,TCGA-KN-8435-01A,TCGA-KN-8435-01A,1.0,0.0,0.0,0.0,0.0
5,6831243,+,5,28276694,-,KICH,1998,TCGA-KN-8435-01A,TCGA-KN-8435-01A,1.0,0.0,0.0,0.0,0.0
5,6981296,-,5,8223983,-,KICH,1999,TCGA-KN-8435-01A,TCGA-KN-8435-01A,1.0,0.0,0.0,0.0,0.0
5,7527850,+,5,7883738,+,KICH,2000,TCGA-KN-8435-01A,TCGA-KN-8435-01A,1.0,0.0,0.0,0.0,0.0
5,7535615,+,5,26946422,-,KICH,2001,TCGA-KN-8435-01A,TCGA-KN-8435-01A,1.0,0.0,0.0,0.0,0.0
5,7547341,-,5,7849422,-,KICH,2002,TCGA-KN-8435-01A,TCGA-KN-8435-01A,1.0,0.0,0.0,0.0,0.0
5,7572277,-,5,28276156,-,KICH,2003,TCGA-KN-8435-01A,TCGA-KN-8435-01A,1.0,0.0,0.0,0.0,0.0
5,7572406,-,5,19100786,-,KICH,2004,TCGA-KN-8435-01A,TCGA-KN-8435-01A,1.0,0.0,0.0,0.0,0.0
5,7572493,+,5,10192675,-,KICH,2005,TCGA-KN-8435-01A,TCGA-KN-8435-01A,1.0,0.0,0.0,0.0,0.0
5,7573045,+,5,17722305,-,KICH,2006,TCGA-KN-8435-01A,TCGA-KN-8435-01A,1.0,0.0,0.0,0.0,0.0
5,7853024,+,5,26423206,-,KICH,2007,TCGA-KN-8435-01A,TCGA-KN-8435-01A,1.0,0.0,0.0,0.0,0.0
5,7853460,-,5,7892425,-,KICH,2008,TCGA-KN-8435-01A,TCGA-KN-8435-01A,1.0,0.0,0.0,0.0,0.0
5,7883759,-,5,18018259,-,KICH,2009,TCGA-KN-8435-01A,TCGA-KN-8435-01A,1.0,0.0,0.0,0.0,0.0
5,7888968,+,5,28522844,+,KICH,2010,TCGA-KN-8435-01A,TCGA-KN-8435-01A,1.0,0.0,0.0,0.0,0.0
5,8222901,+,5,8332773,+,KICH,2011,TCGA-KN-8435-01A,TCGA-KN-8435-01A,1.0,0.0,0.0,0.0,0.0
5,8311633,+,5,8326549,-,KICH,2012,TCGA-KN-8435-01A,TCGA-KN-8435-01A,1.0,0.0,0.0,0.0,0.0
5,8318129,-,5,32685821,+,KICH,2013,TCGA-KN-8435-01A,TCGA-KN-8435-01A,1.0,0.0,0.0,0.0,0.0
5,8320838,+,5,32585959,+,KICH,2014,TCGA-KN-8435-01A,TCGA-KN-8435-01A,1.0,0.0,0.0,0.0,0.0
5,9548636,+,11,54602814,+,KICH,2015,TCGA-KN-8435-01A,TCGA-KN-8435-01A,1.0,0.0,0.0,0.0,0.0
5,9928415,-,5,19723757,+,KICH,2016,TCGA-KN-8435-01A,TCGA-KN-8435-01A,1.0,0.0,0.0,0.0,0.0
5,10163195,+,5,26422550,+,KICH,2017,TCGA-KN-8435-01A,TCGA-KN-8435-01A,1.0,0.0,0.0,0.0,0.0
5,10192580,-,5,28276128,-,KICH,2018,TCGA-KN-8435-01A,TCGA-KN-8435-01A,1.0,0.0,0.0,0.0,0.0
5,10192676,-,5,19100787,-,KICH,2019,TCGA-KN-8435-01A,TCGA-KN-8435-01A,1.0,0.0,0.0,0.0,0.0
5,10385192,+,5,19385587,-,KICH,2020,TCGA-KN-8435-01A,TCGA-KN-8435-01A,1.0,0.0,0.0,0.0,0.0
5,17995703,+,5,19645770,+,KICH,2021,TCGA-KN-8435-01A,TCGA-KN-8435-01A,1.0,0.0,0.0,0.0,0.0
5,18149138,+,22,39324097,-,KICH,2022,TCGA-KN-8435-01A,TCGA-KN-8435-01A,1.0,0.0,0.0,0.0,0.0
5,19100912,+,5,28276159,-,KICH,2023,TCGA-KN-8435-01A,TCGA-KN-8435-01A,1.0,0.0,0.0,0.0,0.0
5,19137737,-,5,27619750,+,KICH,2024,TCGA-KN-8435-01A,TCGA-KN-8435-01A,1.0,0.0,0.0,0.0,0.0
5,19651022,-,5,25834628,+,KICH,2025,TCGA-KN-8435-01A,TCGA-KN-8435-01A,1.0,0.0,0.0,0.0,0.0
5,20597234,+,22,16068874,-,KICH,2026,TCGA-KN-8435-01A,TCGA-KN-8435-01A,1.0,0.0,0.0,0.0,0.0
5,20604833,-,22,43666870,+,KICH,2027,TCGA-KN-8435-01A,TCGA-KN-8435-01A,1.0,0.0,0.0,0.0,0.0
5,20632799,+,22,50655571,-,KICH,2028,TCGA-KN-8435-01A,TCGA-KN-8435-01A,1.0,0.0,0.0,0.0,0.0
5,25366086,-,5,25839071,-,KICH,2029,TCGA-KN-8435-01A,TCGA-KN-8435-01A,1.0,0.0,0.0,0.0,0.0
5,25466403,+,5,26234664,-,KICH,2030,TCGA-KN-8435-01A,TCGA-KN-8435-01A,1.0,0.0,0.0,0.0,0.0
5,26425193,+,5,32592243,-,KICH,2031,TCGA-KN-8435-01A,TCGA-KN-8435-01A,1.0,0.0,0.0,0.0,0.0
5,28275852,-,5,28554239,-,KICH,2032,TCGA-KN-8435-01A,TCGA-KN-8435-01A,1.0,0.0,0.0,0.0,0.0
5,28601427,+,5,32582206,-,KICH,2033,TCGA-KN-8435-01A,TCGA-KN-8435-01A,1.0,0.0,0.0,0.0,0.0
5,33489930,-,22,44914041,-,KICH,2034,TCGA-KN-8435-01A,TCGA-KN-8435-01A,1.0,0.0,0.0,0.0,0.0
5,49684624,+,5,49690262,-,KICH,2035,TCGA-KN-8435-01A,TCGA-KN-8435-01A,1.0,0.0,0.0,0.0,0.0
6,167022296,+,8,32193331,+,KICH,2036,TCGA-KN-8435-01A,TCGA-KN-8435-01A,1.0,0.0,0.0,0.0,0.0
7,61114309,+,7,61430771,-,KICH,2037,TCGA-KN-8435-01A,TCGA-KN-8435-01A,1.0,0.0,0.0,0.0,0.0
7,61256453,-,7,61489770,+,KICH,2038,TCGA-KN-8435-01A,TCGA-KN-8435-01A,1.0,0.0,0.0,0.0,0.0
8,136888089,+,8,137000567,-,KICH,2039,TCGA-KN-8435-01A,TCGA-KN-8435-01A,1.0,0.0,0.0,0.0,0.0
10,55096686,+,10,57099851,-,KICH,2040,TCGA-KN-8436-01A,TCGA-KN-8436-01A,1.0,0.0,0.0,0.0,0.0
10,55500549,+,10,83942282,+,KICH,2041,TCGA-KN-8436-01A,TCGA-KN-8436-01A,1.0,0.0,0.0,0.0,0.0
10,99008205,-,10,104753045,-,KICH,2042,TCGA-KN-8436-01A,TCGA-KN-8436-01A,1.0,0.0,0.0,0.0,0.0
10,99010608,-,10,105667616,+,KICH,2043,TCGA-KN-8436-01A,TCGA-KN-8436-01A,1.0,0.0,0.0,0.0,0.0
11,54362925,-,11,54413033,+,KICH,2044,TCGA-KN-8436-01A,TCGA-KN-8436-01A,1.0,0.0,0.0,0.0,0.0
12,34773705,+,12,34788312,-,KICH,2045,TCGA-KN-8436-01A,TCGA-KN-8436-01A,1.0,0.0,0.0,0.0,0.0
12,34786500,+,12,34797161,-,KICH,2046,TCGA-KN-8436-01A,TCGA-KN-8436-01A,1.0,0.0,0.0,0.0,0.0
12,35988708,+,12,37122792,-,KICH,2047,TCGA-KN-8436-01A,TCGA-KN-8436-01A,1.0,0.0,0.0,0.0,0.0
12,38199455,+,16,90091868,-,KICH,2048,TCGA-KN-8436-01A,TCGA-KN-8436-01A,1.0,0.0,0.0,0.0,0.0
13,17431884,+,13,18028951,-,KICH,2049,TCGA-KN-8436-01A,TCGA-KN-8436-01A,1.0,0.0,0.0,0.0,0.0
15,18361308,-,15,18405767,+,KICH,2050,TCGA-KN-8436-01A,TCGA-KN-8436-01A,1.0,0.0,0.0,0.0,0.0
15,34426014,-,15,34572289,+,KICH,2051,TCGA-KN-8436-01A,TCGA-KN-8436-01A,1.0,0.0,0.0,0.0,0.0
16,20466075,-,16,20558658,-,KICH,2052,TCGA-KN-8436-01A,TCGA-KN-8436-01A,1.0,0.0,0.0,0.0,0.0
16,36350713,+,16,37068843,-,KICH,2053,TCGA-KN-8436-01A,TCGA-KN-8436-01A,1.0,0.0,0.0,0.0,0.0
17,23058402,-,17,23170249,+,KICH,2054,TCGA-KN-8436-01A,TCGA-KN-8436-01A,1.0,0.0,0.0,0.0,0.0
2,92233474,-,2,92674515,+,KICH,2055,TCGA-KN-8436-01A,TCGA-KN-8436-01A,1.0,0.0,0.0,0.0,0.0
2,93330574,-,2,93443447,+,KICH,2056,TCGA-KN-8436-01A,TCGA-KN-8436-01A,1.0,0.0,0.0,0.0,0.0
20,29538733,+,20,29540288,-,KICH,2057,TCGA-KN-8436-01A,TCGA-KN-8436-01A,1.0,0.0,0.0,0.0,0.0
22,36906107,-,22,37580724,+,KICH,2058,TCGA-KN-8436-01A,TCGA-KN-8436-01A,1.0,0.0,0.0,0.0,0.0
3,47238688,+,10,99009389,+,KICH,2059,TCGA-KN-8436-01A,TCGA-KN-8436-01A,1.0,0.0,0.0,0.0,0.0
3,54735993,+,10,108778019,-,KICH,2060,TCGA-KN-8436-01A,TCGA-KN-8436-01A,1.0,0.0,0.0,0.0,0.0
3,92705480,-,3,93346901,+,KICH,2061,TCGA-KN-8436-01A,TCGA-KN-8436-01A,1.0,0.0,0.0,0.0,0.0
3,182048227,-,19,28733034,+,KICH,2062,TCGA-KN-8436-01A,TCGA-KN-8436-01A,1.0,0.0,0.0,0.0,0.0
3,184438790,-,9,110144929,+,KICH,2063,TCGA-KN-8436-01A,TCGA-KN-8436-01A,1.0,0.0,0.0,0.0,0.0
4,183350027,-,5,3667034,+,KICH,2064,TCGA-KN-8436-01A,TCGA-KN-8436-01A,1.0,0.0,0.0,0.0,0.0
7,26201826,+,12,95286871,+,KICH,2065,TCGA-KN-8436-01A,TCGA-KN-8436-01A,1.0,0.0,0.0,0.0,0.0
7,128570637,-,11,46429141,+,KICH,2066,TCGA-KN-8436-01A,TCGA-KN-8436-01A,1.0,0.0,0.0,0.0,0.0
9,62468295,-,22,16400675,-,KICH,2067,TCGA-KN-8436-01A,TCGA-KN-8436-01A,1.0,0.0,0.0,0.0,0.0
1,77433681,+,8,133313051,+,KICH,2068,TCGA-KN-8437-01A,TCGA-KN-8437-01A,1.0,0.0,0.0,0.0,0.0
10,39496532,+,23,62580372,-,KICH,2069,TCGA-KN-8437-01A,TCGA-KN-8437-01A,1.0,0.0,0.0,0.0,0.0
11,54353743,-,11,54420155,+,KICH,2070,TCGA-KN-8437-01A,TCGA-KN-8437-01A,1.0,0.0,0.0,0.0,0.0
13,110954915,+,13,112395940,+,KICH,2071,TCGA-KN-8437-01A,TCGA-KN-8437-01A,1.0,0.0,0.0,0.0,0.0
14,68794818,-,16,53010788,-,KICH,2072,TCGA-KN-8437-01A,TCGA-KN-8437-01A,1.0,0.0,0.0,0.0,0.0
15,19899767,+,16,34804333,-,KICH,2073,TCGA-KN-8437-01A,TCGA-KN-8437-01A,1.0,0.0,0.0,0.0,0.0
2,95918850,+,2,95920740,-,KICH,2074,TCGA-KN-8437-01A,TCGA-KN-8437-01A,1.0,0.0,0.0,0.0,0.0
2,183530331,+,4,189485053,+,KICH,2075,TCGA-KN-8437-01A,TCGA-KN-8437-01A,1.0,0.0,0.0,0.0,0.0
22,35331262,-,22,35331368,+,KICH,2076,TCGA-KN-8437-01A,TCGA-KN-8437-01A,1.0,0.0,0.0,0.0,0.0
3,71091132,+,11,79015478,-,KICH,2077,TCGA-KN-8437-01A,TCGA-KN-8437-01A,1.0,0.0,0.0,0.0,0.0
4,60917668,-,10,67744947,-,KICH,2078,TCGA-KN-8437-01A,TCGA-KN-8437-01A,1.0,0.0,0.0,0.0,0.0
4,82077117,+,14,80285976,-,KICH,2079,TCGA-KN-8437-01A,TCGA-KN-8437-01A,1.0,0.0,0.0,0.0,0.0
4,143851947,-,4,143973028,+,KICH,2080,TCGA-KN-8437-01A,TCGA-KN-8437-01A,1.0,0.0,0.0,0.0,0.0
5,49749166,-,5,49832996,+,KICH,2081,TCGA-KN-8437-01A,TCGA-KN-8437-01A,1.0,0.0,0.0,0.0,0.0
5,159466947,+,11,129143073,-,KICH,2082,TCGA-KN-8437-01A,TCGA-KN-8437-01A,1.0,0.0,0.0,0.0,0.0
5,163738055,-,7,9604820,+,KICH,2083,TCGA-KN-8437-01A,TCGA-KN-8437-01A,1.0,0.0,0.0,0.0,0.0
6,48703927,+,12,107609013,+,KICH,2084,TCGA-KN-8437-01A,TCGA-KN-8437-01A,1.0,0.0,0.0,0.0,0.0
6,165544821,-,18,25117083,+,KICH,2085,TCGA-KN-8437-01A,TCGA-KN-8437-01A,1.0,0.0,0.0,0.0,0.0
7,62082852,+,19,27345728,-,KICH,2086,TCGA-KN-8437-01A,TCGA-KN-8437-01A,1.0,0.0,0.0,0.0,0.0
8,13622447,+,23,135115029,+,KICH,2087,TCGA-KN-8437-01A,TCGA-KN-8437-01A,1.0,0.0,0.0,0.0,0.0
8,30063915,+,8,30069641,-,KICH,2088,TCGA-KN-8437-01A,TCGA-KN-8437-01A,1.0,0.0,0.0,0.0,0.0
8,45427600,+,8,45946089,-,KICH,2089,TCGA-KN-8437-01A,TCGA-KN-8437-01A,1.0,0.0,0.0,0.0,0.0
8,142875329,+,8,142912891,-,KICH,2090,TCGA-KN-8437-01A,TCGA-KN-8437-01A,1.0,0.0,0.0,0.0,0.0
9,11383203,+,9,11472306,-,KICH,2091,TCGA-KN-8437-01A,TCGA-KN-8437-01A,1.0,0.0,0.0,0.0,0.0
1,6937553,-,16,86013994,+,KICH,2092,TCGA-KO-8403-01A,TCGA-KO-8403-01A,1.0,0.0,0.0,0.0,0.0
12,57678325,+,12,96101318,+,KICH,2093,TCGA-KO-8403-01A,TCGA-KO-8403-01A,1.0,0.0,0.0,0.0,0.0
16,20466088,-,16,20558646,-,KICH,2094,TCGA-KO-8403-01A,TCGA-KO-8403-01A,1.0,0.0,0.0,0.0,0.0
2,208270331,+,20,62248409,-,KICH,2095,TCGA-KO-8403-01A,TCGA-KO-8403-01A,1.0,0.0,0.0,0.0,0.0
6,58292147,-,6,61158462,-,KICH,2096,TCGA-KO-8403-01A,TCGA-KO-8403-01A,1.0,0.0,0.0,0.0,0.0
9,9361482,+,9,9659834,-,KICH,2097,TCGA-KO-8403-01A,TCGA-KO-8403-01A,1.0,0.0,0.0,0.0,0.0
9,10488173,-,15,83236840,+,KICH,2098,TCGA-KO-8403-01A,TCGA-KO-8403-01A,1.0,0.0,0.0,0.0,0.0
9,63764086,-,15,17752000,-,KICH,2099,TCGA-KO-8403-01A,TCGA-KO-8403-01A,1.0,0.0,0.0,0.0,0.0
23,155754132,-,23,155754354,+,KICH,2100,TCGA-KO-8403-01A,TCGA-KO-8403-01A,1.0,0.0,0.0,0.0,0.0
1,152415308,+,1,152446928,-,KICH,2101,TCGA-KO-8404-01A,TCGA-KO-8404-01A,1.0,0.0,0.0,0.0,0.0
1,183030096,-,11,20781199,+,KICH,2102,TCGA-KO-8404-01A,TCGA-KO-8404-01A,1.0,0.0,0.0,0.0,0.0
1,183030303,+,1,183031177,+,KICH,2103,TCGA-KO-8404-01A,TCGA-KO-8404-01A,1.0,0.0,0.0,0.0,0.0
1,183030540,-,11,20781186,-,KICH,2104,TCGA-KO-8404-01A,TCGA-KO-8404-01A,1.0,0.0,0.0,0.0,0.0
1,183032344,-,13,90134773,+,KICH,2105,TCGA-KO-8404-01A,TCGA-KO-8404-01A,1.0,0.0,0.0,0.0,0.0
1,183032391,-,12,33050592,-,KICH,2106,TCGA-KO-8404-01A,TCGA-KO-8404-01A,1.0,0.0,0.0,0.0,0.0
1,183032543,-,2,21555950,+,KICH,2107,TCGA-KO-8404-01A,TCGA-KO-8404-01A,1.0,0.0,0.0,0.0,0.0
1,183032612,+,9,110787072,+,KICH,2108,TCGA-KO-8404-01A,TCGA-KO-8404-01A,1.0,0.0,0.0,0.0,0.0
1,183032634,+,9,77399200,+,KICH,2109,TCGA-KO-8404-01A,TCGA-KO-8404-01A,1.0,0.0,0.0,0.0,0.0
1,183032748,+,8,33850880,-,KICH,2110,TCGA-KO-8404-01A,TCGA-KO-8404-01A,1.0,0.0,0.0,0.0,0.0
1,239982050,-,1,240149414,-,KICH,2111,TCGA-KO-8404-01A,TCGA-KO-8404-01A,1.0,0.0,0.0,0.0,0.0
1,240062076,+,1,240165390,+,KICH,2112,TCGA-KO-8404-01A,TCGA-KO-8404-01A,1.0,0.0,0.0,0.0,0.0
10,107700256,-,10,107803619,+,KICH,2113,TCGA-KO-8404-01A,TCGA-KO-8404-01A,1.0,0.0,0.0,0.0,0.0
11,10358625,-,11,10386782,-,KICH,2114,TCGA-KO-8404-01A,TCGA-KO-8404-01A,1.0,0.0,0.0,0.0,0.0
11,10384746,+,11,16520763,-,KICH,2115,TCGA-KO-8404-01A,TCGA-KO-8404-01A,1.0,0.0,0.0,0.0,0.0
11,11050476,+,18,61191940,-,KICH,2116,TCGA-KO-8404-01A,TCGA-KO-8404-01A,1.0,0.0,0.0,0.0,0.0
11,23171247,+,11,85314184,+,KICH,2117,TCGA-KO-8404-01A,TCGA-KO-8404-01A,1.0,0.0,0.0,0.0,0.0
11,23975995,-,18,38087195,-,KICH,2118,TCGA-KO-8404-01A,TCGA-KO-8404-01A,1.0,0.0,0.0,0.0,0.0
11,24023901,+,18,26749668,-,KICH,2119,TCGA-KO-8404-01A,TCGA-KO-8404-01A,1.0,0.0,0.0,0.0,0.0
11,28142886,-,11,92129063,+,KICH,2120,TCGA-KO-8404-01A,TCGA-KO-8404-01A,1.0,0.0,0.0,0.0,0.0
11,28535982,+,18,39107962,+,KICH,2121,TCGA-KO-8404-01A,TCGA-KO-8404-01A,1.0,0.0,0.0,0.0,0.0
11,37441216,-,11,41091130,+,KICH,2122,TCGA-KO-8404-01A,TCGA-KO-8404-01A,1.0,0.0,0.0,0.0,0.0
11,37441217,-,18,73580024,+,KICH,2123,TCGA-KO-8404-01A,TCGA-KO-8404-01A,1.0,0.0,0.0,0.0,0.0
11,37441637,+,11,127337092,+,KICH,2124,TCGA-KO-8404-01A,TCGA-KO-8404-01A,1.0,0.0,0.0,0.0,0.0
11,38348849,-,18,31135890,+,KICH,2125,TCGA-KO-8404-01A,TCGA-KO-8404-01A,1.0,0.0,0.0,0.0,0.0
11,38582894,+,11,83715560,+,KICH,2126,TCGA-KO-8404-01A,TCGA-KO-8404-01A,1.0,0.0,0.0,0.0,0.0
11,38583864,-,11,127245568,-,KICH,2127,TCGA-KO-8404-01A,TCGA-KO-8404-01A,1.0,0.0,0.0,0.0,0.0
11,38584865,+,11,129164766,+,KICH,2128,TCGA-KO-8404-01A,TCGA-KO-8404-01A,1.0,0.0,0.0,0.0,0.0
11,39480701,-,11,127520203,+,KICH,2129,TCGA-KO-8404-01A,TCGA-KO-8404-01A,1.0,0.0,0.0,0.0,0.0
11,39802051,+,18,27962349,+,KICH,2130,TCGA-KO-8404-01A,TCGA-KO-8404-01A,1.0,0.0,0.0,0.0,0.0
11,40890793,-,11,54892969,+,KICH,2131,TCGA-KO-8404-01A,TCGA-KO-8404-01A,1.0,0.0,0.0,0.0,0.0
11,41090988,-,18,73580024,+,KICH,2132,TCGA-KO-8404-01A,TCGA-KO-8404-01A,1.0,0.0,0.0,0.0,0.0
11,41091854,+,11,133521305,-,KICH,2133,TCGA-KO-8404-01A,TCGA-KO-8404-01A,1.0,0.0,0.0,0.0,0.0
11,43121755,-,11,43159214,+,KICH,2134,TCGA-KO-8404-01A,TCGA-KO-8404-01A,1.0,0.0,0.0,0.0,0.0
11,52308114,+,11,53766876,-,KICH,2135,TCGA-KO-8404-01A,TCGA-KO-8404-01A,1.0,0.0,0.0,0.0,0.0
11,54358788,-,11,54407116,+,KICH,2136,TCGA-KO-8404-01A,TCGA-KO-8404-01A,1.0,0.0,0.0,0.0,0.0
11,54378133,-,11,54380209,+,KICH,2137,TCGA-KO-8404-01A,TCGA-KO-8404-01A,1.0,0.0,0.0,0.0,0.0
11,54387731,+,11,54402155,-,KICH,2138,TCGA-KO-8404-01A,TCGA-KO-8404-01A,1.0,0.0,0.0,0.0,0.0
11,65984833,-,12,121533173,-,KICH,2139,TCGA-KO-8404-01A,TCGA-KO-8404-01A,1.0,0.0,0.0,0.0,0.0
11,79860054,+,11,80496246,-,KICH,2140,TCGA-KO-8404-01A,TCGA-KO-8404-01A,1.0,0.0,0.0,0.0,0.0
11,80422275,+,11,80929211,-,KICH,2141,TCGA-KO-8404-01A,TCGA-KO-8404-01A,1.0,0.0,0.0,0.0,0.0
11,80594787,-,18,25658390,-,KICH,2142,TCGA-KO-8404-01A,TCGA-KO-8404-01A,1.0,0.0,0.0,0.0,0.0
11,80736073,+,11,81502763,-,KICH,2143,TCGA-KO-8404-01A,TCGA-KO-8404-01A,1.0,0.0,0.0,0.0,0.0
11,80851382,+,11,128611750,-,KICH,2144,TCGA-KO-8404-01A,TCGA-KO-8404-01A,1.0,0.0,0.0,0.0,0.0
11,81283937,+,11,81529952,-,KICH,2145,TCGA-KO-8404-01A,TCGA-KO-8404-01A,1.0,0.0,0.0,0.0,0.0
11,81287233,+,11,81634880,-,KICH,2146,TCGA-KO-8404-01A,TCGA-KO-8404-01A,1.0,0.0,0.0,0.0,0.0
11,82588534,+,18,68117617,+,KICH,2147,TCGA-KO-8404-01A,TCGA-KO-8404-01A,1.0,0.0,0.0,0.0,0.0
11,82654884,-,18,65249872,+,KICH,2148,TCGA-KO-8404-01A,TCGA-KO-8404-01A,1.0,0.0,0.0,0.0,0.0
11,83934585,-,18,69719744,+,KICH,2149,TCGA-KO-8404-01A,TCGA-KO-8404-01A,1.0,0.0,0.0,0.0,0.0
11,85067733,+,20,14501803,+,KICH,2150,TCGA-KO-8404-01A,TCGA-KO-8404-01A,1.0,0.0,0.0,0.0,0.0
11,88908767,-,11,99169578,-,KICH,2151,TCGA-KO-8404-01A,TCGA-KO-8404-01A,1.0,0.0,0.0,0.0,0.0
11,90493647,+,18,31037113,-,KICH,2152,TCGA-KO-8404-01A,TCGA-KO-8404-01A,1.0,0.0,0.0,0.0,0.0
11,94099741,+,11,128376156,-,KICH,2153,TCGA-KO-8404-01A,TCGA-KO-8404-01A,1.0,0.0,0.0,0.0,0.0
11,106804134,+,18,26642745,-,KICH,2154,TCGA-KO-8404-01A,TCGA-KO-8404-01A,1.0,0.0,0.0,0.0,0.0
11,132071720,+,11,132072346,-,KICH,2155,TCGA-KO-8404-01A,TCGA-KO-8404-01A,1.0,0.0,0.0,0.0,0.0
11,133606168,+,18,26758069,+,KICH,2156,TCGA-KO-8404-01A,TCGA-KO-8404-01A,1.0,0.0,0.0,0.0,0.0
12,1003494,+,12,1437241,-,KICH,2157,TCGA-KO-8404-01A,TCGA-KO-8404-01A,1.0,0.0,0.0,0.0,0.0
12,4590489,+,12,4603598,+,KICH,2158,TCGA-KO-8404-01A,TCGA-KO-8404-01A,1.0,0.0,0.0,0.0,0.0
12,4634987,-,12,37912170,-,KICH,2159,TCGA-KO-8404-01A,TCGA-KO-8404-01A,1.0,0.0,0.0,0.0,0.0
12,33964752,-,12,55844205,+,KICH,2160,TCGA-KO-8404-01A,TCGA-KO-8404-01A,1.0,0.0,0.0,0.0,0.0
12,38778425,-,12,45223127,+,KICH,2161,TCGA-KO-8404-01A,TCGA-KO-8404-01A,1.0,0.0,0.0,0.0,0.0
12,39628041,+,12,76635661,+,KICH,2162,TCGA-KO-8404-01A,TCGA-KO-8404-01A,1.0,0.0,0.0,0.0,0.0
12,45452253,+,12,76298909,-,KICH,2163,TCGA-KO-8404-01A,TCGA-KO-8404-01A,1.0,0.0,0.0,0.0,0.0
12,55549967,-,12,131806719,-,KICH,2164,TCGA-KO-8404-01A,TCGA-KO-8404-01A,1.0,0.0,0.0,0.0,0.0
12,72345537,+,12,72346491,-,KICH,2165,TCGA-KO-8404-01A,TCGA-KO-8404-01A,1.0,0.0,0.0,0.0,0.0
12,73548061,+,22,49386744,+,KICH,2166,TCGA-KO-8404-01A,TCGA-KO-8404-01A,1.0,0.0,0.0,0.0,0.0
12,73760051,+,12,112430322,+,KICH,2167,TCGA-KO-8404-01A,TCGA-KO-8404-01A,1.0,0.0,0.0,0.0,0.0
12,91977749,+,12,92007182,-,KICH,2168,TCGA-KO-8404-01A,TCGA-KO-8404-01A,1.0,0.0,0.0,0.0,0.0
12,94527326,-,12,94715180,+,KICH,2169,TCGA-KO-8404-01A,TCGA-KO-8404-01A,1.0,0.0,0.0,0.0,0.0
12,111810610,-,12,131943894,+,KICH,2170,TCGA-KO-8404-01A,TCGA-KO-8404-01A,1.0,0.0,0.0,0.0,0.0
12,112163612,+,12,130816101,+,KICH,2171,TCGA-KO-8404-01A,TCGA-KO-8404-01A,1.0,0.0,0.0,0.0,0.0
12,121805323,-,12,121907593,+,KICH,2172,TCGA-KO-8404-01A,TCGA-KO-8404-01A,1.0,0.0,0.0,0.0,0.0
13,52842794,-,13,52947209,+,KICH,2173,TCGA-KO-8404-01A,TCGA-KO-8404-01A,1.0,0.0,0.0,0.0,0.0
13,52843246,+,13,52947098,-,KICH,2174,TCGA-KO-8404-01A,TCGA-KO-8404-01A,1.0,0.0,0.0,0.0,0.0
13,56678295,-,13,56700128,+,KICH,2175,TCGA-KO-8404-01A,TCGA-KO-8404-01A,1.0,0.0,0.0,0.0,0.0
13,63392934,-,13,63441682,+,KICH,2176,TCGA-KO-8404-01A,TCGA-KO-8404-01A,1.0,0.0,0.0,0.0,0.0
13,85628651,-,13,85849085,+,KICH,2177,TCGA-KO-8404-01A,TCGA-KO-8404-01A,1.0,0.0,0.0,0.0,0.0
13,114004824,-,13,114088197,+,KICH,2178,TCGA-KO-8404-01A,TCGA-KO-8404-01A,1.0,0.0,0.0,0.0,0.0
13,114134655,+,13,114151420,-,KICH,2179,TCGA-KO-8404-01A,TCGA-KO-8404-01A,1.0,0.0,0.0,0.0,0.0
14,27503316,+,14,27611730,-,KICH,2180,TCGA-KO-8404-01A,TCGA-KO-8404-01A,1.0,0.0,0.0,0.0,0.0
14,30108024,-,14,30226061,+,KICH,2181,TCGA-KO-8404-01A,TCGA-KO-8404-01A,1.0,0.0,0.0,0.0,0.0
14,40102034,+,14,40126239,-,KICH,2182,TCGA-KO-8404-01A,TCGA-KO-8404-01A,1.0,0.0,0.0,0.0,0.0
14,40520031,-,14,40594760,+,KICH,2183,TCGA-KO-8404-01A,TCGA-KO-8404-01A,1.0,0.0,0.0,0.0,0.0
14,46673895,-,14,46747842,+,KICH,2184,TCGA-KO-8404-01A,TCGA-KO-8404-01A,1.0,0.0,0.0,0.0,0.0
14,46850731,-,14,46878335,+,KICH,2185,TCGA-KO-8404-01A,TCGA-KO-8404-01A,1.0,0.0,0.0,0.0,0.0
14,80112883,-,14,80187336,+,KICH,2186,TCGA-KO-8404-01A,TCGA-KO-8404-01A,1.0,0.0,0.0,0.0,0.0
14,105842042,+,14,106213605,-,KICH,2187,TCGA-KO-8404-01A,TCGA-KO-8404-01A,1.0,0.0,0.0,0.0,0.0
15,52663172,-,15,72401991,+,KICH,2188,TCGA-KO-8404-01A,TCGA-KO-8404-01A,1.0,0.0,0.0,0.0,0.0
16,12078694,+,16,12112195,-,KICH,2189,TCGA-KO-8404-01A,TCGA-KO-8404-01A,1.0,0.0,0.0,0.0,0.0
16,36050057,-,16,36051777,+,KICH,2190,TCGA-KO-8404-01A,TCGA-KO-8404-01A,1.0,0.0,0.0,0.0,0.0
16,36379393,+,16,37020271,-,KICH,2191,TCGA-KO-8404-01A,TCGA-KO-8404-01A,1.0,0.0,0.0,0.0,0.0
16,61532770,-,16,61578537,+,KICH,2192,TCGA-KO-8404-01A,TCGA-KO-8404-01A,1.0,0.0,0.0,0.0,0.0
16,61553158,+,16,61578434,+,KICH,2193,TCGA-KO-8404-01A,TCGA-KO-8404-01A,1.0,0.0,0.0,0.0,0.0
16,61553169,-,16,61578433,-,KICH,2194,TCGA-KO-8404-01A,TCGA-KO-8404-01A,1.0,0.0,0.0,0.0,0.0
16,89969661,+,16,90023706,-,KICH,2195,TCGA-KO-8404-01A,TCGA-KO-8404-01A,1.0,0.0,0.0,0.0,0.0
16,90023830,+,16,90079034,+,KICH,2196,TCGA-KO-8404-01A,TCGA-KO-8404-01A,1.0,0.0,0.0,0.0,0.0
17,26645167,+,17,26760782,-,KICH,2197,TCGA-KO-8404-01A,TCGA-KO-8404-01A,1.0,0.0,0.0,0.0,0.0
17,59800667,-,17,59872439,+,KICH,2198,TCGA-KO-8404-01A,TCGA-KO-8404-01A,1.0,0.0,0.0,0.0,0.0
18,15590216,+,18,15673438,-,KICH,2199,TCGA-KO-8404-01A,TCGA-KO-8404-01A,1.0,0.0,0.0,0.0,0.0
18,23268886,+,18,75389852,-,KICH,2200,TCGA-KO-8404-01A,TCGA-KO-8404-01A,1.0,0.0,0.0,0.0,0.0
18,25282901,+,18,34057606,+,KICH,2201,TCGA-KO-8404-01A,TCGA-KO-8404-01A,1.0,0.0,0.0,0.0,0.0
18,25745944,-,18,34055605,-,KICH,2202,TCGA-KO-8404-01A,TCGA-KO-8404-01A,1.0,0.0,0.0,0.0,0.0
18,25910525,+,18,28038670,-,KICH,2203,TCGA-KO-8404-01A,TCGA-KO-8404-01A,1.0,0.0,0.0,0.0,0.0
18,26060699,+,18,34771271,-,KICH,2204,TCGA-KO-8404-01A,TCGA-KO-8404-01A,1.0,0.0,0.0,0.0,0.0
18,26204279,-,18,29443314,+,KICH,2205,TCGA-KO-8404-01A,TCGA-KO-8404-01A,1.0,0.0,0.0,0.0,0.0
18,26206979,+,18,34590872,-,KICH,2206,TCGA-KO-8404-01A,TCGA-KO-8404-01A,1.0,0.0,0.0,0.0,0.0
18,26207078,-,18,35615594,+,KICH,2207,TCGA-KO-8404-01A,TCGA-KO-8404-01A,1.0,0.0,0.0,0.0,0.0
18,26212632,+,18,29441305,-,KICH,2208,TCGA-KO-8404-01A,TCGA-KO-8404-01A,1.0,0.0,0.0,0.0,0.0
18,26213479,-,18,29101259,-,KICH,2209,TCGA-KO-8404-01A,TCGA-KO-8404-01A,1.0,0.0,0.0,0.0,0.0
18,26750280,+,18,38375821,+,KICH,2210,TCGA-KO-8404-01A,TCGA-KO-8404-01A,1.0,0.0,0.0,0.0,0.0
18,26903789,+,18,29443095,-,KICH,2211,TCGA-KO-8404-01A,TCGA-KO-8404-01A,1.0,0.0,0.0,0.0,0.0
18,27336680,+,18,34051251,+,KICH,2212,TCGA-KO-8404-01A,TCGA-KO-8404-01A,1.0,0.0,0.0,0.0,0.0
18,28030560,-,18,29441577,+,KICH,2213,TCGA-KO-8404-01A,TCGA-KO-8404-01A,1.0,0.0,0.0,0.0,0.0
18,28030906,+,18,32854306,-,KICH,2214,TCGA-KO-8404-01A,TCGA-KO-8404-01A,1.0,0.0,0.0,0.0,0.0
18,28031561,-,18,36065461,+,KICH,2215,TCGA-KO-8404-01A,TCGA-KO-8404-01A,1.0,0.0,0.0,0.0,0.0
18,28038772,+,18,28921498,+,KICH,2216,TCGA-KO-8404-01A,TCGA-KO-8404-01A,1.0,0.0,0.0,0.0,0.0
18,28383426,-,18,34513118,-,KICH,2217,TCGA-KO-8404-01A,TCGA-KO-8404-01A,1.0,0.0,0.0,0.0,0.0
18,29441069,+,18,34517717,-,KICH,2218,TCGA-KO-8404-01A,TCGA-KO-8404-01A,1.0,0.0,0.0,0.0,0.0
18,32657028,+,18,35614134,+,KICH,2219,TCGA-KO-8404-01A,TCGA-KO-8404-01A,1.0,0.0,0.0,0.0,0.0
18,33220654,+,18,36014777,-,KICH,2220,TCGA-KO-8404-01A,TCGA-KO-8404-01A,1.0,0.0,0.0,0.0,0.0
18,33439354,-,18,33439420,-,KICH,2221,TCGA-KO-8404-01A,TCGA-KO-8404-01A,1.0,0.0,0.0,0.0,0.0
18,33439419,-,18,35615340,-,KICH,2222,TCGA-KO-8404-01A,TCGA-KO-8404-01A,1.0,0.0,0.0,0.0,0.0
18,33439423,+,18,35615345,-,KICH,2223,TCGA-KO-8404-01A,TCGA-KO-8404-01A,1.0,0.0,0.0,0.0,0.0
18,34029967,-,18,34515984,+,KICH,2224,TCGA-KO-8404-01A,TCGA-KO-8404-01A,1.0,0.0,0.0,0.0,0.0
18,34042290,+,18,43381918,-,KICH,2225,TCGA-KO-8404-01A,TCGA-KO-8404-01A,1.0,0.0,0.0,0.0,0.0
18,34315203,+,18,43407413,-,KICH,2226,TCGA-KO-8404-01A,TCGA-KO-8404-01A,1.0,0.0,0.0,0.0,0.0
18,38797205,-,18,67531111,-,KICH,2227,TCGA-KO-8404-01A,TCGA-KO-8404-01A,1.0,0.0,0.0,0.0,0.0
18,43407404,+,18,43408098,+,KICH,2228,TCGA-KO-8404-01A,TCGA-KO-8404-01A,1.0,0.0,0.0,0.0,0.0
18,50988936,-,18,51014288,+,KICH,2229,TCGA-KO-8404-01A,TCGA-KO-8404-01A,1.0,0.0,0.0,0.0,0.0
18,68498177,-,18,73580098,-,KICH,2230,TCGA-KO-8404-01A,TCGA-KO-8404-01A,1.0,0.0,0.0,0.0,0.0
18,72629086,-,18,72824242,-,KICH,2231,TCGA-KO-8404-01A,TCGA-KO-8404-01A,1.0,0.0,0.0,0.0,0.0
18,73574162,-,18,73580754,+,KICH,2232,TCGA-KO-8404-01A,TCGA-KO-8404-01A,1.0,0.0,0.0,0.0,0.0
18,80226150,-,18,80255131,+,KICH,2233,TCGA-KO-8404-01A,TCGA-KO-8404-01A,1.0,0.0,0.0,0.0,0.0
19,3845704,+,19,5678255,-,KICH,2234,TCGA-KO-8404-01A,TCGA-KO-8404-01A,1.0,0.0,0.0,0.0,0.0
19,23757367,-,19,23762355,+,KICH,2235,TCGA-KO-8404-01A,TCGA-KO-8404-01A,1.0,0.0,0.0,0.0,0.0
19,23761340,-,19,23769773,+,KICH,2236,TCGA-KO-8404-01A,TCGA-KO-8404-01A,1.0,0.0,0.0,0.0,0.0
19,28541412,-,19,30229575,+,KICH,2237,TCGA-KO-8404-01A,TCGA-KO-8404-01A,1.0,0.0,0.0,0.0,0.0
19,29112965,+,19,29113140,-,KICH,2238,TCGA-KO-8404-01A,TCGA-KO-8404-01A,1.0,0.0,0.0,0.0,0.0
19,31989312,+,19,41529827,-,KICH,2239,TCGA-KO-8404-01A,TCGA-KO-8404-01A,1.0,0.0,0.0,0.0,0.0
2,6917944,-,2,6918233,-,KICH,2240,TCGA-KO-8404-01A,TCGA-KO-8404-01A,1.0,0.0,0.0,0.0,0.0
2,28367068,-,2,28485037,+,KICH,2241,TCGA-KO-8404-01A,TCGA-KO-8404-01A,1.0,0.0,0.0,0.0,0.0
2,43846263,-,2,43877025,+,KICH,2242,TCGA-KO-8404-01A,TCGA-KO-8404-01A,1.0,0.0,0.0,0.0,0.0
2,58943289,-,2,58957268,+,KICH,2243,TCGA-KO-8404-01A,TCGA-KO-8404-01A,1.0,0.0,0.0,0.0,0.0
2,60920346,-,23,40204030,+,KICH,2244,TCGA-KO-8404-01A,TCGA-KO-8404-01A,1.0,0.0,0.0,0.0,0.0
2,88402773,-,2,88454637,+,KICH,2245,TCGA-KO-8404-01A,TCGA-KO-8404-01A,1.0,0.0,0.0,0.0,0.0
2,88403071,+,2,88414749,-,KICH,2246,TCGA-KO-8404-01A,TCGA-KO-8404-01A,1.0,0.0,0.0,0.0,0.0
2,130560644,-,2,130717541,+,KICH,2247,TCGA-KO-8404-01A,TCGA-KO-8404-01A,1.0,0.0,0.0,0.0,0.0
2,158959263,-,17,32340478,-,KICH,2248,TCGA-KO-8404-01A,TCGA-KO-8404-01A,1.0,0.0,0.0,0.0,0.0
2,158959520,+,17,32371728,+,KICH,2249,TCGA-KO-8404-01A,TCGA-KO-8404-01A,1.0,0.0,0.0,0.0,0.0
2,172543937,+,8,5440259,+,KICH,2250,TCGA-KO-8404-01A,TCGA-KO-8404-01A,1.0,0.0,0.0,0.0,0.0
2,211966699,+,2,211990595,-,KICH,2251,TCGA-KO-8404-01A,TCGA-KO-8404-01A,1.0,0.0,0.0,0.0,0.0
20,15697664,-,20,15778676,-,KICH,2252,TCGA-KO-8404-01A,TCGA-KO-8404-01A,1.0,0.0,0.0,0.0,0.0
20,15697963,+,20,15888835,+,KICH,2253,TCGA-KO-8404-01A,TCGA-KO-8404-01A,1.0,0.0,0.0,0.0,0.0
20,15698012,-,20,15778672,+,KICH,2254,TCGA-KO-8404-01A,TCGA-KO-8404-01A,1.0,0.0,0.0,0.0,0.0
20,15782166,+,20,15893312,-,KICH,2255,TCGA-KO-8404-01A,TCGA-KO-8404-01A,1.0,0.0,0.0,0.0,0.0
20,29974083,-,20,29984909,+,KICH,2256,TCGA-KO-8404-01A,TCGA-KO-8404-01A,1.0,0.0,0.0,0.0,0.0
20,38470103,+,20,38865080,+,KICH,2257,TCGA-KO-8404-01A,TCGA-KO-8404-01A,1.0,0.0,0.0,0.0,0.0
20,38779718,-,20,38865087,-,KICH,2258,TCGA-KO-8404-01A,TCGA-KO-8404-01A,1.0,0.0,0.0,0.0,0.0
22,28888918,+,22,29184961,-,KICH,2259,TCGA-KO-8404-01A,TCGA-KO-8404-01A,1.0,0.0,0.0,0.0,0.0
22,28921481,-,22,36497500,+,KICH,2260,TCGA-KO-8404-01A,TCGA-KO-8404-01A,1.0,0.0,0.0,0.0,0.0
22,28921765,+,22,34490470,+,KICH,2261,TCGA-KO-8404-01A,TCGA-KO-8404-01A,1.0,0.0,0.0,0.0,0.0
22,28921801,+,22,43901125,-,KICH,2262,TCGA-KO-8404-01A,TCGA-KO-8404-01A,1.0,0.0,0.0,0.0,0.0
22,28923363,-,22,37165178,-,KICH,2263,TCGA-KO-8404-01A,TCGA-KO-8404-01A,1.0,0.0,0.0,0.0,0.0
22,28923379,-,22,42284405,+,KICH,2264,TCGA-KO-8404-01A,TCGA-KO-8404-01A,1.0,0.0,0.0,0.0,0.0
22,28924980,+,22,37126854,-,KICH,2265,TCGA-KO-8404-01A,TCGA-KO-8404-01A,1.0,0.0,0.0,0.0,0.0
22,29998657,+,22,35155152,-,KICH,2266,TCGA-KO-8404-01A,TCGA-KO-8404-01A,1.0,0.0,0.0,0.0,0.0
22,34490138,-,22,43901037,-,KICH,2267,TCGA-KO-8404-01A,TCGA-KO-8404-01A,1.0,0.0,0.0,0.0,0.0
22,34491927,-,22,36497615,-,KICH,2268,TCGA-KO-8404-01A,TCGA-KO-8404-01A,1.0,0.0,0.0,0.0,0.0
22,36498051,+,22,43899710,-,KICH,2269,TCGA-KO-8404-01A,TCGA-KO-8404-01A,1.0,0.0,0.0,0.0,0.0
22,37126267,+,22,41080383,-,KICH,2270,TCGA-KO-8404-01A,TCGA-KO-8404-01A,1.0,0.0,0.0,0.0,0.0
22,37129416,+,22,44966276,+,KICH,2271,TCGA-KO-8404-01A,TCGA-KO-8404-01A,1.0,0.0,0.0,0.0,0.0
22,37165178,-,22,42284337,-,KICH,2272,TCGA-KO-8404-01A,TCGA-KO-8404-01A,1.0,0.0,0.0,0.0,0.0
22,39928614,+,22,45874066,+,KICH,2273,TCGA-KO-8404-01A,TCGA-KO-8404-01A,1.0,0.0,0.0,0.0,0.0
22,42283669,+,22,43902214,+,KICH,2274,TCGA-KO-8404-01A,TCGA-KO-8404-01A,1.0,0.0,0.0,0.0,0.0
22,43899902,+,22,44964149,-,KICH,2275,TCGA-KO-8404-01A,TCGA-KO-8404-01A,1.0,0.0,0.0,0.0,0.0
3,39661043,+,4,111709805,-,KICH,2276,TCGA-KO-8404-01A,TCGA-KO-8404-01A,1.0,0.0,0.0,0.0,0.0
3,57345930,-,3,57418663,+,KICH,2277,TCGA-KO-8404-01A,TCGA-KO-8404-01A,1.0,0.0,0.0,0.0,0.0
3,89541448,+,4,157521426,-,KICH,2278,TCGA-KO-8404-01A,TCGA-KO-8404-01A,1.0,0.0,0.0,0.0,0.0
3,96456725,+,3,96457509,-,KICH,2279,TCGA-KO-8404-01A,TCGA-KO-8404-01A,1.0,0.0,0.0,0.0,0.0
3,96923455,-,3,96950175,+,KICH,2280,TCGA-KO-8404-01A,TCGA-KO-8404-01A,1.0,0.0,0.0,0.0,0.0
3,119870055,-,3,119923619,+,KICH,2281,TCGA-KO-8404-01A,TCGA-KO-8404-01A,1.0,0.0,0.0,0.0,0.0
3,137504709,-,3,137559698,+,KICH,2282,TCGA-KO-8404-01A,TCGA-KO-8404-01A,1.0,0.0,0.0,0.0,0.0
3,157972216,-,5,18435516,+,KICH,2283,TCGA-KO-8404-01A,TCGA-KO-8404-01A,1.0,0.0,0.0,0.0,0.0
3,175098413,+,3,175141306,-,KICH,2284,TCGA-KO-8404-01A,TCGA-KO-8404-01A,1.0,0.0,0.0,0.0,0.0
3,197210622,-,3,197307479,+,KICH,2285,TCGA-KO-8404-01A,TCGA-KO-8404-01A,1.0,0.0,0.0,0.0,0.0
4,266013,-,4,500636,-,KICH,2286,TCGA-KO-8404-01A,TCGA-KO-8404-01A,1.0,0.0,0.0,0.0,0.0
4,303144,-,4,379538,+,KICH,2287,TCGA-KO-8404-01A,TCGA-KO-8404-01A,1.0,0.0,0.0,0.0,0.0
4,303463,-,12,120782985,+,KICH,2288,TCGA-KO-8404-01A,TCGA-KO-8404-01A,1.0,0.0,0.0,0.0,0.0
4,303463,+,4,379557,-,KICH,2289,TCGA-KO-8404-01A,TCGA-KO-8404-01A,1.0,0.0,0.0,0.0,0.0
4,12455925,+,4,12571696,-,KICH,2290,TCGA-KO-8404-01A,TCGA-KO-8404-01A,1.0,0.0,0.0,0.0,0.0
4,36527717,-,12,22733298,+,KICH,2291,TCGA-KO-8404-01A,TCGA-KO-8404-01A,1.0,0.0,0.0,0.0,0.0
4,44297301,-,4,44340967,+,KICH,2292,TCGA-KO-8404-01A,TCGA-KO-8404-01A,1.0,0.0,0.0,0.0,0.0
4,52308838,-,4,52315981,+,KICH,2293,TCGA-KO-8404-01A,TCGA-KO-8404-01A,1.0,0.0,0.0,0.0,0.0
4,52309089,-,4,52326387,-,KICH,2294,TCGA-KO-8404-01A,TCGA-KO-8404-01A,1.0,0.0,0.0,0.0,0.0
4,52309195,+,4,52320687,+,KICH,2295,TCGA-KO-8404-01A,TCGA-KO-8404-01A,1.0,0.0,0.0,0.0,0.0
4,52352686,+,6,84388041,+,KICH,2296,TCGA-KO-8404-01A,TCGA-KO-8404-01A,1.0,0.0,0.0,0.0,0.0
4,84796889,+,15,81333735,-,KICH,2297,TCGA-KO-8404-01A,TCGA-KO-8404-01A,1.0,0.0,0.0,0.0,0.0
4,104957108,-,4,135417045,+,KICH,2298,TCGA-KO-8404-01A,TCGA-KO-8404-01A,1.0,0.0,0.0,0.0,0.0
4,115231205,-,4,115273679,+,KICH,2299,TCGA-KO-8404-01A,TCGA-KO-8404-01A,1.0,0.0,0.0,0.0,0.0
4,126796437,-,4,126845431,+,KICH,2300,TCGA-KO-8404-01A,TCGA-KO-8404-01A,1.0,0.0,0.0,0.0,0.0
4,136293055,-,18,30670067,-,KICH,2301,TCGA-KO-8404-01A,TCGA-KO-8404-01A,1.0,0.0,0.0,0.0,0.0
4,182750385,-,12,130620989,-,KICH,2302,TCGA-KO-8404-01A,TCGA-KO-8404-01A,1.0,0.0,0.0,0.0,0.0
4,182870776,+,4,187761284,-,KICH,2303,TCGA-KO-8404-01A,TCGA-KO-8404-01A,1.0,0.0,0.0,0.0,0.0
5,4251864,-,5,4276017,+,KICH,2304,TCGA-KO-8404-01A,TCGA-KO-8404-01A,1.0,0.0,0.0,0.0,0.0
5,19327919,-,5,19364196,+,KICH,2305,TCGA-KO-8404-01A,TCGA-KO-8404-01A,1.0,0.0,0.0,0.0,0.0
5,47027011,-,5,47048573,+,KICH,2306,TCGA-KO-8404-01A,TCGA-KO-8404-01A,1.0,0.0,0.0,0.0,0.0
5,50159903,+,5,50259246,+,KICH,2307,TCGA-KO-8404-01A,TCGA-KO-8404-01A,1.0,0.0,0.0,0.0,0.0
5,50194892,-,5,50203380,+,KICH,2308,TCGA-KO-8404-01A,TCGA-KO-8404-01A,1.0,0.0,0.0,0.0,0.0
5,50197541,+,5,50246223,-,KICH,2309,TCGA-KO-8404-01A,TCGA-KO-8404-01A,1.0,0.0,0.0,0.0,0.0
5,50201531,-,5,50256556,+,KICH,2310,TCGA-KO-8404-01A,TCGA-KO-8404-01A,1.0,0.0,0.0,0.0,0.0
5,50201573,-,5,50225395,+,KICH,2311,TCGA-KO-8404-01A,TCGA-KO-8404-01A,1.0,0.0,0.0,0.0,0.0
5,50213691,-,5,50245875,-,KICH,2312,TCGA-KO-8404-01A,TCGA-KO-8404-01A,1.0,0.0,0.0,0.0,0.0
5,50214563,-,5,50235868,+,KICH,2313,TCGA-KO-8404-01A,TCGA-KO-8404-01A,1.0,0.0,0.0,0.0,0.0
5,50215461,+,5,50218173,-,KICH,2314,TCGA-KO-8404-01A,TCGA-KO-8404-01A,1.0,0.0,0.0,0.0,0.0
5,50216491,-,5,50249167,+,KICH,2315,TCGA-KO-8404-01A,TCGA-KO-8404-01A,1.0,0.0,0.0,0.0,0.0
5,50216804,+,5,50229998,-,KICH,2316,TCGA-KO-8404-01A,TCGA-KO-8404-01A,1.0,0.0,0.0,0.0,0.0
5,50224164,-,5,50238378,+,KICH,2317,TCGA-KO-8404-01A,TCGA-KO-8404-01A,1.0,0.0,0.0,0.0,0.0
5,50225196,+,5,50257849,-,KICH,2318,TCGA-KO-8404-01A,TCGA-KO-8404-01A,1.0,0.0,0.0,0.0,0.0
5,50225312,-,5,50256537,+,KICH,2319,TCGA-KO-8404-01A,TCGA-KO-8404-01A,1.0,0.0,0.0,0.0,0.0
5,50254441,-,5,50264524,+,KICH,2320,TCGA-KO-8404-01A,TCGA-KO-8404-01A,1.0,0.0,0.0,0.0,0.0
5,62191564,-,5,62360379,+,KICH,2321,TCGA-KO-8404-01A,TCGA-KO-8404-01A,1.0,0.0,0.0,0.0,0.0
5,64139417,-,5,148411148,-,KICH,2322,TCGA-KO-8404-01A,TCGA-KO-8404-01A,1.0,0.0,0.0,0.0,0.0
5,64213306,+,5,117591932,+,KICH,2323,TCGA-KO-8404-01A,TCGA-KO-8404-01A,1.0,0.0,0.0,0.0,0.0
5,115299017,-,5,115346791,+,KICH,2324,TCGA-KO-8404-01A,TCGA-KO-8404-01A,1.0,0.0,0.0,0.0,0.0
5,117013629,-,5,151028306,+,KICH,2325,TCGA-KO-8404-01A,TCGA-KO-8404-01A,1.0,0.0,0.0,0.0,0.0
5,117062175,+,5,148988553,-,KICH,2326,TCGA-KO-8404-01A,TCGA-KO-8404-01A,1.0,0.0,0.0,0.0,0.0
5,117668376,-,5,117744371,+,KICH,2327,TCGA-KO-8404-01A,TCGA-KO-8404-01A,1.0,0.0,0.0,0.0,0.0
5,134569263,-,5,134574680,+,KICH,2328,TCGA-KO-8404-01A,TCGA-KO-8404-01A,1.0,0.0,0.0,0.0,0.0
5,148527964,+,5,148627719,-,KICH,2329,TCGA-KO-8404-01A,TCGA-KO-8404-01A,1.0,0.0,0.0,0.0,0.0
5,167597808,-,5,167905782,+,KICH,2330,TCGA-KO-8404-01A,TCGA-KO-8404-01A,1.0,0.0,0.0,0.0,0.0
5,167841132,-,5,167937790,+,KICH,2331,TCGA-KO-8404-01A,TCGA-KO-8404-01A,1.0,0.0,0.0,0.0,0.0
5,177418493,+,14,43273646,-,KICH,2332,TCGA-KO-8404-01A,TCGA-KO-8404-01A,1.0,0.0,0.0,0.0,0.0
6,11343201,-,6,11436294,+,KICH,2333,TCGA-KO-8404-01A,TCGA-KO-8404-01A,1.0,0.0,0.0,0.0,0.0
6,22792025,-,10,8216370,+,KICH,2334,TCGA-KO-8404-01A,TCGA-KO-8404-01A,1.0,0.0,0.0,0.0,0.0
6,33322519,+,7,159335271,+,KICH,2335,TCGA-KO-8404-01A,TCGA-KO-8404-01A,1.0,0.0,0.0,0.0,0.0
6,75067113,-,6,75168930,+,KICH,2336,TCGA-KO-8404-01A,TCGA-KO-8404-01A,1.0,0.0,0.0,0.0,0.0
6,110281727,+,6,110285035,+,KICH,2337,TCGA-KO-8404-01A,TCGA-KO-8404-01A,1.0,0.0,0.0,0.0,0.0
6,124335181,-,6,124370447,+,KICH,2338,TCGA-KO-8404-01A,TCGA-KO-8404-01A,1.0,0.0,0.0,0.0,0.0
7,24174028,-,7,24212518,+,KICH,2339,TCGA-KO-8404-01A,TCGA-KO-8404-01A,1.0,0.0,0.0,0.0,0.0
7,67808094,+,12,31974717,-,KICH,2340,TCGA-KO-8404-01A,TCGA-KO-8404-01A,1.0,0.0,0.0,0.0,0.0
7,101176985,-,7,101229486,+,KICH,2341,TCGA-KO-8404-01A,TCGA-KO-8404-01A,1.0,0.0,0.0,0.0,0.0
7,101302929,-,7,101308506,+,KICH,2342,TCGA-KO-8404-01A,TCGA-KO-8404-01A,1.0,0.0,0.0,0.0,0.0
7,102122863,+,7,102275461,-,KICH,2343,TCGA-KO-8404-01A,TCGA-KO-8404-01A,1.0,0.0,0.0,0.0,0.0
7,155796056,-,7,155876153,+,KICH,2344,TCGA-KO-8404-01A,TCGA-KO-8404-01A,1.0,0.0,0.0,0.0,0.0
7,157801578,-,7,157815408,+,KICH,2345,TCGA-KO-8404-01A,TCGA-KO-8404-01A,1.0,0.0,0.0,0.0,0.0
8,4765551,-,8,4801997,+,KICH,2346,TCGA-KO-8404-01A,TCGA-KO-8404-01A,1.0,0.0,0.0,0.0,0.0
8,114767664,-,8,114841038,+,KICH,2347,TCGA-KO-8404-01A,TCGA-KO-8404-01A,1.0,0.0,0.0,0.0,0.0
8,132684569,-,8,132814950,+,KICH,2348,TCGA-KO-8404-01A,TCGA-KO-8404-01A,1.0,0.0,0.0,0.0,0.0
9,20833352,+,9,22628741,-,KICH,2349,TCGA-KO-8404-01A,TCGA-KO-8404-01A,1.0,0.0,0.0,0.0,0.0
9,81484636,-,9,81602512,+,KICH,2350,TCGA-KO-8404-01A,TCGA-KO-8404-01A,1.0,0.0,0.0,0.0,0.0
9,116784901,+,9,116794166,+,KICH,2351,TCGA-KO-8404-01A,TCGA-KO-8404-01A,1.0,0.0,0.0,0.0,0.0
9,132861138,+,9,132918303,-,KICH,2352,TCGA-KO-8404-01A,TCGA-KO-8404-01A,1.0,0.0,0.0,0.0,0.0
9,133967692,-,9,134029444,+,KICH,2353,TCGA-KO-8404-01A,TCGA-KO-8404-01A,1.0,0.0,0.0,0.0,0.0
23,29279913,+,23,29286634,-,KICH,2354,TCGA-KO-8404-01A,TCGA-KO-8404-01A,1.0,0.0,0.0,0.0,0.0
23,36035690,-,23,36068428,+,KICH,2355,TCGA-KO-8404-01A,TCGA-KO-8404-01A,1.0,0.0,0.0,0.0,0.0
23,90670429,-,23,90758765,+,KICH,2356,TCGA-KO-8404-01A,TCGA-KO-8404-01A,1.0,0.0,0.0,0.0,0.0
23,95447108,+,23,95451461,-,KICH,2357,TCGA-KO-8404-01A,TCGA-KO-8404-01A,1.0,0.0,0.0,0.0,0.0
1,123479282,-,1,124340164,+,KICH,2358,TCGA-KO-8405-01A,TCGA-KO-8405-01A,1.0,0.0,0.0,0.0,0.0
1,146962203,+,1,146968499,-,KICH,2359,TCGA-KO-8405-01A,TCGA-KO-8405-01A,1.0,0.0,0.0,0.0,0.0
10,39561378,-,10,41709006,+,KICH,2360,TCGA-KO-8405-01A,TCGA-KO-8405-01A,1.0,0.0,0.0,0.0,0.0
10,102041090,-,23,94646968,-,KICH,2361,TCGA-KO-8405-01A,TCGA-KO-8405-01A,1.0,0.0,0.0,0.0,0.0
11,42610953,+,22,17094691,-,KICH,2362,TCGA-KO-8405-01A,TCGA-KO-8405-01A,1.0,0.0,0.0,0.0,0.0
13,16298518,-,13,16628005,+,KICH,2363,TCGA-KO-8405-01A,TCGA-KO-8405-01A,1.0,0.0,0.0,0.0,0.0
18,15653930,-,18,15679517,+,KICH,2364,TCGA-KO-8405-01A,TCGA-KO-8405-01A,1.0,0.0,0.0,0.0,0.0
19,20618435,+,19,20701086,+,KICH,2365,TCGA-KO-8405-01A,TCGA-KO-8405-01A,1.0,0.0,0.0,0.0,0.0
2,80232567,+,3,189114345,-,KICH,2366,TCGA-KO-8405-01A,TCGA-KO-8405-01A,1.0,0.0,0.0,0.0,0.0
20,29290759,-,24,10206428,-,KICH,2367,TCGA-KO-8405-01A,TCGA-KO-8405-01A,1.0,0.0,0.0,0.0,0.0
20,29662412,+,20,30193938,+,KICH,2368,TCGA-KO-8405-01A,TCGA-KO-8405-01A,1.0,0.0,0.0,0.0,0.0
22,24293371,+,22,24670880,-,KICH,2369,TCGA-KO-8405-01A,TCGA-KO-8405-01A,1.0,0.0,0.0,0.0,0.0
3,155814047,-,3,155945157,-,KICH,2370,TCGA-KO-8405-01A,TCGA-KO-8405-01A,1.0,0.0,0.0,0.0,0.0
5,46611055,-,5,46715497,+,KICH,2371,TCGA-KO-8405-01A,TCGA-KO-8405-01A,1.0,0.0,0.0,0.0,0.0
6,13762089,+,20,37572424,-,KICH,2372,TCGA-KO-8405-01A,TCGA-KO-8405-01A,1.0,0.0,0.0,0.0,0.0
8,80441297,+,8,80442704,-,KICH,2373,TCGA-KO-8405-01A,TCGA-KO-8405-01A,1.0,0.0,0.0,0.0,0.0
9,43692950,+,9,45129112,-,KICH,2374,TCGA-KO-8405-01A,TCGA-KO-8405-01A,1.0,0.0,0.0,0.0,0.0
1,121035,-,1,712062,+,KICH,2375,TCGA-KO-8406-01A,TCGA-KO-8406-01A,1.0,0.0,0.0,0.0,0.0
11,51108375,-,11,51209202,+,KICH,2376,TCGA-KO-8406-01A,TCGA-KO-8406-01A,1.0,0.0,0.0,0.0,0.0
11,51121035,-,11,54264300,+,KICH,2377,TCGA-KO-8406-01A,TCGA-KO-8406-01A,1.0,0.0,0.0,0.0,0.0
13,16664975,-,13,16829792,+,KICH,2378,TCGA-KO-8406-01A,TCGA-KO-8406-01A,1.0,0.0,0.0,0.0,0.0
13,16890678,-,13,17303799,+,KICH,2379,TCGA-KO-8406-01A,TCGA-KO-8406-01A,1.0,0.0,0.0,0.0,0.0
14,19189310,-,22,15934159,-,KICH,2380,TCGA-KO-8406-01A,TCGA-KO-8406-01A,1.0,0.0,0.0,0.0,0.0
15,17025674,-,21,7292318,+,KICH,2381,TCGA-KO-8406-01A,TCGA-KO-8406-01A,1.0,0.0,0.0,0.0,0.0
15,19849078,-,22,16096015,+,KICH,2382,TCGA-KO-8406-01A,TCGA-KO-8406-01A,1.0,0.0,0.0,0.0,0.0
16,34729541,+,16,34731876,-,KICH,2383,TCGA-KO-8406-01A,TCGA-KO-8406-01A,1.0,0.0,0.0,0.0,0.0
17,81970268,-,23,108047999,+,KICH,2384,TCGA-KO-8406-01A,TCGA-KO-8406-01A,1.0,0.0,0.0,0.0,0.0
18,15472248,-,18,15610399,+,KICH,2385,TCGA-KO-8406-01A,TCGA-KO-8406-01A,1.0,0.0,0.0,0.0,0.0
19,49031117,+,19,49056090,+,KICH,2386,TCGA-KO-8406-01A,TCGA-KO-8406-01A,1.0,0.0,0.0,0.0,0.0
2,94567397,+,15,19818971,-,KICH,2387,TCGA-KO-8406-01A,TCGA-KO-8406-01A,1.0,0.0,0.0,0.0,0.0
2,94846088,-,9,64082976,-,KICH,2388,TCGA-KO-8406-01A,TCGA-KO-8406-01A,1.0,0.0,0.0,0.0,0.0
3,38833919,-,11,26365954,-,KICH,2389,TCGA-KO-8406-01A,TCGA-KO-8406-01A,1.0,0.0,0.0,0.0,0.0
3,90597564,-,3,90599958,+,KICH,2390,TCGA-KO-8406-01A,TCGA-KO-8406-01A,1.0,0.0,0.0,0.0,0.0
4,54709147,-,8,37755553,-,KICH,2391,TCGA-KO-8406-01A,TCGA-KO-8406-01A,1.0,0.0,0.0,0.0,0.0
4,138120999,-,14,81179096,-,KICH,2392,TCGA-KO-8406-01A,TCGA-KO-8406-01A,1.0,0.0,0.0,0.0,0.0
4,138121730,+,4,138126286,-,KICH,2393,TCGA-KO-8406-01A,TCGA-KO-8406-01A,1.0,0.0,0.0,0.0,0.0
4,138127178,+,14,81128796,+,KICH,2394,TCGA-KO-8406-01A,TCGA-KO-8406-01A,1.0,0.0,0.0,0.0,0.0
5,49744541,+,5,49790351,-,KICH,2395,TCGA-KO-8406-01A,TCGA-KO-8406-01A,1.0,0.0,0.0,0.0,0.0
9,87277215,+,9,87278073,-,KICH,2396,TCGA-KO-8406-01A,TCGA-KO-8406-01A,1.0,0.0,0.0,0.0,0.0
13,16475326,+,13,16896117,-,KICH,2397,TCGA-KO-8407-01A,TCGA-KO-8407-01A,1.0,0.0,0.0,0.0,0.0
14,16124893,+,20,28757851,-,KICH,2398,TCGA-KO-8407-01A,TCGA-KO-8407-01A,1.0,0.0,0.0,0.0,0.0
16,6705103,+,16,6760434,-,KICH,2399,TCGA-KO-8407-01A,TCGA-KO-8407-01A,1.0,0.0,0.0,0.0,0.0
17,21715750,+,17,26987703,-,KICH,2400,TCGA-KO-8407-01A,TCGA-KO-8407-01A,1.0,0.0,0.0,0.0,0.0
18,15704975,+,18,15706708,-,KICH,2401,TCGA-KO-8407-01A,TCGA-KO-8407-01A,1.0,0.0,0.0,0.0,0.0
2,132248753,-,20,29292718,+,KICH,2402,TCGA-KO-8407-01A,TCGA-KO-8407-01A,1.0,0.0,0.0,0.0,0.0
2,211986042,+,2,212250479,-,KICH,2403,TCGA-KO-8407-01A,TCGA-KO-8407-01A,1.0,0.0,0.0,0.0,0.0
3,56313001,-,7,22464949,-,KICH,2404,TCGA-KO-8407-01A,TCGA-KO-8407-01A,1.0,0.0,0.0,0.0,0.0
5,49855826,+,5,50016982,-,KICH,2405,TCGA-KO-8407-01A,TCGA-KO-8407-01A,1.0,0.0,0.0,0.0,0.0
6,158621872,+,6,158736750,-,KICH,2406,TCGA-KO-8407-01A,TCGA-KO-8407-01A,1.0,0.0,0.0,0.0,0.0
7,57672902,-,20,30181468,+,KICH,2407,TCGA-KO-8407-01A,TCGA-KO-8407-01A,1.0,0.0,0.0,0.0,0.0
8,120539224,+,8,120791129,+,KICH,2408,TCGA-KO-8407-01A,TCGA-KO-8407-01A,1.0,0.0,0.0,0.0,0.0
9,112381089,-,10,59600031,+,KICH,2409,TCGA-KO-8407-01A,TCGA-KO-8407-01A,1.0,0.0,0.0,0.0,0.0
1,160448337,+,4,123095043,+,KICH,2410,TCGA-KO-8408-01A,TCGA-KO-8408-01A,1.0,0.0,0.0,0.0,0.0
10,50893528,-,10,50909268,+,KICH,2411,TCGA-KO-8408-01A,TCGA-KO-8408-01A,1.0,0.0,0.0,0.0,0.0
10,101032938,-,10,102437559,+,KICH,2412,TCGA-KO-8408-01A,TCGA-KO-8408-01A,1.0,0.0,0.0,0.0,0.0
10,111455919,-,10,111461652,+,KICH,2413,TCGA-KO-8408-01A,TCGA-KO-8408-01A,1.0,0.0,0.0,0.0,0.0
10,111460067,-,10,111461775,+,KICH,2414,TCGA-KO-8408-01A,TCGA-KO-8408-01A,1.0,0.0,0.0,0.0,0.0
11,47642187,-,14,68794768,-,KICH,2415,TCGA-KO-8408-01A,TCGA-KO-8408-01A,1.0,0.0,0.0,0.0,0.0
11,53066841,+,11,54318164,-,KICH,2416,TCGA-KO-8408-01A,TCGA-KO-8408-01A,1.0,0.0,0.0,0.0,0.0
11,54768678,+,11,54769698,-,KICH,2417,TCGA-KO-8408-01A,TCGA-KO-8408-01A,1.0,0.0,0.0,0.0,0.0
12,25803196,-,12,103966063,+,KICH,2418,TCGA-KO-8408-01A,TCGA-KO-8408-01A,1.0,0.0,0.0,0.0,0.0
12,44156150,+,12,44156975,-,KICH,2419,TCGA-KO-8408-01A,TCGA-KO-8408-01A,1.0,0.0,0.0,0.0,0.0
12,74614062,+,12,77584376,-,KICH,2420,TCGA-KO-8408-01A,TCGA-KO-8408-01A,1.0,0.0,0.0,0.0,0.0
12,132961375,+,19,52806596,+,KICH,2421,TCGA-KO-8408-01A,TCGA-KO-8408-01A,1.0,0.0,0.0,0.0,0.0
13,16020058,-,20,28765387,-,KICH,2422,TCGA-KO-8408-01A,TCGA-KO-8408-01A,1.0,0.0,0.0,0.0,0.0
13,16890664,-,13,17303603,+,KICH,2423,TCGA-KO-8408-01A,TCGA-KO-8408-01A,1.0,0.0,0.0,0.0,0.0
13,16938885,+,13,16985948,-,KICH,2424,TCGA-KO-8408-01A,TCGA-KO-8408-01A,1.0,0.0,0.0,0.0,0.0
13,17423046,-,13,17481376,+,KICH,2425,TCGA-KO-8408-01A,TCGA-KO-8408-01A,1.0,0.0,0.0,0.0,0.0
13,17489780,-,13,17980625,+,KICH,2426,TCGA-KO-8408-01A,TCGA-KO-8408-01A,1.0,0.0,0.0,0.0,0.0
13,101115891,+,13,101181167,-,KICH,2427,TCGA-KO-8408-01A,TCGA-KO-8408-01A,1.0,0.0,0.0,0.0,0.0
14,43898636,+,14,44093794,-,KICH,2428,TCGA-KO-8408-01A,TCGA-KO-8408-01A,1.0,0.0,0.0,0.0,0.0
14,102095082,+,16,1872024,+,KICH,2429,TCGA-KO-8408-01A,TCGA-KO-8408-01A,1.0,0.0,0.0,0.0,0.0
15,17049133,+,20,28928275,+,KICH,2430,TCGA-KO-8408-01A,TCGA-KO-8408-01A,1.0,0.0,0.0,0.0,0.0
15,62390918,-,15,62413320,+,KICH,2431,TCGA-KO-8408-01A,TCGA-KO-8408-01A,1.0,0.0,0.0,0.0,0.0
16,72698387,+,16,72886273,-,KICH,2432,TCGA-KO-8408-01A,TCGA-KO-8408-01A,1.0,0.0,0.0,0.0,0.0
17,23028665,-,17,23042962,+,KICH,2433,TCGA-KO-8408-01A,TCGA-KO-8408-01A,1.0,0.0,0.0,0.0,0.0
19,50076101,-,19,50621624,-,KICH,2434,TCGA-KO-8408-01A,TCGA-KO-8408-01A,1.0,0.0,0.0,0.0,0.0
2,165558157,-,12,77584539,-,KICH,2435,TCGA-KO-8408-01A,TCGA-KO-8408-01A,1.0,0.0,0.0,0.0,0.0
2,165577527,+,12,77584548,+,KICH,2436,TCGA-KO-8408-01A,TCGA-KO-8408-01A,1.0,0.0,0.0,0.0,0.0
2,213833603,+,7,146535122,+,KICH,2437,TCGA-KO-8408-01A,TCGA-KO-8408-01A,1.0,0.0,0.0,0.0,0.0
20,12457106,-,20,12474977,+,KICH,2438,TCGA-KO-8408-01A,TCGA-KO-8408-01A,1.0,0.0,0.0,0.0,0.0
20,15723156,+,20,15861521,-,KICH,2439,TCGA-KO-8408-01A,TCGA-KO-8408-01A,1.0,0.0,0.0,0.0,0.0
20,29593539,+,20,30262916,+,KICH,2440,TCGA-KO-8408-01A,TCGA-KO-8408-01A,1.0,0.0,0.0,0.0,0.0
20,29859437,+,22,11373279,-,KICH,2441,TCGA-KO-8408-01A,TCGA-KO-8408-01A,1.0,0.0,0.0,0.0,0.0
21,13348622,-,21,13352604,-,KICH,2442,TCGA-KO-8408-01A,TCGA-KO-8408-01A,1.0,0.0,0.0,0.0,0.0
21,29815895,-,21,29856442,+,KICH,2443,TCGA-KO-8408-01A,TCGA-KO-8408-01A,1.0,0.0,0.0,0.0,0.0
3,10365899,+,18,58512762,-,KICH,2444,TCGA-KO-8408-01A,TCGA-KO-8408-01A,1.0,0.0,0.0,0.0,0.0
3,89020446,+,17,71455884,-,KICH,2445,TCGA-KO-8408-01A,TCGA-KO-8408-01A,1.0,0.0,0.0,0.0,0.0
3,90520755,+,3,90577013,-,KICH,2446,TCGA-KO-8408-01A,TCGA-KO-8408-01A,1.0,0.0,0.0,0.0,0.0
3,91024182,-,3,91212070,+,KICH,2447,TCGA-KO-8408-01A,TCGA-KO-8408-01A,1.0,0.0,0.0,0.0,0.0
3,92560683,-,3,93036751,+,KICH,2448,TCGA-KO-8408-01A,TCGA-KO-8408-01A,1.0,0.0,0.0,0.0,0.0
4,22269447,+,4,22383162,-,KICH,2449,TCGA-KO-8408-01A,TCGA-KO-8408-01A,1.0,0.0,0.0,0.0,0.0
4,173372091,-,4,173397758,+,KICH,2450,TCGA-KO-8408-01A,TCGA-KO-8408-01A,1.0,0.0,0.0,0.0,0.0
5,101173187,-,5,101177843,+,KICH,2451,TCGA-KO-8408-01A,TCGA-KO-8408-01A,1.0,0.0,0.0,0.0,0.0
6,9768912,+,6,9873700,-,KICH,2452,TCGA-KO-8408-01A,TCGA-KO-8408-01A,1.0,0.0,0.0,0.0,0.0
6,104003596,-,11,134403981,-,KICH,2453,TCGA-KO-8408-01A,TCGA-KO-8408-01A,1.0,0.0,0.0,0.0,0.0
6,129248486,+,6,129554813,-,KICH,2454,TCGA-KO-8408-01A,TCGA-KO-8408-01A,1.0,0.0,0.0,0.0,0.0
6,150939904,+,9,94077078,+,KICH,2455,TCGA-KO-8408-01A,TCGA-KO-8408-01A,1.0,0.0,0.0,0.0,0.0
6,151046471,-,9,43140866,+,KICH,2456,TCGA-KO-8408-01A,TCGA-KO-8408-01A,1.0,0.0,0.0,0.0,0.0
6,151362637,-,9,93694485,+,KICH,2457,TCGA-KO-8408-01A,TCGA-KO-8408-01A,1.0,0.0,0.0,0.0,0.0
7,109688524,+,7,109741800,-,KICH,2458,TCGA-KO-8408-01A,TCGA-KO-8408-01A,1.0,0.0,0.0,0.0,0.0
7,111272800,+,7,111275069,-,KICH,2459,TCGA-KO-8408-01A,TCGA-KO-8408-01A,1.0,0.0,0.0,0.0,0.0
7,134297816,-,7,134321271,+,KICH,2460,TCGA-KO-8408-01A,TCGA-KO-8408-01A,1.0,0.0,0.0,0.0,0.0
8,2816442,-,8,2816611,+,KICH,2461,TCGA-KO-8408-01A,TCGA-KO-8408-01A,1.0,0.0,0.0,0.0,0.0
9,8931150,+,9,9430924,+,KICH,2462,TCGA-KO-8408-01A,TCGA-KO-8408-01A,1.0,0.0,0.0,0.0,0.0
9,8931358,-,9,9430666,-,KICH,2463,TCGA-KO-8408-01A,TCGA-KO-8408-01A,1.0,0.0,0.0,0.0,0.0
9,74839892,-,12,52843047,+,KICH,2464,TCGA-KO-8408-01A,TCGA-KO-8408-01A,1.0,0.0,0.0,0.0,0.0
9,94056697,-,9,94080744,-,KICH,2465,TCGA-KO-8408-01A,TCGA-KO-8408-01A,1.0,0.0,0.0,0.0,0.0
23,77625035,+,23,77836074,-,KICH,2466,TCGA-KO-8408-01A,TCGA-KO-8408-01A,1.0,0.0,0.0,0.0,0.0
23,77718150,+,23,77805514,-,KICH,2467,TCGA-KO-8408-01A,TCGA-KO-8408-01A,1.0,0.0,0.0,0.0,0.0
23,139510073,+,23,153635712,-,KICH,2468,TCGA-KO-8408-01A,TCGA-KO-8408-01A,1.0,0.0,0.0,0.0,0.0
10,117945441,+,10,128976711,+,KICH,2469,TCGA-KO-8409-01A,TCGA-KO-8409-01A,1.0,0.0,0.0,0.0,0.0
11,52864458,-,11,53398578,+,KICH,2470,TCGA-KO-8409-01A,TCGA-KO-8409-01A,1.0,0.0,0.0,0.0,0.0
12,34780599,+,12,34796424,-,KICH,2471,TCGA-KO-8409-01A,TCGA-KO-8409-01A,1.0,0.0,0.0,0.0,0.0
13,16618086,+,13,16631518,-,KICH,2472,TCGA-KO-8409-01A,TCGA-KO-8409-01A,1.0,0.0,0.0,0.0,0.0
14,78115940,-,17,76584009,+,KICH,2473,TCGA-KO-8409-01A,TCGA-KO-8409-01A,1.0,0.0,0.0,0.0,0.0
14,106098101,-,14,106568757,+,KICH,2474,TCGA-KO-8409-01A,TCGA-KO-8409-01A,1.0,0.0,0.0,0.0,0.0
18,19929008,-,18,20041647,+,KICH,2475,TCGA-KO-8409-01A,TCGA-KO-8409-01A,1.0,0.0,0.0,0.0,0.0
2,91918015,+,24,11372912,-,KICH,2476,TCGA-KO-8409-01A,TCGA-KO-8409-01A,1.0,0.0,0.0,0.0,0.0
20,26381849,+,20,28318127,-,KICH,2477,TCGA-KO-8409-01A,TCGA-KO-8409-01A,1.0,0.0,0.0,0.0,0.0
20,26459295,-,20,26511453,+,KICH,2478,TCGA-KO-8409-01A,TCGA-KO-8409-01A,1.0,0.0,0.0,0.0,0.0
3,91068724,+,3,91147823,-,KICH,2479,TCGA-KO-8409-01A,TCGA-KO-8409-01A,1.0,0.0,0.0,0.0,0.0
4,49852417,+,4,51231930,-,KICH,2480,TCGA-KO-8409-01A,TCGA-KO-8409-01A,1.0,0.0,0.0,0.0,0.0
4,56734653,-,19,39981902,-,KICH,2481,TCGA-KO-8409-01A,TCGA-KO-8409-01A,1.0,0.0,0.0,0.0,0.0
4,87863364,-,4,183045935,-,KICH,2482,TCGA-KO-8409-01A,TCGA-KO-8409-01A,1.0,0.0,0.0,0.0,0.0
5,165780903,-,23,1213087,-,KICH,2483,TCGA-KO-8409-01A,TCGA-KO-8409-01A,1.0,0.0,0.0,0.0,0.0
8,92495327,-,10,56481527,+,KICH,2484,TCGA-KO-8409-01A,TCGA-KO-8409-01A,1.0,0.0,0.0,0.0,0.0
1,122963474,-,1,124975594,+,KICH,2485,TCGA-KO-8410-01A,TCGA-KO-8410-01A,1.0,0.0,0.0,0.0,0.0
1,223675786,+,8,39415112,+,KICH,2486,TCGA-KO-8410-01A,TCGA-KO-8410-01A,1.0,0.0,0.0,0.0,0.0
10,8268532,+,23,150001005,+,KICH,2487,TCGA-KO-8410-01A,TCGA-KO-8410-01A,1.0,0.0,0.0,0.0,0.0
11,56039626,-,16,76397946,-,KICH,2488,TCGA-KO-8410-01A,TCGA-KO-8410-01A,1.0,0.0,0.0,0.0,0.0
12,60873879,+,12,60880765,-,KICH,2489,TCGA-KO-8410-01A,TCGA-KO-8410-01A,1.0,0.0,0.0,0.0,0.0
18,15635131,-,18,15694750,+,KICH,2490,TCGA-KO-8410-01A,TCGA-KO-8410-01A,1.0,0.0,0.0,0.0,0.0
2,92263399,-,2,93233537,+,KICH,2491,TCGA-KO-8410-01A,TCGA-KO-8410-01A,1.0,0.0,0.0,0.0,0.0
2,95846868,+,2,113393726,+,KICH,2492,TCGA-KO-8410-01A,TCGA-KO-8410-01A,1.0,0.0,0.0,0.0,0.0
3,89541392,-,4,157521423,+,KICH,2493,TCGA-KO-8410-01A,TCGA-KO-8410-01A,1.0,0.0,0.0,0.0,0.0
4,50272064,+,4,50728234,-,KICH,2494,TCGA-KO-8410-01A,TCGA-KO-8410-01A,1.0,0.0,0.0,0.0,0.0
5,49683561,+,5,49706600,-,KICH,2495,TCGA-KO-8410-01A,TCGA-KO-8410-01A,1.0,0.0,0.0,0.0,0.0
7,152241326,-,13,18329475,-,KICH,2496,TCGA-KO-8410-01A,TCGA-KO-8410-01A,1.0,0.0,0.0,0.0,0.0
8,120101650,+,11,92478949,-,KICH,2497,TCGA-KO-8410-01A,TCGA-KO-8410-01A,1.0,0.0,0.0,0.0,0.0
9,43443771,+,9,44423749,-,KICH,2498,TCGA-KO-8410-01A,TCGA-KO-8410-01A,1.0,0.0,0.0,0.0,0.0
1,50284878,-,5,68437178,+,KICH,2499,TCGA-KO-8411-01A,TCGA-KO-8411-01A,1.0,0.0,0.0,0.0,0.0
1,122137377,-,1,122150241,+,KICH,2500,TCGA-KO-8411-01A,TCGA-KO-8411-01A,1.0,0.0,0.0,0.0,0.0
10,39724915,-,10,39823123,+,KICH,2501,TCGA-KO-8411-01A,TCGA-KO-8411-01A,1.0,0.0,0.0,0.0,0.0
13,16048127,-,13,16090273,+,KICH,2502,TCGA-KO-8411-01A,TCGA-KO-8411-01A,1.0,0.0,0.0,0.0,0.0
3,49404085,-,10,17548231,-,KICH,2503,TCGA-KO-8411-01A,TCGA-KO-8411-01A,1.0,0.0,0.0,0.0,0.0
3,188203498,-,4,175434696,+,KICH,2504,TCGA-KO-8411-01A,TCGA-KO-8411-01A,1.0,0.0,0.0,0.0,0.0
3,188579890,+,5,143044599,-,KICH,2505,TCGA-KO-8411-01A,TCGA-KO-8411-01A,1.0,0.0,0.0,0.0,0.0
6,141372504,-,16,65466173,+,KICH,2506,TCGA-KO-8411-01A,TCGA-KO-8411-01A,1.0,0.0,0.0,0.0,0.0
6,156897266,+,16,30403284,-,KICH,2507,TCGA-KO-8411-01A,TCGA-KO-8411-01A,1.0,0.0,0.0,0.0,0.0
23,48274971,-,23,48337109,+,KICH,2508,TCGA-KO-8411-01A,TCGA-KO-8411-01A,1.0,0.0,0.0,0.0,0.0
1,42546393,+,16,63584795,+,KICH,2509,TCGA-KO-8413-01A,TCGA-KO-8413-01A,1.0,0.0,0.0,0.0,0.0
1,56555292,-,7,50292689,+,KICH,2510,TCGA-KO-8413-01A,TCGA-KO-8413-01A,1.0,0.0,0.0,0.0,0.0
1,101497038,-,8,133313011,+,KICH,2511,TCGA-KO-8413-01A,TCGA-KO-8413-01A,1.0,0.0,0.0,0.0,0.0
1,122656000,+,1,124181667,-,KICH,2512,TCGA-KO-8413-01A,TCGA-KO-8413-01A,1.0,0.0,0.0,0.0,0.0
11,54349703,-,11,54391695,+,KICH,2513,TCGA-KO-8413-01A,TCGA-KO-8413-01A,1.0,0.0,0.0,0.0,0.0
11,54368824,-,11,54396445,+,KICH,2514,TCGA-KO-8413-01A,TCGA-KO-8413-01A,1.0,0.0,0.0,0.0,0.0
11,54370247,+,11,54374389,-,KICH,2515,TCGA-KO-8413-01A,TCGA-KO-8413-01A,1.0,0.0,0.0,0.0,0.0
11,54384990,+,11,54409520,-,KICH,2516,TCGA-KO-8413-01A,TCGA-KO-8413-01A,1.0,0.0,0.0,0.0,0.0
11,54768893,+,11,54769701,-,KICH,2517,TCGA-KO-8413-01A,TCGA-KO-8413-01A,1.0,0.0,0.0,0.0,0.0
11,118863143,-,17,68707801,+,KICH,2518,TCGA-KO-8413-01A,TCGA-KO-8413-01A,1.0,0.0,0.0,0.0,0.0
13,87325348,-,15,44310502,-,KICH,2519,TCGA-KO-8413-01A,TCGA-KO-8413-01A,1.0,0.0,0.0,0.0,0.0
13,87325434,+,15,44310455,+,KICH,2520,TCGA-KO-8413-01A,TCGA-KO-8413-01A,1.0,0.0,0.0,0.0,0.0
14,51178179,-,15,95749148,+,KICH,2521,TCGA-KO-8413-01A,TCGA-KO-8413-01A,1.0,0.0,0.0,0.0,0.0
14,55658286,+,17,68972167,-,KICH,2522,TCGA-KO-8413-01A,TCGA-KO-8413-01A,1.0,0.0,0.0,0.0,0.0
15,63209102,-,15,63394811,+,KICH,2523,TCGA-KO-8413-01A,TCGA-KO-8413-01A,1.0,0.0,0.0,0.0,0.0
18,15481531,-,18,15536222,+,KICH,2524,TCGA-KO-8413-01A,TCGA-KO-8413-01A,1.0,0.0,0.0,0.0,0.0
18,15752615,-,18,15764623,+,KICH,2525,TCGA-KO-8413-01A,TCGA-KO-8413-01A,1.0,0.0,0.0,0.0,0.0
19,54773574,+,19,54853979,-,KICH,2526,TCGA-KO-8413-01A,TCGA-KO-8413-01A,1.0,0.0,0.0,0.0,0.0
2,92370079,-,2,93166179,+,KICH,2527,TCGA-KO-8413-01A,TCGA-KO-8413-01A,1.0,0.0,0.0,0.0,0.0
20,19752099,+,20,19756362,-,KICH,2528,TCGA-KO-8413-01A,TCGA-KO-8413-01A,1.0,0.0,0.0,0.0,0.0
20,26444019,-,20,26460290,+,KICH,2529,TCGA-KO-8413-01A,TCGA-KO-8413-01A,1.0,0.0,0.0,0.0,0.0
20,30000972,+,20,30014581,-,KICH,2530,TCGA-KO-8413-01A,TCGA-KO-8413-01A,1.0,0.0,0.0,0.0,0.0
3,10365973,+,18,58512741,-,KICH,2531,TCGA-KO-8413-01A,TCGA-KO-8413-01A,1.0,0.0,0.0,0.0,0.0
3,71396984,-,11,81761987,+,KICH,2532,TCGA-KO-8413-01A,TCGA-KO-8413-01A,1.0,0.0,0.0,0.0,0.0
4,101748828,-,23,148581071,+,KICH,2533,TCGA-KO-8413-01A,TCGA-KO-8413-01A,1.0,0.0,0.0,0.0,0.0
4,126101194,-,11,34026685,-,KICH,2534,TCGA-KO-8413-01A,TCGA-KO-8413-01A,1.0,0.0,0.0,0.0,0.0
5,49747617,-,5,50036495,+,KICH,2535,TCGA-KO-8413-01A,TCGA-KO-8413-01A,1.0,0.0,0.0,0.0,0.0
6,37012992,-,8,3411967,-,KICH,2536,TCGA-KO-8413-01A,TCGA-KO-8413-01A,1.0,0.0,0.0,0.0,0.0
6,58573085,-,6,59445262,+,KICH,2537,TCGA-KO-8413-01A,TCGA-KO-8413-01A,1.0,0.0,0.0,0.0,0.0
6,140381571,-,11,23195435,+,KICH,2538,TCGA-KO-8413-01A,TCGA-KO-8413-01A,1.0,0.0,0.0,0.0,0.0
6,159928112,-,10,76617025,+,KICH,2539,TCGA-KO-8413-01A,TCGA-KO-8413-01A,1.0,0.0,0.0,0.0,0.0
8,131114712,-,8,131114803,+,KICH,2540,TCGA-KO-8413-01A,TCGA-KO-8413-01A,1.0,0.0,0.0,0.0,0.0
9,44805183,-,9,45072176,+,KICH,2541,TCGA-KO-8413-01A,TCGA-KO-8413-01A,1.0,0.0,0.0,0.0,0.0
23,3036682,+,23,63625848,+,KICH,2542,TCGA-KO-8413-01A,TCGA-KO-8413-01A,1.0,0.0,0.0,0.0,0.0
1,77433345,-,8,133313576,-,KICH,2543,TCGA-KO-8414-01A,TCGA-KO-8414-01A,1.0,0.0,0.0,0.0,0.0
12,34786500,+,12,34797144,-,KICH,2544,TCGA-KO-8414-01A,TCGA-KO-8414-01A,1.0,0.0,0.0,0.0,0.0
13,16855508,+,13,17328151,-,KICH,2545,TCGA-KO-8414-01A,TCGA-KO-8414-01A,1.0,0.0,0.0,0.0,0.0
13,16911069,+,13,17204942,-,KICH,2546,TCGA-KO-8414-01A,TCGA-KO-8414-01A,1.0,0.0,0.0,0.0,0.0
15,95356651,+,15,95434546,-,KICH,2547,TCGA-KO-8414-01A,TCGA-KO-8414-01A,1.0,0.0,0.0,0.0,0.0
18,10077875,-,21,20930788,+,KICH,2548,TCGA-KO-8414-01A,TCGA-KO-8414-01A,1.0,0.0,0.0,0.0,0.0
18,10108411,+,21,20927694,-,KICH,2549,TCGA-KO-8414-01A,TCGA-KO-8414-01A,1.0,0.0,0.0,0.0,0.0
19,12057620,+,19,12166232,-,KICH,2550,TCGA-KO-8414-01A,TCGA-KO-8414-01A,1.0,0.0,0.0,0.0,0.0
2,92731558,+,2,92769445,-,KICH,2551,TCGA-KO-8414-01A,TCGA-KO-8414-01A,1.0,0.0,0.0,0.0,0.0
2,92866318,+,2,92876321,-,KICH,2552,TCGA-KO-8414-01A,TCGA-KO-8414-01A,1.0,0.0,0.0,0.0,0.0
2,93397253,+,2,93724157,-,KICH,2553,TCGA-KO-8414-01A,TCGA-KO-8414-01A,1.0,0.0,0.0,0.0,0.0
20,25900145,+,20,30195571,-,KICH,2554,TCGA-KO-8414-01A,TCGA-KO-8414-01A,1.0,0.0,0.0,0.0,0.0
3,90784829,-,3,91066782,+,KICH,2555,TCGA-KO-8414-01A,TCGA-KO-8414-01A,1.0,0.0,0.0,0.0,0.0
3,91508541,-,6,60405446,-,KICH,2556,TCGA-KO-8414-01A,TCGA-KO-8414-01A,1.0,0.0,0.0,0.0,0.0
3,188667496,-,3,188669137,+,KICH,2557,TCGA-KO-8414-01A,TCGA-KO-8414-01A,1.0,0.0,0.0,0.0,0.0
4,69244968,-,4,69349115,+,KICH,2558,TCGA-KO-8414-01A,TCGA-KO-8414-01A,1.0,0.0,0.0,0.0,0.0
8,3415558,+,18,10105415,-,KICH,2559,TCGA-KO-8414-01A,TCGA-KO-8414-01A,1.0,0.0,0.0,0.0,0.0
8,10243453,-,21,20927507,+,KICH,2560,TCGA-KO-8414-01A,TCGA-KO-8414-01A,1.0,0.0,0.0,0.0,0.0
23,122316755,-,23,122318675,+,KICH,2561,TCGA-KO-8414-01A,TCGA-KO-8414-01A,1.0,0.0,0.0,0.0,0.0
1,1648595,-,1,1715834,+,KICH,2562,TCGA-KO-8415-01A,TCGA-KO-8415-01A,1.0,0.0,0.0,0.0,0.0
1,144794424,-,4,4234762,+,KICH,2563,TCGA-KO-8415-01A,TCGA-KO-8415-01A,1.0,0.0,0.0,0.0,0.0
11,54347294,-,11,54405733,+,KICH,2564,TCGA-KO-8415-01A,TCGA-KO-8415-01A,1.0,0.0,0.0,0.0,0.0
11,54353407,-,11,54407619,+,KICH,2565,TCGA-KO-8415-01A,TCGA-KO-8415-01A,1.0,0.0,0.0,0.0,0.0
11,54369010,-,11,54415930,+,KICH,2566,TCGA-KO-8415-01A,TCGA-KO-8415-01A,1.0,0.0,0.0,0.0,0.0
13,16316254,+,13,16795890,-,KICH,2567,TCGA-KO-8415-01A,TCGA-KO-8415-01A,1.0,0.0,0.0,0.0,0.0
13,16497163,-,13,17328298,+,KICH,2568,TCGA-KO-8415-01A,TCGA-KO-8415-01A,1.0,0.0,0.0,0.0,0.0
15,63471337,-,15,63967102,+,KICH,2569,TCGA-KO-8415-01A,TCGA-KO-8415-01A,1.0,0.0,0.0,0.0,0.0
17,7665735,+,17,7667657,+,KICH,2570,TCGA-KO-8415-01A,TCGA-KO-8415-01A,1.0,0.0,0.0,0.0,0.0
17,7667171,-,17,7670920,-,KICH,2571,TCGA-KO-8415-01A,TCGA-KO-8415-01A,1.0,0.0,0.0,0.0,0.0
17,7671546,+,17,7681553,-,KICH,2572,TCGA-KO-8415-01A,TCGA-KO-8415-01A,1.0,0.0,0.0,0.0,0.0
17,7671590,+,17,7681589,-,KICH,2573,TCGA-KO-8415-01A,TCGA-KO-8415-01A,1.0,0.0,0.0,0.0,0.0
18,15558492,+,18,15704786,-,KICH,2574,TCGA-KO-8415-01A,TCGA-KO-8415-01A,1.0,0.0,0.0,0.0,0.0
18,57732419,+,18,58573408,-,KICH,2575,TCGA-KO-8415-01A,TCGA-KO-8415-01A,1.0,0.0,0.0,0.0,0.0
2,85010993,-,22,50428144,+,KICH,2576,TCGA-KO-8415-01A,TCGA-KO-8415-01A,1.0,0.0,0.0,0.0,0.0
5,49684574,+,5,49690311,-,KICH,2577,TCGA-KO-8415-01A,TCGA-KO-8415-01A,1.0,0.0,0.0,0.0,0.0
5,147053572,+,16,20904726,+,KICH,2578,TCGA-KO-8415-01A,TCGA-KO-8415-01A,1.0,0.0,0.0,0.0,0.0
6,60287935,-,19,7106089,+,KICH,2579,TCGA-KO-8415-01A,TCGA-KO-8415-01A,1.0,0.0,0.0,0.0,0.0
1,121117,-,1,711984,+,KICH,2580,TCGA-KO-8416-01A,TCGA-KO-8416-01A,1.0,0.0,0.0,0.0,0.0
1,8228967,+,1,223672576,-,KICH,2581,TCGA-KO-8416-01A,TCGA-KO-8416-01A,1.0,0.0,0.0,0.0,0.0
1,16038011,-,1,227100748,-,KICH,2582,TCGA-KO-8416-01A,TCGA-KO-8416-01A,1.0,0.0,0.0,0.0,0.0
1,42918698,-,5,94681810,+,KICH,2583,TCGA-KO-8416-01A,TCGA-KO-8416-01A,1.0,0.0,0.0,0.0,0.0
15,17494833,+,15,18351400,-,KICH,2584,TCGA-KO-8416-01A,TCGA-KO-8416-01A,1.0,0.0,0.0,0.0,0.0
18,884955,-,18,894487,+,KICH,2585,TCGA-KO-8416-01A,TCGA-KO-8416-01A,1.0,0.0,0.0,0.0,0.0
18,19929032,-,18,20041626,+,KICH,2586,TCGA-KO-8416-01A,TCGA-KO-8416-01A,1.0,0.0,0.0,0.0,0.0
2,165452442,+,16,64874388,-,KICH,2587,TCGA-KO-8416-01A,TCGA-KO-8416-01A,1.0,0.0,0.0,0.0,0.0
3,90890292,+,3,90951316,-,KICH,2588,TCGA-KO-8416-01A,TCGA-KO-8416-01A,1.0,0.0,0.0,0.0,0.0
3,91174873,-,3,91200874,+,KICH,2589,TCGA-KO-8416-01A,TCGA-KO-8416-01A,1.0,0.0,0.0,0.0,0.0
4,49244523,-,20,30664832,+,KICH,2590,TCGA-KO-8416-01A,TCGA-KO-8416-01A,1.0,0.0,0.0,0.0,0.0
5,90855912,-,5,90910328,+,KICH,2591,TCGA-KO-8416-01A,TCGA-KO-8416-01A,1.0,0.0,0.0,0.0,0.0
9,43813662,-,9,45483101,+,KICH,2592,TCGA-KO-8416-01A,TCGA-KO-8416-01A,1.0,0.0,0.0,0.0,0.0
1,36772624,+,5,26831057,+,KICH,2593,TCGA-KO-8417-01A,TCGA-KO-8417-01A,1.0,0.0,0.0,0.0,0.0
1,122201178,+,1,122210640,-,KICH,2594,TCGA-KO-8417-01A,TCGA-KO-8417-01A,1.0,0.0,0.0,0.0,0.0
1,123957144,-,1,124378495,+,KICH,2595,TCGA-KO-8417-01A,TCGA-KO-8417-01A,1.0,0.0,0.0,0.0,0.0
10,100992221,-,23,884898,+,KICH,2596,TCGA-KO-8417-01A,TCGA-KO-8417-01A,1.0,0.0,0.0,0.0,0.0
11,54343559,+,11,54351733,-,KICH,2597,TCGA-KO-8417-01A,TCGA-KO-8417-01A,1.0,0.0,0.0,0.0,0.0
11,54349671,-,11,54391670,+,KICH,2598,TCGA-KO-8417-01A,TCGA-KO-8417-01A,1.0,0.0,0.0,0.0,0.0
11,54369519,+,11,54419561,-,KICH,2599,TCGA-KO-8417-01A,TCGA-KO-8417-01A,1.0,0.0,0.0,0.0,0.0
12,37430478,-,15,50086007,+,KICH,2600,TCGA-KO-8417-01A,TCGA-KO-8417-01A,1.0,0.0,0.0,0.0,0.0
13,16890681,-,13,17303589,+,KICH,2601,TCGA-KO-8417-01A,TCGA-KO-8417-01A,1.0,0.0,0.0,0.0,0.0
16,34257884,+,16,36336240,+,KICH,2602,TCGA-KO-8417-01A,TCGA-KO-8417-01A,1.0,0.0,0.0,0.0,0.0
20,26545106,-,20,26577186,+,KICH,2603,TCGA-KO-8417-01A,TCGA-KO-8417-01A,1.0,0.0,0.0,0.0,0.0
4,50872829,-,4,51435238,+,KICH,2604,TCGA-KO-8417-01A,TCGA-KO-8417-01A,1.0,0.0,0.0,0.0,0.0
5,46690299,+,12,37394961,-,KICH,2605,TCGA-KO-8417-01A,TCGA-KO-8417-01A,1.0,0.0,0.0,0.0,0.0
6,57978933,-,6,60730354,+,KICH,2606,TCGA-KO-8417-01A,TCGA-KO-8417-01A,1.0,0.0,0.0,0.0,0.0
6,73791220,+,11,82650073,+,KICH,2607,TCGA-KO-8417-01A,TCGA-KO-8417-01A,1.0,0.0,0.0,0.0,0.0
7,60527475,+,7,60755599,-,KICH,2608,TCGA-KO-8417-01A,TCGA-KO-8417-01A,1.0,0.0,0.0,0.0,0.0
7,141216449,+,8,6640059,-,KICH,2609,TCGA-KO-8417-01A,TCGA-KO-8417-01A,1.0,0.0,0.0,0.0,0.0
9,40229203,+,9,42858488,-,KICH,2610,TCGA-KO-8417-01A,TCGA-KO-8417-01A,1.0,0.0,0.0,0.0,0.0
9,65070022,+,18,20588768,+,KICH,2611,TCGA-KO-8417-01A,TCGA-KO-8417-01A,1.0,0.0,0.0,0.0,0.0
9,77401378,+,21,41908244,-,KICH,2612,TCGA-KO-8417-01A,TCGA-KO-8417-01A,1.0,0.0,0.0,0.0,0.0
10,13679461,+,12,8350732,-,KICH,2613,TCGA-NP-A5B3-01A,TCGA-NP-A5B3-01A,1.0,0.0,0.0,0.0,0.0
10,13679475,-,12,8350936,+,KICH,2614,TCGA-NP-A5B3-01A,TCGA-NP-A5B3-01A,1.0,0.0,0.0,0.0,0.0
13,18270343,-,22,18790746,+,KICH,2615,TCGA-NP-A5B3-01A,TCGA-NP-A5B3-01A,1.0,0.0,0.0,0.0,0.0
14,23739844,-,14,23757933,+,KICH,2616,TCGA-NP-A5B3-01A,TCGA-NP-A5B3-01A,1.0,0.0,0.0,0.0,0.0
4,33637509,+,4,33638531,-,KICH,2617,TCGA-NP-A5B3-01A,TCGA-NP-A5B3-01A,1.0,0.0,0.0,0.0,0.0
4,90359889,-,9,41426525,+,KICH,2618,TCGA-NP-A5B3-01A,TCGA-NP-A5B3-01A,1.0,0.0,0.0,0.0,0.0
4,181721440,-,4,186929957,+,KICH,2619,TCGA-NP-A5B3-01A,TCGA-NP-A5B3-01A,1.0,0.0,0.0,0.0,0.0
5,255036,+,5,1573769,+,KICH,2620,TCGA-NP-A5B3-01A,TCGA-NP-A5B3-01A,1.0,0.0,0.0,0.0,0.0
5,49677405,-,5,49706211,+,KICH,2621,TCGA-NP-A5B3-01A,TCGA-NP-A5B3-01A,1.0,0.0,0.0,0.0,0.0
5,49916426,+,5,49925192,-,KICH,2622,TCGA-NP-A5B3-01A,TCGA-NP-A5B3-01A,1.0,0.0,0.0,0.0,0.0
5,135796666,+,19,41510088,+,KICH,2623,TCGA-NP-A5B3-01A,TCGA-NP-A5B3-01A,1.0,0.0,0.0,0.0,0.0
5,138810826,-,6,158308927,+,KICH,2624,TCGA-NP-A5B3-01A,TCGA-NP-A5B3-01A,1.0,0.0,0.0,0.0,0.0
7,137638445,-,15,53515031,+,KICH,2625,TCGA-NP-A5B3-01A,TCGA-NP-A5B3-01A,1.0,0.0,0.0,0.0,0.0
9,96917888,-,14,71006170,+,KICH,2626,TCGA-NP-A5B3-01A,TCGA-NP-A5B3-01A,1.0,0.0,0.0,0.0,0.0
1,29418835,+,5,95738879,+,KICH,2627,TCGA-NP-A5GY-01A,TCGA-NP-A5GY-01A,1.0,0.0,0.0,0.0,0.0
13,16298474,-,13,16734343,+,KICH,2628,TCGA-NP-A5GY-01A,TCGA-NP-A5GY-01A,1.0,0.0,0.0,0.0,0.0
3,38963349,-,12,24335973,-,KICH,2629,TCGA-NP-A5GY-01A,TCGA-NP-A5GY-01A,1.0,0.0,0.0,0.0,0.0
3,91299615,-,6,60627472,-,KICH,2630,TCGA-NP-A5GY-01A,TCGA-NP-A5GY-01A,1.0,0.0,0.0,0.0,0.0
4,93913343,+,14,68072081,+,KICH,2631,TCGA-NP-A5GY-01A,TCGA-NP-A5GY-01A,1.0,0.0,0.0,0.0,0.0
5,90970539,+,15,55143955,-,KICH,2632,TCGA-NP-A5GY-01A,TCGA-NP-A5GY-01A,1.0,0.0,0.0,0.0,0.0
6,57355293,+,6,60257100,-,KICH,2633,TCGA-NP-A5GY-01A,TCGA-NP-A5GY-01A,1.0,0.0,0.0,0.0,0.0
6,59421271,+,6,59662969,-,KICH,2634,TCGA-NP-A5GY-01A,TCGA-NP-A5GY-01A,1.0,0.0,0.0,0.0,0.0
8,90220445,-,15,68302064,-,KICH,2635,TCGA-NP-A5GY-01A,TCGA-NP-A5GY-01A,1.0,0.0,0.0,0.0,0.0
8,121970157,-,11,34877870,+,KICH,2636,TCGA-NP-A5GY-01A,TCGA-NP-A5GY-01A,1.0,0.0,0.0,0.0,0.0
1,122446688,-,1,122471303,+,KICH,2637,TCGA-NP-A5GZ-01A,TCGA-NP-A5GZ-01A,1.0,0.0,0.0,0.0,0.0
11,52795265,-,11,52853889,+,KICH,2638,TCGA-NP-A5GZ-01A,TCGA-NP-A5GZ-01A,1.0,0.0,0.0,0.0,0.0
12,527385,+,12,1005456,-,KICH,2639,TCGA-NP-A5GZ-01A,TCGA-NP-A5GZ-01A,1.0,0.0,0.0,0.0,0.0
12,35474594,-,12,35843968,+,KICH,2640,TCGA-NP-A5GZ-01A,TCGA-NP-A5GZ-01A,1.0,0.0,0.0,0.0,0.0
13,16898456,-,13,17123170,+,KICH,2641,TCGA-NP-A5GZ-01A,TCGA-NP-A5GZ-01A,1.0,0.0,0.0,0.0,0.0
13,104888126,+,13,104954334,-,KICH,2642,TCGA-NP-A5GZ-01A,TCGA-NP-A5GZ-01A,1.0,0.0,0.0,0.0,0.0
16,36342249,+,16,36378909,-,KICH,2643,TCGA-NP-A5GZ-01A,TCGA-NP-A5GZ-01A,1.0,0.0,0.0,0.0,0.0
17,21431566,-,17,26989483,+,KICH,2644,TCGA-NP-A5GZ-01A,TCGA-NP-A5GZ-01A,1.0,0.0,0.0,0.0,0.0
17,21446391,-,17,27004263,+,KICH,2645,TCGA-NP-A5GZ-01A,TCGA-NP-A5GZ-01A,1.0,0.0,0.0,0.0,0.0
19,54279258,+,19,54575063,+,KICH,2646,TCGA-NP-A5GZ-01A,TCGA-NP-A5GZ-01A,1.0,0.0,0.0,0.0,0.0
2,93122639,-,2,93594846,+,KICH,2647,TCGA-NP-A5GZ-01A,TCGA-NP-A5GZ-01A,1.0,0.0,0.0,0.0,0.0
4,50272085,+,4,50728164,-,KICH,2648,TCGA-NP-A5GZ-01A,TCGA-NP-A5GZ-01A,1.0,0.0,0.0,0.0,0.0
4,151278604,+,4,151298502,-,KICH,2649,TCGA-NP-A5GZ-01A,TCGA-NP-A5GZ-01A,1.0,0.0,0.0,0.0,0.0
6,60661769,-,10,81766966,+,KICH,2650,TCGA-NP-A5GZ-01A,TCGA-NP-A5GZ-01A,1.0,0.0,0.0,0.0,0.0
6,134642621,-,7,19430093,-,KICH,2651,TCGA-NP-A5GZ-01A,TCGA-NP-A5GZ-01A,1.0,0.0,0.0,0.0,0.0
7,19430361,+,9,63890740,-,KICH,2652,TCGA-NP-A5GZ-01A,TCGA-NP-A5GZ-01A,1.0,0.0,0.0,0.0,0.0
23,7619764,-,23,7746789,+,KICH,2653,TCGA-NP-A5GZ-01A,TCGA-NP-A5GZ-01A,1.0,0.0,0.0,0.0,0.0
1,122228066,+,1,122395371,-,KICH,2654,TCGA-NP-A5H1-01A,TCGA-NP-A5H1-01A,1.0,0.0,0.0,0.0,0.0
1,123283661,-,5,49622190,-,KICH,2655,TCGA-NP-A5H1-01A,TCGA-NP-A5H1-01A,1.0,0.0,0.0,0.0,0.0
1,237177353,+,1,237466828,-,KICH,2656,TCGA-NP-A5H1-01A,TCGA-NP-A5H1-01A,1.0,0.0,0.0,0.0,0.0
10,86584405,+,10,86586428,-,KICH,2657,TCGA-NP-A5H1-01A,TCGA-NP-A5H1-01A,1.0,0.0,0.0,0.0,0.0
13,16571272,+,13,16586238,-,KICH,2658,TCGA-NP-A5H1-01A,TCGA-NP-A5H1-01A,1.0,0.0,0.0,0.0,0.0
13,17489744,-,13,17980648,+,KICH,2659,TCGA-NP-A5H1-01A,TCGA-NP-A5H1-01A,1.0,0.0,0.0,0.0,0.0
17,22822684,-,17,23180689,+,KICH,2660,TCGA-NP-A5H1-01A,TCGA-NP-A5H1-01A,1.0,0.0,0.0,0.0,0.0
18,15792128,+,18,17538993,-,KICH,2661,TCGA-NP-A5H1-01A,TCGA-NP-A5H1-01A,1.0,0.0,0.0,0.0,0.0
18,20066034,+,18,20469687,-,KICH,2662,TCGA-NP-A5H1-01A,TCGA-NP-A5H1-01A,1.0,0.0,0.0,0.0,0.0
20,28809612,+,20,28811305,-,KICH,2663,TCGA-NP-A5H1-01A,TCGA-NP-A5H1-01A,1.0,0.0,0.0,0.0,0.0
20,29447838,+,22,11605370,-,KICH,2664,TCGA-NP-A5H1-01A,TCGA-NP-A5H1-01A,1.0,0.0,0.0,0.0,0.0
20,43095832,+,20,46111874,+,KICH,2665,TCGA-NP-A5H1-01A,TCGA-NP-A5H1-01A,1.0,0.0,0.0,0.0,0.0
3,59739988,-,8,89011796,+,KICH,2666,TCGA-NP-A5H1-01A,TCGA-NP-A5H1-01A,1.0,0.0,0.0,0.0,0.0
3,91113759,-,3,91220972,+,KICH,2667,TCGA-NP-A5H1-01A,TCGA-NP-A5H1-01A,1.0,0.0,0.0,0.0,0.0
3,91192723,-,3,91257464,-,KICH,2668,TCGA-NP-A5H1-01A,TCGA-NP-A5H1-01A,1.0,0.0,0.0,0.0,0.0
4,186087060,+,14,52837419,+,KICH,2669,TCGA-NP-A5H1-01A,TCGA-NP-A5H1-01A,1.0,0.0,0.0,0.0,0.0
5,1342043,-,5,105314522,+,KICH,2670,TCGA-NP-A5H1-01A,TCGA-NP-A5H1-01A,1.0,0.0,0.0,0.0,0.0
5,46637423,-,5,46780362,+,KICH,2671,TCGA-NP-A5H1-01A,TCGA-NP-A5H1-01A,1.0,0.0,0.0,0.0,0.0
7,118574666,-,9,115095597,+,KICH,2672,TCGA-NP-A5H1-01A,TCGA-NP-A5H1-01A,1.0,0.0,0.0,0.0,0.0
1,22806464,-,13,39569159,+,KICH,2673,TCGA-NP-A5H5-01A,TCGA-NP-A5H5-01A,1.0,0.0,0.0,0.0,0.0
1,124980133,+,1,124994403,-,KICH,2674,TCGA-NP-A5H5-01A,TCGA-NP-A5H5-01A,1.0,0.0,0.0,0.0,0.0
11,52560983,+,11,53048860,-,KICH,2675,TCGA-NP-A5H5-01A,TCGA-NP-A5H5-01A,1.0,0.0,0.0,0.0,0.0
11,53022579,+,11,53074466,-,KICH,2676,TCGA-NP-A5H5-01A,TCGA-NP-A5H5-01A,1.0,0.0,0.0,0.0,0.0
11,54385006,-,11,54413650,+,KICH,2677,TCGA-NP-A5H5-01A,TCGA-NP-A5H5-01A,1.0,0.0,0.0,0.0,0.0
11,119291474,+,11,119317478,-,KICH,2678,TCGA-NP-A5H5-01A,TCGA-NP-A5H5-01A,1.0,0.0,0.0,0.0,0.0
12,9739645,-,21,22819001,+,KICH,2679,TCGA-NP-A5H5-01A,TCGA-NP-A5H5-01A,1.0,0.0,0.0,0.0,0.0
12,34786497,+,12,34797150,-,KICH,2680,TCGA-NP-A5H5-01A,TCGA-NP-A5H5-01A,1.0,0.0,0.0,0.0,0.0
12,35500972,+,12,35512367,-,KICH,2681,TCGA-NP-A5H5-01A,TCGA-NP-A5H5-01A,1.0,0.0,0.0,0.0,0.0
14,32975861,-,18,35445067,+,KICH,2682,TCGA-NP-A5H5-01A,TCGA-NP-A5H5-01A,1.0,0.0,0.0,0.0,0.0
18,18041202,+,18,18370901,-,KICH,2683,TCGA-NP-A5H5-01A,TCGA-NP-A5H5-01A,1.0,0.0,0.0,0.0,0.0
18,18957962,-,18,19705864,+,KICH,2684,TCGA-NP-A5H5-01A,TCGA-NP-A5H5-01A,1.0,0.0,0.0,0.0,0.0
2,92667589,-,2,93468137,+,KICH,2685,TCGA-NP-A5H5-01A,TCGA-NP-A5H5-01A,1.0,0.0,0.0,0.0,0.0
2,93375685,-,2,93671903,+,KICH,2686,TCGA-NP-A5H5-01A,TCGA-NP-A5H5-01A,1.0,0.0,0.0,0.0,0.0
3,91021847,+,3,91163661,-,KICH,2687,TCGA-NP-A5H5-01A,TCGA-NP-A5H5-01A,1.0,0.0,0.0,0.0,0.0
3,92810106,+,3,93067951,-,KICH,2688,TCGA-NP-A5H5-01A,TCGA-NP-A5H5-01A,1.0,0.0,0.0,0.0,0.0
4,56734667,-,19,39981866,-,KICH,2689,TCGA-NP-A5H5-01A,TCGA-NP-A5H5-01A,1.0,0.0,0.0,0.0,0.0
4,108304142,+,14,46370124,+,KICH,2690,TCGA-NP-A5H5-01A,TCGA-NP-A5H5-01A,1.0,0.0,0.0,0.0,0.0
5,46502477,+,5,46505035,-,KICH,2691,TCGA-NP-A5H5-01A,TCGA-NP-A5H5-01A,1.0,0.0,0.0,0.0,0.0
5,46876482,+,5,47058725,-,KICH,2692,TCGA-NP-A5H5-01A,TCGA-NP-A5H5-01A,1.0,0.0,0.0,0.0,0.0
5,49853407,-,5,49915249,+,KICH,2693,TCGA-NP-A5H5-01A,TCGA-NP-A5H5-01A,1.0,0.0,0.0,0.0,0.0
7,79324681,-,9,100100749,-,KICH,2694,TCGA-NP-A5H5-01A,TCGA-NP-A5H5-01A,1.0,0.0,0.0,0.0,0.0
7,152231664,+,13,18339125,+,KICH,2695,TCGA-NP-A5H5-01A,TCGA-NP-A5H5-01A,1.0,0.0,0.0,0.0,0.0
9,40545381,-,20,28810539,-,KICH,2696,TCGA-NP-A5H5-01A,TCGA-NP-A5H5-01A,1.0,0.0,0.0,0.0,0.0
9,40552037,-,21,12982073,-,KICH,2697,TCGA-NP-A5H5-01A,TCGA-NP-A5H5-01A,1.0,0.0,0.0,0.0,0.0
9,43210749,-,21,12986679,-,KICH,2698,TCGA-NP-A5H5-01A,TCGA-NP-A5H5-01A,1.0,0.0,0.0,0.0,0.0
9,43443772,+,9,44423746,-,KICH,2699,TCGA-NP-A5H5-01A,TCGA-NP-A5H5-01A,1.0,0.0,0.0,0.0,0.0
1,12272430,+,1,26256929,-,KICH,2700,TCGA-NP-A5H6-01A,TCGA-NP-A5H6-01A,1.0,0.0,0.0,0.0,0.0
1,29418835,+,5,95738873,+,KICH,2701,TCGA-NP-A5H6-01A,TCGA-NP-A5H6-01A,1.0,0.0,0.0,0.0,0.0
1,121756109,-,1,123640353,+,KICH,2702,TCGA-NP-A5H6-01A,TCGA-NP-A5H6-01A,1.0,0.0,0.0,0.0,0.0
10,74595392,+,18,33065861,-,KICH,2703,TCGA-NP-A5H6-01A,TCGA-NP-A5H6-01A,1.0,0.0,0.0,0.0,0.0
12,34820028,+,12,34821328,+,KICH,2704,TCGA-NP-A5H6-01A,TCGA-NP-A5H6-01A,1.0,0.0,0.0,0.0,0.0
15,59759844,+,23,131605046,+,KICH,2705,TCGA-NP-A5H6-01A,TCGA-NP-A5H6-01A,1.0,0.0,0.0,0.0,0.0
18,20803158,+,18,20914723,-,KICH,2706,TCGA-NP-A5H6-01A,TCGA-NP-A5H6-01A,1.0,0.0,0.0,0.0,0.0
2,95998156,+,2,97596323,-,KICH,2707,TCGA-NP-A5H6-01A,TCGA-NP-A5H6-01A,1.0,0.0,0.0,0.0,0.0
20,29290767,-,24,10206507,-,KICH,2708,TCGA-NP-A5H6-01A,TCGA-NP-A5H6-01A,1.0,0.0,0.0,0.0,0.0
3,148668307,+,4,99086038,-,KICH,2709,TCGA-NP-A5H6-01A,TCGA-NP-A5H6-01A,1.0,0.0,0.0,0.0,0.0
4,48659923,-,7,17983217,-,KICH,2710,TCGA-NP-A5H6-01A,TCGA-NP-A5H6-01A,1.0,0.0,0.0,0.0,0.0
4,104957105,-,4,135417045,+,KICH,2711,TCGA-NP-A5H6-01A,TCGA-NP-A5H6-01A,1.0,0.0,0.0,0.0,0.0
5,20885780,-,16,90024124,-,KICH,2712,TCGA-NP-A5H6-01A,TCGA-NP-A5H6-01A,1.0,0.0,0.0,0.0,0.0
5,46540264,-,5,46789239,+,KICH,2713,TCGA-NP-A5H6-01A,TCGA-NP-A5H6-01A,1.0,0.0,0.0,0.0,0.0
7,62082862,+,19,27345741,-,KICH,2714,TCGA-NP-A5H6-01A,TCGA-NP-A5H6-01A,1.0,0.0,0.0,0.0,0.0
9,40229193,+,9,42858508,-,KICH,2715,TCGA-NP-A5H6-01A,TCGA-NP-A5H6-01A,1.0,0.0,0.0,0.0,0.0
1,7398154,-,13,82725997,-,KICH,2716,TCGA-NP-A5H7-01A,TCGA-NP-A5H7-01A,1.0,0.0,0.0,0.0,0.0
1,122229061,-,1,122271425,+,KICH,2717,TCGA-NP-A5H7-01A,TCGA-NP-A5H7-01A,1.0,0.0,0.0,0.0,0.0
10,20145830,+,20,63761252,-,KICH,2718,TCGA-NP-A5H7-01A,TCGA-NP-A5H7-01A,1.0,0.0,0.0,0.0,0.0
11,9752840,+,11,9908141,-,KICH,2719,TCGA-NP-A5H7-01A,TCGA-NP-A5H7-01A,1.0,0.0,0.0,0.0,0.0
11,54358800,-,11,54407097,+,KICH,2720,TCGA-NP-A5H7-01A,TCGA-NP-A5H7-01A,1.0,0.0,0.0,0.0,0.0
12,36652249,-,12,37103959,+,KICH,2721,TCGA-NP-A5H7-01A,TCGA-NP-A5H7-01A,1.0,0.0,0.0,0.0,0.0
13,16020556,+,20,28925842,+,KICH,2722,TCGA-NP-A5H7-01A,TCGA-NP-A5H7-01A,1.0,0.0,0.0,0.0,0.0
13,18409111,+,18,15330033,+,KICH,2723,TCGA-NP-A5H7-01A,TCGA-NP-A5H7-01A,1.0,0.0,0.0,0.0,0.0
13,18756777,+,13,18776044,-,KICH,2724,TCGA-NP-A5H7-01A,TCGA-NP-A5H7-01A,1.0,0.0,0.0,0.0,0.0
14,106062128,+,14,106537804,-,KICH,2725,TCGA-NP-A5H7-01A,TCGA-NP-A5H7-01A,1.0,0.0,0.0,0.0,0.0
16,87663581,+,16,87702557,-,KICH,2726,TCGA-NP-A5H7-01A,TCGA-NP-A5H7-01A,1.0,0.0,0.0,0.0,0.0
18,15791636,-,18,19763897,+,KICH,2727,TCGA-NP-A5H7-01A,TCGA-NP-A5H7-01A,1.0,0.0,0.0,0.0,0.0
2,118195477,-,23,46748365,-,KICH,2728,TCGA-NP-A5H7-01A,TCGA-NP-A5H7-01A,1.0,0.0,0.0,0.0,0.0
20,29995108,+,20,30023029,-,KICH,2729,TCGA-NP-A5H7-01A,TCGA-NP-A5H7-01A,1.0,0.0,0.0,0.0,0.0
20,35700580,+,20,35701882,-,KICH,2730,TCGA-NP-A5H7-01A,TCGA-NP-A5H7-01A,1.0,0.0,0.0,0.0,0.0
22,23344720,-,22,24675080,+,KICH,2731,TCGA-NP-A5H7-01A,TCGA-NP-A5H7-01A,1.0,0.0,0.0,0.0,0.0
3,29994533,-,18,51741287,+,KICH,2732,TCGA-NP-A5H7-01A,TCGA-NP-A5H7-01A,1.0,0.0,0.0,0.0,0.0
3,126299237,+,23,45016454,-,KICH,2733,TCGA-NP-A5H7-01A,TCGA-NP-A5H7-01A,1.0,0.0,0.0,0.0,0.0
3,181150355,+,13,70627050,+,KICH,2734,TCGA-NP-A5H7-01A,TCGA-NP-A5H7-01A,1.0,0.0,0.0,0.0,0.0
4,16897981,+,18,64743916,+,KICH,2735,TCGA-NP-A5H7-01A,TCGA-NP-A5H7-01A,1.0,0.0,0.0,0.0,0.0
4,50471139,+,4,51171146,-,KICH,2736,TCGA-NP-A5H7-01A,TCGA-NP-A5H7-01A,1.0,0.0,0.0,0.0,0.0
5,49744538,+,5,49790360,-,KICH,2737,TCGA-NP-A5H7-01A,TCGA-NP-A5H7-01A,1.0,0.0,0.0,0.0,0.0
5,59635806,+,5,59667111,-,KICH,2738,TCGA-NP-A5H7-01A,TCGA-NP-A5H7-01A,1.0,0.0,0.0,0.0,0.0
5,62244989,+,15,20216512,-,KICH,2739,TCGA-NP-A5H7-01A,TCGA-NP-A5H7-01A,1.0,0.0,0.0,0.0,0.0
5,62247891,-,15,20218563,+,KICH,2740,TCGA-NP-A5H7-01A,TCGA-NP-A5H7-01A,1.0,0.0,0.0,0.0,0.0
6,29773244,+,6,29818921,-,KICH,2741,TCGA-NP-A5H7-01A,TCGA-NP-A5H7-01A,1.0,0.0,0.0,0.0,0.0
7,87110634,+,7,87110981,-,KICH,2742,TCGA-NP-A5H7-01A,TCGA-NP-A5H7-01A,1.0,0.0,0.0,0.0,0.0
9,40229178,+,9,42858490,-,KICH,2743,TCGA-NP-A5H7-01A,TCGA-NP-A5H7-01A,1.0,0.0,0.0,0.0,0.0
9,40543665,+,9,43175397,-,KICH,2744,TCGA-NP-A5H7-01A,TCGA-NP-A5H7-01A,1.0,0.0,0.0,0.0,0.0
9,132927520,-,10,28348988,+,KICH,2745,TCGA-NP-A5H7-01A,TCGA-NP-A5H7-01A,1.0,0.0,0.0,0.0,0.0
1,122229074,-,1,122271372,+,KICH,2746,TCGA-UW-A72H-01A,TCGA-UW-A72H-01A,1.0,0.0,0.0,0.0,0.0
1,122446674,-,1,122471276,+,KICH,2747,TCGA-UW-A72H-01A,TCGA-UW-A72H-01A,1.0,0.0,0.0,0.0,0.0
10,41558725,-,10,41569236,+,KICH,2748,TCGA-UW-A72H-01A,TCGA-UW-A72H-01A,1.0,0.0,0.0,0.0,0.0
10,41576751,+,10,41582447,-,KICH,2749,TCGA-UW-A72H-01A,TCGA-UW-A72H-01A,1.0,0.0,0.0,0.0,0.0
11,52617691,+,11,52945708,-,KICH,2750,TCGA-UW-A72H-01A,TCGA-UW-A72H-01A,1.0,0.0,0.0,0.0,0.0
11,52943645,+,11,53690258,-,KICH,2751,TCGA-UW-A72H-01A,TCGA-UW-A72H-01A,1.0,0.0,0.0,0.0,0.0
13,16298484,-,13,16734350,+,KICH,2752,TCGA-UW-A72H-01A,TCGA-UW-A72H-01A,1.0,0.0,0.0,0.0,0.0
13,90497154,-,23,43589236,-,KICH,2753,TCGA-UW-A72H-01A,TCGA-UW-A72H-01A,1.0,0.0,0.0,0.0,0.0
14,84284559,+,20,29757388,-,KICH,2754,TCGA-UW-A72H-01A,TCGA-UW-A72H-01A,1.0,0.0,0.0,0.0,0.0
16,12476358,-,19,3041018,-,KICH,2755,TCGA-UW-A72H-01A,TCGA-UW-A72H-01A,1.0,0.0,0.0,0.0,0.0
17,21431547,-,17,26989483,+,KICH,2756,TCGA-UW-A72H-01A,TCGA-UW-A72H-01A,1.0,0.0,0.0,0.0,0.0
17,22949485,-,17,22994720,+,KICH,2757,TCGA-UW-A72H-01A,TCGA-UW-A72H-01A,1.0,0.0,0.0,0.0,0.0
17,23051631,+,17,23061120,-,KICH,2758,TCGA-UW-A72H-01A,TCGA-UW-A72H-01A,1.0,0.0,0.0,0.0,0.0
18,8021492,+,18,8401437,-,KICH,2759,TCGA-UW-A72H-01A,TCGA-UW-A72H-01A,1.0,0.0,0.0,0.0,0.0
18,15679080,-,18,15772303,+,KICH,2760,TCGA-UW-A72H-01A,TCGA-UW-A72H-01A,1.0,0.0,0.0,0.0,0.0
18,21137595,+,20,5453010,+,KICH,2761,TCGA-UW-A72H-01A,TCGA-UW-A72H-01A,1.0,0.0,0.0,0.0,0.0
2,91910140,-,10,38667998,+,KICH,2762,TCGA-UW-A72H-01A,TCGA-UW-A72H-01A,1.0,0.0,0.0,0.0,0.0
2,92338741,+,2,93933515,-,KICH,2763,TCGA-UW-A72H-01A,TCGA-UW-A72H-01A,1.0,0.0,0.0,0.0,0.0
20,26619775,-,20,27827105,+,KICH,2764,TCGA-UW-A72H-01A,TCGA-UW-A72H-01A,1.0,0.0,0.0,0.0,0.0
20,29292940,-,20,29738052,+,KICH,2765,TCGA-UW-A72H-01A,TCGA-UW-A72H-01A,1.0,0.0,0.0,0.0,0.0
20,29562858,+,20,30321416,+,KICH,2766,TCGA-UW-A72H-01A,TCGA-UW-A72H-01A,1.0,0.0,0.0,0.0,0.0
3,90893658,+,3,91229109,-,KICH,2767,TCGA-UW-A72H-01A,TCGA-UW-A72H-01A,1.0,0.0,0.0,0.0,0.0
4,102410020,-,13,105804017,-,KICH,2768,TCGA-UW-A72H-01A,TCGA-UW-A72H-01A,1.0,0.0,0.0,0.0,0.0
6,159283398,-,18,4087067,+,KICH,2769,TCGA-UW-A72H-01A,TCGA-UW-A72H-01A,1.0,0.0,0.0,0.0,0.0
7,58198028,-,7,61968704,+,KICH,2770,TCGA-UW-A72H-01A,TCGA-UW-A72H-01A,1.0,0.0,0.0,0.0,0.0
7,132562783,+,23,1168951,+,KICH,2771,TCGA-UW-A72H-01A,TCGA-UW-A72H-01A,1.0,0.0,0.0,0.0,0.0
7,157435647,-,16,20230940,-,KICH,2772,TCGA-UW-A72H-01A,TCGA-UW-A72H-01A,1.0,0.0,0.0,0.0,0.0
8,121408276,+,15,66102268,+,KICH,2773,TCGA-UW-A72H-01A,TCGA-UW-A72H-01A,1.0,0.0,0.0,0.0,0.0
9,40540367,+,22,16074106,+,KICH,2774,TCGA-UW-A72H-01A,TCGA-UW-A72H-01A,1.0,0.0,0.0,0.0,0.0
9,40960364,+,20,28646955,-,KICH,2775,TCGA-UW-A72H-01A,TCGA-UW-A72H-01A,1.0,0.0,0.0,0.0,0.0
9,63888729,-,20,30349762,-,KICH,2776,TCGA-UW-A72H-01A,TCGA-UW-A72H-01A,1.0,0.0,0.0,0.0,0.0
23,55810338,-,23,55938834,-,KICH,2777,TCGA-UW-A72H-01A,TCGA-UW-A72H-01A,1.0,0.0,0.0,0.0,0.0
1,29418832,+,5,95738869,+,KICH,2778,TCGA-UW-A72I-01A,TCGA-UW-A72I-01A,1.0,0.0,0.0,0.0,0.0
1,122167091,-,1,122215372,+,KICH,2779,TCGA-UW-A72I-01A,TCGA-UW-A72I-01A,1.0,0.0,0.0,0.0,0.0
10,90683778,+,14,38041626,-,KICH,2780,TCGA-UW-A72I-01A,TCGA-UW-A72I-01A,1.0,0.0,0.0,0.0,0.0
11,50772540,+,20,29906515,+,KICH,2781,TCGA-UW-A72I-01A,TCGA-UW-A72I-01A,1.0,0.0,0.0,0.0,0.0
13,16726844,+,13,16923021,-,KICH,2782,TCGA-UW-A72I-01A,TCGA-UW-A72I-01A,1.0,0.0,0.0,0.0,0.0
18,15508743,+,18,15704800,-,KICH,2783,TCGA-UW-A72I-01A,TCGA-UW-A72I-01A,1.0,0.0,0.0,0.0,0.0
2,91861432,-,4,102889385,+,KICH,2784,TCGA-UW-A72I-01A,TCGA-UW-A72I-01A,1.0,0.0,0.0,0.0,0.0
2,94518980,-,9,40846003,-,KICH,2785,TCGA-UW-A72I-01A,TCGA-UW-A72I-01A,1.0,0.0,0.0,0.0,0.0
20,25909941,-,20,30205090,+,KICH,2786,TCGA-UW-A72I-01A,TCGA-UW-A72I-01A,1.0,0.0,0.0,0.0,0.0
3,90885259,-,3,91144427,+,KICH,2787,TCGA-UW-A72I-01A,TCGA-UW-A72I-01A,1.0,0.0,0.0,0.0,0.0
3,91037152,-,3,91257510,-,KICH,2788,TCGA-UW-A72I-01A,TCGA-UW-A72I-01A,1.0,0.0,0.0,0.0,0.0
5,61210474,+,21,15074043,+,KICH,2789,TCGA-UW-A72I-01A,TCGA-UW-A72I-01A,1.0,0.0,0.0,0.0,0.0
5,174080525,-,9,22609934,-,KICH,2790,TCGA-UW-A72I-01A,TCGA-UW-A72I-01A,1.0,0.0,0.0,0.0,0.0
6,166891762,+,7,92477270,+,KICH,2791,TCGA-UW-A72I-01A,TCGA-UW-A72I-01A,1.0,0.0,0.0,0.0,0.0
8,121970164,-,11,34877864,+,KICH,2792,TCGA-UW-A72I-01A,TCGA-UW-A72I-01A,1.0,0.0,0.0,0.0,0.0
9,71517613,-,22,31355950,+,KICH,2793,TCGA-UW-A72I-01A,TCGA-UW-A72I-01A,1.0,0.0,0.0,0.0,0.0
1,29755458,-,1,30362018,-,KICH,2794,TCGA-UW-A72J-01A,TCGA-UW-A72J-01A,1.0,0.0,0.0,0.0,0.0
1,55668568,+,3,10512517,+,KICH,2795,TCGA-UW-A72J-01A,TCGA-UW-A72J-01A,1.0,0.0,0.0,0.0,0.0
10,31270459,+,17,68489200,-,KICH,2796,TCGA-UW-A72J-01A,TCGA-UW-A72J-01A,1.0,0.0,0.0,0.0,0.0
13,16020049,-,20,28765364,-,KICH,2797,TCGA-UW-A72J-01A,TCGA-UW-A72J-01A,1.0,0.0,0.0,0.0,0.0
13,16020382,+,20,28765387,+,KICH,2798,TCGA-UW-A72J-01A,TCGA-UW-A72J-01A,1.0,0.0,0.0,0.0,0.0
16,2668581,-,19,21888548,+,KICH,2799,TCGA-UW-A72J-01A,TCGA-UW-A72J-01A,1.0,0.0,0.0,0.0,0.0
18,37729730,-,23,29562122,+,KICH,2800,TCGA-UW-A72J-01A,TCGA-UW-A72J-01A,1.0,0.0,0.0,0.0,0.0
19,42903351,+,19,43171384,-,KICH,2801,TCGA-UW-A72J-01A,TCGA-UW-A72J-01A,1.0,0.0,0.0,0.0,0.0
2,46080973,-,22,28708364,-,KICH,2802,TCGA-UW-A72J-01A,TCGA-UW-A72J-01A,1.0,0.0,0.0,0.0,0.0
2,94539501,-,21,12996348,+,KICH,2803,TCGA-UW-A72J-01A,TCGA-UW-A72J-01A,1.0,0.0,0.0,0.0,0.0
22,23344730,-,22,24675031,+,KICH,2804,TCGA-UW-A72J-01A,TCGA-UW-A72J-01A,1.0,0.0,0.0,0.0,0.0
3,32945566,+,3,57744866,+,KICH,2805,TCGA-UW-A72J-01A,TCGA-UW-A72J-01A,1.0,0.0,0.0,0.0,0.0
4,9011413,-,4,9539642,+,KICH,2806,TCGA-UW-A72J-01A,TCGA-UW-A72J-01A,1.0,0.0,0.0,0.0,0.0
4,50341018,-,4,50341652,+,KICH,2807,TCGA-UW-A72J-01A,TCGA-UW-A72J-01A,1.0,0.0,0.0,0.0,0.0
4,108268133,-,4,117667300,-,KICH,2808,TCGA-UW-A72J-01A,TCGA-UW-A72J-01A,1.0,0.0,0.0,0.0,0.0
5,69055499,+,11,3895735,+,KICH,2809,TCGA-UW-A72J-01A,TCGA-UW-A72J-01A,1.0,0.0,0.0,0.0,0.0
5,123583647,+,15,34346713,+,KICH,2810,TCGA-UW-A72J-01A,TCGA-UW-A72J-01A,1.0,0.0,0.0,0.0,0.0
7,85279899,+,14,45045544,+,KICH,2811,TCGA-UW-A72J-01A,TCGA-UW-A72J-01A,1.0,0.0,0.0,0.0,0.0
23,33363025,+,23,33366680,+,KICH,2812,TCGA-UW-A72J-01A,TCGA-UW-A72J-01A,1.0,0.0,0.0,0.0,0.0
1,7335168,+,15,79076308,-,KICH,2813,TCGA-UW-A72K-01A,TCGA-UW-A72K-01A,1.0,0.0,0.0,0.0,0.0
1,154447442,+,5,80277042,+,KICH,2814,TCGA-UW-A72K-01A,TCGA-UW-A72K-01A,1.0,0.0,0.0,0.0,0.0
11,54358795,-,11,54407103,+,KICH,2815,TCGA-UW-A72K-01A,TCGA-UW-A72K-01A,1.0,0.0,0.0,0.0,0.0
12,36277574,-,12,36841253,+,KICH,2816,TCGA-UW-A72K-01A,TCGA-UW-A72K-01A,1.0,0.0,0.0,0.0,0.0
12,65025757,+,12,100998380,-,KICH,2817,TCGA-UW-A72K-01A,TCGA-UW-A72K-01A,1.0,0.0,0.0,0.0,0.0
13,16918460,+,13,17287410,-,KICH,2818,TCGA-UW-A72K-01A,TCGA-UW-A72K-01A,1.0,0.0,0.0,0.0,0.0
15,72687134,+,18,21428710,-,KICH,2819,TCGA-UW-A72K-01A,TCGA-UW-A72K-01A,1.0,0.0,0.0,0.0,0.0
2,141865304,-,4,1308045,+,KICH,2820,TCGA-UW-A72K-01A,TCGA-UW-A72K-01A,1.0,0.0,0.0,0.0,0.0
20,26271297,-,20,30174159,-,KICH,2821,TCGA-UW-A72K-01A,TCGA-UW-A72K-01A,1.0,0.0,0.0,0.0,0.0
20,28619480,+,22,12279067,-,KICH,2822,TCGA-UW-A72K-01A,TCGA-UW-A72K-01A,1.0,0.0,0.0,0.0,0.0
3,90793588,+,3,91003406,-,KICH,2823,TCGA-UW-A72K-01A,TCGA-UW-A72K-01A,1.0,0.0,0.0,0.0,0.0
3,90876718,-,3,90951586,+,KICH,2824,TCGA-UW-A72K-01A,TCGA-UW-A72K-01A,1.0,0.0,0.0,0.0,0.0
3,135038600,-,23,118281787,+,KICH,2825,TCGA-UW-A72K-01A,TCGA-UW-A72K-01A,1.0,0.0,0.0,0.0,0.0
4,101410208,+,8,1609066,+,KICH,2826,TCGA-UW-A72K-01A,TCGA-UW-A72K-01A,1.0,0.0,0.0,0.0,0.0
5,24877239,+,7,38610380,+,KICH,2827,TCGA-UW-A72K-01A,TCGA-UW-A72K-01A,1.0,0.0,0.0,0.0,0.0
5,49668560,+,5,49677236,-,KICH,2828,TCGA-UW-A72K-01A,TCGA-UW-A72K-01A,1.0,0.0,0.0,0.0,0.0
5,49740558,+,5,49857198,-,KICH,2829,TCGA-UW-A72K-01A,TCGA-UW-A72K-01A,1.0,0.0,0.0,0.0,0.0
5,49823599,+,5,49918369,-,KICH,2830,TCGA-UW-A72K-01A,TCGA-UW-A72K-01A,1.0,0.0,0.0,0.0,0.0
6,9599110,+,6,9671502,+,KICH,2831,TCGA-UW-A72K-01A,TCGA-UW-A72K-01A,1.0,0.0,0.0,0.0,0.0
7,4497345,+,7,9621863,-,KICH,2832,TCGA-UW-A72K-01A,TCGA-UW-A72K-01A,1.0,0.0,0.0,0.0,0.0
7,57246165,-,20,47793981,-,KICH,2833,TCGA-UW-A72K-01A,TCGA-UW-A72K-01A,1.0,0.0,0.0,0.0,0.0
7,75790218,-,19,8981961,-,KICH,2834,TCGA-UW-A72K-01A,TCGA-UW-A72K-01A,1.0,0.0,0.0,0.0,0.0
8,9154021,-,19,47009810,-,KICH,2835,TCGA-UW-A72K-01A,TCGA-UW-A72K-01A,1.0,0.0,0.0,0.0,0.0
8,23604436,+,8,23878734,-,KICH,2836,TCGA-UW-A72K-01A,TCGA-UW-A72K-01A,1.0,0.0,0.0,0.0,0.0
9,40552021,-,21,12982107,-,KICH,2837,TCGA-UW-A72K-01A,TCGA-UW-A72K-01A,1.0,0.0,0.0,0.0,0.0
9,124825833,-,13,93510972,+,KICH,2838,TCGA-UW-A72K-01A,TCGA-UW-A72K-01A,1.0,0.0,0.0,0.0,0.0
1,122126945,+,1,122197699,-,KICH,2839,TCGA-UW-A72L-01A,TCGA-UW-A72L-01A,1.0,0.0,0.0,0.0,0.0
11,84419509,-,11,84421382,-,KICH,2840,TCGA-UW-A72L-01A,TCGA-UW-A72L-01A,1.0,0.0,0.0,0.0,0.0
11,84419516,+,11,84420250,+,KICH,2841,TCGA-UW-A72L-01A,TCGA-UW-A72L-01A,1.0,0.0,0.0,0.0,0.0
11,84419577,-,11,84421569,+,KICH,2842,TCGA-UW-A72L-01A,TCGA-UW-A72L-01A,1.0,0.0,0.0,0.0,0.0
11,84419600,+,11,84421721,-,KICH,2843,TCGA-UW-A72L-01A,TCGA-UW-A72L-01A,1.0,0.0,0.0,0.0,0.0
11,84420286,+,11,84421722,-,KICH,2844,TCGA-UW-A72L-01A,TCGA-UW-A72L-01A,1.0,0.0,0.0,0.0,0.0
12,35524098,-,12,37172512,+,KICH,2845,TCGA-UW-A72L-01A,TCGA-UW-A72L-01A,1.0,0.0,0.0,0.0,0.0
2,95421038,+,2,95655709,+,KICH,2846,TCGA-UW-A72L-01A,TCGA-UW-A72L-01A,1.0,0.0,0.0,0.0,0.0
2,95838442,+,2,97494268,-,KICH,2847,TCGA-UW-A72L-01A,TCGA-UW-A72L-01A,1.0,0.0,0.0,0.0,0.0
3,12823286,+,10,103128023,+,KICH,2848,TCGA-UW-A72L-01A,TCGA-UW-A72L-01A,1.0,0.0,0.0,0.0,0.0
3,91299589,-,6,60627408,-,KICH,2849,TCGA-UW-A72L-01A,TCGA-UW-A72L-01A,1.0,0.0,0.0,0.0,0.0
4,40033141,-,5,104867961,+,KICH,2850,TCGA-UW-A72L-01A,TCGA-UW-A72L-01A,1.0,0.0,0.0,0.0,0.0
5,47107293,+,5,47130723,-,KICH,2851,TCGA-UW-A72L-01A,TCGA-UW-A72L-01A,1.0,0.0,0.0,0.0,0.0
6,31271102,-,6,31356275,+,KICH,2852,TCGA-UW-A72L-01A,TCGA-UW-A72L-01A,1.0,0.0,0.0,0.0,0.0
8,23580826,-,12,45899900,+,KICH,2853,TCGA-UW-A72L-01A,TCGA-UW-A72L-01A,1.0,0.0,0.0,0.0,0.0
1,246945258,-,14,100260940,+,KICH,2854,TCGA-UW-A72M-01A,TCGA-UW-A72M-01A,1.0,0.0,0.0,0.0,0.0
10,38648129,-,12,37460128,-,KICH,2855,TCGA-UW-A72M-01A,TCGA-UW-A72M-01A,1.0,0.0,0.0,0.0,0.0
10,52133771,+,10,52201420,-,KICH,2856,TCGA-UW-A72M-01A,TCGA-UW-A72M-01A,1.0,0.0,0.0,0.0,0.0
11,68122870,+,20,3261772,+,KICH,2857,TCGA-UW-A72M-01A,TCGA-UW-A72M-01A,1.0,0.0,0.0,0.0,0.0
12,7813969,+,12,7921206,-,KICH,2858,TCGA-UW-A72M-01A,TCGA-UW-A72M-01A,1.0,0.0,0.0,0.0,0.0
12,36337075,-,12,36612779,+,KICH,2859,TCGA-UW-A72M-01A,TCGA-UW-A72M-01A,1.0,0.0,0.0,0.0,0.0
12,63548968,-,12,63744016,+,KICH,2860,TCGA-UW-A72M-01A,TCGA-UW-A72M-01A,1.0,0.0,0.0,0.0,0.0
18,20582214,+,18,20640711,+,KICH,2861,TCGA-UW-A72M-01A,TCGA-UW-A72M-01A,1.0,0.0,0.0,0.0,0.0
20,30000960,+,20,30014567,-,KICH,2862,TCGA-UW-A72M-01A,TCGA-UW-A72M-01A,1.0,0.0,0.0,0.0,0.0
5,18643207,+,5,18645485,+,KICH,2863,TCGA-UW-A72M-01A,TCGA-UW-A72M-01A,1.0,0.0,0.0,0.0,0.0
1,103272220,+,1,120002333,-,KICH,2864,TCGA-UW-A72N-01A,TCGA-UW-A72N-01A,1.0,0.0,0.0,0.0,0.0
10,45771708,-,10,50112244,+,KICH,2865,TCGA-UW-A72N-01A,TCGA-UW-A72N-01A,1.0,0.0,0.0,0.0,0.0
11,47642189,-,14,68794769,-,KICH,2866,TCGA-UW-A72N-01A,TCGA-UW-A72N-01A,1.0,0.0,0.0,0.0,0.0
16,34174130,-,20,29727678,-,KICH,2867,TCGA-UW-A72N-01A,TCGA-UW-A72N-01A,1.0,0.0,0.0,0.0,0.0
2,91889027,-,24,11346587,+,KICH,2868,TCGA-UW-A72N-01A,TCGA-UW-A72N-01A,1.0,0.0,0.0,0.0,0.0
2,92316533,+,2,92733552,-,KICH,2869,TCGA-UW-A72N-01A,TCGA-UW-A72N-01A,1.0,0.0,0.0,0.0,0.0
2,95950207,-,2,97153010,-,KICH,2870,TCGA-UW-A72N-01A,TCGA-UW-A72N-01A,1.0,0.0,0.0,0.0,0.0
2,132248756,-,20,29292732,+,KICH,2871,TCGA-UW-A72N-01A,TCGA-UW-A72N-01A,1.0,0.0,0.0,0.0,0.0
2,162314486,+,17,41450116,+,KICH,2872,TCGA-UW-A72N-01A,TCGA-UW-A72N-01A,1.0,0.0,0.0,0.0,0.0
20,23401148,-,22,32682069,+,KICH,2873,TCGA-UW-A72N-01A,TCGA-UW-A72N-01A,1.0,0.0,0.0,0.0,0.0
22,15934193,+,22,15940384,+,KICH,2874,TCGA-UW-A72N-01A,TCGA-UW-A72N-01A,1.0,0.0,0.0,0.0,0.0
3,90774406,+,3,91189736,-,KICH,2875,TCGA-UW-A72N-01A,TCGA-UW-A72N-01A,1.0,0.0,0.0,0.0,0.0
4,50004898,+,4,51644762,-,KICH,2876,TCGA-UW-A72N-01A,TCGA-UW-A72N-01A,1.0,0.0,0.0,0.0,0.0
4,65088378,+,17,63740108,+,KICH,2877,TCGA-UW-A72N-01A,TCGA-UW-A72N-01A,1.0,0.0,0.0,0.0,0.0
5,49684566,+,5,49690319,-,KICH,2878,TCGA-UW-A72N-01A,TCGA-UW-A72N-01A,1.0,0.0,0.0,0.0,0.0
5,55897015,-,16,69913041,+,KICH,2879,TCGA-UW-A72N-01A,TCGA-UW-A72N-01A,1.0,0.0,0.0,0.0,0.0
7,31836598,+,16,19431319,+,KICH,2880,TCGA-UW-A72N-01A,TCGA-UW-A72N-01A,1.0,0.0,0.0,0.0,0.0
7,75790174,-,19,8981938,-,KICH,2881,TCGA-UW-A72N-01A,TCGA-UW-A72N-01A,1.0,0.0,0.0,0.0,0.0
9,63764096,-,15,17752008,-,KICH,2882,TCGA-UW-A72N-01A,TCGA-UW-A72N-01A,1.0,0.0,0.0,0.0,0.0
10,13679430,-,14,51191831,+,KICH,2883,TCGA-UW-A72O-01A,TCGA-UW-A72O-01A,1.0,0.0,0.0,0.0,0.0
11,51596303,-,11,52584397,+,KICH,2884,TCGA-UW-A72O-01A,TCGA-UW-A72O-01A,1.0,0.0,0.0,0.0,0.0
12,34778497,-,12,34812590,+,KICH,2885,TCGA-UW-A72O-01A,TCGA-UW-A72O-01A,1.0,0.0,0.0,0.0,0.0
13,66549050,+,13,66585692,-,KICH,2886,TCGA-UW-A72O-01A,TCGA-UW-A72O-01A,1.0,0.0,0.0,0.0,0.0
14,72870991,-,18,61304436,-,KICH,2887,TCGA-UW-A72O-01A,TCGA-UW-A72O-01A,1.0,0.0,0.0,0.0,0.0
2,95971377,-,2,97133841,-,KICH,2888,TCGA-UW-A72O-01A,TCGA-UW-A72O-01A,1.0,0.0,0.0,0.0,0.0
2,147777517,+,7,88110810,+,KICH,2889,TCGA-UW-A72O-01A,TCGA-UW-A72O-01A,1.0,0.0,0.0,0.0,0.0
20,29283591,-,24,10207787,-,KICH,2890,TCGA-UW-A72O-01A,TCGA-UW-A72O-01A,1.0,0.0,0.0,0.0,0.0
20,43095832,+,20,46111816,+,KICH,2891,TCGA-UW-A72O-01A,TCGA-UW-A72O-01A,1.0,0.0,0.0,0.0,0.0
22,35948042,-,22,35954053,+,KICH,2892,TCGA-UW-A72O-01A,TCGA-UW-A72O-01A,1.0,0.0,0.0,0.0,0.0
22,35948217,-,22,35953673,+,KICH,2893,TCGA-UW-A72O-01A,TCGA-UW-A72O-01A,1.0,0.0,0.0,0.0,0.0
22,35953337,-,22,35954560,+,KICH,2894,TCGA-UW-A72O-01A,TCGA-UW-A72O-01A,1.0,0.0,0.0,0.0,0.0
5,32002983,+,19,18442155,-,KICH,2895,TCGA-UW-A72O-01A,TCGA-UW-A72O-01A,1.0,0.0,0.0,0.0,0.0
5,46639835,+,5,46697305,-,KICH,2896,TCGA-UW-A72O-01A,TCGA-UW-A72O-01A,1.0,0.0,0.0,0.0,0.0
7,109093505,-,23,139504409,+,KICH,2897,TCGA-UW-A72O-01A,TCGA-UW-A72O-01A,1.0,0.0,0.0,0.0,0.0
7,157340999,-,19,10404160,-,KICH,2898,TCGA-UW-A72O-01A,TCGA-UW-A72O-01A,1.0,0.0,0.0,0.0,0.0
9,41627815,+,20,41842325,+,KICH,2899,TCGA-UW-A72O-01A,TCGA-UW-A72O-01A,1.0,0.0,0.0,0.0,0.0
1,77433665,+,8,133313046,+,KICH,2900,TCGA-UW-A72P-01A,TCGA-UW-A72P-01A,1.0,0.0,0.0,0.0,0.0
11,54408354,+,11,54422623,-,KICH,2901,TCGA-UW-A72P-01A,TCGA-UW-A72P-01A,1.0,0.0,0.0,0.0,0.0
12,34786500,+,12,34797168,-,KICH,2902,TCGA-UW-A72P-01A,TCGA-UW-A72P-01A,1.0,0.0,0.0,0.0,0.0
12,54110292,+,20,29564411,+,KICH,2903,TCGA-UW-A72P-01A,TCGA-UW-A72P-01A,1.0,0.0,0.0,0.0,0.0
16,36320653,+,16,36337565,+,KICH,2904,TCGA-UW-A72P-01A,TCGA-UW-A72P-01A,1.0,0.0,0.0,0.0,0.0
16,63760156,-,23,70775810,+,KICH,2905,TCGA-UW-A72P-01A,TCGA-UW-A72P-01A,1.0,0.0,0.0,0.0,0.0
18,520212,-,22,17721829,+,KICH,2906,TCGA-UW-A72P-01A,TCGA-UW-A72P-01A,1.0,0.0,0.0,0.0,0.0
19,49031134,+,19,49056093,+,KICH,2907,TCGA-UW-A72P-01A,TCGA-UW-A72P-01A,1.0,0.0,0.0,0.0,0.0
2,115974628,+,21,16942693,-,KICH,2908,TCGA-UW-A72P-01A,TCGA-UW-A72P-01A,1.0,0.0,0.0,0.0,0.0
20,29290755,-,24,10206450,-,KICH,2909,TCGA-UW-A72P-01A,TCGA-UW-A72P-01A,1.0,0.0,0.0,0.0,0.0
22,23344746,-,22,24675045,+,KICH,2910,TCGA-UW-A72P-01A,TCGA-UW-A72P-01A,1.0,0.0,0.0,0.0,0.0
3,62736158,-,3,62736286,+,KICH,2911,TCGA-UW-A72P-01A,TCGA-UW-A72P-01A,1.0,0.0,0.0,0.0,0.0
3,90850012,-,3,91172972,+,KICH,2912,TCGA-UW-A72P-01A,TCGA-UW-A72P-01A,1.0,0.0,0.0,0.0,0.0
5,47156847,+,5,47165266,-,KICH,2913,TCGA-UW-A72P-01A,TCGA-UW-A72P-01A,1.0,0.0,0.0,0.0,0.0
5,49707788,-,5,49832856,+,KICH,2914,TCGA-UW-A72P-01A,TCGA-UW-A72P-01A,1.0,0.0,0.0,0.0,0.0
5,49831788,-,5,49876060,+,KICH,2915,TCGA-UW-A72P-01A,TCGA-UW-A72P-01A,1.0,0.0,0.0,0.0,0.0
5,49861596,+,5,49894516,-,KICH,2916,TCGA-UW-A72P-01A,TCGA-UW-A72P-01A,1.0,0.0,0.0,0.0,0.0
5,165780904,-,23,1213087,-,KICH,2917,TCGA-UW-A72P-01A,TCGA-UW-A72P-01A,1.0,0.0,0.0,0.0,0.0
6,58021827,-,6,60773309,+,KICH,2918,TCGA-UW-A72P-01A,TCGA-UW-A72P-01A,1.0,0.0,0.0,0.0,0.0
9,118493185,+,11,113056023,+,KICH,2919,TCGA-UW-A72P-01A,TCGA-UW-A72P-01A,1.0,0.0,0.0,0.0,0.0
11,54358793,-,11,54407110,+,KICH,2920,TCGA-UW-A72Q-01A,TCGA-UW-A72Q-01A,1.0,0.0,0.0,0.0,0.0
13,65061499,-,13,65264569,+,KICH,2921,TCGA-UW-A72Q-01A,TCGA-UW-A72Q-01A,1.0,0.0,0.0,0.0,0.0
13,86137303,+,13,86642408,-,KICH,2922,TCGA-UW-A72Q-01A,TCGA-UW-A72Q-01A,1.0,0.0,0.0,0.0,0.0
13,89789913,+,13,89855379,-,KICH,2923,TCGA-UW-A72Q-01A,TCGA-UW-A72Q-01A,1.0,0.0,0.0,0.0,0.0
16,37725819,-,16,37915704,+,KICH,2924,TCGA-UW-A72Q-01A,TCGA-UW-A72Q-01A,1.0,0.0,0.0,0.0,0.0
17,22912238,-,17,22966947,+,KICH,2925,TCGA-UW-A72Q-01A,TCGA-UW-A72Q-01A,1.0,0.0,0.0,0.0,0.0
18,15485186,+,18,15550147,-,KICH,2926,TCGA-UW-A72Q-01A,TCGA-UW-A72Q-01A,1.0,0.0,0.0,0.0,0.0
18,15573745,-,18,15679370,+,KICH,2927,TCGA-UW-A72Q-01A,TCGA-UW-A72Q-01A,1.0,0.0,0.0,0.0,0.0
18,15692042,+,18,20640382,-,KICH,2928,TCGA-UW-A72Q-01A,TCGA-UW-A72Q-01A,1.0,0.0,0.0,0.0,0.0
19,54758991,-,19,54838056,+,KICH,2929,TCGA-UW-A72Q-01A,TCGA-UW-A72Q-01A,1.0,0.0,0.0,0.0,0.0
20,26449297,-,20,26563238,+,KICH,2930,TCGA-UW-A72Q-01A,TCGA-UW-A72Q-01A,1.0,0.0,0.0,0.0,0.0
20,28876191,-,24,10244452,+,KICH,2931,TCGA-UW-A72Q-01A,TCGA-UW-A72Q-01A,1.0,0.0,0.0,0.0,0.0
20,29564270,+,20,30320193,+,KICH,2932,TCGA-UW-A72Q-01A,TCGA-UW-A72Q-01A,1.0,0.0,0.0,0.0,0.0
3,48941117,-,12,112345875,+,KICH,2933,TCGA-UW-A72Q-01A,TCGA-UW-A72Q-01A,1.0,0.0,0.0,0.0,0.0
3,49404061,-,10,17548234,-,KICH,2934,TCGA-UW-A72Q-01A,TCGA-UW-A72Q-01A,1.0,0.0,0.0,0.0,0.0
3,90976475,-,3,91085223,+,KICH,2935,TCGA-UW-A72Q-01A,TCGA-UW-A72Q-01A,1.0,0.0,0.0,0.0,0.0
3,91042671,-,3,91223789,+,KICH,2936,TCGA-UW-A72Q-01A,TCGA-UW-A72Q-01A,1.0,0.0,0.0,0.0,0.0
5,49693185,-,5,49958363,+,KICH,2937,TCGA-UW-A72Q-01A,TCGA-UW-A72Q-01A,1.0,0.0,0.0,0.0,0.0
5,81686912,+,8,31813520,+,KICH,2938,TCGA-UW-A72Q-01A,TCGA-UW-A72Q-01A,1.0,0.0,0.0,0.0,0.0
7,46066556,-,12,23704674,-,KICH,2939,TCGA-UW-A72Q-01A,TCGA-UW-A72Q-01A,1.0,0.0,0.0,0.0,0.0
8,99383380,-,8,99822298,-,KICH,2940,TCGA-UW-A72Q-01A,TCGA-UW-A72Q-01A,1.0,0.0,0.0,0.0,0.0
9,43650552,-,9,44369897,+,KICH,2941,TCGA-UW-A72Q-01A,TCGA-UW-A72Q-01A,1.0,0.0,0.0,0.0,0.0
1,36684948,+,4,55420107,+,KICH,2942,TCGA-UW-A72R-01A,TCGA-UW-A72R-01A,1.0,0.0,0.0,0.0,0.0
1,61466664,-,16,78144445,+,KICH,2943,TCGA-UW-A72R-01A,TCGA-UW-A72R-01A,1.0,0.0,0.0,0.0,0.0
1,122369137,+,1,122415741,-,KICH,2944,TCGA-UW-A72R-01A,TCGA-UW-A72R-01A,1.0,0.0,0.0,0.0,0.0
1,124795653,+,1,124803362,-,KICH,2945,TCGA-UW-A72R-01A,TCGA-UW-A72R-01A,1.0,0.0,0.0,0.0,0.0
1,242529843,+,3,187790013,+,KICH,2946,TCGA-UW-A72R-01A,TCGA-UW-A72R-01A,1.0,0.0,0.0,0.0,0.0
1,248336993,+,3,176066135,+,KICH,2947,TCGA-UW-A72R-01A,TCGA-UW-A72R-01A,1.0,0.0,0.0,0.0,0.0
11,50067128,+,12,357827,-,KICH,2948,TCGA-UW-A72R-01A,TCGA-UW-A72R-01A,1.0,0.0,0.0,0.0,0.0
11,54394333,-,11,54400379,+,KICH,2949,TCGA-UW-A72R-01A,TCGA-UW-A72R-01A,1.0,0.0,0.0,0.0,0.0
13,16964002,+,13,17386153,-,KICH,2950,TCGA-UW-A72R-01A,TCGA-UW-A72R-01A,1.0,0.0,0.0,0.0,0.0
16,2668475,-,19,21888523,+,KICH,2951,TCGA-UW-A72R-01A,TCGA-UW-A72R-01A,1.0,0.0,0.0,0.0,0.0
16,88669711,+,20,58333277,-,KICH,2952,TCGA-UW-A72R-01A,TCGA-UW-A72R-01A,1.0,0.0,0.0,0.0,0.0
18,113691,+,18,20958910,+,KICH,2953,TCGA-UW-A72R-01A,TCGA-UW-A72R-01A,1.0,0.0,0.0,0.0,0.0
19,56671215,-,19,56671361,+,KICH,2954,TCGA-UW-A72R-01A,TCGA-UW-A72R-01A,1.0,0.0,0.0,0.0,0.0
2,54465640,-,7,92778947,+,KICH,2955,TCGA-UW-A72R-01A,TCGA-UW-A72R-01A,1.0,0.0,0.0,0.0,0.0
2,207472124,-,16,65440774,+,KICH,2956,TCGA-UW-A72R-01A,TCGA-UW-A72R-01A,1.0,0.0,0.0,0.0,0.0
20,29974109,-,20,29984905,+,KICH,2957,TCGA-UW-A72R-01A,TCGA-UW-A72R-01A,1.0,0.0,0.0,0.0,0.0
3,90968639,-,3,91079136,+,KICH,2958,TCGA-UW-A72R-01A,TCGA-UW-A72R-01A,1.0,0.0,0.0,0.0,0.0
4,135231131,+,7,51770977,-,KICH,2959,TCGA-UW-A72R-01A,TCGA-UW-A72R-01A,1.0,0.0,0.0,0.0,0.0
4,179485070,-,13,80107739,+,KICH,2960,TCGA-UW-A72R-01A,TCGA-UW-A72R-01A,1.0,0.0,0.0,0.0,0.0
4,179485078,+,13,80107668,-,KICH,2961,TCGA-UW-A72R-01A,TCGA-UW-A72R-01A,1.0,0.0,0.0,0.0,0.0
5,165780904,-,23,1213088,-,KICH,2962,TCGA-UW-A72R-01A,TCGA-UW-A72R-01A,1.0,0.0,0.0,0.0,0.0
9,42936578,+,9,42939500,-,KICH,2963,TCGA-UW-A72R-01A,TCGA-UW-A72R-01A,1.0,0.0,0.0,0.0,0.0
9,45021788,-,9,45152389,+,KICH,2964,TCGA-UW-A72R-01A,TCGA-UW-A72R-01A,1.0,0.0,0.0,0.0,0.0
9,138155856,+,18,68077,+,KICH,2965,TCGA-UW-A72R-01A,TCGA-UW-A72R-01A,1.0,0.0,0.0,0.0,0.0
23,150214479,+,23,150342602,+,KICH,2966,TCGA-UW-A72R-01A,TCGA-UW-A72R-01A,1.0,0.0,0.0,0.0,0.0
12,34775576,-,12,34804483,+,KICH,2967,TCGA-UW-A72S-01A,TCGA-UW-A72S-01A,1.0,0.0,0.0,0.0,0.0
12,34786501,+,12,34797158,-,KICH,2968,TCGA-UW-A72S-01A,TCGA-UW-A72S-01A,1.0,0.0,0.0,0.0,0.0
12,37845394,-,19,24319479,-,KICH,2969,TCGA-UW-A72S-01A,TCGA-UW-A72S-01A,1.0,0.0,0.0,0.0,0.0
12,58966118,+,23,122413087,-,KICH,2970,TCGA-UW-A72S-01A,TCGA-UW-A72S-01A,1.0,0.0,0.0,0.0,0.0
18,15470418,-,18,15686755,+,KICH,2971,TCGA-UW-A72S-01A,TCGA-UW-A72S-01A,1.0,0.0,0.0,0.0,0.0
18,20799418,-,18,20801273,+,KICH,2972,TCGA-UW-A72S-01A,TCGA-UW-A72S-01A,1.0,0.0,0.0,0.0,0.0
19,52546193,+,19,52776081,+,KICH,2973,TCGA-UW-A72S-01A,TCGA-UW-A72S-01A,1.0,0.0,0.0,0.0,0.0
2,29200850,-,4,111574896,+,KICH,2974,TCGA-UW-A72S-01A,TCGA-UW-A72S-01A,1.0,0.0,0.0,0.0,0.0
2,35665283,+,8,85878474,+,KICH,2975,TCGA-UW-A72S-01A,TCGA-UW-A72S-01A,1.0,0.0,0.0,0.0,0.0
2,206935827,+,5,180635871,+,KICH,2976,TCGA-UW-A72S-01A,TCGA-UW-A72S-01A,1.0,0.0,0.0,0.0,0.0
20,15022756,+,20,15926228,-,KICH,2977,TCGA-UW-A72S-01A,TCGA-UW-A72S-01A,1.0,0.0,0.0,0.0,0.0
20,26621588,-,20,28416210,+,KICH,2978,TCGA-UW-A72S-01A,TCGA-UW-A72S-01A,1.0,0.0,0.0,0.0,0.0
22,16448496,+,24,11360055,-,KICH,2979,TCGA-UW-A72S-01A,TCGA-UW-A72S-01A,1.0,0.0,0.0,0.0,0.0
3,10365973,+,18,58512746,-,KICH,2980,TCGA-UW-A72S-01A,TCGA-UW-A72S-01A,1.0,0.0,0.0,0.0,0.0
3,90820555,+,3,90865569,-,KICH,2981,TCGA-UW-A72S-01A,TCGA-UW-A72S-01A,1.0,0.0,0.0,0.0,0.0
3,92632530,-,3,93228774,+,KICH,2982,TCGA-UW-A72S-01A,TCGA-UW-A72S-01A,1.0,0.0,0.0,0.0,0.0
3,114697216,-,9,517027,+,KICH,2983,TCGA-UW-A72S-01A,TCGA-UW-A72S-01A,1.0,0.0,0.0,0.0,0.0
3,157972213,-,5,18435519,+,KICH,2984,TCGA-UW-A72S-01A,TCGA-UW-A72S-01A,1.0,0.0,0.0,0.0,0.0
4,7840266,-,7,91947196,+,KICH,2985,TCGA-UW-A72S-01A,TCGA-UW-A72S-01A,1.0,0.0,0.0,0.0,0.0
5,49677402,-,5,49711001,+,KICH,2986,TCGA-UW-A72S-01A,TCGA-UW-A72S-01A,1.0,0.0,0.0,0.0,0.0
6,3635022,-,9,21981154,+,KICH,2987,TCGA-UW-A72S-01A,TCGA-UW-A72S-01A,1.0,0.0,0.0,0.0,0.0
6,7449310,-,17,47131899,+,KICH,2988,TCGA-UW-A72S-01A,TCGA-UW-A72S-01A,1.0,0.0,0.0,0.0,0.0
7,3354229,-,7,3418265,+,KICH,2989,TCGA-UW-A72S-01A,TCGA-UW-A72S-01A,1.0,0.0,0.0,0.0,0.0
7,66366579,+,8,69510986,+,KICH,2990,TCGA-UW-A72S-01A,TCGA-UW-A72S-01A,1.0,0.0,0.0,0.0,0.0
7,156293489,-,19,21261935,-,KICH,2991,TCGA-UW-A72S-01A,TCGA-UW-A72S-01A,1.0,0.0,0.0,0.0,0.0
23,62467322,-,23,62473441,+,KICH,2992,TCGA-UW-A72S-01A,TCGA-UW-A72S-01A,1.0,0.0,0.0,0.0,0.0
1,28663567,+,8,45197062,+,KICH,2993,TCGA-UW-A72T-01A,TCGA-UW-A72T-01A,1.0,0.0,0.0,0.0,0.0
1,79641897,-,6,16888424,-,KICH,2994,TCGA-UW-A72T-01A,TCGA-UW-A72T-01A,1.0,0.0,0.0,0.0,0.0
1,121431987,+,5,50523977,+,KICH,2995,TCGA-UW-A72T-01A,TCGA-UW-A72T-01A,1.0,0.0,0.0,0.0,0.0
1,216050577,-,6,89898223,+,KICH,2996,TCGA-UW-A72T-01A,TCGA-UW-A72T-01A,1.0,0.0,0.0,0.0,0.0
10,55650750,+,18,28162603,-,KICH,2997,TCGA-UW-A72T-01A,TCGA-UW-A72T-01A,1.0,0.0,0.0,0.0,0.0
10,55650789,-,18,28162761,+,KICH,2998,TCGA-UW-A72T-01A,TCGA-UW-A72T-01A,1.0,0.0,0.0,0.0,0.0
11,54358175,+,11,54400116,-,KICH,2999,TCGA-UW-A72T-01A,TCGA-UW-A72T-01A,1.0,0.0,0.0,0.0,0.0
11,125219407,+,11,125221845,-,KICH,3000,TCGA-UW-A72T-01A,TCGA-UW-A72T-01A,1.0,0.0,0.0,0.0,0.0
12,34775031,-,12,34780153,+,KICH,3001,TCGA-UW-A72T-01A,TCGA-UW-A72T-01A,1.0,0.0,0.0,0.0,0.0
15,78068421,+,15,80705367,+,KICH,3002,TCGA-UW-A72T-01A,TCGA-UW-A72T-01A,1.0,0.0,0.0,0.0,0.0
15,81417677,+,15,81448587,-,KICH,3003,TCGA-UW-A72T-01A,TCGA-UW-A72T-01A,1.0,0.0,0.0,0.0,0.0
17,22927569,-,17,23064414,+,KICH,3004,TCGA-UW-A72T-01A,TCGA-UW-A72T-01A,1.0,0.0,0.0,0.0,0.0
19,14089925,-,22,20450136,+,KICH,3005,TCGA-UW-A72T-01A,TCGA-UW-A72T-01A,1.0,0.0,0.0,0.0,0.0
20,15208018,+,20,15877587,-,KICH,3006,TCGA-UW-A72T-01A,TCGA-UW-A72T-01A,1.0,0.0,0.0,0.0,0.0
20,25900143,+,20,30195578,-,KICH,3007,TCGA-UW-A72T-01A,TCGA-UW-A72T-01A,1.0,0.0,0.0,0.0,0.0
20,29577563,+,20,30306672,+,KICH,3008,TCGA-UW-A72T-01A,TCGA-UW-A72T-01A,1.0,0.0,0.0,0.0,0.0
3,75389838,-,3,130053988,+,KICH,3009,TCGA-UW-A72T-01A,TCGA-UW-A72T-01A,1.0,0.0,0.0,0.0,0.0
3,75693612,-,20,29387178,-,KICH,3010,TCGA-UW-A72T-01A,TCGA-UW-A72T-01A,1.0,0.0,0.0,0.0,0.0
3,157380491,+,3,157387677,+,KICH,3011,TCGA-UW-A72T-01A,TCGA-UW-A72T-01A,1.0,0.0,0.0,0.0,0.0
3,157382377,-,3,157388942,-,KICH,3012,TCGA-UW-A72T-01A,TCGA-UW-A72T-01A,1.0,0.0,0.0,0.0,0.0
4,101249523,+,7,142324869,+,KICH,3013,TCGA-UW-A72T-01A,TCGA-UW-A72T-01A,1.0,0.0,0.0,0.0,0.0
4,139043373,+,13,94931181,-,KICH,3014,TCGA-UW-A72T-01A,TCGA-UW-A72T-01A,1.0,0.0,0.0,0.0,0.0
4,139043379,-,13,94931176,+,KICH,3015,TCGA-UW-A72T-01A,TCGA-UW-A72T-01A,1.0,0.0,0.0,0.0,0.0
5,10574844,+,21,37573355,-,KICH,3016,TCGA-UW-A72T-01A,TCGA-UW-A72T-01A,1.0,0.0,0.0,0.0,0.0
5,20400610,-,5,20403034,+,KICH,3017,TCGA-UW-A72T-01A,TCGA-UW-A72T-01A,1.0,0.0,0.0,0.0,0.0
5,46716688,-,5,46723681,+,KICH,3018,TCGA-UW-A72T-01A,TCGA-UW-A72T-01A,1.0,0.0,0.0,0.0,0.0
5,61420614,-,5,62041583,+,KICH,3019,TCGA-UW-A72T-01A,TCGA-UW-A72T-01A,1.0,0.0,0.0,0.0,0.0
23,2352407,+,23,3081848,-,KICH,3020,TCGA-UW-A72T-01A,TCGA-UW-A72T-01A,1.0,0.0,0.0,0.0,0.0
