seqnames,start,strand,altchr,altpos,altstrand,dcc_project_code,sv_id,sid,donor_unique_id,weights,topo,topo_n,mech,homseq
1,124793187,-,1,124840525,+,KIRC,0,TCGA-3Z-A93Z-01A,TCGA-3Z-A93Z-01A,1.0,0.0,0.0,0.0,0.0
1,164190856,-,8,109290054,-,KIRC,1,TCGA-3Z-A93Z-01A,TCGA-3Z-A93Z-01A,1.0,0.0,0.0,0.0,0.0
11,123318240,+,20,4118858,+,KIRC,2,TCGA-3Z-A93Z-01A,TCGA-3Z-A93Z-01A,1.0,0.0,0.0,0.0,0.0
12,390761,+,14,61278976,-,KIRC,3,TCGA-3Z-A93Z-01A,TCGA-3Z-A93Z-01A,1.0,0.0,0.0,0.0,0.0
12,95447267,+,20,21509783,-,KIRC,4,TCGA-3Z-A93Z-01A,TCGA-3Z-A93Z-01A,1.0,0.0,0.0,0.0,0.0
13,100777861,-,23,94647036,+,KIRC,5,TCGA-3Z-A93Z-01A,TCGA-3Z-A93Z-01A,1.0,0.0,0.0,0.0,0.0
14,71665388,+,20,21509952,+,KIRC,6,TCGA-3Z-A93Z-01A,TCGA-3Z-A93Z-01A,1.0,0.0,0.0,0.0,0.0
15,19858635,+,21,13010707,-,KIRC,7,TCGA-3Z-A93Z-01A,TCGA-3Z-A93Z-01A,1.0,0.0,0.0,0.0,0.0
18,15704987,+,18,15706714,-,KIRC,8,TCGA-3Z-A93Z-01A,TCGA-3Z-A93Z-01A,1.0,0.0,0.0,0.0,0.0
18,67721527,-,19,27862470,-,KIRC,9,TCGA-3Z-A93Z-01A,TCGA-3Z-A93Z-01A,1.0,0.0,0.0,0.0,0.0
2,92875213,+,2,93532742,-,KIRC,10,TCGA-3Z-A93Z-01A,TCGA-3Z-A93Z-01A,1.0,0.0,0.0,0.0,0.0
2,95846908,+,2,113393744,+,KIRC,11,TCGA-3Z-A93Z-01A,TCGA-3Z-A93Z-01A,1.0,0.0,0.0,0.0,0.0
2,194463337,+,2,194463979,-,KIRC,12,TCGA-3Z-A93Z-01A,TCGA-3Z-A93Z-01A,1.0,0.0,0.0,0.0,0.0
3,32994369,-,14,71665315,+,KIRC,13,TCGA-3Z-A93Z-01A,TCGA-3Z-A93Z-01A,1.0,0.0,0.0,0.0,0.0
3,32994469,+,20,21509860,+,KIRC,14,TCGA-3Z-A93Z-01A,TCGA-3Z-A93Z-01A,1.0,0.0,0.0,0.0,0.0
3,32994590,+,12,95447388,+,KIRC,15,TCGA-3Z-A93Z-01A,TCGA-3Z-A93Z-01A,1.0,0.0,0.0,0.0,0.0
3,90597571,-,3,90599986,+,KIRC,16,TCGA-3Z-A93Z-01A,TCGA-3Z-A93Z-01A,1.0,0.0,0.0,0.0,0.0
3,135664699,-,13,112912296,+,KIRC,17,TCGA-3Z-A93Z-01A,TCGA-3Z-A93Z-01A,1.0,0.0,0.0,0.0,0.0
4,17852691,+,4,17853573,-,KIRC,18,TCGA-3Z-A93Z-01A,TCGA-3Z-A93Z-01A,1.0,0.0,0.0,0.0,0.0
5,174715748,-,10,42562312,-,KIRC,19,TCGA-3Z-A93Z-01A,TCGA-3Z-A93Z-01A,1.0,0.0,0.0,0.0,0.0
6,2997994,-,6,3057015,-,KIRC,20,TCGA-3Z-A93Z-01A,TCGA-3Z-A93Z-01A,1.0,0.0,0.0,0.0,0.0
6,73839599,+,24,16914021,+,KIRC,21,TCGA-3Z-A93Z-01A,TCGA-3Z-A93Z-01A,1.0,0.0,0.0,0.0,0.0
6,162631083,-,6,162631240,+,KIRC,22,TCGA-3Z-A93Z-01A,TCGA-3Z-A93Z-01A,1.0,0.0,0.0,0.0,0.0
7,34210963,+,10,33408998,+,KIRC,23,TCGA-3Z-A93Z-01A,TCGA-3Z-A93Z-01A,1.0,0.0,0.0,0.0,0.0
7,145444158,+,10,72249657,-,KIRC,24,TCGA-3Z-A93Z-01A,TCGA-3Z-A93Z-01A,1.0,0.0,0.0,0.0,0.0
8,18001995,-,9,102311371,-,KIRC,25,TCGA-3Z-A93Z-01A,TCGA-3Z-A93Z-01A,1.0,0.0,0.0,0.0,0.0
8,144796275,-,19,387012,+,KIRC,26,TCGA-3Z-A93Z-01A,TCGA-3Z-A93Z-01A,1.0,0.0,0.0,0.0,0.0
9,71198085,+,9,71204081,+,KIRC,27,TCGA-3Z-A93Z-01A,TCGA-3Z-A93Z-01A,1.0,0.0,0.0,0.0,0.0
9,83217743,+,13,112912365,-,KIRC,28,TCGA-3Z-A93Z-01A,TCGA-3Z-A93Z-01A,1.0,0.0,0.0,0.0,0.0
1,7573986,-,6,155064694,-,KIRC,29,TCGA-6D-AA2E-01A,TCGA-6D-AA2E-01A,1.0,0.0,0.0,0.0,0.0
1,196761711,+,1,196846304,-,KIRC,30,TCGA-6D-AA2E-01A,TCGA-6D-AA2E-01A,1.0,0.0,0.0,0.0,0.0
12,62165972,+,22,45079691,-,KIRC,31,TCGA-6D-AA2E-01A,TCGA-6D-AA2E-01A,1.0,0.0,0.0,0.0,0.0
14,73551020,-,14,73583250,+,KIRC,32,TCGA-6D-AA2E-01A,TCGA-6D-AA2E-01A,1.0,0.0,0.0,0.0,0.0
16,2164140,-,17,67425222,-,KIRC,33,TCGA-6D-AA2E-01A,TCGA-6D-AA2E-01A,1.0,0.0,0.0,0.0,0.0
16,37729171,-,16,38121013,+,KIRC,34,TCGA-6D-AA2E-01A,TCGA-6D-AA2E-01A,1.0,0.0,0.0,0.0,0.0
2,227526407,-,10,32092754,+,KIRC,35,TCGA-6D-AA2E-01A,TCGA-6D-AA2E-01A,1.0,0.0,0.0,0.0,0.0
22,20579979,+,23,49036175,+,KIRC,36,TCGA-6D-AA2E-01A,TCGA-6D-AA2E-01A,1.0,0.0,0.0,0.0,0.0
22,20579984,-,23,49036177,-,KIRC,37,TCGA-6D-AA2E-01A,TCGA-6D-AA2E-01A,1.0,0.0,0.0,0.0,0.0
4,171953228,-,5,68574647,+,KIRC,38,TCGA-6D-AA2E-01A,TCGA-6D-AA2E-01A,1.0,0.0,0.0,0.0,0.0
6,99449949,-,6,99674015,-,KIRC,39,TCGA-6D-AA2E-01A,TCGA-6D-AA2E-01A,1.0,0.0,0.0,0.0,0.0
6,133867202,-,13,64750933,-,KIRC,40,TCGA-6D-AA2E-01A,TCGA-6D-AA2E-01A,1.0,0.0,0.0,0.0,0.0
6,150649857,-,18,441097,+,KIRC,41,TCGA-6D-AA2E-01A,TCGA-6D-AA2E-01A,1.0,0.0,0.0,0.0,0.0
7,5159857,-,7,5808729,-,KIRC,42,TCGA-6D-AA2E-01A,TCGA-6D-AA2E-01A,1.0,0.0,0.0,0.0,0.0
9,40545638,-,9,43175954,+,KIRC,43,TCGA-6D-AA2E-01A,TCGA-6D-AA2E-01A,1.0,0.0,0.0,0.0,0.0
1,164190758,-,8,109289956,-,KIRC,44,TCGA-A3-A6NI-01A,TCGA-A3-A6NI-01A,1.0,0.0,0.0,0.0,0.0
1,211728795,-,9,135967784,-,KIRC,45,TCGA-A3-A6NI-01A,TCGA-A3-A6NI-01A,1.0,0.0,0.0,0.0,0.0
10,116058042,+,11,35436691,+,KIRC,46,TCGA-A3-A6NI-01A,TCGA-A3-A6NI-01A,1.0,0.0,0.0,0.0,0.0
10,116058042,+,21,37879715,-,KIRC,47,TCGA-A3-A6NI-01A,TCGA-A3-A6NI-01A,1.0,0.0,0.0,0.0,0.0
13,16917986,-,13,17328315,+,KIRC,48,TCGA-A3-A6NI-01A,TCGA-A3-A6NI-01A,1.0,0.0,0.0,0.0,0.0
16,30752258,+,23,36616880,+,KIRC,49,TCGA-A3-A6NI-01A,TCGA-A3-A6NI-01A,1.0,0.0,0.0,0.0,0.0
17,29543717,+,17,29546826,-,KIRC,50,TCGA-A3-A6NI-01A,TCGA-A3-A6NI-01A,1.0,0.0,0.0,0.0,0.0
19,8901052,-,21,44468504,-,KIRC,51,TCGA-A3-A6NI-01A,TCGA-A3-A6NI-01A,1.0,0.0,0.0,0.0,0.0
22,16448511,+,24,11360054,-,KIRC,52,TCGA-A3-A6NI-01A,TCGA-A3-A6NI-01A,1.0,0.0,0.0,0.0,0.0
3,68874344,-,3,70563165,-,KIRC,53,TCGA-A3-A6NI-01A,TCGA-A3-A6NI-01A,1.0,0.0,0.0,0.0,0.0
3,69110557,+,5,97146962,+,KIRC,54,TCGA-A3-A6NI-01A,TCGA-A3-A6NI-01A,1.0,0.0,0.0,0.0,0.0
3,71327686,+,3,73270759,-,KIRC,55,TCGA-A3-A6NI-01A,TCGA-A3-A6NI-01A,1.0,0.0,0.0,0.0,0.0
3,114749551,-,6,148387637,-,KIRC,56,TCGA-A3-A6NI-01A,TCGA-A3-A6NI-01A,1.0,0.0,0.0,0.0,0.0
5,46434020,-,5,46504886,-,KIRC,57,TCGA-A3-A6NI-01A,TCGA-A3-A6NI-01A,1.0,0.0,0.0,0.0,0.0
5,97061551,-,5,104407342,-,KIRC,58,TCGA-A3-A6NI-01A,TCGA-A3-A6NI-01A,1.0,0.0,0.0,0.0,0.0
7,20972046,+,13,25023290,+,KIRC,59,TCGA-A3-A6NI-01A,TCGA-A3-A6NI-01A,1.0,0.0,0.0,0.0,0.0
7,91712354,+,12,114640482,+,KIRC,60,TCGA-A3-A6NI-01A,TCGA-A3-A6NI-01A,1.0,0.0,0.0,0.0,0.0
7,147981817,+,17,1160308,+,KIRC,61,TCGA-A3-A6NI-01A,TCGA-A3-A6NI-01A,1.0,0.0,0.0,0.0,0.0
9,92156659,-,19,3835884,+,KIRC,62,TCGA-A3-A6NI-01A,TCGA-A3-A6NI-01A,1.0,0.0,0.0,0.0,0.0
1,114258794,-,1,114482187,+,KIRC,63,TCGA-A3-A6NN-01A,TCGA-A3-A6NN-01A,1.0,0.0,0.0,0.0,0.0
1,122368756,-,1,122391087,+,KIRC,64,TCGA-A3-A6NN-01A,TCGA-A3-A6NN-01A,1.0,0.0,0.0,0.0,0.0
10,17227697,+,16,60608369,+,KIRC,65,TCGA-A3-A6NN-01A,TCGA-A3-A6NN-01A,1.0,0.0,0.0,0.0,0.0
10,17227713,-,10,17237661,-,KIRC,66,TCGA-A3-A6NN-01A,TCGA-A3-A6NN-01A,1.0,0.0,0.0,0.0,0.0
10,17229133,+,16,55329265,+,KIRC,67,TCGA-A3-A6NN-01A,TCGA-A3-A6NN-01A,1.0,0.0,0.0,0.0,0.0
10,29712466,-,16,60615822,+,KIRC,68,TCGA-A3-A6NN-01A,TCGA-A3-A6NN-01A,1.0,0.0,0.0,0.0,0.0
11,47642099,-,14,68794679,-,KIRC,69,TCGA-A3-A6NN-01A,TCGA-A3-A6NN-01A,1.0,0.0,0.0,0.0,0.0
13,97827201,+,13,97828886,-,KIRC,70,TCGA-A3-A6NN-01A,TCGA-A3-A6NN-01A,1.0,0.0,0.0,0.0,0.0
15,94694737,-,15,94706888,+,KIRC,71,TCGA-A3-A6NN-01A,TCGA-A3-A6NN-01A,1.0,0.0,0.0,0.0,0.0
16,59135388,-,16,60610091,-,KIRC,72,TCGA-A3-A6NN-01A,TCGA-A3-A6NN-01A,1.0,0.0,0.0,0.0,0.0
2,60507380,-,7,137221592,+,KIRC,73,TCGA-A3-A6NN-01A,TCGA-A3-A6NN-01A,1.0,0.0,0.0,0.0,0.0
20,5472841,+,20,5502568,+,KIRC,74,TCGA-A3-A6NN-01A,TCGA-A3-A6NN-01A,1.0,0.0,0.0,0.0,0.0
4,103680507,-,13,93510960,-,KIRC,75,TCGA-A3-A6NN-01A,TCGA-A3-A6NN-01A,1.0,0.0,0.0,0.0,0.0
5,11439461,-,5,11439990,+,KIRC,76,TCGA-A3-A6NN-01A,TCGA-A3-A6NN-01A,1.0,0.0,0.0,0.0,0.0
5,11440268,+,5,11695835,-,KIRC,77,TCGA-A3-A6NN-01A,TCGA-A3-A6NN-01A,1.0,0.0,0.0,0.0,0.0
7,483359,-,19,13595779,+,KIRC,78,TCGA-A3-A6NN-01A,TCGA-A3-A6NN-01A,1.0,0.0,0.0,0.0,0.0
7,51206640,+,15,57805606,-,KIRC,79,TCGA-A3-A6NN-01A,TCGA-A3-A6NN-01A,1.0,0.0,0.0,0.0,0.0
23,53210422,+,23,53211363,-,KIRC,80,TCGA-A3-A6NN-01A,TCGA-A3-A6NN-01A,1.0,0.0,0.0,0.0,0.0
23,124375201,+,23,151506799,-,KIRC,81,TCGA-A3-A6NN-01A,TCGA-A3-A6NN-01A,1.0,0.0,0.0,0.0,0.0
1,120159605,-,1,146324588,+,KIRC,82,TCGA-A3-A8CQ-01A,TCGA-A3-A8CQ-01A,1.0,0.0,0.0,0.0,0.0
1,208565630,-,2,199149687,-,KIRC,83,TCGA-A3-A8CQ-01A,TCGA-A3-A8CQ-01A,1.0,0.0,0.0,0.0,0.0
10,41558929,-,10,41572856,+,KIRC,84,TCGA-A3-A8CQ-01A,TCGA-A3-A8CQ-01A,1.0,0.0,0.0,0.0,0.0
12,54110139,+,20,29564312,+,KIRC,85,TCGA-A3-A8CQ-01A,TCGA-A3-A8CQ-01A,1.0,0.0,0.0,0.0,0.0
14,63732753,-,14,63735537,+,KIRC,86,TCGA-A3-A8CQ-01A,TCGA-A3-A8CQ-01A,1.0,0.0,0.0,0.0,0.0
18,15656393,-,18,15702615,+,KIRC,87,TCGA-A3-A8CQ-01A,TCGA-A3-A8CQ-01A,1.0,0.0,0.0,0.0,0.0
2,42711784,-,6,128135079,-,KIRC,88,TCGA-A3-A8CQ-01A,TCGA-A3-A8CQ-01A,1.0,0.0,0.0,0.0,0.0
2,146865508,-,4,123764378,-,KIRC,89,TCGA-A3-A8CQ-01A,TCGA-A3-A8CQ-01A,1.0,0.0,0.0,0.0,0.0
2,192991703,+,7,138737127,+,KIRC,90,TCGA-A3-A8CQ-01A,TCGA-A3-A8CQ-01A,1.0,0.0,0.0,0.0,0.0
20,29802591,-,24,10127291,-,KIRC,91,TCGA-A3-A8CQ-01A,TCGA-A3-A8CQ-01A,1.0,0.0,0.0,0.0,0.0
3,118645038,-,3,128163399,-,KIRC,92,TCGA-A3-A8CQ-01A,TCGA-A3-A8CQ-01A,1.0,0.0,0.0,0.0,0.0
3,120447766,+,3,120708012,-,KIRC,93,TCGA-A3-A8CQ-01A,TCGA-A3-A8CQ-01A,1.0,0.0,0.0,0.0,0.0
3,127964875,+,6,81280413,+,KIRC,94,TCGA-A3-A8CQ-01A,TCGA-A3-A8CQ-01A,1.0,0.0,0.0,0.0,0.0
6,160661151,-,22,22110049,+,KIRC,95,TCGA-A3-A8CQ-01A,TCGA-A3-A8CQ-01A,1.0,0.0,0.0,0.0,0.0
9,113279338,-,22,28785201,+,KIRC,96,TCGA-A3-A8CQ-01A,TCGA-A3-A8CQ-01A,1.0,0.0,0.0,0.0,0.0
1,55375865,+,2,173924083,-,KIRC,97,TCGA-A3-A8OU-01A,TCGA-A3-A8OU-01A,1.0,0.0,0.0,0.0,0.0
1,55376080,+,12,51815463,+,KIRC,98,TCGA-A3-A8OU-01A,TCGA-A3-A8OU-01A,1.0,0.0,0.0,0.0,0.0
1,152103853,-,23,89128062,-,KIRC,99,TCGA-A3-A8OU-01A,TCGA-A3-A8OU-01A,1.0,0.0,0.0,0.0,0.0
12,35524005,-,12,37172584,+,KIRC,100,TCGA-A3-A8OU-01A,TCGA-A3-A8OU-01A,1.0,0.0,0.0,0.0,0.0
13,48459979,-,14,96746501,-,KIRC,101,TCGA-A3-A8OU-01A,TCGA-A3-A8OU-01A,1.0,0.0,0.0,0.0,0.0
15,44050849,-,15,44083150,+,KIRC,102,TCGA-A3-A8OU-01A,TCGA-A3-A8OU-01A,1.0,0.0,0.0,0.0,0.0
19,54742735,-,19,54838043,+,KIRC,103,TCGA-A3-A8OU-01A,TCGA-A3-A8OU-01A,1.0,0.0,0.0,0.0,0.0
2,6253514,-,4,149368933,-,KIRC,104,TCGA-A3-A8OU-01A,TCGA-A3-A8OU-01A,1.0,0.0,0.0,0.0,0.0
2,173924349,+,12,51815253,+,KIRC,105,TCGA-A3-A8OU-01A,TCGA-A3-A8OU-01A,1.0,0.0,0.0,0.0,0.0
5,88736204,-,8,11367807,+,KIRC,106,TCGA-A3-A8OU-01A,TCGA-A3-A8OU-01A,1.0,0.0,0.0,0.0,0.0
8,34578788,-,8,84087802,-,KIRC,107,TCGA-A3-A8OU-01A,TCGA-A3-A8OU-01A,1.0,0.0,0.0,0.0,0.0
8,133333638,-,8,133390746,+,KIRC,108,TCGA-A3-A8OU-01A,TCGA-A3-A8OU-01A,1.0,0.0,0.0,0.0,0.0
1,97562443,-,1,97612213,+,KIRC,109,TCGA-A3-A8OV-01A,TCGA-A3-A8OV-01A,1.0,0.0,0.0,0.0,0.0
1,211303890,+,3,137849572,-,KIRC,110,TCGA-A3-A8OV-01A,TCGA-A3-A8OV-01A,1.0,0.0,0.0,0.0,0.0
11,123505620,-,11,123505743,+,KIRC,111,TCGA-A3-A8OV-01A,TCGA-A3-A8OV-01A,1.0,0.0,0.0,0.0,0.0
17,22822525,-,17,23180769,+,KIRC,112,TCGA-A3-A8OV-01A,TCGA-A3-A8OV-01A,1.0,0.0,0.0,0.0,0.0
17,26643843,-,17,26645550,+,KIRC,113,TCGA-A3-A8OV-01A,TCGA-A3-A8OV-01A,1.0,0.0,0.0,0.0,0.0
18,15582154,-,18,15760621,+,KIRC,114,TCGA-A3-A8OV-01A,TCGA-A3-A8OV-01A,1.0,0.0,0.0,0.0,0.0
18,21671389,-,18,21671529,+,KIRC,115,TCGA-A3-A8OV-01A,TCGA-A3-A8OV-01A,1.0,0.0,0.0,0.0,0.0
19,14089923,-,22,20450199,+,KIRC,116,TCGA-A3-A8OV-01A,TCGA-A3-A8OV-01A,1.0,0.0,0.0,0.0,0.0
6,163339498,+,22,28669889,-,KIRC,117,TCGA-A3-A8OV-01A,TCGA-A3-A8OV-01A,1.0,0.0,0.0,0.0,0.0
8,87428354,-,18,43735248,+,KIRC,118,TCGA-A3-A8OV-01A,TCGA-A3-A8OV-01A,1.0,0.0,0.0,0.0,0.0
1,159096817,-,15,33787692,+,KIRC,119,TCGA-A3-A8OW-01A,TCGA-A3-A8OW-01A,1.0,0.0,0.0,0.0,0.0
1,159096839,+,15,33787689,-,KIRC,120,TCGA-A3-A8OW-01A,TCGA-A3-A8OW-01A,1.0,0.0,0.0,0.0,0.0
1,242276451,-,10,38322050,-,KIRC,121,TCGA-A3-A8OW-01A,TCGA-A3-A8OW-01A,1.0,0.0,0.0,0.0,0.0
14,106062126,+,14,106537810,-,KIRC,122,TCGA-A3-A8OW-01A,TCGA-A3-A8OW-01A,1.0,0.0,0.0,0.0,0.0
18,15470404,-,18,15686731,+,KIRC,123,TCGA-A3-A8OW-01A,TCGA-A3-A8OW-01A,1.0,0.0,0.0,0.0,0.0
2,52926321,-,7,31386511,-,KIRC,124,TCGA-A3-A8OW-01A,TCGA-A3-A8OW-01A,1.0,0.0,0.0,0.0,0.0
3,84946514,-,3,87723468,-,KIRC,125,TCGA-A3-A8OW-01A,TCGA-A3-A8OW-01A,1.0,0.0,0.0,0.0,0.0
3,87723823,-,5,93379202,+,KIRC,126,TCGA-A3-A8OW-01A,TCGA-A3-A8OW-01A,1.0,0.0,0.0,0.0,0.0
5,92302835,-,5,98276899,-,KIRC,127,TCGA-A3-A8OW-01A,TCGA-A3-A8OW-01A,1.0,0.0,0.0,0.0,0.0
9,121897641,+,22,45142505,-,KIRC,128,TCGA-A3-A8OW-01A,TCGA-A3-A8OW-01A,1.0,0.0,0.0,0.0,0.0
1,116606611,-,13,18289024,+,KIRC,129,TCGA-A3-A8OX-01A,TCGA-A3-A8OX-01A,1.0,0.0,0.0,0.0,0.0
1,182853149,+,3,44135049,+,KIRC,130,TCGA-A3-A8OX-01A,TCGA-A3-A8OX-01A,1.0,0.0,0.0,0.0,0.0
10,16412800,-,19,8982203,+,KIRC,131,TCGA-A3-A8OX-01A,TCGA-A3-A8OX-01A,1.0,0.0,0.0,0.0,0.0
10,32194477,-,19,10714977,+,KIRC,132,TCGA-A3-A8OX-01A,TCGA-A3-A8OX-01A,1.0,0.0,0.0,0.0,0.0
10,111230005,-,18,53086650,-,KIRC,133,TCGA-A3-A8OX-01A,TCGA-A3-A8OX-01A,1.0,0.0,0.0,0.0,0.0
10,117420278,-,10,117420629,+,KIRC,134,TCGA-A3-A8OX-01A,TCGA-A3-A8OX-01A,1.0,0.0,0.0,0.0,0.0
10,128583706,+,23,1201714,+,KIRC,135,TCGA-A3-A8OX-01A,TCGA-A3-A8OX-01A,1.0,0.0,0.0,0.0,0.0
11,54897043,-,11,54926162,-,KIRC,136,TCGA-A3-A8OX-01A,TCGA-A3-A8OX-01A,1.0,0.0,0.0,0.0,0.0
13,86498059,+,13,86499004,+,KIRC,137,TCGA-A3-A8OX-01A,TCGA-A3-A8OX-01A,1.0,0.0,0.0,0.0,0.0
2,91939091,+,24,11394120,-,KIRC,138,TCGA-A3-A8OX-01A,TCGA-A3-A8OX-01A,1.0,0.0,0.0,0.0,0.0
4,127625817,-,20,47312820,-,KIRC,139,TCGA-A3-A8OX-01A,TCGA-A3-A8OX-01A,1.0,0.0,0.0,0.0,0.0
4,157780930,+,13,38580382,-,KIRC,140,TCGA-A3-A8OX-01A,TCGA-A3-A8OX-01A,1.0,0.0,0.0,0.0,0.0
7,5149485,+,7,5820916,+,KIRC,141,TCGA-A3-A8OX-01A,TCGA-A3-A8OX-01A,1.0,0.0,0.0,0.0,0.0
7,38329063,-,7,42481153,-,KIRC,142,TCGA-A3-A8OX-01A,TCGA-A3-A8OX-01A,1.0,0.0,0.0,0.0,0.0
7,38329064,+,7,42481152,+,KIRC,143,TCGA-A3-A8OX-01A,TCGA-A3-A8OX-01A,1.0,0.0,0.0,0.0,0.0
8,50811609,+,9,77399402,+,KIRC,144,TCGA-A3-A8OX-01A,TCGA-A3-A8OX-01A,1.0,0.0,0.0,0.0,0.0
23,89628017,+,24,3283994,-,KIRC,145,TCGA-A3-A8OX-01A,TCGA-A3-A8OX-01A,1.0,0.0,0.0,0.0,0.0
1,153876916,+,6,33520323,+,KIRC,146,TCGA-AK-3426-01A,TCGA-AK-3426-01A,1.0,0.0,0.0,0.0,0.0
2,10680363,+,4,48660027,-,KIRC,147,TCGA-AK-3426-01A,TCGA-AK-3426-01A,1.0,0.0,0.0,0.0,0.0
2,125464354,-,11,100875138,-,KIRC,148,TCGA-AK-3426-01A,TCGA-AK-3426-01A,1.0,0.0,0.0,0.0,0.0
21,34721013,-,21,34828691,+,KIRC,149,TCGA-AK-3426-01A,TCGA-AK-3426-01A,1.0,0.0,0.0,0.0,0.0
3,66305261,-,3,80107079,-,KIRC,150,TCGA-AK-3426-01A,TCGA-AK-3426-01A,1.0,0.0,0.0,0.0,0.0
3,67653196,+,3,69452132,-,KIRC,151,TCGA-AK-3426-01A,TCGA-AK-3426-01A,1.0,0.0,0.0,0.0,0.0
3,80073062,+,8,117619097,-,KIRC,152,TCGA-AK-3426-01A,TCGA-AK-3426-01A,1.0,0.0,0.0,0.0,0.0
3,149458710,+,3,149460053,-,KIRC,153,TCGA-AK-3426-01A,TCGA-AK-3426-01A,1.0,0.0,0.0,0.0,0.0
3,175741979,-,3,175810450,+,KIRC,154,TCGA-AK-3426-01A,TCGA-AK-3426-01A,1.0,0.0,0.0,0.0,0.0
5,49765140,-,5,49818577,+,KIRC,155,TCGA-AK-3426-01A,TCGA-AK-3426-01A,1.0,0.0,0.0,0.0,0.0
5,155923833,+,5,156228881,-,KIRC,156,TCGA-AK-3426-01A,TCGA-AK-3426-01A,1.0,0.0,0.0,0.0,0.0
6,134603270,+,24,12323130,+,KIRC,157,TCGA-AK-3426-01A,TCGA-AK-3426-01A,1.0,0.0,0.0,0.0,0.0
9,21964942,+,9,21981162,-,KIRC,158,TCGA-AK-3426-01A,TCGA-AK-3426-01A,1.0,0.0,0.0,0.0,0.0
11,54357722,+,11,54364048,-,KIRC,159,TCGA-AK-3427-01A,TCGA-AK-3427-01A,1.0,0.0,0.0,0.0,0.0
11,54386531,-,11,54413131,+,KIRC,160,TCGA-AK-3427-01A,TCGA-AK-3427-01A,1.0,0.0,0.0,0.0,0.0
11,117915101,-,11,119282959,+,KIRC,161,TCGA-AK-3427-01A,TCGA-AK-3427-01A,1.0,0.0,0.0,0.0,0.0
3,137536064,+,14,68795206,+,KIRC,162,TCGA-AK-3427-01A,TCGA-AK-3427-01A,1.0,0.0,0.0,0.0,0.0
3,167992107,-,3,170609581,+,KIRC,163,TCGA-AK-3427-01A,TCGA-AK-3427-01A,1.0,0.0,0.0,0.0,0.0
11,54386481,-,11,54413133,+,KIRC,164,TCGA-AK-3428-01A,TCGA-AK-3428-01A,1.0,0.0,0.0,0.0,0.0
18,15967961,+,18,17538922,-,KIRC,165,TCGA-AK-3428-01A,TCGA-AK-3428-01A,1.0,0.0,0.0,0.0,0.0
3,52501508,-,23,103155881,+,KIRC,166,TCGA-AK-3428-01A,TCGA-AK-3428-01A,1.0,0.0,0.0,0.0,0.0
3,52501669,+,3,52791883,+,KIRC,167,TCGA-AK-3428-01A,TCGA-AK-3428-01A,1.0,0.0,0.0,0.0,0.0
3,52513066,-,3,52779949,-,KIRC,168,TCGA-AK-3428-01A,TCGA-AK-3428-01A,1.0,0.0,0.0,0.0,0.0
3,52516087,+,23,102342045,+,KIRC,169,TCGA-AK-3428-01A,TCGA-AK-3428-01A,1.0,0.0,0.0,0.0,0.0
3,52791883,+,23,103155881,+,KIRC,170,TCGA-AK-3428-01A,TCGA-AK-3428-01A,1.0,0.0,0.0,0.0,0.0
3,58332722,-,23,103144152,-,KIRC,171,TCGA-AK-3428-01A,TCGA-AK-3428-01A,1.0,0.0,0.0,0.0,0.0
3,61487278,+,23,94665978,-,KIRC,172,TCGA-AK-3428-01A,TCGA-AK-3428-01A,1.0,0.0,0.0,0.0,0.0
3,61998304,-,3,64686121,+,KIRC,173,TCGA-AK-3428-01A,TCGA-AK-3428-01A,1.0,0.0,0.0,0.0,0.0
3,62011376,+,23,102345039,-,KIRC,174,TCGA-AK-3428-01A,TCGA-AK-3428-01A,1.0,0.0,0.0,0.0,0.0
3,62061889,-,23,100416653,-,KIRC,175,TCGA-AK-3428-01A,TCGA-AK-3428-01A,1.0,0.0,0.0,0.0,0.0
3,62063143,+,23,103212274,-,KIRC,176,TCGA-AK-3428-01A,TCGA-AK-3428-01A,1.0,0.0,0.0,0.0,0.0
3,62063192,-,23,98336588,+,KIRC,177,TCGA-AK-3428-01A,TCGA-AK-3428-01A,1.0,0.0,0.0,0.0,0.0
3,62143771,+,23,97255759,+,KIRC,178,TCGA-AK-3428-01A,TCGA-AK-3428-01A,1.0,0.0,0.0,0.0,0.0
3,64624056,-,23,98294485,-,KIRC,179,TCGA-AK-3428-01A,TCGA-AK-3428-01A,1.0,0.0,0.0,0.0,0.0
3,65084009,-,23,103143929,+,KIRC,180,TCGA-AK-3428-01A,TCGA-AK-3428-01A,1.0,0.0,0.0,0.0,0.0
3,91438612,+,6,57584075,+,KIRC,181,TCGA-AK-3428-01A,TCGA-AK-3428-01A,1.0,0.0,0.0,0.0,0.0
4,107668776,-,8,32407309,-,KIRC,182,TCGA-AK-3428-01A,TCGA-AK-3428-01A,1.0,0.0,0.0,0.0,0.0
7,13793508,-,12,121255341,-,KIRC,183,TCGA-AK-3428-01A,TCGA-AK-3428-01A,1.0,0.0,0.0,0.0,0.0
11,47638607,-,14,68794731,-,KIRC,184,TCGA-AK-3430-01A,TCGA-AK-3430-01A,1.0,0.0,0.0,0.0,0.0
11,54374395,+,11,54390465,-,KIRC,185,TCGA-AK-3430-01A,TCGA-AK-3430-01A,1.0,0.0,0.0,0.0,0.0
11,129671171,-,21,20468582,-,KIRC,186,TCGA-AK-3430-01A,TCGA-AK-3430-01A,1.0,0.0,0.0,0.0,0.0
13,23026085,-,13,23026184,+,KIRC,187,TCGA-AK-3430-01A,TCGA-AK-3430-01A,1.0,0.0,0.0,0.0,0.0
13,23320492,+,13,23323267,-,KIRC,188,TCGA-AK-3430-01A,TCGA-AK-3430-01A,1.0,0.0,0.0,0.0,0.0
14,102094645,-,15,77185747,+,KIRC,189,TCGA-AK-3430-01A,TCGA-AK-3430-01A,1.0,0.0,0.0,0.0,0.0
2,77521889,+,3,189875594,-,KIRC,190,TCGA-AK-3430-01A,TCGA-AK-3430-01A,1.0,0.0,0.0,0.0,0.0
2,222866745,-,8,127735180,-,KIRC,191,TCGA-AK-3430-01A,TCGA-AK-3430-01A,1.0,0.0,0.0,0.0,0.0
20,29290670,-,24,10206384,-,KIRC,192,TCGA-AK-3430-01A,TCGA-AK-3430-01A,1.0,0.0,0.0,0.0,0.0
3,85229585,-,3,89723950,-,KIRC,193,TCGA-AK-3430-01A,TCGA-AK-3430-01A,1.0,0.0,0.0,0.0,0.0
3,90912576,+,3,91010892,-,KIRC,194,TCGA-AK-3430-01A,TCGA-AK-3430-01A,1.0,0.0,0.0,0.0,0.0
3,153030808,-,3,153031399,+,KIRC,195,TCGA-AK-3430-01A,TCGA-AK-3430-01A,1.0,0.0,0.0,0.0,0.0
4,69561275,+,4,69565094,-,KIRC,196,TCGA-AK-3430-01A,TCGA-AK-3430-01A,1.0,0.0,0.0,0.0,0.0
4,96881217,-,4,108157180,-,KIRC,197,TCGA-AK-3430-01A,TCGA-AK-3430-01A,1.0,0.0,0.0,0.0,0.0
4,101410205,+,8,1609060,+,KIRC,198,TCGA-AK-3430-01A,TCGA-AK-3430-01A,1.0,0.0,0.0,0.0,0.0
1,8379771,-,2,212085547,-,KIRC,199,TCGA-AK-3431-01A,TCGA-AK-3431-01A,1.0,0.0,0.0,0.0,0.0
1,8379900,+,11,6629857,-,KIRC,200,TCGA-AK-3431-01A,TCGA-AK-3431-01A,1.0,0.0,0.0,0.0,0.0
1,8379936,-,15,26863689,+,KIRC,201,TCGA-AK-3431-01A,TCGA-AK-3431-01A,1.0,0.0,0.0,0.0,0.0
1,8380088,+,1,156905754,+,KIRC,202,TCGA-AK-3431-01A,TCGA-AK-3431-01A,1.0,0.0,0.0,0.0,0.0
1,20555825,-,2,190923105,+,KIRC,203,TCGA-AK-3431-01A,TCGA-AK-3431-01A,1.0,0.0,0.0,0.0,0.0
1,20556185,+,1,104656843,+,KIRC,204,TCGA-AK-3431-01A,TCGA-AK-3431-01A,1.0,0.0,0.0,0.0,0.0
1,20556264,+,4,80347685,-,KIRC,205,TCGA-AK-3431-01A,TCGA-AK-3431-01A,1.0,0.0,0.0,0.0,0.0
1,56781473,-,1,238077048,+,KIRC,206,TCGA-AK-3431-01A,TCGA-AK-3431-01A,1.0,0.0,0.0,0.0,0.0
1,56781761,+,17,9837783,-,KIRC,207,TCGA-AK-3431-01A,TCGA-AK-3431-01A,1.0,0.0,0.0,0.0,0.0
1,70389862,-,2,48067447,-,KIRC,208,TCGA-AK-3431-01A,TCGA-AK-3431-01A,1.0,0.0,0.0,0.0,0.0
1,70390300,+,1,74264730,-,KIRC,209,TCGA-AK-3431-01A,TCGA-AK-3431-01A,1.0,0.0,0.0,0.0,0.0
1,104656490,-,6,1632386,+,KIRC,210,TCGA-AK-3431-01A,TCGA-AK-3431-01A,1.0,0.0,0.0,0.0,0.0
1,104656657,-,4,80347845,-,KIRC,211,TCGA-AK-3431-01A,TCGA-AK-3431-01A,1.0,0.0,0.0,0.0,0.0
1,152103833,-,23,89127943,-,KIRC,212,TCGA-AK-3431-01A,TCGA-AK-3431-01A,1.0,0.0,0.0,0.0,0.0
1,156905471,-,2,99179345,-,KIRC,213,TCGA-AK-3431-01A,TCGA-AK-3431-01A,1.0,0.0,0.0,0.0,0.0
1,156905471,-,3,142369638,+,KIRC,214,TCGA-AK-3431-01A,TCGA-AK-3431-01A,1.0,0.0,0.0,0.0,0.0
1,159944463,-,5,178798909,+,KIRC,215,TCGA-AK-3431-01A,TCGA-AK-3431-01A,1.0,0.0,0.0,0.0,0.0
1,159944602,+,13,26890459,+,KIRC,216,TCGA-AK-3431-01A,TCGA-AK-3431-01A,1.0,0.0,0.0,0.0,0.0
1,236530601,-,23,43457404,-,KIRC,217,TCGA-AK-3431-01A,TCGA-AK-3431-01A,1.0,0.0,0.0,0.0,0.0
1,236530809,+,23,43457401,+,KIRC,218,TCGA-AK-3431-01A,TCGA-AK-3431-01A,1.0,0.0,0.0,0.0,0.0
1,238076716,-,11,75565510,+,KIRC,219,TCGA-AK-3431-01A,TCGA-AK-3431-01A,1.0,0.0,0.0,0.0,0.0
10,33856780,-,16,51558156,-,KIRC,220,TCGA-AK-3431-01A,TCGA-AK-3431-01A,1.0,0.0,0.0,0.0,0.0
11,75565337,+,18,35990003,+,KIRC,221,TCGA-AK-3431-01A,TCGA-AK-3431-01A,1.0,0.0,0.0,0.0,0.0
12,35210716,+,12,35941208,-,KIRC,222,TCGA-AK-3431-01A,TCGA-AK-3431-01A,1.0,0.0,0.0,0.0,0.0
12,76574698,+,15,26863510,-,KIRC,223,TCGA-AK-3431-01A,TCGA-AK-3431-01A,1.0,0.0,0.0,0.0,0.0
13,26890587,+,14,95998830,-,KIRC,224,TCGA-AK-3431-01A,TCGA-AK-3431-01A,1.0,0.0,0.0,0.0,0.0
14,23778713,+,14,61503239,+,KIRC,225,TCGA-AK-3431-01A,TCGA-AK-3431-01A,1.0,0.0,0.0,0.0,0.0
14,70945128,-,14,76431558,-,KIRC,226,TCGA-AK-3431-01A,TCGA-AK-3431-01A,1.0,0.0,0.0,0.0,0.0
14,70945534,+,14,76432481,+,KIRC,227,TCGA-AK-3431-01A,TCGA-AK-3431-01A,1.0,0.0,0.0,0.0,0.0
15,44324445,-,17,59652942,+,KIRC,228,TCGA-AK-3431-01A,TCGA-AK-3431-01A,1.0,0.0,0.0,0.0,0.0
16,22809209,-,19,22574051,+,KIRC,229,TCGA-AK-3431-01A,TCGA-AK-3431-01A,1.0,0.0,0.0,0.0,0.0
17,5711063,-,17,9838223,+,KIRC,230,TCGA-AK-3431-01A,TCGA-AK-3431-01A,1.0,0.0,0.0,0.0,0.0
17,22914785,+,17,23151689,-,KIRC,231,TCGA-AK-3431-01A,TCGA-AK-3431-01A,1.0,0.0,0.0,0.0,0.0
18,15731819,+,18,15743513,-,KIRC,232,TCGA-AK-3431-01A,TCGA-AK-3431-01A,1.0,0.0,0.0,0.0,0.0
2,31103349,-,11,75565337,-,KIRC,233,TCGA-AK-3431-01A,TCGA-AK-3431-01A,1.0,0.0,0.0,0.0,0.0
2,31103713,+,17,5711412,+,KIRC,234,TCGA-AK-3431-01A,TCGA-AK-3431-01A,1.0,0.0,0.0,0.0,0.0
2,31103841,-,5,175773194,-,KIRC,235,TCGA-AK-3431-01A,TCGA-AK-3431-01A,1.0,0.0,0.0,0.0,0.0
2,31104095,+,2,48068609,+,KIRC,236,TCGA-AK-3431-01A,TCGA-AK-3431-01A,1.0,0.0,0.0,0.0,0.0
2,31104265,-,5,178798309,-,KIRC,237,TCGA-AK-3431-01A,TCGA-AK-3431-01A,1.0,0.0,0.0,0.0,0.0
2,31104291,-,12,110116024,-,KIRC,238,TCGA-AK-3431-01A,TCGA-AK-3431-01A,1.0,0.0,0.0,0.0,0.0
2,31104601,+,5,6299571,+,KIRC,239,TCGA-AK-3431-01A,TCGA-AK-3431-01A,1.0,0.0,0.0,0.0,0.0
2,31109173,-,12,75869164,-,KIRC,240,TCGA-AK-3431-01A,TCGA-AK-3431-01A,1.0,0.0,0.0,0.0,0.0
2,31110173,+,4,171690239,+,KIRC,241,TCGA-AK-3431-01A,TCGA-AK-3431-01A,1.0,0.0,0.0,0.0,0.0
2,31111672,+,14,23778104,-,KIRC,242,TCGA-AK-3431-01A,TCGA-AK-3431-01A,1.0,0.0,0.0,0.0,0.0
2,31112150,-,17,9838223,+,KIRC,243,TCGA-AK-3431-01A,TCGA-AK-3431-01A,1.0,0.0,0.0,0.0,0.0
2,31112237,+,17,5711063,-,KIRC,244,TCGA-AK-3431-01A,TCGA-AK-3431-01A,1.0,0.0,0.0,0.0,0.0
2,31114048,-,11,126394198,+,KIRC,245,TCGA-AK-3431-01A,TCGA-AK-3431-01A,1.0,0.0,0.0,0.0,0.0
2,31115080,-,14,91336001,-,KIRC,246,TCGA-AK-3431-01A,TCGA-AK-3431-01A,1.0,0.0,0.0,0.0,0.0
2,31115946,+,21,10462248,-,KIRC,247,TCGA-AK-3431-01A,TCGA-AK-3431-01A,1.0,0.0,0.0,0.0,0.0
2,31115953,+,7,120902565,-,KIRC,248,TCGA-AK-3431-01A,TCGA-AK-3431-01A,1.0,0.0,0.0,0.0,0.0
2,60330291,+,3,94045294,-,KIRC,249,TCGA-AK-3431-01A,TCGA-AK-3431-01A,1.0,0.0,0.0,0.0,0.0
2,60330292,-,3,94045412,+,KIRC,250,TCGA-AK-3431-01A,TCGA-AK-3431-01A,1.0,0.0,0.0,0.0,0.0
2,99179345,-,3,142369561,-,KIRC,251,TCGA-AK-3431-01A,TCGA-AK-3431-01A,1.0,0.0,0.0,0.0,0.0
2,99179714,+,16,47179115,-,KIRC,252,TCGA-AK-3431-01A,TCGA-AK-3431-01A,1.0,0.0,0.0,0.0,0.0
2,120392637,-,8,132346640,-,KIRC,253,TCGA-AK-3431-01A,TCGA-AK-3431-01A,1.0,0.0,0.0,0.0,0.0
2,120393030,+,16,85131078,-,KIRC,254,TCGA-AK-3431-01A,TCGA-AK-3431-01A,1.0,0.0,0.0,0.0,0.0
2,120393108,+,3,197573684,-,KIRC,255,TCGA-AK-3431-01A,TCGA-AK-3431-01A,1.0,0.0,0.0,0.0,0.0
2,171314170,-,5,6299172,-,KIRC,256,TCGA-AK-3431-01A,TCGA-AK-3431-01A,1.0,0.0,0.0,0.0,0.0
2,171314304,+,11,126393529,-,KIRC,257,TCGA-AK-3431-01A,TCGA-AK-3431-01A,1.0,0.0,0.0,0.0,0.0
2,190922762,-,17,59652669,-,KIRC,258,TCGA-AK-3431-01A,TCGA-AK-3431-01A,1.0,0.0,0.0,0.0,0.0
2,212085425,-,11,6629739,-,KIRC,259,TCGA-AK-3431-01A,TCGA-AK-3431-01A,1.0,0.0,0.0,0.0,0.0
2,212085842,+,12,76574582,-,KIRC,260,TCGA-AK-3431-01A,TCGA-AK-3431-01A,1.0,0.0,0.0,0.0,0.0
20,28900732,-,20,30925179,+,KIRC,261,TCGA-AK-3431-01A,TCGA-AK-3431-01A,1.0,0.0,0.0,0.0,0.0
20,29993864,-,20,30027550,+,KIRC,262,TCGA-AK-3431-01A,TCGA-AK-3431-01A,1.0,0.0,0.0,0.0,0.0
20,43095935,+,20,46112037,+,KIRC,263,TCGA-AK-3431-01A,TCGA-AK-3431-01A,1.0,0.0,0.0,0.0,0.0
3,59739937,-,8,89011847,+,KIRC,264,TCGA-AK-3431-01A,TCGA-AK-3431-01A,1.0,0.0,0.0,0.0,0.0
3,135538406,+,8,130718718,-,KIRC,265,TCGA-AK-3431-01A,TCGA-AK-3431-01A,1.0,0.0,0.0,0.0,0.0
3,135538406,-,8,130718719,+,KIRC,266,TCGA-AK-3431-01A,TCGA-AK-3431-01A,1.0,0.0,0.0,0.0,0.0
3,139615418,-,4,22181619,-,KIRC,267,TCGA-AK-3431-01A,TCGA-AK-3431-01A,1.0,0.0,0.0,0.0,0.0
3,161423415,-,6,110790662,+,KIRC,268,TCGA-AK-3431-01A,TCGA-AK-3431-01A,1.0,0.0,0.0,0.0,0.0
3,161423526,+,16,47179414,+,KIRC,269,TCGA-AK-3431-01A,TCGA-AK-3431-01A,1.0,0.0,0.0,0.0,0.0
3,197573757,-,16,85131360,+,KIRC,270,TCGA-AK-3431-01A,TCGA-AK-3431-01A,1.0,0.0,0.0,0.0,0.0
3,197574432,+,10,83871142,+,KIRC,271,TCGA-AK-3431-01A,TCGA-AK-3431-01A,1.0,0.0,0.0,0.0,0.0
4,48947176,-,10,83870739,-,KIRC,272,TCGA-AK-3431-01A,TCGA-AK-3431-01A,1.0,0.0,0.0,0.0,0.0
4,48947176,+,4,171689964,-,KIRC,273,TCGA-AK-3431-01A,TCGA-AK-3431-01A,1.0,0.0,0.0,0.0,0.0
4,67665524,+,4,67800030,-,KIRC,274,TCGA-AK-3431-01A,TCGA-AK-3431-01A,1.0,0.0,0.0,0.0,0.0
4,72455880,-,5,87257739,+,KIRC,275,TCGA-AK-3431-01A,TCGA-AK-3431-01A,1.0,0.0,0.0,0.0,0.0
4,73459178,-,23,27627596,+,KIRC,276,TCGA-AK-3431-01A,TCGA-AK-3431-01A,1.0,0.0,0.0,0.0,0.0
4,80348058,+,6,1632182,+,KIRC,277,TCGA-AK-3431-01A,TCGA-AK-3431-01A,1.0,0.0,0.0,0.0,0.0
4,80348199,+,15,39118398,+,KIRC,278,TCGA-AK-3431-01A,TCGA-AK-3431-01A,1.0,0.0,0.0,0.0,0.0
4,189484370,-,10,6801957,+,KIRC,279,TCGA-AK-3431-01A,TCGA-AK-3431-01A,1.0,0.0,0.0,0.0,0.0
5,6299084,-,11,126393452,-,KIRC,280,TCGA-AK-3431-01A,TCGA-AK-3431-01A,1.0,0.0,0.0,0.0,0.0
5,6299696,+,5,178798209,-,KIRC,281,TCGA-AK-3431-01A,TCGA-AK-3431-01A,1.0,0.0,0.0,0.0,0.0
5,96698215,+,11,6628703,-,KIRC,282,TCGA-AK-3431-01A,TCGA-AK-3431-01A,1.0,0.0,0.0,0.0,0.0
5,151894930,-,13,26890230,-,KIRC,283,TCGA-AK-3431-01A,TCGA-AK-3431-01A,1.0,0.0,0.0,0.0,0.0
5,151895305,+,14,95998935,-,KIRC,284,TCGA-AK-3431-01A,TCGA-AK-3431-01A,1.0,0.0,0.0,0.0,0.0
5,178798410,-,12,110116317,+,KIRC,285,TCGA-AK-3431-01A,TCGA-AK-3431-01A,1.0,0.0,0.0,0.0,0.0
5,178798434,-,12,75869440,+,KIRC,286,TCGA-AK-3431-01A,TCGA-AK-3431-01A,1.0,0.0,0.0,0.0,0.0
5,178798909,+,14,95999086,+,KIRC,287,TCGA-AK-3431-01A,TCGA-AK-3431-01A,1.0,0.0,0.0,0.0,0.0
6,1632071,-,15,39118363,+,KIRC,288,TCGA-AK-3431-01A,TCGA-AK-3431-01A,1.0,0.0,0.0,0.0,0.0
6,37013000,+,8,3412014,+,KIRC,289,TCGA-AK-3431-01A,TCGA-AK-3431-01A,1.0,0.0,0.0,0.0,0.0
6,59268437,-,6,59778924,+,KIRC,290,TCGA-AK-3431-01A,TCGA-AK-3431-01A,1.0,0.0,0.0,0.0,0.0
6,110790467,-,11,6629381,+,KIRC,291,TCGA-AK-3431-01A,TCGA-AK-3431-01A,1.0,0.0,0.0,0.0,0.0
6,122925387,-,9,11120057,+,KIRC,292,TCGA-AK-3431-01A,TCGA-AK-3431-01A,1.0,0.0,0.0,0.0,0.0
6,122925518,-,11,6629840,-,KIRC,293,TCGA-AK-3431-01A,TCGA-AK-3431-01A,1.0,0.0,0.0,0.0,0.0
6,122925805,+,19,22574313,+,KIRC,294,TCGA-AK-3431-01A,TCGA-AK-3431-01A,1.0,0.0,0.0,0.0,0.0
7,120903245,+,8,132346920,+,KIRC,295,TCGA-AK-3431-01A,TCGA-AK-3431-01A,1.0,0.0,0.0,0.0,0.0
8,12576263,+,15,44324892,-,KIRC,296,TCGA-AK-3431-01A,TCGA-AK-3431-01A,1.0,0.0,0.0,0.0,0.0
8,24517488,-,17,59653062,-,KIRC,297,TCGA-AK-3431-01A,TCGA-AK-3431-01A,1.0,0.0,0.0,0.0,0.0
8,24518739,+,15,44325617,+,KIRC,298,TCGA-AK-3431-01A,TCGA-AK-3431-01A,1.0,0.0,0.0,0.0,0.0
9,11119918,+,11,6629997,+,KIRC,299,TCGA-AK-3431-01A,TCGA-AK-3431-01A,1.0,0.0,0.0,0.0,0.0
9,15789721,+,13,48602634,+,KIRC,300,TCGA-AK-3431-01A,TCGA-AK-3431-01A,1.0,0.0,0.0,0.0,0.0
9,15789725,-,13,48602472,-,KIRC,301,TCGA-AK-3431-01A,TCGA-AK-3431-01A,1.0,0.0,0.0,0.0,0.0
23,131761258,+,23,131777078,-,KIRC,302,TCGA-AK-3431-01A,TCGA-AK-3431-01A,1.0,0.0,0.0,0.0,0.0
1,70792013,-,7,76757278,-,KIRC,303,TCGA-AK-3433-01A,TCGA-AK-3433-01A,1.0,0.0,0.0,0.0,0.0
1,122228059,+,1,122395355,-,KIRC,304,TCGA-AK-3433-01A,TCGA-AK-3433-01A,1.0,0.0,0.0,0.0,0.0
1,122270079,+,1,122395402,-,KIRC,305,TCGA-AK-3433-01A,TCGA-AK-3433-01A,1.0,0.0,0.0,0.0,0.0
1,238853638,-,16,33651444,-,KIRC,306,TCGA-AK-3433-01A,TCGA-AK-3433-01A,1.0,0.0,0.0,0.0,0.0
12,93437373,+,19,5526586,-,KIRC,307,TCGA-AK-3433-01A,TCGA-AK-3433-01A,1.0,0.0,0.0,0.0,0.0
13,16918006,-,13,17396444,+,KIRC,308,TCGA-AK-3433-01A,TCGA-AK-3433-01A,1.0,0.0,0.0,0.0,0.0
15,40608509,+,15,40609157,-,KIRC,309,TCGA-AK-3433-01A,TCGA-AK-3433-01A,1.0,0.0,0.0,0.0,0.0
18,28242850,-,18,28420396,-,KIRC,310,TCGA-AK-3433-01A,TCGA-AK-3433-01A,1.0,0.0,0.0,0.0,0.0
19,14090112,-,22,20450255,+,KIRC,311,TCGA-AK-3433-01A,TCGA-AK-3433-01A,1.0,0.0,0.0,0.0,0.0
3,147261062,-,18,918391,-,KIRC,312,TCGA-AK-3433-01A,TCGA-AK-3433-01A,1.0,0.0,0.0,0.0,0.0
9,31205972,+,9,31206567,+,KIRC,313,TCGA-AK-3433-01A,TCGA-AK-3433-01A,1.0,0.0,0.0,0.0,0.0
9,31205972,-,9,31206570,-,KIRC,314,TCGA-AK-3433-01A,TCGA-AK-3433-01A,1.0,0.0,0.0,0.0,0.0
10,39365606,+,10,39388659,-,KIRC,315,TCGA-AK-3434-01A,TCGA-AK-3434-01A,1.0,0.0,0.0,0.0,0.0
12,35994045,-,12,36735251,+,KIRC,316,TCGA-AK-3434-01A,TCGA-AK-3434-01A,1.0,0.0,0.0,0.0,0.0
14,34073051,+,14,34087548,-,KIRC,317,TCGA-AK-3434-01A,TCGA-AK-3434-01A,1.0,0.0,0.0,0.0,0.0
17,22932455,+,17,22970225,-,KIRC,318,TCGA-AK-3434-01A,TCGA-AK-3434-01A,1.0,0.0,0.0,0.0,0.0
3,83293398,-,8,42615898,-,KIRC,319,TCGA-AK-3434-01A,TCGA-AK-3434-01A,1.0,0.0,0.0,0.0,0.0
5,46597459,+,5,46682564,-,KIRC,320,TCGA-AK-3434-01A,TCGA-AK-3434-01A,1.0,0.0,0.0,0.0,0.0
6,157277138,-,19,18509617,-,KIRC,321,TCGA-AK-3434-01A,TCGA-AK-3434-01A,1.0,0.0,0.0,0.0,0.0
8,41240315,-,8,42870169,+,KIRC,322,TCGA-AK-3434-01A,TCGA-AK-3434-01A,1.0,0.0,0.0,0.0,0.0
1,5449543,+,1,51810790,-,KIRC,323,TCGA-AK-3436-01A,TCGA-AK-3436-01A,1.0,0.0,0.0,0.0,0.0
1,12377193,-,1,62449268,-,KIRC,324,TCGA-AK-3436-01A,TCGA-AK-3436-01A,1.0,0.0,0.0,0.0,0.0
1,22690952,+,1,121418045,-,KIRC,325,TCGA-AK-3436-01A,TCGA-AK-3436-01A,1.0,0.0,0.0,0.0,0.0
1,27236688,-,1,51813820,+,KIRC,326,TCGA-AK-3436-01A,TCGA-AK-3436-01A,1.0,0.0,0.0,0.0,0.0
1,51809796,+,1,65236639,+,KIRC,327,TCGA-AK-3436-01A,TCGA-AK-3436-01A,1.0,0.0,0.0,0.0,0.0
1,71732954,+,1,71864518,-,KIRC,328,TCGA-AK-3436-01A,TCGA-AK-3436-01A,1.0,0.0,0.0,0.0,0.0
1,71951264,+,1,72168884,-,KIRC,329,TCGA-AK-3436-01A,TCGA-AK-3436-01A,1.0,0.0,0.0,0.0,0.0
1,238648732,+,1,238649835,-,KIRC,330,TCGA-AK-3436-01A,TCGA-AK-3436-01A,1.0,0.0,0.0,0.0,0.0
11,52561046,+,11,53048811,-,KIRC,331,TCGA-AK-3436-01A,TCGA-AK-3436-01A,1.0,0.0,0.0,0.0,0.0
11,106535307,+,11,106538536,-,KIRC,332,TCGA-AK-3436-01A,TCGA-AK-3436-01A,1.0,0.0,0.0,0.0,0.0
14,24229944,-,14,24242984,+,KIRC,333,TCGA-AK-3436-01A,TCGA-AK-3436-01A,1.0,0.0,0.0,0.0,0.0
14,46680974,+,14,46689572,-,KIRC,334,TCGA-AK-3436-01A,TCGA-AK-3436-01A,1.0,0.0,0.0,0.0,0.0
14,101058228,+,14,101059406,-,KIRC,335,TCGA-AK-3436-01A,TCGA-AK-3436-01A,1.0,0.0,0.0,0.0,0.0
16,63481925,+,16,63615843,-,KIRC,336,TCGA-AK-3436-01A,TCGA-AK-3436-01A,1.0,0.0,0.0,0.0,0.0
18,68209214,+,18,68215604,+,KIRC,337,TCGA-AK-3436-01A,TCGA-AK-3436-01A,1.0,0.0,0.0,0.0,0.0
18,68210144,-,18,68216991,-,KIRC,338,TCGA-AK-3436-01A,TCGA-AK-3436-01A,1.0,0.0,0.0,0.0,0.0
19,18384294,-,19,18440414,+,KIRC,339,TCGA-AK-3436-01A,TCGA-AK-3436-01A,1.0,0.0,0.0,0.0,0.0
19,48190376,-,19,48229019,+,KIRC,340,TCGA-AK-3436-01A,TCGA-AK-3436-01A,1.0,0.0,0.0,0.0,0.0
19,56141198,+,19,56149919,-,KIRC,341,TCGA-AK-3436-01A,TCGA-AK-3436-01A,1.0,0.0,0.0,0.0,0.0
2,58045665,+,2,58056054,-,KIRC,342,TCGA-AK-3436-01A,TCGA-AK-3436-01A,1.0,0.0,0.0,0.0,0.0
2,147777587,+,7,88110838,+,KIRC,343,TCGA-AK-3436-01A,TCGA-AK-3436-01A,1.0,0.0,0.0,0.0,0.0
20,14868171,+,20,15046504,-,KIRC,344,TCGA-AK-3436-01A,TCGA-AK-3436-01A,1.0,0.0,0.0,0.0,0.0
20,15284833,+,20,15300815,-,KIRC,345,TCGA-AK-3436-01A,TCGA-AK-3436-01A,1.0,0.0,0.0,0.0,0.0
22,15946242,-,22,15952826,+,KIRC,346,TCGA-AK-3436-01A,TCGA-AK-3436-01A,1.0,0.0,0.0,0.0,0.0
3,83599572,-,5,138238941,-,KIRC,347,TCGA-AK-3436-01A,TCGA-AK-3436-01A,1.0,0.0,0.0,0.0,0.0
3,166052349,+,3,166172369,-,KIRC,348,TCGA-AK-3436-01A,TCGA-AK-3436-01A,1.0,0.0,0.0,0.0,0.0
3,189701513,-,7,74650032,+,KIRC,349,TCGA-AK-3436-01A,TCGA-AK-3436-01A,1.0,0.0,0.0,0.0,0.0
4,3704090,+,4,3705451,-,KIRC,350,TCGA-AK-3436-01A,TCGA-AK-3436-01A,1.0,0.0,0.0,0.0,0.0
4,166860803,-,8,40374115,+,KIRC,351,TCGA-AK-3436-01A,TCGA-AK-3436-01A,1.0,0.0,0.0,0.0,0.0
5,72136556,-,5,72156371,+,KIRC,352,TCGA-AK-3436-01A,TCGA-AK-3436-01A,1.0,0.0,0.0,0.0,0.0
5,92661906,-,5,92662061,+,KIRC,353,TCGA-AK-3436-01A,TCGA-AK-3436-01A,1.0,0.0,0.0,0.0,0.0
5,166124832,+,5,166133412,-,KIRC,354,TCGA-AK-3436-01A,TCGA-AK-3436-01A,1.0,0.0,0.0,0.0,0.0
6,55418443,-,6,55421012,+,KIRC,355,TCGA-AK-3436-01A,TCGA-AK-3436-01A,1.0,0.0,0.0,0.0,0.0
6,62663122,+,6,62731416,-,KIRC,356,TCGA-AK-3436-01A,TCGA-AK-3436-01A,1.0,0.0,0.0,0.0,0.0
6,87825963,-,7,75750307,+,KIRC,357,TCGA-AK-3436-01A,TCGA-AK-3436-01A,1.0,0.0,0.0,0.0,0.0
6,101125213,+,6,101168607,-,KIRC,358,TCGA-AK-3436-01A,TCGA-AK-3436-01A,1.0,0.0,0.0,0.0,0.0
8,21156151,-,22,16724318,-,KIRC,359,TCGA-AK-3436-01A,TCGA-AK-3436-01A,1.0,0.0,0.0,0.0,0.0
8,78226711,+,8,78234424,+,KIRC,360,TCGA-AK-3436-01A,TCGA-AK-3436-01A,1.0,0.0,0.0,0.0,0.0
8,78231432,-,8,78483424,-,KIRC,361,TCGA-AK-3436-01A,TCGA-AK-3436-01A,1.0,0.0,0.0,0.0,0.0
9,1530896,-,9,1534540,+,KIRC,362,TCGA-AK-3436-01A,TCGA-AK-3436-01A,1.0,0.0,0.0,0.0,0.0
9,1532010,+,9,1534499,-,KIRC,363,TCGA-AK-3436-01A,TCGA-AK-3436-01A,1.0,0.0,0.0,0.0,0.0
23,91891387,+,23,91922194,-,KIRC,364,TCGA-AK-3436-01A,TCGA-AK-3436-01A,1.0,0.0,0.0,0.0,0.0
23,92151127,+,23,92227184,-,KIRC,365,TCGA-AK-3436-01A,TCGA-AK-3436-01A,1.0,0.0,0.0,0.0,0.0
23,99254170,+,23,145179904,-,KIRC,366,TCGA-AK-3436-01A,TCGA-AK-3436-01A,1.0,0.0,0.0,0.0,0.0
1,53971396,+,4,118695004,+,KIRC,367,TCGA-AK-3440-01A,TCGA-AK-3440-01A,1.0,0.0,0.0,0.0,0.0
12,23027980,-,12,23028094,+,KIRC,368,TCGA-AK-3440-01A,TCGA-AK-3440-01A,1.0,0.0,0.0,0.0,0.0
12,35531595,+,12,36623992,-,KIRC,369,TCGA-AK-3440-01A,TCGA-AK-3440-01A,1.0,0.0,0.0,0.0,0.0
16,7184951,+,16,7199160,-,KIRC,370,TCGA-AK-3440-01A,TCGA-AK-3440-01A,1.0,0.0,0.0,0.0,0.0
16,7471219,-,16,7472285,-,KIRC,371,TCGA-AK-3440-01A,TCGA-AK-3440-01A,1.0,0.0,0.0,0.0,0.0
18,20582269,+,18,20640770,+,KIRC,372,TCGA-AK-3440-01A,TCGA-AK-3440-01A,1.0,0.0,0.0,0.0,0.0
19,54758992,-,19,54838027,+,KIRC,373,TCGA-AK-3440-01A,TCGA-AK-3440-01A,1.0,0.0,0.0,0.0,0.0
2,80342645,+,2,80602370,-,KIRC,374,TCGA-AK-3440-01A,TCGA-AK-3440-01A,1.0,0.0,0.0,0.0,0.0
3,97807968,+,3,97907734,-,KIRC,375,TCGA-AK-3440-01A,TCGA-AK-3440-01A,1.0,0.0,0.0,0.0,0.0
3,109481576,+,16,47433771,-,KIRC,376,TCGA-AK-3440-01A,TCGA-AK-3440-01A,1.0,0.0,0.0,0.0,0.0
4,87863364,-,4,183045935,-,KIRC,377,TCGA-AK-3440-01A,TCGA-AK-3440-01A,1.0,0.0,0.0,0.0,0.0
4,109783834,+,9,37822387,-,KIRC,378,TCGA-AK-3440-01A,TCGA-AK-3440-01A,1.0,0.0,0.0,0.0,0.0
5,59526107,+,16,7211791,+,KIRC,379,TCGA-AK-3440-01A,TCGA-AK-3440-01A,1.0,0.0,0.0,0.0,0.0
5,59526292,+,5,59780644,-,KIRC,380,TCGA-AK-3440-01A,TCGA-AK-3440-01A,1.0,0.0,0.0,0.0,0.0
5,59780857,-,16,7211427,-,KIRC,381,TCGA-AK-3440-01A,TCGA-AK-3440-01A,1.0,0.0,0.0,0.0,0.0
8,13622531,+,23,135115004,+,KIRC,382,TCGA-AK-3440-01A,TCGA-AK-3440-01A,1.0,0.0,0.0,0.0,0.0
23,123966417,-,23,124054007,+,KIRC,383,TCGA-AK-3440-01A,TCGA-AK-3440-01A,1.0,0.0,0.0,0.0,0.0
1,29418939,+,5,95738981,+,KIRC,384,TCGA-AK-3443-01A,TCGA-AK-3443-01A,1.0,0.0,0.0,0.0,0.0
1,77433763,+,8,133313135,+,KIRC,385,TCGA-AK-3443-01A,TCGA-AK-3443-01A,1.0,0.0,0.0,0.0,0.0
13,17422969,-,13,17481428,+,KIRC,386,TCGA-AK-3443-01A,TCGA-AK-3443-01A,1.0,0.0,0.0,0.0,0.0
14,26679023,-,20,24900931,-,KIRC,387,TCGA-AK-3443-01A,TCGA-AK-3443-01A,1.0,0.0,0.0,0.0,0.0
17,22939790,+,17,22949500,-,KIRC,388,TCGA-AK-3443-01A,TCGA-AK-3443-01A,1.0,0.0,0.0,0.0,0.0
17,23058432,-,17,23170189,+,KIRC,389,TCGA-AK-3443-01A,TCGA-AK-3443-01A,1.0,0.0,0.0,0.0,0.0
2,93108208,-,2,93204492,+,KIRC,390,TCGA-AK-3443-01A,TCGA-AK-3443-01A,1.0,0.0,0.0,0.0,0.0
2,212331072,+,2,228480354,+,KIRC,391,TCGA-AK-3443-01A,TCGA-AK-3443-01A,1.0,0.0,0.0,0.0,0.0
8,45080671,-,8,45427515,+,KIRC,392,TCGA-AK-3443-01A,TCGA-AK-3443-01A,1.0,0.0,0.0,0.0,0.0
9,1143529,-,11,69615309,-,KIRC,393,TCGA-AK-3443-01A,TCGA-AK-3443-01A,1.0,0.0,0.0,0.0,0.0
9,1143530,+,11,69615310,+,KIRC,394,TCGA-AK-3443-01A,TCGA-AK-3443-01A,1.0,0.0,0.0,0.0,0.0
1,10245439,-,3,144821536,-,KIRC,395,TCGA-AK-3444-01A,TCGA-AK-3444-01A,1.0,0.0,0.0,0.0,0.0
1,10245575,+,3,136490104,-,KIRC,396,TCGA-AK-3444-01A,TCGA-AK-3444-01A,1.0,0.0,0.0,0.0,0.0
10,4031225,-,23,49181565,-,KIRC,397,TCGA-AK-3444-01A,TCGA-AK-3444-01A,1.0,0.0,0.0,0.0,0.0
10,26059657,+,17,70831027,+,KIRC,398,TCGA-AK-3444-01A,TCGA-AK-3444-01A,1.0,0.0,0.0,0.0,0.0
10,66906643,-,14,50791808,-,KIRC,399,TCGA-AK-3444-01A,TCGA-AK-3444-01A,1.0,0.0,0.0,0.0,0.0
11,51091192,+,11,51999597,-,KIRC,400,TCGA-AK-3444-01A,TCGA-AK-3444-01A,1.0,0.0,0.0,0.0,0.0
11,52288822,+,11,52750402,-,KIRC,401,TCGA-AK-3444-01A,TCGA-AK-3444-01A,1.0,0.0,0.0,0.0,0.0
11,69322241,-,23,24007940,+,KIRC,402,TCGA-AK-3444-01A,TCGA-AK-3444-01A,1.0,0.0,0.0,0.0,0.0
12,22231233,-,17,70833721,-,KIRC,403,TCGA-AK-3444-01A,TCGA-AK-3444-01A,1.0,0.0,0.0,0.0,0.0
12,61632632,-,20,63913078,-,KIRC,404,TCGA-AK-3444-01A,TCGA-AK-3444-01A,1.0,0.0,0.0,0.0,0.0
14,39252831,-,17,34765853,-,KIRC,405,TCGA-AK-3444-01A,TCGA-AK-3444-01A,1.0,0.0,0.0,0.0,0.0
17,70830786,-,17,70832343,+,KIRC,406,TCGA-AK-3444-01A,TCGA-AK-3444-01A,1.0,0.0,0.0,0.0,0.0
17,70831850,-,23,24007667,-,KIRC,407,TCGA-AK-3444-01A,TCGA-AK-3444-01A,1.0,0.0,0.0,0.0,0.0
17,78643264,-,17,78643508,+,KIRC,408,TCGA-AK-3444-01A,TCGA-AK-3444-01A,1.0,0.0,0.0,0.0,0.0
18,15653792,-,18,15679641,+,KIRC,409,TCGA-AK-3444-01A,TCGA-AK-3444-01A,1.0,0.0,0.0,0.0,0.0
2,30566942,+,2,38984985,-,KIRC,410,TCGA-AK-3444-01A,TCGA-AK-3444-01A,1.0,0.0,0.0,0.0,0.0
2,65927632,-,20,8843704,-,KIRC,411,TCGA-AK-3444-01A,TCGA-AK-3444-01A,1.0,0.0,0.0,0.0,0.0
2,65928055,-,8,76900672,-,KIRC,412,TCGA-AK-3444-01A,TCGA-AK-3444-01A,1.0,0.0,0.0,0.0,0.0
2,65928607,+,2,227815338,+,KIRC,413,TCGA-AK-3444-01A,TCGA-AK-3444-01A,1.0,0.0,0.0,0.0,0.0
2,69604081,+,2,151168900,-,KIRC,414,TCGA-AK-3444-01A,TCGA-AK-3444-01A,1.0,0.0,0.0,0.0,0.0
2,71799301,-,20,8844603,+,KIRC,415,TCGA-AK-3444-01A,TCGA-AK-3444-01A,1.0,0.0,0.0,0.0,0.0
2,71799507,-,3,71985866,+,KIRC,416,TCGA-AK-3444-01A,TCGA-AK-3444-01A,1.0,0.0,0.0,0.0,0.0
2,71799608,+,5,171884940,-,KIRC,417,TCGA-AK-3444-01A,TCGA-AK-3444-01A,1.0,0.0,0.0,0.0,0.0
2,94646650,-,12,58597881,-,KIRC,418,TCGA-AK-3444-01A,TCGA-AK-3444-01A,1.0,0.0,0.0,0.0,0.0
2,134359107,+,5,124002321,+,KIRC,419,TCGA-AK-3444-01A,TCGA-AK-3444-01A,1.0,0.0,0.0,0.0,0.0
2,151169132,+,7,24645289,-,KIRC,420,TCGA-AK-3444-01A,TCGA-AK-3444-01A,1.0,0.0,0.0,0.0,0.0
2,161722662,+,2,161747503,-,KIRC,421,TCGA-AK-3444-01A,TCGA-AK-3444-01A,1.0,0.0,0.0,0.0,0.0
2,227815094,-,12,61632632,-,KIRC,422,TCGA-AK-3444-01A,TCGA-AK-3444-01A,1.0,0.0,0.0,0.0,0.0
2,227815094,-,20,63913165,+,KIRC,423,TCGA-AK-3444-01A,TCGA-AK-3444-01A,1.0,0.0,0.0,0.0,0.0
3,42007078,-,3,136491056,+,KIRC,424,TCGA-AK-3444-01A,TCGA-AK-3444-01A,1.0,0.0,0.0,0.0,0.0
3,44331523,-,3,142610193,-,KIRC,425,TCGA-AK-3444-01A,TCGA-AK-3444-01A,1.0,0.0,0.0,0.0,0.0
3,71985679,-,20,8844538,+,KIRC,426,TCGA-AK-3444-01A,TCGA-AK-3444-01A,1.0,0.0,0.0,0.0,0.0
3,71985866,+,5,171884941,-,KIRC,427,TCGA-AK-3444-01A,TCGA-AK-3444-01A,1.0,0.0,0.0,0.0,0.0
3,134651904,+,5,71751952,-,KIRC,428,TCGA-AK-3444-01A,TCGA-AK-3444-01A,1.0,0.0,0.0,0.0,0.0
3,136490105,-,3,144821537,-,KIRC,429,TCGA-AK-3444-01A,TCGA-AK-3444-01A,1.0,0.0,0.0,0.0,0.0
3,139253117,-,3,141386940,-,KIRC,430,TCGA-AK-3444-01A,TCGA-AK-3444-01A,1.0,0.0,0.0,0.0,0.0
3,142251362,+,3,144747610,+,KIRC,431,TCGA-AK-3444-01A,TCGA-AK-3444-01A,1.0,0.0,0.0,0.0,0.0
4,157514959,-,17,70833602,-,KIRC,432,TCGA-AK-3444-01A,TCGA-AK-3444-01A,1.0,0.0,0.0,0.0,0.0
4,157515149,-,12,22231376,+,KIRC,433,TCGA-AK-3444-01A,TCGA-AK-3444-01A,1.0,0.0,0.0,0.0,0.0
4,157515492,+,19,42819536,-,KIRC,434,TCGA-AK-3444-01A,TCGA-AK-3444-01A,1.0,0.0,0.0,0.0,0.0
5,46433371,-,5,46748246,-,KIRC,435,TCGA-AK-3444-01A,TCGA-AK-3444-01A,1.0,0.0,0.0,0.0,0.0
7,24645369,+,10,26059506,-,KIRC,436,TCGA-AK-3444-01A,TCGA-AK-3444-01A,1.0,0.0,0.0,0.0,0.0
7,24645387,+,17,70831170,+,KIRC,437,TCGA-AK-3444-01A,TCGA-AK-3444-01A,1.0,0.0,0.0,0.0,0.0
7,60340908,+,7,62512703,-,KIRC,438,TCGA-AK-3444-01A,TCGA-AK-3444-01A,1.0,0.0,0.0,0.0,0.0
8,50178600,+,8,50179926,-,KIRC,439,TCGA-AK-3444-01A,TCGA-AK-3444-01A,1.0,0.0,0.0,0.0,0.0
8,76901011,+,12,61632802,+,KIRC,440,TCGA-AK-3444-01A,TCGA-AK-3444-01A,1.0,0.0,0.0,0.0,0.0
1,46315931,-,18,8804465,-,KIRC,441,TCGA-AK-3445-01A,TCGA-AK-3445-01A,1.0,0.0,0.0,0.0,0.0
1,46316031,+,18,8827693,+,KIRC,442,TCGA-AK-3445-01A,TCGA-AK-3445-01A,1.0,0.0,0.0,0.0,0.0
1,205700698,-,1,205700925,+,KIRC,443,TCGA-AK-3445-01A,TCGA-AK-3445-01A,1.0,0.0,0.0,0.0,0.0
11,6333500,-,11,6438051,+,KIRC,444,TCGA-AK-3445-01A,TCGA-AK-3445-01A,1.0,0.0,0.0,0.0,0.0
11,100386630,-,14,70615110,+,KIRC,445,TCGA-AK-3445-01A,TCGA-AK-3445-01A,1.0,0.0,0.0,0.0,0.0
11,114274760,-,11,114328879,+,KIRC,446,TCGA-AK-3445-01A,TCGA-AK-3445-01A,1.0,0.0,0.0,0.0,0.0
13,16586640,+,13,16678903,-,KIRC,447,TCGA-AK-3445-01A,TCGA-AK-3445-01A,1.0,0.0,0.0,0.0,0.0
16,62076063,+,16,62095063,-,KIRC,448,TCGA-AK-3445-01A,TCGA-AK-3445-01A,1.0,0.0,0.0,0.0,0.0
18,8804588,+,18,8827523,-,KIRC,449,TCGA-AK-3445-01A,TCGA-AK-3445-01A,1.0,0.0,0.0,0.0,0.0
2,10680340,+,4,48659912,-,KIRC,450,TCGA-AK-3445-01A,TCGA-AK-3445-01A,1.0,0.0,0.0,0.0,0.0
2,108500273,+,2,108554584,-,KIRC,451,TCGA-AK-3445-01A,TCGA-AK-3445-01A,1.0,0.0,0.0,0.0,0.0
3,148590743,+,14,84988920,-,KIRC,452,TCGA-AK-3445-01A,TCGA-AK-3445-01A,1.0,0.0,0.0,0.0,0.0
3,188203420,-,8,124483113,-,KIRC,453,TCGA-AK-3445-01A,TCGA-AK-3445-01A,1.0,0.0,0.0,0.0,0.0
3,188760436,+,15,76510865,-,KIRC,454,TCGA-AK-3445-01A,TCGA-AK-3445-01A,1.0,0.0,0.0,0.0,0.0
5,141406296,+,5,141469014,-,KIRC,455,TCGA-AK-3445-01A,TCGA-AK-3445-01A,1.0,0.0,0.0,0.0,0.0
9,9309741,+,9,9387748,-,KIRC,456,TCGA-AK-3445-01A,TCGA-AK-3445-01A,1.0,0.0,0.0,0.0,0.0
9,9506436,+,9,9593308,-,KIRC,457,TCGA-AK-3445-01A,TCGA-AK-3445-01A,1.0,0.0,0.0,0.0,0.0
9,9722356,+,9,9724002,-,KIRC,458,TCGA-AK-3445-01A,TCGA-AK-3445-01A,1.0,0.0,0.0,0.0,0.0
9,9724610,+,9,9835242,-,KIRC,459,TCGA-AK-3445-01A,TCGA-AK-3445-01A,1.0,0.0,0.0,0.0,0.0
9,89478604,-,10,12115899,-,KIRC,460,TCGA-AK-3445-01A,TCGA-AK-3445-01A,1.0,0.0,0.0,0.0,0.0
9,89478697,+,10,12115894,+,KIRC,461,TCGA-AK-3445-01A,TCGA-AK-3445-01A,1.0,0.0,0.0,0.0,0.0
9,89478901,+,10,12115868,+,KIRC,462,TCGA-AK-3445-01A,TCGA-AK-3445-01A,1.0,0.0,0.0,0.0,0.0
1,145531611,+,1,147364155,+,KIRC,463,TCGA-AK-3447-01A,TCGA-AK-3447-01A,1.0,0.0,0.0,0.0,0.0
1,227098344,+,1,227207171,-,KIRC,464,TCGA-AK-3447-01A,TCGA-AK-3447-01A,1.0,0.0,0.0,0.0,0.0
1,243731321,-,1,243852714,+,KIRC,465,TCGA-AK-3447-01A,TCGA-AK-3447-01A,1.0,0.0,0.0,0.0,0.0
11,51596298,-,11,52584392,+,KIRC,466,TCGA-AK-3447-01A,TCGA-AK-3447-01A,1.0,0.0,0.0,0.0,0.0
13,22457446,+,13,22458910,-,KIRC,467,TCGA-AK-3447-01A,TCGA-AK-3447-01A,1.0,0.0,0.0,0.0,0.0
16,76566875,-,16,76574286,+,KIRC,468,TCGA-AK-3447-01A,TCGA-AK-3447-01A,1.0,0.0,0.0,0.0,0.0
18,848011,-,18,1053082,+,KIRC,469,TCGA-AK-3447-01A,TCGA-AK-3447-01A,1.0,0.0,0.0,0.0,0.0
18,37047996,-,18,37048097,+,KIRC,470,TCGA-AK-3447-01A,TCGA-AK-3447-01A,1.0,0.0,0.0,0.0,0.0
2,94557678,-,2,132218879,+,KIRC,471,TCGA-AK-3447-01A,TCGA-AK-3447-01A,1.0,0.0,0.0,0.0,0.0
4,7840266,-,7,91947196,+,KIRC,472,TCGA-AK-3447-01A,TCGA-AK-3447-01A,1.0,0.0,0.0,0.0,0.0
4,39466129,-,4,39480483,+,KIRC,473,TCGA-AK-3447-01A,TCGA-AK-3447-01A,1.0,0.0,0.0,0.0,0.0
5,32114108,+,5,167440801,-,KIRC,474,TCGA-AK-3447-01A,TCGA-AK-3447-01A,1.0,0.0,0.0,0.0,0.0
6,160661160,-,22,22110022,+,KIRC,475,TCGA-AK-3447-01A,TCGA-AK-3447-01A,1.0,0.0,0.0,0.0,0.0
8,12223905,-,11,3454907,+,KIRC,476,TCGA-AK-3447-01A,TCGA-AK-3447-01A,1.0,0.0,0.0,0.0,0.0
8,20166330,+,8,137553990,-,KIRC,477,TCGA-AK-3447-01A,TCGA-AK-3447-01A,1.0,0.0,0.0,0.0,0.0
8,23580851,-,12,45900078,+,KIRC,478,TCGA-AK-3447-01A,TCGA-AK-3447-01A,1.0,0.0,0.0,0.0,0.0
9,10194372,-,23,66780622,-,KIRC,479,TCGA-AK-3447-01A,TCGA-AK-3447-01A,1.0,0.0,0.0,0.0,0.0
1,7680862,-,2,235516058,-,KIRC,480,TCGA-AK-3451-01A,TCGA-AK-3451-01A,1.0,0.0,0.0,0.0,0.0
1,215125760,-,8,10451624,+,KIRC,481,TCGA-AK-3451-01A,TCGA-AK-3451-01A,1.0,0.0,0.0,0.0,0.0
11,48442859,+,11,54613953,-,KIRC,482,TCGA-AK-3451-01A,TCGA-AK-3451-01A,1.0,0.0,0.0,0.0,0.0
12,99198027,-,12,99198178,+,KIRC,483,TCGA-AK-3451-01A,TCGA-AK-3451-01A,1.0,0.0,0.0,0.0,0.0
18,15473159,+,18,15699425,-,KIRC,484,TCGA-AK-3451-01A,TCGA-AK-3451-01A,1.0,0.0,0.0,0.0,0.0
2,69956479,-,10,43730033,+,KIRC,485,TCGA-AK-3451-01A,TCGA-AK-3451-01A,1.0,0.0,0.0,0.0,0.0
20,29290735,-,24,10206510,-,KIRC,486,TCGA-AK-3451-01A,TCGA-AK-3451-01A,1.0,0.0,0.0,0.0,0.0
3,84265773,-,5,107745171,-,KIRC,487,TCGA-AK-3451-01A,TCGA-AK-3451-01A,1.0,0.0,0.0,0.0,0.0
3,85063543,+,3,85251919,-,KIRC,488,TCGA-AK-3451-01A,TCGA-AK-3451-01A,1.0,0.0,0.0,0.0,0.0
3,85063543,+,5,105042627,-,KIRC,489,TCGA-AK-3451-01A,TCGA-AK-3451-01A,1.0,0.0,0.0,0.0,0.0
3,85251918,-,5,105042717,+,KIRC,490,TCGA-AK-3451-01A,TCGA-AK-3451-01A,1.0,0.0,0.0,0.0,0.0
3,88012047,+,13,86914344,+,KIRC,491,TCGA-AK-3451-01A,TCGA-AK-3451-01A,1.0,0.0,0.0,0.0,0.0
3,88553453,-,3,89456705,-,KIRC,492,TCGA-AK-3451-01A,TCGA-AK-3451-01A,1.0,0.0,0.0,0.0,0.0
3,88797026,+,5,104628783,-,KIRC,493,TCGA-AK-3451-01A,TCGA-AK-3451-01A,1.0,0.0,0.0,0.0,0.0
4,49719581,-,4,51016844,+,KIRC,494,TCGA-AK-3451-01A,TCGA-AK-3451-01A,1.0,0.0,0.0,0.0,0.0
5,105042100,+,13,86960520,-,KIRC,495,TCGA-AK-3451-01A,TCGA-AK-3451-01A,1.0,0.0,0.0,0.0,0.0
1,163059294,-,16,65537099,-,KIRC,496,TCGA-AK-3453-01A,TCGA-AK-3453-01A,1.0,0.0,0.0,0.0,0.0
13,92385310,-,16,74837856,-,KIRC,497,TCGA-AK-3453-01A,TCGA-AK-3453-01A,1.0,0.0,0.0,0.0,0.0
14,43492962,+,14,43529101,-,KIRC,498,TCGA-AK-3453-01A,TCGA-AK-3453-01A,1.0,0.0,0.0,0.0,0.0
14,68795299,+,23,117931842,-,KIRC,499,TCGA-AK-3453-01A,TCGA-AK-3453-01A,1.0,0.0,0.0,0.0,0.0
17,23100072,+,17,23172656,-,KIRC,500,TCGA-AK-3453-01A,TCGA-AK-3453-01A,1.0,0.0,0.0,0.0,0.0
19,54758996,-,19,54838032,+,KIRC,501,TCGA-AK-3453-01A,TCGA-AK-3453-01A,1.0,0.0,0.0,0.0,0.0
3,91068796,+,3,91147824,-,KIRC,502,TCGA-AK-3453-01A,TCGA-AK-3453-01A,1.0,0.0,0.0,0.0,0.0
4,160029821,+,4,160087625,-,KIRC,503,TCGA-AK-3453-01A,TCGA-AK-3453-01A,1.0,0.0,0.0,0.0,0.0
5,49838583,-,5,49980049,+,KIRC,504,TCGA-AK-3453-01A,TCGA-AK-3453-01A,1.0,0.0,0.0,0.0,0.0
8,23015913,-,16,64489072,-,KIRC,505,TCGA-AK-3453-01A,TCGA-AK-3453-01A,1.0,0.0,0.0,0.0,0.0
9,61691786,-,20,29592587,+,KIRC,506,TCGA-AK-3453-01A,TCGA-AK-3453-01A,1.0,0.0,0.0,0.0,0.0
1,101496987,-,8,133312980,+,KIRC,507,TCGA-AK-3454-01A,TCGA-AK-3454-01A,1.0,0.0,0.0,0.0,0.0
1,187962185,+,16,25146451,+,KIRC,508,TCGA-AK-3454-01A,TCGA-AK-3454-01A,1.0,0.0,0.0,0.0,0.0
1,187962208,-,9,38032495,-,KIRC,509,TCGA-AK-3454-01A,TCGA-AK-3454-01A,1.0,0.0,0.0,0.0,0.0
1,187962209,-,6,98358356,+,KIRC,510,TCGA-AK-3454-01A,TCGA-AK-3454-01A,1.0,0.0,0.0,0.0,0.0
1,187962280,+,10,102307793,-,KIRC,511,TCGA-AK-3454-01A,TCGA-AK-3454-01A,1.0,0.0,0.0,0.0,0.0
10,98567612,+,10,133216102,-,KIRC,512,TCGA-AK-3454-01A,TCGA-AK-3454-01A,1.0,0.0,0.0,0.0,0.0
10,102307811,-,16,25146135,-,KIRC,513,TCGA-AK-3454-01A,TCGA-AK-3454-01A,1.0,0.0,0.0,0.0,0.0
10,102308028,-,12,19132061,+,KIRC,514,TCGA-AK-3454-01A,TCGA-AK-3454-01A,1.0,0.0,0.0,0.0,0.0
10,129529738,-,19,2480966,+,KIRC,515,TCGA-AK-3454-01A,TCGA-AK-3454-01A,1.0,0.0,0.0,0.0,0.0
13,69780701,+,14,55331779,+,KIRC,516,TCGA-AK-3454-01A,TCGA-AK-3454-01A,1.0,0.0,0.0,0.0,0.0
14,50259813,+,14,100339358,-,KIRC,517,TCGA-AK-3454-01A,TCGA-AK-3454-01A,1.0,0.0,0.0,0.0,0.0
17,41035742,-,19,29151779,-,KIRC,518,TCGA-AK-3454-01A,TCGA-AK-3454-01A,1.0,0.0,0.0,0.0,0.0
18,15470395,-,18,15686818,+,KIRC,519,TCGA-AK-3454-01A,TCGA-AK-3454-01A,1.0,0.0,0.0,0.0,0.0
20,43095928,+,20,46112017,+,KIRC,520,TCGA-AK-3454-01A,TCGA-AK-3454-01A,1.0,0.0,0.0,0.0,0.0
3,107009850,-,5,104327774,-,KIRC,521,TCGA-AK-3454-01A,TCGA-AK-3454-01A,1.0,0.0,0.0,0.0,0.0
3,107372054,+,5,112052497,-,KIRC,522,TCGA-AK-3454-01A,TCGA-AK-3454-01A,1.0,0.0,0.0,0.0,0.0
3,108104342,-,8,112894178,-,KIRC,523,TCGA-AK-3454-01A,TCGA-AK-3454-01A,1.0,0.0,0.0,0.0,0.0
3,109139130,+,5,109033971,-,KIRC,524,TCGA-AK-3454-01A,TCGA-AK-3454-01A,1.0,0.0,0.0,0.0,0.0
5,104347095,+,5,111484654,+,KIRC,525,TCGA-AK-3454-01A,TCGA-AK-3454-01A,1.0,0.0,0.0,0.0,0.0
5,149599457,+,9,3707696,+,KIRC,526,TCGA-AK-3454-01A,TCGA-AK-3454-01A,1.0,0.0,0.0,0.0,0.0
5,149599457,+,9,91585739,-,KIRC,527,TCGA-AK-3454-01A,TCGA-AK-3454-01A,1.0,0.0,0.0,0.0,0.0
6,56940193,-,14,102795599,-,KIRC,528,TCGA-AK-3454-01A,TCGA-AK-3454-01A,1.0,0.0,0.0,0.0,0.0
6,60235907,-,6,60240509,+,KIRC,529,TCGA-AK-3454-01A,TCGA-AK-3454-01A,1.0,0.0,0.0,0.0,0.0
6,95952096,+,6,100669163,+,KIRC,530,TCGA-AK-3454-01A,TCGA-AK-3454-01A,1.0,0.0,0.0,0.0,0.0
6,96564887,-,6,100384755,-,KIRC,531,TCGA-AK-3454-01A,TCGA-AK-3454-01A,1.0,0.0,0.0,0.0,0.0
6,98358356,+,9,38032620,+,KIRC,532,TCGA-AK-3454-01A,TCGA-AK-3454-01A,1.0,0.0,0.0,0.0,0.0
6,100408894,+,6,100465539,-,KIRC,533,TCGA-AK-3454-01A,TCGA-AK-3454-01A,1.0,0.0,0.0,0.0,0.0
8,68196503,+,17,38389864,-,KIRC,534,TCGA-AK-3454-01A,TCGA-AK-3454-01A,1.0,0.0,0.0,0.0,0.0
1,36685129,+,4,55420120,+,KIRC,535,TCGA-AK-3455-01A,TCGA-AK-3455-01A,1.0,0.0,0.0,0.0,0.0
10,38648129,-,12,37460128,-,KIRC,536,TCGA-AK-3455-01A,TCGA-AK-3455-01A,1.0,0.0,0.0,0.0,0.0
12,114733142,+,23,62964769,-,KIRC,537,TCGA-AK-3455-01A,TCGA-AK-3455-01A,1.0,0.0,0.0,0.0,0.0
17,23100215,+,17,23172553,-,KIRC,538,TCGA-AK-3455-01A,TCGA-AK-3455-01A,1.0,0.0,0.0,0.0,0.0
20,28809612,+,20,28811305,-,KIRC,539,TCGA-AK-3455-01A,TCGA-AK-3455-01A,1.0,0.0,0.0,0.0,0.0
3,80318261,-,3,83031778,-,KIRC,540,TCGA-AK-3455-01A,TCGA-AK-3455-01A,1.0,0.0,0.0,0.0,0.0
3,80320928,+,3,80325413,+,KIRC,541,TCGA-AK-3455-01A,TCGA-AK-3455-01A,1.0,0.0,0.0,0.0,0.0
3,80326813,-,3,80911606,+,KIRC,542,TCGA-AK-3455-01A,TCGA-AK-3455-01A,1.0,0.0,0.0,0.0,0.0
3,80474864,+,3,81134769,-,KIRC,543,TCGA-AK-3455-01A,TCGA-AK-3455-01A,1.0,0.0,0.0,0.0,0.0
3,80612147,-,3,83577196,-,KIRC,544,TCGA-AK-3455-01A,TCGA-AK-3455-01A,1.0,0.0,0.0,0.0,0.0
3,80930754,-,3,83026016,-,KIRC,545,TCGA-AK-3455-01A,TCGA-AK-3455-01A,1.0,0.0,0.0,0.0,0.0
3,81122892,+,3,83562862,+,KIRC,546,TCGA-AK-3455-01A,TCGA-AK-3455-01A,1.0,0.0,0.0,0.0,0.0
3,83028830,+,3,83035512,+,KIRC,547,TCGA-AK-3455-01A,TCGA-AK-3455-01A,1.0,0.0,0.0,0.0,0.0
8,87428376,-,18,43735227,+,KIRC,548,TCGA-AK-3455-01A,TCGA-AK-3455-01A,1.0,0.0,0.0,0.0,0.0
8,121488391,+,8,121533108,-,KIRC,549,TCGA-AK-3455-01A,TCGA-AK-3455-01A,1.0,0.0,0.0,0.0,0.0
9,80957967,+,12,4842013,-,KIRC,550,TCGA-AK-3455-01A,TCGA-AK-3455-01A,1.0,0.0,0.0,0.0,0.0
1,35188968,-,23,49041825,+,KIRC,551,TCGA-AK-3456-01A,TCGA-AK-3456-01A,1.0,0.0,0.0,0.0,0.0
1,35188969,+,23,49041832,-,KIRC,552,TCGA-AK-3456-01A,TCGA-AK-3456-01A,1.0,0.0,0.0,0.0,0.0
1,35189653,+,23,49041380,-,KIRC,553,TCGA-AK-3456-01A,TCGA-AK-3456-01A,1.0,0.0,0.0,0.0,0.0
15,34425961,-,15,34572425,+,KIRC,554,TCGA-AK-3456-01A,TCGA-AK-3456-01A,1.0,0.0,0.0,0.0,0.0
17,22822678,-,17,23180658,+,KIRC,555,TCGA-AK-3456-01A,TCGA-AK-3456-01A,1.0,0.0,0.0,0.0,0.0
19,49031114,+,19,49056090,+,KIRC,556,TCGA-AK-3456-01A,TCGA-AK-3456-01A,1.0,0.0,0.0,0.0,0.0
4,41460551,+,9,61459037,-,KIRC,557,TCGA-AK-3456-01A,TCGA-AK-3456-01A,1.0,0.0,0.0,0.0,0.0
5,49676338,+,5,49716438,-,KIRC,558,TCGA-AK-3456-01A,TCGA-AK-3456-01A,1.0,0.0,0.0,0.0,0.0
7,152241278,-,13,18329476,-,KIRC,559,TCGA-AK-3456-01A,TCGA-AK-3456-01A,1.0,0.0,0.0,0.0,0.0
1,1689014,+,1,1742266,-,KIRC,560,TCGA-AK-3458-01A,TCGA-AK-3458-01A,1.0,0.0,0.0,0.0,0.0
1,77433789,+,8,133313073,+,KIRC,561,TCGA-AK-3458-01A,TCGA-AK-3458-01A,1.0,0.0,0.0,0.0,0.0
1,122463297,+,1,122500613,-,KIRC,562,TCGA-AK-3458-01A,TCGA-AK-3458-01A,1.0,0.0,0.0,0.0,0.0
10,101067094,+,10,101067910,-,KIRC,563,TCGA-AK-3458-01A,TCGA-AK-3458-01A,1.0,0.0,0.0,0.0,0.0
10,128583851,+,23,1201789,+,KIRC,564,TCGA-AK-3458-01A,TCGA-AK-3458-01A,1.0,0.0,0.0,0.0,0.0
11,47619157,+,14,68795286,+,KIRC,565,TCGA-AK-3458-01A,TCGA-AK-3458-01A,1.0,0.0,0.0,0.0,0.0
12,6397133,+,12,6397656,-,KIRC,566,TCGA-AK-3458-01A,TCGA-AK-3458-01A,1.0,0.0,0.0,0.0,0.0
12,36337314,-,12,36612831,+,KIRC,567,TCGA-AK-3458-01A,TCGA-AK-3458-01A,1.0,0.0,0.0,0.0,0.0
12,110057834,+,12,110058397,-,KIRC,568,TCGA-AK-3458-01A,TCGA-AK-3458-01A,1.0,0.0,0.0,0.0,0.0
13,16453780,+,13,16647931,-,KIRC,569,TCGA-AK-3458-01A,TCGA-AK-3458-01A,1.0,0.0,0.0,0.0,0.0
15,19387377,-,15,19655043,+,KIRC,570,TCGA-AK-3458-01A,TCGA-AK-3458-01A,1.0,0.0,0.0,0.0,0.0
16,15793550,+,16,15794187,-,KIRC,571,TCGA-AK-3458-01A,TCGA-AK-3458-01A,1.0,0.0,0.0,0.0,0.0
16,69943770,+,16,70166592,-,KIRC,572,TCGA-AK-3458-01A,TCGA-AK-3458-01A,1.0,0.0,0.0,0.0,0.0
17,23100069,+,17,23172698,-,KIRC,573,TCGA-AK-3458-01A,TCGA-AK-3458-01A,1.0,0.0,0.0,0.0,0.0
18,15481530,-,18,15536231,+,KIRC,574,TCGA-AK-3458-01A,TCGA-AK-3458-01A,1.0,0.0,0.0,0.0,0.0
18,15684404,-,18,15702632,+,KIRC,575,TCGA-AK-3458-01A,TCGA-AK-3458-01A,1.0,0.0,0.0,0.0,0.0
19,15065696,+,19,15066320,-,KIRC,576,TCGA-AK-3458-01A,TCGA-AK-3458-01A,1.0,0.0,0.0,0.0,0.0
19,34288901,+,19,34289457,-,KIRC,577,TCGA-AK-3458-01A,TCGA-AK-3458-01A,1.0,0.0,0.0,0.0,0.0
2,83521854,-,4,105044155,+,KIRC,578,TCGA-AK-3458-01A,TCGA-AK-3458-01A,1.0,0.0,0.0,0.0,0.0
2,125071651,+,16,4220309,+,KIRC,579,TCGA-AK-3458-01A,TCGA-AK-3458-01A,1.0,0.0,0.0,0.0,0.0
2,166516127,+,2,191157981,+,KIRC,580,TCGA-AK-3458-01A,TCGA-AK-3458-01A,1.0,0.0,0.0,0.0,0.0
2,166516348,-,2,191158053,-,KIRC,581,TCGA-AK-3458-01A,TCGA-AK-3458-01A,1.0,0.0,0.0,0.0,0.0
20,49254399,-,20,50349164,+,KIRC,582,TCGA-AK-3458-01A,TCGA-AK-3458-01A,1.0,0.0,0.0,0.0,0.0
22,41110692,+,22,41111242,-,KIRC,583,TCGA-AK-3458-01A,TCGA-AK-3458-01A,1.0,0.0,0.0,0.0,0.0
22,41609568,+,22,41610121,-,KIRC,584,TCGA-AK-3458-01A,TCGA-AK-3458-01A,1.0,0.0,0.0,0.0,0.0
22,50077538,+,22,50078276,-,KIRC,585,TCGA-AK-3458-01A,TCGA-AK-3458-01A,1.0,0.0,0.0,0.0,0.0
3,86235322,-,16,79031033,-,KIRC,586,TCGA-AK-3458-01A,TCGA-AK-3458-01A,1.0,0.0,0.0,0.0,0.0
3,86406645,+,5,96646259,-,KIRC,587,TCGA-AK-3458-01A,TCGA-AK-3458-01A,1.0,0.0,0.0,0.0,0.0
3,87878174,-,5,100013305,+,KIRC,588,TCGA-AK-3458-01A,TCGA-AK-3458-01A,1.0,0.0,0.0,0.0,0.0
3,88419254,+,5,97795545,+,KIRC,589,TCGA-AK-3458-01A,TCGA-AK-3458-01A,1.0,0.0,0.0,0.0,0.0
3,88433828,-,10,127529706,+,KIRC,590,TCGA-AK-3458-01A,TCGA-AK-3458-01A,1.0,0.0,0.0,0.0,0.0
3,88723838,+,5,99707755,-,KIRC,591,TCGA-AK-3458-01A,TCGA-AK-3458-01A,1.0,0.0,0.0,0.0,0.0
3,88747607,-,5,95437527,+,KIRC,592,TCGA-AK-3458-01A,TCGA-AK-3458-01A,1.0,0.0,0.0,0.0,0.0
3,89082218,+,5,97800305,-,KIRC,593,TCGA-AK-3458-01A,TCGA-AK-3458-01A,1.0,0.0,0.0,0.0,0.0
3,89084641,-,16,79030031,+,KIRC,594,TCGA-AK-3458-01A,TCGA-AK-3458-01A,1.0,0.0,0.0,0.0,0.0
3,89084740,-,16,79029984,-,KIRC,595,TCGA-AK-3458-01A,TCGA-AK-3458-01A,1.0,0.0,0.0,0.0,0.0
3,89084954,-,16,79029984,-,KIRC,596,TCGA-AK-3458-01A,TCGA-AK-3458-01A,1.0,0.0,0.0,0.0,0.0
3,89124067,+,5,97373781,+,KIRC,597,TCGA-AK-3458-01A,TCGA-AK-3458-01A,1.0,0.0,0.0,0.0,0.0
3,89128763,-,5,98000293,+,KIRC,598,TCGA-AK-3458-01A,TCGA-AK-3458-01A,1.0,0.0,0.0,0.0,0.0
3,89147723,+,16,79113734,+,KIRC,599,TCGA-AK-3458-01A,TCGA-AK-3458-01A,1.0,0.0,0.0,0.0,0.0
3,89651369,-,5,102454721,-,KIRC,600,TCGA-AK-3458-01A,TCGA-AK-3458-01A,1.0,0.0,0.0,0.0,0.0
3,90784742,-,3,91066875,+,KIRC,601,TCGA-AK-3458-01A,TCGA-AK-3458-01A,1.0,0.0,0.0,0.0,0.0
5,49677389,-,5,49710931,+,KIRC,602,TCGA-AK-3458-01A,TCGA-AK-3458-01A,1.0,0.0,0.0,0.0,0.0
5,90826648,-,16,77957501,-,KIRC,603,TCGA-AK-3458-01A,TCGA-AK-3458-01A,1.0,0.0,0.0,0.0,0.0
5,91597349,+,5,175551543,+,KIRC,604,TCGA-AK-3458-01A,TCGA-AK-3458-01A,1.0,0.0,0.0,0.0,0.0
5,94532171,-,5,95555889,+,KIRC,605,TCGA-AK-3458-01A,TCGA-AK-3458-01A,1.0,0.0,0.0,0.0,0.0
5,95438879,-,5,95438948,-,KIRC,606,TCGA-AK-3458-01A,TCGA-AK-3458-01A,1.0,0.0,0.0,0.0,0.0
5,95439024,+,10,127455017,-,KIRC,607,TCGA-AK-3458-01A,TCGA-AK-3458-01A,1.0,0.0,0.0,0.0,0.0
5,95439221,-,10,127455017,-,KIRC,608,TCGA-AK-3458-01A,TCGA-AK-3458-01A,1.0,0.0,0.0,0.0,0.0
5,96950735,+,10,127451262,+,KIRC,609,TCGA-AK-3458-01A,TCGA-AK-3458-01A,1.0,0.0,0.0,0.0,0.0
5,96954955,-,16,78377374,+,KIRC,610,TCGA-AK-3458-01A,TCGA-AK-3458-01A,1.0,0.0,0.0,0.0,0.0
5,97398896,-,16,78378414,-,KIRC,611,TCGA-AK-3458-01A,TCGA-AK-3458-01A,1.0,0.0,0.0,0.0,0.0
5,97400938,-,5,175685113,-,KIRC,612,TCGA-AK-3458-01A,TCGA-AK-3458-01A,1.0,0.0,0.0,0.0,0.0
5,97400965,+,10,128606148,-,KIRC,613,TCGA-AK-3458-01A,TCGA-AK-3458-01A,1.0,0.0,0.0,0.0,0.0
6,94447628,+,8,38060478,+,KIRC,614,TCGA-AK-3458-01A,TCGA-AK-3458-01A,1.0,0.0,0.0,0.0,0.0
6,106720867,-,6,106723522,-,KIRC,615,TCGA-AK-3458-01A,TCGA-AK-3458-01A,1.0,0.0,0.0,0.0,0.0
6,156170138,-,7,105159527,-,KIRC,616,TCGA-AK-3458-01A,TCGA-AK-3458-01A,1.0,0.0,0.0,0.0,0.0
7,101889051,+,7,101889670,-,KIRC,617,TCGA-AK-3458-01A,TCGA-AK-3458-01A,1.0,0.0,0.0,0.0,0.0
9,83874736,+,9,85749029,+,KIRC,618,TCGA-AK-3458-01A,TCGA-AK-3458-01A,1.0,0.0,0.0,0.0,0.0
1,29418946,+,5,95738985,+,KIRC,619,TCGA-AK-3460-01A,TCGA-AK-3460-01A,1.0,0.0,0.0,0.0,0.0
1,182721088,+,23,148581088,+,KIRC,620,TCGA-AK-3460-01A,TCGA-AK-3460-01A,1.0,0.0,0.0,0.0,0.0
11,52682333,+,11,52943282,-,KIRC,621,TCGA-AK-3460-01A,TCGA-AK-3460-01A,1.0,0.0,0.0,0.0,0.0
11,59632804,+,13,39285959,+,KIRC,622,TCGA-AK-3460-01A,TCGA-AK-3460-01A,1.0,0.0,0.0,0.0,0.0
12,36006456,+,12,37159217,-,KIRC,623,TCGA-AK-3460-01A,TCGA-AK-3460-01A,1.0,0.0,0.0,0.0,0.0
12,76772645,-,19,10715008,-,KIRC,624,TCGA-AK-3460-01A,TCGA-AK-3460-01A,1.0,0.0,0.0,0.0,0.0
14,98359270,-,23,1048752,-,KIRC,625,TCGA-AK-3460-01A,TCGA-AK-3460-01A,1.0,0.0,0.0,0.0,0.0
16,69810712,+,16,69812619,-,KIRC,626,TCGA-AK-3460-01A,TCGA-AK-3460-01A,1.0,0.0,0.0,0.0,0.0
18,18931982,-,18,19705921,+,KIRC,627,TCGA-AK-3460-01A,TCGA-AK-3460-01A,1.0,0.0,0.0,0.0,0.0
3,32945677,+,3,57744833,+,KIRC,628,TCGA-AK-3460-01A,TCGA-AK-3460-01A,1.0,0.0,0.0,0.0,0.0
5,32070906,+,23,65494657,-,KIRC,629,TCGA-AK-3460-01A,TCGA-AK-3460-01A,1.0,0.0,0.0,0.0,0.0
23,142015660,-,23,142017012,+,KIRC,630,TCGA-AK-3460-01A,TCGA-AK-3460-01A,1.0,0.0,0.0,0.0,0.0
1,34802116,-,22,27478180,-,KIRC,631,TCGA-AK-3461-01A,TCGA-AK-3461-01A,1.0,0.0,0.0,0.0,0.0
1,58729710,+,20,60627922,+,KIRC,632,TCGA-AK-3461-01A,TCGA-AK-3461-01A,1.0,0.0,0.0,0.0,0.0
10,73599902,-,20,37679421,-,KIRC,633,TCGA-AK-3461-01A,TCGA-AK-3461-01A,1.0,0.0,0.0,0.0,0.0
11,54386531,-,11,54413180,+,KIRC,634,TCGA-AK-3461-01A,TCGA-AK-3461-01A,1.0,0.0,0.0,0.0,0.0
17,23100065,+,17,23172638,-,KIRC,635,TCGA-AK-3461-01A,TCGA-AK-3461-01A,1.0,0.0,0.0,0.0,0.0
18,15511779,+,18,15685567,-,KIRC,636,TCGA-AK-3461-01A,TCGA-AK-3461-01A,1.0,0.0,0.0,0.0,0.0
2,21192477,-,16,27440220,-,KIRC,637,TCGA-AK-3461-01A,TCGA-AK-3461-01A,1.0,0.0,0.0,0.0,0.0
2,31211672,-,13,84139130,-,KIRC,638,TCGA-AK-3461-01A,TCGA-AK-3461-01A,1.0,0.0,0.0,0.0,0.0
2,184531565,-,14,73834986,+,KIRC,639,TCGA-AK-3461-01A,TCGA-AK-3461-01A,1.0,0.0,0.0,0.0,0.0
20,29909441,+,20,30030439,-,KIRC,640,TCGA-AK-3461-01A,TCGA-AK-3461-01A,1.0,0.0,0.0,0.0,0.0
3,136536387,-,6,99411863,+,KIRC,641,TCGA-AK-3461-01A,TCGA-AK-3461-01A,1.0,0.0,0.0,0.0,0.0
5,49680473,+,5,49697348,-,KIRC,642,TCGA-AK-3461-01A,TCGA-AK-3461-01A,1.0,0.0,0.0,0.0,0.0
1,117357345,+,1,117385945,-,KIRC,643,TCGA-AK-3465-01A,TCGA-AK-3465-01A,1.0,0.0,0.0,0.0,0.0
12,58966079,+,23,122413054,-,KIRC,644,TCGA-AK-3465-01A,TCGA-AK-3465-01A,1.0,0.0,0.0,0.0,0.0
20,30463250,+,24,10208243,+,KIRC,645,TCGA-AK-3465-01A,TCGA-AK-3465-01A,1.0,0.0,0.0,0.0,0.0
3,61732709,-,7,83555000,+,KIRC,646,TCGA-AK-3465-01A,TCGA-AK-3465-01A,1.0,0.0,0.0,0.0,0.0
4,50004947,+,4,51644642,-,KIRC,647,TCGA-AK-3465-01A,TCGA-AK-3465-01A,1.0,0.0,0.0,0.0,0.0
4,102670768,+,4,102746917,-,KIRC,648,TCGA-AK-3465-01A,TCGA-AK-3465-01A,1.0,0.0,0.0,0.0,0.0
4,164864311,-,8,56249570,-,KIRC,649,TCGA-AK-3465-01A,TCGA-AK-3465-01A,1.0,0.0,0.0,0.0,0.0
5,1300473,+,21,15413533,-,KIRC,650,TCGA-AK-3465-01A,TCGA-AK-3465-01A,1.0,0.0,0.0,0.0,0.0
5,1332896,-,21,15468074,+,KIRC,651,TCGA-AK-3465-01A,TCGA-AK-3465-01A,1.0,0.0,0.0,0.0,0.0
5,151993877,+,11,54987825,+,KIRC,652,TCGA-AK-3465-01A,TCGA-AK-3465-01A,1.0,0.0,0.0,0.0,0.0
7,56838570,+,7,63738752,+,KIRC,653,TCGA-AK-3465-01A,TCGA-AK-3465-01A,1.0,0.0,0.0,0.0,0.0
7,75923082,+,23,148465003,-,KIRC,654,TCGA-AK-3465-01A,TCGA-AK-3465-01A,1.0,0.0,0.0,0.0,0.0
9,8507096,+,9,8841272,-,KIRC,655,TCGA-AK-3465-01A,TCGA-AK-3465-01A,1.0,0.0,0.0,0.0,0.0
9,9458849,+,9,9654971,-,KIRC,656,TCGA-AK-3465-01A,TCGA-AK-3465-01A,1.0,0.0,0.0,0.0,0.0
9,113951448,+,16,70835008,+,KIRC,657,TCGA-AK-3465-01A,TCGA-AK-3465-01A,1.0,0.0,0.0,0.0,0.0
1,6937855,+,12,132742759,-,KIRC,658,TCGA-AS-3777-01A,TCGA-AS-3777-01A,1.0,0.0,0.0,0.0,0.0
1,122446680,-,1,122471254,+,KIRC,659,TCGA-AS-3777-01A,TCGA-AS-3777-01A,1.0,0.0,0.0,0.0,0.0
11,52680382,-,11,53344574,+,KIRC,660,TCGA-AS-3777-01A,TCGA-AS-3777-01A,1.0,0.0,0.0,0.0,0.0
13,47924787,+,16,71887643,+,KIRC,661,TCGA-AS-3777-01A,TCGA-AS-3777-01A,1.0,0.0,0.0,0.0,0.0
14,86087908,+,14,86154423,-,KIRC,662,TCGA-AS-3777-01A,TCGA-AS-3777-01A,1.0,0.0,0.0,0.0,0.0
17,7667587,+,17,7693233,-,KIRC,663,TCGA-AS-3777-01A,TCGA-AS-3777-01A,1.0,0.0,0.0,0.0,0.0
18,113221,+,18,20958882,+,KIRC,664,TCGA-AS-3777-01A,TCGA-AS-3777-01A,1.0,0.0,0.0,0.0,0.0
20,15374376,+,20,15840457,-,KIRC,665,TCGA-AS-3777-01A,TCGA-AS-3777-01A,1.0,0.0,0.0,0.0,0.0
20,15562645,+,20,15795026,-,KIRC,666,TCGA-AS-3777-01A,TCGA-AS-3777-01A,1.0,0.0,0.0,0.0,0.0
3,90849948,-,3,91173024,+,KIRC,667,TCGA-AS-3777-01A,TCGA-AS-3777-01A,1.0,0.0,0.0,0.0,0.0
3,91079200,+,3,91115530,-,KIRC,668,TCGA-AS-3777-01A,TCGA-AS-3777-01A,1.0,0.0,0.0,0.0,0.0
5,94947606,-,8,13042731,+,KIRC,669,TCGA-AS-3777-01A,TCGA-AS-3777-01A,1.0,0.0,0.0,0.0,0.0
6,36655683,+,6,36705749,-,KIRC,670,TCGA-AS-3777-01A,TCGA-AS-3777-01A,1.0,0.0,0.0,0.0,0.0
7,60527485,+,7,60535161,-,KIRC,671,TCGA-AS-3777-01A,TCGA-AS-3777-01A,1.0,0.0,0.0,0.0,0.0
7,119571502,+,7,119572743,-,KIRC,672,TCGA-AS-3777-01A,TCGA-AS-3777-01A,1.0,0.0,0.0,0.0,0.0
8,8526099,-,16,19321571,-,KIRC,673,TCGA-AS-3777-01A,TCGA-AS-3777-01A,1.0,0.0,0.0,0.0,0.0
9,40553505,+,21,12982800,+,KIRC,674,TCGA-AS-3777-01A,TCGA-AS-3777-01A,1.0,0.0,0.0,0.0,0.0
10,121588696,+,18,58964873,+,KIRC,675,TCGA-AS-3778-01A,TCGA-AS-3778-01A,1.0,0.0,0.0,0.0,0.0
11,23461829,-,13,106567696,+,KIRC,676,TCGA-AS-3778-01A,TCGA-AS-3778-01A,1.0,0.0,0.0,0.0,0.0
11,23462153,+,23,35485945,-,KIRC,677,TCGA-AS-3778-01A,TCGA-AS-3778-01A,1.0,0.0,0.0,0.0,0.0
12,35217041,-,12,36381306,+,KIRC,678,TCGA-AS-3778-01A,TCGA-AS-3778-01A,1.0,0.0,0.0,0.0,0.0
12,53976949,-,19,14545430,+,KIRC,679,TCGA-AS-3778-01A,TCGA-AS-3778-01A,1.0,0.0,0.0,0.0,0.0
17,21446391,-,17,27004269,+,KIRC,680,TCGA-AS-3778-01A,TCGA-AS-3778-01A,1.0,0.0,0.0,0.0,0.0
18,15636237,-,18,15701208,+,KIRC,681,TCGA-AS-3778-01A,TCGA-AS-3778-01A,1.0,0.0,0.0,0.0,0.0
2,57455579,-,23,134234042,+,KIRC,682,TCGA-AS-3778-01A,TCGA-AS-3778-01A,1.0,0.0,0.0,0.0,0.0
3,74421515,-,3,87492901,-,KIRC,683,TCGA-AS-3778-01A,TCGA-AS-3778-01A,1.0,0.0,0.0,0.0,0.0
3,74421960,+,3,87492895,+,KIRC,684,TCGA-AS-3778-01A,TCGA-AS-3778-01A,1.0,0.0,0.0,0.0,0.0
3,74421981,-,3,85222733,+,KIRC,685,TCGA-AS-3778-01A,TCGA-AS-3778-01A,1.0,0.0,0.0,0.0,0.0
3,74697764,+,3,84378689,+,KIRC,686,TCGA-AS-3778-01A,TCGA-AS-3778-01A,1.0,0.0,0.0,0.0,0.0
3,74697974,-,3,84494492,-,KIRC,687,TCGA-AS-3778-01A,TCGA-AS-3778-01A,1.0,0.0,0.0,0.0,0.0
3,74699351,+,3,79643512,+,KIRC,688,TCGA-AS-3778-01A,TCGA-AS-3778-01A,1.0,0.0,0.0,0.0,0.0
3,79541285,-,3,87497556,+,KIRC,689,TCGA-AS-3778-01A,TCGA-AS-3778-01A,1.0,0.0,0.0,0.0,0.0
3,84341815,-,3,85304044,+,KIRC,690,TCGA-AS-3778-01A,TCGA-AS-3778-01A,1.0,0.0,0.0,0.0,0.0
3,84341816,-,3,87500114,-,KIRC,691,TCGA-AS-3778-01A,TCGA-AS-3778-01A,1.0,0.0,0.0,0.0,0.0
3,85303865,-,3,87500113,-,KIRC,692,TCGA-AS-3778-01A,TCGA-AS-3778-01A,1.0,0.0,0.0,0.0,0.0
3,85304152,-,23,35485832,+,KIRC,693,TCGA-AS-3778-01A,TCGA-AS-3778-01A,1.0,0.0,0.0,0.0,0.0
3,87044653,+,3,87367082,-,KIRC,694,TCGA-AS-3778-01A,TCGA-AS-3778-01A,1.0,0.0,0.0,0.0,0.0
3,184438813,-,9,110145022,+,KIRC,695,TCGA-AS-3778-01A,TCGA-AS-3778-01A,1.0,0.0,0.0,0.0,0.0
5,35011957,+,18,36163299,+,KIRC,696,TCGA-AS-3778-01A,TCGA-AS-3778-01A,1.0,0.0,0.0,0.0,0.0
7,26202004,+,12,95287064,+,KIRC,697,TCGA-AS-3778-01A,TCGA-AS-3778-01A,1.0,0.0,0.0,0.0,0.0
9,41025426,+,12,13470094,+,KIRC,698,TCGA-AS-3778-01A,TCGA-AS-3778-01A,1.0,0.0,0.0,0.0,0.0
10,36154902,-,10,36156175,+,KIRC,699,TCGA-B0-5399-01A,TCGA-B0-5399-01A,1.0,0.0,0.0,0.0,0.0
11,10392147,-,23,125779870,-,KIRC,700,TCGA-B0-5399-01A,TCGA-B0-5399-01A,1.0,0.0,0.0,0.0,0.0
12,676188,-,17,63322238,-,KIRC,701,TCGA-B0-5399-01A,TCGA-B0-5399-01A,1.0,0.0,0.0,0.0,0.0
18,15678978,-,18,15772395,+,KIRC,702,TCGA-B0-5399-01A,TCGA-B0-5399-01A,1.0,0.0,0.0,0.0,0.0
2,91779493,-,13,18262919,-,KIRC,703,TCGA-B0-5399-01A,TCGA-B0-5399-01A,1.0,0.0,0.0,0.0,0.0
3,108633554,-,4,101966056,+,KIRC,704,TCGA-B0-5399-01A,TCGA-B0-5399-01A,1.0,0.0,0.0,0.0,0.0
4,49735104,+,4,50189392,-,KIRC,705,TCGA-B0-5399-01A,TCGA-B0-5399-01A,1.0,0.0,0.0,0.0,0.0
4,101951951,-,4,101994094,+,KIRC,706,TCGA-B0-5399-01A,TCGA-B0-5399-01A,1.0,0.0,0.0,0.0,0.0
4,101977290,-,4,101995631,-,KIRC,707,TCGA-B0-5399-01A,TCGA-B0-5399-01A,1.0,0.0,0.0,0.0,0.0
4,103374947,+,4,103437497,+,KIRC,708,TCGA-B0-5399-01A,TCGA-B0-5399-01A,1.0,0.0,0.0,0.0,0.0
4,103392435,-,4,105445398,-,KIRC,709,TCGA-B0-5399-01A,TCGA-B0-5399-01A,1.0,0.0,0.0,0.0,0.0
5,16311681,+,5,16412578,-,KIRC,710,TCGA-B0-5399-01A,TCGA-B0-5399-01A,1.0,0.0,0.0,0.0,0.0
1,82258983,+,11,114037327,+,KIRC,711,TCGA-B0-5698-01A,TCGA-B0-5698-01A,1.0,0.0,0.0,0.0,0.0
1,122444174,+,1,122453794,-,KIRC,712,TCGA-B0-5698-01A,TCGA-B0-5698-01A,1.0,0.0,0.0,0.0,0.0
1,182853101,+,3,44135074,+,KIRC,713,TCGA-B0-5698-01A,TCGA-B0-5698-01A,1.0,0.0,0.0,0.0,0.0
12,33467449,-,12,33497698,+,KIRC,714,TCGA-B0-5698-01A,TCGA-B0-5698-01A,1.0,0.0,0.0,0.0,0.0
12,34805787,+,12,34808808,-,KIRC,715,TCGA-B0-5698-01A,TCGA-B0-5698-01A,1.0,0.0,0.0,0.0,0.0
15,72259048,-,15,72259184,+,KIRC,716,TCGA-B0-5698-01A,TCGA-B0-5698-01A,1.0,0.0,0.0,0.0,0.0
17,22929926,-,17,23176226,+,KIRC,717,TCGA-B0-5698-01A,TCGA-B0-5698-01A,1.0,0.0,0.0,0.0,0.0
18,14289008,-,18,14324590,+,KIRC,718,TCGA-B0-5698-01A,TCGA-B0-5698-01A,1.0,0.0,0.0,0.0,0.0
18,15684419,-,18,15702664,+,KIRC,719,TCGA-B0-5698-01A,TCGA-B0-5698-01A,1.0,0.0,0.0,0.0,0.0
19,28040082,-,19,28968892,+,KIRC,720,TCGA-B0-5698-01A,TCGA-B0-5698-01A,1.0,0.0,0.0,0.0,0.0
2,86835387,+,2,106514000,+,KIRC,721,TCGA-B0-5698-01A,TCGA-B0-5698-01A,1.0,0.0,0.0,0.0,0.0
2,100520014,-,23,32452524,+,KIRC,722,TCGA-B0-5698-01A,TCGA-B0-5698-01A,1.0,0.0,0.0,0.0,0.0
3,74763866,-,5,114967490,-,KIRC,723,TCGA-B0-5698-01A,TCGA-B0-5698-01A,1.0,0.0,0.0,0.0,0.0
3,91024090,-,3,91212165,+,KIRC,724,TCGA-B0-5698-01A,TCGA-B0-5698-01A,1.0,0.0,0.0,0.0,0.0
5,24370402,-,7,8847074,-,KIRC,725,TCGA-B0-5698-01A,TCGA-B0-5698-01A,1.0,0.0,0.0,0.0,0.0
8,143971959,+,17,46076042,-,KIRC,726,TCGA-B0-5698-01A,TCGA-B0-5698-01A,1.0,0.0,0.0,0.0,0.0
8,143972075,-,17,46076022,+,KIRC,727,TCGA-B0-5698-01A,TCGA-B0-5698-01A,1.0,0.0,0.0,0.0,0.0
1,122262284,+,1,122348288,-,KIRC,728,TCGA-B2-3923-01A,TCGA-B2-3923-01A,1.0,0.0,0.0,0.0,0.0
10,39574516,-,10,41282318,+,KIRC,729,TCGA-B2-3923-01A,TCGA-B2-3923-01A,1.0,0.0,0.0,0.0,0.0
13,16385741,+,13,17059413,-,KIRC,730,TCGA-B2-3923-01A,TCGA-B2-3923-01A,1.0,0.0,0.0,0.0,0.0
13,35476350,+,14,92071011,-,KIRC,731,TCGA-B2-3923-01A,TCGA-B2-3923-01A,1.0,0.0,0.0,0.0,0.0
13,112678787,-,19,50391711,+,KIRC,732,TCGA-B2-3923-01A,TCGA-B2-3923-01A,1.0,0.0,0.0,0.0,0.0
14,102094630,-,15,77185735,+,KIRC,733,TCGA-B2-3923-01A,TCGA-B2-3923-01A,1.0,0.0,0.0,0.0,0.0
16,10241386,+,16,10264673,-,KIRC,734,TCGA-B2-3923-01A,TCGA-B2-3923-01A,1.0,0.0,0.0,0.0,0.0
17,22830039,+,17,23080997,-,KIRC,735,TCGA-B2-3923-01A,TCGA-B2-3923-01A,1.0,0.0,0.0,0.0,0.0
20,15090518,+,20,15409853,-,KIRC,736,TCGA-B2-3923-01A,TCGA-B2-3923-01A,1.0,0.0,0.0,0.0,0.0
20,26381821,+,20,28318207,-,KIRC,737,TCGA-B2-3923-01A,TCGA-B2-3923-01A,1.0,0.0,0.0,0.0,0.0
3,91181696,+,3,91183195,-,KIRC,738,TCGA-B2-3923-01A,TCGA-B2-3923-01A,1.0,0.0,0.0,0.0,0.0
9,88172829,+,18,5715211,+,KIRC,739,TCGA-B2-3923-01A,TCGA-B2-3923-01A,1.0,0.0,0.0,0.0,0.0
9,112298246,-,9,112298460,+,KIRC,740,TCGA-B2-3923-01A,TCGA-B2-3923-01A,1.0,0.0,0.0,0.0,0.0
1,2458077,+,16,74526265,+,KIRC,741,TCGA-B2-4098-01A,TCGA-B2-4098-01A,1.0,0.0,0.0,0.0,0.0
1,24794660,+,16,74585092,-,KIRC,742,TCGA-B2-4098-01A,TCGA-B2-4098-01A,1.0,0.0,0.0,0.0,0.0
1,25026498,+,1,29001463,+,KIRC,743,TCGA-B2-4098-01A,TCGA-B2-4098-01A,1.0,0.0,0.0,0.0,0.0
1,50361121,+,1,245725366,-,KIRC,744,TCGA-B2-4098-01A,TCGA-B2-4098-01A,1.0,0.0,0.0,0.0,0.0
1,199960032,-,10,90119646,-,KIRC,745,TCGA-B2-4098-01A,TCGA-B2-4098-01A,1.0,0.0,0.0,0.0,0.0
10,13636606,-,10,13636792,+,KIRC,746,TCGA-B2-4098-01A,TCGA-B2-4098-01A,1.0,0.0,0.0,0.0,0.0
11,56644189,+,20,34654055,+,KIRC,747,TCGA-B2-4098-01A,TCGA-B2-4098-01A,1.0,0.0,0.0,0.0,0.0
14,26760648,-,14,67586506,+,KIRC,748,TCGA-B2-4098-01A,TCGA-B2-4098-01A,1.0,0.0,0.0,0.0,0.0
14,26761402,+,14,98610104,-,KIRC,749,TCGA-B2-4098-01A,TCGA-B2-4098-01A,1.0,0.0,0.0,0.0,0.0
14,48101613,-,16,82219421,+,KIRC,750,TCGA-B2-4098-01A,TCGA-B2-4098-01A,1.0,0.0,0.0,0.0,0.0
14,67381183,-,16,74488040,-,KIRC,751,TCGA-B2-4098-01A,TCGA-B2-4098-01A,1.0,0.0,0.0,0.0,0.0
14,67619855,-,16,70585811,+,KIRC,752,TCGA-B2-4098-01A,TCGA-B2-4098-01A,1.0,0.0,0.0,0.0,0.0
14,67761672,+,14,67797208,-,KIRC,753,TCGA-B2-4098-01A,TCGA-B2-4098-01A,1.0,0.0,0.0,0.0,0.0
15,24280257,+,15,24446284,-,KIRC,754,TCGA-B2-4098-01A,TCGA-B2-4098-01A,1.0,0.0,0.0,0.0,0.0
17,20818376,+,17,57042632,+,KIRC,755,TCGA-B2-4098-01A,TCGA-B2-4098-01A,1.0,0.0,0.0,0.0,0.0
18,15911663,+,18,16811475,-,KIRC,756,TCGA-B2-4098-01A,TCGA-B2-4098-01A,1.0,0.0,0.0,0.0,0.0
4,49223433,-,14,67876067,+,KIRC,757,TCGA-B2-4098-01A,TCGA-B2-4098-01A,1.0,0.0,0.0,0.0,0.0
4,49240989,-,14,52997337,-,KIRC,758,TCGA-B2-4098-01A,TCGA-B2-4098-01A,1.0,0.0,0.0,0.0,0.0
7,35911689,-,7,56150057,+,KIRC,759,TCGA-B2-4098-01A,TCGA-B2-4098-01A,1.0,0.0,0.0,0.0,0.0
7,133009504,-,10,101521766,+,KIRC,760,TCGA-B2-4098-01A,TCGA-B2-4098-01A,1.0,0.0,0.0,0.0,0.0
8,96250018,+,8,96251343,-,KIRC,761,TCGA-B2-4098-01A,TCGA-B2-4098-01A,1.0,0.0,0.0,0.0,0.0
1,37364573,-,11,63840872,-,KIRC,762,TCGA-B2-4099-01A,TCGA-B2-4099-01A,1.0,0.0,0.0,0.0,0.0
1,199161083,+,19,54300253,+,KIRC,763,TCGA-B2-4099-01A,TCGA-B2-4099-01A,1.0,0.0,0.0,0.0,0.0
10,38327285,-,11,126521725,+,KIRC,764,TCGA-B2-4099-01A,TCGA-B2-4099-01A,1.0,0.0,0.0,0.0,0.0
11,86939404,+,16,29450747,-,KIRC,765,TCGA-B2-4099-01A,TCGA-B2-4099-01A,1.0,0.0,0.0,0.0,0.0
17,5235238,+,17,5236274,-,KIRC,766,TCGA-B2-4099-01A,TCGA-B2-4099-01A,1.0,0.0,0.0,0.0,0.0
3,71003643,-,5,97451933,-,KIRC,767,TCGA-B2-4099-01A,TCGA-B2-4099-01A,1.0,0.0,0.0,0.0,0.0
5,20509639,+,6,150048882,-,KIRC,768,TCGA-B2-4099-01A,TCGA-B2-4099-01A,1.0,0.0,0.0,0.0,0.0
5,97332391,-,5,97403335,-,KIRC,769,TCGA-B2-4099-01A,TCGA-B2-4099-01A,1.0,0.0,0.0,0.0,0.0
5,97361448,+,5,97453766,+,KIRC,770,TCGA-B2-4099-01A,TCGA-B2-4099-01A,1.0,0.0,0.0,0.0,0.0
5,97409425,+,5,97457898,-,KIRC,771,TCGA-B2-4099-01A,TCGA-B2-4099-01A,1.0,0.0,0.0,0.0,0.0
1,6404580,-,3,2778101,+,KIRC,772,TCGA-B2-4102-01A,TCGA-B2-4102-01A,1.0,0.0,0.0,0.0,0.0
1,153169974,-,1,153170238,-,KIRC,773,TCGA-B2-4102-01A,TCGA-B2-4102-01A,1.0,0.0,0.0,0.0,0.0
10,106539858,-,10,106541755,+,KIRC,774,TCGA-B2-4102-01A,TCGA-B2-4102-01A,1.0,0.0,0.0,0.0,0.0
12,14486684,+,12,14492650,-,KIRC,775,TCGA-B2-4102-01A,TCGA-B2-4102-01A,1.0,0.0,0.0,0.0,0.0
12,14486786,+,12,14492708,-,KIRC,776,TCGA-B2-4102-01A,TCGA-B2-4102-01A,1.0,0.0,0.0,0.0,0.0
17,22830349,+,17,23059655,-,KIRC,777,TCGA-B2-4102-01A,TCGA-B2-4102-01A,1.0,0.0,0.0,0.0,0.0
2,94557555,-,2,132218817,+,KIRC,778,TCGA-B2-4102-01A,TCGA-B2-4102-01A,1.0,0.0,0.0,0.0,0.0
2,147777605,+,7,88110842,+,KIRC,779,TCGA-B2-4102-01A,TCGA-B2-4102-01A,1.0,0.0,0.0,0.0,0.0
2,222866745,-,3,128493277,-,KIRC,780,TCGA-B2-4102-01A,TCGA-B2-4102-01A,1.0,0.0,0.0,0.0,0.0
3,60501256,-,5,117750575,-,KIRC,781,TCGA-B2-4102-01A,TCGA-B2-4102-01A,1.0,0.0,0.0,0.0,0.0
3,60642786,+,5,120033643,+,KIRC,782,TCGA-B2-4102-01A,TCGA-B2-4102-01A,1.0,0.0,0.0,0.0,0.0
3,60722990,-,5,123981597,+,KIRC,783,TCGA-B2-4102-01A,TCGA-B2-4102-01A,1.0,0.0,0.0,0.0,0.0
3,60997739,+,5,112418911,+,KIRC,784,TCGA-B2-4102-01A,TCGA-B2-4102-01A,1.0,0.0,0.0,0.0,0.0
3,61032800,-,5,111314928,-,KIRC,785,TCGA-B2-4102-01A,TCGA-B2-4102-01A,1.0,0.0,0.0,0.0,0.0
3,61658990,-,5,120020831,-,KIRC,786,TCGA-B2-4102-01A,TCGA-B2-4102-01A,1.0,0.0,0.0,0.0,0.0
4,49836052,+,4,51623585,-,KIRC,787,TCGA-B2-4102-01A,TCGA-B2-4102-01A,1.0,0.0,0.0,0.0,0.0
5,87643903,-,5,118016412,+,KIRC,788,TCGA-B2-4102-01A,TCGA-B2-4102-01A,1.0,0.0,0.0,0.0,0.0
5,111147196,-,5,115521761,+,KIRC,789,TCGA-B2-4102-01A,TCGA-B2-4102-01A,1.0,0.0,0.0,0.0,0.0
5,111155323,+,5,123733826,+,KIRC,790,TCGA-B2-4102-01A,TCGA-B2-4102-01A,1.0,0.0,0.0,0.0,0.0
5,111444870,-,5,121029228,+,KIRC,791,TCGA-B2-4102-01A,TCGA-B2-4102-01A,1.0,0.0,0.0,0.0,0.0
5,112446105,-,5,123551697,+,KIRC,792,TCGA-B2-4102-01A,TCGA-B2-4102-01A,1.0,0.0,0.0,0.0,0.0
5,115663539,-,5,123768252,-,KIRC,793,TCGA-B2-4102-01A,TCGA-B2-4102-01A,1.0,0.0,0.0,0.0,0.0
5,120099565,-,5,123540300,-,KIRC,794,TCGA-B2-4102-01A,TCGA-B2-4102-01A,1.0,0.0,0.0,0.0,0.0
7,116555477,+,11,3895811,+,KIRC,795,TCGA-B2-4102-01A,TCGA-B2-4102-01A,1.0,0.0,0.0,0.0,0.0
8,121970092,-,11,34877950,+,KIRC,796,TCGA-B2-4102-01A,TCGA-B2-4102-01A,1.0,0.0,0.0,0.0,0.0
1,122228052,+,1,122395364,-,KIRC,797,TCGA-B2-5636-01A,TCGA-B2-5636-01A,1.0,0.0,0.0,0.0,0.0
1,164716730,+,13,95296136,-,KIRC,798,TCGA-B2-5636-01A,TCGA-B2-5636-01A,1.0,0.0,0.0,0.0,0.0
12,35210907,+,12,35941005,-,KIRC,799,TCGA-B2-5636-01A,TCGA-B2-5636-01A,1.0,0.0,0.0,0.0,0.0
13,16938790,+,13,16985858,-,KIRC,800,TCGA-B2-5636-01A,TCGA-B2-5636-01A,1.0,0.0,0.0,0.0,0.0
17,23028501,-,17,23043104,+,KIRC,801,TCGA-B2-5636-01A,TCGA-B2-5636-01A,1.0,0.0,0.0,0.0,0.0
20,29937114,+,20,30007611,-,KIRC,802,TCGA-B2-5636-01A,TCGA-B2-5636-01A,1.0,0.0,0.0,0.0,0.0
3,91059925,+,3,91089405,-,KIRC,803,TCGA-B2-5636-01A,TCGA-B2-5636-01A,1.0,0.0,0.0,0.0,0.0
5,49941161,+,5,49952350,-,KIRC,804,TCGA-B2-5636-01A,TCGA-B2-5636-01A,1.0,0.0,0.0,0.0,0.0
7,12755146,+,7,15826390,+,KIRC,805,TCGA-B2-5636-01A,TCGA-B2-5636-01A,1.0,0.0,0.0,0.0,0.0
8,7102177,+,16,5249892,-,KIRC,806,TCGA-B2-5636-01A,TCGA-B2-5636-01A,1.0,0.0,0.0,0.0,0.0
11,16498420,+,11,16642015,+,KIRC,807,TCGA-B2-5639-01A,TCGA-B2-5639-01A,1.0,0.0,0.0,0.0,0.0
11,54349499,-,11,54391726,+,KIRC,808,TCGA-B2-5639-01A,TCGA-B2-5639-01A,1.0,0.0,0.0,0.0,0.0
11,80198814,-,11,80224914,+,KIRC,809,TCGA-B2-5639-01A,TCGA-B2-5639-01A,1.0,0.0,0.0,0.0,0.0
12,33467464,-,12,33497721,+,KIRC,810,TCGA-B2-5639-01A,TCGA-B2-5639-01A,1.0,0.0,0.0,0.0,0.0
12,95450812,-,12,95450972,+,KIRC,811,TCGA-B2-5639-01A,TCGA-B2-5639-01A,1.0,0.0,0.0,0.0,0.0
15,43062423,+,15,43077544,-,KIRC,812,TCGA-B2-5639-01A,TCGA-B2-5639-01A,1.0,0.0,0.0,0.0,0.0
18,7944623,+,18,7961518,-,KIRC,813,TCGA-B2-5639-01A,TCGA-B2-5639-01A,1.0,0.0,0.0,0.0,0.0
18,7966545,+,18,8032888,-,KIRC,814,TCGA-B2-5639-01A,TCGA-B2-5639-01A,1.0,0.0,0.0,0.0,0.0
2,141032785,-,3,43552495,-,KIRC,815,TCGA-B2-5639-01A,TCGA-B2-5639-01A,1.0,0.0,0.0,0.0,0.0
2,222116463,-,7,125948729,+,KIRC,816,TCGA-B2-5639-01A,TCGA-B2-5639-01A,1.0,0.0,0.0,0.0,0.0
3,116115704,-,16,47469671,+,KIRC,817,TCGA-B2-5639-01A,TCGA-B2-5639-01A,1.0,0.0,0.0,0.0,0.0
5,129147477,-,7,52680516,-,KIRC,818,TCGA-B2-5639-01A,TCGA-B2-5639-01A,1.0,0.0,0.0,0.0,0.0
5,129404115,+,7,46257335,-,KIRC,819,TCGA-B2-5639-01A,TCGA-B2-5639-01A,1.0,0.0,0.0,0.0,0.0
5,129453520,-,7,47001548,+,KIRC,820,TCGA-B2-5639-01A,TCGA-B2-5639-01A,1.0,0.0,0.0,0.0,0.0
5,129480179,+,7,44552491,+,KIRC,821,TCGA-B2-5639-01A,TCGA-B2-5639-01A,1.0,0.0,0.0,0.0,0.0
5,129550454,-,5,131559632,-,KIRC,822,TCGA-B2-5639-01A,TCGA-B2-5639-01A,1.0,0.0,0.0,0.0,0.0
5,129643664,+,7,44448715,-,KIRC,823,TCGA-B2-5639-01A,TCGA-B2-5639-01A,1.0,0.0,0.0,0.0,0.0
6,96940349,-,6,96973845,+,KIRC,824,TCGA-B2-5639-01A,TCGA-B2-5639-01A,1.0,0.0,0.0,0.0,0.0
6,96940426,+,6,96973763,+,KIRC,825,TCGA-B2-5639-01A,TCGA-B2-5639-01A,1.0,0.0,0.0,0.0,0.0
6,96940452,+,6,96973689,-,KIRC,826,TCGA-B2-5639-01A,TCGA-B2-5639-01A,1.0,0.0,0.0,0.0,0.0
6,96940525,+,6,96973455,-,KIRC,827,TCGA-B2-5639-01A,TCGA-B2-5639-01A,1.0,0.0,0.0,0.0,0.0
6,96941804,-,6,97062073,-,KIRC,828,TCGA-B2-5639-01A,TCGA-B2-5639-01A,1.0,0.0,0.0,0.0,0.0
1,28156168,-,11,118810690,+,KIRC,829,TCGA-B2-5641-01A,TCGA-B2-5641-01A,1.0,0.0,0.0,0.0,0.0
1,180221267,-,1,180311244,+,KIRC,830,TCGA-B2-5641-01A,TCGA-B2-5641-01A,1.0,0.0,0.0,0.0,0.0
10,3049976,-,10,3066056,+,KIRC,831,TCGA-B2-5641-01A,TCGA-B2-5641-01A,1.0,0.0,0.0,0.0,0.0
10,41117105,-,10,41387688,+,KIRC,832,TCGA-B2-5641-01A,TCGA-B2-5641-01A,1.0,0.0,0.0,0.0,0.0
10,51148345,+,10,51570581,-,KIRC,833,TCGA-B2-5641-01A,TCGA-B2-5641-01A,1.0,0.0,0.0,0.0,0.0
10,68380470,-,15,42598744,+,KIRC,834,TCGA-B2-5641-01A,TCGA-B2-5641-01A,1.0,0.0,0.0,0.0,0.0
10,68958723,+,15,42612202,-,KIRC,835,TCGA-B2-5641-01A,TCGA-B2-5641-01A,1.0,0.0,0.0,0.0,0.0
11,51987102,-,11,52558546,+,KIRC,836,TCGA-B2-5641-01A,TCGA-B2-5641-01A,1.0,0.0,0.0,0.0,0.0
11,78695894,+,11,79463008,-,KIRC,837,TCGA-B2-5641-01A,TCGA-B2-5641-01A,1.0,0.0,0.0,0.0,0.0
11,86004437,-,11,86009749,-,KIRC,838,TCGA-B2-5641-01A,TCGA-B2-5641-01A,1.0,0.0,0.0,0.0,0.0
11,115890961,+,11,115891733,-,KIRC,839,TCGA-B2-5641-01A,TCGA-B2-5641-01A,1.0,0.0,0.0,0.0,0.0
11,122328953,+,11,127038840,+,KIRC,840,TCGA-B2-5641-01A,TCGA-B2-5641-01A,1.0,0.0,0.0,0.0,0.0
11,122360613,-,11,125250777,+,KIRC,841,TCGA-B2-5641-01A,TCGA-B2-5641-01A,1.0,0.0,0.0,0.0,0.0
11,123459206,+,11,125358127,+,KIRC,842,TCGA-B2-5641-01A,TCGA-B2-5641-01A,1.0,0.0,0.0,0.0,0.0
11,123535728,-,11,127044896,-,KIRC,843,TCGA-B2-5641-01A,TCGA-B2-5641-01A,1.0,0.0,0.0,0.0,0.0
11,124463455,+,11,126127298,+,KIRC,844,TCGA-B2-5641-01A,TCGA-B2-5641-01A,1.0,0.0,0.0,0.0,0.0
11,125246743,-,11,125442081,-,KIRC,845,TCGA-B2-5641-01A,TCGA-B2-5641-01A,1.0,0.0,0.0,0.0,0.0
11,125252677,-,11,130111890,-,KIRC,846,TCGA-B2-5641-01A,TCGA-B2-5641-01A,1.0,0.0,0.0,0.0,0.0
11,125260535,+,11,125299699,-,KIRC,847,TCGA-B2-5641-01A,TCGA-B2-5641-01A,1.0,0.0,0.0,0.0,0.0
11,125447805,+,11,126124544,+,KIRC,848,TCGA-B2-5641-01A,TCGA-B2-5641-01A,1.0,0.0,0.0,0.0,0.0
11,125449043,-,11,126125908,-,KIRC,849,TCGA-B2-5641-01A,TCGA-B2-5641-01A,1.0,0.0,0.0,0.0,0.0
11,125450308,+,11,126178907,-,KIRC,850,TCGA-B2-5641-01A,TCGA-B2-5641-01A,1.0,0.0,0.0,0.0,0.0
11,126121306,-,11,127046616,+,KIRC,851,TCGA-B2-5641-01A,TCGA-B2-5641-01A,1.0,0.0,0.0,0.0,0.0
12,37315972,+,12,37379977,+,KIRC,852,TCGA-B2-5641-01A,TCGA-B2-5641-01A,1.0,0.0,0.0,0.0,0.0
12,53425929,-,12,53429296,+,KIRC,853,TCGA-B2-5641-01A,TCGA-B2-5641-01A,1.0,0.0,0.0,0.0,0.0
12,106960819,-,12,106994525,+,KIRC,854,TCGA-B2-5641-01A,TCGA-B2-5641-01A,1.0,0.0,0.0,0.0,0.0
12,124323155,-,12,124324154,+,KIRC,855,TCGA-B2-5641-01A,TCGA-B2-5641-01A,1.0,0.0,0.0,0.0,0.0
13,86497944,-,13,86498492,-,KIRC,856,TCGA-B2-5641-01A,TCGA-B2-5641-01A,1.0,0.0,0.0,0.0,0.0
13,93238185,+,13,93375385,-,KIRC,857,TCGA-B2-5641-01A,TCGA-B2-5641-01A,1.0,0.0,0.0,0.0,0.0
14,51178179,-,15,95749148,+,KIRC,858,TCGA-B2-5641-01A,TCGA-B2-5641-01A,1.0,0.0,0.0,0.0,0.0
14,55079737,-,14,55095272,+,KIRC,859,TCGA-B2-5641-01A,TCGA-B2-5641-01A,1.0,0.0,0.0,0.0,0.0
14,73203350,-,14,73239802,+,KIRC,860,TCGA-B2-5641-01A,TCGA-B2-5641-01A,1.0,0.0,0.0,0.0,0.0
14,91256638,-,14,91264193,+,KIRC,861,TCGA-B2-5641-01A,TCGA-B2-5641-01A,1.0,0.0,0.0,0.0,0.0
14,102094607,-,15,77185758,+,KIRC,862,TCGA-B2-5641-01A,TCGA-B2-5641-01A,1.0,0.0,0.0,0.0,0.0
15,17083876,-,15,18048588,+,KIRC,863,TCGA-B2-5641-01A,TCGA-B2-5641-01A,1.0,0.0,0.0,0.0,0.0
16,11918865,-,16,11976041,+,KIRC,864,TCGA-B2-5641-01A,TCGA-B2-5641-01A,1.0,0.0,0.0,0.0,0.0
17,22446289,+,17,22455099,-,KIRC,865,TCGA-B2-5641-01A,TCGA-B2-5641-01A,1.0,0.0,0.0,0.0,0.0
18,15678972,-,18,15772379,+,KIRC,866,TCGA-B2-5641-01A,TCGA-B2-5641-01A,1.0,0.0,0.0,0.0,0.0
18,58790333,-,18,58847444,+,KIRC,867,TCGA-B2-5641-01A,TCGA-B2-5641-01A,1.0,0.0,0.0,0.0,0.0
19,11839848,-,19,11840017,+,KIRC,868,TCGA-B2-5641-01A,TCGA-B2-5641-01A,1.0,0.0,0.0,0.0,0.0
19,37675621,+,19,37692940,-,KIRC,869,TCGA-B2-5641-01A,TCGA-B2-5641-01A,1.0,0.0,0.0,0.0,0.0
19,37698714,+,19,39836992,-,KIRC,870,TCGA-B2-5641-01A,TCGA-B2-5641-01A,1.0,0.0,0.0,0.0,0.0
2,29583552,-,8,41679875,+,KIRC,871,TCGA-B2-5641-01A,TCGA-B2-5641-01A,1.0,0.0,0.0,0.0,0.0
2,205861947,+,5,119412639,+,KIRC,872,TCGA-B2-5641-01A,TCGA-B2-5641-01A,1.0,0.0,0.0,0.0,0.0
20,26440296,+,20,26588140,-,KIRC,873,TCGA-B2-5641-01A,TCGA-B2-5641-01A,1.0,0.0,0.0,0.0,0.0
20,39769368,-,20,39769490,+,KIRC,874,TCGA-B2-5641-01A,TCGA-B2-5641-01A,1.0,0.0,0.0,0.0,0.0
22,18235995,-,22,18388418,-,KIRC,875,TCGA-B2-5641-01A,TCGA-B2-5641-01A,1.0,0.0,0.0,0.0,0.0
3,27529569,-,3,27552079,+,KIRC,876,TCGA-B2-5641-01A,TCGA-B2-5641-01A,1.0,0.0,0.0,0.0,0.0
3,125649379,-,3,125649512,-,KIRC,877,TCGA-B2-5641-01A,TCGA-B2-5641-01A,1.0,0.0,0.0,0.0,0.0
3,125649463,-,6,93014194,+,KIRC,878,TCGA-B2-5641-01A,TCGA-B2-5641-01A,1.0,0.0,0.0,0.0,0.0
3,125735149,+,3,126569298,+,KIRC,879,TCGA-B2-5641-01A,TCGA-B2-5641-01A,1.0,0.0,0.0,0.0,0.0
3,125787967,+,6,93015774,+,KIRC,880,TCGA-B2-5641-01A,TCGA-B2-5641-01A,1.0,0.0,0.0,0.0,0.0
3,126390256,-,6,93015752,+,KIRC,881,TCGA-B2-5641-01A,TCGA-B2-5641-01A,1.0,0.0,0.0,0.0,0.0
3,126588076,-,5,119715491,-,KIRC,882,TCGA-B2-5641-01A,TCGA-B2-5641-01A,1.0,0.0,0.0,0.0,0.0
3,126793354,+,5,118793936,-,KIRC,883,TCGA-B2-5641-01A,TCGA-B2-5641-01A,1.0,0.0,0.0,0.0,0.0
3,128776197,-,5,119219152,-,KIRC,884,TCGA-B2-5641-01A,TCGA-B2-5641-01A,1.0,0.0,0.0,0.0,0.0
3,190222309,+,17,5125722,+,KIRC,885,TCGA-B2-5641-01A,TCGA-B2-5641-01A,1.0,0.0,0.0,0.0,0.0
4,48659918,-,10,7566922,+,KIRC,886,TCGA-B2-5641-01A,TCGA-B2-5641-01A,1.0,0.0,0.0,0.0,0.0
4,90841868,+,4,90970600,+,KIRC,887,TCGA-B2-5641-01A,TCGA-B2-5641-01A,1.0,0.0,0.0,0.0,0.0
4,90963315,-,4,90969621,-,KIRC,888,TCGA-B2-5641-01A,TCGA-B2-5641-01A,1.0,0.0,0.0,0.0,0.0
5,86650681,+,5,86709999,-,KIRC,889,TCGA-B2-5641-01A,TCGA-B2-5641-01A,1.0,0.0,0.0,0.0,0.0
5,95763803,-,15,25789592,+,KIRC,890,TCGA-B2-5641-01A,TCGA-B2-5641-01A,1.0,0.0,0.0,0.0,0.0
5,148040241,+,5,148077661,-,KIRC,891,TCGA-B2-5641-01A,TCGA-B2-5641-01A,1.0,0.0,0.0,0.0,0.0
6,109649165,+,6,109659864,-,KIRC,892,TCGA-B2-5641-01A,TCGA-B2-5641-01A,1.0,0.0,0.0,0.0,0.0
6,128922901,+,6,128926466,-,KIRC,893,TCGA-B2-5641-01A,TCGA-B2-5641-01A,1.0,0.0,0.0,0.0,0.0
6,129208797,+,6,129213629,-,KIRC,894,TCGA-B2-5641-01A,TCGA-B2-5641-01A,1.0,0.0,0.0,0.0,0.0
7,77293529,+,7,77404476,-,KIRC,895,TCGA-B2-5641-01A,TCGA-B2-5641-01A,1.0,0.0,0.0,0.0,0.0
8,106525341,-,8,106525552,+,KIRC,896,TCGA-B2-5641-01A,TCGA-B2-5641-01A,1.0,0.0,0.0,0.0,0.0
1,87313133,+,1,104370037,-,KIRC,897,TCGA-B2-A4SR-01A,TCGA-B2-A4SR-01A,1.0,0.0,0.0,0.0,0.0
1,162777051,-,11,118253391,+,KIRC,898,TCGA-B2-A4SR-01A,TCGA-B2-A4SR-01A,1.0,0.0,0.0,0.0,0.0
1,188907027,+,1,188928076,-,KIRC,899,TCGA-B2-A4SR-01A,TCGA-B2-A4SR-01A,1.0,0.0,0.0,0.0,0.0
11,63768847,-,11,63936326,+,KIRC,900,TCGA-B2-A4SR-01A,TCGA-B2-A4SR-01A,1.0,0.0,0.0,0.0,0.0
12,27097684,+,12,27612808,-,KIRC,901,TCGA-B2-A4SR-01A,TCGA-B2-A4SR-01A,1.0,0.0,0.0,0.0,0.0
13,18761762,-,18,14318926,-,KIRC,902,TCGA-B2-A4SR-01A,TCGA-B2-A4SR-01A,1.0,0.0,0.0,0.0,0.0
15,22556995,-,15,28218550,-,KIRC,903,TCGA-B2-A4SR-01A,TCGA-B2-A4SR-01A,1.0,0.0,0.0,0.0,0.0
16,34256133,-,16,36322604,+,KIRC,904,TCGA-B2-A4SR-01A,TCGA-B2-A4SR-01A,1.0,0.0,0.0,0.0,0.0
19,4156082,-,20,819311,+,KIRC,905,TCGA-B2-A4SR-01A,TCGA-B2-A4SR-01A,1.0,0.0,0.0,0.0,0.0
3,17978606,-,3,82235540,-,KIRC,906,TCGA-B2-A4SR-01A,TCGA-B2-A4SR-01A,1.0,0.0,0.0,0.0,0.0
3,17979937,+,3,82387068,+,KIRC,907,TCGA-B2-A4SR-01A,TCGA-B2-A4SR-01A,1.0,0.0,0.0,0.0,0.0
3,18227152,-,9,75592774,-,KIRC,908,TCGA-B2-A4SR-01A,TCGA-B2-A4SR-01A,1.0,0.0,0.0,0.0,0.0
3,18248955,+,8,40545657,-,KIRC,909,TCGA-B2-A4SR-01A,TCGA-B2-A4SR-01A,1.0,0.0,0.0,0.0,0.0
3,77429724,-,8,41380053,+,KIRC,910,TCGA-B2-A4SR-01A,TCGA-B2-A4SR-01A,1.0,0.0,0.0,0.0,0.0
3,77445086,+,8,91034122,-,KIRC,911,TCGA-B2-A4SR-01A,TCGA-B2-A4SR-01A,1.0,0.0,0.0,0.0,0.0
3,77742413,-,12,126928684,+,KIRC,912,TCGA-B2-A4SR-01A,TCGA-B2-A4SR-01A,1.0,0.0,0.0,0.0,0.0
3,78621643,-,3,82240040,-,KIRC,913,TCGA-B2-A4SR-01A,TCGA-B2-A4SR-01A,1.0,0.0,0.0,0.0,0.0
3,78622014,+,8,83521529,-,KIRC,914,TCGA-B2-A4SR-01A,TCGA-B2-A4SR-01A,1.0,0.0,0.0,0.0,0.0
3,81924123,-,3,82733552,-,KIRC,915,TCGA-B2-A4SR-01A,TCGA-B2-A4SR-01A,1.0,0.0,0.0,0.0,0.0
3,81938686,+,3,82729514,-,KIRC,916,TCGA-B2-A4SR-01A,TCGA-B2-A4SR-01A,1.0,0.0,0.0,0.0,0.0
3,82173908,-,3,82193750,+,KIRC,917,TCGA-B2-A4SR-01A,TCGA-B2-A4SR-01A,1.0,0.0,0.0,0.0,0.0
3,82193022,+,8,130023599,+,KIRC,918,TCGA-B2-A4SR-01A,TCGA-B2-A4SR-01A,1.0,0.0,0.0,0.0,0.0
3,82193038,-,8,81648405,+,KIRC,919,TCGA-B2-A4SR-01A,TCGA-B2-A4SR-01A,1.0,0.0,0.0,0.0,0.0
3,82235368,-,3,82238640,+,KIRC,920,TCGA-B2-A4SR-01A,TCGA-B2-A4SR-01A,1.0,0.0,0.0,0.0,0.0
3,82235907,+,8,92158378,-,KIRC,921,TCGA-B2-A4SR-01A,TCGA-B2-A4SR-01A,1.0,0.0,0.0,0.0,0.0
3,82236927,+,3,82698009,+,KIRC,922,TCGA-B2-A4SR-01A,TCGA-B2-A4SR-01A,1.0,0.0,0.0,0.0,0.0
3,82237464,-,8,83524199,+,KIRC,923,TCGA-B2-A4SR-01A,TCGA-B2-A4SR-01A,1.0,0.0,0.0,0.0,0.0
3,82240846,+,9,75615231,+,KIRC,924,TCGA-B2-A4SR-01A,TCGA-B2-A4SR-01A,1.0,0.0,0.0,0.0,0.0
3,82244413,-,3,82734472,+,KIRC,925,TCGA-B2-A4SR-01A,TCGA-B2-A4SR-01A,1.0,0.0,0.0,0.0,0.0
3,82265985,+,8,83152561,+,KIRC,926,TCGA-B2-A4SR-01A,TCGA-B2-A4SR-01A,1.0,0.0,0.0,0.0,0.0
3,82379237,-,8,41332964,+,KIRC,927,TCGA-B2-A4SR-01A,TCGA-B2-A4SR-01A,1.0,0.0,0.0,0.0,0.0
3,82696425,-,8,83137465,-,KIRC,928,TCGA-B2-A4SR-01A,TCGA-B2-A4SR-01A,1.0,0.0,0.0,0.0,0.0
3,82708282,-,3,87934139,+,KIRC,929,TCGA-B2-A4SR-01A,TCGA-B2-A4SR-01A,1.0,0.0,0.0,0.0,0.0
3,82710992,+,8,83149845,+,KIRC,930,TCGA-B2-A4SR-01A,TCGA-B2-A4SR-01A,1.0,0.0,0.0,0.0,0.0
3,82728099,-,8,83179273,+,KIRC,931,TCGA-B2-A4SR-01A,TCGA-B2-A4SR-01A,1.0,0.0,0.0,0.0,0.0
3,82728493,+,8,83143480,+,KIRC,932,TCGA-B2-A4SR-01A,TCGA-B2-A4SR-01A,1.0,0.0,0.0,0.0,0.0
3,82730620,+,8,92341323,+,KIRC,933,TCGA-B2-A4SR-01A,TCGA-B2-A4SR-01A,1.0,0.0,0.0,0.0,0.0
3,87924244,-,9,75644103,-,KIRC,934,TCGA-B2-A4SR-01A,TCGA-B2-A4SR-01A,1.0,0.0,0.0,0.0,0.0
3,87934302,-,9,74818879,-,KIRC,935,TCGA-B2-A4SR-01A,TCGA-B2-A4SR-01A,1.0,0.0,0.0,0.0,0.0
3,87955113,+,8,130022523,-,KIRC,936,TCGA-B2-A4SR-01A,TCGA-B2-A4SR-01A,1.0,0.0,0.0,0.0,0.0
3,87955204,-,9,75700969,-,KIRC,937,TCGA-B2-A4SR-01A,TCGA-B2-A4SR-01A,1.0,0.0,0.0,0.0,0.0
3,91113753,-,3,91220940,+,KIRC,938,TCGA-B2-A4SR-01A,TCGA-B2-A4SR-01A,1.0,0.0,0.0,0.0,0.0
3,105653412,-,7,87400146,+,KIRC,939,TCGA-B2-A4SR-01A,TCGA-B2-A4SR-01A,1.0,0.0,0.0,0.0,0.0
3,105653570,-,11,77425906,-,KIRC,940,TCGA-B2-A4SR-01A,TCGA-B2-A4SR-01A,1.0,0.0,0.0,0.0,0.0
4,41868847,-,11,101386126,+,KIRC,941,TCGA-B2-A4SR-01A,TCGA-B2-A4SR-01A,1.0,0.0,0.0,0.0,0.0
5,165780890,-,23,1213074,-,KIRC,942,TCGA-B2-A4SR-01A,TCGA-B2-A4SR-01A,1.0,0.0,0.0,0.0,0.0
5,179422344,-,16,28230075,-,KIRC,943,TCGA-B2-A4SR-01A,TCGA-B2-A4SR-01A,1.0,0.0,0.0,0.0,0.0
5,179422347,+,16,28230076,+,KIRC,944,TCGA-B2-A4SR-01A,TCGA-B2-A4SR-01A,1.0,0.0,0.0,0.0,0.0
6,102723242,-,6,102757844,-,KIRC,945,TCGA-B2-A4SR-01A,TCGA-B2-A4SR-01A,1.0,0.0,0.0,0.0,0.0
7,57689794,-,12,37460031,+,KIRC,946,TCGA-B2-A4SR-01A,TCGA-B2-A4SR-01A,1.0,0.0,0.0,0.0,0.0
7,61379671,-,7,61513829,+,KIRC,947,TCGA-B2-A4SR-01A,TCGA-B2-A4SR-01A,1.0,0.0,0.0,0.0,0.0
8,40560359,+,8,92399509,-,KIRC,948,TCGA-B2-A4SR-01A,TCGA-B2-A4SR-01A,1.0,0.0,0.0,0.0,0.0
8,40864166,-,8,92211281,-,KIRC,949,TCGA-B2-A4SR-01A,TCGA-B2-A4SR-01A,1.0,0.0,0.0,0.0,0.0
8,41227805,+,9,75100065,-,KIRC,950,TCGA-B2-A4SR-01A,TCGA-B2-A4SR-01A,1.0,0.0,0.0,0.0,0.0
8,41303723,-,8,41308027,-,KIRC,951,TCGA-B2-A4SR-01A,TCGA-B2-A4SR-01A,1.0,0.0,0.0,0.0,0.0
8,41307960,+,8,130154929,-,KIRC,952,TCGA-B2-A4SR-01A,TCGA-B2-A4SR-01A,1.0,0.0,0.0,0.0,0.0
8,41333011,-,8,92474927,-,KIRC,953,TCGA-B2-A4SR-01A,TCGA-B2-A4SR-01A,1.0,0.0,0.0,0.0,0.0
8,41407718,-,8,81648700,-,KIRC,954,TCGA-B2-A4SR-01A,TCGA-B2-A4SR-01A,1.0,0.0,0.0,0.0,0.0
8,52388373,+,8,81629392,-,KIRC,955,TCGA-B2-A4SR-01A,TCGA-B2-A4SR-01A,1.0,0.0,0.0,0.0,0.0
8,81683590,+,8,92172546,+,KIRC,956,TCGA-B2-A4SR-01A,TCGA-B2-A4SR-01A,1.0,0.0,0.0,0.0,0.0
8,83064848,-,8,129985117,+,KIRC,957,TCGA-B2-A4SR-01A,TCGA-B2-A4SR-01A,1.0,0.0,0.0,0.0,0.0
8,83080437,+,8,83503933,-,KIRC,958,TCGA-B2-A4SR-01A,TCGA-B2-A4SR-01A,1.0,0.0,0.0,0.0,0.0
8,83080514,+,8,83960420,-,KIRC,959,TCGA-B2-A4SR-01A,TCGA-B2-A4SR-01A,1.0,0.0,0.0,0.0,0.0
8,83143536,-,8,92339863,-,KIRC,960,TCGA-B2-A4SR-01A,TCGA-B2-A4SR-01A,1.0,0.0,0.0,0.0,0.0
8,83149958,-,8,83523625,+,KIRC,961,TCGA-B2-A4SR-01A,TCGA-B2-A4SR-01A,1.0,0.0,0.0,0.0,0.0
8,83152608,-,8,92381173,-,KIRC,962,TCGA-B2-A4SR-01A,TCGA-B2-A4SR-01A,1.0,0.0,0.0,0.0,0.0
8,83155220,+,8,92407607,+,KIRC,963,TCGA-B2-A4SR-01A,TCGA-B2-A4SR-01A,1.0,0.0,0.0,0.0,0.0
8,83155376,-,8,92389808,+,KIRC,964,TCGA-B2-A4SR-01A,TCGA-B2-A4SR-01A,1.0,0.0,0.0,0.0,0.0
8,83157412,+,8,91000301,-,KIRC,965,TCGA-B2-A4SR-01A,TCGA-B2-A4SR-01A,1.0,0.0,0.0,0.0,0.0
8,83158179,-,8,83510918,+,KIRC,966,TCGA-B2-A4SR-01A,TCGA-B2-A4SR-01A,1.0,0.0,0.0,0.0,0.0
8,83503934,-,8,83960534,+,KIRC,967,TCGA-B2-A4SR-01A,TCGA-B2-A4SR-01A,1.0,0.0,0.0,0.0,0.0
8,83523920,-,9,75678474,+,KIRC,968,TCGA-B2-A4SR-01A,TCGA-B2-A4SR-01A,1.0,0.0,0.0,0.0,0.0
8,91033986,+,8,91072158,+,KIRC,969,TCGA-B2-A4SR-01A,TCGA-B2-A4SR-01A,1.0,0.0,0.0,0.0,0.0
8,92215519,+,9,75099979,+,KIRC,970,TCGA-B2-A4SR-01A,TCGA-B2-A4SR-01A,1.0,0.0,0.0,0.0,0.0
9,68617404,-,9,71817949,+,KIRC,971,TCGA-B2-A4SR-01A,TCGA-B2-A4SR-01A,1.0,0.0,0.0,0.0,0.0
9,74758761,+,9,75130111,+,KIRC,972,TCGA-B2-A4SR-01A,TCGA-B2-A4SR-01A,1.0,0.0,0.0,0.0,0.0
9,111219348,-,17,14313129,+,KIRC,973,TCGA-B2-A4SR-01A,TCGA-B2-A4SR-01A,1.0,0.0,0.0,0.0,0.0
1,124892149,+,1,124895332,-,KIRC,974,TCGA-B4-5377-01A,TCGA-B4-5377-01A,1.0,0.0,0.0,0.0,0.0
1,145314268,+,5,18469065,+,KIRC,975,TCGA-B4-5377-01A,TCGA-B4-5377-01A,1.0,0.0,0.0,0.0,0.0
1,240955398,+,6,86113198,+,KIRC,976,TCGA-B4-5377-01A,TCGA-B4-5377-01A,1.0,0.0,0.0,0.0,0.0
10,11362600,-,10,111296549,+,KIRC,977,TCGA-B4-5377-01A,TCGA-B4-5377-01A,1.0,0.0,0.0,0.0,0.0
14,20605360,-,14,20608830,+,KIRC,978,TCGA-B4-5377-01A,TCGA-B4-5377-01A,1.0,0.0,0.0,0.0,0.0
15,24152583,+,15,24216774,+,KIRC,979,TCGA-B4-5377-01A,TCGA-B4-5377-01A,1.0,0.0,0.0,0.0,0.0
17,22913454,-,17,23193062,+,KIRC,980,TCGA-B4-5377-01A,TCGA-B4-5377-01A,1.0,0.0,0.0,0.0,0.0
20,26481894,-,20,26511567,+,KIRC,981,TCGA-B4-5377-01A,TCGA-B4-5377-01A,1.0,0.0,0.0,0.0,0.0
5,35689834,-,19,4641685,+,KIRC,982,TCGA-B4-5377-01A,TCGA-B4-5377-01A,1.0,0.0,0.0,0.0,0.0
5,35689835,+,19,4641690,-,KIRC,983,TCGA-B4-5377-01A,TCGA-B4-5377-01A,1.0,0.0,0.0,0.0,0.0
5,46927494,+,5,46934111,-,KIRC,984,TCGA-B4-5377-01A,TCGA-B4-5377-01A,1.0,0.0,0.0,0.0,0.0
6,121580311,+,6,121580820,-,KIRC,985,TCGA-B4-5377-01A,TCGA-B4-5377-01A,1.0,0.0,0.0,0.0,0.0
8,43014968,-,8,43468184,+,KIRC,986,TCGA-B4-5377-01A,TCGA-B4-5377-01A,1.0,0.0,0.0,0.0,0.0
8,43127625,-,8,43480060,-,KIRC,987,TCGA-B4-5377-01A,TCGA-B4-5377-01A,1.0,0.0,0.0,0.0,0.0
8,43151394,+,8,43191826,-,KIRC,988,TCGA-B4-5377-01A,TCGA-B4-5377-01A,1.0,0.0,0.0,0.0,0.0
13,18754841,-,18,14325858,-,KIRC,989,TCGA-B4-5378-01A,TCGA-B4-5378-01A,1.0,0.0,0.0,0.0,0.0
4,53923794,+,16,56084057,+,KIRC,990,TCGA-B4-5378-01A,TCGA-B4-5378-01A,1.0,0.0,0.0,0.0,0.0
4,189484423,+,10,6801835,-,KIRC,991,TCGA-B4-5378-01A,TCGA-B4-5378-01A,1.0,0.0,0.0,0.0,0.0
6,57515544,-,6,60408114,+,KIRC,992,TCGA-B4-5378-01A,TCGA-B4-5378-01A,1.0,0.0,0.0,0.0,0.0
1,28540326,-,11,47366671,+,KIRC,993,TCGA-B4-5832-01A,TCGA-B4-5832-01A,1.0,0.0,0.0,0.0,0.0
1,71759428,+,1,71908107,-,KIRC,994,TCGA-B4-5832-01A,TCGA-B4-5832-01A,1.0,0.0,0.0,0.0,0.0
1,71784506,+,1,71960775,-,KIRC,995,TCGA-B4-5832-01A,TCGA-B4-5832-01A,1.0,0.0,0.0,0.0,0.0
1,71801370,+,1,71863119,-,KIRC,996,TCGA-B4-5832-01A,TCGA-B4-5832-01A,1.0,0.0,0.0,0.0,0.0
1,71938642,+,1,72026867,-,KIRC,997,TCGA-B4-5832-01A,TCGA-B4-5832-01A,1.0,0.0,0.0,0.0,0.0
1,72085301,+,1,72192512,-,KIRC,998,TCGA-B4-5832-01A,TCGA-B4-5832-01A,1.0,0.0,0.0,0.0,0.0
1,72242827,-,1,72667229,+,KIRC,999,TCGA-B4-5832-01A,TCGA-B4-5832-01A,1.0,0.0,0.0,0.0,0.0
1,72404786,+,1,72467809,-,KIRC,1000,TCGA-B4-5832-01A,TCGA-B4-5832-01A,1.0,0.0,0.0,0.0,0.0
1,175820258,+,1,175823821,-,KIRC,1001,TCGA-B4-5832-01A,TCGA-B4-5832-01A,1.0,0.0,0.0,0.0,0.0
1,192518179,+,4,180310781,-,KIRC,1002,TCGA-B4-5832-01A,TCGA-B4-5832-01A,1.0,0.0,0.0,0.0,0.0
10,29301520,-,10,29428474,+,KIRC,1003,TCGA-B4-5832-01A,TCGA-B4-5832-01A,1.0,0.0,0.0,0.0,0.0
11,69876998,-,22,24613752,+,KIRC,1004,TCGA-B4-5832-01A,TCGA-B4-5832-01A,1.0,0.0,0.0,0.0,0.0
11,74979312,-,11,75131924,+,KIRC,1005,TCGA-B4-5832-01A,TCGA-B4-5832-01A,1.0,0.0,0.0,0.0,0.0
11,78628293,-,11,78651432,-,KIRC,1006,TCGA-B4-5832-01A,TCGA-B4-5832-01A,1.0,0.0,0.0,0.0,0.0
11,79093177,+,11,79094761,+,KIRC,1007,TCGA-B4-5832-01A,TCGA-B4-5832-01A,1.0,0.0,0.0,0.0,0.0
11,89514751,+,11,89517366,-,KIRC,1008,TCGA-B4-5832-01A,TCGA-B4-5832-01A,1.0,0.0,0.0,0.0,0.0
12,54418240,-,12,54482240,+,KIRC,1009,TCGA-B4-5832-01A,TCGA-B4-5832-01A,1.0,0.0,0.0,0.0,0.0
12,90442527,-,12,90442856,-,KIRC,1010,TCGA-B4-5832-01A,TCGA-B4-5832-01A,1.0,0.0,0.0,0.0,0.0
12,90442529,+,12,90443082,+,KIRC,1011,TCGA-B4-5832-01A,TCGA-B4-5832-01A,1.0,0.0,0.0,0.0,0.0
13,44676525,+,13,44678823,-,KIRC,1012,TCGA-B4-5832-01A,TCGA-B4-5832-01A,1.0,0.0,0.0,0.0,0.0
14,24890081,+,14,24894427,-,KIRC,1013,TCGA-B4-5832-01A,TCGA-B4-5832-01A,1.0,0.0,0.0,0.0,0.0
14,50790430,+,14,103445692,-,KIRC,1014,TCGA-B4-5832-01A,TCGA-B4-5832-01A,1.0,0.0,0.0,0.0,0.0
14,59463498,+,14,59464288,-,KIRC,1015,TCGA-B4-5832-01A,TCGA-B4-5832-01A,1.0,0.0,0.0,0.0,0.0
16,212544,+,16,216410,-,KIRC,1016,TCGA-B4-5832-01A,TCGA-B4-5832-01A,1.0,0.0,0.0,0.0,0.0
16,1940345,-,16,1984140,+,KIRC,1017,TCGA-B4-5832-01A,TCGA-B4-5832-01A,1.0,0.0,0.0,0.0,0.0
16,20516520,-,16,20712888,+,KIRC,1018,TCGA-B4-5832-01A,TCGA-B4-5832-01A,1.0,0.0,0.0,0.0,0.0
19,20326253,-,19,20506593,+,KIRC,1019,TCGA-B4-5832-01A,TCGA-B4-5832-01A,1.0,0.0,0.0,0.0,0.0
2,142978373,+,2,142998647,-,KIRC,1020,TCGA-B4-5832-01A,TCGA-B4-5832-01A,1.0,0.0,0.0,0.0,0.0
2,236006123,+,2,237388062,+,KIRC,1021,TCGA-B4-5832-01A,TCGA-B4-5832-01A,1.0,0.0,0.0,0.0,0.0
2,236006128,-,2,237388070,-,KIRC,1022,TCGA-B4-5832-01A,TCGA-B4-5832-01A,1.0,0.0,0.0,0.0,0.0
21,22701453,-,21,22705559,+,KIRC,1023,TCGA-B4-5832-01A,TCGA-B4-5832-01A,1.0,0.0,0.0,0.0,0.0
21,23332294,+,21,24139830,-,KIRC,1024,TCGA-B4-5832-01A,TCGA-B4-5832-01A,1.0,0.0,0.0,0.0,0.0
22,24513723,+,22,24521307,-,KIRC,1025,TCGA-B4-5832-01A,TCGA-B4-5832-01A,1.0,0.0,0.0,0.0,0.0
3,61831143,-,5,118992335,-,KIRC,1026,TCGA-B4-5832-01A,TCGA-B4-5832-01A,1.0,0.0,0.0,0.0,0.0
3,76519101,+,3,76684348,-,KIRC,1027,TCGA-B4-5832-01A,TCGA-B4-5832-01A,1.0,0.0,0.0,0.0,0.0
3,76714397,+,3,76895552,-,KIRC,1028,TCGA-B4-5832-01A,TCGA-B4-5832-01A,1.0,0.0,0.0,0.0,0.0
3,103367948,+,3,103378396,-,KIRC,1029,TCGA-B4-5832-01A,TCGA-B4-5832-01A,1.0,0.0,0.0,0.0,0.0
3,114731391,-,3,114772996,+,KIRC,1030,TCGA-B4-5832-01A,TCGA-B4-5832-01A,1.0,0.0,0.0,0.0,0.0
4,90750345,+,4,90790819,-,KIRC,1031,TCGA-B4-5832-01A,TCGA-B4-5832-01A,1.0,0.0,0.0,0.0,0.0
5,59101217,+,5,59106283,-,KIRC,1032,TCGA-B4-5832-01A,TCGA-B4-5832-01A,1.0,0.0,0.0,0.0,0.0
5,168010958,-,5,168143259,+,KIRC,1033,TCGA-B4-5832-01A,TCGA-B4-5832-01A,1.0,0.0,0.0,0.0,0.0
5,168131018,+,5,168132562,-,KIRC,1034,TCGA-B4-5832-01A,TCGA-B4-5832-01A,1.0,0.0,0.0,0.0,0.0
6,117545207,+,6,117565766,-,KIRC,1035,TCGA-B4-5832-01A,TCGA-B4-5832-01A,1.0,0.0,0.0,0.0,0.0
7,79752444,+,7,79891958,-,KIRC,1036,TCGA-B4-5832-01A,TCGA-B4-5832-01A,1.0,0.0,0.0,0.0,0.0
7,79866703,-,7,80492519,+,KIRC,1037,TCGA-B4-5832-01A,TCGA-B4-5832-01A,1.0,0.0,0.0,0.0,0.0
7,79888439,+,7,80495060,-,KIRC,1038,TCGA-B4-5832-01A,TCGA-B4-5832-01A,1.0,0.0,0.0,0.0,0.0
8,13741327,+,21,40141976,-,KIRC,1039,TCGA-B4-5832-01A,TCGA-B4-5832-01A,1.0,0.0,0.0,0.0,0.0
8,59297579,+,8,83669631,-,KIRC,1040,TCGA-B4-5832-01A,TCGA-B4-5832-01A,1.0,0.0,0.0,0.0,0.0
8,59311933,-,8,83709624,+,KIRC,1041,TCGA-B4-5832-01A,TCGA-B4-5832-01A,1.0,0.0,0.0,0.0,0.0
8,59312683,+,8,82665317,-,KIRC,1042,TCGA-B4-5832-01A,TCGA-B4-5832-01A,1.0,0.0,0.0,0.0,0.0
8,59320770,-,8,83666425,-,KIRC,1043,TCGA-B4-5832-01A,TCGA-B4-5832-01A,1.0,0.0,0.0,0.0,0.0
8,59320771,-,8,81721033,+,KIRC,1044,TCGA-B4-5832-01A,TCGA-B4-5832-01A,1.0,0.0,0.0,0.0,0.0
8,63158844,-,8,63349403,-,KIRC,1045,TCGA-B4-5832-01A,TCGA-B4-5832-01A,1.0,0.0,0.0,0.0,0.0
8,63353623,+,8,63417547,-,KIRC,1046,TCGA-B4-5832-01A,TCGA-B4-5832-01A,1.0,0.0,0.0,0.0,0.0
8,68389693,+,8,68597810,-,KIRC,1047,TCGA-B4-5832-01A,TCGA-B4-5832-01A,1.0,0.0,0.0,0.0,0.0
8,81721033,+,8,83666560,+,KIRC,1048,TCGA-B4-5832-01A,TCGA-B4-5832-01A,1.0,0.0,0.0,0.0,0.0
8,82452216,-,8,82621455,-,KIRC,1049,TCGA-B4-5832-01A,TCGA-B4-5832-01A,1.0,0.0,0.0,0.0,0.0
8,82664927,+,8,83666420,+,KIRC,1050,TCGA-B4-5832-01A,TCGA-B4-5832-01A,1.0,0.0,0.0,0.0,0.0
8,82664927,+,8,83666558,-,KIRC,1051,TCGA-B4-5832-01A,TCGA-B4-5832-01A,1.0,0.0,0.0,0.0,0.0
8,82665593,+,8,83668016,+,KIRC,1052,TCGA-B4-5832-01A,TCGA-B4-5832-01A,1.0,0.0,0.0,0.0,0.0
8,83432997,+,8,83435370,-,KIRC,1053,TCGA-B4-5832-01A,TCGA-B4-5832-01A,1.0,0.0,0.0,0.0,0.0
8,83666170,-,8,83666558,-,KIRC,1054,TCGA-B4-5832-01A,TCGA-B4-5832-01A,1.0,0.0,0.0,0.0,0.0
8,84890379,-,8,84944664,+,KIRC,1055,TCGA-B4-5832-01A,TCGA-B4-5832-01A,1.0,0.0,0.0,0.0,0.0
8,128102396,-,8,128222408,+,KIRC,1056,TCGA-B4-5832-01A,TCGA-B4-5832-01A,1.0,0.0,0.0,0.0,0.0
9,9479371,+,9,9731693,-,KIRC,1057,TCGA-B4-5832-01A,TCGA-B4-5832-01A,1.0,0.0,0.0,0.0,0.0
9,9871374,+,9,9881989,-,KIRC,1058,TCGA-B4-5832-01A,TCGA-B4-5832-01A,1.0,0.0,0.0,0.0,0.0
23,3036777,+,23,63625848,+,KIRC,1059,TCGA-B4-5832-01A,TCGA-B4-5832-01A,1.0,0.0,0.0,0.0,0.0
1,5804464,+,1,5833370,+,KIRC,1060,TCGA-B4-5835-01A,TCGA-B4-5835-01A,1.0,0.0,0.0,0.0,0.0
1,5804517,-,1,5833392,-,KIRC,1061,TCGA-B4-5835-01A,TCGA-B4-5835-01A,1.0,0.0,0.0,0.0,0.0
1,202354598,+,1,202355187,-,KIRC,1062,TCGA-B4-5835-01A,TCGA-B4-5835-01A,1.0,0.0,0.0,0.0,0.0
1,245408630,+,13,83167736,+,KIRC,1063,TCGA-B4-5835-01A,TCGA-B4-5835-01A,1.0,0.0,0.0,0.0,0.0
12,115147771,+,13,94288890,+,KIRC,1064,TCGA-B4-5835-01A,TCGA-B4-5835-01A,1.0,0.0,0.0,0.0,0.0
13,16586653,+,13,16678916,-,KIRC,1065,TCGA-B4-5835-01A,TCGA-B4-5835-01A,1.0,0.0,0.0,0.0,0.0
13,39462713,+,13,39553601,-,KIRC,1066,TCGA-B4-5835-01A,TCGA-B4-5835-01A,1.0,0.0,0.0,0.0,0.0
14,46023709,+,14,46038536,-,KIRC,1067,TCGA-B4-5835-01A,TCGA-B4-5835-01A,1.0,0.0,0.0,0.0,0.0
14,81331655,+,14,81429275,-,KIRC,1068,TCGA-B4-5835-01A,TCGA-B4-5835-01A,1.0,0.0,0.0,0.0,0.0
15,98258931,-,15,98475822,+,KIRC,1069,TCGA-B4-5835-01A,TCGA-B4-5835-01A,1.0,0.0,0.0,0.0,0.0
16,57604072,+,16,57681588,+,KIRC,1070,TCGA-B4-5835-01A,TCGA-B4-5835-01A,1.0,0.0,0.0,0.0,0.0
16,57607029,-,16,58265461,-,KIRC,1071,TCGA-B4-5835-01A,TCGA-B4-5835-01A,1.0,0.0,0.0,0.0,0.0
17,23100072,+,17,23172637,-,KIRC,1072,TCGA-B4-5835-01A,TCGA-B4-5835-01A,1.0,0.0,0.0,0.0,0.0
18,69841961,+,18,69844448,-,KIRC,1073,TCGA-B4-5835-01A,TCGA-B4-5835-01A,1.0,0.0,0.0,0.0,0.0
2,8674072,+,2,8867737,-,KIRC,1074,TCGA-B4-5835-01A,TCGA-B4-5835-01A,1.0,0.0,0.0,0.0,0.0
2,9036676,+,2,55589383,-,KIRC,1075,TCGA-B4-5835-01A,TCGA-B4-5835-01A,1.0,0.0,0.0,0.0,0.0
2,11139133,-,2,67438009,+,KIRC,1076,TCGA-B4-5835-01A,TCGA-B4-5835-01A,1.0,0.0,0.0,0.0,0.0
2,53309877,+,2,70308566,-,KIRC,1077,TCGA-B4-5835-01A,TCGA-B4-5835-01A,1.0,0.0,0.0,0.0,0.0
20,63456780,+,20,63457797,-,KIRC,1078,TCGA-B4-5835-01A,TCGA-B4-5835-01A,1.0,0.0,0.0,0.0,0.0
3,76076082,-,17,21846926,-,KIRC,1079,TCGA-B4-5835-01A,TCGA-B4-5835-01A,1.0,0.0,0.0,0.0,0.0
3,77314781,+,3,86720262,-,KIRC,1080,TCGA-B4-5835-01A,TCGA-B4-5835-01A,1.0,0.0,0.0,0.0,0.0
3,82244235,+,3,82248065,+,KIRC,1081,TCGA-B4-5835-01A,TCGA-B4-5835-01A,1.0,0.0,0.0,0.0,0.0
3,83610939,-,3,86452550,+,KIRC,1082,TCGA-B4-5835-01A,TCGA-B4-5835-01A,1.0,0.0,0.0,0.0,0.0
3,86117116,-,3,86120479,+,KIRC,1083,TCGA-B4-5835-01A,TCGA-B4-5835-01A,1.0,0.0,0.0,0.0,0.0
3,87976502,+,3,87976645,+,KIRC,1084,TCGA-B4-5835-01A,TCGA-B4-5835-01A,1.0,0.0,0.0,0.0,0.0
3,188613315,+,14,66841051,+,KIRC,1085,TCGA-B4-5835-01A,TCGA-B4-5835-01A,1.0,0.0,0.0,0.0,0.0
4,47455653,-,20,62676548,-,KIRC,1086,TCGA-B4-5835-01A,TCGA-B4-5835-01A,1.0,0.0,0.0,0.0,0.0
5,46601298,+,5,46681262,-,KIRC,1087,TCGA-B4-5835-01A,TCGA-B4-5835-01A,1.0,0.0,0.0,0.0,0.0
6,61571226,+,6,62330452,+,KIRC,1088,TCGA-B4-5835-01A,TCGA-B4-5835-01A,1.0,0.0,0.0,0.0,0.0
7,82202543,-,7,82236389,+,KIRC,1089,TCGA-B4-5835-01A,TCGA-B4-5835-01A,1.0,0.0,0.0,0.0,0.0
7,128839622,-,7,128887044,+,KIRC,1090,TCGA-B4-5835-01A,TCGA-B4-5835-01A,1.0,0.0,0.0,0.0,0.0
8,45080658,-,8,45427516,+,KIRC,1091,TCGA-B4-5835-01A,TCGA-B4-5835-01A,1.0,0.0,0.0,0.0,0.0
8,119647142,+,8,119649491,-,KIRC,1092,TCGA-B4-5835-01A,TCGA-B4-5835-01A,1.0,0.0,0.0,0.0,0.0
8,139476942,-,22,28669513,-,KIRC,1093,TCGA-B4-5835-01A,TCGA-B4-5835-01A,1.0,0.0,0.0,0.0,0.0
23,136297914,+,23,136302828,+,KIRC,1094,TCGA-B4-5835-01A,TCGA-B4-5835-01A,1.0,0.0,0.0,0.0,0.0
23,136299704,-,23,136303700,-,KIRC,1095,TCGA-B4-5835-01A,TCGA-B4-5835-01A,1.0,0.0,0.0,0.0,0.0
1,15502922,-,7,148936310,+,KIRC,1096,TCGA-B4-5836-01A,TCGA-B4-5836-01A,1.0,0.0,0.0,0.0,0.0
1,229337794,-,10,102569185,+,KIRC,1097,TCGA-B4-5836-01A,TCGA-B4-5836-01A,1.0,0.0,0.0,0.0,0.0
10,42109568,-,22,16302943,-,KIRC,1098,TCGA-B4-5836-01A,TCGA-B4-5836-01A,1.0,0.0,0.0,0.0,0.0
12,64246748,+,12,128926236,+,KIRC,1099,TCGA-B4-5836-01A,TCGA-B4-5836-01A,1.0,0.0,0.0,0.0,0.0
2,125650744,-,6,3634964,+,KIRC,1100,TCGA-B4-5836-01A,TCGA-B4-5836-01A,1.0,0.0,0.0,0.0,0.0
20,29952325,+,20,29986931,-,KIRC,1101,TCGA-B4-5836-01A,TCGA-B4-5836-01A,1.0,0.0,0.0,0.0,0.0
22,16448495,+,24,11360044,-,KIRC,1102,TCGA-B4-5836-01A,TCGA-B4-5836-01A,1.0,0.0,0.0,0.0,0.0
3,18559,+,9,86336181,-,KIRC,1103,TCGA-B4-5836-01A,TCGA-B4-5836-01A,1.0,0.0,0.0,0.0,0.0
3,18781,+,9,86336175,-,KIRC,1104,TCGA-B4-5836-01A,TCGA-B4-5836-01A,1.0,0.0,0.0,0.0,0.0
3,80235771,-,9,86336263,+,KIRC,1105,TCGA-B4-5836-01A,TCGA-B4-5836-01A,1.0,0.0,0.0,0.0,0.0
3,91192596,-,3,91257149,-,KIRC,1106,TCGA-B4-5836-01A,TCGA-B4-5836-01A,1.0,0.0,0.0,0.0,0.0
5,162253025,+,7,133240331,-,KIRC,1107,TCGA-B4-5836-01A,TCGA-B4-5836-01A,1.0,0.0,0.0,0.0,0.0
5,174080525,-,9,22609934,-,KIRC,1108,TCGA-B4-5836-01A,TCGA-B4-5836-01A,1.0,0.0,0.0,0.0,0.0
6,49480852,-,10,45083690,+,KIRC,1109,TCGA-B4-5836-01A,TCGA-B4-5836-01A,1.0,0.0,0.0,0.0,0.0
6,130920975,+,15,47568986,-,KIRC,1110,TCGA-B4-5836-01A,TCGA-B4-5836-01A,1.0,0.0,0.0,0.0,0.0
6,130921077,+,15,47568770,-,KIRC,1111,TCGA-B4-5836-01A,TCGA-B4-5836-01A,1.0,0.0,0.0,0.0,0.0
7,5555356,+,22,26203937,-,KIRC,1112,TCGA-B4-5836-01A,TCGA-B4-5836-01A,1.0,0.0,0.0,0.0,0.0
23,75377507,-,23,75377668,+,KIRC,1113,TCGA-B4-5836-01A,TCGA-B4-5836-01A,1.0,0.0,0.0,0.0,0.0
10,39900074,-,10,41709161,+,KIRC,1114,TCGA-B4-5838-01A,TCGA-B4-5838-01A,1.0,0.0,0.0,0.0,0.0
12,12488104,-,12,12489609,+,KIRC,1115,TCGA-B4-5838-01A,TCGA-B4-5838-01A,1.0,0.0,0.0,0.0,0.0
13,74256719,+,23,22967607,+,KIRC,1116,TCGA-B4-5838-01A,TCGA-B4-5838-01A,1.0,0.0,0.0,0.0,0.0
17,68211690,-,17,73412022,+,KIRC,1117,TCGA-B4-5838-01A,TCGA-B4-5838-01A,1.0,0.0,0.0,0.0,0.0
18,9484722,-,18,9485413,+,KIRC,1118,TCGA-B4-5838-01A,TCGA-B4-5838-01A,1.0,0.0,0.0,0.0,0.0
2,2664694,-,3,80210381,-,KIRC,1119,TCGA-B4-5838-01A,TCGA-B4-5838-01A,1.0,0.0,0.0,0.0,0.0
2,182577932,-,11,92553676,-,KIRC,1120,TCGA-B4-5838-01A,TCGA-B4-5838-01A,1.0,0.0,0.0,0.0,0.0
20,28761407,-,21,10794743,-,KIRC,1121,TCGA-B4-5838-01A,TCGA-B4-5838-01A,1.0,0.0,0.0,0.0,0.0
3,23930272,-,7,29791583,+,KIRC,1122,TCGA-B4-5838-01A,TCGA-B4-5838-01A,1.0,0.0,0.0,0.0,0.0
3,65074891,-,5,85989688,+,KIRC,1123,TCGA-B4-5838-01A,TCGA-B4-5838-01A,1.0,0.0,0.0,0.0,0.0
3,77742104,-,12,126928685,+,KIRC,1124,TCGA-B4-5838-01A,TCGA-B4-5838-01A,1.0,0.0,0.0,0.0,0.0
3,80210379,-,22,21080214,+,KIRC,1125,TCGA-B4-5838-01A,TCGA-B4-5838-01A,1.0,0.0,0.0,0.0,0.0
3,80210596,+,22,21080173,-,KIRC,1126,TCGA-B4-5838-01A,TCGA-B4-5838-01A,1.0,0.0,0.0,0.0,0.0
3,89020489,+,10,57765128,+,KIRC,1127,TCGA-B4-5838-01A,TCGA-B4-5838-01A,1.0,0.0,0.0,0.0,0.0
4,152771060,-,22,11028895,+,KIRC,1128,TCGA-B4-5838-01A,TCGA-B4-5838-01A,1.0,0.0,0.0,0.0,0.0
5,42990897,-,5,43010708,+,KIRC,1129,TCGA-B4-5838-01A,TCGA-B4-5838-01A,1.0,0.0,0.0,0.0,0.0
5,46640680,+,5,46723695,-,KIRC,1130,TCGA-B4-5838-01A,TCGA-B4-5838-01A,1.0,0.0,0.0,0.0,0.0
5,81622431,-,5,86132230,-,KIRC,1131,TCGA-B4-5838-01A,TCGA-B4-5838-01A,1.0,0.0,0.0,0.0,0.0
5,104661300,+,5,104668131,+,KIRC,1132,TCGA-B4-5838-01A,TCGA-B4-5838-01A,1.0,0.0,0.0,0.0,0.0
5,104667895,-,5,104672651,-,KIRC,1133,TCGA-B4-5838-01A,TCGA-B4-5838-01A,1.0,0.0,0.0,0.0,0.0
5,172210008,-,5,172210243,+,KIRC,1134,TCGA-B4-5838-01A,TCGA-B4-5838-01A,1.0,0.0,0.0,0.0,0.0
9,16532640,+,9,16648449,-,KIRC,1135,TCGA-B4-5838-01A,TCGA-B4-5838-01A,1.0,0.0,0.0,0.0,0.0
9,89316315,-,9,89795464,+,KIRC,1136,TCGA-B4-5838-01A,TCGA-B4-5838-01A,1.0,0.0,0.0,0.0,0.0
9,89328449,-,9,89805231,+,KIRC,1137,TCGA-B4-5838-01A,TCGA-B4-5838-01A,1.0,0.0,0.0,0.0,0.0
9,89799401,-,9,89803512,-,KIRC,1138,TCGA-B4-5838-01A,TCGA-B4-5838-01A,1.0,0.0,0.0,0.0,0.0
9,89801341,+,9,89808509,+,KIRC,1139,TCGA-B4-5838-01A,TCGA-B4-5838-01A,1.0,0.0,0.0,0.0,0.0
1,18644680,+,1,18645281,-,KIRC,1140,TCGA-B4-5843-01A,TCGA-B4-5843-01A,1.0,0.0,0.0,0.0,0.0
1,157309216,-,10,128976423,-,KIRC,1141,TCGA-B4-5843-01A,TCGA-B4-5843-01A,1.0,0.0,0.0,0.0,0.0
1,164555092,+,1,164555647,-,KIRC,1142,TCGA-B4-5843-01A,TCGA-B4-5843-01A,1.0,0.0,0.0,0.0,0.0
3,59986294,-,16,86684384,-,KIRC,1143,TCGA-B4-5843-01A,TCGA-B4-5843-01A,1.0,0.0,0.0,0.0,0.0
3,181621148,+,23,120620497,+,KIRC,1144,TCGA-B4-5843-01A,TCGA-B4-5843-01A,1.0,0.0,0.0,0.0,0.0
4,92646207,-,4,92649011,+,KIRC,1145,TCGA-B4-5843-01A,TCGA-B4-5843-01A,1.0,0.0,0.0,0.0,0.0
6,26067044,-,16,59972388,-,KIRC,1146,TCGA-B4-5843-01A,TCGA-B4-5843-01A,1.0,0.0,0.0,0.0,0.0
6,67432778,+,23,33190948,+,KIRC,1147,TCGA-B4-5843-01A,TCGA-B4-5843-01A,1.0,0.0,0.0,0.0,0.0
7,30056361,-,13,65770927,-,KIRC,1148,TCGA-B4-5843-01A,TCGA-B4-5843-01A,1.0,0.0,0.0,0.0,0.0
1,120159393,-,1,146324606,+,KIRC,1149,TCGA-B4-5844-01A,TCGA-B4-5844-01A,1.0,0.0,0.0,0.0,0.0
1,237946437,+,18,71964640,-,KIRC,1150,TCGA-B4-5844-01A,TCGA-B4-5844-01A,1.0,0.0,0.0,0.0,0.0
11,54403563,-,11,54409538,+,KIRC,1151,TCGA-B4-5844-01A,TCGA-B4-5844-01A,1.0,0.0,0.0,0.0,0.0
12,36835635,+,12,37058543,-,KIRC,1152,TCGA-B4-5844-01A,TCGA-B4-5844-01A,1.0,0.0,0.0,0.0,0.0
18,15678982,-,18,15772385,+,KIRC,1153,TCGA-B4-5844-01A,TCGA-B4-5844-01A,1.0,0.0,0.0,0.0,0.0
18,15792034,+,18,17538970,-,KIRC,1154,TCGA-B4-5844-01A,TCGA-B4-5844-01A,1.0,0.0,0.0,0.0,0.0
2,95424305,-,2,113294814,-,KIRC,1155,TCGA-B4-5844-01A,TCGA-B4-5844-01A,1.0,0.0,0.0,0.0,0.0
2,214751202,-,5,104222708,+,KIRC,1156,TCGA-B4-5844-01A,TCGA-B4-5844-01A,1.0,0.0,0.0,0.0,0.0
3,73976759,-,3,77747589,+,KIRC,1157,TCGA-B4-5844-01A,TCGA-B4-5844-01A,1.0,0.0,0.0,0.0,0.0
3,73979167,+,3,77752079,-,KIRC,1158,TCGA-B4-5844-01A,TCGA-B4-5844-01A,1.0,0.0,0.0,0.0,0.0
3,75213996,-,3,75509219,+,KIRC,1159,TCGA-B4-5844-01A,TCGA-B4-5844-01A,1.0,0.0,0.0,0.0,0.0
3,75213996,-,3,125830207,-,KIRC,1160,TCGA-B4-5844-01A,TCGA-B4-5844-01A,1.0,0.0,0.0,0.0,0.0
3,75215134,+,3,75371222,+,KIRC,1161,TCGA-B4-5844-01A,TCGA-B4-5844-01A,1.0,0.0,0.0,0.0,0.0
3,75370513,-,7,140155512,-,KIRC,1162,TCGA-B4-5844-01A,TCGA-B4-5844-01A,1.0,0.0,0.0,0.0,0.0
3,75429304,-,3,77746226,-,KIRC,1163,TCGA-B4-5844-01A,TCGA-B4-5844-01A,1.0,0.0,0.0,0.0,0.0
3,77747667,-,3,77787836,+,KIRC,1164,TCGA-B4-5844-01A,TCGA-B4-5844-01A,1.0,0.0,0.0,0.0,0.0
3,77750104,+,7,140899857,+,KIRC,1165,TCGA-B4-5844-01A,TCGA-B4-5844-01A,1.0,0.0,0.0,0.0,0.0
3,77822187,-,7,143252878,-,KIRC,1166,TCGA-B4-5844-01A,TCGA-B4-5844-01A,1.0,0.0,0.0,0.0,0.0
3,79175725,+,7,141286225,+,KIRC,1167,TCGA-B4-5844-01A,TCGA-B4-5844-01A,1.0,0.0,0.0,0.0,0.0
3,79572395,-,7,140218568,+,KIRC,1168,TCGA-B4-5844-01A,TCGA-B4-5844-01A,1.0,0.0,0.0,0.0,0.0
4,4050364,+,4,9594102,+,KIRC,1169,TCGA-B4-5844-01A,TCGA-B4-5844-01A,1.0,0.0,0.0,0.0,0.0
6,31815609,-,6,31827902,+,KIRC,1170,TCGA-B4-5844-01A,TCGA-B4-5844-01A,1.0,0.0,0.0,0.0,0.0
7,140898905,-,7,140900003,-,KIRC,1171,TCGA-B4-5844-01A,TCGA-B4-5844-01A,1.0,0.0,0.0,0.0,0.0
9,65438217,+,9,134285723,+,KIRC,1172,TCGA-B4-5844-01A,TCGA-B4-5844-01A,1.0,0.0,0.0,0.0,0.0
23,91553926,-,24,4795148,+,KIRC,1173,TCGA-B4-5844-01A,TCGA-B4-5844-01A,1.0,0.0,0.0,0.0,0.0
10,54146896,-,19,15625378,+,KIRC,1174,TCGA-B8-4151-01A,TCGA-B8-4151-01A,1.0,0.0,0.0,0.0,0.0
17,23021213,+,17,23161471,-,KIRC,1175,TCGA-B8-4151-01A,TCGA-B8-4151-01A,1.0,0.0,0.0,0.0,0.0
20,29991145,-,20,30009969,+,KIRC,1176,TCGA-B8-4151-01A,TCGA-B8-4151-01A,1.0,0.0,0.0,0.0,0.0
4,108304196,+,14,46370177,+,KIRC,1177,TCGA-B8-4151-01A,TCGA-B8-4151-01A,1.0,0.0,0.0,0.0,0.0
4,177392620,+,5,169658981,-,KIRC,1178,TCGA-B8-4151-01A,TCGA-B8-4151-01A,1.0,0.0,0.0,0.0,0.0
7,71704873,-,12,2756997,-,KIRC,1179,TCGA-B8-4151-01A,TCGA-B8-4151-01A,1.0,0.0,0.0,0.0,0.0
9,42171693,-,9,42717280,+,KIRC,1180,TCGA-B8-4151-01A,TCGA-B8-4151-01A,1.0,0.0,0.0,0.0,0.0
23,151932590,-,23,151932735,+,KIRC,1181,TCGA-B8-4151-01A,TCGA-B8-4151-01A,1.0,0.0,0.0,0.0,0.0
1,179156882,-,16,10913967,+,KIRC,1182,TCGA-B8-4620-01A,TCGA-B8-4620-01A,1.0,0.0,0.0,0.0,0.0
10,38709834,+,24,11409216,-,KIRC,1183,TCGA-B8-4620-01A,TCGA-B8-4620-01A,1.0,0.0,0.0,0.0,0.0
12,75531862,+,12,75584231,-,KIRC,1184,TCGA-B8-4620-01A,TCGA-B8-4620-01A,1.0,0.0,0.0,0.0,0.0
14,21419449,-,15,35396580,+,KIRC,1185,TCGA-B8-4620-01A,TCGA-B8-4620-01A,1.0,0.0,0.0,0.0,0.0
14,48345448,-,14,48346471,+,KIRC,1186,TCGA-B8-4620-01A,TCGA-B8-4620-01A,1.0,0.0,0.0,0.0,0.0
19,2168019,+,19,2237490,-,KIRC,1187,TCGA-B8-4620-01A,TCGA-B8-4620-01A,1.0,0.0,0.0,0.0,0.0
2,57913891,+,2,58087232,-,KIRC,1188,TCGA-B8-4620-01A,TCGA-B8-4620-01A,1.0,0.0,0.0,0.0,0.0
2,210985899,+,3,135289188,-,KIRC,1189,TCGA-B8-4620-01A,TCGA-B8-4620-01A,1.0,0.0,0.0,0.0,0.0
2,211022060,-,3,142681134,-,KIRC,1190,TCGA-B8-4620-01A,TCGA-B8-4620-01A,1.0,0.0,0.0,0.0,0.0
2,211076582,+,3,135272253,+,KIRC,1191,TCGA-B8-4620-01A,TCGA-B8-4620-01A,1.0,0.0,0.0,0.0,0.0
2,212115273,-,2,212922284,-,KIRC,1192,TCGA-B8-4620-01A,TCGA-B8-4620-01A,1.0,0.0,0.0,0.0,0.0
2,212304710,+,2,212709590,-,KIRC,1193,TCGA-B8-4620-01A,TCGA-B8-4620-01A,1.0,0.0,0.0,0.0,0.0
2,212306661,-,3,140296486,-,KIRC,1194,TCGA-B8-4620-01A,TCGA-B8-4620-01A,1.0,0.0,0.0,0.0,0.0
2,212384223,+,3,140284214,+,KIRC,1195,TCGA-B8-4620-01A,TCGA-B8-4620-01A,1.0,0.0,0.0,0.0,0.0
2,212424809,-,3,135219899,-,KIRC,1196,TCGA-B8-4620-01A,TCGA-B8-4620-01A,1.0,0.0,0.0,0.0,0.0
2,212652106,+,2,217218991,-,KIRC,1197,TCGA-B8-4620-01A,TCGA-B8-4620-01A,1.0,0.0,0.0,0.0,0.0
2,212842282,+,2,219318289,+,KIRC,1198,TCGA-B8-4620-01A,TCGA-B8-4620-01A,1.0,0.0,0.0,0.0,0.0
2,217297812,+,2,217550666,+,KIRC,1199,TCGA-B8-4620-01A,TCGA-B8-4620-01A,1.0,0.0,0.0,0.0,0.0
2,217300570,-,2,217408684,-,KIRC,1200,TCGA-B8-4620-01A,TCGA-B8-4620-01A,1.0,0.0,0.0,0.0,0.0
2,217324655,+,3,137082411,-,KIRC,1201,TCGA-B8-4620-01A,TCGA-B8-4620-01A,1.0,0.0,0.0,0.0,0.0
2,217333167,-,2,218998501,-,KIRC,1202,TCGA-B8-4620-01A,TCGA-B8-4620-01A,1.0,0.0,0.0,0.0,0.0
2,217403447,+,3,141721064,+,KIRC,1203,TCGA-B8-4620-01A,TCGA-B8-4620-01A,1.0,0.0,0.0,0.0,0.0
2,217449010,+,3,137037280,+,KIRC,1204,TCGA-B8-4620-01A,TCGA-B8-4620-01A,1.0,0.0,0.0,0.0,0.0
2,217529480,-,3,140256639,-,KIRC,1205,TCGA-B8-4620-01A,TCGA-B8-4620-01A,1.0,0.0,0.0,0.0,0.0
21,40534702,-,21,40534881,+,KIRC,1206,TCGA-B8-4620-01A,TCGA-B8-4620-01A,1.0,0.0,0.0,0.0,0.0
3,6757266,-,8,67083578,+,KIRC,1207,TCGA-B8-4620-01A,TCGA-B8-4620-01A,1.0,0.0,0.0,0.0,0.0
3,90809499,+,3,90868239,-,KIRC,1208,TCGA-B8-4620-01A,TCGA-B8-4620-01A,1.0,0.0,0.0,0.0,0.0
3,137123287,+,3,142711744,+,KIRC,1209,TCGA-B8-4620-01A,TCGA-B8-4620-01A,1.0,0.0,0.0,0.0,0.0
3,157972139,-,5,18435593,+,KIRC,1210,TCGA-B8-4620-01A,TCGA-B8-4620-01A,1.0,0.0,0.0,0.0,0.0
4,41868663,-,8,3772435,+,KIRC,1211,TCGA-B8-4620-01A,TCGA-B8-4620-01A,1.0,0.0,0.0,0.0,0.0
5,59243974,+,5,59250191,-,KIRC,1212,TCGA-B8-4620-01A,TCGA-B8-4620-01A,1.0,0.0,0.0,0.0,0.0
5,59261518,+,5,59491205,-,KIRC,1213,TCGA-B8-4620-01A,TCGA-B8-4620-01A,1.0,0.0,0.0,0.0,0.0
9,9665226,-,9,9930045,+,KIRC,1214,TCGA-B8-4620-01A,TCGA-B8-4620-01A,1.0,0.0,0.0,0.0,0.0
23,3036701,+,23,63625852,+,KIRC,1215,TCGA-B8-4620-01A,TCGA-B8-4620-01A,1.0,0.0,0.0,0.0,0.0
1,23830138,-,1,119293128,+,KIRC,1216,TCGA-B8-5159-01A,TCGA-B8-5159-01A,1.0,0.0,0.0,0.0,0.0
1,101496974,-,8,133313002,+,KIRC,1217,TCGA-B8-5159-01A,TCGA-B8-5159-01A,1.0,0.0,0.0,0.0,0.0
10,38008159,+,10,108040051,+,KIRC,1218,TCGA-B8-5159-01A,TCGA-B8-5159-01A,1.0,0.0,0.0,0.0,0.0
11,52672662,+,11,52760927,-,KIRC,1219,TCGA-B8-5159-01A,TCGA-B8-5159-01A,1.0,0.0,0.0,0.0,0.0
12,48696979,-,12,48697239,+,KIRC,1220,TCGA-B8-5159-01A,TCGA-B8-5159-01A,1.0,0.0,0.0,0.0,0.0
14,65703408,-,14,65703567,+,KIRC,1221,TCGA-B8-5159-01A,TCGA-B8-5159-01A,1.0,0.0,0.0,0.0,0.0
19,42995013,+,19,43002954,+,KIRC,1222,TCGA-B8-5159-01A,TCGA-B8-5159-01A,1.0,0.0,0.0,0.0,0.0
19,42995014,-,19,43002469,-,KIRC,1223,TCGA-B8-5159-01A,TCGA-B8-5159-01A,1.0,0.0,0.0,0.0,0.0
2,98964336,-,14,53889705,+,KIRC,1224,TCGA-B8-5159-01A,TCGA-B8-5159-01A,1.0,0.0,0.0,0.0,0.0
2,98964367,-,18,66424282,+,KIRC,1225,TCGA-B8-5159-01A,TCGA-B8-5159-01A,1.0,0.0,0.0,0.0,0.0
2,98964439,+,18,66424304,-,KIRC,1226,TCGA-B8-5159-01A,TCGA-B8-5159-01A,1.0,0.0,0.0,0.0,0.0
2,98964440,+,22,30554071,-,KIRC,1227,TCGA-B8-5159-01A,TCGA-B8-5159-01A,1.0,0.0,0.0,0.0,0.0
2,98964649,+,18,66424264,-,KIRC,1228,TCGA-B8-5159-01A,TCGA-B8-5159-01A,1.0,0.0,0.0,0.0,0.0
2,212003164,-,17,11694730,-,KIRC,1229,TCGA-B8-5159-01A,TCGA-B8-5159-01A,1.0,0.0,0.0,0.0,0.0
3,73883504,-,23,105626214,-,KIRC,1230,TCGA-B8-5159-01A,TCGA-B8-5159-01A,1.0,0.0,0.0,0.0,0.0
5,49823700,+,5,49918290,-,KIRC,1231,TCGA-B8-5159-01A,TCGA-B8-5159-01A,1.0,0.0,0.0,0.0,0.0
6,26370021,+,22,30554255,+,KIRC,1232,TCGA-B8-5159-01A,TCGA-B8-5159-01A,1.0,0.0,0.0,0.0,0.0
6,26370023,-,14,103697150,-,KIRC,1233,TCGA-B8-5159-01A,TCGA-B8-5159-01A,1.0,0.0,0.0,0.0,0.0
8,93405627,-,23,31951190,+,KIRC,1234,TCGA-B8-5159-01A,TCGA-B8-5159-01A,1.0,0.0,0.0,0.0,0.0
9,44071942,-,9,44126115,+,KIRC,1235,TCGA-B8-5159-01A,TCGA-B8-5159-01A,1.0,0.0,0.0,0.0,0.0
23,105701377,+,23,113254341,-,KIRC,1236,TCGA-B8-5159-01A,TCGA-B8-5159-01A,1.0,0.0,0.0,0.0,0.0
1,33472726,+,1,33475222,-,KIRC,1237,TCGA-B8-5163-01A,TCGA-B8-5163-01A,1.0,0.0,0.0,0.0,0.0
1,84816472,+,1,84921880,+,KIRC,1238,TCGA-B8-5163-01A,TCGA-B8-5163-01A,1.0,0.0,0.0,0.0,0.0
10,64615571,+,10,64621783,+,KIRC,1239,TCGA-B8-5163-01A,TCGA-B8-5163-01A,1.0,0.0,0.0,0.0,0.0
10,64617574,-,10,64624772,-,KIRC,1240,TCGA-B8-5163-01A,TCGA-B8-5163-01A,1.0,0.0,0.0,0.0,0.0
16,34255977,-,16,36322622,+,KIRC,1241,TCGA-B8-5163-01A,TCGA-B8-5163-01A,1.0,0.0,0.0,0.0,0.0
3,93777275,-,3,95614053,+,KIRC,1242,TCGA-B8-5163-01A,TCGA-B8-5163-01A,1.0,0.0,0.0,0.0,0.0
3,94153993,+,3,193557208,+,KIRC,1243,TCGA-B8-5163-01A,TCGA-B8-5163-01A,1.0,0.0,0.0,0.0,0.0
3,94202750,-,3,105352307,+,KIRC,1244,TCGA-B8-5163-01A,TCGA-B8-5163-01A,1.0,0.0,0.0,0.0,0.0
3,94315949,+,3,94319927,-,KIRC,1245,TCGA-B8-5163-01A,TCGA-B8-5163-01A,1.0,0.0,0.0,0.0,0.0
3,98538597,+,3,176321328,+,KIRC,1246,TCGA-B8-5163-01A,TCGA-B8-5163-01A,1.0,0.0,0.0,0.0,0.0
3,98555855,-,3,105728574,-,KIRC,1247,TCGA-B8-5163-01A,TCGA-B8-5163-01A,1.0,0.0,0.0,0.0,0.0
3,99103296,+,3,131970877,+,KIRC,1248,TCGA-B8-5163-01A,TCGA-B8-5163-01A,1.0,0.0,0.0,0.0,0.0
3,99410476,+,3,137820015,+,KIRC,1249,TCGA-B8-5163-01A,TCGA-B8-5163-01A,1.0,0.0,0.0,0.0,0.0
3,104057492,-,3,137042578,-,KIRC,1250,TCGA-B8-5163-01A,TCGA-B8-5163-01A,1.0,0.0,0.0,0.0,0.0
3,106003841,+,3,131972567,-,KIRC,1251,TCGA-B8-5163-01A,TCGA-B8-5163-01A,1.0,0.0,0.0,0.0,0.0
3,106003849,-,3,126530198,-,KIRC,1252,TCGA-B8-5163-01A,TCGA-B8-5163-01A,1.0,0.0,0.0,0.0,0.0
3,106466852,+,3,149468379,-,KIRC,1253,TCGA-B8-5163-01A,TCGA-B8-5163-01A,1.0,0.0,0.0,0.0,0.0
3,107020675,-,3,181691224,+,KIRC,1254,TCGA-B8-5163-01A,TCGA-B8-5163-01A,1.0,0.0,0.0,0.0,0.0
3,108042232,+,3,112466443,-,KIRC,1255,TCGA-B8-5163-01A,TCGA-B8-5163-01A,1.0,0.0,0.0,0.0,0.0
3,108865934,-,3,113361606,-,KIRC,1256,TCGA-B8-5163-01A,TCGA-B8-5163-01A,1.0,0.0,0.0,0.0,0.0
3,110158226,+,3,124112374,+,KIRC,1257,TCGA-B8-5163-01A,TCGA-B8-5163-01A,1.0,0.0,0.0,0.0,0.0
3,110389368,+,3,124118796,-,KIRC,1258,TCGA-B8-5163-01A,TCGA-B8-5163-01A,1.0,0.0,0.0,0.0,0.0
3,112166260,-,3,140614273,+,KIRC,1259,TCGA-B8-5163-01A,TCGA-B8-5163-01A,1.0,0.0,0.0,0.0,0.0
3,112466365,+,3,121218417,-,KIRC,1260,TCGA-B8-5163-01A,TCGA-B8-5163-01A,1.0,0.0,0.0,0.0,0.0
3,113323768,+,3,114706275,+,KIRC,1261,TCGA-B8-5163-01A,TCGA-B8-5163-01A,1.0,0.0,0.0,0.0,0.0
3,114085295,+,3,143767047,-,KIRC,1262,TCGA-B8-5163-01A,TCGA-B8-5163-01A,1.0,0.0,0.0,0.0,0.0
3,114093878,-,3,156443541,+,KIRC,1263,TCGA-B8-5163-01A,TCGA-B8-5163-01A,1.0,0.0,0.0,0.0,0.0
3,121513023,+,3,121513559,-,KIRC,1264,TCGA-B8-5163-01A,TCGA-B8-5163-01A,1.0,0.0,0.0,0.0,0.0
3,121905280,+,3,181162888,+,KIRC,1265,TCGA-B8-5163-01A,TCGA-B8-5163-01A,1.0,0.0,0.0,0.0,0.0
3,124110088,-,3,125053190,+,KIRC,1266,TCGA-B8-5163-01A,TCGA-B8-5163-01A,1.0,0.0,0.0,0.0,0.0
3,127068944,+,3,194680799,-,KIRC,1267,TCGA-B8-5163-01A,TCGA-B8-5163-01A,1.0,0.0,0.0,0.0,0.0
3,127910117,-,3,194817628,+,KIRC,1268,TCGA-B8-5163-01A,TCGA-B8-5163-01A,1.0,0.0,0.0,0.0,0.0
3,134208829,-,3,148277812,-,KIRC,1269,TCGA-B8-5163-01A,TCGA-B8-5163-01A,1.0,0.0,0.0,0.0,0.0
3,137454850,+,3,175013589,-,KIRC,1270,TCGA-B8-5163-01A,TCGA-B8-5163-01A,1.0,0.0,0.0,0.0,0.0
3,138694027,-,3,156455816,-,KIRC,1271,TCGA-B8-5163-01A,TCGA-B8-5163-01A,1.0,0.0,0.0,0.0,0.0
3,141683110,-,3,158528366,+,KIRC,1272,TCGA-B8-5163-01A,TCGA-B8-5163-01A,1.0,0.0,0.0,0.0,0.0
3,146839914,-,3,180968365,-,KIRC,1273,TCGA-B8-5163-01A,TCGA-B8-5163-01A,1.0,0.0,0.0,0.0,0.0
3,146882794,+,3,148211319,+,KIRC,1274,TCGA-B8-5163-01A,TCGA-B8-5163-01A,1.0,0.0,0.0,0.0,0.0
3,147991531,-,3,159738483,-,KIRC,1275,TCGA-B8-5163-01A,TCGA-B8-5163-01A,1.0,0.0,0.0,0.0,0.0
3,148391649,+,3,181671497,-,KIRC,1276,TCGA-B8-5163-01A,TCGA-B8-5163-01A,1.0,0.0,0.0,0.0,0.0
3,149916683,+,3,185600833,+,KIRC,1277,TCGA-B8-5163-01A,TCGA-B8-5163-01A,1.0,0.0,0.0,0.0,0.0
3,153010417,-,3,184582135,-,KIRC,1278,TCGA-B8-5163-01A,TCGA-B8-5163-01A,1.0,0.0,0.0,0.0,0.0
3,154437548,+,3,154504634,+,KIRC,1279,TCGA-B8-5163-01A,TCGA-B8-5163-01A,1.0,0.0,0.0,0.0,0.0
3,154438737,-,3,156182073,+,KIRC,1280,TCGA-B8-5163-01A,TCGA-B8-5163-01A,1.0,0.0,0.0,0.0,0.0
3,155353168,-,3,170584551,+,KIRC,1281,TCGA-B8-5163-01A,TCGA-B8-5163-01A,1.0,0.0,0.0,0.0,0.0
3,155854668,+,3,178076025,-,KIRC,1282,TCGA-B8-5163-01A,TCGA-B8-5163-01A,1.0,0.0,0.0,0.0,0.0
3,155860877,-,3,158198478,+,KIRC,1283,TCGA-B8-5163-01A,TCGA-B8-5163-01A,1.0,0.0,0.0,0.0,0.0
3,156453924,-,3,193251113,-,KIRC,1284,TCGA-B8-5163-01A,TCGA-B8-5163-01A,1.0,0.0,0.0,0.0,0.0
3,158529325,-,3,161552833,+,KIRC,1285,TCGA-B8-5163-01A,TCGA-B8-5163-01A,1.0,0.0,0.0,0.0,0.0
3,159513175,+,3,192902088,+,KIRC,1286,TCGA-B8-5163-01A,TCGA-B8-5163-01A,1.0,0.0,0.0,0.0,0.0
3,169344525,-,3,179423216,+,KIRC,1287,TCGA-B8-5163-01A,TCGA-B8-5163-01A,1.0,0.0,0.0,0.0,0.0
4,120997122,+,4,121191264,-,KIRC,1288,TCGA-B8-5163-01A,TCGA-B8-5163-01A,1.0,0.0,0.0,0.0,0.0
5,8388942,+,5,8757938,+,KIRC,1289,TCGA-B8-5163-01A,TCGA-B8-5163-01A,1.0,0.0,0.0,0.0,0.0
5,8738642,-,5,8764530,-,KIRC,1290,TCGA-B8-5163-01A,TCGA-B8-5163-01A,1.0,0.0,0.0,0.0,0.0
7,84542944,-,17,39694005,-,KIRC,1291,TCGA-B8-5163-01A,TCGA-B8-5163-01A,1.0,0.0,0.0,0.0,0.0
1,26582812,-,3,115407535,-,KIRC,1292,TCGA-B8-5164-01A,TCGA-B8-5164-01A,1.0,0.0,0.0,0.0,0.0
1,31422406,-,3,116558908,+,KIRC,1293,TCGA-B8-5164-01A,TCGA-B8-5164-01A,1.0,0.0,0.0,0.0,0.0
1,32798479,+,1,34519834,-,KIRC,1294,TCGA-B8-5164-01A,TCGA-B8-5164-01A,1.0,0.0,0.0,0.0,0.0
1,43889762,+,3,112219729,-,KIRC,1295,TCGA-B8-5164-01A,TCGA-B8-5164-01A,1.0,0.0,0.0,0.0,0.0
11,51122663,+,11,53968637,-,KIRC,1296,TCGA-B8-5164-01A,TCGA-B8-5164-01A,1.0,0.0,0.0,0.0,0.0
12,9362676,+,18,75960352,-,KIRC,1297,TCGA-B8-5164-01A,TCGA-B8-5164-01A,1.0,0.0,0.0,0.0,0.0
14,22203365,+,14,22523602,-,KIRC,1298,TCGA-B8-5164-01A,TCGA-B8-5164-01A,1.0,0.0,0.0,0.0,0.0
18,15475017,+,18,15679123,-,KIRC,1299,TCGA-B8-5164-01A,TCGA-B8-5164-01A,1.0,0.0,0.0,0.0,0.0
2,93315644,+,2,93754050,-,KIRC,1300,TCGA-B8-5164-01A,TCGA-B8-5164-01A,1.0,0.0,0.0,0.0,0.0
2,96064110,+,2,97620326,-,KIRC,1301,TCGA-B8-5164-01A,TCGA-B8-5164-01A,1.0,0.0,0.0,0.0,0.0
2,110786202,+,23,111009451,-,KIRC,1302,TCGA-B8-5164-01A,TCGA-B8-5164-01A,1.0,0.0,0.0,0.0,0.0
2,110786220,-,23,111009444,+,KIRC,1303,TCGA-B8-5164-01A,TCGA-B8-5164-01A,1.0,0.0,0.0,0.0,0.0
2,218175146,+,2,224301300,+,KIRC,1304,TCGA-B8-5164-01A,TCGA-B8-5164-01A,1.0,0.0,0.0,0.0,0.0
3,112534519,+,3,115692995,-,KIRC,1305,TCGA-B8-5164-01A,TCGA-B8-5164-01A,1.0,0.0,0.0,0.0,0.0
3,114975125,+,6,63534782,-,KIRC,1306,TCGA-B8-5164-01A,TCGA-B8-5164-01A,1.0,0.0,0.0,0.0,0.0
3,115425155,+,3,118358914,-,KIRC,1307,TCGA-B8-5164-01A,TCGA-B8-5164-01A,1.0,0.0,0.0,0.0,0.0
5,106763229,+,5,135431833,+,KIRC,1308,TCGA-B8-5164-01A,TCGA-B8-5164-01A,1.0,0.0,0.0,0.0,0.0
6,73791220,+,11,82650073,+,KIRC,1309,TCGA-B8-5164-01A,TCGA-B8-5164-01A,1.0,0.0,0.0,0.0,0.0
10,41226839,+,10,41395684,-,KIRC,1310,TCGA-B8-5165-01A,TCGA-B8-5165-01A,1.0,0.0,0.0,0.0,0.0
12,690986,-,12,25114043,-,KIRC,1311,TCGA-B8-5165-01A,TCGA-B8-5165-01A,1.0,0.0,0.0,0.0,0.0
13,80104513,+,19,32954828,-,KIRC,1312,TCGA-B8-5165-01A,TCGA-B8-5165-01A,1.0,0.0,0.0,0.0,0.0
2,73345050,+,3,62383952,-,KIRC,1313,TCGA-B8-5165-01A,TCGA-B8-5165-01A,1.0,0.0,0.0,0.0,0.0
20,29266404,+,24,10227718,+,KIRC,1314,TCGA-B8-5165-01A,TCGA-B8-5165-01A,1.0,0.0,0.0,0.0,0.0
3,52274705,-,5,130987543,+,KIRC,1315,TCGA-B8-5165-01A,TCGA-B8-5165-01A,1.0,0.0,0.0,0.0,0.0
3,52551807,+,5,123221872,+,KIRC,1316,TCGA-B8-5165-01A,TCGA-B8-5165-01A,1.0,0.0,0.0,0.0,0.0
3,55615769,-,5,121651842,-,KIRC,1317,TCGA-B8-5165-01A,TCGA-B8-5165-01A,1.0,0.0,0.0,0.0,0.0
3,55845683,+,5,123326045,-,KIRC,1318,TCGA-B8-5165-01A,TCGA-B8-5165-01A,1.0,0.0,0.0,0.0,0.0
3,58593817,-,5,120857750,-,KIRC,1319,TCGA-B8-5165-01A,TCGA-B8-5165-01A,1.0,0.0,0.0,0.0,0.0
3,75916387,+,22,16713022,+,KIRC,1320,TCGA-B8-5165-01A,TCGA-B8-5165-01A,1.0,0.0,0.0,0.0,0.0
3,94979825,+,3,94986595,-,KIRC,1321,TCGA-B8-5165-01A,TCGA-B8-5165-01A,1.0,0.0,0.0,0.0,0.0
4,104957160,-,4,135417119,+,KIRC,1322,TCGA-B8-5165-01A,TCGA-B8-5165-01A,1.0,0.0,0.0,0.0,0.0
5,121164532,+,5,123210986,-,KIRC,1323,TCGA-B8-5165-01A,TCGA-B8-5165-01A,1.0,0.0,0.0,0.0,0.0
5,123208433,+,5,131109458,-,KIRC,1324,TCGA-B8-5165-01A,TCGA-B8-5165-01A,1.0,0.0,0.0,0.0,0.0
6,57791881,+,23,110912418,-,KIRC,1325,TCGA-B8-5165-01A,TCGA-B8-5165-01A,1.0,0.0,0.0,0.0,0.0
6,58062015,+,6,60816434,-,KIRC,1326,TCGA-B8-5165-01A,TCGA-B8-5165-01A,1.0,0.0,0.0,0.0,0.0
8,87428350,-,18,43735245,+,KIRC,1327,TCGA-B8-5165-01A,TCGA-B8-5165-01A,1.0,0.0,0.0,0.0,0.0
1,101350798,-,5,28619314,+,KIRC,1328,TCGA-B8-5545-01A,TCGA-B8-5545-01A,1.0,0.0,0.0,0.0,0.0
11,54346812,+,11,54421009,-,KIRC,1329,TCGA-B8-5545-01A,TCGA-B8-5545-01A,1.0,0.0,0.0,0.0,0.0
11,54356991,-,11,54421495,+,KIRC,1330,TCGA-B8-5545-01A,TCGA-B8-5545-01A,1.0,0.0,0.0,0.0,0.0
11,54416034,+,11,54549148,-,KIRC,1331,TCGA-B8-5545-01A,TCGA-B8-5545-01A,1.0,0.0,0.0,0.0,0.0
14,98359392,-,23,1048770,-,KIRC,1332,TCGA-B8-5545-01A,TCGA-B8-5545-01A,1.0,0.0,0.0,0.0,0.0
18,15580217,+,18,15666965,-,KIRC,1333,TCGA-B8-5545-01A,TCGA-B8-5545-01A,1.0,0.0,0.0,0.0,0.0
22,22369660,-,22,22450335,+,KIRC,1334,TCGA-B8-5545-01A,TCGA-B8-5545-01A,1.0,0.0,0.0,0.0,0.0
5,144299045,-,8,86126263,+,KIRC,1335,TCGA-B8-5545-01A,TCGA-B8-5545-01A,1.0,0.0,0.0,0.0,0.0
1,35182978,+,19,53292364,+,KIRC,1336,TCGA-B8-5546-01A,TCGA-B8-5546-01A,1.0,0.0,0.0,0.0,0.0
1,35183053,-,23,49034399,+,KIRC,1337,TCGA-B8-5546-01A,TCGA-B8-5546-01A,1.0,0.0,0.0,0.0,0.0
11,50146529,+,11,50332786,+,KIRC,1338,TCGA-B8-5546-01A,TCGA-B8-5546-01A,1.0,0.0,0.0,0.0,0.0
19,53292380,-,23,49034604,-,KIRC,1339,TCGA-B8-5546-01A,TCGA-B8-5546-01A,1.0,0.0,0.0,0.0,0.0
2,118275708,-,2,118275819,+,KIRC,1340,TCGA-B8-5546-01A,TCGA-B8-5546-01A,1.0,0.0,0.0,0.0,0.0
2,192134594,+,4,134679517,+,KIRC,1341,TCGA-B8-5546-01A,TCGA-B8-5546-01A,1.0,0.0,0.0,0.0,0.0
20,30008978,+,20,30023190,-,KIRC,1342,TCGA-B8-5546-01A,TCGA-B8-5546-01A,1.0,0.0,0.0,0.0,0.0
22,32311357,-,22,44248362,+,KIRC,1343,TCGA-B8-5546-01A,TCGA-B8-5546-01A,1.0,0.0,0.0,0.0,0.0
3,114749551,-,6,148387633,-,KIRC,1344,TCGA-B8-5546-01A,TCGA-B8-5546-01A,1.0,0.0,0.0,0.0,0.0
4,53417802,+,20,32591533,+,KIRC,1345,TCGA-B8-5546-01A,TCGA-B8-5546-01A,1.0,0.0,0.0,0.0,0.0
5,141110532,-,20,61402399,-,KIRC,1346,TCGA-B8-5546-01A,TCGA-B8-5546-01A,1.0,0.0,0.0,0.0,0.0
23,91945048,-,24,5168596,+,KIRC,1347,TCGA-B8-5546-01A,TCGA-B8-5546-01A,1.0,0.0,0.0,0.0,0.0
1,175137364,-,2,6936878,+,KIRC,1348,TCGA-B8-5549-01A,TCGA-B8-5549-01A,1.0,0.0,0.0,0.0,0.0
1,183840902,-,1,183841102,+,KIRC,1349,TCGA-B8-5549-01A,TCGA-B8-5549-01A,1.0,0.0,0.0,0.0,0.0
11,52459611,-,11,52669904,+,KIRC,1350,TCGA-B8-5549-01A,TCGA-B8-5549-01A,1.0,0.0,0.0,0.0,0.0
11,53097914,-,11,53707125,+,KIRC,1351,TCGA-B8-5549-01A,TCGA-B8-5549-01A,1.0,0.0,0.0,0.0,0.0
11,108073775,-,11,108149150,+,KIRC,1352,TCGA-B8-5549-01A,TCGA-B8-5549-01A,1.0,0.0,0.0,0.0,0.0
13,18698145,+,21,44977431,-,KIRC,1353,TCGA-B8-5549-01A,TCGA-B8-5549-01A,1.0,0.0,0.0,0.0,0.0
19,7712780,+,19,7844973,+,KIRC,1354,TCGA-B8-5549-01A,TCGA-B8-5549-01A,1.0,0.0,0.0,0.0,0.0
19,7713593,-,19,7845154,-,KIRC,1355,TCGA-B8-5549-01A,TCGA-B8-5549-01A,1.0,0.0,0.0,0.0,0.0
19,49866341,+,19,49874865,-,KIRC,1356,TCGA-B8-5549-01A,TCGA-B8-5549-01A,1.0,0.0,0.0,0.0,0.0
2,15993921,-,21,22232742,-,KIRC,1357,TCGA-B8-5549-01A,TCGA-B8-5549-01A,1.0,0.0,0.0,0.0,0.0
2,177399277,+,3,136446263,-,KIRC,1358,TCGA-B8-5549-01A,TCGA-B8-5549-01A,1.0,0.0,0.0,0.0,0.0
3,91174981,-,3,91200706,+,KIRC,1359,TCGA-B8-5549-01A,TCGA-B8-5549-01A,1.0,0.0,0.0,0.0,0.0
3,174043713,+,3,174045125,-,KIRC,1360,TCGA-B8-5549-01A,TCGA-B8-5549-01A,1.0,0.0,0.0,0.0,0.0
5,1526965,-,5,1530104,-,KIRC,1361,TCGA-B8-5549-01A,TCGA-B8-5549-01A,1.0,0.0,0.0,0.0,0.0
5,1527391,+,5,1538821,-,KIRC,1362,TCGA-B8-5549-01A,TCGA-B8-5549-01A,1.0,0.0,0.0,0.0,0.0
5,20464131,-,5,20464294,+,KIRC,1363,TCGA-B8-5549-01A,TCGA-B8-5549-01A,1.0,0.0,0.0,0.0,0.0
5,57031234,-,12,47871636,+,KIRC,1364,TCGA-B8-5549-01A,TCGA-B8-5549-01A,1.0,0.0,0.0,0.0,0.0
5,95681861,-,5,95754476,+,KIRC,1365,TCGA-B8-5549-01A,TCGA-B8-5549-01A,1.0,0.0,0.0,0.0,0.0
5,95777394,-,5,95934800,+,KIRC,1366,TCGA-B8-5549-01A,TCGA-B8-5549-01A,1.0,0.0,0.0,0.0,0.0
5,123766170,-,5,125542854,+,KIRC,1367,TCGA-B8-5549-01A,TCGA-B8-5549-01A,1.0,0.0,0.0,0.0,0.0
5,126315441,+,5,129328619,-,KIRC,1368,TCGA-B8-5549-01A,TCGA-B8-5549-01A,1.0,0.0,0.0,0.0,0.0
8,38723234,-,19,1462686,+,KIRC,1369,TCGA-B8-5549-01A,TCGA-B8-5549-01A,1.0,0.0,0.0,0.0,0.0
8,38865234,+,8,38883333,-,KIRC,1370,TCGA-B8-5549-01A,TCGA-B8-5549-01A,1.0,0.0,0.0,0.0,0.0
8,38978572,+,19,1294448,-,KIRC,1371,TCGA-B8-5549-01A,TCGA-B8-5549-01A,1.0,0.0,0.0,0.0,0.0
23,7112857,-,23,7134495,+,KIRC,1372,TCGA-B8-5549-01A,TCGA-B8-5549-01A,1.0,0.0,0.0,0.0,0.0
23,51538568,+,23,51591124,+,KIRC,1373,TCGA-B8-5549-01A,TCGA-B8-5549-01A,1.0,0.0,0.0,0.0,0.0
1,189958446,+,1,190204846,+,KIRC,1374,TCGA-B8-5550-01A,TCGA-B8-5550-01A,1.0,0.0,0.0,0.0,0.0
1,190200254,-,1,190205007,-,KIRC,1375,TCGA-B8-5550-01A,TCGA-B8-5550-01A,1.0,0.0,0.0,0.0,0.0
13,25801909,+,13,26010558,-,KIRC,1376,TCGA-B8-5550-01A,TCGA-B8-5550-01A,1.0,0.0,0.0,0.0,0.0
13,90525824,+,13,90635724,-,KIRC,1377,TCGA-B8-5550-01A,TCGA-B8-5550-01A,1.0,0.0,0.0,0.0,0.0
15,45612611,+,15,48576550,-,KIRC,1378,TCGA-B8-5550-01A,TCGA-B8-5550-01A,1.0,0.0,0.0,0.0,0.0
15,45614415,-,15,45633858,-,KIRC,1379,TCGA-B8-5550-01A,TCGA-B8-5550-01A,1.0,0.0,0.0,0.0,0.0
15,45633797,+,15,46511852,-,KIRC,1380,TCGA-B8-5550-01A,TCGA-B8-5550-01A,1.0,0.0,0.0,0.0,0.0
15,45641552,+,15,46469370,-,KIRC,1381,TCGA-B8-5550-01A,TCGA-B8-5550-01A,1.0,0.0,0.0,0.0,0.0
15,46511393,+,15,48574026,+,KIRC,1382,TCGA-B8-5550-01A,TCGA-B8-5550-01A,1.0,0.0,0.0,0.0,0.0
15,46864437,+,15,48632335,-,KIRC,1383,TCGA-B8-5550-01A,TCGA-B8-5550-01A,1.0,0.0,0.0,0.0,0.0
15,46864508,-,15,48629705,+,KIRC,1384,TCGA-B8-5550-01A,TCGA-B8-5550-01A,1.0,0.0,0.0,0.0,0.0
15,46913043,+,15,48563493,-,KIRC,1385,TCGA-B8-5550-01A,TCGA-B8-5550-01A,1.0,0.0,0.0,0.0,0.0
17,23028492,-,17,23043122,+,KIRC,1386,TCGA-B8-5550-01A,TCGA-B8-5550-01A,1.0,0.0,0.0,0.0,0.0
18,15802909,-,18,17784827,+,KIRC,1387,TCGA-B8-5550-01A,TCGA-B8-5550-01A,1.0,0.0,0.0,0.0,0.0
19,7193186,+,19,7193732,-,KIRC,1388,TCGA-B8-5550-01A,TCGA-B8-5550-01A,1.0,0.0,0.0,0.0,0.0
19,40287048,-,19,40287397,+,KIRC,1389,TCGA-B8-5550-01A,TCGA-B8-5550-01A,1.0,0.0,0.0,0.0,0.0
19,40511120,+,19,41594565,-,KIRC,1390,TCGA-B8-5550-01A,TCGA-B8-5550-01A,1.0,0.0,0.0,0.0,0.0
3,5268360,+,3,65228616,-,KIRC,1391,TCGA-B8-5550-01A,TCGA-B8-5550-01A,1.0,0.0,0.0,0.0,0.0
3,23930263,-,7,29791416,+,KIRC,1392,TCGA-B8-5550-01A,TCGA-B8-5550-01A,1.0,0.0,0.0,0.0,0.0
3,75642724,-,20,29443900,-,KIRC,1393,TCGA-B8-5550-01A,TCGA-B8-5550-01A,1.0,0.0,0.0,0.0,0.0
3,188249811,+,3,188250669,-,KIRC,1394,TCGA-B8-5550-01A,TCGA-B8-5550-01A,1.0,0.0,0.0,0.0,0.0
4,61545898,+,4,61839668,-,KIRC,1395,TCGA-B8-5550-01A,TCGA-B8-5550-01A,1.0,0.0,0.0,0.0,0.0
5,160794660,-,5,160794845,+,KIRC,1396,TCGA-B8-5550-01A,TCGA-B8-5550-01A,1.0,0.0,0.0,0.0,0.0
7,80874448,-,14,103251655,+,KIRC,1397,TCGA-B8-5550-01A,TCGA-B8-5550-01A,1.0,0.0,0.0,0.0,0.0
7,148283295,+,17,39499460,+,KIRC,1398,TCGA-B8-5550-01A,TCGA-B8-5550-01A,1.0,0.0,0.0,0.0,0.0
8,111744629,-,8,111775751,+,KIRC,1399,TCGA-B8-5550-01A,TCGA-B8-5550-01A,1.0,0.0,0.0,0.0,0.0
9,21463838,+,9,21543247,-,KIRC,1400,TCGA-B8-5550-01A,TCGA-B8-5550-01A,1.0,0.0,0.0,0.0,0.0
9,21545779,+,9,22485643,-,KIRC,1401,TCGA-B8-5550-01A,TCGA-B8-5550-01A,1.0,0.0,0.0,0.0,0.0
9,21799633,+,9,26951866,-,KIRC,1402,TCGA-B8-5550-01A,TCGA-B8-5550-01A,1.0,0.0,0.0,0.0,0.0
23,114334108,-,23,114337227,+,KIRC,1403,TCGA-B8-5550-01A,TCGA-B8-5550-01A,1.0,0.0,0.0,0.0,0.0
1,1126228,+,17,38768868,+,KIRC,1404,TCGA-B8-5551-01A,TCGA-B8-5551-01A,1.0,0.0,0.0,0.0,0.0
1,35382662,-,17,44407372,-,KIRC,1405,TCGA-B8-5551-01A,TCGA-B8-5551-01A,1.0,0.0,0.0,0.0,0.0
1,35382664,-,17,40739420,-,KIRC,1406,TCGA-B8-5551-01A,TCGA-B8-5551-01A,1.0,0.0,0.0,0.0,0.0
1,152103827,-,23,89128068,-,KIRC,1407,TCGA-B8-5551-01A,TCGA-B8-5551-01A,1.0,0.0,0.0,0.0,0.0
1,198506695,+,16,63619757,-,KIRC,1408,TCGA-B8-5551-01A,TCGA-B8-5551-01A,1.0,0.0,0.0,0.0,0.0
10,19996184,+,10,20025603,-,KIRC,1409,TCGA-B8-5551-01A,TCGA-B8-5551-01A,1.0,0.0,0.0,0.0,0.0
10,90683778,+,14,38041626,-,KIRC,1410,TCGA-B8-5551-01A,TCGA-B8-5551-01A,1.0,0.0,0.0,0.0,0.0
12,54160878,+,12,54173695,-,KIRC,1411,TCGA-B8-5551-01A,TCGA-B8-5551-01A,1.0,0.0,0.0,0.0,0.0
13,16603306,-,13,17147007,+,KIRC,1412,TCGA-B8-5551-01A,TCGA-B8-5551-01A,1.0,0.0,0.0,0.0,0.0
14,102094632,-,15,77185732,+,KIRC,1413,TCGA-B8-5551-01A,TCGA-B8-5551-01A,1.0,0.0,0.0,0.0,0.0
15,75689998,+,15,77897120,+,KIRC,1414,TCGA-B8-5551-01A,TCGA-B8-5551-01A,1.0,0.0,0.0,0.0,0.0
17,23028670,-,17,23042942,+,KIRC,1415,TCGA-B8-5551-01A,TCGA-B8-5551-01A,1.0,0.0,0.0,0.0,0.0
17,40739559,+,17,44407371,-,KIRC,1416,TCGA-B8-5551-01A,TCGA-B8-5551-01A,1.0,0.0,0.0,0.0,0.0
2,63252491,+,2,201284708,+,KIRC,1417,TCGA-B8-5551-01A,TCGA-B8-5551-01A,1.0,0.0,0.0,0.0,0.0
2,108551981,+,18,31493091,+,KIRC,1418,TCGA-B8-5551-01A,TCGA-B8-5551-01A,1.0,0.0,0.0,0.0,0.0
2,186449235,+,2,186778052,-,KIRC,1419,TCGA-B8-5551-01A,TCGA-B8-5551-01A,1.0,0.0,0.0,0.0,0.0
20,26364240,+,20,26369269,-,KIRC,1420,TCGA-B8-5551-01A,TCGA-B8-5551-01A,1.0,0.0,0.0,0.0,0.0
3,47029604,+,3,47092603,-,KIRC,1421,TCGA-B8-5551-01A,TCGA-B8-5551-01A,1.0,0.0,0.0,0.0,0.0
3,174466027,+,3,174736540,-,KIRC,1422,TCGA-B8-5551-01A,TCGA-B8-5551-01A,1.0,0.0,0.0,0.0,0.0
4,26860192,+,4,26865116,-,KIRC,1423,TCGA-B8-5551-01A,TCGA-B8-5551-01A,1.0,0.0,0.0,0.0,0.0
6,30613007,+,6,30718231,-,KIRC,1424,TCGA-B8-5551-01A,TCGA-B8-5551-01A,1.0,0.0,0.0,0.0,0.0
6,125636527,-,9,10031648,+,KIRC,1425,TCGA-B8-5551-01A,TCGA-B8-5551-01A,1.0,0.0,0.0,0.0,0.0
7,118835750,-,9,20225560,-,KIRC,1426,TCGA-B8-5551-01A,TCGA-B8-5551-01A,1.0,0.0,0.0,0.0,0.0
8,3010676,+,8,35112618,-,KIRC,1427,TCGA-B8-5551-01A,TCGA-B8-5551-01A,1.0,0.0,0.0,0.0,0.0
8,67818892,+,8,67848237,-,KIRC,1428,TCGA-B8-5551-01A,TCGA-B8-5551-01A,1.0,0.0,0.0,0.0,0.0
8,84928753,+,8,84930953,+,KIRC,1429,TCGA-B8-5551-01A,TCGA-B8-5551-01A,1.0,0.0,0.0,0.0,0.0
8,121970064,-,11,34877964,+,KIRC,1430,TCGA-B8-5551-01A,TCGA-B8-5551-01A,1.0,0.0,0.0,0.0,0.0
9,10194370,-,23,66780622,-,KIRC,1431,TCGA-B8-5551-01A,TCGA-B8-5551-01A,1.0,0.0,0.0,0.0,0.0
9,35740358,-,9,35776778,+,KIRC,1432,TCGA-B8-5551-01A,TCGA-B8-5551-01A,1.0,0.0,0.0,0.0,0.0
9,115669048,-,9,115679676,+,KIRC,1433,TCGA-B8-5551-01A,TCGA-B8-5551-01A,1.0,0.0,0.0,0.0,0.0
23,3036653,+,23,63625848,+,KIRC,1434,TCGA-B8-5551-01A,TCGA-B8-5551-01A,1.0,0.0,0.0,0.0,0.0
1,124980133,+,1,124994404,-,KIRC,1435,TCGA-B8-5552-01B,TCGA-B8-5552-01B,1.0,0.0,0.0,0.0,0.0
18,15473172,+,18,15699410,-,KIRC,1436,TCGA-B8-5552-01B,TCGA-B8-5552-01B,1.0,0.0,0.0,0.0,0.0
18,15590300,+,18,15673347,-,KIRC,1437,TCGA-B8-5552-01B,TCGA-B8-5552-01B,1.0,0.0,0.0,0.0,0.0
3,157972130,-,5,18435602,+,KIRC,1438,TCGA-B8-5552-01B,TCGA-B8-5552-01B,1.0,0.0,0.0,0.0,0.0
4,50189353,-,4,50993230,+,KIRC,1439,TCGA-B8-5552-01B,TCGA-B8-5552-01B,1.0,0.0,0.0,0.0,0.0
5,99237299,-,23,955837,+,KIRC,1440,TCGA-B8-5552-01B,TCGA-B8-5552-01B,1.0,0.0,0.0,0.0,0.0
5,99237497,-,23,803372,-,KIRC,1441,TCGA-B8-5552-01B,TCGA-B8-5552-01B,1.0,0.0,0.0,0.0,0.0
5,99238288,+,5,102410541,+,KIRC,1442,TCGA-B8-5552-01B,TCGA-B8-5552-01B,1.0,0.0,0.0,0.0,0.0
5,99238288,+,23,955604,+,KIRC,1443,TCGA-B8-5552-01B,TCGA-B8-5552-01B,1.0,0.0,0.0,0.0,0.0
5,101800330,-,5,107549869,+,KIRC,1444,TCGA-B8-5552-01B,TCGA-B8-5552-01B,1.0,0.0,0.0,0.0,0.0
5,101942936,+,5,101980038,-,KIRC,1445,TCGA-B8-5552-01B,TCGA-B8-5552-01B,1.0,0.0,0.0,0.0,0.0
5,102410541,+,23,955367,-,KIRC,1446,TCGA-B8-5552-01B,TCGA-B8-5552-01B,1.0,0.0,0.0,0.0,0.0
5,107473400,-,23,803517,-,KIRC,1447,TCGA-B8-5552-01B,TCGA-B8-5552-01B,1.0,0.0,0.0,0.0,0.0
5,107550685,-,23,953423,-,KIRC,1448,TCGA-B8-5552-01B,TCGA-B8-5552-01B,1.0,0.0,0.0,0.0,0.0
23,803525,+,23,955741,+,KIRC,1449,TCGA-B8-5552-01B,TCGA-B8-5552-01B,1.0,0.0,0.0,0.0,0.0
1,29418928,+,5,95738963,+,KIRC,1450,TCGA-B8-5553-01A,TCGA-B8-5553-01A,1.0,0.0,0.0,0.0,0.0
1,31601765,-,17,69250198,-,KIRC,1451,TCGA-B8-5553-01A,TCGA-B8-5553-01A,1.0,0.0,0.0,0.0,0.0
1,63013631,-,23,6720284,+,KIRC,1452,TCGA-B8-5553-01A,TCGA-B8-5553-01A,1.0,0.0,0.0,0.0,0.0
1,124795636,+,1,124803283,-,KIRC,1453,TCGA-B8-5553-01A,TCGA-B8-5553-01A,1.0,0.0,0.0,0.0,0.0
11,109235376,+,15,32044254,-,KIRC,1454,TCGA-B8-5553-01A,TCGA-B8-5553-01A,1.0,0.0,0.0,0.0,0.0
13,16019946,-,20,28765340,-,KIRC,1455,TCGA-B8-5553-01A,TCGA-B8-5553-01A,1.0,0.0,0.0,0.0,0.0
15,80257212,+,20,45318972,-,KIRC,1456,TCGA-B8-5553-01A,TCGA-B8-5553-01A,1.0,0.0,0.0,0.0,0.0
17,22830348,+,17,23059650,-,KIRC,1457,TCGA-B8-5553-01A,TCGA-B8-5553-01A,1.0,0.0,0.0,0.0,0.0
3,65013072,-,9,72754217,-,KIRC,1458,TCGA-B8-5553-01A,TCGA-B8-5553-01A,1.0,0.0,0.0,0.0,0.0
3,184438775,-,9,110145040,+,KIRC,1459,TCGA-B8-5553-01A,TCGA-B8-5553-01A,1.0,0.0,0.0,0.0,0.0
5,78483271,+,5,78484187,-,KIRC,1460,TCGA-B8-5553-01A,TCGA-B8-5553-01A,1.0,0.0,0.0,0.0,0.0
5,101182080,-,9,69329581,+,KIRC,1461,TCGA-B8-5553-01A,TCGA-B8-5553-01A,1.0,0.0,0.0,0.0,0.0
6,11582680,-,6,11583190,+,KIRC,1462,TCGA-B8-5553-01A,TCGA-B8-5553-01A,1.0,0.0,0.0,0.0,0.0
7,11884479,-,15,71263331,-,KIRC,1463,TCGA-B8-5553-01A,TCGA-B8-5553-01A,1.0,0.0,0.0,0.0,0.0
7,56838603,+,7,63738722,+,KIRC,1464,TCGA-B8-5553-01A,TCGA-B8-5553-01A,1.0,0.0,0.0,0.0,0.0
8,17925181,+,8,32746123,-,KIRC,1465,TCGA-B8-5553-01A,TCGA-B8-5553-01A,1.0,0.0,0.0,0.0,0.0
1,183131460,+,4,139651347,-,KIRC,1466,TCGA-B8-A54F-01A,TCGA-B8-A54F-01A,1.0,0.0,0.0,0.0,0.0
11,51124835,-,11,51142834,+,KIRC,1467,TCGA-B8-A54F-01A,TCGA-B8-A54F-01A,1.0,0.0,0.0,0.0,0.0
14,102095087,+,16,1872024,+,KIRC,1468,TCGA-B8-A54F-01A,TCGA-B8-A54F-01A,1.0,0.0,0.0,0.0,0.0
18,15731768,+,18,15743577,-,KIRC,1469,TCGA-B8-A54F-01A,TCGA-B8-A54F-01A,1.0,0.0,0.0,0.0,0.0
19,39627699,-,19,39674123,-,KIRC,1470,TCGA-B8-A54F-01A,TCGA-B8-A54F-01A,1.0,0.0,0.0,0.0,0.0
2,196967033,+,3,134879807,-,KIRC,1471,TCGA-B8-A54F-01A,TCGA-B8-A54F-01A,1.0,0.0,0.0,0.0,0.0
2,197578725,-,3,126823813,-,KIRC,1472,TCGA-B8-A54F-01A,TCGA-B8-A54F-01A,1.0,0.0,0.0,0.0,0.0
2,197699451,+,2,239154343,+,KIRC,1473,TCGA-B8-A54F-01A,TCGA-B8-A54F-01A,1.0,0.0,0.0,0.0,0.0
2,198277083,-,3,134011375,+,KIRC,1474,TCGA-B8-A54F-01A,TCGA-B8-A54F-01A,1.0,0.0,0.0,0.0,0.0
2,199429508,+,2,239159862,-,KIRC,1475,TCGA-B8-A54F-01A,TCGA-B8-A54F-01A,1.0,0.0,0.0,0.0,0.0
2,239070219,-,2,239165451,+,KIRC,1476,TCGA-B8-A54F-01A,TCGA-B8-A54F-01A,1.0,0.0,0.0,0.0,0.0
3,126904638,+,3,138104667,-,KIRC,1477,TCGA-B8-A54F-01A,TCGA-B8-A54F-01A,1.0,0.0,0.0,0.0,0.0
3,131779369,-,3,137773071,+,KIRC,1478,TCGA-B8-A54F-01A,TCGA-B8-A54F-01A,1.0,0.0,0.0,0.0,0.0
3,137712298,+,3,137717265,-,KIRC,1479,TCGA-B8-A54F-01A,TCGA-B8-A54F-01A,1.0,0.0,0.0,0.0,0.0
4,142042516,-,12,5964250,-,KIRC,1480,TCGA-B8-A54F-01A,TCGA-B8-A54F-01A,1.0,0.0,0.0,0.0,0.0
6,160507361,-,22,22110022,+,KIRC,1481,TCGA-B8-A54F-01A,TCGA-B8-A54F-01A,1.0,0.0,0.0,0.0,0.0
1,104488847,-,22,23367702,+,KIRC,1482,TCGA-B8-A7U6-01A,TCGA-B8-A7U6-01A,1.0,0.0,0.0,0.0,0.0
10,96348450,-,10,96348696,+,KIRC,1483,TCGA-B8-A7U6-01A,TCGA-B8-A7U6-01A,1.0,0.0,0.0,0.0,0.0
13,16338642,-,13,16917667,+,KIRC,1484,TCGA-B8-A7U6-01A,TCGA-B8-A7U6-01A,1.0,0.0,0.0,0.0,0.0
13,25011383,+,13,26069722,+,KIRC,1485,TCGA-B8-A7U6-01A,TCGA-B8-A7U6-01A,1.0,0.0,0.0,0.0,0.0
14,102094633,-,15,77185731,+,KIRC,1486,TCGA-B8-A7U6-01A,TCGA-B8-A7U6-01A,1.0,0.0,0.0,0.0,0.0
15,24399799,-,15,24572909,+,KIRC,1487,TCGA-B8-A7U6-01A,TCGA-B8-A7U6-01A,1.0,0.0,0.0,0.0,0.0
16,34164549,-,20,29295623,-,KIRC,1488,TCGA-B8-A7U6-01A,TCGA-B8-A7U6-01A,1.0,0.0,0.0,0.0,0.0
17,6253523,+,17,9656535,+,KIRC,1489,TCGA-B8-A7U6-01A,TCGA-B8-A7U6-01A,1.0,0.0,0.0,0.0,0.0
17,6689603,-,17,9770877,+,KIRC,1490,TCGA-B8-A7U6-01A,TCGA-B8-A7U6-01A,1.0,0.0,0.0,0.0,0.0
17,6789412,+,17,6809323,-,KIRC,1491,TCGA-B8-A7U6-01A,TCGA-B8-A7U6-01A,1.0,0.0,0.0,0.0,0.0
17,10435127,+,17,12247206,-,KIRC,1492,TCGA-B8-A7U6-01A,TCGA-B8-A7U6-01A,1.0,0.0,0.0,0.0,0.0
17,10503887,+,17,12166523,-,KIRC,1493,TCGA-B8-A7U6-01A,TCGA-B8-A7U6-01A,1.0,0.0,0.0,0.0,0.0
17,12219873,-,17,22118591,-,KIRC,1494,TCGA-B8-A7U6-01A,TCGA-B8-A7U6-01A,1.0,0.0,0.0,0.0,0.0
18,45128161,+,20,44404806,+,KIRC,1495,TCGA-B8-A7U6-01A,TCGA-B8-A7U6-01A,1.0,0.0,0.0,0.0,0.0
2,10371436,-,2,222866745,-,KIRC,1496,TCGA-B8-A7U6-01A,TCGA-B8-A7U6-01A,1.0,0.0,0.0,0.0,0.0
2,47955959,-,6,15061041,+,KIRC,1497,TCGA-B8-A7U6-01A,TCGA-B8-A7U6-01A,1.0,0.0,0.0,0.0,0.0
20,29290666,-,24,10206367,-,KIRC,1498,TCGA-B8-A7U6-01A,TCGA-B8-A7U6-01A,1.0,0.0,0.0,0.0,0.0
20,29921545,+,20,29986961,-,KIRC,1499,TCGA-B8-A7U6-01A,TCGA-B8-A7U6-01A,1.0,0.0,0.0,0.0,0.0
20,29926146,-,20,29954044,+,KIRC,1500,TCGA-B8-A7U6-01A,TCGA-B8-A7U6-01A,1.0,0.0,0.0,0.0,0.0
3,64844948,-,5,156964372,-,KIRC,1501,TCGA-B8-A7U6-01A,TCGA-B8-A7U6-01A,1.0,0.0,0.0,0.0,0.0
3,65516001,+,3,67684357,-,KIRC,1502,TCGA-B8-A7U6-01A,TCGA-B8-A7U6-01A,1.0,0.0,0.0,0.0,0.0
3,68399479,+,5,150285265,-,KIRC,1503,TCGA-B8-A7U6-01A,TCGA-B8-A7U6-01A,1.0,0.0,0.0,0.0,0.0
3,69517645,-,3,71200771,+,KIRC,1504,TCGA-B8-A7U6-01A,TCGA-B8-A7U6-01A,1.0,0.0,0.0,0.0,0.0
3,69523160,+,5,154370282,-,KIRC,1505,TCGA-B8-A7U6-01A,TCGA-B8-A7U6-01A,1.0,0.0,0.0,0.0,0.0
3,70448871,-,5,150283241,+,KIRC,1506,TCGA-B8-A7U6-01A,TCGA-B8-A7U6-01A,1.0,0.0,0.0,0.0,0.0
3,70470227,+,5,157523075,-,KIRC,1507,TCGA-B8-A7U6-01A,TCGA-B8-A7U6-01A,1.0,0.0,0.0,0.0,0.0
3,70476807,-,5,157591887,-,KIRC,1508,TCGA-B8-A7U6-01A,TCGA-B8-A7U6-01A,1.0,0.0,0.0,0.0,0.0
3,71575622,-,5,150278812,-,KIRC,1509,TCGA-B8-A7U6-01A,TCGA-B8-A7U6-01A,1.0,0.0,0.0,0.0,0.0
3,73412308,+,5,155222775,+,KIRC,1510,TCGA-B8-A7U6-01A,TCGA-B8-A7U6-01A,1.0,0.0,0.0,0.0,0.0
3,73418478,-,5,149311853,-,KIRC,1511,TCGA-B8-A7U6-01A,TCGA-B8-A7U6-01A,1.0,0.0,0.0,0.0,0.0
3,73425072,+,5,150289560,+,KIRC,1512,TCGA-B8-A7U6-01A,TCGA-B8-A7U6-01A,1.0,0.0,0.0,0.0,0.0
3,73460711,-,5,157587064,+,KIRC,1513,TCGA-B8-A7U6-01A,TCGA-B8-A7U6-01A,1.0,0.0,0.0,0.0,0.0
3,91157144,-,3,91281837,-,KIRC,1514,TCGA-B8-A7U6-01A,TCGA-B8-A7U6-01A,1.0,0.0,0.0,0.0,0.0
3,91299988,+,6,60627258,+,KIRC,1515,TCGA-B8-A7U6-01A,TCGA-B8-A7U6-01A,1.0,0.0,0.0,0.0,0.0
3,181392124,+,6,81975218,+,KIRC,1516,TCGA-B8-A7U6-01A,TCGA-B8-A7U6-01A,1.0,0.0,0.0,0.0,0.0
4,50344273,-,4,50849375,+,KIRC,1517,TCGA-B8-A7U6-01A,TCGA-B8-A7U6-01A,1.0,0.0,0.0,0.0,0.0
4,179230386,+,13,93401159,-,KIRC,1518,TCGA-B8-A7U6-01A,TCGA-B8-A7U6-01A,1.0,0.0,0.0,0.0,0.0
5,13265327,+,6,45288596,+,KIRC,1519,TCGA-B8-A7U6-01A,TCGA-B8-A7U6-01A,1.0,0.0,0.0,0.0,0.0
5,46433348,-,5,46493414,-,KIRC,1520,TCGA-B8-A7U6-01A,TCGA-B8-A7U6-01A,1.0,0.0,0.0,0.0,0.0
5,150267231,+,5,156902037,+,KIRC,1521,TCGA-B8-A7U6-01A,TCGA-B8-A7U6-01A,1.0,0.0,0.0,0.0,0.0
5,154457878,+,5,157504294,+,KIRC,1522,TCGA-B8-A7U6-01A,TCGA-B8-A7U6-01A,1.0,0.0,0.0,0.0,0.0
5,154461058,-,5,156899000,-,KIRC,1523,TCGA-B8-A7U6-01A,TCGA-B8-A7U6-01A,1.0,0.0,0.0,0.0,0.0
6,42299117,+,6,63880456,-,KIRC,1524,TCGA-B8-A7U6-01A,TCGA-B8-A7U6-01A,1.0,0.0,0.0,0.0,0.0
6,158491395,-,17,53025196,+,KIRC,1525,TCGA-B8-A7U6-01A,TCGA-B8-A7U6-01A,1.0,0.0,0.0,0.0,0.0
9,137390305,-,18,11768809,+,KIRC,1526,TCGA-B8-A7U6-01A,TCGA-B8-A7U6-01A,1.0,0.0,0.0,0.0,0.0
23,6273465,+,24,5326087,-,KIRC,1527,TCGA-B8-A7U6-01A,TCGA-B8-A7U6-01A,1.0,0.0,0.0,0.0,0.0
23,23780146,+,23,32085597,-,KIRC,1528,TCGA-B8-A7U6-01A,TCGA-B8-A7U6-01A,1.0,0.0,0.0,0.0,0.0
1,79805471,+,3,98020017,+,KIRC,1529,TCGA-B8-A8YJ-01A,TCGA-B8-A8YJ-01A,1.0,0.0,0.0,0.0,0.0
11,54378137,-,11,54394480,+,KIRC,1530,TCGA-B8-A8YJ-01A,TCGA-B8-A8YJ-01A,1.0,0.0,0.0,0.0,0.0
13,110954567,-,13,112396265,-,KIRC,1531,TCGA-B8-A8YJ-01A,TCGA-B8-A8YJ-01A,1.0,0.0,0.0,0.0,0.0
15,54414658,+,19,41532026,+,KIRC,1532,TCGA-B8-A8YJ-01A,TCGA-B8-A8YJ-01A,1.0,0.0,0.0,0.0,0.0
18,16860004,+,18,18616932,-,KIRC,1533,TCGA-B8-A8YJ-01A,TCGA-B8-A8YJ-01A,1.0,0.0,0.0,0.0,0.0
2,91910289,-,10,38668145,+,KIRC,1534,TCGA-B8-A8YJ-01A,TCGA-B8-A8YJ-01A,1.0,0.0,0.0,0.0,0.0
2,120201305,+,3,99244974,-,KIRC,1535,TCGA-B8-A8YJ-01A,TCGA-B8-A8YJ-01A,1.0,0.0,0.0,0.0,0.0
2,132070001,+,22,16234075,+,KIRC,1536,TCGA-B8-A8YJ-01A,TCGA-B8-A8YJ-01A,1.0,0.0,0.0,0.0,0.0
20,26614765,-,20,26620245,+,KIRC,1537,TCGA-B8-A8YJ-01A,TCGA-B8-A8YJ-01A,1.0,0.0,0.0,0.0,0.0
20,29950666,+,20,30024531,-,KIRC,1538,TCGA-B8-A8YJ-01A,TCGA-B8-A8YJ-01A,1.0,0.0,0.0,0.0,0.0
3,21148140,-,4,26109424,+,KIRC,1539,TCGA-B8-A8YJ-01A,TCGA-B8-A8YJ-01A,1.0,0.0,0.0,0.0,0.0
3,73136768,-,19,48187999,+,KIRC,1540,TCGA-B8-A8YJ-01A,TCGA-B8-A8YJ-01A,1.0,0.0,0.0,0.0,0.0
3,136463735,-,22,16724318,-,KIRC,1541,TCGA-B8-A8YJ-01A,TCGA-B8-A8YJ-01A,1.0,0.0,0.0,0.0,0.0
3,176223144,+,15,46849022,+,KIRC,1542,TCGA-B8-A8YJ-01A,TCGA-B8-A8YJ-01A,1.0,0.0,0.0,0.0,0.0
4,450988,+,10,86790204,-,KIRC,1543,TCGA-B8-A8YJ-01A,TCGA-B8-A8YJ-01A,1.0,0.0,0.0,0.0,0.0
5,46433868,-,5,46504859,-,KIRC,1544,TCGA-B8-A8YJ-01A,TCGA-B8-A8YJ-01A,1.0,0.0,0.0,0.0,0.0
5,69277473,-,12,6227180,-,KIRC,1545,TCGA-B8-A8YJ-01A,TCGA-B8-A8YJ-01A,1.0,0.0,0.0,0.0,0.0
5,173100157,-,23,97476823,-,KIRC,1546,TCGA-B8-A8YJ-01A,TCGA-B8-A8YJ-01A,1.0,0.0,0.0,0.0,0.0
7,32842451,-,7,113238190,+,KIRC,1547,TCGA-B8-A8YJ-01A,TCGA-B8-A8YJ-01A,1.0,0.0,0.0,0.0,0.0
7,150161225,+,13,86289826,-,KIRC,1548,TCGA-B8-A8YJ-01A,TCGA-B8-A8YJ-01A,1.0,0.0,0.0,0.0,0.0
8,121970138,-,11,34877890,+,KIRC,1549,TCGA-B8-A8YJ-01A,TCGA-B8-A8YJ-01A,1.0,0.0,0.0,0.0,0.0
9,26646575,-,9,35742006,+,KIRC,1550,TCGA-B8-A8YJ-01A,TCGA-B8-A8YJ-01A,1.0,0.0,0.0,0.0,0.0
9,26664976,-,9,35734324,+,KIRC,1551,TCGA-B8-A8YJ-01A,TCGA-B8-A8YJ-01A,1.0,0.0,0.0,0.0,0.0
9,26665846,+,9,26668823,+,KIRC,1552,TCGA-B8-A8YJ-01A,TCGA-B8-A8YJ-01A,1.0,0.0,0.0,0.0,0.0
9,26667323,-,9,34060867,+,KIRC,1553,TCGA-B8-A8YJ-01A,TCGA-B8-A8YJ-01A,1.0,0.0,0.0,0.0,0.0
9,28421439,+,9,28427214,-,KIRC,1554,TCGA-B8-A8YJ-01A,TCGA-B8-A8YJ-01A,1.0,0.0,0.0,0.0,0.0
9,28476663,+,9,35728817,-,KIRC,1555,TCGA-B8-A8YJ-01A,TCGA-B8-A8YJ-01A,1.0,0.0,0.0,0.0,0.0
9,28479533,-,9,32584215,-,KIRC,1556,TCGA-B8-A8YJ-01A,TCGA-B8-A8YJ-01A,1.0,0.0,0.0,0.0,0.0
9,33628790,-,9,36908228,-,KIRC,1557,TCGA-B8-A8YJ-01A,TCGA-B8-A8YJ-01A,1.0,0.0,0.0,0.0,0.0
9,34023909,+,9,36904398,+,KIRC,1558,TCGA-B8-A8YJ-01A,TCGA-B8-A8YJ-01A,1.0,0.0,0.0,0.0,0.0
9,34033773,-,9,34057594,-,KIRC,1559,TCGA-B8-A8YJ-01A,TCGA-B8-A8YJ-01A,1.0,0.0,0.0,0.0,0.0
9,69497115,+,9,101610387,+,KIRC,1560,TCGA-B8-A8YJ-01A,TCGA-B8-A8YJ-01A,1.0,0.0,0.0,0.0,0.0
9,77524942,-,9,103385187,+,KIRC,1561,TCGA-B8-A8YJ-01A,TCGA-B8-A8YJ-01A,1.0,0.0,0.0,0.0,0.0
9,79791572,+,9,86750312,-,KIRC,1562,TCGA-B8-A8YJ-01A,TCGA-B8-A8YJ-01A,1.0,0.0,0.0,0.0,0.0
9,100977211,-,9,103387584,-,KIRC,1563,TCGA-B8-A8YJ-01A,TCGA-B8-A8YJ-01A,1.0,0.0,0.0,0.0,0.0
9,112257202,+,9,137056008,-,KIRC,1564,TCGA-B8-A8YJ-01A,TCGA-B8-A8YJ-01A,1.0,0.0,0.0,0.0,0.0
9,112458711,+,9,136959761,-,KIRC,1565,TCGA-B8-A8YJ-01A,TCGA-B8-A8YJ-01A,1.0,0.0,0.0,0.0,0.0
9,119541083,-,9,119656993,-,KIRC,1566,TCGA-B8-A8YJ-01A,TCGA-B8-A8YJ-01A,1.0,0.0,0.0,0.0,0.0
9,122391445,+,9,126736704,+,KIRC,1567,TCGA-B8-A8YJ-01A,TCGA-B8-A8YJ-01A,1.0,0.0,0.0,0.0,0.0
1,124813859,-,1,124815455,+,KIRC,1568,TCGA-DV-5565-01A,TCGA-DV-5565-01A,1.0,0.0,0.0,0.0,0.0
1,231814984,+,13,62992165,+,KIRC,1569,TCGA-DV-5565-01A,TCGA-DV-5565-01A,1.0,0.0,0.0,0.0,0.0
12,118295171,-,14,81129623,-,KIRC,1570,TCGA-DV-5565-01A,TCGA-DV-5565-01A,1.0,0.0,0.0,0.0,0.0
13,18760872,+,13,18779937,-,KIRC,1571,TCGA-DV-5565-01A,TCGA-DV-5565-01A,1.0,0.0,0.0,0.0,0.0
15,62560309,-,15,63269104,+,KIRC,1572,TCGA-DV-5565-01A,TCGA-DV-5565-01A,1.0,0.0,0.0,0.0,0.0
3,91047826,+,3,91225107,-,KIRC,1573,TCGA-DV-5565-01A,TCGA-DV-5565-01A,1.0,0.0,0.0,0.0,0.0
3,140882686,-,6,120844145,+,KIRC,1574,TCGA-DV-5565-01A,TCGA-DV-5565-01A,1.0,0.0,0.0,0.0,0.0
6,31341618,-,14,59006319,-,KIRC,1575,TCGA-DV-5565-01A,TCGA-DV-5565-01A,1.0,0.0,0.0,0.0,0.0
6,72795644,+,6,119134217,-,KIRC,1576,TCGA-DV-5565-01A,TCGA-DV-5565-01A,1.0,0.0,0.0,0.0,0.0
7,95041147,-,7,95404716,-,KIRC,1577,TCGA-DV-5565-01A,TCGA-DV-5565-01A,1.0,0.0,0.0,0.0,0.0
7,95041149,+,7,95404714,+,KIRC,1578,TCGA-DV-5565-01A,TCGA-DV-5565-01A,1.0,0.0,0.0,0.0,0.0
8,39096410,-,17,20634735,-,KIRC,1579,TCGA-DV-5565-01A,TCGA-DV-5565-01A,1.0,0.0,0.0,0.0,0.0
1,161554947,+,1,161636075,-,KIRC,1580,TCGA-DV-5567-01A,TCGA-DV-5567-01A,1.0,0.0,0.0,0.0,0.0
1,243833460,+,3,134010461,-,KIRC,1581,TCGA-DV-5567-01A,TCGA-DV-5567-01A,1.0,0.0,0.0,0.0,0.0
2,21192481,-,5,11250513,+,KIRC,1582,TCGA-DV-5567-01A,TCGA-DV-5567-01A,1.0,0.0,0.0,0.0,0.0
2,71735644,-,8,90233269,-,KIRC,1583,TCGA-DV-5567-01A,TCGA-DV-5567-01A,1.0,0.0,0.0,0.0,0.0
20,20873893,+,20,20901626,-,KIRC,1584,TCGA-DV-5567-01A,TCGA-DV-5567-01A,1.0,0.0,0.0,0.0,0.0
3,59739908,-,8,89011877,+,KIRC,1585,TCGA-DV-5567-01A,TCGA-DV-5567-01A,1.0,0.0,0.0,0.0,0.0
3,157972153,-,5,18435579,+,KIRC,1586,TCGA-DV-5567-01A,TCGA-DV-5567-01A,1.0,0.0,0.0,0.0,0.0
3,169378653,-,13,113945906,+,KIRC,1587,TCGA-DV-5567-01A,TCGA-DV-5567-01A,1.0,0.0,0.0,0.0,0.0
4,41419628,+,5,148848295,-,KIRC,1588,TCGA-DV-5567-01A,TCGA-DV-5567-01A,1.0,0.0,0.0,0.0,0.0
4,147405652,+,7,150811443,+,KIRC,1589,TCGA-DV-5567-01A,TCGA-DV-5567-01A,1.0,0.0,0.0,0.0,0.0
1,122228218,+,1,122395281,-,KIRC,1590,TCGA-DV-5569-01A,TCGA-DV-5569-01A,1.0,0.0,0.0,0.0,0.0
10,15331880,-,10,23817962,-,KIRC,1591,TCGA-DV-5569-01A,TCGA-DV-5569-01A,1.0,0.0,0.0,0.0,0.0
18,15355979,+,22,16107052,+,KIRC,1592,TCGA-DV-5569-01A,TCGA-DV-5569-01A,1.0,0.0,0.0,0.0,0.0
3,45938616,-,3,55823665,+,KIRC,1593,TCGA-DV-5569-01A,TCGA-DV-5569-01A,1.0,0.0,0.0,0.0,0.0
3,45938709,-,5,84560480,-,KIRC,1594,TCGA-DV-5569-01A,TCGA-DV-5569-01A,1.0,0.0,0.0,0.0,0.0
3,46405605,+,3,82415206,-,KIRC,1595,TCGA-DV-5569-01A,TCGA-DV-5569-01A,1.0,0.0,0.0,0.0,0.0
3,55823137,-,5,81987921,+,KIRC,1596,TCGA-DV-5569-01A,TCGA-DV-5569-01A,1.0,0.0,0.0,0.0,0.0
3,55823348,-,3,77364389,+,KIRC,1597,TCGA-DV-5569-01A,TCGA-DV-5569-01A,1.0,0.0,0.0,0.0,0.0
3,55823349,-,3,83444302,-,KIRC,1598,TCGA-DV-5569-01A,TCGA-DV-5569-01A,1.0,0.0,0.0,0.0,0.0
3,55823464,+,5,84560576,+,KIRC,1599,TCGA-DV-5569-01A,TCGA-DV-5569-01A,1.0,0.0,0.0,0.0,0.0
3,55823702,+,3,77364585,+,KIRC,1600,TCGA-DV-5569-01A,TCGA-DV-5569-01A,1.0,0.0,0.0,0.0,0.0
3,57408218,-,3,83039950,+,KIRC,1601,TCGA-DV-5569-01A,TCGA-DV-5569-01A,1.0,0.0,0.0,0.0,0.0
3,77364055,-,5,84560823,-,KIRC,1602,TCGA-DV-5569-01A,TCGA-DV-5569-01A,1.0,0.0,0.0,0.0,0.0
3,77364230,-,13,102798744,+,KIRC,1603,TCGA-DV-5569-01A,TCGA-DV-5569-01A,1.0,0.0,0.0,0.0,0.0
3,77572977,-,3,83443830,-,KIRC,1604,TCGA-DV-5569-01A,TCGA-DV-5569-01A,1.0,0.0,0.0,0.0,0.0
3,90885160,-,3,91144509,+,KIRC,1605,TCGA-DV-5569-01A,TCGA-DV-5569-01A,1.0,0.0,0.0,0.0,0.0
5,84560674,-,13,102798626,-,KIRC,1606,TCGA-DV-5569-01A,TCGA-DV-5569-01A,1.0,0.0,0.0,0.0,0.0
5,164156624,+,5,164158583,-,KIRC,1607,TCGA-DV-5569-01A,TCGA-DV-5569-01A,1.0,0.0,0.0,0.0,0.0
6,112158451,-,6,112159590,+,KIRC,1608,TCGA-DV-5569-01A,TCGA-DV-5569-01A,1.0,0.0,0.0,0.0,0.0
7,152241331,-,13,18329465,-,KIRC,1609,TCGA-DV-5569-01A,TCGA-DV-5569-01A,1.0,0.0,0.0,0.0,0.0
1,6937912,+,12,132742761,-,KIRC,1610,TCGA-DV-5574-01A,TCGA-DV-5574-01A,1.0,0.0,0.0,0.0,0.0
1,46800253,+,19,16063706,+,KIRC,1611,TCGA-DV-5574-01A,TCGA-DV-5574-01A,1.0,0.0,0.0,0.0,0.0
1,122427132,-,1,122458450,+,KIRC,1612,TCGA-DV-5574-01A,TCGA-DV-5574-01A,1.0,0.0,0.0,0.0,0.0
1,183311311,-,8,59762060,+,KIRC,1613,TCGA-DV-5574-01A,TCGA-DV-5574-01A,1.0,0.0,0.0,0.0,0.0
1,186227690,+,8,59865379,-,KIRC,1614,TCGA-DV-5574-01A,TCGA-DV-5574-01A,1.0,0.0,0.0,0.0,0.0
1,188823085,-,3,93997672,+,KIRC,1615,TCGA-DV-5574-01A,TCGA-DV-5574-01A,1.0,0.0,0.0,0.0,0.0
13,16332003,-,13,17090909,+,KIRC,1616,TCGA-DV-5574-01A,TCGA-DV-5574-01A,1.0,0.0,0.0,0.0,0.0
2,95846868,+,2,113393726,+,KIRC,1617,TCGA-DV-5574-01A,TCGA-DV-5574-01A,1.0,0.0,0.0,0.0,0.0
3,11914463,+,3,12871975,-,KIRC,1618,TCGA-DV-5574-01A,TCGA-DV-5574-01A,1.0,0.0,0.0,0.0,0.0
3,93877518,+,3,93959455,-,KIRC,1619,TCGA-DV-5574-01A,TCGA-DV-5574-01A,1.0,0.0,0.0,0.0,0.0
3,94400725,-,8,61063558,-,KIRC,1620,TCGA-DV-5574-01A,TCGA-DV-5574-01A,1.0,0.0,0.0,0.0,0.0
4,6382901,+,22,34786725,+,KIRC,1621,TCGA-DV-5574-01A,TCGA-DV-5574-01A,1.0,0.0,0.0,0.0,0.0
4,49719526,-,4,51016830,+,KIRC,1622,TCGA-DV-5574-01A,TCGA-DV-5574-01A,1.0,0.0,0.0,0.0,0.0
7,33348354,-,8,60355186,+,KIRC,1623,TCGA-DV-5574-01A,TCGA-DV-5574-01A,1.0,0.0,0.0,0.0,0.0
7,35890578,+,13,75748705,+,KIRC,1624,TCGA-DV-5574-01A,TCGA-DV-5574-01A,1.0,0.0,0.0,0.0,0.0
7,38244670,-,13,77348253,-,KIRC,1625,TCGA-DV-5574-01A,TCGA-DV-5574-01A,1.0,0.0,0.0,0.0,0.0
7,62992542,+,7,65786665,-,KIRC,1626,TCGA-DV-5574-01A,TCGA-DV-5574-01A,1.0,0.0,0.0,0.0,0.0
8,120858452,+,10,27560710,+,KIRC,1627,TCGA-DV-5574-01A,TCGA-DV-5574-01A,1.0,0.0,0.0,0.0,0.0
9,4463561,+,9,5878679,-,KIRC,1628,TCGA-DV-5574-01A,TCGA-DV-5574-01A,1.0,0.0,0.0,0.0,0.0
9,4488110,-,9,6071043,-,KIRC,1629,TCGA-DV-5574-01A,TCGA-DV-5574-01A,1.0,0.0,0.0,0.0,0.0
9,5875525,+,9,8084129,+,KIRC,1630,TCGA-DV-5574-01A,TCGA-DV-5574-01A,1.0,0.0,0.0,0.0,0.0
9,6066434,+,9,9044911,+,KIRC,1631,TCGA-DV-5574-01A,TCGA-DV-5574-01A,1.0,0.0,0.0,0.0,0.0
9,7173710,+,9,9103160,-,KIRC,1632,TCGA-DV-5574-01A,TCGA-DV-5574-01A,1.0,0.0,0.0,0.0,0.0
9,8833930,+,9,8836505,-,KIRC,1633,TCGA-DV-5574-01A,TCGA-DV-5574-01A,1.0,0.0,0.0,0.0,0.0
9,9091051,+,9,9124744,-,KIRC,1634,TCGA-DV-5574-01A,TCGA-DV-5574-01A,1.0,0.0,0.0,0.0,0.0
13,103293932,+,20,47976128,-,KIRC,1635,TCGA-DV-5575-01A,TCGA-DV-5575-01A,1.0,0.0,0.0,0.0,0.0
3,32945481,+,3,57744929,+,KIRC,1636,TCGA-DV-5575-01A,TCGA-DV-5575-01A,1.0,0.0,0.0,0.0,0.0
3,78062526,-,7,155167243,-,KIRC,1637,TCGA-DV-5575-01A,TCGA-DV-5575-01A,1.0,0.0,0.0,0.0,0.0
3,79640214,+,7,147352622,+,KIRC,1638,TCGA-DV-5575-01A,TCGA-DV-5575-01A,1.0,0.0,0.0,0.0,0.0
3,79663577,-,7,153829705,-,KIRC,1639,TCGA-DV-5575-01A,TCGA-DV-5575-01A,1.0,0.0,0.0,0.0,0.0
3,79666542,+,6,73823407,+,KIRC,1640,TCGA-DV-5575-01A,TCGA-DV-5575-01A,1.0,0.0,0.0,0.0,0.0
3,84579370,-,7,155165668,-,KIRC,1641,TCGA-DV-5575-01A,TCGA-DV-5575-01A,1.0,0.0,0.0,0.0,0.0
3,88758761,-,3,89205117,-,KIRC,1642,TCGA-DV-5575-01A,TCGA-DV-5575-01A,1.0,0.0,0.0,0.0,0.0
4,57380027,-,10,126750303,-,KIRC,1643,TCGA-DV-5575-01A,TCGA-DV-5575-01A,1.0,0.0,0.0,0.0,0.0
6,73018073,+,7,153812771,+,KIRC,1644,TCGA-DV-5575-01A,TCGA-DV-5575-01A,1.0,0.0,0.0,0.0,0.0
6,73053397,-,7,151754720,-,KIRC,1645,TCGA-DV-5575-01A,TCGA-DV-5575-01A,1.0,0.0,0.0,0.0,0.0
6,73066720,+,6,73826388,-,KIRC,1646,TCGA-DV-5575-01A,TCGA-DV-5575-01A,1.0,0.0,0.0,0.0,0.0
6,73819628,-,6,73832214,+,KIRC,1647,TCGA-DV-5575-01A,TCGA-DV-5575-01A,1.0,0.0,0.0,0.0,0.0
6,73835896,-,7,147347591,-,KIRC,1648,TCGA-DV-5575-01A,TCGA-DV-5575-01A,1.0,0.0,0.0,0.0,0.0
6,79391205,+,7,155167187,+,KIRC,1649,TCGA-DV-5575-01A,TCGA-DV-5575-01A,1.0,0.0,0.0,0.0,0.0
7,153832402,+,7,155173873,+,KIRC,1650,TCGA-DV-5575-01A,TCGA-DV-5575-01A,1.0,0.0,0.0,0.0,0.0
7,155180729,-,8,97132886,-,KIRC,1651,TCGA-DV-5575-01A,TCGA-DV-5575-01A,1.0,0.0,0.0,0.0,0.0
9,89743659,+,9,89744463,-,KIRC,1652,TCGA-DV-5575-01A,TCGA-DV-5575-01A,1.0,0.0,0.0,0.0,0.0
1,30438591,+,2,214683707,-,KIRC,1653,TCGA-DV-5576-01A,TCGA-DV-5576-01A,1.0,0.0,0.0,0.0,0.0
1,35492900,+,9,124845508,+,KIRC,1654,TCGA-DV-5576-01A,TCGA-DV-5576-01A,1.0,0.0,0.0,0.0,0.0
1,35492900,-,9,124895885,+,KIRC,1655,TCGA-DV-5576-01A,TCGA-DV-5576-01A,1.0,0.0,0.0,0.0,0.0
1,64350355,+,1,64355994,-,KIRC,1656,TCGA-DV-5576-01A,TCGA-DV-5576-01A,1.0,0.0,0.0,0.0,0.0
1,101496976,-,8,133312892,+,KIRC,1657,TCGA-DV-5576-01A,TCGA-DV-5576-01A,1.0,0.0,0.0,0.0,0.0
10,39541542,+,10,39544879,-,KIRC,1658,TCGA-DV-5576-01A,TCGA-DV-5576-01A,1.0,0.0,0.0,0.0,0.0
11,48423446,-,11,54594788,+,KIRC,1659,TCGA-DV-5576-01A,TCGA-DV-5576-01A,1.0,0.0,0.0,0.0,0.0
14,68795264,+,23,117931878,-,KIRC,1660,TCGA-DV-5576-01A,TCGA-DV-5576-01A,1.0,0.0,0.0,0.0,0.0
18,12719449,+,18,12720081,-,KIRC,1661,TCGA-DV-5576-01A,TCGA-DV-5576-01A,1.0,0.0,0.0,0.0,0.0
2,164639982,+,8,6349726,+,KIRC,1662,TCGA-DV-5576-01A,TCGA-DV-5576-01A,1.0,0.0,0.0,0.0,0.0
20,25916853,+,20,29644634,+,KIRC,1663,TCGA-DV-5576-01A,TCGA-DV-5576-01A,1.0,0.0,0.0,0.0,0.0
3,29338719,+,12,11709342,-,KIRC,1664,TCGA-DV-5576-01A,TCGA-DV-5576-01A,1.0,0.0,0.0,0.0,0.0
4,13227379,-,16,64738135,+,KIRC,1665,TCGA-DV-5576-01A,TCGA-DV-5576-01A,1.0,0.0,0.0,0.0,0.0
7,23059176,-,17,10112776,+,KIRC,1666,TCGA-DV-5576-01A,TCGA-DV-5576-01A,1.0,0.0,0.0,0.0,0.0
9,13348168,-,9,74463645,+,KIRC,1667,TCGA-DV-5576-01A,TCGA-DV-5576-01A,1.0,0.0,0.0,0.0,0.0
9,124845507,-,9,124895888,-,KIRC,1668,TCGA-DV-5576-01A,TCGA-DV-5576-01A,1.0,0.0,0.0,0.0,0.0
1,123315567,-,1,123746335,+,KIRC,1669,TCGA-DV-A4VX-01A,TCGA-DV-A4VX-01A,1.0,0.0,0.0,0.0,0.0
12,53719410,+,19,10715008,-,KIRC,1670,TCGA-DV-A4VX-01A,TCGA-DV-A4VX-01A,1.0,0.0,0.0,0.0,0.0
13,84611424,+,20,40168293,-,KIRC,1671,TCGA-DV-A4VX-01A,TCGA-DV-A4VX-01A,1.0,0.0,0.0,0.0,0.0
13,90128220,-,13,97564670,+,KIRC,1672,TCGA-DV-A4VX-01A,TCGA-DV-A4VX-01A,1.0,0.0,0.0,0.0,0.0
13,90956001,+,13,97564243,+,KIRC,1673,TCGA-DV-A4VX-01A,TCGA-DV-A4VX-01A,1.0,0.0,0.0,0.0,0.0
13,98760985,-,13,101579311,-,KIRC,1674,TCGA-DV-A4VX-01A,TCGA-DV-A4VX-01A,1.0,0.0,0.0,0.0,0.0
13,101035751,+,13,101036329,+,KIRC,1675,TCGA-DV-A4VX-01A,TCGA-DV-A4VX-01A,1.0,0.0,0.0,0.0,0.0
14,27501077,-,14,27568059,+,KIRC,1676,TCGA-DV-A4VX-01A,TCGA-DV-A4VX-01A,1.0,0.0,0.0,0.0,0.0
14,55658262,+,17,68972191,-,KIRC,1677,TCGA-DV-A4VX-01A,TCGA-DV-A4VX-01A,1.0,0.0,0.0,0.0,0.0
15,74108557,+,15,75327434,+,KIRC,1678,TCGA-DV-A4VX-01A,TCGA-DV-A4VX-01A,1.0,0.0,0.0,0.0,0.0
17,29217474,+,17,29218767,-,KIRC,1679,TCGA-DV-A4VX-01A,TCGA-DV-A4VX-01A,1.0,0.0,0.0,0.0,0.0
17,29527193,-,17,29561748,-,KIRC,1680,TCGA-DV-A4VX-01A,TCGA-DV-A4VX-01A,1.0,0.0,0.0,0.0,0.0
18,15696220,+,18,15758609,-,KIRC,1681,TCGA-DV-A4VX-01A,TCGA-DV-A4VX-01A,1.0,0.0,0.0,0.0,0.0
2,55304200,-,22,40573977,-,KIRC,1682,TCGA-DV-A4VX-01A,TCGA-DV-A4VX-01A,1.0,0.0,0.0,0.0,0.0
2,141111758,-,2,141132657,+,KIRC,1683,TCGA-DV-A4VX-01A,TCGA-DV-A4VX-01A,1.0,0.0,0.0,0.0,0.0
2,202546968,+,8,38581998,-,KIRC,1684,TCGA-DV-A4VX-01A,TCGA-DV-A4VX-01A,1.0,0.0,0.0,0.0,0.0
2,222866746,-,12,42286815,-,KIRC,1685,TCGA-DV-A4VX-01A,TCGA-DV-A4VX-01A,1.0,0.0,0.0,0.0,0.0
20,29538733,+,20,29540285,-,KIRC,1686,TCGA-DV-A4VX-01A,TCGA-DV-A4VX-01A,1.0,0.0,0.0,0.0,0.0
3,86785608,-,13,97564440,-,KIRC,1687,TCGA-DV-A4VX-01A,TCGA-DV-A4VX-01A,1.0,0.0,0.0,0.0,0.0
3,87099035,+,13,97564821,-,KIRC,1688,TCGA-DV-A4VX-01A,TCGA-DV-A4VX-01A,1.0,0.0,0.0,0.0,0.0
3,87099110,-,3,87102830,-,KIRC,1689,TCGA-DV-A4VX-01A,TCGA-DV-A4VX-01A,1.0,0.0,0.0,0.0,0.0
3,87099326,+,3,87102321,-,KIRC,1690,TCGA-DV-A4VX-01A,TCGA-DV-A4VX-01A,1.0,0.0,0.0,0.0,0.0
3,87099519,-,3,87102091,+,KIRC,1691,TCGA-DV-A4VX-01A,TCGA-DV-A4VX-01A,1.0,0.0,0.0,0.0,0.0
3,87099656,+,3,87100848,-,KIRC,1692,TCGA-DV-A4VX-01A,TCGA-DV-A4VX-01A,1.0,0.0,0.0,0.0,0.0
3,87099662,+,13,101035371,-,KIRC,1693,TCGA-DV-A4VX-01A,TCGA-DV-A4VX-01A,1.0,0.0,0.0,0.0,0.0
3,87100244,-,13,101034956,+,KIRC,1694,TCGA-DV-A4VX-01A,TCGA-DV-A4VX-01A,1.0,0.0,0.0,0.0,0.0
3,87100256,-,3,87102908,+,KIRC,1695,TCGA-DV-A4VX-01A,TCGA-DV-A4VX-01A,1.0,0.0,0.0,0.0,0.0
3,87100675,+,3,87102567,+,KIRC,1696,TCGA-DV-A4VX-01A,TCGA-DV-A4VX-01A,1.0,0.0,0.0,0.0,0.0
3,87100793,+,13,101037838,+,KIRC,1697,TCGA-DV-A4VX-01A,TCGA-DV-A4VX-01A,1.0,0.0,0.0,0.0,0.0
3,87100924,+,13,101035371,-,KIRC,1698,TCGA-DV-A4VX-01A,TCGA-DV-A4VX-01A,1.0,0.0,0.0,0.0,0.0
3,87101162,-,3,87103006,-,KIRC,1699,TCGA-DV-A4VX-01A,TCGA-DV-A4VX-01A,1.0,0.0,0.0,0.0,0.0
3,87101191,-,13,97565449,+,KIRC,1700,TCGA-DV-A4VX-01A,TCGA-DV-A4VX-01A,1.0,0.0,0.0,0.0,0.0
3,87101214,-,13,101036642,+,KIRC,1701,TCGA-DV-A4VX-01A,TCGA-DV-A4VX-01A,1.0,0.0,0.0,0.0,0.0
3,87101926,+,13,101035890,+,KIRC,1702,TCGA-DV-A4VX-01A,TCGA-DV-A4VX-01A,1.0,0.0,0.0,0.0,0.0
3,87102270,+,13,97565449,+,KIRC,1703,TCGA-DV-A4VX-01A,TCGA-DV-A4VX-01A,1.0,0.0,0.0,0.0,0.0
3,87102416,-,13,101037834,+,KIRC,1704,TCGA-DV-A4VX-01A,TCGA-DV-A4VX-01A,1.0,0.0,0.0,0.0,0.0
3,87102417,+,13,101036642,+,KIRC,1705,TCGA-DV-A4VX-01A,TCGA-DV-A4VX-01A,1.0,0.0,0.0,0.0,0.0
3,87102427,+,13,101035591,-,KIRC,1706,TCGA-DV-A4VX-01A,TCGA-DV-A4VX-01A,1.0,0.0,0.0,0.0,0.0
3,87102457,-,13,101036527,-,KIRC,1707,TCGA-DV-A4VX-01A,TCGA-DV-A4VX-01A,1.0,0.0,0.0,0.0,0.0
3,87102535,+,3,87103110,-,KIRC,1708,TCGA-DV-A4VX-01A,TCGA-DV-A4VX-01A,1.0,0.0,0.0,0.0,0.0
3,87102535,+,3,87103327,+,KIRC,1709,TCGA-DV-A4VX-01A,TCGA-DV-A4VX-01A,1.0,0.0,0.0,0.0,0.0
3,87102663,+,13,101036083,-,KIRC,1710,TCGA-DV-A4VX-01A,TCGA-DV-A4VX-01A,1.0,0.0,0.0,0.0,0.0
3,87103099,-,13,101036526,-,KIRC,1711,TCGA-DV-A4VX-01A,TCGA-DV-A4VX-01A,1.0,0.0,0.0,0.0,0.0
3,87103223,+,13,101036185,-,KIRC,1712,TCGA-DV-A4VX-01A,TCGA-DV-A4VX-01A,1.0,0.0,0.0,0.0,0.0
3,87103333,+,13,101035830,+,KIRC,1713,TCGA-DV-A4VX-01A,TCGA-DV-A4VX-01A,1.0,0.0,0.0,0.0,0.0
3,96874240,+,3,97058932,-,KIRC,1714,TCGA-DV-A4VX-01A,TCGA-DV-A4VX-01A,1.0,0.0,0.0,0.0,0.0
3,145819667,+,3,145836464,-,KIRC,1715,TCGA-DV-A4VX-01A,TCGA-DV-A4VX-01A,1.0,0.0,0.0,0.0,0.0
5,25476427,-,5,25484148,-,KIRC,1716,TCGA-DV-A4VX-01A,TCGA-DV-A4VX-01A,1.0,0.0,0.0,0.0,0.0
5,25483224,+,5,25484174,+,KIRC,1717,TCGA-DV-A4VX-01A,TCGA-DV-A4VX-01A,1.0,0.0,0.0,0.0,0.0
5,42828403,+,17,29582179,+,KIRC,1718,TCGA-DV-A4VX-01A,TCGA-DV-A4VX-01A,1.0,0.0,0.0,0.0,0.0
5,42843806,+,17,29288367,+,KIRC,1719,TCGA-DV-A4VX-01A,TCGA-DV-A4VX-01A,1.0,0.0,0.0,0.0,0.0
7,4484586,-,17,1973252,+,KIRC,1720,TCGA-DV-A4VX-01A,TCGA-DV-A4VX-01A,1.0,0.0,0.0,0.0,0.0
7,61430756,-,7,61449933,+,KIRC,1721,TCGA-DV-A4VX-01A,TCGA-DV-A4VX-01A,1.0,0.0,0.0,0.0,0.0
7,134199982,-,22,28604297,-,KIRC,1722,TCGA-DV-A4VX-01A,TCGA-DV-A4VX-01A,1.0,0.0,0.0,0.0,0.0
8,78473278,+,8,78517517,-,KIRC,1723,TCGA-DV-A4VX-01A,TCGA-DV-A4VX-01A,1.0,0.0,0.0,0.0,0.0
9,9179631,+,9,9376218,-,KIRC,1724,TCGA-DV-A4VX-01A,TCGA-DV-A4VX-01A,1.0,0.0,0.0,0.0,0.0
9,27422425,+,9,27425966,-,KIRC,1725,TCGA-DV-A4VX-01A,TCGA-DV-A4VX-01A,1.0,0.0,0.0,0.0,0.0
9,113951428,+,16,70834990,+,KIRC,1726,TCGA-DV-A4VX-01A,TCGA-DV-A4VX-01A,1.0,0.0,0.0,0.0,0.0
1,124790289,-,1,124794881,+,KIRC,1727,TCGA-DV-A4VZ-01A,TCGA-DV-A4VZ-01A,1.0,0.0,0.0,0.0,0.0
12,50779293,+,24,2891889,-,KIRC,1728,TCGA-DV-A4VZ-01A,TCGA-DV-A4VZ-01A,1.0,0.0,0.0,0.0,0.0
3,89257689,+,18,67148056,+,KIRC,1729,TCGA-DV-A4VZ-01A,TCGA-DV-A4VZ-01A,1.0,0.0,0.0,0.0,0.0
3,90973441,+,3,90985168,-,KIRC,1730,TCGA-DV-A4VZ-01A,TCGA-DV-A4VZ-01A,1.0,0.0,0.0,0.0,0.0
3,112342077,-,10,3930289,+,KIRC,1731,TCGA-DV-A4VZ-01A,TCGA-DV-A4VZ-01A,1.0,0.0,0.0,0.0,0.0
4,140074217,-,15,95939154,+,KIRC,1732,TCGA-DV-A4VZ-01A,TCGA-DV-A4VZ-01A,1.0,0.0,0.0,0.0,0.0
8,75664837,+,18,24149062,-,KIRC,1733,TCGA-DV-A4VZ-01A,TCGA-DV-A4VZ-01A,1.0,0.0,0.0,0.0,0.0
10,106101728,+,10,106103504,-,KIRC,1734,TCGA-DV-A4W0-01A,TCGA-DV-A4W0-01A,1.0,0.0,0.0,0.0,0.0
16,2599559,-,16,2678010,+,KIRC,1735,TCGA-DV-A4W0-01A,TCGA-DV-A4W0-01A,1.0,0.0,0.0,0.0,0.0
2,88702483,+,2,168081926,+,KIRC,1736,TCGA-DV-A4W0-01A,TCGA-DV-A4W0-01A,1.0,0.0,0.0,0.0,0.0
2,144043437,-,2,188577816,+,KIRC,1737,TCGA-DV-A4W0-01A,TCGA-DV-A4W0-01A,1.0,0.0,0.0,0.0,0.0
2,144094920,+,2,148551666,-,KIRC,1738,TCGA-DV-A4W0-01A,TCGA-DV-A4W0-01A,1.0,0.0,0.0,0.0,0.0
2,188540475,+,2,189462012,-,KIRC,1739,TCGA-DV-A4W0-01A,TCGA-DV-A4W0-01A,1.0,0.0,0.0,0.0,0.0
2,188562902,-,2,189426964,+,KIRC,1740,TCGA-DV-A4W0-01A,TCGA-DV-A4W0-01A,1.0,0.0,0.0,0.0,0.0
2,189047461,-,2,195996131,-,KIRC,1741,TCGA-DV-A4W0-01A,TCGA-DV-A4W0-01A,1.0,0.0,0.0,0.0,0.0
2,189769814,+,2,195164897,-,KIRC,1742,TCGA-DV-A4W0-01A,TCGA-DV-A4W0-01A,1.0,0.0,0.0,0.0,0.0
2,195976863,+,2,196140655,+,KIRC,1743,TCGA-DV-A4W0-01A,TCGA-DV-A4W0-01A,1.0,0.0,0.0,0.0,0.0
2,222265691,+,4,81092466,-,KIRC,1744,TCGA-DV-A4W0-01A,TCGA-DV-A4W0-01A,1.0,0.0,0.0,0.0,0.0
3,97214022,-,19,44946209,+,KIRC,1745,TCGA-DV-A4W0-01A,TCGA-DV-A4W0-01A,1.0,0.0,0.0,0.0,0.0
5,49680427,-,5,49706399,+,KIRC,1746,TCGA-DV-A4W0-01A,TCGA-DV-A4W0-01A,1.0,0.0,0.0,0.0,0.0
5,58799685,-,5,67388262,+,KIRC,1747,TCGA-DV-A4W0-01A,TCGA-DV-A4W0-01A,1.0,0.0,0.0,0.0,0.0
5,58801772,+,5,68364167,+,KIRC,1748,TCGA-DV-A4W0-01A,TCGA-DV-A4W0-01A,1.0,0.0,0.0,0.0,0.0
5,58810294,+,5,58949683,-,KIRC,1749,TCGA-DV-A4W0-01A,TCGA-DV-A4W0-01A,1.0,0.0,0.0,0.0,0.0
5,58812141,-,5,67684408,+,KIRC,1750,TCGA-DV-A4W0-01A,TCGA-DV-A4W0-01A,1.0,0.0,0.0,0.0,0.0
5,58942611,+,5,67691638,-,KIRC,1751,TCGA-DV-A4W0-01A,TCGA-DV-A4W0-01A,1.0,0.0,0.0,0.0,0.0
5,58967669,-,5,75198521,+,KIRC,1752,TCGA-DV-A4W0-01A,TCGA-DV-A4W0-01A,1.0,0.0,0.0,0.0,0.0
5,58968535,+,5,69099683,+,KIRC,1753,TCGA-DV-A4W0-01A,TCGA-DV-A4W0-01A,1.0,0.0,0.0,0.0,0.0
5,58968710,-,5,68361983,-,KIRC,1754,TCGA-DV-A4W0-01A,TCGA-DV-A4W0-01A,1.0,0.0,0.0,0.0,0.0
5,58973185,+,5,75210402,-,KIRC,1755,TCGA-DV-A4W0-01A,TCGA-DV-A4W0-01A,1.0,0.0,0.0,0.0,0.0
5,67384488,-,5,68364490,-,KIRC,1756,TCGA-DV-A4W0-01A,TCGA-DV-A4W0-01A,1.0,0.0,0.0,0.0,0.0
5,67389006,-,5,67750764,+,KIRC,1757,TCGA-DV-A4W0-01A,TCGA-DV-A4W0-01A,1.0,0.0,0.0,0.0,0.0
9,33910060,-,9,63622515,-,KIRC,1758,TCGA-DV-A4W0-01A,TCGA-DV-A4W0-01A,1.0,0.0,0.0,0.0,0.0
1,104488882,-,22,23367716,+,KIRC,1759,TCGA-EU-5904-01A,TCGA-EU-5904-01A,1.0,0.0,0.0,0.0,0.0
1,122137369,-,1,122150336,+,KIRC,1760,TCGA-EU-5904-01A,TCGA-EU-5904-01A,1.0,0.0,0.0,0.0,0.0
10,39216714,-,11,54887215,-,KIRC,1761,TCGA-EU-5904-01A,TCGA-EU-5904-01A,1.0,0.0,0.0,0.0,0.0
10,46103138,+,10,46278632,-,KIRC,1762,TCGA-EU-5904-01A,TCGA-EU-5904-01A,1.0,0.0,0.0,0.0,0.0
10,46103431,-,10,46279111,+,KIRC,1763,TCGA-EU-5904-01A,TCGA-EU-5904-01A,1.0,0.0,0.0,0.0,0.0
15,17506765,+,15,18046882,-,KIRC,1764,TCGA-EU-5904-01A,TCGA-EU-5904-01A,1.0,0.0,0.0,0.0,0.0
17,23058428,-,17,23170240,+,KIRC,1765,TCGA-EU-5904-01A,TCGA-EU-5904-01A,1.0,0.0,0.0,0.0,0.0
2,13826761,+,2,13830382,-,KIRC,1766,TCGA-EU-5904-01A,TCGA-EU-5904-01A,1.0,0.0,0.0,0.0,0.0
20,26464921,-,20,26516174,+,KIRC,1767,TCGA-EU-5904-01A,TCGA-EU-5904-01A,1.0,0.0,0.0,0.0,0.0
3,42782802,-,3,54387408,-,KIRC,1768,TCGA-EU-5904-01A,TCGA-EU-5904-01A,1.0,0.0,0.0,0.0,0.0
3,43308061,+,5,103696701,+,KIRC,1769,TCGA-EU-5904-01A,TCGA-EU-5904-01A,1.0,0.0,0.0,0.0,0.0
3,45126734,-,5,102735452,-,KIRC,1770,TCGA-EU-5904-01A,TCGA-EU-5904-01A,1.0,0.0,0.0,0.0,0.0
3,45398305,+,5,105925432,-,KIRC,1771,TCGA-EU-5904-01A,TCGA-EU-5904-01A,1.0,0.0,0.0,0.0,0.0
5,106033080,+,5,106403345,-,KIRC,1772,TCGA-EU-5904-01A,TCGA-EU-5904-01A,1.0,0.0,0.0,0.0,0.0
8,87428364,-,18,43735233,+,KIRC,1773,TCGA-EU-5904-01A,TCGA-EU-5904-01A,1.0,0.0,0.0,0.0,0.0
9,131204500,-,9,131206830,+,KIRC,1774,TCGA-EU-5904-01A,TCGA-EU-5904-01A,1.0,0.0,0.0,0.0,0.0
1,45955351,+,3,176966144,+,KIRC,1775,TCGA-EU-5905-01A,TCGA-EU-5905-01A,1.0,0.0,0.0,0.0,0.0
1,70133547,-,1,70134826,+,KIRC,1776,TCGA-EU-5905-01A,TCGA-EU-5905-01A,1.0,0.0,0.0,0.0,0.0
10,75886145,-,10,75886273,+,KIRC,1777,TCGA-EU-5905-01A,TCGA-EU-5905-01A,1.0,0.0,0.0,0.0,0.0
18,15518233,+,18,15699103,-,KIRC,1778,TCGA-EU-5905-01A,TCGA-EU-5905-01A,1.0,0.0,0.0,0.0,0.0
18,15636734,+,18,15745333,-,KIRC,1779,TCGA-EU-5905-01A,TCGA-EU-5905-01A,1.0,0.0,0.0,0.0,0.0
18,60327683,+,18,60331444,-,KIRC,1780,TCGA-EU-5905-01A,TCGA-EU-5905-01A,1.0,0.0,0.0,0.0,0.0
3,91157149,-,3,91281831,-,KIRC,1781,TCGA-EU-5905-01A,TCGA-EU-5905-01A,1.0,0.0,0.0,0.0,0.0
3,129324433,-,5,46251845,-,KIRC,1782,TCGA-EU-5905-01A,TCGA-EU-5905-01A,1.0,0.0,0.0,0.0,0.0
3,130828453,+,5,41015587,+,KIRC,1783,TCGA-EU-5905-01A,TCGA-EU-5905-01A,1.0,0.0,0.0,0.0,0.0
3,131581334,-,5,40605503,-,KIRC,1784,TCGA-EU-5905-01A,TCGA-EU-5905-01A,1.0,0.0,0.0,0.0,0.0
3,134069733,+,5,4294429,-,KIRC,1785,TCGA-EU-5905-01A,TCGA-EU-5905-01A,1.0,0.0,0.0,0.0,0.0
3,134070045,-,3,138643405,+,KIRC,1786,TCGA-EU-5905-01A,TCGA-EU-5905-01A,1.0,0.0,0.0,0.0,0.0
3,134070656,+,5,2699013,-,KIRC,1787,TCGA-EU-5905-01A,TCGA-EU-5905-01A,1.0,0.0,0.0,0.0,0.0
3,134460406,-,5,41016002,+,KIRC,1788,TCGA-EU-5905-01A,TCGA-EU-5905-01A,1.0,0.0,0.0,0.0,0.0
3,138797190,-,5,2179618,+,KIRC,1789,TCGA-EU-5905-01A,TCGA-EU-5905-01A,1.0,0.0,0.0,0.0,0.0
3,176014785,+,5,142860607,-,KIRC,1790,TCGA-EU-5905-01A,TCGA-EU-5905-01A,1.0,0.0,0.0,0.0,0.0
3,176014794,-,5,142860863,+,KIRC,1791,TCGA-EU-5905-01A,TCGA-EU-5905-01A,1.0,0.0,0.0,0.0,0.0
5,919840,-,5,40458290,+,KIRC,1792,TCGA-EU-5905-01A,TCGA-EU-5905-01A,1.0,0.0,0.0,0.0,0.0
5,4011120,+,5,39799031,-,KIRC,1793,TCGA-EU-5905-01A,TCGA-EU-5905-01A,1.0,0.0,0.0,0.0,0.0
5,5300778,+,5,41015674,-,KIRC,1794,TCGA-EU-5905-01A,TCGA-EU-5905-01A,1.0,0.0,0.0,0.0,0.0
6,158852275,+,14,73332777,+,KIRC,1795,TCGA-EU-5905-01A,TCGA-EU-5905-01A,1.0,0.0,0.0,0.0,0.0
6,160661147,-,22,22110022,+,KIRC,1796,TCGA-EU-5905-01A,TCGA-EU-5905-01A,1.0,0.0,0.0,0.0,0.0
9,6824973,-,9,6825107,+,KIRC,1797,TCGA-EU-5905-01A,TCGA-EU-5905-01A,1.0,0.0,0.0,0.0,0.0
1,121431989,-,5,50523858,-,KIRC,1798,TCGA-EU-5906-01A,TCGA-EU-5906-01A,1.0,0.0,0.0,0.0,0.0
13,16019966,-,20,28765352,-,KIRC,1799,TCGA-EU-5906-01A,TCGA-EU-5906-01A,1.0,0.0,0.0,0.0,0.0
2,17884213,-,12,65983634,+,KIRC,1800,TCGA-EU-5906-01A,TCGA-EU-5906-01A,1.0,0.0,0.0,0.0,0.0
2,92370342,-,2,93166241,+,KIRC,1801,TCGA-EU-5906-01A,TCGA-EU-5906-01A,1.0,0.0,0.0,0.0,0.0
3,85831931,-,5,125106765,-,KIRC,1802,TCGA-EU-5906-01A,TCGA-EU-5906-01A,1.0,0.0,0.0,0.0,0.0
3,90597591,-,3,90599972,+,KIRC,1803,TCGA-EU-5906-01A,TCGA-EU-5906-01A,1.0,0.0,0.0,0.0,0.0
5,123651534,-,5,125720072,+,KIRC,1804,TCGA-EU-5906-01A,TCGA-EU-5906-01A,1.0,0.0,0.0,0.0,0.0
5,123703638,+,5,128200459,-,KIRC,1805,TCGA-EU-5906-01A,TCGA-EU-5906-01A,1.0,0.0,0.0,0.0,0.0
5,125440156,+,5,125692982,-,KIRC,1806,TCGA-EU-5906-01A,TCGA-EU-5906-01A,1.0,0.0,0.0,0.0,0.0
5,138765352,+,6,13521034,+,KIRC,1807,TCGA-EU-5906-01A,TCGA-EU-5906-01A,1.0,0.0,0.0,0.0,0.0
5,174640121,+,22,24908528,-,KIRC,1808,TCGA-EU-5906-01A,TCGA-EU-5906-01A,1.0,0.0,0.0,0.0,0.0
10,71379254,-,10,71403069,+,KIRC,1809,TCGA-EU-5907-01A,TCGA-EU-5907-01A,1.0,0.0,0.0,0.0,0.0
11,56039626,-,16,76397948,-,KIRC,1810,TCGA-EU-5907-01A,TCGA-EU-5907-01A,1.0,0.0,0.0,0.0,0.0
12,14278021,+,16,69913040,+,KIRC,1811,TCGA-EU-5907-01A,TCGA-EU-5907-01A,1.0,0.0,0.0,0.0,0.0
12,36006460,+,12,37159217,-,KIRC,1812,TCGA-EU-5907-01A,TCGA-EU-5907-01A,1.0,0.0,0.0,0.0,0.0
15,25936194,-,15,25970713,+,KIRC,1813,TCGA-EU-5907-01A,TCGA-EU-5907-01A,1.0,0.0,0.0,0.0,0.0
15,62445360,-,15,62446936,+,KIRC,1814,TCGA-EU-5907-01A,TCGA-EU-5907-01A,1.0,0.0,0.0,0.0,0.0
15,62446198,+,15,62447675,-,KIRC,1815,TCGA-EU-5907-01A,TCGA-EU-5907-01A,1.0,0.0,0.0,0.0,0.0
17,32875333,-,17,32875455,+,KIRC,1816,TCGA-EU-5907-01A,TCGA-EU-5907-01A,1.0,0.0,0.0,0.0,0.0
18,15653778,-,18,15679640,+,KIRC,1817,TCGA-EU-5907-01A,TCGA-EU-5907-01A,1.0,0.0,0.0,0.0,0.0
2,36838427,-,2,36875934,+,KIRC,1818,TCGA-EU-5907-01A,TCGA-EU-5907-01A,1.0,0.0,0.0,0.0,0.0
22,42512967,+,22,42574751,-,KIRC,1819,TCGA-EU-5907-01A,TCGA-EU-5907-01A,1.0,0.0,0.0,0.0,0.0
3,69137198,+,3,69261276,-,KIRC,1820,TCGA-EU-5907-01A,TCGA-EU-5907-01A,1.0,0.0,0.0,0.0,0.0
3,91087630,+,3,91168191,-,KIRC,1821,TCGA-EU-5907-01A,TCGA-EU-5907-01A,1.0,0.0,0.0,0.0,0.0
3,152710450,-,5,98408558,+,KIRC,1822,TCGA-EU-5907-01A,TCGA-EU-5907-01A,1.0,0.0,0.0,0.0,0.0
3,181392158,-,6,81974648,-,KIRC,1823,TCGA-EU-5907-01A,TCGA-EU-5907-01A,1.0,0.0,0.0,0.0,0.0
4,87038796,-,12,8244103,-,KIRC,1824,TCGA-EU-5907-01A,TCGA-EU-5907-01A,1.0,0.0,0.0,0.0,0.0
4,87039035,-,12,8242933,+,KIRC,1825,TCGA-EU-5907-01A,TCGA-EU-5907-01A,1.0,0.0,0.0,0.0,0.0
4,87039035,-,12,8244177,-,KIRC,1826,TCGA-EU-5907-01A,TCGA-EU-5907-01A,1.0,0.0,0.0,0.0,0.0
4,87039136,+,12,8242921,+,KIRC,1827,TCGA-EU-5907-01A,TCGA-EU-5907-01A,1.0,0.0,0.0,0.0,0.0
5,49725903,-,5,50141042,-,KIRC,1828,TCGA-EU-5907-01A,TCGA-EU-5907-01A,1.0,0.0,0.0,0.0,0.0
5,82289547,-,5,82314798,+,KIRC,1829,TCGA-EU-5907-01A,TCGA-EU-5907-01A,1.0,0.0,0.0,0.0,0.0
5,98407459,-,5,99954452,+,KIRC,1830,TCGA-EU-5907-01A,TCGA-EU-5907-01A,1.0,0.0,0.0,0.0,0.0
5,99917160,-,5,100637249,-,KIRC,1831,TCGA-EU-5907-01A,TCGA-EU-5907-01A,1.0,0.0,0.0,0.0,0.0
5,147502864,+,5,147503547,-,KIRC,1832,TCGA-EU-5907-01A,TCGA-EU-5907-01A,1.0,0.0,0.0,0.0,0.0
7,146529839,-,10,82921864,+,KIRC,1833,TCGA-EU-5907-01A,TCGA-EU-5907-01A,1.0,0.0,0.0,0.0,0.0
23,3036666,+,23,63625851,+,KIRC,1834,TCGA-EU-5907-01A,TCGA-EU-5907-01A,1.0,0.0,0.0,0.0,0.0
23,136804996,-,23,136805191,+,KIRC,1835,TCGA-EU-5907-01A,TCGA-EU-5907-01A,1.0,0.0,0.0,0.0,0.0
1,77433738,+,8,133313158,+,KIRC,1836,TCGA-G6-A8L7-01A,TCGA-G6-A8L7-01A,1.0,0.0,0.0,0.0,0.0
10,15484689,+,22,45299989,-,KIRC,1837,TCGA-G6-A8L7-01A,TCGA-G6-A8L7-01A,1.0,0.0,0.0,0.0,0.0
11,101126251,+,11,115210621,-,KIRC,1838,TCGA-G6-A8L7-01A,TCGA-G6-A8L7-01A,1.0,0.0,0.0,0.0,0.0
11,116524400,+,11,116525405,-,KIRC,1839,TCGA-G6-A8L7-01A,TCGA-G6-A8L7-01A,1.0,0.0,0.0,0.0,0.0
12,112410375,+,12,112415991,-,KIRC,1840,TCGA-G6-A8L7-01A,TCGA-G6-A8L7-01A,1.0,0.0,0.0,0.0,0.0
13,16586639,+,13,16992478,-,KIRC,1841,TCGA-G6-A8L7-01A,TCGA-G6-A8L7-01A,1.0,0.0,0.0,0.0,0.0
15,17494844,+,15,18351312,-,KIRC,1842,TCGA-G6-A8L7-01A,TCGA-G6-A8L7-01A,1.0,0.0,0.0,0.0,0.0
15,35148755,+,15,44153036,-,KIRC,1843,TCGA-G6-A8L7-01A,TCGA-G6-A8L7-01A,1.0,0.0,0.0,0.0,0.0
15,48598486,-,23,145416546,-,KIRC,1844,TCGA-G6-A8L7-01A,TCGA-G6-A8L7-01A,1.0,0.0,0.0,0.0,0.0
15,48598489,+,15,93818128,-,KIRC,1845,TCGA-G6-A8L7-01A,TCGA-G6-A8L7-01A,1.0,0.0,0.0,0.0,0.0
15,93818128,+,23,145416546,+,KIRC,1846,TCGA-G6-A8L7-01A,TCGA-G6-A8L7-01A,1.0,0.0,0.0,0.0,0.0
17,1899466,-,17,1951940,+,KIRC,1847,TCGA-G6-A8L7-01A,TCGA-G6-A8L7-01A,1.0,0.0,0.0,0.0,0.0
17,23051820,+,17,23122056,-,KIRC,1848,TCGA-G6-A8L7-01A,TCGA-G6-A8L7-01A,1.0,0.0,0.0,0.0,0.0
2,109412287,+,2,109432187,-,KIRC,1849,TCGA-G6-A8L7-01A,TCGA-G6-A8L7-01A,1.0,0.0,0.0,0.0,0.0
2,130413460,+,2,130708323,+,KIRC,1850,TCGA-G6-A8L7-01A,TCGA-G6-A8L7-01A,1.0,0.0,0.0,0.0,0.0
20,30027082,-,20,30031644,+,KIRC,1851,TCGA-G6-A8L7-01A,TCGA-G6-A8L7-01A,1.0,0.0,0.0,0.0,0.0
3,52906353,-,7,66790655,-,KIRC,1852,TCGA-G6-A8L7-01A,TCGA-G6-A8L7-01A,1.0,0.0,0.0,0.0,0.0
6,127544042,+,8,55942413,+,KIRC,1853,TCGA-G6-A8L7-01A,TCGA-G6-A8L7-01A,1.0,0.0,0.0,0.0,0.0
6,143866827,-,17,22506149,-,KIRC,1854,TCGA-G6-A8L7-01A,TCGA-G6-A8L7-01A,1.0,0.0,0.0,0.0,0.0
7,66790988,+,16,74358844,-,KIRC,1855,TCGA-G6-A8L7-01A,TCGA-G6-A8L7-01A,1.0,0.0,0.0,0.0,0.0
7,75790178,-,19,8981927,-,KIRC,1856,TCGA-G6-A8L7-01A,TCGA-G6-A8L7-01A,1.0,0.0,0.0,0.0,0.0
7,75790221,+,19,8982180,+,KIRC,1857,TCGA-G6-A8L7-01A,TCGA-G6-A8L7-01A,1.0,0.0,0.0,0.0,0.0
7,93907958,-,7,93908102,+,KIRC,1858,TCGA-G6-A8L7-01A,TCGA-G6-A8L7-01A,1.0,0.0,0.0,0.0,0.0
8,10468976,+,8,10489495,+,KIRC,1859,TCGA-G6-A8L7-01A,TCGA-G6-A8L7-01A,1.0,0.0,0.0,0.0,0.0
8,10471681,-,8,10499578,-,KIRC,1860,TCGA-G6-A8L7-01A,TCGA-G6-A8L7-01A,1.0,0.0,0.0,0.0,0.0
23,20674220,+,23,115706138,-,KIRC,1861,TCGA-G6-A8L7-01A,TCGA-G6-A8L7-01A,1.0,0.0,0.0,0.0,0.0
1,80669095,+,1,92474645,+,KIRC,1862,TCGA-G6-A8L8-01A,TCGA-G6-A8L8-01A,1.0,0.0,0.0,0.0,0.0
1,80669102,-,1,92474545,-,KIRC,1863,TCGA-G6-A8L8-01A,TCGA-G6-A8L8-01A,1.0,0.0,0.0,0.0,0.0
1,165082870,-,21,31562492,+,KIRC,1864,TCGA-G6-A8L8-01A,TCGA-G6-A8L8-01A,1.0,0.0,0.0,0.0,0.0
1,212959027,+,15,101729526,-,KIRC,1865,TCGA-G6-A8L8-01A,TCGA-G6-A8L8-01A,1.0,0.0,0.0,0.0,0.0
1,213637223,+,1,220606107,+,KIRC,1866,TCGA-G6-A8L8-01A,TCGA-G6-A8L8-01A,1.0,0.0,0.0,0.0,0.0
11,9632603,+,11,10225328,-,KIRC,1867,TCGA-G6-A8L8-01A,TCGA-G6-A8L8-01A,1.0,0.0,0.0,0.0,0.0
13,16026190,-,13,16061372,+,KIRC,1868,TCGA-G6-A8L8-01A,TCGA-G6-A8L8-01A,1.0,0.0,0.0,0.0,0.0
14,54915517,+,14,55646726,+,KIRC,1869,TCGA-G6-A8L8-01A,TCGA-G6-A8L8-01A,1.0,0.0,0.0,0.0,0.0
14,56649713,+,14,97582644,-,KIRC,1870,TCGA-G6-A8L8-01A,TCGA-G6-A8L8-01A,1.0,0.0,0.0,0.0,0.0
15,67699355,+,15,86502508,+,KIRC,1871,TCGA-G6-A8L8-01A,TCGA-G6-A8L8-01A,1.0,0.0,0.0,0.0,0.0
15,68920664,-,15,70609165,+,KIRC,1872,TCGA-G6-A8L8-01A,TCGA-G6-A8L8-01A,1.0,0.0,0.0,0.0,0.0
15,84399933,-,15,92438597,-,KIRC,1873,TCGA-G6-A8L8-01A,TCGA-G6-A8L8-01A,1.0,0.0,0.0,0.0,0.0
16,5077086,+,16,5079491,-,KIRC,1874,TCGA-G6-A8L8-01A,TCGA-G6-A8L8-01A,1.0,0.0,0.0,0.0,0.0
2,26590988,+,15,53715158,+,KIRC,1875,TCGA-G6-A8L8-01A,TCGA-G6-A8L8-01A,1.0,0.0,0.0,0.0,0.0
2,26605694,-,15,49467090,-,KIRC,1876,TCGA-G6-A8L8-01A,TCGA-G6-A8L8-01A,1.0,0.0,0.0,0.0,0.0
2,27209158,+,2,27210953,-,KIRC,1877,TCGA-G6-A8L8-01A,TCGA-G6-A8L8-01A,1.0,0.0,0.0,0.0,0.0
2,92263140,-,2,93595047,+,KIRC,1878,TCGA-G6-A8L8-01A,TCGA-G6-A8L8-01A,1.0,0.0,0.0,0.0,0.0
20,28044409,-,20,28214121,+,KIRC,1879,TCGA-G6-A8L8-01A,TCGA-G6-A8L8-01A,1.0,0.0,0.0,0.0,0.0
20,43096014,+,20,46112022,+,KIRC,1880,TCGA-G6-A8L8-01A,TCGA-G6-A8L8-01A,1.0,0.0,0.0,0.0,0.0
20,50179569,+,20,50576751,-,KIRC,1881,TCGA-G6-A8L8-01A,TCGA-G6-A8L8-01A,1.0,0.0,0.0,0.0,0.0
3,36134693,+,21,24295592,+,KIRC,1882,TCGA-G6-A8L8-01A,TCGA-G6-A8L8-01A,1.0,0.0,0.0,0.0,0.0
3,90347029,-,8,39350258,-,KIRC,1883,TCGA-G6-A8L8-01A,TCGA-G6-A8L8-01A,1.0,0.0,0.0,0.0,0.0
3,90347032,-,5,134935568,-,KIRC,1884,TCGA-G6-A8L8-01A,TCGA-G6-A8L8-01A,1.0,0.0,0.0,0.0,0.0
3,144703265,+,3,144705173,-,KIRC,1885,TCGA-G6-A8L8-01A,TCGA-G6-A8L8-01A,1.0,0.0,0.0,0.0,0.0
4,86599276,+,4,86599666,+,KIRC,1886,TCGA-G6-A8L8-01A,TCGA-G6-A8L8-01A,1.0,0.0,0.0,0.0,0.0
4,86599330,-,20,50576682,+,KIRC,1887,TCGA-G6-A8L8-01A,TCGA-G6-A8L8-01A,1.0,0.0,0.0,0.0,0.0
4,86599391,-,20,50179651,-,KIRC,1888,TCGA-G6-A8L8-01A,TCGA-G6-A8L8-01A,1.0,0.0,0.0,0.0,0.0
5,134935708,+,8,39350156,-,KIRC,1889,TCGA-G6-A8L8-01A,TCGA-G6-A8L8-01A,1.0,0.0,0.0,0.0,0.0
6,67251421,+,6,98185356,-,KIRC,1890,TCGA-G6-A8L8-01A,TCGA-G6-A8L8-01A,1.0,0.0,0.0,0.0,0.0
6,67252452,-,6,96232217,+,KIRC,1891,TCGA-G6-A8L8-01A,TCGA-G6-A8L8-01A,1.0,0.0,0.0,0.0,0.0
6,67267228,+,6,93511250,+,KIRC,1892,TCGA-G6-A8L8-01A,TCGA-G6-A8L8-01A,1.0,0.0,0.0,0.0,0.0
6,67272281,-,6,87263244,-,KIRC,1893,TCGA-G6-A8L8-01A,TCGA-G6-A8L8-01A,1.0,0.0,0.0,0.0,0.0
6,67272586,+,6,74337199,+,KIRC,1894,TCGA-G6-A8L8-01A,TCGA-G6-A8L8-01A,1.0,0.0,0.0,0.0,0.0
6,67273865,-,6,96266534,-,KIRC,1895,TCGA-G6-A8L8-01A,TCGA-G6-A8L8-01A,1.0,0.0,0.0,0.0,0.0
6,67274613,+,6,76780967,+,KIRC,1896,TCGA-G6-A8L8-01A,TCGA-G6-A8L8-01A,1.0,0.0,0.0,0.0,0.0
6,67277444,-,6,97913081,+,KIRC,1897,TCGA-G6-A8L8-01A,TCGA-G6-A8L8-01A,1.0,0.0,0.0,0.0,0.0
6,67277528,-,6,80453137,+,KIRC,1898,TCGA-G6-A8L8-01A,TCGA-G6-A8L8-01A,1.0,0.0,0.0,0.0,0.0
6,67281221,+,6,76965312,-,KIRC,1899,TCGA-G6-A8L8-01A,TCGA-G6-A8L8-01A,1.0,0.0,0.0,0.0,0.0
6,67909644,-,6,67974155,+,KIRC,1900,TCGA-G6-A8L8-01A,TCGA-G6-A8L8-01A,1.0,0.0,0.0,0.0,0.0
6,67912791,+,6,97816182,-,KIRC,1901,TCGA-G6-A8L8-01A,TCGA-G6-A8L8-01A,1.0,0.0,0.0,0.0,0.0
6,67917835,-,6,97308799,+,KIRC,1902,TCGA-G6-A8L8-01A,TCGA-G6-A8L8-01A,1.0,0.0,0.0,0.0,0.0
6,67924860,+,6,72434503,+,KIRC,1903,TCGA-G6-A8L8-01A,TCGA-G6-A8L8-01A,1.0,0.0,0.0,0.0,0.0
6,67925133,-,6,68317641,-,KIRC,1904,TCGA-G6-A8L8-01A,TCGA-G6-A8L8-01A,1.0,0.0,0.0,0.0,0.0
6,67925138,-,6,91960829,-,KIRC,1905,TCGA-G6-A8L8-01A,TCGA-G6-A8L8-01A,1.0,0.0,0.0,0.0,0.0
6,67925139,-,6,93509954,-,KIRC,1906,TCGA-G6-A8L8-01A,TCGA-G6-A8L8-01A,1.0,0.0,0.0,0.0,0.0
6,67970294,+,6,99364219,+,KIRC,1907,TCGA-G6-A8L8-01A,TCGA-G6-A8L8-01A,1.0,0.0,0.0,0.0,0.0
6,67970517,-,6,79070560,-,KIRC,1908,TCGA-G6-A8L8-01A,TCGA-G6-A8L8-01A,1.0,0.0,0.0,0.0,0.0
6,67971921,+,6,92487316,-,KIRC,1909,TCGA-G6-A8L8-01A,TCGA-G6-A8L8-01A,1.0,0.0,0.0,0.0,0.0
6,67972102,-,6,92469161,+,KIRC,1910,TCGA-G6-A8L8-01A,TCGA-G6-A8L8-01A,1.0,0.0,0.0,0.0,0.0
6,68107016,-,6,79077194,+,KIRC,1911,TCGA-G6-A8L8-01A,TCGA-G6-A8L8-01A,1.0,0.0,0.0,0.0,0.0
6,68159364,+,6,97942267,+,KIRC,1912,TCGA-G6-A8L8-01A,TCGA-G6-A8L8-01A,1.0,0.0,0.0,0.0,0.0
6,68159631,-,6,80063125,+,KIRC,1913,TCGA-G6-A8L8-01A,TCGA-G6-A8L8-01A,1.0,0.0,0.0,0.0,0.0
6,68159632,-,6,93628023,-,KIRC,1914,TCGA-G6-A8L8-01A,TCGA-G6-A8L8-01A,1.0,0.0,0.0,0.0,0.0
6,68176251,+,6,97875462,+,KIRC,1915,TCGA-G6-A8L8-01A,TCGA-G6-A8L8-01A,1.0,0.0,0.0,0.0,0.0
6,68296819,-,6,80070453,+,KIRC,1916,TCGA-G6-A8L8-01A,TCGA-G6-A8L8-01A,1.0,0.0,0.0,0.0,0.0
6,68299846,+,6,74837820,+,KIRC,1917,TCGA-G6-A8L8-01A,TCGA-G6-A8L8-01A,1.0,0.0,0.0,0.0,0.0
6,68300164,-,6,97913053,-,KIRC,1918,TCGA-G6-A8L8-01A,TCGA-G6-A8L8-01A,1.0,0.0,0.0,0.0,0.0
6,68305483,+,6,87124400,-,KIRC,1919,TCGA-G6-A8L8-01A,TCGA-G6-A8L8-01A,1.0,0.0,0.0,0.0,0.0
6,68306892,-,6,70448435,-,KIRC,1920,TCGA-G6-A8L8-01A,TCGA-G6-A8L8-01A,1.0,0.0,0.0,0.0,0.0
6,68310422,+,6,97836918,+,KIRC,1921,TCGA-G6-A8L8-01A,TCGA-G6-A8L8-01A,1.0,0.0,0.0,0.0,0.0
6,68317697,-,6,91960918,+,KIRC,1922,TCGA-G6-A8L8-01A,TCGA-G6-A8L8-01A,1.0,0.0,0.0,0.0,0.0
6,68317895,+,6,93509953,-,KIRC,1923,TCGA-G6-A8L8-01A,TCGA-G6-A8L8-01A,1.0,0.0,0.0,0.0,0.0
6,68334857,-,6,92520190,+,KIRC,1924,TCGA-G6-A8L8-01A,TCGA-G6-A8L8-01A,1.0,0.0,0.0,0.0,0.0
6,68335303,+,6,97826088,+,KIRC,1925,TCGA-G6-A8L8-01A,TCGA-G6-A8L8-01A,1.0,0.0,0.0,0.0,0.0
6,68335556,-,6,80453711,-,KIRC,1926,TCGA-G6-A8L8-01A,TCGA-G6-A8L8-01A,1.0,0.0,0.0,0.0,0.0
6,68680476,+,6,74331572,-,KIRC,1927,TCGA-G6-A8L8-01A,TCGA-G6-A8L8-01A,1.0,0.0,0.0,0.0,0.0
6,68680683,-,6,92468107,-,KIRC,1928,TCGA-G6-A8L8-01A,TCGA-G6-A8L8-01A,1.0,0.0,0.0,0.0,0.0
6,68686687,+,6,91921823,+,KIRC,1929,TCGA-G6-A8L8-01A,TCGA-G6-A8L8-01A,1.0,0.0,0.0,0.0,0.0
6,68686691,+,6,74336717,-,KIRC,1930,TCGA-G6-A8L8-01A,TCGA-G6-A8L8-01A,1.0,0.0,0.0,0.0,0.0
6,68711486,-,6,92874913,-,KIRC,1931,TCGA-G6-A8L8-01A,TCGA-G6-A8L8-01A,1.0,0.0,0.0,0.0,0.0
6,68711487,-,6,98170481,-,KIRC,1932,TCGA-G6-A8L8-01A,TCGA-G6-A8L8-01A,1.0,0.0,0.0,0.0,0.0
6,68712747,+,6,87273237,+,KIRC,1933,TCGA-G6-A8L8-01A,TCGA-G6-A8L8-01A,1.0,0.0,0.0,0.0,0.0
6,68842189,-,6,96275907,+,KIRC,1934,TCGA-G6-A8L8-01A,TCGA-G6-A8L8-01A,1.0,0.0,0.0,0.0,0.0
6,68842667,+,6,87121658,+,KIRC,1935,TCGA-G6-A8L8-01A,TCGA-G6-A8L8-01A,1.0,0.0,0.0,0.0,0.0
6,68847024,-,6,99357099,+,KIRC,1936,TCGA-G6-A8L8-01A,TCGA-G6-A8L8-01A,1.0,0.0,0.0,0.0,0.0
6,68847422,+,6,92749913,-,KIRC,1937,TCGA-G6-A8L8-01A,TCGA-G6-A8L8-01A,1.0,0.0,0.0,0.0,0.0
6,68851355,-,6,74330844,+,KIRC,1938,TCGA-G6-A8L8-01A,TCGA-G6-A8L8-01A,1.0,0.0,0.0,0.0,0.0
6,70442634,+,6,80412429,+,KIRC,1939,TCGA-G6-A8L8-01A,TCGA-G6-A8L8-01A,1.0,0.0,0.0,0.0,0.0
6,72439026,-,6,74833480,+,KIRC,1940,TCGA-G6-A8L8-01A,TCGA-G6-A8L8-01A,1.0,0.0,0.0,0.0,0.0
6,74332263,+,6,80444153,+,KIRC,1941,TCGA-G6-A8L8-01A,TCGA-G6-A8L8-01A,1.0,0.0,0.0,0.0,0.0
6,74336716,-,6,91921679,-,KIRC,1942,TCGA-G6-A8L8-01A,TCGA-G6-A8L8-01A,1.0,0.0,0.0,0.0,0.0
6,74532696,-,6,97308062,-,KIRC,1943,TCGA-G6-A8L8-01A,TCGA-G6-A8L8-01A,1.0,0.0,0.0,0.0,0.0
6,74837492,-,6,98161805,-,KIRC,1944,TCGA-G6-A8L8-01A,TCGA-G6-A8L8-01A,1.0,0.0,0.0,0.0,0.0
6,76760326,-,6,76966684,+,KIRC,1945,TCGA-G6-A8L8-01A,TCGA-G6-A8L8-01A,1.0,0.0,0.0,0.0,0.0
6,76760539,+,6,87185074,+,KIRC,1946,TCGA-G6-A8L8-01A,TCGA-G6-A8L8-01A,1.0,0.0,0.0,0.0,0.0
6,76770129,-,6,98170360,+,KIRC,1947,TCGA-G6-A8L8-01A,TCGA-G6-A8L8-01A,1.0,0.0,0.0,0.0,0.0
6,76772621,-,6,92800421,-,KIRC,1948,TCGA-G6-A8L8-01A,TCGA-G6-A8L8-01A,1.0,0.0,0.0,0.0,0.0
6,76772894,+,6,91923188,-,KIRC,1949,TCGA-G6-A8L8-01A,TCGA-G6-A8L8-01A,1.0,0.0,0.0,0.0,0.0
6,76781098,-,6,87127745,+,KIRC,1950,TCGA-G6-A8L8-01A,TCGA-G6-A8L8-01A,1.0,0.0,0.0,0.0,0.0
6,76788541,+,6,87176244,-,KIRC,1951,TCGA-G6-A8L8-01A,TCGA-G6-A8L8-01A,1.0,0.0,0.0,0.0,0.0
6,76788541,+,6,93620994,+,KIRC,1952,TCGA-G6-A8L8-01A,TCGA-G6-A8L8-01A,1.0,0.0,0.0,0.0,0.0
6,76924548,-,6,80220609,+,KIRC,1953,TCGA-G6-A8L8-01A,TCGA-G6-A8L8-01A,1.0,0.0,0.0,0.0,0.0
6,76924549,-,6,76944655,-,KIRC,1954,TCGA-G6-A8L8-01A,TCGA-G6-A8L8-01A,1.0,0.0,0.0,0.0,0.0
6,76932608,+,6,93500193,-,KIRC,1955,TCGA-G6-A8L8-01A,TCGA-G6-A8L8-01A,1.0,0.0,0.0,0.0,0.0
6,76944655,-,6,80220515,-,KIRC,1956,TCGA-G6-A8L8-01A,TCGA-G6-A8L8-01A,1.0,0.0,0.0,0.0,0.0
6,76946899,+,6,91912000,+,KIRC,1957,TCGA-G6-A8L8-01A,TCGA-G6-A8L8-01A,1.0,0.0,0.0,0.0,0.0
6,76948330,-,6,92800770,+,KIRC,1958,TCGA-G6-A8L8-01A,TCGA-G6-A8L8-01A,1.0,0.0,0.0,0.0,0.0
6,76949619,+,6,99357221,-,KIRC,1959,TCGA-G6-A8L8-01A,TCGA-G6-A8L8-01A,1.0,0.0,0.0,0.0,0.0
6,76956018,-,6,97979648,-,KIRC,1960,TCGA-G6-A8L8-01A,TCGA-G6-A8L8-01A,1.0,0.0,0.0,0.0,0.0
6,76962082,+,6,92517414,-,KIRC,1961,TCGA-G6-A8L8-01A,TCGA-G6-A8L8-01A,1.0,0.0,0.0,0.0,0.0
6,76966684,+,6,87185074,+,KIRC,1962,TCGA-G6-A8L8-01A,TCGA-G6-A8L8-01A,1.0,0.0,0.0,0.0,0.0
6,80054234,-,6,87358245,-,KIRC,1963,TCGA-G6-A8L8-01A,TCGA-G6-A8L8-01A,1.0,0.0,0.0,0.0,0.0
6,80062950,-,6,93628022,-,KIRC,1964,TCGA-G6-A8L8-01A,TCGA-G6-A8L8-01A,1.0,0.0,0.0,0.0,0.0
6,80063988,+,6,93500114,+,KIRC,1965,TCGA-G6-A8L8-01A,TCGA-G6-A8L8-01A,1.0,0.0,0.0,0.0,0.0
6,80067155,-,6,97958602,-,KIRC,1966,TCGA-G6-A8L8-01A,TCGA-G6-A8L8-01A,1.0,0.0,0.0,0.0,0.0
6,80073492,-,6,99340670,+,KIRC,1967,TCGA-G6-A8L8-01A,TCGA-G6-A8L8-01A,1.0,0.0,0.0,0.0,0.0
6,80073751,+,6,97827685,-,KIRC,1968,TCGA-G6-A8L8-01A,TCGA-G6-A8L8-01A,1.0,0.0,0.0,0.0,0.0
6,80195643,-,6,87376184,+,KIRC,1969,TCGA-G6-A8L8-01A,TCGA-G6-A8L8-01A,1.0,0.0,0.0,0.0,0.0
6,80200910,+,6,92517378,+,KIRC,1970,TCGA-G6-A8L8-01A,TCGA-G6-A8L8-01A,1.0,0.0,0.0,0.0,0.0
6,80200912,+,6,97286859,+,KIRC,1971,TCGA-G6-A8L8-01A,TCGA-G6-A8L8-01A,1.0,0.0,0.0,0.0,0.0
6,80201021,-,6,97958313,+,KIRC,1972,TCGA-G6-A8L8-01A,TCGA-G6-A8L8-01A,1.0,0.0,0.0,0.0,0.0
6,80213853,+,6,87399898,+,KIRC,1973,TCGA-G6-A8L8-01A,TCGA-G6-A8L8-01A,1.0,0.0,0.0,0.0,0.0
6,80221647,-,6,99366425,-,KIRC,1974,TCGA-G6-A8L8-01A,TCGA-G6-A8L8-01A,1.0,0.0,0.0,0.0,0.0
6,80393816,+,6,93515892,+,KIRC,1975,TCGA-G6-A8L8-01A,TCGA-G6-A8L8-01A,1.0,0.0,0.0,0.0,0.0
6,80393977,-,6,93486292,-,KIRC,1976,TCGA-G6-A8L8-01A,TCGA-G6-A8L8-01A,1.0,0.0,0.0,0.0,0.0
6,80412864,-,6,96215094,+,KIRC,1977,TCGA-G6-A8L8-01A,TCGA-G6-A8L8-01A,1.0,0.0,0.0,0.0,0.0
6,80452883,-,6,97912785,+,KIRC,1978,TCGA-G6-A8L8-01A,TCGA-G6-A8L8-01A,1.0,0.0,0.0,0.0,0.0
6,80454321,+,6,87189560,-,KIRC,1979,TCGA-G6-A8L8-01A,TCGA-G6-A8L8-01A,1.0,0.0,0.0,0.0,0.0
6,87120667,-,6,92757449,-,KIRC,1980,TCGA-G6-A8L8-01A,TCGA-G6-A8L8-01A,1.0,0.0,0.0,0.0,0.0
6,87135391,-,6,96266455,+,KIRC,1981,TCGA-G6-A8L8-01A,TCGA-G6-A8L8-01A,1.0,0.0,0.0,0.0,0.0
6,87136477,+,6,97974841,+,KIRC,1982,TCGA-G6-A8L8-01A,TCGA-G6-A8L8-01A,1.0,0.0,0.0,0.0,0.0
6,87150986,-,6,99368072,+,KIRC,1983,TCGA-G6-A8L8-01A,TCGA-G6-A8L8-01A,1.0,0.0,0.0,0.0,0.0
6,87154918,+,6,96265685,-,KIRC,1984,TCGA-G6-A8L8-01A,TCGA-G6-A8L8-01A,1.0,0.0,0.0,0.0,0.0
6,87159194,-,6,96231838,-,KIRC,1985,TCGA-G6-A8L8-01A,TCGA-G6-A8L8-01A,1.0,0.0,0.0,0.0,0.0
6,87176444,+,6,93620994,+,KIRC,1986,TCGA-G6-A8L8-01A,TCGA-G6-A8L8-01A,1.0,0.0,0.0,0.0,0.0
6,87178064,+,6,92472936,-,KIRC,1987,TCGA-G6-A8L8-01A,TCGA-G6-A8L8-01A,1.0,0.0,0.0,0.0,0.0
6,87181477,-,6,99365197,+,KIRC,1988,TCGA-G6-A8L8-01A,TCGA-G6-A8L8-01A,1.0,0.0,0.0,0.0,0.0
6,87195016,+,6,98184741,+,KIRC,1989,TCGA-G6-A8L8-01A,TCGA-G6-A8L8-01A,1.0,0.0,0.0,0.0,0.0
6,87266569,+,6,93502825,+,KIRC,1990,TCGA-G6-A8L8-01A,TCGA-G6-A8L8-01A,1.0,0.0,0.0,0.0,0.0
6,87272327,-,6,91971202,-,KIRC,1991,TCGA-G6-A8L8-01A,TCGA-G6-A8L8-01A,1.0,0.0,0.0,0.0,0.0
6,87376221,-,6,93622689,-,KIRC,1992,TCGA-G6-A8L8-01A,TCGA-G6-A8L8-01A,1.0,0.0,0.0,0.0,0.0
6,87376222,-,6,91956588,+,KIRC,1993,TCGA-G6-A8L8-01A,TCGA-G6-A8L8-01A,1.0,0.0,0.0,0.0,0.0
6,91903951,-,6,99364343,-,KIRC,1994,TCGA-G6-A8L8-01A,TCGA-G6-A8L8-01A,1.0,0.0,0.0,0.0,0.0
6,91956588,+,6,93622909,+,KIRC,1995,TCGA-G6-A8L8-01A,TCGA-G6-A8L8-01A,1.0,0.0,0.0,0.0,0.0
6,91976183,+,6,99367452,-,KIRC,1996,TCGA-G6-A8L8-01A,TCGA-G6-A8L8-01A,1.0,0.0,0.0,0.0,0.0
6,92487238,+,6,97861341,-,KIRC,1997,TCGA-G6-A8L8-01A,TCGA-G6-A8L8-01A,1.0,0.0,0.0,0.0,0.0
6,92517378,+,6,97286750,-,KIRC,1998,TCGA-G6-A8L8-01A,TCGA-G6-A8L8-01A,1.0,0.0,0.0,0.0,0.0
6,92756186,+,6,97948220,-,KIRC,1999,TCGA-G6-A8L8-01A,TCGA-G6-A8L8-01A,1.0,0.0,0.0,0.0,0.0
6,92786924,+,6,93512223,-,KIRC,2000,TCGA-G6-A8L8-01A,TCGA-G6-A8L8-01A,1.0,0.0,0.0,0.0,0.0
6,92875060,+,6,98170480,-,KIRC,2001,TCGA-G6-A8L8-01A,TCGA-G6-A8L8-01A,1.0,0.0,0.0,0.0,0.0
6,93513416,+,6,99336623,-,KIRC,2002,TCGA-G6-A8L8-01A,TCGA-G6-A8L8-01A,1.0,0.0,0.0,0.0,0.0
6,93513577,-,6,97984540,+,KIRC,2003,TCGA-G6-A8L8-01A,TCGA-G6-A8L8-01A,1.0,0.0,0.0,0.0,0.0
6,93619935,-,6,97875452,-,KIRC,2004,TCGA-G6-A8L8-01A,TCGA-G6-A8L8-01A,1.0,0.0,0.0,0.0,0.0
6,93640378,-,6,99336532,+,KIRC,2005,TCGA-G6-A8L8-01A,TCGA-G6-A8L8-01A,1.0,0.0,0.0,0.0,0.0
6,97827685,-,6,99340690,+,KIRC,2006,TCGA-G6-A8L8-01A,TCGA-G6-A8L8-01A,1.0,0.0,0.0,0.0,0.0
6,99341038,-,6,99366879,+,KIRC,2007,TCGA-G6-A8L8-01A,TCGA-G6-A8L8-01A,1.0,0.0,0.0,0.0,0.0
6,108016395,-,6,108016559,+,KIRC,2008,TCGA-G6-A8L8-01A,TCGA-G6-A8L8-01A,1.0,0.0,0.0,0.0,0.0
6,108544374,+,6,112297714,-,KIRC,2009,TCGA-G6-A8L8-01A,TCGA-G6-A8L8-01A,1.0,0.0,0.0,0.0,0.0
6,113329949,+,6,132352964,-,KIRC,2010,TCGA-G6-A8L8-01A,TCGA-G6-A8L8-01A,1.0,0.0,0.0,0.0,0.0
6,123357960,-,15,68483867,-,KIRC,2011,TCGA-G6-A8L8-01A,TCGA-G6-A8L8-01A,1.0,0.0,0.0,0.0,0.0
6,123625509,+,15,67724153,-,KIRC,2012,TCGA-G6-A8L8-01A,TCGA-G6-A8L8-01A,1.0,0.0,0.0,0.0,0.0
6,132355263,+,15,63851125,-,KIRC,2013,TCGA-G6-A8L8-01A,TCGA-G6-A8L8-01A,1.0,0.0,0.0,0.0,0.0
7,71693296,+,13,19014836,+,KIRC,2014,TCGA-G6-A8L8-01A,TCGA-G6-A8L8-01A,1.0,0.0,0.0,0.0,0.0
7,118933592,-,7,118967608,+,KIRC,2015,TCGA-G6-A8L8-01A,TCGA-G6-A8L8-01A,1.0,0.0,0.0,0.0,0.0
8,108161639,-,19,16093067,+,KIRC,2016,TCGA-G6-A8L8-01A,TCGA-G6-A8L8-01A,1.0,0.0,0.0,0.0,0.0
9,4987695,-,12,12439599,+,KIRC,2017,TCGA-G6-A8L8-01A,TCGA-G6-A8L8-01A,1.0,0.0,0.0,0.0,0.0
9,43178677,+,18,15403472,-,KIRC,2018,TCGA-G6-A8L8-01A,TCGA-G6-A8L8-01A,1.0,0.0,0.0,0.0,0.0
1,52042021,-,3,148894916,-,KIRC,2019,TCGA-GK-A6C7-01A,TCGA-GK-A6C7-01A,1.0,0.0,0.0,0.0,0.0
11,54362951,-,11,54378358,+,KIRC,2020,TCGA-GK-A6C7-01A,TCGA-GK-A6C7-01A,1.0,0.0,0.0,0.0,0.0
11,113852751,+,11,113874643,-,KIRC,2021,TCGA-GK-A6C7-01A,TCGA-GK-A6C7-01A,1.0,0.0,0.0,0.0,0.0
12,1405145,+,16,23749068,+,KIRC,2022,TCGA-GK-A6C7-01A,TCGA-GK-A6C7-01A,1.0,0.0,0.0,0.0,0.0
12,54079856,+,20,30287856,-,KIRC,2023,TCGA-GK-A6C7-01A,TCGA-GK-A6C7-01A,1.0,0.0,0.0,0.0,0.0
13,18754843,-,18,14325855,-,KIRC,2024,TCGA-GK-A6C7-01A,TCGA-GK-A6C7-01A,1.0,0.0,0.0,0.0,0.0
13,69825648,-,13,69833612,+,KIRC,2025,TCGA-GK-A6C7-01A,TCGA-GK-A6C7-01A,1.0,0.0,0.0,0.0,0.0
15,24243614,-,15,24384018,+,KIRC,2026,TCGA-GK-A6C7-01A,TCGA-GK-A6C7-01A,1.0,0.0,0.0,0.0,0.0
17,26640334,+,17,26654884,-,KIRC,2027,TCGA-GK-A6C7-01A,TCGA-GK-A6C7-01A,1.0,0.0,0.0,0.0,0.0
18,15470436,-,18,15686707,+,KIRC,2028,TCGA-GK-A6C7-01A,TCGA-GK-A6C7-01A,1.0,0.0,0.0,0.0,0.0
20,23742277,-,20,23817971,+,KIRC,2029,TCGA-GK-A6C7-01A,TCGA-GK-A6C7-01A,1.0,0.0,0.0,0.0,0.0
5,46539077,-,5,46550453,+,KIRC,2030,TCGA-GK-A6C7-01A,TCGA-GK-A6C7-01A,1.0,0.0,0.0,0.0,0.0
5,46959279,+,5,47141245,-,KIRC,2031,TCGA-GK-A6C7-01A,TCGA-GK-A6C7-01A,1.0,0.0,0.0,0.0,0.0
5,49592477,+,5,49625959,+,KIRC,2032,TCGA-GK-A6C7-01A,TCGA-GK-A6C7-01A,1.0,0.0,0.0,0.0,0.0
5,49766833,+,5,49894844,-,KIRC,2033,TCGA-GK-A6C7-01A,TCGA-GK-A6C7-01A,1.0,0.0,0.0,0.0,0.0
6,42678416,+,22,25411856,+,KIRC,2034,TCGA-GK-A6C7-01A,TCGA-GK-A6C7-01A,1.0,0.0,0.0,0.0,0.0
6,149955610,-,6,150013785,-,KIRC,2035,TCGA-GK-A6C7-01A,TCGA-GK-A6C7-01A,1.0,0.0,0.0,0.0,0.0
7,58189244,+,7,61966991,-,KIRC,2036,TCGA-GK-A6C7-01A,TCGA-GK-A6C7-01A,1.0,0.0,0.0,0.0,0.0
1,205176495,-,14,100677215,+,KIRC,2037,TCGA-MM-A564-01A,TCGA-MM-A564-01A,1.0,0.0,0.0,0.0,0.0
1,234326064,-,23,102274520,-,KIRC,2038,TCGA-MM-A564-01A,TCGA-MM-A564-01A,1.0,0.0,0.0,0.0,0.0
11,46022785,-,13,80918990,+,KIRC,2039,TCGA-MM-A564-01A,TCGA-MM-A564-01A,1.0,0.0,0.0,0.0,0.0
13,16002722,+,20,28766143,+,KIRC,2040,TCGA-MM-A564-01A,TCGA-MM-A564-01A,1.0,0.0,0.0,0.0,0.0
18,15656491,-,18,15702496,+,KIRC,2041,TCGA-MM-A564-01A,TCGA-MM-A564-01A,1.0,0.0,0.0,0.0,0.0
2,94180208,-,2,94187478,+,KIRC,2042,TCGA-MM-A564-01A,TCGA-MM-A564-01A,1.0,0.0,0.0,0.0,0.0
2,94180384,+,2,94187888,-,KIRC,2043,TCGA-MM-A564-01A,TCGA-MM-A564-01A,1.0,0.0,0.0,0.0,0.0
2,114266093,-,8,105812986,-,KIRC,2044,TCGA-MM-A564-01A,TCGA-MM-A564-01A,1.0,0.0,0.0,0.0,0.0
2,114266198,+,8,105812975,+,KIRC,2045,TCGA-MM-A564-01A,TCGA-MM-A564-01A,1.0,0.0,0.0,0.0,0.0
2,203700923,+,7,143121803,+,KIRC,2046,TCGA-MM-A564-01A,TCGA-MM-A564-01A,1.0,0.0,0.0,0.0,0.0
2,224892421,+,11,88076976,-,KIRC,2047,TCGA-MM-A564-01A,TCGA-MM-A564-01A,1.0,0.0,0.0,0.0,0.0
3,75679667,-,20,29400944,-,KIRC,2048,TCGA-MM-A564-01A,TCGA-MM-A564-01A,1.0,0.0,0.0,0.0,0.0
3,90401486,-,20,30985250,+,KIRC,2049,TCGA-MM-A564-01A,TCGA-MM-A564-01A,1.0,0.0,0.0,0.0,0.0
7,20149237,-,7,21711100,+,KIRC,2050,TCGA-MM-A564-01A,TCGA-MM-A564-01A,1.0,0.0,0.0,0.0,0.0
7,30879434,-,7,76250703,-,KIRC,2051,TCGA-MM-A564-01A,TCGA-MM-A564-01A,1.0,0.0,0.0,0.0,0.0
7,147676997,+,7,147856047,-,KIRC,2052,TCGA-MM-A564-01A,TCGA-MM-A564-01A,1.0,0.0,0.0,0.0,0.0
1,188238749,+,2,131859037,+,KIRC,2053,TCGA-MM-A84U-01A,TCGA-MM-A84U-01A,1.0,0.0,0.0,0.0,0.0
11,18274925,-,11,18283104,+,KIRC,2054,TCGA-MM-A84U-01A,TCGA-MM-A84U-01A,1.0,0.0,0.0,0.0,0.0
12,127906539,+,15,86410823,-,KIRC,2055,TCGA-MM-A84U-01A,TCGA-MM-A84U-01A,1.0,0.0,0.0,0.0,0.0
13,86498044,-,13,86498769,-,KIRC,2056,TCGA-MM-A84U-01A,TCGA-MM-A84U-01A,1.0,0.0,0.0,0.0,0.0
15,38310154,+,17,5115576,+,KIRC,2057,TCGA-MM-A84U-01A,TCGA-MM-A84U-01A,1.0,0.0,0.0,0.0,0.0
16,34255960,-,16,36322665,+,KIRC,2058,TCGA-MM-A84U-01A,TCGA-MM-A84U-01A,1.0,0.0,0.0,0.0,0.0
16,36350791,+,16,37068769,-,KIRC,2059,TCGA-MM-A84U-01A,TCGA-MM-A84U-01A,1.0,0.0,0.0,0.0,0.0
18,15473165,+,18,15699429,-,KIRC,2060,TCGA-MM-A84U-01A,TCGA-MM-A84U-01A,1.0,0.0,0.0,0.0,0.0
19,57104791,-,19,57155841,+,KIRC,2061,TCGA-MM-A84U-01A,TCGA-MM-A84U-01A,1.0,0.0,0.0,0.0,0.0
2,92875347,+,2,92997707,-,KIRC,2062,TCGA-MM-A84U-01A,TCGA-MM-A84U-01A,1.0,0.0,0.0,0.0,0.0
20,29283585,-,24,10207747,-,KIRC,2063,TCGA-MM-A84U-01A,TCGA-MM-A84U-01A,1.0,0.0,0.0,0.0,0.0
20,62270346,+,20,62270997,-,KIRC,2064,TCGA-MM-A84U-01A,TCGA-MM-A84U-01A,1.0,0.0,0.0,0.0,0.0
3,70661328,-,23,88589956,+,KIRC,2065,TCGA-MM-A84U-01A,TCGA-MM-A84U-01A,1.0,0.0,0.0,0.0,0.0
3,90773866,-,3,90824329,+,KIRC,2066,TCGA-MM-A84U-01A,TCGA-MM-A84U-01A,1.0,0.0,0.0,0.0,0.0
3,90849062,-,3,91117666,+,KIRC,2067,TCGA-MM-A84U-01A,TCGA-MM-A84U-01A,1.0,0.0,0.0,0.0,0.0
3,91043060,+,3,91220564,-,KIRC,2068,TCGA-MM-A84U-01A,TCGA-MM-A84U-01A,1.0,0.0,0.0,0.0,0.0
3,145359514,-,3,145359756,+,KIRC,2069,TCGA-MM-A84U-01A,TCGA-MM-A84U-01A,1.0,0.0,0.0,0.0,0.0
4,88804780,-,4,88804942,+,KIRC,2070,TCGA-MM-A84U-01A,TCGA-MM-A84U-01A,1.0,0.0,0.0,0.0,0.0
5,147831840,-,5,147832065,+,KIRC,2071,TCGA-MM-A84U-01A,TCGA-MM-A84U-01A,1.0,0.0,0.0,0.0,0.0
6,35012355,+,6,35013824,-,KIRC,2072,TCGA-MM-A84U-01A,TCGA-MM-A84U-01A,1.0,0.0,0.0,0.0,0.0
7,115888269,-,7,117824929,+,KIRC,2073,TCGA-MM-A84U-01A,TCGA-MM-A84U-01A,1.0,0.0,0.0,0.0,0.0
23,83481599,-,23,89163394,-,KIRC,2074,TCGA-MM-A84U-01A,TCGA-MM-A84U-01A,1.0,0.0,0.0,0.0,0.0
23,115567513,-,23,115852221,+,KIRC,2075,TCGA-MM-A84U-01A,TCGA-MM-A84U-01A,1.0,0.0,0.0,0.0,0.0
23,134280470,+,23,134288041,-,KIRC,2076,TCGA-MM-A84U-01A,TCGA-MM-A84U-01A,1.0,0.0,0.0,0.0,0.0
1,123036611,+,1,124456309,-,KIRC,2077,TCGA-T7-A92I-01A,TCGA-T7-A92I-01A,1.0,0.0,0.0,0.0,0.0
1,246933156,-,5,109422767,-,KIRC,2078,TCGA-T7-A92I-01A,TCGA-T7-A92I-01A,1.0,0.0,0.0,0.0,0.0
11,52561044,+,11,53048801,-,KIRC,2079,TCGA-T7-A92I-01A,TCGA-T7-A92I-01A,1.0,0.0,0.0,0.0,0.0
15,27913946,+,17,11694648,+,KIRC,2080,TCGA-T7-A92I-01A,TCGA-T7-A92I-01A,1.0,0.0,0.0,0.0,0.0
17,29876841,+,17,29889679,-,KIRC,2081,TCGA-T7-A92I-01A,TCGA-T7-A92I-01A,1.0,0.0,0.0,0.0,0.0
18,20805275,-,18,20832794,-,KIRC,2082,TCGA-T7-A92I-01A,TCGA-T7-A92I-01A,1.0,0.0,0.0,0.0,0.0
20,29362154,+,24,10130703,+,KIRC,2083,TCGA-T7-A92I-01A,TCGA-T7-A92I-01A,1.0,0.0,0.0,0.0,0.0
3,182048198,-,19,28732922,+,KIRC,2084,TCGA-T7-A92I-01A,TCGA-T7-A92I-01A,1.0,0.0,0.0,0.0,0.0
5,49916469,+,5,49925134,-,KIRC,2085,TCGA-T7-A92I-01A,TCGA-T7-A92I-01A,1.0,0.0,0.0,0.0,0.0
5,87955192,-,8,121872483,+,KIRC,2086,TCGA-T7-A92I-01A,TCGA-T7-A92I-01A,1.0,0.0,0.0,0.0,0.0
7,142924261,-,17,7609763,-,KIRC,2087,TCGA-T7-A92I-01A,TCGA-T7-A92I-01A,1.0,0.0,0.0,0.0,0.0
8,78202940,+,12,97972685,-,KIRC,2088,TCGA-T7-A92I-01A,TCGA-T7-A92I-01A,1.0,0.0,0.0,0.0,0.0
9,43178606,+,18,15403487,-,KIRC,2089,TCGA-T7-A92I-01A,TCGA-T7-A92I-01A,1.0,0.0,0.0,0.0,0.0
