seqnames,start,strand,altchr,altpos,altstrand,dcc_project_code,sv_id,sid,donor_unique_id,weights,topo,topo_n,mech,homseq
1,122817808,-,1,124000808,+,KIRP,0,TCGA-2K-A9WE-01A,TCGA-2K-A9WE-01A,1.0,0.0,0.0,0.0,0.0
1,123080433,-,1,123967304,+,KIRP,1,TCGA-2K-A9WE-01A,TCGA-2K-A9WE-01A,1.0,0.0,0.0,0.0,0.0
1,123466101,-,1,123687588,+,KIRP,2,TCGA-2K-A9WE-01A,TCGA-2K-A9WE-01A,1.0,0.0,0.0,0.0,0.0
1,143285310,-,16,34686965,-,KIRP,3,TCGA-2K-A9WE-01A,TCGA-2K-A9WE-01A,1.0,0.0,0.0,0.0,0.0
1,162741221,-,11,128868092,+,KIRP,4,TCGA-2K-A9WE-01A,TCGA-2K-A9WE-01A,1.0,0.0,0.0,0.0,0.0
11,51596303,-,11,52584386,+,KIRP,5,TCGA-2K-A9WE-01A,TCGA-2K-A9WE-01A,1.0,0.0,0.0,0.0,0.0
11,52932604,-,11,53030283,+,KIRP,6,TCGA-2K-A9WE-01A,TCGA-2K-A9WE-01A,1.0,0.0,0.0,0.0,0.0
17,23051786,+,17,23122049,-,KIRP,7,TCGA-2K-A9WE-01A,TCGA-2K-A9WE-01A,1.0,0.0,0.0,0.0,0.0
17,24072127,-,17,24072500,+,KIRP,8,TCGA-2K-A9WE-01A,TCGA-2K-A9WE-01A,1.0,0.0,0.0,0.0,0.0
19,52681484,-,19,52776081,+,KIRP,9,TCGA-2K-A9WE-01A,TCGA-2K-A9WE-01A,1.0,0.0,0.0,0.0,0.0
3,92119252,-,3,92119605,+,KIRP,10,TCGA-2K-A9WE-01A,TCGA-2K-A9WE-01A,1.0,0.0,0.0,0.0,0.0
4,48659923,-,4,72550118,+,KIRP,11,TCGA-2K-A9WE-01A,TCGA-2K-A9WE-01A,1.0,0.0,0.0,0.0,0.0
4,51640994,+,4,51721183,-,KIRP,12,TCGA-2K-A9WE-01A,TCGA-2K-A9WE-01A,1.0,0.0,0.0,0.0,0.0
4,139314984,+,7,86857918,-,KIRP,13,TCGA-2K-A9WE-01A,TCGA-2K-A9WE-01A,1.0,0.0,0.0,0.0,0.0
5,49684591,+,5,49690271,-,KIRP,14,TCGA-2K-A9WE-01A,TCGA-2K-A9WE-01A,1.0,0.0,0.0,0.0,0.0
5,49801842,-,5,49925435,+,KIRP,15,TCGA-2K-A9WE-01A,TCGA-2K-A9WE-01A,1.0,0.0,0.0,0.0,0.0
7,10044602,+,7,10345804,-,KIRP,16,TCGA-2K-A9WE-01A,TCGA-2K-A9WE-01A,1.0,0.0,0.0,0.0,0.0
7,70305410,+,7,70323437,-,KIRP,17,TCGA-2K-A9WE-01A,TCGA-2K-A9WE-01A,1.0,0.0,0.0,0.0,0.0
7,113810956,-,23,137315148,+,KIRP,18,TCGA-2K-A9WE-01A,TCGA-2K-A9WE-01A,1.0,0.0,0.0,0.0,0.0
8,113611639,-,8,114044818,-,KIRP,19,TCGA-2K-A9WE-01A,TCGA-2K-A9WE-01A,1.0,0.0,0.0,0.0,0.0
8,121970138,-,11,34877890,+,KIRP,20,TCGA-2K-A9WE-01A,TCGA-2K-A9WE-01A,1.0,0.0,0.0,0.0,0.0
9,42632199,+,9,62439740,-,KIRP,21,TCGA-2K-A9WE-01A,TCGA-2K-A9WE-01A,1.0,0.0,0.0,0.0,0.0
1,123390260,-,16,37885341,+,KIRP,22,TCGA-2Z-A9J1-01A,TCGA-2Z-A9J1-01A,1.0,0.0,0.0,0.0,0.0
10,39900026,-,10,41709067,+,KIRP,23,TCGA-2Z-A9J1-01A,TCGA-2Z-A9J1-01A,1.0,0.0,0.0,0.0,0.0
10,125675533,+,20,9364717,-,KIRP,24,TCGA-2Z-A9J1-01A,TCGA-2Z-A9J1-01A,1.0,0.0,0.0,0.0,0.0
11,52826809,+,11,53622326,-,KIRP,25,TCGA-2Z-A9J1-01A,TCGA-2Z-A9J1-01A,1.0,0.0,0.0,0.0,0.0
11,54345296,-,11,54419918,+,KIRP,26,TCGA-2Z-A9J1-01A,TCGA-2Z-A9J1-01A,1.0,0.0,0.0,0.0,0.0
11,54384126,-,11,54549296,+,KIRP,27,TCGA-2Z-A9J1-01A,TCGA-2Z-A9J1-01A,1.0,0.0,0.0,0.0,0.0
12,15551351,-,12,15551443,+,KIRP,28,TCGA-2Z-A9J1-01A,TCGA-2Z-A9J1-01A,1.0,0.0,0.0,0.0,0.0
13,16628016,+,13,16637680,-,KIRP,29,TCGA-2Z-A9J1-01A,TCGA-2Z-A9J1-01A,1.0,0.0,0.0,0.0,0.0
13,17496434,-,13,17877842,+,KIRP,30,TCGA-2Z-A9J1-01A,TCGA-2Z-A9J1-01A,1.0,0.0,0.0,0.0,0.0
17,23131266,+,17,26628680,-,KIRP,31,TCGA-2Z-A9J1-01A,TCGA-2Z-A9J1-01A,1.0,0.0,0.0,0.0,0.0
18,15636239,-,18,15701202,+,KIRP,32,TCGA-2Z-A9J1-01A,TCGA-2Z-A9J1-01A,1.0,0.0,0.0,0.0,0.0
18,15819934,+,18,20445103,-,KIRP,33,TCGA-2Z-A9J1-01A,TCGA-2Z-A9J1-01A,1.0,0.0,0.0,0.0,0.0
18,17538900,-,18,17816792,+,KIRP,34,TCGA-2Z-A9J1-01A,TCGA-2Z-A9J1-01A,1.0,0.0,0.0,0.0,0.0
18,20805283,-,18,20832733,-,KIRP,35,TCGA-2Z-A9J1-01A,TCGA-2Z-A9J1-01A,1.0,0.0,0.0,0.0,0.0
2,47409300,-,17,2304367,+,KIRP,36,TCGA-2Z-A9J1-01A,TCGA-2Z-A9J1-01A,1.0,0.0,0.0,0.0,0.0
2,92720209,-,2,94052823,+,KIRP,37,TCGA-2Z-A9J1-01A,TCGA-2Z-A9J1-01A,1.0,0.0,0.0,0.0,0.0
3,31462750,+,16,65444020,+,KIRP,38,TCGA-2Z-A9J1-01A,TCGA-2Z-A9J1-01A,1.0,0.0,0.0,0.0,0.0
3,31462758,-,16,65444025,-,KIRP,39,TCGA-2Z-A9J1-01A,TCGA-2Z-A9J1-01A,1.0,0.0,0.0,0.0,0.0
3,90785248,+,3,90900560,-,KIRP,40,TCGA-2Z-A9J1-01A,TCGA-2Z-A9J1-01A,1.0,0.0,0.0,0.0,0.0
5,49759484,-,5,49942914,+,KIRP,41,TCGA-2Z-A9J1-01A,TCGA-2Z-A9J1-01A,1.0,0.0,0.0,0.0,0.0
5,137383653,-,10,125675387,-,KIRP,42,TCGA-2Z-A9J1-01A,TCGA-2Z-A9J1-01A,1.0,0.0,0.0,0.0,0.0
5,137383654,-,20,9364718,-,KIRP,43,TCGA-2Z-A9J1-01A,TCGA-2Z-A9J1-01A,1.0,0.0,0.0,0.0,0.0
5,137384176,+,20,9364646,+,KIRP,44,TCGA-2Z-A9J1-01A,TCGA-2Z-A9J1-01A,1.0,0.0,0.0,0.0,0.0
5,170025790,-,12,73100103,+,KIRP,45,TCGA-2Z-A9J1-01A,TCGA-2Z-A9J1-01A,1.0,0.0,0.0,0.0,0.0
9,43178636,+,18,15403465,-,KIRP,46,TCGA-2Z-A9J1-01A,TCGA-2Z-A9J1-01A,1.0,0.0,0.0,0.0,0.0
11,38094292,+,11,39142867,-,KIRP,47,TCGA-2Z-A9J2-01A,TCGA-2Z-A9J2-01A,1.0,0.0,0.0,0.0,0.0
11,39123050,+,15,38899860,+,KIRP,48,TCGA-2Z-A9J2-01A,TCGA-2Z-A9J2-01A,1.0,0.0,0.0,0.0,0.0
11,39130006,-,15,38905084,-,KIRP,49,TCGA-2Z-A9J2-01A,TCGA-2Z-A9J2-01A,1.0,0.0,0.0,0.0,0.0
11,39139591,+,15,26997307,-,KIRP,50,TCGA-2Z-A9J2-01A,TCGA-2Z-A9J2-01A,1.0,0.0,0.0,0.0,0.0
11,130124238,-,23,65410844,+,KIRP,51,TCGA-2Z-A9J2-01A,TCGA-2Z-A9J2-01A,1.0,0.0,0.0,0.0,0.0
13,17453164,-,13,17644842,+,KIRP,52,TCGA-2Z-A9J2-01A,TCGA-2Z-A9J2-01A,1.0,0.0,0.0,0.0,0.0
15,17506655,+,15,18047066,-,KIRP,53,TCGA-2Z-A9J2-01A,TCGA-2Z-A9J2-01A,1.0,0.0,0.0,0.0,0.0
15,22305809,-,15,38923996,-,KIRP,54,TCGA-2Z-A9J2-01A,TCGA-2Z-A9J2-01A,1.0,0.0,0.0,0.0,0.0
15,26512076,-,15,27040698,-,KIRP,55,TCGA-2Z-A9J2-01A,TCGA-2Z-A9J2-01A,1.0,0.0,0.0,0.0,0.0
2,29756769,-,3,68014656,-,KIRP,56,TCGA-2Z-A9J2-01A,TCGA-2Z-A9J2-01A,1.0,0.0,0.0,0.0,0.0
2,29756769,-,3,110391334,+,KIRP,57,TCGA-2Z-A9J2-01A,TCGA-2Z-A9J2-01A,1.0,0.0,0.0,0.0,0.0
2,29756953,+,23,65410837,-,KIRP,58,TCGA-2Z-A9J2-01A,TCGA-2Z-A9J2-01A,1.0,0.0,0.0,0.0,0.0
21,15001701,+,21,20306005,-,KIRP,59,TCGA-2Z-A9J2-01A,TCGA-2Z-A9J2-01A,1.0,0.0,0.0,0.0,0.0
21,20626959,-,21,20684146,-,KIRP,60,TCGA-2Z-A9J2-01A,TCGA-2Z-A9J2-01A,1.0,0.0,0.0,0.0,0.0
22,23344646,-,22,24675143,+,KIRP,61,TCGA-2Z-A9J2-01A,TCGA-2Z-A9J2-01A,1.0,0.0,0.0,0.0,0.0
3,52305440,+,11,130124359,+,KIRP,62,TCGA-2Z-A9J2-01A,TCGA-2Z-A9J2-01A,1.0,0.0,0.0,0.0,0.0
3,52305440,+,23,65410844,+,KIRP,63,TCGA-2Z-A9J2-01A,TCGA-2Z-A9J2-01A,1.0,0.0,0.0,0.0,0.0
3,68014522,-,23,65410659,-,KIRP,64,TCGA-2Z-A9J2-01A,TCGA-2Z-A9J2-01A,1.0,0.0,0.0,0.0,0.0
3,68014655,-,3,110391182,-,KIRP,65,TCGA-2Z-A9J2-01A,TCGA-2Z-A9J2-01A,1.0,0.0,0.0,0.0,0.0
3,90005420,-,15,33978029,+,KIRP,66,TCGA-2Z-A9J2-01A,TCGA-2Z-A9J2-01A,1.0,0.0,0.0,0.0,0.0
3,90023451,+,15,27039906,+,KIRP,67,TCGA-2Z-A9J2-01A,TCGA-2Z-A9J2-01A,1.0,0.0,0.0,0.0,0.0
3,90054768,-,15,27007375,+,KIRP,68,TCGA-2Z-A9J2-01A,TCGA-2Z-A9J2-01A,1.0,0.0,0.0,0.0,0.0
3,91157156,-,3,91281834,-,KIRP,69,TCGA-2Z-A9J2-01A,TCGA-2Z-A9J2-01A,1.0,0.0,0.0,0.0,0.0
3,110391334,+,23,65410840,-,KIRP,70,TCGA-2Z-A9J2-01A,TCGA-2Z-A9J2-01A,1.0,0.0,0.0,0.0,0.0
3,128587087,-,6,156191552,+,KIRP,71,TCGA-2Z-A9J2-01A,TCGA-2Z-A9J2-01A,1.0,0.0,0.0,0.0,0.0
3,128827705,-,3,128827790,+,KIRP,72,TCGA-2Z-A9J2-01A,TCGA-2Z-A9J2-01A,1.0,0.0,0.0,0.0,0.0
3,157972127,-,5,18435605,+,KIRP,73,TCGA-2Z-A9J2-01A,TCGA-2Z-A9J2-01A,1.0,0.0,0.0,0.0,0.0
3,158182878,+,15,27008316,-,KIRP,74,TCGA-2Z-A9J2-01A,TCGA-2Z-A9J2-01A,1.0,0.0,0.0,0.0,0.0
5,278331,+,5,916288,+,KIRP,75,TCGA-2Z-A9J2-01A,TCGA-2Z-A9J2-01A,1.0,0.0,0.0,0.0,0.0
5,386087,-,5,13688650,+,KIRP,76,TCGA-2Z-A9J2-01A,TCGA-2Z-A9J2-01A,1.0,0.0,0.0,0.0,0.0
5,501315,-,5,12332087,+,KIRP,77,TCGA-2Z-A9J2-01A,TCGA-2Z-A9J2-01A,1.0,0.0,0.0,0.0,0.0
5,701672,-,5,32214973,+,KIRP,78,TCGA-2Z-A9J2-01A,TCGA-2Z-A9J2-01A,1.0,0.0,0.0,0.0,0.0
5,892450,-,5,1300311,+,KIRP,79,TCGA-2Z-A9J2-01A,TCGA-2Z-A9J2-01A,1.0,0.0,0.0,0.0,0.0
5,11437701,+,5,31931498,-,KIRP,80,TCGA-2Z-A9J2-01A,TCGA-2Z-A9J2-01A,1.0,0.0,0.0,0.0,0.0
5,11456968,-,5,18980930,-,KIRP,81,TCGA-2Z-A9J2-01A,TCGA-2Z-A9J2-01A,1.0,0.0,0.0,0.0,0.0
5,13636996,-,5,35529910,-,KIRP,82,TCGA-2Z-A9J2-01A,TCGA-2Z-A9J2-01A,1.0,0.0,0.0,0.0,0.0
5,19192744,-,5,32278176,-,KIRP,83,TCGA-2Z-A9J2-01A,TCGA-2Z-A9J2-01A,1.0,0.0,0.0,0.0,0.0
5,20373129,+,5,22040364,+,KIRP,84,TCGA-2Z-A9J2-01A,TCGA-2Z-A9J2-01A,1.0,0.0,0.0,0.0,0.0
5,20668825,+,21,20617900,+,KIRP,85,TCGA-2Z-A9J2-01A,TCGA-2Z-A9J2-01A,1.0,0.0,0.0,0.0,0.0
5,21533884,-,21,19800990,-,KIRP,86,TCGA-2Z-A9J2-01A,TCGA-2Z-A9J2-01A,1.0,0.0,0.0,0.0,0.0
5,21862357,+,5,21884024,-,KIRP,87,TCGA-2Z-A9J2-01A,TCGA-2Z-A9J2-01A,1.0,0.0,0.0,0.0,0.0
5,35518256,+,5,35940530,+,KIRP,88,TCGA-2Z-A9J2-01A,TCGA-2Z-A9J2-01A,1.0,0.0,0.0,0.0,0.0
5,35970475,-,21,20297632,+,KIRP,89,TCGA-2Z-A9J2-01A,TCGA-2Z-A9J2-01A,1.0,0.0,0.0,0.0,0.0
5,49801740,-,5,49925523,+,KIRP,90,TCGA-2Z-A9J2-01A,TCGA-2Z-A9J2-01A,1.0,0.0,0.0,0.0,0.0
5,49853330,-,5,49855896,+,KIRP,91,TCGA-2Z-A9J2-01A,TCGA-2Z-A9J2-01A,1.0,0.0,0.0,0.0,0.0
6,60240715,+,6,61381602,-,KIRP,92,TCGA-2Z-A9J2-01A,TCGA-2Z-A9J2-01A,1.0,0.0,0.0,0.0,0.0
7,28298697,+,9,94857025,+,KIRP,93,TCGA-2Z-A9J2-01A,TCGA-2Z-A9J2-01A,1.0,0.0,0.0,0.0,0.0
9,106862981,+,9,106866705,-,KIRP,94,TCGA-2Z-A9J2-01A,TCGA-2Z-A9J2-01A,1.0,0.0,0.0,0.0,0.0
9,106864249,-,9,106866704,-,KIRP,95,TCGA-2Z-A9J2-01A,TCGA-2Z-A9J2-01A,1.0,0.0,0.0,0.0,0.0
1,156436991,-,1,156676904,+,KIRP,96,TCGA-2Z-A9J3-01A,TCGA-2Z-A9J3-01A,1.0,0.0,0.0,0.0,0.0
1,242068785,-,1,242070269,+,KIRP,97,TCGA-2Z-A9J3-01A,TCGA-2Z-A9J3-01A,1.0,0.0,0.0,0.0,0.0
11,54387703,+,11,54401950,-,KIRP,98,TCGA-2Z-A9J3-01A,TCGA-2Z-A9J3-01A,1.0,0.0,0.0,0.0,0.0
12,2807635,-,12,2807796,+,KIRP,99,TCGA-2Z-A9J3-01A,TCGA-2Z-A9J3-01A,1.0,0.0,0.0,0.0,0.0
13,17711345,+,13,17908508,-,KIRP,100,TCGA-2Z-A9J3-01A,TCGA-2Z-A9J3-01A,1.0,0.0,0.0,0.0,0.0
13,20442736,-,13,20442892,+,KIRP,101,TCGA-2Z-A9J3-01A,TCGA-2Z-A9J3-01A,1.0,0.0,0.0,0.0,0.0
14,16124761,+,20,28758113,-,KIRP,102,TCGA-2Z-A9J3-01A,TCGA-2Z-A9J3-01A,1.0,0.0,0.0,0.0,0.0
16,69337352,+,16,88910475,+,KIRP,103,TCGA-2Z-A9J3-01A,TCGA-2Z-A9J3-01A,1.0,0.0,0.0,0.0,0.0
17,23051729,+,17,23061043,-,KIRP,104,TCGA-2Z-A9J3-01A,TCGA-2Z-A9J3-01A,1.0,0.0,0.0,0.0,0.0
17,44785035,-,17,45019087,+,KIRP,105,TCGA-2Z-A9J3-01A,TCGA-2Z-A9J3-01A,1.0,0.0,0.0,0.0,0.0
17,44845435,-,17,45070704,+,KIRP,106,TCGA-2Z-A9J3-01A,TCGA-2Z-A9J3-01A,1.0,0.0,0.0,0.0,0.0
18,15761061,+,18,15764326,-,KIRP,107,TCGA-2Z-A9J3-01A,TCGA-2Z-A9J3-01A,1.0,0.0,0.0,0.0,0.0
2,18636210,+,16,63584748,+,KIRP,108,TCGA-2Z-A9J3-01A,TCGA-2Z-A9J3-01A,1.0,0.0,0.0,0.0,0.0
2,223858988,-,19,21783554,-,KIRP,109,TCGA-2Z-A9J3-01A,TCGA-2Z-A9J3-01A,1.0,0.0,0.0,0.0,0.0
20,30001059,+,20,30014466,-,KIRP,110,TCGA-2Z-A9J3-01A,TCGA-2Z-A9J3-01A,1.0,0.0,0.0,0.0,0.0
20,49906830,-,20,50132877,+,KIRP,111,TCGA-2Z-A9J3-01A,TCGA-2Z-A9J3-01A,1.0,0.0,0.0,0.0,0.0
21,21750641,-,21,21750826,+,KIRP,112,TCGA-2Z-A9J3-01A,TCGA-2Z-A9J3-01A,1.0,0.0,0.0,0.0,0.0
3,90870680,+,3,90896069,-,KIRP,113,TCGA-2Z-A9J3-01A,TCGA-2Z-A9J3-01A,1.0,0.0,0.0,0.0,0.0
3,91024089,-,3,91212170,+,KIRP,114,TCGA-2Z-A9J3-01A,TCGA-2Z-A9J3-01A,1.0,0.0,0.0,0.0,0.0
3,101860769,-,5,1064108,-,KIRP,115,TCGA-2Z-A9J3-01A,TCGA-2Z-A9J3-01A,1.0,0.0,0.0,0.0,0.0
3,102213490,+,5,1323075,+,KIRP,116,TCGA-2Z-A9J3-01A,TCGA-2Z-A9J3-01A,1.0,0.0,0.0,0.0,0.0
3,170027871,-,3,170030219,+,KIRP,117,TCGA-2Z-A9J3-01A,TCGA-2Z-A9J3-01A,1.0,0.0,0.0,0.0,0.0
3,174796722,-,23,97966808,+,KIRP,118,TCGA-2Z-A9J3-01A,TCGA-2Z-A9J3-01A,1.0,0.0,0.0,0.0,0.0
3,188457756,+,16,88239700,+,KIRP,119,TCGA-2Z-A9J3-01A,TCGA-2Z-A9J3-01A,1.0,0.0,0.0,0.0,0.0
4,186987715,+,7,38610287,+,KIRP,120,TCGA-2Z-A9J3-01A,TCGA-2Z-A9J3-01A,1.0,0.0,0.0,0.0,0.0
6,75617736,-,16,69097130,-,KIRP,121,TCGA-2Z-A9J3-01A,TCGA-2Z-A9J3-01A,1.0,0.0,0.0,0.0,0.0
6,75914481,+,16,88664052,-,KIRP,122,TCGA-2Z-A9J3-01A,TCGA-2Z-A9J3-01A,1.0,0.0,0.0,0.0,0.0
7,45104438,+,7,45104977,-,KIRP,123,TCGA-2Z-A9J3-01A,TCGA-2Z-A9J3-01A,1.0,0.0,0.0,0.0,0.0
7,55017330,-,7,142381873,+,KIRP,124,TCGA-2Z-A9J3-01A,TCGA-2Z-A9J3-01A,1.0,0.0,0.0,0.0,0.0
7,55017383,+,7,142381969,-,KIRP,125,TCGA-2Z-A9J3-01A,TCGA-2Z-A9J3-01A,1.0,0.0,0.0,0.0,0.0
1,124984653,+,1,124989600,-,KIRP,126,TCGA-2Z-A9J5-01A,TCGA-2Z-A9J5-01A,1.0,0.0,0.0,0.0,0.0
12,34834587,+,12,37251776,-,KIRP,127,TCGA-2Z-A9J5-01A,TCGA-2Z-A9J5-01A,1.0,0.0,0.0,0.0,0.0
18,15761062,+,18,15764316,-,KIRP,128,TCGA-2Z-A9J5-01A,TCGA-2Z-A9J5-01A,1.0,0.0,0.0,0.0,0.0
2,69956479,-,10,43730036,+,KIRP,129,TCGA-2Z-A9J5-01A,TCGA-2Z-A9J5-01A,1.0,0.0,0.0,0.0,0.0
20,30001074,+,20,30010532,-,KIRP,130,TCGA-2Z-A9J5-01A,TCGA-2Z-A9J5-01A,1.0,0.0,0.0,0.0,0.0
3,65689778,-,3,65689860,+,KIRP,131,TCGA-2Z-A9J5-01A,TCGA-2Z-A9J5-01A,1.0,0.0,0.0,0.0,0.0
3,66693783,-,15,44962726,+,KIRP,132,TCGA-2Z-A9J5-01A,TCGA-2Z-A9J5-01A,1.0,0.0,0.0,0.0,0.0
3,66693878,+,15,44962731,-,KIRP,133,TCGA-2Z-A9J5-01A,TCGA-2Z-A9J5-01A,1.0,0.0,0.0,0.0,0.0
3,90862827,-,3,90958183,+,KIRP,134,TCGA-2Z-A9J5-01A,TCGA-2Z-A9J5-01A,1.0,0.0,0.0,0.0,0.0
5,49968677,-,5,49980056,+,KIRP,135,TCGA-2Z-A9J5-01A,TCGA-2Z-A9J5-01A,1.0,0.0,0.0,0.0,0.0
5,61681073,-,5,61681207,+,KIRP,136,TCGA-2Z-A9J5-01A,TCGA-2Z-A9J5-01A,1.0,0.0,0.0,0.0,0.0
8,87428333,-,18,43735269,+,KIRP,137,TCGA-2Z-A9J5-01A,TCGA-2Z-A9J5-01A,1.0,0.0,0.0,0.0,0.0
23,116049132,+,23,116163121,+,KIRP,138,TCGA-2Z-A9J5-01A,TCGA-2Z-A9J5-01A,1.0,0.0,0.0,0.0,0.0
1,51065875,-,6,49997871,+,KIRP,139,TCGA-2Z-A9J8-01A,TCGA-2Z-A9J8-01A,1.0,0.0,0.0,0.0,0.0
1,58782208,-,1,58782330,+,KIRP,140,TCGA-2Z-A9J8-01A,TCGA-2Z-A9J8-01A,1.0,0.0,0.0,0.0,0.0
1,68690842,+,1,68694897,-,KIRP,141,TCGA-2Z-A9J8-01A,TCGA-2Z-A9J8-01A,1.0,0.0,0.0,0.0,0.0
13,32253534,+,13,69085432,-,KIRP,142,TCGA-2Z-A9J8-01A,TCGA-2Z-A9J8-01A,1.0,0.0,0.0,0.0,0.0
13,67435453,-,13,93867040,+,KIRP,143,TCGA-2Z-A9J8-01A,TCGA-2Z-A9J8-01A,1.0,0.0,0.0,0.0,0.0
13,67489840,+,13,106549333,-,KIRP,144,TCGA-2Z-A9J8-01A,TCGA-2Z-A9J8-01A,1.0,0.0,0.0,0.0,0.0
13,69480472,+,13,93869782,-,KIRP,145,TCGA-2Z-A9J8-01A,TCGA-2Z-A9J8-01A,1.0,0.0,0.0,0.0,0.0
13,93858597,-,13,102968632,+,KIRP,146,TCGA-2Z-A9J8-01A,TCGA-2Z-A9J8-01A,1.0,0.0,0.0,0.0,0.0
17,22830336,+,17,23059661,-,KIRP,147,TCGA-2Z-A9J8-01A,TCGA-2Z-A9J8-01A,1.0,0.0,0.0,0.0,0.0
2,93598888,-,11,119448624,+,KIRP,148,TCGA-2Z-A9J8-01A,TCGA-2Z-A9J8-01A,1.0,0.0,0.0,0.0,0.0
2,93598965,+,11,119448941,-,KIRP,149,TCGA-2Z-A9J8-01A,TCGA-2Z-A9J8-01A,1.0,0.0,0.0,0.0,0.0
20,43096078,+,20,46111879,+,KIRP,150,TCGA-2Z-A9J8-01A,TCGA-2Z-A9J8-01A,1.0,0.0,0.0,0.0,0.0
3,91039954,+,3,91060509,-,KIRP,151,TCGA-2Z-A9J8-01A,TCGA-2Z-A9J8-01A,1.0,0.0,0.0,0.0,0.0
3,181639763,-,3,181639887,+,KIRP,152,TCGA-2Z-A9J8-01A,TCGA-2Z-A9J8-01A,1.0,0.0,0.0,0.0,0.0
5,1310947,+,5,1329349,-,KIRP,153,TCGA-2Z-A9J8-01A,TCGA-2Z-A9J8-01A,1.0,0.0,0.0,0.0,0.0
5,11311855,+,5,11312685,-,KIRP,154,TCGA-2Z-A9J8-01A,TCGA-2Z-A9J8-01A,1.0,0.0,0.0,0.0,0.0
6,5882296,+,6,5898099,-,KIRP,155,TCGA-2Z-A9J8-01A,TCGA-2Z-A9J8-01A,1.0,0.0,0.0,0.0,0.0
6,55597914,-,6,63766975,+,KIRP,156,TCGA-2Z-A9J8-01A,TCGA-2Z-A9J8-01A,1.0,0.0,0.0,0.0,0.0
8,3772459,-,9,14861094,+,KIRP,157,TCGA-2Z-A9J8-01A,TCGA-2Z-A9J8-01A,1.0,0.0,0.0,0.0,0.0
8,101509077,+,17,68486283,-,KIRP,158,TCGA-2Z-A9J8-01A,TCGA-2Z-A9J8-01A,1.0,0.0,0.0,0.0,0.0
8,111488554,+,8,117397668,-,KIRP,159,TCGA-2Z-A9J8-01A,TCGA-2Z-A9J8-01A,1.0,0.0,0.0,0.0,0.0
8,111828912,-,19,23048296,-,KIRP,160,TCGA-2Z-A9J8-01A,TCGA-2Z-A9J8-01A,1.0,0.0,0.0,0.0,0.0
8,113397868,+,9,36184064,+,KIRP,161,TCGA-2Z-A9J8-01A,TCGA-2Z-A9J8-01A,1.0,0.0,0.0,0.0,0.0
8,117004236,+,19,23021077,+,KIRP,162,TCGA-2Z-A9J8-01A,TCGA-2Z-A9J8-01A,1.0,0.0,0.0,0.0,0.0
10,8696222,-,10,106342437,-,KIRP,163,TCGA-2Z-A9J9-01A,TCGA-2Z-A9J9-01A,1.0,0.0,0.0,0.0,0.0
10,39153855,-,10,41789085,+,KIRP,164,TCGA-2Z-A9J9-01A,TCGA-2Z-A9J9-01A,1.0,0.0,0.0,0.0,0.0
10,39153858,+,10,41788965,-,KIRP,165,TCGA-2Z-A9J9-01A,TCGA-2Z-A9J9-01A,1.0,0.0,0.0,0.0,0.0
13,71816584,-,14,22355695,-,KIRP,166,TCGA-2Z-A9J9-01A,TCGA-2Z-A9J9-01A,1.0,0.0,0.0,0.0,0.0
17,39498873,-,19,6814732,+,KIRP,167,TCGA-2Z-A9J9-01A,TCGA-2Z-A9J9-01A,1.0,0.0,0.0,0.0,0.0
2,76528003,+,13,89983397,-,KIRP,168,TCGA-2Z-A9J9-01A,TCGA-2Z-A9J9-01A,1.0,0.0,0.0,0.0,0.0
20,29922243,+,20,29968810,-,KIRP,169,TCGA-2Z-A9J9-01A,TCGA-2Z-A9J9-01A,1.0,0.0,0.0,0.0,0.0
20,29991124,-,20,30010008,+,KIRP,170,TCGA-2Z-A9J9-01A,TCGA-2Z-A9J9-01A,1.0,0.0,0.0,0.0,0.0
3,12548471,-,4,169946937,-,KIRP,171,TCGA-2Z-A9J9-01A,TCGA-2Z-A9J9-01A,1.0,0.0,0.0,0.0,0.0
3,90676715,+,3,90678993,-,KIRP,172,TCGA-2Z-A9J9-01A,TCGA-2Z-A9J9-01A,1.0,0.0,0.0,0.0,0.0
3,90996615,+,3,91030313,-,KIRP,173,TCGA-2Z-A9J9-01A,TCGA-2Z-A9J9-01A,1.0,0.0,0.0,0.0,0.0
4,103286033,+,4,103287483,-,KIRP,174,TCGA-2Z-A9J9-01A,TCGA-2Z-A9J9-01A,1.0,0.0,0.0,0.0,0.0
5,163085221,+,17,5968149,+,KIRP,175,TCGA-2Z-A9J9-01A,TCGA-2Z-A9J9-01A,1.0,0.0,0.0,0.0,0.0
6,57374273,-,6,60276118,+,KIRP,176,TCGA-2Z-A9J9-01A,TCGA-2Z-A9J9-01A,1.0,0.0,0.0,0.0,0.0
7,126318152,+,13,30607491,+,KIRP,177,TCGA-2Z-A9J9-01A,TCGA-2Z-A9J9-01A,1.0,0.0,0.0,0.0,0.0
8,97980689,+,15,90613105,+,KIRP,178,TCGA-2Z-A9J9-01A,TCGA-2Z-A9J9-01A,1.0,0.0,0.0,0.0,0.0
1,15503455,+,1,235991848,+,KIRP,179,TCGA-2Z-A9JE-01A,TCGA-2Z-A9JE-01A,1.0,0.0,0.0,0.0,0.0
1,124813842,-,1,124815447,+,KIRP,180,TCGA-2Z-A9JE-01A,TCGA-2Z-A9JE-01A,1.0,0.0,0.0,0.0,0.0
1,124873693,+,1,124925486,-,KIRP,181,TCGA-2Z-A9JE-01A,TCGA-2Z-A9JE-01A,1.0,0.0,0.0,0.0,0.0
10,13594475,-,10,13594578,+,KIRP,182,TCGA-2Z-A9JE-01A,TCGA-2Z-A9JE-01A,1.0,0.0,0.0,0.0,0.0
11,52307929,-,11,53194045,+,KIRP,183,TCGA-2Z-A9JE-01A,TCGA-2Z-A9JE-01A,1.0,0.0,0.0,0.0,0.0
11,52961533,+,11,53441745,-,KIRP,184,TCGA-2Z-A9JE-01A,TCGA-2Z-A9JE-01A,1.0,0.0,0.0,0.0,0.0
11,86435547,+,11,129201401,-,KIRP,185,TCGA-2Z-A9JE-01A,TCGA-2Z-A9JE-01A,1.0,0.0,0.0,0.0,0.0
12,34807475,-,12,34817989,+,KIRP,186,TCGA-2Z-A9JE-01A,TCGA-2Z-A9JE-01A,1.0,0.0,0.0,0.0,0.0
13,17453303,-,13,17644673,+,KIRP,187,TCGA-2Z-A9JE-01A,TCGA-2Z-A9JE-01A,1.0,0.0,0.0,0.0,0.0
14,39379003,-,14,39379141,+,KIRP,188,TCGA-2Z-A9JE-01A,TCGA-2Z-A9JE-01A,1.0,0.0,0.0,0.0,0.0
15,57075863,+,23,129757962,+,KIRP,189,TCGA-2Z-A9JE-01A,TCGA-2Z-A9JE-01A,1.0,0.0,0.0,0.0,0.0
17,23051722,+,17,23061051,-,KIRP,190,TCGA-2Z-A9JE-01A,TCGA-2Z-A9JE-01A,1.0,0.0,0.0,0.0,0.0
17,26564748,+,17,26609061,-,KIRP,191,TCGA-2Z-A9JE-01A,TCGA-2Z-A9JE-01A,1.0,0.0,0.0,0.0,0.0
18,15678982,-,18,15772398,+,KIRP,192,TCGA-2Z-A9JE-01A,TCGA-2Z-A9JE-01A,1.0,0.0,0.0,0.0,0.0
18,15761046,+,18,15764326,-,KIRP,193,TCGA-2Z-A9JE-01A,TCGA-2Z-A9JE-01A,1.0,0.0,0.0,0.0,0.0
2,214836375,-,4,14845412,+,KIRP,194,TCGA-2Z-A9JE-01A,TCGA-2Z-A9JE-01A,1.0,0.0,0.0,0.0,0.0
3,42912754,+,3,60441810,+,KIRP,195,TCGA-2Z-A9JE-01A,TCGA-2Z-A9JE-01A,1.0,0.0,0.0,0.0,0.0
3,91157077,-,3,91281838,-,KIRP,196,TCGA-2Z-A9JE-01A,TCGA-2Z-A9JE-01A,1.0,0.0,0.0,0.0,0.0
3,188784402,+,3,188785474,-,KIRP,197,TCGA-2Z-A9JE-01A,TCGA-2Z-A9JE-01A,1.0,0.0,0.0,0.0,0.0
5,47027008,-,5,47048698,+,KIRP,198,TCGA-2Z-A9JE-01A,TCGA-2Z-A9JE-01A,1.0,0.0,0.0,0.0,0.0
5,49801731,-,5,49916537,+,KIRP,199,TCGA-2Z-A9JE-01A,TCGA-2Z-A9JE-01A,1.0,0.0,0.0,0.0,0.0
5,49831834,+,5,49844879,-,KIRP,200,TCGA-2Z-A9JE-01A,TCGA-2Z-A9JE-01A,1.0,0.0,0.0,0.0,0.0
6,58292130,-,6,61158455,-,KIRP,201,TCGA-2Z-A9JE-01A,TCGA-2Z-A9JE-01A,1.0,0.0,0.0,0.0,0.0
7,31386802,+,18,56262746,-,KIRP,202,TCGA-2Z-A9JE-01A,TCGA-2Z-A9JE-01A,1.0,0.0,0.0,0.0,0.0
1,118748436,-,6,53353527,-,KIRP,203,TCGA-2Z-A9JI-01A,TCGA-2Z-A9JI-01A,1.0,0.0,0.0,0.0,0.0
11,10392175,-,23,125779840,-,KIRP,204,TCGA-2Z-A9JI-01A,TCGA-2Z-A9JI-01A,1.0,0.0,0.0,0.0,0.0
11,47642098,-,14,68794678,-,KIRP,205,TCGA-2Z-A9JI-01A,TCGA-2Z-A9JI-01A,1.0,0.0,0.0,0.0,0.0
11,52308086,-,11,53193986,+,KIRP,206,TCGA-2Z-A9JI-01A,TCGA-2Z-A9JI-01A,1.0,0.0,0.0,0.0,0.0
11,52561075,+,11,53048772,-,KIRP,207,TCGA-2Z-A9JI-01A,TCGA-2Z-A9JI-01A,1.0,0.0,0.0,0.0,0.0
12,35798607,+,12,37160962,-,KIRP,208,TCGA-2Z-A9JI-01A,TCGA-2Z-A9JI-01A,1.0,0.0,0.0,0.0,0.0
13,16562457,+,13,17043127,-,KIRP,209,TCGA-2Z-A9JI-01A,TCGA-2Z-A9JI-01A,1.0,0.0,0.0,0.0,0.0
14,21055909,-,14,21212758,+,KIRP,210,TCGA-2Z-A9JI-01A,TCGA-2Z-A9JI-01A,1.0,0.0,0.0,0.0,0.0
15,25213350,+,15,25443335,+,KIRP,211,TCGA-2Z-A9JI-01A,TCGA-2Z-A9JI-01A,1.0,0.0,0.0,0.0,0.0
16,78146980,+,16,78205385,-,KIRP,212,TCGA-2Z-A9JI-01A,TCGA-2Z-A9JI-01A,1.0,0.0,0.0,0.0,0.0
17,26590665,-,17,26882703,-,KIRP,213,TCGA-2Z-A9JI-01A,TCGA-2Z-A9JI-01A,1.0,0.0,0.0,0.0,0.0
17,29540192,-,17,61717662,-,KIRP,214,TCGA-2Z-A9JI-01A,TCGA-2Z-A9JI-01A,1.0,0.0,0.0,0.0,0.0
17,30058560,+,17,61576215,-,KIRP,215,TCGA-2Z-A9JI-01A,TCGA-2Z-A9JI-01A,1.0,0.0,0.0,0.0,0.0
17,32246629,-,17,63275173,+,KIRP,216,TCGA-2Z-A9JI-01A,TCGA-2Z-A9JI-01A,1.0,0.0,0.0,0.0,0.0
17,32676907,+,17,32865709,-,KIRP,217,TCGA-2Z-A9JI-01A,TCGA-2Z-A9JI-01A,1.0,0.0,0.0,0.0,0.0
17,61690180,+,17,63676740,+,KIRP,218,TCGA-2Z-A9JI-01A,TCGA-2Z-A9JI-01A,1.0,0.0,0.0,0.0,0.0
18,20802370,+,18,20830713,+,KIRP,219,TCGA-2Z-A9JI-01A,TCGA-2Z-A9JI-01A,1.0,0.0,0.0,0.0,0.0
2,13665218,+,2,13666936,-,KIRP,220,TCGA-2Z-A9JI-01A,TCGA-2Z-A9JI-01A,1.0,0.0,0.0,0.0,0.0
2,82190265,-,15,32491668,-,KIRP,221,TCGA-2Z-A9JI-01A,TCGA-2Z-A9JI-01A,1.0,0.0,0.0,0.0,0.0
2,141133292,+,2,141437220,-,KIRP,222,TCGA-2Z-A9JI-01A,TCGA-2Z-A9JI-01A,1.0,0.0,0.0,0.0,0.0
20,41408024,+,20,41491335,-,KIRP,223,TCGA-2Z-A9JI-01A,TCGA-2Z-A9JI-01A,1.0,0.0,0.0,0.0,0.0
20,52821606,-,20,52841628,+,KIRP,224,TCGA-2Z-A9JI-01A,TCGA-2Z-A9JI-01A,1.0,0.0,0.0,0.0,0.0
3,89012573,+,6,127543525,-,KIRP,225,TCGA-2Z-A9JI-01A,TCGA-2Z-A9JI-01A,1.0,0.0,0.0,0.0,0.0
5,49814838,-,5,50031381,+,KIRP,226,TCGA-2Z-A9JI-01A,TCGA-2Z-A9JI-01A,1.0,0.0,0.0,0.0,0.0
5,49816578,-,5,49957946,+,KIRP,227,TCGA-2Z-A9JI-01A,TCGA-2Z-A9JI-01A,1.0,0.0,0.0,0.0,0.0
6,56325853,-,12,120926980,-,KIRP,228,TCGA-2Z-A9JI-01A,TCGA-2Z-A9JI-01A,1.0,0.0,0.0,0.0,0.0
6,63724730,-,17,63579323,-,KIRP,229,TCGA-2Z-A9JI-01A,TCGA-2Z-A9JI-01A,1.0,0.0,0.0,0.0,0.0
6,64591978,+,15,25280990,-,KIRP,230,TCGA-2Z-A9JI-01A,TCGA-2Z-A9JI-01A,1.0,0.0,0.0,0.0,0.0
8,8526063,-,16,19321503,-,KIRP,231,TCGA-2Z-A9JI-01A,TCGA-2Z-A9JI-01A,1.0,0.0,0.0,0.0,0.0
8,87428311,-,18,43735284,+,KIRP,232,TCGA-2Z-A9JI-01A,TCGA-2Z-A9JI-01A,1.0,0.0,0.0,0.0,0.0
23,50794828,-,23,96082635,+,KIRP,233,TCGA-2Z-A9JI-01A,TCGA-2Z-A9JI-01A,1.0,0.0,0.0,0.0,0.0
1,79805469,-,3,98019996,-,KIRP,234,TCGA-2Z-A9JK-01A,TCGA-2Z-A9JK-01A,1.0,0.0,0.0,0.0,0.0
1,169055481,-,10,3468919,+,KIRP,235,TCGA-2Z-A9JK-01A,TCGA-2Z-A9JK-01A,1.0,0.0,0.0,0.0,0.0
1,210431038,+,1,210477908,-,KIRP,236,TCGA-2Z-A9JK-01A,TCGA-2Z-A9JK-01A,1.0,0.0,0.0,0.0,0.0
1,234207299,-,23,20573339,+,KIRP,237,TCGA-2Z-A9JK-01A,TCGA-2Z-A9JK-01A,1.0,0.0,0.0,0.0,0.0
1,234995518,-,12,88097584,-,KIRP,238,TCGA-2Z-A9JK-01A,TCGA-2Z-A9JK-01A,1.0,0.0,0.0,0.0,0.0
11,48812214,-,11,48836339,+,KIRP,239,TCGA-2Z-A9JK-01A,TCGA-2Z-A9JK-01A,1.0,0.0,0.0,0.0,0.0
11,54358331,+,11,54400026,-,KIRP,240,TCGA-2Z-A9JK-01A,TCGA-2Z-A9JK-01A,1.0,0.0,0.0,0.0,0.0
11,61957121,-,11,61993421,+,KIRP,241,TCGA-2Z-A9JK-01A,TCGA-2Z-A9JK-01A,1.0,0.0,0.0,0.0,0.0
12,34776741,-,12,34804834,+,KIRP,242,TCGA-2Z-A9JK-01A,TCGA-2Z-A9JK-01A,1.0,0.0,0.0,0.0,0.0
12,37311477,+,12,37380460,-,KIRP,243,TCGA-2Z-A9JK-01A,TCGA-2Z-A9JK-01A,1.0,0.0,0.0,0.0,0.0
12,37332966,+,12,37334767,-,KIRP,244,TCGA-2Z-A9JK-01A,TCGA-2Z-A9JK-01A,1.0,0.0,0.0,0.0,0.0
13,19378005,-,13,24450714,-,KIRP,245,TCGA-2Z-A9JK-01A,TCGA-2Z-A9JK-01A,1.0,0.0,0.0,0.0,0.0
15,27914128,+,17,11694582,+,KIRP,246,TCGA-2Z-A9JK-01A,TCGA-2Z-A9JK-01A,1.0,0.0,0.0,0.0,0.0
16,13680118,-,16,13680800,+,KIRP,247,TCGA-2Z-A9JK-01A,TCGA-2Z-A9JK-01A,1.0,0.0,0.0,0.0,0.0
16,34167184,-,20,29737278,-,KIRP,248,TCGA-2Z-A9JK-01A,TCGA-2Z-A9JK-01A,1.0,0.0,0.0,0.0,0.0
17,26643843,-,17,26645550,+,KIRP,249,TCGA-2Z-A9JK-01A,TCGA-2Z-A9JK-01A,1.0,0.0,0.0,0.0,0.0
18,15548405,-,18,15699914,+,KIRP,250,TCGA-2Z-A9JK-01A,TCGA-2Z-A9JK-01A,1.0,0.0,0.0,0.0,0.0
18,20578780,+,18,20631539,+,KIRP,251,TCGA-2Z-A9JK-01A,TCGA-2Z-A9JK-01A,1.0,0.0,0.0,0.0,0.0
18,20724584,-,18,20733345,+,KIRP,252,TCGA-2Z-A9JK-01A,TCGA-2Z-A9JK-01A,1.0,0.0,0.0,0.0,0.0
19,43034155,+,19,43213262,-,KIRP,253,TCGA-2Z-A9JK-01A,TCGA-2Z-A9JK-01A,1.0,0.0,0.0,0.0,0.0
2,68452367,+,2,68454541,-,KIRP,254,TCGA-2Z-A9JK-01A,TCGA-2Z-A9JK-01A,1.0,0.0,0.0,0.0,0.0
2,94556285,-,9,43192005,-,KIRP,255,TCGA-2Z-A9JK-01A,TCGA-2Z-A9JK-01A,1.0,0.0,0.0,0.0,0.0
20,25911108,+,20,30206449,-,KIRP,256,TCGA-2Z-A9JK-01A,TCGA-2Z-A9JK-01A,1.0,0.0,0.0,0.0,0.0
3,87784227,-,5,91572599,-,KIRP,257,TCGA-2Z-A9JK-01A,TCGA-2Z-A9JK-01A,1.0,0.0,0.0,0.0,0.0
3,87784515,+,5,99195083,+,KIRP,258,TCGA-2Z-A9JK-01A,TCGA-2Z-A9JK-01A,1.0,0.0,0.0,0.0,0.0
3,90784784,-,3,91066847,+,KIRP,259,TCGA-2Z-A9JK-01A,TCGA-2Z-A9JK-01A,1.0,0.0,0.0,0.0,0.0
3,91322957,-,5,95106131,-,KIRP,260,TCGA-2Z-A9JK-01A,TCGA-2Z-A9JK-01A,1.0,0.0,0.0,0.0,0.0
4,51407809,-,4,51641069,+,KIRP,261,TCGA-2Z-A9JK-01A,TCGA-2Z-A9JK-01A,1.0,0.0,0.0,0.0,0.0
4,109741092,-,4,109741207,+,KIRP,262,TCGA-2Z-A9JK-01A,TCGA-2Z-A9JK-01A,1.0,0.0,0.0,0.0,0.0
5,46433435,-,5,46748187,-,KIRP,263,TCGA-2Z-A9JK-01A,TCGA-2Z-A9JK-01A,1.0,0.0,0.0,0.0,0.0
5,46433803,+,5,46567933,+,KIRP,264,TCGA-2Z-A9JK-01A,TCGA-2Z-A9JK-01A,1.0,0.0,0.0,0.0,0.0
5,46433875,-,5,46567440,-,KIRP,265,TCGA-2Z-A9JK-01A,TCGA-2Z-A9JK-01A,1.0,0.0,0.0,0.0,0.0
5,49759213,+,5,49926760,-,KIRP,266,TCGA-2Z-A9JK-01A,TCGA-2Z-A9JK-01A,1.0,0.0,0.0,0.0,0.0
5,89744483,-,5,95762314,-,KIRP,267,TCGA-2Z-A9JK-01A,TCGA-2Z-A9JK-01A,1.0,0.0,0.0,0.0,0.0
5,90000157,+,5,97939385,+,KIRP,268,TCGA-2Z-A9JK-01A,TCGA-2Z-A9JK-01A,1.0,0.0,0.0,0.0,0.0
5,90001304,-,5,97939022,-,KIRP,269,TCGA-2Z-A9JK-01A,TCGA-2Z-A9JK-01A,1.0,0.0,0.0,0.0,0.0
5,90001419,+,5,101232755,-,KIRP,270,TCGA-2Z-A9JK-01A,TCGA-2Z-A9JK-01A,1.0,0.0,0.0,0.0,0.0
5,92138946,-,5,97938633,-,KIRP,271,TCGA-2Z-A9JK-01A,TCGA-2Z-A9JK-01A,1.0,0.0,0.0,0.0,0.0
5,92139474,+,5,95105946,-,KIRP,272,TCGA-2Z-A9JK-01A,TCGA-2Z-A9JK-01A,1.0,0.0,0.0,0.0,0.0
5,95762437,-,5,99195122,+,KIRP,273,TCGA-2Z-A9JK-01A,TCGA-2Z-A9JK-01A,1.0,0.0,0.0,0.0,0.0
5,97712151,+,5,97760454,-,KIRP,274,TCGA-2Z-A9JK-01A,TCGA-2Z-A9JK-01A,1.0,0.0,0.0,0.0,0.0
5,97938939,-,5,101232886,-,KIRP,275,TCGA-2Z-A9JK-01A,TCGA-2Z-A9JK-01A,1.0,0.0,0.0,0.0,0.0
5,97938980,+,5,99194651,-,KIRP,276,TCGA-2Z-A9JK-01A,TCGA-2Z-A9JK-01A,1.0,0.0,0.0,0.0,0.0
6,58265138,-,6,61018330,+,KIRP,277,TCGA-2Z-A9JK-01A,TCGA-2Z-A9JK-01A,1.0,0.0,0.0,0.0,0.0
6,67432901,-,23,33190974,-,KIRP,278,TCGA-2Z-A9JK-01A,TCGA-2Z-A9JK-01A,1.0,0.0,0.0,0.0,0.0
6,67432926,+,23,33191001,+,KIRP,279,TCGA-2Z-A9JK-01A,TCGA-2Z-A9JK-01A,1.0,0.0,0.0,0.0,0.0
7,31144295,-,12,1418899,+,KIRP,280,TCGA-2Z-A9JK-01A,TCGA-2Z-A9JK-01A,1.0,0.0,0.0,0.0,0.0
1,26840478,+,1,26841014,-,KIRP,281,TCGA-2Z-A9JL-01A,TCGA-2Z-A9JL-01A,1.0,0.0,0.0,0.0,0.0
1,113400913,-,19,7618658,+,KIRP,282,TCGA-2Z-A9JL-01A,TCGA-2Z-A9JL-01A,1.0,0.0,0.0,0.0,0.0
1,113401073,+,19,7618660,-,KIRP,283,TCGA-2Z-A9JL-01A,TCGA-2Z-A9JL-01A,1.0,0.0,0.0,0.0,0.0
1,188035164,+,1,188065410,-,KIRP,284,TCGA-2Z-A9JL-01A,TCGA-2Z-A9JL-01A,1.0,0.0,0.0,0.0,0.0
1,242276717,-,10,38321979,-,KIRP,285,TCGA-2Z-A9JL-01A,TCGA-2Z-A9JL-01A,1.0,0.0,0.0,0.0,0.0
11,14200732,+,11,14201257,-,KIRP,286,TCGA-2Z-A9JL-01A,TCGA-2Z-A9JL-01A,1.0,0.0,0.0,0.0,0.0
12,37647667,-,12,37652797,+,KIRP,287,TCGA-2Z-A9JL-01A,TCGA-2Z-A9JL-01A,1.0,0.0,0.0,0.0,0.0
12,57456022,+,12,57456622,-,KIRP,288,TCGA-2Z-A9JL-01A,TCGA-2Z-A9JL-01A,1.0,0.0,0.0,0.0,0.0
14,73550420,+,14,73582672,-,KIRP,289,TCGA-2Z-A9JL-01A,TCGA-2Z-A9JL-01A,1.0,0.0,0.0,0.0,0.0
14,84099423,+,14,84100001,-,KIRP,290,TCGA-2Z-A9JL-01A,TCGA-2Z-A9JL-01A,1.0,0.0,0.0,0.0,0.0
15,23214252,-,15,28443095,+,KIRP,291,TCGA-2Z-A9JL-01A,TCGA-2Z-A9JL-01A,1.0,0.0,0.0,0.0,0.0
15,40632214,+,15,40632819,-,KIRP,292,TCGA-2Z-A9JL-01A,TCGA-2Z-A9JL-01A,1.0,0.0,0.0,0.0,0.0
15,95749148,+,16,62215684,-,KIRP,293,TCGA-2Z-A9JL-01A,TCGA-2Z-A9JL-01A,1.0,0.0,0.0,0.0,0.0
16,67606516,+,16,67607087,-,KIRP,294,TCGA-2Z-A9JL-01A,TCGA-2Z-A9JL-01A,1.0,0.0,0.0,0.0,0.0
17,27644889,+,17,27752659,-,KIRP,295,TCGA-2Z-A9JL-01A,TCGA-2Z-A9JL-01A,1.0,0.0,0.0,0.0,0.0
2,92452749,-,2,93984250,+,KIRP,296,TCGA-2Z-A9JL-01A,TCGA-2Z-A9JL-01A,1.0,0.0,0.0,0.0,0.0
2,92875340,+,2,92997673,-,KIRP,297,TCGA-2Z-A9JL-01A,TCGA-2Z-A9JL-01A,1.0,0.0,0.0,0.0,0.0
3,75562576,-,11,3564012,+,KIRP,298,TCGA-2Z-A9JL-01A,TCGA-2Z-A9JL-01A,1.0,0.0,0.0,0.0,0.0
5,177977758,+,5,179649714,+,KIRP,299,TCGA-2Z-A9JL-01A,TCGA-2Z-A9JL-01A,1.0,0.0,0.0,0.0,0.0
7,2900418,-,7,4371663,-,KIRP,300,TCGA-2Z-A9JL-01A,TCGA-2Z-A9JL-01A,1.0,0.0,0.0,0.0,0.0
7,4366026,+,7,67117424,+,KIRP,301,TCGA-2Z-A9JL-01A,TCGA-2Z-A9JL-01A,1.0,0.0,0.0,0.0,0.0
7,4787250,-,7,6505621,-,KIRP,302,TCGA-2Z-A9JL-01A,TCGA-2Z-A9JL-01A,1.0,0.0,0.0,0.0,0.0
7,6433657,+,7,7730131,+,KIRP,303,TCGA-2Z-A9JL-01A,TCGA-2Z-A9JL-01A,1.0,0.0,0.0,0.0,0.0
7,11044889,-,7,13069146,+,KIRP,304,TCGA-2Z-A9JL-01A,TCGA-2Z-A9JL-01A,1.0,0.0,0.0,0.0,0.0
7,18705201,+,7,19594643,-,KIRP,305,TCGA-2Z-A9JL-01A,TCGA-2Z-A9JL-01A,1.0,0.0,0.0,0.0,0.0
7,20988494,+,7,117431975,+,KIRP,306,TCGA-2Z-A9JL-01A,TCGA-2Z-A9JL-01A,1.0,0.0,0.0,0.0,0.0
7,54383920,-,7,112834843,-,KIRP,307,TCGA-2Z-A9JL-01A,TCGA-2Z-A9JL-01A,1.0,0.0,0.0,0.0,0.0
7,54406478,-,7,56781653,+,KIRP,308,TCGA-2Z-A9JL-01A,TCGA-2Z-A9JL-01A,1.0,0.0,0.0,0.0,0.0
7,75130165,+,11,27517605,-,KIRP,309,TCGA-2Z-A9JL-01A,TCGA-2Z-A9JL-01A,1.0,0.0,0.0,0.0,0.0
7,93694161,-,7,115431093,-,KIRP,310,TCGA-2Z-A9JL-01A,TCGA-2Z-A9JL-01A,1.0,0.0,0.0,0.0,0.0
7,100217972,-,7,100345298,+,KIRP,311,TCGA-2Z-A9JL-01A,TCGA-2Z-A9JL-01A,1.0,0.0,0.0,0.0,0.0
7,100573908,+,7,150333287,+,KIRP,312,TCGA-2Z-A9JL-01A,TCGA-2Z-A9JL-01A,1.0,0.0,0.0,0.0,0.0
7,110840426,-,7,121153706,-,KIRP,313,TCGA-2Z-A9JL-01A,TCGA-2Z-A9JL-01A,1.0,0.0,0.0,0.0,0.0
7,115523097,-,7,117147683,+,KIRP,314,TCGA-2Z-A9JL-01A,TCGA-2Z-A9JL-01A,1.0,0.0,0.0,0.0,0.0
7,120013633,-,7,124647521,+,KIRP,315,TCGA-2Z-A9JL-01A,TCGA-2Z-A9JL-01A,1.0,0.0,0.0,0.0,0.0
7,121781190,+,7,123921074,+,KIRP,316,TCGA-2Z-A9JL-01A,TCGA-2Z-A9JL-01A,1.0,0.0,0.0,0.0,0.0
7,127356434,-,7,132009324,+,KIRP,317,TCGA-2Z-A9JL-01A,TCGA-2Z-A9JL-01A,1.0,0.0,0.0,0.0,0.0
7,127356509,+,7,127709010,+,KIRP,318,TCGA-2Z-A9JL-01A,TCGA-2Z-A9JL-01A,1.0,0.0,0.0,0.0,0.0
7,129801464,+,7,130169071,-,KIRP,319,TCGA-2Z-A9JL-01A,TCGA-2Z-A9JL-01A,1.0,0.0,0.0,0.0,0.0
7,142745113,-,7,144075030,+,KIRP,320,TCGA-2Z-A9JL-01A,TCGA-2Z-A9JL-01A,1.0,0.0,0.0,0.0,0.0
7,147725491,-,7,148372440,-,KIRP,321,TCGA-2Z-A9JL-01A,TCGA-2Z-A9JL-01A,1.0,0.0,0.0,0.0,0.0
7,147725714,-,7,148372582,-,KIRP,322,TCGA-2Z-A9JL-01A,TCGA-2Z-A9JL-01A,1.0,0.0,0.0,0.0,0.0
7,147725771,+,7,148106494,+,KIRP,323,TCGA-2Z-A9JL-01A,TCGA-2Z-A9JL-01A,1.0,0.0,0.0,0.0,0.0
7,148106494,+,7,148372581,-,KIRP,324,TCGA-2Z-A9JL-01A,TCGA-2Z-A9JL-01A,1.0,0.0,0.0,0.0,0.0
23,19833204,+,23,19833704,-,KIRP,325,TCGA-2Z-A9JL-01A,TCGA-2Z-A9JL-01A,1.0,0.0,0.0,0.0,0.0
23,103920328,-,23,104111018,-,KIRP,326,TCGA-2Z-A9JL-01A,TCGA-2Z-A9JL-01A,1.0,0.0,0.0,0.0,0.0
1,3299320,+,1,3300419,-,KIRP,327,TCGA-2Z-A9JM-01A,TCGA-2Z-A9JM-01A,1.0,0.0,0.0,0.0,0.0
1,19769632,-,9,108667841,+,KIRP,328,TCGA-2Z-A9JM-01A,TCGA-2Z-A9JM-01A,1.0,0.0,0.0,0.0,0.0
1,211045059,+,15,38273525,-,KIRP,329,TCGA-2Z-A9JM-01A,TCGA-2Z-A9JM-01A,1.0,0.0,0.0,0.0,0.0
11,37173681,+,23,34382423,+,KIRP,330,TCGA-2Z-A9JM-01A,TCGA-2Z-A9JM-01A,1.0,0.0,0.0,0.0,0.0
11,52211529,-,11,53193984,+,KIRP,331,TCGA-2Z-A9JM-01A,TCGA-2Z-A9JM-01A,1.0,0.0,0.0,0.0,0.0
11,68929607,+,11,68930145,-,KIRP,332,TCGA-2Z-A9JM-01A,TCGA-2Z-A9JM-01A,1.0,0.0,0.0,0.0,0.0
11,70430235,+,11,70430949,-,KIRP,333,TCGA-2Z-A9JM-01A,TCGA-2Z-A9JM-01A,1.0,0.0,0.0,0.0,0.0
11,101959261,-,20,35672129,+,KIRP,334,TCGA-2Z-A9JM-01A,TCGA-2Z-A9JM-01A,1.0,0.0,0.0,0.0,0.0
12,56719405,+,12,56720061,-,KIRP,335,TCGA-2Z-A9JM-01A,TCGA-2Z-A9JM-01A,1.0,0.0,0.0,0.0,0.0
13,90497098,-,23,43589010,-,KIRP,336,TCGA-2Z-A9JM-01A,TCGA-2Z-A9JM-01A,1.0,0.0,0.0,0.0,0.0
14,102095159,+,16,1871859,+,KIRP,337,TCGA-2Z-A9JM-01A,TCGA-2Z-A9JM-01A,1.0,0.0,0.0,0.0,0.0
15,44543632,+,15,45290058,+,KIRP,338,TCGA-2Z-A9JM-01A,TCGA-2Z-A9JM-01A,1.0,0.0,0.0,0.0,0.0
16,34255964,-,16,36322666,+,KIRP,339,TCGA-2Z-A9JM-01A,TCGA-2Z-A9JM-01A,1.0,0.0,0.0,0.0,0.0
16,36322347,+,16,36325838,-,KIRP,340,TCGA-2Z-A9JM-01A,TCGA-2Z-A9JM-01A,1.0,0.0,0.0,0.0,0.0
16,70156897,+,16,70157547,-,KIRP,341,TCGA-2Z-A9JM-01A,TCGA-2Z-A9JM-01A,1.0,0.0,0.0,0.0,0.0
17,30757699,+,17,31961980,-,KIRP,342,TCGA-2Z-A9JM-01A,TCGA-2Z-A9JM-01A,1.0,0.0,0.0,0.0,0.0
17,47398657,-,17,47421442,+,KIRP,343,TCGA-2Z-A9JM-01A,TCGA-2Z-A9JM-01A,1.0,0.0,0.0,0.0,0.0
2,16017704,-,15,69625704,+,KIRP,344,TCGA-2Z-A9JM-01A,TCGA-2Z-A9JM-01A,1.0,0.0,0.0,0.0,0.0
2,108750558,-,15,96831039,+,KIRP,345,TCGA-2Z-A9JM-01A,TCGA-2Z-A9JM-01A,1.0,0.0,0.0,0.0,0.0
20,29412507,+,20,29413582,-,KIRP,346,TCGA-2Z-A9JM-01A,TCGA-2Z-A9JM-01A,1.0,0.0,0.0,0.0,0.0
20,37276064,+,20,37276572,-,KIRP,347,TCGA-2Z-A9JM-01A,TCGA-2Z-A9JM-01A,1.0,0.0,0.0,0.0,0.0
3,18788520,+,10,111430847,-,KIRP,348,TCGA-2Z-A9JM-01A,TCGA-2Z-A9JM-01A,1.0,0.0,0.0,0.0,0.0
3,32945529,+,3,57744931,+,KIRP,349,TCGA-2Z-A9JM-01A,TCGA-2Z-A9JM-01A,1.0,0.0,0.0,0.0,0.0
3,90498456,-,3,90499206,+,KIRP,350,TCGA-2Z-A9JM-01A,TCGA-2Z-A9JM-01A,1.0,0.0,0.0,0.0,0.0
3,142563955,-,15,90569469,+,KIRP,351,TCGA-2Z-A9JM-01A,TCGA-2Z-A9JM-01A,1.0,0.0,0.0,0.0,0.0
7,38124613,-,14,54346035,+,KIRP,352,TCGA-2Z-A9JM-01A,TCGA-2Z-A9JM-01A,1.0,0.0,0.0,0.0,0.0
7,56838312,+,7,63738821,+,KIRP,353,TCGA-2Z-A9JM-01A,TCGA-2Z-A9JM-01A,1.0,0.0,0.0,0.0,0.0
7,58185159,+,7,60573114,-,KIRP,354,TCGA-2Z-A9JM-01A,TCGA-2Z-A9JM-01A,1.0,0.0,0.0,0.0,0.0
7,140304852,+,7,140305360,-,KIRP,355,TCGA-2Z-A9JM-01A,TCGA-2Z-A9JM-01A,1.0,0.0,0.0,0.0,0.0
9,28300451,+,9,28306448,+,KIRP,356,TCGA-2Z-A9JM-01A,TCGA-2Z-A9JM-01A,1.0,0.0,0.0,0.0,0.0
1,29418907,+,2,33192657,-,KIRP,357,TCGA-2Z-A9JN-01A,TCGA-2Z-A9JN-01A,1.0,0.0,0.0,0.0,0.0
1,39359797,-,3,68370396,+,KIRP,358,TCGA-2Z-A9JN-01A,TCGA-2Z-A9JN-01A,1.0,0.0,0.0,0.0,0.0
1,164190778,-,8,109289976,-,KIRP,359,TCGA-2Z-A9JN-01A,TCGA-2Z-A9JN-01A,1.0,0.0,0.0,0.0,0.0
10,39223358,+,10,39228039,-,KIRP,360,TCGA-2Z-A9JN-01A,TCGA-2Z-A9JN-01A,1.0,0.0,0.0,0.0,0.0
11,54384174,-,11,54549176,+,KIRP,361,TCGA-2Z-A9JN-01A,TCGA-2Z-A9JN-01A,1.0,0.0,0.0,0.0,0.0
12,37255095,+,12,37260864,-,KIRP,362,TCGA-2Z-A9JN-01A,TCGA-2Z-A9JN-01A,1.0,0.0,0.0,0.0,0.0
13,18754845,-,18,14325879,-,KIRP,363,TCGA-2Z-A9JN-01A,TCGA-2Z-A9JN-01A,1.0,0.0,0.0,0.0,0.0
13,18755034,+,18,14325594,+,KIRP,364,TCGA-2Z-A9JN-01A,TCGA-2Z-A9JN-01A,1.0,0.0,0.0,0.0,0.0
17,23009350,+,17,23175900,-,KIRP,365,TCGA-2Z-A9JN-01A,TCGA-2Z-A9JN-01A,1.0,0.0,0.0,0.0,0.0
19,27340625,+,20,28764447,-,KIRP,366,TCGA-2Z-A9JN-01A,TCGA-2Z-A9JN-01A,1.0,0.0,0.0,0.0,0.0
20,1571771,-,20,1636424,+,KIRP,367,TCGA-2Z-A9JN-01A,TCGA-2Z-A9JN-01A,1.0,0.0,0.0,0.0,0.0
20,29261556,+,20,29888558,+,KIRP,368,TCGA-2Z-A9JN-01A,TCGA-2Z-A9JN-01A,1.0,0.0,0.0,0.0,0.0
3,59739949,-,8,89011836,+,KIRP,369,TCGA-2Z-A9JN-01A,TCGA-2Z-A9JN-01A,1.0,0.0,0.0,0.0,0.0
4,5293957,-,13,92696958,+,KIRP,370,TCGA-2Z-A9JN-01A,TCGA-2Z-A9JN-01A,1.0,0.0,0.0,0.0,0.0
4,15167606,-,13,46779706,-,KIRP,371,TCGA-2Z-A9JN-01A,TCGA-2Z-A9JN-01A,1.0,0.0,0.0,0.0,0.0
5,46433901,+,5,46568030,+,KIRP,372,TCGA-2Z-A9JN-01A,TCGA-2Z-A9JN-01A,1.0,0.0,0.0,0.0,0.0
1,58729696,+,20,60627925,+,KIRP,373,TCGA-2Z-A9JO-01A,TCGA-2Z-A9JO-01A,1.0,0.0,0.0,0.0,0.0
1,94451226,-,1,102243245,-,KIRP,374,TCGA-2Z-A9JO-01A,TCGA-2Z-A9JO-01A,1.0,0.0,0.0,0.0,0.0
1,196761754,+,1,196846237,-,KIRP,375,TCGA-2Z-A9JO-01A,TCGA-2Z-A9JO-01A,1.0,0.0,0.0,0.0,0.0
11,63112909,-,14,29826866,+,KIRP,376,TCGA-2Z-A9JO-01A,TCGA-2Z-A9JO-01A,1.0,0.0,0.0,0.0,0.0
12,34832756,-,12,37250800,+,KIRP,377,TCGA-2Z-A9JO-01A,TCGA-2Z-A9JO-01A,1.0,0.0,0.0,0.0,0.0
13,16034270,-,13,16050222,+,KIRP,378,TCGA-2Z-A9JO-01A,TCGA-2Z-A9JO-01A,1.0,0.0,0.0,0.0,0.0
13,25010969,-,13,26069938,-,KIRP,379,TCGA-2Z-A9JO-01A,TCGA-2Z-A9JO-01A,1.0,0.0,0.0,0.0,0.0
19,54369788,+,19,54498854,+,KIRP,380,TCGA-2Z-A9JO-01A,TCGA-2Z-A9JO-01A,1.0,0.0,0.0,0.0,0.0
19,55669660,-,23,49051349,-,KIRP,381,TCGA-2Z-A9JO-01A,TCGA-2Z-A9JO-01A,1.0,0.0,0.0,0.0,0.0
19,55669668,+,23,49051341,+,KIRP,382,TCGA-2Z-A9JO-01A,TCGA-2Z-A9JO-01A,1.0,0.0,0.0,0.0,0.0
2,189157127,+,12,26802607,+,KIRP,383,TCGA-2Z-A9JO-01A,TCGA-2Z-A9JO-01A,1.0,0.0,0.0,0.0,0.0
3,82152868,+,16,23801057,-,KIRP,384,TCGA-2Z-A9JO-01A,TCGA-2Z-A9JO-01A,1.0,0.0,0.0,0.0,0.0
4,65326041,+,9,72488452,-,KIRP,385,TCGA-2Z-A9JO-01A,TCGA-2Z-A9JO-01A,1.0,0.0,0.0,0.0,0.0
6,160661136,-,22,22110022,+,KIRP,386,TCGA-2Z-A9JO-01A,TCGA-2Z-A9JO-01A,1.0,0.0,0.0,0.0,0.0
9,110390311,+,15,55039140,-,KIRP,387,TCGA-2Z-A9JO-01A,TCGA-2Z-A9JO-01A,1.0,0.0,0.0,0.0,0.0
1,19769645,-,9,108667825,+,KIRP,388,TCGA-2Z-A9JP-01A,TCGA-2Z-A9JP-01A,1.0,0.0,0.0,0.0,0.0
1,122228225,+,1,122395238,-,KIRP,389,TCGA-2Z-A9JP-01A,TCGA-2Z-A9JP-01A,1.0,0.0,0.0,0.0,0.0
10,39222886,-,10,39230041,+,KIRP,390,TCGA-2Z-A9JP-01A,TCGA-2Z-A9JP-01A,1.0,0.0,0.0,0.0,0.0
10,39517926,+,10,39523054,-,KIRP,391,TCGA-2Z-A9JP-01A,TCGA-2Z-A9JP-01A,1.0,0.0,0.0,0.0,0.0
10,41579547,-,10,41590667,+,KIRP,392,TCGA-2Z-A9JP-01A,TCGA-2Z-A9JP-01A,1.0,0.0,0.0,0.0,0.0
10,128583819,+,23,1201757,+,KIRP,393,TCGA-2Z-A9JP-01A,TCGA-2Z-A9JP-01A,1.0,0.0,0.0,0.0,0.0
11,54368942,-,11,54416017,+,KIRP,394,TCGA-2Z-A9JP-01A,TCGA-2Z-A9JP-01A,1.0,0.0,0.0,0.0,0.0
11,54374422,+,11,54409010,-,KIRP,395,TCGA-2Z-A9JP-01A,TCGA-2Z-A9JP-01A,1.0,0.0,0.0,0.0,0.0
12,34807641,-,12,34818012,+,KIRP,396,TCGA-2Z-A9JP-01A,TCGA-2Z-A9JP-01A,1.0,0.0,0.0,0.0,0.0
13,16617517,+,13,17314552,-,KIRP,397,TCGA-2Z-A9JP-01A,TCGA-2Z-A9JP-01A,1.0,0.0,0.0,0.0,0.0
14,102094590,-,15,77185775,+,KIRP,398,TCGA-2Z-A9JP-01A,TCGA-2Z-A9JP-01A,1.0,0.0,0.0,0.0,0.0
2,55263086,-,2,55266060,+,KIRP,399,TCGA-2Z-A9JP-01A,TCGA-2Z-A9JP-01A,1.0,0.0,0.0,0.0,0.0
3,89541481,+,4,157521409,-,KIRP,400,TCGA-2Z-A9JP-01A,TCGA-2Z-A9JP-01A,1.0,0.0,0.0,0.0,0.0
3,90849904,-,3,91173066,+,KIRP,401,TCGA-2Z-A9JP-01A,TCGA-2Z-A9JP-01A,1.0,0.0,0.0,0.0,0.0
3,125736123,-,3,130033463,-,KIRP,402,TCGA-2Z-A9JP-01A,TCGA-2Z-A9JP-01A,1.0,0.0,0.0,0.0,0.0
4,49931632,-,4,50803135,+,KIRP,403,TCGA-2Z-A9JP-01A,TCGA-2Z-A9JP-01A,1.0,0.0,0.0,0.0,0.0
5,49680487,+,5,49697351,-,KIRP,404,TCGA-2Z-A9JP-01A,TCGA-2Z-A9JP-01A,1.0,0.0,0.0,0.0,0.0
6,58900204,-,6,59764297,+,KIRP,405,TCGA-2Z-A9JP-01A,TCGA-2Z-A9JP-01A,1.0,0.0,0.0,0.0,0.0
6,59583328,-,6,59763526,+,KIRP,406,TCGA-2Z-A9JP-01A,TCGA-2Z-A9JP-01A,1.0,0.0,0.0,0.0,0.0
7,62816967,-,11,54926263,+,KIRP,407,TCGA-2Z-A9JP-01A,TCGA-2Z-A9JP-01A,1.0,0.0,0.0,0.0,0.0
7,63307552,+,7,64194061,-,KIRP,408,TCGA-2Z-A9JP-01A,TCGA-2Z-A9JP-01A,1.0,0.0,0.0,0.0,0.0
8,8526044,-,16,19321713,-,KIRP,409,TCGA-2Z-A9JP-01A,TCGA-2Z-A9JP-01A,1.0,0.0,0.0,0.0,0.0
9,134254235,-,17,7156951,+,KIRP,410,TCGA-2Z-A9JP-01A,TCGA-2Z-A9JP-01A,1.0,0.0,0.0,0.0,0.0
1,124977855,+,1,124979873,-,KIRP,411,TCGA-2Z-A9JQ-01A,TCGA-2Z-A9JQ-01A,1.0,0.0,0.0,0.0,0.0
10,39228580,+,10,39230136,-,KIRP,412,TCGA-2Z-A9JQ-01A,TCGA-2Z-A9JQ-01A,1.0,0.0,0.0,0.0,0.0
10,39900039,-,10,41709096,+,KIRP,413,TCGA-2Z-A9JQ-01A,TCGA-2Z-A9JQ-01A,1.0,0.0,0.0,0.0,0.0
11,54343453,+,11,54347363,-,KIRP,414,TCGA-2Z-A9JQ-01A,TCGA-2Z-A9JQ-01A,1.0,0.0,0.0,0.0,0.0
13,16385973,-,13,16671983,+,KIRP,415,TCGA-2Z-A9JQ-01A,TCGA-2Z-A9JQ-01A,1.0,0.0,0.0,0.0,0.0
13,16404882,+,13,16671463,-,KIRP,416,TCGA-2Z-A9JQ-01A,TCGA-2Z-A9JQ-01A,1.0,0.0,0.0,0.0,0.0
13,86498078,+,13,86499139,+,KIRP,417,TCGA-2Z-A9JQ-01A,TCGA-2Z-A9JQ-01A,1.0,0.0,0.0,0.0,0.0
15,47104084,+,20,30189793,+,KIRP,418,TCGA-2Z-A9JQ-01A,TCGA-2Z-A9JQ-01A,1.0,0.0,0.0,0.0,0.0
15,47104202,-,20,30189619,-,KIRP,419,TCGA-2Z-A9JQ-01A,TCGA-2Z-A9JQ-01A,1.0,0.0,0.0,0.0,0.0
16,37729266,-,16,38121097,+,KIRP,420,TCGA-2Z-A9JQ-01A,TCGA-2Z-A9JQ-01A,1.0,0.0,0.0,0.0,0.0
17,26643465,+,20,26299973,-,KIRP,421,TCGA-2Z-A9JQ-01A,TCGA-2Z-A9JQ-01A,1.0,0.0,0.0,0.0,0.0
17,26643465,+,20,29693019,-,KIRP,422,TCGA-2Z-A9JQ-01A,TCGA-2Z-A9JQ-01A,1.0,0.0,0.0,0.0,0.0
17,26644050,-,17,26645485,+,KIRP,423,TCGA-2Z-A9JQ-01A,TCGA-2Z-A9JQ-01A,1.0,0.0,0.0,0.0,0.0
18,15473163,+,18,15548301,-,KIRP,424,TCGA-2Z-A9JQ-01A,TCGA-2Z-A9JQ-01A,1.0,0.0,0.0,0.0,0.0
19,38131148,-,19,38131277,+,KIRP,425,TCGA-2Z-A9JQ-01A,TCGA-2Z-A9JQ-01A,1.0,0.0,0.0,0.0,0.0
3,89020535,+,10,57764888,+,KIRP,426,TCGA-2Z-A9JQ-01A,TCGA-2Z-A9JQ-01A,1.0,0.0,0.0,0.0,0.0
3,90577028,+,3,90580078,-,KIRP,427,TCGA-2Z-A9JQ-01A,TCGA-2Z-A9JQ-01A,1.0,0.0,0.0,0.0,0.0
4,41868815,-,11,101386072,+,KIRP,428,TCGA-2Z-A9JQ-01A,TCGA-2Z-A9JQ-01A,1.0,0.0,0.0,0.0,0.0
6,58761907,-,6,58951481,+,KIRP,429,TCGA-2Z-A9JQ-01A,TCGA-2Z-A9JQ-01A,1.0,0.0,0.0,0.0,0.0
6,62586141,+,23,138269960,+,KIRP,430,TCGA-2Z-A9JQ-01A,TCGA-2Z-A9JQ-01A,1.0,0.0,0.0,0.0,0.0
7,57710932,-,20,30220327,+,KIRP,431,TCGA-2Z-A9JQ-01A,TCGA-2Z-A9JQ-01A,1.0,0.0,0.0,0.0,0.0
7,61472738,+,7,61502582,-,KIRP,432,TCGA-2Z-A9JQ-01A,TCGA-2Z-A9JQ-01A,1.0,0.0,0.0,0.0,0.0
9,61459069,-,13,78150712,+,KIRP,433,TCGA-2Z-A9JQ-01A,TCGA-2Z-A9JQ-01A,1.0,0.0,0.0,0.0,0.0
1,124790299,-,1,124794950,+,KIRP,434,TCGA-2Z-A9JR-01A,TCGA-2Z-A9JR-01A,1.0,0.0,0.0,0.0,0.0
11,54415492,-,11,54549010,+,KIRP,435,TCGA-2Z-A9JR-01A,TCGA-2Z-A9JR-01A,1.0,0.0,0.0,0.0,0.0
12,34801172,-,12,34807959,+,KIRP,436,TCGA-2Z-A9JR-01A,TCGA-2Z-A9JR-01A,1.0,0.0,0.0,0.0,0.0
13,16427316,+,13,16824765,-,KIRP,437,TCGA-2Z-A9JR-01A,TCGA-2Z-A9JR-01A,1.0,0.0,0.0,0.0,0.0
13,16624646,+,13,17412277,-,KIRP,438,TCGA-2Z-A9JR-01A,TCGA-2Z-A9JR-01A,1.0,0.0,0.0,0.0,0.0
13,34541523,-,19,38123591,-,KIRP,439,TCGA-2Z-A9JR-01A,TCGA-2Z-A9JR-01A,1.0,0.0,0.0,0.0,0.0
15,17494910,+,15,18351293,-,KIRP,440,TCGA-2Z-A9JR-01A,TCGA-2Z-A9JR-01A,1.0,0.0,0.0,0.0,0.0
16,36326200,+,16,36335905,-,KIRP,441,TCGA-2Z-A9JR-01A,TCGA-2Z-A9JR-01A,1.0,0.0,0.0,0.0,0.0
18,15705046,+,18,15706626,-,KIRP,442,TCGA-2Z-A9JR-01A,TCGA-2Z-A9JR-01A,1.0,0.0,0.0,0.0,0.0
20,29670010,+,20,30186450,+,KIRP,443,TCGA-2Z-A9JR-01A,TCGA-2Z-A9JR-01A,1.0,0.0,0.0,0.0,0.0
20,29859533,+,22,11373269,-,KIRP,444,TCGA-2Z-A9JR-01A,TCGA-2Z-A9JR-01A,1.0,0.0,0.0,0.0,0.0
3,66175161,+,4,114235447,+,KIRP,445,TCGA-2Z-A9JR-01A,TCGA-2Z-A9JR-01A,1.0,0.0,0.0,0.0,0.0
5,49671808,+,5,49694482,-,KIRP,446,TCGA-2Z-A9JR-01A,TCGA-2Z-A9JR-01A,1.0,0.0,0.0,0.0,0.0
7,35292627,-,7,35317250,-,KIRP,447,TCGA-2Z-A9JR-01A,TCGA-2Z-A9JR-01A,1.0,0.0,0.0,0.0,0.0
7,35293330,+,7,35293912,+,KIRP,448,TCGA-2Z-A9JR-01A,TCGA-2Z-A9JR-01A,1.0,0.0,0.0,0.0,0.0
8,8526070,-,16,19321538,-,KIRP,449,TCGA-2Z-A9JR-01A,TCGA-2Z-A9JR-01A,1.0,0.0,0.0,0.0,0.0
23,58444921,+,23,58491380,+,KIRP,450,TCGA-2Z-A9JR-01A,TCGA-2Z-A9JR-01A,1.0,0.0,0.0,0.0,0.0
1,236598702,-,1,236598850,+,KIRP,451,TCGA-2Z-A9JS-01A,TCGA-2Z-A9JS-01A,1.0,0.0,0.0,0.0,0.0
10,112048388,-,10,112048480,+,KIRP,452,TCGA-2Z-A9JS-01A,TCGA-2Z-A9JS-01A,1.0,0.0,0.0,0.0,0.0
13,16603285,-,13,17086826,+,KIRP,453,TCGA-2Z-A9JS-01A,TCGA-2Z-A9JS-01A,1.0,0.0,0.0,0.0,0.0
13,17438670,-,13,17630648,+,KIRP,454,TCGA-2Z-A9JS-01A,TCGA-2Z-A9JS-01A,1.0,0.0,0.0,0.0,0.0
17,43359634,-,18,61707618,-,KIRP,455,TCGA-2Z-A9JS-01A,TCGA-2Z-A9JS-01A,1.0,0.0,0.0,0.0,0.0
2,104642422,+,7,22862645,-,KIRP,456,TCGA-2Z-A9JS-01A,TCGA-2Z-A9JS-01A,1.0,0.0,0.0,0.0,0.0
3,90834642,+,3,91182878,-,KIRP,457,TCGA-2Z-A9JS-01A,TCGA-2Z-A9JS-01A,1.0,0.0,0.0,0.0,0.0
4,57687071,-,12,97011879,-,KIRP,458,TCGA-2Z-A9JS-01A,TCGA-2Z-A9JS-01A,1.0,0.0,0.0,0.0,0.0
5,49941166,+,5,49952338,-,KIRP,459,TCGA-2Z-A9JS-01A,TCGA-2Z-A9JS-01A,1.0,0.0,0.0,0.0,0.0
5,76220112,-,5,76220225,+,KIRP,460,TCGA-2Z-A9JS-01A,TCGA-2Z-A9JS-01A,1.0,0.0,0.0,0.0,0.0
7,143975190,-,7,143975308,+,KIRP,461,TCGA-2Z-A9JS-01A,TCGA-2Z-A9JS-01A,1.0,0.0,0.0,0.0,0.0
1,79805471,+,3,98020017,+,KIRP,462,TCGA-2Z-A9JT-01A,TCGA-2Z-A9JT-01A,1.0,0.0,0.0,0.0,0.0
10,39338154,+,10,39342107,-,KIRP,463,TCGA-2Z-A9JT-01A,TCGA-2Z-A9JT-01A,1.0,0.0,0.0,0.0,0.0
11,51596302,-,11,52584394,+,KIRP,464,TCGA-2Z-A9JT-01A,TCGA-2Z-A9JT-01A,1.0,0.0,0.0,0.0,0.0
11,54415491,-,11,54549011,+,KIRP,465,TCGA-2Z-A9JT-01A,TCGA-2Z-A9JT-01A,1.0,0.0,0.0,0.0,0.0
12,37691257,+,12,37692620,-,KIRP,466,TCGA-2Z-A9JT-01A,TCGA-2Z-A9JT-01A,1.0,0.0,0.0,0.0,0.0
13,18754846,-,18,14325866,-,KIRP,467,TCGA-2Z-A9JT-01A,TCGA-2Z-A9JT-01A,1.0,0.0,0.0,0.0,0.0
14,106062128,+,14,106537822,-,KIRP,468,TCGA-2Z-A9JT-01A,TCGA-2Z-A9JT-01A,1.0,0.0,0.0,0.0,0.0
18,15731832,+,18,15743538,-,KIRP,469,TCGA-2Z-A9JT-01A,TCGA-2Z-A9JT-01A,1.0,0.0,0.0,0.0,0.0
2,218754337,-,23,1399882,-,KIRP,470,TCGA-2Z-A9JT-01A,TCGA-2Z-A9JT-01A,1.0,0.0,0.0,0.0,0.0
2,218754450,+,23,1399845,+,KIRP,471,TCGA-2Z-A9JT-01A,TCGA-2Z-A9JT-01A,1.0,0.0,0.0,0.0,0.0
3,90799612,-,3,91067392,+,KIRP,472,TCGA-2Z-A9JT-01A,TCGA-2Z-A9JT-01A,1.0,0.0,0.0,0.0,0.0
3,91024097,-,3,91212154,+,KIRP,473,TCGA-2Z-A9JT-01A,TCGA-2Z-A9JT-01A,1.0,0.0,0.0,0.0,0.0
5,49739386,-,5,49961913,+,KIRP,474,TCGA-2Z-A9JT-01A,TCGA-2Z-A9JT-01A,1.0,0.0,0.0,0.0,0.0
5,162497461,-,5,162497596,+,KIRP,475,TCGA-2Z-A9JT-01A,TCGA-2Z-A9JT-01A,1.0,0.0,0.0,0.0,0.0
7,58174328,-,7,58237647,+,KIRP,476,TCGA-2Z-A9JT-01A,TCGA-2Z-A9JT-01A,1.0,0.0,0.0,0.0,0.0
7,60340876,+,7,62512584,-,KIRP,477,TCGA-2Z-A9JT-01A,TCGA-2Z-A9JT-01A,1.0,0.0,0.0,0.0,0.0
8,100502055,+,16,13262682,-,KIRP,478,TCGA-2Z-A9JT-01A,TCGA-2Z-A9JT-01A,1.0,0.0,0.0,0.0,0.0
9,42295701,+,9,66824395,+,KIRP,479,TCGA-2Z-A9JT-01A,TCGA-2Z-A9JT-01A,1.0,0.0,0.0,0.0,0.0
1,6937609,-,16,86014097,+,KIRP,480,TCGA-4A-A93X-01A,TCGA-4A-A93X-01A,1.0,0.0,0.0,0.0,0.0
1,122137311,-,1,122150361,+,KIRP,481,TCGA-4A-A93X-01A,TCGA-4A-A93X-01A,1.0,0.0,0.0,0.0,0.0
10,888975,+,10,890980,-,KIRP,482,TCGA-4A-A93X-01A,TCGA-4A-A93X-01A,1.0,0.0,0.0,0.0,0.0
10,38648131,-,12,37460128,-,KIRP,483,TCGA-4A-A93X-01A,TCGA-4A-A93X-01A,1.0,0.0,0.0,0.0,0.0
10,41275066,+,10,41461902,-,KIRP,484,TCGA-4A-A93X-01A,TCGA-4A-A93X-01A,1.0,0.0,0.0,0.0,0.0
10,41577347,-,10,41590041,+,KIRP,485,TCGA-4A-A93X-01A,TCGA-4A-A93X-01A,1.0,0.0,0.0,0.0,0.0
10,54278400,+,10,54469282,-,KIRP,486,TCGA-4A-A93X-01A,TCGA-4A-A93X-01A,1.0,0.0,0.0,0.0,0.0
13,16647569,+,13,17372325,-,KIRP,487,TCGA-4A-A93X-01A,TCGA-4A-A93X-01A,1.0,0.0,0.0,0.0,0.0
14,32975861,-,18,35445067,+,KIRP,488,TCGA-4A-A93X-01A,TCGA-4A-A93X-01A,1.0,0.0,0.0,0.0,0.0
14,45605477,+,14,45689632,-,KIRP,489,TCGA-4A-A93X-01A,TCGA-4A-A93X-01A,1.0,0.0,0.0,0.0,0.0
14,60905976,-,14,61420824,-,KIRP,490,TCGA-4A-A93X-01A,TCGA-4A-A93X-01A,1.0,0.0,0.0,0.0,0.0
14,60906027,+,14,60906275,+,KIRP,491,TCGA-4A-A93X-01A,TCGA-4A-A93X-01A,1.0,0.0,0.0,0.0,0.0
2,141255242,-,2,141386490,+,KIRP,492,TCGA-4A-A93X-01A,TCGA-4A-A93X-01A,1.0,0.0,0.0,0.0,0.0
2,141255786,+,2,141385614,-,KIRP,493,TCGA-4A-A93X-01A,TCGA-4A-A93X-01A,1.0,0.0,0.0,0.0,0.0
20,14102671,+,20,14489138,-,KIRP,494,TCGA-4A-A93X-01A,TCGA-4A-A93X-01A,1.0,0.0,0.0,0.0,0.0
20,14889354,+,20,14904456,-,KIRP,495,TCGA-4A-A93X-01A,TCGA-4A-A93X-01A,1.0,0.0,0.0,0.0,0.0
20,14913275,+,20,15079761,-,KIRP,496,TCGA-4A-A93X-01A,TCGA-4A-A93X-01A,1.0,0.0,0.0,0.0,0.0
20,14937369,+,20,14953181,-,KIRP,497,TCGA-4A-A93X-01A,TCGA-4A-A93X-01A,1.0,0.0,0.0,0.0,0.0
20,14967194,+,20,15251172,-,KIRP,498,TCGA-4A-A93X-01A,TCGA-4A-A93X-01A,1.0,0.0,0.0,0.0,0.0
21,13130900,+,22,16234143,-,KIRP,499,TCGA-4A-A93X-01A,TCGA-4A-A93X-01A,1.0,0.0,0.0,0.0,0.0
3,3282410,+,3,98606002,-,KIRP,500,TCGA-4A-A93X-01A,TCGA-4A-A93X-01A,1.0,0.0,0.0,0.0,0.0
3,60825390,+,3,61259487,-,KIRP,501,TCGA-4A-A93X-01A,TCGA-4A-A93X-01A,1.0,0.0,0.0,0.0,0.0
3,67591726,+,3,67904864,-,KIRP,502,TCGA-4A-A93X-01A,TCGA-4A-A93X-01A,1.0,0.0,0.0,0.0,0.0
3,68007645,+,3,68169161,-,KIRP,503,TCGA-4A-A93X-01A,TCGA-4A-A93X-01A,1.0,0.0,0.0,0.0,0.0
3,90854443,+,3,90893377,-,KIRP,504,TCGA-4A-A93X-01A,TCGA-4A-A93X-01A,1.0,0.0,0.0,0.0,0.0
3,91030411,+,3,91194380,-,KIRP,505,TCGA-4A-A93X-01A,TCGA-4A-A93X-01A,1.0,0.0,0.0,0.0,0.0
3,102365611,+,5,10084365,-,KIRP,506,TCGA-4A-A93X-01A,TCGA-4A-A93X-01A,1.0,0.0,0.0,0.0,0.0
4,40440576,+,9,124948859,+,KIRP,507,TCGA-4A-A93X-01A,TCGA-4A-A93X-01A,1.0,0.0,0.0,0.0,0.0
4,40440581,-,9,124948860,-,KIRP,508,TCGA-4A-A93X-01A,TCGA-4A-A93X-01A,1.0,0.0,0.0,0.0,0.0
4,101048307,+,4,101050544,-,KIRP,509,TCGA-4A-A93X-01A,TCGA-4A-A93X-01A,1.0,0.0,0.0,0.0,0.0
4,180860140,+,4,180890850,-,KIRP,510,TCGA-4A-A93X-01A,TCGA-4A-A93X-01A,1.0,0.0,0.0,0.0,0.0
4,180885262,+,4,180908809,-,KIRP,511,TCGA-4A-A93X-01A,TCGA-4A-A93X-01A,1.0,0.0,0.0,0.0,0.0
4,180890098,+,4,182029034,-,KIRP,512,TCGA-4A-A93X-01A,TCGA-4A-A93X-01A,1.0,0.0,0.0,0.0,0.0
4,180910432,+,4,181900056,-,KIRP,513,TCGA-4A-A93X-01A,TCGA-4A-A93X-01A,1.0,0.0,0.0,0.0,0.0
4,180943602,+,4,180946877,-,KIRP,514,TCGA-4A-A93X-01A,TCGA-4A-A93X-01A,1.0,0.0,0.0,0.0,0.0
4,180972065,+,4,181642541,-,KIRP,515,TCGA-4A-A93X-01A,TCGA-4A-A93X-01A,1.0,0.0,0.0,0.0,0.0
4,182138071,+,4,182146784,+,KIRP,516,TCGA-4A-A93X-01A,TCGA-4A-A93X-01A,1.0,0.0,0.0,0.0,0.0
4,182138076,-,4,182735108,-,KIRP,517,TCGA-4A-A93X-01A,TCGA-4A-A93X-01A,1.0,0.0,0.0,0.0,0.0
7,78454592,+,7,78463482,-,KIRP,518,TCGA-4A-A93X-01A,TCGA-4A-A93X-01A,1.0,0.0,0.0,0.0,0.0
7,110214693,+,7,110325122,-,KIRP,519,TCGA-4A-A93X-01A,TCGA-4A-A93X-01A,1.0,0.0,0.0,0.0,0.0
7,110577333,-,7,110587146,+,KIRP,520,TCGA-4A-A93X-01A,TCGA-4A-A93X-01A,1.0,0.0,0.0,0.0,0.0
9,43650494,+,9,45155359,-,KIRP,521,TCGA-4A-A93X-01A,TCGA-4A-A93X-01A,1.0,0.0,0.0,0.0,0.0
9,126442886,+,9,126682013,+,KIRP,522,TCGA-4A-A93X-01A,TCGA-4A-A93X-01A,1.0,0.0,0.0,0.0,0.0
23,10554453,+,23,10677403,-,KIRP,523,TCGA-4A-A93X-01A,TCGA-4A-A93X-01A,1.0,0.0,0.0,0.0,0.0
1,42546442,+,19,40892768,+,KIRP,524,TCGA-4A-A93Y-01A,TCGA-4A-A93Y-01A,1.0,0.0,0.0,0.0,0.0
1,168169596,+,3,114303542,-,KIRP,525,TCGA-4A-A93Y-01A,TCGA-4A-A93Y-01A,1.0,0.0,0.0,0.0,0.0
11,29617637,+,23,49689941,-,KIRP,526,TCGA-4A-A93Y-01A,TCGA-4A-A93Y-01A,1.0,0.0,0.0,0.0,0.0
15,73745811,-,20,17166924,-,KIRP,527,TCGA-4A-A93Y-01A,TCGA-4A-A93Y-01A,1.0,0.0,0.0,0.0,0.0
17,55183635,-,20,46590784,-,KIRP,528,TCGA-4A-A93Y-01A,TCGA-4A-A93Y-01A,1.0,0.0,0.0,0.0,0.0
19,50921374,+,19,51087530,+,KIRP,529,TCGA-4A-A93Y-01A,TCGA-4A-A93Y-01A,1.0,0.0,0.0,0.0,0.0
19,51064837,-,19,53583134,-,KIRP,530,TCGA-4A-A93Y-01A,TCGA-4A-A93Y-01A,1.0,0.0,0.0,0.0,0.0
19,51089479,-,20,33751533,-,KIRP,531,TCGA-4A-A93Y-01A,TCGA-4A-A93Y-01A,1.0,0.0,0.0,0.0,0.0
2,32369830,-,2,132398242,-,KIRP,532,TCGA-4A-A93Y-01A,TCGA-4A-A93Y-01A,1.0,0.0,0.0,0.0,0.0
20,33219734,-,20,34445984,-,KIRP,533,TCGA-4A-A93Y-01A,TCGA-4A-A93Y-01A,1.0,0.0,0.0,0.0,0.0
20,34329320,-,20,41848777,+,KIRP,534,TCGA-4A-A93Y-01A,TCGA-4A-A93Y-01A,1.0,0.0,0.0,0.0,0.0
20,34457108,-,20,40385582,-,KIRP,535,TCGA-4A-A93Y-01A,TCGA-4A-A93Y-01A,1.0,0.0,0.0,0.0,0.0
20,40441169,+,20,42181316,-,KIRP,536,TCGA-4A-A93Y-01A,TCGA-4A-A93Y-01A,1.0,0.0,0.0,0.0,0.0
3,179212322,+,5,7704013,+,KIRP,537,TCGA-4A-A93Y-01A,TCGA-4A-A93Y-01A,1.0,0.0,0.0,0.0,0.0
4,14847414,+,16,35075494,-,KIRP,538,TCGA-4A-A93Y-01A,TCGA-4A-A93Y-01A,1.0,0.0,0.0,0.0,0.0
4,30073804,-,15,47014459,+,KIRP,539,TCGA-4A-A93Y-01A,TCGA-4A-A93Y-01A,1.0,0.0,0.0,0.0,0.0
7,136401351,-,18,45235866,+,KIRP,540,TCGA-4A-A93Y-01A,TCGA-4A-A93Y-01A,1.0,0.0,0.0,0.0,0.0
8,70016402,+,19,40651611,-,KIRP,541,TCGA-4A-A93Y-01A,TCGA-4A-A93Y-01A,1.0,0.0,0.0,0.0,0.0
9,134248720,+,10,11703733,+,KIRP,542,TCGA-4A-A93Y-01A,TCGA-4A-A93Y-01A,1.0,0.0,0.0,0.0,0.0
1,86985510,+,11,63615097,+,KIRP,543,TCGA-5P-A9JU-01A,TCGA-5P-A9JU-01A,1.0,0.0,0.0,0.0,0.0
1,152463601,-,9,122551794,+,KIRP,544,TCGA-5P-A9JU-01A,TCGA-5P-A9JU-01A,1.0,0.0,0.0,0.0,0.0
1,187955749,+,5,83877300,-,KIRP,545,TCGA-5P-A9JU-01A,TCGA-5P-A9JU-01A,1.0,0.0,0.0,0.0,0.0
1,241147819,+,13,65597506,+,KIRP,546,TCGA-5P-A9JU-01A,TCGA-5P-A9JU-01A,1.0,0.0,0.0,0.0,0.0
10,43340069,-,10,43414107,+,KIRP,547,TCGA-5P-A9JU-01A,TCGA-5P-A9JU-01A,1.0,0.0,0.0,0.0,0.0
10,71970798,-,10,72296386,+,KIRP,548,TCGA-5P-A9JU-01A,TCGA-5P-A9JU-01A,1.0,0.0,0.0,0.0,0.0
12,35811373,+,12,36989279,-,KIRP,549,TCGA-5P-A9JU-01A,TCGA-5P-A9JU-01A,1.0,0.0,0.0,0.0,0.0
13,17552609,+,13,17767274,-,KIRP,550,TCGA-5P-A9JU-01A,TCGA-5P-A9JU-01A,1.0,0.0,0.0,0.0,0.0
14,49854410,-,14,49890040,+,KIRP,551,TCGA-5P-A9JU-01A,TCGA-5P-A9JU-01A,1.0,0.0,0.0,0.0,0.0
14,49888176,-,14,49890132,-,KIRP,552,TCGA-5P-A9JU-01A,TCGA-5P-A9JU-01A,1.0,0.0,0.0,0.0,0.0
15,78842524,-,15,78843931,+,KIRP,553,TCGA-5P-A9JU-01A,TCGA-5P-A9JU-01A,1.0,0.0,0.0,0.0,0.0
16,34242881,-,20,28515110,+,KIRP,554,TCGA-5P-A9JU-01A,TCGA-5P-A9JU-01A,1.0,0.0,0.0,0.0,0.0
17,37756148,-,17,37838101,+,KIRP,555,TCGA-5P-A9JU-01A,TCGA-5P-A9JU-01A,1.0,0.0,0.0,0.0,0.0
19,3947659,+,19,4035793,-,KIRP,556,TCGA-5P-A9JU-01A,TCGA-5P-A9JU-01A,1.0,0.0,0.0,0.0,0.0
19,4042423,+,19,4048797,-,KIRP,557,TCGA-5P-A9JU-01A,TCGA-5P-A9JU-01A,1.0,0.0,0.0,0.0,0.0
19,4672330,-,19,38673637,+,KIRP,558,TCGA-5P-A9JU-01A,TCGA-5P-A9JU-01A,1.0,0.0,0.0,0.0,0.0
2,16156342,+,2,16157530,-,KIRP,559,TCGA-5P-A9JU-01A,TCGA-5P-A9JU-01A,1.0,0.0,0.0,0.0,0.0
20,26259991,-,20,30185147,-,KIRP,560,TCGA-5P-A9JU-01A,TCGA-5P-A9JU-01A,1.0,0.0,0.0,0.0,0.0
20,34437584,-,20,34978578,+,KIRP,561,TCGA-5P-A9JU-01A,TCGA-5P-A9JU-01A,1.0,0.0,0.0,0.0,0.0
3,57651778,-,3,57850762,+,KIRP,562,TCGA-5P-A9JU-01A,TCGA-5P-A9JU-01A,1.0,0.0,0.0,0.0,0.0
3,59739899,-,8,89011885,+,KIRP,563,TCGA-5P-A9JU-01A,TCGA-5P-A9JU-01A,1.0,0.0,0.0,0.0,0.0
3,142564596,+,15,90569456,-,KIRP,564,TCGA-5P-A9JU-01A,TCGA-5P-A9JU-01A,1.0,0.0,0.0,0.0,0.0
4,122340785,-,4,122341164,+,KIRP,565,TCGA-5P-A9JU-01A,TCGA-5P-A9JU-01A,1.0,0.0,0.0,0.0,0.0
5,46690321,+,12,37394886,-,KIRP,566,TCGA-5P-A9JU-01A,TCGA-5P-A9JU-01A,1.0,0.0,0.0,0.0,0.0
5,47026972,-,5,47048582,+,KIRP,567,TCGA-5P-A9JU-01A,TCGA-5P-A9JU-01A,1.0,0.0,0.0,0.0,0.0
5,151025952,-,5,151026185,+,KIRP,568,TCGA-5P-A9JU-01A,TCGA-5P-A9JU-01A,1.0,0.0,0.0,0.0,0.0
6,103074214,+,6,103441151,-,KIRP,569,TCGA-5P-A9JU-01A,TCGA-5P-A9JU-01A,1.0,0.0,0.0,0.0,0.0
7,6125864,-,12,103572252,-,KIRP,570,TCGA-5P-A9JU-01A,TCGA-5P-A9JU-01A,1.0,0.0,0.0,0.0,0.0
7,50484747,-,7,50638412,+,KIRP,571,TCGA-5P-A9JU-01A,TCGA-5P-A9JU-01A,1.0,0.0,0.0,0.0,0.0
8,100276064,-,8,100276212,+,KIRP,572,TCGA-5P-A9JU-01A,TCGA-5P-A9JU-01A,1.0,0.0,0.0,0.0,0.0
8,126229913,-,16,74567726,+,KIRP,573,TCGA-5P-A9JU-01A,TCGA-5P-A9JU-01A,1.0,0.0,0.0,0.0,0.0
9,89263008,-,9,89506723,+,KIRP,574,TCGA-5P-A9JU-01A,TCGA-5P-A9JU-01A,1.0,0.0,0.0,0.0,0.0
1,27539390,+,11,123128370,+,KIRP,575,TCGA-5P-A9JW-01A,TCGA-5P-A9JW-01A,1.0,0.0,0.0,0.0,0.0
11,54386524,-,11,54413139,+,KIRP,576,TCGA-5P-A9JW-01A,TCGA-5P-A9JW-01A,1.0,0.0,0.0,0.0,0.0
16,34255962,-,16,36322611,+,KIRP,577,TCGA-5P-A9JW-01A,TCGA-5P-A9JW-01A,1.0,0.0,0.0,0.0,0.0
17,81970313,-,23,108048200,+,KIRP,578,TCGA-5P-A9JW-01A,TCGA-5P-A9JW-01A,1.0,0.0,0.0,0.0,0.0
5,49694359,+,5,49720174,-,KIRP,579,TCGA-5P-A9JW-01A,TCGA-5P-A9JW-01A,1.0,0.0,0.0,0.0,0.0
7,19977946,-,12,89024392,-,KIRP,580,TCGA-5P-A9JW-01A,TCGA-5P-A9JW-01A,1.0,0.0,0.0,0.0,0.0
1,29418933,+,5,95738975,+,KIRP,581,TCGA-5P-A9JY-01A,TCGA-5P-A9JY-01A,1.0,0.0,0.0,0.0,0.0
1,214569958,+,9,73591403,+,KIRP,582,TCGA-5P-A9JY-01A,TCGA-5P-A9JY-01A,1.0,0.0,0.0,0.0,0.0
11,53559035,-,11,53661734,+,KIRP,583,TCGA-5P-A9JY-01A,TCGA-5P-A9JY-01A,1.0,0.0,0.0,0.0,0.0
11,54387839,+,11,54402060,-,KIRP,584,TCGA-5P-A9JY-01A,TCGA-5P-A9JY-01A,1.0,0.0,0.0,0.0,0.0
12,76772645,-,19,10715008,-,KIRP,585,TCGA-5P-A9JY-01A,TCGA-5P-A9JY-01A,1.0,0.0,0.0,0.0,0.0
14,68795332,+,23,117931809,-,KIRP,586,TCGA-5P-A9JY-01A,TCGA-5P-A9JY-01A,1.0,0.0,0.0,0.0,0.0
16,34256446,+,16,36325751,-,KIRP,587,TCGA-5P-A9JY-01A,TCGA-5P-A9JY-01A,1.0,0.0,0.0,0.0,0.0
18,15473167,+,18,15699415,-,KIRP,588,TCGA-5P-A9JY-01A,TCGA-5P-A9JY-01A,1.0,0.0,0.0,0.0,0.0
18,15731811,+,18,15743530,-,KIRP,589,TCGA-5P-A9JY-01A,TCGA-5P-A9JY-01A,1.0,0.0,0.0,0.0,0.0
2,93315160,-,2,93680629,+,KIRP,590,TCGA-5P-A9JY-01A,TCGA-5P-A9JY-01A,1.0,0.0,0.0,0.0,0.0
22,20300910,-,22,42815375,+,KIRP,591,TCGA-5P-A9JY-01A,TCGA-5P-A9JY-01A,1.0,0.0,0.0,0.0,0.0
22,32009470,-,22,43036717,-,KIRP,592,TCGA-5P-A9JY-01A,TCGA-5P-A9JY-01A,1.0,0.0,0.0,0.0,0.0
4,3934022,-,4,9711915,-,KIRP,593,TCGA-5P-A9JY-01A,TCGA-5P-A9JY-01A,1.0,0.0,0.0,0.0,0.0
5,1309044,+,5,88477829,+,KIRP,594,TCGA-5P-A9JY-01A,TCGA-5P-A9JY-01A,1.0,0.0,0.0,0.0,0.0
5,1309046,-,5,88477828,-,KIRP,595,TCGA-5P-A9JY-01A,TCGA-5P-A9JY-01A,1.0,0.0,0.0,0.0,0.0
5,49861172,-,5,49987073,+,KIRP,596,TCGA-5P-A9JY-01A,TCGA-5P-A9JY-01A,1.0,0.0,0.0,0.0,0.0
6,58691513,-,6,59509185,+,KIRP,597,TCGA-5P-A9JY-01A,TCGA-5P-A9JY-01A,1.0,0.0,0.0,0.0,0.0
8,45563814,+,8,45620220,-,KIRP,598,TCGA-5P-A9JY-01A,TCGA-5P-A9JY-01A,1.0,0.0,0.0,0.0,0.0
9,43443930,+,9,44423623,-,KIRP,599,TCGA-5P-A9JY-01A,TCGA-5P-A9JY-01A,1.0,0.0,0.0,0.0,0.0
1,234207183,-,23,20573407,+,KIRP,600,TCGA-5P-A9JZ-01A,TCGA-5P-A9JZ-01A,1.0,0.0,0.0,0.0,0.0
12,32346861,+,16,23804704,+,KIRP,601,TCGA-5P-A9JZ-01A,TCGA-5P-A9JZ-01A,1.0,0.0,0.0,0.0,0.0
12,80250917,+,12,80257075,-,KIRP,602,TCGA-5P-A9JZ-01A,TCGA-5P-A9JZ-01A,1.0,0.0,0.0,0.0,0.0
13,16427350,+,13,16824779,-,KIRP,603,TCGA-5P-A9JZ-01A,TCGA-5P-A9JZ-01A,1.0,0.0,0.0,0.0,0.0
14,68795305,+,23,117931836,-,KIRP,604,TCGA-5P-A9JZ-01A,TCGA-5P-A9JZ-01A,1.0,0.0,0.0,0.0,0.0
15,24186231,-,15,24347899,+,KIRP,605,TCGA-5P-A9JZ-01A,TCGA-5P-A9JZ-01A,1.0,0.0,0.0,0.0,0.0
16,71643429,+,16,71644068,-,KIRP,606,TCGA-5P-A9JZ-01A,TCGA-5P-A9JZ-01A,1.0,0.0,0.0,0.0,0.0
18,15472624,-,18,15565119,+,KIRP,607,TCGA-5P-A9JZ-01A,TCGA-5P-A9JZ-01A,1.0,0.0,0.0,0.0,0.0
18,15653759,-,18,15679676,+,KIRP,608,TCGA-5P-A9JZ-01A,TCGA-5P-A9JZ-01A,1.0,0.0,0.0,0.0,0.0
19,58522504,+,19,58523249,-,KIRP,609,TCGA-5P-A9JZ-01A,TCGA-5P-A9JZ-01A,1.0,0.0,0.0,0.0,0.0
2,46083009,+,7,75607689,+,KIRP,610,TCGA-5P-A9JZ-01A,TCGA-5P-A9JZ-01A,1.0,0.0,0.0,0.0,0.0
2,91952284,-,24,11407349,+,KIRP,611,TCGA-5P-A9JZ-01A,TCGA-5P-A9JZ-01A,1.0,0.0,0.0,0.0,0.0
6,159283398,-,18,4087067,+,KIRP,612,TCGA-5P-A9JZ-01A,TCGA-5P-A9JZ-01A,1.0,0.0,0.0,0.0,0.0
7,899688,+,7,46977247,-,KIRP,613,TCGA-5P-A9JZ-01A,TCGA-5P-A9JZ-01A,1.0,0.0,0.0,0.0,0.0
7,5764675,-,7,67346636,+,KIRP,614,TCGA-5P-A9JZ-01A,TCGA-5P-A9JZ-01A,1.0,0.0,0.0,0.0,0.0
7,6033414,+,7,98437725,+,KIRP,615,TCGA-5P-A9JZ-01A,TCGA-5P-A9JZ-01A,1.0,0.0,0.0,0.0,0.0
7,7297338,-,7,29349525,-,KIRP,616,TCGA-5P-A9JZ-01A,TCGA-5P-A9JZ-01A,1.0,0.0,0.0,0.0,0.0
7,8041556,+,7,69856891,+,KIRP,617,TCGA-5P-A9JZ-01A,TCGA-5P-A9JZ-01A,1.0,0.0,0.0,0.0,0.0
7,8220380,-,7,123764063,+,KIRP,618,TCGA-5P-A9JZ-01A,TCGA-5P-A9JZ-01A,1.0,0.0,0.0,0.0,0.0
7,11854386,+,7,63910849,+,KIRP,619,TCGA-5P-A9JZ-01A,TCGA-5P-A9JZ-01A,1.0,0.0,0.0,0.0,0.0
7,19904652,-,7,112116291,-,KIRP,620,TCGA-5P-A9JZ-01A,TCGA-5P-A9JZ-01A,1.0,0.0,0.0,0.0,0.0
7,23327625,-,7,141482662,-,KIRP,621,TCGA-5P-A9JZ-01A,TCGA-5P-A9JZ-01A,1.0,0.0,0.0,0.0,0.0
7,23327695,-,7,124862502,-,KIRP,622,TCGA-5P-A9JZ-01A,TCGA-5P-A9JZ-01A,1.0,0.0,0.0,0.0,0.0
7,23327695,-,7,149573961,-,KIRP,623,TCGA-5P-A9JZ-01A,TCGA-5P-A9JZ-01A,1.0,0.0,0.0,0.0,0.0
7,23330302,-,7,129980641,-,KIRP,624,TCGA-5P-A9JZ-01A,TCGA-5P-A9JZ-01A,1.0,0.0,0.0,0.0,0.0
7,23653251,+,7,142191994,+,KIRP,625,TCGA-5P-A9JZ-01A,TCGA-5P-A9JZ-01A,1.0,0.0,0.0,0.0,0.0
7,23653256,+,7,132915759,-,KIRP,626,TCGA-5P-A9JZ-01A,TCGA-5P-A9JZ-01A,1.0,0.0,0.0,0.0,0.0
7,29163085,-,7,32852058,-,KIRP,627,TCGA-5P-A9JZ-01A,TCGA-5P-A9JZ-01A,1.0,0.0,0.0,0.0,0.0
7,29347378,+,7,115858153,-,KIRP,628,TCGA-5P-A9JZ-01A,TCGA-5P-A9JZ-01A,1.0,0.0,0.0,0.0,0.0
7,29347451,-,7,75763619,+,KIRP,629,TCGA-5P-A9JZ-01A,TCGA-5P-A9JZ-01A,1.0,0.0,0.0,0.0,0.0
7,29686841,+,7,31080986,+,KIRP,630,TCGA-5P-A9JZ-01A,TCGA-5P-A9JZ-01A,1.0,0.0,0.0,0.0,0.0
7,30753604,-,7,46977374,-,KIRP,631,TCGA-5P-A9JZ-01A,TCGA-5P-A9JZ-01A,1.0,0.0,0.0,0.0,0.0
7,31079609,-,7,108367146,+,KIRP,632,TCGA-5P-A9JZ-01A,TCGA-5P-A9JZ-01A,1.0,0.0,0.0,0.0,0.0
7,32456997,-,7,131144055,-,KIRP,633,TCGA-5P-A9JZ-01A,TCGA-5P-A9JZ-01A,1.0,0.0,0.0,0.0,0.0
7,33124754,-,7,33763896,-,KIRP,634,TCGA-5P-A9JZ-01A,TCGA-5P-A9JZ-01A,1.0,0.0,0.0,0.0,0.0
7,33222573,+,7,127337270,-,KIRP,635,TCGA-5P-A9JZ-01A,TCGA-5P-A9JZ-01A,1.0,0.0,0.0,0.0,0.0
7,33395340,+,7,66895049,+,KIRP,636,TCGA-5P-A9JZ-01A,TCGA-5P-A9JZ-01A,1.0,0.0,0.0,0.0,0.0
7,33763080,+,7,75150955,-,KIRP,637,TCGA-5P-A9JZ-01A,TCGA-5P-A9JZ-01A,1.0,0.0,0.0,0.0,0.0
7,35115265,+,7,134176620,-,KIRP,638,TCGA-5P-A9JZ-01A,TCGA-5P-A9JZ-01A,1.0,0.0,0.0,0.0,0.0
7,44295277,-,7,151509382,-,KIRP,639,TCGA-5P-A9JZ-01A,TCGA-5P-A9JZ-01A,1.0,0.0,0.0,0.0,0.0
7,45334423,+,7,130540086,+,KIRP,640,TCGA-5P-A9JZ-01A,TCGA-5P-A9JZ-01A,1.0,0.0,0.0,0.0,0.0
7,47713453,+,7,113668045,+,KIRP,641,TCGA-5P-A9JZ-01A,TCGA-5P-A9JZ-01A,1.0,0.0,0.0,0.0,0.0
7,48164297,-,7,116010246,+,KIRP,642,TCGA-5P-A9JZ-01A,TCGA-5P-A9JZ-01A,1.0,0.0,0.0,0.0,0.0
7,48419048,+,7,130826395,+,KIRP,643,TCGA-5P-A9JZ-01A,TCGA-5P-A9JZ-01A,1.0,0.0,0.0,0.0,0.0
7,50287618,+,7,95601630,+,KIRP,644,TCGA-5P-A9JZ-01A,TCGA-5P-A9JZ-01A,1.0,0.0,0.0,0.0,0.0
7,50287618,+,7,105152053,-,KIRP,645,TCGA-5P-A9JZ-01A,TCGA-5P-A9JZ-01A,1.0,0.0,0.0,0.0,0.0
7,51136725,-,7,108185035,-,KIRP,646,TCGA-5P-A9JZ-01A,TCGA-5P-A9JZ-01A,1.0,0.0,0.0,0.0,0.0
7,51136731,-,7,128383346,+,KIRP,647,TCGA-5P-A9JZ-01A,TCGA-5P-A9JZ-01A,1.0,0.0,0.0,0.0,0.0
7,51136855,+,7,113007179,+,KIRP,648,TCGA-5P-A9JZ-01A,TCGA-5P-A9JZ-01A,1.0,0.0,0.0,0.0,0.0
7,51137649,-,7,55328662,+,KIRP,649,TCGA-5P-A9JZ-01A,TCGA-5P-A9JZ-01A,1.0,0.0,0.0,0.0,0.0
7,53392316,+,7,113338597,-,KIRP,650,TCGA-5P-A9JZ-01A,TCGA-5P-A9JZ-01A,1.0,0.0,0.0,0.0,0.0
7,55035070,-,7,130825733,-,KIRP,651,TCGA-5P-A9JZ-01A,TCGA-5P-A9JZ-01A,1.0,0.0,0.0,0.0,0.0
7,55148389,-,7,115670881,-,KIRP,652,TCGA-5P-A9JZ-01A,TCGA-5P-A9JZ-01A,1.0,0.0,0.0,0.0,0.0
7,55779786,-,7,122450374,-,KIRP,653,TCGA-5P-A9JZ-01A,TCGA-5P-A9JZ-01A,1.0,0.0,0.0,0.0,0.0
7,56156624,+,7,144699488,+,KIRP,654,TCGA-5P-A9JZ-01A,TCGA-5P-A9JZ-01A,1.0,0.0,0.0,0.0,0.0
7,65894586,-,7,151510373,+,KIRP,655,TCGA-5P-A9JZ-01A,TCGA-5P-A9JZ-01A,1.0,0.0,0.0,0.0,0.0
7,66456276,+,7,117432633,-,KIRP,656,TCGA-5P-A9JZ-01A,TCGA-5P-A9JZ-01A,1.0,0.0,0.0,0.0,0.0
7,66467137,-,7,131144706,+,KIRP,657,TCGA-5P-A9JZ-01A,TCGA-5P-A9JZ-01A,1.0,0.0,0.0,0.0,0.0
7,66843155,-,7,103768515,-,KIRP,658,TCGA-5P-A9JZ-01A,TCGA-5P-A9JZ-01A,1.0,0.0,0.0,0.0,0.0
7,67348160,+,7,116010568,-,KIRP,659,TCGA-5P-A9JZ-01A,TCGA-5P-A9JZ-01A,1.0,0.0,0.0,0.0,0.0
7,74403024,-,7,130691616,-,KIRP,660,TCGA-5P-A9JZ-01A,TCGA-5P-A9JZ-01A,1.0,0.0,0.0,0.0,0.0
7,75025598,+,7,129455158,-,KIRP,661,TCGA-5P-A9JZ-01A,TCGA-5P-A9JZ-01A,1.0,0.0,0.0,0.0,0.0
7,75768529,+,7,130935194,-,KIRP,662,TCGA-5P-A9JZ-01A,TCGA-5P-A9JZ-01A,1.0,0.0,0.0,0.0,0.0
7,92101863,-,7,128104567,-,KIRP,663,TCGA-5P-A9JZ-01A,TCGA-5P-A9JZ-01A,1.0,0.0,0.0,0.0,0.0
7,92103094,-,7,127812260,+,KIRP,664,TCGA-5P-A9JZ-01A,TCGA-5P-A9JZ-01A,1.0,0.0,0.0,0.0,0.0
7,93027353,-,7,94502609,-,KIRP,665,TCGA-5P-A9JZ-01A,TCGA-5P-A9JZ-01A,1.0,0.0,0.0,0.0,0.0
7,93028050,+,7,118250295,+,KIRP,666,TCGA-5P-A9JZ-01A,TCGA-5P-A9JZ-01A,1.0,0.0,0.0,0.0,0.0
7,94619953,+,7,116012659,-,KIRP,667,TCGA-5P-A9JZ-01A,TCGA-5P-A9JZ-01A,1.0,0.0,0.0,0.0,0.0
7,95357972,-,7,134124670,+,KIRP,668,TCGA-5P-A9JZ-01A,TCGA-5P-A9JZ-01A,1.0,0.0,0.0,0.0,0.0
7,95358526,+,7,107544428,+,KIRP,669,TCGA-5P-A9JZ-01A,TCGA-5P-A9JZ-01A,1.0,0.0,0.0,0.0,0.0
7,95363006,+,7,149383485,-,KIRP,670,TCGA-5P-A9JZ-01A,TCGA-5P-A9JZ-01A,1.0,0.0,0.0,0.0,0.0
7,95368055,-,7,145765050,+,KIRP,671,TCGA-5P-A9JZ-01A,TCGA-5P-A9JZ-01A,1.0,0.0,0.0,0.0,0.0
7,96799114,-,7,103580831,+,KIRP,672,TCGA-5P-A9JZ-01A,TCGA-5P-A9JZ-01A,1.0,0.0,0.0,0.0,0.0
7,101738569,-,7,141231688,+,KIRP,673,TCGA-5P-A9JZ-01A,TCGA-5P-A9JZ-01A,1.0,0.0,0.0,0.0,0.0
7,104176095,+,7,125725981,+,KIRP,674,TCGA-5P-A9JZ-01A,TCGA-5P-A9JZ-01A,1.0,0.0,0.0,0.0,0.0
7,105150863,-,7,130066051,+,KIRP,675,TCGA-5P-A9JZ-01A,TCGA-5P-A9JZ-01A,1.0,0.0,0.0,0.0,0.0
7,105154778,-,7,107150461,-,KIRP,676,TCGA-5P-A9JZ-01A,TCGA-5P-A9JZ-01A,1.0,0.0,0.0,0.0,0.0
7,105528646,+,7,131651974,+,KIRP,677,TCGA-5P-A9JZ-01A,TCGA-5P-A9JZ-01A,1.0,0.0,0.0,0.0,0.0
7,105529048,+,7,106360512,+,KIRP,678,TCGA-5P-A9JZ-01A,TCGA-5P-A9JZ-01A,1.0,0.0,0.0,0.0,0.0
7,106931552,-,7,114518171,-,KIRP,679,TCGA-5P-A9JZ-01A,TCGA-5P-A9JZ-01A,1.0,0.0,0.0,0.0,0.0
7,107544519,+,7,134124575,+,KIRP,680,TCGA-5P-A9JZ-01A,TCGA-5P-A9JZ-01A,1.0,0.0,0.0,0.0,0.0
7,107544547,+,7,130823931,-,KIRP,681,TCGA-5P-A9JZ-01A,TCGA-5P-A9JZ-01A,1.0,0.0,0.0,0.0,0.0
7,107660652,-,7,140693645,+,KIRP,682,TCGA-5P-A9JZ-01A,TCGA-5P-A9JZ-01A,1.0,0.0,0.0,0.0,0.0
7,108185035,-,7,113007229,+,KIRP,683,TCGA-5P-A9JZ-01A,TCGA-5P-A9JZ-01A,1.0,0.0,0.0,0.0,0.0
7,108185259,-,7,113007124,+,KIRP,684,TCGA-5P-A9JZ-01A,TCGA-5P-A9JZ-01A,1.0,0.0,0.0,0.0,0.0
7,108186226,+,7,144647638,-,KIRP,685,TCGA-5P-A9JZ-01A,TCGA-5P-A9JZ-01A,1.0,0.0,0.0,0.0,0.0
7,108366316,+,7,112117779,-,KIRP,686,TCGA-5P-A9JZ-01A,TCGA-5P-A9JZ-01A,1.0,0.0,0.0,0.0,0.0
7,109433771,-,7,117888072,+,KIRP,687,TCGA-5P-A9JZ-01A,TCGA-5P-A9JZ-01A,1.0,0.0,0.0,0.0,0.0
7,113953586,-,7,131191580,-,KIRP,688,TCGA-5P-A9JZ-01A,TCGA-5P-A9JZ-01A,1.0,0.0,0.0,0.0,0.0
7,114517171,+,7,117229151,+,KIRP,689,TCGA-5P-A9JZ-01A,TCGA-5P-A9JZ-01A,1.0,0.0,0.0,0.0,0.0
7,114778313,+,7,121507383,+,KIRP,690,TCGA-5P-A9JZ-01A,TCGA-5P-A9JZ-01A,1.0,0.0,0.0,0.0,0.0
7,115857362,-,7,129951674,+,KIRP,691,TCGA-5P-A9JZ-01A,TCGA-5P-A9JZ-01A,1.0,0.0,0.0,0.0,0.0
7,117227147,+,7,117884900,+,KIRP,692,TCGA-5P-A9JZ-01A,TCGA-5P-A9JZ-01A,1.0,0.0,0.0,0.0,0.0
7,121095301,-,7,130081926,-,KIRP,693,TCGA-5P-A9JZ-01A,TCGA-5P-A9JZ-01A,1.0,0.0,0.0,0.0,0.0
7,122930920,-,7,148660041,+,KIRP,694,TCGA-5P-A9JZ-01A,TCGA-5P-A9JZ-01A,1.0,0.0,0.0,0.0,0.0
7,123762460,+,7,125309744,-,KIRP,695,TCGA-5P-A9JZ-01A,TCGA-5P-A9JZ-01A,1.0,0.0,0.0,0.0,0.0
7,124862345,-,7,141483208,+,KIRP,696,TCGA-5P-A9JZ-01A,TCGA-5P-A9JZ-01A,1.0,0.0,0.0,0.0,0.0
7,124862501,-,7,149574078,+,KIRP,697,TCGA-5P-A9JZ-01A,TCGA-5P-A9JZ-01A,1.0,0.0,0.0,0.0,0.0
7,129747908,-,7,129981081,-,KIRP,698,TCGA-5P-A9JZ-01A,TCGA-5P-A9JZ-01A,1.0,0.0,0.0,0.0,0.0
7,130226029,+,7,132538807,+,KIRP,699,TCGA-5P-A9JZ-01A,TCGA-5P-A9JZ-01A,1.0,0.0,0.0,0.0,0.0
7,130824138,-,7,132914986,-,KIRP,700,TCGA-5P-A9JZ-01A,TCGA-5P-A9JZ-01A,1.0,0.0,0.0,0.0,0.0
7,130824266,+,7,134124604,+,KIRP,701,TCGA-5P-A9JZ-01A,TCGA-5P-A9JZ-01A,1.0,0.0,0.0,0.0,0.0
7,130825282,-,7,131406339,-,KIRP,702,TCGA-5P-A9JZ-01A,TCGA-5P-A9JZ-01A,1.0,0.0,0.0,0.0,0.0
7,130935104,-,7,148677383,-,KIRP,703,TCGA-5P-A9JZ-01A,TCGA-5P-A9JZ-01A,1.0,0.0,0.0,0.0,0.0
7,130935476,+,7,140837032,-,KIRP,704,TCGA-5P-A9JZ-01A,TCGA-5P-A9JZ-01A,1.0,0.0,0.0,0.0,0.0
7,130936071,+,7,134760235,+,KIRP,705,TCGA-5P-A9JZ-01A,TCGA-5P-A9JZ-01A,1.0,0.0,0.0,0.0,0.0
7,131140839,+,7,131251695,+,KIRP,706,TCGA-5P-A9JZ-01A,TCGA-5P-A9JZ-01A,1.0,0.0,0.0,0.0,0.0
7,133167939,+,7,140839224,-,KIRP,707,TCGA-5P-A9JZ-01A,TCGA-5P-A9JZ-01A,1.0,0.0,0.0,0.0,0.0
7,140590710,+,7,140595461,-,KIRP,708,TCGA-5P-A9JZ-01A,TCGA-5P-A9JZ-01A,1.0,0.0,0.0,0.0,0.0
7,140837033,-,7,148677267,-,KIRP,709,TCGA-5P-A9JZ-01A,TCGA-5P-A9JZ-01A,1.0,0.0,0.0,0.0,0.0
7,149447434,+,7,150403165,+,KIRP,710,TCGA-5P-A9JZ-01A,TCGA-5P-A9JZ-01A,1.0,0.0,0.0,0.0,0.0
8,25447160,+,8,25447861,-,KIRP,711,TCGA-5P-A9JZ-01A,TCGA-5P-A9JZ-01A,1.0,0.0,0.0,0.0,0.0
9,40526774,+,20,26304655,-,KIRP,712,TCGA-5P-A9JZ-01A,TCGA-5P-A9JZ-01A,1.0,0.0,0.0,0.0,0.0
1,101496897,-,8,133313093,+,KIRP,713,TCGA-5P-A9K0-01A,TCGA-5P-A9K0-01A,1.0,0.0,0.0,0.0,0.0
10,128832183,-,20,41918203,-,KIRP,714,TCGA-5P-A9K0-01A,TCGA-5P-A9K0-01A,1.0,0.0,0.0,0.0,0.0
11,47642107,-,14,68794687,-,KIRP,715,TCGA-5P-A9K0-01A,TCGA-5P-A9K0-01A,1.0,0.0,0.0,0.0,0.0
12,36969441,-,12,37082532,+,KIRP,716,TCGA-5P-A9K0-01A,TCGA-5P-A9K0-01A,1.0,0.0,0.0,0.0,0.0
16,52958311,-,23,1049012,+,KIRP,717,TCGA-5P-A9K0-01A,TCGA-5P-A9K0-01A,1.0,0.0,0.0,0.0,0.0
2,94557546,-,2,132218858,+,KIRP,718,TCGA-5P-A9K0-01A,TCGA-5P-A9K0-01A,1.0,0.0,0.0,0.0,0.0
20,30001094,+,20,30014421,-,KIRP,719,TCGA-5P-A9K0-01A,TCGA-5P-A9K0-01A,1.0,0.0,0.0,0.0,0.0
3,89020509,+,17,71455869,-,KIRP,720,TCGA-5P-A9K0-01A,TCGA-5P-A9K0-01A,1.0,0.0,0.0,0.0,0.0
8,102921130,-,13,27063912,-,KIRP,721,TCGA-5P-A9K0-01A,TCGA-5P-A9K0-01A,1.0,0.0,0.0,0.0,0.0
1,15502886,-,7,148936296,+,KIRP,722,TCGA-5P-A9K2-01A,TCGA-5P-A9K2-01A,1.0,0.0,0.0,0.0,0.0
17,23058434,-,17,23170251,+,KIRP,723,TCGA-5P-A9K2-01A,TCGA-5P-A9K2-01A,1.0,0.0,0.0,0.0,0.0
18,23681508,-,20,22505242,-,KIRP,724,TCGA-5P-A9K2-01A,TCGA-5P-A9K2-01A,1.0,0.0,0.0,0.0,0.0
20,26615192,+,20,27261207,-,KIRP,725,TCGA-5P-A9K2-01A,TCGA-5P-A9K2-01A,1.0,0.0,0.0,0.0,0.0
4,15790165,-,17,20038315,-,KIRP,726,TCGA-5P-A9K2-01A,TCGA-5P-A9K2-01A,1.0,0.0,0.0,0.0,0.0
5,1895516,+,12,29911460,-,KIRP,727,TCGA-5P-A9K2-01A,TCGA-5P-A9K2-01A,1.0,0.0,0.0,0.0,0.0
5,1895539,-,12,29911459,+,KIRP,728,TCGA-5P-A9K2-01A,TCGA-5P-A9K2-01A,1.0,0.0,0.0,0.0,0.0
5,1895539,-,8,43146718,-,KIRP,729,TCGA-5P-A9K2-01A,TCGA-5P-A9K2-01A,1.0,0.0,0.0,0.0,0.0
8,43146814,+,12,29911459,+,KIRP,730,TCGA-5P-A9K2-01A,TCGA-5P-A9K2-01A,1.0,0.0,0.0,0.0,0.0
1,31880692,+,1,31881602,-,KIRP,731,TCGA-5P-A9K3-01A,TCGA-5P-A9K3-01A,1.0,0.0,0.0,0.0,0.0
11,53440225,+,11,53665291,-,KIRP,732,TCGA-5P-A9K3-01A,TCGA-5P-A9K3-01A,1.0,0.0,0.0,0.0,0.0
11,83830028,+,11,84039854,-,KIRP,733,TCGA-5P-A9K3-01A,TCGA-5P-A9K3-01A,1.0,0.0,0.0,0.0,0.0
13,74735021,+,13,74739877,-,KIRP,734,TCGA-5P-A9K3-01A,TCGA-5P-A9K3-01A,1.0,0.0,0.0,0.0,0.0
13,74735021,+,13,74826031,-,KIRP,735,TCGA-5P-A9K3-01A,TCGA-5P-A9K3-01A,1.0,0.0,0.0,0.0,0.0
13,74740052,+,13,74826030,-,KIRP,736,TCGA-5P-A9K3-01A,TCGA-5P-A9K3-01A,1.0,0.0,0.0,0.0,0.0
14,96197283,-,14,96204092,-,KIRP,737,TCGA-5P-A9K3-01A,TCGA-5P-A9K3-01A,1.0,0.0,0.0,0.0,0.0
14,96198672,+,14,96201357,+,KIRP,738,TCGA-5P-A9K3-01A,TCGA-5P-A9K3-01A,1.0,0.0,0.0,0.0,0.0
17,68477748,-,17,68498371,+,KIRP,739,TCGA-5P-A9K3-01A,TCGA-5P-A9K3-01A,1.0,0.0,0.0,0.0,0.0
2,80995610,+,2,81907531,-,KIRP,740,TCGA-5P-A9K3-01A,TCGA-5P-A9K3-01A,1.0,0.0,0.0,0.0,0.0
2,99487008,+,2,104722573,-,KIRP,741,TCGA-5P-A9K3-01A,TCGA-5P-A9K3-01A,1.0,0.0,0.0,0.0,0.0
3,39491369,+,3,64005226,-,KIRP,742,TCGA-5P-A9K3-01A,TCGA-5P-A9K3-01A,1.0,0.0,0.0,0.0,0.0
3,163477098,-,4,184618026,-,KIRP,743,TCGA-5P-A9K3-01A,TCGA-5P-A9K3-01A,1.0,0.0,0.0,0.0,0.0
4,91147414,-,10,64660223,-,KIRP,744,TCGA-5P-A9K3-01A,TCGA-5P-A9K3-01A,1.0,0.0,0.0,0.0,0.0
4,128189234,+,4,128191337,-,KIRP,745,TCGA-5P-A9K3-01A,TCGA-5P-A9K3-01A,1.0,0.0,0.0,0.0,0.0
4,142757654,-,4,143599949,+,KIRP,746,TCGA-5P-A9K3-01A,TCGA-5P-A9K3-01A,1.0,0.0,0.0,0.0,0.0
4,142757740,+,4,181362983,-,KIRP,747,TCGA-5P-A9K3-01A,TCGA-5P-A9K3-01A,1.0,0.0,0.0,0.0,0.0
4,142758010,+,4,181362836,-,KIRP,748,TCGA-5P-A9K3-01A,TCGA-5P-A9K3-01A,1.0,0.0,0.0,0.0,0.0
4,143600209,+,4,181362723,-,KIRP,749,TCGA-5P-A9K3-01A,TCGA-5P-A9K3-01A,1.0,0.0,0.0,0.0,0.0
4,153741874,-,4,156194165,-,KIRP,750,TCGA-5P-A9K3-01A,TCGA-5P-A9K3-01A,1.0,0.0,0.0,0.0,0.0
4,181236942,-,4,181242433,-,KIRP,751,TCGA-5P-A9K3-01A,TCGA-5P-A9K3-01A,1.0,0.0,0.0,0.0,0.0
4,181242278,+,4,181255303,+,KIRP,752,TCGA-5P-A9K3-01A,TCGA-5P-A9K3-01A,1.0,0.0,0.0,0.0,0.0
4,181347274,+,4,181349634,-,KIRP,753,TCGA-5P-A9K3-01A,TCGA-5P-A9K3-01A,1.0,0.0,0.0,0.0,0.0
4,181778530,+,4,187575762,-,KIRP,754,TCGA-5P-A9K3-01A,TCGA-5P-A9K3-01A,1.0,0.0,0.0,0.0,0.0
4,181983369,-,6,39615719,-,KIRP,755,TCGA-5P-A9K3-01A,TCGA-5P-A9K3-01A,1.0,0.0,0.0,0.0,0.0
6,30016610,+,6,31501113,-,KIRP,756,TCGA-5P-A9K3-01A,TCGA-5P-A9K3-01A,1.0,0.0,0.0,0.0,0.0
6,127826548,-,6,127827775,+,KIRP,757,TCGA-5P-A9K3-01A,TCGA-5P-A9K3-01A,1.0,0.0,0.0,0.0,0.0
7,152241173,-,13,18329507,-,KIRP,758,TCGA-5P-A9K3-01A,TCGA-5P-A9K3-01A,1.0,0.0,0.0,0.0,0.0
8,68196503,+,17,38389864,-,KIRP,759,TCGA-5P-A9K3-01A,TCGA-5P-A9K3-01A,1.0,0.0,0.0,0.0,0.0
9,32417908,+,9,32536689,-,KIRP,760,TCGA-5P-A9K3-01A,TCGA-5P-A9K3-01A,1.0,0.0,0.0,0.0,0.0
9,73848454,+,9,78747582,+,KIRP,761,TCGA-5P-A9K3-01A,TCGA-5P-A9K3-01A,1.0,0.0,0.0,0.0,0.0
9,80333226,+,9,80908929,-,KIRP,762,TCGA-5P-A9K3-01A,TCGA-5P-A9K3-01A,1.0,0.0,0.0,0.0,0.0
1,46608959,+,1,46609785,-,KIRP,763,TCGA-5P-A9K4-01A,TCGA-5P-A9K4-01A,1.0,0.0,0.0,0.0,0.0
11,35225127,+,17,38708980,+,KIRP,764,TCGA-5P-A9K4-01A,TCGA-5P-A9K4-01A,1.0,0.0,0.0,0.0,0.0
11,54919351,+,23,58406938,+,KIRP,765,TCGA-5P-A9K4-01A,TCGA-5P-A9K4-01A,1.0,0.0,0.0,0.0,0.0
13,68703973,-,17,889918,-,KIRP,766,TCGA-5P-A9K4-01A,TCGA-5P-A9K4-01A,1.0,0.0,0.0,0.0,0.0
13,68704109,+,17,890511,+,KIRP,767,TCGA-5P-A9K4-01A,TCGA-5P-A9K4-01A,1.0,0.0,0.0,0.0,0.0
2,26714851,-,2,140506267,-,KIRP,768,TCGA-5P-A9K4-01A,TCGA-5P-A9K4-01A,1.0,0.0,0.0,0.0,0.0
2,147760644,+,23,15021949,+,KIRP,769,TCGA-5P-A9K4-01A,TCGA-5P-A9K4-01A,1.0,0.0,0.0,0.0,0.0
2,212379845,+,2,212380461,-,KIRP,770,TCGA-5P-A9K4-01A,TCGA-5P-A9K4-01A,1.0,0.0,0.0,0.0,0.0
3,90832437,-,3,91153545,+,KIRP,771,TCGA-5P-A9K4-01A,TCGA-5P-A9K4-01A,1.0,0.0,0.0,0.0,0.0
4,110809644,+,4,110828399,+,KIRP,772,TCGA-5P-A9K4-01A,TCGA-5P-A9K4-01A,1.0,0.0,0.0,0.0,0.0
5,139237452,-,22,37410417,-,KIRP,773,TCGA-5P-A9K4-01A,TCGA-5P-A9K4-01A,1.0,0.0,0.0,0.0,0.0
5,139596568,+,22,37742406,+,KIRP,774,TCGA-5P-A9K4-01A,TCGA-5P-A9K4-01A,1.0,0.0,0.0,0.0,0.0
6,81320523,-,17,890526,+,KIRP,775,TCGA-5P-A9K4-01A,TCGA-5P-A9K4-01A,1.0,0.0,0.0,0.0,0.0
6,81320614,+,17,890194,-,KIRP,776,TCGA-5P-A9K4-01A,TCGA-5P-A9K4-01A,1.0,0.0,0.0,0.0,0.0
8,94638688,-,8,95006366,+,KIRP,777,TCGA-5P-A9K4-01A,TCGA-5P-A9K4-01A,1.0,0.0,0.0,0.0,0.0
9,43692963,+,9,45129117,-,KIRP,778,TCGA-5P-A9K4-01A,TCGA-5P-A9K4-01A,1.0,0.0,0.0,0.0,0.0
9,111828611,-,9,112161099,+,KIRP,779,TCGA-5P-A9K4-01A,TCGA-5P-A9K4-01A,1.0,0.0,0.0,0.0,0.0
23,17441860,-,23,17887723,+,KIRP,780,TCGA-5P-A9K4-01A,TCGA-5P-A9K4-01A,1.0,0.0,0.0,0.0,0.0
10,39268657,+,10,41784755,+,KIRP,781,TCGA-5P-A9K6-01A,TCGA-5P-A9K6-01A,1.0,0.0,0.0,0.0,0.0
11,9533068,+,11,9536167,-,KIRP,782,TCGA-5P-A9K6-01A,TCGA-5P-A9K6-01A,1.0,0.0,0.0,0.0,0.0
3,10134148,-,16,67869887,+,KIRP,783,TCGA-5P-A9K6-01A,TCGA-5P-A9K6-01A,1.0,0.0,0.0,0.0,0.0
3,23930208,-,7,29791470,+,KIRP,784,TCGA-5P-A9K6-01A,TCGA-5P-A9K6-01A,1.0,0.0,0.0,0.0,0.0
4,73158189,+,8,74081054,+,KIRP,785,TCGA-5P-A9K6-01A,TCGA-5P-A9K6-01A,1.0,0.0,0.0,0.0,0.0
6,108000731,+,19,14255101,+,KIRP,786,TCGA-5P-A9K6-01A,TCGA-5P-A9K6-01A,1.0,0.0,0.0,0.0,0.0
7,22464964,+,12,76058222,+,KIRP,787,TCGA-5P-A9K6-01A,TCGA-5P-A9K6-01A,1.0,0.0,0.0,0.0,0.0
1,123439038,+,1,124654914,-,KIRP,788,TCGA-5P-A9K8-01A,TCGA-5P-A9K8-01A,1.0,0.0,0.0,0.0,0.0
10,132261041,-,10,132261204,+,KIRP,789,TCGA-5P-A9K8-01A,TCGA-5P-A9K8-01A,1.0,0.0,0.0,0.0,0.0
12,127229879,+,13,92779298,+,KIRP,790,TCGA-5P-A9K8-01A,TCGA-5P-A9K8-01A,1.0,0.0,0.0,0.0,0.0
13,16020132,-,20,28765288,-,KIRP,791,TCGA-5P-A9K8-01A,TCGA-5P-A9K8-01A,1.0,0.0,0.0,0.0,0.0
18,15590296,+,18,15673353,-,KIRP,792,TCGA-5P-A9K8-01A,TCGA-5P-A9K8-01A,1.0,0.0,0.0,0.0,0.0
4,2091762,-,5,90470757,-,KIRP,793,TCGA-5P-A9K8-01A,TCGA-5P-A9K8-01A,1.0,0.0,0.0,0.0,0.0
5,47026999,-,5,47048511,+,KIRP,794,TCGA-5P-A9K8-01A,TCGA-5P-A9K8-01A,1.0,0.0,0.0,0.0,0.0
1,36542362,-,12,95837625,+,KIRP,795,TCGA-5P-A9K9-01A,TCGA-5P-A9K9-01A,1.0,0.0,0.0,0.0,0.0
1,36542363,-,12,131847398,+,KIRP,796,TCGA-5P-A9K9-01A,TCGA-5P-A9K9-01A,1.0,0.0,0.0,0.0,0.0
1,105892656,-,5,139294029,+,KIRP,797,TCGA-5P-A9K9-01A,TCGA-5P-A9K9-01A,1.0,0.0,0.0,0.0,0.0
1,169055281,-,10,3468850,+,KIRP,798,TCGA-5P-A9K9-01A,TCGA-5P-A9K9-01A,1.0,0.0,0.0,0.0,0.0
1,208048266,+,6,41012475,-,KIRP,799,TCGA-5P-A9K9-01A,TCGA-5P-A9K9-01A,1.0,0.0,0.0,0.0,0.0
1,208048470,+,6,41012565,-,KIRP,800,TCGA-5P-A9K9-01A,TCGA-5P-A9K9-01A,1.0,0.0,0.0,0.0,0.0
1,246117416,+,1,246118680,-,KIRP,801,TCGA-5P-A9K9-01A,TCGA-5P-A9K9-01A,1.0,0.0,0.0,0.0,0.0
10,26998775,+,10,27228310,-,KIRP,802,TCGA-5P-A9K9-01A,TCGA-5P-A9K9-01A,1.0,0.0,0.0,0.0,0.0
11,50455254,-,11,54811146,+,KIRP,803,TCGA-5P-A9K9-01A,TCGA-5P-A9K9-01A,1.0,0.0,0.0,0.0,0.0
11,118097155,-,22,27728870,+,KIRP,804,TCGA-5P-A9K9-01A,TCGA-5P-A9K9-01A,1.0,0.0,0.0,0.0,0.0
12,2002744,-,12,2003582,-,KIRP,805,TCGA-5P-A9K9-01A,TCGA-5P-A9K9-01A,1.0,0.0,0.0,0.0,0.0
12,2117135,+,12,2282336,-,KIRP,806,TCGA-5P-A9K9-01A,TCGA-5P-A9K9-01A,1.0,0.0,0.0,0.0,0.0
12,3660523,+,12,12444543,+,KIRP,807,TCGA-5P-A9K9-01A,TCGA-5P-A9K9-01A,1.0,0.0,0.0,0.0,0.0
12,4406932,+,12,4986282,+,KIRP,808,TCGA-5P-A9K9-01A,TCGA-5P-A9K9-01A,1.0,0.0,0.0,0.0,0.0
12,4471958,-,12,18051331,+,KIRP,809,TCGA-5P-A9K9-01A,TCGA-5P-A9K9-01A,1.0,0.0,0.0,0.0,0.0
12,4986352,-,12,25084724,+,KIRP,810,TCGA-5P-A9K9-01A,TCGA-5P-A9K9-01A,1.0,0.0,0.0,0.0,0.0
12,4987939,+,12,5171747,+,KIRP,811,TCGA-5P-A9K9-01A,TCGA-5P-A9K9-01A,1.0,0.0,0.0,0.0,0.0
12,5171847,-,12,24657507,-,KIRP,812,TCGA-5P-A9K9-01A,TCGA-5P-A9K9-01A,1.0,0.0,0.0,0.0,0.0
12,11155334,+,12,14116483,+,KIRP,813,TCGA-5P-A9K9-01A,TCGA-5P-A9K9-01A,1.0,0.0,0.0,0.0,0.0
12,13548507,-,12,17536145,-,KIRP,814,TCGA-5P-A9K9-01A,TCGA-5P-A9K9-01A,1.0,0.0,0.0,0.0,0.0
12,95837479,-,12,131847398,+,KIRP,815,TCGA-5P-A9K9-01A,TCGA-5P-A9K9-01A,1.0,0.0,0.0,0.0,0.0
12,107376363,+,12,107378184,-,KIRP,816,TCGA-5P-A9K9-01A,TCGA-5P-A9K9-01A,1.0,0.0,0.0,0.0,0.0
12,128927300,-,12,128936235,+,KIRP,817,TCGA-5P-A9K9-01A,TCGA-5P-A9K9-01A,1.0,0.0,0.0,0.0,0.0
13,16857285,-,13,16918527,+,KIRP,818,TCGA-5P-A9K9-01A,TCGA-5P-A9K9-01A,1.0,0.0,0.0,0.0,0.0
13,18420748,-,21,13049718,+,KIRP,819,TCGA-5P-A9K9-01A,TCGA-5P-A9K9-01A,1.0,0.0,0.0,0.0,0.0
13,41028677,-,13,41036950,-,KIRP,820,TCGA-5P-A9K9-01A,TCGA-5P-A9K9-01A,1.0,0.0,0.0,0.0,0.0
13,71036503,+,13,71038435,-,KIRP,821,TCGA-5P-A9K9-01A,TCGA-5P-A9K9-01A,1.0,0.0,0.0,0.0,0.0
16,52323668,-,16,56415561,-,KIRP,822,TCGA-5P-A9K9-01A,TCGA-5P-A9K9-01A,1.0,0.0,0.0,0.0,0.0
16,52512061,-,16,56882406,-,KIRP,823,TCGA-5P-A9K9-01A,TCGA-5P-A9K9-01A,1.0,0.0,0.0,0.0,0.0
16,54989489,+,17,37354381,-,KIRP,824,TCGA-5P-A9K9-01A,TCGA-5P-A9K9-01A,1.0,0.0,0.0,0.0,0.0
16,62138904,+,16,62141639,-,KIRP,825,TCGA-5P-A9K9-01A,TCGA-5P-A9K9-01A,1.0,0.0,0.0,0.0,0.0
17,22586430,-,17,76345109,-,KIRP,826,TCGA-5P-A9K9-01A,TCGA-5P-A9K9-01A,1.0,0.0,0.0,0.0,0.0
17,22929918,-,17,23176248,+,KIRP,827,TCGA-5P-A9K9-01A,TCGA-5P-A9K9-01A,1.0,0.0,0.0,0.0,0.0
18,15573633,-,18,15679480,+,KIRP,828,TCGA-5P-A9K9-01A,TCGA-5P-A9K9-01A,1.0,0.0,0.0,0.0,0.0
18,15582149,-,18,15760631,+,KIRP,829,TCGA-5P-A9K9-01A,TCGA-5P-A9K9-01A,1.0,0.0,0.0,0.0,0.0
19,9003649,-,19,55362436,-,KIRP,830,TCGA-5P-A9K9-01A,TCGA-5P-A9K9-01A,1.0,0.0,0.0,0.0,0.0
19,9003855,-,19,9006661,-,KIRP,831,TCGA-5P-A9K9-01A,TCGA-5P-A9K9-01A,1.0,0.0,0.0,0.0,0.0
19,9006760,+,19,55362436,-,KIRP,832,TCGA-5P-A9K9-01A,TCGA-5P-A9K9-01A,1.0,0.0,0.0,0.0,0.0
19,49678850,+,19,49695663,-,KIRP,833,TCGA-5P-A9K9-01A,TCGA-5P-A9K9-01A,1.0,0.0,0.0,0.0,0.0
2,258914,+,10,63189151,+,KIRP,834,TCGA-5P-A9K9-01A,TCGA-5P-A9K9-01A,1.0,0.0,0.0,0.0,0.0
2,258928,+,2,408401,-,KIRP,835,TCGA-5P-A9K9-01A,TCGA-5P-A9K9-01A,1.0,0.0,0.0,0.0,0.0
2,6931927,-,13,41042544,+,KIRP,836,TCGA-5P-A9K9-01A,TCGA-5P-A9K9-01A,1.0,0.0,0.0,0.0,0.0
2,66720544,+,12,5171646,-,KIRP,837,TCGA-5P-A9K9-01A,TCGA-5P-A9K9-01A,1.0,0.0,0.0,0.0,0.0
2,79936317,+,2,80115872,-,KIRP,838,TCGA-5P-A9K9-01A,TCGA-5P-A9K9-01A,1.0,0.0,0.0,0.0,0.0
2,84762931,+,2,84784571,-,KIRP,839,TCGA-5P-A9K9-01A,TCGA-5P-A9K9-01A,1.0,0.0,0.0,0.0,0.0
2,84762931,-,2,132550297,-,KIRP,840,TCGA-5P-A9K9-01A,TCGA-5P-A9K9-01A,1.0,0.0,0.0,0.0,0.0
2,84768133,+,2,127505008,-,KIRP,841,TCGA-5P-A9K9-01A,TCGA-5P-A9K9-01A,1.0,0.0,0.0,0.0,0.0
2,93077820,+,2,93442094,-,KIRP,842,TCGA-5P-A9K9-01A,TCGA-5P-A9K9-01A,1.0,0.0,0.0,0.0,0.0
2,123748364,+,2,134836174,-,KIRP,843,TCGA-5P-A9K9-01A,TCGA-5P-A9K9-01A,1.0,0.0,0.0,0.0,0.0
2,129755392,+,2,134860834,+,KIRP,844,TCGA-5P-A9K9-01A,TCGA-5P-A9K9-01A,1.0,0.0,0.0,0.0,0.0
2,139999708,+,8,2723224,+,KIRP,845,TCGA-5P-A9K9-01A,TCGA-5P-A9K9-01A,1.0,0.0,0.0,0.0,0.0
2,204830697,+,7,131759337,-,KIRP,846,TCGA-5P-A9K9-01A,TCGA-5P-A9K9-01A,1.0,0.0,0.0,0.0,0.0
2,208257029,-,5,129208851,+,KIRP,847,TCGA-5P-A9K9-01A,TCGA-5P-A9K9-01A,1.0,0.0,0.0,0.0,0.0
2,219278838,+,2,222076092,-,KIRP,848,TCGA-5P-A9K9-01A,TCGA-5P-A9K9-01A,1.0,0.0,0.0,0.0,0.0
2,225284754,+,3,89731266,+,KIRP,849,TCGA-5P-A9K9-01A,TCGA-5P-A9K9-01A,1.0,0.0,0.0,0.0,0.0
20,4779420,-,20,26200864,-,KIRP,850,TCGA-5P-A9K9-01A,TCGA-5P-A9K9-01A,1.0,0.0,0.0,0.0,0.0
20,26201663,+,21,20500742,-,KIRP,851,TCGA-5P-A9K9-01A,TCGA-5P-A9K9-01A,1.0,0.0,0.0,0.0,0.0
22,23344626,-,22,24675162,+,KIRP,852,TCGA-5P-A9K9-01A,TCGA-5P-A9K9-01A,1.0,0.0,0.0,0.0,0.0
3,89770678,-,16,33994352,-,KIRP,853,TCGA-5P-A9K9-01A,TCGA-5P-A9K9-01A,1.0,0.0,0.0,0.0,0.0
3,90966171,-,3,91048059,+,KIRP,854,TCGA-5P-A9K9-01A,TCGA-5P-A9K9-01A,1.0,0.0,0.0,0.0,0.0
3,157972136,-,5,18435618,+,KIRP,855,TCGA-5P-A9K9-01A,TCGA-5P-A9K9-01A,1.0,0.0,0.0,0.0,0.0
3,172482761,-,12,69249129,+,KIRP,856,TCGA-5P-A9K9-01A,TCGA-5P-A9K9-01A,1.0,0.0,0.0,0.0,0.0
3,175167340,+,3,175894342,-,KIRP,857,TCGA-5P-A9K9-01A,TCGA-5P-A9K9-01A,1.0,0.0,0.0,0.0,0.0
3,188784408,+,3,188785536,-,KIRP,858,TCGA-5P-A9K9-01A,TCGA-5P-A9K9-01A,1.0,0.0,0.0,0.0,0.0
4,19299219,+,4,20319169,-,KIRP,859,TCGA-5P-A9K9-01A,TCGA-5P-A9K9-01A,1.0,0.0,0.0,0.0,0.0
4,28917838,-,19,2830072,+,KIRP,860,TCGA-5P-A9K9-01A,TCGA-5P-A9K9-01A,1.0,0.0,0.0,0.0,0.0
4,90848772,+,4,90911796,-,KIRP,861,TCGA-5P-A9K9-01A,TCGA-5P-A9K9-01A,1.0,0.0,0.0,0.0,0.0
4,163980012,+,4,163981263,-,KIRP,862,TCGA-5P-A9K9-01A,TCGA-5P-A9K9-01A,1.0,0.0,0.0,0.0,0.0
5,25386446,+,6,128463721,+,KIRP,863,TCGA-5P-A9K9-01A,TCGA-5P-A9K9-01A,1.0,0.0,0.0,0.0,0.0
5,33075086,+,5,33110586,-,KIRP,864,TCGA-5P-A9K9-01A,TCGA-5P-A9K9-01A,1.0,0.0,0.0,0.0,0.0
5,126352814,-,5,126835827,+,KIRP,865,TCGA-5P-A9K9-01A,TCGA-5P-A9K9-01A,1.0,0.0,0.0,0.0,0.0
5,126561810,+,5,126834861,-,KIRP,866,TCGA-5P-A9K9-01A,TCGA-5P-A9K9-01A,1.0,0.0,0.0,0.0,0.0
5,126776976,+,5,127104561,+,KIRP,867,TCGA-5P-A9K9-01A,TCGA-5P-A9K9-01A,1.0,0.0,0.0,0.0,0.0
5,126834446,+,5,126966592,-,KIRP,868,TCGA-5P-A9K9-01A,TCGA-5P-A9K9-01A,1.0,0.0,0.0,0.0,0.0
5,126966756,+,5,127102662,-,KIRP,869,TCGA-5P-A9K9-01A,TCGA-5P-A9K9-01A,1.0,0.0,0.0,0.0,0.0
5,177191245,-,18,80258500,+,KIRP,870,TCGA-5P-A9K9-01A,TCGA-5P-A9K9-01A,1.0,0.0,0.0,0.0,0.0
6,58713831,+,6,58875122,-,KIRP,871,TCGA-5P-A9K9-01A,TCGA-5P-A9K9-01A,1.0,0.0,0.0,0.0,0.0
6,104003596,-,11,134403983,-,KIRP,872,TCGA-5P-A9K9-01A,TCGA-5P-A9K9-01A,1.0,0.0,0.0,0.0,0.0
6,116079666,-,22,49850989,+,KIRP,873,TCGA-5P-A9K9-01A,TCGA-5P-A9K9-01A,1.0,0.0,0.0,0.0,0.0
7,76650089,+,7,81296908,-,KIRP,874,TCGA-5P-A9K9-01A,TCGA-5P-A9K9-01A,1.0,0.0,0.0,0.0,0.0
7,81988339,+,20,7145952,+,KIRP,875,TCGA-5P-A9K9-01A,TCGA-5P-A9K9-01A,1.0,0.0,0.0,0.0,0.0
8,1988785,+,11,135044928,+,KIRP,876,TCGA-5P-A9K9-01A,TCGA-5P-A9K9-01A,1.0,0.0,0.0,0.0,0.0
8,5540660,-,9,94313789,-,KIRP,877,TCGA-5P-A9K9-01A,TCGA-5P-A9K9-01A,1.0,0.0,0.0,0.0,0.0
23,23353400,+,23,23354639,-,KIRP,878,TCGA-5P-A9K9-01A,TCGA-5P-A9K9-01A,1.0,0.0,0.0,0.0,0.0
23,133892950,+,23,133894075,-,KIRP,879,TCGA-5P-A9K9-01A,TCGA-5P-A9K9-01A,1.0,0.0,0.0,0.0,0.0
1,73129285,-,11,118729516,+,KIRP,880,TCGA-5P-A9KC-01A,TCGA-5P-A9KC-01A,1.0,0.0,0.0,0.0,0.0
10,130574353,-,12,22655884,+,KIRP,881,TCGA-5P-A9KC-01A,TCGA-5P-A9KC-01A,1.0,0.0,0.0,0.0,0.0
12,130873089,-,12,130893438,+,KIRP,882,TCGA-5P-A9KC-01A,TCGA-5P-A9KC-01A,1.0,0.0,0.0,0.0,0.0
13,16670022,-,13,16758832,+,KIRP,883,TCGA-5P-A9KC-01A,TCGA-5P-A9KC-01A,1.0,0.0,0.0,0.0,0.0
2,60397098,+,5,172150067,+,KIRP,884,TCGA-5P-A9KC-01A,TCGA-5P-A9KC-01A,1.0,0.0,0.0,0.0,0.0
21,30560288,-,21,30561033,-,KIRP,885,TCGA-5P-A9KC-01A,TCGA-5P-A9KC-01A,1.0,0.0,0.0,0.0,0.0
3,91113717,-,3,91221033,+,KIRP,886,TCGA-5P-A9KC-01A,TCGA-5P-A9KC-01A,1.0,0.0,0.0,0.0,0.0
4,12665984,+,4,12667204,-,KIRP,887,TCGA-5P-A9KC-01A,TCGA-5P-A9KC-01A,1.0,0.0,0.0,0.0,0.0
4,53923793,+,16,56084004,+,KIRP,888,TCGA-5P-A9KC-01A,TCGA-5P-A9KC-01A,1.0,0.0,0.0,0.0,0.0
23,148583568,-,23,148583767,+,KIRP,889,TCGA-5P-A9KC-01A,TCGA-5P-A9KC-01A,1.0,0.0,0.0,0.0,0.0
1,56555236,-,7,50292528,+,KIRP,890,TCGA-5P-A9KE-01A,TCGA-5P-A9KE-01A,1.0,0.0,0.0,0.0,0.0
10,57890642,+,17,16461076,-,KIRP,891,TCGA-5P-A9KE-01A,TCGA-5P-A9KE-01A,1.0,0.0,0.0,0.0,0.0
10,89990278,-,23,1048784,-,KIRP,892,TCGA-5P-A9KE-01A,TCGA-5P-A9KE-01A,1.0,0.0,0.0,0.0,0.0
17,15719696,-,17,18659326,-,KIRP,893,TCGA-5P-A9KE-01A,TCGA-5P-A9KE-01A,1.0,0.0,0.0,0.0,0.0
18,15473200,+,18,15699426,-,KIRP,894,TCGA-5P-A9KE-01A,TCGA-5P-A9KE-01A,1.0,0.0,0.0,0.0,0.0
18,15731796,+,18,15743358,-,KIRP,895,TCGA-5P-A9KE-01A,TCGA-5P-A9KE-01A,1.0,0.0,0.0,0.0,0.0
20,29917753,+,20,30024427,-,KIRP,896,TCGA-5P-A9KE-01A,TCGA-5P-A9KE-01A,1.0,0.0,0.0,0.0,0.0
3,76119917,-,16,55835678,-,KIRP,897,TCGA-5P-A9KE-01A,TCGA-5P-A9KE-01A,1.0,0.0,0.0,0.0,0.0
3,155814073,-,3,155945094,-,KIRP,898,TCGA-5P-A9KE-01A,TCGA-5P-A9KE-01A,1.0,0.0,0.0,0.0,0.0
6,163393183,-,8,74272593,-,KIRP,899,TCGA-5P-A9KE-01A,TCGA-5P-A9KE-01A,1.0,0.0,0.0,0.0,0.0
8,87428334,-,18,43735261,+,KIRP,900,TCGA-5P-A9KE-01A,TCGA-5P-A9KE-01A,1.0,0.0,0.0,0.0,0.0
9,134828677,+,16,83164125,-,KIRP,901,TCGA-5P-A9KE-01A,TCGA-5P-A9KE-01A,1.0,0.0,0.0,0.0,0.0
23,86842223,-,23,87968957,+,KIRP,902,TCGA-5P-A9KE-01A,TCGA-5P-A9KE-01A,1.0,0.0,0.0,0.0,0.0
1,29872175,-,1,29873208,+,KIRP,903,TCGA-5P-A9KF-01A,TCGA-5P-A9KF-01A,1.0,0.0,0.0,0.0,0.0
1,122200934,-,1,122215856,+,KIRP,904,TCGA-5P-A9KF-01A,TCGA-5P-A9KF-01A,1.0,0.0,0.0,0.0,0.0
11,54378174,-,11,54380217,+,KIRP,905,TCGA-5P-A9KF-01A,TCGA-5P-A9KF-01A,1.0,0.0,0.0,0.0,0.0
12,124428088,+,21,33974102,+,KIRP,906,TCGA-5P-A9KF-01A,TCGA-5P-A9KF-01A,1.0,0.0,0.0,0.0,0.0
13,16426821,-,13,16734453,+,KIRP,907,TCGA-5P-A9KF-01A,TCGA-5P-A9KF-01A,1.0,0.0,0.0,0.0,0.0
16,51288597,-,22,27728923,+,KIRP,908,TCGA-5P-A9KF-01A,TCGA-5P-A9KF-01A,1.0,0.0,0.0,0.0,0.0
18,15636241,-,18,15701249,+,KIRP,909,TCGA-5P-A9KF-01A,TCGA-5P-A9KF-01A,1.0,0.0,0.0,0.0,0.0
2,47322846,+,3,129624352,-,KIRP,910,TCGA-5P-A9KF-01A,TCGA-5P-A9KF-01A,1.0,0.0,0.0,0.0,0.0
2,169568067,-,2,169662977,-,KIRP,911,TCGA-5P-A9KF-01A,TCGA-5P-A9KF-01A,1.0,0.0,0.0,0.0,0.0
3,79297702,-,3,79297791,+,KIRP,912,TCGA-5P-A9KF-01A,TCGA-5P-A9KF-01A,1.0,0.0,0.0,0.0,0.0
5,49676211,+,5,49716408,-,KIRP,913,TCGA-5P-A9KF-01A,TCGA-5P-A9KF-01A,1.0,0.0,0.0,0.0,0.0
7,86197235,-,7,86205665,-,KIRP,914,TCGA-5P-A9KF-01A,TCGA-5P-A9KF-01A,1.0,0.0,0.0,0.0,0.0
7,121822953,+,7,128135158,-,KIRP,915,TCGA-5P-A9KF-01A,TCGA-5P-A9KF-01A,1.0,0.0,0.0,0.0,0.0
7,146483321,+,8,123389985,+,KIRP,916,TCGA-5P-A9KF-01A,TCGA-5P-A9KF-01A,1.0,0.0,0.0,0.0,0.0
8,101092749,-,16,24021062,+,KIRP,917,TCGA-5P-A9KF-01A,TCGA-5P-A9KF-01A,1.0,0.0,0.0,0.0,0.0
1,66229308,+,3,57631723,-,KIRP,918,TCGA-5P-A9KH-01A,TCGA-5P-A9KH-01A,1.0,0.0,0.0,0.0,0.0
1,93053241,-,2,80232650,+,KIRP,919,TCGA-5P-A9KH-01A,TCGA-5P-A9KH-01A,1.0,0.0,0.0,0.0,0.0
1,122173025,-,1,122191518,+,KIRP,920,TCGA-5P-A9KH-01A,TCGA-5P-A9KH-01A,1.0,0.0,0.0,0.0,0.0
1,147540232,-,15,52381783,+,KIRP,921,TCGA-5P-A9KH-01A,TCGA-5P-A9KH-01A,1.0,0.0,0.0,0.0,0.0
11,75707790,-,16,12393427,+,KIRP,922,TCGA-5P-A9KH-01A,TCGA-5P-A9KH-01A,1.0,0.0,0.0,0.0,0.0
13,17005358,-,13,17107812,+,KIRP,923,TCGA-5P-A9KH-01A,TCGA-5P-A9KH-01A,1.0,0.0,0.0,0.0,0.0
13,18230729,-,22,18372236,-,KIRP,924,TCGA-5P-A9KH-01A,TCGA-5P-A9KH-01A,1.0,0.0,0.0,0.0,0.0
18,15743969,+,18,15760136,-,KIRP,925,TCGA-5P-A9KH-01A,TCGA-5P-A9KH-01A,1.0,0.0,0.0,0.0,0.0
19,14090239,+,22,20449648,-,KIRP,926,TCGA-5P-A9KH-01A,TCGA-5P-A9KH-01A,1.0,0.0,0.0,0.0,0.0
20,26437126,-,20,26545320,+,KIRP,927,TCGA-5P-A9KH-01A,TCGA-5P-A9KH-01A,1.0,0.0,0.0,0.0,0.0
20,43095958,+,20,46111902,+,KIRP,928,TCGA-5P-A9KH-01A,TCGA-5P-A9KH-01A,1.0,0.0,0.0,0.0,0.0
4,50189352,-,4,50993239,+,KIRP,929,TCGA-5P-A9KH-01A,TCGA-5P-A9KH-01A,1.0,0.0,0.0,0.0,0.0
5,46433931,+,5,46568054,+,KIRP,930,TCGA-5P-A9KH-01A,TCGA-5P-A9KH-01A,1.0,0.0,0.0,0.0,0.0
5,148395729,-,5,149785429,-,KIRP,931,TCGA-5P-A9KH-01A,TCGA-5P-A9KH-01A,1.0,0.0,0.0,0.0,0.0
5,148395730,+,5,149785424,+,KIRP,932,TCGA-5P-A9KH-01A,TCGA-5P-A9KH-01A,1.0,0.0,0.0,0.0,0.0
6,58572953,-,6,59445420,+,KIRP,933,TCGA-5P-A9KH-01A,TCGA-5P-A9KH-01A,1.0,0.0,0.0,0.0,0.0
9,8322392,+,9,8743052,-,KIRP,934,TCGA-5P-A9KH-01A,TCGA-5P-A9KH-01A,1.0,0.0,0.0,0.0,0.0
1,122173045,-,1,122191522,+,KIRP,935,TCGA-A4-7286-01A,TCGA-A4-7286-01A,1.0,0.0,0.0,0.0,0.0
10,86799532,+,16,80343687,+,KIRP,936,TCGA-A4-7286-01A,TCGA-A4-7286-01A,1.0,0.0,0.0,0.0,0.0
15,70516257,+,16,69478503,-,KIRP,937,TCGA-A4-7286-01A,TCGA-A4-7286-01A,1.0,0.0,0.0,0.0,0.0
16,69943670,+,16,70166609,-,KIRP,938,TCGA-A4-7286-01A,TCGA-A4-7286-01A,1.0,0.0,0.0,0.0,0.0
20,23412202,+,20,23679491,-,KIRP,939,TCGA-A4-7286-01A,TCGA-A4-7286-01A,1.0,0.0,0.0,0.0,0.0
3,90401262,-,20,30985412,+,KIRP,940,TCGA-A4-7286-01A,TCGA-A4-7286-01A,1.0,0.0,0.0,0.0,0.0
3,90793666,+,3,91003308,-,KIRP,941,TCGA-A4-7286-01A,TCGA-A4-7286-01A,1.0,0.0,0.0,0.0,0.0
3,91115185,-,3,91185017,+,KIRP,942,TCGA-A4-7286-01A,TCGA-A4-7286-01A,1.0,0.0,0.0,0.0,0.0
4,51595219,+,4,51602094,-,KIRP,943,TCGA-A4-7286-01A,TCGA-A4-7286-01A,1.0,0.0,0.0,0.0,0.0
6,128435046,-,16,65833512,+,KIRP,944,TCGA-A4-7286-01A,TCGA-A4-7286-01A,1.0,0.0,0.0,0.0,0.0
7,58197936,-,7,61968730,+,KIRP,945,TCGA-A4-7286-01A,TCGA-A4-7286-01A,1.0,0.0,0.0,0.0,0.0
1,204443739,-,1,204443885,+,KIRP,946,TCGA-A4-7287-01A,TCGA-A4-7287-01A,1.0,0.0,0.0,0.0,0.0
11,852276,+,18,45375256,-,KIRP,947,TCGA-A4-7287-01A,TCGA-A4-7287-01A,1.0,0.0,0.0,0.0,0.0
11,13732904,-,11,21433187,-,KIRP,948,TCGA-A4-7287-01A,TCGA-A4-7287-01A,1.0,0.0,0.0,0.0,0.0
11,13732904,-,11,21433208,+,KIRP,949,TCGA-A4-7287-01A,TCGA-A4-7287-01A,1.0,0.0,0.0,0.0,0.0
11,13733051,-,11,21432986,-,KIRP,950,TCGA-A4-7287-01A,TCGA-A4-7287-01A,1.0,0.0,0.0,0.0,0.0
11,13838438,+,18,64848200,+,KIRP,951,TCGA-A4-7287-01A,TCGA-A4-7287-01A,1.0,0.0,0.0,0.0,0.0
11,21384077,-,11,40331080,+,KIRP,952,TCGA-A4-7287-01A,TCGA-A4-7287-01A,1.0,0.0,0.0,0.0,0.0
11,37087682,-,18,65226470,-,KIRP,953,TCGA-A4-7287-01A,TCGA-A4-7287-01A,1.0,0.0,0.0,0.0,0.0
11,37126467,+,18,64734370,-,KIRP,954,TCGA-A4-7287-01A,TCGA-A4-7287-01A,1.0,0.0,0.0,0.0,0.0
11,40323526,-,18,64744614,-,KIRP,955,TCGA-A4-7287-01A,TCGA-A4-7287-01A,1.0,0.0,0.0,0.0,0.0
11,40329218,-,11,40330331,-,KIRP,956,TCGA-A4-7287-01A,TCGA-A4-7287-01A,1.0,0.0,0.0,0.0,0.0
11,40329345,+,11,40331372,-,KIRP,957,TCGA-A4-7287-01A,TCGA-A4-7287-01A,1.0,0.0,0.0,0.0,0.0
11,40331462,+,18,60642570,+,KIRP,958,TCGA-A4-7287-01A,TCGA-A4-7287-01A,1.0,0.0,0.0,0.0,0.0
11,40337606,+,18,29955187,-,KIRP,959,TCGA-A4-7287-01A,TCGA-A4-7287-01A,1.0,0.0,0.0,0.0,0.0
11,40337640,+,18,29955225,+,KIRP,960,TCGA-A4-7287-01A,TCGA-A4-7287-01A,1.0,0.0,0.0,0.0,0.0
14,25029390,+,14,25030517,+,KIRP,961,TCGA-A4-7287-01A,TCGA-A4-7287-01A,1.0,0.0,0.0,0.0,0.0
14,26312875,+,22,33204366,-,KIRP,962,TCGA-A4-7287-01A,TCGA-A4-7287-01A,1.0,0.0,0.0,0.0,0.0
14,26313686,-,22,33204580,+,KIRP,963,TCGA-A4-7287-01A,TCGA-A4-7287-01A,1.0,0.0,0.0,0.0,0.0
14,26358601,+,14,26360711,+,KIRP,964,TCGA-A4-7287-01A,TCGA-A4-7287-01A,1.0,0.0,0.0,0.0,0.0
16,30217102,-,16,47231482,+,KIRP,965,TCGA-A4-7287-01A,TCGA-A4-7287-01A,1.0,0.0,0.0,0.0,0.0
16,31846936,-,16,31892846,+,KIRP,966,TCGA-A4-7287-01A,TCGA-A4-7287-01A,1.0,0.0,0.0,0.0,0.0
16,35349320,+,16,35349662,+,KIRP,967,TCGA-A4-7287-01A,TCGA-A4-7287-01A,1.0,0.0,0.0,0.0,0.0
17,2749191,+,17,19362740,-,KIRP,968,TCGA-A4-7287-01A,TCGA-A4-7287-01A,1.0,0.0,0.0,0.0,0.0
17,7669593,+,17,7671024,-,KIRP,969,TCGA-A4-7287-01A,TCGA-A4-7287-01A,1.0,0.0,0.0,0.0,0.0
18,20582328,+,18,20640795,+,KIRP,970,TCGA-A4-7287-01A,TCGA-A4-7287-01A,1.0,0.0,0.0,0.0,0.0
18,30009811,-,18,30009937,-,KIRP,971,TCGA-A4-7287-01A,TCGA-A4-7287-01A,1.0,0.0,0.0,0.0,0.0
18,30021318,+,18,69582519,-,KIRP,972,TCGA-A4-7287-01A,TCGA-A4-7287-01A,1.0,0.0,0.0,0.0,0.0
18,45396493,+,18,64742165,+,KIRP,973,TCGA-A4-7287-01A,TCGA-A4-7287-01A,1.0,0.0,0.0,0.0,0.0
18,60637488,-,18,65315529,+,KIRP,974,TCGA-A4-7287-01A,TCGA-A4-7287-01A,1.0,0.0,0.0,0.0,0.0
2,43660652,+,3,77824528,+,KIRP,975,TCGA-A4-7287-01A,TCGA-A4-7287-01A,1.0,0.0,0.0,0.0,0.0
2,104621577,+,2,104622901,-,KIRP,976,TCGA-A4-7287-01A,TCGA-A4-7287-01A,1.0,0.0,0.0,0.0,0.0
2,161429034,+,2,161430420,-,KIRP,977,TCGA-A4-7287-01A,TCGA-A4-7287-01A,1.0,0.0,0.0,0.0,0.0
21,25434505,+,21,26374662,+,KIRP,978,TCGA-A4-7287-01A,TCGA-A4-7287-01A,1.0,0.0,0.0,0.0,0.0
3,59363012,-,3,115474615,+,KIRP,979,TCGA-A4-7287-01A,TCGA-A4-7287-01A,1.0,0.0,0.0,0.0,0.0
3,157972114,-,5,18435629,+,KIRP,980,TCGA-A4-7287-01A,TCGA-A4-7287-01A,1.0,0.0,0.0,0.0,0.0
4,1738075,-,4,1806947,+,KIRP,981,TCGA-A4-7287-01A,TCGA-A4-7287-01A,1.0,0.0,0.0,0.0,0.0
5,120760689,-,5,160692798,-,KIRP,982,TCGA-A4-7287-01A,TCGA-A4-7287-01A,1.0,0.0,0.0,0.0,0.0
6,84284101,-,21,17708631,+,KIRP,983,TCGA-A4-7287-01A,TCGA-A4-7287-01A,1.0,0.0,0.0,0.0,0.0
6,84284124,+,21,17707732,-,KIRP,984,TCGA-A4-7287-01A,TCGA-A4-7287-01A,1.0,0.0,0.0,0.0,0.0
9,21131018,+,9,23552434,-,KIRP,985,TCGA-A4-7287-01A,TCGA-A4-7287-01A,1.0,0.0,0.0,0.0,0.0
9,44746292,+,9,45305370,-,KIRP,986,TCGA-A4-7287-01A,TCGA-A4-7287-01A,1.0,0.0,0.0,0.0,0.0
9,92162115,-,10,131058054,+,KIRP,987,TCGA-A4-7287-01A,TCGA-A4-7287-01A,1.0,0.0,0.0,0.0,0.0
23,1178340,-,23,47089370,-,KIRP,988,TCGA-A4-7287-01A,TCGA-A4-7287-01A,1.0,0.0,0.0,0.0,0.0
1,15502892,-,7,148936315,+,KIRP,989,TCGA-A4-7583-01A,TCGA-A4-7583-01A,1.0,0.0,0.0,0.0,0.0
1,148103982,+,1,148533400,-,KIRP,990,TCGA-A4-7583-01A,TCGA-A4-7583-01A,1.0,0.0,0.0,0.0,0.0
11,7915598,+,18,73327019,+,KIRP,991,TCGA-A4-7583-01A,TCGA-A4-7583-01A,1.0,0.0,0.0,0.0,0.0
12,110436696,+,19,10525325,-,KIRP,992,TCGA-A4-7583-01A,TCGA-A4-7583-01A,1.0,0.0,0.0,0.0,0.0
15,41623684,-,20,36931619,+,KIRP,993,TCGA-A4-7583-01A,TCGA-A4-7583-01A,1.0,0.0,0.0,0.0,0.0
16,89509311,+,16,89509815,-,KIRP,994,TCGA-A4-7583-01A,TCGA-A4-7583-01A,1.0,0.0,0.0,0.0,0.0
18,15573636,-,18,15679449,+,KIRP,995,TCGA-A4-7583-01A,TCGA-A4-7583-01A,1.0,0.0,0.0,0.0,0.0
18,60440038,-,23,65159960,+,KIRP,996,TCGA-A4-7583-01A,TCGA-A4-7583-01A,1.0,0.0,0.0,0.0,0.0
2,182577932,-,11,92553676,-,KIRP,997,TCGA-A4-7583-01A,TCGA-A4-7583-01A,1.0,0.0,0.0,0.0,0.0
2,214836389,-,19,52810625,-,KIRP,998,TCGA-A4-7583-01A,TCGA-A4-7583-01A,1.0,0.0,0.0,0.0,0.0
3,25494260,+,13,84770597,-,KIRP,999,TCGA-A4-7583-01A,TCGA-A4-7583-01A,1.0,0.0,0.0,0.0,0.0
3,91059925,+,3,91089336,-,KIRP,1000,TCGA-A4-7583-01A,TCGA-A4-7583-01A,1.0,0.0,0.0,0.0,0.0
5,46597110,-,5,46704226,+,KIRP,1001,TCGA-A4-7583-01A,TCGA-A4-7583-01A,1.0,0.0,0.0,0.0,0.0
5,138753398,+,19,6772184,-,KIRP,1002,TCGA-A4-7583-01A,TCGA-A4-7583-01A,1.0,0.0,0.0,0.0,0.0
6,157039918,+,20,35904768,-,KIRP,1003,TCGA-A4-7583-01A,TCGA-A4-7583-01A,1.0,0.0,0.0,0.0,0.0
7,60527527,+,7,60535149,-,KIRP,1004,TCGA-A4-7583-01A,TCGA-A4-7583-01A,1.0,0.0,0.0,0.0,0.0
23,27289200,-,23,28503561,+,KIRP,1005,TCGA-A4-7583-01A,TCGA-A4-7583-01A,1.0,0.0,0.0,0.0,0.0
1,30420522,-,2,30953289,+,KIRP,1006,TCGA-A4-7584-01A,TCGA-A4-7584-01A,1.0,0.0,0.0,0.0,0.0
1,30420814,+,9,479465,+,KIRP,1007,TCGA-A4-7584-01A,TCGA-A4-7584-01A,1.0,0.0,0.0,0.0,0.0
1,30421040,+,15,71472861,-,KIRP,1008,TCGA-A4-7584-01A,TCGA-A4-7584-01A,1.0,0.0,0.0,0.0,0.0
1,64913729,-,12,42278360,+,KIRP,1009,TCGA-A4-7584-01A,TCGA-A4-7584-01A,1.0,0.0,0.0,0.0,0.0
10,79965541,+,11,49321010,+,KIRP,1010,TCGA-A4-7584-01A,TCGA-A4-7584-01A,1.0,0.0,0.0,0.0,0.0
10,112733773,+,23,143639992,+,KIRP,1011,TCGA-A4-7584-01A,TCGA-A4-7584-01A,1.0,0.0,0.0,0.0,0.0
14,46679161,+,14,52389909,-,KIRP,1012,TCGA-A4-7584-01A,TCGA-A4-7584-01A,1.0,0.0,0.0,0.0,0.0
2,30952852,-,4,75116763,+,KIRP,1013,TCGA-A4-7584-01A,TCGA-A4-7584-01A,1.0,0.0,0.0,0.0,0.0
2,30953271,+,15,71472606,-,KIRP,1014,TCGA-A4-7584-01A,TCGA-A4-7584-01A,1.0,0.0,0.0,0.0,0.0
2,30953305,+,9,479712,+,KIRP,1015,TCGA-A4-7584-01A,TCGA-A4-7584-01A,1.0,0.0,0.0,0.0,0.0
2,71966489,+,12,126459937,+,KIRP,1016,TCGA-A4-7584-01A,TCGA-A4-7584-01A,1.0,0.0,0.0,0.0,0.0
2,91749543,+,13,18289043,+,KIRP,1017,TCGA-A4-7584-01A,TCGA-A4-7584-01A,1.0,0.0,0.0,0.0,0.0
2,230123720,+,16,27213219,-,KIRP,1018,TCGA-A4-7584-01A,TCGA-A4-7584-01A,1.0,0.0,0.0,0.0,0.0
3,90973417,+,3,90985060,-,KIRP,1019,TCGA-A4-7584-01A,TCGA-A4-7584-01A,1.0,0.0,0.0,0.0,0.0
3,188252171,-,7,147784382,-,KIRP,1020,TCGA-A4-7584-01A,TCGA-A4-7584-01A,1.0,0.0,0.0,0.0,0.0
4,75116484,-,5,1841453,-,KIRP,1021,TCGA-A4-7584-01A,TCGA-A4-7584-01A,1.0,0.0,0.0,0.0,0.0
5,1841426,+,15,71472717,+,KIRP,1022,TCGA-A4-7584-01A,TCGA-A4-7584-01A,1.0,0.0,0.0,0.0,0.0
5,122814767,+,17,31989583,-,KIRP,1023,TCGA-A4-7584-01A,TCGA-A4-7584-01A,1.0,0.0,0.0,0.0,0.0
8,48937373,-,8,48937540,+,KIRP,1024,TCGA-A4-7584-01A,TCGA-A4-7584-01A,1.0,0.0,0.0,0.0,0.0
9,479365,-,15,71472732,-,KIRP,1025,TCGA-A4-7584-01A,TCGA-A4-7584-01A,1.0,0.0,0.0,0.0,0.0
9,68658541,+,17,68958951,-,KIRP,1026,TCGA-A4-7584-01A,TCGA-A4-7584-01A,1.0,0.0,0.0,0.0,0.0
10,42109574,-,22,16302854,-,KIRP,1027,TCGA-A4-7732-01A,TCGA-A4-7732-01A,1.0,0.0,0.0,0.0,0.0
12,63653449,+,12,63657371,-,KIRP,1028,TCGA-A4-7732-01A,TCGA-A4-7732-01A,1.0,0.0,0.0,0.0,0.0
17,23028662,-,17,23042951,+,KIRP,1029,TCGA-A4-7732-01A,TCGA-A4-7732-01A,1.0,0.0,0.0,0.0,0.0
22,23675305,-,22,24602102,-,KIRP,1030,TCGA-A4-7732-01A,TCGA-A4-7732-01A,1.0,0.0,0.0,0.0,0.0
3,16203566,+,7,105205548,-,KIRP,1031,TCGA-A4-7732-01A,TCGA-A4-7732-01A,1.0,0.0,0.0,0.0,0.0
3,70612321,-,6,7457108,+,KIRP,1032,TCGA-A4-7732-01A,TCGA-A4-7732-01A,1.0,0.0,0.0,0.0,0.0
3,91087632,+,3,91168222,-,KIRP,1033,TCGA-A4-7732-01A,TCGA-A4-7732-01A,1.0,0.0,0.0,0.0,0.0
7,40376928,-,18,53300905,+,KIRP,1034,TCGA-A4-7732-01A,TCGA-A4-7732-01A,1.0,0.0,0.0,0.0,0.0
9,43178642,+,18,15403416,-,KIRP,1035,TCGA-A4-7732-01A,TCGA-A4-7732-01A,1.0,0.0,0.0,0.0,0.0
9,65438220,+,9,134285795,+,KIRP,1036,TCGA-A4-7732-01A,TCGA-A4-7732-01A,1.0,0.0,0.0,0.0,0.0
1,122229063,-,1,122271424,+,KIRP,1037,TCGA-A4-7734-01A,TCGA-A4-7734-01A,1.0,0.0,0.0,0.0,0.0
1,122504579,-,1,122614880,+,KIRP,1038,TCGA-A4-7734-01A,TCGA-A4-7734-01A,1.0,0.0,0.0,0.0,0.0
1,243525804,+,23,79322868,+,KIRP,1039,TCGA-A4-7734-01A,TCGA-A4-7734-01A,1.0,0.0,0.0,0.0,0.0
10,4031228,-,23,49181565,-,KIRP,1040,TCGA-A4-7734-01A,TCGA-A4-7734-01A,1.0,0.0,0.0,0.0,0.0
13,16404332,+,13,16821964,-,KIRP,1041,TCGA-A4-7734-01A,TCGA-A4-7734-01A,1.0,0.0,0.0,0.0,0.0
13,113040437,+,18,53527092,-,KIRP,1042,TCGA-A4-7734-01A,TCGA-A4-7734-01A,1.0,0.0,0.0,0.0,0.0
14,98359305,-,23,1048646,-,KIRP,1043,TCGA-A4-7734-01A,TCGA-A4-7734-01A,1.0,0.0,0.0,0.0,0.0
17,22830672,-,17,23123550,+,KIRP,1044,TCGA-A4-7734-01A,TCGA-A4-7734-01A,1.0,0.0,0.0,0.0,0.0
2,42325639,+,2,77285341,-,KIRP,1045,TCGA-A4-7734-01A,TCGA-A4-7734-01A,1.0,0.0,0.0,0.0,0.0
20,29926445,+,20,29969372,-,KIRP,1046,TCGA-A4-7734-01A,TCGA-A4-7734-01A,1.0,0.0,0.0,0.0,0.0
20,30027061,-,20,30031665,+,KIRP,1047,TCGA-A4-7734-01A,TCGA-A4-7734-01A,1.0,0.0,0.0,0.0,0.0
3,134204592,-,3,150178415,+,KIRP,1048,TCGA-A4-7734-01A,TCGA-A4-7734-01A,1.0,0.0,0.0,0.0,0.0
6,165544821,-,18,25117083,+,KIRP,1049,TCGA-A4-7734-01A,TCGA-A4-7734-01A,1.0,0.0,0.0,0.0,0.0
7,60363702,-,7,60535597,+,KIRP,1050,TCGA-A4-7734-01A,TCGA-A4-7734-01A,1.0,0.0,0.0,0.0,0.0
1,186637371,+,1,189474857,+,KIRP,1051,TCGA-A4-7828-01A,TCGA-A4-7828-01A,1.0,0.0,0.0,0.0,0.0
1,227820112,+,2,3403249,+,KIRP,1052,TCGA-A4-7828-01A,TCGA-A4-7828-01A,1.0,0.0,0.0,0.0,0.0
12,56015830,+,12,56021143,-,KIRP,1053,TCGA-A4-7828-01A,TCGA-A4-7828-01A,1.0,0.0,0.0,0.0,0.0
13,18810300,-,21,13908537,+,KIRP,1054,TCGA-A4-7828-01A,TCGA-A4-7828-01A,1.0,0.0,0.0,0.0,0.0
5,49916472,+,5,49925096,-,KIRP,1055,TCGA-A4-7828-01A,TCGA-A4-7828-01A,1.0,0.0,0.0,0.0,0.0
6,23268231,-,6,23268379,+,KIRP,1056,TCGA-A4-7828-01A,TCGA-A4-7828-01A,1.0,0.0,0.0,0.0,0.0
9,65438215,+,9,134285758,+,KIRP,1057,TCGA-A4-7828-01A,TCGA-A4-7828-01A,1.0,0.0,0.0,0.0,0.0
1,102104048,-,9,106756349,-,KIRP,1058,TCGA-A4-7915-01A,TCGA-A4-7915-01A,1.0,0.0,0.0,0.0,0.0
1,102104343,+,9,106756342,+,KIRP,1059,TCGA-A4-7915-01A,TCGA-A4-7915-01A,1.0,0.0,0.0,0.0,0.0
1,204833446,+,2,222866744,-,KIRP,1060,TCGA-A4-7915-01A,TCGA-A4-7915-01A,1.0,0.0,0.0,0.0,0.0
10,115062820,-,10,115101063,+,KIRP,1061,TCGA-A4-7915-01A,TCGA-A4-7915-01A,1.0,0.0,0.0,0.0,0.0
11,7748636,+,11,7750574,-,KIRP,1062,TCGA-A4-7915-01A,TCGA-A4-7915-01A,1.0,0.0,0.0,0.0,0.0
11,8823989,-,11,8886459,+,KIRP,1063,TCGA-A4-7915-01A,TCGA-A4-7915-01A,1.0,0.0,0.0,0.0,0.0
13,18623267,-,18,14436682,-,KIRP,1064,TCGA-A4-7915-01A,TCGA-A4-7915-01A,1.0,0.0,0.0,0.0,0.0
16,71303887,+,23,31694618,-,KIRP,1065,TCGA-A4-7915-01A,TCGA-A4-7915-01A,1.0,0.0,0.0,0.0,0.0
17,13783988,-,23,963658,-,KIRP,1066,TCGA-A4-7915-01A,TCGA-A4-7915-01A,1.0,0.0,0.0,0.0,0.0
18,15582133,-,18,15743987,+,KIRP,1067,TCGA-A4-7915-01A,TCGA-A4-7915-01A,1.0,0.0,0.0,0.0,0.0
19,56118091,-,19,56196065,+,KIRP,1068,TCGA-A4-7915-01A,TCGA-A4-7915-01A,1.0,0.0,0.0,0.0,0.0
2,83521879,-,4,105044129,+,KIRP,1069,TCGA-A4-7915-01A,TCGA-A4-7915-01A,1.0,0.0,0.0,0.0,0.0
2,94557841,-,2,132217770,-,KIRP,1070,TCGA-A4-7915-01A,TCGA-A4-7915-01A,1.0,0.0,0.0,0.0,0.0
2,190939808,+,2,190944263,-,KIRP,1071,TCGA-A4-7915-01A,TCGA-A4-7915-01A,1.0,0.0,0.0,0.0,0.0
2,222116284,+,7,125948283,-,KIRP,1072,TCGA-A4-7915-01A,TCGA-A4-7915-01A,1.0,0.0,0.0,0.0,0.0
22,28372743,+,22,28470795,-,KIRP,1073,TCGA-A4-7915-01A,TCGA-A4-7915-01A,1.0,0.0,0.0,0.0,0.0
22,48079722,-,22,49372219,+,KIRP,1074,TCGA-A4-7915-01A,TCGA-A4-7915-01A,1.0,0.0,0.0,0.0,0.0
3,91157151,-,3,91281827,-,KIRP,1075,TCGA-A4-7915-01A,TCGA-A4-7915-01A,1.0,0.0,0.0,0.0,0.0
3,91193034,+,3,91249890,+,KIRP,1076,TCGA-A4-7915-01A,TCGA-A4-7915-01A,1.0,0.0,0.0,0.0,0.0
3,155814048,-,3,155945057,-,KIRP,1077,TCGA-A4-7915-01A,TCGA-A4-7915-01A,1.0,0.0,0.0,0.0,0.0
3,157972134,-,5,18435597,+,KIRP,1078,TCGA-A4-7915-01A,TCGA-A4-7915-01A,1.0,0.0,0.0,0.0,0.0
4,170367554,+,4,170614801,+,KIRP,1079,TCGA-A4-7915-01A,TCGA-A4-7915-01A,1.0,0.0,0.0,0.0,0.0
4,170367636,-,4,170617863,-,KIRP,1080,TCGA-A4-7915-01A,TCGA-A4-7915-01A,1.0,0.0,0.0,0.0,0.0
4,185502329,-,4,186637177,-,KIRP,1081,TCGA-A4-7915-01A,TCGA-A4-7915-01A,1.0,0.0,0.0,0.0,0.0
11,51122690,+,11,53968633,-,KIRP,1082,TCGA-A4-7996-01A,TCGA-A4-7996-01A,1.0,0.0,0.0,0.0,0.0
11,51131463,-,11,53049301,+,KIRP,1083,TCGA-A4-7996-01A,TCGA-A4-7996-01A,1.0,0.0,0.0,0.0,0.0
13,86596276,+,23,26877799,+,KIRP,1084,TCGA-A4-7996-01A,TCGA-A4-7996-01A,1.0,0.0,0.0,0.0,0.0
18,15582102,-,18,15760654,+,KIRP,1085,TCGA-A4-7996-01A,TCGA-A4-7996-01A,1.0,0.0,0.0,0.0,0.0
18,15636744,+,18,15745326,-,KIRP,1086,TCGA-A4-7996-01A,TCGA-A4-7996-01A,1.0,0.0,0.0,0.0,0.0
19,46882875,-,19,48057472,+,KIRP,1087,TCGA-A4-7996-01A,TCGA-A4-7996-01A,1.0,0.0,0.0,0.0,0.0
2,149210128,+,11,72216793,-,KIRP,1088,TCGA-A4-7996-01A,TCGA-A4-7996-01A,1.0,0.0,0.0,0.0,0.0
2,149210198,+,11,72216577,-,KIRP,1089,TCGA-A4-7996-01A,TCGA-A4-7996-01A,1.0,0.0,0.0,0.0,0.0
2,155331987,-,21,38692360,-,KIRP,1090,TCGA-A4-7996-01A,TCGA-A4-7996-01A,1.0,0.0,0.0,0.0,0.0
2,190453064,-,2,190453200,+,KIRP,1091,TCGA-A4-7996-01A,TCGA-A4-7996-01A,1.0,0.0,0.0,0.0,0.0
20,29960314,+,20,30108480,-,KIRP,1092,TCGA-A4-7996-01A,TCGA-A4-7996-01A,1.0,0.0,0.0,0.0,0.0
3,59106331,-,3,59106470,+,KIRP,1093,TCGA-A4-7996-01A,TCGA-A4-7996-01A,1.0,0.0,0.0,0.0,0.0
3,90960591,+,3,91077370,-,KIRP,1094,TCGA-A4-7996-01A,TCGA-A4-7996-01A,1.0,0.0,0.0,0.0,0.0
4,49719564,-,4,51016848,+,KIRP,1095,TCGA-A4-7996-01A,TCGA-A4-7996-01A,1.0,0.0,0.0,0.0,0.0
4,99029465,-,4,99029648,+,KIRP,1096,TCGA-A4-7996-01A,TCGA-A4-7996-01A,1.0,0.0,0.0,0.0,0.0
23,3036726,+,23,63625852,+,KIRP,1097,TCGA-A4-7996-01A,TCGA-A4-7996-01A,1.0,0.0,0.0,0.0,0.0
11,30518588,-,11,30530374,+,KIRP,1098,TCGA-A4-7997-01A,TCGA-A4-7997-01A,1.0,0.0,0.0,0.0,0.0
11,45357815,-,11,45357966,+,KIRP,1099,TCGA-A4-7997-01A,TCGA-A4-7997-01A,1.0,0.0,0.0,0.0,0.0
12,690986,-,12,25114043,-,KIRP,1100,TCGA-A4-7997-01A,TCGA-A4-7997-01A,1.0,0.0,0.0,0.0,0.0
12,111378646,+,12,111379268,-,KIRP,1101,TCGA-A4-7997-01A,TCGA-A4-7997-01A,1.0,0.0,0.0,0.0,0.0
13,16571218,+,13,16586148,-,KIRP,1102,TCGA-A4-7997-01A,TCGA-A4-7997-01A,1.0,0.0,0.0,0.0,0.0
14,48377588,-,14,85697769,+,KIRP,1103,TCGA-A4-7997-01A,TCGA-A4-7997-01A,1.0,0.0,0.0,0.0,0.0
14,53464956,+,14,79297614,-,KIRP,1104,TCGA-A4-7997-01A,TCGA-A4-7997-01A,1.0,0.0,0.0,0.0,0.0
14,53763034,-,14,85645304,-,KIRP,1105,TCGA-A4-7997-01A,TCGA-A4-7997-01A,1.0,0.0,0.0,0.0,0.0
14,54471627,+,14,56380142,-,KIRP,1106,TCGA-A4-7997-01A,TCGA-A4-7997-01A,1.0,0.0,0.0,0.0,0.0
14,54664819,+,14,58480383,+,KIRP,1107,TCGA-A4-7997-01A,TCGA-A4-7997-01A,1.0,0.0,0.0,0.0,0.0
14,58338995,+,14,79296235,+,KIRP,1108,TCGA-A4-7997-01A,TCGA-A4-7997-01A,1.0,0.0,0.0,0.0,0.0
14,78306752,-,14,79474459,+,KIRP,1109,TCGA-A4-7997-01A,TCGA-A4-7997-01A,1.0,0.0,0.0,0.0,0.0
14,78522927,+,14,79298643,+,KIRP,1110,TCGA-A4-7997-01A,TCGA-A4-7997-01A,1.0,0.0,0.0,0.0,0.0
14,78524995,-,14,85729631,-,KIRP,1111,TCGA-A4-7997-01A,TCGA-A4-7997-01A,1.0,0.0,0.0,0.0,0.0
14,79296791,-,14,79299219,-,KIRP,1112,TCGA-A4-7997-01A,TCGA-A4-7997-01A,1.0,0.0,0.0,0.0,0.0
14,79304491,+,14,79306746,+,KIRP,1113,TCGA-A4-7997-01A,TCGA-A4-7997-01A,1.0,0.0,0.0,0.0,0.0
14,80662152,-,14,83473636,+,KIRP,1114,TCGA-A4-7997-01A,TCGA-A4-7997-01A,1.0,0.0,0.0,0.0,0.0
14,83368661,+,14,93969754,+,KIRP,1115,TCGA-A4-7997-01A,TCGA-A4-7997-01A,1.0,0.0,0.0,0.0,0.0
14,83374112,-,14,94858213,-,KIRP,1116,TCGA-A4-7997-01A,TCGA-A4-7997-01A,1.0,0.0,0.0,0.0,0.0
14,85644535,+,14,94862843,+,KIRP,1117,TCGA-A4-7997-01A,TCGA-A4-7997-01A,1.0,0.0,0.0,0.0,0.0
16,12438414,+,16,12511584,-,KIRP,1118,TCGA-A4-7997-01A,TCGA-A4-7997-01A,1.0,0.0,0.0,0.0,0.0
17,33912065,-,17,33980772,-,KIRP,1119,TCGA-A4-7997-01A,TCGA-A4-7997-01A,1.0,0.0,0.0,0.0,0.0
18,1317990,+,18,6487900,-,KIRP,1120,TCGA-A4-7997-01A,TCGA-A4-7997-01A,1.0,0.0,0.0,0.0,0.0
2,212003151,-,17,11694681,-,KIRP,1121,TCGA-A4-7997-01A,TCGA-A4-7997-01A,1.0,0.0,0.0,0.0,0.0
2,239784738,+,2,240157880,-,KIRP,1122,TCGA-A4-7997-01A,TCGA-A4-7997-01A,1.0,0.0,0.0,0.0,0.0
21,24556072,+,21,24617014,-,KIRP,1123,TCGA-A4-7997-01A,TCGA-A4-7997-01A,1.0,0.0,0.0,0.0,0.0
3,91011475,-,3,91177415,+,KIRP,1124,TCGA-A4-7997-01A,TCGA-A4-7997-01A,1.0,0.0,0.0,0.0,0.0
4,48631830,-,5,31689345,-,KIRP,1125,TCGA-A4-7997-01A,TCGA-A4-7997-01A,1.0,0.0,0.0,0.0,0.0
4,50189344,-,4,50993236,+,KIRP,1126,TCGA-A4-7997-01A,TCGA-A4-7997-01A,1.0,0.0,0.0,0.0,0.0
5,508215,+,5,7938883,+,KIRP,1127,TCGA-A4-7997-01A,TCGA-A4-7997-01A,1.0,0.0,0.0,0.0,0.0
5,509239,-,5,30984633,+,KIRP,1128,TCGA-A4-7997-01A,TCGA-A4-7997-01A,1.0,0.0,0.0,0.0,0.0
5,1314364,+,5,30992371,-,KIRP,1129,TCGA-A4-7997-01A,TCGA-A4-7997-01A,1.0,0.0,0.0,0.0,0.0
5,1318771,-,18,6481849,+,KIRP,1130,TCGA-A4-7997-01A,TCGA-A4-7997-01A,1.0,0.0,0.0,0.0,0.0
5,1319354,+,18,6481849,+,KIRP,1131,TCGA-A4-7997-01A,TCGA-A4-7997-01A,1.0,0.0,0.0,0.0,0.0
5,11521842,-,5,135045468,+,KIRP,1132,TCGA-A4-7997-01A,TCGA-A4-7997-01A,1.0,0.0,0.0,0.0,0.0
5,11621301,+,5,134976131,-,KIRP,1133,TCGA-A4-7997-01A,TCGA-A4-7997-01A,1.0,0.0,0.0,0.0,0.0
5,11647777,-,5,134948701,+,KIRP,1134,TCGA-A4-7997-01A,TCGA-A4-7997-01A,1.0,0.0,0.0,0.0,0.0
5,22519292,+,5,137106924,-,KIRP,1135,TCGA-A4-7997-01A,TCGA-A4-7997-01A,1.0,0.0,0.0,0.0,0.0
5,30564646,-,18,1318139,-,KIRP,1136,TCGA-A4-7997-01A,TCGA-A4-7997-01A,1.0,0.0,0.0,0.0,0.0
5,55386282,+,5,73564712,-,KIRP,1137,TCGA-A4-7997-01A,TCGA-A4-7997-01A,1.0,0.0,0.0,0.0,0.0
5,95222859,-,5,135012387,-,KIRP,1138,TCGA-A4-7997-01A,TCGA-A4-7997-01A,1.0,0.0,0.0,0.0,0.0
5,113925260,-,5,147509240,-,KIRP,1139,TCGA-A4-7997-01A,TCGA-A4-7997-01A,1.0,0.0,0.0,0.0,0.0
5,117573280,+,5,120581303,+,KIRP,1140,TCGA-A4-7997-01A,TCGA-A4-7997-01A,1.0,0.0,0.0,0.0,0.0
5,120124178,+,5,121444704,+,KIRP,1141,TCGA-A4-7997-01A,TCGA-A4-7997-01A,1.0,0.0,0.0,0.0,0.0
5,120200778,+,5,120289706,-,KIRP,1142,TCGA-A4-7997-01A,TCGA-A4-7997-01A,1.0,0.0,0.0,0.0,0.0
5,120293622,+,5,121384492,-,KIRP,1143,TCGA-A4-7997-01A,TCGA-A4-7997-01A,1.0,0.0,0.0,0.0,0.0
5,120557977,-,5,121322950,+,KIRP,1144,TCGA-A4-7997-01A,TCGA-A4-7997-01A,1.0,0.0,0.0,0.0,0.0
5,144150989,+,5,148705976,+,KIRP,1145,TCGA-A4-7997-01A,TCGA-A4-7997-01A,1.0,0.0,0.0,0.0,0.0
17,22830348,+,17,23059642,-,KIRP,1146,TCGA-A4-8310-01A,TCGA-A4-8310-01A,1.0,0.0,0.0,0.0,0.0
2,31221069,-,2,31221212,+,KIRP,1147,TCGA-A4-8310-01A,TCGA-A4-8310-01A,1.0,0.0,0.0,0.0,0.0
2,80043156,-,15,66566897,+,KIRP,1148,TCGA-A4-8310-01A,TCGA-A4-8310-01A,1.0,0.0,0.0,0.0,0.0
2,206018855,-,2,206018991,+,KIRP,1149,TCGA-A4-8310-01A,TCGA-A4-8310-01A,1.0,0.0,0.0,0.0,0.0
4,138373782,-,4,138402389,-,KIRP,1150,TCGA-A4-8310-01A,TCGA-A4-8310-01A,1.0,0.0,0.0,0.0,0.0
4,138373783,+,4,138402386,+,KIRP,1151,TCGA-A4-8310-01A,TCGA-A4-8310-01A,1.0,0.0,0.0,0.0,0.0
5,46671761,-,5,46703953,+,KIRP,1152,TCGA-A4-8310-01A,TCGA-A4-8310-01A,1.0,0.0,0.0,0.0,0.0
9,61691791,-,20,29592615,+,KIRP,1153,TCGA-A4-8310-01A,TCGA-A4-8310-01A,1.0,0.0,0.0,0.0,0.0
11,52308126,-,11,52673494,+,KIRP,1154,TCGA-A4-8311-01A,TCGA-A4-8311-01A,1.0,0.0,0.0,0.0,0.0
13,16400220,-,13,16679230,+,KIRP,1155,TCGA-A4-8311-01A,TCGA-A4-8311-01A,1.0,0.0,0.0,0.0,0.0
13,90497156,-,23,43589029,-,KIRP,1156,TCGA-A4-8311-01A,TCGA-A4-8311-01A,1.0,0.0,0.0,0.0,0.0
14,102094605,-,15,77185760,+,KIRP,1157,TCGA-A4-8311-01A,TCGA-A4-8311-01A,1.0,0.0,0.0,0.0,0.0
16,34255972,-,16,36322605,+,KIRP,1158,TCGA-A4-8311-01A,TCGA-A4-8311-01A,1.0,0.0,0.0,0.0,0.0
16,36322587,+,16,36325827,-,KIRP,1159,TCGA-A4-8311-01A,TCGA-A4-8311-01A,1.0,0.0,0.0,0.0,0.0
2,136346147,-,2,136347704,+,KIRP,1160,TCGA-A4-8311-01A,TCGA-A4-8311-01A,1.0,0.0,0.0,0.0,0.0
2,179015531,-,3,185455223,-,KIRP,1161,TCGA-A4-8311-01A,TCGA-A4-8311-01A,1.0,0.0,0.0,0.0,0.0
3,75062563,+,23,92559441,-,KIRP,1162,TCGA-A4-8311-01A,TCGA-A4-8311-01A,1.0,0.0,0.0,0.0,0.0
3,106511279,-,3,106512824,+,KIRP,1163,TCGA-A4-8311-01A,TCGA-A4-8311-01A,1.0,0.0,0.0,0.0,0.0
9,114630280,-,17,2679631,-,KIRP,1164,TCGA-A4-8311-01A,TCGA-A4-8311-01A,1.0,0.0,0.0,0.0,0.0
11,85651070,-,11,85651220,+,KIRP,1165,TCGA-A4-8516-01A,TCGA-A4-8516-01A,1.0,0.0,0.0,0.0,0.0
12,107358340,+,20,7719013,+,KIRP,1166,TCGA-A4-8516-01A,TCGA-A4-8516-01A,1.0,0.0,0.0,0.0,0.0
18,15636233,-,18,15701226,+,KIRP,1167,TCGA-A4-8516-01A,TCGA-A4-8516-01A,1.0,0.0,0.0,0.0,0.0
18,51054995,+,18,51065422,-,KIRP,1168,TCGA-A4-8516-01A,TCGA-A4-8516-01A,1.0,0.0,0.0,0.0,0.0
3,180125468,+,9,14652399,-,KIRP,1169,TCGA-A4-8516-01A,TCGA-A4-8516-01A,1.0,0.0,0.0,0.0,0.0
5,176488802,-,5,176488938,+,KIRP,1170,TCGA-A4-8516-01A,TCGA-A4-8516-01A,1.0,0.0,0.0,0.0,0.0
1,15502885,-,7,148936200,+,KIRP,1171,TCGA-A4-8517-01A,TCGA-A4-8517-01A,1.0,0.0,0.0,0.0,0.0
18,15653765,-,18,15679664,+,KIRP,1172,TCGA-A4-8517-01A,TCGA-A4-8517-01A,1.0,0.0,0.0,0.0,0.0
2,55384866,+,23,40946825,+,KIRP,1173,TCGA-A4-8517-01A,TCGA-A4-8517-01A,1.0,0.0,0.0,0.0,0.0
20,29936191,-,20,29995116,+,KIRP,1174,TCGA-A4-8517-01A,TCGA-A4-8517-01A,1.0,0.0,0.0,0.0,0.0
20,29963350,-,20,29969512,+,KIRP,1175,TCGA-A4-8517-01A,TCGA-A4-8517-01A,1.0,0.0,0.0,0.0,0.0
20,29999437,+,20,30009002,-,KIRP,1176,TCGA-A4-8517-01A,TCGA-A4-8517-01A,1.0,0.0,0.0,0.0,0.0
4,5294099,-,13,92697025,+,KIRP,1177,TCGA-A4-8517-01A,TCGA-A4-8517-01A,1.0,0.0,0.0,0.0,0.0
7,29472273,-,16,24901979,+,KIRP,1178,TCGA-A4-8517-01A,TCGA-A4-8517-01A,1.0,0.0,0.0,0.0,0.0
7,150360537,+,20,22471992,-,KIRP,1179,TCGA-A4-8517-01A,TCGA-A4-8517-01A,1.0,0.0,0.0,0.0,0.0
9,124825583,-,13,93511017,+,KIRP,1180,TCGA-A4-8517-01A,TCGA-A4-8517-01A,1.0,0.0,0.0,0.0,0.0
11,51482827,+,11,52426365,-,KIRP,1181,TCGA-A4-8518-01A,TCGA-A4-8518-01A,1.0,0.0,0.0,0.0,0.0
12,35167528,-,12,37060545,+,KIRP,1182,TCGA-A4-8518-01A,TCGA-A4-8518-01A,1.0,0.0,0.0,0.0,0.0
18,15653779,-,18,15679657,+,KIRP,1183,TCGA-A4-8518-01A,TCGA-A4-8518-01A,1.0,0.0,0.0,0.0,0.0
20,26621434,-,20,27689961,+,KIRP,1184,TCGA-A4-8518-01A,TCGA-A4-8518-01A,1.0,0.0,0.0,0.0,0.0
4,101106178,-,10,97166648,+,KIRP,1185,TCGA-A4-8518-01A,TCGA-A4-8518-01A,1.0,0.0,0.0,0.0,0.0
1,43106023,+,17,72108846,+,KIRP,1186,TCGA-A4-8630-01A,TCGA-A4-8630-01A,1.0,0.0,0.0,0.0,0.0
12,35210738,+,12,35941179,-,KIRP,1187,TCGA-A4-8630-01A,TCGA-A4-8630-01A,1.0,0.0,0.0,0.0,0.0
13,53033950,-,20,62168729,+,KIRP,1188,TCGA-A4-8630-01A,TCGA-A4-8630-01A,1.0,0.0,0.0,0.0,0.0
14,106062128,+,14,106537819,-,KIRP,1189,TCGA-A4-8630-01A,TCGA-A4-8630-01A,1.0,0.0,0.0,0.0,0.0
17,22830671,-,17,23123579,+,KIRP,1190,TCGA-A4-8630-01A,TCGA-A4-8630-01A,1.0,0.0,0.0,0.0,0.0
17,42057514,-,23,31284826,-,KIRP,1191,TCGA-A4-8630-01A,TCGA-A4-8630-01A,1.0,0.0,0.0,0.0,0.0
3,91157064,-,3,91281788,-,KIRP,1192,TCGA-A4-8630-01A,TCGA-A4-8630-01A,1.0,0.0,0.0,0.0,0.0
3,157972118,-,5,18435614,+,KIRP,1193,TCGA-A4-8630-01A,TCGA-A4-8630-01A,1.0,0.0,0.0,0.0,0.0
4,50004941,+,4,51644590,-,KIRP,1194,TCGA-A4-8630-01A,TCGA-A4-8630-01A,1.0,0.0,0.0,0.0,0.0
4,110402064,-,6,156191500,-,KIRP,1195,TCGA-A4-8630-01A,TCGA-A4-8630-01A,1.0,0.0,0.0,0.0,0.0
5,165780811,-,23,1212995,-,KIRP,1196,TCGA-A4-8630-01A,TCGA-A4-8630-01A,1.0,0.0,0.0,0.0,0.0
7,12888642,-,14,55646791,+,KIRP,1197,TCGA-A4-8630-01A,TCGA-A4-8630-01A,1.0,0.0,0.0,0.0,0.0
8,9393079,+,14,50277822,+,KIRP,1198,TCGA-A4-8630-01A,TCGA-A4-8630-01A,1.0,0.0,0.0,0.0,0.0
9,6727668,+,23,136880986,+,KIRP,1199,TCGA-A4-8630-01A,TCGA-A4-8630-01A,1.0,0.0,0.0,0.0,0.0
9,43813583,-,9,45483182,+,KIRP,1200,TCGA-A4-8630-01A,TCGA-A4-8630-01A,1.0,0.0,0.0,0.0,0.0
1,12910870,+,1,13290826,+,KIRP,1201,TCGA-A4-A48D-01A,TCGA-A4-A48D-01A,1.0,0.0,0.0,0.0,0.0
1,43120080,-,7,30420011,+,KIRP,1202,TCGA-A4-A48D-01A,TCGA-A4-A48D-01A,1.0,0.0,0.0,0.0,0.0
11,120225151,-,11,120225376,+,KIRP,1203,TCGA-A4-A48D-01A,TCGA-A4-A48D-01A,1.0,0.0,0.0,0.0,0.0
16,10254456,+,16,19623769,-,KIRP,1204,TCGA-A4-A48D-01A,TCGA-A4-A48D-01A,1.0,0.0,0.0,0.0,0.0
2,30944433,-,2,30944575,+,KIRP,1205,TCGA-A4-A48D-01A,TCGA-A4-A48D-01A,1.0,0.0,0.0,0.0,0.0
2,115518766,-,2,115520321,-,KIRP,1206,TCGA-A4-A48D-01A,TCGA-A4-A48D-01A,1.0,0.0,0.0,0.0,0.0
2,115519798,+,2,115556534,+,KIRP,1207,TCGA-A4-A48D-01A,TCGA-A4-A48D-01A,1.0,0.0,0.0,0.0,0.0
2,240685786,+,2,240689010,+,KIRP,1208,TCGA-A4-A48D-01A,TCGA-A4-A48D-01A,1.0,0.0,0.0,0.0,0.0
5,29783239,-,5,162808948,-,KIRP,1209,TCGA-A4-A48D-01A,TCGA-A4-A48D-01A,1.0,0.0,0.0,0.0,0.0
5,152148802,-,5,163970309,-,KIRP,1210,TCGA-A4-A48D-01A,TCGA-A4-A48D-01A,1.0,0.0,0.0,0.0,0.0
12,34836702,-,12,34887631,+,KIRP,1211,TCGA-A4-A4ZT-01A,TCGA-A4-A4ZT-01A,1.0,0.0,0.0,0.0,0.0
15,23434194,-,15,28255333,-,KIRP,1212,TCGA-A4-A4ZT-01A,TCGA-A4-A4ZT-01A,1.0,0.0,0.0,0.0,0.0
17,23064538,+,17,23176061,-,KIRP,1213,TCGA-A4-A4ZT-01A,TCGA-A4-A4ZT-01A,1.0,0.0,0.0,0.0,0.0
18,15472049,-,18,15610632,+,KIRP,1214,TCGA-A4-A4ZT-01A,TCGA-A4-A4ZT-01A,1.0,0.0,0.0,0.0,0.0
18,16933326,-,18,18770018,+,KIRP,1215,TCGA-A4-A4ZT-01A,TCGA-A4-A4ZT-01A,1.0,0.0,0.0,0.0,0.0
2,45884984,+,19,32913289,-,KIRP,1216,TCGA-A4-A4ZT-01A,TCGA-A4-A4ZT-01A,1.0,0.0,0.0,0.0,0.0
3,91024097,-,3,91212161,+,KIRP,1217,TCGA-A4-A4ZT-01A,TCGA-A4-A4ZT-01A,1.0,0.0,0.0,0.0,0.0
3,91174972,-,3,91200779,+,KIRP,1218,TCGA-A4-A4ZT-01A,TCGA-A4-A4ZT-01A,1.0,0.0,0.0,0.0,0.0
7,35911689,-,7,56150057,+,KIRP,1219,TCGA-A4-A4ZT-01A,TCGA-A4-A4ZT-01A,1.0,0.0,0.0,0.0,0.0
7,49859596,+,7,65966066,+,KIRP,1220,TCGA-A4-A4ZT-01A,TCGA-A4-A4ZT-01A,1.0,0.0,0.0,0.0,0.0
7,90863671,-,7,140884476,+,KIRP,1221,TCGA-A4-A4ZT-01A,TCGA-A4-A4ZT-01A,1.0,0.0,0.0,0.0,0.0
1,2605799,+,5,167867489,-,KIRP,1222,TCGA-A4-A57E-01A,TCGA-A4-A57E-01A,1.0,0.0,0.0,0.0,0.0
1,4147518,-,5,168984117,+,KIRP,1223,TCGA-A4-A57E-01A,TCGA-A4-A57E-01A,1.0,0.0,0.0,0.0,0.0
1,69086917,+,1,69280972,-,KIRP,1224,TCGA-A4-A57E-01A,TCGA-A4-A57E-01A,1.0,0.0,0.0,0.0,0.0
1,206143007,-,1,206143147,+,KIRP,1225,TCGA-A4-A57E-01A,TCGA-A4-A57E-01A,1.0,0.0,0.0,0.0,0.0
1,211221290,-,4,63062070,+,KIRP,1226,TCGA-A4-A57E-01A,TCGA-A4-A57E-01A,1.0,0.0,0.0,0.0,0.0
10,8868860,+,10,8948248,-,KIRP,1227,TCGA-A4-A57E-01A,TCGA-A4-A57E-01A,1.0,0.0,0.0,0.0,0.0
10,63027374,+,10,63199816,-,KIRP,1228,TCGA-A4-A57E-01A,TCGA-A4-A57E-01A,1.0,0.0,0.0,0.0,0.0
10,73027043,+,10,73063086,-,KIRP,1229,TCGA-A4-A57E-01A,TCGA-A4-A57E-01A,1.0,0.0,0.0,0.0,0.0
11,52211519,-,11,52308644,+,KIRP,1230,TCGA-A4-A57E-01A,TCGA-A4-A57E-01A,1.0,0.0,0.0,0.0,0.0
11,113843085,+,11,114744804,-,KIRP,1231,TCGA-A4-A57E-01A,TCGA-A4-A57E-01A,1.0,0.0,0.0,0.0,0.0
13,41475788,+,13,41483200,-,KIRP,1232,TCGA-A4-A57E-01A,TCGA-A4-A57E-01A,1.0,0.0,0.0,0.0,0.0
14,102094594,-,15,77185789,+,KIRP,1233,TCGA-A4-A57E-01A,TCGA-A4-A57E-01A,1.0,0.0,0.0,0.0,0.0
18,15665540,-,18,15711772,+,KIRP,1234,TCGA-A4-A57E-01A,TCGA-A4-A57E-01A,1.0,0.0,0.0,0.0,0.0
2,68230288,-,8,121369427,+,KIRP,1235,TCGA-A4-A57E-01A,TCGA-A4-A57E-01A,1.0,0.0,0.0,0.0,0.0
2,131447237,+,2,131483621,+,KIRP,1236,TCGA-A4-A57E-01A,TCGA-A4-A57E-01A,1.0,0.0,0.0,0.0,0.0
2,131447237,+,2,132629632,-,KIRP,1237,TCGA-A4-A57E-01A,TCGA-A4-A57E-01A,1.0,0.0,0.0,0.0,0.0
2,131483336,-,2,132629631,-,KIRP,1238,TCGA-A4-A57E-01A,TCGA-A4-A57E-01A,1.0,0.0,0.0,0.0,0.0
2,194202493,+,2,215463292,+,KIRP,1239,TCGA-A4-A57E-01A,TCGA-A4-A57E-01A,1.0,0.0,0.0,0.0,0.0
2,194202494,+,2,230322023,+,KIRP,1240,TCGA-A4-A57E-01A,TCGA-A4-A57E-01A,1.0,0.0,0.0,0.0,0.0
2,213138660,-,2,213149084,-,KIRP,1241,TCGA-A4-A57E-01A,TCGA-A4-A57E-01A,1.0,0.0,0.0,0.0,0.0
2,213146105,+,3,174334828,+,KIRP,1242,TCGA-A4-A57E-01A,TCGA-A4-A57E-01A,1.0,0.0,0.0,0.0,0.0
2,213499571,+,3,175203959,-,KIRP,1243,TCGA-A4-A57E-01A,TCGA-A4-A57E-01A,1.0,0.0,0.0,0.0,0.0
2,215440232,+,2,230337920,+,KIRP,1244,TCGA-A4-A57E-01A,TCGA-A4-A57E-01A,1.0,0.0,0.0,0.0,0.0
2,215463127,-,2,230322023,+,KIRP,1245,TCGA-A4-A57E-01A,TCGA-A4-A57E-01A,1.0,0.0,0.0,0.0,0.0
2,230320198,-,2,230330799,-,KIRP,1246,TCGA-A4-A57E-01A,TCGA-A4-A57E-01A,1.0,0.0,0.0,0.0,0.0
20,54089569,+,20,54209913,-,KIRP,1247,TCGA-A4-A57E-01A,TCGA-A4-A57E-01A,1.0,0.0,0.0,0.0,0.0
22,17118549,+,22,19148046,-,KIRP,1248,TCGA-A4-A57E-01A,TCGA-A4-A57E-01A,1.0,0.0,0.0,0.0,0.0
3,138180547,-,3,139195933,+,KIRP,1249,TCGA-A4-A57E-01A,TCGA-A4-A57E-01A,1.0,0.0,0.0,0.0,0.0
3,138753780,+,3,138754393,-,KIRP,1250,TCGA-A4-A57E-01A,TCGA-A4-A57E-01A,1.0,0.0,0.0,0.0,0.0
3,145353701,+,3,145914911,-,KIRP,1251,TCGA-A4-A57E-01A,TCGA-A4-A57E-01A,1.0,0.0,0.0,0.0,0.0
3,164387909,+,3,165481159,-,KIRP,1252,TCGA-A4-A57E-01A,TCGA-A4-A57E-01A,1.0,0.0,0.0,0.0,0.0
3,165432651,-,4,78643590,+,KIRP,1253,TCGA-A4-A57E-01A,TCGA-A4-A57E-01A,1.0,0.0,0.0,0.0,0.0
3,165432786,-,4,78696939,+,KIRP,1254,TCGA-A4-A57E-01A,TCGA-A4-A57E-01A,1.0,0.0,0.0,0.0,0.0
3,165432813,-,4,81740327,+,KIRP,1255,TCGA-A4-A57E-01A,TCGA-A4-A57E-01A,1.0,0.0,0.0,0.0,0.0
3,165433216,+,4,75580860,+,KIRP,1256,TCGA-A4-A57E-01A,TCGA-A4-A57E-01A,1.0,0.0,0.0,0.0,0.0
3,165433449,+,3,165451057,+,KIRP,1257,TCGA-A4-A57E-01A,TCGA-A4-A57E-01A,1.0,0.0,0.0,0.0,0.0
3,165451793,-,4,75591629,+,KIRP,1258,TCGA-A4-A57E-01A,TCGA-A4-A57E-01A,1.0,0.0,0.0,0.0,0.0
3,165452133,+,4,76768063,-,KIRP,1259,TCGA-A4-A57E-01A,TCGA-A4-A57E-01A,1.0,0.0,0.0,0.0,0.0
4,49770558,+,4,50970910,-,KIRP,1260,TCGA-A4-A57E-01A,TCGA-A4-A57E-01A,1.0,0.0,0.0,0.0,0.0
4,75580218,-,4,78700140,+,KIRP,1261,TCGA-A4-A57E-01A,TCGA-A4-A57E-01A,1.0,0.0,0.0,0.0,0.0
4,75580307,+,4,75609547,+,KIRP,1262,TCGA-A4-A57E-01A,TCGA-A4-A57E-01A,1.0,0.0,0.0,0.0,0.0
4,75590983,-,4,78700237,+,KIRP,1263,TCGA-A4-A57E-01A,TCGA-A4-A57E-01A,1.0,0.0,0.0,0.0,0.0
4,75591091,-,4,75609303,-,KIRP,1264,TCGA-A4-A57E-01A,TCGA-A4-A57E-01A,1.0,0.0,0.0,0.0,0.0
4,75609547,+,4,78700140,+,KIRP,1265,TCGA-A4-A57E-01A,TCGA-A4-A57E-01A,1.0,0.0,0.0,0.0,0.0
4,76768141,-,4,78694079,-,KIRP,1266,TCGA-A4-A57E-01A,TCGA-A4-A57E-01A,1.0,0.0,0.0,0.0,0.0
4,76772164,-,4,78694086,-,KIRP,1267,TCGA-A4-A57E-01A,TCGA-A4-A57E-01A,1.0,0.0,0.0,0.0,0.0
4,78643500,+,4,81740173,-,KIRP,1268,TCGA-A4-A57E-01A,TCGA-A4-A57E-01A,1.0,0.0,0.0,0.0,0.0
4,78696752,+,4,81970055,-,KIRP,1269,TCGA-A4-A57E-01A,TCGA-A4-A57E-01A,1.0,0.0,0.0,0.0,0.0
4,78696840,-,4,81970185,+,KIRP,1270,TCGA-A4-A57E-01A,TCGA-A4-A57E-01A,1.0,0.0,0.0,0.0,0.0
4,78696921,+,4,78699556,-,KIRP,1271,TCGA-A4-A57E-01A,TCGA-A4-A57E-01A,1.0,0.0,0.0,0.0,0.0
4,78699555,-,4,81815125,+,KIRP,1272,TCGA-A4-A57E-01A,TCGA-A4-A57E-01A,1.0,0.0,0.0,0.0,0.0
4,101249631,+,7,142324972,+,KIRP,1273,TCGA-A4-A57E-01A,TCGA-A4-A57E-01A,1.0,0.0,0.0,0.0,0.0
5,76365003,+,5,77294659,-,KIRP,1274,TCGA-A4-A57E-01A,TCGA-A4-A57E-01A,1.0,0.0,0.0,0.0,0.0
6,41618422,+,6,41658047,-,KIRP,1275,TCGA-A4-A57E-01A,TCGA-A4-A57E-01A,1.0,0.0,0.0,0.0,0.0
6,164616003,+,6,164979812,-,KIRP,1276,TCGA-A4-A57E-01A,TCGA-A4-A57E-01A,1.0,0.0,0.0,0.0,0.0
8,8526074,-,16,19321616,-,KIRP,1277,TCGA-A4-A57E-01A,TCGA-A4-A57E-01A,1.0,0.0,0.0,0.0,0.0
9,21371285,+,9,22355927,-,KIRP,1278,TCGA-A4-A57E-01A,TCGA-A4-A57E-01A,1.0,0.0,0.0,0.0,0.0
9,31329613,-,11,79850513,-,KIRP,1279,TCGA-A4-A57E-01A,TCGA-A4-A57E-01A,1.0,0.0,0.0,0.0,0.0
9,31375307,+,9,31755902,-,KIRP,1280,TCGA-A4-A57E-01A,TCGA-A4-A57E-01A,1.0,0.0,0.0,0.0,0.0
15,50183187,-,15,50183340,+,KIRP,1281,TCGA-A4-A5DU-01A,TCGA-A4-A5DU-01A,1.0,0.0,0.0,0.0,0.0
5,132279343,-,7,14747776,+,KIRP,1282,TCGA-A4-A5DU-01A,TCGA-A4-A5DU-01A,1.0,0.0,0.0,0.0,0.0
6,58449211,+,6,59576194,-,KIRP,1283,TCGA-A4-A5DU-01A,TCGA-A4-A5DU-01A,1.0,0.0,0.0,0.0,0.0
7,26168466,+,8,38598903,-,KIRP,1284,TCGA-A4-A5DU-01A,TCGA-A4-A5DU-01A,1.0,0.0,0.0,0.0,0.0
1,22994856,+,6,162467047,-,KIRP,1285,TCGA-A4-A5XZ-01A,TCGA-A4-A5XZ-01A,1.0,0.0,0.0,0.0,0.0
12,9567221,+,12,31121714,+,KIRP,1286,TCGA-A4-A5XZ-01A,TCGA-A4-A5XZ-01A,1.0,0.0,0.0,0.0,0.0
13,17005864,+,13,17068218,-,KIRP,1287,TCGA-A4-A5XZ-01A,TCGA-A4-A5XZ-01A,1.0,0.0,0.0,0.0,0.0
13,53671486,+,13,53675211,-,KIRP,1288,TCGA-A4-A5XZ-01A,TCGA-A4-A5XZ-01A,1.0,0.0,0.0,0.0,0.0
18,15486879,+,18,15585907,-,KIRP,1289,TCGA-A4-A5XZ-01A,TCGA-A4-A5XZ-01A,1.0,0.0,0.0,0.0,0.0
2,92998283,+,2,93602436,-,KIRP,1290,TCGA-A4-A5XZ-01A,TCGA-A4-A5XZ-01A,1.0,0.0,0.0,0.0,0.0
4,8258925,-,6,162467386,+,KIRP,1291,TCGA-A4-A5XZ-01A,TCGA-A4-A5XZ-01A,1.0,0.0,0.0,0.0,0.0
4,50004928,+,4,51644637,-,KIRP,1292,TCGA-A4-A5XZ-01A,TCGA-A4-A5XZ-01A,1.0,0.0,0.0,0.0,0.0
6,57406042,+,6,60307646,-,KIRP,1293,TCGA-A4-A5XZ-01A,TCGA-A4-A5XZ-01A,1.0,0.0,0.0,0.0,0.0
8,44037613,-,8,44398246,+,KIRP,1294,TCGA-A4-A5XZ-01A,TCGA-A4-A5XZ-01A,1.0,0.0,0.0,0.0,0.0
23,7098924,-,23,29886734,-,KIRP,1295,TCGA-A4-A5XZ-01A,TCGA-A4-A5XZ-01A,1.0,0.0,0.0,0.0,0.0
23,36242617,+,23,45484412,+,KIRP,1296,TCGA-A4-A5XZ-01A,TCGA-A4-A5XZ-01A,1.0,0.0,0.0,0.0,0.0
23,36246070,-,23,36304112,-,KIRP,1297,TCGA-A4-A5XZ-01A,TCGA-A4-A5XZ-01A,1.0,0.0,0.0,0.0,0.0
23,43942358,-,23,44634172,-,KIRP,1298,TCGA-A4-A5XZ-01A,TCGA-A4-A5XZ-01A,1.0,0.0,0.0,0.0,0.0
23,47874808,-,23,47925605,-,KIRP,1299,TCGA-A4-A5XZ-01A,TCGA-A4-A5XZ-01A,1.0,0.0,0.0,0.0,0.0
23,92158587,+,23,93757420,-,KIRP,1300,TCGA-A4-A5XZ-01A,TCGA-A4-A5XZ-01A,1.0,0.0,0.0,0.0,0.0
10,16881381,+,10,16881464,+,KIRP,1301,TCGA-A4-A6HP-01A,TCGA-A4-A6HP-01A,1.0,0.0,0.0,0.0,0.0
10,38008159,+,10,108040051,+,KIRP,1302,TCGA-A4-A6HP-01A,TCGA-A4-A6HP-01A,1.0,0.0,0.0,0.0,0.0
10,116599257,-,18,22256156,+,KIRP,1303,TCGA-A4-A6HP-01A,TCGA-A4-A6HP-01A,1.0,0.0,0.0,0.0,0.0
11,54354449,+,11,54408697,-,KIRP,1304,TCGA-A4-A6HP-01A,TCGA-A4-A6HP-01A,1.0,0.0,0.0,0.0,0.0
12,123971706,-,12,123971904,+,KIRP,1305,TCGA-A4-A6HP-01A,TCGA-A4-A6HP-01A,1.0,0.0,0.0,0.0,0.0
18,15754685,-,18,15785469,+,KIRP,1306,TCGA-A4-A6HP-01A,TCGA-A4-A6HP-01A,1.0,0.0,0.0,0.0,0.0
2,92308618,-,2,93108729,+,KIRP,1307,TCGA-A4-A6HP-01A,TCGA-A4-A6HP-01A,1.0,0.0,0.0,0.0,0.0
2,95838442,+,2,97494308,-,KIRP,1308,TCGA-A4-A6HP-01A,TCGA-A4-A6HP-01A,1.0,0.0,0.0,0.0,0.0
21,9914846,-,21,14248706,+,KIRP,1309,TCGA-A4-A6HP-01A,TCGA-A4-A6HP-01A,1.0,0.0,0.0,0.0,0.0
21,14007701,-,21,21455018,-,KIRP,1310,TCGA-A4-A6HP-01A,TCGA-A4-A6HP-01A,1.0,0.0,0.0,0.0,0.0
21,14716137,+,21,15517542,+,KIRP,1311,TCGA-A4-A6HP-01A,TCGA-A4-A6HP-01A,1.0,0.0,0.0,0.0,0.0
21,14760302,-,21,17064451,+,KIRP,1312,TCGA-A4-A6HP-01A,TCGA-A4-A6HP-01A,1.0,0.0,0.0,0.0,0.0
21,15848008,-,21,17505745,+,KIRP,1313,TCGA-A4-A6HP-01A,TCGA-A4-A6HP-01A,1.0,0.0,0.0,0.0,0.0
21,16388001,+,21,16622944,-,KIRP,1314,TCGA-A4-A6HP-01A,TCGA-A4-A6HP-01A,1.0,0.0,0.0,0.0,0.0
21,16505278,-,21,17509187,-,KIRP,1315,TCGA-A4-A6HP-01A,TCGA-A4-A6HP-01A,1.0,0.0,0.0,0.0,0.0
21,16620425,+,21,46607929,+,KIRP,1316,TCGA-A4-A6HP-01A,TCGA-A4-A6HP-01A,1.0,0.0,0.0,0.0,0.0
21,16722857,-,21,31708129,-,KIRP,1317,TCGA-A4-A6HP-01A,TCGA-A4-A6HP-01A,1.0,0.0,0.0,0.0,0.0
21,20572391,-,21,43856296,+,KIRP,1318,TCGA-A4-A6HP-01A,TCGA-A4-A6HP-01A,1.0,0.0,0.0,0.0,0.0
21,22661656,+,21,36562453,-,KIRP,1319,TCGA-A4-A6HP-01A,TCGA-A4-A6HP-01A,1.0,0.0,0.0,0.0,0.0
21,26928832,-,21,42574706,+,KIRP,1320,TCGA-A4-A6HP-01A,TCGA-A4-A6HP-01A,1.0,0.0,0.0,0.0,0.0
21,30652604,+,21,42421967,-,KIRP,1321,TCGA-A4-A6HP-01A,TCGA-A4-A6HP-01A,1.0,0.0,0.0,0.0,0.0
21,30967695,+,21,46106805,-,KIRP,1322,TCGA-A4-A6HP-01A,TCGA-A4-A6HP-01A,1.0,0.0,0.0,0.0,0.0
21,31002790,-,21,36313434,+,KIRP,1323,TCGA-A4-A6HP-01A,TCGA-A4-A6HP-01A,1.0,0.0,0.0,0.0,0.0
21,32550053,-,21,46467863,-,KIRP,1324,TCGA-A4-A6HP-01A,TCGA-A4-A6HP-01A,1.0,0.0,0.0,0.0,0.0
8,23015867,-,16,64489026,-,KIRP,1325,TCGA-A4-A6HP-01A,TCGA-A4-A6HP-01A,1.0,0.0,0.0,0.0,0.0
12,14405693,+,12,14406351,-,KIRP,1326,TCGA-A4-A772-01A,TCGA-A4-A772-01A,1.0,0.0,0.0,0.0,0.0
12,37254405,+,12,37260151,-,KIRP,1327,TCGA-A4-A772-01A,TCGA-A4-A772-01A,1.0,0.0,0.0,0.0,0.0
3,130062444,-,7,6907241,+,KIRP,1328,TCGA-A4-A772-01A,TCGA-A4-A772-01A,1.0,0.0,0.0,0.0,0.0
5,6569419,+,12,42743932,-,KIRP,1329,TCGA-A4-A772-01A,TCGA-A4-A772-01A,1.0,0.0,0.0,0.0,0.0
1,4974892,-,1,4978478,-,KIRP,1330,TCGA-A4-A7UZ-01A,TCGA-A4-A7UZ-01A,1.0,0.0,0.0,0.0,0.0
1,4974907,+,1,5157080,+,KIRP,1331,TCGA-A4-A7UZ-01A,TCGA-A4-A7UZ-01A,1.0,0.0,0.0,0.0,0.0
1,4974991,+,1,4978253,-,KIRP,1332,TCGA-A4-A7UZ-01A,TCGA-A4-A7UZ-01A,1.0,0.0,0.0,0.0,0.0
1,4978489,+,20,19549752,-,KIRP,1333,TCGA-A4-A7UZ-01A,TCGA-A4-A7UZ-01A,1.0,0.0,0.0,0.0,0.0
10,66367908,-,16,51189678,+,KIRP,1334,TCGA-A4-A7UZ-01A,TCGA-A4-A7UZ-01A,1.0,0.0,0.0,0.0,0.0
10,74504507,-,10,108368732,+,KIRP,1335,TCGA-A4-A7UZ-01A,TCGA-A4-A7UZ-01A,1.0,0.0,0.0,0.0,0.0
10,79452762,+,10,81405623,-,KIRP,1336,TCGA-A4-A7UZ-01A,TCGA-A4-A7UZ-01A,1.0,0.0,0.0,0.0,0.0
10,105340987,-,10,127977594,-,KIRP,1337,TCGA-A4-A7UZ-01A,TCGA-A4-A7UZ-01A,1.0,0.0,0.0,0.0,0.0
11,6972703,-,11,99866882,+,KIRP,1338,TCGA-A4-A7UZ-01A,TCGA-A4-A7UZ-01A,1.0,0.0,0.0,0.0,0.0
11,112937805,+,11,112954492,-,KIRP,1339,TCGA-A4-A7UZ-01A,TCGA-A4-A7UZ-01A,1.0,0.0,0.0,0.0,0.0
16,34255973,-,16,36322502,+,KIRP,1340,TCGA-A4-A7UZ-01A,TCGA-A4-A7UZ-01A,1.0,0.0,0.0,0.0,0.0
16,69030153,-,16,69077604,+,KIRP,1341,TCGA-A4-A7UZ-01A,TCGA-A4-A7UZ-01A,1.0,0.0,0.0,0.0,0.0
18,9836913,-,18,9895793,+,KIRP,1342,TCGA-A4-A7UZ-01A,TCGA-A4-A7UZ-01A,1.0,0.0,0.0,0.0,0.0
18,15731852,+,18,15743500,-,KIRP,1343,TCGA-A4-A7UZ-01A,TCGA-A4-A7UZ-01A,1.0,0.0,0.0,0.0,0.0
2,93097157,-,2,93522021,+,KIRP,1344,TCGA-A4-A7UZ-01A,TCGA-A4-A7UZ-01A,1.0,0.0,0.0,0.0,0.0
2,132054748,-,10,38926108,-,KIRP,1345,TCGA-A4-A7UZ-01A,TCGA-A4-A7UZ-01A,1.0,0.0,0.0,0.0,0.0
2,136346147,-,2,136347703,+,KIRP,1346,TCGA-A4-A7UZ-01A,TCGA-A4-A7UZ-01A,1.0,0.0,0.0,0.0,0.0
3,116160472,+,3,116576322,-,KIRP,1347,TCGA-A4-A7UZ-01A,TCGA-A4-A7UZ-01A,1.0,0.0,0.0,0.0,0.0
4,4817121,-,4,5064529,+,KIRP,1348,TCGA-A4-A7UZ-01A,TCGA-A4-A7UZ-01A,1.0,0.0,0.0,0.0,0.0
4,87863336,+,4,183046026,+,KIRP,1349,TCGA-A4-A7UZ-01A,TCGA-A4-A7UZ-01A,1.0,0.0,0.0,0.0,0.0
5,46433918,+,5,46568064,+,KIRP,1350,TCGA-A4-A7UZ-01A,TCGA-A4-A7UZ-01A,1.0,0.0,0.0,0.0,0.0
6,3363782,-,7,12764694,+,KIRP,1351,TCGA-A4-A7UZ-01A,TCGA-A4-A7UZ-01A,1.0,0.0,0.0,0.0,0.0
6,3364102,+,7,12764686,-,KIRP,1352,TCGA-A4-A7UZ-01A,TCGA-A4-A7UZ-01A,1.0,0.0,0.0,0.0,0.0
7,12764576,+,10,91124557,+,KIRP,1353,TCGA-A4-A7UZ-01A,TCGA-A4-A7UZ-01A,1.0,0.0,0.0,0.0,0.0
8,73784057,-,8,73784170,+,KIRP,1354,TCGA-A4-A7UZ-01A,TCGA-A4-A7UZ-01A,1.0,0.0,0.0,0.0,0.0
9,21251223,+,9,23825521,-,KIRP,1355,TCGA-A4-A7UZ-01A,TCGA-A4-A7UZ-01A,1.0,0.0,0.0,0.0,0.0
9,87144872,-,20,41871835,-,KIRP,1356,TCGA-A4-A7UZ-01A,TCGA-A4-A7UZ-01A,1.0,0.0,0.0,0.0,0.0
1,15935515,+,1,34213114,-,KIRP,1357,TCGA-AL-3466-01A,TCGA-AL-3466-01A,1.0,0.0,0.0,0.0,0.0
1,34213676,+,1,36295122,-,KIRP,1358,TCGA-AL-3466-01A,TCGA-AL-3466-01A,1.0,0.0,0.0,0.0,0.0
1,36295558,+,6,55982762,-,KIRP,1359,TCGA-AL-3466-01A,TCGA-AL-3466-01A,1.0,0.0,0.0,0.0,0.0
1,36345316,-,17,53484121,+,KIRP,1360,TCGA-AL-3466-01A,TCGA-AL-3466-01A,1.0,0.0,0.0,0.0,0.0
1,36486162,-,17,43225179,-,KIRP,1361,TCGA-AL-3466-01A,TCGA-AL-3466-01A,1.0,0.0,0.0,0.0,0.0
1,39055081,-,19,1222200,+,KIRP,1362,TCGA-AL-3466-01A,TCGA-AL-3466-01A,1.0,0.0,0.0,0.0,0.0
1,39132382,+,19,1133963,-,KIRP,1363,TCGA-AL-3466-01A,TCGA-AL-3466-01A,1.0,0.0,0.0,0.0,0.0
1,47206461,-,1,47276533,+,KIRP,1364,TCGA-AL-3466-01A,TCGA-AL-3466-01A,1.0,0.0,0.0,0.0,0.0
1,97652083,+,1,97802483,-,KIRP,1365,TCGA-AL-3466-01A,TCGA-AL-3466-01A,1.0,0.0,0.0,0.0,0.0
1,97909830,-,1,98059224,+,KIRP,1366,TCGA-AL-3466-01A,TCGA-AL-3466-01A,1.0,0.0,0.0,0.0,0.0
1,100495451,-,1,100866314,+,KIRP,1367,TCGA-AL-3466-01A,TCGA-AL-3466-01A,1.0,0.0,0.0,0.0,0.0
1,103338327,+,2,85167578,-,KIRP,1368,TCGA-AL-3466-01A,TCGA-AL-3466-01A,1.0,0.0,0.0,0.0,0.0
1,121466047,-,4,47161035,-,KIRP,1369,TCGA-AL-3466-01A,TCGA-AL-3466-01A,1.0,0.0,0.0,0.0,0.0
1,123284225,+,1,123697871,-,KIRP,1370,TCGA-AL-3466-01A,TCGA-AL-3466-01A,1.0,0.0,0.0,0.0,0.0
1,193130402,+,1,193140858,-,KIRP,1371,TCGA-AL-3466-01A,TCGA-AL-3466-01A,1.0,0.0,0.0,0.0,0.0
10,5000668,+,10,5010831,+,KIRP,1372,TCGA-AL-3466-01A,TCGA-AL-3466-01A,1.0,0.0,0.0,0.0,0.0
10,5000687,-,10,5104168,-,KIRP,1373,TCGA-AL-3466-01A,TCGA-AL-3466-01A,1.0,0.0,0.0,0.0,0.0
10,45780141,+,10,54474454,-,KIRP,1374,TCGA-AL-3466-01A,TCGA-AL-3466-01A,1.0,0.0,0.0,0.0,0.0
10,77810161,-,10,78082631,+,KIRP,1375,TCGA-AL-3466-01A,TCGA-AL-3466-01A,1.0,0.0,0.0,0.0,0.0
10,114754104,-,10,114813145,+,KIRP,1376,TCGA-AL-3466-01A,TCGA-AL-3466-01A,1.0,0.0,0.0,0.0,0.0
10,116017266,-,10,116187155,+,KIRP,1377,TCGA-AL-3466-01A,TCGA-AL-3466-01A,1.0,0.0,0.0,0.0,0.0
11,31638092,+,11,31735939,-,KIRP,1378,TCGA-AL-3466-01A,TCGA-AL-3466-01A,1.0,0.0,0.0,0.0,0.0
11,54368704,-,11,54396496,+,KIRP,1379,TCGA-AL-3466-01A,TCGA-AL-3466-01A,1.0,0.0,0.0,0.0,0.0
11,54378146,-,11,54394473,+,KIRP,1380,TCGA-AL-3466-01A,TCGA-AL-3466-01A,1.0,0.0,0.0,0.0,0.0
11,83871622,+,11,84005782,-,KIRP,1381,TCGA-AL-3466-01A,TCGA-AL-3466-01A,1.0,0.0,0.0,0.0,0.0
11,84487953,+,11,84627980,-,KIRP,1382,TCGA-AL-3466-01A,TCGA-AL-3466-01A,1.0,0.0,0.0,0.0,0.0
11,84948887,+,11,85170037,-,KIRP,1383,TCGA-AL-3466-01A,TCGA-AL-3466-01A,1.0,0.0,0.0,0.0,0.0
11,85340236,+,11,85353553,-,KIRP,1384,TCGA-AL-3466-01A,TCGA-AL-3466-01A,1.0,0.0,0.0,0.0,0.0
12,34861596,+,12,36500235,-,KIRP,1385,TCGA-AL-3466-01A,TCGA-AL-3466-01A,1.0,0.0,0.0,0.0,0.0
12,39762190,+,12,39877776,-,KIRP,1386,TCGA-AL-3466-01A,TCGA-AL-3466-01A,1.0,0.0,0.0,0.0,0.0
14,26847274,+,14,26893035,-,KIRP,1387,TCGA-AL-3466-01A,TCGA-AL-3466-01A,1.0,0.0,0.0,0.0,0.0
14,46542269,+,14,47309335,-,KIRP,1388,TCGA-AL-3466-01A,TCGA-AL-3466-01A,1.0,0.0,0.0,0.0,0.0
14,79158741,+,14,79244130,-,KIRP,1389,TCGA-AL-3466-01A,TCGA-AL-3466-01A,1.0,0.0,0.0,0.0,0.0
14,100180007,-,14,100202562,+,KIRP,1390,TCGA-AL-3466-01A,TCGA-AL-3466-01A,1.0,0.0,0.0,0.0,0.0
14,103349632,-,14,103397363,+,KIRP,1391,TCGA-AL-3466-01A,TCGA-AL-3466-01A,1.0,0.0,0.0,0.0,0.0
15,40224190,-,15,72555447,+,KIRP,1392,TCGA-AL-3466-01A,TCGA-AL-3466-01A,1.0,0.0,0.0,0.0,0.0
15,85423504,+,15,85449679,-,KIRP,1393,TCGA-AL-3466-01A,TCGA-AL-3466-01A,1.0,0.0,0.0,0.0,0.0
16,367963,-,19,4829699,-,KIRP,1394,TCGA-AL-3466-01A,TCGA-AL-3466-01A,1.0,0.0,0.0,0.0,0.0
16,438825,+,19,4938054,+,KIRP,1395,TCGA-AL-3466-01A,TCGA-AL-3466-01A,1.0,0.0,0.0,0.0,0.0
16,63032099,+,16,63605466,-,KIRP,1396,TCGA-AL-3466-01A,TCGA-AL-3466-01A,1.0,0.0,0.0,0.0,0.0
16,63069369,+,16,63153248,-,KIRP,1397,TCGA-AL-3466-01A,TCGA-AL-3466-01A,1.0,0.0,0.0,0.0,0.0
16,63271762,+,16,63385997,-,KIRP,1398,TCGA-AL-3466-01A,TCGA-AL-3466-01A,1.0,0.0,0.0,0.0,0.0
16,63284319,+,16,63359048,-,KIRP,1399,TCGA-AL-3466-01A,TCGA-AL-3466-01A,1.0,0.0,0.0,0.0,0.0
16,63461726,-,16,63591396,+,KIRP,1400,TCGA-AL-3466-01A,TCGA-AL-3466-01A,1.0,0.0,0.0,0.0,0.0
16,72981131,-,16,73009249,-,KIRP,1401,TCGA-AL-3466-01A,TCGA-AL-3466-01A,1.0,0.0,0.0,0.0,0.0
16,78979322,+,16,79081644,-,KIRP,1402,TCGA-AL-3466-01A,TCGA-AL-3466-01A,1.0,0.0,0.0,0.0,0.0
16,79024581,-,16,79212086,-,KIRP,1403,TCGA-AL-3466-01A,TCGA-AL-3466-01A,1.0,0.0,0.0,0.0,0.0
16,89439259,-,16,89568157,+,KIRP,1404,TCGA-AL-3466-01A,TCGA-AL-3466-01A,1.0,0.0,0.0,0.0,0.0
17,20840957,-,19,1881627,-,KIRP,1405,TCGA-AL-3466-01A,TCGA-AL-3466-01A,1.0,0.0,0.0,0.0,0.0
17,35919914,-,17,53484124,-,KIRP,1406,TCGA-AL-3466-01A,TCGA-AL-3466-01A,1.0,0.0,0.0,0.0,0.0
17,38601811,-,17,38834709,+,KIRP,1407,TCGA-AL-3466-01A,TCGA-AL-3466-01A,1.0,0.0,0.0,0.0,0.0
17,59797041,+,17,59825199,-,KIRP,1408,TCGA-AL-3466-01A,TCGA-AL-3466-01A,1.0,0.0,0.0,0.0,0.0
17,70677492,-,17,71906564,+,KIRP,1409,TCGA-AL-3466-01A,TCGA-AL-3466-01A,1.0,0.0,0.0,0.0,0.0
18,62800155,+,18,62888352,-,KIRP,1410,TCGA-AL-3466-01A,TCGA-AL-3466-01A,1.0,0.0,0.0,0.0,0.0
18,65835903,+,18,65965223,-,KIRP,1411,TCGA-AL-3466-01A,TCGA-AL-3466-01A,1.0,0.0,0.0,0.0,0.0
19,1318249,+,19,4744173,-,KIRP,1412,TCGA-AL-3466-01A,TCGA-AL-3466-01A,1.0,0.0,0.0,0.0,0.0
19,2159073,+,19,2179661,-,KIRP,1413,TCGA-AL-3466-01A,TCGA-AL-3466-01A,1.0,0.0,0.0,0.0,0.0
19,12930330,-,19,13082267,+,KIRP,1414,TCGA-AL-3466-01A,TCGA-AL-3466-01A,1.0,0.0,0.0,0.0,0.0
19,24372132,-,19,24386999,-,KIRP,1415,TCGA-AL-3466-01A,TCGA-AL-3466-01A,1.0,0.0,0.0,0.0,0.0
19,24372256,+,19,24386894,+,KIRP,1416,TCGA-AL-3466-01A,TCGA-AL-3466-01A,1.0,0.0,0.0,0.0,0.0
2,27696013,-,12,132582236,-,KIRP,1417,TCGA-AL-3466-01A,TCGA-AL-3466-01A,1.0,0.0,0.0,0.0,0.0
2,27786812,+,12,132645373,+,KIRP,1418,TCGA-AL-3466-01A,TCGA-AL-3466-01A,1.0,0.0,0.0,0.0,0.0
2,95426418,+,23,75593572,+,KIRP,1419,TCGA-AL-3466-01A,TCGA-AL-3466-01A,1.0,0.0,0.0,0.0,0.0
2,102603225,+,2,135492040,-,KIRP,1420,TCGA-AL-3466-01A,TCGA-AL-3466-01A,1.0,0.0,0.0,0.0,0.0
2,107176310,-,2,107193148,+,KIRP,1421,TCGA-AL-3466-01A,TCGA-AL-3466-01A,1.0,0.0,0.0,0.0,0.0
2,115335492,+,2,115648378,-,KIRP,1422,TCGA-AL-3466-01A,TCGA-AL-3466-01A,1.0,0.0,0.0,0.0,0.0
2,125891951,+,2,125893895,-,KIRP,1423,TCGA-AL-3466-01A,TCGA-AL-3466-01A,1.0,0.0,0.0,0.0,0.0
2,140717211,+,2,141087453,-,KIRP,1424,TCGA-AL-3466-01A,TCGA-AL-3466-01A,1.0,0.0,0.0,0.0,0.0
2,140803780,+,2,141644736,-,KIRP,1425,TCGA-AL-3466-01A,TCGA-AL-3466-01A,1.0,0.0,0.0,0.0,0.0
2,140870659,+,2,141372255,-,KIRP,1426,TCGA-AL-3466-01A,TCGA-AL-3466-01A,1.0,0.0,0.0,0.0,0.0
2,140887283,+,2,141451291,-,KIRP,1427,TCGA-AL-3466-01A,TCGA-AL-3466-01A,1.0,0.0,0.0,0.0,0.0
2,140924738,+,2,140927684,-,KIRP,1428,TCGA-AL-3466-01A,TCGA-AL-3466-01A,1.0,0.0,0.0,0.0,0.0
2,140940076,+,2,141189519,-,KIRP,1429,TCGA-AL-3466-01A,TCGA-AL-3466-01A,1.0,0.0,0.0,0.0,0.0
2,141229446,+,2,141672787,-,KIRP,1430,TCGA-AL-3466-01A,TCGA-AL-3466-01A,1.0,0.0,0.0,0.0,0.0
2,141522067,+,2,141576353,-,KIRP,1431,TCGA-AL-3466-01A,TCGA-AL-3466-01A,1.0,0.0,0.0,0.0,0.0
2,141541554,-,2,141546973,+,KIRP,1432,TCGA-AL-3466-01A,TCGA-AL-3466-01A,1.0,0.0,0.0,0.0,0.0
2,141728851,+,2,142021090,-,KIRP,1433,TCGA-AL-3466-01A,TCGA-AL-3466-01A,1.0,0.0,0.0,0.0,0.0
2,148301630,+,2,148418237,-,KIRP,1434,TCGA-AL-3466-01A,TCGA-AL-3466-01A,1.0,0.0,0.0,0.0,0.0
2,153897690,+,2,154251957,-,KIRP,1435,TCGA-AL-3466-01A,TCGA-AL-3466-01A,1.0,0.0,0.0,0.0,0.0
2,154011950,+,2,154299430,-,KIRP,1436,TCGA-AL-3466-01A,TCGA-AL-3466-01A,1.0,0.0,0.0,0.0,0.0
2,154073985,+,2,154080677,-,KIRP,1437,TCGA-AL-3466-01A,TCGA-AL-3466-01A,1.0,0.0,0.0,0.0,0.0
2,154170482,+,2,154455792,-,KIRP,1438,TCGA-AL-3466-01A,TCGA-AL-3466-01A,1.0,0.0,0.0,0.0,0.0
2,154491921,+,2,154644856,-,KIRP,1439,TCGA-AL-3466-01A,TCGA-AL-3466-01A,1.0,0.0,0.0,0.0,0.0
2,160105100,-,2,160299116,+,KIRP,1440,TCGA-AL-3466-01A,TCGA-AL-3466-01A,1.0,0.0,0.0,0.0,0.0
2,167887439,+,2,195418108,+,KIRP,1441,TCGA-AL-3466-01A,TCGA-AL-3466-01A,1.0,0.0,0.0,0.0,0.0
2,168080690,-,2,196716878,-,KIRP,1442,TCGA-AL-3466-01A,TCGA-AL-3466-01A,1.0,0.0,0.0,0.0,0.0
2,190903911,+,2,190964632,-,KIRP,1443,TCGA-AL-3466-01A,TCGA-AL-3466-01A,1.0,0.0,0.0,0.0,0.0
2,205075662,+,2,205325057,-,KIRP,1444,TCGA-AL-3466-01A,TCGA-AL-3466-01A,1.0,0.0,0.0,0.0,0.0
2,205416247,+,2,205624041,-,KIRP,1445,TCGA-AL-3466-01A,TCGA-AL-3466-01A,1.0,0.0,0.0,0.0,0.0
2,224035268,-,2,224184430,+,KIRP,1446,TCGA-AL-3466-01A,TCGA-AL-3466-01A,1.0,0.0,0.0,0.0,0.0
2,238128754,-,2,238139325,+,KIRP,1447,TCGA-AL-3466-01A,TCGA-AL-3466-01A,1.0,0.0,0.0,0.0,0.0
20,14935269,+,20,15048708,-,KIRP,1448,TCGA-AL-3466-01A,TCGA-AL-3466-01A,1.0,0.0,0.0,0.0,0.0
21,31202340,+,21,31491051,-,KIRP,1449,TCGA-AL-3466-01A,TCGA-AL-3466-01A,1.0,0.0,0.0,0.0,0.0
22,41551326,-,22,41660588,+,KIRP,1450,TCGA-AL-3466-01A,TCGA-AL-3466-01A,1.0,0.0,0.0,0.0,0.0
3,10463315,+,3,10599594,-,KIRP,1451,TCGA-AL-3466-01A,TCGA-AL-3466-01A,1.0,0.0,0.0,0.0,0.0
3,25022586,+,3,25578317,-,KIRP,1452,TCGA-AL-3466-01A,TCGA-AL-3466-01A,1.0,0.0,0.0,0.0,0.0
3,51604750,+,3,51660359,-,KIRP,1453,TCGA-AL-3466-01A,TCGA-AL-3466-01A,1.0,0.0,0.0,0.0,0.0
3,69985353,+,3,70132112,-,KIRP,1454,TCGA-AL-3466-01A,TCGA-AL-3466-01A,1.0,0.0,0.0,0.0,0.0
3,76741420,+,3,76883207,-,KIRP,1455,TCGA-AL-3466-01A,TCGA-AL-3466-01A,1.0,0.0,0.0,0.0,0.0
3,90843794,+,3,91063740,-,KIRP,1456,TCGA-AL-3466-01A,TCGA-AL-3466-01A,1.0,0.0,0.0,0.0,0.0
3,116284225,+,3,116346377,-,KIRP,1457,TCGA-AL-3466-01A,TCGA-AL-3466-01A,1.0,0.0,0.0,0.0,0.0
3,116812373,+,3,117463311,-,KIRP,1458,TCGA-AL-3466-01A,TCGA-AL-3466-01A,1.0,0.0,0.0,0.0,0.0
3,116883023,+,3,117446233,-,KIRP,1459,TCGA-AL-3466-01A,TCGA-AL-3466-01A,1.0,0.0,0.0,0.0,0.0
3,123858360,-,3,123923578,+,KIRP,1460,TCGA-AL-3466-01A,TCGA-AL-3466-01A,1.0,0.0,0.0,0.0,0.0
3,131516559,-,3,131663943,+,KIRP,1461,TCGA-AL-3466-01A,TCGA-AL-3466-01A,1.0,0.0,0.0,0.0,0.0
4,55152360,+,4,55519250,-,KIRP,1462,TCGA-AL-3466-01A,TCGA-AL-3466-01A,1.0,0.0,0.0,0.0,0.0
4,61220913,+,4,61446801,-,KIRP,1463,TCGA-AL-3466-01A,TCGA-AL-3466-01A,1.0,0.0,0.0,0.0,0.0
4,65874166,-,4,86110640,+,KIRP,1464,TCGA-AL-3466-01A,TCGA-AL-3466-01A,1.0,0.0,0.0,0.0,0.0
4,71406287,+,4,71535350,-,KIRP,1465,TCGA-AL-3466-01A,TCGA-AL-3466-01A,1.0,0.0,0.0,0.0,0.0
4,83328722,+,4,98483190,-,KIRP,1466,TCGA-AL-3466-01A,TCGA-AL-3466-01A,1.0,0.0,0.0,0.0,0.0
4,90535640,+,4,90550378,-,KIRP,1467,TCGA-AL-3466-01A,TCGA-AL-3466-01A,1.0,0.0,0.0,0.0,0.0
4,90689758,+,4,90782282,-,KIRP,1468,TCGA-AL-3466-01A,TCGA-AL-3466-01A,1.0,0.0,0.0,0.0,0.0
4,90727314,+,4,90838721,-,KIRP,1469,TCGA-AL-3466-01A,TCGA-AL-3466-01A,1.0,0.0,0.0,0.0,0.0
4,92306211,+,12,80611006,+,KIRP,1470,TCGA-AL-3466-01A,TCGA-AL-3466-01A,1.0,0.0,0.0,0.0,0.0
4,97365418,-,12,81248796,+,KIRP,1471,TCGA-AL-3466-01A,TCGA-AL-3466-01A,1.0,0.0,0.0,0.0,0.0
4,98357610,-,12,81155929,-,KIRP,1472,TCGA-AL-3466-01A,TCGA-AL-3466-01A,1.0,0.0,0.0,0.0,0.0
4,131767087,+,4,132433991,-,KIRP,1473,TCGA-AL-3466-01A,TCGA-AL-3466-01A,1.0,0.0,0.0,0.0,0.0
4,173310016,+,4,176685265,-,KIRP,1474,TCGA-AL-3466-01A,TCGA-AL-3466-01A,1.0,0.0,0.0,0.0,0.0
5,2691773,+,5,2705212,-,KIRP,1475,TCGA-AL-3466-01A,TCGA-AL-3466-01A,1.0,0.0,0.0,0.0,0.0
5,19322730,+,5,20494893,-,KIRP,1476,TCGA-AL-3466-01A,TCGA-AL-3466-01A,1.0,0.0,0.0,0.0,0.0
5,19595145,+,5,19602230,-,KIRP,1477,TCGA-AL-3466-01A,TCGA-AL-3466-01A,1.0,0.0,0.0,0.0,0.0
5,43951395,-,9,26907496,-,KIRP,1478,TCGA-AL-3466-01A,TCGA-AL-3466-01A,1.0,0.0,0.0,0.0,0.0
5,44439705,-,9,7171893,+,KIRP,1479,TCGA-AL-3466-01A,TCGA-AL-3466-01A,1.0,0.0,0.0,0.0,0.0
5,84555284,+,5,84638477,-,KIRP,1480,TCGA-AL-3466-01A,TCGA-AL-3466-01A,1.0,0.0,0.0,0.0,0.0
5,94569974,+,5,94574603,-,KIRP,1481,TCGA-AL-3466-01A,TCGA-AL-3466-01A,1.0,0.0,0.0,0.0,0.0
5,97288436,+,5,176810042,-,KIRP,1482,TCGA-AL-3466-01A,TCGA-AL-3466-01A,1.0,0.0,0.0,0.0,0.0
5,139591540,-,5,139628129,+,KIRP,1483,TCGA-AL-3466-01A,TCGA-AL-3466-01A,1.0,0.0,0.0,0.0,0.0
5,151558865,-,17,66748613,+,KIRP,1484,TCGA-AL-3466-01A,TCGA-AL-3466-01A,1.0,0.0,0.0,0.0,0.0
6,15412485,+,6,15477780,-,KIRP,1485,TCGA-AL-3466-01A,TCGA-AL-3466-01A,1.0,0.0,0.0,0.0,0.0
6,120559647,+,6,120571484,-,KIRP,1486,TCGA-AL-3466-01A,TCGA-AL-3466-01A,1.0,0.0,0.0,0.0,0.0
6,126127732,+,6,126131104,-,KIRP,1487,TCGA-AL-3466-01A,TCGA-AL-3466-01A,1.0,0.0,0.0,0.0,0.0
6,134598191,-,6,134869241,+,KIRP,1488,TCGA-AL-3466-01A,TCGA-AL-3466-01A,1.0,0.0,0.0,0.0,0.0
7,22894812,+,7,76386040,+,KIRP,1489,TCGA-AL-3466-01A,TCGA-AL-3466-01A,1.0,0.0,0.0,0.0,0.0
7,30022891,-,7,76336865,+,KIRP,1490,TCGA-AL-3466-01A,TCGA-AL-3466-01A,1.0,0.0,0.0,0.0,0.0
7,70254421,+,7,70431928,-,KIRP,1491,TCGA-AL-3466-01A,TCGA-AL-3466-01A,1.0,0.0,0.0,0.0,0.0
7,70330798,+,7,70421383,-,KIRP,1492,TCGA-AL-3466-01A,TCGA-AL-3466-01A,1.0,0.0,0.0,0.0,0.0
7,70372572,+,7,70535700,-,KIRP,1493,TCGA-AL-3466-01A,TCGA-AL-3466-01A,1.0,0.0,0.0,0.0,0.0
7,76420584,+,7,82521308,-,KIRP,1494,TCGA-AL-3466-01A,TCGA-AL-3466-01A,1.0,0.0,0.0,0.0,0.0
7,78632889,+,7,78848973,-,KIRP,1495,TCGA-AL-3466-01A,TCGA-AL-3466-01A,1.0,0.0,0.0,0.0,0.0
7,79404158,-,7,82865006,-,KIRP,1496,TCGA-AL-3466-01A,TCGA-AL-3466-01A,1.0,0.0,0.0,0.0,0.0
7,79537502,+,7,80642944,-,KIRP,1497,TCGA-AL-3466-01A,TCGA-AL-3466-01A,1.0,0.0,0.0,0.0,0.0
7,80648943,+,7,82901664,+,KIRP,1498,TCGA-AL-3466-01A,TCGA-AL-3466-01A,1.0,0.0,0.0,0.0,0.0
7,139773693,-,7,139861193,+,KIRP,1499,TCGA-AL-3466-01A,TCGA-AL-3466-01A,1.0,0.0,0.0,0.0,0.0
8,8526022,-,16,19321721,-,KIRP,1500,TCGA-AL-3466-01A,TCGA-AL-3466-01A,1.0,0.0,0.0,0.0,0.0
8,38088294,-,21,10785114,+,KIRP,1501,TCGA-AL-3466-01A,TCGA-AL-3466-01A,1.0,0.0,0.0,0.0,0.0
8,66313778,-,8,66569885,+,KIRP,1502,TCGA-AL-3466-01A,TCGA-AL-3466-01A,1.0,0.0,0.0,0.0,0.0
8,89256098,+,8,89407168,-,KIRP,1503,TCGA-AL-3466-01A,TCGA-AL-3466-01A,1.0,0.0,0.0,0.0,0.0
8,94895898,-,8,94973781,+,KIRP,1504,TCGA-AL-3466-01A,TCGA-AL-3466-01A,1.0,0.0,0.0,0.0,0.0
9,19309546,-,9,26986266,-,KIRP,1505,TCGA-AL-3466-01A,TCGA-AL-3466-01A,1.0,0.0,0.0,0.0,0.0
9,21531968,+,9,24390194,-,KIRP,1506,TCGA-AL-3466-01A,TCGA-AL-3466-01A,1.0,0.0,0.0,0.0,0.0
9,26986213,+,9,26990080,+,KIRP,1507,TCGA-AL-3466-01A,TCGA-AL-3466-01A,1.0,0.0,0.0,0.0,0.0
9,75832571,-,9,75952024,+,KIRP,1508,TCGA-AL-3466-01A,TCGA-AL-3466-01A,1.0,0.0,0.0,0.0,0.0
23,29075301,+,23,29227718,-,KIRP,1509,TCGA-AL-3466-01A,TCGA-AL-3466-01A,1.0,0.0,0.0,0.0,0.0
1,122076254,-,1,122122170,+,KIRP,1510,TCGA-AL-3467-01A,TCGA-AL-3467-01A,1.0,0.0,0.0,0.0,0.0
1,122446675,-,1,122471291,+,KIRP,1511,TCGA-AL-3467-01A,TCGA-AL-3467-01A,1.0,0.0,0.0,0.0,0.0
10,41551075,+,10,41582313,-,KIRP,1512,TCGA-AL-3467-01A,TCGA-AL-3467-01A,1.0,0.0,0.0,0.0,0.0
13,18754843,-,18,14325867,-,KIRP,1513,TCGA-AL-3467-01A,TCGA-AL-3467-01A,1.0,0.0,0.0,0.0,0.0
14,36194009,+,14,36493895,-,KIRP,1514,TCGA-AL-3467-01A,TCGA-AL-3467-01A,1.0,0.0,0.0,0.0,0.0
20,30027071,-,20,30031658,+,KIRP,1515,TCGA-AL-3467-01A,TCGA-AL-3467-01A,1.0,0.0,0.0,0.0,0.0
3,91157142,-,3,91281829,-,KIRP,1516,TCGA-AL-3467-01A,TCGA-AL-3467-01A,1.0,0.0,0.0,0.0,0.0
6,66152311,+,14,50178724,+,KIRP,1517,TCGA-AL-3467-01A,TCGA-AL-3467-01A,1.0,0.0,0.0,0.0,0.0
8,8526049,-,16,19321635,-,KIRP,1518,TCGA-AL-3467-01A,TCGA-AL-3467-01A,1.0,0.0,0.0,0.0,0.0
9,33575500,+,9,92895347,+,KIRP,1519,TCGA-AL-3467-01A,TCGA-AL-3467-01A,1.0,0.0,0.0,0.0,0.0
12,66199375,+,12,66200434,-,KIRP,1520,TCGA-AL-3468-01A,TCGA-AL-3468-01A,1.0,0.0,0.0,0.0,0.0
17,23031604,+,17,23081435,-,KIRP,1521,TCGA-AL-3468-01A,TCGA-AL-3468-01A,1.0,0.0,0.0,0.0,0.0
2,235940399,+,2,235951730,-,KIRP,1522,TCGA-AL-3468-01A,TCGA-AL-3468-01A,1.0,0.0,0.0,0.0,0.0
3,91579557,+,3,93232878,-,KIRP,1523,TCGA-AL-3468-01A,TCGA-AL-3468-01A,1.0,0.0,0.0,0.0,0.0
5,18378120,+,5,18380198,-,KIRP,1524,TCGA-AL-3468-01A,TCGA-AL-3468-01A,1.0,0.0,0.0,0.0,0.0
6,50142313,-,12,130288657,-,KIRP,1525,TCGA-AL-3468-01A,TCGA-AL-3468-01A,1.0,0.0,0.0,0.0,0.0
7,67885726,-,10,100059535,+,KIRP,1526,TCGA-AL-3468-01A,TCGA-AL-3468-01A,1.0,0.0,0.0,0.0,0.0
7,137922423,-,11,13283922,-,KIRP,1527,TCGA-AL-3468-01A,TCGA-AL-3468-01A,1.0,0.0,0.0,0.0,0.0
8,61539741,+,16,2517714,-,KIRP,1528,TCGA-AL-3468-01A,TCGA-AL-3468-01A,1.0,0.0,0.0,0.0,0.0
9,26806719,+,10,5872940,+,KIRP,1529,TCGA-AL-3468-01A,TCGA-AL-3468-01A,1.0,0.0,0.0,0.0,0.0
9,40540468,+,22,16079710,+,KIRP,1530,TCGA-AL-3468-01A,TCGA-AL-3468-01A,1.0,0.0,0.0,0.0,0.0
1,101496852,-,8,133313180,+,KIRP,1531,TCGA-AL-3471-01A,TCGA-AL-3471-01A,1.0,0.0,0.0,0.0,0.0
11,54372530,-,11,54419941,+,KIRP,1532,TCGA-AL-3471-01A,TCGA-AL-3471-01A,1.0,0.0,0.0,0.0,0.0
13,79275750,-,23,96625683,+,KIRP,1533,TCGA-AL-3471-01A,TCGA-AL-3471-01A,1.0,0.0,0.0,0.0,0.0
3,91157067,-,3,91281833,-,KIRP,1534,TCGA-AL-3471-01A,TCGA-AL-3471-01A,1.0,0.0,0.0,0.0,0.0
8,45080668,-,8,45427526,+,KIRP,1535,TCGA-AL-3471-01A,TCGA-AL-3471-01A,1.0,0.0,0.0,0.0,0.0
11,47642108,-,14,68794688,-,KIRP,1536,TCGA-AL-3472-01A,TCGA-AL-3472-01A,1.0,0.0,0.0,0.0,0.0
16,56665968,+,16,56672252,+,KIRP,1537,TCGA-AL-3472-01A,TCGA-AL-3472-01A,1.0,0.0,0.0,0.0,0.0
18,20716585,-,18,20733181,+,KIRP,1538,TCGA-AL-3472-01A,TCGA-AL-3472-01A,1.0,0.0,0.0,0.0,0.0
2,20954349,+,21,41672999,+,KIRP,1539,TCGA-AL-3472-01A,TCGA-AL-3472-01A,1.0,0.0,0.0,0.0,0.0
2,107071200,-,6,26514224,+,KIRP,1540,TCGA-AL-3472-01A,TCGA-AL-3472-01A,1.0,0.0,0.0,0.0,0.0
3,128963322,+,3,130062859,-,KIRP,1541,TCGA-AL-3472-01A,TCGA-AL-3472-01A,1.0,0.0,0.0,0.0,0.0
3,136463735,-,22,16724318,-,KIRP,1542,TCGA-AL-3472-01A,TCGA-AL-3472-01A,1.0,0.0,0.0,0.0,0.0
7,63425260,-,17,5860085,+,KIRP,1543,TCGA-AL-3472-01A,TCGA-AL-3472-01A,1.0,0.0,0.0,0.0,0.0
1,101496953,-,8,133313050,+,KIRP,1544,TCGA-AL-3473-01A,TCGA-AL-3473-01A,1.0,0.0,0.0,0.0,0.0
1,122172994,-,1,122191523,+,KIRP,1545,TCGA-AL-3473-01A,TCGA-AL-3473-01A,1.0,0.0,0.0,0.0,0.0
1,122282441,-,1,122491469,+,KIRP,1546,TCGA-AL-3473-01A,TCGA-AL-3473-01A,1.0,0.0,0.0,0.0,0.0
1,176863269,+,1,176864438,+,KIRP,1547,TCGA-AL-3473-01A,TCGA-AL-3473-01A,1.0,0.0,0.0,0.0,0.0
10,16142746,+,10,16160960,-,KIRP,1548,TCGA-AL-3473-01A,TCGA-AL-3473-01A,1.0,0.0,0.0,0.0,0.0
10,80041686,-,13,41784735,-,KIRP,1549,TCGA-AL-3473-01A,TCGA-AL-3473-01A,1.0,0.0,0.0,0.0,0.0
10,96439671,-,10,96441585,-,KIRP,1550,TCGA-AL-3473-01A,TCGA-AL-3473-01A,1.0,0.0,0.0,0.0,0.0
11,118678379,+,11,118691263,-,KIRP,1551,TCGA-AL-3473-01A,TCGA-AL-3473-01A,1.0,0.0,0.0,0.0,0.0
13,100939628,+,13,100945627,+,KIRP,1552,TCGA-AL-3473-01A,TCGA-AL-3473-01A,1.0,0.0,0.0,0.0,0.0
13,112678773,-,19,50391685,+,KIRP,1553,TCGA-AL-3473-01A,TCGA-AL-3473-01A,1.0,0.0,0.0,0.0,0.0
14,43408039,-,14,43412610,+,KIRP,1554,TCGA-AL-3473-01A,TCGA-AL-3473-01A,1.0,0.0,0.0,0.0,0.0
3,90353751,-,5,91191697,-,KIRP,1555,TCGA-AL-3473-01A,TCGA-AL-3473-01A,1.0,0.0,0.0,0.0,0.0
3,157972157,-,5,18435574,+,KIRP,1556,TCGA-AL-3473-01A,TCGA-AL-3473-01A,1.0,0.0,0.0,0.0,0.0
3,185091936,+,3,188457756,+,KIRP,1557,TCGA-AL-3473-01A,TCGA-AL-3473-01A,1.0,0.0,0.0,0.0,0.0
5,69116840,-,5,69117001,+,KIRP,1558,TCGA-AL-3473-01A,TCGA-AL-3473-01A,1.0,0.0,0.0,0.0,0.0
6,28957583,-,6,28965311,+,KIRP,1559,TCGA-AL-3473-01A,TCGA-AL-3473-01A,1.0,0.0,0.0,0.0,0.0
7,32887183,+,7,32895014,-,KIRP,1560,TCGA-AL-3473-01A,TCGA-AL-3473-01A,1.0,0.0,0.0,0.0,0.0
7,90313928,-,7,90337037,+,KIRP,1561,TCGA-AL-3473-01A,TCGA-AL-3473-01A,1.0,0.0,0.0,0.0,0.0
8,13622531,+,23,135115002,+,KIRP,1562,TCGA-AL-3473-01A,TCGA-AL-3473-01A,1.0,0.0,0.0,0.0,0.0
8,133286938,-,8,133365801,+,KIRP,1563,TCGA-AL-3473-01A,TCGA-AL-3473-01A,1.0,0.0,0.0,0.0,0.0
23,148465719,+,23,148532070,-,KIRP,1564,TCGA-AL-3473-01A,TCGA-AL-3473-01A,1.0,0.0,0.0,0.0,0.0
11,102749485,+,21,21997403,-,KIRP,1565,TCGA-AL-7173-01A,TCGA-AL-7173-01A,1.0,0.0,0.0,0.0,0.0
17,54244598,+,20,43550358,-,KIRP,1566,TCGA-AL-7173-01A,TCGA-AL-7173-01A,1.0,0.0,0.0,0.0,0.0
17,54244600,-,20,43550358,+,KIRP,1567,TCGA-AL-7173-01A,TCGA-AL-7173-01A,1.0,0.0,0.0,0.0,0.0
17,82159379,+,17,82229146,-,KIRP,1568,TCGA-AL-7173-01A,TCGA-AL-7173-01A,1.0,0.0,0.0,0.0,0.0
19,14578666,+,19,14579427,-,KIRP,1569,TCGA-AL-7173-01A,TCGA-AL-7173-01A,1.0,0.0,0.0,0.0,0.0
2,194875238,-,7,122275399,+,KIRP,1570,TCGA-AL-7173-01A,TCGA-AL-7173-01A,1.0,0.0,0.0,0.0,0.0
21,10363659,+,22,17016378,+,KIRP,1571,TCGA-AL-7173-01A,TCGA-AL-7173-01A,1.0,0.0,0.0,0.0,0.0
21,21852710,+,21,21865727,-,KIRP,1572,TCGA-AL-7173-01A,TCGA-AL-7173-01A,1.0,0.0,0.0,0.0,0.0
3,90863976,+,3,91261540,+,KIRP,1573,TCGA-AL-7173-01A,TCGA-AL-7173-01A,1.0,0.0,0.0,0.0,0.0
3,90970897,+,3,91121062,-,KIRP,1574,TCGA-AL-7173-01A,TCGA-AL-7173-01A,1.0,0.0,0.0,0.0,0.0
5,18180676,+,5,40964986,+,KIRP,1575,TCGA-AL-7173-01A,TCGA-AL-7173-01A,1.0,0.0,0.0,0.0,0.0
6,32432285,-,14,40134771,-,KIRP,1576,TCGA-AL-7173-01A,TCGA-AL-7173-01A,1.0,0.0,0.0,0.0,0.0
6,32432286,+,14,40134809,+,KIRP,1577,TCGA-AL-7173-01A,TCGA-AL-7173-01A,1.0,0.0,0.0,0.0,0.0
7,42200560,+,7,42679177,-,KIRP,1578,TCGA-AL-7173-01A,TCGA-AL-7173-01A,1.0,0.0,0.0,0.0,0.0
7,64286823,+,7,64289999,-,KIRP,1579,TCGA-AL-7173-01A,TCGA-AL-7173-01A,1.0,0.0,0.0,0.0,0.0
1,180926,-,6,26128613,+,KIRP,1580,TCGA-AL-A5DJ-01A,TCGA-AL-A5DJ-01A,1.0,0.0,0.0,0.0,0.0
1,15502894,-,7,148936228,+,KIRP,1581,TCGA-AL-A5DJ-01A,TCGA-AL-A5DJ-01A,1.0,0.0,0.0,0.0,0.0
1,44307356,-,18,62714542,-,KIRP,1582,TCGA-AL-A5DJ-01A,TCGA-AL-A5DJ-01A,1.0,0.0,0.0,0.0,0.0
1,48839122,+,1,48842654,+,KIRP,1583,TCGA-AL-A5DJ-01A,TCGA-AL-A5DJ-01A,1.0,0.0,0.0,0.0,0.0
1,48839503,-,1,48871306,-,KIRP,1584,TCGA-AL-A5DJ-01A,TCGA-AL-A5DJ-01A,1.0,0.0,0.0,0.0,0.0
1,51987936,+,1,51993291,-,KIRP,1585,TCGA-AL-A5DJ-01A,TCGA-AL-A5DJ-01A,1.0,0.0,0.0,0.0,0.0
1,102718884,+,1,102728740,-,KIRP,1586,TCGA-AL-A5DJ-01A,TCGA-AL-A5DJ-01A,1.0,0.0,0.0,0.0,0.0
1,104531490,-,14,106846872,+,KIRP,1587,TCGA-AL-A5DJ-01A,TCGA-AL-A5DJ-01A,1.0,0.0,0.0,0.0,0.0
1,107127194,+,1,108062935,-,KIRP,1588,TCGA-AL-A5DJ-01A,TCGA-AL-A5DJ-01A,1.0,0.0,0.0,0.0,0.0
1,109621447,-,2,222866746,-,KIRP,1589,TCGA-AL-A5DJ-01A,TCGA-AL-A5DJ-01A,1.0,0.0,0.0,0.0,0.0
1,111265295,-,17,72130292,+,KIRP,1590,TCGA-AL-A5DJ-01A,TCGA-AL-A5DJ-01A,1.0,0.0,0.0,0.0,0.0
1,111265299,+,17,72130288,-,KIRP,1591,TCGA-AL-A5DJ-01A,TCGA-AL-A5DJ-01A,1.0,0.0,0.0,0.0,0.0
1,171944312,+,1,171962991,-,KIRP,1592,TCGA-AL-A5DJ-01A,TCGA-AL-A5DJ-01A,1.0,0.0,0.0,0.0,0.0
1,247978458,+,1,247985994,-,KIRP,1593,TCGA-AL-A5DJ-01A,TCGA-AL-A5DJ-01A,1.0,0.0,0.0,0.0,0.0
10,31420095,-,10,31490328,-,KIRP,1594,TCGA-AL-A5DJ-01A,TCGA-AL-A5DJ-01A,1.0,0.0,0.0,0.0,0.0
10,31420095,+,10,31490328,+,KIRP,1595,TCGA-AL-A5DJ-01A,TCGA-AL-A5DJ-01A,1.0,0.0,0.0,0.0,0.0
10,74023011,-,11,27768849,+,KIRP,1596,TCGA-AL-A5DJ-01A,TCGA-AL-A5DJ-01A,1.0,0.0,0.0,0.0,0.0
10,100235968,+,11,67759336,+,KIRP,1597,TCGA-AL-A5DJ-01A,TCGA-AL-A5DJ-01A,1.0,0.0,0.0,0.0,0.0
11,2969023,+,11,2969921,-,KIRP,1598,TCGA-AL-A5DJ-01A,TCGA-AL-A5DJ-01A,1.0,0.0,0.0,0.0,0.0
11,5936029,+,11,27768847,-,KIRP,1599,TCGA-AL-A5DJ-01A,TCGA-AL-A5DJ-01A,1.0,0.0,0.0,0.0,0.0
11,7227286,-,22,39657670,-,KIRP,1600,TCGA-AL-A5DJ-01A,TCGA-AL-A5DJ-01A,1.0,0.0,0.0,0.0,0.0
11,9610840,+,11,9739243,-,KIRP,1601,TCGA-AL-A5DJ-01A,TCGA-AL-A5DJ-01A,1.0,0.0,0.0,0.0,0.0
11,52826877,+,11,53622249,-,KIRP,1602,TCGA-AL-A5DJ-01A,TCGA-AL-A5DJ-01A,1.0,0.0,0.0,0.0,0.0
11,65447099,+,11,65611228,-,KIRP,1603,TCGA-AL-A5DJ-01A,TCGA-AL-A5DJ-01A,1.0,0.0,0.0,0.0,0.0
11,90829375,+,11,110239731,+,KIRP,1604,TCGA-AL-A5DJ-01A,TCGA-AL-A5DJ-01A,1.0,0.0,0.0,0.0,0.0
11,95975320,+,11,96302104,-,KIRP,1605,TCGA-AL-A5DJ-01A,TCGA-AL-A5DJ-01A,1.0,0.0,0.0,0.0,0.0
11,100630595,-,11,100835895,-,KIRP,1606,TCGA-AL-A5DJ-01A,TCGA-AL-A5DJ-01A,1.0,0.0,0.0,0.0,0.0
11,100630595,+,11,100835895,+,KIRP,1607,TCGA-AL-A5DJ-01A,TCGA-AL-A5DJ-01A,1.0,0.0,0.0,0.0,0.0
12,83049999,+,12,83105477,-,KIRP,1608,TCGA-AL-A5DJ-01A,TCGA-AL-A5DJ-01A,1.0,0.0,0.0,0.0,0.0
13,16019927,-,20,28765303,-,KIRP,1609,TCGA-AL-A5DJ-01A,TCGA-AL-A5DJ-01A,1.0,0.0,0.0,0.0,0.0
13,54984131,-,13,55116970,+,KIRP,1610,TCGA-AL-A5DJ-01A,TCGA-AL-A5DJ-01A,1.0,0.0,0.0,0.0,0.0
14,21685552,+,14,27696381,+,KIRP,1611,TCGA-AL-A5DJ-01A,TCGA-AL-A5DJ-01A,1.0,0.0,0.0,0.0,0.0
14,21685552,-,14,27696381,-,KIRP,1612,TCGA-AL-A5DJ-01A,TCGA-AL-A5DJ-01A,1.0,0.0,0.0,0.0,0.0
14,42188360,+,14,42218184,-,KIRP,1613,TCGA-AL-A5DJ-01A,TCGA-AL-A5DJ-01A,1.0,0.0,0.0,0.0,0.0
14,102094592,-,15,77185773,+,KIRP,1614,TCGA-AL-A5DJ-01A,TCGA-AL-A5DJ-01A,1.0,0.0,0.0,0.0,0.0
16,3781425,+,16,3810414,-,KIRP,1615,TCGA-AL-A5DJ-01A,TCGA-AL-A5DJ-01A,1.0,0.0,0.0,0.0,0.0
16,75422324,+,16,75423172,-,KIRP,1616,TCGA-AL-A5DJ-01A,TCGA-AL-A5DJ-01A,1.0,0.0,0.0,0.0,0.0
17,78760166,-,20,42993477,+,KIRP,1617,TCGA-AL-A5DJ-01A,TCGA-AL-A5DJ-01A,1.0,0.0,0.0,0.0,0.0
18,15473170,+,18,15699397,-,KIRP,1618,TCGA-AL-A5DJ-01A,TCGA-AL-A5DJ-01A,1.0,0.0,0.0,0.0,0.0
18,39205384,+,18,52895245,-,KIRP,1619,TCGA-AL-A5DJ-01A,TCGA-AL-A5DJ-01A,1.0,0.0,0.0,0.0,0.0
18,39205384,-,23,42336419,+,KIRP,1620,TCGA-AL-A5DJ-01A,TCGA-AL-A5DJ-01A,1.0,0.0,0.0,0.0,0.0
18,52895246,+,23,46889171,-,KIRP,1621,TCGA-AL-A5DJ-01A,TCGA-AL-A5DJ-01A,1.0,0.0,0.0,0.0,0.0
18,53247586,+,18,53268350,-,KIRP,1622,TCGA-AL-A5DJ-01A,TCGA-AL-A5DJ-01A,1.0,0.0,0.0,0.0,0.0
18,62714547,+,18,64580933,+,KIRP,1623,TCGA-AL-A5DJ-01A,TCGA-AL-A5DJ-01A,1.0,0.0,0.0,0.0,0.0
20,14530307,+,20,14849663,+,KIRP,1624,TCGA-AL-A5DJ-01A,TCGA-AL-A5DJ-01A,1.0,0.0,0.0,0.0,0.0
20,14530307,-,20,14849663,-,KIRP,1625,TCGA-AL-A5DJ-01A,TCGA-AL-A5DJ-01A,1.0,0.0,0.0,0.0,0.0
20,15083860,+,20,15099454,-,KIRP,1626,TCGA-AL-A5DJ-01A,TCGA-AL-A5DJ-01A,1.0,0.0,0.0,0.0,0.0
20,42274581,+,23,35293964,-,KIRP,1627,TCGA-AL-A5DJ-01A,TCGA-AL-A5DJ-01A,1.0,0.0,0.0,0.0,0.0
3,61358157,-,3,61535614,+,KIRP,1628,TCGA-AL-A5DJ-01A,TCGA-AL-A5DJ-01A,1.0,0.0,0.0,0.0,0.0
3,78262726,+,4,101106713,+,KIRP,1629,TCGA-AL-A5DJ-01A,TCGA-AL-A5DJ-01A,1.0,0.0,0.0,0.0,0.0
3,111705409,+,3,112434885,-,KIRP,1630,TCGA-AL-A5DJ-01A,TCGA-AL-A5DJ-01A,1.0,0.0,0.0,0.0,0.0
3,114303631,+,23,80193772,+,KIRP,1631,TCGA-AL-A5DJ-01A,TCGA-AL-A5DJ-01A,1.0,0.0,0.0,0.0,0.0
3,119672039,-,3,138244585,-,KIRP,1632,TCGA-AL-A5DJ-01A,TCGA-AL-A5DJ-01A,1.0,0.0,0.0,0.0,0.0
3,119672040,+,3,120567945,-,KIRP,1633,TCGA-AL-A5DJ-01A,TCGA-AL-A5DJ-01A,1.0,0.0,0.0,0.0,0.0
3,120567946,+,3,131194902,+,KIRP,1634,TCGA-AL-A5DJ-01A,TCGA-AL-A5DJ-01A,1.0,0.0,0.0,0.0,0.0
3,174203760,+,3,174225110,-,KIRP,1635,TCGA-AL-A5DJ-01A,TCGA-AL-A5DJ-01A,1.0,0.0,0.0,0.0,0.0
4,40785810,+,4,40906425,-,KIRP,1636,TCGA-AL-A5DJ-01A,TCGA-AL-A5DJ-01A,1.0,0.0,0.0,0.0,0.0
5,8416161,+,6,164077249,+,KIRP,1637,TCGA-AL-A5DJ-01A,TCGA-AL-A5DJ-01A,1.0,0.0,0.0,0.0,0.0
5,8421565,-,6,157875778,-,KIRP,1638,TCGA-AL-A5DJ-01A,TCGA-AL-A5DJ-01A,1.0,0.0,0.0,0.0,0.0
5,14508895,+,5,14614304,-,KIRP,1639,TCGA-AL-A5DJ-01A,TCGA-AL-A5DJ-01A,1.0,0.0,0.0,0.0,0.0
5,44275249,+,5,44286941,-,KIRP,1640,TCGA-AL-A5DJ-01A,TCGA-AL-A5DJ-01A,1.0,0.0,0.0,0.0,0.0
5,61292738,+,5,64291620,-,KIRP,1641,TCGA-AL-A5DJ-01A,TCGA-AL-A5DJ-01A,1.0,0.0,0.0,0.0,0.0
5,98167799,-,10,55808423,+,KIRP,1642,TCGA-AL-A5DJ-01A,TCGA-AL-A5DJ-01A,1.0,0.0,0.0,0.0,0.0
5,98167799,+,10,56847894,-,KIRP,1643,TCGA-AL-A5DJ-01A,TCGA-AL-A5DJ-01A,1.0,0.0,0.0,0.0,0.0
5,123925880,+,5,124463674,-,KIRP,1644,TCGA-AL-A5DJ-01A,TCGA-AL-A5DJ-01A,1.0,0.0,0.0,0.0,0.0
5,124481978,-,5,126490401,-,KIRP,1645,TCGA-AL-A5DJ-01A,TCGA-AL-A5DJ-01A,1.0,0.0,0.0,0.0,0.0
5,124481978,+,5,126490401,+,KIRP,1646,TCGA-AL-A5DJ-01A,TCGA-AL-A5DJ-01A,1.0,0.0,0.0,0.0,0.0
5,146270197,-,5,162273581,-,KIRP,1647,TCGA-AL-A5DJ-01A,TCGA-AL-A5DJ-01A,1.0,0.0,0.0,0.0,0.0
5,146270199,+,5,157127274,-,KIRP,1648,TCGA-AL-A5DJ-01A,TCGA-AL-A5DJ-01A,1.0,0.0,0.0,0.0,0.0
5,147987166,-,5,162817244,-,KIRP,1649,TCGA-AL-A5DJ-01A,TCGA-AL-A5DJ-01A,1.0,0.0,0.0,0.0,0.0
5,147987169,+,5,162273581,+,KIRP,1650,TCGA-AL-A5DJ-01A,TCGA-AL-A5DJ-01A,1.0,0.0,0.0,0.0,0.0
5,157127276,+,6,110136604,-,KIRP,1651,TCGA-AL-A5DJ-01A,TCGA-AL-A5DJ-01A,1.0,0.0,0.0,0.0,0.0
5,162817244,+,6,3463365,-,KIRP,1652,TCGA-AL-A5DJ-01A,TCGA-AL-A5DJ-01A,1.0,0.0,0.0,0.0,0.0
5,180440749,+,5,180441989,-,KIRP,1653,TCGA-AL-A5DJ-01A,TCGA-AL-A5DJ-01A,1.0,0.0,0.0,0.0,0.0
6,6763339,+,6,7006428,-,KIRP,1654,TCGA-AL-A5DJ-01A,TCGA-AL-A5DJ-01A,1.0,0.0,0.0,0.0,0.0
6,6995704,-,6,7044056,-,KIRP,1655,TCGA-AL-A5DJ-01A,TCGA-AL-A5DJ-01A,1.0,0.0,0.0,0.0,0.0
6,7030909,+,6,7034046,+,KIRP,1656,TCGA-AL-A5DJ-01A,TCGA-AL-A5DJ-01A,1.0,0.0,0.0,0.0,0.0
6,17437570,-,6,80223321,-,KIRP,1657,TCGA-AL-A5DJ-01A,TCGA-AL-A5DJ-01A,1.0,0.0,0.0,0.0,0.0
6,17437573,+,6,20344597,+,KIRP,1658,TCGA-AL-A5DJ-01A,TCGA-AL-A5DJ-01A,1.0,0.0,0.0,0.0,0.0
6,48256377,+,6,48828790,-,KIRP,1659,TCGA-AL-A5DJ-01A,TCGA-AL-A5DJ-01A,1.0,0.0,0.0,0.0,0.0
6,60743026,-,6,60847481,-,KIRP,1660,TCGA-AL-A5DJ-01A,TCGA-AL-A5DJ-01A,1.0,0.0,0.0,0.0,0.0
6,60743026,+,6,60847481,+,KIRP,1661,TCGA-AL-A5DJ-01A,TCGA-AL-A5DJ-01A,1.0,0.0,0.0,0.0,0.0
6,64083712,+,6,64103185,-,KIRP,1662,TCGA-AL-A5DJ-01A,TCGA-AL-A5DJ-01A,1.0,0.0,0.0,0.0,0.0
6,110677527,+,6,130035856,+,KIRP,1663,TCGA-AL-A5DJ-01A,TCGA-AL-A5DJ-01A,1.0,0.0,0.0,0.0,0.0
7,13370737,-,17,68958832,+,KIRP,1664,TCGA-AL-A5DJ-01A,TCGA-AL-A5DJ-01A,1.0,0.0,0.0,0.0,0.0
7,76905638,-,23,118507333,-,KIRP,1665,TCGA-AL-A5DJ-01A,TCGA-AL-A5DJ-01A,1.0,0.0,0.0,0.0,0.0
7,76905639,+,7,77620992,+,KIRP,1666,TCGA-AL-A5DJ-01A,TCGA-AL-A5DJ-01A,1.0,0.0,0.0,0.0,0.0
7,77620991,-,23,128995944,+,KIRP,1667,TCGA-AL-A5DJ-01A,TCGA-AL-A5DJ-01A,1.0,0.0,0.0,0.0,0.0
7,78123910,+,7,78260156,-,KIRP,1668,TCGA-AL-A5DJ-01A,TCGA-AL-A5DJ-01A,1.0,0.0,0.0,0.0,0.0
9,27848025,-,11,90829374,-,KIRP,1669,TCGA-AL-A5DJ-01A,TCGA-AL-A5DJ-01A,1.0,0.0,0.0,0.0,0.0
9,40543242,-,22,16064286,-,KIRP,1670,TCGA-AL-A5DJ-01A,TCGA-AL-A5DJ-01A,1.0,0.0,0.0,0.0,0.0
23,95763202,+,23,102705731,-,KIRP,1671,TCGA-AL-A5DJ-01A,TCGA-AL-A5DJ-01A,1.0,0.0,0.0,0.0,0.0
23,118507334,+,23,121454800,-,KIRP,1672,TCGA-AL-A5DJ-01A,TCGA-AL-A5DJ-01A,1.0,0.0,0.0,0.0,0.0
23,121454804,+,23,126856982,-,KIRP,1673,TCGA-AL-A5DJ-01A,TCGA-AL-A5DJ-01A,1.0,0.0,0.0,0.0,0.0
23,126856982,+,23,128995942,-,KIRP,1674,TCGA-AL-A5DJ-01A,TCGA-AL-A5DJ-01A,1.0,0.0,0.0,0.0,0.0
23,143284430,+,23,143318490,-,KIRP,1675,TCGA-AL-A5DJ-01A,TCGA-AL-A5DJ-01A,1.0,0.0,0.0,0.0,0.0
1,122578782,+,1,122587621,-,KIRP,1676,TCGA-AT-A5NU-01A,TCGA-AT-A5NU-01A,1.0,0.0,0.0,0.0,0.0
11,54360229,+,11,54405929,-,KIRP,1677,TCGA-AT-A5NU-01A,TCGA-AT-A5NU-01A,1.0,0.0,0.0,0.0,0.0
13,16427314,+,13,16824781,-,KIRP,1678,TCGA-AT-A5NU-01A,TCGA-AT-A5NU-01A,1.0,0.0,0.0,0.0,0.0
17,22822325,-,17,23049571,+,KIRP,1679,TCGA-AT-A5NU-01A,TCGA-AT-A5NU-01A,1.0,0.0,0.0,0.0,0.0
2,171045437,-,16,87978058,+,KIRP,1680,TCGA-AT-A5NU-01A,TCGA-AT-A5NU-01A,1.0,0.0,0.0,0.0,0.0
3,5827456,+,3,5829325,-,KIRP,1681,TCGA-AT-A5NU-01A,TCGA-AT-A5NU-01A,1.0,0.0,0.0,0.0,0.0
3,91113712,-,3,91221041,+,KIRP,1682,TCGA-AT-A5NU-01A,TCGA-AT-A5NU-01A,1.0,0.0,0.0,0.0,0.0
8,78797169,+,8,78801436,-,KIRP,1683,TCGA-AT-A5NU-01A,TCGA-AT-A5NU-01A,1.0,0.0,0.0,0.0,0.0
1,77433785,+,8,133313099,+,KIRP,1684,TCGA-B1-5398-01A,TCGA-B1-5398-01A,1.0,0.0,0.0,0.0,0.0
10,41552439,-,10,41562232,+,KIRP,1685,TCGA-B1-5398-01A,TCGA-B1-5398-01A,1.0,0.0,0.0,0.0,0.0
10,132634230,-,10,132634441,+,KIRP,1686,TCGA-B1-5398-01A,TCGA-B1-5398-01A,1.0,0.0,0.0,0.0,0.0
13,16385244,-,13,16679339,+,KIRP,1687,TCGA-B1-5398-01A,TCGA-B1-5398-01A,1.0,0.0,0.0,0.0,0.0
13,34541365,-,19,38123582,-,KIRP,1688,TCGA-B1-5398-01A,TCGA-B1-5398-01A,1.0,0.0,0.0,0.0,0.0
14,102094599,-,15,77185765,+,KIRP,1689,TCGA-B1-5398-01A,TCGA-B1-5398-01A,1.0,0.0,0.0,0.0,0.0
17,22875082,+,17,22893920,-,KIRP,1690,TCGA-B1-5398-01A,TCGA-B1-5398-01A,1.0,0.0,0.0,0.0,0.0
18,50019344,-,18,50019491,+,KIRP,1691,TCGA-B1-5398-01A,TCGA-B1-5398-01A,1.0,0.0,0.0,0.0,0.0
3,20018745,+,23,797954,-,KIRP,1692,TCGA-B1-5398-01A,TCGA-B1-5398-01A,1.0,0.0,0.0,0.0,0.0
3,112342078,-,10,3930508,+,KIRP,1693,TCGA-B1-5398-01A,TCGA-B1-5398-01A,1.0,0.0,0.0,0.0,0.0
4,50189347,-,4,50993208,+,KIRP,1694,TCGA-B1-5398-01A,TCGA-B1-5398-01A,1.0,0.0,0.0,0.0,0.0
5,49762792,+,5,49784499,-,KIRP,1695,TCGA-B1-5398-01A,TCGA-B1-5398-01A,1.0,0.0,0.0,0.0,0.0
1,78595220,-,20,22158874,+,KIRP,1696,TCGA-B1-7332-01A,TCGA-B1-7332-01A,1.0,0.0,0.0,0.0,0.0
1,96276096,-,6,101701474,+,KIRP,1697,TCGA-B1-7332-01A,TCGA-B1-7332-01A,1.0,0.0,0.0,0.0,0.0
1,96276097,-,12,106856023,+,KIRP,1698,TCGA-B1-7332-01A,TCGA-B1-7332-01A,1.0,0.0,0.0,0.0,0.0
1,96276116,-,12,106856227,+,KIRP,1699,TCGA-B1-7332-01A,TCGA-B1-7332-01A,1.0,0.0,0.0,0.0,0.0
13,92685577,+,23,152361107,+,KIRP,1700,TCGA-B1-7332-01A,TCGA-B1-7332-01A,1.0,0.0,0.0,0.0,0.0
17,58895711,+,17,58896469,-,KIRP,1701,TCGA-B1-7332-01A,TCGA-B1-7332-01A,1.0,0.0,0.0,0.0,0.0
18,20766613,-,18,20809218,+,KIRP,1702,TCGA-B1-7332-01A,TCGA-B1-7332-01A,1.0,0.0,0.0,0.0,0.0
2,15054925,-,2,15055030,+,KIRP,1703,TCGA-B1-7332-01A,TCGA-B1-7332-01A,1.0,0.0,0.0,0.0,0.0
2,37231941,-,2,37232100,+,KIRP,1704,TCGA-B1-7332-01A,TCGA-B1-7332-01A,1.0,0.0,0.0,0.0,0.0
2,92571798,+,2,93284822,-,KIRP,1705,TCGA-B1-7332-01A,TCGA-B1-7332-01A,1.0,0.0,0.0,0.0,0.0
2,133647637,+,17,10046555,-,KIRP,1706,TCGA-B1-7332-01A,TCGA-B1-7332-01A,1.0,0.0,0.0,0.0,0.0
2,183160741,-,11,52369280,+,KIRP,1707,TCGA-B1-7332-01A,TCGA-B1-7332-01A,1.0,0.0,0.0,0.0,0.0
20,23412077,+,20,39928530,-,KIRP,1708,TCGA-B1-7332-01A,TCGA-B1-7332-01A,1.0,0.0,0.0,0.0,0.0
20,23770710,-,20,40123326,+,KIRP,1709,TCGA-B1-7332-01A,TCGA-B1-7332-01A,1.0,0.0,0.0,0.0,0.0
20,29290718,-,24,10206338,-,KIRP,1710,TCGA-B1-7332-01A,TCGA-B1-7332-01A,1.0,0.0,0.0,0.0,0.0
20,29559074,+,20,30325179,+,KIRP,1711,TCGA-B1-7332-01A,TCGA-B1-7332-01A,1.0,0.0,0.0,0.0,0.0
20,33239389,+,20,33248753,-,KIRP,1712,TCGA-B1-7332-01A,TCGA-B1-7332-01A,1.0,0.0,0.0,0.0,0.0
20,39842633,+,20,42152830,-,KIRP,1713,TCGA-B1-7332-01A,TCGA-B1-7332-01A,1.0,0.0,0.0,0.0,0.0
3,176223142,+,15,46849022,+,KIRP,1714,TCGA-B1-7332-01A,TCGA-B1-7332-01A,1.0,0.0,0.0,0.0,0.0
3,177134990,+,4,172226558,-,KIRP,1715,TCGA-B1-7332-01A,TCGA-B1-7332-01A,1.0,0.0,0.0,0.0,0.0
3,183622520,-,9,120611825,+,KIRP,1716,TCGA-B1-7332-01A,TCGA-B1-7332-01A,1.0,0.0,0.0,0.0,0.0
4,75614915,+,10,96920241,-,KIRP,1717,TCGA-B1-7332-01A,TCGA-B1-7332-01A,1.0,0.0,0.0,0.0,0.0
6,101701338,-,12,106856023,+,KIRP,1718,TCGA-B1-7332-01A,TCGA-B1-7332-01A,1.0,0.0,0.0,0.0,0.0
7,155482026,-,7,155482630,+,KIRP,1719,TCGA-B1-7332-01A,TCGA-B1-7332-01A,1.0,0.0,0.0,0.0,0.0
8,118469556,-,11,46161990,+,KIRP,1720,TCGA-B1-7332-01A,TCGA-B1-7332-01A,1.0,0.0,0.0,0.0,0.0
9,12460099,-,9,12483983,+,KIRP,1721,TCGA-B1-7332-01A,TCGA-B1-7332-01A,1.0,0.0,0.0,0.0,0.0
9,33909007,-,15,57266082,-,KIRP,1722,TCGA-B1-7332-01A,TCGA-B1-7332-01A,1.0,0.0,0.0,0.0,0.0
23,85699875,-,23,133486300,+,KIRP,1723,TCGA-B1-7332-01A,TCGA-B1-7332-01A,1.0,0.0,0.0,0.0,0.0
23,134381130,+,23,134381738,-,KIRP,1724,TCGA-B1-7332-01A,TCGA-B1-7332-01A,1.0,0.0,0.0,0.0,0.0
10,29587752,-,10,30643546,-,KIRP,1725,TCGA-B1-A47M-01A,TCGA-B1-A47M-01A,1.0,0.0,0.0,0.0,0.0
13,86498185,+,13,86499103,+,KIRP,1726,TCGA-B1-A47M-01A,TCGA-B1-A47M-01A,1.0,0.0,0.0,0.0,0.0
16,74843935,-,16,74908730,-,KIRP,1727,TCGA-B1-A47M-01A,TCGA-B1-A47M-01A,1.0,0.0,0.0,0.0,0.0
6,73839584,+,24,16914022,+,KIRP,1728,TCGA-B1-A47M-01A,TCGA-B1-A47M-01A,1.0,0.0,0.0,0.0,0.0
6,106720788,+,6,106723395,+,KIRP,1729,TCGA-B1-A47M-01A,TCGA-B1-A47M-01A,1.0,0.0,0.0,0.0,0.0
7,116374255,+,7,116411740,-,KIRP,1730,TCGA-B1-A47M-01A,TCGA-B1-A47M-01A,1.0,0.0,0.0,0.0,0.0
7,116374618,-,7,116412245,+,KIRP,1731,TCGA-B1-A47M-01A,TCGA-B1-A47M-01A,1.0,0.0,0.0,0.0,0.0
9,110076511,+,18,68347264,+,KIRP,1732,TCGA-B1-A47M-01A,TCGA-B1-A47M-01A,1.0,0.0,0.0,0.0,0.0
1,113052591,+,20,48882370,-,KIRP,1733,TCGA-B1-A47N-01A,TCGA-B1-A47N-01A,1.0,0.0,0.0,0.0,0.0
1,124380082,-,1,124380780,+,KIRP,1734,TCGA-B1-A47N-01A,TCGA-B1-A47N-01A,1.0,0.0,0.0,0.0,0.0
1,248477353,-,1,248570730,-,KIRP,1735,TCGA-B1-A47N-01A,TCGA-B1-A47N-01A,1.0,0.0,0.0,0.0,0.0
11,54344296,-,11,54410862,+,KIRP,1736,TCGA-B1-A47N-01A,TCGA-B1-A47N-01A,1.0,0.0,0.0,0.0,0.0
11,54347371,-,11,54405701,+,KIRP,1737,TCGA-B1-A47N-01A,TCGA-B1-A47N-01A,1.0,0.0,0.0,0.0,0.0
12,34774846,-,12,34780154,+,KIRP,1738,TCGA-B1-A47N-01A,TCGA-B1-A47N-01A,1.0,0.0,0.0,0.0,0.0
12,36543367,+,12,37026285,-,KIRP,1739,TCGA-B1-A47N-01A,TCGA-B1-A47N-01A,1.0,0.0,0.0,0.0,0.0
13,16825221,+,13,17018383,-,KIRP,1740,TCGA-B1-A47N-01A,TCGA-B1-A47N-01A,1.0,0.0,0.0,0.0,0.0
14,55658293,+,17,68972161,-,KIRP,1741,TCGA-B1-A47N-01A,TCGA-B1-A47N-01A,1.0,0.0,0.0,0.0,0.0
15,45351543,-,15,45351669,+,KIRP,1742,TCGA-B1-A47N-01A,TCGA-B1-A47N-01A,1.0,0.0,0.0,0.0,0.0
17,20791321,+,17,72914868,-,KIRP,1743,TCGA-B1-A47N-01A,TCGA-B1-A47N-01A,1.0,0.0,0.0,0.0,0.0
17,24754103,-,17,24754830,+,KIRP,1744,TCGA-B1-A47N-01A,TCGA-B1-A47N-01A,1.0,0.0,0.0,0.0,0.0
17,26328480,-,17,26329155,+,KIRP,1745,TCGA-B1-A47N-01A,TCGA-B1-A47N-01A,1.0,0.0,0.0,0.0,0.0
17,45625317,-,17,46219479,-,KIRP,1746,TCGA-B1-A47N-01A,TCGA-B1-A47N-01A,1.0,0.0,0.0,0.0,0.0
20,29747291,+,20,30493756,-,KIRP,1747,TCGA-B1-A47N-01A,TCGA-B1-A47N-01A,1.0,0.0,0.0,0.0,0.0
5,46540264,-,5,46789239,+,KIRP,1748,TCGA-B1-A47N-01A,TCGA-B1-A47N-01A,1.0,0.0,0.0,0.0,0.0
6,30852826,-,7,101827308,+,KIRP,1749,TCGA-B1-A47N-01A,TCGA-B1-A47N-01A,1.0,0.0,0.0,0.0,0.0
6,41677029,-,19,6717781,+,KIRP,1750,TCGA-B1-A47N-01A,TCGA-B1-A47N-01A,1.0,0.0,0.0,0.0,0.0
6,97238892,-,7,13820833,-,KIRP,1751,TCGA-B1-A47N-01A,TCGA-B1-A47N-01A,1.0,0.0,0.0,0.0,0.0
7,52151122,+,7,52153022,-,KIRP,1752,TCGA-B1-A47N-01A,TCGA-B1-A47N-01A,1.0,0.0,0.0,0.0,0.0
9,99652561,-,9,99652661,+,KIRP,1753,TCGA-B1-A47N-01A,TCGA-B1-A47N-01A,1.0,0.0,0.0,0.0,0.0
10,100082396,+,10,100137793,-,KIRP,1754,TCGA-B1-A656-01A,TCGA-B1-A656-01A,1.0,0.0,0.0,0.0,0.0
13,16121625,+,20,29242842,+,KIRP,1755,TCGA-B1-A656-01A,TCGA-B1-A656-01A,1.0,0.0,0.0,0.0,0.0
15,24247525,+,15,24388041,-,KIRP,1756,TCGA-B1-A656-01A,TCGA-B1-A656-01A,1.0,0.0,0.0,0.0,0.0
2,85010993,-,22,50428144,+,KIRP,1757,TCGA-B1-A656-01A,TCGA-B1-A656-01A,1.0,0.0,0.0,0.0,0.0
2,92866334,+,2,92876322,-,KIRP,1758,TCGA-B1-A656-01A,TCGA-B1-A656-01A,1.0,0.0,0.0,0.0,0.0
20,26437134,-,20,26545344,+,KIRP,1759,TCGA-B1-A656-01A,TCGA-B1-A656-01A,1.0,0.0,0.0,0.0,0.0
20,29909692,+,20,29978249,+,KIRP,1760,TCGA-B1-A656-01A,TCGA-B1-A656-01A,1.0,0.0,0.0,0.0,0.0
5,178984130,+,14,86886841,+,KIRP,1761,TCGA-B1-A656-01A,TCGA-B1-A656-01A,1.0,0.0,0.0,0.0,0.0
7,57783552,-,12,37555070,+,KIRP,1762,TCGA-B1-A656-01A,TCGA-B1-A656-01A,1.0,0.0,0.0,0.0,0.0
7,61472526,+,7,61502731,-,KIRP,1763,TCGA-B1-A656-01A,TCGA-B1-A656-01A,1.0,0.0,0.0,0.0,0.0
8,45080664,-,8,45427503,+,KIRP,1764,TCGA-B1-A656-01A,TCGA-B1-A656-01A,1.0,0.0,0.0,0.0,0.0
9,43410912,-,9,45259764,+,KIRP,1765,TCGA-B1-A656-01A,TCGA-B1-A656-01A,1.0,0.0,0.0,0.0,0.0
1,101496940,-,8,133312983,+,KIRP,1766,TCGA-B1-A657-01A,TCGA-B1-A657-01A,1.0,0.0,0.0,0.0,0.0
11,54358694,+,11,54412638,-,KIRP,1767,TCGA-B1-A657-01A,TCGA-B1-A657-01A,1.0,0.0,0.0,0.0,0.0
12,23600523,-,22,30501875,+,KIRP,1768,TCGA-B1-A657-01A,TCGA-B1-A657-01A,1.0,0.0,0.0,0.0,0.0
16,36339813,-,16,38120828,+,KIRP,1769,TCGA-B1-A657-01A,TCGA-B1-A657-01A,1.0,0.0,0.0,0.0,0.0
17,23100250,+,17,23172506,-,KIRP,1770,TCGA-B1-A657-01A,TCGA-B1-A657-01A,1.0,0.0,0.0,0.0,0.0
2,43248136,-,3,60123996,+,KIRP,1771,TCGA-B1-A657-01A,TCGA-B1-A657-01A,1.0,0.0,0.0,0.0,0.0
20,29917650,+,20,30024478,-,KIRP,1772,TCGA-B1-A657-01A,TCGA-B1-A657-01A,1.0,0.0,0.0,0.0,0.0
20,43095889,+,20,46112073,+,KIRP,1773,TCGA-B1-A657-01A,TCGA-B1-A657-01A,1.0,0.0,0.0,0.0,0.0
5,50792108,-,8,15384474,-,KIRP,1774,TCGA-B1-A657-01A,TCGA-B1-A657-01A,1.0,0.0,0.0,0.0,0.0
5,50792135,+,8,15384814,+,KIRP,1775,TCGA-B1-A657-01A,TCGA-B1-A657-01A,1.0,0.0,0.0,0.0,0.0
5,50792139,-,8,15384718,-,KIRP,1776,TCGA-B1-A657-01A,TCGA-B1-A657-01A,1.0,0.0,0.0,0.0,0.0
5,88614984,-,17,18297544,+,KIRP,1777,TCGA-B1-A657-01A,TCGA-B1-A657-01A,1.0,0.0,0.0,0.0,0.0
7,158604959,+,7,159258887,+,KIRP,1778,TCGA-B1-A657-01A,TCGA-B1-A657-01A,1.0,0.0,0.0,0.0,0.0
11,118097080,-,22,27728865,+,KIRP,1779,TCGA-B3-3926-01A,TCGA-B3-3926-01A,1.0,0.0,0.0,0.0,0.0
12,4395649,+,16,49271038,-,KIRP,1780,TCGA-B3-3926-01A,TCGA-B3-3926-01A,1.0,0.0,0.0,0.0,0.0
12,45625993,-,15,19953648,-,KIRP,1781,TCGA-B3-3926-01A,TCGA-B3-3926-01A,1.0,0.0,0.0,0.0,0.0
12,108347716,-,12,108348036,+,KIRP,1782,TCGA-B3-3926-01A,TCGA-B3-3926-01A,1.0,0.0,0.0,0.0,0.0
12,124433854,-,16,52378522,-,KIRP,1783,TCGA-B3-3926-01A,TCGA-B3-3926-01A,1.0,0.0,0.0,0.0,0.0
13,18420644,-,21,13049795,+,KIRP,1784,TCGA-B3-3926-01A,TCGA-B3-3926-01A,1.0,0.0,0.0,0.0,0.0
13,39562626,+,23,151072918,+,KIRP,1785,TCGA-B3-3926-01A,TCGA-B3-3926-01A,1.0,0.0,0.0,0.0,0.0
14,29826803,-,23,145275211,+,KIRP,1786,TCGA-B3-3926-01A,TCGA-B3-3926-01A,1.0,0.0,0.0,0.0,0.0
17,22894628,+,17,22994317,-,KIRP,1787,TCGA-B3-3926-01A,TCGA-B3-3926-01A,1.0,0.0,0.0,0.0,0.0
2,5372115,-,2,81830520,+,KIRP,1788,TCGA-B3-3926-01A,TCGA-B3-3926-01A,1.0,0.0,0.0,0.0,0.0
2,48717543,-,22,23558019,+,KIRP,1789,TCGA-B3-3926-01A,TCGA-B3-3926-01A,1.0,0.0,0.0,0.0,0.0
2,66775550,-,5,164328944,+,KIRP,1790,TCGA-B3-3926-01A,TCGA-B3-3926-01A,1.0,0.0,0.0,0.0,0.0
2,216543771,+,2,216544369,-,KIRP,1791,TCGA-B3-3926-01A,TCGA-B3-3926-01A,1.0,0.0,0.0,0.0,0.0
3,60124244,-,12,50446135,-,KIRP,1792,TCGA-B3-3926-01A,TCGA-B3-3926-01A,1.0,0.0,0.0,0.0,0.0
3,90849065,-,3,91117695,+,KIRP,1793,TCGA-B3-3926-01A,TCGA-B3-3926-01A,1.0,0.0,0.0,0.0,0.0
4,50471130,+,4,51171144,-,KIRP,1794,TCGA-B3-3926-01A,TCGA-B3-3926-01A,1.0,0.0,0.0,0.0,0.0
5,20376159,+,9,2271712,-,KIRP,1795,TCGA-B3-3926-01A,TCGA-B3-3926-01A,1.0,0.0,0.0,0.0,0.0
6,22193312,+,18,53354153,+,KIRP,1796,TCGA-B3-3926-01A,TCGA-B3-3926-01A,1.0,0.0,0.0,0.0,0.0
6,118991740,+,6,121844204,-,KIRP,1797,TCGA-B3-3926-01A,TCGA-B3-3926-01A,1.0,0.0,0.0,0.0,0.0
7,153506513,+,20,22083994,-,KIRP,1798,TCGA-B3-3926-01A,TCGA-B3-3926-01A,1.0,0.0,0.0,0.0,0.0
11,54419829,+,11,54424016,-,KIRP,1799,TCGA-B3-4103-01A,TCGA-B3-4103-01A,1.0,0.0,0.0,0.0,0.0
13,16034246,-,13,16050252,+,KIRP,1800,TCGA-B3-4103-01A,TCGA-B3-4103-01A,1.0,0.0,0.0,0.0,0.0
13,16618167,+,13,17090417,-,KIRP,1801,TCGA-B3-4103-01A,TCGA-B3-4103-01A,1.0,0.0,0.0,0.0,0.0
14,102094591,-,15,77185774,+,KIRP,1802,TCGA-B3-4103-01A,TCGA-B3-4103-01A,1.0,0.0,0.0,0.0,0.0
17,22830178,+,17,23080842,-,KIRP,1803,TCGA-B3-4103-01A,TCGA-B3-4103-01A,1.0,0.0,0.0,0.0,0.0
18,15731826,+,18,15743514,-,KIRP,1804,TCGA-B3-4103-01A,TCGA-B3-4103-01A,1.0,0.0,0.0,0.0,0.0
2,16017686,-,15,69625706,+,KIRP,1805,TCGA-B3-4103-01A,TCGA-B3-4103-01A,1.0,0.0,0.0,0.0,0.0
2,132220164,+,9,43191874,-,KIRP,1806,TCGA-B3-4103-01A,TCGA-B3-4103-01A,1.0,0.0,0.0,0.0,0.0
3,91027140,+,3,91187344,-,KIRP,1807,TCGA-B3-4103-01A,TCGA-B3-4103-01A,1.0,0.0,0.0,0.0,0.0
3,91072245,-,3,91137962,+,KIRP,1808,TCGA-B3-4103-01A,TCGA-B3-4103-01A,1.0,0.0,0.0,0.0,0.0
3,91157122,-,3,91281824,-,KIRP,1809,TCGA-B3-4103-01A,TCGA-B3-4103-01A,1.0,0.0,0.0,0.0,0.0
5,49669899,+,5,49925005,-,KIRP,1810,TCGA-B3-4103-01A,TCGA-B3-4103-01A,1.0,0.0,0.0,0.0,0.0
5,49707695,-,5,49832906,+,KIRP,1811,TCGA-B3-4103-01A,TCGA-B3-4103-01A,1.0,0.0,0.0,0.0,0.0
6,58055891,-,6,60810227,+,KIRP,1812,TCGA-B3-4103-01A,TCGA-B3-4103-01A,1.0,0.0,0.0,0.0,0.0
1,64994966,-,2,215311614,+,KIRP,1813,TCGA-B3-8121-01A,TCGA-B3-8121-01A,1.0,0.0,0.0,0.0,0.0
1,182853155,+,3,44135076,+,KIRP,1814,TCGA-B3-8121-01A,TCGA-B3-8121-01A,1.0,0.0,0.0,0.0,0.0
10,114568811,-,10,114568982,+,KIRP,1815,TCGA-B3-8121-01A,TCGA-B3-8121-01A,1.0,0.0,0.0,0.0,0.0
12,25527450,-,17,71748391,+,KIRP,1816,TCGA-B3-8121-01A,TCGA-B3-8121-01A,1.0,0.0,0.0,0.0,0.0
15,22556875,-,15,28218601,-,KIRP,1817,TCGA-B3-8121-01A,TCGA-B3-8121-01A,1.0,0.0,0.0,0.0,0.0
2,36543703,-,15,65772749,+,KIRP,1818,TCGA-B3-8121-01A,TCGA-B3-8121-01A,1.0,0.0,0.0,0.0,0.0
2,175451751,+,16,69913260,+,KIRP,1819,TCGA-B3-8121-01A,TCGA-B3-8121-01A,1.0,0.0,0.0,0.0,0.0
2,192070035,-,2,203395441,-,KIRP,1820,TCGA-B3-8121-01A,TCGA-B3-8121-01A,1.0,0.0,0.0,0.0,0.0
20,29242657,+,20,30469568,-,KIRP,1821,TCGA-B3-8121-01A,TCGA-B3-8121-01A,1.0,0.0,0.0,0.0,0.0
3,91353663,+,13,40873040,+,KIRP,1822,TCGA-B3-8121-01A,TCGA-B3-8121-01A,1.0,0.0,0.0,0.0,0.0
3,131789018,-,9,19573504,+,KIRP,1823,TCGA-B3-8121-01A,TCGA-B3-8121-01A,1.0,0.0,0.0,0.0,0.0
4,11538953,-,8,15127288,+,KIRP,1824,TCGA-B3-8121-01A,TCGA-B3-8121-01A,1.0,0.0,0.0,0.0,0.0
5,30426904,-,24,7253064,+,KIRP,1825,TCGA-B3-8121-01A,TCGA-B3-8121-01A,1.0,0.0,0.0,0.0,0.0
5,46690281,+,12,37394904,-,KIRP,1826,TCGA-B3-8121-01A,TCGA-B3-8121-01A,1.0,0.0,0.0,0.0,0.0
5,180530362,-,19,21615384,-,KIRP,1827,TCGA-B3-8121-01A,TCGA-B3-8121-01A,1.0,0.0,0.0,0.0,0.0
9,61692294,+,20,29592844,-,KIRP,1828,TCGA-B3-8121-01A,TCGA-B3-8121-01A,1.0,0.0,0.0,0.0,0.0
10,29833662,-,17,39128114,+,KIRP,1829,TCGA-B3-A6W5-01A,TCGA-B3-A6W5-01A,1.0,0.0,0.0,0.0,0.0
12,113001666,+,17,72717011,-,KIRP,1830,TCGA-B3-A6W5-01A,TCGA-B3-A6W5-01A,1.0,0.0,0.0,0.0,0.0
17,68972814,+,17,68979525,-,KIRP,1831,TCGA-B3-A6W5-01A,TCGA-B3-A6W5-01A,1.0,0.0,0.0,0.0,0.0
4,94297686,+,17,11973193,+,KIRP,1832,TCGA-B3-A6W5-01A,TCGA-B3-A6W5-01A,1.0,0.0,0.0,0.0,0.0
7,146174021,+,7,146174631,-,KIRP,1833,TCGA-B3-A6W5-01A,TCGA-B3-A6W5-01A,1.0,0.0,0.0,0.0,0.0
7,148264866,+,7,148265424,-,KIRP,1834,TCGA-B3-A6W5-01A,TCGA-B3-A6W5-01A,1.0,0.0,0.0,0.0,0.0
1,80655172,-,1,80656168,+,KIRP,1835,TCGA-B9-4114-01A,TCGA-B9-4114-01A,1.0,0.0,0.0,0.0,0.0
13,16294757,+,13,17046212,-,KIRP,1836,TCGA-B9-4114-01A,TCGA-B9-4114-01A,1.0,0.0,0.0,0.0,0.0
15,19849668,+,22,16096781,-,KIRP,1837,TCGA-B9-4114-01A,TCGA-B9-4114-01A,1.0,0.0,0.0,0.0,0.0
18,15593591,+,18,15757624,-,KIRP,1838,TCGA-B9-4114-01A,TCGA-B9-4114-01A,1.0,0.0,0.0,0.0,0.0
19,54369828,+,19,54498932,+,KIRP,1839,TCGA-B9-4114-01A,TCGA-B9-4114-01A,1.0,0.0,0.0,0.0,0.0
3,91059939,+,3,91089291,-,KIRP,1840,TCGA-B9-4114-01A,TCGA-B9-4114-01A,1.0,0.0,0.0,0.0,0.0
3,115607680,+,3,181116852,+,KIRP,1841,TCGA-B9-4114-01A,TCGA-B9-4114-01A,1.0,0.0,0.0,0.0,0.0
3,118833557,-,3,137530267,+,KIRP,1842,TCGA-B9-4114-01A,TCGA-B9-4114-01A,1.0,0.0,0.0,0.0,0.0
3,134723633,-,3,192775178,-,KIRP,1843,TCGA-B9-4114-01A,TCGA-B9-4114-01A,1.0,0.0,0.0,0.0,0.0
3,134724153,-,3,181107486,-,KIRP,1844,TCGA-B9-4114-01A,TCGA-B9-4114-01A,1.0,0.0,0.0,0.0,0.0
3,157972144,-,5,18435602,+,KIRP,1845,TCGA-B9-4114-01A,TCGA-B9-4114-01A,1.0,0.0,0.0,0.0,0.0
4,144405146,-,6,151669148,-,KIRP,1846,TCGA-B9-4114-01A,TCGA-B9-4114-01A,1.0,0.0,0.0,0.0,0.0
7,61114245,+,7,61430659,-,KIRP,1847,TCGA-B9-4114-01A,TCGA-B9-4114-01A,1.0,0.0,0.0,0.0,0.0
9,77399468,+,12,94702936,-,KIRP,1848,TCGA-B9-4114-01A,TCGA-B9-4114-01A,1.0,0.0,0.0,0.0,0.0
23,66699993,-,23,84875041,+,KIRP,1849,TCGA-B9-4114-01A,TCGA-B9-4114-01A,1.0,0.0,0.0,0.0,0.0
1,148827726,+,3,193503996,-,KIRP,1850,TCGA-B9-4117-01A,TCGA-B9-4117-01A,1.0,0.0,0.0,0.0,0.0
1,175062402,+,15,60522647,+,KIRP,1851,TCGA-B9-4117-01A,TCGA-B9-4117-01A,1.0,0.0,0.0,0.0,0.0
12,114909089,+,17,32252216,+,KIRP,1852,TCGA-B9-4117-01A,TCGA-B9-4117-01A,1.0,0.0,0.0,0.0,0.0
12,114909113,-,17,29849939,-,KIRP,1853,TCGA-B9-4117-01A,TCGA-B9-4117-01A,1.0,0.0,0.0,0.0,0.0
14,25884799,+,14,62332423,+,KIRP,1854,TCGA-B9-4117-01A,TCGA-B9-4117-01A,1.0,0.0,0.0,0.0,0.0
14,59463482,-,14,62709577,+,KIRP,1855,TCGA-B9-4117-01A,TCGA-B9-4117-01A,1.0,0.0,0.0,0.0,0.0
17,77816397,+,17,77918932,+,KIRP,1856,TCGA-B9-4117-01A,TCGA-B9-4117-01A,1.0,0.0,0.0,0.0,0.0
2,16224840,-,2,16226239,-,KIRP,1857,TCGA-B9-4117-01A,TCGA-B9-4117-01A,1.0,0.0,0.0,0.0,0.0
2,38111908,-,23,76034035,+,KIRP,1858,TCGA-B9-4117-01A,TCGA-B9-4117-01A,1.0,0.0,0.0,0.0,0.0
2,73749845,-,21,22800534,+,KIRP,1859,TCGA-B9-4117-01A,TCGA-B9-4117-01A,1.0,0.0,0.0,0.0,0.0
2,76234075,+,8,76584368,-,KIRP,1860,TCGA-B9-4117-01A,TCGA-B9-4117-01A,1.0,0.0,0.0,0.0,0.0
2,86149494,+,17,29849836,+,KIRP,1861,TCGA-B9-4117-01A,TCGA-B9-4117-01A,1.0,0.0,0.0,0.0,0.0
2,89312060,-,14,25631079,-,KIRP,1862,TCGA-B9-4117-01A,TCGA-B9-4117-01A,1.0,0.0,0.0,0.0,0.0
2,224451306,+,14,76523887,-,KIRP,1863,TCGA-B9-4117-01A,TCGA-B9-4117-01A,1.0,0.0,0.0,0.0,0.0
7,61381022,+,7,61454768,-,KIRP,1864,TCGA-B9-4117-01A,TCGA-B9-4117-01A,1.0,0.0,0.0,0.0,0.0
7,75790287,-,19,8981708,-,KIRP,1865,TCGA-B9-4117-01A,TCGA-B9-4117-01A,1.0,0.0,0.0,0.0,0.0
7,84052901,+,7,84065291,+,KIRP,1866,TCGA-B9-4117-01A,TCGA-B9-4117-01A,1.0,0.0,0.0,0.0,0.0
7,103845041,-,17,32252238,-,KIRP,1867,TCGA-B9-4117-01A,TCGA-B9-4117-01A,1.0,0.0,0.0,0.0,0.0
7,103845106,+,8,9682019,+,KIRP,1868,TCGA-B9-4117-01A,TCGA-B9-4117-01A,1.0,0.0,0.0,0.0,0.0
8,9682019,+,17,32252238,-,KIRP,1869,TCGA-B9-4117-01A,TCGA-B9-4117-01A,1.0,0.0,0.0,0.0,0.0
8,42452193,-,8,42452318,+,KIRP,1870,TCGA-B9-4117-01A,TCGA-B9-4117-01A,1.0,0.0,0.0,0.0,0.0
9,61686590,-,20,29587500,+,KIRP,1871,TCGA-B9-4117-01A,TCGA-B9-4117-01A,1.0,0.0,0.0,0.0,0.0
9,61686955,+,20,29587475,-,KIRP,1872,TCGA-B9-4117-01A,TCGA-B9-4117-01A,1.0,0.0,0.0,0.0,0.0
23,89578438,+,24,3234845,-,KIRP,1873,TCGA-B9-4117-01A,TCGA-B9-4117-01A,1.0,0.0,0.0,0.0,0.0
10,16412806,-,19,8982350,+,KIRP,1874,TCGA-B9-4617-01A,TCGA-B9-4617-01A,1.0,0.0,0.0,0.0,0.0
10,57322064,-,10,118759909,-,KIRP,1875,TCGA-B9-4617-01A,TCGA-B9-4617-01A,1.0,0.0,0.0,0.0,0.0
10,57322170,+,10,118760012,+,KIRP,1876,TCGA-B9-4617-01A,TCGA-B9-4617-01A,1.0,0.0,0.0,0.0,0.0
14,102094528,-,15,77185837,+,KIRP,1877,TCGA-B9-4617-01A,TCGA-B9-4617-01A,1.0,0.0,0.0,0.0,0.0
18,15593360,+,18,15757555,-,KIRP,1878,TCGA-B9-4617-01A,TCGA-B9-4617-01A,1.0,0.0,0.0,0.0,0.0
18,57734314,-,18,62589912,+,KIRP,1879,TCGA-B9-4617-01A,TCGA-B9-4617-01A,1.0,0.0,0.0,0.0,0.0
3,91113747,-,3,91221045,+,KIRP,1880,TCGA-B9-4617-01A,TCGA-B9-4617-01A,1.0,0.0,0.0,0.0,0.0
3,96348618,-,3,97780843,+,KIRP,1881,TCGA-B9-4617-01A,TCGA-B9-4617-01A,1.0,0.0,0.0,0.0,0.0
4,114774914,+,23,3306890,+,KIRP,1882,TCGA-B9-4617-01A,TCGA-B9-4617-01A,1.0,0.0,0.0,0.0,0.0
7,150161233,+,13,86289513,-,KIRP,1883,TCGA-B9-4617-01A,TCGA-B9-4617-01A,1.0,0.0,0.0,0.0,0.0
1,101496908,-,8,133313001,+,KIRP,1884,TCGA-B9-5155-01A,TCGA-B9-5155-01A,1.0,0.0,0.0,0.0,0.0
1,159318099,+,11,101173786,+,KIRP,1885,TCGA-B9-5155-01A,TCGA-B9-5155-01A,1.0,0.0,0.0,0.0,0.0
11,48963822,-,11,49886978,+,KIRP,1886,TCGA-B9-5155-01A,TCGA-B9-5155-01A,1.0,0.0,0.0,0.0,0.0
11,122016371,-,16,76397802,-,KIRP,1887,TCGA-B9-5155-01A,TCGA-B9-5155-01A,1.0,0.0,0.0,0.0,0.0
12,21573968,-,12,21574085,+,KIRP,1888,TCGA-B9-5155-01A,TCGA-B9-5155-01A,1.0,0.0,0.0,0.0,0.0
15,62360387,-,15,62360562,+,KIRP,1889,TCGA-B9-5155-01A,TCGA-B9-5155-01A,1.0,0.0,0.0,0.0,0.0
17,57194559,-,17,57194692,+,KIRP,1890,TCGA-B9-5155-01A,TCGA-B9-5155-01A,1.0,0.0,0.0,0.0,0.0
18,58144553,-,18,58144662,+,KIRP,1891,TCGA-B9-5155-01A,TCGA-B9-5155-01A,1.0,0.0,0.0,0.0,0.0
2,65830403,-,2,65831726,+,KIRP,1892,TCGA-B9-5155-01A,TCGA-B9-5155-01A,1.0,0.0,0.0,0.0,0.0
2,77890552,-,2,153988074,-,KIRP,1893,TCGA-B9-5155-01A,TCGA-B9-5155-01A,1.0,0.0,0.0,0.0,0.0
3,36057883,+,10,106412361,+,KIRP,1894,TCGA-B9-5155-01A,TCGA-B9-5155-01A,1.0,0.0,0.0,0.0,0.0
3,171459676,-,11,78554501,-,KIRP,1895,TCGA-B9-5155-01A,TCGA-B9-5155-01A,1.0,0.0,0.0,0.0,0.0
4,59452804,-,4,119007281,+,KIRP,1896,TCGA-B9-5155-01A,TCGA-B9-5155-01A,1.0,0.0,0.0,0.0,0.0
5,135797045,+,19,41510088,+,KIRP,1897,TCGA-B9-5155-01A,TCGA-B9-5155-01A,1.0,0.0,0.0,0.0,0.0
7,15970764,-,7,15970862,+,KIRP,1898,TCGA-B9-5155-01A,TCGA-B9-5155-01A,1.0,0.0,0.0,0.0,0.0
7,55218621,-,17,76652651,+,KIRP,1899,TCGA-B9-5155-01A,TCGA-B9-5155-01A,1.0,0.0,0.0,0.0,0.0
8,23015865,-,16,64489023,-,KIRP,1900,TCGA-B9-5155-01A,TCGA-B9-5155-01A,1.0,0.0,0.0,0.0,0.0
1,122416142,+,1,122443760,-,KIRP,1901,TCGA-B9-7268-01A,TCGA-B9-7268-01A,1.0,0.0,0.0,0.0,0.0
1,124818771,-,1,124841769,+,KIRP,1902,TCGA-B9-7268-01A,TCGA-B9-7268-01A,1.0,0.0,0.0,0.0,0.0
1,223895635,+,6,170703014,+,KIRP,1903,TCGA-B9-7268-01A,TCGA-B9-7268-01A,1.0,0.0,0.0,0.0,0.0
1,232733372,-,8,108318972,+,KIRP,1904,TCGA-B9-7268-01A,TCGA-B9-7268-01A,1.0,0.0,0.0,0.0,0.0
11,54416075,+,11,54549106,-,KIRP,1905,TCGA-B9-7268-01A,TCGA-B9-7268-01A,1.0,0.0,0.0,0.0,0.0
11,125493763,+,17,20050991,+,KIRP,1906,TCGA-B9-7268-01A,TCGA-B9-7268-01A,1.0,0.0,0.0,0.0,0.0
12,34877927,+,12,35589179,-,KIRP,1907,TCGA-B9-7268-01A,TCGA-B9-7268-01A,1.0,0.0,0.0,0.0,0.0
13,90497073,-,23,43588993,-,KIRP,1908,TCGA-B9-7268-01A,TCGA-B9-7268-01A,1.0,0.0,0.0,0.0,0.0
17,81970205,-,23,108048244,+,KIRP,1909,TCGA-B9-7268-01A,TCGA-B9-7268-01A,1.0,0.0,0.0,0.0,0.0
18,15636652,+,18,20611150,-,KIRP,1910,TCGA-B9-7268-01A,TCGA-B9-7268-01A,1.0,0.0,0.0,0.0,0.0
18,15743968,+,18,15760116,-,KIRP,1911,TCGA-B9-7268-01A,TCGA-B9-7268-01A,1.0,0.0,0.0,0.0,0.0
18,15792078,+,18,19678176,-,KIRP,1912,TCGA-B9-7268-01A,TCGA-B9-7268-01A,1.0,0.0,0.0,0.0,0.0
2,94557486,-,2,132218907,+,KIRP,1913,TCGA-B9-7268-01A,TCGA-B9-7268-01A,1.0,0.0,0.0,0.0,0.0
2,187218236,+,23,12294468,-,KIRP,1914,TCGA-B9-7268-01A,TCGA-B9-7268-01A,1.0,0.0,0.0,0.0,0.0
20,26447731,-,20,26469225,+,KIRP,1915,TCGA-B9-7268-01A,TCGA-B9-7268-01A,1.0,0.0,0.0,0.0,0.0
20,26585533,+,20,26599690,-,KIRP,1916,TCGA-B9-7268-01A,TCGA-B9-7268-01A,1.0,0.0,0.0,0.0,0.0
3,32065932,-,16,9478394,-,KIRP,1917,TCGA-B9-7268-01A,TCGA-B9-7268-01A,1.0,0.0,0.0,0.0,0.0
3,91068286,-,3,91211986,+,KIRP,1918,TCGA-B9-7268-01A,TCGA-B9-7268-01A,1.0,0.0,0.0,0.0,0.0
3,91157049,-,3,91281798,-,KIRP,1919,TCGA-B9-7268-01A,TCGA-B9-7268-01A,1.0,0.0,0.0,0.0,0.0
4,19555431,-,15,96831039,+,KIRP,1920,TCGA-B9-7268-01A,TCGA-B9-7268-01A,1.0,0.0,0.0,0.0,0.0
5,46658716,-,12,37284185,+,KIRP,1921,TCGA-B9-7268-01A,TCGA-B9-7268-01A,1.0,0.0,0.0,0.0,0.0
7,98394261,+,7,102269145,+,KIRP,1922,TCGA-B9-7268-01A,TCGA-B9-7268-01A,1.0,0.0,0.0,0.0,0.0
1,18726029,+,2,76542915,+,KIRP,1923,TCGA-B9-A44B-01A,TCGA-B9-A44B-01A,1.0,0.0,0.0,0.0,0.0
1,20080592,+,1,20088158,-,KIRP,1924,TCGA-B9-A44B-01A,TCGA-B9-A44B-01A,1.0,0.0,0.0,0.0,0.0
1,29418856,+,5,95738894,+,KIRP,1925,TCGA-B9-A44B-01A,TCGA-B9-A44B-01A,1.0,0.0,0.0,0.0,0.0
1,47939564,-,7,18635705,+,KIRP,1926,TCGA-B9-A44B-01A,TCGA-B9-A44B-01A,1.0,0.0,0.0,0.0,0.0
1,47939616,+,19,54216701,+,KIRP,1927,TCGA-B9-A44B-01A,TCGA-B9-A44B-01A,1.0,0.0,0.0,0.0,0.0
1,101497036,-,8,133313016,+,KIRP,1928,TCGA-B9-A44B-01A,TCGA-B9-A44B-01A,1.0,0.0,0.0,0.0,0.0
1,190499137,+,5,64008705,+,KIRP,1929,TCGA-B9-A44B-01A,TCGA-B9-A44B-01A,1.0,0.0,0.0,0.0,0.0
10,19410677,+,10,19412601,-,KIRP,1930,TCGA-B9-A44B-01A,TCGA-B9-A44B-01A,1.0,0.0,0.0,0.0,0.0
10,23918766,+,22,23202748,+,KIRP,1931,TCGA-B9-A44B-01A,TCGA-B9-A44B-01A,1.0,0.0,0.0,0.0,0.0
10,60082806,-,11,103580775,+,KIRP,1932,TCGA-B9-A44B-01A,TCGA-B9-A44B-01A,1.0,0.0,0.0,0.0,0.0
11,31280380,+,11,31281391,-,KIRP,1933,TCGA-B9-A44B-01A,TCGA-B9-A44B-01A,1.0,0.0,0.0,0.0,0.0
11,57658835,+,23,57794666,+,KIRP,1934,TCGA-B9-A44B-01A,TCGA-B9-A44B-01A,1.0,0.0,0.0,0.0,0.0
13,18761760,-,18,14318938,-,KIRP,1935,TCGA-B9-A44B-01A,TCGA-B9-A44B-01A,1.0,0.0,0.0,0.0,0.0
13,39652977,+,13,39758897,-,KIRP,1936,TCGA-B9-A44B-01A,TCGA-B9-A44B-01A,1.0,0.0,0.0,0.0,0.0
13,47351258,+,13,47468986,-,KIRP,1937,TCGA-B9-A44B-01A,TCGA-B9-A44B-01A,1.0,0.0,0.0,0.0,0.0
14,48689856,-,17,69162809,-,KIRP,1938,TCGA-B9-A44B-01A,TCGA-B9-A44B-01A,1.0,0.0,0.0,0.0,0.0
14,102095087,+,16,1872049,+,KIRP,1939,TCGA-B9-A44B-01A,TCGA-B9-A44B-01A,1.0,0.0,0.0,0.0,0.0
15,57075835,+,24,17324941,+,KIRP,1940,TCGA-B9-A44B-01A,TCGA-B9-A44B-01A,1.0,0.0,0.0,0.0,0.0
15,62997869,+,22,20754690,+,KIRP,1941,TCGA-B9-A44B-01A,TCGA-B9-A44B-01A,1.0,0.0,0.0,0.0,0.0
15,62999170,-,22,20741671,-,KIRP,1942,TCGA-B9-A44B-01A,TCGA-B9-A44B-01A,1.0,0.0,0.0,0.0,0.0
16,12476356,-,16,80965245,-,KIRP,1943,TCGA-B9-A44B-01A,TCGA-B9-A44B-01A,1.0,0.0,0.0,0.0,0.0
16,57021394,+,16,64536449,+,KIRP,1944,TCGA-B9-A44B-01A,TCGA-B9-A44B-01A,1.0,0.0,0.0,0.0,0.0
16,57021403,-,16,64536465,-,KIRP,1945,TCGA-B9-A44B-01A,TCGA-B9-A44B-01A,1.0,0.0,0.0,0.0,0.0
16,65964165,-,19,11434643,-,KIRP,1946,TCGA-B9-A44B-01A,TCGA-B9-A44B-01A,1.0,0.0,0.0,0.0,0.0
16,76706772,-,19,28930844,+,KIRP,1947,TCGA-B9-A44B-01A,TCGA-B9-A44B-01A,1.0,0.0,0.0,0.0,0.0
16,78951467,+,16,79176568,-,KIRP,1948,TCGA-B9-A44B-01A,TCGA-B9-A44B-01A,1.0,0.0,0.0,0.0,0.0
16,84965129,-,19,30905743,-,KIRP,1949,TCGA-B9-A44B-01A,TCGA-B9-A44B-01A,1.0,0.0,0.0,0.0,0.0
17,28783279,+,17,28802684,-,KIRP,1950,TCGA-B9-A44B-01A,TCGA-B9-A44B-01A,1.0,0.0,0.0,0.0,0.0
19,1026885,+,19,12116044,+,KIRP,1951,TCGA-B9-A44B-01A,TCGA-B9-A44B-01A,1.0,0.0,0.0,0.0,0.0
19,1026952,-,19,5287802,+,KIRP,1952,TCGA-B9-A44B-01A,TCGA-B9-A44B-01A,1.0,0.0,0.0,0.0,0.0
19,1029618,+,19,12120322,+,KIRP,1953,TCGA-B9-A44B-01A,TCGA-B9-A44B-01A,1.0,0.0,0.0,0.0,0.0
19,1029680,-,19,13380659,-,KIRP,1954,TCGA-B9-A44B-01A,TCGA-B9-A44B-01A,1.0,0.0,0.0,0.0,0.0
19,1059411,+,19,40776350,+,KIRP,1955,TCGA-B9-A44B-01A,TCGA-B9-A44B-01A,1.0,0.0,0.0,0.0,0.0
19,4194434,-,19,40755378,+,KIRP,1956,TCGA-B9-A44B-01A,TCGA-B9-A44B-01A,1.0,0.0,0.0,0.0,0.0
19,4754015,+,19,40778347,+,KIRP,1957,TCGA-B9-A44B-01A,TCGA-B9-A44B-01A,1.0,0.0,0.0,0.0,0.0
19,5225648,-,19,11890104,+,KIRP,1958,TCGA-B9-A44B-01A,TCGA-B9-A44B-01A,1.0,0.0,0.0,0.0,0.0
19,5289148,-,19,12116098,-,KIRP,1959,TCGA-B9-A44B-01A,TCGA-B9-A44B-01A,1.0,0.0,0.0,0.0,0.0
19,5289458,+,19,17090564,-,KIRP,1960,TCGA-B9-A44B-01A,TCGA-B9-A44B-01A,1.0,0.0,0.0,0.0,0.0
19,5289462,-,19,11890211,-,KIRP,1961,TCGA-B9-A44B-01A,TCGA-B9-A44B-01A,1.0,0.0,0.0,0.0,0.0
19,5293993,+,19,17090497,+,KIRP,1962,TCGA-B9-A44B-01A,TCGA-B9-A44B-01A,1.0,0.0,0.0,0.0,0.0
19,5297411,+,19,13376325,+,KIRP,1963,TCGA-B9-A44B-01A,TCGA-B9-A44B-01A,1.0,0.0,0.0,0.0,0.0
19,6022911,-,19,9998093,-,KIRP,1964,TCGA-B9-A44B-01A,TCGA-B9-A44B-01A,1.0,0.0,0.0,0.0,0.0
19,8366139,-,19,44892810,-,KIRP,1965,TCGA-B9-A44B-01A,TCGA-B9-A44B-01A,1.0,0.0,0.0,0.0,0.0
19,9998027,+,19,12119934,-,KIRP,1966,TCGA-B9-A44B-01A,TCGA-B9-A44B-01A,1.0,0.0,0.0,0.0,0.0
19,11888110,-,19,12111411,+,KIRP,1967,TCGA-B9-A44B-01A,TCGA-B9-A44B-01A,1.0,0.0,0.0,0.0,0.0
19,11888334,+,19,40777010,-,KIRP,1968,TCGA-B9-A44B-01A,TCGA-B9-A44B-01A,1.0,0.0,0.0,0.0,0.0
19,11888448,-,19,17089396,+,KIRP,1969,TCGA-B9-A44B-01A,TCGA-B9-A44B-01A,1.0,0.0,0.0,0.0,0.0
19,12107147,+,19,45360371,-,KIRP,1970,TCGA-B9-A44B-01A,TCGA-B9-A44B-01A,1.0,0.0,0.0,0.0,0.0
19,12107183,-,19,45608709,+,KIRP,1971,TCGA-B9-A44B-01A,TCGA-B9-A44B-01A,1.0,0.0,0.0,0.0,0.0
19,12114121,-,19,13377865,-,KIRP,1972,TCGA-B9-A44B-01A,TCGA-B9-A44B-01A,1.0,0.0,0.0,0.0,0.0
19,13373762,-,19,40775617,-,KIRP,1973,TCGA-B9-A44B-01A,TCGA-B9-A44B-01A,1.0,0.0,0.0,0.0,0.0
19,13378088,+,19,17085168,-,KIRP,1974,TCGA-B9-A44B-01A,TCGA-B9-A44B-01A,1.0,0.0,0.0,0.0,0.0
19,14090014,-,22,20450122,+,KIRP,1975,TCGA-B9-A44B-01A,TCGA-B9-A44B-01A,1.0,0.0,0.0,0.0,0.0
19,17089907,-,19,17091877,+,KIRP,1976,TCGA-B9-A44B-01A,TCGA-B9-A44B-01A,1.0,0.0,0.0,0.0,0.0
19,23841615,+,19,23843839,-,KIRP,1977,TCGA-B9-A44B-01A,TCGA-B9-A44B-01A,1.0,0.0,0.0,0.0,0.0
19,31751844,-,19,50322771,+,KIRP,1978,TCGA-B9-A44B-01A,TCGA-B9-A44B-01A,1.0,0.0,0.0,0.0,0.0
19,40097858,+,19,40101143,+,KIRP,1979,TCGA-B9-A44B-01A,TCGA-B9-A44B-01A,1.0,0.0,0.0,0.0,0.0
19,44517287,+,19,54215928,-,KIRP,1980,TCGA-B9-A44B-01A,TCGA-B9-A44B-01A,1.0,0.0,0.0,0.0,0.0
2,24725625,-,5,104004798,-,KIRP,1981,TCGA-B9-A44B-01A,TCGA-B9-A44B-01A,1.0,0.0,0.0,0.0,0.0
20,61891958,+,20,61905695,-,KIRP,1982,TCGA-B9-A44B-01A,TCGA-B9-A44B-01A,1.0,0.0,0.0,0.0,0.0
3,174500655,+,3,174575323,-,KIRP,1983,TCGA-B9-A44B-01A,TCGA-B9-A44B-01A,1.0,0.0,0.0,0.0,0.0
4,10454788,+,4,27954393,-,KIRP,1984,TCGA-B9-A44B-01A,TCGA-B9-A44B-01A,1.0,0.0,0.0,0.0,0.0
4,182276173,-,4,182281485,+,KIRP,1985,TCGA-B9-A44B-01A,TCGA-B9-A44B-01A,1.0,0.0,0.0,0.0,0.0
5,60432086,-,11,74130111,+,KIRP,1986,TCGA-B9-A44B-01A,TCGA-B9-A44B-01A,1.0,0.0,0.0,0.0,0.0
6,1871188,+,6,2253070,-,KIRP,1987,TCGA-B9-A44B-01A,TCGA-B9-A44B-01A,1.0,0.0,0.0,0.0,0.0
6,129206887,+,6,129243623,+,KIRP,1988,TCGA-B9-A44B-01A,TCGA-B9-A44B-01A,1.0,0.0,0.0,0.0,0.0
6,129206980,-,19,44517320,-,KIRP,1989,TCGA-B9-A44B-01A,TCGA-B9-A44B-01A,1.0,0.0,0.0,0.0,0.0
6,129243684,-,9,76684684,+,KIRP,1990,TCGA-B9-A44B-01A,TCGA-B9-A44B-01A,1.0,0.0,0.0,0.0,0.0
7,1090477,-,19,43214711,-,KIRP,1991,TCGA-B9-A44B-01A,TCGA-B9-A44B-01A,1.0,0.0,0.0,0.0,0.0
7,1090478,+,19,43214709,+,KIRP,1992,TCGA-B9-A44B-01A,TCGA-B9-A44B-01A,1.0,0.0,0.0,0.0,0.0
7,18635400,-,9,76684704,-,KIRP,1993,TCGA-B9-A44B-01A,TCGA-B9-A44B-01A,1.0,0.0,0.0,0.0,0.0
7,51048746,-,17,50459265,-,KIRP,1994,TCGA-B9-A44B-01A,TCGA-B9-A44B-01A,1.0,0.0,0.0,0.0,0.0
7,51048748,+,17,50459331,+,KIRP,1995,TCGA-B9-A44B-01A,TCGA-B9-A44B-01A,1.0,0.0,0.0,0.0,0.0
7,70307589,+,7,70319391,-,KIRP,1996,TCGA-B9-A44B-01A,TCGA-B9-A44B-01A,1.0,0.0,0.0,0.0,0.0
7,146264171,-,17,9996897,-,KIRP,1997,TCGA-B9-A44B-01A,TCGA-B9-A44B-01A,1.0,0.0,0.0,0.0,0.0
9,8212177,-,13,80143725,+,KIRP,1998,TCGA-B9-A44B-01A,TCGA-B9-A44B-01A,1.0,0.0,0.0,0.0,0.0
9,22712424,+,9,22727506,-,KIRP,1999,TCGA-B9-A44B-01A,TCGA-B9-A44B-01A,1.0,0.0,0.0,0.0,0.0
23,57787681,-,23,57908633,-,KIRP,2000,TCGA-B9-A44B-01A,TCGA-B9-A44B-01A,1.0,0.0,0.0,0.0,0.0
1,16486000,-,1,16632816,+,KIRP,2001,TCGA-B9-A5W9-01A,TCGA-B9-A5W9-01A,1.0,0.0,0.0,0.0,0.0
1,60590439,-,5,168478950,-,KIRP,2002,TCGA-B9-A5W9-01A,TCGA-B9-A5W9-01A,1.0,0.0,0.0,0.0,0.0
1,77433696,+,8,133313103,+,KIRP,2003,TCGA-B9-A5W9-01A,TCGA-B9-A5W9-01A,1.0,0.0,0.0,0.0,0.0
1,101497024,-,8,133312939,+,KIRP,2004,TCGA-B9-A5W9-01A,TCGA-B9-A5W9-01A,1.0,0.0,0.0,0.0,0.0
1,198506695,+,16,63619757,-,KIRP,2005,TCGA-B9-A5W9-01A,TCGA-B9-A5W9-01A,1.0,0.0,0.0,0.0,0.0
1,240879212,+,5,104750640,-,KIRP,2006,TCGA-B9-A5W9-01A,TCGA-B9-A5W9-01A,1.0,0.0,0.0,0.0,0.0
11,54394568,+,11,54396738,-,KIRP,2007,TCGA-B9-A5W9-01A,TCGA-B9-A5W9-01A,1.0,0.0,0.0,0.0,0.0
11,119372649,-,11,119377891,+,KIRP,2008,TCGA-B9-A5W9-01A,TCGA-B9-A5W9-01A,1.0,0.0,0.0,0.0,0.0
12,35633899,+,12,36580472,-,KIRP,2009,TCGA-B9-A5W9-01A,TCGA-B9-A5W9-01A,1.0,0.0,0.0,0.0,0.0
12,105300034,-,12,105314216,+,KIRP,2010,TCGA-B9-A5W9-01A,TCGA-B9-A5W9-01A,1.0,0.0,0.0,0.0,0.0
13,16114076,-,13,16145044,+,KIRP,2011,TCGA-B9-A5W9-01A,TCGA-B9-A5W9-01A,1.0,0.0,0.0,0.0,0.0
13,16918065,-,13,17396349,+,KIRP,2012,TCGA-B9-A5W9-01A,TCGA-B9-A5W9-01A,1.0,0.0,0.0,0.0,0.0
13,18745823,+,21,13850679,-,KIRP,2013,TCGA-B9-A5W9-01A,TCGA-B9-A5W9-01A,1.0,0.0,0.0,0.0,0.0
15,18361307,-,15,18405773,+,KIRP,2014,TCGA-B9-A5W9-01A,TCGA-B9-A5W9-01A,1.0,0.0,0.0,0.0,0.0
15,22573076,+,15,28202582,+,KIRP,2015,TCGA-B9-A5W9-01A,TCGA-B9-A5W9-01A,1.0,0.0,0.0,0.0,0.0
16,37611123,+,16,37792862,-,KIRP,2016,TCGA-B9-A5W9-01A,TCGA-B9-A5W9-01A,1.0,0.0,0.0,0.0,0.0
16,61445275,-,17,18651773,+,KIRP,2017,TCGA-B9-A5W9-01A,TCGA-B9-A5W9-01A,1.0,0.0,0.0,0.0,0.0
17,23627156,-,17,23627668,+,KIRP,2018,TCGA-B9-A5W9-01A,TCGA-B9-A5W9-01A,1.0,0.0,0.0,0.0,0.0
17,46098293,-,17,47084542,+,KIRP,2019,TCGA-B9-A5W9-01A,TCGA-B9-A5W9-01A,1.0,0.0,0.0,0.0,0.0
2,89669575,-,5,52668064,+,KIRP,2020,TCGA-B9-A5W9-01A,TCGA-B9-A5W9-01A,1.0,0.0,0.0,0.0,0.0
2,93375685,-,2,93671906,+,KIRP,2021,TCGA-B9-A5W9-01A,TCGA-B9-A5W9-01A,1.0,0.0,0.0,0.0,0.0
2,147245102,-,7,99549037,-,KIRP,2022,TCGA-B9-A5W9-01A,TCGA-B9-A5W9-01A,1.0,0.0,0.0,0.0,0.0
2,237952807,-,11,92435469,-,KIRP,2023,TCGA-B9-A5W9-01A,TCGA-B9-A5W9-01A,1.0,0.0,0.0,0.0,0.0
20,26364240,+,20,26369269,-,KIRP,2024,TCGA-B9-A5W9-01A,TCGA-B9-A5W9-01A,1.0,0.0,0.0,0.0,0.0
20,29266383,+,24,10227628,+,KIRP,2025,TCGA-B9-A5W9-01A,TCGA-B9-A5W9-01A,1.0,0.0,0.0,0.0,0.0
20,29720790,-,20,30148842,-,KIRP,2026,TCGA-B9-A5W9-01A,TCGA-B9-A5W9-01A,1.0,0.0,0.0,0.0,0.0
20,29921695,+,20,29951014,-,KIRP,2027,TCGA-B9-A5W9-01A,TCGA-B9-A5W9-01A,1.0,0.0,0.0,0.0,0.0
20,29946553,-,20,30018709,+,KIRP,2028,TCGA-B9-A5W9-01A,TCGA-B9-A5W9-01A,1.0,0.0,0.0,0.0,0.0
20,30027139,-,20,30031582,+,KIRP,2029,TCGA-B9-A5W9-01A,TCGA-B9-A5W9-01A,1.0,0.0,0.0,0.0,0.0
21,13566855,-,21,19601202,+,KIRP,2030,TCGA-B9-A5W9-01A,TCGA-B9-A5W9-01A,1.0,0.0,0.0,0.0,0.0
21,15057171,+,21,27870394,-,KIRP,2031,TCGA-B9-A5W9-01A,TCGA-B9-A5W9-01A,1.0,0.0,0.0,0.0,0.0
21,15082169,-,21,28425793,+,KIRP,2032,TCGA-B9-A5W9-01A,TCGA-B9-A5W9-01A,1.0,0.0,0.0,0.0,0.0
21,15532522,-,21,45980988,-,KIRP,2033,TCGA-B9-A5W9-01A,TCGA-B9-A5W9-01A,1.0,0.0,0.0,0.0,0.0
21,15854564,-,21,22391798,+,KIRP,2034,TCGA-B9-A5W9-01A,TCGA-B9-A5W9-01A,1.0,0.0,0.0,0.0,0.0
21,16234266,+,24,56879488,-,KIRP,2035,TCGA-B9-A5W9-01A,TCGA-B9-A5W9-01A,1.0,0.0,0.0,0.0,0.0
21,17035766,-,21,29841281,-,KIRP,2036,TCGA-B9-A5W9-01A,TCGA-B9-A5W9-01A,1.0,0.0,0.0,0.0,0.0
21,17509939,+,21,38341213,+,KIRP,2037,TCGA-B9-A5W9-01A,TCGA-B9-A5W9-01A,1.0,0.0,0.0,0.0,0.0
21,17773048,-,21,27199783,+,KIRP,2038,TCGA-B9-A5W9-01A,TCGA-B9-A5W9-01A,1.0,0.0,0.0,0.0,0.0
21,17919686,+,21,35201537,-,KIRP,2039,TCGA-B9-A5W9-01A,TCGA-B9-A5W9-01A,1.0,0.0,0.0,0.0,0.0
21,18439878,+,21,20124231,+,KIRP,2040,TCGA-B9-A5W9-01A,TCGA-B9-A5W9-01A,1.0,0.0,0.0,0.0,0.0
21,19725877,-,21,30204308,+,KIRP,2041,TCGA-B9-A5W9-01A,TCGA-B9-A5W9-01A,1.0,0.0,0.0,0.0,0.0
21,22414845,+,21,34046794,+,KIRP,2042,TCGA-B9-A5W9-01A,TCGA-B9-A5W9-01A,1.0,0.0,0.0,0.0,0.0
21,22742762,+,21,22743461,-,KIRP,2043,TCGA-B9-A5W9-01A,TCGA-B9-A5W9-01A,1.0,0.0,0.0,0.0,0.0
21,24913704,-,21,27076696,-,KIRP,2044,TCGA-B9-A5W9-01A,TCGA-B9-A5W9-01A,1.0,0.0,0.0,0.0,0.0
21,24918911,+,21,26844500,+,KIRP,2045,TCGA-B9-A5W9-01A,TCGA-B9-A5W9-01A,1.0,0.0,0.0,0.0,0.0
21,25791367,-,21,40833608,+,KIRP,2046,TCGA-B9-A5W9-01A,TCGA-B9-A5W9-01A,1.0,0.0,0.0,0.0,0.0
21,26215361,-,21,45676289,-,KIRP,2047,TCGA-B9-A5W9-01A,TCGA-B9-A5W9-01A,1.0,0.0,0.0,0.0,0.0
21,28061103,-,21,44072737,-,KIRP,2048,TCGA-B9-A5W9-01A,TCGA-B9-A5W9-01A,1.0,0.0,0.0,0.0,0.0
21,28181213,+,21,28427501,-,KIRP,2049,TCGA-B9-A5W9-01A,TCGA-B9-A5W9-01A,1.0,0.0,0.0,0.0,0.0
21,28271547,-,21,38958361,+,KIRP,2050,TCGA-B9-A5W9-01A,TCGA-B9-A5W9-01A,1.0,0.0,0.0,0.0,0.0
21,29615810,+,21,45673867,+,KIRP,2051,TCGA-B9-A5W9-01A,TCGA-B9-A5W9-01A,1.0,0.0,0.0,0.0,0.0
21,29616491,-,21,34275516,+,KIRP,2052,TCGA-B9-A5W9-01A,TCGA-B9-A5W9-01A,1.0,0.0,0.0,0.0,0.0
21,29838770,+,21,45284831,+,KIRP,2053,TCGA-B9-A5W9-01A,TCGA-B9-A5W9-01A,1.0,0.0,0.0,0.0,0.0
21,29892402,-,21,33766390,+,KIRP,2054,TCGA-B9-A5W9-01A,TCGA-B9-A5W9-01A,1.0,0.0,0.0,0.0,0.0
21,30341839,-,21,30350268,-,KIRP,2055,TCGA-B9-A5W9-01A,TCGA-B9-A5W9-01A,1.0,0.0,0.0,0.0,0.0
21,31360221,-,21,37295887,+,KIRP,2056,TCGA-B9-A5W9-01A,TCGA-B9-A5W9-01A,1.0,0.0,0.0,0.0,0.0
21,31779477,-,21,44821035,-,KIRP,2057,TCGA-B9-A5W9-01A,TCGA-B9-A5W9-01A,1.0,0.0,0.0,0.0,0.0
21,31916519,-,21,37430924,+,KIRP,2058,TCGA-B9-A5W9-01A,TCGA-B9-A5W9-01A,1.0,0.0,0.0,0.0,0.0
21,32425864,+,21,33434099,+,KIRP,2059,TCGA-B9-A5W9-01A,TCGA-B9-A5W9-01A,1.0,0.0,0.0,0.0,0.0
21,32696035,-,21,36670162,+,KIRP,2060,TCGA-B9-A5W9-01A,TCGA-B9-A5W9-01A,1.0,0.0,0.0,0.0,0.0
21,33077119,-,21,35510502,+,KIRP,2061,TCGA-B9-A5W9-01A,TCGA-B9-A5W9-01A,1.0,0.0,0.0,0.0,0.0
21,35050553,-,21,42536001,+,KIRP,2062,TCGA-B9-A5W9-01A,TCGA-B9-A5W9-01A,1.0,0.0,0.0,0.0,0.0
21,35299684,+,21,36827628,-,KIRP,2063,TCGA-B9-A5W9-01A,TCGA-B9-A5W9-01A,1.0,0.0,0.0,0.0,0.0
21,36433492,+,21,39678808,+,KIRP,2064,TCGA-B9-A5W9-01A,TCGA-B9-A5W9-01A,1.0,0.0,0.0,0.0,0.0
21,37297402,-,21,39534303,+,KIRP,2065,TCGA-B9-A5W9-01A,TCGA-B9-A5W9-01A,1.0,0.0,0.0,0.0,0.0
21,38639448,-,21,45140000,-,KIRP,2066,TCGA-B9-A5W9-01A,TCGA-B9-A5W9-01A,1.0,0.0,0.0,0.0,0.0
21,42472872,+,21,42477288,-,KIRP,2067,TCGA-B9-A5W9-01A,TCGA-B9-A5W9-01A,1.0,0.0,0.0,0.0,0.0
21,44851079,+,21,44851445,-,KIRP,2068,TCGA-B9-A5W9-01A,TCGA-B9-A5W9-01A,1.0,0.0,0.0,0.0,0.0
21,45285648,-,21,45501816,+,KIRP,2069,TCGA-B9-A5W9-01A,TCGA-B9-A5W9-01A,1.0,0.0,0.0,0.0,0.0
21,45952978,+,21,46145587,+,KIRP,2070,TCGA-B9-A5W9-01A,TCGA-B9-A5W9-01A,1.0,0.0,0.0,0.0,0.0
3,54321656,-,5,104750634,+,KIRP,2071,TCGA-B9-A5W9-01A,TCGA-B9-A5W9-01A,1.0,0.0,0.0,0.0,0.0
3,90864380,-,3,91169374,+,KIRP,2072,TCGA-B9-A5W9-01A,TCGA-B9-A5W9-01A,1.0,0.0,0.0,0.0,0.0
3,155814218,-,3,155945159,-,KIRP,2073,TCGA-B9-A5W9-01A,TCGA-B9-A5W9-01A,1.0,0.0,0.0,0.0,0.0
4,36906486,+,23,115544896,+,KIRP,2074,TCGA-B9-A5W9-01A,TCGA-B9-A5W9-01A,1.0,0.0,0.0,0.0,0.0
4,50189370,-,4,50993228,+,KIRP,2075,TCGA-B9-A5W9-01A,TCGA-B9-A5W9-01A,1.0,0.0,0.0,0.0,0.0
4,151697972,+,11,115400688,-,KIRP,2076,TCGA-B9-A5W9-01A,TCGA-B9-A5W9-01A,1.0,0.0,0.0,0.0,0.0
4,189352527,+,17,50510536,+,KIRP,2077,TCGA-B9-A5W9-01A,TCGA-B9-A5W9-01A,1.0,0.0,0.0,0.0,0.0
5,78536,+,21,26845881,-,KIRP,2078,TCGA-B9-A5W9-01A,TCGA-B9-A5W9-01A,1.0,0.0,0.0,0.0,0.0
5,79512,-,21,16396382,+,KIRP,2079,TCGA-B9-A5W9-01A,TCGA-B9-A5W9-01A,1.0,0.0,0.0,0.0,0.0
5,186559,+,21,28058981,+,KIRP,2080,TCGA-B9-A5W9-01A,TCGA-B9-A5W9-01A,1.0,0.0,0.0,0.0,0.0
5,187813,+,21,31776031,+,KIRP,2081,TCGA-B9-A5W9-01A,TCGA-B9-A5W9-01A,1.0,0.0,0.0,0.0,0.0
5,588062,-,5,2076634,-,KIRP,2082,TCGA-B9-A5W9-01A,TCGA-B9-A5W9-01A,1.0,0.0,0.0,0.0,0.0
5,611840,-,5,5387713,-,KIRP,2083,TCGA-B9-A5W9-01A,TCGA-B9-A5W9-01A,1.0,0.0,0.0,0.0,0.0
5,1120816,-,5,7888464,-,KIRP,2084,TCGA-B9-A5W9-01A,TCGA-B9-A5W9-01A,1.0,0.0,0.0,0.0,0.0
5,1340138,+,5,34016400,-,KIRP,2085,TCGA-B9-A5W9-01A,TCGA-B9-A5W9-01A,1.0,0.0,0.0,0.0,0.0
5,1340498,-,5,10754288,-,KIRP,2086,TCGA-B9-A5W9-01A,TCGA-B9-A5W9-01A,1.0,0.0,0.0,0.0,0.0
5,1394752,-,21,39538914,-,KIRP,2087,TCGA-B9-A5W9-01A,TCGA-B9-A5W9-01A,1.0,0.0,0.0,0.0,0.0
5,1594371,+,21,17922467,-,KIRP,2088,TCGA-B9-A5W9-01A,TCGA-B9-A5W9-01A,1.0,0.0,0.0,0.0,0.0
5,1594497,-,21,33436284,-,KIRP,2089,TCGA-B9-A5W9-01A,TCGA-B9-A5W9-01A,1.0,0.0,0.0,0.0,0.0
5,1866325,+,5,62513562,-,KIRP,2090,TCGA-B9-A5W9-01A,TCGA-B9-A5W9-01A,1.0,0.0,0.0,0.0,0.0
5,1963217,-,21,39666039,+,KIRP,2091,TCGA-B9-A5W9-01A,TCGA-B9-A5W9-01A,1.0,0.0,0.0,0.0,0.0
5,2075904,+,21,39667165,-,KIRP,2092,TCGA-B9-A5W9-01A,TCGA-B9-A5W9-01A,1.0,0.0,0.0,0.0,0.0
5,2166751,+,5,9792173,-,KIRP,2093,TCGA-B9-A5W9-01A,TCGA-B9-A5W9-01A,1.0,0.0,0.0,0.0,0.0
5,2256238,-,21,34549572,-,KIRP,2094,TCGA-B9-A5W9-01A,TCGA-B9-A5W9-01A,1.0,0.0,0.0,0.0,0.0
5,2700434,+,5,8071176,+,KIRP,2095,TCGA-B9-A5W9-01A,TCGA-B9-A5W9-01A,1.0,0.0,0.0,0.0,0.0
5,2701553,-,5,24145135,-,KIRP,2096,TCGA-B9-A5W9-01A,TCGA-B9-A5W9-01A,1.0,0.0,0.0,0.0,0.0
5,2917330,+,5,4157440,+,KIRP,2097,TCGA-B9-A5W9-01A,TCGA-B9-A5W9-01A,1.0,0.0,0.0,0.0,0.0
5,2917776,-,21,34301022,+,KIRP,2098,TCGA-B9-A5W9-01A,TCGA-B9-A5W9-01A,1.0,0.0,0.0,0.0,0.0
5,3563834,+,21,16971270,+,KIRP,2099,TCGA-B9-A5W9-01A,TCGA-B9-A5W9-01A,1.0,0.0,0.0,0.0,0.0
5,3564615,-,5,8158707,-,KIRP,2100,TCGA-B9-A5W9-01A,TCGA-B9-A5W9-01A,1.0,0.0,0.0,0.0,0.0
5,3737387,+,5,3737983,-,KIRP,2101,TCGA-B9-A5W9-01A,TCGA-B9-A5W9-01A,1.0,0.0,0.0,0.0,0.0
5,3785874,+,5,5613597,+,KIRP,2102,TCGA-B9-A5W9-01A,TCGA-B9-A5W9-01A,1.0,0.0,0.0,0.0,0.0
5,3787176,-,5,16048972,-,KIRP,2103,TCGA-B9-A5W9-01A,TCGA-B9-A5W9-01A,1.0,0.0,0.0,0.0,0.0
5,3808127,+,21,33968039,-,KIRP,2104,TCGA-B9-A5W9-01A,TCGA-B9-A5W9-01A,1.0,0.0,0.0,0.0,0.0
5,3811317,-,5,16455055,+,KIRP,2105,TCGA-B9-A5W9-01A,TCGA-B9-A5W9-01A,1.0,0.0,0.0,0.0,0.0
5,4831688,+,21,29889773,+,KIRP,2106,TCGA-B9-A5W9-01A,TCGA-B9-A5W9-01A,1.0,0.0,0.0,0.0,0.0
5,5067932,-,21,43345483,-,KIRP,2107,TCGA-B9-A5W9-01A,TCGA-B9-A5W9-01A,1.0,0.0,0.0,0.0,0.0
5,5103411,+,5,57128738,+,KIRP,2108,TCGA-B9-A5W9-01A,TCGA-B9-A5W9-01A,1.0,0.0,0.0,0.0,0.0
5,5109357,-,5,7887355,+,KIRP,2109,TCGA-B9-A5W9-01A,TCGA-B9-A5W9-01A,1.0,0.0,0.0,0.0,0.0
5,5317717,+,5,58083807,+,KIRP,2110,TCGA-B9-A5W9-01A,TCGA-B9-A5W9-01A,1.0,0.0,0.0,0.0,0.0
5,6529425,-,21,39911310,-,KIRP,2111,TCGA-B9-A5W9-01A,TCGA-B9-A5W9-01A,1.0,0.0,0.0,0.0,0.0
5,6551051,+,21,39564444,-,KIRP,2112,TCGA-B9-A5W9-01A,TCGA-B9-A5W9-01A,1.0,0.0,0.0,0.0,0.0
5,7042056,-,5,104712482,-,KIRP,2113,TCGA-B9-A5W9-01A,TCGA-B9-A5W9-01A,1.0,0.0,0.0,0.0,0.0
5,7485174,-,21,16197602,-,KIRP,2114,TCGA-B9-A5W9-01A,TCGA-B9-A5W9-01A,1.0,0.0,0.0,0.0,0.0
5,7758452,+,5,43704853,+,KIRP,2115,TCGA-B9-A5W9-01A,TCGA-B9-A5W9-01A,1.0,0.0,0.0,0.0,0.0
5,7882514,+,5,7885776,-,KIRP,2116,TCGA-B9-A5W9-01A,TCGA-B9-A5W9-01A,1.0,0.0,0.0,0.0,0.0
5,8034132,-,5,23565439,-,KIRP,2117,TCGA-B9-A5W9-01A,TCGA-B9-A5W9-01A,1.0,0.0,0.0,0.0,0.0
5,8052268,+,5,52868300,-,KIRP,2118,TCGA-B9-A5W9-01A,TCGA-B9-A5W9-01A,1.0,0.0,0.0,0.0,0.0
5,8054028,-,21,19712027,-,KIRP,2119,TCGA-B9-A5W9-01A,TCGA-B9-A5W9-01A,1.0,0.0,0.0,0.0,0.0
5,8076259,-,21,39911212,+,KIRP,2120,TCGA-B9-A5W9-01A,TCGA-B9-A5W9-01A,1.0,0.0,0.0,0.0,0.0
5,8091137,+,21,33073389,+,KIRP,2121,TCGA-B9-A5W9-01A,TCGA-B9-A5W9-01A,1.0,0.0,0.0,0.0,0.0
5,8194805,+,21,14060494,+,KIRP,2122,TCGA-B9-A5W9-01A,TCGA-B9-A5W9-01A,1.0,0.0,0.0,0.0,0.0
5,8195135,-,21,17044454,+,KIRP,2123,TCGA-B9-A5W9-01A,TCGA-B9-A5W9-01A,1.0,0.0,0.0,0.0,0.0
5,8335893,+,21,33699325,-,KIRP,2124,TCGA-B9-A5W9-01A,TCGA-B9-A5W9-01A,1.0,0.0,0.0,0.0,0.0
5,8884659,+,5,40314552,-,KIRP,2125,TCGA-B9-A5W9-01A,TCGA-B9-A5W9-01A,1.0,0.0,0.0,0.0,0.0
5,9144601,-,5,25640708,+,KIRP,2126,TCGA-B9-A5W9-01A,TCGA-B9-A5W9-01A,1.0,0.0,0.0,0.0,0.0
5,9355696,-,21,17047782,-,KIRP,2127,TCGA-B9-A5W9-01A,TCGA-B9-A5W9-01A,1.0,0.0,0.0,0.0,0.0
5,9390151,+,5,41590955,+,KIRP,2128,TCGA-B9-A5W9-01A,TCGA-B9-A5W9-01A,1.0,0.0,0.0,0.0,0.0
5,9432208,+,5,54329310,-,KIRP,2129,TCGA-B9-A5W9-01A,TCGA-B9-A5W9-01A,1.0,0.0,0.0,0.0,0.0
5,9571556,-,5,10830174,+,KIRP,2130,TCGA-B9-A5W9-01A,TCGA-B9-A5W9-01A,1.0,0.0,0.0,0.0,0.0
5,9791630,+,5,62003311,-,KIRP,2131,TCGA-B9-A5W9-01A,TCGA-B9-A5W9-01A,1.0,0.0,0.0,0.0,0.0
5,10113550,-,5,45307778,-,KIRP,2132,TCGA-B9-A5W9-01A,TCGA-B9-A5W9-01A,1.0,0.0,0.0,0.0,0.0
5,10234711,+,5,10622841,+,KIRP,2133,TCGA-B9-A5W9-01A,TCGA-B9-A5W9-01A,1.0,0.0,0.0,0.0,0.0
5,10321704,-,5,58527835,+,KIRP,2134,TCGA-B9-A5W9-01A,TCGA-B9-A5W9-01A,1.0,0.0,0.0,0.0,0.0
5,10333032,+,5,11959696,-,KIRP,2135,TCGA-B9-A5W9-01A,TCGA-B9-A5W9-01A,1.0,0.0,0.0,0.0,0.0
5,10457896,+,5,55612154,-,KIRP,2136,TCGA-B9-A5W9-01A,TCGA-B9-A5W9-01A,1.0,0.0,0.0,0.0,0.0
5,10459336,-,5,56302883,+,KIRP,2137,TCGA-B9-A5W9-01A,TCGA-B9-A5W9-01A,1.0,0.0,0.0,0.0,0.0
5,10604903,+,5,37058237,-,KIRP,2138,TCGA-B9-A5W9-01A,TCGA-B9-A5W9-01A,1.0,0.0,0.0,0.0,0.0
5,10607939,-,5,55061522,+,KIRP,2139,TCGA-B9-A5W9-01A,TCGA-B9-A5W9-01A,1.0,0.0,0.0,0.0,0.0
5,10627522,-,21,42865174,+,KIRP,2140,TCGA-B9-A5W9-01A,TCGA-B9-A5W9-01A,1.0,0.0,0.0,0.0,0.0
5,10751286,+,21,39892132,-,KIRP,2141,TCGA-B9-A5W9-01A,TCGA-B9-A5W9-01A,1.0,0.0,0.0,0.0,0.0
5,10781137,-,5,43044774,-,KIRP,2142,TCGA-B9-A5W9-01A,TCGA-B9-A5W9-01A,1.0,0.0,0.0,0.0,0.0
5,10836568,-,21,34710530,+,KIRP,2143,TCGA-B9-A5W9-01A,TCGA-B9-A5W9-01A,1.0,0.0,0.0,0.0,0.0
5,10913958,+,5,12252267,-,KIRP,2144,TCGA-B9-A5W9-01A,TCGA-B9-A5W9-01A,1.0,0.0,0.0,0.0,0.0
5,11042939,-,5,29974003,-,KIRP,2145,TCGA-B9-A5W9-01A,TCGA-B9-A5W9-01A,1.0,0.0,0.0,0.0,0.0
5,11467133,+,5,64279364,+,KIRP,2146,TCGA-B9-A5W9-01A,TCGA-B9-A5W9-01A,1.0,0.0,0.0,0.0,0.0
5,11469538,-,5,37417257,-,KIRP,2147,TCGA-B9-A5W9-01A,TCGA-B9-A5W9-01A,1.0,0.0,0.0,0.0,0.0
5,11522100,+,5,29127183,+,KIRP,2148,TCGA-B9-A5W9-01A,TCGA-B9-A5W9-01A,1.0,0.0,0.0,0.0,0.0
5,11784091,+,21,31890295,+,KIRP,2149,TCGA-B9-A5W9-01A,TCGA-B9-A5W9-01A,1.0,0.0,0.0,0.0,0.0
5,12123292,+,21,35864076,-,KIRP,2150,TCGA-B9-A5W9-01A,TCGA-B9-A5W9-01A,1.0,0.0,0.0,0.0,0.0
5,12126480,-,21,22517526,-,KIRP,2151,TCGA-B9-A5W9-01A,TCGA-B9-A5W9-01A,1.0,0.0,0.0,0.0,0.0
5,12263138,+,5,55062171,-,KIRP,2152,TCGA-B9-A5W9-01A,TCGA-B9-A5W9-01A,1.0,0.0,0.0,0.0,0.0
5,12263712,-,21,31773455,-,KIRP,2153,TCGA-B9-A5W9-01A,TCGA-B9-A5W9-01A,1.0,0.0,0.0,0.0,0.0
5,12462410,+,5,57811089,+,KIRP,2154,TCGA-B9-A5W9-01A,TCGA-B9-A5W9-01A,1.0,0.0,0.0,0.0,0.0
5,12613062,-,5,19266836,-,KIRP,2155,TCGA-B9-A5W9-01A,TCGA-B9-A5W9-01A,1.0,0.0,0.0,0.0,0.0
5,12732962,+,5,19028594,+,KIRP,2156,TCGA-B9-A5W9-01A,TCGA-B9-A5W9-01A,1.0,0.0,0.0,0.0,0.0
5,12735566,-,5,27561765,-,KIRP,2157,TCGA-B9-A5W9-01A,TCGA-B9-A5W9-01A,1.0,0.0,0.0,0.0,0.0
5,13087792,+,5,27712478,-,KIRP,2158,TCGA-B9-A5W9-01A,TCGA-B9-A5W9-01A,1.0,0.0,0.0,0.0,0.0
5,13089081,-,5,32287950,+,KIRP,2159,TCGA-B9-A5W9-01A,TCGA-B9-A5W9-01A,1.0,0.0,0.0,0.0,0.0
5,13217276,+,5,36059631,+,KIRP,2160,TCGA-B9-A5W9-01A,TCGA-B9-A5W9-01A,1.0,0.0,0.0,0.0,0.0
5,13936558,+,5,14403235,-,KIRP,2161,TCGA-B9-A5W9-01A,TCGA-B9-A5W9-01A,1.0,0.0,0.0,0.0,0.0
5,13936699,-,21,15850952,+,KIRP,2162,TCGA-B9-A5W9-01A,TCGA-B9-A5W9-01A,1.0,0.0,0.0,0.0,0.0
5,14102209,+,5,41212452,-,KIRP,2163,TCGA-B9-A5W9-01A,TCGA-B9-A5W9-01A,1.0,0.0,0.0,0.0,0.0
5,14105289,-,21,29749218,+,KIRP,2164,TCGA-B9-A5W9-01A,TCGA-B9-A5W9-01A,1.0,0.0,0.0,0.0,0.0
5,14168088,+,5,57544596,+,KIRP,2165,TCGA-B9-A5W9-01A,TCGA-B9-A5W9-01A,1.0,0.0,0.0,0.0,0.0
5,14221600,-,5,44613598,+,KIRP,2166,TCGA-B9-A5W9-01A,TCGA-B9-A5W9-01A,1.0,0.0,0.0,0.0,0.0
5,14768991,-,5,20391694,-,KIRP,2167,TCGA-B9-A5W9-01A,TCGA-B9-A5W9-01A,1.0,0.0,0.0,0.0,0.0
5,15129310,+,5,26892871,-,KIRP,2168,TCGA-B9-A5W9-01A,TCGA-B9-A5W9-01A,1.0,0.0,0.0,0.0,0.0
5,15129913,-,21,29580092,+,KIRP,2169,TCGA-B9-A5W9-01A,TCGA-B9-A5W9-01A,1.0,0.0,0.0,0.0,0.0
5,15375099,+,5,55489648,+,KIRP,2170,TCGA-B9-A5W9-01A,TCGA-B9-A5W9-01A,1.0,0.0,0.0,0.0,0.0
5,15480993,+,21,9535762,-,KIRP,2171,TCGA-B9-A5W9-01A,TCGA-B9-A5W9-01A,1.0,0.0,0.0,0.0,0.0
5,17991853,+,5,30941967,-,KIRP,2172,TCGA-B9-A5W9-01A,TCGA-B9-A5W9-01A,1.0,0.0,0.0,0.0,0.0
5,18399406,-,21,24430781,+,KIRP,2173,TCGA-B9-A5W9-01A,TCGA-B9-A5W9-01A,1.0,0.0,0.0,0.0,0.0
5,19031632,-,21,22859090,+,KIRP,2174,TCGA-B9-A5W9-01A,TCGA-B9-A5W9-01A,1.0,0.0,0.0,0.0,0.0
5,19258205,+,21,27880153,+,KIRP,2175,TCGA-B9-A5W9-01A,TCGA-B9-A5W9-01A,1.0,0.0,0.0,0.0,0.0
5,20146496,+,5,27685699,+,KIRP,2176,TCGA-B9-A5W9-01A,TCGA-B9-A5W9-01A,1.0,0.0,0.0,0.0,0.0
5,20416869,+,5,39575380,+,KIRP,2177,TCGA-B9-A5W9-01A,TCGA-B9-A5W9-01A,1.0,0.0,0.0,0.0,0.0
5,21199028,-,24,56877680,+,KIRP,2178,TCGA-B9-A5W9-01A,TCGA-B9-A5W9-01A,1.0,0.0,0.0,0.0,0.0
5,21236417,+,5,50550235,-,KIRP,2179,TCGA-B9-A5W9-01A,TCGA-B9-A5W9-01A,1.0,0.0,0.0,0.0,0.0
5,21410581,-,21,31242369,-,KIRP,2180,TCGA-B9-A5W9-01A,TCGA-B9-A5W9-01A,1.0,0.0,0.0,0.0,0.0
5,21633505,-,21,13429877,-,KIRP,2181,TCGA-B9-A5W9-01A,TCGA-B9-A5W9-01A,1.0,0.0,0.0,0.0,0.0
5,21763433,+,5,22364212,+,KIRP,2182,TCGA-B9-A5W9-01A,TCGA-B9-A5W9-01A,1.0,0.0,0.0,0.0,0.0
5,21793753,-,5,25685725,+,KIRP,2183,TCGA-B9-A5W9-01A,TCGA-B9-A5W9-01A,1.0,0.0,0.0,0.0,0.0
5,22142172,+,21,24395529,-,KIRP,2184,TCGA-B9-A5W9-01A,TCGA-B9-A5W9-01A,1.0,0.0,0.0,0.0,0.0
5,22195358,-,21,25577218,-,KIRP,2185,TCGA-B9-A5W9-01A,TCGA-B9-A5W9-01A,1.0,0.0,0.0,0.0,0.0
5,22819966,+,5,57055596,-,KIRP,2186,TCGA-B9-A5W9-01A,TCGA-B9-A5W9-01A,1.0,0.0,0.0,0.0,0.0
5,23141803,-,21,30321350,-,KIRP,2187,TCGA-B9-A5W9-01A,TCGA-B9-A5W9-01A,1.0,0.0,0.0,0.0,0.0
5,23562919,+,5,52016020,-,KIRP,2188,TCGA-B9-A5W9-01A,TCGA-B9-A5W9-01A,1.0,0.0,0.0,0.0,0.0
5,24613505,-,5,30927589,+,KIRP,2189,TCGA-B9-A5W9-01A,TCGA-B9-A5W9-01A,1.0,0.0,0.0,0.0,0.0
5,24738506,+,21,33181166,+,KIRP,2190,TCGA-B9-A5W9-01A,TCGA-B9-A5W9-01A,1.0,0.0,0.0,0.0,0.0
5,24742368,-,5,38166701,+,KIRP,2191,TCGA-B9-A5W9-01A,TCGA-B9-A5W9-01A,1.0,0.0,0.0,0.0,0.0
5,24901591,+,5,65921104,-,KIRP,2192,TCGA-B9-A5W9-01A,TCGA-B9-A5W9-01A,1.0,0.0,0.0,0.0,0.0
5,24903044,+,21,29582628,-,KIRP,2193,TCGA-B9-A5W9-01A,TCGA-B9-A5W9-01A,1.0,0.0,0.0,0.0,0.0
5,24904150,-,21,41467570,+,KIRP,2194,TCGA-B9-A5W9-01A,TCGA-B9-A5W9-01A,1.0,0.0,0.0,0.0,0.0
5,24907214,-,21,15061254,-,KIRP,2195,TCGA-B9-A5W9-01A,TCGA-B9-A5W9-01A,1.0,0.0,0.0,0.0,0.0
5,25497038,-,21,21643201,+,KIRP,2196,TCGA-B9-A5W9-01A,TCGA-B9-A5W9-01A,1.0,0.0,0.0,0.0,0.0
5,25698646,-,21,27205720,-,KIRP,2197,TCGA-B9-A5W9-01A,TCGA-B9-A5W9-01A,1.0,0.0,0.0,0.0,0.0
5,25849614,-,5,37671849,-,KIRP,2198,TCGA-B9-A5W9-01A,TCGA-B9-A5W9-01A,1.0,0.0,0.0,0.0,0.0
5,25888544,+,21,22396215,-,KIRP,2199,TCGA-B9-A5W9-01A,TCGA-B9-A5W9-01A,1.0,0.0,0.0,0.0,0.0
5,26218439,+,21,21334848,+,KIRP,2200,TCGA-B9-A5W9-01A,TCGA-B9-A5W9-01A,1.0,0.0,0.0,0.0,0.0
5,26304237,-,5,33312166,-,KIRP,2201,TCGA-B9-A5W9-01A,TCGA-B9-A5W9-01A,1.0,0.0,0.0,0.0,0.0
5,26688982,-,5,32291445,-,KIRP,2202,TCGA-B9-A5W9-01A,TCGA-B9-A5W9-01A,1.0,0.0,0.0,0.0,0.0
5,26762519,+,5,41418949,+,KIRP,2203,TCGA-B9-A5W9-01A,TCGA-B9-A5W9-01A,1.0,0.0,0.0,0.0,0.0
5,27256687,+,5,36561518,+,KIRP,2204,TCGA-B9-A5W9-01A,TCGA-B9-A5W9-01A,1.0,0.0,0.0,0.0,0.0
5,27337088,-,21,28538170,+,KIRP,2205,TCGA-B9-A5W9-01A,TCGA-B9-A5W9-01A,1.0,0.0,0.0,0.0,0.0
5,27370683,-,21,27883115,-,KIRP,2206,TCGA-B9-A5W9-01A,TCGA-B9-A5W9-01A,1.0,0.0,0.0,0.0,0.0
5,27555167,+,5,56308288,-,KIRP,2207,TCGA-B9-A5W9-01A,TCGA-B9-A5W9-01A,1.0,0.0,0.0,0.0,0.0
5,28870279,+,5,51478382,+,KIRP,2208,TCGA-B9-A5W9-01A,TCGA-B9-A5W9-01A,1.0,0.0,0.0,0.0,0.0
5,29079231,+,5,58090167,-,KIRP,2209,TCGA-B9-A5W9-01A,TCGA-B9-A5W9-01A,1.0,0.0,0.0,0.0,0.0
5,29081396,-,21,31760034,-,KIRP,2210,TCGA-B9-A5W9-01A,TCGA-B9-A5W9-01A,1.0,0.0,0.0,0.0,0.0
5,29129395,-,21,31896961,-,KIRP,2211,TCGA-B9-A5W9-01A,TCGA-B9-A5W9-01A,1.0,0.0,0.0,0.0,0.0
5,29972967,+,5,62273278,+,KIRP,2212,TCGA-B9-A5W9-01A,TCGA-B9-A5W9-01A,1.0,0.0,0.0,0.0,0.0
5,30001469,+,5,61427632,-,KIRP,2213,TCGA-B9-A5W9-01A,TCGA-B9-A5W9-01A,1.0,0.0,0.0,0.0,0.0
5,30701496,-,21,25788875,+,KIRP,2214,TCGA-B9-A5W9-01A,TCGA-B9-A5W9-01A,1.0,0.0,0.0,0.0,0.0
5,30858606,-,21,15079457,+,KIRP,2215,TCGA-B9-A5W9-01A,TCGA-B9-A5W9-01A,1.0,0.0,0.0,0.0,0.0
5,31024418,+,21,31771671,+,KIRP,2216,TCGA-B9-A5W9-01A,TCGA-B9-A5W9-01A,1.0,0.0,0.0,0.0,0.0
5,31809458,+,5,34003433,+,KIRP,2217,TCGA-B9-A5W9-01A,TCGA-B9-A5W9-01A,1.0,0.0,0.0,0.0,0.0
5,32233416,-,21,16974353,-,KIRP,2218,TCGA-B9-A5W9-01A,TCGA-B9-A5W9-01A,1.0,0.0,0.0,0.0,0.0
5,32708532,+,21,14062354,-,KIRP,2219,TCGA-B9-A5W9-01A,TCGA-B9-A5W9-01A,1.0,0.0,0.0,0.0,0.0
5,32833051,-,21,42124432,-,KIRP,2220,TCGA-B9-A5W9-01A,TCGA-B9-A5W9-01A,1.0,0.0,0.0,0.0,0.0
5,33871492,+,5,36108197,-,KIRP,2221,TCGA-B9-A5W9-01A,TCGA-B9-A5W9-01A,1.0,0.0,0.0,0.0,0.0
5,33872527,-,5,44129317,-,KIRP,2222,TCGA-B9-A5W9-01A,TCGA-B9-A5W9-01A,1.0,0.0,0.0,0.0,0.0
5,33885722,-,21,34355857,-,KIRP,2223,TCGA-B9-A5W9-01A,TCGA-B9-A5W9-01A,1.0,0.0,0.0,0.0,0.0
5,34011755,+,5,66365298,+,KIRP,2224,TCGA-B9-A5W9-01A,TCGA-B9-A5W9-01A,1.0,0.0,0.0,0.0,0.0
5,34043772,-,21,33268801,+,KIRP,2225,TCGA-B9-A5W9-01A,TCGA-B9-A5W9-01A,1.0,0.0,0.0,0.0,0.0
5,34155524,-,5,51882898,+,KIRP,2226,TCGA-B9-A5W9-01A,TCGA-B9-A5W9-01A,1.0,0.0,0.0,0.0,0.0
5,34443099,+,5,36559439,-,KIRP,2227,TCGA-B9-A5W9-01A,TCGA-B9-A5W9-01A,1.0,0.0,0.0,0.0,0.0
5,34447485,-,21,34277830,-,KIRP,2228,TCGA-B9-A5W9-01A,TCGA-B9-A5W9-01A,1.0,0.0,0.0,0.0,0.0
5,34570018,+,21,19725717,+,KIRP,2229,TCGA-B9-A5W9-01A,TCGA-B9-A5W9-01A,1.0,0.0,0.0,0.0,0.0
5,34571335,-,5,39697380,-,KIRP,2230,TCGA-B9-A5W9-01A,TCGA-B9-A5W9-01A,1.0,0.0,0.0,0.0,0.0
5,34585687,+,5,62582592,+,KIRP,2231,TCGA-B9-A5W9-01A,TCGA-B9-A5W9-01A,1.0,0.0,0.0,0.0,0.0
5,35064870,+,21,26259462,+,KIRP,2232,TCGA-B9-A5W9-01A,TCGA-B9-A5W9-01A,1.0,0.0,0.0,0.0,0.0
5,36593767,+,5,38721577,-,KIRP,2233,TCGA-B9-A5W9-01A,TCGA-B9-A5W9-01A,1.0,0.0,0.0,0.0,0.0
5,36596030,-,21,17033336,+,KIRP,2234,TCGA-B9-A5W9-01A,TCGA-B9-A5W9-01A,1.0,0.0,0.0,0.0,0.0
5,36929626,+,5,37022866,-,KIRP,2235,TCGA-B9-A5W9-01A,TCGA-B9-A5W9-01A,1.0,0.0,0.0,0.0,0.0
5,37168545,+,5,38585811,+,KIRP,2236,TCGA-B9-A5W9-01A,TCGA-B9-A5W9-01A,1.0,0.0,0.0,0.0,0.0
5,37174601,-,21,28264870,+,KIRP,2237,TCGA-B9-A5W9-01A,TCGA-B9-A5W9-01A,1.0,0.0,0.0,0.0,0.0
5,37247089,+,21,18442402,-,KIRP,2238,TCGA-B9-A5W9-01A,TCGA-B9-A5W9-01A,1.0,0.0,0.0,0.0,0.0
5,37249484,-,5,43224223,+,KIRP,2239,TCGA-B9-A5W9-01A,TCGA-B9-A5W9-01A,1.0,0.0,0.0,0.0,0.0
5,37416754,+,21,9955997,+,KIRP,2240,TCGA-B9-A5W9-01A,TCGA-B9-A5W9-01A,1.0,0.0,0.0,0.0,0.0
5,37469498,+,21,31197829,+,KIRP,2241,TCGA-B9-A5W9-01A,TCGA-B9-A5W9-01A,1.0,0.0,0.0,0.0,0.0
5,37476833,-,5,52685856,-,KIRP,2242,TCGA-B9-A5W9-01A,TCGA-B9-A5W9-01A,1.0,0.0,0.0,0.0,0.0
5,37668679,+,5,39114994,-,KIRP,2243,TCGA-B9-A5W9-01A,TCGA-B9-A5W9-01A,1.0,0.0,0.0,0.0,0.0
5,38167631,-,21,29101865,-,KIRP,2244,TCGA-B9-A5W9-01A,TCGA-B9-A5W9-01A,1.0,0.0,0.0,0.0,0.0
5,38257695,+,5,55360087,+,KIRP,2245,TCGA-B9-A5W9-01A,TCGA-B9-A5W9-01A,1.0,0.0,0.0,0.0,0.0
5,38587612,-,21,21356973,-,KIRP,2246,TCGA-B9-A5W9-01A,TCGA-B9-A5W9-01A,1.0,0.0,0.0,0.0,0.0
5,39114975,+,21,43965001,-,KIRP,2247,TCGA-B9-A5W9-01A,TCGA-B9-A5W9-01A,1.0,0.0,0.0,0.0,0.0
5,39443529,+,21,44071350,+,KIRP,2248,TCGA-B9-A5W9-01A,TCGA-B9-A5W9-01A,1.0,0.0,0.0,0.0,0.0
5,39444943,-,21,16191727,+,KIRP,2249,TCGA-B9-A5W9-01A,TCGA-B9-A5W9-01A,1.0,0.0,0.0,0.0,0.0
5,39500682,+,21,38355182,+,KIRP,2250,TCGA-B9-A5W9-01A,TCGA-B9-A5W9-01A,1.0,0.0,0.0,0.0,0.0
5,39501661,-,21,15289669,+,KIRP,2251,TCGA-B9-A5W9-01A,TCGA-B9-A5W9-01A,1.0,0.0,0.0,0.0,0.0
5,39633374,+,5,50690098,-,KIRP,2252,TCGA-B9-A5W9-01A,TCGA-B9-A5W9-01A,1.0,0.0,0.0,0.0,0.0
5,40307381,+,5,55304958,+,KIRP,2253,TCGA-B9-A5W9-01A,TCGA-B9-A5W9-01A,1.0,0.0,0.0,0.0,0.0
5,40756037,+,21,21754931,-,KIRP,2254,TCGA-B9-A5W9-01A,TCGA-B9-A5W9-01A,1.0,0.0,0.0,0.0,0.0
5,40910649,-,21,32342436,+,KIRP,2255,TCGA-B9-A5W9-01A,TCGA-B9-A5W9-01A,1.0,0.0,0.0,0.0,0.0
5,41209572,+,21,26025253,+,KIRP,2256,TCGA-B9-A5W9-01A,TCGA-B9-A5W9-01A,1.0,0.0,0.0,0.0,0.0
5,41364609,-,5,41370379,-,KIRP,2257,TCGA-B9-A5W9-01A,TCGA-B9-A5W9-01A,1.0,0.0,0.0,0.0,0.0
5,41370758,+,21,30352452,+,KIRP,2258,TCGA-B9-A5W9-01A,TCGA-B9-A5W9-01A,1.0,0.0,0.0,0.0,0.0
5,41419295,-,5,43044112,+,KIRP,2259,TCGA-B9-A5W9-01A,TCGA-B9-A5W9-01A,1.0,0.0,0.0,0.0,0.0
5,41433983,+,5,44603136,+,KIRP,2260,TCGA-B9-A5W9-01A,TCGA-B9-A5W9-01A,1.0,0.0,0.0,0.0,0.0
5,41955975,+,5,57490903,-,KIRP,2261,TCGA-B9-A5W9-01A,TCGA-B9-A5W9-01A,1.0,0.0,0.0,0.0,0.0
5,42850006,-,21,16780130,-,KIRP,2262,TCGA-B9-A5W9-01A,TCGA-B9-A5W9-01A,1.0,0.0,0.0,0.0,0.0
5,43147105,-,21,40088936,+,KIRP,2263,TCGA-B9-A5W9-01A,TCGA-B9-A5W9-01A,1.0,0.0,0.0,0.0,0.0
5,43540090,+,5,51813924,-,KIRP,2264,TCGA-B9-A5W9-01A,TCGA-B9-A5W9-01A,1.0,0.0,0.0,0.0,0.0
5,44206060,-,21,34183521,-,KIRP,2265,TCGA-B9-A5W9-01A,TCGA-B9-A5W9-01A,1.0,0.0,0.0,0.0,0.0
5,44889049,-,21,30494696,+,KIRP,2266,TCGA-B9-A5W9-01A,TCGA-B9-A5W9-01A,1.0,0.0,0.0,0.0,0.0
5,45466422,+,21,25733824,-,KIRP,2267,TCGA-B9-A5W9-01A,TCGA-B9-A5W9-01A,1.0,0.0,0.0,0.0,0.0
5,49976633,-,5,50038553,+,KIRP,2268,TCGA-B9-A5W9-01A,TCGA-B9-A5W9-01A,1.0,0.0,0.0,0.0,0.0
5,49982547,-,5,50051367,+,KIRP,2269,TCGA-B9-A5W9-01A,TCGA-B9-A5W9-01A,1.0,0.0,0.0,0.0,0.0
5,50030755,+,5,50050667,-,KIRP,2270,TCGA-B9-A5W9-01A,TCGA-B9-A5W9-01A,1.0,0.0,0.0,0.0,0.0
5,50161713,+,5,59024259,+,KIRP,2271,TCGA-B9-A5W9-01A,TCGA-B9-A5W9-01A,1.0,0.0,0.0,0.0,0.0
5,52013676,+,21,28442843,-,KIRP,2272,TCGA-B9-A5W9-01A,TCGA-B9-A5W9-01A,1.0,0.0,0.0,0.0,0.0
5,52668064,+,24,11382146,+,KIRP,2273,TCGA-B9-A5W9-01A,TCGA-B9-A5W9-01A,1.0,0.0,0.0,0.0,0.0
5,52767613,+,21,18992680,-,KIRP,2274,TCGA-B9-A5W9-01A,TCGA-B9-A5W9-01A,1.0,0.0,0.0,0.0,0.0
5,53018707,+,5,64283283,-,KIRP,2275,TCGA-B9-A5W9-01A,TCGA-B9-A5W9-01A,1.0,0.0,0.0,0.0,0.0
5,53478609,-,5,61428882,+,KIRP,2276,TCGA-B9-A5W9-01A,TCGA-B9-A5W9-01A,1.0,0.0,0.0,0.0,0.0
5,54929017,-,5,104544915,-,KIRP,2277,TCGA-B9-A5W9-01A,TCGA-B9-A5W9-01A,1.0,0.0,0.0,0.0,0.0
5,55306832,-,21,16361842,-,KIRP,2278,TCGA-B9-A5W9-01A,TCGA-B9-A5W9-01A,1.0,0.0,0.0,0.0,0.0
5,57031110,+,23,4121789,-,KIRP,2279,TCGA-B9-A5W9-01A,TCGA-B9-A5W9-01A,1.0,0.0,0.0,0.0,0.0
5,57068342,-,21,27072806,+,KIRP,2280,TCGA-B9-A5W9-01A,TCGA-B9-A5W9-01A,1.0,0.0,0.0,0.0,0.0
5,57224713,+,21,28619675,-,KIRP,2281,TCGA-B9-A5W9-01A,TCGA-B9-A5W9-01A,1.0,0.0,0.0,0.0,0.0
5,57228697,-,5,59199870,+,KIRP,2282,TCGA-B9-A5W9-01A,TCGA-B9-A5W9-01A,1.0,0.0,0.0,0.0,0.0
5,57898677,-,21,37892646,-,KIRP,2283,TCGA-B9-A5W9-01A,TCGA-B9-A5W9-01A,1.0,0.0,0.0,0.0,0.0
5,58467321,-,21,13562957,+,KIRP,2284,TCGA-B9-A5W9-01A,TCGA-B9-A5W9-01A,1.0,0.0,0.0,0.0,0.0
5,58890848,-,21,39298149,+,KIRP,2285,TCGA-B9-A5W9-01A,TCGA-B9-A5W9-01A,1.0,0.0,0.0,0.0,0.0
5,59024327,-,5,59518057,-,KIRP,2286,TCGA-B9-A5W9-01A,TCGA-B9-A5W9-01A,1.0,0.0,0.0,0.0,0.0
5,59098011,+,21,33966327,+,KIRP,2287,TCGA-B9-A5W9-01A,TCGA-B9-A5W9-01A,1.0,0.0,0.0,0.0,0.0
5,59569689,+,21,28438635,+,KIRP,2288,TCGA-B9-A5W9-01A,TCGA-B9-A5W9-01A,1.0,0.0,0.0,0.0,0.0
5,59575859,-,21,41563749,+,KIRP,2289,TCGA-B9-A5W9-01A,TCGA-B9-A5W9-01A,1.0,0.0,0.0,0.0,0.0
5,59836156,+,5,64797760,+,KIRP,2290,TCGA-B9-A5W9-01A,TCGA-B9-A5W9-01A,1.0,0.0,0.0,0.0,0.0
5,62275506,-,21,39302128,-,KIRP,2291,TCGA-B9-A5W9-01A,TCGA-B9-A5W9-01A,1.0,0.0,0.0,0.0,0.0
5,62509444,+,21,28334928,-,KIRP,2292,TCGA-B9-A5W9-01A,TCGA-B9-A5W9-01A,1.0,0.0,0.0,0.0,0.0
5,62585222,-,5,64240488,+,KIRP,2293,TCGA-B9-A5W9-01A,TCGA-B9-A5W9-01A,1.0,0.0,0.0,0.0,0.0
5,63363444,-,21,22365320,-,KIRP,2294,TCGA-B9-A5W9-01A,TCGA-B9-A5W9-01A,1.0,0.0,0.0,0.0,0.0
5,80301291,+,23,124129029,+,KIRP,2295,TCGA-B9-A5W9-01A,TCGA-B9-A5W9-01A,1.0,0.0,0.0,0.0,0.0
6,38423788,+,6,38436724,-,KIRP,2296,TCGA-B9-A5W9-01A,TCGA-B9-A5W9-01A,1.0,0.0,0.0,0.0,0.0
7,4497473,-,7,9622010,+,KIRP,2297,TCGA-B9-A5W9-01A,TCGA-B9-A5W9-01A,1.0,0.0,0.0,0.0,0.0
8,1362372,+,8,31258967,+,KIRP,2298,TCGA-B9-A5W9-01A,TCGA-B9-A5W9-01A,1.0,0.0,0.0,0.0,0.0
8,78202940,+,12,97972685,-,KIRP,2299,TCGA-B9-A5W9-01A,TCGA-B9-A5W9-01A,1.0,0.0,0.0,0.0,0.0
8,128209369,+,12,85337056,+,KIRP,2300,TCGA-B9-A5W9-01A,TCGA-B9-A5W9-01A,1.0,0.0,0.0,0.0,0.0
9,40552001,-,21,12982099,-,KIRP,2301,TCGA-B9-A5W9-01A,TCGA-B9-A5W9-01A,1.0,0.0,0.0,0.0,0.0
1,232733555,-,8,108319033,+,KIRP,2302,TCGA-B9-A69E-01A,TCGA-B9-A69E-01A,1.0,0.0,0.0,0.0,0.0
11,51167666,-,11,51839795,+,KIRP,2303,TCGA-B9-A69E-01A,TCGA-B9-A69E-01A,1.0,0.0,0.0,0.0,0.0
11,98581822,-,11,98595852,+,KIRP,2304,TCGA-B9-A69E-01A,TCGA-B9-A69E-01A,1.0,0.0,0.0,0.0,0.0
13,89932943,-,15,28851061,+,KIRP,2305,TCGA-B9-A69E-01A,TCGA-B9-A69E-01A,1.0,0.0,0.0,0.0,0.0
18,15472109,-,18,15610539,+,KIRP,2306,TCGA-B9-A69E-01A,TCGA-B9-A69E-01A,1.0,0.0,0.0,0.0,0.0
18,15624650,+,18,15679025,-,KIRP,2307,TCGA-B9-A69E-01A,TCGA-B9-A69E-01A,1.0,0.0,0.0,0.0,0.0
19,16063657,-,24,6480131,+,KIRP,2308,TCGA-B9-A69E-01A,TCGA-B9-A69E-01A,1.0,0.0,0.0,0.0,0.0
2,86931552,-,2,87971510,-,KIRP,2309,TCGA-B9-A69E-01A,TCGA-B9-A69E-01A,1.0,0.0,0.0,0.0,0.0
2,115631388,-,2,207275741,+,KIRP,2310,TCGA-B9-A69E-01A,TCGA-B9-A69E-01A,1.0,0.0,0.0,0.0,0.0
2,115740051,+,2,117179792,-,KIRP,2311,TCGA-B9-A69E-01A,TCGA-B9-A69E-01A,1.0,0.0,0.0,0.0,0.0
2,115749329,-,2,195584882,-,KIRP,2312,TCGA-B9-A69E-01A,TCGA-B9-A69E-01A,1.0,0.0,0.0,0.0,0.0
2,116003374,+,2,119335830,-,KIRP,2313,TCGA-B9-A69E-01A,TCGA-B9-A69E-01A,1.0,0.0,0.0,0.0,0.0
2,116480106,-,2,140227110,+,KIRP,2314,TCGA-B9-A69E-01A,TCGA-B9-A69E-01A,1.0,0.0,0.0,0.0,0.0
2,116480886,+,2,195436876,-,KIRP,2315,TCGA-B9-A69E-01A,TCGA-B9-A69E-01A,1.0,0.0,0.0,0.0,0.0
2,117271150,-,2,195513628,+,KIRP,2316,TCGA-B9-A69E-01A,TCGA-B9-A69E-01A,1.0,0.0,0.0,0.0,0.0
2,117854738,+,2,174262796,+,KIRP,2317,TCGA-B9-A69E-01A,TCGA-B9-A69E-01A,1.0,0.0,0.0,0.0,0.0
2,118694286,-,2,123617407,+,KIRP,2318,TCGA-B9-A69E-01A,TCGA-B9-A69E-01A,1.0,0.0,0.0,0.0,0.0
2,119311711,+,2,175029112,+,KIRP,2319,TCGA-B9-A69E-01A,TCGA-B9-A69E-01A,1.0,0.0,0.0,0.0,0.0
2,121245687,-,2,134501941,-,KIRP,2320,TCGA-B9-A69E-01A,TCGA-B9-A69E-01A,1.0,0.0,0.0,0.0,0.0
2,121247279,+,2,137754008,-,KIRP,2321,TCGA-B9-A69E-01A,TCGA-B9-A69E-01A,1.0,0.0,0.0,0.0,0.0
2,123220786,+,2,174265844,-,KIRP,2322,TCGA-B9-A69E-01A,TCGA-B9-A69E-01A,1.0,0.0,0.0,0.0,0.0
2,123235229,-,2,205900034,-,KIRP,2323,TCGA-B9-A69E-01A,TCGA-B9-A69E-01A,1.0,0.0,0.0,0.0,0.0
2,134502948,+,2,207450721,-,KIRP,2324,TCGA-B9-A69E-01A,TCGA-B9-A69E-01A,1.0,0.0,0.0,0.0,0.0
2,135256305,+,2,135519730,+,KIRP,2325,TCGA-B9-A69E-01A,TCGA-B9-A69E-01A,1.0,0.0,0.0,0.0,0.0
2,135514104,+,2,154260453,-,KIRP,2326,TCGA-B9-A69E-01A,TCGA-B9-A69E-01A,1.0,0.0,0.0,0.0,0.0
2,135516622,-,2,140849781,-,KIRP,2327,TCGA-B9-A69E-01A,TCGA-B9-A69E-01A,1.0,0.0,0.0,0.0,0.0
2,135854479,-,2,154252561,-,KIRP,2328,TCGA-B9-A69E-01A,TCGA-B9-A69E-01A,1.0,0.0,0.0,0.0,0.0
2,135874422,+,2,138978145,+,KIRP,2329,TCGA-B9-A69E-01A,TCGA-B9-A69E-01A,1.0,0.0,0.0,0.0,0.0
2,137204709,-,6,82618511,-,KIRP,2330,TCGA-B9-A69E-01A,TCGA-B9-A69E-01A,1.0,0.0,0.0,0.0,0.0
2,137204715,-,2,156165777,+,KIRP,2331,TCGA-B9-A69E-01A,TCGA-B9-A69E-01A,1.0,0.0,0.0,0.0,0.0
2,137212621,+,2,138971990,-,KIRP,2332,TCGA-B9-A69E-01A,TCGA-B9-A69E-01A,1.0,0.0,0.0,0.0,0.0
2,137274685,-,2,138980555,-,KIRP,2333,TCGA-B9-A69E-01A,TCGA-B9-A69E-01A,1.0,0.0,0.0,0.0,0.0
2,138523315,+,2,138992033,-,KIRP,2334,TCGA-B9-A69E-01A,TCGA-B9-A69E-01A,1.0,0.0,0.0,0.0,0.0
2,138986204,+,2,153990769,+,KIRP,2335,TCGA-B9-A69E-01A,TCGA-B9-A69E-01A,1.0,0.0,0.0,0.0,0.0
2,140231606,+,2,140660175,-,KIRP,2336,TCGA-B9-A69E-01A,TCGA-B9-A69E-01A,1.0,0.0,0.0,0.0,0.0
2,140676913,+,2,154259658,+,KIRP,2337,TCGA-B9-A69E-01A,TCGA-B9-A69E-01A,1.0,0.0,0.0,0.0,0.0
2,140887653,+,2,153966997,-,KIRP,2338,TCGA-B9-A69E-01A,TCGA-B9-A69E-01A,1.0,0.0,0.0,0.0,0.0
2,154274360,+,2,156153261,-,KIRP,2339,TCGA-B9-A69E-01A,TCGA-B9-A69E-01A,1.0,0.0,0.0,0.0,0.0
2,156165777,+,6,82618603,+,KIRP,2340,TCGA-B9-A69E-01A,TCGA-B9-A69E-01A,1.0,0.0,0.0,0.0,0.0
2,157309709,+,2,182864004,-,KIRP,2341,TCGA-B9-A69E-01A,TCGA-B9-A69E-01A,1.0,0.0,0.0,0.0,0.0
2,161629063,-,2,193672977,-,KIRP,2342,TCGA-B9-A69E-01A,TCGA-B9-A69E-01A,1.0,0.0,0.0,0.0,0.0
2,161648336,+,2,184659470,-,KIRP,2343,TCGA-B9-A69E-01A,TCGA-B9-A69E-01A,1.0,0.0,0.0,0.0,0.0
2,172611056,-,2,184038019,+,KIRP,2344,TCGA-B9-A69E-01A,TCGA-B9-A69E-01A,1.0,0.0,0.0,0.0,0.0
2,173753921,+,2,173759706,-,KIRP,2345,TCGA-B9-A69E-01A,TCGA-B9-A69E-01A,1.0,0.0,0.0,0.0,0.0
2,174231624,-,2,194897087,+,KIRP,2346,TCGA-B9-A69E-01A,TCGA-B9-A69E-01A,1.0,0.0,0.0,0.0,0.0
2,174800078,+,2,200096486,-,KIRP,2347,TCGA-B9-A69E-01A,TCGA-B9-A69E-01A,1.0,0.0,0.0,0.0,0.0
2,174826085,-,2,206984216,-,KIRP,2348,TCGA-B9-A69E-01A,TCGA-B9-A69E-01A,1.0,0.0,0.0,0.0,0.0
2,174877638,+,2,200005020,+,KIRP,2349,TCGA-B9-A69E-01A,TCGA-B9-A69E-01A,1.0,0.0,0.0,0.0,0.0
2,174979441,-,2,200151988,+,KIRP,2350,TCGA-B9-A69E-01A,TCGA-B9-A69E-01A,1.0,0.0,0.0,0.0,0.0
2,175042933,+,2,193673710,-,KIRP,2351,TCGA-B9-A69E-01A,TCGA-B9-A69E-01A,1.0,0.0,0.0,0.0,0.0
2,176276575,-,2,192815622,-,KIRP,2352,TCGA-B9-A69E-01A,TCGA-B9-A69E-01A,1.0,0.0,0.0,0.0,0.0
2,176291711,+,2,189351207,+,KIRP,2353,TCGA-B9-A69E-01A,TCGA-B9-A69E-01A,1.0,0.0,0.0,0.0,0.0
2,181329913,-,2,190093699,+,KIRP,2354,TCGA-B9-A69E-01A,TCGA-B9-A69E-01A,1.0,0.0,0.0,0.0,0.0
2,181338811,+,2,184930819,-,KIRP,2355,TCGA-B9-A69E-01A,TCGA-B9-A69E-01A,1.0,0.0,0.0,0.0,0.0
2,182573307,-,2,183768456,+,KIRP,2356,TCGA-B9-A69E-01A,TCGA-B9-A69E-01A,1.0,0.0,0.0,0.0,0.0
2,182577632,+,2,193680856,-,KIRP,2357,TCGA-B9-A69E-01A,TCGA-B9-A69E-01A,1.0,0.0,0.0,0.0,0.0
2,190110826,+,2,192814442,+,KIRP,2358,TCGA-B9-A69E-01A,TCGA-B9-A69E-01A,1.0,0.0,0.0,0.0,0.0
2,192815621,-,2,192825041,+,KIRP,2359,TCGA-B9-A69E-01A,TCGA-B9-A69E-01A,1.0,0.0,0.0,0.0,0.0
2,194896631,-,2,195437579,+,KIRP,2360,TCGA-B9-A69E-01A,TCGA-B9-A69E-01A,1.0,0.0,0.0,0.0,0.0
2,195505622,-,2,206972765,+,KIRP,2361,TCGA-B9-A69E-01A,TCGA-B9-A69E-01A,1.0,0.0,0.0,0.0,0.0
2,195615512,+,2,200153246,-,KIRP,2362,TCGA-B9-A69E-01A,TCGA-B9-A69E-01A,1.0,0.0,0.0,0.0,0.0
2,195617355,-,9,106039764,-,KIRP,2363,TCGA-B9-A69E-01A,TCGA-B9-A69E-01A,1.0,0.0,0.0,0.0,0.0
2,195635871,-,2,200055879,+,KIRP,2364,TCGA-B9-A69E-01A,TCGA-B9-A69E-01A,1.0,0.0,0.0,0.0,0.0
2,197803310,+,2,207453167,+,KIRP,2365,TCGA-B9-A69E-01A,TCGA-B9-A69E-01A,1.0,0.0,0.0,0.0,0.0
2,200314639,+,2,205872365,+,KIRP,2366,TCGA-B9-A69E-01A,TCGA-B9-A69E-01A,1.0,0.0,0.0,0.0,0.0
2,225340415,+,3,108507286,+,KIRP,2367,TCGA-B9-A69E-01A,TCGA-B9-A69E-01A,1.0,0.0,0.0,0.0,0.0
3,80740421,-,6,43427591,-,KIRP,2368,TCGA-B9-A69E-01A,TCGA-B9-A69E-01A,1.0,0.0,0.0,0.0,0.0
3,80870697,-,6,49479139,+,KIRP,2369,TCGA-B9-A69E-01A,TCGA-B9-A69E-01A,1.0,0.0,0.0,0.0,0.0
3,80957732,-,3,85570884,+,KIRP,2370,TCGA-B9-A69E-01A,TCGA-B9-A69E-01A,1.0,0.0,0.0,0.0,0.0
3,81274795,+,3,86213761,-,KIRP,2371,TCGA-B9-A69E-01A,TCGA-B9-A69E-01A,1.0,0.0,0.0,0.0,0.0
3,81513107,-,6,40709490,-,KIRP,2372,TCGA-B9-A69E-01A,TCGA-B9-A69E-01A,1.0,0.0,0.0,0.0,0.0
3,81788910,+,3,85092882,-,KIRP,2373,TCGA-B9-A69E-01A,TCGA-B9-A69E-01A,1.0,0.0,0.0,0.0,0.0
3,85163561,+,6,46292076,+,KIRP,2374,TCGA-B9-A69E-01A,TCGA-B9-A69E-01A,1.0,0.0,0.0,0.0,0.0
3,86980902,-,6,38767441,-,KIRP,2375,TCGA-B9-A69E-01A,TCGA-B9-A69E-01A,1.0,0.0,0.0,0.0,0.0
3,88154974,-,6,46485279,+,KIRP,2376,TCGA-B9-A69E-01A,TCGA-B9-A69E-01A,1.0,0.0,0.0,0.0,0.0
3,88477104,+,3,90394288,-,KIRP,2377,TCGA-B9-A69E-01A,TCGA-B9-A69E-01A,1.0,0.0,0.0,0.0,0.0
3,100841533,-,3,103075375,-,KIRP,2378,TCGA-B9-A69E-01A,TCGA-B9-A69E-01A,1.0,0.0,0.0,0.0,0.0
3,101796682,+,3,106326321,-,KIRP,2379,TCGA-B9-A69E-01A,TCGA-B9-A69E-01A,1.0,0.0,0.0,0.0,0.0
3,103553610,+,3,106269498,+,KIRP,2380,TCGA-B9-A69E-01A,TCGA-B9-A69E-01A,1.0,0.0,0.0,0.0,0.0
3,103734112,+,3,106020658,-,KIRP,2381,TCGA-B9-A69E-01A,TCGA-B9-A69E-01A,1.0,0.0,0.0,0.0,0.0
6,37162342,-,6,45714843,-,KIRP,2382,TCGA-B9-A69E-01A,TCGA-B9-A69E-01A,1.0,0.0,0.0,0.0,0.0
6,37480618,+,6,41214832,-,KIRP,2383,TCGA-B9-A69E-01A,TCGA-B9-A69E-01A,1.0,0.0,0.0,0.0,0.0
6,37532974,+,6,67704802,-,KIRP,2384,TCGA-B9-A69E-01A,TCGA-B9-A69E-01A,1.0,0.0,0.0,0.0,0.0
6,37534727,-,6,37539934,+,KIRP,2385,TCGA-B9-A69E-01A,TCGA-B9-A69E-01A,1.0,0.0,0.0,0.0,0.0
6,37535698,-,6,47407452,+,KIRP,2386,TCGA-B9-A69E-01A,TCGA-B9-A69E-01A,1.0,0.0,0.0,0.0,0.0
6,37979193,-,6,50816306,-,KIRP,2387,TCGA-B9-A69E-01A,TCGA-B9-A69E-01A,1.0,0.0,0.0,0.0,0.0
6,38849834,+,6,44619295,-,KIRP,2388,TCGA-B9-A69E-01A,TCGA-B9-A69E-01A,1.0,0.0,0.0,0.0,0.0
6,38941714,-,6,46769399,+,KIRP,2389,TCGA-B9-A69E-01A,TCGA-B9-A69E-01A,1.0,0.0,0.0,0.0,0.0
6,39061535,+,6,40679488,-,KIRP,2390,TCGA-B9-A69E-01A,TCGA-B9-A69E-01A,1.0,0.0,0.0,0.0,0.0
6,39183446,-,6,40159817,+,KIRP,2391,TCGA-B9-A69E-01A,TCGA-B9-A69E-01A,1.0,0.0,0.0,0.0,0.0
6,39344477,+,6,43189958,+,KIRP,2392,TCGA-B9-A69E-01A,TCGA-B9-A69E-01A,1.0,0.0,0.0,0.0,0.0
6,40138327,-,6,45488001,-,KIRP,2393,TCGA-B9-A69E-01A,TCGA-B9-A69E-01A,1.0,0.0,0.0,0.0,0.0
6,40191938,-,6,49489723,+,KIRP,2394,TCGA-B9-A69E-01A,TCGA-B9-A69E-01A,1.0,0.0,0.0,0.0,0.0
6,40397390,+,6,43124517,+,KIRP,2395,TCGA-B9-A69E-01A,TCGA-B9-A69E-01A,1.0,0.0,0.0,0.0,0.0
6,40756801,-,6,45845892,+,KIRP,2396,TCGA-B9-A69E-01A,TCGA-B9-A69E-01A,1.0,0.0,0.0,0.0,0.0
6,41049468,-,6,45769098,-,KIRP,2397,TCGA-B9-A69E-01A,TCGA-B9-A69E-01A,1.0,0.0,0.0,0.0,0.0
6,42011160,+,6,44206605,-,KIRP,2398,TCGA-B9-A69E-01A,TCGA-B9-A69E-01A,1.0,0.0,0.0,0.0,0.0
6,43656866,+,6,43934801,-,KIRP,2399,TCGA-B9-A69E-01A,TCGA-B9-A69E-01A,1.0,0.0,0.0,0.0,0.0
6,43662949,-,6,47404495,-,KIRP,2400,TCGA-B9-A69E-01A,TCGA-B9-A69E-01A,1.0,0.0,0.0,0.0,0.0
6,43665625,+,6,67706923,-,KIRP,2401,TCGA-B9-A69E-01A,TCGA-B9-A69E-01A,1.0,0.0,0.0,0.0,0.0
6,43937419,+,6,67447954,+,KIRP,2402,TCGA-B9-A69E-01A,TCGA-B9-A69E-01A,1.0,0.0,0.0,0.0,0.0
6,44511449,+,6,46274984,-,KIRP,2403,TCGA-B9-A69E-01A,TCGA-B9-A69E-01A,1.0,0.0,0.0,0.0,0.0
6,44678519,+,6,45713550,+,KIRP,2404,TCGA-B9-A69E-01A,TCGA-B9-A69E-01A,1.0,0.0,0.0,0.0,0.0
6,46549108,-,6,47389666,+,KIRP,2405,TCGA-B9-A69E-01A,TCGA-B9-A69E-01A,1.0,0.0,0.0,0.0,0.0
6,49467382,-,6,49480502,-,KIRP,2406,TCGA-B9-A69E-01A,TCGA-B9-A69E-01A,1.0,0.0,0.0,0.0,0.0
7,56378513,-,7,56386114,+,KIRP,2407,TCGA-B9-A69E-01A,TCGA-B9-A69E-01A,1.0,0.0,0.0,0.0,0.0
24,3795135,+,24,5127036,-,KIRP,2408,TCGA-B9-A69E-01A,TCGA-B9-A69E-01A,1.0,0.0,0.0,0.0,0.0
1,178618837,-,5,6422578,+,KIRP,2409,TCGA-B9-A8YH-01A,TCGA-B9-A8YH-01A,1.0,0.0,0.0,0.0,0.0
11,52560466,-,11,52930357,+,KIRP,2410,TCGA-B9-A8YH-01A,TCGA-B9-A8YH-01A,1.0,0.0,0.0,0.0,0.0
11,64337090,+,11,64343964,-,KIRP,2411,TCGA-B9-A8YH-01A,TCGA-B9-A8YH-01A,1.0,0.0,0.0,0.0,0.0
14,106693001,-,14,106739823,+,KIRP,2412,TCGA-B9-A8YH-01A,TCGA-B9-A8YH-01A,1.0,0.0,0.0,0.0,0.0
2,21192477,-,16,27440220,-,KIRP,2413,TCGA-B9-A8YH-01A,TCGA-B9-A8YH-01A,1.0,0.0,0.0,0.0,0.0
2,93315054,-,2,93680682,+,KIRP,2414,TCGA-B9-A8YH-01A,TCGA-B9-A8YH-01A,1.0,0.0,0.0,0.0,0.0
2,123851906,+,2,123866435,-,KIRP,2415,TCGA-B9-A8YH-01A,TCGA-B9-A8YH-01A,1.0,0.0,0.0,0.0,0.0
2,123868990,+,2,123944835,-,KIRP,2416,TCGA-B9-A8YH-01A,TCGA-B9-A8YH-01A,1.0,0.0,0.0,0.0,0.0
20,26486272,+,20,26599964,-,KIRP,2417,TCGA-B9-A8YH-01A,TCGA-B9-A8YH-01A,1.0,0.0,0.0,0.0,0.0
3,114769323,-,9,91974066,+,KIRP,2418,TCGA-B9-A8YH-01A,TCGA-B9-A8YH-01A,1.0,0.0,0.0,0.0,0.0
4,109800994,+,8,80012881,-,KIRP,2419,TCGA-B9-A8YH-01A,TCGA-B9-A8YH-01A,1.0,0.0,0.0,0.0,0.0
5,46573256,-,5,46735428,+,KIRP,2420,TCGA-B9-A8YH-01A,TCGA-B9-A8YH-01A,1.0,0.0,0.0,0.0,0.0
5,99231288,+,12,79465812,-,KIRP,2421,TCGA-B9-A8YH-01A,TCGA-B9-A8YH-01A,1.0,0.0,0.0,0.0,0.0
6,120629435,-,20,8391789,-,KIRP,2422,TCGA-B9-A8YH-01A,TCGA-B9-A8YH-01A,1.0,0.0,0.0,0.0,0.0
6,166032879,-,8,80012820,-,KIRP,2423,TCGA-B9-A8YH-01A,TCGA-B9-A8YH-01A,1.0,0.0,0.0,0.0,0.0
6,166033066,+,8,80012810,+,KIRP,2424,TCGA-B9-A8YH-01A,TCGA-B9-A8YH-01A,1.0,0.0,0.0,0.0,0.0
7,58197726,-,7,61968975,+,KIRP,2425,TCGA-B9-A8YH-01A,TCGA-B9-A8YH-01A,1.0,0.0,0.0,0.0,0.0
1,6172517,+,1,6189586,-,KIRP,2426,TCGA-B9-A8YI-01A,TCGA-B9-A8YI-01A,1.0,0.0,0.0,0.0,0.0
11,98328299,+,11,103818271,-,KIRP,2427,TCGA-B9-A8YI-01A,TCGA-B9-A8YI-01A,1.0,0.0,0.0,0.0,0.0
12,19399432,-,16,75112168,+,KIRP,2428,TCGA-B9-A8YI-01A,TCGA-B9-A8YI-01A,1.0,0.0,0.0,0.0,0.0
12,19572937,+,12,19595357,-,KIRP,2429,TCGA-B9-A8YI-01A,TCGA-B9-A8YI-01A,1.0,0.0,0.0,0.0,0.0
12,19595970,-,16,53356531,+,KIRP,2430,TCGA-B9-A8YI-01A,TCGA-B9-A8YI-01A,1.0,0.0,0.0,0.0,0.0
12,19596103,-,16,53356224,-,KIRP,2431,TCGA-B9-A8YI-01A,TCGA-B9-A8YI-01A,1.0,0.0,0.0,0.0,0.0
12,19596176,+,16,53356269,-,KIRP,2432,TCGA-B9-A8YI-01A,TCGA-B9-A8YI-01A,1.0,0.0,0.0,0.0,0.0
12,19596184,+,16,53356430,+,KIRP,2433,TCGA-B9-A8YI-01A,TCGA-B9-A8YI-01A,1.0,0.0,0.0,0.0,0.0
12,19596196,+,16,47627238,+,KIRP,2434,TCGA-B9-A8YI-01A,TCGA-B9-A8YI-01A,1.0,0.0,0.0,0.0,0.0
12,19898499,-,16,53356489,+,KIRP,2435,TCGA-B9-A8YI-01A,TCGA-B9-A8YI-01A,1.0,0.0,0.0,0.0,0.0
12,21964967,-,16,49249393,+,KIRP,2436,TCGA-B9-A8YI-01A,TCGA-B9-A8YI-01A,1.0,0.0,0.0,0.0,0.0
12,21965148,-,16,53356209,-,KIRP,2437,TCGA-B9-A8YI-01A,TCGA-B9-A8YI-01A,1.0,0.0,0.0,0.0,0.0
12,25641575,-,16,50241802,+,KIRP,2438,TCGA-B9-A8YI-01A,TCGA-B9-A8YI-01A,1.0,0.0,0.0,0.0,0.0
12,25641617,+,17,31310310,-,KIRP,2439,TCGA-B9-A8YI-01A,TCGA-B9-A8YI-01A,1.0,0.0,0.0,0.0,0.0
12,30363923,-,12,34696935,-,KIRP,2440,TCGA-B9-A8YI-01A,TCGA-B9-A8YI-01A,1.0,0.0,0.0,0.0,0.0
12,30386734,+,16,35733423,-,KIRP,2441,TCGA-B9-A8YI-01A,TCGA-B9-A8YI-01A,1.0,0.0,0.0,0.0,0.0
12,34188585,+,16,35950174,+,KIRP,2442,TCGA-B9-A8YI-01A,TCGA-B9-A8YI-01A,1.0,0.0,0.0,0.0,0.0
15,32985258,+,15,33170780,-,KIRP,2443,TCGA-B9-A8YI-01A,TCGA-B9-A8YI-01A,1.0,0.0,0.0,0.0,0.0
16,35596336,-,16,35840502,-,KIRP,2444,TCGA-B9-A8YI-01A,TCGA-B9-A8YI-01A,1.0,0.0,0.0,0.0,0.0
16,46554532,-,16,47123371,-,KIRP,2445,TCGA-B9-A8YI-01A,TCGA-B9-A8YI-01A,1.0,0.0,0.0,0.0,0.0
16,46610906,+,16,47301812,-,KIRP,2446,TCGA-B9-A8YI-01A,TCGA-B9-A8YI-01A,1.0,0.0,0.0,0.0,0.0
16,46640989,-,16,74268723,-,KIRP,2447,TCGA-B9-A8YI-01A,TCGA-B9-A8YI-01A,1.0,0.0,0.0,0.0,0.0
16,47109641,+,16,49590468,+,KIRP,2448,TCGA-B9-A8YI-01A,TCGA-B9-A8YI-01A,1.0,0.0,0.0,0.0,0.0
16,47301612,+,16,74268900,+,KIRP,2449,TCGA-B9-A8YI-01A,TCGA-B9-A8YI-01A,1.0,0.0,0.0,0.0,0.0
16,47301722,-,16,53356839,+,KIRP,2450,TCGA-B9-A8YI-01A,TCGA-B9-A8YI-01A,1.0,0.0,0.0,0.0,0.0
16,47302205,+,16,53354201,-,KIRP,2451,TCGA-B9-A8YI-01A,TCGA-B9-A8YI-01A,1.0,0.0,0.0,0.0,0.0
16,49250423,-,16,75060010,-,KIRP,2452,TCGA-B9-A8YI-01A,TCGA-B9-A8YI-01A,1.0,0.0,0.0,0.0,0.0
16,53356209,-,16,74268697,-,KIRP,2453,TCGA-B9-A8YI-01A,TCGA-B9-A8YI-01A,1.0,0.0,0.0,0.0,0.0
16,74268656,+,16,74274102,+,KIRP,2454,TCGA-B9-A8YI-01A,TCGA-B9-A8YI-01A,1.0,0.0,0.0,0.0,0.0
2,202470801,+,11,34375839,+,KIRP,2455,TCGA-B9-A8YI-01A,TCGA-B9-A8YI-01A,1.0,0.0,0.0,0.0,0.0
2,224270332,+,5,18435171,-,KIRP,2456,TCGA-B9-A8YI-01A,TCGA-B9-A8YI-01A,1.0,0.0,0.0,0.0,0.0
4,12567561,-,4,12569404,+,KIRP,2457,TCGA-B9-A8YI-01A,TCGA-B9-A8YI-01A,1.0,0.0,0.0,0.0,0.0
4,88256388,-,4,88256689,+,KIRP,2458,TCGA-B9-A8YI-01A,TCGA-B9-A8YI-01A,1.0,0.0,0.0,0.0,0.0
4,181546548,+,7,94211058,+,KIRP,2459,TCGA-B9-A8YI-01A,TCGA-B9-A8YI-01A,1.0,0.0,0.0,0.0,0.0
5,37585076,-,5,37585187,+,KIRP,2460,TCGA-B9-A8YI-01A,TCGA-B9-A8YI-01A,1.0,0.0,0.0,0.0,0.0
6,13374274,-,10,28551819,+,KIRP,2461,TCGA-B9-A8YI-01A,TCGA-B9-A8YI-01A,1.0,0.0,0.0,0.0,0.0
7,56838321,+,7,63738757,+,KIRP,2462,TCGA-B9-A8YI-01A,TCGA-B9-A8YI-01A,1.0,0.0,0.0,0.0,0.0
1,101496971,-,8,133312996,+,KIRP,2463,TCGA-DW-5560-01A,TCGA-DW-5560-01A,1.0,0.0,0.0,0.0,0.0
10,124483641,+,14,36625343,-,KIRP,2464,TCGA-DW-5560-01A,TCGA-DW-5560-01A,1.0,0.0,0.0,0.0,0.0
10,124533484,-,10,133144044,-,KIRP,2465,TCGA-DW-5560-01A,TCGA-DW-5560-01A,1.0,0.0,0.0,0.0,0.0
11,54384094,-,11,54549271,+,KIRP,2466,TCGA-DW-5560-01A,TCGA-DW-5560-01A,1.0,0.0,0.0,0.0,0.0
13,27209558,-,13,27209746,+,KIRP,2467,TCGA-DW-5560-01A,TCGA-DW-5560-01A,1.0,0.0,0.0,0.0,0.0
17,22896042,+,17,23137594,-,KIRP,2468,TCGA-DW-5560-01A,TCGA-DW-5560-01A,1.0,0.0,0.0,0.0,0.0
17,23009304,+,17,23175958,-,KIRP,2469,TCGA-DW-5560-01A,TCGA-DW-5560-01A,1.0,0.0,0.0,0.0,0.0
18,15636238,-,18,15701247,+,KIRP,2470,TCGA-DW-5560-01A,TCGA-DW-5560-01A,1.0,0.0,0.0,0.0,0.0
3,5006682,-,19,15545694,+,KIRP,2471,TCGA-DW-5560-01A,TCGA-DW-5560-01A,1.0,0.0,0.0,0.0,0.0
3,91157147,-,3,91281767,-,KIRP,2472,TCGA-DW-5560-01A,TCGA-DW-5560-01A,1.0,0.0,0.0,0.0,0.0
3,95157937,+,10,128537891,-,KIRP,2473,TCGA-DW-5560-01A,TCGA-DW-5560-01A,1.0,0.0,0.0,0.0,0.0
3,96530404,-,7,109616397,-,KIRP,2474,TCGA-DW-5560-01A,TCGA-DW-5560-01A,1.0,0.0,0.0,0.0,0.0
3,97733168,+,8,74334611,-,KIRP,2475,TCGA-DW-5560-01A,TCGA-DW-5560-01A,1.0,0.0,0.0,0.0,0.0
3,177322378,+,3,177324216,+,KIRP,2476,TCGA-DW-5560-01A,TCGA-DW-5560-01A,1.0,0.0,0.0,0.0,0.0
4,65088380,+,17,63740108,+,KIRP,2477,TCGA-DW-5560-01A,TCGA-DW-5560-01A,1.0,0.0,0.0,0.0,0.0
7,101812276,-,10,124535758,+,KIRP,2478,TCGA-DW-5560-01A,TCGA-DW-5560-01A,1.0,0.0,0.0,0.0,0.0
7,101827245,-,10,48655116,+,KIRP,2479,TCGA-DW-5560-01A,TCGA-DW-5560-01A,1.0,0.0,0.0,0.0,0.0
7,104280148,+,14,34585211,-,KIRP,2480,TCGA-DW-5560-01A,TCGA-DW-5560-01A,1.0,0.0,0.0,0.0,0.0
7,106057897,-,14,30801181,+,KIRP,2481,TCGA-DW-5560-01A,TCGA-DW-5560-01A,1.0,0.0,0.0,0.0,0.0
7,106810579,+,10,125731308,-,KIRP,2482,TCGA-DW-5560-01A,TCGA-DW-5560-01A,1.0,0.0,0.0,0.0,0.0
7,113940636,+,8,59583195,+,KIRP,2483,TCGA-DW-5560-01A,TCGA-DW-5560-01A,1.0,0.0,0.0,0.0,0.0
7,115122501,-,10,130272285,+,KIRP,2484,TCGA-DW-5560-01A,TCGA-DW-5560-01A,1.0,0.0,0.0,0.0,0.0
8,59213977,-,10,122566577,-,KIRP,2485,TCGA-DW-5560-01A,TCGA-DW-5560-01A,1.0,0.0,0.0,0.0,0.0
8,68949084,-,8,72588457,-,KIRP,2486,TCGA-DW-5560-01A,TCGA-DW-5560-01A,1.0,0.0,0.0,0.0,0.0
8,69510647,+,14,35068829,+,KIRP,2487,TCGA-DW-5560-01A,TCGA-DW-5560-01A,1.0,0.0,0.0,0.0,0.0
8,70482187,-,14,31733861,-,KIRP,2488,TCGA-DW-5560-01A,TCGA-DW-5560-01A,1.0,0.0,0.0,0.0,0.0
8,73685969,+,14,32940161,+,KIRP,2489,TCGA-DW-5560-01A,TCGA-DW-5560-01A,1.0,0.0,0.0,0.0,0.0
8,86177011,+,10,122106465,+,KIRP,2490,TCGA-DW-5560-01A,TCGA-DW-5560-01A,1.0,0.0,0.0,0.0,0.0
8,86614723,-,14,28901529,-,KIRP,2491,TCGA-DW-5560-01A,TCGA-DW-5560-01A,1.0,0.0,0.0,0.0,0.0
1,243908107,+,4,164826707,+,KIRP,2492,TCGA-DW-5561-01A,TCGA-DW-5561-01A,1.0,0.0,0.0,0.0,0.0
18,20582797,-,18,20587071,+,KIRP,2493,TCGA-DW-5561-01A,TCGA-DW-5561-01A,1.0,0.0,0.0,0.0,0.0
2,191964398,-,7,79135941,-,KIRP,2494,TCGA-DW-5561-01A,TCGA-DW-5561-01A,1.0,0.0,0.0,0.0,0.0
7,61472563,+,7,61502655,-,KIRP,2495,TCGA-DW-5561-01A,TCGA-DW-5561-01A,1.0,0.0,0.0,0.0,0.0
2,62923022,+,2,62923682,-,KIRP,2496,TCGA-DW-7834-01A,TCGA-DW-7834-01A,1.0,0.0,0.0,0.0,0.0
4,50877720,+,4,51601149,-,KIRP,2497,TCGA-DW-7834-01A,TCGA-DW-7834-01A,1.0,0.0,0.0,0.0,0.0
6,63880488,-,23,3155849,+,KIRP,2498,TCGA-DW-7834-01A,TCGA-DW-7834-01A,1.0,0.0,0.0,0.0,0.0
8,102921198,-,13,27063941,-,KIRP,2499,TCGA-DW-7834-01A,TCGA-DW-7834-01A,1.0,0.0,0.0,0.0,0.0
12,95153947,+,14,29152231,-,KIRP,2500,TCGA-DW-7836-01A,TCGA-DW-7836-01A,1.0,0.0,0.0,0.0,0.0
13,17467653,+,13,17616223,-,KIRP,2501,TCGA-DW-7836-01A,TCGA-DW-7836-01A,1.0,0.0,0.0,0.0,0.0
18,15558503,+,18,15704780,-,KIRP,2502,TCGA-DW-7836-01A,TCGA-DW-7836-01A,1.0,0.0,0.0,0.0,0.0
18,44573422,+,18,44981224,-,KIRP,2503,TCGA-DW-7836-01A,TCGA-DW-7836-01A,1.0,0.0,0.0,0.0,0.0
19,53405634,+,19,53452810,-,KIRP,2504,TCGA-DW-7836-01A,TCGA-DW-7836-01A,1.0,0.0,0.0,0.0,0.0
2,192991705,+,3,168500581,-,KIRP,2505,TCGA-DW-7836-01A,TCGA-DW-7836-01A,1.0,0.0,0.0,0.0,0.0
2,222866745,-,8,127735180,-,KIRP,2506,TCGA-DW-7836-01A,TCGA-DW-7836-01A,1.0,0.0,0.0,0.0,0.0
5,49677388,-,5,49706223,+,KIRP,2507,TCGA-DW-7836-01A,TCGA-DW-7836-01A,1.0,0.0,0.0,0.0,0.0
6,58223899,+,6,60977973,-,KIRP,2508,TCGA-DW-7836-01A,TCGA-DW-7836-01A,1.0,0.0,0.0,0.0,0.0
1,204215984,-,1,204216120,+,KIRP,2509,TCGA-DW-7837-01A,TCGA-DW-7837-01A,1.0,0.0,0.0,0.0,0.0
1,246945096,-,14,100261038,+,KIRP,2510,TCGA-DW-7837-01A,TCGA-DW-7837-01A,1.0,0.0,0.0,0.0,0.0
11,52302293,+,11,53868482,-,KIRP,2511,TCGA-DW-7837-01A,TCGA-DW-7837-01A,1.0,0.0,0.0,0.0,0.0
11,54374399,+,11,54390452,-,KIRP,2512,TCGA-DW-7837-01A,TCGA-DW-7837-01A,1.0,0.0,0.0,0.0,0.0
12,88989987,+,14,89222123,+,KIRP,2513,TCGA-DW-7837-01A,TCGA-DW-7837-01A,1.0,0.0,0.0,0.0,0.0
18,15653770,-,18,15679632,+,KIRP,2514,TCGA-DW-7837-01A,TCGA-DW-7837-01A,1.0,0.0,0.0,0.0,0.0
5,7260875,-,7,79028261,-,KIRP,2515,TCGA-DW-7837-01A,TCGA-DW-7837-01A,1.0,0.0,0.0,0.0,0.0
6,31270871,-,6,31356001,+,KIRP,2516,TCGA-DW-7837-01A,TCGA-DW-7837-01A,1.0,0.0,0.0,0.0,0.0
1,67078893,+,14,50215746,+,KIRP,2517,TCGA-DW-7838-01A,TCGA-DW-7838-01A,1.0,0.0,0.0,0.0,0.0
1,124808792,-,1,124813638,+,KIRP,2518,TCGA-DW-7838-01A,TCGA-DW-7838-01A,1.0,0.0,0.0,0.0,0.0
1,152463594,-,9,122552121,+,KIRP,2519,TCGA-DW-7838-01A,TCGA-DW-7838-01A,1.0,0.0,0.0,0.0,0.0
11,114249771,-,24,11452998,+,KIRP,2520,TCGA-DW-7838-01A,TCGA-DW-7838-01A,1.0,0.0,0.0,0.0,0.0
13,16034218,-,13,16050251,+,KIRP,2521,TCGA-DW-7838-01A,TCGA-DW-7838-01A,1.0,0.0,0.0,0.0,0.0
2,30410112,+,12,78235047,+,KIRP,2522,TCGA-DW-7838-01A,TCGA-DW-7838-01A,1.0,0.0,0.0,0.0,0.0
20,29924257,+,20,29984700,-,KIRP,2523,TCGA-DW-7838-01A,TCGA-DW-7838-01A,1.0,0.0,0.0,0.0,0.0
3,138113139,+,7,148410008,-,KIRP,2524,TCGA-DW-7838-01A,TCGA-DW-7838-01A,1.0,0.0,0.0,0.0,0.0
5,46433933,+,5,46567971,+,KIRP,2525,TCGA-DW-7838-01A,TCGA-DW-7838-01A,1.0,0.0,0.0,0.0,0.0
5,111390652,-,5,111390745,+,KIRP,2526,TCGA-DW-7838-01A,TCGA-DW-7838-01A,1.0,0.0,0.0,0.0,0.0
5,154191711,+,16,49051981,+,KIRP,2527,TCGA-DW-7838-01A,TCGA-DW-7838-01A,1.0,0.0,0.0,0.0,0.0
5,177162477,+,5,177163206,-,KIRP,2528,TCGA-DW-7838-01A,TCGA-DW-7838-01A,1.0,0.0,0.0,0.0,0.0
6,154280380,+,6,154281129,-,KIRP,2529,TCGA-DW-7838-01A,TCGA-DW-7838-01A,1.0,0.0,0.0,0.0,0.0
7,86197291,-,7,86205342,-,KIRP,2530,TCGA-DW-7838-01A,TCGA-DW-7838-01A,1.0,0.0,0.0,0.0,0.0
1,77433737,+,8,133313044,+,KIRP,2531,TCGA-DW-7839-01A,TCGA-DW-7839-01A,1.0,0.0,0.0,0.0,0.0
1,123284020,+,5,49624003,+,KIRP,2532,TCGA-DW-7839-01A,TCGA-DW-7839-01A,1.0,0.0,0.0,0.0,0.0
17,18954959,-,17,38299844,-,KIRP,2533,TCGA-DW-7839-01A,TCGA-DW-7839-01A,1.0,0.0,0.0,0.0,0.0
18,15653785,-,18,15679662,+,KIRP,2534,TCGA-DW-7839-01A,TCGA-DW-7839-01A,1.0,0.0,0.0,0.0,0.0
3,91113721,-,3,91221036,+,KIRP,2535,TCGA-DW-7839-01A,TCGA-DW-7839-01A,1.0,0.0,0.0,0.0,0.0
4,1550167,+,5,50921690,+,KIRP,2536,TCGA-DW-7839-01A,TCGA-DW-7839-01A,1.0,0.0,0.0,0.0,0.0
5,49723771,+,5,49957899,-,KIRP,2537,TCGA-DW-7839-01A,TCGA-DW-7839-01A,1.0,0.0,0.0,0.0,0.0
5,49861154,-,5,49987078,+,KIRP,2538,TCGA-DW-7839-01A,TCGA-DW-7839-01A,1.0,0.0,0.0,0.0,0.0
1,6937855,+,12,132742759,-,KIRP,2539,TCGA-DW-7841-01A,TCGA-DW-7841-01A,1.0,0.0,0.0,0.0,0.0
1,209178991,+,1,209215817,-,KIRP,2540,TCGA-DW-7841-01A,TCGA-DW-7841-01A,1.0,0.0,0.0,0.0,0.0
10,87534579,+,12,95304676,-,KIRP,2541,TCGA-DW-7841-01A,TCGA-DW-7841-01A,1.0,0.0,0.0,0.0,0.0
19,40228695,-,21,13490354,-,KIRP,2542,TCGA-DW-7841-01A,TCGA-DW-7841-01A,1.0,0.0,0.0,0.0,0.0
2,20954341,+,21,41672983,+,KIRP,2543,TCGA-DW-7841-01A,TCGA-DW-7841-01A,1.0,0.0,0.0,0.0,0.0
2,39819915,-,15,81618423,-,KIRP,2544,TCGA-DW-7841-01A,TCGA-DW-7841-01A,1.0,0.0,0.0,0.0,0.0
2,92327255,+,2,93405317,-,KIRP,2545,TCGA-DW-7841-01A,TCGA-DW-7841-01A,1.0,0.0,0.0,0.0,0.0
3,122546968,-,21,39586220,-,KIRP,2546,TCGA-DW-7841-01A,TCGA-DW-7841-01A,1.0,0.0,0.0,0.0,0.0
5,38988903,+,12,41532095,+,KIRP,2547,TCGA-DW-7841-01A,TCGA-DW-7841-01A,1.0,0.0,0.0,0.0,0.0
5,38988905,-,10,87534808,-,KIRP,2548,TCGA-DW-7841-01A,TCGA-DW-7841-01A,1.0,0.0,0.0,0.0,0.0
6,90366779,+,13,64616334,-,KIRP,2549,TCGA-DW-7841-01A,TCGA-DW-7841-01A,1.0,0.0,0.0,0.0,0.0
10,82532553,-,18,60696063,+,KIRP,2550,TCGA-DW-7842-01A,TCGA-DW-7842-01A,1.0,0.0,0.0,0.0,0.0
10,87798655,+,14,69746050,+,KIRP,2551,TCGA-DW-7842-01A,TCGA-DW-7842-01A,1.0,0.0,0.0,0.0,0.0
11,53141463,-,11,54098738,+,KIRP,2552,TCGA-DW-7842-01A,TCGA-DW-7842-01A,1.0,0.0,0.0,0.0,0.0
11,54357423,+,11,54388917,-,KIRP,2553,TCGA-DW-7842-01A,TCGA-DW-7842-01A,1.0,0.0,0.0,0.0,0.0
17,26564765,+,17,26609050,-,KIRP,2554,TCGA-DW-7842-01A,TCGA-DW-7842-01A,1.0,0.0,0.0,0.0,0.0
1,4099904,-,4,69371378,+,KIRP,2555,TCGA-DW-7963-01B,TCGA-DW-7963-01B,1.0,0.0,0.0,0.0,0.0
1,242276130,+,10,38322197,+,KIRP,2556,TCGA-DW-7963-01B,TCGA-DW-7963-01B,1.0,0.0,0.0,0.0,0.0
14,102094600,-,15,77185765,+,KIRP,2557,TCGA-DW-7963-01B,TCGA-DW-7963-01B,1.0,0.0,0.0,0.0,0.0
17,22913136,+,17,22986630,-,KIRP,2558,TCGA-DW-7963-01B,TCGA-DW-7963-01B,1.0,0.0,0.0,0.0,0.0
2,94567559,+,15,19818827,-,KIRP,2559,TCGA-DW-7963-01B,TCGA-DW-7963-01B,1.0,0.0,0.0,0.0,0.0
22,32311357,-,22,44248362,+,KIRP,2560,TCGA-DW-7963-01B,TCGA-DW-7963-01B,1.0,0.0,0.0,0.0,0.0
3,89709047,+,11,59282704,-,KIRP,2561,TCGA-DW-7963-01B,TCGA-DW-7963-01B,1.0,0.0,0.0,0.0,0.0
5,14044556,-,10,8545149,-,KIRP,2562,TCGA-DW-7963-01B,TCGA-DW-7963-01B,1.0,0.0,0.0,0.0,0.0
5,168367760,+,5,171186920,-,KIRP,2563,TCGA-DW-7963-01B,TCGA-DW-7963-01B,1.0,0.0,0.0,0.0,0.0
6,158774714,+,7,137969762,-,KIRP,2564,TCGA-DW-7963-01B,TCGA-DW-7963-01B,1.0,0.0,0.0,0.0,0.0
23,35414672,+,23,36700483,-,KIRP,2565,TCGA-DW-7963-01B,TCGA-DW-7963-01B,1.0,0.0,0.0,0.0,0.0
11,97782997,-,11,97783280,+,KIRP,2566,TCGA-DZ-6133-01A,TCGA-DZ-6133-01A,1.0,0.0,0.0,0.0,0.0
13,17492067,+,13,17717459,-,KIRP,2567,TCGA-DZ-6133-01A,TCGA-DZ-6133-01A,1.0,0.0,0.0,0.0,0.0
13,55152870,+,13,55154475,-,KIRP,2568,TCGA-DZ-6133-01A,TCGA-DZ-6133-01A,1.0,0.0,0.0,0.0,0.0
14,102094574,-,15,77185790,+,KIRP,2569,TCGA-DZ-6133-01A,TCGA-DZ-6133-01A,1.0,0.0,0.0,0.0,0.0
17,23058435,-,17,23170221,+,KIRP,2570,TCGA-DZ-6133-01A,TCGA-DZ-6133-01A,1.0,0.0,0.0,0.0,0.0
2,93598845,-,11,119448922,+,KIRP,2571,TCGA-DZ-6133-01A,TCGA-DZ-6133-01A,1.0,0.0,0.0,0.0,0.0
2,127659973,-,2,127679391,+,KIRP,2572,TCGA-DZ-6133-01A,TCGA-DZ-6133-01A,1.0,0.0,0.0,0.0,0.0
3,136430253,-,3,136430450,+,KIRP,2573,TCGA-DZ-6133-01A,TCGA-DZ-6133-01A,1.0,0.0,0.0,0.0,0.0
4,82841443,-,5,81445177,+,KIRP,2574,TCGA-DZ-6133-01A,TCGA-DZ-6133-01A,1.0,0.0,0.0,0.0,0.0
5,22931746,+,5,22933686,-,KIRP,2575,TCGA-DZ-6133-01A,TCGA-DZ-6133-01A,1.0,0.0,0.0,0.0,0.0
7,61381037,+,7,61454733,-,KIRP,2576,TCGA-DZ-6133-01A,TCGA-DZ-6133-01A,1.0,0.0,0.0,0.0,0.0
1,183131429,-,23,33340543,+,KIRP,2577,TCGA-DZ-6135-01A,TCGA-DZ-6135-01A,1.0,0.0,0.0,0.0,0.0
1,242051441,-,18,24624924,+,KIRP,2578,TCGA-DZ-6135-01A,TCGA-DZ-6135-01A,1.0,0.0,0.0,0.0,0.0
16,30752255,+,23,36616881,+,KIRP,2579,TCGA-DZ-6135-01A,TCGA-DZ-6135-01A,1.0,0.0,0.0,0.0,0.0
4,133581538,-,23,1647118,+,KIRP,2580,TCGA-DZ-6135-01A,TCGA-DZ-6135-01A,1.0,0.0,0.0,0.0,0.0
5,49952903,+,5,50030239,-,KIRP,2581,TCGA-DZ-6135-01A,TCGA-DZ-6135-01A,1.0,0.0,0.0,0.0,0.0
8,102921185,-,13,27063832,-,KIRP,2582,TCGA-DZ-6135-01A,TCGA-DZ-6135-01A,1.0,0.0,0.0,0.0,0.0
1,122266956,-,1,122395623,+,KIRP,2583,TCGA-EV-5901-01A,TCGA-EV-5901-01A,1.0,0.0,0.0,0.0,0.0
10,13360436,+,10,13361095,-,KIRP,2584,TCGA-EV-5901-01A,TCGA-EV-5901-01A,1.0,0.0,0.0,0.0,0.0
10,45771660,+,10,50112121,-,KIRP,2585,TCGA-EV-5901-01A,TCGA-EV-5901-01A,1.0,0.0,0.0,0.0,0.0
11,119209381,+,11,119210118,-,KIRP,2586,TCGA-EV-5901-01A,TCGA-EV-5901-01A,1.0,0.0,0.0,0.0,0.0
12,47518178,-,12,86012803,-,KIRP,2587,TCGA-EV-5901-01A,TCGA-EV-5901-01A,1.0,0.0,0.0,0.0,0.0
2,190174014,+,3,177457362,-,KIRP,2588,TCGA-EV-5901-01A,TCGA-EV-5901-01A,1.0,0.0,0.0,0.0,0.0
20,5615372,-,20,5615539,+,KIRP,2589,TCGA-EV-5901-01A,TCGA-EV-5901-01A,1.0,0.0,0.0,0.0,0.0
3,128635670,+,9,30532657,-,KIRP,2590,TCGA-EV-5901-01A,TCGA-EV-5901-01A,1.0,0.0,0.0,0.0,0.0
4,50521211,-,4,51119116,+,KIRP,2591,TCGA-EV-5901-01A,TCGA-EV-5901-01A,1.0,0.0,0.0,0.0,0.0
1,6157238,+,1,6214915,-,KIRP,2592,TCGA-EV-5902-01A,TCGA-EV-5902-01A,1.0,0.0,0.0,0.0,0.0
1,77433235,-,8,133313623,-,KIRP,2593,TCGA-EV-5902-01A,TCGA-EV-5902-01A,1.0,0.0,0.0,0.0,0.0
1,124794695,+,1,124838895,-,KIRP,2594,TCGA-EV-5902-01A,TCGA-EV-5902-01A,1.0,0.0,0.0,0.0,0.0
12,36466265,-,12,36966031,+,KIRP,2595,TCGA-EV-5902-01A,TCGA-EV-5902-01A,1.0,0.0,0.0,0.0,0.0
15,18357874,-,15,19654561,+,KIRP,2596,TCGA-EV-5902-01A,TCGA-EV-5902-01A,1.0,0.0,0.0,0.0,0.0
16,51288546,-,22,27728897,+,KIRP,2597,TCGA-EV-5902-01A,TCGA-EV-5902-01A,1.0,0.0,0.0,0.0,0.0
16,73833704,-,16,73833779,+,KIRP,2598,TCGA-EV-5902-01A,TCGA-EV-5902-01A,1.0,0.0,0.0,0.0,0.0
17,17362702,+,17,17363338,-,KIRP,2599,TCGA-EV-5902-01A,TCGA-EV-5902-01A,1.0,0.0,0.0,0.0,0.0
2,160465889,+,13,87361150,-,KIRP,2600,TCGA-EV-5902-01A,TCGA-EV-5902-01A,1.0,0.0,0.0,0.0,0.0
20,29720904,-,20,30148715,-,KIRP,2601,TCGA-EV-5902-01A,TCGA-EV-5902-01A,1.0,0.0,0.0,0.0,0.0
4,123247607,+,17,35535963,-,KIRP,2602,TCGA-EV-5902-01A,TCGA-EV-5902-01A,1.0,0.0,0.0,0.0,0.0
4,180022115,-,4,180022199,+,KIRP,2603,TCGA-EV-5902-01A,TCGA-EV-5902-01A,1.0,0.0,0.0,0.0,0.0
5,49765108,-,5,49818592,+,KIRP,2604,TCGA-EV-5902-01A,TCGA-EV-5902-01A,1.0,0.0,0.0,0.0,0.0
5,79490455,+,5,79491227,-,KIRP,2605,TCGA-EV-5902-01A,TCGA-EV-5902-01A,1.0,0.0,0.0,0.0,0.0
6,154076575,+,6,154077459,-,KIRP,2606,TCGA-EV-5902-01A,TCGA-EV-5902-01A,1.0,0.0,0.0,0.0,0.0
1,8401049,-,6,99535685,-,KIRP,2607,TCGA-EV-5903-01A,TCGA-EV-5903-01A,1.0,0.0,0.0,0.0,0.0
1,182852950,+,3,44135172,+,KIRP,2608,TCGA-EV-5903-01A,TCGA-EV-5903-01A,1.0,0.0,0.0,0.0,0.0
10,41499112,+,10,41531119,-,KIRP,2609,TCGA-EV-5903-01A,TCGA-EV-5903-01A,1.0,0.0,0.0,0.0,0.0
11,129971537,-,11,134002748,+,KIRP,2610,TCGA-EV-5903-01A,TCGA-EV-5903-01A,1.0,0.0,0.0,0.0,0.0
12,33467448,-,12,33497757,+,KIRP,2611,TCGA-EV-5903-01A,TCGA-EV-5903-01A,1.0,0.0,0.0,0.0,0.0
14,102094591,-,15,77185794,+,KIRP,2612,TCGA-EV-5903-01A,TCGA-EV-5903-01A,1.0,0.0,0.0,0.0,0.0
17,22929920,-,17,23009321,+,KIRP,2613,TCGA-EV-5903-01A,TCGA-EV-5903-01A,1.0,0.0,0.0,0.0,0.0
5,47026928,-,5,47048553,+,KIRP,2614,TCGA-EV-5903-01A,TCGA-EV-5903-01A,1.0,0.0,0.0,0.0,0.0
5,56031171,-,12,30577007,-,KIRP,2615,TCGA-EV-5903-01A,TCGA-EV-5903-01A,1.0,0.0,0.0,0.0,0.0
1,1164298,-,1,31938761,-,KIRP,2616,TCGA-F9-A4JJ-01A,TCGA-F9-A4JJ-01A,1.0,0.0,0.0,0.0,0.0
1,48740529,-,1,48830508,+,KIRP,2617,TCGA-F9-A4JJ-01A,TCGA-F9-A4JJ-01A,1.0,0.0,0.0,0.0,0.0
1,123492492,-,1,123875907,+,KIRP,2618,TCGA-F9-A4JJ-01A,TCGA-F9-A4JJ-01A,1.0,0.0,0.0,0.0,0.0
1,124980139,+,1,124994404,-,KIRP,2619,TCGA-F9-A4JJ-01A,TCGA-F9-A4JJ-01A,1.0,0.0,0.0,0.0,0.0
1,227965413,+,10,38465773,-,KIRP,2620,TCGA-F9-A4JJ-01A,TCGA-F9-A4JJ-01A,1.0,0.0,0.0,0.0,0.0
10,54762,-,18,55125,+,KIRP,2621,TCGA-F9-A4JJ-01A,TCGA-F9-A4JJ-01A,1.0,0.0,0.0,0.0,0.0
10,38668418,-,10,42254672,-,KIRP,2622,TCGA-F9-A4JJ-01A,TCGA-F9-A4JJ-01A,1.0,0.0,0.0,0.0,0.0
11,15595313,-,11,15693224,+,KIRP,2623,TCGA-F9-A4JJ-01A,TCGA-F9-A4JJ-01A,1.0,0.0,0.0,0.0,0.0
11,54394529,+,11,54419093,-,KIRP,2624,TCGA-F9-A4JJ-01A,TCGA-F9-A4JJ-01A,1.0,0.0,0.0,0.0,0.0
12,56070543,-,12,56229011,+,KIRP,2625,TCGA-F9-A4JJ-01A,TCGA-F9-A4JJ-01A,1.0,0.0,0.0,0.0,0.0
13,16382060,-,13,16507006,+,KIRP,2626,TCGA-F9-A4JJ-01A,TCGA-F9-A4JJ-01A,1.0,0.0,0.0,0.0,0.0
16,25930679,+,16,25933448,-,KIRP,2627,TCGA-F9-A4JJ-01A,TCGA-F9-A4JJ-01A,1.0,0.0,0.0,0.0,0.0
16,36350734,+,16,37068867,-,KIRP,2628,TCGA-F9-A4JJ-01A,TCGA-F9-A4JJ-01A,1.0,0.0,0.0,0.0,0.0
16,78356991,-,16,78462057,+,KIRP,2629,TCGA-F9-A4JJ-01A,TCGA-F9-A4JJ-01A,1.0,0.0,0.0,0.0,0.0
16,78656294,+,16,78660207,-,KIRP,2630,TCGA-F9-A4JJ-01A,TCGA-F9-A4JJ-01A,1.0,0.0,0.0,0.0,0.0
17,18216115,-,17,18223905,+,KIRP,2631,TCGA-F9-A4JJ-01A,TCGA-F9-A4JJ-01A,1.0,0.0,0.0,0.0,0.0
17,32322603,-,17,32386120,+,KIRP,2632,TCGA-F9-A4JJ-01A,TCGA-F9-A4JJ-01A,1.0,0.0,0.0,0.0,0.0
18,7567153,+,18,7605815,-,KIRP,2633,TCGA-F9-A4JJ-01A,TCGA-F9-A4JJ-01A,1.0,0.0,0.0,0.0,0.0
19,18786899,-,19,18802615,+,KIRP,2634,TCGA-F9-A4JJ-01A,TCGA-F9-A4JJ-01A,1.0,0.0,0.0,0.0,0.0
19,45054087,+,19,55592002,-,KIRP,2635,TCGA-F9-A4JJ-01A,TCGA-F9-A4JJ-01A,1.0,0.0,0.0,0.0,0.0
2,141215681,+,2,141234460,-,KIRP,2636,TCGA-F9-A4JJ-01A,TCGA-F9-A4JJ-01A,1.0,0.0,0.0,0.0,0.0
2,208835965,-,4,148001681,-,KIRP,2637,TCGA-F9-A4JJ-01A,TCGA-F9-A4JJ-01A,1.0,0.0,0.0,0.0,0.0
20,41318007,-,20,41379276,+,KIRP,2638,TCGA-F9-A4JJ-01A,TCGA-F9-A4JJ-01A,1.0,0.0,0.0,0.0,0.0
22,29591416,+,22,29658647,-,KIRP,2639,TCGA-F9-A4JJ-01A,TCGA-F9-A4JJ-01A,1.0,0.0,0.0,0.0,0.0
3,60353860,-,3,60407919,+,KIRP,2640,TCGA-F9-A4JJ-01A,TCGA-F9-A4JJ-01A,1.0,0.0,0.0,0.0,0.0
3,60591563,+,3,60663720,-,KIRP,2641,TCGA-F9-A4JJ-01A,TCGA-F9-A4JJ-01A,1.0,0.0,0.0,0.0,0.0
3,90850056,-,3,91172950,+,KIRP,2642,TCGA-F9-A4JJ-01A,TCGA-F9-A4JJ-01A,1.0,0.0,0.0,0.0,0.0
3,142564090,-,15,90569575,+,KIRP,2643,TCGA-F9-A4JJ-01A,TCGA-F9-A4JJ-01A,1.0,0.0,0.0,0.0,0.0
5,46433348,-,5,46493414,-,KIRP,2644,TCGA-F9-A4JJ-01A,TCGA-F9-A4JJ-01A,1.0,0.0,0.0,0.0,0.0
5,87335645,-,5,87359071,+,KIRP,2645,TCGA-F9-A4JJ-01A,TCGA-F9-A4JJ-01A,1.0,0.0,0.0,0.0,0.0
5,165168742,+,5,165273528,-,KIRP,2646,TCGA-F9-A4JJ-01A,TCGA-F9-A4JJ-01A,1.0,0.0,0.0,0.0,0.0
6,29888734,+,6,29943478,-,KIRP,2647,TCGA-F9-A4JJ-01A,TCGA-F9-A4JJ-01A,1.0,0.0,0.0,0.0,0.0
6,58265138,-,6,61018372,+,KIRP,2648,TCGA-F9-A4JJ-01A,TCGA-F9-A4JJ-01A,1.0,0.0,0.0,0.0,0.0
7,141230313,+,7,141231595,-,KIRP,2649,TCGA-F9-A4JJ-01A,TCGA-F9-A4JJ-01A,1.0,0.0,0.0,0.0,0.0
7,142491216,+,7,142510646,-,KIRP,2650,TCGA-F9-A4JJ-01A,TCGA-F9-A4JJ-01A,1.0,0.0,0.0,0.0,0.0
8,27700179,+,8,27704542,+,KIRP,2651,TCGA-F9-A4JJ-01A,TCGA-F9-A4JJ-01A,1.0,0.0,0.0,0.0,0.0
8,27700188,-,8,27707548,-,KIRP,2652,TCGA-F9-A4JJ-01A,TCGA-F9-A4JJ-01A,1.0,0.0,0.0,0.0,0.0
8,127812269,-,10,114149842,+,KIRP,2653,TCGA-F9-A4JJ-01A,TCGA-F9-A4JJ-01A,1.0,0.0,0.0,0.0,0.0
9,43178869,-,18,15403866,+,KIRP,2654,TCGA-F9-A4JJ-01A,TCGA-F9-A4JJ-01A,1.0,0.0,0.0,0.0,0.0
9,83063608,-,9,83067318,+,KIRP,2655,TCGA-F9-A4JJ-01A,TCGA-F9-A4JJ-01A,1.0,0.0,0.0,0.0,0.0
23,129264768,+,23,129405465,-,KIRP,2656,TCGA-F9-A4JJ-01A,TCGA-F9-A4JJ-01A,1.0,0.0,0.0,0.0,0.0
23,134405112,+,23,134506817,-,KIRP,2657,TCGA-F9-A4JJ-01A,TCGA-F9-A4JJ-01A,1.0,0.0,0.0,0.0,0.0
1,123239175,+,1,123627766,-,KIRP,2658,TCGA-F9-A7Q0-01A,TCGA-F9-A7Q0-01A,1.0,0.0,0.0,0.0,0.0
13,16048121,-,13,16090282,+,KIRP,2659,TCGA-F9-A7Q0-01A,TCGA-F9-A7Q0-01A,1.0,0.0,0.0,0.0,0.0
13,18234251,+,13,18236230,-,KIRP,2660,TCGA-F9-A7Q0-01A,TCGA-F9-A7Q0-01A,1.0,0.0,0.0,0.0,0.0
13,40637473,+,20,41091574,+,KIRP,2661,TCGA-F9-A7Q0-01A,TCGA-F9-A7Q0-01A,1.0,0.0,0.0,0.0,0.0
15,98374293,+,15,98376102,-,KIRP,2662,TCGA-F9-A7Q0-01A,TCGA-F9-A7Q0-01A,1.0,0.0,0.0,0.0,0.0
2,13819565,+,5,28618710,-,KIRP,2663,TCGA-F9-A7Q0-01A,TCGA-F9-A7Q0-01A,1.0,0.0,0.0,0.0,0.0
2,65925973,+,2,65964850,-,KIRP,2664,TCGA-F9-A7Q0-01A,TCGA-F9-A7Q0-01A,1.0,0.0,0.0,0.0,0.0
2,222866744,-,17,82011319,-,KIRP,2665,TCGA-F9-A7Q0-01A,TCGA-F9-A7Q0-01A,1.0,0.0,0.0,0.0,0.0
3,190147282,-,8,137827726,-,KIRP,2666,TCGA-F9-A7Q0-01A,TCGA-F9-A7Q0-01A,1.0,0.0,0.0,0.0,0.0
5,7260647,-,7,79028269,-,KIRP,2667,TCGA-F9-A7Q0-01A,TCGA-F9-A7Q0-01A,1.0,0.0,0.0,0.0,0.0
6,58292126,-,6,61158473,-,KIRP,2668,TCGA-F9-A7Q0-01A,TCGA-F9-A7Q0-01A,1.0,0.0,0.0,0.0,0.0
6,73839598,+,24,16914011,+,KIRP,2669,TCGA-F9-A7Q0-01A,TCGA-F9-A7Q0-01A,1.0,0.0,0.0,0.0,0.0
7,98394261,+,7,102269153,+,KIRP,2670,TCGA-F9-A7Q0-01A,TCGA-F9-A7Q0-01A,1.0,0.0,0.0,0.0,0.0
9,106855146,-,12,8889468,-,KIRP,2671,TCGA-F9-A7Q0-01A,TCGA-F9-A7Q0-01A,1.0,0.0,0.0,0.0,0.0
11,53170627,+,11,54135038,-,KIRP,2672,TCGA-F9-A7VF-01A,TCGA-F9-A7VF-01A,1.0,0.0,0.0,0.0,0.0
12,34820031,+,12,34821337,+,KIRP,2673,TCGA-F9-A7VF-01A,TCGA-F9-A7VF-01A,1.0,0.0,0.0,0.0,0.0
13,61662706,+,23,146823080,+,KIRP,2674,TCGA-F9-A7VF-01A,TCGA-F9-A7VF-01A,1.0,0.0,0.0,0.0,0.0
13,97611050,-,13,97733763,+,KIRP,2675,TCGA-F9-A7VF-01A,TCGA-F9-A7VF-01A,1.0,0.0,0.0,0.0,0.0
17,25529538,-,17,25530042,+,KIRP,2676,TCGA-F9-A7VF-01A,TCGA-F9-A7VF-01A,1.0,0.0,0.0,0.0,0.0
17,26640334,+,17,26654884,-,KIRP,2677,TCGA-F9-A7VF-01A,TCGA-F9-A7VF-01A,1.0,0.0,0.0,0.0,0.0
18,15472253,-,18,15610389,+,KIRP,2678,TCGA-F9-A7VF-01A,TCGA-F9-A7VF-01A,1.0,0.0,0.0,0.0,0.0
2,20954263,+,21,41672938,+,KIRP,2679,TCGA-F9-A7VF-01A,TCGA-F9-A7VF-01A,1.0,0.0,0.0,0.0,0.0
2,92433382,+,2,92922491,-,KIRP,2680,TCGA-F9-A7VF-01A,TCGA-F9-A7VF-01A,1.0,0.0,0.0,0.0,0.0
2,95846868,+,2,113393726,+,KIRP,2681,TCGA-F9-A7VF-01A,TCGA-F9-A7VF-01A,1.0,0.0,0.0,0.0,0.0
20,28840083,+,20,29155816,-,KIRP,2682,TCGA-F9-A7VF-01A,TCGA-F9-A7VF-01A,1.0,0.0,0.0,0.0,0.0
22,16647589,+,24,26588524,-,KIRP,2683,TCGA-F9-A7VF-01A,TCGA-F9-A7VF-01A,1.0,0.0,0.0,0.0,0.0
3,90849187,-,3,91117712,+,KIRP,2684,TCGA-F9-A7VF-01A,TCGA-F9-A7VF-01A,1.0,0.0,0.0,0.0,0.0
3,91019579,+,3,91147764,-,KIRP,2685,TCGA-F9-A7VF-01A,TCGA-F9-A7VF-01A,1.0,0.0,0.0,0.0,0.0
4,90206781,-,6,100040980,-,KIRP,2686,TCGA-F9-A7VF-01A,TCGA-F9-A7VF-01A,1.0,0.0,0.0,0.0,0.0
5,46601307,+,5,46681256,-,KIRP,2687,TCGA-F9-A7VF-01A,TCGA-F9-A7VF-01A,1.0,0.0,0.0,0.0,0.0
5,49927156,+,5,50030948,-,KIRP,2688,TCGA-F9-A7VF-01A,TCGA-F9-A7VF-01A,1.0,0.0,0.0,0.0,0.0
7,58189292,+,7,58237061,-,KIRP,2689,TCGA-F9-A7VF-01A,TCGA-F9-A7VF-01A,1.0,0.0,0.0,0.0,0.0
8,100706650,-,13,25097754,-,KIRP,2690,TCGA-F9-A7VF-01A,TCGA-F9-A7VF-01A,1.0,0.0,0.0,0.0,0.0
9,43391616,-,9,60679578,-,KIRP,2691,TCGA-F9-A7VF-01A,TCGA-F9-A7VF-01A,1.0,0.0,0.0,0.0,0.0
9,114328041,+,9,114334977,-,KIRP,2692,TCGA-F9-A7VF-01A,TCGA-F9-A7VF-01A,1.0,0.0,0.0,0.0,0.0
1,190930674,+,1,190941030,-,KIRP,2693,TCGA-F9-A8NY-01A,TCGA-F9-A8NY-01A,1.0,0.0,0.0,0.0,0.0
1,190947671,+,1,190948978,-,KIRP,2694,TCGA-F9-A8NY-01A,TCGA-F9-A8NY-01A,1.0,0.0,0.0,0.0,0.0
1,213343393,-,12,38717428,+,KIRP,2695,TCGA-F9-A8NY-01A,TCGA-F9-A8NY-01A,1.0,0.0,0.0,0.0,0.0
11,33419858,-,16,84581168,-,KIRP,2696,TCGA-F9-A8NY-01A,TCGA-F9-A8NY-01A,1.0,0.0,0.0,0.0,0.0
13,75807413,+,13,75810676,-,KIRP,2697,TCGA-F9-A8NY-01A,TCGA-F9-A8NY-01A,1.0,0.0,0.0,0.0,0.0
16,79202826,-,16,79518109,+,KIRP,2698,TCGA-F9-A8NY-01A,TCGA-F9-A8NY-01A,1.0,0.0,0.0,0.0,0.0
17,23028600,-,17,23043222,+,KIRP,2699,TCGA-F9-A8NY-01A,TCGA-F9-A8NY-01A,1.0,0.0,0.0,0.0,0.0
18,15481529,-,18,15536228,+,KIRP,2700,TCGA-F9-A8NY-01A,TCGA-F9-A8NY-01A,1.0,0.0,0.0,0.0,0.0
2,799613,-,16,82139356,+,KIRP,2701,TCGA-F9-A8NY-01A,TCGA-F9-A8NY-01A,1.0,0.0,0.0,0.0,0.0
2,206056027,-,2,206114803,+,KIRP,2702,TCGA-F9-A8NY-01A,TCGA-F9-A8NY-01A,1.0,0.0,0.0,0.0,0.0
2,207604156,-,2,207635739,+,KIRP,2703,TCGA-F9-A8NY-01A,TCGA-F9-A8NY-01A,1.0,0.0,0.0,0.0,0.0
20,19775617,-,20,19828899,+,KIRP,2704,TCGA-F9-A8NY-01A,TCGA-F9-A8NY-01A,1.0,0.0,0.0,0.0,0.0
20,28905708,+,21,7327865,+,KIRP,2705,TCGA-F9-A8NY-01A,TCGA-F9-A8NY-01A,1.0,0.0,0.0,0.0,0.0
20,36048574,-,20,36149119,+,KIRP,2706,TCGA-F9-A8NY-01A,TCGA-F9-A8NY-01A,1.0,0.0,0.0,0.0,0.0
22,29652211,+,22,29683936,-,KIRP,2707,TCGA-F9-A8NY-01A,TCGA-F9-A8NY-01A,1.0,0.0,0.0,0.0,0.0
3,10365906,+,18,58512762,-,KIRP,2708,TCGA-F9-A8NY-01A,TCGA-F9-A8NY-01A,1.0,0.0,0.0,0.0,0.0
3,91067152,+,3,91159083,-,KIRP,2709,TCGA-F9-A8NY-01A,TCGA-F9-A8NY-01A,1.0,0.0,0.0,0.0,0.0
3,116998803,+,3,117065237,-,KIRP,2710,TCGA-F9-A8NY-01A,TCGA-F9-A8NY-01A,1.0,0.0,0.0,0.0,0.0
4,5294100,-,13,92697043,+,KIRP,2711,TCGA-F9-A8NY-01A,TCGA-F9-A8NY-01A,1.0,0.0,0.0,0.0,0.0
4,101249525,+,7,142324887,+,KIRP,2712,TCGA-F9-A8NY-01A,TCGA-F9-A8NY-01A,1.0,0.0,0.0,0.0,0.0
5,49711688,-,5,49755796,+,KIRP,2713,TCGA-F9-A8NY-01A,TCGA-F9-A8NY-01A,1.0,0.0,0.0,0.0,0.0
7,106469424,-,7,106499985,+,KIRP,2714,TCGA-F9-A8NY-01A,TCGA-F9-A8NY-01A,1.0,0.0,0.0,0.0,0.0
9,40543355,-,15,19814990,-,KIRP,2715,TCGA-F9-A8NY-01A,TCGA-F9-A8NY-01A,1.0,0.0,0.0,0.0,0.0
9,43178867,-,18,15403854,+,KIRP,2716,TCGA-F9-A8NY-01A,TCGA-F9-A8NY-01A,1.0,0.0,0.0,0.0,0.0
23,44497358,-,23,44500020,+,KIRP,2717,TCGA-F9-A8NY-01A,TCGA-F9-A8NY-01A,1.0,0.0,0.0,0.0,0.0
1,16040465,-,1,16063043,+,KIRP,2718,TCGA-F9-A97G-01A,TCGA-F9-A97G-01A,1.0,0.0,0.0,0.0,0.0
10,86674711,+,10,86683460,+,KIRP,2719,TCGA-F9-A97G-01A,TCGA-F9-A97G-01A,1.0,0.0,0.0,0.0,0.0
11,76134730,+,23,131858409,-,KIRP,2720,TCGA-F9-A97G-01A,TCGA-F9-A97G-01A,1.0,0.0,0.0,0.0,0.0
11,125543106,+,11,125557088,-,KIRP,2721,TCGA-F9-A97G-01A,TCGA-F9-A97G-01A,1.0,0.0,0.0,0.0,0.0
12,43780405,+,12,43803301,-,KIRP,2722,TCGA-F9-A97G-01A,TCGA-F9-A97G-01A,1.0,0.0,0.0,0.0,0.0
13,16048144,-,13,16090285,+,KIRP,2723,TCGA-F9-A97G-01A,TCGA-F9-A97G-01A,1.0,0.0,0.0,0.0,0.0
13,16918424,+,13,17287364,-,KIRP,2724,TCGA-F9-A97G-01A,TCGA-F9-A97G-01A,1.0,0.0,0.0,0.0,0.0
13,18796454,+,21,13885103,-,KIRP,2725,TCGA-F9-A97G-01A,TCGA-F9-A97G-01A,1.0,0.0,0.0,0.0,0.0
16,47148804,-,16,78407316,+,KIRP,2726,TCGA-F9-A97G-01A,TCGA-F9-A97G-01A,1.0,0.0,0.0,0.0,0.0
16,57687711,-,16,78838723,-,KIRP,2727,TCGA-F9-A97G-01A,TCGA-F9-A97G-01A,1.0,0.0,0.0,0.0,0.0
16,62605497,-,16,62615195,+,KIRP,2728,TCGA-F9-A97G-01A,TCGA-F9-A97G-01A,1.0,0.0,0.0,0.0,0.0
16,79246034,+,16,79248425,-,KIRP,2729,TCGA-F9-A97G-01A,TCGA-F9-A97G-01A,1.0,0.0,0.0,0.0,0.0
16,85697315,+,16,85702885,+,KIRP,2730,TCGA-F9-A97G-01A,TCGA-F9-A97G-01A,1.0,0.0,0.0,0.0,0.0
17,31573665,+,17,31576300,-,KIRP,2731,TCGA-F9-A97G-01A,TCGA-F9-A97G-01A,1.0,0.0,0.0,0.0,0.0
18,15548441,-,18,15699743,+,KIRP,2732,TCGA-F9-A97G-01A,TCGA-F9-A97G-01A,1.0,0.0,0.0,0.0,0.0
2,6253214,+,4,149368943,+,KIRP,2733,TCGA-F9-A97G-01A,TCGA-F9-A97G-01A,1.0,0.0,0.0,0.0,0.0
2,151773981,+,6,31201088,+,KIRP,2734,TCGA-F9-A97G-01A,TCGA-F9-A97G-01A,1.0,0.0,0.0,0.0,0.0
20,26621607,-,20,28416240,+,KIRP,2735,TCGA-F9-A97G-01A,TCGA-F9-A97G-01A,1.0,0.0,0.0,0.0,0.0
20,30013895,-,20,30018161,+,KIRP,2736,TCGA-F9-A97G-01A,TCGA-F9-A97G-01A,1.0,0.0,0.0,0.0,0.0
21,44288567,-,21,44319830,+,KIRP,2737,TCGA-F9-A97G-01A,TCGA-F9-A97G-01A,1.0,0.0,0.0,0.0,0.0
4,2757816,+,4,2760655,-,KIRP,2738,TCGA-F9-A97G-01A,TCGA-F9-A97G-01A,1.0,0.0,0.0,0.0,0.0
4,48923724,+,6,64389931,+,KIRP,2739,TCGA-F9-A97G-01A,TCGA-F9-A97G-01A,1.0,0.0,0.0,0.0,0.0
4,89908111,+,4,89916056,-,KIRP,2740,TCGA-F9-A97G-01A,TCGA-F9-A97G-01A,1.0,0.0,0.0,0.0,0.0
4,90075736,-,4,90166303,+,KIRP,2741,TCGA-F9-A97G-01A,TCGA-F9-A97G-01A,1.0,0.0,0.0,0.0,0.0
4,90863868,+,4,90962482,-,KIRP,2742,TCGA-F9-A97G-01A,TCGA-F9-A97G-01A,1.0,0.0,0.0,0.0,0.0
5,73964576,-,16,57433554,-,KIRP,2743,TCGA-F9-A97G-01A,TCGA-F9-A97G-01A,1.0,0.0,0.0,0.0,0.0
5,90807379,+,5,113012207,-,KIRP,2744,TCGA-F9-A97G-01A,TCGA-F9-A97G-01A,1.0,0.0,0.0,0.0,0.0
5,113597231,+,16,53334995,+,KIRP,2745,TCGA-F9-A97G-01A,TCGA-F9-A97G-01A,1.0,0.0,0.0,0.0,0.0
5,134102291,+,16,53344189,-,KIRP,2746,TCGA-F9-A97G-01A,TCGA-F9-A97G-01A,1.0,0.0,0.0,0.0,0.0
5,138165564,-,16,74059735,+,KIRP,2747,TCGA-F9-A97G-01A,TCGA-F9-A97G-01A,1.0,0.0,0.0,0.0,0.0
5,154093757,+,5,154104698,-,KIRP,2748,TCGA-F9-A97G-01A,TCGA-F9-A97G-01A,1.0,0.0,0.0,0.0,0.0
5,154132313,+,5,154136311,-,KIRP,2749,TCGA-F9-A97G-01A,TCGA-F9-A97G-01A,1.0,0.0,0.0,0.0,0.0
7,137255002,+,7,137265178,-,KIRP,2750,TCGA-F9-A97G-01A,TCGA-F9-A97G-01A,1.0,0.0,0.0,0.0,0.0
7,143201848,+,8,78972346,-,KIRP,2751,TCGA-F9-A97G-01A,TCGA-F9-A97G-01A,1.0,0.0,0.0,0.0,0.0
8,78984913,+,8,78986057,-,KIRP,2752,TCGA-F9-A97G-01A,TCGA-F9-A97G-01A,1.0,0.0,0.0,0.0,0.0
9,22671168,+,9,22837422,-,KIRP,2753,TCGA-F9-A97G-01A,TCGA-F9-A97G-01A,1.0,0.0,0.0,0.0,0.0
23,131856730,+,23,131862652,-,KIRP,2754,TCGA-F9-A97G-01A,TCGA-F9-A97G-01A,1.0,0.0,0.0,0.0,0.0
1,15502907,-,7,148936238,+,KIRP,2755,TCGA-G7-6789-01A,TCGA-G7-6789-01A,1.0,0.0,0.0,0.0,0.0
1,39176168,+,11,77587451,-,KIRP,2756,TCGA-G7-6789-01A,TCGA-G7-6789-01A,1.0,0.0,0.0,0.0,0.0
10,38935428,+,17,26956114,-,KIRP,2757,TCGA-G7-6789-01A,TCGA-G7-6789-01A,1.0,0.0,0.0,0.0,0.0
10,55065997,-,10,55196244,+,KIRP,2758,TCGA-G7-6789-01A,TCGA-G7-6789-01A,1.0,0.0,0.0,0.0,0.0
11,26283354,+,21,31442071,-,KIRP,2759,TCGA-G7-6789-01A,TCGA-G7-6789-01A,1.0,0.0,0.0,0.0,0.0
12,84760915,-,16,68173269,-,KIRP,2760,TCGA-G7-6789-01A,TCGA-G7-6789-01A,1.0,0.0,0.0,0.0,0.0
14,49755856,+,14,49763582,-,KIRP,2761,TCGA-G7-6789-01A,TCGA-G7-6789-01A,1.0,0.0,0.0,0.0,0.0
14,103549077,-,14,103558102,+,KIRP,2762,TCGA-G7-6789-01A,TCGA-G7-6789-01A,1.0,0.0,0.0,0.0,0.0
17,15097866,-,17,37244795,-,KIRP,2763,TCGA-G7-6789-01A,TCGA-G7-6789-01A,1.0,0.0,0.0,0.0,0.0
17,22875209,+,17,23042616,-,KIRP,2764,TCGA-G7-6789-01A,TCGA-G7-6789-01A,1.0,0.0,0.0,0.0,0.0
17,23028451,-,17,23043144,+,KIRP,2765,TCGA-G7-6789-01A,TCGA-G7-6789-01A,1.0,0.0,0.0,0.0,0.0
19,20122763,+,19,20161719,-,KIRP,2766,TCGA-G7-6789-01A,TCGA-G7-6789-01A,1.0,0.0,0.0,0.0,0.0
2,181374649,+,7,104430713,+,KIRP,2767,TCGA-G7-6789-01A,TCGA-G7-6789-01A,1.0,0.0,0.0,0.0,0.0
3,60955614,-,4,176076214,+,KIRP,2768,TCGA-G7-6789-01A,TCGA-G7-6789-01A,1.0,0.0,0.0,0.0,0.0
3,89369314,-,3,89944973,+,KIRP,2769,TCGA-G7-6789-01A,TCGA-G7-6789-01A,1.0,0.0,0.0,0.0,0.0
4,28557667,-,4,70177707,+,KIRP,2770,TCGA-G7-6789-01A,TCGA-G7-6789-01A,1.0,0.0,0.0,0.0,0.0
4,60336314,+,4,69443180,-,KIRP,2771,TCGA-G7-6789-01A,TCGA-G7-6789-01A,1.0,0.0,0.0,0.0,0.0
4,91126683,+,4,91279040,-,KIRP,2772,TCGA-G7-6789-01A,TCGA-G7-6789-01A,1.0,0.0,0.0,0.0,0.0
6,106765830,+,6,106772250,+,KIRP,2773,TCGA-G7-6789-01A,TCGA-G7-6789-01A,1.0,0.0,0.0,0.0,0.0
7,4497345,+,7,9621863,-,KIRP,2774,TCGA-G7-6789-01A,TCGA-G7-6789-01A,1.0,0.0,0.0,0.0,0.0
7,4497400,-,7,9622009,+,KIRP,2775,TCGA-G7-6789-01A,TCGA-G7-6789-01A,1.0,0.0,0.0,0.0,0.0
7,70383537,+,7,70490459,-,KIRP,2776,TCGA-G7-6789-01A,TCGA-G7-6789-01A,1.0,0.0,0.0,0.0,0.0
7,86197260,-,7,86205606,-,KIRP,2777,TCGA-G7-6789-01A,TCGA-G7-6789-01A,1.0,0.0,0.0,0.0,0.0
8,14029971,+,8,14037210,-,KIRP,2778,TCGA-G7-6789-01A,TCGA-G7-6789-01A,1.0,0.0,0.0,0.0,0.0
8,38054723,+,8,38060671,-,KIRP,2779,TCGA-G7-6789-01A,TCGA-G7-6789-01A,1.0,0.0,0.0,0.0,0.0
8,121970038,-,11,34877989,+,KIRP,2780,TCGA-G7-6789-01A,TCGA-G7-6789-01A,1.0,0.0,0.0,0.0,0.0
1,38878294,-,1,38878503,-,KIRP,2781,TCGA-G7-6790-01A,TCGA-G7-6790-01A,1.0,0.0,0.0,0.0,0.0
1,237946437,+,18,71964640,-,KIRP,2782,TCGA-G7-6790-01A,TCGA-G7-6790-01A,1.0,0.0,0.0,0.0,0.0
10,41226830,+,10,41395645,-,KIRP,2783,TCGA-G7-6790-01A,TCGA-G7-6790-01A,1.0,0.0,0.0,0.0,0.0
10,42109569,-,22,16302945,-,KIRP,2784,TCGA-G7-6790-01A,TCGA-G7-6790-01A,1.0,0.0,0.0,0.0,0.0
11,54346050,-,11,54388412,+,KIRP,2785,TCGA-G7-6790-01A,TCGA-G7-6790-01A,1.0,0.0,0.0,0.0,0.0
13,28852949,-,16,75303401,-,KIRP,2786,TCGA-G7-6790-01A,TCGA-G7-6790-01A,1.0,0.0,0.0,0.0,0.0
17,23051631,+,17,23061126,-,KIRP,2787,TCGA-G7-6790-01A,TCGA-G7-6790-01A,1.0,0.0,0.0,0.0,0.0
18,15208206,+,22,16254978,+,KIRP,2788,TCGA-G7-6790-01A,TCGA-G7-6790-01A,1.0,0.0,0.0,0.0,0.0
2,238486730,-,18,63103435,-,KIRP,2789,TCGA-G7-6790-01A,TCGA-G7-6790-01A,1.0,0.0,0.0,0.0,0.0
5,32070906,+,23,65494657,-,KIRP,2790,TCGA-G7-6790-01A,TCGA-G7-6790-01A,1.0,0.0,0.0,0.0,0.0
7,150161225,+,13,86289814,-,KIRP,2791,TCGA-G7-6790-01A,TCGA-G7-6790-01A,1.0,0.0,0.0,0.0,0.0
13,18700433,+,21,13800230,-,KIRP,2792,TCGA-G7-6792-01A,TCGA-G7-6792-01A,1.0,0.0,0.0,0.0,0.0
13,80104084,+,13,80110383,-,KIRP,2793,TCGA-G7-6792-01A,TCGA-G7-6792-01A,1.0,0.0,0.0,0.0,0.0
2,199944,+,2,42958912,-,KIRP,2794,TCGA-G7-6792-01A,TCGA-G7-6792-01A,1.0,0.0,0.0,0.0,0.0
2,702787,-,2,42368693,+,KIRP,2795,TCGA-G7-6792-01A,TCGA-G7-6792-01A,1.0,0.0,0.0,0.0,0.0
2,741075,+,2,7753221,-,KIRP,2796,TCGA-G7-6792-01A,TCGA-G7-6792-01A,1.0,0.0,0.0,0.0,0.0
2,741075,+,2,81599383,+,KIRP,2797,TCGA-G7-6792-01A,TCGA-G7-6792-01A,1.0,0.0,0.0,0.0,0.0
2,750918,-,2,12077238,+,KIRP,2798,TCGA-G7-6792-01A,TCGA-G7-6792-01A,1.0,0.0,0.0,0.0,0.0
2,1028089,+,2,2019232,+,KIRP,2799,TCGA-G7-6792-01A,TCGA-G7-6792-01A,1.0,0.0,0.0,0.0,0.0
2,1032106,-,2,25956574,-,KIRP,2800,TCGA-G7-6792-01A,TCGA-G7-6792-01A,1.0,0.0,0.0,0.0,0.0
2,1746028,+,2,5185498,-,KIRP,2801,TCGA-G7-6792-01A,TCGA-G7-6792-01A,1.0,0.0,0.0,0.0,0.0
2,1760749,-,2,25122800,-,KIRP,2802,TCGA-G7-6792-01A,TCGA-G7-6792-01A,1.0,0.0,0.0,0.0,0.0
2,1964843,+,2,2387794,-,KIRP,2803,TCGA-G7-6792-01A,TCGA-G7-6792-01A,1.0,0.0,0.0,0.0,0.0
2,1972997,-,2,27467350,+,KIRP,2804,TCGA-G7-6792-01A,TCGA-G7-6792-01A,1.0,0.0,0.0,0.0,0.0
2,1977771,+,2,39597960,+,KIRP,2805,TCGA-G7-6792-01A,TCGA-G7-6792-01A,1.0,0.0,0.0,0.0,0.0
2,1984878,-,2,29225473,-,KIRP,2806,TCGA-G7-6792-01A,TCGA-G7-6792-01A,1.0,0.0,0.0,0.0,0.0
2,2020896,-,2,25232711,+,KIRP,2807,TCGA-G7-6792-01A,TCGA-G7-6792-01A,1.0,0.0,0.0,0.0,0.0
2,2307191,+,2,8833016,-,KIRP,2808,TCGA-G7-6792-01A,TCGA-G7-6792-01A,1.0,0.0,0.0,0.0,0.0
2,2482072,+,2,42114749,+,KIRP,2809,TCGA-G7-6792-01A,TCGA-G7-6792-01A,1.0,0.0,0.0,0.0,0.0
2,2482635,-,2,42051898,+,KIRP,2810,TCGA-G7-6792-01A,TCGA-G7-6792-01A,1.0,0.0,0.0,0.0,0.0
2,2939967,+,2,8583407,-,KIRP,2811,TCGA-G7-6792-01A,TCGA-G7-6792-01A,1.0,0.0,0.0,0.0,0.0
2,2940759,-,2,8532783,-,KIRP,2812,TCGA-G7-6792-01A,TCGA-G7-6792-01A,1.0,0.0,0.0,0.0,0.0
2,3098981,+,2,6063027,+,KIRP,2813,TCGA-G7-6792-01A,TCGA-G7-6792-01A,1.0,0.0,0.0,0.0,0.0
2,3335158,-,2,27230729,+,KIRP,2814,TCGA-G7-6792-01A,TCGA-G7-6792-01A,1.0,0.0,0.0,0.0,0.0
2,3944730,+,2,10415060,+,KIRP,2815,TCGA-G7-6792-01A,TCGA-G7-6792-01A,1.0,0.0,0.0,0.0,0.0
2,3946392,-,2,33383881,-,KIRP,2816,TCGA-G7-6792-01A,TCGA-G7-6792-01A,1.0,0.0,0.0,0.0,0.0
2,3956689,+,2,21886153,+,KIRP,2817,TCGA-G7-6792-01A,TCGA-G7-6792-01A,1.0,0.0,0.0,0.0,0.0
2,3957186,-,2,6829088,-,KIRP,2818,TCGA-G7-6792-01A,TCGA-G7-6792-01A,1.0,0.0,0.0,0.0,0.0
2,4226263,+,2,9132439,+,KIRP,2819,TCGA-G7-6792-01A,TCGA-G7-6792-01A,1.0,0.0,0.0,0.0,0.0
2,4278140,-,2,42052372,-,KIRP,2820,TCGA-G7-6792-01A,TCGA-G7-6792-01A,1.0,0.0,0.0,0.0,0.0
2,5184151,+,2,12426720,+,KIRP,2821,TCGA-G7-6792-01A,TCGA-G7-6792-01A,1.0,0.0,0.0,0.0,0.0
2,5545997,+,2,42124370,+,KIRP,2822,TCGA-G7-6792-01A,TCGA-G7-6792-01A,1.0,0.0,0.0,0.0,0.0
2,5840345,-,2,27274718,+,KIRP,2823,TCGA-G7-6792-01A,TCGA-G7-6792-01A,1.0,0.0,0.0,0.0,0.0
2,6066167,-,2,30086242,-,KIRP,2824,TCGA-G7-6792-01A,TCGA-G7-6792-01A,1.0,0.0,0.0,0.0,0.0
2,6190541,+,2,42150908,+,KIRP,2825,TCGA-G7-6792-01A,TCGA-G7-6792-01A,1.0,0.0,0.0,0.0,0.0
2,6190933,-,2,33650667,+,KIRP,2826,TCGA-G7-6792-01A,TCGA-G7-6792-01A,1.0,0.0,0.0,0.0,0.0
2,6376332,-,2,17795424,-,KIRP,2827,TCGA-G7-6792-01A,TCGA-G7-6792-01A,1.0,0.0,0.0,0.0,0.0
2,6475901,+,2,27493604,-,KIRP,2828,TCGA-G7-6792-01A,TCGA-G7-6792-01A,1.0,0.0,0.0,0.0,0.0
2,6476036,-,2,27512580,-,KIRP,2829,TCGA-G7-6792-01A,TCGA-G7-6792-01A,1.0,0.0,0.0,0.0,0.0
2,6602244,+,2,41496277,+,KIRP,2830,TCGA-G7-6792-01A,TCGA-G7-6792-01A,1.0,0.0,0.0,0.0,0.0
2,6604147,-,2,33120661,+,KIRP,2831,TCGA-G7-6792-01A,TCGA-G7-6792-01A,1.0,0.0,0.0,0.0,0.0
2,6719215,+,2,24799871,+,KIRP,2832,TCGA-G7-6792-01A,TCGA-G7-6792-01A,1.0,0.0,0.0,0.0,0.0
2,6720242,-,2,15058446,-,KIRP,2833,TCGA-G7-6792-01A,TCGA-G7-6792-01A,1.0,0.0,0.0,0.0,0.0
2,6819714,+,2,12331434,-,KIRP,2834,TCGA-G7-6792-01A,TCGA-G7-6792-01A,1.0,0.0,0.0,0.0,0.0
2,6857705,+,2,26035484,-,KIRP,2835,TCGA-G7-6792-01A,TCGA-G7-6792-01A,1.0,0.0,0.0,0.0,0.0
2,6868776,-,2,10294909,-,KIRP,2836,TCGA-G7-6792-01A,TCGA-G7-6792-01A,1.0,0.0,0.0,0.0,0.0
2,7745631,+,2,20887281,+,KIRP,2837,TCGA-G7-6792-01A,TCGA-G7-6792-01A,1.0,0.0,0.0,0.0,0.0
2,7753220,-,2,81599244,-,KIRP,2838,TCGA-G7-6792-01A,TCGA-G7-6792-01A,1.0,0.0,0.0,0.0,0.0
2,7836663,+,2,27478407,-,KIRP,2839,TCGA-G7-6792-01A,TCGA-G7-6792-01A,1.0,0.0,0.0,0.0,0.0
2,7837892,-,2,38368831,+,KIRP,2840,TCGA-G7-6792-01A,TCGA-G7-6792-01A,1.0,0.0,0.0,0.0,0.0
2,7918564,+,2,9831610,+,KIRP,2841,TCGA-G7-6792-01A,TCGA-G7-6792-01A,1.0,0.0,0.0,0.0,0.0
2,7919458,-,2,8449166,-,KIRP,2842,TCGA-G7-6792-01A,TCGA-G7-6792-01A,1.0,0.0,0.0,0.0,0.0
2,8448513,+,2,28743824,+,KIRP,2843,TCGA-G7-6792-01A,TCGA-G7-6792-01A,1.0,0.0,0.0,0.0,0.0
2,8448513,+,2,38320947,+,KIRP,2844,TCGA-G7-6792-01A,TCGA-G7-6792-01A,1.0,0.0,0.0,0.0,0.0
2,8532108,+,2,29872473,-,KIRP,2845,TCGA-G7-6792-01A,TCGA-G7-6792-01A,1.0,0.0,0.0,0.0,0.0
2,8582501,+,2,19795545,-,KIRP,2846,TCGA-G7-6792-01A,TCGA-G7-6792-01A,1.0,0.0,0.0,0.0,0.0
2,8811799,+,2,23072394,+,KIRP,2847,TCGA-G7-6792-01A,TCGA-G7-6792-01A,1.0,0.0,0.0,0.0,0.0
2,8924722,+,2,22329055,+,KIRP,2848,TCGA-G7-6792-01A,TCGA-G7-6792-01A,1.0,0.0,0.0,0.0,0.0
2,9000335,-,2,10280874,-,KIRP,2849,TCGA-G7-6792-01A,TCGA-G7-6792-01A,1.0,0.0,0.0,0.0,0.0
2,9022179,+,2,22005878,+,KIRP,2850,TCGA-G7-6792-01A,TCGA-G7-6792-01A,1.0,0.0,0.0,0.0,0.0
2,9025103,-,2,41869059,+,KIRP,2851,TCGA-G7-6792-01A,TCGA-G7-6792-01A,1.0,0.0,0.0,0.0,0.0
2,9654849,-,2,41478828,+,KIRP,2852,TCGA-G7-6792-01A,TCGA-G7-6792-01A,1.0,0.0,0.0,0.0,0.0
2,9815299,+,2,17017119,+,KIRP,2853,TCGA-G7-6792-01A,TCGA-G7-6792-01A,1.0,0.0,0.0,0.0,0.0
2,9816287,-,2,14332890,+,KIRP,2854,TCGA-G7-6792-01A,TCGA-G7-6792-01A,1.0,0.0,0.0,0.0,0.0
2,9832392,-,2,36909912,+,KIRP,2855,TCGA-G7-6792-01A,TCGA-G7-6792-01A,1.0,0.0,0.0,0.0,0.0
2,10010043,+,2,27145545,-,KIRP,2856,TCGA-G7-6792-01A,TCGA-G7-6792-01A,1.0,0.0,0.0,0.0,0.0
2,10285476,+,2,38320928,+,KIRP,2857,TCGA-G7-6792-01A,TCGA-G7-6792-01A,1.0,0.0,0.0,0.0,0.0
2,10290826,-,2,41491992,-,KIRP,2858,TCGA-G7-6792-01A,TCGA-G7-6792-01A,1.0,0.0,0.0,0.0,0.0
2,10400445,+,2,30765921,-,KIRP,2859,TCGA-G7-6792-01A,TCGA-G7-6792-01A,1.0,0.0,0.0,0.0,0.0
2,10406295,-,2,27237833,-,KIRP,2860,TCGA-G7-6792-01A,TCGA-G7-6792-01A,1.0,0.0,0.0,0.0,0.0
2,10416990,-,2,13250521,+,KIRP,2861,TCGA-G7-6792-01A,TCGA-G7-6792-01A,1.0,0.0,0.0,0.0,0.0
2,10460283,+,2,18802857,-,KIRP,2862,TCGA-G7-6792-01A,TCGA-G7-6792-01A,1.0,0.0,0.0,0.0,0.0
2,10468043,-,2,27275177,-,KIRP,2863,TCGA-G7-6792-01A,TCGA-G7-6792-01A,1.0,0.0,0.0,0.0,0.0
2,10542297,-,2,37077804,+,KIRP,2864,TCGA-G7-6792-01A,TCGA-G7-6792-01A,1.0,0.0,0.0,0.0,0.0
2,10599375,+,2,35250695,-,KIRP,2865,TCGA-G7-6792-01A,TCGA-G7-6792-01A,1.0,0.0,0.0,0.0,0.0
2,10693985,-,2,41131122,-,KIRP,2866,TCGA-G7-6792-01A,TCGA-G7-6792-01A,1.0,0.0,0.0,0.0,0.0
2,10709360,+,2,43076636,-,KIRP,2867,TCGA-G7-6792-01A,TCGA-G7-6792-01A,1.0,0.0,0.0,0.0,0.0
2,10710254,-,2,35235778,+,KIRP,2868,TCGA-G7-6792-01A,TCGA-G7-6792-01A,1.0,0.0,0.0,0.0,0.0
2,10789054,+,2,12911021,+,KIRP,2869,TCGA-G7-6792-01A,TCGA-G7-6792-01A,1.0,0.0,0.0,0.0,0.0
2,11300283,-,2,24597577,-,KIRP,2870,TCGA-G7-6792-01A,TCGA-G7-6792-01A,1.0,0.0,0.0,0.0,0.0
2,11736990,-,2,24597148,+,KIRP,2871,TCGA-G7-6792-01A,TCGA-G7-6792-01A,1.0,0.0,0.0,0.0,0.0
2,12077365,-,2,26354275,+,KIRP,2872,TCGA-G7-6792-01A,TCGA-G7-6792-01A,1.0,0.0,0.0,0.0,0.0
2,12077837,+,2,12079313,-,KIRP,2873,TCGA-G7-6792-01A,TCGA-G7-6792-01A,1.0,0.0,0.0,0.0,0.0
2,12327557,+,2,33121303,-,KIRP,2874,TCGA-G7-6792-01A,TCGA-G7-6792-01A,1.0,0.0,0.0,0.0,0.0
2,12715192,-,2,38218227,-,KIRP,2875,TCGA-G7-6792-01A,TCGA-G7-6792-01A,1.0,0.0,0.0,0.0,0.0
2,12911760,-,2,27427775,-,KIRP,2876,TCGA-G7-6792-01A,TCGA-G7-6792-01A,1.0,0.0,0.0,0.0,0.0
2,14309581,-,2,30313981,-,KIRP,2877,TCGA-G7-6792-01A,TCGA-G7-6792-01A,1.0,0.0,0.0,0.0,0.0
2,14333390,-,2,22544859,-,KIRP,2878,TCGA-G7-6792-01A,TCGA-G7-6792-01A,1.0,0.0,0.0,0.0,0.0
2,14527346,+,2,36511913,-,KIRP,2879,TCGA-G7-6792-01A,TCGA-G7-6792-01A,1.0,0.0,0.0,0.0,0.0
2,14528135,-,2,27536533,+,KIRP,2880,TCGA-G7-6792-01A,TCGA-G7-6792-01A,1.0,0.0,0.0,0.0,0.0
2,14632284,+,2,18152342,-,KIRP,2881,TCGA-G7-6792-01A,TCGA-G7-6792-01A,1.0,0.0,0.0,0.0,0.0
2,14896150,-,2,38216933,+,KIRP,2882,TCGA-G7-6792-01A,TCGA-G7-6792-01A,1.0,0.0,0.0,0.0,0.0
2,15012247,+,2,35197239,+,KIRP,2883,TCGA-G7-6792-01A,TCGA-G7-6792-01A,1.0,0.0,0.0,0.0,0.0
2,15157617,+,2,22332416,-,KIRP,2884,TCGA-G7-6792-01A,TCGA-G7-6792-01A,1.0,0.0,0.0,0.0,0.0
2,15161069,-,2,31002098,-,KIRP,2885,TCGA-G7-6792-01A,TCGA-G7-6792-01A,1.0,0.0,0.0,0.0,0.0
2,15194192,+,2,21534127,+,KIRP,2886,TCGA-G7-6792-01A,TCGA-G7-6792-01A,1.0,0.0,0.0,0.0,0.0
2,16277633,-,2,43074403,+,KIRP,2887,TCGA-G7-6792-01A,TCGA-G7-6792-01A,1.0,0.0,0.0,0.0,0.0
2,16558907,+,2,16709431,-,KIRP,2888,TCGA-G7-6792-01A,TCGA-G7-6792-01A,1.0,0.0,0.0,0.0,0.0
2,16560157,-,2,81597790,+,KIRP,2889,TCGA-G7-6792-01A,TCGA-G7-6792-01A,1.0,0.0,0.0,0.0,0.0
2,16586925,+,2,40153922,-,KIRP,2890,TCGA-G7-6792-01A,TCGA-G7-6792-01A,1.0,0.0,0.0,0.0,0.0
2,16697496,+,2,26329597,+,KIRP,2891,TCGA-G7-6792-01A,TCGA-G7-6792-01A,1.0,0.0,0.0,0.0,0.0
2,16697497,-,2,26820757,+,KIRP,2892,TCGA-G7-6792-01A,TCGA-G7-6792-01A,1.0,0.0,0.0,0.0,0.0
2,16697610,+,2,39834520,-,KIRP,2893,TCGA-G7-6792-01A,TCGA-G7-6792-01A,1.0,0.0,0.0,0.0,0.0
2,17019457,-,2,18801651,+,KIRP,2894,TCGA-G7-6792-01A,TCGA-G7-6792-01A,1.0,0.0,0.0,0.0,0.0
2,17066373,+,2,26825179,-,KIRP,2895,TCGA-G7-6792-01A,TCGA-G7-6792-01A,1.0,0.0,0.0,0.0,0.0
2,17149732,-,2,42958631,+,KIRP,2896,TCGA-G7-6792-01A,TCGA-G7-6792-01A,1.0,0.0,0.0,0.0,0.0
2,17794590,+,2,39388711,-,KIRP,2897,TCGA-G7-6792-01A,TCGA-G7-6792-01A,1.0,0.0,0.0,0.0,0.0
2,18136005,+,2,26227629,+,KIRP,2898,TCGA-G7-6792-01A,TCGA-G7-6792-01A,1.0,0.0,0.0,0.0,0.0
2,18958402,+,2,21535481,-,KIRP,2899,TCGA-G7-6792-01A,TCGA-G7-6792-01A,1.0,0.0,0.0,0.0,0.0
2,19092414,-,2,32018730,-,KIRP,2900,TCGA-G7-6792-01A,TCGA-G7-6792-01A,1.0,0.0,0.0,0.0,0.0
2,19671122,+,2,19794449,+,KIRP,2901,TCGA-G7-6792-01A,TCGA-G7-6792-01A,1.0,0.0,0.0,0.0,0.0
2,19674957,-,2,31701956,+,KIRP,2902,TCGA-G7-6792-01A,TCGA-G7-6792-01A,1.0,0.0,0.0,0.0,0.0
2,20444504,+,2,37084161,-,KIRP,2903,TCGA-G7-6792-01A,TCGA-G7-6792-01A,1.0,0.0,0.0,0.0,0.0
2,20599676,-,2,81542337,+,KIRP,2904,TCGA-G7-6792-01A,TCGA-G7-6792-01A,1.0,0.0,0.0,0.0,0.0
2,20889800,-,2,85968015,-,KIRP,2905,TCGA-G7-6792-01A,TCGA-G7-6792-01A,1.0,0.0,0.0,0.0,0.0
2,21049981,-,2,38171432,-,KIRP,2906,TCGA-G7-6792-01A,TCGA-G7-6792-01A,1.0,0.0,0.0,0.0,0.0
2,21887837,-,2,41869659,-,KIRP,2907,TCGA-G7-6792-01A,TCGA-G7-6792-01A,1.0,0.0,0.0,0.0,0.0
2,22008953,-,2,39833289,-,KIRP,2908,TCGA-G7-6792-01A,TCGA-G7-6792-01A,1.0,0.0,0.0,0.0,0.0
2,22543183,+,2,38321486,-,KIRP,2909,TCGA-G7-6792-01A,TCGA-G7-6792-01A,1.0,0.0,0.0,0.0,0.0
2,23029796,+,2,27532936,-,KIRP,2910,TCGA-G7-6792-01A,TCGA-G7-6792-01A,1.0,0.0,0.0,0.0,0.0
2,23042868,-,2,28751890,+,KIRP,2911,TCGA-G7-6792-01A,TCGA-G7-6792-01A,1.0,0.0,0.0,0.0,0.0
2,23072935,-,2,26544013,-,KIRP,2912,TCGA-G7-6792-01A,TCGA-G7-6792-01A,1.0,0.0,0.0,0.0,0.0
2,23170451,+,2,24875858,+,KIRP,2913,TCGA-G7-6792-01A,TCGA-G7-6792-01A,1.0,0.0,0.0,0.0,0.0
2,23171375,-,2,39163163,+,KIRP,2914,TCGA-G7-6792-01A,TCGA-G7-6792-01A,1.0,0.0,0.0,0.0,0.0
2,24809146,-,2,42127611,-,KIRP,2915,TCGA-G7-6792-01A,TCGA-G7-6792-01A,1.0,0.0,0.0,0.0,0.0
2,25235460,-,2,27349786,+,KIRP,2916,TCGA-G7-6792-01A,TCGA-G7-6792-01A,1.0,0.0,0.0,0.0,0.0
2,25293297,+,2,29872005,+,KIRP,2917,TCGA-G7-6792-01A,TCGA-G7-6792-01A,1.0,0.0,0.0,0.0,0.0
2,25471369,-,2,37156203,+,KIRP,2918,TCGA-G7-6792-01A,TCGA-G7-6792-01A,1.0,0.0,0.0,0.0,0.0
2,25643271,+,2,26330189,-,KIRP,2919,TCGA-G7-6792-01A,TCGA-G7-6792-01A,1.0,0.0,0.0,0.0,0.0
2,26032479,+,2,36454570,-,KIRP,2920,TCGA-G7-6792-01A,TCGA-G7-6792-01A,1.0,0.0,0.0,0.0,0.0
2,26046713,+,2,28031586,-,KIRP,2921,TCGA-G7-6792-01A,TCGA-G7-6792-01A,1.0,0.0,0.0,0.0,0.0
2,26167554,+,2,33472164,-,KIRP,2922,TCGA-G7-6792-01A,TCGA-G7-6792-01A,1.0,0.0,0.0,0.0,0.0
2,26169098,-,2,31066871,+,KIRP,2923,TCGA-G7-6792-01A,TCGA-G7-6792-01A,1.0,0.0,0.0,0.0,0.0
2,26230177,-,2,42772096,-,KIRP,2924,TCGA-G7-6792-01A,TCGA-G7-6792-01A,1.0,0.0,0.0,0.0,0.0
2,26354848,-,2,37525696,+,KIRP,2925,TCGA-G7-6792-01A,TCGA-G7-6792-01A,1.0,0.0,0.0,0.0,0.0
2,26541888,+,2,35923261,+,KIRP,2926,TCGA-G7-6792-01A,TCGA-G7-6792-01A,1.0,0.0,0.0,0.0,0.0
2,26820757,+,2,39834450,-,KIRP,2927,TCGA-G7-6792-01A,TCGA-G7-6792-01A,1.0,0.0,0.0,0.0,0.0
2,26950881,+,2,36456804,+,KIRP,2928,TCGA-G7-6792-01A,TCGA-G7-6792-01A,1.0,0.0,0.0,0.0,0.0
2,27417838,-,2,39568822,+,KIRP,2929,TCGA-G7-6792-01A,TCGA-G7-6792-01A,1.0,0.0,0.0,0.0,0.0
2,27425432,+,2,35197940,-,KIRP,2930,TCGA-G7-6792-01A,TCGA-G7-6792-01A,1.0,0.0,0.0,0.0,0.0
2,27486728,+,2,86000301,-,KIRP,2931,TCGA-G7-6792-01A,TCGA-G7-6792-01A,1.0,0.0,0.0,0.0,0.0
2,27511252,+,2,35991502,-,KIRP,2932,TCGA-G7-6792-01A,TCGA-G7-6792-01A,1.0,0.0,0.0,0.0,0.0
2,27511320,-,2,35991634,-,KIRP,2933,TCGA-G7-6792-01A,TCGA-G7-6792-01A,1.0,0.0,0.0,0.0,0.0
2,27529899,+,2,30762808,+,KIRP,2934,TCGA-G7-6792-01A,TCGA-G7-6792-01A,1.0,0.0,0.0,0.0,0.0
2,27537307,-,2,28751892,-,KIRP,2935,TCGA-G7-6792-01A,TCGA-G7-6792-01A,1.0,0.0,0.0,0.0,0.0
2,27688295,+,2,41496975,-,KIRP,2936,TCGA-G7-6792-01A,TCGA-G7-6792-01A,1.0,0.0,0.0,0.0,0.0
2,29224658,+,2,35238128,-,KIRP,2937,TCGA-G7-6792-01A,TCGA-G7-6792-01A,1.0,0.0,0.0,0.0,0.0
2,29704675,+,2,30312452,+,KIRP,2938,TCGA-G7-6792-01A,TCGA-G7-6792-01A,1.0,0.0,0.0,0.0,0.0
2,29712674,-,2,33421914,+,KIRP,2939,TCGA-G7-6792-01A,TCGA-G7-6792-01A,1.0,0.0,0.0,0.0,0.0
2,29894146,+,2,33377931,+,KIRP,2940,TCGA-G7-6792-01A,TCGA-G7-6792-01A,1.0,0.0,0.0,0.0,0.0
2,31001597,+,2,39834454,+,KIRP,2941,TCGA-G7-6792-01A,TCGA-G7-6792-01A,1.0,0.0,0.0,0.0,0.0
2,31218571,-,2,35692716,+,KIRP,2942,TCGA-G7-6792-01A,TCGA-G7-6792-01A,1.0,0.0,0.0,0.0,0.0
2,31872064,-,2,86165622,+,KIRP,2943,TCGA-G7-6792-01A,TCGA-G7-6792-01A,1.0,0.0,0.0,0.0,0.0
2,32017207,+,2,37171888,-,KIRP,2944,TCGA-G7-6792-01A,TCGA-G7-6792-01A,1.0,0.0,0.0,0.0,0.0
2,32417009,+,2,81532409,-,KIRP,2945,TCGA-G7-6792-01A,TCGA-G7-6792-01A,1.0,0.0,0.0,0.0,0.0
2,32417689,-,2,34691721,-,KIRP,2946,TCGA-G7-6792-01A,TCGA-G7-6792-01A,1.0,0.0,0.0,0.0,0.0
2,34189128,-,2,85884632,+,KIRP,2947,TCGA-G7-6792-01A,TCGA-G7-6792-01A,1.0,0.0,0.0,0.0,0.0
2,34604114,-,2,85849084,-,KIRP,2948,TCGA-G7-6792-01A,TCGA-G7-6792-01A,1.0,0.0,0.0,0.0,0.0
2,34605514,+,2,36451708,+,KIRP,2949,TCGA-G7-6792-01A,TCGA-G7-6792-01A,1.0,0.0,0.0,0.0,0.0
2,34722893,+,2,40022138,+,KIRP,2950,TCGA-G7-6792-01A,TCGA-G7-6792-01A,1.0,0.0,0.0,0.0,0.0
2,34747502,-,2,42372363,-,KIRP,2951,TCGA-G7-6792-01A,TCGA-G7-6792-01A,1.0,0.0,0.0,0.0,0.0
2,35243750,+,2,36910503,-,KIRP,2952,TCGA-G7-6792-01A,TCGA-G7-6792-01A,1.0,0.0,0.0,0.0,0.0
2,36101354,+,2,39570038,-,KIRP,2953,TCGA-G7-6792-01A,TCGA-G7-6792-01A,1.0,0.0,0.0,0.0,0.0
2,36459101,-,2,86465461,+,KIRP,2954,TCGA-G7-6792-01A,TCGA-G7-6792-01A,1.0,0.0,0.0,0.0,0.0
2,36507766,+,2,42771110,+,KIRP,2955,TCGA-G7-6792-01A,TCGA-G7-6792-01A,1.0,0.0,0.0,0.0,0.0
2,38900911,-,2,86405197,+,KIRP,2956,TCGA-G7-6792-01A,TCGA-G7-6792-01A,1.0,0.0,0.0,0.0,0.0
2,40251601,+,2,43330697,+,KIRP,2957,TCGA-G7-6792-01A,TCGA-G7-6792-01A,1.0,0.0,0.0,0.0,0.0
2,41491993,-,2,86182620,-,KIRP,2958,TCGA-G7-6792-01A,TCGA-G7-6792-01A,1.0,0.0,0.0,0.0,0.0
2,42116267,-,2,42331647,-,KIRP,2959,TCGA-G7-6792-01A,TCGA-G7-6792-01A,1.0,0.0,0.0,0.0,0.0
2,81596179,-,2,81597796,-,KIRP,2960,TCGA-G7-6792-01A,TCGA-G7-6792-01A,1.0,0.0,0.0,0.0,0.0
2,81800836,+,2,86411089,-,KIRP,2961,TCGA-G7-6792-01A,TCGA-G7-6792-01A,1.0,0.0,0.0,0.0,0.0
5,121055425,-,13,46971544,-,KIRP,2962,TCGA-G7-6792-01A,TCGA-G7-6792-01A,1.0,0.0,0.0,0.0,0.0
23,76229806,-,23,76230095,+,KIRP,2963,TCGA-G7-6792-01A,TCGA-G7-6792-01A,1.0,0.0,0.0,0.0,0.0
1,26925938,-,1,27022096,+,KIRP,2964,TCGA-G7-6793-01A,TCGA-G7-6793-01A,1.0,0.0,0.0,0.0,0.0
1,28280204,-,1,28583175,+,KIRP,2965,TCGA-G7-6793-01A,TCGA-G7-6793-01A,1.0,0.0,0.0,0.0,0.0
1,31512067,-,1,31648682,+,KIRP,2966,TCGA-G7-6793-01A,TCGA-G7-6793-01A,1.0,0.0,0.0,0.0,0.0
1,36322531,-,1,36446198,+,KIRP,2967,TCGA-G7-6793-01A,TCGA-G7-6793-01A,1.0,0.0,0.0,0.0,0.0
1,165366064,-,1,165433630,+,KIRP,2968,TCGA-G7-6793-01A,TCGA-G7-6793-01A,1.0,0.0,0.0,0.0,0.0
1,193649404,+,1,193878917,-,KIRP,2969,TCGA-G7-6793-01A,TCGA-G7-6793-01A,1.0,0.0,0.0,0.0,0.0
1,205526987,-,1,205656074,+,KIRP,2970,TCGA-G7-6793-01A,TCGA-G7-6793-01A,1.0,0.0,0.0,0.0,0.0
1,226248363,-,1,226466411,+,KIRP,2971,TCGA-G7-6793-01A,TCGA-G7-6793-01A,1.0,0.0,0.0,0.0,0.0
10,16273322,-,10,16304234,+,KIRP,2972,TCGA-G7-6793-01A,TCGA-G7-6793-01A,1.0,0.0,0.0,0.0,0.0
10,42237841,-,10,42264387,+,KIRP,2973,TCGA-G7-6793-01A,TCGA-G7-6793-01A,1.0,0.0,0.0,0.0,0.0
10,92026741,-,10,92054071,+,KIRP,2974,TCGA-G7-6793-01A,TCGA-G7-6793-01A,1.0,0.0,0.0,0.0,0.0
11,28643068,-,11,28790791,+,KIRP,2975,TCGA-G7-6793-01A,TCGA-G7-6793-01A,1.0,0.0,0.0,0.0,0.0
11,52714127,-,11,54231593,+,KIRP,2976,TCGA-G7-6793-01A,TCGA-G7-6793-01A,1.0,0.0,0.0,0.0,0.0
12,20817798,+,12,20820138,-,KIRP,2977,TCGA-G7-6793-01A,TCGA-G7-6793-01A,1.0,0.0,0.0,0.0,0.0
12,29749895,+,12,29755970,-,KIRP,2978,TCGA-G7-6793-01A,TCGA-G7-6793-01A,1.0,0.0,0.0,0.0,0.0
12,38302433,-,12,51946331,-,KIRP,2979,TCGA-G7-6793-01A,TCGA-G7-6793-01A,1.0,0.0,0.0,0.0,0.0
12,40903091,+,12,51230401,+,KIRP,2980,TCGA-G7-6793-01A,TCGA-G7-6793-01A,1.0,0.0,0.0,0.0,0.0
12,40908744,-,12,42051435,-,KIRP,2981,TCGA-G7-6793-01A,TCGA-G7-6793-01A,1.0,0.0,0.0,0.0,0.0
12,40912733,-,12,50253546,+,KIRP,2982,TCGA-G7-6793-01A,TCGA-G7-6793-01A,1.0,0.0,0.0,0.0,0.0
12,41306087,+,12,42071477,-,KIRP,2983,TCGA-G7-6793-01A,TCGA-G7-6793-01A,1.0,0.0,0.0,0.0,0.0
12,42194454,+,12,43425948,-,KIRP,2984,TCGA-G7-6793-01A,TCGA-G7-6793-01A,1.0,0.0,0.0,0.0,0.0
12,43418106,+,12,51930568,+,KIRP,2985,TCGA-G7-6793-01A,TCGA-G7-6793-01A,1.0,0.0,0.0,0.0,0.0
12,44729983,-,12,51431704,+,KIRP,2986,TCGA-G7-6793-01A,TCGA-G7-6793-01A,1.0,0.0,0.0,0.0,0.0
12,45643757,+,12,50251121,+,KIRP,2987,TCGA-G7-6793-01A,TCGA-G7-6793-01A,1.0,0.0,0.0,0.0,0.0
12,51232194,+,12,51236777,+,KIRP,2988,TCGA-G7-6793-01A,TCGA-G7-6793-01A,1.0,0.0,0.0,0.0,0.0
12,54107633,-,12,54226688,+,KIRP,2989,TCGA-G7-6793-01A,TCGA-G7-6793-01A,1.0,0.0,0.0,0.0,0.0
12,103947025,-,12,103947144,+,KIRP,2990,TCGA-G7-6793-01A,TCGA-G7-6793-01A,1.0,0.0,0.0,0.0,0.0
12,121533182,-,12,121547189,+,KIRP,2991,TCGA-G7-6793-01A,TCGA-G7-6793-01A,1.0,0.0,0.0,0.0,0.0
12,121533183,-,12,121837955,+,KIRP,2992,TCGA-G7-6793-01A,TCGA-G7-6793-01A,1.0,0.0,0.0,0.0,0.0
12,121544960,+,12,121548120,-,KIRP,2993,TCGA-G7-6793-01A,TCGA-G7-6793-01A,1.0,0.0,0.0,0.0,0.0
12,121546991,-,12,121837958,+,KIRP,2994,TCGA-G7-6793-01A,TCGA-G7-6793-01A,1.0,0.0,0.0,0.0,0.0
13,52033901,-,13,52445343,+,KIRP,2995,TCGA-G7-6793-01A,TCGA-G7-6793-01A,1.0,0.0,0.0,0.0,0.0
14,50929936,-,14,51059191,+,KIRP,2996,TCGA-G7-6793-01A,TCGA-G7-6793-01A,1.0,0.0,0.0,0.0,0.0
14,68481401,-,14,68509236,+,KIRP,2997,TCGA-G7-6793-01A,TCGA-G7-6793-01A,1.0,0.0,0.0,0.0,0.0
14,90693341,-,14,90909895,+,KIRP,2998,TCGA-G7-6793-01A,TCGA-G7-6793-01A,1.0,0.0,0.0,0.0,0.0
15,42026689,-,15,42188339,+,KIRP,2999,TCGA-G7-6793-01A,TCGA-G7-6793-01A,1.0,0.0,0.0,0.0,0.0
15,59365958,-,15,59491114,+,KIRP,3000,TCGA-G7-6793-01A,TCGA-G7-6793-01A,1.0,0.0,0.0,0.0,0.0
15,69390725,-,15,69490283,+,KIRP,3001,TCGA-G7-6793-01A,TCGA-G7-6793-01A,1.0,0.0,0.0,0.0,0.0
16,3842057,-,16,3851460,+,KIRP,3002,TCGA-G7-6793-01A,TCGA-G7-6793-01A,1.0,0.0,0.0,0.0,0.0
16,11234446,-,16,11385516,+,KIRP,3003,TCGA-G7-6793-01A,TCGA-G7-6793-01A,1.0,0.0,0.0,0.0,0.0
16,15669706,-,16,15719481,-,KIRP,3004,TCGA-G7-6793-01A,TCGA-G7-6793-01A,1.0,0.0,0.0,0.0,0.0
16,15719022,+,16,15739935,+,KIRP,3005,TCGA-G7-6793-01A,TCGA-G7-6793-01A,1.0,0.0,0.0,0.0,0.0
16,23642337,+,16,23684902,-,KIRP,3006,TCGA-G7-6793-01A,TCGA-G7-6793-01A,1.0,0.0,0.0,0.0,0.0
16,72960919,-,16,73262959,+,KIRP,3007,TCGA-G7-6793-01A,TCGA-G7-6793-01A,1.0,0.0,0.0,0.0,0.0
16,75213605,+,16,75368020,+,KIRP,3008,TCGA-G7-6793-01A,TCGA-G7-6793-01A,1.0,0.0,0.0,0.0,0.0
17,1537969,-,17,1617574,+,KIRP,3009,TCGA-G7-6793-01A,TCGA-G7-6793-01A,1.0,0.0,0.0,0.0,0.0
17,28678369,-,17,28926908,+,KIRP,3010,TCGA-G7-6793-01A,TCGA-G7-6793-01A,1.0,0.0,0.0,0.0,0.0
17,59720586,-,17,59854482,+,KIRP,3011,TCGA-G7-6793-01A,TCGA-G7-6793-01A,1.0,0.0,0.0,0.0,0.0
17,81668880,-,17,81927378,+,KIRP,3012,TCGA-G7-6793-01A,TCGA-G7-6793-01A,1.0,0.0,0.0,0.0,0.0
17,81975247,+,17,81975868,-,KIRP,3013,TCGA-G7-6793-01A,TCGA-G7-6793-01A,1.0,0.0,0.0,0.0,0.0
18,21858724,-,18,22023381,+,KIRP,3014,TCGA-G7-6793-01A,TCGA-G7-6793-01A,1.0,0.0,0.0,0.0,0.0
18,32336827,+,18,32370769,-,KIRP,3015,TCGA-G7-6793-01A,TCGA-G7-6793-01A,1.0,0.0,0.0,0.0,0.0
19,18247478,-,19,18404036,+,KIRP,3016,TCGA-G7-6793-01A,TCGA-G7-6793-01A,1.0,0.0,0.0,0.0,0.0
19,31714947,-,19,31821568,+,KIRP,3017,TCGA-G7-6793-01A,TCGA-G7-6793-01A,1.0,0.0,0.0,0.0,0.0
2,10122910,-,2,10188791,+,KIRP,3018,TCGA-G7-6793-01A,TCGA-G7-6793-01A,1.0,0.0,0.0,0.0,0.0
2,28815601,-,2,28841340,+,KIRP,3019,TCGA-G7-6793-01A,TCGA-G7-6793-01A,1.0,0.0,0.0,0.0,0.0
2,59108376,+,2,59128585,-,KIRP,3020,TCGA-G7-6793-01A,TCGA-G7-6793-01A,1.0,0.0,0.0,0.0,0.0
2,67829377,-,2,67959006,+,KIRP,3021,TCGA-G7-6793-01A,TCGA-G7-6793-01A,1.0,0.0,0.0,0.0,0.0
2,74126220,-,2,74217577,+,KIRP,3022,TCGA-G7-6793-01A,TCGA-G7-6793-01A,1.0,0.0,0.0,0.0,0.0
2,86835387,+,2,106514131,+,KIRP,3023,TCGA-G7-6793-01A,TCGA-G7-6793-01A,1.0,0.0,0.0,0.0,0.0
2,110623666,-,2,110719155,+,KIRP,3024,TCGA-G7-6793-01A,TCGA-G7-6793-01A,1.0,0.0,0.0,0.0,0.0
2,190719990,-,2,190869648,-,KIRP,3025,TCGA-G7-6793-01A,TCGA-G7-6793-01A,1.0,0.0,0.0,0.0,0.0
2,190868587,+,2,190873944,+,KIRP,3026,TCGA-G7-6793-01A,TCGA-G7-6793-01A,1.0,0.0,0.0,0.0,0.0
2,237705653,-,2,237753911,+,KIRP,3027,TCGA-G7-6793-01A,TCGA-G7-6793-01A,1.0,0.0,0.0,0.0,0.0
20,2836911,-,20,2934988,+,KIRP,3028,TCGA-G7-6793-01A,TCGA-G7-6793-01A,1.0,0.0,0.0,0.0,0.0
20,33718334,-,20,33747437,+,KIRP,3029,TCGA-G7-6793-01A,TCGA-G7-6793-01A,1.0,0.0,0.0,0.0,0.0
20,35385208,-,20,35456278,+,KIRP,3030,TCGA-G7-6793-01A,TCGA-G7-6793-01A,1.0,0.0,0.0,0.0,0.0
21,44829495,-,21,44976599,+,KIRP,3031,TCGA-G7-6793-01A,TCGA-G7-6793-01A,1.0,0.0,0.0,0.0,0.0
22,20668431,-,22,22115774,+,KIRP,3032,TCGA-G7-6793-01A,TCGA-G7-6793-01A,1.0,0.0,0.0,0.0,0.0
22,50602541,-,22,50632128,+,KIRP,3033,TCGA-G7-6793-01A,TCGA-G7-6793-01A,1.0,0.0,0.0,0.0,0.0
3,53197231,-,3,53303170,+,KIRP,3034,TCGA-G7-6793-01A,TCGA-G7-6793-01A,1.0,0.0,0.0,0.0,0.0
3,60131010,-,4,101470422,+,KIRP,3035,TCGA-G7-6793-01A,TCGA-G7-6793-01A,1.0,0.0,0.0,0.0,0.0
3,93803785,+,3,195180273,+,KIRP,3036,TCGA-G7-6793-01A,TCGA-G7-6793-01A,1.0,0.0,0.0,0.0,0.0
3,93855297,-,3,189362679,+,KIRP,3037,TCGA-G7-6793-01A,TCGA-G7-6793-01A,1.0,0.0,0.0,0.0,0.0
3,93915312,+,3,127953284,+,KIRP,3038,TCGA-G7-6793-01A,TCGA-G7-6793-01A,1.0,0.0,0.0,0.0,0.0
3,94769560,+,3,161239598,+,KIRP,3039,TCGA-G7-6793-01A,TCGA-G7-6793-01A,1.0,0.0,0.0,0.0,0.0
3,94772354,-,3,104262295,-,KIRP,3040,TCGA-G7-6793-01A,TCGA-G7-6793-01A,1.0,0.0,0.0,0.0,0.0
3,94966904,-,3,127577756,-,KIRP,3041,TCGA-G7-6793-01A,TCGA-G7-6793-01A,1.0,0.0,0.0,0.0,0.0
3,95099156,+,3,188809606,+,KIRP,3042,TCGA-G7-6793-01A,TCGA-G7-6793-01A,1.0,0.0,0.0,0.0,0.0
3,95099324,+,3,188809378,-,KIRP,3043,TCGA-G7-6793-01A,TCGA-G7-6793-01A,1.0,0.0,0.0,0.0,0.0
3,95174642,-,3,98686454,+,KIRP,3044,TCGA-G7-6793-01A,TCGA-G7-6793-01A,1.0,0.0,0.0,0.0,0.0
3,96100101,+,3,96101002,-,KIRP,3045,TCGA-G7-6793-01A,TCGA-G7-6793-01A,1.0,0.0,0.0,0.0,0.0
3,97272932,+,3,97748060,+,KIRP,3046,TCGA-G7-6793-01A,TCGA-G7-6793-01A,1.0,0.0,0.0,0.0,0.0
3,97460668,-,3,98146224,-,KIRP,3047,TCGA-G7-6793-01A,TCGA-G7-6793-01A,1.0,0.0,0.0,0.0,0.0
3,99767377,+,3,181072955,-,KIRP,3048,TCGA-G7-6793-01A,TCGA-G7-6793-01A,1.0,0.0,0.0,0.0,0.0
3,104505120,+,3,195183155,-,KIRP,3049,TCGA-G7-6793-01A,TCGA-G7-6793-01A,1.0,0.0,0.0,0.0,0.0
3,104607449,-,3,151406460,-,KIRP,3050,TCGA-G7-6793-01A,TCGA-G7-6793-01A,1.0,0.0,0.0,0.0,0.0
3,105289880,+,3,180290393,+,KIRP,3051,TCGA-G7-6793-01A,TCGA-G7-6793-01A,1.0,0.0,0.0,0.0,0.0
3,108336812,-,3,138756447,-,KIRP,3052,TCGA-G7-6793-01A,TCGA-G7-6793-01A,1.0,0.0,0.0,0.0,0.0
3,109387661,-,3,129923991,+,KIRP,3053,TCGA-G7-6793-01A,TCGA-G7-6793-01A,1.0,0.0,0.0,0.0,0.0
3,109411488,+,3,109591251,-,KIRP,3054,TCGA-G7-6793-01A,TCGA-G7-6793-01A,1.0,0.0,0.0,0.0,0.0
3,109411507,-,3,111782918,-,KIRP,3055,TCGA-G7-6793-01A,TCGA-G7-6793-01A,1.0,0.0,0.0,0.0,0.0
3,109411582,+,3,109415554,+,KIRP,3056,TCGA-G7-6793-01A,TCGA-G7-6793-01A,1.0,0.0,0.0,0.0,0.0
3,109415554,+,3,111782918,-,KIRP,3057,TCGA-G7-6793-01A,TCGA-G7-6793-01A,1.0,0.0,0.0,0.0,0.0
3,109912640,+,3,112254263,+,KIRP,3058,TCGA-G7-6793-01A,TCGA-G7-6793-01A,1.0,0.0,0.0,0.0,0.0
3,110705002,-,3,123423470,+,KIRP,3059,TCGA-G7-6793-01A,TCGA-G7-6793-01A,1.0,0.0,0.0,0.0,0.0
3,111940530,+,3,129919518,+,KIRP,3060,TCGA-G7-6793-01A,TCGA-G7-6793-01A,1.0,0.0,0.0,0.0,0.0
3,116727588,-,3,116833308,+,KIRP,3061,TCGA-G7-6793-01A,TCGA-G7-6793-01A,1.0,0.0,0.0,0.0,0.0
3,116847040,+,3,116917410,-,KIRP,3062,TCGA-G7-6793-01A,TCGA-G7-6793-01A,1.0,0.0,0.0,0.0,0.0
3,117148644,-,3,197418946,-,KIRP,3063,TCGA-G7-6793-01A,TCGA-G7-6793-01A,1.0,0.0,0.0,0.0,0.0
3,117780145,+,3,118798878,+,KIRP,3064,TCGA-G7-6793-01A,TCGA-G7-6793-01A,1.0,0.0,0.0,0.0,0.0
3,117903910,-,3,174038445,+,KIRP,3065,TCGA-G7-6793-01A,TCGA-G7-6793-01A,1.0,0.0,0.0,0.0,0.0
3,118271832,+,3,174078336,-,KIRP,3066,TCGA-G7-6793-01A,TCGA-G7-6793-01A,1.0,0.0,0.0,0.0,0.0
3,118992198,-,3,174078292,+,KIRP,3067,TCGA-G7-6793-01A,TCGA-G7-6793-01A,1.0,0.0,0.0,0.0,0.0
3,119376518,+,3,119749447,+,KIRP,3068,TCGA-G7-6793-01A,TCGA-G7-6793-01A,1.0,0.0,0.0,0.0,0.0
3,119503336,-,3,170650502,+,KIRP,3069,TCGA-G7-6793-01A,TCGA-G7-6793-01A,1.0,0.0,0.0,0.0,0.0
3,119612509,+,3,120238194,-,KIRP,3070,TCGA-G7-6793-01A,TCGA-G7-6793-01A,1.0,0.0,0.0,0.0,0.0
3,119779849,-,3,180173543,+,KIRP,3071,TCGA-G7-6793-01A,TCGA-G7-6793-01A,1.0,0.0,0.0,0.0,0.0
3,119779857,-,3,179841844,-,KIRP,3072,TCGA-G7-6793-01A,TCGA-G7-6793-01A,1.0,0.0,0.0,0.0,0.0
3,120663842,+,3,129663720,+,KIRP,3073,TCGA-G7-6793-01A,TCGA-G7-6793-01A,1.0,0.0,0.0,0.0,0.0
3,120707892,-,3,172376016,-,KIRP,3074,TCGA-G7-6793-01A,TCGA-G7-6793-01A,1.0,0.0,0.0,0.0,0.0
3,122601146,-,3,128794491,+,KIRP,3075,TCGA-G7-6793-01A,TCGA-G7-6793-01A,1.0,0.0,0.0,0.0,0.0
3,122944866,-,3,129167672,-,KIRP,3076,TCGA-G7-6793-01A,TCGA-G7-6793-01A,1.0,0.0,0.0,0.0,0.0
3,122954277,+,3,138733062,-,KIRP,3077,TCGA-G7-6793-01A,TCGA-G7-6793-01A,1.0,0.0,0.0,0.0,0.0
3,123106772,+,3,173359401,-,KIRP,3078,TCGA-G7-6793-01A,TCGA-G7-6793-01A,1.0,0.0,0.0,0.0,0.0
3,123423764,-,3,174421125,+,KIRP,3079,TCGA-G7-6793-01A,TCGA-G7-6793-01A,1.0,0.0,0.0,0.0,0.0
3,123483765,+,3,173751580,+,KIRP,3080,TCGA-G7-6793-01A,TCGA-G7-6793-01A,1.0,0.0,0.0,0.0,0.0
3,123557256,+,3,194241335,+,KIRP,3081,TCGA-G7-6793-01A,TCGA-G7-6793-01A,1.0,0.0,0.0,0.0,0.0
3,126630416,-,3,184079574,+,KIRP,3082,TCGA-G7-6793-01A,TCGA-G7-6793-01A,1.0,0.0,0.0,0.0,0.0
3,126696295,-,3,183885374,-,KIRP,3083,TCGA-G7-6793-01A,TCGA-G7-6793-01A,1.0,0.0,0.0,0.0,0.0
3,126696696,-,3,183880653,+,KIRP,3084,TCGA-G7-6793-01A,TCGA-G7-6793-01A,1.0,0.0,0.0,0.0,0.0
3,126696701,+,3,129654383,-,KIRP,3085,TCGA-G7-6793-01A,TCGA-G7-6793-01A,1.0,0.0,0.0,0.0,0.0
3,126696805,+,3,132741535,-,KIRP,3086,TCGA-G7-6793-01A,TCGA-G7-6793-01A,1.0,0.0,0.0,0.0,0.0
3,126703256,-,3,183701731,+,KIRP,3087,TCGA-G7-6793-01A,TCGA-G7-6793-01A,1.0,0.0,0.0,0.0,0.0
3,126703432,-,3,194402362,-,KIRP,3088,TCGA-G7-6793-01A,TCGA-G7-6793-01A,1.0,0.0,0.0,0.0,0.0
3,126703752,+,3,170176860,-,KIRP,3089,TCGA-G7-6793-01A,TCGA-G7-6793-01A,1.0,0.0,0.0,0.0,0.0
3,126917848,-,3,141832253,-,KIRP,3090,TCGA-G7-6793-01A,TCGA-G7-6793-01A,1.0,0.0,0.0,0.0,0.0
3,126934545,-,3,183678052,+,KIRP,3091,TCGA-G7-6793-01A,TCGA-G7-6793-01A,1.0,0.0,0.0,0.0,0.0
3,126935024,+,3,182902112,-,KIRP,3092,TCGA-G7-6793-01A,TCGA-G7-6793-01A,1.0,0.0,0.0,0.0,0.0
3,127177470,-,3,128660189,+,KIRP,3093,TCGA-G7-6793-01A,TCGA-G7-6793-01A,1.0,0.0,0.0,0.0,0.0
3,127177648,+,3,127577467,-,KIRP,3094,TCGA-G7-6793-01A,TCGA-G7-6793-01A,1.0,0.0,0.0,0.0,0.0
3,127198316,+,3,140615408,-,KIRP,3095,TCGA-G7-6793-01A,TCGA-G7-6793-01A,1.0,0.0,0.0,0.0,0.0
3,127358821,-,3,183775179,-,KIRP,3096,TCGA-G7-6793-01A,TCGA-G7-6793-01A,1.0,0.0,0.0,0.0,0.0
3,127360210,-,3,127397574,-,KIRP,3097,TCGA-G7-6793-01A,TCGA-G7-6793-01A,1.0,0.0,0.0,0.0,0.0
3,127360345,+,3,128032607,-,KIRP,3098,TCGA-G7-6793-01A,TCGA-G7-6793-01A,1.0,0.0,0.0,0.0,0.0
3,127396702,+,3,127412335,+,KIRP,3099,TCGA-G7-6793-01A,TCGA-G7-6793-01A,1.0,0.0,0.0,0.0,0.0
3,127397426,-,3,140764485,-,KIRP,3100,TCGA-G7-6793-01A,TCGA-G7-6793-01A,1.0,0.0,0.0,0.0,0.0
3,127397517,+,3,128660651,-,KIRP,3101,TCGA-G7-6793-01A,TCGA-G7-6793-01A,1.0,0.0,0.0,0.0,0.0
3,127397575,-,3,128032608,-,KIRP,3102,TCGA-G7-6793-01A,TCGA-G7-6793-01A,1.0,0.0,0.0,0.0,0.0
3,127577765,+,3,128120873,+,KIRP,3103,TCGA-G7-6793-01A,TCGA-G7-6793-01A,1.0,0.0,0.0,0.0,0.0
3,128642975,-,3,183824926,+,KIRP,3104,TCGA-G7-6793-01A,TCGA-G7-6793-01A,1.0,0.0,0.0,0.0,0.0
3,128660660,-,3,140764486,-,KIRP,3105,TCGA-G7-6793-01A,TCGA-G7-6793-01A,1.0,0.0,0.0,0.0,0.0
3,128793095,-,3,129910142,-,KIRP,3106,TCGA-G7-6793-01A,TCGA-G7-6793-01A,1.0,0.0,0.0,0.0,0.0
3,128794589,-,3,128794867,-,KIRP,3107,TCGA-G7-6793-01A,TCGA-G7-6793-01A,1.0,0.0,0.0,0.0,0.0
3,128794872,+,3,183854642,-,KIRP,3108,TCGA-G7-6793-01A,TCGA-G7-6793-01A,1.0,0.0,0.0,0.0,0.0
3,128794986,+,3,133552688,+,KIRP,3109,TCGA-G7-6793-01A,TCGA-G7-6793-01A,1.0,0.0,0.0,0.0,0.0
3,129178329,+,3,142702467,-,KIRP,3110,TCGA-G7-6793-01A,TCGA-G7-6793-01A,1.0,0.0,0.0,0.0,0.0
3,129182635,-,3,129232206,+,KIRP,3111,TCGA-G7-6793-01A,TCGA-G7-6793-01A,1.0,0.0,0.0,0.0,0.0
3,129299215,+,3,177241028,+,KIRP,3112,TCGA-G7-6793-01A,TCGA-G7-6793-01A,1.0,0.0,0.0,0.0,0.0
3,129433424,-,3,142487583,-,KIRP,3113,TCGA-G7-6793-01A,TCGA-G7-6793-01A,1.0,0.0,0.0,0.0,0.0
3,129433614,+,3,183775179,-,KIRP,3114,TCGA-G7-6793-01A,TCGA-G7-6793-01A,1.0,0.0,0.0,0.0,0.0
3,129465248,-,3,132781315,+,KIRP,3115,TCGA-G7-6793-01A,TCGA-G7-6793-01A,1.0,0.0,0.0,0.0,0.0
3,129616473,-,3,129671212,+,KIRP,3116,TCGA-G7-6793-01A,TCGA-G7-6793-01A,1.0,0.0,0.0,0.0,0.0
3,129663348,-,3,183880421,+,KIRP,3117,TCGA-G7-6793-01A,TCGA-G7-6793-01A,1.0,0.0,0.0,0.0,0.0
3,129673783,+,3,183880322,-,KIRP,3118,TCGA-G7-6793-01A,TCGA-G7-6793-01A,1.0,0.0,0.0,0.0,0.0
3,131189013,+,3,142613538,-,KIRP,3119,TCGA-G7-6793-01A,TCGA-G7-6793-01A,1.0,0.0,0.0,0.0,0.0
3,132567595,-,3,142702220,+,KIRP,3120,TCGA-G7-6793-01A,TCGA-G7-6793-01A,1.0,0.0,0.0,0.0,0.0
3,132741705,+,3,132781072,-,KIRP,3121,TCGA-G7-6793-01A,TCGA-G7-6793-01A,1.0,0.0,0.0,0.0,0.0
3,132798729,+,3,133532546,-,KIRP,3122,TCGA-G7-6793-01A,TCGA-G7-6793-01A,1.0,0.0,0.0,0.0,0.0
3,133513167,+,3,180897008,+,KIRP,3123,TCGA-G7-6793-01A,TCGA-G7-6793-01A,1.0,0.0,0.0,0.0,0.0
3,133533034,-,3,138126146,+,KIRP,3124,TCGA-G7-6793-01A,TCGA-G7-6793-01A,1.0,0.0,0.0,0.0,0.0
3,133575900,+,12,51236169,-,KIRP,3125,TCGA-G7-6793-01A,TCGA-G7-6793-01A,1.0,0.0,0.0,0.0,0.0
3,133575915,+,3,183759197,-,KIRP,3126,TCGA-G7-6793-01A,TCGA-G7-6793-01A,1.0,0.0,0.0,0.0,0.0
3,133803598,+,3,183056664,+,KIRP,3127,TCGA-G7-6793-01A,TCGA-G7-6793-01A,1.0,0.0,0.0,0.0,0.0
3,134325400,+,3,137150840,-,KIRP,3128,TCGA-G7-6793-01A,TCGA-G7-6793-01A,1.0,0.0,0.0,0.0,0.0
3,137147077,+,3,164401810,+,KIRP,3129,TCGA-G7-6793-01A,TCGA-G7-6793-01A,1.0,0.0,0.0,0.0,0.0
3,138742149,+,3,142613354,+,KIRP,3130,TCGA-G7-6793-01A,TCGA-G7-6793-01A,1.0,0.0,0.0,0.0,0.0
3,138810755,+,3,138812373,-,KIRP,3131,TCGA-G7-6793-01A,TCGA-G7-6793-01A,1.0,0.0,0.0,0.0,0.0
3,140269396,+,3,140945466,-,KIRP,3132,TCGA-G7-6793-01A,TCGA-G7-6793-01A,1.0,0.0,0.0,0.0,0.0
3,141520027,+,3,183848892,-,KIRP,3133,TCGA-G7-6793-01A,TCGA-G7-6793-01A,1.0,0.0,0.0,0.0,0.0
3,141734988,+,3,142002056,-,KIRP,3134,TCGA-G7-6793-01A,TCGA-G7-6793-01A,1.0,0.0,0.0,0.0,0.0
3,141868990,+,3,142711146,-,KIRP,3135,TCGA-G7-6793-01A,TCGA-G7-6793-01A,1.0,0.0,0.0,0.0,0.0
3,141869023,+,3,141869305,+,KIRP,3136,TCGA-G7-6793-01A,TCGA-G7-6793-01A,1.0,0.0,0.0,0.0,0.0
3,141869023,+,3,142711357,-,KIRP,3137,TCGA-G7-6793-01A,TCGA-G7-6793-01A,1.0,0.0,0.0,0.0,0.0
3,141869048,-,3,142711356,-,KIRP,3138,TCGA-G7-6793-01A,TCGA-G7-6793-01A,1.0,0.0,0.0,0.0,0.0
3,141869049,-,3,142711311,+,KIRP,3139,TCGA-G7-6793-01A,TCGA-G7-6793-01A,1.0,0.0,0.0,0.0,0.0
3,141869176,+,3,142711365,+,KIRP,3140,TCGA-G7-6793-01A,TCGA-G7-6793-01A,1.0,0.0,0.0,0.0,0.0
3,142487408,-,3,183775214,-,KIRP,3141,TCGA-G7-6793-01A,TCGA-G7-6793-01A,1.0,0.0,0.0,0.0,0.0
3,142711309,+,3,142711519,+,KIRP,3142,TCGA-G7-6793-01A,TCGA-G7-6793-01A,1.0,0.0,0.0,0.0,0.0
3,142957412,+,3,143008929,-,KIRP,3143,TCGA-G7-6793-01A,TCGA-G7-6793-01A,1.0,0.0,0.0,0.0,0.0
3,143145511,-,3,193236827,+,KIRP,3144,TCGA-G7-6793-01A,TCGA-G7-6793-01A,1.0,0.0,0.0,0.0,0.0
3,143432695,+,3,193237820,-,KIRP,3145,TCGA-G7-6793-01A,TCGA-G7-6793-01A,1.0,0.0,0.0,0.0,0.0
3,151470226,-,3,174066602,-,KIRP,3146,TCGA-G7-6793-01A,TCGA-G7-6793-01A,1.0,0.0,0.0,0.0,0.0
3,153654565,+,3,193456719,-,KIRP,3147,TCGA-G7-6793-01A,TCGA-G7-6793-01A,1.0,0.0,0.0,0.0,0.0
3,161200132,-,3,192919169,-,KIRP,3148,TCGA-G7-6793-01A,TCGA-G7-6793-01A,1.0,0.0,0.0,0.0,0.0
3,163496805,+,3,163654143,-,KIRP,3149,TCGA-G7-6793-01A,TCGA-G7-6793-01A,1.0,0.0,0.0,0.0,0.0
3,163528979,-,3,168022639,+,KIRP,3150,TCGA-G7-6793-01A,TCGA-G7-6793-01A,1.0,0.0,0.0,0.0,0.0
3,165736202,-,3,182710480,+,KIRP,3151,TCGA-G7-6793-01A,TCGA-G7-6793-01A,1.0,0.0,0.0,0.0,0.0
3,165806836,+,3,172181689,+,KIRP,3152,TCGA-G7-6793-01A,TCGA-G7-6793-01A,1.0,0.0,0.0,0.0,0.0
3,167883673,-,3,197473799,+,KIRP,3153,TCGA-G7-6793-01A,TCGA-G7-6793-01A,1.0,0.0,0.0,0.0,0.0
3,169103485,-,3,172301709,+,KIRP,3154,TCGA-G7-6793-01A,TCGA-G7-6793-01A,1.0,0.0,0.0,0.0,0.0
3,169103501,+,3,169422151,-,KIRP,3155,TCGA-G7-6793-01A,TCGA-G7-6793-01A,1.0,0.0,0.0,0.0,0.0
3,169103951,+,3,172219532,-,KIRP,3156,TCGA-G7-6793-01A,TCGA-G7-6793-01A,1.0,0.0,0.0,0.0,0.0
3,169422158,+,3,172220578,-,KIRP,3157,TCGA-G7-6793-01A,TCGA-G7-6793-01A,1.0,0.0,0.0,0.0,0.0
3,173290855,+,3,174315235,+,KIRP,3158,TCGA-G7-6793-01A,TCGA-G7-6793-01A,1.0,0.0,0.0,0.0,0.0
3,174373736,-,3,180332952,-,KIRP,3159,TCGA-G7-6793-01A,TCGA-G7-6793-01A,1.0,0.0,0.0,0.0,0.0
3,176978399,-,3,193340944,+,KIRP,3160,TCGA-G7-6793-01A,TCGA-G7-6793-01A,1.0,0.0,0.0,0.0,0.0
3,179841843,-,3,180173392,-,KIRP,3161,TCGA-G7-6793-01A,TCGA-G7-6793-01A,1.0,0.0,0.0,0.0,0.0
3,182712180,-,3,194243184,-,KIRP,3162,TCGA-G7-6793-01A,TCGA-G7-6793-01A,1.0,0.0,0.0,0.0,0.0
3,182762651,-,3,182978564,-,KIRP,3163,TCGA-G7-6793-01A,TCGA-G7-6793-01A,1.0,0.0,0.0,0.0,0.0
3,182975777,-,3,183055265,+,KIRP,3164,TCGA-G7-6793-01A,TCGA-G7-6793-01A,1.0,0.0,0.0,0.0,0.0
3,182976027,+,3,183880497,-,KIRP,3165,TCGA-G7-6793-01A,TCGA-G7-6793-01A,1.0,0.0,0.0,0.0,0.0
3,182976114,-,3,182981866,-,KIRP,3166,TCGA-G7-6793-01A,TCGA-G7-6793-01A,1.0,0.0,0.0,0.0,0.0
3,183022989,+,12,44359698,+,KIRP,3167,TCGA-G7-6793-01A,TCGA-G7-6793-01A,1.0,0.0,0.0,0.0,0.0
3,183671145,-,12,51236656,+,KIRP,3168,TCGA-G7-6793-01A,TCGA-G7-6793-01A,1.0,0.0,0.0,0.0,0.0
3,183671227,-,3,183759559,+,KIRP,3169,TCGA-G7-6793-01A,TCGA-G7-6793-01A,1.0,0.0,0.0,0.0,0.0
3,183693511,+,12,40912728,-,KIRP,3170,TCGA-G7-6793-01A,TCGA-G7-6793-01A,1.0,0.0,0.0,0.0,0.0
3,183693511,+,12,50253464,-,KIRP,3171,TCGA-G7-6793-01A,TCGA-G7-6793-01A,1.0,0.0,0.0,0.0,0.0
3,183693802,-,3,183885465,+,KIRP,3172,TCGA-G7-6793-01A,TCGA-G7-6793-01A,1.0,0.0,0.0,0.0,0.0
3,183701667,+,3,194402547,+,KIRP,3173,TCGA-G7-6793-01A,TCGA-G7-6793-01A,1.0,0.0,0.0,0.0,0.0
3,183759393,+,12,50253629,+,KIRP,3174,TCGA-G7-6793-01A,TCGA-G7-6793-01A,1.0,0.0,0.0,0.0,0.0
3,184221618,-,3,184366519,+,KIRP,3175,TCGA-G7-6793-01A,TCGA-G7-6793-01A,1.0,0.0,0.0,0.0,0.0
4,28977656,-,4,29040496,+,KIRP,3176,TCGA-G7-6793-01A,TCGA-G7-6793-01A,1.0,0.0,0.0,0.0,0.0
4,73687349,-,4,73710365,+,KIRP,3177,TCGA-G7-6793-01A,TCGA-G7-6793-01A,1.0,0.0,0.0,0.0,0.0
4,86804207,-,4,86843886,+,KIRP,3178,TCGA-G7-6793-01A,TCGA-G7-6793-01A,1.0,0.0,0.0,0.0,0.0
5,46527006,+,5,46539263,+,KIRP,3179,TCGA-G7-6793-01A,TCGA-G7-6793-01A,1.0,0.0,0.0,0.0,0.0
5,132650166,-,5,132672116,+,KIRP,3180,TCGA-G7-6793-01A,TCGA-G7-6793-01A,1.0,0.0,0.0,0.0,0.0
5,132654169,+,5,132656170,-,KIRP,3181,TCGA-G7-6793-01A,TCGA-G7-6793-01A,1.0,0.0,0.0,0.0,0.0
5,138739433,-,5,138770779,+,KIRP,3182,TCGA-G7-6793-01A,TCGA-G7-6793-01A,1.0,0.0,0.0,0.0,0.0
5,138739446,-,5,138770695,+,KIRP,3183,TCGA-G7-6793-01A,TCGA-G7-6793-01A,1.0,0.0,0.0,0.0,0.0
6,37646446,-,6,37658601,+,KIRP,3184,TCGA-G7-6793-01A,TCGA-G7-6793-01A,1.0,0.0,0.0,0.0,0.0
6,63501897,-,6,63686195,+,KIRP,3185,TCGA-G7-6793-01A,TCGA-G7-6793-01A,1.0,0.0,0.0,0.0,0.0
6,106644012,-,6,106715134,+,KIRP,3186,TCGA-G7-6793-01A,TCGA-G7-6793-01A,1.0,0.0,0.0,0.0,0.0
6,122741304,+,6,122789512,-,KIRP,3187,TCGA-G7-6793-01A,TCGA-G7-6793-01A,1.0,0.0,0.0,0.0,0.0
7,70590506,-,7,70970909,-,KIRP,3188,TCGA-G7-6793-01A,TCGA-G7-6793-01A,1.0,0.0,0.0,0.0,0.0
7,83360668,-,7,83413893,+,KIRP,3189,TCGA-G7-6793-01A,TCGA-G7-6793-01A,1.0,0.0,0.0,0.0,0.0
7,116749004,-,7,116893043,+,KIRP,3190,TCGA-G7-6793-01A,TCGA-G7-6793-01A,1.0,0.0,0.0,0.0,0.0
7,141510573,+,7,141712322,-,KIRP,3191,TCGA-G7-6793-01A,TCGA-G7-6793-01A,1.0,0.0,0.0,0.0,0.0
8,18019451,-,8,18060461,+,KIRP,3192,TCGA-G7-6793-01A,TCGA-G7-6793-01A,1.0,0.0,0.0,0.0,0.0
8,62754627,-,11,83369871,+,KIRP,3193,TCGA-G7-6793-01A,TCGA-G7-6793-01A,1.0,0.0,0.0,0.0,0.0
8,128119195,-,8,128141121,+,KIRP,3194,TCGA-G7-6793-01A,TCGA-G7-6793-01A,1.0,0.0,0.0,0.0,0.0
8,128119503,-,8,128263218,+,KIRP,3195,TCGA-G7-6793-01A,TCGA-G7-6793-01A,1.0,0.0,0.0,0.0,0.0
8,144859309,-,8,144958308,+,KIRP,3196,TCGA-G7-6793-01A,TCGA-G7-6793-01A,1.0,0.0,0.0,0.0,0.0
9,20225576,+,19,31637011,+,KIRP,3197,TCGA-G7-6793-01A,TCGA-G7-6793-01A,1.0,0.0,0.0,0.0,0.0
9,35645851,-,9,35672369,+,KIRP,3198,TCGA-G7-6793-01A,TCGA-G7-6793-01A,1.0,0.0,0.0,0.0,0.0
9,35645969,-,9,35704891,+,KIRP,3199,TCGA-G7-6793-01A,TCGA-G7-6793-01A,1.0,0.0,0.0,0.0,0.0
9,35672231,-,9,35704723,+,KIRP,3200,TCGA-G7-6793-01A,TCGA-G7-6793-01A,1.0,0.0,0.0,0.0,0.0
9,35672586,-,9,35704565,-,KIRP,3201,TCGA-G7-6793-01A,TCGA-G7-6793-01A,1.0,0.0,0.0,0.0,0.0
9,35708868,+,9,35713499,+,KIRP,3202,TCGA-G7-6793-01A,TCGA-G7-6793-01A,1.0,0.0,0.0,0.0,0.0
9,112179273,+,20,32707017,-,KIRP,3203,TCGA-G7-6793-01A,TCGA-G7-6793-01A,1.0,0.0,0.0,0.0,0.0
23,41138977,-,23,41159677,+,KIRP,3204,TCGA-G7-6793-01A,TCGA-G7-6793-01A,1.0,0.0,0.0,0.0,0.0
23,92611802,+,23,93130874,-,KIRP,3205,TCGA-G7-6793-01A,TCGA-G7-6793-01A,1.0,0.0,0.0,0.0,0.0
23,130033857,+,23,130101335,-,KIRP,3206,TCGA-G7-6793-01A,TCGA-G7-6793-01A,1.0,0.0,0.0,0.0,0.0
10,103146414,+,12,4761637,-,KIRP,3207,TCGA-G7-6795-01A,TCGA-G7-6795-01A,1.0,0.0,0.0,0.0,0.0
12,4761606,+,15,56898561,+,KIRP,3208,TCGA-G7-6795-01A,TCGA-G7-6795-01A,1.0,0.0,0.0,0.0,0.0
12,123569569,+,13,35150794,-,KIRP,3209,TCGA-G7-6795-01A,TCGA-G7-6795-01A,1.0,0.0,0.0,0.0,0.0
14,102094598,-,15,77185780,+,KIRP,3210,TCGA-G7-6795-01A,TCGA-G7-6795-01A,1.0,0.0,0.0,0.0,0.0
15,56898441,-,15,72178246,+,KIRP,3211,TCGA-G7-6795-01A,TCGA-G7-6795-01A,1.0,0.0,0.0,0.0,0.0
18,15761046,+,18,15764324,-,KIRP,3212,TCGA-G7-6795-01A,TCGA-G7-6795-01A,1.0,0.0,0.0,0.0,0.0
2,21345365,+,10,103146282,-,KIRP,3213,TCGA-G7-6795-01A,TCGA-G7-6795-01A,1.0,0.0,0.0,0.0,0.0
2,21345366,+,12,4761638,-,KIRP,3214,TCGA-G7-6795-01A,TCGA-G7-6795-01A,1.0,0.0,0.0,0.0,0.0
20,42753873,+,20,42757502,-,KIRP,3215,TCGA-G7-6795-01A,TCGA-G7-6795-01A,1.0,0.0,0.0,0.0,0.0
20,43095832,+,20,46111874,+,KIRP,3216,TCGA-G7-6795-01A,TCGA-G7-6795-01A,1.0,0.0,0.0,0.0,0.0
3,23930270,-,7,29791510,+,KIRP,3217,TCGA-G7-6795-01A,TCGA-G7-6795-01A,1.0,0.0,0.0,0.0,0.0
3,128654267,+,11,124170260,+,KIRP,3218,TCGA-G7-6795-01A,TCGA-G7-6795-01A,1.0,0.0,0.0,0.0,0.0
6,2952486,-,15,56898444,-,KIRP,3219,TCGA-G7-6795-01A,TCGA-G7-6795-01A,1.0,0.0,0.0,0.0,0.0
6,2952690,-,15,56898579,-,KIRP,3220,TCGA-G7-6795-01A,TCGA-G7-6795-01A,1.0,0.0,0.0,0.0,0.0
6,111400914,-,6,111401066,+,KIRP,3221,TCGA-G7-6795-01A,TCGA-G7-6795-01A,1.0,0.0,0.0,0.0,0.0
7,146851042,+,7,146851714,-,KIRP,3222,TCGA-G7-6795-01A,TCGA-G7-6795-01A,1.0,0.0,0.0,0.0,0.0
8,78801703,+,8,78860295,-,KIRP,3223,TCGA-G7-6795-01A,TCGA-G7-6795-01A,1.0,0.0,0.0,0.0,0.0
1,58729749,+,20,60627958,+,KIRP,3224,TCGA-G7-6796-01A,TCGA-G7-6796-01A,1.0,0.0,0.0,0.0,0.0
1,101496945,-,8,133312977,+,KIRP,3225,TCGA-G7-6796-01A,TCGA-G7-6796-01A,1.0,0.0,0.0,0.0,0.0
10,39341705,-,19,27433786,-,KIRP,3226,TCGA-G7-6796-01A,TCGA-G7-6796-01A,1.0,0.0,0.0,0.0,0.0
10,41554185,-,10,41568784,+,KIRP,3227,TCGA-G7-6796-01A,TCGA-G7-6796-01A,1.0,0.0,0.0,0.0,0.0
13,17552615,+,13,17767274,-,KIRP,3228,TCGA-G7-6796-01A,TCGA-G7-6796-01A,1.0,0.0,0.0,0.0,0.0
3,91508540,-,6,60405468,-,KIRP,3229,TCGA-G7-6796-01A,TCGA-G7-6796-01A,1.0,0.0,0.0,0.0,0.0
4,63478521,-,4,63478761,+,KIRP,3230,TCGA-G7-6796-01A,TCGA-G7-6796-01A,1.0,0.0,0.0,0.0,0.0
23,1189278,-,23,89134263,-,KIRP,3231,TCGA-G7-6796-01A,TCGA-G7-6796-01A,1.0,0.0,0.0,0.0,0.0
1,6785851,+,20,63028134,-,KIRP,3232,TCGA-G7-6797-01A,TCGA-G7-6797-01A,1.0,0.0,0.0,0.0,0.0
1,230657223,-,6,53259057,-,KIRP,3233,TCGA-G7-6797-01A,TCGA-G7-6797-01A,1.0,0.0,0.0,0.0,0.0
10,26609969,+,10,26688484,-,KIRP,3234,TCGA-G7-6797-01A,TCGA-G7-6797-01A,1.0,0.0,0.0,0.0,0.0
11,52895643,+,11,53569496,-,KIRP,3235,TCGA-G7-6797-01A,TCGA-G7-6797-01A,1.0,0.0,0.0,0.0,0.0
2,94557508,-,2,132218704,+,KIRP,3236,TCGA-G7-6797-01A,TCGA-G7-6797-01A,1.0,0.0,0.0,0.0,0.0
20,2248361,+,20,2248923,-,KIRP,3237,TCGA-G7-6797-01A,TCGA-G7-6797-01A,1.0,0.0,0.0,0.0,0.0
21,9117787,-,24,11203010,+,KIRP,3238,TCGA-G7-6797-01A,TCGA-G7-6797-01A,1.0,0.0,0.0,0.0,0.0
3,186926244,+,4,77965428,-,KIRP,3239,TCGA-G7-6797-01A,TCGA-G7-6797-01A,1.0,0.0,0.0,0.0,0.0
4,104957106,-,4,135417045,+,KIRP,3240,TCGA-G7-6797-01A,TCGA-G7-6797-01A,1.0,0.0,0.0,0.0,0.0
4,117301034,-,21,38051865,-,KIRP,3241,TCGA-G7-6797-01A,TCGA-G7-6797-01A,1.0,0.0,0.0,0.0,0.0
5,32147684,-,5,32147845,+,KIRP,3242,TCGA-G7-6797-01A,TCGA-G7-6797-01A,1.0,0.0,0.0,0.0,0.0
6,59268408,-,6,59778925,+,KIRP,3243,TCGA-G7-6797-01A,TCGA-G7-6797-01A,1.0,0.0,0.0,0.0,0.0
7,13867637,+,7,14319586,+,KIRP,3244,TCGA-G7-6797-01A,TCGA-G7-6797-01A,1.0,0.0,0.0,0.0,0.0
7,14305102,-,7,51655799,+,KIRP,3245,TCGA-G7-6797-01A,TCGA-G7-6797-01A,1.0,0.0,0.0,0.0,0.0
7,14324095,-,7,51305646,-,KIRP,3246,TCGA-G7-6797-01A,TCGA-G7-6797-01A,1.0,0.0,0.0,0.0,0.0
7,14375164,+,7,14471140,+,KIRP,3247,TCGA-G7-6797-01A,TCGA-G7-6797-01A,1.0,0.0,0.0,0.0,0.0
7,14390321,-,7,51626569,-,KIRP,3248,TCGA-G7-6797-01A,TCGA-G7-6797-01A,1.0,0.0,0.0,0.0,0.0
7,14462148,+,7,14466158,-,KIRP,3249,TCGA-G7-6797-01A,TCGA-G7-6797-01A,1.0,0.0,0.0,0.0,0.0
7,14478979,-,7,51070343,+,KIRP,3250,TCGA-G7-6797-01A,TCGA-G7-6797-01A,1.0,0.0,0.0,0.0,0.0
7,50773365,+,7,51252520,-,KIRP,3251,TCGA-G7-6797-01A,TCGA-G7-6797-01A,1.0,0.0,0.0,0.0,0.0
7,50779936,-,7,50896787,-,KIRP,3252,TCGA-G7-6797-01A,TCGA-G7-6797-01A,1.0,0.0,0.0,0.0,0.0
7,50878791,+,7,51624845,+,KIRP,3253,TCGA-G7-6797-01A,TCGA-G7-6797-01A,1.0,0.0,0.0,0.0,0.0
7,50884890,-,7,51291935,+,KIRP,3254,TCGA-G7-6797-01A,TCGA-G7-6797-01A,1.0,0.0,0.0,0.0,0.0
7,50890708,+,7,51659957,-,KIRP,3255,TCGA-G7-6797-01A,TCGA-G7-6797-01A,1.0,0.0,0.0,0.0,0.0
1,418009,+,11,92927684,+,KIRP,3256,TCGA-G7-7501-01A,TCGA-G7-7501-01A,1.0,0.0,0.0,0.0,0.0
1,6938050,+,12,132742677,-,KIRP,3257,TCGA-G7-7501-01A,TCGA-G7-7501-01A,1.0,0.0,0.0,0.0,0.0
1,35188610,-,23,49046614,+,KIRP,3258,TCGA-G7-7501-01A,TCGA-G7-7501-01A,1.0,0.0,0.0,0.0,0.0
1,149709011,+,6,156801748,-,KIRP,3259,TCGA-G7-7501-01A,TCGA-G7-7501-01A,1.0,0.0,0.0,0.0,0.0
10,4956663,-,10,5009479,-,KIRP,3260,TCGA-G7-7501-01A,TCGA-G7-7501-01A,1.0,0.0,0.0,0.0,0.0
11,39686035,+,11,39822652,-,KIRP,3261,TCGA-G7-7501-01A,TCGA-G7-7501-01A,1.0,0.0,0.0,0.0,0.0
13,16290665,-,13,16679243,+,KIRP,3262,TCGA-G7-7501-01A,TCGA-G7-7501-01A,1.0,0.0,0.0,0.0,0.0
13,63925916,+,23,1168272,-,KIRP,3263,TCGA-G7-7501-01A,TCGA-G7-7501-01A,1.0,0.0,0.0,0.0,0.0
17,30751167,-,17,31955579,+,KIRP,3264,TCGA-G7-7501-01A,TCGA-G7-7501-01A,1.0,0.0,0.0,0.0,0.0
18,14676621,+,20,25738389,+,KIRP,3265,TCGA-G7-7501-01A,TCGA-G7-7501-01A,1.0,0.0,0.0,0.0,0.0
18,61581040,+,23,555874,+,KIRP,3266,TCGA-G7-7501-01A,TCGA-G7-7501-01A,1.0,0.0,0.0,0.0,0.0
2,130979405,-,5,79778181,-,KIRP,3267,TCGA-G7-7501-01A,TCGA-G7-7501-01A,1.0,0.0,0.0,0.0,0.0
2,130979436,-,5,79777958,-,KIRP,3268,TCGA-G7-7501-01A,TCGA-G7-7501-01A,1.0,0.0,0.0,0.0,0.0
2,214836483,-,4,14845379,+,KIRP,3269,TCGA-G7-7501-01A,TCGA-G7-7501-01A,1.0,0.0,0.0,0.0,0.0
20,35475166,-,20,35475256,+,KIRP,3270,TCGA-G7-7501-01A,TCGA-G7-7501-01A,1.0,0.0,0.0,0.0,0.0
3,27751993,-,5,16389493,+,KIRP,3271,TCGA-G7-7501-01A,TCGA-G7-7501-01A,1.0,0.0,0.0,0.0,0.0
3,52701317,-,9,128416940,+,KIRP,3272,TCGA-G7-7501-01A,TCGA-G7-7501-01A,1.0,0.0,0.0,0.0,0.0
3,60900963,-,3,61016871,+,KIRP,3273,TCGA-G7-7501-01A,TCGA-G7-7501-01A,1.0,0.0,0.0,0.0,0.0
4,186044746,-,9,2280641,-,KIRP,3274,TCGA-G7-7501-01A,TCGA-G7-7501-01A,1.0,0.0,0.0,0.0,0.0
5,26700038,-,7,25943780,-,KIRP,3275,TCGA-G7-7501-01A,TCGA-G7-7501-01A,1.0,0.0,0.0,0.0,0.0
5,151095247,-,13,102323956,-,KIRP,3276,TCGA-G7-7501-01A,TCGA-G7-7501-01A,1.0,0.0,0.0,0.0,0.0
7,47446173,+,7,47446730,-,KIRP,3277,TCGA-G7-7501-01A,TCGA-G7-7501-01A,1.0,0.0,0.0,0.0,0.0
7,96846585,-,7,147625598,+,KIRP,3278,TCGA-G7-7501-01A,TCGA-G7-7501-01A,1.0,0.0,0.0,0.0,0.0
7,96846692,+,7,147625607,-,KIRP,3279,TCGA-G7-7501-01A,TCGA-G7-7501-01A,1.0,0.0,0.0,0.0,0.0
7,97363112,+,23,134569736,-,KIRP,3280,TCGA-G7-7501-01A,TCGA-G7-7501-01A,1.0,0.0,0.0,0.0,0.0
8,22086874,+,10,132680925,-,KIRP,3281,TCGA-G7-7501-01A,TCGA-G7-7501-01A,1.0,0.0,0.0,0.0,0.0
8,22685425,+,10,7679061,+,KIRP,3282,TCGA-G7-7501-01A,TCGA-G7-7501-01A,1.0,0.0,0.0,0.0,0.0
8,87156273,-,10,128946520,-,KIRP,3283,TCGA-G7-7501-01A,TCGA-G7-7501-01A,1.0,0.0,0.0,0.0,0.0
9,71728332,+,21,30562373,-,KIRP,3284,TCGA-G7-7501-01A,TCGA-G7-7501-01A,1.0,0.0,0.0,0.0,0.0
9,87382727,-,20,25891360,-,KIRP,3285,TCGA-G7-7501-01A,TCGA-G7-7501-01A,1.0,0.0,0.0,0.0,0.0
9,87382727,-,20,30186615,-,KIRP,3286,TCGA-G7-7501-01A,TCGA-G7-7501-01A,1.0,0.0,0.0,0.0,0.0
9,87906215,+,23,56066135,-,KIRP,3287,TCGA-G7-7501-01A,TCGA-G7-7501-01A,1.0,0.0,0.0,0.0,0.0
9,128405339,-,9,128413905,-,KIRP,3288,TCGA-G7-7501-01A,TCGA-G7-7501-01A,1.0,0.0,0.0,0.0,0.0
9,128413438,+,9,134363105,-,KIRP,3289,TCGA-G7-7501-01A,TCGA-G7-7501-01A,1.0,0.0,0.0,0.0,0.0
9,128413438,+,9,134365325,-,KIRP,3290,TCGA-G7-7501-01A,TCGA-G7-7501-01A,1.0,0.0,0.0,0.0,0.0
9,128413579,+,9,134367516,-,KIRP,3291,TCGA-G7-7501-01A,TCGA-G7-7501-01A,1.0,0.0,0.0,0.0,0.0
9,134363416,+,9,134367755,-,KIRP,3292,TCGA-G7-7501-01A,TCGA-G7-7501-01A,1.0,0.0,0.0,0.0,0.0
9,134363424,-,9,134368431,-,KIRP,3293,TCGA-G7-7501-01A,TCGA-G7-7501-01A,1.0,0.0,0.0,0.0,0.0
9,134363480,+,9,134365277,-,KIRP,3294,TCGA-G7-7501-01A,TCGA-G7-7501-01A,1.0,0.0,0.0,0.0,0.0
9,134363672,-,9,134367863,+,KIRP,3295,TCGA-G7-7501-01A,TCGA-G7-7501-01A,1.0,0.0,0.0,0.0,0.0
9,134363779,+,9,134365625,+,KIRP,3296,TCGA-G7-7501-01A,TCGA-G7-7501-01A,1.0,0.0,0.0,0.0,0.0
9,134364022,+,9,134368103,+,KIRP,3297,TCGA-G7-7501-01A,TCGA-G7-7501-01A,1.0,0.0,0.0,0.0,0.0
9,134365324,-,9,134367866,+,KIRP,3298,TCGA-G7-7501-01A,TCGA-G7-7501-01A,1.0,0.0,0.0,0.0,0.0
9,134365626,+,9,134367863,+,KIRP,3299,TCGA-G7-7501-01A,TCGA-G7-7501-01A,1.0,0.0,0.0,0.0,0.0
9,134367756,-,9,134368564,-,KIRP,3300,TCGA-G7-7501-01A,TCGA-G7-7501-01A,1.0,0.0,0.0,0.0,0.0
1,112271646,-,2,129420936,-,KIRP,3301,TCGA-G7-7502-01A,TCGA-G7-7502-01A,1.0,0.0,0.0,0.0,0.0
1,124851528,-,1,124860408,+,KIRP,3302,TCGA-G7-7502-01A,TCGA-G7-7502-01A,1.0,0.0,0.0,0.0,0.0
12,58919986,+,12,58920527,-,KIRP,3303,TCGA-G7-7502-01A,TCGA-G7-7502-01A,1.0,0.0,0.0,0.0,0.0
15,32935209,+,15,32935884,-,KIRP,3304,TCGA-G7-7502-01A,TCGA-G7-7502-01A,1.0,0.0,0.0,0.0,0.0
16,6834336,+,16,6835145,-,KIRP,3305,TCGA-G7-7502-01A,TCGA-G7-7502-01A,1.0,0.0,0.0,0.0,0.0
16,34255922,-,16,36322506,+,KIRP,3306,TCGA-G7-7502-01A,TCGA-G7-7502-01A,1.0,0.0,0.0,0.0,0.0
17,26640428,-,17,26655187,+,KIRP,3307,TCGA-G7-7502-01A,TCGA-G7-7502-01A,1.0,0.0,0.0,0.0,0.0
17,59850243,+,17,59850911,-,KIRP,3308,TCGA-G7-7502-01A,TCGA-G7-7502-01A,1.0,0.0,0.0,0.0,0.0
17,75931768,+,17,75932333,-,KIRP,3309,TCGA-G7-7502-01A,TCGA-G7-7502-01A,1.0,0.0,0.0,0.0,0.0
18,15636202,-,18,15701275,+,KIRP,3310,TCGA-G7-7502-01A,TCGA-G7-7502-01A,1.0,0.0,0.0,0.0,0.0
2,20954384,+,21,41673017,+,KIRP,3311,TCGA-G7-7502-01A,TCGA-G7-7502-01A,1.0,0.0,0.0,0.0,0.0
2,111136940,+,7,151813300,-,KIRP,3312,TCGA-G7-7502-01A,TCGA-G7-7502-01A,1.0,0.0,0.0,0.0,0.0
2,111136946,-,7,151813264,+,KIRP,3313,TCGA-G7-7502-01A,TCGA-G7-7502-01A,1.0,0.0,0.0,0.0,0.0
2,211784013,+,2,211892275,+,KIRP,3314,TCGA-G7-7502-01A,TCGA-G7-7502-01A,1.0,0.0,0.0,0.0,0.0
3,136571686,+,3,136572393,-,KIRP,3315,TCGA-G7-7502-01A,TCGA-G7-7502-01A,1.0,0.0,0.0,0.0,0.0
3,136825531,+,3,136826290,-,KIRP,3316,TCGA-G7-7502-01A,TCGA-G7-7502-01A,1.0,0.0,0.0,0.0,0.0
4,50004996,+,4,51644595,-,KIRP,3317,TCGA-G7-7502-01A,TCGA-G7-7502-01A,1.0,0.0,0.0,0.0,0.0
4,143878447,+,4,143999213,-,KIRP,3318,TCGA-G7-7502-01A,TCGA-G7-7502-01A,1.0,0.0,0.0,0.0,0.0
5,84652268,+,5,84659697,-,KIRP,3319,TCGA-G7-7502-01A,TCGA-G7-7502-01A,1.0,0.0,0.0,0.0,0.0
8,45080661,-,8,45427525,+,KIRP,3320,TCGA-G7-7502-01A,TCGA-G7-7502-01A,1.0,0.0,0.0,0.0,0.0
23,1087855,-,23,1088639,+,KIRP,3321,TCGA-G7-7502-01A,TCGA-G7-7502-01A,1.0,0.0,0.0,0.0,0.0
12,109209975,+,13,86114992,-,KIRP,3322,TCGA-G7-A8LB-01A,TCGA-G7-A8LB-01A,1.0,0.0,0.0,0.0,0.0
17,22824108,+,17,23084584,-,KIRP,3323,TCGA-G7-A8LB-01A,TCGA-G7-A8LB-01A,1.0,0.0,0.0,0.0,0.0
17,23028498,-,17,23043108,+,KIRP,3324,TCGA-G7-A8LB-01A,TCGA-G7-A8LB-01A,1.0,0.0,0.0,0.0,0.0
17,42357592,+,17,42358307,-,KIRP,3325,TCGA-G7-A8LB-01A,TCGA-G7-A8LB-01A,1.0,0.0,0.0,0.0,0.0
18,31807442,-,23,109182083,+,KIRP,3326,TCGA-G7-A8LB-01A,TCGA-G7-A8LB-01A,1.0,0.0,0.0,0.0,0.0
2,173697940,-,22,43475470,-,KIRP,3327,TCGA-G7-A8LB-01A,TCGA-G7-A8LB-01A,1.0,0.0,0.0,0.0,0.0
20,29271461,+,24,10210509,-,KIRP,3328,TCGA-G7-A8LB-01A,TCGA-G7-A8LB-01A,1.0,0.0,0.0,0.0,0.0
20,29859536,+,22,11373275,-,KIRP,3329,TCGA-G7-A8LB-01A,TCGA-G7-A8LB-01A,1.0,0.0,0.0,0.0,0.0
3,90951673,-,3,90982447,+,KIRP,3330,TCGA-G7-A8LB-01A,TCGA-G7-A8LB-01A,1.0,0.0,0.0,0.0,0.0
3,90970897,+,3,91120971,-,KIRP,3331,TCGA-G7-A8LB-01A,TCGA-G7-A8LB-01A,1.0,0.0,0.0,0.0,0.0
4,15790049,-,17,20038218,-,KIRP,3332,TCGA-G7-A8LB-01A,TCGA-G7-A8LB-01A,1.0,0.0,0.0,0.0,0.0
4,38083139,+,17,40523359,+,KIRP,3333,TCGA-G7-A8LB-01A,TCGA-G7-A8LB-01A,1.0,0.0,0.0,0.0,0.0
4,92646237,-,4,92649011,+,KIRP,3334,TCGA-G7-A8LB-01A,TCGA-G7-A8LB-01A,1.0,0.0,0.0,0.0,0.0
6,60566143,+,6,103384150,-,KIRP,3335,TCGA-G7-A8LB-01A,TCGA-G7-A8LB-01A,1.0,0.0,0.0,0.0,0.0
6,166079635,+,22,23939940,+,KIRP,3336,TCGA-G7-A8LB-01A,TCGA-G7-A8LB-01A,1.0,0.0,0.0,0.0,0.0
8,3394013,-,12,1093985,+,KIRP,3337,TCGA-G7-A8LB-01A,TCGA-G7-A8LB-01A,1.0,0.0,0.0,0.0,0.0
8,12913032,+,12,77662264,+,KIRP,3338,TCGA-G7-A8LB-01A,TCGA-G7-A8LB-01A,1.0,0.0,0.0,0.0,0.0
8,13622534,+,23,135115029,+,KIRP,3339,TCGA-G7-A8LB-01A,TCGA-G7-A8LB-01A,1.0,0.0,0.0,0.0,0.0
9,115095232,-,16,85331398,+,KIRP,3340,TCGA-G7-A8LB-01A,TCGA-G7-A8LB-01A,1.0,0.0,0.0,0.0,0.0
9,128688696,+,9,128689209,-,KIRP,3341,TCGA-G7-A8LB-01A,TCGA-G7-A8LB-01A,1.0,0.0,0.0,0.0,0.0
1,20538250,-,1,50574948,-,KIRP,3342,TCGA-G7-A8LD-01A,TCGA-G7-A8LD-01A,1.0,0.0,0.0,0.0,0.0
1,29139383,-,2,23833107,-,KIRP,3343,TCGA-G7-A8LD-01A,TCGA-G7-A8LD-01A,1.0,0.0,0.0,0.0,0.0
1,32690235,+,15,64149770,-,KIRP,3344,TCGA-G7-A8LD-01A,TCGA-G7-A8LD-01A,1.0,0.0,0.0,0.0,0.0
1,32739549,-,1,32743646,+,KIRP,3345,TCGA-G7-A8LD-01A,TCGA-G7-A8LD-01A,1.0,0.0,0.0,0.0,0.0
1,32743079,-,3,38151637,+,KIRP,3346,TCGA-G7-A8LD-01A,TCGA-G7-A8LD-01A,1.0,0.0,0.0,0.0,0.0
1,32767660,-,2,15659569,+,KIRP,3347,TCGA-G7-A8LD-01A,TCGA-G7-A8LD-01A,1.0,0.0,0.0,0.0,0.0
1,32768918,+,2,15650319,+,KIRP,3348,TCGA-G7-A8LD-01A,TCGA-G7-A8LD-01A,1.0,0.0,0.0,0.0,0.0
1,35421746,+,17,6581212,-,KIRP,3349,TCGA-G7-A8LD-01A,TCGA-G7-A8LD-01A,1.0,0.0,0.0,0.0,0.0
1,36329375,-,1,71590158,-,KIRP,3350,TCGA-G7-A8LD-01A,TCGA-G7-A8LD-01A,1.0,0.0,0.0,0.0,0.0
1,36333528,+,2,23832974,+,KIRP,3351,TCGA-G7-A8LD-01A,TCGA-G7-A8LD-01A,1.0,0.0,0.0,0.0,0.0
1,36333838,-,4,39797039,-,KIRP,3352,TCGA-G7-A8LD-01A,TCGA-G7-A8LD-01A,1.0,0.0,0.0,0.0,0.0
1,41007413,-,2,53677952,-,KIRP,3353,TCGA-G7-A8LD-01A,TCGA-G7-A8LD-01A,1.0,0.0,0.0,0.0,0.0
1,41009216,+,2,53678397,+,KIRP,3354,TCGA-G7-A8LD-01A,TCGA-G7-A8LD-01A,1.0,0.0,0.0,0.0,0.0
1,71590334,+,1,83928807,+,KIRP,3355,TCGA-G7-A8LD-01A,TCGA-G7-A8LD-01A,1.0,0.0,0.0,0.0,0.0
1,177855806,-,1,178102549,+,KIRP,3356,TCGA-G7-A8LD-01A,TCGA-G7-A8LD-01A,1.0,0.0,0.0,0.0,0.0
1,178075734,+,1,178085070,-,KIRP,3357,TCGA-G7-A8LD-01A,TCGA-G7-A8LD-01A,1.0,0.0,0.0,0.0,0.0
1,182853138,+,3,44135070,+,KIRP,3358,TCGA-G7-A8LD-01A,TCGA-G7-A8LD-01A,1.0,0.0,0.0,0.0,0.0
1,185056903,+,19,45325266,+,KIRP,3359,TCGA-G7-A8LD-01A,TCGA-G7-A8LD-01A,1.0,0.0,0.0,0.0,0.0
1,205265527,-,1,205295503,+,KIRP,3360,TCGA-G7-A8LD-01A,TCGA-G7-A8LD-01A,1.0,0.0,0.0,0.0,0.0
11,753367,-,11,847999,+,KIRP,3361,TCGA-G7-A8LD-01A,TCGA-G7-A8LD-01A,1.0,0.0,0.0,0.0,0.0
11,83919692,-,11,83933886,+,KIRP,3362,TCGA-G7-A8LD-01A,TCGA-G7-A8LD-01A,1.0,0.0,0.0,0.0,0.0
11,111257512,+,11,111259443,-,KIRP,3363,TCGA-G7-A8LD-01A,TCGA-G7-A8LD-01A,1.0,0.0,0.0,0.0,0.0
12,1600600,+,12,1601323,-,KIRP,3364,TCGA-G7-A8LD-01A,TCGA-G7-A8LD-01A,1.0,0.0,0.0,0.0,0.0
12,120470237,-,12,120499410,+,KIRP,3365,TCGA-G7-A8LD-01A,TCGA-G7-A8LD-01A,1.0,0.0,0.0,0.0,0.0
12,122396737,-,12,122455338,+,KIRP,3366,TCGA-G7-A8LD-01A,TCGA-G7-A8LD-01A,1.0,0.0,0.0,0.0,0.0
13,90583486,-,13,90599000,+,KIRP,3367,TCGA-G7-A8LD-01A,TCGA-G7-A8LD-01A,1.0,0.0,0.0,0.0,0.0
15,41439715,+,15,41440254,-,KIRP,3368,TCGA-G7-A8LD-01A,TCGA-G7-A8LD-01A,1.0,0.0,0.0,0.0,0.0
15,44687175,+,15,44723329,-,KIRP,3369,TCGA-G7-A8LD-01A,TCGA-G7-A8LD-01A,1.0,0.0,0.0,0.0,0.0
15,58355383,+,19,18448091,+,KIRP,3370,TCGA-G7-A8LD-01A,TCGA-G7-A8LD-01A,1.0,0.0,0.0,0.0,0.0
15,64693451,+,17,6581205,+,KIRP,3371,TCGA-G7-A8LD-01A,TCGA-G7-A8LD-01A,1.0,0.0,0.0,0.0,0.0
16,30907400,-,16,30923396,+,KIRP,3372,TCGA-G7-A8LD-01A,TCGA-G7-A8LD-01A,1.0,0.0,0.0,0.0,0.0
16,34118535,+,20,29271711,-,KIRP,3373,TCGA-G7-A8LD-01A,TCGA-G7-A8LD-01A,1.0,0.0,0.0,0.0,0.0
17,426979,+,17,8475721,-,KIRP,3374,TCGA-G7-A8LD-01A,TCGA-G7-A8LD-01A,1.0,0.0,0.0,0.0,0.0
17,22830333,+,17,23059648,-,KIRP,3375,TCGA-G7-A8LD-01A,TCGA-G7-A8LD-01A,1.0,0.0,0.0,0.0,0.0
17,29598299,+,17,45110231,-,KIRP,3376,TCGA-G7-A8LD-01A,TCGA-G7-A8LD-01A,1.0,0.0,0.0,0.0,0.0
17,37766899,-,17,37793230,+,KIRP,3377,TCGA-G7-A8LD-01A,TCGA-G7-A8LD-01A,1.0,0.0,0.0,0.0,0.0
17,78760487,+,19,52186827,+,KIRP,3378,TCGA-G7-A8LD-01A,TCGA-G7-A8LD-01A,1.0,0.0,0.0,0.0,0.0
18,20599665,+,18,20711764,+,KIRP,3379,TCGA-G7-A8LD-01A,TCGA-G7-A8LD-01A,1.0,0.0,0.0,0.0,0.0
19,420698,-,19,27800763,-,KIRP,3380,TCGA-G7-A8LD-01A,TCGA-G7-A8LD-01A,1.0,0.0,0.0,0.0,0.0
19,3565047,+,19,3566224,-,KIRP,3381,TCGA-G7-A8LD-01A,TCGA-G7-A8LD-01A,1.0,0.0,0.0,0.0,0.0
2,10977281,-,2,29808867,+,KIRP,3382,TCGA-G7-A8LD-01A,TCGA-G7-A8LD-01A,1.0,0.0,0.0,0.0,0.0
2,15649071,-,2,23720015,-,KIRP,3383,TCGA-G7-A8LD-01A,TCGA-G7-A8LD-01A,1.0,0.0,0.0,0.0,0.0
2,15658471,-,2,15658556,+,KIRP,3384,TCGA-G7-A8LD-01A,TCGA-G7-A8LD-01A,1.0,0.0,0.0,0.0,0.0
2,31891807,+,9,33920977,-,KIRP,3385,TCGA-G7-A8LD-01A,TCGA-G7-A8LD-01A,1.0,0.0,0.0,0.0,0.0
2,32140862,-,15,64693543,-,KIRP,3386,TCGA-G7-A8LD-01A,TCGA-G7-A8LD-01A,1.0,0.0,0.0,0.0,0.0
2,94557140,+,22,15194984,-,KIRP,3387,TCGA-G7-A8LD-01A,TCGA-G7-A8LD-01A,1.0,0.0,0.0,0.0,0.0
20,9033700,-,20,9093319,+,KIRP,3388,TCGA-G7-A8LD-01A,TCGA-G7-A8LD-01A,1.0,0.0,0.0,0.0,0.0
20,31698229,-,20,31786035,+,KIRP,3389,TCGA-G7-A8LD-01A,TCGA-G7-A8LD-01A,1.0,0.0,0.0,0.0,0.0
20,53675397,+,20,53676493,-,KIRP,3390,TCGA-G7-A8LD-01A,TCGA-G7-A8LD-01A,1.0,0.0,0.0,0.0,0.0
21,20367841,-,21,20386111,+,KIRP,3391,TCGA-G7-A8LD-01A,TCGA-G7-A8LD-01A,1.0,0.0,0.0,0.0,0.0
3,81097293,-,3,81116264,-,KIRP,3392,TCGA-G7-A8LD-01A,TCGA-G7-A8LD-01A,1.0,0.0,0.0,0.0,0.0
3,91123095,-,3,91150312,+,KIRP,3393,TCGA-G7-A8LD-01A,TCGA-G7-A8LD-01A,1.0,0.0,0.0,0.0,0.0
3,91157138,-,3,91281834,-,KIRP,3394,TCGA-G7-A8LD-01A,TCGA-G7-A8LD-01A,1.0,0.0,0.0,0.0,0.0
3,114753439,+,13,57765956,+,KIRP,3395,TCGA-G7-A8LD-01A,TCGA-G7-A8LD-01A,1.0,0.0,0.0,0.0,0.0
3,167881282,+,3,167885693,-,KIRP,3396,TCGA-G7-A8LD-01A,TCGA-G7-A8LD-01A,1.0,0.0,0.0,0.0,0.0
3,185640340,+,7,132801160,-,KIRP,3397,TCGA-G7-A8LD-01A,TCGA-G7-A8LD-01A,1.0,0.0,0.0,0.0,0.0
4,17315837,+,4,190119025,+,KIRP,3398,TCGA-G7-A8LD-01A,TCGA-G7-A8LD-01A,1.0,0.0,0.0,0.0,0.0
4,39796889,+,17,64162917,+,KIRP,3399,TCGA-G7-A8LD-01A,TCGA-G7-A8LD-01A,1.0,0.0,0.0,0.0,0.0
4,150277642,-,7,132801106,+,KIRP,3400,TCGA-G7-A8LD-01A,TCGA-G7-A8LD-01A,1.0,0.0,0.0,0.0,0.0
5,15541444,-,15,51087920,-,KIRP,3401,TCGA-G7-A8LD-01A,TCGA-G7-A8LD-01A,1.0,0.0,0.0,0.0,0.0
5,31686187,+,5,31698535,-,KIRP,3402,TCGA-G7-A8LD-01A,TCGA-G7-A8LD-01A,1.0,0.0,0.0,0.0,0.0
5,35813886,-,5,35818772,+,KIRP,3403,TCGA-G7-A8LD-01A,TCGA-G7-A8LD-01A,1.0,0.0,0.0,0.0,0.0
5,49916473,+,5,49925140,-,KIRP,3404,TCGA-G7-A8LD-01A,TCGA-G7-A8LD-01A,1.0,0.0,0.0,0.0,0.0
5,136084570,-,5,136139888,+,KIRP,3405,TCGA-G7-A8LD-01A,TCGA-G7-A8LD-01A,1.0,0.0,0.0,0.0,0.0
5,177293444,-,5,177359319,+,KIRP,3406,TCGA-G7-A8LD-01A,TCGA-G7-A8LD-01A,1.0,0.0,0.0,0.0,0.0
6,164600621,+,6,164603966,+,KIRP,3407,TCGA-G7-A8LD-01A,TCGA-G7-A8LD-01A,1.0,0.0,0.0,0.0,0.0
7,119890595,+,22,47331764,-,KIRP,3408,TCGA-G7-A8LD-01A,TCGA-G7-A8LD-01A,1.0,0.0,0.0,0.0,0.0
8,23015871,-,16,64489030,-,KIRP,3409,TCGA-G7-A8LD-01A,TCGA-G7-A8LD-01A,1.0,0.0,0.0,0.0,0.0
8,38601333,+,8,38612404,-,KIRP,3410,TCGA-G7-A8LD-01A,TCGA-G7-A8LD-01A,1.0,0.0,0.0,0.0,0.0
8,38727589,+,8,38775944,+,KIRP,3411,TCGA-G7-A8LD-01A,TCGA-G7-A8LD-01A,1.0,0.0,0.0,0.0,0.0
8,72190103,-,8,78306764,-,KIRP,3412,TCGA-G7-A8LD-01A,TCGA-G7-A8LD-01A,1.0,0.0,0.0,0.0,0.0
8,78302013,+,8,91410465,-,KIRP,3413,TCGA-G7-A8LD-01A,TCGA-G7-A8LD-01A,1.0,0.0,0.0,0.0,0.0
8,83572454,+,8,89497295,-,KIRP,3414,TCGA-G7-A8LD-01A,TCGA-G7-A8LD-01A,1.0,0.0,0.0,0.0,0.0
8,90969036,+,8,91211589,+,KIRP,3415,TCGA-G7-A8LD-01A,TCGA-G7-A8LD-01A,1.0,0.0,0.0,0.0,0.0
9,40540470,+,22,16079726,+,KIRP,3416,TCGA-G7-A8LD-01A,TCGA-G7-A8LD-01A,1.0,0.0,0.0,0.0,0.0
9,123745681,+,9,123747571,-,KIRP,3417,TCGA-G7-A8LD-01A,TCGA-G7-A8LD-01A,1.0,0.0,0.0,0.0,0.0
9,123745689,-,9,123747741,+,KIRP,3418,TCGA-G7-A8LD-01A,TCGA-G7-A8LD-01A,1.0,0.0,0.0,0.0,0.0
1,13481790,-,10,29009784,-,KIRP,3419,TCGA-G7-A8LE-01A,TCGA-G7-A8LE-01A,1.0,0.0,0.0,0.0,0.0
1,45954766,-,3,176966009,-,KIRP,3420,TCGA-G7-A8LE-01A,TCGA-G7-A8LE-01A,1.0,0.0,0.0,0.0,0.0
10,40545982,-,10,40734619,+,KIRP,3421,TCGA-G7-A8LE-01A,TCGA-G7-A8LE-01A,1.0,0.0,0.0,0.0,0.0
11,51517418,+,11,54266726,-,KIRP,3422,TCGA-G7-A8LE-01A,TCGA-G7-A8LE-01A,1.0,0.0,0.0,0.0,0.0
18,15484989,+,18,15670498,-,KIRP,3423,TCGA-G7-A8LE-01A,TCGA-G7-A8LE-01A,1.0,0.0,0.0,0.0,0.0
3,91042567,-,3,91223881,+,KIRP,3424,TCGA-G7-A8LE-01A,TCGA-G7-A8LE-01A,1.0,0.0,0.0,0.0,0.0
3,146229642,+,17,35763938,+,KIRP,3425,TCGA-G7-A8LE-01A,TCGA-G7-A8LE-01A,1.0,0.0,0.0,0.0,0.0
9,1245794,+,11,97519583,-,KIRP,3426,TCGA-G7-A8LE-01A,TCGA-G7-A8LE-01A,1.0,0.0,0.0,0.0,0.0
9,42971793,+,9,64485597,-,KIRP,3427,TCGA-G7-A8LE-01A,TCGA-G7-A8LE-01A,1.0,0.0,0.0,0.0,0.0
1,121906451,+,1,122210904,+,KIRP,3428,TCGA-GL-6846-01A,TCGA-GL-6846-01A,1.0,0.0,0.0,0.0,0.0
1,121907635,+,1,122174625,+,KIRP,3429,TCGA-GL-6846-01A,TCGA-GL-6846-01A,1.0,0.0,0.0,0.0,0.0
1,155513056,-,1,155513155,+,KIRP,3430,TCGA-GL-6846-01A,TCGA-GL-6846-01A,1.0,0.0,0.0,0.0,0.0
1,232733468,-,8,108318950,+,KIRP,3431,TCGA-GL-6846-01A,TCGA-GL-6846-01A,1.0,0.0,0.0,0.0,0.0
12,22321070,+,19,8969384,-,KIRP,3432,TCGA-GL-6846-01A,TCGA-GL-6846-01A,1.0,0.0,0.0,0.0,0.0
15,28985031,+,15,49165092,+,KIRP,3433,TCGA-GL-6846-01A,TCGA-GL-6846-01A,1.0,0.0,0.0,0.0,0.0
15,28985031,+,15,94203989,+,KIRP,3434,TCGA-GL-6846-01A,TCGA-GL-6846-01A,1.0,0.0,0.0,0.0,0.0
15,49164789,-,15,94203989,+,KIRP,3435,TCGA-GL-6846-01A,TCGA-GL-6846-01A,1.0,0.0,0.0,0.0,0.0
15,52471593,-,16,15831465,-,KIRP,3436,TCGA-GL-6846-01A,TCGA-GL-6846-01A,1.0,0.0,0.0,0.0,0.0
15,55976478,-,15,88661193,+,KIRP,3437,TCGA-GL-6846-01A,TCGA-GL-6846-01A,1.0,0.0,0.0,0.0,0.0
15,86309021,+,15,88664250,+,KIRP,3438,TCGA-GL-6846-01A,TCGA-GL-6846-01A,1.0,0.0,0.0,0.0,0.0
16,30752235,+,23,36616882,+,KIRP,3439,TCGA-GL-6846-01A,TCGA-GL-6846-01A,1.0,0.0,0.0,0.0,0.0
18,15548392,-,18,15699897,+,KIRP,3440,TCGA-GL-6846-01A,TCGA-GL-6846-01A,1.0,0.0,0.0,0.0,0.0
2,92238946,-,2,94144662,+,KIRP,3441,TCGA-GL-6846-01A,TCGA-GL-6846-01A,1.0,0.0,0.0,0.0,0.0
3,90484487,+,6,61381502,+,KIRP,3442,TCGA-GL-6846-01A,TCGA-GL-6846-01A,1.0,0.0,0.0,0.0,0.0
4,77965428,-,4,112463529,-,KIRP,3443,TCGA-GL-6846-01A,TCGA-GL-6846-01A,1.0,0.0,0.0,0.0,0.0
4,147873682,-,22,36355001,+,KIRP,3444,TCGA-GL-6846-01A,TCGA-GL-6846-01A,1.0,0.0,0.0,0.0,0.0
5,49913415,-,5,49991016,+,KIRP,3445,TCGA-GL-6846-01A,TCGA-GL-6846-01A,1.0,0.0,0.0,0.0,0.0
8,140588785,+,8,140589440,-,KIRP,3446,TCGA-GL-6846-01A,TCGA-GL-6846-01A,1.0,0.0,0.0,0.0,0.0
1,113288487,-,9,13565162,-,KIRP,3447,TCGA-GL-7773-01A,TCGA-GL-7773-01A,1.0,0.0,0.0,0.0,0.0
1,168541793,+,1,168580409,+,KIRP,3448,TCGA-GL-7773-01A,TCGA-GL-7773-01A,1.0,0.0,0.0,0.0,0.0
11,62952129,+,11,92412783,+,KIRP,3449,TCGA-GL-7773-01A,TCGA-GL-7773-01A,1.0,0.0,0.0,0.0,0.0
12,34883681,-,12,36481474,+,KIRP,3450,TCGA-GL-7773-01A,TCGA-GL-7773-01A,1.0,0.0,0.0,0.0,0.0
12,35065099,-,12,36749425,+,KIRP,3451,TCGA-GL-7773-01A,TCGA-GL-7773-01A,1.0,0.0,0.0,0.0,0.0
12,82105331,+,13,80583504,-,KIRP,3452,TCGA-GL-7773-01A,TCGA-GL-7773-01A,1.0,0.0,0.0,0.0,0.0
14,68795266,+,23,117931876,-,KIRP,3453,TCGA-GL-7773-01A,TCGA-GL-7773-01A,1.0,0.0,0.0,0.0,0.0
14,106699024,-,14,106745871,+,KIRP,3454,TCGA-GL-7773-01A,TCGA-GL-7773-01A,1.0,0.0,0.0,0.0,0.0
16,23286354,+,16,23287084,-,KIRP,3455,TCGA-GL-7773-01A,TCGA-GL-7773-01A,1.0,0.0,0.0,0.0,0.0
16,81601562,-,16,81601960,+,KIRP,3456,TCGA-GL-7773-01A,TCGA-GL-7773-01A,1.0,0.0,0.0,0.0,0.0
16,87223870,-,16,87223999,+,KIRP,3457,TCGA-GL-7773-01A,TCGA-GL-7773-01A,1.0,0.0,0.0,0.0,0.0
17,23100256,+,17,23172491,-,KIRP,3458,TCGA-GL-7773-01A,TCGA-GL-7773-01A,1.0,0.0,0.0,0.0,0.0
18,15791531,-,20,26535017,+,KIRP,3459,TCGA-GL-7773-01A,TCGA-GL-7773-01A,1.0,0.0,0.0,0.0,0.0
2,20954376,+,21,41672943,+,KIRP,3460,TCGA-GL-7773-01A,TCGA-GL-7773-01A,1.0,0.0,0.0,0.0,0.0
3,91353666,+,14,69105946,+,KIRP,3461,TCGA-GL-7773-01A,TCGA-GL-7773-01A,1.0,0.0,0.0,0.0,0.0
3,128650651,+,3,128651285,-,KIRP,3462,TCGA-GL-7773-01A,TCGA-GL-7773-01A,1.0,0.0,0.0,0.0,0.0
3,174426117,-,23,43508786,-,KIRP,3463,TCGA-GL-7773-01A,TCGA-GL-7773-01A,1.0,0.0,0.0,0.0,0.0
3,174426237,+,23,43508778,+,KIRP,3464,TCGA-GL-7773-01A,TCGA-GL-7773-01A,1.0,0.0,0.0,0.0,0.0
3,174426451,+,23,43508886,+,KIRP,3465,TCGA-GL-7773-01A,TCGA-GL-7773-01A,1.0,0.0,0.0,0.0,0.0
4,16015459,-,4,16015617,+,KIRP,3466,TCGA-GL-7773-01A,TCGA-GL-7773-01A,1.0,0.0,0.0,0.0,0.0
4,51312245,-,4,51644634,+,KIRP,3467,TCGA-GL-7773-01A,TCGA-GL-7773-01A,1.0,0.0,0.0,0.0,0.0
4,87022563,+,16,87231843,-,KIRP,3468,TCGA-GL-7773-01A,TCGA-GL-7773-01A,1.0,0.0,0.0,0.0,0.0
4,113786508,-,4,113786753,+,KIRP,3469,TCGA-GL-7773-01A,TCGA-GL-7773-01A,1.0,0.0,0.0,0.0,0.0
5,1318528,+,5,56347570,-,KIRP,3470,TCGA-GL-7773-01A,TCGA-GL-7773-01A,1.0,0.0,0.0,0.0,0.0
5,3927742,+,5,41787385,-,KIRP,3471,TCGA-GL-7773-01A,TCGA-GL-7773-01A,1.0,0.0,0.0,0.0,0.0
5,3928185,-,5,6353203,-,KIRP,3472,TCGA-GL-7773-01A,TCGA-GL-7773-01A,1.0,0.0,0.0,0.0,0.0
5,7394013,-,5,56345999,+,KIRP,3473,TCGA-GL-7773-01A,TCGA-GL-7773-01A,1.0,0.0,0.0,0.0,0.0
5,10424292,-,5,55421041,-,KIRP,3474,TCGA-GL-7773-01A,TCGA-GL-7773-01A,1.0,0.0,0.0,0.0,0.0
5,20027907,+,5,54907778,-,KIRP,3475,TCGA-GL-7773-01A,TCGA-GL-7773-01A,1.0,0.0,0.0,0.0,0.0
5,20028352,-,5,25747003,-,KIRP,3476,TCGA-GL-7773-01A,TCGA-GL-7773-01A,1.0,0.0,0.0,0.0,0.0
5,25746027,+,5,55420106,+,KIRP,3477,TCGA-GL-7773-01A,TCGA-GL-7773-01A,1.0,0.0,0.0,0.0,0.0
5,39378874,-,23,43508778,+,KIRP,3478,TCGA-GL-7773-01A,TCGA-GL-7773-01A,1.0,0.0,0.0,0.0,0.0
5,49723765,+,5,49957899,-,KIRP,3479,TCGA-GL-7773-01A,TCGA-GL-7773-01A,1.0,0.0,0.0,0.0,0.0
5,93822860,+,5,159122676,-,KIRP,3480,TCGA-GL-7773-01A,TCGA-GL-7773-01A,1.0,0.0,0.0,0.0,0.0
7,101942524,+,7,101943139,-,KIRP,3481,TCGA-GL-7773-01A,TCGA-GL-7773-01A,1.0,0.0,0.0,0.0,0.0
7,116772150,-,8,68440535,+,KIRP,3482,TCGA-GL-7773-01A,TCGA-GL-7773-01A,1.0,0.0,0.0,0.0,0.0
7,116772634,+,8,68440722,-,KIRP,3483,TCGA-GL-7773-01A,TCGA-GL-7773-01A,1.0,0.0,0.0,0.0,0.0
7,116772671,+,11,22808869,-,KIRP,3484,TCGA-GL-7773-01A,TCGA-GL-7773-01A,1.0,0.0,0.0,0.0,0.0
8,9283081,-,9,14452439,-,KIRP,3485,TCGA-GL-7773-01A,TCGA-GL-7773-01A,1.0,0.0,0.0,0.0,0.0
9,43452123,-,9,45351186,+,KIRP,3486,TCGA-GL-7773-01A,TCGA-GL-7773-01A,1.0,0.0,0.0,0.0,0.0
9,134254216,-,20,42956146,+,KIRP,3487,TCGA-GL-7773-01A,TCGA-GL-7773-01A,1.0,0.0,0.0,0.0,0.0
23,32783261,+,23,52733041,+,KIRP,3488,TCGA-GL-7773-01A,TCGA-GL-7773-01A,1.0,0.0,0.0,0.0,0.0
23,130756656,-,23,130756835,+,KIRP,3489,TCGA-GL-7773-01A,TCGA-GL-7773-01A,1.0,0.0,0.0,0.0,0.0
23,136279127,+,23,136279826,-,KIRP,3490,TCGA-GL-7773-01A,TCGA-GL-7773-01A,1.0,0.0,0.0,0.0,0.0
1,46192083,-,1,46228476,+,KIRP,3491,TCGA-GL-7966-01A,TCGA-GL-7966-01A,1.0,0.0,0.0,0.0,0.0
1,94202456,-,1,94276739,+,KIRP,3492,TCGA-GL-7966-01A,TCGA-GL-7966-01A,1.0,0.0,0.0,0.0,0.0
1,203800013,-,1,204223003,+,KIRP,3493,TCGA-GL-7966-01A,TCGA-GL-7966-01A,1.0,0.0,0.0,0.0,0.0
10,125415400,+,10,125416085,-,KIRP,3494,TCGA-GL-7966-01A,TCGA-GL-7966-01A,1.0,0.0,0.0,0.0,0.0
11,779252,-,11,867461,+,KIRP,3495,TCGA-GL-7966-01A,TCGA-GL-7966-01A,1.0,0.0,0.0,0.0,0.0
11,33030246,+,11,33030836,-,KIRP,3496,TCGA-GL-7966-01A,TCGA-GL-7966-01A,1.0,0.0,0.0,0.0,0.0
11,38046953,+,12,110216067,-,KIRP,3497,TCGA-GL-7966-01A,TCGA-GL-7966-01A,1.0,0.0,0.0,0.0,0.0
11,61163019,-,11,61394968,+,KIRP,3498,TCGA-GL-7966-01A,TCGA-GL-7966-01A,1.0,0.0,0.0,0.0,0.0
12,43385367,-,12,43391992,+,KIRP,3499,TCGA-GL-7966-01A,TCGA-GL-7966-01A,1.0,0.0,0.0,0.0,0.0
13,18408175,-,21,13037630,+,KIRP,3500,TCGA-GL-7966-01A,TCGA-GL-7966-01A,1.0,0.0,0.0,0.0,0.0
15,18841173,-,15,19345726,+,KIRP,3501,TCGA-GL-7966-01A,TCGA-GL-7966-01A,1.0,0.0,0.0,0.0,0.0
16,806729,+,16,842038,-,KIRP,3502,TCGA-GL-7966-01A,TCGA-GL-7966-01A,1.0,0.0,0.0,0.0,0.0
16,1991973,-,16,2070614,+,KIRP,3503,TCGA-GL-7966-01A,TCGA-GL-7966-01A,1.0,0.0,0.0,0.0,0.0
16,73540885,+,16,73548553,-,KIRP,3504,TCGA-GL-7966-01A,TCGA-GL-7966-01A,1.0,0.0,0.0,0.0,0.0
17,22822526,-,17,23180806,+,KIRP,3505,TCGA-GL-7966-01A,TCGA-GL-7966-01A,1.0,0.0,0.0,0.0,0.0
18,39653890,+,18,39718587,-,KIRP,3506,TCGA-GL-7966-01A,TCGA-GL-7966-01A,1.0,0.0,0.0,0.0,0.0
19,12160281,+,19,12160862,-,KIRP,3507,TCGA-GL-7966-01A,TCGA-GL-7966-01A,1.0,0.0,0.0,0.0,0.0
19,42230461,-,19,42331095,+,KIRP,3508,TCGA-GL-7966-01A,TCGA-GL-7966-01A,1.0,0.0,0.0,0.0,0.0
2,96744714,+,2,96745338,-,KIRP,3509,TCGA-GL-7966-01A,TCGA-GL-7966-01A,1.0,0.0,0.0,0.0,0.0
2,128083649,+,2,128084215,-,KIRP,3510,TCGA-GL-7966-01A,TCGA-GL-7966-01A,1.0,0.0,0.0,0.0,0.0
2,129972048,+,2,129974433,-,KIRP,3511,TCGA-GL-7966-01A,TCGA-GL-7966-01A,1.0,0.0,0.0,0.0,0.0
2,135937182,-,2,135969304,+,KIRP,3512,TCGA-GL-7966-01A,TCGA-GL-7966-01A,1.0,0.0,0.0,0.0,0.0
2,208849323,+,2,208849925,-,KIRP,3513,TCGA-GL-7966-01A,TCGA-GL-7966-01A,1.0,0.0,0.0,0.0,0.0
20,22327878,+,21,35395473,+,KIRP,3514,TCGA-GL-7966-01A,TCGA-GL-7966-01A,1.0,0.0,0.0,0.0,0.0
21,34856427,+,21,34861047,-,KIRP,3515,TCGA-GL-7966-01A,TCGA-GL-7966-01A,1.0,0.0,0.0,0.0,0.0
22,42512916,+,22,42574752,-,KIRP,3516,TCGA-GL-7966-01A,TCGA-GL-7966-01A,1.0,0.0,0.0,0.0,0.0
3,76923832,-,3,76927453,+,KIRP,3517,TCGA-GL-7966-01A,TCGA-GL-7966-01A,1.0,0.0,0.0,0.0,0.0
3,90784700,-,3,91189902,+,KIRP,3518,TCGA-GL-7966-01A,TCGA-GL-7966-01A,1.0,0.0,0.0,0.0,0.0
3,90914494,-,3,91153546,+,KIRP,3519,TCGA-GL-7966-01A,TCGA-GL-7966-01A,1.0,0.0,0.0,0.0,0.0
3,91380257,-,6,57639776,-,KIRP,3520,TCGA-GL-7966-01A,TCGA-GL-7966-01A,1.0,0.0,0.0,0.0,0.0
3,157972104,-,5,18435628,+,KIRP,3521,TCGA-GL-7966-01A,TCGA-GL-7966-01A,1.0,0.0,0.0,0.0,0.0
4,3934004,-,4,9711891,-,KIRP,3522,TCGA-GL-7966-01A,TCGA-GL-7966-01A,1.0,0.0,0.0,0.0,0.0
4,26190914,-,10,121577032,+,KIRP,3523,TCGA-GL-7966-01A,TCGA-GL-7966-01A,1.0,0.0,0.0,0.0,0.0
4,94575175,-,4,94678002,+,KIRP,3524,TCGA-GL-7966-01A,TCGA-GL-7966-01A,1.0,0.0,0.0,0.0,0.0
4,134567898,-,22,38613389,-,KIRP,3525,TCGA-GL-7966-01A,TCGA-GL-7966-01A,1.0,0.0,0.0,0.0,0.0
5,7375364,+,16,689685,+,KIRP,3526,TCGA-GL-7966-01A,TCGA-GL-7966-01A,1.0,0.0,0.0,0.0,0.0
5,49952861,+,5,50030290,-,KIRP,3527,TCGA-GL-7966-01A,TCGA-GL-7966-01A,1.0,0.0,0.0,0.0,0.0
5,101245980,+,5,101257130,-,KIRP,3528,TCGA-GL-7966-01A,TCGA-GL-7966-01A,1.0,0.0,0.0,0.0,0.0
5,119894272,-,8,2713444,-,KIRP,3529,TCGA-GL-7966-01A,TCGA-GL-7966-01A,1.0,0.0,0.0,0.0,0.0
5,171733632,+,7,76101710,-,KIRP,3530,TCGA-GL-7966-01A,TCGA-GL-7966-01A,1.0,0.0,0.0,0.0,0.0
5,171733677,-,7,67363942,+,KIRP,3531,TCGA-GL-7966-01A,TCGA-GL-7966-01A,1.0,0.0,0.0,0.0,0.0
5,174352516,-,5,174368297,+,KIRP,3532,TCGA-GL-7966-01A,TCGA-GL-7966-01A,1.0,0.0,0.0,0.0,0.0
6,33934511,-,6,65442899,+,KIRP,3533,TCGA-GL-7966-01A,TCGA-GL-7966-01A,1.0,0.0,0.0,0.0,0.0
6,53157840,+,6,147904822,+,KIRP,3534,TCGA-GL-7966-01A,TCGA-GL-7966-01A,1.0,0.0,0.0,0.0,0.0
6,53158037,-,6,147397288,-,KIRP,3535,TCGA-GL-7966-01A,TCGA-GL-7966-01A,1.0,0.0,0.0,0.0,0.0
6,55013968,+,6,56030974,-,KIRP,3536,TCGA-GL-7966-01A,TCGA-GL-7966-01A,1.0,0.0,0.0,0.0,0.0
7,8266847,+,8,24763653,-,KIRP,3537,TCGA-GL-7966-01A,TCGA-GL-7966-01A,1.0,0.0,0.0,0.0,0.0
7,8266865,-,7,67363966,-,KIRP,3538,TCGA-GL-7966-01A,TCGA-GL-7966-01A,1.0,0.0,0.0,0.0,0.0
7,61381051,+,7,61454735,-,KIRP,3539,TCGA-GL-7966-01A,TCGA-GL-7966-01A,1.0,0.0,0.0,0.0,0.0
7,76101686,+,9,2084215,+,KIRP,3540,TCGA-GL-7966-01A,TCGA-GL-7966-01A,1.0,0.0,0.0,0.0,0.0
7,94264800,+,8,24727631,+,KIRP,3541,TCGA-GL-7966-01A,TCGA-GL-7966-01A,1.0,0.0,0.0,0.0,0.0
7,99288176,-,7,99362061,+,KIRP,3542,TCGA-GL-7966-01A,TCGA-GL-7966-01A,1.0,0.0,0.0,0.0,0.0
7,130826834,-,7,131033137,+,KIRP,3543,TCGA-GL-7966-01A,TCGA-GL-7966-01A,1.0,0.0,0.0,0.0,0.0
7,141458225,+,7,141461664,-,KIRP,3544,TCGA-GL-7966-01A,TCGA-GL-7966-01A,1.0,0.0,0.0,0.0,0.0
7,141561512,+,7,141565522,-,KIRP,3545,TCGA-GL-7966-01A,TCGA-GL-7966-01A,1.0,0.0,0.0,0.0,0.0
8,36652818,+,8,36653851,-,KIRP,3546,TCGA-GL-7966-01A,TCGA-GL-7966-01A,1.0,0.0,0.0,0.0,0.0
9,13001505,+,9,15810956,-,KIRP,3547,TCGA-GL-7966-01A,TCGA-GL-7966-01A,1.0,0.0,0.0,0.0,0.0
9,16360068,-,9,16363194,+,KIRP,3548,TCGA-GL-7966-01A,TCGA-GL-7966-01A,1.0,0.0,0.0,0.0,0.0
9,19294372,-,9,19308029,+,KIRP,3549,TCGA-GL-7966-01A,TCGA-GL-7966-01A,1.0,0.0,0.0,0.0,0.0
9,19772735,+,9,19936253,+,KIRP,3550,TCGA-GL-7966-01A,TCGA-GL-7966-01A,1.0,0.0,0.0,0.0,0.0
9,19924938,-,9,27258835,-,KIRP,3551,TCGA-GL-7966-01A,TCGA-GL-7966-01A,1.0,0.0,0.0,0.0,0.0
9,26659712,-,9,117071363,+,KIRP,3552,TCGA-GL-7966-01A,TCGA-GL-7966-01A,1.0,0.0,0.0,0.0,0.0
9,44603393,+,9,44780827,-,KIRP,3553,TCGA-GL-7966-01A,TCGA-GL-7966-01A,1.0,0.0,0.0,0.0,0.0
9,90176352,-,9,90193171,+,KIRP,3554,TCGA-GL-7966-01A,TCGA-GL-7966-01A,1.0,0.0,0.0,0.0,0.0
9,99498680,-,9,100899305,-,KIRP,3555,TCGA-GL-7966-01A,TCGA-GL-7966-01A,1.0,0.0,0.0,0.0,0.0
9,100871266,+,9,108681130,-,KIRP,3556,TCGA-GL-7966-01A,TCGA-GL-7966-01A,1.0,0.0,0.0,0.0,0.0
9,100917612,+,9,109669364,+,KIRP,3557,TCGA-GL-7966-01A,TCGA-GL-7966-01A,1.0,0.0,0.0,0.0,0.0
9,108707968,+,9,109591518,-,KIRP,3558,TCGA-GL-7966-01A,TCGA-GL-7966-01A,1.0,0.0,0.0,0.0,0.0
9,109616563,+,9,109658650,-,KIRP,3559,TCGA-GL-7966-01A,TCGA-GL-7966-01A,1.0,0.0,0.0,0.0,0.0
9,109957370,+,9,114539941,-,KIRP,3560,TCGA-GL-7966-01A,TCGA-GL-7966-01A,1.0,0.0,0.0,0.0,0.0
9,117800556,-,9,118518779,-,KIRP,3561,TCGA-GL-7966-01A,TCGA-GL-7966-01A,1.0,0.0,0.0,0.0,0.0
9,117813918,+,9,118538266,+,KIRP,3562,TCGA-GL-7966-01A,TCGA-GL-7966-01A,1.0,0.0,0.0,0.0,0.0
9,136023082,-,17,46125361,+,KIRP,3563,TCGA-GL-7966-01A,TCGA-GL-7966-01A,1.0,0.0,0.0,0.0,0.0
23,89178981,+,23,89179742,-,KIRP,3564,TCGA-GL-7966-01A,TCGA-GL-7966-01A,1.0,0.0,0.0,0.0,0.0
11,54377461,-,11,54404124,+,KIRP,3565,TCGA-GL-8500-01A,TCGA-GL-8500-01A,1.0,0.0,0.0,0.0,0.0
15,19345213,-,15,19787855,-,KIRP,3566,TCGA-GL-8500-01A,TCGA-GL-8500-01A,1.0,0.0,0.0,0.0,0.0
19,53096396,-,19,53126278,+,KIRP,3567,TCGA-GL-8500-01A,TCGA-GL-8500-01A,1.0,0.0,0.0,0.0,0.0
3,89012470,+,6,127543514,-,KIRP,3568,TCGA-GL-8500-01A,TCGA-GL-8500-01A,1.0,0.0,0.0,0.0,0.0
3,89020509,+,10,57765131,+,KIRP,3569,TCGA-GL-8500-01A,TCGA-GL-8500-01A,1.0,0.0,0.0,0.0,0.0
3,90830383,+,3,90968785,-,KIRP,3570,TCGA-GL-8500-01A,TCGA-GL-8500-01A,1.0,0.0,0.0,0.0,0.0
3,174720558,+,3,174722690,-,KIRP,3571,TCGA-GL-8500-01A,TCGA-GL-8500-01A,1.0,0.0,0.0,0.0,0.0
3,197576574,+,7,154298269,-,KIRP,3572,TCGA-GL-8500-01A,TCGA-GL-8500-01A,1.0,0.0,0.0,0.0,0.0
5,46893651,+,5,46974355,-,KIRP,3573,TCGA-GL-8500-01A,TCGA-GL-8500-01A,1.0,0.0,0.0,0.0,0.0
1,122573815,+,1,122789795,-,KIRP,3574,TCGA-GL-A4EM-01A,TCGA-GL-A4EM-01A,1.0,0.0,0.0,0.0,0.0
12,73272213,+,14,70507572,-,KIRP,3575,TCGA-GL-A4EM-01A,TCGA-GL-A4EM-01A,1.0,0.0,0.0,0.0,0.0
12,73715083,-,14,77372903,-,KIRP,3576,TCGA-GL-A4EM-01A,TCGA-GL-A4EM-01A,1.0,0.0,0.0,0.0,0.0
1,192518179,+,4,180310781,-,KIRP,3577,TCGA-GL-A59R-01A,TCGA-GL-A59R-01A,1.0,0.0,0.0,0.0,0.0
12,114814191,-,15,94767398,-,KIRP,3578,TCGA-GL-A59R-01A,TCGA-GL-A59R-01A,1.0,0.0,0.0,0.0,0.0
13,76694364,-,14,52480944,-,KIRP,3579,TCGA-GL-A59R-01A,TCGA-GL-A59R-01A,1.0,0.0,0.0,0.0,0.0
14,74740216,+,14,74740800,-,KIRP,3580,TCGA-GL-A59R-01A,TCGA-GL-A59R-01A,1.0,0.0,0.0,0.0,0.0
16,69943807,+,16,70166610,-,KIRP,3581,TCGA-GL-A59R-01A,TCGA-GL-A59R-01A,1.0,0.0,0.0,0.0,0.0
17,20869036,-,17,22091177,+,KIRP,3582,TCGA-GL-A59R-01A,TCGA-GL-A59R-01A,1.0,0.0,0.0,0.0,0.0
17,58346251,-,17,58346374,+,KIRP,3583,TCGA-GL-A59R-01A,TCGA-GL-A59R-01A,1.0,0.0,0.0,0.0,0.0
2,6347504,+,3,36219331,+,KIRP,3584,TCGA-GL-A59R-01A,TCGA-GL-A59R-01A,1.0,0.0,0.0,0.0,0.0
2,117691740,-,11,64175050,+,KIRP,3585,TCGA-GL-A59R-01A,TCGA-GL-A59R-01A,1.0,0.0,0.0,0.0,0.0
2,117691811,+,11,64174737,-,KIRP,3586,TCGA-GL-A59R-01A,TCGA-GL-A59R-01A,1.0,0.0,0.0,0.0,0.0
2,117691821,-,11,64174825,+,KIRP,3587,TCGA-GL-A59R-01A,TCGA-GL-A59R-01A,1.0,0.0,0.0,0.0,0.0
20,29981812,-,20,30022929,+,KIRP,3588,TCGA-GL-A59R-01A,TCGA-GL-A59R-01A,1.0,0.0,0.0,0.0,0.0
22,42130946,-,22,42144708,+,KIRP,3589,TCGA-GL-A59R-01A,TCGA-GL-A59R-01A,1.0,0.0,0.0,0.0,0.0
3,10134114,-,16,67869866,+,KIRP,3590,TCGA-GL-A59R-01A,TCGA-GL-A59R-01A,1.0,0.0,0.0,0.0,0.0
4,74680300,-,18,25887733,-,KIRP,3591,TCGA-GL-A59R-01A,TCGA-GL-A59R-01A,1.0,0.0,0.0,0.0,0.0
4,159911607,-,11,134553937,-,KIRP,3592,TCGA-GL-A59R-01A,TCGA-GL-A59R-01A,1.0,0.0,0.0,0.0,0.0
4,159911723,+,11,134553939,+,KIRP,3593,TCGA-GL-A59R-01A,TCGA-GL-A59R-01A,1.0,0.0,0.0,0.0,0.0
5,164622626,+,5,164623275,-,KIRP,3594,TCGA-GL-A59R-01A,TCGA-GL-A59R-01A,1.0,0.0,0.0,0.0,0.0
5,169754921,-,14,94728620,-,KIRP,3595,TCGA-GL-A59R-01A,TCGA-GL-A59R-01A,1.0,0.0,0.0,0.0,0.0
7,48481688,+,11,92183733,+,KIRP,3596,TCGA-GL-A59R-01A,TCGA-GL-A59R-01A,1.0,0.0,0.0,0.0,0.0
7,98947582,-,19,54057389,-,KIRP,3597,TCGA-GL-A59R-01A,TCGA-GL-A59R-01A,1.0,0.0,0.0,0.0,0.0
9,40534752,-,18,15394903,+,KIRP,3598,TCGA-GL-A59R-01A,TCGA-GL-A59R-01A,1.0,0.0,0.0,0.0,0.0
9,43428013,-,9,45504874,+,KIRP,3599,TCGA-GL-A59R-01A,TCGA-GL-A59R-01A,1.0,0.0,0.0,0.0,0.0
9,136973823,+,9,136974395,-,KIRP,3600,TCGA-GL-A59R-01A,TCGA-GL-A59R-01A,1.0,0.0,0.0,0.0,0.0
10,105436792,+,10,105440263,+,KIRP,3601,TCGA-GL-A59T-01A,TCGA-GL-A59T-01A,1.0,0.0,0.0,0.0,0.0
10,105436793,-,10,105440263,-,KIRP,3602,TCGA-GL-A59T-01A,TCGA-GL-A59T-01A,1.0,0.0,0.0,0.0,0.0
11,54346618,+,11,54420988,-,KIRP,3603,TCGA-GL-A59T-01A,TCGA-GL-A59T-01A,1.0,0.0,0.0,0.0,0.0
12,9319223,+,12,9412666,+,KIRP,3604,TCGA-GL-A59T-01A,TCGA-GL-A59T-01A,1.0,0.0,0.0,0.0,0.0
12,112400328,+,12,112401022,-,KIRP,3605,TCGA-GL-A59T-01A,TCGA-GL-A59T-01A,1.0,0.0,0.0,0.0,0.0
13,16030449,-,20,28768291,-,KIRP,3606,TCGA-GL-A59T-01A,TCGA-GL-A59T-01A,1.0,0.0,0.0,0.0,0.0
13,27904168,+,13,27913032,-,KIRP,3607,TCGA-GL-A59T-01A,TCGA-GL-A59T-01A,1.0,0.0,0.0,0.0,0.0
16,24021368,-,22,26348274,-,KIRP,3608,TCGA-GL-A59T-01A,TCGA-GL-A59T-01A,1.0,0.0,0.0,0.0,0.0
16,68757142,+,16,68757826,-,KIRP,3609,TCGA-GL-A59T-01A,TCGA-GL-A59T-01A,1.0,0.0,0.0,0.0,0.0
17,62141866,+,19,10726127,-,KIRP,3610,TCGA-GL-A59T-01A,TCGA-GL-A59T-01A,1.0,0.0,0.0,0.0,0.0
19,40250483,+,19,40251169,-,KIRP,3611,TCGA-GL-A59T-01A,TCGA-GL-A59T-01A,1.0,0.0,0.0,0.0,0.0
2,32594703,-,7,82370501,+,KIRP,3612,TCGA-GL-A59T-01A,TCGA-GL-A59T-01A,1.0,0.0,0.0,0.0,0.0
2,89265086,+,2,89917761,+,KIRP,3613,TCGA-GL-A59T-01A,TCGA-GL-A59T-01A,1.0,0.0,0.0,0.0,0.0
20,29290651,-,24,10206342,-,KIRP,3614,TCGA-GL-A59T-01A,TCGA-GL-A59T-01A,1.0,0.0,0.0,0.0,0.0
22,21062900,+,22,21063561,-,KIRP,3615,TCGA-GL-A59T-01A,TCGA-GL-A59T-01A,1.0,0.0,0.0,0.0,0.0
3,2084261,+,4,125229685,+,KIRP,3616,TCGA-GL-A59T-01A,TCGA-GL-A59T-01A,1.0,0.0,0.0,0.0,0.0
3,90969060,+,3,91003280,-,KIRP,3617,TCGA-GL-A59T-01A,TCGA-GL-A59T-01A,1.0,0.0,0.0,0.0,0.0
4,54202237,+,4,54202891,-,KIRP,3618,TCGA-GL-A59T-01A,TCGA-GL-A59T-01A,1.0,0.0,0.0,0.0,0.0
4,102348241,+,4,102349366,+,KIRP,3619,TCGA-GL-A59T-01A,TCGA-GL-A59T-01A,1.0,0.0,0.0,0.0,0.0
4,102348246,-,4,102349367,-,KIRP,3620,TCGA-GL-A59T-01A,TCGA-GL-A59T-01A,1.0,0.0,0.0,0.0,0.0
4,161029848,-,4,161084534,+,KIRP,3621,TCGA-GL-A59T-01A,TCGA-GL-A59T-01A,1.0,0.0,0.0,0.0,0.0
5,67818650,-,10,98542080,+,KIRP,3622,TCGA-GL-A59T-01A,TCGA-GL-A59T-01A,1.0,0.0,0.0,0.0,0.0
5,173964795,+,20,51500812,+,KIRP,3623,TCGA-GL-A59T-01A,TCGA-GL-A59T-01A,1.0,0.0,0.0,0.0,0.0
9,6727659,+,23,136880982,+,KIRP,3624,TCGA-GL-A59T-01A,TCGA-GL-A59T-01A,1.0,0.0,0.0,0.0,0.0
10,41017050,-,10,41017641,+,KIRP,3625,TCGA-GL-A9DC-01A,TCGA-GL-A9DC-01A,1.0,0.0,0.0,0.0,0.0
13,16441273,-,13,16643867,+,KIRP,3626,TCGA-GL-A9DC-01A,TCGA-GL-A9DC-01A,1.0,0.0,0.0,0.0,0.0
13,16918065,-,13,17396383,+,KIRP,3627,TCGA-GL-A9DC-01A,TCGA-GL-A9DC-01A,1.0,0.0,0.0,0.0,0.0
16,36378961,-,16,38237051,+,KIRP,3628,TCGA-GL-A9DC-01A,TCGA-GL-A9DC-01A,1.0,0.0,0.0,0.0,0.0
3,90784844,-,3,91066830,+,KIRP,3629,TCGA-GL-A9DC-01A,TCGA-GL-A9DC-01A,1.0,0.0,0.0,0.0,0.0
3,131677803,-,3,131677938,+,KIRP,3630,TCGA-GL-A9DC-01A,TCGA-GL-A9DC-01A,1.0,0.0,0.0,0.0,0.0
3,163227085,+,6,111088212,-,KIRP,3631,TCGA-GL-A9DC-01A,TCGA-GL-A9DC-01A,1.0,0.0,0.0,0.0,0.0
3,163227088,-,6,111088337,+,KIRP,3632,TCGA-GL-A9DC-01A,TCGA-GL-A9DC-01A,1.0,0.0,0.0,0.0,0.0
5,49834359,-,5,49962416,+,KIRP,3633,TCGA-GL-A9DC-01A,TCGA-GL-A9DC-01A,1.0,0.0,0.0,0.0,0.0
9,40545381,-,20,28810539,-,KIRP,3634,TCGA-GL-A9DC-01A,TCGA-GL-A9DC-01A,1.0,0.0,0.0,0.0,0.0
23,3036699,+,23,63625850,+,KIRP,3635,TCGA-GL-A9DC-01A,TCGA-GL-A9DC-01A,1.0,0.0,0.0,0.0,0.0
10,39576326,-,10,41228395,+,KIRP,3636,TCGA-GL-A9DD-01A,TCGA-GL-A9DD-01A,1.0,0.0,0.0,0.0,0.0
14,16121827,-,21,5383932,-,KIRP,3637,TCGA-GL-A9DD-01A,TCGA-GL-A9DD-01A,1.0,0.0,0.0,0.0,0.0
14,102094618,-,15,77185747,+,KIRP,3638,TCGA-GL-A9DD-01A,TCGA-GL-A9DD-01A,1.0,0.0,0.0,0.0,0.0
15,17083855,-,15,18048571,+,KIRP,3639,TCGA-GL-A9DD-01A,TCGA-GL-A9DD-01A,1.0,0.0,0.0,0.0,0.0
15,91198497,+,15,94485461,+,KIRP,3640,TCGA-GL-A9DD-01A,TCGA-GL-A9DD-01A,1.0,0.0,0.0,0.0,0.0
3,131144209,-,3,131211222,-,KIRP,3641,TCGA-GL-A9DD-01A,TCGA-GL-A9DD-01A,1.0,0.0,0.0,0.0,0.0
3,131144209,+,3,131211226,+,KIRP,3642,TCGA-GL-A9DD-01A,TCGA-GL-A9DD-01A,1.0,0.0,0.0,0.0,0.0
4,50453580,+,4,51571545,-,KIRP,3643,TCGA-GL-A9DD-01A,TCGA-GL-A9DD-01A,1.0,0.0,0.0,0.0,0.0
8,32284490,+,9,14719508,-,KIRP,3644,TCGA-GL-A9DD-01A,TCGA-GL-A9DD-01A,1.0,0.0,0.0,0.0,0.0
1,193105159,-,1,193162973,+,KIRP,3645,TCGA-GL-A9DE-01A,TCGA-GL-A9DE-01A,1.0,0.0,0.0,0.0,0.0
10,108013234,-,23,138157457,-,KIRP,3646,TCGA-GL-A9DE-01A,TCGA-GL-A9DE-01A,1.0,0.0,0.0,0.0,0.0
11,109557321,-,23,40046523,-,KIRP,3647,TCGA-GL-A9DE-01A,TCGA-GL-A9DE-01A,1.0,0.0,0.0,0.0,0.0
12,35981505,-,12,36915119,+,KIRP,3648,TCGA-GL-A9DE-01A,TCGA-GL-A9DE-01A,1.0,0.0,0.0,0.0,0.0
12,53047802,-,12,53060586,+,KIRP,3649,TCGA-GL-A9DE-01A,TCGA-GL-A9DE-01A,1.0,0.0,0.0,0.0,0.0
14,18439314,-,14,69456376,-,KIRP,3650,TCGA-GL-A9DE-01A,TCGA-GL-A9DE-01A,1.0,0.0,0.0,0.0,0.0
14,18488099,-,14,69943269,+,KIRP,3651,TCGA-GL-A9DE-01A,TCGA-GL-A9DE-01A,1.0,0.0,0.0,0.0,0.0
14,19369423,+,14,34848690,-,KIRP,3652,TCGA-GL-A9DE-01A,TCGA-GL-A9DE-01A,1.0,0.0,0.0,0.0,0.0
14,19954000,-,14,21443935,+,KIRP,3653,TCGA-GL-A9DE-01A,TCGA-GL-A9DE-01A,1.0,0.0,0.0,0.0,0.0
14,20190894,+,14,42748892,-,KIRP,3654,TCGA-GL-A9DE-01A,TCGA-GL-A9DE-01A,1.0,0.0,0.0,0.0,0.0
14,20192591,-,14,103590110,+,KIRP,3655,TCGA-GL-A9DE-01A,TCGA-GL-A9DE-01A,1.0,0.0,0.0,0.0,0.0
14,20259141,+,14,22606019,-,KIRP,3656,TCGA-GL-A9DE-01A,TCGA-GL-A9DE-01A,1.0,0.0,0.0,0.0,0.0
14,21385032,-,14,58383920,-,KIRP,3657,TCGA-GL-A9DE-01A,TCGA-GL-A9DE-01A,1.0,0.0,0.0,0.0,0.0
14,21612078,+,14,28594688,-,KIRP,3658,TCGA-GL-A9DE-01A,TCGA-GL-A9DE-01A,1.0,0.0,0.0,0.0,0.0
14,22605853,+,14,69943988,-,KIRP,3659,TCGA-GL-A9DE-01A,TCGA-GL-A9DE-01A,1.0,0.0,0.0,0.0,0.0
14,22791876,+,14,103998931,+,KIRP,3660,TCGA-GL-A9DE-01A,TCGA-GL-A9DE-01A,1.0,0.0,0.0,0.0,0.0
14,22793956,-,14,37481650,+,KIRP,3661,TCGA-GL-A9DE-01A,TCGA-GL-A9DE-01A,1.0,0.0,0.0,0.0,0.0
14,22796984,+,20,28823418,+,KIRP,3662,TCGA-GL-A9DE-01A,TCGA-GL-A9DE-01A,1.0,0.0,0.0,0.0,0.0
14,22829881,-,14,34857342,+,KIRP,3663,TCGA-GL-A9DE-01A,TCGA-GL-A9DE-01A,1.0,0.0,0.0,0.0,0.0
14,22915323,-,14,86349524,+,KIRP,3664,TCGA-GL-A9DE-01A,TCGA-GL-A9DE-01A,1.0,0.0,0.0,0.0,0.0
14,22915339,+,14,103915641,+,KIRP,3665,TCGA-GL-A9DE-01A,TCGA-GL-A9DE-01A,1.0,0.0,0.0,0.0,0.0
14,23090347,+,14,103916961,-,KIRP,3666,TCGA-GL-A9DE-01A,TCGA-GL-A9DE-01A,1.0,0.0,0.0,0.0,0.0
14,23541484,+,14,26086567,-,KIRP,3667,TCGA-GL-A9DE-01A,TCGA-GL-A9DE-01A,1.0,0.0,0.0,0.0,0.0
14,23868821,-,14,88905482,+,KIRP,3668,TCGA-GL-A9DE-01A,TCGA-GL-A9DE-01A,1.0,0.0,0.0,0.0,0.0
14,24353922,+,14,98508085,-,KIRP,3669,TCGA-GL-A9DE-01A,TCGA-GL-A9DE-01A,1.0,0.0,0.0,0.0,0.0
14,24356054,-,14,85013326,+,KIRP,3670,TCGA-GL-A9DE-01A,TCGA-GL-A9DE-01A,1.0,0.0,0.0,0.0,0.0
14,24610705,+,14,94339721,+,KIRP,3671,TCGA-GL-A9DE-01A,TCGA-GL-A9DE-01A,1.0,0.0,0.0,0.0,0.0
14,24611272,-,14,83654478,+,KIRP,3672,TCGA-GL-A9DE-01A,TCGA-GL-A9DE-01A,1.0,0.0,0.0,0.0,0.0
14,24611913,+,14,84482233,-,KIRP,3673,TCGA-GL-A9DE-01A,TCGA-GL-A9DE-01A,1.0,0.0,0.0,0.0,0.0
14,24618592,-,14,30165698,+,KIRP,3674,TCGA-GL-A9DE-01A,TCGA-GL-A9DE-01A,1.0,0.0,0.0,0.0,0.0
14,24621948,+,14,80569835,+,KIRP,3675,TCGA-GL-A9DE-01A,TCGA-GL-A9DE-01A,1.0,0.0,0.0,0.0,0.0
14,24626643,-,14,83183311,-,KIRP,3676,TCGA-GL-A9DE-01A,TCGA-GL-A9DE-01A,1.0,0.0,0.0,0.0,0.0
14,24713372,+,14,84538754,+,KIRP,3677,TCGA-GL-A9DE-01A,TCGA-GL-A9DE-01A,1.0,0.0,0.0,0.0,0.0
14,24714875,-,14,35489418,-,KIRP,3678,TCGA-GL-A9DE-01A,TCGA-GL-A9DE-01A,1.0,0.0,0.0,0.0,0.0
14,25000662,+,14,25003924,-,KIRP,3679,TCGA-GL-A9DE-01A,TCGA-GL-A9DE-01A,1.0,0.0,0.0,0.0,0.0
14,25492186,+,14,105868813,+,KIRP,3680,TCGA-GL-A9DE-01A,TCGA-GL-A9DE-01A,1.0,0.0,0.0,0.0,0.0
14,25493111,-,14,87460266,+,KIRP,3681,TCGA-GL-A9DE-01A,TCGA-GL-A9DE-01A,1.0,0.0,0.0,0.0,0.0
14,25589524,+,14,59851313,+,KIRP,3682,TCGA-GL-A9DE-01A,TCGA-GL-A9DE-01A,1.0,0.0,0.0,0.0,0.0
14,25593132,-,14,96741475,-,KIRP,3683,TCGA-GL-A9DE-01A,TCGA-GL-A9DE-01A,1.0,0.0,0.0,0.0,0.0
14,25857792,-,14,42719062,-,KIRP,3684,TCGA-GL-A9DE-01A,TCGA-GL-A9DE-01A,1.0,0.0,0.0,0.0,0.0
14,26002224,+,14,29670665,-,KIRP,3685,TCGA-GL-A9DE-01A,TCGA-GL-A9DE-01A,1.0,0.0,0.0,0.0,0.0
14,26084402,+,14,43190597,+,KIRP,3686,TCGA-GL-A9DE-01A,TCGA-GL-A9DE-01A,1.0,0.0,0.0,0.0,0.0
14,26597489,+,14,40408557,-,KIRP,3687,TCGA-GL-A9DE-01A,TCGA-GL-A9DE-01A,1.0,0.0,0.0,0.0,0.0
14,26600346,-,14,66919297,-,KIRP,3688,TCGA-GL-A9DE-01A,TCGA-GL-A9DE-01A,1.0,0.0,0.0,0.0,0.0
14,26846536,-,14,28420193,-,KIRP,3689,TCGA-GL-A9DE-01A,TCGA-GL-A9DE-01A,1.0,0.0,0.0,0.0,0.0
14,27082408,-,14,29921061,-,KIRP,3690,TCGA-GL-A9DE-01A,TCGA-GL-A9DE-01A,1.0,0.0,0.0,0.0,0.0
14,27143953,+,14,37680145,+,KIRP,3691,TCGA-GL-A9DE-01A,TCGA-GL-A9DE-01A,1.0,0.0,0.0,0.0,0.0
14,28130589,+,14,37500066,-,KIRP,3692,TCGA-GL-A9DE-01A,TCGA-GL-A9DE-01A,1.0,0.0,0.0,0.0,0.0
14,28135394,-,14,97641753,-,KIRP,3693,TCGA-GL-A9DE-01A,TCGA-GL-A9DE-01A,1.0,0.0,0.0,0.0,0.0
14,28419249,+,14,51662676,+,KIRP,3694,TCGA-GL-A9DE-01A,TCGA-GL-A9DE-01A,1.0,0.0,0.0,0.0,0.0
14,28525890,+,14,86835618,+,KIRP,3695,TCGA-GL-A9DE-01A,TCGA-GL-A9DE-01A,1.0,0.0,0.0,0.0,0.0
14,28527622,-,14,87064305,+,KIRP,3696,TCGA-GL-A9DE-01A,TCGA-GL-A9DE-01A,1.0,0.0,0.0,0.0,0.0
14,28708852,+,22,12329443,+,KIRP,3697,TCGA-GL-A9DE-01A,TCGA-GL-A9DE-01A,1.0,0.0,0.0,0.0,0.0
14,28713457,-,14,44055567,+,KIRP,3698,TCGA-GL-A9DE-01A,TCGA-GL-A9DE-01A,1.0,0.0,0.0,0.0,0.0
14,28825001,-,14,96550359,+,KIRP,3699,TCGA-GL-A9DE-01A,TCGA-GL-A9DE-01A,1.0,0.0,0.0,0.0,0.0
14,29054594,+,14,37137930,-,KIRP,3700,TCGA-GL-A9DE-01A,TCGA-GL-A9DE-01A,1.0,0.0,0.0,0.0,0.0
14,29059423,-,14,66549582,+,KIRP,3701,TCGA-GL-A9DE-01A,TCGA-GL-A9DE-01A,1.0,0.0,0.0,0.0,0.0
14,29079952,+,14,62511181,-,KIRP,3702,TCGA-GL-A9DE-01A,TCGA-GL-A9DE-01A,1.0,0.0,0.0,0.0,0.0
14,29087955,-,14,46003879,+,KIRP,3703,TCGA-GL-A9DE-01A,TCGA-GL-A9DE-01A,1.0,0.0,0.0,0.0,0.0
14,29182976,+,14,83354184,-,KIRP,3704,TCGA-GL-A9DE-01A,TCGA-GL-A9DE-01A,1.0,0.0,0.0,0.0,0.0
14,29513654,-,14,71723024,+,KIRP,3705,TCGA-GL-A9DE-01A,TCGA-GL-A9DE-01A,1.0,0.0,0.0,0.0,0.0
14,29667096,+,14,84607992,-,KIRP,3706,TCGA-GL-A9DE-01A,TCGA-GL-A9DE-01A,1.0,0.0,0.0,0.0,0.0
14,29919774,+,14,94550165,-,KIRP,3707,TCGA-GL-A9DE-01A,TCGA-GL-A9DE-01A,1.0,0.0,0.0,0.0,0.0
14,29948600,+,14,66709746,-,KIRP,3708,TCGA-GL-A9DE-01A,TCGA-GL-A9DE-01A,1.0,0.0,0.0,0.0,0.0
14,29949568,-,14,61244116,+,KIRP,3709,TCGA-GL-A9DE-01A,TCGA-GL-A9DE-01A,1.0,0.0,0.0,0.0,0.0
14,29993136,+,14,45656259,-,KIRP,3710,TCGA-GL-A9DE-01A,TCGA-GL-A9DE-01A,1.0,0.0,0.0,0.0,0.0
14,29996458,-,14,39916070,-,KIRP,3711,TCGA-GL-A9DE-01A,TCGA-GL-A9DE-01A,1.0,0.0,0.0,0.0,0.0
14,30067897,+,14,60754066,+,KIRP,3712,TCGA-GL-A9DE-01A,TCGA-GL-A9DE-01A,1.0,0.0,0.0,0.0,0.0
14,30068443,-,14,43265740,+,KIRP,3713,TCGA-GL-A9DE-01A,TCGA-GL-A9DE-01A,1.0,0.0,0.0,0.0,0.0
14,30182155,+,14,68224629,-,KIRP,3714,TCGA-GL-A9DE-01A,TCGA-GL-A9DE-01A,1.0,0.0,0.0,0.0,0.0
14,30184329,-,14,36993977,-,KIRP,3715,TCGA-GL-A9DE-01A,TCGA-GL-A9DE-01A,1.0,0.0,0.0,0.0,0.0
14,30778200,-,22,11329391,-,KIRP,3716,TCGA-GL-A9DE-01A,TCGA-GL-A9DE-01A,1.0,0.0,0.0,0.0,0.0
14,31431028,+,14,32670697,+,KIRP,3717,TCGA-GL-A9DE-01A,TCGA-GL-A9DE-01A,1.0,0.0,0.0,0.0,0.0
14,31432145,-,14,34200092,-,KIRP,3718,TCGA-GL-A9DE-01A,TCGA-GL-A9DE-01A,1.0,0.0,0.0,0.0,0.0
14,32076887,+,14,54234874,-,KIRP,3719,TCGA-GL-A9DE-01A,TCGA-GL-A9DE-01A,1.0,0.0,0.0,0.0,0.0
14,32077076,-,14,52656278,-,KIRP,3720,TCGA-GL-A9DE-01A,TCGA-GL-A9DE-01A,1.0,0.0,0.0,0.0,0.0
14,32134674,+,14,41841666,+,KIRP,3721,TCGA-GL-A9DE-01A,TCGA-GL-A9DE-01A,1.0,0.0,0.0,0.0,0.0
14,32135883,-,14,34197868,+,KIRP,3722,TCGA-GL-A9DE-01A,TCGA-GL-A9DE-01A,1.0,0.0,0.0,0.0,0.0
14,32355806,-,14,53361943,+,KIRP,3723,TCGA-GL-A9DE-01A,TCGA-GL-A9DE-01A,1.0,0.0,0.0,0.0,0.0
14,32375226,+,14,57270237,-,KIRP,3724,TCGA-GL-A9DE-01A,TCGA-GL-A9DE-01A,1.0,0.0,0.0,0.0,0.0
14,32379800,-,14,40447199,-,KIRP,3725,TCGA-GL-A9DE-01A,TCGA-GL-A9DE-01A,1.0,0.0,0.0,0.0,0.0
14,32551783,-,14,53544452,+,KIRP,3726,TCGA-GL-A9DE-01A,TCGA-GL-A9DE-01A,1.0,0.0,0.0,0.0,0.0
14,32601160,+,14,50033023,+,KIRP,3727,TCGA-GL-A9DE-01A,TCGA-GL-A9DE-01A,1.0,0.0,0.0,0.0,0.0
14,32602960,-,14,34249731,+,KIRP,3728,TCGA-GL-A9DE-01A,TCGA-GL-A9DE-01A,1.0,0.0,0.0,0.0,0.0
14,32997046,-,14,41189274,-,KIRP,3729,TCGA-GL-A9DE-01A,TCGA-GL-A9DE-01A,1.0,0.0,0.0,0.0,0.0
14,33090084,+,14,48907783,+,KIRP,3730,TCGA-GL-A9DE-01A,TCGA-GL-A9DE-01A,1.0,0.0,0.0,0.0,0.0
14,33093050,-,14,72215499,+,KIRP,3731,TCGA-GL-A9DE-01A,TCGA-GL-A9DE-01A,1.0,0.0,0.0,0.0,0.0
14,33802815,+,14,73058502,-,KIRP,3732,TCGA-GL-A9DE-01A,TCGA-GL-A9DE-01A,1.0,0.0,0.0,0.0,0.0
14,34121426,-,14,34314025,+,KIRP,3733,TCGA-GL-A9DE-01A,TCGA-GL-A9DE-01A,1.0,0.0,0.0,0.0,0.0
14,34314378,-,14,44059304,-,KIRP,3734,TCGA-GL-A9DE-01A,TCGA-GL-A9DE-01A,1.0,0.0,0.0,0.0,0.0
14,35485905,+,14,58441211,+,KIRP,3735,TCGA-GL-A9DE-01A,TCGA-GL-A9DE-01A,1.0,0.0,0.0,0.0,0.0
14,35612419,+,14,84528680,+,KIRP,3736,TCGA-GL-A9DE-01A,TCGA-GL-A9DE-01A,1.0,0.0,0.0,0.0,0.0
14,36209694,-,14,81483753,+,KIRP,3737,TCGA-GL-A9DE-01A,TCGA-GL-A9DE-01A,1.0,0.0,0.0,0.0,0.0
14,36449030,+,14,85775781,+,KIRP,3738,TCGA-GL-A9DE-01A,TCGA-GL-A9DE-01A,1.0,0.0,0.0,0.0,0.0
14,36449879,-,14,68866208,+,KIRP,3739,TCGA-GL-A9DE-01A,TCGA-GL-A9DE-01A,1.0,0.0,0.0,0.0,0.0
14,36620917,+,14,82804348,-,KIRP,3740,TCGA-GL-A9DE-01A,TCGA-GL-A9DE-01A,1.0,0.0,0.0,0.0,0.0
14,36622439,-,14,37255609,-,KIRP,3741,TCGA-GL-A9DE-01A,TCGA-GL-A9DE-01A,1.0,0.0,0.0,0.0,0.0
14,36661552,+,14,62857869,-,KIRP,3742,TCGA-GL-A9DE-01A,TCGA-GL-A9DE-01A,1.0,0.0,0.0,0.0,0.0
14,36930235,-,14,87522602,+,KIRP,3743,TCGA-GL-A9DE-01A,TCGA-GL-A9DE-01A,1.0,0.0,0.0,0.0,0.0
14,36941531,+,14,106011860,-,KIRP,3744,TCGA-GL-A9DE-01A,TCGA-GL-A9DE-01A,1.0,0.0,0.0,0.0,0.0
14,36943782,-,14,86504955,+,KIRP,3745,TCGA-GL-A9DE-01A,TCGA-GL-A9DE-01A,1.0,0.0,0.0,0.0,0.0
14,36973214,+,14,36979122,-,KIRP,3746,TCGA-GL-A9DE-01A,TCGA-GL-A9DE-01A,1.0,0.0,0.0,0.0,0.0
14,36973214,+,14,38060665,+,KIRP,3747,TCGA-GL-A9DE-01A,TCGA-GL-A9DE-01A,1.0,0.0,0.0,0.0,0.0
14,36979215,+,14,38060665,+,KIRP,3748,TCGA-GL-A9DE-01A,TCGA-GL-A9DE-01A,1.0,0.0,0.0,0.0,0.0
14,37099511,+,14,59424845,-,KIRP,3749,TCGA-GL-A9DE-01A,TCGA-GL-A9DE-01A,1.0,0.0,0.0,0.0,0.0
14,37251822,+,14,83029698,-,KIRP,3750,TCGA-GL-A9DE-01A,TCGA-GL-A9DE-01A,1.0,0.0,0.0,0.0,0.0
14,37680203,-,14,59326819,+,KIRP,3751,TCGA-GL-A9DE-01A,TCGA-GL-A9DE-01A,1.0,0.0,0.0,0.0,0.0
14,37680522,-,14,39341103,+,KIRP,3752,TCGA-GL-A9DE-01A,TCGA-GL-A9DE-01A,1.0,0.0,0.0,0.0,0.0
14,38031527,+,14,83658367,-,KIRP,3753,TCGA-GL-A9DE-01A,TCGA-GL-A9DE-01A,1.0,0.0,0.0,0.0,0.0
14,38063971,-,14,93582820,+,KIRP,3754,TCGA-GL-A9DE-01A,TCGA-GL-A9DE-01A,1.0,0.0,0.0,0.0,0.0
14,38094323,+,14,88910434,-,KIRP,3755,TCGA-GL-A9DE-01A,TCGA-GL-A9DE-01A,1.0,0.0,0.0,0.0,0.0
14,38113753,-,14,40916260,+,KIRP,3756,TCGA-GL-A9DE-01A,TCGA-GL-A9DE-01A,1.0,0.0,0.0,0.0,0.0
14,38813199,+,14,93432750,-,KIRP,3757,TCGA-GL-A9DE-01A,TCGA-GL-A9DE-01A,1.0,0.0,0.0,0.0,0.0
14,38814442,-,14,96659977,-,KIRP,3758,TCGA-GL-A9DE-01A,TCGA-GL-A9DE-01A,1.0,0.0,0.0,0.0,0.0
14,39488675,-,14,106288451,+,KIRP,3759,TCGA-GL-A9DE-01A,TCGA-GL-A9DE-01A,1.0,0.0,0.0,0.0,0.0
14,39526558,+,14,40487241,-,KIRP,3760,TCGA-GL-A9DE-01A,TCGA-GL-A9DE-01A,1.0,0.0,0.0,0.0,0.0
14,39929735,+,14,42122759,-,KIRP,3761,TCGA-GL-A9DE-01A,TCGA-GL-A9DE-01A,1.0,0.0,0.0,0.0,0.0
14,40212060,+,14,94346926,-,KIRP,3762,TCGA-GL-A9DE-01A,TCGA-GL-A9DE-01A,1.0,0.0,0.0,0.0,0.0
14,40441398,+,14,79717467,+,KIRP,3763,TCGA-GL-A9DE-01A,TCGA-GL-A9DE-01A,1.0,0.0,0.0,0.0,0.0
14,40482985,+,14,40747186,-,KIRP,3764,TCGA-GL-A9DE-01A,TCGA-GL-A9DE-01A,1.0,0.0,0.0,0.0,0.0
14,40572698,+,14,59836971,+,KIRP,3765,TCGA-GL-A9DE-01A,TCGA-GL-A9DE-01A,1.0,0.0,0.0,0.0,0.0
14,41085053,-,14,44306987,+,KIRP,3766,TCGA-GL-A9DE-01A,TCGA-GL-A9DE-01A,1.0,0.0,0.0,0.0,0.0
14,41117994,+,14,44495826,-,KIRP,3767,TCGA-GL-A9DE-01A,TCGA-GL-A9DE-01A,1.0,0.0,0.0,0.0,0.0
14,41120935,-,14,95956159,+,KIRP,3768,TCGA-GL-A9DE-01A,TCGA-GL-A9DE-01A,1.0,0.0,0.0,0.0,0.0
14,41136230,+,14,89207614,-,KIRP,3769,TCGA-GL-A9DE-01A,TCGA-GL-A9DE-01A,1.0,0.0,0.0,0.0,0.0
14,42048881,+,14,44503073,+,KIRP,3770,TCGA-GL-A9DE-01A,TCGA-GL-A9DE-01A,1.0,0.0,0.0,0.0,0.0
14,42140628,+,14,56623557,+,KIRP,3771,TCGA-GL-A9DE-01A,TCGA-GL-A9DE-01A,1.0,0.0,0.0,0.0,0.0
14,42147586,-,14,44274095,-,KIRP,3772,TCGA-GL-A9DE-01A,TCGA-GL-A9DE-01A,1.0,0.0,0.0,0.0,0.0
14,42202307,+,14,44452533,-,KIRP,3773,TCGA-GL-A9DE-01A,TCGA-GL-A9DE-01A,1.0,0.0,0.0,0.0,0.0
14,42311807,-,14,60404468,-,KIRP,3774,TCGA-GL-A9DE-01A,TCGA-GL-A9DE-01A,1.0,0.0,0.0,0.0,0.0
14,42552530,+,14,48804408,+,KIRP,3775,TCGA-GL-A9DE-01A,TCGA-GL-A9DE-01A,1.0,0.0,0.0,0.0,0.0
14,42560050,-,14,44893331,-,KIRP,3776,TCGA-GL-A9DE-01A,TCGA-GL-A9DE-01A,1.0,0.0,0.0,0.0,0.0
14,42596035,+,14,83931432,+,KIRP,3777,TCGA-GL-A9DE-01A,TCGA-GL-A9DE-01A,1.0,0.0,0.0,0.0,0.0
14,42598260,-,14,45229131,-,KIRP,3778,TCGA-GL-A9DE-01A,TCGA-GL-A9DE-01A,1.0,0.0,0.0,0.0,0.0
14,42705635,+,14,62855493,+,KIRP,3779,TCGA-GL-A9DE-01A,TCGA-GL-A9DE-01A,1.0,0.0,0.0,0.0,0.0
14,42739342,+,14,46421866,+,KIRP,3780,TCGA-GL-A9DE-01A,TCGA-GL-A9DE-01A,1.0,0.0,0.0,0.0,0.0
14,43010913,+,14,51633770,-,KIRP,3781,TCGA-GL-A9DE-01A,TCGA-GL-A9DE-01A,1.0,0.0,0.0,0.0,0.0
14,43037269,-,14,59119652,+,KIRP,3782,TCGA-GL-A9DE-01A,TCGA-GL-A9DE-01A,1.0,0.0,0.0,0.0,0.0
14,43198501,-,14,46689177,+,KIRP,3783,TCGA-GL-A9DE-01A,TCGA-GL-A9DE-01A,1.0,0.0,0.0,0.0,0.0
14,43282254,-,14,53363469,-,KIRP,3784,TCGA-GL-A9DE-01A,TCGA-GL-A9DE-01A,1.0,0.0,0.0,0.0,0.0
14,43951628,+,14,54927915,-,KIRP,3785,TCGA-GL-A9DE-01A,TCGA-GL-A9DE-01A,1.0,0.0,0.0,0.0,0.0
14,43962114,-,14,44506582,-,KIRP,3786,TCGA-GL-A9DE-01A,TCGA-GL-A9DE-01A,1.0,0.0,0.0,0.0,0.0
14,44063084,+,14,67926070,+,KIRP,3787,TCGA-GL-A9DE-01A,TCGA-GL-A9DE-01A,1.0,0.0,0.0,0.0,0.0
14,44079428,-,14,44448233,+,KIRP,3788,TCGA-GL-A9DE-01A,TCGA-GL-A9DE-01A,1.0,0.0,0.0,0.0,0.0
14,44229976,+,14,62667271,+,KIRP,3789,TCGA-GL-A9DE-01A,TCGA-GL-A9DE-01A,1.0,0.0,0.0,0.0,0.0
14,44311459,-,14,46998726,-,KIRP,3790,TCGA-GL-A9DE-01A,TCGA-GL-A9DE-01A,1.0,0.0,0.0,0.0,0.0
14,44494075,+,14,68662854,+,KIRP,3791,TCGA-GL-A9DE-01A,TCGA-GL-A9DE-01A,1.0,0.0,0.0,0.0,0.0
14,45029316,+,14,57792336,-,KIRP,3792,TCGA-GL-A9DE-01A,TCGA-GL-A9DE-01A,1.0,0.0,0.0,0.0,0.0
14,45655696,+,14,58865399,+,KIRP,3793,TCGA-GL-A9DE-01A,TCGA-GL-A9DE-01A,1.0,0.0,0.0,0.0,0.0
14,46008348,-,14,82803909,+,KIRP,3794,TCGA-GL-A9DE-01A,TCGA-GL-A9DE-01A,1.0,0.0,0.0,0.0,0.0
14,46391452,+,14,84670960,+,KIRP,3795,TCGA-GL-A9DE-01A,TCGA-GL-A9DE-01A,1.0,0.0,0.0,0.0,0.0
14,46424493,-,14,61064345,-,KIRP,3796,TCGA-GL-A9DE-01A,TCGA-GL-A9DE-01A,1.0,0.0,0.0,0.0,0.0
14,46482387,+,14,82523668,-,KIRP,3797,TCGA-GL-A9DE-01A,TCGA-GL-A9DE-01A,1.0,0.0,0.0,0.0,0.0
14,46824870,+,14,66554197,-,KIRP,3798,TCGA-GL-A9DE-01A,TCGA-GL-A9DE-01A,1.0,0.0,0.0,0.0,0.0
14,46827648,-,14,51996924,+,KIRP,3799,TCGA-GL-A9DE-01A,TCGA-GL-A9DE-01A,1.0,0.0,0.0,0.0,0.0
14,46875247,+,14,63205795,-,KIRP,3800,TCGA-GL-A9DE-01A,TCGA-GL-A9DE-01A,1.0,0.0,0.0,0.0,0.0
14,46880776,-,14,59560205,-,KIRP,3801,TCGA-GL-A9DE-01A,TCGA-GL-A9DE-01A,1.0,0.0,0.0,0.0,0.0
14,46995643,+,14,68225269,-,KIRP,3802,TCGA-GL-A9DE-01A,TCGA-GL-A9DE-01A,1.0,0.0,0.0,0.0,0.0
14,47088151,+,14,54569969,-,KIRP,3803,TCGA-GL-A9DE-01A,TCGA-GL-A9DE-01A,1.0,0.0,0.0,0.0,0.0
14,47092367,-,14,55702513,-,KIRP,3804,TCGA-GL-A9DE-01A,TCGA-GL-A9DE-01A,1.0,0.0,0.0,0.0,0.0
14,47879482,+,14,49061080,+,KIRP,3805,TCGA-GL-A9DE-01A,TCGA-GL-A9DE-01A,1.0,0.0,0.0,0.0,0.0
14,47880578,-,14,57807393,+,KIRP,3806,TCGA-GL-A9DE-01A,TCGA-GL-A9DE-01A,1.0,0.0,0.0,0.0,0.0
14,48158709,+,14,55290359,+,KIRP,3807,TCGA-GL-A9DE-01A,TCGA-GL-A9DE-01A,1.0,0.0,0.0,0.0,0.0
14,48279396,-,14,61330338,-,KIRP,3808,TCGA-GL-A9DE-01A,TCGA-GL-A9DE-01A,1.0,0.0,0.0,0.0,0.0
14,48819459,-,14,83762728,-,KIRP,3809,TCGA-GL-A9DE-01A,TCGA-GL-A9DE-01A,1.0,0.0,0.0,0.0,0.0
14,48834682,+,14,101211265,-,KIRP,3810,TCGA-GL-A9DE-01A,TCGA-GL-A9DE-01A,1.0,0.0,0.0,0.0,0.0
14,48837717,-,14,52233108,-,KIRP,3811,TCGA-GL-A9DE-01A,TCGA-GL-A9DE-01A,1.0,0.0,0.0,0.0,0.0
14,48912210,-,14,57808890,-,KIRP,3812,TCGA-GL-A9DE-01A,TCGA-GL-A9DE-01A,1.0,0.0,0.0,0.0,0.0
14,48940416,+,14,56743682,-,KIRP,3813,TCGA-GL-A9DE-01A,TCGA-GL-A9DE-01A,1.0,0.0,0.0,0.0,0.0
14,48942713,-,14,80814018,+,KIRP,3814,TCGA-GL-A9DE-01A,TCGA-GL-A9DE-01A,1.0,0.0,0.0,0.0,0.0
14,48962090,+,14,54231941,+,KIRP,3815,TCGA-GL-A9DE-01A,TCGA-GL-A9DE-01A,1.0,0.0,0.0,0.0,0.0
14,48968057,-,14,63201933,+,KIRP,3816,TCGA-GL-A9DE-01A,TCGA-GL-A9DE-01A,1.0,0.0,0.0,0.0,0.0
14,49065882,-,14,57260551,+,KIRP,3817,TCGA-GL-A9DE-01A,TCGA-GL-A9DE-01A,1.0,0.0,0.0,0.0,0.0
14,49996884,+,14,99027848,-,KIRP,3818,TCGA-GL-A9DE-01A,TCGA-GL-A9DE-01A,1.0,0.0,0.0,0.0,0.0
14,49996891,-,14,99028030,+,KIRP,3819,TCGA-GL-A9DE-01A,TCGA-GL-A9DE-01A,1.0,0.0,0.0,0.0,0.0
14,50823667,-,14,86948601,-,KIRP,3820,TCGA-GL-A9DE-01A,TCGA-GL-A9DE-01A,1.0,0.0,0.0,0.0,0.0
14,51139051,-,14,86663182,-,KIRP,3821,TCGA-GL-A9DE-01A,TCGA-GL-A9DE-01A,1.0,0.0,0.0,0.0,0.0
14,51631989,+,14,62509307,+,KIRP,3822,TCGA-GL-A9DE-01A,TCGA-GL-A9DE-01A,1.0,0.0,0.0,0.0,0.0
14,51997336,-,14,82439208,+,KIRP,3823,TCGA-GL-A9DE-01A,TCGA-GL-A9DE-01A,1.0,0.0,0.0,0.0,0.0
14,52231950,+,14,67236186,+,KIRP,3824,TCGA-GL-A9DE-01A,TCGA-GL-A9DE-01A,1.0,0.0,0.0,0.0,0.0
14,52269057,+,14,54985928,-,KIRP,3825,TCGA-GL-A9DE-01A,TCGA-GL-A9DE-01A,1.0,0.0,0.0,0.0,0.0
14,53312395,+,14,79315270,-,KIRP,3826,TCGA-GL-A9DE-01A,TCGA-GL-A9DE-01A,1.0,0.0,0.0,0.0,0.0
14,53314029,-,14,57790096,+,KIRP,3827,TCGA-GL-A9DE-01A,TCGA-GL-A9DE-01A,1.0,0.0,0.0,0.0,0.0
14,53551608,-,14,54982527,+,KIRP,3828,TCGA-GL-A9DE-01A,TCGA-GL-A9DE-01A,1.0,0.0,0.0,0.0,0.0
14,54193213,-,14,101355779,+,KIRP,3829,TCGA-GL-A9DE-01A,TCGA-GL-A9DE-01A,1.0,0.0,0.0,0.0,0.0
14,54569231,+,14,68558823,-,KIRP,3830,TCGA-GL-A9DE-01A,TCGA-GL-A9DE-01A,1.0,0.0,0.0,0.0,0.0
14,54926650,+,14,54926790,+,KIRP,3831,TCGA-GL-A9DE-01A,TCGA-GL-A9DE-01A,1.0,0.0,0.0,0.0,0.0
14,54926650,+,14,56049099,-,KIRP,3832,TCGA-GL-A9DE-01A,TCGA-GL-A9DE-01A,1.0,0.0,0.0,0.0,0.0
14,54926694,-,14,56049099,-,KIRP,3833,TCGA-GL-A9DE-01A,TCGA-GL-A9DE-01A,1.0,0.0,0.0,0.0,0.0
14,55294319,-,14,82853041,-,KIRP,3834,TCGA-GL-A9DE-01A,TCGA-GL-A9DE-01A,1.0,0.0,0.0,0.0,0.0
14,55331911,-,14,60382380,+,KIRP,3835,TCGA-GL-A9DE-01A,TCGA-GL-A9DE-01A,1.0,0.0,0.0,0.0,0.0
14,55695647,+,14,56546538,-,KIRP,3836,TCGA-GL-A9DE-01A,TCGA-GL-A9DE-01A,1.0,0.0,0.0,0.0,0.0
14,56048513,+,14,83908111,-,KIRP,3837,TCGA-GL-A9DE-01A,TCGA-GL-A9DE-01A,1.0,0.0,0.0,0.0,0.0
14,56430625,+,14,82567903,-,KIRP,3838,TCGA-GL-A9DE-01A,TCGA-GL-A9DE-01A,1.0,0.0,0.0,0.0,0.0
14,56432050,-,14,94005547,+,KIRP,3839,TCGA-GL-A9DE-01A,TCGA-GL-A9DE-01A,1.0,0.0,0.0,0.0,0.0
14,56543648,+,14,65672858,-,KIRP,3840,TCGA-GL-A9DE-01A,TCGA-GL-A9DE-01A,1.0,0.0,0.0,0.0,0.0
14,56627395,-,14,68556873,+,KIRP,3841,TCGA-GL-A9DE-01A,TCGA-GL-A9DE-01A,1.0,0.0,0.0,0.0,0.0
14,56742530,+,14,57659305,-,KIRP,3842,TCGA-GL-A9DE-01A,TCGA-GL-A9DE-01A,1.0,0.0,0.0,0.0,0.0
14,57261981,-,14,81836070,-,KIRP,3843,TCGA-GL-A9DE-01A,TCGA-GL-A9DE-01A,1.0,0.0,0.0,0.0,0.0
14,58444452,-,14,59900760,-,KIRP,3844,TCGA-GL-A9DE-01A,TCGA-GL-A9DE-01A,1.0,0.0,0.0,0.0,0.0
14,59126701,-,14,80230782,-,KIRP,3845,TCGA-GL-A9DE-01A,TCGA-GL-A9DE-01A,1.0,0.0,0.0,0.0,0.0
14,59292544,+,14,78988741,+,KIRP,3846,TCGA-GL-A9DE-01A,TCGA-GL-A9DE-01A,1.0,0.0,0.0,0.0,0.0
14,59298960,-,14,74440393,-,KIRP,3847,TCGA-GL-A9DE-01A,TCGA-GL-A9DE-01A,1.0,0.0,0.0,0.0,0.0
14,59840699,-,14,83759161,+,KIRP,3848,TCGA-GL-A9DE-01A,TCGA-GL-A9DE-01A,1.0,0.0,0.0,0.0,0.0
14,60400476,+,14,68224780,+,KIRP,3849,TCGA-GL-A9DE-01A,TCGA-GL-A9DE-01A,1.0,0.0,0.0,0.0,0.0
14,60754637,-,14,96526212,-,KIRP,3850,TCGA-GL-A9DE-01A,TCGA-GL-A9DE-01A,1.0,0.0,0.0,0.0,0.0
14,60851289,+,14,81211126,+,KIRP,3851,TCGA-GL-A9DE-01A,TCGA-GL-A9DE-01A,1.0,0.0,0.0,0.0,0.0
14,60852821,-,14,82565451,+,KIRP,3852,TCGA-GL-A9DE-01A,TCGA-GL-A9DE-01A,1.0,0.0,0.0,0.0,0.0
14,61391936,+,14,98507274,+,KIRP,3853,TCGA-GL-A9DE-01A,TCGA-GL-A9DE-01A,1.0,0.0,0.0,0.0,0.0
14,62530654,+,14,66708088,+,KIRP,3854,TCGA-GL-A9DE-01A,TCGA-GL-A9DE-01A,1.0,0.0,0.0,0.0,0.0
14,62534804,-,14,62827405,-,KIRP,3855,TCGA-GL-A9DE-01A,TCGA-GL-A9DE-01A,1.0,0.0,0.0,0.0,0.0
14,62915351,+,14,105353286,-,KIRP,3856,TCGA-GL-A9DE-01A,TCGA-GL-A9DE-01A,1.0,0.0,0.0,0.0,0.0
14,63357247,+,14,66556964,+,KIRP,3857,TCGA-GL-A9DE-01A,TCGA-GL-A9DE-01A,1.0,0.0,0.0,0.0,0.0
14,64168135,-,14,87474951,-,KIRP,3858,TCGA-GL-A9DE-01A,TCGA-GL-A9DE-01A,1.0,0.0,0.0,0.0,0.0
14,64647711,-,14,73252561,+,KIRP,3859,TCGA-GL-A9DE-01A,TCGA-GL-A9DE-01A,1.0,0.0,0.0,0.0,0.0
14,65217665,+,14,95698260,+,KIRP,3860,TCGA-GL-A9DE-01A,TCGA-GL-A9DE-01A,1.0,0.0,0.0,0.0,0.0
14,66113789,+,14,83096451,+,KIRP,3861,TCGA-GL-A9DE-01A,TCGA-GL-A9DE-01A,1.0,0.0,0.0,0.0,0.0
14,66114531,-,14,94334304,-,KIRP,3862,TCGA-GL-A9DE-01A,TCGA-GL-A9DE-01A,1.0,0.0,0.0,0.0,0.0
14,66561666,-,14,67942285,-,KIRP,3863,TCGA-GL-A9DE-01A,TCGA-GL-A9DE-01A,1.0,0.0,0.0,0.0,0.0
14,66916518,+,14,72219045,-,KIRP,3864,TCGA-GL-A9DE-01A,TCGA-GL-A9DE-01A,1.0,0.0,0.0,0.0,0.0
14,67049368,+,14,68062433,-,KIRP,3865,TCGA-GL-A9DE-01A,TCGA-GL-A9DE-01A,1.0,0.0,0.0,0.0,0.0
14,67058704,-,14,68060432,+,KIRP,3866,TCGA-GL-A9DE-01A,TCGA-GL-A9DE-01A,1.0,0.0,0.0,0.0,0.0
14,67311481,-,14,94221007,-,KIRP,3867,TCGA-GL-A9DE-01A,TCGA-GL-A9DE-01A,1.0,0.0,0.0,0.0,0.0
14,68224704,+,14,83051417,-,KIRP,3868,TCGA-GL-A9DE-01A,TCGA-GL-A9DE-01A,1.0,0.0,0.0,0.0,0.0
14,68478524,+,14,95518733,+,KIRP,3869,TCGA-GL-A9DE-01A,TCGA-GL-A9DE-01A,1.0,0.0,0.0,0.0,0.0
14,72202987,+,14,72563649,+,KIRP,3870,TCGA-GL-A9DE-01A,TCGA-GL-A9DE-01A,1.0,0.0,0.0,0.0,0.0
14,72207651,-,24,11395908,+,KIRP,3871,TCGA-GL-A9DE-01A,TCGA-GL-A9DE-01A,1.0,0.0,0.0,0.0,0.0
14,74476250,+,14,90649919,+,KIRP,3872,TCGA-GL-A9DE-01A,TCGA-GL-A9DE-01A,1.0,0.0,0.0,0.0,0.0
14,74878477,-,14,93584718,-,KIRP,3873,TCGA-GL-A9DE-01A,TCGA-GL-A9DE-01A,1.0,0.0,0.0,0.0,0.0
14,77402838,+,14,79163887,-,KIRP,3874,TCGA-GL-A9DE-01A,TCGA-GL-A9DE-01A,1.0,0.0,0.0,0.0,0.0
14,77594580,-,14,77784418,-,KIRP,3875,TCGA-GL-A9DE-01A,TCGA-GL-A9DE-01A,1.0,0.0,0.0,0.0,0.0
14,77782616,+,14,84586239,+,KIRP,3876,TCGA-GL-A9DE-01A,TCGA-GL-A9DE-01A,1.0,0.0,0.0,0.0,0.0
14,78600064,+,14,98504099,+,KIRP,3877,TCGA-GL-A9DE-01A,TCGA-GL-A9DE-01A,1.0,0.0,0.0,0.0,0.0
14,78895961,-,14,80453004,-,KIRP,3878,TCGA-GL-A9DE-01A,TCGA-GL-A9DE-01A,1.0,0.0,0.0,0.0,0.0
14,78990616,-,14,85379116,+,KIRP,3879,TCGA-GL-A9DE-01A,TCGA-GL-A9DE-01A,1.0,0.0,0.0,0.0,0.0
14,79155456,+,14,88780502,+,KIRP,3880,TCGA-GL-A9DE-01A,TCGA-GL-A9DE-01A,1.0,0.0,0.0,0.0,0.0
14,80448455,+,14,84542485,-,KIRP,3881,TCGA-GL-A9DE-01A,TCGA-GL-A9DE-01A,1.0,0.0,0.0,0.0,0.0
14,80570829,-,14,99439670,-,KIRP,3882,TCGA-GL-A9DE-01A,TCGA-GL-A9DE-01A,1.0,0.0,0.0,0.0,0.0
14,80697105,-,14,82405571,+,KIRP,3883,TCGA-GL-A9DE-01A,TCGA-GL-A9DE-01A,1.0,0.0,0.0,0.0,0.0
14,80780439,+,14,82421074,-,KIRP,3884,TCGA-GL-A9DE-01A,TCGA-GL-A9DE-01A,1.0,0.0,0.0,0.0,0.0
14,80797528,-,14,81311386,+,KIRP,3885,TCGA-GL-A9DE-01A,TCGA-GL-A9DE-01A,1.0,0.0,0.0,0.0,0.0
14,80820963,-,14,82850600,+,KIRP,3886,TCGA-GL-A9DE-01A,TCGA-GL-A9DE-01A,1.0,0.0,0.0,0.0,0.0
14,81213680,-,14,82522272,+,KIRP,3887,TCGA-GL-A9DE-01A,TCGA-GL-A9DE-01A,1.0,0.0,0.0,0.0,0.0
14,81220651,-,14,105753369,-,KIRP,3888,TCGA-GL-A9DE-01A,TCGA-GL-A9DE-01A,1.0,0.0,0.0,0.0,0.0
14,81316283,-,14,99437276,+,KIRP,3889,TCGA-GL-A9DE-01A,TCGA-GL-A9DE-01A,1.0,0.0,0.0,0.0,0.0
14,81492530,-,14,82439873,-,KIRP,3890,TCGA-GL-A9DE-01A,TCGA-GL-A9DE-01A,1.0,0.0,0.0,0.0,0.0
14,81626134,+,14,83348355,+,KIRP,3891,TCGA-GL-A9DE-01A,TCGA-GL-A9DE-01A,1.0,0.0,0.0,0.0,0.0
14,83023620,+,14,83045144,+,KIRP,3892,TCGA-GL-A9DE-01A,TCGA-GL-A9DE-01A,1.0,0.0,0.0,0.0,0.0
14,83779292,-,14,103941085,-,KIRP,3893,TCGA-GL-A9DE-01A,TCGA-GL-A9DE-01A,1.0,0.0,0.0,0.0,0.0
14,83811586,+,14,105552938,+,KIRP,3894,TCGA-GL-A9DE-01A,TCGA-GL-A9DE-01A,1.0,0.0,0.0,0.0,0.0
14,83815940,-,14,88714619,-,KIRP,3895,TCGA-GL-A9DE-01A,TCGA-GL-A9DE-01A,1.0,0.0,0.0,0.0,0.0
14,83832191,+,14,88498393,+,KIRP,3896,TCGA-GL-A9DE-01A,TCGA-GL-A9DE-01A,1.0,0.0,0.0,0.0,0.0
14,83934564,-,14,98341000,-,KIRP,3897,TCGA-GL-A9DE-01A,TCGA-GL-A9DE-01A,1.0,0.0,0.0,0.0,0.0
14,84480915,+,14,84537140,-,KIRP,3898,TCGA-GL-A9DE-01A,TCGA-GL-A9DE-01A,1.0,0.0,0.0,0.0,0.0
14,84587214,-,14,85384569,-,KIRP,3899,TCGA-GL-A9DE-01A,TCGA-GL-A9DE-01A,1.0,0.0,0.0,0.0,0.0
14,84604205,+,14,85015969,-,KIRP,3900,TCGA-GL-A9DE-01A,TCGA-GL-A9DE-01A,1.0,0.0,0.0,0.0,0.0
14,84675929,-,14,84925796,-,KIRP,3901,TCGA-GL-A9DE-01A,TCGA-GL-A9DE-01A,1.0,0.0,0.0,0.0,0.0
14,84922241,+,14,88733673,+,KIRP,3902,TCGA-GL-A9DE-01A,TCGA-GL-A9DE-01A,1.0,0.0,0.0,0.0,0.0
14,85777876,-,14,99355654,+,KIRP,3903,TCGA-GL-A9DE-01A,TCGA-GL-A9DE-01A,1.0,0.0,0.0,0.0,0.0
14,86350347,-,14,87157182,-,KIRP,3904,TCGA-GL-A9DE-01A,TCGA-GL-A9DE-01A,1.0,0.0,0.0,0.0,0.0
14,87065785,-,14,95844672,-,KIRP,3905,TCGA-GL-A9DE-01A,TCGA-GL-A9DE-01A,1.0,0.0,0.0,0.0,0.0
14,87246982,-,14,97637601,+,KIRP,3906,TCGA-GL-A9DE-01A,TCGA-GL-A9DE-01A,1.0,0.0,0.0,0.0,0.0
14,87523777,-,14,89041293,+,KIRP,3907,TCGA-GL-A9DE-01A,TCGA-GL-A9DE-01A,1.0,0.0,0.0,0.0,0.0
14,88710259,+,14,99357875,-,KIRP,3908,TCGA-GL-A9DE-01A,TCGA-GL-A9DE-01A,1.0,0.0,0.0,0.0,0.0
14,88735802,-,14,88784532,-,KIRP,3909,TCGA-GL-A9DE-01A,TCGA-GL-A9DE-01A,1.0,0.0,0.0,0.0,0.0
14,88946717,+,14,88946817,+,KIRP,3910,TCGA-GL-A9DE-01A,TCGA-GL-A9DE-01A,1.0,0.0,0.0,0.0,0.0
14,94327354,+,14,98506613,-,KIRP,3911,TCGA-GL-A9DE-01A,TCGA-GL-A9DE-01A,1.0,0.0,0.0,0.0,0.0
14,95520220,-,14,98055785,+,KIRP,3912,TCGA-GL-A9DE-01A,TCGA-GL-A9DE-01A,1.0,0.0,0.0,0.0,0.0
14,103939181,+,22,11368000,-,KIRP,3913,TCGA-GL-A9DE-01A,TCGA-GL-A9DE-01A,1.0,0.0,0.0,0.0,0.0
16,70439053,-,16,70447619,+,KIRP,3914,TCGA-GL-A9DE-01A,TCGA-GL-A9DE-01A,1.0,0.0,0.0,0.0,0.0
17,44873498,-,17,44923644,+,KIRP,3915,TCGA-GL-A9DE-01A,TCGA-GL-A9DE-01A,1.0,0.0,0.0,0.0,0.0
2,107113116,-,4,92600075,-,KIRP,3916,TCGA-GL-A9DE-01A,TCGA-GL-A9DE-01A,1.0,0.0,0.0,0.0,0.0
2,139975141,-,24,6479994,+,KIRP,3917,TCGA-GL-A9DE-01A,TCGA-GL-A9DE-01A,1.0,0.0,0.0,0.0,0.0
2,208111024,-,8,110068946,-,KIRP,3918,TCGA-GL-A9DE-01A,TCGA-GL-A9DE-01A,1.0,0.0,0.0,0.0,0.0
2,220867019,-,10,80225308,-,KIRP,3919,TCGA-GL-A9DE-01A,TCGA-GL-A9DE-01A,1.0,0.0,0.0,0.0,0.0
21,21057149,-,21,21057297,+,KIRP,3920,TCGA-GL-A9DE-01A,TCGA-GL-A9DE-01A,1.0,0.0,0.0,0.0,0.0
22,11326054,+,22,12423521,+,KIRP,3921,TCGA-GL-A9DE-01A,TCGA-GL-A9DE-01A,1.0,0.0,0.0,0.0,0.0
22,37552581,-,22,37572556,+,KIRP,3922,TCGA-GL-A9DE-01A,TCGA-GL-A9DE-01A,1.0,0.0,0.0,0.0,0.0
22,41294098,-,22,41326812,+,KIRP,3923,TCGA-GL-A9DE-01A,TCGA-GL-A9DE-01A,1.0,0.0,0.0,0.0,0.0
3,54478679,+,9,115242575,+,KIRP,3924,TCGA-GL-A9DE-01A,TCGA-GL-A9DE-01A,1.0,0.0,0.0,0.0,0.0
3,88947003,-,22,50351228,-,KIRP,3925,TCGA-GL-A9DE-01A,TCGA-GL-A9DE-01A,1.0,0.0,0.0,0.0,0.0
4,23229750,-,4,23247279,+,KIRP,3926,TCGA-GL-A9DE-01A,TCGA-GL-A9DE-01A,1.0,0.0,0.0,0.0,0.0
4,119040630,+,8,133144603,+,KIRP,3927,TCGA-GL-A9DE-01A,TCGA-GL-A9DE-01A,1.0,0.0,0.0,0.0,0.0
5,4972013,-,5,4989074,+,KIRP,3928,TCGA-GL-A9DE-01A,TCGA-GL-A9DE-01A,1.0,0.0,0.0,0.0,0.0
5,49916475,+,5,49925132,-,KIRP,3929,TCGA-GL-A9DE-01A,TCGA-GL-A9DE-01A,1.0,0.0,0.0,0.0,0.0
5,111443243,-,11,108317653,+,KIRP,3930,TCGA-GL-A9DE-01A,TCGA-GL-A9DE-01A,1.0,0.0,0.0,0.0,0.0
5,162109389,-,12,104975269,-,KIRP,3931,TCGA-GL-A9DE-01A,TCGA-GL-A9DE-01A,1.0,0.0,0.0,0.0,0.0
6,31512121,-,6,31528686,+,KIRP,3932,TCGA-GL-A9DE-01A,TCGA-GL-A9DE-01A,1.0,0.0,0.0,0.0,0.0
8,129683017,-,8,129725491,+,KIRP,3933,TCGA-GL-A9DE-01A,TCGA-GL-A9DE-01A,1.0,0.0,0.0,0.0,0.0
9,105041675,-,15,88915922,-,KIRP,3934,TCGA-GL-A9DE-01A,TCGA-GL-A9DE-01A,1.0,0.0,0.0,0.0,0.0
1,29418927,+,5,95738965,+,KIRP,3935,TCGA-HE-7128-01A,TCGA-HE-7128-01A,1.0,0.0,0.0,0.0,0.0
1,240955569,-,6,86112902,-,KIRP,3936,TCGA-HE-7128-01A,TCGA-HE-7128-01A,1.0,0.0,0.0,0.0,0.0
11,54358703,-,11,54407202,+,KIRP,3937,TCGA-HE-7128-01A,TCGA-HE-7128-01A,1.0,0.0,0.0,0.0,0.0
19,16063650,+,19,56742272,+,KIRP,3938,TCGA-HE-7128-01A,TCGA-HE-7128-01A,1.0,0.0,0.0,0.0,0.0
3,91157153,-,3,91281825,-,KIRP,3939,TCGA-HE-7128-01A,TCGA-HE-7128-01A,1.0,0.0,0.0,0.0,0.0
5,49723221,-,5,49895248,+,KIRP,3940,TCGA-HE-7128-01A,TCGA-HE-7128-01A,1.0,0.0,0.0,0.0,0.0
5,49816545,-,5,49957951,+,KIRP,3941,TCGA-HE-7128-01A,TCGA-HE-7128-01A,1.0,0.0,0.0,0.0,0.0
8,30889945,+,13,93231334,-,KIRP,3942,TCGA-HE-7128-01A,TCGA-HE-7128-01A,1.0,0.0,0.0,0.0,0.0
8,45080659,-,8,45427522,+,KIRP,3943,TCGA-HE-7128-01A,TCGA-HE-7128-01A,1.0,0.0,0.0,0.0,0.0
10,38633062,-,22,16420908,+,KIRP,3944,TCGA-HE-7129-01A,TCGA-HE-7129-01A,1.0,0.0,0.0,0.0,0.0
11,54368930,-,11,54549317,+,KIRP,3945,TCGA-HE-7129-01A,TCGA-HE-7129-01A,1.0,0.0,0.0,0.0,0.0
17,20840956,-,19,1881589,-,KIRP,3946,TCGA-HE-7129-01A,TCGA-HE-7129-01A,1.0,0.0,0.0,0.0,0.0
20,28869386,+,20,28873114,-,KIRP,3947,TCGA-HE-7129-01A,TCGA-HE-7129-01A,1.0,0.0,0.0,0.0,0.0
22,32137959,-,22,42165205,+,KIRP,3948,TCGA-HE-7129-01A,TCGA-HE-7129-01A,1.0,0.0,0.0,0.0,0.0
22,37045504,+,22,40600154,+,KIRP,3949,TCGA-HE-7129-01A,TCGA-HE-7129-01A,1.0,0.0,0.0,0.0,0.0
22,38464924,-,22,39687687,-,KIRP,3950,TCGA-HE-7129-01A,TCGA-HE-7129-01A,1.0,0.0,0.0,0.0,0.0
22,39915560,+,22,40369934,-,KIRP,3951,TCGA-HE-7129-01A,TCGA-HE-7129-01A,1.0,0.0,0.0,0.0,0.0
22,40422401,+,22,40437066,-,KIRP,3952,TCGA-HE-7129-01A,TCGA-HE-7129-01A,1.0,0.0,0.0,0.0,0.0
22,40488915,+,22,40648591,-,KIRP,3953,TCGA-HE-7129-01A,TCGA-HE-7129-01A,1.0,0.0,0.0,0.0,0.0
22,43096300,+,22,50478294,+,KIRP,3954,TCGA-HE-7129-01A,TCGA-HE-7129-01A,1.0,0.0,0.0,0.0,0.0
22,43108184,-,22,50477195,-,KIRP,3955,TCGA-HE-7129-01A,TCGA-HE-7129-01A,1.0,0.0,0.0,0.0,0.0
22,47584375,+,22,47609035,-,KIRP,3956,TCGA-HE-7129-01A,TCGA-HE-7129-01A,1.0,0.0,0.0,0.0,0.0
3,90960578,+,3,91077430,-,KIRP,3957,TCGA-HE-7129-01A,TCGA-HE-7129-01A,1.0,0.0,0.0,0.0,0.0
3,93315977,-,3,93339497,+,KIRP,3958,TCGA-HE-7129-01A,TCGA-HE-7129-01A,1.0,0.0,0.0,0.0,0.0
4,78718536,-,6,62587080,-,KIRP,3959,TCGA-HE-7129-01A,TCGA-HE-7129-01A,1.0,0.0,0.0,0.0,0.0
5,1047729,-,22,47722833,+,KIRP,3960,TCGA-HE-7129-01A,TCGA-HE-7129-01A,1.0,0.0,0.0,0.0,0.0
5,1319159,+,5,31022848,-,KIRP,3961,TCGA-HE-7129-01A,TCGA-HE-7129-01A,1.0,0.0,0.0,0.0,0.0
6,66973677,+,17,12592999,+,KIRP,3962,TCGA-HE-7129-01A,TCGA-HE-7129-01A,1.0,0.0,0.0,0.0,0.0
6,141372468,-,16,65466154,+,KIRP,3963,TCGA-HE-7129-01A,TCGA-HE-7129-01A,1.0,0.0,0.0,0.0,0.0
1,1778646,+,1,17786791,+,KIRP,3964,TCGA-HE-7130-01A,TCGA-HE-7130-01A,1.0,0.0,0.0,0.0,0.0
1,2602453,-,1,13337431,-,KIRP,3965,TCGA-HE-7130-01A,TCGA-HE-7130-01A,1.0,0.0,0.0,0.0,0.0
1,3160538,-,1,15472634,-,KIRP,3966,TCGA-HE-7130-01A,TCGA-HE-7130-01A,1.0,0.0,0.0,0.0,0.0
1,7101760,-,1,14880836,-,KIRP,3967,TCGA-HE-7130-01A,TCGA-HE-7130-01A,1.0,0.0,0.0,0.0,0.0
1,7588365,+,1,10398040,+,KIRP,3968,TCGA-HE-7130-01A,TCGA-HE-7130-01A,1.0,0.0,0.0,0.0,0.0
1,7620553,-,1,9078136,+,KIRP,3969,TCGA-HE-7130-01A,TCGA-HE-7130-01A,1.0,0.0,0.0,0.0,0.0
1,10964021,-,14,84409500,-,KIRP,3970,TCGA-HE-7130-01A,TCGA-HE-7130-01A,1.0,0.0,0.0,0.0,0.0
1,10964094,-,14,92721433,+,KIRP,3971,TCGA-HE-7130-01A,TCGA-HE-7130-01A,1.0,0.0,0.0,0.0,0.0
1,12579812,+,1,14572295,+,KIRP,3972,TCGA-HE-7130-01A,TCGA-HE-7130-01A,1.0,0.0,0.0,0.0,0.0
1,13904533,+,14,85821169,-,KIRP,3973,TCGA-HE-7130-01A,TCGA-HE-7130-01A,1.0,0.0,0.0,0.0,0.0
1,15036152,+,1,17394165,+,KIRP,3974,TCGA-HE-7130-01A,TCGA-HE-7130-01A,1.0,0.0,0.0,0.0,0.0
1,15036157,+,1,150327767,+,KIRP,3975,TCGA-HE-7130-01A,TCGA-HE-7130-01A,1.0,0.0,0.0,0.0,0.0
1,15332318,-,1,57553931,+,KIRP,3976,TCGA-HE-7130-01A,TCGA-HE-7130-01A,1.0,0.0,0.0,0.0,0.0
1,17394165,+,1,150327591,-,KIRP,3977,TCGA-HE-7130-01A,TCGA-HE-7130-01A,1.0,0.0,0.0,0.0,0.0
1,20034081,+,1,150866914,+,KIRP,3978,TCGA-HE-7130-01A,TCGA-HE-7130-01A,1.0,0.0,0.0,0.0,0.0
1,29017001,-,19,36154835,-,KIRP,3979,TCGA-HE-7130-01A,TCGA-HE-7130-01A,1.0,0.0,0.0,0.0,0.0
1,29017114,+,19,36151863,+,KIRP,3980,TCGA-HE-7130-01A,TCGA-HE-7130-01A,1.0,0.0,0.0,0.0,0.0
1,31404071,-,1,31613455,+,KIRP,3981,TCGA-HE-7130-01A,TCGA-HE-7130-01A,1.0,0.0,0.0,0.0,0.0
1,37806572,-,20,41323285,-,KIRP,3982,TCGA-HE-7130-01A,TCGA-HE-7130-01A,1.0,0.0,0.0,0.0,0.0
1,39843665,-,1,40030785,+,KIRP,3983,TCGA-HE-7130-01A,TCGA-HE-7130-01A,1.0,0.0,0.0,0.0,0.0
1,40347056,-,1,105643149,-,KIRP,3984,TCGA-HE-7130-01A,TCGA-HE-7130-01A,1.0,0.0,0.0,0.0,0.0
1,45795124,+,1,47565900,-,KIRP,3985,TCGA-HE-7130-01A,TCGA-HE-7130-01A,1.0,0.0,0.0,0.0,0.0
1,51199263,-,1,53362970,-,KIRP,3986,TCGA-HE-7130-01A,TCGA-HE-7130-01A,1.0,0.0,0.0,0.0,0.0
1,52178959,-,1,52696976,+,KIRP,3987,TCGA-HE-7130-01A,TCGA-HE-7130-01A,1.0,0.0,0.0,0.0,0.0
1,52710411,-,1,96239304,+,KIRP,3988,TCGA-HE-7130-01A,TCGA-HE-7130-01A,1.0,0.0,0.0,0.0,0.0
1,52733794,+,1,73835748,+,KIRP,3989,TCGA-HE-7130-01A,TCGA-HE-7130-01A,1.0,0.0,0.0,0.0,0.0
1,54020127,+,1,96911803,+,KIRP,3990,TCGA-HE-7130-01A,TCGA-HE-7130-01A,1.0,0.0,0.0,0.0,0.0
1,55389951,+,1,100151955,+,KIRP,3991,TCGA-HE-7130-01A,TCGA-HE-7130-01A,1.0,0.0,0.0,0.0,0.0
1,68361510,-,1,96249126,-,KIRP,3992,TCGA-HE-7130-01A,TCGA-HE-7130-01A,1.0,0.0,0.0,0.0,0.0
1,68361511,-,1,73849916,+,KIRP,3993,TCGA-HE-7130-01A,TCGA-HE-7130-01A,1.0,0.0,0.0,0.0,0.0
1,69081107,-,1,74519190,-,KIRP,3994,TCGA-HE-7130-01A,TCGA-HE-7130-01A,1.0,0.0,0.0,0.0,0.0
1,69134624,+,1,76055070,-,KIRP,3995,TCGA-HE-7130-01A,TCGA-HE-7130-01A,1.0,0.0,0.0,0.0,0.0
1,73459189,-,1,76058090,+,KIRP,3996,TCGA-HE-7130-01A,TCGA-HE-7130-01A,1.0,0.0,0.0,0.0,0.0
1,73459288,+,1,80859321,+,KIRP,3997,TCGA-HE-7130-01A,TCGA-HE-7130-01A,1.0,0.0,0.0,0.0,0.0
1,73849570,-,1,96249126,-,KIRP,3998,TCGA-HE-7130-01A,TCGA-HE-7130-01A,1.0,0.0,0.0,0.0,0.0
1,76058096,+,1,80859162,+,KIRP,3999,TCGA-HE-7130-01A,TCGA-HE-7130-01A,1.0,0.0,0.0,0.0,0.0
1,77010341,-,1,96230748,-,KIRP,4000,TCGA-HE-7130-01A,TCGA-HE-7130-01A,1.0,0.0,0.0,0.0,0.0
1,78728479,+,1,106906004,-,KIRP,4001,TCGA-HE-7130-01A,TCGA-HE-7130-01A,1.0,0.0,0.0,0.0,0.0
1,87502958,-,1,169096067,-,KIRP,4002,TCGA-HE-7130-01A,TCGA-HE-7130-01A,1.0,0.0,0.0,0.0,0.0
1,91553389,+,14,97845153,+,KIRP,4003,TCGA-HE-7130-01A,TCGA-HE-7130-01A,1.0,0.0,0.0,0.0,0.0
1,96100334,-,1,102334990,-,KIRP,4004,TCGA-HE-7130-01A,TCGA-HE-7130-01A,1.0,0.0,0.0,0.0,0.0
1,105520617,-,1,105580940,+,KIRP,4005,TCGA-HE-7130-01A,TCGA-HE-7130-01A,1.0,0.0,0.0,0.0,0.0
1,105599278,-,1,107380348,+,KIRP,4006,TCGA-HE-7130-01A,TCGA-HE-7130-01A,1.0,0.0,0.0,0.0,0.0
1,105599833,+,1,182430656,+,KIRP,4007,TCGA-HE-7130-01A,TCGA-HE-7130-01A,1.0,0.0,0.0,0.0,0.0
1,105599845,-,1,186311266,-,KIRP,4008,TCGA-HE-7130-01A,TCGA-HE-7130-01A,1.0,0.0,0.0,0.0,0.0
1,105643033,+,1,160985661,+,KIRP,4009,TCGA-HE-7130-01A,TCGA-HE-7130-01A,1.0,0.0,0.0,0.0,0.0
1,105980265,+,1,180400191,+,KIRP,4010,TCGA-HE-7130-01A,TCGA-HE-7130-01A,1.0,0.0,0.0,0.0,0.0
1,109615123,-,1,109801895,+,KIRP,4011,TCGA-HE-7130-01A,TCGA-HE-7130-01A,1.0,0.0,0.0,0.0,0.0
1,111746541,-,1,113231715,-,KIRP,4012,TCGA-HE-7130-01A,TCGA-HE-7130-01A,1.0,0.0,0.0,0.0,0.0
1,111844722,+,1,120415358,+,KIRP,4013,TCGA-HE-7130-01A,TCGA-HE-7130-01A,1.0,0.0,0.0,0.0,0.0
1,113309303,+,1,177681236,+,KIRP,4014,TCGA-HE-7130-01A,TCGA-HE-7130-01A,1.0,0.0,0.0,0.0,0.0
1,113311727,+,1,121425268,+,KIRP,4015,TCGA-HE-7130-01A,TCGA-HE-7130-01A,1.0,0.0,0.0,0.0,0.0
1,113311727,+,1,178775083,-,KIRP,4016,TCGA-HE-7130-01A,TCGA-HE-7130-01A,1.0,0.0,0.0,0.0,0.0
1,113311796,+,1,178774874,-,KIRP,4017,TCGA-HE-7130-01A,TCGA-HE-7130-01A,1.0,0.0,0.0,0.0,0.0
1,117661453,+,1,160583815,-,KIRP,4018,TCGA-HE-7130-01A,TCGA-HE-7130-01A,1.0,0.0,0.0,0.0,0.0
1,121423940,-,1,177652638,+,KIRP,4019,TCGA-HE-7130-01A,TCGA-HE-7130-01A,1.0,0.0,0.0,0.0,0.0
1,121425268,+,1,178775187,+,KIRP,4020,TCGA-HE-7130-01A,TCGA-HE-7130-01A,1.0,0.0,0.0,0.0,0.0
1,143683127,-,1,145794600,-,KIRP,4021,TCGA-HE-7130-01A,TCGA-HE-7130-01A,1.0,0.0,0.0,0.0,0.0
1,143686423,+,1,183869828,-,KIRP,4022,TCGA-HE-7130-01A,TCGA-HE-7130-01A,1.0,0.0,0.0,0.0,0.0
1,143687614,-,14,85820271,+,KIRP,4023,TCGA-HE-7130-01A,TCGA-HE-7130-01A,1.0,0.0,0.0,0.0,0.0
1,149635756,+,14,84409718,+,KIRP,4024,TCGA-HE-7130-01A,TCGA-HE-7130-01A,1.0,0.0,0.0,0.0,0.0
1,150327591,-,1,153386522,+,KIRP,4025,TCGA-HE-7130-01A,TCGA-HE-7130-01A,1.0,0.0,0.0,0.0,0.0
1,153656658,-,1,157316229,-,KIRP,4026,TCGA-HE-7130-01A,TCGA-HE-7130-01A,1.0,0.0,0.0,0.0,0.0
1,154759008,+,1,174200687,-,KIRP,4027,TCGA-HE-7130-01A,TCGA-HE-7130-01A,1.0,0.0,0.0,0.0,0.0
1,164636002,-,1,177654352,-,KIRP,4028,TCGA-HE-7130-01A,TCGA-HE-7130-01A,1.0,0.0,0.0,0.0,0.0
1,164636223,-,1,177654341,-,KIRP,4029,TCGA-HE-7130-01A,TCGA-HE-7130-01A,1.0,0.0,0.0,0.0,0.0
1,164636277,+,1,165490020,+,KIRP,4030,TCGA-HE-7130-01A,TCGA-HE-7130-01A,1.0,0.0,0.0,0.0,0.0
1,165490020,+,1,177654249,-,KIRP,4031,TCGA-HE-7130-01A,TCGA-HE-7130-01A,1.0,0.0,0.0,0.0,0.0
1,169779740,+,14,74503256,-,KIRP,4032,TCGA-HE-7130-01A,TCGA-HE-7130-01A,1.0,0.0,0.0,0.0,0.0
1,174414224,+,1,177650065,-,KIRP,4033,TCGA-HE-7130-01A,TCGA-HE-7130-01A,1.0,0.0,0.0,0.0,0.0
1,176783773,-,1,176943163,+,KIRP,4034,TCGA-HE-7130-01A,TCGA-HE-7130-01A,1.0,0.0,0.0,0.0,0.0
1,178689691,-,12,115260867,+,KIRP,4035,TCGA-HE-7130-01A,TCGA-HE-7130-01A,1.0,0.0,0.0,0.0,0.0
1,186456495,+,14,72736005,-,KIRP,4036,TCGA-HE-7130-01A,TCGA-HE-7130-01A,1.0,0.0,0.0,0.0,0.0
1,197412289,-,1,197447035,+,KIRP,4037,TCGA-HE-7130-01A,TCGA-HE-7130-01A,1.0,0.0,0.0,0.0,0.0
1,216298073,-,1,216300054,+,KIRP,4038,TCGA-HE-7130-01A,TCGA-HE-7130-01A,1.0,0.0,0.0,0.0,0.0
10,12030005,-,10,12506108,+,KIRP,4039,TCGA-HE-7130-01A,TCGA-HE-7130-01A,1.0,0.0,0.0,0.0,0.0
10,12304544,+,10,12393232,-,KIRP,4040,TCGA-HE-7130-01A,TCGA-HE-7130-01A,1.0,0.0,0.0,0.0,0.0
10,47042128,+,10,47232133,-,KIRP,4041,TCGA-HE-7130-01A,TCGA-HE-7130-01A,1.0,0.0,0.0,0.0,0.0
10,60826406,-,10,87405282,+,KIRP,4042,TCGA-HE-7130-01A,TCGA-HE-7130-01A,1.0,0.0,0.0,0.0,0.0
10,70135786,-,10,70365047,+,KIRP,4043,TCGA-HE-7130-01A,TCGA-HE-7130-01A,1.0,0.0,0.0,0.0,0.0
11,59537326,-,11,59595468,+,KIRP,4044,TCGA-HE-7130-01A,TCGA-HE-7130-01A,1.0,0.0,0.0,0.0,0.0
11,67635550,-,11,69999370,+,KIRP,4045,TCGA-HE-7130-01A,TCGA-HE-7130-01A,1.0,0.0,0.0,0.0,0.0
11,69592693,+,11,69611515,+,KIRP,4046,TCGA-HE-7130-01A,TCGA-HE-7130-01A,1.0,0.0,0.0,0.0,0.0
11,69817426,+,11,69819817,+,KIRP,4047,TCGA-HE-7130-01A,TCGA-HE-7130-01A,1.0,0.0,0.0,0.0,0.0
11,70104882,-,11,70524780,+,KIRP,4048,TCGA-HE-7130-01A,TCGA-HE-7130-01A,1.0,0.0,0.0,0.0,0.0
11,70551750,+,11,70553093,+,KIRP,4049,TCGA-HE-7130-01A,TCGA-HE-7130-01A,1.0,0.0,0.0,0.0,0.0
11,73660852,+,11,73661343,+,KIRP,4050,TCGA-HE-7130-01A,TCGA-HE-7130-01A,1.0,0.0,0.0,0.0,0.0
11,108478932,+,11,108799278,-,KIRP,4051,TCGA-HE-7130-01A,TCGA-HE-7130-01A,1.0,0.0,0.0,0.0,0.0
12,2750776,+,12,3119802,-,KIRP,4052,TCGA-HE-7130-01A,TCGA-HE-7130-01A,1.0,0.0,0.0,0.0,0.0
12,3118714,-,12,3120450,+,KIRP,4053,TCGA-HE-7130-01A,TCGA-HE-7130-01A,1.0,0.0,0.0,0.0,0.0
12,27198594,-,12,27205245,+,KIRP,4054,TCGA-HE-7130-01A,TCGA-HE-7130-01A,1.0,0.0,0.0,0.0,0.0
13,86718113,-,13,86814810,+,KIRP,4055,TCGA-HE-7130-01A,TCGA-HE-7130-01A,1.0,0.0,0.0,0.0,0.0
13,90486638,-,13,90529575,+,KIRP,4056,TCGA-HE-7130-01A,TCGA-HE-7130-01A,1.0,0.0,0.0,0.0,0.0
13,94658372,-,13,94794169,+,KIRP,4057,TCGA-HE-7130-01A,TCGA-HE-7130-01A,1.0,0.0,0.0,0.0,0.0
14,38096211,+,14,38097826,-,KIRP,4058,TCGA-HE-7130-01A,TCGA-HE-7130-01A,1.0,0.0,0.0,0.0,0.0
14,74045384,+,14,76284025,+,KIRP,4059,TCGA-HE-7130-01A,TCGA-HE-7130-01A,1.0,0.0,0.0,0.0,0.0
14,79835315,-,14,79840229,+,KIRP,4060,TCGA-HE-7130-01A,TCGA-HE-7130-01A,1.0,0.0,0.0,0.0,0.0
14,84409116,-,14,84409873,-,KIRP,4061,TCGA-HE-7130-01A,TCGA-HE-7130-01A,1.0,0.0,0.0,0.0,0.0
14,84410029,+,14,92721598,+,KIRP,4062,TCGA-HE-7130-01A,TCGA-HE-7130-01A,1.0,0.0,0.0,0.0,0.0
14,84657884,-,14,84735091,+,KIRP,4063,TCGA-HE-7130-01A,TCGA-HE-7130-01A,1.0,0.0,0.0,0.0,0.0
14,84721079,+,14,88701776,+,KIRP,4064,TCGA-HE-7130-01A,TCGA-HE-7130-01A,1.0,0.0,0.0,0.0,0.0
14,88517965,-,14,88800169,-,KIRP,4065,TCGA-HE-7130-01A,TCGA-HE-7130-01A,1.0,0.0,0.0,0.0,0.0
14,89871450,+,14,92298424,-,KIRP,4066,TCGA-HE-7130-01A,TCGA-HE-7130-01A,1.0,0.0,0.0,0.0,0.0
15,27160133,-,15,27327357,+,KIRP,4067,TCGA-HE-7130-01A,TCGA-HE-7130-01A,1.0,0.0,0.0,0.0,0.0
15,58295523,-,15,58299261,+,KIRP,4068,TCGA-HE-7130-01A,TCGA-HE-7130-01A,1.0,0.0,0.0,0.0,0.0
16,23787412,-,16,23879965,+,KIRP,4069,TCGA-HE-7130-01A,TCGA-HE-7130-01A,1.0,0.0,0.0,0.0,0.0
16,68477158,-,16,68502829,+,KIRP,4070,TCGA-HE-7130-01A,TCGA-HE-7130-01A,1.0,0.0,0.0,0.0,0.0
17,22830030,+,17,23080995,-,KIRP,4071,TCGA-HE-7130-01A,TCGA-HE-7130-01A,1.0,0.0,0.0,0.0,0.0
17,29988222,-,17,30052457,+,KIRP,4072,TCGA-HE-7130-01A,TCGA-HE-7130-01A,1.0,0.0,0.0,0.0,0.0
18,2741894,+,18,2822900,-,KIRP,4073,TCGA-HE-7130-01A,TCGA-HE-7130-01A,1.0,0.0,0.0,0.0,0.0
19,11251206,-,19,11936451,+,KIRP,4074,TCGA-HE-7130-01A,TCGA-HE-7130-01A,1.0,0.0,0.0,0.0,0.0
19,12758637,-,19,12764035,-,KIRP,4075,TCGA-HE-7130-01A,TCGA-HE-7130-01A,1.0,0.0,0.0,0.0,0.0
19,21628068,-,19,21674781,+,KIRP,4076,TCGA-HE-7130-01A,TCGA-HE-7130-01A,1.0,0.0,0.0,0.0,0.0
19,36151907,+,19,36154921,-,KIRP,4077,TCGA-HE-7130-01A,TCGA-HE-7130-01A,1.0,0.0,0.0,0.0,0.0
19,36153832,+,19,36503247,+,KIRP,4078,TCGA-HE-7130-01A,TCGA-HE-7130-01A,1.0,0.0,0.0,0.0,0.0
2,87907694,+,7,125074958,+,KIRP,4079,TCGA-HE-7130-01A,TCGA-HE-7130-01A,1.0,0.0,0.0,0.0,0.0
2,102561242,+,3,146207903,-,KIRP,4080,TCGA-HE-7130-01A,TCGA-HE-7130-01A,1.0,0.0,0.0,0.0,0.0
2,113233587,-,2,113260769,+,KIRP,4081,TCGA-HE-7130-01A,TCGA-HE-7130-01A,1.0,0.0,0.0,0.0,0.0
2,141537398,-,2,141628246,+,KIRP,4082,TCGA-HE-7130-01A,TCGA-HE-7130-01A,1.0,0.0,0.0,0.0,0.0
2,151674755,-,2,158915112,+,KIRP,4083,TCGA-HE-7130-01A,TCGA-HE-7130-01A,1.0,0.0,0.0,0.0,0.0
2,166819810,-,2,174847182,-,KIRP,4084,TCGA-HE-7130-01A,TCGA-HE-7130-01A,1.0,0.0,0.0,0.0,0.0
2,174847181,-,2,200997985,-,KIRP,4085,TCGA-HE-7130-01A,TCGA-HE-7130-01A,1.0,0.0,0.0,0.0,0.0
2,174847334,+,2,201902406,+,KIRP,4086,TCGA-HE-7130-01A,TCGA-HE-7130-01A,1.0,0.0,0.0,0.0,0.0
2,184326258,+,2,206917839,-,KIRP,4087,TCGA-HE-7130-01A,TCGA-HE-7130-01A,1.0,0.0,0.0,0.0,0.0
2,194726098,+,2,194742269,-,KIRP,4088,TCGA-HE-7130-01A,TCGA-HE-7130-01A,1.0,0.0,0.0,0.0,0.0
2,199463858,+,2,212178279,-,KIRP,4089,TCGA-HE-7130-01A,TCGA-HE-7130-01A,1.0,0.0,0.0,0.0,0.0
2,201639861,+,2,201947671,-,KIRP,4090,TCGA-HE-7130-01A,TCGA-HE-7130-01A,1.0,0.0,0.0,0.0,0.0
2,208819360,-,2,215735622,+,KIRP,4091,TCGA-HE-7130-01A,TCGA-HE-7130-01A,1.0,0.0,0.0,0.0,0.0
2,208819707,+,2,216621351,+,KIRP,4092,TCGA-HE-7130-01A,TCGA-HE-7130-01A,1.0,0.0,0.0,0.0,0.0
2,208853012,-,2,208929661,+,KIRP,4093,TCGA-HE-7130-01A,TCGA-HE-7130-01A,1.0,0.0,0.0,0.0,0.0
2,209621119,+,2,211386480,+,KIRP,4094,TCGA-HE-7130-01A,TCGA-HE-7130-01A,1.0,0.0,0.0,0.0,0.0
2,212152505,+,2,215316816,-,KIRP,4095,TCGA-HE-7130-01A,TCGA-HE-7130-01A,1.0,0.0,0.0,0.0,0.0
2,212356288,+,2,217526988,+,KIRP,4096,TCGA-HE-7130-01A,TCGA-HE-7130-01A,1.0,0.0,0.0,0.0,0.0
2,215735516,-,2,216621356,-,KIRP,4097,TCGA-HE-7130-01A,TCGA-HE-7130-01A,1.0,0.0,0.0,0.0,0.0
2,215837866,+,2,216203150,-,KIRP,4098,TCGA-HE-7130-01A,TCGA-HE-7130-01A,1.0,0.0,0.0,0.0,0.0
2,230670603,-,18,54123035,+,KIRP,4099,TCGA-HE-7130-01A,TCGA-HE-7130-01A,1.0,0.0,0.0,0.0,0.0
2,233573048,-,23,151709052,-,KIRP,4100,TCGA-HE-7130-01A,TCGA-HE-7130-01A,1.0,0.0,0.0,0.0,0.0
20,15284196,-,20,15311165,+,KIRP,4101,TCGA-HE-7130-01A,TCGA-HE-7130-01A,1.0,0.0,0.0,0.0,0.0
20,15623493,+,20,15719247,-,KIRP,4102,TCGA-HE-7130-01A,TCGA-HE-7130-01A,1.0,0.0,0.0,0.0,0.0
20,37370691,+,20,37372153,-,KIRP,4103,TCGA-HE-7130-01A,TCGA-HE-7130-01A,1.0,0.0,0.0,0.0,0.0
20,53179972,-,20,53180140,+,KIRP,4104,TCGA-HE-7130-01A,TCGA-HE-7130-01A,1.0,0.0,0.0,0.0,0.0
21,14261548,-,21,14324854,+,KIRP,4105,TCGA-HE-7130-01A,TCGA-HE-7130-01A,1.0,0.0,0.0,0.0,0.0
22,23344657,-,22,24675150,+,KIRP,4106,TCGA-HE-7130-01A,TCGA-HE-7130-01A,1.0,0.0,0.0,0.0,0.0
22,49155276,-,22,49190306,+,KIRP,4107,TCGA-HE-7130-01A,TCGA-HE-7130-01A,1.0,0.0,0.0,0.0,0.0
3,8670646,-,3,8676493,+,KIRP,4108,TCGA-HE-7130-01A,TCGA-HE-7130-01A,1.0,0.0,0.0,0.0,0.0
3,42199535,-,3,42235257,+,KIRP,4109,TCGA-HE-7130-01A,TCGA-HE-7130-01A,1.0,0.0,0.0,0.0,0.0
3,60029928,+,7,32358882,-,KIRP,4110,TCGA-HE-7130-01A,TCGA-HE-7130-01A,1.0,0.0,0.0,0.0,0.0
3,69854034,-,3,69872209,+,KIRP,4111,TCGA-HE-7130-01A,TCGA-HE-7130-01A,1.0,0.0,0.0,0.0,0.0
3,112610532,-,3,112710473,+,KIRP,4112,TCGA-HE-7130-01A,TCGA-HE-7130-01A,1.0,0.0,0.0,0.0,0.0
3,133573404,-,11,70553066,+,KIRP,4113,TCGA-HE-7130-01A,TCGA-HE-7130-01A,1.0,0.0,0.0,0.0,0.0
3,133573568,+,11,70551735,+,KIRP,4114,TCGA-HE-7130-01A,TCGA-HE-7130-01A,1.0,0.0,0.0,0.0,0.0
3,145195969,-,20,41376410,-,KIRP,4115,TCGA-HE-7130-01A,TCGA-HE-7130-01A,1.0,0.0,0.0,0.0,0.0
3,145231318,+,20,41377052,+,KIRP,4116,TCGA-HE-7130-01A,TCGA-HE-7130-01A,1.0,0.0,0.0,0.0,0.0
3,146071124,-,3,146208204,+,KIRP,4117,TCGA-HE-7130-01A,TCGA-HE-7130-01A,1.0,0.0,0.0,0.0,0.0
3,170831795,-,3,170865540,+,KIRP,4118,TCGA-HE-7130-01A,TCGA-HE-7130-01A,1.0,0.0,0.0,0.0,0.0
3,171512316,-,3,172040071,+,KIRP,4119,TCGA-HE-7130-01A,TCGA-HE-7130-01A,1.0,0.0,0.0,0.0,0.0
3,179905012,-,3,179954683,+,KIRP,4120,TCGA-HE-7130-01A,TCGA-HE-7130-01A,1.0,0.0,0.0,0.0,0.0
3,187884381,+,3,187890920,-,KIRP,4121,TCGA-HE-7130-01A,TCGA-HE-7130-01A,1.0,0.0,0.0,0.0,0.0
3,194596653,-,3,194626198,+,KIRP,4122,TCGA-HE-7130-01A,TCGA-HE-7130-01A,1.0,0.0,0.0,0.0,0.0
4,37449701,-,4,37487394,+,KIRP,4123,TCGA-HE-7130-01A,TCGA-HE-7130-01A,1.0,0.0,0.0,0.0,0.0
4,63457575,-,19,43462885,-,KIRP,4124,TCGA-HE-7130-01A,TCGA-HE-7130-01A,1.0,0.0,0.0,0.0,0.0
4,63481400,-,19,43463209,+,KIRP,4125,TCGA-HE-7130-01A,TCGA-HE-7130-01A,1.0,0.0,0.0,0.0,0.0
4,63884298,-,4,63979863,+,KIRP,4126,TCGA-HE-7130-01A,TCGA-HE-7130-01A,1.0,0.0,0.0,0.0,0.0
4,64915773,+,4,67759455,+,KIRP,4127,TCGA-HE-7130-01A,TCGA-HE-7130-01A,1.0,0.0,0.0,0.0,0.0
4,64915917,-,4,67761401,-,KIRP,4128,TCGA-HE-7130-01A,TCGA-HE-7130-01A,1.0,0.0,0.0,0.0,0.0
4,65624072,+,4,65625652,+,KIRP,4129,TCGA-HE-7130-01A,TCGA-HE-7130-01A,1.0,0.0,0.0,0.0,0.0
4,69632841,+,4,90857219,+,KIRP,4130,TCGA-HE-7130-01A,TCGA-HE-7130-01A,1.0,0.0,0.0,0.0,0.0
4,69632851,-,4,90856722,-,KIRP,4131,TCGA-HE-7130-01A,TCGA-HE-7130-01A,1.0,0.0,0.0,0.0,0.0
4,69632969,+,4,90857206,-,KIRP,4132,TCGA-HE-7130-01A,TCGA-HE-7130-01A,1.0,0.0,0.0,0.0,0.0
4,73936311,+,4,177386257,-,KIRP,4133,TCGA-HE-7130-01A,TCGA-HE-7130-01A,1.0,0.0,0.0,0.0,0.0
4,90856864,-,4,90856925,-,KIRP,4134,TCGA-HE-7130-01A,TCGA-HE-7130-01A,1.0,0.0,0.0,0.0,0.0
4,91530666,-,4,92422478,+,KIRP,4135,TCGA-HE-7130-01A,TCGA-HE-7130-01A,1.0,0.0,0.0,0.0,0.0
4,91842856,-,10,8226215,+,KIRP,4136,TCGA-HE-7130-01A,TCGA-HE-7130-01A,1.0,0.0,0.0,0.0,0.0
4,95114000,+,4,100472501,+,KIRP,4137,TCGA-HE-7130-01A,TCGA-HE-7130-01A,1.0,0.0,0.0,0.0,0.0
4,96425035,-,4,96490586,+,KIRP,4138,TCGA-HE-7130-01A,TCGA-HE-7130-01A,1.0,0.0,0.0,0.0,0.0
4,96578111,-,4,96662171,+,KIRP,4139,TCGA-HE-7130-01A,TCGA-HE-7130-01A,1.0,0.0,0.0,0.0,0.0
4,98305173,-,4,98306413,-,KIRP,4140,TCGA-HE-7130-01A,TCGA-HE-7130-01A,1.0,0.0,0.0,0.0,0.0
4,98523834,+,4,98613342,+,KIRP,4141,TCGA-HE-7130-01A,TCGA-HE-7130-01A,1.0,0.0,0.0,0.0,0.0
4,98828051,-,4,98830353,+,KIRP,4142,TCGA-HE-7130-01A,TCGA-HE-7130-01A,1.0,0.0,0.0,0.0,0.0
4,156950321,+,4,156978763,-,KIRP,4143,TCGA-HE-7130-01A,TCGA-HE-7130-01A,1.0,0.0,0.0,0.0,0.0
4,164389668,-,4,164429262,+,KIRP,4144,TCGA-HE-7130-01A,TCGA-HE-7130-01A,1.0,0.0,0.0,0.0,0.0
5,5608356,-,5,5660924,+,KIRP,4145,TCGA-HE-7130-01A,TCGA-HE-7130-01A,1.0,0.0,0.0,0.0,0.0
5,49707698,-,5,49832874,+,KIRP,4146,TCGA-HE-7130-01A,TCGA-HE-7130-01A,1.0,0.0,0.0,0.0,0.0
5,49792199,-,5,49821132,+,KIRP,4147,TCGA-HE-7130-01A,TCGA-HE-7130-01A,1.0,0.0,0.0,0.0,0.0
5,51186770,-,7,9827482,+,KIRP,4148,TCGA-HE-7130-01A,TCGA-HE-7130-01A,1.0,0.0,0.0,0.0,0.0
5,51186964,+,7,9827490,-,KIRP,4149,TCGA-HE-7130-01A,TCGA-HE-7130-01A,1.0,0.0,0.0,0.0,0.0
6,13603296,-,6,13877138,+,KIRP,4150,TCGA-HE-7130-01A,TCGA-HE-7130-01A,1.0,0.0,0.0,0.0,0.0
6,26129357,-,6,26309640,+,KIRP,4151,TCGA-HE-7130-01A,TCGA-HE-7130-01A,1.0,0.0,0.0,0.0,0.0
6,95181321,-,6,95384101,+,KIRP,4152,TCGA-HE-7130-01A,TCGA-HE-7130-01A,1.0,0.0,0.0,0.0,0.0
6,98491025,-,6,98499400,+,KIRP,4153,TCGA-HE-7130-01A,TCGA-HE-7130-01A,1.0,0.0,0.0,0.0,0.0
6,139510851,+,6,140062434,-,KIRP,4154,TCGA-HE-7130-01A,TCGA-HE-7130-01A,1.0,0.0,0.0,0.0,0.0
7,22269434,-,7,22330995,+,KIRP,4155,TCGA-HE-7130-01A,TCGA-HE-7130-01A,1.0,0.0,0.0,0.0,0.0
7,51050841,-,7,51171587,+,KIRP,4156,TCGA-HE-7130-01A,TCGA-HE-7130-01A,1.0,0.0,0.0,0.0,0.0
7,54108805,-,23,35762777,+,KIRP,4157,TCGA-HE-7130-01A,TCGA-HE-7130-01A,1.0,0.0,0.0,0.0,0.0
7,99397463,-,11,69616354,-,KIRP,4158,TCGA-HE-7130-01A,TCGA-HE-7130-01A,1.0,0.0,0.0,0.0,0.0
7,99397580,+,11,69614765,-,KIRP,4159,TCGA-HE-7130-01A,TCGA-HE-7130-01A,1.0,0.0,0.0,0.0,0.0
7,113652541,+,7,113654573,-,KIRP,4160,TCGA-HE-7130-01A,TCGA-HE-7130-01A,1.0,0.0,0.0,0.0,0.0
7,114074066,+,7,114157219,-,KIRP,4161,TCGA-HE-7130-01A,TCGA-HE-7130-01A,1.0,0.0,0.0,0.0,0.0
7,136244228,-,7,136357687,+,KIRP,4162,TCGA-HE-7130-01A,TCGA-HE-7130-01A,1.0,0.0,0.0,0.0,0.0
7,138542393,-,11,68805773,-,KIRP,4163,TCGA-HE-7130-01A,TCGA-HE-7130-01A,1.0,0.0,0.0,0.0,0.0
7,142414828,-,7,142421052,+,KIRP,4164,TCGA-HE-7130-01A,TCGA-HE-7130-01A,1.0,0.0,0.0,0.0,0.0
7,142415020,+,7,142436761,-,KIRP,4165,TCGA-HE-7130-01A,TCGA-HE-7130-01A,1.0,0.0,0.0,0.0,0.0
7,142421255,+,7,142436567,-,KIRP,4166,TCGA-HE-7130-01A,TCGA-HE-7130-01A,1.0,0.0,0.0,0.0,0.0
8,56549583,+,8,56571161,-,KIRP,4167,TCGA-HE-7130-01A,TCGA-HE-7130-01A,1.0,0.0,0.0,0.0,0.0
8,73889046,-,8,74039458,+,KIRP,4168,TCGA-HE-7130-01A,TCGA-HE-7130-01A,1.0,0.0,0.0,0.0,0.0
8,77148866,-,8,77230760,+,KIRP,4169,TCGA-HE-7130-01A,TCGA-HE-7130-01A,1.0,0.0,0.0,0.0,0.0
8,102871350,-,8,102924640,+,KIRP,4170,TCGA-HE-7130-01A,TCGA-HE-7130-01A,1.0,0.0,0.0,0.0,0.0
8,126401110,-,17,30419882,+,KIRP,4171,TCGA-HE-7130-01A,TCGA-HE-7130-01A,1.0,0.0,0.0,0.0,0.0
8,126438522,+,17,30355755,-,KIRP,4172,TCGA-HE-7130-01A,TCGA-HE-7130-01A,1.0,0.0,0.0,0.0,0.0
8,132444066,-,8,132485528,+,KIRP,4173,TCGA-HE-7130-01A,TCGA-HE-7130-01A,1.0,0.0,0.0,0.0,0.0
9,11434357,+,9,11443182,-,KIRP,4174,TCGA-HE-7130-01A,TCGA-HE-7130-01A,1.0,0.0,0.0,0.0,0.0
9,20528878,+,9,22019192,-,KIRP,4175,TCGA-HE-7130-01A,TCGA-HE-7130-01A,1.0,0.0,0.0,0.0,0.0
9,32840276,-,9,32853715,+,KIRP,4176,TCGA-HE-7130-01A,TCGA-HE-7130-01A,1.0,0.0,0.0,0.0,0.0
9,95609781,-,9,95685606,+,KIRP,4177,TCGA-HE-7130-01A,TCGA-HE-7130-01A,1.0,0.0,0.0,0.0,0.0
23,26493242,+,23,26494203,-,KIRP,4178,TCGA-HE-7130-01A,TCGA-HE-7130-01A,1.0,0.0,0.0,0.0,0.0
23,40694225,-,23,40696503,+,KIRP,4179,TCGA-HE-7130-01A,TCGA-HE-7130-01A,1.0,0.0,0.0,0.0,0.0
23,48976462,-,23,49189551,+,KIRP,4180,TCGA-HE-7130-01A,TCGA-HE-7130-01A,1.0,0.0,0.0,0.0,0.0
23,57384921,+,23,57385951,-,KIRP,4181,TCGA-HE-7130-01A,TCGA-HE-7130-01A,1.0,0.0,0.0,0.0,0.0
23,113475975,-,23,113528032,+,KIRP,4182,TCGA-HE-7130-01A,TCGA-HE-7130-01A,1.0,0.0,0.0,0.0,0.0
1,5224999,-,3,59529101,+,KIRP,4183,TCGA-HE-A5NF-01A,TCGA-HE-A5NF-01A,1.0,0.0,0.0,0.0,0.0
1,92309627,+,2,176509381,+,KIRP,4184,TCGA-HE-A5NF-01A,TCGA-HE-A5NF-01A,1.0,0.0,0.0,0.0,0.0
1,215627118,-,3,115839285,+,KIRP,4185,TCGA-HE-A5NF-01A,TCGA-HE-A5NF-01A,1.0,0.0,0.0,0.0,0.0
17,14554874,+,23,131500639,+,KIRP,4186,TCGA-HE-A5NF-01A,TCGA-HE-A5NF-01A,1.0,0.0,0.0,0.0,0.0
18,45127561,-,20,44404640,-,KIRP,4187,TCGA-HE-A5NF-01A,TCGA-HE-A5NF-01A,1.0,0.0,0.0,0.0,0.0
2,21869101,+,2,21945597,-,KIRP,4188,TCGA-HE-A5NF-01A,TCGA-HE-A5NF-01A,1.0,0.0,0.0,0.0,0.0
2,95756119,-,2,97623982,-,KIRP,4189,TCGA-HE-A5NF-01A,TCGA-HE-A5NF-01A,1.0,0.0,0.0,0.0,0.0
3,17750305,-,8,96730867,-,KIRP,4190,TCGA-HE-A5NF-01A,TCGA-HE-A5NF-01A,1.0,0.0,0.0,0.0,0.0
4,49836084,+,4,51623563,-,KIRP,4191,TCGA-HE-A5NF-01A,TCGA-HE-A5NF-01A,1.0,0.0,0.0,0.0,0.0
4,121742374,-,6,128005967,+,KIRP,4192,TCGA-HE-A5NF-01A,TCGA-HE-A5NF-01A,1.0,0.0,0.0,0.0,0.0
7,1668864,+,7,1669499,-,KIRP,4193,TCGA-HE-A5NF-01A,TCGA-HE-A5NF-01A,1.0,0.0,0.0,0.0,0.0
7,60527522,+,7,60535132,-,KIRP,4194,TCGA-HE-A5NF-01A,TCGA-HE-A5NF-01A,1.0,0.0,0.0,0.0,0.0
2,44013415,-,4,20102092,+,KIRP,4195,TCGA-HE-A5NH-01A,TCGA-HE-A5NH-01A,1.0,0.0,0.0,0.0,0.0
2,91878723,+,24,11336170,-,KIRP,4196,TCGA-HE-A5NH-01A,TCGA-HE-A5NH-01A,1.0,0.0,0.0,0.0,0.0
20,26259997,-,20,30185134,-,KIRP,4197,TCGA-HE-A5NH-01A,TCGA-HE-A5NH-01A,1.0,0.0,0.0,0.0,0.0
22,38141204,+,22,49429867,-,KIRP,4198,TCGA-HE-A5NH-01A,TCGA-HE-A5NH-01A,1.0,0.0,0.0,0.0,0.0
3,25897770,+,16,19321561,-,KIRP,4199,TCGA-HE-A5NH-01A,TCGA-HE-A5NH-01A,1.0,0.0,0.0,0.0,0.0
3,90968054,+,3,91027466,-,KIRP,4200,TCGA-HE-A5NH-01A,TCGA-HE-A5NH-01A,1.0,0.0,0.0,0.0,0.0
7,4497401,-,7,9622007,+,KIRP,4201,TCGA-HE-A5NH-01A,TCGA-HE-A5NH-01A,1.0,0.0,0.0,0.0,0.0
7,102180900,-,18,8516173,+,KIRP,4202,TCGA-HE-A5NH-01A,TCGA-HE-A5NH-01A,1.0,0.0,0.0,0.0,0.0
1,15503347,+,1,235991740,+,KIRP,4203,TCGA-HE-A5NI-01A,TCGA-HE-A5NI-01A,1.0,0.0,0.0,0.0,0.0
11,51287127,-,11,52049745,+,KIRP,4204,TCGA-HE-A5NI-01A,TCGA-HE-A5NI-01A,1.0,0.0,0.0,0.0,0.0
11,51482658,+,11,52085404,-,KIRP,4205,TCGA-HE-A5NI-01A,TCGA-HE-A5NI-01A,1.0,0.0,0.0,0.0,0.0
11,54378147,-,11,54380212,+,KIRP,4206,TCGA-HE-A5NI-01A,TCGA-HE-A5NI-01A,1.0,0.0,0.0,0.0,0.0
12,34786503,+,12,34797152,-,KIRP,4207,TCGA-HE-A5NI-01A,TCGA-HE-A5NI-01A,1.0,0.0,0.0,0.0,0.0
17,5760789,-,17,5760973,+,KIRP,4208,TCGA-HE-A5NI-01A,TCGA-HE-A5NI-01A,1.0,0.0,0.0,0.0,0.0
2,6253217,+,4,149368898,+,KIRP,4209,TCGA-HE-A5NI-01A,TCGA-HE-A5NI-01A,1.0,0.0,0.0,0.0,0.0
2,77827246,-,6,69333936,-,KIRP,4210,TCGA-HE-A5NI-01A,TCGA-HE-A5NI-01A,1.0,0.0,0.0,0.0,0.0
2,93315254,-,2,93680581,+,KIRP,4211,TCGA-HE-A5NI-01A,TCGA-HE-A5NI-01A,1.0,0.0,0.0,0.0,0.0
20,28861845,-,20,29174523,+,KIRP,4212,TCGA-HE-A5NI-01A,TCGA-HE-A5NI-01A,1.0,0.0,0.0,0.0,0.0
3,77742413,-,12,126928685,+,KIRP,4213,TCGA-HE-A5NI-01A,TCGA-HE-A5NI-01A,1.0,0.0,0.0,0.0,0.0
3,90921537,+,3,91166941,-,KIRP,4214,TCGA-HE-A5NI-01A,TCGA-HE-A5NI-01A,1.0,0.0,0.0,0.0,0.0
3,90953162,+,3,91108467,-,KIRP,4215,TCGA-HE-A5NI-01A,TCGA-HE-A5NI-01A,1.0,0.0,0.0,0.0,0.0
3,110666152,-,3,110666251,+,KIRP,4216,TCGA-HE-A5NI-01A,TCGA-HE-A5NI-01A,1.0,0.0,0.0,0.0,0.0
4,101410204,+,8,1609066,+,KIRP,4217,TCGA-HE-A5NI-01A,TCGA-HE-A5NI-01A,1.0,0.0,0.0,0.0,0.0
6,41807637,+,6,41911108,-,KIRP,4218,TCGA-HE-A5NI-01A,TCGA-HE-A5NI-01A,1.0,0.0,0.0,0.0,0.0
6,61374903,-,6,61379617,+,KIRP,4219,TCGA-HE-A5NI-01A,TCGA-HE-A5NI-01A,1.0,0.0,0.0,0.0,0.0
1,45955293,+,22,39500935,-,KIRP,4220,TCGA-HE-A5NJ-01A,TCGA-HE-A5NJ-01A,1.0,0.0,0.0,0.0,0.0
1,124395512,+,1,124481988,-,KIRP,4221,TCGA-HE-A5NJ-01A,TCGA-HE-A5NJ-01A,1.0,0.0,0.0,0.0,0.0
1,152787765,+,1,152798293,-,KIRP,4222,TCGA-HE-A5NJ-01A,TCGA-HE-A5NJ-01A,1.0,0.0,0.0,0.0,0.0
1,157361037,-,1,157509037,-,KIRP,4223,TCGA-HE-A5NJ-01A,TCGA-HE-A5NJ-01A,1.0,0.0,0.0,0.0,0.0
10,40546038,-,10,40734537,+,KIRP,4224,TCGA-HE-A5NJ-01A,TCGA-HE-A5NJ-01A,1.0,0.0,0.0,0.0,0.0
11,54372684,+,11,54376775,-,KIRP,4225,TCGA-HE-A5NJ-01A,TCGA-HE-A5NJ-01A,1.0,0.0,0.0,0.0,0.0
12,28211350,+,12,28211859,-,KIRP,4226,TCGA-HE-A5NJ-01A,TCGA-HE-A5NJ-01A,1.0,0.0,0.0,0.0,0.0
12,34797640,+,12,34817636,-,KIRP,4227,TCGA-HE-A5NJ-01A,TCGA-HE-A5NJ-01A,1.0,0.0,0.0,0.0,0.0
15,43635931,+,15,43732601,-,KIRP,4228,TCGA-HE-A5NJ-01A,TCGA-HE-A5NJ-01A,1.0,0.0,0.0,0.0,0.0
16,37350851,+,16,37908944,-,KIRP,4229,TCGA-HE-A5NJ-01A,TCGA-HE-A5NJ-01A,1.0,0.0,0.0,0.0,0.0
16,51288456,-,22,27728667,+,KIRP,4230,TCGA-HE-A5NJ-01A,TCGA-HE-A5NJ-01A,1.0,0.0,0.0,0.0,0.0
16,64178409,+,16,75965911,-,KIRP,4231,TCGA-HE-A5NJ-01A,TCGA-HE-A5NJ-01A,1.0,0.0,0.0,0.0,0.0
16,76418867,+,17,14993922,-,KIRP,4232,TCGA-HE-A5NJ-01A,TCGA-HE-A5NJ-01A,1.0,0.0,0.0,0.0,0.0
17,15073408,+,17,20570027,+,KIRP,4233,TCGA-HE-A5NJ-01A,TCGA-HE-A5NJ-01A,1.0,0.0,0.0,0.0,0.0
17,20569904,-,17,20711113,-,KIRP,4234,TCGA-HE-A5NJ-01A,TCGA-HE-A5NJ-01A,1.0,0.0,0.0,0.0,0.0
17,20712775,+,17,22263182,-,KIRP,4235,TCGA-HE-A5NJ-01A,TCGA-HE-A5NJ-01A,1.0,0.0,0.0,0.0,0.0
18,16860111,+,18,18616932,-,KIRP,4236,TCGA-HE-A5NJ-01A,TCGA-HE-A5NJ-01A,1.0,0.0,0.0,0.0,0.0
18,20065989,+,18,20469643,-,KIRP,4237,TCGA-HE-A5NJ-01A,TCGA-HE-A5NJ-01A,1.0,0.0,0.0,0.0,0.0
2,92997771,-,2,93533047,+,KIRP,4238,TCGA-HE-A5NJ-01A,TCGA-HE-A5NJ-01A,1.0,0.0,0.0,0.0,0.0
2,127391491,-,2,127417348,+,KIRP,4239,TCGA-HE-A5NJ-01A,TCGA-HE-A5NJ-01A,1.0,0.0,0.0,0.0,0.0
2,201581589,+,18,80195573,+,KIRP,4240,TCGA-HE-A5NJ-01A,TCGA-HE-A5NJ-01A,1.0,0.0,0.0,0.0,0.0
20,29564259,+,20,30320190,+,KIRP,4241,TCGA-HE-A5NJ-01A,TCGA-HE-A5NJ-01A,1.0,0.0,0.0,0.0,0.0
3,91157199,-,3,91281896,-,KIRP,4242,TCGA-HE-A5NJ-01A,TCGA-HE-A5NJ-01A,1.0,0.0,0.0,0.0,0.0
3,184438776,-,9,110144952,+,KIRP,4243,TCGA-HE-A5NJ-01A,TCGA-HE-A5NJ-01A,1.0,0.0,0.0,0.0,0.0
3,191669074,-,4,189482057,+,KIRP,4244,TCGA-HE-A5NJ-01A,TCGA-HE-A5NJ-01A,1.0,0.0,0.0,0.0,0.0
4,49216541,-,18,14325871,-,KIRP,4245,TCGA-HE-A5NJ-01A,TCGA-HE-A5NJ-01A,1.0,0.0,0.0,0.0,0.0
5,46433486,-,5,46748259,-,KIRP,4246,TCGA-HE-A5NJ-01A,TCGA-HE-A5NJ-01A,1.0,0.0,0.0,0.0,0.0
5,47058275,+,5,47128698,-,KIRP,4247,TCGA-HE-A5NJ-01A,TCGA-HE-A5NJ-01A,1.0,0.0,0.0,0.0,0.0
7,13793508,-,12,121255341,-,KIRP,4248,TCGA-HE-A5NJ-01A,TCGA-HE-A5NJ-01A,1.0,0.0,0.0,0.0,0.0
7,95759517,-,12,68077,-,KIRP,4249,TCGA-HE-A5NJ-01A,TCGA-HE-A5NJ-01A,1.0,0.0,0.0,0.0,0.0
9,43383179,+,9,45152032,-,KIRP,4250,TCGA-HE-A5NJ-01A,TCGA-HE-A5NJ-01A,1.0,0.0,0.0,0.0,0.0
9,65079229,+,18,15598739,-,KIRP,4251,TCGA-HE-A5NJ-01A,TCGA-HE-A5NJ-01A,1.0,0.0,0.0,0.0,0.0
11,54408356,+,11,54422624,-,KIRP,4252,TCGA-HE-A5NK-01A,TCGA-HE-A5NK-01A,1.0,0.0,0.0,0.0,0.0
12,37664953,+,12,37683262,+,KIRP,4253,TCGA-HE-A5NK-01A,TCGA-HE-A5NK-01A,1.0,0.0,0.0,0.0,0.0
13,17005466,-,13,17107686,+,KIRP,4254,TCGA-HE-A5NK-01A,TCGA-HE-A5NK-01A,1.0,0.0,0.0,0.0,0.0
13,18761763,-,18,14318924,-,KIRP,4255,TCGA-HE-A5NK-01A,TCGA-HE-A5NK-01A,1.0,0.0,0.0,0.0,0.0
15,20054138,+,15,21060838,-,KIRP,4256,TCGA-HE-A5NK-01A,TCGA-HE-A5NK-01A,1.0,0.0,0.0,0.0,0.0
17,15924379,+,17,19435812,+,KIRP,4257,TCGA-HE-A5NK-01A,TCGA-HE-A5NK-01A,1.0,0.0,0.0,0.0,0.0
17,15996844,+,17,16974823,-,KIRP,4258,TCGA-HE-A5NK-01A,TCGA-HE-A5NK-01A,1.0,0.0,0.0,0.0,0.0
17,23039984,+,17,23070949,-,KIRP,4259,TCGA-HE-A5NK-01A,TCGA-HE-A5NK-01A,1.0,0.0,0.0,0.0,0.0
4,52435239,-,17,11522657,-,KIRP,4260,TCGA-HE-A5NK-01A,TCGA-HE-A5NK-01A,1.0,0.0,0.0,0.0,0.0
4,53357109,+,17,10438463,+,KIRP,4261,TCGA-HE-A5NK-01A,TCGA-HE-A5NK-01A,1.0,0.0,0.0,0.0,0.0
4,53865252,-,17,17242430,-,KIRP,4262,TCGA-HE-A5NK-01A,TCGA-HE-A5NK-01A,1.0,0.0,0.0,0.0,0.0
4,56418581,-,17,19386631,-,KIRP,4263,TCGA-HE-A5NK-01A,TCGA-HE-A5NK-01A,1.0,0.0,0.0,0.0,0.0
5,49678633,-,5,49713202,+,KIRP,4264,TCGA-HE-A5NK-01A,TCGA-HE-A5NK-01A,1.0,0.0,0.0,0.0,0.0
7,4497392,-,7,9622006,+,KIRP,4265,TCGA-HE-A5NK-01A,TCGA-HE-A5NK-01A,1.0,0.0,0.0,0.0,0.0
8,118027593,-,16,67239631,+,KIRP,4266,TCGA-HE-A5NK-01A,TCGA-HE-A5NK-01A,1.0,0.0,0.0,0.0,0.0
8,118027706,+,16,67239629,-,KIRP,4267,TCGA-HE-A5NK-01A,TCGA-HE-A5NK-01A,1.0,0.0,0.0,0.0,0.0
1,109221950,-,6,157915641,-,KIRP,4268,TCGA-HE-A5NL-01A,TCGA-HE-A5NL-01A,1.0,0.0,0.0,0.0,0.0
1,122282445,-,1,122491441,+,KIRP,4269,TCGA-HE-A5NL-01A,TCGA-HE-A5NL-01A,1.0,0.0,0.0,0.0,0.0
12,1418589,-,15,57075863,+,KIRP,4270,TCGA-HE-A5NL-01A,TCGA-HE-A5NL-01A,1.0,0.0,0.0,0.0,0.0
13,16844675,-,13,16918505,+,KIRP,4271,TCGA-HE-A5NL-01A,TCGA-HE-A5NL-01A,1.0,0.0,0.0,0.0,0.0
16,37729303,-,16,38121067,+,KIRP,4272,TCGA-HE-A5NL-01A,TCGA-HE-A5NL-01A,1.0,0.0,0.0,0.0,0.0
17,22896029,+,17,23137602,-,KIRP,4273,TCGA-HE-A5NL-01A,TCGA-HE-A5NL-01A,1.0,0.0,0.0,0.0,0.0
18,68537137,+,18,68541774,-,KIRP,4274,TCGA-HE-A5NL-01A,TCGA-HE-A5NL-01A,1.0,0.0,0.0,0.0,0.0
2,235036741,-,14,19645215,-,KIRP,4275,TCGA-HE-A5NL-01A,TCGA-HE-A5NL-01A,1.0,0.0,0.0,0.0,0.0
3,155814117,-,3,155945056,-,KIRP,4276,TCGA-HE-A5NL-01A,TCGA-HE-A5NL-01A,1.0,0.0,0.0,0.0,0.0
3,182048710,+,19,28732746,-,KIRP,4277,TCGA-HE-A5NL-01A,TCGA-HE-A5NL-01A,1.0,0.0,0.0,0.0,0.0
6,155603784,-,12,68450283,-,KIRP,4278,TCGA-HE-A5NL-01A,TCGA-HE-A5NL-01A,1.0,0.0,0.0,0.0,0.0
1,90479318,+,2,219159611,+,KIRP,4279,TCGA-IA-A40U-01A,TCGA-IA-A40U-01A,1.0,0.0,0.0,0.0,0.0
1,123257075,-,1,123257752,+,KIRP,4280,TCGA-IA-A40U-01A,TCGA-IA-A40U-01A,1.0,0.0,0.0,0.0,0.0
10,41117163,-,10,41387591,+,KIRP,4281,TCGA-IA-A40U-01A,TCGA-IA-A40U-01A,1.0,0.0,0.0,0.0,0.0
11,52308205,-,11,53716758,+,KIRP,4282,TCGA-IA-A40U-01A,TCGA-IA-A40U-01A,1.0,0.0,0.0,0.0,0.0
12,34862044,+,12,35704858,-,KIRP,4283,TCGA-IA-A40U-01A,TCGA-IA-A40U-01A,1.0,0.0,0.0,0.0,0.0
14,95763728,-,22,35735187,-,KIRP,4284,TCGA-IA-A40U-01A,TCGA-IA-A40U-01A,1.0,0.0,0.0,0.0,0.0
16,36746085,+,16,38268936,+,KIRP,4285,TCGA-IA-A40U-01A,TCGA-IA-A40U-01A,1.0,0.0,0.0,0.0,0.0
16,37725651,-,16,37915702,+,KIRP,4286,TCGA-IA-A40U-01A,TCGA-IA-A40U-01A,1.0,0.0,0.0,0.0,0.0
18,15636654,+,18,15745396,-,KIRP,4287,TCGA-IA-A40U-01A,TCGA-IA-A40U-01A,1.0,0.0,0.0,0.0,0.0
18,15692047,+,18,20640363,-,KIRP,4288,TCGA-IA-A40U-01A,TCGA-IA-A40U-01A,1.0,0.0,0.0,0.0,0.0
2,70621336,-,14,61138265,-,KIRP,4289,TCGA-IA-A40U-01A,TCGA-IA-A40U-01A,1.0,0.0,0.0,0.0,0.0
2,92308689,-,2,93108638,+,KIRP,4290,TCGA-IA-A40U-01A,TCGA-IA-A40U-01A,1.0,0.0,0.0,0.0,0.0
2,131276350,+,2,131277830,-,KIRP,4291,TCGA-IA-A40U-01A,TCGA-IA-A40U-01A,1.0,0.0,0.0,0.0,0.0
20,26545179,+,20,26556842,-,KIRP,4292,TCGA-IA-A40U-01A,TCGA-IA-A40U-01A,1.0,0.0,0.0,0.0,0.0
20,28809900,+,20,28811339,-,KIRP,4293,TCGA-IA-A40U-01A,TCGA-IA-A40U-01A,1.0,0.0,0.0,0.0,0.0
3,90864647,+,3,91109978,-,KIRP,4294,TCGA-IA-A40U-01A,TCGA-IA-A40U-01A,1.0,0.0,0.0,0.0,0.0
7,61444261,+,7,61515434,-,KIRP,4295,TCGA-IA-A40U-01A,TCGA-IA-A40U-01A,1.0,0.0,0.0,0.0,0.0
7,71208014,+,11,47648308,+,KIRP,4296,TCGA-IA-A40U-01A,TCGA-IA-A40U-01A,1.0,0.0,0.0,0.0,0.0
8,13622456,+,23,135115029,+,KIRP,4297,TCGA-IA-A40U-01A,TCGA-IA-A40U-01A,1.0,0.0,0.0,0.0,0.0
8,45080662,-,8,45427516,+,KIRP,4298,TCGA-IA-A40U-01A,TCGA-IA-A40U-01A,1.0,0.0,0.0,0.0,0.0
9,43650548,-,9,44369879,+,KIRP,4299,TCGA-IA-A40U-01A,TCGA-IA-A40U-01A,1.0,0.0,0.0,0.0,0.0
1,32435944,+,1,34634176,+,KIRP,4300,TCGA-IA-A40X-01A,TCGA-IA-A40X-01A,1.0,0.0,0.0,0.0,0.0
1,61441293,-,23,148574986,+,KIRP,4301,TCGA-IA-A40X-01A,TCGA-IA-A40X-01A,1.0,0.0,0.0,0.0,0.0
1,109060015,+,2,136043545,+,KIRP,4302,TCGA-IA-A40X-01A,TCGA-IA-A40X-01A,1.0,0.0,0.0,0.0,0.0
1,119923805,+,16,20566696,-,KIRP,4303,TCGA-IA-A40X-01A,TCGA-IA-A40X-01A,1.0,0.0,0.0,0.0,0.0
1,186637448,+,1,189474697,+,KIRP,4304,TCGA-IA-A40X-01A,TCGA-IA-A40X-01A,1.0,0.0,0.0,0.0,0.0
1,190888610,-,3,16151697,-,KIRP,4305,TCGA-IA-A40X-01A,TCGA-IA-A40X-01A,1.0,0.0,0.0,0.0,0.0
10,3395989,-,16,488576,+,KIRP,4306,TCGA-IA-A40X-01A,TCGA-IA-A40X-01A,1.0,0.0,0.0,0.0,0.0
10,21544984,-,16,80719677,+,KIRP,4307,TCGA-IA-A40X-01A,TCGA-IA-A40X-01A,1.0,0.0,0.0,0.0,0.0
10,61525676,-,13,102475586,+,KIRP,4308,TCGA-IA-A40X-01A,TCGA-IA-A40X-01A,1.0,0.0,0.0,0.0,0.0
13,16298432,-,13,16734349,+,KIRP,4309,TCGA-IA-A40X-01A,TCGA-IA-A40X-01A,1.0,0.0,0.0,0.0,0.0
16,488593,-,16,89297178,-,KIRP,4310,TCGA-IA-A40X-01A,TCGA-IA-A40X-01A,1.0,0.0,0.0,0.0,0.0
18,14720238,-,21,13437605,-,KIRP,4311,TCGA-IA-A40X-01A,TCGA-IA-A40X-01A,1.0,0.0,0.0,0.0,0.0
2,11268557,+,14,81477304,-,KIRP,4312,TCGA-IA-A40X-01A,TCGA-IA-A40X-01A,1.0,0.0,0.0,0.0,0.0
3,6904986,+,3,6905479,-,KIRP,4313,TCGA-IA-A40X-01A,TCGA-IA-A40X-01A,1.0,0.0,0.0,0.0,0.0
3,10366005,+,18,58512772,-,KIRP,4314,TCGA-IA-A40X-01A,TCGA-IA-A40X-01A,1.0,0.0,0.0,0.0,0.0
5,47256260,-,19,24908203,+,KIRP,4315,TCGA-IA-A40X-01A,TCGA-IA-A40X-01A,1.0,0.0,0.0,0.0,0.0
5,49739291,-,5,49930919,+,KIRP,4316,TCGA-IA-A40X-01A,TCGA-IA-A40X-01A,1.0,0.0,0.0,0.0,0.0
5,96680725,+,8,3226028,+,KIRP,4317,TCGA-IA-A40X-01A,TCGA-IA-A40X-01A,1.0,0.0,0.0,0.0,0.0
5,96680869,-,10,21545234,+,KIRP,4318,TCGA-IA-A40X-01A,TCGA-IA-A40X-01A,1.0,0.0,0.0,0.0,0.0
5,96680869,-,16,80719677,+,KIRP,4319,TCGA-IA-A40X-01A,TCGA-IA-A40X-01A,1.0,0.0,0.0,0.0,0.0
7,94456106,-,19,52090716,+,KIRP,4320,TCGA-IA-A40X-01A,TCGA-IA-A40X-01A,1.0,0.0,0.0,0.0,0.0
7,137969794,+,8,133268864,-,KIRP,4321,TCGA-IA-A40X-01A,TCGA-IA-A40X-01A,1.0,0.0,0.0,0.0,0.0
7,152241291,-,13,18329464,-,KIRP,4322,TCGA-IA-A40X-01A,TCGA-IA-A40X-01A,1.0,0.0,0.0,0.0,0.0
8,6150681,-,23,12720054,+,KIRP,4323,TCGA-IA-A40X-01A,TCGA-IA-A40X-01A,1.0,0.0,0.0,0.0,0.0
1,56555437,-,7,50292769,+,KIRP,4324,TCGA-IA-A40Y-01A,TCGA-IA-A40Y-01A,1.0,0.0,0.0,0.0,0.0
1,101539116,+,1,101539965,-,KIRP,4325,TCGA-IA-A40Y-01A,TCGA-IA-A40Y-01A,1.0,0.0,0.0,0.0,0.0
1,122065924,+,1,122138121,-,KIRP,4326,TCGA-IA-A40Y-01A,TCGA-IA-A40Y-01A,1.0,0.0,0.0,0.0,0.0
1,122074368,+,1,122215633,-,KIRP,4327,TCGA-IA-A40Y-01A,TCGA-IA-A40Y-01A,1.0,0.0,0.0,0.0,0.0
1,122112012,-,1,122210973,+,KIRP,4328,TCGA-IA-A40Y-01A,TCGA-IA-A40Y-01A,1.0,0.0,0.0,0.0,0.0
1,122173017,-,1,122191523,+,KIRP,4329,TCGA-IA-A40Y-01A,TCGA-IA-A40Y-01A,1.0,0.0,0.0,0.0,0.0
1,151094044,-,9,34639548,-,KIRP,4330,TCGA-IA-A40Y-01A,TCGA-IA-A40Y-01A,1.0,0.0,0.0,0.0,0.0
1,159179821,-,13,54063843,+,KIRP,4331,TCGA-IA-A40Y-01A,TCGA-IA-A40Y-01A,1.0,0.0,0.0,0.0,0.0
1,199062482,-,1,199068714,+,KIRP,4332,TCGA-IA-A40Y-01A,TCGA-IA-A40Y-01A,1.0,0.0,0.0,0.0,0.0
1,226303803,+,1,226313309,-,KIRP,4333,TCGA-IA-A40Y-01A,TCGA-IA-A40Y-01A,1.0,0.0,0.0,0.0,0.0
10,5761827,+,10,5762531,-,KIRP,4334,TCGA-IA-A40Y-01A,TCGA-IA-A40Y-01A,1.0,0.0,0.0,0.0,0.0
10,40300807,-,10,41022633,+,KIRP,4335,TCGA-IA-A40Y-01A,TCGA-IA-A40Y-01A,1.0,0.0,0.0,0.0,0.0
10,108389253,+,10,108573644,-,KIRP,4336,TCGA-IA-A40Y-01A,TCGA-IA-A40Y-01A,1.0,0.0,0.0,0.0,0.0
11,861851,+,11,863024,-,KIRP,4337,TCGA-IA-A40Y-01A,TCGA-IA-A40Y-01A,1.0,0.0,0.0,0.0,0.0
11,54347360,-,11,54405693,+,KIRP,4338,TCGA-IA-A40Y-01A,TCGA-IA-A40Y-01A,1.0,0.0,0.0,0.0,0.0
11,67239960,-,11,67249776,+,KIRP,4339,TCGA-IA-A40Y-01A,TCGA-IA-A40Y-01A,1.0,0.0,0.0,0.0,0.0
12,8619716,+,12,8620847,-,KIRP,4340,TCGA-IA-A40Y-01A,TCGA-IA-A40Y-01A,1.0,0.0,0.0,0.0,0.0
12,10715278,+,12,10716746,-,KIRP,4341,TCGA-IA-A40Y-01A,TCGA-IA-A40Y-01A,1.0,0.0,0.0,0.0,0.0
12,15750883,+,12,15751301,-,KIRP,4342,TCGA-IA-A40Y-01A,TCGA-IA-A40Y-01A,1.0,0.0,0.0,0.0,0.0
12,36442017,+,12,36481072,-,KIRP,4343,TCGA-IA-A40Y-01A,TCGA-IA-A40Y-01A,1.0,0.0,0.0,0.0,0.0
12,48989738,+,14,49646100,+,KIRP,4344,TCGA-IA-A40Y-01A,TCGA-IA-A40Y-01A,1.0,0.0,0.0,0.0,0.0
12,59272479,+,12,59273069,-,KIRP,4345,TCGA-IA-A40Y-01A,TCGA-IA-A40Y-01A,1.0,0.0,0.0,0.0,0.0
12,94475159,+,12,94483667,-,KIRP,4346,TCGA-IA-A40Y-01A,TCGA-IA-A40Y-01A,1.0,0.0,0.0,0.0,0.0
12,101570427,+,12,101571428,-,KIRP,4347,TCGA-IA-A40Y-01A,TCGA-IA-A40Y-01A,1.0,0.0,0.0,0.0,0.0
12,120602764,+,12,120605573,+,KIRP,4348,TCGA-IA-A40Y-01A,TCGA-IA-A40Y-01A,1.0,0.0,0.0,0.0,0.0
12,120602769,-,12,120605691,-,KIRP,4349,TCGA-IA-A40Y-01A,TCGA-IA-A40Y-01A,1.0,0.0,0.0,0.0,0.0
13,54062909,-,13,54063861,-,KIRP,4350,TCGA-IA-A40Y-01A,TCGA-IA-A40Y-01A,1.0,0.0,0.0,0.0,0.0
13,61833925,+,13,61845020,+,KIRP,4351,TCGA-IA-A40Y-01A,TCGA-IA-A40Y-01A,1.0,0.0,0.0,0.0,0.0
13,61844425,+,13,61845522,-,KIRP,4352,TCGA-IA-A40Y-01A,TCGA-IA-A40Y-01A,1.0,0.0,0.0,0.0,0.0
13,62704158,+,13,62706045,-,KIRP,4353,TCGA-IA-A40Y-01A,TCGA-IA-A40Y-01A,1.0,0.0,0.0,0.0,0.0
13,88270971,+,20,9589656,+,KIRP,4354,TCGA-IA-A40Y-01A,TCGA-IA-A40Y-01A,1.0,0.0,0.0,0.0,0.0
13,92126365,-,22,28670059,-,KIRP,4355,TCGA-IA-A40Y-01A,TCGA-IA-A40Y-01A,1.0,0.0,0.0,0.0,0.0
15,87338865,+,15,87342144,-,KIRP,4356,TCGA-IA-A40Y-01A,TCGA-IA-A40Y-01A,1.0,0.0,0.0,0.0,0.0
16,6367779,+,16,6371601,-,KIRP,4357,TCGA-IA-A40Y-01A,TCGA-IA-A40Y-01A,1.0,0.0,0.0,0.0,0.0
16,6803408,+,16,6812911,-,KIRP,4358,TCGA-IA-A40Y-01A,TCGA-IA-A40Y-01A,1.0,0.0,0.0,0.0,0.0
16,58249923,+,16,58250299,-,KIRP,4359,TCGA-IA-A40Y-01A,TCGA-IA-A40Y-01A,1.0,0.0,0.0,0.0,0.0
16,63787452,+,16,63788911,-,KIRP,4360,TCGA-IA-A40Y-01A,TCGA-IA-A40Y-01A,1.0,0.0,0.0,0.0,0.0
17,22825174,-,17,22844050,+,KIRP,4361,TCGA-IA-A40Y-01A,TCGA-IA-A40Y-01A,1.0,0.0,0.0,0.0,0.0
17,22949278,-,17,22994855,+,KIRP,4362,TCGA-IA-A40Y-01A,TCGA-IA-A40Y-01A,1.0,0.0,0.0,0.0,0.0
17,60245319,-,19,41396755,+,KIRP,4363,TCGA-IA-A40Y-01A,TCGA-IA-A40Y-01A,1.0,0.0,0.0,0.0,0.0
18,3403088,+,18,3411201,-,KIRP,4364,TCGA-IA-A40Y-01A,TCGA-IA-A40Y-01A,1.0,0.0,0.0,0.0,0.0
19,8215286,+,19,8226141,-,KIRP,4365,TCGA-IA-A40Y-01A,TCGA-IA-A40Y-01A,1.0,0.0,0.0,0.0,0.0
19,13193223,-,19,13201238,-,KIRP,4366,TCGA-IA-A40Y-01A,TCGA-IA-A40Y-01A,1.0,0.0,0.0,0.0,0.0
19,43033269,+,19,43034158,-,KIRP,4367,TCGA-IA-A40Y-01A,TCGA-IA-A40Y-01A,1.0,0.0,0.0,0.0,0.0
2,478229,+,3,6471953,-,KIRP,4368,TCGA-IA-A40Y-01A,TCGA-IA-A40Y-01A,1.0,0.0,0.0,0.0,0.0
2,478264,-,3,6471947,+,KIRP,4369,TCGA-IA-A40Y-01A,TCGA-IA-A40Y-01A,1.0,0.0,0.0,0.0,0.0
2,27353587,+,2,27454232,-,KIRP,4370,TCGA-IA-A40Y-01A,TCGA-IA-A40Y-01A,1.0,0.0,0.0,0.0,0.0
2,38961664,+,7,64324582,+,KIRP,4371,TCGA-IA-A40Y-01A,TCGA-IA-A40Y-01A,1.0,0.0,0.0,0.0,0.0
2,38961692,-,7,64395009,-,KIRP,4372,TCGA-IA-A40Y-01A,TCGA-IA-A40Y-01A,1.0,0.0,0.0,0.0,0.0
2,56543552,+,14,55037655,+,KIRP,4373,TCGA-IA-A40Y-01A,TCGA-IA-A40Y-01A,1.0,0.0,0.0,0.0,0.0
2,56546602,-,14,55038832,-,KIRP,4374,TCGA-IA-A40Y-01A,TCGA-IA-A40Y-01A,1.0,0.0,0.0,0.0,0.0
2,95918849,+,2,95920715,-,KIRP,4375,TCGA-IA-A40Y-01A,TCGA-IA-A40Y-01A,1.0,0.0,0.0,0.0,0.0
2,103808542,+,2,103810000,-,KIRP,4376,TCGA-IA-A40Y-01A,TCGA-IA-A40Y-01A,1.0,0.0,0.0,0.0,0.0
2,132929003,+,2,133137635,-,KIRP,4377,TCGA-IA-A40Y-01A,TCGA-IA-A40Y-01A,1.0,0.0,0.0,0.0,0.0
2,140212381,+,2,140212809,-,KIRP,4378,TCGA-IA-A40Y-01A,TCGA-IA-A40Y-01A,1.0,0.0,0.0,0.0,0.0
2,188954047,+,2,188954330,-,KIRP,4379,TCGA-IA-A40Y-01A,TCGA-IA-A40Y-01A,1.0,0.0,0.0,0.0,0.0
20,14322628,+,20,14322989,-,KIRP,4380,TCGA-IA-A40Y-01A,TCGA-IA-A40Y-01A,1.0,0.0,0.0,0.0,0.0
20,18860478,+,20,18874387,-,KIRP,4381,TCGA-IA-A40Y-01A,TCGA-IA-A40Y-01A,1.0,0.0,0.0,0.0,0.0
20,29564277,+,20,30320189,+,KIRP,4382,TCGA-IA-A40Y-01A,TCGA-IA-A40Y-01A,1.0,0.0,0.0,0.0,0.0
20,29921478,+,20,29987046,-,KIRP,4383,TCGA-IA-A40Y-01A,TCGA-IA-A40Y-01A,1.0,0.0,0.0,0.0,0.0
20,44726325,+,20,44727332,-,KIRP,4384,TCGA-IA-A40Y-01A,TCGA-IA-A40Y-01A,1.0,0.0,0.0,0.0,0.0
20,52926155,+,20,52927119,-,KIRP,4385,TCGA-IA-A40Y-01A,TCGA-IA-A40Y-01A,1.0,0.0,0.0,0.0,0.0
21,30046966,+,21,30049926,+,KIRP,4386,TCGA-IA-A40Y-01A,TCGA-IA-A40Y-01A,1.0,0.0,0.0,0.0,0.0
21,37422380,+,21,37423903,-,KIRP,4387,TCGA-IA-A40Y-01A,TCGA-IA-A40Y-01A,1.0,0.0,0.0,0.0,0.0
22,40464048,+,22,40471586,-,KIRP,4388,TCGA-IA-A40Y-01A,TCGA-IA-A40Y-01A,1.0,0.0,0.0,0.0,0.0
3,52855274,-,3,52865206,+,KIRP,4389,TCGA-IA-A40Y-01A,TCGA-IA-A40Y-01A,1.0,0.0,0.0,0.0,0.0
3,67685294,+,3,67918852,-,KIRP,4390,TCGA-IA-A40Y-01A,TCGA-IA-A40Y-01A,1.0,0.0,0.0,0.0,0.0
3,89298294,-,3,162975566,-,KIRP,4391,TCGA-IA-A40Y-01A,TCGA-IA-A40Y-01A,1.0,0.0,0.0,0.0,0.0
3,91175053,-,3,91200701,+,KIRP,4392,TCGA-IA-A40Y-01A,TCGA-IA-A40Y-01A,1.0,0.0,0.0,0.0,0.0
3,122862157,+,3,122862969,-,KIRP,4393,TCGA-IA-A40Y-01A,TCGA-IA-A40Y-01A,1.0,0.0,0.0,0.0,0.0
3,174900530,-,3,174909705,+,KIRP,4394,TCGA-IA-A40Y-01A,TCGA-IA-A40Y-01A,1.0,0.0,0.0,0.0,0.0
3,175189481,+,3,175192482,-,KIRP,4395,TCGA-IA-A40Y-01A,TCGA-IA-A40Y-01A,1.0,0.0,0.0,0.0,0.0
3,175264357,+,3,175271236,-,KIRP,4396,TCGA-IA-A40Y-01A,TCGA-IA-A40Y-01A,1.0,0.0,0.0,0.0,0.0
3,197975627,+,3,197976513,-,KIRP,4397,TCGA-IA-A40Y-01A,TCGA-IA-A40Y-01A,1.0,0.0,0.0,0.0,0.0
4,27426198,+,4,27427098,-,KIRP,4398,TCGA-IA-A40Y-01A,TCGA-IA-A40Y-01A,1.0,0.0,0.0,0.0,0.0
4,60663962,+,4,60665142,-,KIRP,4399,TCGA-IA-A40Y-01A,TCGA-IA-A40Y-01A,1.0,0.0,0.0,0.0,0.0
4,75293873,+,4,75297815,-,KIRP,4400,TCGA-IA-A40Y-01A,TCGA-IA-A40Y-01A,1.0,0.0,0.0,0.0,0.0
4,90932361,+,4,90976153,-,KIRP,4401,TCGA-IA-A40Y-01A,TCGA-IA-A40Y-01A,1.0,0.0,0.0,0.0,0.0
4,96031952,+,4,96050449,-,KIRP,4402,TCGA-IA-A40Y-01A,TCGA-IA-A40Y-01A,1.0,0.0,0.0,0.0,0.0
4,189484375,-,10,6802021,+,KIRP,4403,TCGA-IA-A40Y-01A,TCGA-IA-A40Y-01A,1.0,0.0,0.0,0.0,0.0
5,25046114,+,5,78314980,-,KIRP,4404,TCGA-IA-A40Y-01A,TCGA-IA-A40Y-01A,1.0,0.0,0.0,0.0,0.0
5,29773923,+,6,145401152,+,KIRP,4405,TCGA-IA-A40Y-01A,TCGA-IA-A40Y-01A,1.0,0.0,0.0,0.0,0.0
5,54347293,+,5,56094242,+,KIRP,4406,TCGA-IA-A40Y-01A,TCGA-IA-A40Y-01A,1.0,0.0,0.0,0.0,0.0
5,136944853,+,5,136949746,-,KIRP,4407,TCGA-IA-A40Y-01A,TCGA-IA-A40Y-01A,1.0,0.0,0.0,0.0,0.0
5,154183887,+,5,154184323,-,KIRP,4408,TCGA-IA-A40Y-01A,TCGA-IA-A40Y-01A,1.0,0.0,0.0,0.0,0.0
5,165780905,-,23,1213086,-,KIRP,4409,TCGA-IA-A40Y-01A,TCGA-IA-A40Y-01A,1.0,0.0,0.0,0.0,0.0
5,172235682,+,5,172239603,-,KIRP,4410,TCGA-IA-A40Y-01A,TCGA-IA-A40Y-01A,1.0,0.0,0.0,0.0,0.0
6,26092385,-,6,26188574,+,KIRP,4411,TCGA-IA-A40Y-01A,TCGA-IA-A40Y-01A,1.0,0.0,0.0,0.0,0.0
6,26567220,-,17,56626399,-,KIRP,4412,TCGA-IA-A40Y-01A,TCGA-IA-A40Y-01A,1.0,0.0,0.0,0.0,0.0
6,57505995,+,6,60398874,-,KIRP,4413,TCGA-IA-A40Y-01A,TCGA-IA-A40Y-01A,1.0,0.0,0.0,0.0,0.0
6,57506183,-,6,60399075,+,KIRP,4414,TCGA-IA-A40Y-01A,TCGA-IA-A40Y-01A,1.0,0.0,0.0,0.0,0.0
6,61425057,+,12,34680642,-,KIRP,4415,TCGA-IA-A40Y-01A,TCGA-IA-A40Y-01A,1.0,0.0,0.0,0.0,0.0
6,98558387,+,6,98567270,-,KIRP,4416,TCGA-IA-A40Y-01A,TCGA-IA-A40Y-01A,1.0,0.0,0.0,0.0,0.0
6,120655005,+,6,120655416,-,KIRP,4417,TCGA-IA-A40Y-01A,TCGA-IA-A40Y-01A,1.0,0.0,0.0,0.0,0.0
6,148358925,+,6,148361438,+,KIRP,4418,TCGA-IA-A40Y-01A,TCGA-IA-A40Y-01A,1.0,0.0,0.0,0.0,0.0
6,148359261,-,6,148361508,-,KIRP,4419,TCGA-IA-A40Y-01A,TCGA-IA-A40Y-01A,1.0,0.0,0.0,0.0,0.0
6,158852181,+,14,73332884,+,KIRP,4420,TCGA-IA-A40Y-01A,TCGA-IA-A40Y-01A,1.0,0.0,0.0,0.0,0.0
6,159595824,+,6,159597273,-,KIRP,4421,TCGA-IA-A40Y-01A,TCGA-IA-A40Y-01A,1.0,0.0,0.0,0.0,0.0
7,13279495,+,7,13303087,+,KIRP,4422,TCGA-IA-A40Y-01A,TCGA-IA-A40Y-01A,1.0,0.0,0.0,0.0,0.0
7,13297609,-,7,13303181,-,KIRP,4423,TCGA-IA-A40Y-01A,TCGA-IA-A40Y-01A,1.0,0.0,0.0,0.0,0.0
7,15586159,+,7,15622265,-,KIRP,4424,TCGA-IA-A40Y-01A,TCGA-IA-A40Y-01A,1.0,0.0,0.0,0.0,0.0
7,50856730,+,7,50863107,-,KIRP,4425,TCGA-IA-A40Y-01A,TCGA-IA-A40Y-01A,1.0,0.0,0.0,0.0,0.0
7,58822174,-,7,60163879,+,KIRP,4426,TCGA-IA-A40Y-01A,TCGA-IA-A40Y-01A,1.0,0.0,0.0,0.0,0.0
7,128513728,+,7,128525951,-,KIRP,4427,TCGA-IA-A40Y-01A,TCGA-IA-A40Y-01A,1.0,0.0,0.0,0.0,0.0
7,145050852,+,7,145051341,-,KIRP,4428,TCGA-IA-A40Y-01A,TCGA-IA-A40Y-01A,1.0,0.0,0.0,0.0,0.0
7,146775976,-,7,147044897,+,KIRP,4429,TCGA-IA-A40Y-01A,TCGA-IA-A40Y-01A,1.0,0.0,0.0,0.0,0.0
7,155151293,+,23,146441857,-,KIRP,4430,TCGA-IA-A40Y-01A,TCGA-IA-A40Y-01A,1.0,0.0,0.0,0.0,0.0
8,7610800,+,8,7616912,-,KIRP,4431,TCGA-IA-A40Y-01A,TCGA-IA-A40Y-01A,1.0,0.0,0.0,0.0,0.0
8,19843325,+,8,19844905,-,KIRP,4432,TCGA-IA-A40Y-01A,TCGA-IA-A40Y-01A,1.0,0.0,0.0,0.0,0.0
8,67736510,-,10,10571172,-,KIRP,4433,TCGA-IA-A40Y-01A,TCGA-IA-A40Y-01A,1.0,0.0,0.0,0.0,0.0
8,94566389,-,16,69083608,+,KIRP,4434,TCGA-IA-A40Y-01A,TCGA-IA-A40Y-01A,1.0,0.0,0.0,0.0,0.0
8,114592916,+,8,114594993,-,KIRP,4435,TCGA-IA-A40Y-01A,TCGA-IA-A40Y-01A,1.0,0.0,0.0,0.0,0.0
8,124244854,+,8,124267021,-,KIRP,4436,TCGA-IA-A40Y-01A,TCGA-IA-A40Y-01A,1.0,0.0,0.0,0.0,0.0
9,8944480,+,9,9054832,-,KIRP,4437,TCGA-IA-A40Y-01A,TCGA-IA-A40Y-01A,1.0,0.0,0.0,0.0,0.0
9,21971109,+,9,22001880,-,KIRP,4438,TCGA-IA-A40Y-01A,TCGA-IA-A40Y-01A,1.0,0.0,0.0,0.0,0.0
9,22001881,-,9,22006108,+,KIRP,4439,TCGA-IA-A40Y-01A,TCGA-IA-A40Y-01A,1.0,0.0,0.0,0.0,0.0
9,111072719,-,9,111077002,+,KIRP,4440,TCGA-IA-A40Y-01A,TCGA-IA-A40Y-01A,1.0,0.0,0.0,0.0,0.0
23,2924619,+,23,2938221,-,KIRP,4441,TCGA-IA-A40Y-01A,TCGA-IA-A40Y-01A,1.0,0.0,0.0,0.0,0.0
23,69031249,+,23,77718372,-,KIRP,4442,TCGA-IA-A40Y-01A,TCGA-IA-A40Y-01A,1.0,0.0,0.0,0.0,0.0
23,69210019,+,23,69210956,-,KIRP,4443,TCGA-IA-A40Y-01A,TCGA-IA-A40Y-01A,1.0,0.0,0.0,0.0,0.0
23,83231231,+,23,83262033,-,KIRP,4444,TCGA-IA-A40Y-01A,TCGA-IA-A40Y-01A,1.0,0.0,0.0,0.0,0.0
23,143397132,+,23,143443568,-,KIRP,4445,TCGA-IA-A40Y-01A,TCGA-IA-A40Y-01A,1.0,0.0,0.0,0.0,0.0
23,152064467,+,23,152064781,-,KIRP,4446,TCGA-IA-A40Y-01A,TCGA-IA-A40Y-01A,1.0,0.0,0.0,0.0,0.0
1,188901506,-,17,8692811,-,KIRP,4447,TCGA-IZ-A6M8-01A,TCGA-IZ-A6M8-01A,1.0,0.0,0.0,0.0,0.0
11,34038929,+,19,23622991,+,KIRP,4448,TCGA-IZ-A6M8-01A,TCGA-IZ-A6M8-01A,1.0,0.0,0.0,0.0,0.0
16,37729896,+,16,38236591,-,KIRP,4449,TCGA-IZ-A6M8-01A,TCGA-IZ-A6M8-01A,1.0,0.0,0.0,0.0,0.0
18,68377634,-,24,11917334,-,KIRP,4450,TCGA-IZ-A6M8-01A,TCGA-IZ-A6M8-01A,1.0,0.0,0.0,0.0,0.0
2,224230104,+,2,224236314,-,KIRP,4451,TCGA-IZ-A6M8-01A,TCGA-IZ-A6M8-01A,1.0,0.0,0.0,0.0,0.0
20,29936727,+,20,30000771,-,KIRP,4452,TCGA-IZ-A6M8-01A,TCGA-IZ-A6M8-01A,1.0,0.0,0.0,0.0,0.0
4,5706325,-,23,945470,+,KIRP,4453,TCGA-IZ-A6M8-01A,TCGA-IZ-A6M8-01A,1.0,0.0,0.0,0.0,0.0
4,37600781,-,18,33351183,+,KIRP,4454,TCGA-IZ-A6M8-01A,TCGA-IZ-A6M8-01A,1.0,0.0,0.0,0.0,0.0
4,135734230,-,12,39083894,+,KIRP,4455,TCGA-IZ-A6M8-01A,TCGA-IZ-A6M8-01A,1.0,0.0,0.0,0.0,0.0
7,2531838,-,7,2679131,-,KIRP,4456,TCGA-IZ-A6M8-01A,TCGA-IZ-A6M8-01A,1.0,0.0,0.0,0.0,0.0
7,146358074,-,8,66772155,+,KIRP,4457,TCGA-IZ-A6M8-01A,TCGA-IZ-A6M8-01A,1.0,0.0,0.0,0.0,0.0
8,2234553,-,8,2484889,-,KIRP,4458,TCGA-IZ-A6M8-01A,TCGA-IZ-A6M8-01A,1.0,0.0,0.0,0.0,0.0
23,62636596,+,23,62638803,-,KIRP,4459,TCGA-IZ-A6M8-01A,TCGA-IZ-A6M8-01A,1.0,0.0,0.0,0.0,0.0
2,93032462,-,2,93628923,+,KIRP,4460,TCGA-IZ-A6M9-01A,TCGA-IZ-A6M9-01A,1.0,0.0,0.0,0.0,0.0
1,123828728,-,1,123930712,+,KIRP,4461,TCGA-J7-6720-01A,TCGA-J7-6720-01A,1.0,0.0,0.0,0.0,0.0
1,124910139,-,1,124922330,+,KIRP,4462,TCGA-J7-6720-01A,TCGA-J7-6720-01A,1.0,0.0,0.0,0.0,0.0
13,16279065,-,21,7238860,+,KIRP,4463,TCGA-J7-6720-01A,TCGA-J7-6720-01A,1.0,0.0,0.0,0.0,0.0
15,77953753,+,15,78742090,+,KIRP,4464,TCGA-J7-6720-01A,TCGA-J7-6720-01A,1.0,0.0,0.0,0.0,0.0
20,26381913,+,20,28318225,-,KIRP,4465,TCGA-J7-6720-01A,TCGA-J7-6720-01A,1.0,0.0,0.0,0.0,0.0
3,76049384,-,22,43355239,-,KIRP,4466,TCGA-J7-6720-01A,TCGA-J7-6720-01A,1.0,0.0,0.0,0.0,0.0
9,95282182,+,24,13212890,+,KIRP,4467,TCGA-J7-6720-01A,TCGA-J7-6720-01A,1.0,0.0,0.0,0.0,0.0
1,35501735,-,4,67670168,+,KIRP,4468,TCGA-J7-8537-01A,TCGA-J7-8537-01A,1.0,0.0,0.0,0.0,0.0
1,89071400,-,1,89071848,+,KIRP,4469,TCGA-J7-8537-01A,TCGA-J7-8537-01A,1.0,0.0,0.0,0.0,0.0
1,111169093,-,1,111307178,+,KIRP,4470,TCGA-J7-8537-01A,TCGA-J7-8537-01A,1.0,0.0,0.0,0.0,0.0
1,215125760,-,8,10451624,+,KIRP,4471,TCGA-J7-8537-01A,TCGA-J7-8537-01A,1.0,0.0,0.0,0.0,0.0
10,98247273,-,10,98459571,-,KIRP,4472,TCGA-J7-8537-01A,TCGA-J7-8537-01A,1.0,0.0,0.0,0.0,0.0
10,98247281,+,10,98459784,+,KIRP,4473,TCGA-J7-8537-01A,TCGA-J7-8537-01A,1.0,0.0,0.0,0.0,0.0
11,12219706,+,11,12220971,+,KIRP,4474,TCGA-J7-8537-01A,TCGA-J7-8537-01A,1.0,0.0,0.0,0.0,0.0
11,12220583,-,11,12221705,-,KIRP,4475,TCGA-J7-8537-01A,TCGA-J7-8537-01A,1.0,0.0,0.0,0.0,0.0
11,46705459,-,11,46744056,+,KIRP,4476,TCGA-J7-8537-01A,TCGA-J7-8537-01A,1.0,0.0,0.0,0.0,0.0
11,56816503,+,11,57794102,-,KIRP,4477,TCGA-J7-8537-01A,TCGA-J7-8537-01A,1.0,0.0,0.0,0.0,0.0
14,78892807,+,16,86777657,-,KIRP,4478,TCGA-J7-8537-01A,TCGA-J7-8537-01A,1.0,0.0,0.0,0.0,0.0
16,49985248,+,22,17094656,-,KIRP,4479,TCGA-J7-8537-01A,TCGA-J7-8537-01A,1.0,0.0,0.0,0.0,0.0
17,7229665,+,23,49039948,-,KIRP,4480,TCGA-J7-8537-01A,TCGA-J7-8537-01A,1.0,0.0,0.0,0.0,0.0
17,7229668,-,23,49039943,+,KIRP,4481,TCGA-J7-8537-01A,TCGA-J7-8537-01A,1.0,0.0,0.0,0.0,0.0
18,15558492,+,18,15704731,-,KIRP,4482,TCGA-J7-8537-01A,TCGA-J7-8537-01A,1.0,0.0,0.0,0.0,0.0
18,32372870,-,18,60677048,-,KIRP,4483,TCGA-J7-8537-01A,TCGA-J7-8537-01A,1.0,0.0,0.0,0.0,0.0
18,32373248,+,18,60808776,+,KIRP,4484,TCGA-J7-8537-01A,TCGA-J7-8537-01A,1.0,0.0,0.0,0.0,0.0
2,27418132,-,2,27740202,+,KIRP,4485,TCGA-J7-8537-01A,TCGA-J7-8537-01A,1.0,0.0,0.0,0.0,0.0
2,38243809,+,23,15547537,-,KIRP,4486,TCGA-J7-8537-01A,TCGA-J7-8537-01A,1.0,0.0,0.0,0.0,0.0
2,85783247,-,2,86040270,+,KIRP,4487,TCGA-J7-8537-01A,TCGA-J7-8537-01A,1.0,0.0,0.0,0.0,0.0
2,141159250,-,2,141173693,+,KIRP,4488,TCGA-J7-8537-01A,TCGA-J7-8537-01A,1.0,0.0,0.0,0.0,0.0
22,41491365,-,22,41565415,+,KIRP,4489,TCGA-J7-8537-01A,TCGA-J7-8537-01A,1.0,0.0,0.0,0.0,0.0
3,26472209,-,3,26512940,+,KIRP,4490,TCGA-J7-8537-01A,TCGA-J7-8537-01A,1.0,0.0,0.0,0.0,0.0
3,26483447,+,3,26509684,+,KIRP,4491,TCGA-J7-8537-01A,TCGA-J7-8537-01A,1.0,0.0,0.0,0.0,0.0
3,26484066,-,3,26510898,-,KIRP,4492,TCGA-J7-8537-01A,TCGA-J7-8537-01A,1.0,0.0,0.0,0.0,0.0
3,87239338,-,3,87406035,+,KIRP,4493,TCGA-J7-8537-01A,TCGA-J7-8537-01A,1.0,0.0,0.0,0.0,0.0
3,89981462,-,6,62766852,+,KIRP,4494,TCGA-J7-8537-01A,TCGA-J7-8537-01A,1.0,0.0,0.0,0.0,0.0
4,1113522,+,10,46808580,+,KIRP,4495,TCGA-J7-8537-01A,TCGA-J7-8537-01A,1.0,0.0,0.0,0.0,0.0
4,8796585,+,4,56468550,-,KIRP,4496,TCGA-J7-8537-01A,TCGA-J7-8537-01A,1.0,0.0,0.0,0.0,0.0
5,113441409,-,5,113506567,+,KIRP,4497,TCGA-J7-8537-01A,TCGA-J7-8537-01A,1.0,0.0,0.0,0.0,0.0
5,170120940,-,10,98244172,-,KIRP,4498,TCGA-J7-8537-01A,TCGA-J7-8537-01A,1.0,0.0,0.0,0.0,0.0
5,170287333,+,10,98459577,+,KIRP,4499,TCGA-J7-8537-01A,TCGA-J7-8537-01A,1.0,0.0,0.0,0.0,0.0
6,61922541,-,6,64703772,+,KIRP,4500,TCGA-J7-8537-01A,TCGA-J7-8537-01A,1.0,0.0,0.0,0.0,0.0
6,120615417,-,6,120631461,+,KIRP,4501,TCGA-J7-8537-01A,TCGA-J7-8537-01A,1.0,0.0,0.0,0.0,0.0
8,665343,-,8,671403,+,KIRP,4502,TCGA-J7-8537-01A,TCGA-J7-8537-01A,1.0,0.0,0.0,0.0,0.0
8,665343,-,8,671808,+,KIRP,4503,TCGA-J7-8537-01A,TCGA-J7-8537-01A,1.0,0.0,0.0,0.0,0.0
8,670347,+,8,671009,+,KIRP,4504,TCGA-J7-8537-01A,TCGA-J7-8537-01A,1.0,0.0,0.0,0.0,0.0
8,3032559,+,8,30683524,-,KIRP,4505,TCGA-J7-8537-01A,TCGA-J7-8537-01A,1.0,0.0,0.0,0.0,0.0
8,29077540,+,8,29086015,-,KIRP,4506,TCGA-J7-8537-01A,TCGA-J7-8537-01A,1.0,0.0,0.0,0.0,0.0
8,40901942,-,8,40999199,+,KIRP,4507,TCGA-J7-8537-01A,TCGA-J7-8537-01A,1.0,0.0,0.0,0.0,0.0
8,105050637,-,8,105093838,+,KIRP,4508,TCGA-J7-8537-01A,TCGA-J7-8537-01A,1.0,0.0,0.0,0.0,0.0
8,118752220,-,8,118957666,+,KIRP,4509,TCGA-J7-8537-01A,TCGA-J7-8537-01A,1.0,0.0,0.0,0.0,0.0
8,141024054,-,8,141028511,+,KIRP,4510,TCGA-J7-8537-01A,TCGA-J7-8537-01A,1.0,0.0,0.0,0.0,0.0
23,117080234,-,23,117147225,+,KIRP,4511,TCGA-J7-8537-01A,TCGA-J7-8537-01A,1.0,0.0,0.0,0.0,0.0
23,125383416,-,23,126931306,+,KIRP,4512,TCGA-J7-8537-01A,TCGA-J7-8537-01A,1.0,0.0,0.0,0.0,0.0
12,35866755,+,12,36507371,-,KIRP,4513,TCGA-J7-A8I2-01A,TCGA-J7-A8I2-01A,1.0,0.0,0.0,0.0,0.0
13,16603296,-,13,17147038,+,KIRP,4514,TCGA-J7-A8I2-01A,TCGA-J7-A8I2-01A,1.0,0.0,0.0,0.0,0.0
13,33561593,+,13,33584505,-,KIRP,4515,TCGA-J7-A8I2-01A,TCGA-J7-A8I2-01A,1.0,0.0,0.0,0.0,0.0
13,33570836,+,13,33584497,-,KIRP,4516,TCGA-J7-A8I2-01A,TCGA-J7-A8I2-01A,1.0,0.0,0.0,0.0,0.0
14,45757814,+,14,46275993,-,KIRP,4517,TCGA-J7-A8I2-01A,TCGA-J7-A8I2-01A,1.0,0.0,0.0,0.0,0.0
14,83158427,+,14,83342637,-,KIRP,4518,TCGA-J7-A8I2-01A,TCGA-J7-A8I2-01A,1.0,0.0,0.0,0.0,0.0
15,42554777,+,15,42555392,-,KIRP,4519,TCGA-J7-A8I2-01A,TCGA-J7-A8I2-01A,1.0,0.0,0.0,0.0,0.0
16,33762998,-,24,26419575,-,KIRP,4520,TCGA-J7-A8I2-01A,TCGA-J7-A8I2-01A,1.0,0.0,0.0,0.0,0.0
2,173948849,+,2,174039346,-,KIRP,4521,TCGA-J7-A8I2-01A,TCGA-J7-A8I2-01A,1.0,0.0,0.0,0.0,0.0
2,178494691,+,2,178998679,-,KIRP,4522,TCGA-J7-A8I2-01A,TCGA-J7-A8I2-01A,1.0,0.0,0.0,0.0,0.0
4,67788511,-,7,105455606,+,KIRP,4523,TCGA-J7-A8I2-01A,TCGA-J7-A8I2-01A,1.0,0.0,0.0,0.0,0.0
4,91480848,-,4,92509779,+,KIRP,4524,TCGA-J7-A8I2-01A,TCGA-J7-A8I2-01A,1.0,0.0,0.0,0.0,0.0
7,152241339,-,13,18329476,-,KIRP,4525,TCGA-J7-A8I2-01A,TCGA-J7-A8I2-01A,1.0,0.0,0.0,0.0,0.0
8,121970029,-,11,34877998,+,KIRP,4526,TCGA-J7-A8I2-01A,TCGA-J7-A8I2-01A,1.0,0.0,0.0,0.0,0.0
9,16891001,+,9,16891626,-,KIRP,4527,TCGA-J7-A8I2-01A,TCGA-J7-A8I2-01A,1.0,0.0,0.0,0.0,0.0
9,21021609,+,9,26409527,-,KIRP,4528,TCGA-J7-A8I2-01A,TCGA-J7-A8I2-01A,1.0,0.0,0.0,0.0,0.0
9,21846192,+,9,22298308,-,KIRP,4529,TCGA-J7-A8I2-01A,TCGA-J7-A8I2-01A,1.0,0.0,0.0,0.0,0.0
9,26418197,+,9,26462595,-,KIRP,4530,TCGA-J7-A8I2-01A,TCGA-J7-A8I2-01A,1.0,0.0,0.0,0.0,0.0
23,123977157,+,23,125794118,-,KIRP,4531,TCGA-J7-A8I2-01A,TCGA-J7-A8I2-01A,1.0,0.0,0.0,0.0,0.0
1,3113504,-,10,28622420,-,KIRP,4532,TCGA-KV-A6GD-01A,TCGA-KV-A6GD-01A,1.0,0.0,0.0,0.0,0.0
10,39158657,+,10,39230012,-,KIRP,4533,TCGA-KV-A6GD-01A,TCGA-KV-A6GD-01A,1.0,0.0,0.0,0.0,0.0
11,47642133,-,14,68794713,-,KIRP,4534,TCGA-KV-A6GD-01A,TCGA-KV-A6GD-01A,1.0,0.0,0.0,0.0,0.0
12,56086691,+,12,56087346,-,KIRP,4535,TCGA-KV-A6GD-01A,TCGA-KV-A6GD-01A,1.0,0.0,0.0,0.0,0.0
13,68228765,+,17,29994160,-,KIRP,4536,TCGA-KV-A6GD-01A,TCGA-KV-A6GD-01A,1.0,0.0,0.0,0.0,0.0
18,15473157,+,18,15548341,-,KIRP,4537,TCGA-KV-A6GD-01A,TCGA-KV-A6GD-01A,1.0,0.0,0.0,0.0,0.0
2,65176373,+,12,124428045,-,KIRP,4538,TCGA-KV-A6GD-01A,TCGA-KV-A6GD-01A,1.0,0.0,0.0,0.0,0.0
21,12986333,-,22,16056932,+,KIRP,4539,TCGA-KV-A6GD-01A,TCGA-KV-A6GD-01A,1.0,0.0,0.0,0.0,0.0
3,89020526,+,17,71455899,-,KIRP,4540,TCGA-KV-A6GD-01A,TCGA-KV-A6GD-01A,1.0,0.0,0.0,0.0,0.0
3,91438849,+,6,57584088,+,KIRP,4541,TCGA-KV-A6GD-01A,TCGA-KV-A6GD-01A,1.0,0.0,0.0,0.0,0.0
3,93324661,-,3,93394234,+,KIRP,4542,TCGA-KV-A6GD-01A,TCGA-KV-A6GD-01A,1.0,0.0,0.0,0.0,0.0
8,79805346,+,23,108048015,+,KIRP,4543,TCGA-KV-A6GD-01A,TCGA-KV-A6GD-01A,1.0,0.0,0.0,0.0,0.0
1,85996496,+,17,82725953,-,KIRP,4544,TCGA-KV-A6GE-01A,TCGA-KV-A6GE-01A,1.0,0.0,0.0,0.0,0.0
1,201901530,-,2,56807628,-,KIRP,4545,TCGA-KV-A6GE-01A,TCGA-KV-A6GE-01A,1.0,0.0,0.0,0.0,0.0
1,231615321,-,12,37461321,+,KIRP,4546,TCGA-KV-A6GE-01A,TCGA-KV-A6GE-01A,1.0,0.0,0.0,0.0,0.0
11,76434390,+,11,76435065,-,KIRP,4547,TCGA-KV-A6GE-01A,TCGA-KV-A6GE-01A,1.0,0.0,0.0,0.0,0.0
12,114776487,+,12,114777097,-,KIRP,4548,TCGA-KV-A6GE-01A,TCGA-KV-A6GE-01A,1.0,0.0,0.0,0.0,0.0
12,122372456,-,20,51397034,-,KIRP,4549,TCGA-KV-A6GE-01A,TCGA-KV-A6GE-01A,1.0,0.0,0.0,0.0,0.0
18,68280244,+,23,80193783,+,KIRP,4550,TCGA-KV-A6GE-01A,TCGA-KV-A6GE-01A,1.0,0.0,0.0,0.0,0.0
2,60783489,+,2,60784224,-,KIRP,4551,TCGA-KV-A6GE-01A,TCGA-KV-A6GE-01A,1.0,0.0,0.0,0.0,0.0
20,29290648,-,24,10206339,-,KIRP,4552,TCGA-KV-A6GE-01A,TCGA-KV-A6GE-01A,1.0,0.0,0.0,0.0,0.0
4,185691305,+,4,185691834,-,KIRP,4553,TCGA-KV-A6GE-01A,TCGA-KV-A6GE-01A,1.0,0.0,0.0,0.0,0.0
5,46663351,-,5,46770972,+,KIRP,4554,TCGA-KV-A6GE-01A,TCGA-KV-A6GE-01A,1.0,0.0,0.0,0.0,0.0
7,102171709,+,7,102172451,-,KIRP,4555,TCGA-KV-A6GE-01A,TCGA-KV-A6GE-01A,1.0,0.0,0.0,0.0,0.0
7,102280286,+,7,102280957,-,KIRP,4556,TCGA-KV-A6GE-01A,TCGA-KV-A6GE-01A,1.0,0.0,0.0,0.0,0.0
7,128290975,+,16,76831732,-,KIRP,4557,TCGA-KV-A6GE-01A,TCGA-KV-A6GE-01A,1.0,0.0,0.0,0.0,0.0
8,7610808,+,8,7616904,-,KIRP,4558,TCGA-KV-A6GE-01A,TCGA-KV-A6GE-01A,1.0,0.0,0.0,0.0,0.0
9,93661623,+,9,93662400,-,KIRP,4559,TCGA-KV-A6GE-01A,TCGA-KV-A6GE-01A,1.0,0.0,0.0,0.0,0.0
1,123170653,+,1,123432855,-,KIRP,4560,TCGA-KV-A74V-01A,TCGA-KV-A74V-01A,1.0,0.0,0.0,0.0,0.0
1,124293020,-,1,124293663,+,KIRP,4561,TCGA-KV-A74V-01A,TCGA-KV-A74V-01A,1.0,0.0,0.0,0.0,0.0
1,168217251,+,13,32717919,+,KIRP,4562,TCGA-KV-A74V-01A,TCGA-KV-A74V-01A,1.0,0.0,0.0,0.0,0.0
1,199161071,+,19,54300011,+,KIRP,4563,TCGA-KV-A74V-01A,TCGA-KV-A74V-01A,1.0,0.0,0.0,0.0,0.0
11,54351932,+,11,54360076,-,KIRP,4564,TCGA-KV-A74V-01A,TCGA-KV-A74V-01A,1.0,0.0,0.0,0.0,0.0
12,6530353,-,12,6531112,+,KIRP,4565,TCGA-KV-A74V-01A,TCGA-KV-A74V-01A,1.0,0.0,0.0,0.0,0.0
12,6530437,-,12,6537686,-,KIRP,4566,TCGA-KV-A74V-01A,TCGA-KV-A74V-01A,1.0,0.0,0.0,0.0,0.0
12,6531043,+,12,6537800,+,KIRP,4567,TCGA-KV-A74V-01A,TCGA-KV-A74V-01A,1.0,0.0,0.0,0.0,0.0
12,36277655,+,12,36965826,-,KIRP,4568,TCGA-KV-A74V-01A,TCGA-KV-A74V-01A,1.0,0.0,0.0,0.0,0.0
13,16298466,-,13,16628011,+,KIRP,4569,TCGA-KV-A74V-01A,TCGA-KV-A74V-01A,1.0,0.0,0.0,0.0,0.0
13,16855507,+,13,17328126,-,KIRP,4570,TCGA-KV-A74V-01A,TCGA-KV-A74V-01A,1.0,0.0,0.0,0.0,0.0
15,99783750,+,15,101789554,+,KIRP,4571,TCGA-KV-A74V-01A,TCGA-KV-A74V-01A,1.0,0.0,0.0,0.0,0.0
17,23058428,-,17,23170247,+,KIRP,4572,TCGA-KV-A74V-01A,TCGA-KV-A74V-01A,1.0,0.0,0.0,0.0,0.0
17,23130907,-,17,26628393,+,KIRP,4573,TCGA-KV-A74V-01A,TCGA-KV-A74V-01A,1.0,0.0,0.0,0.0,0.0
18,15580277,+,18,15685680,-,KIRP,4574,TCGA-KV-A74V-01A,TCGA-KV-A74V-01A,1.0,0.0,0.0,0.0,0.0
18,15691996,+,18,20640376,-,KIRP,4575,TCGA-KV-A74V-01A,TCGA-KV-A74V-01A,1.0,0.0,0.0,0.0,0.0
2,55254887,+,2,55263601,-,KIRP,4576,TCGA-KV-A74V-01A,TCGA-KV-A74V-01A,1.0,0.0,0.0,0.0,0.0
2,93469181,-,2,93647619,+,KIRP,4577,TCGA-KV-A74V-01A,TCGA-KV-A74V-01A,1.0,0.0,0.0,0.0,0.0
2,121557426,-,5,69222013,+,KIRP,4578,TCGA-KV-A74V-01A,TCGA-KV-A74V-01A,1.0,0.0,0.0,0.0,0.0
20,29242568,+,20,30469666,-,KIRP,4579,TCGA-KV-A74V-01A,TCGA-KV-A74V-01A,1.0,0.0,0.0,0.0,0.0
3,89020315,+,10,57765128,+,KIRP,4580,TCGA-KV-A74V-01A,TCGA-KV-A74V-01A,1.0,0.0,0.0,0.0,0.0
3,90819767,-,3,91005915,+,KIRP,4581,TCGA-KV-A74V-01A,TCGA-KV-A74V-01A,1.0,0.0,0.0,0.0,0.0
3,91438761,+,6,57584001,+,KIRP,4582,TCGA-KV-A74V-01A,TCGA-KV-A74V-01A,1.0,0.0,0.0,0.0,0.0
3,91734231,-,3,91734853,+,KIRP,4583,TCGA-KV-A74V-01A,TCGA-KV-A74V-01A,1.0,0.0,0.0,0.0,0.0
3,188731478,+,4,15887783,-,KIRP,4584,TCGA-KV-A74V-01A,TCGA-KV-A74V-01A,1.0,0.0,0.0,0.0,0.0
5,46556835,-,19,24330412,-,KIRP,4585,TCGA-KV-A74V-01A,TCGA-KV-A74V-01A,1.0,0.0,0.0,0.0,0.0
5,49668562,+,5,49677248,-,KIRP,4586,TCGA-KV-A74V-01A,TCGA-KV-A74V-01A,1.0,0.0,0.0,0.0,0.0
5,49677389,-,5,49691755,+,KIRP,4587,TCGA-KV-A74V-01A,TCGA-KV-A74V-01A,1.0,0.0,0.0,0.0,0.0
7,12784489,+,7,12789365,-,KIRP,4588,TCGA-KV-A74V-01A,TCGA-KV-A74V-01A,1.0,0.0,0.0,0.0,0.0
8,71472789,-,12,27733033,+,KIRP,4589,TCGA-KV-A74V-01A,TCGA-KV-A74V-01A,1.0,0.0,0.0,0.0,0.0
9,43182281,+,22,16059872,+,KIRP,4590,TCGA-KV-A74V-01A,TCGA-KV-A74V-01A,1.0,0.0,0.0,0.0,0.0
9,43383146,+,9,45151963,-,KIRP,4591,TCGA-KV-A74V-01A,TCGA-KV-A74V-01A,1.0,0.0,0.0,0.0,0.0
9,43399660,-,9,43400266,+,KIRP,4592,TCGA-KV-A74V-01A,TCGA-KV-A74V-01A,1.0,0.0,0.0,0.0,0.0
9,65079205,+,18,15598665,-,KIRP,4593,TCGA-KV-A74V-01A,TCGA-KV-A74V-01A,1.0,0.0,0.0,0.0,0.0
1,7602380,+,2,85486856,+,KIRP,4594,TCGA-MH-A55W-01A,TCGA-MH-A55W-01A,1.0,0.0,0.0,0.0,0.0
1,45955388,+,3,176966213,+,KIRP,4595,TCGA-MH-A55W-01A,TCGA-MH-A55W-01A,1.0,0.0,0.0,0.0,0.0
11,54374384,+,11,54390451,-,KIRP,4596,TCGA-MH-A55W-01A,TCGA-MH-A55W-01A,1.0,0.0,0.0,0.0,0.0
12,20555579,-,12,20555658,+,KIRP,4597,TCGA-MH-A55W-01A,TCGA-MH-A55W-01A,1.0,0.0,0.0,0.0,0.0
13,19481191,+,21,10554009,+,KIRP,4598,TCGA-MH-A55W-01A,TCGA-MH-A55W-01A,1.0,0.0,0.0,0.0,0.0
13,28684132,+,13,28684762,-,KIRP,4599,TCGA-MH-A55W-01A,TCGA-MH-A55W-01A,1.0,0.0,0.0,0.0,0.0
13,86497918,-,13,86498588,-,KIRP,4600,TCGA-MH-A55W-01A,TCGA-MH-A55W-01A,1.0,0.0,0.0,0.0,0.0
14,34350664,-,16,6636775,-,KIRP,4601,TCGA-MH-A55W-01A,TCGA-MH-A55W-01A,1.0,0.0,0.0,0.0,0.0
14,55683281,-,14,55683486,+,KIRP,4602,TCGA-MH-A55W-01A,TCGA-MH-A55W-01A,1.0,0.0,0.0,0.0,0.0
16,29114723,-,16,87982653,+,KIRP,4603,TCGA-MH-A55W-01A,TCGA-MH-A55W-01A,1.0,0.0,0.0,0.0,0.0
16,36322502,+,16,36325818,-,KIRP,4604,TCGA-MH-A55W-01A,TCGA-MH-A55W-01A,1.0,0.0,0.0,0.0,0.0
18,15603553,-,18,15739869,+,KIRP,4605,TCGA-MH-A55W-01A,TCGA-MH-A55W-01A,1.0,0.0,0.0,0.0,0.0
18,20738096,+,18,20802896,-,KIRP,4606,TCGA-MH-A55W-01A,TCGA-MH-A55W-01A,1.0,0.0,0.0,0.0,0.0
2,2132593,-,4,53393764,-,KIRP,4607,TCGA-MH-A55W-01A,TCGA-MH-A55W-01A,1.0,0.0,0.0,0.0,0.0
2,3739411,+,2,3739984,-,KIRP,4608,TCGA-MH-A55W-01A,TCGA-MH-A55W-01A,1.0,0.0,0.0,0.0,0.0
2,67552477,-,12,10623062,-,KIRP,4609,TCGA-MH-A55W-01A,TCGA-MH-A55W-01A,1.0,0.0,0.0,0.0,0.0
2,88702446,-,14,49561746,-,KIRP,4610,TCGA-MH-A55W-01A,TCGA-MH-A55W-01A,1.0,0.0,0.0,0.0,0.0
2,94556251,-,9,43192122,-,KIRP,4611,TCGA-MH-A55W-01A,TCGA-MH-A55W-01A,1.0,0.0,0.0,0.0,0.0
2,137089380,+,18,2276997,-,KIRP,4612,TCGA-MH-A55W-01A,TCGA-MH-A55W-01A,1.0,0.0,0.0,0.0,0.0
2,155331780,-,21,38692550,-,KIRP,4613,TCGA-MH-A55W-01A,TCGA-MH-A55W-01A,1.0,0.0,0.0,0.0,0.0
2,211709250,+,12,88373292,-,KIRP,4614,TCGA-MH-A55W-01A,TCGA-MH-A55W-01A,1.0,0.0,0.0,0.0,0.0
20,29592328,+,20,30264258,+,KIRP,4615,TCGA-MH-A55W-01A,TCGA-MH-A55W-01A,1.0,0.0,0.0,0.0,0.0
3,90564183,+,3,90569585,-,KIRP,4616,TCGA-MH-A55W-01A,TCGA-MH-A55W-01A,1.0,0.0,0.0,0.0,0.0
3,171918253,-,6,163054559,+,KIRP,4617,TCGA-MH-A55W-01A,TCGA-MH-A55W-01A,1.0,0.0,0.0,0.0,0.0
5,6531572,+,11,115523130,+,KIRP,4618,TCGA-MH-A55W-01A,TCGA-MH-A55W-01A,1.0,0.0,0.0,0.0,0.0
5,125420067,+,11,29790100,+,KIRP,4619,TCGA-MH-A55W-01A,TCGA-MH-A55W-01A,1.0,0.0,0.0,0.0,0.0
6,101034736,+,6,101188997,-,KIRP,4620,TCGA-MH-A55W-01A,TCGA-MH-A55W-01A,1.0,0.0,0.0,0.0,0.0
6,151046476,-,9,43140860,+,KIRP,4621,TCGA-MH-A55W-01A,TCGA-MH-A55W-01A,1.0,0.0,0.0,0.0,0.0
6,158211173,+,6,163154285,+,KIRP,4622,TCGA-MH-A55W-01A,TCGA-MH-A55W-01A,1.0,0.0,0.0,0.0,0.0
6,158220524,-,6,163096207,-,KIRP,4623,TCGA-MH-A55W-01A,TCGA-MH-A55W-01A,1.0,0.0,0.0,0.0,0.0
6,158246418,+,6,158260083,-,KIRP,4624,TCGA-MH-A55W-01A,TCGA-MH-A55W-01A,1.0,0.0,0.0,0.0,0.0
7,61822349,+,7,62234873,-,KIRP,4625,TCGA-MH-A55W-01A,TCGA-MH-A55W-01A,1.0,0.0,0.0,0.0,0.0
8,41930664,-,11,28954830,-,KIRP,4626,TCGA-MH-A55W-01A,TCGA-MH-A55W-01A,1.0,0.0,0.0,0.0,0.0
9,94300548,+,9,94301277,-,KIRP,4627,TCGA-MH-A55W-01A,TCGA-MH-A55W-01A,1.0,0.0,0.0,0.0,0.0
1,152674650,-,1,152685684,+,KIRP,4628,TCGA-MH-A55Z-01A,TCGA-MH-A55Z-01A,1.0,0.0,0.0,0.0,0.0
1,164773244,-,2,33103587,-,KIRP,4629,TCGA-MH-A55Z-01A,TCGA-MH-A55Z-01A,1.0,0.0,0.0,0.0,0.0
1,235991296,-,7,148936161,-,KIRP,4630,TCGA-MH-A55Z-01A,TCGA-MH-A55Z-01A,1.0,0.0,0.0,0.0,0.0
10,13915001,+,10,13915630,-,KIRP,4631,TCGA-MH-A55Z-01A,TCGA-MH-A55Z-01A,1.0,0.0,0.0,0.0,0.0
11,111163386,+,11,111163906,-,KIRP,4632,TCGA-MH-A55Z-01A,TCGA-MH-A55Z-01A,1.0,0.0,0.0,0.0,0.0
12,1302938,+,12,1303598,-,KIRP,4633,TCGA-MH-A55Z-01A,TCGA-MH-A55Z-01A,1.0,0.0,0.0,0.0,0.0
14,102092324,+,14,102092966,-,KIRP,4634,TCGA-MH-A55Z-01A,TCGA-MH-A55Z-01A,1.0,0.0,0.0,0.0,0.0
15,51232820,-,15,51233388,+,KIRP,4635,TCGA-MH-A55Z-01A,TCGA-MH-A55Z-01A,1.0,0.0,0.0,0.0,0.0
16,25291918,-,23,117364397,-,KIRP,4636,TCGA-MH-A55Z-01A,TCGA-MH-A55Z-01A,1.0,0.0,0.0,0.0,0.0
17,10987207,+,17,10992414,-,KIRP,4637,TCGA-MH-A55Z-01A,TCGA-MH-A55Z-01A,1.0,0.0,0.0,0.0,0.0
18,15537706,-,18,15596962,+,KIRP,4638,TCGA-MH-A55Z-01A,TCGA-MH-A55Z-01A,1.0,0.0,0.0,0.0,0.0
18,15593405,+,18,15757542,-,KIRP,4639,TCGA-MH-A55Z-01A,TCGA-MH-A55Z-01A,1.0,0.0,0.0,0.0,0.0
19,32997127,+,19,32997691,-,KIRP,4640,TCGA-MH-A55Z-01A,TCGA-MH-A55Z-01A,1.0,0.0,0.0,0.0,0.0
2,227202778,-,5,11662112,+,KIRP,4641,TCGA-MH-A55Z-01A,TCGA-MH-A55Z-01A,1.0,0.0,0.0,0.0,0.0
3,38374473,+,3,38375075,-,KIRP,4642,TCGA-MH-A55Z-01A,TCGA-MH-A55Z-01A,1.0,0.0,0.0,0.0,0.0
3,57505182,+,3,57506008,-,KIRP,4643,TCGA-MH-A55Z-01A,TCGA-MH-A55Z-01A,1.0,0.0,0.0,0.0,0.0
3,91157025,-,3,91281783,-,KIRP,4644,TCGA-MH-A55Z-01A,TCGA-MH-A55Z-01A,1.0,0.0,0.0,0.0,0.0
5,49723772,+,5,49957866,-,KIRP,4645,TCGA-MH-A55Z-01A,TCGA-MH-A55Z-01A,1.0,0.0,0.0,0.0,0.0
6,41676899,-,12,2682707,-,KIRP,4646,TCGA-MH-A55Z-01A,TCGA-MH-A55Z-01A,1.0,0.0,0.0,0.0,0.0
7,2120799,+,7,2121440,-,KIRP,4647,TCGA-MH-A55Z-01A,TCGA-MH-A55Z-01A,1.0,0.0,0.0,0.0,0.0
7,48481651,+,11,92183752,+,KIRP,4648,TCGA-MH-A55Z-01A,TCGA-MH-A55Z-01A,1.0,0.0,0.0,0.0,0.0
7,75552411,+,7,75552966,-,KIRP,4649,TCGA-MH-A55Z-01A,TCGA-MH-A55Z-01A,1.0,0.0,0.0,0.0,0.0
8,56043462,+,8,56044278,-,KIRP,4650,TCGA-MH-A55Z-01A,TCGA-MH-A55Z-01A,1.0,0.0,0.0,0.0,0.0
8,89830598,+,8,89831239,-,KIRP,4651,TCGA-MH-A55Z-01A,TCGA-MH-A55Z-01A,1.0,0.0,0.0,0.0,0.0
9,131109287,+,9,131109938,-,KIRP,4652,TCGA-MH-A55Z-01A,TCGA-MH-A55Z-01A,1.0,0.0,0.0,0.0,0.0
23,52078354,-,23,52169432,-,KIRP,4653,TCGA-MH-A55Z-01A,TCGA-MH-A55Z-01A,1.0,0.0,0.0,0.0,0.0
10,58168166,-,19,10526048,-,KIRP,4654,TCGA-MH-A561-01A,TCGA-MH-A561-01A,1.0,0.0,0.0,0.0,0.0
13,17454321,-,13,17456352,+,KIRP,4655,TCGA-MH-A561-01A,TCGA-MH-A561-01A,1.0,0.0,0.0,0.0,0.0
13,17711350,+,13,17908522,-,KIRP,4656,TCGA-MH-A561-01A,TCGA-MH-A561-01A,1.0,0.0,0.0,0.0,0.0
18,15636734,+,18,15745322,-,KIRP,4657,TCGA-MH-A561-01A,TCGA-MH-A561-01A,1.0,0.0,0.0,0.0,0.0
2,166480576,-,2,166480920,+,KIRP,4658,TCGA-MH-A561-01A,TCGA-MH-A561-01A,1.0,0.0,0.0,0.0,0.0
2,216987848,-,2,216990432,+,KIRP,4659,TCGA-MH-A561-01A,TCGA-MH-A561-01A,1.0,0.0,0.0,0.0,0.0
3,91192603,-,3,91257346,-,KIRP,4660,TCGA-MH-A561-01A,TCGA-MH-A561-01A,1.0,0.0,0.0,0.0,0.0
8,4920842,-,19,13413884,+,KIRP,4661,TCGA-MH-A561-01A,TCGA-MH-A561-01A,1.0,0.0,0.0,0.0,0.0
8,43392561,+,8,43413743,-,KIRP,4662,TCGA-MH-A561-01A,TCGA-MH-A561-01A,1.0,0.0,0.0,0.0,0.0
8,75122862,+,9,115973608,-,KIRP,4663,TCGA-MH-A561-01A,TCGA-MH-A561-01A,1.0,0.0,0.0,0.0,0.0
9,63888729,-,20,30349762,-,KIRP,4664,TCGA-MH-A561-01A,TCGA-MH-A561-01A,1.0,0.0,0.0,0.0,0.0
1,37045028,+,1,37045370,+,KIRP,4665,TCGA-MH-A855-01A,TCGA-MH-A855-01A,1.0,0.0,0.0,0.0,0.0
1,37045040,-,1,37061004,-,KIRP,4666,TCGA-MH-A855-01A,TCGA-MH-A855-01A,1.0,0.0,0.0,0.0,0.0
1,37045178,+,1,37060810,-,KIRP,4667,TCGA-MH-A855-01A,TCGA-MH-A855-01A,1.0,0.0,0.0,0.0,0.0
1,119922404,-,2,46312773,+,KIRP,4668,TCGA-MH-A855-01A,TCGA-MH-A855-01A,1.0,0.0,0.0,0.0,0.0
1,119922456,-,10,43228433,+,KIRP,4669,TCGA-MH-A855-01A,TCGA-MH-A855-01A,1.0,0.0,0.0,0.0,0.0
1,119922517,+,14,103335632,+,KIRP,4670,TCGA-MH-A855-01A,TCGA-MH-A855-01A,1.0,0.0,0.0,0.0,0.0
1,119922531,-,10,43228200,+,KIRP,4671,TCGA-MH-A855-01A,TCGA-MH-A855-01A,1.0,0.0,0.0,0.0,0.0
1,119922531,-,12,55915130,+,KIRP,4672,TCGA-MH-A855-01A,TCGA-MH-A855-01A,1.0,0.0,0.0,0.0,0.0
1,119922531,-,2,46312529,+,KIRP,4673,TCGA-MH-A855-01A,TCGA-MH-A855-01A,1.0,0.0,0.0,0.0,0.0
1,122137379,-,1,122150326,+,KIRP,4674,TCGA-MH-A855-01A,TCGA-MH-A855-01A,1.0,0.0,0.0,0.0,0.0
10,39148052,-,10,39153856,+,KIRP,4675,TCGA-MH-A855-01A,TCGA-MH-A855-01A,1.0,0.0,0.0,0.0,0.0
10,39899997,-,10,41709095,+,KIRP,4676,TCGA-MH-A855-01A,TCGA-MH-A855-01A,1.0,0.0,0.0,0.0,0.0
11,115501956,-,12,55914737,-,KIRP,4677,TCGA-MH-A855-01A,TCGA-MH-A855-01A,1.0,0.0,0.0,0.0,0.0
13,16019764,-,20,28765123,-,KIRP,4678,TCGA-MH-A855-01A,TCGA-MH-A855-01A,1.0,0.0,0.0,0.0,0.0
15,17506646,+,15,18047097,-,KIRP,4679,TCGA-MH-A855-01A,TCGA-MH-A855-01A,1.0,0.0,0.0,0.0,0.0
17,1252754,+,23,140816854,-,KIRP,4680,TCGA-MH-A855-01A,TCGA-MH-A855-01A,1.0,0.0,0.0,0.0,0.0
2,20049961,-,2,46312542,+,KIRP,4681,TCGA-MH-A855-01A,TCGA-MH-A855-01A,1.0,0.0,0.0,0.0,0.0
2,20050194,-,11,115502179,-,KIRP,4682,TCGA-MH-A855-01A,TCGA-MH-A855-01A,1.0,0.0,0.0,0.0,0.0
2,46312481,+,10,43228132,-,KIRP,4683,TCGA-MH-A855-01A,TCGA-MH-A855-01A,1.0,0.0,0.0,0.0,0.0
2,46312489,+,10,43227902,-,KIRP,4684,TCGA-MH-A855-01A,TCGA-MH-A855-01A,1.0,0.0,0.0,0.0,0.0
2,46312528,+,11,115502263,+,KIRP,4685,TCGA-MH-A855-01A,TCGA-MH-A855-01A,1.0,0.0,0.0,0.0,0.0
2,46312550,-,2,207834338,-,KIRP,4686,TCGA-MH-A855-01A,TCGA-MH-A855-01A,1.0,0.0,0.0,0.0,0.0
2,204202681,+,2,211833573,-,KIRP,4687,TCGA-MH-A855-01A,TCGA-MH-A855-01A,1.0,0.0,0.0,0.0,0.0
2,207716244,-,2,216358934,-,KIRP,4688,TCGA-MH-A855-01A,TCGA-MH-A855-01A,1.0,0.0,0.0,0.0,0.0
2,207716244,-,2,216374299,-,KIRP,4689,TCGA-MH-A855-01A,TCGA-MH-A855-01A,1.0,0.0,0.0,0.0,0.0
2,207767211,+,2,207837971,+,KIRP,4690,TCGA-MH-A855-01A,TCGA-MH-A855-01A,1.0,0.0,0.0,0.0,0.0
2,213838333,+,2,216267494,-,KIRP,4691,TCGA-MH-A855-01A,TCGA-MH-A855-01A,1.0,0.0,0.0,0.0,0.0
2,216278622,+,2,216520061,+,KIRP,4692,TCGA-MH-A855-01A,TCGA-MH-A855-01A,1.0,0.0,0.0,0.0,0.0
2,216358933,-,2,216374554,+,KIRP,4693,TCGA-MH-A855-01A,TCGA-MH-A855-01A,1.0,0.0,0.0,0.0,0.0
20,28754934,+,20,28757851,-,KIRP,4694,TCGA-MH-A855-01A,TCGA-MH-A855-01A,1.0,0.0,0.0,0.0,0.0
3,90520755,+,3,90577013,-,KIRP,4695,TCGA-MH-A855-01A,TCGA-MH-A855-01A,1.0,0.0,0.0,0.0,0.0
3,90676946,+,3,90679151,-,KIRP,4696,TCGA-MH-A855-01A,TCGA-MH-A855-01A,1.0,0.0,0.0,0.0,0.0
3,90885549,-,3,91038689,+,KIRP,4697,TCGA-MH-A855-01A,TCGA-MH-A855-01A,1.0,0.0,0.0,0.0,0.0
3,90949247,+,3,91143850,-,KIRP,4698,TCGA-MH-A855-01A,TCGA-MH-A855-01A,1.0,0.0,0.0,0.0,0.0
3,91068820,+,3,91147822,-,KIRP,4699,TCGA-MH-A855-01A,TCGA-MH-A855-01A,1.0,0.0,0.0,0.0,0.0
3,91192626,-,3,91257344,-,KIRP,4700,TCGA-MH-A855-01A,TCGA-MH-A855-01A,1.0,0.0,0.0,0.0,0.0
3,182048198,-,19,28732922,+,KIRP,4701,TCGA-MH-A855-01A,TCGA-MH-A855-01A,1.0,0.0,0.0,0.0,0.0
4,102181806,-,4,167994643,-,KIRP,4702,TCGA-MH-A855-01A,TCGA-MH-A855-01A,1.0,0.0,0.0,0.0,0.0
6,149947001,+,6,150020788,+,KIRP,4703,TCGA-MH-A855-01A,TCGA-MH-A855-01A,1.0,0.0,0.0,0.0,0.0
7,1170463,+,14,29826467,-,KIRP,4704,TCGA-MH-A855-01A,TCGA-MH-A855-01A,1.0,0.0,0.0,0.0,0.0
1,143622919,+,8,26556328,-,KIRP,4705,TCGA-MH-A856-01A,TCGA-MH-A856-01A,1.0,0.0,0.0,0.0,0.0
11,2549312,+,11,2549994,-,KIRP,4706,TCGA-MH-A856-01A,TCGA-MH-A856-01A,1.0,0.0,0.0,0.0,0.0
11,54358593,-,11,54384064,+,KIRP,4707,TCGA-MH-A856-01A,TCGA-MH-A856-01A,1.0,0.0,0.0,0.0,0.0
13,16507979,-,13,16759074,+,KIRP,4708,TCGA-MH-A856-01A,TCGA-MH-A856-01A,1.0,0.0,0.0,0.0,0.0
13,17489662,-,13,17980750,+,KIRP,4709,TCGA-MH-A856-01A,TCGA-MH-A856-01A,1.0,0.0,0.0,0.0,0.0
13,46927944,+,13,46928586,-,KIRP,4710,TCGA-MH-A856-01A,TCGA-MH-A856-01A,1.0,0.0,0.0,0.0,0.0
14,102095184,+,16,1872065,+,KIRP,4711,TCGA-MH-A856-01A,TCGA-MH-A856-01A,1.0,0.0,0.0,0.0,0.0
2,38353952,+,2,38354618,-,KIRP,4712,TCGA-MH-A856-01A,TCGA-MH-A856-01A,1.0,0.0,0.0,0.0,0.0
2,69656306,-,4,14389812,-,KIRP,4713,TCGA-MH-A856-01A,TCGA-MH-A856-01A,1.0,0.0,0.0,0.0,0.0
2,93062220,-,2,93981935,+,KIRP,4714,TCGA-MH-A856-01A,TCGA-MH-A856-01A,1.0,0.0,0.0,0.0,0.0
2,93233174,-,2,93594901,+,KIRP,4715,TCGA-MH-A856-01A,TCGA-MH-A856-01A,1.0,0.0,0.0,0.0,0.0
2,147760655,+,23,15021837,+,KIRP,4716,TCGA-MH-A856-01A,TCGA-MH-A856-01A,1.0,0.0,0.0,0.0,0.0
2,185012303,-,6,34162805,-,KIRP,4717,TCGA-MH-A856-01A,TCGA-MH-A856-01A,1.0,0.0,0.0,0.0,0.0
2,212331150,+,12,32346875,+,KIRP,4718,TCGA-MH-A856-01A,TCGA-MH-A856-01A,1.0,0.0,0.0,0.0,0.0
4,50482147,-,4,51312736,+,KIRP,4719,TCGA-MH-A856-01A,TCGA-MH-A856-01A,1.0,0.0,0.0,0.0,0.0
5,46690296,+,12,37394880,-,KIRP,4720,TCGA-MH-A856-01A,TCGA-MH-A856-01A,1.0,0.0,0.0,0.0,0.0
6,60655492,+,6,60660373,-,KIRP,4721,TCGA-MH-A856-01A,TCGA-MH-A856-01A,1.0,0.0,0.0,0.0,0.0
7,23604193,-,7,23604320,+,KIRP,4722,TCGA-MH-A856-01A,TCGA-MH-A856-01A,1.0,0.0,0.0,0.0,0.0
7,104420206,+,7,107904014,-,KIRP,4723,TCGA-MH-A856-01A,TCGA-MH-A856-01A,1.0,0.0,0.0,0.0,0.0
7,104420206,+,7,114652098,-,KIRP,4724,TCGA-MH-A856-01A,TCGA-MH-A856-01A,1.0,0.0,0.0,0.0,0.0
7,107904013,-,7,114652256,+,KIRP,4725,TCGA-MH-A856-01A,TCGA-MH-A856-01A,1.0,0.0,0.0,0.0,0.0
1,123517691,+,1,123858355,-,KIRP,4726,TCGA-MH-A857-01A,TCGA-MH-A857-01A,1.0,0.0,0.0,0.0,0.0
1,143346386,+,4,4234762,+,KIRP,4727,TCGA-MH-A857-01A,TCGA-MH-A857-01A,1.0,0.0,0.0,0.0,0.0
10,39410237,-,23,58444309,-,KIRP,4728,TCGA-MH-A857-01A,TCGA-MH-A857-01A,1.0,0.0,0.0,0.0,0.0
10,90312860,+,14,21489867,-,KIRP,4729,TCGA-MH-A857-01A,TCGA-MH-A857-01A,1.0,0.0,0.0,0.0,0.0
11,53923871,+,11,54129655,-,KIRP,4730,TCGA-MH-A857-01A,TCGA-MH-A857-01A,1.0,0.0,0.0,0.0,0.0
12,381251,+,12,381911,-,KIRP,4731,TCGA-MH-A857-01A,TCGA-MH-A857-01A,1.0,0.0,0.0,0.0,0.0
13,17456054,-,13,17822144,+,KIRP,4732,TCGA-MH-A857-01A,TCGA-MH-A857-01A,1.0,0.0,0.0,0.0,0.0
15,17506672,+,15,18047152,-,KIRP,4733,TCGA-MH-A857-01A,TCGA-MH-A857-01A,1.0,0.0,0.0,0.0,0.0
20,29283554,-,24,10207722,-,KIRP,4734,TCGA-MH-A857-01A,TCGA-MH-A857-01A,1.0,0.0,0.0,0.0,0.0
3,25953985,-,3,25954128,+,KIRP,4735,TCGA-MH-A857-01A,TCGA-MH-A857-01A,1.0,0.0,0.0,0.0,0.0
3,90676803,-,3,90679853,+,KIRP,4736,TCGA-MH-A857-01A,TCGA-MH-A857-01A,1.0,0.0,0.0,0.0,0.0
3,90914496,-,3,91153538,+,KIRP,4737,TCGA-MH-A857-01A,TCGA-MH-A857-01A,1.0,0.0,0.0,0.0,0.0
3,93315956,-,3,93339606,+,KIRP,4738,TCGA-MH-A857-01A,TCGA-MH-A857-01A,1.0,0.0,0.0,0.0,0.0
3,173379102,-,18,4348401,-,KIRP,4739,TCGA-MH-A857-01A,TCGA-MH-A857-01A,1.0,0.0,0.0,0.0,0.0
4,49920481,-,4,50807264,+,KIRP,4740,TCGA-MH-A857-01A,TCGA-MH-A857-01A,1.0,0.0,0.0,0.0,0.0
5,125420152,-,23,142056929,-,KIRP,4741,TCGA-MH-A857-01A,TCGA-MH-A857-01A,1.0,0.0,0.0,0.0,0.0
8,11833319,-,8,11833476,+,KIRP,4742,TCGA-MH-A857-01A,TCGA-MH-A857-01A,1.0,0.0,0.0,0.0,0.0
1,32581187,+,5,177185978,+,KIRP,4743,TCGA-O9-A75Z-01A,TCGA-O9-A75Z-01A,1.0,0.0,0.0,0.0,0.0
1,116385928,-,15,50930284,-,KIRP,4744,TCGA-O9-A75Z-01A,TCGA-O9-A75Z-01A,1.0,0.0,0.0,0.0,0.0
10,76757187,-,20,42993245,-,KIRP,4745,TCGA-O9-A75Z-01A,TCGA-O9-A75Z-01A,1.0,0.0,0.0,0.0,0.0
10,93914309,-,17,30623490,-,KIRP,4746,TCGA-O9-A75Z-01A,TCGA-O9-A75Z-01A,1.0,0.0,0.0,0.0,0.0
13,90497216,-,23,43589036,-,KIRP,4747,TCGA-O9-A75Z-01A,TCGA-O9-A75Z-01A,1.0,0.0,0.0,0.0,0.0
14,102094621,-,15,77185743,+,KIRP,4748,TCGA-O9-A75Z-01A,TCGA-O9-A75Z-01A,1.0,0.0,0.0,0.0,0.0
16,36339845,-,16,38120799,+,KIRP,4749,TCGA-O9-A75Z-01A,TCGA-O9-A75Z-01A,1.0,0.0,0.0,0.0,0.0
2,122060491,-,7,30140416,+,KIRP,4750,TCGA-O9-A75Z-01A,TCGA-O9-A75Z-01A,1.0,0.0,0.0,0.0,0.0
5,47242711,+,5,47253341,-,KIRP,4751,TCGA-O9-A75Z-01A,TCGA-O9-A75Z-01A,1.0,0.0,0.0,0.0,0.0
6,82934930,-,9,115095713,+,KIRP,4752,TCGA-O9-A75Z-01A,TCGA-O9-A75Z-01A,1.0,0.0,0.0,0.0,0.0
7,48481667,+,11,92183716,+,KIRP,4753,TCGA-O9-A75Z-01A,TCGA-O9-A75Z-01A,1.0,0.0,0.0,0.0,0.0
9,43085135,+,14,27841294,-,KIRP,4754,TCGA-O9-A75Z-01A,TCGA-O9-A75Z-01A,1.0,0.0,0.0,0.0,0.0
1,124814890,-,1,124819329,+,KIRP,4755,TCGA-PJ-A5Z8-01A,TCGA-PJ-A5Z8-01A,1.0,0.0,0.0,0.0,0.0
11,82045315,+,11,110644666,-,KIRP,4756,TCGA-PJ-A5Z8-01A,TCGA-PJ-A5Z8-01A,1.0,0.0,0.0,0.0,0.0
12,105226385,+,12,105227019,-,KIRP,4757,TCGA-PJ-A5Z8-01A,TCGA-PJ-A5Z8-01A,1.0,0.0,0.0,0.0,0.0
15,40619523,+,15,40620034,-,KIRP,4758,TCGA-PJ-A5Z8-01A,TCGA-PJ-A5Z8-01A,1.0,0.0,0.0,0.0,0.0
19,11210587,+,19,11211396,-,KIRP,4759,TCGA-PJ-A5Z8-01A,TCGA-PJ-A5Z8-01A,1.0,0.0,0.0,0.0,0.0
3,16796882,+,6,152241530,+,KIRP,4760,TCGA-PJ-A5Z8-01A,TCGA-PJ-A5Z8-01A,1.0,0.0,0.0,0.0,0.0
3,78262841,+,4,101106731,+,KIRP,4761,TCGA-PJ-A5Z8-01A,TCGA-PJ-A5Z8-01A,1.0,0.0,0.0,0.0,0.0
4,1025734,+,4,1026288,-,KIRP,4762,TCGA-PJ-A5Z8-01A,TCGA-PJ-A5Z8-01A,1.0,0.0,0.0,0.0,0.0
4,4114944,-,17,33519007,+,KIRP,4763,TCGA-PJ-A5Z8-01A,TCGA-PJ-A5Z8-01A,1.0,0.0,0.0,0.0,0.0
7,152128856,+,7,152129400,-,KIRP,4764,TCGA-PJ-A5Z8-01A,TCGA-PJ-A5Z8-01A,1.0,0.0,0.0,0.0,0.0
1,122033580,-,1,122069331,+,KIRP,4765,TCGA-PJ-A5Z9-01A,TCGA-PJ-A5Z9-01A,1.0,0.0,0.0,0.0,0.0
11,96069654,+,11,96070252,-,KIRP,4766,TCGA-PJ-A5Z9-01A,TCGA-PJ-A5Z9-01A,1.0,0.0,0.0,0.0,0.0
12,87975344,+,12,87986244,+,KIRP,4767,TCGA-PJ-A5Z9-01A,TCGA-PJ-A5Z9-01A,1.0,0.0,0.0,0.0,0.0
12,87984489,-,12,88014237,-,KIRP,4768,TCGA-PJ-A5Z9-01A,TCGA-PJ-A5Z9-01A,1.0,0.0,0.0,0.0,0.0
12,87986295,-,12,88175176,-,KIRP,4769,TCGA-PJ-A5Z9-01A,TCGA-PJ-A5Z9-01A,1.0,0.0,0.0,0.0,0.0
12,88014216,+,12,88015250,+,KIRP,4770,TCGA-PJ-A5Z9-01A,TCGA-PJ-A5Z9-01A,1.0,0.0,0.0,0.0,0.0
13,46161553,+,13,46162263,-,KIRP,4771,TCGA-PJ-A5Z9-01A,TCGA-PJ-A5Z9-01A,1.0,0.0,0.0,0.0,0.0
14,102094588,-,15,77185778,+,KIRP,4772,TCGA-PJ-A5Z9-01A,TCGA-PJ-A5Z9-01A,1.0,0.0,0.0,0.0,0.0
16,23792724,+,16,23793314,-,KIRP,4773,TCGA-PJ-A5Z9-01A,TCGA-PJ-A5Z9-01A,1.0,0.0,0.0,0.0,0.0
19,43543378,+,20,57906084,+,KIRP,4774,TCGA-PJ-A5Z9-01A,TCGA-PJ-A5Z9-01A,1.0,0.0,0.0,0.0,0.0
5,165780793,-,23,1212977,-,KIRP,4775,TCGA-PJ-A5Z9-01A,TCGA-PJ-A5Z9-01A,1.0,0.0,0.0,0.0,0.0
6,29887813,-,6,29942915,+,KIRP,4776,TCGA-PJ-A5Z9-01A,TCGA-PJ-A5Z9-01A,1.0,0.0,0.0,0.0,0.0
9,96401136,+,9,96401709,-,KIRP,4777,TCGA-PJ-A5Z9-01A,TCGA-PJ-A5Z9-01A,1.0,0.0,0.0,0.0,0.0
1,124980142,+,1,124994404,-,KIRP,4778,TCGA-PJ-A8JU-01A,TCGA-PJ-A8JU-01A,1.0,0.0,0.0,0.0,0.0
1,193862429,+,3,89219699,+,KIRP,4779,TCGA-PJ-A8JU-01A,TCGA-PJ-A8JU-01A,1.0,0.0,0.0,0.0,0.0
10,38651794,-,24,11351420,+,KIRP,4780,TCGA-PJ-A8JU-01A,TCGA-PJ-A8JU-01A,1.0,0.0,0.0,0.0,0.0
13,17431890,+,13,18028966,-,KIRP,4781,TCGA-PJ-A8JU-01A,TCGA-PJ-A8JU-01A,1.0,0.0,0.0,0.0,0.0
17,23100068,+,17,23172637,-,KIRP,4782,TCGA-PJ-A8JU-01A,TCGA-PJ-A8JU-01A,1.0,0.0,0.0,0.0,0.0
19,42882720,-,19,42940315,+,KIRP,4783,TCGA-PJ-A8JU-01A,TCGA-PJ-A8JU-01A,1.0,0.0,0.0,0.0,0.0
2,20954130,+,21,41672831,+,KIRP,4784,TCGA-PJ-A8JU-01A,TCGA-PJ-A8JU-01A,1.0,0.0,0.0,0.0,0.0
2,95918840,+,2,95920757,-,KIRP,4785,TCGA-PJ-A8JU-01A,TCGA-PJ-A8JU-01A,1.0,0.0,0.0,0.0,0.0
2,142391282,+,2,142421817,-,KIRP,4786,TCGA-PJ-A8JU-01A,TCGA-PJ-A8JU-01A,1.0,0.0,0.0,0.0,0.0
3,90921539,+,3,91166921,-,KIRP,4787,TCGA-PJ-A8JU-01A,TCGA-PJ-A8JU-01A,1.0,0.0,0.0,0.0,0.0
5,46488638,+,5,46561728,-,KIRP,4788,TCGA-PJ-A8JU-01A,TCGA-PJ-A8JU-01A,1.0,0.0,0.0,0.0,0.0
5,49693450,+,5,49704979,-,KIRP,4789,TCGA-PJ-A8JU-01A,TCGA-PJ-A8JU-01A,1.0,0.0,0.0,0.0,0.0
5,49747616,-,5,50036467,+,KIRP,4790,TCGA-PJ-A8JU-01A,TCGA-PJ-A8JU-01A,1.0,0.0,0.0,0.0,0.0
6,12945005,-,10,107088141,+,KIRP,4791,TCGA-PJ-A8JU-01A,TCGA-PJ-A8JU-01A,1.0,0.0,0.0,0.0,0.0
8,9153925,-,19,47009626,-,KIRP,4792,TCGA-PJ-A8JU-01A,TCGA-PJ-A8JU-01A,1.0,0.0,0.0,0.0,0.0
1,34247438,+,11,83724501,-,KIRP,4793,TCGA-Q2-A5QZ-01A,TCGA-Q2-A5QZ-01A,1.0,0.0,0.0,0.0,0.0
1,100292233,-,14,65611639,+,KIRP,4794,TCGA-Q2-A5QZ-01A,TCGA-Q2-A5QZ-01A,1.0,0.0,0.0,0.0,0.0
1,100307347,+,5,22941269,+,KIRP,4795,TCGA-Q2-A5QZ-01A,TCGA-Q2-A5QZ-01A,1.0,0.0,0.0,0.0,0.0
1,102196837,-,5,22742452,+,KIRP,4796,TCGA-Q2-A5QZ-01A,TCGA-Q2-A5QZ-01A,1.0,0.0,0.0,0.0,0.0
1,102215709,+,14,56233410,+,KIRP,4797,TCGA-Q2-A5QZ-01A,TCGA-Q2-A5QZ-01A,1.0,0.0,0.0,0.0,0.0
1,107267143,-,14,56231565,-,KIRP,4798,TCGA-Q2-A5QZ-01A,TCGA-Q2-A5QZ-01A,1.0,0.0,0.0,0.0,0.0
1,114036593,+,5,22742842,-,KIRP,4799,TCGA-Q2-A5QZ-01A,TCGA-Q2-A5QZ-01A,1.0,0.0,0.0,0.0,0.0
1,189388558,+,1,189419000,-,KIRP,4800,TCGA-Q2-A5QZ-01A,TCGA-Q2-A5QZ-01A,1.0,0.0,0.0,0.0,0.0
1,210806895,-,2,212015268,+,KIRP,4801,TCGA-Q2-A5QZ-01A,TCGA-Q2-A5QZ-01A,1.0,0.0,0.0,0.0,0.0
12,6914734,+,12,6915098,-,KIRP,4802,TCGA-Q2-A5QZ-01A,TCGA-Q2-A5QZ-01A,1.0,0.0,0.0,0.0,0.0
12,71562668,-,12,71562796,+,KIRP,4803,TCGA-Q2-A5QZ-01A,TCGA-Q2-A5QZ-01A,1.0,0.0,0.0,0.0,0.0
14,22237569,+,14,27115494,-,KIRP,4804,TCGA-Q2-A5QZ-01A,TCGA-Q2-A5QZ-01A,1.0,0.0,0.0,0.0,0.0
14,34280861,-,19,23642084,-,KIRP,4805,TCGA-Q2-A5QZ-01A,TCGA-Q2-A5QZ-01A,1.0,0.0,0.0,0.0,0.0
14,35564097,+,14,40842179,+,KIRP,4806,TCGA-Q2-A5QZ-01A,TCGA-Q2-A5QZ-01A,1.0,0.0,0.0,0.0,0.0
14,38834836,-,14,38954970,-,KIRP,4807,TCGA-Q2-A5QZ-01A,TCGA-Q2-A5QZ-01A,1.0,0.0,0.0,0.0,0.0
14,38911188,+,15,46774337,-,KIRP,4808,TCGA-Q2-A5QZ-01A,TCGA-Q2-A5QZ-01A,1.0,0.0,0.0,0.0,0.0
14,39551760,-,15,45987513,-,KIRP,4809,TCGA-Q2-A5QZ-01A,TCGA-Q2-A5QZ-01A,1.0,0.0,0.0,0.0,0.0
14,39551992,-,15,44551749,+,KIRP,4810,TCGA-Q2-A5QZ-01A,TCGA-Q2-A5QZ-01A,1.0,0.0,0.0,0.0,0.0
14,50211246,+,14,50424696,+,KIRP,4811,TCGA-Q2-A5QZ-01A,TCGA-Q2-A5QZ-01A,1.0,0.0,0.0,0.0,0.0
14,50475182,+,19,9250715,-,KIRP,4812,TCGA-Q2-A5QZ-01A,TCGA-Q2-A5QZ-01A,1.0,0.0,0.0,0.0,0.0
15,44569049,-,21,10755233,+,KIRP,4813,TCGA-Q2-A5QZ-01A,TCGA-Q2-A5QZ-01A,1.0,0.0,0.0,0.0,0.0
16,23296911,+,16,24375925,-,KIRP,4814,TCGA-Q2-A5QZ-01A,TCGA-Q2-A5QZ-01A,1.0,0.0,0.0,0.0,0.0
16,36748043,+,16,38280363,+,KIRP,4815,TCGA-Q2-A5QZ-01A,TCGA-Q2-A5QZ-01A,1.0,0.0,0.0,0.0,0.0
18,79096759,+,18,79113101,-,KIRP,4816,TCGA-Q2-A5QZ-01A,TCGA-Q2-A5QZ-01A,1.0,0.0,0.0,0.0,0.0
19,2917780,+,19,2980858,-,KIRP,4817,TCGA-Q2-A5QZ-01A,TCGA-Q2-A5QZ-01A,1.0,0.0,0.0,0.0,0.0
19,18158015,+,19,23641580,+,KIRP,4818,TCGA-Q2-A5QZ-01A,TCGA-Q2-A5QZ-01A,1.0,0.0,0.0,0.0,0.0
19,23629175,-,19,23642511,+,KIRP,4819,TCGA-Q2-A5QZ-01A,TCGA-Q2-A5QZ-01A,1.0,0.0,0.0,0.0,0.0
2,114437408,-,2,119212313,-,KIRP,4820,TCGA-Q2-A5QZ-01A,TCGA-Q2-A5QZ-01A,1.0,0.0,0.0,0.0,0.0
2,122147964,+,6,52178201,-,KIRP,4821,TCGA-Q2-A5QZ-01A,TCGA-Q2-A5QZ-01A,1.0,0.0,0.0,0.0,0.0
2,123520179,+,2,123521183,-,KIRP,4822,TCGA-Q2-A5QZ-01A,TCGA-Q2-A5QZ-01A,1.0,0.0,0.0,0.0,0.0
2,125623108,-,6,57312121,-,KIRP,4823,TCGA-Q2-A5QZ-01A,TCGA-Q2-A5QZ-01A,1.0,0.0,0.0,0.0,0.0
2,125623881,+,6,52178555,+,KIRP,4824,TCGA-Q2-A5QZ-01A,TCGA-Q2-A5QZ-01A,1.0,0.0,0.0,0.0,0.0
2,125988255,-,6,55639726,-,KIRP,4825,TCGA-Q2-A5QZ-01A,TCGA-Q2-A5QZ-01A,1.0,0.0,0.0,0.0,0.0
2,126166370,+,6,53545158,-,KIRP,4826,TCGA-Q2-A5QZ-01A,TCGA-Q2-A5QZ-01A,1.0,0.0,0.0,0.0,0.0
2,126175500,+,2,181195881,+,KIRP,4827,TCGA-Q2-A5QZ-01A,TCGA-Q2-A5QZ-01A,1.0,0.0,0.0,0.0,0.0
2,126651318,-,2,127421664,-,KIRP,4828,TCGA-Q2-A5QZ-01A,TCGA-Q2-A5QZ-01A,1.0,0.0,0.0,0.0,0.0
2,126675977,+,6,55901397,-,KIRP,4829,TCGA-Q2-A5QZ-01A,TCGA-Q2-A5QZ-01A,1.0,0.0,0.0,0.0,0.0
2,126744805,-,6,54571699,+,KIRP,4830,TCGA-Q2-A5QZ-01A,TCGA-Q2-A5QZ-01A,1.0,0.0,0.0,0.0,0.0
2,127389797,+,6,57621853,+,KIRP,4831,TCGA-Q2-A5QZ-01A,TCGA-Q2-A5QZ-01A,1.0,0.0,0.0,0.0,0.0
2,127607601,+,2,192266476,-,KIRP,4832,TCGA-Q2-A5QZ-01A,TCGA-Q2-A5QZ-01A,1.0,0.0,0.0,0.0,0.0
2,128095105,-,6,42703906,+,KIRP,4833,TCGA-Q2-A5QZ-01A,TCGA-Q2-A5QZ-01A,1.0,0.0,0.0,0.0,0.0
2,130063584,+,2,170945677,+,KIRP,4834,TCGA-Q2-A5QZ-01A,TCGA-Q2-A5QZ-01A,1.0,0.0,0.0,0.0,0.0
2,130666177,-,2,170945677,+,KIRP,4835,TCGA-Q2-A5QZ-01A,TCGA-Q2-A5QZ-01A,1.0,0.0,0.0,0.0,0.0
2,134439559,-,2,174242053,+,KIRP,4836,TCGA-Q2-A5QZ-01A,TCGA-Q2-A5QZ-01A,1.0,0.0,0.0,0.0,0.0
2,136762954,+,2,137170488,-,KIRP,4837,TCGA-Q2-A5QZ-01A,TCGA-Q2-A5QZ-01A,1.0,0.0,0.0,0.0,0.0
2,136766925,-,2,170797142,-,KIRP,4838,TCGA-Q2-A5QZ-01A,TCGA-Q2-A5QZ-01A,1.0,0.0,0.0,0.0,0.0
2,136772964,+,2,171955309,-,KIRP,4839,TCGA-Q2-A5QZ-01A,TCGA-Q2-A5QZ-01A,1.0,0.0,0.0,0.0,0.0
2,136773006,-,2,172054584,+,KIRP,4840,TCGA-Q2-A5QZ-01A,TCGA-Q2-A5QZ-01A,1.0,0.0,0.0,0.0,0.0
2,136773170,+,2,172055876,+,KIRP,4841,TCGA-Q2-A5QZ-01A,TCGA-Q2-A5QZ-01A,1.0,0.0,0.0,0.0,0.0
2,136773232,-,2,174783228,-,KIRP,4842,TCGA-Q2-A5QZ-01A,TCGA-Q2-A5QZ-01A,1.0,0.0,0.0,0.0,0.0
2,139625323,+,2,172055131,+,KIRP,4843,TCGA-Q2-A5QZ-01A,TCGA-Q2-A5QZ-01A,1.0,0.0,0.0,0.0,0.0
2,139627104,-,2,172574209,-,KIRP,4844,TCGA-Q2-A5QZ-01A,TCGA-Q2-A5QZ-01A,1.0,0.0,0.0,0.0,0.0
2,139627348,+,2,162042145,-,KIRP,4845,TCGA-Q2-A5QZ-01A,TCGA-Q2-A5QZ-01A,1.0,0.0,0.0,0.0,0.0
2,162042146,-,2,172574210,-,KIRP,4846,TCGA-Q2-A5QZ-01A,TCGA-Q2-A5QZ-01A,1.0,0.0,0.0,0.0,0.0
2,163307525,+,2,172055241,-,KIRP,4847,TCGA-Q2-A5QZ-01A,TCGA-Q2-A5QZ-01A,1.0,0.0,0.0,0.0,0.0
2,172054624,+,2,172055964,+,KIRP,4848,TCGA-Q2-A5QZ-01A,TCGA-Q2-A5QZ-01A,1.0,0.0,0.0,0.0,0.0
2,172054837,-,2,172448173,-,KIRP,4849,TCGA-Q2-A5QZ-01A,TCGA-Q2-A5QZ-01A,1.0,0.0,0.0,0.0,0.0
2,172733396,+,2,180969216,-,KIRP,4850,TCGA-Q2-A5QZ-01A,TCGA-Q2-A5QZ-01A,1.0,0.0,0.0,0.0,0.0
2,172745991,-,2,175426361,-,KIRP,4851,TCGA-Q2-A5QZ-01A,TCGA-Q2-A5QZ-01A,1.0,0.0,0.0,0.0,0.0
2,172776611,+,2,187207107,-,KIRP,4852,TCGA-Q2-A5QZ-01A,TCGA-Q2-A5QZ-01A,1.0,0.0,0.0,0.0,0.0
2,175747549,+,2,184409201,+,KIRP,4853,TCGA-Q2-A5QZ-01A,TCGA-Q2-A5QZ-01A,1.0,0.0,0.0,0.0,0.0
2,181037481,-,2,186890307,-,KIRP,4854,TCGA-Q2-A5QZ-01A,TCGA-Q2-A5QZ-01A,1.0,0.0,0.0,0.0,0.0
2,181107128,+,2,182063588,+,KIRP,4855,TCGA-Q2-A5QZ-01A,TCGA-Q2-A5QZ-01A,1.0,0.0,0.0,0.0,0.0
2,181130601,-,2,181223978,-,KIRP,4856,TCGA-Q2-A5QZ-01A,TCGA-Q2-A5QZ-01A,1.0,0.0,0.0,0.0,0.0
2,184939055,-,2,196686497,-,KIRP,4857,TCGA-Q2-A5QZ-01A,TCGA-Q2-A5QZ-01A,1.0,0.0,0.0,0.0,0.0
2,184940622,+,6,43047939,-,KIRP,4858,TCGA-Q2-A5QZ-01A,TCGA-Q2-A5QZ-01A,1.0,0.0,0.0,0.0,0.0
2,184941392,-,6,50494059,+,KIRP,4859,TCGA-Q2-A5QZ-01A,TCGA-Q2-A5QZ-01A,1.0,0.0,0.0,0.0,0.0
2,184955413,+,2,196258698,+,KIRP,4860,TCGA-Q2-A5QZ-01A,TCGA-Q2-A5QZ-01A,1.0,0.0,0.0,0.0,0.0
2,187555539,-,2,192704137,-,KIRP,4861,TCGA-Q2-A5QZ-01A,TCGA-Q2-A5QZ-01A,1.0,0.0,0.0,0.0,0.0
2,189217544,+,6,48555242,+,KIRP,4862,TCGA-Q2-A5QZ-01A,TCGA-Q2-A5QZ-01A,1.0,0.0,0.0,0.0,0.0
2,189855865,-,6,42788314,+,KIRP,4863,TCGA-Q2-A5QZ-01A,TCGA-Q2-A5QZ-01A,1.0,0.0,0.0,0.0,0.0
2,192046529,+,6,43662289,+,KIRP,4864,TCGA-Q2-A5QZ-01A,TCGA-Q2-A5QZ-01A,1.0,0.0,0.0,0.0,0.0
2,192098608,+,2,196009012,-,KIRP,4865,TCGA-Q2-A5QZ-01A,TCGA-Q2-A5QZ-01A,1.0,0.0,0.0,0.0,0.0
2,192568099,-,13,63692413,-,KIRP,4866,TCGA-Q2-A5QZ-01A,TCGA-Q2-A5QZ-01A,1.0,0.0,0.0,0.0,0.0
2,195957737,-,2,196007817,+,KIRP,4867,TCGA-Q2-A5QZ-01A,TCGA-Q2-A5QZ-01A,1.0,0.0,0.0,0.0,0.0
2,195979904,+,6,40942274,-,KIRP,4868,TCGA-Q2-A5QZ-01A,TCGA-Q2-A5QZ-01A,1.0,0.0,0.0,0.0,0.0
2,196005819,-,6,42748580,+,KIRP,4869,TCGA-Q2-A5QZ-01A,TCGA-Q2-A5QZ-01A,1.0,0.0,0.0,0.0,0.0
2,197817195,+,6,40522765,-,KIRP,4870,TCGA-Q2-A5QZ-01A,TCGA-Q2-A5QZ-01A,1.0,0.0,0.0,0.0,0.0
20,29538733,+,20,29540313,-,KIRP,4871,TCGA-Q2-A5QZ-01A,TCGA-Q2-A5QZ-01A,1.0,0.0,0.0,0.0,0.0
3,33166741,-,3,56624234,+,KIRP,4872,TCGA-Q2-A5QZ-01A,TCGA-Q2-A5QZ-01A,1.0,0.0,0.0,0.0,0.0
3,65944560,+,3,81481849,-,KIRP,4873,TCGA-Q2-A5QZ-01A,TCGA-Q2-A5QZ-01A,1.0,0.0,0.0,0.0,0.0
3,66359458,-,3,74352333,-,KIRP,4874,TCGA-Q2-A5QZ-01A,TCGA-Q2-A5QZ-01A,1.0,0.0,0.0,0.0,0.0
3,82329674,+,3,83739745,+,KIRP,4875,TCGA-Q2-A5QZ-01A,TCGA-Q2-A5QZ-01A,1.0,0.0,0.0,0.0,0.0
3,98006666,+,3,113350540,-,KIRP,4876,TCGA-Q2-A5QZ-01A,TCGA-Q2-A5QZ-01A,1.0,0.0,0.0,0.0,0.0
3,136303780,+,3,138979786,-,KIRP,4877,TCGA-Q2-A5QZ-01A,TCGA-Q2-A5QZ-01A,1.0,0.0,0.0,0.0,0.0
4,65088378,+,17,63740108,+,KIRP,4878,TCGA-Q2-A5QZ-01A,TCGA-Q2-A5QZ-01A,1.0,0.0,0.0,0.0,0.0
5,23597447,-,9,33981064,-,KIRP,4879,TCGA-Q2-A5QZ-01A,TCGA-Q2-A5QZ-01A,1.0,0.0,0.0,0.0,0.0
5,23646819,-,14,65404211,-,KIRP,4880,TCGA-Q2-A5QZ-01A,TCGA-Q2-A5QZ-01A,1.0,0.0,0.0,0.0,0.0
5,46685293,+,5,46772112,-,KIRP,4881,TCGA-Q2-A5QZ-01A,TCGA-Q2-A5QZ-01A,1.0,0.0,0.0,0.0,0.0
5,47269162,-,5,47279964,+,KIRP,4882,TCGA-Q2-A5QZ-01A,TCGA-Q2-A5QZ-01A,1.0,0.0,0.0,0.0,0.0
6,40895831,+,6,46271622,-,KIRP,4883,TCGA-Q2-A5QZ-01A,TCGA-Q2-A5QZ-01A,1.0,0.0,0.0,0.0,0.0
6,40954084,+,6,46701372,+,KIRP,4884,TCGA-Q2-A5QZ-01A,TCGA-Q2-A5QZ-01A,1.0,0.0,0.0,0.0,0.0
6,41588799,-,6,50261052,-,KIRP,4885,TCGA-Q2-A5QZ-01A,TCGA-Q2-A5QZ-01A,1.0,0.0,0.0,0.0,0.0
6,42420368,+,6,57945367,+,KIRP,4886,TCGA-Q2-A5QZ-01A,TCGA-Q2-A5QZ-01A,1.0,0.0,0.0,0.0,0.0
6,49117099,+,6,52747589,-,KIRP,4887,TCGA-Q2-A5QZ-01A,TCGA-Q2-A5QZ-01A,1.0,0.0,0.0,0.0,0.0
6,49597293,-,6,57404315,-,KIRP,4888,TCGA-Q2-A5QZ-01A,TCGA-Q2-A5QZ-01A,1.0,0.0,0.0,0.0,0.0
6,49599735,+,6,51255188,-,KIRP,4889,TCGA-Q2-A5QZ-01A,TCGA-Q2-A5QZ-01A,1.0,0.0,0.0,0.0,0.0
6,51258041,+,6,57313032,-,KIRP,4890,TCGA-Q2-A5QZ-01A,TCGA-Q2-A5QZ-01A,1.0,0.0,0.0,0.0,0.0
6,52749427,+,6,57404785,+,KIRP,4891,TCGA-Q2-A5QZ-01A,TCGA-Q2-A5QZ-01A,1.0,0.0,0.0,0.0,0.0
6,55410595,+,6,57917902,-,KIRP,4892,TCGA-Q2-A5QZ-01A,TCGA-Q2-A5QZ-01A,1.0,0.0,0.0,0.0,0.0
6,56476750,+,6,57312954,+,KIRP,4893,TCGA-Q2-A5QZ-01A,TCGA-Q2-A5QZ-01A,1.0,0.0,0.0,0.0,0.0
7,58026751,-,12,37294815,+,KIRP,4894,TCGA-Q2-A5QZ-01A,TCGA-Q2-A5QZ-01A,1.0,0.0,0.0,0.0,0.0
7,119224112,-,16,8326743,-,KIRP,4895,TCGA-Q2-A5QZ-01A,TCGA-Q2-A5QZ-01A,1.0,0.0,0.0,0.0,0.0
8,8526148,-,16,19321635,-,KIRP,4896,TCGA-Q2-A5QZ-01A,TCGA-Q2-A5QZ-01A,1.0,0.0,0.0,0.0,0.0
8,33158369,+,8,50879013,-,KIRP,4897,TCGA-Q2-A5QZ-01A,TCGA-Q2-A5QZ-01A,1.0,0.0,0.0,0.0,0.0
8,35369883,+,8,35429141,-,KIRP,4898,TCGA-Q2-A5QZ-01A,TCGA-Q2-A5QZ-01A,1.0,0.0,0.0,0.0,0.0
1,1986408,+,14,56059226,+,KIRP,4899,TCGA-SX-A71R-01A,TCGA-SX-A71R-01A,1.0,0.0,0.0,0.0,0.0
1,1986410,-,14,56059058,-,KIRP,4900,TCGA-SX-A71R-01A,TCGA-SX-A71R-01A,1.0,0.0,0.0,0.0,0.0
1,122270092,+,1,122395354,-,KIRP,4901,TCGA-SX-A71R-01A,TCGA-SX-A71R-01A,1.0,0.0,0.0,0.0,0.0
11,52106630,+,11,53139731,-,KIRP,4902,TCGA-SX-A71R-01A,TCGA-SX-A71R-01A,1.0,0.0,0.0,0.0,0.0
12,34832599,-,12,37251003,+,KIRP,4903,TCGA-SX-A71R-01A,TCGA-SX-A71R-01A,1.0,0.0,0.0,0.0,0.0
13,17492056,+,13,17717454,-,KIRP,4904,TCGA-SX-A71R-01A,TCGA-SX-A71R-01A,1.0,0.0,0.0,0.0,0.0
16,433136,-,17,11698903,-,KIRP,4905,TCGA-SX-A71R-01A,TCGA-SX-A71R-01A,1.0,0.0,0.0,0.0,0.0
16,15750074,+,16,15750775,-,KIRP,4906,TCGA-SX-A71R-01A,TCGA-SX-A71R-01A,1.0,0.0,0.0,0.0,0.0
3,80742800,+,14,76853431,-,KIRP,4907,TCGA-SX-A71R-01A,TCGA-SX-A71R-01A,1.0,0.0,0.0,0.0,0.0
3,90942488,-,3,91262946,-,KIRP,4908,TCGA-SX-A71R-01A,TCGA-SX-A71R-01A,1.0,0.0,0.0,0.0,0.0
8,29331995,+,8,29332703,-,KIRP,4909,TCGA-SX-A71R-01A,TCGA-SX-A71R-01A,1.0,0.0,0.0,0.0,0.0
8,32582109,+,20,4168881,-,KIRP,4910,TCGA-SX-A71R-01A,TCGA-SX-A71R-01A,1.0,0.0,0.0,0.0,0.0
1,33553472,+,16,69586284,+,KIRP,4911,TCGA-SX-A71S-01A,TCGA-SX-A71S-01A,1.0,0.0,0.0,0.0,0.0
1,33553473,-,16,69586327,-,KIRP,4912,TCGA-SX-A71S-01A,TCGA-SX-A71S-01A,1.0,0.0,0.0,0.0,0.0
1,86097211,-,9,136023023,-,KIRP,4913,TCGA-SX-A71S-01A,TCGA-SX-A71S-01A,1.0,0.0,0.0,0.0,0.0
1,108647444,+,1,108649391,-,KIRP,4914,TCGA-SX-A71S-01A,TCGA-SX-A71S-01A,1.0,0.0,0.0,0.0,0.0
1,229417563,-,23,109183049,+,KIRP,4915,TCGA-SX-A71S-01A,TCGA-SX-A71S-01A,1.0,0.0,0.0,0.0,0.0
11,52650514,+,11,54406695,-,KIRP,4916,TCGA-SX-A71S-01A,TCGA-SX-A71S-01A,1.0,0.0,0.0,0.0,0.0
11,54343162,-,11,54405650,+,KIRP,4917,TCGA-SX-A71S-01A,TCGA-SX-A71S-01A,1.0,0.0,0.0,0.0,0.0
12,65741580,-,12,108860032,+,KIRP,4918,TCGA-SX-A71S-01A,TCGA-SX-A71S-01A,1.0,0.0,0.0,0.0,0.0
15,84895742,-,15,84895877,+,KIRP,4919,TCGA-SX-A71S-01A,TCGA-SX-A71S-01A,1.0,0.0,0.0,0.0,0.0
18,15636736,+,18,15745312,-,KIRP,4920,TCGA-SX-A71S-01A,TCGA-SX-A71S-01A,1.0,0.0,0.0,0.0,0.0
2,55224306,+,22,46248280,+,KIRP,4921,TCGA-SX-A71S-01A,TCGA-SX-A71S-01A,1.0,0.0,0.0,0.0,0.0
2,142015979,+,6,65565024,-,KIRP,4922,TCGA-SX-A71S-01A,TCGA-SX-A71S-01A,1.0,0.0,0.0,0.0,0.0
2,145113919,-,23,28981865,+,KIRP,4923,TCGA-SX-A71S-01A,TCGA-SX-A71S-01A,1.0,0.0,0.0,0.0,0.0
2,145114185,+,23,28981892,-,KIRP,4924,TCGA-SX-A71S-01A,TCGA-SX-A71S-01A,1.0,0.0,0.0,0.0,0.0
2,145114386,+,23,28981764,-,KIRP,4925,TCGA-SX-A71S-01A,TCGA-SX-A71S-01A,1.0,0.0,0.0,0.0,0.0
2,222866744,-,19,15170629,+,KIRP,4926,TCGA-SX-A71S-01A,TCGA-SX-A71S-01A,1.0,0.0,0.0,0.0,0.0
3,131195660,-,3,131195770,+,KIRP,4927,TCGA-SX-A71S-01A,TCGA-SX-A71S-01A,1.0,0.0,0.0,0.0,0.0
5,80692300,-,5,80693069,+,KIRP,4928,TCGA-SX-A71S-01A,TCGA-SX-A71S-01A,1.0,0.0,0.0,0.0,0.0
5,91381387,-,5,91381589,+,KIRP,4929,TCGA-SX-A71S-01A,TCGA-SX-A71S-01A,1.0,0.0,0.0,0.0,0.0
6,22193373,+,18,53354140,+,KIRP,4930,TCGA-SX-A71S-01A,TCGA-SX-A71S-01A,1.0,0.0,0.0,0.0,0.0
8,6150718,-,23,12720083,+,KIRP,4931,TCGA-SX-A71S-01A,TCGA-SX-A71S-01A,1.0,0.0,0.0,0.0,0.0
9,17030319,-,9,17030990,+,KIRP,4932,TCGA-SX-A71S-01A,TCGA-SX-A71S-01A,1.0,0.0,0.0,0.0,0.0
23,57294904,-,23,57295028,+,KIRP,4933,TCGA-SX-A71S-01A,TCGA-SX-A71S-01A,1.0,0.0,0.0,0.0,0.0
10,41551055,+,10,41582309,-,KIRP,4934,TCGA-SX-A71U-01A,TCGA-SX-A71U-01A,1.0,0.0,0.0,0.0,0.0
17,23131348,+,17,26628702,-,KIRP,4935,TCGA-SX-A71U-01A,TCGA-SX-A71U-01A,1.0,0.0,0.0,0.0,0.0
18,74520366,-,18,74520510,+,KIRP,4936,TCGA-SX-A71U-01A,TCGA-SX-A71U-01A,1.0,0.0,0.0,0.0,0.0
19,14090191,+,22,20449669,-,KIRP,4937,TCGA-SX-A71U-01A,TCGA-SX-A71U-01A,1.0,0.0,0.0,0.0,0.0
3,90778876,+,3,91158385,-,KIRP,4938,TCGA-SX-A71U-01A,TCGA-SX-A71U-01A,1.0,0.0,0.0,0.0,0.0
5,6490299,-,5,6491042,+,KIRP,4939,TCGA-SX-A71U-01A,TCGA-SX-A71U-01A,1.0,0.0,0.0,0.0,0.0
6,145864869,-,6,145865029,+,KIRP,4940,TCGA-SX-A71U-01A,TCGA-SX-A71U-01A,1.0,0.0,0.0,0.0,0.0
7,27136073,-,7,27136245,+,KIRP,4941,TCGA-SX-A71U-01A,TCGA-SX-A71U-01A,1.0,0.0,0.0,0.0,0.0
1,45955362,+,22,39500853,-,KIRP,4942,TCGA-SX-A71V-01A,TCGA-SX-A71V-01A,1.0,0.0,0.0,0.0,0.0
1,155292781,-,1,155292910,+,KIRP,4943,TCGA-SX-A71V-01A,TCGA-SX-A71V-01A,1.0,0.0,0.0,0.0,0.0
1,161061442,+,5,180105754,+,KIRP,4944,TCGA-SX-A71V-01A,TCGA-SX-A71V-01A,1.0,0.0,0.0,0.0,0.0
1,166996878,+,1,166997569,-,KIRP,4945,TCGA-SX-A71V-01A,TCGA-SX-A71V-01A,1.0,0.0,0.0,0.0,0.0
10,71667360,+,10,88672695,+,KIRP,4946,TCGA-SX-A71V-01A,TCGA-SX-A71V-01A,1.0,0.0,0.0,0.0,0.0
14,54915627,+,14,55646610,+,KIRP,4947,TCGA-SX-A71V-01A,TCGA-SX-A71V-01A,1.0,0.0,0.0,0.0,0.0
16,34255950,-,16,36322527,+,KIRP,4948,TCGA-SX-A71V-01A,TCGA-SX-A71V-01A,1.0,0.0,0.0,0.0,0.0
18,15792065,+,18,17538959,-,KIRP,4949,TCGA-SX-A71V-01A,TCGA-SX-A71V-01A,1.0,0.0,0.0,0.0,0.0
20,29266371,+,24,10227770,+,KIRP,4950,TCGA-SX-A71V-01A,TCGA-SX-A71V-01A,1.0,0.0,0.0,0.0,0.0
3,98681412,+,16,7683011,+,KIRP,4951,TCGA-SX-A71V-01A,TCGA-SX-A71V-01A,1.0,0.0,0.0,0.0,0.0
4,124712172,+,4,124712802,-,KIRP,4952,TCGA-SX-A71V-01A,TCGA-SX-A71V-01A,1.0,0.0,0.0,0.0,0.0
7,137922453,-,11,13283893,-,KIRP,4953,TCGA-SX-A71V-01A,TCGA-SX-A71V-01A,1.0,0.0,0.0,0.0,0.0
9,11959,-,9,111909284,-,KIRP,4954,TCGA-SX-A71V-01A,TCGA-SX-A71V-01A,1.0,0.0,0.0,0.0,0.0
9,15497152,+,9,95143300,-,KIRP,4955,TCGA-SX-A71V-01A,TCGA-SX-A71V-01A,1.0,0.0,0.0,0.0,0.0
9,17693341,-,9,18820640,+,KIRP,4956,TCGA-SX-A71V-01A,TCGA-SX-A71V-01A,1.0,0.0,0.0,0.0,0.0
9,17930540,+,9,90391742,-,KIRP,4957,TCGA-SX-A71V-01A,TCGA-SX-A71V-01A,1.0,0.0,0.0,0.0,0.0
9,17932006,-,9,17934959,-,KIRP,4958,TCGA-SX-A71V-01A,TCGA-SX-A71V-01A,1.0,0.0,0.0,0.0,0.0
9,17932984,+,14,22875560,+,KIRP,4959,TCGA-SX-A71V-01A,TCGA-SX-A71V-01A,1.0,0.0,0.0,0.0,0.0
9,18826100,-,14,95732314,+,KIRP,4960,TCGA-SX-A71V-01A,TCGA-SX-A71V-01A,1.0,0.0,0.0,0.0,0.0
9,74246369,+,14,23252663,-,KIRP,4961,TCGA-SX-A71V-01A,TCGA-SX-A71V-01A,1.0,0.0,0.0,0.0,0.0
9,89897643,-,14,100790893,-,KIRP,4962,TCGA-SX-A71V-01A,TCGA-SX-A71V-01A,1.0,0.0,0.0,0.0,0.0
9,89930237,+,9,90579736,-,KIRP,4963,TCGA-SX-A71V-01A,TCGA-SX-A71V-01A,1.0,0.0,0.0,0.0,0.0
9,89931955,-,14,22874709,-,KIRP,4964,TCGA-SX-A71V-01A,TCGA-SX-A71V-01A,1.0,0.0,0.0,0.0,0.0
9,90000239,+,14,22874696,+,KIRP,4965,TCGA-SX-A71V-01A,TCGA-SX-A71V-01A,1.0,0.0,0.0,0.0,0.0
9,90579744,+,14,22879731,-,KIRP,4966,TCGA-SX-A71V-01A,TCGA-SX-A71V-01A,1.0,0.0,0.0,0.0,0.0
9,91370248,+,14,21987410,-,KIRP,4967,TCGA-SX-A71V-01A,TCGA-SX-A71V-01A,1.0,0.0,0.0,0.0,0.0
9,110514774,-,14,23166738,+,KIRP,4968,TCGA-SX-A71V-01A,TCGA-SX-A71V-01A,1.0,0.0,0.0,0.0,0.0
1,8089611,+,9,135208532,-,KIRP,4969,TCGA-SX-A71W-01A,TCGA-SX-A71W-01A,1.0,0.0,0.0,0.0,0.0
1,122448569,-,1,122500981,+,KIRP,4970,TCGA-SX-A71W-01A,TCGA-SX-A71W-01A,1.0,0.0,0.0,0.0,0.0
12,34832634,-,12,37251074,+,KIRP,4971,TCGA-SX-A71W-01A,TCGA-SX-A71W-01A,1.0,0.0,0.0,0.0,0.0
12,68264888,+,13,53309957,+,KIRP,4972,TCGA-SX-A71W-01A,TCGA-SX-A71W-01A,1.0,0.0,0.0,0.0,0.0
13,16385777,+,13,16733944,-,KIRP,4973,TCGA-SX-A71W-01A,TCGA-SX-A71W-01A,1.0,0.0,0.0,0.0,0.0
13,110954467,-,13,112396418,-,KIRP,4974,TCGA-SX-A71W-01A,TCGA-SX-A71W-01A,1.0,0.0,0.0,0.0,0.0
16,28225701,+,16,28226239,-,KIRP,4975,TCGA-SX-A71W-01A,TCGA-SX-A71W-01A,1.0,0.0,0.0,0.0,0.0
17,17209980,+,17,17210593,-,KIRP,4976,TCGA-SX-A71W-01A,TCGA-SX-A71W-01A,1.0,0.0,0.0,0.0,0.0
17,23051801,+,17,23122056,-,KIRP,4977,TCGA-SX-A71W-01A,TCGA-SX-A71W-01A,1.0,0.0,0.0,0.0,0.0
2,222866747,-,7,143361378,-,KIRP,4978,TCGA-SX-A71W-01A,TCGA-SX-A71W-01A,1.0,0.0,0.0,0.0,0.0
22,31542046,+,22,31542546,-,KIRP,4979,TCGA-SX-A71W-01A,TCGA-SX-A71W-01A,1.0,0.0,0.0,0.0,0.0
3,17276094,-,3,17276222,+,KIRP,4980,TCGA-SX-A71W-01A,TCGA-SX-A71W-01A,1.0,0.0,0.0,0.0,0.0
4,7764296,+,4,7764833,-,KIRP,4981,TCGA-SX-A71W-01A,TCGA-SX-A71W-01A,1.0,0.0,0.0,0.0,0.0
4,19483725,+,4,19484358,-,KIRP,4982,TCGA-SX-A71W-01A,TCGA-SX-A71W-01A,1.0,0.0,0.0,0.0,0.0
7,66524724,-,7,66903098,+,KIRP,4983,TCGA-SX-A71W-01A,TCGA-SX-A71W-01A,1.0,0.0,0.0,0.0,0.0
8,18961083,+,8,18961651,-,KIRP,4984,TCGA-SX-A71W-01A,TCGA-SX-A71W-01A,1.0,0.0,0.0,0.0,0.0
8,45080672,-,8,45427508,+,KIRP,4985,TCGA-SX-A71W-01A,TCGA-SX-A71W-01A,1.0,0.0,0.0,0.0,0.0
9,21981438,+,9,25406866,-,KIRP,4986,TCGA-SX-A71W-01A,TCGA-SX-A71W-01A,1.0,0.0,0.0,0.0,0.0
23,44998654,+,23,45034428,-,KIRP,4987,TCGA-SX-A71W-01A,TCGA-SX-A71W-01A,1.0,0.0,0.0,0.0,0.0
23,45023503,-,23,45029808,-,KIRP,4988,TCGA-SX-A71W-01A,TCGA-SX-A71W-01A,1.0,0.0,0.0,0.0,0.0
23,45029770,+,23,45070952,+,KIRP,4989,TCGA-SX-A71W-01A,TCGA-SX-A71W-01A,1.0,0.0,0.0,0.0,0.0
23,45030523,-,23,45070997,-,KIRP,4990,TCGA-SX-A71W-01A,TCGA-SX-A71W-01A,1.0,0.0,0.0,0.0,0.0
1,71558401,+,1,71689474,-,KIRP,4991,TCGA-SX-A7SL-01A,TCGA-SX-A7SL-01A,1.0,0.0,0.0,0.0,0.0
1,182853030,+,3,44135081,+,KIRP,4992,TCGA-SX-A7SL-01A,TCGA-SX-A7SL-01A,1.0,0.0,0.0,0.0,0.0
1,232733548,-,8,108318962,+,KIRP,4993,TCGA-SX-A7SL-01A,TCGA-SX-A7SL-01A,1.0,0.0,0.0,0.0,0.0
10,41547684,+,10,41561722,-,KIRP,4994,TCGA-SX-A7SL-01A,TCGA-SX-A7SL-01A,1.0,0.0,0.0,0.0,0.0
12,21365744,-,18,14845318,-,KIRP,4995,TCGA-SX-A7SL-01A,TCGA-SX-A7SL-01A,1.0,0.0,0.0,0.0,0.0
13,17489647,-,13,17980760,+,KIRP,4996,TCGA-SX-A7SL-01A,TCGA-SX-A7SL-01A,1.0,0.0,0.0,0.0,0.0
15,40795228,+,15,40795848,-,KIRP,4997,TCGA-SX-A7SL-01A,TCGA-SX-A7SL-01A,1.0,0.0,0.0,0.0,0.0
18,804881,-,18,3622475,+,KIRP,4998,TCGA-SX-A7SL-01A,TCGA-SX-A7SL-01A,1.0,0.0,0.0,0.0,0.0
18,896325,-,18,904868,+,KIRP,4999,TCGA-SX-A7SL-01A,TCGA-SX-A7SL-01A,1.0,0.0,0.0,0.0,0.0
18,1180466,+,18,26391419,-,KIRP,5000,TCGA-SX-A7SL-01A,TCGA-SX-A7SL-01A,1.0,0.0,0.0,0.0,0.0
18,3413005,-,18,12781169,+,KIRP,5001,TCGA-SX-A7SL-01A,TCGA-SX-A7SL-01A,1.0,0.0,0.0,0.0,0.0
18,3469785,+,18,13270035,+,KIRP,5002,TCGA-SX-A7SL-01A,TCGA-SX-A7SL-01A,1.0,0.0,0.0,0.0,0.0
18,3471009,-,18,28683468,-,KIRP,5003,TCGA-SX-A7SL-01A,TCGA-SX-A7SL-01A,1.0,0.0,0.0,0.0,0.0
18,7115596,-,18,28681059,+,KIRP,5004,TCGA-SX-A7SL-01A,TCGA-SX-A7SL-01A,1.0,0.0,0.0,0.0,0.0
18,12332529,-,18,36212934,+,KIRP,5005,TCGA-SX-A7SL-01A,TCGA-SX-A7SL-01A,1.0,0.0,0.0,0.0,0.0
18,12784385,-,18,31508220,+,KIRP,5006,TCGA-SX-A7SL-01A,TCGA-SX-A7SL-01A,1.0,0.0,0.0,0.0,0.0
18,13274993,-,18,76942268,-,KIRP,5007,TCGA-SX-A7SL-01A,TCGA-SX-A7SL-01A,1.0,0.0,0.0,0.0,0.0
18,13821070,+,18,43292327,+,KIRP,5008,TCGA-SX-A7SL-01A,TCGA-SX-A7SL-01A,1.0,0.0,0.0,0.0,0.0
18,20766612,-,18,20809220,+,KIRP,5009,TCGA-SX-A7SL-01A,TCGA-SX-A7SL-01A,1.0,0.0,0.0,0.0,0.0
18,26446383,+,18,33811905,-,KIRP,5010,TCGA-SX-A7SL-01A,TCGA-SX-A7SL-01A,1.0,0.0,0.0,0.0,0.0
18,26456299,-,18,58419758,-,KIRP,5011,TCGA-SX-A7SL-01A,TCGA-SX-A7SL-01A,1.0,0.0,0.0,0.0,0.0
18,27371988,+,18,29239407,-,KIRP,5012,TCGA-SX-A7SL-01A,TCGA-SX-A7SL-01A,1.0,0.0,0.0,0.0,0.0
18,27377312,-,18,32409314,-,KIRP,5013,TCGA-SX-A7SL-01A,TCGA-SX-A7SL-01A,1.0,0.0,0.0,0.0,0.0
18,28984710,+,18,29237152,+,KIRP,5014,TCGA-SX-A7SL-01A,TCGA-SX-A7SL-01A,1.0,0.0,0.0,0.0,0.0
18,28992370,-,18,31711854,+,KIRP,5015,TCGA-SX-A7SL-01A,TCGA-SX-A7SL-01A,1.0,0.0,0.0,0.0,0.0
18,30377009,+,18,35610846,-,KIRP,5016,TCGA-SX-A7SL-01A,TCGA-SX-A7SL-01A,1.0,0.0,0.0,0.0,0.0
18,31510869,-,18,80052636,-,KIRP,5017,TCGA-SX-A7SL-01A,TCGA-SX-A7SL-01A,1.0,0.0,0.0,0.0,0.0
18,48460863,+,18,58600258,+,KIRP,5018,TCGA-SX-A7SL-01A,TCGA-SX-A7SL-01A,1.0,0.0,0.0,0.0,0.0
18,48461111,+,18,58600344,+,KIRP,5019,TCGA-SX-A7SL-01A,TCGA-SX-A7SL-01A,1.0,0.0,0.0,0.0,0.0
18,58547304,-,18,58574347,+,KIRP,5020,TCGA-SX-A7SL-01A,TCGA-SX-A7SL-01A,1.0,0.0,0.0,0.0,0.0
18,58600258,+,18,78657594,-,KIRP,5021,TCGA-SX-A7SL-01A,TCGA-SX-A7SL-01A,1.0,0.0,0.0,0.0,0.0
18,69714773,-,18,78650646,+,KIRP,5022,TCGA-SX-A7SL-01A,TCGA-SX-A7SL-01A,1.0,0.0,0.0,0.0,0.0
2,65026404,+,2,65027082,-,KIRP,5023,TCGA-SX-A7SL-01A,TCGA-SX-A7SL-01A,1.0,0.0,0.0,0.0,0.0
2,73345050,+,3,62383952,-,KIRP,5024,TCGA-SX-A7SL-01A,TCGA-SX-A7SL-01A,1.0,0.0,0.0,0.0,0.0
22,23343440,-,22,24673723,+,KIRP,5025,TCGA-SX-A7SL-01A,TCGA-SX-A7SL-01A,1.0,0.0,0.0,0.0,0.0
3,91087664,+,3,91168191,-,KIRP,5026,TCGA-SX-A7SL-01A,TCGA-SX-A7SL-01A,1.0,0.0,0.0,0.0,0.0
3,177111527,+,3,177112312,-,KIRP,5027,TCGA-SX-A7SL-01A,TCGA-SX-A7SL-01A,1.0,0.0,0.0,0.0,0.0
4,8789027,+,4,8789922,-,KIRP,5028,TCGA-SX-A7SL-01A,TCGA-SX-A7SL-01A,1.0,0.0,0.0,0.0,0.0
5,46434209,+,5,46568208,+,KIRP,5029,TCGA-SX-A7SL-01A,TCGA-SX-A7SL-01A,1.0,0.0,0.0,0.0,0.0
5,49818934,+,5,49882626,-,KIRP,5030,TCGA-SX-A7SL-01A,TCGA-SX-A7SL-01A,1.0,0.0,0.0,0.0,0.0
5,178839288,-,5,180673541,-,KIRP,5031,TCGA-SX-A7SL-01A,TCGA-SX-A7SL-01A,1.0,0.0,0.0,0.0,0.0
7,44523101,+,21,38507948,-,KIRP,5032,TCGA-SX-A7SL-01A,TCGA-SX-A7SL-01A,1.0,0.0,0.0,0.0,0.0
8,144358538,+,8,144359306,-,KIRP,5033,TCGA-SX-A7SL-01A,TCGA-SX-A7SL-01A,1.0,0.0,0.0,0.0,0.0
23,47309699,+,23,47310272,-,KIRP,5034,TCGA-SX-A7SL-01A,TCGA-SX-A7SL-01A,1.0,0.0,0.0,0.0,0.0
1,236737299,-,23,109807470,-,KIRP,5035,TCGA-SX-A7SM-01A,TCGA-SX-A7SM-01A,1.0,0.0,0.0,0.0,0.0
11,85634085,-,23,122017080,-,KIRP,5036,TCGA-SX-A7SM-01A,TCGA-SX-A7SM-01A,1.0,0.0,0.0,0.0,0.0
12,34775486,-,12,34804601,+,KIRP,5037,TCGA-SX-A7SM-01A,TCGA-SX-A7SM-01A,1.0,0.0,0.0,0.0,0.0
12,104815554,-,12,104815653,+,KIRP,5038,TCGA-SX-A7SM-01A,TCGA-SX-A7SM-01A,1.0,0.0,0.0,0.0,0.0
14,73550631,+,14,73582878,-,KIRP,5039,TCGA-SX-A7SM-01A,TCGA-SX-A7SM-01A,1.0,0.0,0.0,0.0,0.0
16,7157665,+,16,7503602,-,KIRP,5040,TCGA-SX-A7SM-01A,TCGA-SX-A7SM-01A,1.0,0.0,0.0,0.0,0.0
16,29116026,+,16,87983698,-,KIRP,5041,TCGA-SX-A7SM-01A,TCGA-SX-A7SM-01A,1.0,0.0,0.0,0.0,0.0
17,22830337,+,17,23059643,-,KIRP,5042,TCGA-SX-A7SM-01A,TCGA-SX-A7SM-01A,1.0,0.0,0.0,0.0,0.0
2,93375662,-,2,93671907,+,KIRP,5043,TCGA-SX-A7SM-01A,TCGA-SX-A7SM-01A,1.0,0.0,0.0,0.0,0.0
2,155331782,-,21,38692547,-,KIRP,5044,TCGA-SX-A7SM-01A,TCGA-SX-A7SM-01A,1.0,0.0,0.0,0.0,0.0
3,60921919,+,3,61245874,-,KIRP,5045,TCGA-SX-A7SM-01A,TCGA-SX-A7SM-01A,1.0,0.0,0.0,0.0,0.0
3,177134945,-,17,8214607,-,KIRP,5046,TCGA-SX-A7SM-01A,TCGA-SX-A7SM-01A,1.0,0.0,0.0,0.0,0.0
4,3968171,+,7,76824520,+,KIRP,5047,TCGA-SX-A7SM-01A,TCGA-SX-A7SM-01A,1.0,0.0,0.0,0.0,0.0
4,62271492,-,11,97731050,+,KIRP,5048,TCGA-SX-A7SM-01A,TCGA-SX-A7SM-01A,1.0,0.0,0.0,0.0,0.0
6,28912467,+,6,28912977,-,KIRP,5049,TCGA-SX-A7SM-01A,TCGA-SX-A7SM-01A,1.0,0.0,0.0,0.0,0.0
8,87428351,-,18,43735248,+,KIRP,5050,TCGA-SX-A7SM-01A,TCGA-SX-A7SM-01A,1.0,0.0,0.0,0.0,0.0
9,19550642,-,9,36496363,-,KIRP,5051,TCGA-SX-A7SM-01A,TCGA-SX-A7SM-01A,1.0,0.0,0.0,0.0,0.0
9,42171693,-,9,42717280,+,KIRP,5052,TCGA-SX-A7SM-01A,TCGA-SX-A7SM-01A,1.0,0.0,0.0,0.0,0.0
9,132927284,-,10,28349124,+,KIRP,5053,TCGA-SX-A7SM-01A,TCGA-SX-A7SM-01A,1.0,0.0,0.0,0.0,0.0
1,123338532,-,1,123768785,+,KIRP,5054,TCGA-SX-A7SN-01A,TCGA-SX-A7SN-01A,1.0,0.0,0.0,0.0,0.0
1,173514049,-,7,113333671,-,KIRP,5055,TCGA-SX-A7SN-01A,TCGA-SX-A7SN-01A,1.0,0.0,0.0,0.0,0.0
10,74378207,+,10,74378882,-,KIRP,5056,TCGA-SX-A7SN-01A,TCGA-SX-A7SN-01A,1.0,0.0,0.0,0.0,0.0
13,16034212,-,13,16050261,+,KIRP,5057,TCGA-SX-A7SN-01A,TCGA-SX-A7SN-01A,1.0,0.0,0.0,0.0,0.0
16,72695530,-,23,137123319,-,KIRP,5058,TCGA-SX-A7SN-01A,TCGA-SX-A7SN-01A,1.0,0.0,0.0,0.0,0.0
17,22927928,+,17,23162021,-,KIRP,5059,TCGA-SX-A7SN-01A,TCGA-SX-A7SN-01A,1.0,0.0,0.0,0.0,0.0
3,9579105,+,19,3128050,+,KIRP,5060,TCGA-SX-A7SN-01A,TCGA-SX-A7SN-01A,1.0,0.0,0.0,0.0,0.0
3,59363302,-,6,140037929,+,KIRP,5061,TCGA-SX-A7SN-01A,TCGA-SX-A7SN-01A,1.0,0.0,0.0,0.0,0.0
4,6382950,+,22,34786811,+,KIRP,5062,TCGA-SX-A7SN-01A,TCGA-SX-A7SN-01A,1.0,0.0,0.0,0.0,0.0
5,123749507,-,13,85730552,+,KIRP,5063,TCGA-SX-A7SN-01A,TCGA-SX-A7SN-01A,1.0,0.0,0.0,0.0,0.0
5,131351856,-,5,131352035,+,KIRP,5064,TCGA-SX-A7SN-01A,TCGA-SX-A7SN-01A,1.0,0.0,0.0,0.0,0.0
7,29890691,+,7,29891368,-,KIRP,5065,TCGA-SX-A7SN-01A,TCGA-SX-A7SN-01A,1.0,0.0,0.0,0.0,0.0
1,122446738,-,1,122471303,+,KIRP,5066,TCGA-SX-A7SP-01A,TCGA-SX-A7SP-01A,1.0,0.0,0.0,0.0,0.0
1,154174408,+,20,47511556,+,KIRP,5067,TCGA-SX-A7SP-01A,TCGA-SX-A7SP-01A,1.0,0.0,0.0,0.0,0.0
1,248830331,-,5,180531201,-,KIRP,5068,TCGA-SX-A7SP-01A,TCGA-SX-A7SP-01A,1.0,0.0,0.0,0.0,0.0
12,9739642,-,21,22819008,+,KIRP,5069,TCGA-SX-A7SP-01A,TCGA-SX-A7SP-01A,1.0,0.0,0.0,0.0,0.0
14,51178179,-,15,95749148,+,KIRP,5070,TCGA-SX-A7SP-01A,TCGA-SX-A7SP-01A,1.0,0.0,0.0,0.0,0.0
17,17327920,-,18,68112350,-,KIRP,5071,TCGA-SX-A7SP-01A,TCGA-SX-A7SP-01A,1.0,0.0,0.0,0.0,0.0
18,31389726,+,18,31390557,-,KIRP,5072,TCGA-SX-A7SP-01A,TCGA-SX-A7SP-01A,1.0,0.0,0.0,0.0,0.0
4,137035892,-,5,68131028,+,KIRP,5073,TCGA-SX-A7SP-01A,TCGA-SX-A7SP-01A,1.0,0.0,0.0,0.0,0.0
5,49805030,-,5,49952876,+,KIRP,5074,TCGA-SX-A7SP-01A,TCGA-SX-A7SP-01A,1.0,0.0,0.0,0.0,0.0
8,45399366,-,8,45678791,+,KIRP,5075,TCGA-SX-A7SP-01A,TCGA-SX-A7SP-01A,1.0,0.0,0.0,0.0,0.0
8,114237596,+,11,73252328,+,KIRP,5076,TCGA-SX-A7SP-01A,TCGA-SX-A7SP-01A,1.0,0.0,0.0,0.0,0.0
1,15502917,-,7,148936158,+,KIRP,5077,TCGA-SX-A7SQ-01A,TCGA-SX-A7SQ-01A,1.0,0.0,0.0,0.0,0.0
10,39574548,-,10,41282317,+,KIRP,5078,TCGA-SX-A7SQ-01A,TCGA-SX-A7SQ-01A,1.0,0.0,0.0,0.0,0.0
11,47642106,-,14,68794686,-,KIRP,5079,TCGA-SX-A7SQ-01A,TCGA-SX-A7SQ-01A,1.0,0.0,0.0,0.0,0.0
11,54371861,+,11,54394105,-,KIRP,5080,TCGA-SX-A7SQ-01A,TCGA-SX-A7SQ-01A,1.0,0.0,0.0,0.0,0.0
11,106173854,+,15,75431084,+,KIRP,5081,TCGA-SX-A7SQ-01A,TCGA-SX-A7SQ-01A,1.0,0.0,0.0,0.0,0.0
13,18627822,+,18,14431962,+,KIRP,5082,TCGA-SX-A7SQ-01A,TCGA-SX-A7SQ-01A,1.0,0.0,0.0,0.0,0.0
16,34255946,-,16,36322671,+,KIRP,5083,TCGA-SX-A7SQ-01A,TCGA-SX-A7SQ-01A,1.0,0.0,0.0,0.0,0.0
16,34729380,+,16,34731814,-,KIRP,5084,TCGA-SX-A7SQ-01A,TCGA-SX-A7SQ-01A,1.0,0.0,0.0,0.0,0.0
16,89216462,-,16,89216551,+,KIRP,5085,TCGA-SX-A7SQ-01A,TCGA-SX-A7SQ-01A,1.0,0.0,0.0,0.0,0.0
17,26944864,-,18,15223064,-,KIRP,5086,TCGA-SX-A7SQ-01A,TCGA-SX-A7SQ-01A,1.0,0.0,0.0,0.0,0.0
2,92998209,+,2,93602506,-,KIRP,5087,TCGA-SX-A7SQ-01A,TCGA-SX-A7SQ-01A,1.0,0.0,0.0,0.0,0.0
2,134453922,-,12,107576977,-,KIRP,5088,TCGA-SX-A7SQ-01A,TCGA-SX-A7SQ-01A,1.0,0.0,0.0,0.0,0.0
2,134454135,-,12,107576890,-,KIRP,5089,TCGA-SX-A7SQ-01A,TCGA-SX-A7SQ-01A,1.0,0.0,0.0,0.0,0.0
2,134454194,+,12,107576890,+,KIRP,5090,TCGA-SX-A7SQ-01A,TCGA-SX-A7SQ-01A,1.0,0.0,0.0,0.0,0.0
20,44281703,+,23,146192926,+,KIRP,5091,TCGA-SX-A7SQ-01A,TCGA-SX-A7SQ-01A,1.0,0.0,0.0,0.0,0.0
5,46664390,+,5,46669650,-,KIRP,5092,TCGA-SX-A7SQ-01A,TCGA-SX-A7SQ-01A,1.0,0.0,0.0,0.0,0.0
7,103743135,+,7,104211657,-,KIRP,5093,TCGA-SX-A7SQ-01A,TCGA-SX-A7SQ-01A,1.0,0.0,0.0,0.0,0.0
7,103747029,-,7,104221054,+,KIRP,5094,TCGA-SX-A7SQ-01A,TCGA-SX-A7SQ-01A,1.0,0.0,0.0,0.0,0.0
8,39578365,+,8,43143485,+,KIRP,5095,TCGA-SX-A7SQ-01A,TCGA-SX-A7SQ-01A,1.0,0.0,0.0,0.0,0.0
9,138155850,+,18,68092,+,KIRP,5096,TCGA-SX-A7SQ-01A,TCGA-SX-A7SQ-01A,1.0,0.0,0.0,0.0,0.0
23,56970377,-,23,56970629,+,KIRP,5097,TCGA-SX-A7SQ-01A,TCGA-SX-A7SQ-01A,1.0,0.0,0.0,0.0,0.0
1,99177598,-,1,99179827,+,KIRP,5098,TCGA-SX-A7SS-01A,TCGA-SX-A7SS-01A,1.0,0.0,0.0,0.0,0.0
1,211400105,-,23,106408565,+,KIRP,5099,TCGA-SX-A7SS-01A,TCGA-SX-A7SS-01A,1.0,0.0,0.0,0.0,0.0
1,211400106,-,4,151682325,-,KIRP,5100,TCGA-SX-A7SS-01A,TCGA-SX-A7SS-01A,1.0,0.0,0.0,0.0,0.0
1,211493487,+,4,162032389,-,KIRP,5101,TCGA-SX-A7SS-01A,TCGA-SX-A7SS-01A,1.0,0.0,0.0,0.0,0.0
1,217514789,-,6,124564414,+,KIRP,5102,TCGA-SX-A7SS-01A,TCGA-SX-A7SS-01A,1.0,0.0,0.0,0.0,0.0
1,217514892,-,13,64888799,+,KIRP,5103,TCGA-SX-A7SS-01A,TCGA-SX-A7SS-01A,1.0,0.0,0.0,0.0,0.0
10,38119441,-,10,38119653,+,KIRP,5104,TCGA-SX-A7SS-01A,TCGA-SX-A7SS-01A,1.0,0.0,0.0,0.0,0.0
10,61811700,+,10,61812347,-,KIRP,5105,TCGA-SX-A7SS-01A,TCGA-SX-A7SS-01A,1.0,0.0,0.0,0.0,0.0
11,62375427,-,16,71399023,+,KIRP,5106,TCGA-SX-A7SS-01A,TCGA-SX-A7SS-01A,1.0,0.0,0.0,0.0,0.0
12,44924232,+,12,45178393,-,KIRP,5107,TCGA-SX-A7SS-01A,TCGA-SX-A7SS-01A,1.0,0.0,0.0,0.0,0.0
12,48627770,+,12,50345362,+,KIRP,5108,TCGA-SX-A7SS-01A,TCGA-SX-A7SS-01A,1.0,0.0,0.0,0.0,0.0
12,50346721,+,12,54179282,-,KIRP,5109,TCGA-SX-A7SS-01A,TCGA-SX-A7SS-01A,1.0,0.0,0.0,0.0,0.0
12,54278805,+,12,54474137,-,KIRP,5110,TCGA-SX-A7SS-01A,TCGA-SX-A7SS-01A,1.0,0.0,0.0,0.0,0.0
13,16427327,+,13,16824767,-,KIRP,5111,TCGA-SX-A7SS-01A,TCGA-SX-A7SS-01A,1.0,0.0,0.0,0.0,0.0
16,28262885,-,16,28295980,+,KIRP,5112,TCGA-SX-A7SS-01A,TCGA-SX-A7SS-01A,1.0,0.0,0.0,0.0,0.0
18,15558524,+,18,15704778,-,KIRP,5113,TCGA-SX-A7SS-01A,TCGA-SX-A7SS-01A,1.0,0.0,0.0,0.0,0.0
18,15653787,-,18,15679657,+,KIRP,5114,TCGA-SX-A7SS-01A,TCGA-SX-A7SS-01A,1.0,0.0,0.0,0.0,0.0
2,129026507,-,16,4476232,+,KIRP,5115,TCGA-SX-A7SS-01A,TCGA-SX-A7SS-01A,1.0,0.0,0.0,0.0,0.0
2,129026748,-,16,4476121,-,KIRP,5116,TCGA-SX-A7SS-01A,TCGA-SX-A7SS-01A,1.0,0.0,0.0,0.0,0.0
2,129026748,-,16,4476162,+,KIRP,5117,TCGA-SX-A7SS-01A,TCGA-SX-A7SS-01A,1.0,0.0,0.0,0.0,0.0
2,129026892,+,16,4476728,-,KIRP,5118,TCGA-SX-A7SS-01A,TCGA-SX-A7SS-01A,1.0,0.0,0.0,0.0,0.0
2,129026892,+,5,85296885,+,KIRP,5119,TCGA-SX-A7SS-01A,TCGA-SX-A7SS-01A,1.0,0.0,0.0,0.0,0.0
22,23344648,-,22,24675148,+,KIRP,5120,TCGA-SX-A7SS-01A,TCGA-SX-A7SS-01A,1.0,0.0,0.0,0.0,0.0
3,90996337,+,3,91192487,-,KIRP,5121,TCGA-SX-A7SS-01A,TCGA-SX-A7SS-01A,1.0,0.0,0.0,0.0,0.0
4,3934016,-,4,9711913,-,KIRP,5122,TCGA-SX-A7SS-01A,TCGA-SX-A7SS-01A,1.0,0.0,0.0,0.0,0.0
4,40735631,-,4,40736049,+,KIRP,5123,TCGA-SX-A7SS-01A,TCGA-SX-A7SS-01A,1.0,0.0,0.0,0.0,0.0
4,151382480,+,4,163762320,+,KIRP,5124,TCGA-SX-A7SS-01A,TCGA-SX-A7SS-01A,1.0,0.0,0.0,0.0,0.0
4,151682324,-,23,106408426,-,KIRP,5125,TCGA-SX-A7SS-01A,TCGA-SX-A7SS-01A,1.0,0.0,0.0,0.0,0.0
4,155464155,+,5,111001832,+,KIRP,5126,TCGA-SX-A7SS-01A,TCGA-SX-A7SS-01A,1.0,0.0,0.0,0.0,0.0
4,155464156,+,4,155783886,-,KIRP,5127,TCGA-SX-A7SS-01A,TCGA-SX-A7SS-01A,1.0,0.0,0.0,0.0,0.0
4,155783885,-,5,111001574,-,KIRP,5128,TCGA-SX-A7SS-01A,TCGA-SX-A7SS-01A,1.0,0.0,0.0,0.0,0.0
4,160267450,+,6,124563828,-,KIRP,5129,TCGA-SX-A7SS-01A,TCGA-SX-A7SS-01A,1.0,0.0,0.0,0.0,0.0
4,160267699,+,13,64888436,-,KIRP,5130,TCGA-SX-A7SS-01A,TCGA-SX-A7SS-01A,1.0,0.0,0.0,0.0,0.0
4,178050006,+,7,29273390,-,KIRP,5131,TCGA-SX-A7SS-01A,TCGA-SX-A7SS-01A,1.0,0.0,0.0,0.0,0.0
5,85296797,-,16,4476728,-,KIRP,5132,TCGA-SX-A7SS-01A,TCGA-SX-A7SS-01A,1.0,0.0,0.0,0.0,0.0
5,85297134,+,16,4475872,-,KIRP,5133,TCGA-SX-A7SS-01A,TCGA-SX-A7SS-01A,1.0,0.0,0.0,0.0,0.0
5,85297146,+,16,4476357,+,KIRP,5134,TCGA-SX-A7SS-01A,TCGA-SX-A7SS-01A,1.0,0.0,0.0,0.0,0.0
6,124564232,+,13,64888644,-,KIRP,5135,TCGA-SX-A7SS-01A,TCGA-SX-A7SS-01A,1.0,0.0,0.0,0.0,0.0
1,15860429,+,18,49767054,-,KIRP,5136,TCGA-SX-A7SU-01A,TCGA-SX-A7SU-01A,1.0,0.0,0.0,0.0,0.0
1,123564973,-,5,49624644,-,KIRP,5137,TCGA-SX-A7SU-01A,TCGA-SX-A7SU-01A,1.0,0.0,0.0,0.0,0.0
13,18628419,-,18,14431724,-,KIRP,5138,TCGA-SX-A7SU-01A,TCGA-SX-A7SU-01A,1.0,0.0,0.0,0.0,0.0
2,157059087,-,2,157059195,+,KIRP,5139,TCGA-SX-A7SU-01A,TCGA-SX-A7SU-01A,1.0,0.0,0.0,0.0,0.0
3,188785527,-,4,23638513,+,KIRP,5140,TCGA-SX-A7SU-01A,TCGA-SX-A7SU-01A,1.0,0.0,0.0,0.0,0.0
4,185607272,-,4,185607434,+,KIRP,5141,TCGA-SX-A7SU-01A,TCGA-SX-A7SU-01A,1.0,0.0,0.0,0.0,0.0
6,152226081,-,6,152227602,+,KIRP,5142,TCGA-SX-A7SU-01A,TCGA-SX-A7SU-01A,1.0,0.0,0.0,0.0,0.0
7,26325328,+,14,22642315,-,KIRP,5143,TCGA-SX-A7SU-01A,TCGA-SX-A7SU-01A,1.0,0.0,0.0,0.0,0.0
8,121970096,-,11,34877932,+,KIRP,5144,TCGA-SX-A7SU-01A,TCGA-SX-A7SU-01A,1.0,0.0,0.0,0.0,0.0
1,119421403,-,8,76835240,+,KIRP,5145,TCGA-UN-AAZ9-01A,TCGA-UN-AAZ9-01A,1.0,0.0,0.0,0.0,0.0
1,157311220,+,1,157400596,+,KIRP,5146,TCGA-UN-AAZ9-01A,TCGA-UN-AAZ9-01A,1.0,0.0,0.0,0.0,0.0
10,33028549,+,20,61176832,+,KIRP,5147,TCGA-UN-AAZ9-01A,TCGA-UN-AAZ9-01A,1.0,0.0,0.0,0.0,0.0
18,15537641,-,18,15597076,+,KIRP,5148,TCGA-UN-AAZ9-01A,TCGA-UN-AAZ9-01A,1.0,0.0,0.0,0.0,0.0
2,131791229,-,2,228092142,-,KIRP,5149,TCGA-UN-AAZ9-01A,TCGA-UN-AAZ9-01A,1.0,0.0,0.0,0.0,0.0
2,131791329,+,2,228092108,+,KIRP,5150,TCGA-UN-AAZ9-01A,TCGA-UN-AAZ9-01A,1.0,0.0,0.0,0.0,0.0
2,147378290,+,2,195594244,-,KIRP,5151,TCGA-UN-AAZ9-01A,TCGA-UN-AAZ9-01A,1.0,0.0,0.0,0.0,0.0
2,173980787,-,12,86012754,-,KIRP,5152,TCGA-UN-AAZ9-01A,TCGA-UN-AAZ9-01A,1.0,0.0,0.0,0.0,0.0
3,112342081,-,10,3930410,+,KIRP,5153,TCGA-UN-AAZ9-01A,TCGA-UN-AAZ9-01A,1.0,0.0,0.0,0.0,0.0
4,8548738,+,7,138222103,+,KIRP,5154,TCGA-UN-AAZ9-01A,TCGA-UN-AAZ9-01A,1.0,0.0,0.0,0.0,0.0
4,39107307,+,6,28991404,-,KIRP,5155,TCGA-UN-AAZ9-01A,TCGA-UN-AAZ9-01A,1.0,0.0,0.0,0.0,0.0
4,46118132,-,5,145697037,-,KIRP,5156,TCGA-UN-AAZ9-01A,TCGA-UN-AAZ9-01A,1.0,0.0,0.0,0.0,0.0
5,165780807,-,23,1212991,-,KIRP,5157,TCGA-UN-AAZ9-01A,TCGA-UN-AAZ9-01A,1.0,0.0,0.0,0.0,0.0
9,33575509,+,9,92895383,+,KIRP,5158,TCGA-UN-AAZ9-01A,TCGA-UN-AAZ9-01A,1.0,0.0,0.0,0.0,0.0
9,42295703,+,9,66824410,+,KIRP,5159,TCGA-UN-AAZ9-01A,TCGA-UN-AAZ9-01A,1.0,0.0,0.0,0.0,0.0
1,171630342,-,23,286457,+,KIRP,5160,TCGA-UZ-A9PJ-01A,TCGA-UZ-A9PJ-01A,1.0,0.0,0.0,0.0,0.0
10,39338098,+,10,39341918,-,KIRP,5161,TCGA-UZ-A9PJ-01A,TCGA-UZ-A9PJ-01A,1.0,0.0,0.0,0.0,0.0
11,47576736,+,17,37814491,-,KIRP,5162,TCGA-UZ-A9PJ-01A,TCGA-UZ-A9PJ-01A,1.0,0.0,0.0,0.0,0.0
11,52651181,+,11,53292414,-,KIRP,5163,TCGA-UZ-A9PJ-01A,TCGA-UZ-A9PJ-01A,1.0,0.0,0.0,0.0,0.0
11,53223089,-,11,53984105,+,KIRP,5164,TCGA-UZ-A9PJ-01A,TCGA-UZ-A9PJ-01A,1.0,0.0,0.0,0.0,0.0
11,54371222,+,11,54381535,-,KIRP,5165,TCGA-UZ-A9PJ-01A,TCGA-UZ-A9PJ-01A,1.0,0.0,0.0,0.0,0.0
12,11509356,-,17,37507938,+,KIRP,5166,TCGA-UZ-A9PJ-01A,TCGA-UZ-A9PJ-01A,1.0,0.0,0.0,0.0,0.0
12,11509495,-,17,37507671,+,KIRP,5167,TCGA-UZ-A9PJ-01A,TCGA-UZ-A9PJ-01A,1.0,0.0,0.0,0.0,0.0
12,11509765,+,12,107912647,+,KIRP,5168,TCGA-UZ-A9PJ-01A,TCGA-UZ-A9PJ-01A,1.0,0.0,0.0,0.0,0.0
12,107912376,-,18,76430982,-,KIRP,5169,TCGA-UZ-A9PJ-01A,TCGA-UZ-A9PJ-01A,1.0,0.0,0.0,0.0,0.0
13,16291111,+,13,16824964,-,KIRP,5170,TCGA-UZ-A9PJ-01A,TCGA-UZ-A9PJ-01A,1.0,0.0,0.0,0.0,0.0
13,16603378,-,13,17086751,+,KIRP,5171,TCGA-UZ-A9PJ-01A,TCGA-UZ-A9PJ-01A,1.0,0.0,0.0,0.0,0.0
15,21245161,-,23,100234034,-,KIRP,5172,TCGA-UZ-A9PJ-01A,TCGA-UZ-A9PJ-01A,1.0,0.0,0.0,0.0,0.0
16,1440490,+,19,1702467,-,KIRP,5173,TCGA-UZ-A9PJ-01A,TCGA-UZ-A9PJ-01A,1.0,0.0,0.0,0.0,0.0
17,24175810,-,17,24176308,+,KIRP,5174,TCGA-UZ-A9PJ-01A,TCGA-UZ-A9PJ-01A,1.0,0.0,0.0,0.0,0.0
17,37507684,-,20,51311809,+,KIRP,5175,TCGA-UZ-A9PJ-01A,TCGA-UZ-A9PJ-01A,1.0,0.0,0.0,0.0,0.0
18,15573772,-,18,15772307,+,KIRP,5176,TCGA-UZ-A9PJ-01A,TCGA-UZ-A9PJ-01A,1.0,0.0,0.0,0.0,0.0
18,76430957,+,20,51311697,-,KIRP,5177,TCGA-UZ-A9PJ-01A,TCGA-UZ-A9PJ-01A,1.0,0.0,0.0,0.0,0.0
2,94518338,-,9,64977118,-,KIRP,5178,TCGA-UZ-A9PJ-01A,TCGA-UZ-A9PJ-01A,1.0,0.0,0.0,0.0,0.0
2,240250994,-,6,11232116,+,KIRP,5179,TCGA-UZ-A9PJ-01A,TCGA-UZ-A9PJ-01A,1.0,0.0,0.0,0.0,0.0
2,240251142,-,12,11509498,-,KIRP,5180,TCGA-UZ-A9PJ-01A,TCGA-UZ-A9PJ-01A,1.0,0.0,0.0,0.0,0.0
2,240251252,+,17,37507770,+,KIRP,5181,TCGA-UZ-A9PJ-01A,TCGA-UZ-A9PJ-01A,1.0,0.0,0.0,0.0,0.0
2,240251408,+,20,51311943,+,KIRP,5182,TCGA-UZ-A9PJ-01A,TCGA-UZ-A9PJ-01A,1.0,0.0,0.0,0.0,0.0
2,240251413,+,18,76431003,+,KIRP,5183,TCGA-UZ-A9PJ-01A,TCGA-UZ-A9PJ-01A,1.0,0.0,0.0,0.0,0.0
20,26364240,+,20,26366218,-,KIRP,5184,TCGA-UZ-A9PJ-01A,TCGA-UZ-A9PJ-01A,1.0,0.0,0.0,0.0,0.0
20,26482302,+,20,26491512,-,KIRP,5185,TCGA-UZ-A9PJ-01A,TCGA-UZ-A9PJ-01A,1.0,0.0,0.0,0.0,0.0
3,90864619,+,3,91172833,-,KIRP,5186,TCGA-UZ-A9PJ-01A,TCGA-UZ-A9PJ-01A,1.0,0.0,0.0,0.0,0.0
3,91192709,-,3,91257455,-,KIRP,5187,TCGA-UZ-A9PJ-01A,TCGA-UZ-A9PJ-01A,1.0,0.0,0.0,0.0,0.0
5,27097986,-,12,11509772,+,KIRP,5188,TCGA-UZ-A9PJ-01A,TCGA-UZ-A9PJ-01A,1.0,0.0,0.0,0.0,0.0
5,27098007,-,6,11231739,-,KIRP,5189,TCGA-UZ-A9PJ-01A,TCGA-UZ-A9PJ-01A,1.0,0.0,0.0,0.0,0.0
5,27098149,-,12,107912375,-,KIRP,5190,TCGA-UZ-A9PJ-01A,TCGA-UZ-A9PJ-01A,1.0,0.0,0.0,0.0,0.0
5,27098234,+,18,76430981,-,KIRP,5191,TCGA-UZ-A9PJ-01A,TCGA-UZ-A9PJ-01A,1.0,0.0,0.0,0.0,0.0
5,49681652,+,5,49684539,-,KIRP,5192,TCGA-UZ-A9PJ-01A,TCGA-UZ-A9PJ-01A,1.0,0.0,0.0,0.0,0.0
5,49707781,-,5,49832848,+,KIRP,5193,TCGA-UZ-A9PJ-01A,TCGA-UZ-A9PJ-01A,1.0,0.0,0.0,0.0,0.0
6,11231882,-,12,107912491,+,KIRP,5194,TCGA-UZ-A9PJ-01A,TCGA-UZ-A9PJ-01A,1.0,0.0,0.0,0.0,0.0
6,11232110,+,12,11509755,+,KIRP,5195,TCGA-UZ-A9PJ-01A,TCGA-UZ-A9PJ-01A,1.0,0.0,0.0,0.0,0.0
7,61488269,+,7,61515429,-,KIRP,5196,TCGA-UZ-A9PJ-01A,TCGA-UZ-A9PJ-01A,1.0,0.0,0.0,0.0,0.0
8,44829372,+,8,45176634,-,KIRP,5197,TCGA-UZ-A9PJ-01A,TCGA-UZ-A9PJ-01A,1.0,0.0,0.0,0.0,0.0
9,44280600,-,9,45114279,+,KIRP,5198,TCGA-UZ-A9PJ-01A,TCGA-UZ-A9PJ-01A,1.0,0.0,0.0,0.0,0.0
1,205563419,+,16,54347231,-,KIRP,5199,TCGA-UZ-A9PK-01A,TCGA-UZ-A9PK-01A,1.0,0.0,0.0,0.0,0.0
10,39561292,-,10,41708940,+,KIRP,5200,TCGA-UZ-A9PK-01A,TCGA-UZ-A9PK-01A,1.0,0.0,0.0,0.0,0.0
11,52730262,+,11,53166214,-,KIRP,5201,TCGA-UZ-A9PK-01A,TCGA-UZ-A9PK-01A,1.0,0.0,0.0,0.0,0.0
11,54347344,-,11,54405688,+,KIRP,5202,TCGA-UZ-A9PK-01A,TCGA-UZ-A9PK-01A,1.0,0.0,0.0,0.0,0.0
12,37845394,-,19,24319479,-,KIRP,5203,TCGA-UZ-A9PK-01A,TCGA-UZ-A9PK-01A,1.0,0.0,0.0,0.0,0.0
12,38642493,-,14,36025939,-,KIRP,5204,TCGA-UZ-A9PK-01A,TCGA-UZ-A9PK-01A,1.0,0.0,0.0,0.0,0.0
3,10134128,-,16,67869675,+,KIRP,5205,TCGA-UZ-A9PK-01A,TCGA-UZ-A9PK-01A,1.0,0.0,0.0,0.0,0.0
3,51264830,-,19,22483690,-,KIRP,5206,TCGA-UZ-A9PK-01A,TCGA-UZ-A9PK-01A,1.0,0.0,0.0,0.0,0.0
3,90993726,+,3,91066638,-,KIRP,5207,TCGA-UZ-A9PK-01A,TCGA-UZ-A9PK-01A,1.0,0.0,0.0,0.0,0.0
3,91066631,-,3,91114152,+,KIRP,5208,TCGA-UZ-A9PK-01A,TCGA-UZ-A9PK-01A,1.0,0.0,0.0,0.0,0.0
3,184438795,-,9,110144931,+,KIRP,5209,TCGA-UZ-A9PK-01A,TCGA-UZ-A9PK-01A,1.0,0.0,0.0,0.0,0.0
5,49909171,-,5,49922393,+,KIRP,5210,TCGA-UZ-A9PK-01A,TCGA-UZ-A9PK-01A,1.0,0.0,0.0,0.0,0.0
7,57895669,-,7,57918051,+,KIRP,5211,TCGA-UZ-A9PK-01A,TCGA-UZ-A9PK-01A,1.0,0.0,0.0,0.0,0.0
8,92178202,-,8,92183076,-,KIRP,5212,TCGA-UZ-A9PK-01A,TCGA-UZ-A9PK-01A,1.0,0.0,0.0,0.0,0.0
9,68471646,-,15,59704724,-,KIRP,5213,TCGA-UZ-A9PK-01A,TCGA-UZ-A9PK-01A,1.0,0.0,0.0,0.0,0.0
1,121692837,-,1,122167121,-,KIRP,5214,TCGA-UZ-A9PL-01A,TCGA-UZ-A9PL-01A,1.0,0.0,0.0,0.0,0.0
1,123501901,+,1,123931373,-,KIRP,5215,TCGA-UZ-A9PL-01A,TCGA-UZ-A9PL-01A,1.0,0.0,0.0,0.0,0.0
10,40658154,+,10,41251597,-,KIRP,5216,TCGA-UZ-A9PL-01A,TCGA-UZ-A9PL-01A,1.0,0.0,0.0,0.0,0.0
11,47642192,-,14,68794772,-,KIRP,5217,TCGA-UZ-A9PL-01A,TCGA-UZ-A9PL-01A,1.0,0.0,0.0,0.0,0.0
11,62375452,-,16,71399027,+,KIRP,5218,TCGA-UZ-A9PL-01A,TCGA-UZ-A9PL-01A,1.0,0.0,0.0,0.0,0.0
13,16397047,+,13,17268665,-,KIRP,5219,TCGA-UZ-A9PL-01A,TCGA-UZ-A9PL-01A,1.0,0.0,0.0,0.0,0.0
13,17004297,-,13,17108169,+,KIRP,5220,TCGA-UZ-A9PL-01A,TCGA-UZ-A9PL-01A,1.0,0.0,0.0,0.0,0.0
16,37725520,-,16,37915625,+,KIRP,5221,TCGA-UZ-A9PL-01A,TCGA-UZ-A9PL-01A,1.0,0.0,0.0,0.0,0.0
17,10107405,-,17,10107716,+,KIRP,5222,TCGA-UZ-A9PL-01A,TCGA-UZ-A9PL-01A,1.0,0.0,0.0,0.0,0.0
18,15665493,-,18,15711639,+,KIRP,5223,TCGA-UZ-A9PL-01A,TCGA-UZ-A9PL-01A,1.0,0.0,0.0,0.0,0.0
2,136299225,+,19,8574443,-,KIRP,5224,TCGA-UZ-A9PL-01A,TCGA-UZ-A9PL-01A,1.0,0.0,0.0,0.0,0.0
3,90282953,-,20,30462433,+,KIRP,5225,TCGA-UZ-A9PL-01A,TCGA-UZ-A9PL-01A,1.0,0.0,0.0,0.0,0.0
7,4497434,-,7,9622010,+,KIRP,5226,TCGA-UZ-A9PL-01A,TCGA-UZ-A9PL-01A,1.0,0.0,0.0,0.0,0.0
7,58822227,-,7,60163882,+,KIRP,5227,TCGA-UZ-A9PL-01A,TCGA-UZ-A9PL-01A,1.0,0.0,0.0,0.0,0.0
7,59182392,+,7,139698890,+,KIRP,5228,TCGA-UZ-A9PL-01A,TCGA-UZ-A9PL-01A,1.0,0.0,0.0,0.0,0.0
7,61480186,-,7,61502142,+,KIRP,5229,TCGA-UZ-A9PL-01A,TCGA-UZ-A9PL-01A,1.0,0.0,0.0,0.0,0.0
7,66750235,-,7,115224770,-,KIRP,5230,TCGA-UZ-A9PL-01A,TCGA-UZ-A9PL-01A,1.0,0.0,0.0,0.0,0.0
7,74429962,+,7,129946041,-,KIRP,5231,TCGA-UZ-A9PL-01A,TCGA-UZ-A9PL-01A,1.0,0.0,0.0,0.0,0.0
7,117148865,+,7,117154276,+,KIRP,5232,TCGA-UZ-A9PL-01A,TCGA-UZ-A9PL-01A,1.0,0.0,0.0,0.0,0.0
7,134976421,+,7,135052912,-,KIRP,5233,TCGA-UZ-A9PL-01A,TCGA-UZ-A9PL-01A,1.0,0.0,0.0,0.0,0.0
8,23522862,+,23,1048776,+,KIRP,5234,TCGA-UZ-A9PL-01A,TCGA-UZ-A9PL-01A,1.0,0.0,0.0,0.0,0.0
8,80797219,+,20,43068031,-,KIRP,5235,TCGA-UZ-A9PL-01A,TCGA-UZ-A9PL-01A,1.0,0.0,0.0,0.0,0.0
10,15331880,-,10,23817962,-,KIRP,5236,TCGA-UZ-A9PM-01A,TCGA-UZ-A9PM-01A,1.0,0.0,0.0,0.0,0.0
11,48970398,-,11,55276517,-,KIRP,5237,TCGA-UZ-A9PM-01A,TCGA-UZ-A9PM-01A,1.0,0.0,0.0,0.0,0.0
14,61528974,-,23,65722442,+,KIRP,5238,TCGA-UZ-A9PM-01A,TCGA-UZ-A9PM-01A,1.0,0.0,0.0,0.0,0.0
20,28876191,-,24,10244452,+,KIRP,5239,TCGA-UZ-A9PM-01A,TCGA-UZ-A9PM-01A,1.0,0.0,0.0,0.0,0.0
20,29720844,-,20,30148858,-,KIRP,5240,TCGA-UZ-A9PM-01A,TCGA-UZ-A9PM-01A,1.0,0.0,0.0,0.0,0.0
4,9703203,-,7,20669749,+,KIRP,5241,TCGA-UZ-A9PM-01A,TCGA-UZ-A9PM-01A,1.0,0.0,0.0,0.0,0.0
6,46479328,-,6,46479938,+,KIRP,5242,TCGA-UZ-A9PM-01A,TCGA-UZ-A9PM-01A,1.0,0.0,0.0,0.0,0.0
7,47880175,+,17,16106869,-,KIRP,5243,TCGA-UZ-A9PM-01A,TCGA-UZ-A9PM-01A,1.0,0.0,0.0,0.0,0.0
7,75790221,+,19,8982180,+,KIRP,5244,TCGA-UZ-A9PM-01A,TCGA-UZ-A9PM-01A,1.0,0.0,0.0,0.0,0.0
9,43429183,-,9,44020556,+,KIRP,5245,TCGA-UZ-A9PM-01A,TCGA-UZ-A9PM-01A,1.0,0.0,0.0,0.0,0.0
1,32231252,+,22,35854314,-,KIRP,5246,TCGA-UZ-A9PN-01A,TCGA-UZ-A9PN-01A,1.0,0.0,0.0,0.0,0.0
1,84044182,+,2,176049003,+,KIRP,5247,TCGA-UZ-A9PN-01A,TCGA-UZ-A9PN-01A,1.0,0.0,0.0,0.0,0.0
10,39409901,+,23,58444942,+,KIRP,5248,TCGA-UZ-A9PN-01A,TCGA-UZ-A9PN-01A,1.0,0.0,0.0,0.0,0.0
10,39899415,-,10,39915095,+,KIRP,5249,TCGA-UZ-A9PN-01A,TCGA-UZ-A9PN-01A,1.0,0.0,0.0,0.0,0.0
11,118097114,-,22,27728889,+,KIRP,5250,TCGA-UZ-A9PN-01A,TCGA-UZ-A9PN-01A,1.0,0.0,0.0,0.0,0.0
17,4758151,+,17,4758835,-,KIRP,5251,TCGA-UZ-A9PN-01A,TCGA-UZ-A9PN-01A,1.0,0.0,0.0,0.0,0.0
18,15653756,-,18,15679672,+,KIRP,5252,TCGA-UZ-A9PN-01A,TCGA-UZ-A9PN-01A,1.0,0.0,0.0,0.0,0.0
2,182540397,-,6,96885362,+,KIRP,5253,TCGA-UZ-A9PN-01A,TCGA-UZ-A9PN-01A,1.0,0.0,0.0,0.0,0.0
2,212101366,+,7,146947559,-,KIRP,5254,TCGA-UZ-A9PN-01A,TCGA-UZ-A9PN-01A,1.0,0.0,0.0,0.0,0.0
22,29604377,-,22,29645234,+,KIRP,5255,TCGA-UZ-A9PN-01A,TCGA-UZ-A9PN-01A,1.0,0.0,0.0,0.0,0.0
3,90824509,+,3,91209962,-,KIRP,5256,TCGA-UZ-A9PN-01A,TCGA-UZ-A9PN-01A,1.0,0.0,0.0,0.0,0.0
4,162443563,+,4,162445136,-,KIRP,5257,TCGA-UZ-A9PN-01A,TCGA-UZ-A9PN-01A,1.0,0.0,0.0,0.0,0.0
4,162443568,-,4,162445464,-,KIRP,5258,TCGA-UZ-A9PN-01A,TCGA-UZ-A9PN-01A,1.0,0.0,0.0,0.0,0.0
4,162444142,+,4,162445460,+,KIRP,5259,TCGA-UZ-A9PN-01A,TCGA-UZ-A9PN-01A,1.0,0.0,0.0,0.0,0.0
5,1303729,+,5,16490120,-,KIRP,5260,TCGA-UZ-A9PN-01A,TCGA-UZ-A9PN-01A,1.0,0.0,0.0,0.0,0.0
5,1312502,-,5,4043873,-,KIRP,5261,TCGA-UZ-A9PN-01A,TCGA-UZ-A9PN-01A,1.0,0.0,0.0,0.0,0.0
5,1557288,+,5,26312411,+,KIRP,5262,TCGA-UZ-A9PN-01A,TCGA-UZ-A9PN-01A,1.0,0.0,0.0,0.0,0.0
5,2607035,-,5,9727804,+,KIRP,5263,TCGA-UZ-A9PN-01A,TCGA-UZ-A9PN-01A,1.0,0.0,0.0,0.0,0.0
5,2729643,+,5,5874932,+,KIRP,5264,TCGA-UZ-A9PN-01A,TCGA-UZ-A9PN-01A,1.0,0.0,0.0,0.0,0.0
5,2730504,-,5,6710656,-,KIRP,5265,TCGA-UZ-A9PN-01A,TCGA-UZ-A9PN-01A,1.0,0.0,0.0,0.0,0.0
5,2730505,-,5,2747382,-,KIRP,5266,TCGA-UZ-A9PN-01A,TCGA-UZ-A9PN-01A,1.0,0.0,0.0,0.0,0.0
5,2747381,-,5,6710749,+,KIRP,5267,TCGA-UZ-A9PN-01A,TCGA-UZ-A9PN-01A,1.0,0.0,0.0,0.0,0.0
5,4042617,+,5,21384149,+,KIRP,5268,TCGA-UZ-A9PN-01A,TCGA-UZ-A9PN-01A,1.0,0.0,0.0,0.0,0.0
5,5876647,-,5,8805615,-,KIRP,5269,TCGA-UZ-A9PN-01A,TCGA-UZ-A9PN-01A,1.0,0.0,0.0,0.0,0.0
5,6712731,+,5,13929414,-,KIRP,5270,TCGA-UZ-A9PN-01A,TCGA-UZ-A9PN-01A,1.0,0.0,0.0,0.0,0.0
5,8804065,+,5,21385035,-,KIRP,5271,TCGA-UZ-A9PN-01A,TCGA-UZ-A9PN-01A,1.0,0.0,0.0,0.0,0.0
5,9709582,+,5,9711041,-,KIRP,5272,TCGA-UZ-A9PN-01A,TCGA-UZ-A9PN-01A,1.0,0.0,0.0,0.0,0.0
5,9744668,-,5,26336959,-,KIRP,5273,TCGA-UZ-A9PN-01A,TCGA-UZ-A9PN-01A,1.0,0.0,0.0,0.0,0.0
5,13928682,+,5,16489694,+,KIRP,5274,TCGA-UZ-A9PN-01A,TCGA-UZ-A9PN-01A,1.0,0.0,0.0,0.0,0.0
5,87710706,-,5,87717645,+,KIRP,5275,TCGA-UZ-A9PN-01A,TCGA-UZ-A9PN-01A,1.0,0.0,0.0,0.0,0.0
5,123397060,+,5,123397806,-,KIRP,5276,TCGA-UZ-A9PN-01A,TCGA-UZ-A9PN-01A,1.0,0.0,0.0,0.0,0.0
7,61755747,+,7,62174490,-,KIRP,5277,TCGA-UZ-A9PN-01A,TCGA-UZ-A9PN-01A,1.0,0.0,0.0,0.0,0.0
13,16961892,-,13,17302227,+,KIRP,5278,TCGA-UZ-A9PO-01A,TCGA-UZ-A9PO-01A,1.0,0.0,0.0,0.0,0.0
18,15481731,+,18,15684915,-,KIRP,5279,TCGA-UZ-A9PO-01A,TCGA-UZ-A9PO-01A,1.0,0.0,0.0,0.0,0.0
18,15705003,+,18,15706702,-,KIRP,5280,TCGA-UZ-A9PO-01A,TCGA-UZ-A9PO-01A,1.0,0.0,0.0,0.0,0.0
3,188140781,-,3,188140932,+,KIRP,5281,TCGA-UZ-A9PO-01A,TCGA-UZ-A9PO-01A,1.0,0.0,0.0,0.0,0.0
4,58386135,-,4,174122707,+,KIRP,5282,TCGA-UZ-A9PO-01A,TCGA-UZ-A9PO-01A,1.0,0.0,0.0,0.0,0.0
4,132638037,+,4,139473350,-,KIRP,5283,TCGA-UZ-A9PO-01A,TCGA-UZ-A9PO-01A,1.0,0.0,0.0,0.0,0.0
4,132662191,+,4,139303082,-,KIRP,5284,TCGA-UZ-A9PO-01A,TCGA-UZ-A9PO-01A,1.0,0.0,0.0,0.0,0.0
4,132663013,-,4,139437119,+,KIRP,5285,TCGA-UZ-A9PO-01A,TCGA-UZ-A9PO-01A,1.0,0.0,0.0,0.0,0.0
4,132747496,+,4,179861394,-,KIRP,5286,TCGA-UZ-A9PO-01A,TCGA-UZ-A9PO-01A,1.0,0.0,0.0,0.0,0.0
7,48481561,-,11,92183214,-,KIRP,5287,TCGA-UZ-A9PO-01A,TCGA-UZ-A9PO-01A,1.0,0.0,0.0,0.0,0.0
9,44035496,-,9,44695491,+,KIRP,5288,TCGA-UZ-A9PO-01A,TCGA-UZ-A9PO-01A,1.0,0.0,0.0,0.0,0.0
9,61686800,+,20,29587475,-,KIRP,5289,TCGA-UZ-A9PO-01A,TCGA-UZ-A9PO-01A,1.0,0.0,0.0,0.0,0.0
1,122185334,-,1,122215386,+,KIRP,5290,TCGA-UZ-A9PP-01A,TCGA-UZ-A9PP-01A,1.0,0.0,0.0,0.0,0.0
1,122282625,+,1,122392871,-,KIRP,5291,TCGA-UZ-A9PP-01A,TCGA-UZ-A9PP-01A,1.0,0.0,0.0,0.0,0.0
1,124792795,+,1,124794310,-,KIRP,5292,TCGA-UZ-A9PP-01A,TCGA-UZ-A9PP-01A,1.0,0.0,0.0,0.0,0.0
11,52308076,+,11,53766953,-,KIRP,5293,TCGA-UZ-A9PP-01A,TCGA-UZ-A9PP-01A,1.0,0.0,0.0,0.0,0.0
11,54384236,-,11,54549347,+,KIRP,5294,TCGA-UZ-A9PP-01A,TCGA-UZ-A9PP-01A,1.0,0.0,0.0,0.0,0.0
11,54387716,+,11,54402152,-,KIRP,5295,TCGA-UZ-A9PP-01A,TCGA-UZ-A9PP-01A,1.0,0.0,0.0,0.0,0.0
12,34802522,+,12,34807603,-,KIRP,5296,TCGA-UZ-A9PP-01A,TCGA-UZ-A9PP-01A,1.0,0.0,0.0,0.0,0.0
12,36277591,-,12,36841254,+,KIRP,5297,TCGA-UZ-A9PP-01A,TCGA-UZ-A9PP-01A,1.0,0.0,0.0,0.0,0.0
12,54079819,+,20,30287851,-,KIRP,5298,TCGA-UZ-A9PP-01A,TCGA-UZ-A9PP-01A,1.0,0.0,0.0,0.0,0.0
13,18761920,+,21,13866926,-,KIRP,5299,TCGA-UZ-A9PP-01A,TCGA-UZ-A9PP-01A,1.0,0.0,0.0,0.0,0.0
14,102095090,+,16,1871989,+,KIRP,5300,TCGA-UZ-A9PP-01A,TCGA-UZ-A9PP-01A,1.0,0.0,0.0,0.0,0.0
17,22914797,+,17,23151688,-,KIRP,5301,TCGA-UZ-A9PP-01A,TCGA-UZ-A9PP-01A,1.0,0.0,0.0,0.0,0.0
17,22970291,-,17,23014480,+,KIRP,5302,TCGA-UZ-A9PP-01A,TCGA-UZ-A9PP-01A,1.0,0.0,0.0,0.0,0.0
2,199181020,-,8,131311856,+,KIRP,5303,TCGA-UZ-A9PP-01A,TCGA-UZ-A9PP-01A,1.0,0.0,0.0,0.0,0.0
20,28774123,-,22,12404783,-,KIRP,5304,TCGA-UZ-A9PP-01A,TCGA-UZ-A9PP-01A,1.0,0.0,0.0,0.0,0.0
20,29909453,+,20,30030509,-,KIRP,5305,TCGA-UZ-A9PP-01A,TCGA-UZ-A9PP-01A,1.0,0.0,0.0,0.0,0.0
3,8022068,+,3,195745525,+,KIRP,5306,TCGA-UZ-A9PP-01A,TCGA-UZ-A9PP-01A,1.0,0.0,0.0,0.0,0.0
4,150515590,+,4,150517907,-,KIRP,5307,TCGA-UZ-A9PP-01A,TCGA-UZ-A9PP-01A,1.0,0.0,0.0,0.0,0.0
5,49749160,-,5,49832970,+,KIRP,5308,TCGA-UZ-A9PP-01A,TCGA-UZ-A9PP-01A,1.0,0.0,0.0,0.0,0.0
6,58568023,+,6,59773439,-,KIRP,5309,TCGA-UZ-A9PP-01A,TCGA-UZ-A9PP-01A,1.0,0.0,0.0,0.0,0.0
6,58900357,-,6,59663304,+,KIRP,5310,TCGA-UZ-A9PP-01A,TCGA-UZ-A9PP-01A,1.0,0.0,0.0,0.0,0.0
7,58189307,+,7,58237155,-,KIRP,5311,TCGA-UZ-A9PP-01A,TCGA-UZ-A9PP-01A,1.0,0.0,0.0,0.0,0.0
9,43178697,+,18,15403536,-,KIRP,5312,TCGA-UZ-A9PP-01A,TCGA-UZ-A9PP-01A,1.0,0.0,0.0,0.0,0.0
1,171816586,+,23,48281058,+,KIRP,5313,TCGA-UZ-A9PQ-01A,TCGA-UZ-A9PQ-01A,1.0,0.0,0.0,0.0,0.0
1,183660361,+,1,183683056,+,KIRP,5314,TCGA-UZ-A9PQ-01A,TCGA-UZ-A9PQ-01A,1.0,0.0,0.0,0.0,0.0
1,199354180,-,22,28669925,+,KIRP,5315,TCGA-UZ-A9PQ-01A,TCGA-UZ-A9PQ-01A,1.0,0.0,0.0,0.0,0.0
1,236002534,+,20,31416077,+,KIRP,5316,TCGA-UZ-A9PQ-01A,TCGA-UZ-A9PQ-01A,1.0,0.0,0.0,0.0,0.0
10,5566732,-,10,13265524,-,KIRP,5317,TCGA-UZ-A9PQ-01A,TCGA-UZ-A9PQ-01A,1.0,0.0,0.0,0.0,0.0
10,5892533,-,10,10951642,+,KIRP,5318,TCGA-UZ-A9PQ-01A,TCGA-UZ-A9PQ-01A,1.0,0.0,0.0,0.0,0.0
10,5974642,-,10,5998163,-,KIRP,5319,TCGA-UZ-A9PQ-01A,TCGA-UZ-A9PQ-01A,1.0,0.0,0.0,0.0,0.0
10,5976383,+,10,6115858,-,KIRP,5320,TCGA-UZ-A9PQ-01A,TCGA-UZ-A9PQ-01A,1.0,0.0,0.0,0.0,0.0
10,7526326,+,10,19299059,-,KIRP,5321,TCGA-UZ-A9PQ-01A,TCGA-UZ-A9PQ-01A,1.0,0.0,0.0,0.0,0.0
10,8117656,+,10,18850937,-,KIRP,5322,TCGA-UZ-A9PQ-01A,TCGA-UZ-A9PQ-01A,1.0,0.0,0.0,0.0,0.0
10,8292671,-,10,15126653,+,KIRP,5323,TCGA-UZ-A9PQ-01A,TCGA-UZ-A9PQ-01A,1.0,0.0,0.0,0.0,0.0
10,8292816,-,18,10619217,+,KIRP,5324,TCGA-UZ-A9PQ-01A,TCGA-UZ-A9PQ-01A,1.0,0.0,0.0,0.0,0.0
10,8295814,+,10,25205121,-,KIRP,5325,TCGA-UZ-A9PQ-01A,TCGA-UZ-A9PQ-01A,1.0,0.0,0.0,0.0,0.0
10,8321734,-,10,22133724,+,KIRP,5326,TCGA-UZ-A9PQ-01A,TCGA-UZ-A9PQ-01A,1.0,0.0,0.0,0.0,0.0
10,10364129,+,10,10721574,+,KIRP,5327,TCGA-UZ-A9PQ-01A,TCGA-UZ-A9PQ-01A,1.0,0.0,0.0,0.0,0.0
10,10512065,-,10,21777864,+,KIRP,5328,TCGA-UZ-A9PQ-01A,TCGA-UZ-A9PQ-01A,1.0,0.0,0.0,0.0,0.0
10,10909645,-,10,13508259,+,KIRP,5329,TCGA-UZ-A9PQ-01A,TCGA-UZ-A9PQ-01A,1.0,0.0,0.0,0.0,0.0
10,14236010,+,10,22896955,+,KIRP,5330,TCGA-UZ-A9PQ-01A,TCGA-UZ-A9PQ-01A,1.0,0.0,0.0,0.0,0.0
10,15126653,+,18,10619107,-,KIRP,5331,TCGA-UZ-A9PQ-01A,TCGA-UZ-A9PQ-01A,1.0,0.0,0.0,0.0,0.0
10,24577372,-,10,26059806,+,KIRP,5332,TCGA-UZ-A9PQ-01A,TCGA-UZ-A9PQ-01A,1.0,0.0,0.0,0.0,0.0
10,25534410,-,10,32733292,+,KIRP,5333,TCGA-UZ-A9PQ-01A,TCGA-UZ-A9PQ-01A,1.0,0.0,0.0,0.0,0.0
10,26664404,+,10,28343102,-,KIRP,5334,TCGA-UZ-A9PQ-01A,TCGA-UZ-A9PQ-01A,1.0,0.0,0.0,0.0,0.0
10,28349212,+,10,28976350,-,KIRP,5335,TCGA-UZ-A9PQ-01A,TCGA-UZ-A9PQ-01A,1.0,0.0,0.0,0.0,0.0
10,28622819,-,10,29008714,+,KIRP,5336,TCGA-UZ-A9PQ-01A,TCGA-UZ-A9PQ-01A,1.0,0.0,0.0,0.0,0.0
10,29011361,-,10,32691541,-,KIRP,5337,TCGA-UZ-A9PQ-01A,TCGA-UZ-A9PQ-01A,1.0,0.0,0.0,0.0,0.0
10,38008163,+,10,108040046,+,KIRP,5338,TCGA-UZ-A9PQ-01A,TCGA-UZ-A9PQ-01A,1.0,0.0,0.0,0.0,0.0
11,16499184,+,11,16504318,-,KIRP,5339,TCGA-UZ-A9PQ-01A,TCGA-UZ-A9PQ-01A,1.0,0.0,0.0,0.0,0.0
11,32570326,+,11,32570596,-,KIRP,5340,TCGA-UZ-A9PQ-01A,TCGA-UZ-A9PQ-01A,1.0,0.0,0.0,0.0,0.0
12,52947789,+,12,52974413,-,KIRP,5341,TCGA-UZ-A9PQ-01A,TCGA-UZ-A9PQ-01A,1.0,0.0,0.0,0.0,0.0
15,22556995,-,15,28218652,-,KIRP,5342,TCGA-UZ-A9PQ-01A,TCGA-UZ-A9PQ-01A,1.0,0.0,0.0,0.0,0.0
15,73392639,-,23,1047046,+,KIRP,5343,TCGA-UZ-A9PQ-01A,TCGA-UZ-A9PQ-01A,1.0,0.0,0.0,0.0,0.0
17,5839633,+,17,5906718,-,KIRP,5344,TCGA-UZ-A9PQ-01A,TCGA-UZ-A9PQ-01A,1.0,0.0,0.0,0.0,0.0
19,24906476,+,19,24907792,-,KIRP,5345,TCGA-UZ-A9PQ-01A,TCGA-UZ-A9PQ-01A,1.0,0.0,0.0,0.0,0.0
2,29504621,+,11,70258208,+,KIRP,5346,TCGA-UZ-A9PQ-01A,TCGA-UZ-A9PQ-01A,1.0,0.0,0.0,0.0,0.0
2,95533950,-,16,86024266,+,KIRP,5347,TCGA-UZ-A9PQ-01A,TCGA-UZ-A9PQ-01A,1.0,0.0,0.0,0.0,0.0
2,103857572,-,6,46149954,-,KIRP,5348,TCGA-UZ-A9PQ-01A,TCGA-UZ-A9PQ-01A,1.0,0.0,0.0,0.0,0.0
2,103857676,+,6,46185321,-,KIRP,5349,TCGA-UZ-A9PQ-01A,TCGA-UZ-A9PQ-01A,1.0,0.0,0.0,0.0,0.0
2,139695917,-,10,6657072,+,KIRP,5350,TCGA-UZ-A9PQ-01A,TCGA-UZ-A9PQ-01A,1.0,0.0,0.0,0.0,0.0
20,59126177,+,20,59898312,-,KIRP,5351,TCGA-UZ-A9PQ-01A,TCGA-UZ-A9PQ-01A,1.0,0.0,0.0,0.0,0.0
22,16448507,+,24,11360052,-,KIRP,5352,TCGA-UZ-A9PQ-01A,TCGA-UZ-A9PQ-01A,1.0,0.0,0.0,0.0,0.0
3,13748662,-,10,8321734,-,KIRP,5353,TCGA-UZ-A9PQ-01A,TCGA-UZ-A9PQ-01A,1.0,0.0,0.0,0.0,0.0
3,13748803,+,10,22133724,+,KIRP,5354,TCGA-UZ-A9PQ-01A,TCGA-UZ-A9PQ-01A,1.0,0.0,0.0,0.0,0.0
3,105015599,-,6,92007210,+,KIRP,5355,TCGA-UZ-A9PQ-01A,TCGA-UZ-A9PQ-01A,1.0,0.0,0.0,0.0,0.0
4,10074511,+,15,27361693,-,KIRP,5356,TCGA-UZ-A9PQ-01A,TCGA-UZ-A9PQ-01A,1.0,0.0,0.0,0.0,0.0
4,27719826,+,4,27851045,-,KIRP,5357,TCGA-UZ-A9PQ-01A,TCGA-UZ-A9PQ-01A,1.0,0.0,0.0,0.0,0.0
5,126909110,+,15,87464492,+,KIRP,5358,TCGA-UZ-A9PQ-01A,TCGA-UZ-A9PQ-01A,1.0,0.0,0.0,0.0,0.0
6,39396214,-,6,39542098,-,KIRP,5359,TCGA-UZ-A9PQ-01A,TCGA-UZ-A9PQ-01A,1.0,0.0,0.0,0.0,0.0
6,39396214,+,6,39542098,+,KIRP,5360,TCGA-UZ-A9PQ-01A,TCGA-UZ-A9PQ-01A,1.0,0.0,0.0,0.0,0.0
6,40930959,-,10,5445035,-,KIRP,5361,TCGA-UZ-A9PQ-01A,TCGA-UZ-A9PQ-01A,1.0,0.0,0.0,0.0,0.0
6,41217461,-,10,7670143,+,KIRP,5362,TCGA-UZ-A9PQ-01A,TCGA-UZ-A9PQ-01A,1.0,0.0,0.0,0.0,0.0
6,41237588,+,6,55467164,+,KIRP,5363,TCGA-UZ-A9PQ-01A,TCGA-UZ-A9PQ-01A,1.0,0.0,0.0,0.0,0.0
6,41542773,+,6,41547426,+,KIRP,5364,TCGA-UZ-A9PQ-01A,TCGA-UZ-A9PQ-01A,1.0,0.0,0.0,0.0,0.0
6,41545437,-,6,44544465,-,KIRP,5365,TCGA-UZ-A9PQ-01A,TCGA-UZ-A9PQ-01A,1.0,0.0,0.0,0.0,0.0
6,41547446,-,6,47521948,-,KIRP,5366,TCGA-UZ-A9PQ-01A,TCGA-UZ-A9PQ-01A,1.0,0.0,0.0,0.0,0.0
6,41840740,-,10,6226507,-,KIRP,5367,TCGA-UZ-A9PQ-01A,TCGA-UZ-A9PQ-01A,1.0,0.0,0.0,0.0,0.0
6,41841421,+,10,9332481,+,KIRP,5368,TCGA-UZ-A9PQ-01A,TCGA-UZ-A9PQ-01A,1.0,0.0,0.0,0.0,0.0
6,41841855,-,6,42011930,+,KIRP,5369,TCGA-UZ-A9PQ-01A,TCGA-UZ-A9PQ-01A,1.0,0.0,0.0,0.0,0.0
6,41882153,-,10,19205540,+,KIRP,5370,TCGA-UZ-A9PQ-01A,TCGA-UZ-A9PQ-01A,1.0,0.0,0.0,0.0,0.0
6,41884311,+,10,8999500,-,KIRP,5371,TCGA-UZ-A9PQ-01A,TCGA-UZ-A9PQ-01A,1.0,0.0,0.0,0.0,0.0
6,41913679,-,6,42002815,+,KIRP,5372,TCGA-UZ-A9PQ-01A,TCGA-UZ-A9PQ-01A,1.0,0.0,0.0,0.0,0.0
6,41917043,+,6,44674443,-,KIRP,5373,TCGA-UZ-A9PQ-01A,TCGA-UZ-A9PQ-01A,1.0,0.0,0.0,0.0,0.0
6,41930769,-,10,9330428,-,KIRP,5374,TCGA-UZ-A9PQ-01A,TCGA-UZ-A9PQ-01A,1.0,0.0,0.0,0.0,0.0
6,41994594,+,6,43405612,-,KIRP,5375,TCGA-UZ-A9PQ-01A,TCGA-UZ-A9PQ-01A,1.0,0.0,0.0,0.0,0.0
6,42001281,-,6,45320754,+,KIRP,5376,TCGA-UZ-A9PQ-01A,TCGA-UZ-A9PQ-01A,1.0,0.0,0.0,0.0,0.0
6,42085030,+,6,46494169,+,KIRP,5377,TCGA-UZ-A9PQ-01A,TCGA-UZ-A9PQ-01A,1.0,0.0,0.0,0.0,0.0
6,42296370,-,10,11482979,+,KIRP,5378,TCGA-UZ-A9PQ-01A,TCGA-UZ-A9PQ-01A,1.0,0.0,0.0,0.0,0.0
6,42309091,+,6,42959804,-,KIRP,5379,TCGA-UZ-A9PQ-01A,TCGA-UZ-A9PQ-01A,1.0,0.0,0.0,0.0,0.0
6,42959305,-,6,45126916,+,KIRP,5380,TCGA-UZ-A9PQ-01A,TCGA-UZ-A9PQ-01A,1.0,0.0,0.0,0.0,0.0
6,42959458,-,10,5851174,+,KIRP,5381,TCGA-UZ-A9PQ-01A,TCGA-UZ-A9PQ-01A,1.0,0.0,0.0,0.0,0.0
6,42959781,+,6,47569245,+,KIRP,5382,TCGA-UZ-A9PQ-01A,TCGA-UZ-A9PQ-01A,1.0,0.0,0.0,0.0,0.0
6,42960026,+,6,45126316,-,KIRP,5383,TCGA-UZ-A9PQ-01A,TCGA-UZ-A9PQ-01A,1.0,0.0,0.0,0.0,0.0
6,42960100,-,6,45127085,-,KIRP,5384,TCGA-UZ-A9PQ-01A,TCGA-UZ-A9PQ-01A,1.0,0.0,0.0,0.0,0.0
6,43030399,+,10,9142377,+,KIRP,5385,TCGA-UZ-A9PQ-01A,TCGA-UZ-A9PQ-01A,1.0,0.0,0.0,0.0,0.0
6,43030527,-,6,43749114,-,KIRP,5386,TCGA-UZ-A9PQ-01A,TCGA-UZ-A9PQ-01A,1.0,0.0,0.0,0.0,0.0
6,43032156,+,10,19145882,-,KIRP,5387,TCGA-UZ-A9PQ-01A,TCGA-UZ-A9PQ-01A,1.0,0.0,0.0,0.0,0.0
6,43344353,-,6,56130124,+,KIRP,5388,TCGA-UZ-A9PQ-01A,TCGA-UZ-A9PQ-01A,1.0,0.0,0.0,0.0,0.0
6,43461141,-,6,44488256,-,KIRP,5389,TCGA-UZ-A9PQ-01A,TCGA-UZ-A9PQ-01A,1.0,0.0,0.0,0.0,0.0
6,43513091,-,10,10720073,+,KIRP,5390,TCGA-UZ-A9PQ-01A,TCGA-UZ-A9PQ-01A,1.0,0.0,0.0,0.0,0.0
6,43555202,+,6,44721705,-,KIRP,5391,TCGA-UZ-A9PQ-01A,TCGA-UZ-A9PQ-01A,1.0,0.0,0.0,0.0,0.0
6,43603028,+,10,10412014,-,KIRP,5392,TCGA-UZ-A9PQ-01A,TCGA-UZ-A9PQ-01A,1.0,0.0,0.0,0.0,0.0
6,43794745,+,6,47085121,+,KIRP,5393,TCGA-UZ-A9PQ-01A,TCGA-UZ-A9PQ-01A,1.0,0.0,0.0,0.0,0.0
6,43799607,-,6,47335498,-,KIRP,5394,TCGA-UZ-A9PQ-01A,TCGA-UZ-A9PQ-01A,1.0,0.0,0.0,0.0,0.0
6,43873694,+,6,52619255,-,KIRP,5395,TCGA-UZ-A9PQ-01A,TCGA-UZ-A9PQ-01A,1.0,0.0,0.0,0.0,0.0
6,43906925,-,6,47254503,-,KIRP,5396,TCGA-UZ-A9PQ-01A,TCGA-UZ-A9PQ-01A,1.0,0.0,0.0,0.0,0.0
6,44013077,-,6,49992209,+,KIRP,5397,TCGA-UZ-A9PQ-01A,TCGA-UZ-A9PQ-01A,1.0,0.0,0.0,0.0,0.0
6,44052982,+,10,11905228,+,KIRP,5398,TCGA-UZ-A9PQ-01A,TCGA-UZ-A9PQ-01A,1.0,0.0,0.0,0.0,0.0
6,44053978,+,6,51903337,+,KIRP,5399,TCGA-UZ-A9PQ-01A,TCGA-UZ-A9PQ-01A,1.0,0.0,0.0,0.0,0.0
6,44066602,-,6,45802675,-,KIRP,5400,TCGA-UZ-A9PQ-01A,TCGA-UZ-A9PQ-01A,1.0,0.0,0.0,0.0,0.0
6,44266224,-,10,14511177,-,KIRP,5401,TCGA-UZ-A9PQ-01A,TCGA-UZ-A9PQ-01A,1.0,0.0,0.0,0.0,0.0
6,44454052,+,6,52612014,+,KIRP,5402,TCGA-UZ-A9PQ-01A,TCGA-UZ-A9PQ-01A,1.0,0.0,0.0,0.0,0.0
6,44454058,+,6,44478180,+,KIRP,5403,TCGA-UZ-A9PQ-01A,TCGA-UZ-A9PQ-01A,1.0,0.0,0.0,0.0,0.0
6,44477970,-,6,52611972,+,KIRP,5404,TCGA-UZ-A9PQ-01A,TCGA-UZ-A9PQ-01A,1.0,0.0,0.0,0.0,0.0
6,44519067,-,6,50051660,-,KIRP,5405,TCGA-UZ-A9PQ-01A,TCGA-UZ-A9PQ-01A,1.0,0.0,0.0,0.0,0.0
6,44553053,+,10,22869722,-,KIRP,5406,TCGA-UZ-A9PQ-01A,TCGA-UZ-A9PQ-01A,1.0,0.0,0.0,0.0,0.0
6,44556643,+,6,46993851,+,KIRP,5407,TCGA-UZ-A9PQ-01A,TCGA-UZ-A9PQ-01A,1.0,0.0,0.0,0.0,0.0
6,44557395,-,10,10713501,-,KIRP,5408,TCGA-UZ-A9PQ-01A,TCGA-UZ-A9PQ-01A,1.0,0.0,0.0,0.0,0.0
6,44558486,+,6,47074379,+,KIRP,5409,TCGA-UZ-A9PQ-01A,TCGA-UZ-A9PQ-01A,1.0,0.0,0.0,0.0,0.0
6,44562929,-,6,48571773,-,KIRP,5410,TCGA-UZ-A9PQ-01A,TCGA-UZ-A9PQ-01A,1.0,0.0,0.0,0.0,0.0
6,44573055,+,10,9333416,-,KIRP,5411,TCGA-UZ-A9PQ-01A,TCGA-UZ-A9PQ-01A,1.0,0.0,0.0,0.0,0.0
6,44593427,-,10,10720085,-,KIRP,5412,TCGA-UZ-A9PQ-01A,TCGA-UZ-A9PQ-01A,1.0,0.0,0.0,0.0,0.0
6,44665137,+,6,51768761,-,KIRP,5413,TCGA-UZ-A9PQ-01A,TCGA-UZ-A9PQ-01A,1.0,0.0,0.0,0.0,0.0
6,44813794,+,10,6348818,+,KIRP,5414,TCGA-UZ-A9PQ-01A,TCGA-UZ-A9PQ-01A,1.0,0.0,0.0,0.0,0.0
6,45126853,+,10,5847452,-,KIRP,5415,TCGA-UZ-A9PQ-01A,TCGA-UZ-A9PQ-01A,1.0,0.0,0.0,0.0,0.0
6,45126858,+,10,5850815,-,KIRP,5416,TCGA-UZ-A9PQ-01A,TCGA-UZ-A9PQ-01A,1.0,0.0,0.0,0.0,0.0
6,45284033,-,6,49876355,-,KIRP,5417,TCGA-UZ-A9PQ-01A,TCGA-UZ-A9PQ-01A,1.0,0.0,0.0,0.0,0.0
6,45322923,-,10,7634629,-,KIRP,5418,TCGA-UZ-A9PQ-01A,TCGA-UZ-A9PQ-01A,1.0,0.0,0.0,0.0,0.0
6,45664899,-,6,57263599,+,KIRP,5419,TCGA-UZ-A9PQ-01A,TCGA-UZ-A9PQ-01A,1.0,0.0,0.0,0.0,0.0
6,45691265,+,10,24590714,+,KIRP,5420,TCGA-UZ-A9PQ-01A,TCGA-UZ-A9PQ-01A,1.0,0.0,0.0,0.0,0.0
6,45791256,+,6,47097395,-,KIRP,5421,TCGA-UZ-A9PQ-01A,TCGA-UZ-A9PQ-01A,1.0,0.0,0.0,0.0,0.0
6,45795300,-,10,6124972,+,KIRP,5422,TCGA-UZ-A9PQ-01A,TCGA-UZ-A9PQ-01A,1.0,0.0,0.0,0.0,0.0
6,45823107,+,10,6644076,-,KIRP,5423,TCGA-UZ-A9PQ-01A,TCGA-UZ-A9PQ-01A,1.0,0.0,0.0,0.0,0.0
6,45834500,+,6,53796299,-,KIRP,5424,TCGA-UZ-A9PQ-01A,TCGA-UZ-A9PQ-01A,1.0,0.0,0.0,0.0,0.0
6,45864607,-,10,5955758,+,KIRP,5425,TCGA-UZ-A9PQ-01A,TCGA-UZ-A9PQ-01A,1.0,0.0,0.0,0.0,0.0
6,45877398,+,6,54694538,+,KIRP,5426,TCGA-UZ-A9PQ-01A,TCGA-UZ-A9PQ-01A,1.0,0.0,0.0,0.0,0.0
6,45877445,-,10,6111654,+,KIRP,5427,TCGA-UZ-A9PQ-01A,TCGA-UZ-A9PQ-01A,1.0,0.0,0.0,0.0,0.0
6,45877706,+,10,5942909,-,KIRP,5428,TCGA-UZ-A9PQ-01A,TCGA-UZ-A9PQ-01A,1.0,0.0,0.0,0.0,0.0
6,45934017,+,6,46638992,-,KIRP,5429,TCGA-UZ-A9PQ-01A,TCGA-UZ-A9PQ-01A,1.0,0.0,0.0,0.0,0.0
6,46149955,-,6,46185322,-,KIRP,5430,TCGA-UZ-A9PQ-01A,TCGA-UZ-A9PQ-01A,1.0,0.0,0.0,0.0,0.0
6,46185255,+,10,22897619,-,KIRP,5431,TCGA-UZ-A9PQ-01A,TCGA-UZ-A9PQ-01A,1.0,0.0,0.0,0.0,0.0
6,46201164,+,10,14467823,-,KIRP,5432,TCGA-UZ-A9PQ-01A,TCGA-UZ-A9PQ-01A,1.0,0.0,0.0,0.0,0.0
6,46201222,-,10,22364563,-,KIRP,5433,TCGA-UZ-A9PQ-01A,TCGA-UZ-A9PQ-01A,1.0,0.0,0.0,0.0,0.0
6,46541806,-,10,7641035,-,KIRP,5434,TCGA-UZ-A9PQ-01A,TCGA-UZ-A9PQ-01A,1.0,0.0,0.0,0.0,0.0
6,46663681,+,6,48624804,+,KIRP,5435,TCGA-UZ-A9PQ-01A,TCGA-UZ-A9PQ-01A,1.0,0.0,0.0,0.0,0.0
6,46727441,-,10,20185079,+,KIRP,5436,TCGA-UZ-A9PQ-01A,TCGA-UZ-A9PQ-01A,1.0,0.0,0.0,0.0,0.0
6,46985753,-,10,22637722,+,KIRP,5437,TCGA-UZ-A9PQ-01A,TCGA-UZ-A9PQ-01A,1.0,0.0,0.0,0.0,0.0
6,46997502,-,10,11327871,-,KIRP,5438,TCGA-UZ-A9PQ-01A,TCGA-UZ-A9PQ-01A,1.0,0.0,0.0,0.0,0.0
6,46998006,+,10,11102761,-,KIRP,5439,TCGA-UZ-A9PQ-01A,TCGA-UZ-A9PQ-01A,1.0,0.0,0.0,0.0,0.0
6,47166889,+,6,55489067,+,KIRP,5440,TCGA-UZ-A9PQ-01A,TCGA-UZ-A9PQ-01A,1.0,0.0,0.0,0.0,0.0
6,47316564,+,6,47445247,+,KIRP,5441,TCGA-UZ-A9PQ-01A,TCGA-UZ-A9PQ-01A,1.0,0.0,0.0,0.0,0.0
6,47429163,-,10,26248126,+,KIRP,5442,TCGA-UZ-A9PQ-01A,TCGA-UZ-A9PQ-01A,1.0,0.0,0.0,0.0,0.0
6,47499782,+,10,11530972,+,KIRP,5443,TCGA-UZ-A9PQ-01A,TCGA-UZ-A9PQ-01A,1.0,0.0,0.0,0.0,0.0
6,47507735,+,6,54349856,-,KIRP,5444,TCGA-UZ-A9PQ-01A,TCGA-UZ-A9PQ-01A,1.0,0.0,0.0,0.0,0.0
6,47853433,-,10,6767686,+,KIRP,5445,TCGA-UZ-A9PQ-01A,TCGA-UZ-A9PQ-01A,1.0,0.0,0.0,0.0,0.0
6,47866368,-,6,50605712,+,KIRP,5446,TCGA-UZ-A9PQ-01A,TCGA-UZ-A9PQ-01A,1.0,0.0,0.0,0.0,0.0
6,47867026,+,6,50591260,-,KIRP,5447,TCGA-UZ-A9PQ-01A,TCGA-UZ-A9PQ-01A,1.0,0.0,0.0,0.0,0.0
6,48007879,-,10,5571034,+,KIRP,5448,TCGA-UZ-A9PQ-01A,TCGA-UZ-A9PQ-01A,1.0,0.0,0.0,0.0,0.0
6,48054992,+,6,56244400,+,KIRP,5449,TCGA-UZ-A9PQ-01A,TCGA-UZ-A9PQ-01A,1.0,0.0,0.0,0.0,0.0
6,48066803,-,10,8925086,+,KIRP,5450,TCGA-UZ-A9PQ-01A,TCGA-UZ-A9PQ-01A,1.0,0.0,0.0,0.0,0.0
6,48398719,-,6,50342366,+,KIRP,5451,TCGA-UZ-A9PQ-01A,TCGA-UZ-A9PQ-01A,1.0,0.0,0.0,0.0,0.0
6,48567313,+,6,55069463,-,KIRP,5452,TCGA-UZ-A9PQ-01A,TCGA-UZ-A9PQ-01A,1.0,0.0,0.0,0.0,0.0
6,48956704,-,6,50049429,-,KIRP,5453,TCGA-UZ-A9PQ-01A,TCGA-UZ-A9PQ-01A,1.0,0.0,0.0,0.0,0.0
6,49081414,+,6,49105369,-,KIRP,5454,TCGA-UZ-A9PQ-01A,TCGA-UZ-A9PQ-01A,1.0,0.0,0.0,0.0,0.0
6,49107638,+,6,55306469,-,KIRP,5455,TCGA-UZ-A9PQ-01A,TCGA-UZ-A9PQ-01A,1.0,0.0,0.0,0.0,0.0
6,49260465,-,6,49640976,-,KIRP,5456,TCGA-UZ-A9PQ-01A,TCGA-UZ-A9PQ-01A,1.0,0.0,0.0,0.0,0.0
6,49304382,+,6,52319749,+,KIRP,5457,TCGA-UZ-A9PQ-01A,TCGA-UZ-A9PQ-01A,1.0,0.0,0.0,0.0,0.0
6,49349246,+,10,22898959,+,KIRP,5458,TCGA-UZ-A9PQ-01A,TCGA-UZ-A9PQ-01A,1.0,0.0,0.0,0.0,0.0
6,49482760,+,6,50493648,-,KIRP,5459,TCGA-UZ-A9PQ-01A,TCGA-UZ-A9PQ-01A,1.0,0.0,0.0,0.0,0.0
6,49533450,-,6,50632158,+,KIRP,5460,TCGA-UZ-A9PQ-01A,TCGA-UZ-A9PQ-01A,1.0,0.0,0.0,0.0,0.0
6,49533766,+,6,50669413,+,KIRP,5461,TCGA-UZ-A9PQ-01A,TCGA-UZ-A9PQ-01A,1.0,0.0,0.0,0.0,0.0
6,49546511,-,6,49624451,+,KIRP,5462,TCGA-UZ-A9PQ-01A,TCGA-UZ-A9PQ-01A,1.0,0.0,0.0,0.0,0.0
6,49615437,+,6,50668565,-,KIRP,5463,TCGA-UZ-A9PQ-01A,TCGA-UZ-A9PQ-01A,1.0,0.0,0.0,0.0,0.0
6,49623652,-,6,50667334,-,KIRP,5464,TCGA-UZ-A9PQ-01A,TCGA-UZ-A9PQ-01A,1.0,0.0,0.0,0.0,0.0
6,49723578,+,6,52331143,-,KIRP,5465,TCGA-UZ-A9PQ-01A,TCGA-UZ-A9PQ-01A,1.0,0.0,0.0,0.0,0.0
6,49757474,-,10,7680393,+,KIRP,5466,TCGA-UZ-A9PQ-01A,TCGA-UZ-A9PQ-01A,1.0,0.0,0.0,0.0,0.0
6,49951764,+,6,50588796,+,KIRP,5467,TCGA-UZ-A9PQ-01A,TCGA-UZ-A9PQ-01A,1.0,0.0,0.0,0.0,0.0
6,49991725,-,6,50591719,+,KIRP,5468,TCGA-UZ-A9PQ-01A,TCGA-UZ-A9PQ-01A,1.0,0.0,0.0,0.0,0.0
6,50181390,-,6,51821636,+,KIRP,5469,TCGA-UZ-A9PQ-01A,TCGA-UZ-A9PQ-01A,1.0,0.0,0.0,0.0,0.0
6,50181392,+,6,50678543,-,KIRP,5470,TCGA-UZ-A9PQ-01A,TCGA-UZ-A9PQ-01A,1.0,0.0,0.0,0.0,0.0
6,50324007,-,6,51835274,-,KIRP,5471,TCGA-UZ-A9PQ-01A,TCGA-UZ-A9PQ-01A,1.0,0.0,0.0,0.0,0.0
6,50523317,-,6,54470164,+,KIRP,5472,TCGA-UZ-A9PQ-01A,TCGA-UZ-A9PQ-01A,1.0,0.0,0.0,0.0,0.0
6,50603866,-,10,9070155,+,KIRP,5473,TCGA-UZ-A9PQ-01A,TCGA-UZ-A9PQ-01A,1.0,0.0,0.0,0.0,0.0
6,50678544,+,6,51821634,-,KIRP,5474,TCGA-UZ-A9PQ-01A,TCGA-UZ-A9PQ-01A,1.0,0.0,0.0,0.0,0.0
6,51576797,+,6,55351804,+,KIRP,5475,TCGA-UZ-A9PQ-01A,TCGA-UZ-A9PQ-01A,1.0,0.0,0.0,0.0,0.0
6,51815839,+,10,10413723,+,KIRP,5476,TCGA-UZ-A9PQ-01A,TCGA-UZ-A9PQ-01A,1.0,0.0,0.0,0.0,0.0
6,51846482,-,6,54594753,+,KIRP,5477,TCGA-UZ-A9PQ-01A,TCGA-UZ-A9PQ-01A,1.0,0.0,0.0,0.0,0.0
6,52435241,+,10,8899459,-,KIRP,5478,TCGA-UZ-A9PQ-01A,TCGA-UZ-A9PQ-01A,1.0,0.0,0.0,0.0,0.0
6,52610339,-,6,55013883,+,KIRP,5479,TCGA-UZ-A9PQ-01A,TCGA-UZ-A9PQ-01A,1.0,0.0,0.0,0.0,0.0
6,52856659,-,10,12846406,+,KIRP,5480,TCGA-UZ-A9PQ-01A,TCGA-UZ-A9PQ-01A,1.0,0.0,0.0,0.0,0.0
6,52873356,+,10,7666464,-,KIRP,5481,TCGA-UZ-A9PQ-01A,TCGA-UZ-A9PQ-01A,1.0,0.0,0.0,0.0,0.0
6,52880648,-,10,29016428,+,KIRP,5482,TCGA-UZ-A9PQ-01A,TCGA-UZ-A9PQ-01A,1.0,0.0,0.0,0.0,0.0
6,52893627,-,10,10413367,-,KIRP,5483,TCGA-UZ-A9PQ-01A,TCGA-UZ-A9PQ-01A,1.0,0.0,0.0,0.0,0.0
6,53019231,+,10,26330676,+,KIRP,5484,TCGA-UZ-A9PQ-01A,TCGA-UZ-A9PQ-01A,1.0,0.0,0.0,0.0,0.0
6,53322171,-,10,6153677,-,KIRP,5485,TCGA-UZ-A9PQ-01A,TCGA-UZ-A9PQ-01A,1.0,0.0,0.0,0.0,0.0
6,53350262,+,10,11320679,+,KIRP,5486,TCGA-UZ-A9PQ-01A,TCGA-UZ-A9PQ-01A,1.0,0.0,0.0,0.0,0.0
6,53378996,-,10,6995922,+,KIRP,5487,TCGA-UZ-A9PQ-01A,TCGA-UZ-A9PQ-01A,1.0,0.0,0.0,0.0,0.0
6,53796561,+,10,10870142,-,KIRP,5488,TCGA-UZ-A9PQ-01A,TCGA-UZ-A9PQ-01A,1.0,0.0,0.0,0.0,0.0
6,53858311,-,10,14566573,+,KIRP,5489,TCGA-UZ-A9PQ-01A,TCGA-UZ-A9PQ-01A,1.0,0.0,0.0,0.0,0.0
6,54053385,+,6,54645318,-,KIRP,5490,TCGA-UZ-A9PQ-01A,TCGA-UZ-A9PQ-01A,1.0,0.0,0.0,0.0,0.0
6,54353680,+,6,54423312,-,KIRP,5491,TCGA-UZ-A9PQ-01A,TCGA-UZ-A9PQ-01A,1.0,0.0,0.0,0.0,0.0
6,54552093,+,14,67022603,+,KIRP,5492,TCGA-UZ-A9PQ-01A,TCGA-UZ-A9PQ-01A,1.0,0.0,0.0,0.0,0.0
6,55129941,+,6,55361285,-,KIRP,5493,TCGA-UZ-A9PQ-01A,TCGA-UZ-A9PQ-01A,1.0,0.0,0.0,0.0,0.0
6,55466703,-,6,55728288,+,KIRP,5494,TCGA-UZ-A9PQ-01A,TCGA-UZ-A9PQ-01A,1.0,0.0,0.0,0.0,0.0
6,55999450,-,10,5557076,+,KIRP,5495,TCGA-UZ-A9PQ-01A,TCGA-UZ-A9PQ-01A,1.0,0.0,0.0,0.0,0.0
6,60773091,+,6,60782189,-,KIRP,5496,TCGA-UZ-A9PQ-01A,TCGA-UZ-A9PQ-01A,1.0,0.0,0.0,0.0,0.0
6,70002870,-,6,70685822,-,KIRP,5497,TCGA-UZ-A9PQ-01A,TCGA-UZ-A9PQ-01A,1.0,0.0,0.0,0.0,0.0
6,70002870,+,6,70685822,+,KIRP,5498,TCGA-UZ-A9PQ-01A,TCGA-UZ-A9PQ-01A,1.0,0.0,0.0,0.0,0.0
6,160678385,+,6,161143183,-,KIRP,5499,TCGA-UZ-A9PQ-01A,TCGA-UZ-A9PQ-01A,1.0,0.0,0.0,0.0,0.0
8,67897420,-,8,68364978,+,KIRP,5500,TCGA-UZ-A9PQ-01A,TCGA-UZ-A9PQ-01A,1.0,0.0,0.0,0.0,0.0
9,30594243,-,9,31295582,+,KIRP,5501,TCGA-UZ-A9PQ-01A,TCGA-UZ-A9PQ-01A,1.0,0.0,0.0,0.0,0.0
9,86960006,-,9,89886135,-,KIRP,5502,TCGA-UZ-A9PQ-01A,TCGA-UZ-A9PQ-01A,1.0,0.0,0.0,0.0,0.0
9,86960007,+,9,89886136,+,KIRP,5503,TCGA-UZ-A9PQ-01A,TCGA-UZ-A9PQ-01A,1.0,0.0,0.0,0.0,0.0
9,87661961,+,17,5839633,-,KIRP,5504,TCGA-UZ-A9PQ-01A,TCGA-UZ-A9PQ-01A,1.0,0.0,0.0,0.0,0.0
9,87661962,-,17,5906705,+,KIRP,5505,TCGA-UZ-A9PQ-01A,TCGA-UZ-A9PQ-01A,1.0,0.0,0.0,0.0,0.0
9,113951448,+,16,70834975,+,KIRP,5506,TCGA-UZ-A9PQ-01A,TCGA-UZ-A9PQ-01A,1.0,0.0,0.0,0.0,0.0
9,123280521,-,9,123280645,+,KIRP,5507,TCGA-UZ-A9PQ-01A,TCGA-UZ-A9PQ-01A,1.0,0.0,0.0,0.0,0.0
1,4026434,-,13,94178036,+,KIRP,5508,TCGA-UZ-A9PR-01A,TCGA-UZ-A9PR-01A,1.0,0.0,0.0,0.0,0.0
1,17864323,+,12,65379166,-,KIRP,5509,TCGA-UZ-A9PR-01A,TCGA-UZ-A9PR-01A,1.0,0.0,0.0,0.0,0.0
1,115761439,-,17,72147194,+,KIRP,5510,TCGA-UZ-A9PR-01A,TCGA-UZ-A9PR-01A,1.0,0.0,0.0,0.0,0.0
1,163059184,+,5,166005960,-,KIRP,5511,TCGA-UZ-A9PR-01A,TCGA-UZ-A9PR-01A,1.0,0.0,0.0,0.0,0.0
10,21288821,-,17,43007848,-,KIRP,5512,TCGA-UZ-A9PR-01A,TCGA-UZ-A9PR-01A,1.0,0.0,0.0,0.0,0.0
11,51962777,-,11,53317989,+,KIRP,5513,TCGA-UZ-A9PR-01A,TCGA-UZ-A9PR-01A,1.0,0.0,0.0,0.0,0.0
11,63113244,+,13,93511006,+,KIRP,5514,TCGA-UZ-A9PR-01A,TCGA-UZ-A9PR-01A,1.0,0.0,0.0,0.0,0.0
13,16026032,-,13,16061381,+,KIRP,5515,TCGA-UZ-A9PR-01A,TCGA-UZ-A9PR-01A,1.0,0.0,0.0,0.0,0.0
17,8632598,-,17,8632705,+,KIRP,5516,TCGA-UZ-A9PR-01A,TCGA-UZ-A9PR-01A,1.0,0.0,0.0,0.0,0.0
18,15792052,+,18,17538943,-,KIRP,5517,TCGA-UZ-A9PR-01A,TCGA-UZ-A9PR-01A,1.0,0.0,0.0,0.0,0.0
2,13334414,+,13,18214178,+,KIRP,5518,TCGA-UZ-A9PR-01A,TCGA-UZ-A9PR-01A,1.0,0.0,0.0,0.0,0.0
2,21192481,-,5,11250513,+,KIRP,5519,TCGA-UZ-A9PR-01A,TCGA-UZ-A9PR-01A,1.0,0.0,0.0,0.0,0.0
4,93788437,-,4,93790366,+,KIRP,5520,TCGA-UZ-A9PR-01A,TCGA-UZ-A9PR-01A,1.0,0.0,0.0,0.0,0.0
5,49800524,+,5,49914840,-,KIRP,5521,TCGA-UZ-A9PR-01A,TCGA-UZ-A9PR-01A,1.0,0.0,0.0,0.0,0.0
8,131769729,-,8,131769822,+,KIRP,5522,TCGA-UZ-A9PR-01A,TCGA-UZ-A9PR-01A,1.0,0.0,0.0,0.0,0.0
1,36632651,-,3,59173729,-,KIRP,5523,TCGA-UZ-A9PU-01A,TCGA-UZ-A9PU-01A,1.0,0.0,0.0,0.0,0.0
11,115875181,+,11,115875950,-,KIRP,5524,TCGA-UZ-A9PU-01A,TCGA-UZ-A9PU-01A,1.0,0.0,0.0,0.0,0.0
12,109779575,-,12,109779752,+,KIRP,5525,TCGA-UZ-A9PU-01A,TCGA-UZ-A9PU-01A,1.0,0.0,0.0,0.0,0.0
13,16411512,-,13,16895018,+,KIRP,5526,TCGA-UZ-A9PU-01A,TCGA-UZ-A9PU-01A,1.0,0.0,0.0,0.0,0.0
17,54025279,-,17,54025461,+,KIRP,5527,TCGA-UZ-A9PU-01A,TCGA-UZ-A9PU-01A,1.0,0.0,0.0,0.0,0.0
18,20805248,-,18,20832717,-,KIRP,5528,TCGA-UZ-A9PU-01A,TCGA-UZ-A9PU-01A,1.0,0.0,0.0,0.0,0.0
2,20954239,+,21,41672828,+,KIRP,5529,TCGA-UZ-A9PU-01A,TCGA-UZ-A9PU-01A,1.0,0.0,0.0,0.0,0.0
2,57766823,+,2,58142846,-,KIRP,5530,TCGA-UZ-A9PU-01A,TCGA-UZ-A9PU-01A,1.0,0.0,0.0,0.0,0.0
22,31300483,-,22,31300636,+,KIRP,5531,TCGA-UZ-A9PU-01A,TCGA-UZ-A9PU-01A,1.0,0.0,0.0,0.0,0.0
5,47121804,-,5,47145386,+,KIRP,5532,TCGA-UZ-A9PU-01A,TCGA-UZ-A9PU-01A,1.0,0.0,0.0,0.0,0.0
5,49693046,-,5,49937799,+,KIRP,5533,TCGA-UZ-A9PU-01A,TCGA-UZ-A9PU-01A,1.0,0.0,0.0,0.0,0.0
8,45080684,-,8,45427521,+,KIRP,5534,TCGA-UZ-A9PU-01A,TCGA-UZ-A9PU-01A,1.0,0.0,0.0,0.0,0.0
1,152103839,-,23,89128032,-,KIRP,5535,TCGA-UZ-A9PX-01A,TCGA-UZ-A9PX-01A,1.0,0.0,0.0,0.0,0.0
13,16856761,-,13,17330909,+,KIRP,5536,TCGA-UZ-A9PX-01A,TCGA-UZ-A9PX-01A,1.0,0.0,0.0,0.0,0.0
13,18622809,+,21,13717876,-,KIRP,5537,TCGA-UZ-A9PX-01A,TCGA-UZ-A9PX-01A,1.0,0.0,0.0,0.0,0.0
13,18623219,-,21,13718030,+,KIRP,5538,TCGA-UZ-A9PX-01A,TCGA-UZ-A9PX-01A,1.0,0.0,0.0,0.0,0.0
13,32602169,+,13,35312961,+,KIRP,5539,TCGA-UZ-A9PX-01A,TCGA-UZ-A9PX-01A,1.0,0.0,0.0,0.0,0.0
13,32602278,-,13,35312990,-,KIRP,5540,TCGA-UZ-A9PX-01A,TCGA-UZ-A9PX-01A,1.0,0.0,0.0,0.0,0.0
5,39608447,+,6,44951862,+,KIRP,5541,TCGA-UZ-A9PX-01A,TCGA-UZ-A9PX-01A,1.0,0.0,0.0,0.0,0.0
5,39667794,-,6,44852036,-,KIRP,5542,TCGA-UZ-A9PX-01A,TCGA-UZ-A9PX-01A,1.0,0.0,0.0,0.0,0.0
6,27029501,+,14,102047641,-,KIRP,5543,TCGA-UZ-A9PX-01A,TCGA-UZ-A9PX-01A,1.0,0.0,0.0,0.0,0.0
7,124414934,-,12,26781992,-,KIRP,5544,TCGA-UZ-A9PX-01A,TCGA-UZ-A9PX-01A,1.0,0.0,0.0,0.0,0.0
9,61691712,-,20,29592611,+,KIRP,5545,TCGA-UZ-A9PX-01A,TCGA-UZ-A9PX-01A,1.0,0.0,0.0,0.0,0.0
10,42109574,-,22,16302940,-,KIRP,5546,TCGA-UZ-A9PZ-01A,TCGA-UZ-A9PZ-01A,1.0,0.0,0.0,0.0,0.0
11,102561874,+,11,102640445,-,KIRP,5547,TCGA-UZ-A9PZ-01A,TCGA-UZ-A9PZ-01A,1.0,0.0,0.0,0.0,0.0
12,7073563,+,23,57334269,-,KIRP,5548,TCGA-UZ-A9PZ-01A,TCGA-UZ-A9PZ-01A,1.0,0.0,0.0,0.0,0.0
13,86498016,+,13,86498923,+,KIRP,5549,TCGA-UZ-A9PZ-01A,TCGA-UZ-A9PZ-01A,1.0,0.0,0.0,0.0,0.0
14,48264361,+,21,26229761,-,KIRP,5550,TCGA-UZ-A9PZ-01A,TCGA-UZ-A9PZ-01A,1.0,0.0,0.0,0.0,0.0
5,49800025,-,5,49943428,+,KIRP,5551,TCGA-UZ-A9PZ-01A,TCGA-UZ-A9PZ-01A,1.0,0.0,0.0,0.0,0.0
5,61331717,+,5,61342173,-,KIRP,5552,TCGA-UZ-A9PZ-01A,TCGA-UZ-A9PZ-01A,1.0,0.0,0.0,0.0,0.0
5,118875504,+,5,139649806,+,KIRP,5553,TCGA-UZ-A9PZ-01A,TCGA-UZ-A9PZ-01A,1.0,0.0,0.0,0.0,0.0
5,118875633,-,5,139649950,-,KIRP,5554,TCGA-UZ-A9PZ-01A,TCGA-UZ-A9PZ-01A,1.0,0.0,0.0,0.0,0.0
7,61472548,+,7,61502652,-,KIRP,5555,TCGA-UZ-A9PZ-01A,TCGA-UZ-A9PZ-01A,1.0,0.0,0.0,0.0,0.0
7,93888481,-,10,128976920,+,KIRP,5556,TCGA-UZ-A9PZ-01A,TCGA-UZ-A9PZ-01A,1.0,0.0,0.0,0.0,0.0
7,101192156,+,8,94695698,+,KIRP,5557,TCGA-UZ-A9PZ-01A,TCGA-UZ-A9PZ-01A,1.0,0.0,0.0,0.0,0.0
23,63625495,-,23,116863953,-,KIRP,5558,TCGA-UZ-A9PZ-01A,TCGA-UZ-A9PZ-01A,1.0,0.0,0.0,0.0,0.0
1,10357,-,3,121027929,-,KIRP,5559,TCGA-UZ-A9Q0-01A,TCGA-UZ-A9Q0-01A,1.0,0.0,0.0,0.0,0.0
1,3325816,+,1,3326787,-,KIRP,5560,TCGA-UZ-A9Q0-01A,TCGA-UZ-A9Q0-01A,1.0,0.0,0.0,0.0,0.0
10,115004264,-,20,42958368,-,KIRP,5561,TCGA-UZ-A9Q0-01A,TCGA-UZ-A9Q0-01A,1.0,0.0,0.0,0.0,0.0
11,47642092,-,14,68794672,-,KIRP,5562,TCGA-UZ-A9Q0-01A,TCGA-UZ-A9Q0-01A,1.0,0.0,0.0,0.0,0.0
14,92316166,-,16,73866019,+,KIRP,5563,TCGA-UZ-A9Q0-01A,TCGA-UZ-A9Q0-01A,1.0,0.0,0.0,0.0,0.0
15,19849078,-,22,16096015,+,KIRP,5564,TCGA-UZ-A9Q0-01A,TCGA-UZ-A9Q0-01A,1.0,0.0,0.0,0.0,0.0
17,81970068,+,23,108047636,-,KIRP,5565,TCGA-UZ-A9Q0-01A,TCGA-UZ-A9Q0-01A,1.0,0.0,0.0,0.0,0.0
18,15592868,-,18,15633660,+,KIRP,5566,TCGA-UZ-A9Q0-01A,TCGA-UZ-A9Q0-01A,1.0,0.0,0.0,0.0,0.0
2,121750016,-,10,20098347,-,KIRP,5567,TCGA-UZ-A9Q0-01A,TCGA-UZ-A9Q0-01A,1.0,0.0,0.0,0.0,0.0
3,174076680,-,17,72967400,+,KIRP,5568,TCGA-UZ-A9Q0-01A,TCGA-UZ-A9Q0-01A,1.0,0.0,0.0,0.0,0.0
9,77775193,-,22,22114345,+,KIRP,5569,TCGA-UZ-A9Q0-01A,TCGA-UZ-A9Q0-01A,1.0,0.0,0.0,0.0,0.0
9,83893338,+,9,85835908,+,KIRP,5570,TCGA-UZ-A9Q0-01A,TCGA-UZ-A9Q0-01A,1.0,0.0,0.0,0.0,0.0
1,1637306,+,1,1704149,-,KIRP,5571,TCGA-UZ-A9Q1-01A,TCGA-UZ-A9Q1-01A,1.0,0.0,0.0,0.0,0.0
1,15872303,-,10,14442815,+,KIRP,5572,TCGA-UZ-A9Q1-01A,TCGA-UZ-A9Q1-01A,1.0,0.0,0.0,0.0,0.0
10,39574480,-,10,41282312,+,KIRP,5573,TCGA-UZ-A9Q1-01A,TCGA-UZ-A9Q1-01A,1.0,0.0,0.0,0.0,0.0
14,102095190,+,16,1872109,+,KIRP,5574,TCGA-UZ-A9Q1-01A,TCGA-UZ-A9Q1-01A,1.0,0.0,0.0,0.0,0.0
20,29957184,-,20,29975349,+,KIRP,5575,TCGA-UZ-A9Q1-01A,TCGA-UZ-A9Q1-01A,1.0,0.0,0.0,0.0,0.0
3,90915286,+,3,91189368,-,KIRP,5576,TCGA-UZ-A9Q1-01A,TCGA-UZ-A9Q1-01A,1.0,0.0,0.0,0.0,0.0
3,91561442,+,3,93346512,-,KIRP,5577,TCGA-UZ-A9Q1-01A,TCGA-UZ-A9Q1-01A,1.0,0.0,0.0,0.0,0.0
7,101680919,+,7,101681478,-,KIRP,5578,TCGA-UZ-A9Q1-01A,TCGA-UZ-A9Q1-01A,1.0,0.0,0.0,0.0,0.0
8,92248367,+,9,34068999,+,KIRP,5579,TCGA-UZ-A9Q1-01A,TCGA-UZ-A9Q1-01A,1.0,0.0,0.0,0.0,0.0
9,30087223,+,17,56261461,-,KIRP,5580,TCGA-UZ-A9Q1-01A,TCGA-UZ-A9Q1-01A,1.0,0.0,0.0,0.0,0.0
9,93304868,-,9,93304973,+,KIRP,5581,TCGA-UZ-A9Q1-01A,TCGA-UZ-A9Q1-01A,1.0,0.0,0.0,0.0,0.0
1,3299318,+,1,3300412,-,KIRP,5582,TCGA-WN-A9G9-01A,TCGA-WN-A9G9-01A,1.0,0.0,0.0,0.0,0.0
1,36293276,-,9,92544247,-,KIRP,5583,TCGA-WN-A9G9-01A,TCGA-WN-A9G9-01A,1.0,0.0,0.0,0.0,0.0
1,145667710,-,9,103789419,+,KIRP,5584,TCGA-WN-A9G9-01A,TCGA-WN-A9G9-01A,1.0,0.0,0.0,0.0,0.0
14,21643585,+,14,22507673,-,KIRP,5585,TCGA-WN-A9G9-01A,TCGA-WN-A9G9-01A,1.0,0.0,0.0,0.0,0.0
14,22113029,+,14,22524334,-,KIRP,5586,TCGA-WN-A9G9-01A,TCGA-WN-A9G9-01A,1.0,0.0,0.0,0.0,0.0
14,55129771,-,17,61377746,+,KIRP,5587,TCGA-WN-A9G9-01A,TCGA-WN-A9G9-01A,1.0,0.0,0.0,0.0,0.0
14,55129929,+,17,61377828,-,KIRP,5588,TCGA-WN-A9G9-01A,TCGA-WN-A9G9-01A,1.0,0.0,0.0,0.0,0.0
17,22830344,+,17,23059646,-,KIRP,5589,TCGA-WN-A9G9-01A,TCGA-WN-A9G9-01A,1.0,0.0,0.0,0.0,0.0
2,93233188,-,2,93594875,+,KIRP,5590,TCGA-WN-A9G9-01A,TCGA-WN-A9G9-01A,1.0,0.0,0.0,0.0,0.0
3,52403364,+,19,47740906,+,KIRP,5591,TCGA-WN-A9G9-01A,TCGA-WN-A9G9-01A,1.0,0.0,0.0,0.0,0.0
3,52403389,-,19,47741122,-,KIRP,5592,TCGA-WN-A9G9-01A,TCGA-WN-A9G9-01A,1.0,0.0,0.0,0.0,0.0
3,76830841,-,5,129155197,+,KIRP,5593,TCGA-WN-A9G9-01A,TCGA-WN-A9G9-01A,1.0,0.0,0.0,0.0,0.0
3,79138396,-,5,128523797,+,KIRP,5594,TCGA-WN-A9G9-01A,TCGA-WN-A9G9-01A,1.0,0.0,0.0,0.0,0.0
3,81190937,+,5,128842123,+,KIRP,5595,TCGA-WN-A9G9-01A,TCGA-WN-A9G9-01A,1.0,0.0,0.0,0.0,0.0
3,82849042,-,5,128537301,+,KIRP,5596,TCGA-WN-A9G9-01A,TCGA-WN-A9G9-01A,1.0,0.0,0.0,0.0,0.0
4,93524136,+,4,96673548,-,KIRP,5597,TCGA-WN-A9G9-01A,TCGA-WN-A9G9-01A,1.0,0.0,0.0,0.0,0.0
4,116474274,+,4,171637802,+,KIRP,5598,TCGA-WN-A9G9-01A,TCGA-WN-A9G9-01A,1.0,0.0,0.0,0.0,0.0
4,116474305,-,4,171637730,-,KIRP,5599,TCGA-WN-A9G9-01A,TCGA-WN-A9G9-01A,1.0,0.0,0.0,0.0,0.0
5,128467436,-,5,128530505,-,KIRP,5600,TCGA-WN-A9G9-01A,TCGA-WN-A9G9-01A,1.0,0.0,0.0,0.0,0.0
5,128544638,-,5,128701208,-,KIRP,5601,TCGA-WN-A9G9-01A,TCGA-WN-A9G9-01A,1.0,0.0,0.0,0.0,0.0
5,128636223,+,5,128637753,-,KIRP,5602,TCGA-WN-A9G9-01A,TCGA-WN-A9G9-01A,1.0,0.0,0.0,0.0,0.0
5,128642461,+,5,128866904,-,KIRP,5603,TCGA-WN-A9G9-01A,TCGA-WN-A9G9-01A,1.0,0.0,0.0,0.0,0.0
5,132475678,-,5,132553864,+,KIRP,5604,TCGA-WN-A9G9-01A,TCGA-WN-A9G9-01A,1.0,0.0,0.0,0.0,0.0
6,150955804,+,6,151106334,-,KIRP,5605,TCGA-WN-A9G9-01A,TCGA-WN-A9G9-01A,1.0,0.0,0.0,0.0,0.0
1,15502919,-,7,148936116,+,KIRP,5606,TCGA-WN-AB4C-01A,TCGA-WN-AB4C-01A,1.0,0.0,0.0,0.0,0.0
1,152103802,-,23,89128004,-,KIRP,5607,TCGA-WN-AB4C-01A,TCGA-WN-AB4C-01A,1.0,0.0,0.0,0.0,0.0
11,48929610,+,11,54788945,-,KIRP,5608,TCGA-WN-AB4C-01A,TCGA-WN-AB4C-01A,1.0,0.0,0.0,0.0,0.0
12,121666144,+,12,121670166,-,KIRP,5609,TCGA-WN-AB4C-01A,TCGA-WN-AB4C-01A,1.0,0.0,0.0,0.0,0.0
18,15582129,-,18,15760655,+,KIRP,5610,TCGA-WN-AB4C-01A,TCGA-WN-AB4C-01A,1.0,0.0,0.0,0.0,0.0
18,15636196,-,18,15701225,+,KIRP,5611,TCGA-WN-AB4C-01A,TCGA-WN-AB4C-01A,1.0,0.0,0.0,0.0,0.0
2,214836455,-,4,14845443,+,KIRP,5612,TCGA-WN-AB4C-01A,TCGA-WN-AB4C-01A,1.0,0.0,0.0,0.0,0.0
20,29950917,+,20,30024292,-,KIRP,5613,TCGA-WN-AB4C-01A,TCGA-WN-AB4C-01A,1.0,0.0,0.0,0.0,0.0
3,92489632,+,3,93339025,-,KIRP,5614,TCGA-WN-AB4C-01A,TCGA-WN-AB4C-01A,1.0,0.0,0.0,0.0,0.0
5,18645415,-,5,18648307,-,KIRP,5615,TCGA-WN-AB4C-01A,TCGA-WN-AB4C-01A,1.0,0.0,0.0,0.0,0.0
7,3242899,+,20,43068173,+,KIRP,5616,TCGA-WN-AB4C-01A,TCGA-WN-AB4C-01A,1.0,0.0,0.0,0.0,0.0
8,14784914,+,9,85689889,-,KIRP,5617,TCGA-WN-AB4C-01A,TCGA-WN-AB4C-01A,1.0,0.0,0.0,0.0,0.0
9,124291821,-,9,124291964,+,KIRP,5618,TCGA-WN-AB4C-01A,TCGA-WN-AB4C-01A,1.0,0.0,0.0,0.0,0.0
1,39360015,-,5,110721674,-,KIRP,5619,TCGA-Y8-A894-01A,TCGA-Y8-A894-01A,1.0,0.0,0.0,0.0,0.0
11,85962854,+,11,118982039,-,KIRP,5620,TCGA-Y8-A894-01A,TCGA-Y8-A894-01A,1.0,0.0,0.0,0.0,0.0
12,7203179,+,20,42935970,+,KIRP,5621,TCGA-Y8-A894-01A,TCGA-Y8-A894-01A,1.0,0.0,0.0,0.0,0.0
13,16664875,-,13,16829875,+,KIRP,5622,TCGA-Y8-A894-01A,TCGA-Y8-A894-01A,1.0,0.0,0.0,0.0,0.0
14,94453770,-,14,94453897,+,KIRP,5623,TCGA-Y8-A894-01A,TCGA-Y8-A894-01A,1.0,0.0,0.0,0.0,0.0
18,10552877,-,18,10553018,+,KIRP,5624,TCGA-Y8-A894-01A,TCGA-Y8-A894-01A,1.0,0.0,0.0,0.0,0.0
18,15582145,-,18,15760634,+,KIRP,5625,TCGA-Y8-A894-01A,TCGA-Y8-A894-01A,1.0,0.0,0.0,0.0,0.0
18,15653772,-,18,15679651,+,KIRP,5626,TCGA-Y8-A894-01A,TCGA-Y8-A894-01A,1.0,0.0,0.0,0.0,0.0
3,157972132,-,5,18435599,+,KIRP,5627,TCGA-Y8-A894-01A,TCGA-Y8-A894-01A,1.0,0.0,0.0,0.0,0.0
5,115524814,-,5,115524947,+,KIRP,5628,TCGA-Y8-A894-01A,TCGA-Y8-A894-01A,1.0,0.0,0.0,0.0,0.0
9,98014355,-,9,110163066,-,KIRP,5629,TCGA-Y8-A894-01A,TCGA-Y8-A894-01A,1.0,0.0,0.0,0.0,0.0
9,98098312,+,9,106291194,-,KIRP,5630,TCGA-Y8-A894-01A,TCGA-Y8-A894-01A,1.0,0.0,0.0,0.0,0.0
9,98189573,-,9,114450033,-,KIRP,5631,TCGA-Y8-A894-01A,TCGA-Y8-A894-01A,1.0,0.0,0.0,0.0,0.0
9,98202066,+,9,109236334,+,KIRP,5632,TCGA-Y8-A894-01A,TCGA-Y8-A894-01A,1.0,0.0,0.0,0.0,0.0
9,99164559,-,9,114459420,+,KIRP,5633,TCGA-Y8-A894-01A,TCGA-Y8-A894-01A,1.0,0.0,0.0,0.0,0.0
9,99487452,+,9,114823965,-,KIRP,5634,TCGA-Y8-A894-01A,TCGA-Y8-A894-01A,1.0,0.0,0.0,0.0,0.0
17,23028648,-,17,23042966,+,KIRP,5635,TCGA-Y8-A895-01A,TCGA-Y8-A895-01A,1.0,0.0,0.0,0.0,0.0
18,20736997,+,18,20796407,-,KIRP,5636,TCGA-Y8-A895-01A,TCGA-Y8-A895-01A,1.0,0.0,0.0,0.0,0.0
2,77827295,+,6,69334024,+,KIRP,5637,TCGA-Y8-A895-01A,TCGA-Y8-A895-01A,1.0,0.0,0.0,0.0,0.0
21,35348741,-,23,9791774,-,KIRP,5638,TCGA-Y8-A895-01A,TCGA-Y8-A895-01A,1.0,0.0,0.0,0.0,0.0
4,16739669,-,18,45235969,+,KIRP,5639,TCGA-Y8-A895-01A,TCGA-Y8-A895-01A,1.0,0.0,0.0,0.0,0.0
1,124984750,+,1,124989695,-,KIRP,5640,TCGA-Y8-A896-01A,TCGA-Y8-A896-01A,1.0,0.0,0.0,0.0,0.0
13,16020644,+,20,28925876,+,KIRP,5641,TCGA-Y8-A896-01A,TCGA-Y8-A896-01A,1.0,0.0,0.0,0.0,0.0
18,15548414,-,18,15699896,+,KIRP,5642,TCGA-Y8-A896-01A,TCGA-Y8-A896-01A,1.0,0.0,0.0,0.0,0.0
2,96312964,+,2,96320705,-,KIRP,5643,TCGA-Y8-A896-01A,TCGA-Y8-A896-01A,1.0,0.0,0.0,0.0,0.0
20,29950842,+,20,30024432,-,KIRP,5644,TCGA-Y8-A896-01A,TCGA-Y8-A896-01A,1.0,0.0,0.0,0.0,0.0
3,5700878,-,6,152495823,-,KIRP,5645,TCGA-Y8-A896-01A,TCGA-Y8-A896-01A,1.0,0.0,0.0,0.0,0.0
5,49676368,+,5,49716419,-,KIRP,5646,TCGA-Y8-A896-01A,TCGA-Y8-A896-01A,1.0,0.0,0.0,0.0,0.0
5,175910505,+,5,177928842,+,KIRP,5647,TCGA-Y8-A896-01A,TCGA-Y8-A896-01A,1.0,0.0,0.0,0.0,0.0
6,149467582,-,6,149467920,+,KIRP,5648,TCGA-Y8-A896-01A,TCGA-Y8-A896-01A,1.0,0.0,0.0,0.0,0.0
7,40222987,-,14,54724008,-,KIRP,5649,TCGA-Y8-A896-01A,TCGA-Y8-A896-01A,1.0,0.0,0.0,0.0,0.0
7,90181934,+,9,32248550,-,KIRP,5650,TCGA-Y8-A896-01A,TCGA-Y8-A896-01A,1.0,0.0,0.0,0.0,0.0
8,87428358,-,18,43735244,+,KIRP,5651,TCGA-Y8-A896-01A,TCGA-Y8-A896-01A,1.0,0.0,0.0,0.0,0.0
23,17775896,+,23,18230066,+,KIRP,5652,TCGA-Y8-A896-01A,TCGA-Y8-A896-01A,1.0,0.0,0.0,0.0,0.0
1,245408630,+,13,83167736,+,KIRP,5653,TCGA-Y8-A897-01A,TCGA-Y8-A897-01A,1.0,0.0,0.0,0.0,0.0
12,34338320,+,12,34339017,-,KIRP,5654,TCGA-Y8-A897-01A,TCGA-Y8-A897-01A,1.0,0.0,0.0,0.0,0.0
12,124728465,+,12,124729249,-,KIRP,5655,TCGA-Y8-A897-01A,TCGA-Y8-A897-01A,1.0,0.0,0.0,0.0,0.0
13,17307866,-,13,17412813,+,KIRP,5656,TCGA-Y8-A897-01A,TCGA-Y8-A897-01A,1.0,0.0,0.0,0.0,0.0
14,57447813,+,14,57448411,-,KIRP,5657,TCGA-Y8-A897-01A,TCGA-Y8-A897-01A,1.0,0.0,0.0,0.0,0.0
16,34255935,-,16,36322653,+,KIRP,5658,TCGA-Y8-A897-01A,TCGA-Y8-A897-01A,1.0,0.0,0.0,0.0,0.0
17,9934167,+,17,9934979,-,KIRP,5659,TCGA-Y8-A897-01A,TCGA-Y8-A897-01A,1.0,0.0,0.0,0.0,0.0
17,18878927,+,17,18879495,-,KIRP,5660,TCGA-Y8-A897-01A,TCGA-Y8-A897-01A,1.0,0.0,0.0,0.0,0.0
19,52743837,+,19,52744584,-,KIRP,5661,TCGA-Y8-A897-01A,TCGA-Y8-A897-01A,1.0,0.0,0.0,0.0,0.0
4,8765600,-,16,86401928,-,KIRP,5662,TCGA-Y8-A897-01A,TCGA-Y8-A897-01A,1.0,0.0,0.0,0.0,0.0
6,158745270,+,19,3327840,+,KIRP,5663,TCGA-Y8-A897-01A,TCGA-Y8-A897-01A,1.0,0.0,0.0,0.0,0.0
7,56708939,+,7,56709468,-,KIRP,5664,TCGA-Y8-A897-01A,TCGA-Y8-A897-01A,1.0,0.0,0.0,0.0,0.0
1,15502906,-,7,148936118,+,KIRP,5665,TCGA-Y8-A898-01A,TCGA-Y8-A898-01A,1.0,0.0,0.0,0.0,0.0
1,42913436,+,10,59862565,-,KIRP,5666,TCGA-Y8-A898-01A,TCGA-Y8-A898-01A,1.0,0.0,0.0,0.0,0.0
1,123530332,-,1,124718327,+,KIRP,5667,TCGA-Y8-A898-01A,TCGA-Y8-A898-01A,1.0,0.0,0.0,0.0,0.0
1,173918545,+,23,41782580,+,KIRP,5668,TCGA-Y8-A898-01A,TCGA-Y8-A898-01A,1.0,0.0,0.0,0.0,0.0
1,173918566,-,23,41782587,-,KIRP,5669,TCGA-Y8-A898-01A,TCGA-Y8-A898-01A,1.0,0.0,0.0,0.0,0.0
14,77056532,+,14,77057212,-,KIRP,5670,TCGA-Y8-A898-01A,TCGA-Y8-A898-01A,1.0,0.0,0.0,0.0,0.0
14,106062111,+,14,106537810,-,KIRP,5671,TCGA-Y8-A898-01A,TCGA-Y8-A898-01A,1.0,0.0,0.0,0.0,0.0
16,34255936,-,16,36322642,+,KIRP,5672,TCGA-Y8-A898-01A,TCGA-Y8-A898-01A,1.0,0.0,0.0,0.0,0.0
16,36351157,+,16,37700686,-,KIRP,5673,TCGA-Y8-A898-01A,TCGA-Y8-A898-01A,1.0,0.0,0.0,0.0,0.0
17,74414382,+,17,74414986,-,KIRP,5674,TCGA-Y8-A898-01A,TCGA-Y8-A898-01A,1.0,0.0,0.0,0.0,0.0
18,15511792,+,18,15685545,-,KIRP,5675,TCGA-Y8-A898-01A,TCGA-Y8-A898-01A,1.0,0.0,0.0,0.0,0.0
3,155814248,-,3,155944987,-,KIRP,5676,TCGA-Y8-A898-01A,TCGA-Y8-A898-01A,1.0,0.0,0.0,0.0,0.0
5,52238570,+,13,44358231,+,KIRP,5677,TCGA-Y8-A898-01A,TCGA-Y8-A898-01A,1.0,0.0,0.0,0.0,0.0
7,48481702,+,11,92183745,+,KIRP,5678,TCGA-Y8-A898-01A,TCGA-Y8-A898-01A,1.0,0.0,0.0,0.0,0.0
7,75551707,+,7,75552453,-,KIRP,5679,TCGA-Y8-A898-01A,TCGA-Y8-A898-01A,1.0,0.0,0.0,0.0,0.0
7,102260373,-,12,32465278,-,KIRP,5680,TCGA-Y8-A898-01A,TCGA-Y8-A898-01A,1.0,0.0,0.0,0.0,0.0
7,124985258,-,23,128782635,-,KIRP,5681,TCGA-Y8-A898-01A,TCGA-Y8-A898-01A,1.0,0.0,0.0,0.0,0.0
8,43312910,-,8,43396776,+,KIRP,5682,TCGA-Y8-A898-01A,TCGA-Y8-A898-01A,1.0,0.0,0.0,0.0,0.0
11,54394172,-,11,54400577,+,KIRP,5683,TCGA-Y8-A8RY-01A,TCGA-Y8-A8RY-01A,1.0,0.0,0.0,0.0,0.0
11,118097049,-,22,27728866,+,KIRP,5684,TCGA-Y8-A8RY-01A,TCGA-Y8-A8RY-01A,1.0,0.0,0.0,0.0,0.0
12,35523996,-,12,37172604,+,KIRP,5685,TCGA-Y8-A8RY-01A,TCGA-Y8-A8RY-01A,1.0,0.0,0.0,0.0,0.0
17,22836932,-,17,23152159,+,KIRP,5686,TCGA-Y8-A8RY-01A,TCGA-Y8-A8RY-01A,1.0,0.0,0.0,0.0,0.0
17,22837454,+,17,23033850,-,KIRP,5687,TCGA-Y8-A8RY-01A,TCGA-Y8-A8RY-01A,1.0,0.0,0.0,0.0,0.0
17,81418789,-,23,69105496,-,KIRP,5688,TCGA-Y8-A8RY-01A,TCGA-Y8-A8RY-01A,1.0,0.0,0.0,0.0,0.0
18,15731821,+,18,15743519,-,KIRP,5689,TCGA-Y8-A8RY-01A,TCGA-Y8-A8RY-01A,1.0,0.0,0.0,0.0,0.0
3,181610169,-,7,98834398,-,KIRP,5690,TCGA-Y8-A8RY-01A,TCGA-Y8-A8RY-01A,1.0,0.0,0.0,0.0,0.0
4,4003835,+,4,9641101,+,KIRP,5691,TCGA-Y8-A8RY-01A,TCGA-Y8-A8RY-01A,1.0,0.0,0.0,0.0,0.0
4,82888406,+,20,45757349,-,KIRP,5692,TCGA-Y8-A8RY-01A,TCGA-Y8-A8RY-01A,1.0,0.0,0.0,0.0,0.0
5,127931296,-,5,127931456,+,KIRP,5693,TCGA-Y8-A8RY-01A,TCGA-Y8-A8RY-01A,1.0,0.0,0.0,0.0,0.0
6,18885385,+,7,70871857,+,KIRP,5694,TCGA-Y8-A8RY-01A,TCGA-Y8-A8RY-01A,1.0,0.0,0.0,0.0,0.0
8,13622447,+,23,135115029,+,KIRP,5695,TCGA-Y8-A8RY-01A,TCGA-Y8-A8RY-01A,1.0,0.0,0.0,0.0,0.0
8,102921191,-,13,27063853,-,KIRP,5696,TCGA-Y8-A8RY-01A,TCGA-Y8-A8RY-01A,1.0,0.0,0.0,0.0,0.0
1,31507835,-,3,168535282,-,KIRP,5697,TCGA-Y8-A8RZ-01A,TCGA-Y8-A8RZ-01A,1.0,0.0,0.0,0.0,0.0
1,31666492,+,2,197318559,+,KIRP,5698,TCGA-Y8-A8RZ-01A,TCGA-Y8-A8RZ-01A,1.0,0.0,0.0,0.0,0.0
1,31666492,+,2,197318632,-,KIRP,5699,TCGA-Y8-A8RZ-01A,TCGA-Y8-A8RZ-01A,1.0,0.0,0.0,0.0,0.0
1,31667101,-,3,94466144,+,KIRP,5700,TCGA-Y8-A8RZ-01A,TCGA-Y8-A8RZ-01A,1.0,0.0,0.0,0.0,0.0
1,31667102,-,1,36721862,-,KIRP,5701,TCGA-Y8-A8RZ-01A,TCGA-Y8-A8RZ-01A,1.0,0.0,0.0,0.0,0.0
1,31667102,-,1,37793665,+,KIRP,5702,TCGA-Y8-A8RZ-01A,TCGA-Y8-A8RZ-01A,1.0,0.0,0.0,0.0,0.0
1,31715337,+,1,39631040,+,KIRP,5703,TCGA-Y8-A8RZ-01A,TCGA-Y8-A8RZ-01A,1.0,0.0,0.0,0.0,0.0
1,32798307,-,3,95040851,-,KIRP,5704,TCGA-Y8-A8RZ-01A,TCGA-Y8-A8RZ-01A,1.0,0.0,0.0,0.0,0.0
1,34672867,+,1,35746479,-,KIRP,5705,TCGA-Y8-A8RZ-01A,TCGA-Y8-A8RZ-01A,1.0,0.0,0.0,0.0,0.0
1,36221701,+,1,37292999,-,KIRP,5706,TCGA-Y8-A8RZ-01A,TCGA-Y8-A8RZ-01A,1.0,0.0,0.0,0.0,0.0
1,36721861,-,3,94465958,-,KIRP,5707,TCGA-Y8-A8RZ-01A,TCGA-Y8-A8RZ-01A,1.0,0.0,0.0,0.0,0.0
1,36722002,+,1,37793665,+,KIRP,5708,TCGA-Y8-A8RZ-01A,TCGA-Y8-A8RZ-01A,1.0,0.0,0.0,0.0,0.0
1,36724630,-,3,167959327,+,KIRP,5709,TCGA-Y8-A8RZ-01A,TCGA-Y8-A8RZ-01A,1.0,0.0,0.0,0.0,0.0
1,36893145,+,3,89308134,-,KIRP,5710,TCGA-Y8-A8RZ-01A,TCGA-Y8-A8RZ-01A,1.0,0.0,0.0,0.0,0.0
1,37793665,+,3,94465951,-,KIRP,5711,TCGA-Y8-A8RZ-01A,TCGA-Y8-A8RZ-01A,1.0,0.0,0.0,0.0,0.0
1,39082411,-,3,163475587,-,KIRP,5712,TCGA-Y8-A8RZ-01A,TCGA-Y8-A8RZ-01A,1.0,0.0,0.0,0.0,0.0
1,40067762,-,2,193644386,-,KIRP,5713,TCGA-Y8-A8RZ-01A,TCGA-Y8-A8RZ-01A,1.0,0.0,0.0,0.0,0.0
10,97642825,+,23,1049004,+,KIRP,5714,TCGA-Y8-A8RZ-01A,TCGA-Y8-A8RZ-01A,1.0,0.0,0.0,0.0,0.0
11,54084266,+,11,54316370,-,KIRP,5715,TCGA-Y8-A8RZ-01A,TCGA-Y8-A8RZ-01A,1.0,0.0,0.0,0.0,0.0
11,54353741,-,11,54420146,+,KIRP,5716,TCGA-Y8-A8RZ-01A,TCGA-Y8-A8RZ-01A,1.0,0.0,0.0,0.0,0.0
11,54358626,+,11,54362876,-,KIRP,5717,TCGA-Y8-A8RZ-01A,TCGA-Y8-A8RZ-01A,1.0,0.0,0.0,0.0,0.0
11,63253369,+,11,63259496,+,KIRP,5718,TCGA-Y8-A8RZ-01A,TCGA-Y8-A8RZ-01A,1.0,0.0,0.0,0.0,0.0
11,63253451,-,11,63259378,-,KIRP,5719,TCGA-Y8-A8RZ-01A,TCGA-Y8-A8RZ-01A,1.0,0.0,0.0,0.0,0.0
2,55384851,+,23,40946907,+,KIRP,5720,TCGA-Y8-A8RZ-01A,TCGA-Y8-A8RZ-01A,1.0,0.0,0.0,0.0,0.0
2,92408214,+,2,93343898,-,KIRP,5721,TCGA-Y8-A8RZ-01A,TCGA-Y8-A8RZ-01A,1.0,0.0,0.0,0.0,0.0
2,191892724,+,3,89592988,+,KIRP,5722,TCGA-Y8-A8RZ-01A,TCGA-Y8-A8RZ-01A,1.0,0.0,0.0,0.0,0.0
2,197318604,+,2,197318789,+,KIRP,5723,TCGA-Y8-A8RZ-01A,TCGA-Y8-A8RZ-01A,1.0,0.0,0.0,0.0,0.0
20,28841975,+,20,29161947,-,KIRP,5724,TCGA-Y8-A8RZ-01A,TCGA-Y8-A8RZ-01A,1.0,0.0,0.0,0.0,0.0
5,49853827,+,5,50016901,-,KIRP,5725,TCGA-Y8-A8RZ-01A,TCGA-Y8-A8RZ-01A,1.0,0.0,0.0,0.0,0.0
7,156661534,+,7,156667506,-,KIRP,5726,TCGA-Y8-A8RZ-01A,TCGA-Y8-A8RZ-01A,1.0,0.0,0.0,0.0,0.0
1,190312040,-,9,116063117,+,KIRP,5727,TCGA-Y8-A8S0-01A,TCGA-Y8-A8S0-01A,1.0,0.0,0.0,0.0,0.0
1,217628907,-,1,217629849,+,KIRP,5728,TCGA-Y8-A8S0-01A,TCGA-Y8-A8S0-01A,1.0,0.0,0.0,0.0,0.0
3,90885177,-,3,91144561,+,KIRP,5729,TCGA-Y8-A8S0-01A,TCGA-Y8-A8S0-01A,1.0,0.0,0.0,0.0,0.0
7,113333581,-,23,107586833,-,KIRP,5730,TCGA-Y8-A8S0-01A,TCGA-Y8-A8S0-01A,1.0,0.0,0.0,0.0,0.0
