seqnames,start,strand,altchr,altpos,altstrand,dcc_project_code,sv_id,sid,donor_unique_id,weights,topo,topo_n,mech,homseq
1,74535107,+,1,116709138,-,MESO,0,TCGA-3H-AB3K-01A,TCGA-3H-AB3K-01A,1.0,0.0,0.0,0.0,0.0
1,218345286,+,1,218674356,+,MESO,1,TCGA-3H-AB3K-01A,TCGA-3H-AB3K-01A,1.0,0.0,0.0,0.0,0.0
1,218345705,-,1,218675228,-,MESO,2,TCGA-3H-AB3K-01A,TCGA-3H-AB3K-01A,1.0,0.0,0.0,0.0,0.0
11,62375452,-,16,71399027,+,MESO,3,TCGA-3H-AB3K-01A,TCGA-3H-AB3K-01A,1.0,0.0,0.0,0.0,0.0
17,2246745,+,17,2261314,-,MESO,4,TCGA-3H-AB3K-01A,TCGA-3H-AB3K-01A,1.0,0.0,0.0,0.0,0.0
17,48798060,-,17,48807289,+,MESO,5,TCGA-3H-AB3K-01A,TCGA-3H-AB3K-01A,1.0,0.0,0.0,0.0,0.0
17,57904224,+,17,57921719,-,MESO,6,TCGA-3H-AB3K-01A,TCGA-3H-AB3K-01A,1.0,0.0,0.0,0.0,0.0
2,114110542,+,13,93510996,+,MESO,7,TCGA-3H-AB3K-01A,TCGA-3H-AB3K-01A,1.0,0.0,0.0,0.0,0.0
2,151307341,-,2,151837203,+,MESO,8,TCGA-3H-AB3K-01A,TCGA-3H-AB3K-01A,1.0,0.0,0.0,0.0,0.0
22,11325526,+,22,11328189,-,MESO,9,TCGA-3H-AB3K-01A,TCGA-3H-AB3K-01A,1.0,0.0,0.0,0.0,0.0
3,49403992,-,10,17548236,-,MESO,10,TCGA-3H-AB3K-01A,TCGA-3H-AB3K-01A,1.0,0.0,0.0,0.0,0.0
3,91030411,+,3,91194380,-,MESO,11,TCGA-3H-AB3K-01A,TCGA-3H-AB3K-01A,1.0,0.0,0.0,0.0,0.0
4,48659923,-,20,48610814,-,MESO,12,TCGA-3H-AB3K-01A,TCGA-3H-AB3K-01A,1.0,0.0,0.0,0.0,0.0
4,110606653,-,13,86289813,+,MESO,13,TCGA-3H-AB3K-01A,TCGA-3H-AB3K-01A,1.0,0.0,0.0,0.0,0.0
5,13706974,+,5,13713063,-,MESO,14,TCGA-3H-AB3K-01A,TCGA-3H-AB3K-01A,1.0,0.0,0.0,0.0,0.0
5,46496319,-,5,46530070,+,MESO,15,TCGA-3H-AB3K-01A,TCGA-3H-AB3K-01A,1.0,0.0,0.0,0.0,0.0
5,49759545,-,5,49942837,+,MESO,16,TCGA-3H-AB3K-01A,TCGA-3H-AB3K-01A,1.0,0.0,0.0,0.0,0.0
5,49861599,+,5,49894492,-,MESO,17,TCGA-3H-AB3K-01A,TCGA-3H-AB3K-01A,1.0,0.0,0.0,0.0,0.0
5,149618575,+,5,164300818,+,MESO,18,TCGA-3H-AB3K-01A,TCGA-3H-AB3K-01A,1.0,0.0,0.0,0.0,0.0
5,149635066,-,5,164329894,-,MESO,19,TCGA-3H-AB3K-01A,TCGA-3H-AB3K-01A,1.0,0.0,0.0,0.0,0.0
6,31908404,+,6,31938213,+,MESO,20,TCGA-3H-AB3K-01A,TCGA-3H-AB3K-01A,1.0,0.0,0.0,0.0,0.0
6,31912484,-,6,31976991,-,MESO,21,TCGA-3H-AB3K-01A,TCGA-3H-AB3K-01A,1.0,0.0,0.0,0.0,0.0
6,63788689,+,8,40044056,-,MESO,22,TCGA-3H-AB3K-01A,TCGA-3H-AB3K-01A,1.0,0.0,0.0,0.0,0.0
8,142909125,+,8,142911865,-,MESO,23,TCGA-3H-AB3K-01A,TCGA-3H-AB3K-01A,1.0,0.0,0.0,0.0,0.0
1,83817513,+,1,83819017,-,MESO,24,TCGA-3H-AB3L-01A,TCGA-3H-AB3L-01A,1.0,0.0,0.0,0.0,0.0
1,83817547,-,9,28517271,-,MESO,25,TCGA-3H-AB3L-01A,TCGA-3H-AB3L-01A,1.0,0.0,0.0,0.0,0.0
1,83817784,+,9,28517190,+,MESO,26,TCGA-3H-AB3L-01A,TCGA-3H-AB3L-01A,1.0,0.0,0.0,0.0,0.0
1,150465761,+,1,150491596,-,MESO,27,TCGA-3H-AB3L-01A,TCGA-3H-AB3L-01A,1.0,0.0,0.0,0.0,0.0
11,56001816,-,11,56008827,+,MESO,28,TCGA-3H-AB3L-01A,TCGA-3H-AB3L-01A,1.0,0.0,0.0,0.0,0.0
11,56039626,-,16,76397945,-,MESO,29,TCGA-3H-AB3L-01A,TCGA-3H-AB3L-01A,1.0,0.0,0.0,0.0,0.0
12,2537745,+,17,17113897,+,MESO,30,TCGA-3H-AB3L-01A,TCGA-3H-AB3L-01A,1.0,0.0,0.0,0.0,0.0
12,114609273,+,12,114625348,-,MESO,31,TCGA-3H-AB3L-01A,TCGA-3H-AB3L-01A,1.0,0.0,0.0,0.0,0.0
13,18525840,+,13,78430562,-,MESO,32,TCGA-3H-AB3L-01A,TCGA-3H-AB3L-01A,1.0,0.0,0.0,0.0,0.0
14,40005927,+,14,40013337,-,MESO,33,TCGA-3H-AB3L-01A,TCGA-3H-AB3L-01A,1.0,0.0,0.0,0.0,0.0
14,55788448,+,14,68611293,-,MESO,34,TCGA-3H-AB3L-01A,TCGA-3H-AB3L-01A,1.0,0.0,0.0,0.0,0.0
14,71167612,+,14,104211218,-,MESO,35,TCGA-3H-AB3L-01A,TCGA-3H-AB3L-01A,1.0,0.0,0.0,0.0,0.0
16,6474366,+,16,6605120,-,MESO,36,TCGA-3H-AB3L-01A,TCGA-3H-AB3L-01A,1.0,0.0,0.0,0.0,0.0
18,15512446,+,18,15572261,-,MESO,37,TCGA-3H-AB3L-01A,TCGA-3H-AB3L-01A,1.0,0.0,0.0,0.0,0.0
18,63629788,+,18,63634169,+,MESO,38,TCGA-3H-AB3L-01A,TCGA-3H-AB3L-01A,1.0,0.0,0.0,0.0,0.0
18,63633057,-,18,63641027,-,MESO,39,TCGA-3H-AB3L-01A,TCGA-3H-AB3L-01A,1.0,0.0,0.0,0.0,0.0
19,12856511,-,19,12865840,-,MESO,40,TCGA-3H-AB3L-01A,TCGA-3H-AB3L-01A,1.0,0.0,0.0,0.0,0.0
19,18858183,-,19,51862685,-,MESO,41,TCGA-3H-AB3L-01A,TCGA-3H-AB3L-01A,1.0,0.0,0.0,0.0,0.0
19,18861875,+,19,18866722,+,MESO,42,TCGA-3H-AB3L-01A,TCGA-3H-AB3L-01A,1.0,0.0,0.0,0.0,0.0
19,50920181,-,19,50955405,+,MESO,43,TCGA-3H-AB3L-01A,TCGA-3H-AB3L-01A,1.0,0.0,0.0,0.0,0.0
19,55242132,-,19,55303927,+,MESO,44,TCGA-3H-AB3L-01A,TCGA-3H-AB3L-01A,1.0,0.0,0.0,0.0,0.0
2,32595324,+,2,32600263,-,MESO,45,TCGA-3H-AB3L-01A,TCGA-3H-AB3L-01A,1.0,0.0,0.0,0.0,0.0
2,69158474,+,2,69233040,-,MESO,46,TCGA-3H-AB3L-01A,TCGA-3H-AB3L-01A,1.0,0.0,0.0,0.0,0.0
2,198401312,+,2,199276418,+,MESO,47,TCGA-3H-AB3L-01A,TCGA-3H-AB3L-01A,1.0,0.0,0.0,0.0,0.0
2,198760904,-,2,199446336,-,MESO,48,TCGA-3H-AB3L-01A,TCGA-3H-AB3L-01A,1.0,0.0,0.0,0.0,0.0
2,199480822,+,14,44166436,-,MESO,49,TCGA-3H-AB3L-01A,TCGA-3H-AB3L-01A,1.0,0.0,0.0,0.0,0.0
3,52396279,+,3,52703391,-,MESO,50,TCGA-3H-AB3L-01A,TCGA-3H-AB3L-01A,1.0,0.0,0.0,0.0,0.0
3,52406722,+,3,52696766,+,MESO,51,TCGA-3H-AB3L-01A,TCGA-3H-AB3L-01A,1.0,0.0,0.0,0.0,0.0
3,52406727,-,3,52659514,-,MESO,52,TCGA-3H-AB3L-01A,TCGA-3H-AB3L-01A,1.0,0.0,0.0,0.0,0.0
3,91068688,+,3,91147810,-,MESO,53,TCGA-3H-AB3L-01A,TCGA-3H-AB3L-01A,1.0,0.0,0.0,0.0,0.0
3,115985678,+,3,116324200,-,MESO,54,TCGA-3H-AB3L-01A,TCGA-3H-AB3L-01A,1.0,0.0,0.0,0.0,0.0
4,55667113,-,17,17468449,+,MESO,55,TCGA-3H-AB3L-01A,TCGA-3H-AB3L-01A,1.0,0.0,0.0,0.0,0.0
4,57113285,+,17,15851415,-,MESO,56,TCGA-3H-AB3L-01A,TCGA-3H-AB3L-01A,1.0,0.0,0.0,0.0,0.0
4,65881412,+,4,65881488,+,MESO,57,TCGA-3H-AB3L-01A,TCGA-3H-AB3L-01A,1.0,0.0,0.0,0.0,0.0
5,66987561,-,5,66992432,-,MESO,58,TCGA-3H-AB3L-01A,TCGA-3H-AB3L-01A,1.0,0.0,0.0,0.0,0.0
5,67791311,+,9,31228048,-,MESO,59,TCGA-3H-AB3L-01A,TCGA-3H-AB3L-01A,1.0,0.0,0.0,0.0,0.0
5,68290297,+,5,68291566,+,MESO,60,TCGA-3H-AB3L-01A,TCGA-3H-AB3L-01A,1.0,0.0,0.0,0.0,0.0
5,96688078,-,5,96729312,+,MESO,61,TCGA-3H-AB3L-01A,TCGA-3H-AB3L-01A,1.0,0.0,0.0,0.0,0.0
7,38710019,+,7,38730588,-,MESO,62,TCGA-3H-AB3L-01A,TCGA-3H-AB3L-01A,1.0,0.0,0.0,0.0,0.0
7,38723780,-,7,38730526,+,MESO,63,TCGA-3H-AB3L-01A,TCGA-3H-AB3L-01A,1.0,0.0,0.0,0.0,0.0
7,63307552,+,7,64194061,-,MESO,64,TCGA-3H-AB3L-01A,TCGA-3H-AB3L-01A,1.0,0.0,0.0,0.0,0.0
7,103663038,-,8,105354668,+,MESO,65,TCGA-3H-AB3L-01A,TCGA-3H-AB3L-01A,1.0,0.0,0.0,0.0,0.0
7,103663040,+,11,107671462,+,MESO,66,TCGA-3H-AB3L-01A,TCGA-3H-AB3L-01A,1.0,0.0,0.0,0.0,0.0
7,144534677,+,7,144569316,-,MESO,67,TCGA-3H-AB3L-01A,TCGA-3H-AB3L-01A,1.0,0.0,0.0,0.0,0.0
8,28622043,+,8,28628283,-,MESO,68,TCGA-3H-AB3L-01A,TCGA-3H-AB3L-01A,1.0,0.0,0.0,0.0,0.0
8,40508955,-,8,42990696,+,MESO,69,TCGA-3H-AB3L-01A,TCGA-3H-AB3L-01A,1.0,0.0,0.0,0.0,0.0
8,105354020,-,11,107671107,-,MESO,70,TCGA-3H-AB3L-01A,TCGA-3H-AB3L-01A,1.0,0.0,0.0,0.0,0.0
9,3103266,+,9,3210944,-,MESO,71,TCGA-3H-AB3L-01A,TCGA-3H-AB3L-01A,1.0,0.0,0.0,0.0,0.0
9,28149557,-,9,29518175,+,MESO,72,TCGA-3H-AB3L-01A,TCGA-3H-AB3L-01A,1.0,0.0,0.0,0.0,0.0
9,28149874,+,10,37714137,+,MESO,73,TCGA-3H-AB3L-01A,TCGA-3H-AB3L-01A,1.0,0.0,0.0,0.0,0.0
9,28351655,-,9,30955951,+,MESO,74,TCGA-3H-AB3L-01A,TCGA-3H-AB3L-01A,1.0,0.0,0.0,0.0,0.0
9,28356284,+,10,37712137,-,MESO,75,TCGA-3H-AB3L-01A,TCGA-3H-AB3L-01A,1.0,0.0,0.0,0.0,0.0
9,28452557,-,9,30967486,-,MESO,76,TCGA-3H-AB3L-01A,TCGA-3H-AB3L-01A,1.0,0.0,0.0,0.0,0.0
9,28484830,+,9,28666318,+,MESO,77,TCGA-3H-AB3L-01A,TCGA-3H-AB3L-01A,1.0,0.0,0.0,0.0,0.0
9,28851583,-,9,32684663,-,MESO,78,TCGA-3H-AB3L-01A,TCGA-3H-AB3L-01A,1.0,0.0,0.0,0.0,0.0
9,28852622,+,9,35141160,+,MESO,79,TCGA-3H-AB3L-01A,TCGA-3H-AB3L-01A,1.0,0.0,0.0,0.0,0.0
9,32062817,+,9,32063743,+,MESO,80,TCGA-3H-AB3L-01A,TCGA-3H-AB3L-01A,1.0,0.0,0.0,0.0,0.0
9,34154068,+,9,34860985,-,MESO,81,TCGA-3H-AB3L-01A,TCGA-3H-AB3L-01A,1.0,0.0,0.0,0.0,0.0
9,60739035,+,9,66900534,-,MESO,82,TCGA-3H-AB3L-01A,TCGA-3H-AB3L-01A,1.0,0.0,0.0,0.0,0.0
9,127141581,+,9,127144157,-,MESO,83,TCGA-3H-AB3L-01A,TCGA-3H-AB3L-01A,1.0,0.0,0.0,0.0,0.0
1,52696794,+,1,52700636,-,MESO,84,TCGA-3H-AB3M-01A,TCGA-3H-AB3M-01A,1.0,0.0,0.0,0.0,0.0
1,63652931,+,2,174811710,+,MESO,85,TCGA-3H-AB3M-01A,TCGA-3H-AB3M-01A,1.0,0.0,0.0,0.0,0.0
1,63660994,-,2,174811890,-,MESO,86,TCGA-3H-AB3M-01A,TCGA-3H-AB3M-01A,1.0,0.0,0.0,0.0,0.0
1,85223516,+,1,85243679,-,MESO,87,TCGA-3H-AB3M-01A,TCGA-3H-AB3M-01A,1.0,0.0,0.0,0.0,0.0
1,101497030,-,8,133313028,+,MESO,88,TCGA-3H-AB3M-01A,TCGA-3H-AB3M-01A,1.0,0.0,0.0,0.0,0.0
1,123390679,+,16,36907602,-,MESO,89,TCGA-3H-AB3M-01A,TCGA-3H-AB3M-01A,1.0,0.0,0.0,0.0,0.0
1,153775261,+,15,32995981,-,MESO,90,TCGA-3H-AB3M-01A,TCGA-3H-AB3M-01A,1.0,0.0,0.0,0.0,0.0
1,153779243,-,15,32991153,+,MESO,91,TCGA-3H-AB3M-01A,TCGA-3H-AB3M-01A,1.0,0.0,0.0,0.0,0.0
1,154970383,+,5,55351172,-,MESO,92,TCGA-3H-AB3M-01A,TCGA-3H-AB3M-01A,1.0,0.0,0.0,0.0,0.0
1,154970392,-,5,55340522,+,MESO,93,TCGA-3H-AB3M-01A,TCGA-3H-AB3M-01A,1.0,0.0,0.0,0.0,0.0
1,174223974,+,1,174227549,-,MESO,94,TCGA-3H-AB3M-01A,TCGA-3H-AB3M-01A,1.0,0.0,0.0,0.0,0.0
1,184332715,+,1,184338946,-,MESO,95,TCGA-3H-AB3M-01A,TCGA-3H-AB3M-01A,1.0,0.0,0.0,0.0,0.0
1,190714662,+,1,190717438,+,MESO,96,TCGA-3H-AB3M-01A,TCGA-3H-AB3M-01A,1.0,0.0,0.0,0.0,0.0
1,190716820,-,1,190722058,-,MESO,97,TCGA-3H-AB3M-01A,TCGA-3H-AB3M-01A,1.0,0.0,0.0,0.0,0.0
1,197267590,+,1,197283850,-,MESO,98,TCGA-3H-AB3M-01A,TCGA-3H-AB3M-01A,1.0,0.0,0.0,0.0,0.0
1,197604848,+,1,198156877,+,MESO,99,TCGA-3H-AB3M-01A,TCGA-3H-AB3M-01A,1.0,0.0,0.0,0.0,0.0
1,197928323,-,1,198157021,-,MESO,100,TCGA-3H-AB3M-01A,TCGA-3H-AB3M-01A,1.0,0.0,0.0,0.0,0.0
1,221192764,+,1,221196703,-,MESO,101,TCGA-3H-AB3M-01A,TCGA-3H-AB3M-01A,1.0,0.0,0.0,0.0,0.0
1,222534693,+,5,21539370,-,MESO,102,TCGA-3H-AB3M-01A,TCGA-3H-AB3M-01A,1.0,0.0,0.0,0.0,0.0
1,230287947,+,1,230333542,-,MESO,103,TCGA-3H-AB3M-01A,TCGA-3H-AB3M-01A,1.0,0.0,0.0,0.0,0.0
1,242943684,-,22,28670051,-,MESO,104,TCGA-3H-AB3M-01A,TCGA-3H-AB3M-01A,1.0,0.0,0.0,0.0,0.0
1,247515149,-,1,247518306,+,MESO,105,TCGA-3H-AB3M-01A,TCGA-3H-AB3M-01A,1.0,0.0,0.0,0.0,0.0
10,16194174,+,10,16194895,-,MESO,106,TCGA-3H-AB3M-01A,TCGA-3H-AB3M-01A,1.0,0.0,0.0,0.0,0.0
10,16489642,+,10,16615013,-,MESO,107,TCGA-3H-AB3M-01A,TCGA-3H-AB3M-01A,1.0,0.0,0.0,0.0,0.0
10,23740235,+,10,23745258,-,MESO,108,TCGA-3H-AB3M-01A,TCGA-3H-AB3M-01A,1.0,0.0,0.0,0.0,0.0
10,25420719,+,10,25421290,-,MESO,109,TCGA-3H-AB3M-01A,TCGA-3H-AB3M-01A,1.0,0.0,0.0,0.0,0.0
10,28437851,+,22,36267132,+,MESO,110,TCGA-3H-AB3M-01A,TCGA-3H-AB3M-01A,1.0,0.0,0.0,0.0,0.0
10,29322102,-,22,27107577,-,MESO,111,TCGA-3H-AB3M-01A,TCGA-3H-AB3M-01A,1.0,0.0,0.0,0.0,0.0
10,39509625,+,10,39525943,-,MESO,112,TCGA-3H-AB3M-01A,TCGA-3H-AB3M-01A,1.0,0.0,0.0,0.0,0.0
10,45083753,+,10,45292969,-,MESO,113,TCGA-3H-AB3M-01A,TCGA-3H-AB3M-01A,1.0,0.0,0.0,0.0,0.0
10,57063113,+,10,57183872,-,MESO,114,TCGA-3H-AB3M-01A,TCGA-3H-AB3M-01A,1.0,0.0,0.0,0.0,0.0
10,61714650,+,10,62543101,+,MESO,115,TCGA-3H-AB3M-01A,TCGA-3H-AB3M-01A,1.0,0.0,0.0,0.0,0.0
10,73139019,+,10,73474988,+,MESO,116,TCGA-3H-AB3M-01A,TCGA-3H-AB3M-01A,1.0,0.0,0.0,0.0,0.0
10,73140633,-,10,73477884,-,MESO,117,TCGA-3H-AB3M-01A,TCGA-3H-AB3M-01A,1.0,0.0,0.0,0.0,0.0
10,82386534,+,10,82460766,-,MESO,118,TCGA-3H-AB3M-01A,TCGA-3H-AB3M-01A,1.0,0.0,0.0,0.0,0.0
10,82415188,+,10,82685791,-,MESO,119,TCGA-3H-AB3M-01A,TCGA-3H-AB3M-01A,1.0,0.0,0.0,0.0,0.0
10,92513960,+,10,92515631,-,MESO,120,TCGA-3H-AB3M-01A,TCGA-3H-AB3M-01A,1.0,0.0,0.0,0.0,0.0
10,96842987,+,10,96856033,-,MESO,121,TCGA-3H-AB3M-01A,TCGA-3H-AB3M-01A,1.0,0.0,0.0,0.0,0.0
10,102437308,+,10,102458540,-,MESO,122,TCGA-3H-AB3M-01A,TCGA-3H-AB3M-01A,1.0,0.0,0.0,0.0,0.0
10,104411710,+,10,104445661,-,MESO,123,TCGA-3H-AB3M-01A,TCGA-3H-AB3M-01A,1.0,0.0,0.0,0.0,0.0
10,108801653,+,10,110981466,-,MESO,124,TCGA-3H-AB3M-01A,TCGA-3H-AB3M-01A,1.0,0.0,0.0,0.0,0.0
10,115447777,-,10,116292135,+,MESO,125,TCGA-3H-AB3M-01A,TCGA-3H-AB3M-01A,1.0,0.0,0.0,0.0,0.0
10,116557617,+,10,116564767,-,MESO,126,TCGA-3H-AB3M-01A,TCGA-3H-AB3M-01A,1.0,0.0,0.0,0.0,0.0
10,123076127,+,10,123089711,-,MESO,127,TCGA-3H-AB3M-01A,TCGA-3H-AB3M-01A,1.0,0.0,0.0,0.0,0.0
11,11881853,-,11,25771861,-,MESO,128,TCGA-3H-AB3M-01A,TCGA-3H-AB3M-01A,1.0,0.0,0.0,0.0,0.0
11,25431354,-,11,25760296,-,MESO,129,TCGA-3H-AB3M-01A,TCGA-3H-AB3M-01A,1.0,0.0,0.0,0.0,0.0
11,25760299,+,11,29333145,-,MESO,130,TCGA-3H-AB3M-01A,TCGA-3H-AB3M-01A,1.0,0.0,0.0,0.0,0.0
11,25771828,+,11,29333122,+,MESO,131,TCGA-3H-AB3M-01A,TCGA-3H-AB3M-01A,1.0,0.0,0.0,0.0,0.0
11,26262910,+,11,97706912,+,MESO,132,TCGA-3H-AB3M-01A,TCGA-3H-AB3M-01A,1.0,0.0,0.0,0.0,0.0
11,32525043,+,11,32527888,-,MESO,133,TCGA-3H-AB3M-01A,TCGA-3H-AB3M-01A,1.0,0.0,0.0,0.0,0.0
11,47460417,-,11,54723803,+,MESO,134,TCGA-3H-AB3M-01A,TCGA-3H-AB3M-01A,1.0,0.0,0.0,0.0,0.0
11,49917491,+,11,49922625,-,MESO,135,TCGA-3H-AB3M-01A,TCGA-3H-AB3M-01A,1.0,0.0,0.0,0.0,0.0
11,89204483,+,11,97582244,-,MESO,136,TCGA-3H-AB3M-01A,TCGA-3H-AB3M-01A,1.0,0.0,0.0,0.0,0.0
11,99709030,-,11,99712830,-,MESO,137,TCGA-3H-AB3M-01A,TCGA-3H-AB3M-01A,1.0,0.0,0.0,0.0,0.0
11,99709035,+,11,99712826,+,MESO,138,TCGA-3H-AB3M-01A,TCGA-3H-AB3M-01A,1.0,0.0,0.0,0.0,0.0
11,119584494,+,11,119590711,-,MESO,139,TCGA-3H-AB3M-01A,TCGA-3H-AB3M-01A,1.0,0.0,0.0,0.0,0.0
11,130456665,+,11,130462617,-,MESO,140,TCGA-3H-AB3M-01A,TCGA-3H-AB3M-01A,1.0,0.0,0.0,0.0,0.0
12,6491390,+,12,6500186,-,MESO,141,TCGA-3H-AB3M-01A,TCGA-3H-AB3M-01A,1.0,0.0,0.0,0.0,0.0
12,6494507,-,12,6503301,-,MESO,142,TCGA-3H-AB3M-01A,TCGA-3H-AB3M-01A,1.0,0.0,0.0,0.0,0.0
12,6499747,+,12,6503202,+,MESO,143,TCGA-3H-AB3M-01A,TCGA-3H-AB3M-01A,1.0,0.0,0.0,0.0,0.0
12,37934665,+,12,37937669,-,MESO,144,TCGA-3H-AB3M-01A,TCGA-3H-AB3M-01A,1.0,0.0,0.0,0.0,0.0
12,60081847,+,12,122127133,-,MESO,145,TCGA-3H-AB3M-01A,TCGA-3H-AB3M-01A,1.0,0.0,0.0,0.0,0.0
12,60165854,-,12,60672567,+,MESO,146,TCGA-3H-AB3M-01A,TCGA-3H-AB3M-01A,1.0,0.0,0.0,0.0,0.0
12,60407537,+,12,60621496,-,MESO,147,TCGA-3H-AB3M-01A,TCGA-3H-AB3M-01A,1.0,0.0,0.0,0.0,0.0
12,60623728,+,12,60823198,-,MESO,148,TCGA-3H-AB3M-01A,TCGA-3H-AB3M-01A,1.0,0.0,0.0,0.0,0.0
12,60629711,-,12,88343484,+,MESO,149,TCGA-3H-AB3M-01A,TCGA-3H-AB3M-01A,1.0,0.0,0.0,0.0,0.0
12,62803456,+,12,63804535,+,MESO,150,TCGA-3H-AB3M-01A,TCGA-3H-AB3M-01A,1.0,0.0,0.0,0.0,0.0
12,63796829,-,12,63804603,-,MESO,151,TCGA-3H-AB3M-01A,TCGA-3H-AB3M-01A,1.0,0.0,0.0,0.0,0.0
12,70019615,+,12,70054887,-,MESO,152,TCGA-3H-AB3M-01A,TCGA-3H-AB3M-01A,1.0,0.0,0.0,0.0,0.0
12,75122337,+,12,75127454,-,MESO,153,TCGA-3H-AB3M-01A,TCGA-3H-AB3M-01A,1.0,0.0,0.0,0.0,0.0
12,75127537,+,12,75129675,-,MESO,154,TCGA-3H-AB3M-01A,TCGA-3H-AB3M-01A,1.0,0.0,0.0,0.0,0.0
12,77603930,+,19,56042021,-,MESO,155,TCGA-3H-AB3M-01A,TCGA-3H-AB3M-01A,1.0,0.0,0.0,0.0,0.0
12,81799839,+,12,81816675,-,MESO,156,TCGA-3H-AB3M-01A,TCGA-3H-AB3M-01A,1.0,0.0,0.0,0.0,0.0
12,88343303,-,12,122127663,+,MESO,157,TCGA-3H-AB3M-01A,TCGA-3H-AB3M-01A,1.0,0.0,0.0,0.0,0.0
12,117573376,+,12,117574232,-,MESO,158,TCGA-3H-AB3M-01A,TCGA-3H-AB3M-01A,1.0,0.0,0.0,0.0,0.0
12,118514254,+,12,119521868,-,MESO,159,TCGA-3H-AB3M-01A,TCGA-3H-AB3M-01A,1.0,0.0,0.0,0.0,0.0
12,122038022,+,12,122039417,-,MESO,160,TCGA-3H-AB3M-01A,TCGA-3H-AB3M-01A,1.0,0.0,0.0,0.0,0.0
12,124995906,+,12,125020665,-,MESO,161,TCGA-3H-AB3M-01A,TCGA-3H-AB3M-01A,1.0,0.0,0.0,0.0,0.0
12,126200650,+,12,126223837,-,MESO,162,TCGA-3H-AB3M-01A,TCGA-3H-AB3M-01A,1.0,0.0,0.0,0.0,0.0
13,27911096,+,13,27912338,-,MESO,163,TCGA-3H-AB3M-01A,TCGA-3H-AB3M-01A,1.0,0.0,0.0,0.0,0.0
13,36629651,+,13,36641179,+,MESO,164,TCGA-3H-AB3M-01A,TCGA-3H-AB3M-01A,1.0,0.0,0.0,0.0,0.0
13,57796937,+,13,57801367,-,MESO,165,TCGA-3H-AB3M-01A,TCGA-3H-AB3M-01A,1.0,0.0,0.0,0.0,0.0
13,57805019,+,13,57805513,-,MESO,166,TCGA-3H-AB3M-01A,TCGA-3H-AB3M-01A,1.0,0.0,0.0,0.0,0.0
13,66608771,+,13,66760348,-,MESO,167,TCGA-3H-AB3M-01A,TCGA-3H-AB3M-01A,1.0,0.0,0.0,0.0,0.0
13,69407105,-,13,69615888,+,MESO,168,TCGA-3H-AB3M-01A,TCGA-3H-AB3M-01A,1.0,0.0,0.0,0.0,0.0
13,84530010,+,13,84536310,+,MESO,169,TCGA-3H-AB3M-01A,TCGA-3H-AB3M-01A,1.0,0.0,0.0,0.0,0.0
13,84533242,-,13,84537113,-,MESO,170,TCGA-3H-AB3M-01A,TCGA-3H-AB3M-01A,1.0,0.0,0.0,0.0,0.0
13,91677674,+,13,92001805,-,MESO,171,TCGA-3H-AB3M-01A,TCGA-3H-AB3M-01A,1.0,0.0,0.0,0.0,0.0
14,37376705,+,14,37583367,-,MESO,172,TCGA-3H-AB3M-01A,TCGA-3H-AB3M-01A,1.0,0.0,0.0,0.0,0.0
14,37379944,-,14,40581697,+,MESO,173,TCGA-3H-AB3M-01A,TCGA-3H-AB3M-01A,1.0,0.0,0.0,0.0,0.0
14,37579252,+,14,75819830,+,MESO,174,TCGA-3H-AB3M-01A,TCGA-3H-AB3M-01A,1.0,0.0,0.0,0.0,0.0
14,40586184,-,14,75822557,-,MESO,175,TCGA-3H-AB3M-01A,TCGA-3H-AB3M-01A,1.0,0.0,0.0,0.0,0.0
14,55553523,+,14,55713927,-,MESO,176,TCGA-3H-AB3M-01A,TCGA-3H-AB3M-01A,1.0,0.0,0.0,0.0,0.0
14,80468438,+,14,80554635,-,MESO,177,TCGA-3H-AB3M-01A,TCGA-3H-AB3M-01A,1.0,0.0,0.0,0.0,0.0
14,97414850,+,14,97422302,-,MESO,178,TCGA-3H-AB3M-01A,TCGA-3H-AB3M-01A,1.0,0.0,0.0,0.0,0.0
14,97421967,+,14,97604960,+,MESO,179,TCGA-3H-AB3M-01A,TCGA-3H-AB3M-01A,1.0,0.0,0.0,0.0,0.0
14,97450867,-,14,98894094,-,MESO,180,TCGA-3H-AB3M-01A,TCGA-3H-AB3M-01A,1.0,0.0,0.0,0.0,0.0
15,24226897,+,15,24232842,-,MESO,181,TCGA-3H-AB3M-01A,TCGA-3H-AB3M-01A,1.0,0.0,0.0,0.0,0.0
15,24770512,-,15,24772058,+,MESO,182,TCGA-3H-AB3M-01A,TCGA-3H-AB3M-01A,1.0,0.0,0.0,0.0,0.0
15,27793409,+,15,27796670,-,MESO,183,TCGA-3H-AB3M-01A,TCGA-3H-AB3M-01A,1.0,0.0,0.0,0.0,0.0
15,32617810,+,15,48088111,-,MESO,184,TCGA-3H-AB3M-01A,TCGA-3H-AB3M-01A,1.0,0.0,0.0,0.0,0.0
15,40280926,+,15,41724475,-,MESO,185,TCGA-3H-AB3M-01A,TCGA-3H-AB3M-01A,1.0,0.0,0.0,0.0,0.0
15,40286531,-,15,41790936,-,MESO,186,TCGA-3H-AB3M-01A,TCGA-3H-AB3M-01A,1.0,0.0,0.0,0.0,0.0
15,40539356,+,15,40565248,-,MESO,187,TCGA-3H-AB3M-01A,TCGA-3H-AB3M-01A,1.0,0.0,0.0,0.0,0.0
15,40545885,-,15,43206079,-,MESO,188,TCGA-3H-AB3M-01A,TCGA-3H-AB3M-01A,1.0,0.0,0.0,0.0,0.0
15,40560524,+,15,41723125,+,MESO,189,TCGA-3H-AB3M-01A,TCGA-3H-AB3M-01A,1.0,0.0,0.0,0.0,0.0
15,40560680,-,15,40568817,-,MESO,190,TCGA-3H-AB3M-01A,TCGA-3H-AB3M-01A,1.0,0.0,0.0,0.0,0.0
15,40561088,+,15,43205730,+,MESO,191,TCGA-3H-AB3M-01A,TCGA-3H-AB3M-01A,1.0,0.0,0.0,0.0,0.0
15,40565509,+,15,42903550,-,MESO,192,TCGA-3H-AB3M-01A,TCGA-3H-AB3M-01A,1.0,0.0,0.0,0.0,0.0
15,40585808,+,15,40589857,-,MESO,193,TCGA-3H-AB3M-01A,TCGA-3H-AB3M-01A,1.0,0.0,0.0,0.0,0.0
15,40585946,-,15,43195392,+,MESO,194,TCGA-3H-AB3M-01A,TCGA-3H-AB3M-01A,1.0,0.0,0.0,0.0,0.0
15,40589505,+,15,41721844,-,MESO,195,TCGA-3H-AB3M-01A,TCGA-3H-AB3M-01A,1.0,0.0,0.0,0.0,0.0
15,41720527,+,15,42899415,+,MESO,196,TCGA-3H-AB3M-01A,TCGA-3H-AB3M-01A,1.0,0.0,0.0,0.0,0.0
15,41790789,+,15,43204403,+,MESO,197,TCGA-3H-AB3M-01A,TCGA-3H-AB3M-01A,1.0,0.0,0.0,0.0,0.0
15,43200515,-,15,43202907,-,MESO,198,TCGA-3H-AB3M-01A,TCGA-3H-AB3M-01A,1.0,0.0,0.0,0.0,0.0
15,43202779,+,15,43204607,-,MESO,199,TCGA-3H-AB3M-01A,TCGA-3H-AB3M-01A,1.0,0.0,0.0,0.0,0.0
15,81505424,+,15,81508765,-,MESO,200,TCGA-3H-AB3M-01A,TCGA-3H-AB3M-01A,1.0,0.0,0.0,0.0,0.0
16,5322611,+,16,6388462,-,MESO,201,TCGA-3H-AB3M-01A,TCGA-3H-AB3M-01A,1.0,0.0,0.0,0.0,0.0
16,5776287,+,16,5777855,-,MESO,202,TCGA-3H-AB3M-01A,TCGA-3H-AB3M-01A,1.0,0.0,0.0,0.0,0.0
16,6373343,+,16,6534750,-,MESO,203,TCGA-3H-AB3M-01A,TCGA-3H-AB3M-01A,1.0,0.0,0.0,0.0,0.0
16,6557377,+,16,6568708,-,MESO,204,TCGA-3H-AB3M-01A,TCGA-3H-AB3M-01A,1.0,0.0,0.0,0.0,0.0
16,6718881,+,16,6881348,-,MESO,205,TCGA-3H-AB3M-01A,TCGA-3H-AB3M-01A,1.0,0.0,0.0,0.0,0.0
16,6931474,+,16,7028229,-,MESO,206,TCGA-3H-AB3M-01A,TCGA-3H-AB3M-01A,1.0,0.0,0.0,0.0,0.0
16,7597138,+,16,7651074,+,MESO,207,TCGA-3H-AB3M-01A,TCGA-3H-AB3M-01A,1.0,0.0,0.0,0.0,0.0
16,7647825,-,16,7651237,-,MESO,208,TCGA-3H-AB3M-01A,TCGA-3H-AB3M-01A,1.0,0.0,0.0,0.0,0.0
16,8668271,+,16,8715989,-,MESO,209,TCGA-3H-AB3M-01A,TCGA-3H-AB3M-01A,1.0,0.0,0.0,0.0,0.0
16,17743782,+,16,17749228,-,MESO,210,TCGA-3H-AB3M-01A,TCGA-3H-AB3M-01A,1.0,0.0,0.0,0.0,0.0
16,26718446,+,16,26727520,+,MESO,211,TCGA-3H-AB3M-01A,TCGA-3H-AB3M-01A,1.0,0.0,0.0,0.0,0.0
16,81197027,+,16,81198253,-,MESO,212,TCGA-3H-AB3M-01A,TCGA-3H-AB3M-01A,1.0,0.0,0.0,0.0,0.0
17,22697892,+,17,22729204,-,MESO,213,TCGA-3H-AB3M-01A,TCGA-3H-AB3M-01A,1.0,0.0,0.0,0.0,0.0
17,40447779,-,17,40471203,-,MESO,214,TCGA-3H-AB3M-01A,TCGA-3H-AB3M-01A,1.0,0.0,0.0,0.0,0.0
17,55058357,+,17,55208020,-,MESO,215,TCGA-3H-AB3M-01A,TCGA-3H-AB3M-01A,1.0,0.0,0.0,0.0,0.0
17,56580745,+,17,56591281,-,MESO,216,TCGA-3H-AB3M-01A,TCGA-3H-AB3M-01A,1.0,0.0,0.0,0.0,0.0
17,57847448,+,17,57852192,+,MESO,217,TCGA-3H-AB3M-01A,TCGA-3H-AB3M-01A,1.0,0.0,0.0,0.0,0.0
17,57848987,-,17,57852202,-,MESO,218,TCGA-3H-AB3M-01A,TCGA-3H-AB3M-01A,1.0,0.0,0.0,0.0,0.0
17,62434906,+,17,62438724,-,MESO,219,TCGA-3H-AB3M-01A,TCGA-3H-AB3M-01A,1.0,0.0,0.0,0.0,0.0
18,7037637,+,18,35933840,-,MESO,220,TCGA-3H-AB3M-01A,TCGA-3H-AB3M-01A,1.0,0.0,0.0,0.0,0.0
18,7037656,-,18,35783577,+,MESO,221,TCGA-3H-AB3M-01A,TCGA-3H-AB3M-01A,1.0,0.0,0.0,0.0,0.0
18,7038230,+,18,35881232,-,MESO,222,TCGA-3H-AB3M-01A,TCGA-3H-AB3M-01A,1.0,0.0,0.0,0.0,0.0
18,7038698,-,18,35940098,+,MESO,223,TCGA-3H-AB3M-01A,TCGA-3H-AB3M-01A,1.0,0.0,0.0,0.0,0.0
18,15656452,-,18,15702548,+,MESO,224,TCGA-3H-AB3M-01A,TCGA-3H-AB3M-01A,1.0,0.0,0.0,0.0,0.0
18,30491933,-,18,30693484,-,MESO,225,TCGA-3H-AB3M-01A,TCGA-3H-AB3M-01A,1.0,0.0,0.0,0.0,0.0
18,30583277,+,18,30600483,-,MESO,226,TCGA-3H-AB3M-01A,TCGA-3H-AB3M-01A,1.0,0.0,0.0,0.0,0.0
18,30693370,+,18,30702870,+,MESO,227,TCGA-3H-AB3M-01A,TCGA-3H-AB3M-01A,1.0,0.0,0.0,0.0,0.0
18,35764756,+,18,35933761,+,MESO,228,TCGA-3H-AB3M-01A,TCGA-3H-AB3M-01A,1.0,0.0,0.0,0.0,0.0
18,35769474,-,18,35882207,+,MESO,229,TCGA-3H-AB3M-01A,TCGA-3H-AB3M-01A,1.0,0.0,0.0,0.0,0.0
18,35775204,+,18,35940194,-,MESO,230,TCGA-3H-AB3M-01A,TCGA-3H-AB3M-01A,1.0,0.0,0.0,0.0,0.0
18,35775248,-,18,35793180,-,MESO,231,TCGA-3H-AB3M-01A,TCGA-3H-AB3M-01A,1.0,0.0,0.0,0.0,0.0
18,35880735,+,18,35884437,-,MESO,232,TCGA-3H-AB3M-01A,TCGA-3H-AB3M-01A,1.0,0.0,0.0,0.0,0.0
18,52222916,+,18,52225317,-,MESO,233,TCGA-3H-AB3M-01A,TCGA-3H-AB3M-01A,1.0,0.0,0.0,0.0,0.0
18,56884927,+,18,56885831,-,MESO,234,TCGA-3H-AB3M-01A,TCGA-3H-AB3M-01A,1.0,0.0,0.0,0.0,0.0
18,57020853,+,18,57051795,+,MESO,235,TCGA-3H-AB3M-01A,TCGA-3H-AB3M-01A,1.0,0.0,0.0,0.0,0.0
18,57024619,-,21,36699843,-,MESO,236,TCGA-3H-AB3M-01A,TCGA-3H-AB3M-01A,1.0,0.0,0.0,0.0,0.0
18,57057334,-,21,36699848,+,MESO,237,TCGA-3H-AB3M-01A,TCGA-3H-AB3M-01A,1.0,0.0,0.0,0.0,0.0
18,57342442,+,18,57376589,-,MESO,238,TCGA-3H-AB3M-01A,TCGA-3H-AB3M-01A,1.0,0.0,0.0,0.0,0.0
18,73877192,-,18,73885667,-,MESO,239,TCGA-3H-AB3M-01A,TCGA-3H-AB3M-01A,1.0,0.0,0.0,0.0,0.0
19,1747241,+,19,1754964,-,MESO,240,TCGA-3H-AB3M-01A,TCGA-3H-AB3M-01A,1.0,0.0,0.0,0.0,0.0
19,10094536,+,19,27824012,-,MESO,241,TCGA-3H-AB3M-01A,TCGA-3H-AB3M-01A,1.0,0.0,0.0,0.0,0.0
19,10094809,-,19,29759381,-,MESO,242,TCGA-3H-AB3M-01A,TCGA-3H-AB3M-01A,1.0,0.0,0.0,0.0,0.0
19,10922687,+,19,10929736,-,MESO,243,TCGA-3H-AB3M-01A,TCGA-3H-AB3M-01A,1.0,0.0,0.0,0.0,0.0
19,27817480,+,19,29739771,+,MESO,244,TCGA-3H-AB3M-01A,TCGA-3H-AB3M-01A,1.0,0.0,0.0,0.0,0.0
19,50379114,+,19,50383935,-,MESO,245,TCGA-3H-AB3M-01A,TCGA-3H-AB3M-01A,1.0,0.0,0.0,0.0,0.0
2,3235594,+,2,3239592,+,MESO,246,TCGA-3H-AB3M-01A,TCGA-3H-AB3M-01A,1.0,0.0,0.0,0.0,0.0
2,10641819,+,2,10650202,-,MESO,247,TCGA-3H-AB3M-01A,TCGA-3H-AB3M-01A,1.0,0.0,0.0,0.0,0.0
2,11092426,+,2,11101979,-,MESO,248,TCGA-3H-AB3M-01A,TCGA-3H-AB3M-01A,1.0,0.0,0.0,0.0,0.0
2,11220589,+,2,11230483,-,MESO,249,TCGA-3H-AB3M-01A,TCGA-3H-AB3M-01A,1.0,0.0,0.0,0.0,0.0
2,24253429,+,2,24294469,-,MESO,250,TCGA-3H-AB3M-01A,TCGA-3H-AB3M-01A,1.0,0.0,0.0,0.0,0.0
2,40245275,+,2,40365934,-,MESO,251,TCGA-3H-AB3M-01A,TCGA-3H-AB3M-01A,1.0,0.0,0.0,0.0,0.0
2,46749330,+,2,46749737,-,MESO,252,TCGA-3H-AB3M-01A,TCGA-3H-AB3M-01A,1.0,0.0,0.0,0.0,0.0
2,47852639,+,2,47853237,-,MESO,253,TCGA-3H-AB3M-01A,TCGA-3H-AB3M-01A,1.0,0.0,0.0,0.0,0.0
2,77500805,+,2,77546283,-,MESO,254,TCGA-3H-AB3M-01A,TCGA-3H-AB3M-01A,1.0,0.0,0.0,0.0,0.0
2,94557508,-,2,132218704,+,MESO,255,TCGA-3H-AB3M-01A,TCGA-3H-AB3M-01A,1.0,0.0,0.0,0.0,0.0
2,117338157,+,2,117343724,+,MESO,256,TCGA-3H-AB3M-01A,TCGA-3H-AB3M-01A,1.0,0.0,0.0,0.0,0.0
2,117341078,-,2,117405469,-,MESO,257,TCGA-3H-AB3M-01A,TCGA-3H-AB3M-01A,1.0,0.0,0.0,0.0,0.0
2,126076933,+,2,126085960,+,MESO,258,TCGA-3H-AB3M-01A,TCGA-3H-AB3M-01A,1.0,0.0,0.0,0.0,0.0
2,126076955,-,2,126093083,-,MESO,259,TCGA-3H-AB3M-01A,TCGA-3H-AB3M-01A,1.0,0.0,0.0,0.0,0.0
2,154412550,+,2,154445065,-,MESO,260,TCGA-3H-AB3M-01A,TCGA-3H-AB3M-01A,1.0,0.0,0.0,0.0,0.0
2,163374112,+,2,163377825,-,MESO,261,TCGA-3H-AB3M-01A,TCGA-3H-AB3M-01A,1.0,0.0,0.0,0.0,0.0
2,173818430,+,2,173836921,-,MESO,262,TCGA-3H-AB3M-01A,TCGA-3H-AB3M-01A,1.0,0.0,0.0,0.0,0.0
2,193547845,+,2,193549148,-,MESO,263,TCGA-3H-AB3M-01A,TCGA-3H-AB3M-01A,1.0,0.0,0.0,0.0,0.0
2,200915287,+,2,200948267,-,MESO,264,TCGA-3H-AB3M-01A,TCGA-3H-AB3M-01A,1.0,0.0,0.0,0.0,0.0
2,200942932,-,2,238353177,-,MESO,265,TCGA-3H-AB3M-01A,TCGA-3H-AB3M-01A,1.0,0.0,0.0,0.0,0.0
2,200948262,+,2,200984650,+,MESO,266,TCGA-3H-AB3M-01A,TCGA-3H-AB3M-01A,1.0,0.0,0.0,0.0,0.0
2,200979192,+,2,200993305,-,MESO,267,TCGA-3H-AB3M-01A,TCGA-3H-AB3M-01A,1.0,0.0,0.0,0.0,0.0
2,200983612,-,2,238371886,+,MESO,268,TCGA-3H-AB3M-01A,TCGA-3H-AB3M-01A,1.0,0.0,0.0,0.0,0.0
2,200994296,+,2,201001817,-,MESO,269,TCGA-3H-AB3M-01A,TCGA-3H-AB3M-01A,1.0,0.0,0.0,0.0,0.0
2,200997243,-,2,238358777,-,MESO,270,TCGA-3H-AB3M-01A,TCGA-3H-AB3M-01A,1.0,0.0,0.0,0.0,0.0
2,200997816,+,2,238571336,+,MESO,271,TCGA-3H-AB3M-01A,TCGA-3H-AB3M-01A,1.0,0.0,0.0,0.0,0.0
2,200999861,-,2,238354288,+,MESO,272,TCGA-3H-AB3M-01A,TCGA-3H-AB3M-01A,1.0,0.0,0.0,0.0,0.0
2,201001777,+,2,201015763,+,MESO,273,TCGA-3H-AB3M-01A,TCGA-3H-AB3M-01A,1.0,0.0,0.0,0.0,0.0
2,201029140,-,2,238445227,+,MESO,274,TCGA-3H-AB3M-01A,TCGA-3H-AB3M-01A,1.0,0.0,0.0,0.0,0.0
2,207625492,+,17,32587835,+,MESO,275,TCGA-3H-AB3M-01A,TCGA-3H-AB3M-01A,1.0,0.0,0.0,0.0,0.0
2,238390717,-,2,238444567,-,MESO,276,TCGA-3H-AB3M-01A,TCGA-3H-AB3M-01A,1.0,0.0,0.0,0.0,0.0
2,238391474,+,17,32587864,-,MESO,277,TCGA-3H-AB3M-01A,TCGA-3H-AB3M-01A,1.0,0.0,0.0,0.0,0.0
2,238565948,-,2,238767432,-,MESO,278,TCGA-3H-AB3M-01A,TCGA-3H-AB3M-01A,1.0,0.0,0.0,0.0,0.0
2,238565948,-,2,238767779,-,MESO,279,TCGA-3H-AB3M-01A,TCGA-3H-AB3M-01A,1.0,0.0,0.0,0.0,0.0
2,238640060,-,2,238767761,+,MESO,280,TCGA-3H-AB3M-01A,TCGA-3H-AB3M-01A,1.0,0.0,0.0,0.0,0.0
2,238641210,+,2,238771158,+,MESO,281,TCGA-3H-AB3M-01A,TCGA-3H-AB3M-01A,1.0,0.0,0.0,0.0,0.0
2,238663548,-,2,238971654,-,MESO,282,TCGA-3H-AB3M-01A,TCGA-3H-AB3M-01A,1.0,0.0,0.0,0.0,0.0
20,25474078,+,20,26121905,-,MESO,283,TCGA-3H-AB3M-01A,TCGA-3H-AB3M-01A,1.0,0.0,0.0,0.0,0.0
20,28573545,+,20,28590413,-,MESO,284,TCGA-3H-AB3M-01A,TCGA-3H-AB3M-01A,1.0,0.0,0.0,0.0,0.0
20,30548177,+,20,30581742,-,MESO,285,TCGA-3H-AB3M-01A,TCGA-3H-AB3M-01A,1.0,0.0,0.0,0.0,0.0
21,17220795,+,21,20524696,+,MESO,286,TCGA-3H-AB3M-01A,TCGA-3H-AB3M-01A,1.0,0.0,0.0,0.0,0.0
21,17220798,-,21,20524893,-,MESO,287,TCGA-3H-AB3M-01A,TCGA-3H-AB3M-01A,1.0,0.0,0.0,0.0,0.0
21,21332607,+,21,21344087,-,MESO,288,TCGA-3H-AB3M-01A,TCGA-3H-AB3M-01A,1.0,0.0,0.0,0.0,0.0
22,27107084,+,22,36267319,-,MESO,289,TCGA-3H-AB3M-01A,TCGA-3H-AB3M-01A,1.0,0.0,0.0,0.0,0.0
22,29612693,+,22,29655945,-,MESO,290,TCGA-3H-AB3M-01A,TCGA-3H-AB3M-01A,1.0,0.0,0.0,0.0,0.0
22,29646755,+,22,29664979,-,MESO,291,TCGA-3H-AB3M-01A,TCGA-3H-AB3M-01A,1.0,0.0,0.0,0.0,0.0
3,21430990,+,3,61645458,-,MESO,292,TCGA-3H-AB3M-01A,TCGA-3H-AB3M-01A,1.0,0.0,0.0,0.0,0.0
3,26135004,+,3,26137903,-,MESO,293,TCGA-3H-AB3M-01A,TCGA-3H-AB3M-01A,1.0,0.0,0.0,0.0,0.0
3,48586809,+,17,77359652,+,MESO,294,TCGA-3H-AB3M-01A,TCGA-3H-AB3M-01A,1.0,0.0,0.0,0.0,0.0
3,48590814,-,17,77361085,-,MESO,295,TCGA-3H-AB3M-01A,TCGA-3H-AB3M-01A,1.0,0.0,0.0,0.0,0.0
3,74272239,+,3,74275043,-,MESO,296,TCGA-3H-AB3M-01A,TCGA-3H-AB3M-01A,1.0,0.0,0.0,0.0,0.0
3,85437058,+,3,85441312,-,MESO,297,TCGA-3H-AB3M-01A,TCGA-3H-AB3M-01A,1.0,0.0,0.0,0.0,0.0
3,86191405,+,3,86237828,+,MESO,298,TCGA-3H-AB3M-01A,TCGA-3H-AB3M-01A,1.0,0.0,0.0,0.0,0.0
3,86191511,-,3,86378912,+,MESO,299,TCGA-3H-AB3M-01A,TCGA-3H-AB3M-01A,1.0,0.0,0.0,0.0,0.0
3,86198875,+,3,86375072,+,MESO,300,TCGA-3H-AB3M-01A,TCGA-3H-AB3M-01A,1.0,0.0,0.0,0.0,0.0
3,86198955,-,3,86237933,-,MESO,301,TCGA-3H-AB3M-01A,TCGA-3H-AB3M-01A,1.0,0.0,0.0,0.0,0.0
3,86205011,+,3,86605299,-,MESO,302,TCGA-3H-AB3M-01A,TCGA-3H-AB3M-01A,1.0,0.0,0.0,0.0,0.0
3,86205052,-,3,86215886,+,MESO,303,TCGA-3H-AB3M-01A,TCGA-3H-AB3M-01A,1.0,0.0,0.0,0.0,0.0
3,86205387,+,3,86230136,-,MESO,304,TCGA-3H-AB3M-01A,TCGA-3H-AB3M-01A,1.0,0.0,0.0,0.0,0.0
3,86205446,-,3,86207496,+,MESO,305,TCGA-3H-AB3M-01A,TCGA-3H-AB3M-01A,1.0,0.0,0.0,0.0,0.0
3,86205554,+,3,86378051,-,MESO,306,TCGA-3H-AB3M-01A,TCGA-3H-AB3M-01A,1.0,0.0,0.0,0.0,0.0
3,86206781,-,3,86375611,-,MESO,307,TCGA-3H-AB3M-01A,TCGA-3H-AB3M-01A,1.0,0.0,0.0,0.0,0.0
3,86206782,-,3,86378979,-,MESO,308,TCGA-3H-AB3M-01A,TCGA-3H-AB3M-01A,1.0,0.0,0.0,0.0,0.0
3,86207496,+,3,86378052,-,MESO,309,TCGA-3H-AB3M-01A,TCGA-3H-AB3M-01A,1.0,0.0,0.0,0.0,0.0
3,86207949,-,3,86249758,-,MESO,310,TCGA-3H-AB3M-01A,TCGA-3H-AB3M-01A,1.0,0.0,0.0,0.0,0.0
3,86213565,+,3,86230072,+,MESO,311,TCGA-3H-AB3M-01A,TCGA-3H-AB3M-01A,1.0,0.0,0.0,0.0,0.0
3,86213835,-,3,86602273,+,MESO,312,TCGA-3H-AB3M-01A,TCGA-3H-AB3M-01A,1.0,0.0,0.0,0.0,0.0
3,86216012,-,3,86377968,+,MESO,313,TCGA-3H-AB3M-01A,TCGA-3H-AB3M-01A,1.0,0.0,0.0,0.0,0.0
3,86216785,+,3,86223453,+,MESO,314,TCGA-3H-AB3M-01A,TCGA-3H-AB3M-01A,1.0,0.0,0.0,0.0,0.0
3,86216796,+,3,86379752,-,MESO,315,TCGA-3H-AB3M-01A,TCGA-3H-AB3M-01A,1.0,0.0,0.0,0.0,0.0
3,86216937,-,3,86245506,+,MESO,316,TCGA-3H-AB3M-01A,TCGA-3H-AB3M-01A,1.0,0.0,0.0,0.0,0.0
3,86223453,+,3,86379976,+,MESO,317,TCGA-3H-AB3M-01A,TCGA-3H-AB3M-01A,1.0,0.0,0.0,0.0,0.0
3,86223521,-,3,86372828,+,MESO,318,TCGA-3H-AB3M-01A,TCGA-3H-AB3M-01A,1.0,0.0,0.0,0.0,0.0
3,86223948,+,3,86376428,-,MESO,319,TCGA-3H-AB3M-01A,TCGA-3H-AB3M-01A,1.0,0.0,0.0,0.0,0.0
3,86224418,-,3,86229105,+,MESO,320,TCGA-3H-AB3M-01A,TCGA-3H-AB3M-01A,1.0,0.0,0.0,0.0,0.0
3,86225609,+,3,86375150,-,MESO,321,TCGA-3H-AB3M-01A,TCGA-3H-AB3M-01A,1.0,0.0,0.0,0.0,0.0
3,86225714,-,3,86379676,+,MESO,322,TCGA-3H-AB3M-01A,TCGA-3H-AB3M-01A,1.0,0.0,0.0,0.0,0.0
3,86229353,-,3,86600666,-,MESO,323,TCGA-3H-AB3M-01A,TCGA-3H-AB3M-01A,1.0,0.0,0.0,0.0,0.0
3,86245610,-,3,86372930,-,MESO,324,TCGA-3H-AB3M-01A,TCGA-3H-AB3M-01A,1.0,0.0,0.0,0.0,0.0
3,86249734,+,3,86376941,-,MESO,325,TCGA-3H-AB3M-01A,TCGA-3H-AB3M-01A,1.0,0.0,0.0,0.0,0.0
3,86375505,+,3,86604860,+,MESO,326,TCGA-3H-AB3M-01A,TCGA-3H-AB3M-01A,1.0,0.0,0.0,0.0,0.0
3,86375928,+,3,86378962,-,MESO,327,TCGA-3H-AB3M-01A,TCGA-3H-AB3M-01A,1.0,0.0,0.0,0.0,0.0
3,86376867,+,3,86603064,-,MESO,328,TCGA-3H-AB3M-01A,TCGA-3H-AB3M-01A,1.0,0.0,0.0,0.0,0.0
3,90371139,+,3,90375298,+,MESO,329,TCGA-3H-AB3M-01A,TCGA-3H-AB3M-01A,1.0,0.0,0.0,0.0,0.0
3,90374162,+,3,90379248,-,MESO,330,TCGA-3H-AB3M-01A,TCGA-3H-AB3M-01A,1.0,0.0,0.0,0.0,0.0
3,116664652,+,3,116893526,-,MESO,331,TCGA-3H-AB3M-01A,TCGA-3H-AB3M-01A,1.0,0.0,0.0,0.0,0.0
3,116967106,+,3,117109731,-,MESO,332,TCGA-3H-AB3M-01A,TCGA-3H-AB3M-01A,1.0,0.0,0.0,0.0,0.0
3,138965484,-,5,57176386,-,MESO,333,TCGA-3H-AB3M-01A,TCGA-3H-AB3M-01A,1.0,0.0,0.0,0.0,0.0
3,138965627,+,14,102474997,-,MESO,334,TCGA-3H-AB3M-01A,TCGA-3H-AB3M-01A,1.0,0.0,0.0,0.0,0.0
3,169887424,+,3,169895328,-,MESO,335,TCGA-3H-AB3M-01A,TCGA-3H-AB3M-01A,1.0,0.0,0.0,0.0,0.0
3,173913565,+,23,151559209,+,MESO,336,TCGA-3H-AB3M-01A,TCGA-3H-AB3M-01A,1.0,0.0,0.0,0.0,0.0
3,181950701,+,3,181954359,+,MESO,337,TCGA-3H-AB3M-01A,TCGA-3H-AB3M-01A,1.0,0.0,0.0,0.0,0.0
3,181950704,-,3,181955885,-,MESO,338,TCGA-3H-AB3M-01A,TCGA-3H-AB3M-01A,1.0,0.0,0.0,0.0,0.0
3,194222553,+,3,194223026,-,MESO,339,TCGA-3H-AB3M-01A,TCGA-3H-AB3M-01A,1.0,0.0,0.0,0.0,0.0
4,2162771,+,4,2173259,-,MESO,340,TCGA-3H-AB3M-01A,TCGA-3H-AB3M-01A,1.0,0.0,0.0,0.0,0.0
4,9359339,+,4,9580589,+,MESO,341,TCGA-3H-AB3M-01A,TCGA-3H-AB3M-01A,1.0,0.0,0.0,0.0,0.0
4,9404276,-,9,25557218,-,MESO,342,TCGA-3H-AB3M-01A,TCGA-3H-AB3M-01A,1.0,0.0,0.0,0.0,0.0
4,46313970,+,4,46318294,-,MESO,343,TCGA-3H-AB3M-01A,TCGA-3H-AB3M-01A,1.0,0.0,0.0,0.0,0.0
4,60190171,-,6,16657649,-,MESO,344,TCGA-3H-AB3M-01A,TCGA-3H-AB3M-01A,1.0,0.0,0.0,0.0,0.0
4,69862181,-,4,69864924,+,MESO,345,TCGA-3H-AB3M-01A,TCGA-3H-AB3M-01A,1.0,0.0,0.0,0.0,0.0
4,73196864,+,4,73197458,-,MESO,346,TCGA-3H-AB3M-01A,TCGA-3H-AB3M-01A,1.0,0.0,0.0,0.0,0.0
4,81023985,+,4,81031207,-,MESO,347,TCGA-3H-AB3M-01A,TCGA-3H-AB3M-01A,1.0,0.0,0.0,0.0,0.0
4,90107203,+,4,90114164,-,MESO,348,TCGA-3H-AB3M-01A,TCGA-3H-AB3M-01A,1.0,0.0,0.0,0.0,0.0
4,92449712,-,4,93550298,-,MESO,349,TCGA-3H-AB3M-01A,TCGA-3H-AB3M-01A,1.0,0.0,0.0,0.0,0.0
4,92449723,+,4,93631714,+,MESO,350,TCGA-3H-AB3M-01A,TCGA-3H-AB3M-01A,1.0,0.0,0.0,0.0,0.0
4,93546705,+,4,93621578,-,MESO,351,TCGA-3H-AB3M-01A,TCGA-3H-AB3M-01A,1.0,0.0,0.0,0.0,0.0
4,93613968,+,4,93636467,-,MESO,352,TCGA-3H-AB3M-01A,TCGA-3H-AB3M-01A,1.0,0.0,0.0,0.0,0.0
4,95178597,+,16,86624309,+,MESO,353,TCGA-3H-AB3M-01A,TCGA-3H-AB3M-01A,1.0,0.0,0.0,0.0,0.0
4,95181887,-,16,86072559,+,MESO,354,TCGA-3H-AB3M-01A,TCGA-3H-AB3M-01A,1.0,0.0,0.0,0.0,0.0
4,95184959,+,16,87003477,-,MESO,355,TCGA-3H-AB3M-01A,TCGA-3H-AB3M-01A,1.0,0.0,0.0,0.0,0.0
4,95184992,-,16,86148567,-,MESO,356,TCGA-3H-AB3M-01A,TCGA-3H-AB3M-01A,1.0,0.0,0.0,0.0,0.0
4,110633411,+,4,110734437,+,MESO,357,TCGA-3H-AB3M-01A,TCGA-3H-AB3M-01A,1.0,0.0,0.0,0.0,0.0
4,110680615,-,4,111639171,-,MESO,358,TCGA-3H-AB3M-01A,TCGA-3H-AB3M-01A,1.0,0.0,0.0,0.0,0.0
4,111595747,+,4,121110391,+,MESO,359,TCGA-3H-AB3M-01A,TCGA-3H-AB3M-01A,1.0,0.0,0.0,0.0,0.0
4,128814212,+,4,128828394,-,MESO,360,TCGA-3H-AB3M-01A,TCGA-3H-AB3M-01A,1.0,0.0,0.0,0.0,0.0
4,135739624,+,4,135745629,-,MESO,361,TCGA-3H-AB3M-01A,TCGA-3H-AB3M-01A,1.0,0.0,0.0,0.0,0.0
5,6565953,+,5,6566464,-,MESO,362,TCGA-3H-AB3M-01A,TCGA-3H-AB3M-01A,1.0,0.0,0.0,0.0,0.0
5,16657636,+,5,16659837,-,MESO,363,TCGA-3H-AB3M-01A,TCGA-3H-AB3M-01A,1.0,0.0,0.0,0.0,0.0
5,20538963,+,5,20559644,-,MESO,364,TCGA-3H-AB3M-01A,TCGA-3H-AB3M-01A,1.0,0.0,0.0,0.0,0.0
5,22840926,+,5,22843388,-,MESO,365,TCGA-3H-AB3M-01A,TCGA-3H-AB3M-01A,1.0,0.0,0.0,0.0,0.0
5,41832819,+,5,41834073,-,MESO,366,TCGA-3H-AB3M-01A,TCGA-3H-AB3M-01A,1.0,0.0,0.0,0.0,0.0
5,46496319,-,5,46530057,+,MESO,367,TCGA-3H-AB3M-01A,TCGA-3H-AB3M-01A,1.0,0.0,0.0,0.0,0.0
5,57178189,+,5,57263326,+,MESO,368,TCGA-3H-AB3M-01A,TCGA-3H-AB3M-01A,1.0,0.0,0.0,0.0,0.0
5,58942142,+,5,58979337,-,MESO,369,TCGA-3H-AB3M-01A,TCGA-3H-AB3M-01A,1.0,0.0,0.0,0.0,0.0
5,59759992,-,5,59770852,+,MESO,370,TCGA-3H-AB3M-01A,TCGA-3H-AB3M-01A,1.0,0.0,0.0,0.0,0.0
5,75905192,+,5,75914870,-,MESO,371,TCGA-3H-AB3M-01A,TCGA-3H-AB3M-01A,1.0,0.0,0.0,0.0,0.0
5,89723437,+,9,126801225,+,MESO,372,TCGA-3H-AB3M-01A,TCGA-3H-AB3M-01A,1.0,0.0,0.0,0.0,0.0
5,89823909,-,9,122214806,+,MESO,373,TCGA-3H-AB3M-01A,TCGA-3H-AB3M-01A,1.0,0.0,0.0,0.0,0.0
5,97922830,+,5,97924262,-,MESO,374,TCGA-3H-AB3M-01A,TCGA-3H-AB3M-01A,1.0,0.0,0.0,0.0,0.0
5,101496018,+,5,101538670,-,MESO,375,TCGA-3H-AB3M-01A,TCGA-3H-AB3M-01A,1.0,0.0,0.0,0.0,0.0
5,103515390,+,5,103523121,-,MESO,376,TCGA-3H-AB3M-01A,TCGA-3H-AB3M-01A,1.0,0.0,0.0,0.0,0.0
5,105554624,+,5,105634363,+,MESO,377,TCGA-3H-AB3M-01A,TCGA-3H-AB3M-01A,1.0,0.0,0.0,0.0,0.0
5,105554746,-,5,105638330,-,MESO,378,TCGA-3H-AB3M-01A,TCGA-3H-AB3M-01A,1.0,0.0,0.0,0.0,0.0
5,107531383,+,5,107536443,-,MESO,379,TCGA-3H-AB3M-01A,TCGA-3H-AB3M-01A,1.0,0.0,0.0,0.0,0.0
5,113975767,+,5,113986423,-,MESO,380,TCGA-3H-AB3M-01A,TCGA-3H-AB3M-01A,1.0,0.0,0.0,0.0,0.0
5,138630920,+,5,138632694,-,MESO,381,TCGA-3H-AB3M-01A,TCGA-3H-AB3M-01A,1.0,0.0,0.0,0.0,0.0
5,168292179,+,5,168356304,-,MESO,382,TCGA-3H-AB3M-01A,TCGA-3H-AB3M-01A,1.0,0.0,0.0,0.0,0.0
6,8929503,+,6,8930998,-,MESO,383,TCGA-3H-AB3M-01A,TCGA-3H-AB3M-01A,1.0,0.0,0.0,0.0,0.0
6,24757527,+,6,24808038,-,MESO,384,TCGA-3H-AB3M-01A,TCGA-3H-AB3M-01A,1.0,0.0,0.0,0.0,0.0
6,27799548,+,6,27806605,-,MESO,385,TCGA-3H-AB3M-01A,TCGA-3H-AB3M-01A,1.0,0.0,0.0,0.0,0.0
6,31687915,+,6,31696401,-,MESO,386,TCGA-3H-AB3M-01A,TCGA-3H-AB3M-01A,1.0,0.0,0.0,0.0,0.0
6,49007297,+,6,49009381,-,MESO,387,TCGA-3H-AB3M-01A,TCGA-3H-AB3M-01A,1.0,0.0,0.0,0.0,0.0
6,52625330,+,6,52633120,-,MESO,388,TCGA-3H-AB3M-01A,TCGA-3H-AB3M-01A,1.0,0.0,0.0,0.0,0.0
6,69401570,+,6,69408826,-,MESO,389,TCGA-3H-AB3M-01A,TCGA-3H-AB3M-01A,1.0,0.0,0.0,0.0,0.0
6,70967381,+,6,70971004,-,MESO,390,TCGA-3H-AB3M-01A,TCGA-3H-AB3M-01A,1.0,0.0,0.0,0.0,0.0
6,71601829,+,7,121880782,-,MESO,391,TCGA-3H-AB3M-01A,TCGA-3H-AB3M-01A,1.0,0.0,0.0,0.0,0.0
6,84099753,+,6,84105705,-,MESO,392,TCGA-3H-AB3M-01A,TCGA-3H-AB3M-01A,1.0,0.0,0.0,0.0,0.0
6,136645571,+,6,136654194,-,MESO,393,TCGA-3H-AB3M-01A,TCGA-3H-AB3M-01A,1.0,0.0,0.0,0.0,0.0
7,10218532,-,7,21720562,-,MESO,394,TCGA-3H-AB3M-01A,TCGA-3H-AB3M-01A,1.0,0.0,0.0,0.0,0.0
7,10218534,+,7,21720553,+,MESO,395,TCGA-3H-AB3M-01A,TCGA-3H-AB3M-01A,1.0,0.0,0.0,0.0,0.0
7,11615465,+,7,11668569,-,MESO,396,TCGA-3H-AB3M-01A,TCGA-3H-AB3M-01A,1.0,0.0,0.0,0.0,0.0
7,12529244,+,7,12550512,-,MESO,397,TCGA-3H-AB3M-01A,TCGA-3H-AB3M-01A,1.0,0.0,0.0,0.0,0.0
7,16572087,+,7,16579655,-,MESO,398,TCGA-3H-AB3M-01A,TCGA-3H-AB3M-01A,1.0,0.0,0.0,0.0,0.0
7,32920702,+,20,25358572,+,MESO,399,TCGA-3H-AB3M-01A,TCGA-3H-AB3M-01A,1.0,0.0,0.0,0.0,0.0
7,48379118,+,15,48635003,+,MESO,400,TCGA-3H-AB3M-01A,TCGA-3H-AB3M-01A,1.0,0.0,0.0,0.0,0.0
7,48381184,-,15,48638926,-,MESO,401,TCGA-3H-AB3M-01A,TCGA-3H-AB3M-01A,1.0,0.0,0.0,0.0,0.0
7,53565735,+,7,53567393,+,MESO,402,TCGA-3H-AB3M-01A,TCGA-3H-AB3M-01A,1.0,0.0,0.0,0.0,0.0
7,53565763,-,7,53567415,-,MESO,403,TCGA-3H-AB3M-01A,TCGA-3H-AB3M-01A,1.0,0.0,0.0,0.0,0.0
7,70382477,+,7,70793223,-,MESO,404,TCGA-3H-AB3M-01A,TCGA-3H-AB3M-01A,1.0,0.0,0.0,0.0,0.0
7,77631174,+,12,88346304,-,MESO,405,TCGA-3H-AB3M-01A,TCGA-3H-AB3M-01A,1.0,0.0,0.0,0.0,0.0
7,77631430,-,12,122129419,-,MESO,406,TCGA-3H-AB3M-01A,TCGA-3H-AB3M-01A,1.0,0.0,0.0,0.0,0.0
7,77631431,-,7,77679640,-,MESO,407,TCGA-3H-AB3M-01A,TCGA-3H-AB3M-01A,1.0,0.0,0.0,0.0,0.0
7,77678148,+,12,122124907,-,MESO,408,TCGA-3H-AB3M-01A,TCGA-3H-AB3M-01A,1.0,0.0,0.0,0.0,0.0
7,77678200,-,12,122125779,+,MESO,409,TCGA-3H-AB3M-01A,TCGA-3H-AB3M-01A,1.0,0.0,0.0,0.0,0.0
7,77679065,+,12,122124197,+,MESO,410,TCGA-3H-AB3M-01A,TCGA-3H-AB3M-01A,1.0,0.0,0.0,0.0,0.0
7,77679639,-,12,122129522,+,MESO,411,TCGA-3H-AB3M-01A,TCGA-3H-AB3M-01A,1.0,0.0,0.0,0.0,0.0
7,77680897,+,12,122478491,-,MESO,412,TCGA-3H-AB3M-01A,TCGA-3H-AB3M-01A,1.0,0.0,0.0,0.0,0.0
7,77683250,-,12,88343302,-,MESO,413,TCGA-3H-AB3M-01A,TCGA-3H-AB3M-01A,1.0,0.0,0.0,0.0,0.0
7,77683372,+,12,122127663,+,MESO,414,TCGA-3H-AB3M-01A,TCGA-3H-AB3M-01A,1.0,0.0,0.0,0.0,0.0
7,77690265,-,12,88341501,+,MESO,415,TCGA-3H-AB3M-01A,TCGA-3H-AB3M-01A,1.0,0.0,0.0,0.0,0.0
7,78240211,+,7,78337231,-,MESO,416,TCGA-3H-AB3M-01A,TCGA-3H-AB3M-01A,1.0,0.0,0.0,0.0,0.0
7,121883694,+,7,121892702,-,MESO,417,TCGA-3H-AB3M-01A,TCGA-3H-AB3M-01A,1.0,0.0,0.0,0.0,0.0
7,150651788,+,7,150665364,-,MESO,418,TCGA-3H-AB3M-01A,TCGA-3H-AB3M-01A,1.0,0.0,0.0,0.0,0.0
7,152356065,+,7,152365203,-,MESO,419,TCGA-3H-AB3M-01A,TCGA-3H-AB3M-01A,1.0,0.0,0.0,0.0,0.0
7,153529231,+,7,153529764,-,MESO,420,TCGA-3H-AB3M-01A,TCGA-3H-AB3M-01A,1.0,0.0,0.0,0.0,0.0
7,153914102,+,7,153935836,-,MESO,421,TCGA-3H-AB3M-01A,TCGA-3H-AB3M-01A,1.0,0.0,0.0,0.0,0.0
8,12023645,-,8,12026261,-,MESO,422,TCGA-3H-AB3M-01A,TCGA-3H-AB3M-01A,1.0,0.0,0.0,0.0,0.0
8,12026233,+,8,12036324,+,MESO,423,TCGA-3H-AB3M-01A,TCGA-3H-AB3M-01A,1.0,0.0,0.0,0.0,0.0
8,17381478,+,8,17413397,-,MESO,424,TCGA-3H-AB3M-01A,TCGA-3H-AB3M-01A,1.0,0.0,0.0,0.0,0.0
8,19868165,+,8,19869747,-,MESO,425,TCGA-3H-AB3M-01A,TCGA-3H-AB3M-01A,1.0,0.0,0.0,0.0,0.0
8,46972692,+,8,46973534,-,MESO,426,TCGA-3H-AB3M-01A,TCGA-3H-AB3M-01A,1.0,0.0,0.0,0.0,0.0
8,51315871,+,8,51322569,-,MESO,427,TCGA-3H-AB3M-01A,TCGA-3H-AB3M-01A,1.0,0.0,0.0,0.0,0.0
8,60020859,-,8,60046284,+,MESO,428,TCGA-3H-AB3M-01A,TCGA-3H-AB3M-01A,1.0,0.0,0.0,0.0,0.0
8,67304655,-,10,23740238,-,MESO,429,TCGA-3H-AB3M-01A,TCGA-3H-AB3M-01A,1.0,0.0,0.0,0.0,0.0
8,67304664,+,10,23745169,+,MESO,430,TCGA-3H-AB3M-01A,TCGA-3H-AB3M-01A,1.0,0.0,0.0,0.0,0.0
8,87903777,+,8,87915948,-,MESO,431,TCGA-3H-AB3M-01A,TCGA-3H-AB3M-01A,1.0,0.0,0.0,0.0,0.0
8,88040282,+,8,88042370,-,MESO,432,TCGA-3H-AB3M-01A,TCGA-3H-AB3M-01A,1.0,0.0,0.0,0.0,0.0
8,109319336,+,8,109320404,-,MESO,433,TCGA-3H-AB3M-01A,TCGA-3H-AB3M-01A,1.0,0.0,0.0,0.0,0.0
8,111029632,-,8,112658277,+,MESO,434,TCGA-3H-AB3M-01A,TCGA-3H-AB3M-01A,1.0,0.0,0.0,0.0,0.0
8,119690905,-,8,119696970,+,MESO,435,TCGA-3H-AB3M-01A,TCGA-3H-AB3M-01A,1.0,0.0,0.0,0.0,0.0
8,138287317,+,8,138293611,-,MESO,436,TCGA-3H-AB3M-01A,TCGA-3H-AB3M-01A,1.0,0.0,0.0,0.0,0.0
9,5561911,+,9,5564746,-,MESO,437,TCGA-3H-AB3M-01A,TCGA-3H-AB3M-01A,1.0,0.0,0.0,0.0,0.0
9,8309148,+,9,9846538,-,MESO,438,TCGA-3H-AB3M-01A,TCGA-3H-AB3M-01A,1.0,0.0,0.0,0.0,0.0
9,9176381,+,9,9817833,-,MESO,439,TCGA-3H-AB3M-01A,TCGA-3H-AB3M-01A,1.0,0.0,0.0,0.0,0.0
9,9656163,+,9,9847164,-,MESO,440,TCGA-3H-AB3M-01A,TCGA-3H-AB3M-01A,1.0,0.0,0.0,0.0,0.0
9,9828935,+,9,9949275,-,MESO,441,TCGA-3H-AB3M-01A,TCGA-3H-AB3M-01A,1.0,0.0,0.0,0.0,0.0
9,11700658,+,9,11710069,-,MESO,442,TCGA-3H-AB3M-01A,TCGA-3H-AB3M-01A,1.0,0.0,0.0,0.0,0.0
9,17993895,+,9,64786109,-,MESO,443,TCGA-3H-AB3M-01A,TCGA-3H-AB3M-01A,1.0,0.0,0.0,0.0,0.0
9,17996842,-,9,64787895,+,MESO,444,TCGA-3H-AB3M-01A,TCGA-3H-AB3M-01A,1.0,0.0,0.0,0.0,0.0
9,21227516,+,18,30515993,+,MESO,445,TCGA-3H-AB3M-01A,TCGA-3H-AB3M-01A,1.0,0.0,0.0,0.0,0.0
9,21816707,-,9,21970060,-,MESO,446,TCGA-3H-AB3M-01A,TCGA-3H-AB3M-01A,1.0,0.0,0.0,0.0,0.0
9,21816709,+,9,21970064,+,MESO,447,TCGA-3H-AB3M-01A,TCGA-3H-AB3M-01A,1.0,0.0,0.0,0.0,0.0
9,22022074,+,17,40441185,+,MESO,448,TCGA-3H-AB3M-01A,TCGA-3H-AB3M-01A,1.0,0.0,0.0,0.0,0.0
9,22022094,-,17,40471191,+,MESO,449,TCGA-3H-AB3M-01A,TCGA-3H-AB3M-01A,1.0,0.0,0.0,0.0,0.0
9,122338072,-,9,126966829,-,MESO,450,TCGA-3H-AB3M-01A,TCGA-3H-AB3M-01A,1.0,0.0,0.0,0.0,0.0
9,124610967,+,9,124614617,+,MESO,451,TCGA-3H-AB3M-01A,TCGA-3H-AB3M-01A,1.0,0.0,0.0,0.0,0.0
9,124612529,-,9,124614621,-,MESO,452,TCGA-3H-AB3M-01A,TCGA-3H-AB3M-01A,1.0,0.0,0.0,0.0,0.0
9,125036663,+,9,125261104,-,MESO,453,TCGA-3H-AB3M-01A,TCGA-3H-AB3M-01A,1.0,0.0,0.0,0.0,0.0
23,6987349,+,23,7005611,-,MESO,454,TCGA-3H-AB3M-01A,TCGA-3H-AB3M-01A,1.0,0.0,0.0,0.0,0.0
23,7185922,+,23,7247732,-,MESO,455,TCGA-3H-AB3M-01A,TCGA-3H-AB3M-01A,1.0,0.0,0.0,0.0,0.0
23,14832089,+,23,14950628,-,MESO,456,TCGA-3H-AB3M-01A,TCGA-3H-AB3M-01A,1.0,0.0,0.0,0.0,0.0
23,21013487,+,23,21401065,-,MESO,457,TCGA-3H-AB3M-01A,TCGA-3H-AB3M-01A,1.0,0.0,0.0,0.0,0.0
23,29113528,+,23,29147994,-,MESO,458,TCGA-3H-AB3M-01A,TCGA-3H-AB3M-01A,1.0,0.0,0.0,0.0,0.0
23,65765030,+,23,65974931,-,MESO,459,TCGA-3H-AB3M-01A,TCGA-3H-AB3M-01A,1.0,0.0,0.0,0.0,0.0
23,67565750,+,23,67603764,-,MESO,460,TCGA-3H-AB3M-01A,TCGA-3H-AB3M-01A,1.0,0.0,0.0,0.0,0.0
23,69908564,+,23,69911868,-,MESO,461,TCGA-3H-AB3M-01A,TCGA-3H-AB3M-01A,1.0,0.0,0.0,0.0,0.0
23,79761183,+,23,80697061,+,MESO,462,TCGA-3H-AB3M-01A,TCGA-3H-AB3M-01A,1.0,0.0,0.0,0.0,0.0
23,80877112,+,23,80907307,-,MESO,463,TCGA-3H-AB3M-01A,TCGA-3H-AB3M-01A,1.0,0.0,0.0,0.0,0.0
23,80880164,-,23,81037030,-,MESO,464,TCGA-3H-AB3M-01A,TCGA-3H-AB3M-01A,1.0,0.0,0.0,0.0,0.0
23,81302054,+,23,81307337,-,MESO,465,TCGA-3H-AB3M-01A,TCGA-3H-AB3M-01A,1.0,0.0,0.0,0.0,0.0
23,82617264,+,23,82647030,-,MESO,466,TCGA-3H-AB3M-01A,TCGA-3H-AB3M-01A,1.0,0.0,0.0,0.0,0.0
23,93018893,+,23,93022493,-,MESO,467,TCGA-3H-AB3M-01A,TCGA-3H-AB3M-01A,1.0,0.0,0.0,0.0,0.0
23,97254351,+,23,97254828,-,MESO,468,TCGA-3H-AB3M-01A,TCGA-3H-AB3M-01A,1.0,0.0,0.0,0.0,0.0
23,101445896,+,23,101490440,-,MESO,469,TCGA-3H-AB3M-01A,TCGA-3H-AB3M-01A,1.0,0.0,0.0,0.0,0.0
23,105778232,+,23,105794516,-,MESO,470,TCGA-3H-AB3M-01A,TCGA-3H-AB3M-01A,1.0,0.0,0.0,0.0,0.0
23,105794922,+,23,119783528,+,MESO,471,TCGA-3H-AB3M-01A,TCGA-3H-AB3M-01A,1.0,0.0,0.0,0.0,0.0
23,108189408,-,23,149012087,+,MESO,472,TCGA-3H-AB3M-01A,TCGA-3H-AB3M-01A,1.0,0.0,0.0,0.0,0.0
23,108189409,-,23,149144560,-,MESO,473,TCGA-3H-AB3M-01A,TCGA-3H-AB3M-01A,1.0,0.0,0.0,0.0,0.0
23,119853772,-,23,148994183,-,MESO,474,TCGA-3H-AB3M-01A,TCGA-3H-AB3M-01A,1.0,0.0,0.0,0.0,0.0
23,143124029,+,23,143129940,+,MESO,475,TCGA-3H-AB3M-01A,TCGA-3H-AB3M-01A,1.0,0.0,0.0,0.0,0.0
23,143124036,-,23,143130058,-,MESO,476,TCGA-3H-AB3M-01A,TCGA-3H-AB3M-01A,1.0,0.0,0.0,0.0,0.0
23,148456360,+,23,148592170,-,MESO,477,TCGA-3H-AB3M-01A,TCGA-3H-AB3M-01A,1.0,0.0,0.0,0.0,0.0
23,148994236,+,23,149144892,+,MESO,478,TCGA-3H-AB3M-01A,TCGA-3H-AB3M-01A,1.0,0.0,0.0,0.0,0.0
23,148997681,+,23,149477564,-,MESO,479,TCGA-3H-AB3M-01A,TCGA-3H-AB3M-01A,1.0,0.0,0.0,0.0,0.0
23,149011881,-,23,149144550,-,MESO,480,TCGA-3H-AB3M-01A,TCGA-3H-AB3M-01A,1.0,0.0,0.0,0.0,0.0
1,152104272,+,23,89128221,+,MESO,481,TCGA-3H-AB3O-01A,TCGA-3H-AB3O-01A,1.0,0.0,0.0,0.0,0.0
1,248830339,-,5,180531201,-,MESO,482,TCGA-3H-AB3O-01A,TCGA-3H-AB3O-01A,1.0,0.0,0.0,0.0,0.0
11,54371719,+,11,54394286,-,MESO,483,TCGA-3H-AB3O-01A,TCGA-3H-AB3O-01A,1.0,0.0,0.0,0.0,0.0
14,68496429,+,14,68496956,-,MESO,484,TCGA-3H-AB3O-01A,TCGA-3H-AB3O-01A,1.0,0.0,0.0,0.0,0.0
14,102095082,+,16,1871987,+,MESO,485,TCGA-3H-AB3O-01A,TCGA-3H-AB3O-01A,1.0,0.0,0.0,0.0,0.0
2,92243037,-,2,92243636,+,MESO,486,TCGA-3H-AB3O-01A,TCGA-3H-AB3O-01A,1.0,0.0,0.0,0.0,0.0
2,92629902,-,2,92630534,+,MESO,487,TCGA-3H-AB3O-01A,TCGA-3H-AB3O-01A,1.0,0.0,0.0,0.0,0.0
2,94557556,-,2,132218802,+,MESO,488,TCGA-3H-AB3O-01A,TCGA-3H-AB3O-01A,1.0,0.0,0.0,0.0,0.0
8,36230483,+,8,36233024,-,MESO,489,TCGA-3H-AB3O-01A,TCGA-3H-AB3O-01A,1.0,0.0,0.0,0.0,0.0
23,146059943,+,23,146070793,-,MESO,490,TCGA-3H-AB3O-01A,TCGA-3H-AB3O-01A,1.0,0.0,0.0,0.0,0.0
1,39028975,+,1,209388056,-,MESO,491,TCGA-3H-AB3S-01A,TCGA-3H-AB3S-01A,1.0,0.0,0.0,0.0,0.0
1,39028985,-,1,87232808,-,MESO,492,TCGA-3H-AB3S-01A,TCGA-3H-AB3S-01A,1.0,0.0,0.0,0.0,0.0
1,87232798,+,1,194927386,+,MESO,493,TCGA-3H-AB3S-01A,TCGA-3H-AB3S-01A,1.0,0.0,0.0,0.0,0.0
1,87712833,+,1,209414797,+,MESO,494,TCGA-3H-AB3S-01A,TCGA-3H-AB3S-01A,1.0,0.0,0.0,0.0,0.0
1,176915543,+,1,177071323,-,MESO,495,TCGA-3H-AB3S-01A,TCGA-3H-AB3S-01A,1.0,0.0,0.0,0.0,0.0
1,191901824,+,1,191910049,-,MESO,496,TCGA-3H-AB3S-01A,TCGA-3H-AB3S-01A,1.0,0.0,0.0,0.0,0.0
1,193098652,-,1,194927391,-,MESO,497,TCGA-3H-AB3S-01A,TCGA-3H-AB3S-01A,1.0,0.0,0.0,0.0,0.0
1,193098653,+,1,226185019,+,MESO,498,TCGA-3H-AB3S-01A,TCGA-3H-AB3S-01A,1.0,0.0,0.0,0.0,0.0
1,193187724,+,1,226185024,-,MESO,499,TCGA-3H-AB3S-01A,TCGA-3H-AB3S-01A,1.0,0.0,0.0,0.0,0.0
1,194528221,-,9,127466239,+,MESO,500,TCGA-3H-AB3S-01A,TCGA-3H-AB3S-01A,1.0,0.0,0.0,0.0,0.0
1,209388058,+,1,209414795,-,MESO,501,TCGA-3H-AB3S-01A,TCGA-3H-AB3S-01A,1.0,0.0,0.0,0.0,0.0
10,2579154,+,10,2579404,-,MESO,502,TCGA-3H-AB3S-01A,TCGA-3H-AB3S-01A,1.0,0.0,0.0,0.0,0.0
11,5141251,+,11,5150783,-,MESO,503,TCGA-3H-AB3S-01A,TCGA-3H-AB3S-01A,1.0,0.0,0.0,0.0,0.0
11,40718981,-,11,41027385,+,MESO,504,TCGA-3H-AB3S-01A,TCGA-3H-AB3S-01A,1.0,0.0,0.0,0.0,0.0
11,60711190,+,11,60738005,-,MESO,505,TCGA-3H-AB3S-01A,TCGA-3H-AB3S-01A,1.0,0.0,0.0,0.0,0.0
11,113812698,+,13,38958476,-,MESO,506,TCGA-3H-AB3S-01A,TCGA-3H-AB3S-01A,1.0,0.0,0.0,0.0,0.0
11,116774794,+,13,41183108,+,MESO,507,TCGA-3H-AB3S-01A,TCGA-3H-AB3S-01A,1.0,0.0,0.0,0.0,0.0
11,116774894,-,13,41508573,-,MESO,508,TCGA-3H-AB3S-01A,TCGA-3H-AB3S-01A,1.0,0.0,0.0,0.0,0.0
11,123007608,+,15,46705435,+,MESO,509,TCGA-3H-AB3S-01A,TCGA-3H-AB3S-01A,1.0,0.0,0.0,0.0,0.0
11,124788922,-,13,38489030,+,MESO,510,TCGA-3H-AB3S-01A,TCGA-3H-AB3S-01A,1.0,0.0,0.0,0.0,0.0
12,40198734,+,12,40209660,-,MESO,511,TCGA-3H-AB3S-01A,TCGA-3H-AB3S-01A,1.0,0.0,0.0,0.0,0.0
12,40224316,+,12,40230160,-,MESO,512,TCGA-3H-AB3S-01A,TCGA-3H-AB3S-01A,1.0,0.0,0.0,0.0,0.0
12,40338295,+,12,40341741,-,MESO,513,TCGA-3H-AB3S-01A,TCGA-3H-AB3S-01A,1.0,0.0,0.0,0.0,0.0
12,120194521,+,12,120203112,-,MESO,514,TCGA-3H-AB3S-01A,TCGA-3H-AB3S-01A,1.0,0.0,0.0,0.0,0.0
12,121934019,+,15,41808150,-,MESO,515,TCGA-3H-AB3S-01A,TCGA-3H-AB3S-01A,1.0,0.0,0.0,0.0,0.0
12,121941134,-,15,41758738,+,MESO,516,TCGA-3H-AB3S-01A,TCGA-3H-AB3S-01A,1.0,0.0,0.0,0.0,0.0
12,124417309,+,15,41766434,-,MESO,517,TCGA-3H-AB3S-01A,TCGA-3H-AB3S-01A,1.0,0.0,0.0,0.0,0.0
12,124424228,-,15,41802065,+,MESO,518,TCGA-3H-AB3S-01A,TCGA-3H-AB3S-01A,1.0,0.0,0.0,0.0,0.0
13,38585207,-,13,40787793,-,MESO,519,TCGA-3H-AB3S-01A,TCGA-3H-AB3S-01A,1.0,0.0,0.0,0.0,0.0
13,66811436,+,13,66817483,-,MESO,520,TCGA-3H-AB3S-01A,TCGA-3H-AB3S-01A,1.0,0.0,0.0,0.0,0.0
13,79202118,+,13,79211313,-,MESO,521,TCGA-3H-AB3S-01A,TCGA-3H-AB3S-01A,1.0,0.0,0.0,0.0,0.0
14,84284512,+,20,29757387,-,MESO,522,TCGA-3H-AB3S-01A,TCGA-3H-AB3S-01A,1.0,0.0,0.0,0.0,0.0
14,87832433,+,14,87838686,-,MESO,523,TCGA-3H-AB3S-01A,TCGA-3H-AB3S-01A,1.0,0.0,0.0,0.0,0.0
14,94717237,-,23,152510431,+,MESO,524,TCGA-3H-AB3S-01A,TCGA-3H-AB3S-01A,1.0,0.0,0.0,0.0,0.0
14,104775321,+,14,104951649,+,MESO,525,TCGA-3H-AB3S-01A,TCGA-3H-AB3S-01A,1.0,0.0,0.0,0.0,0.0
14,104780860,-,14,104955492,-,MESO,526,TCGA-3H-AB3S-01A,TCGA-3H-AB3S-01A,1.0,0.0,0.0,0.0,0.0
15,22737089,+,15,46705435,+,MESO,527,TCGA-3H-AB3S-01A,TCGA-3H-AB3S-01A,1.0,0.0,0.0,0.0,0.0
15,22739517,-,15,46703100,+,MESO,528,TCGA-3H-AB3S-01A,TCGA-3H-AB3S-01A,1.0,0.0,0.0,0.0,0.0
15,22758858,+,15,46704041,-,MESO,529,TCGA-3H-AB3S-01A,TCGA-3H-AB3S-01A,1.0,0.0,0.0,0.0,0.0
15,22758975,-,15,46867680,+,MESO,530,TCGA-3H-AB3S-01A,TCGA-3H-AB3S-01A,1.0,0.0,0.0,0.0,0.0
15,22786608,+,15,47090718,-,MESO,531,TCGA-3H-AB3S-01A,TCGA-3H-AB3S-01A,1.0,0.0,0.0,0.0,0.0
15,46701105,-,15,46871505,+,MESO,532,TCGA-3H-AB3S-01A,TCGA-3H-AB3S-01A,1.0,0.0,0.0,0.0,0.0
15,46705920,-,15,46867975,-,MESO,533,TCGA-3H-AB3S-01A,TCGA-3H-AB3S-01A,1.0,0.0,0.0,0.0,0.0
15,46817282,+,15,46817523,-,MESO,534,TCGA-3H-AB3S-01A,TCGA-3H-AB3S-01A,1.0,0.0,0.0,0.0,0.0
15,46871997,-,15,47093173,+,MESO,535,TCGA-3H-AB3S-01A,TCGA-3H-AB3S-01A,1.0,0.0,0.0,0.0,0.0
15,47055898,+,15,48033743,-,MESO,536,TCGA-3H-AB3S-01A,TCGA-3H-AB3S-01A,1.0,0.0,0.0,0.0,0.0
16,4135785,+,16,4149297,-,MESO,537,TCGA-3H-AB3S-01A,TCGA-3H-AB3S-01A,1.0,0.0,0.0,0.0,0.0
16,6092622,-,16,6390904,+,MESO,538,TCGA-3H-AB3S-01A,TCGA-3H-AB3S-01A,1.0,0.0,0.0,0.0,0.0
18,39069414,-,18,64367335,-,MESO,539,TCGA-3H-AB3S-01A,TCGA-3H-AB3S-01A,1.0,0.0,0.0,0.0,0.0
18,39119754,+,18,64367280,+,MESO,540,TCGA-3H-AB3S-01A,TCGA-3H-AB3S-01A,1.0,0.0,0.0,0.0,0.0
19,10474182,-,19,10480841,+,MESO,541,TCGA-3H-AB3S-01A,TCGA-3H-AB3S-01A,1.0,0.0,0.0,0.0,0.0
19,31778817,+,19,31787902,-,MESO,542,TCGA-3H-AB3S-01A,TCGA-3H-AB3S-01A,1.0,0.0,0.0,0.0,0.0
2,114098561,+,2,114117252,-,MESO,543,TCGA-3H-AB3S-01A,TCGA-3H-AB3S-01A,1.0,0.0,0.0,0.0,0.0
2,137930521,+,2,139687800,+,MESO,544,TCGA-3H-AB3S-01A,TCGA-3H-AB3S-01A,1.0,0.0,0.0,0.0,0.0
2,139334628,-,12,34664095,-,MESO,545,TCGA-3H-AB3S-01A,TCGA-3H-AB3S-01A,1.0,0.0,0.0,0.0,0.0
2,139334968,-,9,31911263,-,MESO,546,TCGA-3H-AB3S-01A,TCGA-3H-AB3S-01A,1.0,0.0,0.0,0.0,0.0
2,139334969,+,9,19632630,+,MESO,547,TCGA-3H-AB3S-01A,TCGA-3H-AB3S-01A,1.0,0.0,0.0,0.0,0.0
2,143062376,-,9,31911802,+,MESO,548,TCGA-3H-AB3S-01A,TCGA-3H-AB3S-01A,1.0,0.0,0.0,0.0,0.0
2,170011825,-,3,134553393,-,MESO,549,TCGA-3H-AB3S-01A,TCGA-3H-AB3S-01A,1.0,0.0,0.0,0.0,0.0
2,170011827,+,2,177517015,+,MESO,550,TCGA-3H-AB3S-01A,TCGA-3H-AB3S-01A,1.0,0.0,0.0,0.0,0.0
2,177525262,-,3,134553394,+,MESO,551,TCGA-3H-AB3S-01A,TCGA-3H-AB3S-01A,1.0,0.0,0.0,0.0,0.0
2,211750162,+,2,215281833,-,MESO,552,TCGA-3H-AB3S-01A,TCGA-3H-AB3S-01A,1.0,0.0,0.0,0.0,0.0
20,16066819,+,20,16070577,-,MESO,553,TCGA-3H-AB3S-01A,TCGA-3H-AB3S-01A,1.0,0.0,0.0,0.0,0.0
20,42654063,+,20,42655068,-,MESO,554,TCGA-3H-AB3S-01A,TCGA-3H-AB3S-01A,1.0,0.0,0.0,0.0,0.0
22,25921616,+,22,25930294,-,MESO,555,TCGA-3H-AB3S-01A,TCGA-3H-AB3S-01A,1.0,0.0,0.0,0.0,0.0
22,29599653,+,22,29629711,-,MESO,556,TCGA-3H-AB3S-01A,TCGA-3H-AB3S-01A,1.0,0.0,0.0,0.0,0.0
3,683737,+,3,705952,-,MESO,557,TCGA-3H-AB3S-01A,TCGA-3H-AB3S-01A,1.0,0.0,0.0,0.0,0.0
3,42835333,+,3,67419564,-,MESO,558,TCGA-3H-AB3S-01A,TCGA-3H-AB3S-01A,1.0,0.0,0.0,0.0,0.0
3,52395992,+,3,52409153,-,MESO,559,TCGA-3H-AB3S-01A,TCGA-3H-AB3S-01A,1.0,0.0,0.0,0.0,0.0
3,68643851,+,3,68647069,-,MESO,560,TCGA-3H-AB3S-01A,TCGA-3H-AB3S-01A,1.0,0.0,0.0,0.0,0.0
3,90793628,+,3,91003403,-,MESO,561,TCGA-3H-AB3S-01A,TCGA-3H-AB3S-01A,1.0,0.0,0.0,0.0,0.0
3,130501783,+,3,131290671,-,MESO,562,TCGA-3H-AB3S-01A,TCGA-3H-AB3S-01A,1.0,0.0,0.0,0.0,0.0
3,172092341,+,3,172403310,-,MESO,563,TCGA-3H-AB3S-01A,TCGA-3H-AB3S-01A,1.0,0.0,0.0,0.0,0.0
3,175637540,-,3,175747919,+,MESO,564,TCGA-3H-AB3S-01A,TCGA-3H-AB3S-01A,1.0,0.0,0.0,0.0,0.0
4,17215565,+,4,67623464,+,MESO,565,TCGA-3H-AB3S-01A,TCGA-3H-AB3S-01A,1.0,0.0,0.0,0.0,0.0
4,17226973,-,4,68117271,+,MESO,566,TCGA-3H-AB3S-01A,TCGA-3H-AB3S-01A,1.0,0.0,0.0,0.0,0.0
4,67630080,-,4,68134853,-,MESO,567,TCGA-3H-AB3S-01A,TCGA-3H-AB3S-01A,1.0,0.0,0.0,0.0,0.0
4,178077434,+,4,178078169,-,MESO,568,TCGA-3H-AB3S-01A,TCGA-3H-AB3S-01A,1.0,0.0,0.0,0.0,0.0
5,114607988,+,5,114622457,-,MESO,569,TCGA-3H-AB3S-01A,TCGA-3H-AB3S-01A,1.0,0.0,0.0,0.0,0.0
5,157383576,+,5,157721729,-,MESO,570,TCGA-3H-AB3S-01A,TCGA-3H-AB3S-01A,1.0,0.0,0.0,0.0,0.0
5,181024357,+,5,181031339,-,MESO,571,TCGA-3H-AB3S-01A,TCGA-3H-AB3S-01A,1.0,0.0,0.0,0.0,0.0
6,3635109,-,9,21981123,+,MESO,572,TCGA-3H-AB3S-01A,TCGA-3H-AB3S-01A,1.0,0.0,0.0,0.0,0.0
6,19935749,+,6,20494861,-,MESO,573,TCGA-3H-AB3S-01A,TCGA-3H-AB3S-01A,1.0,0.0,0.0,0.0,0.0
6,42199178,+,23,149105452,+,MESO,574,TCGA-3H-AB3S-01A,TCGA-3H-AB3S-01A,1.0,0.0,0.0,0.0,0.0
6,42211271,-,23,149056041,-,MESO,575,TCGA-3H-AB3S-01A,TCGA-3H-AB3S-01A,1.0,0.0,0.0,0.0,0.0
6,94957286,+,6,94958851,-,MESO,576,TCGA-3H-AB3S-01A,TCGA-3H-AB3S-01A,1.0,0.0,0.0,0.0,0.0
6,104432631,+,6,104440992,-,MESO,577,TCGA-3H-AB3S-01A,TCGA-3H-AB3S-01A,1.0,0.0,0.0,0.0,0.0
6,145735344,+,8,12627823,+,MESO,578,TCGA-3H-AB3S-01A,TCGA-3H-AB3S-01A,1.0,0.0,0.0,0.0,0.0
6,145735345,-,8,1855349,-,MESO,579,TCGA-3H-AB3S-01A,TCGA-3H-AB3S-01A,1.0,0.0,0.0,0.0,0.0
6,145742878,+,8,7035857,-,MESO,580,TCGA-3H-AB3S-01A,TCGA-3H-AB3S-01A,1.0,0.0,0.0,0.0,0.0
6,145755976,-,8,16921619,-,MESO,581,TCGA-3H-AB3S-01A,TCGA-3H-AB3S-01A,1.0,0.0,0.0,0.0,0.0
6,145829631,+,8,14260858,-,MESO,582,TCGA-3H-AB3S-01A,TCGA-3H-AB3S-01A,1.0,0.0,0.0,0.0,0.0
6,145981257,-,8,41511331,+,MESO,583,TCGA-3H-AB3S-01A,TCGA-3H-AB3S-01A,1.0,0.0,0.0,0.0,0.0
6,146176855,-,23,81524630,+,MESO,584,TCGA-3H-AB3S-01A,TCGA-3H-AB3S-01A,1.0,0.0,0.0,0.0,0.0
6,146374609,+,8,12919664,-,MESO,585,TCGA-3H-AB3S-01A,TCGA-3H-AB3S-01A,1.0,0.0,0.0,0.0,0.0
6,146374619,-,8,6665556,-,MESO,586,TCGA-3H-AB3S-01A,TCGA-3H-AB3S-01A,1.0,0.0,0.0,0.0,0.0
6,146657529,+,23,85586113,-,MESO,587,TCGA-3H-AB3S-01A,TCGA-3H-AB3S-01A,1.0,0.0,0.0,0.0,0.0
6,146698349,-,8,1855343,+,MESO,588,TCGA-3H-AB3S-01A,TCGA-3H-AB3S-01A,1.0,0.0,0.0,0.0,0.0
6,147166258,+,7,4798329,-,MESO,589,TCGA-3H-AB3S-01A,TCGA-3H-AB3S-01A,1.0,0.0,0.0,0.0,0.0
6,147166258,+,8,12711126,+,MESO,590,TCGA-3H-AB3S-01A,TCGA-3H-AB3S-01A,1.0,0.0,0.0,0.0,0.0
7,4798473,+,8,12710984,+,MESO,591,TCGA-3H-AB3S-01A,TCGA-3H-AB3S-01A,1.0,0.0,0.0,0.0,0.0
7,31251623,+,7,31518251,-,MESO,592,TCGA-3H-AB3S-01A,TCGA-3H-AB3S-01A,1.0,0.0,0.0,0.0,0.0
7,77534100,+,18,76001287,+,MESO,593,TCGA-3H-AB3S-01A,TCGA-3H-AB3S-01A,1.0,0.0,0.0,0.0,0.0
8,6665557,+,8,6910141,-,MESO,594,TCGA-3H-AB3S-01A,TCGA-3H-AB3S-01A,1.0,0.0,0.0,0.0,0.0
8,6823853,+,8,29177498,-,MESO,595,TCGA-3H-AB3S-01A,TCGA-3H-AB3S-01A,1.0,0.0,0.0,0.0,0.0
8,6823860,-,23,85586113,+,MESO,596,TCGA-3H-AB3S-01A,TCGA-3H-AB3S-01A,1.0,0.0,0.0,0.0,0.0
8,6864587,+,8,29177467,+,MESO,597,TCGA-3H-AB3S-01A,TCGA-3H-AB3S-01A,1.0,0.0,0.0,0.0,0.0
8,7035861,+,8,30078590,-,MESO,598,TCGA-3H-AB3S-01A,TCGA-3H-AB3S-01A,1.0,0.0,0.0,0.0,0.0
8,7380189,-,8,16918471,+,MESO,599,TCGA-3H-AB3S-01A,TCGA-3H-AB3S-01A,1.0,0.0,0.0,0.0,0.0
8,7512670,-,8,15526330,+,MESO,600,TCGA-3H-AB3S-01A,TCGA-3H-AB3S-01A,1.0,0.0,0.0,0.0,0.0
8,8526155,-,16,19321529,-,MESO,601,TCGA-3H-AB3S-01A,TCGA-3H-AB3S-01A,1.0,0.0,0.0,0.0,0.0
8,11173376,+,8,41573747,-,MESO,602,TCGA-3H-AB3S-01A,TCGA-3H-AB3S-01A,1.0,0.0,0.0,0.0,0.0
8,11606619,-,8,12919654,+,MESO,603,TCGA-3H-AB3S-01A,TCGA-3H-AB3S-01A,1.0,0.0,0.0,0.0,0.0
8,12627821,-,8,14246553,-,MESO,604,TCGA-3H-AB3S-01A,TCGA-3H-AB3S-01A,1.0,0.0,0.0,0.0,0.0
8,12914378,-,23,81691603,-,MESO,605,TCGA-3H-AB3S-01A,TCGA-3H-AB3S-01A,1.0,0.0,0.0,0.0,0.0
8,14234053,+,8,29446190,-,MESO,606,TCGA-3H-AB3S-01A,TCGA-3H-AB3S-01A,1.0,0.0,0.0,0.0,0.0
8,14260776,+,23,81684679,-,MESO,607,TCGA-3H-AB3S-01A,TCGA-3H-AB3S-01A,1.0,0.0,0.0,0.0,0.0
8,14349538,+,23,85597565,+,MESO,608,TCGA-3H-AB3S-01A,TCGA-3H-AB3S-01A,1.0,0.0,0.0,0.0,0.0
8,15401969,-,8,15525800,-,MESO,609,TCGA-3H-AB3S-01A,TCGA-3H-AB3S-01A,1.0,0.0,0.0,0.0,0.0
8,15402443,+,8,29189982,+,MESO,610,TCGA-3H-AB3S-01A,TCGA-3H-AB3S-01A,1.0,0.0,0.0,0.0,0.0
8,15723277,+,8,15840623,+,MESO,611,TCGA-3H-AB3S-01A,TCGA-3H-AB3S-01A,1.0,0.0,0.0,0.0,0.0
8,15993296,-,21,10622852,+,MESO,612,TCGA-3H-AB3S-01A,TCGA-3H-AB3S-01A,1.0,0.0,0.0,0.0,0.0
8,20703286,-,8,20766383,-,MESO,613,TCGA-3H-AB3S-01A,TCGA-3H-AB3S-01A,1.0,0.0,0.0,0.0,0.0
8,29475467,+,23,81691537,+,MESO,614,TCGA-3H-AB3S-01A,TCGA-3H-AB3S-01A,1.0,0.0,0.0,0.0,0.0
8,46588892,+,8,65704147,-,MESO,615,TCGA-3H-AB3S-01A,TCGA-3H-AB3S-01A,1.0,0.0,0.0,0.0,0.0
9,19925945,+,9,29022505,-,MESO,616,TCGA-3H-AB3S-01A,TCGA-3H-AB3S-01A,1.0,0.0,0.0,0.0,0.0
9,34850978,-,12,33997073,+,MESO,617,TCGA-3H-AB3S-01A,TCGA-3H-AB3S-01A,1.0,0.0,0.0,0.0,0.0
9,41100808,+,9,42230145,-,MESO,618,TCGA-3H-AB3S-01A,TCGA-3H-AB3S-01A,1.0,0.0,0.0,0.0,0.0
23,41166235,+,23,41168978,-,MESO,619,TCGA-3H-AB3S-01A,TCGA-3H-AB3S-01A,1.0,0.0,0.0,0.0,0.0
23,148647015,+,23,148776713,+,MESO,620,TCGA-3H-AB3S-01A,TCGA-3H-AB3S-01A,1.0,0.0,0.0,0.0,0.0
23,149078928,+,23,149101994,-,MESO,621,TCGA-3H-AB3S-01A,TCGA-3H-AB3S-01A,1.0,0.0,0.0,0.0,0.0
24,3099407,-,24,3390611,-,MESO,622,TCGA-3H-AB3S-01A,TCGA-3H-AB3S-01A,1.0,0.0,0.0,0.0,0.0
1,81781255,+,1,81793342,-,MESO,623,TCGA-3H-AB3T-01A,TCGA-3H-AB3T-01A,1.0,0.0,0.0,0.0,0.0
1,85471688,+,1,116786278,-,MESO,624,TCGA-3H-AB3T-01A,TCGA-3H-AB3T-01A,1.0,0.0,0.0,0.0,0.0
1,122584090,+,5,47210224,-,MESO,625,TCGA-3H-AB3T-01A,TCGA-3H-AB3T-01A,1.0,0.0,0.0,0.0,0.0
10,39919128,+,10,39931484,-,MESO,626,TCGA-3H-AB3T-01A,TCGA-3H-AB3T-01A,1.0,0.0,0.0,0.0,0.0
10,45496153,-,10,45599962,+,MESO,627,TCGA-3H-AB3T-01A,TCGA-3H-AB3T-01A,1.0,0.0,0.0,0.0,0.0
10,45516970,+,10,45566765,-,MESO,628,TCGA-3H-AB3T-01A,TCGA-3H-AB3T-01A,1.0,0.0,0.0,0.0,0.0
10,105529496,+,10,105538132,-,MESO,629,TCGA-3H-AB3T-01A,TCGA-3H-AB3T-01A,1.0,0.0,0.0,0.0,0.0
11,78255923,+,11,117466553,-,MESO,630,TCGA-3H-AB3T-01A,TCGA-3H-AB3T-01A,1.0,0.0,0.0,0.0,0.0
11,108487684,-,11,108552146,+,MESO,631,TCGA-3H-AB3T-01A,TCGA-3H-AB3T-01A,1.0,0.0,0.0,0.0,0.0
12,3234383,+,12,3235896,-,MESO,632,TCGA-3H-AB3T-01A,TCGA-3H-AB3T-01A,1.0,0.0,0.0,0.0,0.0
12,89425386,+,12,89438939,-,MESO,633,TCGA-3H-AB3T-01A,TCGA-3H-AB3T-01A,1.0,0.0,0.0,0.0,0.0
13,16048186,-,13,16090292,+,MESO,634,TCGA-3H-AB3T-01A,TCGA-3H-AB3T-01A,1.0,0.0,0.0,0.0,0.0
13,38536438,-,13,38546328,+,MESO,635,TCGA-3H-AB3T-01A,TCGA-3H-AB3T-01A,1.0,0.0,0.0,0.0,0.0
15,22812551,-,15,75114170,-,MESO,636,TCGA-3H-AB3T-01A,TCGA-3H-AB3T-01A,1.0,0.0,0.0,0.0,0.0
15,98921639,+,15,98924619,-,MESO,637,TCGA-3H-AB3T-01A,TCGA-3H-AB3T-01A,1.0,0.0,0.0,0.0,0.0
16,55619144,-,16,57019424,-,MESO,638,TCGA-3H-AB3T-01A,TCGA-3H-AB3T-01A,1.0,0.0,0.0,0.0,0.0
16,55619269,+,16,57014199,+,MESO,639,TCGA-3H-AB3T-01A,TCGA-3H-AB3T-01A,1.0,0.0,0.0,0.0,0.0
16,55619269,+,16,57019166,+,MESO,640,TCGA-3H-AB3T-01A,TCGA-3H-AB3T-01A,1.0,0.0,0.0,0.0,0.0
16,57014028,-,16,57018875,+,MESO,641,TCGA-3H-AB3T-01A,TCGA-3H-AB3T-01A,1.0,0.0,0.0,0.0,0.0
16,57014028,-,16,57019231,+,MESO,642,TCGA-3H-AB3T-01A,TCGA-3H-AB3T-01A,1.0,0.0,0.0,0.0,0.0
17,21162894,-,17,21173635,-,MESO,643,TCGA-3H-AB3T-01A,TCGA-3H-AB3T-01A,1.0,0.0,0.0,0.0,0.0
17,21579528,-,17,21595196,-,MESO,644,TCGA-3H-AB3T-01A,TCGA-3H-AB3T-01A,1.0,0.0,0.0,0.0,0.0
17,22830044,+,17,23081001,-,MESO,645,TCGA-3H-AB3T-01A,TCGA-3H-AB3T-01A,1.0,0.0,0.0,0.0,0.0
17,22914795,+,17,23151693,-,MESO,646,TCGA-3H-AB3T-01A,TCGA-3H-AB3T-01A,1.0,0.0,0.0,0.0,0.0
17,34205596,-,17,34415320,+,MESO,647,TCGA-3H-AB3T-01A,TCGA-3H-AB3T-01A,1.0,0.0,0.0,0.0,0.0
17,39087993,+,18,53713280,-,MESO,648,TCGA-3H-AB3T-01A,TCGA-3H-AB3T-01A,1.0,0.0,0.0,0.0,0.0
17,39089091,-,18,53713269,+,MESO,649,TCGA-3H-AB3T-01A,TCGA-3H-AB3T-01A,1.0,0.0,0.0,0.0,0.0
17,68113882,-,17,68166757,-,MESO,650,TCGA-3H-AB3T-01A,TCGA-3H-AB3T-01A,1.0,0.0,0.0,0.0,0.0
17,68114530,+,17,68166655,-,MESO,651,TCGA-3H-AB3T-01A,TCGA-3H-AB3T-01A,1.0,0.0,0.0,0.0,0.0
17,68114601,+,17,68115718,+,MESO,652,TCGA-3H-AB3T-01A,TCGA-3H-AB3T-01A,1.0,0.0,0.0,0.0,0.0
17,68115654,+,17,68166745,+,MESO,653,TCGA-3H-AB3T-01A,TCGA-3H-AB3T-01A,1.0,0.0,0.0,0.0,0.0
18,15537655,-,18,15596983,+,MESO,654,TCGA-3H-AB3T-01A,TCGA-3H-AB3T-01A,1.0,0.0,0.0,0.0,0.0
18,15548490,-,18,15699833,+,MESO,655,TCGA-3H-AB3T-01A,TCGA-3H-AB3T-01A,1.0,0.0,0.0,0.0,0.0
18,67029286,-,18,67054912,+,MESO,656,TCGA-3H-AB3T-01A,TCGA-3H-AB3T-01A,1.0,0.0,0.0,0.0,0.0
2,36350580,-,2,36391895,-,MESO,657,TCGA-3H-AB3T-01A,TCGA-3H-AB3T-01A,1.0,0.0,0.0,0.0,0.0
2,53820553,+,2,53846644,-,MESO,658,TCGA-3H-AB3T-01A,TCGA-3H-AB3T-01A,1.0,0.0,0.0,0.0,0.0
2,88261408,+,2,88261526,+,MESO,659,TCGA-3H-AB3T-01A,TCGA-3H-AB3T-01A,1.0,0.0,0.0,0.0,0.0
2,88261410,-,2,88261521,-,MESO,660,TCGA-3H-AB3T-01A,TCGA-3H-AB3T-01A,1.0,0.0,0.0,0.0,0.0
2,112052869,+,2,112053807,-,MESO,661,TCGA-3H-AB3T-01A,TCGA-3H-AB3T-01A,1.0,0.0,0.0,0.0,0.0
2,174975257,+,2,175022125,-,MESO,662,TCGA-3H-AB3T-01A,TCGA-3H-AB3T-01A,1.0,0.0,0.0,0.0,0.0
20,26480935,-,20,26515309,+,MESO,663,TCGA-3H-AB3T-01A,TCGA-3H-AB3T-01A,1.0,0.0,0.0,0.0,0.0
20,63382841,-,20,63417217,+,MESO,664,TCGA-3H-AB3T-01A,TCGA-3H-AB3T-01A,1.0,0.0,0.0,0.0,0.0
22,50148949,+,22,50492411,+,MESO,665,TCGA-3H-AB3T-01A,TCGA-3H-AB3T-01A,1.0,0.0,0.0,0.0,0.0
3,4803869,-,3,67068087,+,MESO,666,TCGA-3H-AB3T-01A,TCGA-3H-AB3T-01A,1.0,0.0,0.0,0.0,0.0
3,4976262,-,3,7550217,-,MESO,667,TCGA-3H-AB3T-01A,TCGA-3H-AB3T-01A,1.0,0.0,0.0,0.0,0.0
3,4977256,+,3,4985057,+,MESO,668,TCGA-3H-AB3T-01A,TCGA-3H-AB3T-01A,1.0,0.0,0.0,0.0,0.0
3,4977746,-,3,4985722,-,MESO,669,TCGA-3H-AB3T-01A,TCGA-3H-AB3T-01A,1.0,0.0,0.0,0.0,0.0
3,5018194,-,3,5143129,+,MESO,670,TCGA-3H-AB3T-01A,TCGA-3H-AB3T-01A,1.0,0.0,0.0,0.0,0.0
3,11208247,-,3,20181702,-,MESO,671,TCGA-3H-AB3T-01A,TCGA-3H-AB3T-01A,1.0,0.0,0.0,0.0,0.0
3,12366184,+,3,13032550,-,MESO,672,TCGA-3H-AB3T-01A,TCGA-3H-AB3T-01A,1.0,0.0,0.0,0.0,0.0
3,17347919,-,3,24831584,-,MESO,673,TCGA-3H-AB3T-01A,TCGA-3H-AB3T-01A,1.0,0.0,0.0,0.0,0.0
3,24644638,+,3,25796320,-,MESO,674,TCGA-3H-AB3T-01A,TCGA-3H-AB3T-01A,1.0,0.0,0.0,0.0,0.0
3,45873789,+,3,57199291,-,MESO,675,TCGA-3H-AB3T-01A,TCGA-3H-AB3T-01A,1.0,0.0,0.0,0.0,0.0
3,95499193,-,3,95519103,+,MESO,676,TCGA-3H-AB3T-01A,TCGA-3H-AB3T-01A,1.0,0.0,0.0,0.0,0.0
4,146562234,+,10,105527793,-,MESO,677,TCGA-3H-AB3T-01A,TCGA-3H-AB3T-01A,1.0,0.0,0.0,0.0,0.0
4,146562404,-,10,105527611,+,MESO,678,TCGA-3H-AB3T-01A,TCGA-3H-AB3T-01A,1.0,0.0,0.0,0.0,0.0
4,167260660,+,4,167271438,-,MESO,679,TCGA-3H-AB3T-01A,TCGA-3H-AB3T-01A,1.0,0.0,0.0,0.0,0.0
5,64999477,+,5,65008828,-,MESO,680,TCGA-3H-AB3T-01A,TCGA-3H-AB3T-01A,1.0,0.0,0.0,0.0,0.0
5,181223469,+,5,181228166,-,MESO,681,TCGA-3H-AB3T-01A,TCGA-3H-AB3T-01A,1.0,0.0,0.0,0.0,0.0
6,15462776,+,6,15472402,+,MESO,682,TCGA-3H-AB3T-01A,TCGA-3H-AB3T-01A,1.0,0.0,0.0,0.0,0.0
6,15462776,+,6,15500906,+,MESO,683,TCGA-3H-AB3T-01A,TCGA-3H-AB3T-01A,1.0,0.0,0.0,0.0,0.0
6,15468622,-,6,15473359,-,MESO,684,TCGA-3H-AB3T-01A,TCGA-3H-AB3T-01A,1.0,0.0,0.0,0.0,0.0
6,15469685,+,6,15471884,-,MESO,685,TCGA-3H-AB3T-01A,TCGA-3H-AB3T-01A,1.0,0.0,0.0,0.0,0.0
6,15472402,+,6,15500778,-,MESO,686,TCGA-3H-AB3T-01A,TCGA-3H-AB3T-01A,1.0,0.0,0.0,0.0,0.0
6,15489763,+,6,15500697,+,MESO,687,TCGA-3H-AB3T-01A,TCGA-3H-AB3T-01A,1.0,0.0,0.0,0.0,0.0
6,54954180,-,6,54972028,+,MESO,688,TCGA-3H-AB3T-01A,TCGA-3H-AB3T-01A,1.0,0.0,0.0,0.0,0.0
6,87277084,+,6,87284533,+,MESO,689,TCGA-3H-AB3T-01A,TCGA-3H-AB3T-01A,1.0,0.0,0.0,0.0,0.0
6,87277099,-,6,87285193,-,MESO,690,TCGA-3H-AB3T-01A,TCGA-3H-AB3T-01A,1.0,0.0,0.0,0.0,0.0
6,140389979,-,6,140390121,+,MESO,691,TCGA-3H-AB3T-01A,TCGA-3H-AB3T-01A,1.0,0.0,0.0,0.0,0.0
7,88198799,+,16,57018567,-,MESO,692,TCGA-3H-AB3T-01A,TCGA-3H-AB3T-01A,1.0,0.0,0.0,0.0,0.0
7,88198799,+,16,57018898,-,MESO,693,TCGA-3H-AB3T-01A,TCGA-3H-AB3T-01A,1.0,0.0,0.0,0.0,0.0
7,88603143,-,16,57050502,+,MESO,694,TCGA-3H-AB3T-01A,TCGA-3H-AB3T-01A,1.0,0.0,0.0,0.0,0.0
7,89799380,+,7,90204986,-,MESO,695,TCGA-3H-AB3T-01A,TCGA-3H-AB3T-01A,1.0,0.0,0.0,0.0,0.0
7,90381322,-,16,57019427,-,MESO,696,TCGA-3H-AB3T-01A,TCGA-3H-AB3T-01A,1.0,0.0,0.0,0.0,0.0
7,90381425,+,16,57014199,+,MESO,697,TCGA-3H-AB3T-01A,TCGA-3H-AB3T-01A,1.0,0.0,0.0,0.0,0.0
7,90381430,+,16,55619146,-,MESO,698,TCGA-3H-AB3T-01A,TCGA-3H-AB3T-01A,1.0,0.0,0.0,0.0,0.0
8,87448806,+,8,87454644,-,MESO,699,TCGA-3H-AB3T-01A,TCGA-3H-AB3T-01A,1.0,0.0,0.0,0.0,0.0
8,102683390,-,8,103012533,+,MESO,700,TCGA-3H-AB3T-01A,TCGA-3H-AB3T-01A,1.0,0.0,0.0,0.0,0.0
9,40229202,+,9,42858503,-,MESO,701,TCGA-3H-AB3T-01A,TCGA-3H-AB3T-01A,1.0,0.0,0.0,0.0,0.0
9,123342860,+,9,123345603,-,MESO,702,TCGA-3H-AB3T-01A,TCGA-3H-AB3T-01A,1.0,0.0,0.0,0.0,0.0
23,48274965,-,23,48337105,+,MESO,703,TCGA-3H-AB3T-01A,TCGA-3H-AB3T-01A,1.0,0.0,0.0,0.0,0.0
23,72377725,+,23,72401000,-,MESO,704,TCGA-3H-AB3T-01A,TCGA-3H-AB3T-01A,1.0,0.0,0.0,0.0,0.0
23,118233215,-,23,118841930,+,MESO,705,TCGA-3H-AB3T-01A,TCGA-3H-AB3T-01A,1.0,0.0,0.0,0.0,0.0
23,137793003,-,23,137809724,+,MESO,706,TCGA-3H-AB3T-01A,TCGA-3H-AB3T-01A,1.0,0.0,0.0,0.0,0.0
1,149748525,+,1,166331159,-,MESO,707,TCGA-3H-AB3U-01A,TCGA-3H-AB3U-01A,1.0,0.0,0.0,0.0,0.0
1,186711951,+,1,186855095,-,MESO,708,TCGA-3H-AB3U-01A,TCGA-3H-AB3U-01A,1.0,0.0,0.0,0.0,0.0
1,186712326,-,1,189791631,+,MESO,709,TCGA-3H-AB3U-01A,TCGA-3H-AB3U-01A,1.0,0.0,0.0,0.0,0.0
1,186854959,+,1,229252704,+,MESO,710,TCGA-3H-AB3U-01A,TCGA-3H-AB3U-01A,1.0,0.0,0.0,0.0,0.0
1,189791820,-,1,229252764,-,MESO,711,TCGA-3H-AB3U-01A,TCGA-3H-AB3U-01A,1.0,0.0,0.0,0.0,0.0
1,190892644,+,24,26345198,+,MESO,712,TCGA-3H-AB3U-01A,TCGA-3H-AB3U-01A,1.0,0.0,0.0,0.0,0.0
1,239062911,+,1,239519992,+,MESO,713,TCGA-3H-AB3U-01A,TCGA-3H-AB3U-01A,1.0,0.0,0.0,0.0,0.0
1,239228584,-,1,240010777,-,MESO,714,TCGA-3H-AB3U-01A,TCGA-3H-AB3U-01A,1.0,0.0,0.0,0.0,0.0
1,239230131,+,1,239520182,-,MESO,715,TCGA-3H-AB3U-01A,TCGA-3H-AB3U-01A,1.0,0.0,0.0,0.0,0.0
1,239230177,-,1,240161978,-,MESO,716,TCGA-3H-AB3U-01A,TCGA-3H-AB3U-01A,1.0,0.0,0.0,0.0,0.0
1,239479380,-,1,240161965,+,MESO,717,TCGA-3H-AB3U-01A,TCGA-3H-AB3U-01A,1.0,0.0,0.0,0.0,0.0
1,239479382,+,1,240010271,+,MESO,718,TCGA-3H-AB3U-01A,TCGA-3H-AB3U-01A,1.0,0.0,0.0,0.0,0.0
1,240955569,-,6,86112902,-,MESO,719,TCGA-3H-AB3U-01A,TCGA-3H-AB3U-01A,1.0,0.0,0.0,0.0,0.0
1,241903423,+,1,241922831,-,MESO,720,TCGA-3H-AB3U-01A,TCGA-3H-AB3U-01A,1.0,0.0,0.0,0.0,0.0
12,26324751,+,12,26325470,-,MESO,721,TCGA-3H-AB3U-01A,TCGA-3H-AB3U-01A,1.0,0.0,0.0,0.0,0.0
12,53889193,+,22,27728647,+,MESO,722,TCGA-3H-AB3U-01A,TCGA-3H-AB3U-01A,1.0,0.0,0.0,0.0,0.0
13,86586466,-,13,86614056,+,MESO,723,TCGA-3H-AB3U-01A,TCGA-3H-AB3U-01A,1.0,0.0,0.0,0.0,0.0
15,70503843,+,15,70605041,-,MESO,724,TCGA-3H-AB3U-01A,TCGA-3H-AB3U-01A,1.0,0.0,0.0,0.0,0.0
16,5705838,+,16,6435222,-,MESO,725,TCGA-3H-AB3U-01A,TCGA-3H-AB3U-01A,1.0,0.0,0.0,0.0,0.0
16,6693100,+,16,6810880,-,MESO,726,TCGA-3H-AB3U-01A,TCGA-3H-AB3U-01A,1.0,0.0,0.0,0.0,0.0
19,11695037,+,19,12097560,+,MESO,727,TCGA-3H-AB3U-01A,TCGA-3H-AB3U-01A,1.0,0.0,0.0,0.0,0.0
19,11709485,-,19,12120883,-,MESO,728,TCGA-3H-AB3U-01A,TCGA-3H-AB3U-01A,1.0,0.0,0.0,0.0,0.0
2,25781966,-,6,17377669,+,MESO,729,TCGA-3H-AB3U-01A,TCGA-3H-AB3U-01A,1.0,0.0,0.0,0.0,0.0
2,27571681,+,2,37808587,+,MESO,730,TCGA-3H-AB3U-01A,TCGA-3H-AB3U-01A,1.0,0.0,0.0,0.0,0.0
2,27571689,-,2,37808588,-,MESO,731,TCGA-3H-AB3U-01A,TCGA-3H-AB3U-01A,1.0,0.0,0.0,0.0,0.0
2,39434916,+,22,26588925,+,MESO,732,TCGA-3H-AB3U-01A,TCGA-3H-AB3U-01A,1.0,0.0,0.0,0.0,0.0
2,39434918,-,22,26589889,-,MESO,733,TCGA-3H-AB3U-01A,TCGA-3H-AB3U-01A,1.0,0.0,0.0,0.0,0.0
2,52954018,+,2,52993593,-,MESO,734,TCGA-3H-AB3U-01A,TCGA-3H-AB3U-01A,1.0,0.0,0.0,0.0,0.0
2,158875733,+,2,159310529,-,MESO,735,TCGA-3H-AB3U-01A,TCGA-3H-AB3U-01A,1.0,0.0,0.0,0.0,0.0
2,169271641,+,11,67341885,-,MESO,736,TCGA-3H-AB3U-01A,TCGA-3H-AB3U-01A,1.0,0.0,0.0,0.0,0.0
2,235749289,+,2,236076764,-,MESO,737,TCGA-3H-AB3U-01A,TCGA-3H-AB3U-01A,1.0,0.0,0.0,0.0,0.0
3,44809050,+,3,58097165,-,MESO,738,TCGA-3H-AB3U-01A,TCGA-3H-AB3U-01A,1.0,0.0,0.0,0.0,0.0
3,62862884,+,3,155063762,+,MESO,739,TCGA-3H-AB3U-01A,TCGA-3H-AB3U-01A,1.0,0.0,0.0,0.0,0.0
3,62867860,-,3,155039515,-,MESO,740,TCGA-3H-AB3U-01A,TCGA-3H-AB3U-01A,1.0,0.0,0.0,0.0,0.0
3,118332430,+,3,118336276,-,MESO,741,TCGA-3H-AB3U-01A,TCGA-3H-AB3U-01A,1.0,0.0,0.0,0.0,0.0
3,130084857,+,3,146082217,+,MESO,742,TCGA-3H-AB3U-01A,TCGA-3H-AB3U-01A,1.0,0.0,0.0,0.0,0.0
3,130084897,-,3,148354881,-,MESO,743,TCGA-3H-AB3U-01A,TCGA-3H-AB3U-01A,1.0,0.0,0.0,0.0,0.0
3,130086241,+,3,134632642,-,MESO,744,TCGA-3H-AB3U-01A,TCGA-3H-AB3U-01A,1.0,0.0,0.0,0.0,0.0
3,130210798,-,3,148464131,+,MESO,745,TCGA-3H-AB3U-01A,TCGA-3H-AB3U-01A,1.0,0.0,0.0,0.0,0.0
3,130228265,+,3,134831242,+,MESO,746,TCGA-3H-AB3U-01A,TCGA-3H-AB3U-01A,1.0,0.0,0.0,0.0,0.0
3,130228423,-,3,169524682,+,MESO,747,TCGA-3H-AB3U-01A,TCGA-3H-AB3U-01A,1.0,0.0,0.0,0.0,0.0
3,130238601,+,3,138076009,-,MESO,748,TCGA-3H-AB3U-01A,TCGA-3H-AB3U-01A,1.0,0.0,0.0,0.0,0.0
3,130564533,-,3,138075964,+,MESO,749,TCGA-3H-AB3U-01A,TCGA-3H-AB3U-01A,1.0,0.0,0.0,0.0,0.0
3,131124285,+,3,139378658,+,MESO,750,TCGA-3H-AB3U-01A,TCGA-3H-AB3U-01A,1.0,0.0,0.0,0.0,0.0
3,131142044,-,3,147459204,-,MESO,751,TCGA-3H-AB3U-01A,TCGA-3H-AB3U-01A,1.0,0.0,0.0,0.0,0.0
3,131144132,+,3,139383254,+,MESO,752,TCGA-3H-AB3U-01A,TCGA-3H-AB3U-01A,1.0,0.0,0.0,0.0,0.0
3,131277392,-,3,169757477,-,MESO,753,TCGA-3H-AB3U-01A,TCGA-3H-AB3U-01A,1.0,0.0,0.0,0.0,0.0
3,134510568,+,3,136991151,+,MESO,754,TCGA-3H-AB3U-01A,TCGA-3H-AB3U-01A,1.0,0.0,0.0,0.0,0.0
3,134634117,+,3,146103247,-,MESO,755,TCGA-3H-AB3U-01A,TCGA-3H-AB3U-01A,1.0,0.0,0.0,0.0,0.0
3,134690389,-,3,148249820,-,MESO,756,TCGA-3H-AB3U-01A,TCGA-3H-AB3U-01A,1.0,0.0,0.0,0.0,0.0
3,134692510,+,3,168393747,-,MESO,757,TCGA-3H-AB3U-01A,TCGA-3H-AB3U-01A,1.0,0.0,0.0,0.0,0.0
3,134793495,-,3,146108574,+,MESO,758,TCGA-3H-AB3U-01A,TCGA-3H-AB3U-01A,1.0,0.0,0.0,0.0,0.0
3,134814732,+,3,168596047,+,MESO,759,TCGA-3H-AB3U-01A,TCGA-3H-AB3U-01A,1.0,0.0,0.0,0.0,0.0
3,134823777,-,3,139365120,+,MESO,760,TCGA-3H-AB3U-01A,TCGA-3H-AB3U-01A,1.0,0.0,0.0,0.0,0.0
3,134893887,-,3,147794654,-,MESO,761,TCGA-3H-AB3U-01A,TCGA-3H-AB3U-01A,1.0,0.0,0.0,0.0,0.0
3,134906344,+,3,148253718,+,MESO,762,TCGA-3H-AB3U-01A,TCGA-3H-AB3U-01A,1.0,0.0,0.0,0.0,0.0
3,134949683,-,3,148361014,+,MESO,763,TCGA-3H-AB3U-01A,TCGA-3H-AB3U-01A,1.0,0.0,0.0,0.0,0.0
3,134952191,+,3,147357806,+,MESO,764,TCGA-3H-AB3U-01A,TCGA-3H-AB3U-01A,1.0,0.0,0.0,0.0,0.0
3,135543129,+,3,181227144,+,MESO,765,TCGA-3H-AB3U-01A,TCGA-3H-AB3U-01A,1.0,0.0,0.0,0.0,0.0
3,135545214,-,3,145156745,+,MESO,766,TCGA-3H-AB3U-01A,TCGA-3H-AB3U-01A,1.0,0.0,0.0,0.0,0.0
3,135554046,+,3,147797835,+,MESO,767,TCGA-3H-AB3U-01A,TCGA-3H-AB3U-01A,1.0,0.0,0.0,0.0,0.0
3,135560523,-,3,135671320,+,MESO,768,TCGA-3H-AB3U-01A,TCGA-3H-AB3U-01A,1.0,0.0,0.0,0.0,0.0
3,135622267,+,3,147322515,-,MESO,769,TCGA-3H-AB3U-01A,TCGA-3H-AB3U-01A,1.0,0.0,0.0,0.0,0.0
3,135646212,-,3,148784570,-,MESO,770,TCGA-3H-AB3U-01A,TCGA-3H-AB3U-01A,1.0,0.0,0.0,0.0,0.0
3,135652419,+,3,169418808,+,MESO,771,TCGA-3H-AB3U-01A,TCGA-3H-AB3U-01A,1.0,0.0,0.0,0.0,0.0
3,135655549,+,3,148786875,+,MESO,772,TCGA-3H-AB3U-01A,TCGA-3H-AB3U-01A,1.0,0.0,0.0,0.0,0.0
3,135655638,-,3,148361040,-,MESO,773,TCGA-3H-AB3U-01A,TCGA-3H-AB3U-01A,1.0,0.0,0.0,0.0,0.0
3,135671348,-,3,145735802,+,MESO,774,TCGA-3H-AB3U-01A,TCGA-3H-AB3U-01A,1.0,0.0,0.0,0.0,0.0
3,135721752,+,3,147171384,+,MESO,775,TCGA-3H-AB3U-01A,TCGA-3H-AB3U-01A,1.0,0.0,0.0,0.0,0.0
3,135915319,-,3,148389375,-,MESO,776,TCGA-3H-AB3U-01A,TCGA-3H-AB3U-01A,1.0,0.0,0.0,0.0,0.0
3,135923895,+,3,168568190,-,MESO,777,TCGA-3H-AB3U-01A,TCGA-3H-AB3U-01A,1.0,0.0,0.0,0.0,0.0
3,136031938,-,3,168421604,+,MESO,778,TCGA-3H-AB3U-01A,TCGA-3H-AB3U-01A,1.0,0.0,0.0,0.0,0.0
3,136044235,+,3,146968062,+,MESO,779,TCGA-3H-AB3U-01A,TCGA-3H-AB3U-01A,1.0,0.0,0.0,0.0,0.0
3,136164466,-,3,147454327,+,MESO,780,TCGA-3H-AB3U-01A,TCGA-3H-AB3U-01A,1.0,0.0,0.0,0.0,0.0
3,137065861,-,3,146016910,-,MESO,781,TCGA-3H-AB3U-01A,TCGA-3H-AB3U-01A,1.0,0.0,0.0,0.0,0.0
3,137093196,+,3,147445798,-,MESO,782,TCGA-3H-AB3U-01A,TCGA-3H-AB3U-01A,1.0,0.0,0.0,0.0,0.0
3,138059523,-,3,147164315,-,MESO,783,TCGA-3H-AB3U-01A,TCGA-3H-AB3U-01A,1.0,0.0,0.0,0.0,0.0
3,139375134,-,3,168421663,-,MESO,784,TCGA-3H-AB3U-01A,TCGA-3H-AB3U-01A,1.0,0.0,0.0,0.0,0.0
3,145148482,-,3,148249711,+,MESO,785,TCGA-3H-AB3U-01A,TCGA-3H-AB3U-01A,1.0,0.0,0.0,0.0,0.0
3,145666020,-,3,169757463,+,MESO,786,TCGA-3H-AB3U-01A,TCGA-3H-AB3U-01A,1.0,0.0,0.0,0.0,0.0
3,145684992,-,3,148786912,-,MESO,787,TCGA-3H-AB3U-01A,TCGA-3H-AB3U-01A,1.0,0.0,0.0,0.0,0.0
3,145685004,+,3,181286914,-,MESO,788,TCGA-3H-AB3U-01A,TCGA-3H-AB3U-01A,1.0,0.0,0.0,0.0,0.0
3,145811201,-,3,169731941,-,MESO,789,TCGA-3H-AB3U-01A,TCGA-3H-AB3U-01A,1.0,0.0,0.0,0.0,0.0
3,145830919,+,3,168446745,+,MESO,790,TCGA-3H-AB3U-01A,TCGA-3H-AB3U-01A,1.0,0.0,0.0,0.0,0.0
3,146049018,+,3,169413044,-,MESO,791,TCGA-3H-AB3U-01A,TCGA-3H-AB3U-01A,1.0,0.0,0.0,0.0,0.0
3,146051147,-,3,146815527,+,MESO,792,TCGA-3H-AB3U-01A,TCGA-3H-AB3U-01A,1.0,0.0,0.0,0.0,0.0
3,146813065,-,3,168821131,+,MESO,793,TCGA-3H-AB3U-01A,TCGA-3H-AB3U-01A,1.0,0.0,0.0,0.0,0.0
3,146967118,-,3,168618929,-,MESO,794,TCGA-3H-AB3U-01A,TCGA-3H-AB3U-01A,1.0,0.0,0.0,0.0,0.0
3,147797861,-,3,168787099,-,MESO,795,TCGA-3H-AB3U-01A,TCGA-3H-AB3U-01A,1.0,0.0,0.0,0.0,0.0
3,147809146,+,3,169206504,+,MESO,796,TCGA-3H-AB3U-01A,TCGA-3H-AB3U-01A,1.0,0.0,0.0,0.0,0.0
3,148100760,-,3,169395140,-,MESO,797,TCGA-3H-AB3U-01A,TCGA-3H-AB3U-01A,1.0,0.0,0.0,0.0,0.0
3,148354831,+,3,169196674,-,MESO,798,TCGA-3H-AB3U-01A,TCGA-3H-AB3U-01A,1.0,0.0,0.0,0.0,0.0
3,148383559,+,3,168618143,+,MESO,799,TCGA-3H-AB3U-01A,TCGA-3H-AB3U-01A,1.0,0.0,0.0,0.0,0.0
3,155039483,+,3,180669805,+,MESO,800,TCGA-3H-AB3U-01A,TCGA-3H-AB3U-01A,1.0,0.0,0.0,0.0,0.0
3,155065459,-,9,23898456,+,MESO,801,TCGA-3H-AB3U-01A,TCGA-3H-AB3U-01A,1.0,0.0,0.0,0.0,0.0
3,168149088,+,3,169556101,+,MESO,802,TCGA-3H-AB3U-01A,TCGA-3H-AB3U-01A,1.0,0.0,0.0,0.0,0.0
3,168608400,-,12,117827214,-,MESO,803,TCGA-3H-AB3U-01A,TCGA-3H-AB3U-01A,1.0,0.0,0.0,0.0,0.0
3,168623264,+,3,169523872,-,MESO,804,TCGA-3H-AB3U-01A,TCGA-3H-AB3U-01A,1.0,0.0,0.0,0.0,0.0
3,169140066,-,3,169524925,-,MESO,805,TCGA-3H-AB3U-01A,TCGA-3H-AB3U-01A,1.0,0.0,0.0,0.0,0.0
3,169171805,+,3,169692724,+,MESO,806,TCGA-3H-AB3U-01A,TCGA-3H-AB3U-01A,1.0,0.0,0.0,0.0,0.0
3,169412944,+,12,116871270,+,MESO,807,TCGA-3H-AB3U-01A,TCGA-3H-AB3U-01A,1.0,0.0,0.0,0.0,0.0
3,174868389,+,3,175983598,+,MESO,808,TCGA-3H-AB3U-01A,TCGA-3H-AB3U-01A,1.0,0.0,0.0,0.0,0.0
3,175123168,-,3,175982457,+,MESO,809,TCGA-3H-AB3U-01A,TCGA-3H-AB3U-01A,1.0,0.0,0.0,0.0,0.0
3,175545481,+,3,178972485,-,MESO,810,TCGA-3H-AB3U-01A,TCGA-3H-AB3U-01A,1.0,0.0,0.0,0.0,0.0
3,175620605,-,3,175982456,-,MESO,811,TCGA-3H-AB3U-01A,TCGA-3H-AB3U-01A,1.0,0.0,0.0,0.0,0.0
3,175625392,+,3,175679689,-,MESO,812,TCGA-3H-AB3U-01A,TCGA-3H-AB3U-01A,1.0,0.0,0.0,0.0,0.0
3,180669817,-,9,19029676,+,MESO,813,TCGA-3H-AB3U-01A,TCGA-3H-AB3U-01A,1.0,0.0,0.0,0.0,0.0
3,180669826,-,3,180669964,-,MESO,814,TCGA-3H-AB3U-01A,TCGA-3H-AB3U-01A,1.0,0.0,0.0,0.0,0.0
3,180669955,+,9,19029694,+,MESO,815,TCGA-3H-AB3U-01A,TCGA-3H-AB3U-01A,1.0,0.0,0.0,0.0,0.0
3,197066014,+,9,32552259,+,MESO,816,TCGA-3H-AB3U-01A,TCGA-3H-AB3U-01A,1.0,0.0,0.0,0.0,0.0
3,197119645,-,15,70965399,-,MESO,817,TCGA-3H-AB3U-01A,TCGA-3H-AB3U-01A,1.0,0.0,0.0,0.0,0.0
3,197157260,+,15,70960038,+,MESO,818,TCGA-3H-AB3U-01A,TCGA-3H-AB3U-01A,1.0,0.0,0.0,0.0,0.0
3,197163020,-,15,70605043,+,MESO,819,TCGA-3H-AB3U-01A,TCGA-3H-AB3U-01A,1.0,0.0,0.0,0.0,0.0
4,41089210,+,4,41133198,-,MESO,820,TCGA-3H-AB3U-01A,TCGA-3H-AB3U-01A,1.0,0.0,0.0,0.0,0.0
4,63797371,-,4,95906005,-,MESO,821,TCGA-3H-AB3U-01A,TCGA-3H-AB3U-01A,1.0,0.0,0.0,0.0,0.0
4,63797374,+,4,95906017,+,MESO,822,TCGA-3H-AB3U-01A,TCGA-3H-AB3U-01A,1.0,0.0,0.0,0.0,0.0
4,67077274,+,4,67081623,-,MESO,823,TCGA-3H-AB3U-01A,TCGA-3H-AB3U-01A,1.0,0.0,0.0,0.0,0.0
4,161696541,+,4,161705106,-,MESO,824,TCGA-3H-AB3U-01A,TCGA-3H-AB3U-01A,1.0,0.0,0.0,0.0,0.0
5,46539065,-,5,46550454,+,MESO,825,TCGA-3H-AB3U-01A,TCGA-3H-AB3U-01A,1.0,0.0,0.0,0.0,0.0
5,49808305,+,5,49916126,-,MESO,826,TCGA-3H-AB3U-01A,TCGA-3H-AB3U-01A,1.0,0.0,0.0,0.0,0.0
6,150468461,+,6,151039610,-,MESO,827,TCGA-3H-AB3U-01A,TCGA-3H-AB3U-01A,1.0,0.0,0.0,0.0,0.0
7,7026545,+,7,7049207,-,MESO,828,TCGA-3H-AB3U-01A,TCGA-3H-AB3U-01A,1.0,0.0,0.0,0.0,0.0
7,97308622,+,7,97365546,-,MESO,829,TCGA-3H-AB3U-01A,TCGA-3H-AB3U-01A,1.0,0.0,0.0,0.0,0.0
7,97684071,+,7,98275655,-,MESO,830,TCGA-3H-AB3U-01A,TCGA-3H-AB3U-01A,1.0,0.0,0.0,0.0,0.0
7,123495757,+,7,158368435,-,MESO,831,TCGA-3H-AB3U-01A,TCGA-3H-AB3U-01A,1.0,0.0,0.0,0.0,0.0
8,15695587,-,8,16379874,-,MESO,832,TCGA-3H-AB3U-01A,TCGA-3H-AB3U-01A,1.0,0.0,0.0,0.0,0.0
9,19029625,-,9,23898767,-,MESO,833,TCGA-3H-AB3U-01A,TCGA-3H-AB3U-01A,1.0,0.0,0.0,0.0,0.0
9,32557959,-,15,72230751,+,MESO,834,TCGA-3H-AB3U-01A,TCGA-3H-AB3U-01A,1.0,0.0,0.0,0.0,0.0
9,41023812,-,15,70512231,-,MESO,835,TCGA-3H-AB3U-01A,TCGA-3H-AB3U-01A,1.0,0.0,0.0,0.0,0.0
9,122560402,-,19,11750577,+,MESO,836,TCGA-3H-AB3U-01A,TCGA-3H-AB3U-01A,1.0,0.0,0.0,0.0,0.0
24,8708077,-,24,8827930,+,MESO,837,TCGA-3H-AB3U-01A,TCGA-3H-AB3U-01A,1.0,0.0,0.0,0.0,0.0
1,15413721,+,1,15421461,-,MESO,838,TCGA-3U-A98D-01A,TCGA-3U-A98D-01A,1.0,0.0,0.0,0.0,0.0
1,68668601,+,1,101635781,-,MESO,839,TCGA-3U-A98D-01A,TCGA-3U-A98D-01A,1.0,0.0,0.0,0.0,0.0
1,78620115,-,1,103995273,-,MESO,840,TCGA-3U-A98D-01A,TCGA-3U-A98D-01A,1.0,0.0,0.0,0.0,0.0
1,78620115,+,1,104019089,-,MESO,841,TCGA-3U-A98D-01A,TCGA-3U-A98D-01A,1.0,0.0,0.0,0.0,0.0
1,96522671,+,1,96729621,-,MESO,842,TCGA-3U-A98D-01A,TCGA-3U-A98D-01A,1.0,0.0,0.0,0.0,0.0
1,101497436,+,8,133313458,-,MESO,843,TCGA-3U-A98D-01A,TCGA-3U-A98D-01A,1.0,0.0,0.0,0.0,0.0
1,101911676,+,9,119442200,-,MESO,844,TCGA-3U-A98D-01A,TCGA-3U-A98D-01A,1.0,0.0,0.0,0.0,0.0
1,101913920,-,9,119436268,+,MESO,845,TCGA-3U-A98D-01A,TCGA-3U-A98D-01A,1.0,0.0,0.0,0.0,0.0
1,103995112,+,4,54834896,+,MESO,846,TCGA-3U-A98D-01A,TCGA-3U-A98D-01A,1.0,0.0,0.0,0.0,0.0
1,104019076,+,4,54870702,-,MESO,847,TCGA-3U-A98D-01A,TCGA-3U-A98D-01A,1.0,0.0,0.0,0.0,0.0
1,122076270,-,1,122122150,+,MESO,848,TCGA-3U-A98D-01A,TCGA-3U-A98D-01A,1.0,0.0,0.0,0.0,0.0
1,124808966,-,1,124813498,+,MESO,849,TCGA-3U-A98D-01A,TCGA-3U-A98D-01A,1.0,0.0,0.0,0.0,0.0
1,144407877,-,1,145276533,+,MESO,850,TCGA-3U-A98D-01A,TCGA-3U-A98D-01A,1.0,0.0,0.0,0.0,0.0
1,149889315,+,18,53789411,+,MESO,851,TCGA-3U-A98D-01A,TCGA-3U-A98D-01A,1.0,0.0,0.0,0.0,0.0
1,149893828,-,1,165657867,+,MESO,852,TCGA-3U-A98D-01A,TCGA-3U-A98D-01A,1.0,0.0,0.0,0.0,0.0
1,149904847,-,1,149999604,-,MESO,853,TCGA-3U-A98D-01A,TCGA-3U-A98D-01A,1.0,0.0,0.0,0.0,0.0
1,149904847,+,12,43434737,+,MESO,854,TCGA-3U-A98D-01A,TCGA-3U-A98D-01A,1.0,0.0,0.0,0.0,0.0
1,149999607,+,12,45931427,+,MESO,855,TCGA-3U-A98D-01A,TCGA-3U-A98D-01A,1.0,0.0,0.0,0.0,0.0
1,154234231,+,1,154321382,-,MESO,856,TCGA-3U-A98D-01A,TCGA-3U-A98D-01A,1.0,0.0,0.0,0.0,0.0
1,159954849,+,20,234251,+,MESO,857,TCGA-3U-A98D-01A,TCGA-3U-A98D-01A,1.0,0.0,0.0,0.0,0.0
1,160070766,-,18,38731956,+,MESO,858,TCGA-3U-A98D-01A,TCGA-3U-A98D-01A,1.0,0.0,0.0,0.0,0.0
1,160399422,+,12,47359637,-,MESO,859,TCGA-3U-A98D-01A,TCGA-3U-A98D-01A,1.0,0.0,0.0,0.0,0.0
1,160949380,-,18,54306359,-,MESO,860,TCGA-3U-A98D-01A,TCGA-3U-A98D-01A,1.0,0.0,0.0,0.0,0.0
1,164529929,+,20,25100725,+,MESO,861,TCGA-3U-A98D-01A,TCGA-3U-A98D-01A,1.0,0.0,0.0,0.0,0.0
1,164563051,-,1,187932254,-,MESO,862,TCGA-3U-A98D-01A,TCGA-3U-A98D-01A,1.0,0.0,0.0,0.0,0.0
1,164573636,+,1,188228131,-,MESO,863,TCGA-3U-A98D-01A,TCGA-3U-A98D-01A,1.0,0.0,0.0,0.0,0.0
1,165430549,-,20,8905202,-,MESO,864,TCGA-3U-A98D-01A,TCGA-3U-A98D-01A,1.0,0.0,0.0,0.0,0.0
1,176848506,-,20,23205857,-,MESO,865,TCGA-3U-A98D-01A,TCGA-3U-A98D-01A,1.0,0.0,0.0,0.0,0.0
1,187932206,+,18,53465178,+,MESO,866,TCGA-3U-A98D-01A,TCGA-3U-A98D-01A,1.0,0.0,0.0,0.0,0.0
1,187934558,+,18,36803294,-,MESO,867,TCGA-3U-A98D-01A,TCGA-3U-A98D-01A,1.0,0.0,0.0,0.0,0.0
1,189034821,+,20,25300069,-,MESO,868,TCGA-3U-A98D-01A,TCGA-3U-A98D-01A,1.0,0.0,0.0,0.0,0.0
1,189493370,-,18,37075162,+,MESO,869,TCGA-3U-A98D-01A,TCGA-3U-A98D-01A,1.0,0.0,0.0,0.0,0.0
1,192418710,+,18,37582950,-,MESO,870,TCGA-3U-A98D-01A,TCGA-3U-A98D-01A,1.0,0.0,0.0,0.0,0.0
1,193138957,-,12,46275054,-,MESO,871,TCGA-3U-A98D-01A,TCGA-3U-A98D-01A,1.0,0.0,0.0,0.0,0.0
1,215565016,-,1,248174540,-,MESO,872,TCGA-3U-A98D-01A,TCGA-3U-A98D-01A,1.0,0.0,0.0,0.0,0.0
1,215568639,-,1,242861890,-,MESO,873,TCGA-3U-A98D-01A,TCGA-3U-A98D-01A,1.0,0.0,0.0,0.0,0.0
1,217894974,+,1,217994519,-,MESO,874,TCGA-3U-A98D-01A,TCGA-3U-A98D-01A,1.0,0.0,0.0,0.0,0.0
1,236905493,+,18,34526985,-,MESO,875,TCGA-3U-A98D-01A,TCGA-3U-A98D-01A,1.0,0.0,0.0,0.0,0.0
1,239303551,-,13,104149469,+,MESO,876,TCGA-3U-A98D-01A,TCGA-3U-A98D-01A,1.0,0.0,0.0,0.0,0.0
1,239931991,+,1,247803454,+,MESO,877,TCGA-3U-A98D-01A,TCGA-3U-A98D-01A,1.0,0.0,0.0,0.0,0.0
1,242055453,+,18,34492595,-,MESO,878,TCGA-3U-A98D-01A,TCGA-3U-A98D-01A,1.0,0.0,0.0,0.0,0.0
1,242055464,-,1,242881397,-,MESO,879,TCGA-3U-A98D-01A,TCGA-3U-A98D-01A,1.0,0.0,0.0,0.0,0.0
1,242060853,+,1,242467785,-,MESO,880,TCGA-3U-A98D-01A,TCGA-3U-A98D-01A,1.0,0.0,0.0,0.0,0.0
1,242780522,+,1,242881379,+,MESO,881,TCGA-3U-A98D-01A,TCGA-3U-A98D-01A,1.0,0.0,0.0,0.0,0.0
1,248174485,+,18,34493031,+,MESO,882,TCGA-3U-A98D-01A,TCGA-3U-A98D-01A,1.0,0.0,0.0,0.0,0.0
10,1419780,+,10,1422465,-,MESO,883,TCGA-3U-A98D-01A,TCGA-3U-A98D-01A,1.0,0.0,0.0,0.0,0.0
10,87573879,-,20,53753671,+,MESO,884,TCGA-3U-A98D-01A,TCGA-3U-A98D-01A,1.0,0.0,0.0,0.0,0.0
10,87573881,+,10,98392048,+,MESO,885,TCGA-3U-A98D-01A,TCGA-3U-A98D-01A,1.0,0.0,0.0,0.0,0.0
10,89262383,-,20,54541751,-,MESO,886,TCGA-3U-A98D-01A,TCGA-3U-A98D-01A,1.0,0.0,0.0,0.0,0.0
10,95129247,-,10,106700289,-,MESO,887,TCGA-3U-A98D-01A,TCGA-3U-A98D-01A,1.0,0.0,0.0,0.0,0.0
10,96157359,+,10,96158667,+,MESO,888,TCGA-3U-A98D-01A,TCGA-3U-A98D-01A,1.0,0.0,0.0,0.0,0.0
10,98506617,-,20,53729836,+,MESO,889,TCGA-3U-A98D-01A,TCGA-3U-A98D-01A,1.0,0.0,0.0,0.0,0.0
10,117432655,+,10,117490049,-,MESO,890,TCGA-3U-A98D-01A,TCGA-3U-A98D-01A,1.0,0.0,0.0,0.0,0.0
10,120759682,+,10,120763960,-,MESO,891,TCGA-3U-A98D-01A,TCGA-3U-A98D-01A,1.0,0.0,0.0,0.0,0.0
11,2153749,-,11,2184557,-,MESO,892,TCGA-3U-A98D-01A,TCGA-3U-A98D-01A,1.0,0.0,0.0,0.0,0.0
11,2178293,+,11,2185762,+,MESO,893,TCGA-3U-A98D-01A,TCGA-3U-A98D-01A,1.0,0.0,0.0,0.0,0.0
11,21610849,+,11,21614781,-,MESO,894,TCGA-3U-A98D-01A,TCGA-3U-A98D-01A,1.0,0.0,0.0,0.0,0.0
11,48170926,+,11,48391807,+,MESO,895,TCGA-3U-A98D-01A,TCGA-3U-A98D-01A,1.0,0.0,0.0,0.0,0.0
11,48388161,-,11,49229439,+,MESO,896,TCGA-3U-A98D-01A,TCGA-3U-A98D-01A,1.0,0.0,0.0,0.0,0.0
11,48390074,+,11,49230201,-,MESO,897,TCGA-3U-A98D-01A,TCGA-3U-A98D-01A,1.0,0.0,0.0,0.0,0.0
11,48390690,-,11,48463243,+,MESO,898,TCGA-3U-A98D-01A,TCGA-3U-A98D-01A,1.0,0.0,0.0,0.0,0.0
11,48460567,-,11,49227220,-,MESO,899,TCGA-3U-A98D-01A,TCGA-3U-A98D-01A,1.0,0.0,0.0,0.0,0.0
11,54390950,+,11,54409058,-,MESO,900,TCGA-3U-A98D-01A,TCGA-3U-A98D-01A,1.0,0.0,0.0,0.0,0.0
11,60721025,+,11,60724659,-,MESO,901,TCGA-3U-A98D-01A,TCGA-3U-A98D-01A,1.0,0.0,0.0,0.0,0.0
11,96183876,+,11,96202935,-,MESO,902,TCGA-3U-A98D-01A,TCGA-3U-A98D-01A,1.0,0.0,0.0,0.0,0.0
11,107586390,+,11,115442531,-,MESO,903,TCGA-3U-A98D-01A,TCGA-3U-A98D-01A,1.0,0.0,0.0,0.0,0.0
11,107615567,-,11,107648441,-,MESO,904,TCGA-3U-A98D-01A,TCGA-3U-A98D-01A,1.0,0.0,0.0,0.0,0.0
11,107617576,+,11,129484180,+,MESO,905,TCGA-3U-A98D-01A,TCGA-3U-A98D-01A,1.0,0.0,0.0,0.0,0.0
11,107647034,-,11,107651085,+,MESO,906,TCGA-3U-A98D-01A,TCGA-3U-A98D-01A,1.0,0.0,0.0,0.0,0.0
11,107648302,+,11,107649219,+,MESO,907,TCGA-3U-A98D-01A,TCGA-3U-A98D-01A,1.0,0.0,0.0,0.0,0.0
11,107649312,-,11,115437655,-,MESO,908,TCGA-3U-A98D-01A,TCGA-3U-A98D-01A,1.0,0.0,0.0,0.0,0.0
11,112128923,+,11,112132472,+,MESO,909,TCGA-3U-A98D-01A,TCGA-3U-A98D-01A,1.0,0.0,0.0,0.0,0.0
11,112128989,-,11,132378836,+,MESO,910,TCGA-3U-A98D-01A,TCGA-3U-A98D-01A,1.0,0.0,0.0,0.0,0.0
11,112300950,-,11,131706165,+,MESO,911,TCGA-3U-A98D-01A,TCGA-3U-A98D-01A,1.0,0.0,0.0,0.0,0.0
11,114403549,+,11,132505749,-,MESO,912,TCGA-3U-A98D-01A,TCGA-3U-A98D-01A,1.0,0.0,0.0,0.0,0.0
11,114695919,-,11,132367656,-,MESO,913,TCGA-3U-A98D-01A,TCGA-3U-A98D-01A,1.0,0.0,0.0,0.0,0.0
11,115438451,+,11,129515711,-,MESO,914,TCGA-3U-A98D-01A,TCGA-3U-A98D-01A,1.0,0.0,0.0,0.0,0.0
11,115439800,-,11,129526526,-,MESO,915,TCGA-3U-A98D-01A,TCGA-3U-A98D-01A,1.0,0.0,0.0,0.0,0.0
11,115442469,+,11,129526437,+,MESO,916,TCGA-3U-A98D-01A,TCGA-3U-A98D-01A,1.0,0.0,0.0,0.0,0.0
12,7230292,+,12,7710355,-,MESO,917,TCGA-3U-A98D-01A,TCGA-3U-A98D-01A,1.0,0.0,0.0,0.0,0.0
12,38771592,+,12,38774651,-,MESO,918,TCGA-3U-A98D-01A,TCGA-3U-A98D-01A,1.0,0.0,0.0,0.0,0.0
12,43385638,+,12,46840305,+,MESO,919,TCGA-3U-A98D-01A,TCGA-3U-A98D-01A,1.0,0.0,0.0,0.0,0.0
12,44035218,-,12,47401875,-,MESO,920,TCGA-3U-A98D-01A,TCGA-3U-A98D-01A,1.0,0.0,0.0,0.0,0.0
12,45068398,-,18,53252841,+,MESO,921,TCGA-3U-A98D-01A,TCGA-3U-A98D-01A,1.0,0.0,0.0,0.0,0.0
12,45078822,+,12,45799331,-,MESO,922,TCGA-3U-A98D-01A,TCGA-3U-A98D-01A,1.0,0.0,0.0,0.0,0.0
12,45199801,+,12,46820006,-,MESO,923,TCGA-3U-A98D-01A,TCGA-3U-A98D-01A,1.0,0.0,0.0,0.0,0.0
12,45949996,+,12,46980501,+,MESO,924,TCGA-3U-A98D-01A,TCGA-3U-A98D-01A,1.0,0.0,0.0,0.0,0.0
12,63894596,-,12,64103699,+,MESO,925,TCGA-3U-A98D-01A,TCGA-3U-A98D-01A,1.0,0.0,0.0,0.0,0.0
12,78105013,+,12,78981966,+,MESO,926,TCGA-3U-A98D-01A,TCGA-3U-A98D-01A,1.0,0.0,0.0,0.0,0.0
12,78105921,-,12,78120063,+,MESO,927,TCGA-3U-A98D-01A,TCGA-3U-A98D-01A,1.0,0.0,0.0,0.0,0.0
12,78113276,+,12,78359821,-,MESO,928,TCGA-3U-A98D-01A,TCGA-3U-A98D-01A,1.0,0.0,0.0,0.0,0.0
12,78113293,-,12,78127656,-,MESO,929,TCGA-3U-A98D-01A,TCGA-3U-A98D-01A,1.0,0.0,0.0,0.0,0.0
12,78119298,+,12,78294282,+,MESO,930,TCGA-3U-A98D-01A,TCGA-3U-A98D-01A,1.0,0.0,0.0,0.0,0.0
12,78119325,-,12,78294419,-,MESO,931,TCGA-3U-A98D-01A,TCGA-3U-A98D-01A,1.0,0.0,0.0,0.0,0.0
12,78131674,+,12,78147929,+,MESO,932,TCGA-3U-A98D-01A,TCGA-3U-A98D-01A,1.0,0.0,0.0,0.0,0.0
12,78131742,-,12,79020497,+,MESO,933,TCGA-3U-A98D-01A,TCGA-3U-A98D-01A,1.0,0.0,0.0,0.0,0.0
12,78148033,-,12,78987157,-,MESO,934,TCGA-3U-A98D-01A,TCGA-3U-A98D-01A,1.0,0.0,0.0,0.0,0.0
12,78150770,+,12,78275732,-,MESO,935,TCGA-3U-A98D-01A,TCGA-3U-A98D-01A,1.0,0.0,0.0,0.0,0.0
12,78150998,-,12,78932466,+,MESO,936,TCGA-3U-A98D-01A,TCGA-3U-A98D-01A,1.0,0.0,0.0,0.0,0.0
12,78275674,+,12,78331063,-,MESO,937,TCGA-3U-A98D-01A,TCGA-3U-A98D-01A,1.0,0.0,0.0,0.0,0.0
12,78293343,+,12,78329903,+,MESO,938,TCGA-3U-A98D-01A,TCGA-3U-A98D-01A,1.0,0.0,0.0,0.0,0.0
12,78293407,-,12,78358670,+,MESO,939,TCGA-3U-A98D-01A,TCGA-3U-A98D-01A,1.0,0.0,0.0,0.0,0.0
12,78353408,+,12,78358710,-,MESO,940,TCGA-3U-A98D-01A,TCGA-3U-A98D-01A,1.0,0.0,0.0,0.0,0.0
12,78353481,-,12,78954637,-,MESO,941,TCGA-3U-A98D-01A,TCGA-3U-A98D-01A,1.0,0.0,0.0,0.0,0.0
12,78359628,+,12,78954591,+,MESO,942,TCGA-3U-A98D-01A,TCGA-3U-A98D-01A,1.0,0.0,0.0,0.0,0.0
12,78935568,-,12,101552489,-,MESO,943,TCGA-3U-A98D-01A,TCGA-3U-A98D-01A,1.0,0.0,0.0,0.0,0.0
12,83690203,+,12,83755740,-,MESO,944,TCGA-3U-A98D-01A,TCGA-3U-A98D-01A,1.0,0.0,0.0,0.0,0.0
12,132117717,+,12,132132163,-,MESO,945,TCGA-3U-A98D-01A,TCGA-3U-A98D-01A,1.0,0.0,0.0,0.0,0.0
13,53344499,+,13,53426746,-,MESO,946,TCGA-3U-A98D-01A,TCGA-3U-A98D-01A,1.0,0.0,0.0,0.0,0.0
13,87821651,+,13,90842414,-,MESO,947,TCGA-3U-A98D-01A,TCGA-3U-A98D-01A,1.0,0.0,0.0,0.0,0.0
13,104391437,-,18,34543407,+,MESO,948,TCGA-3U-A98D-01A,TCGA-3U-A98D-01A,1.0,0.0,0.0,0.0,0.0
13,104391563,-,18,34492558,+,MESO,949,TCGA-3U-A98D-01A,TCGA-3U-A98D-01A,1.0,0.0,0.0,0.0,0.0
14,23279421,+,14,23299157,-,MESO,950,TCGA-3U-A98D-01A,TCGA-3U-A98D-01A,1.0,0.0,0.0,0.0,0.0
14,28936397,+,23,139155492,-,MESO,951,TCGA-3U-A98D-01A,TCGA-3U-A98D-01A,1.0,0.0,0.0,0.0,0.0
14,28940487,-,23,139133925,+,MESO,952,TCGA-3U-A98D-01A,TCGA-3U-A98D-01A,1.0,0.0,0.0,0.0,0.0
14,55983804,+,14,55993934,-,MESO,953,TCGA-3U-A98D-01A,TCGA-3U-A98D-01A,1.0,0.0,0.0,0.0,0.0
15,19839635,-,15,80695326,-,MESO,954,TCGA-3U-A98D-01A,TCGA-3U-A98D-01A,1.0,0.0,0.0,0.0,0.0
15,19854601,+,15,79368884,+,MESO,955,TCGA-3U-A98D-01A,TCGA-3U-A98D-01A,1.0,0.0,0.0,0.0,0.0
15,27785845,+,15,27902782,-,MESO,956,TCGA-3U-A98D-01A,TCGA-3U-A98D-01A,1.0,0.0,0.0,0.0,0.0
15,29077000,+,15,29084697,-,MESO,957,TCGA-3U-A98D-01A,TCGA-3U-A98D-01A,1.0,0.0,0.0,0.0,0.0
15,30582204,+,15,43826951,-,MESO,958,TCGA-3U-A98D-01A,TCGA-3U-A98D-01A,1.0,0.0,0.0,0.0,0.0
15,79524588,+,15,79634827,-,MESO,959,TCGA-3U-A98D-01A,TCGA-3U-A98D-01A,1.0,0.0,0.0,0.0,0.0
15,79648317,+,15,80612525,-,MESO,960,TCGA-3U-A98D-01A,TCGA-3U-A98D-01A,1.0,0.0,0.0,0.0,0.0
15,80775764,+,15,81330409,+,MESO,961,TCGA-3U-A98D-01A,TCGA-3U-A98D-01A,1.0,0.0,0.0,0.0,0.0
15,80775831,-,15,81357406,-,MESO,962,TCGA-3U-A98D-01A,TCGA-3U-A98D-01A,1.0,0.0,0.0,0.0,0.0
15,99108445,+,15,99140849,-,MESO,963,TCGA-3U-A98D-01A,TCGA-3U-A98D-01A,1.0,0.0,0.0,0.0,0.0
16,10207153,-,16,10207361,-,MESO,964,TCGA-3U-A98D-01A,TCGA-3U-A98D-01A,1.0,0.0,0.0,0.0,0.0
16,20352945,+,16,20356352,-,MESO,965,TCGA-3U-A98D-01A,TCGA-3U-A98D-01A,1.0,0.0,0.0,0.0,0.0
16,66869697,+,16,66889168,-,MESO,966,TCGA-3U-A98D-01A,TCGA-3U-A98D-01A,1.0,0.0,0.0,0.0,0.0
17,22929946,-,17,23176205,+,MESO,967,TCGA-3U-A98D-01A,TCGA-3U-A98D-01A,1.0,0.0,0.0,0.0,0.0
17,38860479,+,17,38861047,-,MESO,968,TCGA-3U-A98D-01A,TCGA-3U-A98D-01A,1.0,0.0,0.0,0.0,0.0
17,61108028,+,17,62054533,-,MESO,969,TCGA-3U-A98D-01A,TCGA-3U-A98D-01A,1.0,0.0,0.0,0.0,0.0
18,15731822,+,18,15743527,-,MESO,970,TCGA-3U-A98D-01A,TCGA-3U-A98D-01A,1.0,0.0,0.0,0.0,0.0
18,34535868,+,18,34543431,-,MESO,971,TCGA-3U-A98D-01A,TCGA-3U-A98D-01A,1.0,0.0,0.0,0.0,0.0
18,36086441,+,20,11570192,-,MESO,972,TCGA-3U-A98D-01A,TCGA-3U-A98D-01A,1.0,0.0,0.0,0.0,0.0
18,36294225,-,18,36890377,-,MESO,973,TCGA-3U-A98D-01A,TCGA-3U-A98D-01A,1.0,0.0,0.0,0.0,0.0
18,36750404,+,18,41619345,-,MESO,974,TCGA-3U-A98D-01A,TCGA-3U-A98D-01A,1.0,0.0,0.0,0.0,0.0
18,44327416,+,18,44545144,-,MESO,975,TCGA-3U-A98D-01A,TCGA-3U-A98D-01A,1.0,0.0,0.0,0.0,0.0
18,51439951,+,20,6618605,+,MESO,976,TCGA-3U-A98D-01A,TCGA-3U-A98D-01A,1.0,0.0,0.0,0.0,0.0
18,51704599,-,20,7297831,-,MESO,977,TCGA-3U-A98D-01A,TCGA-3U-A98D-01A,1.0,0.0,0.0,0.0,0.0
18,53459752,-,18,53800426,+,MESO,978,TCGA-3U-A98D-01A,TCGA-3U-A98D-01A,1.0,0.0,0.0,0.0,0.0
18,53784593,-,20,8624775,+,MESO,979,TCGA-3U-A98D-01A,TCGA-3U-A98D-01A,1.0,0.0,0.0,0.0,0.0
18,53789429,-,20,10468870,+,MESO,980,TCGA-3U-A98D-01A,TCGA-3U-A98D-01A,1.0,0.0,0.0,0.0,0.0
18,70631988,+,18,70649131,-,MESO,981,TCGA-3U-A98D-01A,TCGA-3U-A98D-01A,1.0,0.0,0.0,0.0,0.0
18,71137928,+,18,71154078,-,MESO,982,TCGA-3U-A98D-01A,TCGA-3U-A98D-01A,1.0,0.0,0.0,0.0,0.0
19,18033381,-,19,18121430,+,MESO,983,TCGA-3U-A98D-01A,TCGA-3U-A98D-01A,1.0,0.0,0.0,0.0,0.0
19,20801853,+,19,20811784,-,MESO,984,TCGA-3U-A98D-01A,TCGA-3U-A98D-01A,1.0,0.0,0.0,0.0,0.0
2,31202460,+,2,31206443,-,MESO,985,TCGA-3U-A98D-01A,TCGA-3U-A98D-01A,1.0,0.0,0.0,0.0,0.0
2,99870893,-,17,1212612,-,MESO,986,TCGA-3U-A98D-01A,TCGA-3U-A98D-01A,1.0,0.0,0.0,0.0,0.0
2,112122508,+,2,126291465,+,MESO,987,TCGA-3U-A98D-01A,TCGA-3U-A98D-01A,1.0,0.0,0.0,0.0,0.0
2,112559115,-,2,126280032,-,MESO,988,TCGA-3U-A98D-01A,TCGA-3U-A98D-01A,1.0,0.0,0.0,0.0,0.0
2,125981414,+,2,126291892,-,MESO,989,TCGA-3U-A98D-01A,TCGA-3U-A98D-01A,1.0,0.0,0.0,0.0,0.0
2,126286526,+,2,187754258,+,MESO,990,TCGA-3U-A98D-01A,TCGA-3U-A98D-01A,1.0,0.0,0.0,0.0,0.0
2,126290489,-,2,187758326,-,MESO,991,TCGA-3U-A98D-01A,TCGA-3U-A98D-01A,1.0,0.0,0.0,0.0,0.0
2,151356878,+,2,151374769,-,MESO,992,TCGA-3U-A98D-01A,TCGA-3U-A98D-01A,1.0,0.0,0.0,0.0,0.0
2,163156326,+,2,163159647,-,MESO,993,TCGA-3U-A98D-01A,TCGA-3U-A98D-01A,1.0,0.0,0.0,0.0,0.0
2,164478946,+,2,164509921,+,MESO,994,TCGA-3U-A98D-01A,TCGA-3U-A98D-01A,1.0,0.0,0.0,0.0,0.0
2,164481129,-,2,164510909,-,MESO,995,TCGA-3U-A98D-01A,TCGA-3U-A98D-01A,1.0,0.0,0.0,0.0,0.0
2,164481489,+,2,164518460,-,MESO,996,TCGA-3U-A98D-01A,TCGA-3U-A98D-01A,1.0,0.0,0.0,0.0,0.0
2,164481722,-,2,164511344,+,MESO,997,TCGA-3U-A98D-01A,TCGA-3U-A98D-01A,1.0,0.0,0.0,0.0,0.0
2,164510910,-,2,164518461,-,MESO,998,TCGA-3U-A98D-01A,TCGA-3U-A98D-01A,1.0,0.0,0.0,0.0,0.0
2,187450091,+,2,187687030,-,MESO,999,TCGA-3U-A98D-01A,TCGA-3U-A98D-01A,1.0,0.0,0.0,0.0,0.0
2,187699048,+,2,187710813,+,MESO,1000,TCGA-3U-A98D-01A,TCGA-3U-A98D-01A,1.0,0.0,0.0,0.0,0.0
2,187708413,-,2,187716576,-,MESO,1001,TCGA-3U-A98D-01A,TCGA-3U-A98D-01A,1.0,0.0,0.0,0.0,0.0
2,188000454,+,2,188110183,+,MESO,1002,TCGA-3U-A98D-01A,TCGA-3U-A98D-01A,1.0,0.0,0.0,0.0,0.0
2,188000591,-,2,188110201,-,MESO,1003,TCGA-3U-A98D-01A,TCGA-3U-A98D-01A,1.0,0.0,0.0,0.0,0.0
20,1469319,-,20,22324527,+,MESO,1004,TCGA-3U-A98D-01A,TCGA-3U-A98D-01A,1.0,0.0,0.0,0.0,0.0
20,16655462,+,20,17362124,+,MESO,1005,TCGA-3U-A98D-01A,TCGA-3U-A98D-01A,1.0,0.0,0.0,0.0,0.0
20,17310514,-,20,18125616,-,MESO,1006,TCGA-3U-A98D-01A,TCGA-3U-A98D-01A,1.0,0.0,0.0,0.0,0.0
20,53743005,-,20,53753689,-,MESO,1007,TCGA-3U-A98D-01A,TCGA-3U-A98D-01A,1.0,0.0,0.0,0.0,0.0
20,57601952,+,20,58210501,-,MESO,1008,TCGA-3U-A98D-01A,TCGA-3U-A98D-01A,1.0,0.0,0.0,0.0,0.0
20,57601952,+,20,58824165,+,MESO,1009,TCGA-3U-A98D-01A,TCGA-3U-A98D-01A,1.0,0.0,0.0,0.0,0.0
20,58210684,+,20,58824165,+,MESO,1010,TCGA-3U-A98D-01A,TCGA-3U-A98D-01A,1.0,0.0,0.0,0.0,0.0
20,58212068,-,23,30070403,-,MESO,1011,TCGA-3U-A98D-01A,TCGA-3U-A98D-01A,1.0,0.0,0.0,0.0,0.0
20,58212529,+,23,32972843,+,MESO,1012,TCGA-3U-A98D-01A,TCGA-3U-A98D-01A,1.0,0.0,0.0,0.0,0.0
20,58220032,-,20,58898756,+,MESO,1013,TCGA-3U-A98D-01A,TCGA-3U-A98D-01A,1.0,0.0,0.0,0.0,0.0
20,58705080,+,20,58897729,+,MESO,1014,TCGA-3U-A98D-01A,TCGA-3U-A98D-01A,1.0,0.0,0.0,0.0,0.0
20,58818409,-,23,32963672,-,MESO,1015,TCGA-3U-A98D-01A,TCGA-3U-A98D-01A,1.0,0.0,0.0,0.0,0.0
20,58824200,-,20,58961793,+,MESO,1016,TCGA-3U-A98D-01A,TCGA-3U-A98D-01A,1.0,0.0,0.0,0.0,0.0
20,58897802,-,23,33576842,-,MESO,1017,TCGA-3U-A98D-01A,TCGA-3U-A98D-01A,1.0,0.0,0.0,0.0,0.0
20,58960721,-,23,30003898,+,MESO,1018,TCGA-3U-A98D-01A,TCGA-3U-A98D-01A,1.0,0.0,0.0,0.0,0.0
20,58961837,-,23,30004885,-,MESO,1019,TCGA-3U-A98D-01A,TCGA-3U-A98D-01A,1.0,0.0,0.0,0.0,0.0
21,14533602,+,21,14552417,-,MESO,1020,TCGA-3U-A98D-01A,TCGA-3U-A98D-01A,1.0,0.0,0.0,0.0,0.0
21,20478584,+,21,20515713,-,MESO,1021,TCGA-3U-A98D-01A,TCGA-3U-A98D-01A,1.0,0.0,0.0,0.0,0.0
22,16548191,-,22,22266097,-,MESO,1022,TCGA-3U-A98D-01A,TCGA-3U-A98D-01A,1.0,0.0,0.0,0.0,0.0
22,16900926,+,22,17165490,-,MESO,1023,TCGA-3U-A98D-01A,TCGA-3U-A98D-01A,1.0,0.0,0.0,0.0,0.0
22,17066075,-,22,17166846,+,MESO,1024,TCGA-3U-A98D-01A,TCGA-3U-A98D-01A,1.0,0.0,0.0,0.0,0.0
22,29625321,-,22,29659159,+,MESO,1025,TCGA-3U-A98D-01A,TCGA-3U-A98D-01A,1.0,0.0,0.0,0.0,0.0
3,16791457,+,3,18762417,+,MESO,1026,TCGA-3U-A98D-01A,TCGA-3U-A98D-01A,1.0,0.0,0.0,0.0,0.0
3,17741644,+,3,17753795,-,MESO,1027,TCGA-3U-A98D-01A,TCGA-3U-A98D-01A,1.0,0.0,0.0,0.0,0.0
3,29168513,+,3,29182219,-,MESO,1028,TCGA-3U-A98D-01A,TCGA-3U-A98D-01A,1.0,0.0,0.0,0.0,0.0
3,29196710,+,3,29205999,-,MESO,1029,TCGA-3U-A98D-01A,TCGA-3U-A98D-01A,1.0,0.0,0.0,0.0,0.0
3,29204257,-,3,76540031,-,MESO,1030,TCGA-3U-A98D-01A,TCGA-3U-A98D-01A,1.0,0.0,0.0,0.0,0.0
3,29205892,+,3,29234461,-,MESO,1031,TCGA-3U-A98D-01A,TCGA-3U-A98D-01A,1.0,0.0,0.0,0.0,0.0
3,29231605,+,3,29244752,-,MESO,1032,TCGA-3U-A98D-01A,TCGA-3U-A98D-01A,1.0,0.0,0.0,0.0,0.0
3,29235181,+,3,76539111,+,MESO,1033,TCGA-3U-A98D-01A,TCGA-3U-A98D-01A,1.0,0.0,0.0,0.0,0.0
3,50243541,+,3,50249552,-,MESO,1034,TCGA-3U-A98D-01A,TCGA-3U-A98D-01A,1.0,0.0,0.0,0.0,0.0
3,70050294,+,3,70051484,-,MESO,1035,TCGA-3U-A98D-01A,TCGA-3U-A98D-01A,1.0,0.0,0.0,0.0,0.0
3,76536598,+,3,76541798,+,MESO,1036,TCGA-3U-A98D-01A,TCGA-3U-A98D-01A,1.0,0.0,0.0,0.0,0.0
3,76538037,-,3,76542712,-,MESO,1037,TCGA-3U-A98D-01A,TCGA-3U-A98D-01A,1.0,0.0,0.0,0.0,0.0
3,90944925,-,3,91087498,+,MESO,1038,TCGA-3U-A98D-01A,TCGA-3U-A98D-01A,1.0,0.0,0.0,0.0,0.0
3,91128951,-,3,91193514,+,MESO,1039,TCGA-3U-A98D-01A,TCGA-3U-A98D-01A,1.0,0.0,0.0,0.0,0.0
3,97115962,+,22,17067758,+,MESO,1040,TCGA-3U-A98D-01A,TCGA-3U-A98D-01A,1.0,0.0,0.0,0.0,0.0
3,121278077,+,3,121407347,-,MESO,1041,TCGA-3U-A98D-01A,TCGA-3U-A98D-01A,1.0,0.0,0.0,0.0,0.0
3,167686542,-,12,59735831,+,MESO,1042,TCGA-3U-A98D-01A,TCGA-3U-A98D-01A,1.0,0.0,0.0,0.0,0.0
3,167719666,+,3,167736103,-,MESO,1043,TCGA-3U-A98D-01A,TCGA-3U-A98D-01A,1.0,0.0,0.0,0.0,0.0
4,17506940,+,4,17519742,-,MESO,1044,TCGA-3U-A98D-01A,TCGA-3U-A98D-01A,1.0,0.0,0.0,0.0,0.0
4,44835713,+,4,45014309,-,MESO,1045,TCGA-3U-A98D-01A,TCGA-3U-A98D-01A,1.0,0.0,0.0,0.0,0.0
4,46199751,+,4,46305522,-,MESO,1046,TCGA-3U-A98D-01A,TCGA-3U-A98D-01A,1.0,0.0,0.0,0.0,0.0
4,57828768,+,4,60760516,+,MESO,1047,TCGA-3U-A98D-01A,TCGA-3U-A98D-01A,1.0,0.0,0.0,0.0,0.0
4,57831487,-,4,73634566,-,MESO,1048,TCGA-3U-A98D-01A,TCGA-3U-A98D-01A,1.0,0.0,0.0,0.0,0.0
4,58070690,-,4,62454005,+,MESO,1049,TCGA-3U-A98D-01A,TCGA-3U-A98D-01A,1.0,0.0,0.0,0.0,0.0
4,60897810,-,4,62554439,-,MESO,1050,TCGA-3U-A98D-01A,TCGA-3U-A98D-01A,1.0,0.0,0.0,0.0,0.0
4,60988183,+,4,73615444,-,MESO,1051,TCGA-3U-A98D-01A,TCGA-3U-A98D-01A,1.0,0.0,0.0,0.0,0.0
4,61116474,-,4,62456794,+,MESO,1052,TCGA-3U-A98D-01A,TCGA-3U-A98D-01A,1.0,0.0,0.0,0.0,0.0
4,61116725,+,4,62395243,-,MESO,1053,TCGA-3U-A98D-01A,TCGA-3U-A98D-01A,1.0,0.0,0.0,0.0,0.0
4,61120635,-,4,62424139,-,MESO,1054,TCGA-3U-A98D-01A,TCGA-3U-A98D-01A,1.0,0.0,0.0,0.0,0.0
4,61120969,+,4,62489213,+,MESO,1055,TCGA-3U-A98D-01A,TCGA-3U-A98D-01A,1.0,0.0,0.0,0.0,0.0
4,62376089,-,4,62376947,-,MESO,1056,TCGA-3U-A98D-01A,TCGA-3U-A98D-01A,1.0,0.0,0.0,0.0,0.0
4,62376695,+,4,62424072,+,MESO,1057,TCGA-3U-A98D-01A,TCGA-3U-A98D-01A,1.0,0.0,0.0,0.0,0.0
4,62389813,+,4,62417294,+,MESO,1058,TCGA-3U-A98D-01A,TCGA-3U-A98D-01A,1.0,0.0,0.0,0.0,0.0
4,62395057,+,4,73614482,-,MESO,1059,TCGA-3U-A98D-01A,TCGA-3U-A98D-01A,1.0,0.0,0.0,0.0,0.0
4,62395243,-,4,62456829,+,MESO,1060,TCGA-3U-A98D-01A,TCGA-3U-A98D-01A,1.0,0.0,0.0,0.0,0.0
4,62397046,+,4,62467953,+,MESO,1061,TCGA-3U-A98D-01A,TCGA-3U-A98D-01A,1.0,0.0,0.0,0.0,0.0
4,62397295,-,4,73602238,+,MESO,1062,TCGA-3U-A98D-01A,TCGA-3U-A98D-01A,1.0,0.0,0.0,0.0,0.0
4,62410350,-,4,62416205,-,MESO,1063,TCGA-3U-A98D-01A,TCGA-3U-A98D-01A,1.0,0.0,0.0,0.0,0.0
4,62416143,+,9,68949329,-,MESO,1064,TCGA-3U-A98D-01A,TCGA-3U-A98D-01A,1.0,0.0,0.0,0.0,0.0
4,62422066,-,4,62450289,-,MESO,1065,TCGA-3U-A98D-01A,TCGA-3U-A98D-01A,1.0,0.0,0.0,0.0,0.0
4,62424140,-,4,62489216,+,MESO,1066,TCGA-3U-A98D-01A,TCGA-3U-A98D-01A,1.0,0.0,0.0,0.0,0.0
4,62438476,+,4,62504623,-,MESO,1067,TCGA-3U-A98D-01A,TCGA-3U-A98D-01A,1.0,0.0,0.0,0.0,0.0
4,62438550,-,4,62480090,-,MESO,1068,TCGA-3U-A98D-01A,TCGA-3U-A98D-01A,1.0,0.0,0.0,0.0,0.0
4,62446686,+,4,62558639,+,MESO,1069,TCGA-3U-A98D-01A,TCGA-3U-A98D-01A,1.0,0.0,0.0,0.0,0.0
4,62454829,-,4,73602253,-,MESO,1070,TCGA-3U-A98D-01A,TCGA-3U-A98D-01A,1.0,0.0,0.0,0.0,0.0
4,62467565,-,4,62797870,-,MESO,1071,TCGA-3U-A98D-01A,TCGA-3U-A98D-01A,1.0,0.0,0.0,0.0,0.0
4,62489252,-,4,73603698,+,MESO,1072,TCGA-3U-A98D-01A,TCGA-3U-A98D-01A,1.0,0.0,0.0,0.0,0.0
4,62502672,+,4,73634538,+,MESO,1073,TCGA-3U-A98D-01A,TCGA-3U-A98D-01A,1.0,0.0,0.0,0.0,0.0
4,62551876,+,9,68833715,+,MESO,1074,TCGA-3U-A98D-01A,TCGA-3U-A98D-01A,1.0,0.0,0.0,0.0,0.0
4,62554942,+,4,62557939,-,MESO,1075,TCGA-3U-A98D-01A,TCGA-3U-A98D-01A,1.0,0.0,0.0,0.0,0.0
4,73572834,+,4,73605663,+,MESO,1076,TCGA-3U-A98D-01A,TCGA-3U-A98D-01A,1.0,0.0,0.0,0.0,0.0
4,73603720,-,4,73615404,+,MESO,1077,TCGA-3U-A98D-01A,TCGA-3U-A98D-01A,1.0,0.0,0.0,0.0,0.0
4,136541902,+,4,136542498,-,MESO,1078,TCGA-3U-A98D-01A,TCGA-3U-A98D-01A,1.0,0.0,0.0,0.0,0.0
4,142665084,+,4,142677103,-,MESO,1079,TCGA-3U-A98D-01A,TCGA-3U-A98D-01A,1.0,0.0,0.0,0.0,0.0
4,162920464,-,4,162950380,+,MESO,1080,TCGA-3U-A98D-01A,TCGA-3U-A98D-01A,1.0,0.0,0.0,0.0,0.0
4,165556937,+,4,165752145,-,MESO,1081,TCGA-3U-A98D-01A,TCGA-3U-A98D-01A,1.0,0.0,0.0,0.0,0.0
5,26293934,+,5,26299700,-,MESO,1082,TCGA-3U-A98D-01A,TCGA-3U-A98D-01A,1.0,0.0,0.0,0.0,0.0
5,27615213,+,5,27637656,-,MESO,1083,TCGA-3U-A98D-01A,TCGA-3U-A98D-01A,1.0,0.0,0.0,0.0,0.0
5,44284243,+,5,44366818,-,MESO,1084,TCGA-3U-A98D-01A,TCGA-3U-A98D-01A,1.0,0.0,0.0,0.0,0.0
5,49801768,-,5,49925506,+,MESO,1085,TCGA-3U-A98D-01A,TCGA-3U-A98D-01A,1.0,0.0,0.0,0.0,0.0
5,52084428,-,9,100949713,-,MESO,1086,TCGA-3U-A98D-01A,TCGA-3U-A98D-01A,1.0,0.0,0.0,0.0,0.0
5,52822854,+,5,54046983,-,MESO,1087,TCGA-3U-A98D-01A,TCGA-3U-A98D-01A,1.0,0.0,0.0,0.0,0.0
5,148105506,-,12,45284423,-,MESO,1088,TCGA-3U-A98D-01A,TCGA-3U-A98D-01A,1.0,0.0,0.0,0.0,0.0
5,148149697,+,12,43178608,-,MESO,1089,TCGA-3U-A98D-01A,TCGA-3U-A98D-01A,1.0,0.0,0.0,0.0,0.0
6,4410305,+,6,4412514,-,MESO,1090,TCGA-3U-A98D-01A,TCGA-3U-A98D-01A,1.0,0.0,0.0,0.0,0.0
6,28017035,+,6,61018987,+,MESO,1091,TCGA-3U-A98D-01A,TCGA-3U-A98D-01A,1.0,0.0,0.0,0.0,0.0
6,28017062,-,6,29150815,+,MESO,1092,TCGA-3U-A98D-01A,TCGA-3U-A98D-01A,1.0,0.0,0.0,0.0,0.0
6,28032714,+,6,61072666,+,MESO,1093,TCGA-3U-A98D-01A,TCGA-3U-A98D-01A,1.0,0.0,0.0,0.0,0.0
6,28045166,-,6,29171404,-,MESO,1094,TCGA-3U-A98D-01A,TCGA-3U-A98D-01A,1.0,0.0,0.0,0.0,0.0
6,28047913,-,6,29150904,-,MESO,1095,TCGA-3U-A98D-01A,TCGA-3U-A98D-01A,1.0,0.0,0.0,0.0,0.0
6,28047916,+,6,29021954,-,MESO,1096,TCGA-3U-A98D-01A,TCGA-3U-A98D-01A,1.0,0.0,0.0,0.0,0.0
6,28998832,+,6,61030032,-,MESO,1097,TCGA-3U-A98D-01A,TCGA-3U-A98D-01A,1.0,0.0,0.0,0.0,0.0
6,28998871,-,6,61044398,+,MESO,1098,TCGA-3U-A98D-01A,TCGA-3U-A98D-01A,1.0,0.0,0.0,0.0,0.0
6,29004111,+,6,29157699,+,MESO,1099,TCGA-3U-A98D-01A,TCGA-3U-A98D-01A,1.0,0.0,0.0,0.0,0.0
6,29004323,-,6,61044989,-,MESO,1100,TCGA-3U-A98D-01A,TCGA-3U-A98D-01A,1.0,0.0,0.0,0.0,0.0
6,29009550,+,6,61063277,-,MESO,1101,TCGA-3U-A98D-01A,TCGA-3U-A98D-01A,1.0,0.0,0.0,0.0,0.0
6,29009588,-,6,61038501,-,MESO,1102,TCGA-3U-A98D-01A,TCGA-3U-A98D-01A,1.0,0.0,0.0,0.0,0.0
6,29021869,+,6,61072750,-,MESO,1103,TCGA-3U-A98D-01A,TCGA-3U-A98D-01A,1.0,0.0,0.0,0.0,0.0
6,29149573,+,6,61029987,+,MESO,1104,TCGA-3U-A98D-01A,TCGA-3U-A98D-01A,1.0,0.0,0.0,0.0,0.0
6,29149580,-,6,61083135,-,MESO,1105,TCGA-3U-A98D-01A,TCGA-3U-A98D-01A,1.0,0.0,0.0,0.0,0.0
6,29154461,+,6,29165413,+,MESO,1106,TCGA-3U-A98D-01A,TCGA-3U-A98D-01A,1.0,0.0,0.0,0.0,0.0
6,29154466,-,6,29169242,-,MESO,1107,TCGA-3U-A98D-01A,TCGA-3U-A98D-01A,1.0,0.0,0.0,0.0,0.0
6,29156611,+,6,61033265,+,MESO,1108,TCGA-3U-A98D-01A,TCGA-3U-A98D-01A,1.0,0.0,0.0,0.0,0.0
6,29156621,-,6,29169197,+,MESO,1109,TCGA-3U-A98D-01A,TCGA-3U-A98D-01A,1.0,0.0,0.0,0.0,0.0
6,29157714,-,6,29165416,-,MESO,1110,TCGA-3U-A98D-01A,TCGA-3U-A98D-01A,1.0,0.0,0.0,0.0,0.0
6,29171148,+,6,61046206,+,MESO,1111,TCGA-3U-A98D-01A,TCGA-3U-A98D-01A,1.0,0.0,0.0,0.0,0.0
6,38776645,+,6,38984270,-,MESO,1112,TCGA-3U-A98D-01A,TCGA-3U-A98D-01A,1.0,0.0,0.0,0.0,0.0
6,61019081,-,6,61082967,+,MESO,1113,TCGA-3U-A98D-01A,TCGA-3U-A98D-01A,1.0,0.0,0.0,0.0,0.0
6,63268443,+,6,160903753,-,MESO,1114,TCGA-3U-A98D-01A,TCGA-3U-A98D-01A,1.0,0.0,0.0,0.0,0.0
6,77314128,+,6,77372813,-,MESO,1115,TCGA-3U-A98D-01A,TCGA-3U-A98D-01A,1.0,0.0,0.0,0.0,0.0
6,131719245,+,6,131739408,-,MESO,1116,TCGA-3U-A98D-01A,TCGA-3U-A98D-01A,1.0,0.0,0.0,0.0,0.0
6,164551617,+,10,117490030,+,MESO,1117,TCGA-3U-A98D-01A,TCGA-3U-A98D-01A,1.0,0.0,0.0,0.0,0.0
6,164551652,-,10,117432706,-,MESO,1118,TCGA-3U-A98D-01A,TCGA-3U-A98D-01A,1.0,0.0,0.0,0.0,0.0
7,10133260,+,7,10205902,-,MESO,1119,TCGA-3U-A98D-01A,TCGA-3U-A98D-01A,1.0,0.0,0.0,0.0,0.0
7,12805785,+,7,16740273,-,MESO,1120,TCGA-3U-A98D-01A,TCGA-3U-A98D-01A,1.0,0.0,0.0,0.0,0.0
7,12876450,-,7,66967782,-,MESO,1121,TCGA-3U-A98D-01A,TCGA-3U-A98D-01A,1.0,0.0,0.0,0.0,0.0
7,16740274,+,7,92989914,-,MESO,1122,TCGA-3U-A98D-01A,TCGA-3U-A98D-01A,1.0,0.0,0.0,0.0,0.0
7,66912800,+,7,92961204,+,MESO,1123,TCGA-3U-A98D-01A,TCGA-3U-A98D-01A,1.0,0.0,0.0,0.0,0.0
8,12634248,+,8,72816765,-,MESO,1124,TCGA-3U-A98D-01A,TCGA-3U-A98D-01A,1.0,0.0,0.0,0.0,0.0
8,12659463,-,8,72816768,+,MESO,1125,TCGA-3U-A98D-01A,TCGA-3U-A98D-01A,1.0,0.0,0.0,0.0,0.0
8,30114451,-,8,120101046,+,MESO,1126,TCGA-3U-A98D-01A,TCGA-3U-A98D-01A,1.0,0.0,0.0,0.0,0.0
8,35555029,+,8,35626831,-,MESO,1127,TCGA-3U-A98D-01A,TCGA-3U-A98D-01A,1.0,0.0,0.0,0.0,0.0
8,47983129,+,8,47983717,-,MESO,1128,TCGA-3U-A98D-01A,TCGA-3U-A98D-01A,1.0,0.0,0.0,0.0,0.0
8,49309634,+,8,49932924,+,MESO,1129,TCGA-3U-A98D-01A,TCGA-3U-A98D-01A,1.0,0.0,0.0,0.0,0.0
8,49310904,-,8,49935189,+,MESO,1130,TCGA-3U-A98D-01A,TCGA-3U-A98D-01A,1.0,0.0,0.0,0.0,0.0
8,49314808,+,8,50080427,-,MESO,1131,TCGA-3U-A98D-01A,TCGA-3U-A98D-01A,1.0,0.0,0.0,0.0,0.0
8,49315281,-,8,50059650,+,MESO,1132,TCGA-3U-A98D-01A,TCGA-3U-A98D-01A,1.0,0.0,0.0,0.0,0.0
8,49933027,-,8,49972968,-,MESO,1133,TCGA-3U-A98D-01A,TCGA-3U-A98D-01A,1.0,0.0,0.0,0.0,0.0
8,50995789,+,8,50998421,-,MESO,1134,TCGA-3U-A98D-01A,TCGA-3U-A98D-01A,1.0,0.0,0.0,0.0,0.0
8,71372446,+,8,71380987,-,MESO,1135,TCGA-3U-A98D-01A,TCGA-3U-A98D-01A,1.0,0.0,0.0,0.0,0.0
8,72169464,+,8,72179787,-,MESO,1136,TCGA-3U-A98D-01A,TCGA-3U-A98D-01A,1.0,0.0,0.0,0.0,0.0
8,72696080,+,8,72838952,+,MESO,1137,TCGA-3U-A98D-01A,TCGA-3U-A98D-01A,1.0,0.0,0.0,0.0,0.0
8,72810863,-,8,72838961,-,MESO,1138,TCGA-3U-A98D-01A,TCGA-3U-A98D-01A,1.0,0.0,0.0,0.0,0.0
8,113242048,+,8,113284502,-,MESO,1139,TCGA-3U-A98D-01A,TCGA-3U-A98D-01A,1.0,0.0,0.0,0.0,0.0
8,120104774,-,13,112769123,+,MESO,1140,TCGA-3U-A98D-01A,TCGA-3U-A98D-01A,1.0,0.0,0.0,0.0,0.0
9,7936798,+,9,7996929,+,MESO,1141,TCGA-3U-A98D-01A,TCGA-3U-A98D-01A,1.0,0.0,0.0,0.0,0.0
9,7936813,-,9,10374042,+,MESO,1142,TCGA-3U-A98D-01A,TCGA-3U-A98D-01A,1.0,0.0,0.0,0.0,0.0
9,7996943,-,9,10374242,-,MESO,1143,TCGA-3U-A98D-01A,TCGA-3U-A98D-01A,1.0,0.0,0.0,0.0,0.0
9,8328287,+,9,8339733,-,MESO,1144,TCGA-3U-A98D-01A,TCGA-3U-A98D-01A,1.0,0.0,0.0,0.0,0.0
9,9914286,+,9,41235093,+,MESO,1145,TCGA-3U-A98D-01A,TCGA-3U-A98D-01A,1.0,0.0,0.0,0.0,0.0
9,9927816,+,9,14198907,+,MESO,1146,TCGA-3U-A98D-01A,TCGA-3U-A98D-01A,1.0,0.0,0.0,0.0,0.0
9,10110237,-,9,12462601,-,MESO,1147,TCGA-3U-A98D-01A,TCGA-3U-A98D-01A,1.0,0.0,0.0,0.0,0.0
9,10294532,+,9,11199461,+,MESO,1148,TCGA-3U-A98D-01A,TCGA-3U-A98D-01A,1.0,0.0,0.0,0.0,0.0
9,19689651,+,9,24398113,-,MESO,1149,TCGA-3U-A98D-01A,TCGA-3U-A98D-01A,1.0,0.0,0.0,0.0,0.0
9,132179802,+,9,132187253,-,MESO,1150,TCGA-3U-A98D-01A,TCGA-3U-A98D-01A,1.0,0.0,0.0,0.0,0.0
23,30005811,+,23,32913099,-,MESO,1151,TCGA-3U-A98D-01A,TCGA-3U-A98D-01A,1.0,0.0,0.0,0.0,0.0
23,30068685,-,23,33708522,+,MESO,1152,TCGA-3U-A98D-01A,TCGA-3U-A98D-01A,1.0,0.0,0.0,0.0,0.0
23,30068830,+,23,32649175,+,MESO,1153,TCGA-3U-A98D-01A,TCGA-3U-A98D-01A,1.0,0.0,0.0,0.0,0.0
23,32649175,+,23,33708522,+,MESO,1154,TCGA-3U-A98D-01A,TCGA-3U-A98D-01A,1.0,0.0,0.0,0.0,0.0
23,32913925,+,23,34115095,-,MESO,1155,TCGA-3U-A98D-01A,TCGA-3U-A98D-01A,1.0,0.0,0.0,0.0,0.0
23,114477060,+,23,114718056,-,MESO,1156,TCGA-3U-A98D-01A,TCGA-3U-A98D-01A,1.0,0.0,0.0,0.0,0.0
1,36772624,+,5,26831057,+,MESO,1157,TCGA-3U-A98E-01A,TCGA-3U-A98E-01A,1.0,0.0,0.0,0.0,0.0
1,152234029,-,14,35905864,-,MESO,1158,TCGA-3U-A98E-01A,TCGA-3U-A98E-01A,1.0,0.0,0.0,0.0,0.0
1,240762343,-,1,241856031,-,MESO,1159,TCGA-3U-A98E-01A,TCGA-3U-A98E-01A,1.0,0.0,0.0,0.0,0.0
10,41551155,+,10,41552624,-,MESO,1160,TCGA-3U-A98E-01A,TCGA-3U-A98E-01A,1.0,0.0,0.0,0.0,0.0
11,54408418,+,11,54422595,-,MESO,1161,TCGA-3U-A98E-01A,TCGA-3U-A98E-01A,1.0,0.0,0.0,0.0,0.0
12,53889238,-,22,27728468,-,MESO,1162,TCGA-3U-A98E-01A,TCGA-3U-A98E-01A,1.0,0.0,0.0,0.0,0.0
12,57665155,+,12,66161086,+,MESO,1163,TCGA-3U-A98E-01A,TCGA-3U-A98E-01A,1.0,0.0,0.0,0.0,0.0
13,16175533,+,16,34172011,-,MESO,1164,TCGA-3U-A98E-01A,TCGA-3U-A98E-01A,1.0,0.0,0.0,0.0,0.0
13,16298758,+,13,17384347,-,MESO,1165,TCGA-3U-A98E-01A,TCGA-3U-A98E-01A,1.0,0.0,0.0,0.0,0.0
13,87325405,+,16,24229282,+,MESO,1166,TCGA-3U-A98E-01A,TCGA-3U-A98E-01A,1.0,0.0,0.0,0.0,0.0
17,22830768,-,17,23123443,+,MESO,1167,TCGA-3U-A98E-01A,TCGA-3U-A98E-01A,1.0,0.0,0.0,0.0,0.0
17,22896034,+,17,23137604,-,MESO,1168,TCGA-3U-A98E-01A,TCGA-3U-A98E-01A,1.0,0.0,0.0,0.0,0.0
17,26763424,-,17,26960029,+,MESO,1169,TCGA-3U-A98E-01A,TCGA-3U-A98E-01A,1.0,0.0,0.0,0.0,0.0
18,15470454,-,18,15686657,+,MESO,1170,TCGA-3U-A98E-01A,TCGA-3U-A98E-01A,1.0,0.0,0.0,0.0,0.0
18,15573655,+,18,15770474,-,MESO,1171,TCGA-3U-A98E-01A,TCGA-3U-A98E-01A,1.0,0.0,0.0,0.0,0.0
18,15791828,+,18,17538974,-,MESO,1172,TCGA-3U-A98E-01A,TCGA-3U-A98E-01A,1.0,0.0,0.0,0.0,0.0
2,91918007,+,24,11372905,-,MESO,1173,TCGA-3U-A98E-01A,TCGA-3U-A98E-01A,1.0,0.0,0.0,0.0,0.0
2,166527085,+,2,167684310,+,MESO,1174,TCGA-3U-A98E-01A,TCGA-3U-A98E-01A,1.0,0.0,0.0,0.0,0.0
2,166527086,-,2,167684385,-,MESO,1175,TCGA-3U-A98E-01A,TCGA-3U-A98E-01A,1.0,0.0,0.0,0.0,0.0
20,28838958,-,20,29157270,+,MESO,1176,TCGA-3U-A98E-01A,TCGA-3U-A98E-01A,1.0,0.0,0.0,0.0,0.0
20,29859432,+,22,11373271,-,MESO,1177,TCGA-3U-A98E-01A,TCGA-3U-A98E-01A,1.0,0.0,0.0,0.0,0.0
3,9397010,+,5,85418846,-,MESO,1178,TCGA-3U-A98E-01A,TCGA-3U-A98E-01A,1.0,0.0,0.0,0.0,0.0
3,9436491,-,5,89648926,+,MESO,1179,TCGA-3U-A98E-01A,TCGA-3U-A98E-01A,1.0,0.0,0.0,0.0,0.0
3,40849547,+,5,63088833,+,MESO,1180,TCGA-3U-A98E-01A,TCGA-3U-A98E-01A,1.0,0.0,0.0,0.0,0.0
3,51942492,-,3,55309315,+,MESO,1181,TCGA-3U-A98E-01A,TCGA-3U-A98E-01A,1.0,0.0,0.0,0.0,0.0
3,52246433,+,5,87464951,-,MESO,1182,TCGA-3U-A98E-01A,TCGA-3U-A98E-01A,1.0,0.0,0.0,0.0,0.0
3,52367863,+,3,55348987,-,MESO,1183,TCGA-3U-A98E-01A,TCGA-3U-A98E-01A,1.0,0.0,0.0,0.0,0.0
3,52620795,-,5,88965885,+,MESO,1184,TCGA-3U-A98E-01A,TCGA-3U-A98E-01A,1.0,0.0,0.0,0.0,0.0
3,57074222,-,5,90339774,-,MESO,1185,TCGA-3U-A98E-01A,TCGA-3U-A98E-01A,1.0,0.0,0.0,0.0,0.0
4,1790876,-,18,22452093,-,MESO,1186,TCGA-3U-A98E-01A,TCGA-3U-A98E-01A,1.0,0.0,0.0,0.0,0.0
5,49885452,+,5,49942530,-,MESO,1187,TCGA-3U-A98E-01A,TCGA-3U-A98E-01A,1.0,0.0,0.0,0.0,0.0
5,87138637,+,5,87633302,+,MESO,1188,TCGA-3U-A98E-01A,TCGA-3U-A98E-01A,1.0,0.0,0.0,0.0,0.0
5,88780265,-,5,90280702,+,MESO,1189,TCGA-3U-A98E-01A,TCGA-3U-A98E-01A,1.0,0.0,0.0,0.0,0.0
5,89513997,-,9,3814442,+,MESO,1190,TCGA-3U-A98E-01A,TCGA-3U-A98E-01A,1.0,0.0,0.0,0.0,0.0
5,89780697,-,9,3692139,-,MESO,1191,TCGA-3U-A98E-01A,TCGA-3U-A98E-01A,1.0,0.0,0.0,0.0,0.0
6,60988535,-,6,61267719,+,MESO,1192,TCGA-3U-A98E-01A,TCGA-3U-A98E-01A,1.0,0.0,0.0,0.0,0.0
7,61430782,-,7,61449897,+,MESO,1193,TCGA-3U-A98E-01A,TCGA-3U-A98E-01A,1.0,0.0,0.0,0.0,0.0
8,16799464,+,8,16802180,-,MESO,1194,TCGA-3U-A98E-01A,TCGA-3U-A98E-01A,1.0,0.0,0.0,0.0,0.0
9,3121780,+,9,3889678,-,MESO,1195,TCGA-3U-A98E-01A,TCGA-3U-A98E-01A,1.0,0.0,0.0,0.0,0.0
9,76749923,+,9,76755332,-,MESO,1196,TCGA-3U-A98E-01A,TCGA-3U-A98E-01A,1.0,0.0,0.0,0.0,0.0
9,89366717,-,9,89366838,+,MESO,1197,TCGA-3U-A98E-01A,TCGA-3U-A98E-01A,1.0,0.0,0.0,0.0,0.0
9,109886603,+,9,112180831,+,MESO,1198,TCGA-3U-A98E-01A,TCGA-3U-A98E-01A,1.0,0.0,0.0,0.0,0.0
9,109886665,-,9,109937230,-,MESO,1199,TCGA-3U-A98E-01A,TCGA-3U-A98E-01A,1.0,0.0,0.0,0.0,0.0
9,109904101,+,9,109937179,+,MESO,1200,TCGA-3U-A98E-01A,TCGA-3U-A98E-01A,1.0,0.0,0.0,0.0,0.0
9,109906622,-,9,112177852,-,MESO,1201,TCGA-3U-A98E-01A,TCGA-3U-A98E-01A,1.0,0.0,0.0,0.0,0.0
9,109927394,+,9,110224369,+,MESO,1202,TCGA-3U-A98E-01A,TCGA-3U-A98E-01A,1.0,0.0,0.0,0.0,0.0
9,109927434,-,9,110431107,+,MESO,1203,TCGA-3U-A98E-01A,TCGA-3U-A98E-01A,1.0,0.0,0.0,0.0,0.0
9,109933080,+,9,110163077,+,MESO,1204,TCGA-3U-A98E-01A,TCGA-3U-A98E-01A,1.0,0.0,0.0,0.0,0.0
9,109933124,-,9,110426308,-,MESO,1205,TCGA-3U-A98E-01A,TCGA-3U-A98E-01A,1.0,0.0,0.0,0.0,0.0
9,110143614,+,9,110380459,-,MESO,1206,TCGA-3U-A98E-01A,TCGA-3U-A98E-01A,1.0,0.0,0.0,0.0,0.0
9,110143691,-,9,112180857,-,MESO,1207,TCGA-3U-A98E-01A,TCGA-3U-A98E-01A,1.0,0.0,0.0,0.0,0.0
9,110215188,-,9,110414814,+,MESO,1208,TCGA-3U-A98E-01A,TCGA-3U-A98E-01A,1.0,0.0,0.0,0.0,0.0
9,110224403,-,9,110407081,+,MESO,1209,TCGA-3U-A98E-01A,TCGA-3U-A98E-01A,1.0,0.0,0.0,0.0,0.0
9,110238844,+,9,112344058,-,MESO,1210,TCGA-3U-A98E-01A,TCGA-3U-A98E-01A,1.0,0.0,0.0,0.0,0.0
9,110407117,-,9,110430792,-,MESO,1211,TCGA-3U-A98E-01A,TCGA-3U-A98E-01A,1.0,0.0,0.0,0.0,0.0
9,110430686,+,9,112185897,+,MESO,1212,TCGA-3U-A98E-01A,TCGA-3U-A98E-01A,1.0,0.0,0.0,0.0,0.0
9,113951428,+,16,70834971,+,MESO,1213,TCGA-3U-A98E-01A,TCGA-3U-A98E-01A,1.0,0.0,0.0,0.0,0.0
23,26454466,+,23,27306376,+,MESO,1214,TCGA-3U-A98E-01A,TCGA-3U-A98E-01A,1.0,0.0,0.0,0.0,0.0
1,190165541,+,1,191097512,-,MESO,1215,TCGA-3U-A98F-01A,TCGA-3U-A98F-01A,1.0,0.0,0.0,0.0,0.0
1,247630309,+,22,10955518,-,MESO,1216,TCGA-3U-A98F-01A,TCGA-3U-A98F-01A,1.0,0.0,0.0,0.0,0.0
10,97766839,+,10,97880255,-,MESO,1217,TCGA-3U-A98F-01A,TCGA-3U-A98F-01A,1.0,0.0,0.0,0.0,0.0
11,5562287,+,11,5568130,-,MESO,1218,TCGA-3U-A98F-01A,TCGA-3U-A98F-01A,1.0,0.0,0.0,0.0,0.0
11,54919288,+,23,58406820,+,MESO,1219,TCGA-3U-A98F-01A,TCGA-3U-A98F-01A,1.0,0.0,0.0,0.0,0.0
12,35167790,-,15,49818110,+,MESO,1220,TCGA-3U-A98F-01A,TCGA-3U-A98F-01A,1.0,0.0,0.0,0.0,0.0
12,37287550,-,15,49831444,-,MESO,1221,TCGA-3U-A98F-01A,TCGA-3U-A98F-01A,1.0,0.0,0.0,0.0,0.0
12,38774606,-,15,65205168,+,MESO,1222,TCGA-3U-A98F-01A,TCGA-3U-A98F-01A,1.0,0.0,0.0,0.0,0.0
12,58477213,+,12,58506225,+,MESO,1223,TCGA-3U-A98F-01A,TCGA-3U-A98F-01A,1.0,0.0,0.0,0.0,0.0
12,58477217,-,12,58593060,-,MESO,1224,TCGA-3U-A98F-01A,TCGA-3U-A98F-01A,1.0,0.0,0.0,0.0,0.0
12,58814097,+,12,59035658,-,MESO,1225,TCGA-3U-A98F-01A,TCGA-3U-A98F-01A,1.0,0.0,0.0,0.0,0.0
12,75299793,+,12,80347800,+,MESO,1226,TCGA-3U-A98F-01A,TCGA-3U-A98F-01A,1.0,0.0,0.0,0.0,0.0
12,75299880,-,12,80370097,-,MESO,1227,TCGA-3U-A98F-01A,TCGA-3U-A98F-01A,1.0,0.0,0.0,0.0,0.0
12,75318566,+,12,75491273,-,MESO,1228,TCGA-3U-A98F-01A,TCGA-3U-A98F-01A,1.0,0.0,0.0,0.0,0.0
12,75447507,-,12,80370015,+,MESO,1229,TCGA-3U-A98F-01A,TCGA-3U-A98F-01A,1.0,0.0,0.0,0.0,0.0
12,75491211,+,12,80329687,-,MESO,1230,TCGA-3U-A98F-01A,TCGA-3U-A98F-01A,1.0,0.0,0.0,0.0,0.0
12,80329639,+,12,80347905,-,MESO,1231,TCGA-3U-A98F-01A,TCGA-3U-A98F-01A,1.0,0.0,0.0,0.0,0.0
12,107362693,+,12,107526303,-,MESO,1232,TCGA-3U-A98F-01A,TCGA-3U-A98F-01A,1.0,0.0,0.0,0.0,0.0
13,17645934,+,13,17952681,-,MESO,1233,TCGA-3U-A98F-01A,TCGA-3U-A98F-01A,1.0,0.0,0.0,0.0,0.0
13,67235009,+,13,67236791,-,MESO,1234,TCGA-3U-A98F-01A,TCGA-3U-A98F-01A,1.0,0.0,0.0,0.0,0.0
13,85286835,+,13,85302218,-,MESO,1235,TCGA-3U-A98F-01A,TCGA-3U-A98F-01A,1.0,0.0,0.0,0.0,0.0
15,27654401,+,15,27655915,-,MESO,1236,TCGA-3U-A98F-01A,TCGA-3U-A98F-01A,1.0,0.0,0.0,0.0,0.0
15,48416718,+,15,48464730,-,MESO,1237,TCGA-3U-A98F-01A,TCGA-3U-A98F-01A,1.0,0.0,0.0,0.0,0.0
15,49738079,+,15,65151328,-,MESO,1238,TCGA-3U-A98F-01A,TCGA-3U-A98F-01A,1.0,0.0,0.0,0.0,0.0
15,49738186,-,15,65151431,+,MESO,1239,TCGA-3U-A98F-01A,TCGA-3U-A98F-01A,1.0,0.0,0.0,0.0,0.0
15,49757294,+,15,49818103,-,MESO,1240,TCGA-3U-A98F-01A,TCGA-3U-A98F-01A,1.0,0.0,0.0,0.0,0.0
15,58969284,+,15,58995890,-,MESO,1241,TCGA-3U-A98F-01A,TCGA-3U-A98F-01A,1.0,0.0,0.0,0.0,0.0
16,6570319,+,16,6666200,-,MESO,1242,TCGA-3U-A98F-01A,TCGA-3U-A98F-01A,1.0,0.0,0.0,0.0,0.0
16,76687641,-,16,76732392,+,MESO,1243,TCGA-3U-A98F-01A,TCGA-3U-A98F-01A,1.0,0.0,0.0,0.0,0.0
17,22455762,-,22,28670345,-,MESO,1244,TCGA-3U-A98F-01A,TCGA-3U-A98F-01A,1.0,0.0,0.0,0.0,0.0
18,15730426,+,18,20667589,-,MESO,1245,TCGA-3U-A98F-01A,TCGA-3U-A98F-01A,1.0,0.0,0.0,0.0,0.0
18,64822466,+,18,66193761,+,MESO,1246,TCGA-3U-A98F-01A,TCGA-3U-A98F-01A,1.0,0.0,0.0,0.0,0.0
18,64822744,-,18,64862864,-,MESO,1247,TCGA-3U-A98F-01A,TCGA-3U-A98F-01A,1.0,0.0,0.0,0.0,0.0
18,64862834,+,18,66315284,-,MESO,1248,TCGA-3U-A98F-01A,TCGA-3U-A98F-01A,1.0,0.0,0.0,0.0,0.0
2,39457991,+,2,39480204,-,MESO,1249,TCGA-3U-A98F-01A,TCGA-3U-A98F-01A,1.0,0.0,0.0,0.0,0.0
21,42317340,+,21,42319764,-,MESO,1250,TCGA-3U-A98F-01A,TCGA-3U-A98F-01A,1.0,0.0,0.0,0.0,0.0
22,33401240,+,22,33403488,-,MESO,1251,TCGA-3U-A98F-01A,TCGA-3U-A98F-01A,1.0,0.0,0.0,0.0,0.0
3,50162449,+,3,50172188,-,MESO,1252,TCGA-3U-A98F-01A,TCGA-3U-A98F-01A,1.0,0.0,0.0,0.0,0.0
3,178049308,+,3,178051377,+,MESO,1253,TCGA-3U-A98F-01A,TCGA-3U-A98F-01A,1.0,0.0,0.0,0.0,0.0
4,186653653,-,4,186653725,-,MESO,1254,TCGA-3U-A98F-01A,TCGA-3U-A98F-01A,1.0,0.0,0.0,0.0,0.0
4,186653655,+,4,186653727,+,MESO,1255,TCGA-3U-A98F-01A,TCGA-3U-A98F-01A,1.0,0.0,0.0,0.0,0.0
5,29198512,+,5,99183263,+,MESO,1256,TCGA-3U-A98F-01A,TCGA-3U-A98F-01A,1.0,0.0,0.0,0.0,0.0
5,29645766,-,5,30001943,-,MESO,1257,TCGA-3U-A98F-01A,TCGA-3U-A98F-01A,1.0,0.0,0.0,0.0,0.0
5,29903887,+,5,99214831,-,MESO,1258,TCGA-3U-A98F-01A,TCGA-3U-A98F-01A,1.0,0.0,0.0,0.0,0.0
5,47154268,-,5,47272825,+,MESO,1259,TCGA-3U-A98F-01A,TCGA-3U-A98F-01A,1.0,0.0,0.0,0.0,0.0
5,97461933,+,5,97633693,-,MESO,1260,TCGA-3U-A98F-01A,TCGA-3U-A98F-01A,1.0,0.0,0.0,0.0,0.0
6,12285581,+,6,12432952,-,MESO,1261,TCGA-3U-A98F-01A,TCGA-3U-A98F-01A,1.0,0.0,0.0,0.0,0.0
6,26025041,+,6,28893428,-,MESO,1262,TCGA-3U-A98F-01A,TCGA-3U-A98F-01A,1.0,0.0,0.0,0.0,0.0
6,120108535,+,6,120135406,-,MESO,1263,TCGA-3U-A98F-01A,TCGA-3U-A98F-01A,1.0,0.0,0.0,0.0,0.0
6,120188547,+,6,163674939,+,MESO,1264,TCGA-3U-A98F-01A,TCGA-3U-A98F-01A,1.0,0.0,0.0,0.0,0.0
6,152250295,+,6,152256178,-,MESO,1265,TCGA-3U-A98F-01A,TCGA-3U-A98F-01A,1.0,0.0,0.0,0.0,0.0
6,152584556,+,6,152596610,-,MESO,1266,TCGA-3U-A98F-01A,TCGA-3U-A98F-01A,1.0,0.0,0.0,0.0,0.0
6,163396163,-,6,163842213,-,MESO,1267,TCGA-3U-A98F-01A,TCGA-3U-A98F-01A,1.0,0.0,0.0,0.0,0.0
7,62578597,-,7,62579643,+,MESO,1268,TCGA-3U-A98F-01A,TCGA-3U-A98F-01A,1.0,0.0,0.0,0.0,0.0
7,136835424,+,7,136853107,-,MESO,1269,TCGA-3U-A98F-01A,TCGA-3U-A98F-01A,1.0,0.0,0.0,0.0,0.0
8,53138717,+,8,53148401,+,MESO,1270,TCGA-3U-A98F-01A,TCGA-3U-A98F-01A,1.0,0.0,0.0,0.0,0.0
8,53141062,-,8,53151838,-,MESO,1271,TCGA-3U-A98F-01A,TCGA-3U-A98F-01A,1.0,0.0,0.0,0.0,0.0
8,84853247,+,8,84951455,+,MESO,1272,TCGA-3U-A98F-01A,TCGA-3U-A98F-01A,1.0,0.0,0.0,0.0,0.0
8,84853268,-,8,84975990,-,MESO,1273,TCGA-3U-A98F-01A,TCGA-3U-A98F-01A,1.0,0.0,0.0,0.0,0.0
9,7116301,+,9,7122189,-,MESO,1274,TCGA-3U-A98F-01A,TCGA-3U-A98F-01A,1.0,0.0,0.0,0.0,0.0
9,9284575,+,9,28219812,+,MESO,1275,TCGA-3U-A98F-01A,TCGA-3U-A98F-01A,1.0,0.0,0.0,0.0,0.0
9,21129590,-,9,26357771,+,MESO,1276,TCGA-3U-A98F-01A,TCGA-3U-A98F-01A,1.0,0.0,0.0,0.0,0.0
9,21129950,+,9,21254551,+,MESO,1277,TCGA-3U-A98F-01A,TCGA-3U-A98F-01A,1.0,0.0,0.0,0.0,0.0
9,21153482,-,9,26357166,-,MESO,1278,TCGA-3U-A98F-01A,TCGA-3U-A98F-01A,1.0,0.0,0.0,0.0,0.0
9,21154685,+,9,26469598,-,MESO,1279,TCGA-3U-A98F-01A,TCGA-3U-A98F-01A,1.0,0.0,0.0,0.0,0.0
9,21253332,-,9,21257299,+,MESO,1280,TCGA-3U-A98F-01A,TCGA-3U-A98F-01A,1.0,0.0,0.0,0.0,0.0
9,21253333,-,9,26351805,+,MESO,1281,TCGA-3U-A98F-01A,TCGA-3U-A98F-01A,1.0,0.0,0.0,0.0,0.0
9,21257160,-,9,26351805,+,MESO,1282,TCGA-3U-A98F-01A,TCGA-3U-A98F-01A,1.0,0.0,0.0,0.0,0.0
9,22788586,-,9,26476528,-,MESO,1283,TCGA-3U-A98F-01A,TCGA-3U-A98F-01A,1.0,0.0,0.0,0.0,0.0
9,27415400,-,9,31917125,-,MESO,1284,TCGA-3U-A98F-01A,TCGA-3U-A98F-01A,1.0,0.0,0.0,0.0,0.0
9,27429060,+,9,28122671,-,MESO,1285,TCGA-3U-A98F-01A,TCGA-3U-A98F-01A,1.0,0.0,0.0,0.0,0.0
9,27625698,-,9,27746884,-,MESO,1286,TCGA-3U-A98F-01A,TCGA-3U-A98F-01A,1.0,0.0,0.0,0.0,0.0
9,27653077,+,9,32158909,+,MESO,1287,TCGA-3U-A98F-01A,TCGA-3U-A98F-01A,1.0,0.0,0.0,0.0,0.0
9,27659653,-,9,32064046,-,MESO,1288,TCGA-3U-A98F-01A,TCGA-3U-A98F-01A,1.0,0.0,0.0,0.0,0.0
9,27660208,+,9,29573493,+,MESO,1289,TCGA-3U-A98F-01A,TCGA-3U-A98F-01A,1.0,0.0,0.0,0.0,0.0
9,27884986,+,9,31921995,+,MESO,1290,TCGA-3U-A98F-01A,TCGA-3U-A98F-01A,1.0,0.0,0.0,0.0,0.0
9,28138010,+,9,32237694,+,MESO,1291,TCGA-3U-A98F-01A,TCGA-3U-A98F-01A,1.0,0.0,0.0,0.0,0.0
9,28138041,-,9,32528026,-,MESO,1292,TCGA-3U-A98F-01A,TCGA-3U-A98F-01A,1.0,0.0,0.0,0.0,0.0
9,28423919,-,12,5363773,-,MESO,1293,TCGA-3U-A98F-01A,TCGA-3U-A98F-01A,1.0,0.0,0.0,0.0,0.0
9,28502233,+,12,7759340,-,MESO,1294,TCGA-3U-A98F-01A,TCGA-3U-A98F-01A,1.0,0.0,0.0,0.0,0.0
9,28774747,-,12,5028075,+,MESO,1295,TCGA-3U-A98F-01A,TCGA-3U-A98F-01A,1.0,0.0,0.0,0.0,0.0
9,32182393,-,12,5376846,+,MESO,1296,TCGA-3U-A98F-01A,TCGA-3U-A98F-01A,1.0,0.0,0.0,0.0,0.0
23,55591662,+,23,132464517,+,MESO,1297,TCGA-3U-A98F-01A,TCGA-3U-A98F-01A,1.0,0.0,0.0,0.0,0.0
1,57209783,+,1,57329515,-,MESO,1298,TCGA-3U-A98G-01A,TCGA-3U-A98G-01A,1.0,0.0,0.0,0.0,0.0
1,57211424,-,11,85826803,+,MESO,1299,TCGA-3U-A98G-01A,TCGA-3U-A98G-01A,1.0,0.0,0.0,0.0,0.0
1,57309392,+,8,141902572,-,MESO,1300,TCGA-3U-A98G-01A,TCGA-3U-A98G-01A,1.0,0.0,0.0,0.0,0.0
1,74016233,+,1,74018643,-,MESO,1301,TCGA-3U-A98G-01A,TCGA-3U-A98G-01A,1.0,0.0,0.0,0.0,0.0
1,77433666,+,8,133312969,+,MESO,1302,TCGA-3U-A98G-01A,TCGA-3U-A98G-01A,1.0,0.0,0.0,0.0,0.0
1,99635500,-,23,34870159,+,MESO,1303,TCGA-3U-A98G-01A,TCGA-3U-A98G-01A,1.0,0.0,0.0,0.0,0.0
1,114457390,+,1,114473955,-,MESO,1304,TCGA-3U-A98G-01A,TCGA-3U-A98G-01A,1.0,0.0,0.0,0.0,0.0
1,122659714,-,1,122970765,+,MESO,1305,TCGA-3U-A98G-01A,TCGA-3U-A98G-01A,1.0,0.0,0.0,0.0,0.0
1,123411873,+,1,124443921,-,MESO,1306,TCGA-3U-A98G-01A,TCGA-3U-A98G-01A,1.0,0.0,0.0,0.0,0.0
1,152104242,+,23,89128233,+,MESO,1307,TCGA-3U-A98G-01A,TCGA-3U-A98G-01A,1.0,0.0,0.0,0.0,0.0
1,157694444,+,1,157699387,-,MESO,1308,TCGA-3U-A98G-01A,TCGA-3U-A98G-01A,1.0,0.0,0.0,0.0,0.0
1,176687495,+,3,65324502,+,MESO,1309,TCGA-3U-A98G-01A,TCGA-3U-A98G-01A,1.0,0.0,0.0,0.0,0.0
1,176687541,-,3,27424069,+,MESO,1310,TCGA-3U-A98G-01A,TCGA-3U-A98G-01A,1.0,0.0,0.0,0.0,0.0
1,177045885,+,1,177242648,+,MESO,1311,TCGA-3U-A98G-01A,TCGA-3U-A98G-01A,1.0,0.0,0.0,0.0,0.0
1,177045967,-,3,80897436,-,MESO,1312,TCGA-3U-A98G-01A,TCGA-3U-A98G-01A,1.0,0.0,0.0,0.0,0.0
1,185556149,+,1,185560099,-,MESO,1313,TCGA-3U-A98G-01A,TCGA-3U-A98G-01A,1.0,0.0,0.0,0.0,0.0
1,186900715,-,3,77335017,+,MESO,1314,TCGA-3U-A98G-01A,TCGA-3U-A98G-01A,1.0,0.0,0.0,0.0,0.0
1,188650807,+,7,36168980,+,MESO,1315,TCGA-3U-A98G-01A,TCGA-3U-A98G-01A,1.0,0.0,0.0,0.0,0.0
1,188650860,-,8,59976470,+,MESO,1316,TCGA-3U-A98G-01A,TCGA-3U-A98G-01A,1.0,0.0,0.0,0.0,0.0
1,188671083,+,5,62283522,+,MESO,1317,TCGA-3U-A98G-01A,TCGA-3U-A98G-01A,1.0,0.0,0.0,0.0,0.0
1,188671367,-,5,62498314,-,MESO,1318,TCGA-3U-A98G-01A,TCGA-3U-A98G-01A,1.0,0.0,0.0,0.0,0.0
1,188677142,-,1,188717424,-,MESO,1319,TCGA-3U-A98G-01A,TCGA-3U-A98G-01A,1.0,0.0,0.0,0.0,0.0
1,188708639,+,7,36169273,-,MESO,1320,TCGA-3U-A98G-01A,TCGA-3U-A98G-01A,1.0,0.0,0.0,0.0,0.0
1,188708771,-,8,58964136,-,MESO,1321,TCGA-3U-A98G-01A,TCGA-3U-A98G-01A,1.0,0.0,0.0,0.0,0.0
1,188717355,+,7,35862918,+,MESO,1322,TCGA-3U-A98G-01A,TCGA-3U-A98G-01A,1.0,0.0,0.0,0.0,0.0
10,23632961,-,10,24525869,-,MESO,1323,TCGA-3U-A98G-01A,TCGA-3U-A98G-01A,1.0,0.0,0.0,0.0,0.0
10,23686467,+,10,24506136,+,MESO,1324,TCGA-3U-A98G-01A,TCGA-3U-A98G-01A,1.0,0.0,0.0,0.0,0.0
10,97851199,+,10,108253755,-,MESO,1325,TCGA-3U-A98G-01A,TCGA-3U-A98G-01A,1.0,0.0,0.0,0.0,0.0
10,108261892,+,10,111299525,-,MESO,1326,TCGA-3U-A98G-01A,TCGA-3U-A98G-01A,1.0,0.0,0.0,0.0,0.0
10,108261915,-,10,111314321,+,MESO,1327,TCGA-3U-A98G-01A,TCGA-3U-A98G-01A,1.0,0.0,0.0,0.0,0.0
10,116943629,+,10,116945653,-,MESO,1328,TCGA-3U-A98G-01A,TCGA-3U-A98G-01A,1.0,0.0,0.0,0.0,0.0
11,15619202,+,11,15625638,-,MESO,1329,TCGA-3U-A98G-01A,TCGA-3U-A98G-01A,1.0,0.0,0.0,0.0,0.0
11,22043331,+,11,22047334,-,MESO,1330,TCGA-3U-A98G-01A,TCGA-3U-A98G-01A,1.0,0.0,0.0,0.0,0.0
11,34607838,+,11,38877651,+,MESO,1331,TCGA-3U-A98G-01A,TCGA-3U-A98G-01A,1.0,0.0,0.0,0.0,0.0
11,36767263,-,11,39268675,+,MESO,1332,TCGA-3U-A98G-01A,TCGA-3U-A98G-01A,1.0,0.0,0.0,0.0,0.0
11,36768863,+,11,39272880,-,MESO,1333,TCGA-3U-A98G-01A,TCGA-3U-A98G-01A,1.0,0.0,0.0,0.0,0.0
11,36769688,-,11,38975994,-,MESO,1334,TCGA-3U-A98G-01A,TCGA-3U-A98G-01A,1.0,0.0,0.0,0.0,0.0
11,36770267,+,11,38967618,-,MESO,1335,TCGA-3U-A98G-01A,TCGA-3U-A98G-01A,1.0,0.0,0.0,0.0,0.0
11,36771793,-,11,39309710,+,MESO,1336,TCGA-3U-A98G-01A,TCGA-3U-A98G-01A,1.0,0.0,0.0,0.0,0.0
11,38970022,+,11,106242992,+,MESO,1337,TCGA-3U-A98G-01A,TCGA-3U-A98G-01A,1.0,0.0,0.0,0.0,0.0
11,49570851,-,11,114742619,-,MESO,1338,TCGA-3U-A98G-01A,TCGA-3U-A98G-01A,1.0,0.0,0.0,0.0,0.0
11,54394870,-,11,54534239,+,MESO,1339,TCGA-3U-A98G-01A,TCGA-3U-A98G-01A,1.0,0.0,0.0,0.0,0.0
11,59084777,+,11,59088314,-,MESO,1340,TCGA-3U-A98G-01A,TCGA-3U-A98G-01A,1.0,0.0,0.0,0.0,0.0
11,94589423,+,11,94975393,-,MESO,1341,TCGA-3U-A98G-01A,TCGA-3U-A98G-01A,1.0,0.0,0.0,0.0,0.0
12,9007786,+,12,9741098,+,MESO,1342,TCGA-3U-A98G-01A,TCGA-3U-A98G-01A,1.0,0.0,0.0,0.0,0.0
12,9688837,-,12,26938382,+,MESO,1343,TCGA-3U-A98G-01A,TCGA-3U-A98G-01A,1.0,0.0,0.0,0.0,0.0
12,9990379,-,12,32961224,+,MESO,1344,TCGA-3U-A98G-01A,TCGA-3U-A98G-01A,1.0,0.0,0.0,0.0,0.0
12,27000406,-,12,33804098,-,MESO,1345,TCGA-3U-A98G-01A,TCGA-3U-A98G-01A,1.0,0.0,0.0,0.0,0.0
12,27281873,+,12,32961239,-,MESO,1346,TCGA-3U-A98G-01A,TCGA-3U-A98G-01A,1.0,0.0,0.0,0.0,0.0
12,27517945,-,12,32947993,+,MESO,1347,TCGA-3U-A98G-01A,TCGA-3U-A98G-01A,1.0,0.0,0.0,0.0,0.0
12,27597945,+,12,33126105,+,MESO,1348,TCGA-3U-A98G-01A,TCGA-3U-A98G-01A,1.0,0.0,0.0,0.0,0.0
12,27708250,-,12,32960959,-,MESO,1349,TCGA-3U-A98G-01A,TCGA-3U-A98G-01A,1.0,0.0,0.0,0.0,0.0
12,34948419,+,12,35184982,-,MESO,1350,TCGA-3U-A98G-01A,TCGA-3U-A98G-01A,1.0,0.0,0.0,0.0,0.0
12,54921523,+,14,60418866,-,MESO,1351,TCGA-3U-A98G-01A,TCGA-3U-A98G-01A,1.0,0.0,0.0,0.0,0.0
12,55035275,-,14,89369856,-,MESO,1352,TCGA-3U-A98G-01A,TCGA-3U-A98G-01A,1.0,0.0,0.0,0.0,0.0
12,132107514,+,12,132163621,-,MESO,1353,TCGA-3U-A98G-01A,TCGA-3U-A98G-01A,1.0,0.0,0.0,0.0,0.0
13,16257928,+,20,28780187,+,MESO,1354,TCGA-3U-A98G-01A,TCGA-3U-A98G-01A,1.0,0.0,0.0,0.0,0.0
13,62991215,+,13,62998992,-,MESO,1355,TCGA-3U-A98G-01A,TCGA-3U-A98G-01A,1.0,0.0,0.0,0.0,0.0
13,67823178,+,15,44418060,-,MESO,1356,TCGA-3U-A98G-01A,TCGA-3U-A98G-01A,1.0,0.0,0.0,0.0,0.0
14,26001625,+,14,91966797,-,MESO,1357,TCGA-3U-A98G-01A,TCGA-3U-A98G-01A,1.0,0.0,0.0,0.0,0.0
14,26001638,-,14,91966745,+,MESO,1358,TCGA-3U-A98G-01A,TCGA-3U-A98G-01A,1.0,0.0,0.0,0.0,0.0
14,42659692,+,14,42661201,-,MESO,1359,TCGA-3U-A98G-01A,TCGA-3U-A98G-01A,1.0,0.0,0.0,0.0,0.0
14,48313650,+,14,48533640,-,MESO,1360,TCGA-3U-A98G-01A,TCGA-3U-A98G-01A,1.0,0.0,0.0,0.0,0.0
14,48536411,+,14,89369761,+,MESO,1361,TCGA-3U-A98G-01A,TCGA-3U-A98G-01A,1.0,0.0,0.0,0.0,0.0
14,48536570,-,14,87172466,-,MESO,1362,TCGA-3U-A98G-01A,TCGA-3U-A98G-01A,1.0,0.0,0.0,0.0,0.0
14,60163795,+,14,60452318,-,MESO,1363,TCGA-3U-A98G-01A,TCGA-3U-A98G-01A,1.0,0.0,0.0,0.0,0.0
14,60450734,+,14,87172414,+,MESO,1364,TCGA-3U-A98G-01A,TCGA-3U-A98G-01A,1.0,0.0,0.0,0.0,0.0
15,23831750,+,22,19683091,+,MESO,1365,TCGA-3U-A98G-01A,TCGA-3U-A98G-01A,1.0,0.0,0.0,0.0,0.0
15,83595249,+,15,83634773,-,MESO,1366,TCGA-3U-A98G-01A,TCGA-3U-A98G-01A,1.0,0.0,0.0,0.0,0.0
16,20550076,+,16,20607383,-,MESO,1367,TCGA-3U-A98G-01A,TCGA-3U-A98G-01A,1.0,0.0,0.0,0.0,0.0
16,29938779,+,16,29949401,+,MESO,1368,TCGA-3U-A98G-01A,TCGA-3U-A98G-01A,1.0,0.0,0.0,0.0,0.0
16,29941201,-,16,29949584,-,MESO,1369,TCGA-3U-A98G-01A,TCGA-3U-A98G-01A,1.0,0.0,0.0,0.0,0.0
16,46557732,-,16,47028948,-,MESO,1370,TCGA-3U-A98G-01A,TCGA-3U-A98G-01A,1.0,0.0,0.0,0.0,0.0
16,46693027,-,16,80422094,-,MESO,1371,TCGA-3U-A98G-01A,TCGA-3U-A98G-01A,1.0,0.0,0.0,0.0,0.0
16,46700812,+,16,50901248,+,MESO,1372,TCGA-3U-A98G-01A,TCGA-3U-A98G-01A,1.0,0.0,0.0,0.0,0.0
16,46983156,-,16,59403837,-,MESO,1373,TCGA-3U-A98G-01A,TCGA-3U-A98G-01A,1.0,0.0,0.0,0.0,0.0
16,47024234,+,16,55540141,+,MESO,1374,TCGA-3U-A98G-01A,TCGA-3U-A98G-01A,1.0,0.0,0.0,0.0,0.0
16,47154064,-,16,58561302,+,MESO,1375,TCGA-3U-A98G-01A,TCGA-3U-A98G-01A,1.0,0.0,0.0,0.0,0.0
16,47282093,+,16,56730673,+,MESO,1376,TCGA-3U-A98G-01A,TCGA-3U-A98G-01A,1.0,0.0,0.0,0.0,0.0
16,47302103,-,16,52488815,+,MESO,1377,TCGA-3U-A98G-01A,TCGA-3U-A98G-01A,1.0,0.0,0.0,0.0,0.0
16,47406085,+,16,64245912,-,MESO,1378,TCGA-3U-A98G-01A,TCGA-3U-A98G-01A,1.0,0.0,0.0,0.0,0.0
16,47409842,-,16,73919082,-,MESO,1379,TCGA-3U-A98G-01A,TCGA-3U-A98G-01A,1.0,0.0,0.0,0.0,0.0
16,47413194,+,16,75394749,+,MESO,1380,TCGA-3U-A98G-01A,TCGA-3U-A98G-01A,1.0,0.0,0.0,0.0,0.0
16,47481680,-,16,47498926,-,MESO,1381,TCGA-3U-A98G-01A,TCGA-3U-A98G-01A,1.0,0.0,0.0,0.0,0.0
16,47639835,-,16,49990486,-,MESO,1382,TCGA-3U-A98G-01A,TCGA-3U-A98G-01A,1.0,0.0,0.0,0.0,0.0
16,47704949,+,16,84556324,-,MESO,1383,TCGA-3U-A98G-01A,TCGA-3U-A98G-01A,1.0,0.0,0.0,0.0,0.0
16,47723130,-,16,88008000,+,MESO,1384,TCGA-3U-A98G-01A,TCGA-3U-A98G-01A,1.0,0.0,0.0,0.0,0.0
16,47786768,-,16,48857588,-,MESO,1385,TCGA-3U-A98G-01A,TCGA-3U-A98G-01A,1.0,0.0,0.0,0.0,0.0
16,48089136,+,16,48089265,+,MESO,1386,TCGA-3U-A98G-01A,TCGA-3U-A98G-01A,1.0,0.0,0.0,0.0,0.0
16,48089173,-,16,68463221,-,MESO,1387,TCGA-3U-A98G-01A,TCGA-3U-A98G-01A,1.0,0.0,0.0,0.0,0.0
16,48098766,-,16,54988230,-,MESO,1388,TCGA-3U-A98G-01A,TCGA-3U-A98G-01A,1.0,0.0,0.0,0.0,0.0
16,48398944,+,16,76515469,+,MESO,1389,TCGA-3U-A98G-01A,TCGA-3U-A98G-01A,1.0,0.0,0.0,0.0,0.0
16,48402582,-,16,48402717,-,MESO,1390,TCGA-3U-A98G-01A,TCGA-3U-A98G-01A,1.0,0.0,0.0,0.0,0.0
16,48402602,-,16,63858702,-,MESO,1391,TCGA-3U-A98G-01A,TCGA-3U-A98G-01A,1.0,0.0,0.0,0.0,0.0
16,48402702,+,16,63858815,-,MESO,1392,TCGA-3U-A98G-01A,TCGA-3U-A98G-01A,1.0,0.0,0.0,0.0,0.0
16,48649421,+,16,82042666,+,MESO,1393,TCGA-3U-A98G-01A,TCGA-3U-A98G-01A,1.0,0.0,0.0,0.0,0.0
16,48663744,-,16,79496182,-,MESO,1394,TCGA-3U-A98G-01A,TCGA-3U-A98G-01A,1.0,0.0,0.0,0.0,0.0
16,49226263,+,16,69942749,+,MESO,1395,TCGA-3U-A98G-01A,TCGA-3U-A98G-01A,1.0,0.0,0.0,0.0,0.0
16,49230378,-,16,69756711,-,MESO,1396,TCGA-3U-A98G-01A,TCGA-3U-A98G-01A,1.0,0.0,0.0,0.0,0.0
16,49295514,+,16,83818815,-,MESO,1397,TCGA-3U-A98G-01A,TCGA-3U-A98G-01A,1.0,0.0,0.0,0.0,0.0
16,49299728,-,16,54490507,-,MESO,1398,TCGA-3U-A98G-01A,TCGA-3U-A98G-01A,1.0,0.0,0.0,0.0,0.0
16,49414803,+,16,85946098,+,MESO,1399,TCGA-3U-A98G-01A,TCGA-3U-A98G-01A,1.0,0.0,0.0,0.0,0.0
16,49593705,+,16,88785112,-,MESO,1400,TCGA-3U-A98G-01A,TCGA-3U-A98G-01A,1.0,0.0,0.0,0.0,0.0
16,49602311,-,16,67761353,+,MESO,1401,TCGA-3U-A98G-01A,TCGA-3U-A98G-01A,1.0,0.0,0.0,0.0,0.0
16,49758545,-,16,84308639,+,MESO,1402,TCGA-3U-A98G-01A,TCGA-3U-A98G-01A,1.0,0.0,0.0,0.0,0.0
16,49986806,+,16,72977812,-,MESO,1403,TCGA-3U-A98G-01A,TCGA-3U-A98G-01A,1.0,0.0,0.0,0.0,0.0
16,50018147,-,16,69186512,+,MESO,1404,TCGA-3U-A98G-01A,TCGA-3U-A98G-01A,1.0,0.0,0.0,0.0,0.0
16,50891432,+,16,82047571,-,MESO,1405,TCGA-3U-A98G-01A,TCGA-3U-A98G-01A,1.0,0.0,0.0,0.0,0.0
16,50943807,-,16,62669129,-,MESO,1406,TCGA-3U-A98G-01A,TCGA-3U-A98G-01A,1.0,0.0,0.0,0.0,0.0
16,51171343,-,16,83494745,+,MESO,1407,TCGA-3U-A98G-01A,TCGA-3U-A98G-01A,1.0,0.0,0.0,0.0,0.0
16,51177804,+,16,71904532,-,MESO,1408,TCGA-3U-A98G-01A,TCGA-3U-A98G-01A,1.0,0.0,0.0,0.0,0.0
16,51181809,-,16,53601815,+,MESO,1409,TCGA-3U-A98G-01A,TCGA-3U-A98G-01A,1.0,0.0,0.0,0.0,0.0
16,51259962,+,16,66257937,-,MESO,1410,TCGA-3U-A98G-01A,TCGA-3U-A98G-01A,1.0,0.0,0.0,0.0,0.0
16,51260371,-,16,89289549,+,MESO,1411,TCGA-3U-A98G-01A,TCGA-3U-A98G-01A,1.0,0.0,0.0,0.0,0.0
16,51395021,+,16,83738879,-,MESO,1412,TCGA-3U-A98G-01A,TCGA-3U-A98G-01A,1.0,0.0,0.0,0.0,0.0
16,51681380,+,16,89217405,-,MESO,1413,TCGA-3U-A98G-01A,TCGA-3U-A98G-01A,1.0,0.0,0.0,0.0,0.0
16,51734318,-,16,82196799,-,MESO,1414,TCGA-3U-A98G-01A,TCGA-3U-A98G-01A,1.0,0.0,0.0,0.0,0.0
16,52043602,+,16,64292014,-,MESO,1415,TCGA-3U-A98G-01A,TCGA-3U-A98G-01A,1.0,0.0,0.0,0.0,0.0
16,52209482,+,16,71582781,-,MESO,1416,TCGA-3U-A98G-01A,TCGA-3U-A98G-01A,1.0,0.0,0.0,0.0,0.0
16,52210274,-,16,86642735,-,MESO,1417,TCGA-3U-A98G-01A,TCGA-3U-A98G-01A,1.0,0.0,0.0,0.0,0.0
16,52554900,+,16,59817816,+,MESO,1418,TCGA-3U-A98G-01A,TCGA-3U-A98G-01A,1.0,0.0,0.0,0.0,0.0
16,52717581,-,16,87273082,-,MESO,1419,TCGA-3U-A98G-01A,TCGA-3U-A98G-01A,1.0,0.0,0.0,0.0,0.0
16,52757245,+,16,73874418,+,MESO,1420,TCGA-3U-A98G-01A,TCGA-3U-A98G-01A,1.0,0.0,0.0,0.0,0.0
16,52758281,-,16,85919469,-,MESO,1421,TCGA-3U-A98G-01A,TCGA-3U-A98G-01A,1.0,0.0,0.0,0.0,0.0
16,53163421,+,16,56832884,-,MESO,1422,TCGA-3U-A98G-01A,TCGA-3U-A98G-01A,1.0,0.0,0.0,0.0,0.0
16,53182673,-,16,58199436,-,MESO,1423,TCGA-3U-A98G-01A,TCGA-3U-A98G-01A,1.0,0.0,0.0,0.0,0.0
16,53272912,-,16,82767663,+,MESO,1424,TCGA-3U-A98G-01A,TCGA-3U-A98G-01A,1.0,0.0,0.0,0.0,0.0
16,53285251,-,16,85598855,+,MESO,1425,TCGA-3U-A98G-01A,TCGA-3U-A98G-01A,1.0,0.0,0.0,0.0,0.0
16,53352782,+,16,87200501,+,MESO,1426,TCGA-3U-A98G-01A,TCGA-3U-A98G-01A,1.0,0.0,0.0,0.0,0.0
16,53355289,-,16,53603567,-,MESO,1427,TCGA-3U-A98G-01A,TCGA-3U-A98G-01A,1.0,0.0,0.0,0.0,0.0
16,53720518,-,16,69273478,+,MESO,1428,TCGA-3U-A98G-01A,TCGA-3U-A98G-01A,1.0,0.0,0.0,0.0,0.0
16,53750976,+,16,61486187,+,MESO,1429,TCGA-3U-A98G-01A,TCGA-3U-A98G-01A,1.0,0.0,0.0,0.0,0.0
16,53753691,-,16,82063108,-,MESO,1430,TCGA-3U-A98G-01A,TCGA-3U-A98G-01A,1.0,0.0,0.0,0.0,0.0
16,53795884,-,16,76624590,-,MESO,1431,TCGA-3U-A98G-01A,TCGA-3U-A98G-01A,1.0,0.0,0.0,0.0,0.0
16,53832450,+,16,62435997,+,MESO,1432,TCGA-3U-A98G-01A,TCGA-3U-A98G-01A,1.0,0.0,0.0,0.0,0.0
16,53836849,-,16,71576594,+,MESO,1433,TCGA-3U-A98G-01A,TCGA-3U-A98G-01A,1.0,0.0,0.0,0.0,0.0
16,54129868,-,16,87742547,+,MESO,1434,TCGA-3U-A98G-01A,TCGA-3U-A98G-01A,1.0,0.0,0.0,0.0,0.0
16,54135269,+,16,72302255,+,MESO,1435,TCGA-3U-A98G-01A,TCGA-3U-A98G-01A,1.0,0.0,0.0,0.0,0.0
16,54984697,+,16,86769459,+,MESO,1436,TCGA-3U-A98G-01A,TCGA-3U-A98G-01A,1.0,0.0,0.0,0.0,0.0
16,54988675,+,16,57995203,+,MESO,1437,TCGA-3U-A98G-01A,TCGA-3U-A98G-01A,1.0,0.0,0.0,0.0,0.0
16,55398848,-,16,55399028,-,MESO,1438,TCGA-3U-A98G-01A,TCGA-3U-A98G-01A,1.0,0.0,0.0,0.0,0.0
16,55399044,+,16,74969298,-,MESO,1439,TCGA-3U-A98G-01A,TCGA-3U-A98G-01A,1.0,0.0,0.0,0.0,0.0
16,55406406,+,16,55854047,-,MESO,1440,TCGA-3U-A98G-01A,TCGA-3U-A98G-01A,1.0,0.0,0.0,0.0,0.0
16,55636463,+,16,83121400,+,MESO,1441,TCGA-3U-A98G-01A,TCGA-3U-A98G-01A,1.0,0.0,0.0,0.0,0.0
16,55768955,+,16,79188825,+,MESO,1442,TCGA-3U-A98G-01A,TCGA-3U-A98G-01A,1.0,0.0,0.0,0.0,0.0
16,55770625,-,16,81943184,+,MESO,1443,TCGA-3U-A98G-01A,TCGA-3U-A98G-01A,1.0,0.0,0.0,0.0,0.0
16,55851245,+,16,83127610,+,MESO,1444,TCGA-3U-A98G-01A,TCGA-3U-A98G-01A,1.0,0.0,0.0,0.0,0.0
16,55872445,+,16,64521798,+,MESO,1445,TCGA-3U-A98G-01A,TCGA-3U-A98G-01A,1.0,0.0,0.0,0.0,0.0
16,55873163,-,16,57487772,+,MESO,1446,TCGA-3U-A98G-01A,TCGA-3U-A98G-01A,1.0,0.0,0.0,0.0,0.0
16,56510841,+,16,81841030,+,MESO,1447,TCGA-3U-A98G-01A,TCGA-3U-A98G-01A,1.0,0.0,0.0,0.0,0.0
16,56511690,-,16,73565326,+,MESO,1448,TCGA-3U-A98G-01A,TCGA-3U-A98G-01A,1.0,0.0,0.0,0.0,0.0
16,56570149,-,16,90004615,+,MESO,1449,TCGA-3U-A98G-01A,TCGA-3U-A98G-01A,1.0,0.0,0.0,0.0,0.0
16,56732446,-,16,73579574,-,MESO,1450,TCGA-3U-A98G-01A,TCGA-3U-A98G-01A,1.0,0.0,0.0,0.0,0.0
16,56750332,+,16,78578074,+,MESO,1451,TCGA-3U-A98G-01A,TCGA-3U-A98G-01A,1.0,0.0,0.0,0.0,0.0
16,56768229,-,16,70942673,-,MESO,1452,TCGA-3U-A98G-01A,TCGA-3U-A98G-01A,1.0,0.0,0.0,0.0,0.0
16,56815214,+,16,68718388,-,MESO,1453,TCGA-3U-A98G-01A,TCGA-3U-A98G-01A,1.0,0.0,0.0,0.0,0.0
16,56827021,+,16,81062292,-,MESO,1454,TCGA-3U-A98G-01A,TCGA-3U-A98G-01A,1.0,0.0,0.0,0.0,0.0
16,56829823,-,16,66543505,+,MESO,1455,TCGA-3U-A98G-01A,TCGA-3U-A98G-01A,1.0,0.0,0.0,0.0,0.0
16,57174768,+,16,57534020,+,MESO,1456,TCGA-3U-A98G-01A,TCGA-3U-A98G-01A,1.0,0.0,0.0,0.0,0.0
16,57198306,-,16,67537457,-,MESO,1457,TCGA-3U-A98G-01A,TCGA-3U-A98G-01A,1.0,0.0,0.0,0.0,0.0
16,57310679,-,16,67499570,+,MESO,1458,TCGA-3U-A98G-01A,TCGA-3U-A98G-01A,1.0,0.0,0.0,0.0,0.0
16,57490145,-,16,72060463,+,MESO,1459,TCGA-3U-A98G-01A,TCGA-3U-A98G-01A,1.0,0.0,0.0,0.0,0.0
16,57501625,+,16,66837499,+,MESO,1460,TCGA-3U-A98G-01A,TCGA-3U-A98G-01A,1.0,0.0,0.0,0.0,0.0
16,57505958,+,16,89014165,+,MESO,1461,TCGA-3U-A98G-01A,TCGA-3U-A98G-01A,1.0,0.0,0.0,0.0,0.0
16,57506927,+,16,83426235,-,MESO,1462,TCGA-3U-A98G-01A,TCGA-3U-A98G-01A,1.0,0.0,0.0,0.0,0.0
16,57507831,-,16,88007493,-,MESO,1463,TCGA-3U-A98G-01A,TCGA-3U-A98G-01A,1.0,0.0,0.0,0.0,0.0
16,57620555,-,16,70939071,-,MESO,1464,TCGA-3U-A98G-01A,TCGA-3U-A98G-01A,1.0,0.0,0.0,0.0,0.0
16,57673002,+,16,72392768,-,MESO,1465,TCGA-3U-A98G-01A,TCGA-3U-A98G-01A,1.0,0.0,0.0,0.0,0.0
16,57678126,-,16,65134364,-,MESO,1466,TCGA-3U-A98G-01A,TCGA-3U-A98G-01A,1.0,0.0,0.0,0.0,0.0
16,57793063,-,16,85712281,+,MESO,1467,TCGA-3U-A98G-01A,TCGA-3U-A98G-01A,1.0,0.0,0.0,0.0,0.0
16,57969962,+,16,58248969,-,MESO,1468,TCGA-3U-A98G-01A,TCGA-3U-A98G-01A,1.0,0.0,0.0,0.0,0.0
16,57971052,-,16,85395562,-,MESO,1469,TCGA-3U-A98G-01A,TCGA-3U-A98G-01A,1.0,0.0,0.0,0.0,0.0
16,57993700,-,16,59174850,-,MESO,1470,TCGA-3U-A98G-01A,TCGA-3U-A98G-01A,1.0,0.0,0.0,0.0,0.0
16,58004071,-,16,85089670,+,MESO,1471,TCGA-3U-A98G-01A,TCGA-3U-A98G-01A,1.0,0.0,0.0,0.0,0.0
16,58026259,+,16,69080361,+,MESO,1472,TCGA-3U-A98G-01A,TCGA-3U-A98G-01A,1.0,0.0,0.0,0.0,0.0
16,58122466,+,16,66189122,+,MESO,1473,TCGA-3U-A98G-01A,TCGA-3U-A98G-01A,1.0,0.0,0.0,0.0,0.0
16,58122564,-,16,66250746,+,MESO,1474,TCGA-3U-A98G-01A,TCGA-3U-A98G-01A,1.0,0.0,0.0,0.0,0.0
16,58146190,+,16,74046054,+,MESO,1475,TCGA-3U-A98G-01A,TCGA-3U-A98G-01A,1.0,0.0,0.0,0.0,0.0
16,58149392,-,16,89617225,+,MESO,1476,TCGA-3U-A98G-01A,TCGA-3U-A98G-01A,1.0,0.0,0.0,0.0,0.0
16,58149803,+,16,66795376,-,MESO,1477,TCGA-3U-A98G-01A,TCGA-3U-A98G-01A,1.0,0.0,0.0,0.0,0.0
16,58248202,+,16,70454600,-,MESO,1478,TCGA-3U-A98G-01A,TCGA-3U-A98G-01A,1.0,0.0,0.0,0.0,0.0
16,58369782,-,16,64523485,-,MESO,1479,TCGA-3U-A98G-01A,TCGA-3U-A98G-01A,1.0,0.0,0.0,0.0,0.0
16,58425986,+,16,63031642,+,MESO,1480,TCGA-3U-A98G-01A,TCGA-3U-A98G-01A,1.0,0.0,0.0,0.0,0.0
16,58449474,-,16,62238079,-,MESO,1481,TCGA-3U-A98G-01A,TCGA-3U-A98G-01A,1.0,0.0,0.0,0.0,0.0
16,58602962,+,16,83133260,-,MESO,1482,TCGA-3U-A98G-01A,TCGA-3U-A98G-01A,1.0,0.0,0.0,0.0,0.0
16,59132536,+,16,65032929,+,MESO,1483,TCGA-3U-A98G-01A,TCGA-3U-A98G-01A,1.0,0.0,0.0,0.0,0.0
16,59397376,+,16,62438881,-,MESO,1484,TCGA-3U-A98G-01A,TCGA-3U-A98G-01A,1.0,0.0,0.0,0.0,0.0
16,59826704,-,16,71267011,-,MESO,1485,TCGA-3U-A98G-01A,TCGA-3U-A98G-01A,1.0,0.0,0.0,0.0,0.0
16,60536641,+,16,86489355,+,MESO,1486,TCGA-3U-A98G-01A,TCGA-3U-A98G-01A,1.0,0.0,0.0,0.0,0.0
16,61493486,-,16,62655201,+,MESO,1487,TCGA-3U-A98G-01A,TCGA-3U-A98G-01A,1.0,0.0,0.0,0.0,0.0
16,62282846,+,16,68804570,-,MESO,1488,TCGA-3U-A98G-01A,TCGA-3U-A98G-01A,1.0,0.0,0.0,0.0,0.0
16,62294816,-,16,65518640,-,MESO,1489,TCGA-3U-A98G-01A,TCGA-3U-A98G-01A,1.0,0.0,0.0,0.0,0.0
16,62345158,+,16,83978299,-,MESO,1490,TCGA-3U-A98G-01A,TCGA-3U-A98G-01A,1.0,0.0,0.0,0.0,0.0
16,62349236,-,16,76524030,-,MESO,1491,TCGA-3U-A98G-01A,TCGA-3U-A98G-01A,1.0,0.0,0.0,0.0,0.0
16,62743042,-,16,62743181,-,MESO,1492,TCGA-3U-A98G-01A,TCGA-3U-A98G-01A,1.0,0.0,0.0,0.0,0.0
16,62743201,+,16,89531340,-,MESO,1493,TCGA-3U-A98G-01A,TCGA-3U-A98G-01A,1.0,0.0,0.0,0.0,0.0
16,62747352,+,16,62755421,-,MESO,1494,TCGA-3U-A98G-01A,TCGA-3U-A98G-01A,1.0,0.0,0.0,0.0,0.0
16,63034310,-,16,64184025,-,MESO,1495,TCGA-3U-A98G-01A,TCGA-3U-A98G-01A,1.0,0.0,0.0,0.0,0.0
16,63061568,+,16,66264751,+,MESO,1496,TCGA-3U-A98G-01A,TCGA-3U-A98G-01A,1.0,0.0,0.0,0.0,0.0
16,63071226,-,16,68800925,+,MESO,1497,TCGA-3U-A98G-01A,TCGA-3U-A98G-01A,1.0,0.0,0.0,0.0,0.0
16,63609412,+,16,80285718,+,MESO,1498,TCGA-3U-A98G-01A,TCGA-3U-A98G-01A,1.0,0.0,0.0,0.0,0.0
16,63613788,-,16,64237136,+,MESO,1499,TCGA-3U-A98G-01A,TCGA-3U-A98G-01A,1.0,0.0,0.0,0.0,0.0
16,63793951,+,16,63796231,-,MESO,1500,TCGA-3U-A98G-01A,TCGA-3U-A98G-01A,1.0,0.0,0.0,0.0,0.0
16,63850756,+,16,65204260,+,MESO,1501,TCGA-3U-A98G-01A,TCGA-3U-A98G-01A,1.0,0.0,0.0,0.0,0.0
16,63857614,-,16,69763007,+,MESO,1502,TCGA-3U-A98G-01A,TCGA-3U-A98G-01A,1.0,0.0,0.0,0.0,0.0
16,63858742,+,16,75708989,-,MESO,1503,TCGA-3U-A98G-01A,TCGA-3U-A98G-01A,1.0,0.0,0.0,0.0,0.0
16,63996101,-,16,71478919,-,MESO,1504,TCGA-3U-A98G-01A,TCGA-3U-A98G-01A,1.0,0.0,0.0,0.0,0.0
16,64084152,+,16,81474586,-,MESO,1505,TCGA-3U-A98G-01A,TCGA-3U-A98G-01A,1.0,0.0,0.0,0.0,0.0
16,64087032,-,16,84833353,-,MESO,1506,TCGA-3U-A98G-01A,TCGA-3U-A98G-01A,1.0,0.0,0.0,0.0,0.0
16,64286133,+,16,75247287,-,MESO,1507,TCGA-3U-A98G-01A,TCGA-3U-A98G-01A,1.0,0.0,0.0,0.0,0.0
16,64765790,+,16,75321421,+,MESO,1508,TCGA-3U-A98G-01A,TCGA-3U-A98G-01A,1.0,0.0,0.0,0.0,0.0
16,64970193,-,16,86642179,+,MESO,1509,TCGA-3U-A98G-01A,TCGA-3U-A98G-01A,1.0,0.0,0.0,0.0,0.0
16,65040337,-,16,68633548,+,MESO,1510,TCGA-3U-A98G-01A,TCGA-3U-A98G-01A,1.0,0.0,0.0,0.0,0.0
16,65059734,+,16,89571520,-,MESO,1511,TCGA-3U-A98G-01A,TCGA-3U-A98G-01A,1.0,0.0,0.0,0.0,0.0
16,65300782,-,16,84397298,+,MESO,1512,TCGA-3U-A98G-01A,TCGA-3U-A98G-01A,1.0,0.0,0.0,0.0,0.0
16,65343618,+,16,76587435,+,MESO,1513,TCGA-3U-A98G-01A,TCGA-3U-A98G-01A,1.0,0.0,0.0,0.0,0.0
16,65348119,-,16,82892218,-,MESO,1514,TCGA-3U-A98G-01A,TCGA-3U-A98G-01A,1.0,0.0,0.0,0.0,0.0
16,65500807,-,16,72703720,+,MESO,1515,TCGA-3U-A98G-01A,TCGA-3U-A98G-01A,1.0,0.0,0.0,0.0,0.0
16,66178181,+,16,82778856,-,MESO,1516,TCGA-3U-A98G-01A,TCGA-3U-A98G-01A,1.0,0.0,0.0,0.0,0.0
16,66190284,-,16,81288992,+,MESO,1517,TCGA-3U-A98G-01A,TCGA-3U-A98G-01A,1.0,0.0,0.0,0.0,0.0
16,66276384,-,16,84407732,+,MESO,1518,TCGA-3U-A98G-01A,TCGA-3U-A98G-01A,1.0,0.0,0.0,0.0,0.0
16,66688021,+,16,66825033,+,MESO,1519,TCGA-3U-A98G-01A,TCGA-3U-A98G-01A,1.0,0.0,0.0,0.0,0.0
16,66697085,+,16,86765194,-,MESO,1520,TCGA-3U-A98G-01A,TCGA-3U-A98G-01A,1.0,0.0,0.0,0.0,0.0
16,66700155,+,16,72898818,-,MESO,1521,TCGA-3U-A98G-01A,TCGA-3U-A98G-01A,1.0,0.0,0.0,0.0,0.0
16,66705773,-,16,81664997,+,MESO,1522,TCGA-3U-A98G-01A,TCGA-3U-A98G-01A,1.0,0.0,0.0,0.0,0.0
16,66760714,-,16,68700577,+,MESO,1523,TCGA-3U-A98G-01A,TCGA-3U-A98G-01A,1.0,0.0,0.0,0.0,0.0
16,67054183,+,16,87129252,-,MESO,1524,TCGA-3U-A98G-01A,TCGA-3U-A98G-01A,1.0,0.0,0.0,0.0,0.0
16,67086859,-,16,81474858,-,MESO,1525,TCGA-3U-A98G-01A,TCGA-3U-A98G-01A,1.0,0.0,0.0,0.0,0.0
16,67323701,+,16,67433993,+,MESO,1526,TCGA-3U-A98G-01A,TCGA-3U-A98G-01A,1.0,0.0,0.0,0.0,0.0
16,67326778,-,16,85106280,-,MESO,1527,TCGA-3U-A98G-01A,TCGA-3U-A98G-01A,1.0,0.0,0.0,0.0,0.0
16,67455427,-,16,73919131,+,MESO,1528,TCGA-3U-A98G-01A,TCGA-3U-A98G-01A,1.0,0.0,0.0,0.0,0.0
16,67495293,-,16,72074543,-,MESO,1529,TCGA-3U-A98G-01A,TCGA-3U-A98G-01A,1.0,0.0,0.0,0.0,0.0
16,67502362,-,16,67611628,+,MESO,1530,TCGA-3U-A98G-01A,TCGA-3U-A98G-01A,1.0,0.0,0.0,0.0,0.0
16,67779295,-,16,89330574,-,MESO,1531,TCGA-3U-A98G-01A,TCGA-3U-A98G-01A,1.0,0.0,0.0,0.0,0.0
16,67803605,-,16,90012494,-,MESO,1532,TCGA-3U-A98G-01A,TCGA-3U-A98G-01A,1.0,0.0,0.0,0.0,0.0
16,67862396,+,16,72972898,+,MESO,1533,TCGA-3U-A98G-01A,TCGA-3U-A98G-01A,1.0,0.0,0.0,0.0,0.0
16,67891125,-,16,89685295,-,MESO,1534,TCGA-3U-A98G-01A,TCGA-3U-A98G-01A,1.0,0.0,0.0,0.0,0.0
16,68460289,+,16,75339490,-,MESO,1535,TCGA-3U-A98G-01A,TCGA-3U-A98G-01A,1.0,0.0,0.0,0.0,0.0
16,68648964,-,16,90011792,+,MESO,1536,TCGA-3U-A98G-01A,TCGA-3U-A98G-01A,1.0,0.0,0.0,0.0,0.0
16,68843866,+,16,76914311,+,MESO,1537,TCGA-3U-A98G-01A,TCGA-3U-A98G-01A,1.0,0.0,0.0,0.0,0.0
16,68967998,+,16,84941687,-,MESO,1538,TCGA-3U-A98G-01A,TCGA-3U-A98G-01A,1.0,0.0,0.0,0.0,0.0
16,69164425,-,16,84589359,-,MESO,1539,TCGA-3U-A98G-01A,TCGA-3U-A98G-01A,1.0,0.0,0.0,0.0,0.0
16,69185903,-,16,86578673,+,MESO,1540,TCGA-3U-A98G-01A,TCGA-3U-A98G-01A,1.0,0.0,0.0,0.0,0.0
16,69205158,+,16,86186910,+,MESO,1541,TCGA-3U-A98G-01A,TCGA-3U-A98G-01A,1.0,0.0,0.0,0.0,0.0
16,69207459,-,16,89325496,+,MESO,1542,TCGA-3U-A98G-01A,TCGA-3U-A98G-01A,1.0,0.0,0.0,0.0,0.0
16,69318763,+,16,86204735,-,MESO,1543,TCGA-3U-A98G-01A,TCGA-3U-A98G-01A,1.0,0.0,0.0,0.0,0.0
16,69392634,-,16,85599921,-,MESO,1544,TCGA-3U-A98G-01A,TCGA-3U-A98G-01A,1.0,0.0,0.0,0.0,0.0
16,69437938,-,16,85601139,-,MESO,1545,TCGA-3U-A98G-01A,TCGA-3U-A98G-01A,1.0,0.0,0.0,0.0,0.0
16,69466549,+,16,85716172,-,MESO,1546,TCGA-3U-A98G-01A,TCGA-3U-A98G-01A,1.0,0.0,0.0,0.0,0.0
16,69484439,-,16,87465874,+,MESO,1547,TCGA-3U-A98G-01A,TCGA-3U-A98G-01A,1.0,0.0,0.0,0.0,0.0
16,70256201,+,16,73615779,+,MESO,1548,TCGA-3U-A98G-01A,TCGA-3U-A98G-01A,1.0,0.0,0.0,0.0,0.0
16,70455878,+,16,84960276,+,MESO,1549,TCGA-3U-A98G-01A,TCGA-3U-A98G-01A,1.0,0.0,0.0,0.0,0.0
16,70463744,-,16,78143616,-,MESO,1550,TCGA-3U-A98G-01A,TCGA-3U-A98G-01A,1.0,0.0,0.0,0.0,0.0
16,71254961,+,16,74061926,+,MESO,1551,TCGA-3U-A98G-01A,TCGA-3U-A98G-01A,1.0,0.0,0.0,0.0,0.0
16,71572940,-,16,73922490,-,MESO,1552,TCGA-3U-A98G-01A,TCGA-3U-A98G-01A,1.0,0.0,0.0,0.0,0.0
16,72115580,-,16,83786659,+,MESO,1553,TCGA-3U-A98G-01A,TCGA-3U-A98G-01A,1.0,0.0,0.0,0.0,0.0
16,72303564,-,16,72884148,+,MESO,1554,TCGA-3U-A98G-01A,TCGA-3U-A98G-01A,1.0,0.0,0.0,0.0,0.0
16,72385312,+,16,76214369,+,MESO,1555,TCGA-3U-A98G-01A,TCGA-3U-A98G-01A,1.0,0.0,0.0,0.0,0.0
16,72707151,-,16,80313107,-,MESO,1556,TCGA-3U-A98G-01A,TCGA-3U-A98G-01A,1.0,0.0,0.0,0.0,0.0
16,72896593,+,16,87128787,+,MESO,1557,TCGA-3U-A98G-01A,TCGA-3U-A98G-01A,1.0,0.0,0.0,0.0,0.0
16,72938319,+,16,80118448,+,MESO,1558,TCGA-3U-A98G-01A,TCGA-3U-A98G-01A,1.0,0.0,0.0,0.0,0.0
16,73299009,+,16,87495232,-,MESO,1559,TCGA-3U-A98G-01A,TCGA-3U-A98G-01A,1.0,0.0,0.0,0.0,0.0
16,73311980,-,16,82509437,-,MESO,1560,TCGA-3U-A98G-01A,TCGA-3U-A98G-01A,1.0,0.0,0.0,0.0,0.0
16,73329290,-,16,81310670,-,MESO,1561,TCGA-3U-A98G-01A,TCGA-3U-A98G-01A,1.0,0.0,0.0,0.0,0.0
16,73417215,+,16,73628284,-,MESO,1562,TCGA-3U-A98G-01A,TCGA-3U-A98G-01A,1.0,0.0,0.0,0.0,0.0
16,73871699,+,16,87262798,+,MESO,1563,TCGA-3U-A98G-01A,TCGA-3U-A98G-01A,1.0,0.0,0.0,0.0,0.0
16,73880056,-,16,81247331,-,MESO,1564,TCGA-3U-A98G-01A,TCGA-3U-A98G-01A,1.0,0.0,0.0,0.0,0.0
16,74365055,-,16,85251167,-,MESO,1565,TCGA-3U-A98G-01A,TCGA-3U-A98G-01A,1.0,0.0,0.0,0.0,0.0
16,74848022,-,16,79220963,+,MESO,1566,TCGA-3U-A98G-01A,TCGA-3U-A98G-01A,1.0,0.0,0.0,0.0,0.0
16,74860748,+,16,80593661,-,MESO,1567,TCGA-3U-A98G-01A,TCGA-3U-A98G-01A,1.0,0.0,0.0,0.0,0.0
16,74915289,+,16,88546245,-,MESO,1568,TCGA-3U-A98G-01A,TCGA-3U-A98G-01A,1.0,0.0,0.0,0.0,0.0
16,74918511,+,16,88299241,+,MESO,1569,TCGA-3U-A98G-01A,TCGA-3U-A98G-01A,1.0,0.0,0.0,0.0,0.0
16,75002184,+,16,89892702,-,MESO,1570,TCGA-3U-A98G-01A,TCGA-3U-A98G-01A,1.0,0.0,0.0,0.0,0.0
16,75780902,-,16,76050130,-,MESO,1571,TCGA-3U-A98G-01A,TCGA-3U-A98G-01A,1.0,0.0,0.0,0.0,0.0
16,76230540,-,16,79627661,-,MESO,1572,TCGA-3U-A98G-01A,TCGA-3U-A98G-01A,1.0,0.0,0.0,0.0,0.0
16,76587273,-,16,84785419,-,MESO,1573,TCGA-3U-A98G-01A,TCGA-3U-A98G-01A,1.0,0.0,0.0,0.0,0.0
16,76917934,-,16,78592499,-,MESO,1574,TCGA-3U-A98G-01A,TCGA-3U-A98G-01A,1.0,0.0,0.0,0.0,0.0
16,76930638,+,16,78660256,-,MESO,1575,TCGA-3U-A98G-01A,TCGA-3U-A98G-01A,1.0,0.0,0.0,0.0,0.0
16,77179405,+,16,85768727,+,MESO,1576,TCGA-3U-A98G-01A,TCGA-3U-A98G-01A,1.0,0.0,0.0,0.0,0.0
16,77286185,-,16,78514361,-,MESO,1577,TCGA-3U-A98G-01A,TCGA-3U-A98G-01A,1.0,0.0,0.0,0.0,0.0
16,77320126,+,16,84693991,+,MESO,1578,TCGA-3U-A98G-01A,TCGA-3U-A98G-01A,1.0,0.0,0.0,0.0,0.0
16,77329777,-,16,78629611,+,MESO,1579,TCGA-3U-A98G-01A,TCGA-3U-A98G-01A,1.0,0.0,0.0,0.0,0.0
16,78456493,-,16,79191489,-,MESO,1580,TCGA-3U-A98G-01A,TCGA-3U-A98G-01A,1.0,0.0,0.0,0.0,0.0
16,78655501,+,16,82879233,+,MESO,1581,TCGA-3U-A98G-01A,TCGA-3U-A98G-01A,1.0,0.0,0.0,0.0,0.0
16,78663520,-,16,83790514,+,MESO,1582,TCGA-3U-A98G-01A,TCGA-3U-A98G-01A,1.0,0.0,0.0,0.0,0.0
16,79118955,-,16,80140344,+,MESO,1583,TCGA-3U-A98G-01A,TCGA-3U-A98G-01A,1.0,0.0,0.0,0.0,0.0
16,79812371,-,16,88874489,-,MESO,1584,TCGA-3U-A98G-01A,TCGA-3U-A98G-01A,1.0,0.0,0.0,0.0,0.0
16,80533244,+,16,82089365,+,MESO,1585,TCGA-3U-A98G-01A,TCGA-3U-A98G-01A,1.0,0.0,0.0,0.0,0.0
16,80869793,+,16,87469042,+,MESO,1586,TCGA-3U-A98G-01A,TCGA-3U-A98G-01A,1.0,0.0,0.0,0.0,0.0
16,80879560,-,16,87753375,-,MESO,1587,TCGA-3U-A98G-01A,TCGA-3U-A98G-01A,1.0,0.0,0.0,0.0,0.0
16,80883328,+,16,87368031,-,MESO,1588,TCGA-3U-A98G-01A,TCGA-3U-A98G-01A,1.0,0.0,0.0,0.0,0.0
16,81243014,+,16,86612692,+,MESO,1589,TCGA-3U-A98G-01A,TCGA-3U-A98G-01A,1.0,0.0,0.0,0.0,0.0
16,81474590,+,16,81474739,+,MESO,1590,TCGA-3U-A98G-01A,TCGA-3U-A98G-01A,1.0,0.0,0.0,0.0,0.0
16,81658583,-,16,84550481,+,MESO,1591,TCGA-3U-A98G-01A,TCGA-3U-A98G-01A,1.0,0.0,0.0,0.0,0.0
16,82146931,+,16,88869103,+,MESO,1592,TCGA-3U-A98G-01A,TCGA-3U-A98G-01A,1.0,0.0,0.0,0.0,0.0
16,82488784,+,16,90019630,-,MESO,1593,TCGA-3U-A98G-01A,TCGA-3U-A98G-01A,1.0,0.0,0.0,0.0,0.0
16,82815586,+,16,82848549,-,MESO,1594,TCGA-3U-A98G-01A,TCGA-3U-A98G-01A,1.0,0.0,0.0,0.0,0.0
16,83122818,-,16,84067769,-,MESO,1595,TCGA-3U-A98G-01A,TCGA-3U-A98G-01A,1.0,0.0,0.0,0.0,0.0
16,84318014,-,16,88446831,-,MESO,1596,TCGA-3U-A98G-01A,TCGA-3U-A98G-01A,1.0,0.0,0.0,0.0,0.0
16,84441340,-,16,85351589,+,MESO,1597,TCGA-3U-A98G-01A,TCGA-3U-A98G-01A,1.0,0.0,0.0,0.0,0.0
16,84939939,+,16,86724097,-,MESO,1598,TCGA-3U-A98G-01A,TCGA-3U-A98G-01A,1.0,0.0,0.0,0.0,0.0
16,85048194,-,16,88300277,-,MESO,1599,TCGA-3U-A98G-01A,TCGA-3U-A98G-01A,1.0,0.0,0.0,0.0,0.0
16,85096349,+,16,88200263,-,MESO,1600,TCGA-3U-A98G-01A,TCGA-3U-A98G-01A,1.0,0.0,0.0,0.0,0.0
16,85365015,-,16,90012759,+,MESO,1601,TCGA-3U-A98G-01A,TCGA-3U-A98G-01A,1.0,0.0,0.0,0.0,0.0
16,85395476,+,16,85395799,+,MESO,1602,TCGA-3U-A98G-01A,TCGA-3U-A98G-01A,1.0,0.0,0.0,0.0,0.0
16,85396596,-,16,86698686,+,MESO,1603,TCGA-3U-A98G-01A,TCGA-3U-A98G-01A,1.0,0.0,0.0,0.0,0.0
16,85466079,+,16,86615380,-,MESO,1604,TCGA-3U-A98G-01A,TCGA-3U-A98G-01A,1.0,0.0,0.0,0.0,0.0
16,85467207,-,16,89406406,-,MESO,1605,TCGA-3U-A98G-01A,TCGA-3U-A98G-01A,1.0,0.0,0.0,0.0,0.0
16,85918383,-,16,86775532,-,MESO,1606,TCGA-3U-A98G-01A,TCGA-3U-A98G-01A,1.0,0.0,0.0,0.0,0.0
16,86106675,+,16,89402567,+,MESO,1607,TCGA-3U-A98G-01A,TCGA-3U-A98G-01A,1.0,0.0,0.0,0.0,0.0
16,86125282,-,16,89579074,-,MESO,1608,TCGA-3U-A98G-01A,TCGA-3U-A98G-01A,1.0,0.0,0.0,0.0,0.0
16,86772713,-,16,88464191,+,MESO,1609,TCGA-3U-A98G-01A,TCGA-3U-A98G-01A,1.0,0.0,0.0,0.0,0.0
16,86772997,+,16,89572099,+,MESO,1610,TCGA-3U-A98G-01A,TCGA-3U-A98G-01A,1.0,0.0,0.0,0.0,0.0
16,88001800,+,16,88781448,+,MESO,1611,TCGA-3U-A98G-01A,TCGA-3U-A98G-01A,1.0,0.0,0.0,0.0,0.0
16,88263021,+,16,88444246,+,MESO,1612,TCGA-3U-A98G-01A,TCGA-3U-A98G-01A,1.0,0.0,0.0,0.0,0.0
17,15951039,-,19,32798013,-,MESO,1613,TCGA-3U-A98G-01A,TCGA-3U-A98G-01A,1.0,0.0,0.0,0.0,0.0
17,23100069,+,17,23172640,-,MESO,1614,TCGA-3U-A98G-01A,TCGA-3U-A98G-01A,1.0,0.0,0.0,0.0,0.0
17,37641859,-,19,32794595,-,MESO,1615,TCGA-3U-A98G-01A,TCGA-3U-A98G-01A,1.0,0.0,0.0,0.0,0.0
18,4635926,+,18,4646301,+,MESO,1616,TCGA-3U-A98G-01A,TCGA-3U-A98G-01A,1.0,0.0,0.0,0.0,0.0
18,4637425,-,18,8051682,+,MESO,1617,TCGA-3U-A98G-01A,TCGA-3U-A98G-01A,1.0,0.0,0.0,0.0,0.0
18,4637635,+,18,4646021,-,MESO,1618,TCGA-3U-A98G-01A,TCGA-3U-A98G-01A,1.0,0.0,0.0,0.0,0.0
18,4647441,-,18,8052751,-,MESO,1619,TCGA-3U-A98G-01A,TCGA-3U-A98G-01A,1.0,0.0,0.0,0.0,0.0
18,40227059,+,18,40227404,-,MESO,1620,TCGA-3U-A98G-01A,TCGA-3U-A98G-01A,1.0,0.0,0.0,0.0,0.0
19,27912950,+,19,32797974,+,MESO,1621,TCGA-3U-A98G-01A,TCGA-3U-A98G-01A,1.0,0.0,0.0,0.0,0.0
19,30145264,+,19,30157751,+,MESO,1622,TCGA-3U-A98G-01A,TCGA-3U-A98G-01A,1.0,0.0,0.0,0.0,0.0
19,30145748,-,19,30157968,-,MESO,1623,TCGA-3U-A98G-01A,TCGA-3U-A98G-01A,1.0,0.0,0.0,0.0,0.0
19,30150459,+,19,30151784,-,MESO,1624,TCGA-3U-A98G-01A,TCGA-3U-A98G-01A,1.0,0.0,0.0,0.0,0.0
19,43658191,+,19,43748225,+,MESO,1625,TCGA-3U-A98G-01A,TCGA-3U-A98G-01A,1.0,0.0,0.0,0.0,0.0
19,43682377,-,19,43748274,-,MESO,1626,TCGA-3U-A98G-01A,TCGA-3U-A98G-01A,1.0,0.0,0.0,0.0,0.0
2,13135638,+,2,13154874,-,MESO,1627,TCGA-3U-A98G-01A,TCGA-3U-A98G-01A,1.0,0.0,0.0,0.0,0.0
2,32751868,+,2,34655282,+,MESO,1628,TCGA-3U-A98G-01A,TCGA-3U-A98G-01A,1.0,0.0,0.0,0.0,0.0
2,32752454,-,2,56438288,+,MESO,1629,TCGA-3U-A98G-01A,TCGA-3U-A98G-01A,1.0,0.0,0.0,0.0,0.0
2,34657038,-,2,47492222,-,MESO,1630,TCGA-3U-A98G-01A,TCGA-3U-A98G-01A,1.0,0.0,0.0,0.0,0.0
2,35564536,-,2,35599752,+,MESO,1631,TCGA-3U-A98G-01A,TCGA-3U-A98G-01A,1.0,0.0,0.0,0.0,0.0
2,35577768,+,2,35704348,-,MESO,1632,TCGA-3U-A98G-01A,TCGA-3U-A98G-01A,1.0,0.0,0.0,0.0,0.0
2,35577835,-,2,35599767,-,MESO,1633,TCGA-3U-A98G-01A,TCGA-3U-A98G-01A,1.0,0.0,0.0,0.0,0.0
2,47492117,+,2,188332457,-,MESO,1634,TCGA-3U-A98G-01A,TCGA-3U-A98G-01A,1.0,0.0,0.0,0.0,0.0
2,55586072,+,2,190489971,-,MESO,1635,TCGA-3U-A98G-01A,TCGA-3U-A98G-01A,1.0,0.0,0.0,0.0,0.0
2,55586139,-,2,57182194,-,MESO,1636,TCGA-3U-A98G-01A,TCGA-3U-A98G-01A,1.0,0.0,0.0,0.0,0.0
2,56438427,-,2,189350595,+,MESO,1637,TCGA-3U-A98G-01A,TCGA-3U-A98G-01A,1.0,0.0,0.0,0.0,0.0
2,56439127,+,2,189350614,-,MESO,1638,TCGA-3U-A98G-01A,TCGA-3U-A98G-01A,1.0,0.0,0.0,0.0,0.0
2,56444602,-,2,190156010,+,MESO,1639,TCGA-3U-A98G-01A,TCGA-3U-A98G-01A,1.0,0.0,0.0,0.0,0.0
2,57181299,+,2,190487754,+,MESO,1640,TCGA-3U-A98G-01A,TCGA-3U-A98G-01A,1.0,0.0,0.0,0.0,0.0
2,61524181,+,2,61528982,-,MESO,1641,TCGA-3U-A98G-01A,TCGA-3U-A98G-01A,1.0,0.0,0.0,0.0,0.0
2,76313946,-,19,8009590,+,MESO,1642,TCGA-3U-A98G-01A,TCGA-3U-A98G-01A,1.0,0.0,0.0,0.0,0.0
2,77473174,+,6,50873820,-,MESO,1643,TCGA-3U-A98G-01A,TCGA-3U-A98G-01A,1.0,0.0,0.0,0.0,0.0
2,121474484,+,2,121520508,-,MESO,1644,TCGA-3U-A98G-01A,TCGA-3U-A98G-01A,1.0,0.0,0.0,0.0,0.0
2,152475354,+,2,152493431,-,MESO,1645,TCGA-3U-A98G-01A,TCGA-3U-A98G-01A,1.0,0.0,0.0,0.0,0.0
2,164998101,+,2,165429465,-,MESO,1646,TCGA-3U-A98G-01A,TCGA-3U-A98G-01A,1.0,0.0,0.0,0.0,0.0
2,165131241,-,2,166387395,-,MESO,1647,TCGA-3U-A98G-01A,TCGA-3U-A98G-01A,1.0,0.0,0.0,0.0,0.0
2,165170047,+,2,165417090,+,MESO,1648,TCGA-3U-A98G-01A,TCGA-3U-A98G-01A,1.0,0.0,0.0,0.0,0.0
2,165184219,-,2,165193772,-,MESO,1649,TCGA-3U-A98G-01A,TCGA-3U-A98G-01A,1.0,0.0,0.0,0.0,0.0
2,165193773,+,2,165332836,-,MESO,1650,TCGA-3U-A98G-01A,TCGA-3U-A98G-01A,1.0,0.0,0.0,0.0,0.0
2,165332826,+,2,165408890,-,MESO,1651,TCGA-3U-A98G-01A,TCGA-3U-A98G-01A,1.0,0.0,0.0,0.0,0.0
2,165337184,+,2,165408884,+,MESO,1652,TCGA-3U-A98G-01A,TCGA-3U-A98G-01A,1.0,0.0,0.0,0.0,0.0
2,165365449,-,2,166281650,+,MESO,1653,TCGA-3U-A98G-01A,TCGA-3U-A98G-01A,1.0,0.0,0.0,0.0,0.0
2,190482774,+,2,190485919,-,MESO,1654,TCGA-3U-A98G-01A,TCGA-3U-A98G-01A,1.0,0.0,0.0,0.0,0.0
2,222866745,-,17,1399753,+,MESO,1655,TCGA-3U-A98G-01A,TCGA-3U-A98G-01A,1.0,0.0,0.0,0.0,0.0
20,35229353,+,20,35231431,-,MESO,1656,TCGA-3U-A98G-01A,TCGA-3U-A98G-01A,1.0,0.0,0.0,0.0,0.0
20,46298943,+,20,46311432,-,MESO,1657,TCGA-3U-A98G-01A,TCGA-3U-A98G-01A,1.0,0.0,0.0,0.0,0.0
21,26317969,+,21,26335447,+,MESO,1658,TCGA-3U-A98G-01A,TCGA-3U-A98G-01A,1.0,0.0,0.0,0.0,0.0
21,26334148,-,21,26335856,+,MESO,1659,TCGA-3U-A98G-01A,TCGA-3U-A98G-01A,1.0,0.0,0.0,0.0,0.0
21,26335451,-,21,26335892,-,MESO,1660,TCGA-3U-A98G-01A,TCGA-3U-A98G-01A,1.0,0.0,0.0,0.0,0.0
22,16448507,+,24,11360045,-,MESO,1661,TCGA-3U-A98G-01A,TCGA-3U-A98G-01A,1.0,0.0,0.0,0.0,0.0
22,23344684,-,22,24675054,+,MESO,1662,TCGA-3U-A98G-01A,TCGA-3U-A98G-01A,1.0,0.0,0.0,0.0,0.0
22,29662582,-,22,29674427,+,MESO,1663,TCGA-3U-A98G-01A,TCGA-3U-A98G-01A,1.0,0.0,0.0,0.0,0.0
3,10216517,+,3,10222333,-,MESO,1664,TCGA-3U-A98G-01A,TCGA-3U-A98G-01A,1.0,0.0,0.0,0.0,0.0
3,27437058,-,3,65324522,-,MESO,1665,TCGA-3U-A98G-01A,TCGA-3U-A98G-01A,1.0,0.0,0.0,0.0,0.0
3,27479284,+,3,27483251,-,MESO,1666,TCGA-3U-A98G-01A,TCGA-3U-A98G-01A,1.0,0.0,0.0,0.0,0.0
3,36346839,+,3,36889862,-,MESO,1667,TCGA-3U-A98G-01A,TCGA-3U-A98G-01A,1.0,0.0,0.0,0.0,0.0
3,39448121,+,3,68851709,-,MESO,1668,TCGA-3U-A98G-01A,TCGA-3U-A98G-01A,1.0,0.0,0.0,0.0,0.0
3,69205000,+,3,69207373,-,MESO,1669,TCGA-3U-A98G-01A,TCGA-3U-A98G-01A,1.0,0.0,0.0,0.0,0.0
3,85421224,+,3,85462775,-,MESO,1670,TCGA-3U-A98G-01A,TCGA-3U-A98G-01A,1.0,0.0,0.0,0.0,0.0
3,128734345,+,15,33627241,-,MESO,1671,TCGA-3U-A98G-01A,TCGA-3U-A98G-01A,1.0,0.0,0.0,0.0,0.0
3,187085807,+,3,187090237,-,MESO,1672,TCGA-3U-A98G-01A,TCGA-3U-A98G-01A,1.0,0.0,0.0,0.0,0.0
3,188287291,+,6,73818472,-,MESO,1673,TCGA-3U-A98G-01A,TCGA-3U-A98G-01A,1.0,0.0,0.0,0.0,0.0
3,188287292,-,9,95246721,+,MESO,1674,TCGA-3U-A98G-01A,TCGA-3U-A98G-01A,1.0,0.0,0.0,0.0,0.0
4,36227808,+,4,36240167,-,MESO,1675,TCGA-3U-A98G-01A,TCGA-3U-A98G-01A,1.0,0.0,0.0,0.0,0.0
4,79686189,+,10,841501,+,MESO,1676,TCGA-3U-A98G-01A,TCGA-3U-A98G-01A,1.0,0.0,0.0,0.0,0.0
4,79766376,-,4,80333405,-,MESO,1677,TCGA-3U-A98G-01A,TCGA-3U-A98G-01A,1.0,0.0,0.0,0.0,0.0
4,80304303,+,10,894820,-,MESO,1678,TCGA-3U-A98G-01A,TCGA-3U-A98G-01A,1.0,0.0,0.0,0.0,0.0
4,107047163,+,4,107055568,-,MESO,1679,TCGA-3U-A98G-01A,TCGA-3U-A98G-01A,1.0,0.0,0.0,0.0,0.0
4,112765238,+,4,113100857,-,MESO,1680,TCGA-3U-A98G-01A,TCGA-3U-A98G-01A,1.0,0.0,0.0,0.0,0.0
4,113664412,+,4,113801353,-,MESO,1681,TCGA-3U-A98G-01A,TCGA-3U-A98G-01A,1.0,0.0,0.0,0.0,0.0
4,155761582,+,4,155765930,-,MESO,1682,TCGA-3U-A98G-01A,TCGA-3U-A98G-01A,1.0,0.0,0.0,0.0,0.0
5,8023236,+,5,8041356,-,MESO,1683,TCGA-3U-A98G-01A,TCGA-3U-A98G-01A,1.0,0.0,0.0,0.0,0.0
5,46581526,-,5,46643634,+,MESO,1684,TCGA-3U-A98G-01A,TCGA-3U-A98G-01A,1.0,0.0,0.0,0.0,0.0
5,62284565,-,7,35864491,-,MESO,1685,TCGA-3U-A98G-01A,TCGA-3U-A98G-01A,1.0,0.0,0.0,0.0,0.0
5,62469811,+,8,59869855,+,MESO,1686,TCGA-3U-A98G-01A,TCGA-3U-A98G-01A,1.0,0.0,0.0,0.0,0.0
5,62470876,-,8,58964083,+,MESO,1687,TCGA-3U-A98G-01A,TCGA-3U-A98G-01A,1.0,0.0,0.0,0.0,0.0
5,62487380,+,8,59977311,-,MESO,1688,TCGA-3U-A98G-01A,TCGA-3U-A98G-01A,1.0,0.0,0.0,0.0,0.0
5,78699372,-,7,125616732,-,MESO,1689,TCGA-3U-A98G-01A,TCGA-3U-A98G-01A,1.0,0.0,0.0,0.0,0.0
5,80320025,+,5,80821509,-,MESO,1690,TCGA-3U-A98G-01A,TCGA-3U-A98G-01A,1.0,0.0,0.0,0.0,0.0
5,80440538,-,5,81217357,+,MESO,1691,TCGA-3U-A98G-01A,TCGA-3U-A98G-01A,1.0,0.0,0.0,0.0,0.0
5,80736886,+,5,82765744,-,MESO,1692,TCGA-3U-A98G-01A,TCGA-3U-A98G-01A,1.0,0.0,0.0,0.0,0.0
5,80742117,-,5,81187617,-,MESO,1693,TCGA-3U-A98G-01A,TCGA-3U-A98G-01A,1.0,0.0,0.0,0.0,0.0
5,80867367,+,5,82781405,+,MESO,1694,TCGA-3U-A98G-01A,TCGA-3U-A98G-01A,1.0,0.0,0.0,0.0,0.0
5,82760371,+,5,82786985,-,MESO,1695,TCGA-3U-A98G-01A,TCGA-3U-A98G-01A,1.0,0.0,0.0,0.0,0.0
5,101518778,+,5,102424626,+,MESO,1696,TCGA-3U-A98G-01A,TCGA-3U-A98G-01A,1.0,0.0,0.0,0.0,0.0
5,101520108,-,5,102425941,-,MESO,1697,TCGA-3U-A98G-01A,TCGA-3U-A98G-01A,1.0,0.0,0.0,0.0,0.0
5,122814759,+,17,31989585,-,MESO,1698,TCGA-3U-A98G-01A,TCGA-3U-A98G-01A,1.0,0.0,0.0,0.0,0.0
6,47182289,+,8,129801766,+,MESO,1699,TCGA-3U-A98G-01A,TCGA-3U-A98G-01A,1.0,0.0,0.0,0.0,0.0
6,47182368,-,8,84531969,+,MESO,1700,TCGA-3U-A98G-01A,TCGA-3U-A98G-01A,1.0,0.0,0.0,0.0,0.0
6,50873173,+,6,60434094,+,MESO,1701,TCGA-3U-A98G-01A,TCGA-3U-A98G-01A,1.0,0.0,0.0,0.0,0.0
6,52131257,+,8,129801789,-,MESO,1702,TCGA-3U-A98G-01A,TCGA-3U-A98G-01A,1.0,0.0,0.0,0.0,0.0
6,52143696,-,8,84499533,-,MESO,1703,TCGA-3U-A98G-01A,TCGA-3U-A98G-01A,1.0,0.0,0.0,0.0,0.0
6,60391315,+,6,60944606,-,MESO,1704,TCGA-3U-A98G-01A,TCGA-3U-A98G-01A,1.0,0.0,0.0,0.0,0.0
6,60666994,-,6,87233714,-,MESO,1705,TCGA-3U-A98G-01A,TCGA-3U-A98G-01A,1.0,0.0,0.0,0.0,0.0
6,61424976,+,12,34680643,-,MESO,1706,TCGA-3U-A98G-01A,TCGA-3U-A98G-01A,1.0,0.0,0.0,0.0,0.0
6,73795077,+,9,95246729,-,MESO,1707,TCGA-3U-A98G-01A,TCGA-3U-A98G-01A,1.0,0.0,0.0,0.0,0.0
6,73827424,+,6,79280184,+,MESO,1708,TCGA-3U-A98G-01A,TCGA-3U-A98G-01A,1.0,0.0,0.0,0.0,0.0
6,73827457,-,6,79379577,-,MESO,1709,TCGA-3U-A98G-01A,TCGA-3U-A98G-01A,1.0,0.0,0.0,0.0,0.0
6,73828540,+,6,73857377,-,MESO,1710,TCGA-3U-A98G-01A,TCGA-3U-A98G-01A,1.0,0.0,0.0,0.0,0.0
6,114889225,-,6,115028550,+,MESO,1711,TCGA-3U-A98G-01A,TCGA-3U-A98G-01A,1.0,0.0,0.0,0.0,0.0
6,115003880,+,6,115380304,+,MESO,1712,TCGA-3U-A98G-01A,TCGA-3U-A98G-01A,1.0,0.0,0.0,0.0,0.0
6,115372602,-,6,165483462,-,MESO,1713,TCGA-3U-A98G-01A,TCGA-3U-A98G-01A,1.0,0.0,0.0,0.0,0.0
6,166684339,+,6,166744794,-,MESO,1714,TCGA-3U-A98G-01A,TCGA-3U-A98G-01A,1.0,0.0,0.0,0.0,0.0
6,166745887,+,6,166752661,-,MESO,1715,TCGA-3U-A98G-01A,TCGA-3U-A98G-01A,1.0,0.0,0.0,0.0,0.0
7,873689,+,7,884445,-,MESO,1716,TCGA-3U-A98G-01A,TCGA-3U-A98G-01A,1.0,0.0,0.0,0.0,0.0
7,26118481,+,7,26137061,-,MESO,1717,TCGA-3U-A98G-01A,TCGA-3U-A98G-01A,1.0,0.0,0.0,0.0,0.0
7,104247082,+,7,104253256,+,MESO,1718,TCGA-3U-A98G-01A,TCGA-3U-A98G-01A,1.0,0.0,0.0,0.0,0.0
7,104247084,-,7,104787574,+,MESO,1719,TCGA-3U-A98G-01A,TCGA-3U-A98G-01A,1.0,0.0,0.0,0.0,0.0
7,104253265,-,7,104793343,-,MESO,1720,TCGA-3U-A98G-01A,TCGA-3U-A98G-01A,1.0,0.0,0.0,0.0,0.0
7,124995092,+,7,141278632,-,MESO,1721,TCGA-3U-A98G-01A,TCGA-3U-A98G-01A,1.0,0.0,0.0,0.0,0.0
7,127811124,-,9,27135310,-,MESO,1722,TCGA-3U-A98G-01A,TCGA-3U-A98G-01A,1.0,0.0,0.0,0.0,0.0
7,127816589,+,7,127879187,-,MESO,1723,TCGA-3U-A98G-01A,TCGA-3U-A98G-01A,1.0,0.0,0.0,0.0,0.0
7,127816595,-,9,26840615,-,MESO,1724,TCGA-3U-A98G-01A,TCGA-3U-A98G-01A,1.0,0.0,0.0,0.0,0.0
7,127879189,+,7,155310213,+,MESO,1725,TCGA-3U-A98G-01A,TCGA-3U-A98G-01A,1.0,0.0,0.0,0.0,0.0
7,141198341,+,9,26875364,+,MESO,1726,TCGA-3U-A98G-01A,TCGA-3U-A98G-01A,1.0,0.0,0.0,0.0,0.0
7,155310219,-,9,26796710,+,MESO,1727,TCGA-3U-A98G-01A,TCGA-3U-A98G-01A,1.0,0.0,0.0,0.0,0.0
8,2936612,+,23,57163362,+,MESO,1728,TCGA-3U-A98G-01A,TCGA-3U-A98G-01A,1.0,0.0,0.0,0.0,0.0
8,2936862,-,23,55593277,+,MESO,1729,TCGA-3U-A98G-01A,TCGA-3U-A98G-01A,1.0,0.0,0.0,0.0,0.0
8,3638771,+,8,16863517,-,MESO,1730,TCGA-3U-A98G-01A,TCGA-3U-A98G-01A,1.0,0.0,0.0,0.0,0.0
8,3638791,-,21,24709868,+,MESO,1731,TCGA-3U-A98G-01A,TCGA-3U-A98G-01A,1.0,0.0,0.0,0.0,0.0
8,16826006,+,21,24709917,-,MESO,1732,TCGA-3U-A98G-01A,TCGA-3U-A98G-01A,1.0,0.0,0.0,0.0,0.0
8,16826040,-,8,16833644,-,MESO,1733,TCGA-3U-A98G-01A,TCGA-3U-A98G-01A,1.0,0.0,0.0,0.0,0.0
8,16833539,+,8,16900349,+,MESO,1734,TCGA-3U-A98G-01A,TCGA-3U-A98G-01A,1.0,0.0,0.0,0.0,0.0
8,16863469,+,8,16900400,-,MESO,1735,TCGA-3U-A98G-01A,TCGA-3U-A98G-01A,1.0,0.0,0.0,0.0,0.0
8,38059806,-,14,21419863,+,MESO,1736,TCGA-3U-A98G-01A,TCGA-3U-A98G-01A,1.0,0.0,0.0,0.0,0.0
8,84495214,+,8,84532493,-,MESO,1737,TCGA-3U-A98G-01A,TCGA-3U-A98G-01A,1.0,0.0,0.0,0.0,0.0
8,121970141,-,11,34877887,+,MESO,1738,TCGA-3U-A98G-01A,TCGA-3U-A98G-01A,1.0,0.0,0.0,0.0,0.0
8,129804963,+,8,129808415,-,MESO,1739,TCGA-3U-A98G-01A,TCGA-3U-A98G-01A,1.0,0.0,0.0,0.0,0.0
8,131841128,+,8,131903495,-,MESO,1740,TCGA-3U-A98G-01A,TCGA-3U-A98G-01A,1.0,0.0,0.0,0.0,0.0
8,131841183,-,8,132974680,+,MESO,1741,TCGA-3U-A98G-01A,TCGA-3U-A98G-01A,1.0,0.0,0.0,0.0,0.0
8,131850908,+,8,133247052,-,MESO,1742,TCGA-3U-A98G-01A,TCGA-3U-A98G-01A,1.0,0.0,0.0,0.0,0.0
8,132810644,+,8,132903000,-,MESO,1743,TCGA-3U-A98G-01A,TCGA-3U-A98G-01A,1.0,0.0,0.0,0.0,0.0
8,132974935,-,8,133248678,+,MESO,1744,TCGA-3U-A98G-01A,TCGA-3U-A98G-01A,1.0,0.0,0.0,0.0,0.0
8,132981248,+,8,133248724,-,MESO,1745,TCGA-3U-A98G-01A,TCGA-3U-A98G-01A,1.0,0.0,0.0,0.0,0.0
8,141901587,+,11,85830945,-,MESO,1746,TCGA-3U-A98G-01A,TCGA-3U-A98G-01A,1.0,0.0,0.0,0.0,0.0
9,2383707,+,11,94772778,+,MESO,1747,TCGA-3U-A98G-01A,TCGA-3U-A98G-01A,1.0,0.0,0.0,0.0,0.0
9,2390682,-,11,94592288,-,MESO,1748,TCGA-3U-A98G-01A,TCGA-3U-A98G-01A,1.0,0.0,0.0,0.0,0.0
9,17595680,+,9,63597532,+,MESO,1749,TCGA-3U-A98G-01A,TCGA-3U-A98G-01A,1.0,0.0,0.0,0.0,0.0
9,30087223,+,17,56261461,-,MESO,1750,TCGA-3U-A98G-01A,TCGA-3U-A98G-01A,1.0,0.0,0.0,0.0,0.0
9,84565241,-,9,84613607,-,MESO,1751,TCGA-3U-A98G-01A,TCGA-3U-A98G-01A,1.0,0.0,0.0,0.0,0.0
9,84565251,+,9,84613598,+,MESO,1752,TCGA-3U-A98G-01A,TCGA-3U-A98G-01A,1.0,0.0,0.0,0.0,0.0
9,85541380,+,9,97227955,-,MESO,1753,TCGA-3U-A98G-01A,TCGA-3U-A98G-01A,1.0,0.0,0.0,0.0,0.0
9,86349386,+,23,57121467,+,MESO,1754,TCGA-3U-A98G-01A,TCGA-3U-A98G-01A,1.0,0.0,0.0,0.0,0.0
23,56833202,+,23,57121891,-,MESO,1755,TCGA-3U-A98G-01A,TCGA-3U-A98G-01A,1.0,0.0,0.0,0.0,0.0
23,56876830,-,23,58435216,-,MESO,1756,TCGA-3U-A98G-01A,TCGA-3U-A98G-01A,1.0,0.0,0.0,0.0,0.0
23,62535246,+,23,62542263,+,MESO,1757,TCGA-3U-A98G-01A,TCGA-3U-A98G-01A,1.0,0.0,0.0,0.0,0.0
23,139186474,+,23,139205152,-,MESO,1758,TCGA-3U-A98G-01A,TCGA-3U-A98G-01A,1.0,0.0,0.0,0.0,0.0
1,102241101,+,1,102552913,-,MESO,1759,TCGA-3U-A98H-01A,TCGA-3U-A98H-01A,1.0,0.0,0.0,0.0,0.0
1,168535666,-,21,44728406,-,MESO,1760,TCGA-3U-A98H-01A,TCGA-3U-A98H-01A,1.0,0.0,0.0,0.0,0.0
1,168537998,+,6,156950736,-,MESO,1761,TCGA-3U-A98H-01A,TCGA-3U-A98H-01A,1.0,0.0,0.0,0.0,0.0
1,171205100,-,3,80969643,+,MESO,1762,TCGA-3U-A98H-01A,TCGA-3U-A98H-01A,1.0,0.0,0.0,0.0,0.0
1,171205969,+,3,80974314,-,MESO,1763,TCGA-3U-A98H-01A,TCGA-3U-A98H-01A,1.0,0.0,0.0,0.0,0.0
1,242415449,+,3,157833268,+,MESO,1764,TCGA-3U-A98H-01A,TCGA-3U-A98H-01A,1.0,0.0,0.0,0.0,0.0
11,51113020,+,11,51709836,-,MESO,1765,TCGA-3U-A98H-01A,TCGA-3U-A98H-01A,1.0,0.0,0.0,0.0,0.0
11,53415401,+,11,53928984,-,MESO,1766,TCGA-3U-A98H-01A,TCGA-3U-A98H-01A,1.0,0.0,0.0,0.0,0.0
12,52867812,+,12,52901661,+,MESO,1767,TCGA-3U-A98H-01A,TCGA-3U-A98H-01A,1.0,0.0,0.0,0.0,0.0
12,52867819,-,12,52902056,-,MESO,1768,TCGA-3U-A98H-01A,TCGA-3U-A98H-01A,1.0,0.0,0.0,0.0,0.0
13,97133704,+,13,104114229,-,MESO,1769,TCGA-3U-A98H-01A,TCGA-3U-A98H-01A,1.0,0.0,0.0,0.0,0.0
16,6356104,+,16,6376196,-,MESO,1770,TCGA-3U-A98H-01A,TCGA-3U-A98H-01A,1.0,0.0,0.0,0.0,0.0
16,53323371,+,16,53353319,-,MESO,1771,TCGA-3U-A98H-01A,TCGA-3U-A98H-01A,1.0,0.0,0.0,0.0,0.0
19,52857990,+,19,52942892,-,MESO,1772,TCGA-3U-A98H-01A,TCGA-3U-A98H-01A,1.0,0.0,0.0,0.0,0.0
2,60613439,+,4,49020417,+,MESO,1773,TCGA-3U-A98H-01A,TCGA-3U-A98H-01A,1.0,0.0,0.0,0.0,0.0
2,77827300,-,6,69333974,-,MESO,1774,TCGA-3U-A98H-01A,TCGA-3U-A98H-01A,1.0,0.0,0.0,0.0,0.0
20,32837999,+,20,32977924,-,MESO,1775,TCGA-3U-A98H-01A,TCGA-3U-A98H-01A,1.0,0.0,0.0,0.0,0.0
3,25176544,+,3,176751740,+,MESO,1776,TCGA-3U-A98H-01A,TCGA-3U-A98H-01A,1.0,0.0,0.0,0.0,0.0
3,37735733,+,3,157828845,+,MESO,1777,TCGA-3U-A98H-01A,TCGA-3U-A98H-01A,1.0,0.0,0.0,0.0,0.0
3,80960263,-,3,157695206,-,MESO,1778,TCGA-3U-A98H-01A,TCGA-3U-A98H-01A,1.0,0.0,0.0,0.0,0.0
3,80972478,-,9,104391005,+,MESO,1779,TCGA-3U-A98H-01A,TCGA-3U-A98H-01A,1.0,0.0,0.0,0.0,0.0
3,80973536,+,9,104026261,+,MESO,1780,TCGA-3U-A98H-01A,TCGA-3U-A98H-01A,1.0,0.0,0.0,0.0,0.0
3,80975964,+,9,104024327,+,MESO,1781,TCGA-3U-A98H-01A,TCGA-3U-A98H-01A,1.0,0.0,0.0,0.0,0.0
3,80980191,-,9,122147308,-,MESO,1782,TCGA-3U-A98H-01A,TCGA-3U-A98H-01A,1.0,0.0,0.0,0.0,0.0
3,157693777,+,3,157734193,+,MESO,1783,TCGA-3U-A98H-01A,TCGA-3U-A98H-01A,1.0,0.0,0.0,0.0,0.0
3,157732959,+,4,109225573,+,MESO,1784,TCGA-3U-A98H-01A,TCGA-3U-A98H-01A,1.0,0.0,0.0,0.0,0.0
3,157733059,-,3,157836766,-,MESO,1785,TCGA-3U-A98H-01A,TCGA-3U-A98H-01A,1.0,0.0,0.0,0.0,0.0
3,157734633,-,9,122147258,+,MESO,1786,TCGA-3U-A98H-01A,TCGA-3U-A98H-01A,1.0,0.0,0.0,0.0,0.0
3,157829135,-,9,104389479,+,MESO,1787,TCGA-3U-A98H-01A,TCGA-3U-A98H-01A,1.0,0.0,0.0,0.0,0.0
3,157829784,+,9,104019900,-,MESO,1788,TCGA-3U-A98H-01A,TCGA-3U-A98H-01A,1.0,0.0,0.0,0.0,0.0
3,157829861,-,3,158504923,-,MESO,1789,TCGA-3U-A98H-01A,TCGA-3U-A98H-01A,1.0,0.0,0.0,0.0,0.0
3,157830958,+,9,104389931,-,MESO,1790,TCGA-3U-A98H-01A,TCGA-3U-A98H-01A,1.0,0.0,0.0,0.0,0.0
3,157831029,-,3,164641240,+,MESO,1791,TCGA-3U-A98H-01A,TCGA-3U-A98H-01A,1.0,0.0,0.0,0.0,0.0
3,157831943,+,3,158685701,-,MESO,1792,TCGA-3U-A98H-01A,TCGA-3U-A98H-01A,1.0,0.0,0.0,0.0,0.0
3,157832800,-,3,164640856,-,MESO,1793,TCGA-3U-A98H-01A,TCGA-3U-A98H-01A,1.0,0.0,0.0,0.0,0.0
3,158503305,+,3,164641278,-,MESO,1794,TCGA-3U-A98H-01A,TCGA-3U-A98H-01A,1.0,0.0,0.0,0.0,0.0
3,158683508,+,9,104026324,-,MESO,1795,TCGA-3U-A98H-01A,TCGA-3U-A98H-01A,1.0,0.0,0.0,0.0,0.0
3,158686123,+,21,44731559,+,MESO,1796,TCGA-3U-A98H-01A,TCGA-3U-A98H-01A,1.0,0.0,0.0,0.0,0.0
4,48289741,-,7,27170961,+,MESO,1797,TCGA-3U-A98H-01A,TCGA-3U-A98H-01A,1.0,0.0,0.0,0.0,0.0
4,75498579,-,9,92806775,+,MESO,1798,TCGA-3U-A98H-01A,TCGA-3U-A98H-01A,1.0,0.0,0.0,0.0,0.0
4,75500961,+,4,109223403,-,MESO,1799,TCGA-3U-A98H-01A,TCGA-3U-A98H-01A,1.0,0.0,0.0,0.0,0.0
4,155164403,+,4,155173506,-,MESO,1800,TCGA-3U-A98H-01A,TCGA-3U-A98H-01A,1.0,0.0,0.0,0.0,0.0
6,156958318,+,9,104021202,+,MESO,1801,TCGA-3U-A98H-01A,TCGA-3U-A98H-01A,1.0,0.0,0.0,0.0,0.0
9,104024352,-,9,104388481,-,MESO,1802,TCGA-3U-A98H-01A,TCGA-3U-A98H-01A,1.0,0.0,0.0,0.0,0.0
9,104387326,+,9,104405122,-,MESO,1803,TCGA-3U-A98H-01A,TCGA-3U-A98H-01A,1.0,0.0,0.0,0.0,0.0
23,146327568,+,23,146369829,-,MESO,1804,TCGA-3U-A98H-01A,TCGA-3U-A98H-01A,1.0,0.0,0.0,0.0,0.0
1,62919816,+,1,62927521,-,MESO,1805,TCGA-3U-A98I-01A,TCGA-3U-A98I-01A,1.0,0.0,0.0,0.0,0.0
1,67253836,+,1,67286626,-,MESO,1806,TCGA-3U-A98I-01A,TCGA-3U-A98I-01A,1.0,0.0,0.0,0.0,0.0
1,69129675,-,1,69147334,+,MESO,1807,TCGA-3U-A98I-01A,TCGA-3U-A98I-01A,1.0,0.0,0.0,0.0,0.0
1,91612896,+,1,91616920,-,MESO,1808,TCGA-3U-A98I-01A,TCGA-3U-A98I-01A,1.0,0.0,0.0,0.0,0.0
1,122200923,-,1,122215855,+,MESO,1809,TCGA-3U-A98I-01A,TCGA-3U-A98I-01A,1.0,0.0,0.0,0.0,0.0
1,122608938,+,1,124244762,-,MESO,1810,TCGA-3U-A98I-01A,TCGA-3U-A98I-01A,1.0,0.0,0.0,0.0,0.0
1,181079739,-,19,18405721,-,MESO,1811,TCGA-3U-A98I-01A,TCGA-3U-A98I-01A,1.0,0.0,0.0,0.0,0.0
1,194843942,+,1,194844443,-,MESO,1812,TCGA-3U-A98I-01A,TCGA-3U-A98I-01A,1.0,0.0,0.0,0.0,0.0
1,213801301,+,1,214031448,-,MESO,1813,TCGA-3U-A98I-01A,TCGA-3U-A98I-01A,1.0,0.0,0.0,0.0,0.0
1,240512316,+,1,240568315,-,MESO,1814,TCGA-3U-A98I-01A,TCGA-3U-A98I-01A,1.0,0.0,0.0,0.0,0.0
10,2873175,+,10,2900903,-,MESO,1815,TCGA-3U-A98I-01A,TCGA-3U-A98I-01A,1.0,0.0,0.0,0.0,0.0
10,13837206,+,19,43665741,+,MESO,1816,TCGA-3U-A98I-01A,TCGA-3U-A98I-01A,1.0,0.0,0.0,0.0,0.0
10,35991176,-,17,12077306,+,MESO,1817,TCGA-3U-A98I-01A,TCGA-3U-A98I-01A,1.0,0.0,0.0,0.0,0.0
10,37868659,+,19,38302456,-,MESO,1818,TCGA-3U-A98I-01A,TCGA-3U-A98I-01A,1.0,0.0,0.0,0.0,0.0
10,38648129,-,12,37460128,-,MESO,1819,TCGA-3U-A98I-01A,TCGA-3U-A98I-01A,1.0,0.0,0.0,0.0,0.0
10,39765743,+,10,39807722,-,MESO,1820,TCGA-3U-A98I-01A,TCGA-3U-A98I-01A,1.0,0.0,0.0,0.0,0.0
11,53049211,+,11,54128555,-,MESO,1821,TCGA-3U-A98I-01A,TCGA-3U-A98I-01A,1.0,0.0,0.0,0.0,0.0
11,54349696,-,11,54391701,+,MESO,1822,TCGA-3U-A98I-01A,TCGA-3U-A98I-01A,1.0,0.0,0.0,0.0,0.0
11,54359892,-,11,54384648,+,MESO,1823,TCGA-3U-A98I-01A,TCGA-3U-A98I-01A,1.0,0.0,0.0,0.0,0.0
11,54408423,+,11,54422586,-,MESO,1824,TCGA-3U-A98I-01A,TCGA-3U-A98I-01A,1.0,0.0,0.0,0.0,0.0
13,16047943,-,13,16090150,+,MESO,1825,TCGA-3U-A98I-01A,TCGA-3U-A98I-01A,1.0,0.0,0.0,0.0,0.0
13,48370758,-,13,48411650,+,MESO,1826,TCGA-3U-A98I-01A,TCGA-3U-A98I-01A,1.0,0.0,0.0,0.0,0.0
13,94700675,+,13,94914217,-,MESO,1827,TCGA-3U-A98I-01A,TCGA-3U-A98I-01A,1.0,0.0,0.0,0.0,0.0
13,96259746,-,21,10807552,-,MESO,1828,TCGA-3U-A98I-01A,TCGA-3U-A98I-01A,1.0,0.0,0.0,0.0,0.0
16,49496313,+,16,77078524,+,MESO,1829,TCGA-3U-A98I-01A,TCGA-3U-A98I-01A,1.0,0.0,0.0,0.0,0.0
16,56111137,-,16,87523751,-,MESO,1830,TCGA-3U-A98I-01A,TCGA-3U-A98I-01A,1.0,0.0,0.0,0.0,0.0
16,67118255,-,19,10070863,+,MESO,1831,TCGA-3U-A98I-01A,TCGA-3U-A98I-01A,1.0,0.0,0.0,0.0,0.0
16,67118393,+,19,10070824,+,MESO,1832,TCGA-3U-A98I-01A,TCGA-3U-A98I-01A,1.0,0.0,0.0,0.0,0.0
17,12077351,-,17,35090038,-,MESO,1833,TCGA-3U-A98I-01A,TCGA-3U-A98I-01A,1.0,0.0,0.0,0.0,0.0
17,13537251,+,17,71338605,-,MESO,1834,TCGA-3U-A98I-01A,TCGA-3U-A98I-01A,1.0,0.0,0.0,0.0,0.0
17,13538138,-,17,71345700,-,MESO,1835,TCGA-3U-A98I-01A,TCGA-3U-A98I-01A,1.0,0.0,0.0,0.0,0.0
17,17219679,-,17,17222217,-,MESO,1836,TCGA-3U-A98I-01A,TCGA-3U-A98I-01A,1.0,0.0,0.0,0.0,0.0
17,35090032,+,17,71507530,+,MESO,1837,TCGA-3U-A98I-01A,TCGA-3U-A98I-01A,1.0,0.0,0.0,0.0,0.0
17,71330482,-,17,71371906,+,MESO,1838,TCGA-3U-A98I-01A,TCGA-3U-A98I-01A,1.0,0.0,0.0,0.0,0.0
17,71337128,+,17,71344628,+,MESO,1839,TCGA-3U-A98I-01A,TCGA-3U-A98I-01A,1.0,0.0,0.0,0.0,0.0
18,140579,+,18,141285,-,MESO,1840,TCGA-3U-A98I-01A,TCGA-3U-A98I-01A,1.0,0.0,0.0,0.0,0.0
18,15473092,+,18,15699497,-,MESO,1841,TCGA-3U-A98I-01A,TCGA-3U-A98I-01A,1.0,0.0,0.0,0.0,0.0
18,20727370,-,18,20740795,+,MESO,1842,TCGA-3U-A98I-01A,TCGA-3U-A98I-01A,1.0,0.0,0.0,0.0,0.0
19,9689906,-,19,9691007,-,MESO,1843,TCGA-3U-A98I-01A,TCGA-3U-A98I-01A,1.0,0.0,0.0,0.0,0.0
19,11606548,+,19,11612111,+,MESO,1844,TCGA-3U-A98I-01A,TCGA-3U-A98I-01A,1.0,0.0,0.0,0.0,0.0
19,27926042,-,19,28939033,-,MESO,1845,TCGA-3U-A98I-01A,TCGA-3U-A98I-01A,1.0,0.0,0.0,0.0,0.0
19,28468219,+,19,38509730,+,MESO,1846,TCGA-3U-A98I-01A,TCGA-3U-A98I-01A,1.0,0.0,0.0,0.0,0.0
19,31043027,+,19,43152517,-,MESO,1847,TCGA-3U-A98I-01A,TCGA-3U-A98I-01A,1.0,0.0,0.0,0.0,0.0
19,32546786,+,19,36799553,-,MESO,1848,TCGA-3U-A98I-01A,TCGA-3U-A98I-01A,1.0,0.0,0.0,0.0,0.0
19,33717030,+,19,33825383,-,MESO,1849,TCGA-3U-A98I-01A,TCGA-3U-A98I-01A,1.0,0.0,0.0,0.0,0.0
19,35716071,+,19,45942936,+,MESO,1850,TCGA-3U-A98I-01A,TCGA-3U-A98I-01A,1.0,0.0,0.0,0.0,0.0
2,92998127,+,2,93602582,-,MESO,1851,TCGA-3U-A98I-01A,TCGA-3U-A98I-01A,1.0,0.0,0.0,0.0,0.0
2,187258330,-,11,3895812,+,MESO,1852,TCGA-3U-A98I-01A,TCGA-3U-A98I-01A,1.0,0.0,0.0,0.0,0.0
20,26437219,-,20,26545111,+,MESO,1853,TCGA-3U-A98I-01A,TCGA-3U-A98I-01A,1.0,0.0,0.0,0.0,0.0
20,29290746,-,24,10206443,-,MESO,1854,TCGA-3U-A98I-01A,TCGA-3U-A98I-01A,1.0,0.0,0.0,0.0,0.0
22,44203487,+,22,44253183,-,MESO,1855,TCGA-3U-A98I-01A,TCGA-3U-A98I-01A,1.0,0.0,0.0,0.0,0.0
3,10365937,+,18,58512777,-,MESO,1856,TCGA-3U-A98I-01A,TCGA-3U-A98I-01A,1.0,0.0,0.0,0.0,0.0
3,48404806,+,16,50594763,-,MESO,1857,TCGA-3U-A98I-01A,TCGA-3U-A98I-01A,1.0,0.0,0.0,0.0,0.0
3,48404812,-,16,49498357,-,MESO,1858,TCGA-3U-A98I-01A,TCGA-3U-A98I-01A,1.0,0.0,0.0,0.0,0.0
3,51666977,+,3,147048988,-,MESO,1859,TCGA-3U-A98I-01A,TCGA-3U-A98I-01A,1.0,0.0,0.0,0.0,0.0
3,51667053,-,3,155849912,-,MESO,1860,TCGA-3U-A98I-01A,TCGA-3U-A98I-01A,1.0,0.0,0.0,0.0,0.0
3,51720970,+,3,151418937,-,MESO,1861,TCGA-3U-A98I-01A,TCGA-3U-A98I-01A,1.0,0.0,0.0,0.0,0.0
3,51724410,-,3,166555088,-,MESO,1862,TCGA-3U-A98I-01A,TCGA-3U-A98I-01A,1.0,0.0,0.0,0.0,0.0
3,51724764,+,3,144838805,+,MESO,1863,TCGA-3U-A98I-01A,TCGA-3U-A98I-01A,1.0,0.0,0.0,0.0,0.0
3,52280285,+,3,97825942,+,MESO,1864,TCGA-3U-A98I-01A,TCGA-3U-A98I-01A,1.0,0.0,0.0,0.0,0.0
3,52280288,-,3,106572301,+,MESO,1865,TCGA-3U-A98I-01A,TCGA-3U-A98I-01A,1.0,0.0,0.0,0.0,0.0
3,52280788,+,3,147586162,+,MESO,1866,TCGA-3U-A98I-01A,TCGA-3U-A98I-01A,1.0,0.0,0.0,0.0,0.0
3,52325769,-,3,135080510,+,MESO,1867,TCGA-3U-A98I-01A,TCGA-3U-A98I-01A,1.0,0.0,0.0,0.0,0.0
3,80642423,+,3,80660235,-,MESO,1868,TCGA-3U-A98I-01A,TCGA-3U-A98I-01A,1.0,0.0,0.0,0.0,0.0
3,90923219,-,3,91062612,+,MESO,1869,TCGA-3U-A98I-01A,TCGA-3U-A98I-01A,1.0,0.0,0.0,0.0,0.0
3,97596682,+,3,137276589,-,MESO,1870,TCGA-3U-A98I-01A,TCGA-3U-A98I-01A,1.0,0.0,0.0,0.0,0.0
3,97650219,-,3,145024473,-,MESO,1871,TCGA-3U-A98I-01A,TCGA-3U-A98I-01A,1.0,0.0,0.0,0.0,0.0
3,97822867,-,3,156274920,-,MESO,1872,TCGA-3U-A98I-01A,TCGA-3U-A98I-01A,1.0,0.0,0.0,0.0,0.0
3,97823273,+,3,166555300,+,MESO,1873,TCGA-3U-A98I-01A,TCGA-3U-A98I-01A,1.0,0.0,0.0,0.0,0.0
3,97824675,-,3,144886524,+,MESO,1874,TCGA-3U-A98I-01A,TCGA-3U-A98I-01A,1.0,0.0,0.0,0.0,0.0
3,97825944,-,3,137315635,+,MESO,1875,TCGA-3U-A98I-01A,TCGA-3U-A98I-01A,1.0,0.0,0.0,0.0,0.0
3,97882078,+,3,135082382,-,MESO,1876,TCGA-3U-A98I-01A,TCGA-3U-A98I-01A,1.0,0.0,0.0,0.0,0.0
3,97882080,-,3,169413201,-,MESO,1877,TCGA-3U-A98I-01A,TCGA-3U-A98I-01A,1.0,0.0,0.0,0.0,0.0
3,97895604,-,3,152111631,-,MESO,1878,TCGA-3U-A98I-01A,TCGA-3U-A98I-01A,1.0,0.0,0.0,0.0,0.0
3,106523285,-,3,147048985,+,MESO,1879,TCGA-3U-A98I-01A,TCGA-3U-A98I-01A,1.0,0.0,0.0,0.0,0.0
3,106572567,-,3,142962276,+,MESO,1880,TCGA-3U-A98I-01A,TCGA-3U-A98I-01A,1.0,0.0,0.0,0.0,0.0
3,106576155,+,3,169412974,+,MESO,1881,TCGA-3U-A98I-01A,TCGA-3U-A98I-01A,1.0,0.0,0.0,0.0,0.0
3,106830963,-,3,166524875,+,MESO,1882,TCGA-3U-A98I-01A,TCGA-3U-A98I-01A,1.0,0.0,0.0,0.0,0.0
3,135072789,-,3,144887925,+,MESO,1883,TCGA-3U-A98I-01A,TCGA-3U-A98I-01A,1.0,0.0,0.0,0.0,0.0
3,135080523,-,3,161990121,+,MESO,1884,TCGA-3U-A98I-01A,TCGA-3U-A98I-01A,1.0,0.0,0.0,0.0,0.0
3,135080856,+,3,155850012,+,MESO,1885,TCGA-3U-A98I-01A,TCGA-3U-A98I-01A,1.0,0.0,0.0,0.0,0.0
3,135344194,-,3,161851765,-,MESO,1886,TCGA-3U-A98I-01A,TCGA-3U-A98I-01A,1.0,0.0,0.0,0.0,0.0
3,135346047,+,3,137316795,-,MESO,1887,TCGA-3U-A98I-01A,TCGA-3U-A98I-01A,1.0,0.0,0.0,0.0,0.0
3,137317268,+,3,147601999,+,MESO,1888,TCGA-3U-A98I-01A,TCGA-3U-A98I-01A,1.0,0.0,0.0,0.0,0.0
3,137643960,-,3,142817579,+,MESO,1889,TCGA-3U-A98I-01A,TCGA-3U-A98I-01A,1.0,0.0,0.0,0.0,0.0
3,137644571,+,3,147001487,+,MESO,1890,TCGA-3U-A98I-01A,TCGA-3U-A98I-01A,1.0,0.0,0.0,0.0,0.0
3,137835782,-,3,161990119,-,MESO,1891,TCGA-3U-A98I-01A,TCGA-3U-A98I-01A,1.0,0.0,0.0,0.0,0.0
3,137895353,+,3,151469650,+,MESO,1892,TCGA-3U-A98I-01A,TCGA-3U-A98I-01A,1.0,0.0,0.0,0.0,0.0
3,138057532,-,3,147541770,-,MESO,1893,TCGA-3U-A98I-01A,TCGA-3U-A98I-01A,1.0,0.0,0.0,0.0,0.0
3,138062167,+,3,142756153,-,MESO,1894,TCGA-3U-A98I-01A,TCGA-3U-A98I-01A,1.0,0.0,0.0,0.0,0.0
3,138062197,-,3,152040870,-,MESO,1895,TCGA-3U-A98I-01A,TCGA-3U-A98I-01A,1.0,0.0,0.0,0.0,0.0
3,138123215,+,3,142819389,+,MESO,1896,TCGA-3U-A98I-01A,TCGA-3U-A98I-01A,1.0,0.0,0.0,0.0,0.0
3,138123215,+,3,148402827,-,MESO,1897,TCGA-3U-A98I-01A,TCGA-3U-A98I-01A,1.0,0.0,0.0,0.0,0.0
3,138128834,-,3,156214660,+,MESO,1898,TCGA-3U-A98I-01A,TCGA-3U-A98I-01A,1.0,0.0,0.0,0.0,0.0
3,142752262,+,3,151418935,+,MESO,1899,TCGA-3U-A98I-01A,TCGA-3U-A98I-01A,1.0,0.0,0.0,0.0,0.0
3,142817628,-,3,151471663,+,MESO,1900,TCGA-3U-A98I-01A,TCGA-3U-A98I-01A,1.0,0.0,0.0,0.0,0.0
3,142819303,+,3,147001492,-,MESO,1901,TCGA-3U-A98I-01A,TCGA-3U-A98I-01A,1.0,0.0,0.0,0.0,0.0
3,142835621,-,3,146997983,-,MESO,1902,TCGA-3U-A98I-01A,TCGA-3U-A98I-01A,1.0,0.0,0.0,0.0,0.0
3,142835788,+,3,155851674,-,MESO,1903,TCGA-3U-A98I-01A,TCGA-3U-A98I-01A,1.0,0.0,0.0,0.0,0.0
3,142837148,-,3,147586162,-,MESO,1904,TCGA-3U-A98I-01A,TCGA-3U-A98I-01A,1.0,0.0,0.0,0.0,0.0
3,142962402,-,3,162047857,+,MESO,1905,TCGA-3U-A98I-01A,TCGA-3U-A98I-01A,1.0,0.0,0.0,0.0,0.0
3,142963737,+,3,152391294,+,MESO,1906,TCGA-3U-A98I-01A,TCGA-3U-A98I-01A,1.0,0.0,0.0,0.0,0.0
3,144833760,-,3,167205975,-,MESO,1907,TCGA-3U-A98I-01A,TCGA-3U-A98I-01A,1.0,0.0,0.0,0.0,0.0
3,144838818,-,3,156278781,+,MESO,1908,TCGA-3U-A98I-01A,TCGA-3U-A98I-01A,1.0,0.0,0.0,0.0,0.0
3,144886522,-,3,148403135,+,MESO,1909,TCGA-3U-A98I-01A,TCGA-3U-A98I-01A,1.0,0.0,0.0,0.0,0.0
3,145060076,+,3,152039253,-,MESO,1910,TCGA-3U-A98I-01A,TCGA-3U-A98I-01A,1.0,0.0,0.0,0.0,0.0
3,145061001,-,3,147541050,-,MESO,1911,TCGA-3U-A98I-01A,TCGA-3U-A98I-01A,1.0,0.0,0.0,0.0,0.0
3,145068951,+,3,152388650,-,MESO,1912,TCGA-3U-A98I-01A,TCGA-3U-A98I-01A,1.0,0.0,0.0,0.0,0.0
3,146999105,+,3,151469660,-,MESO,1913,TCGA-3U-A98I-01A,TCGA-3U-A98I-01A,1.0,0.0,0.0,0.0,0.0
3,147539765,+,3,152039981,+,MESO,1914,TCGA-3U-A98I-01A,TCGA-3U-A98I-01A,1.0,0.0,0.0,0.0,0.0
3,148466282,-,3,169456565,+,MESO,1915,TCGA-3U-A98I-01A,TCGA-3U-A98I-01A,1.0,0.0,0.0,0.0,0.0
3,151464792,+,3,152391302,-,MESO,1916,TCGA-3U-A98I-01A,TCGA-3U-A98I-01A,1.0,0.0,0.0,0.0,0.0
3,151464796,-,3,152111528,+,MESO,1917,TCGA-3U-A98I-01A,TCGA-3U-A98I-01A,1.0,0.0,0.0,0.0,0.0
3,152469218,+,3,156279045,+,MESO,1918,TCGA-3U-A98I-01A,TCGA-3U-A98I-01A,1.0,0.0,0.0,0.0,0.0
3,166510682,-,3,168934795,+,MESO,1919,TCGA-3U-A98I-01A,TCGA-3U-A98I-01A,1.0,0.0,0.0,0.0,0.0
3,168876357,+,3,169456563,-,MESO,1920,TCGA-3U-A98I-01A,TCGA-3U-A98I-01A,1.0,0.0,0.0,0.0,0.0
3,168878258,-,3,169412009,-,MESO,1921,TCGA-3U-A98I-01A,TCGA-3U-A98I-01A,1.0,0.0,0.0,0.0,0.0
3,170908268,+,16,49547122,+,MESO,1922,TCGA-3U-A98I-01A,TCGA-3U-A98I-01A,1.0,0.0,0.0,0.0,0.0
4,54469261,-,4,54589625,-,MESO,1923,TCGA-3U-A98I-01A,TCGA-3U-A98I-01A,1.0,0.0,0.0,0.0,0.0
4,54473364,+,4,58725961,+,MESO,1924,TCGA-3U-A98I-01A,TCGA-3U-A98I-01A,1.0,0.0,0.0,0.0,0.0
4,54593178,+,4,59157911,-,MESO,1925,TCGA-3U-A98I-01A,TCGA-3U-A98I-01A,1.0,0.0,0.0,0.0,0.0
4,54618735,+,4,58727426,+,MESO,1926,TCGA-3U-A98I-01A,TCGA-3U-A98I-01A,1.0,0.0,0.0,0.0,0.0
4,58718972,-,4,58726064,-,MESO,1927,TCGA-3U-A98I-01A,TCGA-3U-A98I-01A,1.0,0.0,0.0,0.0,0.0
4,62450918,+,6,99618850,-,MESO,1928,TCGA-3U-A98I-01A,TCGA-3U-A98I-01A,1.0,0.0,0.0,0.0,0.0
5,46051469,+,5,46052344,+,MESO,1929,TCGA-3U-A98I-01A,TCGA-3U-A98I-01A,1.0,0.0,0.0,0.0,0.0
5,49800449,+,5,49853409,-,MESO,1930,TCGA-3U-A98I-01A,TCGA-3U-A98I-01A,1.0,0.0,0.0,0.0,0.0
6,31270908,-,6,31356092,+,MESO,1931,TCGA-3U-A98I-01A,TCGA-3U-A98I-01A,1.0,0.0,0.0,0.0,0.0
6,45952899,-,6,45952975,-,MESO,1932,TCGA-3U-A98I-01A,TCGA-3U-A98I-01A,1.0,0.0,0.0,0.0,0.0
6,45952903,+,6,45952979,+,MESO,1933,TCGA-3U-A98I-01A,TCGA-3U-A98I-01A,1.0,0.0,0.0,0.0,0.0
6,92469615,+,6,92786550,-,MESO,1934,TCGA-3U-A98I-01A,TCGA-3U-A98I-01A,1.0,0.0,0.0,0.0,0.0
6,95151671,+,6,103858653,+,MESO,1935,TCGA-3U-A98I-01A,TCGA-3U-A98I-01A,1.0,0.0,0.0,0.0,0.0
7,57103769,-,7,63275711,+,MESO,1936,TCGA-3U-A98I-01A,TCGA-3U-A98I-01A,1.0,0.0,0.0,0.0,0.0
7,81762516,+,7,82002127,-,MESO,1937,TCGA-3U-A98I-01A,TCGA-3U-A98I-01A,1.0,0.0,0.0,0.0,0.0
7,132562836,+,23,1169323,+,MESO,1938,TCGA-3U-A98I-01A,TCGA-3U-A98I-01A,1.0,0.0,0.0,0.0,0.0
1,19823920,-,1,19863810,+,MESO,1939,TCGA-LK-A4NY-01A,TCGA-LK-A4NY-01A,1.0,0.0,0.0,0.0,0.0
1,21374279,-,15,42435180,-,MESO,1940,TCGA-LK-A4NY-01A,TCGA-LK-A4NY-01A,1.0,0.0,0.0,0.0,0.0
1,29418847,+,5,95738889,+,MESO,1941,TCGA-LK-A4NY-01A,TCGA-LK-A4NY-01A,1.0,0.0,0.0,0.0,0.0
1,37045746,+,1,37137860,+,MESO,1942,TCGA-LK-A4NY-01A,TCGA-LK-A4NY-01A,1.0,0.0,0.0,0.0,0.0
1,37057556,-,1,37127600,-,MESO,1943,TCGA-LK-A4NY-01A,TCGA-LK-A4NY-01A,1.0,0.0,0.0,0.0,0.0
1,37100503,+,4,112341753,+,MESO,1944,TCGA-LK-A4NY-01A,TCGA-LK-A4NY-01A,1.0,0.0,0.0,0.0,0.0
1,37187847,-,4,172174235,+,MESO,1945,TCGA-LK-A4NY-01A,TCGA-LK-A4NY-01A,1.0,0.0,0.0,0.0,0.0
1,45955276,+,22,39500982,-,MESO,1946,TCGA-LK-A4NY-01A,TCGA-LK-A4NY-01A,1.0,0.0,0.0,0.0,0.0
1,85799030,-,1,86006185,+,MESO,1947,TCGA-LK-A4NY-01A,TCGA-LK-A4NY-01A,1.0,0.0,0.0,0.0,0.0
1,86733679,+,1,114805969,-,MESO,1948,TCGA-LK-A4NY-01A,TCGA-LK-A4NY-01A,1.0,0.0,0.0,0.0,0.0
1,105172099,+,1,105173555,-,MESO,1949,TCGA-LK-A4NY-01A,TCGA-LK-A4NY-01A,1.0,0.0,0.0,0.0,0.0
1,112918102,-,6,13549182,+,MESO,1950,TCGA-LK-A4NY-01A,TCGA-LK-A4NY-01A,1.0,0.0,0.0,0.0,0.0
1,112943823,+,6,13548990,-,MESO,1951,TCGA-LK-A4NY-01A,TCGA-LK-A4NY-01A,1.0,0.0,0.0,0.0,0.0
1,154993985,-,1,155012470,+,MESO,1952,TCGA-LK-A4NY-01A,TCGA-LK-A4NY-01A,1.0,0.0,0.0,0.0,0.0
1,162607731,-,1,162626295,+,MESO,1953,TCGA-LK-A4NY-01A,TCGA-LK-A4NY-01A,1.0,0.0,0.0,0.0,0.0
1,194399732,-,1,194402127,+,MESO,1954,TCGA-LK-A4NY-01A,TCGA-LK-A4NY-01A,1.0,0.0,0.0,0.0,0.0
1,209955107,-,1,209956167,+,MESO,1955,TCGA-LK-A4NY-01A,TCGA-LK-A4NY-01A,1.0,0.0,0.0,0.0,0.0
1,212074735,+,1,212075668,-,MESO,1956,TCGA-LK-A4NY-01A,TCGA-LK-A4NY-01A,1.0,0.0,0.0,0.0,0.0
1,224210622,-,1,224256568,+,MESO,1957,TCGA-LK-A4NY-01A,TCGA-LK-A4NY-01A,1.0,0.0,0.0,0.0,0.0
1,228827981,-,1,228867665,+,MESO,1958,TCGA-LK-A4NY-01A,TCGA-LK-A4NY-01A,1.0,0.0,0.0,0.0,0.0
1,248337145,-,3,176065971,-,MESO,1959,TCGA-LK-A4NY-01A,TCGA-LK-A4NY-01A,1.0,0.0,0.0,0.0,0.0
10,17524516,-,10,91622494,+,MESO,1960,TCGA-LK-A4NY-01A,TCGA-LK-A4NY-01A,1.0,0.0,0.0,0.0,0.0
10,62722667,-,10,62724143,+,MESO,1961,TCGA-LK-A4NY-01A,TCGA-LK-A4NY-01A,1.0,0.0,0.0,0.0,0.0
10,99397685,-,10,99404932,+,MESO,1962,TCGA-LK-A4NY-01A,TCGA-LK-A4NY-01A,1.0,0.0,0.0,0.0,0.0
11,18479161,-,11,18487744,+,MESO,1963,TCGA-LK-A4NY-01A,TCGA-LK-A4NY-01A,1.0,0.0,0.0,0.0,0.0
11,19498566,+,14,52018957,+,MESO,1964,TCGA-LK-A4NY-01A,TCGA-LK-A4NY-01A,1.0,0.0,0.0,0.0,0.0
11,75232359,-,11,75239779,+,MESO,1965,TCGA-LK-A4NY-01A,TCGA-LK-A4NY-01A,1.0,0.0,0.0,0.0,0.0
11,130400633,+,17,50079833,-,MESO,1966,TCGA-LK-A4NY-01A,TCGA-LK-A4NY-01A,1.0,0.0,0.0,0.0,0.0
11,134626197,+,11,134629565,-,MESO,1967,TCGA-LK-A4NY-01A,TCGA-LK-A4NY-01A,1.0,0.0,0.0,0.0,0.0
12,5553104,+,23,47354064,+,MESO,1968,TCGA-LK-A4NY-01A,TCGA-LK-A4NY-01A,1.0,0.0,0.0,0.0,0.0
12,12637310,-,12,12646572,+,MESO,1969,TCGA-LK-A4NY-01A,TCGA-LK-A4NY-01A,1.0,0.0,0.0,0.0,0.0
12,17277985,+,12,17333436,-,MESO,1970,TCGA-LK-A4NY-01A,TCGA-LK-A4NY-01A,1.0,0.0,0.0,0.0,0.0
12,53051134,-,12,53057362,+,MESO,1971,TCGA-LK-A4NY-01A,TCGA-LK-A4NY-01A,1.0,0.0,0.0,0.0,0.0
12,59274608,-,12,59277346,+,MESO,1972,TCGA-LK-A4NY-01A,TCGA-LK-A4NY-01A,1.0,0.0,0.0,0.0,0.0
12,81418566,-,12,81421433,+,MESO,1973,TCGA-LK-A4NY-01A,TCGA-LK-A4NY-01A,1.0,0.0,0.0,0.0,0.0
12,88565372,+,12,88565737,-,MESO,1974,TCGA-LK-A4NY-01A,TCGA-LK-A4NY-01A,1.0,0.0,0.0,0.0,0.0
12,95581596,-,12,95587060,+,MESO,1975,TCGA-LK-A4NY-01A,TCGA-LK-A4NY-01A,1.0,0.0,0.0,0.0,0.0
12,100311793,-,12,100315379,+,MESO,1976,TCGA-LK-A4NY-01A,TCGA-LK-A4NY-01A,1.0,0.0,0.0,0.0,0.0
12,111770918,+,12,111774401,-,MESO,1977,TCGA-LK-A4NY-01A,TCGA-LK-A4NY-01A,1.0,0.0,0.0,0.0,0.0
12,112659665,-,12,112665976,+,MESO,1978,TCGA-LK-A4NY-01A,TCGA-LK-A4NY-01A,1.0,0.0,0.0,0.0,0.0
12,124568400,-,12,124909635,+,MESO,1979,TCGA-LK-A4NY-01A,TCGA-LK-A4NY-01A,1.0,0.0,0.0,0.0,0.0
13,17738005,-,13,17810396,+,MESO,1980,TCGA-LK-A4NY-01A,TCGA-LK-A4NY-01A,1.0,0.0,0.0,0.0,0.0
13,18754841,-,18,14325852,-,MESO,1981,TCGA-LK-A4NY-01A,TCGA-LK-A4NY-01A,1.0,0.0,0.0,0.0,0.0
13,18810702,+,21,13909072,-,MESO,1982,TCGA-LK-A4NY-01A,TCGA-LK-A4NY-01A,1.0,0.0,0.0,0.0,0.0
13,33801610,-,13,33808448,+,MESO,1983,TCGA-LK-A4NY-01A,TCGA-LK-A4NY-01A,1.0,0.0,0.0,0.0,0.0
13,45662636,-,13,45666146,+,MESO,1984,TCGA-LK-A4NY-01A,TCGA-LK-A4NY-01A,1.0,0.0,0.0,0.0,0.0
13,50878551,-,13,50882516,+,MESO,1985,TCGA-LK-A4NY-01A,TCGA-LK-A4NY-01A,1.0,0.0,0.0,0.0,0.0
13,78415240,+,13,78421089,-,MESO,1986,TCGA-LK-A4NY-01A,TCGA-LK-A4NY-01A,1.0,0.0,0.0,0.0,0.0
14,27505758,+,14,27510531,-,MESO,1987,TCGA-LK-A4NY-01A,TCGA-LK-A4NY-01A,1.0,0.0,0.0,0.0,0.0
14,37468283,+,14,37468569,-,MESO,1988,TCGA-LK-A4NY-01A,TCGA-LK-A4NY-01A,1.0,0.0,0.0,0.0,0.0
14,50212164,-,14,50220562,+,MESO,1989,TCGA-LK-A4NY-01A,TCGA-LK-A4NY-01A,1.0,0.0,0.0,0.0,0.0
15,32020131,+,15,65776591,-,MESO,1990,TCGA-LK-A4NY-01A,TCGA-LK-A4NY-01A,1.0,0.0,0.0,0.0,0.0
15,44330815,-,15,85605910,+,MESO,1991,TCGA-LK-A4NY-01A,TCGA-LK-A4NY-01A,1.0,0.0,0.0,0.0,0.0
15,60725815,+,15,60726059,-,MESO,1992,TCGA-LK-A4NY-01A,TCGA-LK-A4NY-01A,1.0,0.0,0.0,0.0,0.0
15,61275164,-,15,61277866,+,MESO,1993,TCGA-LK-A4NY-01A,TCGA-LK-A4NY-01A,1.0,0.0,0.0,0.0,0.0
16,4847382,+,21,44551268,+,MESO,1994,TCGA-LK-A4NY-01A,TCGA-LK-A4NY-01A,1.0,0.0,0.0,0.0,0.0
16,4847397,-,21,44539828,-,MESO,1995,TCGA-LK-A4NY-01A,TCGA-LK-A4NY-01A,1.0,0.0,0.0,0.0,0.0
16,8669912,+,16,8672136,-,MESO,1996,TCGA-LK-A4NY-01A,TCGA-LK-A4NY-01A,1.0,0.0,0.0,0.0,0.0
16,30315550,-,16,30324624,+,MESO,1997,TCGA-LK-A4NY-01A,TCGA-LK-A4NY-01A,1.0,0.0,0.0,0.0,0.0
16,37884866,-,16,38254444,+,MESO,1998,TCGA-LK-A4NY-01A,TCGA-LK-A4NY-01A,1.0,0.0,0.0,0.0,0.0
16,78250538,+,17,27930021,-,MESO,1999,TCGA-LK-A4NY-01A,TCGA-LK-A4NY-01A,1.0,0.0,0.0,0.0,0.0
17,3153534,-,17,3155596,+,MESO,2000,TCGA-LK-A4NY-01A,TCGA-LK-A4NY-01A,1.0,0.0,0.0,0.0,0.0
17,12834518,-,17,12843482,+,MESO,2001,TCGA-LK-A4NY-01A,TCGA-LK-A4NY-01A,1.0,0.0,0.0,0.0,0.0
17,13420651,+,17,13421272,-,MESO,2002,TCGA-LK-A4NY-01A,TCGA-LK-A4NY-01A,1.0,0.0,0.0,0.0,0.0
17,29590178,+,17,29592966,-,MESO,2003,TCGA-LK-A4NY-01A,TCGA-LK-A4NY-01A,1.0,0.0,0.0,0.0,0.0
17,40557410,+,17,40558439,-,MESO,2004,TCGA-LK-A4NY-01A,TCGA-LK-A4NY-01A,1.0,0.0,0.0,0.0,0.0
18,34348305,+,20,19444621,+,MESO,2005,TCGA-LK-A4NY-01A,TCGA-LK-A4NY-01A,1.0,0.0,0.0,0.0,0.0
18,46708674,+,18,46709672,-,MESO,2006,TCGA-LK-A4NY-01A,TCGA-LK-A4NY-01A,1.0,0.0,0.0,0.0,0.0
18,53415898,+,18,53416508,-,MESO,2007,TCGA-LK-A4NY-01A,TCGA-LK-A4NY-01A,1.0,0.0,0.0,0.0,0.0
18,55232595,-,18,55235596,+,MESO,2008,TCGA-LK-A4NY-01A,TCGA-LK-A4NY-01A,1.0,0.0,0.0,0.0,0.0
18,63738051,-,18,63743543,+,MESO,2009,TCGA-LK-A4NY-01A,TCGA-LK-A4NY-01A,1.0,0.0,0.0,0.0,0.0
19,6254993,-,19,6260712,+,MESO,2010,TCGA-LK-A4NY-01A,TCGA-LK-A4NY-01A,1.0,0.0,0.0,0.0,0.0
19,27569106,+,19,27572349,-,MESO,2011,TCGA-LK-A4NY-01A,TCGA-LK-A4NY-01A,1.0,0.0,0.0,0.0,0.0
2,6385529,+,2,15830634,-,MESO,2012,TCGA-LK-A4NY-01A,TCGA-LK-A4NY-01A,1.0,0.0,0.0,0.0,0.0
2,61312494,-,2,61313226,+,MESO,2013,TCGA-LK-A4NY-01A,TCGA-LK-A4NY-01A,1.0,0.0,0.0,0.0,0.0
2,92383111,-,2,93197098,+,MESO,2014,TCGA-LK-A4NY-01A,TCGA-LK-A4NY-01A,1.0,0.0,0.0,0.0,0.0
2,115966834,-,2,122566239,+,MESO,2015,TCGA-LK-A4NY-01A,TCGA-LK-A4NY-01A,1.0,0.0,0.0,0.0,0.0
2,117674312,-,2,117677198,+,MESO,2016,TCGA-LK-A4NY-01A,TCGA-LK-A4NY-01A,1.0,0.0,0.0,0.0,0.0
2,119655123,+,2,119656074,-,MESO,2017,TCGA-LK-A4NY-01A,TCGA-LK-A4NY-01A,1.0,0.0,0.0,0.0,0.0
2,136270788,-,2,136271939,+,MESO,2018,TCGA-LK-A4NY-01A,TCGA-LK-A4NY-01A,1.0,0.0,0.0,0.0,0.0
2,161225667,-,2,161230155,+,MESO,2019,TCGA-LK-A4NY-01A,TCGA-LK-A4NY-01A,1.0,0.0,0.0,0.0,0.0
2,162375692,-,2,162381239,+,MESO,2020,TCGA-LK-A4NY-01A,TCGA-LK-A4NY-01A,1.0,0.0,0.0,0.0,0.0
2,181433855,-,2,181435510,+,MESO,2021,TCGA-LK-A4NY-01A,TCGA-LK-A4NY-01A,1.0,0.0,0.0,0.0,0.0
2,203446066,+,2,203451868,-,MESO,2022,TCGA-LK-A4NY-01A,TCGA-LK-A4NY-01A,1.0,0.0,0.0,0.0,0.0
2,203456091,+,3,84630233,+,MESO,2023,TCGA-LK-A4NY-01A,TCGA-LK-A4NY-01A,1.0,0.0,0.0,0.0,0.0
2,221469106,-,2,221474639,+,MESO,2024,TCGA-LK-A4NY-01A,TCGA-LK-A4NY-01A,1.0,0.0,0.0,0.0,0.0
2,234358355,-,2,234363221,+,MESO,2025,TCGA-LK-A4NY-01A,TCGA-LK-A4NY-01A,1.0,0.0,0.0,0.0,0.0
2,238407837,-,3,89940782,+,MESO,2026,TCGA-LK-A4NY-01A,TCGA-LK-A4NY-01A,1.0,0.0,0.0,0.0,0.0
20,6448959,-,20,6456288,+,MESO,2027,TCGA-LK-A4NY-01A,TCGA-LK-A4NY-01A,1.0,0.0,0.0,0.0,0.0
20,8133478,-,20,8136891,+,MESO,2028,TCGA-LK-A4NY-01A,TCGA-LK-A4NY-01A,1.0,0.0,0.0,0.0,0.0
20,8925274,+,20,8926307,-,MESO,2029,TCGA-LK-A4NY-01A,TCGA-LK-A4NY-01A,1.0,0.0,0.0,0.0,0.0
20,24850289,-,20,24852318,+,MESO,2030,TCGA-LK-A4NY-01A,TCGA-LK-A4NY-01A,1.0,0.0,0.0,0.0,0.0
20,26610519,-,20,26614591,+,MESO,2031,TCGA-LK-A4NY-01A,TCGA-LK-A4NY-01A,1.0,0.0,0.0,0.0,0.0
20,29266411,+,24,10227657,+,MESO,2032,TCGA-LK-A4NY-01A,TCGA-LK-A4NY-01A,1.0,0.0,0.0,0.0,0.0
20,29564257,+,20,30320199,+,MESO,2033,TCGA-LK-A4NY-01A,TCGA-LK-A4NY-01A,1.0,0.0,0.0,0.0,0.0
20,32202117,-,20,32209179,+,MESO,2034,TCGA-LK-A4NY-01A,TCGA-LK-A4NY-01A,1.0,0.0,0.0,0.0,0.0
21,20612927,-,21,20618710,+,MESO,2035,TCGA-LK-A4NY-01A,TCGA-LK-A4NY-01A,1.0,0.0,0.0,0.0,0.0
21,28487119,+,21,28487802,-,MESO,2036,TCGA-LK-A4NY-01A,TCGA-LK-A4NY-01A,1.0,0.0,0.0,0.0,0.0
21,33964305,-,21,33968191,+,MESO,2037,TCGA-LK-A4NY-01A,TCGA-LK-A4NY-01A,1.0,0.0,0.0,0.0,0.0
21,37234374,-,21,37258195,+,MESO,2038,TCGA-LK-A4NY-01A,TCGA-LK-A4NY-01A,1.0,0.0,0.0,0.0,0.0
3,47116464,-,3,47119744,+,MESO,2039,TCGA-LK-A4NY-01A,TCGA-LK-A4NY-01A,1.0,0.0,0.0,0.0,0.0
3,84636782,-,3,89941291,-,MESO,2040,TCGA-LK-A4NY-01A,TCGA-LK-A4NY-01A,1.0,0.0,0.0,0.0,0.0
3,115989019,+,3,116312565,-,MESO,2041,TCGA-LK-A4NY-01A,TCGA-LK-A4NY-01A,1.0,0.0,0.0,0.0,0.0
3,129179389,+,17,60195516,-,MESO,2042,TCGA-LK-A4NY-01A,TCGA-LK-A4NY-01A,1.0,0.0,0.0,0.0,0.0
3,145276187,+,3,145292797,-,MESO,2043,TCGA-LK-A4NY-01A,TCGA-LK-A4NY-01A,1.0,0.0,0.0,0.0,0.0
3,147311610,-,3,147314219,+,MESO,2044,TCGA-LK-A4NY-01A,TCGA-LK-A4NY-01A,1.0,0.0,0.0,0.0,0.0
3,175278986,-,3,175280707,+,MESO,2045,TCGA-LK-A4NY-01A,TCGA-LK-A4NY-01A,1.0,0.0,0.0,0.0,0.0
3,186018476,-,3,186021454,+,MESO,2046,TCGA-LK-A4NY-01A,TCGA-LK-A4NY-01A,1.0,0.0,0.0,0.0,0.0
4,38678179,-,4,38689756,+,MESO,2047,TCGA-LK-A4NY-01A,TCGA-LK-A4NY-01A,1.0,0.0,0.0,0.0,0.0
4,50189359,-,4,50993235,+,MESO,2048,TCGA-LK-A4NY-01A,TCGA-LK-A4NY-01A,1.0,0.0,0.0,0.0,0.0
4,86069205,-,4,86076900,+,MESO,2049,TCGA-LK-A4NY-01A,TCGA-LK-A4NY-01A,1.0,0.0,0.0,0.0,0.0
4,90258584,-,4,90266861,+,MESO,2050,TCGA-LK-A4NY-01A,TCGA-LK-A4NY-01A,1.0,0.0,0.0,0.0,0.0
4,105718844,-,4,105738856,+,MESO,2051,TCGA-LK-A4NY-01A,TCGA-LK-A4NY-01A,1.0,0.0,0.0,0.0,0.0
4,107527878,+,4,112332687,-,MESO,2052,TCGA-LK-A4NY-01A,TCGA-LK-A4NY-01A,1.0,0.0,0.0,0.0,0.0
4,107537128,-,4,172096060,+,MESO,2053,TCGA-LK-A4NY-01A,TCGA-LK-A4NY-01A,1.0,0.0,0.0,0.0,0.0
4,112311128,+,4,172197017,+,MESO,2054,TCGA-LK-A4NY-01A,TCGA-LK-A4NY-01A,1.0,0.0,0.0,0.0,0.0
4,112611163,-,12,17289822,+,MESO,2055,TCGA-LK-A4NY-01A,TCGA-LK-A4NY-01A,1.0,0.0,0.0,0.0,0.0
4,122067690,-,4,122071545,+,MESO,2056,TCGA-LK-A4NY-01A,TCGA-LK-A4NY-01A,1.0,0.0,0.0,0.0,0.0
4,129138794,-,4,129140626,+,MESO,2057,TCGA-LK-A4NY-01A,TCGA-LK-A4NY-01A,1.0,0.0,0.0,0.0,0.0
4,129283420,-,4,129290687,+,MESO,2058,TCGA-LK-A4NY-01A,TCGA-LK-A4NY-01A,1.0,0.0,0.0,0.0,0.0
4,147280504,-,4,147287608,+,MESO,2059,TCGA-LK-A4NY-01A,TCGA-LK-A4NY-01A,1.0,0.0,0.0,0.0,0.0
4,151616051,+,4,151616980,-,MESO,2060,TCGA-LK-A4NY-01A,TCGA-LK-A4NY-01A,1.0,0.0,0.0,0.0,0.0
4,156985540,+,4,156986349,-,MESO,2061,TCGA-LK-A4NY-01A,TCGA-LK-A4NY-01A,1.0,0.0,0.0,0.0,0.0
4,172168681,-,12,17288086,-,MESO,2062,TCGA-LK-A4NY-01A,TCGA-LK-A4NY-01A,1.0,0.0,0.0,0.0,0.0
4,172190124,-,4,172212727,-,MESO,2063,TCGA-LK-A4NY-01A,TCGA-LK-A4NY-01A,1.0,0.0,0.0,0.0,0.0
4,172214171,+,4,172863967,-,MESO,2064,TCGA-LK-A4NY-01A,TCGA-LK-A4NY-01A,1.0,0.0,0.0,0.0,0.0
5,14720921,+,5,14722717,-,MESO,2065,TCGA-LK-A4NY-01A,TCGA-LK-A4NY-01A,1.0,0.0,0.0,0.0,0.0
5,22408088,-,5,22413178,+,MESO,2066,TCGA-LK-A4NY-01A,TCGA-LK-A4NY-01A,1.0,0.0,0.0,0.0,0.0
5,34289587,-,5,34455897,+,MESO,2067,TCGA-LK-A4NY-01A,TCGA-LK-A4NY-01A,1.0,0.0,0.0,0.0,0.0
5,38256871,-,5,38260408,+,MESO,2068,TCGA-LK-A4NY-01A,TCGA-LK-A4NY-01A,1.0,0.0,0.0,0.0,0.0
5,44613371,+,5,44613642,-,MESO,2069,TCGA-LK-A4NY-01A,TCGA-LK-A4NY-01A,1.0,0.0,0.0,0.0,0.0
5,59592980,+,5,74958161,-,MESO,2070,TCGA-LK-A4NY-01A,TCGA-LK-A4NY-01A,1.0,0.0,0.0,0.0,0.0
5,136429725,-,5,136432161,+,MESO,2071,TCGA-LK-A4NY-01A,TCGA-LK-A4NY-01A,1.0,0.0,0.0,0.0,0.0
5,153980810,-,5,153989921,+,MESO,2072,TCGA-LK-A4NY-01A,TCGA-LK-A4NY-01A,1.0,0.0,0.0,0.0,0.0
5,167259148,-,5,167260829,+,MESO,2073,TCGA-LK-A4NY-01A,TCGA-LK-A4NY-01A,1.0,0.0,0.0,0.0,0.0
5,167996547,-,9,127198760,+,MESO,2074,TCGA-LK-A4NY-01A,TCGA-LK-A4NY-01A,1.0,0.0,0.0,0.0,0.0
5,168008358,+,9,127198772,-,MESO,2075,TCGA-LK-A4NY-01A,TCGA-LK-A4NY-01A,1.0,0.0,0.0,0.0,0.0
6,12002234,+,6,25563325,-,MESO,2076,TCGA-LK-A4NY-01A,TCGA-LK-A4NY-01A,1.0,0.0,0.0,0.0,0.0
6,16792985,-,6,16799487,+,MESO,2077,TCGA-LK-A4NY-01A,TCGA-LK-A4NY-01A,1.0,0.0,0.0,0.0,0.0
6,31946188,+,6,31946916,-,MESO,2078,TCGA-LK-A4NY-01A,TCGA-LK-A4NY-01A,1.0,0.0,0.0,0.0,0.0
6,55806014,-,6,55808673,+,MESO,2079,TCGA-LK-A4NY-01A,TCGA-LK-A4NY-01A,1.0,0.0,0.0,0.0,0.0
6,97844038,-,6,97844644,+,MESO,2080,TCGA-LK-A4NY-01A,TCGA-LK-A4NY-01A,1.0,0.0,0.0,0.0,0.0
6,116661312,+,23,131495522,-,MESO,2081,TCGA-LK-A4NY-01A,TCGA-LK-A4NY-01A,1.0,0.0,0.0,0.0,0.0
6,130152572,-,20,5742954,-,MESO,2082,TCGA-LK-A4NY-01A,TCGA-LK-A4NY-01A,1.0,0.0,0.0,0.0,0.0
7,30731516,-,7,30737107,+,MESO,2083,TCGA-LK-A4NY-01A,TCGA-LK-A4NY-01A,1.0,0.0,0.0,0.0,0.0
7,74064010,+,7,74070290,-,MESO,2084,TCGA-LK-A4NY-01A,TCGA-LK-A4NY-01A,1.0,0.0,0.0,0.0,0.0
7,113956064,-,7,113959026,-,MESO,2085,TCGA-LK-A4NY-01A,TCGA-LK-A4NY-01A,1.0,0.0,0.0,0.0,0.0
7,116804824,-,7,116824850,+,MESO,2086,TCGA-LK-A4NY-01A,TCGA-LK-A4NY-01A,1.0,0.0,0.0,0.0,0.0
7,117095667,-,7,117101737,+,MESO,2087,TCGA-LK-A4NY-01A,TCGA-LK-A4NY-01A,1.0,0.0,0.0,0.0,0.0
8,8385985,-,8,8400860,+,MESO,2088,TCGA-LK-A4NY-01A,TCGA-LK-A4NY-01A,1.0,0.0,0.0,0.0,0.0
8,33754339,-,8,33756475,+,MESO,2089,TCGA-LK-A4NY-01A,TCGA-LK-A4NY-01A,1.0,0.0,0.0,0.0,0.0
8,45399358,-,8,45678780,+,MESO,2090,TCGA-LK-A4NY-01A,TCGA-LK-A4NY-01A,1.0,0.0,0.0,0.0,0.0
8,81080145,-,8,81083521,+,MESO,2091,TCGA-LK-A4NY-01A,TCGA-LK-A4NY-01A,1.0,0.0,0.0,0.0,0.0
8,103336664,-,8,103355149,+,MESO,2092,TCGA-LK-A4NY-01A,TCGA-LK-A4NY-01A,1.0,0.0,0.0,0.0,0.0
9,21763569,+,9,33344530,-,MESO,2093,TCGA-LK-A4NY-01A,TCGA-LK-A4NY-01A,1.0,0.0,0.0,0.0,0.0
9,27893363,-,19,3473025,+,MESO,2094,TCGA-LK-A4NY-01A,TCGA-LK-A4NY-01A,1.0,0.0,0.0,0.0,0.0
9,43862274,-,9,45344545,+,MESO,2095,TCGA-LK-A4NY-01A,TCGA-LK-A4NY-01A,1.0,0.0,0.0,0.0,0.0
9,44680872,+,9,44944942,-,MESO,2096,TCGA-LK-A4NY-01A,TCGA-LK-A4NY-01A,1.0,0.0,0.0,0.0,0.0
9,89538121,+,9,89539121,-,MESO,2097,TCGA-LK-A4NY-01A,TCGA-LK-A4NY-01A,1.0,0.0,0.0,0.0,0.0
9,90715738,-,9,90716743,+,MESO,2098,TCGA-LK-A4NY-01A,TCGA-LK-A4NY-01A,1.0,0.0,0.0,0.0,0.0
9,90715773,+,9,90716396,-,MESO,2099,TCGA-LK-A4NY-01A,TCGA-LK-A4NY-01A,1.0,0.0,0.0,0.0,0.0
9,92097715,+,9,92098345,-,MESO,2100,TCGA-LK-A4NY-01A,TCGA-LK-A4NY-01A,1.0,0.0,0.0,0.0,0.0
9,107477363,-,9,107480061,+,MESO,2101,TCGA-LK-A4NY-01A,TCGA-LK-A4NY-01A,1.0,0.0,0.0,0.0,0.0
23,81867918,-,23,81870178,+,MESO,2102,TCGA-LK-A4NY-01A,TCGA-LK-A4NY-01A,1.0,0.0,0.0,0.0,0.0
23,96132964,-,23,96135506,+,MESO,2103,TCGA-LK-A4NY-01A,TCGA-LK-A4NY-01A,1.0,0.0,0.0,0.0,0.0
23,114905471,-,23,114906891,+,MESO,2104,TCGA-LK-A4NY-01A,TCGA-LK-A4NY-01A,1.0,0.0,0.0,0.0,0.0
23,114905484,+,23,114906323,-,MESO,2105,TCGA-LK-A4NY-01A,TCGA-LK-A4NY-01A,1.0,0.0,0.0,0.0,0.0
23,132226297,-,23,132228753,+,MESO,2106,TCGA-LK-A4NY-01A,TCGA-LK-A4NY-01A,1.0,0.0,0.0,0.0,0.0
1,5667485,+,1,18741056,-,MESO,2107,TCGA-LK-A4NZ-01A,TCGA-LK-A4NZ-01A,1.0,0.0,0.0,0.0,0.0
1,5676562,-,1,18757620,-,MESO,2108,TCGA-LK-A4NZ-01A,TCGA-LK-A4NZ-01A,1.0,0.0,0.0,0.0,0.0
1,5676796,+,3,52411212,-,MESO,2109,TCGA-LK-A4NZ-01A,TCGA-LK-A4NZ-01A,1.0,0.0,0.0,0.0,0.0
1,18742531,+,6,5124412,-,MESO,2110,TCGA-LK-A4NZ-01A,TCGA-LK-A4NZ-01A,1.0,0.0,0.0,0.0,0.0
1,146041413,+,1,148995856,+,MESO,2111,TCGA-LK-A4NZ-01A,TCGA-LK-A4NZ-01A,1.0,0.0,0.0,0.0,0.0
1,167235477,+,3,173020650,-,MESO,2112,TCGA-LK-A4NZ-01A,TCGA-LK-A4NZ-01A,1.0,0.0,0.0,0.0,0.0
1,167235514,-,3,54141187,-,MESO,2113,TCGA-LK-A4NZ-01A,TCGA-LK-A4NZ-01A,1.0,0.0,0.0,0.0,0.0
1,215961304,+,1,215965399,-,MESO,2114,TCGA-LK-A4NZ-01A,TCGA-LK-A4NZ-01A,1.0,0.0,0.0,0.0,0.0
1,237473462,+,4,133581543,-,MESO,2115,TCGA-LK-A4NZ-01A,TCGA-LK-A4NZ-01A,1.0,0.0,0.0,0.0,0.0
1,246945182,-,14,100260943,+,MESO,2116,TCGA-LK-A4NZ-01A,TCGA-LK-A4NZ-01A,1.0,0.0,0.0,0.0,0.0
11,54358782,-,11,54407112,+,MESO,2117,TCGA-LK-A4NZ-01A,TCGA-LK-A4NZ-01A,1.0,0.0,0.0,0.0,0.0
11,54369108,-,11,54415894,+,MESO,2118,TCGA-LK-A4NZ-01A,TCGA-LK-A4NZ-01A,1.0,0.0,0.0,0.0,0.0
11,80856960,+,11,80914977,-,MESO,2119,TCGA-LK-A4NZ-01A,TCGA-LK-A4NZ-01A,1.0,0.0,0.0,0.0,0.0
12,14257017,+,12,15797549,-,MESO,2120,TCGA-LK-A4NZ-01A,TCGA-LK-A4NZ-01A,1.0,0.0,0.0,0.0,0.0
12,87644608,+,12,87645700,-,MESO,2121,TCGA-LK-A4NZ-01A,TCGA-LK-A4NZ-01A,1.0,0.0,0.0,0.0,0.0
12,98800049,-,12,99039971,+,MESO,2122,TCGA-LK-A4NZ-01A,TCGA-LK-A4NZ-01A,1.0,0.0,0.0,0.0,0.0
13,17645886,+,13,17952705,-,MESO,2123,TCGA-LK-A4NZ-01A,TCGA-LK-A4NZ-01A,1.0,0.0,0.0,0.0,0.0
14,78082945,-,17,5158672,+,MESO,2124,TCGA-LK-A4NZ-01A,TCGA-LK-A4NZ-01A,1.0,0.0,0.0,0.0,0.0
14,95980843,+,14,95981666,-,MESO,2125,TCGA-LK-A4NZ-01A,TCGA-LK-A4NZ-01A,1.0,0.0,0.0,0.0,0.0
15,20525049,+,15,27899036,-,MESO,2126,TCGA-LK-A4NZ-01A,TCGA-LK-A4NZ-01A,1.0,0.0,0.0,0.0,0.0
15,23052153,+,15,27885328,-,MESO,2127,TCGA-LK-A4NZ-01A,TCGA-LK-A4NZ-01A,1.0,0.0,0.0,0.0,0.0
15,23052398,-,15,27259148,+,MESO,2128,TCGA-LK-A4NZ-01A,TCGA-LK-A4NZ-01A,1.0,0.0,0.0,0.0,0.0
15,26454137,+,15,33035144,-,MESO,2129,TCGA-LK-A4NZ-01A,TCGA-LK-A4NZ-01A,1.0,0.0,0.0,0.0,0.0
15,27056387,+,15,33119715,-,MESO,2130,TCGA-LK-A4NZ-01A,TCGA-LK-A4NZ-01A,1.0,0.0,0.0,0.0,0.0
15,27057066,-,15,33034852,+,MESO,2131,TCGA-LK-A4NZ-01A,TCGA-LK-A4NZ-01A,1.0,0.0,0.0,0.0,0.0
15,27259369,-,15,33119573,+,MESO,2132,TCGA-LK-A4NZ-01A,TCGA-LK-A4NZ-01A,1.0,0.0,0.0,0.0,0.0
15,27885065,+,15,27898397,+,MESO,2133,TCGA-LK-A4NZ-01A,TCGA-LK-A4NZ-01A,1.0,0.0,0.0,0.0,0.0
15,39573686,+,15,39578647,-,MESO,2134,TCGA-LK-A4NZ-01A,TCGA-LK-A4NZ-01A,1.0,0.0,0.0,0.0,0.0
16,5315243,+,16,6051378,-,MESO,2135,TCGA-LK-A4NZ-01A,TCGA-LK-A4NZ-01A,1.0,0.0,0.0,0.0,0.0
16,60386170,+,16,60395981,-,MESO,2136,TCGA-LK-A4NZ-01A,TCGA-LK-A4NZ-01A,1.0,0.0,0.0,0.0,0.0
16,78716191,-,16,78902110,+,MESO,2137,TCGA-LK-A4NZ-01A,TCGA-LK-A4NZ-01A,1.0,0.0,0.0,0.0,0.0
17,22929940,-,17,23176228,+,MESO,2138,TCGA-LK-A4NZ-01A,TCGA-LK-A4NZ-01A,1.0,0.0,0.0,0.0,0.0
17,75562608,-,17,75608789,+,MESO,2139,TCGA-LK-A4NZ-01A,TCGA-LK-A4NZ-01A,1.0,0.0,0.0,0.0,0.0
18,15624681,+,18,15679223,-,MESO,2140,TCGA-LK-A4NZ-01A,TCGA-LK-A4NZ-01A,1.0,0.0,0.0,0.0,0.0
18,22201574,+,18,22209265,-,MESO,2141,TCGA-LK-A4NZ-01A,TCGA-LK-A4NZ-01A,1.0,0.0,0.0,0.0,0.0
2,92988706,-,2,92989401,+,MESO,2142,TCGA-LK-A4NZ-01A,TCGA-LK-A4NZ-01A,1.0,0.0,0.0,0.0,0.0
2,114804036,+,2,115427287,-,MESO,2143,TCGA-LK-A4NZ-01A,TCGA-LK-A4NZ-01A,1.0,0.0,0.0,0.0,0.0
2,140196124,+,2,140645909,-,MESO,2144,TCGA-LK-A4NZ-01A,TCGA-LK-A4NZ-01A,1.0,0.0,0.0,0.0,0.0
2,181533482,-,2,181645366,+,MESO,2145,TCGA-LK-A4NZ-01A,TCGA-LK-A4NZ-01A,1.0,0.0,0.0,0.0,0.0
2,222036594,+,11,10086145,+,MESO,2146,TCGA-LK-A4NZ-01A,TCGA-LK-A4NZ-01A,1.0,0.0,0.0,0.0,0.0
2,222037641,-,11,10005677,+,MESO,2147,TCGA-LK-A4NZ-01A,TCGA-LK-A4NZ-01A,1.0,0.0,0.0,0.0,0.0
2,222042904,+,11,10103235,-,MESO,2148,TCGA-LK-A4NZ-01A,TCGA-LK-A4NZ-01A,1.0,0.0,0.0,0.0,0.0
2,222042927,-,11,10026911,-,MESO,2149,TCGA-LK-A4NZ-01A,TCGA-LK-A4NZ-01A,1.0,0.0,0.0,0.0,0.0
20,28523432,-,20,28532748,+,MESO,2150,TCGA-LK-A4NZ-01A,TCGA-LK-A4NZ-01A,1.0,0.0,0.0,0.0,0.0
21,35646068,+,21,35654018,+,MESO,2151,TCGA-LK-A4NZ-01A,TCGA-LK-A4NZ-01A,1.0,0.0,0.0,0.0,0.0
21,35646069,-,21,35654020,-,MESO,2152,TCGA-LK-A4NZ-01A,TCGA-LK-A4NZ-01A,1.0,0.0,0.0,0.0,0.0
3,11728941,-,3,11759951,+,MESO,2153,TCGA-LK-A4NZ-01A,TCGA-LK-A4NZ-01A,1.0,0.0,0.0,0.0,0.0
3,35055557,+,3,38780867,+,MESO,2154,TCGA-LK-A4NZ-01A,TCGA-LK-A4NZ-01A,1.0,0.0,0.0,0.0,0.0
3,35055659,-,3,59340597,-,MESO,2155,TCGA-LK-A4NZ-01A,TCGA-LK-A4NZ-01A,1.0,0.0,0.0,0.0,0.0
3,47064288,+,3,54080307,+,MESO,2156,TCGA-LK-A4NZ-01A,TCGA-LK-A4NZ-01A,1.0,0.0,0.0,0.0,0.0
3,47064579,-,3,54078947,+,MESO,2157,TCGA-LK-A4NZ-01A,TCGA-LK-A4NZ-01A,1.0,0.0,0.0,0.0,0.0
3,47107261,+,3,47111738,+,MESO,2158,TCGA-LK-A4NZ-01A,TCGA-LK-A4NZ-01A,1.0,0.0,0.0,0.0,0.0
3,47107301,-,3,174642791,-,MESO,2159,TCGA-LK-A4NZ-01A,TCGA-LK-A4NZ-01A,1.0,0.0,0.0,0.0,0.0
3,47111769,-,3,54139291,+,MESO,2160,TCGA-LK-A4NZ-01A,TCGA-LK-A4NZ-01A,1.0,0.0,0.0,0.0,0.0
3,52409984,+,6,4621876,-,MESO,2161,TCGA-LK-A4NZ-01A,TCGA-LK-A4NZ-01A,1.0,0.0,0.0,0.0,0.0
3,54078979,-,3,174967808,+,MESO,2162,TCGA-LK-A4NZ-01A,TCGA-LK-A4NZ-01A,1.0,0.0,0.0,0.0,0.0
3,54080329,-,3,54137349,-,MESO,2163,TCGA-LK-A4NZ-01A,TCGA-LK-A4NZ-01A,1.0,0.0,0.0,0.0,0.0
3,54081229,+,3,54084118,+,MESO,2164,TCGA-LK-A4NZ-01A,TCGA-LK-A4NZ-01A,1.0,0.0,0.0,0.0,0.0
3,54082155,-,3,54164987,+,MESO,2165,TCGA-LK-A4NZ-01A,TCGA-LK-A4NZ-01A,1.0,0.0,0.0,0.0,0.0
3,54082949,+,3,54165008,-,MESO,2166,TCGA-LK-A4NZ-01A,TCGA-LK-A4NZ-01A,1.0,0.0,0.0,0.0,0.0
3,54083425,-,3,54137298,+,MESO,2167,TCGA-LK-A4NZ-01A,TCGA-LK-A4NZ-01A,1.0,0.0,0.0,0.0,0.0
3,54136003,-,3,174637120,+,MESO,2168,TCGA-LK-A4NZ-01A,TCGA-LK-A4NZ-01A,1.0,0.0,0.0,0.0,0.0
3,54137884,+,3,174967882,-,MESO,2169,TCGA-LK-A4NZ-01A,TCGA-LK-A4NZ-01A,1.0,0.0,0.0,0.0,0.0
3,54138661,-,3,174968185,+,MESO,2170,TCGA-LK-A4NZ-01A,TCGA-LK-A4NZ-01A,1.0,0.0,0.0,0.0,0.0
3,54141803,+,3,54163334,-,MESO,2171,TCGA-LK-A4NZ-01A,TCGA-LK-A4NZ-01A,1.0,0.0,0.0,0.0,0.0
3,90793525,-,3,91088330,+,MESO,2172,TCGA-LK-A4NZ-01A,TCGA-LK-A4NZ-01A,1.0,0.0,0.0,0.0,0.0
3,91024170,-,3,91212076,+,MESO,2173,TCGA-LK-A4NZ-01A,TCGA-LK-A4NZ-01A,1.0,0.0,0.0,0.0,0.0
3,91066687,-,3,91114126,+,MESO,2174,TCGA-LK-A4NZ-01A,TCGA-LK-A4NZ-01A,1.0,0.0,0.0,0.0,0.0
3,164753824,+,3,164758758,-,MESO,2175,TCGA-LK-A4NZ-01A,TCGA-LK-A4NZ-01A,1.0,0.0,0.0,0.0,0.0
3,173020631,+,3,174637258,-,MESO,2176,TCGA-LK-A4NZ-01A,TCGA-LK-A4NZ-01A,1.0,0.0,0.0,0.0,0.0
3,174642736,+,3,174968206,-,MESO,2177,TCGA-LK-A4NZ-01A,TCGA-LK-A4NZ-01A,1.0,0.0,0.0,0.0,0.0
4,51242395,+,4,51292743,-,MESO,2178,TCGA-LK-A4NZ-01A,TCGA-LK-A4NZ-01A,1.0,0.0,0.0,0.0,0.0
4,98051154,+,4,98061343,+,MESO,2179,TCGA-LK-A4NZ-01A,TCGA-LK-A4NZ-01A,1.0,0.0,0.0,0.0,0.0
4,98052909,-,4,98056299,+,MESO,2180,TCGA-LK-A4NZ-01A,TCGA-LK-A4NZ-01A,1.0,0.0,0.0,0.0,0.0
4,98053636,+,4,98060959,-,MESO,2181,TCGA-LK-A4NZ-01A,TCGA-LK-A4NZ-01A,1.0,0.0,0.0,0.0,0.0
4,98055820,-,4,98085595,-,MESO,2182,TCGA-LK-A4NZ-01A,TCGA-LK-A4NZ-01A,1.0,0.0,0.0,0.0,0.0
4,98066786,-,4,98077813,-,MESO,2183,TCGA-LK-A4NZ-01A,TCGA-LK-A4NZ-01A,1.0,0.0,0.0,0.0,0.0
4,98077612,+,4,98083276,-,MESO,2184,TCGA-LK-A4NZ-01A,TCGA-LK-A4NZ-01A,1.0,0.0,0.0,0.0,0.0
4,98078930,+,4,98086712,+,MESO,2185,TCGA-LK-A4NZ-01A,TCGA-LK-A4NZ-01A,1.0,0.0,0.0,0.0,0.0
4,98084928,+,4,98086812,-,MESO,2186,TCGA-LK-A4NZ-01A,TCGA-LK-A4NZ-01A,1.0,0.0,0.0,0.0,0.0
4,122868452,+,4,123240809,-,MESO,2187,TCGA-LK-A4NZ-01A,TCGA-LK-A4NZ-01A,1.0,0.0,0.0,0.0,0.0
5,46601306,+,5,46681260,-,MESO,2188,TCGA-LK-A4NZ-01A,TCGA-LK-A4NZ-01A,1.0,0.0,0.0,0.0,0.0
5,49801830,-,5,49925443,+,MESO,2189,TCGA-LK-A4NZ-01A,TCGA-LK-A4NZ-01A,1.0,0.0,0.0,0.0,0.0
5,165780885,-,23,1213069,-,MESO,2190,TCGA-LK-A4NZ-01A,TCGA-LK-A4NZ-01A,1.0,0.0,0.0,0.0,0.0
6,4609614,+,6,5101215,+,MESO,2191,TCGA-LK-A4NZ-01A,TCGA-LK-A4NZ-01A,1.0,0.0,0.0,0.0,0.0
6,72038794,+,6,155290253,-,MESO,2192,TCGA-LK-A4NZ-01A,TCGA-LK-A4NZ-01A,1.0,0.0,0.0,0.0,0.0
7,4497345,+,7,9621863,-,MESO,2193,TCGA-LK-A4NZ-01A,TCGA-LK-A4NZ-01A,1.0,0.0,0.0,0.0,0.0
7,89025876,+,7,153346416,+,MESO,2194,TCGA-LK-A4NZ-01A,TCGA-LK-A4NZ-01A,1.0,0.0,0.0,0.0,0.0
7,89026342,-,7,89059318,+,MESO,2195,TCGA-LK-A4NZ-01A,TCGA-LK-A4NZ-01A,1.0,0.0,0.0,0.0,0.0
7,89027443,+,7,153400940,+,MESO,2196,TCGA-LK-A4NZ-01A,TCGA-LK-A4NZ-01A,1.0,0.0,0.0,0.0,0.0
7,89029001,-,7,153347332,-,MESO,2197,TCGA-LK-A4NZ-01A,TCGA-LK-A4NZ-01A,1.0,0.0,0.0,0.0,0.0
7,89029486,+,7,153402680,+,MESO,2198,TCGA-LK-A4NZ-01A,TCGA-LK-A4NZ-01A,1.0,0.0,0.0,0.0,0.0
7,89057353,-,7,89095081,-,MESO,2199,TCGA-LK-A4NZ-01A,TCGA-LK-A4NZ-01A,1.0,0.0,0.0,0.0,0.0
7,89060173,-,7,93293749,+,MESO,2200,TCGA-LK-A4NZ-01A,TCGA-LK-A4NZ-01A,1.0,0.0,0.0,0.0,0.0
7,89093931,+,7,94299669,-,MESO,2201,TCGA-LK-A4NZ-01A,TCGA-LK-A4NZ-01A,1.0,0.0,0.0,0.0,0.0
7,89096165,+,7,153986115,+,MESO,2202,TCGA-LK-A4NZ-01A,TCGA-LK-A4NZ-01A,1.0,0.0,0.0,0.0,0.0
7,89135697,-,7,153592970,+,MESO,2203,TCGA-LK-A4NZ-01A,TCGA-LK-A4NZ-01A,1.0,0.0,0.0,0.0,0.0
7,118996490,+,7,119445163,+,MESO,2204,TCGA-LK-A4NZ-01A,TCGA-LK-A4NZ-01A,1.0,0.0,0.0,0.0,0.0
7,118996547,-,7,119456965,-,MESO,2205,TCGA-LK-A4NZ-01A,TCGA-LK-A4NZ-01A,1.0,0.0,0.0,0.0,0.0
7,119041902,+,7,119085561,-,MESO,2206,TCGA-LK-A4NZ-01A,TCGA-LK-A4NZ-01A,1.0,0.0,0.0,0.0,0.0
7,119041972,-,7,119456906,+,MESO,2207,TCGA-LK-A4NZ-01A,TCGA-LK-A4NZ-01A,1.0,0.0,0.0,0.0,0.0
7,119060388,+,7,119082020,+,MESO,2208,TCGA-LK-A4NZ-01A,TCGA-LK-A4NZ-01A,1.0,0.0,0.0,0.0,0.0
7,119060434,-,7,119085402,+,MESO,2209,TCGA-LK-A4NZ-01A,TCGA-LK-A4NZ-01A,1.0,0.0,0.0,0.0,0.0
7,119082106,-,7,119497448,+,MESO,2210,TCGA-LK-A4NZ-01A,TCGA-LK-A4NZ-01A,1.0,0.0,0.0,0.0,0.0
7,119445194,-,7,119465620,+,MESO,2211,TCGA-LK-A4NZ-01A,TCGA-LK-A4NZ-01A,1.0,0.0,0.0,0.0,0.0
7,119466573,-,7,141935041,-,MESO,2212,TCGA-LK-A4NZ-01A,TCGA-LK-A4NZ-01A,1.0,0.0,0.0,0.0,0.0
7,147314963,+,7,147317013,-,MESO,2213,TCGA-LK-A4NZ-01A,TCGA-LK-A4NZ-01A,1.0,0.0,0.0,0.0,0.0
7,153178328,+,7,153401410,-,MESO,2214,TCGA-LK-A4NZ-01A,TCGA-LK-A4NZ-01A,1.0,0.0,0.0,0.0,0.0
7,153345336,-,7,153591068,+,MESO,2215,TCGA-LK-A4NZ-01A,TCGA-LK-A4NZ-01A,1.0,0.0,0.0,0.0,0.0
7,153451741,-,7,153950965,-,MESO,2216,TCGA-LK-A4NZ-01A,TCGA-LK-A4NZ-01A,1.0,0.0,0.0,0.0,0.0
7,153592123,-,7,154113496,-,MESO,2217,TCGA-LK-A4NZ-01A,TCGA-LK-A4NZ-01A,1.0,0.0,0.0,0.0,0.0
8,8526160,-,16,19321619,-,MESO,2218,TCGA-LK-A4NZ-01A,TCGA-LK-A4NZ-01A,1.0,0.0,0.0,0.0,0.0
8,8642101,-,17,41809629,-,MESO,2219,TCGA-LK-A4NZ-01A,TCGA-LK-A4NZ-01A,1.0,0.0,0.0,0.0,0.0
8,8643204,-,17,41809053,+,MESO,2220,TCGA-LK-A4NZ-01A,TCGA-LK-A4NZ-01A,1.0,0.0,0.0,0.0,0.0
8,46899856,-,8,47297019,+,MESO,2221,TCGA-LK-A4NZ-01A,TCGA-LK-A4NZ-01A,1.0,0.0,0.0,0.0,0.0
8,61713621,+,8,130792590,+,MESO,2222,TCGA-LK-A4NZ-01A,TCGA-LK-A4NZ-01A,1.0,0.0,0.0,0.0,0.0
8,61905655,-,8,63385930,+,MESO,2223,TCGA-LK-A4NZ-01A,TCGA-LK-A4NZ-01A,1.0,0.0,0.0,0.0,0.0
8,63057216,+,8,64288591,+,MESO,2224,TCGA-LK-A4NZ-01A,TCGA-LK-A4NZ-01A,1.0,0.0,0.0,0.0,0.0
8,63171060,-,8,63543498,+,MESO,2225,TCGA-LK-A4NZ-01A,TCGA-LK-A4NZ-01A,1.0,0.0,0.0,0.0,0.0
8,63171181,-,8,130964051,-,MESO,2226,TCGA-LK-A4NZ-01A,TCGA-LK-A4NZ-01A,1.0,0.0,0.0,0.0,0.0
8,63543173,-,8,130963923,-,MESO,2227,TCGA-LK-A4NZ-01A,TCGA-LK-A4NZ-01A,1.0,0.0,0.0,0.0,0.0
8,63543388,-,8,64391626,-,MESO,2228,TCGA-LK-A4NZ-01A,TCGA-LK-A4NZ-01A,1.0,0.0,0.0,0.0,0.0
9,44367235,+,9,44653354,-,MESO,2229,TCGA-LK-A4NZ-01A,TCGA-LK-A4NZ-01A,1.0,0.0,0.0,0.0,0.0
23,36170051,+,23,57154248,+,MESO,2230,TCGA-LK-A4NZ-01A,TCGA-LK-A4NZ-01A,1.0,0.0,0.0,0.0,0.0
23,57671430,-,23,58467903,+,MESO,2231,TCGA-LK-A4NZ-01A,TCGA-LK-A4NZ-01A,1.0,0.0,0.0,0.0,0.0
23,57711683,-,23,57985005,+,MESO,2232,TCGA-LK-A4NZ-01A,TCGA-LK-A4NZ-01A,1.0,0.0,0.0,0.0,0.0
23,57954503,+,23,57981798,-,MESO,2233,TCGA-LK-A4NZ-01A,TCGA-LK-A4NZ-01A,1.0,0.0,0.0,0.0,0.0
23,58165268,-,23,58436017,-,MESO,2234,TCGA-LK-A4NZ-01A,TCGA-LK-A4NZ-01A,1.0,0.0,0.0,0.0,0.0
23,58453202,-,23,94651257,-,MESO,2235,TCGA-LK-A4NZ-01A,TCGA-LK-A4NZ-01A,1.0,0.0,0.0,0.0,0.0
23,58453205,+,23,58465682,-,MESO,2236,TCGA-LK-A4NZ-01A,TCGA-LK-A4NZ-01A,1.0,0.0,0.0,0.0,0.0
23,63402606,-,23,93027426,-,MESO,2237,TCGA-LK-A4NZ-01A,TCGA-LK-A4NZ-01A,1.0,0.0,0.0,0.0,0.0
23,67162512,-,23,81973733,-,MESO,2238,TCGA-LK-A4NZ-01A,TCGA-LK-A4NZ-01A,1.0,0.0,0.0,0.0,0.0
23,67168927,+,23,92814685,+,MESO,2239,TCGA-LK-A4NZ-01A,TCGA-LK-A4NZ-01A,1.0,0.0,0.0,0.0,0.0
23,76913319,-,23,86685481,-,MESO,2240,TCGA-LK-A4NZ-01A,TCGA-LK-A4NZ-01A,1.0,0.0,0.0,0.0,0.0
23,79358597,+,23,95050502,+,MESO,2241,TCGA-LK-A4NZ-01A,TCGA-LK-A4NZ-01A,1.0,0.0,0.0,0.0,0.0
23,79665184,-,23,82039141,-,MESO,2242,TCGA-LK-A4NZ-01A,TCGA-LK-A4NZ-01A,1.0,0.0,0.0,0.0,0.0
23,81962651,+,23,94179080,+,MESO,2243,TCGA-LK-A4NZ-01A,TCGA-LK-A4NZ-01A,1.0,0.0,0.0,0.0,0.0
23,81977900,+,23,92831392,-,MESO,2244,TCGA-LK-A4NZ-01A,TCGA-LK-A4NZ-01A,1.0,0.0,0.0,0.0,0.0
23,86671926,-,23,92875481,+,MESO,2245,TCGA-LK-A4NZ-01A,TCGA-LK-A4NZ-01A,1.0,0.0,0.0,0.0,0.0
23,92833841,+,23,95113367,-,MESO,2246,TCGA-LK-A4NZ-01A,TCGA-LK-A4NZ-01A,1.0,0.0,0.0,0.0,0.0
7,22029667,+,7,22032094,+,MESO,2247,TCGA-LK-A4O4-01A,TCGA-LK-A4O4-01A,1.0,0.0,0.0,0.0,0.0
1,3954137,+,1,34385521,-,MESO,2248,TCGA-LK-A4O5-01A,TCGA-LK-A4O5-01A,1.0,0.0,0.0,0.0,0.0
1,96575469,+,1,96575879,+,MESO,2249,TCGA-LK-A4O5-01A,TCGA-LK-A4O5-01A,1.0,0.0,0.0,0.0,0.0
1,96575471,-,1,96575874,-,MESO,2250,TCGA-LK-A4O5-01A,TCGA-LK-A4O5-01A,1.0,0.0,0.0,0.0,0.0
1,168217397,+,13,32717858,+,MESO,2251,TCGA-LK-A4O5-01A,TCGA-LK-A4O5-01A,1.0,0.0,0.0,0.0,0.0
1,201830034,+,1,201865477,-,MESO,2252,TCGA-LK-A4O5-01A,TCGA-LK-A4O5-01A,1.0,0.0,0.0,0.0,0.0
1,225358321,-,1,225368939,+,MESO,2253,TCGA-LK-A4O5-01A,TCGA-LK-A4O5-01A,1.0,0.0,0.0,0.0,0.0
1,242271223,-,10,38327287,-,MESO,2254,TCGA-LK-A4O5-01A,TCGA-LK-A4O5-01A,1.0,0.0,0.0,0.0,0.0
11,54349707,-,11,54391680,+,MESO,2255,TCGA-LK-A4O5-01A,TCGA-LK-A4O5-01A,1.0,0.0,0.0,0.0,0.0
11,54364957,-,11,54407121,+,MESO,2256,TCGA-LK-A4O5-01A,TCGA-LK-A4O5-01A,1.0,0.0,0.0,0.0,0.0
11,54399172,+,11,54417629,-,MESO,2257,TCGA-LK-A4O5-01A,TCGA-LK-A4O5-01A,1.0,0.0,0.0,0.0,0.0
11,113862594,+,11,115106360,-,MESO,2258,TCGA-LK-A4O5-01A,TCGA-LK-A4O5-01A,1.0,0.0,0.0,0.0,0.0
11,130536077,+,16,60686556,-,MESO,2259,TCGA-LK-A4O5-01A,TCGA-LK-A4O5-01A,1.0,0.0,0.0,0.0,0.0
11,130536095,-,16,60686551,+,MESO,2260,TCGA-LK-A4O5-01A,TCGA-LK-A4O5-01A,1.0,0.0,0.0,0.0,0.0
12,34862028,+,12,35704887,-,MESO,2261,TCGA-LK-A4O5-01A,TCGA-LK-A4O5-01A,1.0,0.0,0.0,0.0,0.0
12,37750023,-,12,37751575,+,MESO,2262,TCGA-LK-A4O5-01A,TCGA-LK-A4O5-01A,1.0,0.0,0.0,0.0,0.0
12,37845394,-,19,27513004,-,MESO,2263,TCGA-LK-A4O5-01A,TCGA-LK-A4O5-01A,1.0,0.0,0.0,0.0,0.0
12,54299612,+,12,54310502,-,MESO,2264,TCGA-LK-A4O5-01A,TCGA-LK-A4O5-01A,1.0,0.0,0.0,0.0,0.0
12,97077055,+,12,97081845,-,MESO,2265,TCGA-LK-A4O5-01A,TCGA-LK-A4O5-01A,1.0,0.0,0.0,0.0,0.0
12,108576307,+,12,108581371,-,MESO,2266,TCGA-LK-A4O5-01A,TCGA-LK-A4O5-01A,1.0,0.0,0.0,0.0,0.0
13,106540788,+,13,106960791,+,MESO,2267,TCGA-LK-A4O5-01A,TCGA-LK-A4O5-01A,1.0,0.0,0.0,0.0,0.0
13,106556277,-,13,106960921,-,MESO,2268,TCGA-LK-A4O5-01A,TCGA-LK-A4O5-01A,1.0,0.0,0.0,0.0,0.0
14,63094914,+,14,63102783,-,MESO,2269,TCGA-LK-A4O5-01A,TCGA-LK-A4O5-01A,1.0,0.0,0.0,0.0,0.0
16,5384577,+,16,6014352,-,MESO,2270,TCGA-LK-A4O5-01A,TCGA-LK-A4O5-01A,1.0,0.0,0.0,0.0,0.0
16,30844268,+,16,30952546,-,MESO,2271,TCGA-LK-A4O5-01A,TCGA-LK-A4O5-01A,1.0,0.0,0.0,0.0,0.0
16,36315370,+,16,36320479,-,MESO,2272,TCGA-LK-A4O5-01A,TCGA-LK-A4O5-01A,1.0,0.0,0.0,0.0,0.0
16,63760156,-,23,70775810,+,MESO,2273,TCGA-LK-A4O5-01A,TCGA-LK-A4O5-01A,1.0,0.0,0.0,0.0,0.0
17,42641243,+,17,42654361,-,MESO,2274,TCGA-LK-A4O5-01A,TCGA-LK-A4O5-01A,1.0,0.0,0.0,0.0,0.0
19,14090241,+,22,20449747,-,MESO,2275,TCGA-LK-A4O5-01A,TCGA-LK-A4O5-01A,1.0,0.0,0.0,0.0,0.0
19,46857849,+,19,46864349,-,MESO,2276,TCGA-LK-A4O5-01A,TCGA-LK-A4O5-01A,1.0,0.0,0.0,0.0,0.0
2,185835396,+,2,229584479,-,MESO,2277,TCGA-LK-A4O5-01A,TCGA-LK-A4O5-01A,1.0,0.0,0.0,0.0,0.0
2,196278133,-,11,26365954,-,MESO,2278,TCGA-LK-A4O5-01A,TCGA-LK-A4O5-01A,1.0,0.0,0.0,0.0,0.0
20,25073143,+,20,25595259,-,MESO,2279,TCGA-LK-A4O5-01A,TCGA-LK-A4O5-01A,1.0,0.0,0.0,0.0,0.0
20,26448373,-,20,26545425,+,MESO,2280,TCGA-LK-A4O5-01A,TCGA-LK-A4O5-01A,1.0,0.0,0.0,0.0,0.0
22,28793975,+,22,28799758,-,MESO,2281,TCGA-LK-A4O5-01A,TCGA-LK-A4O5-01A,1.0,0.0,0.0,0.0,0.0
3,24782207,+,3,61283073,-,MESO,2282,TCGA-LK-A4O5-01A,TCGA-LK-A4O5-01A,1.0,0.0,0.0,0.0,0.0
3,51988801,+,3,52407783,+,MESO,2283,TCGA-LK-A4O5-01A,TCGA-LK-A4O5-01A,1.0,0.0,0.0,0.0,0.0
3,51998319,-,3,52290864,-,MESO,2284,TCGA-LK-A4O5-01A,TCGA-LK-A4O5-01A,1.0,0.0,0.0,0.0,0.0
3,52280818,+,3,52415178,-,MESO,2285,TCGA-LK-A4O5-01A,TCGA-LK-A4O5-01A,1.0,0.0,0.0,0.0,0.0
3,61293206,+,3,61432916,-,MESO,2286,TCGA-LK-A4O5-01A,TCGA-LK-A4O5-01A,1.0,0.0,0.0,0.0,0.0
3,91734200,-,3,91734812,+,MESO,2287,TCGA-LK-A4O5-01A,TCGA-LK-A4O5-01A,1.0,0.0,0.0,0.0,0.0
3,108573216,+,3,137908646,-,MESO,2288,TCGA-LK-A4O5-01A,TCGA-LK-A4O5-01A,1.0,0.0,0.0,0.0,0.0
3,108573243,-,3,108588977,-,MESO,2289,TCGA-LK-A4O5-01A,TCGA-LK-A4O5-01A,1.0,0.0,0.0,0.0,0.0
3,108588916,+,3,137875715,-,MESO,2290,TCGA-LK-A4O5-01A,TCGA-LK-A4O5-01A,1.0,0.0,0.0,0.0,0.0
3,132725298,-,18,3111109,+,MESO,2291,TCGA-LK-A4O5-01A,TCGA-LK-A4O5-01A,1.0,0.0,0.0,0.0,0.0
3,137875669,+,3,137908531,+,MESO,2292,TCGA-LK-A4O5-01A,TCGA-LK-A4O5-01A,1.0,0.0,0.0,0.0,0.0
3,157662114,-,3,168730915,+,MESO,2293,TCGA-LK-A4O5-01A,TCGA-LK-A4O5-01A,1.0,0.0,0.0,0.0,0.0
3,157662115,+,3,157962071,+,MESO,2294,TCGA-LK-A4O5-01A,TCGA-LK-A4O5-01A,1.0,0.0,0.0,0.0,0.0
3,157962110,-,3,168726064,-,MESO,2295,TCGA-LK-A4O5-01A,TCGA-LK-A4O5-01A,1.0,0.0,0.0,0.0,0.0
3,168725910,+,3,168732084,-,MESO,2296,TCGA-LK-A4O5-01A,TCGA-LK-A4O5-01A,1.0,0.0,0.0,0.0,0.0
4,11127975,+,4,11133986,-,MESO,2297,TCGA-LK-A4O5-01A,TCGA-LK-A4O5-01A,1.0,0.0,0.0,0.0,0.0
4,28806411,+,15,26554190,+,MESO,2298,TCGA-LK-A4O5-01A,TCGA-LK-A4O5-01A,1.0,0.0,0.0,0.0,0.0
4,50872833,-,4,51435240,+,MESO,2299,TCGA-LK-A4O5-01A,TCGA-LK-A4O5-01A,1.0,0.0,0.0,0.0,0.0
4,139633517,+,4,139675465,-,MESO,2300,TCGA-LK-A4O5-01A,TCGA-LK-A4O5-01A,1.0,0.0,0.0,0.0,0.0
4,181140601,+,4,181609681,-,MESO,2301,TCGA-LK-A4O5-01A,TCGA-LK-A4O5-01A,1.0,0.0,0.0,0.0,0.0
5,21141991,-,8,124483958,-,MESO,2302,TCGA-LK-A4O5-01A,TCGA-LK-A4O5-01A,1.0,0.0,0.0,0.0,0.0
5,47264874,+,5,47289380,-,MESO,2303,TCGA-LK-A4O5-01A,TCGA-LK-A4O5-01A,1.0,0.0,0.0,0.0,0.0
5,50575137,-,19,19291857,-,MESO,2304,TCGA-LK-A4O5-01A,TCGA-LK-A4O5-01A,1.0,0.0,0.0,0.0,0.0
5,109603399,+,13,81250701,-,MESO,2305,TCGA-LK-A4O5-01A,TCGA-LK-A4O5-01A,1.0,0.0,0.0,0.0,0.0
5,109603412,-,13,81235466,+,MESO,2306,TCGA-LK-A4O5-01A,TCGA-LK-A4O5-01A,1.0,0.0,0.0,0.0,0.0
5,132378442,+,5,168616117,-,MESO,2307,TCGA-LK-A4O5-01A,TCGA-LK-A4O5-01A,1.0,0.0,0.0,0.0,0.0
5,164919730,-,7,11190037,+,MESO,2308,TCGA-LK-A4O5-01A,TCGA-LK-A4O5-01A,1.0,0.0,0.0,0.0,0.0
6,33751329,-,11,73578212,+,MESO,2309,TCGA-LK-A4O5-01A,TCGA-LK-A4O5-01A,1.0,0.0,0.0,0.0,0.0
6,73839584,+,24,16914022,+,MESO,2310,TCGA-LK-A4O5-01A,TCGA-LK-A4O5-01A,1.0,0.0,0.0,0.0,0.0
6,152754697,+,6,152763394,-,MESO,2311,TCGA-LK-A4O5-01A,TCGA-LK-A4O5-01A,1.0,0.0,0.0,0.0,0.0
6,157687273,-,17,71518909,-,MESO,2312,TCGA-LK-A4O5-01A,TCGA-LK-A4O5-01A,1.0,0.0,0.0,0.0,0.0
7,56838366,+,7,63738806,+,MESO,2313,TCGA-LK-A4O5-01A,TCGA-LK-A4O5-01A,1.0,0.0,0.0,0.0,0.0
7,124273463,+,7,155363653,-,MESO,2314,TCGA-LK-A4O5-01A,TCGA-LK-A4O5-01A,1.0,0.0,0.0,0.0,0.0
7,155370116,+,7,155374502,-,MESO,2315,TCGA-LK-A4O5-01A,TCGA-LK-A4O5-01A,1.0,0.0,0.0,0.0,0.0
8,39777545,-,19,46516032,+,MESO,2316,TCGA-LK-A4O5-01A,TCGA-LK-A4O5-01A,1.0,0.0,0.0,0.0,0.0
8,39780447,+,19,48593165,-,MESO,2317,TCGA-LK-A4O5-01A,TCGA-LK-A4O5-01A,1.0,0.0,0.0,0.0,0.0
8,46698809,+,8,68026033,-,MESO,2318,TCGA-LK-A4O5-01A,TCGA-LK-A4O5-01A,1.0,0.0,0.0,0.0,0.0
9,1086076,+,9,22398960,+,MESO,2319,TCGA-LK-A4O5-01A,TCGA-LK-A4O5-01A,1.0,0.0,0.0,0.0,0.0
9,2686059,-,9,24138504,+,MESO,2320,TCGA-LK-A4O5-01A,TCGA-LK-A4O5-01A,1.0,0.0,0.0,0.0,0.0
9,2686830,+,9,14197995,-,MESO,2321,TCGA-LK-A4O5-01A,TCGA-LK-A4O5-01A,1.0,0.0,0.0,0.0,0.0
9,17104831,+,9,29529734,+,MESO,2322,TCGA-LK-A4O5-01A,TCGA-LK-A4O5-01A,1.0,0.0,0.0,0.0,0.0
9,17399032,-,9,23261380,-,MESO,2323,TCGA-LK-A4O5-01A,TCGA-LK-A4O5-01A,1.0,0.0,0.0,0.0,0.0
9,17532805,+,12,16184919,-,MESO,2324,TCGA-LK-A4O5-01A,TCGA-LK-A4O5-01A,1.0,0.0,0.0,0.0,0.0
9,17824337,+,12,113181008,-,MESO,2325,TCGA-LK-A4O5-01A,TCGA-LK-A4O5-01A,1.0,0.0,0.0,0.0,0.0
9,18208303,-,12,83557237,+,MESO,2326,TCGA-LK-A4O5-01A,TCGA-LK-A4O5-01A,1.0,0.0,0.0,0.0,0.0
9,20510129,+,9,20867484,+,MESO,2327,TCGA-LK-A4O5-01A,TCGA-LK-A4O5-01A,1.0,0.0,0.0,0.0,0.0
9,20510152,-,12,33423994,+,MESO,2328,TCGA-LK-A4O5-01A,TCGA-LK-A4O5-01A,1.0,0.0,0.0,0.0,0.0
9,20868173,-,12,33423988,-,MESO,2329,TCGA-LK-A4O5-01A,TCGA-LK-A4O5-01A,1.0,0.0,0.0,0.0,0.0
9,21874939,+,9,28478485,+,MESO,2330,TCGA-LK-A4O5-01A,TCGA-LK-A4O5-01A,1.0,0.0,0.0,0.0,0.0
9,22308430,-,9,24849275,+,MESO,2331,TCGA-LK-A4O5-01A,TCGA-LK-A4O5-01A,1.0,0.0,0.0,0.0,0.0
9,22427247,+,9,24110918,+,MESO,2332,TCGA-LK-A4O5-01A,TCGA-LK-A4O5-01A,1.0,0.0,0.0,0.0,0.0
9,22582405,-,9,27181839,-,MESO,2333,TCGA-LK-A4O5-01A,TCGA-LK-A4O5-01A,1.0,0.0,0.0,0.0,0.0
9,23138708,-,9,24354768,+,MESO,2334,TCGA-LK-A4O5-01A,TCGA-LK-A4O5-01A,1.0,0.0,0.0,0.0,0.0
9,23238223,+,9,26554144,-,MESO,2335,TCGA-LK-A4O5-01A,TCGA-LK-A4O5-01A,1.0,0.0,0.0,0.0,0.0
9,23262629,+,9,25714545,+,MESO,2336,TCGA-LK-A4O5-01A,TCGA-LK-A4O5-01A,1.0,0.0,0.0,0.0,0.0
9,23266762,-,9,23849590,+,MESO,2337,TCGA-LK-A4O5-01A,TCGA-LK-A4O5-01A,1.0,0.0,0.0,0.0,0.0
9,23268717,+,9,25759075,+,MESO,2338,TCGA-LK-A4O5-01A,TCGA-LK-A4O5-01A,1.0,0.0,0.0,0.0,0.0
9,23322683,-,9,25740949,+,MESO,2339,TCGA-LK-A4O5-01A,TCGA-LK-A4O5-01A,1.0,0.0,0.0,0.0,0.0
9,23340874,+,9,31122631,-,MESO,2340,TCGA-LK-A4O5-01A,TCGA-LK-A4O5-01A,1.0,0.0,0.0,0.0,0.0
9,23844038,-,9,24892333,-,MESO,2341,TCGA-LK-A4O5-01A,TCGA-LK-A4O5-01A,1.0,0.0,0.0,0.0,0.0
9,24044356,-,9,25419247,-,MESO,2342,TCGA-LK-A4O5-01A,TCGA-LK-A4O5-01A,1.0,0.0,0.0,0.0,0.0
9,24109886,-,9,30697087,-,MESO,2343,TCGA-LK-A4O5-01A,TCGA-LK-A4O5-01A,1.0,0.0,0.0,0.0,0.0
9,24142321,-,9,24980782,-,MESO,2344,TCGA-LK-A4O5-01A,TCGA-LK-A4O5-01A,1.0,0.0,0.0,0.0,0.0
9,24354406,-,9,25721415,+,MESO,2345,TCGA-LK-A4O5-01A,TCGA-LK-A4O5-01A,1.0,0.0,0.0,0.0,0.0
9,24726957,-,9,25823573,+,MESO,2346,TCGA-LK-A4O5-01A,TCGA-LK-A4O5-01A,1.0,0.0,0.0,0.0,0.0
9,24814853,+,9,24907116,+,MESO,2347,TCGA-LK-A4O5-01A,TCGA-LK-A4O5-01A,1.0,0.0,0.0,0.0,0.0
9,24819534,-,9,25770550,+,MESO,2348,TCGA-LK-A4O5-01A,TCGA-LK-A4O5-01A,1.0,0.0,0.0,0.0,0.0
9,24844091,+,12,16184911,+,MESO,2349,TCGA-LK-A4O5-01A,TCGA-LK-A4O5-01A,1.0,0.0,0.0,0.0,0.0
9,24844132,-,9,30747237,+,MESO,2350,TCGA-LK-A4O5-01A,TCGA-LK-A4O5-01A,1.0,0.0,0.0,0.0,0.0
9,25111971,+,9,26554145,+,MESO,2351,TCGA-LK-A4O5-01A,TCGA-LK-A4O5-01A,1.0,0.0,0.0,0.0,0.0
9,25128516,-,12,83728532,-,MESO,2352,TCGA-LK-A4O5-01A,TCGA-LK-A4O5-01A,1.0,0.0,0.0,0.0,0.0
9,25714857,-,9,25721618,-,MESO,2353,TCGA-LK-A4O5-01A,TCGA-LK-A4O5-01A,1.0,0.0,0.0,0.0,0.0
9,25752131,-,9,25759081,-,MESO,2354,TCGA-LK-A4O5-01A,TCGA-LK-A4O5-01A,1.0,0.0,0.0,0.0,0.0
9,25779608,-,9,26555073,+,MESO,2355,TCGA-LK-A4O5-01A,TCGA-LK-A4O5-01A,1.0,0.0,0.0,0.0,0.0
9,26549752,-,9,26724175,-,MESO,2356,TCGA-LK-A4O5-01A,TCGA-LK-A4O5-01A,1.0,0.0,0.0,0.0,0.0
9,26975931,+,12,112184087,+,MESO,2357,TCGA-LK-A4O5-01A,TCGA-LK-A4O5-01A,1.0,0.0,0.0,0.0,0.0
9,28219376,+,9,30739580,+,MESO,2358,TCGA-LK-A4O5-01A,TCGA-LK-A4O5-01A,1.0,0.0,0.0,0.0,0.0
9,28450463,-,9,29435985,-,MESO,2359,TCGA-LK-A4O5-01A,TCGA-LK-A4O5-01A,1.0,0.0,0.0,0.0,0.0
9,73885088,+,9,73890040,-,MESO,2360,TCGA-LK-A4O5-01A,TCGA-LK-A4O5-01A,1.0,0.0,0.0,0.0,0.0
23,27411142,-,23,27416065,+,MESO,2361,TCGA-LK-A4O5-01A,TCGA-LK-A4O5-01A,1.0,0.0,0.0,0.0,0.0
23,82905690,+,23,82922802,-,MESO,2362,TCGA-LK-A4O5-01A,TCGA-LK-A4O5-01A,1.0,0.0,0.0,0.0,0.0
23,151299336,+,23,151301326,+,MESO,2363,TCGA-LK-A4O5-01A,TCGA-LK-A4O5-01A,1.0,0.0,0.0,0.0,0.0
23,151299361,-,23,151301545,-,MESO,2364,TCGA-LK-A4O5-01A,TCGA-LK-A4O5-01A,1.0,0.0,0.0,0.0,0.0
1,122448577,-,1,122501038,+,MESO,2365,TCGA-LK-A4O6-01A,TCGA-LK-A4O6-01A,1.0,0.0,0.0,0.0,0.0
1,122463278,+,1,122500770,-,MESO,2366,TCGA-LK-A4O6-01A,TCGA-LK-A4O6-01A,1.0,0.0,0.0,0.0,0.0
1,123257162,-,1,123257879,+,MESO,2367,TCGA-LK-A4O6-01A,TCGA-LK-A4O6-01A,1.0,0.0,0.0,0.0,0.0
11,52859215,-,11,54102650,+,MESO,2368,TCGA-LK-A4O6-01A,TCGA-LK-A4O6-01A,1.0,0.0,0.0,0.0,0.0
12,34877837,+,12,35589170,-,MESO,2369,TCGA-LK-A4O6-01A,TCGA-LK-A4O6-01A,1.0,0.0,0.0,0.0,0.0
12,43953265,+,12,43986260,-,MESO,2370,TCGA-LK-A4O6-01A,TCGA-LK-A4O6-01A,1.0,0.0,0.0,0.0,0.0
12,48895581,+,12,49174178,-,MESO,2371,TCGA-LK-A4O6-01A,TCGA-LK-A4O6-01A,1.0,0.0,0.0,0.0,0.0
13,16453679,+,13,16648048,-,MESO,2372,TCGA-LK-A4O6-01A,TCGA-LK-A4O6-01A,1.0,0.0,0.0,0.0,0.0
13,18622985,-,18,14436861,-,MESO,2373,TCGA-LK-A4O6-01A,TCGA-LK-A4O6-01A,1.0,0.0,0.0,0.0,0.0
16,5869859,+,16,7411017,-,MESO,2374,TCGA-LK-A4O6-01A,TCGA-LK-A4O6-01A,1.0,0.0,0.0,0.0,0.0
17,68211689,-,17,73412025,+,MESO,2375,TCGA-LK-A4O6-01A,TCGA-LK-A4O6-01A,1.0,0.0,0.0,0.0,0.0
18,15355972,+,22,16107053,+,MESO,2376,TCGA-LK-A4O6-01A,TCGA-LK-A4O6-01A,1.0,0.0,0.0,0.0,0.0
18,15470428,-,18,15686743,+,MESO,2377,TCGA-LK-A4O6-01A,TCGA-LK-A4O6-01A,1.0,0.0,0.0,0.0,0.0
18,20762083,-,18,20835620,-,MESO,2378,TCGA-LK-A4O6-01A,TCGA-LK-A4O6-01A,1.0,0.0,0.0,0.0,0.0
19,10758197,-,19,54181986,-,MESO,2379,TCGA-LK-A4O6-01A,TCGA-LK-A4O6-01A,1.0,0.0,0.0,0.0,0.0
19,48956394,+,19,48996654,-,MESO,2380,TCGA-LK-A4O6-01A,TCGA-LK-A4O6-01A,1.0,0.0,0.0,0.0,0.0
2,91884311,-,10,38642256,+,MESO,2381,TCGA-LK-A4O6-01A,TCGA-LK-A4O6-01A,1.0,0.0,0.0,0.0,0.0
2,95846782,-,2,113396034,-,MESO,2382,TCGA-LK-A4O6-01A,TCGA-LK-A4O6-01A,1.0,0.0,0.0,0.0,0.0
3,24575736,+,3,24577751,-,MESO,2383,TCGA-LK-A4O6-01A,TCGA-LK-A4O6-01A,1.0,0.0,0.0,0.0,0.0
3,25300468,+,3,64128181,-,MESO,2384,TCGA-LK-A4O6-01A,TCGA-LK-A4O6-01A,1.0,0.0,0.0,0.0,0.0
3,30474971,+,3,30541902,-,MESO,2385,TCGA-LK-A4O6-01A,TCGA-LK-A4O6-01A,1.0,0.0,0.0,0.0,0.0
3,59739993,-,8,89011792,+,MESO,2386,TCGA-LK-A4O6-01A,TCGA-LK-A4O6-01A,1.0,0.0,0.0,0.0,0.0
3,90577028,+,3,90580078,-,MESO,2387,TCGA-LK-A4O6-01A,TCGA-LK-A4O6-01A,1.0,0.0,0.0,0.0,0.0
3,90850608,+,3,91113843,-,MESO,2388,TCGA-LK-A4O6-01A,TCGA-LK-A4O6-01A,1.0,0.0,0.0,0.0,0.0
3,91037441,+,3,91192725,-,MESO,2389,TCGA-LK-A4O6-01A,TCGA-LK-A4O6-01A,1.0,0.0,0.0,0.0,0.0
3,97266564,+,3,97268223,-,MESO,2390,TCGA-LK-A4O6-01A,TCGA-LK-A4O6-01A,1.0,0.0,0.0,0.0,0.0
3,157205626,+,12,43986188,+,MESO,2391,TCGA-LK-A4O6-01A,TCGA-LK-A4O6-01A,1.0,0.0,0.0,0.0,0.0
3,157219740,-,12,43955133,-,MESO,2392,TCGA-LK-A4O6-01A,TCGA-LK-A4O6-01A,1.0,0.0,0.0,0.0,0.0
4,1550326,+,5,50921516,+,MESO,2393,TCGA-LK-A4O6-01A,TCGA-LK-A4O6-01A,1.0,0.0,0.0,0.0,0.0
4,146274087,+,4,146315312,-,MESO,2394,TCGA-LK-A4O6-01A,TCGA-LK-A4O6-01A,1.0,0.0,0.0,0.0,0.0
5,30041046,+,5,30041476,-,MESO,2395,TCGA-LK-A4O6-01A,TCGA-LK-A4O6-01A,1.0,0.0,0.0,0.0,0.0
5,30044856,+,5,30054459,-,MESO,2396,TCGA-LK-A4O6-01A,TCGA-LK-A4O6-01A,1.0,0.0,0.0,0.0,0.0
6,59420953,-,6,59650366,+,MESO,2397,TCGA-LK-A4O6-01A,TCGA-LK-A4O6-01A,1.0,0.0,0.0,0.0,0.0
8,13622531,+,23,135115023,+,MESO,2398,TCGA-LK-A4O6-01A,TCGA-LK-A4O6-01A,1.0,0.0,0.0,0.0,0.0
8,18002006,-,9,102311371,-,MESO,2399,TCGA-LK-A4O6-01A,TCGA-LK-A4O6-01A,1.0,0.0,0.0,0.0,0.0
9,105545215,+,9,105778762,-,MESO,2400,TCGA-LK-A4O6-01A,TCGA-LK-A4O6-01A,1.0,0.0,0.0,0.0,0.0
9,117506453,+,9,117507523,-,MESO,2401,TCGA-LK-A4O6-01A,TCGA-LK-A4O6-01A,1.0,0.0,0.0,0.0,0.0
1,60940278,-,1,60952919,+,MESO,2402,TCGA-LK-A4O7-01A,TCGA-LK-A4O7-01A,1.0,0.0,0.0,0.0,0.0
1,77433691,+,8,133313038,+,MESO,2403,TCGA-LK-A4O7-01A,TCGA-LK-A4O7-01A,1.0,0.0,0.0,0.0,0.0
1,121770060,+,1,123912954,-,MESO,2404,TCGA-LK-A4O7-01A,TCGA-LK-A4O7-01A,1.0,0.0,0.0,0.0,0.0
1,148308514,+,1,148315405,-,MESO,2405,TCGA-LK-A4O7-01A,TCGA-LK-A4O7-01A,1.0,0.0,0.0,0.0,0.0
1,149448301,-,5,154578782,+,MESO,2406,TCGA-LK-A4O7-01A,TCGA-LK-A4O7-01A,1.0,0.0,0.0,0.0,0.0
1,160049719,+,23,27591015,+,MESO,2407,TCGA-LK-A4O7-01A,TCGA-LK-A4O7-01A,1.0,0.0,0.0,0.0,0.0
1,164630391,+,1,164630892,-,MESO,2408,TCGA-LK-A4O7-01A,TCGA-LK-A4O7-01A,1.0,0.0,0.0,0.0,0.0
1,167588041,+,1,184747778,-,MESO,2409,TCGA-LK-A4O7-01A,TCGA-LK-A4O7-01A,1.0,0.0,0.0,0.0,0.0
1,198938758,+,1,198985726,-,MESO,2410,TCGA-LK-A4O7-01A,TCGA-LK-A4O7-01A,1.0,0.0,0.0,0.0,0.0
1,210634592,+,1,210635232,-,MESO,2411,TCGA-LK-A4O7-01A,TCGA-LK-A4O7-01A,1.0,0.0,0.0,0.0,0.0
10,45275659,+,10,45302430,-,MESO,2412,TCGA-LK-A4O7-01A,TCGA-LK-A4O7-01A,1.0,0.0,0.0,0.0,0.0
10,45280733,-,10,45316896,-,MESO,2413,TCGA-LK-A4O7-01A,TCGA-LK-A4O7-01A,1.0,0.0,0.0,0.0,0.0
10,45297510,+,10,45316181,+,MESO,2414,TCGA-LK-A4O7-01A,TCGA-LK-A4O7-01A,1.0,0.0,0.0,0.0,0.0
11,7317289,-,11,35356655,+,MESO,2415,TCGA-LK-A4O7-01A,TCGA-LK-A4O7-01A,1.0,0.0,0.0,0.0,0.0
11,7398566,+,11,35478231,-,MESO,2416,TCGA-LK-A4O7-01A,TCGA-LK-A4O7-01A,1.0,0.0,0.0,0.0,0.0
11,8703936,-,11,20507754,+,MESO,2417,TCGA-LK-A4O7-01A,TCGA-LK-A4O7-01A,1.0,0.0,0.0,0.0,0.0
11,8705493,+,11,35351453,+,MESO,2418,TCGA-LK-A4O7-01A,TCGA-LK-A4O7-01A,1.0,0.0,0.0,0.0,0.0
11,9012980,-,11,18509348,+,MESO,2419,TCGA-LK-A4O7-01A,TCGA-LK-A4O7-01A,1.0,0.0,0.0,0.0,0.0
11,13707126,+,11,23179552,-,MESO,2420,TCGA-LK-A4O7-01A,TCGA-LK-A4O7-01A,1.0,0.0,0.0,0.0,0.0
11,14015144,-,11,24255502,-,MESO,2421,TCGA-LK-A4O7-01A,TCGA-LK-A4O7-01A,1.0,0.0,0.0,0.0,0.0
11,20511333,-,11,35348106,-,MESO,2422,TCGA-LK-A4O7-01A,TCGA-LK-A4O7-01A,1.0,0.0,0.0,0.0,0.0
11,23182823,-,11,23825530,+,MESO,2423,TCGA-LK-A4O7-01A,TCGA-LK-A4O7-01A,1.0,0.0,0.0,0.0,0.0
11,23318595,+,11,24258474,+,MESO,2424,TCGA-LK-A4O7-01A,TCGA-LK-A4O7-01A,1.0,0.0,0.0,0.0,0.0
11,23573401,-,11,35353212,-,MESO,2425,TCGA-LK-A4O7-01A,TCGA-LK-A4O7-01A,1.0,0.0,0.0,0.0,0.0
11,32517205,+,11,32524037,-,MESO,2426,TCGA-LK-A4O7-01A,TCGA-LK-A4O7-01A,1.0,0.0,0.0,0.0,0.0
11,112032094,-,11,126799495,-,MESO,2427,TCGA-LK-A4O7-01A,TCGA-LK-A4O7-01A,1.0,0.0,0.0,0.0,0.0
11,112032095,+,11,114889220,+,MESO,2428,TCGA-LK-A4O7-01A,TCGA-LK-A4O7-01A,1.0,0.0,0.0,0.0,0.0
11,112040531,+,11,114889448,-,MESO,2429,TCGA-LK-A4O7-01A,TCGA-LK-A4O7-01A,1.0,0.0,0.0,0.0,0.0
11,112373485,-,11,128204829,+,MESO,2430,TCGA-LK-A4O7-01A,TCGA-LK-A4O7-01A,1.0,0.0,0.0,0.0,0.0
11,112389084,+,11,128204866,-,MESO,2431,TCGA-LK-A4O7-01A,TCGA-LK-A4O7-01A,1.0,0.0,0.0,0.0,0.0
11,113807355,-,11,113811241,+,MESO,2432,TCGA-LK-A4O7-01A,TCGA-LK-A4O7-01A,1.0,0.0,0.0,0.0,0.0
11,113836519,-,11,114895848,+,MESO,2433,TCGA-LK-A4O7-01A,TCGA-LK-A4O7-01A,1.0,0.0,0.0,0.0,0.0
11,115141388,-,11,128013369,+,MESO,2434,TCGA-LK-A4O7-01A,TCGA-LK-A4O7-01A,1.0,0.0,0.0,0.0,0.0
11,115156208,+,11,126815432,+,MESO,2435,TCGA-LK-A4O7-01A,TCGA-LK-A4O7-01A,1.0,0.0,0.0,0.0,0.0
11,115156208,-,11,128204092,-,MESO,2436,TCGA-LK-A4O7-01A,TCGA-LK-A4O7-01A,1.0,0.0,0.0,0.0,0.0
11,119499545,-,11,126967291,+,MESO,2437,TCGA-LK-A4O7-01A,TCGA-LK-A4O7-01A,1.0,0.0,0.0,0.0,0.0
11,124337574,+,11,124340432,-,MESO,2438,TCGA-LK-A4O7-01A,TCGA-LK-A4O7-01A,1.0,0.0,0.0,0.0,0.0
11,126420606,+,11,127464955,-,MESO,2439,TCGA-LK-A4O7-01A,TCGA-LK-A4O7-01A,1.0,0.0,0.0,0.0,0.0
11,126941630,+,11,127236056,-,MESO,2440,TCGA-LK-A4O7-01A,TCGA-LK-A4O7-01A,1.0,0.0,0.0,0.0,0.0
11,126942216,-,11,127457823,+,MESO,2441,TCGA-LK-A4O7-01A,TCGA-LK-A4O7-01A,1.0,0.0,0.0,0.0,0.0
12,4559597,+,12,103444296,-,MESO,2442,TCGA-LK-A4O7-01A,TCGA-LK-A4O7-01A,1.0,0.0,0.0,0.0,0.0
12,4559629,-,12,118802437,+,MESO,2443,TCGA-LK-A4O7-01A,TCGA-LK-A4O7-01A,1.0,0.0,0.0,0.0,0.0
12,4561991,+,12,4580726,-,MESO,2444,TCGA-LK-A4O7-01A,TCGA-LK-A4O7-01A,1.0,0.0,0.0,0.0,0.0
12,4562104,-,12,19612405,+,MESO,2445,TCGA-LK-A4O7-01A,TCGA-LK-A4O7-01A,1.0,0.0,0.0,0.0,0.0
12,4566126,+,12,21561668,-,MESO,2446,TCGA-LK-A4O7-01A,TCGA-LK-A4O7-01A,1.0,0.0,0.0,0.0,0.0
12,4583253,+,12,103297313,-,MESO,2447,TCGA-LK-A4O7-01A,TCGA-LK-A4O7-01A,1.0,0.0,0.0,0.0,0.0
12,19500641,-,12,21547017,+,MESO,2448,TCGA-LK-A4O7-01A,TCGA-LK-A4O7-01A,1.0,0.0,0.0,0.0,0.0
12,19504600,+,12,19539206,+,MESO,2449,TCGA-LK-A4O7-01A,TCGA-LK-A4O7-01A,1.0,0.0,0.0,0.0,0.0
12,19505153,-,12,103296325,+,MESO,2450,TCGA-LK-A4O7-01A,TCGA-LK-A4O7-01A,1.0,0.0,0.0,0.0,0.0
12,19521072,+,12,103474441,-,MESO,2451,TCGA-LK-A4O7-01A,TCGA-LK-A4O7-01A,1.0,0.0,0.0,0.0,0.0
12,19521119,-,12,19610682,-,MESO,2452,TCGA-LK-A4O7-01A,TCGA-LK-A4O7-01A,1.0,0.0,0.0,0.0,0.0
12,19530791,+,12,103296497,-,MESO,2453,TCGA-LK-A4O7-01A,TCGA-LK-A4O7-01A,1.0,0.0,0.0,0.0,0.0
12,19530885,-,12,103474381,+,MESO,2454,TCGA-LK-A4O7-01A,TCGA-LK-A4O7-01A,1.0,0.0,0.0,0.0,0.0
12,19539377,-,12,118803123,-,MESO,2455,TCGA-LK-A4O7-01A,TCGA-LK-A4O7-01A,1.0,0.0,0.0,0.0,0.0
12,19543301,+,12,103452050,+,MESO,2456,TCGA-LK-A4O7-01A,TCGA-LK-A4O7-01A,1.0,0.0,0.0,0.0,0.0
12,19594824,-,12,118851363,-,MESO,2457,TCGA-LK-A4O7-01A,TCGA-LK-A4O7-01A,1.0,0.0,0.0,0.0,0.0
12,19610618,+,12,21544540,-,MESO,2458,TCGA-LK-A4O7-01A,TCGA-LK-A4O7-01A,1.0,0.0,0.0,0.0,0.0
12,20350162,-,12,118809713,+,MESO,2459,TCGA-LK-A4O7-01A,TCGA-LK-A4O7-01A,1.0,0.0,0.0,0.0,0.0
12,20422497,+,12,20698717,+,MESO,2460,TCGA-LK-A4O7-01A,TCGA-LK-A4O7-01A,1.0,0.0,0.0,0.0,0.0
12,20422497,+,12,103452234,+,MESO,2461,TCGA-LK-A4O7-01A,TCGA-LK-A4O7-01A,1.0,0.0,0.0,0.0,0.0
12,20422499,+,12,21416625,-,MESO,2462,TCGA-LK-A4O7-01A,TCGA-LK-A4O7-01A,1.0,0.0,0.0,0.0,0.0
12,20698510,-,12,21416629,-,MESO,2463,TCGA-LK-A4O7-01A,TCGA-LK-A4O7-01A,1.0,0.0,0.0,0.0,0.0
12,20698510,-,12,103452234,+,MESO,2464,TCGA-LK-A4O7-01A,TCGA-LK-A4O7-01A,1.0,0.0,0.0,0.0,0.0
12,21416628,-,12,103452111,-,MESO,2465,TCGA-LK-A4O7-01A,TCGA-LK-A4O7-01A,1.0,0.0,0.0,0.0,0.0
12,21544482,+,12,118856677,-,MESO,2466,TCGA-LK-A4O7-01A,TCGA-LK-A4O7-01A,1.0,0.0,0.0,0.0,0.0
12,21566222,+,12,103452320,-,MESO,2467,TCGA-LK-A4O7-01A,TCGA-LK-A4O7-01A,1.0,0.0,0.0,0.0,0.0
12,21566815,-,12,118800436,-,MESO,2468,TCGA-LK-A4O7-01A,TCGA-LK-A4O7-01A,1.0,0.0,0.0,0.0,0.0
12,36637218,+,12,37062397,-,MESO,2469,TCGA-LK-A4O7-01A,TCGA-LK-A4O7-01A,1.0,0.0,0.0,0.0,0.0
12,45079723,+,12,45085275,-,MESO,2470,TCGA-LK-A4O7-01A,TCGA-LK-A4O7-01A,1.0,0.0,0.0,0.0,0.0
12,72281202,+,12,72294182,-,MESO,2471,TCGA-LK-A4O7-01A,TCGA-LK-A4O7-01A,1.0,0.0,0.0,0.0,0.0
12,101298537,-,12,127984766,+,MESO,2472,TCGA-LK-A4O7-01A,TCGA-LK-A4O7-01A,1.0,0.0,0.0,0.0,0.0
12,103297269,+,12,118800360,+,MESO,2473,TCGA-LK-A4O7-01A,TCGA-LK-A4O7-01A,1.0,0.0,0.0,0.0,0.0
12,103300216,+,12,118856627,+,MESO,2474,TCGA-LK-A4O7-01A,TCGA-LK-A4O7-01A,1.0,0.0,0.0,0.0,0.0
12,118801472,+,12,118887216,-,MESO,2475,TCGA-LK-A4O7-01A,TCGA-LK-A4O7-01A,1.0,0.0,0.0,0.0,0.0
12,118801515,-,12,118871547,+,MESO,2476,TCGA-LK-A4O7-01A,TCGA-LK-A4O7-01A,1.0,0.0,0.0,0.0,0.0
12,121844598,-,12,121849059,+,MESO,2477,TCGA-LK-A4O7-01A,TCGA-LK-A4O7-01A,1.0,0.0,0.0,0.0,0.0
13,86497950,-,13,86498685,-,MESO,2478,TCGA-LK-A4O7-01A,TCGA-LK-A4O7-01A,1.0,0.0,0.0,0.0,0.0
13,99943585,+,13,99966707,-,MESO,2479,TCGA-LK-A4O7-01A,TCGA-LK-A4O7-01A,1.0,0.0,0.0,0.0,0.0
13,99943612,-,13,100507813,-,MESO,2480,TCGA-LK-A4O7-01A,TCGA-LK-A4O7-01A,1.0,0.0,0.0,0.0,0.0
13,99966649,+,13,100343405,-,MESO,2481,TCGA-LK-A4O7-01A,TCGA-LK-A4O7-01A,1.0,0.0,0.0,0.0,0.0
13,100507780,+,13,100520897,-,MESO,2482,TCGA-LK-A4O7-01A,TCGA-LK-A4O7-01A,1.0,0.0,0.0,0.0,0.0
15,24243624,-,15,24384029,+,MESO,2483,TCGA-LK-A4O7-01A,TCGA-LK-A4O7-01A,1.0,0.0,0.0,0.0,0.0
15,67944276,+,22,29616897,-,MESO,2484,TCGA-LK-A4O7-01A,TCGA-LK-A4O7-01A,1.0,0.0,0.0,0.0,0.0
15,67948550,-,22,29604617,+,MESO,2485,TCGA-LK-A4O7-01A,TCGA-LK-A4O7-01A,1.0,0.0,0.0,0.0,0.0
15,72138734,+,15,72162899,+,MESO,2486,TCGA-LK-A4O7-01A,TCGA-LK-A4O7-01A,1.0,0.0,0.0,0.0,0.0
15,72139380,-,15,72155790,-,MESO,2487,TCGA-LK-A4O7-01A,TCGA-LK-A4O7-01A,1.0,0.0,0.0,0.0,0.0
15,72144510,+,15,72146880,-,MESO,2488,TCGA-LK-A4O7-01A,TCGA-LK-A4O7-01A,1.0,0.0,0.0,0.0,0.0
16,329705,+,16,334716,-,MESO,2489,TCGA-LK-A4O7-01A,TCGA-LK-A4O7-01A,1.0,0.0,0.0,0.0,0.0
16,5434144,+,16,5789968,-,MESO,2490,TCGA-LK-A4O7-01A,TCGA-LK-A4O7-01A,1.0,0.0,0.0,0.0,0.0
16,51288456,-,22,27728675,+,MESO,2491,TCGA-LK-A4O7-01A,TCGA-LK-A4O7-01A,1.0,0.0,0.0,0.0,0.0
16,51824531,+,16,51853115,-,MESO,2492,TCGA-LK-A4O7-01A,TCGA-LK-A4O7-01A,1.0,0.0,0.0,0.0,0.0
17,63401415,-,17,63406728,+,MESO,2493,TCGA-LK-A4O7-01A,TCGA-LK-A4O7-01A,1.0,0.0,0.0,0.0,0.0
18,26895287,+,18,26907016,-,MESO,2494,TCGA-LK-A4O7-01A,TCGA-LK-A4O7-01A,1.0,0.0,0.0,0.0,0.0
2,12741487,-,2,12741694,+,MESO,2495,TCGA-LK-A4O7-01A,TCGA-LK-A4O7-01A,1.0,0.0,0.0,0.0,0.0
2,95848512,+,2,97252845,+,MESO,2496,TCGA-LK-A4O7-01A,TCGA-LK-A4O7-01A,1.0,0.0,0.0,0.0,0.0
2,95848665,-,2,97252628,-,MESO,2497,TCGA-LK-A4O7-01A,TCGA-LK-A4O7-01A,1.0,0.0,0.0,0.0,0.0
2,209422550,+,2,209446104,+,MESO,2498,TCGA-LK-A4O7-01A,TCGA-LK-A4O7-01A,1.0,0.0,0.0,0.0,0.0
2,220465941,+,2,220482442,-,MESO,2499,TCGA-LK-A4O7-01A,TCGA-LK-A4O7-01A,1.0,0.0,0.0,0.0,0.0
20,8464889,+,20,8479369,-,MESO,2500,TCGA-LK-A4O7-01A,TCGA-LK-A4O7-01A,1.0,0.0,0.0,0.0,0.0
20,26274460,+,20,26275517,-,MESO,2501,TCGA-LK-A4O7-01A,TCGA-LK-A4O7-01A,1.0,0.0,0.0,0.0,0.0
20,26274948,-,20,26279834,-,MESO,2502,TCGA-LK-A4O7-01A,TCGA-LK-A4O7-01A,1.0,0.0,0.0,0.0,0.0
20,26275471,+,20,26276765,-,MESO,2503,TCGA-LK-A4O7-01A,TCGA-LK-A4O7-01A,1.0,0.0,0.0,0.0,0.0
20,26276599,+,20,26344589,+,MESO,2504,TCGA-LK-A4O7-01A,TCGA-LK-A4O7-01A,1.0,0.0,0.0,0.0,0.0
20,26279812,+,20,26344676,-,MESO,2505,TCGA-LK-A4O7-01A,TCGA-LK-A4O7-01A,1.0,0.0,0.0,0.0,0.0
20,28957326,+,21,10787416,-,MESO,2506,TCGA-LK-A4O7-01A,TCGA-LK-A4O7-01A,1.0,0.0,0.0,0.0,0.0
20,29671889,-,20,30184521,-,MESO,2507,TCGA-LK-A4O7-01A,TCGA-LK-A4O7-01A,1.0,0.0,0.0,0.0,0.0
20,29917646,+,20,30024481,-,MESO,2508,TCGA-LK-A4O7-01A,TCGA-LK-A4O7-01A,1.0,0.0,0.0,0.0,0.0
21,5289789,-,21,7233089,+,MESO,2509,TCGA-LK-A4O7-01A,TCGA-LK-A4O7-01A,1.0,0.0,0.0,0.0,0.0
21,13130900,+,22,16234143,-,MESO,2510,TCGA-LK-A4O7-01A,TCGA-LK-A4O7-01A,1.0,0.0,0.0,0.0,0.0
3,27036892,+,3,27043484,-,MESO,2511,TCGA-LK-A4O7-01A,TCGA-LK-A4O7-01A,1.0,0.0,0.0,0.0,0.0
3,90949157,+,3,91195469,-,MESO,2512,TCGA-LK-A4O7-01A,TCGA-LK-A4O7-01A,1.0,0.0,0.0,0.0,0.0
3,126491991,+,3,126492774,-,MESO,2513,TCGA-LK-A4O7-01A,TCGA-LK-A4O7-01A,1.0,0.0,0.0,0.0,0.0
3,185677069,+,15,87135677,+,MESO,2514,TCGA-LK-A4O7-01A,TCGA-LK-A4O7-01A,1.0,0.0,0.0,0.0,0.0
4,63529431,+,4,63694793,+,MESO,2515,TCGA-LK-A4O7-01A,TCGA-LK-A4O7-01A,1.0,0.0,0.0,0.0,0.0
4,63529522,-,4,64213142,-,MESO,2516,TCGA-LK-A4O7-01A,TCGA-LK-A4O7-01A,1.0,0.0,0.0,0.0,0.0
4,63694793,+,23,8594658,-,MESO,2517,TCGA-LK-A4O7-01A,TCGA-LK-A4O7-01A,1.0,0.0,0.0,0.0,0.0
5,11093444,+,5,11095842,-,MESO,2518,TCGA-LK-A4O7-01A,TCGA-LK-A4O7-01A,1.0,0.0,0.0,0.0,0.0
5,11574752,+,7,104921418,+,MESO,2519,TCGA-LK-A4O7-01A,TCGA-LK-A4O7-01A,1.0,0.0,0.0,0.0,0.0
5,11584422,-,7,104883920,-,MESO,2520,TCGA-LK-A4O7-01A,TCGA-LK-A4O7-01A,1.0,0.0,0.0,0.0,0.0
5,11631112,+,5,46281883,+,MESO,2521,TCGA-LK-A4O7-01A,TCGA-LK-A4O7-01A,1.0,0.0,0.0,0.0,0.0
5,11631118,-,5,46281886,-,MESO,2522,TCGA-LK-A4O7-01A,TCGA-LK-A4O7-01A,1.0,0.0,0.0,0.0,0.0
5,25879565,+,5,25893413,-,MESO,2523,TCGA-LK-A4O7-01A,TCGA-LK-A4O7-01A,1.0,0.0,0.0,0.0,0.0
5,52238570,+,13,44358231,+,MESO,2524,TCGA-LK-A4O7-01A,TCGA-LK-A4O7-01A,1.0,0.0,0.0,0.0,0.0
5,69055499,+,11,3895735,+,MESO,2525,TCGA-LK-A4O7-01A,TCGA-LK-A4O7-01A,1.0,0.0,0.0,0.0,0.0
5,101965717,+,5,116169015,-,MESO,2526,TCGA-LK-A4O7-01A,TCGA-LK-A4O7-01A,1.0,0.0,0.0,0.0,0.0
5,101974096,-,5,151025995,-,MESO,2527,TCGA-LK-A4O7-01A,TCGA-LK-A4O7-01A,1.0,0.0,0.0,0.0,0.0
5,102033184,+,5,102204771,-,MESO,2528,TCGA-LK-A4O7-01A,TCGA-LK-A4O7-01A,1.0,0.0,0.0,0.0,0.0
5,115956081,+,5,116198397,-,MESO,2529,TCGA-LK-A4O7-01A,TCGA-LK-A4O7-01A,1.0,0.0,0.0,0.0,0.0
5,116117796,-,5,116198203,+,MESO,2530,TCGA-LK-A4O7-01A,TCGA-LK-A4O7-01A,1.0,0.0,0.0,0.0,0.0
5,116165175,+,5,116207289,+,MESO,2531,TCGA-LK-A4O7-01A,TCGA-LK-A4O7-01A,1.0,0.0,0.0,0.0,0.0
5,116175468,-,5,151073698,-,MESO,2532,TCGA-LK-A4O7-01A,TCGA-LK-A4O7-01A,1.0,0.0,0.0,0.0,0.0
5,116175472,+,5,151074018,+,MESO,2533,TCGA-LK-A4O7-01A,TCGA-LK-A4O7-01A,1.0,0.0,0.0,0.0,0.0
5,151036152,+,5,151498317,-,MESO,2534,TCGA-LK-A4O7-01A,TCGA-LK-A4O7-01A,1.0,0.0,0.0,0.0,0.0
5,154578833,-,18,68391408,+,MESO,2535,TCGA-LK-A4O7-01A,TCGA-LK-A4O7-01A,1.0,0.0,0.0,0.0,0.0
6,103989354,+,6,104427236,+,MESO,2536,TCGA-LK-A4O7-01A,TCGA-LK-A4O7-01A,1.0,0.0,0.0,0.0,0.0
6,103989376,-,6,124445987,+,MESO,2537,TCGA-LK-A4O7-01A,TCGA-LK-A4O7-01A,1.0,0.0,0.0,0.0,0.0
6,103990741,+,6,104192555,-,MESO,2538,TCGA-LK-A4O7-01A,TCGA-LK-A4O7-01A,1.0,0.0,0.0,0.0,0.0
6,103990741,+,6,124446195,+,MESO,2539,TCGA-LK-A4O7-01A,TCGA-LK-A4O7-01A,1.0,0.0,0.0,0.0,0.0
6,104192720,+,6,124446194,+,MESO,2540,TCGA-LK-A4O7-01A,TCGA-LK-A4O7-01A,1.0,0.0,0.0,0.0,0.0
6,104426578,-,6,124446010,-,MESO,2541,TCGA-LK-A4O7-01A,TCGA-LK-A4O7-01A,1.0,0.0,0.0,0.0,0.0
6,124445258,-,6,124629244,-,MESO,2542,TCGA-LK-A4O7-01A,TCGA-LK-A4O7-01A,1.0,0.0,0.0,0.0,0.0
7,25862103,+,7,30875177,+,MESO,2543,TCGA-LK-A4O7-01A,TCGA-LK-A4O7-01A,1.0,0.0,0.0,0.0,0.0
7,25932768,-,11,35352251,-,MESO,2544,TCGA-LK-A4O7-01A,TCGA-LK-A4O7-01A,1.0,0.0,0.0,0.0,0.0
7,25936935,+,7,31267195,-,MESO,2545,TCGA-LK-A4O7-01A,TCGA-LK-A4O7-01A,1.0,0.0,0.0,0.0,0.0
7,27723232,-,11,23180859,+,MESO,2546,TCGA-LK-A4O7-01A,TCGA-LK-A4O7-01A,1.0,0.0,0.0,0.0,0.0
7,27740015,+,11,23317802,-,MESO,2547,TCGA-LK-A4O7-01A,TCGA-LK-A4O7-01A,1.0,0.0,0.0,0.0,0.0
7,27977439,-,11,14016392,+,MESO,2548,TCGA-LK-A4O7-01A,TCGA-LK-A4O7-01A,1.0,0.0,0.0,0.0,0.0
7,27979978,+,11,8133801,-,MESO,2549,TCGA-LK-A4O7-01A,TCGA-LK-A4O7-01A,1.0,0.0,0.0,0.0,0.0
7,27980541,-,7,30719079,-,MESO,2550,TCGA-LK-A4O7-01A,TCGA-LK-A4O7-01A,1.0,0.0,0.0,0.0,0.0
7,29987043,+,11,14023118,-,MESO,2551,TCGA-LK-A4O7-01A,TCGA-LK-A4O7-01A,1.0,0.0,0.0,0.0,0.0
7,30713977,-,11,8142869,+,MESO,2552,TCGA-LK-A4O7-01A,TCGA-LK-A4O7-01A,1.0,0.0,0.0,0.0,0.0
7,30717573,+,11,35352767,+,MESO,2553,TCGA-LK-A4O7-01A,TCGA-LK-A4O7-01A,1.0,0.0,0.0,0.0,0.0
7,34487862,+,7,34490330,-,MESO,2554,TCGA-LK-A4O7-01A,TCGA-LK-A4O7-01A,1.0,0.0,0.0,0.0,0.0
8,45080665,-,8,45427522,+,MESO,2555,TCGA-LK-A4O7-01A,TCGA-LK-A4O7-01A,1.0,0.0,0.0,0.0,0.0
8,116558995,-,8,116573685,+,MESO,2556,TCGA-LK-A4O7-01A,TCGA-LK-A4O7-01A,1.0,0.0,0.0,0.0,0.0
9,5081410,+,9,10029182,-,MESO,2557,TCGA-LK-A4O7-01A,TCGA-LK-A4O7-01A,1.0,0.0,0.0,0.0,0.0
9,5109017,+,9,39076555,-,MESO,2558,TCGA-LK-A4O7-01A,TCGA-LK-A4O7-01A,1.0,0.0,0.0,0.0,0.0
9,5109321,-,9,5114195,-,MESO,2559,TCGA-LK-A4O7-01A,TCGA-LK-A4O7-01A,1.0,0.0,0.0,0.0,0.0
9,5117441,-,9,10027228,-,MESO,2560,TCGA-LK-A4O7-01A,TCGA-LK-A4O7-01A,1.0,0.0,0.0,0.0,0.0
9,5117473,-,9,10020188,+,MESO,2561,TCGA-LK-A4O7-01A,TCGA-LK-A4O7-01A,1.0,0.0,0.0,0.0,0.0
9,5118130,+,9,9877779,-,MESO,2562,TCGA-LK-A4O7-01A,TCGA-LK-A4O7-01A,1.0,0.0,0.0,0.0,0.0
9,5400322,-,9,10029115,+,MESO,2563,TCGA-LK-A4O7-01A,TCGA-LK-A4O7-01A,1.0,0.0,0.0,0.0,0.0
9,9869346,+,9,10060491,-,MESO,2564,TCGA-LK-A4O7-01A,TCGA-LK-A4O7-01A,1.0,0.0,0.0,0.0,0.0
9,9878217,+,9,10235164,-,MESO,2565,TCGA-LK-A4O7-01A,TCGA-LK-A4O7-01A,1.0,0.0,0.0,0.0,0.0
9,10018908,-,9,10233469,-,MESO,2566,TCGA-LK-A4O7-01A,TCGA-LK-A4O7-01A,1.0,0.0,0.0,0.0,0.0
9,10020060,-,9,10027228,-,MESO,2567,TCGA-LK-A4O7-01A,TCGA-LK-A4O7-01A,1.0,0.0,0.0,0.0,0.0
9,10022583,+,9,10028363,-,MESO,2568,TCGA-LK-A4O7-01A,TCGA-LK-A4O7-01A,1.0,0.0,0.0,0.0,0.0
9,10058007,+,9,38807940,+,MESO,2569,TCGA-LK-A4O7-01A,TCGA-LK-A4O7-01A,1.0,0.0,0.0,0.0,0.0
9,10058162,-,9,39078722,+,MESO,2570,TCGA-LK-A4O7-01A,TCGA-LK-A4O7-01A,1.0,0.0,0.0,0.0,0.0
9,10060382,+,9,10235895,+,MESO,2571,TCGA-LK-A4O7-01A,TCGA-LK-A4O7-01A,1.0,0.0,0.0,0.0,0.0
9,10235011,+,9,39078798,-,MESO,2572,TCGA-LK-A4O7-01A,TCGA-LK-A4O7-01A,1.0,0.0,0.0,0.0,0.0
9,21111700,+,9,21987083,+,MESO,2573,TCGA-LK-A4O7-01A,TCGA-LK-A4O7-01A,1.0,0.0,0.0,0.0,0.0
9,21986149,-,9,22042180,-,MESO,2574,TCGA-LK-A4O7-01A,TCGA-LK-A4O7-01A,1.0,0.0,0.0,0.0,0.0
9,44035508,-,9,44695492,+,MESO,2575,TCGA-LK-A4O7-01A,TCGA-LK-A4O7-01A,1.0,0.0,0.0,0.0,0.0
9,115095829,+,13,72927929,+,MESO,2576,TCGA-LK-A4O7-01A,TCGA-LK-A4O7-01A,1.0,0.0,0.0,0.0,0.0
23,114149831,+,23,114157888,-,MESO,2577,TCGA-LK-A4O7-01A,TCGA-LK-A4O7-01A,1.0,0.0,0.0,0.0,0.0
23,126762033,+,23,129473029,-,MESO,2578,TCGA-LK-A4O7-01A,TCGA-LK-A4O7-01A,1.0,0.0,0.0,0.0,0.0
1,29418851,+,5,95738893,+,MESO,2579,TCGA-MQ-A4KX-01A,TCGA-MQ-A4KX-01A,1.0,0.0,0.0,0.0,0.0
1,62639011,+,7,79944536,+,MESO,2580,TCGA-MQ-A4KX-01A,TCGA-MQ-A4KX-01A,1.0,0.0,0.0,0.0,0.0
1,62639023,-,7,79944532,-,MESO,2581,TCGA-MQ-A4KX-01A,TCGA-MQ-A4KX-01A,1.0,0.0,0.0,0.0,0.0
10,39561292,-,10,41708940,+,MESO,2582,TCGA-MQ-A4KX-01A,TCGA-MQ-A4KX-01A,1.0,0.0,0.0,0.0,0.0
12,29130588,+,19,7244932,-,MESO,2583,TCGA-MQ-A4KX-01A,TCGA-MQ-A4KX-01A,1.0,0.0,0.0,0.0,0.0
12,58692309,-,22,31727995,+,MESO,2584,TCGA-MQ-A4KX-01A,TCGA-MQ-A4KX-01A,1.0,0.0,0.0,0.0,0.0
12,69154352,+,14,81130057,+,MESO,2585,TCGA-MQ-A4KX-01A,TCGA-MQ-A4KX-01A,1.0,0.0,0.0,0.0,0.0
13,16421663,-,13,16519420,+,MESO,2586,TCGA-MQ-A4KX-01A,TCGA-MQ-A4KX-01A,1.0,0.0,0.0,0.0,0.0
13,16610271,-,13,16711192,+,MESO,2587,TCGA-MQ-A4KX-01A,TCGA-MQ-A4KX-01A,1.0,0.0,0.0,0.0,0.0
14,102095079,+,16,1872027,+,MESO,2588,TCGA-MQ-A4KX-01A,TCGA-MQ-A4KX-01A,1.0,0.0,0.0,0.0,0.0
17,46135410,-,17,64922332,-,MESO,2589,TCGA-MQ-A4KX-01A,TCGA-MQ-A4KX-01A,1.0,0.0,0.0,0.0,0.0
17,46291028,-,17,64923459,-,MESO,2590,TCGA-MQ-A4KX-01A,TCGA-MQ-A4KX-01A,1.0,0.0,0.0,0.0,0.0
18,15472444,+,18,15573252,-,MESO,2591,TCGA-MQ-A4KX-01A,TCGA-MQ-A4KX-01A,1.0,0.0,0.0,0.0,0.0
18,20738000,+,18,20802954,-,MESO,2592,TCGA-MQ-A4KX-01A,TCGA-MQ-A4KX-01A,1.0,0.0,0.0,0.0,0.0
2,92388553,+,2,94147191,-,MESO,2593,TCGA-MQ-A4KX-01A,TCGA-MQ-A4KX-01A,1.0,0.0,0.0,0.0,0.0
2,93574598,-,2,93889861,+,MESO,2594,TCGA-MQ-A4KX-01A,TCGA-MQ-A4KX-01A,1.0,0.0,0.0,0.0,0.0
20,29974743,+,20,30022996,-,MESO,2595,TCGA-MQ-A4KX-01A,TCGA-MQ-A4KX-01A,1.0,0.0,0.0,0.0,0.0
3,43205092,+,3,52605608,-,MESO,2596,TCGA-MQ-A4KX-01A,TCGA-MQ-A4KX-01A,1.0,0.0,0.0,0.0,0.0
3,46988429,+,3,47155663,-,MESO,2597,TCGA-MQ-A4KX-01A,TCGA-MQ-A4KX-01A,1.0,0.0,0.0,0.0,0.0
3,91056817,-,3,91192017,+,MESO,2598,TCGA-MQ-A4KX-01A,TCGA-MQ-A4KX-01A,1.0,0.0,0.0,0.0,0.0
3,91157213,-,3,91281902,-,MESO,2599,TCGA-MQ-A4KX-01A,TCGA-MQ-A4KX-01A,1.0,0.0,0.0,0.0,0.0
5,49858045,+,5,49888829,-,MESO,2600,TCGA-MQ-A4KX-01A,TCGA-MQ-A4KX-01A,1.0,0.0,0.0,0.0,0.0
6,75778554,+,13,20419660,+,MESO,2601,TCGA-MQ-A4KX-01A,TCGA-MQ-A4KX-01A,1.0,0.0,0.0,0.0,0.0
7,56838395,+,7,63738701,+,MESO,2602,TCGA-MQ-A4KX-01A,TCGA-MQ-A4KX-01A,1.0,0.0,0.0,0.0,0.0
7,61822348,+,7,62234927,-,MESO,2603,TCGA-MQ-A4KX-01A,TCGA-MQ-A4KX-01A,1.0,0.0,0.0,0.0,0.0
8,5532755,+,8,5715029,-,MESO,2604,TCGA-MQ-A4KX-01A,TCGA-MQ-A4KX-01A,1.0,0.0,0.0,0.0,0.0
8,5533021,-,8,31177674,+,MESO,2605,TCGA-MQ-A4KX-01A,TCGA-MQ-A4KX-01A,1.0,0.0,0.0,0.0,0.0
8,5598857,+,8,31362325,+,MESO,2606,TCGA-MQ-A4KX-01A,TCGA-MQ-A4KX-01A,1.0,0.0,0.0,0.0,0.0
8,5598929,-,8,31137450,+,MESO,2607,TCGA-MQ-A4KX-01A,TCGA-MQ-A4KX-01A,1.0,0.0,0.0,0.0,0.0
8,5617262,+,8,10435118,+,MESO,2608,TCGA-MQ-A4KX-01A,TCGA-MQ-A4KX-01A,1.0,0.0,0.0,0.0,0.0
8,5618120,-,8,33797240,+,MESO,2609,TCGA-MQ-A4KX-01A,TCGA-MQ-A4KX-01A,1.0,0.0,0.0,0.0,0.0
8,5714544,+,8,32922326,+,MESO,2610,TCGA-MQ-A4KX-01A,TCGA-MQ-A4KX-01A,1.0,0.0,0.0,0.0,0.0
8,5789300,+,8,31222814,-,MESO,2611,TCGA-MQ-A4KX-01A,TCGA-MQ-A4KX-01A,1.0,0.0,0.0,0.0,0.0
8,5857353,-,8,31315374,+,MESO,2612,TCGA-MQ-A4KX-01A,TCGA-MQ-A4KX-01A,1.0,0.0,0.0,0.0,0.0
8,5923752,+,8,31133915,-,MESO,2613,TCGA-MQ-A4KX-01A,TCGA-MQ-A4KX-01A,1.0,0.0,0.0,0.0,0.0
8,5980948,-,8,10310622,-,MESO,2614,TCGA-MQ-A4KX-01A,TCGA-MQ-A4KX-01A,1.0,0.0,0.0,0.0,0.0
8,6080249,+,8,31354725,-,MESO,2615,TCGA-MQ-A4KX-01A,TCGA-MQ-A4KX-01A,1.0,0.0,0.0,0.0,0.0
8,6080582,-,8,31214280,+,MESO,2616,TCGA-MQ-A4KX-01A,TCGA-MQ-A4KX-01A,1.0,0.0,0.0,0.0,0.0
8,6104777,+,8,31425598,-,MESO,2617,TCGA-MQ-A4KX-01A,TCGA-MQ-A4KX-01A,1.0,0.0,0.0,0.0,0.0
8,6105696,-,8,33784566,+,MESO,2618,TCGA-MQ-A4KX-01A,TCGA-MQ-A4KX-01A,1.0,0.0,0.0,0.0,0.0
8,9116119,-,8,33784755,-,MESO,2619,TCGA-MQ-A4KX-01A,TCGA-MQ-A4KX-01A,1.0,0.0,0.0,0.0,0.0
8,9134075,+,8,33800487,-,MESO,2620,TCGA-MQ-A4KX-01A,TCGA-MQ-A4KX-01A,1.0,0.0,0.0,0.0,0.0
8,9134237,-,8,10551571,-,MESO,2621,TCGA-MQ-A4KX-01A,TCGA-MQ-A4KX-01A,1.0,0.0,0.0,0.0,0.0
8,9351411,+,8,10250862,+,MESO,2622,TCGA-MQ-A4KX-01A,TCGA-MQ-A4KX-01A,1.0,0.0,0.0,0.0,0.0
8,9427898,-,8,31287697,-,MESO,2623,TCGA-MQ-A4KX-01A,TCGA-MQ-A4KX-01A,1.0,0.0,0.0,0.0,0.0
8,9454253,+,8,10343878,-,MESO,2624,TCGA-MQ-A4KX-01A,TCGA-MQ-A4KX-01A,1.0,0.0,0.0,0.0,0.0
8,9589282,-,8,10389934,-,MESO,2625,TCGA-MQ-A4KX-01A,TCGA-MQ-A4KX-01A,1.0,0.0,0.0,0.0,0.0
8,9631268,+,21,10750185,+,MESO,2626,TCGA-MQ-A4KX-01A,TCGA-MQ-A4KX-01A,1.0,0.0,0.0,0.0,0.0
8,9631576,-,8,9653748,-,MESO,2627,TCGA-MQ-A4KX-01A,TCGA-MQ-A4KX-01A,1.0,0.0,0.0,0.0,0.0
8,9653543,+,8,31287467,+,MESO,2628,TCGA-MQ-A4KX-01A,TCGA-MQ-A4KX-01A,1.0,0.0,0.0,0.0,0.0
8,10251630,-,8,33785739,-,MESO,2629,TCGA-MQ-A4KX-01A,TCGA-MQ-A4KX-01A,1.0,0.0,0.0,0.0,0.0
8,10309708,+,8,31183895,+,MESO,2630,TCGA-MQ-A4KX-01A,TCGA-MQ-A4KX-01A,1.0,0.0,0.0,0.0,0.0
8,10343677,+,8,32808822,-,MESO,2631,TCGA-MQ-A4KX-01A,TCGA-MQ-A4KX-01A,1.0,0.0,0.0,0.0,0.0
8,10388790,+,8,31464612,+,MESO,2632,TCGA-MQ-A4KX-01A,TCGA-MQ-A4KX-01A,1.0,0.0,0.0,0.0,0.0
8,10565811,+,8,31137546,-,MESO,2633,TCGA-MQ-A4KX-01A,TCGA-MQ-A4KX-01A,1.0,0.0,0.0,0.0,0.0
8,10566549,-,8,32808428,+,MESO,2634,TCGA-MQ-A4KX-01A,TCGA-MQ-A4KX-01A,1.0,0.0,0.0,0.0,0.0
8,31178430,-,21,10794430,-,MESO,2635,TCGA-MQ-A4KX-01A,TCGA-MQ-A4KX-01A,1.0,0.0,0.0,0.0,0.0
8,31183913,-,8,31380753,+,MESO,2636,TCGA-MQ-A4KX-01A,TCGA-MQ-A4KX-01A,1.0,0.0,0.0,0.0,0.0
8,31332451,-,8,31412608,+,MESO,2637,TCGA-MQ-A4KX-01A,TCGA-MQ-A4KX-01A,1.0,0.0,0.0,0.0,0.0
8,31354113,+,8,31369676,-,MESO,2638,TCGA-MQ-A4KX-01A,TCGA-MQ-A4KX-01A,1.0,0.0,0.0,0.0,0.0
8,31392342,-,8,33050002,+,MESO,2639,TCGA-MQ-A4KX-01A,TCGA-MQ-A4KX-01A,1.0,0.0,0.0,0.0,0.0
8,31465317,-,8,31540176,-,MESO,2640,TCGA-MQ-A4KX-01A,TCGA-MQ-A4KX-01A,1.0,0.0,0.0,0.0,0.0
8,31539656,+,8,32986100,-,MESO,2641,TCGA-MQ-A4KX-01A,TCGA-MQ-A4KX-01A,1.0,0.0,0.0,0.0,0.0
8,32890064,+,8,33797636,-,MESO,2642,TCGA-MQ-A4KX-01A,TCGA-MQ-A4KX-01A,1.0,0.0,0.0,0.0,0.0
8,32890226,-,8,33081184,-,MESO,2643,TCGA-MQ-A4KX-01A,TCGA-MQ-A4KX-01A,1.0,0.0,0.0,0.0,0.0
8,33785265,+,8,33799171,+,MESO,2644,TCGA-MQ-A4KX-01A,TCGA-MQ-A4KX-01A,1.0,0.0,0.0,0.0,0.0
9,40543312,-,15,19814779,-,MESO,2645,TCGA-MQ-A4KX-01A,TCGA-MQ-A4KX-01A,1.0,0.0,0.0,0.0,0.0
9,44416413,+,9,44902449,-,MESO,2646,TCGA-MQ-A4KX-01A,TCGA-MQ-A4KX-01A,1.0,0.0,0.0,0.0,0.0
9,65438118,+,9,134285707,+,MESO,2647,TCGA-MQ-A4KX-01A,TCGA-MQ-A4KX-01A,1.0,0.0,0.0,0.0,0.0
23,129186788,+,23,129303657,-,MESO,2648,TCGA-MQ-A4KX-01A,TCGA-MQ-A4KX-01A,1.0,0.0,0.0,0.0,0.0
23,129186811,-,23,129444163,-,MESO,2649,TCGA-MQ-A4KX-01A,TCGA-MQ-A4KX-01A,1.0,0.0,0.0,0.0,0.0
23,129303625,+,23,129441465,+,MESO,2650,TCGA-MQ-A4KX-01A,TCGA-MQ-A4KX-01A,1.0,0.0,0.0,0.0,0.0
1,19213094,-,1,19214677,-,MESO,2651,TCGA-MQ-A4LC-01A,TCGA-MQ-A4LC-01A,1.0,0.0,0.0,0.0,0.0
1,19251888,+,1,21170512,-,MESO,2652,TCGA-MQ-A4LC-01A,TCGA-MQ-A4LC-01A,1.0,0.0,0.0,0.0,0.0
1,19309033,-,1,21338373,+,MESO,2653,TCGA-MQ-A4LC-01A,TCGA-MQ-A4LC-01A,1.0,0.0,0.0,0.0,0.0
1,20161386,+,8,131153106,-,MESO,2654,TCGA-MQ-A4LC-01A,TCGA-MQ-A4LC-01A,1.0,0.0,0.0,0.0,0.0
1,23422615,+,3,52405574,-,MESO,2655,TCGA-MQ-A4LC-01A,TCGA-MQ-A4LC-01A,1.0,0.0,0.0,0.0,0.0
1,23437291,-,3,52397003,+,MESO,2656,TCGA-MQ-A4LC-01A,TCGA-MQ-A4LC-01A,1.0,0.0,0.0,0.0,0.0
1,73810477,+,1,73944975,+,MESO,2657,TCGA-MQ-A4LC-01A,TCGA-MQ-A4LC-01A,1.0,0.0,0.0,0.0,0.0
1,73810489,-,1,114740489,+,MESO,2658,TCGA-MQ-A4LC-01A,TCGA-MQ-A4LC-01A,1.0,0.0,0.0,0.0,0.0
1,73832102,+,1,74579706,-,MESO,2659,TCGA-MQ-A4LC-01A,TCGA-MQ-A4LC-01A,1.0,0.0,0.0,0.0,0.0
1,73890202,-,1,114780733,-,MESO,2660,TCGA-MQ-A4LC-01A,TCGA-MQ-A4LC-01A,1.0,0.0,0.0,0.0,0.0
1,73944980,-,1,74535219,-,MESO,2661,TCGA-MQ-A4LC-01A,TCGA-MQ-A4LC-01A,1.0,0.0,0.0,0.0,0.0
1,73981266,+,1,114757621,+,MESO,2662,TCGA-MQ-A4LC-01A,TCGA-MQ-A4LC-01A,1.0,0.0,0.0,0.0,0.0
1,73981285,-,1,74569875,+,MESO,2663,TCGA-MQ-A4LC-01A,TCGA-MQ-A4LC-01A,1.0,0.0,0.0,0.0,0.0
1,74033111,+,1,74611827,+,MESO,2664,TCGA-MQ-A4LC-01A,TCGA-MQ-A4LC-01A,1.0,0.0,0.0,0.0,0.0
1,74504282,-,1,110649117,-,MESO,2665,TCGA-MQ-A4LC-01A,TCGA-MQ-A4LC-01A,1.0,0.0,0.0,0.0,0.0
1,74534442,+,1,114943462,-,MESO,2666,TCGA-MQ-A4LC-01A,TCGA-MQ-A4LC-01A,1.0,0.0,0.0,0.0,0.0
1,114740532,-,1,114913539,+,MESO,2667,TCGA-MQ-A4LC-01A,TCGA-MQ-A4LC-01A,1.0,0.0,0.0,0.0,0.0
1,152463627,-,9,122552080,+,MESO,2668,TCGA-MQ-A4LC-01A,TCGA-MQ-A4LC-01A,1.0,0.0,0.0,0.0,0.0
11,42610906,-,24,15415553,+,MESO,2669,TCGA-MQ-A4LC-01A,TCGA-MQ-A4LC-01A,1.0,0.0,0.0,0.0,0.0
11,54364873,-,11,54407221,+,MESO,2670,TCGA-MQ-A4LC-01A,TCGA-MQ-A4LC-01A,1.0,0.0,0.0,0.0,0.0
12,36652234,-,12,37104087,+,MESO,2671,TCGA-MQ-A4LC-01A,TCGA-MQ-A4LC-01A,1.0,0.0,0.0,0.0,0.0
13,22798501,+,13,75659627,-,MESO,2672,TCGA-MQ-A4LC-01A,TCGA-MQ-A4LC-01A,1.0,0.0,0.0,0.0,0.0
13,79535848,+,13,79539119,-,MESO,2673,TCGA-MQ-A4LC-01A,TCGA-MQ-A4LC-01A,1.0,0.0,0.0,0.0,0.0
17,22913134,+,17,22986738,-,MESO,2674,TCGA-MQ-A4LC-01A,TCGA-MQ-A4LC-01A,1.0,0.0,0.0,0.0,0.0
17,42560206,-,22,31944432,+,MESO,2675,TCGA-MQ-A4LC-01A,TCGA-MQ-A4LC-01A,1.0,0.0,0.0,0.0,0.0
17,43959215,-,22,30946971,+,MESO,2676,TCGA-MQ-A4LC-01A,TCGA-MQ-A4LC-01A,1.0,0.0,0.0,0.0,0.0
17,47927099,-,22,30518584,+,MESO,2677,TCGA-MQ-A4LC-01A,TCGA-MQ-A4LC-01A,1.0,0.0,0.0,0.0,0.0
17,47928956,+,17,48432569,-,MESO,2678,TCGA-MQ-A4LC-01A,TCGA-MQ-A4LC-01A,1.0,0.0,0.0,0.0,0.0
17,47971714,+,17,48338087,-,MESO,2679,TCGA-MQ-A4LC-01A,TCGA-MQ-A4LC-01A,1.0,0.0,0.0,0.0,0.0
17,48432556,+,22,29998771,+,MESO,2680,TCGA-MQ-A4LC-01A,TCGA-MQ-A4LC-01A,1.0,0.0,0.0,0.0,0.0
17,48432915,+,22,29997950,-,MESO,2681,TCGA-MQ-A4LC-01A,TCGA-MQ-A4LC-01A,1.0,0.0,0.0,0.0,0.0
18,15473199,+,18,15699393,-,MESO,2682,TCGA-MQ-A4LC-01A,TCGA-MQ-A4LC-01A,1.0,0.0,0.0,0.0,0.0
18,15802911,-,18,17784831,+,MESO,2683,TCGA-MQ-A4LC-01A,TCGA-MQ-A4LC-01A,1.0,0.0,0.0,0.0,0.0
22,31841010,-,22,31921605,-,MESO,2684,TCGA-MQ-A4LC-01A,TCGA-MQ-A4LC-01A,1.0,0.0,0.0,0.0,0.0
3,44872883,+,3,56337886,-,MESO,2685,TCGA-MQ-A4LC-01A,TCGA-MQ-A4LC-01A,1.0,0.0,0.0,0.0,0.0
3,57895405,-,3,58011008,+,MESO,2686,TCGA-MQ-A4LC-01A,TCGA-MQ-A4LC-01A,1.0,0.0,0.0,0.0,0.0
4,39961673,+,4,39962303,-,MESO,2687,TCGA-MQ-A4LC-01A,TCGA-MQ-A4LC-01A,1.0,0.0,0.0,0.0,0.0
4,183220783,+,4,183753119,+,MESO,2688,TCGA-MQ-A4LC-01A,TCGA-MQ-A4LC-01A,1.0,0.0,0.0,0.0,0.0
5,47027027,-,5,47048661,+,MESO,2689,TCGA-MQ-A4LC-01A,TCGA-MQ-A4LC-01A,1.0,0.0,0.0,0.0,0.0
6,60691576,+,8,32056363,-,MESO,2690,TCGA-MQ-A4LC-01A,TCGA-MQ-A4LC-01A,1.0,0.0,0.0,0.0,0.0
7,65900086,+,8,70232892,+,MESO,2691,TCGA-MQ-A4LC-01A,TCGA-MQ-A4LC-01A,1.0,0.0,0.0,0.0,0.0
8,59191058,+,8,59193368,+,MESO,2692,TCGA-MQ-A4LC-01A,TCGA-MQ-A4LC-01A,1.0,0.0,0.0,0.0,0.0
8,59191077,-,8,59193388,-,MESO,2693,TCGA-MQ-A4LC-01A,TCGA-MQ-A4LC-01A,1.0,0.0,0.0,0.0,0.0
8,67681699,-,8,67709373,-,MESO,2694,TCGA-MQ-A4LC-01A,TCGA-MQ-A4LC-01A,1.0,0.0,0.0,0.0,0.0
8,67682603,+,8,67690459,-,MESO,2695,TCGA-MQ-A4LC-01A,TCGA-MQ-A4LC-01A,1.0,0.0,0.0,0.0,0.0
8,67691095,+,8,67709481,+,MESO,2696,TCGA-MQ-A4LC-01A,TCGA-MQ-A4LC-01A,1.0,0.0,0.0,0.0,0.0
8,71775352,+,8,71776652,+,MESO,2697,TCGA-MQ-A4LC-01A,TCGA-MQ-A4LC-01A,1.0,0.0,0.0,0.0,0.0
8,71775352,+,8,71780291,+,MESO,2698,TCGA-MQ-A4LC-01A,TCGA-MQ-A4LC-01A,1.0,0.0,0.0,0.0,0.0
8,71775861,-,8,71779300,+,MESO,2699,TCGA-MQ-A4LC-01A,TCGA-MQ-A4LC-01A,1.0,0.0,0.0,0.0,0.0
8,71775862,-,8,71778541,-,MESO,2700,TCGA-MQ-A4LC-01A,TCGA-MQ-A4LC-01A,1.0,0.0,0.0,0.0,0.0
8,71776655,+,8,71780121,-,MESO,2701,TCGA-MQ-A4LC-01A,TCGA-MQ-A4LC-01A,1.0,0.0,0.0,0.0,0.0
8,71777318,+,8,71780682,-,MESO,2702,TCGA-MQ-A4LC-01A,TCGA-MQ-A4LC-01A,1.0,0.0,0.0,0.0,0.0
8,71778541,-,8,71778875,-,MESO,2703,TCGA-MQ-A4LC-01A,TCGA-MQ-A4LC-01A,1.0,0.0,0.0,0.0,0.0
8,71778870,+,8,71780491,+,MESO,2704,TCGA-MQ-A4LC-01A,TCGA-MQ-A4LC-01A,1.0,0.0,0.0,0.0,0.0
8,71779338,-,8,71780338,-,MESO,2705,TCGA-MQ-A4LC-01A,TCGA-MQ-A4LC-01A,1.0,0.0,0.0,0.0,0.0
1,47169188,+,1,47218927,-,MESO,2706,TCGA-MQ-A4LJ-01A,TCGA-MQ-A4LJ-01A,1.0,0.0,0.0,0.0,0.0
1,69260875,+,1,69442485,-,MESO,2707,TCGA-MQ-A4LJ-01A,TCGA-MQ-A4LJ-01A,1.0,0.0,0.0,0.0,0.0
1,69493422,+,1,69528932,-,MESO,2708,TCGA-MQ-A4LJ-01A,TCGA-MQ-A4LJ-01A,1.0,0.0,0.0,0.0,0.0
1,71615345,+,1,71649777,+,MESO,2709,TCGA-MQ-A4LJ-01A,TCGA-MQ-A4LJ-01A,1.0,0.0,0.0,0.0,0.0
1,71638736,-,4,181860275,+,MESO,2710,TCGA-MQ-A4LJ-01A,TCGA-MQ-A4LJ-01A,1.0,0.0,0.0,0.0,0.0
1,118894659,-,16,59896195,+,MESO,2711,TCGA-MQ-A4LJ-01A,TCGA-MQ-A4LJ-01A,1.0,0.0,0.0,0.0,0.0
1,119183466,+,16,59909338,+,MESO,2712,TCGA-MQ-A4LJ-01A,TCGA-MQ-A4LJ-01A,1.0,0.0,0.0,0.0,0.0
1,119183564,-,16,59898226,-,MESO,2713,TCGA-MQ-A4LJ-01A,TCGA-MQ-A4LJ-01A,1.0,0.0,0.0,0.0,0.0
1,123102015,-,1,123758125,+,MESO,2714,TCGA-MQ-A4LJ-01A,TCGA-MQ-A4LJ-01A,1.0,0.0,0.0,0.0,0.0
1,123410806,+,1,124694233,-,MESO,2715,TCGA-MQ-A4LJ-01A,TCGA-MQ-A4LJ-01A,1.0,0.0,0.0,0.0,0.0
1,124794609,+,1,124838988,-,MESO,2716,TCGA-MQ-A4LJ-01A,TCGA-MQ-A4LJ-01A,1.0,0.0,0.0,0.0,0.0
1,159404641,+,1,159418041,+,MESO,2717,TCGA-MQ-A4LJ-01A,TCGA-MQ-A4LJ-01A,1.0,0.0,0.0,0.0,0.0
1,159416975,-,1,159418224,-,MESO,2718,TCGA-MQ-A4LJ-01A,TCGA-MQ-A4LJ-01A,1.0,0.0,0.0,0.0,0.0
1,169308470,+,1,169352209,-,MESO,2719,TCGA-MQ-A4LJ-01A,TCGA-MQ-A4LJ-01A,1.0,0.0,0.0,0.0,0.0
1,179082245,+,1,187103235,-,MESO,2720,TCGA-MQ-A4LJ-01A,TCGA-MQ-A4LJ-01A,1.0,0.0,0.0,0.0,0.0
1,202059460,-,1,202116311,+,MESO,2721,TCGA-MQ-A4LJ-01A,TCGA-MQ-A4LJ-01A,1.0,0.0,0.0,0.0,0.0
1,212092961,+,1,212167550,-,MESO,2722,TCGA-MQ-A4LJ-01A,TCGA-MQ-A4LJ-01A,1.0,0.0,0.0,0.0,0.0
1,242276693,-,10,38321976,-,MESO,2723,TCGA-MQ-A4LJ-01A,TCGA-MQ-A4LJ-01A,1.0,0.0,0.0,0.0,0.0
11,51528033,-,11,52351745,+,MESO,2724,TCGA-MQ-A4LJ-01A,TCGA-MQ-A4LJ-01A,1.0,0.0,0.0,0.0,0.0
12,37430254,-,15,50085977,+,MESO,2725,TCGA-MQ-A4LJ-01A,TCGA-MQ-A4LJ-01A,1.0,0.0,0.0,0.0,0.0
12,114733151,+,23,62964750,-,MESO,2726,TCGA-MQ-A4LJ-01A,TCGA-MQ-A4LJ-01A,1.0,0.0,0.0,0.0,0.0
13,16454972,-,13,17314342,+,MESO,2727,TCGA-MQ-A4LJ-01A,TCGA-MQ-A4LJ-01A,1.0,0.0,0.0,0.0,0.0
14,75414339,+,14,75474163,-,MESO,2728,TCGA-MQ-A4LJ-01A,TCGA-MQ-A4LJ-01A,1.0,0.0,0.0,0.0,0.0
15,22774173,-,15,86178027,-,MESO,2729,TCGA-MQ-A4LJ-01A,TCGA-MQ-A4LJ-01A,1.0,0.0,0.0,0.0,0.0
15,23388132,-,15,86182276,+,MESO,2730,TCGA-MQ-A4LJ-01A,TCGA-MQ-A4LJ-01A,1.0,0.0,0.0,0.0,0.0
15,23392383,+,15,87001812,-,MESO,2731,TCGA-MQ-A4LJ-01A,TCGA-MQ-A4LJ-01A,1.0,0.0,0.0,0.0,0.0
15,23393703,-,15,47120349,-,MESO,2732,TCGA-MQ-A4LJ-01A,TCGA-MQ-A4LJ-01A,1.0,0.0,0.0,0.0,0.0
15,23405472,+,15,23603463,-,MESO,2733,TCGA-MQ-A4LJ-01A,TCGA-MQ-A4LJ-01A,1.0,0.0,0.0,0.0,0.0
15,23466440,+,15,86990819,-,MESO,2734,TCGA-MQ-A4LJ-01A,TCGA-MQ-A4LJ-01A,1.0,0.0,0.0,0.0,0.0
15,23466734,-,15,23623388,+,MESO,2735,TCGA-MQ-A4LJ-01A,TCGA-MQ-A4LJ-01A,1.0,0.0,0.0,0.0,0.0
15,23466999,+,15,46983544,-,MESO,2736,TCGA-MQ-A4LJ-01A,TCGA-MQ-A4LJ-01A,1.0,0.0,0.0,0.0,0.0
15,23472417,-,15,86175415,+,MESO,2737,TCGA-MQ-A4LJ-01A,TCGA-MQ-A4LJ-01A,1.0,0.0,0.0,0.0,0.0
15,23476017,+,15,87022617,+,MESO,2738,TCGA-MQ-A4LJ-01A,TCGA-MQ-A4LJ-01A,1.0,0.0,0.0,0.0,0.0
15,23609394,+,15,87325151,-,MESO,2739,TCGA-MQ-A4LJ-01A,TCGA-MQ-A4LJ-01A,1.0,0.0,0.0,0.0,0.0
15,23612315,-,15,86173938,-,MESO,2740,TCGA-MQ-A4LJ-01A,TCGA-MQ-A4LJ-01A,1.0,0.0,0.0,0.0,0.0
15,47048261,+,15,86035219,+,MESO,2741,TCGA-MQ-A4LJ-01A,TCGA-MQ-A4LJ-01A,1.0,0.0,0.0,0.0,0.0
16,6687290,-,16,6714646,+,MESO,2742,TCGA-MQ-A4LJ-01A,TCGA-MQ-A4LJ-01A,1.0,0.0,0.0,0.0,0.0
16,6877913,-,16,6898160,+,MESO,2743,TCGA-MQ-A4LJ-01A,TCGA-MQ-A4LJ-01A,1.0,0.0,0.0,0.0,0.0
16,34281918,+,16,38110027,-,MESO,2744,TCGA-MQ-A4LJ-01A,TCGA-MQ-A4LJ-01A,1.0,0.0,0.0,0.0,0.0
16,35150895,-,16,35596691,-,MESO,2745,TCGA-MQ-A4LJ-01A,TCGA-MQ-A4LJ-01A,1.0,0.0,0.0,0.0,0.0
16,35227468,+,16,35245292,+,MESO,2746,TCGA-MQ-A4LJ-01A,TCGA-MQ-A4LJ-01A,1.0,0.0,0.0,0.0,0.0
16,36339922,-,16,38120691,+,MESO,2747,TCGA-MQ-A4LJ-01A,TCGA-MQ-A4LJ-01A,1.0,0.0,0.0,0.0,0.0
16,53113965,+,16,55451091,-,MESO,2748,TCGA-MQ-A4LJ-01A,TCGA-MQ-A4LJ-01A,1.0,0.0,0.0,0.0,0.0
17,47246034,+,17,47248201,-,MESO,2749,TCGA-MQ-A4LJ-01A,TCGA-MQ-A4LJ-01A,1.0,0.0,0.0,0.0,0.0
18,15665506,-,18,15711639,+,MESO,2750,TCGA-MQ-A4LJ-01A,TCGA-MQ-A4LJ-01A,1.0,0.0,0.0,0.0,0.0
18,15666360,-,18,15729370,+,MESO,2751,TCGA-MQ-A4LJ-01A,TCGA-MQ-A4LJ-01A,1.0,0.0,0.0,0.0,0.0
18,15792162,+,18,19678159,-,MESO,2752,TCGA-MQ-A4LJ-01A,TCGA-MQ-A4LJ-01A,1.0,0.0,0.0,0.0,0.0
18,15819934,+,18,20445103,-,MESO,2753,TCGA-MQ-A4LJ-01A,TCGA-MQ-A4LJ-01A,1.0,0.0,0.0,0.0,0.0
19,27345680,-,20,28764589,+,MESO,2754,TCGA-MQ-A4LJ-01A,TCGA-MQ-A4LJ-01A,1.0,0.0,0.0,0.0,0.0
19,41342024,+,19,41563626,-,MESO,2755,TCGA-MQ-A4LJ-01A,TCGA-MQ-A4LJ-01A,1.0,0.0,0.0,0.0,0.0
19,41397502,-,19,41867973,-,MESO,2756,TCGA-MQ-A4LJ-01A,TCGA-MQ-A4LJ-01A,1.0,0.0,0.0,0.0,0.0
19,41439567,+,19,41702688,+,MESO,2757,TCGA-MQ-A4LJ-01A,TCGA-MQ-A4LJ-01A,1.0,0.0,0.0,0.0,0.0
19,42119369,+,19,53998667,+,MESO,2758,TCGA-MQ-A4LJ-01A,TCGA-MQ-A4LJ-01A,1.0,0.0,0.0,0.0,0.0
19,42158932,-,19,42570493,+,MESO,2759,TCGA-MQ-A4LJ-01A,TCGA-MQ-A4LJ-01A,1.0,0.0,0.0,0.0,0.0
19,42406431,+,19,53917906,-,MESO,2760,TCGA-MQ-A4LJ-01A,TCGA-MQ-A4LJ-01A,1.0,0.0,0.0,0.0,0.0
19,42426406,-,19,54084314,-,MESO,2761,TCGA-MQ-A4LJ-01A,TCGA-MQ-A4LJ-01A,1.0,0.0,0.0,0.0,0.0
2,12999860,+,2,34381470,+,MESO,2762,TCGA-MQ-A4LJ-01A,TCGA-MQ-A4LJ-01A,1.0,0.0,0.0,0.0,0.0
2,13234265,-,2,13710168,-,MESO,2763,TCGA-MQ-A4LJ-01A,TCGA-MQ-A4LJ-01A,1.0,0.0,0.0,0.0,0.0
2,13506637,+,12,117145067,+,MESO,2764,TCGA-MQ-A4LJ-01A,TCGA-MQ-A4LJ-01A,1.0,0.0,0.0,0.0,0.0
2,13511457,-,12,117166781,-,MESO,2765,TCGA-MQ-A4LJ-01A,TCGA-MQ-A4LJ-01A,1.0,0.0,0.0,0.0,0.0
2,13676766,+,2,34509295,+,MESO,2766,TCGA-MQ-A4LJ-01A,TCGA-MQ-A4LJ-01A,1.0,0.0,0.0,0.0,0.0
2,13875800,+,2,34816114,-,MESO,2767,TCGA-MQ-A4LJ-01A,TCGA-MQ-A4LJ-01A,1.0,0.0,0.0,0.0,0.0
2,14994706,+,2,34467258,-,MESO,2768,TCGA-MQ-A4LJ-01A,TCGA-MQ-A4LJ-01A,1.0,0.0,0.0,0.0,0.0
2,80043152,-,15,66566897,+,MESO,2769,TCGA-MQ-A4LJ-01A,TCGA-MQ-A4LJ-01A,1.0,0.0,0.0,0.0,0.0
2,93062169,-,2,93982031,+,MESO,2770,TCGA-MQ-A4LJ-01A,TCGA-MQ-A4LJ-01A,1.0,0.0,0.0,0.0,0.0
2,93397178,-,2,93962289,+,MESO,2771,TCGA-MQ-A4LJ-01A,TCGA-MQ-A4LJ-01A,1.0,0.0,0.0,0.0,0.0
2,93898213,-,2,93898783,+,MESO,2772,TCGA-MQ-A4LJ-01A,TCGA-MQ-A4LJ-01A,1.0,0.0,0.0,0.0,0.0
2,212422501,-,17,38875057,-,MESO,2773,TCGA-MQ-A4LJ-01A,TCGA-MQ-A4LJ-01A,1.0,0.0,0.0,0.0,0.0
2,222866747,-,19,7294323,-,MESO,2774,TCGA-MQ-A4LJ-01A,TCGA-MQ-A4LJ-01A,1.0,0.0,0.0,0.0,0.0
20,26447562,+,20,26580463,-,MESO,2775,TCGA-MQ-A4LJ-01A,TCGA-MQ-A4LJ-01A,1.0,0.0,0.0,0.0,0.0
3,90498680,+,3,90599834,-,MESO,2776,TCGA-MQ-A4LJ-01A,TCGA-MQ-A4LJ-01A,1.0,0.0,0.0,0.0,0.0
3,90597568,-,3,90599980,+,MESO,2777,TCGA-MQ-A4LJ-01A,TCGA-MQ-A4LJ-01A,1.0,0.0,0.0,0.0,0.0
4,3934106,-,4,9712004,-,MESO,2778,TCGA-MQ-A4LJ-01A,TCGA-MQ-A4LJ-01A,1.0,0.0,0.0,0.0,0.0
4,73713610,-,4,73713816,+,MESO,2779,TCGA-MQ-A4LJ-01A,TCGA-MQ-A4LJ-01A,1.0,0.0,0.0,0.0,0.0
4,91202731,+,4,91314856,-,MESO,2780,TCGA-MQ-A4LJ-01A,TCGA-MQ-A4LJ-01A,1.0,0.0,0.0,0.0,0.0
4,128379536,+,4,128410541,-,MESO,2781,TCGA-MQ-A4LJ-01A,TCGA-MQ-A4LJ-01A,1.0,0.0,0.0,0.0,0.0
5,39222435,+,5,39223459,-,MESO,2782,TCGA-MQ-A4LJ-01A,TCGA-MQ-A4LJ-01A,1.0,0.0,0.0,0.0,0.0
5,46601307,+,5,46681270,-,MESO,2783,TCGA-MQ-A4LJ-01A,TCGA-MQ-A4LJ-01A,1.0,0.0,0.0,0.0,0.0
5,46669626,-,5,46674690,+,MESO,2784,TCGA-MQ-A4LJ-01A,TCGA-MQ-A4LJ-01A,1.0,0.0,0.0,0.0,0.0
5,49853420,-,5,49915250,+,MESO,2785,TCGA-MQ-A4LJ-01A,TCGA-MQ-A4LJ-01A,1.0,0.0,0.0,0.0,0.0
5,64242732,+,5,64256610,-,MESO,2786,TCGA-MQ-A4LJ-01A,TCGA-MQ-A4LJ-01A,1.0,0.0,0.0,0.0,0.0
5,132193923,-,5,132194181,-,MESO,2787,TCGA-MQ-A4LJ-01A,TCGA-MQ-A4LJ-01A,1.0,0.0,0.0,0.0,0.0
5,132194092,+,5,132194178,+,MESO,2788,TCGA-MQ-A4LJ-01A,TCGA-MQ-A4LJ-01A,1.0,0.0,0.0,0.0,0.0
5,165780897,-,23,1213081,-,MESO,2789,TCGA-MQ-A4LJ-01A,TCGA-MQ-A4LJ-01A,1.0,0.0,0.0,0.0,0.0
6,24154676,+,6,24155084,-,MESO,2790,TCGA-MQ-A4LJ-01A,TCGA-MQ-A4LJ-01A,1.0,0.0,0.0,0.0,0.0
6,61370554,+,6,61379457,-,MESO,2791,TCGA-MQ-A4LJ-01A,TCGA-MQ-A4LJ-01A,1.0,0.0,0.0,0.0,0.0
6,96114883,+,6,96120373,-,MESO,2792,TCGA-MQ-A4LJ-01A,TCGA-MQ-A4LJ-01A,1.0,0.0,0.0,0.0,0.0
7,62082804,+,19,27345680,-,MESO,2793,TCGA-MQ-A4LJ-01A,TCGA-MQ-A4LJ-01A,1.0,0.0,0.0,0.0,0.0
8,45080688,-,8,45427524,+,MESO,2794,TCGA-MQ-A4LJ-01A,TCGA-MQ-A4LJ-01A,1.0,0.0,0.0,0.0,0.0
8,121970148,-,11,34877879,+,MESO,2795,TCGA-MQ-A4LJ-01A,TCGA-MQ-A4LJ-01A,1.0,0.0,0.0,0.0,0.0
9,19558462,+,16,7523021,-,MESO,2796,TCGA-MQ-A4LJ-01A,TCGA-MQ-A4LJ-01A,1.0,0.0,0.0,0.0,0.0
9,21979646,+,9,22123698,-,MESO,2797,TCGA-MQ-A4LJ-01A,TCGA-MQ-A4LJ-01A,1.0,0.0,0.0,0.0,0.0
9,28582977,-,16,7522790,+,MESO,2798,TCGA-MQ-A4LJ-01A,TCGA-MQ-A4LJ-01A,1.0,0.0,0.0,0.0,0.0
9,65079209,+,18,15598658,-,MESO,2799,TCGA-MQ-A4LJ-01A,TCGA-MQ-A4LJ-01A,1.0,0.0,0.0,0.0,0.0
9,125470810,+,9,125896609,-,MESO,2800,TCGA-MQ-A4LJ-01A,TCGA-MQ-A4LJ-01A,1.0,0.0,0.0,0.0,0.0
23,154609822,-,23,154611584,-,MESO,2801,TCGA-MQ-A4LJ-01A,TCGA-MQ-A4LJ-01A,1.0,0.0,0.0,0.0,0.0
1,27899255,-,19,5622755,+,MESO,2802,TCGA-MQ-A4LM-01A,TCGA-MQ-A4LM-01A,1.0,0.0,0.0,0.0,0.0
1,82499421,+,1,82501526,-,MESO,2803,TCGA-MQ-A4LM-01A,TCGA-MQ-A4LM-01A,1.0,0.0,0.0,0.0,0.0
11,57628979,+,22,15850465,+,MESO,2804,TCGA-MQ-A4LM-01A,TCGA-MQ-A4LM-01A,1.0,0.0,0.0,0.0,0.0
12,34801129,-,12,34807875,+,MESO,2805,TCGA-MQ-A4LM-01A,TCGA-MQ-A4LM-01A,1.0,0.0,0.0,0.0,0.0
12,37264622,-,12,37266673,+,MESO,2806,TCGA-MQ-A4LM-01A,TCGA-MQ-A4LM-01A,1.0,0.0,0.0,0.0,0.0
12,37430343,-,15,50085999,+,MESO,2807,TCGA-MQ-A4LM-01A,TCGA-MQ-A4LM-01A,1.0,0.0,0.0,0.0,0.0
13,16918089,-,13,17396380,+,MESO,2808,TCGA-MQ-A4LM-01A,TCGA-MQ-A4LM-01A,1.0,0.0,0.0,0.0,0.0
13,17095972,+,13,17113517,-,MESO,2809,TCGA-MQ-A4LM-01A,TCGA-MQ-A4LM-01A,1.0,0.0,0.0,0.0,0.0
15,62579005,+,15,62588218,-,MESO,2810,TCGA-MQ-A4LM-01A,TCGA-MQ-A4LM-01A,1.0,0.0,0.0,0.0,0.0
16,6446887,+,16,6997199,-,MESO,2811,TCGA-MQ-A4LM-01A,TCGA-MQ-A4LM-01A,1.0,0.0,0.0,0.0,0.0
16,6447429,+,16,6997075,-,MESO,2812,TCGA-MQ-A4LM-01A,TCGA-MQ-A4LM-01A,1.0,0.0,0.0,0.0,0.0
16,59604341,+,16,62914155,-,MESO,2813,TCGA-MQ-A4LM-01A,TCGA-MQ-A4LM-01A,1.0,0.0,0.0,0.0,0.0
16,63280811,-,19,6156310,-,MESO,2814,TCGA-MQ-A4LM-01A,TCGA-MQ-A4LM-01A,1.0,0.0,0.0,0.0,0.0
16,75152855,+,16,75721059,-,MESO,2815,TCGA-MQ-A4LM-01A,TCGA-MQ-A4LM-01A,1.0,0.0,0.0,0.0,0.0
17,23058345,-,17,23170239,+,MESO,2816,TCGA-MQ-A4LM-01A,TCGA-MQ-A4LM-01A,1.0,0.0,0.0,0.0,0.0
18,4030461,+,18,4557195,+,MESO,2817,TCGA-MQ-A4LM-01A,TCGA-MQ-A4LM-01A,1.0,0.0,0.0,0.0,0.0
18,4031750,-,18,4469074,+,MESO,2818,TCGA-MQ-A4LM-01A,TCGA-MQ-A4LM-01A,1.0,0.0,0.0,0.0,0.0
18,4033749,+,18,4047056,-,MESO,2819,TCGA-MQ-A4LM-01A,TCGA-MQ-A4LM-01A,1.0,0.0,0.0,0.0,0.0
18,4136371,+,18,4230519,-,MESO,2820,TCGA-MQ-A4LM-01A,TCGA-MQ-A4LM-01A,1.0,0.0,0.0,0.0,0.0
18,15665511,-,18,15711644,+,MESO,2821,TCGA-MQ-A4LM-01A,TCGA-MQ-A4LM-01A,1.0,0.0,0.0,0.0,0.0
18,20612541,+,18,20816057,+,MESO,2822,TCGA-MQ-A4LM-01A,TCGA-MQ-A4LM-01A,1.0,0.0,0.0,0.0,0.0
19,14090259,+,22,20449744,-,MESO,2823,TCGA-MQ-A4LM-01A,TCGA-MQ-A4LM-01A,1.0,0.0,0.0,0.0,0.0
2,55359866,+,17,16161307,+,MESO,2824,TCGA-MQ-A4LM-01A,TCGA-MQ-A4LM-01A,1.0,0.0,0.0,0.0,0.0
2,201507119,+,2,232435765,-,MESO,2825,TCGA-MQ-A4LM-01A,TCGA-MQ-A4LM-01A,1.0,0.0,0.0,0.0,0.0
2,211887254,-,7,140812161,-,MESO,2826,TCGA-MQ-A4LM-01A,TCGA-MQ-A4LM-01A,1.0,0.0,0.0,0.0,0.0
2,214076518,-,13,98401416,-,MESO,2827,TCGA-MQ-A4LM-01A,TCGA-MQ-A4LM-01A,1.0,0.0,0.0,0.0,0.0
20,26448371,-,20,26545435,+,MESO,2828,TCGA-MQ-A4LM-01A,TCGA-MQ-A4LM-01A,1.0,0.0,0.0,0.0,0.0
20,30000963,+,20,30014572,-,MESO,2829,TCGA-MQ-A4LM-01A,TCGA-MQ-A4LM-01A,1.0,0.0,0.0,0.0,0.0
20,39347670,+,20,39579026,-,MESO,2830,TCGA-MQ-A4LM-01A,TCGA-MQ-A4LM-01A,1.0,0.0,0.0,0.0,0.0
3,17487394,-,3,37222068,-,MESO,2831,TCGA-MQ-A4LM-01A,TCGA-MQ-A4LM-01A,1.0,0.0,0.0,0.0,0.0
3,37152081,+,3,48262669,+,MESO,2832,TCGA-MQ-A4LM-01A,TCGA-MQ-A4LM-01A,1.0,0.0,0.0,0.0,0.0
3,48299323,-,3,52529624,+,MESO,2833,TCGA-MQ-A4LM-01A,TCGA-MQ-A4LM-01A,1.0,0.0,0.0,0.0,0.0
3,52397714,+,5,140489183,-,MESO,2834,TCGA-MQ-A4LM-01A,TCGA-MQ-A4LM-01A,1.0,0.0,0.0,0.0,0.0
3,52406478,+,5,140277989,+,MESO,2835,TCGA-MQ-A4LM-01A,TCGA-MQ-A4LM-01A,1.0,0.0,0.0,0.0,0.0
3,52528759,-,3,52555483,-,MESO,2836,TCGA-MQ-A4LM-01A,TCGA-MQ-A4LM-01A,1.0,0.0,0.0,0.0,0.0
3,129786583,-,11,66243552,+,MESO,2837,TCGA-MQ-A4LM-01A,TCGA-MQ-A4LM-01A,1.0,0.0,0.0,0.0,0.0
3,190718546,+,6,92367652,+,MESO,2838,TCGA-MQ-A4LM-01A,TCGA-MQ-A4LM-01A,1.0,0.0,0.0,0.0,0.0
3,191335998,+,6,93361139,-,MESO,2839,TCGA-MQ-A4LM-01A,TCGA-MQ-A4LM-01A,1.0,0.0,0.0,0.0,0.0
3,191336066,-,11,60779975,-,MESO,2840,TCGA-MQ-A4LM-01A,TCGA-MQ-A4LM-01A,1.0,0.0,0.0,0.0,0.0
3,191336810,+,11,59562473,-,MESO,2841,TCGA-MQ-A4LM-01A,TCGA-MQ-A4LM-01A,1.0,0.0,0.0,0.0,0.0
3,191404318,-,11,49982217,+,MESO,2842,TCGA-MQ-A4LM-01A,TCGA-MQ-A4LM-01A,1.0,0.0,0.0,0.0,0.0
4,41910805,+,4,41917750,-,MESO,2843,TCGA-MQ-A4LM-01A,TCGA-MQ-A4LM-01A,1.0,0.0,0.0,0.0,0.0
5,47159544,-,5,47258997,+,MESO,2844,TCGA-MQ-A4LM-01A,TCGA-MQ-A4LM-01A,1.0,0.0,0.0,0.0,0.0
5,138765352,+,6,13521034,+,MESO,2845,TCGA-MQ-A4LM-01A,TCGA-MQ-A4LM-01A,1.0,0.0,0.0,0.0,0.0
6,90941504,+,11,48085979,+,MESO,2846,TCGA-MQ-A4LM-01A,TCGA-MQ-A4LM-01A,1.0,0.0,0.0,0.0,0.0
6,90970622,-,6,93269005,+,MESO,2847,TCGA-MQ-A4LM-01A,TCGA-MQ-A4LM-01A,1.0,0.0,0.0,0.0,0.0
6,92631223,-,11,49980066,-,MESO,2848,TCGA-MQ-A4LM-01A,TCGA-MQ-A4LM-01A,1.0,0.0,0.0,0.0,0.0
6,93267099,+,11,60224044,+,MESO,2849,TCGA-MQ-A4LM-01A,TCGA-MQ-A4LM-01A,1.0,0.0,0.0,0.0,0.0
6,93267371,-,6,93477056,+,MESO,2850,TCGA-MQ-A4LM-01A,TCGA-MQ-A4LM-01A,1.0,0.0,0.0,0.0,0.0
7,17125644,+,7,17126630,+,MESO,2851,TCGA-MQ-A4LM-01A,TCGA-MQ-A4LM-01A,1.0,0.0,0.0,0.0,0.0
7,17125783,-,7,17125955,-,MESO,2852,TCGA-MQ-A4LM-01A,TCGA-MQ-A4LM-01A,1.0,0.0,0.0,0.0,0.0
7,17125964,+,7,17128644,-,MESO,2853,TCGA-MQ-A4LM-01A,TCGA-MQ-A4LM-01A,1.0,0.0,0.0,0.0,0.0
7,61380951,+,7,61454825,-,MESO,2854,TCGA-MQ-A4LM-01A,TCGA-MQ-A4LM-01A,1.0,0.0,0.0,0.0,0.0
7,146264535,+,7,146269881,-,MESO,2855,TCGA-MQ-A4LM-01A,TCGA-MQ-A4LM-01A,1.0,0.0,0.0,0.0,0.0
8,35366242,-,8,35386471,+,MESO,2856,TCGA-MQ-A4LM-01A,TCGA-MQ-A4LM-01A,1.0,0.0,0.0,0.0,0.0
8,99598933,-,8,99599369,-,MESO,2857,TCGA-MQ-A4LM-01A,TCGA-MQ-A4LM-01A,1.0,0.0,0.0,0.0,0.0
9,19948189,+,9,25985926,-,MESO,2858,TCGA-MQ-A4LM-01A,TCGA-MQ-A4LM-01A,1.0,0.0,0.0,0.0,0.0
9,20002310,+,9,25132099,-,MESO,2859,TCGA-MQ-A4LM-01A,TCGA-MQ-A4LM-01A,1.0,0.0,0.0,0.0,0.0
9,40540389,+,22,16074140,+,MESO,2860,TCGA-MQ-A4LM-01A,TCGA-MQ-A4LM-01A,1.0,0.0,0.0,0.0,0.0
23,86842195,-,23,87969012,+,MESO,2861,TCGA-MQ-A4LM-01A,TCGA-MQ-A4LM-01A,1.0,0.0,0.0,0.0,0.0
1,32823730,+,1,32826420,-,MESO,2862,TCGA-MQ-A4LV-01A,TCGA-MQ-A4LV-01A,1.0,0.0,0.0,0.0,0.0
1,37135196,+,1,37137333,-,MESO,2863,TCGA-MQ-A4LV-01A,TCGA-MQ-A4LV-01A,1.0,0.0,0.0,0.0,0.0
1,40431672,+,1,40434461,-,MESO,2864,TCGA-MQ-A4LV-01A,TCGA-MQ-A4LV-01A,1.0,0.0,0.0,0.0,0.0
1,63175374,+,1,63176691,-,MESO,2865,TCGA-MQ-A4LV-01A,TCGA-MQ-A4LV-01A,1.0,0.0,0.0,0.0,0.0
1,102513748,+,1,103009664,+,MESO,2866,TCGA-MQ-A4LV-01A,TCGA-MQ-A4LV-01A,1.0,0.0,0.0,0.0,0.0
1,102565737,-,1,103050029,-,MESO,2867,TCGA-MQ-A4LV-01A,TCGA-MQ-A4LV-01A,1.0,0.0,0.0,0.0,0.0
1,109616830,+,1,115864519,-,MESO,2868,TCGA-MQ-A4LV-01A,TCGA-MQ-A4LV-01A,1.0,0.0,0.0,0.0,0.0
1,123131465,-,1,123352717,+,MESO,2869,TCGA-MQ-A4LV-01A,TCGA-MQ-A4LV-01A,1.0,0.0,0.0,0.0,0.0
1,123695607,+,1,123832228,-,MESO,2870,TCGA-MQ-A4LV-01A,TCGA-MQ-A4LV-01A,1.0,0.0,0.0,0.0,0.0
1,124794607,+,1,124839015,-,MESO,2871,TCGA-MQ-A4LV-01A,TCGA-MQ-A4LV-01A,1.0,0.0,0.0,0.0,0.0
1,159568200,+,1,159573064,-,MESO,2872,TCGA-MQ-A4LV-01A,TCGA-MQ-A4LV-01A,1.0,0.0,0.0,0.0,0.0
1,163669650,+,1,163674325,-,MESO,2873,TCGA-MQ-A4LV-01A,TCGA-MQ-A4LV-01A,1.0,0.0,0.0,0.0,0.0
1,166209347,+,1,166224499,-,MESO,2874,TCGA-MQ-A4LV-01A,TCGA-MQ-A4LV-01A,1.0,0.0,0.0,0.0,0.0
1,166491767,+,1,166620232,-,MESO,2875,TCGA-MQ-A4LV-01A,TCGA-MQ-A4LV-01A,1.0,0.0,0.0,0.0,0.0
1,178689691,-,12,115260867,+,MESO,2876,TCGA-MQ-A4LV-01A,TCGA-MQ-A4LV-01A,1.0,0.0,0.0,0.0,0.0
1,246945152,-,14,100260930,+,MESO,2877,TCGA-MQ-A4LV-01A,TCGA-MQ-A4LV-01A,1.0,0.0,0.0,0.0,0.0
10,81357270,+,10,81360266,-,MESO,2878,TCGA-MQ-A4LV-01A,TCGA-MQ-A4LV-01A,1.0,0.0,0.0,0.0,0.0
10,81391770,-,10,81393805,-,MESO,2879,TCGA-MQ-A4LV-01A,TCGA-MQ-A4LV-01A,1.0,0.0,0.0,0.0,0.0
10,81393476,+,10,94910964,+,MESO,2880,TCGA-MQ-A4LV-01A,TCGA-MQ-A4LV-01A,1.0,0.0,0.0,0.0,0.0
10,81399722,-,10,81447002,-,MESO,2881,TCGA-MQ-A4LV-01A,TCGA-MQ-A4LV-01A,1.0,0.0,0.0,0.0,0.0
10,81445010,+,10,95074868,+,MESO,2882,TCGA-MQ-A4LV-01A,TCGA-MQ-A4LV-01A,1.0,0.0,0.0,0.0,0.0
11,3920720,+,11,4001626,+,MESO,2883,TCGA-MQ-A4LV-01A,TCGA-MQ-A4LV-01A,1.0,0.0,0.0,0.0,0.0
11,5256500,+,11,8892467,-,MESO,2884,TCGA-MQ-A4LV-01A,TCGA-MQ-A4LV-01A,1.0,0.0,0.0,0.0,0.0
11,34101177,+,14,96949405,+,MESO,2885,TCGA-MQ-A4LV-01A,TCGA-MQ-A4LV-01A,1.0,0.0,0.0,0.0,0.0
11,34101228,-,14,96938403,+,MESO,2886,TCGA-MQ-A4LV-01A,TCGA-MQ-A4LV-01A,1.0,0.0,0.0,0.0,0.0
11,34139730,-,11,34142212,-,MESO,2887,TCGA-MQ-A4LV-01A,TCGA-MQ-A4LV-01A,1.0,0.0,0.0,0.0,0.0
11,34139734,+,11,34142210,+,MESO,2888,TCGA-MQ-A4LV-01A,TCGA-MQ-A4LV-01A,1.0,0.0,0.0,0.0,0.0
11,41456274,+,11,41785200,-,MESO,2889,TCGA-MQ-A4LV-01A,TCGA-MQ-A4LV-01A,1.0,0.0,0.0,0.0,0.0
11,72988978,+,17,7873675,+,MESO,2890,TCGA-MQ-A4LV-01A,TCGA-MQ-A4LV-01A,1.0,0.0,0.0,0.0,0.0
12,24155827,-,12,24224191,-,MESO,2891,TCGA-MQ-A4LV-01A,TCGA-MQ-A4LV-01A,1.0,0.0,0.0,0.0,0.0
12,35251384,+,12,37176482,-,MESO,2892,TCGA-MQ-A4LV-01A,TCGA-MQ-A4LV-01A,1.0,0.0,0.0,0.0,0.0
12,36368915,-,12,36580852,+,MESO,2893,TCGA-MQ-A4LV-01A,TCGA-MQ-A4LV-01A,1.0,0.0,0.0,0.0,0.0
12,61655509,+,12,61764127,-,MESO,2894,TCGA-MQ-A4LV-01A,TCGA-MQ-A4LV-01A,1.0,0.0,0.0,0.0,0.0
13,16647590,+,13,17372315,-,MESO,2895,TCGA-MQ-A4LV-01A,TCGA-MQ-A4LV-01A,1.0,0.0,0.0,0.0,0.0
13,16918086,-,13,17396365,+,MESO,2896,TCGA-MQ-A4LV-01A,TCGA-MQ-A4LV-01A,1.0,0.0,0.0,0.0,0.0
13,33619347,-,13,34722928,-,MESO,2897,TCGA-MQ-A4LV-01A,TCGA-MQ-A4LV-01A,1.0,0.0,0.0,0.0,0.0
13,110244528,-,13,110331766,-,MESO,2898,TCGA-MQ-A4LV-01A,TCGA-MQ-A4LV-01A,1.0,0.0,0.0,0.0,0.0
13,110270563,+,17,38920393,+,MESO,2899,TCGA-MQ-A4LV-01A,TCGA-MQ-A4LV-01A,1.0,0.0,0.0,0.0,0.0
14,72964361,+,14,73306436,-,MESO,2900,TCGA-MQ-A4LV-01A,TCGA-MQ-A4LV-01A,1.0,0.0,0.0,0.0,0.0
14,85249036,+,14,85289790,-,MESO,2901,TCGA-MQ-A4LV-01A,TCGA-MQ-A4LV-01A,1.0,0.0,0.0,0.0,0.0
14,85914298,+,24,19640435,-,MESO,2902,TCGA-MQ-A4LV-01A,TCGA-MQ-A4LV-01A,1.0,0.0,0.0,0.0,0.0
14,93735202,+,14,93737975,-,MESO,2903,TCGA-MQ-A4LV-01A,TCGA-MQ-A4LV-01A,1.0,0.0,0.0,0.0,0.0
14,96923705,+,14,96949408,-,MESO,2904,TCGA-MQ-A4LV-01A,TCGA-MQ-A4LV-01A,1.0,0.0,0.0,0.0,0.0
14,96927758,-,14,96946476,+,MESO,2905,TCGA-MQ-A4LV-01A,TCGA-MQ-A4LV-01A,1.0,0.0,0.0,0.0,0.0
14,96938404,-,14,96946475,-,MESO,2906,TCGA-MQ-A4LV-01A,TCGA-MQ-A4LV-01A,1.0,0.0,0.0,0.0,0.0
15,17499284,-,15,18351619,+,MESO,2907,TCGA-MQ-A4LV-01A,TCGA-MQ-A4LV-01A,1.0,0.0,0.0,0.0,0.0
15,69372305,+,18,47857122,+,MESO,2908,TCGA-MQ-A4LV-01A,TCGA-MQ-A4LV-01A,1.0,0.0,0.0,0.0,0.0
16,13074317,+,16,67349601,+,MESO,2909,TCGA-MQ-A4LV-01A,TCGA-MQ-A4LV-01A,1.0,0.0,0.0,0.0,0.0
16,31053641,+,16,31076923,-,MESO,2910,TCGA-MQ-A4LV-01A,TCGA-MQ-A4LV-01A,1.0,0.0,0.0,0.0,0.0
16,34916396,-,22,32059589,-,MESO,2911,TCGA-MQ-A4LV-01A,TCGA-MQ-A4LV-01A,1.0,0.0,0.0,0.0,0.0
16,35790824,+,16,66646213,-,MESO,2912,TCGA-MQ-A4LV-01A,TCGA-MQ-A4LV-01A,1.0,0.0,0.0,0.0,0.0
16,37725465,-,16,37915612,+,MESO,2913,TCGA-MQ-A4LV-01A,TCGA-MQ-A4LV-01A,1.0,0.0,0.0,0.0,0.0
16,63264066,+,16,63270797,-,MESO,2914,TCGA-MQ-A4LV-01A,TCGA-MQ-A4LV-01A,1.0,0.0,0.0,0.0,0.0
16,67348752,+,16,67349321,-,MESO,2915,TCGA-MQ-A4LV-01A,TCGA-MQ-A4LV-01A,1.0,0.0,0.0,0.0,0.0
16,67703011,+,16,67707329,+,MESO,2916,TCGA-MQ-A4LV-01A,TCGA-MQ-A4LV-01A,1.0,0.0,0.0,0.0,0.0
17,37742506,-,17,37742861,-,MESO,2917,TCGA-MQ-A4LV-01A,TCGA-MQ-A4LV-01A,1.0,0.0,0.0,0.0,0.0
17,37814491,-,17,45606979,+,MESO,2918,TCGA-MQ-A4LV-01A,TCGA-MQ-A4LV-01A,1.0,0.0,0.0,0.0,0.0
17,38582442,-,17,40918194,+,MESO,2919,TCGA-MQ-A4LV-01A,TCGA-MQ-A4LV-01A,1.0,0.0,0.0,0.0,0.0
17,39221622,+,17,40889098,-,MESO,2920,TCGA-MQ-A4LV-01A,TCGA-MQ-A4LV-01A,1.0,0.0,0.0,0.0,0.0
17,40307088,-,17,40889571,+,MESO,2921,TCGA-MQ-A4LV-01A,TCGA-MQ-A4LV-01A,1.0,0.0,0.0,0.0,0.0
17,40307726,+,17,40913895,-,MESO,2922,TCGA-MQ-A4LV-01A,TCGA-MQ-A4LV-01A,1.0,0.0,0.0,0.0,0.0
17,42781939,-,17,42857865,-,MESO,2923,TCGA-MQ-A4LV-01A,TCGA-MQ-A4LV-01A,1.0,0.0,0.0,0.0,0.0
17,58737476,-,17,62191759,-,MESO,2924,TCGA-MQ-A4LV-01A,TCGA-MQ-A4LV-01A,1.0,0.0,0.0,0.0,0.0
17,58743060,+,17,58746787,+,MESO,2925,TCGA-MQ-A4LV-01A,TCGA-MQ-A4LV-01A,1.0,0.0,0.0,0.0,0.0
17,70955503,-,17,70961714,-,MESO,2926,TCGA-MQ-A4LV-01A,TCGA-MQ-A4LV-01A,1.0,0.0,0.0,0.0,0.0
17,71554185,-,21,7202705,-,MESO,2927,TCGA-MQ-A4LV-01A,TCGA-MQ-A4LV-01A,1.0,0.0,0.0,0.0,0.0
18,3707617,+,18,3871767,-,MESO,2928,TCGA-MQ-A4LV-01A,TCGA-MQ-A4LV-01A,1.0,0.0,0.0,0.0,0.0
18,3928148,+,18,15805706,+,MESO,2929,TCGA-MQ-A4LV-01A,TCGA-MQ-A4LV-01A,1.0,0.0,0.0,0.0,0.0
18,15679043,-,18,15772349,+,MESO,2930,TCGA-MQ-A4LV-01A,TCGA-MQ-A4LV-01A,1.0,0.0,0.0,0.0,0.0
18,21171780,+,18,67121782,-,MESO,2931,TCGA-MQ-A4LV-01A,TCGA-MQ-A4LV-01A,1.0,0.0,0.0,0.0,0.0
18,21171869,-,18,68085265,+,MESO,2932,TCGA-MQ-A4LV-01A,TCGA-MQ-A4LV-01A,1.0,0.0,0.0,0.0,0.0
18,22359466,-,18,22359600,-,MESO,2933,TCGA-MQ-A4LV-01A,TCGA-MQ-A4LV-01A,1.0,0.0,0.0,0.0,0.0
18,22359624,+,18,24070059,-,MESO,2934,TCGA-MQ-A4LV-01A,TCGA-MQ-A4LV-01A,1.0,0.0,0.0,0.0,0.0
18,24035902,+,18,31337529,+,MESO,2935,TCGA-MQ-A4LV-01A,TCGA-MQ-A4LV-01A,1.0,0.0,0.0,0.0,0.0
18,45726505,+,18,45756218,-,MESO,2936,TCGA-MQ-A4LV-01A,TCGA-MQ-A4LV-01A,1.0,0.0,0.0,0.0,0.0
18,51444453,+,18,52437195,+,MESO,2937,TCGA-MQ-A4LV-01A,TCGA-MQ-A4LV-01A,1.0,0.0,0.0,0.0,0.0
18,51488851,-,18,52510696,-,MESO,2938,TCGA-MQ-A4LV-01A,TCGA-MQ-A4LV-01A,1.0,0.0,0.0,0.0,0.0
18,67042003,+,18,67172683,+,MESO,2939,TCGA-MQ-A4LV-01A,TCGA-MQ-A4LV-01A,1.0,0.0,0.0,0.0,0.0
18,67042017,-,18,67172699,-,MESO,2940,TCGA-MQ-A4LV-01A,TCGA-MQ-A4LV-01A,1.0,0.0,0.0,0.0,0.0
18,67121764,+,18,68085328,-,MESO,2941,TCGA-MQ-A4LV-01A,TCGA-MQ-A4LV-01A,1.0,0.0,0.0,0.0,0.0
2,14971110,+,2,14984106,-,MESO,2942,TCGA-MQ-A4LV-01A,TCGA-MQ-A4LV-01A,1.0,0.0,0.0,0.0,0.0
2,14971329,-,2,14981514,+,MESO,2943,TCGA-MQ-A4LV-01A,TCGA-MQ-A4LV-01A,1.0,0.0,0.0,0.0,0.0
2,14972785,+,7,158336970,-,MESO,2944,TCGA-MQ-A4LV-01A,TCGA-MQ-A4LV-01A,1.0,0.0,0.0,0.0,0.0
2,14978626,-,2,15081208,-,MESO,2945,TCGA-MQ-A4LV-01A,TCGA-MQ-A4LV-01A,1.0,0.0,0.0,0.0,0.0
2,14984299,+,7,158251891,+,MESO,2946,TCGA-MQ-A4LV-01A,TCGA-MQ-A4LV-01A,1.0,0.0,0.0,0.0,0.0
2,34399437,+,10,53282923,+,MESO,2947,TCGA-MQ-A4LV-01A,TCGA-MQ-A4LV-01A,1.0,0.0,0.0,0.0,0.0
2,34600343,-,10,53351171,-,MESO,2948,TCGA-MQ-A4LV-01A,TCGA-MQ-A4LV-01A,1.0,0.0,0.0,0.0,0.0
2,46885493,+,14,84272750,+,MESO,2949,TCGA-MQ-A4LV-01A,TCGA-MQ-A4LV-01A,1.0,0.0,0.0,0.0,0.0
2,46987105,-,14,84272763,-,MESO,2950,TCGA-MQ-A4LV-01A,TCGA-MQ-A4LV-01A,1.0,0.0,0.0,0.0,0.0
2,48709432,+,2,49350442,+,MESO,2951,TCGA-MQ-A4LV-01A,TCGA-MQ-A4LV-01A,1.0,0.0,0.0,0.0,0.0
2,48889647,-,2,50450671,+,MESO,2952,TCGA-MQ-A4LV-01A,TCGA-MQ-A4LV-01A,1.0,0.0,0.0,0.0,0.0
2,50403754,-,2,199020236,+,MESO,2953,TCGA-MQ-A4LV-01A,TCGA-MQ-A4LV-01A,1.0,0.0,0.0,0.0,0.0
2,51232780,-,2,199160382,-,MESO,2954,TCGA-MQ-A4LV-01A,TCGA-MQ-A4LV-01A,1.0,0.0,0.0,0.0,0.0
2,94254162,+,2,239969301,-,MESO,2955,TCGA-MQ-A4LV-01A,TCGA-MQ-A4LV-01A,1.0,0.0,0.0,0.0,0.0
2,94254607,-,3,40870111,+,MESO,2956,TCGA-MQ-A4LV-01A,TCGA-MQ-A4LV-01A,1.0,0.0,0.0,0.0,0.0
2,114234369,+,9,25374135,+,MESO,2957,TCGA-MQ-A4LV-01A,TCGA-MQ-A4LV-01A,1.0,0.0,0.0,0.0,0.0
2,114418439,-,9,11085766,+,MESO,2958,TCGA-MQ-A4LV-01A,TCGA-MQ-A4LV-01A,1.0,0.0,0.0,0.0,0.0
2,116010432,+,9,9191282,+,MESO,2959,TCGA-MQ-A4LV-01A,TCGA-MQ-A4LV-01A,1.0,0.0,0.0,0.0,0.0
2,116307933,-,9,9190200,-,MESO,2960,TCGA-MQ-A4LV-01A,TCGA-MQ-A4LV-01A,1.0,0.0,0.0,0.0,0.0
2,221636851,+,2,221899816,-,MESO,2961,TCGA-MQ-A4LV-01A,TCGA-MQ-A4LV-01A,1.0,0.0,0.0,0.0,0.0
2,239969294,+,10,81446784,-,MESO,2962,TCGA-MQ-A4LV-01A,TCGA-MQ-A4LV-01A,1.0,0.0,0.0,0.0,0.0
20,22138746,+,20,22223951,-,MESO,2963,TCGA-MQ-A4LV-01A,TCGA-MQ-A4LV-01A,1.0,0.0,0.0,0.0,0.0
3,10048787,-,3,11870733,+,MESO,2964,TCGA-MQ-A4LV-01A,TCGA-MQ-A4LV-01A,1.0,0.0,0.0,0.0,0.0
3,40327816,+,3,40425357,-,MESO,2965,TCGA-MQ-A4LV-01A,TCGA-MQ-A4LV-01A,1.0,0.0,0.0,0.0,0.0
3,40328561,-,3,40691715,-,MESO,2966,TCGA-MQ-A4LV-01A,TCGA-MQ-A4LV-01A,1.0,0.0,0.0,0.0,0.0
3,40332692,+,3,41224354,-,MESO,2967,TCGA-MQ-A4LV-01A,TCGA-MQ-A4LV-01A,1.0,0.0,0.0,0.0,0.0
3,40426007,+,10,94909570,-,MESO,2968,TCGA-MQ-A4LV-01A,TCGA-MQ-A4LV-01A,1.0,0.0,0.0,0.0,0.0
3,40426023,-,3,41589270,-,MESO,2969,TCGA-MQ-A4LV-01A,TCGA-MQ-A4LV-01A,1.0,0.0,0.0,0.0,0.0
3,40426595,-,3,40431563,+,MESO,2970,TCGA-MQ-A4LV-01A,TCGA-MQ-A4LV-01A,1.0,0.0,0.0,0.0,0.0
3,40426597,+,3,40870388,-,MESO,2971,TCGA-MQ-A4LV-01A,TCGA-MQ-A4LV-01A,1.0,0.0,0.0,0.0,0.0
3,40428608,+,3,40873856,-,MESO,2972,TCGA-MQ-A4LV-01A,TCGA-MQ-A4LV-01A,1.0,0.0,0.0,0.0,0.0
3,40429005,-,10,81399601,+,MESO,2973,TCGA-MQ-A4LV-01A,TCGA-MQ-A4LV-01A,1.0,0.0,0.0,0.0,0.0
3,40431841,-,3,40878224,+,MESO,2974,TCGA-MQ-A4LV-01A,TCGA-MQ-A4LV-01A,1.0,0.0,0.0,0.0,0.0
3,40436211,+,3,41229763,+,MESO,2975,TCGA-MQ-A4LV-01A,TCGA-MQ-A4LV-01A,1.0,0.0,0.0,0.0,0.0
3,40457313,-,23,107000387,-,MESO,2976,TCGA-MQ-A4LV-01A,TCGA-MQ-A4LV-01A,1.0,0.0,0.0,0.0,0.0
3,40665558,+,3,40686137,-,MESO,2977,TCGA-MQ-A4LV-01A,TCGA-MQ-A4LV-01A,1.0,0.0,0.0,0.0,0.0
3,40689508,+,3,40729470,-,MESO,2978,TCGA-MQ-A4LV-01A,TCGA-MQ-A4LV-01A,1.0,0.0,0.0,0.0,0.0
3,40692678,+,3,41624387,-,MESO,2979,TCGA-MQ-A4LV-01A,TCGA-MQ-A4LV-01A,1.0,0.0,0.0,0.0,0.0
3,40692688,-,3,41629550,+,MESO,2980,TCGA-MQ-A4LV-01A,TCGA-MQ-A4LV-01A,1.0,0.0,0.0,0.0,0.0
3,40693128,+,3,41595907,+,MESO,2981,TCGA-MQ-A4LV-01A,TCGA-MQ-A4LV-01A,1.0,0.0,0.0,0.0,0.0
3,40730203,+,10,95074663,-,MESO,2982,TCGA-MQ-A4LV-01A,TCGA-MQ-A4LV-01A,1.0,0.0,0.0,0.0,0.0
3,40733247,-,10,81442599,+,MESO,2983,TCGA-MQ-A4LV-01A,TCGA-MQ-A4LV-01A,1.0,0.0,0.0,0.0,0.0
3,40736357,+,3,40872017,+,MESO,2984,TCGA-MQ-A4LV-01A,TCGA-MQ-A4LV-01A,1.0,0.0,0.0,0.0,0.0
3,40736598,-,10,81400843,+,MESO,2985,TCGA-MQ-A4LV-01A,TCGA-MQ-A4LV-01A,1.0,0.0,0.0,0.0,0.0
3,40738323,+,10,81362403,+,MESO,2986,TCGA-MQ-A4LV-01A,TCGA-MQ-A4LV-01A,1.0,0.0,0.0,0.0,0.0
3,40869755,-,10,81446932,+,MESO,2987,TCGA-MQ-A4LV-01A,TCGA-MQ-A4LV-01A,1.0,0.0,0.0,0.0,0.0
3,40870589,+,10,81448892,+,MESO,2988,TCGA-MQ-A4LV-01A,TCGA-MQ-A4LV-01A,1.0,0.0,0.0,0.0,0.0
3,40871227,-,3,41595922,-,MESO,2989,TCGA-MQ-A4LV-01A,TCGA-MQ-A4LV-01A,1.0,0.0,0.0,0.0,0.0
3,40872045,-,3,41245476,-,MESO,2990,TCGA-MQ-A4LV-01A,TCGA-MQ-A4LV-01A,1.0,0.0,0.0,0.0,0.0
3,40873337,+,3,41530704,+,MESO,2991,TCGA-MQ-A4LV-01A,TCGA-MQ-A4LV-01A,1.0,0.0,0.0,0.0,0.0
3,41412072,+,23,107000388,+,MESO,2992,TCGA-MQ-A4LV-01A,TCGA-MQ-A4LV-01A,1.0,0.0,0.0,0.0,0.0
3,41530003,-,10,94910980,-,MESO,2993,TCGA-MQ-A4LV-01A,TCGA-MQ-A4LV-01A,1.0,0.0,0.0,0.0,0.0
3,41591655,+,3,41594618,-,MESO,2994,TCGA-MQ-A4LV-01A,TCGA-MQ-A4LV-01A,1.0,0.0,0.0,0.0,0.0
3,41597428,+,10,81444194,-,MESO,2995,TCGA-MQ-A4LV-01A,TCGA-MQ-A4LV-01A,1.0,0.0,0.0,0.0,0.0
3,48135235,+,3,49455851,-,MESO,2996,TCGA-MQ-A4LV-01A,TCGA-MQ-A4LV-01A,1.0,0.0,0.0,0.0,0.0
3,88467972,+,13,35646173,+,MESO,2997,TCGA-MQ-A4LV-01A,TCGA-MQ-A4LV-01A,1.0,0.0,0.0,0.0,0.0
3,88996998,-,3,90888221,+,MESO,2998,TCGA-MQ-A4LV-01A,TCGA-MQ-A4LV-01A,1.0,0.0,0.0,0.0,0.0
3,89355317,-,13,34700400,+,MESO,2999,TCGA-MQ-A4LV-01A,TCGA-MQ-A4LV-01A,1.0,0.0,0.0,0.0,0.0
3,90892334,+,3,91161517,-,MESO,3000,TCGA-MQ-A4LV-01A,TCGA-MQ-A4LV-01A,1.0,0.0,0.0,0.0,0.0
3,95087010,+,3,173214330,-,MESO,3001,TCGA-MQ-A4LV-01A,TCGA-MQ-A4LV-01A,1.0,0.0,0.0,0.0,0.0
3,95240285,-,3,173214970,-,MESO,3002,TCGA-MQ-A4LV-01A,TCGA-MQ-A4LV-01A,1.0,0.0,0.0,0.0,0.0
3,95939358,-,3,96417528,+,MESO,3003,TCGA-MQ-A4LV-01A,TCGA-MQ-A4LV-01A,1.0,0.0,0.0,0.0,0.0
3,96163813,+,3,96268527,+,MESO,3004,TCGA-MQ-A4LV-01A,TCGA-MQ-A4LV-01A,1.0,0.0,0.0,0.0,0.0
3,96268135,-,3,173114700,+,MESO,3005,TCGA-MQ-A4LV-01A,TCGA-MQ-A4LV-01A,1.0,0.0,0.0,0.0,0.0
3,131053282,+,18,45726255,-,MESO,3006,TCGA-MQ-A4LV-01A,TCGA-MQ-A4LV-01A,1.0,0.0,0.0,0.0,0.0
3,131107569,-,18,45730953,+,MESO,3007,TCGA-MQ-A4LV-01A,TCGA-MQ-A4LV-01A,1.0,0.0,0.0,0.0,0.0
3,164783417,+,3,165301556,+,MESO,3008,TCGA-MQ-A4LV-01A,TCGA-MQ-A4LV-01A,1.0,0.0,0.0,0.0,0.0
3,164783454,-,3,165301674,-,MESO,3009,TCGA-MQ-A4LV-01A,TCGA-MQ-A4LV-01A,1.0,0.0,0.0,0.0,0.0
3,184438940,-,9,110144968,+,MESO,3010,TCGA-MQ-A4LV-01A,TCGA-MQ-A4LV-01A,1.0,0.0,0.0,0.0,0.0
4,5338212,+,4,5648989,-,MESO,3011,TCGA-MQ-A4LV-01A,TCGA-MQ-A4LV-01A,1.0,0.0,0.0,0.0,0.0
4,30312825,+,4,35916915,+,MESO,3012,TCGA-MQ-A4LV-01A,TCGA-MQ-A4LV-01A,1.0,0.0,0.0,0.0,0.0
4,31664287,-,8,114712398,-,MESO,3013,TCGA-MQ-A4LV-01A,TCGA-MQ-A4LV-01A,1.0,0.0,0.0,0.0,0.0
4,34513180,+,8,112938411,+,MESO,3014,TCGA-MQ-A4LV-01A,TCGA-MQ-A4LV-01A,1.0,0.0,0.0,0.0,0.0
4,35913118,-,4,43370150,-,MESO,3015,TCGA-MQ-A4LV-01A,TCGA-MQ-A4LV-01A,1.0,0.0,0.0,0.0,0.0
4,69814996,+,4,136848361,-,MESO,3016,TCGA-MQ-A4LV-01A,TCGA-MQ-A4LV-01A,1.0,0.0,0.0,0.0,0.0
4,91495218,+,4,91535220,-,MESO,3017,TCGA-MQ-A4LV-01A,TCGA-MQ-A4LV-01A,1.0,0.0,0.0,0.0,0.0
4,125164144,+,4,125242134,-,MESO,3018,TCGA-MQ-A4LV-01A,TCGA-MQ-A4LV-01A,1.0,0.0,0.0,0.0,0.0
4,125164886,-,4,125323863,+,MESO,3019,TCGA-MQ-A4LV-01A,TCGA-MQ-A4LV-01A,1.0,0.0,0.0,0.0,0.0
4,125174716,+,4,125543797,-,MESO,3020,TCGA-MQ-A4LV-01A,TCGA-MQ-A4LV-01A,1.0,0.0,0.0,0.0,0.0
4,125174877,-,4,125188833,-,MESO,3021,TCGA-MQ-A4LV-01A,TCGA-MQ-A4LV-01A,1.0,0.0,0.0,0.0,0.0
4,125178469,+,4,126824480,-,MESO,3022,TCGA-MQ-A4LV-01A,TCGA-MQ-A4LV-01A,1.0,0.0,0.0,0.0,0.0
4,125187481,-,4,126805597,-,MESO,3023,TCGA-MQ-A4LV-01A,TCGA-MQ-A4LV-01A,1.0,0.0,0.0,0.0,0.0
4,125188687,+,4,126781944,-,MESO,3024,TCGA-MQ-A4LV-01A,TCGA-MQ-A4LV-01A,1.0,0.0,0.0,0.0,0.0
4,125205642,+,4,125232550,-,MESO,3025,TCGA-MQ-A4LV-01A,TCGA-MQ-A4LV-01A,1.0,0.0,0.0,0.0,0.0
4,125205827,-,4,125750224,+,MESO,3026,TCGA-MQ-A4LV-01A,TCGA-MQ-A4LV-01A,1.0,0.0,0.0,0.0,0.0
4,125214647,+,4,126805305,+,MESO,3027,TCGA-MQ-A4LV-01A,TCGA-MQ-A4LV-01A,1.0,0.0,0.0,0.0,0.0
4,125232364,+,4,125530014,-,MESO,3028,TCGA-MQ-A4LV-01A,TCGA-MQ-A4LV-01A,1.0,0.0,0.0,0.0,0.0
4,125242065,+,4,126824234,+,MESO,3029,TCGA-MQ-A4LV-01A,TCGA-MQ-A4LV-01A,1.0,0.0,0.0,0.0,0.0
4,125322273,+,4,125388987,+,MESO,3030,TCGA-MQ-A4LV-01A,TCGA-MQ-A4LV-01A,1.0,0.0,0.0,0.0,0.0
4,125322273,+,4,125751430,-,MESO,3031,TCGA-MQ-A4LV-01A,TCGA-MQ-A4LV-01A,1.0,0.0,0.0,0.0,0.0
4,125322812,-,4,125756152,-,MESO,3032,TCGA-MQ-A4LV-01A,TCGA-MQ-A4LV-01A,1.0,0.0,0.0,0.0,0.0
4,125324036,-,4,125756054,+,MESO,3033,TCGA-MQ-A4LV-01A,TCGA-MQ-A4LV-01A,1.0,0.0,0.0,0.0,0.0
4,125328786,+,4,125760590,+,MESO,3034,TCGA-MQ-A4LV-01A,TCGA-MQ-A4LV-01A,1.0,0.0,0.0,0.0,0.0
4,125388861,-,4,125751429,-,MESO,3035,TCGA-MQ-A4LV-01A,TCGA-MQ-A4LV-01A,1.0,0.0,0.0,0.0,0.0
4,125505215,-,4,126802452,-,MESO,3036,TCGA-MQ-A4LV-01A,TCGA-MQ-A4LV-01A,1.0,0.0,0.0,0.0,0.0
4,125505332,+,4,126802101,+,MESO,3037,TCGA-MQ-A4LV-01A,TCGA-MQ-A4LV-01A,1.0,0.0,0.0,0.0,0.0
4,125530496,+,4,125763447,-,MESO,3038,TCGA-MQ-A4LV-01A,TCGA-MQ-A4LV-01A,1.0,0.0,0.0,0.0,0.0
4,125530640,-,4,126817992,-,MESO,3039,TCGA-MQ-A4LV-01A,TCGA-MQ-A4LV-01A,1.0,0.0,0.0,0.0,0.0
4,125543605,+,4,125721726,-,MESO,3040,TCGA-MQ-A4LV-01A,TCGA-MQ-A4LV-01A,1.0,0.0,0.0,0.0,0.0
4,125721517,+,4,126781802,+,MESO,3041,TCGA-MQ-A4LV-01A,TCGA-MQ-A4LV-01A,1.0,0.0,0.0,0.0,0.0
4,125760966,-,4,126863017,-,MESO,3042,TCGA-MQ-A4LV-01A,TCGA-MQ-A4LV-01A,1.0,0.0,0.0,0.0,0.0
4,125763302,+,4,126858331,+,MESO,3043,TCGA-MQ-A4LV-01A,TCGA-MQ-A4LV-01A,1.0,0.0,0.0,0.0,0.0
4,126817839,+,4,126858729,-,MESO,3044,TCGA-MQ-A4LV-01A,TCGA-MQ-A4LV-01A,1.0,0.0,0.0,0.0,0.0
4,127660277,+,4,127670614,-,MESO,3045,TCGA-MQ-A4LV-01A,TCGA-MQ-A4LV-01A,1.0,0.0,0.0,0.0,0.0
4,176576108,+,4,176645174,-,MESO,3046,TCGA-MQ-A4LV-01A,TCGA-MQ-A4LV-01A,1.0,0.0,0.0,0.0,0.0
5,49676287,+,5,49716512,-,MESO,3047,TCGA-MQ-A4LV-01A,TCGA-MQ-A4LV-01A,1.0,0.0,0.0,0.0,0.0
5,49808320,+,5,49925059,-,MESO,3048,TCGA-MQ-A4LV-01A,TCGA-MQ-A4LV-01A,1.0,0.0,0.0,0.0,0.0
5,49853434,-,5,49855816,+,MESO,3049,TCGA-MQ-A4LV-01A,TCGA-MQ-A4LV-01A,1.0,0.0,0.0,0.0,0.0
5,113576599,+,5,113584484,-,MESO,3050,TCGA-MQ-A4LV-01A,TCGA-MQ-A4LV-01A,1.0,0.0,0.0,0.0,0.0
5,131967456,+,5,131983648,-,MESO,3051,TCGA-MQ-A4LV-01A,TCGA-MQ-A4LV-01A,1.0,0.0,0.0,0.0,0.0
5,157007058,+,5,165605574,+,MESO,3052,TCGA-MQ-A4LV-01A,TCGA-MQ-A4LV-01A,1.0,0.0,0.0,0.0,0.0
5,157095638,-,5,165605663,-,MESO,3053,TCGA-MQ-A4LV-01A,TCGA-MQ-A4LV-01A,1.0,0.0,0.0,0.0,0.0
5,163112419,+,5,163242445,-,MESO,3054,TCGA-MQ-A4LV-01A,TCGA-MQ-A4LV-01A,1.0,0.0,0.0,0.0,0.0
5,165622048,+,5,165628764,-,MESO,3055,TCGA-MQ-A4LV-01A,TCGA-MQ-A4LV-01A,1.0,0.0,0.0,0.0,0.0
6,54344583,+,6,54352575,-,MESO,3056,TCGA-MQ-A4LV-01A,TCGA-MQ-A4LV-01A,1.0,0.0,0.0,0.0,0.0
6,110707102,+,6,152061512,-,MESO,3057,TCGA-MQ-A4LV-01A,TCGA-MQ-A4LV-01A,1.0,0.0,0.0,0.0,0.0
6,116618774,-,23,29867188,+,MESO,3058,TCGA-MQ-A4LV-01A,TCGA-MQ-A4LV-01A,1.0,0.0,0.0,0.0,0.0
6,132505176,+,23,27490810,+,MESO,3059,TCGA-MQ-A4LV-01A,TCGA-MQ-A4LV-01A,1.0,0.0,0.0,0.0,0.0
6,150649857,-,18,441097,+,MESO,3060,TCGA-MQ-A4LV-01A,TCGA-MQ-A4LV-01A,1.0,0.0,0.0,0.0,0.0
6,150916302,-,17,39466638,-,MESO,3061,TCGA-MQ-A4LV-01A,TCGA-MQ-A4LV-01A,1.0,0.0,0.0,0.0,0.0
7,61430755,-,7,61449897,+,MESO,3062,TCGA-MQ-A4LV-01A,TCGA-MQ-A4LV-01A,1.0,0.0,0.0,0.0,0.0
7,120376948,+,7,120390921,-,MESO,3063,TCGA-MQ-A4LV-01A,TCGA-MQ-A4LV-01A,1.0,0.0,0.0,0.0,0.0
7,145908014,+,7,146109513,-,MESO,3064,TCGA-MQ-A4LV-01A,TCGA-MQ-A4LV-01A,1.0,0.0,0.0,0.0,0.0
8,46298688,+,8,46670805,+,MESO,3065,TCGA-MQ-A4LV-01A,TCGA-MQ-A4LV-01A,1.0,0.0,0.0,0.0,0.0
8,78460715,+,8,78520173,+,MESO,3066,TCGA-MQ-A4LV-01A,TCGA-MQ-A4LV-01A,1.0,0.0,0.0,0.0,0.0
8,78467186,-,8,78473059,-,MESO,3067,TCGA-MQ-A4LV-01A,TCGA-MQ-A4LV-01A,1.0,0.0,0.0,0.0,0.0
8,78472254,+,8,78488903,+,MESO,3068,TCGA-MQ-A4LV-01A,TCGA-MQ-A4LV-01A,1.0,0.0,0.0,0.0,0.0
8,78472280,-,8,78665451,+,MESO,3069,TCGA-MQ-A4LV-01A,TCGA-MQ-A4LV-01A,1.0,0.0,0.0,0.0,0.0
8,78473019,+,8,78481493,-,MESO,3070,TCGA-MQ-A4LV-01A,TCGA-MQ-A4LV-01A,1.0,0.0,0.0,0.0,0.0
8,78473433,+,8,78668714,-,MESO,3071,TCGA-MQ-A4LV-01A,TCGA-MQ-A4LV-01A,1.0,0.0,0.0,0.0,0.0
8,78474154,-,8,78496003,-,MESO,3072,TCGA-MQ-A4LV-01A,TCGA-MQ-A4LV-01A,1.0,0.0,0.0,0.0,0.0
8,78481472,+,8,78679040,+,MESO,3073,TCGA-MQ-A4LV-01A,TCGA-MQ-A4LV-01A,1.0,0.0,0.0,0.0,0.0
8,78500741,+,8,78679426,-,MESO,3074,TCGA-MQ-A4LV-01A,TCGA-MQ-A4LV-01A,1.0,0.0,0.0,0.0,0.0
8,78502302,-,8,78666087,+,MESO,3075,TCGA-MQ-A4LV-01A,TCGA-MQ-A4LV-01A,1.0,0.0,0.0,0.0,0.0
8,78663880,-,8,78665455,-,MESO,3076,TCGA-MQ-A4LV-01A,TCGA-MQ-A4LV-01A,1.0,0.0,0.0,0.0,0.0
9,7026528,+,9,8013163,-,MESO,3077,TCGA-MQ-A4LV-01A,TCGA-MQ-A4LV-01A,1.0,0.0,0.0,0.0,0.0
9,8751003,+,9,10832182,+,MESO,3078,TCGA-MQ-A4LV-01A,TCGA-MQ-A4LV-01A,1.0,0.0,0.0,0.0,0.0
9,9438348,-,9,11286233,+,MESO,3079,TCGA-MQ-A4LV-01A,TCGA-MQ-A4LV-01A,1.0,0.0,0.0,0.0,0.0
9,9706839,+,9,19280945,+,MESO,3080,TCGA-MQ-A4LV-01A,TCGA-MQ-A4LV-01A,1.0,0.0,0.0,0.0,0.0
9,9793723,-,9,22090967,-,MESO,3081,TCGA-MQ-A4LV-01A,TCGA-MQ-A4LV-01A,1.0,0.0,0.0,0.0,0.0
9,9913894,+,9,11275518,-,MESO,3082,TCGA-MQ-A4LV-01A,TCGA-MQ-A4LV-01A,1.0,0.0,0.0,0.0,0.0
9,10727253,-,9,10961929,-,MESO,3083,TCGA-MQ-A4LV-01A,TCGA-MQ-A4LV-01A,1.0,0.0,0.0,0.0,0.0
9,12445724,-,9,23527131,-,MESO,3084,TCGA-MQ-A4LV-01A,TCGA-MQ-A4LV-01A,1.0,0.0,0.0,0.0,0.0
9,19470317,+,9,19488324,-,MESO,3085,TCGA-MQ-A4LV-01A,TCGA-MQ-A4LV-01A,1.0,0.0,0.0,0.0,0.0
9,22183653,+,9,26770319,-,MESO,3086,TCGA-MQ-A4LV-01A,TCGA-MQ-A4LV-01A,1.0,0.0,0.0,0.0,0.0
9,31324748,+,9,31344275,-,MESO,3087,TCGA-MQ-A4LV-01A,TCGA-MQ-A4LV-01A,1.0,0.0,0.0,0.0,0.0
9,39581128,+,9,42338111,-,MESO,3088,TCGA-MQ-A4LV-01A,TCGA-MQ-A4LV-01A,1.0,0.0,0.0,0.0,0.0
9,87033843,+,10,43480057,+,MESO,3089,TCGA-MQ-A4LV-01A,TCGA-MQ-A4LV-01A,1.0,0.0,0.0,0.0,0.0
9,110016385,-,9,110016517,+,MESO,3090,TCGA-MQ-A4LV-01A,TCGA-MQ-A4LV-01A,1.0,0.0,0.0,0.0,0.0
9,126854166,+,9,126866649,-,MESO,3091,TCGA-MQ-A4LV-01A,TCGA-MQ-A4LV-01A,1.0,0.0,0.0,0.0,0.0
9,138155869,+,18,68499,+,MESO,3092,TCGA-MQ-A4LV-01A,TCGA-MQ-A4LV-01A,1.0,0.0,0.0,0.0,0.0
23,29711607,-,23,30017661,-,MESO,3093,TCGA-MQ-A4LV-01A,TCGA-MQ-A4LV-01A,1.0,0.0,0.0,0.0,0.0
23,115565596,+,23,115684767,-,MESO,3094,TCGA-MQ-A4LV-01A,TCGA-MQ-A4LV-01A,1.0,0.0,0.0,0.0,0.0
23,137449469,+,23,137452000,-,MESO,3095,TCGA-MQ-A4LV-01A,TCGA-MQ-A4LV-01A,1.0,0.0,0.0,0.0,0.0
1,81058431,-,10,112978790,+,MESO,3096,TCGA-MQ-A6BL-01A,TCGA-MQ-A6BL-01A,1.0,0.0,0.0,0.0,0.0
1,119236947,-,4,53340750,-,MESO,3097,TCGA-MQ-A6BL-01A,TCGA-MQ-A6BL-01A,1.0,0.0,0.0,0.0,0.0
1,149962039,+,1,149982748,+,MESO,3098,TCGA-MQ-A6BL-01A,TCGA-MQ-A6BL-01A,1.0,0.0,0.0,0.0,0.0
1,149980224,-,1,149982759,-,MESO,3099,TCGA-MQ-A6BL-01A,TCGA-MQ-A6BL-01A,1.0,0.0,0.0,0.0,0.0
1,152103915,-,23,89128090,-,MESO,3100,TCGA-MQ-A6BL-01A,TCGA-MQ-A6BL-01A,1.0,0.0,0.0,0.0,0.0
1,224700440,+,1,224787079,+,MESO,3101,TCGA-MQ-A6BL-01A,TCGA-MQ-A6BL-01A,1.0,0.0,0.0,0.0,0.0
1,224700440,-,1,224787107,-,MESO,3102,TCGA-MQ-A6BL-01A,TCGA-MQ-A6BL-01A,1.0,0.0,0.0,0.0,0.0
10,37678125,+,10,37893007,+,MESO,3103,TCGA-MQ-A6BL-01A,TCGA-MQ-A6BL-01A,1.0,0.0,0.0,0.0,0.0
10,37678181,-,10,106970287,+,MESO,3104,TCGA-MQ-A6BL-01A,TCGA-MQ-A6BL-01A,1.0,0.0,0.0,0.0,0.0
10,37912244,-,10,106970323,-,MESO,3105,TCGA-MQ-A6BL-01A,TCGA-MQ-A6BL-01A,1.0,0.0,0.0,0.0,0.0
10,53225111,+,10,53237489,-,MESO,3106,TCGA-MQ-A6BL-01A,TCGA-MQ-A6BL-01A,1.0,0.0,0.0,0.0,0.0
10,55307875,+,10,55319812,-,MESO,3107,TCGA-MQ-A6BL-01A,TCGA-MQ-A6BL-01A,1.0,0.0,0.0,0.0,0.0
10,67113182,+,10,67131622,-,MESO,3108,TCGA-MQ-A6BL-01A,TCGA-MQ-A6BL-01A,1.0,0.0,0.0,0.0,0.0
11,54369018,-,11,54549487,+,MESO,3109,TCGA-MQ-A6BL-01A,TCGA-MQ-A6BL-01A,1.0,0.0,0.0,0.0,0.0
11,99314728,+,11,99317492,-,MESO,3110,TCGA-MQ-A6BL-01A,TCGA-MQ-A6BL-01A,1.0,0.0,0.0,0.0,0.0
12,22709169,+,12,22742050,-,MESO,3111,TCGA-MQ-A6BL-01A,TCGA-MQ-A6BL-01A,1.0,0.0,0.0,0.0,0.0
12,34805795,+,12,34808780,-,MESO,3112,TCGA-MQ-A6BL-01A,TCGA-MQ-A6BL-01A,1.0,0.0,0.0,0.0,0.0
12,35681926,+,12,35901163,-,MESO,3113,TCGA-MQ-A6BL-01A,TCGA-MQ-A6BL-01A,1.0,0.0,0.0,0.0,0.0
12,45817292,+,12,45824616,-,MESO,3114,TCGA-MQ-A6BL-01A,TCGA-MQ-A6BL-01A,1.0,0.0,0.0,0.0,0.0
12,47941258,+,12,47947199,-,MESO,3115,TCGA-MQ-A6BL-01A,TCGA-MQ-A6BL-01A,1.0,0.0,0.0,0.0,0.0
12,47942438,-,12,87227041,-,MESO,3116,TCGA-MQ-A6BL-01A,TCGA-MQ-A6BL-01A,1.0,0.0,0.0,0.0,0.0
12,47943175,+,12,87219783,+,MESO,3117,TCGA-MQ-A6BL-01A,TCGA-MQ-A6BL-01A,1.0,0.0,0.0,0.0,0.0
12,65827735,+,12,65903966,-,MESO,3118,TCGA-MQ-A6BL-01A,TCGA-MQ-A6BL-01A,1.0,0.0,0.0,0.0,0.0
12,65828225,-,12,65956373,+,MESO,3119,TCGA-MQ-A6BL-01A,TCGA-MQ-A6BL-01A,1.0,0.0,0.0,0.0,0.0
12,65899962,+,12,66079135,-,MESO,3120,TCGA-MQ-A6BL-01A,TCGA-MQ-A6BL-01A,1.0,0.0,0.0,0.0,0.0
12,72605278,+,12,72729022,-,MESO,3121,TCGA-MQ-A6BL-01A,TCGA-MQ-A6BL-01A,1.0,0.0,0.0,0.0,0.0
12,128720769,+,12,128737997,-,MESO,3122,TCGA-MQ-A6BL-01A,TCGA-MQ-A6BL-01A,1.0,0.0,0.0,0.0,0.0
13,16350491,+,13,17307996,-,MESO,3123,TCGA-MQ-A6BL-01A,TCGA-MQ-A6BL-01A,1.0,0.0,0.0,0.0,0.0
13,32528159,+,13,32537203,-,MESO,3124,TCGA-MQ-A6BL-01A,TCGA-MQ-A6BL-01A,1.0,0.0,0.0,0.0,0.0
13,71294017,+,13,112352340,-,MESO,3125,TCGA-MQ-A6BL-01A,TCGA-MQ-A6BL-01A,1.0,0.0,0.0,0.0,0.0
13,71381224,-,13,112476467,+,MESO,3126,TCGA-MQ-A6BL-01A,TCGA-MQ-A6BL-01A,1.0,0.0,0.0,0.0,0.0
13,71398493,+,13,111778570,-,MESO,3127,TCGA-MQ-A6BL-01A,TCGA-MQ-A6BL-01A,1.0,0.0,0.0,0.0,0.0
13,71417822,-,13,112482516,-,MESO,3128,TCGA-MQ-A6BL-01A,TCGA-MQ-A6BL-01A,1.0,0.0,0.0,0.0,0.0
13,78756959,+,13,78757774,+,MESO,3129,TCGA-MQ-A6BL-01A,TCGA-MQ-A6BL-01A,1.0,0.0,0.0,0.0,0.0
13,96611192,+,13,96618800,+,MESO,3130,TCGA-MQ-A6BL-01A,TCGA-MQ-A6BL-01A,1.0,0.0,0.0,0.0,0.0
13,102203062,+,13,102206540,-,MESO,3131,TCGA-MQ-A6BL-01A,TCGA-MQ-A6BL-01A,1.0,0.0,0.0,0.0,0.0
13,111541516,-,13,112334375,-,MESO,3132,TCGA-MQ-A6BL-01A,TCGA-MQ-A6BL-01A,1.0,0.0,0.0,0.0,0.0
13,111862478,+,13,112033857,-,MESO,3133,TCGA-MQ-A6BL-01A,TCGA-MQ-A6BL-01A,1.0,0.0,0.0,0.0,0.0
13,111862503,-,13,112234745,+,MESO,3134,TCGA-MQ-A6BL-01A,TCGA-MQ-A6BL-01A,1.0,0.0,0.0,0.0,0.0
13,112033837,+,13,112144382,-,MESO,3135,TCGA-MQ-A6BL-01A,TCGA-MQ-A6BL-01A,1.0,0.0,0.0,0.0,0.0
13,112373065,+,13,112474789,+,MESO,3136,TCGA-MQ-A6BL-01A,TCGA-MQ-A6BL-01A,1.0,0.0,0.0,0.0,0.0
13,112373094,-,13,112457813,+,MESO,3137,TCGA-MQ-A6BL-01A,TCGA-MQ-A6BL-01A,1.0,0.0,0.0,0.0,0.0
13,112469970,-,13,112474819,-,MESO,3138,TCGA-MQ-A6BL-01A,TCGA-MQ-A6BL-01A,1.0,0.0,0.0,0.0,0.0
14,27434469,+,14,27476700,-,MESO,3139,TCGA-MQ-A6BL-01A,TCGA-MQ-A6BL-01A,1.0,0.0,0.0,0.0,0.0
14,80529464,+,14,80534591,+,MESO,3140,TCGA-MQ-A6BL-01A,TCGA-MQ-A6BL-01A,1.0,0.0,0.0,0.0,0.0
14,80529522,-,14,80534898,-,MESO,3141,TCGA-MQ-A6BL-01A,TCGA-MQ-A6BL-01A,1.0,0.0,0.0,0.0,0.0
14,96971915,+,14,97337790,-,MESO,3142,TCGA-MQ-A6BL-01A,TCGA-MQ-A6BL-01A,1.0,0.0,0.0,0.0,0.0
15,25199272,+,15,25272205,-,MESO,3143,TCGA-MQ-A6BL-01A,TCGA-MQ-A6BL-01A,1.0,0.0,0.0,0.0,0.0
15,25622332,+,15,25624548,-,MESO,3144,TCGA-MQ-A6BL-01A,TCGA-MQ-A6BL-01A,1.0,0.0,0.0,0.0,0.0
16,6185500,-,16,6192111,+,MESO,3145,TCGA-MQ-A6BL-01A,TCGA-MQ-A6BL-01A,1.0,0.0,0.0,0.0,0.0
16,6359272,+,16,6781933,-,MESO,3146,TCGA-MQ-A6BL-01A,TCGA-MQ-A6BL-01A,1.0,0.0,0.0,0.0,0.0
16,6429099,+,16,6580138,-,MESO,3147,TCGA-MQ-A6BL-01A,TCGA-MQ-A6BL-01A,1.0,0.0,0.0,0.0,0.0
16,6827312,+,16,6863405,-,MESO,3148,TCGA-MQ-A6BL-01A,TCGA-MQ-A6BL-01A,1.0,0.0,0.0,0.0,0.0
16,29818131,+,16,29819245,-,MESO,3149,TCGA-MQ-A6BL-01A,TCGA-MQ-A6BL-01A,1.0,0.0,0.0,0.0,0.0
16,65592580,+,16,65608946,-,MESO,3150,TCGA-MQ-A6BL-01A,TCGA-MQ-A6BL-01A,1.0,0.0,0.0,0.0,0.0
17,45436410,+,17,45440225,-,MESO,3151,TCGA-MQ-A6BL-01A,TCGA-MQ-A6BL-01A,1.0,0.0,0.0,0.0,0.0
17,79197626,+,17,79201866,-,MESO,3152,TCGA-MQ-A6BL-01A,TCGA-MQ-A6BL-01A,1.0,0.0,0.0,0.0,0.0
19,49672228,+,19,52652319,-,MESO,3153,TCGA-MQ-A6BL-01A,TCGA-MQ-A6BL-01A,1.0,0.0,0.0,0.0,0.0
19,49672259,-,19,52647202,+,MESO,3154,TCGA-MQ-A6BL-01A,TCGA-MQ-A6BL-01A,1.0,0.0,0.0,0.0,0.0
2,15285890,+,2,34196039,-,MESO,3155,TCGA-MQ-A6BL-01A,TCGA-MQ-A6BL-01A,1.0,0.0,0.0,0.0,0.0
2,26099874,+,2,70552824,-,MESO,3156,TCGA-MQ-A6BL-01A,TCGA-MQ-A6BL-01A,1.0,0.0,0.0,0.0,0.0
2,26100118,-,2,70557213,-,MESO,3157,TCGA-MQ-A6BL-01A,TCGA-MQ-A6BL-01A,1.0,0.0,0.0,0.0,0.0
2,26100447,+,2,26140625,-,MESO,3158,TCGA-MQ-A6BL-01A,TCGA-MQ-A6BL-01A,1.0,0.0,0.0,0.0,0.0
2,67891695,+,2,67902364,-,MESO,3159,TCGA-MQ-A6BL-01A,TCGA-MQ-A6BL-01A,1.0,0.0,0.0,0.0,0.0
2,70551781,+,2,70555876,+,MESO,3160,TCGA-MQ-A6BL-01A,TCGA-MQ-A6BL-01A,1.0,0.0,0.0,0.0,0.0
2,166214001,+,2,166261752,-,MESO,3161,TCGA-MQ-A6BL-01A,TCGA-MQ-A6BL-01A,1.0,0.0,0.0,0.0,0.0
2,178601046,+,2,178613059,-,MESO,3162,TCGA-MQ-A6BL-01A,TCGA-MQ-A6BL-01A,1.0,0.0,0.0,0.0,0.0
2,194053864,-,2,194054553,-,MESO,3163,TCGA-MQ-A6BL-01A,TCGA-MQ-A6BL-01A,1.0,0.0,0.0,0.0,0.0
2,194079452,+,2,194461155,-,MESO,3164,TCGA-MQ-A6BL-01A,TCGA-MQ-A6BL-01A,1.0,0.0,0.0,0.0,0.0
2,194112751,+,2,194445773,-,MESO,3165,TCGA-MQ-A6BL-01A,TCGA-MQ-A6BL-01A,1.0,0.0,0.0,0.0,0.0
2,194112790,-,2,195134926,+,MESO,3166,TCGA-MQ-A6BL-01A,TCGA-MQ-A6BL-01A,1.0,0.0,0.0,0.0,0.0
2,199546908,+,2,199589935,-,MESO,3167,TCGA-MQ-A6BL-01A,TCGA-MQ-A6BL-01A,1.0,0.0,0.0,0.0,0.0
2,199546908,+,2,199594438,-,MESO,3168,TCGA-MQ-A6BL-01A,TCGA-MQ-A6BL-01A,1.0,0.0,0.0,0.0,0.0
2,199590114,+,2,199594437,-,MESO,3169,TCGA-MQ-A6BL-01A,TCGA-MQ-A6BL-01A,1.0,0.0,0.0,0.0,0.0
20,26481942,+,20,26570696,-,MESO,3170,TCGA-MQ-A6BL-01A,TCGA-MQ-A6BL-01A,1.0,0.0,0.0,0.0,0.0
20,29290733,-,24,10206436,-,MESO,3171,TCGA-MQ-A6BL-01A,TCGA-MQ-A6BL-01A,1.0,0.0,0.0,0.0,0.0
20,29859443,+,22,11373248,-,MESO,3172,TCGA-MQ-A6BL-01A,TCGA-MQ-A6BL-01A,1.0,0.0,0.0,0.0,0.0
22,29660875,+,22,29663138,-,MESO,3173,TCGA-MQ-A6BL-01A,TCGA-MQ-A6BL-01A,1.0,0.0,0.0,0.0,0.0
22,45961713,+,22,46051686,-,MESO,3174,TCGA-MQ-A6BL-01A,TCGA-MQ-A6BL-01A,1.0,0.0,0.0,0.0,0.0
3,37318281,+,3,79250212,-,MESO,3175,TCGA-MQ-A6BL-01A,TCGA-MQ-A6BL-01A,1.0,0.0,0.0,0.0,0.0
3,81855699,+,3,81867195,-,MESO,3176,TCGA-MQ-A6BL-01A,TCGA-MQ-A6BL-01A,1.0,0.0,0.0,0.0,0.0
3,162433879,+,3,162488006,-,MESO,3177,TCGA-MQ-A6BL-01A,TCGA-MQ-A6BL-01A,1.0,0.0,0.0,0.0,0.0
4,27334640,+,4,35954076,+,MESO,3178,TCGA-MQ-A6BL-01A,TCGA-MQ-A6BL-01A,1.0,0.0,0.0,0.0,0.0
4,35730114,-,4,36151704,-,MESO,3179,TCGA-MQ-A6BL-01A,TCGA-MQ-A6BL-01A,1.0,0.0,0.0,0.0,0.0
4,39859559,+,4,39873443,-,MESO,3180,TCGA-MQ-A6BL-01A,TCGA-MQ-A6BL-01A,1.0,0.0,0.0,0.0,0.0
4,53210554,+,4,53544055,+,MESO,3181,TCGA-MQ-A6BL-01A,TCGA-MQ-A6BL-01A,1.0,0.0,0.0,0.0,0.0
4,57865491,+,4,57870903,-,MESO,3182,TCGA-MQ-A6BL-01A,TCGA-MQ-A6BL-01A,1.0,0.0,0.0,0.0,0.0
4,152329733,+,4,152516270,-,MESO,3183,TCGA-MQ-A6BL-01A,TCGA-MQ-A6BL-01A,1.0,0.0,0.0,0.0,0.0
4,165899564,+,4,167626501,+,MESO,3184,TCGA-MQ-A6BL-01A,TCGA-MQ-A6BL-01A,1.0,0.0,0.0,0.0,0.0
4,165949227,-,4,167044023,-,MESO,3185,TCGA-MQ-A6BL-01A,TCGA-MQ-A6BL-01A,1.0,0.0,0.0,0.0,0.0
4,167002386,+,4,167642732,-,MESO,3186,TCGA-MQ-A6BL-01A,TCGA-MQ-A6BL-01A,1.0,0.0,0.0,0.0,0.0
5,31730841,+,5,31731880,-,MESO,3187,TCGA-MQ-A6BL-01A,TCGA-MQ-A6BL-01A,1.0,0.0,0.0,0.0,0.0
5,49678967,+,5,49699009,-,MESO,3188,TCGA-MQ-A6BL-01A,TCGA-MQ-A6BL-01A,1.0,0.0,0.0,0.0,0.0
5,49831811,+,5,49983922,-,MESO,3189,TCGA-MQ-A6BL-01A,TCGA-MQ-A6BL-01A,1.0,0.0,0.0,0.0,0.0
5,49834764,+,5,49905206,-,MESO,3190,TCGA-MQ-A6BL-01A,TCGA-MQ-A6BL-01A,1.0,0.0,0.0,0.0,0.0
5,58095508,+,5,153556745,+,MESO,3191,TCGA-MQ-A6BL-01A,TCGA-MQ-A6BL-01A,1.0,0.0,0.0,0.0,0.0
5,58095526,-,5,153535645,+,MESO,3192,TCGA-MQ-A6BL-01A,TCGA-MQ-A6BL-01A,1.0,0.0,0.0,0.0,0.0
5,58114554,+,13,71513813,+,MESO,3193,TCGA-MQ-A6BL-01A,TCGA-MQ-A6BL-01A,1.0,0.0,0.0,0.0,0.0
5,58114576,-,13,71513825,-,MESO,3194,TCGA-MQ-A6BL-01A,TCGA-MQ-A6BL-01A,1.0,0.0,0.0,0.0,0.0
5,58127913,+,5,152031908,+,MESO,3195,TCGA-MQ-A6BL-01A,TCGA-MQ-A6BL-01A,1.0,0.0,0.0,0.0,0.0
5,58127930,-,5,152598368,+,MESO,3196,TCGA-MQ-A6BL-01A,TCGA-MQ-A6BL-01A,1.0,0.0,0.0,0.0,0.0
5,58322701,+,13,112352238,+,MESO,3197,TCGA-MQ-A6BL-01A,TCGA-MQ-A6BL-01A,1.0,0.0,0.0,0.0,0.0
5,58383744,-,5,153556764,-,MESO,3198,TCGA-MQ-A6BL-01A,TCGA-MQ-A6BL-01A,1.0,0.0,0.0,0.0,0.0
5,58404899,+,13,112144355,+,MESO,3199,TCGA-MQ-A6BL-01A,TCGA-MQ-A6BL-01A,1.0,0.0,0.0,0.0,0.0
5,58404919,-,5,153572210,+,MESO,3200,TCGA-MQ-A6BL-01A,TCGA-MQ-A6BL-01A,1.0,0.0,0.0,0.0,0.0
5,65544522,+,5,65552556,-,MESO,3201,TCGA-MQ-A6BL-01A,TCGA-MQ-A6BL-01A,1.0,0.0,0.0,0.0,0.0
5,79576218,+,5,79591939,-,MESO,3202,TCGA-MQ-A6BL-01A,TCGA-MQ-A6BL-01A,1.0,0.0,0.0,0.0,0.0
5,116140640,+,5,116285490,-,MESO,3203,TCGA-MQ-A6BL-01A,TCGA-MQ-A6BL-01A,1.0,0.0,0.0,0.0,0.0
5,116168743,-,5,116310976,+,MESO,3204,TCGA-MQ-A6BL-01A,TCGA-MQ-A6BL-01A,1.0,0.0,0.0,0.0,0.0
5,116183438,+,13,96727090,+,MESO,3205,TCGA-MQ-A6BL-01A,TCGA-MQ-A6BL-01A,1.0,0.0,0.0,0.0,0.0
5,116183493,-,13,96632049,-,MESO,3206,TCGA-MQ-A6BL-01A,TCGA-MQ-A6BL-01A,1.0,0.0,0.0,0.0,0.0
5,116227511,+,13,78757017,-,MESO,3207,TCGA-MQ-A6BL-01A,TCGA-MQ-A6BL-01A,1.0,0.0,0.0,0.0,0.0
5,116292391,+,5,116299973,+,MESO,3208,TCGA-MQ-A6BL-01A,TCGA-MQ-A6BL-01A,1.0,0.0,0.0,0.0,0.0
5,116292414,-,13,78821216,-,MESO,3209,TCGA-MQ-A6BL-01A,TCGA-MQ-A6BL-01A,1.0,0.0,0.0,0.0,0.0
5,116300009,-,13,96750297,-,MESO,3210,TCGA-MQ-A6BL-01A,TCGA-MQ-A6BL-01A,1.0,0.0,0.0,0.0,0.0
5,116311025,-,13,96611290,-,MESO,3211,TCGA-MQ-A6BL-01A,TCGA-MQ-A6BL-01A,1.0,0.0,0.0,0.0,0.0
5,131658493,+,5,131839606,-,MESO,3212,TCGA-MQ-A6BL-01A,TCGA-MQ-A6BL-01A,1.0,0.0,0.0,0.0,0.0
5,131840577,+,5,132023627,-,MESO,3213,TCGA-MQ-A6BL-01A,TCGA-MQ-A6BL-01A,1.0,0.0,0.0,0.0,0.0
5,141207561,+,5,141209209,-,MESO,3214,TCGA-MQ-A6BL-01A,TCGA-MQ-A6BL-01A,1.0,0.0,0.0,0.0,0.0
5,152149739,-,5,157229313,+,MESO,3215,TCGA-MQ-A6BL-01A,TCGA-MQ-A6BL-01A,1.0,0.0,0.0,0.0,0.0
5,152290212,+,5,152592826,-,MESO,3216,TCGA-MQ-A6BL-01A,TCGA-MQ-A6BL-01A,1.0,0.0,0.0,0.0,0.0
5,152330170,-,13,111581362,+,MESO,3217,TCGA-MQ-A6BL-01A,TCGA-MQ-A6BL-01A,1.0,0.0,0.0,0.0,0.0
5,152496928,+,13,111614112,-,MESO,3218,TCGA-MQ-A6BL-01A,TCGA-MQ-A6BL-01A,1.0,0.0,0.0,0.0,0.0
5,152496930,-,5,155160851,-,MESO,3219,TCGA-MQ-A6BL-01A,TCGA-MQ-A6BL-01A,1.0,0.0,0.0,0.0,0.0
5,152592796,+,5,153535651,-,MESO,3220,TCGA-MQ-A6BL-01A,TCGA-MQ-A6BL-01A,1.0,0.0,0.0,0.0,0.0
5,152598390,-,13,111967462,-,MESO,3221,TCGA-MQ-A6BL-01A,TCGA-MQ-A6BL-01A,1.0,0.0,0.0,0.0,0.0
5,152602631,+,5,153677655,+,MESO,3222,TCGA-MQ-A6BL-01A,TCGA-MQ-A6BL-01A,1.0,0.0,0.0,0.0,0.0
5,152602649,-,5,153280678,-,MESO,3223,TCGA-MQ-A6BL-01A,TCGA-MQ-A6BL-01A,1.0,0.0,0.0,0.0,0.0
5,152789371,+,13,111519616,+,MESO,3224,TCGA-MQ-A6BL-01A,TCGA-MQ-A6BL-01A,1.0,0.0,0.0,0.0,0.0
5,152815249,-,5,157083395,-,MESO,3225,TCGA-MQ-A6BL-01A,TCGA-MQ-A6BL-01A,1.0,0.0,0.0,0.0,0.0
5,153108316,+,5,153120705,-,MESO,3226,TCGA-MQ-A6BL-01A,TCGA-MQ-A6BL-01A,1.0,0.0,0.0,0.0,0.0
5,153200480,+,5,153224182,-,MESO,3227,TCGA-MQ-A6BL-01A,TCGA-MQ-A6BL-01A,1.0,0.0,0.0,0.0,0.0
5,153207361,-,5,155127348,+,MESO,3228,TCGA-MQ-A6BL-01A,TCGA-MQ-A6BL-01A,1.0,0.0,0.0,0.0,0.0
5,153224165,+,13,112452532,-,MESO,3229,TCGA-MQ-A6BL-01A,TCGA-MQ-A6BL-01A,1.0,0.0,0.0,0.0,0.0
5,153633248,-,13,112457851,-,MESO,3230,TCGA-MQ-A6BL-01A,TCGA-MQ-A6BL-01A,1.0,0.0,0.0,0.0,0.0
5,155106472,-,13,111778563,+,MESO,3231,TCGA-MQ-A6BL-01A,TCGA-MQ-A6BL-01A,1.0,0.0,0.0,0.0,0.0
5,155180846,+,5,157229333,-,MESO,3232,TCGA-MQ-A6BL-01A,TCGA-MQ-A6BL-01A,1.0,0.0,0.0,0.0,0.0
5,157106018,+,13,112469952,+,MESO,3233,TCGA-MQ-A6BL-01A,TCGA-MQ-A6BL-01A,1.0,0.0,0.0,0.0,0.0
5,157132106,-,13,111967463,+,MESO,3234,TCGA-MQ-A6BL-01A,TCGA-MQ-A6BL-01A,1.0,0.0,0.0,0.0,0.0
6,27470216,+,6,27476255,+,MESO,3235,TCGA-MQ-A6BL-01A,TCGA-MQ-A6BL-01A,1.0,0.0,0.0,0.0,0.0
6,27470220,-,6,27583048,-,MESO,3236,TCGA-MQ-A6BL-01A,TCGA-MQ-A6BL-01A,1.0,0.0,0.0,0.0,0.0
6,48089457,+,6,52166449,+,MESO,3237,TCGA-MQ-A6BL-01A,TCGA-MQ-A6BL-01A,1.0,0.0,0.0,0.0,0.0
6,48097403,-,6,52200857,-,MESO,3238,TCGA-MQ-A6BL-01A,TCGA-MQ-A6BL-01A,1.0,0.0,0.0,0.0,0.0
6,50088924,+,6,54687285,-,MESO,3239,TCGA-MQ-A6BL-01A,TCGA-MQ-A6BL-01A,1.0,0.0,0.0,0.0,0.0
6,52831185,-,6,52896203,+,MESO,3240,TCGA-MQ-A6BL-01A,TCGA-MQ-A6BL-01A,1.0,0.0,0.0,0.0,0.0
6,60505412,-,6,61228375,+,MESO,3241,TCGA-MQ-A6BL-01A,TCGA-MQ-A6BL-01A,1.0,0.0,0.0,0.0,0.0
6,60739737,+,6,61818626,+,MESO,3242,TCGA-MQ-A6BL-01A,TCGA-MQ-A6BL-01A,1.0,0.0,0.0,0.0,0.0
6,60739752,-,6,60921960,+,MESO,3243,TCGA-MQ-A6BL-01A,TCGA-MQ-A6BL-01A,1.0,0.0,0.0,0.0,0.0
6,60844449,+,6,61228443,-,MESO,3244,TCGA-MQ-A6BL-01A,TCGA-MQ-A6BL-01A,1.0,0.0,0.0,0.0,0.0
6,60844494,-,6,62147827,+,MESO,3245,TCGA-MQ-A6BL-01A,TCGA-MQ-A6BL-01A,1.0,0.0,0.0,0.0,0.0
6,61158693,+,6,61162487,-,MESO,3246,TCGA-MQ-A6BL-01A,TCGA-MQ-A6BL-01A,1.0,0.0,0.0,0.0,0.0
6,61818681,-,6,67644079,+,MESO,3247,TCGA-MQ-A6BL-01A,TCGA-MQ-A6BL-01A,1.0,0.0,0.0,0.0,0.0
6,62147916,-,8,65730050,+,MESO,3248,TCGA-MQ-A6BL-01A,TCGA-MQ-A6BL-01A,1.0,0.0,0.0,0.0,0.0
6,67934642,-,8,65729748,-,MESO,3249,TCGA-MQ-A6BL-01A,TCGA-MQ-A6BL-01A,1.0,0.0,0.0,0.0,0.0
6,67934757,-,9,72785748,+,MESO,3250,TCGA-MQ-A6BL-01A,TCGA-MQ-A6BL-01A,1.0,0.0,0.0,0.0,0.0
6,72440951,+,6,72441732,-,MESO,3251,TCGA-MQ-A6BL-01A,TCGA-MQ-A6BL-01A,1.0,0.0,0.0,0.0,0.0
6,166389022,+,6,166397110,-,MESO,3252,TCGA-MQ-A6BL-01A,TCGA-MQ-A6BL-01A,1.0,0.0,0.0,0.0,0.0
7,58822238,-,7,60163924,+,MESO,3253,TCGA-MQ-A6BL-01A,TCGA-MQ-A6BL-01A,1.0,0.0,0.0,0.0,0.0
7,58923351,+,7,60573413,-,MESO,3254,TCGA-MQ-A6BL-01A,TCGA-MQ-A6BL-01A,1.0,0.0,0.0,0.0,0.0
7,64350659,-,7,64355463,+,MESO,3255,TCGA-MQ-A6BL-01A,TCGA-MQ-A6BL-01A,1.0,0.0,0.0,0.0,0.0
7,67466340,+,7,72419646,-,MESO,3256,TCGA-MQ-A6BL-01A,TCGA-MQ-A6BL-01A,1.0,0.0,0.0,0.0,0.0
7,95115539,+,7,95116201,-,MESO,3257,TCGA-MQ-A6BL-01A,TCGA-MQ-A6BL-01A,1.0,0.0,0.0,0.0,0.0
7,134686112,-,7,134783244,+,MESO,3258,TCGA-MQ-A6BL-01A,TCGA-MQ-A6BL-01A,1.0,0.0,0.0,0.0,0.0
8,65729868,-,9,72785576,-,MESO,3259,TCGA-MQ-A6BL-01A,TCGA-MQ-A6BL-01A,1.0,0.0,0.0,0.0,0.0
8,97835193,-,8,98163016,+,MESO,3260,TCGA-MQ-A6BL-01A,TCGA-MQ-A6BL-01A,1.0,0.0,0.0,0.0,0.0
9,9546215,+,9,9599133,-,MESO,3261,TCGA-MQ-A6BL-01A,TCGA-MQ-A6BL-01A,1.0,0.0,0.0,0.0,0.0
9,21552356,+,9,23044949,-,MESO,3262,TCGA-MQ-A6BL-01A,TCGA-MQ-A6BL-01A,1.0,0.0,0.0,0.0,0.0
9,23050370,+,9,23091066,-,MESO,3263,TCGA-MQ-A6BL-01A,TCGA-MQ-A6BL-01A,1.0,0.0,0.0,0.0,0.0
9,23090494,-,9,23116195,-,MESO,3264,TCGA-MQ-A6BL-01A,TCGA-MQ-A6BL-01A,1.0,0.0,0.0,0.0,0.0
9,23091031,+,9,23293964,-,MESO,3265,TCGA-MQ-A6BL-01A,TCGA-MQ-A6BL-01A,1.0,0.0,0.0,0.0,0.0
9,23116144,+,9,24834523,+,MESO,3266,TCGA-MQ-A6BL-01A,TCGA-MQ-A6BL-01A,1.0,0.0,0.0,0.0,0.0
9,23116716,+,9,24834552,-,MESO,3267,TCGA-MQ-A6BL-01A,TCGA-MQ-A6BL-01A,1.0,0.0,0.0,0.0,0.0
9,74890947,-,9,74894768,+,MESO,3268,TCGA-MQ-A6BL-01A,TCGA-MQ-A6BL-01A,1.0,0.0,0.0,0.0,0.0
9,112907814,+,9,112921939,-,MESO,3269,TCGA-MQ-A6BL-01A,TCGA-MQ-A6BL-01A,1.0,0.0,0.0,0.0,0.0
23,32452979,+,23,34425999,-,MESO,3270,TCGA-MQ-A6BL-01A,TCGA-MQ-A6BL-01A,1.0,0.0,0.0,0.0,0.0
23,34430407,+,23,34513023,-,MESO,3271,TCGA-MQ-A6BL-01A,TCGA-MQ-A6BL-01A,1.0,0.0,0.0,0.0,0.0
23,34518172,+,23,51602014,-,MESO,3272,TCGA-MQ-A6BL-01A,TCGA-MQ-A6BL-01A,1.0,0.0,0.0,0.0,0.0
23,34519884,-,23,51802574,+,MESO,3273,TCGA-MQ-A6BL-01A,TCGA-MQ-A6BL-01A,1.0,0.0,0.0,0.0,0.0
23,51565031,+,23,52301271,-,MESO,3274,TCGA-MQ-A6BL-01A,TCGA-MQ-A6BL-01A,1.0,0.0,0.0,0.0,0.0
23,89839310,-,23,89851049,+,MESO,3275,TCGA-MQ-A6BL-01A,TCGA-MQ-A6BL-01A,1.0,0.0,0.0,0.0,0.0
1,33441647,+,1,33444825,-,MESO,3276,TCGA-MQ-A6BN-01A,TCGA-MQ-A6BN-01A,1.0,0.0,0.0,0.0,0.0
1,101497059,-,8,133313080,+,MESO,3277,TCGA-MQ-A6BN-01A,TCGA-MQ-A6BN-01A,1.0,0.0,0.0,0.0,0.0
1,201013095,+,4,45781360,+,MESO,3278,TCGA-MQ-A6BN-01A,TCGA-MQ-A6BN-01A,1.0,0.0,0.0,0.0,0.0
1,201013175,-,1,213122873,-,MESO,3279,TCGA-MQ-A6BN-01A,TCGA-MQ-A6BN-01A,1.0,0.0,0.0,0.0,0.0
1,213122600,+,4,45785800,-,MESO,3280,TCGA-MQ-A6BN-01A,TCGA-MQ-A6BN-01A,1.0,0.0,0.0,0.0,0.0
1,243374714,+,1,243817571,+,MESO,3281,TCGA-MQ-A6BN-01A,TCGA-MQ-A6BN-01A,1.0,0.0,0.0,0.0,0.0
1,243798117,-,1,243823361,-,MESO,3282,TCGA-MQ-A6BN-01A,TCGA-MQ-A6BN-01A,1.0,0.0,0.0,0.0,0.0
10,8839378,-,10,17891679,-,MESO,3283,TCGA-MQ-A6BN-01A,TCGA-MQ-A6BN-01A,1.0,0.0,0.0,0.0,0.0
10,8839379,-,10,33113897,+,MESO,3284,TCGA-MQ-A6BN-01A,TCGA-MQ-A6BN-01A,1.0,0.0,0.0,0.0,0.0
10,8840189,+,10,28388953,+,MESO,3285,TCGA-MQ-A6BN-01A,TCGA-MQ-A6BN-01A,1.0,0.0,0.0,0.0,0.0
10,8840358,-,10,8841502,+,MESO,3286,TCGA-MQ-A6BN-01A,TCGA-MQ-A6BN-01A,1.0,0.0,0.0,0.0,0.0
10,8840501,+,10,33116454,-,MESO,3287,TCGA-MQ-A6BN-01A,TCGA-MQ-A6BN-01A,1.0,0.0,0.0,0.0,0.0
10,8840510,-,10,33114312,-,MESO,3288,TCGA-MQ-A6BN-01A,TCGA-MQ-A6BN-01A,1.0,0.0,0.0,0.0,0.0
10,8840675,+,10,8842588,+,MESO,3289,TCGA-MQ-A6BN-01A,TCGA-MQ-A6BN-01A,1.0,0.0,0.0,0.0,0.0
10,8840675,+,10,28389687,+,MESO,3290,TCGA-MQ-A6BN-01A,TCGA-MQ-A6BN-01A,1.0,0.0,0.0,0.0,0.0
10,8841033,-,10,17892317,+,MESO,3291,TCGA-MQ-A6BN-01A,TCGA-MQ-A6BN-01A,1.0,0.0,0.0,0.0,0.0
10,8841554,-,10,15017642,-,MESO,3292,TCGA-MQ-A6BN-01A,TCGA-MQ-A6BN-01A,1.0,0.0,0.0,0.0,0.0
10,8841745,+,10,14218637,-,MESO,3293,TCGA-MQ-A6BN-01A,TCGA-MQ-A6BN-01A,1.0,0.0,0.0,0.0,0.0
10,8842422,-,10,28389715,+,MESO,3294,TCGA-MQ-A6BN-01A,TCGA-MQ-A6BN-01A,1.0,0.0,0.0,0.0,0.0
10,8842588,+,10,33114313,-,MESO,3295,TCGA-MQ-A6BN-01A,TCGA-MQ-A6BN-01A,1.0,0.0,0.0,0.0,0.0
10,14100406,-,10,15017585,+,MESO,3296,TCGA-MQ-A6BN-01A,TCGA-MQ-A6BN-01A,1.0,0.0,0.0,0.0,0.0
10,14100760,+,10,27097453,+,MESO,3297,TCGA-MQ-A6BN-01A,TCGA-MQ-A6BN-01A,1.0,0.0,0.0,0.0,0.0
10,14217451,-,10,37007280,-,MESO,3298,TCGA-MQ-A6BN-01A,TCGA-MQ-A6BN-01A,1.0,0.0,0.0,0.0,0.0
10,14217788,+,10,15017312,-,MESO,3299,TCGA-MQ-A6BN-01A,TCGA-MQ-A6BN-01A,1.0,0.0,0.0,0.0,0.0
10,14218346,-,10,33114649,+,MESO,3300,TCGA-MQ-A6BN-01A,TCGA-MQ-A6BN-01A,1.0,0.0,0.0,0.0,0.0
10,14218701,+,10,20446599,-,MESO,3301,TCGA-MQ-A6BN-01A,TCGA-MQ-A6BN-01A,1.0,0.0,0.0,0.0,0.0
10,14218782,+,10,28387509,-,MESO,3302,TCGA-MQ-A6BN-01A,TCGA-MQ-A6BN-01A,1.0,0.0,0.0,0.0,0.0
10,14218787,+,10,15018190,+,MESO,3303,TCGA-MQ-A6BN-01A,TCGA-MQ-A6BN-01A,1.0,0.0,0.0,0.0,0.0
10,14516149,-,10,28388780,-,MESO,3304,TCGA-MQ-A6BN-01A,TCGA-MQ-A6BN-01A,1.0,0.0,0.0,0.0,0.0
10,14516150,-,10,27952301,-,MESO,3305,TCGA-MQ-A6BN-01A,TCGA-MQ-A6BN-01A,1.0,0.0,0.0,0.0,0.0
10,14516435,+,10,28944916,-,MESO,3306,TCGA-MQ-A6BN-01A,TCGA-MQ-A6BN-01A,1.0,0.0,0.0,0.0,0.0
10,14516471,+,10,39062161,+,MESO,3307,TCGA-MQ-A6BN-01A,TCGA-MQ-A6BN-01A,1.0,0.0,0.0,0.0,0.0
10,15016108,-,10,28387677,+,MESO,3308,TCGA-MQ-A6BN-01A,TCGA-MQ-A6BN-01A,1.0,0.0,0.0,0.0,0.0
10,15016187,+,10,17893128,-,MESO,3309,TCGA-MQ-A6BN-01A,TCGA-MQ-A6BN-01A,1.0,0.0,0.0,0.0,0.0
10,15018145,+,10,20446683,+,MESO,3310,TCGA-MQ-A6BN-01A,TCGA-MQ-A6BN-01A,1.0,0.0,0.0,0.0,0.0
10,15018606,+,10,22329729,+,MESO,3311,TCGA-MQ-A6BN-01A,TCGA-MQ-A6BN-01A,1.0,0.0,0.0,0.0,0.0
10,15018610,+,10,32696535,+,MESO,3312,TCGA-MQ-A6BN-01A,TCGA-MQ-A6BN-01A,1.0,0.0,0.0,0.0,0.0
10,15018626,-,10,17892918,-,MESO,3313,TCGA-MQ-A6BN-01A,TCGA-MQ-A6BN-01A,1.0,0.0,0.0,0.0,0.0
10,17601502,+,10,39066207,+,MESO,3314,TCGA-MQ-A6BN-01A,TCGA-MQ-A6BN-01A,1.0,0.0,0.0,0.0,0.0
10,17602630,-,10,17890874,-,MESO,3315,TCGA-MQ-A6BN-01A,TCGA-MQ-A6BN-01A,1.0,0.0,0.0,0.0,0.0
10,17602962,+,10,32692753,-,MESO,3316,TCGA-MQ-A6BN-01A,TCGA-MQ-A6BN-01A,1.0,0.0,0.0,0.0,0.0
10,17603409,-,10,39065877,-,MESO,3317,TCGA-MQ-A6BN-01A,TCGA-MQ-A6BN-01A,1.0,0.0,0.0,0.0,0.0
10,17603757,+,10,32692986,+,MESO,3318,TCGA-MQ-A6BN-01A,TCGA-MQ-A6BN-01A,1.0,0.0,0.0,0.0,0.0
10,17892076,+,10,32693324,+,MESO,3319,TCGA-MQ-A6BN-01A,TCGA-MQ-A6BN-01A,1.0,0.0,0.0,0.0,0.0
10,17893330,+,10,22329538,-,MESO,3320,TCGA-MQ-A6BN-01A,TCGA-MQ-A6BN-01A,1.0,0.0,0.0,0.0,0.0
10,17904233,-,10,23134993,-,MESO,3321,TCGA-MQ-A6BN-01A,TCGA-MQ-A6BN-01A,1.0,0.0,0.0,0.0,0.0
10,17904364,+,10,37572787,-,MESO,3322,TCGA-MQ-A6BN-01A,TCGA-MQ-A6BN-01A,1.0,0.0,0.0,0.0,0.0
10,20007606,+,10,28389138,-,MESO,3323,TCGA-MQ-A6BN-01A,TCGA-MQ-A6BN-01A,1.0,0.0,0.0,0.0,0.0
10,20007606,+,10,32694998,-,MESO,3324,TCGA-MQ-A6BN-01A,TCGA-MQ-A6BN-01A,1.0,0.0,0.0,0.0,0.0
10,20447874,-,10,22333114,-,MESO,3325,TCGA-MQ-A6BN-01A,TCGA-MQ-A6BN-01A,1.0,0.0,0.0,0.0,0.0
10,20447875,-,10,37008000,+,MESO,3326,TCGA-MQ-A6BN-01A,TCGA-MQ-A6BN-01A,1.0,0.0,0.0,0.0,0.0
10,20448177,+,10,33114635,+,MESO,3327,TCGA-MQ-A6BN-01A,TCGA-MQ-A6BN-01A,1.0,0.0,0.0,0.0,0.0
10,20450257,-,10,27952741,+,MESO,3328,TCGA-MQ-A6BN-01A,TCGA-MQ-A6BN-01A,1.0,0.0,0.0,0.0,0.0
10,22329779,+,10,37007737,-,MESO,3329,TCGA-MQ-A6BN-01A,TCGA-MQ-A6BN-01A,1.0,0.0,0.0,0.0,0.0
10,22333202,+,10,37008000,+,MESO,3330,TCGA-MQ-A6BN-01A,TCGA-MQ-A6BN-01A,1.0,0.0,0.0,0.0,0.0
10,27095969,+,10,33116213,+,MESO,3331,TCGA-MQ-A6BN-01A,TCGA-MQ-A6BN-01A,1.0,0.0,0.0,0.0,0.0
10,27097183,-,10,28388788,-,MESO,3332,TCGA-MQ-A6BN-01A,TCGA-MQ-A6BN-01A,1.0,0.0,0.0,0.0,0.0
10,28387513,-,10,33113523,-,MESO,3333,TCGA-MQ-A6BN-01A,TCGA-MQ-A6BN-01A,1.0,0.0,0.0,0.0,0.0
10,28389137,-,10,32695147,+,MESO,3334,TCGA-MQ-A6BN-01A,TCGA-MQ-A6BN-01A,1.0,0.0,0.0,0.0,0.0
10,32691126,+,10,37007682,+,MESO,3335,TCGA-MQ-A6BN-01A,TCGA-MQ-A6BN-01A,1.0,0.0,0.0,0.0,0.0
10,32693066,-,10,37571361,-,MESO,3336,TCGA-MQ-A6BN-01A,TCGA-MQ-A6BN-01A,1.0,0.0,0.0,0.0,0.0
10,32693327,-,10,33113892,+,MESO,3337,TCGA-MQ-A6BN-01A,TCGA-MQ-A6BN-01A,1.0,0.0,0.0,0.0,0.0
10,32693573,+,10,33114429,-,MESO,3338,TCGA-MQ-A6BN-01A,TCGA-MQ-A6BN-01A,1.0,0.0,0.0,0.0,0.0
10,32696359,-,10,37572142,+,MESO,3339,TCGA-MQ-A6BN-01A,TCGA-MQ-A6BN-01A,1.0,0.0,0.0,0.0,0.0
10,54975171,-,10,67173667,+,MESO,3340,TCGA-MQ-A6BN-01A,TCGA-MQ-A6BN-01A,1.0,0.0,0.0,0.0,0.0
10,54980614,+,10,61984529,+,MESO,3341,TCGA-MQ-A6BN-01A,TCGA-MQ-A6BN-01A,1.0,0.0,0.0,0.0,0.0
10,55928195,+,10,59349295,-,MESO,3342,TCGA-MQ-A6BN-01A,TCGA-MQ-A6BN-01A,1.0,0.0,0.0,0.0,0.0
10,55976999,-,10,83830570,-,MESO,3343,TCGA-MQ-A6BN-01A,TCGA-MQ-A6BN-01A,1.0,0.0,0.0,0.0,0.0
10,55977000,-,10,56152271,-,MESO,3344,TCGA-MQ-A6BN-01A,TCGA-MQ-A6BN-01A,1.0,0.0,0.0,0.0,0.0
10,55985782,+,10,59440226,+,MESO,3345,TCGA-MQ-A6BN-01A,TCGA-MQ-A6BN-01A,1.0,0.0,0.0,0.0,0.0
10,56152270,-,10,83830691,+,MESO,3346,TCGA-MQ-A6BN-01A,TCGA-MQ-A6BN-01A,1.0,0.0,0.0,0.0,0.0
10,56154395,+,10,61982074,-,MESO,3347,TCGA-MQ-A6BN-01A,TCGA-MQ-A6BN-01A,1.0,0.0,0.0,0.0,0.0
10,57405535,-,10,63160907,-,MESO,3348,TCGA-MQ-A6BN-01A,TCGA-MQ-A6BN-01A,1.0,0.0,0.0,0.0,0.0
10,57405905,+,10,62835293,-,MESO,3349,TCGA-MQ-A6BN-01A,TCGA-MQ-A6BN-01A,1.0,0.0,0.0,0.0,0.0
10,59439970,-,10,83832939,-,MESO,3350,TCGA-MQ-A6BN-01A,TCGA-MQ-A6BN-01A,1.0,0.0,0.0,0.0,0.0
10,61981708,+,10,83833217,+,MESO,3351,TCGA-MQ-A6BN-01A,TCGA-MQ-A6BN-01A,1.0,0.0,0.0,0.0,0.0
11,51124850,-,11,51142857,+,MESO,3352,TCGA-MQ-A6BN-01A,TCGA-MQ-A6BN-01A,1.0,0.0,0.0,0.0,0.0
11,53559161,-,11,53661645,+,MESO,3353,TCGA-MQ-A6BN-01A,TCGA-MQ-A6BN-01A,1.0,0.0,0.0,0.0,0.0
13,16443547,-,13,17189011,+,MESO,3354,TCGA-MQ-A6BN-01A,TCGA-MQ-A6BN-01A,1.0,0.0,0.0,0.0,0.0
15,24991283,+,15,54890854,-,MESO,3355,TCGA-MQ-A6BN-01A,TCGA-MQ-A6BN-01A,1.0,0.0,0.0,0.0,0.0
16,6562423,+,16,6564647,-,MESO,3356,TCGA-MQ-A6BN-01A,TCGA-MQ-A6BN-01A,1.0,0.0,0.0,0.0,0.0
16,6761525,+,16,6828076,-,MESO,3357,TCGA-MQ-A6BN-01A,TCGA-MQ-A6BN-01A,1.0,0.0,0.0,0.0,0.0
16,19184198,+,16,19184581,-,MESO,3358,TCGA-MQ-A6BN-01A,TCGA-MQ-A6BN-01A,1.0,0.0,0.0,0.0,0.0
16,23157152,-,16,23175509,+,MESO,3359,TCGA-MQ-A6BN-01A,TCGA-MQ-A6BN-01A,1.0,0.0,0.0,0.0,0.0
17,22830778,-,17,23123421,+,MESO,3360,TCGA-MQ-A6BN-01A,TCGA-MQ-A6BN-01A,1.0,0.0,0.0,0.0,0.0
17,64560208,+,17,64561222,-,MESO,3361,TCGA-MQ-A6BN-01A,TCGA-MQ-A6BN-01A,1.0,0.0,0.0,0.0,0.0
18,15803527,+,18,19982629,-,MESO,3362,TCGA-MQ-A6BN-01A,TCGA-MQ-A6BN-01A,1.0,0.0,0.0,0.0,0.0
2,132220163,+,9,43191889,-,MESO,3363,TCGA-MQ-A6BN-01A,TCGA-MQ-A6BN-01A,1.0,0.0,0.0,0.0,0.0
22,41859413,+,22,41860373,-,MESO,3364,TCGA-MQ-A6BN-01A,TCGA-MQ-A6BN-01A,1.0,0.0,0.0,0.0,0.0
3,30609164,+,3,57842647,-,MESO,3365,TCGA-MQ-A6BN-01A,TCGA-MQ-A6BN-01A,1.0,0.0,0.0,0.0,0.0
3,47046015,+,3,47063194,-,MESO,3366,TCGA-MQ-A6BN-01A,TCGA-MQ-A6BN-01A,1.0,0.0,0.0,0.0,0.0
3,52403453,+,3,52407372,-,MESO,3367,TCGA-MQ-A6BN-01A,TCGA-MQ-A6BN-01A,1.0,0.0,0.0,0.0,0.0
3,143121695,+,3,150542850,+,MESO,3368,TCGA-MQ-A6BN-01A,TCGA-MQ-A6BN-01A,1.0,0.0,0.0,0.0,0.0
3,143121696,-,3,150542860,-,MESO,3369,TCGA-MQ-A6BN-01A,TCGA-MQ-A6BN-01A,1.0,0.0,0.0,0.0,0.0
4,32224102,+,4,34594567,-,MESO,3370,TCGA-MQ-A6BN-01A,TCGA-MQ-A6BN-01A,1.0,0.0,0.0,0.0,0.0
4,32231076,-,4,34735632,-,MESO,3371,TCGA-MQ-A6BN-01A,TCGA-MQ-A6BN-01A,1.0,0.0,0.0,0.0,0.0
4,32282985,+,4,32291812,-,MESO,3372,TCGA-MQ-A6BN-01A,TCGA-MQ-A6BN-01A,1.0,0.0,0.0,0.0,0.0
4,34594487,+,4,34735597,+,MESO,3373,TCGA-MQ-A6BN-01A,TCGA-MQ-A6BN-01A,1.0,0.0,0.0,0.0,0.0
4,34623880,+,4,34631063,-,MESO,3374,TCGA-MQ-A6BN-01A,TCGA-MQ-A6BN-01A,1.0,0.0,0.0,0.0,0.0
4,45245396,+,4,45249158,-,MESO,3375,TCGA-MQ-A6BN-01A,TCGA-MQ-A6BN-01A,1.0,0.0,0.0,0.0,0.0
4,45839324,+,4,45854478,-,MESO,3376,TCGA-MQ-A6BN-01A,TCGA-MQ-A6BN-01A,1.0,0.0,0.0,0.0,0.0
4,89255761,+,4,151254201,+,MESO,3377,TCGA-MQ-A6BN-01A,TCGA-MQ-A6BN-01A,1.0,0.0,0.0,0.0,0.0
4,89887907,-,4,106282750,+,MESO,3378,TCGA-MQ-A6BN-01A,TCGA-MQ-A6BN-01A,1.0,0.0,0.0,0.0,0.0
4,98155498,+,4,99844450,-,MESO,3379,TCGA-MQ-A6BN-01A,TCGA-MQ-A6BN-01A,1.0,0.0,0.0,0.0,0.0
4,99886634,+,4,151195948,-,MESO,3380,TCGA-MQ-A6BN-01A,TCGA-MQ-A6BN-01A,1.0,0.0,0.0,0.0,0.0
4,99887241,-,4,151195646,+,MESO,3381,TCGA-MQ-A6BN-01A,TCGA-MQ-A6BN-01A,1.0,0.0,0.0,0.0,0.0
4,107141704,-,4,154285225,-,MESO,3382,TCGA-MQ-A6BN-01A,TCGA-MQ-A6BN-01A,1.0,0.0,0.0,0.0,0.0
4,156738537,-,4,156865474,+,MESO,3383,TCGA-MQ-A6BN-01A,TCGA-MQ-A6BN-01A,1.0,0.0,0.0,0.0,0.0
5,59078061,-,5,59128086,+,MESO,3384,TCGA-MQ-A6BN-01A,TCGA-MQ-A6BN-01A,1.0,0.0,0.0,0.0,0.0
6,71636804,+,6,150599711,+,MESO,3385,TCGA-MQ-A6BN-01A,TCGA-MQ-A6BN-01A,1.0,0.0,0.0,0.0,0.0
6,71669661,-,6,155764888,+,MESO,3386,TCGA-MQ-A6BN-01A,TCGA-MQ-A6BN-01A,1.0,0.0,0.0,0.0,0.0
6,71679963,+,6,150684596,+,MESO,3387,TCGA-MQ-A6BN-01A,TCGA-MQ-A6BN-01A,1.0,0.0,0.0,0.0,0.0
6,71705095,-,6,155946658,-,MESO,3388,TCGA-MQ-A6BN-01A,TCGA-MQ-A6BN-01A,1.0,0.0,0.0,0.0,0.0
6,92362764,-,6,92385236,+,MESO,3389,TCGA-MQ-A6BN-01A,TCGA-MQ-A6BN-01A,1.0,0.0,0.0,0.0,0.0
6,96512220,+,6,96632108,+,MESO,3390,TCGA-MQ-A6BN-01A,TCGA-MQ-A6BN-01A,1.0,0.0,0.0,0.0,0.0
6,96631210,-,6,150685768,-,MESO,3391,TCGA-MQ-A6BN-01A,TCGA-MQ-A6BN-01A,1.0,0.0,0.0,0.0,0.0
6,150598215,-,6,150599777,-,MESO,3392,TCGA-MQ-A6BN-01A,TCGA-MQ-A6BN-01A,1.0,0.0,0.0,0.0,0.0
6,150600258,+,6,150683832,-,MESO,3393,TCGA-MQ-A6BN-01A,TCGA-MQ-A6BN-01A,1.0,0.0,0.0,0.0,0.0
6,152347527,-,6,152396157,+,MESO,3394,TCGA-MQ-A6BN-01A,TCGA-MQ-A6BN-01A,1.0,0.0,0.0,0.0,0.0
7,61114544,+,7,61430776,-,MESO,3395,TCGA-MQ-A6BN-01A,TCGA-MQ-A6BN-01A,1.0,0.0,0.0,0.0,0.0
7,77550572,+,7,78005528,-,MESO,3396,TCGA-MQ-A6BN-01A,TCGA-MQ-A6BN-01A,1.0,0.0,0.0,0.0,0.0
8,2571938,+,8,2572649,-,MESO,3397,TCGA-MQ-A6BN-01A,TCGA-MQ-A6BN-01A,1.0,0.0,0.0,0.0,0.0
8,21623226,+,22,22986914,+,MESO,3398,TCGA-MQ-A6BN-01A,TCGA-MQ-A6BN-01A,1.0,0.0,0.0,0.0,0.0
8,25454808,+,8,25460261,-,MESO,3399,TCGA-MQ-A6BN-01A,TCGA-MQ-A6BN-01A,1.0,0.0,0.0,0.0,0.0
9,2645082,+,9,2646181,-,MESO,3400,TCGA-MQ-A6BN-01A,TCGA-MQ-A6BN-01A,1.0,0.0,0.0,0.0,0.0
9,113989155,+,9,113989918,-,MESO,3401,TCGA-MQ-A6BN-01A,TCGA-MQ-A6BN-01A,1.0,0.0,0.0,0.0,0.0
9,121500951,+,9,121518208,-,MESO,3402,TCGA-MQ-A6BN-01A,TCGA-MQ-A6BN-01A,1.0,0.0,0.0,0.0,0.0
9,122057325,+,9,122057736,-,MESO,3403,TCGA-MQ-A6BN-01A,TCGA-MQ-A6BN-01A,1.0,0.0,0.0,0.0,0.0
23,90878464,+,24,4460816,-,MESO,3404,TCGA-MQ-A6BN-01A,TCGA-MQ-A6BN-01A,1.0,0.0,0.0,0.0,0.0
11,54346508,+,11,54421124,-,MESO,3405,TCGA-MQ-A6BQ-01A,TCGA-MQ-A6BQ-01A,1.0,0.0,0.0,0.0,0.0
11,102183739,+,14,35629283,-,MESO,3406,TCGA-MQ-A6BQ-01A,TCGA-MQ-A6BQ-01A,1.0,0.0,0.0,0.0,0.0
12,34786504,+,12,34797169,-,MESO,3407,TCGA-MQ-A6BQ-01A,TCGA-MQ-A6BQ-01A,1.0,0.0,0.0,0.0,0.0
13,18761764,-,18,14318924,-,MESO,3408,TCGA-MQ-A6BQ-01A,TCGA-MQ-A6BQ-01A,1.0,0.0,0.0,0.0,0.0
13,19652904,-,14,66511877,+,MESO,3409,TCGA-MQ-A6BQ-01A,TCGA-MQ-A6BQ-01A,1.0,0.0,0.0,0.0,0.0
16,2105654,+,16,2118474,-,MESO,3410,TCGA-MQ-A6BQ-01A,TCGA-MQ-A6BQ-01A,1.0,0.0,0.0,0.0,0.0
16,36342327,+,16,36378997,-,MESO,3411,TCGA-MQ-A6BQ-01A,TCGA-MQ-A6BQ-01A,1.0,0.0,0.0,0.0,0.0
17,61055750,+,17,61387820,-,MESO,3412,TCGA-MQ-A6BQ-01A,TCGA-MQ-A6BQ-01A,1.0,0.0,0.0,0.0,0.0
18,15508742,+,18,15704729,-,MESO,3413,TCGA-MQ-A6BQ-01A,TCGA-MQ-A6BQ-01A,1.0,0.0,0.0,0.0,0.0
18,15765241,+,18,15772026,-,MESO,3414,TCGA-MQ-A6BQ-01A,TCGA-MQ-A6BQ-01A,1.0,0.0,0.0,0.0,0.0
2,2820420,-,16,23866976,-,MESO,3415,TCGA-MQ-A6BQ-01A,TCGA-MQ-A6BQ-01A,1.0,0.0,0.0,0.0,0.0
3,131973739,+,3,135500008,+,MESO,3416,TCGA-MQ-A6BQ-01A,TCGA-MQ-A6BQ-01A,1.0,0.0,0.0,0.0,0.0
3,131975283,-,3,135503466,-,MESO,3417,TCGA-MQ-A6BQ-01A,TCGA-MQ-A6BQ-01A,1.0,0.0,0.0,0.0,0.0
6,57837091,+,6,57839355,-,MESO,3418,TCGA-MQ-A6BQ-01A,TCGA-MQ-A6BQ-01A,1.0,0.0,0.0,0.0,0.0
9,33832365,-,9,33931640,+,MESO,3419,TCGA-MQ-A6BQ-01A,TCGA-MQ-A6BQ-01A,1.0,0.0,0.0,0.0,0.0
10,39986304,-,10,41266083,+,MESO,3420,TCGA-MQ-A6BR-01A,TCGA-MQ-A6BR-01A,1.0,0.0,0.0,0.0,0.0
11,51596289,-,11,52584395,+,MESO,3421,TCGA-MQ-A6BR-01A,TCGA-MQ-A6BR-01A,1.0,0.0,0.0,0.0,0.0
11,54370886,-,11,54385269,+,MESO,3422,TCGA-MQ-A6BR-01A,TCGA-MQ-A6BR-01A,1.0,0.0,0.0,0.0,0.0
11,54374367,+,11,54409117,-,MESO,3423,TCGA-MQ-A6BR-01A,TCGA-MQ-A6BR-01A,1.0,0.0,0.0,0.0,0.0
12,35831206,-,12,36337366,+,MESO,3424,TCGA-MQ-A6BR-01A,TCGA-MQ-A6BR-01A,1.0,0.0,0.0,0.0,0.0
12,36368850,-,12,36580839,+,MESO,3425,TCGA-MQ-A6BR-01A,TCGA-MQ-A6BR-01A,1.0,0.0,0.0,0.0,0.0
12,36405120,-,12,37062638,+,MESO,3426,TCGA-MQ-A6BR-01A,TCGA-MQ-A6BR-01A,1.0,0.0,0.0,0.0,0.0
14,50073366,+,15,99833048,+,MESO,3427,TCGA-MQ-A6BR-01A,TCGA-MQ-A6BR-01A,1.0,0.0,0.0,0.0,0.0
16,6572386,+,16,6661902,-,MESO,3428,TCGA-MQ-A6BR-01A,TCGA-MQ-A6BR-01A,1.0,0.0,0.0,0.0,0.0
16,6721339,+,16,6736180,-,MESO,3429,TCGA-MQ-A6BR-01A,TCGA-MQ-A6BR-01A,1.0,0.0,0.0,0.0,0.0
16,7222420,+,16,7552993,-,MESO,3430,TCGA-MQ-A6BR-01A,TCGA-MQ-A6BR-01A,1.0,0.0,0.0,0.0,0.0
18,15596645,-,18,15759266,+,MESO,3431,TCGA-MQ-A6BR-01A,TCGA-MQ-A6BR-01A,1.0,0.0,0.0,0.0,0.0
18,71964662,+,18,71965812,-,MESO,3432,TCGA-MQ-A6BR-01A,TCGA-MQ-A6BR-01A,1.0,0.0,0.0,0.0,0.0
20,29362154,+,24,10130703,+,MESO,3433,TCGA-MQ-A6BR-01A,TCGA-MQ-A6BR-01A,1.0,0.0,0.0,0.0,0.0
20,29950662,+,20,30024533,-,MESO,3434,TCGA-MQ-A6BR-01A,TCGA-MQ-A6BR-01A,1.0,0.0,0.0,0.0,0.0
3,91027695,-,3,91089736,+,MESO,3435,TCGA-MQ-A6BR-01A,TCGA-MQ-A6BR-01A,1.0,0.0,0.0,0.0,0.0
3,91192712,-,3,91257454,-,MESO,3436,TCGA-MQ-A6BR-01A,TCGA-MQ-A6BR-01A,1.0,0.0,0.0,0.0,0.0
3,114749551,-,6,148387633,-,MESO,3437,TCGA-MQ-A6BR-01A,TCGA-MQ-A6BR-01A,1.0,0.0,0.0,0.0,0.0
3,116534782,-,3,116543403,+,MESO,3438,TCGA-MQ-A6BR-01A,TCGA-MQ-A6BR-01A,1.0,0.0,0.0,0.0,0.0
6,59305559,-,6,59583325,+,MESO,3439,TCGA-MQ-A6BR-01A,TCGA-MQ-A6BR-01A,1.0,0.0,0.0,0.0,0.0
9,44416485,+,9,45254934,-,MESO,3440,TCGA-MQ-A6BR-01A,TCGA-MQ-A6BR-01A,1.0,0.0,0.0,0.0,0.0
1,1552451,+,9,70982544,-,MESO,3441,TCGA-MQ-A6BS-01A,TCGA-MQ-A6BS-01A,1.0,0.0,0.0,0.0,0.0
1,1552477,-,9,70984892,+,MESO,3442,TCGA-MQ-A6BS-01A,TCGA-MQ-A6BS-01A,1.0,0.0,0.0,0.0,0.0
1,56555433,-,7,50292775,+,MESO,3443,TCGA-MQ-A6BS-01A,TCGA-MQ-A6BS-01A,1.0,0.0,0.0,0.0,0.0
1,83564093,+,1,83565797,-,MESO,3444,TCGA-MQ-A6BS-01A,TCGA-MQ-A6BS-01A,1.0,0.0,0.0,0.0,0.0
1,105504885,-,1,105782260,+,MESO,3445,TCGA-MQ-A6BS-01A,TCGA-MQ-A6BS-01A,1.0,0.0,0.0,0.0,0.0
1,218392085,+,1,218430257,-,MESO,3446,TCGA-MQ-A6BS-01A,TCGA-MQ-A6BS-01A,1.0,0.0,0.0,0.0,0.0
1,246945222,-,14,100260939,+,MESO,3447,TCGA-MQ-A6BS-01A,TCGA-MQ-A6BS-01A,1.0,0.0,0.0,0.0,0.0
1,247412022,-,6,49494942,+,MESO,3448,TCGA-MQ-A6BS-01A,TCGA-MQ-A6BS-01A,1.0,0.0,0.0,0.0,0.0
10,36131152,+,12,85821901,-,MESO,3449,TCGA-MQ-A6BS-01A,TCGA-MQ-A6BS-01A,1.0,0.0,0.0,0.0,0.0
11,26388431,-,11,48285088,-,MESO,3450,TCGA-MQ-A6BS-01A,TCGA-MQ-A6BS-01A,1.0,0.0,0.0,0.0,0.0
11,26388435,+,11,26398129,+,MESO,3451,TCGA-MQ-A6BS-01A,TCGA-MQ-A6BS-01A,1.0,0.0,0.0,0.0,0.0
11,54384250,-,11,54549448,+,MESO,3452,TCGA-MQ-A6BS-01A,TCGA-MQ-A6BS-01A,1.0,0.0,0.0,0.0,0.0
11,116047321,-,11,116091074,+,MESO,3453,TCGA-MQ-A6BS-01A,TCGA-MQ-A6BS-01A,1.0,0.0,0.0,0.0,0.0
12,34786488,+,12,34797182,-,MESO,3454,TCGA-MQ-A6BS-01A,TCGA-MQ-A6BS-01A,1.0,0.0,0.0,0.0,0.0
12,36327994,+,12,37051583,-,MESO,3455,TCGA-MQ-A6BS-01A,TCGA-MQ-A6BS-01A,1.0,0.0,0.0,0.0,0.0
12,37771763,-,12,97685103,+,MESO,3456,TCGA-MQ-A6BS-01A,TCGA-MQ-A6BS-01A,1.0,0.0,0.0,0.0,0.0
12,38055899,+,12,38559784,+,MESO,3457,TCGA-MQ-A6BS-01A,TCGA-MQ-A6BS-01A,1.0,0.0,0.0,0.0,0.0
12,38133789,-,12,38559490,-,MESO,3458,TCGA-MQ-A6BS-01A,TCGA-MQ-A6BS-01A,1.0,0.0,0.0,0.0,0.0
12,38498797,+,12,38559828,-,MESO,3459,TCGA-MQ-A6BS-01A,TCGA-MQ-A6BS-01A,1.0,0.0,0.0,0.0,0.0
12,45018125,+,12,85821579,+,MESO,3460,TCGA-MQ-A6BS-01A,TCGA-MQ-A6BS-01A,1.0,0.0,0.0,0.0,0.0
12,45702168,-,12,81771220,-,MESO,3461,TCGA-MQ-A6BS-01A,TCGA-MQ-A6BS-01A,1.0,0.0,0.0,0.0,0.0
12,45752533,+,12,97837732,-,MESO,3462,TCGA-MQ-A6BS-01A,TCGA-MQ-A6BS-01A,1.0,0.0,0.0,0.0,0.0
12,80195236,+,12,86110297,+,MESO,3463,TCGA-MQ-A6BS-01A,TCGA-MQ-A6BS-01A,1.0,0.0,0.0,0.0,0.0
12,85821901,-,12,86110273,-,MESO,3464,TCGA-MQ-A6BS-01A,TCGA-MQ-A6BS-01A,1.0,0.0,0.0,0.0,0.0
12,97762348,-,12,101237328,+,MESO,3465,TCGA-MQ-A6BS-01A,TCGA-MQ-A6BS-01A,1.0,0.0,0.0,0.0,0.0
12,100728077,+,12,100864291,+,MESO,3466,TCGA-MQ-A6BS-01A,TCGA-MQ-A6BS-01A,1.0,0.0,0.0,0.0,0.0
12,100736927,-,12,108667073,+,MESO,3467,TCGA-MQ-A6BS-01A,TCGA-MQ-A6BS-01A,1.0,0.0,0.0,0.0,0.0
12,101237327,-,12,101278778,-,MESO,3468,TCGA-MQ-A6BS-01A,TCGA-MQ-A6BS-01A,1.0,0.0,0.0,0.0,0.0
15,30624903,+,15,51385862,+,MESO,3469,TCGA-MQ-A6BS-01A,TCGA-MQ-A6BS-01A,1.0,0.0,0.0,0.0,0.0
15,30781873,-,15,37710812,-,MESO,3470,TCGA-MQ-A6BS-01A,TCGA-MQ-A6BS-01A,1.0,0.0,0.0,0.0,0.0
15,51351711,-,15,51536840,-,MESO,3471,TCGA-MQ-A6BS-01A,TCGA-MQ-A6BS-01A,1.0,0.0,0.0,0.0,0.0
15,96626224,+,15,96630361,-,MESO,3472,TCGA-MQ-A6BS-01A,TCGA-MQ-A6BS-01A,1.0,0.0,0.0,0.0,0.0
16,7140267,-,16,8302439,+,MESO,3473,TCGA-MQ-A6BS-01A,TCGA-MQ-A6BS-01A,1.0,0.0,0.0,0.0,0.0
16,13606821,+,22,37187773,+,MESO,3474,TCGA-MQ-A6BS-01A,TCGA-MQ-A6BS-01A,1.0,0.0,0.0,0.0,0.0
16,13607066,-,22,37187818,-,MESO,3475,TCGA-MQ-A6BS-01A,TCGA-MQ-A6BS-01A,1.0,0.0,0.0,0.0,0.0
16,16860650,+,16,16862084,-,MESO,3476,TCGA-MQ-A6BS-01A,TCGA-MQ-A6BS-01A,1.0,0.0,0.0,0.0,0.0
16,50549475,+,16,50551133,-,MESO,3477,TCGA-MQ-A6BS-01A,TCGA-MQ-A6BS-01A,1.0,0.0,0.0,0.0,0.0
16,61440225,+,16,61451573,+,MESO,3478,TCGA-MQ-A6BS-01A,TCGA-MQ-A6BS-01A,1.0,0.0,0.0,0.0,0.0
16,61440433,-,16,61499441,+,MESO,3479,TCGA-MQ-A6BS-01A,TCGA-MQ-A6BS-01A,1.0,0.0,0.0,0.0,0.0
16,61495475,-,16,62732723,-,MESO,3480,TCGA-MQ-A6BS-01A,TCGA-MQ-A6BS-01A,1.0,0.0,0.0,0.0,0.0
16,62735173,+,16,62788676,-,MESO,3481,TCGA-MQ-A6BS-01A,TCGA-MQ-A6BS-01A,1.0,0.0,0.0,0.0,0.0
16,62735213,-,16,62802327,-,MESO,3482,TCGA-MQ-A6BS-01A,TCGA-MQ-A6BS-01A,1.0,0.0,0.0,0.0,0.0
16,62753698,+,16,62802308,+,MESO,3483,TCGA-MQ-A6BS-01A,TCGA-MQ-A6BS-01A,1.0,0.0,0.0,0.0,0.0
17,22877666,+,17,23059817,-,MESO,3484,TCGA-MQ-A6BS-01A,TCGA-MQ-A6BS-01A,1.0,0.0,0.0,0.0,0.0
18,15754785,-,18,20640712,+,MESO,3485,TCGA-MQ-A6BS-01A,TCGA-MQ-A6BS-01A,1.0,0.0,0.0,0.0,0.0
18,15805186,-,18,17404238,+,MESO,3486,TCGA-MQ-A6BS-01A,TCGA-MQ-A6BS-01A,1.0,0.0,0.0,0.0,0.0
18,36351592,+,18,36366359,-,MESO,3487,TCGA-MQ-A6BS-01A,TCGA-MQ-A6BS-01A,1.0,0.0,0.0,0.0,0.0
18,36351619,-,18,36390130,-,MESO,3488,TCGA-MQ-A6BS-01A,TCGA-MQ-A6BS-01A,1.0,0.0,0.0,0.0,0.0
18,36357090,+,18,36360641,-,MESO,3489,TCGA-MQ-A6BS-01A,TCGA-MQ-A6BS-01A,1.0,0.0,0.0,0.0,0.0
18,36365895,+,18,36383310,+,MESO,3490,TCGA-MQ-A6BS-01A,TCGA-MQ-A6BS-01A,1.0,0.0,0.0,0.0,0.0
18,36368305,+,18,36381280,-,MESO,3491,TCGA-MQ-A6BS-01A,TCGA-MQ-A6BS-01A,1.0,0.0,0.0,0.0,0.0
18,36374600,-,18,36422643,-,MESO,3492,TCGA-MQ-A6BS-01A,TCGA-MQ-A6BS-01A,1.0,0.0,0.0,0.0,0.0
18,36376936,+,18,36438770,-,MESO,3493,TCGA-MQ-A6BS-01A,TCGA-MQ-A6BS-01A,1.0,0.0,0.0,0.0,0.0
18,36396615,+,18,36434119,+,MESO,3494,TCGA-MQ-A6BS-01A,TCGA-MQ-A6BS-01A,1.0,0.0,0.0,0.0,0.0
19,3067639,+,19,3087046,-,MESO,3495,TCGA-MQ-A6BS-01A,TCGA-MQ-A6BS-01A,1.0,0.0,0.0,0.0,0.0
19,22417715,+,19,24313498,+,MESO,3496,TCGA-MQ-A6BS-01A,TCGA-MQ-A6BS-01A,1.0,0.0,0.0,0.0,0.0
19,22901094,-,19,24313549,-,MESO,3497,TCGA-MQ-A6BS-01A,TCGA-MQ-A6BS-01A,1.0,0.0,0.0,0.0,0.0
19,42415106,+,19,42419239,-,MESO,3498,TCGA-MQ-A6BS-01A,TCGA-MQ-A6BS-01A,1.0,0.0,0.0,0.0,0.0
2,36245098,+,2,59527101,-,MESO,3499,TCGA-MQ-A6BS-01A,TCGA-MQ-A6BS-01A,1.0,0.0,0.0,0.0,0.0
2,40240576,-,2,40267181,+,MESO,3500,TCGA-MQ-A6BS-01A,TCGA-MQ-A6BS-01A,1.0,0.0,0.0,0.0,0.0
2,51431332,-,2,51548845,+,MESO,3501,TCGA-MQ-A6BS-01A,TCGA-MQ-A6BS-01A,1.0,0.0,0.0,0.0,0.0
2,59463414,+,4,164900082,-,MESO,3502,TCGA-MQ-A6BS-01A,TCGA-MQ-A6BS-01A,1.0,0.0,0.0,0.0,0.0
2,67230289,+,4,166824763,+,MESO,3503,TCGA-MQ-A6BS-01A,TCGA-MQ-A6BS-01A,1.0,0.0,0.0,0.0,0.0
2,67238413,-,4,166830266,-,MESO,3504,TCGA-MQ-A6BS-01A,TCGA-MQ-A6BS-01A,1.0,0.0,0.0,0.0,0.0
2,70283703,+,16,13457839,-,MESO,3505,TCGA-MQ-A6BS-01A,TCGA-MQ-A6BS-01A,1.0,0.0,0.0,0.0,0.0
2,70290756,-,16,13457825,+,MESO,3506,TCGA-MQ-A6BS-01A,TCGA-MQ-A6BS-01A,1.0,0.0,0.0,0.0,0.0
2,79172295,+,2,79216839,-,MESO,3507,TCGA-MQ-A6BS-01A,TCGA-MQ-A6BS-01A,1.0,0.0,0.0,0.0,0.0
2,164125609,+,2,164137122,-,MESO,3508,TCGA-MQ-A6BS-01A,TCGA-MQ-A6BS-01A,1.0,0.0,0.0,0.0,0.0
2,193253155,+,5,136978020,-,MESO,3509,TCGA-MQ-A6BS-01A,TCGA-MQ-A6BS-01A,1.0,0.0,0.0,0.0,0.0
2,193253164,-,5,136978004,+,MESO,3510,TCGA-MQ-A6BS-01A,TCGA-MQ-A6BS-01A,1.0,0.0,0.0,0.0,0.0
2,209663864,-,2,209800176,+,MESO,3511,TCGA-MQ-A6BS-01A,TCGA-MQ-A6BS-01A,1.0,0.0,0.0,0.0,0.0
2,209663894,-,2,209664849,+,MESO,3512,TCGA-MQ-A6BS-01A,TCGA-MQ-A6BS-01A,1.0,0.0,0.0,0.0,0.0
20,17150492,+,20,17152709,+,MESO,3513,TCGA-MQ-A6BS-01A,TCGA-MQ-A6BS-01A,1.0,0.0,0.0,0.0,0.0
20,17151919,-,20,17153058,-,MESO,3514,TCGA-MQ-A6BS-01A,TCGA-MQ-A6BS-01A,1.0,0.0,0.0,0.0,0.0
20,29640311,-,20,29642206,+,MESO,3515,TCGA-MQ-A6BS-01A,TCGA-MQ-A6BS-01A,1.0,0.0,0.0,0.0,0.0
21,29626476,+,21,29639000,-,MESO,3516,TCGA-MQ-A6BS-01A,TCGA-MQ-A6BS-01A,1.0,0.0,0.0,0.0,0.0
3,11897037,+,15,51283420,+,MESO,3517,TCGA-MQ-A6BS-01A,TCGA-MQ-A6BS-01A,1.0,0.0,0.0,0.0,0.0
3,12080364,-,15,37623772,+,MESO,3518,TCGA-MQ-A6BS-01A,TCGA-MQ-A6BS-01A,1.0,0.0,0.0,0.0,0.0
3,42352875,+,3,73502910,-,MESO,3519,TCGA-MQ-A6BS-01A,TCGA-MQ-A6BS-01A,1.0,0.0,0.0,0.0,0.0
3,52407744,+,3,52409339,-,MESO,3520,TCGA-MQ-A6BS-01A,TCGA-MQ-A6BS-01A,1.0,0.0,0.0,0.0,0.0
3,79437252,+,3,81261876,-,MESO,3521,TCGA-MQ-A6BS-01A,TCGA-MQ-A6BS-01A,1.0,0.0,0.0,0.0,0.0
3,90843380,-,3,90951063,+,MESO,3522,TCGA-MQ-A6BS-01A,TCGA-MQ-A6BS-01A,1.0,0.0,0.0,0.0,0.0
3,101166648,+,3,147866510,-,MESO,3523,TCGA-MQ-A6BS-01A,TCGA-MQ-A6BS-01A,1.0,0.0,0.0,0.0,0.0
3,101291408,-,3,147750904,-,MESO,3524,TCGA-MQ-A6BS-01A,TCGA-MQ-A6BS-01A,1.0,0.0,0.0,0.0,0.0
3,147630951,+,3,148287590,-,MESO,3525,TCGA-MQ-A6BS-01A,TCGA-MQ-A6BS-01A,1.0,0.0,0.0,0.0,0.0
3,147747048,-,3,147845573,-,MESO,3526,TCGA-MQ-A6BS-01A,TCGA-MQ-A6BS-01A,1.0,0.0,0.0,0.0,0.0
3,147750842,+,3,148285281,-,MESO,3527,TCGA-MQ-A6BS-01A,TCGA-MQ-A6BS-01A,1.0,0.0,0.0,0.0,0.0
3,147845217,+,3,147853308,+,MESO,3528,TCGA-MQ-A6BS-01A,TCGA-MQ-A6BS-01A,1.0,0.0,0.0,0.0,0.0
3,147847119,+,3,148156642,+,MESO,3529,TCGA-MQ-A6BS-01A,TCGA-MQ-A6BS-01A,1.0,0.0,0.0,0.0,0.0
3,147848002,-,3,148286820,+,MESO,3530,TCGA-MQ-A6BS-01A,TCGA-MQ-A6BS-01A,1.0,0.0,0.0,0.0,0.0
3,147848002,-,3,148287333,-,MESO,3531,TCGA-MQ-A6BS-01A,TCGA-MQ-A6BS-01A,1.0,0.0,0.0,0.0,0.0
3,160914273,+,3,160921967,-,MESO,3532,TCGA-MQ-A6BS-01A,TCGA-MQ-A6BS-01A,1.0,0.0,0.0,0.0,0.0
3,176591575,+,3,176593165,-,MESO,3533,TCGA-MQ-A6BS-01A,TCGA-MQ-A6BS-01A,1.0,0.0,0.0,0.0,0.0
4,57986159,-,8,135468591,-,MESO,3534,TCGA-MQ-A6BS-01A,TCGA-MQ-A6BS-01A,1.0,0.0,0.0,0.0,0.0
4,58012607,+,8,135465990,+,MESO,3535,TCGA-MQ-A6BS-01A,TCGA-MQ-A6BS-01A,1.0,0.0,0.0,0.0,0.0
4,58012909,-,8,135278286,-,MESO,3536,TCGA-MQ-A6BS-01A,TCGA-MQ-A6BS-01A,1.0,0.0,0.0,0.0,0.0
4,58013778,+,4,58170962,+,MESO,3537,TCGA-MQ-A6BS-01A,TCGA-MQ-A6BS-01A,1.0,0.0,0.0,0.0,0.0
4,58013806,-,8,135467415,+,MESO,3538,TCGA-MQ-A6BS-01A,TCGA-MQ-A6BS-01A,1.0,0.0,0.0,0.0,0.0
4,58121901,+,8,135594987,+,MESO,3539,TCGA-MQ-A6BS-01A,TCGA-MQ-A6BS-01A,1.0,0.0,0.0,0.0,0.0
4,58122904,-,8,135287471,+,MESO,3540,TCGA-MQ-A6BS-01A,TCGA-MQ-A6BS-01A,1.0,0.0,0.0,0.0,0.0
4,58148681,+,8,135449943,-,MESO,3541,TCGA-MQ-A6BS-01A,TCGA-MQ-A6BS-01A,1.0,0.0,0.0,0.0,0.0
4,58148716,-,4,58171247,-,MESO,3542,TCGA-MQ-A6BS-01A,TCGA-MQ-A6BS-01A,1.0,0.0,0.0,0.0,0.0
4,58174326,+,8,135449875,+,MESO,3543,TCGA-MQ-A6BS-01A,TCGA-MQ-A6BS-01A,1.0,0.0,0.0,0.0,0.0
4,58174743,-,8,135462444,+,MESO,3544,TCGA-MQ-A6BS-01A,TCGA-MQ-A6BS-01A,1.0,0.0,0.0,0.0,0.0
4,58174744,-,8,135467500,-,MESO,3545,TCGA-MQ-A6BS-01A,TCGA-MQ-A6BS-01A,1.0,0.0,0.0,0.0,0.0
4,58176036,+,8,135159026,+,MESO,3546,TCGA-MQ-A6BS-01A,TCGA-MQ-A6BS-01A,1.0,0.0,0.0,0.0,0.0
4,59317814,-,8,5734995,-,MESO,3547,TCGA-MQ-A6BS-01A,TCGA-MQ-A6BS-01A,1.0,0.0,0.0,0.0,0.0
4,62548059,+,4,76564550,+,MESO,3548,TCGA-MQ-A6BS-01A,TCGA-MQ-A6BS-01A,1.0,0.0,0.0,0.0,0.0
4,68155312,-,8,35244090,-,MESO,3549,TCGA-MQ-A6BS-01A,TCGA-MQ-A6BS-01A,1.0,0.0,0.0,0.0,0.0
4,76575812,-,8,34457357,+,MESO,3550,TCGA-MQ-A6BS-01A,TCGA-MQ-A6BS-01A,1.0,0.0,0.0,0.0,0.0
4,85105635,+,4,118250114,+,MESO,3551,TCGA-MQ-A6BS-01A,TCGA-MQ-A6BS-01A,1.0,0.0,0.0,0.0,0.0
4,85105636,-,4,100909793,-,MESO,3552,TCGA-MQ-A6BS-01A,TCGA-MQ-A6BS-01A,1.0,0.0,0.0,0.0,0.0
4,100909788,+,4,118250134,-,MESO,3553,TCGA-MQ-A6BS-01A,TCGA-MQ-A6BS-01A,1.0,0.0,0.0,0.0,0.0
4,130256589,+,4,130257771,-,MESO,3554,TCGA-MQ-A6BS-01A,TCGA-MQ-A6BS-01A,1.0,0.0,0.0,0.0,0.0
4,164892246,+,4,166773554,+,MESO,3555,TCGA-MQ-A6BS-01A,TCGA-MQ-A6BS-01A,1.0,0.0,0.0,0.0,0.0
4,166783460,-,4,176502915,+,MESO,3556,TCGA-MQ-A6BS-01A,TCGA-MQ-A6BS-01A,1.0,0.0,0.0,0.0,0.0
5,93386847,+,5,93390893,-,MESO,3557,TCGA-MQ-A6BS-01A,TCGA-MQ-A6BS-01A,1.0,0.0,0.0,0.0,0.0
6,236464,-,6,64289229,+,MESO,3558,TCGA-MQ-A6BS-01A,TCGA-MQ-A6BS-01A,1.0,0.0,0.0,0.0,0.0
6,4235279,-,6,42126307,+,MESO,3559,TCGA-MQ-A6BS-01A,TCGA-MQ-A6BS-01A,1.0,0.0,0.0,0.0,0.0
6,10207460,+,6,32760230,+,MESO,3560,TCGA-MQ-A6BS-01A,TCGA-MQ-A6BS-01A,1.0,0.0,0.0,0.0,0.0
6,12945005,-,10,107088141,+,MESO,3561,TCGA-MQ-A6BS-01A,TCGA-MQ-A6BS-01A,1.0,0.0,0.0,0.0,0.0
6,13303698,-,6,33304107,-,MESO,3562,TCGA-MQ-A6BS-01A,TCGA-MQ-A6BS-01A,1.0,0.0,0.0,0.0,0.0
6,13739078,+,6,38185942,-,MESO,3563,TCGA-MQ-A6BS-01A,TCGA-MQ-A6BS-01A,1.0,0.0,0.0,0.0,0.0
6,31625525,-,6,36849914,-,MESO,3564,TCGA-MQ-A6BS-01A,TCGA-MQ-A6BS-01A,1.0,0.0,0.0,0.0,0.0
6,35576708,+,6,37406229,+,MESO,3565,TCGA-MQ-A6BS-01A,TCGA-MQ-A6BS-01A,1.0,0.0,0.0,0.0,0.0
7,50070676,-,7,50548734,+,MESO,3566,TCGA-MQ-A6BS-01A,TCGA-MQ-A6BS-01A,1.0,0.0,0.0,0.0,0.0
7,62817431,+,23,58406831,+,MESO,3567,TCGA-MQ-A6BS-01A,TCGA-MQ-A6BS-01A,1.0,0.0,0.0,0.0,0.0
7,89748142,+,7,93356311,+,MESO,3568,TCGA-MQ-A6BS-01A,TCGA-MQ-A6BS-01A,1.0,0.0,0.0,0.0,0.0
7,89752515,-,7,95288839,+,MESO,3569,TCGA-MQ-A6BS-01A,TCGA-MQ-A6BS-01A,1.0,0.0,0.0,0.0,0.0
7,93356372,-,7,95288886,-,MESO,3570,TCGA-MQ-A6BS-01A,TCGA-MQ-A6BS-01A,1.0,0.0,0.0,0.0,0.0
8,2753589,+,23,141127811,-,MESO,3571,TCGA-MQ-A6BS-01A,TCGA-MQ-A6BS-01A,1.0,0.0,0.0,0.0,0.0
8,2849534,-,23,144607649,+,MESO,3572,TCGA-MQ-A6BS-01A,TCGA-MQ-A6BS-01A,1.0,0.0,0.0,0.0,0.0
8,2960757,+,8,3019933,-,MESO,3573,TCGA-MQ-A6BS-01A,TCGA-MQ-A6BS-01A,1.0,0.0,0.0,0.0,0.0
8,5729196,-,8,135166142,+,MESO,3574,TCGA-MQ-A6BS-01A,TCGA-MQ-A6BS-01A,1.0,0.0,0.0,0.0,0.0
8,5731697,+,8,5734952,+,MESO,3575,TCGA-MQ-A6BS-01A,TCGA-MQ-A6BS-01A,1.0,0.0,0.0,0.0,0.0
8,5731722,-,8,135463334,-,MESO,3576,TCGA-MQ-A6BS-01A,TCGA-MQ-A6BS-01A,1.0,0.0,0.0,0.0,0.0
8,55145191,+,8,55150783,-,MESO,3577,TCGA-MQ-A6BS-01A,TCGA-MQ-A6BS-01A,1.0,0.0,0.0,0.0,0.0
8,126997732,-,10,107938956,+,MESO,3578,TCGA-MQ-A6BS-01A,TCGA-MQ-A6BS-01A,1.0,0.0,0.0,0.0,0.0
8,135159057,-,8,135595052,-,MESO,3579,TCGA-MQ-A6BS-01A,TCGA-MQ-A6BS-01A,1.0,0.0,0.0,0.0,0.0
8,135287498,-,8,135468258,+,MESO,3580,TCGA-MQ-A6BS-01A,TCGA-MQ-A6BS-01A,1.0,0.0,0.0,0.0,0.0
8,135297412,+,8,135462097,+,MESO,3581,TCGA-MQ-A6BS-01A,TCGA-MQ-A6BS-01A,1.0,0.0,0.0,0.0,0.0
8,135297458,-,8,135466139,-,MESO,3582,TCGA-MQ-A6BS-01A,TCGA-MQ-A6BS-01A,1.0,0.0,0.0,0.0,0.0
8,135462147,-,8,135467499,-,MESO,3583,TCGA-MQ-A6BS-01A,TCGA-MQ-A6BS-01A,1.0,0.0,0.0,0.0,0.0
9,43410906,-,9,45259758,+,MESO,3584,TCGA-MQ-A6BS-01A,TCGA-MQ-A6BS-01A,1.0,0.0,0.0,0.0,0.0
1,71705213,+,1,71726349,-,MESO,3585,TCGA-NQ-A57I-01A,TCGA-NQ-A57I-01A,1.0,0.0,0.0,0.0,0.0
1,77433679,+,8,133313127,+,MESO,3586,TCGA-NQ-A57I-01A,TCGA-NQ-A57I-01A,1.0,0.0,0.0,0.0,0.0
1,77955960,+,1,77991174,-,MESO,3587,TCGA-NQ-A57I-01A,TCGA-NQ-A57I-01A,1.0,0.0,0.0,0.0,0.0
1,123325852,+,5,49622046,+,MESO,3588,TCGA-NQ-A57I-01A,TCGA-NQ-A57I-01A,1.0,0.0,0.0,0.0,0.0
1,206423156,+,1,206590310,-,MESO,3589,TCGA-NQ-A57I-01A,TCGA-NQ-A57I-01A,1.0,0.0,0.0,0.0,0.0
10,22330983,+,10,22449057,-,MESO,3590,TCGA-NQ-A57I-01A,TCGA-NQ-A57I-01A,1.0,0.0,0.0,0.0,0.0
10,38928871,-,21,13152528,+,MESO,3591,TCGA-NQ-A57I-01A,TCGA-NQ-A57I-01A,1.0,0.0,0.0,0.0,0.0
10,43619624,+,10,43627429,-,MESO,3592,TCGA-NQ-A57I-01A,TCGA-NQ-A57I-01A,1.0,0.0,0.0,0.0,0.0
11,49279775,+,11,49291232,+,MESO,3593,TCGA-NQ-A57I-01A,TCGA-NQ-A57I-01A,1.0,0.0,0.0,0.0,0.0
11,49279821,-,11,49291238,-,MESO,3594,TCGA-NQ-A57I-01A,TCGA-NQ-A57I-01A,1.0,0.0,0.0,0.0,0.0
11,108156682,-,11,108169639,+,MESO,3595,TCGA-NQ-A57I-01A,TCGA-NQ-A57I-01A,1.0,0.0,0.0,0.0,0.0
12,23162287,-,17,72240447,+,MESO,3596,TCGA-NQ-A57I-01A,TCGA-NQ-A57I-01A,1.0,0.0,0.0,0.0,0.0
12,30444446,-,12,34175173,+,MESO,3597,TCGA-NQ-A57I-01A,TCGA-NQ-A57I-01A,1.0,0.0,0.0,0.0,0.0
12,30451897,-,12,30456128,-,MESO,3598,TCGA-NQ-A57I-01A,TCGA-NQ-A57I-01A,1.0,0.0,0.0,0.0,0.0
12,30452012,+,12,30847877,+,MESO,3599,TCGA-NQ-A57I-01A,TCGA-NQ-A57I-01A,1.0,0.0,0.0,0.0,0.0
12,30452021,+,12,30455015,+,MESO,3600,TCGA-NQ-A57I-01A,TCGA-NQ-A57I-01A,1.0,0.0,0.0,0.0,0.0
12,30452445,-,12,30454817,+,MESO,3601,TCGA-NQ-A57I-01A,TCGA-NQ-A57I-01A,1.0,0.0,0.0,0.0,0.0
12,30452445,-,12,30857016,+,MESO,3602,TCGA-NQ-A57I-01A,TCGA-NQ-A57I-01A,1.0,0.0,0.0,0.0,0.0
12,30452769,+,12,30454805,-,MESO,3603,TCGA-NQ-A57I-01A,TCGA-NQ-A57I-01A,1.0,0.0,0.0,0.0,0.0
12,30452769,+,12,30455049,-,MESO,3604,TCGA-NQ-A57I-01A,TCGA-NQ-A57I-01A,1.0,0.0,0.0,0.0,0.0
12,30454727,-,12,30856916,+,MESO,3605,TCGA-NQ-A57I-01A,TCGA-NQ-A57I-01A,1.0,0.0,0.0,0.0,0.0
12,30454954,-,12,30847877,+,MESO,3606,TCGA-NQ-A57I-01A,TCGA-NQ-A57I-01A,1.0,0.0,0.0,0.0,0.0
12,30455248,+,12,30455725,-,MESO,3607,TCGA-NQ-A57I-01A,TCGA-NQ-A57I-01A,1.0,0.0,0.0,0.0,0.0
12,30455850,+,12,30456119,+,MESO,3608,TCGA-NQ-A57I-01A,TCGA-NQ-A57I-01A,1.0,0.0,0.0,0.0,0.0
12,30455877,-,12,30860401,-,MESO,3609,TCGA-NQ-A57I-01A,TCGA-NQ-A57I-01A,1.0,0.0,0.0,0.0,0.0
12,30456051,-,12,30848066,+,MESO,3610,TCGA-NQ-A57I-01A,TCGA-NQ-A57I-01A,1.0,0.0,0.0,0.0,0.0
12,31345662,-,12,31347329,-,MESO,3611,TCGA-NQ-A57I-01A,TCGA-NQ-A57I-01A,1.0,0.0,0.0,0.0,0.0
12,31347187,+,17,45292867,-,MESO,3612,TCGA-NQ-A57I-01A,TCGA-NQ-A57I-01A,1.0,0.0,0.0,0.0,0.0
12,32983107,+,17,70058487,+,MESO,3613,TCGA-NQ-A57I-01A,TCGA-NQ-A57I-01A,1.0,0.0,0.0,0.0,0.0
12,33594992,-,12,43403645,+,MESO,3614,TCGA-NQ-A57I-01A,TCGA-NQ-A57I-01A,1.0,0.0,0.0,0.0,0.0
12,98527746,+,12,99348697,-,MESO,3615,TCGA-NQ-A57I-01A,TCGA-NQ-A57I-01A,1.0,0.0,0.0,0.0,0.0
12,101142621,+,12,101143809,-,MESO,3616,TCGA-NQ-A57I-01A,TCGA-NQ-A57I-01A,1.0,0.0,0.0,0.0,0.0
13,16441286,-,13,16643873,+,MESO,3617,TCGA-NQ-A57I-01A,TCGA-NQ-A57I-01A,1.0,0.0,0.0,0.0,0.0
13,19618703,+,13,38121232,+,MESO,3618,TCGA-NQ-A57I-01A,TCGA-NQ-A57I-01A,1.0,0.0,0.0,0.0,0.0
13,94213708,-,13,95247683,+,MESO,3619,TCGA-NQ-A57I-01A,TCGA-NQ-A57I-01A,1.0,0.0,0.0,0.0,0.0
16,78615069,+,16,78829680,-,MESO,3620,TCGA-NQ-A57I-01A,TCGA-NQ-A57I-01A,1.0,0.0,0.0,0.0,0.0
17,3881503,+,17,83193600,-,MESO,3621,TCGA-NQ-A57I-01A,TCGA-NQ-A57I-01A,1.0,0.0,0.0,0.0,0.0
17,44316405,-,17,44326132,-,MESO,3622,TCGA-NQ-A57I-01A,TCGA-NQ-A57I-01A,1.0,0.0,0.0,0.0,0.0
17,53067623,-,17,53727921,+,MESO,3623,TCGA-NQ-A57I-01A,TCGA-NQ-A57I-01A,1.0,0.0,0.0,0.0,0.0
17,64446109,-,17,68663836,+,MESO,3624,TCGA-NQ-A57I-01A,TCGA-NQ-A57I-01A,1.0,0.0,0.0,0.0,0.0
17,66129462,+,17,71138575,-,MESO,3625,TCGA-NQ-A57I-01A,TCGA-NQ-A57I-01A,1.0,0.0,0.0,0.0,0.0
17,66920919,-,17,68663907,-,MESO,3626,TCGA-NQ-A57I-01A,TCGA-NQ-A57I-01A,1.0,0.0,0.0,0.0,0.0
17,67674710,-,17,67875727,+,MESO,3627,TCGA-NQ-A57I-01A,TCGA-NQ-A57I-01A,1.0,0.0,0.0,0.0,0.0
17,68665222,+,17,71916167,-,MESO,3628,TCGA-NQ-A57I-01A,TCGA-NQ-A57I-01A,1.0,0.0,0.0,0.0,0.0
17,83195089,+,17,83196358,+,MESO,3629,TCGA-NQ-A57I-01A,TCGA-NQ-A57I-01A,1.0,0.0,0.0,0.0,0.0
18,15355978,+,22,16106966,+,MESO,3630,TCGA-NQ-A57I-01A,TCGA-NQ-A57I-01A,1.0,0.0,0.0,0.0,0.0
18,35762837,-,18,36389090,+,MESO,3631,TCGA-NQ-A57I-01A,TCGA-NQ-A57I-01A,1.0,0.0,0.0,0.0,0.0
19,51720897,+,19,51735452,-,MESO,3632,TCGA-NQ-A57I-01A,TCGA-NQ-A57I-01A,1.0,0.0,0.0,0.0,0.0
2,446928,-,2,233495560,+,MESO,3633,TCGA-NQ-A57I-01A,TCGA-NQ-A57I-01A,1.0,0.0,0.0,0.0,0.0
2,527041,+,8,1310601,+,MESO,3634,TCGA-NQ-A57I-01A,TCGA-NQ-A57I-01A,1.0,0.0,0.0,0.0,0.0
2,33685798,+,2,33686775,-,MESO,3635,TCGA-NQ-A57I-01A,TCGA-NQ-A57I-01A,1.0,0.0,0.0,0.0,0.0
2,62708685,+,2,62950933,-,MESO,3636,TCGA-NQ-A57I-01A,TCGA-NQ-A57I-01A,1.0,0.0,0.0,0.0,0.0
2,151513472,+,2,151534221,-,MESO,3637,TCGA-NQ-A57I-01A,TCGA-NQ-A57I-01A,1.0,0.0,0.0,0.0,0.0
2,233595210,-,7,20630375,-,MESO,3638,TCGA-NQ-A57I-01A,TCGA-NQ-A57I-01A,1.0,0.0,0.0,0.0,0.0
22,36280027,+,22,36295400,-,MESO,3639,TCGA-NQ-A57I-01A,TCGA-NQ-A57I-01A,1.0,0.0,0.0,0.0,0.0
3,49782887,+,3,49792656,-,MESO,3640,TCGA-NQ-A57I-01A,TCGA-NQ-A57I-01A,1.0,0.0,0.0,0.0,0.0
3,91042635,-,3,91223802,+,MESO,3641,TCGA-NQ-A57I-01A,TCGA-NQ-A57I-01A,1.0,0.0,0.0,0.0,0.0
3,116313994,-,3,116795668,+,MESO,3642,TCGA-NQ-A57I-01A,TCGA-NQ-A57I-01A,1.0,0.0,0.0,0.0,0.0
3,116404408,+,3,116554983,-,MESO,3643,TCGA-NQ-A57I-01A,TCGA-NQ-A57I-01A,1.0,0.0,0.0,0.0,0.0
3,116672579,+,3,116846366,-,MESO,3644,TCGA-NQ-A57I-01A,TCGA-NQ-A57I-01A,1.0,0.0,0.0,0.0,0.0
3,116824653,+,3,117062358,-,MESO,3645,TCGA-NQ-A57I-01A,TCGA-NQ-A57I-01A,1.0,0.0,0.0,0.0,0.0
3,117281245,+,3,117522264,-,MESO,3646,TCGA-NQ-A57I-01A,TCGA-NQ-A57I-01A,1.0,0.0,0.0,0.0,0.0
4,2475424,-,4,2488910,+,MESO,3647,TCGA-NQ-A57I-01A,TCGA-NQ-A57I-01A,1.0,0.0,0.0,0.0,0.0
4,2526324,-,4,2530797,+,MESO,3648,TCGA-NQ-A57I-01A,TCGA-NQ-A57I-01A,1.0,0.0,0.0,0.0,0.0
4,49020416,-,7,67918168,+,MESO,3649,TCGA-NQ-A57I-01A,TCGA-NQ-A57I-01A,1.0,0.0,0.0,0.0,0.0
4,94595129,+,4,95512610,-,MESO,3650,TCGA-NQ-A57I-01A,TCGA-NQ-A57I-01A,1.0,0.0,0.0,0.0,0.0
4,165419841,-,4,165424860,-,MESO,3651,TCGA-NQ-A57I-01A,TCGA-NQ-A57I-01A,1.0,0.0,0.0,0.0,0.0
4,165431585,+,17,68696544,-,MESO,3652,TCGA-NQ-A57I-01A,TCGA-NQ-A57I-01A,1.0,0.0,0.0,0.0,0.0
4,180860374,-,4,181531588,+,MESO,3653,TCGA-NQ-A57I-01A,TCGA-NQ-A57I-01A,1.0,0.0,0.0,0.0,0.0
5,49808329,+,5,49925115,-,MESO,3654,TCGA-NQ-A57I-01A,TCGA-NQ-A57I-01A,1.0,0.0,0.0,0.0,0.0
5,178238431,+,5,178252600,-,MESO,3655,TCGA-NQ-A57I-01A,TCGA-NQ-A57I-01A,1.0,0.0,0.0,0.0,0.0
6,37377369,-,6,37840141,+,MESO,3656,TCGA-NQ-A57I-01A,TCGA-NQ-A57I-01A,1.0,0.0,0.0,0.0,0.0
6,38044269,+,6,38311114,-,MESO,3657,TCGA-NQ-A57I-01A,TCGA-NQ-A57I-01A,1.0,0.0,0.0,0.0,0.0
7,20580604,+,8,1021824,-,MESO,3658,TCGA-NQ-A57I-01A,TCGA-NQ-A57I-01A,1.0,0.0,0.0,0.0,0.0
8,133407782,+,8,133476417,-,MESO,3659,TCGA-NQ-A57I-01A,TCGA-NQ-A57I-01A,1.0,0.0,0.0,0.0,0.0
9,9023107,+,9,9292266,-,MESO,3660,TCGA-NQ-A57I-01A,TCGA-NQ-A57I-01A,1.0,0.0,0.0,0.0,0.0
9,9109376,+,9,9756334,-,MESO,3661,TCGA-NQ-A57I-01A,TCGA-NQ-A57I-01A,1.0,0.0,0.0,0.0,0.0
9,9239430,+,9,9322681,-,MESO,3662,TCGA-NQ-A57I-01A,TCGA-NQ-A57I-01A,1.0,0.0,0.0,0.0,0.0
9,9276836,+,9,9607828,-,MESO,3663,TCGA-NQ-A57I-01A,TCGA-NQ-A57I-01A,1.0,0.0,0.0,0.0,0.0
9,9375007,+,9,9386956,-,MESO,3664,TCGA-NQ-A57I-01A,TCGA-NQ-A57I-01A,1.0,0.0,0.0,0.0,0.0
9,9471351,+,9,9826473,-,MESO,3665,TCGA-NQ-A57I-01A,TCGA-NQ-A57I-01A,1.0,0.0,0.0,0.0,0.0
9,9575107,+,9,9983106,-,MESO,3666,TCGA-NQ-A57I-01A,TCGA-NQ-A57I-01A,1.0,0.0,0.0,0.0,0.0
9,43383272,+,9,45151954,-,MESO,3667,TCGA-NQ-A57I-01A,TCGA-NQ-A57I-01A,1.0,0.0,0.0,0.0,0.0
1,3031275,-,1,3084473,+,MESO,3668,TCGA-NQ-A638-01A,TCGA-NQ-A638-01A,1.0,0.0,0.0,0.0,0.0
1,28423353,-,22,28927248,-,MESO,3669,TCGA-NQ-A638-01A,TCGA-NQ-A638-01A,1.0,0.0,0.0,0.0,0.0
1,34705130,+,1,34707828,-,MESO,3670,TCGA-NQ-A638-01A,TCGA-NQ-A638-01A,1.0,0.0,0.0,0.0,0.0
1,71231634,+,1,72316790,+,MESO,3671,TCGA-NQ-A638-01A,TCGA-NQ-A638-01A,1.0,0.0,0.0,0.0,0.0
1,71547276,-,1,72741947,-,MESO,3672,TCGA-NQ-A638-01A,TCGA-NQ-A638-01A,1.0,0.0,0.0,0.0,0.0
1,71552044,+,1,71555872,-,MESO,3673,TCGA-NQ-A638-01A,TCGA-NQ-A638-01A,1.0,0.0,0.0,0.0,0.0
1,94836273,+,1,94839739,-,MESO,3674,TCGA-NQ-A638-01A,TCGA-NQ-A638-01A,1.0,0.0,0.0,0.0,0.0
1,166572997,+,1,166577985,-,MESO,3675,TCGA-NQ-A638-01A,TCGA-NQ-A638-01A,1.0,0.0,0.0,0.0,0.0
1,194481640,-,15,62825776,+,MESO,3676,TCGA-NQ-A638-01A,TCGA-NQ-A638-01A,1.0,0.0,0.0,0.0,0.0
1,195775429,+,6,45241239,-,MESO,3677,TCGA-NQ-A638-01A,TCGA-NQ-A638-01A,1.0,0.0,0.0,0.0,0.0
1,195776389,-,6,45276111,+,MESO,3678,TCGA-NQ-A638-01A,TCGA-NQ-A638-01A,1.0,0.0,0.0,0.0,0.0
1,207317472,+,1,207323686,-,MESO,3679,TCGA-NQ-A638-01A,TCGA-NQ-A638-01A,1.0,0.0,0.0,0.0,0.0
10,27916714,+,10,27922283,-,MESO,3680,TCGA-NQ-A638-01A,TCGA-NQ-A638-01A,1.0,0.0,0.0,0.0,0.0
10,50833367,-,10,81859037,+,MESO,3681,TCGA-NQ-A638-01A,TCGA-NQ-A638-01A,1.0,0.0,0.0,0.0,0.0
10,50833367,+,10,119841426,-,MESO,3682,TCGA-NQ-A638-01A,TCGA-NQ-A638-01A,1.0,0.0,0.0,0.0,0.0
10,65556126,+,10,65581235,-,MESO,3683,TCGA-NQ-A638-01A,TCGA-NQ-A638-01A,1.0,0.0,0.0,0.0,0.0
10,81859032,-,10,82616398,+,MESO,3684,TCGA-NQ-A638-01A,TCGA-NQ-A638-01A,1.0,0.0,0.0,0.0,0.0
10,82700404,-,10,119910200,+,MESO,3685,TCGA-NQ-A638-01A,TCGA-NQ-A638-01A,1.0,0.0,0.0,0.0,0.0
10,115171159,+,10,115172600,-,MESO,3686,TCGA-NQ-A638-01A,TCGA-NQ-A638-01A,1.0,0.0,0.0,0.0,0.0
11,23563210,-,11,23596145,+,MESO,3687,TCGA-NQ-A638-01A,TCGA-NQ-A638-01A,1.0,0.0,0.0,0.0,0.0
11,52211675,-,11,52308425,+,MESO,3688,TCGA-NQ-A638-01A,TCGA-NQ-A638-01A,1.0,0.0,0.0,0.0,0.0
11,53182757,-,11,53319013,+,MESO,3689,TCGA-NQ-A638-01A,TCGA-NQ-A638-01A,1.0,0.0,0.0,0.0,0.0
12,48682986,+,12,48684176,-,MESO,3690,TCGA-NQ-A638-01A,TCGA-NQ-A638-01A,1.0,0.0,0.0,0.0,0.0
12,99208421,+,12,99334114,-,MESO,3691,TCGA-NQ-A638-01A,TCGA-NQ-A638-01A,1.0,0.0,0.0,0.0,0.0
12,104704878,-,12,104730619,+,MESO,3692,TCGA-NQ-A638-01A,TCGA-NQ-A638-01A,1.0,0.0,0.0,0.0,0.0
12,111613011,+,12,111614996,-,MESO,3693,TCGA-NQ-A638-01A,TCGA-NQ-A638-01A,1.0,0.0,0.0,0.0,0.0
13,53308426,+,13,53310579,-,MESO,3694,TCGA-NQ-A638-01A,TCGA-NQ-A638-01A,1.0,0.0,0.0,0.0,0.0
13,79278269,+,13,79286118,-,MESO,3695,TCGA-NQ-A638-01A,TCGA-NQ-A638-01A,1.0,0.0,0.0,0.0,0.0
13,86591940,+,13,86593720,-,MESO,3696,TCGA-NQ-A638-01A,TCGA-NQ-A638-01A,1.0,0.0,0.0,0.0,0.0
13,102774260,-,13,102871169,+,MESO,3697,TCGA-NQ-A638-01A,TCGA-NQ-A638-01A,1.0,0.0,0.0,0.0,0.0
14,19036356,+,14,22119002,-,MESO,3698,TCGA-NQ-A638-01A,TCGA-NQ-A638-01A,1.0,0.0,0.0,0.0,0.0
14,101818094,+,14,101823722,-,MESO,3699,TCGA-NQ-A638-01A,TCGA-NQ-A638-01A,1.0,0.0,0.0,0.0,0.0
15,72358418,+,15,72359072,-,MESO,3700,TCGA-NQ-A638-01A,TCGA-NQ-A638-01A,1.0,0.0,0.0,0.0,0.0
15,77822623,+,15,77823505,-,MESO,3701,TCGA-NQ-A638-01A,TCGA-NQ-A638-01A,1.0,0.0,0.0,0.0,0.0
16,6571605,+,16,6574722,-,MESO,3702,TCGA-NQ-A638-01A,TCGA-NQ-A638-01A,1.0,0.0,0.0,0.0,0.0
16,6651817,+,16,6698862,-,MESO,3703,TCGA-NQ-A638-01A,TCGA-NQ-A638-01A,1.0,0.0,0.0,0.0,0.0
16,7570130,+,16,7643433,-,MESO,3704,TCGA-NQ-A638-01A,TCGA-NQ-A638-01A,1.0,0.0,0.0,0.0,0.0
17,23100068,+,17,23172636,-,MESO,3705,TCGA-NQ-A638-01A,TCGA-NQ-A638-01A,1.0,0.0,0.0,0.0,0.0
17,51414493,+,17,51426808,-,MESO,3706,TCGA-NQ-A638-01A,TCGA-NQ-A638-01A,1.0,0.0,0.0,0.0,0.0
18,20612541,+,18,20682577,-,MESO,3707,TCGA-NQ-A638-01A,TCGA-NQ-A638-01A,1.0,0.0,0.0,0.0,0.0
18,20738002,+,18,20802988,-,MESO,3708,TCGA-NQ-A638-01A,TCGA-NQ-A638-01A,1.0,0.0,0.0,0.0,0.0
18,64641155,+,18,64830418,-,MESO,3709,TCGA-NQ-A638-01A,TCGA-NQ-A638-01A,1.0,0.0,0.0,0.0,0.0
19,29537197,-,19,29556272,+,MESO,3710,TCGA-NQ-A638-01A,TCGA-NQ-A638-01A,1.0,0.0,0.0,0.0,0.0
2,14136367,-,2,14528054,+,MESO,3711,TCGA-NQ-A638-01A,TCGA-NQ-A638-01A,1.0,0.0,0.0,0.0,0.0
2,93375669,-,2,93671902,+,MESO,3712,TCGA-NQ-A638-01A,TCGA-NQ-A638-01A,1.0,0.0,0.0,0.0,0.0
2,115276984,+,2,115299456,-,MESO,3713,TCGA-NQ-A638-01A,TCGA-NQ-A638-01A,1.0,0.0,0.0,0.0,0.0
2,209557719,+,2,209572935,-,MESO,3714,TCGA-NQ-A638-01A,TCGA-NQ-A638-01A,1.0,0.0,0.0,0.0,0.0
20,28770015,-,20,28775383,+,MESO,3715,TCGA-NQ-A638-01A,TCGA-NQ-A638-01A,1.0,0.0,0.0,0.0,0.0
22,28920485,+,22,28940575,-,MESO,3716,TCGA-NQ-A638-01A,TCGA-NQ-A638-01A,1.0,0.0,0.0,0.0,0.0
3,11803502,-,3,13445539,-,MESO,3717,TCGA-NQ-A638-01A,TCGA-NQ-A638-01A,1.0,0.0,0.0,0.0,0.0
3,11803510,+,3,13445539,+,MESO,3718,TCGA-NQ-A638-01A,TCGA-NQ-A638-01A,1.0,0.0,0.0,0.0,0.0
3,41228227,+,3,41245409,-,MESO,3719,TCGA-NQ-A638-01A,TCGA-NQ-A638-01A,1.0,0.0,0.0,0.0,0.0
3,90401486,-,20,30985250,+,MESO,3720,TCGA-NQ-A638-01A,TCGA-NQ-A638-01A,1.0,0.0,0.0,0.0,0.0
3,91157209,-,3,91281915,-,MESO,3721,TCGA-NQ-A638-01A,TCGA-NQ-A638-01A,1.0,0.0,0.0,0.0,0.0
3,157972210,-,5,18435525,+,MESO,3722,TCGA-NQ-A638-01A,TCGA-NQ-A638-01A,1.0,0.0,0.0,0.0,0.0
4,78718536,-,6,62587080,-,MESO,3723,TCGA-NQ-A638-01A,TCGA-NQ-A638-01A,1.0,0.0,0.0,0.0,0.0
4,90787041,+,4,90857372,-,MESO,3724,TCGA-NQ-A638-01A,TCGA-NQ-A638-01A,1.0,0.0,0.0,0.0,0.0
4,108142460,+,15,86033359,-,MESO,3725,TCGA-NQ-A638-01A,TCGA-NQ-A638-01A,1.0,0.0,0.0,0.0,0.0
4,108142489,-,15,85845557,+,MESO,3726,TCGA-NQ-A638-01A,TCGA-NQ-A638-01A,1.0,0.0,0.0,0.0,0.0
4,161556617,+,4,168593671,-,MESO,3727,TCGA-NQ-A638-01A,TCGA-NQ-A638-01A,1.0,0.0,0.0,0.0,0.0
4,174606149,+,4,174628572,-,MESO,3728,TCGA-NQ-A638-01A,TCGA-NQ-A638-01A,1.0,0.0,0.0,0.0,0.0
5,30662910,-,5,36204764,+,MESO,3729,TCGA-NQ-A638-01A,TCGA-NQ-A638-01A,1.0,0.0,0.0,0.0,0.0
5,30662913,+,5,45229479,+,MESO,3730,TCGA-NQ-A638-01A,TCGA-NQ-A638-01A,1.0,0.0,0.0,0.0,0.0
5,33640744,+,5,45229487,-,MESO,3731,TCGA-NQ-A638-01A,TCGA-NQ-A638-01A,1.0,0.0,0.0,0.0,0.0
5,33726842,-,5,36204763,-,MESO,3732,TCGA-NQ-A638-01A,TCGA-NQ-A638-01A,1.0,0.0,0.0,0.0,0.0
5,57257664,+,16,22012405,-,MESO,3733,TCGA-NQ-A638-01A,TCGA-NQ-A638-01A,1.0,0.0,0.0,0.0,0.0
5,94901474,+,5,94916661,-,MESO,3734,TCGA-NQ-A638-01A,TCGA-NQ-A638-01A,1.0,0.0,0.0,0.0,0.0
5,108190011,-,5,108527303,+,MESO,3735,TCGA-NQ-A638-01A,TCGA-NQ-A638-01A,1.0,0.0,0.0,0.0,0.0
5,108190257,-,5,110548972,-,MESO,3736,TCGA-NQ-A638-01A,TCGA-NQ-A638-01A,1.0,0.0,0.0,0.0,0.0
5,108190266,+,5,110534955,+,MESO,3737,TCGA-NQ-A638-01A,TCGA-NQ-A638-01A,1.0,0.0,0.0,0.0,0.0
5,137538910,+,5,137675591,-,MESO,3738,TCGA-NQ-A638-01A,TCGA-NQ-A638-01A,1.0,0.0,0.0,0.0,0.0
5,137538971,-,5,137771663,-,MESO,3739,TCGA-NQ-A638-01A,TCGA-NQ-A638-01A,1.0,0.0,0.0,0.0,0.0
5,137548145,+,5,137732440,+,MESO,3740,TCGA-NQ-A638-01A,TCGA-NQ-A638-01A,1.0,0.0,0.0,0.0,0.0
6,39962681,-,17,42415251,-,MESO,3741,TCGA-NQ-A638-01A,TCGA-NQ-A638-01A,1.0,0.0,0.0,0.0,0.0
6,45240507,+,6,45276218,-,MESO,3742,TCGA-NQ-A638-01A,TCGA-NQ-A638-01A,1.0,0.0,0.0,0.0,0.0
6,45302193,+,6,45308066,-,MESO,3743,TCGA-NQ-A638-01A,TCGA-NQ-A638-01A,1.0,0.0,0.0,0.0,0.0
6,62803135,+,10,39110755,-,MESO,3744,TCGA-NQ-A638-01A,TCGA-NQ-A638-01A,1.0,0.0,0.0,0.0,0.0
6,69023533,+,6,69026432,-,MESO,3745,TCGA-NQ-A638-01A,TCGA-NQ-A638-01A,1.0,0.0,0.0,0.0,0.0
6,70258768,+,6,70262088,-,MESO,3746,TCGA-NQ-A638-01A,TCGA-NQ-A638-01A,1.0,0.0,0.0,0.0,0.0
6,96324057,+,6,96325289,-,MESO,3747,TCGA-NQ-A638-01A,TCGA-NQ-A638-01A,1.0,0.0,0.0,0.0,0.0
7,11325572,+,7,11330779,-,MESO,3748,TCGA-NQ-A638-01A,TCGA-NQ-A638-01A,1.0,0.0,0.0,0.0,0.0
7,61431311,+,7,61513479,-,MESO,3749,TCGA-NQ-A638-01A,TCGA-NQ-A638-01A,1.0,0.0,0.0,0.0,0.0
7,119308216,+,7,119518774,-,MESO,3750,TCGA-NQ-A638-01A,TCGA-NQ-A638-01A,1.0,0.0,0.0,0.0,0.0
7,119381402,-,7,119518773,+,MESO,3751,TCGA-NQ-A638-01A,TCGA-NQ-A638-01A,1.0,0.0,0.0,0.0,0.0
7,119385306,+,7,120647761,-,MESO,3752,TCGA-NQ-A638-01A,TCGA-NQ-A638-01A,1.0,0.0,0.0,0.0,0.0
7,119516141,-,7,120725609,-,MESO,3753,TCGA-NQ-A638-01A,TCGA-NQ-A638-01A,1.0,0.0,0.0,0.0,0.0
7,120647750,+,7,120657167,+,MESO,3754,TCGA-NQ-A638-01A,TCGA-NQ-A638-01A,1.0,0.0,0.0,0.0,0.0
7,130924849,+,7,130925514,-,MESO,3755,TCGA-NQ-A638-01A,TCGA-NQ-A638-01A,1.0,0.0,0.0,0.0,0.0
8,8454814,+,8,8455242,-,MESO,3756,TCGA-NQ-A638-01A,TCGA-NQ-A638-01A,1.0,0.0,0.0,0.0,0.0
8,8807977,+,8,8886831,-,MESO,3757,TCGA-NQ-A638-01A,TCGA-NQ-A638-01A,1.0,0.0,0.0,0.0,0.0
8,21870157,-,8,21935949,+,MESO,3758,TCGA-NQ-A638-01A,TCGA-NQ-A638-01A,1.0,0.0,0.0,0.0,0.0
9,14942338,+,10,119925394,+,MESO,3759,TCGA-NQ-A638-01A,TCGA-NQ-A638-01A,1.0,0.0,0.0,0.0,0.0
9,14980132,-,9,28862382,+,MESO,3760,TCGA-NQ-A638-01A,TCGA-NQ-A638-01A,1.0,0.0,0.0,0.0,0.0
9,20222844,+,9,30561741,+,MESO,3761,TCGA-NQ-A638-01A,TCGA-NQ-A638-01A,1.0,0.0,0.0,0.0,0.0
9,27167966,-,10,119915543,-,MESO,3762,TCGA-NQ-A638-01A,TCGA-NQ-A638-01A,1.0,0.0,0.0,0.0,0.0
9,27529927,+,10,50908686,-,MESO,3763,TCGA-NQ-A638-01A,TCGA-NQ-A638-01A,1.0,0.0,0.0,0.0,0.0
9,27580435,-,9,27965408,+,MESO,3764,TCGA-NQ-A638-01A,TCGA-NQ-A638-01A,1.0,0.0,0.0,0.0,0.0
9,27923581,-,10,119883158,+,MESO,3765,TCGA-NQ-A638-01A,TCGA-NQ-A638-01A,1.0,0.0,0.0,0.0,0.0
9,28852126,-,10,92936706,+,MESO,3766,TCGA-NQ-A638-01A,TCGA-NQ-A638-01A,1.0,0.0,0.0,0.0,0.0
9,28862385,-,9,32825032,-,MESO,3767,TCGA-NQ-A638-01A,TCGA-NQ-A638-01A,1.0,0.0,0.0,0.0,0.0
9,28862552,-,10,82533589,-,MESO,3768,TCGA-NQ-A638-01A,TCGA-NQ-A638-01A,1.0,0.0,0.0,0.0,0.0
9,28862557,+,9,41354335,-,MESO,3769,TCGA-NQ-A638-01A,TCGA-NQ-A638-01A,1.0,0.0,0.0,0.0,0.0
9,28880878,+,9,29431492,+,MESO,3770,TCGA-NQ-A638-01A,TCGA-NQ-A638-01A,1.0,0.0,0.0,0.0,0.0
9,28985033,-,9,32599419,+,MESO,3771,TCGA-NQ-A638-01A,TCGA-NQ-A638-01A,1.0,0.0,0.0,0.0,0.0
9,29086410,+,9,39664900,-,MESO,3772,TCGA-NQ-A638-01A,TCGA-NQ-A638-01A,1.0,0.0,0.0,0.0,0.0
9,29377066,-,9,29857305,-,MESO,3773,TCGA-NQ-A638-01A,TCGA-NQ-A638-01A,1.0,0.0,0.0,0.0,0.0
9,29766710,-,10,81859546,+,MESO,3774,TCGA-NQ-A638-01A,TCGA-NQ-A638-01A,1.0,0.0,0.0,0.0,0.0
9,29771840,+,10,119925391,-,MESO,3775,TCGA-NQ-A638-01A,TCGA-NQ-A638-01A,1.0,0.0,0.0,0.0,0.0
9,29990059,+,10,92933842,-,MESO,3776,TCGA-NQ-A638-01A,TCGA-NQ-A638-01A,1.0,0.0,0.0,0.0,0.0
9,30560936,-,10,119883154,-,MESO,3777,TCGA-NQ-A638-01A,TCGA-NQ-A638-01A,1.0,0.0,0.0,0.0,0.0
9,31079699,+,10,50838758,+,MESO,3778,TCGA-NQ-A638-01A,TCGA-NQ-A638-01A,1.0,0.0,0.0,0.0,0.0
9,32369798,-,10,92853219,+,MESO,3779,TCGA-NQ-A638-01A,TCGA-NQ-A638-01A,1.0,0.0,0.0,0.0,0.0
23,87015279,+,23,87056223,-,MESO,3780,TCGA-NQ-A638-01A,TCGA-NQ-A638-01A,1.0,0.0,0.0,0.0,0.0
1,79997665,+,1,117490575,-,MESO,3781,TCGA-SC-A6LM-01A,TCGA-SC-A6LM-01A,1.0,0.0,0.0,0.0,0.0
1,87067632,-,1,87150934,+,MESO,3782,TCGA-SC-A6LM-01A,TCGA-SC-A6LM-01A,1.0,0.0,0.0,0.0,0.0
1,124794700,+,1,124838907,-,MESO,3783,TCGA-SC-A6LM-01A,TCGA-SC-A6LM-01A,1.0,0.0,0.0,0.0,0.0
1,124802967,+,1,124823004,-,MESO,3784,TCGA-SC-A6LM-01A,TCGA-SC-A6LM-01A,1.0,0.0,0.0,0.0,0.0
1,124901569,-,1,124920223,+,MESO,3785,TCGA-SC-A6LM-01A,TCGA-SC-A6LM-01A,1.0,0.0,0.0,0.0,0.0
1,165827879,+,1,165836087,-,MESO,3786,TCGA-SC-A6LM-01A,TCGA-SC-A6LM-01A,1.0,0.0,0.0,0.0,0.0
1,206054186,+,1,206109531,-,MESO,3787,TCGA-SC-A6LM-01A,TCGA-SC-A6LM-01A,1.0,0.0,0.0,0.0,0.0
1,227571746,+,5,145906879,-,MESO,3788,TCGA-SC-A6LM-01A,TCGA-SC-A6LM-01A,1.0,0.0,0.0,0.0,0.0
10,39153855,-,10,41789085,+,MESO,3789,TCGA-SC-A6LM-01A,TCGA-SC-A6LM-01A,1.0,0.0,0.0,0.0,0.0
10,39222884,-,10,39229918,+,MESO,3790,TCGA-SC-A6LM-01A,TCGA-SC-A6LM-01A,1.0,0.0,0.0,0.0,0.0
10,39410237,-,23,58444485,-,MESO,3791,TCGA-SC-A6LM-01A,TCGA-SC-A6LM-01A,1.0,0.0,0.0,0.0,0.0
10,65258504,-,10,65301802,-,MESO,3792,TCGA-SC-A6LM-01A,TCGA-SC-A6LM-01A,1.0,0.0,0.0,0.0,0.0
10,87912485,+,10,89163324,-,MESO,3793,TCGA-SC-A6LM-01A,TCGA-SC-A6LM-01A,1.0,0.0,0.0,0.0,0.0
10,102393803,+,10,102631800,-,MESO,3794,TCGA-SC-A6LM-01A,TCGA-SC-A6LM-01A,1.0,0.0,0.0,0.0,0.0
11,54350883,-,11,54409559,+,MESO,3795,TCGA-SC-A6LM-01A,TCGA-SC-A6LM-01A,1.0,0.0,0.0,0.0,0.0
11,55667906,+,11,55682549,-,MESO,3796,TCGA-SC-A6LM-01A,TCGA-SC-A6LM-01A,1.0,0.0,0.0,0.0,0.0
11,117649656,+,11,118285966,-,MESO,3797,TCGA-SC-A6LM-01A,TCGA-SC-A6LM-01A,1.0,0.0,0.0,0.0,0.0
12,36570546,+,12,37122795,-,MESO,3798,TCGA-SC-A6LM-01A,TCGA-SC-A6LM-01A,1.0,0.0,0.0,0.0,0.0
12,37723419,-,19,27312809,+,MESO,3799,TCGA-SC-A6LM-01A,TCGA-SC-A6LM-01A,1.0,0.0,0.0,0.0,0.0
12,81695805,+,12,81769356,-,MESO,3800,TCGA-SC-A6LM-01A,TCGA-SC-A6LM-01A,1.0,0.0,0.0,0.0,0.0
12,106746549,-,12,106785191,+,MESO,3801,TCGA-SC-A6LM-01A,TCGA-SC-A6LM-01A,1.0,0.0,0.0,0.0,0.0
13,16400223,-,13,16825310,+,MESO,3802,TCGA-SC-A6LM-01A,TCGA-SC-A6LM-01A,1.0,0.0,0.0,0.0,0.0
13,17840845,+,13,17887091,-,MESO,3803,TCGA-SC-A6LM-01A,TCGA-SC-A6LM-01A,1.0,0.0,0.0,0.0,0.0
14,18675752,+,22,15596926,-,MESO,3804,TCGA-SC-A6LM-01A,TCGA-SC-A6LM-01A,1.0,0.0,0.0,0.0,0.0
14,18675786,-,22,15596886,+,MESO,3805,TCGA-SC-A6LM-01A,TCGA-SC-A6LM-01A,1.0,0.0,0.0,0.0,0.0
14,84841006,+,14,84845378,-,MESO,3806,TCGA-SC-A6LM-01A,TCGA-SC-A6LM-01A,1.0,0.0,0.0,0.0,0.0
15,17042533,+,20,28934327,+,MESO,3807,TCGA-SC-A6LM-01A,TCGA-SC-A6LM-01A,1.0,0.0,0.0,0.0,0.0
15,18405932,+,15,18802816,-,MESO,3808,TCGA-SC-A6LM-01A,TCGA-SC-A6LM-01A,1.0,0.0,0.0,0.0,0.0
16,4193272,-,16,5370066,+,MESO,3809,TCGA-SC-A6LM-01A,TCGA-SC-A6LM-01A,1.0,0.0,0.0,0.0,0.0
16,7383870,-,16,8971393,+,MESO,3810,TCGA-SC-A6LM-01A,TCGA-SC-A6LM-01A,1.0,0.0,0.0,0.0,0.0
16,63759783,-,23,70775810,+,MESO,3811,TCGA-SC-A6LM-01A,TCGA-SC-A6LM-01A,1.0,0.0,0.0,0.0,0.0
16,89764657,-,16,89764899,+,MESO,3812,TCGA-SC-A6LM-01A,TCGA-SC-A6LM-01A,1.0,0.0,0.0,0.0,0.0
17,39177101,+,17,41562718,-,MESO,3813,TCGA-SC-A6LM-01A,TCGA-SC-A6LM-01A,1.0,0.0,0.0,0.0,0.0
17,61022038,+,17,61832279,+,MESO,3814,TCGA-SC-A6LM-01A,TCGA-SC-A6LM-01A,1.0,0.0,0.0,0.0,0.0
17,61128774,-,17,61823127,-,MESO,3815,TCGA-SC-A6LM-01A,TCGA-SC-A6LM-01A,1.0,0.0,0.0,0.0,0.0
17,61823004,+,17,61877395,-,MESO,3816,TCGA-SC-A6LM-01A,TCGA-SC-A6LM-01A,1.0,0.0,0.0,0.0,0.0
18,15678963,-,18,15772393,+,MESO,3817,TCGA-SC-A6LM-01A,TCGA-SC-A6LM-01A,1.0,0.0,0.0,0.0,0.0
18,18041257,+,18,18370846,-,MESO,3818,TCGA-SC-A6LM-01A,TCGA-SC-A6LM-01A,1.0,0.0,0.0,0.0,0.0
18,20801713,-,18,20832662,-,MESO,3819,TCGA-SC-A6LM-01A,TCGA-SC-A6LM-01A,1.0,0.0,0.0,0.0,0.0
18,20802270,+,18,20830720,+,MESO,3820,TCGA-SC-A6LM-01A,TCGA-SC-A6LM-01A,1.0,0.0,0.0,0.0,0.0
19,6501349,-,19,8463562,+,MESO,3821,TCGA-SC-A6LM-01A,TCGA-SC-A6LM-01A,1.0,0.0,0.0,0.0,0.0
19,8463566,-,19,46116400,+,MESO,3822,TCGA-SC-A6LM-01A,TCGA-SC-A6LM-01A,1.0,0.0,0.0,0.0,0.0
19,13024431,-,19,13839761,-,MESO,3823,TCGA-SC-A6LM-01A,TCGA-SC-A6LM-01A,1.0,0.0,0.0,0.0,0.0
19,16817619,+,19,19811892,+,MESO,3824,TCGA-SC-A6LM-01A,TCGA-SC-A6LM-01A,1.0,0.0,0.0,0.0,0.0
2,93800699,-,2,94167115,+,MESO,3825,TCGA-SC-A6LM-01A,TCGA-SC-A6LM-01A,1.0,0.0,0.0,0.0,0.0
2,94539501,-,21,12996348,+,MESO,3826,TCGA-SC-A6LM-01A,TCGA-SC-A6LM-01A,1.0,0.0,0.0,0.0,0.0
20,22092520,+,20,22266119,-,MESO,3827,TCGA-SC-A6LM-01A,TCGA-SC-A6LM-01A,1.0,0.0,0.0,0.0,0.0
20,26486446,+,20,26599798,-,MESO,3828,TCGA-SC-A6LM-01A,TCGA-SC-A6LM-01A,1.0,0.0,0.0,0.0,0.0
3,39621413,+,3,68126222,-,MESO,3829,TCGA-SC-A6LM-01A,TCGA-SC-A6LM-01A,1.0,0.0,0.0,0.0,0.0
3,47010805,+,17,64404519,+,MESO,3830,TCGA-SC-A6LM-01A,TCGA-SC-A6LM-01A,1.0,0.0,0.0,0.0,0.0
3,47010850,-,6,127228482,+,MESO,3831,TCGA-SC-A6LM-01A,TCGA-SC-A6LM-01A,1.0,0.0,0.0,0.0,0.0
3,47011579,+,6,103089388,+,MESO,3832,TCGA-SC-A6LM-01A,TCGA-SC-A6LM-01A,1.0,0.0,0.0,0.0,0.0
3,47068172,-,20,14078798,-,MESO,3833,TCGA-SC-A6LM-01A,TCGA-SC-A6LM-01A,1.0,0.0,0.0,0.0,0.0
3,52394395,+,17,64796510,-,MESO,3834,TCGA-SC-A6LM-01A,TCGA-SC-A6LM-01A,1.0,0.0,0.0,0.0,0.0
3,52515618,-,6,104697104,-,MESO,3835,TCGA-SC-A6LM-01A,TCGA-SC-A6LM-01A,1.0,0.0,0.0,0.0,0.0
3,52572848,+,20,4499376,-,MESO,3836,TCGA-SC-A6LM-01A,TCGA-SC-A6LM-01A,1.0,0.0,0.0,0.0,0.0
3,52682867,-,6,161685541,+,MESO,3837,TCGA-SC-A6LM-01A,TCGA-SC-A6LM-01A,1.0,0.0,0.0,0.0,0.0
3,59739923,-,8,89011861,+,MESO,3838,TCGA-SC-A6LM-01A,TCGA-SC-A6LM-01A,1.0,0.0,0.0,0.0,0.0
3,90304648,-,19,27361426,+,MESO,3839,TCGA-SC-A6LM-01A,TCGA-SC-A6LM-01A,1.0,0.0,0.0,0.0,0.0
3,90720283,+,3,91025615,+,MESO,3840,TCGA-SC-A6LM-01A,TCGA-SC-A6LM-01A,1.0,0.0,0.0,0.0,0.0
3,90953263,+,3,91108363,-,MESO,3841,TCGA-SC-A6LM-01A,TCGA-SC-A6LM-01A,1.0,0.0,0.0,0.0,0.0
3,90982038,+,3,91132238,-,MESO,3842,TCGA-SC-A6LM-01A,TCGA-SC-A6LM-01A,1.0,0.0,0.0,0.0,0.0
3,91438713,+,6,57584087,+,MESO,3843,TCGA-SC-A6LM-01A,TCGA-SC-A6LM-01A,1.0,0.0,0.0,0.0,0.0
3,177002793,+,3,195293195,+,MESO,3844,TCGA-SC-A6LM-01A,TCGA-SC-A6LM-01A,1.0,0.0,0.0,0.0,0.0
3,182679826,+,6,123355425,-,MESO,3845,TCGA-SC-A6LM-01A,TCGA-SC-A6LM-01A,1.0,0.0,0.0,0.0,0.0
3,184052121,-,6,124937364,-,MESO,3846,TCGA-SC-A6LM-01A,TCGA-SC-A6LM-01A,1.0,0.0,0.0,0.0,0.0
3,184079621,+,6,141550246,+,MESO,3847,TCGA-SC-A6LM-01A,TCGA-SC-A6LM-01A,1.0,0.0,0.0,0.0,0.0
3,195593013,-,6,101557320,-,MESO,3848,TCGA-SC-A6LM-01A,TCGA-SC-A6LM-01A,1.0,0.0,0.0,0.0,0.0
4,2398594,+,4,2399188,-,MESO,3849,TCGA-SC-A6LM-01A,TCGA-SC-A6LM-01A,1.0,0.0,0.0,0.0,0.0
4,10809005,-,10,84737653,+,MESO,3850,TCGA-SC-A6LM-01A,TCGA-SC-A6LM-01A,1.0,0.0,0.0,0.0,0.0
4,10902501,-,10,85638217,+,MESO,3851,TCGA-SC-A6LM-01A,TCGA-SC-A6LM-01A,1.0,0.0,0.0,0.0,0.0
4,10906558,+,4,11548954,+,MESO,3852,TCGA-SC-A6LM-01A,TCGA-SC-A6LM-01A,1.0,0.0,0.0,0.0,0.0
4,11540152,-,4,12614987,+,MESO,3853,TCGA-SC-A6LM-01A,TCGA-SC-A6LM-01A,1.0,0.0,0.0,0.0,0.0
4,11541235,+,4,12615517,-,MESO,3854,TCGA-SC-A6LM-01A,TCGA-SC-A6LM-01A,1.0,0.0,0.0,0.0,0.0
4,11546891,-,10,65270560,+,MESO,3855,TCGA-SC-A6LM-01A,TCGA-SC-A6LM-01A,1.0,0.0,0.0,0.0,0.0
4,12584009,-,10,85491510,-,MESO,3856,TCGA-SC-A6LM-01A,TCGA-SC-A6LM-01A,1.0,0.0,0.0,0.0,0.0
4,39907889,+,5,142379078,-,MESO,3857,TCGA-SC-A6LM-01A,TCGA-SC-A6LM-01A,1.0,0.0,0.0,0.0,0.0
4,150460134,+,19,6733521,+,MESO,3858,TCGA-SC-A6LM-01A,TCGA-SC-A6LM-01A,1.0,0.0,0.0,0.0,0.0
4,150463913,-,19,6687901,-,MESO,3859,TCGA-SC-A6LM-01A,TCGA-SC-A6LM-01A,1.0,0.0,0.0,0.0,0.0
4,151996190,+,19,6733692,-,MESO,3860,TCGA-SC-A6LM-01A,TCGA-SC-A6LM-01A,1.0,0.0,0.0,0.0,0.0
4,153786562,-,19,6687874,+,MESO,3861,TCGA-SC-A6LM-01A,TCGA-SC-A6LM-01A,1.0,0.0,0.0,0.0,0.0
5,46270554,+,5,46275734,-,MESO,3862,TCGA-SC-A6LM-01A,TCGA-SC-A6LM-01A,1.0,0.0,0.0,0.0,0.0
5,46433939,+,5,46567978,+,MESO,3863,TCGA-SC-A6LM-01A,TCGA-SC-A6LM-01A,1.0,0.0,0.0,0.0,0.0
5,46556835,-,19,24330412,-,MESO,3864,TCGA-SC-A6LM-01A,TCGA-SC-A6LM-01A,1.0,0.0,0.0,0.0,0.0
5,79318782,-,12,68677518,+,MESO,3865,TCGA-SC-A6LM-01A,TCGA-SC-A6LM-01A,1.0,0.0,0.0,0.0,0.0
6,58449232,+,6,59576097,-,MESO,3866,TCGA-SC-A6LM-01A,TCGA-SC-A6LM-01A,1.0,0.0,0.0,0.0,0.0
6,91493153,+,6,91507119,-,MESO,3867,TCGA-SC-A6LM-01A,TCGA-SC-A6LM-01A,1.0,0.0,0.0,0.0,0.0
6,101094685,+,6,142470177,-,MESO,3868,TCGA-SC-A6LM-01A,TCGA-SC-A6LM-01A,1.0,0.0,0.0,0.0,0.0
6,101658337,+,20,4461313,+,MESO,3869,TCGA-SC-A6LM-01A,TCGA-SC-A6LM-01A,1.0,0.0,0.0,0.0,0.0
6,102151471,-,6,103158781,-,MESO,3870,TCGA-SC-A6LM-01A,TCGA-SC-A6LM-01A,1.0,0.0,0.0,0.0,0.0
6,102468088,-,6,159760471,+,MESO,3871,TCGA-SC-A6LM-01A,TCGA-SC-A6LM-01A,1.0,0.0,0.0,0.0,0.0
6,103178058,+,20,12934494,+,MESO,3872,TCGA-SC-A6LM-01A,TCGA-SC-A6LM-01A,1.0,0.0,0.0,0.0,0.0
6,103192047,-,6,164287465,+,MESO,3873,TCGA-SC-A6LM-01A,TCGA-SC-A6LM-01A,1.0,0.0,0.0,0.0,0.0
6,103262932,+,20,13082390,+,MESO,3874,TCGA-SC-A6LM-01A,TCGA-SC-A6LM-01A,1.0,0.0,0.0,0.0,0.0
6,104145033,-,6,164247292,-,MESO,3875,TCGA-SC-A6LM-01A,TCGA-SC-A6LM-01A,1.0,0.0,0.0,0.0,0.0
6,104183519,+,6,162190377,+,MESO,3876,TCGA-SC-A6LM-01A,TCGA-SC-A6LM-01A,1.0,0.0,0.0,0.0,0.0
6,121435881,+,6,121577347,-,MESO,3877,TCGA-SC-A6LM-01A,TCGA-SC-A6LM-01A,1.0,0.0,0.0,0.0,0.0
6,121443303,-,6,150779324,+,MESO,3878,TCGA-SC-A6LM-01A,TCGA-SC-A6LM-01A,1.0,0.0,0.0,0.0,0.0
6,121577332,+,6,122074054,+,MESO,3879,TCGA-SC-A6LM-01A,TCGA-SC-A6LM-01A,1.0,0.0,0.0,0.0,0.0
6,121670623,+,6,121681757,-,MESO,3880,TCGA-SC-A6LM-01A,TCGA-SC-A6LM-01A,1.0,0.0,0.0,0.0,0.0
6,122074075,-,6,150779336,-,MESO,3881,TCGA-SC-A6LM-01A,TCGA-SC-A6LM-01A,1.0,0.0,0.0,0.0,0.0
6,123289603,+,20,13625725,-,MESO,3882,TCGA-SC-A6LM-01A,TCGA-SC-A6LM-01A,1.0,0.0,0.0,0.0,0.0
6,124900401,+,6,160549406,+,MESO,3883,TCGA-SC-A6LM-01A,TCGA-SC-A6LM-01A,1.0,0.0,0.0,0.0,0.0
6,127350428,+,20,13663928,+,MESO,3884,TCGA-SC-A6LM-01A,TCGA-SC-A6LM-01A,1.0,0.0,0.0,0.0,0.0
6,127619208,+,6,164198867,+,MESO,3885,TCGA-SC-A6LM-01A,TCGA-SC-A6LM-01A,1.0,0.0,0.0,0.0,0.0
6,129422816,-,20,3661493,+,MESO,3886,TCGA-SC-A6LM-01A,TCGA-SC-A6LM-01A,1.0,0.0,0.0,0.0,0.0
6,130454727,+,6,160362438,-,MESO,3887,TCGA-SC-A6LM-01A,TCGA-SC-A6LM-01A,1.0,0.0,0.0,0.0,0.0
6,161439119,-,6,161792226,-,MESO,3888,TCGA-SC-A6LM-01A,TCGA-SC-A6LM-01A,1.0,0.0,0.0,0.0,0.0
6,161802123,+,20,4133270,-,MESO,3889,TCGA-SC-A6LM-01A,TCGA-SC-A6LM-01A,1.0,0.0,0.0,0.0,0.0
6,161999514,-,6,162591952,-,MESO,3890,TCGA-SC-A6LM-01A,TCGA-SC-A6LM-01A,1.0,0.0,0.0,0.0,0.0
6,164309340,-,20,13030157,-,MESO,3891,TCGA-SC-A6LM-01A,TCGA-SC-A6LM-01A,1.0,0.0,0.0,0.0,0.0
7,83637211,+,9,9740343,+,MESO,3892,TCGA-SC-A6LM-01A,TCGA-SC-A6LM-01A,1.0,0.0,0.0,0.0,0.0
7,83637218,-,9,9708947,-,MESO,3893,TCGA-SC-A6LM-01A,TCGA-SC-A6LM-01A,1.0,0.0,0.0,0.0,0.0
7,141967499,+,7,145116150,+,MESO,3894,TCGA-SC-A6LM-01A,TCGA-SC-A6LM-01A,1.0,0.0,0.0,0.0,0.0
7,141968032,-,7,145116359,-,MESO,3895,TCGA-SC-A6LM-01A,TCGA-SC-A6LM-01A,1.0,0.0,0.0,0.0,0.0
8,59659419,+,8,59669938,-,MESO,3896,TCGA-SC-A6LM-01A,TCGA-SC-A6LM-01A,1.0,0.0,0.0,0.0,0.0
9,18605186,+,9,42242809,+,MESO,3897,TCGA-SC-A6LM-01A,TCGA-SC-A6LM-01A,1.0,0.0,0.0,0.0,0.0
9,18615425,-,9,66821726,+,MESO,3898,TCGA-SC-A6LM-01A,TCGA-SC-A6LM-01A,1.0,0.0,0.0,0.0,0.0
9,21814801,+,9,22062150,-,MESO,3899,TCGA-SC-A6LM-01A,TCGA-SC-A6LM-01A,1.0,0.0,0.0,0.0,0.0
23,26269163,+,23,26400160,+,MESO,3900,TCGA-SC-A6LM-01A,TCGA-SC-A6LM-01A,1.0,0.0,0.0,0.0,0.0
23,26372808,-,23,27199631,+,MESO,3901,TCGA-SC-A6LM-01A,TCGA-SC-A6LM-01A,1.0,0.0,0.0,0.0,0.0
23,26385739,+,23,27195648,+,MESO,3902,TCGA-SC-A6LM-01A,TCGA-SC-A6LM-01A,1.0,0.0,0.0,0.0,0.0
23,26385964,-,23,27269862,+,MESO,3903,TCGA-SC-A6LM-01A,TCGA-SC-A6LM-01A,1.0,0.0,0.0,0.0,0.0
23,27074106,-,23,27186616,+,MESO,3904,TCGA-SC-A6LM-01A,TCGA-SC-A6LM-01A,1.0,0.0,0.0,0.0,0.0
23,27074325,-,23,27208007,-,MESO,3905,TCGA-SC-A6LM-01A,TCGA-SC-A6LM-01A,1.0,0.0,0.0,0.0,0.0
23,27074326,-,23,27186541,+,MESO,3906,TCGA-SC-A6LM-01A,TCGA-SC-A6LM-01A,1.0,0.0,0.0,0.0,0.0
23,27074454,+,23,27248467,-,MESO,3907,TCGA-SC-A6LM-01A,TCGA-SC-A6LM-01A,1.0,0.0,0.0,0.0,0.0
23,27186038,-,23,27228471,+,MESO,3908,TCGA-SC-A6LM-01A,TCGA-SC-A6LM-01A,1.0,0.0,0.0,0.0,0.0
23,27186541,+,23,27208163,+,MESO,3909,TCGA-SC-A6LM-01A,TCGA-SC-A6LM-01A,1.0,0.0,0.0,0.0,0.0
23,27186729,+,23,27248369,-,MESO,3910,TCGA-SC-A6LM-01A,TCGA-SC-A6LM-01A,1.0,0.0,0.0,0.0,0.0
23,27187056,-,23,27222384,+,MESO,3911,TCGA-SC-A6LM-01A,TCGA-SC-A6LM-01A,1.0,0.0,0.0,0.0,0.0
23,27188842,+,23,27276266,+,MESO,3912,TCGA-SC-A6LM-01A,TCGA-SC-A6LM-01A,1.0,0.0,0.0,0.0,0.0
23,27188894,+,23,27192106,-,MESO,3913,TCGA-SC-A6LM-01A,TCGA-SC-A6LM-01A,1.0,0.0,0.0,0.0,0.0
23,27192197,-,23,27275972,-,MESO,3914,TCGA-SC-A6LM-01A,TCGA-SC-A6LM-01A,1.0,0.0,0.0,0.0,0.0
23,27194296,-,23,27268609,-,MESO,3915,TCGA-SC-A6LM-01A,TCGA-SC-A6LM-01A,1.0,0.0,0.0,0.0,0.0
23,27198323,-,23,27308412,+,MESO,3916,TCGA-SC-A6LM-01A,TCGA-SC-A6LM-01A,1.0,0.0,0.0,0.0,0.0
23,27207818,-,23,27248337,-,MESO,3917,TCGA-SC-A6LM-01A,TCGA-SC-A6LM-01A,1.0,0.0,0.0,0.0,0.0
23,27220886,-,23,27306918,-,MESO,3918,TCGA-SC-A6LM-01A,TCGA-SC-A6LM-01A,1.0,0.0,0.0,0.0,0.0
23,27249367,+,23,27387342,-,MESO,3919,TCGA-SC-A6LM-01A,TCGA-SC-A6LM-01A,1.0,0.0,0.0,0.0,0.0
23,74559794,+,23,74561136,-,MESO,3920,TCGA-SC-A6LM-01A,TCGA-SC-A6LM-01A,1.0,0.0,0.0,0.0,0.0
23,92719554,+,23,94571477,+,MESO,3921,TCGA-SC-A6LM-01A,TCGA-SC-A6LM-01A,1.0,0.0,0.0,0.0,0.0
23,92736511,-,23,138673635,+,MESO,3922,TCGA-SC-A6LM-01A,TCGA-SC-A6LM-01A,1.0,0.0,0.0,0.0,0.0
23,94571475,-,23,139422341,-,MESO,3923,TCGA-SC-A6LM-01A,TCGA-SC-A6LM-01A,1.0,0.0,0.0,0.0,0.0
1,50968500,+,1,50972230,-,MESO,3924,TCGA-SC-A6LN-01A,TCGA-SC-A6LN-01A,1.0,0.0,0.0,0.0,0.0
1,98166335,+,1,98215589,+,MESO,3925,TCGA-SC-A6LN-01A,TCGA-SC-A6LN-01A,1.0,0.0,0.0,0.0,0.0
1,98168817,-,1,98222674,-,MESO,3926,TCGA-SC-A6LN-01A,TCGA-SC-A6LN-01A,1.0,0.0,0.0,0.0,0.0
1,101497031,-,8,133313087,+,MESO,3927,TCGA-SC-A6LN-01A,TCGA-SC-A6LN-01A,1.0,0.0,0.0,0.0,0.0
1,112724457,+,1,112726238,-,MESO,3928,TCGA-SC-A6LN-01A,TCGA-SC-A6LN-01A,1.0,0.0,0.0,0.0,0.0
1,121792498,+,1,122167384,+,MESO,3929,TCGA-SC-A6LN-01A,TCGA-SC-A6LN-01A,1.0,0.0,0.0,0.0,0.0
1,122228065,+,1,122395378,-,MESO,3930,TCGA-SC-A6LN-01A,TCGA-SC-A6LN-01A,1.0,0.0,0.0,0.0,0.0
1,123660209,+,1,124563100,-,MESO,3931,TCGA-SC-A6LN-01A,TCGA-SC-A6LN-01A,1.0,0.0,0.0,0.0,0.0
1,146864949,-,12,100554859,+,MESO,3932,TCGA-SC-A6LN-01A,TCGA-SC-A6LN-01A,1.0,0.0,0.0,0.0,0.0
1,153036716,+,10,107663621,-,MESO,3933,TCGA-SC-A6LN-01A,TCGA-SC-A6LN-01A,1.0,0.0,0.0,0.0,0.0
1,153068547,-,10,107642226,+,MESO,3934,TCGA-SC-A6LN-01A,TCGA-SC-A6LN-01A,1.0,0.0,0.0,0.0,0.0
1,159343529,+,1,159401493,-,MESO,3935,TCGA-SC-A6LN-01A,TCGA-SC-A6LN-01A,1.0,0.0,0.0,0.0,0.0
1,206430076,+,1,206432914,-,MESO,3936,TCGA-SC-A6LN-01A,TCGA-SC-A6LN-01A,1.0,0.0,0.0,0.0,0.0
10,54090063,+,10,54106202,-,MESO,3937,TCGA-SC-A6LN-01A,TCGA-SC-A6LN-01A,1.0,0.0,0.0,0.0,0.0
10,66740943,+,10,66906327,+,MESO,3938,TCGA-SC-A6LN-01A,TCGA-SC-A6LN-01A,1.0,0.0,0.0,0.0,0.0
10,66900002,-,10,66906348,-,MESO,3939,TCGA-SC-A6LN-01A,TCGA-SC-A6LN-01A,1.0,0.0,0.0,0.0,0.0
10,109014043,+,10,109025075,-,MESO,3940,TCGA-SC-A6LN-01A,TCGA-SC-A6LN-01A,1.0,0.0,0.0,0.0,0.0
11,3419481,+,11,3422233,-,MESO,3941,TCGA-SC-A6LN-01A,TCGA-SC-A6LN-01A,1.0,0.0,0.0,0.0,0.0
11,27219410,-,11,27219482,-,MESO,3942,TCGA-SC-A6LN-01A,TCGA-SC-A6LN-01A,1.0,0.0,0.0,0.0,0.0
11,27219413,+,11,27219486,+,MESO,3943,TCGA-SC-A6LN-01A,TCGA-SC-A6LN-01A,1.0,0.0,0.0,0.0,0.0
11,39118148,-,11,39120456,-,MESO,3944,TCGA-SC-A6LN-01A,TCGA-SC-A6LN-01A,1.0,0.0,0.0,0.0,0.0
11,42196258,-,11,42199865,-,MESO,3945,TCGA-SC-A6LN-01A,TCGA-SC-A6LN-01A,1.0,0.0,0.0,0.0,0.0
11,44085520,+,11,44094547,+,MESO,3946,TCGA-SC-A6LN-01A,TCGA-SC-A6LN-01A,1.0,0.0,0.0,0.0,0.0
11,44085543,-,11,45970683,-,MESO,3947,TCGA-SC-A6LN-01A,TCGA-SC-A6LN-01A,1.0,0.0,0.0,0.0,0.0
11,44094543,-,11,119142974,+,MESO,3948,TCGA-SC-A6LN-01A,TCGA-SC-A6LN-01A,1.0,0.0,0.0,0.0,0.0
11,45785274,+,11,119143004,-,MESO,3949,TCGA-SC-A6LN-01A,TCGA-SC-A6LN-01A,1.0,0.0,0.0,0.0,0.0
11,45799620,-,11,45801543,-,MESO,3950,TCGA-SC-A6LN-01A,TCGA-SC-A6LN-01A,1.0,0.0,0.0,0.0,0.0
11,45801536,+,11,119180141,-,MESO,3951,TCGA-SC-A6LN-01A,TCGA-SC-A6LN-01A,1.0,0.0,0.0,0.0,0.0
11,45970658,+,11,119175746,-,MESO,3952,TCGA-SC-A6LN-01A,TCGA-SC-A6LN-01A,1.0,0.0,0.0,0.0,0.0
11,101515780,+,11,101529451,-,MESO,3953,TCGA-SC-A6LN-01A,TCGA-SC-A6LN-01A,1.0,0.0,0.0,0.0,0.0
11,119144602,+,11,119180131,+,MESO,3954,TCGA-SC-A6LN-01A,TCGA-SC-A6LN-01A,1.0,0.0,0.0,0.0,0.0
12,11670685,+,12,11704900,-,MESO,3955,TCGA-SC-A6LN-01A,TCGA-SC-A6LN-01A,1.0,0.0,0.0,0.0,0.0
12,11670685,+,18,12270328,-,MESO,3956,TCGA-SC-A6LN-01A,TCGA-SC-A6LN-01A,1.0,0.0,0.0,0.0,0.0
12,11705016,+,18,12270327,-,MESO,3957,TCGA-SC-A6LN-01A,TCGA-SC-A6LN-01A,1.0,0.0,0.0,0.0,0.0
12,23252522,-,18,12072707,+,MESO,3958,TCGA-SC-A6LN-01A,TCGA-SC-A6LN-01A,1.0,0.0,0.0,0.0,0.0
12,34773707,+,12,34788322,-,MESO,3959,TCGA-SC-A6LN-01A,TCGA-SC-A6LN-01A,1.0,0.0,0.0,0.0,0.0
12,50779190,+,24,2891872,-,MESO,3960,TCGA-SC-A6LN-01A,TCGA-SC-A6LN-01A,1.0,0.0,0.0,0.0,0.0
12,99330771,+,12,99393971,-,MESO,3961,TCGA-SC-A6LN-01A,TCGA-SC-A6LN-01A,1.0,0.0,0.0,0.0,0.0
12,99331772,+,12,100564815,-,MESO,3962,TCGA-SC-A6LN-01A,TCGA-SC-A6LN-01A,1.0,0.0,0.0,0.0,0.0
13,17574588,+,13,17840473,-,MESO,3963,TCGA-SC-A6LN-01A,TCGA-SC-A6LN-01A,1.0,0.0,0.0,0.0,0.0
13,21067726,+,13,21084195,-,MESO,3964,TCGA-SC-A6LN-01A,TCGA-SC-A6LN-01A,1.0,0.0,0.0,0.0,0.0
13,93086948,+,13,93097062,-,MESO,3965,TCGA-SC-A6LN-01A,TCGA-SC-A6LN-01A,1.0,0.0,0.0,0.0,0.0
13,94231090,+,13,94259797,-,MESO,3966,TCGA-SC-A6LN-01A,TCGA-SC-A6LN-01A,1.0,0.0,0.0,0.0,0.0
14,55372633,+,16,35856003,+,MESO,3967,TCGA-SC-A6LN-01A,TCGA-SC-A6LN-01A,1.0,0.0,0.0,0.0,0.0
14,55372710,-,16,35856208,-,MESO,3968,TCGA-SC-A6LN-01A,TCGA-SC-A6LN-01A,1.0,0.0,0.0,0.0,0.0
15,25236128,-,15,27382886,-,MESO,3969,TCGA-SC-A6LN-01A,TCGA-SC-A6LN-01A,1.0,0.0,0.0,0.0,0.0
15,25345112,+,15,27369083,+,MESO,3970,TCGA-SC-A6LN-01A,TCGA-SC-A6LN-01A,1.0,0.0,0.0,0.0,0.0
15,25345128,-,15,27387383,+,MESO,3971,TCGA-SC-A6LN-01A,TCGA-SC-A6LN-01A,1.0,0.0,0.0,0.0,0.0
15,27369135,+,15,27458909,-,MESO,3972,TCGA-SC-A6LN-01A,TCGA-SC-A6LN-01A,1.0,0.0,0.0,0.0,0.0
15,85063498,+,15,85067879,-,MESO,3973,TCGA-SC-A6LN-01A,TCGA-SC-A6LN-01A,1.0,0.0,0.0,0.0,0.0
16,6470237,+,16,6665695,-,MESO,3974,TCGA-SC-A6LN-01A,TCGA-SC-A6LN-01A,1.0,0.0,0.0,0.0,0.0
16,6635888,+,16,6637201,-,MESO,3975,TCGA-SC-A6LN-01A,TCGA-SC-A6LN-01A,1.0,0.0,0.0,0.0,0.0
16,6740454,+,16,6780379,-,MESO,3976,TCGA-SC-A6LN-01A,TCGA-SC-A6LN-01A,1.0,0.0,0.0,0.0,0.0
16,46556030,+,16,46569054,-,MESO,3977,TCGA-SC-A6LN-01A,TCGA-SC-A6LN-01A,1.0,0.0,0.0,0.0,0.0
18,66435075,+,18,69574975,+,MESO,3978,TCGA-SC-A6LN-01A,TCGA-SC-A6LN-01A,1.0,0.0,0.0,0.0,0.0
18,66749859,-,18,68903848,-,MESO,3979,TCGA-SC-A6LN-01A,TCGA-SC-A6LN-01A,1.0,0.0,0.0,0.0,0.0
18,66915938,+,18,67114383,-,MESO,3980,TCGA-SC-A6LN-01A,TCGA-SC-A6LN-01A,1.0,0.0,0.0,0.0,0.0
18,68861267,-,18,70019539,+,MESO,3981,TCGA-SC-A6LN-01A,TCGA-SC-A6LN-01A,1.0,0.0,0.0,0.0,0.0
18,68862332,+,18,68972007,+,MESO,3982,TCGA-SC-A6LN-01A,TCGA-SC-A6LN-01A,1.0,0.0,0.0,0.0,0.0
18,69750394,-,18,70154333,-,MESO,3983,TCGA-SC-A6LN-01A,TCGA-SC-A6LN-01A,1.0,0.0,0.0,0.0,0.0
18,78924348,-,18,78925009,-,MESO,3984,TCGA-SC-A6LN-01A,TCGA-SC-A6LN-01A,1.0,0.0,0.0,0.0,0.0
19,1901020,+,19,1901604,-,MESO,3985,TCGA-SC-A6LN-01A,TCGA-SC-A6LN-01A,1.0,0.0,0.0,0.0,0.0
19,8981941,+,23,13244371,-,MESO,3986,TCGA-SC-A6LN-01A,TCGA-SC-A6LN-01A,1.0,0.0,0.0,0.0,0.0
19,14090029,-,22,20450102,+,MESO,3987,TCGA-SC-A6LN-01A,TCGA-SC-A6LN-01A,1.0,0.0,0.0,0.0,0.0
19,41856576,+,19,41886687,-,MESO,3988,TCGA-SC-A6LN-01A,TCGA-SC-A6LN-01A,1.0,0.0,0.0,0.0,0.0
19,50879636,+,19,50919749,-,MESO,3989,TCGA-SC-A6LN-01A,TCGA-SC-A6LN-01A,1.0,0.0,0.0,0.0,0.0
2,25943669,+,8,42327811,+,MESO,3990,TCGA-SC-A6LN-01A,TCGA-SC-A6LN-01A,1.0,0.0,0.0,0.0,0.0
2,52136306,+,2,52136829,-,MESO,3991,TCGA-SC-A6LN-01A,TCGA-SC-A6LN-01A,1.0,0.0,0.0,0.0,0.0
2,106193012,+,2,106199016,-,MESO,3992,TCGA-SC-A6LN-01A,TCGA-SC-A6LN-01A,1.0,0.0,0.0,0.0,0.0
2,161764235,+,2,161851059,-,MESO,3993,TCGA-SC-A6LN-01A,TCGA-SC-A6LN-01A,1.0,0.0,0.0,0.0,0.0
20,29042587,-,22,12299304,-,MESO,3994,TCGA-SC-A6LN-01A,TCGA-SC-A6LN-01A,1.0,0.0,0.0,0.0,0.0
20,36107323,+,20,36117183,-,MESO,3995,TCGA-SC-A6LN-01A,TCGA-SC-A6LN-01A,1.0,0.0,0.0,0.0,0.0
22,17231493,+,22,17233240,-,MESO,3996,TCGA-SC-A6LN-01A,TCGA-SC-A6LN-01A,1.0,0.0,0.0,0.0,0.0
22,27004596,+,22,28729214,-,MESO,3997,TCGA-SC-A6LN-01A,TCGA-SC-A6LN-01A,1.0,0.0,0.0,0.0,0.0
22,29618915,+,22,29662668,-,MESO,3998,TCGA-SC-A6LN-01A,TCGA-SC-A6LN-01A,1.0,0.0,0.0,0.0,0.0
3,45077824,+,3,45197006,+,MESO,3999,TCGA-SC-A6LN-01A,TCGA-SC-A6LN-01A,1.0,0.0,0.0,0.0,0.0
3,45091293,-,3,45198175,-,MESO,4000,TCGA-SC-A6LN-01A,TCGA-SC-A6LN-01A,1.0,0.0,0.0,0.0,0.0
3,63085987,+,3,146754308,+,MESO,4001,TCGA-SC-A6LN-01A,TCGA-SC-A6LN-01A,1.0,0.0,0.0,0.0,0.0
3,63085992,-,3,146754346,-,MESO,4002,TCGA-SC-A6LN-01A,TCGA-SC-A6LN-01A,1.0,0.0,0.0,0.0,0.0
3,113715046,+,3,113722551,-,MESO,4003,TCGA-SC-A6LN-01A,TCGA-SC-A6LN-01A,1.0,0.0,0.0,0.0,0.0
3,117048857,+,3,117058739,-,MESO,4004,TCGA-SC-A6LN-01A,TCGA-SC-A6LN-01A,1.0,0.0,0.0,0.0,0.0
3,147711242,+,3,147718724,-,MESO,4005,TCGA-SC-A6LN-01A,TCGA-SC-A6LN-01A,1.0,0.0,0.0,0.0,0.0
3,184438853,-,9,110144944,+,MESO,4006,TCGA-SC-A6LN-01A,TCGA-SC-A6LN-01A,1.0,0.0,0.0,0.0,0.0
4,68736906,+,4,68750711,-,MESO,4007,TCGA-SC-A6LN-01A,TCGA-SC-A6LN-01A,1.0,0.0,0.0,0.0,0.0
4,68758925,+,4,68764499,-,MESO,4008,TCGA-SC-A6LN-01A,TCGA-SC-A6LN-01A,1.0,0.0,0.0,0.0,0.0
4,81471919,-,15,54438784,+,MESO,4009,TCGA-SC-A6LN-01A,TCGA-SC-A6LN-01A,1.0,0.0,0.0,0.0,0.0
4,81472178,+,15,54472964,-,MESO,4010,TCGA-SC-A6LN-01A,TCGA-SC-A6LN-01A,1.0,0.0,0.0,0.0,0.0
5,8837320,+,5,25026887,+,MESO,4011,TCGA-SC-A6LN-01A,TCGA-SC-A6LN-01A,1.0,0.0,0.0,0.0,0.0
5,16336249,+,5,19162185,-,MESO,4012,TCGA-SC-A6LN-01A,TCGA-SC-A6LN-01A,1.0,0.0,0.0,0.0,0.0
5,24299544,-,5,25133458,-,MESO,4013,TCGA-SC-A6LN-01A,TCGA-SC-A6LN-01A,1.0,0.0,0.0,0.0,0.0
5,25402199,+,5,25695084,-,MESO,4014,TCGA-SC-A6LN-01A,TCGA-SC-A6LN-01A,1.0,0.0,0.0,0.0,0.0
5,52366526,+,18,78935516,+,MESO,4015,TCGA-SC-A6LN-01A,TCGA-SC-A6LN-01A,1.0,0.0,0.0,0.0,0.0
5,147622261,+,5,147814074,+,MESO,4016,TCGA-SC-A6LN-01A,TCGA-SC-A6LN-01A,1.0,0.0,0.0,0.0,0.0
5,147622276,-,5,147820355,-,MESO,4017,TCGA-SC-A6LN-01A,TCGA-SC-A6LN-01A,1.0,0.0,0.0,0.0,0.0
5,147622609,+,5,147798845,-,MESO,4018,TCGA-SC-A6LN-01A,TCGA-SC-A6LN-01A,1.0,0.0,0.0,0.0,0.0
5,164117497,+,5,164741179,+,MESO,4019,TCGA-SC-A6LN-01A,TCGA-SC-A6LN-01A,1.0,0.0,0.0,0.0,0.0
5,164117506,-,5,164741179,-,MESO,4020,TCGA-SC-A6LN-01A,TCGA-SC-A6LN-01A,1.0,0.0,0.0,0.0,0.0
6,94110559,+,6,94145445,-,MESO,4021,TCGA-SC-A6LN-01A,TCGA-SC-A6LN-01A,1.0,0.0,0.0,0.0,0.0
6,154300827,+,6,162442736,-,MESO,4022,TCGA-SC-A6LN-01A,TCGA-SC-A6LN-01A,1.0,0.0,0.0,0.0,0.0
7,70169988,+,7,156239499,-,MESO,4023,TCGA-SC-A6LN-01A,TCGA-SC-A6LN-01A,1.0,0.0,0.0,0.0,0.0
7,82842032,+,7,82846706,-,MESO,4024,TCGA-SC-A6LN-01A,TCGA-SC-A6LN-01A,1.0,0.0,0.0,0.0,0.0
7,86167450,+,7,87729579,+,MESO,4025,TCGA-SC-A6LN-01A,TCGA-SC-A6LN-01A,1.0,0.0,0.0,0.0,0.0
7,86424415,-,7,87819281,-,MESO,4026,TCGA-SC-A6LN-01A,TCGA-SC-A6LN-01A,1.0,0.0,0.0,0.0,0.0
8,3765502,+,8,3958270,-,MESO,4027,TCGA-SC-A6LN-01A,TCGA-SC-A6LN-01A,1.0,0.0,0.0,0.0,0.0
9,11313263,+,9,21824505,+,MESO,4028,TCGA-SC-A6LN-01A,TCGA-SC-A6LN-01A,1.0,0.0,0.0,0.0,0.0
9,11313275,-,9,21824263,-,MESO,4029,TCGA-SC-A6LN-01A,TCGA-SC-A6LN-01A,1.0,0.0,0.0,0.0,0.0
9,11317482,+,9,11449090,-,MESO,4030,TCGA-SC-A6LN-01A,TCGA-SC-A6LN-01A,1.0,0.0,0.0,0.0,0.0
9,11439251,-,9,21824093,+,MESO,4031,TCGA-SC-A6LN-01A,TCGA-SC-A6LN-01A,1.0,0.0,0.0,0.0,0.0
9,11449010,+,9,12593078,-,MESO,4032,TCGA-SC-A6LN-01A,TCGA-SC-A6LN-01A,1.0,0.0,0.0,0.0,0.0
9,11624276,+,9,11991812,-,MESO,4033,TCGA-SC-A6LN-01A,TCGA-SC-A6LN-01A,1.0,0.0,0.0,0.0,0.0
9,12593066,+,9,22792451,+,MESO,4034,TCGA-SC-A6LN-01A,TCGA-SC-A6LN-01A,1.0,0.0,0.0,0.0,0.0
9,12610196,+,9,22825754,+,MESO,4035,TCGA-SC-A6LN-01A,TCGA-SC-A6LN-01A,1.0,0.0,0.0,0.0,0.0
9,12610222,-,9,22020793,+,MESO,4036,TCGA-SC-A6LN-01A,TCGA-SC-A6LN-01A,1.0,0.0,0.0,0.0,0.0
9,22019213,-,9,22022175,-,MESO,4037,TCGA-SC-A6LN-01A,TCGA-SC-A6LN-01A,1.0,0.0,0.0,0.0,0.0
9,22825058,-,9,23082683,-,MESO,4038,TCGA-SC-A6LN-01A,TCGA-SC-A6LN-01A,1.0,0.0,0.0,0.0,0.0
9,77363038,+,15,46919484,+,MESO,4039,TCGA-SC-A6LN-01A,TCGA-SC-A6LN-01A,1.0,0.0,0.0,0.0,0.0
9,77454498,-,9,78579652,-,MESO,4040,TCGA-SC-A6LN-01A,TCGA-SC-A6LN-01A,1.0,0.0,0.0,0.0,0.0
9,77491204,+,9,79475097,-,MESO,4041,TCGA-SC-A6LN-01A,TCGA-SC-A6LN-01A,1.0,0.0,0.0,0.0,0.0
9,78336760,-,9,79034679,-,MESO,4042,TCGA-SC-A6LN-01A,TCGA-SC-A6LN-01A,1.0,0.0,0.0,0.0,0.0
9,78341042,+,15,46371755,-,MESO,4043,TCGA-SC-A6LN-01A,TCGA-SC-A6LN-01A,1.0,0.0,0.0,0.0,0.0
9,78341115,-,9,80043367,-,MESO,4044,TCGA-SC-A6LN-01A,TCGA-SC-A6LN-01A,1.0,0.0,0.0,0.0,0.0
9,78391357,+,15,46992186,-,MESO,4045,TCGA-SC-A6LN-01A,TCGA-SC-A6LN-01A,1.0,0.0,0.0,0.0,0.0
9,78391579,+,15,46992187,-,MESO,4046,TCGA-SC-A6LN-01A,TCGA-SC-A6LN-01A,1.0,0.0,0.0,0.0,0.0
9,79005537,+,9,79171523,+,MESO,4047,TCGA-SC-A6LN-01A,TCGA-SC-A6LN-01A,1.0,0.0,0.0,0.0,0.0
9,79036217,-,9,79171521,-,MESO,4048,TCGA-SC-A6LN-01A,TCGA-SC-A6LN-01A,1.0,0.0,0.0,0.0,0.0
9,79036219,+,15,46454235,-,MESO,4049,TCGA-SC-A6LN-01A,TCGA-SC-A6LN-01A,1.0,0.0,0.0,0.0,0.0
9,79053267,+,9,79136590,-,MESO,4050,TCGA-SC-A6LN-01A,TCGA-SC-A6LN-01A,1.0,0.0,0.0,0.0,0.0
9,79053329,-,9,80025796,-,MESO,4051,TCGA-SC-A6LN-01A,TCGA-SC-A6LN-01A,1.0,0.0,0.0,0.0,0.0
9,79105602,+,9,79178210,+,MESO,4052,TCGA-SC-A6LN-01A,TCGA-SC-A6LN-01A,1.0,0.0,0.0,0.0,0.0
9,79479555,+,9,80058892,+,MESO,4053,TCGA-SC-A6LN-01A,TCGA-SC-A6LN-01A,1.0,0.0,0.0,0.0,0.0
9,80043350,+,15,46379484,+,MESO,4054,TCGA-SC-A6LN-01A,TCGA-SC-A6LN-01A,1.0,0.0,0.0,0.0,0.0
9,80622708,+,9,87543182,-,MESO,4055,TCGA-SC-A6LN-01A,TCGA-SC-A6LN-01A,1.0,0.0,0.0,0.0,0.0
9,80622836,-,9,80651058,-,MESO,4056,TCGA-SC-A6LN-01A,TCGA-SC-A6LN-01A,1.0,0.0,0.0,0.0,0.0
9,80650462,+,9,80691643,-,MESO,4057,TCGA-SC-A6LN-01A,TCGA-SC-A6LN-01A,1.0,0.0,0.0,0.0,0.0
9,80650478,-,9,82310644,+,MESO,4058,TCGA-SC-A6LN-01A,TCGA-SC-A6LN-01A,1.0,0.0,0.0,0.0,0.0
9,80651033,+,9,87381128,-,MESO,4059,TCGA-SC-A6LN-01A,TCGA-SC-A6LN-01A,1.0,0.0,0.0,0.0,0.0
9,80651381,+,9,82332212,+,MESO,4060,TCGA-SC-A6LN-01A,TCGA-SC-A6LN-01A,1.0,0.0,0.0,0.0,0.0
9,80651436,-,9,87543150,+,MESO,4061,TCGA-SC-A6LN-01A,TCGA-SC-A6LN-01A,1.0,0.0,0.0,0.0,0.0
9,80691490,+,9,87548092,+,MESO,4062,TCGA-SC-A6LN-01A,TCGA-SC-A6LN-01A,1.0,0.0,0.0,0.0,0.0
9,82101620,+,9,87548095,-,MESO,4063,TCGA-SC-A6LN-01A,TCGA-SC-A6LN-01A,1.0,0.0,0.0,0.0,0.0
9,82101675,-,9,82310714,-,MESO,4064,TCGA-SC-A6LN-01A,TCGA-SC-A6LN-01A,1.0,0.0,0.0,0.0,0.0
9,86763699,-,9,87551817,+,MESO,4065,TCGA-SC-A6LN-01A,TCGA-SC-A6LN-01A,1.0,0.0,0.0,0.0,0.0
9,87381117,+,9,87383212,-,MESO,4066,TCGA-SC-A6LN-01A,TCGA-SC-A6LN-01A,1.0,0.0,0.0,0.0,0.0
9,87383215,+,15,40519832,-,MESO,4067,TCGA-SC-A6LN-01A,TCGA-SC-A6LN-01A,1.0,0.0,0.0,0.0,0.0
9,87551815,-,15,40394250,+,MESO,4068,TCGA-SC-A6LN-01A,TCGA-SC-A6LN-01A,1.0,0.0,0.0,0.0,0.0
9,117234610,-,9,117349309,+,MESO,4069,TCGA-SC-A6LN-01A,TCGA-SC-A6LN-01A,1.0,0.0,0.0,0.0,0.0
23,32524823,+,23,32533708,-,MESO,4070,TCGA-SC-A6LN-01A,TCGA-SC-A6LN-01A,1.0,0.0,0.0,0.0,0.0
23,141909835,+,23,142193158,+,MESO,4071,TCGA-SC-A6LN-01A,TCGA-SC-A6LN-01A,1.0,0.0,0.0,0.0,0.0
1,51455481,+,9,16896159,-,MESO,4072,TCGA-SC-A6LP-01A,TCGA-SC-A6LP-01A,1.0,0.0,0.0,0.0,0.0
1,122767560,-,1,122775479,+,MESO,4073,TCGA-SC-A6LP-01A,TCGA-SC-A6LP-01A,1.0,0.0,0.0,0.0,0.0
1,123034969,-,1,123036265,+,MESO,4074,TCGA-SC-A6LP-01A,TCGA-SC-A6LP-01A,1.0,0.0,0.0,0.0,0.0
1,123323048,-,1,123325169,+,MESO,4075,TCGA-SC-A6LP-01A,TCGA-SC-A6LP-01A,1.0,0.0,0.0,0.0,0.0
1,124208383,-,1,124213255,+,MESO,4076,TCGA-SC-A6LP-01A,TCGA-SC-A6LP-01A,1.0,0.0,0.0,0.0,0.0
1,124352820,-,1,124353999,+,MESO,4077,TCGA-SC-A6LP-01A,TCGA-SC-A6LP-01A,1.0,0.0,0.0,0.0,0.0
1,124428000,-,1,124430140,+,MESO,4078,TCGA-SC-A6LP-01A,TCGA-SC-A6LP-01A,1.0,0.0,0.0,0.0,0.0
1,124780227,-,1,124781296,+,MESO,4079,TCGA-SC-A6LP-01A,TCGA-SC-A6LP-01A,1.0,0.0,0.0,0.0,0.0
1,184800061,-,15,19845825,+,MESO,4080,TCGA-SC-A6LP-01A,TCGA-SC-A6LP-01A,1.0,0.0,0.0,0.0,0.0
12,45799067,+,12,45857013,-,MESO,4081,TCGA-SC-A6LP-01A,TCGA-SC-A6LP-01A,1.0,0.0,0.0,0.0,0.0
13,17215671,-,13,17217107,+,MESO,4082,TCGA-SC-A6LP-01A,TCGA-SC-A6LP-01A,1.0,0.0,0.0,0.0,0.0
16,6370273,+,16,6726332,-,MESO,4083,TCGA-SC-A6LP-01A,TCGA-SC-A6LP-01A,1.0,0.0,0.0,0.0,0.0
16,6561236,+,16,6642262,-,MESO,4084,TCGA-SC-A6LP-01A,TCGA-SC-A6LP-01A,1.0,0.0,0.0,0.0,0.0
16,7023805,-,16,7033519,-,MESO,4085,TCGA-SC-A6LP-01A,TCGA-SC-A6LP-01A,1.0,0.0,0.0,0.0,0.0
17,22874935,+,17,22894052,-,MESO,4086,TCGA-SC-A6LP-01A,TCGA-SC-A6LP-01A,1.0,0.0,0.0,0.0,0.0
17,26563065,-,17,26568275,+,MESO,4087,TCGA-SC-A6LP-01A,TCGA-SC-A6LP-01A,1.0,0.0,0.0,0.0,0.0
18,15643403,-,18,15768768,+,MESO,4088,TCGA-SC-A6LP-01A,TCGA-SC-A6LP-01A,1.0,0.0,0.0,0.0,0.0
2,63658737,+,8,124377308,-,MESO,4089,TCGA-SC-A6LP-01A,TCGA-SC-A6LP-01A,1.0,0.0,0.0,0.0,0.0
2,146405222,+,2,146419032,-,MESO,4090,TCGA-SC-A6LP-01A,TCGA-SC-A6LP-01A,1.0,0.0,0.0,0.0,0.0
3,84053642,+,12,75291573,-,MESO,4091,TCGA-SC-A6LP-01A,TCGA-SC-A6LP-01A,1.0,0.0,0.0,0.0,0.0
3,91361000,+,6,57659624,+,MESO,4092,TCGA-SC-A6LP-01A,TCGA-SC-A6LP-01A,1.0,0.0,0.0,0.0,0.0
4,73158189,+,8,74081054,+,MESO,4093,TCGA-SC-A6LP-01A,TCGA-SC-A6LP-01A,1.0,0.0,0.0,0.0,0.0
5,4895065,-,18,66245061,+,MESO,4094,TCGA-SC-A6LP-01A,TCGA-SC-A6LP-01A,1.0,0.0,0.0,0.0,0.0
5,49671560,-,5,49674504,+,MESO,4095,TCGA-SC-A6LP-01A,TCGA-SC-A6LP-01A,1.0,0.0,0.0,0.0,0.0
5,49759131,+,5,49926847,-,MESO,4096,TCGA-SC-A6LP-01A,TCGA-SC-A6LP-01A,1.0,0.0,0.0,0.0,0.0
5,49802892,-,5,49809646,+,MESO,4097,TCGA-SC-A6LP-01A,TCGA-SC-A6LP-01A,1.0,0.0,0.0,0.0,0.0
5,49834712,+,5,49905225,-,MESO,4098,TCGA-SC-A6LP-01A,TCGA-SC-A6LP-01A,1.0,0.0,0.0,0.0,0.0
6,1410547,-,6,2242003,-,MESO,4099,TCGA-SC-A6LP-01A,TCGA-SC-A6LP-01A,1.0,0.0,0.0,0.0,0.0
6,1502728,+,6,2253419,+,MESO,4100,TCGA-SC-A6LP-01A,TCGA-SC-A6LP-01A,1.0,0.0,0.0,0.0,0.0
6,1651836,-,8,143305677,+,MESO,4101,TCGA-SC-A6LP-01A,TCGA-SC-A6LP-01A,1.0,0.0,0.0,0.0,0.0
6,2257497,+,6,2266012,+,MESO,4102,TCGA-SC-A6LP-01A,TCGA-SC-A6LP-01A,1.0,0.0,0.0,0.0,0.0
6,2259693,-,8,142578601,-,MESO,4103,TCGA-SC-A6LP-01A,TCGA-SC-A6LP-01A,1.0,0.0,0.0,0.0,0.0
6,37719669,-,8,100655682,-,MESO,4104,TCGA-SC-A6LP-01A,TCGA-SC-A6LP-01A,1.0,0.0,0.0,0.0,0.0
6,39781514,-,8,125016197,+,MESO,4105,TCGA-SC-A6LP-01A,TCGA-SC-A6LP-01A,1.0,0.0,0.0,0.0,0.0
6,39994812,+,8,116043408,-,MESO,4106,TCGA-SC-A6LP-01A,TCGA-SC-A6LP-01A,1.0,0.0,0.0,0.0,0.0
6,42316598,+,6,43732584,-,MESO,4107,TCGA-SC-A6LP-01A,TCGA-SC-A6LP-01A,1.0,0.0,0.0,0.0,0.0
7,51928942,-,7,71685607,-,MESO,4108,TCGA-SC-A6LP-01A,TCGA-SC-A6LP-01A,1.0,0.0,0.0,0.0,0.0
7,62539806,-,7,62544192,+,MESO,4109,TCGA-SC-A6LP-01A,TCGA-SC-A6LP-01A,1.0,0.0,0.0,0.0,0.0
7,93886426,+,7,93899525,-,MESO,4110,TCGA-SC-A6LP-01A,TCGA-SC-A6LP-01A,1.0,0.0,0.0,0.0,0.0
8,13622543,+,23,135115029,+,MESO,4111,TCGA-SC-A6LP-01A,TCGA-SC-A6LP-01A,1.0,0.0,0.0,0.0,0.0
8,67314658,-,13,34747948,+,MESO,4112,TCGA-SC-A6LP-01A,TCGA-SC-A6LP-01A,1.0,0.0,0.0,0.0,0.0
8,70920680,+,8,70938771,-,MESO,4113,TCGA-SC-A6LP-01A,TCGA-SC-A6LP-01A,1.0,0.0,0.0,0.0,0.0
8,141887059,+,8,143305441,-,MESO,4114,TCGA-SC-A6LP-01A,TCGA-SC-A6LP-01A,1.0,0.0,0.0,0.0,0.0
9,21912974,+,9,22140999,-,MESO,4115,TCGA-SC-A6LP-01A,TCGA-SC-A6LP-01A,1.0,0.0,0.0,0.0,0.0
9,40522456,+,22,16087618,+,MESO,4116,TCGA-SC-A6LP-01A,TCGA-SC-A6LP-01A,1.0,0.0,0.0,0.0,0.0
9,45269817,-,9,45391162,+,MESO,4117,TCGA-SC-A6LP-01A,TCGA-SC-A6LP-01A,1.0,0.0,0.0,0.0,0.0
9,65385067,-,9,65386447,+,MESO,4118,TCGA-SC-A6LP-01A,TCGA-SC-A6LP-01A,1.0,0.0,0.0,0.0,0.0
23,129384653,+,23,129408195,-,MESO,4119,TCGA-SC-A6LP-01A,TCGA-SC-A6LP-01A,1.0,0.0,0.0,0.0,0.0
10,62987879,+,10,63003860,-,MESO,4120,TCGA-SC-A6LQ-01A,TCGA-SC-A6LQ-01A,1.0,0.0,0.0,0.0,0.0
10,66778736,+,10,66783586,-,MESO,4121,TCGA-SC-A6LQ-01A,TCGA-SC-A6LQ-01A,1.0,0.0,0.0,0.0,0.0
10,130574437,-,12,22655800,+,MESO,4122,TCGA-SC-A6LQ-01A,TCGA-SC-A6LQ-01A,1.0,0.0,0.0,0.0,0.0
11,56431547,-,11,57615445,+,MESO,4123,TCGA-SC-A6LQ-01A,TCGA-SC-A6LQ-01A,1.0,0.0,0.0,0.0,0.0
11,56824523,-,16,51736822,-,MESO,4124,TCGA-SC-A6LQ-01A,TCGA-SC-A6LQ-01A,1.0,0.0,0.0,0.0,0.0
11,56836036,+,16,72621393,+,MESO,4125,TCGA-SC-A6LQ-01A,TCGA-SC-A6LQ-01A,1.0,0.0,0.0,0.0,0.0
11,57349627,-,16,72618413,-,MESO,4126,TCGA-SC-A6LQ-01A,TCGA-SC-A6LQ-01A,1.0,0.0,0.0,0.0,0.0
11,60190351,-,16,49664637,-,MESO,4127,TCGA-SC-A6LQ-01A,TCGA-SC-A6LQ-01A,1.0,0.0,0.0,0.0,0.0
11,74617958,+,11,74654475,-,MESO,4128,TCGA-SC-A6LQ-01A,TCGA-SC-A6LQ-01A,1.0,0.0,0.0,0.0,0.0
11,80967402,+,11,85092152,+,MESO,4129,TCGA-SC-A6LQ-01A,TCGA-SC-A6LQ-01A,1.0,0.0,0.0,0.0,0.0
11,80989613,-,11,81405948,-,MESO,4130,TCGA-SC-A6LQ-01A,TCGA-SC-A6LQ-01A,1.0,0.0,0.0,0.0,0.0
11,83218817,+,18,11907934,+,MESO,4131,TCGA-SC-A6LQ-01A,TCGA-SC-A6LQ-01A,1.0,0.0,0.0,0.0,0.0
11,84514683,-,18,12266173,-,MESO,4132,TCGA-SC-A6LQ-01A,TCGA-SC-A6LQ-01A,1.0,0.0,0.0,0.0,0.0
11,116851750,-,16,69994326,+,MESO,4133,TCGA-SC-A6LQ-01A,TCGA-SC-A6LQ-01A,1.0,0.0,0.0,0.0,0.0
12,35037078,+,12,35829351,-,MESO,4134,TCGA-SC-A6LQ-01A,TCGA-SC-A6LQ-01A,1.0,0.0,0.0,0.0,0.0
13,16302975,+,13,16569738,-,MESO,4135,TCGA-SC-A6LQ-01A,TCGA-SC-A6LQ-01A,1.0,0.0,0.0,0.0,0.0
13,18270990,+,22,24610889,+,MESO,4136,TCGA-SC-A6LQ-01A,TCGA-SC-A6LQ-01A,1.0,0.0,0.0,0.0,0.0
15,20207326,+,16,33644029,+,MESO,4137,TCGA-SC-A6LQ-01A,TCGA-SC-A6LQ-01A,1.0,0.0,0.0,0.0,0.0
16,2778002,+,16,3282444,-,MESO,4138,TCGA-SC-A6LQ-01A,TCGA-SC-A6LQ-01A,1.0,0.0,0.0,0.0,0.0
16,6403447,+,16,6450876,-,MESO,4139,TCGA-SC-A6LQ-01A,TCGA-SC-A6LQ-01A,1.0,0.0,0.0,0.0,0.0
16,50772287,-,18,11922832,+,MESO,4140,TCGA-SC-A6LQ-01A,TCGA-SC-A6LQ-01A,1.0,0.0,0.0,0.0,0.0
17,21576780,-,17,22468680,-,MESO,4141,TCGA-SC-A6LQ-01A,TCGA-SC-A6LQ-01A,1.0,0.0,0.0,0.0,0.0
17,22825183,-,17,22844044,+,MESO,4142,TCGA-SC-A6LQ-01A,TCGA-SC-A6LQ-01A,1.0,0.0,0.0,0.0,0.0
18,11915067,-,18,15236658,-,MESO,4143,TCGA-SC-A6LQ-01A,TCGA-SC-A6LQ-01A,1.0,0.0,0.0,0.0,0.0
18,15665550,-,18,15711651,+,MESO,4144,TCGA-SC-A6LQ-01A,TCGA-SC-A6LQ-01A,1.0,0.0,0.0,0.0,0.0
18,20737956,+,18,20802943,-,MESO,4145,TCGA-SC-A6LQ-01A,TCGA-SC-A6LQ-01A,1.0,0.0,0.0,0.0,0.0
19,34443589,+,19,34499200,-,MESO,4146,TCGA-SC-A6LQ-01A,TCGA-SC-A6LQ-01A,1.0,0.0,0.0,0.0,0.0
19,51095190,+,19,51159857,-,MESO,4147,TCGA-SC-A6LQ-01A,TCGA-SC-A6LQ-01A,1.0,0.0,0.0,0.0,0.0
2,94567340,+,15,19818946,-,MESO,4148,TCGA-SC-A6LQ-01A,TCGA-SC-A6LQ-01A,1.0,0.0,0.0,0.0,0.0
2,98369056,+,17,22288901,+,MESO,4149,TCGA-SC-A6LQ-01A,TCGA-SC-A6LQ-01A,1.0,0.0,0.0,0.0,0.0
2,114721695,+,2,115901020,-,MESO,4150,TCGA-SC-A6LQ-01A,TCGA-SC-A6LQ-01A,1.0,0.0,0.0,0.0,0.0
2,115910285,+,2,115913432,-,MESO,4151,TCGA-SC-A6LQ-01A,TCGA-SC-A6LQ-01A,1.0,0.0,0.0,0.0,0.0
2,181112956,+,2,182132728,-,MESO,4152,TCGA-SC-A6LQ-01A,TCGA-SC-A6LQ-01A,1.0,0.0,0.0,0.0,0.0
2,182205806,+,17,64181798,-,MESO,4153,TCGA-SC-A6LQ-01A,TCGA-SC-A6LQ-01A,1.0,0.0,0.0,0.0,0.0
20,19084414,+,20,19088389,-,MESO,4154,TCGA-SC-A6LQ-01A,TCGA-SC-A6LQ-01A,1.0,0.0,0.0,0.0,0.0
20,26614782,-,20,26620259,+,MESO,4155,TCGA-SC-A6LQ-01A,TCGA-SC-A6LQ-01A,1.0,0.0,0.0,0.0,0.0
20,29720939,-,20,30148799,-,MESO,4156,TCGA-SC-A6LQ-01A,TCGA-SC-A6LQ-01A,1.0,0.0,0.0,0.0,0.0
3,50264744,+,3,53121119,+,MESO,4157,TCGA-SC-A6LQ-01A,TCGA-SC-A6LQ-01A,1.0,0.0,0.0,0.0,0.0
3,52294897,+,3,53152307,-,MESO,4158,TCGA-SC-A6LQ-01A,TCGA-SC-A6LQ-01A,1.0,0.0,0.0,0.0,0.0
3,52402877,-,3,52948727,-,MESO,4159,TCGA-SC-A6LQ-01A,TCGA-SC-A6LQ-01A,1.0,0.0,0.0,0.0,0.0
4,38770701,+,12,117657015,+,MESO,4160,TCGA-SC-A6LQ-01A,TCGA-SC-A6LQ-01A,1.0,0.0,0.0,0.0,0.0
7,34724580,+,7,35077712,-,MESO,4161,TCGA-SC-A6LQ-01A,TCGA-SC-A6LQ-01A,1.0,0.0,0.0,0.0,0.0
8,36501828,-,22,16680448,+,MESO,4162,TCGA-SC-A6LQ-01A,TCGA-SC-A6LQ-01A,1.0,0.0,0.0,0.0,0.0
8,36501829,-,18,12121346,-,MESO,4163,TCGA-SC-A6LQ-01A,TCGA-SC-A6LQ-01A,1.0,0.0,0.0,0.0,0.0
8,36512229,-,22,16727226,+,MESO,4164,TCGA-SC-A6LQ-01A,TCGA-SC-A6LQ-01A,1.0,0.0,0.0,0.0,0.0
9,21882362,+,9,22080778,-,MESO,4165,TCGA-SC-A6LQ-01A,TCGA-SC-A6LQ-01A,1.0,0.0,0.0,0.0,0.0
9,22097851,+,9,22098649,-,MESO,4166,TCGA-SC-A6LQ-01A,TCGA-SC-A6LQ-01A,1.0,0.0,0.0,0.0,0.0
9,26707946,-,9,61721030,+,MESO,4167,TCGA-SC-A6LQ-01A,TCGA-SC-A6LQ-01A,1.0,0.0,0.0,0.0,0.0
23,130060762,+,23,130063113,-,MESO,4168,TCGA-SC-A6LQ-01A,TCGA-SC-A6LQ-01A,1.0,0.0,0.0,0.0,0.0
1,101497017,-,8,133313042,+,MESO,4169,TCGA-SC-A6LR-01A,TCGA-SC-A6LR-01A,1.0,0.0,0.0,0.0,0.0
11,52408996,-,11,52453198,+,MESO,4170,TCGA-SC-A6LR-01A,TCGA-SC-A6LR-01A,1.0,0.0,0.0,0.0,0.0
11,54346460,-,11,54390375,+,MESO,4171,TCGA-SC-A6LR-01A,TCGA-SC-A6LR-01A,1.0,0.0,0.0,0.0,0.0
11,54408345,+,11,54422623,-,MESO,4172,TCGA-SC-A6LR-01A,TCGA-SC-A6LR-01A,1.0,0.0,0.0,0.0,0.0
13,18754841,-,18,14325870,-,MESO,4173,TCGA-SC-A6LR-01A,TCGA-SC-A6LR-01A,1.0,0.0,0.0,0.0,0.0
16,6590993,+,16,6624487,-,MESO,4174,TCGA-SC-A6LR-01A,TCGA-SC-A6LR-01A,1.0,0.0,0.0,0.0,0.0
16,62113067,+,16,62135454,-,MESO,4175,TCGA-SC-A6LR-01A,TCGA-SC-A6LR-01A,1.0,0.0,0.0,0.0,0.0
19,10563633,-,19,10625466,+,MESO,4176,TCGA-SC-A6LR-01A,TCGA-SC-A6LR-01A,1.0,0.0,0.0,0.0,0.0
19,10595394,+,19,10606684,+,MESO,4177,TCGA-SC-A6LR-01A,TCGA-SC-A6LR-01A,1.0,0.0,0.0,0.0,0.0
19,10595418,-,19,10606684,-,MESO,4178,TCGA-SC-A6LR-01A,TCGA-SC-A6LR-01A,1.0,0.0,0.0,0.0,0.0
19,20618471,+,19,20701085,+,MESO,4179,TCGA-SC-A6LR-01A,TCGA-SC-A6LR-01A,1.0,0.0,0.0,0.0,0.0
20,29981880,-,20,30022827,+,MESO,4180,TCGA-SC-A6LR-01A,TCGA-SC-A6LR-01A,1.0,0.0,0.0,0.0,0.0
3,31306882,-,3,31309986,-,MESO,4181,TCGA-SC-A6LR-01A,TCGA-SC-A6LR-01A,1.0,0.0,0.0,0.0,0.0
3,31314768,+,6,42771075,+,MESO,4182,TCGA-SC-A6LR-01A,TCGA-SC-A6LR-01A,1.0,0.0,0.0,0.0,0.0
3,59739972,-,8,89011813,+,MESO,4183,TCGA-SC-A6LR-01A,TCGA-SC-A6LR-01A,1.0,0.0,0.0,0.0,0.0
3,91157114,-,3,91281898,-,MESO,4184,TCGA-SC-A6LR-01A,TCGA-SC-A6LR-01A,1.0,0.0,0.0,0.0,0.0
3,118256123,+,3,166509376,-,MESO,4185,TCGA-SC-A6LR-01A,TCGA-SC-A6LR-01A,1.0,0.0,0.0,0.0,0.0
4,183220793,+,4,183753082,+,MESO,4186,TCGA-SC-A6LR-01A,TCGA-SC-A6LR-01A,1.0,0.0,0.0,0.0,0.0
5,121610074,+,5,121623843,-,MESO,4187,TCGA-SC-A6LR-01A,TCGA-SC-A6LR-01A,1.0,0.0,0.0,0.0,0.0
5,131640749,+,5,131641708,-,MESO,4188,TCGA-SC-A6LR-01A,TCGA-SC-A6LR-01A,1.0,0.0,0.0,0.0,0.0
5,175433321,+,5,175435068,-,MESO,4189,TCGA-SC-A6LR-01A,TCGA-SC-A6LR-01A,1.0,0.0,0.0,0.0,0.0
6,29888770,+,6,29943399,-,MESO,4190,TCGA-SC-A6LR-01A,TCGA-SC-A6LR-01A,1.0,0.0,0.0,0.0,0.0
6,47173143,+,6,47191682,-,MESO,4191,TCGA-SC-A6LR-01A,TCGA-SC-A6LR-01A,1.0,0.0,0.0,0.0,0.0
7,152241333,-,13,18329464,-,MESO,4192,TCGA-SC-A6LR-01A,TCGA-SC-A6LR-01A,1.0,0.0,0.0,0.0,0.0
8,45080674,-,8,45427522,+,MESO,4193,TCGA-SC-A6LR-01A,TCGA-SC-A6LR-01A,1.0,0.0,0.0,0.0,0.0
9,10488150,-,15,83236854,+,MESO,4194,TCGA-SC-A6LR-01A,TCGA-SC-A6LR-01A,1.0,0.0,0.0,0.0,0.0
9,41658819,-,20,30296173,+,MESO,4195,TCGA-SC-A6LR-01A,TCGA-SC-A6LR-01A,1.0,0.0,0.0,0.0,0.0
10,39337853,-,19,27433757,-,MESO,4196,TCGA-SC-AA5Z-01A,TCGA-SC-AA5Z-01A,1.0,0.0,0.0,0.0,0.0
11,43310915,+,20,10117931,-,MESO,4197,TCGA-SC-AA5Z-01A,TCGA-SC-AA5Z-01A,1.0,0.0,0.0,0.0,0.0
11,54347336,-,11,54405682,+,MESO,4198,TCGA-SC-AA5Z-01A,TCGA-SC-AA5Z-01A,1.0,0.0,0.0,0.0,0.0
11,54369112,+,11,54378652,-,MESO,4199,TCGA-SC-AA5Z-01A,TCGA-SC-AA5Z-01A,1.0,0.0,0.0,0.0,0.0
11,83583047,+,11,83677703,-,MESO,4200,TCGA-SC-AA5Z-01A,TCGA-SC-AA5Z-01A,1.0,0.0,0.0,0.0,0.0
12,120096877,+,12,120097522,-,MESO,4201,TCGA-SC-AA5Z-01A,TCGA-SC-AA5Z-01A,1.0,0.0,0.0,0.0,0.0
14,89390149,+,14,89403240,-,MESO,4202,TCGA-SC-AA5Z-01A,TCGA-SC-AA5Z-01A,1.0,0.0,0.0,0.0,0.0
16,6498821,+,16,6603789,-,MESO,4203,TCGA-SC-AA5Z-01A,TCGA-SC-AA5Z-01A,1.0,0.0,0.0,0.0,0.0
16,6700137,+,16,6761802,-,MESO,4204,TCGA-SC-AA5Z-01A,TCGA-SC-AA5Z-01A,1.0,0.0,0.0,0.0,0.0
17,23039988,+,17,23070954,-,MESO,4205,TCGA-SC-AA5Z-01A,TCGA-SC-AA5Z-01A,1.0,0.0,0.0,0.0,0.0
19,49031115,+,19,49056088,+,MESO,4206,TCGA-SC-AA5Z-01A,TCGA-SC-AA5Z-01A,1.0,0.0,0.0,0.0,0.0
2,147245102,-,7,99549037,-,MESO,4207,TCGA-SC-AA5Z-01A,TCGA-SC-AA5Z-01A,1.0,0.0,0.0,0.0,0.0
3,4750321,+,3,55673344,-,MESO,4208,TCGA-SC-AA5Z-01A,TCGA-SC-AA5Z-01A,1.0,0.0,0.0,0.0,0.0
3,91734167,-,3,91734854,+,MESO,4209,TCGA-SC-AA5Z-01A,TCGA-SC-AA5Z-01A,1.0,0.0,0.0,0.0,0.0
4,50958381,+,4,51481827,-,MESO,4210,TCGA-SC-AA5Z-01A,TCGA-SC-AA5Z-01A,1.0,0.0,0.0,0.0,0.0
4,156847741,-,9,95621181,-,MESO,4211,TCGA-SC-AA5Z-01A,TCGA-SC-AA5Z-01A,1.0,0.0,0.0,0.0,0.0
5,1299957,+,7,159283775,-,MESO,4212,TCGA-SC-AA5Z-01A,TCGA-SC-AA5Z-01A,1.0,0.0,0.0,0.0,0.0
5,80158002,+,5,80297203,-,MESO,4213,TCGA-SC-AA5Z-01A,TCGA-SC-AA5Z-01A,1.0,0.0,0.0,0.0,0.0
6,57992394,+,6,60744124,-,MESO,4214,TCGA-SC-AA5Z-01A,TCGA-SC-AA5Z-01A,1.0,0.0,0.0,0.0,0.0
7,57671791,+,20,25885134,-,MESO,4215,TCGA-SC-AA5Z-01A,TCGA-SC-AA5Z-01A,1.0,0.0,0.0,0.0,0.0
7,128570633,-,11,46429142,+,MESO,4216,TCGA-SC-AA5Z-01A,TCGA-SC-AA5Z-01A,1.0,0.0,0.0,0.0,0.0
7,159280631,-,7,159286329,-,MESO,4217,TCGA-SC-AA5Z-01A,TCGA-SC-AA5Z-01A,1.0,0.0,0.0,0.0,0.0
7,159281911,+,7,159284127,+,MESO,4218,TCGA-SC-AA5Z-01A,TCGA-SC-AA5Z-01A,1.0,0.0,0.0,0.0,0.0
8,13622456,+,23,135115029,+,MESO,4219,TCGA-SC-AA5Z-01A,TCGA-SC-AA5Z-01A,1.0,0.0,0.0,0.0,0.0
8,16084216,-,8,71953539,-,MESO,4220,TCGA-SC-AA5Z-01A,TCGA-SC-AA5Z-01A,1.0,0.0,0.0,0.0,0.0
8,34587190,+,8,34601599,-,MESO,4221,TCGA-SC-AA5Z-01A,TCGA-SC-AA5Z-01A,1.0,0.0,0.0,0.0,0.0
8,71954128,+,8,71957434,-,MESO,4222,TCGA-SC-AA5Z-01A,TCGA-SC-AA5Z-01A,1.0,0.0,0.0,0.0,0.0
1,29479209,-,15,49491858,-,MESO,4223,TCGA-SH-A7BC-01A,TCGA-SH-A7BC-01A,1.0,0.0,0.0,0.0,0.0
1,29481359,+,1,29542432,-,MESO,4224,TCGA-SH-A7BC-01A,TCGA-SH-A7BC-01A,1.0,0.0,0.0,0.0,0.0
1,166766696,+,1,166874712,+,MESO,4225,TCGA-SH-A7BC-01A,TCGA-SH-A7BC-01A,1.0,0.0,0.0,0.0,0.0
1,166857455,-,1,166874409,+,MESO,4226,TCGA-SH-A7BC-01A,TCGA-SH-A7BC-01A,1.0,0.0,0.0,0.0,0.0
1,166859673,+,1,224963130,+,MESO,4227,TCGA-SH-A7BC-01A,TCGA-SH-A7BC-01A,1.0,0.0,0.0,0.0,0.0
1,166859725,-,1,230504133,+,MESO,4228,TCGA-SH-A7BC-01A,TCGA-SH-A7BC-01A,1.0,0.0,0.0,0.0,0.0
1,166869858,+,1,224497940,+,MESO,4229,TCGA-SH-A7BC-01A,TCGA-SH-A7BC-01A,1.0,0.0,0.0,0.0,0.0
1,166871887,-,1,224901411,-,MESO,4230,TCGA-SH-A7BC-01A,TCGA-SH-A7BC-01A,1.0,0.0,0.0,0.0,0.0
1,166871888,-,1,230649428,-,MESO,4231,TCGA-SH-A7BC-01A,TCGA-SH-A7BC-01A,1.0,0.0,0.0,0.0,0.0
1,166874447,-,1,224913810,+,MESO,4232,TCGA-SH-A7BC-01A,TCGA-SH-A7BC-01A,1.0,0.0,0.0,0.0,0.0
1,191956714,-,1,231049857,-,MESO,4233,TCGA-SH-A7BC-01A,TCGA-SH-A7BC-01A,1.0,0.0,0.0,0.0,0.0
1,191967962,+,1,224960601,-,MESO,4234,TCGA-SH-A7BC-01A,TCGA-SH-A7BC-01A,1.0,0.0,0.0,0.0,0.0
1,192337327,-,1,231050604,+,MESO,4235,TCGA-SH-A7BC-01A,TCGA-SH-A7BC-01A,1.0,0.0,0.0,0.0,0.0
1,192344915,+,1,230643903,+,MESO,4236,TCGA-SH-A7BC-01A,TCGA-SH-A7BC-01A,1.0,0.0,0.0,0.0,0.0
1,192345138,-,1,224491468,-,MESO,4237,TCGA-SH-A7BC-01A,TCGA-SH-A7BC-01A,1.0,0.0,0.0,0.0,0.0
1,224491443,+,1,231013160,+,MESO,4238,TCGA-SH-A7BC-01A,TCGA-SH-A7BC-01A,1.0,0.0,0.0,0.0,0.0
1,224697079,-,1,231106974,-,MESO,4239,TCGA-SH-A7BC-01A,TCGA-SH-A7BC-01A,1.0,0.0,0.0,0.0,0.0
1,224876294,+,1,230558593,+,MESO,4240,TCGA-SH-A7BC-01A,TCGA-SH-A7BC-01A,1.0,0.0,0.0,0.0,0.0
1,224901542,+,1,230649427,-,MESO,4241,TCGA-SH-A7BC-01A,TCGA-SH-A7BC-01A,1.0,0.0,0.0,0.0,0.0
1,224913315,-,1,230618186,-,MESO,4242,TCGA-SH-A7BC-01A,TCGA-SH-A7BC-01A,1.0,0.0,0.0,0.0,0.0
1,224982622,-,1,230504712,+,MESO,4243,TCGA-SH-A7BC-01A,TCGA-SH-A7BC-01A,1.0,0.0,0.0,0.0,0.0
1,230504194,-,1,230508987,+,MESO,4244,TCGA-SH-A7BC-01A,TCGA-SH-A7BC-01A,1.0,0.0,0.0,0.0,0.0
1,230504929,-,1,230623386,+,MESO,4245,TCGA-SH-A7BC-01A,TCGA-SH-A7BC-01A,1.0,0.0,0.0,0.0,0.0
1,230513362,-,1,230557885,-,MESO,4246,TCGA-SH-A7BC-01A,TCGA-SH-A7BC-01A,1.0,0.0,0.0,0.0,0.0
1,230514820,+,1,230641323,-,MESO,4247,TCGA-SH-A7BC-01A,TCGA-SH-A7BC-01A,1.0,0.0,0.0,0.0,0.0
1,234049980,+,9,22075532,+,MESO,4248,TCGA-SH-A7BC-01A,TCGA-SH-A7BC-01A,1.0,0.0,0.0,0.0,0.0
1,234704370,-,9,3493612,+,MESO,4249,TCGA-SH-A7BC-01A,TCGA-SH-A7BC-01A,1.0,0.0,0.0,0.0,0.0
1,241041828,+,1,241046860,-,MESO,4250,TCGA-SH-A7BC-01A,TCGA-SH-A7BC-01A,1.0,0.0,0.0,0.0,0.0
1,241047815,+,1,241048600,-,MESO,4251,TCGA-SH-A7BC-01A,TCGA-SH-A7BC-01A,1.0,0.0,0.0,0.0,0.0
10,9710026,+,10,38279885,+,MESO,4252,TCGA-SH-A7BC-01A,TCGA-SH-A7BC-01A,1.0,0.0,0.0,0.0,0.0
10,37624575,-,10,38343870,-,MESO,4253,TCGA-SH-A7BC-01A,TCGA-SH-A7BC-01A,1.0,0.0,0.0,0.0,0.0
10,114623982,-,10,114653165,+,MESO,4254,TCGA-SH-A7BC-01A,TCGA-SH-A7BC-01A,1.0,0.0,0.0,0.0,0.0
11,28643253,-,11,80777435,+,MESO,4255,TCGA-SH-A7BC-01A,TCGA-SH-A7BC-01A,1.0,0.0,0.0,0.0,0.0
11,28648066,+,11,36796966,+,MESO,4256,TCGA-SH-A7BC-01A,TCGA-SH-A7BC-01A,1.0,0.0,0.0,0.0,0.0
11,33372773,-,11,42363007,+,MESO,4257,TCGA-SH-A7BC-01A,TCGA-SH-A7BC-01A,1.0,0.0,0.0,0.0,0.0
11,33402081,+,11,79135954,-,MESO,4258,TCGA-SH-A7BC-01A,TCGA-SH-A7BC-01A,1.0,0.0,0.0,0.0,0.0
11,34839660,-,11,82263435,-,MESO,4259,TCGA-SH-A7BC-01A,TCGA-SH-A7BC-01A,1.0,0.0,0.0,0.0,0.0
11,35654550,-,11,62648148,-,MESO,4260,TCGA-SH-A7BC-01A,TCGA-SH-A7BC-01A,1.0,0.0,0.0,0.0,0.0
11,35664385,+,11,36048345,-,MESO,4261,TCGA-SH-A7BC-01A,TCGA-SH-A7BC-01A,1.0,0.0,0.0,0.0,0.0
11,36051028,+,11,62104932,+,MESO,4262,TCGA-SH-A7BC-01A,TCGA-SH-A7BC-01A,1.0,0.0,0.0,0.0,0.0
11,37340645,-,11,38953252,+,MESO,4263,TCGA-SH-A7BC-01A,TCGA-SH-A7BC-01A,1.0,0.0,0.0,0.0,0.0
11,37340766,+,11,127083091,-,MESO,4264,TCGA-SH-A7BC-01A,TCGA-SH-A7BC-01A,1.0,0.0,0.0,0.0,0.0
11,38806648,-,11,71225631,+,MESO,4265,TCGA-SH-A7BC-01A,TCGA-SH-A7BC-01A,1.0,0.0,0.0,0.0,0.0
11,38953197,+,11,127083091,-,MESO,4266,TCGA-SH-A7BC-01A,TCGA-SH-A7BC-01A,1.0,0.0,0.0,0.0,0.0
11,42321218,-,11,127114187,+,MESO,4267,TCGA-SH-A7BC-01A,TCGA-SH-A7BC-01A,1.0,0.0,0.0,0.0,0.0
11,55273266,+,11,58053632,-,MESO,4268,TCGA-SH-A7BC-01A,TCGA-SH-A7BC-01A,1.0,0.0,0.0,0.0,0.0
11,59057587,-,11,64073138,-,MESO,4269,TCGA-SH-A7BC-01A,TCGA-SH-A7BC-01A,1.0,0.0,0.0,0.0,0.0
11,60892130,+,11,130970283,-,MESO,4270,TCGA-SH-A7BC-01A,TCGA-SH-A7BC-01A,1.0,0.0,0.0,0.0,0.0
11,61330213,-,11,130519556,-,MESO,4271,TCGA-SH-A7BC-01A,TCGA-SH-A7BC-01A,1.0,0.0,0.0,0.0,0.0
11,61941765,+,11,130593555,+,MESO,4272,TCGA-SH-A7BC-01A,TCGA-SH-A7BC-01A,1.0,0.0,0.0,0.0,0.0
11,62070963,-,11,62072633,-,MESO,4273,TCGA-SH-A7BC-01A,TCGA-SH-A7BC-01A,1.0,0.0,0.0,0.0,0.0
11,62088114,+,11,130036731,-,MESO,4274,TCGA-SH-A7BC-01A,TCGA-SH-A7BC-01A,1.0,0.0,0.0,0.0,0.0
11,64126840,+,11,71176728,-,MESO,4275,TCGA-SH-A7BC-01A,TCGA-SH-A7BC-01A,1.0,0.0,0.0,0.0,0.0
11,79148225,+,11,87533081,-,MESO,4276,TCGA-SH-A7BC-01A,TCGA-SH-A7BC-01A,1.0,0.0,0.0,0.0,0.0
11,80770332,-,11,87541083,+,MESO,4277,TCGA-SH-A7BC-01A,TCGA-SH-A7BC-01A,1.0,0.0,0.0,0.0,0.0
11,82278202,+,11,131276691,+,MESO,4278,TCGA-SH-A7BC-01A,TCGA-SH-A7BC-01A,1.0,0.0,0.0,0.0,0.0
11,125514483,+,11,125519149,-,MESO,4279,TCGA-SH-A7BC-01A,TCGA-SH-A7BC-01A,1.0,0.0,0.0,0.0,0.0
11,130041169,+,11,130980470,+,MESO,4280,TCGA-SH-A7BC-01A,TCGA-SH-A7BC-01A,1.0,0.0,0.0,0.0,0.0
12,4506861,+,12,5872986,+,MESO,4281,TCGA-SH-A7BC-01A,TCGA-SH-A7BC-01A,1.0,0.0,0.0,0.0,0.0
12,4755082,-,12,5352870,-,MESO,4282,TCGA-SH-A7BC-01A,TCGA-SH-A7BC-01A,1.0,0.0,0.0,0.0,0.0
12,5196640,+,12,11147000,-,MESO,4283,TCGA-SH-A7BC-01A,TCGA-SH-A7BC-01A,1.0,0.0,0.0,0.0,0.0
12,36637215,+,12,37062396,-,MESO,4284,TCGA-SH-A7BC-01A,TCGA-SH-A7BC-01A,1.0,0.0,0.0,0.0,0.0
12,81644275,+,12,81687917,-,MESO,4285,TCGA-SH-A7BC-01A,TCGA-SH-A7BC-01A,1.0,0.0,0.0,0.0,0.0
12,83943980,-,12,83944086,-,MESO,4286,TCGA-SH-A7BC-01A,TCGA-SH-A7BC-01A,1.0,0.0,0.0,0.0,0.0
12,83943984,+,12,83944090,+,MESO,4287,TCGA-SH-A7BC-01A,TCGA-SH-A7BC-01A,1.0,0.0,0.0,0.0,0.0
14,22926374,-,14,22974102,-,MESO,4288,TCGA-SH-A7BC-01A,TCGA-SH-A7BC-01A,1.0,0.0,0.0,0.0,0.0
16,6983029,+,16,7100958,-,MESO,4289,TCGA-SH-A7BC-01A,TCGA-SH-A7BC-01A,1.0,0.0,0.0,0.0,0.0
16,34911320,+,16,36177357,-,MESO,4290,TCGA-SH-A7BC-01A,TCGA-SH-A7BC-01A,1.0,0.0,0.0,0.0,0.0
17,1002613,+,17,8433013,-,MESO,4291,TCGA-SH-A7BC-01A,TCGA-SH-A7BC-01A,1.0,0.0,0.0,0.0,0.0
17,21736393,+,17,27008348,-,MESO,4292,TCGA-SH-A7BC-01A,TCGA-SH-A7BC-01A,1.0,0.0,0.0,0.0,0.0
17,46790707,+,17,46792589,-,MESO,4293,TCGA-SH-A7BC-01A,TCGA-SH-A7BC-01A,1.0,0.0,0.0,0.0,0.0
18,2938090,+,18,2942416,-,MESO,4294,TCGA-SH-A7BC-01A,TCGA-SH-A7BC-01A,1.0,0.0,0.0,0.0,0.0
18,15471282,+,18,15573617,-,MESO,4295,TCGA-SH-A7BC-01A,TCGA-SH-A7BC-01A,1.0,0.0,0.0,0.0,0.0
19,15067890,+,19,23165143,+,MESO,4296,TCGA-SH-A7BC-01A,TCGA-SH-A7BC-01A,1.0,0.0,0.0,0.0,0.0
19,23165469,+,19,23169646,-,MESO,4297,TCGA-SH-A7BC-01A,TCGA-SH-A7BC-01A,1.0,0.0,0.0,0.0,0.0
19,34869601,+,23,1930948,-,MESO,4298,TCGA-SH-A7BC-01A,TCGA-SH-A7BC-01A,1.0,0.0,0.0,0.0,0.0
19,44698222,+,19,44708485,-,MESO,4299,TCGA-SH-A7BC-01A,TCGA-SH-A7BC-01A,1.0,0.0,0.0,0.0,0.0
19,46342877,+,19,46568670,-,MESO,4300,TCGA-SH-A7BC-01A,TCGA-SH-A7BC-01A,1.0,0.0,0.0,0.0,0.0
19,47416905,-,19,47426636,+,MESO,4301,TCGA-SH-A7BC-01A,TCGA-SH-A7BC-01A,1.0,0.0,0.0,0.0,0.0
2,77434530,+,2,77437977,-,MESO,4302,TCGA-SH-A7BC-01A,TCGA-SH-A7BC-01A,1.0,0.0,0.0,0.0,0.0
2,93233287,-,2,93594795,+,MESO,4303,TCGA-SH-A7BC-01A,TCGA-SH-A7BC-01A,1.0,0.0,0.0,0.0,0.0
2,187562329,-,8,3239553,+,MESO,4304,TCGA-SH-A7BC-01A,TCGA-SH-A7BC-01A,1.0,0.0,0.0,0.0,0.0
2,237899842,-,11,123128370,+,MESO,4305,TCGA-SH-A7BC-01A,TCGA-SH-A7BC-01A,1.0,0.0,0.0,0.0,0.0
20,16922943,+,20,16946511,-,MESO,4306,TCGA-SH-A7BC-01A,TCGA-SH-A7BC-01A,1.0,0.0,0.0,0.0,0.0
20,29720835,-,20,30148809,-,MESO,4307,TCGA-SH-A7BC-01A,TCGA-SH-A7BC-01A,1.0,0.0,0.0,0.0,0.0
20,37433847,+,20,38587487,-,MESO,4308,TCGA-SH-A7BC-01A,TCGA-SH-A7BC-01A,1.0,0.0,0.0,0.0,0.0
22,29620032,+,22,29637608,-,MESO,4309,TCGA-SH-A7BC-01A,TCGA-SH-A7BC-01A,1.0,0.0,0.0,0.0,0.0
3,6401458,+,11,130566332,+,MESO,4310,TCGA-SH-A7BC-01A,TCGA-SH-A7BC-01A,1.0,0.0,0.0,0.0,0.0
3,6401491,-,11,130566278,-,MESO,4311,TCGA-SH-A7BC-01A,TCGA-SH-A7BC-01A,1.0,0.0,0.0,0.0,0.0
3,26485740,+,16,82116246,+,MESO,4312,TCGA-SH-A7BC-01A,TCGA-SH-A7BC-01A,1.0,0.0,0.0,0.0,0.0
3,26972091,+,20,16946448,+,MESO,4313,TCGA-SH-A7BC-01A,TCGA-SH-A7BC-01A,1.0,0.0,0.0,0.0,0.0
3,81612742,-,20,16923036,-,MESO,4314,TCGA-SH-A7BC-01A,TCGA-SH-A7BC-01A,1.0,0.0,0.0,0.0,0.0
3,89537165,+,3,89614463,-,MESO,4315,TCGA-SH-A7BC-01A,TCGA-SH-A7BC-01A,1.0,0.0,0.0,0.0,0.0
3,91027651,-,3,91059845,+,MESO,4316,TCGA-SH-A7BC-01A,TCGA-SH-A7BC-01A,1.0,0.0,0.0,0.0,0.0
4,18690291,+,4,20124644,-,MESO,4317,TCGA-SH-A7BC-01A,TCGA-SH-A7BC-01A,1.0,0.0,0.0,0.0,0.0
4,18690660,-,4,18712690,-,MESO,4318,TCGA-SH-A7BC-01A,TCGA-SH-A7BC-01A,1.0,0.0,0.0,0.0,0.0
4,18712668,+,4,20798454,+,MESO,4319,TCGA-SH-A7BC-01A,TCGA-SH-A7BC-01A,1.0,0.0,0.0,0.0,0.0
4,20062320,+,4,20494859,-,MESO,4320,TCGA-SH-A7BC-01A,TCGA-SH-A7BC-01A,1.0,0.0,0.0,0.0,0.0
4,20124644,-,16,30320227,+,MESO,4321,TCGA-SH-A7BC-01A,TCGA-SH-A7BC-01A,1.0,0.0,0.0,0.0,0.0
4,20133272,+,4,20493988,+,MESO,4322,TCGA-SH-A7BC-01A,TCGA-SH-A7BC-01A,1.0,0.0,0.0,0.0,0.0
4,20250552,-,4,24210666,+,MESO,4323,TCGA-SH-A7BC-01A,TCGA-SH-A7BC-01A,1.0,0.0,0.0,0.0,0.0
4,20500433,+,4,23728198,-,MESO,4324,TCGA-SH-A7BC-01A,TCGA-SH-A7BC-01A,1.0,0.0,0.0,0.0,0.0
4,20700285,-,4,24482913,-,MESO,4325,TCGA-SH-A7BC-01A,TCGA-SH-A7BC-01A,1.0,0.0,0.0,0.0,0.0
4,22399507,+,4,22582862,+,MESO,4326,TCGA-SH-A7BC-01A,TCGA-SH-A7BC-01A,1.0,0.0,0.0,0.0,0.0
4,22444868,-,4,22938064,+,MESO,4327,TCGA-SH-A7BC-01A,TCGA-SH-A7BC-01A,1.0,0.0,0.0,0.0,0.0
4,22861451,-,4,22929022,-,MESO,4328,TCGA-SH-A7BC-01A,TCGA-SH-A7BC-01A,1.0,0.0,0.0,0.0,0.0
4,22888828,+,4,22897310,+,MESO,4329,TCGA-SH-A7BC-01A,TCGA-SH-A7BC-01A,1.0,0.0,0.0,0.0,0.0
4,22895514,-,4,23392536,-,MESO,4330,TCGA-SH-A7BC-01A,TCGA-SH-A7BC-01A,1.0,0.0,0.0,0.0,0.0
4,57059385,+,4,123299668,-,MESO,4331,TCGA-SH-A7BC-01A,TCGA-SH-A7BC-01A,1.0,0.0,0.0,0.0,0.0
5,11676074,+,5,12951414,-,MESO,4332,TCGA-SH-A7BC-01A,TCGA-SH-A7BC-01A,1.0,0.0,0.0,0.0,0.0
5,11714841,-,5,13796967,-,MESO,4333,TCGA-SH-A7BC-01A,TCGA-SH-A7BC-01A,1.0,0.0,0.0,0.0,0.0
5,11757788,+,5,12910734,+,MESO,4334,TCGA-SH-A7BC-01A,TCGA-SH-A7BC-01A,1.0,0.0,0.0,0.0,0.0
5,11757862,-,5,13796710,+,MESO,4335,TCGA-SH-A7BC-01A,TCGA-SH-A7BC-01A,1.0,0.0,0.0,0.0,0.0
5,11761715,+,5,12125909,+,MESO,4336,TCGA-SH-A7BC-01A,TCGA-SH-A7BC-01A,1.0,0.0,0.0,0.0,0.0
5,11786071,-,5,12889799,-,MESO,4337,TCGA-SH-A7BC-01A,TCGA-SH-A7BC-01A,1.0,0.0,0.0,0.0,0.0
5,12049734,+,5,12136653,-,MESO,4338,TCGA-SH-A7BC-01A,TCGA-SH-A7BC-01A,1.0,0.0,0.0,0.0,0.0
5,12102369,-,5,12156285,+,MESO,4339,TCGA-SH-A7BC-01A,TCGA-SH-A7BC-01A,1.0,0.0,0.0,0.0,0.0
5,12135856,-,5,13798418,+,MESO,4340,TCGA-SH-A7BC-01A,TCGA-SH-A7BC-01A,1.0,0.0,0.0,0.0,0.0
5,12136589,+,5,12140947,+,MESO,4341,TCGA-SH-A7BC-01A,TCGA-SH-A7BC-01A,1.0,0.0,0.0,0.0,0.0
5,12152786,-,5,12156406,-,MESO,4342,TCGA-SH-A7BC-01A,TCGA-SH-A7BC-01A,1.0,0.0,0.0,0.0,0.0
5,12165619,+,5,12890594,+,MESO,4343,TCGA-SH-A7BC-01A,TCGA-SH-A7BC-01A,1.0,0.0,0.0,0.0,0.0
5,12890794,-,5,12954149,+,MESO,4344,TCGA-SH-A7BC-01A,TCGA-SH-A7BC-01A,1.0,0.0,0.0,0.0,0.0
5,13794173,-,5,13860849,-,MESO,4345,TCGA-SH-A7BC-01A,TCGA-SH-A7BC-01A,1.0,0.0,0.0,0.0,0.0
5,21149779,+,5,21156289,-,MESO,4346,TCGA-SH-A7BC-01A,TCGA-SH-A7BC-01A,1.0,0.0,0.0,0.0,0.0
5,46685318,+,5,46772112,-,MESO,4347,TCGA-SH-A7BC-01A,TCGA-SH-A7BC-01A,1.0,0.0,0.0,0.0,0.0
5,46690221,-,5,46736585,+,MESO,4348,TCGA-SH-A7BC-01A,TCGA-SH-A7BC-01A,1.0,0.0,0.0,0.0,0.0
5,49678636,-,5,49713189,+,MESO,4349,TCGA-SH-A7BC-01A,TCGA-SH-A7BC-01A,1.0,0.0,0.0,0.0,0.0
5,118539064,-,5,118543049,+,MESO,4350,TCGA-SH-A7BC-01A,TCGA-SH-A7BC-01A,1.0,0.0,0.0,0.0,0.0
5,124668339,+,5,124671056,-,MESO,4351,TCGA-SH-A7BC-01A,TCGA-SH-A7BC-01A,1.0,0.0,0.0,0.0,0.0
5,140769670,+,5,140793339,-,MESO,4352,TCGA-SH-A7BC-01A,TCGA-SH-A7BC-01A,1.0,0.0,0.0,0.0,0.0
5,140794500,+,5,141541791,+,MESO,4353,TCGA-SH-A7BC-01A,TCGA-SH-A7BC-01A,1.0,0.0,0.0,0.0,0.0
5,141066325,+,5,141275880,-,MESO,4354,TCGA-SH-A7BC-01A,TCGA-SH-A7BC-01A,1.0,0.0,0.0,0.0,0.0
5,172013369,-,5,172039008,+,MESO,4355,TCGA-SH-A7BC-01A,TCGA-SH-A7BC-01A,1.0,0.0,0.0,0.0,0.0
6,161924680,+,9,29391868,+,MESO,4356,TCGA-SH-A7BC-01A,TCGA-SH-A7BC-01A,1.0,0.0,0.0,0.0,0.0
6,161968884,-,9,29392076,-,MESO,4357,TCGA-SH-A7BC-01A,TCGA-SH-A7BC-01A,1.0,0.0,0.0,0.0,0.0
7,32601563,+,9,83139313,-,MESO,4358,TCGA-SH-A7BC-01A,TCGA-SH-A7BC-01A,1.0,0.0,0.0,0.0,0.0
7,65910365,+,7,65915253,-,MESO,4359,TCGA-SH-A7BC-01A,TCGA-SH-A7BC-01A,1.0,0.0,0.0,0.0,0.0
8,11822842,+,8,11826830,-,MESO,4360,TCGA-SH-A7BC-01A,TCGA-SH-A7BC-01A,1.0,0.0,0.0,0.0,0.0
8,75802920,+,8,135776317,+,MESO,4361,TCGA-SH-A7BC-01A,TCGA-SH-A7BC-01A,1.0,0.0,0.0,0.0,0.0
8,75844418,-,8,135763474,+,MESO,4362,TCGA-SH-A7BC-01A,TCGA-SH-A7BC-01A,1.0,0.0,0.0,0.0,0.0
8,78120443,+,8,78138859,-,MESO,4363,TCGA-SH-A7BC-01A,TCGA-SH-A7BC-01A,1.0,0.0,0.0,0.0,0.0
8,83675426,-,8,83695457,+,MESO,4364,TCGA-SH-A7BC-01A,TCGA-SH-A7BC-01A,1.0,0.0,0.0,0.0,0.0
8,92005986,-,11,31250416,+,MESO,4365,TCGA-SH-A7BC-01A,TCGA-SH-A7BC-01A,1.0,0.0,0.0,0.0,0.0
8,103483880,+,8,104532785,-,MESO,4366,TCGA-SH-A7BC-01A,TCGA-SH-A7BC-01A,1.0,0.0,0.0,0.0,0.0
8,103652419,-,8,104716922,-,MESO,4367,TCGA-SH-A7BC-01A,TCGA-SH-A7BC-01A,1.0,0.0,0.0,0.0,0.0
8,103876290,+,8,114262419,+,MESO,4368,TCGA-SH-A7BC-01A,TCGA-SH-A7BC-01A,1.0,0.0,0.0,0.0,0.0
8,104636013,+,8,114389788,-,MESO,4369,TCGA-SH-A7BC-01A,TCGA-SH-A7BC-01A,1.0,0.0,0.0,0.0,0.0
8,104717277,+,8,114856129,+,MESO,4370,TCGA-SH-A7BC-01A,TCGA-SH-A7BC-01A,1.0,0.0,0.0,0.0,0.0
8,106479467,-,8,115031618,-,MESO,4371,TCGA-SH-A7BC-01A,TCGA-SH-A7BC-01A,1.0,0.0,0.0,0.0,0.0
8,114182431,+,8,114224418,-,MESO,4372,TCGA-SH-A7BC-01A,TCGA-SH-A7BC-01A,1.0,0.0,0.0,0.0,0.0
8,135338855,+,8,135792458,-,MESO,4373,TCGA-SH-A7BC-01A,TCGA-SH-A7BC-01A,1.0,0.0,0.0,0.0,0.0
8,135363146,-,8,135763496,-,MESO,4374,TCGA-SH-A7BC-01A,TCGA-SH-A7BC-01A,1.0,0.0,0.0,0.0,0.0
9,2624313,+,9,4372297,-,MESO,4375,TCGA-SH-A7BC-01A,TCGA-SH-A7BC-01A,1.0,0.0,0.0,0.0,0.0
9,3069344,-,9,27692982,-,MESO,4376,TCGA-SH-A7BC-01A,TCGA-SH-A7BC-01A,1.0,0.0,0.0,0.0,0.0
9,3229678,+,9,26482003,-,MESO,4377,TCGA-SH-A7BC-01A,TCGA-SH-A7BC-01A,1.0,0.0,0.0,0.0,0.0
9,3486783,-,9,27715555,+,MESO,4378,TCGA-SH-A7BC-01A,TCGA-SH-A7BC-01A,1.0,0.0,0.0,0.0,0.0
9,3493644,-,9,26052345,-,MESO,4379,TCGA-SH-A7BC-01A,TCGA-SH-A7BC-01A,1.0,0.0,0.0,0.0,0.0
9,3539570,+,9,27189938,+,MESO,4380,TCGA-SH-A7BC-01A,TCGA-SH-A7BC-01A,1.0,0.0,0.0,0.0,0.0
9,3639285,-,9,28358750,-,MESO,4381,TCGA-SH-A7BC-01A,TCGA-SH-A7BC-01A,1.0,0.0,0.0,0.0,0.0
9,3667004,+,9,21081542,+,MESO,4382,TCGA-SH-A7BC-01A,TCGA-SH-A7BC-01A,1.0,0.0,0.0,0.0,0.0
9,22027419,-,9,29454008,+,MESO,4383,TCGA-SH-A7BC-01A,TCGA-SH-A7BC-01A,1.0,0.0,0.0,0.0,0.0
9,22113068,-,9,26241219,+,MESO,4384,TCGA-SH-A7BC-01A,TCGA-SH-A7BC-01A,1.0,0.0,0.0,0.0,0.0
9,24808578,+,9,29500599,-,MESO,4385,TCGA-SH-A7BC-01A,TCGA-SH-A7BC-01A,1.0,0.0,0.0,0.0,0.0
9,80313611,-,9,101627298,-,MESO,4386,TCGA-SH-A7BC-01A,TCGA-SH-A7BC-01A,1.0,0.0,0.0,0.0,0.0
9,80459016,+,9,82872622,-,MESO,4387,TCGA-SH-A7BC-01A,TCGA-SH-A7BC-01A,1.0,0.0,0.0,0.0,0.0
9,82888326,+,9,83029244,-,MESO,4388,TCGA-SH-A7BC-01A,TCGA-SH-A7BC-01A,1.0,0.0,0.0,0.0,0.0
9,82888354,-,9,84153350,+,MESO,4389,TCGA-SH-A7BC-01A,TCGA-SH-A7BC-01A,1.0,0.0,0.0,0.0,0.0
9,83029204,+,9,101627087,+,MESO,4390,TCGA-SH-A7BC-01A,TCGA-SH-A7BC-01A,1.0,0.0,0.0,0.0,0.0
9,83029234,-,9,101871328,+,MESO,4391,TCGA-SH-A7BC-01A,TCGA-SH-A7BC-01A,1.0,0.0,0.0,0.0,0.0
9,83029339,+,9,101628866,-,MESO,4392,TCGA-SH-A7BC-01A,TCGA-SH-A7BC-01A,1.0,0.0,0.0,0.0,0.0
9,83139312,-,9,101871443,-,MESO,4393,TCGA-SH-A7BC-01A,TCGA-SH-A7BC-01A,1.0,0.0,0.0,0.0,0.0
9,84153377,-,9,85423420,-,MESO,4394,TCGA-SH-A7BC-01A,TCGA-SH-A7BC-01A,1.0,0.0,0.0,0.0,0.0
9,85423391,+,9,101779044,-,MESO,4395,TCGA-SH-A7BC-01A,TCGA-SH-A7BC-01A,1.0,0.0,0.0,0.0,0.0
9,101628746,+,9,101693390,+,MESO,4396,TCGA-SH-A7BC-01A,TCGA-SH-A7BC-01A,1.0,0.0,0.0,0.0,0.0
9,101628867,-,9,101871328,+,MESO,4397,TCGA-SH-A7BC-01A,TCGA-SH-A7BC-01A,1.0,0.0,0.0,0.0,0.0
24,20360011,-,24,20428665,-,MESO,4398,TCGA-SH-A7BC-01A,TCGA-SH-A7BC-01A,1.0,0.0,0.0,0.0,0.0
24,20360531,+,24,20556680,-,MESO,4399,TCGA-SH-A7BC-01A,TCGA-SH-A7BC-01A,1.0,0.0,0.0,0.0,0.0
1,123982916,-,1,123983678,+,MESO,4400,TCGA-SH-A7BH-01A,TCGA-SH-A7BH-01A,1.0,0.0,0.0,0.0,0.0
10,43211500,+,10,43265485,-,MESO,4401,TCGA-SH-A7BH-01A,TCGA-SH-A7BH-01A,1.0,0.0,0.0,0.0,0.0
11,50742222,+,19,27363515,+,MESO,4402,TCGA-SH-A7BH-01A,TCGA-SH-A7BH-01A,1.0,0.0,0.0,0.0,0.0
11,54367250,-,11,54374392,+,MESO,4403,TCGA-SH-A7BH-01A,TCGA-SH-A7BH-01A,1.0,0.0,0.0,0.0,0.0
11,54401526,+,11,54407643,-,MESO,4404,TCGA-SH-A7BH-01A,TCGA-SH-A7BH-01A,1.0,0.0,0.0,0.0,0.0
12,14354095,-,14,77269963,+,MESO,4405,TCGA-SH-A7BH-01A,TCGA-SH-A7BH-01A,1.0,0.0,0.0,0.0,0.0
12,35466691,+,12,36354855,-,MESO,4406,TCGA-SH-A7BH-01A,TCGA-SH-A7BH-01A,1.0,0.0,0.0,0.0,0.0
12,57094397,+,12,57099493,+,MESO,4407,TCGA-SH-A7BH-01A,TCGA-SH-A7BH-01A,1.0,0.0,0.0,0.0,0.0
12,57094737,-,12,57099487,-,MESO,4408,TCGA-SH-A7BH-01A,TCGA-SH-A7BH-01A,1.0,0.0,0.0,0.0,0.0
12,57099991,+,12,57101549,-,MESO,4409,TCGA-SH-A7BH-01A,TCGA-SH-A7BH-01A,1.0,0.0,0.0,0.0,0.0
13,16571267,+,13,16586224,-,MESO,4410,TCGA-SH-A7BH-01A,TCGA-SH-A7BH-01A,1.0,0.0,0.0,0.0,0.0
13,21949420,+,23,77830969,-,MESO,4411,TCGA-SH-A7BH-01A,TCGA-SH-A7BH-01A,1.0,0.0,0.0,0.0,0.0
13,48364020,+,13,48474471,-,MESO,4412,TCGA-SH-A7BH-01A,TCGA-SH-A7BH-01A,1.0,0.0,0.0,0.0,0.0
13,77564868,-,13,77599848,+,MESO,4413,TCGA-SH-A7BH-01A,TCGA-SH-A7BH-01A,1.0,0.0,0.0,0.0,0.0
13,105382154,+,24,7254685,-,MESO,4414,TCGA-SH-A7BH-01A,TCGA-SH-A7BH-01A,1.0,0.0,0.0,0.0,0.0
14,31184043,-,14,31184189,+,MESO,4415,TCGA-SH-A7BH-01A,TCGA-SH-A7BH-01A,1.0,0.0,0.0,0.0,0.0
15,19387531,-,15,19654903,+,MESO,4416,TCGA-SH-A7BH-01A,TCGA-SH-A7BH-01A,1.0,0.0,0.0,0.0,0.0
16,85253273,+,16,85572999,-,MESO,4417,TCGA-SH-A7BH-01A,TCGA-SH-A7BH-01A,1.0,0.0,0.0,0.0,0.0
16,85268667,+,16,85370611,-,MESO,4418,TCGA-SH-A7BH-01A,TCGA-SH-A7BH-01A,1.0,0.0,0.0,0.0,0.0
16,85309142,+,16,85605195,-,MESO,4419,TCGA-SH-A7BH-01A,TCGA-SH-A7BH-01A,1.0,0.0,0.0,0.0,0.0
16,85325301,+,16,85560801,-,MESO,4420,TCGA-SH-A7BH-01A,TCGA-SH-A7BH-01A,1.0,0.0,0.0,0.0,0.0
16,85600042,+,16,85607996,-,MESO,4421,TCGA-SH-A7BH-01A,TCGA-SH-A7BH-01A,1.0,0.0,0.0,0.0,0.0
17,48571379,+,17,48628847,-,MESO,4422,TCGA-SH-A7BH-01A,TCGA-SH-A7BH-01A,1.0,0.0,0.0,0.0,0.0
18,15593246,+,18,15757682,-,MESO,4423,TCGA-SH-A7BH-01A,TCGA-SH-A7BH-01A,1.0,0.0,0.0,0.0,0.0
18,15680481,-,18,15763381,+,MESO,4424,TCGA-SH-A7BH-01A,TCGA-SH-A7BH-01A,1.0,0.0,0.0,0.0,0.0
18,20805410,-,18,20832771,-,MESO,4425,TCGA-SH-A7BH-01A,TCGA-SH-A7BH-01A,1.0,0.0,0.0,0.0,0.0
18,52648342,+,18,52693993,-,MESO,4426,TCGA-SH-A7BH-01A,TCGA-SH-A7BH-01A,1.0,0.0,0.0,0.0,0.0
18,55326792,+,18,55424417,-,MESO,4427,TCGA-SH-A7BH-01A,TCGA-SH-A7BH-01A,1.0,0.0,0.0,0.0,0.0
2,77480823,-,12,1196807,-,MESO,4428,TCGA-SH-A7BH-01A,TCGA-SH-A7BH-01A,1.0,0.0,0.0,0.0,0.0
2,94518083,+,9,64977306,+,MESO,4429,TCGA-SH-A7BH-01A,TCGA-SH-A7BH-01A,1.0,0.0,0.0,0.0,0.0
2,95917899,-,2,95919766,+,MESO,4430,TCGA-SH-A7BH-01A,TCGA-SH-A7BH-01A,1.0,0.0,0.0,0.0,0.0
2,158809357,-,8,46057917,+,MESO,4431,TCGA-SH-A7BH-01A,TCGA-SH-A7BH-01A,1.0,0.0,0.0,0.0,0.0
2,172543937,+,8,5440259,+,MESO,4432,TCGA-SH-A7BH-01A,TCGA-SH-A7BH-01A,1.0,0.0,0.0,0.0,0.0
20,26260014,-,20,30185175,-,MESO,4433,TCGA-SH-A7BH-01A,TCGA-SH-A7BH-01A,1.0,0.0,0.0,0.0,0.0
20,29564275,+,20,30320200,+,MESO,4434,TCGA-SH-A7BH-01A,TCGA-SH-A7BH-01A,1.0,0.0,0.0,0.0,0.0
20,29859425,+,22,11373424,-,MESO,4435,TCGA-SH-A7BH-01A,TCGA-SH-A7BH-01A,1.0,0.0,0.0,0.0,0.0
3,18400906,+,3,18715804,-,MESO,4436,TCGA-SH-A7BH-01A,TCGA-SH-A7BH-01A,1.0,0.0,0.0,0.0,0.0
3,90834976,-,3,91021094,+,MESO,4437,TCGA-SH-A7BH-01A,TCGA-SH-A7BH-01A,1.0,0.0,0.0,0.0,0.0
3,112637094,+,17,2393787,+,MESO,4438,TCGA-SH-A7BH-01A,TCGA-SH-A7BH-01A,1.0,0.0,0.0,0.0,0.0
3,112637581,-,17,2393932,-,MESO,4439,TCGA-SH-A7BH-01A,TCGA-SH-A7BH-01A,1.0,0.0,0.0,0.0,0.0
3,172149039,+,3,172157522,-,MESO,4440,TCGA-SH-A7BH-01A,TCGA-SH-A7BH-01A,1.0,0.0,0.0,0.0,0.0
4,233093,-,4,417329,+,MESO,4441,TCGA-SH-A7BH-01A,TCGA-SH-A7BH-01A,1.0,0.0,0.0,0.0,0.0
4,101106383,-,10,97166580,+,MESO,4442,TCGA-SH-A7BH-01A,TCGA-SH-A7BH-01A,1.0,0.0,0.0,0.0,0.0
4,107668776,-,8,32407323,-,MESO,4443,TCGA-SH-A7BH-01A,TCGA-SH-A7BH-01A,1.0,0.0,0.0,0.0,0.0
5,49705972,-,5,49710947,+,MESO,4444,TCGA-SH-A7BH-01A,TCGA-SH-A7BH-01A,1.0,0.0,0.0,0.0,0.0
5,49853423,-,5,49915233,+,MESO,4445,TCGA-SH-A7BH-01A,TCGA-SH-A7BH-01A,1.0,0.0,0.0,0.0,0.0
5,119935763,+,5,119940838,-,MESO,4446,TCGA-SH-A7BH-01A,TCGA-SH-A7BH-01A,1.0,0.0,0.0,0.0,0.0
5,134586458,-,5,134587218,+,MESO,4447,TCGA-SH-A7BH-01A,TCGA-SH-A7BH-01A,1.0,0.0,0.0,0.0,0.0
5,139722085,-,5,139817685,+,MESO,4448,TCGA-SH-A7BH-01A,TCGA-SH-A7BH-01A,1.0,0.0,0.0,0.0,0.0
6,19409912,+,6,19687168,-,MESO,4449,TCGA-SH-A7BH-01A,TCGA-SH-A7BH-01A,1.0,0.0,0.0,0.0,0.0
6,58270415,-,6,61171967,-,MESO,4450,TCGA-SH-A7BH-01A,TCGA-SH-A7BH-01A,1.0,0.0,0.0,0.0,0.0
6,67390352,-,22,16028863,-,MESO,4451,TCGA-SH-A7BH-01A,TCGA-SH-A7BH-01A,1.0,0.0,0.0,0.0,0.0
7,53394794,+,7,53401722,-,MESO,4452,TCGA-SH-A7BH-01A,TCGA-SH-A7BH-01A,1.0,0.0,0.0,0.0,0.0
7,74263821,+,7,74265972,-,MESO,4453,TCGA-SH-A7BH-01A,TCGA-SH-A7BH-01A,1.0,0.0,0.0,0.0,0.0
7,74297857,+,7,74316577,-,MESO,4454,TCGA-SH-A7BH-01A,TCGA-SH-A7BH-01A,1.0,0.0,0.0,0.0,0.0
7,127498158,+,7,127506758,-,MESO,4455,TCGA-SH-A7BH-01A,TCGA-SH-A7BH-01A,1.0,0.0,0.0,0.0,0.0
9,43399667,-,9,43400239,+,MESO,4456,TCGA-SH-A7BH-01A,TCGA-SH-A7BH-01A,1.0,0.0,0.0,0.0,0.0
23,5222690,-,23,5231577,+,MESO,4457,TCGA-SH-A7BH-01A,TCGA-SH-A7BH-01A,1.0,0.0,0.0,0.0,0.0
23,11935269,-,23,33407539,-,MESO,4458,TCGA-SH-A7BH-01A,TCGA-SH-A7BH-01A,1.0,0.0,0.0,0.0,0.0
23,92110764,-,23,92112884,+,MESO,4459,TCGA-SH-A7BH-01A,TCGA-SH-A7BH-01A,1.0,0.0,0.0,0.0,0.0
23,125618497,+,23,125906724,-,MESO,4460,TCGA-SH-A7BH-01A,TCGA-SH-A7BH-01A,1.0,0.0,0.0,0.0,0.0
1,143544019,-,1,145677540,+,MESO,4461,TCGA-SH-A9CT-01A,TCGA-SH-A9CT-01A,1.0,0.0,0.0,0.0,0.0
1,173779036,+,3,193302269,+,MESO,4462,TCGA-SH-A9CT-01A,TCGA-SH-A9CT-01A,1.0,0.0,0.0,0.0,0.0
1,181815919,+,1,181817381,-,MESO,4463,TCGA-SH-A9CT-01A,TCGA-SH-A9CT-01A,1.0,0.0,0.0,0.0,0.0
1,199601644,+,3,154823947,+,MESO,4464,TCGA-SH-A9CT-01A,TCGA-SH-A9CT-01A,1.0,0.0,0.0,0.0,0.0
1,221315421,-,1,223440321,-,MESO,4465,TCGA-SH-A9CT-01A,TCGA-SH-A9CT-01A,1.0,0.0,0.0,0.0,0.0
1,223439542,+,9,42473382,+,MESO,4466,TCGA-SH-A9CT-01A,TCGA-SH-A9CT-01A,1.0,0.0,0.0,0.0,0.0
1,241706482,+,1,241770022,-,MESO,4467,TCGA-SH-A9CT-01A,TCGA-SH-A9CT-01A,1.0,0.0,0.0,0.0,0.0
10,3373692,+,11,83424991,-,MESO,4468,TCGA-SH-A9CT-01A,TCGA-SH-A9CT-01A,1.0,0.0,0.0,0.0,0.0
10,3373802,-,11,83398113,+,MESO,4469,TCGA-SH-A9CT-01A,TCGA-SH-A9CT-01A,1.0,0.0,0.0,0.0,0.0
10,3860146,+,21,23216519,+,MESO,4470,TCGA-SH-A9CT-01A,TCGA-SH-A9CT-01A,1.0,0.0,0.0,0.0,0.0
10,4771136,-,10,4909502,-,MESO,4471,TCGA-SH-A9CT-01A,TCGA-SH-A9CT-01A,1.0,0.0,0.0,0.0,0.0
10,4771137,+,10,4909505,+,MESO,4472,TCGA-SH-A9CT-01A,TCGA-SH-A9CT-01A,1.0,0.0,0.0,0.0,0.0
10,25368323,+,10,25394012,-,MESO,4473,TCGA-SH-A9CT-01A,TCGA-SH-A9CT-01A,1.0,0.0,0.0,0.0,0.0
10,81494479,+,10,130881788,-,MESO,4474,TCGA-SH-A9CT-01A,TCGA-SH-A9CT-01A,1.0,0.0,0.0,0.0,0.0
11,23351848,+,11,23414003,-,MESO,4475,TCGA-SH-A9CT-01A,TCGA-SH-A9CT-01A,1.0,0.0,0.0,0.0,0.0
11,23351848,+,19,15030090,+,MESO,4476,TCGA-SH-A9CT-01A,TCGA-SH-A9CT-01A,1.0,0.0,0.0,0.0,0.0
11,24838188,+,11,30472691,-,MESO,4477,TCGA-SH-A9CT-01A,TCGA-SH-A9CT-01A,1.0,0.0,0.0,0.0,0.0
11,24838220,-,11,31010221,+,MESO,4478,TCGA-SH-A9CT-01A,TCGA-SH-A9CT-01A,1.0,0.0,0.0,0.0,0.0
11,30472687,+,11,31010311,-,MESO,4479,TCGA-SH-A9CT-01A,TCGA-SH-A9CT-01A,1.0,0.0,0.0,0.0,0.0
11,83229776,+,11,83468940,+,MESO,4480,TCGA-SH-A9CT-01A,TCGA-SH-A9CT-01A,1.0,0.0,0.0,0.0,0.0
11,83236066,-,11,99829506,-,MESO,4481,TCGA-SH-A9CT-01A,TCGA-SH-A9CT-01A,1.0,0.0,0.0,0.0,0.0
11,83244713,+,11,84256381,-,MESO,4482,TCGA-SH-A9CT-01A,TCGA-SH-A9CT-01A,1.0,0.0,0.0,0.0,0.0
11,83342899,-,11,84450983,-,MESO,4483,TCGA-SH-A9CT-01A,TCGA-SH-A9CT-01A,1.0,0.0,0.0,0.0,0.0
11,83502387,-,11,97130562,-,MESO,4484,TCGA-SH-A9CT-01A,TCGA-SH-A9CT-01A,1.0,0.0,0.0,0.0,0.0
11,83506600,+,11,99326007,-,MESO,4485,TCGA-SH-A9CT-01A,TCGA-SH-A9CT-01A,1.0,0.0,0.0,0.0,0.0
11,83763641,-,11,84595369,+,MESO,4486,TCGA-SH-A9CT-01A,TCGA-SH-A9CT-01A,1.0,0.0,0.0,0.0,0.0
11,83774424,+,11,115085897,-,MESO,4487,TCGA-SH-A9CT-01A,TCGA-SH-A9CT-01A,1.0,0.0,0.0,0.0,0.0
11,84214913,-,11,97871810,-,MESO,4488,TCGA-SH-A9CT-01A,TCGA-SH-A9CT-01A,1.0,0.0,0.0,0.0,0.0
11,84218396,+,11,97149729,+,MESO,4489,TCGA-SH-A9CT-01A,TCGA-SH-A9CT-01A,1.0,0.0,0.0,0.0,0.0
11,84234664,-,11,98848651,-,MESO,4490,TCGA-SH-A9CT-01A,TCGA-SH-A9CT-01A,1.0,0.0,0.0,0.0,0.0
11,84256355,+,11,85375676,-,MESO,4491,TCGA-SH-A9CT-01A,TCGA-SH-A9CT-01A,1.0,0.0,0.0,0.0,0.0
11,84267597,+,11,99809989,+,MESO,4492,TCGA-SH-A9CT-01A,TCGA-SH-A9CT-01A,1.0,0.0,0.0,0.0,0.0
11,84452586,+,11,89943805,-,MESO,4493,TCGA-SH-A9CT-01A,TCGA-SH-A9CT-01A,1.0,0.0,0.0,0.0,0.0
11,84560004,-,11,100269183,+,MESO,4494,TCGA-SH-A9CT-01A,TCGA-SH-A9CT-01A,1.0,0.0,0.0,0.0,0.0
11,84581898,+,11,97817658,-,MESO,4495,TCGA-SH-A9CT-01A,TCGA-SH-A9CT-01A,1.0,0.0,0.0,0.0,0.0
11,84582381,-,11,97163524,+,MESO,4496,TCGA-SH-A9CT-01A,TCGA-SH-A9CT-01A,1.0,0.0,0.0,0.0,0.0
11,85333719,-,11,98854325,+,MESO,4497,TCGA-SH-A9CT-01A,TCGA-SH-A9CT-01A,1.0,0.0,0.0,0.0,0.0
11,85341799,+,11,99800481,-,MESO,4498,TCGA-SH-A9CT-01A,TCGA-SH-A9CT-01A,1.0,0.0,0.0,0.0,0.0
11,97149867,-,11,99707126,+,MESO,4499,TCGA-SH-A9CT-01A,TCGA-SH-A9CT-01A,1.0,0.0,0.0,0.0,0.0
11,97189759,-,11,99823566,-,MESO,4500,TCGA-SH-A9CT-01A,TCGA-SH-A9CT-01A,1.0,0.0,0.0,0.0,0.0
11,97190609,+,11,97874842,+,MESO,4501,TCGA-SH-A9CT-01A,TCGA-SH-A9CT-01A,1.0,0.0,0.0,0.0,0.0
11,97194406,-,11,114991258,+,MESO,4502,TCGA-SH-A9CT-01A,TCGA-SH-A9CT-01A,1.0,0.0,0.0,0.0,0.0
11,97201374,+,11,99829509,+,MESO,4503,TCGA-SH-A9CT-01A,TCGA-SH-A9CT-01A,1.0,0.0,0.0,0.0,0.0
11,97818359,+,11,114987496,-,MESO,4504,TCGA-SH-A9CT-01A,TCGA-SH-A9CT-01A,1.0,0.0,0.0,0.0,0.0
11,99805012,+,11,100221523,-,MESO,4505,TCGA-SH-A9CT-01A,TCGA-SH-A9CT-01A,1.0,0.0,0.0,0.0,0.0
11,99809729,-,11,100255997,-,MESO,4506,TCGA-SH-A9CT-01A,TCGA-SH-A9CT-01A,1.0,0.0,0.0,0.0,0.0
11,99830868,+,11,100262251,-,MESO,4507,TCGA-SH-A9CT-01A,TCGA-SH-A9CT-01A,1.0,0.0,0.0,0.0,0.0
11,100254011,+,11,100258283,+,MESO,4508,TCGA-SH-A9CT-01A,TCGA-SH-A9CT-01A,1.0,0.0,0.0,0.0,0.0
11,118719439,+,19,52631090,+,MESO,4509,TCGA-SH-A9CT-01A,TCGA-SH-A9CT-01A,1.0,0.0,0.0,0.0,0.0
12,4971541,+,12,4984770,-,MESO,4510,TCGA-SH-A9CT-01A,TCGA-SH-A9CT-01A,1.0,0.0,0.0,0.0,0.0
12,54640421,+,12,96979992,-,MESO,4511,TCGA-SH-A9CT-01A,TCGA-SH-A9CT-01A,1.0,0.0,0.0,0.0,0.0
12,54750612,-,12,115825448,+,MESO,4512,TCGA-SH-A9CT-01A,TCGA-SH-A9CT-01A,1.0,0.0,0.0,0.0,0.0
12,96523337,+,12,119479460,-,MESO,4513,TCGA-SH-A9CT-01A,TCGA-SH-A9CT-01A,1.0,0.0,0.0,0.0,0.0
12,97035159,+,12,119046044,+,MESO,4514,TCGA-SH-A9CT-01A,TCGA-SH-A9CT-01A,1.0,0.0,0.0,0.0,0.0
12,97322899,-,12,115797762,+,MESO,4515,TCGA-SH-A9CT-01A,TCGA-SH-A9CT-01A,1.0,0.0,0.0,0.0,0.0
12,100371574,+,12,130163051,-,MESO,4516,TCGA-SH-A9CT-01A,TCGA-SH-A9CT-01A,1.0,0.0,0.0,0.0,0.0
12,100418587,-,12,100485225,-,MESO,4517,TCGA-SH-A9CT-01A,TCGA-SH-A9CT-01A,1.0,0.0,0.0,0.0,0.0
12,100429894,+,16,80503763,+,MESO,4518,TCGA-SH-A9CT-01A,TCGA-SH-A9CT-01A,1.0,0.0,0.0,0.0,0.0
12,100439338,-,12,130776552,-,MESO,4519,TCGA-SH-A9CT-01A,TCGA-SH-A9CT-01A,1.0,0.0,0.0,0.0,0.0
12,100445522,+,16,80580179,+,MESO,4520,TCGA-SH-A9CT-01A,TCGA-SH-A9CT-01A,1.0,0.0,0.0,0.0,0.0
12,100464974,-,12,130436553,+,MESO,4521,TCGA-SH-A9CT-01A,TCGA-SH-A9CT-01A,1.0,0.0,0.0,0.0,0.0
12,100472984,+,12,130361348,-,MESO,4522,TCGA-SH-A9CT-01A,TCGA-SH-A9CT-01A,1.0,0.0,0.0,0.0,0.0
12,100473423,-,16,80677216,-,MESO,4523,TCGA-SH-A9CT-01A,TCGA-SH-A9CT-01A,1.0,0.0,0.0,0.0,0.0
12,100480991,+,16,80684393,-,MESO,4524,TCGA-SH-A9CT-01A,TCGA-SH-A9CT-01A,1.0,0.0,0.0,0.0,0.0
12,100489688,+,16,80638584,+,MESO,4525,TCGA-SH-A9CT-01A,TCGA-SH-A9CT-01A,1.0,0.0,0.0,0.0,0.0
12,100499417,-,12,130746951,+,MESO,4526,TCGA-SH-A9CT-01A,TCGA-SH-A9CT-01A,1.0,0.0,0.0,0.0,0.0
12,103966052,+,12,103979830,-,MESO,4527,TCGA-SH-A9CT-01A,TCGA-SH-A9CT-01A,1.0,0.0,0.0,0.0,0.0
12,106427328,+,12,106465574,-,MESO,4528,TCGA-SH-A9CT-01A,TCGA-SH-A9CT-01A,1.0,0.0,0.0,0.0,0.0
12,115491429,+,12,115825448,-,MESO,4529,TCGA-SH-A9CT-01A,TCGA-SH-A9CT-01A,1.0,0.0,0.0,0.0,0.0
12,115605556,-,12,115825043,-,MESO,4530,TCGA-SH-A9CT-01A,TCGA-SH-A9CT-01A,1.0,0.0,0.0,0.0,0.0
12,129945948,+,12,130133955,-,MESO,4531,TCGA-SH-A9CT-01A,TCGA-SH-A9CT-01A,1.0,0.0,0.0,0.0,0.0
12,130015249,-,12,130329925,-,MESO,4532,TCGA-SH-A9CT-01A,TCGA-SH-A9CT-01A,1.0,0.0,0.0,0.0,0.0
12,130018424,+,12,130737325,-,MESO,4533,TCGA-SH-A9CT-01A,TCGA-SH-A9CT-01A,1.0,0.0,0.0,0.0,0.0
12,130064380,-,16,80807737,-,MESO,4534,TCGA-SH-A9CT-01A,TCGA-SH-A9CT-01A,1.0,0.0,0.0,0.0,0.0
12,130075829,+,12,130172159,+,MESO,4535,TCGA-SH-A9CT-01A,TCGA-SH-A9CT-01A,1.0,0.0,0.0,0.0,0.0
12,130087446,-,12,130105605,-,MESO,4536,TCGA-SH-A9CT-01A,TCGA-SH-A9CT-01A,1.0,0.0,0.0,0.0,0.0
12,130104667,+,12,130335669,+,MESO,4537,TCGA-SH-A9CT-01A,TCGA-SH-A9CT-01A,1.0,0.0,0.0,0.0,0.0
12,130115487,+,12,130767588,-,MESO,4538,TCGA-SH-A9CT-01A,TCGA-SH-A9CT-01A,1.0,0.0,0.0,0.0,0.0
12,130143466,+,16,80739626,+,MESO,4539,TCGA-SH-A9CT-01A,TCGA-SH-A9CT-01A,1.0,0.0,0.0,0.0,0.0
12,130143542,-,16,80670258,-,MESO,4540,TCGA-SH-A9CT-01A,TCGA-SH-A9CT-01A,1.0,0.0,0.0,0.0,0.0
12,130145215,+,12,130608711,+,MESO,4541,TCGA-SH-A9CT-01A,TCGA-SH-A9CT-01A,1.0,0.0,0.0,0.0,0.0
12,130145499,-,12,130431205,-,MESO,4542,TCGA-SH-A9CT-01A,TCGA-SH-A9CT-01A,1.0,0.0,0.0,0.0,0.0
12,130162936,+,12,130419236,+,MESO,4543,TCGA-SH-A9CT-01A,TCGA-SH-A9CT-01A,1.0,0.0,0.0,0.0,0.0
12,130176745,-,16,80663688,+,MESO,4544,TCGA-SH-A9CT-01A,TCGA-SH-A9CT-01A,1.0,0.0,0.0,0.0,0.0
12,130187734,+,16,80708861,-,MESO,4545,TCGA-SH-A9CT-01A,TCGA-SH-A9CT-01A,1.0,0.0,0.0,0.0,0.0
12,130331314,+,16,80596914,-,MESO,4546,TCGA-SH-A9CT-01A,TCGA-SH-A9CT-01A,1.0,0.0,0.0,0.0,0.0
12,130333394,-,16,80559810,-,MESO,4547,TCGA-SH-A9CT-01A,TCGA-SH-A9CT-01A,1.0,0.0,0.0,0.0,0.0
12,130361035,-,16,80639635,-,MESO,4548,TCGA-SH-A9CT-01A,TCGA-SH-A9CT-01A,1.0,0.0,0.0,0.0,0.0
12,130361254,+,16,80571609,+,MESO,4549,TCGA-SH-A9CT-01A,TCGA-SH-A9CT-01A,1.0,0.0,0.0,0.0,0.0
12,130365493,+,12,130412332,-,MESO,4550,TCGA-SH-A9CT-01A,TCGA-SH-A9CT-01A,1.0,0.0,0.0,0.0,0.0
12,130417582,-,16,80596851,+,MESO,4551,TCGA-SH-A9CT-01A,TCGA-SH-A9CT-01A,1.0,0.0,0.0,0.0,0.0
12,130419770,-,16,80580319,-,MESO,4552,TCGA-SH-A9CT-01A,TCGA-SH-A9CT-01A,1.0,0.0,0.0,0.0,0.0
12,130420446,+,12,130776231,+,MESO,4553,TCGA-SH-A9CT-01A,TCGA-SH-A9CT-01A,1.0,0.0,0.0,0.0,0.0
12,130420532,-,12,130767448,+,MESO,4554,TCGA-SH-A9CT-01A,TCGA-SH-A9CT-01A,1.0,0.0,0.0,0.0,0.0
12,130431160,+,12,130437036,-,MESO,4555,TCGA-SH-A9CT-01A,TCGA-SH-A9CT-01A,1.0,0.0,0.0,0.0,0.0
12,130488957,-,12,130746983,-,MESO,4556,TCGA-SH-A9CT-01A,TCGA-SH-A9CT-01A,1.0,0.0,0.0,0.0,0.0
12,130503672,+,16,80672818,+,MESO,4557,TCGA-SH-A9CT-01A,TCGA-SH-A9CT-01A,1.0,0.0,0.0,0.0,0.0
12,130592349,-,12,130776728,-,MESO,4558,TCGA-SH-A9CT-01A,TCGA-SH-A9CT-01A,1.0,0.0,0.0,0.0,0.0
12,130745809,+,12,130790386,+,MESO,4559,TCGA-SH-A9CT-01A,TCGA-SH-A9CT-01A,1.0,0.0,0.0,0.0,0.0
12,130776725,+,16,80725644,-,MESO,4560,TCGA-SH-A9CT-01A,TCGA-SH-A9CT-01A,1.0,0.0,0.0,0.0,0.0
12,130790490,-,16,80672856,-,MESO,4561,TCGA-SH-A9CT-01A,TCGA-SH-A9CT-01A,1.0,0.0,0.0,0.0,0.0
12,130804272,+,16,80631465,-,MESO,4562,TCGA-SH-A9CT-01A,TCGA-SH-A9CT-01A,1.0,0.0,0.0,0.0,0.0
12,130872150,-,16,80710690,+,MESO,4563,TCGA-SH-A9CT-01A,TCGA-SH-A9CT-01A,1.0,0.0,0.0,0.0,0.0
12,130902666,+,16,80695021,+,MESO,4564,TCGA-SH-A9CT-01A,TCGA-SH-A9CT-01A,1.0,0.0,0.0,0.0,0.0
13,18469333,-,13,78484086,-,MESO,4565,TCGA-SH-A9CT-01A,TCGA-SH-A9CT-01A,1.0,0.0,0.0,0.0,0.0
13,18469336,+,13,78495856,-,MESO,4566,TCGA-SH-A9CT-01A,TCGA-SH-A9CT-01A,1.0,0.0,0.0,0.0,0.0
13,18475705,+,13,81328600,-,MESO,4567,TCGA-SH-A9CT-01A,TCGA-SH-A9CT-01A,1.0,0.0,0.0,0.0,0.0
13,78493471,+,13,78647916,+,MESO,4568,TCGA-SH-A9CT-01A,TCGA-SH-A9CT-01A,1.0,0.0,0.0,0.0,0.0
13,101842355,+,13,103286026,+,MESO,4569,TCGA-SH-A9CT-01A,TCGA-SH-A9CT-01A,1.0,0.0,0.0,0.0,0.0
13,102187485,-,13,103455235,-,MESO,4570,TCGA-SH-A9CT-01A,TCGA-SH-A9CT-01A,1.0,0.0,0.0,0.0,0.0
13,102192611,+,13,103577154,-,MESO,4571,TCGA-SH-A9CT-01A,TCGA-SH-A9CT-01A,1.0,0.0,0.0,0.0,0.0
13,102363165,-,13,103580526,+,MESO,4572,TCGA-SH-A9CT-01A,TCGA-SH-A9CT-01A,1.0,0.0,0.0,0.0,0.0
13,102366538,+,13,102449162,-,MESO,4573,TCGA-SH-A9CT-01A,TCGA-SH-A9CT-01A,1.0,0.0,0.0,0.0,0.0
13,103576713,+,13,103844628,-,MESO,4574,TCGA-SH-A9CT-01A,TCGA-SH-A9CT-01A,1.0,0.0,0.0,0.0,0.0
15,24111908,+,15,25253750,+,MESO,4575,TCGA-SH-A9CT-01A,TCGA-SH-A9CT-01A,1.0,0.0,0.0,0.0,0.0
15,24526874,-,15,25426110,+,MESO,4576,TCGA-SH-A9CT-01A,TCGA-SH-A9CT-01A,1.0,0.0,0.0,0.0,0.0
15,24770614,+,15,48762629,+,MESO,4577,TCGA-SH-A9CT-01A,TCGA-SH-A9CT-01A,1.0,0.0,0.0,0.0,0.0
15,24997279,-,15,45657185,+,MESO,4578,TCGA-SH-A9CT-01A,TCGA-SH-A9CT-01A,1.0,0.0,0.0,0.0,0.0
15,25363652,-,15,45633804,-,MESO,4579,TCGA-SH-A9CT-01A,TCGA-SH-A9CT-01A,1.0,0.0,0.0,0.0,0.0
15,27961628,+,15,27962906,+,MESO,4580,TCGA-SH-A9CT-01A,TCGA-SH-A9CT-01A,1.0,0.0,0.0,0.0,0.0
15,27961767,-,15,27968730,-,MESO,4581,TCGA-SH-A9CT-01A,TCGA-SH-A9CT-01A,1.0,0.0,0.0,0.0,0.0
15,45745142,-,15,48074224,-,MESO,4582,TCGA-SH-A9CT-01A,TCGA-SH-A9CT-01A,1.0,0.0,0.0,0.0,0.0
15,47104807,+,15,48325045,+,MESO,4583,TCGA-SH-A9CT-01A,TCGA-SH-A9CT-01A,1.0,0.0,0.0,0.0,0.0
15,47165437,-,15,48076044,+,MESO,4584,TCGA-SH-A9CT-01A,TCGA-SH-A9CT-01A,1.0,0.0,0.0,0.0,0.0
15,47171876,-,15,48074091,+,MESO,4585,TCGA-SH-A9CT-01A,TCGA-SH-A9CT-01A,1.0,0.0,0.0,0.0,0.0
15,47172968,+,15,48306179,-,MESO,4586,TCGA-SH-A9CT-01A,TCGA-SH-A9CT-01A,1.0,0.0,0.0,0.0,0.0
15,48074096,-,15,48206254,+,MESO,4587,TCGA-SH-A9CT-01A,TCGA-SH-A9CT-01A,1.0,0.0,0.0,0.0,0.0
15,48148794,-,15,48316713,-,MESO,4588,TCGA-SH-A9CT-01A,TCGA-SH-A9CT-01A,1.0,0.0,0.0,0.0,0.0
15,48191035,+,15,48206462,+,MESO,4589,TCGA-SH-A9CT-01A,TCGA-SH-A9CT-01A,1.0,0.0,0.0,0.0,0.0
15,48201666,-,15,48316714,+,MESO,4590,TCGA-SH-A9CT-01A,TCGA-SH-A9CT-01A,1.0,0.0,0.0,0.0,0.0
15,48756221,-,15,48768412,-,MESO,4591,TCGA-SH-A9CT-01A,TCGA-SH-A9CT-01A,1.0,0.0,0.0,0.0,0.0
15,88521027,+,15,88625050,-,MESO,4592,TCGA-SH-A9CT-01A,TCGA-SH-A9CT-01A,1.0,0.0,0.0,0.0,0.0
16,5555408,+,16,5955868,-,MESO,4593,TCGA-SH-A9CT-01A,TCGA-SH-A9CT-01A,1.0,0.0,0.0,0.0,0.0
16,7534794,+,16,7572092,-,MESO,4594,TCGA-SH-A9CT-01A,TCGA-SH-A9CT-01A,1.0,0.0,0.0,0.0,0.0
16,80148509,+,16,80158688,+,MESO,4595,TCGA-SH-A9CT-01A,TCGA-SH-A9CT-01A,1.0,0.0,0.0,0.0,0.0
16,80153899,-,16,80158715,-,MESO,4596,TCGA-SH-A9CT-01A,TCGA-SH-A9CT-01A,1.0,0.0,0.0,0.0,0.0
16,80575016,-,16,80674382,+,MESO,4597,TCGA-SH-A9CT-01A,TCGA-SH-A9CT-01A,1.0,0.0,0.0,0.0,0.0
16,80602796,+,16,80609548,+,MESO,4598,TCGA-SH-A9CT-01A,TCGA-SH-A9CT-01A,1.0,0.0,0.0,0.0,0.0
16,80602867,-,16,80684288,+,MESO,4599,TCGA-SH-A9CT-01A,TCGA-SH-A9CT-01A,1.0,0.0,0.0,0.0,0.0
17,53132492,+,17,54559103,+,MESO,4600,TCGA-SH-A9CT-01A,TCGA-SH-A9CT-01A,1.0,0.0,0.0,0.0,0.0
17,53132514,-,22,26046283,-,MESO,4601,TCGA-SH-A9CT-01A,TCGA-SH-A9CT-01A,1.0,0.0,0.0,0.0,0.0
17,53139315,-,22,26035221,-,MESO,4602,TCGA-SH-A9CT-01A,TCGA-SH-A9CT-01A,1.0,0.0,0.0,0.0,0.0
17,53139317,+,22,26035213,+,MESO,4603,TCGA-SH-A9CT-01A,TCGA-SH-A9CT-01A,1.0,0.0,0.0,0.0,0.0
17,54223662,+,17,54251816,-,MESO,4604,TCGA-SH-A9CT-01A,TCGA-SH-A9CT-01A,1.0,0.0,0.0,0.0,0.0
17,54257641,+,22,25815592,+,MESO,4605,TCGA-SH-A9CT-01A,TCGA-SH-A9CT-01A,1.0,0.0,0.0,0.0,0.0
17,54257651,-,17,54643863,-,MESO,4606,TCGA-SH-A9CT-01A,TCGA-SH-A9CT-01A,1.0,0.0,0.0,0.0,0.0
17,82218045,+,17,82287526,-,MESO,4607,TCGA-SH-A9CT-01A,TCGA-SH-A9CT-01A,1.0,0.0,0.0,0.0,0.0
18,36911489,+,18,36925730,-,MESO,4608,TCGA-SH-A9CT-01A,TCGA-SH-A9CT-01A,1.0,0.0,0.0,0.0,0.0
18,41918956,+,18,42133935,+,MESO,4609,TCGA-SH-A9CT-01A,TCGA-SH-A9CT-01A,1.0,0.0,0.0,0.0,0.0
18,42131203,-,18,42133972,-,MESO,4610,TCGA-SH-A9CT-01A,TCGA-SH-A9CT-01A,1.0,0.0,0.0,0.0,0.0
2,6253217,+,4,149368987,+,MESO,4611,TCGA-SH-A9CT-01A,TCGA-SH-A9CT-01A,1.0,0.0,0.0,0.0,0.0
2,116078304,+,2,143295140,+,MESO,4612,TCGA-SH-A9CT-01A,TCGA-SH-A9CT-01A,1.0,0.0,0.0,0.0,0.0
2,116078306,-,2,143295197,-,MESO,4613,TCGA-SH-A9CT-01A,TCGA-SH-A9CT-01A,1.0,0.0,0.0,0.0,0.0
2,117383241,+,4,70391023,+,MESO,4614,TCGA-SH-A9CT-01A,TCGA-SH-A9CT-01A,1.0,0.0,0.0,0.0,0.0
2,157401807,+,2,208857709,+,MESO,4615,TCGA-SH-A9CT-01A,TCGA-SH-A9CT-01A,1.0,0.0,0.0,0.0,0.0
2,157403160,-,2,208863585,-,MESO,4616,TCGA-SH-A9CT-01A,TCGA-SH-A9CT-01A,1.0,0.0,0.0,0.0,0.0
2,157404443,+,2,197642020,-,MESO,4617,TCGA-SH-A9CT-01A,TCGA-SH-A9CT-01A,1.0,0.0,0.0,0.0,0.0
2,157446844,-,2,197549083,+,MESO,4618,TCGA-SH-A9CT-01A,TCGA-SH-A9CT-01A,1.0,0.0,0.0,0.0,0.0
2,157450082,+,2,209370757,-,MESO,4619,TCGA-SH-A9CT-01A,TCGA-SH-A9CT-01A,1.0,0.0,0.0,0.0,0.0
2,157592620,-,2,197630764,+,MESO,4620,TCGA-SH-A9CT-01A,TCGA-SH-A9CT-01A,1.0,0.0,0.0,0.0,0.0
2,196467884,+,2,196650454,+,MESO,4621,TCGA-SH-A9CT-01A,TCGA-SH-A9CT-01A,1.0,0.0,0.0,0.0,0.0
2,196649261,-,2,197617668,-,MESO,4622,TCGA-SH-A9CT-01A,TCGA-SH-A9CT-01A,1.0,0.0,0.0,0.0,0.0
2,196653599,-,2,209407396,-,MESO,4623,TCGA-SH-A9CT-01A,TCGA-SH-A9CT-01A,1.0,0.0,0.0,0.0,0.0
2,197437648,+,2,208826952,+,MESO,4624,TCGA-SH-A9CT-01A,TCGA-SH-A9CT-01A,1.0,0.0,0.0,0.0,0.0
2,197547767,-,2,197626658,-,MESO,4625,TCGA-SH-A9CT-01A,TCGA-SH-A9CT-01A,1.0,0.0,0.0,0.0,0.0
2,197632821,-,2,209372884,+,MESO,4626,TCGA-SH-A9CT-01A,TCGA-SH-A9CT-01A,1.0,0.0,0.0,0.0,0.0
2,197641802,+,2,208845502,+,MESO,4627,TCGA-SH-A9CT-01A,TCGA-SH-A9CT-01A,1.0,0.0,0.0,0.0,0.0
2,208461221,+,2,209371444,-,MESO,4628,TCGA-SH-A9CT-01A,TCGA-SH-A9CT-01A,1.0,0.0,0.0,0.0,0.0
2,208655793,-,2,208826983,-,MESO,4629,TCGA-SH-A9CT-01A,TCGA-SH-A9CT-01A,1.0,0.0,0.0,0.0,0.0
2,208661109,+,2,208971319,-,MESO,4630,TCGA-SH-A9CT-01A,TCGA-SH-A9CT-01A,1.0,0.0,0.0,0.0,0.0
2,208777032,-,2,208874580,-,MESO,4631,TCGA-SH-A9CT-01A,TCGA-SH-A9CT-01A,1.0,0.0,0.0,0.0,0.0
2,208778794,+,2,209371198,+,MESO,4632,TCGA-SH-A9CT-01A,TCGA-SH-A9CT-01A,1.0,0.0,0.0,0.0,0.0
2,208826367,-,2,208831214,+,MESO,4633,TCGA-SH-A9CT-01A,TCGA-SH-A9CT-01A,1.0,0.0,0.0,0.0,0.0
2,208844293,-,2,208854981,-,MESO,4634,TCGA-SH-A9CT-01A,TCGA-SH-A9CT-01A,1.0,0.0,0.0,0.0,0.0
2,208867092,+,2,209399561,+,MESO,4635,TCGA-SH-A9CT-01A,TCGA-SH-A9CT-01A,1.0,0.0,0.0,0.0,0.0
2,208877478,+,2,209230339,+,MESO,4636,TCGA-SH-A9CT-01A,TCGA-SH-A9CT-01A,1.0,0.0,0.0,0.0,0.0
2,209012984,-,2,209395579,-,MESO,4637,TCGA-SH-A9CT-01A,TCGA-SH-A9CT-01A,1.0,0.0,0.0,0.0,0.0
2,227115754,+,2,227146649,-,MESO,4638,TCGA-SH-A9CT-01A,TCGA-SH-A9CT-01A,1.0,0.0,0.0,0.0,0.0
20,6489882,+,20,6624396,-,MESO,4639,TCGA-SH-A9CT-01A,TCGA-SH-A9CT-01A,1.0,0.0,0.0,0.0,0.0
21,16029537,+,21,30718603,-,MESO,4640,TCGA-SH-A9CT-01A,TCGA-SH-A9CT-01A,1.0,0.0,0.0,0.0,0.0
21,16029658,+,21,30629525,+,MESO,4641,TCGA-SH-A9CT-01A,TCGA-SH-A9CT-01A,1.0,0.0,0.0,0.0,0.0
21,16031690,-,21,30765846,+,MESO,4642,TCGA-SH-A9CT-01A,TCGA-SH-A9CT-01A,1.0,0.0,0.0,0.0,0.0
21,16036686,-,21,29898813,+,MESO,4643,TCGA-SH-A9CT-01A,TCGA-SH-A9CT-01A,1.0,0.0,0.0,0.0,0.0
21,24420110,+,21,30706116,+,MESO,4644,TCGA-SH-A9CT-01A,TCGA-SH-A9CT-01A,1.0,0.0,0.0,0.0,0.0
21,24460954,+,21,30406306,+,MESO,4645,TCGA-SH-A9CT-01A,TCGA-SH-A9CT-01A,1.0,0.0,0.0,0.0,0.0
21,24503881,-,21,30701369,+,MESO,4646,TCGA-SH-A9CT-01A,TCGA-SH-A9CT-01A,1.0,0.0,0.0,0.0,0.0
21,29874334,+,21,30722621,-,MESO,4647,TCGA-SH-A9CT-01A,TCGA-SH-A9CT-01A,1.0,0.0,0.0,0.0,0.0
21,29874338,-,21,30402758,-,MESO,4648,TCGA-SH-A9CT-01A,TCGA-SH-A9CT-01A,1.0,0.0,0.0,0.0,0.0
21,29898828,-,21,30553383,-,MESO,4649,TCGA-SH-A9CT-01A,TCGA-SH-A9CT-01A,1.0,0.0,0.0,0.0,0.0
21,30399469,+,21,30410766,-,MESO,4650,TCGA-SH-A9CT-01A,TCGA-SH-A9CT-01A,1.0,0.0,0.0,0.0,0.0
21,30544076,-,21,30747007,+,MESO,4651,TCGA-SH-A9CT-01A,TCGA-SH-A9CT-01A,1.0,0.0,0.0,0.0,0.0
21,30629464,+,21,30718829,+,MESO,4652,TCGA-SH-A9CT-01A,TCGA-SH-A9CT-01A,1.0,0.0,0.0,0.0,0.0
21,30643631,-,21,30705776,-,MESO,4653,TCGA-SH-A9CT-01A,TCGA-SH-A9CT-01A,1.0,0.0,0.0,0.0,0.0
21,30746163,-,21,30765873,-,MESO,4654,TCGA-SH-A9CT-01A,TCGA-SH-A9CT-01A,1.0,0.0,0.0,0.0,0.0
21,30756683,-,21,30759999,-,MESO,4655,TCGA-SH-A9CT-01A,TCGA-SH-A9CT-01A,1.0,0.0,0.0,0.0,0.0
22,25845962,-,22,26046280,+,MESO,4656,TCGA-SH-A9CT-01A,TCGA-SH-A9CT-01A,1.0,0.0,0.0,0.0,0.0
22,29650628,+,22,29664354,-,MESO,4657,TCGA-SH-A9CT-01A,TCGA-SH-A9CT-01A,1.0,0.0,0.0,0.0,0.0
3,2194500,+,12,130430554,+,MESO,4658,TCGA-SH-A9CT-01A,TCGA-SH-A9CT-01A,1.0,0.0,0.0,0.0,0.0
3,2227408,-,12,130439201,+,MESO,4659,TCGA-SH-A9CT-01A,TCGA-SH-A9CT-01A,1.0,0.0,0.0,0.0,0.0
3,2482176,+,3,2795001,-,MESO,4660,TCGA-SH-A9CT-01A,TCGA-SH-A9CT-01A,1.0,0.0,0.0,0.0,0.0
3,2512505,-,12,130430592,-,MESO,4661,TCGA-SH-A9CT-01A,TCGA-SH-A9CT-01A,1.0,0.0,0.0,0.0,0.0
3,2794849,+,12,130415607,+,MESO,4662,TCGA-SH-A9CT-01A,TCGA-SH-A9CT-01A,1.0,0.0,0.0,0.0,0.0
3,2795724,+,3,2797687,-,MESO,4663,TCGA-SH-A9CT-01A,TCGA-SH-A9CT-01A,1.0,0.0,0.0,0.0,0.0
3,34743312,+,3,90591673,-,MESO,4664,TCGA-SH-A9CT-01A,TCGA-SH-A9CT-01A,1.0,0.0,0.0,0.0,0.0
3,34770197,-,3,34969698,+,MESO,4665,TCGA-SH-A9CT-01A,TCGA-SH-A9CT-01A,1.0,0.0,0.0,0.0,0.0
3,34774451,+,3,88359606,+,MESO,4666,TCGA-SH-A9CT-01A,TCGA-SH-A9CT-01A,1.0,0.0,0.0,0.0,0.0
3,40286943,-,18,42146959,+,MESO,4667,TCGA-SH-A9CT-01A,TCGA-SH-A9CT-01A,1.0,0.0,0.0,0.0,0.0
3,85411932,+,3,85577849,-,MESO,4668,TCGA-SH-A9CT-01A,TCGA-SH-A9CT-01A,1.0,0.0,0.0,0.0,0.0
4,81145306,+,4,82142616,-,MESO,4669,TCGA-SH-A9CT-01A,TCGA-SH-A9CT-01A,1.0,0.0,0.0,0.0,0.0
4,184424817,+,6,36391170,+,MESO,4670,TCGA-SH-A9CT-01A,TCGA-SH-A9CT-01A,1.0,0.0,0.0,0.0,0.0
4,184424833,-,6,36391202,-,MESO,4671,TCGA-SH-A9CT-01A,TCGA-SH-A9CT-01A,1.0,0.0,0.0,0.0,0.0
4,185068442,-,9,22016516,-,MESO,4672,TCGA-SH-A9CT-01A,TCGA-SH-A9CT-01A,1.0,0.0,0.0,0.0,0.0
4,185070160,+,6,13991981,-,MESO,4673,TCGA-SH-A9CT-01A,TCGA-SH-A9CT-01A,1.0,0.0,0.0,0.0,0.0
5,43044052,+,5,43050988,-,MESO,4674,TCGA-SH-A9CT-01A,TCGA-SH-A9CT-01A,1.0,0.0,0.0,0.0,0.0
5,64000903,+,5,87758427,+,MESO,4675,TCGA-SH-A9CT-01A,TCGA-SH-A9CT-01A,1.0,0.0,0.0,0.0,0.0
5,64000955,-,5,87650315,-,MESO,4676,TCGA-SH-A9CT-01A,TCGA-SH-A9CT-01A,1.0,0.0,0.0,0.0,0.0
5,64000957,-,5,87651151,+,MESO,4677,TCGA-SH-A9CT-01A,TCGA-SH-A9CT-01A,1.0,0.0,0.0,0.0,0.0
5,84062132,+,5,84072638,-,MESO,4678,TCGA-SH-A9CT-01A,TCGA-SH-A9CT-01A,1.0,0.0,0.0,0.0,0.0
5,87650299,+,5,87758544,-,MESO,4679,TCGA-SH-A9CT-01A,TCGA-SH-A9CT-01A,1.0,0.0,0.0,0.0,0.0
6,13998687,+,9,21993288,+,MESO,4680,TCGA-SH-A9CT-01A,TCGA-SH-A9CT-01A,1.0,0.0,0.0,0.0,0.0
6,59268409,-,6,59778924,+,MESO,4681,TCGA-SH-A9CT-01A,TCGA-SH-A9CT-01A,1.0,0.0,0.0,0.0,0.0
6,72614395,+,11,127665413,-,MESO,4682,TCGA-SH-A9CT-01A,TCGA-SH-A9CT-01A,1.0,0.0,0.0,0.0,0.0
6,72629403,-,11,127660864,+,MESO,4683,TCGA-SH-A9CT-01A,TCGA-SH-A9CT-01A,1.0,0.0,0.0,0.0,0.0
6,80973665,+,6,81418924,+,MESO,4684,TCGA-SH-A9CT-01A,TCGA-SH-A9CT-01A,1.0,0.0,0.0,0.0,0.0
6,81408793,-,6,85088213,+,MESO,4685,TCGA-SH-A9CT-01A,TCGA-SH-A9CT-01A,1.0,0.0,0.0,0.0,0.0
6,85083154,-,6,85193801,-,MESO,4686,TCGA-SH-A9CT-01A,TCGA-SH-A9CT-01A,1.0,0.0,0.0,0.0,0.0
6,104850676,+,6,104861125,-,MESO,4687,TCGA-SH-A9CT-01A,TCGA-SH-A9CT-01A,1.0,0.0,0.0,0.0,0.0
6,120027682,+,6,120038527,-,MESO,4688,TCGA-SH-A9CT-01A,TCGA-SH-A9CT-01A,1.0,0.0,0.0,0.0,0.0
6,120901070,+,6,120915274,-,MESO,4689,TCGA-SH-A9CT-01A,TCGA-SH-A9CT-01A,1.0,0.0,0.0,0.0,0.0
7,14521374,+,7,14529748,-,MESO,4690,TCGA-SH-A9CT-01A,TCGA-SH-A9CT-01A,1.0,0.0,0.0,0.0,0.0
7,14583688,+,7,14586511,-,MESO,4691,TCGA-SH-A9CT-01A,TCGA-SH-A9CT-01A,1.0,0.0,0.0,0.0,0.0
7,21523955,+,23,14678814,-,MESO,4692,TCGA-SH-A9CT-01A,TCGA-SH-A9CT-01A,1.0,0.0,0.0,0.0,0.0
7,21683522,-,23,14574606,+,MESO,4693,TCGA-SH-A9CT-01A,TCGA-SH-A9CT-01A,1.0,0.0,0.0,0.0,0.0
7,57698507,+,20,30207238,-,MESO,4694,TCGA-SH-A9CT-01A,TCGA-SH-A9CT-01A,1.0,0.0,0.0,0.0,0.0
7,108407544,+,7,113456530,+,MESO,4695,TCGA-SH-A9CT-01A,TCGA-SH-A9CT-01A,1.0,0.0,0.0,0.0,0.0
7,108417594,-,7,120048863,-,MESO,4696,TCGA-SH-A9CT-01A,TCGA-SH-A9CT-01A,1.0,0.0,0.0,0.0,0.0
7,108429429,+,7,119201231,+,MESO,4697,TCGA-SH-A9CT-01A,TCGA-SH-A9CT-01A,1.0,0.0,0.0,0.0,0.0
7,113455408,-,7,120495680,+,MESO,4698,TCGA-SH-A9CT-01A,TCGA-SH-A9CT-01A,1.0,0.0,0.0,0.0,0.0
7,119197124,-,7,120284856,-,MESO,4699,TCGA-SH-A9CT-01A,TCGA-SH-A9CT-01A,1.0,0.0,0.0,0.0,0.0
7,119956310,-,7,142449478,+,MESO,4700,TCGA-SH-A9CT-01A,TCGA-SH-A9CT-01A,1.0,0.0,0.0,0.0,0.0
7,120016727,+,7,120496470,-,MESO,4701,TCGA-SH-A9CT-01A,TCGA-SH-A9CT-01A,1.0,0.0,0.0,0.0,0.0
7,120060079,+,7,120491602,-,MESO,4702,TCGA-SH-A9CT-01A,TCGA-SH-A9CT-01A,1.0,0.0,0.0,0.0,0.0
7,120268599,-,7,120286135,+,MESO,4703,TCGA-SH-A9CT-01A,TCGA-SH-A9CT-01A,1.0,0.0,0.0,0.0,0.0
7,120284587,+,7,120499867,+,MESO,4704,TCGA-SH-A9CT-01A,TCGA-SH-A9CT-01A,1.0,0.0,0.0,0.0,0.0
7,120773792,-,7,142727542,-,MESO,4705,TCGA-SH-A9CT-01A,TCGA-SH-A9CT-01A,1.0,0.0,0.0,0.0,0.0
7,149338841,+,7,149345003,+,MESO,4706,TCGA-SH-A9CT-01A,TCGA-SH-A9CT-01A,1.0,0.0,0.0,0.0,0.0
7,149342991,-,7,149345025,-,MESO,4707,TCGA-SH-A9CT-01A,TCGA-SH-A9CT-01A,1.0,0.0,0.0,0.0,0.0
8,24437136,+,8,57180270,-,MESO,4708,TCGA-SH-A9CT-01A,TCGA-SH-A9CT-01A,1.0,0.0,0.0,0.0,0.0
8,34260537,-,8,58933701,+,MESO,4709,TCGA-SH-A9CT-01A,TCGA-SH-A9CT-01A,1.0,0.0,0.0,0.0,0.0
8,57180089,+,8,58933947,-,MESO,4710,TCGA-SH-A9CT-01A,TCGA-SH-A9CT-01A,1.0,0.0,0.0,0.0,0.0
9,44416183,-,9,44945235,+,MESO,4711,TCGA-SH-A9CT-01A,TCGA-SH-A9CT-01A,1.0,0.0,0.0,0.0,0.0
9,99617054,+,21,30553354,+,MESO,4712,TCGA-SH-A9CT-01A,TCGA-SH-A9CT-01A,1.0,0.0,0.0,0.0,0.0
9,99617086,-,21,24442406,-,MESO,4713,TCGA-SH-A9CT-01A,TCGA-SH-A9CT-01A,1.0,0.0,0.0,0.0,0.0
9,99636149,+,21,30759969,+,MESO,4714,TCGA-SH-A9CT-01A,TCGA-SH-A9CT-01A,1.0,0.0,0.0,0.0,0.0
9,99652206,-,21,16032150,+,MESO,4715,TCGA-SH-A9CT-01A,TCGA-SH-A9CT-01A,1.0,0.0,0.0,0.0,0.0
1,30326579,-,1,152817166,-,MESO,4716,TCGA-SH-A9CU-01A,TCGA-SH-A9CU-01A,1.0,0.0,0.0,0.0,0.0
1,38063486,+,2,58231479,+,MESO,4717,TCGA-SH-A9CU-01A,TCGA-SH-A9CU-01A,1.0,0.0,0.0,0.0,0.0
1,38489133,-,2,48077174,+,MESO,4718,TCGA-SH-A9CU-01A,TCGA-SH-A9CU-01A,1.0,0.0,0.0,0.0,0.0
1,38491953,+,2,73447706,-,MESO,4719,TCGA-SH-A9CU-01A,TCGA-SH-A9CU-01A,1.0,0.0,0.0,0.0,0.0
1,38491971,-,2,49041594,-,MESO,4720,TCGA-SH-A9CU-01A,TCGA-SH-A9CU-01A,1.0,0.0,0.0,0.0,0.0
1,74587083,+,1,78460383,-,MESO,4721,TCGA-SH-A9CU-01A,TCGA-SH-A9CU-01A,1.0,0.0,0.0,0.0,0.0
1,77568165,-,2,4432086,+,MESO,4722,TCGA-SH-A9CU-01A,TCGA-SH-A9CU-01A,1.0,0.0,0.0,0.0,0.0
1,77570819,+,2,57969177,+,MESO,4723,TCGA-SH-A9CU-01A,TCGA-SH-A9CU-01A,1.0,0.0,0.0,0.0,0.0
1,77681596,-,3,185180642,+,MESO,4724,TCGA-SH-A9CU-01A,TCGA-SH-A9CU-01A,1.0,0.0,0.0,0.0,0.0
1,78232434,+,2,7215682,-,MESO,4725,TCGA-SH-A9CU-01A,TCGA-SH-A9CU-01A,1.0,0.0,0.0,0.0,0.0
1,111255900,+,1,152952382,-,MESO,4726,TCGA-SH-A9CU-01A,TCGA-SH-A9CU-01A,1.0,0.0,0.0,0.0,0.0
1,152103936,-,23,89128134,-,MESO,4727,TCGA-SH-A9CU-01A,TCGA-SH-A9CU-01A,1.0,0.0,0.0,0.0,0.0
1,152822032,+,2,51300639,+,MESO,4728,TCGA-SH-A9CU-01A,TCGA-SH-A9CU-01A,1.0,0.0,0.0,0.0,0.0
1,209075780,+,1,232472292,-,MESO,4729,TCGA-SH-A9CU-01A,TCGA-SH-A9CU-01A,1.0,0.0,0.0,0.0,0.0
1,222790286,+,1,228646926,-,MESO,4730,TCGA-SH-A9CU-01A,TCGA-SH-A9CU-01A,1.0,0.0,0.0,0.0,0.0
1,226628312,-,1,226672315,+,MESO,4731,TCGA-SH-A9CU-01A,TCGA-SH-A9CU-01A,1.0,0.0,0.0,0.0,0.0
1,240764728,+,1,240820537,-,MESO,4732,TCGA-SH-A9CU-01A,TCGA-SH-A9CU-01A,1.0,0.0,0.0,0.0,0.0
1,242698931,+,1,242833065,-,MESO,4733,TCGA-SH-A9CU-01A,TCGA-SH-A9CU-01A,1.0,0.0,0.0,0.0,0.0
1,243960510,+,1,246055802,+,MESO,4734,TCGA-SH-A9CU-01A,TCGA-SH-A9CU-01A,1.0,0.0,0.0,0.0,0.0
1,244263555,-,1,246706896,-,MESO,4735,TCGA-SH-A9CU-01A,TCGA-SH-A9CU-01A,1.0,0.0,0.0,0.0,0.0
1,244331127,+,1,244386163,-,MESO,4736,TCGA-SH-A9CU-01A,TCGA-SH-A9CU-01A,1.0,0.0,0.0,0.0,0.0
1,245868113,+,1,245941333,-,MESO,4737,TCGA-SH-A9CU-01A,TCGA-SH-A9CU-01A,1.0,0.0,0.0,0.0,0.0
10,20145830,+,20,63761252,-,MESO,4738,TCGA-SH-A9CU-01A,TCGA-SH-A9CU-01A,1.0,0.0,0.0,0.0,0.0
10,52765381,+,10,52771081,-,MESO,4739,TCGA-SH-A9CU-01A,TCGA-SH-A9CU-01A,1.0,0.0,0.0,0.0,0.0
10,57357134,+,10,57372667,-,MESO,4740,TCGA-SH-A9CU-01A,TCGA-SH-A9CU-01A,1.0,0.0,0.0,0.0,0.0
10,57430638,+,10,57442485,-,MESO,4741,TCGA-SH-A9CU-01A,TCGA-SH-A9CU-01A,1.0,0.0,0.0,0.0,0.0
10,58184942,+,10,58189138,-,MESO,4742,TCGA-SH-A9CU-01A,TCGA-SH-A9CU-01A,1.0,0.0,0.0,0.0,0.0
11,20728213,+,11,49692317,+,MESO,4743,TCGA-SH-A9CU-01A,TCGA-SH-A9CU-01A,1.0,0.0,0.0,0.0,0.0
11,41621158,-,11,41657535,+,MESO,4744,TCGA-SH-A9CU-01A,TCGA-SH-A9CU-01A,1.0,0.0,0.0,0.0,0.0
11,52292868,+,11,54257970,-,MESO,4745,TCGA-SH-A9CU-01A,TCGA-SH-A9CU-01A,1.0,0.0,0.0,0.0,0.0
11,54343544,+,11,54351731,-,MESO,4746,TCGA-SH-A9CU-01A,TCGA-SH-A9CU-01A,1.0,0.0,0.0,0.0,0.0
11,54346518,+,11,54421102,-,MESO,4747,TCGA-SH-A9CU-01A,TCGA-SH-A9CU-01A,1.0,0.0,0.0,0.0,0.0
11,54371218,+,11,54381488,-,MESO,4748,TCGA-SH-A9CU-01A,TCGA-SH-A9CU-01A,1.0,0.0,0.0,0.0,0.0
11,54371677,+,11,54420802,-,MESO,4749,TCGA-SH-A9CU-01A,TCGA-SH-A9CU-01A,1.0,0.0,0.0,0.0,0.0
11,86965373,+,11,87291837,-,MESO,4750,TCGA-SH-A9CU-01A,TCGA-SH-A9CU-01A,1.0,0.0,0.0,0.0,0.0
11,97404344,+,11,97489667,+,MESO,4751,TCGA-SH-A9CU-01A,TCGA-SH-A9CU-01A,1.0,0.0,0.0,0.0,0.0
11,97423103,-,11,97622917,+,MESO,4752,TCGA-SH-A9CU-01A,TCGA-SH-A9CU-01A,1.0,0.0,0.0,0.0,0.0
11,97489693,-,11,97633997,+,MESO,4753,TCGA-SH-A9CU-01A,TCGA-SH-A9CU-01A,1.0,0.0,0.0,0.0,0.0
11,97622963,-,11,97634050,-,MESO,4754,TCGA-SH-A9CU-01A,TCGA-SH-A9CU-01A,1.0,0.0,0.0,0.0,0.0
11,124992273,+,11,125021035,+,MESO,4755,TCGA-SH-A9CU-01A,TCGA-SH-A9CU-01A,1.0,0.0,0.0,0.0,0.0
11,124992365,-,11,125021084,-,MESO,4756,TCGA-SH-A9CU-01A,TCGA-SH-A9CU-01A,1.0,0.0,0.0,0.0,0.0
12,19127875,+,12,19339744,-,MESO,4757,TCGA-SH-A9CU-01A,TCGA-SH-A9CU-01A,1.0,0.0,0.0,0.0,0.0
12,35065556,+,12,37144485,-,MESO,4758,TCGA-SH-A9CU-01A,TCGA-SH-A9CU-01A,1.0,0.0,0.0,0.0,0.0
12,40913491,+,12,40916325,+,MESO,4759,TCGA-SH-A9CU-01A,TCGA-SH-A9CU-01A,1.0,0.0,0.0,0.0,0.0
12,40913495,-,12,64154330,-,MESO,4760,TCGA-SH-A9CU-01A,TCGA-SH-A9CU-01A,1.0,0.0,0.0,0.0,0.0
12,73095148,+,12,73292073,-,MESO,4761,TCGA-SH-A9CU-01A,TCGA-SH-A9CU-01A,1.0,0.0,0.0,0.0,0.0
12,73166046,-,12,74577345,+,MESO,4762,TCGA-SH-A9CU-01A,TCGA-SH-A9CU-01A,1.0,0.0,0.0,0.0,0.0
12,73186091,+,12,74389715,+,MESO,4763,TCGA-SH-A9CU-01A,TCGA-SH-A9CU-01A,1.0,0.0,0.0,0.0,0.0
12,74537930,-,12,74654044,-,MESO,4764,TCGA-SH-A9CU-01A,TCGA-SH-A9CU-01A,1.0,0.0,0.0,0.0,0.0
12,74641946,+,12,74669261,-,MESO,4765,TCGA-SH-A9CU-01A,TCGA-SH-A9CU-01A,1.0,0.0,0.0,0.0,0.0
13,16603352,-,13,17086756,+,MESO,4766,TCGA-SH-A9CU-01A,TCGA-SH-A9CU-01A,1.0,0.0,0.0,0.0,0.0
13,16697757,+,13,17148566,-,MESO,4767,TCGA-SH-A9CU-01A,TCGA-SH-A9CU-01A,1.0,0.0,0.0,0.0,0.0
13,33084842,+,13,65309258,+,MESO,4768,TCGA-SH-A9CU-01A,TCGA-SH-A9CU-01A,1.0,0.0,0.0,0.0,0.0
16,22368820,+,16,22370646,-,MESO,4769,TCGA-SH-A9CU-01A,TCGA-SH-A9CU-01A,1.0,0.0,0.0,0.0,0.0
19,55655550,+,19,55655926,-,MESO,4770,TCGA-SH-A9CU-01A,TCGA-SH-A9CU-01A,1.0,0.0,0.0,0.0,0.0
2,4187045,+,2,58464661,-,MESO,4771,TCGA-SH-A9CU-01A,TCGA-SH-A9CU-01A,1.0,0.0,0.0,0.0,0.0
2,4426530,-,2,47685827,-,MESO,4772,TCGA-SH-A9CU-01A,TCGA-SH-A9CU-01A,1.0,0.0,0.0,0.0,0.0
2,4681242,-,2,59350218,-,MESO,4773,TCGA-SH-A9CU-01A,TCGA-SH-A9CU-01A,1.0,0.0,0.0,0.0,0.0
2,7161721,+,2,57912862,-,MESO,4774,TCGA-SH-A9CU-01A,TCGA-SH-A9CU-01A,1.0,0.0,0.0,0.0,0.0
2,11130653,+,2,59501248,-,MESO,4775,TCGA-SH-A9CU-01A,TCGA-SH-A9CU-01A,1.0,0.0,0.0,0.0,0.0
2,11130676,-,3,182202313,+,MESO,4776,TCGA-SH-A9CU-01A,TCGA-SH-A9CU-01A,1.0,0.0,0.0,0.0,0.0
2,11133078,+,6,100924914,+,MESO,4777,TCGA-SH-A9CU-01A,TCGA-SH-A9CU-01A,1.0,0.0,0.0,0.0,0.0
2,11920783,-,2,58649821,+,MESO,4778,TCGA-SH-A9CU-01A,TCGA-SH-A9CU-01A,1.0,0.0,0.0,0.0,0.0
2,12112920,+,2,47688791,+,MESO,4779,TCGA-SH-A9CU-01A,TCGA-SH-A9CU-01A,1.0,0.0,0.0,0.0,0.0
2,47836839,-,3,182675234,-,MESO,4780,TCGA-SH-A9CU-01A,TCGA-SH-A9CU-01A,1.0,0.0,0.0,0.0,0.0
2,49279971,+,3,146508515,-,MESO,4781,TCGA-SH-A9CU-01A,TCGA-SH-A9CU-01A,1.0,0.0,0.0,0.0,0.0
2,51282870,-,3,148927630,-,MESO,4782,TCGA-SH-A9CU-01A,TCGA-SH-A9CU-01A,1.0,0.0,0.0,0.0,0.0
2,51300646,-,6,101041425,-,MESO,4783,TCGA-SH-A9CU-01A,TCGA-SH-A9CU-01A,1.0,0.0,0.0,0.0,0.0
2,52135148,+,3,146612544,+,MESO,4784,TCGA-SH-A9CU-01A,TCGA-SH-A9CU-01A,1.0,0.0,0.0,0.0,0.0
2,57969338,-,6,101381396,-,MESO,4785,TCGA-SH-A9CU-01A,TCGA-SH-A9CU-01A,1.0,0.0,0.0,0.0,0.0
2,57971503,+,4,35302917,+,MESO,4786,TCGA-SH-A9CU-01A,TCGA-SH-A9CU-01A,1.0,0.0,0.0,0.0,0.0
2,58154307,-,6,101223592,+,MESO,4787,TCGA-SH-A9CU-01A,TCGA-SH-A9CU-01A,1.0,0.0,0.0,0.0,0.0
2,59432724,+,2,72854121,+,MESO,4788,TCGA-SH-A9CU-01A,TCGA-SH-A9CU-01A,1.0,0.0,0.0,0.0,0.0
2,94558184,-,2,132217627,-,MESO,4789,TCGA-SH-A9CU-01A,TCGA-SH-A9CU-01A,1.0,0.0,0.0,0.0,0.0
2,107962417,+,2,107969054,+,MESO,4790,TCGA-SH-A9CU-01A,TCGA-SH-A9CU-01A,1.0,0.0,0.0,0.0,0.0
2,207663001,+,2,218433971,-,MESO,4791,TCGA-SH-A9CU-01A,TCGA-SH-A9CU-01A,1.0,0.0,0.0,0.0,0.0
2,217965868,+,2,217967633,-,MESO,4792,TCGA-SH-A9CU-01A,TCGA-SH-A9CU-01A,1.0,0.0,0.0,0.0,0.0
20,26263461,+,20,29674722,-,MESO,4793,TCGA-SH-A9CU-01A,TCGA-SH-A9CU-01A,1.0,0.0,0.0,0.0,0.0
20,26482026,+,20,26570700,-,MESO,4794,TCGA-SH-A9CU-01A,TCGA-SH-A9CU-01A,1.0,0.0,0.0,0.0,0.0
22,16909109,+,22,17052665,+,MESO,4795,TCGA-SH-A9CU-01A,TCGA-SH-A9CU-01A,1.0,0.0,0.0,0.0,0.0
22,17047606,-,22,17055432,+,MESO,4796,TCGA-SH-A9CU-01A,TCGA-SH-A9CU-01A,1.0,0.0,0.0,0.0,0.0
3,59739984,-,8,89011801,+,MESO,4797,TCGA-SH-A9CU-01A,TCGA-SH-A9CU-01A,1.0,0.0,0.0,0.0,0.0
3,86268017,+,3,86278723,-,MESO,4798,TCGA-SH-A9CU-01A,TCGA-SH-A9CU-01A,1.0,0.0,0.0,0.0,0.0
3,91066610,-,3,91114161,+,MESO,4799,TCGA-SH-A9CU-01A,TCGA-SH-A9CU-01A,1.0,0.0,0.0,0.0,0.0
3,138973783,+,3,150344444,+,MESO,4800,TCGA-SH-A9CU-01A,TCGA-SH-A9CU-01A,1.0,0.0,0.0,0.0,0.0
3,150464214,-,4,35288570,-,MESO,4801,TCGA-SH-A9CU-01A,TCGA-SH-A9CU-01A,1.0,0.0,0.0,0.0,0.0
3,157276418,+,3,157288208,-,MESO,4802,TCGA-SH-A9CU-01A,TCGA-SH-A9CU-01A,1.0,0.0,0.0,0.0,0.0
3,183087470,+,3,184918816,-,MESO,4803,TCGA-SH-A9CU-01A,TCGA-SH-A9CU-01A,1.0,0.0,0.0,0.0,0.0
4,56911388,+,4,56965956,-,MESO,4804,TCGA-SH-A9CU-01A,TCGA-SH-A9CU-01A,1.0,0.0,0.0,0.0,0.0
4,56946496,-,7,1210842,+,MESO,4805,TCGA-SH-A9CU-01A,TCGA-SH-A9CU-01A,1.0,0.0,0.0,0.0,0.0
4,56946878,+,7,1210823,-,MESO,4806,TCGA-SH-A9CU-01A,TCGA-SH-A9CU-01A,1.0,0.0,0.0,0.0,0.0
5,49834746,+,5,49905235,-,MESO,4807,TCGA-SH-A9CU-01A,TCGA-SH-A9CU-01A,1.0,0.0,0.0,0.0,0.0
5,49927331,+,5,50030737,-,MESO,4808,TCGA-SH-A9CU-01A,TCGA-SH-A9CU-01A,1.0,0.0,0.0,0.0,0.0
5,60844197,+,5,63303241,+,MESO,4809,TCGA-SH-A9CU-01A,TCGA-SH-A9CU-01A,1.0,0.0,0.0,0.0,0.0
5,61282817,-,5,161604563,+,MESO,4810,TCGA-SH-A9CU-01A,TCGA-SH-A9CU-01A,1.0,0.0,0.0,0.0,0.0
5,63133906,-,5,161604136,-,MESO,4811,TCGA-SH-A9CU-01A,TCGA-SH-A9CU-01A,1.0,0.0,0.0,0.0,0.0
5,63174591,+,5,162004589,-,MESO,4812,TCGA-SH-A9CU-01A,TCGA-SH-A9CU-01A,1.0,0.0,0.0,0.0,0.0
5,70127578,-,12,3639477,+,MESO,4813,TCGA-SH-A9CU-01A,TCGA-SH-A9CU-01A,1.0,0.0,0.0,0.0,0.0
6,24348393,+,6,24373091,-,MESO,4814,TCGA-SH-A9CU-01A,TCGA-SH-A9CU-01A,1.0,0.0,0.0,0.0,0.0
6,28140897,+,6,28143845,-,MESO,4815,TCGA-SH-A9CU-01A,TCGA-SH-A9CU-01A,1.0,0.0,0.0,0.0,0.0
6,29919352,-,8,15523639,-,MESO,4816,TCGA-SH-A9CU-01A,TCGA-SH-A9CU-01A,1.0,0.0,0.0,0.0,0.0
6,94447556,+,8,38060478,+,MESO,4817,TCGA-SH-A9CU-01A,TCGA-SH-A9CU-01A,1.0,0.0,0.0,0.0,0.0
6,162599414,+,6,164967690,-,MESO,4818,TCGA-SH-A9CU-01A,TCGA-SH-A9CU-01A,1.0,0.0,0.0,0.0,0.0
7,80508839,+,7,81794059,+,MESO,4819,TCGA-SH-A9CU-01A,TCGA-SH-A9CU-01A,1.0,0.0,0.0,0.0,0.0
7,80514130,-,7,81810766,-,MESO,4820,TCGA-SH-A9CU-01A,TCGA-SH-A9CU-01A,1.0,0.0,0.0,0.0,0.0
7,115797411,+,7,115803801,-,MESO,4821,TCGA-SH-A9CU-01A,TCGA-SH-A9CU-01A,1.0,0.0,0.0,0.0,0.0
7,144500681,+,7,144512346,-,MESO,4822,TCGA-SH-A9CU-01A,TCGA-SH-A9CU-01A,1.0,0.0,0.0,0.0,0.0
7,156226422,+,7,156712307,+,MESO,4823,TCGA-SH-A9CU-01A,TCGA-SH-A9CU-01A,1.0,0.0,0.0,0.0,0.0
7,156706375,-,7,156721523,-,MESO,4824,TCGA-SH-A9CU-01A,TCGA-SH-A9CU-01A,1.0,0.0,0.0,0.0,0.0
8,59864025,+,8,59865942,-,MESO,4825,TCGA-SH-A9CU-01A,TCGA-SH-A9CU-01A,1.0,0.0,0.0,0.0,0.0
8,59868309,+,8,59869825,-,MESO,4826,TCGA-SH-A9CU-01A,TCGA-SH-A9CU-01A,1.0,0.0,0.0,0.0,0.0
9,6727696,+,23,136880885,+,MESO,4827,TCGA-SH-A9CU-01A,TCGA-SH-A9CU-01A,1.0,0.0,0.0,0.0,0.0
9,16973537,+,9,23721719,+,MESO,4828,TCGA-SH-A9CU-01A,TCGA-SH-A9CU-01A,1.0,0.0,0.0,0.0,0.0
9,19904912,+,9,22106665,+,MESO,4829,TCGA-SH-A9CU-01A,TCGA-SH-A9CU-01A,1.0,0.0,0.0,0.0,0.0
9,19910150,-,9,22048683,+,MESO,4830,TCGA-SH-A9CU-01A,TCGA-SH-A9CU-01A,1.0,0.0,0.0,0.0,0.0
9,19918832,+,9,22017512,+,MESO,4831,TCGA-SH-A9CU-01A,TCGA-SH-A9CU-01A,1.0,0.0,0.0,0.0,0.0
9,19919578,-,9,21219589,+,MESO,4832,TCGA-SH-A9CU-01A,TCGA-SH-A9CU-01A,1.0,0.0,0.0,0.0,0.0
9,19919579,-,9,22018074,-,MESO,4833,TCGA-SH-A9CU-01A,TCGA-SH-A9CU-01A,1.0,0.0,0.0,0.0,0.0
9,19923028,+,9,20025171,+,MESO,4834,TCGA-SH-A9CU-01A,TCGA-SH-A9CU-01A,1.0,0.0,0.0,0.0,0.0
9,20019434,-,9,22113541,+,MESO,4835,TCGA-SH-A9CU-01A,TCGA-SH-A9CU-01A,1.0,0.0,0.0,0.0,0.0
9,20020781,+,9,22037493,-,MESO,4836,TCGA-SH-A9CU-01A,TCGA-SH-A9CU-01A,1.0,0.0,0.0,0.0,0.0
9,20020907,-,9,21813894,+,MESO,4837,TCGA-SH-A9CU-01A,TCGA-SH-A9CU-01A,1.0,0.0,0.0,0.0,0.0
9,20025297,-,9,22030153,+,MESO,4838,TCGA-SH-A9CU-01A,TCGA-SH-A9CU-01A,1.0,0.0,0.0,0.0,0.0
9,20027518,+,9,21132524,+,MESO,4839,TCGA-SH-A9CU-01A,TCGA-SH-A9CU-01A,1.0,0.0,0.0,0.0,0.0
9,20029204,-,9,22106951,-,MESO,4840,TCGA-SH-A9CU-01A,TCGA-SH-A9CU-01A,1.0,0.0,0.0,0.0,0.0
9,21127077,+,9,22046416,-,MESO,4841,TCGA-SH-A9CU-01A,TCGA-SH-A9CU-01A,1.0,0.0,0.0,0.0,0.0
9,21219347,-,9,22018074,-,MESO,4842,TCGA-SH-A9CU-01A,TCGA-SH-A9CU-01A,1.0,0.0,0.0,0.0,0.0
9,21220048,-,9,22057931,-,MESO,4843,TCGA-SH-A9CU-01A,TCGA-SH-A9CU-01A,1.0,0.0,0.0,0.0,0.0
9,21812651,+,9,22111935,+,MESO,4844,TCGA-SH-A9CU-01A,TCGA-SH-A9CU-01A,1.0,0.0,0.0,0.0,0.0
9,21813033,-,9,22302002,-,MESO,4845,TCGA-SH-A9CU-01A,TCGA-SH-A9CU-01A,1.0,0.0,0.0,0.0,0.0
9,21870180,-,9,22112199,-,MESO,4846,TCGA-SH-A9CU-01A,TCGA-SH-A9CU-01A,1.0,0.0,0.0,0.0,0.0
9,21872481,+,9,22053529,-,MESO,4847,TCGA-SH-A9CU-01A,TCGA-SH-A9CU-01A,1.0,0.0,0.0,0.0,0.0
9,22016643,-,9,22030240,-,MESO,4848,TCGA-SH-A9CU-01A,TCGA-SH-A9CU-01A,1.0,0.0,0.0,0.0,0.0
9,22018861,+,9,22053261,+,MESO,4849,TCGA-SH-A9CU-01A,TCGA-SH-A9CU-01A,1.0,0.0,0.0,0.0,0.0
9,22018933,-,9,22049898,-,MESO,4850,TCGA-SH-A9CU-01A,TCGA-SH-A9CU-01A,1.0,0.0,0.0,0.0,0.0
9,22036440,+,9,22038167,+,MESO,4851,TCGA-SH-A9CU-01A,TCGA-SH-A9CU-01A,1.0,0.0,0.0,0.0,0.0
9,23306167,-,9,23756103,-,MESO,4852,TCGA-SH-A9CU-01A,TCGA-SH-A9CU-01A,1.0,0.0,0.0,0.0,0.0
9,43176048,+,18,15404260,-,MESO,4853,TCGA-SH-A9CU-01A,TCGA-SH-A9CU-01A,1.0,0.0,0.0,0.0,0.0
9,43399616,-,9,43400267,+,MESO,4854,TCGA-SH-A9CU-01A,TCGA-SH-A9CU-01A,1.0,0.0,0.0,0.0,0.0
9,43650585,-,9,44369947,+,MESO,4855,TCGA-SH-A9CU-01A,TCGA-SH-A9CU-01A,1.0,0.0,0.0,0.0,0.0
9,65079188,+,18,15598639,-,MESO,4856,TCGA-SH-A9CU-01A,TCGA-SH-A9CU-01A,1.0,0.0,0.0,0.0,0.0
9,88123829,-,9,88142838,-,MESO,4857,TCGA-SH-A9CU-01A,TCGA-SH-A9CU-01A,1.0,0.0,0.0,0.0,0.0
9,88124050,+,9,88594430,-,MESO,4858,TCGA-SH-A9CU-01A,TCGA-SH-A9CU-01A,1.0,0.0,0.0,0.0,0.0
9,88150017,+,9,88583754,+,MESO,4859,TCGA-SH-A9CU-01A,TCGA-SH-A9CU-01A,1.0,0.0,0.0,0.0,0.0
9,99499495,-,14,47795441,+,MESO,4860,TCGA-SH-A9CU-01A,TCGA-SH-A9CU-01A,1.0,0.0,0.0,0.0,0.0
9,117099064,+,15,59028730,-,MESO,4861,TCGA-SH-A9CU-01A,TCGA-SH-A9CU-01A,1.0,0.0,0.0,0.0,0.0
9,117099260,-,15,59028727,+,MESO,4862,TCGA-SH-A9CU-01A,TCGA-SH-A9CU-01A,1.0,0.0,0.0,0.0,0.0
9,117107667,+,9,125600408,+,MESO,4863,TCGA-SH-A9CU-01A,TCGA-SH-A9CU-01A,1.0,0.0,0.0,0.0,0.0
9,117107684,-,9,117351542,+,MESO,4864,TCGA-SH-A9CU-01A,TCGA-SH-A9CU-01A,1.0,0.0,0.0,0.0,0.0
9,117118463,+,9,117351546,-,MESO,4865,TCGA-SH-A9CU-01A,TCGA-SH-A9CU-01A,1.0,0.0,0.0,0.0,0.0
9,117118468,-,9,125613274,-,MESO,4866,TCGA-SH-A9CU-01A,TCGA-SH-A9CU-01A,1.0,0.0,0.0,0.0,0.0
9,118195406,+,9,118196594,+,MESO,4867,TCGA-SH-A9CU-01A,TCGA-SH-A9CU-01A,1.0,0.0,0.0,0.0,0.0
9,118195628,+,9,118196594,+,MESO,4868,TCGA-SH-A9CU-01A,TCGA-SH-A9CU-01A,1.0,0.0,0.0,0.0,0.0
9,118195824,-,9,118196781,-,MESO,4869,TCGA-SH-A9CU-01A,TCGA-SH-A9CU-01A,1.0,0.0,0.0,0.0,0.0
23,8562666,+,23,8563024,-,MESO,4870,TCGA-SH-A9CU-01A,TCGA-SH-A9CU-01A,1.0,0.0,0.0,0.0,0.0
23,51366959,+,23,51405374,-,MESO,4871,TCGA-SH-A9CU-01A,TCGA-SH-A9CU-01A,1.0,0.0,0.0,0.0,0.0
23,51406252,-,23,51992875,-,MESO,4872,TCGA-SH-A9CU-01A,TCGA-SH-A9CU-01A,1.0,0.0,0.0,0.0,0.0
23,51406259,+,23,51992756,+,MESO,4873,TCGA-SH-A9CU-01A,TCGA-SH-A9CU-01A,1.0,0.0,0.0,0.0,0.0
23,51994297,+,23,52007122,-,MESO,4874,TCGA-SH-A9CU-01A,TCGA-SH-A9CU-01A,1.0,0.0,0.0,0.0,0.0
23,81838805,+,23,81850389,-,MESO,4875,TCGA-SH-A9CU-01A,TCGA-SH-A9CU-01A,1.0,0.0,0.0,0.0,0.0
23,114367684,+,23,114378471,-,MESO,4876,TCGA-SH-A9CU-01A,TCGA-SH-A9CU-01A,1.0,0.0,0.0,0.0,0.0
1,147136128,-,1,159259756,+,MESO,4877,TCGA-TS-A7OU-01B,TCGA-TS-A7OU-01B,1.0,0.0,0.0,0.0,0.0
1,147137249,+,1,159259815,-,MESO,4878,TCGA-TS-A7OU-01B,TCGA-TS-A7OU-01B,1.0,0.0,0.0,0.0,0.0
10,41275064,+,10,41461925,-,MESO,4879,TCGA-TS-A7OU-01B,TCGA-TS-A7OU-01B,1.0,0.0,0.0,0.0,0.0
10,55107633,+,10,56162014,-,MESO,4880,TCGA-TS-A7OU-01B,TCGA-TS-A7OU-01B,1.0,0.0,0.0,0.0,0.0
10,84734647,+,10,132000000,-,MESO,4881,TCGA-TS-A7OU-01B,TCGA-TS-A7OU-01B,1.0,0.0,0.0,0.0,0.0
11,127879485,+,11,127880037,-,MESO,4882,TCGA-TS-A7OU-01B,TCGA-TS-A7OU-01B,1.0,0.0,0.0,0.0,0.0
11,127944357,+,11,127947491,-,MESO,4883,TCGA-TS-A7OU-01B,TCGA-TS-A7OU-01B,1.0,0.0,0.0,0.0,0.0
12,4568040,+,12,4627031,-,MESO,4884,TCGA-TS-A7OU-01B,TCGA-TS-A7OU-01B,1.0,0.0,0.0,0.0,0.0
12,54608522,+,12,54610402,-,MESO,4885,TCGA-TS-A7OU-01B,TCGA-TS-A7OU-01B,1.0,0.0,0.0,0.0,0.0
12,115516746,+,12,116812734,+,MESO,4886,TCGA-TS-A7OU-01B,TCGA-TS-A7OU-01B,1.0,0.0,0.0,0.0,0.0
12,115524372,-,12,116817605,-,MESO,4887,TCGA-TS-A7OU-01B,TCGA-TS-A7OU-01B,1.0,0.0,0.0,0.0,0.0
12,120526040,+,12,120532647,-,MESO,4888,TCGA-TS-A7OU-01B,TCGA-TS-A7OU-01B,1.0,0.0,0.0,0.0,0.0
13,25528817,-,14,23717627,+,MESO,4889,TCGA-TS-A7OU-01B,TCGA-TS-A7OU-01B,1.0,0.0,0.0,0.0,0.0
14,40939131,+,14,41241152,-,MESO,4890,TCGA-TS-A7OU-01B,TCGA-TS-A7OU-01B,1.0,0.0,0.0,0.0,0.0
14,65950013,+,14,80079177,-,MESO,4891,TCGA-TS-A7OU-01B,TCGA-TS-A7OU-01B,1.0,0.0,0.0,0.0,0.0
14,103203457,+,14,103250209,-,MESO,4892,TCGA-TS-A7OU-01B,TCGA-TS-A7OU-01B,1.0,0.0,0.0,0.0,0.0
15,56564388,+,15,56674013,-,MESO,4893,TCGA-TS-A7OU-01B,TCGA-TS-A7OU-01B,1.0,0.0,0.0,0.0,0.0
17,34789081,+,17,34833264,-,MESO,4894,TCGA-TS-A7OU-01B,TCGA-TS-A7OU-01B,1.0,0.0,0.0,0.0,0.0
18,30867504,+,18,30872096,-,MESO,4895,TCGA-TS-A7OU-01B,TCGA-TS-A7OU-01B,1.0,0.0,0.0,0.0,0.0
2,972057,+,2,9419268,+,MESO,4896,TCGA-TS-A7OU-01B,TCGA-TS-A7OU-01B,1.0,0.0,0.0,0.0,0.0
2,972393,-,2,9857292,-,MESO,4897,TCGA-TS-A7OU-01B,TCGA-TS-A7OU-01B,1.0,0.0,0.0,0.0,0.0
2,6585268,+,2,6621651,-,MESO,4898,TCGA-TS-A7OU-01B,TCGA-TS-A7OU-01B,1.0,0.0,0.0,0.0,0.0
2,9405764,+,2,9406554,-,MESO,4899,TCGA-TS-A7OU-01B,TCGA-TS-A7OU-01B,1.0,0.0,0.0,0.0,0.0
2,17561435,+,2,17594344,-,MESO,4900,TCGA-TS-A7OU-01B,TCGA-TS-A7OU-01B,1.0,0.0,0.0,0.0,0.0
2,17561932,-,2,17595267,-,MESO,4901,TCGA-TS-A7OU-01B,TCGA-TS-A7OU-01B,1.0,0.0,0.0,0.0,0.0
2,17593481,+,3,52339052,+,MESO,4902,TCGA-TS-A7OU-01B,TCGA-TS-A7OU-01B,1.0,0.0,0.0,0.0,0.0
2,17595003,+,3,52466544,-,MESO,4903,TCGA-TS-A7OU-01B,TCGA-TS-A7OU-01B,1.0,0.0,0.0,0.0,0.0
2,38348980,+,23,40933997,+,MESO,4904,TCGA-TS-A7OU-01B,TCGA-TS-A7OU-01B,1.0,0.0,0.0,0.0,0.0
2,39513302,-,6,146906365,+,MESO,4905,TCGA-TS-A7OU-01B,TCGA-TS-A7OU-01B,1.0,0.0,0.0,0.0,0.0
2,41481642,+,6,147169648,-,MESO,4906,TCGA-TS-A7OU-01B,TCGA-TS-A7OU-01B,1.0,0.0,0.0,0.0,0.0
2,41502694,-,8,3028861,-,MESO,4907,TCGA-TS-A7OU-01B,TCGA-TS-A7OU-01B,1.0,0.0,0.0,0.0,0.0
2,41687760,+,8,32550736,-,MESO,4908,TCGA-TS-A7OU-01B,TCGA-TS-A7OU-01B,1.0,0.0,0.0,0.0,0.0
2,81415407,+,8,4137029,+,MESO,4909,TCGA-TS-A7OU-01B,TCGA-TS-A7OU-01B,1.0,0.0,0.0,0.0,0.0
2,81652269,-,23,43172594,+,MESO,4910,TCGA-TS-A7OU-01B,TCGA-TS-A7OU-01B,1.0,0.0,0.0,0.0,0.0
2,113510063,-,17,18611554,-,MESO,4911,TCGA-TS-A7OU-01B,TCGA-TS-A7OU-01B,1.0,0.0,0.0,0.0,0.0
2,113676124,+,2,114751703,-,MESO,4912,TCGA-TS-A7OU-01B,TCGA-TS-A7OU-01B,1.0,0.0,0.0,0.0,0.0
20,26482292,+,20,26491538,-,MESO,4913,TCGA-TS-A7OU-01B,TCGA-TS-A7OU-01B,1.0,0.0,0.0,0.0,0.0
20,29593500,+,20,30262992,+,MESO,4914,TCGA-TS-A7OU-01B,TCGA-TS-A7OU-01B,1.0,0.0,0.0,0.0,0.0
22,11300702,+,22,11305738,-,MESO,4915,TCGA-TS-A7OU-01B,TCGA-TS-A7OU-01B,1.0,0.0,0.0,0.0,0.0
22,34644632,+,22,34685420,-,MESO,4916,TCGA-TS-A7OU-01B,TCGA-TS-A7OU-01B,1.0,0.0,0.0,0.0,0.0
3,12823286,+,10,103128023,+,MESO,4917,TCGA-TS-A7OU-01B,TCGA-TS-A7OU-01B,1.0,0.0,0.0,0.0,0.0
3,42499347,+,3,61466347,-,MESO,4918,TCGA-TS-A7OU-01B,TCGA-TS-A7OU-01B,1.0,0.0,0.0,0.0,0.0
3,90784777,-,3,91066769,+,MESO,4919,TCGA-TS-A7OU-01B,TCGA-TS-A7OU-01B,1.0,0.0,0.0,0.0,0.0
3,109256744,+,9,112022918,-,MESO,4920,TCGA-TS-A7OU-01B,TCGA-TS-A7OU-01B,1.0,0.0,0.0,0.0,0.0
3,109915194,-,9,72274614,-,MESO,4921,TCGA-TS-A7OU-01B,TCGA-TS-A7OU-01B,1.0,0.0,0.0,0.0,0.0
3,110068322,+,6,80444944,-,MESO,4922,TCGA-TS-A7OU-01B,TCGA-TS-A7OU-01B,1.0,0.0,0.0,0.0,0.0
3,111139372,-,6,160018911,+,MESO,4923,TCGA-TS-A7OU-01B,TCGA-TS-A7OU-01B,1.0,0.0,0.0,0.0,0.0
4,25427483,+,4,25709608,-,MESO,4924,TCGA-TS-A7OU-01B,TCGA-TS-A7OU-01B,1.0,0.0,0.0,0.0,0.0
4,92259559,+,4,92748549,-,MESO,4925,TCGA-TS-A7OU-01B,TCGA-TS-A7OU-01B,1.0,0.0,0.0,0.0,0.0
4,92259601,-,4,92694056,+,MESO,4926,TCGA-TS-A7OU-01B,TCGA-TS-A7OU-01B,1.0,0.0,0.0,0.0,0.0
4,156017003,+,4,156022942,-,MESO,4927,TCGA-TS-A7OU-01B,TCGA-TS-A7OU-01B,1.0,0.0,0.0,0.0,0.0
6,61147045,+,6,61153346,-,MESO,4928,TCGA-TS-A7OU-01B,TCGA-TS-A7OU-01B,1.0,0.0,0.0,0.0,0.0
6,79803850,+,9,80864835,-,MESO,4929,TCGA-TS-A7OU-01B,TCGA-TS-A7OU-01B,1.0,0.0,0.0,0.0,0.0
6,80444744,-,9,80806867,+,MESO,4930,TCGA-TS-A7OU-01B,TCGA-TS-A7OU-01B,1.0,0.0,0.0,0.0,0.0
6,80444928,+,9,71368534,+,MESO,4931,TCGA-TS-A7OU-01B,TCGA-TS-A7OU-01B,1.0,0.0,0.0,0.0,0.0
6,80480386,+,9,117497721,-,MESO,4932,TCGA-TS-A7OU-01B,TCGA-TS-A7OU-01B,1.0,0.0,0.0,0.0,0.0
6,82244470,-,6,84106410,-,MESO,4933,TCGA-TS-A7OU-01B,TCGA-TS-A7OU-01B,1.0,0.0,0.0,0.0,0.0
6,83446627,+,6,160595261,-,MESO,4934,TCGA-TS-A7OU-01B,TCGA-TS-A7OU-01B,1.0,0.0,0.0,0.0,0.0
6,94447108,-,22,24005982,-,MESO,4935,TCGA-TS-A7OU-01B,TCGA-TS-A7OU-01B,1.0,0.0,0.0,0.0,0.0
6,134518793,+,6,134519715,-,MESO,4936,TCGA-TS-A7OU-01B,TCGA-TS-A7OU-01B,1.0,0.0,0.0,0.0,0.0
6,148534043,+,9,71341178,-,MESO,4937,TCGA-TS-A7OU-01B,TCGA-TS-A7OU-01B,1.0,0.0,0.0,0.0,0.0
6,148914036,-,9,70138217,+,MESO,4938,TCGA-TS-A7OU-01B,TCGA-TS-A7OU-01B,1.0,0.0,0.0,0.0,0.0
6,158602088,+,6,158916738,-,MESO,4939,TCGA-TS-A7OU-01B,TCGA-TS-A7OU-01B,1.0,0.0,0.0,0.0,0.0
6,160807533,-,8,3284987,+,MESO,4940,TCGA-TS-A7OU-01B,TCGA-TS-A7OU-01B,1.0,0.0,0.0,0.0,0.0
6,161386462,+,6,163231996,-,MESO,4941,TCGA-TS-A7OU-01B,TCGA-TS-A7OU-01B,1.0,0.0,0.0,0.0,0.0
6,161889710,+,6,162521764,-,MESO,4942,TCGA-TS-A7OU-01B,TCGA-TS-A7OU-01B,1.0,0.0,0.0,0.0,0.0
7,124170283,-,7,124856210,-,MESO,4943,TCGA-TS-A7OU-01B,TCGA-TS-A7OU-01B,1.0,0.0,0.0,0.0,0.0
7,124170287,+,7,124856211,+,MESO,4944,TCGA-TS-A7OU-01B,TCGA-TS-A7OU-01B,1.0,0.0,0.0,0.0,0.0
7,146036840,+,7,146039479,-,MESO,4945,TCGA-TS-A7OU-01B,TCGA-TS-A7OU-01B,1.0,0.0,0.0,0.0,0.0
8,1440706,+,8,30369423,-,MESO,4946,TCGA-TS-A7OU-01B,TCGA-TS-A7OU-01B,1.0,0.0,0.0,0.0,0.0
8,3787387,-,23,38999246,-,MESO,4947,TCGA-TS-A7OU-01B,TCGA-TS-A7OU-01B,1.0,0.0,0.0,0.0,0.0
8,4513217,-,8,26743755,-,MESO,4948,TCGA-TS-A7OU-01B,TCGA-TS-A7OU-01B,1.0,0.0,0.0,0.0,0.0
8,12937539,+,8,12938329,+,MESO,4949,TCGA-TS-A7OU-01B,TCGA-TS-A7OU-01B,1.0,0.0,0.0,0.0,0.0
8,12937582,-,8,12943447,-,MESO,4950,TCGA-TS-A7OU-01B,TCGA-TS-A7OU-01B,1.0,0.0,0.0,0.0,0.0
8,13692876,+,23,41921556,-,MESO,4951,TCGA-TS-A7OU-01B,TCGA-TS-A7OU-01B,1.0,0.0,0.0,0.0,0.0
8,14054064,-,23,43372635,-,MESO,4952,TCGA-TS-A7OU-01B,TCGA-TS-A7OU-01B,1.0,0.0,0.0,0.0,0.0
8,30344746,+,8,32253371,+,MESO,4953,TCGA-TS-A7OU-01B,TCGA-TS-A7OU-01B,1.0,0.0,0.0,0.0,0.0
8,84733139,+,8,84754140,-,MESO,4954,TCGA-TS-A7OU-01B,TCGA-TS-A7OU-01B,1.0,0.0,0.0,0.0,0.0
8,143692118,+,8,144551426,+,MESO,4955,TCGA-TS-A7OU-01B,TCGA-TS-A7OU-01B,1.0,0.0,0.0,0.0,0.0
8,143768632,-,8,144551443,-,MESO,4956,TCGA-TS-A7OU-01B,TCGA-TS-A7OU-01B,1.0,0.0,0.0,0.0,0.0
9,71318620,-,9,85047841,-,MESO,4957,TCGA-TS-A7OU-01B,TCGA-TS-A7OU-01B,1.0,0.0,0.0,0.0,0.0
9,71341137,+,9,75870150,-,MESO,4958,TCGA-TS-A7OU-01B,TCGA-TS-A7OU-01B,1.0,0.0,0.0,0.0,0.0
9,71368534,+,9,80806867,+,MESO,4959,TCGA-TS-A7OU-01B,TCGA-TS-A7OU-01B,1.0,0.0,0.0,0.0,0.0
9,72298222,+,9,84383470,+,MESO,4960,TCGA-TS-A7OU-01B,TCGA-TS-A7OU-01B,1.0,0.0,0.0,0.0,0.0
9,100750433,+,9,100751571,-,MESO,4961,TCGA-TS-A7OU-01B,TCGA-TS-A7OU-01B,1.0,0.0,0.0,0.0,0.0
9,108834998,+,9,115880051,-,MESO,4962,TCGA-TS-A7OU-01B,TCGA-TS-A7OU-01B,1.0,0.0,0.0,0.0,0.0
9,109440529,-,9,117161816,+,MESO,4963,TCGA-TS-A7OU-01B,TCGA-TS-A7OU-01B,1.0,0.0,0.0,0.0,0.0
9,111922106,+,9,115576622,+,MESO,4964,TCGA-TS-A7OU-01B,TCGA-TS-A7OU-01B,1.0,0.0,0.0,0.0,0.0
9,130016518,+,9,130042586,-,MESO,4965,TCGA-TS-A7OU-01B,TCGA-TS-A7OU-01B,1.0,0.0,0.0,0.0,0.0
1,19526255,-,1,70199050,-,MESO,4966,TCGA-TS-A7OY-01A,TCGA-TS-A7OY-01A,1.0,0.0,0.0,0.0,0.0
1,19526261,+,1,70183421,+,MESO,4967,TCGA-TS-A7OY-01A,TCGA-TS-A7OY-01A,1.0,0.0,0.0,0.0,0.0
1,40684271,-,1,40696776,+,MESO,4968,TCGA-TS-A7OY-01A,TCGA-TS-A7OY-01A,1.0,0.0,0.0,0.0,0.0
1,190870927,+,1,194113763,-,MESO,4969,TCGA-TS-A7OY-01A,TCGA-TS-A7OY-01A,1.0,0.0,0.0,0.0,0.0
10,28027452,-,10,28055073,+,MESO,4970,TCGA-TS-A7OY-01A,TCGA-TS-A7OY-01A,1.0,0.0,0.0,0.0,0.0
10,39338164,+,10,39341973,-,MESO,4971,TCGA-TS-A7OY-01A,TCGA-TS-A7OY-01A,1.0,0.0,0.0,0.0,0.0
10,81026604,+,10,81028822,-,MESO,4972,TCGA-TS-A7OY-01A,TCGA-TS-A7OY-01A,1.0,0.0,0.0,0.0,0.0
10,87192134,+,10,94360155,-,MESO,4973,TCGA-TS-A7OY-01A,TCGA-TS-A7OY-01A,1.0,0.0,0.0,0.0,0.0
10,87851100,+,10,88546905,-,MESO,4974,TCGA-TS-A7OY-01A,TCGA-TS-A7OY-01A,1.0,0.0,0.0,0.0,0.0
10,128681659,+,10,128702661,-,MESO,4975,TCGA-TS-A7OY-01A,TCGA-TS-A7OY-01A,1.0,0.0,0.0,0.0,0.0
11,96675801,+,11,98338004,-,MESO,4976,TCGA-TS-A7OY-01A,TCGA-TS-A7OY-01A,1.0,0.0,0.0,0.0,0.0
12,46889524,+,12,46916193,-,MESO,4977,TCGA-TS-A7OY-01A,TCGA-TS-A7OY-01A,1.0,0.0,0.0,0.0,0.0
12,54108996,-,20,29565353,-,MESO,4978,TCGA-TS-A7OY-01A,TCGA-TS-A7OY-01A,1.0,0.0,0.0,0.0,0.0
12,124909677,-,12,124973638,+,MESO,4979,TCGA-TS-A7OY-01A,TCGA-TS-A7OY-01A,1.0,0.0,0.0,0.0,0.0
12,124964055,+,12,124971076,-,MESO,4980,TCGA-TS-A7OY-01A,TCGA-TS-A7OY-01A,1.0,0.0,0.0,0.0,0.0
13,25270518,+,13,25539792,-,MESO,4981,TCGA-TS-A7OY-01A,TCGA-TS-A7OY-01A,1.0,0.0,0.0,0.0,0.0
13,25538627,-,13,26063791,+,MESO,4982,TCGA-TS-A7OY-01A,TCGA-TS-A7OY-01A,1.0,0.0,0.0,0.0,0.0
13,25539026,+,13,91871905,-,MESO,4983,TCGA-TS-A7OY-01A,TCGA-TS-A7OY-01A,1.0,0.0,0.0,0.0,0.0
13,62112859,+,13,64012136,-,MESO,4984,TCGA-TS-A7OY-01A,TCGA-TS-A7OY-01A,1.0,0.0,0.0,0.0,0.0
13,84899425,-,19,29895842,+,MESO,4985,TCGA-TS-A7OY-01A,TCGA-TS-A7OY-01A,1.0,0.0,0.0,0.0,0.0
15,27756725,+,15,56299216,+,MESO,4986,TCGA-TS-A7OY-01A,TCGA-TS-A7OY-01A,1.0,0.0,0.0,0.0,0.0
15,27785271,-,15,27911998,-,MESO,4987,TCGA-TS-A7OY-01A,TCGA-TS-A7OY-01A,1.0,0.0,0.0,0.0,0.0
15,27876872,+,15,28936211,+,MESO,4988,TCGA-TS-A7OY-01A,TCGA-TS-A7OY-01A,1.0,0.0,0.0,0.0,0.0
15,28936351,-,15,55670462,-,MESO,4989,TCGA-TS-A7OY-01A,TCGA-TS-A7OY-01A,1.0,0.0,0.0,0.0,0.0
15,29570476,-,15,29585775,+,MESO,4990,TCGA-TS-A7OY-01A,TCGA-TS-A7OY-01A,1.0,0.0,0.0,0.0,0.0
15,56035870,-,15,56302488,-,MESO,4991,TCGA-TS-A7OY-01A,TCGA-TS-A7OY-01A,1.0,0.0,0.0,0.0,0.0
15,56035871,+,15,56367558,-,MESO,4992,TCGA-TS-A7OY-01A,TCGA-TS-A7OY-01A,1.0,0.0,0.0,0.0,0.0
16,6562086,+,16,6661573,-,MESO,4993,TCGA-TS-A7OY-01A,TCGA-TS-A7OY-01A,1.0,0.0,0.0,0.0,0.0
16,6585491,+,16,6796085,-,MESO,4994,TCGA-TS-A7OY-01A,TCGA-TS-A7OY-01A,1.0,0.0,0.0,0.0,0.0
16,6677483,+,16,6722259,-,MESO,4995,TCGA-TS-A7OY-01A,TCGA-TS-A7OY-01A,1.0,0.0,0.0,0.0,0.0
16,69937993,+,16,69952232,-,MESO,4996,TCGA-TS-A7OY-01A,TCGA-TS-A7OY-01A,1.0,0.0,0.0,0.0,0.0
18,10793947,+,18,10795739,-,MESO,4997,TCGA-TS-A7OY-01A,TCGA-TS-A7OY-01A,1.0,0.0,0.0,0.0,0.0
18,41039248,+,18,41044452,-,MESO,4998,TCGA-TS-A7OY-01A,TCGA-TS-A7OY-01A,1.0,0.0,0.0,0.0,0.0
18,52400539,+,18,52403077,-,MESO,4999,TCGA-TS-A7OY-01A,TCGA-TS-A7OY-01A,1.0,0.0,0.0,0.0,0.0
18,61158294,+,18,61177703,-,MESO,5000,TCGA-TS-A7OY-01A,TCGA-TS-A7OY-01A,1.0,0.0,0.0,0.0,0.0
2,40319743,+,5,146434140,+,MESO,5001,TCGA-TS-A7OY-01A,TCGA-TS-A7OY-01A,1.0,0.0,0.0,0.0,0.0
2,40327163,-,5,146410654,-,MESO,5002,TCGA-TS-A7OY-01A,TCGA-TS-A7OY-01A,1.0,0.0,0.0,0.0,0.0
2,95950235,-,2,97152976,-,MESO,5003,TCGA-TS-A7OY-01A,TCGA-TS-A7OY-01A,1.0,0.0,0.0,0.0,0.0
2,221675342,+,2,221676722,-,MESO,5004,TCGA-TS-A7OY-01A,TCGA-TS-A7OY-01A,1.0,0.0,0.0,0.0,0.0
20,10620063,-,20,10639485,+,MESO,5005,TCGA-TS-A7OY-01A,TCGA-TS-A7OY-01A,1.0,0.0,0.0,0.0,0.0
20,26259991,-,20,30185134,-,MESO,5006,TCGA-TS-A7OY-01A,TCGA-TS-A7OY-01A,1.0,0.0,0.0,0.0,0.0
20,29447838,+,22,11605370,-,MESO,5007,TCGA-TS-A7OY-01A,TCGA-TS-A7OY-01A,1.0,0.0,0.0,0.0,0.0
20,35213787,+,20,49385851,-,MESO,5008,TCGA-TS-A7OY-01A,TCGA-TS-A7OY-01A,1.0,0.0,0.0,0.0,0.0
20,35761553,+,20,35779798,-,MESO,5009,TCGA-TS-A7OY-01A,TCGA-TS-A7OY-01A,1.0,0.0,0.0,0.0,0.0
20,35856128,+,20,35876223,-,MESO,5010,TCGA-TS-A7OY-01A,TCGA-TS-A7OY-01A,1.0,0.0,0.0,0.0,0.0
21,35380872,-,23,102559916,+,MESO,5011,TCGA-TS-A7OY-01A,TCGA-TS-A7OY-01A,1.0,0.0,0.0,0.0,0.0
3,59067316,+,3,59077845,-,MESO,5012,TCGA-TS-A7OY-01A,TCGA-TS-A7OY-01A,1.0,0.0,0.0,0.0,0.0
3,175606019,+,3,175966176,-,MESO,5013,TCGA-TS-A7OY-01A,TCGA-TS-A7OY-01A,1.0,0.0,0.0,0.0,0.0
5,855557,+,5,1343852,-,MESO,5014,TCGA-TS-A7OY-01A,TCGA-TS-A7OY-01A,1.0,0.0,0.0,0.0,0.0
5,940650,-,5,5055662,+,MESO,5015,TCGA-TS-A7OY-01A,TCGA-TS-A7OY-01A,1.0,0.0,0.0,0.0,0.0
5,941947,+,20,35210335,+,MESO,5016,TCGA-TS-A7OY-01A,TCGA-TS-A7OY-01A,1.0,0.0,0.0,0.0,0.0
5,944868,-,20,49378472,-,MESO,5017,TCGA-TS-A7OY-01A,TCGA-TS-A7OY-01A,1.0,0.0,0.0,0.0,0.0
5,1315484,+,20,35221359,-,MESO,5018,TCGA-TS-A7OY-01A,TCGA-TS-A7OY-01A,1.0,0.0,0.0,0.0,0.0
5,1344693,+,20,49382573,+,MESO,5019,TCGA-TS-A7OY-01A,TCGA-TS-A7OY-01A,1.0,0.0,0.0,0.0,0.0
5,1348392,-,20,35210578,-,MESO,5020,TCGA-TS-A7OY-01A,TCGA-TS-A7OY-01A,1.0,0.0,0.0,0.0,0.0
5,5056003,-,20,49377830,+,MESO,5021,TCGA-TS-A7OY-01A,TCGA-TS-A7OY-01A,1.0,0.0,0.0,0.0,0.0
5,21997125,+,5,22000904,-,MESO,5022,TCGA-TS-A7OY-01A,TCGA-TS-A7OY-01A,1.0,0.0,0.0,0.0,0.0
5,49671639,+,5,49694622,-,MESO,5023,TCGA-TS-A7OY-01A,TCGA-TS-A7OY-01A,1.0,0.0,0.0,0.0,0.0
5,58483123,+,5,58485648,+,MESO,5024,TCGA-TS-A7OY-01A,TCGA-TS-A7OY-01A,1.0,0.0,0.0,0.0,0.0
5,58483246,-,5,58708956,+,MESO,5025,TCGA-TS-A7OY-01A,TCGA-TS-A7OY-01A,1.0,0.0,0.0,0.0,0.0
5,58679734,-,5,59030956,-,MESO,5026,TCGA-TS-A7OY-01A,TCGA-TS-A7OY-01A,1.0,0.0,0.0,0.0,0.0
5,78598170,+,5,78805245,+,MESO,5027,TCGA-TS-A7OY-01A,TCGA-TS-A7OY-01A,1.0,0.0,0.0,0.0,0.0
5,78695097,-,5,78800639,-,MESO,5028,TCGA-TS-A7OY-01A,TCGA-TS-A7OY-01A,1.0,0.0,0.0,0.0,0.0
5,78791413,+,5,78805251,-,MESO,5029,TCGA-TS-A7OY-01A,TCGA-TS-A7OY-01A,1.0,0.0,0.0,0.0,0.0
5,146408308,+,5,146464250,-,MESO,5030,TCGA-TS-A7OY-01A,TCGA-TS-A7OY-01A,1.0,0.0,0.0,0.0,0.0
6,30177419,+,6,30253144,+,MESO,5031,TCGA-TS-A7OY-01A,TCGA-TS-A7OY-01A,1.0,0.0,0.0,0.0,0.0
6,67180240,+,6,67204080,+,MESO,5032,TCGA-TS-A7OY-01A,TCGA-TS-A7OY-01A,1.0,0.0,0.0,0.0,0.0
6,67180281,-,6,67204123,-,MESO,5033,TCGA-TS-A7OY-01A,TCGA-TS-A7OY-01A,1.0,0.0,0.0,0.0,0.0
6,160806401,+,6,160817034,-,MESO,5034,TCGA-TS-A7OY-01A,TCGA-TS-A7OY-01A,1.0,0.0,0.0,0.0,0.0
6,161623321,+,6,161645854,-,MESO,5035,TCGA-TS-A7OY-01A,TCGA-TS-A7OY-01A,1.0,0.0,0.0,0.0,0.0
7,13504486,+,7,55151212,+,MESO,5036,TCGA-TS-A7OY-01A,TCGA-TS-A7OY-01A,1.0,0.0,0.0,0.0,0.0
7,13519734,-,7,13716851,+,MESO,5037,TCGA-TS-A7OY-01A,TCGA-TS-A7OY-01A,1.0,0.0,0.0,0.0,0.0
7,13524547,+,7,13700162,-,MESO,5038,TCGA-TS-A7OY-01A,TCGA-TS-A7OY-01A,1.0,0.0,0.0,0.0,0.0
7,13524669,-,7,13699829,+,MESO,5039,TCGA-TS-A7OY-01A,TCGA-TS-A7OY-01A,1.0,0.0,0.0,0.0,0.0
7,13527324,+,7,55137064,-,MESO,5040,TCGA-TS-A7OY-01A,TCGA-TS-A7OY-01A,1.0,0.0,0.0,0.0,0.0
7,13529333,-,7,13724155,+,MESO,5041,TCGA-TS-A7OY-01A,TCGA-TS-A7OY-01A,1.0,0.0,0.0,0.0,0.0
7,13559446,+,7,13708823,+,MESO,5042,TCGA-TS-A7OY-01A,TCGA-TS-A7OY-01A,1.0,0.0,0.0,0.0,0.0
7,13559455,-,7,13723472,-,MESO,5043,TCGA-TS-A7OY-01A,TCGA-TS-A7OY-01A,1.0,0.0,0.0,0.0,0.0
7,13708822,-,7,55144153,-,MESO,5044,TCGA-TS-A7OY-01A,TCGA-TS-A7OY-01A,1.0,0.0,0.0,0.0,0.0
7,13724151,-,7,55147468,+,MESO,5045,TCGA-TS-A7OY-01A,TCGA-TS-A7OY-01A,1.0,0.0,0.0,0.0,0.0
7,55136983,+,7,55149467,-,MESO,5046,TCGA-TS-A7OY-01A,TCGA-TS-A7OY-01A,1.0,0.0,0.0,0.0,0.0
7,55143643,+,7,55151239,-,MESO,5047,TCGA-TS-A7OY-01A,TCGA-TS-A7OY-01A,1.0,0.0,0.0,0.0,0.0
7,61430762,-,7,61449910,+,MESO,5048,TCGA-TS-A7OY-01A,TCGA-TS-A7OY-01A,1.0,0.0,0.0,0.0,0.0
7,153207755,+,7,153219071,-,MESO,5049,TCGA-TS-A7OY-01A,TCGA-TS-A7OY-01A,1.0,0.0,0.0,0.0,0.0
8,45172261,+,8,45691084,-,MESO,5050,TCGA-TS-A7OY-01A,TCGA-TS-A7OY-01A,1.0,0.0,0.0,0.0,0.0
8,47408712,+,8,56760933,+,MESO,5051,TCGA-TS-A7OY-01A,TCGA-TS-A7OY-01A,1.0,0.0,0.0,0.0,0.0
8,48918431,-,8,60347968,-,MESO,5052,TCGA-TS-A7OY-01A,TCGA-TS-A7OY-01A,1.0,0.0,0.0,0.0,0.0
8,53842725,+,8,54042449,-,MESO,5053,TCGA-TS-A7OY-01A,TCGA-TS-A7OY-01A,1.0,0.0,0.0,0.0,0.0
8,55937347,+,8,63058537,-,MESO,5054,TCGA-TS-A7OY-01A,TCGA-TS-A7OY-01A,1.0,0.0,0.0,0.0,0.0
8,56728054,+,8,56755485,-,MESO,5055,TCGA-TS-A7OY-01A,TCGA-TS-A7OY-01A,1.0,0.0,0.0,0.0,0.0
8,114752840,+,8,114758369,-,MESO,5056,TCGA-TS-A7OY-01A,TCGA-TS-A7OY-01A,1.0,0.0,0.0,0.0,0.0
8,122070222,+,8,122072382,-,MESO,5057,TCGA-TS-A7OY-01A,TCGA-TS-A7OY-01A,1.0,0.0,0.0,0.0,0.0
9,20725382,+,9,26743124,-,MESO,5058,TCGA-TS-A7OY-01A,TCGA-TS-A7OY-01A,1.0,0.0,0.0,0.0,0.0
9,21970635,+,9,21986680,-,MESO,5059,TCGA-TS-A7OY-01A,TCGA-TS-A7OY-01A,1.0,0.0,0.0,0.0,0.0
9,22665713,+,9,22676316,-,MESO,5060,TCGA-TS-A7OY-01A,TCGA-TS-A7OY-01A,1.0,0.0,0.0,0.0,0.0
9,28808278,-,9,28821997,+,MESO,5061,TCGA-TS-A7OY-01A,TCGA-TS-A7OY-01A,1.0,0.0,0.0,0.0,0.0
9,96098417,+,9,133910439,-,MESO,5062,TCGA-TS-A7OY-01A,TCGA-TS-A7OY-01A,1.0,0.0,0.0,0.0,0.0
9,135261555,+,19,28132671,+,MESO,5063,TCGA-TS-A7OY-01A,TCGA-TS-A7OY-01A,1.0,0.0,0.0,0.0,0.0
23,21454617,+,23,21468032,-,MESO,5064,TCGA-TS-A7OY-01A,TCGA-TS-A7OY-01A,1.0,0.0,0.0,0.0,0.0
23,104381926,+,23,104392481,-,MESO,5065,TCGA-TS-A7OY-01A,TCGA-TS-A7OY-01A,1.0,0.0,0.0,0.0,0.0
23,139251876,-,23,139259128,+,MESO,5066,TCGA-TS-A7OY-01A,TCGA-TS-A7OY-01A,1.0,0.0,0.0,0.0,0.0
1,39170543,-,1,247253343,+,MESO,5067,TCGA-TS-A7P0-01A,TCGA-TS-A7P0-01A,1.0,0.0,0.0,0.0,0.0
1,39504216,+,7,147598380,-,MESO,5068,TCGA-TS-A7P0-01A,TCGA-TS-A7P0-01A,1.0,0.0,0.0,0.0,0.0
1,39504238,-,7,149147453,-,MESO,5069,TCGA-TS-A7P0-01A,TCGA-TS-A7P0-01A,1.0,0.0,0.0,0.0,0.0
1,70453624,+,1,70506168,+,MESO,5070,TCGA-TS-A7P0-01A,TCGA-TS-A7P0-01A,1.0,0.0,0.0,0.0,0.0
1,70505796,-,1,70508207,-,MESO,5071,TCGA-TS-A7P0-01A,TCGA-TS-A7P0-01A,1.0,0.0,0.0,0.0,0.0
1,87761642,+,1,87768704,-,MESO,5072,TCGA-TS-A7P0-01A,TCGA-TS-A7P0-01A,1.0,0.0,0.0,0.0,0.0
1,91094978,+,1,91099281,-,MESO,5073,TCGA-TS-A7P0-01A,TCGA-TS-A7P0-01A,1.0,0.0,0.0,0.0,0.0
1,154937908,-,1,154959581,+,MESO,5074,TCGA-TS-A7P0-01A,TCGA-TS-A7P0-01A,1.0,0.0,0.0,0.0,0.0
1,163059184,+,5,166005960,-,MESO,5075,TCGA-TS-A7P0-01A,TCGA-TS-A7P0-01A,1.0,0.0,0.0,0.0,0.0
1,178534690,+,1,178538977,-,MESO,5076,TCGA-TS-A7P0-01A,TCGA-TS-A7P0-01A,1.0,0.0,0.0,0.0,0.0
1,186636520,+,1,186646314,-,MESO,5077,TCGA-TS-A7P0-01A,TCGA-TS-A7P0-01A,1.0,0.0,0.0,0.0,0.0
1,247196383,+,15,47716010,+,MESO,5078,TCGA-TS-A7P0-01A,TCGA-TS-A7P0-01A,1.0,0.0,0.0,0.0,0.0
1,247210256,-,15,24311521,-,MESO,5079,TCGA-TS-A7P0-01A,TCGA-TS-A7P0-01A,1.0,0.0,0.0,0.0,0.0
1,247210256,-,15,24518578,-,MESO,5080,TCGA-TS-A7P0-01A,TCGA-TS-A7P0-01A,1.0,0.0,0.0,0.0,0.0
1,247253340,-,15,47678166,-,MESO,5081,TCGA-TS-A7P0-01A,TCGA-TS-A7P0-01A,1.0,0.0,0.0,0.0,0.0
10,3134752,+,10,4765080,+,MESO,5082,TCGA-TS-A7P0-01A,TCGA-TS-A7P0-01A,1.0,0.0,0.0,0.0,0.0
10,4656892,-,10,5043734,+,MESO,5083,TCGA-TS-A7P0-01A,TCGA-TS-A7P0-01A,1.0,0.0,0.0,0.0,0.0
10,4910519,-,10,80687298,-,MESO,5084,TCGA-TS-A7P0-01A,TCGA-TS-A7P0-01A,1.0,0.0,0.0,0.0,0.0
10,5037739,+,10,34114403,-,MESO,5085,TCGA-TS-A7P0-01A,TCGA-TS-A7P0-01A,1.0,0.0,0.0,0.0,0.0
10,5037764,-,10,80265939,+,MESO,5086,TCGA-TS-A7P0-01A,TCGA-TS-A7P0-01A,1.0,0.0,0.0,0.0,0.0
10,43890778,+,15,48709028,-,MESO,5087,TCGA-TS-A7P0-01A,TCGA-TS-A7P0-01A,1.0,0.0,0.0,0.0,0.0
10,55373043,+,12,50678599,-,MESO,5088,TCGA-TS-A7P0-01A,TCGA-TS-A7P0-01A,1.0,0.0,0.0,0.0,0.0
10,55374295,-,12,50677384,+,MESO,5089,TCGA-TS-A7P0-01A,TCGA-TS-A7P0-01A,1.0,0.0,0.0,0.0,0.0
10,82254806,-,10,82260471,+,MESO,5090,TCGA-TS-A7P0-01A,TCGA-TS-A7P0-01A,1.0,0.0,0.0,0.0,0.0
10,83224470,+,10,83241191,-,MESO,5091,TCGA-TS-A7P0-01A,TCGA-TS-A7P0-01A,1.0,0.0,0.0,0.0,0.0
11,9401777,-,11,9425835,+,MESO,5092,TCGA-TS-A7P0-01A,TCGA-TS-A7P0-01A,1.0,0.0,0.0,0.0,0.0
11,62604650,-,11,62652236,+,MESO,5093,TCGA-TS-A7P0-01A,TCGA-TS-A7P0-01A,1.0,0.0,0.0,0.0,0.0
11,88746929,+,11,88754602,-,MESO,5094,TCGA-TS-A7P0-01A,TCGA-TS-A7P0-01A,1.0,0.0,0.0,0.0,0.0
11,91795194,+,11,91813711,-,MESO,5095,TCGA-TS-A7P0-01A,TCGA-TS-A7P0-01A,1.0,0.0,0.0,0.0,0.0
12,17701577,+,12,17705663,-,MESO,5096,TCGA-TS-A7P0-01A,TCGA-TS-A7P0-01A,1.0,0.0,0.0,0.0,0.0
12,17883517,+,12,24403394,+,MESO,5097,TCGA-TS-A7P0-01A,TCGA-TS-A7P0-01A,1.0,0.0,0.0,0.0,0.0
12,17883755,+,12,17894307,-,MESO,5098,TCGA-TS-A7P0-01A,TCGA-TS-A7P0-01A,1.0,0.0,0.0,0.0,0.0
12,45070390,+,12,53658825,-,MESO,5099,TCGA-TS-A7P0-01A,TCGA-TS-A7P0-01A,1.0,0.0,0.0,0.0,0.0
12,54110146,+,20,29564350,+,MESO,5100,TCGA-TS-A7P0-01A,TCGA-TS-A7P0-01A,1.0,0.0,0.0,0.0,0.0
12,56487127,+,12,56488198,-,MESO,5101,TCGA-TS-A7P0-01A,TCGA-TS-A7P0-01A,1.0,0.0,0.0,0.0,0.0
12,57958496,+,12,58938190,-,MESO,5102,TCGA-TS-A7P0-01A,TCGA-TS-A7P0-01A,1.0,0.0,0.0,0.0,0.0
12,73840358,+,12,131079204,-,MESO,5103,TCGA-TS-A7P0-01A,TCGA-TS-A7P0-01A,1.0,0.0,0.0,0.0,0.0
12,116555094,-,15,81922904,+,MESO,5104,TCGA-TS-A7P0-01A,TCGA-TS-A7P0-01A,1.0,0.0,0.0,0.0,0.0
13,29609666,+,13,29611325,-,MESO,5105,TCGA-TS-A7P0-01A,TCGA-TS-A7P0-01A,1.0,0.0,0.0,0.0,0.0
13,54498463,-,20,61060411,+,MESO,5106,TCGA-TS-A7P0-01A,TCGA-TS-A7P0-01A,1.0,0.0,0.0,0.0,0.0
13,66282624,+,13,66326367,-,MESO,5107,TCGA-TS-A7P0-01A,TCGA-TS-A7P0-01A,1.0,0.0,0.0,0.0,0.0
13,94776768,-,13,94789680,+,MESO,5108,TCGA-TS-A7P0-01A,TCGA-TS-A7P0-01A,1.0,0.0,0.0,0.0,0.0
14,62384004,-,22,16523280,-,MESO,5109,TCGA-TS-A7P0-01A,TCGA-TS-A7P0-01A,1.0,0.0,0.0,0.0,0.0
14,98385072,+,14,98388419,-,MESO,5110,TCGA-TS-A7P0-01A,TCGA-TS-A7P0-01A,1.0,0.0,0.0,0.0,0.0
15,24260207,+,15,46451121,+,MESO,5111,TCGA-TS-A7P0-01A,TCGA-TS-A7P0-01A,1.0,0.0,0.0,0.0,0.0
15,24313798,-,15,48668982,-,MESO,5112,TCGA-TS-A7P0-01A,TCGA-TS-A7P0-01A,1.0,0.0,0.0,0.0,0.0
15,24317391,+,15,45369964,-,MESO,5113,TCGA-TS-A7P0-01A,TCGA-TS-A7P0-01A,1.0,0.0,0.0,0.0,0.0
15,24410610,-,15,45362793,+,MESO,5114,TCGA-TS-A7P0-01A,TCGA-TS-A7P0-01A,1.0,0.0,0.0,0.0,0.0
15,24426267,+,15,46451121,+,MESO,5115,TCGA-TS-A7P0-01A,TCGA-TS-A7P0-01A,1.0,0.0,0.0,0.0,0.0
15,24482539,-,15,48717110,+,MESO,5116,TCGA-TS-A7P0-01A,TCGA-TS-A7P0-01A,1.0,0.0,0.0,0.0,0.0
15,24489818,+,15,24505512,-,MESO,5117,TCGA-TS-A7P0-01A,TCGA-TS-A7P0-01A,1.0,0.0,0.0,0.0,0.0
15,24518534,+,15,47645411,+,MESO,5118,TCGA-TS-A7P0-01A,TCGA-TS-A7P0-01A,1.0,0.0,0.0,0.0,0.0
15,24524771,+,15,45369964,-,MESO,5119,TCGA-TS-A7P0-01A,TCGA-TS-A7P0-01A,1.0,0.0,0.0,0.0,0.0
15,24533270,+,15,47372361,-,MESO,5120,TCGA-TS-A7P0-01A,TCGA-TS-A7P0-01A,1.0,0.0,0.0,0.0,0.0
15,44711079,-,15,47878106,-,MESO,5121,TCGA-TS-A7P0-01A,TCGA-TS-A7P0-01A,1.0,0.0,0.0,0.0,0.0
15,45326248,-,20,21358054,-,MESO,5122,TCGA-TS-A7P0-01A,TCGA-TS-A7P0-01A,1.0,0.0,0.0,0.0,0.0
15,45755381,+,15,49144295,-,MESO,5123,TCGA-TS-A7P0-01A,TCGA-TS-A7P0-01A,1.0,0.0,0.0,0.0,0.0
15,46435666,-,15,47622428,-,MESO,5124,TCGA-TS-A7P0-01A,TCGA-TS-A7P0-01A,1.0,0.0,0.0,0.0,0.0
15,47421625,-,20,21419612,+,MESO,5125,TCGA-TS-A7P0-01A,TCGA-TS-A7P0-01A,1.0,0.0,0.0,0.0,0.0
15,47480989,-,15,48683112,+,MESO,5126,TCGA-TS-A7P0-01A,TCGA-TS-A7P0-01A,1.0,0.0,0.0,0.0,0.0
15,47489642,+,15,48571777,+,MESO,5127,TCGA-TS-A7P0-01A,TCGA-TS-A7P0-01A,1.0,0.0,0.0,0.0,0.0
15,47620856,+,18,32931539,+,MESO,5128,TCGA-TS-A7P0-01A,TCGA-TS-A7P0-01A,1.0,0.0,0.0,0.0,0.0
15,47811901,-,15,48367439,+,MESO,5129,TCGA-TS-A7P0-01A,TCGA-TS-A7P0-01A,1.0,0.0,0.0,0.0,0.0
15,48332016,-,18,32590601,+,MESO,5130,TCGA-TS-A7P0-01A,TCGA-TS-A7P0-01A,1.0,0.0,0.0,0.0,0.0
16,5260138,+,16,5268940,-,MESO,5131,TCGA-TS-A7P0-01A,TCGA-TS-A7P0-01A,1.0,0.0,0.0,0.0,0.0
16,5710070,+,16,6263994,-,MESO,5132,TCGA-TS-A7P0-01A,TCGA-TS-A7P0-01A,1.0,0.0,0.0,0.0,0.0
16,13195297,-,16,13373713,+,MESO,5133,TCGA-TS-A7P0-01A,TCGA-TS-A7P0-01A,1.0,0.0,0.0,0.0,0.0
16,24617737,+,16,24619740,-,MESO,5134,TCGA-TS-A7P0-01A,TCGA-TS-A7P0-01A,1.0,0.0,0.0,0.0,0.0
16,36746067,+,16,38268930,+,MESO,5135,TCGA-TS-A7P0-01A,TCGA-TS-A7P0-01A,1.0,0.0,0.0,0.0,0.0
16,89161593,-,16,89196684,+,MESO,5136,TCGA-TS-A7P0-01A,TCGA-TS-A7P0-01A,1.0,0.0,0.0,0.0,0.0
17,10977321,-,17,10983266,-,MESO,5137,TCGA-TS-A7P0-01A,TCGA-TS-A7P0-01A,1.0,0.0,0.0,0.0,0.0
17,10977324,+,17,10983210,+,MESO,5138,TCGA-TS-A7P0-01A,TCGA-TS-A7P0-01A,1.0,0.0,0.0,0.0,0.0
17,23100068,+,17,23172651,-,MESO,5139,TCGA-TS-A7P0-01A,TCGA-TS-A7P0-01A,1.0,0.0,0.0,0.0,0.0
17,44018355,+,17,44019358,-,MESO,5140,TCGA-TS-A7P0-01A,TCGA-TS-A7P0-01A,1.0,0.0,0.0,0.0,0.0
17,81551585,-,22,21471219,+,MESO,5141,TCGA-TS-A7P0-01A,TCGA-TS-A7P0-01A,1.0,0.0,0.0,0.0,0.0
17,81551586,+,22,21483026,-,MESO,5142,TCGA-TS-A7P0-01A,TCGA-TS-A7P0-01A,1.0,0.0,0.0,0.0,0.0
18,15470418,-,18,15686729,+,MESO,5143,TCGA-TS-A7P0-01A,TCGA-TS-A7P0-01A,1.0,0.0,0.0,0.0,0.0
18,15573728,-,18,15679363,+,MESO,5144,TCGA-TS-A7P0-01A,TCGA-TS-A7P0-01A,1.0,0.0,0.0,0.0,0.0
18,23463799,+,18,23530952,-,MESO,5145,TCGA-TS-A7P0-01A,TCGA-TS-A7P0-01A,1.0,0.0,0.0,0.0,0.0
18,23543676,+,18,25020953,-,MESO,5146,TCGA-TS-A7P0-01A,TCGA-TS-A7P0-01A,1.0,0.0,0.0,0.0,0.0
18,25614581,+,18,29980671,-,MESO,5147,TCGA-TS-A7P0-01A,TCGA-TS-A7P0-01A,1.0,0.0,0.0,0.0,0.0
18,30662046,+,18,30965948,+,MESO,5148,TCGA-TS-A7P0-01A,TCGA-TS-A7P0-01A,1.0,0.0,0.0,0.0,0.0
18,30741376,-,20,23307556,+,MESO,5149,TCGA-TS-A7P0-01A,TCGA-TS-A7P0-01A,1.0,0.0,0.0,0.0,0.0
19,7732404,+,19,10338486,+,MESO,5150,TCGA-TS-A7P0-01A,TCGA-TS-A7P0-01A,1.0,0.0,0.0,0.0,0.0
19,7736928,-,19,10334845,-,MESO,5151,TCGA-TS-A7P0-01A,TCGA-TS-A7P0-01A,1.0,0.0,0.0,0.0,0.0
19,10333525,+,19,10338962,-,MESO,5152,TCGA-TS-A7P0-01A,TCGA-TS-A7P0-01A,1.0,0.0,0.0,0.0,0.0
19,11760955,+,19,11771597,-,MESO,5153,TCGA-TS-A7P0-01A,TCGA-TS-A7P0-01A,1.0,0.0,0.0,0.0,0.0
19,50458066,+,19,50461057,-,MESO,5154,TCGA-TS-A7P0-01A,TCGA-TS-A7P0-01A,1.0,0.0,0.0,0.0,0.0
2,57507237,+,2,57513516,-,MESO,5155,TCGA-TS-A7P0-01A,TCGA-TS-A7P0-01A,1.0,0.0,0.0,0.0,0.0
2,105112014,+,2,105245745,-,MESO,5156,TCGA-TS-A7P0-01A,TCGA-TS-A7P0-01A,1.0,0.0,0.0,0.0,0.0
2,130705955,+,2,130709828,-,MESO,5157,TCGA-TS-A7P0-01A,TCGA-TS-A7P0-01A,1.0,0.0,0.0,0.0,0.0
2,138431134,+,2,157321433,-,MESO,5158,TCGA-TS-A7P0-01A,TCGA-TS-A7P0-01A,1.0,0.0,0.0,0.0,0.0
2,162033109,-,2,162045564,+,MESO,5159,TCGA-TS-A7P0-01A,TCGA-TS-A7P0-01A,1.0,0.0,0.0,0.0,0.0
2,167241244,-,2,167257504,+,MESO,5160,TCGA-TS-A7P0-01A,TCGA-TS-A7P0-01A,1.0,0.0,0.0,0.0,0.0
2,192443053,+,2,192445656,-,MESO,5161,TCGA-TS-A7P0-01A,TCGA-TS-A7P0-01A,1.0,0.0,0.0,0.0,0.0
2,218009327,+,2,218012818,-,MESO,5162,TCGA-TS-A7P0-01A,TCGA-TS-A7P0-01A,1.0,0.0,0.0,0.0,0.0
2,228291494,-,2,228300239,+,MESO,5163,TCGA-TS-A7P0-01A,TCGA-TS-A7P0-01A,1.0,0.0,0.0,0.0,0.0
20,23267110,-,20,24590210,-,MESO,5164,TCGA-TS-A7P0-01A,TCGA-TS-A7P0-01A,1.0,0.0,0.0,0.0,0.0
20,25890110,-,20,30185413,+,MESO,5165,TCGA-TS-A7P0-01A,TCGA-TS-A7P0-01A,1.0,0.0,0.0,0.0,0.0
20,26449228,-,20,26506590,+,MESO,5166,TCGA-TS-A7P0-01A,TCGA-TS-A7P0-01A,1.0,0.0,0.0,0.0,0.0
20,29926240,-,20,29953953,+,MESO,5167,TCGA-TS-A7P0-01A,TCGA-TS-A7P0-01A,1.0,0.0,0.0,0.0,0.0
21,18213335,-,21,18217172,+,MESO,5168,TCGA-TS-A7P0-01A,TCGA-TS-A7P0-01A,1.0,0.0,0.0,0.0,0.0
3,6505033,+,3,6514210,-,MESO,5169,TCGA-TS-A7P0-01A,TCGA-TS-A7P0-01A,1.0,0.0,0.0,0.0,0.0
3,34618229,+,3,34846853,+,MESO,5170,TCGA-TS-A7P0-01A,TCGA-TS-A7P0-01A,1.0,0.0,0.0,0.0,0.0
3,34618944,-,3,34851065,-,MESO,5171,TCGA-TS-A7P0-01A,TCGA-TS-A7P0-01A,1.0,0.0,0.0,0.0,0.0
3,76736318,+,12,40690986,+,MESO,5172,TCGA-TS-A7P0-01A,TCGA-TS-A7P0-01A,1.0,0.0,0.0,0.0,0.0
3,85362748,+,3,85363738,-,MESO,5173,TCGA-TS-A7P0-01A,TCGA-TS-A7P0-01A,1.0,0.0,0.0,0.0,0.0
3,97321253,+,3,97326501,-,MESO,5174,TCGA-TS-A7P0-01A,TCGA-TS-A7P0-01A,1.0,0.0,0.0,0.0,0.0
3,111356273,+,3,111408683,-,MESO,5175,TCGA-TS-A7P0-01A,TCGA-TS-A7P0-01A,1.0,0.0,0.0,0.0,0.0
3,129505497,-,3,129516786,+,MESO,5176,TCGA-TS-A7P0-01A,TCGA-TS-A7P0-01A,1.0,0.0,0.0,0.0,0.0
3,130987998,+,3,130988630,-,MESO,5177,TCGA-TS-A7P0-01A,TCGA-TS-A7P0-01A,1.0,0.0,0.0,0.0,0.0
3,142449487,+,3,142449796,-,MESO,5178,TCGA-TS-A7P0-01A,TCGA-TS-A7P0-01A,1.0,0.0,0.0,0.0,0.0
3,156050350,+,3,186778308,+,MESO,5179,TCGA-TS-A7P0-01A,TCGA-TS-A7P0-01A,1.0,0.0,0.0,0.0,0.0
3,156163338,-,3,156509192,-,MESO,5180,TCGA-TS-A7P0-01A,TCGA-TS-A7P0-01A,1.0,0.0,0.0,0.0,0.0
3,156498526,+,3,186783375,-,MESO,5181,TCGA-TS-A7P0-01A,TCGA-TS-A7P0-01A,1.0,0.0,0.0,0.0,0.0
3,157473021,+,3,157473244,-,MESO,5182,TCGA-TS-A7P0-01A,TCGA-TS-A7P0-01A,1.0,0.0,0.0,0.0,0.0
3,158067351,-,3,158088440,+,MESO,5183,TCGA-TS-A7P0-01A,TCGA-TS-A7P0-01A,1.0,0.0,0.0,0.0,0.0
4,102343571,+,4,102348776,-,MESO,5184,TCGA-TS-A7P0-01A,TCGA-TS-A7P0-01A,1.0,0.0,0.0,0.0,0.0
4,122335588,+,4,122343358,-,MESO,5185,TCGA-TS-A7P0-01A,TCGA-TS-A7P0-01A,1.0,0.0,0.0,0.0,0.0
4,126101194,-,11,34026685,-,MESO,5186,TCGA-TS-A7P0-01A,TCGA-TS-A7P0-01A,1.0,0.0,0.0,0.0,0.0
4,138479942,+,4,139019495,-,MESO,5187,TCGA-TS-A7P0-01A,TCGA-TS-A7P0-01A,1.0,0.0,0.0,0.0,0.0
5,51922221,+,12,39006834,-,MESO,5188,TCGA-TS-A7P0-01A,TCGA-TS-A7P0-01A,1.0,0.0,0.0,0.0,0.0
5,103079888,+,5,152188311,-,MESO,5189,TCGA-TS-A7P0-01A,TCGA-TS-A7P0-01A,1.0,0.0,0.0,0.0,0.0
5,103081264,-,5,152186953,+,MESO,5190,TCGA-TS-A7P0-01A,TCGA-TS-A7P0-01A,1.0,0.0,0.0,0.0,0.0
5,119815343,+,5,119816650,-,MESO,5191,TCGA-TS-A7P0-01A,TCGA-TS-A7P0-01A,1.0,0.0,0.0,0.0,0.0
5,125040066,+,5,125040877,-,MESO,5192,TCGA-TS-A7P0-01A,TCGA-TS-A7P0-01A,1.0,0.0,0.0,0.0,0.0
5,125040071,-,7,51522684,+,MESO,5193,TCGA-TS-A7P0-01A,TCGA-TS-A7P0-01A,1.0,0.0,0.0,0.0,0.0
5,125040849,+,7,51522710,-,MESO,5194,TCGA-TS-A7P0-01A,TCGA-TS-A7P0-01A,1.0,0.0,0.0,0.0,0.0
5,140566279,+,8,124659797,+,MESO,5195,TCGA-TS-A7P0-01A,TCGA-TS-A7P0-01A,1.0,0.0,0.0,0.0,0.0
5,140566298,-,8,124659815,-,MESO,5196,TCGA-TS-A7P0-01A,TCGA-TS-A7P0-01A,1.0,0.0,0.0,0.0,0.0
5,152059439,+,5,152188303,+,MESO,5197,TCGA-TS-A7P0-01A,TCGA-TS-A7P0-01A,1.0,0.0,0.0,0.0,0.0
5,152059478,-,5,152844836,-,MESO,5198,TCGA-TS-A7P0-01A,TCGA-TS-A7P0-01A,1.0,0.0,0.0,0.0,0.0
5,152186977,-,5,152844762,+,MESO,5199,TCGA-TS-A7P0-01A,TCGA-TS-A7P0-01A,1.0,0.0,0.0,0.0,0.0
6,16606838,-,6,16661181,-,MESO,5200,TCGA-TS-A7P0-01A,TCGA-TS-A7P0-01A,1.0,0.0,0.0,0.0,0.0
6,31634760,+,6,32137682,+,MESO,5201,TCGA-TS-A7P0-01A,TCGA-TS-A7P0-01A,1.0,0.0,0.0,0.0,0.0
6,31634860,-,6,32137745,-,MESO,5202,TCGA-TS-A7P0-01A,TCGA-TS-A7P0-01A,1.0,0.0,0.0,0.0,0.0
6,41913662,+,20,59130906,-,MESO,5203,TCGA-TS-A7P0-01A,TCGA-TS-A7P0-01A,1.0,0.0,0.0,0.0,0.0
6,58103486,-,6,60853906,+,MESO,5204,TCGA-TS-A7P0-01A,TCGA-TS-A7P0-01A,1.0,0.0,0.0,0.0,0.0
6,144497762,+,6,144514435,-,MESO,5205,TCGA-TS-A7P0-01A,TCGA-TS-A7P0-01A,1.0,0.0,0.0,0.0,0.0
7,23599473,+,7,23664896,-,MESO,5206,TCGA-TS-A7P0-01A,TCGA-TS-A7P0-01A,1.0,0.0,0.0,0.0,0.0
7,23655578,-,13,94583201,+,MESO,5207,TCGA-TS-A7P0-01A,TCGA-TS-A7P0-01A,1.0,0.0,0.0,0.0,0.0
7,23656181,+,13,94583215,-,MESO,5208,TCGA-TS-A7P0-01A,TCGA-TS-A7P0-01A,1.0,0.0,0.0,0.0,0.0
7,29618019,-,7,29653096,+,MESO,5209,TCGA-TS-A7P0-01A,TCGA-TS-A7P0-01A,1.0,0.0,0.0,0.0,0.0
7,33486445,+,7,33493043,-,MESO,5210,TCGA-TS-A7P0-01A,TCGA-TS-A7P0-01A,1.0,0.0,0.0,0.0,0.0
7,57206568,+,7,57208719,-,MESO,5211,TCGA-TS-A7P0-01A,TCGA-TS-A7P0-01A,1.0,0.0,0.0,0.0,0.0
7,57984061,+,9,91834440,-,MESO,5212,TCGA-TS-A7P0-01A,TCGA-TS-A7P0-01A,1.0,0.0,0.0,0.0,0.0
7,57988693,-,9,91834843,+,MESO,5213,TCGA-TS-A7P0-01A,TCGA-TS-A7P0-01A,1.0,0.0,0.0,0.0,0.0
7,66279568,+,7,66283222,-,MESO,5214,TCGA-TS-A7P0-01A,TCGA-TS-A7P0-01A,1.0,0.0,0.0,0.0,0.0
7,77355576,+,7,77356171,-,MESO,5215,TCGA-TS-A7P0-01A,TCGA-TS-A7P0-01A,1.0,0.0,0.0,0.0,0.0
7,86281560,+,7,86284627,-,MESO,5216,TCGA-TS-A7P0-01A,TCGA-TS-A7P0-01A,1.0,0.0,0.0,0.0,0.0
7,93944959,+,7,93947553,-,MESO,5217,TCGA-TS-A7P0-01A,TCGA-TS-A7P0-01A,1.0,0.0,0.0,0.0,0.0
7,103670040,+,7,103689313,-,MESO,5218,TCGA-TS-A7P0-01A,TCGA-TS-A7P0-01A,1.0,0.0,0.0,0.0,0.0
7,103672383,-,7,103678902,-,MESO,5219,TCGA-TS-A7P0-01A,TCGA-TS-A7P0-01A,1.0,0.0,0.0,0.0,0.0
7,103673857,+,7,103704579,-,MESO,5220,TCGA-TS-A7P0-01A,TCGA-TS-A7P0-01A,1.0,0.0,0.0,0.0,0.0
7,103687927,+,7,103699320,+,MESO,5221,TCGA-TS-A7P0-01A,TCGA-TS-A7P0-01A,1.0,0.0,0.0,0.0,0.0
7,104939481,-,7,104944293,+,MESO,5222,TCGA-TS-A7P0-01A,TCGA-TS-A7P0-01A,1.0,0.0,0.0,0.0,0.0
7,146555102,+,20,21710139,+,MESO,5223,TCGA-TS-A7P0-01A,TCGA-TS-A7P0-01A,1.0,0.0,0.0,0.0,0.0
7,147600554,+,15,48569452,-,MESO,5224,TCGA-TS-A7P0-01A,TCGA-TS-A7P0-01A,1.0,0.0,0.0,0.0,0.0
7,147834139,-,10,43890642,-,MESO,5225,TCGA-TS-A7P0-01A,TCGA-TS-A7P0-01A,1.0,0.0,0.0,0.0,0.0
7,147834139,-,15,48709150,-,MESO,5226,TCGA-TS-A7P0-01A,TCGA-TS-A7P0-01A,1.0,0.0,0.0,0.0,0.0
7,149121805,-,15,47879446,+,MESO,5227,TCGA-TS-A7P0-01A,TCGA-TS-A7P0-01A,1.0,0.0,0.0,0.0,0.0
7,149121806,+,20,21671578,-,MESO,5228,TCGA-TS-A7P0-01A,TCGA-TS-A7P0-01A,1.0,0.0,0.0,0.0,0.0
7,149124663,+,7,149247940,-,MESO,5229,TCGA-TS-A7P0-01A,TCGA-TS-A7P0-01A,1.0,0.0,0.0,0.0,0.0
7,149124720,-,15,47878107,+,MESO,5230,TCGA-TS-A7P0-01A,TCGA-TS-A7P0-01A,1.0,0.0,0.0,0.0,0.0
7,149133253,+,15,45586079,-,MESO,5231,TCGA-TS-A7P0-01A,TCGA-TS-A7P0-01A,1.0,0.0,0.0,0.0,0.0
7,149193849,+,15,47398844,+,MESO,5232,TCGA-TS-A7P0-01A,TCGA-TS-A7P0-01A,1.0,0.0,0.0,0.0,0.0
7,149196951,-,15,47434612,+,MESO,5233,TCGA-TS-A7P0-01A,TCGA-TS-A7P0-01A,1.0,0.0,0.0,0.0,0.0
7,149240229,+,7,149248562,+,MESO,5234,TCGA-TS-A7P0-01A,TCGA-TS-A7P0-01A,1.0,0.0,0.0,0.0,0.0
7,149248981,-,15,45586081,+,MESO,5235,TCGA-TS-A7P0-01A,TCGA-TS-A7P0-01A,1.0,0.0,0.0,0.0,0.0
7,149253634,-,15,44801156,+,MESO,5236,TCGA-TS-A7P0-01A,TCGA-TS-A7P0-01A,1.0,0.0,0.0,0.0,0.0
7,149253636,+,18,32928113,-,MESO,5237,TCGA-TS-A7P0-01A,TCGA-TS-A7P0-01A,1.0,0.0,0.0,0.0,0.0
7,149254529,+,18,32574741,-,MESO,5238,TCGA-TS-A7P0-01A,TCGA-TS-A7P0-01A,1.0,0.0,0.0,0.0,0.0
7,150871520,-,15,47618714,-,MESO,5239,TCGA-TS-A7P0-01A,TCGA-TS-A7P0-01A,1.0,0.0,0.0,0.0,0.0
7,154291427,+,7,154330406,-,MESO,5240,TCGA-TS-A7P0-01A,TCGA-TS-A7P0-01A,1.0,0.0,0.0,0.0,0.0
8,718143,+,8,746337,-,MESO,5241,TCGA-TS-A7P0-01A,TCGA-TS-A7P0-01A,1.0,0.0,0.0,0.0,0.0
8,4271487,+,8,4360470,-,MESO,5242,TCGA-TS-A7P0-01A,TCGA-TS-A7P0-01A,1.0,0.0,0.0,0.0,0.0
8,24465294,-,8,24492971,+,MESO,5243,TCGA-TS-A7P0-01A,TCGA-TS-A7P0-01A,1.0,0.0,0.0,0.0,0.0
8,25411071,+,8,25419265,-,MESO,5244,TCGA-TS-A7P0-01A,TCGA-TS-A7P0-01A,1.0,0.0,0.0,0.0,0.0
8,105470271,-,8,139916183,+,MESO,5245,TCGA-TS-A7P0-01A,TCGA-TS-A7P0-01A,1.0,0.0,0.0,0.0,0.0
8,111648391,+,8,111718849,+,MESO,5246,TCGA-TS-A7P0-01A,TCGA-TS-A7P0-01A,1.0,0.0,0.0,0.0,0.0
8,111648473,-,8,111718941,-,MESO,5247,TCGA-TS-A7P0-01A,TCGA-TS-A7P0-01A,1.0,0.0,0.0,0.0,0.0
8,121970142,-,11,34877886,+,MESO,5248,TCGA-TS-A7P0-01A,TCGA-TS-A7P0-01A,1.0,0.0,0.0,0.0,0.0
9,3232610,+,9,3234250,-,MESO,5249,TCGA-TS-A7P0-01A,TCGA-TS-A7P0-01A,1.0,0.0,0.0,0.0,0.0
9,10795013,+,9,12004096,+,MESO,5250,TCGA-TS-A7P0-01A,TCGA-TS-A7P0-01A,1.0,0.0,0.0,0.0,0.0
9,10795035,-,9,117130761,+,MESO,5251,TCGA-TS-A7P0-01A,TCGA-TS-A7P0-01A,1.0,0.0,0.0,0.0,0.0
9,11085514,+,9,11484371,+,MESO,5252,TCGA-TS-A7P0-01A,TCGA-TS-A7P0-01A,1.0,0.0,0.0,0.0,0.0
9,11085617,-,9,11492939,-,MESO,5253,TCGA-TS-A7P0-01A,TCGA-TS-A7P0-01A,1.0,0.0,0.0,0.0,0.0
9,11088733,+,9,11695687,+,MESO,5254,TCGA-TS-A7P0-01A,TCGA-TS-A7P0-01A,1.0,0.0,0.0,0.0,0.0
9,11088949,-,13,78568947,-,MESO,5255,TCGA-TS-A7P0-01A,TCGA-TS-A7P0-01A,1.0,0.0,0.0,0.0,0.0
9,11092668,+,9,11302404,-,MESO,5256,TCGA-TS-A7P0-01A,TCGA-TS-A7P0-01A,1.0,0.0,0.0,0.0,0.0
9,11092676,-,9,11551605,-,MESO,5257,TCGA-TS-A7P0-01A,TCGA-TS-A7P0-01A,1.0,0.0,0.0,0.0,0.0
9,11093954,+,12,30203463,-,MESO,5258,TCGA-TS-A7P0-01A,TCGA-TS-A7P0-01A,1.0,0.0,0.0,0.0,0.0
9,11093954,+,9,11243284,-,MESO,5259,TCGA-TS-A7P0-01A,TCGA-TS-A7P0-01A,1.0,0.0,0.0,0.0,0.0
9,11243464,+,12,30203443,-,MESO,5260,TCGA-TS-A7P0-01A,TCGA-TS-A7P0-01A,1.0,0.0,0.0,0.0,0.0
9,11246618,-,9,11430426,-,MESO,5261,TCGA-TS-A7P0-01A,TCGA-TS-A7P0-01A,1.0,0.0,0.0,0.0,0.0
9,11302373,+,9,11494556,+,MESO,5262,TCGA-TS-A7P0-01A,TCGA-TS-A7P0-01A,1.0,0.0,0.0,0.0,0.0
9,11306674,+,9,11492925,+,MESO,5263,TCGA-TS-A7P0-01A,TCGA-TS-A7P0-01A,1.0,0.0,0.0,0.0,0.0
9,11426039,-,9,11491891,-,MESO,5264,TCGA-TS-A7P0-01A,TCGA-TS-A7P0-01A,1.0,0.0,0.0,0.0,0.0
9,11430250,+,12,30203044,-,MESO,5265,TCGA-TS-A7P0-01A,TCGA-TS-A7P0-01A,1.0,0.0,0.0,0.0,0.0
9,11430250,+,9,11695660,-,MESO,5266,TCGA-TS-A7P0-01A,TCGA-TS-A7P0-01A,1.0,0.0,0.0,0.0,0.0
9,11484430,-,9,11696341,+,MESO,5267,TCGA-TS-A7P0-01A,TCGA-TS-A7P0-01A,1.0,0.0,0.0,0.0,0.0
9,11491839,+,9,30015744,+,MESO,5268,TCGA-TS-A7P0-01A,TCGA-TS-A7P0-01A,1.0,0.0,0.0,0.0,0.0
9,11695659,-,12,30203360,+,MESO,5269,TCGA-TS-A7P0-01A,TCGA-TS-A7P0-01A,1.0,0.0,0.0,0.0,0.0
9,12004140,-,9,117130766,-,MESO,5270,TCGA-TS-A7P0-01A,TCGA-TS-A7P0-01A,1.0,0.0,0.0,0.0,0.0
9,21965311,+,9,21971205,-,MESO,5271,TCGA-TS-A7P0-01A,TCGA-TS-A7P0-01A,1.0,0.0,0.0,0.0,0.0
9,29994583,-,13,78555089,+,MESO,5272,TCGA-TS-A7P0-01A,TCGA-TS-A7P0-01A,1.0,0.0,0.0,0.0,0.0
9,31978433,-,12,29836493,+,MESO,5273,TCGA-TS-A7P0-01A,TCGA-TS-A7P0-01A,1.0,0.0,0.0,0.0,0.0
9,76691596,+,9,93952474,+,MESO,5274,TCGA-TS-A7P0-01A,TCGA-TS-A7P0-01A,1.0,0.0,0.0,0.0,0.0
9,76709290,-,9,93953371,-,MESO,5275,TCGA-TS-A7P0-01A,TCGA-TS-A7P0-01A,1.0,0.0,0.0,0.0,0.0
9,86581340,+,17,53328760,-,MESO,5276,TCGA-TS-A7P0-01A,TCGA-TS-A7P0-01A,1.0,0.0,0.0,0.0,0.0
9,88575249,+,9,91829511,-,MESO,5277,TCGA-TS-A7P0-01A,TCGA-TS-A7P0-01A,1.0,0.0,0.0,0.0,0.0
9,88576524,-,9,91838521,-,MESO,5278,TCGA-TS-A7P0-01A,TCGA-TS-A7P0-01A,1.0,0.0,0.0,0.0,0.0
9,88576951,+,9,91827612,+,MESO,5279,TCGA-TS-A7P0-01A,TCGA-TS-A7P0-01A,1.0,0.0,0.0,0.0,0.0
9,88577363,-,9,88589057,-,MESO,5280,TCGA-TS-A7P0-01A,TCGA-TS-A7P0-01A,1.0,0.0,0.0,0.0,0.0
9,88579251,+,9,91829262,+,MESO,5281,TCGA-TS-A7P0-01A,TCGA-TS-A7P0-01A,1.0,0.0,0.0,0.0,0.0
9,88585027,-,9,91838151,+,MESO,5282,TCGA-TS-A7P0-01A,TCGA-TS-A7P0-01A,1.0,0.0,0.0,0.0,0.0
9,88588801,+,9,91835132,-,MESO,5283,TCGA-TS-A7P0-01A,TCGA-TS-A7P0-01A,1.0,0.0,0.0,0.0,0.0
9,91828283,-,9,91835805,+,MESO,5284,TCGA-TS-A7P0-01A,TCGA-TS-A7P0-01A,1.0,0.0,0.0,0.0,0.0
9,91833425,+,9,91836660,-,MESO,5285,TCGA-TS-A7P0-01A,TCGA-TS-A7P0-01A,1.0,0.0,0.0,0.0,0.0
23,34409389,+,23,34763499,-,MESO,5286,TCGA-TS-A7P0-01A,TCGA-TS-A7P0-01A,1.0,0.0,0.0,0.0,0.0
23,86347099,+,23,86656509,+,MESO,5287,TCGA-TS-A7P0-01A,TCGA-TS-A7P0-01A,1.0,0.0,0.0,0.0,0.0
23,86653444,-,23,86656518,-,MESO,5288,TCGA-TS-A7P0-01A,TCGA-TS-A7P0-01A,1.0,0.0,0.0,0.0,0.0
23,104373781,+,23,104389360,-,MESO,5289,TCGA-TS-A7P0-01A,TCGA-TS-A7P0-01A,1.0,0.0,0.0,0.0,0.0
23,120767109,+,23,120767551,-,MESO,5290,TCGA-TS-A7P0-01A,TCGA-TS-A7P0-01A,1.0,0.0,0.0,0.0,0.0
1,11717693,+,8,60117872,-,MESO,5291,TCGA-TS-A7P3-01A,TCGA-TS-A7P3-01A,1.0,0.0,0.0,0.0,0.0
1,11923092,-,8,60115996,-,MESO,5292,TCGA-TS-A7P3-01A,TCGA-TS-A7P3-01A,1.0,0.0,0.0,0.0,0.0
1,34194391,+,8,50449628,-,MESO,5293,TCGA-TS-A7P3-01A,TCGA-TS-A7P3-01A,1.0,0.0,0.0,0.0,0.0
1,44747298,+,1,110922258,-,MESO,5294,TCGA-TS-A7P3-01A,TCGA-TS-A7P3-01A,1.0,0.0,0.0,0.0,0.0
1,60826196,+,1,61092420,-,MESO,5295,TCGA-TS-A7P3-01A,TCGA-TS-A7P3-01A,1.0,0.0,0.0,0.0,0.0
1,69456581,+,1,73888757,+,MESO,5296,TCGA-TS-A7P3-01A,TCGA-TS-A7P3-01A,1.0,0.0,0.0,0.0,0.0
1,69488252,-,1,73914288,-,MESO,5297,TCGA-TS-A7P3-01A,TCGA-TS-A7P3-01A,1.0,0.0,0.0,0.0,0.0
1,169625557,+,1,169653356,-,MESO,5298,TCGA-TS-A7P3-01A,TCGA-TS-A7P3-01A,1.0,0.0,0.0,0.0,0.0
11,59116753,+,11,90690895,-,MESO,5299,TCGA-TS-A7P3-01A,TCGA-TS-A7P3-01A,1.0,0.0,0.0,0.0,0.0
11,59787614,-,11,90714249,+,MESO,5300,TCGA-TS-A7P3-01A,TCGA-TS-A7P3-01A,1.0,0.0,0.0,0.0,0.0
11,90394140,+,11,90714883,-,MESO,5301,TCGA-TS-A7P3-01A,TCGA-TS-A7P3-01A,1.0,0.0,0.0,0.0,0.0
14,27696723,+,14,29429044,+,MESO,5302,TCGA-TS-A7P3-01A,TCGA-TS-A7P3-01A,1.0,0.0,0.0,0.0,0.0
14,28070335,-,18,68001800,-,MESO,5303,TCGA-TS-A7P3-01A,TCGA-TS-A7P3-01A,1.0,0.0,0.0,0.0,0.0
14,28086809,+,14,28827847,+,MESO,5304,TCGA-TS-A7P3-01A,TCGA-TS-A7P3-01A,1.0,0.0,0.0,0.0,0.0
14,28200055,-,18,67410433,+,MESO,5305,TCGA-TS-A7P3-01A,TCGA-TS-A7P3-01A,1.0,0.0,0.0,0.0,0.0
14,28203413,+,14,36911034,-,MESO,5306,TCGA-TS-A7P3-01A,TCGA-TS-A7P3-01A,1.0,0.0,0.0,0.0,0.0
14,28249366,-,14,28724634,-,MESO,5307,TCGA-TS-A7P3-01A,TCGA-TS-A7P3-01A,1.0,0.0,0.0,0.0,0.0
14,28263519,+,14,29573932,-,MESO,5308,TCGA-TS-A7P3-01A,TCGA-TS-A7P3-01A,1.0,0.0,0.0,0.0,0.0
14,28742643,+,18,68983412,-,MESO,5309,TCGA-TS-A7P3-01A,TCGA-TS-A7P3-01A,1.0,0.0,0.0,0.0,0.0
14,28754425,-,14,36927382,+,MESO,5310,TCGA-TS-A7P3-01A,TCGA-TS-A7P3-01A,1.0,0.0,0.0,0.0,0.0
14,29406243,-,18,69235891,+,MESO,5311,TCGA-TS-A7P3-01A,TCGA-TS-A7P3-01A,1.0,0.0,0.0,0.0,0.0
14,29406411,+,14,36933456,-,MESO,5312,TCGA-TS-A7P3-01A,TCGA-TS-A7P3-01A,1.0,0.0,0.0,0.0,0.0
14,29415064,-,14,36393698,+,MESO,5313,TCGA-TS-A7P3-01A,TCGA-TS-A7P3-01A,1.0,0.0,0.0,0.0,0.0
14,36927381,-,14,52551786,+,MESO,5314,TCGA-TS-A7P3-01A,TCGA-TS-A7P3-01A,1.0,0.0,0.0,0.0,0.0
14,36933428,-,18,69236079,+,MESO,5315,TCGA-TS-A7P3-01A,TCGA-TS-A7P3-01A,1.0,0.0,0.0,0.0,0.0
14,36933456,+,18,56967426,-,MESO,5316,TCGA-TS-A7P3-01A,TCGA-TS-A7P3-01A,1.0,0.0,0.0,0.0,0.0
14,36934275,+,14,52614164,-,MESO,5317,TCGA-TS-A7P3-01A,TCGA-TS-A7P3-01A,1.0,0.0,0.0,0.0,0.0
14,37166528,-,18,68009101,+,MESO,5318,TCGA-TS-A7P3-01A,TCGA-TS-A7P3-01A,1.0,0.0,0.0,0.0,0.0
14,39821880,+,18,68927788,-,MESO,5319,TCGA-TS-A7P3-01A,TCGA-TS-A7P3-01A,1.0,0.0,0.0,0.0,0.0
14,40119617,-,18,69227086,-,MESO,5320,TCGA-TS-A7P3-01A,TCGA-TS-A7P3-01A,1.0,0.0,0.0,0.0,0.0
14,52499684,+,20,38772435,-,MESO,5321,TCGA-TS-A7P3-01A,TCGA-TS-A7P3-01A,1.0,0.0,0.0,0.0,0.0
14,52538563,-,18,67872208,+,MESO,5322,TCGA-TS-A7P3-01A,TCGA-TS-A7P3-01A,1.0,0.0,0.0,0.0,0.0
14,52625453,+,18,68936032,+,MESO,5323,TCGA-TS-A7P3-01A,TCGA-TS-A7P3-01A,1.0,0.0,0.0,0.0,0.0
14,52729824,-,20,38094574,+,MESO,5324,TCGA-TS-A7P3-01A,TCGA-TS-A7P3-01A,1.0,0.0,0.0,0.0,0.0
15,32976126,+,15,53865813,+,MESO,5325,TCGA-TS-A7P3-01A,TCGA-TS-A7P3-01A,1.0,0.0,0.0,0.0,0.0
15,32993734,-,15,53895394,-,MESO,5326,TCGA-TS-A7P3-01A,TCGA-TS-A7P3-01A,1.0,0.0,0.0,0.0,0.0
16,2162230,+,16,2162756,-,MESO,5327,TCGA-TS-A7P3-01A,TCGA-TS-A7P3-01A,1.0,0.0,0.0,0.0,0.0
16,6784953,+,16,6911402,-,MESO,5328,TCGA-TS-A7P3-01A,TCGA-TS-A7P3-01A,1.0,0.0,0.0,0.0,0.0
18,13385723,+,18,14497645,-,MESO,5329,TCGA-TS-A7P3-01A,TCGA-TS-A7P3-01A,1.0,0.0,0.0,0.0,0.0
18,15636727,+,18,15745328,-,MESO,5330,TCGA-TS-A7P3-01A,TCGA-TS-A7P3-01A,1.0,0.0,0.0,0.0,0.0
18,48053689,+,18,48059616,-,MESO,5331,TCGA-TS-A7P3-01A,TCGA-TS-A7P3-01A,1.0,0.0,0.0,0.0,0.0
18,56534088,+,18,67889973,-,MESO,5332,TCGA-TS-A7P3-01A,TCGA-TS-A7P3-01A,1.0,0.0,0.0,0.0,0.0
18,67912435,+,18,69031867,+,MESO,5333,TCGA-TS-A7P3-01A,TCGA-TS-A7P3-01A,1.0,0.0,0.0,0.0,0.0
18,69022207,-,18,69678819,-,MESO,5334,TCGA-TS-A7P3-01A,TCGA-TS-A7P3-01A,1.0,0.0,0.0,0.0,0.0
19,13622042,+,19,22317943,+,MESO,5335,TCGA-TS-A7P3-01A,TCGA-TS-A7P3-01A,1.0,0.0,0.0,0.0,0.0
19,13632252,+,22,29620043,+,MESO,5336,TCGA-TS-A7P3-01A,TCGA-TS-A7P3-01A,1.0,0.0,0.0,0.0,0.0
19,13632254,-,19,21871515,+,MESO,5337,TCGA-TS-A7P3-01A,TCGA-TS-A7P3-01A,1.0,0.0,0.0,0.0,0.0
19,13637100,-,19,22427148,-,MESO,5338,TCGA-TS-A7P3-01A,TCGA-TS-A7P3-01A,1.0,0.0,0.0,0.0,0.0
19,21912429,-,19,22291246,+,MESO,5339,TCGA-TS-A7P3-01A,TCGA-TS-A7P3-01A,1.0,0.0,0.0,0.0,0.0
19,21924442,+,19,22735433,-,MESO,5340,TCGA-TS-A7P3-01A,TCGA-TS-A7P3-01A,1.0,0.0,0.0,0.0,0.0
19,22307348,-,19,22704584,+,MESO,5341,TCGA-TS-A7P3-01A,TCGA-TS-A7P3-01A,1.0,0.0,0.0,0.0,0.0
19,22443336,+,19,22669855,-,MESO,5342,TCGA-TS-A7P3-01A,TCGA-TS-A7P3-01A,1.0,0.0,0.0,0.0,0.0
19,22663103,+,19,22729239,+,MESO,5343,TCGA-TS-A7P3-01A,TCGA-TS-A7P3-01A,1.0,0.0,0.0,0.0,0.0
19,22724463,-,22,28274703,+,MESO,5344,TCGA-TS-A7P3-01A,TCGA-TS-A7P3-01A,1.0,0.0,0.0,0.0,0.0
20,14853023,+,20,15213725,-,MESO,5345,TCGA-TS-A7P3-01A,TCGA-TS-A7P3-01A,1.0,0.0,0.0,0.0,0.0
3,13002100,+,3,13710771,+,MESO,5346,TCGA-TS-A7P3-01A,TCGA-TS-A7P3-01A,1.0,0.0,0.0,0.0,0.0
3,13462866,-,3,19790800,-,MESO,5347,TCGA-TS-A7P3-01A,TCGA-TS-A7P3-01A,1.0,0.0,0.0,0.0,0.0
3,13710380,+,3,60148554,-,MESO,5348,TCGA-TS-A7P3-01A,TCGA-TS-A7P3-01A,1.0,0.0,0.0,0.0,0.0
3,13710403,-,3,18238378,+,MESO,5349,TCGA-TS-A7P3-01A,TCGA-TS-A7P3-01A,1.0,0.0,0.0,0.0,0.0
3,13761869,-,3,20479198,+,MESO,5350,TCGA-TS-A7P3-01A,TCGA-TS-A7P3-01A,1.0,0.0,0.0,0.0,0.0
3,13770885,+,3,35688329,+,MESO,5351,TCGA-TS-A7P3-01A,TCGA-TS-A7P3-01A,1.0,0.0,0.0,0.0,0.0
3,13797127,-,3,20473837,-,MESO,5352,TCGA-TS-A7P3-01A,TCGA-TS-A7P3-01A,1.0,0.0,0.0,0.0,0.0
3,13808425,+,3,90603472,-,MESO,5353,TCGA-TS-A7P3-01A,TCGA-TS-A7P3-01A,1.0,0.0,0.0,0.0,0.0
3,17830910,+,3,90429050,+,MESO,5354,TCGA-TS-A7P3-01A,TCGA-TS-A7P3-01A,1.0,0.0,0.0,0.0,0.0
3,18144379,-,3,35671950,+,MESO,5355,TCGA-TS-A7P3-01A,TCGA-TS-A7P3-01A,1.0,0.0,0.0,0.0,0.0
3,18430414,-,3,35960802,-,MESO,5356,TCGA-TS-A7P3-01A,TCGA-TS-A7P3-01A,1.0,0.0,0.0,0.0,0.0
3,18444765,+,3,90609162,+,MESO,5357,TCGA-TS-A7P3-01A,TCGA-TS-A7P3-01A,1.0,0.0,0.0,0.0,0.0
3,19353547,+,3,35678156,+,MESO,5358,TCGA-TS-A7P3-01A,TCGA-TS-A7P3-01A,1.0,0.0,0.0,0.0,0.0
3,19676709,-,3,98266670,+,MESO,5359,TCGA-TS-A7P3-01A,TCGA-TS-A7P3-01A,1.0,0.0,0.0,0.0,0.0
3,19865700,+,3,35861979,-,MESO,5360,TCGA-TS-A7P3-01A,TCGA-TS-A7P3-01A,1.0,0.0,0.0,0.0,0.0
3,19865714,-,3,35954973,+,MESO,5361,TCGA-TS-A7P3-01A,TCGA-TS-A7P3-01A,1.0,0.0,0.0,0.0,0.0
3,20366753,+,3,21299010,-,MESO,5362,TCGA-TS-A7P3-01A,TCGA-TS-A7P3-01A,1.0,0.0,0.0,0.0,0.0
3,20484914,-,3,98354582,-,MESO,5363,TCGA-TS-A7P3-01A,TCGA-TS-A7P3-01A,1.0,0.0,0.0,0.0,0.0
3,26063438,+,3,47019113,+,MESO,5364,TCGA-TS-A7P3-01A,TCGA-TS-A7P3-01A,1.0,0.0,0.0,0.0,0.0
3,26093668,-,3,47031548,-,MESO,5365,TCGA-TS-A7P3-01A,TCGA-TS-A7P3-01A,1.0,0.0,0.0,0.0,0.0
3,35672035,-,3,35966893,-,MESO,5366,TCGA-TS-A7P3-01A,TCGA-TS-A7P3-01A,1.0,0.0,0.0,0.0,0.0
3,35678165,-,3,98522343,-,MESO,5367,TCGA-TS-A7P3-01A,TCGA-TS-A7P3-01A,1.0,0.0,0.0,0.0,0.0
3,35956005,-,3,98354790,+,MESO,5368,TCGA-TS-A7P3-01A,TCGA-TS-A7P3-01A,1.0,0.0,0.0,0.0,0.0
3,35956202,+,3,90707482,-,MESO,5369,TCGA-TS-A7P3-01A,TCGA-TS-A7P3-01A,1.0,0.0,0.0,0.0,0.0
3,35963042,+,3,35970436,+,MESO,5370,TCGA-TS-A7P3-01A,TCGA-TS-A7P3-01A,1.0,0.0,0.0,0.0,0.0
3,90707483,-,3,98354790,+,MESO,5371,TCGA-TS-A7P3-01A,TCGA-TS-A7P3-01A,1.0,0.0,0.0,0.0,0.0
4,41070299,+,19,22427166,+,MESO,5372,TCGA-TS-A7P3-01A,TCGA-TS-A7P3-01A,1.0,0.0,0.0,0.0,0.0
4,41070319,-,22,29621917,-,MESO,5373,TCGA-TS-A7P3-01A,TCGA-TS-A7P3-01A,1.0,0.0,0.0,0.0,0.0
4,90763948,+,4,90847233,-,MESO,5374,TCGA-TS-A7P3-01A,TCGA-TS-A7P3-01A,1.0,0.0,0.0,0.0,0.0
4,97427534,+,4,98017738,-,MESO,5375,TCGA-TS-A7P3-01A,TCGA-TS-A7P3-01A,1.0,0.0,0.0,0.0,0.0
4,143338730,+,9,36326765,+,MESO,5376,TCGA-TS-A7P3-01A,TCGA-TS-A7P3-01A,1.0,0.0,0.0,0.0,0.0
5,75241477,-,14,103251655,+,MESO,5377,TCGA-TS-A7P3-01A,TCGA-TS-A7P3-01A,1.0,0.0,0.0,0.0,0.0
8,13845158,+,18,69022196,+,MESO,5378,TCGA-TS-A7P3-01A,TCGA-TS-A7P3-01A,1.0,0.0,0.0,0.0,0.0
8,14043872,-,18,68991422,+,MESO,5379,TCGA-TS-A7P3-01A,TCGA-TS-A7P3-01A,1.0,0.0,0.0,0.0,0.0
8,14073755,+,18,67851772,-,MESO,5380,TCGA-TS-A7P3-01A,TCGA-TS-A7P3-01A,1.0,0.0,0.0,0.0,0.0
8,14321296,-,18,69007404,-,MESO,5381,TCGA-TS-A7P3-01A,TCGA-TS-A7P3-01A,1.0,0.0,0.0,0.0,0.0
8,49301381,+,8,49516677,-,MESO,5382,TCGA-TS-A7P3-01A,TCGA-TS-A7P3-01A,1.0,0.0,0.0,0.0,0.0
8,49385510,-,8,60116879,+,MESO,5383,TCGA-TS-A7P3-01A,TCGA-TS-A7P3-01A,1.0,0.0,0.0,0.0,0.0
8,49426739,+,8,50234816,+,MESO,5384,TCGA-TS-A7P3-01A,TCGA-TS-A7P3-01A,1.0,0.0,0.0,0.0,0.0
8,50001237,+,8,60116878,-,MESO,5385,TCGA-TS-A7P3-01A,TCGA-TS-A7P3-01A,1.0,0.0,0.0,0.0,0.0
8,50210891,-,8,122137098,-,MESO,5386,TCGA-TS-A7P3-01A,TCGA-TS-A7P3-01A,1.0,0.0,0.0,0.0,0.0
8,50279950,-,8,60117856,+,MESO,5387,TCGA-TS-A7P3-01A,TCGA-TS-A7P3-01A,1.0,0.0,0.0,0.0,0.0
8,50291717,+,8,60110196,+,MESO,5388,TCGA-TS-A7P3-01A,TCGA-TS-A7P3-01A,1.0,0.0,0.0,0.0,0.0
8,60119347,+,8,60646095,-,MESO,5389,TCGA-TS-A7P3-01A,TCGA-TS-A7P3-01A,1.0,0.0,0.0,0.0,0.0
9,13980526,+,22,28457707,+,MESO,5390,TCGA-TS-A7P3-01A,TCGA-TS-A7P3-01A,1.0,0.0,0.0,0.0,0.0
9,14001639,-,19,22541809,-,MESO,5391,TCGA-TS-A7P3-01A,TCGA-TS-A7P3-01A,1.0,0.0,0.0,0.0,0.0
9,14168556,+,19,22554686,-,MESO,5392,TCGA-TS-A7P3-01A,TCGA-TS-A7P3-01A,1.0,0.0,0.0,0.0,0.0
9,14176325,-,19,13622111,-,MESO,5393,TCGA-TS-A7P3-01A,TCGA-TS-A7P3-01A,1.0,0.0,0.0,0.0,0.0
9,14191913,+,19,13637078,+,MESO,5394,TCGA-TS-A7P3-01A,TCGA-TS-A7P3-01A,1.0,0.0,0.0,0.0,0.0
9,14191929,-,22,28274708,-,MESO,5395,TCGA-TS-A7P3-01A,TCGA-TS-A7P3-01A,1.0,0.0,0.0,0.0,0.0
9,26639754,+,9,26898469,-,MESO,5396,TCGA-TS-A7P3-01A,TCGA-TS-A7P3-01A,1.0,0.0,0.0,0.0,0.0
24,15040726,+,24,15232198,-,MESO,5397,TCGA-TS-A7P3-01A,TCGA-TS-A7P3-01A,1.0,0.0,0.0,0.0,0.0
1,1844601,+,1,1849096,-,MESO,5398,TCGA-TS-A7P6-01A,TCGA-TS-A7P6-01A,1.0,0.0,0.0,0.0,0.0
1,23929298,-,15,45445341,-,MESO,5399,TCGA-TS-A7P6-01A,TCGA-TS-A7P6-01A,1.0,0.0,0.0,0.0,0.0
1,23930239,+,13,30576204,+,MESO,5400,TCGA-TS-A7P6-01A,TCGA-TS-A7P6-01A,1.0,0.0,0.0,0.0,0.0
1,23930249,-,13,30572615,-,MESO,5401,TCGA-TS-A7P6-01A,TCGA-TS-A7P6-01A,1.0,0.0,0.0,0.0,0.0
1,23931003,+,1,24024449,-,MESO,5402,TCGA-TS-A7P6-01A,TCGA-TS-A7P6-01A,1.0,0.0,0.0,0.0,0.0
1,32834215,+,1,32853611,-,MESO,5403,TCGA-TS-A7P6-01A,TCGA-TS-A7P6-01A,1.0,0.0,0.0,0.0,0.0
1,70791553,+,1,70792442,-,MESO,5404,TCGA-TS-A7P6-01A,TCGA-TS-A7P6-01A,1.0,0.0,0.0,0.0,0.0
1,147165079,+,1,147165837,-,MESO,5405,TCGA-TS-A7P6-01A,TCGA-TS-A7P6-01A,1.0,0.0,0.0,0.0,0.0
11,19989707,-,11,20006821,+,MESO,5406,TCGA-TS-A7P6-01A,TCGA-TS-A7P6-01A,1.0,0.0,0.0,0.0,0.0
11,52308091,-,11,52673540,+,MESO,5407,TCGA-TS-A7P6-01A,TCGA-TS-A7P6-01A,1.0,0.0,0.0,0.0,0.0
11,68642571,+,11,68643146,-,MESO,5408,TCGA-TS-A7P6-01A,TCGA-TS-A7P6-01A,1.0,0.0,0.0,0.0,0.0
11,129892919,+,11,129894152,-,MESO,5409,TCGA-TS-A7P6-01A,TCGA-TS-A7P6-01A,1.0,0.0,0.0,0.0,0.0
12,3067076,+,12,3223968,-,MESO,5410,TCGA-TS-A7P6-01A,TCGA-TS-A7P6-01A,1.0,0.0,0.0,0.0,0.0
12,34800251,+,12,34801514,-,MESO,5411,TCGA-TS-A7P6-01A,TCGA-TS-A7P6-01A,1.0,0.0,0.0,0.0,0.0
12,39348671,+,12,39875612,+,MESO,5412,TCGA-TS-A7P6-01A,TCGA-TS-A7P6-01A,1.0,0.0,0.0,0.0,0.0
12,39350900,-,12,39897368,-,MESO,5413,TCGA-TS-A7P6-01A,TCGA-TS-A7P6-01A,1.0,0.0,0.0,0.0,0.0
13,32123664,+,13,32203492,-,MESO,5414,TCGA-TS-A7P6-01A,TCGA-TS-A7P6-01A,1.0,0.0,0.0,0.0,0.0
13,32219497,+,13,32315504,-,MESO,5415,TCGA-TS-A7P6-01A,TCGA-TS-A7P6-01A,1.0,0.0,0.0,0.0,0.0
13,71531461,-,13,71531797,+,MESO,5416,TCGA-TS-A7P6-01A,TCGA-TS-A7P6-01A,1.0,0.0,0.0,0.0,0.0
14,86247751,+,14,86248845,-,MESO,5417,TCGA-TS-A7P6-01A,TCGA-TS-A7P6-01A,1.0,0.0,0.0,0.0,0.0
14,98613158,+,14,98615795,-,MESO,5418,TCGA-TS-A7P6-01A,TCGA-TS-A7P6-01A,1.0,0.0,0.0,0.0,0.0
15,55254305,-,15,55272601,+,MESO,5419,TCGA-TS-A7P6-01A,TCGA-TS-A7P6-01A,1.0,0.0,0.0,0.0,0.0
16,2541873,-,16,2659491,-,MESO,5420,TCGA-TS-A7P6-01A,TCGA-TS-A7P6-01A,1.0,0.0,0.0,0.0,0.0
16,3977906,-,16,4001938,+,MESO,5421,TCGA-TS-A7P6-01A,TCGA-TS-A7P6-01A,1.0,0.0,0.0,0.0,0.0
16,67145554,+,16,67261607,-,MESO,5422,TCGA-TS-A7P6-01A,TCGA-TS-A7P6-01A,1.0,0.0,0.0,0.0,0.0
16,83906006,-,16,83936202,+,MESO,5423,TCGA-TS-A7P6-01A,TCGA-TS-A7P6-01A,1.0,0.0,0.0,0.0,0.0
16,89283412,+,16,89285599,-,MESO,5424,TCGA-TS-A7P6-01A,TCGA-TS-A7P6-01A,1.0,0.0,0.0,0.0,0.0
17,11062604,+,17,11064881,-,MESO,5425,TCGA-TS-A7P6-01A,TCGA-TS-A7P6-01A,1.0,0.0,0.0,0.0,0.0
17,22929915,-,17,23176253,+,MESO,5426,TCGA-TS-A7P6-01A,TCGA-TS-A7P6-01A,1.0,0.0,0.0,0.0,0.0
17,52707051,+,17,52710472,-,MESO,5427,TCGA-TS-A7P6-01A,TCGA-TS-A7P6-01A,1.0,0.0,0.0,0.0,0.0
18,8218828,-,18,8229047,+,MESO,5428,TCGA-TS-A7P6-01A,TCGA-TS-A7P6-01A,1.0,0.0,0.0,0.0,0.0
19,55985216,+,19,55985910,-,MESO,5429,TCGA-TS-A7P6-01A,TCGA-TS-A7P6-01A,1.0,0.0,0.0,0.0,0.0
2,6796464,-,2,213264815,+,MESO,5430,TCGA-TS-A7P6-01A,TCGA-TS-A7P6-01A,1.0,0.0,0.0,0.0,0.0
2,14106683,+,2,14134967,-,MESO,5431,TCGA-TS-A7P6-01A,TCGA-TS-A7P6-01A,1.0,0.0,0.0,0.0,0.0
2,104255947,+,2,104261410,-,MESO,5432,TCGA-TS-A7P6-01A,TCGA-TS-A7P6-01A,1.0,0.0,0.0,0.0,0.0
2,143780259,+,2,143786834,-,MESO,5433,TCGA-TS-A7P6-01A,TCGA-TS-A7P6-01A,1.0,0.0,0.0,0.0,0.0
2,147777588,+,7,88110734,+,MESO,5434,TCGA-TS-A7P6-01A,TCGA-TS-A7P6-01A,1.0,0.0,0.0,0.0,0.0
2,180797313,-,2,196372842,-,MESO,5435,TCGA-TS-A7P6-01A,TCGA-TS-A7P6-01A,1.0,0.0,0.0,0.0,0.0
2,186888119,+,2,186888980,-,MESO,5436,TCGA-TS-A7P6-01A,TCGA-TS-A7P6-01A,1.0,0.0,0.0,0.0,0.0
2,197505798,+,2,197555516,-,MESO,5437,TCGA-TS-A7P6-01A,TCGA-TS-A7P6-01A,1.0,0.0,0.0,0.0,0.0
2,208664002,+,2,208691467,-,MESO,5438,TCGA-TS-A7P6-01A,TCGA-TS-A7P6-01A,1.0,0.0,0.0,0.0,0.0
2,211474596,-,2,211834374,+,MESO,5439,TCGA-TS-A7P6-01A,TCGA-TS-A7P6-01A,1.0,0.0,0.0,0.0,0.0
2,211534534,+,2,211538149,+,MESO,5440,TCGA-TS-A7P6-01A,TCGA-TS-A7P6-01A,1.0,0.0,0.0,0.0,0.0
2,211831612,-,2,211832492,-,MESO,5441,TCGA-TS-A7P6-01A,TCGA-TS-A7P6-01A,1.0,0.0,0.0,0.0,0.0
20,11911659,+,20,11916328,-,MESO,5442,TCGA-TS-A7P6-01A,TCGA-TS-A7P6-01A,1.0,0.0,0.0,0.0,0.0
20,16283937,+,20,16299700,-,MESO,5443,TCGA-TS-A7P6-01A,TCGA-TS-A7P6-01A,1.0,0.0,0.0,0.0,0.0
20,43095958,+,20,46111902,+,MESO,5444,TCGA-TS-A7P6-01A,TCGA-TS-A7P6-01A,1.0,0.0,0.0,0.0,0.0
22,29639119,+,22,29645176,-,MESO,5445,TCGA-TS-A7P6-01A,TCGA-TS-A7P6-01A,1.0,0.0,0.0,0.0,0.0
3,76656,+,10,6570049,-,MESO,5446,TCGA-TS-A7P6-01A,TCGA-TS-A7P6-01A,1.0,0.0,0.0,0.0,0.0
3,127606,-,10,58820,+,MESO,5447,TCGA-TS-A7P6-01A,TCGA-TS-A7P6-01A,1.0,0.0,0.0,0.0,0.0
3,5486805,+,3,5488025,-,MESO,5448,TCGA-TS-A7P6-01A,TCGA-TS-A7P6-01A,1.0,0.0,0.0,0.0,0.0
3,7246163,+,3,7513504,+,MESO,5449,TCGA-TS-A7P6-01A,TCGA-TS-A7P6-01A,1.0,0.0,0.0,0.0,0.0
3,7246198,-,3,7513524,-,MESO,5450,TCGA-TS-A7P6-01A,TCGA-TS-A7P6-01A,1.0,0.0,0.0,0.0,0.0
3,41535422,+,6,29566636,+,MESO,5451,TCGA-TS-A7P6-01A,TCGA-TS-A7P6-01A,1.0,0.0,0.0,0.0,0.0
3,41584408,-,6,29123956,+,MESO,5452,TCGA-TS-A7P6-01A,TCGA-TS-A7P6-01A,1.0,0.0,0.0,0.0,0.0
3,78673072,-,18,9823547,+,MESO,5453,TCGA-TS-A7P6-01A,TCGA-TS-A7P6-01A,1.0,0.0,0.0,0.0,0.0
3,78709536,+,18,9812825,-,MESO,5454,TCGA-TS-A7P6-01A,TCGA-TS-A7P6-01A,1.0,0.0,0.0,0.0,0.0
3,84948870,+,3,84955043,-,MESO,5455,TCGA-TS-A7P6-01A,TCGA-TS-A7P6-01A,1.0,0.0,0.0,0.0,0.0
3,125262998,+,3,125340271,+,MESO,5456,TCGA-TS-A7P6-01A,TCGA-TS-A7P6-01A,1.0,0.0,0.0,0.0,0.0
3,158998001,+,3,163129539,-,MESO,5457,TCGA-TS-A7P6-01A,TCGA-TS-A7P6-01A,1.0,0.0,0.0,0.0,0.0
4,37826872,+,19,5563308,-,MESO,5458,TCGA-TS-A7P6-01A,TCGA-TS-A7P6-01A,1.0,0.0,0.0,0.0,0.0
4,83998774,+,4,84017841,-,MESO,5459,TCGA-TS-A7P6-01A,TCGA-TS-A7P6-01A,1.0,0.0,0.0,0.0,0.0
4,114688125,+,4,154379957,+,MESO,5460,TCGA-TS-A7P6-01A,TCGA-TS-A7P6-01A,1.0,0.0,0.0,0.0,0.0
4,115563098,-,4,154384427,-,MESO,5461,TCGA-TS-A7P6-01A,TCGA-TS-A7P6-01A,1.0,0.0,0.0,0.0,0.0
5,28600867,+,5,28618047,-,MESO,5462,TCGA-TS-A7P6-01A,TCGA-TS-A7P6-01A,1.0,0.0,0.0,0.0,0.0
5,37033730,-,20,8417461,+,MESO,5463,TCGA-TS-A7P6-01A,TCGA-TS-A7P6-01A,1.0,0.0,0.0,0.0,0.0
5,40863289,-,5,40884962,+,MESO,5464,TCGA-TS-A7P6-01A,TCGA-TS-A7P6-01A,1.0,0.0,0.0,0.0,0.0
5,112331979,+,5,130826678,+,MESO,5465,TCGA-TS-A7P6-01A,TCGA-TS-A7P6-01A,1.0,0.0,0.0,0.0,0.0
5,112735110,-,5,130826863,-,MESO,5466,TCGA-TS-A7P6-01A,TCGA-TS-A7P6-01A,1.0,0.0,0.0,0.0,0.0
5,177086784,+,5,177088255,-,MESO,5467,TCGA-TS-A7P6-01A,TCGA-TS-A7P6-01A,1.0,0.0,0.0,0.0,0.0
6,28746987,+,6,29072090,-,MESO,5468,TCGA-TS-A7P6-01A,TCGA-TS-A7P6-01A,1.0,0.0,0.0,0.0,0.0
6,28792585,-,6,29174278,-,MESO,5469,TCGA-TS-A7P6-01A,TCGA-TS-A7P6-01A,1.0,0.0,0.0,0.0,0.0
6,29011623,+,6,29606340,-,MESO,5470,TCGA-TS-A7P6-01A,TCGA-TS-A7P6-01A,1.0,0.0,0.0,0.0,0.0
6,62007220,+,6,62009855,+,MESO,5471,TCGA-TS-A7P6-01A,TCGA-TS-A7P6-01A,1.0,0.0,0.0,0.0,0.0
6,62007224,-,6,62009037,-,MESO,5472,TCGA-TS-A7P6-01A,TCGA-TS-A7P6-01A,1.0,0.0,0.0,0.0,0.0
6,128776224,+,6,128779072,-,MESO,5473,TCGA-TS-A7P6-01A,TCGA-TS-A7P6-01A,1.0,0.0,0.0,0.0,0.0
7,32490740,+,7,32500974,-,MESO,5474,TCGA-TS-A7P6-01A,TCGA-TS-A7P6-01A,1.0,0.0,0.0,0.0,0.0
7,75435741,+,7,75437432,+,MESO,5475,TCGA-TS-A7P6-01A,TCGA-TS-A7P6-01A,1.0,0.0,0.0,0.0,0.0
8,46709613,-,8,51912277,-,MESO,5476,TCGA-TS-A7P6-01A,TCGA-TS-A7P6-01A,1.0,0.0,0.0,0.0,0.0
8,49282719,-,8,62478188,-,MESO,5477,TCGA-TS-A7P6-01A,TCGA-TS-A7P6-01A,1.0,0.0,0.0,0.0,0.0
8,50827310,+,8,84813154,-,MESO,5478,TCGA-TS-A7P6-01A,TCGA-TS-A7P6-01A,1.0,0.0,0.0,0.0,0.0
8,50992345,-,8,65619365,-,MESO,5479,TCGA-TS-A7P6-01A,TCGA-TS-A7P6-01A,1.0,0.0,0.0,0.0,0.0
8,51830454,+,8,85009422,+,MESO,5480,TCGA-TS-A7P6-01A,TCGA-TS-A7P6-01A,1.0,0.0,0.0,0.0,0.0
8,52331258,+,8,62487533,+,MESO,5481,TCGA-TS-A7P6-01A,TCGA-TS-A7P6-01A,1.0,0.0,0.0,0.0,0.0
8,52787152,+,8,113540025,+,MESO,5482,TCGA-TS-A7P6-01A,TCGA-TS-A7P6-01A,1.0,0.0,0.0,0.0,0.0
8,52876930,-,8,113626803,-,MESO,5483,TCGA-TS-A7P6-01A,TCGA-TS-A7P6-01A,1.0,0.0,0.0,0.0,0.0
8,62478174,+,8,103918683,-,MESO,5484,TCGA-TS-A7P6-01A,TCGA-TS-A7P6-01A,1.0,0.0,0.0,0.0,0.0
8,67520469,+,8,83276119,+,MESO,5485,TCGA-TS-A7P6-01A,TCGA-TS-A7P6-01A,1.0,0.0,0.0,0.0,0.0
8,67666733,-,8,137652472,+,MESO,5486,TCGA-TS-A7P6-01A,TCGA-TS-A7P6-01A,1.0,0.0,0.0,0.0,0.0
8,84348683,+,8,85026025,-,MESO,5487,TCGA-TS-A7P6-01A,TCGA-TS-A7P6-01A,1.0,0.0,0.0,0.0,0.0
8,114851169,+,8,114854239,-,MESO,5488,TCGA-TS-A7P6-01A,TCGA-TS-A7P6-01A,1.0,0.0,0.0,0.0,0.0
8,121765076,-,8,121765256,+,MESO,5489,TCGA-TS-A7P6-01A,TCGA-TS-A7P6-01A,1.0,0.0,0.0,0.0,0.0
9,15210829,+,9,15222022,-,MESO,5490,TCGA-TS-A7P6-01A,TCGA-TS-A7P6-01A,1.0,0.0,0.0,0.0,0.0
9,19457276,+,9,28187141,-,MESO,5491,TCGA-TS-A7P6-01A,TCGA-TS-A7P6-01A,1.0,0.0,0.0,0.0,0.0
9,19459288,-,9,22157224,+,MESO,5492,TCGA-TS-A7P6-01A,TCGA-TS-A7P6-01A,1.0,0.0,0.0,0.0,0.0
9,19809743,+,9,22157532,-,MESO,5493,TCGA-TS-A7P6-01A,TCGA-TS-A7P6-01A,1.0,0.0,0.0,0.0,0.0
9,20286136,-,9,28834146,-,MESO,5494,TCGA-TS-A7P6-01A,TCGA-TS-A7P6-01A,1.0,0.0,0.0,0.0,0.0
9,21887388,+,9,27748554,+,MESO,5495,TCGA-TS-A7P6-01A,TCGA-TS-A7P6-01A,1.0,0.0,0.0,0.0,0.0
9,22025099,-,9,28821848,+,MESO,5496,TCGA-TS-A7P6-01A,TCGA-TS-A7P6-01A,1.0,0.0,0.0,0.0,0.0
9,116528178,+,9,134988674,-,MESO,5497,TCGA-TS-A7P6-01A,TCGA-TS-A7P6-01A,1.0,0.0,0.0,0.0,0.0
9,128140971,-,9,128175390,+,MESO,5498,TCGA-TS-A7P6-01A,TCGA-TS-A7P6-01A,1.0,0.0,0.0,0.0,0.0
9,128851097,+,9,128858500,-,MESO,5499,TCGA-TS-A7P6-01A,TCGA-TS-A7P6-01A,1.0,0.0,0.0,0.0,0.0
23,90113955,+,23,90772159,+,MESO,5500,TCGA-TS-A7P6-01A,TCGA-TS-A7P6-01A,1.0,0.0,0.0,0.0,0.0
23,90150904,-,23,90806640,-,MESO,5501,TCGA-TS-A7P6-01A,TCGA-TS-A7P6-01A,1.0,0.0,0.0,0.0,0.0
1,4678750,+,1,13892806,-,MESO,5502,TCGA-TS-A7P7-01A,TCGA-TS-A7P7-01A,1.0,0.0,0.0,0.0,0.0
1,22335183,+,23,11533091,-,MESO,5503,TCGA-TS-A7P7-01A,TCGA-TS-A7P7-01A,1.0,0.0,0.0,0.0,0.0
1,22336603,-,23,11533067,+,MESO,5504,TCGA-TS-A7P7-01A,TCGA-TS-A7P7-01A,1.0,0.0,0.0,0.0,0.0
1,74425511,+,1,82551598,+,MESO,5505,TCGA-TS-A7P7-01A,TCGA-TS-A7P7-01A,1.0,0.0,0.0,0.0,0.0
1,78705554,-,1,79733967,+,MESO,5506,TCGA-TS-A7P7-01A,TCGA-TS-A7P7-01A,1.0,0.0,0.0,0.0,0.0
1,78824152,+,1,79733967,-,MESO,5507,TCGA-TS-A7P7-01A,TCGA-TS-A7P7-01A,1.0,0.0,0.0,0.0,0.0
1,78824195,-,1,83454663,-,MESO,5508,TCGA-TS-A7P7-01A,TCGA-TS-A7P7-01A,1.0,0.0,0.0,0.0,0.0
1,89399387,+,1,102188820,-,MESO,5509,TCGA-TS-A7P7-01A,TCGA-TS-A7P7-01A,1.0,0.0,0.0,0.0,0.0
1,91051728,-,4,123362600,-,MESO,5510,TCGA-TS-A7P7-01A,TCGA-TS-A7P7-01A,1.0,0.0,0.0,0.0,0.0
1,123029465,-,19,36551610,+,MESO,5511,TCGA-TS-A7P7-01A,TCGA-TS-A7P7-01A,1.0,0.0,0.0,0.0,0.0
1,216851526,+,9,114944576,+,MESO,5512,TCGA-TS-A7P7-01A,TCGA-TS-A7P7-01A,1.0,0.0,0.0,0.0,0.0
1,217423613,+,1,217978869,+,MESO,5513,TCGA-TS-A7P7-01A,TCGA-TS-A7P7-01A,1.0,0.0,0.0,0.0,0.0
1,217424909,-,1,217989068,-,MESO,5514,TCGA-TS-A7P7-01A,TCGA-TS-A7P7-01A,1.0,0.0,0.0,0.0,0.0
10,17152736,+,10,17158119,-,MESO,5515,TCGA-TS-A7P7-01A,TCGA-TS-A7P7-01A,1.0,0.0,0.0,0.0,0.0
10,23069684,+,10,23075848,-,MESO,5516,TCGA-TS-A7P7-01A,TCGA-TS-A7P7-01A,1.0,0.0,0.0,0.0,0.0
10,32602663,+,10,32743045,-,MESO,5517,TCGA-TS-A7P7-01A,TCGA-TS-A7P7-01A,1.0,0.0,0.0,0.0,0.0
10,32951645,+,10,56109413,+,MESO,5518,TCGA-TS-A7P7-01A,TCGA-TS-A7P7-01A,1.0,0.0,0.0,0.0,0.0
10,36104599,-,10,36278184,-,MESO,5519,TCGA-TS-A7P7-01A,TCGA-TS-A7P7-01A,1.0,0.0,0.0,0.0,0.0
10,36104600,-,10,36295705,+,MESO,5520,TCGA-TS-A7P7-01A,TCGA-TS-A7P7-01A,1.0,0.0,0.0,0.0,0.0
10,36277529,-,10,36277772,-,MESO,5521,TCGA-TS-A7P7-01A,TCGA-TS-A7P7-01A,1.0,0.0,0.0,0.0,0.0
10,36278361,+,10,36295705,+,MESO,5522,TCGA-TS-A7P7-01A,TCGA-TS-A7P7-01A,1.0,0.0,0.0,0.0,0.0
10,36295331,-,10,36295676,+,MESO,5523,TCGA-TS-A7P7-01A,TCGA-TS-A7P7-01A,1.0,0.0,0.0,0.0,0.0
10,81425883,+,10,81771277,-,MESO,5524,TCGA-TS-A7P7-01A,TCGA-TS-A7P7-01A,1.0,0.0,0.0,0.0,0.0
11,11533075,-,12,56516423,-,MESO,5525,TCGA-TS-A7P7-01A,TCGA-TS-A7P7-01A,1.0,0.0,0.0,0.0,0.0
11,16029353,+,11,16830656,-,MESO,5526,TCGA-TS-A7P7-01A,TCGA-TS-A7P7-01A,1.0,0.0,0.0,0.0,0.0
11,41975687,+,11,41978372,-,MESO,5527,TCGA-TS-A7P7-01A,TCGA-TS-A7P7-01A,1.0,0.0,0.0,0.0,0.0
11,51637604,-,11,53442626,+,MESO,5528,TCGA-TS-A7P7-01A,TCGA-TS-A7P7-01A,1.0,0.0,0.0,0.0,0.0
11,54364966,-,11,54407108,+,MESO,5529,TCGA-TS-A7P7-01A,TCGA-TS-A7P7-01A,1.0,0.0,0.0,0.0,0.0
11,58655086,+,11,58657326,-,MESO,5530,TCGA-TS-A7P7-01A,TCGA-TS-A7P7-01A,1.0,0.0,0.0,0.0,0.0
11,87479094,+,11,87486851,-,MESO,5531,TCGA-TS-A7P7-01A,TCGA-TS-A7P7-01A,1.0,0.0,0.0,0.0,0.0
12,33467448,-,12,33497756,+,MESO,5532,TCGA-TS-A7P7-01A,TCGA-TS-A7P7-01A,1.0,0.0,0.0,0.0,0.0
12,34877826,+,12,35589177,-,MESO,5533,TCGA-TS-A7P7-01A,TCGA-TS-A7P7-01A,1.0,0.0,0.0,0.0,0.0
12,36277784,+,12,36435065,-,MESO,5534,TCGA-TS-A7P7-01A,TCGA-TS-A7P7-01A,1.0,0.0,0.0,0.0,0.0
12,45882510,+,12,123029833,+,MESO,5535,TCGA-TS-A7P7-01A,TCGA-TS-A7P7-01A,1.0,0.0,0.0,0.0,0.0
12,45883078,-,12,106772953,-,MESO,5536,TCGA-TS-A7P7-01A,TCGA-TS-A7P7-01A,1.0,0.0,0.0,0.0,0.0
12,46964741,+,12,46965435,-,MESO,5537,TCGA-TS-A7P7-01A,TCGA-TS-A7P7-01A,1.0,0.0,0.0,0.0,0.0
12,46964741,-,12,101612737,-,MESO,5538,TCGA-TS-A7P7-01A,TCGA-TS-A7P7-01A,1.0,0.0,0.0,0.0,0.0
12,46965435,+,12,101049978,-,MESO,5539,TCGA-TS-A7P7-01A,TCGA-TS-A7P7-01A,1.0,0.0,0.0,0.0,0.0
12,47021152,+,12,122831096,+,MESO,5540,TCGA-TS-A7P7-01A,TCGA-TS-A7P7-01A,1.0,0.0,0.0,0.0,0.0
12,47021353,-,13,83447828,+,MESO,5541,TCGA-TS-A7P7-01A,TCGA-TS-A7P7-01A,1.0,0.0,0.0,0.0,0.0
12,47021354,-,12,101551907,+,MESO,5542,TCGA-TS-A7P7-01A,TCGA-TS-A7P7-01A,1.0,0.0,0.0,0.0,0.0
12,49198461,-,12,49204576,-,MESO,5543,TCGA-TS-A7P7-01A,TCGA-TS-A7P7-01A,1.0,0.0,0.0,0.0,0.0
12,72922938,+,12,72928057,+,MESO,5544,TCGA-TS-A7P7-01A,TCGA-TS-A7P7-01A,1.0,0.0,0.0,0.0,0.0
12,72924493,-,12,72926864,+,MESO,5545,TCGA-TS-A7P7-01A,TCGA-TS-A7P7-01A,1.0,0.0,0.0,0.0,0.0
12,72924948,+,12,72928358,-,MESO,5546,TCGA-TS-A7P7-01A,TCGA-TS-A7P7-01A,1.0,0.0,0.0,0.0,0.0
12,72925557,-,12,72926921,-,MESO,5547,TCGA-TS-A7P7-01A,TCGA-TS-A7P7-01A,1.0,0.0,0.0,0.0,0.0
12,101049980,+,12,105084538,+,MESO,5548,TCGA-TS-A7P7-01A,TCGA-TS-A7P7-01A,1.0,0.0,0.0,0.0,0.0
12,101551907,+,13,83447615,-,MESO,5549,TCGA-TS-A7P7-01A,TCGA-TS-A7P7-01A,1.0,0.0,0.0,0.0,0.0
12,103960900,+,12,106772954,+,MESO,5550,TCGA-TS-A7P7-01A,TCGA-TS-A7P7-01A,1.0,0.0,0.0,0.0,0.0
12,103961817,-,12,109493447,+,MESO,5551,TCGA-TS-A7P7-01A,TCGA-TS-A7P7-01A,1.0,0.0,0.0,0.0,0.0
12,104115493,+,12,104165357,+,MESO,5552,TCGA-TS-A7P7-01A,TCGA-TS-A7P7-01A,1.0,0.0,0.0,0.0,0.0
12,104116852,-,12,104165477,-,MESO,5553,TCGA-TS-A7P7-01A,TCGA-TS-A7P7-01A,1.0,0.0,0.0,0.0,0.0
12,104120230,+,12,104181635,-,MESO,5554,TCGA-TS-A7P7-01A,TCGA-TS-A7P7-01A,1.0,0.0,0.0,0.0,0.0
12,104120336,-,12,104168561,+,MESO,5555,TCGA-TS-A7P7-01A,TCGA-TS-A7P7-01A,1.0,0.0,0.0,0.0,0.0
12,105084545,-,12,122831104,-,MESO,5556,TCGA-TS-A7P7-01A,TCGA-TS-A7P7-01A,1.0,0.0,0.0,0.0,0.0
12,109493446,-,12,123029849,-,MESO,5557,TCGA-TS-A7P7-01A,TCGA-TS-A7P7-01A,1.0,0.0,0.0,0.0,0.0
12,111728331,+,12,111737548,-,MESO,5558,TCGA-TS-A7P7-01A,TCGA-TS-A7P7-01A,1.0,0.0,0.0,0.0,0.0
12,127229723,+,13,92779219,+,MESO,5559,TCGA-TS-A7P7-01A,TCGA-TS-A7P7-01A,1.0,0.0,0.0,0.0,0.0
13,16121433,+,20,29242590,+,MESO,5560,TCGA-TS-A7P7-01A,TCGA-TS-A7P7-01A,1.0,0.0,0.0,0.0,0.0
13,17155043,+,17,27910179,+,MESO,5561,TCGA-TS-A7P7-01A,TCGA-TS-A7P7-01A,1.0,0.0,0.0,0.0,0.0
13,92878750,-,13,93189479,+,MESO,5562,TCGA-TS-A7P7-01A,TCGA-TS-A7P7-01A,1.0,0.0,0.0,0.0,0.0
13,96654420,-,17,55029401,+,MESO,5563,TCGA-TS-A7P7-01A,TCGA-TS-A7P7-01A,1.0,0.0,0.0,0.0,0.0
13,96655814,+,13,96718277,-,MESO,5564,TCGA-TS-A7P7-01A,TCGA-TS-A7P7-01A,1.0,0.0,0.0,0.0,0.0
13,96656088,-,17,54386502,+,MESO,5565,TCGA-TS-A7P7-01A,TCGA-TS-A7P7-01A,1.0,0.0,0.0,0.0,0.0
13,96664307,-,22,17484794,-,MESO,5566,TCGA-TS-A7P7-01A,TCGA-TS-A7P7-01A,1.0,0.0,0.0,0.0,0.0
13,96705554,+,17,54946524,-,MESO,5567,TCGA-TS-A7P7-01A,TCGA-TS-A7P7-01A,1.0,0.0,0.0,0.0,0.0
13,96749301,+,17,55010288,+,MESO,5568,TCGA-TS-A7P7-01A,TCGA-TS-A7P7-01A,1.0,0.0,0.0,0.0,0.0
16,21267519,+,16,26780136,+,MESO,5569,TCGA-TS-A7P7-01A,TCGA-TS-A7P7-01A,1.0,0.0,0.0,0.0,0.0
16,26730180,-,16,26800280,-,MESO,5570,TCGA-TS-A7P7-01A,TCGA-TS-A7P7-01A,1.0,0.0,0.0,0.0,0.0
17,22896040,+,17,23137617,-,MESO,5571,TCGA-TS-A7P7-01A,TCGA-TS-A7P7-01A,1.0,0.0,0.0,0.0,0.0
17,43969774,-,22,16414829,-,MESO,5572,TCGA-TS-A7P7-01A,TCGA-TS-A7P7-01A,1.0,0.0,0.0,0.0,0.0
17,54912711,+,17,55010388,-,MESO,5573,TCGA-TS-A7P7-01A,TCGA-TS-A7P7-01A,1.0,0.0,0.0,0.0,0.0
17,55038492,-,22,16934964,+,MESO,5574,TCGA-TS-A7P7-01A,TCGA-TS-A7P7-01A,1.0,0.0,0.0,0.0,0.0
18,15573729,-,18,15679361,+,MESO,5575,TCGA-TS-A7P7-01A,TCGA-TS-A7P7-01A,1.0,0.0,0.0,0.0,0.0
19,14044772,+,19,14046019,+,MESO,5576,TCGA-TS-A7P7-01A,TCGA-TS-A7P7-01A,1.0,0.0,0.0,0.0,0.0
19,14045894,-,19,14046042,+,MESO,5577,TCGA-TS-A7P7-01A,TCGA-TS-A7P7-01A,1.0,0.0,0.0,0.0,0.0
19,16020589,+,19,20269703,+,MESO,5578,TCGA-TS-A7P7-01A,TCGA-TS-A7P7-01A,1.0,0.0,0.0,0.0,0.0
19,18583058,-,19,22317240,+,MESO,5579,TCGA-TS-A7P7-01A,TCGA-TS-A7P7-01A,1.0,0.0,0.0,0.0,0.0
19,19193030,+,19,19193282,-,MESO,5580,TCGA-TS-A7P7-01A,TCGA-TS-A7P7-01A,1.0,0.0,0.0,0.0,0.0
19,20237586,-,19,20269569,-,MESO,5581,TCGA-TS-A7P7-01A,TCGA-TS-A7P7-01A,1.0,0.0,0.0,0.0,0.0
19,20955309,+,19,23236736,+,MESO,5582,TCGA-TS-A7P7-01A,TCGA-TS-A7P7-01A,1.0,0.0,0.0,0.0,0.0
19,28395537,-,19,53027671,-,MESO,5583,TCGA-TS-A7P7-01A,TCGA-TS-A7P7-01A,1.0,0.0,0.0,0.0,0.0
19,35664112,+,19,50347791,-,MESO,5584,TCGA-TS-A7P7-01A,TCGA-TS-A7P7-01A,1.0,0.0,0.0,0.0,0.0
2,148847500,-,13,82450461,+,MESO,5585,TCGA-TS-A7P7-01A,TCGA-TS-A7P7-01A,1.0,0.0,0.0,0.0,0.0
2,148848076,+,13,82478252,-,MESO,5586,TCGA-TS-A7P7-01A,TCGA-TS-A7P7-01A,1.0,0.0,0.0,0.0,0.0
2,155331609,+,21,38692674,+,MESO,5587,TCGA-TS-A7P7-01A,TCGA-TS-A7P7-01A,1.0,0.0,0.0,0.0,0.0
2,194703185,-,5,69204022,+,MESO,5588,TCGA-TS-A7P7-01A,TCGA-TS-A7P7-01A,1.0,0.0,0.0,0.0,0.0
2,240637986,-,2,240671501,+,MESO,5589,TCGA-TS-A7P7-01A,TCGA-TS-A7P7-01A,1.0,0.0,0.0,0.0,0.0
20,29952208,+,20,29987031,-,MESO,5590,TCGA-TS-A7P7-01A,TCGA-TS-A7P7-01A,1.0,0.0,0.0,0.0,0.0
3,50061966,+,20,16840545,-,MESO,5591,TCGA-TS-A7P7-01A,TCGA-TS-A7P7-01A,1.0,0.0,0.0,0.0,0.0
3,54170609,+,3,54171338,-,MESO,5592,TCGA-TS-A7P7-01A,TCGA-TS-A7P7-01A,1.0,0.0,0.0,0.0,0.0
3,188760436,+,15,76510865,-,MESO,5593,TCGA-TS-A7P7-01A,TCGA-TS-A7P7-01A,1.0,0.0,0.0,0.0,0.0
4,62766625,+,4,62776244,-,MESO,5594,TCGA-TS-A7P7-01A,TCGA-TS-A7P7-01A,1.0,0.0,0.0,0.0,0.0
4,81253669,+,10,26527061,+,MESO,5595,TCGA-TS-A7P7-01A,TCGA-TS-A7P7-01A,1.0,0.0,0.0,0.0,0.0
4,118370166,+,4,118379382,-,MESO,5596,TCGA-TS-A7P7-01A,TCGA-TS-A7P7-01A,1.0,0.0,0.0,0.0,0.0
4,130841055,+,4,130847429,-,MESO,5597,TCGA-TS-A7P7-01A,TCGA-TS-A7P7-01A,1.0,0.0,0.0,0.0,0.0
4,163925676,+,4,163949716,-,MESO,5598,TCGA-TS-A7P7-01A,TCGA-TS-A7P7-01A,1.0,0.0,0.0,0.0,0.0
4,189189614,-,9,78142267,-,MESO,5599,TCGA-TS-A7P7-01A,TCGA-TS-A7P7-01A,1.0,0.0,0.0,0.0,0.0
5,46433348,-,5,46493247,-,MESO,5600,TCGA-TS-A7P7-01A,TCGA-TS-A7P7-01A,1.0,0.0,0.0,0.0,0.0
5,81686917,+,8,31813520,+,MESO,5601,TCGA-TS-A7P7-01A,TCGA-TS-A7P7-01A,1.0,0.0,0.0,0.0,0.0
5,168755396,-,23,13675449,-,MESO,5602,TCGA-TS-A7P7-01A,TCGA-TS-A7P7-01A,1.0,0.0,0.0,0.0,0.0
6,33788763,-,10,37315961,+,MESO,5603,TCGA-TS-A7P7-01A,TCGA-TS-A7P7-01A,1.0,0.0,0.0,0.0,0.0
6,37005781,-,10,103976390,-,MESO,5604,TCGA-TS-A7P7-01A,TCGA-TS-A7P7-01A,1.0,0.0,0.0,0.0,0.0
6,43286848,-,6,47293077,+,MESO,5605,TCGA-TS-A7P7-01A,TCGA-TS-A7P7-01A,1.0,0.0,0.0,0.0,0.0
6,44357875,+,10,120608132,+,MESO,5606,TCGA-TS-A7P7-01A,TCGA-TS-A7P7-01A,1.0,0.0,0.0,0.0,0.0
6,47293049,+,10,36267446,-,MESO,5607,TCGA-TS-A7P7-01A,TCGA-TS-A7P7-01A,1.0,0.0,0.0,0.0,0.0
6,61936662,+,10,80469902,+,MESO,5608,TCGA-TS-A7P7-01A,TCGA-TS-A7P7-01A,1.0,0.0,0.0,0.0,0.0
6,64125297,+,10,31050388,-,MESO,5609,TCGA-TS-A7P7-01A,TCGA-TS-A7P7-01A,1.0,0.0,0.0,0.0,0.0
7,114329735,+,7,114344056,-,MESO,5610,TCGA-TS-A7P7-01A,TCGA-TS-A7P7-01A,1.0,0.0,0.0,0.0,0.0
7,122033123,+,7,126347616,+,MESO,5611,TCGA-TS-A7P7-01A,TCGA-TS-A7P7-01A,1.0,0.0,0.0,0.0,0.0
7,122033340,-,7,126574593,-,MESO,5612,TCGA-TS-A7P7-01A,TCGA-TS-A7P7-01A,1.0,0.0,0.0,0.0,0.0
7,122235919,+,7,126324980,-,MESO,5613,TCGA-TS-A7P7-01A,TCGA-TS-A7P7-01A,1.0,0.0,0.0,0.0,0.0
7,122280679,-,7,126665140,-,MESO,5614,TCGA-TS-A7P7-01A,TCGA-TS-A7P7-01A,1.0,0.0,0.0,0.0,0.0
7,125983346,+,7,126464052,-,MESO,5615,TCGA-TS-A7P7-01A,TCGA-TS-A7P7-01A,1.0,0.0,0.0,0.0,0.0
7,126192555,-,7,126665112,+,MESO,5616,TCGA-TS-A7P7-01A,TCGA-TS-A7P7-01A,1.0,0.0,0.0,0.0,0.0
7,126204477,+,7,126542935,+,MESO,5617,TCGA-TS-A7P7-01A,TCGA-TS-A7P7-01A,1.0,0.0,0.0,0.0,0.0
8,14995782,+,8,16371330,-,MESO,5618,TCGA-TS-A7P7-01A,TCGA-TS-A7P7-01A,1.0,0.0,0.0,0.0,0.0
8,14995925,-,8,15037803,-,MESO,5619,TCGA-TS-A7P7-01A,TCGA-TS-A7P7-01A,1.0,0.0,0.0,0.0,0.0
8,14997240,+,8,16372387,+,MESO,5620,TCGA-TS-A7P7-01A,TCGA-TS-A7P7-01A,1.0,0.0,0.0,0.0,0.0
8,15120539,+,8,75398460,+,MESO,5621,TCGA-TS-A7P7-01A,TCGA-TS-A7P7-01A,1.0,0.0,0.0,0.0,0.0
8,15196913,-,8,75398365,-,MESO,5622,TCGA-TS-A7P7-01A,TCGA-TS-A7P7-01A,1.0,0.0,0.0,0.0,0.0
8,16355490,+,8,17129819,-,MESO,5623,TCGA-TS-A7P7-01A,TCGA-TS-A7P7-01A,1.0,0.0,0.0,0.0,0.0
8,33265046,+,8,34356310,-,MESO,5624,TCGA-TS-A7P7-01A,TCGA-TS-A7P7-01A,1.0,0.0,0.0,0.0,0.0
8,47028113,+,21,9076654,+,MESO,5625,TCGA-TS-A7P7-01A,TCGA-TS-A7P7-01A,1.0,0.0,0.0,0.0,0.0
8,77927294,+,8,77929161,-,MESO,5626,TCGA-TS-A7P7-01A,TCGA-TS-A7P7-01A,1.0,0.0,0.0,0.0,0.0
8,134843588,-,8,135408176,+,MESO,5627,TCGA-TS-A7P7-01A,TCGA-TS-A7P7-01A,1.0,0.0,0.0,0.0,0.0
9,19935860,+,9,20717051,-,MESO,5628,TCGA-TS-A7P7-01A,TCGA-TS-A7P7-01A,1.0,0.0,0.0,0.0,0.0
9,19935860,-,9,25962355,-,MESO,5629,TCGA-TS-A7P7-01A,TCGA-TS-A7P7-01A,1.0,0.0,0.0,0.0,0.0
9,19973959,+,23,50931412,+,MESO,5630,TCGA-TS-A7P7-01A,TCGA-TS-A7P7-01A,1.0,0.0,0.0,0.0,0.0
9,20128375,-,9,21173295,-,MESO,5631,TCGA-TS-A7P7-01A,TCGA-TS-A7P7-01A,1.0,0.0,0.0,0.0,0.0
9,20128706,+,9,28103495,+,MESO,5632,TCGA-TS-A7P7-01A,TCGA-TS-A7P7-01A,1.0,0.0,0.0,0.0,0.0
9,20242758,-,9,22001813,+,MESO,5633,TCGA-TS-A7P7-01A,TCGA-TS-A7P7-01A,1.0,0.0,0.0,0.0,0.0
9,20251489,+,9,27384906,+,MESO,5634,TCGA-TS-A7P7-01A,TCGA-TS-A7P7-01A,1.0,0.0,0.0,0.0,0.0
9,20759413,+,23,50693668,-,MESO,5635,TCGA-TS-A7P7-01A,TCGA-TS-A7P7-01A,1.0,0.0,0.0,0.0,0.0
9,21081577,-,23,50447603,+,MESO,5636,TCGA-TS-A7P7-01A,TCGA-TS-A7P7-01A,1.0,0.0,0.0,0.0,0.0
9,21084008,+,9,21420486,-,MESO,5637,TCGA-TS-A7P7-01A,TCGA-TS-A7P7-01A,1.0,0.0,0.0,0.0,0.0
9,21091484,-,9,21420462,+,MESO,5638,TCGA-TS-A7P7-01A,TCGA-TS-A7P7-01A,1.0,0.0,0.0,0.0,0.0
9,21173298,+,9,27862328,+,MESO,5639,TCGA-TS-A7P7-01A,TCGA-TS-A7P7-01A,1.0,0.0,0.0,0.0,0.0
9,21221296,+,9,27796772,-,MESO,5640,TCGA-TS-A7P7-01A,TCGA-TS-A7P7-01A,1.0,0.0,0.0,0.0,0.0
9,21291445,+,23,50101183,+,MESO,5641,TCGA-TS-A7P7-01A,TCGA-TS-A7P7-01A,1.0,0.0,0.0,0.0,0.0
9,21291459,-,23,50115602,-,MESO,5642,TCGA-TS-A7P7-01A,TCGA-TS-A7P7-01A,1.0,0.0,0.0,0.0,0.0
9,21452470,+,23,49925973,+,MESO,5643,TCGA-TS-A7P7-01A,TCGA-TS-A7P7-01A,1.0,0.0,0.0,0.0,0.0
9,21476824,-,9,27376145,-,MESO,5644,TCGA-TS-A7P7-01A,TCGA-TS-A7P7-01A,1.0,0.0,0.0,0.0,0.0
9,21494971,+,23,50341514,+,MESO,5645,TCGA-TS-A7P7-01A,TCGA-TS-A7P7-01A,1.0,0.0,0.0,0.0,0.0
9,21495794,+,9,22003538,+,MESO,5646,TCGA-TS-A7P7-01A,TCGA-TS-A7P7-01A,1.0,0.0,0.0,0.0,0.0
9,21668269,-,23,50447610,-,MESO,5647,TCGA-TS-A7P7-01A,TCGA-TS-A7P7-01A,1.0,0.0,0.0,0.0,0.0
9,21687910,+,23,50101189,-,MESO,5648,TCGA-TS-A7P7-01A,TCGA-TS-A7P7-01A,1.0,0.0,0.0,0.0,0.0
9,21687941,-,23,50927889,+,MESO,5649,TCGA-TS-A7P7-01A,TCGA-TS-A7P7-01A,1.0,0.0,0.0,0.0,0.0
9,21702972,+,9,26097220,-,MESO,5650,TCGA-TS-A7P7-01A,TCGA-TS-A7P7-01A,1.0,0.0,0.0,0.0,0.0
9,21703016,-,9,25958367,-,MESO,5651,TCGA-TS-A7P7-01A,TCGA-TS-A7P7-01A,1.0,0.0,0.0,0.0,0.0
9,21717702,+,9,22030138,+,MESO,5652,TCGA-TS-A7P7-01A,TCGA-TS-A7P7-01A,1.0,0.0,0.0,0.0,0.0
9,21980630,-,23,51556174,-,MESO,5653,TCGA-TS-A7P7-01A,TCGA-TS-A7P7-01A,1.0,0.0,0.0,0.0,0.0
9,22001831,-,9,27252936,+,MESO,5654,TCGA-TS-A7P7-01A,TCGA-TS-A7P7-01A,1.0,0.0,0.0,0.0,0.0
9,22008552,-,23,50968013,+,MESO,5655,TCGA-TS-A7P7-01A,TCGA-TS-A7P7-01A,1.0,0.0,0.0,0.0,0.0
9,22030177,-,9,27239504,-,MESO,5656,TCGA-TS-A7P7-01A,TCGA-TS-A7P7-01A,1.0,0.0,0.0,0.0,0.0
9,22032672,+,9,25973860,+,MESO,5657,TCGA-TS-A7P7-01A,TCGA-TS-A7P7-01A,1.0,0.0,0.0,0.0,0.0
9,24781268,-,23,50927946,-,MESO,5658,TCGA-TS-A7P7-01A,TCGA-TS-A7P7-01A,1.0,0.0,0.0,0.0,0.0
9,25958129,+,23,50100314,+,MESO,5659,TCGA-TS-A7P7-01A,TCGA-TS-A7P7-01A,1.0,0.0,0.0,0.0,0.0
9,25962222,+,23,49926024,-,MESO,5660,TCGA-TS-A7P7-01A,TCGA-TS-A7P7-01A,1.0,0.0,0.0,0.0,0.0
9,26351691,-,23,50710907,+,MESO,5661,TCGA-TS-A7P7-01A,TCGA-TS-A7P7-01A,1.0,0.0,0.0,0.0,0.0
9,26381344,+,23,50100343,-,MESO,5662,TCGA-TS-A7P7-01A,TCGA-TS-A7P7-01A,1.0,0.0,0.0,0.0,0.0
9,27702127,-,23,50498502,+,MESO,5663,TCGA-TS-A7P7-01A,TCGA-TS-A7P7-01A,1.0,0.0,0.0,0.0,0.0
9,27945591,-,9,28681457,-,MESO,5664,TCGA-TS-A7P7-01A,TCGA-TS-A7P7-01A,1.0,0.0,0.0,0.0,0.0
9,30043919,+,9,30447357,-,MESO,5665,TCGA-TS-A7P7-01A,TCGA-TS-A7P7-01A,1.0,0.0,0.0,0.0,0.0
9,30044137,-,9,30385632,-,MESO,5666,TCGA-TS-A7P7-01A,TCGA-TS-A7P7-01A,1.0,0.0,0.0,0.0,0.0
9,30447253,+,20,30217207,-,MESO,5667,TCGA-TS-A7P7-01A,TCGA-TS-A7P7-01A,1.0,0.0,0.0,0.0,0.0
9,73724093,+,9,73731906,-,MESO,5668,TCGA-TS-A7P7-01A,TCGA-TS-A7P7-01A,1.0,0.0,0.0,0.0,0.0
9,85849821,+,9,85857799,+,MESO,5669,TCGA-TS-A7P7-01A,TCGA-TS-A7P7-01A,1.0,0.0,0.0,0.0,0.0
9,85849885,-,9,85860124,-,MESO,5670,TCGA-TS-A7P7-01A,TCGA-TS-A7P7-01A,1.0,0.0,0.0,0.0,0.0
9,85868438,+,9,85876003,-,MESO,5671,TCGA-TS-A7P7-01A,TCGA-TS-A7P7-01A,1.0,0.0,0.0,0.0,0.0
23,49712424,+,23,49925109,-,MESO,5672,TCGA-TS-A7P7-01A,TCGA-TS-A7P7-01A,1.0,0.0,0.0,0.0,0.0
23,50115468,+,23,50477806,-,MESO,5673,TCGA-TS-A7P7-01A,TCGA-TS-A7P7-01A,1.0,0.0,0.0,0.0,0.0
23,50116766,+,23,50348905,-,MESO,5674,TCGA-TS-A7P7-01A,TCGA-TS-A7P7-01A,1.0,0.0,0.0,0.0,0.0
23,50340458,-,23,50903458,-,MESO,5675,TCGA-TS-A7P7-01A,TCGA-TS-A7P7-01A,1.0,0.0,0.0,0.0,0.0
23,50472006,+,23,50931461,-,MESO,5676,TCGA-TS-A7P7-01A,TCGA-TS-A7P7-01A,1.0,0.0,0.0,0.0,0.0
1,48767977,+,1,49225858,+,MESO,5677,TCGA-TS-A7P8-01A,TCGA-TS-A7P8-01A,1.0,0.0,0.0,0.0,0.0
1,48985727,-,1,210589025,+,MESO,5678,TCGA-TS-A7P8-01A,TCGA-TS-A7P8-01A,1.0,0.0,0.0,0.0,0.0
1,49219154,+,1,49934554,-,MESO,5679,TCGA-TS-A7P8-01A,TCGA-TS-A7P8-01A,1.0,0.0,0.0,0.0,0.0
1,95800493,-,7,114891339,-,MESO,5680,TCGA-TS-A7P8-01A,TCGA-TS-A7P8-01A,1.0,0.0,0.0,0.0,0.0
1,106058113,+,1,213716698,+,MESO,5681,TCGA-TS-A7P8-01A,TCGA-TS-A7P8-01A,1.0,0.0,0.0,0.0,0.0
1,107034522,-,1,213457309,-,MESO,5682,TCGA-TS-A7P8-01A,TCGA-TS-A7P8-01A,1.0,0.0,0.0,0.0,0.0
1,160448337,+,4,123095043,+,MESO,5683,TCGA-TS-A7P8-01A,TCGA-TS-A7P8-01A,1.0,0.0,0.0,0.0,0.0
1,213457825,+,7,115405426,+,MESO,5684,TCGA-TS-A7P8-01A,TCGA-TS-A7P8-01A,1.0,0.0,0.0,0.0,0.0
1,213585702,+,1,214089461,-,MESO,5685,TCGA-TS-A7P8-01A,TCGA-TS-A7P8-01A,1.0,0.0,0.0,0.0,0.0
1,213641686,-,7,115676042,-,MESO,5686,TCGA-TS-A7P8-01A,TCGA-TS-A7P8-01A,1.0,0.0,0.0,0.0,0.0
1,213787677,-,7,114270474,+,MESO,5687,TCGA-TS-A7P8-01A,TCGA-TS-A7P8-01A,1.0,0.0,0.0,0.0,0.0
1,213787867,+,7,114359801,+,MESO,5688,TCGA-TS-A7P8-01A,TCGA-TS-A7P8-01A,1.0,0.0,0.0,0.0,0.0
1,242276134,+,10,38322203,+,MESO,5689,TCGA-TS-A7P8-01A,TCGA-TS-A7P8-01A,1.0,0.0,0.0,0.0,0.0
1,246945152,-,14,100260938,+,MESO,5690,TCGA-TS-A7P8-01A,TCGA-TS-A7P8-01A,1.0,0.0,0.0,0.0,0.0
10,4142252,+,10,4154539,-,MESO,5691,TCGA-TS-A7P8-01A,TCGA-TS-A7P8-01A,1.0,0.0,0.0,0.0,0.0
10,74595392,+,18,33065861,-,MESO,5692,TCGA-TS-A7P8-01A,TCGA-TS-A7P8-01A,1.0,0.0,0.0,0.0,0.0
10,87863565,+,10,87867426,+,MESO,5693,TCGA-TS-A7P8-01A,TCGA-TS-A7P8-01A,1.0,0.0,0.0,0.0,0.0
10,87866612,-,10,87867495,-,MESO,5694,TCGA-TS-A7P8-01A,TCGA-TS-A7P8-01A,1.0,0.0,0.0,0.0,0.0
11,13604418,-,11,14180270,-,MESO,5695,TCGA-TS-A7P8-01A,TCGA-TS-A7P8-01A,1.0,0.0,0.0,0.0,0.0
11,51728672,+,11,53495513,-,MESO,5696,TCGA-TS-A7P8-01A,TCGA-TS-A7P8-01A,1.0,0.0,0.0,0.0,0.0
11,53554546,-,11,53882376,+,MESO,5697,TCGA-TS-A7P8-01A,TCGA-TS-A7P8-01A,1.0,0.0,0.0,0.0,0.0
11,54351877,+,11,54359892,-,MESO,5698,TCGA-TS-A7P8-01A,TCGA-TS-A7P8-01A,1.0,0.0,0.0,0.0,0.0
11,54353353,-,11,54407658,+,MESO,5699,TCGA-TS-A7P8-01A,TCGA-TS-A7P8-01A,1.0,0.0,0.0,0.0,0.0
11,54387749,+,11,54402145,-,MESO,5700,TCGA-TS-A7P8-01A,TCGA-TS-A7P8-01A,1.0,0.0,0.0,0.0,0.0
12,5940617,+,22,28669716,+,MESO,5701,TCGA-TS-A7P8-01A,TCGA-TS-A7P8-01A,1.0,0.0,0.0,0.0,0.0
12,11446961,-,14,31931513,-,MESO,5702,TCGA-TS-A7P8-01A,TCGA-TS-A7P8-01A,1.0,0.0,0.0,0.0,0.0
12,22079782,-,12,127655752,-,MESO,5703,TCGA-TS-A7P8-01A,TCGA-TS-A7P8-01A,1.0,0.0,0.0,0.0,0.0
12,125835885,+,12,125837540,-,MESO,5704,TCGA-TS-A7P8-01A,TCGA-TS-A7P8-01A,1.0,0.0,0.0,0.0,0.0
13,16259104,-,20,28780581,-,MESO,5705,TCGA-TS-A7P8-01A,TCGA-TS-A7P8-01A,1.0,0.0,0.0,0.0,0.0
13,16279156,-,21,7238801,+,MESO,5706,TCGA-TS-A7P8-01A,TCGA-TS-A7P8-01A,1.0,0.0,0.0,0.0,0.0
13,30865085,+,13,105016468,-,MESO,5707,TCGA-TS-A7P8-01A,TCGA-TS-A7P8-01A,1.0,0.0,0.0,0.0,0.0
14,70933080,+,14,70942974,-,MESO,5708,TCGA-TS-A7P8-01A,TCGA-TS-A7P8-01A,1.0,0.0,0.0,0.0,0.0
14,105864257,+,14,106268605,-,MESO,5709,TCGA-TS-A7P8-01A,TCGA-TS-A7P8-01A,1.0,0.0,0.0,0.0,0.0
15,24243684,-,15,24384027,+,MESO,5710,TCGA-TS-A7P8-01A,TCGA-TS-A7P8-01A,1.0,0.0,0.0,0.0,0.0
15,33500991,+,15,33532490,-,MESO,5711,TCGA-TS-A7P8-01A,TCGA-TS-A7P8-01A,1.0,0.0,0.0,0.0,0.0
15,33514185,-,15,33534483,+,MESO,5712,TCGA-TS-A7P8-01A,TCGA-TS-A7P8-01A,1.0,0.0,0.0,0.0,0.0
15,33521208,+,15,34087661,+,MESO,5713,TCGA-TS-A7P8-01A,TCGA-TS-A7P8-01A,1.0,0.0,0.0,0.0,0.0
15,33521229,-,15,33538495,-,MESO,5714,TCGA-TS-A7P8-01A,TCGA-TS-A7P8-01A,1.0,0.0,0.0,0.0,0.0
15,33524704,+,15,42741208,-,MESO,5715,TCGA-TS-A7P8-01A,TCGA-TS-A7P8-01A,1.0,0.0,0.0,0.0,0.0
15,33524730,-,15,34068612,-,MESO,5716,TCGA-TS-A7P8-01A,TCGA-TS-A7P8-01A,1.0,0.0,0.0,0.0,0.0
15,33525895,+,15,33533324,-,MESO,5717,TCGA-TS-A7P8-01A,TCGA-TS-A7P8-01A,1.0,0.0,0.0,0.0,0.0
15,33526529,+,15,42741107,+,MESO,5718,TCGA-TS-A7P8-01A,TCGA-TS-A7P8-01A,1.0,0.0,0.0,0.0,0.0
15,33526566,-,15,34070650,+,MESO,5719,TCGA-TS-A7P8-01A,TCGA-TS-A7P8-01A,1.0,0.0,0.0,0.0,0.0
15,33531351,-,15,33579681,-,MESO,5720,TCGA-TS-A7P8-01A,TCGA-TS-A7P8-01A,1.0,0.0,0.0,0.0,0.0
15,33531609,+,15,33538443,+,MESO,5721,TCGA-TS-A7P8-01A,TCGA-TS-A7P8-01A,1.0,0.0,0.0,0.0,0.0
15,33535577,-,15,33538300,-,MESO,5722,TCGA-TS-A7P8-01A,TCGA-TS-A7P8-01A,1.0,0.0,0.0,0.0,0.0
15,33547099,+,15,42718237,-,MESO,5723,TCGA-TS-A7P8-01A,TCGA-TS-A7P8-01A,1.0,0.0,0.0,0.0,0.0
15,33547151,-,15,34084188,-,MESO,5724,TCGA-TS-A7P8-01A,TCGA-TS-A7P8-01A,1.0,0.0,0.0,0.0,0.0
15,33579660,+,15,34070890,-,MESO,5725,TCGA-TS-A7P8-01A,TCGA-TS-A7P8-01A,1.0,0.0,0.0,0.0,0.0
15,34068515,+,15,42731896,+,MESO,5726,TCGA-TS-A7P8-01A,TCGA-TS-A7P8-01A,1.0,0.0,0.0,0.0,0.0
15,34083879,+,15,42736423,-,MESO,5727,TCGA-TS-A7P8-01A,TCGA-TS-A7P8-01A,1.0,0.0,0.0,0.0,0.0
15,74421545,+,15,74432153,-,MESO,5728,TCGA-TS-A7P8-01A,TCGA-TS-A7P8-01A,1.0,0.0,0.0,0.0,0.0
16,5459880,+,16,5554134,-,MESO,5729,TCGA-TS-A7P8-01A,TCGA-TS-A7P8-01A,1.0,0.0,0.0,0.0,0.0
16,37725564,-,16,37915602,+,MESO,5730,TCGA-TS-A7P8-01A,TCGA-TS-A7P8-01A,1.0,0.0,0.0,0.0,0.0
17,22356866,+,22,16765820,+,MESO,5731,TCGA-TS-A7P8-01A,TCGA-TS-A7P8-01A,1.0,0.0,0.0,0.0,0.0
19,36042196,+,19,36048901,-,MESO,5732,TCGA-TS-A7P8-01A,TCGA-TS-A7P8-01A,1.0,0.0,0.0,0.0,0.0
19,41555514,-,22,28669842,+,MESO,5733,TCGA-TS-A7P8-01A,TCGA-TS-A7P8-01A,1.0,0.0,0.0,0.0,0.0
2,39280560,+,2,39316541,-,MESO,5734,TCGA-TS-A7P8-01A,TCGA-TS-A7P8-01A,1.0,0.0,0.0,0.0,0.0
2,92376453,-,2,94066486,+,MESO,5735,TCGA-TS-A7P8-01A,TCGA-TS-A7P8-01A,1.0,0.0,0.0,0.0,0.0
2,95421048,+,2,95655721,+,MESO,5736,TCGA-TS-A7P8-01A,TCGA-TS-A7P8-01A,1.0,0.0,0.0,0.0,0.0
2,110357518,-,2,127700318,+,MESO,5737,TCGA-TS-A7P8-01A,TCGA-TS-A7P8-01A,1.0,0.0,0.0,0.0,0.0
2,110358398,+,2,117998911,-,MESO,5738,TCGA-TS-A7P8-01A,TCGA-TS-A7P8-01A,1.0,0.0,0.0,0.0,0.0
2,118017744,-,2,198739129,+,MESO,5739,TCGA-TS-A7P8-01A,TCGA-TS-A7P8-01A,1.0,0.0,0.0,0.0,0.0
2,124274677,+,4,148805427,+,MESO,5740,TCGA-TS-A7P8-01A,TCGA-TS-A7P8-01A,1.0,0.0,0.0,0.0,0.0
2,124436393,+,2,194316648,-,MESO,5741,TCGA-TS-A7P8-01A,TCGA-TS-A7P8-01A,1.0,0.0,0.0,0.0,0.0
2,125209754,-,4,8256636,+,MESO,5742,TCGA-TS-A7P8-01A,TCGA-TS-A7P8-01A,1.0,0.0,0.0,0.0,0.0
2,125212043,+,2,199036808,+,MESO,5743,TCGA-TS-A7P8-01A,TCGA-TS-A7P8-01A,1.0,0.0,0.0,0.0,0.0
2,126100183,-,2,127714466,-,MESO,5744,TCGA-TS-A7P8-01A,TCGA-TS-A7P8-01A,1.0,0.0,0.0,0.0,0.0
2,142158220,+,3,141071539,-,MESO,5745,TCGA-TS-A7P8-01A,TCGA-TS-A7P8-01A,1.0,0.0,0.0,0.0,0.0
2,189697076,-,2,197220352,-,MESO,5746,TCGA-TS-A7P8-01A,TCGA-TS-A7P8-01A,1.0,0.0,0.0,0.0,0.0
2,190658288,-,2,199151413,+,MESO,5747,TCGA-TS-A7P8-01A,TCGA-TS-A7P8-01A,1.0,0.0,0.0,0.0,0.0
2,190998922,+,2,194345117,-,MESO,5748,TCGA-TS-A7P8-01A,TCGA-TS-A7P8-01A,1.0,0.0,0.0,0.0,0.0
2,191795237,+,4,25294041,+,MESO,5749,TCGA-TS-A7P8-01A,TCGA-TS-A7P8-01A,1.0,0.0,0.0,0.0,0.0
2,194356931,+,4,24931023,-,MESO,5750,TCGA-TS-A7P8-01A,TCGA-TS-A7P8-01A,1.0,0.0,0.0,0.0,0.0
2,194372514,-,2,199149714,-,MESO,5751,TCGA-TS-A7P8-01A,TCGA-TS-A7P8-01A,1.0,0.0,0.0,0.0,0.0
2,194388255,+,2,198807347,-,MESO,5752,TCGA-TS-A7P8-01A,TCGA-TS-A7P8-01A,1.0,0.0,0.0,0.0,0.0
2,194413958,-,4,25345425,+,MESO,5753,TCGA-TS-A7P8-01A,TCGA-TS-A7P8-01A,1.0,0.0,0.0,0.0,0.0
2,194415937,+,4,24931712,+,MESO,5754,TCGA-TS-A7P8-01A,TCGA-TS-A7P8-01A,1.0,0.0,0.0,0.0,0.0
2,197186601,-,19,32954844,+,MESO,5755,TCGA-TS-A7P8-01A,TCGA-TS-A7P8-01A,1.0,0.0,0.0,0.0,0.0
2,226913280,+,2,227057468,-,MESO,5756,TCGA-TS-A7P8-01A,TCGA-TS-A7P8-01A,1.0,0.0,0.0,0.0,0.0
20,25900089,+,20,30195575,-,MESO,5757,TCGA-TS-A7P8-01A,TCGA-TS-A7P8-01A,1.0,0.0,0.0,0.0,0.0
20,26614729,-,20,26620123,+,MESO,5758,TCGA-TS-A7P8-01A,TCGA-TS-A7P8-01A,1.0,0.0,0.0,0.0,0.0
20,29559015,+,20,30325114,+,MESO,5759,TCGA-TS-A7P8-01A,TCGA-TS-A7P8-01A,1.0,0.0,0.0,0.0,0.0
22,16997350,-,22,17000069,+,MESO,5760,TCGA-TS-A7P8-01A,TCGA-TS-A7P8-01A,1.0,0.0,0.0,0.0,0.0
3,9254410,-,3,71203089,-,MESO,5761,TCGA-TS-A7P8-01A,TCGA-TS-A7P8-01A,1.0,0.0,0.0,0.0,0.0
3,10365867,+,18,58512724,-,MESO,5762,TCGA-TS-A7P8-01A,TCGA-TS-A7P8-01A,1.0,0.0,0.0,0.0,0.0
3,88822391,+,3,88830505,-,MESO,5763,TCGA-TS-A7P8-01A,TCGA-TS-A7P8-01A,1.0,0.0,0.0,0.0,0.0
3,90876523,-,3,90951813,+,MESO,5764,TCGA-TS-A7P8-01A,TCGA-TS-A7P8-01A,1.0,0.0,0.0,0.0,0.0
3,141588269,+,3,141589825,-,MESO,5765,TCGA-TS-A7P8-01A,TCGA-TS-A7P8-01A,1.0,0.0,0.0,0.0,0.0
3,160610424,-,7,123973295,-,MESO,5766,TCGA-TS-A7P8-01A,TCGA-TS-A7P8-01A,1.0,0.0,0.0,0.0,0.0
3,160610839,+,7,123973152,+,MESO,5767,TCGA-TS-A7P8-01A,TCGA-TS-A7P8-01A,1.0,0.0,0.0,0.0,0.0
4,2161207,-,4,2172838,+,MESO,5768,TCGA-TS-A7P8-01A,TCGA-TS-A7P8-01A,1.0,0.0,0.0,0.0,0.0
4,5188935,-,4,5227807,+,MESO,5769,TCGA-TS-A7P8-01A,TCGA-TS-A7P8-01A,1.0,0.0,0.0,0.0,0.0
4,18581209,+,4,18583327,-,MESO,5770,TCGA-TS-A7P8-01A,TCGA-TS-A7P8-01A,1.0,0.0,0.0,0.0,0.0
4,79568876,+,11,7515253,+,MESO,5771,TCGA-TS-A7P8-01A,TCGA-TS-A7P8-01A,1.0,0.0,0.0,0.0,0.0
4,79568888,-,11,7515367,-,MESO,5772,TCGA-TS-A7P8-01A,TCGA-TS-A7P8-01A,1.0,0.0,0.0,0.0,0.0
4,106432656,+,11,14180229,+,MESO,5773,TCGA-TS-A7P8-01A,TCGA-TS-A7P8-01A,1.0,0.0,0.0,0.0,0.0
4,106446503,-,4,130822508,-,MESO,5774,TCGA-TS-A7P8-01A,TCGA-TS-A7P8-01A,1.0,0.0,0.0,0.0,0.0
4,129726893,+,11,13603912,+,MESO,5775,TCGA-TS-A7P8-01A,TCGA-TS-A7P8-01A,1.0,0.0,0.0,0.0,0.0
4,180209012,+,4,180217824,-,MESO,5776,TCGA-TS-A7P8-01A,TCGA-TS-A7P8-01A,1.0,0.0,0.0,0.0,0.0
5,5378424,+,5,5381418,-,MESO,5777,TCGA-TS-A7P8-01A,TCGA-TS-A7P8-01A,1.0,0.0,0.0,0.0,0.0
5,49671650,+,5,49694627,-,MESO,5778,TCGA-TS-A7P8-01A,TCGA-TS-A7P8-01A,1.0,0.0,0.0,0.0,0.0
5,123583641,+,15,34346753,+,MESO,5779,TCGA-TS-A7P8-01A,TCGA-TS-A7P8-01A,1.0,0.0,0.0,0.0,0.0
6,15666474,+,6,15667533,-,MESO,5780,TCGA-TS-A7P8-01A,TCGA-TS-A7P8-01A,1.0,0.0,0.0,0.0,0.0
6,96522714,+,6,169362158,+,MESO,5781,TCGA-TS-A7P8-01A,TCGA-TS-A7P8-01A,1.0,0.0,0.0,0.0,0.0
6,105734077,-,6,108107449,-,MESO,5782,TCGA-TS-A7P8-01A,TCGA-TS-A7P8-01A,1.0,0.0,0.0,0.0,0.0
6,153003705,+,6,153006975,-,MESO,5783,TCGA-TS-A7P8-01A,TCGA-TS-A7P8-01A,1.0,0.0,0.0,0.0,0.0
7,62817449,+,23,58406828,+,MESO,5784,TCGA-TS-A7P8-01A,TCGA-TS-A7P8-01A,1.0,0.0,0.0,0.0,0.0
7,69426374,+,7,85314873,-,MESO,5785,TCGA-TS-A7P8-01A,TCGA-TS-A7P8-01A,1.0,0.0,0.0,0.0,0.0
7,95560031,+,7,95687048,+,MESO,5786,TCGA-TS-A7P8-01A,TCGA-TS-A7P8-01A,1.0,0.0,0.0,0.0,0.0
7,95564997,-,7,95719666,-,MESO,5787,TCGA-TS-A7P8-01A,TCGA-TS-A7P8-01A,1.0,0.0,0.0,0.0,0.0
7,114158492,+,7,119025872,+,MESO,5788,TCGA-TS-A7P8-01A,TCGA-TS-A7P8-01A,1.0,0.0,0.0,0.0,0.0
7,114320227,-,7,118226824,+,MESO,5789,TCGA-TS-A7P8-01A,TCGA-TS-A7P8-01A,1.0,0.0,0.0,0.0,0.0
7,114628708,-,7,115812325,+,MESO,5790,TCGA-TS-A7P8-01A,TCGA-TS-A7P8-01A,1.0,0.0,0.0,0.0,0.0
7,114754048,+,7,119162208,-,MESO,5791,TCGA-TS-A7P8-01A,TCGA-TS-A7P8-01A,1.0,0.0,0.0,0.0,0.0
7,115054141,+,7,115618881,+,MESO,5792,TCGA-TS-A7P8-01A,TCGA-TS-A7P8-01A,1.0,0.0,0.0,0.0,0.0
7,115363351,-,7,115405446,-,MESO,5793,TCGA-TS-A7P8-01A,TCGA-TS-A7P8-01A,1.0,0.0,0.0,0.0,0.0
7,118082108,-,7,118225661,-,MESO,5794,TCGA-TS-A7P8-01A,TCGA-TS-A7P8-01A,1.0,0.0,0.0,0.0,0.0
7,118169292,+,7,119031791,-,MESO,5795,TCGA-TS-A7P8-01A,TCGA-TS-A7P8-01A,1.0,0.0,0.0,0.0,0.0
7,119025700,-,7,119050299,+,MESO,5796,TCGA-TS-A7P8-01A,TCGA-TS-A7P8-01A,1.0,0.0,0.0,0.0,0.0
8,10797034,+,8,16816547,+,MESO,5797,TCGA-TS-A7P8-01A,TCGA-TS-A7P8-01A,1.0,0.0,0.0,0.0,0.0
8,10942346,-,8,16819275,-,MESO,5798,TCGA-TS-A7P8-01A,TCGA-TS-A7P8-01A,1.0,0.0,0.0,0.0,0.0
8,11040065,+,8,11220687,+,MESO,5799,TCGA-TS-A7P8-01A,TCGA-TS-A7P8-01A,1.0,0.0,0.0,0.0,0.0
8,11062729,-,8,11254066,-,MESO,5800,TCGA-TS-A7P8-01A,TCGA-TS-A7P8-01A,1.0,0.0,0.0,0.0,0.0
8,43785964,+,8,43787177,-,MESO,5801,TCGA-TS-A7P8-01A,TCGA-TS-A7P8-01A,1.0,0.0,0.0,0.0,0.0
8,45081511,-,8,45777526,+,MESO,5802,TCGA-TS-A7P8-01A,TCGA-TS-A7P8-01A,1.0,0.0,0.0,0.0,0.0
8,87790800,-,8,90471100,-,MESO,5803,TCGA-TS-A7P8-01A,TCGA-TS-A7P8-01A,1.0,0.0,0.0,0.0,0.0
9,21206222,+,9,21233906,+,MESO,5804,TCGA-TS-A7P8-01A,TCGA-TS-A7P8-01A,1.0,0.0,0.0,0.0,0.0
9,30150291,-,9,30156411,-,MESO,5805,TCGA-TS-A7P8-01A,TCGA-TS-A7P8-01A,1.0,0.0,0.0,0.0,0.0
9,30152715,+,9,30483865,+,MESO,5806,TCGA-TS-A7P8-01A,TCGA-TS-A7P8-01A,1.0,0.0,0.0,0.0,0.0
9,69365650,+,9,73288819,+,MESO,5807,TCGA-TS-A7P8-01A,TCGA-TS-A7P8-01A,1.0,0.0,0.0,0.0,0.0
9,73288958,-,9,113829876,-,MESO,5808,TCGA-TS-A7P8-01A,TCGA-TS-A7P8-01A,1.0,0.0,0.0,0.0,0.0
1,77954797,+,1,119682699,-,MESO,5809,TCGA-TS-A7PB-01A,TCGA-TS-A7PB-01A,1.0,0.0,0.0,0.0,0.0
1,108368927,-,5,86267301,+,MESO,5810,TCGA-TS-A7PB-01A,TCGA-TS-A7PB-01A,1.0,0.0,0.0,0.0,0.0
1,122963228,+,1,123502279,-,MESO,5811,TCGA-TS-A7PB-01A,TCGA-TS-A7PB-01A,1.0,0.0,0.0,0.0,0.0
1,124797467,-,1,124806586,+,MESO,5812,TCGA-TS-A7PB-01A,TCGA-TS-A7PB-01A,1.0,0.0,0.0,0.0,0.0
1,214369407,-,1,214495523,+,MESO,5813,TCGA-TS-A7PB-01A,TCGA-TS-A7PB-01A,1.0,0.0,0.0,0.0,0.0
10,84641349,+,20,49087719,-,MESO,5814,TCGA-TS-A7PB-01A,TCGA-TS-A7PB-01A,1.0,0.0,0.0,0.0,0.0
11,31212291,+,14,20522193,-,MESO,5815,TCGA-TS-A7PB-01A,TCGA-TS-A7PB-01A,1.0,0.0,0.0,0.0,0.0
11,37742931,-,11,37745254,+,MESO,5816,TCGA-TS-A7PB-01A,TCGA-TS-A7PB-01A,1.0,0.0,0.0,0.0,0.0
11,49216668,+,11,89630095,+,MESO,5817,TCGA-TS-A7PB-01A,TCGA-TS-A7PB-01A,1.0,0.0,0.0,0.0,0.0
11,52680409,-,11,53344575,+,MESO,5818,TCGA-TS-A7PB-01A,TCGA-TS-A7PB-01A,1.0,0.0,0.0,0.0,0.0
11,53900484,+,11,54423497,-,MESO,5819,TCGA-TS-A7PB-01A,TCGA-TS-A7PB-01A,1.0,0.0,0.0,0.0,0.0
11,54384224,-,11,54549337,+,MESO,5820,TCGA-TS-A7PB-01A,TCGA-TS-A7PB-01A,1.0,0.0,0.0,0.0,0.0
11,111738883,-,19,31423952,+,MESO,5821,TCGA-TS-A7PB-01A,TCGA-TS-A7PB-01A,1.0,0.0,0.0,0.0,0.0
12,37385163,+,12,37386399,-,MESO,5822,TCGA-TS-A7PB-01A,TCGA-TS-A7PB-01A,1.0,0.0,0.0,0.0,0.0
13,16020064,-,20,28765421,-,MESO,5823,TCGA-TS-A7PB-01A,TCGA-TS-A7PB-01A,1.0,0.0,0.0,0.0,0.0
13,16918441,+,13,17287359,-,MESO,5824,TCGA-TS-A7PB-01A,TCGA-TS-A7PB-01A,1.0,0.0,0.0,0.0,0.0
13,20968041,+,17,80176105,-,MESO,5825,TCGA-TS-A7PB-01A,TCGA-TS-A7PB-01A,1.0,0.0,0.0,0.0,0.0
13,20969811,-,17,80175925,+,MESO,5826,TCGA-TS-A7PB-01A,TCGA-TS-A7PB-01A,1.0,0.0,0.0,0.0,0.0
14,20522190,+,21,46443823,-,MESO,5827,TCGA-TS-A7PB-01A,TCGA-TS-A7PB-01A,1.0,0.0,0.0,0.0,0.0
15,24462415,-,15,24501095,+,MESO,5828,TCGA-TS-A7PB-01A,TCGA-TS-A7PB-01A,1.0,0.0,0.0,0.0,0.0
15,24689565,+,24,5942970,+,MESO,5829,TCGA-TS-A7PB-01A,TCGA-TS-A7PB-01A,1.0,0.0,0.0,0.0,0.0
17,22874928,+,17,22894052,-,MESO,5830,TCGA-TS-A7PB-01A,TCGA-TS-A7PB-01A,1.0,0.0,0.0,0.0,0.0
17,22894510,+,17,22994454,-,MESO,5831,TCGA-TS-A7PB-01A,TCGA-TS-A7PB-01A,1.0,0.0,0.0,0.0,0.0
18,15470469,-,18,15686725,+,MESO,5832,TCGA-TS-A7PB-01A,TCGA-TS-A7PB-01A,1.0,0.0,0.0,0.0,0.0
18,47084387,+,18,47085021,-,MESO,5833,TCGA-TS-A7PB-01A,TCGA-TS-A7PB-01A,1.0,0.0,0.0,0.0,0.0
19,5829048,+,19,5829846,-,MESO,5834,TCGA-TS-A7PB-01A,TCGA-TS-A7PB-01A,1.0,0.0,0.0,0.0,0.0
19,20004257,+,19,20006455,-,MESO,5835,TCGA-TS-A7PB-01A,TCGA-TS-A7PB-01A,1.0,0.0,0.0,0.0,0.0
2,912803,-,4,21113488,+,MESO,5836,TCGA-TS-A7PB-01A,TCGA-TS-A7PB-01A,1.0,0.0,0.0,0.0,0.0
2,912889,+,4,21113603,-,MESO,5837,TCGA-TS-A7PB-01A,TCGA-TS-A7PB-01A,1.0,0.0,0.0,0.0,0.0
2,913334,-,4,21113488,+,MESO,5838,TCGA-TS-A7PB-01A,TCGA-TS-A7PB-01A,1.0,0.0,0.0,0.0,0.0
2,13422914,+,2,16416894,-,MESO,5839,TCGA-TS-A7PB-01A,TCGA-TS-A7PB-01A,1.0,0.0,0.0,0.0,0.0
2,13443157,-,2,16417360,+,MESO,5840,TCGA-TS-A7PB-01A,TCGA-TS-A7PB-01A,1.0,0.0,0.0,0.0,0.0
2,13445539,+,2,13672140,-,MESO,5841,TCGA-TS-A7PB-01A,TCGA-TS-A7PB-01A,1.0,0.0,0.0,0.0,0.0
2,13446046,-,2,16379530,-,MESO,5842,TCGA-TS-A7PB-01A,TCGA-TS-A7PB-01A,1.0,0.0,0.0,0.0,0.0
2,13448812,+,2,13670851,-,MESO,5843,TCGA-TS-A7PB-01A,TCGA-TS-A7PB-01A,1.0,0.0,0.0,0.0,0.0
2,13671735,+,2,16425895,-,MESO,5844,TCGA-TS-A7PB-01A,TCGA-TS-A7PB-01A,1.0,0.0,0.0,0.0,0.0
2,16379258,+,2,16417515,-,MESO,5845,TCGA-TS-A7PB-01A,TCGA-TS-A7PB-01A,1.0,0.0,0.0,0.0,0.0
2,16383387,+,2,16425623,+,MESO,5846,TCGA-TS-A7PB-01A,TCGA-TS-A7PB-01A,1.0,0.0,0.0,0.0,0.0
2,92677091,+,2,93791356,-,MESO,5847,TCGA-TS-A7PB-01A,TCGA-TS-A7PB-01A,1.0,0.0,0.0,0.0,0.0
2,92743438,+,2,92867372,-,MESO,5848,TCGA-TS-A7PB-01A,TCGA-TS-A7PB-01A,1.0,0.0,0.0,0.0,0.0
2,93375655,-,2,93671907,+,MESO,5849,TCGA-TS-A7PB-01A,TCGA-TS-A7PB-01A,1.0,0.0,0.0,0.0,0.0
2,99866963,-,11,35827783,+,MESO,5850,TCGA-TS-A7PB-01A,TCGA-TS-A7PB-01A,1.0,0.0,0.0,0.0,0.0
2,134693952,+,3,35037320,+,MESO,5851,TCGA-TS-A7PB-01A,TCGA-TS-A7PB-01A,1.0,0.0,0.0,0.0,0.0
2,134693958,-,6,120090734,+,MESO,5852,TCGA-TS-A7PB-01A,TCGA-TS-A7PB-01A,1.0,0.0,0.0,0.0,0.0
2,197933969,+,2,197973742,-,MESO,5853,TCGA-TS-A7PB-01A,TCGA-TS-A7PB-01A,1.0,0.0,0.0,0.0,0.0
2,208620635,+,2,210701857,-,MESO,5854,TCGA-TS-A7PB-01A,TCGA-TS-A7PB-01A,1.0,0.0,0.0,0.0,0.0
2,208848376,-,2,210717100,+,MESO,5855,TCGA-TS-A7PB-01A,TCGA-TS-A7PB-01A,1.0,0.0,0.0,0.0,0.0
2,210577657,+,2,224757675,+,MESO,5856,TCGA-TS-A7PB-01A,TCGA-TS-A7PB-01A,1.0,0.0,0.0,0.0,0.0
2,211068781,-,2,211112929,-,MESO,5857,TCGA-TS-A7PB-01A,TCGA-TS-A7PB-01A,1.0,0.0,0.0,0.0,0.0
2,211077031,+,2,223327098,+,MESO,5858,TCGA-TS-A7PB-01A,TCGA-TS-A7PB-01A,1.0,0.0,0.0,0.0,0.0
2,211119541,+,2,211140120,-,MESO,5859,TCGA-TS-A7PB-01A,TCGA-TS-A7PB-01A,1.0,0.0,0.0,0.0,0.0
2,223234730,+,2,224984430,-,MESO,5860,TCGA-TS-A7PB-01A,TCGA-TS-A7PB-01A,1.0,0.0,0.0,0.0,0.0
2,223242667,-,2,225484431,-,MESO,5861,TCGA-TS-A7PB-01A,TCGA-TS-A7PB-01A,1.0,0.0,0.0,0.0,0.0
2,223356580,-,2,225330736,+,MESO,5862,TCGA-TS-A7PB-01A,TCGA-TS-A7PB-01A,1.0,0.0,0.0,0.0,0.0
20,4605258,+,20,4605711,-,MESO,5863,TCGA-TS-A7PB-01A,TCGA-TS-A7PB-01A,1.0,0.0,0.0,0.0,0.0
20,26486368,+,20,26599721,-,MESO,5864,TCGA-TS-A7PB-01A,TCGA-TS-A7PB-01A,1.0,0.0,0.0,0.0,0.0
20,28905735,+,21,7327865,+,MESO,5865,TCGA-TS-A7PB-01A,TCGA-TS-A7PB-01A,1.0,0.0,0.0,0.0,0.0
21,16974914,+,21,23139023,-,MESO,5866,TCGA-TS-A7PB-01A,TCGA-TS-A7PB-01A,1.0,0.0,0.0,0.0,0.0
21,23408146,+,21,33413487,-,MESO,5867,TCGA-TS-A7PB-01A,TCGA-TS-A7PB-01A,1.0,0.0,0.0,0.0,0.0
21,33569469,-,21,37069042,-,MESO,5868,TCGA-TS-A7PB-01A,TCGA-TS-A7PB-01A,1.0,0.0,0.0,0.0,0.0
21,33801580,+,21,34122531,+,MESO,5869,TCGA-TS-A7PB-01A,TCGA-TS-A7PB-01A,1.0,0.0,0.0,0.0,0.0
22,20304957,-,22,22736642,+,MESO,5870,TCGA-TS-A7PB-01A,TCGA-TS-A7PB-01A,1.0,0.0,0.0,0.0,0.0
3,12259883,+,3,17581567,+,MESO,5871,TCGA-TS-A7PB-01A,TCGA-TS-A7PB-01A,1.0,0.0,0.0,0.0,0.0
3,12263792,-,3,25464145,+,MESO,5872,TCGA-TS-A7PB-01A,TCGA-TS-A7PB-01A,1.0,0.0,0.0,0.0,0.0
3,12287793,+,3,192004130,+,MESO,5873,TCGA-TS-A7PB-01A,TCGA-TS-A7PB-01A,1.0,0.0,0.0,0.0,0.0
3,12480126,-,3,191948617,-,MESO,5874,TCGA-TS-A7PB-01A,TCGA-TS-A7PB-01A,1.0,0.0,0.0,0.0,0.0
3,17644022,-,3,192022791,+,MESO,5875,TCGA-TS-A7PB-01A,TCGA-TS-A7PB-01A,1.0,0.0,0.0,0.0,0.0
3,17650356,+,3,191917455,+,MESO,5876,TCGA-TS-A7PB-01A,TCGA-TS-A7PB-01A,1.0,0.0,0.0,0.0,0.0
3,17753292,-,3,192021006,-,MESO,5877,TCGA-TS-A7PB-01A,TCGA-TS-A7PB-01A,1.0,0.0,0.0,0.0,0.0
3,35070277,-,6,53769119,-,MESO,5878,TCGA-TS-A7PB-01A,TCGA-TS-A7PB-01A,1.0,0.0,0.0,0.0,0.0
3,35072440,+,6,52152323,-,MESO,5879,TCGA-TS-A7PB-01A,TCGA-TS-A7PB-01A,1.0,0.0,0.0,0.0,0.0
3,35086816,-,6,120689134,+,MESO,5880,TCGA-TS-A7PB-01A,TCGA-TS-A7PB-01A,1.0,0.0,0.0,0.0,0.0
3,35106795,+,6,120154694,+,MESO,5881,TCGA-TS-A7PB-01A,TCGA-TS-A7PB-01A,1.0,0.0,0.0,0.0,0.0
3,35317707,-,6,109497169,+,MESO,5882,TCGA-TS-A7PB-01A,TCGA-TS-A7PB-01A,1.0,0.0,0.0,0.0,0.0
3,35318385,+,6,120118153,-,MESO,5883,TCGA-TS-A7PB-01A,TCGA-TS-A7PB-01A,1.0,0.0,0.0,0.0,0.0
3,35319339,-,6,53767244,+,MESO,5884,TCGA-TS-A7PB-01A,TCGA-TS-A7PB-01A,1.0,0.0,0.0,0.0,0.0
3,35529894,+,6,109435223,+,MESO,5885,TCGA-TS-A7PB-01A,TCGA-TS-A7PB-01A,1.0,0.0,0.0,0.0,0.0
3,35599122,-,6,120260996,-,MESO,5886,TCGA-TS-A7PB-01A,TCGA-TS-A7PB-01A,1.0,0.0,0.0,0.0,0.0
3,35649339,+,6,120259227,-,MESO,5887,TCGA-TS-A7PB-01A,TCGA-TS-A7PB-01A,1.0,0.0,0.0,0.0,0.0
3,35828692,-,6,52151402,+,MESO,5888,TCGA-TS-A7PB-01A,TCGA-TS-A7PB-01A,1.0,0.0,0.0,0.0,0.0
3,35829642,+,6,109544596,-,MESO,5889,TCGA-TS-A7PB-01A,TCGA-TS-A7PB-01A,1.0,0.0,0.0,0.0,0.0
3,35829660,-,6,120522745,-,MESO,5890,TCGA-TS-A7PB-01A,TCGA-TS-A7PB-01A,1.0,0.0,0.0,0.0,0.0
3,52287770,+,6,120152291,-,MESO,5891,TCGA-TS-A7PB-01A,TCGA-TS-A7PB-01A,1.0,0.0,0.0,0.0,0.0
3,52369893,-,6,120514467,+,MESO,5892,TCGA-TS-A7PB-01A,TCGA-TS-A7PB-01A,1.0,0.0,0.0,0.0,0.0
3,52371606,+,6,120572615,+,MESO,5893,TCGA-TS-A7PB-01A,TCGA-TS-A7PB-01A,1.0,0.0,0.0,0.0,0.0
3,52517118,-,6,120507329,-,MESO,5894,TCGA-TS-A7PB-01A,TCGA-TS-A7PB-01A,1.0,0.0,0.0,0.0,0.0
3,52517933,+,6,53766322,-,MESO,5895,TCGA-TS-A7PB-01A,TCGA-TS-A7PB-01A,1.0,0.0,0.0,0.0,0.0
3,52519983,-,6,120262015,+,MESO,5896,TCGA-TS-A7PB-01A,TCGA-TS-A7PB-01A,1.0,0.0,0.0,0.0,0.0
3,58585682,-,3,192113325,-,MESO,5897,TCGA-TS-A7PB-01A,TCGA-TS-A7PB-01A,1.0,0.0,0.0,0.0,0.0
3,104788402,+,3,104789528,-,MESO,5898,TCGA-TS-A7PB-01A,TCGA-TS-A7PB-01A,1.0,0.0,0.0,0.0,0.0
3,191631864,+,3,192425656,-,MESO,5899,TCGA-TS-A7PB-01A,TCGA-TS-A7PB-01A,1.0,0.0,0.0,0.0,0.0
3,191631886,-,3,192022889,-,MESO,5900,TCGA-TS-A7PB-01A,TCGA-TS-A7PB-01A,1.0,0.0,0.0,0.0,0.0
3,191968837,+,3,192052130,+,MESO,5901,TCGA-TS-A7PB-01A,TCGA-TS-A7PB-01A,1.0,0.0,0.0,0.0,0.0
3,191968838,-,3,192223233,+,MESO,5902,TCGA-TS-A7PB-01A,TCGA-TS-A7PB-01A,1.0,0.0,0.0,0.0,0.0
3,197260508,+,6,11779915,+,MESO,5903,TCGA-TS-A7PB-01A,TCGA-TS-A7PB-01A,1.0,0.0,0.0,0.0,0.0
3,197260975,-,6,11780259,-,MESO,5904,TCGA-TS-A7PB-01A,TCGA-TS-A7PB-01A,1.0,0.0,0.0,0.0,0.0
4,78718580,-,6,62587029,-,MESO,5905,TCGA-TS-A7PB-01A,TCGA-TS-A7PB-01A,1.0,0.0,0.0,0.0,0.0
4,180996266,+,4,181111071,-,MESO,5906,TCGA-TS-A7PB-01A,TCGA-TS-A7PB-01A,1.0,0.0,0.0,0.0,0.0
5,86267301,+,5,86275692,-,MESO,5907,TCGA-TS-A7PB-01A,TCGA-TS-A7PB-01A,1.0,0.0,0.0,0.0,0.0
5,94992775,+,5,94993183,-,MESO,5908,TCGA-TS-A7PB-01A,TCGA-TS-A7PB-01A,1.0,0.0,0.0,0.0,0.0
6,17476120,+,6,52011578,+,MESO,5909,TCGA-TS-A7PB-01A,TCGA-TS-A7PB-01A,1.0,0.0,0.0,0.0,0.0
6,17476159,-,6,52011797,-,MESO,5910,TCGA-TS-A7PB-01A,TCGA-TS-A7PB-01A,1.0,0.0,0.0,0.0,0.0
6,34940146,+,6,34942422,-,MESO,5911,TCGA-TS-A7PB-01A,TCGA-TS-A7PB-01A,1.0,0.0,0.0,0.0,0.0
6,35444302,+,6,35451466,-,MESO,5912,TCGA-TS-A7PB-01A,TCGA-TS-A7PB-01A,1.0,0.0,0.0,0.0,0.0
6,52152071,-,6,109489120,-,MESO,5913,TCGA-TS-A7PB-01A,TCGA-TS-A7PB-01A,1.0,0.0,0.0,0.0,0.0
6,52152317,+,6,52153267,+,MESO,5914,TCGA-TS-A7PB-01A,TCGA-TS-A7PB-01A,1.0,0.0,0.0,0.0,0.0
6,52153357,-,6,120522454,+,MESO,5915,TCGA-TS-A7PB-01A,TCGA-TS-A7PB-01A,1.0,0.0,0.0,0.0,0.0
6,52153408,+,6,109488992,-,MESO,5916,TCGA-TS-A7PB-01A,TCGA-TS-A7PB-01A,1.0,0.0,0.0,0.0,0.0
6,52166358,+,6,118831867,+,MESO,5917,TCGA-TS-A7PB-01A,TCGA-TS-A7PB-01A,1.0,0.0,0.0,0.0,0.0
6,53793037,+,6,120507305,+,MESO,5918,TCGA-TS-A7PB-01A,TCGA-TS-A7PB-01A,1.0,0.0,0.0,0.0,0.0
6,53796196,-,6,120152229,+,MESO,5919,TCGA-TS-A7PB-01A,TCGA-TS-A7PB-01A,1.0,0.0,0.0,0.0,0.0
6,62461005,+,6,66892763,-,MESO,5920,TCGA-TS-A7PB-01A,TCGA-TS-A7PB-01A,1.0,0.0,0.0,0.0,0.0
6,62596809,-,6,63880607,+,MESO,5921,TCGA-TS-A7PB-01A,TCGA-TS-A7PB-01A,1.0,0.0,0.0,0.0,0.0
6,62854139,+,22,26988772,-,MESO,5922,TCGA-TS-A7PB-01A,TCGA-TS-A7PB-01A,1.0,0.0,0.0,0.0,0.0
6,63478641,-,22,25593454,+,MESO,5923,TCGA-TS-A7PB-01A,TCGA-TS-A7PB-01A,1.0,0.0,0.0,0.0,0.0
6,67453297,+,6,99338193,-,MESO,5924,TCGA-TS-A7PB-01A,TCGA-TS-A7PB-01A,1.0,0.0,0.0,0.0,0.0
6,99401272,+,6,109200159,+,MESO,5925,TCGA-TS-A7PB-01A,TCGA-TS-A7PB-01A,1.0,0.0,0.0,0.0,0.0
6,108213476,-,22,27000945,+,MESO,5926,TCGA-TS-A7PB-01A,TCGA-TS-A7PB-01A,1.0,0.0,0.0,0.0,0.0
6,108429586,+,14,24426951,-,MESO,5927,TCGA-TS-A7PB-01A,TCGA-TS-A7PB-01A,1.0,0.0,0.0,0.0,0.0
6,108429626,-,14,24426910,+,MESO,5928,TCGA-TS-A7PB-01A,TCGA-TS-A7PB-01A,1.0,0.0,0.0,0.0,0.0
6,109368374,-,6,117832010,-,MESO,5929,TCGA-TS-A7PB-01A,TCGA-TS-A7PB-01A,1.0,0.0,0.0,0.0,0.0
6,109393942,+,6,120018987,+,MESO,5930,TCGA-TS-A7PB-01A,TCGA-TS-A7PB-01A,1.0,0.0,0.0,0.0,0.0
6,109428541,-,6,120501033,-,MESO,5931,TCGA-TS-A7PB-01A,TCGA-TS-A7PB-01A,1.0,0.0,0.0,0.0,0.0
6,109546350,+,6,120044143,+,MESO,5932,TCGA-TS-A7PB-01A,TCGA-TS-A7PB-01A,1.0,0.0,0.0,0.0,0.0
6,109546399,+,6,120531122,-,MESO,5933,TCGA-TS-A7PB-01A,TCGA-TS-A7PB-01A,1.0,0.0,0.0,0.0,0.0
6,120017438,-,6,120669900,-,MESO,5934,TCGA-TS-A7PB-01A,TCGA-TS-A7PB-01A,1.0,0.0,0.0,0.0,0.0
6,120043944,-,6,120531231,-,MESO,5935,TCGA-TS-A7PB-01A,TCGA-TS-A7PB-01A,1.0,0.0,0.0,0.0,0.0
6,120072213,-,6,120260949,+,MESO,5936,TCGA-TS-A7PB-01A,TCGA-TS-A7PB-01A,1.0,0.0,0.0,0.0,0.0
6,120090738,-,6,120515685,+,MESO,5937,TCGA-TS-A7PB-01A,TCGA-TS-A7PB-01A,1.0,0.0,0.0,0.0,0.0
6,120094457,+,6,120154293,-,MESO,5938,TCGA-TS-A7PB-01A,TCGA-TS-A7PB-01A,1.0,0.0,0.0,0.0,0.0
6,120129443,-,6,120154200,+,MESO,5939,TCGA-TS-A7PB-01A,TCGA-TS-A7PB-01A,1.0,0.0,0.0,0.0,0.0
6,120129445,+,6,120520297,-,MESO,5940,TCGA-TS-A7PB-01A,TCGA-TS-A7PB-01A,1.0,0.0,0.0,0.0,0.0
6,120143866,+,6,120148857,-,MESO,5941,TCGA-TS-A7PB-01A,TCGA-TS-A7PB-01A,1.0,0.0,0.0,0.0,0.0
6,120303499,-,6,120530473,+,MESO,5942,TCGA-TS-A7PB-01A,TCGA-TS-A7PB-01A,1.0,0.0,0.0,0.0,0.0
6,120305168,+,6,120514462,-,MESO,5943,TCGA-TS-A7PB-01A,TCGA-TS-A7PB-01A,1.0,0.0,0.0,0.0,0.0
6,120543312,+,6,120578029,-,MESO,5944,TCGA-TS-A7PB-01A,TCGA-TS-A7PB-01A,1.0,0.0,0.0,0.0,0.0
7,57672880,-,20,30181475,+,MESO,5945,TCGA-TS-A7PB-01A,TCGA-TS-A7PB-01A,1.0,0.0,0.0,0.0,0.0
7,77540930,+,7,77720392,-,MESO,5946,TCGA-TS-A7PB-01A,TCGA-TS-A7PB-01A,1.0,0.0,0.0,0.0,0.0
7,93249826,+,7,93250047,-,MESO,5947,TCGA-TS-A7PB-01A,TCGA-TS-A7PB-01A,1.0,0.0,0.0,0.0,0.0
8,33318235,-,8,33320448,+,MESO,5948,TCGA-TS-A7PB-01A,TCGA-TS-A7PB-01A,1.0,0.0,0.0,0.0,0.0
9,42391071,-,9,62708008,-,MESO,5949,TCGA-TS-A7PB-01A,TCGA-TS-A7PB-01A,1.0,0.0,0.0,0.0,0.0
9,80613462,-,9,80625304,-,MESO,5950,TCGA-TS-A7PB-01A,TCGA-TS-A7PB-01A,1.0,0.0,0.0,0.0,0.0
9,80613563,+,9,80625305,-,MESO,5951,TCGA-TS-A7PB-01A,TCGA-TS-A7PB-01A,1.0,0.0,0.0,0.0,0.0
1,25615537,-,5,85610015,+,MESO,5952,TCGA-TS-A8AF-01A,TCGA-TS-A8AF-01A,1.0,0.0,0.0,0.0,0.0
1,25718387,+,5,85307709,+,MESO,5953,TCGA-TS-A8AF-01A,TCGA-TS-A8AF-01A,1.0,0.0,0.0,0.0,0.0
1,25759089,-,5,84261907,-,MESO,5954,TCGA-TS-A8AF-01A,TCGA-TS-A8AF-01A,1.0,0.0,0.0,0.0,0.0
1,30244438,-,1,95569981,+,MESO,5955,TCGA-TS-A8AF-01A,TCGA-TS-A8AF-01A,1.0,0.0,0.0,0.0,0.0
1,30374381,-,1,55256574,+,MESO,5956,TCGA-TS-A8AF-01A,TCGA-TS-A8AF-01A,1.0,0.0,0.0,0.0,0.0
1,46343207,+,1,55845415,+,MESO,5957,TCGA-TS-A8AF-01A,TCGA-TS-A8AF-01A,1.0,0.0,0.0,0.0,0.0
1,48186383,+,1,49213843,-,MESO,5958,TCGA-TS-A8AF-01A,TCGA-TS-A8AF-01A,1.0,0.0,0.0,0.0,0.0
1,48888468,+,1,56648702,-,MESO,5959,TCGA-TS-A8AF-01A,TCGA-TS-A8AF-01A,1.0,0.0,0.0,0.0,0.0
1,55550748,+,1,69179032,+,MESO,5960,TCGA-TS-A8AF-01A,TCGA-TS-A8AF-01A,1.0,0.0,0.0,0.0,0.0
1,55845438,-,1,78460514,+,MESO,5961,TCGA-TS-A8AF-01A,TCGA-TS-A8AF-01A,1.0,0.0,0.0,0.0,0.0
1,55848887,+,1,75084432,+,MESO,5962,TCGA-TS-A8AF-01A,TCGA-TS-A8AF-01A,1.0,0.0,0.0,0.0,0.0
1,56677937,-,1,75214620,-,MESO,5963,TCGA-TS-A8AF-01A,TCGA-TS-A8AF-01A,1.0,0.0,0.0,0.0,0.0
1,56706220,+,1,75021652,+,MESO,5964,TCGA-TS-A8AF-01A,TCGA-TS-A8AF-01A,1.0,0.0,0.0,0.0,0.0
1,56713474,-,1,75083271,+,MESO,5965,TCGA-TS-A8AF-01A,TCGA-TS-A8AF-01A,1.0,0.0,0.0,0.0,0.0
1,57632414,-,1,80068192,+,MESO,5966,TCGA-TS-A8AF-01A,TCGA-TS-A8AF-01A,1.0,0.0,0.0,0.0,0.0
1,58109243,-,1,63145503,+,MESO,5967,TCGA-TS-A8AF-01A,TCGA-TS-A8AF-01A,1.0,0.0,0.0,0.0,0.0
1,60183307,+,1,86812962,+,MESO,5968,TCGA-TS-A8AF-01A,TCGA-TS-A8AF-01A,1.0,0.0,0.0,0.0,0.0
1,60404615,-,1,100116228,-,MESO,5969,TCGA-TS-A8AF-01A,TCGA-TS-A8AF-01A,1.0,0.0,0.0,0.0,0.0
1,62456714,-,12,47047830,+,MESO,5970,TCGA-TS-A8AF-01A,TCGA-TS-A8AF-01A,1.0,0.0,0.0,0.0,0.0
1,63146052,-,1,66079829,-,MESO,5971,TCGA-TS-A8AF-01A,TCGA-TS-A8AF-01A,1.0,0.0,0.0,0.0,0.0
1,64636103,+,1,67126002,-,MESO,5972,TCGA-TS-A8AF-01A,TCGA-TS-A8AF-01A,1.0,0.0,0.0,0.0,0.0
1,64695902,+,1,104021171,-,MESO,5973,TCGA-TS-A8AF-01A,TCGA-TS-A8AF-01A,1.0,0.0,0.0,0.0,0.0
1,64700191,-,1,68853237,+,MESO,5974,TCGA-TS-A8AF-01A,TCGA-TS-A8AF-01A,1.0,0.0,0.0,0.0,0.0
1,64851929,+,1,64965518,+,MESO,5975,TCGA-TS-A8AF-01A,TCGA-TS-A8AF-01A,1.0,0.0,0.0,0.0,0.0
1,64856395,-,1,120643424,+,MESO,5976,TCGA-TS-A8AF-01A,TCGA-TS-A8AF-01A,1.0,0.0,0.0,0.0,0.0
1,64972830,-,12,47041938,-,MESO,5977,TCGA-TS-A8AF-01A,TCGA-TS-A8AF-01A,1.0,0.0,0.0,0.0,0.0
1,65929791,-,1,65957944,+,MESO,5978,TCGA-TS-A8AF-01A,TCGA-TS-A8AF-01A,1.0,0.0,0.0,0.0,0.0
1,66564469,+,1,70953503,+,MESO,5979,TCGA-TS-A8AF-01A,TCGA-TS-A8AF-01A,1.0,0.0,0.0,0.0,0.0
1,68093846,+,1,68116072,-,MESO,5980,TCGA-TS-A8AF-01A,TCGA-TS-A8AF-01A,1.0,0.0,0.0,0.0,0.0
1,69807075,-,1,91356801,-,MESO,5981,TCGA-TS-A8AF-01A,TCGA-TS-A8AF-01A,1.0,0.0,0.0,0.0,0.0
1,75083145,-,1,75083308,-,MESO,5982,TCGA-TS-A8AF-01A,TCGA-TS-A8AF-01A,1.0,0.0,0.0,0.0,0.0
1,76529650,-,1,78334613,+,MESO,5983,TCGA-TS-A8AF-01A,TCGA-TS-A8AF-01A,1.0,0.0,0.0,0.0,0.0
1,77424048,+,1,90361748,+,MESO,5984,TCGA-TS-A8AF-01A,TCGA-TS-A8AF-01A,1.0,0.0,0.0,0.0,0.0
1,77433679,+,8,133313072,+,MESO,5985,TCGA-TS-A8AF-01A,TCGA-TS-A8AF-01A,1.0,0.0,0.0,0.0,0.0
1,78339956,-,1,102169963,+,MESO,5986,TCGA-TS-A8AF-01A,TCGA-TS-A8AF-01A,1.0,0.0,0.0,0.0,0.0
1,81366108,-,1,85950642,-,MESO,5987,TCGA-TS-A8AF-01A,TCGA-TS-A8AF-01A,1.0,0.0,0.0,0.0,0.0
1,83872773,-,1,84486230,+,MESO,5988,TCGA-TS-A8AF-01A,TCGA-TS-A8AF-01A,1.0,0.0,0.0,0.0,0.0
1,85120664,-,1,85546974,-,MESO,5989,TCGA-TS-A8AF-01A,TCGA-TS-A8AF-01A,1.0,0.0,0.0,0.0,0.0
1,85546643,+,1,85547401,+,MESO,5990,TCGA-TS-A8AF-01A,TCGA-TS-A8AF-01A,1.0,0.0,0.0,0.0,0.0
1,88569516,+,1,103363285,+,MESO,5991,TCGA-TS-A8AF-01A,TCGA-TS-A8AF-01A,1.0,0.0,0.0,0.0,0.0
1,105515878,+,20,1959638,+,MESO,5992,TCGA-TS-A8AF-01A,TCGA-TS-A8AF-01A,1.0,0.0,0.0,0.0,0.0
1,105524430,-,20,1883897,-,MESO,5993,TCGA-TS-A8AF-01A,TCGA-TS-A8AF-01A,1.0,0.0,0.0,0.0,0.0
1,111292527,+,1,119766416,-,MESO,5994,TCGA-TS-A8AF-01A,TCGA-TS-A8AF-01A,1.0,0.0,0.0,0.0,0.0
1,119018254,-,1,119454955,-,MESO,5995,TCGA-TS-A8AF-01A,TCGA-TS-A8AF-01A,1.0,0.0,0.0,0.0,0.0
1,123709364,-,1,123709880,+,MESO,5996,TCGA-TS-A8AF-01A,TCGA-TS-A8AF-01A,1.0,0.0,0.0,0.0,0.0
1,159366650,+,1,159547617,-,MESO,5997,TCGA-TS-A8AF-01A,TCGA-TS-A8AF-01A,1.0,0.0,0.0,0.0,0.0
1,159376465,-,1,213675859,+,MESO,5998,TCGA-TS-A8AF-01A,TCGA-TS-A8AF-01A,1.0,0.0,0.0,0.0,0.0
1,159378724,+,1,247612894,+,MESO,5999,TCGA-TS-A8AF-01A,TCGA-TS-A8AF-01A,1.0,0.0,0.0,0.0,0.0
1,159666585,+,1,214014601,-,MESO,6000,TCGA-TS-A8AF-01A,TCGA-TS-A8AF-01A,1.0,0.0,0.0,0.0,0.0
1,159666589,-,5,45652260,+,MESO,6001,TCGA-TS-A8AF-01A,TCGA-TS-A8AF-01A,1.0,0.0,0.0,0.0,0.0
1,162632188,+,1,222123479,+,MESO,6002,TCGA-TS-A8AF-01A,TCGA-TS-A8AF-01A,1.0,0.0,0.0,0.0,0.0
1,162998687,-,1,163325683,-,MESO,6003,TCGA-TS-A8AF-01A,TCGA-TS-A8AF-01A,1.0,0.0,0.0,0.0,0.0
1,163079003,+,1,213839974,+,MESO,6004,TCGA-TS-A8AF-01A,TCGA-TS-A8AF-01A,1.0,0.0,0.0,0.0,0.0
1,166131725,+,1,166135939,-,MESO,6005,TCGA-TS-A8AF-01A,TCGA-TS-A8AF-01A,1.0,0.0,0.0,0.0,0.0
1,167325879,+,1,167354565,-,MESO,6006,TCGA-TS-A8AF-01A,TCGA-TS-A8AF-01A,1.0,0.0,0.0,0.0,0.0
1,181358194,+,1,181370073,-,MESO,6007,TCGA-TS-A8AF-01A,TCGA-TS-A8AF-01A,1.0,0.0,0.0,0.0,0.0
1,213756792,-,1,214030423,-,MESO,6008,TCGA-TS-A8AF-01A,TCGA-TS-A8AF-01A,1.0,0.0,0.0,0.0,0.0
1,214016868,+,1,247706450,-,MESO,6009,TCGA-TS-A8AF-01A,TCGA-TS-A8AF-01A,1.0,0.0,0.0,0.0,0.0
1,222241007,-,5,46020942,-,MESO,6010,TCGA-TS-A8AF-01A,TCGA-TS-A8AF-01A,1.0,0.0,0.0,0.0,0.0
10,82616426,+,10,82891153,-,MESO,6011,TCGA-TS-A8AF-01A,TCGA-TS-A8AF-01A,1.0,0.0,0.0,0.0,0.0
11,54386547,-,11,54413179,+,MESO,6012,TCGA-TS-A8AF-01A,TCGA-TS-A8AF-01A,1.0,0.0,0.0,0.0,0.0
11,54919218,+,23,58406832,+,MESO,6013,TCGA-TS-A8AF-01A,TCGA-TS-A8AF-01A,1.0,0.0,0.0,0.0,0.0
11,55586686,+,11,59446595,-,MESO,6014,TCGA-TS-A8AF-01A,TCGA-TS-A8AF-01A,1.0,0.0,0.0,0.0,0.0
11,67532833,+,11,67534308,-,MESO,6015,TCGA-TS-A8AF-01A,TCGA-TS-A8AF-01A,1.0,0.0,0.0,0.0,0.0
11,123657944,+,11,124648438,-,MESO,6016,TCGA-TS-A8AF-01A,TCGA-TS-A8AF-01A,1.0,0.0,0.0,0.0,0.0
11,123658282,-,11,124327688,+,MESO,6017,TCGA-TS-A8AF-01A,TCGA-TS-A8AF-01A,1.0,0.0,0.0,0.0,0.0
11,123684894,+,11,124082761,-,MESO,6018,TCGA-TS-A8AF-01A,TCGA-TS-A8AF-01A,1.0,0.0,0.0,0.0,0.0
11,123685035,-,11,124069137,-,MESO,6019,TCGA-TS-A8AF-01A,TCGA-TS-A8AF-01A,1.0,0.0,0.0,0.0,0.0
11,124057483,-,11,124216931,+,MESO,6020,TCGA-TS-A8AF-01A,TCGA-TS-A8AF-01A,1.0,0.0,0.0,0.0,0.0
11,124103535,+,11,124450341,-,MESO,6021,TCGA-TS-A8AF-01A,TCGA-TS-A8AF-01A,1.0,0.0,0.0,0.0,0.0
11,124318983,-,11,124449159,-,MESO,6022,TCGA-TS-A8AF-01A,TCGA-TS-A8AF-01A,1.0,0.0,0.0,0.0,0.0
11,124338455,+,11,124450275,+,MESO,6023,TCGA-TS-A8AF-01A,TCGA-TS-A8AF-01A,1.0,0.0,0.0,0.0,0.0
11,124448409,+,11,124627722,+,MESO,6024,TCGA-TS-A8AF-01A,TCGA-TS-A8AF-01A,1.0,0.0,0.0,0.0,0.0
12,17434354,+,12,17592407,+,MESO,6025,TCGA-TS-A8AF-01A,TCGA-TS-A8AF-01A,1.0,0.0,0.0,0.0,0.0
12,17436828,+,12,17607903,-,MESO,6026,TCGA-TS-A8AF-01A,TCGA-TS-A8AF-01A,1.0,0.0,0.0,0.0,0.0
12,17472292,-,12,17592471,-,MESO,6027,TCGA-TS-A8AF-01A,TCGA-TS-A8AF-01A,1.0,0.0,0.0,0.0,0.0
12,23685089,+,12,24189722,-,MESO,6028,TCGA-TS-A8AF-01A,TCGA-TS-A8AF-01A,1.0,0.0,0.0,0.0,0.0
12,34786435,+,12,34797154,-,MESO,6029,TCGA-TS-A8AF-01A,TCGA-TS-A8AF-01A,1.0,0.0,0.0,0.0,0.0
12,36109776,-,12,36572181,+,MESO,6030,TCGA-TS-A8AF-01A,TCGA-TS-A8AF-01A,1.0,0.0,0.0,0.0,0.0
12,38767363,+,12,38890616,-,MESO,6031,TCGA-TS-A8AF-01A,TCGA-TS-A8AF-01A,1.0,0.0,0.0,0.0,0.0
12,45970591,+,12,45973684,-,MESO,6032,TCGA-TS-A8AF-01A,TCGA-TS-A8AF-01A,1.0,0.0,0.0,0.0,0.0
12,53889327,-,22,27728555,-,MESO,6033,TCGA-TS-A8AF-01A,TCGA-TS-A8AF-01A,1.0,0.0,0.0,0.0,0.0
12,58687927,+,12,58836765,-,MESO,6034,TCGA-TS-A8AF-01A,TCGA-TS-A8AF-01A,1.0,0.0,0.0,0.0,0.0
12,63527250,+,12,63539873,+,MESO,6035,TCGA-TS-A8AF-01A,TCGA-TS-A8AF-01A,1.0,0.0,0.0,0.0,0.0
12,63539642,-,12,72360375,-,MESO,6036,TCGA-TS-A8AF-01A,TCGA-TS-A8AF-01A,1.0,0.0,0.0,0.0,0.0
12,63541560,-,12,72637126,-,MESO,6037,TCGA-TS-A8AF-01A,TCGA-TS-A8AF-01A,1.0,0.0,0.0,0.0,0.0
12,72355228,+,12,72622764,+,MESO,6038,TCGA-TS-A8AF-01A,TCGA-TS-A8AF-01A,1.0,0.0,0.0,0.0,0.0
12,72360527,+,12,72397113,-,MESO,6039,TCGA-TS-A8AF-01A,TCGA-TS-A8AF-01A,1.0,0.0,0.0,0.0,0.0
12,72377518,-,12,72799646,-,MESO,6040,TCGA-TS-A8AF-01A,TCGA-TS-A8AF-01A,1.0,0.0,0.0,0.0,0.0
12,72378003,+,12,72473567,-,MESO,6041,TCGA-TS-A8AF-01A,TCGA-TS-A8AF-01A,1.0,0.0,0.0,0.0,0.0
12,72397326,+,12,72398868,-,MESO,6042,TCGA-TS-A8AF-01A,TCGA-TS-A8AF-01A,1.0,0.0,0.0,0.0,0.0
12,72398985,+,12,72480295,-,MESO,6043,TCGA-TS-A8AF-01A,TCGA-TS-A8AF-01A,1.0,0.0,0.0,0.0,0.0
12,72414805,-,12,72782403,-,MESO,6044,TCGA-TS-A8AF-01A,TCGA-TS-A8AF-01A,1.0,0.0,0.0,0.0,0.0
12,72455315,+,12,72711085,+,MESO,6045,TCGA-TS-A8AF-01A,TCGA-TS-A8AF-01A,1.0,0.0,0.0,0.0,0.0
12,72474365,+,12,72783248,+,MESO,6046,TCGA-TS-A8AF-01A,TCGA-TS-A8AF-01A,1.0,0.0,0.0,0.0,0.0
12,95218219,+,12,95223207,-,MESO,6047,TCGA-TS-A8AF-01A,TCGA-TS-A8AF-01A,1.0,0.0,0.0,0.0,0.0
13,17427516,+,13,17849163,-,MESO,6048,TCGA-TS-A8AF-01A,TCGA-TS-A8AF-01A,1.0,0.0,0.0,0.0,0.0
13,18726325,+,13,65383795,+,MESO,6049,TCGA-TS-A8AF-01A,TCGA-TS-A8AF-01A,1.0,0.0,0.0,0.0,0.0
13,18874837,+,21,14064220,+,MESO,6050,TCGA-TS-A8AF-01A,TCGA-TS-A8AF-01A,1.0,0.0,0.0,0.0,0.0
13,20041272,-,13,66502876,+,MESO,6051,TCGA-TS-A8AF-01A,TCGA-TS-A8AF-01A,1.0,0.0,0.0,0.0,0.0
13,20125168,+,13,70733523,-,MESO,6052,TCGA-TS-A8AF-01A,TCGA-TS-A8AF-01A,1.0,0.0,0.0,0.0,0.0
13,62616510,-,13,66329295,-,MESO,6053,TCGA-TS-A8AF-01A,TCGA-TS-A8AF-01A,1.0,0.0,0.0,0.0,0.0
13,83599903,+,13,83606502,-,MESO,6054,TCGA-TS-A8AF-01A,TCGA-TS-A8AF-01A,1.0,0.0,0.0,0.0,0.0
13,91381139,+,13,91385746,-,MESO,6055,TCGA-TS-A8AF-01A,TCGA-TS-A8AF-01A,1.0,0.0,0.0,0.0,0.0
13,107987986,+,13,108005858,+,MESO,6056,TCGA-TS-A8AF-01A,TCGA-TS-A8AF-01A,1.0,0.0,0.0,0.0,0.0
13,108005669,-,13,108006493,-,MESO,6057,TCGA-TS-A8AF-01A,TCGA-TS-A8AF-01A,1.0,0.0,0.0,0.0,0.0
14,37030356,+,14,37929082,-,MESO,6058,TCGA-TS-A8AF-01A,TCGA-TS-A8AF-01A,1.0,0.0,0.0,0.0,0.0
14,82739812,+,14,82761307,-,MESO,6059,TCGA-TS-A8AF-01A,TCGA-TS-A8AF-01A,1.0,0.0,0.0,0.0,0.0
15,22886471,+,15,48861644,-,MESO,6060,TCGA-TS-A8AF-01A,TCGA-TS-A8AF-01A,1.0,0.0,0.0,0.0,0.0
15,24505726,-,15,27514620,+,MESO,6061,TCGA-TS-A8AF-01A,TCGA-TS-A8AF-01A,1.0,0.0,0.0,0.0,0.0
15,32724790,+,15,32822529,+,MESO,6062,TCGA-TS-A8AF-01A,TCGA-TS-A8AF-01A,1.0,0.0,0.0,0.0,0.0
15,32772363,-,15,46634700,-,MESO,6063,TCGA-TS-A8AF-01A,TCGA-TS-A8AF-01A,1.0,0.0,0.0,0.0,0.0
15,32773460,+,15,32820669,-,MESO,6064,TCGA-TS-A8AF-01A,TCGA-TS-A8AF-01A,1.0,0.0,0.0,0.0,0.0
15,36894855,+,15,37017572,-,MESO,6065,TCGA-TS-A8AF-01A,TCGA-TS-A8AF-01A,1.0,0.0,0.0,0.0,0.0
15,48611218,-,15,56393095,-,MESO,6066,TCGA-TS-A8AF-01A,TCGA-TS-A8AF-01A,1.0,0.0,0.0,0.0,0.0
15,50931487,+,15,50968768,-,MESO,6067,TCGA-TS-A8AF-01A,TCGA-TS-A8AF-01A,1.0,0.0,0.0,0.0,0.0
15,52185166,+,15,61548373,+,MESO,6068,TCGA-TS-A8AF-01A,TCGA-TS-A8AF-01A,1.0,0.0,0.0,0.0,0.0
15,65370943,-,15,80476404,+,MESO,6069,TCGA-TS-A8AF-01A,TCGA-TS-A8AF-01A,1.0,0.0,0.0,0.0,0.0
15,65394779,+,15,97015085,-,MESO,6070,TCGA-TS-A8AF-01A,TCGA-TS-A8AF-01A,1.0,0.0,0.0,0.0,0.0
15,86190553,+,15,87555330,-,MESO,6071,TCGA-TS-A8AF-01A,TCGA-TS-A8AF-01A,1.0,0.0,0.0,0.0,0.0
15,87107392,+,15,87128235,-,MESO,6072,TCGA-TS-A8AF-01A,TCGA-TS-A8AF-01A,1.0,0.0,0.0,0.0,0.0
16,46731768,+,16,46733554,-,MESO,6073,TCGA-TS-A8AF-01A,TCGA-TS-A8AF-01A,1.0,0.0,0.0,0.0,0.0
16,50364906,+,16,50376938,-,MESO,6074,TCGA-TS-A8AF-01A,TCGA-TS-A8AF-01A,1.0,0.0,0.0,0.0,0.0
16,51918546,-,16,52504849,+,MESO,6075,TCGA-TS-A8AF-01A,TCGA-TS-A8AF-01A,1.0,0.0,0.0,0.0,0.0
16,51918553,+,16,52482707,-,MESO,6076,TCGA-TS-A8AF-01A,TCGA-TS-A8AF-01A,1.0,0.0,0.0,0.0,0.0
16,51920229,+,16,52485936,+,MESO,6077,TCGA-TS-A8AF-01A,TCGA-TS-A8AF-01A,1.0,0.0,0.0,0.0,0.0
16,52488607,-,16,52504862,-,MESO,6078,TCGA-TS-A8AF-01A,TCGA-TS-A8AF-01A,1.0,0.0,0.0,0.0,0.0
16,55049175,+,16,55082169,-,MESO,6079,TCGA-TS-A8AF-01A,TCGA-TS-A8AF-01A,1.0,0.0,0.0,0.0,0.0
16,61573322,+,16,61578548,-,MESO,6080,TCGA-TS-A8AF-01A,TCGA-TS-A8AF-01A,1.0,0.0,0.0,0.0,0.0
16,62092890,+,16,62095683,-,MESO,6081,TCGA-TS-A8AF-01A,TCGA-TS-A8AF-01A,1.0,0.0,0.0,0.0,0.0
18,5221053,+,18,5238774,-,MESO,6082,TCGA-TS-A8AF-01A,TCGA-TS-A8AF-01A,1.0,0.0,0.0,0.0,0.0
18,15470432,-,18,15686707,+,MESO,6083,TCGA-TS-A8AF-01A,TCGA-TS-A8AF-01A,1.0,0.0,0.0,0.0,0.0
18,15705000,+,18,15706710,-,MESO,6084,TCGA-TS-A8AF-01A,TCGA-TS-A8AF-01A,1.0,0.0,0.0,0.0,0.0
18,69794295,+,18,69839981,-,MESO,6085,TCGA-TS-A8AF-01A,TCGA-TS-A8AF-01A,1.0,0.0,0.0,0.0,0.0
2,10546192,-,15,54817740,+,MESO,6086,TCGA-TS-A8AF-01A,TCGA-TS-A8AF-01A,1.0,0.0,0.0,0.0,0.0
2,13741871,-,15,54819203,-,MESO,6087,TCGA-TS-A8AF-01A,TCGA-TS-A8AF-01A,1.0,0.0,0.0,0.0,0.0
2,42104469,+,2,42122050,-,MESO,6088,TCGA-TS-A8AF-01A,TCGA-TS-A8AF-01A,1.0,0.0,0.0,0.0,0.0
2,76129887,+,2,76134253,-,MESO,6089,TCGA-TS-A8AF-01A,TCGA-TS-A8AF-01A,1.0,0.0,0.0,0.0,0.0
2,76135359,+,2,76139076,-,MESO,6090,TCGA-TS-A8AF-01A,TCGA-TS-A8AF-01A,1.0,0.0,0.0,0.0,0.0
2,102825793,+,16,76475323,-,MESO,6091,TCGA-TS-A8AF-01A,TCGA-TS-A8AF-01A,1.0,0.0,0.0,0.0,0.0
2,102831342,-,16,76475840,+,MESO,6092,TCGA-TS-A8AF-01A,TCGA-TS-A8AF-01A,1.0,0.0,0.0,0.0,0.0
2,117547613,+,2,136488896,+,MESO,6093,TCGA-TS-A8AF-01A,TCGA-TS-A8AF-01A,1.0,0.0,0.0,0.0,0.0
2,117633842,-,2,136543773,-,MESO,6094,TCGA-TS-A8AF-01A,TCGA-TS-A8AF-01A,1.0,0.0,0.0,0.0,0.0
2,164676747,+,2,164693412,-,MESO,6095,TCGA-TS-A8AF-01A,TCGA-TS-A8AF-01A,1.0,0.0,0.0,0.0,0.0
2,184209928,+,2,184822349,-,MESO,6096,TCGA-TS-A8AF-01A,TCGA-TS-A8AF-01A,1.0,0.0,0.0,0.0,0.0
2,184657954,-,2,187270467,+,MESO,6097,TCGA-TS-A8AF-01A,TCGA-TS-A8AF-01A,1.0,0.0,0.0,0.0,0.0
2,184661733,+,2,186902535,+,MESO,6098,TCGA-TS-A8AF-01A,TCGA-TS-A8AF-01A,1.0,0.0,0.0,0.0,0.0
2,184661800,-,2,193652947,-,MESO,6099,TCGA-TS-A8AF-01A,TCGA-TS-A8AF-01A,1.0,0.0,0.0,0.0,0.0
2,184663509,+,2,186903359,-,MESO,6100,TCGA-TS-A8AF-01A,TCGA-TS-A8AF-01A,1.0,0.0,0.0,0.0,0.0
2,184819275,-,2,187264801,+,MESO,6101,TCGA-TS-A8AF-01A,TCGA-TS-A8AF-01A,1.0,0.0,0.0,0.0,0.0
2,184819952,+,2,187273518,-,MESO,6102,TCGA-TS-A8AF-01A,TCGA-TS-A8AF-01A,1.0,0.0,0.0,0.0,0.0
2,186902569,-,2,187270504,-,MESO,6103,TCGA-TS-A8AF-01A,TCGA-TS-A8AF-01A,1.0,0.0,0.0,0.0,0.0
2,187242195,+,2,187273386,+,MESO,6104,TCGA-TS-A8AF-01A,TCGA-TS-A8AF-01A,1.0,0.0,0.0,0.0,0.0
2,187242233,-,2,193660874,-,MESO,6105,TCGA-TS-A8AF-01A,TCGA-TS-A8AF-01A,1.0,0.0,0.0,0.0,0.0
2,187269423,-,2,193659599,+,MESO,6106,TCGA-TS-A8AF-01A,TCGA-TS-A8AF-01A,1.0,0.0,0.0,0.0,0.0
20,19067166,+,20,19085699,-,MESO,6107,TCGA-TS-A8AF-01A,TCGA-TS-A8AF-01A,1.0,0.0,0.0,0.0,0.0
20,24798398,+,20,24812192,-,MESO,6108,TCGA-TS-A8AF-01A,TCGA-TS-A8AF-01A,1.0,0.0,0.0,0.0,0.0
20,24814039,+,20,24819355,-,MESO,6109,TCGA-TS-A8AF-01A,TCGA-TS-A8AF-01A,1.0,0.0,0.0,0.0,0.0
20,41826093,+,20,43222108,+,MESO,6110,TCGA-TS-A8AF-01A,TCGA-TS-A8AF-01A,1.0,0.0,0.0,0.0,0.0
20,41828727,-,20,43222370,-,MESO,6111,TCGA-TS-A8AF-01A,TCGA-TS-A8AF-01A,1.0,0.0,0.0,0.0,0.0
21,45802772,-,21,45969473,+,MESO,6112,TCGA-TS-A8AF-01A,TCGA-TS-A8AF-01A,1.0,0.0,0.0,0.0,0.0
22,26263901,+,22,42227398,+,MESO,6113,TCGA-TS-A8AF-01A,TCGA-TS-A8AF-01A,1.0,0.0,0.0,0.0,0.0
22,29665014,+,22,29675518,-,MESO,6114,TCGA-TS-A8AF-01A,TCGA-TS-A8AF-01A,1.0,0.0,0.0,0.0,0.0
22,34485493,-,22,48848275,-,MESO,6115,TCGA-TS-A8AF-01A,TCGA-TS-A8AF-01A,1.0,0.0,0.0,0.0,0.0
3,4946167,+,16,6149820,-,MESO,6116,TCGA-TS-A8AF-01A,TCGA-TS-A8AF-01A,1.0,0.0,0.0,0.0,0.0
3,4947632,-,16,6149823,+,MESO,6117,TCGA-TS-A8AF-01A,TCGA-TS-A8AF-01A,1.0,0.0,0.0,0.0,0.0
3,17984740,-,3,33928908,-,MESO,6118,TCGA-TS-A8AF-01A,TCGA-TS-A8AF-01A,1.0,0.0,0.0,0.0,0.0
3,18238614,+,3,33924402,+,MESO,6119,TCGA-TS-A8AF-01A,TCGA-TS-A8AF-01A,1.0,0.0,0.0,0.0,0.0
3,18241275,-,3,33928771,+,MESO,6120,TCGA-TS-A8AF-01A,TCGA-TS-A8AF-01A,1.0,0.0,0.0,0.0,0.0
3,18299442,-,3,34191679,+,MESO,6121,TCGA-TS-A8AF-01A,TCGA-TS-A8AF-01A,1.0,0.0,0.0,0.0,0.0
3,18387357,+,3,33929027,+,MESO,6122,TCGA-TS-A8AF-01A,TCGA-TS-A8AF-01A,1.0,0.0,0.0,0.0,0.0
3,18471895,-,3,50650975,+,MESO,6123,TCGA-TS-A8AF-01A,TCGA-TS-A8AF-01A,1.0,0.0,0.0,0.0,0.0
3,18674900,+,3,19249445,+,MESO,6124,TCGA-TS-A8AF-01A,TCGA-TS-A8AF-01A,1.0,0.0,0.0,0.0,0.0
3,18735291,+,3,19207849,+,MESO,6125,TCGA-TS-A8AF-01A,TCGA-TS-A8AF-01A,1.0,0.0,0.0,0.0,0.0
3,18735323,-,3,19281459,-,MESO,6126,TCGA-TS-A8AF-01A,TCGA-TS-A8AF-01A,1.0,0.0,0.0,0.0,0.0
3,19283242,+,3,19284023,-,MESO,6127,TCGA-TS-A8AF-01A,TCGA-TS-A8AF-01A,1.0,0.0,0.0,0.0,0.0
3,33924448,-,3,50660286,-,MESO,6128,TCGA-TS-A8AF-01A,TCGA-TS-A8AF-01A,1.0,0.0,0.0,0.0,0.0
3,75389843,-,3,130053979,+,MESO,6129,TCGA-TS-A8AF-01A,TCGA-TS-A8AF-01A,1.0,0.0,0.0,0.0,0.0
3,78731093,+,3,78881264,-,MESO,6130,TCGA-TS-A8AF-01A,TCGA-TS-A8AF-01A,1.0,0.0,0.0,0.0,0.0
3,92133498,+,3,92647306,-,MESO,6131,TCGA-TS-A8AF-01A,TCGA-TS-A8AF-01A,1.0,0.0,0.0,0.0,0.0
3,118909918,+,3,119015239,-,MESO,6132,TCGA-TS-A8AF-01A,TCGA-TS-A8AF-01A,1.0,0.0,0.0,0.0,0.0
3,136234941,-,3,182351668,-,MESO,6133,TCGA-TS-A8AF-01A,TCGA-TS-A8AF-01A,1.0,0.0,0.0,0.0,0.0
3,158808931,+,3,158815465,-,MESO,6134,TCGA-TS-A8AF-01A,TCGA-TS-A8AF-01A,1.0,0.0,0.0,0.0,0.0
3,181006122,+,3,182351640,+,MESO,6135,TCGA-TS-A8AF-01A,TCGA-TS-A8AF-01A,1.0,0.0,0.0,0.0,0.0
3,182652052,+,3,182662216,-,MESO,6136,TCGA-TS-A8AF-01A,TCGA-TS-A8AF-01A,1.0,0.0,0.0,0.0,0.0
4,54601953,+,4,54608077,-,MESO,6137,TCGA-TS-A8AF-01A,TCGA-TS-A8AF-01A,1.0,0.0,0.0,0.0,0.0
4,57333502,-,4,57497100,+,MESO,6138,TCGA-TS-A8AF-01A,TCGA-TS-A8AF-01A,1.0,0.0,0.0,0.0,0.0
4,57705245,+,4,59931187,-,MESO,6139,TCGA-TS-A8AF-01A,TCGA-TS-A8AF-01A,1.0,0.0,0.0,0.0,0.0
4,69896364,-,4,74449257,+,MESO,6140,TCGA-TS-A8AF-01A,TCGA-TS-A8AF-01A,1.0,0.0,0.0,0.0,0.0
4,69913864,+,4,101089212,+,MESO,6141,TCGA-TS-A8AF-01A,TCGA-TS-A8AF-01A,1.0,0.0,0.0,0.0,0.0
4,70054321,-,4,73590164,-,MESO,6142,TCGA-TS-A8AF-01A,TCGA-TS-A8AF-01A,1.0,0.0,0.0,0.0,0.0
4,70628794,+,4,76217280,-,MESO,6143,TCGA-TS-A8AF-01A,TCGA-TS-A8AF-01A,1.0,0.0,0.0,0.0,0.0
4,70629925,-,4,81113254,-,MESO,6144,TCGA-TS-A8AF-01A,TCGA-TS-A8AF-01A,1.0,0.0,0.0,0.0,0.0
4,70765279,+,4,70779306,-,MESO,6145,TCGA-TS-A8AF-01A,TCGA-TS-A8AF-01A,1.0,0.0,0.0,0.0,0.0
4,70781148,-,4,101084582,-,MESO,6146,TCGA-TS-A8AF-01A,TCGA-TS-A8AF-01A,1.0,0.0,0.0,0.0,0.0
4,70789995,+,4,70793200,-,MESO,6147,TCGA-TS-A8AF-01A,TCGA-TS-A8AF-01A,1.0,0.0,0.0,0.0,0.0
4,70790449,+,4,100647924,-,MESO,6148,TCGA-TS-A8AF-01A,TCGA-TS-A8AF-01A,1.0,0.0,0.0,0.0,0.0
4,71084550,+,4,82672348,-,MESO,6149,TCGA-TS-A8AF-01A,TCGA-TS-A8AF-01A,1.0,0.0,0.0,0.0,0.0
4,72742905,-,4,100504825,+,MESO,6150,TCGA-TS-A8AF-01A,TCGA-TS-A8AF-01A,1.0,0.0,0.0,0.0,0.0
4,73239177,+,4,73321686,-,MESO,6151,TCGA-TS-A8AF-01A,TCGA-TS-A8AF-01A,1.0,0.0,0.0,0.0,0.0
4,73320669,-,4,73358837,+,MESO,6152,TCGA-TS-A8AF-01A,TCGA-TS-A8AF-01A,1.0,0.0,0.0,0.0,0.0
4,73361617,+,4,124480055,-,MESO,6153,TCGA-TS-A8AF-01A,TCGA-TS-A8AF-01A,1.0,0.0,0.0,0.0,0.0
4,74147329,+,4,74284320,+,MESO,6154,TCGA-TS-A8AF-01A,TCGA-TS-A8AF-01A,1.0,0.0,0.0,0.0,0.0
4,74147351,-,4,74284321,-,MESO,6155,TCGA-TS-A8AF-01A,TCGA-TS-A8AF-01A,1.0,0.0,0.0,0.0,0.0
4,76223093,+,4,112752363,+,MESO,6156,TCGA-TS-A8AF-01A,TCGA-TS-A8AF-01A,1.0,0.0,0.0,0.0,0.0
4,76262313,-,4,81501701,-,MESO,6157,TCGA-TS-A8AF-01A,TCGA-TS-A8AF-01A,1.0,0.0,0.0,0.0,0.0
4,76271830,+,4,123824866,-,MESO,6158,TCGA-TS-A8AF-01A,TCGA-TS-A8AF-01A,1.0,0.0,0.0,0.0,0.0
4,79436884,-,8,122256006,-,MESO,6159,TCGA-TS-A8AF-01A,TCGA-TS-A8AF-01A,1.0,0.0,0.0,0.0,0.0
4,79849945,-,4,100504492,-,MESO,6160,TCGA-TS-A8AF-01A,TCGA-TS-A8AF-01A,1.0,0.0,0.0,0.0,0.0
4,80328835,+,4,81499882,+,MESO,6161,TCGA-TS-A8AF-01A,TCGA-TS-A8AF-01A,1.0,0.0,0.0,0.0,0.0
4,80334347,+,8,103868205,+,MESO,6162,TCGA-TS-A8AF-01A,TCGA-TS-A8AF-01A,1.0,0.0,0.0,0.0,0.0
4,80336813,-,4,80858522,-,MESO,6163,TCGA-TS-A8AF-01A,TCGA-TS-A8AF-01A,1.0,0.0,0.0,0.0,0.0
4,80414652,-,4,87641424,+,MESO,6164,TCGA-TS-A8AF-01A,TCGA-TS-A8AF-01A,1.0,0.0,0.0,0.0,0.0
4,80415445,+,4,87755807,-,MESO,6165,TCGA-TS-A8AF-01A,TCGA-TS-A8AF-01A,1.0,0.0,0.0,0.0,0.0
4,80418355,-,4,87918357,-,MESO,6166,TCGA-TS-A8AF-01A,TCGA-TS-A8AF-01A,1.0,0.0,0.0,0.0,0.0
4,80421556,+,4,82454649,+,MESO,6167,TCGA-TS-A8AF-01A,TCGA-TS-A8AF-01A,1.0,0.0,0.0,0.0,0.0
4,80448615,-,4,123843852,+,MESO,6168,TCGA-TS-A8AF-01A,TCGA-TS-A8AF-01A,1.0,0.0,0.0,0.0,0.0
4,80605104,+,4,80605569,-,MESO,6169,TCGA-TS-A8AF-01A,TCGA-TS-A8AF-01A,1.0,0.0,0.0,0.0,0.0
4,80759807,+,4,88224328,+,MESO,6170,TCGA-TS-A8AF-01A,TCGA-TS-A8AF-01A,1.0,0.0,0.0,0.0,0.0
4,81112109,+,4,81375529,-,MESO,6171,TCGA-TS-A8AF-01A,TCGA-TS-A8AF-01A,1.0,0.0,0.0,0.0,0.0
4,81112275,+,4,82370731,-,MESO,6172,TCGA-TS-A8AF-01A,TCGA-TS-A8AF-01A,1.0,0.0,0.0,0.0,0.0
4,81501575,+,4,88157318,-,MESO,6173,TCGA-TS-A8AF-01A,TCGA-TS-A8AF-01A,1.0,0.0,0.0,0.0,0.0
4,82363130,+,4,87784533,+,MESO,6174,TCGA-TS-A8AF-01A,TCGA-TS-A8AF-01A,1.0,0.0,0.0,0.0,0.0
4,83209155,+,4,124480045,+,MESO,6175,TCGA-TS-A8AF-01A,TCGA-TS-A8AF-01A,1.0,0.0,0.0,0.0,0.0
4,86263595,-,4,124481050,+,MESO,6176,TCGA-TS-A8AF-01A,TCGA-TS-A8AF-01A,1.0,0.0,0.0,0.0,0.0
4,87642686,-,4,122517425,-,MESO,6177,TCGA-TS-A8AF-01A,TCGA-TS-A8AF-01A,1.0,0.0,0.0,0.0,0.0
4,87785315,+,4,88223948,+,MESO,6178,TCGA-TS-A8AF-01A,TCGA-TS-A8AF-01A,1.0,0.0,0.0,0.0,0.0
4,96949306,+,4,96952572,-,MESO,6179,TCGA-TS-A8AF-01A,TCGA-TS-A8AF-01A,1.0,0.0,0.0,0.0,0.0
4,101089315,-,4,125652590,+,MESO,6180,TCGA-TS-A8AF-01A,TCGA-TS-A8AF-01A,1.0,0.0,0.0,0.0,0.0
4,101089531,+,4,101494839,+,MESO,6181,TCGA-TS-A8AF-01A,TCGA-TS-A8AF-01A,1.0,0.0,0.0,0.0,0.0
4,110266273,-,4,127215941,+,MESO,6182,TCGA-TS-A8AF-01A,TCGA-TS-A8AF-01A,1.0,0.0,0.0,0.0,0.0
4,110375367,+,4,110545013,-,MESO,6183,TCGA-TS-A8AF-01A,TCGA-TS-A8AF-01A,1.0,0.0,0.0,0.0,0.0
4,111137123,+,4,111167848,-,MESO,6184,TCGA-TS-A8AF-01A,TCGA-TS-A8AF-01A,1.0,0.0,0.0,0.0,0.0
4,121557707,-,4,127159042,-,MESO,6185,TCGA-TS-A8AF-01A,TCGA-TS-A8AF-01A,1.0,0.0,0.0,0.0,0.0
4,122517145,+,4,123492021,+,MESO,6186,TCGA-TS-A8AF-01A,TCGA-TS-A8AF-01A,1.0,0.0,0.0,0.0,0.0
4,123487789,-,4,124482009,-,MESO,6187,TCGA-TS-A8AF-01A,TCGA-TS-A8AF-01A,1.0,0.0,0.0,0.0,0.0
4,123815696,+,4,123858115,-,MESO,6188,TCGA-TS-A8AF-01A,TCGA-TS-A8AF-01A,1.0,0.0,0.0,0.0,0.0
4,123876169,+,4,123876844,-,MESO,6189,TCGA-TS-A8AF-01A,TCGA-TS-A8AF-01A,1.0,0.0,0.0,0.0,0.0
5,5469959,+,5,14569715,-,MESO,6190,TCGA-TS-A8AF-01A,TCGA-TS-A8AF-01A,1.0,0.0,0.0,0.0,0.0
5,5868319,+,20,4720803,+,MESO,6191,TCGA-TS-A8AF-01A,TCGA-TS-A8AF-01A,1.0,0.0,0.0,0.0,0.0
5,5868455,-,5,6364756,-,MESO,6192,TCGA-TS-A8AF-01A,TCGA-TS-A8AF-01A,1.0,0.0,0.0,0.0,0.0
5,5873811,+,20,80479,-,MESO,6193,TCGA-TS-A8AF-01A,TCGA-TS-A8AF-01A,1.0,0.0,0.0,0.0,0.0
5,14973903,+,5,14974391,-,MESO,6194,TCGA-TS-A8AF-01A,TCGA-TS-A8AF-01A,1.0,0.0,0.0,0.0,0.0
5,30317652,+,20,24801164,+,MESO,6195,TCGA-TS-A8AF-01A,TCGA-TS-A8AF-01A,1.0,0.0,0.0,0.0,0.0
5,30328009,-,5,30617169,+,MESO,6196,TCGA-TS-A8AF-01A,TCGA-TS-A8AF-01A,1.0,0.0,0.0,0.0,0.0
5,30328162,+,20,24813271,+,MESO,6197,TCGA-TS-A8AF-01A,TCGA-TS-A8AF-01A,1.0,0.0,0.0,0.0,0.0
5,30395846,-,20,24797773,+,MESO,6198,TCGA-TS-A8AF-01A,TCGA-TS-A8AF-01A,1.0,0.0,0.0,0.0,0.0
5,30396211,+,20,24813338,-,MESO,6199,TCGA-TS-A8AF-01A,TCGA-TS-A8AF-01A,1.0,0.0,0.0,0.0,0.0
5,30400255,-,20,24790169,+,MESO,6200,TCGA-TS-A8AF-01A,TCGA-TS-A8AF-01A,1.0,0.0,0.0,0.0,0.0
5,30617169,+,20,24813271,+,MESO,6201,TCGA-TS-A8AF-01A,TCGA-TS-A8AF-01A,1.0,0.0,0.0,0.0,0.0
5,30626728,-,20,24798241,-,MESO,6202,TCGA-TS-A8AF-01A,TCGA-TS-A8AF-01A,1.0,0.0,0.0,0.0,0.0
5,30626729,-,20,24812193,-,MESO,6203,TCGA-TS-A8AF-01A,TCGA-TS-A8AF-01A,1.0,0.0,0.0,0.0,0.0
5,31458540,+,20,24793656,-,MESO,6204,TCGA-TS-A8AF-01A,TCGA-TS-A8AF-01A,1.0,0.0,0.0,0.0,0.0
5,31458572,-,20,24800690,-,MESO,6205,TCGA-TS-A8AF-01A,TCGA-TS-A8AF-01A,1.0,0.0,0.0,0.0,0.0
5,35532817,+,19,44562730,+,MESO,6206,TCGA-TS-A8AF-01A,TCGA-TS-A8AF-01A,1.0,0.0,0.0,0.0,0.0
5,46433348,-,5,46493414,-,MESO,6207,TCGA-TS-A8AF-01A,TCGA-TS-A8AF-01A,1.0,0.0,0.0,0.0,0.0
5,49795524,+,5,50018462,-,MESO,6208,TCGA-TS-A8AF-01A,TCGA-TS-A8AF-01A,1.0,0.0,0.0,0.0,0.0
5,49927893,-,5,49996878,+,MESO,6209,TCGA-TS-A8AF-01A,TCGA-TS-A8AF-01A,1.0,0.0,0.0,0.0,0.0
5,84261871,+,5,85810063,+,MESO,6210,TCGA-TS-A8AF-01A,TCGA-TS-A8AF-01A,1.0,0.0,0.0,0.0,0.0
5,85599143,-,5,85610024,-,MESO,6211,TCGA-TS-A8AF-01A,TCGA-TS-A8AF-01A,1.0,0.0,0.0,0.0,0.0
6,7056487,+,6,7063560,-,MESO,6212,TCGA-TS-A8AF-01A,TCGA-TS-A8AF-01A,1.0,0.0,0.0,0.0,0.0
6,58001226,+,6,58041453,-,MESO,6213,TCGA-TS-A8AF-01A,TCGA-TS-A8AF-01A,1.0,0.0,0.0,0.0,0.0
6,99311405,+,6,99311562,-,MESO,6214,TCGA-TS-A8AF-01A,TCGA-TS-A8AF-01A,1.0,0.0,0.0,0.0,0.0
6,99312839,+,6,99362482,-,MESO,6215,TCGA-TS-A8AF-01A,TCGA-TS-A8AF-01A,1.0,0.0,0.0,0.0,0.0
6,102336780,+,6,115508694,+,MESO,6216,TCGA-TS-A8AF-01A,TCGA-TS-A8AF-01A,1.0,0.0,0.0,0.0,0.0
6,102336781,-,6,106742984,-,MESO,6217,TCGA-TS-A8AF-01A,TCGA-TS-A8AF-01A,1.0,0.0,0.0,0.0,0.0
6,102396309,+,6,115549770,-,MESO,6218,TCGA-TS-A8AF-01A,TCGA-TS-A8AF-01A,1.0,0.0,0.0,0.0,0.0
6,119986426,+,6,161578009,+,MESO,6219,TCGA-TS-A8AF-01A,TCGA-TS-A8AF-01A,1.0,0.0,0.0,0.0,0.0
6,119999009,-,6,161607210,-,MESO,6220,TCGA-TS-A8AF-01A,TCGA-TS-A8AF-01A,1.0,0.0,0.0,0.0,0.0
6,168933647,+,6,168941804,-,MESO,6221,TCGA-TS-A8AF-01A,TCGA-TS-A8AF-01A,1.0,0.0,0.0,0.0,0.0
7,31279084,+,7,31280124,+,MESO,6222,TCGA-TS-A8AF-01A,TCGA-TS-A8AF-01A,1.0,0.0,0.0,0.0,0.0
7,31279811,-,7,31293759,-,MESO,6223,TCGA-TS-A8AF-01A,TCGA-TS-A8AF-01A,1.0,0.0,0.0,0.0,0.0
7,31458937,+,7,31462046,-,MESO,6224,TCGA-TS-A8AF-01A,TCGA-TS-A8AF-01A,1.0,0.0,0.0,0.0,0.0
7,62744205,+,7,63108549,+,MESO,6225,TCGA-TS-A8AF-01A,TCGA-TS-A8AF-01A,1.0,0.0,0.0,0.0,0.0
7,62749923,-,7,63109015,-,MESO,6226,TCGA-TS-A8AF-01A,TCGA-TS-A8AF-01A,1.0,0.0,0.0,0.0,0.0
7,87479071,+,7,87479303,+,MESO,6227,TCGA-TS-A8AF-01A,TCGA-TS-A8AF-01A,1.0,0.0,0.0,0.0,0.0
7,87479071,+,7,87533291,-,MESO,6228,TCGA-TS-A8AF-01A,TCGA-TS-A8AF-01A,1.0,0.0,0.0,0.0,0.0
7,87479108,-,7,87533290,-,MESO,6229,TCGA-TS-A8AF-01A,TCGA-TS-A8AF-01A,1.0,0.0,0.0,0.0,0.0
7,87479420,-,7,87872039,+,MESO,6230,TCGA-TS-A8AF-01A,TCGA-TS-A8AF-01A,1.0,0.0,0.0,0.0,0.0
7,87484046,+,7,87869275,-,MESO,6231,TCGA-TS-A8AF-01A,TCGA-TS-A8AF-01A,1.0,0.0,0.0,0.0,0.0
7,87484800,+,7,88017069,+,MESO,6232,TCGA-TS-A8AF-01A,TCGA-TS-A8AF-01A,1.0,0.0,0.0,0.0,0.0
7,87485273,-,7,142388409,+,MESO,6233,TCGA-TS-A8AF-01A,TCGA-TS-A8AF-01A,1.0,0.0,0.0,0.0,0.0
7,87485314,-,7,142273560,+,MESO,6234,TCGA-TS-A8AF-01A,TCGA-TS-A8AF-01A,1.0,0.0,0.0,0.0,0.0
7,87487510,+,7,142269695,+,MESO,6235,TCGA-TS-A8AF-01A,TCGA-TS-A8AF-01A,1.0,0.0,0.0,0.0,0.0
7,87519030,-,7,142270970,-,MESO,6236,TCGA-TS-A8AF-01A,TCGA-TS-A8AF-01A,1.0,0.0,0.0,0.0,0.0
7,87520726,-,7,87533335,+,MESO,6237,TCGA-TS-A8AF-01A,TCGA-TS-A8AF-01A,1.0,0.0,0.0,0.0,0.0
7,87520851,-,7,142384352,-,MESO,6238,TCGA-TS-A8AF-01A,TCGA-TS-A8AF-01A,1.0,0.0,0.0,0.0,0.0
7,87523098,-,7,87528187,-,MESO,6239,TCGA-TS-A8AF-01A,TCGA-TS-A8AF-01A,1.0,0.0,0.0,0.0,0.0
7,87531732,+,7,88012856,-,MESO,6240,TCGA-TS-A8AF-01A,TCGA-TS-A8AF-01A,1.0,0.0,0.0,0.0,0.0
7,87533194,+,7,142384585,+,MESO,6241,TCGA-TS-A8AF-01A,TCGA-TS-A8AF-01A,1.0,0.0,0.0,0.0,0.0
7,87864021,+,7,142388517,-,MESO,6242,TCGA-TS-A8AF-01A,TCGA-TS-A8AF-01A,1.0,0.0,0.0,0.0,0.0
7,87872644,+,7,142386414,+,MESO,6243,TCGA-TS-A8AF-01A,TCGA-TS-A8AF-01A,1.0,0.0,0.0,0.0,0.0
7,88011303,+,7,142268222,+,MESO,6244,TCGA-TS-A8AF-01A,TCGA-TS-A8AF-01A,1.0,0.0,0.0,0.0,0.0
7,91245194,+,7,91540787,-,MESO,6245,TCGA-TS-A8AF-01A,TCGA-TS-A8AF-01A,1.0,0.0,0.0,0.0,0.0
7,116681043,+,7,116698561,-,MESO,6246,TCGA-TS-A8AF-01A,TCGA-TS-A8AF-01A,1.0,0.0,0.0,0.0,0.0
7,119750310,+,7,119768113,-,MESO,6247,TCGA-TS-A8AF-01A,TCGA-TS-A8AF-01A,1.0,0.0,0.0,0.0,0.0
7,142268701,-,7,142385064,-,MESO,6248,TCGA-TS-A8AF-01A,TCGA-TS-A8AF-01A,1.0,0.0,0.0,0.0,0.0
7,142273564,+,7,142388065,-,MESO,6249,TCGA-TS-A8AF-01A,TCGA-TS-A8AF-01A,1.0,0.0,0.0,0.0,0.0
8,6921909,+,8,6924399,-,MESO,6250,TCGA-TS-A8AF-01A,TCGA-TS-A8AF-01A,1.0,0.0,0.0,0.0,0.0
8,30846084,+,8,37486120,+,MESO,6251,TCGA-TS-A8AF-01A,TCGA-TS-A8AF-01A,1.0,0.0,0.0,0.0,0.0
8,30912996,-,8,36864142,-,MESO,6252,TCGA-TS-A8AF-01A,TCGA-TS-A8AF-01A,1.0,0.0,0.0,0.0,0.0
8,31800631,+,8,37578566,-,MESO,6253,TCGA-TS-A8AF-01A,TCGA-TS-A8AF-01A,1.0,0.0,0.0,0.0,0.0
8,103818540,+,8,103862729,-,MESO,6254,TCGA-TS-A8AF-01A,TCGA-TS-A8AF-01A,1.0,0.0,0.0,0.0,0.0
8,130635053,+,8,130635778,-,MESO,6255,TCGA-TS-A8AF-01A,TCGA-TS-A8AF-01A,1.0,0.0,0.0,0.0,0.0
8,136324064,+,8,136325915,-,MESO,6256,TCGA-TS-A8AF-01A,TCGA-TS-A8AF-01A,1.0,0.0,0.0,0.0,0.0
8,145012692,+,17,37365886,-,MESO,6257,TCGA-TS-A8AF-01A,TCGA-TS-A8AF-01A,1.0,0.0,0.0,0.0,0.0
9,19754595,+,9,25052242,-,MESO,6258,TCGA-TS-A8AF-01A,TCGA-TS-A8AF-01A,1.0,0.0,0.0,0.0,0.0
9,33575416,+,9,92895414,+,MESO,6259,TCGA-TS-A8AF-01A,TCGA-TS-A8AF-01A,1.0,0.0,0.0,0.0,0.0
9,81684761,+,9,81689632,-,MESO,6260,TCGA-TS-A8AF-01A,TCGA-TS-A8AF-01A,1.0,0.0,0.0,0.0,0.0
9,98609598,+,9,98610487,-,MESO,6261,TCGA-TS-A8AF-01A,TCGA-TS-A8AF-01A,1.0,0.0,0.0,0.0,0.0
23,98317527,+,23,117512197,-,MESO,6262,TCGA-TS-A8AF-01A,TCGA-TS-A8AF-01A,1.0,0.0,0.0,0.0,0.0
23,98321465,-,23,117064292,+,MESO,6263,TCGA-TS-A8AF-01A,TCGA-TS-A8AF-01A,1.0,0.0,0.0,0.0,0.0
23,98325152,+,23,118159514,+,MESO,6264,TCGA-TS-A8AF-01A,TCGA-TS-A8AF-01A,1.0,0.0,0.0,0.0,0.0
23,98356913,-,23,107232697,-,MESO,6265,TCGA-TS-A8AF-01A,TCGA-TS-A8AF-01A,1.0,0.0,0.0,0.0,0.0
23,99680504,+,23,117491886,+,MESO,6266,TCGA-TS-A8AF-01A,TCGA-TS-A8AF-01A,1.0,0.0,0.0,0.0,0.0
23,99680616,-,23,117070945,+,MESO,6267,TCGA-TS-A8AF-01A,TCGA-TS-A8AF-01A,1.0,0.0,0.0,0.0,0.0
23,99681475,+,23,118268445,-,MESO,6268,TCGA-TS-A8AF-01A,TCGA-TS-A8AF-01A,1.0,0.0,0.0,0.0,0.0
23,99776147,-,23,127420739,+,MESO,6269,TCGA-TS-A8AF-01A,TCGA-TS-A8AF-01A,1.0,0.0,0.0,0.0,0.0
23,99781235,+,23,117061395,+,MESO,6270,TCGA-TS-A8AF-01A,TCGA-TS-A8AF-01A,1.0,0.0,0.0,0.0,0.0
23,99781405,-,23,100056975,+,MESO,6271,TCGA-TS-A8AF-01A,TCGA-TS-A8AF-01A,1.0,0.0,0.0,0.0,0.0
23,99783872,+,23,118250213,-,MESO,6272,TCGA-TS-A8AF-01A,TCGA-TS-A8AF-01A,1.0,0.0,0.0,0.0,0.0
23,99784038,-,23,117066469,-,MESO,6273,TCGA-TS-A8AF-01A,TCGA-TS-A8AF-01A,1.0,0.0,0.0,0.0,0.0
23,99982756,+,23,117084885,+,MESO,6274,TCGA-TS-A8AF-01A,TCGA-TS-A8AF-01A,1.0,0.0,0.0,0.0,0.0
23,99982817,-,23,107232711,+,MESO,6275,TCGA-TS-A8AF-01A,TCGA-TS-A8AF-01A,1.0,0.0,0.0,0.0,0.0
23,99984477,+,23,118250158,+,MESO,6276,TCGA-TS-A8AF-01A,TCGA-TS-A8AF-01A,1.0,0.0,0.0,0.0,0.0
23,99984525,-,23,100064301,-,MESO,6277,TCGA-TS-A8AF-01A,TCGA-TS-A8AF-01A,1.0,0.0,0.0,0.0,0.0
23,99986433,+,23,127506713,-,MESO,6278,TCGA-TS-A8AF-01A,TCGA-TS-A8AF-01A,1.0,0.0,0.0,0.0,0.0
23,100045239,-,23,117622507,-,MESO,6279,TCGA-TS-A8AF-01A,TCGA-TS-A8AF-01A,1.0,0.0,0.0,0.0,0.0
23,100057539,-,23,117062921,+,MESO,6280,TCGA-TS-A8AF-01A,TCGA-TS-A8AF-01A,1.0,0.0,0.0,0.0,0.0
23,100059691,+,23,117064318,-,MESO,6281,TCGA-TS-A8AF-01A,TCGA-TS-A8AF-01A,1.0,0.0,0.0,0.0,0.0
23,105206081,+,23,137693497,-,MESO,6282,TCGA-TS-A8AF-01A,TCGA-TS-A8AF-01A,1.0,0.0,0.0,0.0,0.0
23,105206390,-,23,105578686,-,MESO,6283,TCGA-TS-A8AF-01A,TCGA-TS-A8AF-01A,1.0,0.0,0.0,0.0,0.0
23,105209544,+,23,139146427,-,MESO,6284,TCGA-TS-A8AF-01A,TCGA-TS-A8AF-01A,1.0,0.0,0.0,0.0,0.0
23,105209596,-,23,137743204,+,MESO,6285,TCGA-TS-A8AF-01A,TCGA-TS-A8AF-01A,1.0,0.0,0.0,0.0,0.0
23,105216513,+,23,139109420,+,MESO,6286,TCGA-TS-A8AF-01A,TCGA-TS-A8AF-01A,1.0,0.0,0.0,0.0,0.0
23,105216758,-,23,105548033,-,MESO,6287,TCGA-TS-A8AF-01A,TCGA-TS-A8AF-01A,1.0,0.0,0.0,0.0,0.0
23,105220597,+,23,137743325,-,MESO,6288,TCGA-TS-A8AF-01A,TCGA-TS-A8AF-01A,1.0,0.0,0.0,0.0,0.0
23,105240744,-,23,138975291,-,MESO,6289,TCGA-TS-A8AF-01A,TCGA-TS-A8AF-01A,1.0,0.0,0.0,0.0,0.0
23,105276894,+,23,123533869,+,MESO,6290,TCGA-TS-A8AF-01A,TCGA-TS-A8AF-01A,1.0,0.0,0.0,0.0,0.0
23,105277177,-,23,123549475,+,MESO,6291,TCGA-TS-A8AF-01A,TCGA-TS-A8AF-01A,1.0,0.0,0.0,0.0,0.0
23,105304171,+,23,105326238,+,MESO,6292,TCGA-TS-A8AF-01A,TCGA-TS-A8AF-01A,1.0,0.0,0.0,0.0,0.0
23,105304453,-,23,137750634,+,MESO,6293,TCGA-TS-A8AF-01A,TCGA-TS-A8AF-01A,1.0,0.0,0.0,0.0,0.0
23,105323029,-,23,137683780,+,MESO,6294,TCGA-TS-A8AF-01A,TCGA-TS-A8AF-01A,1.0,0.0,0.0,0.0,0.0
23,105323040,+,23,137692190,+,MESO,6295,TCGA-TS-A8AF-01A,TCGA-TS-A8AF-01A,1.0,0.0,0.0,0.0,0.0
23,105547847,+,23,139167164,+,MESO,6296,TCGA-TS-A8AF-01A,TCGA-TS-A8AF-01A,1.0,0.0,0.0,0.0,0.0
23,105551598,+,23,137750565,-,MESO,6297,TCGA-TS-A8AF-01A,TCGA-TS-A8AF-01A,1.0,0.0,0.0,0.0,0.0
23,105551732,-,23,137764366,+,MESO,6298,TCGA-TS-A8AF-01A,TCGA-TS-A8AF-01A,1.0,0.0,0.0,0.0,0.0
23,105577702,+,23,123534256,-,MESO,6299,TCGA-TS-A8AF-01A,TCGA-TS-A8AF-01A,1.0,0.0,0.0,0.0,0.0
23,107235525,+,23,118246371,-,MESO,6300,TCGA-TS-A8AF-01A,TCGA-TS-A8AF-01A,1.0,0.0,0.0,0.0,0.0
23,107235732,-,23,117062988,-,MESO,6301,TCGA-TS-A8AF-01A,TCGA-TS-A8AF-01A,1.0,0.0,0.0,0.0,0.0
23,107237641,+,23,117491959,-,MESO,6302,TCGA-TS-A8AF-01A,TCGA-TS-A8AF-01A,1.0,0.0,0.0,0.0,0.0
23,107237726,-,23,117504970,-,MESO,6303,TCGA-TS-A8AF-01A,TCGA-TS-A8AF-01A,1.0,0.0,0.0,0.0,0.0
23,107240328,-,23,118155199,-,MESO,6304,TCGA-TS-A8AF-01A,TCGA-TS-A8AF-01A,1.0,0.0,0.0,0.0,0.0
23,107240337,+,23,118155199,-,MESO,6305,TCGA-TS-A8AF-01A,TCGA-TS-A8AF-01A,1.0,0.0,0.0,0.0,0.0
23,107348529,-,23,117085159,-,MESO,6306,TCGA-TS-A8AF-01A,TCGA-TS-A8AF-01A,1.0,0.0,0.0,0.0,0.0
23,107355236,+,23,117549212,-,MESO,6307,TCGA-TS-A8AF-01A,TCGA-TS-A8AF-01A,1.0,0.0,0.0,0.0,0.0
23,107355712,-,23,117630672,-,MESO,6308,TCGA-TS-A8AF-01A,TCGA-TS-A8AF-01A,1.0,0.0,0.0,0.0,0.0
23,117053793,+,23,117636467,-,MESO,6309,TCGA-TS-A8AF-01A,TCGA-TS-A8AF-01A,1.0,0.0,0.0,0.0,0.0
23,117053927,-,23,118155134,+,MESO,6310,TCGA-TS-A8AF-01A,TCGA-TS-A8AF-01A,1.0,0.0,0.0,0.0,0.0
23,117057557,+,23,118159535,-,MESO,6311,TCGA-TS-A8AF-01A,TCGA-TS-A8AF-01A,1.0,0.0,0.0,0.0,0.0
23,117057571,-,23,117631593,+,MESO,6312,TCGA-TS-A8AF-01A,TCGA-TS-A8AF-01A,1.0,0.0,0.0,0.0,0.0
23,117061614,-,23,127505248,+,MESO,6313,TCGA-TS-A8AF-01A,TCGA-TS-A8AF-01A,1.0,0.0,0.0,0.0,0.0
23,117066100,+,23,118257552,+,MESO,6314,TCGA-TS-A8AF-01A,TCGA-TS-A8AF-01A,1.0,0.0,0.0,0.0,0.0
23,117066690,+,23,127511459,+,MESO,6315,TCGA-TS-A8AF-01A,TCGA-TS-A8AF-01A,1.0,0.0,0.0,0.0,0.0
23,117071116,-,23,127411797,-,MESO,6316,TCGA-TS-A8AF-01A,TCGA-TS-A8AF-01A,1.0,0.0,0.0,0.0,0.0
23,117512104,+,23,127500068,-,MESO,6317,TCGA-TS-A8AF-01A,TCGA-TS-A8AF-01A,1.0,0.0,0.0,0.0,0.0
23,117512104,+,23,127500352,+,MESO,6318,TCGA-TS-A8AF-01A,TCGA-TS-A8AF-01A,1.0,0.0,0.0,0.0,0.0
23,117514951,+,23,118245945,+,MESO,6319,TCGA-TS-A8AF-01A,TCGA-TS-A8AF-01A,1.0,0.0,0.0,0.0,0.0
23,117567307,+,23,127407824,+,MESO,6320,TCGA-TS-A8AF-01A,TCGA-TS-A8AF-01A,1.0,0.0,0.0,0.0,0.0
23,117628575,+,23,127516381,-,MESO,6321,TCGA-TS-A8AF-01A,TCGA-TS-A8AF-01A,1.0,0.0,0.0,0.0,0.0
23,127500068,-,23,127500245,-,MESO,6322,TCGA-TS-A8AF-01A,TCGA-TS-A8AF-01A,1.0,0.0,0.0,0.0,0.0
23,131578249,+,23,132832510,-,MESO,6323,TCGA-TS-A8AF-01A,TCGA-TS-A8AF-01A,1.0,0.0,0.0,0.0,0.0
23,131578250,-,23,146858554,+,MESO,6324,TCGA-TS-A8AF-01A,TCGA-TS-A8AF-01A,1.0,0.0,0.0,0.0,0.0
23,131685585,+,23,132101606,-,MESO,6325,TCGA-TS-A8AF-01A,TCGA-TS-A8AF-01A,1.0,0.0,0.0,0.0,0.0
23,131685626,-,23,132832504,+,MESO,6326,TCGA-TS-A8AF-01A,TCGA-TS-A8AF-01A,1.0,0.0,0.0,0.0,0.0
23,131791623,+,23,134020096,-,MESO,6327,TCGA-TS-A8AF-01A,TCGA-TS-A8AF-01A,1.0,0.0,0.0,0.0,0.0
23,131838929,-,23,146728420,-,MESO,6328,TCGA-TS-A8AF-01A,TCGA-TS-A8AF-01A,1.0,0.0,0.0,0.0,0.0
23,131869972,+,23,147102408,-,MESO,6329,TCGA-TS-A8AF-01A,TCGA-TS-A8AF-01A,1.0,0.0,0.0,0.0,0.0
23,133846637,+,23,146960558,-,MESO,6330,TCGA-TS-A8AF-01A,TCGA-TS-A8AF-01A,1.0,0.0,0.0,0.0,0.0
23,146039745,+,23,146876351,+,MESO,6331,TCGA-TS-A8AF-01A,TCGA-TS-A8AF-01A,1.0,0.0,0.0,0.0,0.0
23,146039757,-,23,147102382,+,MESO,6332,TCGA-TS-A8AF-01A,TCGA-TS-A8AF-01A,1.0,0.0,0.0,0.0,0.0
23,146703614,+,23,146858611,-,MESO,6333,TCGA-TS-A8AF-01A,TCGA-TS-A8AF-01A,1.0,0.0,0.0,0.0,0.0
23,147434602,+,23,152173796,+,MESO,6334,TCGA-TS-A8AF-01A,TCGA-TS-A8AF-01A,1.0,0.0,0.0,0.0,0.0
23,147459599,-,23,149048101,-,MESO,6335,TCGA-TS-A8AF-01A,TCGA-TS-A8AF-01A,1.0,0.0,0.0,0.0,0.0
23,148334583,+,23,148380657,-,MESO,6336,TCGA-TS-A8AF-01A,TCGA-TS-A8AF-01A,1.0,0.0,0.0,0.0,0.0
23,148956494,+,23,148988096,-,MESO,6337,TCGA-TS-A8AF-01A,TCGA-TS-A8AF-01A,1.0,0.0,0.0,0.0,0.0
23,148990126,+,23,152185028,-,MESO,6338,TCGA-TS-A8AF-01A,TCGA-TS-A8AF-01A,1.0,0.0,0.0,0.0,0.0
23,148990131,-,23,152200439,-,MESO,6339,TCGA-TS-A8AF-01A,TCGA-TS-A8AF-01A,1.0,0.0,0.0,0.0,0.0
23,149046759,+,23,152188812,+,MESO,6340,TCGA-TS-A8AF-01A,TCGA-TS-A8AF-01A,1.0,0.0,0.0,0.0,0.0
1,7242555,-,1,7666157,-,MESO,6341,TCGA-TS-A8AI-01A,TCGA-TS-A8AI-01A,1.0,0.0,0.0,0.0,0.0
1,7621729,+,6,22892563,+,MESO,6342,TCGA-TS-A8AI-01A,TCGA-TS-A8AI-01A,1.0,0.0,0.0,0.0,0.0
1,7671480,+,1,7704642,-,MESO,6343,TCGA-TS-A8AI-01A,TCGA-TS-A8AI-01A,1.0,0.0,0.0,0.0,0.0
1,29418847,+,5,95738901,+,MESO,6344,TCGA-TS-A8AI-01A,TCGA-TS-A8AI-01A,1.0,0.0,0.0,0.0,0.0
1,66646182,+,1,118047385,-,MESO,6345,TCGA-TS-A8AI-01A,TCGA-TS-A8AI-01A,1.0,0.0,0.0,0.0,0.0
1,83793545,+,1,83806811,-,MESO,6346,TCGA-TS-A8AI-01A,TCGA-TS-A8AI-01A,1.0,0.0,0.0,0.0,0.0
1,114388765,+,1,114771847,+,MESO,6347,TCGA-TS-A8AI-01A,TCGA-TS-A8AI-01A,1.0,0.0,0.0,0.0,0.0
1,114507299,-,1,114777285,-,MESO,6348,TCGA-TS-A8AI-01A,TCGA-TS-A8AI-01A,1.0,0.0,0.0,0.0,0.0
1,147643365,+,17,75765266,+,MESO,6349,TCGA-TS-A8AI-01A,TCGA-TS-A8AI-01A,1.0,0.0,0.0,0.0,0.0
1,147643728,-,17,75767478,-,MESO,6350,TCGA-TS-A8AI-01A,TCGA-TS-A8AI-01A,1.0,0.0,0.0,0.0,0.0
1,177273404,+,1,177274456,-,MESO,6351,TCGA-TS-A8AI-01A,TCGA-TS-A8AI-01A,1.0,0.0,0.0,0.0,0.0
1,194967837,+,1,194969904,-,MESO,6352,TCGA-TS-A8AI-01A,TCGA-TS-A8AI-01A,1.0,0.0,0.0,0.0,0.0
1,195198108,+,1,195199249,-,MESO,6353,TCGA-TS-A8AI-01A,TCGA-TS-A8AI-01A,1.0,0.0,0.0,0.0,0.0
1,224573925,+,1,224578277,-,MESO,6354,TCGA-TS-A8AI-01A,TCGA-TS-A8AI-01A,1.0,0.0,0.0,0.0,0.0
10,14268855,-,10,14538611,+,MESO,6355,TCGA-TS-A8AI-01A,TCGA-TS-A8AI-01A,1.0,0.0,0.0,0.0,0.0
10,17810952,-,10,23342097,+,MESO,6356,TCGA-TS-A8AI-01A,TCGA-TS-A8AI-01A,1.0,0.0,0.0,0.0,0.0
10,31016130,+,10,31327876,+,MESO,6357,TCGA-TS-A8AI-01A,TCGA-TS-A8AI-01A,1.0,0.0,0.0,0.0,0.0
10,31016146,-,10,31328121,-,MESO,6358,TCGA-TS-A8AI-01A,TCGA-TS-A8AI-01A,1.0,0.0,0.0,0.0,0.0
10,37218796,+,10,37482922,+,MESO,6359,TCGA-TS-A8AI-01A,TCGA-TS-A8AI-01A,1.0,0.0,0.0,0.0,0.0
10,37242958,-,10,85584734,-,MESO,6360,TCGA-TS-A8AI-01A,TCGA-TS-A8AI-01A,1.0,0.0,0.0,0.0,0.0
10,37483541,-,10,85849446,-,MESO,6361,TCGA-TS-A8AI-01A,TCGA-TS-A8AI-01A,1.0,0.0,0.0,0.0,0.0
10,41579519,-,10,41590572,+,MESO,6362,TCGA-TS-A8AI-01A,TCGA-TS-A8AI-01A,1.0,0.0,0.0,0.0,0.0
10,57659899,+,10,58060125,-,MESO,6363,TCGA-TS-A8AI-01A,TCGA-TS-A8AI-01A,1.0,0.0,0.0,0.0,0.0
10,59939381,+,10,59942968,-,MESO,6364,TCGA-TS-A8AI-01A,TCGA-TS-A8AI-01A,1.0,0.0,0.0,0.0,0.0
10,69485306,+,10,87924276,+,MESO,6365,TCGA-TS-A8AI-01A,TCGA-TS-A8AI-01A,1.0,0.0,0.0,0.0,0.0
10,69499655,-,10,69500573,-,MESO,6366,TCGA-TS-A8AI-01A,TCGA-TS-A8AI-01A,1.0,0.0,0.0,0.0,0.0
10,69500571,+,10,87924283,-,MESO,6367,TCGA-TS-A8AI-01A,TCGA-TS-A8AI-01A,1.0,0.0,0.0,0.0,0.0
10,75210019,+,10,75215204,-,MESO,6368,TCGA-TS-A8AI-01A,TCGA-TS-A8AI-01A,1.0,0.0,0.0,0.0,0.0
10,85574668,+,10,85585111,+,MESO,6369,TCGA-TS-A8AI-01A,TCGA-TS-A8AI-01A,1.0,0.0,0.0,0.0,0.0
10,85848989,+,10,85850488,+,MESO,6370,TCGA-TS-A8AI-01A,TCGA-TS-A8AI-01A,1.0,0.0,0.0,0.0,0.0
10,87080575,+,10,87095433,-,MESO,6371,TCGA-TS-A8AI-01A,TCGA-TS-A8AI-01A,1.0,0.0,0.0,0.0,0.0
11,25966834,+,11,25967445,-,MESO,6372,TCGA-TS-A8AI-01A,TCGA-TS-A8AI-01A,1.0,0.0,0.0,0.0,0.0
11,57331906,+,11,57335508,-,MESO,6373,TCGA-TS-A8AI-01A,TCGA-TS-A8AI-01A,1.0,0.0,0.0,0.0,0.0
12,33704767,+,12,33707496,-,MESO,6374,TCGA-TS-A8AI-01A,TCGA-TS-A8AI-01A,1.0,0.0,0.0,0.0,0.0
12,37771765,+,12,98271944,+,MESO,6375,TCGA-TS-A8AI-01A,TCGA-TS-A8AI-01A,1.0,0.0,0.0,0.0,0.0
12,37771795,-,16,10944716,+,MESO,6376,TCGA-TS-A8AI-01A,TCGA-TS-A8AI-01A,1.0,0.0,0.0,0.0,0.0
12,37824268,+,12,97895773,-,MESO,6377,TCGA-TS-A8AI-01A,TCGA-TS-A8AI-01A,1.0,0.0,0.0,0.0,0.0
12,37836623,-,12,98397646,-,MESO,6378,TCGA-TS-A8AI-01A,TCGA-TS-A8AI-01A,1.0,0.0,0.0,0.0,0.0
12,59060856,+,12,59065875,-,MESO,6379,TCGA-TS-A8AI-01A,TCGA-TS-A8AI-01A,1.0,0.0,0.0,0.0,0.0
12,81981151,+,12,81994554,-,MESO,6380,TCGA-TS-A8AI-01A,TCGA-TS-A8AI-01A,1.0,0.0,0.0,0.0,0.0
12,97895744,+,16,10944761,-,MESO,6381,TCGA-TS-A8AI-01A,TCGA-TS-A8AI-01A,1.0,0.0,0.0,0.0,0.0
12,98348309,-,12,98369843,-,MESO,6382,TCGA-TS-A8AI-01A,TCGA-TS-A8AI-01A,1.0,0.0,0.0,0.0,0.0
12,98369743,+,16,11266660,-,MESO,6383,TCGA-TS-A8AI-01A,TCGA-TS-A8AI-01A,1.0,0.0,0.0,0.0,0.0
12,98387482,+,16,11132440,+,MESO,6384,TCGA-TS-A8AI-01A,TCGA-TS-A8AI-01A,1.0,0.0,0.0,0.0,0.0
12,98387576,-,16,10946204,+,MESO,6385,TCGA-TS-A8AI-01A,TCGA-TS-A8AI-01A,1.0,0.0,0.0,0.0,0.0
12,98397604,+,16,11128254,+,MESO,6386,TCGA-TS-A8AI-01A,TCGA-TS-A8AI-01A,1.0,0.0,0.0,0.0,0.0
12,121205482,+,12,121213428,-,MESO,6387,TCGA-TS-A8AI-01A,TCGA-TS-A8AI-01A,1.0,0.0,0.0,0.0,0.0
13,38982022,+,13,38988118,-,MESO,6388,TCGA-TS-A8AI-01A,TCGA-TS-A8AI-01A,1.0,0.0,0.0,0.0,0.0
13,52314004,+,13,53159226,+,MESO,6389,TCGA-TS-A8AI-01A,TCGA-TS-A8AI-01A,1.0,0.0,0.0,0.0,0.0
13,52314008,-,13,53159229,-,MESO,6390,TCGA-TS-A8AI-01A,TCGA-TS-A8AI-01A,1.0,0.0,0.0,0.0,0.0
13,92953005,-,13,93875074,-,MESO,6391,TCGA-TS-A8AI-01A,TCGA-TS-A8AI-01A,1.0,0.0,0.0,0.0,0.0
13,93234395,+,13,93561381,-,MESO,6392,TCGA-TS-A8AI-01A,TCGA-TS-A8AI-01A,1.0,0.0,0.0,0.0,0.0
13,93518363,+,13,93805539,+,MESO,6393,TCGA-TS-A8AI-01A,TCGA-TS-A8AI-01A,1.0,0.0,0.0,0.0,0.0
14,54600393,+,14,54607542,-,MESO,6394,TCGA-TS-A8AI-01A,TCGA-TS-A8AI-01A,1.0,0.0,0.0,0.0,0.0
14,55414963,+,14,55432245,-,MESO,6395,TCGA-TS-A8AI-01A,TCGA-TS-A8AI-01A,1.0,0.0,0.0,0.0,0.0
14,67640563,+,14,67642733,+,MESO,6396,TCGA-TS-A8AI-01A,TCGA-TS-A8AI-01A,1.0,0.0,0.0,0.0,0.0
14,67640600,-,14,67661328,-,MESO,6397,TCGA-TS-A8AI-01A,TCGA-TS-A8AI-01A,1.0,0.0,0.0,0.0,0.0
15,47097975,+,17,64681527,-,MESO,6398,TCGA-TS-A8AI-01A,TCGA-TS-A8AI-01A,1.0,0.0,0.0,0.0,0.0
15,47111544,-,17,64684757,+,MESO,6399,TCGA-TS-A8AI-01A,TCGA-TS-A8AI-01A,1.0,0.0,0.0,0.0,0.0
15,86860972,+,15,86871222,-,MESO,6400,TCGA-TS-A8AI-01A,TCGA-TS-A8AI-01A,1.0,0.0,0.0,0.0,0.0
16,6866709,+,16,6893966,-,MESO,6401,TCGA-TS-A8AI-01A,TCGA-TS-A8AI-01A,1.0,0.0,0.0,0.0,0.0
16,11127751,-,16,11128335,-,MESO,6402,TCGA-TS-A8AI-01A,TCGA-TS-A8AI-01A,1.0,0.0,0.0,0.0,0.0
16,58498931,+,16,58517949,-,MESO,6403,TCGA-TS-A8AI-01A,TCGA-TS-A8AI-01A,1.0,0.0,0.0,0.0,0.0
17,8013292,+,20,57761173,-,MESO,6404,TCGA-TS-A8AI-01A,TCGA-TS-A8AI-01A,1.0,0.0,0.0,0.0,0.0
17,8014216,-,20,57820597,+,MESO,6405,TCGA-TS-A8AI-01A,TCGA-TS-A8AI-01A,1.0,0.0,0.0,0.0,0.0
17,47966416,-,17,47975603,-,MESO,6406,TCGA-TS-A8AI-01A,TCGA-TS-A8AI-01A,1.0,0.0,0.0,0.0,0.0
17,64681469,+,17,64736188,+,MESO,6407,TCGA-TS-A8AI-01A,TCGA-TS-A8AI-01A,1.0,0.0,0.0,0.0,0.0
18,37033929,+,18,37039109,-,MESO,6408,TCGA-TS-A8AI-01A,TCGA-TS-A8AI-01A,1.0,0.0,0.0,0.0,0.0
18,66798858,+,18,66806096,-,MESO,6409,TCGA-TS-A8AI-01A,TCGA-TS-A8AI-01A,1.0,0.0,0.0,0.0,0.0
19,9228945,+,19,9229427,-,MESO,6410,TCGA-TS-A8AI-01A,TCGA-TS-A8AI-01A,1.0,0.0,0.0,0.0,0.0
19,17165590,+,19,17187544,-,MESO,6411,TCGA-TS-A8AI-01A,TCGA-TS-A8AI-01A,1.0,0.0,0.0,0.0,0.0
19,17725579,-,19,38734610,-,MESO,6412,TCGA-TS-A8AI-01A,TCGA-TS-A8AI-01A,1.0,0.0,0.0,0.0,0.0
19,17725581,+,19,38816265,+,MESO,6413,TCGA-TS-A8AI-01A,TCGA-TS-A8AI-01A,1.0,0.0,0.0,0.0,0.0
19,30511811,+,19,30590856,-,MESO,6414,TCGA-TS-A8AI-01A,TCGA-TS-A8AI-01A,1.0,0.0,0.0,0.0,0.0
19,33634066,+,19,33635705,-,MESO,6415,TCGA-TS-A8AI-01A,TCGA-TS-A8AI-01A,1.0,0.0,0.0,0.0,0.0
19,35256499,+,19,35260068,-,MESO,6416,TCGA-TS-A8AI-01A,TCGA-TS-A8AI-01A,1.0,0.0,0.0,0.0,0.0
19,38711606,+,19,38825186,-,MESO,6417,TCGA-TS-A8AI-01A,TCGA-TS-A8AI-01A,1.0,0.0,0.0,0.0,0.0
2,14387648,+,2,14388455,-,MESO,6418,TCGA-TS-A8AI-01A,TCGA-TS-A8AI-01A,1.0,0.0,0.0,0.0,0.0
2,40627320,-,16,13181285,+,MESO,6419,TCGA-TS-A8AI-01A,TCGA-TS-A8AI-01A,1.0,0.0,0.0,0.0,0.0
2,50009038,+,2,51167644,-,MESO,6420,TCGA-TS-A8AI-01A,TCGA-TS-A8AI-01A,1.0,0.0,0.0,0.0,0.0
2,53503493,+,2,53514845,-,MESO,6421,TCGA-TS-A8AI-01A,TCGA-TS-A8AI-01A,1.0,0.0,0.0,0.0,0.0
2,65643376,+,2,65657961,-,MESO,6422,TCGA-TS-A8AI-01A,TCGA-TS-A8AI-01A,1.0,0.0,0.0,0.0,0.0
2,65643424,-,2,88697306,-,MESO,6423,TCGA-TS-A8AI-01A,TCGA-TS-A8AI-01A,1.0,0.0,0.0,0.0,0.0
2,65657854,+,2,65665776,+,MESO,6424,TCGA-TS-A8AI-01A,TCGA-TS-A8AI-01A,1.0,0.0,0.0,0.0,0.0
2,83401753,-,2,83402713,-,MESO,6425,TCGA-TS-A8AI-01A,TCGA-TS-A8AI-01A,1.0,0.0,0.0,0.0,0.0
2,83401756,+,2,83402035,+,MESO,6426,TCGA-TS-A8AI-01A,TCGA-TS-A8AI-01A,1.0,0.0,0.0,0.0,0.0
2,91843589,+,2,91978521,-,MESO,6427,TCGA-TS-A8AI-01A,TCGA-TS-A8AI-01A,1.0,0.0,0.0,0.0,0.0
2,95187329,+,9,83888038,+,MESO,6428,TCGA-TS-A8AI-01A,TCGA-TS-A8AI-01A,1.0,0.0,0.0,0.0,0.0
2,95848697,-,2,97252620,-,MESO,6429,TCGA-TS-A8AI-01A,TCGA-TS-A8AI-01A,1.0,0.0,0.0,0.0,0.0
2,125481965,+,2,125710631,-,MESO,6430,TCGA-TS-A8AI-01A,TCGA-TS-A8AI-01A,1.0,0.0,0.0,0.0,0.0
2,175742566,+,2,175743775,-,MESO,6431,TCGA-TS-A8AI-01A,TCGA-TS-A8AI-01A,1.0,0.0,0.0,0.0,0.0
20,5783877,+,20,6474093,+,MESO,6432,TCGA-TS-A8AI-01A,TCGA-TS-A8AI-01A,1.0,0.0,0.0,0.0,0.0
20,5790600,-,20,6479436,-,MESO,6433,TCGA-TS-A8AI-01A,TCGA-TS-A8AI-01A,1.0,0.0,0.0,0.0,0.0
20,26544615,-,20,26598961,+,MESO,6434,TCGA-TS-A8AI-01A,TCGA-TS-A8AI-01A,1.0,0.0,0.0,0.0,0.0
20,55111826,+,20,55731543,+,MESO,6435,TCGA-TS-A8AI-01A,TCGA-TS-A8AI-01A,1.0,0.0,0.0,0.0,0.0
20,55173736,-,20,55761468,-,MESO,6436,TCGA-TS-A8AI-01A,TCGA-TS-A8AI-01A,1.0,0.0,0.0,0.0,0.0
20,57758301,+,20,57849326,-,MESO,6437,TCGA-TS-A8AI-01A,TCGA-TS-A8AI-01A,1.0,0.0,0.0,0.0,0.0
22,22403263,+,22,44668922,+,MESO,6438,TCGA-TS-A8AI-01A,TCGA-TS-A8AI-01A,1.0,0.0,0.0,0.0,0.0
22,29635808,+,22,29712786,-,MESO,6439,TCGA-TS-A8AI-01A,TCGA-TS-A8AI-01A,1.0,0.0,0.0,0.0,0.0
22,38741909,+,22,38749167,-,MESO,6440,TCGA-TS-A8AI-01A,TCGA-TS-A8AI-01A,1.0,0.0,0.0,0.0,0.0
22,44663234,+,22,44667872,-,MESO,6441,TCGA-TS-A8AI-01A,TCGA-TS-A8AI-01A,1.0,0.0,0.0,0.0,0.0
3,1240099,+,3,1243587,-,MESO,6442,TCGA-TS-A8AI-01A,TCGA-TS-A8AI-01A,1.0,0.0,0.0,0.0,0.0
3,28618746,+,3,28625491,-,MESO,6443,TCGA-TS-A8AI-01A,TCGA-TS-A8AI-01A,1.0,0.0,0.0,0.0,0.0
3,34307097,+,3,34348850,+,MESO,6444,TCGA-TS-A8AI-01A,TCGA-TS-A8AI-01A,1.0,0.0,0.0,0.0,0.0
3,34343516,-,3,34971500,+,MESO,6445,TCGA-TS-A8AI-01A,TCGA-TS-A8AI-01A,1.0,0.0,0.0,0.0,0.0
3,34357821,-,3,34971513,-,MESO,6446,TCGA-TS-A8AI-01A,TCGA-TS-A8AI-01A,1.0,0.0,0.0,0.0,0.0
3,38168689,+,3,86984954,-,MESO,6447,TCGA-TS-A8AI-01A,TCGA-TS-A8AI-01A,1.0,0.0,0.0,0.0,0.0
3,39084710,+,3,39098349,-,MESO,6448,TCGA-TS-A8AI-01A,TCGA-TS-A8AI-01A,1.0,0.0,0.0,0.0,0.0
3,52407509,+,3,52411219,-,MESO,6449,TCGA-TS-A8AI-01A,TCGA-TS-A8AI-01A,1.0,0.0,0.0,0.0,0.0
3,60737557,+,3,60747162,-,MESO,6450,TCGA-TS-A8AI-01A,TCGA-TS-A8AI-01A,1.0,0.0,0.0,0.0,0.0
3,61035044,+,3,61038835,-,MESO,6451,TCGA-TS-A8AI-01A,TCGA-TS-A8AI-01A,1.0,0.0,0.0,0.0,0.0
3,90855295,+,3,91257790,+,MESO,6452,TCGA-TS-A8AI-01A,TCGA-TS-A8AI-01A,1.0,0.0,0.0,0.0,0.0
3,90863089,+,3,91078881,-,MESO,6453,TCGA-TS-A8AI-01A,TCGA-TS-A8AI-01A,1.0,0.0,0.0,0.0,0.0
3,91734193,-,3,91734848,+,MESO,6454,TCGA-TS-A8AI-01A,TCGA-TS-A8AI-01A,1.0,0.0,0.0,0.0,0.0
3,125755723,+,3,125766387,-,MESO,6455,TCGA-TS-A8AI-01A,TCGA-TS-A8AI-01A,1.0,0.0,0.0,0.0,0.0
3,127698066,+,3,127702043,-,MESO,6456,TCGA-TS-A8AI-01A,TCGA-TS-A8AI-01A,1.0,0.0,0.0,0.0,0.0
3,152145387,+,3,152148916,-,MESO,6457,TCGA-TS-A8AI-01A,TCGA-TS-A8AI-01A,1.0,0.0,0.0,0.0,0.0
3,152735310,+,3,152738488,-,MESO,6458,TCGA-TS-A8AI-01A,TCGA-TS-A8AI-01A,1.0,0.0,0.0,0.0,0.0
3,163009662,+,3,163720643,+,MESO,6459,TCGA-TS-A8AI-01A,TCGA-TS-A8AI-01A,1.0,0.0,0.0,0.0,0.0
3,163011684,-,3,163839422,-,MESO,6460,TCGA-TS-A8AI-01A,TCGA-TS-A8AI-01A,1.0,0.0,0.0,0.0,0.0
3,163130688,+,3,163254451,+,MESO,6461,TCGA-TS-A8AI-01A,TCGA-TS-A8AI-01A,1.0,0.0,0.0,0.0,0.0
3,163132506,-,3,163719966,-,MESO,6462,TCGA-TS-A8AI-01A,TCGA-TS-A8AI-01A,1.0,0.0,0.0,0.0,0.0
3,163136392,+,3,163835472,-,MESO,6463,TCGA-TS-A8AI-01A,TCGA-TS-A8AI-01A,1.0,0.0,0.0,0.0,0.0
3,163136633,-,3,163837679,+,MESO,6464,TCGA-TS-A8AI-01A,TCGA-TS-A8AI-01A,1.0,0.0,0.0,0.0,0.0
3,173980066,+,3,191276942,-,MESO,6465,TCGA-TS-A8AI-01A,TCGA-TS-A8AI-01A,1.0,0.0,0.0,0.0,0.0
4,31016303,-,4,42168890,-,MESO,6466,TCGA-TS-A8AI-01A,TCGA-TS-A8AI-01A,1.0,0.0,0.0,0.0,0.0
4,31818895,+,24,3939069,-,MESO,6467,TCGA-TS-A8AI-01A,TCGA-TS-A8AI-01A,1.0,0.0,0.0,0.0,0.0
4,31857434,-,24,3621775,+,MESO,6468,TCGA-TS-A8AI-01A,TCGA-TS-A8AI-01A,1.0,0.0,0.0,0.0,0.0
4,31858766,+,24,3932845,-,MESO,6469,TCGA-TS-A8AI-01A,TCGA-TS-A8AI-01A,1.0,0.0,0.0,0.0,0.0
4,32174294,-,4,34455632,-,MESO,6470,TCGA-TS-A8AI-01A,TCGA-TS-A8AI-01A,1.0,0.0,0.0,0.0,0.0
4,32193053,+,4,33122879,+,MESO,6471,TCGA-TS-A8AI-01A,TCGA-TS-A8AI-01A,1.0,0.0,0.0,0.0,0.0
4,32278113,-,4,34204594,+,MESO,6472,TCGA-TS-A8AI-01A,TCGA-TS-A8AI-01A,1.0,0.0,0.0,0.0,0.0
4,33070589,+,24,3789633,-,MESO,6473,TCGA-TS-A8AI-01A,TCGA-TS-A8AI-01A,1.0,0.0,0.0,0.0,0.0
4,33070699,-,24,3868719,+,MESO,6474,TCGA-TS-A8AI-01A,TCGA-TS-A8AI-01A,1.0,0.0,0.0,0.0,0.0
4,33103457,+,24,3789641,+,MESO,6475,TCGA-TS-A8AI-01A,TCGA-TS-A8AI-01A,1.0,0.0,0.0,0.0,0.0
4,33110989,-,4,33209714,-,MESO,6476,TCGA-TS-A8AI-01A,TCGA-TS-A8AI-01A,1.0,0.0,0.0,0.0,0.0
4,33226924,+,4,42180610,+,MESO,6477,TCGA-TS-A8AI-01A,TCGA-TS-A8AI-01A,1.0,0.0,0.0,0.0,0.0
4,33321073,-,24,3513387,+,MESO,6478,TCGA-TS-A8AI-01A,TCGA-TS-A8AI-01A,1.0,0.0,0.0,0.0,0.0
4,34204606,-,24,3189226,-,MESO,6479,TCGA-TS-A8AI-01A,TCGA-TS-A8AI-01A,1.0,0.0,0.0,0.0,0.0
4,34455457,+,4,42298840,-,MESO,6480,TCGA-TS-A8AI-01A,TCGA-TS-A8AI-01A,1.0,0.0,0.0,0.0,0.0
4,42049678,+,24,3513510,-,MESO,6481,TCGA-TS-A8AI-01A,TCGA-TS-A8AI-01A,1.0,0.0,0.0,0.0,0.0
4,42180620,-,24,3939007,+,MESO,6482,TCGA-TS-A8AI-01A,TCGA-TS-A8AI-01A,1.0,0.0,0.0,0.0,0.0
4,42207964,+,24,4244866,-,MESO,6483,TCGA-TS-A8AI-01A,TCGA-TS-A8AI-01A,1.0,0.0,0.0,0.0,0.0
4,92895385,-,8,77520136,+,MESO,6484,TCGA-TS-A8AI-01A,TCGA-TS-A8AI-01A,1.0,0.0,0.0,0.0,0.0
5,16887250,+,5,16888178,-,MESO,6485,TCGA-TS-A8AI-01A,TCGA-TS-A8AI-01A,1.0,0.0,0.0,0.0,0.0
5,24518042,+,6,109503160,-,MESO,6486,TCGA-TS-A8AI-01A,TCGA-TS-A8AI-01A,1.0,0.0,0.0,0.0,0.0
5,25870541,-,6,95242726,+,MESO,6487,TCGA-TS-A8AI-01A,TCGA-TS-A8AI-01A,1.0,0.0,0.0,0.0,0.0
5,44464521,+,6,93681600,+,MESO,6488,TCGA-TS-A8AI-01A,TCGA-TS-A8AI-01A,1.0,0.0,0.0,0.0,0.0
5,44473400,-,6,93681601,-,MESO,6489,TCGA-TS-A8AI-01A,TCGA-TS-A8AI-01A,1.0,0.0,0.0,0.0,0.0
5,49816566,+,5,49957502,-,MESO,6490,TCGA-TS-A8AI-01A,TCGA-TS-A8AI-01A,1.0,0.0,0.0,0.0,0.0
5,68633023,+,5,131500036,-,MESO,6491,TCGA-TS-A8AI-01A,TCGA-TS-A8AI-01A,1.0,0.0,0.0,0.0,0.0
5,80199423,+,5,83813813,-,MESO,6492,TCGA-TS-A8AI-01A,TCGA-TS-A8AI-01A,1.0,0.0,0.0,0.0,0.0
5,80199423,+,9,27541347,-,MESO,6493,TCGA-TS-A8AI-01A,TCGA-TS-A8AI-01A,1.0,0.0,0.0,0.0,0.0
5,80199474,-,5,83814900,-,MESO,6494,TCGA-TS-A8AI-01A,TCGA-TS-A8AI-01A,1.0,0.0,0.0,0.0,0.0
5,80200916,+,5,83814666,+,MESO,6495,TCGA-TS-A8AI-01A,TCGA-TS-A8AI-01A,1.0,0.0,0.0,0.0,0.0
5,80201078,-,5,83818522,+,MESO,6496,TCGA-TS-A8AI-01A,TCGA-TS-A8AI-01A,1.0,0.0,0.0,0.0,0.0
5,83813646,+,5,89586351,+,MESO,6497,TCGA-TS-A8AI-01A,TCGA-TS-A8AI-01A,1.0,0.0,0.0,0.0,0.0
5,83813812,-,9,27541611,+,MESO,6498,TCGA-TS-A8AI-01A,TCGA-TS-A8AI-01A,1.0,0.0,0.0,0.0,0.0
5,83818656,-,5,89586493,-,MESO,6499,TCGA-TS-A8AI-01A,TCGA-TS-A8AI-01A,1.0,0.0,0.0,0.0,0.0
5,84300271,+,5,84304757,-,MESO,6500,TCGA-TS-A8AI-01A,TCGA-TS-A8AI-01A,1.0,0.0,0.0,0.0,0.0
5,84846872,+,5,84897894,-,MESO,6501,TCGA-TS-A8AI-01A,TCGA-TS-A8AI-01A,1.0,0.0,0.0,0.0,0.0
5,148879302,+,5,148882348,-,MESO,6502,TCGA-TS-A8AI-01A,TCGA-TS-A8AI-01A,1.0,0.0,0.0,0.0,0.0
5,176913242,+,5,176915972,-,MESO,6503,TCGA-TS-A8AI-01A,TCGA-TS-A8AI-01A,1.0,0.0,0.0,0.0,0.0
6,28371418,-,10,85585170,-,MESO,6504,TCGA-TS-A8AI-01A,TCGA-TS-A8AI-01A,1.0,0.0,0.0,0.0,0.0
6,34364417,+,10,22009234,-,MESO,6505,TCGA-TS-A8AI-01A,TCGA-TS-A8AI-01A,1.0,0.0,0.0,0.0,0.0
6,35156249,-,10,23477792,-,MESO,6506,TCGA-TS-A8AI-01A,TCGA-TS-A8AI-01A,1.0,0.0,0.0,0.0,0.0
6,35451697,+,10,21304482,+,MESO,6507,TCGA-TS-A8AI-01A,TCGA-TS-A8AI-01A,1.0,0.0,0.0,0.0,0.0
6,35470900,-,10,511100,+,MESO,6508,TCGA-TS-A8AI-01A,TCGA-TS-A8AI-01A,1.0,0.0,0.0,0.0,0.0
6,43164658,+,6,43175211,-,MESO,6509,TCGA-TS-A8AI-01A,TCGA-TS-A8AI-01A,1.0,0.0,0.0,0.0,0.0
6,55331410,+,6,55334057,-,MESO,6510,TCGA-TS-A8AI-01A,TCGA-TS-A8AI-01A,1.0,0.0,0.0,0.0,0.0
6,57633735,-,17,64736321,-,MESO,6511,TCGA-TS-A8AI-01A,TCGA-TS-A8AI-01A,1.0,0.0,0.0,0.0,0.0
6,71510178,+,6,71591078,-,MESO,6512,TCGA-TS-A8AI-01A,TCGA-TS-A8AI-01A,1.0,0.0,0.0,0.0,0.0
6,71689451,+,6,114241271,+,MESO,6513,TCGA-TS-A8AI-01A,TCGA-TS-A8AI-01A,1.0,0.0,0.0,0.0,0.0
6,72021041,-,6,118737504,+,MESO,6514,TCGA-TS-A8AI-01A,TCGA-TS-A8AI-01A,1.0,0.0,0.0,0.0,0.0
6,118683623,-,6,118737635,-,MESO,6515,TCGA-TS-A8AI-01A,TCGA-TS-A8AI-01A,1.0,0.0,0.0,0.0,0.0
6,149075691,+,6,149429022,-,MESO,6516,TCGA-TS-A8AI-01A,TCGA-TS-A8AI-01A,1.0,0.0,0.0,0.0,0.0
7,5263630,+,7,99527235,-,MESO,6517,TCGA-TS-A8AI-01A,TCGA-TS-A8AI-01A,1.0,0.0,0.0,0.0,0.0
7,5264291,-,11,130473582,-,MESO,6518,TCGA-TS-A8AI-01A,TCGA-TS-A8AI-01A,1.0,0.0,0.0,0.0,0.0
7,82371050,+,7,82371868,-,MESO,6519,TCGA-TS-A8AI-01A,TCGA-TS-A8AI-01A,1.0,0.0,0.0,0.0,0.0
7,99520173,+,7,99526965,+,MESO,6520,TCGA-TS-A8AI-01A,TCGA-TS-A8AI-01A,1.0,0.0,0.0,0.0,0.0
7,99520298,-,7,99964152,-,MESO,6521,TCGA-TS-A8AI-01A,TCGA-TS-A8AI-01A,1.0,0.0,0.0,0.0,0.0
7,99959344,+,11,130473007,+,MESO,6522,TCGA-TS-A8AI-01A,TCGA-TS-A8AI-01A,1.0,0.0,0.0,0.0,0.0
7,112834603,+,7,158142618,-,MESO,6523,TCGA-TS-A8AI-01A,TCGA-TS-A8AI-01A,1.0,0.0,0.0,0.0,0.0
8,2996008,+,8,3640350,-,MESO,6524,TCGA-TS-A8AI-01A,TCGA-TS-A8AI-01A,1.0,0.0,0.0,0.0,0.0
8,3618880,-,12,68084081,-,MESO,6525,TCGA-TS-A8AI-01A,TCGA-TS-A8AI-01A,1.0,0.0,0.0,0.0,0.0
8,3640352,+,12,65380932,+,MESO,6526,TCGA-TS-A8AI-01A,TCGA-TS-A8AI-01A,1.0,0.0,0.0,0.0,0.0
8,6490204,+,22,44662100,-,MESO,6527,TCGA-TS-A8AI-01A,TCGA-TS-A8AI-01A,1.0,0.0,0.0,0.0,0.0
8,6492470,-,22,44669548,-,MESO,6528,TCGA-TS-A8AI-01A,TCGA-TS-A8AI-01A,1.0,0.0,0.0,0.0,0.0
8,10740404,+,8,10750328,-,MESO,6529,TCGA-TS-A8AI-01A,TCGA-TS-A8AI-01A,1.0,0.0,0.0,0.0,0.0
8,30685198,+,8,30690348,-,MESO,6530,TCGA-TS-A8AI-01A,TCGA-TS-A8AI-01A,1.0,0.0,0.0,0.0,0.0
8,36024523,+,8,36061182,+,MESO,6531,TCGA-TS-A8AI-01A,TCGA-TS-A8AI-01A,1.0,0.0,0.0,0.0,0.0
8,36049171,-,8,36061196,-,MESO,6532,TCGA-TS-A8AI-01A,TCGA-TS-A8AI-01A,1.0,0.0,0.0,0.0,0.0
8,36729720,+,8,36977105,-,MESO,6533,TCGA-TS-A8AI-01A,TCGA-TS-A8AI-01A,1.0,0.0,0.0,0.0,0.0
8,36730229,+,8,75492477,-,MESO,6534,TCGA-TS-A8AI-01A,TCGA-TS-A8AI-01A,1.0,0.0,0.0,0.0,0.0
8,36800061,-,8,36981657,-,MESO,6535,TCGA-TS-A8AI-01A,TCGA-TS-A8AI-01A,1.0,0.0,0.0,0.0,0.0
8,36836465,+,8,77314473,-,MESO,6536,TCGA-TS-A8AI-01A,TCGA-TS-A8AI-01A,1.0,0.0,0.0,0.0,0.0
8,36952974,-,8,37112380,-,MESO,6537,TCGA-TS-A8AI-01A,TCGA-TS-A8AI-01A,1.0,0.0,0.0,0.0,0.0
8,36977043,+,8,76537178,+,MESO,6538,TCGA-TS-A8AI-01A,TCGA-TS-A8AI-01A,1.0,0.0,0.0,0.0,0.0
8,36979563,+,8,77317762,+,MESO,6539,TCGA-TS-A8AI-01A,TCGA-TS-A8AI-01A,1.0,0.0,0.0,0.0,0.0
8,36982231,+,8,75935430,-,MESO,6540,TCGA-TS-A8AI-01A,TCGA-TS-A8AI-01A,1.0,0.0,0.0,0.0,0.0
8,37010239,-,8,77590196,+,MESO,6541,TCGA-TS-A8AI-01A,TCGA-TS-A8AI-01A,1.0,0.0,0.0,0.0,0.0
8,37032381,+,8,76562231,-,MESO,6542,TCGA-TS-A8AI-01A,TCGA-TS-A8AI-01A,1.0,0.0,0.0,0.0,0.0
8,75432101,+,8,77608486,-,MESO,6543,TCGA-TS-A8AI-01A,TCGA-TS-A8AI-01A,1.0,0.0,0.0,0.0,0.0
8,75492774,+,8,77314427,+,MESO,6544,TCGA-TS-A8AI-01A,TCGA-TS-A8AI-01A,1.0,0.0,0.0,0.0,0.0
8,77500908,-,8,83645984,-,MESO,6545,TCGA-TS-A8AI-01A,TCGA-TS-A8AI-01A,1.0,0.0,0.0,0.0,0.0
8,78342108,+,8,78344869,-,MESO,6546,TCGA-TS-A8AI-01A,TCGA-TS-A8AI-01A,1.0,0.0,0.0,0.0,0.0
8,110908263,+,8,110910883,-,MESO,6547,TCGA-TS-A8AI-01A,TCGA-TS-A8AI-01A,1.0,0.0,0.0,0.0,0.0
8,129023927,+,8,129030837,-,MESO,6548,TCGA-TS-A8AI-01A,TCGA-TS-A8AI-01A,1.0,0.0,0.0,0.0,0.0
8,141404937,+,8,141409751,-,MESO,6549,TCGA-TS-A8AI-01A,TCGA-TS-A8AI-01A,1.0,0.0,0.0,0.0,0.0
9,21572138,+,15,42689530,+,MESO,6550,TCGA-TS-A8AI-01A,TCGA-TS-A8AI-01A,1.0,0.0,0.0,0.0,0.0
9,21572138,+,9,33210265,+,MESO,6551,TCGA-TS-A8AI-01A,TCGA-TS-A8AI-01A,1.0,0.0,0.0,0.0,0.0
9,32176221,-,11,16504766,+,MESO,6552,TCGA-TS-A8AI-01A,TCGA-TS-A8AI-01A,1.0,0.0,0.0,0.0,0.0
9,33210265,+,15,42689323,-,MESO,6553,TCGA-TS-A8AI-01A,TCGA-TS-A8AI-01A,1.0,0.0,0.0,0.0,0.0
9,35101987,-,9,39087787,-,MESO,6554,TCGA-TS-A8AI-01A,TCGA-TS-A8AI-01A,1.0,0.0,0.0,0.0,0.0
9,35406352,+,11,12584889,-,MESO,6555,TCGA-TS-A8AI-01A,TCGA-TS-A8AI-01A,1.0,0.0,0.0,0.0,0.0
9,42926115,-,12,33580477,-,MESO,6556,TCGA-TS-A8AI-01A,TCGA-TS-A8AI-01A,1.0,0.0,0.0,0.0,0.0
9,67209257,+,12,32462371,+,MESO,6557,TCGA-TS-A8AI-01A,TCGA-TS-A8AI-01A,1.0,0.0,0.0,0.0,0.0
9,71429692,-,11,23326413,-,MESO,6558,TCGA-TS-A8AI-01A,TCGA-TS-A8AI-01A,1.0,0.0,0.0,0.0,0.0
9,102382476,+,9,102386847,-,MESO,6559,TCGA-TS-A8AI-01A,TCGA-TS-A8AI-01A,1.0,0.0,0.0,0.0,0.0
9,104710788,+,10,87094646,-,MESO,6560,TCGA-TS-A8AI-01A,TCGA-TS-A8AI-01A,1.0,0.0,0.0,0.0,0.0
9,104711587,-,10,87095317,+,MESO,6561,TCGA-TS-A8AI-01A,TCGA-TS-A8AI-01A,1.0,0.0,0.0,0.0,0.0
9,105903697,+,9,105904489,-,MESO,6562,TCGA-TS-A8AI-01A,TCGA-TS-A8AI-01A,1.0,0.0,0.0,0.0,0.0
23,114373074,+,23,114450374,-,MESO,6563,TCGA-TS-A8AI-01A,TCGA-TS-A8AI-01A,1.0,0.0,0.0,0.0,0.0
24,3041082,+,24,4020283,+,MESO,6564,TCGA-TS-A8AI-01A,TCGA-TS-A8AI-01A,1.0,0.0,0.0,0.0,0.0
24,12901912,+,24,19406974,+,MESO,6565,TCGA-TS-A8AI-01A,TCGA-TS-A8AI-01A,1.0,0.0,0.0,0.0,0.0
24,14173321,-,24,19404250,+,MESO,6566,TCGA-TS-A8AI-01A,TCGA-TS-A8AI-01A,1.0,0.0,0.0,0.0,0.0
24,14173611,+,24,20670434,-,MESO,6567,TCGA-TS-A8AI-01A,TCGA-TS-A8AI-01A,1.0,0.0,0.0,0.0,0.0
24,15339017,+,24,15656421,-,MESO,6568,TCGA-TS-A8AI-01A,TCGA-TS-A8AI-01A,1.0,0.0,0.0,0.0,0.0
24,15339017,+,24,20391114,+,MESO,6569,TCGA-TS-A8AI-01A,TCGA-TS-A8AI-01A,1.0,0.0,0.0,0.0,0.0
24,15656050,-,24,19455883,+,MESO,6570,TCGA-TS-A8AI-01A,TCGA-TS-A8AI-01A,1.0,0.0,0.0,0.0,0.0
24,15656588,+,24,20391114,+,MESO,6571,TCGA-TS-A8AI-01A,TCGA-TS-A8AI-01A,1.0,0.0,0.0,0.0,0.0
24,19403964,-,24,19454838,-,MESO,6572,TCGA-TS-A8AI-01A,TCGA-TS-A8AI-01A,1.0,0.0,0.0,0.0,0.0
24,19998182,-,24,26664126,+,MESO,6573,TCGA-TS-A8AI-01A,TCGA-TS-A8AI-01A,1.0,0.0,0.0,0.0,0.0
1,5964942,-,11,12564546,+,MESO,6574,TCGA-TS-A8AS-01A,TCGA-TS-A8AS-01A,1.0,0.0,0.0,0.0,0.0
1,29872109,-,1,29873319,+,MESO,6575,TCGA-TS-A8AS-01A,TCGA-TS-A8AS-01A,1.0,0.0,0.0,0.0,0.0
1,179173523,-,7,102161188,-,MESO,6576,TCGA-TS-A8AS-01A,TCGA-TS-A8AS-01A,1.0,0.0,0.0,0.0,0.0
1,229417379,+,23,109182877,-,MESO,6577,TCGA-TS-A8AS-01A,TCGA-TS-A8AS-01A,1.0,0.0,0.0,0.0,0.0
1,229417596,-,23,109183048,+,MESO,6578,TCGA-TS-A8AS-01A,TCGA-TS-A8AS-01A,1.0,0.0,0.0,0.0,0.0
10,132700076,+,10,132700643,-,MESO,6579,TCGA-TS-A8AS-01A,TCGA-TS-A8AS-01A,1.0,0.0,0.0,0.0,0.0
12,31709162,+,12,31709795,-,MESO,6580,TCGA-TS-A8AS-01A,TCGA-TS-A8AS-01A,1.0,0.0,0.0,0.0,0.0
13,39830853,+,23,134212089,-,MESO,6581,TCGA-TS-A8AS-01A,TCGA-TS-A8AS-01A,1.0,0.0,0.0,0.0,0.0
2,30236383,+,2,30236933,-,MESO,6582,TCGA-TS-A8AS-01A,TCGA-TS-A8AS-01A,1.0,0.0,0.0,0.0,0.0
2,92452480,-,2,93984381,+,MESO,6583,TCGA-TS-A8AS-01A,TCGA-TS-A8AS-01A,1.0,0.0,0.0,0.0,0.0
2,93315154,-,2,93680651,+,MESO,6584,TCGA-TS-A8AS-01A,TCGA-TS-A8AS-01A,1.0,0.0,0.0,0.0,0.0
2,222866745,-,19,15170629,+,MESO,6585,TCGA-TS-A8AS-01A,TCGA-TS-A8AS-01A,1.0,0.0,0.0,0.0,0.0
3,39398879,-,6,64877380,+,MESO,6586,TCGA-TS-A8AS-01A,TCGA-TS-A8AS-01A,1.0,0.0,0.0,0.0,0.0
3,39399527,+,6,69264503,-,MESO,6587,TCGA-TS-A8AS-01A,TCGA-TS-A8AS-01A,1.0,0.0,0.0,0.0,0.0
3,39767455,-,6,69265205,+,MESO,6588,TCGA-TS-A8AS-01A,TCGA-TS-A8AS-01A,1.0,0.0,0.0,0.0,0.0
3,39771725,+,3,88826017,-,MESO,6589,TCGA-TS-A8AS-01A,TCGA-TS-A8AS-01A,1.0,0.0,0.0,0.0,0.0
3,88262816,-,3,88826954,+,MESO,6590,TCGA-TS-A8AS-01A,TCGA-TS-A8AS-01A,1.0,0.0,0.0,0.0,0.0
3,88265619,+,3,89416007,-,MESO,6591,TCGA-TS-A8AS-01A,TCGA-TS-A8AS-01A,1.0,0.0,0.0,0.0,0.0
3,88489562,-,3,89469472,+,MESO,6592,TCGA-TS-A8AS-01A,TCGA-TS-A8AS-01A,1.0,0.0,0.0,0.0,0.0
3,88609360,+,3,89472131,-,MESO,6593,TCGA-TS-A8AS-01A,TCGA-TS-A8AS-01A,1.0,0.0,0.0,0.0,0.0
3,89417032,+,3,89466856,-,MESO,6594,TCGA-TS-A8AS-01A,TCGA-TS-A8AS-01A,1.0,0.0,0.0,0.0,0.0
3,116002129,-,3,116167152,+,MESO,6595,TCGA-TS-A8AS-01A,TCGA-TS-A8AS-01A,1.0,0.0,0.0,0.0,0.0
3,169378438,+,14,90829464,-,MESO,6596,TCGA-TS-A8AS-01A,TCGA-TS-A8AS-01A,1.0,0.0,0.0,0.0,0.0
4,92649146,-,15,56670008,+,MESO,6597,TCGA-TS-A8AS-01A,TCGA-TS-A8AS-01A,1.0,0.0,0.0,0.0,0.0
4,179430326,-,10,96922391,-,MESO,6598,TCGA-TS-A8AS-01A,TCGA-TS-A8AS-01A,1.0,0.0,0.0,0.0,0.0
4,179430326,+,4,179801559,+,MESO,6599,TCGA-TS-A8AS-01A,TCGA-TS-A8AS-01A,1.0,0.0,0.0,0.0,0.0
4,179804061,-,10,96922362,+,MESO,6600,TCGA-TS-A8AS-01A,TCGA-TS-A8AS-01A,1.0,0.0,0.0,0.0,0.0
5,49671792,+,5,49694488,-,MESO,6601,TCGA-TS-A8AS-01A,TCGA-TS-A8AS-01A,1.0,0.0,0.0,0.0,0.0
5,49676372,+,5,49716305,-,MESO,6602,TCGA-TS-A8AS-01A,TCGA-TS-A8AS-01A,1.0,0.0,0.0,0.0,0.0
5,49694545,+,5,49720097,-,MESO,6603,TCGA-TS-A8AS-01A,TCGA-TS-A8AS-01A,1.0,0.0,0.0,0.0,0.0
6,64514536,+,6,64876699,-,MESO,6604,TCGA-TS-A8AS-01A,TCGA-TS-A8AS-01A,1.0,0.0,0.0,0.0,0.0
6,97355051,-,8,138442238,-,MESO,6605,TCGA-TS-A8AS-01A,TCGA-TS-A8AS-01A,1.0,0.0,0.0,0.0,0.0
23,47661145,+,23,47661654,-,MESO,6606,TCGA-TS-A8AS-01A,TCGA-TS-A8AS-01A,1.0,0.0,0.0,0.0,0.0
1,124293008,-,1,124293643,+,MESO,6607,TCGA-TS-A8AV-01A,TCGA-TS-A8AV-01A,1.0,0.0,0.0,0.0,0.0
10,114305397,+,11,128694542,-,MESO,6608,TCGA-TS-A8AV-01A,TCGA-TS-A8AV-01A,1.0,0.0,0.0,0.0,0.0
11,52954105,+,11,53981381,-,MESO,6609,TCGA-TS-A8AV-01A,TCGA-TS-A8AV-01A,1.0,0.0,0.0,0.0,0.0
12,1197803,+,12,29541769,+,MESO,6610,TCGA-TS-A8AV-01A,TCGA-TS-A8AV-01A,1.0,0.0,0.0,0.0,0.0
12,27177118,+,12,27177838,-,MESO,6611,TCGA-TS-A8AV-01A,TCGA-TS-A8AV-01A,1.0,0.0,0.0,0.0,0.0
12,29958036,-,12,30821736,+,MESO,6612,TCGA-TS-A8AV-01A,TCGA-TS-A8AV-01A,1.0,0.0,0.0,0.0,0.0
12,30199039,-,12,63646868,+,MESO,6613,TCGA-TS-A8AV-01A,TCGA-TS-A8AV-01A,1.0,0.0,0.0,0.0,0.0
12,85983801,+,12,86827971,-,MESO,6614,TCGA-TS-A8AV-01A,TCGA-TS-A8AV-01A,1.0,0.0,0.0,0.0,0.0
12,85989862,+,12,91459029,+,MESO,6615,TCGA-TS-A8AV-01A,TCGA-TS-A8AV-01A,1.0,0.0,0.0,0.0,0.0
12,86008585,+,12,86130369,-,MESO,6616,TCGA-TS-A8AV-01A,TCGA-TS-A8AV-01A,1.0,0.0,0.0,0.0,0.0
12,86018575,-,12,91455360,+,MESO,6617,TCGA-TS-A8AV-01A,TCGA-TS-A8AV-01A,1.0,0.0,0.0,0.0,0.0
12,86119903,+,12,86279726,-,MESO,6618,TCGA-TS-A8AV-01A,TCGA-TS-A8AV-01A,1.0,0.0,0.0,0.0,0.0
12,86123360,+,12,86738811,-,MESO,6619,TCGA-TS-A8AV-01A,TCGA-TS-A8AV-01A,1.0,0.0,0.0,0.0,0.0
13,50344397,-,15,96339954,-,MESO,6620,TCGA-TS-A8AV-01A,TCGA-TS-A8AV-01A,1.0,0.0,0.0,0.0,0.0
14,54724024,+,18,70706155,+,MESO,6621,TCGA-TS-A8AV-01A,TCGA-TS-A8AV-01A,1.0,0.0,0.0,0.0,0.0
15,20207307,+,16,33644030,+,MESO,6622,TCGA-TS-A8AV-01A,TCGA-TS-A8AV-01A,1.0,0.0,0.0,0.0,0.0
15,26087337,+,15,48507327,-,MESO,6623,TCGA-TS-A8AV-01A,TCGA-TS-A8AV-01A,1.0,0.0,0.0,0.0,0.0
15,46325494,-,18,51786377,-,MESO,6624,TCGA-TS-A8AV-01A,TCGA-TS-A8AV-01A,1.0,0.0,0.0,0.0,0.0
2,92316484,+,2,92733593,-,MESO,6625,TCGA-TS-A8AV-01A,TCGA-TS-A8AV-01A,1.0,0.0,0.0,0.0,0.0
2,95848679,-,2,97252629,-,MESO,6626,TCGA-TS-A8AV-01A,TCGA-TS-A8AV-01A,1.0,0.0,0.0,0.0,0.0
2,215380684,-,2,216166641,+,MESO,6627,TCGA-TS-A8AV-01A,TCGA-TS-A8AV-01A,1.0,0.0,0.0,0.0,0.0
2,228864612,+,12,18380037,-,MESO,6628,TCGA-TS-A8AV-01A,TCGA-TS-A8AV-01A,1.0,0.0,0.0,0.0,0.0
3,22512041,+,3,22609568,-,MESO,6629,TCGA-TS-A8AV-01A,TCGA-TS-A8AV-01A,1.0,0.0,0.0,0.0,0.0
3,53011850,+,13,50945126,-,MESO,6630,TCGA-TS-A8AV-01A,TCGA-TS-A8AV-01A,1.0,0.0,0.0,0.0,0.0
3,91025758,-,3,91116704,+,MESO,6631,TCGA-TS-A8AV-01A,TCGA-TS-A8AV-01A,1.0,0.0,0.0,0.0,0.0
3,91042672,-,3,91223787,+,MESO,6632,TCGA-TS-A8AV-01A,TCGA-TS-A8AV-01A,1.0,0.0,0.0,0.0,0.0
3,125726909,-,12,8435923,-,MESO,6633,TCGA-TS-A8AV-01A,TCGA-TS-A8AV-01A,1.0,0.0,0.0,0.0,0.0
4,108304118,+,14,46370110,+,MESO,6634,TCGA-TS-A8AV-01A,TCGA-TS-A8AV-01A,1.0,0.0,0.0,0.0,0.0
5,49744542,+,5,49790342,-,MESO,6635,TCGA-TS-A8AV-01A,TCGA-TS-A8AV-01A,1.0,0.0,0.0,0.0,0.0
5,49855934,-,5,50023495,+,MESO,6636,TCGA-TS-A8AV-01A,TCGA-TS-A8AV-01A,1.0,0.0,0.0,0.0,0.0
5,49895793,-,5,49984024,+,MESO,6637,TCGA-TS-A8AV-01A,TCGA-TS-A8AV-01A,1.0,0.0,0.0,0.0,0.0
5,97125455,+,5,99725115,+,MESO,6638,TCGA-TS-A8AV-01A,TCGA-TS-A8AV-01A,1.0,0.0,0.0,0.0,0.0
5,97128191,-,5,99946728,+,MESO,6639,TCGA-TS-A8AV-01A,TCGA-TS-A8AV-01A,1.0,0.0,0.0,0.0,0.0
5,97137266,-,5,97139256,-,MESO,6640,TCGA-TS-A8AV-01A,TCGA-TS-A8AV-01A,1.0,0.0,0.0,0.0,0.0
5,97138050,-,5,100426879,+,MESO,6641,TCGA-TS-A8AV-01A,TCGA-TS-A8AV-01A,1.0,0.0,0.0,0.0,0.0
5,100232707,+,5,100422468,-,MESO,6642,TCGA-TS-A8AV-01A,TCGA-TS-A8AV-01A,1.0,0.0,0.0,0.0,0.0
6,47485870,+,18,51565502,+,MESO,6643,TCGA-TS-A8AV-01A,TCGA-TS-A8AV-01A,1.0,0.0,0.0,0.0,0.0
6,47826516,-,15,46426128,+,MESO,6644,TCGA-TS-A8AV-01A,TCGA-TS-A8AV-01A,1.0,0.0,0.0,0.0,0.0
7,61467861,-,7,61492505,+,MESO,6645,TCGA-TS-A8AV-01A,TCGA-TS-A8AV-01A,1.0,0.0,0.0,0.0,0.0
8,21658269,+,23,107749230,+,MESO,6646,TCGA-TS-A8AV-01A,TCGA-TS-A8AV-01A,1.0,0.0,0.0,0.0,0.0
8,45176649,-,8,45574886,+,MESO,6647,TCGA-TS-A8AV-01A,TCGA-TS-A8AV-01A,1.0,0.0,0.0,0.0,0.0
9,21312932,+,9,21334551,-,MESO,6648,TCGA-TS-A8AV-01A,TCGA-TS-A8AV-01A,1.0,0.0,0.0,0.0,0.0
9,21447351,-,9,22805508,+,MESO,6649,TCGA-TS-A8AV-01A,TCGA-TS-A8AV-01A,1.0,0.0,0.0,0.0,0.0
9,21452212,+,9,22806072,-,MESO,6650,TCGA-TS-A8AV-01A,TCGA-TS-A8AV-01A,1.0,0.0,0.0,0.0,0.0
9,21533396,-,9,21708487,+,MESO,6651,TCGA-TS-A8AV-01A,TCGA-TS-A8AV-01A,1.0,0.0,0.0,0.0,0.0
9,21546471,+,9,22799793,-,MESO,6652,TCGA-TS-A8AV-01A,TCGA-TS-A8AV-01A,1.0,0.0,0.0,0.0,0.0
9,21648727,+,9,22855683,+,MESO,6653,TCGA-TS-A8AV-01A,TCGA-TS-A8AV-01A,1.0,0.0,0.0,0.0,0.0
9,98898671,-,12,86119605,-,MESO,6654,TCGA-TS-A8AV-01A,TCGA-TS-A8AV-01A,1.0,0.0,0.0,0.0,0.0
9,98900112,+,12,86159293,+,MESO,6655,TCGA-TS-A8AV-01A,TCGA-TS-A8AV-01A,1.0,0.0,0.0,0.0,0.0
9,98901583,-,12,86156602,-,MESO,6656,TCGA-TS-A8AV-01A,TCGA-TS-A8AV-01A,1.0,0.0,0.0,0.0,0.0
9,98903075,-,12,86018355,+,MESO,6657,TCGA-TS-A8AV-01A,TCGA-TS-A8AV-01A,1.0,0.0,0.0,0.0,0.0
9,98926514,-,12,16412074,-,MESO,6658,TCGA-TS-A8AV-01A,TCGA-TS-A8AV-01A,1.0,0.0,0.0,0.0,0.0
9,99295393,+,9,103592150,+,MESO,6659,TCGA-TS-A8AV-01A,TCGA-TS-A8AV-01A,1.0,0.0,0.0,0.0,0.0
9,101669385,-,12,30519126,+,MESO,6660,TCGA-TS-A8AV-01A,TCGA-TS-A8AV-01A,1.0,0.0,0.0,0.0,0.0
1,2017885,+,13,60024945,+,MESO,6661,TCGA-TS-A8AY-01A,TCGA-TS-A8AY-01A,1.0,0.0,0.0,0.0,0.0
1,2017892,-,13,60022442,-,MESO,6662,TCGA-TS-A8AY-01A,TCGA-TS-A8AY-01A,1.0,0.0,0.0,0.0,0.0
1,8833255,-,1,8935943,+,MESO,6663,TCGA-TS-A8AY-01A,TCGA-TS-A8AY-01A,1.0,0.0,0.0,0.0,0.0
1,13057723,-,20,14531615,-,MESO,6664,TCGA-TS-A8AY-01A,TCGA-TS-A8AY-01A,1.0,0.0,0.0,0.0,0.0
1,25111217,-,9,134948509,+,MESO,6665,TCGA-TS-A8AY-01A,TCGA-TS-A8AY-01A,1.0,0.0,0.0,0.0,0.0
1,25124680,+,2,105742321,-,MESO,6666,TCGA-TS-A8AY-01A,TCGA-TS-A8AY-01A,1.0,0.0,0.0,0.0,0.0
1,27500279,-,16,35505542,-,MESO,6667,TCGA-TS-A8AY-01A,TCGA-TS-A8AY-01A,1.0,0.0,0.0,0.0,0.0
1,27503448,+,2,9842860,-,MESO,6668,TCGA-TS-A8AY-01A,TCGA-TS-A8AY-01A,1.0,0.0,0.0,0.0,0.0
1,43215622,+,1,43216667,-,MESO,6669,TCGA-TS-A8AY-01A,TCGA-TS-A8AY-01A,1.0,0.0,0.0,0.0,0.0
1,49951574,-,4,6700592,+,MESO,6670,TCGA-TS-A8AY-01A,TCGA-TS-A8AY-01A,1.0,0.0,0.0,0.0,0.0
1,49953262,+,1,62546942,-,MESO,6671,TCGA-TS-A8AY-01A,TCGA-TS-A8AY-01A,1.0,0.0,0.0,0.0,0.0
1,51109966,-,4,161361562,+,MESO,6672,TCGA-TS-A8AY-01A,TCGA-TS-A8AY-01A,1.0,0.0,0.0,0.0,0.0
1,51112460,+,12,94695522,+,MESO,6673,TCGA-TS-A8AY-01A,TCGA-TS-A8AY-01A,1.0,0.0,0.0,0.0,0.0
1,52209570,+,16,51022062,-,MESO,6674,TCGA-TS-A8AY-01A,TCGA-TS-A8AY-01A,1.0,0.0,0.0,0.0,0.0
1,52217071,-,13,90883129,+,MESO,6675,TCGA-TS-A8AY-01A,TCGA-TS-A8AY-01A,1.0,0.0,0.0,0.0,0.0
1,52217744,+,6,137910225,-,MESO,6676,TCGA-TS-A8AY-01A,TCGA-TS-A8AY-01A,1.0,0.0,0.0,0.0,0.0
1,52218034,+,4,25439775,+,MESO,6677,TCGA-TS-A8AY-01A,TCGA-TS-A8AY-01A,1.0,0.0,0.0,0.0,0.0
1,52229411,-,8,64158288,-,MESO,6678,TCGA-TS-A8AY-01A,TCGA-TS-A8AY-01A,1.0,0.0,0.0,0.0,0.0
1,52230719,+,10,21551135,-,MESO,6679,TCGA-TS-A8AY-01A,TCGA-TS-A8AY-01A,1.0,0.0,0.0,0.0,0.0
1,52230782,-,12,101897590,-,MESO,6680,TCGA-TS-A8AY-01A,TCGA-TS-A8AY-01A,1.0,0.0,0.0,0.0,0.0
1,52231201,+,20,49540785,-,MESO,6681,TCGA-TS-A8AY-01A,TCGA-TS-A8AY-01A,1.0,0.0,0.0,0.0,0.0
1,52238406,-,20,49522672,+,MESO,6682,TCGA-TS-A8AY-01A,TCGA-TS-A8AY-01A,1.0,0.0,0.0,0.0,0.0
1,52239161,+,11,4948148,-,MESO,6683,TCGA-TS-A8AY-01A,TCGA-TS-A8AY-01A,1.0,0.0,0.0,0.0,0.0
1,62547430,+,4,6699939,+,MESO,6684,TCGA-TS-A8AY-01A,TCGA-TS-A8AY-01A,1.0,0.0,0.0,0.0,0.0
1,71148363,+,5,103147031,+,MESO,6685,TCGA-TS-A8AY-01A,TCGA-TS-A8AY-01A,1.0,0.0,0.0,0.0,0.0
1,101497052,-,8,133313007,+,MESO,6686,TCGA-TS-A8AY-01A,TCGA-TS-A8AY-01A,1.0,0.0,0.0,0.0,0.0
1,108024860,-,4,25439775,+,MESO,6687,TCGA-TS-A8AY-01A,TCGA-TS-A8AY-01A,1.0,0.0,0.0,0.0,0.0
1,108028165,+,11,4941745,+,MESO,6688,TCGA-TS-A8AY-01A,TCGA-TS-A8AY-01A,1.0,0.0,0.0,0.0,0.0
1,112085858,-,17,77166217,+,MESO,6689,TCGA-TS-A8AY-01A,TCGA-TS-A8AY-01A,1.0,0.0,0.0,0.0,0.0
1,112088587,+,2,209177665,-,MESO,6690,TCGA-TS-A8AY-01A,TCGA-TS-A8AY-01A,1.0,0.0,0.0,0.0,0.0
1,146335711,+,10,53655841,+,MESO,6691,TCGA-TS-A8AY-01A,TCGA-TS-A8AY-01A,1.0,0.0,0.0,0.0,0.0
1,169808213,-,13,59052056,-,MESO,6692,TCGA-TS-A8AY-01A,TCGA-TS-A8AY-01A,1.0,0.0,0.0,0.0,0.0
1,169812627,+,10,76172445,+,MESO,6693,TCGA-TS-A8AY-01A,TCGA-TS-A8AY-01A,1.0,0.0,0.0,0.0,0.0
1,187845477,-,4,47798642,-,MESO,6694,TCGA-TS-A8AY-01A,TCGA-TS-A8AY-01A,1.0,0.0,0.0,0.0,0.0
1,187848293,+,2,171158212,-,MESO,6695,TCGA-TS-A8AY-01A,TCGA-TS-A8AY-01A,1.0,0.0,0.0,0.0,0.0
1,187974683,-,5,50592902,+,MESO,6696,TCGA-TS-A8AY-01A,TCGA-TS-A8AY-01A,1.0,0.0,0.0,0.0,0.0
1,187978248,+,2,189807652,-,MESO,6697,TCGA-TS-A8AY-01A,TCGA-TS-A8AY-01A,1.0,0.0,0.0,0.0,0.0
1,194164639,-,12,64021733,-,MESO,6698,TCGA-TS-A8AY-01A,TCGA-TS-A8AY-01A,1.0,0.0,0.0,0.0,0.0
1,194167950,+,6,96299271,-,MESO,6699,TCGA-TS-A8AY-01A,TCGA-TS-A8AY-01A,1.0,0.0,0.0,0.0,0.0
1,194418089,+,1,194418698,-,MESO,6700,TCGA-TS-A8AY-01A,TCGA-TS-A8AY-01A,1.0,0.0,0.0,0.0,0.0
1,212404937,+,1,215831714,-,MESO,6701,TCGA-TS-A8AY-01A,TCGA-TS-A8AY-01A,1.0,0.0,0.0,0.0,0.0
1,216620331,+,5,8068256,+,MESO,6702,TCGA-TS-A8AY-01A,TCGA-TS-A8AY-01A,1.0,0.0,0.0,0.0,0.0
1,216620345,-,5,8555816,-,MESO,6703,TCGA-TS-A8AY-01A,TCGA-TS-A8AY-01A,1.0,0.0,0.0,0.0,0.0
1,216624522,+,1,221379623,+,MESO,6704,TCGA-TS-A8AY-01A,TCGA-TS-A8AY-01A,1.0,0.0,0.0,0.0,0.0
1,216624526,-,1,221379645,-,MESO,6705,TCGA-TS-A8AY-01A,TCGA-TS-A8AY-01A,1.0,0.0,0.0,0.0,0.0
1,228685865,-,9,87435190,-,MESO,6706,TCGA-TS-A8AY-01A,TCGA-TS-A8AY-01A,1.0,0.0,0.0,0.0,0.0
1,228687009,+,6,78427702,-,MESO,6707,TCGA-TS-A8AY-01A,TCGA-TS-A8AY-01A,1.0,0.0,0.0,0.0,0.0
1,246887277,+,5,103147037,-,MESO,6708,TCGA-TS-A8AY-01A,TCGA-TS-A8AY-01A,1.0,0.0,0.0,0.0,0.0
10,10658728,-,13,18651046,+,MESO,6709,TCGA-TS-A8AY-01A,TCGA-TS-A8AY-01A,1.0,0.0,0.0,0.0,0.0
10,10661623,-,23,86800757,+,MESO,6710,TCGA-TS-A8AY-01A,TCGA-TS-A8AY-01A,1.0,0.0,0.0,0.0,0.0
10,10661687,+,11,5126188,-,MESO,6711,TCGA-TS-A8AY-01A,TCGA-TS-A8AY-01A,1.0,0.0,0.0,0.0,0.0
10,10673740,+,23,86845550,-,MESO,6712,TCGA-TS-A8AY-01A,TCGA-TS-A8AY-01A,1.0,0.0,0.0,0.0,0.0
10,12070874,+,11,36216371,-,MESO,6713,TCGA-TS-A8AY-01A,TCGA-TS-A8AY-01A,1.0,0.0,0.0,0.0,0.0
10,12070917,-,10,21528215,-,MESO,6714,TCGA-TS-A8AY-01A,TCGA-TS-A8AY-01A,1.0,0.0,0.0,0.0,0.0
10,21552949,-,11,46378195,+,MESO,6715,TCGA-TS-A8AY-01A,TCGA-TS-A8AY-01A,1.0,0.0,0.0,0.0,0.0
10,33225299,+,10,33226413,-,MESO,6716,TCGA-TS-A8AY-01A,TCGA-TS-A8AY-01A,1.0,0.0,0.0,0.0,0.0
10,41553382,+,10,41590046,-,MESO,6717,TCGA-TS-A8AY-01A,TCGA-TS-A8AY-01A,1.0,0.0,0.0,0.0,0.0
10,54240230,+,10,54256957,-,MESO,6718,TCGA-TS-A8AY-01A,TCGA-TS-A8AY-01A,1.0,0.0,0.0,0.0,0.0
10,70815924,-,11,33313184,+,MESO,6719,TCGA-TS-A8AY-01A,TCGA-TS-A8AY-01A,1.0,0.0,0.0,0.0,0.0
10,70857747,+,11,33261485,+,MESO,6720,TCGA-TS-A8AY-01A,TCGA-TS-A8AY-01A,1.0,0.0,0.0,0.0,0.0
10,70857933,-,11,33321359,-,MESO,6721,TCGA-TS-A8AY-01A,TCGA-TS-A8AY-01A,1.0,0.0,0.0,0.0,0.0
10,70861777,+,11,33304822,+,MESO,6722,TCGA-TS-A8AY-01A,TCGA-TS-A8AY-01A,1.0,0.0,0.0,0.0,0.0
10,76166831,-,11,24723929,-,MESO,6723,TCGA-TS-A8AY-01A,TCGA-TS-A8AY-01A,1.0,0.0,0.0,0.0,0.0
10,95601376,+,10,95609742,-,MESO,6724,TCGA-TS-A8AY-01A,TCGA-TS-A8AY-01A,1.0,0.0,0.0,0.0,0.0
10,102470470,-,11,132209676,-,MESO,6725,TCGA-TS-A8AY-01A,TCGA-TS-A8AY-01A,1.0,0.0,0.0,0.0,0.0
10,102471651,+,23,128320162,+,MESO,6726,TCGA-TS-A8AY-01A,TCGA-TS-A8AY-01A,1.0,0.0,0.0,0.0,0.0
11,5147630,+,23,86796854,-,MESO,6727,TCGA-TS-A8AY-01A,TCGA-TS-A8AY-01A,1.0,0.0,0.0,0.0,0.0
11,7767516,+,19,2653312,-,MESO,6728,TCGA-TS-A8AY-01A,TCGA-TS-A8AY-01A,1.0,0.0,0.0,0.0,0.0
11,7791224,-,19,2657278,+,MESO,6729,TCGA-TS-A8AY-01A,TCGA-TS-A8AY-01A,1.0,0.0,0.0,0.0,0.0
11,7925033,+,11,7943358,-,MESO,6730,TCGA-TS-A8AY-01A,TCGA-TS-A8AY-01A,1.0,0.0,0.0,0.0,0.0
11,15559507,+,13,103776106,+,MESO,6731,TCGA-TS-A8AY-01A,TCGA-TS-A8AY-01A,1.0,0.0,0.0,0.0,0.0
11,18930447,-,17,43077929,+,MESO,6732,TCGA-TS-A8AY-01A,TCGA-TS-A8AY-01A,1.0,0.0,0.0,0.0,0.0
11,19515560,+,11,19553118,-,MESO,6733,TCGA-TS-A8AY-01A,TCGA-TS-A8AY-01A,1.0,0.0,0.0,0.0,0.0
11,26151523,-,18,4126652,-,MESO,6734,TCGA-TS-A8AY-01A,TCGA-TS-A8AY-01A,1.0,0.0,0.0,0.0,0.0
11,26153512,+,20,59014962,+,MESO,6735,TCGA-TS-A8AY-01A,TCGA-TS-A8AY-01A,1.0,0.0,0.0,0.0,0.0
11,27319588,-,16,55611230,+,MESO,6736,TCGA-TS-A8AY-01A,TCGA-TS-A8AY-01A,1.0,0.0,0.0,0.0,0.0
11,27319671,-,21,22015439,-,MESO,6737,TCGA-TS-A8AY-01A,TCGA-TS-A8AY-01A,1.0,0.0,0.0,0.0,0.0
11,27320326,+,16,7049795,+,MESO,6738,TCGA-TS-A8AY-01A,TCGA-TS-A8AY-01A,1.0,0.0,0.0,0.0,0.0
11,33273360,+,11,33291929,-,MESO,6739,TCGA-TS-A8AY-01A,TCGA-TS-A8AY-01A,1.0,0.0,0.0,0.0,0.0
11,33273403,-,11,121961863,-,MESO,6740,TCGA-TS-A8AY-01A,TCGA-TS-A8AY-01A,1.0,0.0,0.0,0.0,0.0
11,33275891,+,11,113931186,-,MESO,6741,TCGA-TS-A8AY-01A,TCGA-TS-A8AY-01A,1.0,0.0,0.0,0.0,0.0
11,33312916,-,11,121997641,+,MESO,6742,TCGA-TS-A8AY-01A,TCGA-TS-A8AY-01A,1.0,0.0,0.0,0.0,0.0
11,33326714,+,11,119102109,+,MESO,6743,TCGA-TS-A8AY-01A,TCGA-TS-A8AY-01A,1.0,0.0,0.0,0.0,0.0
11,36218490,-,12,101899470,+,MESO,6744,TCGA-TS-A8AY-01A,TCGA-TS-A8AY-01A,1.0,0.0,0.0,0.0,0.0
11,36220527,+,23,35476523,+,MESO,6745,TCGA-TS-A8AY-01A,TCGA-TS-A8AY-01A,1.0,0.0,0.0,0.0,0.0
11,45581558,-,11,46375419,+,MESO,6746,TCGA-TS-A8AY-01A,TCGA-TS-A8AY-01A,1.0,0.0,0.0,0.0,0.0
11,45584249,+,14,102074669,-,MESO,6747,TCGA-TS-A8AY-01A,TCGA-TS-A8AY-01A,1.0,0.0,0.0,0.0,0.0
11,46375709,-,20,62736999,+,MESO,6748,TCGA-TS-A8AY-01A,TCGA-TS-A8AY-01A,1.0,0.0,0.0,0.0,0.0
11,46746668,-,11,46781375,+,MESO,6749,TCGA-TS-A8AY-01A,TCGA-TS-A8AY-01A,1.0,0.0,0.0,0.0,0.0
11,53022583,+,11,53074485,-,MESO,6750,TCGA-TS-A8AY-01A,TCGA-TS-A8AY-01A,1.0,0.0,0.0,0.0,0.0
11,105633953,+,14,33459732,+,MESO,6751,TCGA-TS-A8AY-01A,TCGA-TS-A8AY-01A,1.0,0.0,0.0,0.0,0.0
11,113931108,+,11,119119014,+,MESO,6752,TCGA-TS-A8AY-01A,TCGA-TS-A8AY-01A,1.0,0.0,0.0,0.0,0.0
11,117835771,+,14,96084816,+,MESO,6753,TCGA-TS-A8AY-01A,TCGA-TS-A8AY-01A,1.0,0.0,0.0,0.0,0.0
11,119084056,+,11,119119034,-,MESO,6754,TCGA-TS-A8AY-01A,TCGA-TS-A8AY-01A,1.0,0.0,0.0,0.0,0.0
11,119084073,-,11,121997817,-,MESO,6755,TCGA-TS-A8AY-01A,TCGA-TS-A8AY-01A,1.0,0.0,0.0,0.0,0.0
11,119102145,-,11,121915418,-,MESO,6756,TCGA-TS-A8AY-01A,TCGA-TS-A8AY-01A,1.0,0.0,0.0,0.0,0.0
11,119168975,+,11,122000339,-,MESO,6757,TCGA-TS-A8AY-01A,TCGA-TS-A8AY-01A,1.0,0.0,0.0,0.0,0.0
11,119169277,+,11,121962421,+,MESO,6758,TCGA-TS-A8AY-01A,TCGA-TS-A8AY-01A,1.0,0.0,0.0,0.0,0.0
11,119169385,-,11,119473199,-,MESO,6759,TCGA-TS-A8AY-01A,TCGA-TS-A8AY-01A,1.0,0.0,0.0,0.0,0.0
11,120206861,-,11,121931716,+,MESO,6760,TCGA-TS-A8AY-01A,TCGA-TS-A8AY-01A,1.0,0.0,0.0,0.0,0.0
11,121260983,+,11,121962946,-,MESO,6761,TCGA-TS-A8AY-01A,TCGA-TS-A8AY-01A,1.0,0.0,0.0,0.0,0.0
11,121961862,-,12,29540888,-,MESO,6762,TCGA-TS-A8AY-01A,TCGA-TS-A8AY-01A,1.0,0.0,0.0,0.0,0.0
11,132209661,+,23,128318746,-,MESO,6763,TCGA-TS-A8AY-01A,TCGA-TS-A8AY-01A,1.0,0.0,0.0,0.0,0.0
12,36468235,-,12,37126795,+,MESO,6764,TCGA-TS-A8AY-01A,TCGA-TS-A8AY-01A,1.0,0.0,0.0,0.0,0.0
12,40322583,+,12,40376075,-,MESO,6765,TCGA-TS-A8AY-01A,TCGA-TS-A8AY-01A,1.0,0.0,0.0,0.0,0.0
12,40372794,-,12,42138658,+,MESO,6766,TCGA-TS-A8AY-01A,TCGA-TS-A8AY-01A,1.0,0.0,0.0,0.0,0.0
12,40374624,+,12,43818893,-,MESO,6767,TCGA-TS-A8AY-01A,TCGA-TS-A8AY-01A,1.0,0.0,0.0,0.0,0.0
12,40647390,-,18,62279328,+,MESO,6768,TCGA-TS-A8AY-01A,TCGA-TS-A8AY-01A,1.0,0.0,0.0,0.0,0.0
12,40821783,-,12,128830129,-,MESO,6769,TCGA-TS-A8AY-01A,TCGA-TS-A8AY-01A,1.0,0.0,0.0,0.0,0.0
12,40821785,+,18,62279324,-,MESO,6770,TCGA-TS-A8AY-01A,TCGA-TS-A8AY-01A,1.0,0.0,0.0,0.0,0.0
12,42034533,+,12,43817380,-,MESO,6771,TCGA-TS-A8AY-01A,TCGA-TS-A8AY-01A,1.0,0.0,0.0,0.0,0.0
12,42137466,-,12,43818652,+,MESO,6772,TCGA-TS-A8AY-01A,TCGA-TS-A8AY-01A,1.0,0.0,0.0,0.0,0.0
12,59748099,-,12,102437338,+,MESO,6773,TCGA-TS-A8AY-01A,TCGA-TS-A8AY-01A,1.0,0.0,0.0,0.0,0.0
12,59759506,+,12,110483227,+,MESO,6774,TCGA-TS-A8AY-01A,TCGA-TS-A8AY-01A,1.0,0.0,0.0,0.0,0.0
12,64025205,+,16,35505908,+,MESO,6775,TCGA-TS-A8AY-01A,TCGA-TS-A8AY-01A,1.0,0.0,0.0,0.0,0.0
12,81762671,+,12,81768156,-,MESO,6776,TCGA-TS-A8AY-01A,TCGA-TS-A8AY-01A,1.0,0.0,0.0,0.0,0.0
12,81811721,-,18,24685365,+,MESO,6777,TCGA-TS-A8AY-01A,TCGA-TS-A8AY-01A,1.0,0.0,0.0,0.0,0.0
12,94694159,-,13,53388919,+,MESO,6778,TCGA-TS-A8AY-01A,TCGA-TS-A8AY-01A,1.0,0.0,0.0,0.0,0.0
12,107511721,+,12,130648731,-,MESO,6779,TCGA-TS-A8AY-01A,TCGA-TS-A8AY-01A,1.0,0.0,0.0,0.0,0.0
12,110475228,-,12,131706778,+,MESO,6780,TCGA-TS-A8AY-01A,TCGA-TS-A8AY-01A,1.0,0.0,0.0,0.0,0.0
12,130832657,+,12,130833989,+,MESO,6781,TCGA-TS-A8AY-01A,TCGA-TS-A8AY-01A,1.0,0.0,0.0,0.0,0.0
13,53386523,-,20,14532515,-,MESO,6782,TCGA-TS-A8AY-01A,TCGA-TS-A8AY-01A,1.0,0.0,0.0,0.0,0.0
13,65829737,-,16,72790843,-,MESO,6783,TCGA-TS-A8AY-01A,TCGA-TS-A8AY-01A,1.0,0.0,0.0,0.0,0.0
13,65830432,+,16,72790841,+,MESO,6784,TCGA-TS-A8AY-01A,TCGA-TS-A8AY-01A,1.0,0.0,0.0,0.0,0.0
13,103775735,-,19,36755320,+,MESO,6785,TCGA-TS-A8AY-01A,TCGA-TS-A8AY-01A,1.0,0.0,0.0,0.0,0.0
13,111959064,-,22,28443598,-,MESO,6786,TCGA-TS-A8AY-01A,TCGA-TS-A8AY-01A,1.0,0.0,0.0,0.0,0.0
13,111968953,+,22,24208596,-,MESO,6787,TCGA-TS-A8AY-01A,TCGA-TS-A8AY-01A,1.0,0.0,0.0,0.0,0.0
13,111988126,-,22,24274534,+,MESO,6788,TCGA-TS-A8AY-01A,TCGA-TS-A8AY-01A,1.0,0.0,0.0,0.0,0.0
14,23530982,-,17,78208313,+,MESO,6789,TCGA-TS-A8AY-01A,TCGA-TS-A8AY-01A,1.0,0.0,0.0,0.0,0.0
14,49657764,+,14,104597848,-,MESO,6790,TCGA-TS-A8AY-01A,TCGA-TS-A8AY-01A,1.0,0.0,0.0,0.0,0.0
14,96083014,-,20,8334841,+,MESO,6791,TCGA-TS-A8AY-01A,TCGA-TS-A8AY-01A,1.0,0.0,0.0,0.0,0.0
15,45613829,+,15,45618000,-,MESO,6792,TCGA-TS-A8AY-01A,TCGA-TS-A8AY-01A,1.0,0.0,0.0,0.0,0.0
15,60285643,+,17,27938111,-,MESO,6793,TCGA-TS-A8AY-01A,TCGA-TS-A8AY-01A,1.0,0.0,0.0,0.0,0.0
15,96408185,-,20,49545304,-,MESO,6794,TCGA-TS-A8AY-01A,TCGA-TS-A8AY-01A,1.0,0.0,0.0,0.0,0.0
15,99273146,+,16,59963567,-,MESO,6795,TCGA-TS-A8AY-01A,TCGA-TS-A8AY-01A,1.0,0.0,0.0,0.0,0.0
15,99273150,-,18,4204258,-,MESO,6796,TCGA-TS-A8AY-01A,TCGA-TS-A8AY-01A,1.0,0.0,0.0,0.0,0.0
16,51024890,+,20,49520780,+,MESO,6797,TCGA-TS-A8AY-01A,TCGA-TS-A8AY-01A,1.0,0.0,0.0,0.0,0.0
16,55610202,-,19,49363627,+,MESO,6798,TCGA-TS-A8AY-01A,TCGA-TS-A8AY-01A,1.0,0.0,0.0,0.0,0.0
16,55611274,-,23,58518296,+,MESO,6799,TCGA-TS-A8AY-01A,TCGA-TS-A8AY-01A,1.0,0.0,0.0,0.0,0.0
16,55612094,+,19,49363296,-,MESO,6800,TCGA-TS-A8AY-01A,TCGA-TS-A8AY-01A,1.0,0.0,0.0,0.0,0.0
16,59386090,+,16,62260165,-,MESO,6801,TCGA-TS-A8AY-01A,TCGA-TS-A8AY-01A,1.0,0.0,0.0,0.0,0.0
16,60040592,-,16,63339523,+,MESO,6802,TCGA-TS-A8AY-01A,TCGA-TS-A8AY-01A,1.0,0.0,0.0,0.0,0.0
16,62153454,-,16,63203997,-,MESO,6803,TCGA-TS-A8AY-01A,TCGA-TS-A8AY-01A,1.0,0.0,0.0,0.0,0.0
16,89223238,+,16,89502135,-,MESO,6804,TCGA-TS-A8AY-01A,TCGA-TS-A8AY-01A,1.0,0.0,0.0,0.0,0.0
17,9323630,+,17,9329040,+,MESO,6805,TCGA-TS-A8AY-01A,TCGA-TS-A8AY-01A,1.0,0.0,0.0,0.0,0.0
17,9323679,-,17,9329048,-,MESO,6806,TCGA-TS-A8AY-01A,TCGA-TS-A8AY-01A,1.0,0.0,0.0,0.0,0.0
17,13080980,+,22,24211249,+,MESO,6807,TCGA-TS-A8AY-01A,TCGA-TS-A8AY-01A,1.0,0.0,0.0,0.0,0.0
17,13083530,-,22,24666120,+,MESO,6808,TCGA-TS-A8AY-01A,TCGA-TS-A8AY-01A,1.0,0.0,0.0,0.0,0.0
17,22825181,-,17,22844066,+,MESO,6809,TCGA-TS-A8AY-01A,TCGA-TS-A8AY-01A,1.0,0.0,0.0,0.0,0.0
17,43497414,+,17,44009212,-,MESO,6810,TCGA-TS-A8AY-01A,TCGA-TS-A8AY-01A,1.0,0.0,0.0,0.0,0.0
17,74355969,-,23,123712638,-,MESO,6811,TCGA-TS-A8AY-01A,TCGA-TS-A8AY-01A,1.0,0.0,0.0,0.0,0.0
17,81274648,+,17,81297216,-,MESO,6812,TCGA-TS-A8AY-01A,TCGA-TS-A8AY-01A,1.0,0.0,0.0,0.0,0.0
18,4212437,+,20,17828837,-,MESO,6813,TCGA-TS-A8AY-01A,TCGA-TS-A8AY-01A,1.0,0.0,0.0,0.0,0.0
18,20117072,+,18,20278861,-,MESO,6814,TCGA-TS-A8AY-01A,TCGA-TS-A8AY-01A,1.0,0.0,0.0,0.0,0.0
18,20803168,+,18,20914724,-,MESO,6815,TCGA-TS-A8AY-01A,TCGA-TS-A8AY-01A,1.0,0.0,0.0,0.0,0.0
18,29977970,+,23,86786783,-,MESO,6816,TCGA-TS-A8AY-01A,TCGA-TS-A8AY-01A,1.0,0.0,0.0,0.0,0.0
18,42332516,+,18,54434289,-,MESO,6817,TCGA-TS-A8AY-01A,TCGA-TS-A8AY-01A,1.0,0.0,0.0,0.0,0.0
18,42339956,-,18,54415910,+,MESO,6818,TCGA-TS-A8AY-01A,TCGA-TS-A8AY-01A,1.0,0.0,0.0,0.0,0.0
18,44283682,+,21,16203843,-,MESO,6819,TCGA-TS-A8AY-01A,TCGA-TS-A8AY-01A,1.0,0.0,0.0,0.0,0.0
18,44293935,-,21,16200228,+,MESO,6820,TCGA-TS-A8AY-01A,TCGA-TS-A8AY-01A,1.0,0.0,0.0,0.0,0.0
19,18598599,-,19,37986511,-,MESO,6821,TCGA-TS-A8AY-01A,TCGA-TS-A8AY-01A,1.0,0.0,0.0,0.0,0.0
19,18601009,+,23,58517258,-,MESO,6822,TCGA-TS-A8AY-01A,TCGA-TS-A8AY-01A,1.0,0.0,0.0,0.0,0.0
19,18605834,-,19,37989461,+,MESO,6823,TCGA-TS-A8AY-01A,TCGA-TS-A8AY-01A,1.0,0.0,0.0,0.0,0.0
19,20153344,-,20,17832762,+,MESO,6824,TCGA-TS-A8AY-01A,TCGA-TS-A8AY-01A,1.0,0.0,0.0,0.0,0.0
19,51560884,+,19,52510903,-,MESO,6825,TCGA-TS-A8AY-01A,TCGA-TS-A8AY-01A,1.0,0.0,0.0,0.0,0.0
19,53367967,-,19,53376692,+,MESO,6826,TCGA-TS-A8AY-01A,TCGA-TS-A8AY-01A,1.0,0.0,0.0,0.0,0.0
2,5211458,-,22,24207864,-,MESO,6827,TCGA-TS-A8AY-01A,TCGA-TS-A8AY-01A,1.0,0.0,0.0,0.0,0.0
2,5211602,+,17,13083730,+,MESO,6828,TCGA-TS-A8AY-01A,TCGA-TS-A8AY-01A,1.0,0.0,0.0,0.0,0.0
2,9848162,+,14,104593277,-,MESO,6829,TCGA-TS-A8AY-01A,TCGA-TS-A8AY-01A,1.0,0.0,0.0,0.0,0.0
2,21356928,+,12,40646055,+,MESO,6830,TCGA-TS-A8AY-01A,TCGA-TS-A8AY-01A,1.0,0.0,0.0,0.0,0.0
2,32801782,-,13,71869107,-,MESO,6831,TCGA-TS-A8AY-01A,TCGA-TS-A8AY-01A,1.0,0.0,0.0,0.0,0.0
2,32812722,+,7,134071704,-,MESO,6832,TCGA-TS-A8AY-01A,TCGA-TS-A8AY-01A,1.0,0.0,0.0,0.0,0.0
2,32998355,-,3,73814724,+,MESO,6833,TCGA-TS-A8AY-01A,TCGA-TS-A8AY-01A,1.0,0.0,0.0,0.0,0.0
2,33013038,+,17,77165623,-,MESO,6834,TCGA-TS-A8AY-01A,TCGA-TS-A8AY-01A,1.0,0.0,0.0,0.0,0.0
2,38849808,-,8,8334171,+,MESO,6835,TCGA-TS-A8AY-01A,TCGA-TS-A8AY-01A,1.0,0.0,0.0,0.0,0.0
2,38852037,+,16,59985261,+,MESO,6836,TCGA-TS-A8AY-01A,TCGA-TS-A8AY-01A,1.0,0.0,0.0,0.0,0.0
2,57172782,-,9,88623008,-,MESO,6837,TCGA-TS-A8AY-01A,TCGA-TS-A8AY-01A,1.0,0.0,0.0,0.0,0.0
2,57178479,-,18,68707619,+,MESO,6838,TCGA-TS-A8AY-01A,TCGA-TS-A8AY-01A,1.0,0.0,0.0,0.0,0.0
2,57178482,+,18,68718062,-,MESO,6839,TCGA-TS-A8AY-01A,TCGA-TS-A8AY-01A,1.0,0.0,0.0,0.0,0.0
2,57240080,+,18,75176908,-,MESO,6840,TCGA-TS-A8AY-01A,TCGA-TS-A8AY-01A,1.0,0.0,0.0,0.0,0.0
2,57246926,-,2,57278565,-,MESO,6841,TCGA-TS-A8AY-01A,TCGA-TS-A8AY-01A,1.0,0.0,0.0,0.0,0.0
2,57271928,+,12,127011189,+,MESO,6842,TCGA-TS-A8AY-01A,TCGA-TS-A8AY-01A,1.0,0.0,0.0,0.0,0.0
2,65399123,-,11,5138483,+,MESO,6843,TCGA-TS-A8AY-01A,TCGA-TS-A8AY-01A,1.0,0.0,0.0,0.0,0.0
2,65405482,+,8,79138906,-,MESO,6844,TCGA-TS-A8AY-01A,TCGA-TS-A8AY-01A,1.0,0.0,0.0,0.0,0.0
2,74681326,+,2,223669850,+,MESO,6845,TCGA-TS-A8AY-01A,TCGA-TS-A8AY-01A,1.0,0.0,0.0,0.0,0.0
2,74882698,-,2,80785471,-,MESO,6846,TCGA-TS-A8AY-01A,TCGA-TS-A8AY-01A,1.0,0.0,0.0,0.0,0.0
2,80477859,+,12,128853821,-,MESO,6847,TCGA-TS-A8AY-01A,TCGA-TS-A8AY-01A,1.0,0.0,0.0,0.0,0.0
2,80477860,-,2,86138182,-,MESO,6848,TCGA-TS-A8AY-01A,TCGA-TS-A8AY-01A,1.0,0.0,0.0,0.0,0.0
2,80582835,+,2,80605774,-,MESO,6849,TCGA-TS-A8AY-01A,TCGA-TS-A8AY-01A,1.0,0.0,0.0,0.0,0.0
2,80785465,+,9,88623335,+,MESO,6850,TCGA-TS-A8AY-01A,TCGA-TS-A8AY-01A,1.0,0.0,0.0,0.0,0.0
2,81959917,+,16,63086970,+,MESO,6851,TCGA-TS-A8AY-01A,TCGA-TS-A8AY-01A,1.0,0.0,0.0,0.0,0.0
2,81960139,-,16,63341794,-,MESO,6852,TCGA-TS-A8AY-01A,TCGA-TS-A8AY-01A,1.0,0.0,0.0,0.0,0.0
2,82940939,-,16,60130548,+,MESO,6853,TCGA-TS-A8AY-01A,TCGA-TS-A8AY-01A,1.0,0.0,0.0,0.0,0.0
2,83025074,+,2,83800929,+,MESO,6854,TCGA-TS-A8AY-01A,TCGA-TS-A8AY-01A,1.0,0.0,0.0,0.0,0.0
2,83051363,-,2,84063170,-,MESO,6855,TCGA-TS-A8AY-01A,TCGA-TS-A8AY-01A,1.0,0.0,0.0,0.0,0.0
2,86139418,+,12,128853825,+,MESO,6856,TCGA-TS-A8AY-01A,TCGA-TS-A8AY-01A,1.0,0.0,0.0,0.0,0.0
2,91878720,+,24,11336171,-,MESO,6857,TCGA-TS-A8AY-01A,TCGA-TS-A8AY-01A,1.0,0.0,0.0,0.0,0.0
2,96361784,-,7,103024858,+,MESO,6858,TCGA-TS-A8AY-01A,TCGA-TS-A8AY-01A,1.0,0.0,0.0,0.0,0.0
2,105266922,+,9,134944490,-,MESO,6859,TCGA-TS-A8AY-01A,TCGA-TS-A8AY-01A,1.0,0.0,0.0,0.0,0.0
2,105326640,+,2,105823407,+,MESO,6860,TCGA-TS-A8AY-01A,TCGA-TS-A8AY-01A,1.0,0.0,0.0,0.0,0.0
2,105332157,-,2,105836888,-,MESO,6861,TCGA-TS-A8AY-01A,TCGA-TS-A8AY-01A,1.0,0.0,0.0,0.0,0.0
2,105742076,+,2,105821782,-,MESO,6862,TCGA-TS-A8AY-01A,TCGA-TS-A8AY-01A,1.0,0.0,0.0,0.0,0.0
2,105743874,+,14,33458897,-,MESO,6863,TCGA-TS-A8AY-01A,TCGA-TS-A8AY-01A,1.0,0.0,0.0,0.0,0.0
2,129572475,-,5,96722006,-,MESO,6864,TCGA-TS-A8AY-01A,TCGA-TS-A8AY-01A,1.0,0.0,0.0,0.0,0.0
2,129573534,+,6,60817885,+,MESO,6865,TCGA-TS-A8AY-01A,TCGA-TS-A8AY-01A,1.0,0.0,0.0,0.0,0.0
2,139565118,-,3,36933101,-,MESO,6866,TCGA-TS-A8AY-01A,TCGA-TS-A8AY-01A,1.0,0.0,0.0,0.0,0.0
2,139566513,+,20,49547479,+,MESO,6867,TCGA-TS-A8AY-01A,TCGA-TS-A8AY-01A,1.0,0.0,0.0,0.0,0.0
2,139567028,-,15,96408603,+,MESO,6868,TCGA-TS-A8AY-01A,TCGA-TS-A8AY-01A,1.0,0.0,0.0,0.0,0.0
2,139570038,+,5,2042754,-,MESO,6869,TCGA-TS-A8AY-01A,TCGA-TS-A8AY-01A,1.0,0.0,0.0,0.0,0.0
2,140832831,-,7,27909945,-,MESO,6870,TCGA-TS-A8AY-01A,TCGA-TS-A8AY-01A,1.0,0.0,0.0,0.0,0.0
2,143594206,+,2,143612033,-,MESO,6871,TCGA-TS-A8AY-01A,TCGA-TS-A8AY-01A,1.0,0.0,0.0,0.0,0.0
2,165231328,-,23,1150076,+,MESO,6872,TCGA-TS-A8AY-01A,TCGA-TS-A8AY-01A,1.0,0.0,0.0,0.0,0.0
2,171158165,+,4,47800533,+,MESO,6873,TCGA-TS-A8AY-01A,TCGA-TS-A8AY-01A,1.0,0.0,0.0,0.0,0.0
2,186713975,-,20,49517807,-,MESO,6874,TCGA-TS-A8AY-01A,TCGA-TS-A8AY-01A,1.0,0.0,0.0,0.0,0.0
2,186715494,+,10,12069902,-,MESO,6875,TCGA-TS-A8AY-01A,TCGA-TS-A8AY-01A,1.0,0.0,0.0,0.0,0.0
2,189808321,+,23,113718518,-,MESO,6876,TCGA-TS-A8AY-01A,TCGA-TS-A8AY-01A,1.0,0.0,0.0,0.0,0.0
2,200815035,+,2,200815943,-,MESO,6877,TCGA-TS-A8AY-01A,TCGA-TS-A8AY-01A,1.0,0.0,0.0,0.0,0.0
2,202501410,+,2,236835095,+,MESO,6878,TCGA-TS-A8AY-01A,TCGA-TS-A8AY-01A,1.0,0.0,0.0,0.0,0.0
2,202501475,-,2,236835137,-,MESO,6879,TCGA-TS-A8AY-01A,TCGA-TS-A8AY-01A,1.0,0.0,0.0,0.0,0.0
2,209141435,-,11,14910696,+,MESO,6880,TCGA-TS-A8AY-01A,TCGA-TS-A8AY-01A,1.0,0.0,0.0,0.0,0.0
2,209142844,+,5,159358559,-,MESO,6881,TCGA-TS-A8AY-01A,TCGA-TS-A8AY-01A,1.0,0.0,0.0,0.0,0.0
2,209169712,-,21,22016332,+,MESO,6882,TCGA-TS-A8AY-01A,TCGA-TS-A8AY-01A,1.0,0.0,0.0,0.0,0.0
2,209170393,+,9,89755704,+,MESO,6883,TCGA-TS-A8AY-01A,TCGA-TS-A8AY-01A,1.0,0.0,0.0,0.0,0.0
2,209181060,+,23,86796849,+,MESO,6884,TCGA-TS-A8AY-01A,TCGA-TS-A8AY-01A,1.0,0.0,0.0,0.0,0.0
2,218146465,-,15,40154245,-,MESO,6885,TCGA-TS-A8AY-01A,TCGA-TS-A8AY-01A,1.0,0.0,0.0,0.0,0.0
2,218146466,+,18,24680257,-,MESO,6886,TCGA-TS-A8AY-01A,TCGA-TS-A8AY-01A,1.0,0.0,0.0,0.0,0.0
2,223796318,-,18,75176117,+,MESO,6887,TCGA-TS-A8AY-01A,TCGA-TS-A8AY-01A,1.0,0.0,0.0,0.0,0.0
2,227838991,-,15,40154233,+,MESO,6888,TCGA-TS-A8AY-01A,TCGA-TS-A8AY-01A,1.0,0.0,0.0,0.0,0.0
2,227841641,+,12,81809082,+,MESO,6889,TCGA-TS-A8AY-01A,TCGA-TS-A8AY-01A,1.0,0.0,0.0,0.0,0.0
2,229354390,-,4,4955730,-,MESO,6890,TCGA-TS-A8AY-01A,TCGA-TS-A8AY-01A,1.0,0.0,0.0,0.0,0.0
2,229355997,+,4,25437922,-,MESO,6891,TCGA-TS-A8AY-01A,TCGA-TS-A8AY-01A,1.0,0.0,0.0,0.0,0.0
2,231332313,+,2,236632136,+,MESO,6892,TCGA-TS-A8AY-01A,TCGA-TS-A8AY-01A,1.0,0.0,0.0,0.0,0.0
2,231332955,-,2,241562943,-,MESO,6893,TCGA-TS-A8AY-01A,TCGA-TS-A8AY-01A,1.0,0.0,0.0,0.0,0.0
2,236632144,-,2,241562929,+,MESO,6894,TCGA-TS-A8AY-01A,TCGA-TS-A8AY-01A,1.0,0.0,0.0,0.0,0.0
20,8332155,-,23,77934127,+,MESO,6895,TCGA-TS-A8AY-01A,TCGA-TS-A8AY-01A,1.0,0.0,0.0,0.0,0.0
20,16587473,-,20,49540268,+,MESO,6896,TCGA-TS-A8AY-01A,TCGA-TS-A8AY-01A,1.0,0.0,0.0,0.0,0.0
20,21629316,-,20,21633485,+,MESO,6897,TCGA-TS-A8AY-01A,TCGA-TS-A8AY-01A,1.0,0.0,0.0,0.0,0.0
20,21629841,+,20,21703581,-,MESO,6898,TCGA-TS-A8AY-01A,TCGA-TS-A8AY-01A,1.0,0.0,0.0,0.0,0.0
20,21630718,-,20,22248853,+,MESO,6899,TCGA-TS-A8AY-01A,TCGA-TS-A8AY-01A,1.0,0.0,0.0,0.0,0.0
20,22098684,+,20,22359907,+,MESO,6900,TCGA-TS-A8AY-01A,TCGA-TS-A8AY-01A,1.0,0.0,0.0,0.0,0.0
20,22234125,+,20,23799514,-,MESO,6901,TCGA-TS-A8AY-01A,TCGA-TS-A8AY-01A,1.0,0.0,0.0,0.0,0.0
20,22243285,-,20,23795167,+,MESO,6902,TCGA-TS-A8AY-01A,TCGA-TS-A8AY-01A,1.0,0.0,0.0,0.0,0.0
20,22243787,+,20,23795959,+,MESO,6903,TCGA-TS-A8AY-01A,TCGA-TS-A8AY-01A,1.0,0.0,0.0,0.0,0.0
20,22366080,+,20,22673425,+,MESO,6904,TCGA-TS-A8AY-01A,TCGA-TS-A8AY-01A,1.0,0.0,0.0,0.0,0.0
20,49537207,-,20,62731512,-,MESO,6905,TCGA-TS-A8AY-01A,TCGA-TS-A8AY-01A,1.0,0.0,0.0,0.0,0.0
20,59008464,-,20,59033495,-,MESO,6906,TCGA-TS-A8AY-01A,TCGA-TS-A8AY-01A,1.0,0.0,0.0,0.0,0.0
21,23017149,+,21,23022343,-,MESO,6907,TCGA-TS-A8AY-01A,TCGA-TS-A8AY-01A,1.0,0.0,0.0,0.0,0.0
22,24208305,+,22,24219942,+,MESO,6908,TCGA-TS-A8AY-01A,TCGA-TS-A8AY-01A,1.0,0.0,0.0,0.0,0.0
22,24209165,+,22,24212927,+,MESO,6909,TCGA-TS-A8AY-01A,TCGA-TS-A8AY-01A,1.0,0.0,0.0,0.0,0.0
22,24210589,-,22,24221147,+,MESO,6910,TCGA-TS-A8AY-01A,TCGA-TS-A8AY-01A,1.0,0.0,0.0,0.0,0.0
22,24214775,-,22,24273237,-,MESO,6911,TCGA-TS-A8AY-01A,TCGA-TS-A8AY-01A,1.0,0.0,0.0,0.0,0.0
3,33980995,-,18,62817987,+,MESO,6912,TCGA-TS-A8AY-01A,TCGA-TS-A8AY-01A,1.0,0.0,0.0,0.0,0.0
3,59753981,+,3,63464947,-,MESO,6913,TCGA-TS-A8AY-01A,TCGA-TS-A8AY-01A,1.0,0.0,0.0,0.0,0.0
3,63356271,-,3,63785212,-,MESO,6914,TCGA-TS-A8AY-01A,TCGA-TS-A8AY-01A,1.0,0.0,0.0,0.0,0.0
3,63464938,+,3,63571212,+,MESO,6915,TCGA-TS-A8AY-01A,TCGA-TS-A8AY-01A,1.0,0.0,0.0,0.0,0.0
3,65416726,-,3,102668362,+,MESO,6916,TCGA-TS-A8AY-01A,TCGA-TS-A8AY-01A,1.0,0.0,0.0,0.0,0.0
3,65416960,+,7,62806006,-,MESO,6917,TCGA-TS-A8AY-01A,TCGA-TS-A8AY-01A,1.0,0.0,0.0,0.0,0.0
3,73813108,-,8,79139785,+,MESO,6918,TCGA-TS-A8AY-01A,TCGA-TS-A8AY-01A,1.0,0.0,0.0,0.0,0.0
3,73813628,-,4,67978231,-,MESO,6919,TCGA-TS-A8AY-01A,TCGA-TS-A8AY-01A,1.0,0.0,0.0,0.0,0.0
3,73813743,-,16,7049002,-,MESO,6920,TCGA-TS-A8AY-01A,TCGA-TS-A8AY-01A,1.0,0.0,0.0,0.0,0.0
3,73814699,+,23,123723224,+,MESO,6921,TCGA-TS-A8AY-01A,TCGA-TS-A8AY-01A,1.0,0.0,0.0,0.0,0.0
3,73814779,+,5,171180534,-,MESO,6922,TCGA-TS-A8AY-01A,TCGA-TS-A8AY-01A,1.0,0.0,0.0,0.0,0.0
3,90799556,-,3,91067335,+,MESO,6923,TCGA-TS-A8AY-01A,TCGA-TS-A8AY-01A,1.0,0.0,0.0,0.0,0.0
3,91175053,-,3,91200692,+,MESO,6924,TCGA-TS-A8AY-01A,TCGA-TS-A8AY-01A,1.0,0.0,0.0,0.0,0.0
3,102634065,-,23,77935995,+,MESO,6925,TCGA-TS-A8AY-01A,TCGA-TS-A8AY-01A,1.0,0.0,0.0,0.0,0.0
3,102634167,+,4,104961710,+,MESO,6926,TCGA-TS-A8AY-01A,TCGA-TS-A8AY-01A,1.0,0.0,0.0,0.0,0.0
3,102652891,-,23,58532334,-,MESO,6927,TCGA-TS-A8AY-01A,TCGA-TS-A8AY-01A,1.0,0.0,0.0,0.0,0.0
3,102660251,+,6,87262421,+,MESO,6928,TCGA-TS-A8AY-01A,TCGA-TS-A8AY-01A,1.0,0.0,0.0,0.0,0.0
3,102665442,-,7,134074407,+,MESO,6929,TCGA-TS-A8AY-01A,TCGA-TS-A8AY-01A,1.0,0.0,0.0,0.0,0.0
3,119186490,+,20,16588127,+,MESO,6930,TCGA-TS-A8AY-01A,TCGA-TS-A8AY-01A,1.0,0.0,0.0,0.0,0.0
3,124358069,+,15,33727608,+,MESO,6931,TCGA-TS-A8AY-01A,TCGA-TS-A8AY-01A,1.0,0.0,0.0,0.0,0.0
3,127365885,-,6,117874982,+,MESO,6932,TCGA-TS-A8AY-01A,TCGA-TS-A8AY-01A,1.0,0.0,0.0,0.0,0.0
3,127366331,+,11,36218412,+,MESO,6933,TCGA-TS-A8AY-01A,TCGA-TS-A8AY-01A,1.0,0.0,0.0,0.0,0.0
3,134433830,-,4,121669118,+,MESO,6934,TCGA-TS-A8AY-01A,TCGA-TS-A8AY-01A,1.0,0.0,0.0,0.0,0.0
3,134434299,+,4,121677597,-,MESO,6935,TCGA-TS-A8AY-01A,TCGA-TS-A8AY-01A,1.0,0.0,0.0,0.0,0.0
3,146971582,+,9,137115904,-,MESO,6936,TCGA-TS-A8AY-01A,TCGA-TS-A8AY-01A,1.0,0.0,0.0,0.0,0.0
3,146975768,-,9,25248726,-,MESO,6937,TCGA-TS-A8AY-01A,TCGA-TS-A8AY-01A,1.0,0.0,0.0,0.0,0.0
3,151292482,+,3,151739464,+,MESO,6938,TCGA-TS-A8AY-01A,TCGA-TS-A8AY-01A,1.0,0.0,0.0,0.0,0.0
3,151300123,-,18,57693277,-,MESO,6939,TCGA-TS-A8AY-01A,TCGA-TS-A8AY-01A,1.0,0.0,0.0,0.0,0.0
3,151324320,+,18,57690767,+,MESO,6940,TCGA-TS-A8AY-01A,TCGA-TS-A8AY-01A,1.0,0.0,0.0,0.0,0.0
3,151381953,-,18,63614256,-,MESO,6941,TCGA-TS-A8AY-01A,TCGA-TS-A8AY-01A,1.0,0.0,0.0,0.0,0.0
3,151831830,-,18,63602724,+,MESO,6942,TCGA-TS-A8AY-01A,TCGA-TS-A8AY-01A,1.0,0.0,0.0,0.0,0.0
3,155946673,-,23,58510812,-,MESO,6943,TCGA-TS-A8AY-01A,TCGA-TS-A8AY-01A,1.0,0.0,0.0,0.0,0.0
3,155950528,+,4,67983693,+,MESO,6944,TCGA-TS-A8AY-01A,TCGA-TS-A8AY-01A,1.0,0.0,0.0,0.0,0.0
3,179764538,-,20,21015610,+,MESO,6945,TCGA-TS-A8AY-01A,TCGA-TS-A8AY-01A,1.0,0.0,0.0,0.0,0.0
3,179765193,+,19,42112896,+,MESO,6946,TCGA-TS-A8AY-01A,TCGA-TS-A8AY-01A,1.0,0.0,0.0,0.0,0.0
3,182048250,-,19,28733045,+,MESO,6947,TCGA-TS-A8AY-01A,TCGA-TS-A8AY-01A,1.0,0.0,0.0,0.0,0.0
4,1790841,-,18,22452111,-,MESO,6948,TCGA-TS-A8AY-01A,TCGA-TS-A8AY-01A,1.0,0.0,0.0,0.0,0.0
4,6210653,+,4,6615517,-,MESO,6949,TCGA-TS-A8AY-01A,TCGA-TS-A8AY-01A,1.0,0.0,0.0,0.0,0.0
4,6700098,-,4,6722364,-,MESO,6950,TCGA-TS-A8AY-01A,TCGA-TS-A8AY-01A,1.0,0.0,0.0,0.0,0.0
4,20498987,+,4,20505584,-,MESO,6951,TCGA-TS-A8AY-01A,TCGA-TS-A8AY-01A,1.0,0.0,0.0,0.0,0.0
4,51834117,+,4,51838138,-,MESO,6952,TCGA-TS-A8AY-01A,TCGA-TS-A8AY-01A,1.0,0.0,0.0,0.0,0.0
4,51921237,-,10,97828059,+,MESO,6953,TCGA-TS-A8AY-01A,TCGA-TS-A8AY-01A,1.0,0.0,0.0,0.0,0.0
4,51924982,+,8,14590912,+,MESO,6954,TCGA-TS-A8AY-01A,TCGA-TS-A8AY-01A,1.0,0.0,0.0,0.0,0.0
4,55604017,-,7,124628760,-,MESO,6955,TCGA-TS-A8AY-01A,TCGA-TS-A8AY-01A,1.0,0.0,0.0,0.0,0.0
4,55661689,+,20,22247997,-,MESO,6956,TCGA-TS-A8AY-01A,TCGA-TS-A8AY-01A,1.0,0.0,0.0,0.0,0.0
4,58650860,+,20,23799316,+,MESO,6957,TCGA-TS-A8AY-01A,TCGA-TS-A8AY-01A,1.0,0.0,0.0,0.0,0.0
4,58650917,+,20,22243787,+,MESO,6958,TCGA-TS-A8AY-01A,TCGA-TS-A8AY-01A,1.0,0.0,0.0,0.0,0.0
4,58650917,+,20,23795865,-,MESO,6959,TCGA-TS-A8AY-01A,TCGA-TS-A8AY-01A,1.0,0.0,0.0,0.0,0.0
4,58650917,+,4,58764011,-,MESO,6960,TCGA-TS-A8AY-01A,TCGA-TS-A8AY-01A,1.0,0.0,0.0,0.0,0.0
4,58755097,-,20,22362220,-,MESO,6961,TCGA-TS-A8AY-01A,TCGA-TS-A8AY-01A,1.0,0.0,0.0,0.0,0.0
4,58763735,+,20,23796245,-,MESO,6962,TCGA-TS-A8AY-01A,TCGA-TS-A8AY-01A,1.0,0.0,0.0,0.0,0.0
4,58764105,+,20,23795864,-,MESO,6963,TCGA-TS-A8AY-01A,TCGA-TS-A8AY-01A,1.0,0.0,0.0,0.0,0.0
4,58764114,+,20,22243787,+,MESO,6964,TCGA-TS-A8AY-01A,TCGA-TS-A8AY-01A,1.0,0.0,0.0,0.0,0.0
4,58838912,-,20,22156742,-,MESO,6965,TCGA-TS-A8AY-01A,TCGA-TS-A8AY-01A,1.0,0.0,0.0,0.0,0.0
4,59125474,+,20,22370200,-,MESO,6966,TCGA-TS-A8AY-01A,TCGA-TS-A8AY-01A,1.0,0.0,0.0,0.0,0.0
4,63554267,-,20,22358570,-,MESO,6967,TCGA-TS-A8AY-01A,TCGA-TS-A8AY-01A,1.0,0.0,0.0,0.0,0.0
4,63576472,+,20,23791760,-,MESO,6968,TCGA-TS-A8AY-01A,TCGA-TS-A8AY-01A,1.0,0.0,0.0,0.0,0.0
4,65650599,-,20,14532478,+,MESO,6969,TCGA-TS-A8AY-01A,TCGA-TS-A8AY-01A,1.0,0.0,0.0,0.0,0.0
4,78007668,+,4,188051085,-,MESO,6970,TCGA-TS-A8AY-01A,TCGA-TS-A8AY-01A,1.0,0.0,0.0,0.0,0.0
4,104961366,-,6,57483556,-,MESO,6971,TCGA-TS-A8AY-01A,TCGA-TS-A8AY-01A,1.0,0.0,0.0,0.0,0.0
4,104961710,+,23,77935995,+,MESO,6972,TCGA-TS-A8AY-01A,TCGA-TS-A8AY-01A,1.0,0.0,0.0,0.0,0.0
4,120259683,+,5,66215237,-,MESO,6973,TCGA-TS-A8AY-01A,TCGA-TS-A8AY-01A,1.0,0.0,0.0,0.0,0.0
4,120266094,-,15,60284377,-,MESO,6974,TCGA-TS-A8AY-01A,TCGA-TS-A8AY-01A,1.0,0.0,0.0,0.0,0.0
4,120533453,+,5,66217275,+,MESO,6975,TCGA-TS-A8AY-01A,TCGA-TS-A8AY-01A,1.0,0.0,0.0,0.0,0.0
4,120533686,-,17,27938923,+,MESO,6976,TCGA-TS-A8AY-01A,TCGA-TS-A8AY-01A,1.0,0.0,0.0,0.0,0.0
4,134000886,-,10,97826379,-,MESO,6977,TCGA-TS-A8AY-01A,TCGA-TS-A8AY-01A,1.0,0.0,0.0,0.0,0.0
4,134003459,+,14,104597291,+,MESO,6978,TCGA-TS-A8AY-01A,TCGA-TS-A8AY-01A,1.0,0.0,0.0,0.0,0.0
4,143296918,-,5,29639457,-,MESO,6979,TCGA-TS-A8AY-01A,TCGA-TS-A8AY-01A,1.0,0.0,0.0,0.0,0.0
4,143297457,+,13,84952340,-,MESO,6980,TCGA-TS-A8AY-01A,TCGA-TS-A8AY-01A,1.0,0.0,0.0,0.0,0.0
4,147988359,+,4,153469159,-,MESO,6981,TCGA-TS-A8AY-01A,TCGA-TS-A8AY-01A,1.0,0.0,0.0,0.0,0.0
4,147993432,-,4,152232125,-,MESO,6982,TCGA-TS-A8AY-01A,TCGA-TS-A8AY-01A,1.0,0.0,0.0,0.0,0.0
4,152214524,+,4,152234483,+,MESO,6983,TCGA-TS-A8AY-01A,TCGA-TS-A8AY-01A,1.0,0.0,0.0,0.0,0.0
4,152218725,-,4,152234101,-,MESO,6984,TCGA-TS-A8AY-01A,TCGA-TS-A8AY-01A,1.0,0.0,0.0,0.0,0.0
4,152230233,+,4,154494778,-,MESO,6985,TCGA-TS-A8AY-01A,TCGA-TS-A8AY-01A,1.0,0.0,0.0,0.0,0.0
4,152232614,+,4,153162601,+,MESO,6986,TCGA-TS-A8AY-01A,TCGA-TS-A8AY-01A,1.0,0.0,0.0,0.0,0.0
4,152835075,-,12,91512092,+,MESO,6987,TCGA-TS-A8AY-01A,TCGA-TS-A8AY-01A,1.0,0.0,0.0,0.0,0.0
4,153162668,-,11,121773869,-,MESO,6988,TCGA-TS-A8AY-01A,TCGA-TS-A8AY-01A,1.0,0.0,0.0,0.0,0.0
4,153162805,+,8,122870807,-,MESO,6989,TCGA-TS-A8AY-01A,TCGA-TS-A8AY-01A,1.0,0.0,0.0,0.0,0.0
4,153164876,+,12,91509781,-,MESO,6990,TCGA-TS-A8AY-01A,TCGA-TS-A8AY-01A,1.0,0.0,0.0,0.0,0.0
4,153520457,+,11,121775345,+,MESO,6991,TCGA-TS-A8AY-01A,TCGA-TS-A8AY-01A,1.0,0.0,0.0,0.0,0.0
4,154488260,+,8,122872960,+,MESO,6992,TCGA-TS-A8AY-01A,TCGA-TS-A8AY-01A,1.0,0.0,0.0,0.0,0.0
4,161359738,-,8,37912987,-,MESO,6993,TCGA-TS-A8AY-01A,TCGA-TS-A8AY-01A,1.0,0.0,0.0,0.0,0.0
4,161829045,-,6,44000869,+,MESO,6994,TCGA-TS-A8AY-01A,TCGA-TS-A8AY-01A,1.0,0.0,0.0,0.0,0.0
4,161832112,+,11,18990904,+,MESO,6995,TCGA-TS-A8AY-01A,TCGA-TS-A8AY-01A,1.0,0.0,0.0,0.0,0.0
4,174076392,-,6,137911526,-,MESO,6996,TCGA-TS-A8AY-01A,TCGA-TS-A8AY-01A,1.0,0.0,0.0,0.0,0.0
4,174076800,+,20,49522330,-,MESO,6997,TCGA-TS-A8AY-01A,TCGA-TS-A8AY-01A,1.0,0.0,0.0,0.0,0.0
4,174076811,+,8,88072658,+,MESO,6998,TCGA-TS-A8AY-01A,TCGA-TS-A8AY-01A,1.0,0.0,0.0,0.0,0.0
5,2044858,+,6,136994624,-,MESO,6999,TCGA-TS-A8AY-01A,TCGA-TS-A8AY-01A,1.0,0.0,0.0,0.0,0.0
5,6810913,+,5,6813787,-,MESO,7000,TCGA-TS-A8AY-01A,TCGA-TS-A8AY-01A,1.0,0.0,0.0,0.0,0.0
5,7495192,-,23,77932981,-,MESO,7001,TCGA-TS-A8AY-01A,TCGA-TS-A8AY-01A,1.0,0.0,0.0,0.0,0.0
5,7500281,+,5,65493226,-,MESO,7002,TCGA-TS-A8AY-01A,TCGA-TS-A8AY-01A,1.0,0.0,0.0,0.0,0.0
5,29632595,+,13,84952938,+,MESO,7003,TCGA-TS-A8AY-01A,TCGA-TS-A8AY-01A,1.0,0.0,0.0,0.0,0.0
5,31429927,-,7,141741748,+,MESO,7004,TCGA-TS-A8AY-01A,TCGA-TS-A8AY-01A,1.0,0.0,0.0,0.0,0.0
5,31431398,+,7,141742608,-,MESO,7005,TCGA-TS-A8AY-01A,TCGA-TS-A8AY-01A,1.0,0.0,0.0,0.0,0.0
5,44674985,-,11,5139336,-,MESO,7006,TCGA-TS-A8AY-01A,TCGA-TS-A8AY-01A,1.0,0.0,0.0,0.0,0.0
5,44680499,+,17,74362315,+,MESO,7007,TCGA-TS-A8AY-01A,TCGA-TS-A8AY-01A,1.0,0.0,0.0,0.0,0.0
5,50590741,-,13,37794575,-,MESO,7008,TCGA-TS-A8AY-01A,TCGA-TS-A8AY-01A,1.0,0.0,0.0,0.0,0.0
5,62345419,+,16,64341348,-,MESO,7009,TCGA-TS-A8AY-01A,TCGA-TS-A8AY-01A,1.0,0.0,0.0,0.0,0.0
5,62345433,-,18,72504356,-,MESO,7010,TCGA-TS-A8AY-01A,TCGA-TS-A8AY-01A,1.0,0.0,0.0,0.0,0.0
5,65496536,+,9,41968098,-,MESO,7011,TCGA-TS-A8AY-01A,TCGA-TS-A8AY-01A,1.0,0.0,0.0,0.0,0.0
5,81829924,+,11,24728059,+,MESO,7012,TCGA-TS-A8AY-01A,TCGA-TS-A8AY-01A,1.0,0.0,0.0,0.0,0.0
5,85632503,+,11,117831645,-,MESO,7013,TCGA-TS-A8AY-01A,TCGA-TS-A8AY-01A,1.0,0.0,0.0,0.0,0.0
5,89840483,-,15,32110636,+,MESO,7014,TCGA-TS-A8AY-01A,TCGA-TS-A8AY-01A,1.0,0.0,0.0,0.0,0.0
5,89841254,-,15,32110203,-,MESO,7015,TCGA-TS-A8AY-01A,TCGA-TS-A8AY-01A,1.0,0.0,0.0,0.0,0.0
5,89841363,+,16,7049845,+,MESO,7016,TCGA-TS-A8AY-01A,TCGA-TS-A8AY-01A,1.0,0.0,0.0,0.0,0.0
5,89841371,+,6,57484089,+,MESO,7017,TCGA-TS-A8AY-01A,TCGA-TS-A8AY-01A,1.0,0.0,0.0,0.0,0.0
5,89844199,-,5,138610168,-,MESO,7018,TCGA-TS-A8AY-01A,TCGA-TS-A8AY-01A,1.0,0.0,0.0,0.0,0.0
5,89844729,+,23,58516930,+,MESO,7019,TCGA-TS-A8AY-01A,TCGA-TS-A8AY-01A,1.0,0.0,0.0,0.0,0.0
5,95921812,+,5,96718012,+,MESO,7020,TCGA-TS-A8AY-01A,TCGA-TS-A8AY-01A,1.0,0.0,0.0,0.0,0.0
5,95922924,-,5,95938881,-,MESO,7021,TCGA-TS-A8AY-01A,TCGA-TS-A8AY-01A,1.0,0.0,0.0,0.0,0.0
5,96709875,+,16,64637304,-,MESO,7022,TCGA-TS-A8AY-01A,TCGA-TS-A8AY-01A,1.0,0.0,0.0,0.0,0.0
5,96714232,-,5,96731432,+,MESO,7023,TCGA-TS-A8AY-01A,TCGA-TS-A8AY-01A,1.0,0.0,0.0,0.0,0.0
5,96731428,-,18,72509760,+,MESO,7024,TCGA-TS-A8AY-01A,TCGA-TS-A8AY-01A,1.0,0.0,0.0,0.0,0.0
5,113167820,-,22,33876664,+,MESO,7025,TCGA-TS-A8AY-01A,TCGA-TS-A8AY-01A,1.0,0.0,0.0,0.0,0.0
5,113170000,+,20,20619290,+,MESO,7026,TCGA-TS-A8AY-01A,TCGA-TS-A8AY-01A,1.0,0.0,0.0,0.0,0.0
5,138613278,+,13,18650172,-,MESO,7027,TCGA-TS-A8AY-01A,TCGA-TS-A8AY-01A,1.0,0.0,0.0,0.0,0.0
5,138615055,-,18,29974237,-,MESO,7028,TCGA-TS-A8AY-01A,TCGA-TS-A8AY-01A,1.0,0.0,0.0,0.0,0.0
5,140113008,-,8,131606811,-,MESO,7029,TCGA-TS-A8AY-01A,TCGA-TS-A8AY-01A,1.0,0.0,0.0,0.0,0.0
5,140114627,+,19,42114885,-,MESO,7030,TCGA-TS-A8AY-01A,TCGA-TS-A8AY-01A,1.0,0.0,0.0,0.0,0.0
5,171182121,+,13,71871333,+,MESO,7031,TCGA-TS-A8AY-01A,TCGA-TS-A8AY-01A,1.0,0.0,0.0,0.0,0.0
6,3720602,+,6,33532920,+,MESO,7032,TCGA-TS-A8AY-01A,TCGA-TS-A8AY-01A,1.0,0.0,0.0,0.0,0.0
6,7353392,-,8,86616113,+,MESO,7033,TCGA-TS-A8AY-01A,TCGA-TS-A8AY-01A,1.0,0.0,0.0,0.0,0.0
6,7354475,+,8,108143133,-,MESO,7034,TCGA-TS-A8AY-01A,TCGA-TS-A8AY-01A,1.0,0.0,0.0,0.0,0.0
6,9357093,+,6,9364584,-,MESO,7035,TCGA-TS-A8AY-01A,TCGA-TS-A8AY-01A,1.0,0.0,0.0,0.0,0.0
6,41910141,+,6,42475193,-,MESO,7036,TCGA-TS-A8AY-01A,TCGA-TS-A8AY-01A,1.0,0.0,0.0,0.0,0.0
6,41910169,-,10,70878049,-,MESO,7037,TCGA-TS-A8AY-01A,TCGA-TS-A8AY-01A,1.0,0.0,0.0,0.0,0.0
6,42368380,+,11,33344047,+,MESO,7038,TCGA-TS-A8AY-01A,TCGA-TS-A8AY-01A,1.0,0.0,0.0,0.0,0.0
6,42368407,-,11,122000330,+,MESO,7039,TCGA-TS-A8AY-01A,TCGA-TS-A8AY-01A,1.0,0.0,0.0,0.0,0.0
6,42372163,+,11,121961819,+,MESO,7040,TCGA-TS-A8AY-01A,TCGA-TS-A8AY-01A,1.0,0.0,0.0,0.0,0.0
6,42374941,-,10,70809406,+,MESO,7041,TCGA-TS-A8AY-01A,TCGA-TS-A8AY-01A,1.0,0.0,0.0,0.0,0.0
6,42458273,+,11,119159659,+,MESO,7042,TCGA-TS-A8AY-01A,TCGA-TS-A8AY-01A,1.0,0.0,0.0,0.0,0.0
6,42458354,-,11,119473126,+,MESO,7043,TCGA-TS-A8AY-01A,TCGA-TS-A8AY-01A,1.0,0.0,0.0,0.0,0.0
6,42458726,+,11,121963197,+,MESO,7044,TCGA-TS-A8AY-01A,TCGA-TS-A8AY-01A,1.0,0.0,0.0,0.0,0.0
6,42471601,-,11,121996058,-,MESO,7045,TCGA-TS-A8AY-01A,TCGA-TS-A8AY-01A,1.0,0.0,0.0,0.0,0.0
6,42475146,+,11,33273085,-,MESO,7046,TCGA-TS-A8AY-01A,TCGA-TS-A8AY-01A,1.0,0.0,0.0,0.0,0.0
6,42478775,+,6,42681213,+,MESO,7047,TCGA-TS-A8AY-01A,TCGA-TS-A8AY-01A,1.0,0.0,0.0,0.0,0.0
6,42483909,-,9,133252205,+,MESO,7048,TCGA-TS-A8AY-01A,TCGA-TS-A8AY-01A,1.0,0.0,0.0,0.0,0.0
6,42681288,-,11,33338447,-,MESO,7049,TCGA-TS-A8AY-01A,TCGA-TS-A8AY-01A,1.0,0.0,0.0,0.0,0.0
6,42877279,+,11,121270707,-,MESO,7050,TCGA-TS-A8AY-01A,TCGA-TS-A8AY-01A,1.0,0.0,0.0,0.0,0.0
6,42877292,-,11,119168718,-,MESO,7051,TCGA-TS-A8AY-01A,TCGA-TS-A8AY-01A,1.0,0.0,0.0,0.0,0.0
6,42881403,+,11,33344074,-,MESO,7052,TCGA-TS-A8AY-01A,TCGA-TS-A8AY-01A,1.0,0.0,0.0,0.0,0.0
6,42881413,-,11,121915399,+,MESO,7053,TCGA-TS-A8AY-01A,TCGA-TS-A8AY-01A,1.0,0.0,0.0,0.0,0.0
6,57483289,-,23,77935388,+,MESO,7054,TCGA-TS-A8AY-01A,TCGA-TS-A8AY-01A,1.0,0.0,0.0,0.0,0.0
6,57484006,+,23,77934781,-,MESO,7055,TCGA-TS-A8AY-01A,TCGA-TS-A8AY-01A,1.0,0.0,0.0,0.0,0.0
6,57484151,+,15,32110177,-,MESO,7056,TCGA-TS-A8AY-01A,TCGA-TS-A8AY-01A,1.0,0.0,0.0,0.0,0.0
6,60815734,-,16,64341328,+,MESO,7057,TCGA-TS-A8AY-01A,TCGA-TS-A8AY-01A,1.0,0.0,0.0,0.0,0.0
6,67443310,-,9,91501911,+,MESO,7058,TCGA-TS-A8AY-01A,TCGA-TS-A8AY-01A,1.0,0.0,0.0,0.0,0.0
6,71656283,-,17,78207868,-,MESO,7059,TCGA-TS-A8AY-01A,TCGA-TS-A8AY-01A,1.0,0.0,0.0,0.0,0.0
6,71656529,+,23,35476065,-,MESO,7060,TCGA-TS-A8AY-01A,TCGA-TS-A8AY-01A,1.0,0.0,0.0,0.0,0.0
6,78429421,+,16,80440557,+,MESO,7061,TCGA-TS-A8AY-01A,TCGA-TS-A8AY-01A,1.0,0.0,0.0,0.0,0.0
6,96303346,+,14,21216208,+,MESO,7062,TCGA-TS-A8AY-01A,TCGA-TS-A8AY-01A,1.0,0.0,0.0,0.0,0.0
6,117872390,-,11,46374919,-,MESO,7063,TCGA-TS-A8AY-01A,TCGA-TS-A8AY-01A,1.0,0.0,0.0,0.0,0.0
6,137001473,+,14,23532932,+,MESO,7064,TCGA-TS-A8AY-01A,TCGA-TS-A8AY-01A,1.0,0.0,0.0,0.0,0.0
6,137001600,-,11,15636123,+,MESO,7065,TCGA-TS-A8AY-01A,TCGA-TS-A8AY-01A,1.0,0.0,0.0,0.0,0.0
6,137512378,+,11,33313336,-,MESO,7066,TCGA-TS-A8AY-01A,TCGA-TS-A8AY-01A,1.0,0.0,0.0,0.0,0.0
6,137512410,-,11,120206803,+,MESO,7067,TCGA-TS-A8AY-01A,TCGA-TS-A8AY-01A,1.0,0.0,0.0,0.0,0.0
6,137910170,+,10,21206115,+,MESO,7068,TCGA-TS-A8AY-01A,TCGA-TS-A8AY-01A,1.0,0.0,0.0,0.0,0.0
6,137911125,+,19,50134472,+,MESO,7069,TCGA-TS-A8AY-01A,TCGA-TS-A8AY-01A,1.0,0.0,0.0,0.0,0.0
6,137912204,+,13,90882335,-,MESO,7070,TCGA-TS-A8AY-01A,TCGA-TS-A8AY-01A,1.0,0.0,0.0,0.0,0.0
6,138168083,-,8,89007725,+,MESO,7071,TCGA-TS-A8AY-01A,TCGA-TS-A8AY-01A,1.0,0.0,0.0,0.0,0.0
6,138168174,+,7,150686267,-,MESO,7072,TCGA-TS-A8AY-01A,TCGA-TS-A8AY-01A,1.0,0.0,0.0,0.0,0.0
7,4782869,-,13,37797596,+,MESO,7073,TCGA-TS-A8AY-01A,TCGA-TS-A8AY-01A,1.0,0.0,0.0,0.0,0.0
7,4784669,+,10,53654506,-,MESO,7074,TCGA-TS-A8AY-01A,TCGA-TS-A8AY-01A,1.0,0.0,0.0,0.0,0.0
7,5540618,-,9,77213891,-,MESO,7075,TCGA-TS-A8AY-01A,TCGA-TS-A8AY-01A,1.0,0.0,0.0,0.0,0.0
7,5540907,+,20,59035104,+,MESO,7076,TCGA-TS-A8AY-01A,TCGA-TS-A8AY-01A,1.0,0.0,0.0,0.0,0.0
7,32647385,+,7,32649527,-,MESO,7077,TCGA-TS-A8AY-01A,TCGA-TS-A8AY-01A,1.0,0.0,0.0,0.0,0.0
7,43999464,+,7,77061054,+,MESO,7078,TCGA-TS-A8AY-01A,TCGA-TS-A8AY-01A,1.0,0.0,0.0,0.0,0.0
7,62806963,+,23,77934973,-,MESO,7079,TCGA-TS-A8AY-01A,TCGA-TS-A8AY-01A,1.0,0.0,0.0,0.0,0.0
7,63697395,-,19,31934302,+,MESO,7080,TCGA-TS-A8AY-01A,TCGA-TS-A8AY-01A,1.0,0.0,0.0,0.0,0.0
7,66094756,+,7,66235999,-,MESO,7081,TCGA-TS-A8AY-01A,TCGA-TS-A8AY-01A,1.0,0.0,0.0,0.0,0.0
7,66147812,-,9,122221039,-,MESO,7082,TCGA-TS-A8AY-01A,TCGA-TS-A8AY-01A,1.0,0.0,0.0,0.0,0.0
7,66174536,-,7,66769135,+,MESO,7083,TCGA-TS-A8AY-01A,TCGA-TS-A8AY-01A,1.0,0.0,0.0,0.0,0.0
7,66174540,+,9,76612242,+,MESO,7084,TCGA-TS-A8AY-01A,TCGA-TS-A8AY-01A,1.0,0.0,0.0,0.0,0.0
7,66221475,+,7,95305067,-,MESO,7085,TCGA-TS-A8AY-01A,TCGA-TS-A8AY-01A,1.0,0.0,0.0,0.0,0.0
7,66877428,-,7,95312068,+,MESO,7086,TCGA-TS-A8AY-01A,TCGA-TS-A8AY-01A,1.0,0.0,0.0,0.0,0.0
7,83977442,+,20,21010600,-,MESO,7087,TCGA-TS-A8AY-01A,TCGA-TS-A8AY-01A,1.0,0.0,0.0,0.0,0.0
7,89567522,+,20,49542957,+,MESO,7088,TCGA-TS-A8AY-01A,TCGA-TS-A8AY-01A,1.0,0.0,0.0,0.0,0.0
7,113001047,+,10,9520235,+,MESO,7089,TCGA-TS-A8AY-01A,TCGA-TS-A8AY-01A,1.0,0.0,0.0,0.0,0.0
7,113001543,-,8,108144166,+,MESO,7090,TCGA-TS-A8AY-01A,TCGA-TS-A8AY-01A,1.0,0.0,0.0,0.0,0.0
7,123729404,+,7,141836882,-,MESO,7091,TCGA-TS-A8AY-01A,TCGA-TS-A8AY-01A,1.0,0.0,0.0,0.0,0.0
7,141739770,-,8,795549,+,MESO,7092,TCGA-TS-A8AY-01A,TCGA-TS-A8AY-01A,1.0,0.0,0.0,0.0,0.0
7,141751759,+,8,795581,-,MESO,7093,TCGA-TS-A8AY-01A,TCGA-TS-A8AY-01A,1.0,0.0,0.0,0.0,0.0
7,150686141,-,8,89007725,+,MESO,7094,TCGA-TS-A8AY-01A,TCGA-TS-A8AY-01A,1.0,0.0,0.0,0.0,0.0
7,150686640,+,8,138243217,-,MESO,7095,TCGA-TS-A8AY-01A,TCGA-TS-A8AY-01A,1.0,0.0,0.0,0.0,0.0
8,8333111,-,19,20166200,+,MESO,7096,TCGA-TS-A8AY-01A,TCGA-TS-A8AY-01A,1.0,0.0,0.0,0.0,0.0
8,14592939,-,8,14593675,-,MESO,7097,TCGA-TS-A8AY-01A,TCGA-TS-A8AY-01A,1.0,0.0,0.0,0.0,0.0
8,14593505,+,14,49656232,-,MESO,7098,TCGA-TS-A8AY-01A,TCGA-TS-A8AY-01A,1.0,0.0,0.0,0.0,0.0
8,37780785,+,8,37912013,+,MESO,7099,TCGA-TS-A8AY-01A,TCGA-TS-A8AY-01A,1.0,0.0,0.0,0.0,0.0
8,37907871,-,17,19396626,-,MESO,7100,TCGA-TS-A8AY-01A,TCGA-TS-A8AY-01A,1.0,0.0,0.0,0.0,0.0
8,64158610,+,17,43076274,-,MESO,7101,TCGA-TS-A8AY-01A,TCGA-TS-A8AY-01A,1.0,0.0,0.0,0.0,0.0
8,71988424,-,11,18990950,-,MESO,7102,TCGA-TS-A8AY-01A,TCGA-TS-A8AY-01A,1.0,0.0,0.0,0.0,0.0
8,71989238,+,10,21547238,+,MESO,7103,TCGA-TS-A8AY-01A,TCGA-TS-A8AY-01A,1.0,0.0,0.0,0.0,0.0
8,86614141,-,20,30825436,-,MESO,7104,TCGA-TS-A8AY-01A,TCGA-TS-A8AY-01A,1.0,0.0,0.0,0.0,0.0
8,88072430,-,20,49522452,-,MESO,7105,TCGA-TS-A8AY-01A,TCGA-TS-A8AY-01A,1.0,0.0,0.0,0.0,0.0
8,88603333,+,8,88614730,-,MESO,7106,TCGA-TS-A8AY-01A,TCGA-TS-A8AY-01A,1.0,0.0,0.0,0.0,0.0
8,89007723,-,8,139582240,-,MESO,7107,TCGA-TS-A8AY-01A,TCGA-TS-A8AY-01A,1.0,0.0,0.0,0.0,0.0
8,89620415,+,8,139582238,+,MESO,7108,TCGA-TS-A8AY-01A,TCGA-TS-A8AY-01A,1.0,0.0,0.0,0.0,0.0
8,100351651,+,17,4578599,+,MESO,7109,TCGA-TS-A8AY-01A,TCGA-TS-A8AY-01A,1.0,0.0,0.0,0.0,0.0
8,108154828,-,10,9519512,-,MESO,7110,TCGA-TS-A8AY-01A,TCGA-TS-A8AY-01A,1.0,0.0,0.0,0.0,0.0
8,108155490,+,19,36754654,-,MESO,7111,TCGA-TS-A8AY-01A,TCGA-TS-A8AY-01A,1.0,0.0,0.0,0.0,0.0
8,131608520,+,19,31934329,-,MESO,7112,TCGA-TS-A8AY-01A,TCGA-TS-A8AY-01A,1.0,0.0,0.0,0.0,0.0
8,140810927,+,22,24269556,+,MESO,7113,TCGA-TS-A8AY-01A,TCGA-TS-A8AY-01A,1.0,0.0,0.0,0.0,0.0
8,140811306,-,22,24220028,-,MESO,7114,TCGA-TS-A8AY-01A,TCGA-TS-A8AY-01A,1.0,0.0,0.0,0.0,0.0
9,20225563,-,21,13330675,+,MESO,7115,TCGA-TS-A8AY-01A,TCGA-TS-A8AY-01A,1.0,0.0,0.0,0.0,0.0
9,21971791,+,9,137115894,+,MESO,7116,TCGA-TS-A8AY-01A,TCGA-TS-A8AY-01A,1.0,0.0,0.0,0.0,0.0
9,23949133,+,10,25871746,+,MESO,7117,TCGA-TS-A8AY-01A,TCGA-TS-A8AY-01A,1.0,0.0,0.0,0.0,0.0
9,24089410,-,20,30826205,+,MESO,7118,TCGA-TS-A8AY-01A,TCGA-TS-A8AY-01A,1.0,0.0,0.0,0.0,0.0
9,24089920,+,11,15559067,-,MESO,7119,TCGA-TS-A8AY-01A,TCGA-TS-A8AY-01A,1.0,0.0,0.0,0.0,0.0
9,33259020,-,9,33327965,+,MESO,7120,TCGA-TS-A8AY-01A,TCGA-TS-A8AY-01A,1.0,0.0,0.0,0.0,0.0
9,42947260,+,18,25399858,+,MESO,7121,TCGA-TS-A8AY-01A,TCGA-TS-A8AY-01A,1.0,0.0,0.0,0.0,0.0
9,76309685,-,12,102419294,-,MESO,7122,TCGA-TS-A8AY-01A,TCGA-TS-A8AY-01A,1.0,0.0,0.0,0.0,0.0
9,76339158,+,12,131689779,-,MESO,7123,TCGA-TS-A8AY-01A,TCGA-TS-A8AY-01A,1.0,0.0,0.0,0.0,0.0
9,76399958,+,17,887137,-,MESO,7124,TCGA-TS-A8AY-01A,TCGA-TS-A8AY-01A,1.0,0.0,0.0,0.0,0.0
9,76400041,-,17,887699,+,MESO,7125,TCGA-TS-A8AY-01A,TCGA-TS-A8AY-01A,1.0,0.0,0.0,0.0,0.0
9,76609679,-,9,122144280,+,MESO,7126,TCGA-TS-A8AY-01A,TCGA-TS-A8AY-01A,1.0,0.0,0.0,0.0,0.0
9,77192008,+,12,58555873,-,MESO,7127,TCGA-TS-A8AY-01A,TCGA-TS-A8AY-01A,1.0,0.0,0.0,0.0,0.0
9,77203032,-,18,4127646,+,MESO,7128,TCGA-TS-A8AY-01A,TCGA-TS-A8AY-01A,1.0,0.0,0.0,0.0,0.0
9,77207631,+,12,58547434,+,MESO,7129,TCGA-TS-A8AY-01A,TCGA-TS-A8AY-01A,1.0,0.0,0.0,0.0,0.0
9,89755265,-,16,7049044,-,MESO,7130,TCGA-TS-A8AY-01A,TCGA-TS-A8AY-01A,1.0,0.0,0.0,0.0,0.0
9,91500494,-,18,62815685,-,MESO,7131,TCGA-TS-A8AY-01A,TCGA-TS-A8AY-01A,1.0,0.0,0.0,0.0,0.0
9,100350968,+,9,112388947,+,MESO,7132,TCGA-TS-A8AY-01A,TCGA-TS-A8AY-01A,1.0,0.0,0.0,0.0,0.0
9,100350968,-,9,112388957,-,MESO,7133,TCGA-TS-A8AY-01A,TCGA-TS-A8AY-01A,1.0,0.0,0.0,0.0,0.0
9,133252219,-,11,119169019,-,MESO,7134,TCGA-TS-A8AY-01A,TCGA-TS-A8AY-01A,1.0,0.0,0.0,0.0,0.0
9,133484610,+,11,33321298,+,MESO,7135,TCGA-TS-A8AY-01A,TCGA-TS-A8AY-01A,1.0,0.0,0.0,0.0,0.0
9,133484689,-,11,121946104,-,MESO,7136,TCGA-TS-A8AY-01A,TCGA-TS-A8AY-01A,1.0,0.0,0.0,0.0,0.0
23,65847373,+,23,65855273,-,MESO,7137,TCGA-TS-A8AY-01A,TCGA-TS-A8AY-01A,1.0,0.0,0.0,0.0,0.0
23,66519312,+,23,66547181,+,MESO,7138,TCGA-TS-A8AY-01A,TCGA-TS-A8AY-01A,1.0,0.0,0.0,0.0,0.0
1,51427357,-,4,89473669,-,MESO,7139,TCGA-UD-AABY-01A,TCGA-UD-AABY-01A,1.0,0.0,0.0,0.0,0.0
1,51432448,+,1,59485528,-,MESO,7140,TCGA-UD-AABY-01A,TCGA-UD-AABY-01A,1.0,0.0,0.0,0.0,0.0
1,59487258,+,18,40831042,-,MESO,7141,TCGA-UD-AABY-01A,TCGA-UD-AABY-01A,1.0,0.0,0.0,0.0,0.0
1,69777472,+,1,70140047,-,MESO,7142,TCGA-UD-AABY-01A,TCGA-UD-AABY-01A,1.0,0.0,0.0,0.0,0.0
1,70142223,+,1,70143322,-,MESO,7143,TCGA-UD-AABY-01A,TCGA-UD-AABY-01A,1.0,0.0,0.0,0.0,0.0
1,92679034,+,1,97323854,-,MESO,7144,TCGA-UD-AABY-01A,TCGA-UD-AABY-01A,1.0,0.0,0.0,0.0,0.0
1,96533965,+,1,115930107,-,MESO,7145,TCGA-UD-AABY-01A,TCGA-UD-AABY-01A,1.0,0.0,0.0,0.0,0.0
1,121600990,+,18,29153067,+,MESO,7146,TCGA-UD-AABY-01A,TCGA-UD-AABY-01A,1.0,0.0,0.0,0.0,0.0
1,122048917,+,18,32459250,-,MESO,7147,TCGA-UD-AABY-01A,TCGA-UD-AABY-01A,1.0,0.0,0.0,0.0,0.0
1,156254000,+,1,156258455,+,MESO,7148,TCGA-UD-AABY-01A,TCGA-UD-AABY-01A,1.0,0.0,0.0,0.0,0.0
1,156256994,-,3,48415985,+,MESO,7149,TCGA-UD-AABY-01A,TCGA-UD-AABY-01A,1.0,0.0,0.0,0.0,0.0
1,156258587,-,3,52493762,-,MESO,7150,TCGA-UD-AABY-01A,TCGA-UD-AABY-01A,1.0,0.0,0.0,0.0,0.0
10,47489286,-,10,47721627,+,MESO,7151,TCGA-UD-AABY-01A,TCGA-UD-AABY-01A,1.0,0.0,0.0,0.0,0.0
10,79923120,+,10,123151366,-,MESO,7152,TCGA-UD-AABY-01A,TCGA-UD-AABY-01A,1.0,0.0,0.0,0.0,0.0
10,106755141,+,10,106760882,-,MESO,7153,TCGA-UD-AABY-01A,TCGA-UD-AABY-01A,1.0,0.0,0.0,0.0,0.0
11,20929584,+,11,22439080,+,MESO,7154,TCGA-UD-AABY-01A,TCGA-UD-AABY-01A,1.0,0.0,0.0,0.0,0.0
11,20929768,-,11,22439099,-,MESO,7155,TCGA-UD-AABY-01A,TCGA-UD-AABY-01A,1.0,0.0,0.0,0.0,0.0
11,56471514,+,11,56472457,-,MESO,7156,TCGA-UD-AABY-01A,TCGA-UD-AABY-01A,1.0,0.0,0.0,0.0,0.0
11,62841077,+,11,132647612,-,MESO,7157,TCGA-UD-AABY-01A,TCGA-UD-AABY-01A,1.0,0.0,0.0,0.0,0.0
11,63034145,-,11,115685962,+,MESO,7158,TCGA-UD-AABY-01A,TCGA-UD-AABY-01A,1.0,0.0,0.0,0.0,0.0
11,63218315,+,11,126947034,-,MESO,7159,TCGA-UD-AABY-01A,TCGA-UD-AABY-01A,1.0,0.0,0.0,0.0,0.0
11,63382187,-,11,72170867,-,MESO,7160,TCGA-UD-AABY-01A,TCGA-UD-AABY-01A,1.0,0.0,0.0,0.0,0.0
11,72112329,+,14,57063559,-,MESO,7161,TCGA-UD-AABY-01A,TCGA-UD-AABY-01A,1.0,0.0,0.0,0.0,0.0
11,84716160,+,11,85218875,-,MESO,7162,TCGA-UD-AABY-01A,TCGA-UD-AABY-01A,1.0,0.0,0.0,0.0,0.0
11,112720354,-,11,127341880,-,MESO,7163,TCGA-UD-AABY-01A,TCGA-UD-AABY-01A,1.0,0.0,0.0,0.0,0.0
11,112720355,+,11,112825255,+,MESO,7164,TCGA-UD-AABY-01A,TCGA-UD-AABY-01A,1.0,0.0,0.0,0.0,0.0
11,114317900,-,11,126752011,+,MESO,7165,TCGA-UD-AABY-01A,TCGA-UD-AABY-01A,1.0,0.0,0.0,0.0,0.0
11,114703769,+,11,115945337,+,MESO,7166,TCGA-UD-AABY-01A,TCGA-UD-AABY-01A,1.0,0.0,0.0,0.0,0.0
11,115508581,-,11,126755742,+,MESO,7167,TCGA-UD-AABY-01A,TCGA-UD-AABY-01A,1.0,0.0,0.0,0.0,0.0
11,115509957,-,14,57073966,+,MESO,7168,TCGA-UD-AABY-01A,TCGA-UD-AABY-01A,1.0,0.0,0.0,0.0,0.0
11,115509958,+,11,126958865,+,MESO,7169,TCGA-UD-AABY-01A,TCGA-UD-AABY-01A,1.0,0.0,0.0,0.0,0.0
11,115859993,-,11,127388202,+,MESO,7170,TCGA-UD-AABY-01A,TCGA-UD-AABY-01A,1.0,0.0,0.0,0.0,0.0
11,116666750,-,14,56805322,+,MESO,7171,TCGA-UD-AABY-01A,TCGA-UD-AABY-01A,1.0,0.0,0.0,0.0,0.0
11,117812079,+,11,118720124,+,MESO,7172,TCGA-UD-AABY-01A,TCGA-UD-AABY-01A,1.0,0.0,0.0,0.0,0.0
11,126752046,-,14,57079798,-,MESO,7173,TCGA-UD-AABY-01A,TCGA-UD-AABY-01A,1.0,0.0,0.0,0.0,0.0
12,42685624,+,12,42695084,-,MESO,7174,TCGA-UD-AABY-01A,TCGA-UD-AABY-01A,1.0,0.0,0.0,0.0,0.0
12,63046971,+,12,64435737,-,MESO,7175,TCGA-UD-AABY-01A,TCGA-UD-AABY-01A,1.0,0.0,0.0,0.0,0.0
12,73947390,+,12,77243070,+,MESO,7176,TCGA-UD-AABY-01A,TCGA-UD-AABY-01A,1.0,0.0,0.0,0.0,0.0
12,73947447,-,12,77246663,-,MESO,7177,TCGA-UD-AABY-01A,TCGA-UD-AABY-01A,1.0,0.0,0.0,0.0,0.0
13,63213434,+,13,63218440,+,MESO,7178,TCGA-UD-AABY-01A,TCGA-UD-AABY-01A,1.0,0.0,0.0,0.0,0.0
13,63214222,-,13,63218817,-,MESO,7179,TCGA-UD-AABY-01A,TCGA-UD-AABY-01A,1.0,0.0,0.0,0.0,0.0
14,53403493,+,21,27349440,-,MESO,7180,TCGA-UD-AABY-01A,TCGA-UD-AABY-01A,1.0,0.0,0.0,0.0,0.0
14,53408311,-,14,53410375,-,MESO,7181,TCGA-UD-AABY-01A,TCGA-UD-AABY-01A,1.0,0.0,0.0,0.0,0.0
14,53408629,+,21,27362031,+,MESO,7182,TCGA-UD-AABY-01A,TCGA-UD-AABY-01A,1.0,0.0,0.0,0.0,0.0
14,53410925,+,21,27368712,-,MESO,7183,TCGA-UD-AABY-01A,TCGA-UD-AABY-01A,1.0,0.0,0.0,0.0,0.0
14,53411215,-,21,27368938,+,MESO,7184,TCGA-UD-AABY-01A,TCGA-UD-AABY-01A,1.0,0.0,0.0,0.0,0.0
15,27346871,+,15,45417534,-,MESO,7185,TCGA-UD-AABY-01A,TCGA-UD-AABY-01A,1.0,0.0,0.0,0.0,0.0
15,48944161,+,15,48962159,-,MESO,7186,TCGA-UD-AABY-01A,TCGA-UD-AABY-01A,1.0,0.0,0.0,0.0,0.0
17,19535294,+,17,19537551,-,MESO,7187,TCGA-UD-AABY-01A,TCGA-UD-AABY-01A,1.0,0.0,0.0,0.0,0.0
17,31949705,+,17,43548657,-,MESO,7188,TCGA-UD-AABY-01A,TCGA-UD-AABY-01A,1.0,0.0,0.0,0.0,0.0
18,25958315,+,18,29070696,-,MESO,7189,TCGA-UD-AABY-01A,TCGA-UD-AABY-01A,1.0,0.0,0.0,0.0,0.0
18,33049607,+,18,33217090,-,MESO,7190,TCGA-UD-AABY-01A,TCGA-UD-AABY-01A,1.0,0.0,0.0,0.0,0.0
19,12944597,+,19,14546180,-,MESO,7191,TCGA-UD-AABY-01A,TCGA-UD-AABY-01A,1.0,0.0,0.0,0.0,0.0
2,23766464,+,2,23848650,-,MESO,7192,TCGA-UD-AABY-01A,TCGA-UD-AABY-01A,1.0,0.0,0.0,0.0,0.0
2,31573251,+,2,31574103,+,MESO,7193,TCGA-UD-AABY-01A,TCGA-UD-AABY-01A,1.0,0.0,0.0,0.0,0.0
2,31573393,-,2,31574465,-,MESO,7194,TCGA-UD-AABY-01A,TCGA-UD-AABY-01A,1.0,0.0,0.0,0.0,0.0
2,35236536,+,11,97299908,-,MESO,7195,TCGA-UD-AABY-01A,TCGA-UD-AABY-01A,1.0,0.0,0.0,0.0,0.0
2,35236789,-,11,97300071,+,MESO,7196,TCGA-UD-AABY-01A,TCGA-UD-AABY-01A,1.0,0.0,0.0,0.0,0.0
2,36851273,+,17,18307364,-,MESO,7197,TCGA-UD-AABY-01A,TCGA-UD-AABY-01A,1.0,0.0,0.0,0.0,0.0
2,165071191,+,2,178337950,+,MESO,7198,TCGA-UD-AABY-01A,TCGA-UD-AABY-01A,1.0,0.0,0.0,0.0,0.0
2,165183559,-,2,214616163,+,MESO,7199,TCGA-UD-AABY-01A,TCGA-UD-AABY-01A,1.0,0.0,0.0,0.0,0.0
2,181728404,-,7,149440490,+,MESO,7200,TCGA-UD-AABY-01A,TCGA-UD-AABY-01A,1.0,0.0,0.0,0.0,0.0
2,182787791,+,2,206822693,-,MESO,7201,TCGA-UD-AABY-01A,TCGA-UD-AABY-01A,1.0,0.0,0.0,0.0,0.0
2,182890651,-,2,184106906,+,MESO,7202,TCGA-UD-AABY-01A,TCGA-UD-AABY-01A,1.0,0.0,0.0,0.0,0.0
2,182891860,-,2,182901633,-,MESO,7203,TCGA-UD-AABY-01A,TCGA-UD-AABY-01A,1.0,0.0,0.0,0.0,0.0
2,182891860,+,2,206529199,+,MESO,7204,TCGA-UD-AABY-01A,TCGA-UD-AABY-01A,1.0,0.0,0.0,0.0,0.0
2,182901597,+,2,184020933,-,MESO,7205,TCGA-UD-AABY-01A,TCGA-UD-AABY-01A,1.0,0.0,0.0,0.0,0.0
2,183329371,-,2,206531221,+,MESO,7206,TCGA-UD-AABY-01A,TCGA-UD-AABY-01A,1.0,0.0,0.0,0.0,0.0
2,183329371,+,2,228881984,+,MESO,7207,TCGA-UD-AABY-01A,TCGA-UD-AABY-01A,1.0,0.0,0.0,0.0,0.0
2,183332807,+,2,185672955,+,MESO,7208,TCGA-UD-AABY-01A,TCGA-UD-AABY-01A,1.0,0.0,0.0,0.0,0.0
2,183682545,-,2,228888317,+,MESO,7209,TCGA-UD-AABY-01A,TCGA-UD-AABY-01A,1.0,0.0,0.0,0.0,0.0
2,183812906,+,2,206821888,-,MESO,7210,TCGA-UD-AABY-01A,TCGA-UD-AABY-01A,1.0,0.0,0.0,0.0,0.0
2,183891732,-,2,186285337,-,MESO,7211,TCGA-UD-AABY-01A,TCGA-UD-AABY-01A,1.0,0.0,0.0,0.0,0.0
2,183978401,+,14,105723501,-,MESO,7212,TCGA-UD-AABY-01A,TCGA-UD-AABY-01A,1.0,0.0,0.0,0.0,0.0
2,183978401,+,2,228421563,-,MESO,7213,TCGA-UD-AABY-01A,TCGA-UD-AABY-01A,1.0,0.0,0.0,0.0,0.0
2,184106908,-,2,184307874,-,MESO,7214,TCGA-UD-AABY-01A,TCGA-UD-AABY-01A,1.0,0.0,0.0,0.0,0.0
2,184307864,+,2,185714254,-,MESO,7215,TCGA-UD-AABY-01A,TCGA-UD-AABY-01A,1.0,0.0,0.0,0.0,0.0
2,186146752,+,2,206529222,-,MESO,7216,TCGA-UD-AABY-01A,TCGA-UD-AABY-01A,1.0,0.0,0.0,0.0,0.0
2,186146796,-,2,229155414,-,MESO,7217,TCGA-UD-AABY-01A,TCGA-UD-AABY-01A,1.0,0.0,0.0,0.0,0.0
2,186285277,+,2,229137499,-,MESO,7218,TCGA-UD-AABY-01A,TCGA-UD-AABY-01A,1.0,0.0,0.0,0.0,0.0
2,206530414,+,2,228881387,+,MESO,7219,TCGA-UD-AABY-01A,TCGA-UD-AABY-01A,1.0,0.0,0.0,0.0,0.0
2,206530956,-,2,228142506,+,MESO,7220,TCGA-UD-AABY-01A,TCGA-UD-AABY-01A,1.0,0.0,0.0,0.0,0.0
2,206822687,+,2,228881391,-,MESO,7221,TCGA-UD-AABY-01A,TCGA-UD-AABY-01A,1.0,0.0,0.0,0.0,0.0
2,213520766,+,7,107904569,-,MESO,7222,TCGA-UD-AABY-01A,TCGA-UD-AABY-01A,1.0,0.0,0.0,0.0,0.0
2,214052135,-,7,144739128,+,MESO,7223,TCGA-UD-AABY-01A,TCGA-UD-AABY-01A,1.0,0.0,0.0,0.0,0.0
2,215204192,-,7,148300172,-,MESO,7224,TCGA-UD-AABY-01A,TCGA-UD-AABY-01A,1.0,0.0,0.0,0.0,0.0
2,216141688,+,2,216142652,-,MESO,7225,TCGA-UD-AABY-01A,TCGA-UD-AABY-01A,1.0,0.0,0.0,0.0,0.0
21,27348997,+,21,27375618,-,MESO,7226,TCGA-UD-AABY-01A,TCGA-UD-AABY-01A,1.0,0.0,0.0,0.0,0.0
21,39727302,+,21,39731017,-,MESO,7227,TCGA-UD-AABY-01A,TCGA-UD-AABY-01A,1.0,0.0,0.0,0.0,0.0
3,1423904,+,3,1577137,-,MESO,7228,TCGA-UD-AABY-01A,TCGA-UD-AABY-01A,1.0,0.0,0.0,0.0,0.0
3,13722667,+,3,13732430,-,MESO,7229,TCGA-UD-AABY-01A,TCGA-UD-AABY-01A,1.0,0.0,0.0,0.0,0.0
3,14224252,+,3,14226680,-,MESO,7230,TCGA-UD-AABY-01A,TCGA-UD-AABY-01A,1.0,0.0,0.0,0.0,0.0
3,48405098,+,3,52692336,-,MESO,7231,TCGA-UD-AABY-01A,TCGA-UD-AABY-01A,1.0,0.0,0.0,0.0,0.0
3,48405250,-,3,48421458,-,MESO,7232,TCGA-UD-AABY-01A,TCGA-UD-AABY-01A,1.0,0.0,0.0,0.0,0.0
3,48406748,+,3,52804423,-,MESO,7233,TCGA-UD-AABY-01A,TCGA-UD-AABY-01A,1.0,0.0,0.0,0.0,0.0
3,48406840,-,3,52254079,+,MESO,7234,TCGA-UD-AABY-01A,TCGA-UD-AABY-01A,1.0,0.0,0.0,0.0,0.0
3,48414733,+,3,52403093,-,MESO,7235,TCGA-UD-AABY-01A,TCGA-UD-AABY-01A,1.0,0.0,0.0,0.0,0.0
3,48415270,-,3,52404601,+,MESO,7236,TCGA-UD-AABY-01A,TCGA-UD-AABY-01A,1.0,0.0,0.0,0.0,0.0
3,48416545,-,3,52393316,+,MESO,7237,TCGA-UD-AABY-01A,TCGA-UD-AABY-01A,1.0,0.0,0.0,0.0,0.0
3,48421393,+,3,52405468,-,MESO,7238,TCGA-UD-AABY-01A,TCGA-UD-AABY-01A,1.0,0.0,0.0,0.0,0.0
3,52249692,+,3,52250482,-,MESO,7239,TCGA-UD-AABY-01A,TCGA-UD-AABY-01A,1.0,0.0,0.0,0.0,0.0
3,52254138,-,3,52436909,+,MESO,7240,TCGA-UD-AABY-01A,TCGA-UD-AABY-01A,1.0,0.0,0.0,0.0,0.0
3,52401411,-,3,52403930,-,MESO,7241,TCGA-UD-AABY-01A,TCGA-UD-AABY-01A,1.0,0.0,0.0,0.0,0.0
3,52402234,+,3,52493443,+,MESO,7242,TCGA-UD-AABY-01A,TCGA-UD-AABY-01A,1.0,0.0,0.0,0.0,0.0
3,52403901,+,3,52407103,-,MESO,7243,TCGA-UD-AABY-01A,TCGA-UD-AABY-01A,1.0,0.0,0.0,0.0,0.0
3,52405630,+,3,52803667,+,MESO,7244,TCGA-UD-AABY-01A,TCGA-UD-AABY-01A,1.0,0.0,0.0,0.0,0.0
3,52408492,+,3,52692306,+,MESO,7245,TCGA-UD-AABY-01A,TCGA-UD-AABY-01A,1.0,0.0,0.0,0.0,0.0
3,52411193,-,3,52456710,-,MESO,7246,TCGA-UD-AABY-01A,TCGA-UD-AABY-01A,1.0,0.0,0.0,0.0,0.0
3,89138090,+,3,89220488,-,MESO,7247,TCGA-UD-AABY-01A,TCGA-UD-AABY-01A,1.0,0.0,0.0,0.0,0.0
3,117446585,+,3,117911884,-,MESO,7248,TCGA-UD-AABY-01A,TCGA-UD-AABY-01A,1.0,0.0,0.0,0.0,0.0
3,188366198,+,3,188481430,-,MESO,7249,TCGA-UD-AABY-01A,TCGA-UD-AABY-01A,1.0,0.0,0.0,0.0,0.0
4,16325854,+,8,55720029,+,MESO,7250,TCGA-UD-AABY-01A,TCGA-UD-AABY-01A,1.0,0.0,0.0,0.0,0.0
4,16326903,-,8,55716926,-,MESO,7251,TCGA-UD-AABY-01A,TCGA-UD-AABY-01A,1.0,0.0,0.0,0.0,0.0
4,50189355,-,4,50993235,+,MESO,7252,TCGA-UD-AABY-01A,TCGA-UD-AABY-01A,1.0,0.0,0.0,0.0,0.0
4,77666702,+,4,77681368,-,MESO,7253,TCGA-UD-AABY-01A,TCGA-UD-AABY-01A,1.0,0.0,0.0,0.0,0.0
4,89471470,+,17,59788285,-,MESO,7254,TCGA-UD-AABY-01A,TCGA-UD-AABY-01A,1.0,0.0,0.0,0.0,0.0
5,25123317,+,5,25139016,-,MESO,7255,TCGA-UD-AABY-01A,TCGA-UD-AABY-01A,1.0,0.0,0.0,0.0,0.0
5,41249142,+,5,41253954,-,MESO,7256,TCGA-UD-AABY-01A,TCGA-UD-AABY-01A,1.0,0.0,0.0,0.0,0.0
5,45493388,+,5,45509185,-,MESO,7257,TCGA-UD-AABY-01A,TCGA-UD-AABY-01A,1.0,0.0,0.0,0.0,0.0
5,45509185,+,5,113125636,-,MESO,7258,TCGA-UD-AABY-01A,TCGA-UD-AABY-01A,1.0,0.0,0.0,0.0,0.0
5,66644371,+,5,178194436,-,MESO,7259,TCGA-UD-AABY-01A,TCGA-UD-AABY-01A,1.0,0.0,0.0,0.0,0.0
5,66649335,-,5,178195396,+,MESO,7260,TCGA-UD-AABY-01A,TCGA-UD-AABY-01A,1.0,0.0,0.0,0.0,0.0
5,178170100,+,5,178228343,-,MESO,7261,TCGA-UD-AABY-01A,TCGA-UD-AABY-01A,1.0,0.0,0.0,0.0,0.0
6,18135589,+,6,18194632,-,MESO,7262,TCGA-UD-AABY-01A,TCGA-UD-AABY-01A,1.0,0.0,0.0,0.0,0.0
6,156128721,+,8,79330024,+,MESO,7263,TCGA-UD-AABY-01A,TCGA-UD-AABY-01A,1.0,0.0,0.0,0.0,0.0
6,166516008,+,6,166528213,-,MESO,7264,TCGA-UD-AABY-01A,TCGA-UD-AABY-01A,1.0,0.0,0.0,0.0,0.0
7,56838409,+,7,63738707,+,MESO,7265,TCGA-UD-AABY-01A,TCGA-UD-AABY-01A,1.0,0.0,0.0,0.0,0.0
7,107186640,+,7,149677234,-,MESO,7266,TCGA-UD-AABY-01A,TCGA-UD-AABY-01A,1.0,0.0,0.0,0.0,0.0
8,14895187,+,8,14896135,-,MESO,7267,TCGA-UD-AABY-01A,TCGA-UD-AABY-01A,1.0,0.0,0.0,0.0,0.0
8,55714502,+,12,81110766,+,MESO,7268,TCGA-UD-AABY-01A,TCGA-UD-AABY-01A,1.0,0.0,0.0,0.0,0.0
8,55724669,-,8,60648043,-,MESO,7269,TCGA-UD-AABY-01A,TCGA-UD-AABY-01A,1.0,0.0,0.0,0.0,0.0
8,60644614,+,12,81104794,-,MESO,7270,TCGA-UD-AABY-01A,TCGA-UD-AABY-01A,1.0,0.0,0.0,0.0,0.0
8,77578722,+,8,77583627,-,MESO,7271,TCGA-UD-AABY-01A,TCGA-UD-AABY-01A,1.0,0.0,0.0,0.0,0.0
8,110348579,+,8,110351012,-,MESO,7272,TCGA-UD-AABY-01A,TCGA-UD-AABY-01A,1.0,0.0,0.0,0.0,0.0
9,21426549,+,9,28005737,-,MESO,7273,TCGA-UD-AABY-01A,TCGA-UD-AABY-01A,1.0,0.0,0.0,0.0,0.0
24,6474076,+,24,7017899,+,MESO,7274,TCGA-UD-AABY-01A,TCGA-UD-AABY-01A,1.0,0.0,0.0,0.0,0.0
1,1119729,+,1,9445267,-,MESO,7275,TCGA-UD-AABZ-01A,TCGA-UD-AABZ-01A,1.0,0.0,0.0,0.0,0.0
1,76121971,+,21,14113304,+,MESO,7276,TCGA-UD-AABZ-01A,TCGA-UD-AABZ-01A,1.0,0.0,0.0,0.0,0.0
1,76122002,-,21,17338219,-,MESO,7277,TCGA-UD-AABZ-01A,TCGA-UD-AABZ-01A,1.0,0.0,0.0,0.0,0.0
1,99776515,+,1,100476163,-,MESO,7278,TCGA-UD-AABZ-01A,TCGA-UD-AABZ-01A,1.0,0.0,0.0,0.0,0.0
1,173480436,+,1,173482866,+,MESO,7279,TCGA-UD-AABZ-01A,TCGA-UD-AABZ-01A,1.0,0.0,0.0,0.0,0.0
1,173481453,-,1,173484046,-,MESO,7280,TCGA-UD-AABZ-01A,TCGA-UD-AABZ-01A,1.0,0.0,0.0,0.0,0.0
1,202591501,+,1,202592823,-,MESO,7281,TCGA-UD-AABZ-01A,TCGA-UD-AABZ-01A,1.0,0.0,0.0,0.0,0.0
1,237127597,-,9,38324791,-,MESO,7282,TCGA-UD-AABZ-01A,TCGA-UD-AABZ-01A,1.0,0.0,0.0,0.0,0.0
1,240049328,+,8,130787170,-,MESO,7283,TCGA-UD-AABZ-01A,TCGA-UD-AABZ-01A,1.0,0.0,0.0,0.0,0.0
1,240049450,-,8,130762540,+,MESO,7284,TCGA-UD-AABZ-01A,TCGA-UD-AABZ-01A,1.0,0.0,0.0,0.0,0.0
10,21833791,+,10,21864341,-,MESO,7285,TCGA-UD-AABZ-01A,TCGA-UD-AABZ-01A,1.0,0.0,0.0,0.0,0.0
11,47995545,-,11,48088621,+,MESO,7286,TCGA-UD-AABZ-01A,TCGA-UD-AABZ-01A,1.0,0.0,0.0,0.0,0.0
11,53022573,+,11,53074491,-,MESO,7287,TCGA-UD-AABZ-01A,TCGA-UD-AABZ-01A,1.0,0.0,0.0,0.0,0.0
11,54371440,-,11,54377392,+,MESO,7288,TCGA-UD-AABZ-01A,TCGA-UD-AABZ-01A,1.0,0.0,0.0,0.0,0.0
11,61362470,+,11,61385033,-,MESO,7289,TCGA-UD-AABZ-01A,TCGA-UD-AABZ-01A,1.0,0.0,0.0,0.0,0.0
11,76337539,+,11,76619913,-,MESO,7290,TCGA-UD-AABZ-01A,TCGA-UD-AABZ-01A,1.0,0.0,0.0,0.0,0.0
11,106183339,+,11,116392956,-,MESO,7291,TCGA-UD-AABZ-01A,TCGA-UD-AABZ-01A,1.0,0.0,0.0,0.0,0.0
12,8767686,+,12,19338400,-,MESO,7292,TCGA-UD-AABZ-01A,TCGA-UD-AABZ-01A,1.0,0.0,0.0,0.0,0.0
12,56752674,+,12,56816635,-,MESO,7293,TCGA-UD-AABZ-01A,TCGA-UD-AABZ-01A,1.0,0.0,0.0,0.0,0.0
12,115267113,-,12,115626590,+,MESO,7294,TCGA-UD-AABZ-01A,TCGA-UD-AABZ-01A,1.0,0.0,0.0,0.0,0.0
12,115308233,+,12,115657882,-,MESO,7295,TCGA-UD-AABZ-01A,TCGA-UD-AABZ-01A,1.0,0.0,0.0,0.0,0.0
12,115308328,-,12,115344197,-,MESO,7296,TCGA-UD-AABZ-01A,TCGA-UD-AABZ-01A,1.0,0.0,0.0,0.0,0.0
12,115343430,+,12,115626642,-,MESO,7297,TCGA-UD-AABZ-01A,TCGA-UD-AABZ-01A,1.0,0.0,0.0,0.0,0.0
12,115553877,-,12,115662828,+,MESO,7298,TCGA-UD-AABZ-01A,TCGA-UD-AABZ-01A,1.0,0.0,0.0,0.0,0.0
12,115598209,+,12,115644012,+,MESO,7299,TCGA-UD-AABZ-01A,TCGA-UD-AABZ-01A,1.0,0.0,0.0,0.0,0.0
12,115598262,-,12,115655522,-,MESO,7300,TCGA-UD-AABZ-01A,TCGA-UD-AABZ-01A,1.0,0.0,0.0,0.0,0.0
12,115644046,-,12,115657872,+,MESO,7301,TCGA-UD-AABZ-01A,TCGA-UD-AABZ-01A,1.0,0.0,0.0,0.0,0.0
13,23579511,+,13,92477783,+,MESO,7302,TCGA-UD-AABZ-01A,TCGA-UD-AABZ-01A,1.0,0.0,0.0,0.0,0.0
13,92236525,-,21,9012606,+,MESO,7303,TCGA-UD-AABZ-01A,TCGA-UD-AABZ-01A,1.0,0.0,0.0,0.0,0.0
13,92267831,+,13,93106926,-,MESO,7304,TCGA-UD-AABZ-01A,TCGA-UD-AABZ-01A,1.0,0.0,0.0,0.0,0.0
13,92351515,-,13,92477781,-,MESO,7305,TCGA-UD-AABZ-01A,TCGA-UD-AABZ-01A,1.0,0.0,0.0,0.0,0.0
13,92530074,+,13,92791924,-,MESO,7306,TCGA-UD-AABZ-01A,TCGA-UD-AABZ-01A,1.0,0.0,0.0,0.0,0.0
13,92811194,+,13,93297319,+,MESO,7307,TCGA-UD-AABZ-01A,TCGA-UD-AABZ-01A,1.0,0.0,0.0,0.0,0.0
13,102197362,-,13,112334502,-,MESO,7308,TCGA-UD-AABZ-01A,TCGA-UD-AABZ-01A,1.0,0.0,0.0,0.0,0.0
14,47681144,-,14,47685875,+,MESO,7309,TCGA-UD-AABZ-01A,TCGA-UD-AABZ-01A,1.0,0.0,0.0,0.0,0.0
15,24352546,-,15,24499004,+,MESO,7310,TCGA-UD-AABZ-01A,TCGA-UD-AABZ-01A,1.0,0.0,0.0,0.0,0.0
15,27264701,+,15,27286515,-,MESO,7311,TCGA-UD-AABZ-01A,TCGA-UD-AABZ-01A,1.0,0.0,0.0,0.0,0.0
15,42187949,+,15,42230704,-,MESO,7312,TCGA-UD-AABZ-01A,TCGA-UD-AABZ-01A,1.0,0.0,0.0,0.0,0.0
15,52876003,-,15,54908536,+,MESO,7313,TCGA-UD-AABZ-01A,TCGA-UD-AABZ-01A,1.0,0.0,0.0,0.0,0.0
15,52957962,+,15,53079364,+,MESO,7314,TCGA-UD-AABZ-01A,TCGA-UD-AABZ-01A,1.0,0.0,0.0,0.0,0.0
18,39788491,+,18,50284974,+,MESO,7315,TCGA-UD-AABZ-01A,TCGA-UD-AABZ-01A,1.0,0.0,0.0,0.0,0.0
18,40037617,-,18,50280025,-,MESO,7316,TCGA-UD-AABZ-01A,TCGA-UD-AABZ-01A,1.0,0.0,0.0,0.0,0.0
18,40046904,-,18,50589104,-,MESO,7317,TCGA-UD-AABZ-01A,TCGA-UD-AABZ-01A,1.0,0.0,0.0,0.0,0.0
18,50279932,+,18,50603956,-,MESO,7318,TCGA-UD-AABZ-01A,TCGA-UD-AABZ-01A,1.0,0.0,0.0,0.0,0.0
18,50286143,+,18,50389143,+,MESO,7319,TCGA-UD-AABZ-01A,TCGA-UD-AABZ-01A,1.0,0.0,0.0,0.0,0.0
18,50748763,+,18,50999988,-,MESO,7320,TCGA-UD-AABZ-01A,TCGA-UD-AABZ-01A,1.0,0.0,0.0,0.0,0.0
19,56472316,+,19,56540455,-,MESO,7321,TCGA-UD-AABZ-01A,TCGA-UD-AABZ-01A,1.0,0.0,0.0,0.0,0.0
2,10292927,+,2,10434035,-,MESO,7322,TCGA-UD-AABZ-01A,TCGA-UD-AABZ-01A,1.0,0.0,0.0,0.0,0.0
2,20954241,+,5,172597370,+,MESO,7323,TCGA-UD-AABZ-01A,TCGA-UD-AABZ-01A,1.0,0.0,0.0,0.0,0.0
2,58485552,+,2,58487179,-,MESO,7324,TCGA-UD-AABZ-01A,TCGA-UD-AABZ-01A,1.0,0.0,0.0,0.0,0.0
20,29538703,+,20,29540285,-,MESO,7325,TCGA-UD-AABZ-01A,TCGA-UD-AABZ-01A,1.0,0.0,0.0,0.0,0.0
3,30288774,+,3,30387622,-,MESO,7326,TCGA-UD-AABZ-01A,TCGA-UD-AABZ-01A,1.0,0.0,0.0,0.0,0.0
3,38705546,+,5,130122645,+,MESO,7327,TCGA-UD-AABZ-01A,TCGA-UD-AABZ-01A,1.0,0.0,0.0,0.0,0.0
3,38948165,-,3,68095770,-,MESO,7328,TCGA-UD-AABZ-01A,TCGA-UD-AABZ-01A,1.0,0.0,0.0,0.0,0.0
3,38952563,+,5,158252595,-,MESO,7329,TCGA-UD-AABZ-01A,TCGA-UD-AABZ-01A,1.0,0.0,0.0,0.0,0.0
3,52288058,+,3,52428951,-,MESO,7330,TCGA-UD-AABZ-01A,TCGA-UD-AABZ-01A,1.0,0.0,0.0,0.0,0.0
3,92560773,-,3,93036612,+,MESO,7331,TCGA-UD-AABZ-01A,TCGA-UD-AABZ-01A,1.0,0.0,0.0,0.0,0.0
3,99050218,+,3,99052985,+,MESO,7332,TCGA-UD-AABZ-01A,TCGA-UD-AABZ-01A,1.0,0.0,0.0,0.0,0.0
3,99050317,-,3,178519850,+,MESO,7333,TCGA-UD-AABZ-01A,TCGA-UD-AABZ-01A,1.0,0.0,0.0,0.0,0.0
3,99095411,-,3,194283599,-,MESO,7334,TCGA-UD-AABZ-01A,TCGA-UD-AABZ-01A,1.0,0.0,0.0,0.0,0.0
3,157112720,+,18,50999959,+,MESO,7335,TCGA-UD-AABZ-01A,TCGA-UD-AABZ-01A,1.0,0.0,0.0,0.0,0.0
3,157381957,-,18,50797950,-,MESO,7336,TCGA-UD-AABZ-01A,TCGA-UD-AABZ-01A,1.0,0.0,0.0,0.0,0.0
3,159843497,+,18,50592711,+,MESO,7337,TCGA-UD-AABZ-01A,TCGA-UD-AABZ-01A,1.0,0.0,0.0,0.0,0.0
3,159849951,-,18,40046784,+,MESO,7338,TCGA-UD-AABZ-01A,TCGA-UD-AABZ-01A,1.0,0.0,0.0,0.0,0.0
3,159856654,+,3,160737994,+,MESO,7339,TCGA-UD-AABZ-01A,TCGA-UD-AABZ-01A,1.0,0.0,0.0,0.0,0.0
3,160732420,-,18,50593856,+,MESO,7340,TCGA-UD-AABZ-01A,TCGA-UD-AABZ-01A,1.0,0.0,0.0,0.0,0.0
3,161131797,-,18,50593184,-,MESO,7341,TCGA-UD-AABZ-01A,TCGA-UD-AABZ-01A,1.0,0.0,0.0,0.0,0.0
3,161143831,+,18,50387168,-,MESO,7342,TCGA-UD-AABZ-01A,TCGA-UD-AABZ-01A,1.0,0.0,0.0,0.0,0.0
3,161143907,-,18,50285029,-,MESO,7343,TCGA-UD-AABZ-01A,TCGA-UD-AABZ-01A,1.0,0.0,0.0,0.0,0.0
3,174301606,+,3,174308893,-,MESO,7344,TCGA-UD-AABZ-01A,TCGA-UD-AABZ-01A,1.0,0.0,0.0,0.0,0.0
4,22697301,-,4,22721291,+,MESO,7345,TCGA-UD-AABZ-01A,TCGA-UD-AABZ-01A,1.0,0.0,0.0,0.0,0.0
4,104957106,-,4,135417045,+,MESO,7346,TCGA-UD-AABZ-01A,TCGA-UD-AABZ-01A,1.0,0.0,0.0,0.0,0.0
4,118453246,-,4,118513633,+,MESO,7347,TCGA-UD-AABZ-01A,TCGA-UD-AABZ-01A,1.0,0.0,0.0,0.0,0.0
4,118474549,+,22,15665607,-,MESO,7348,TCGA-UD-AABZ-01A,TCGA-UD-AABZ-01A,1.0,0.0,0.0,0.0,0.0
4,134760457,+,4,134766184,-,MESO,7349,TCGA-UD-AABZ-01A,TCGA-UD-AABZ-01A,1.0,0.0,0.0,0.0,0.0
4,168159139,-,4,168308956,+,MESO,7350,TCGA-UD-AABZ-01A,TCGA-UD-AABZ-01A,1.0,0.0,0.0,0.0,0.0
5,105027209,+,5,105029322,-,MESO,7351,TCGA-UD-AABZ-01A,TCGA-UD-AABZ-01A,1.0,0.0,0.0,0.0,0.0
5,148900059,+,5,151265227,-,MESO,7352,TCGA-UD-AABZ-01A,TCGA-UD-AABZ-01A,1.0,0.0,0.0,0.0,0.0
6,58195289,+,6,58199517,-,MESO,7353,TCGA-UD-AABZ-01A,TCGA-UD-AABZ-01A,1.0,0.0,0.0,0.0,0.0
6,62518705,+,12,115267063,+,MESO,7354,TCGA-UD-AABZ-01A,TCGA-UD-AABZ-01A,1.0,0.0,0.0,0.0,0.0
6,62910470,-,6,88502961,-,MESO,7355,TCGA-UD-AABZ-01A,TCGA-UD-AABZ-01A,1.0,0.0,0.0,0.0,0.0
6,62914898,-,6,83690315,+,MESO,7356,TCGA-UD-AABZ-01A,TCGA-UD-AABZ-01A,1.0,0.0,0.0,0.0,0.0
6,62914898,+,6,94228353,-,MESO,7357,TCGA-UD-AABZ-01A,TCGA-UD-AABZ-01A,1.0,0.0,0.0,0.0,0.0
6,62926421,+,12,115189018,+,MESO,7358,TCGA-UD-AABZ-01A,TCGA-UD-AABZ-01A,1.0,0.0,0.0,0.0,0.0
6,68783571,+,6,68784664,-,MESO,7359,TCGA-UD-AABZ-01A,TCGA-UD-AABZ-01A,1.0,0.0,0.0,0.0,0.0
6,74704859,+,6,74707371,-,MESO,7360,TCGA-UD-AABZ-01A,TCGA-UD-AABZ-01A,1.0,0.0,0.0,0.0,0.0
6,79268118,-,12,114883851,+,MESO,7361,TCGA-UD-AABZ-01A,TCGA-UD-AABZ-01A,1.0,0.0,0.0,0.0,0.0
6,83406574,+,12,115069327,-,MESO,7362,TCGA-UD-AABZ-01A,TCGA-UD-AABZ-01A,1.0,0.0,0.0,0.0,0.0
6,83662794,-,6,83739067,-,MESO,7363,TCGA-UD-AABZ-01A,TCGA-UD-AABZ-01A,1.0,0.0,0.0,0.0,0.0
6,83670628,+,6,83738273,-,MESO,7364,TCGA-UD-AABZ-01A,TCGA-UD-AABZ-01A,1.0,0.0,0.0,0.0,0.0
6,83670639,-,12,115662828,-,MESO,7365,TCGA-UD-AABZ-01A,TCGA-UD-AABZ-01A,1.0,0.0,0.0,0.0,0.0
6,83690323,-,6,83988300,+,MESO,7366,TCGA-UD-AABZ-01A,TCGA-UD-AABZ-01A,1.0,0.0,0.0,0.0,0.0
6,83712412,+,6,83738216,+,MESO,7367,TCGA-UD-AABZ-01A,TCGA-UD-AABZ-01A,1.0,0.0,0.0,0.0,0.0
6,83712476,-,6,88496011,-,MESO,7368,TCGA-UD-AABZ-01A,TCGA-UD-AABZ-01A,1.0,0.0,0.0,0.0,0.0
6,83739003,+,12,115263135,-,MESO,7369,TCGA-UD-AABZ-01A,TCGA-UD-AABZ-01A,1.0,0.0,0.0,0.0,0.0
6,88502960,+,12,115655488,+,MESO,7370,TCGA-UD-AABZ-01A,TCGA-UD-AABZ-01A,1.0,0.0,0.0,0.0,0.0
6,88511388,+,6,94231021,-,MESO,7371,TCGA-UD-AABZ-01A,TCGA-UD-AABZ-01A,1.0,0.0,0.0,0.0,0.0
6,93479305,+,6,93740030,-,MESO,7372,TCGA-UD-AABZ-01A,TCGA-UD-AABZ-01A,1.0,0.0,0.0,0.0,0.0
6,94231001,+,12,115553875,+,MESO,7373,TCGA-UD-AABZ-01A,TCGA-UD-AABZ-01A,1.0,0.0,0.0,0.0,0.0
6,104451411,+,6,104573909,-,MESO,7374,TCGA-UD-AABZ-01A,TCGA-UD-AABZ-01A,1.0,0.0,0.0,0.0,0.0
6,159928112,-,10,76617025,+,MESO,7375,TCGA-UD-AABZ-01A,TCGA-UD-AABZ-01A,1.0,0.0,0.0,0.0,0.0
7,74212358,-,7,103424153,-,MESO,7376,TCGA-UD-AABZ-01A,TCGA-UD-AABZ-01A,1.0,0.0,0.0,0.0,0.0
7,74212362,+,7,104830255,+,MESO,7377,TCGA-UD-AABZ-01A,TCGA-UD-AABZ-01A,1.0,0.0,0.0,0.0,0.0
7,86372921,+,7,103424158,+,MESO,7378,TCGA-UD-AABZ-01A,TCGA-UD-AABZ-01A,1.0,0.0,0.0,0.0,0.0
7,86412817,-,7,104855785,-,MESO,7379,TCGA-UD-AABZ-01A,TCGA-UD-AABZ-01A,1.0,0.0,0.0,0.0,0.0
7,126160848,+,7,126190487,-,MESO,7380,TCGA-UD-AABZ-01A,TCGA-UD-AABZ-01A,1.0,0.0,0.0,0.0,0.0
7,146630759,-,14,19814515,+,MESO,7381,TCGA-UD-AABZ-01A,TCGA-UD-AABZ-01A,1.0,0.0,0.0,0.0,0.0
7,146630760,+,7,146636724,+,MESO,7382,TCGA-UD-AABZ-01A,TCGA-UD-AABZ-01A,1.0,0.0,0.0,0.0,0.0
7,146636722,-,14,19814515,-,MESO,7383,TCGA-UD-AABZ-01A,TCGA-UD-AABZ-01A,1.0,0.0,0.0,0.0,0.0
8,20483310,+,8,127036749,+,MESO,7384,TCGA-UD-AABZ-01A,TCGA-UD-AABZ-01A,1.0,0.0,0.0,0.0,0.0
8,20483329,-,8,127177560,-,MESO,7385,TCGA-UD-AABZ-01A,TCGA-UD-AABZ-01A,1.0,0.0,0.0,0.0,0.0
9,14862791,+,9,29223810,-,MESO,7386,TCGA-UD-AABZ-01A,TCGA-UD-AABZ-01A,1.0,0.0,0.0,0.0,0.0
9,21820571,+,9,22007709,-,MESO,7387,TCGA-UD-AABZ-01A,TCGA-UD-AABZ-01A,1.0,0.0,0.0,0.0,0.0
9,21954460,+,9,22071921,-,MESO,7388,TCGA-UD-AABZ-01A,TCGA-UD-AABZ-01A,1.0,0.0,0.0,0.0,0.0
9,79289935,+,9,79301918,-,MESO,7389,TCGA-UD-AABZ-01A,TCGA-UD-AABZ-01A,1.0,0.0,0.0,0.0,0.0
9,115667440,-,9,116183615,+,MESO,7390,TCGA-UD-AABZ-01A,TCGA-UD-AABZ-01A,1.0,0.0,0.0,0.0,0.0
9,134404031,+,9,134406362,-,MESO,7391,TCGA-UD-AABZ-01A,TCGA-UD-AABZ-01A,1.0,0.0,0.0,0.0,0.0
23,124055065,-,23,124086765,+,MESO,7392,TCGA-UD-AABZ-01A,TCGA-UD-AABZ-01A,1.0,0.0,0.0,0.0,0.0
1,7534060,+,1,7535975,-,MESO,7393,TCGA-UD-AAC4-01A,TCGA-UD-AAC4-01A,1.0,0.0,0.0,0.0,0.0
1,29623288,-,17,73312689,-,MESO,7394,TCGA-UD-AAC4-01A,TCGA-UD-AAC4-01A,1.0,0.0,0.0,0.0,0.0
1,35985837,+,17,31374198,+,MESO,7395,TCGA-UD-AAC4-01A,TCGA-UD-AAC4-01A,1.0,0.0,0.0,0.0,0.0
1,36444399,-,17,31366877,-,MESO,7396,TCGA-UD-AAC4-01A,TCGA-UD-AAC4-01A,1.0,0.0,0.0,0.0,0.0
1,37248783,-,17,31188848,+,MESO,7397,TCGA-UD-AAC4-01A,TCGA-UD-AAC4-01A,1.0,0.0,0.0,0.0,0.0
1,41483275,+,1,45615401,+,MESO,7398,TCGA-UD-AAC4-01A,TCGA-UD-AAC4-01A,1.0,0.0,0.0,0.0,0.0
1,41489224,+,1,46804391,+,MESO,7399,TCGA-UD-AAC4-01A,TCGA-UD-AAC4-01A,1.0,0.0,0.0,0.0,0.0
1,45615598,-,17,31374458,-,MESO,7400,TCGA-UD-AAC4-01A,TCGA-UD-AAC4-01A,1.0,0.0,0.0,0.0,0.0
1,45794847,+,17,35975649,-,MESO,7401,TCGA-UD-AAC4-01A,TCGA-UD-AAC4-01A,1.0,0.0,0.0,0.0,0.0
1,143346386,+,4,4234762,+,MESO,7402,TCGA-UD-AAC4-01A,TCGA-UD-AAC4-01A,1.0,0.0,0.0,0.0,0.0
1,149191318,-,17,35986845,+,MESO,7403,TCGA-UD-AAC4-01A,TCGA-UD-AAC4-01A,1.0,0.0,0.0,0.0,0.0
1,154291838,-,1,154293174,-,MESO,7404,TCGA-UD-AAC4-01A,TCGA-UD-AAC4-01A,1.0,0.0,0.0,0.0,0.0
1,175577664,+,1,175715991,-,MESO,7405,TCGA-UD-AAC4-01A,TCGA-UD-AAC4-01A,1.0,0.0,0.0,0.0,0.0
1,209824609,+,1,242508473,-,MESO,7406,TCGA-UD-AAC4-01A,TCGA-UD-AAC4-01A,1.0,0.0,0.0,0.0,0.0
1,209979940,-,1,216627881,+,MESO,7407,TCGA-UD-AAC4-01A,TCGA-UD-AAC4-01A,1.0,0.0,0.0,0.0,0.0
1,209983105,+,1,240639655,-,MESO,7408,TCGA-UD-AAC4-01A,TCGA-UD-AAC4-01A,1.0,0.0,0.0,0.0,0.0
1,211199242,-,1,214428702,-,MESO,7409,TCGA-UD-AAC4-01A,TCGA-UD-AAC4-01A,1.0,0.0,0.0,0.0,0.0
1,211212807,+,1,211496392,+,MESO,7410,TCGA-UD-AAC4-01A,TCGA-UD-AAC4-01A,1.0,0.0,0.0,0.0,0.0
1,211247519,-,17,54711278,+,MESO,7411,TCGA-UD-AAC4-01A,TCGA-UD-AAC4-01A,1.0,0.0,0.0,0.0,0.0
1,214439772,+,4,66490622,-,MESO,7412,TCGA-UD-AAC4-01A,TCGA-UD-AAC4-01A,1.0,0.0,0.0,0.0,0.0
1,215845669,-,1,240547588,+,MESO,7413,TCGA-UD-AAC4-01A,TCGA-UD-AAC4-01A,1.0,0.0,0.0,0.0,0.0
1,216356163,+,1,242384491,+,MESO,7414,TCGA-UD-AAC4-01A,TCGA-UD-AAC4-01A,1.0,0.0,0.0,0.0,0.0
1,216627413,-,1,240544047,-,MESO,7415,TCGA-UD-AAC4-01A,TCGA-UD-AAC4-01A,1.0,0.0,0.0,0.0,0.0
1,217644613,-,1,240893528,+,MESO,7416,TCGA-UD-AAC4-01A,TCGA-UD-AAC4-01A,1.0,0.0,0.0,0.0,0.0
1,233609534,+,4,66491489,+,MESO,7417,TCGA-UD-AAC4-01A,TCGA-UD-AAC4-01A,1.0,0.0,0.0,0.0,0.0
1,233737245,-,1,233769032,-,MESO,7418,TCGA-UD-AAC4-01A,TCGA-UD-AAC4-01A,1.0,0.0,0.0,0.0,0.0
1,233737683,+,1,242162671,-,MESO,7419,TCGA-UD-AAC4-01A,TCGA-UD-AAC4-01A,1.0,0.0,0.0,0.0,0.0
1,237275814,-,5,32203800,+,MESO,7420,TCGA-UD-AAC4-01A,TCGA-UD-AAC4-01A,1.0,0.0,0.0,0.0,0.0
1,237281562,+,1,237282666,-,MESO,7421,TCGA-UD-AAC4-01A,TCGA-UD-AAC4-01A,1.0,0.0,0.0,0.0,0.0
1,237281581,-,10,69526010,+,MESO,7422,TCGA-UD-AAC4-01A,TCGA-UD-AAC4-01A,1.0,0.0,0.0,0.0,0.0
1,237281835,+,4,68329061,+,MESO,7423,TCGA-UD-AAC4-01A,TCGA-UD-AAC4-01A,1.0,0.0,0.0,0.0,0.0
1,237293879,+,10,69572810,+,MESO,7424,TCGA-UD-AAC4-01A,TCGA-UD-AAC4-01A,1.0,0.0,0.0,0.0,0.0
1,240514495,+,1,242398970,-,MESO,7425,TCGA-UD-AAC4-01A,TCGA-UD-AAC4-01A,1.0,0.0,0.0,0.0,0.0
1,242406598,+,17,54813887,-,MESO,7426,TCGA-UD-AAC4-01A,TCGA-UD-AAC4-01A,1.0,0.0,0.0,0.0,0.0
10,38008163,+,10,108040046,+,MESO,7427,TCGA-UD-AAC4-01A,TCGA-UD-AAC4-01A,1.0,0.0,0.0,0.0,0.0
10,62334981,+,10,62988636,+,MESO,7428,TCGA-UD-AAC4-01A,TCGA-UD-AAC4-01A,1.0,0.0,0.0,0.0,0.0
10,62334986,-,10,109395854,-,MESO,7429,TCGA-UD-AAC4-01A,TCGA-UD-AAC4-01A,1.0,0.0,0.0,0.0,0.0
10,62350986,-,10,62989053,-,MESO,7430,TCGA-UD-AAC4-01A,TCGA-UD-AAC4-01A,1.0,0.0,0.0,0.0,0.0
10,62350988,+,10,109233317,+,MESO,7431,TCGA-UD-AAC4-01A,TCGA-UD-AAC4-01A,1.0,0.0,0.0,0.0,0.0
10,62457536,+,10,126230221,-,MESO,7432,TCGA-UD-AAC4-01A,TCGA-UD-AAC4-01A,1.0,0.0,0.0,0.0,0.0
10,62457536,+,10,126232841,-,MESO,7433,TCGA-UD-AAC4-01A,TCGA-UD-AAC4-01A,1.0,0.0,0.0,0.0,0.0
10,62754255,-,10,63019224,-,MESO,7434,TCGA-UD-AAC4-01A,TCGA-UD-AAC4-01A,1.0,0.0,0.0,0.0,0.0
10,62755970,+,10,126037499,+,MESO,7435,TCGA-UD-AAC4-01A,TCGA-UD-AAC4-01A,1.0,0.0,0.0,0.0,0.0
10,62755998,-,10,109444852,-,MESO,7436,TCGA-UD-AAC4-01A,TCGA-UD-AAC4-01A,1.0,0.0,0.0,0.0,0.0
10,62757409,-,10,109444811,+,MESO,7437,TCGA-UD-AAC4-01A,TCGA-UD-AAC4-01A,1.0,0.0,0.0,0.0,0.0
10,62757410,+,10,126029919,+,MESO,7438,TCGA-UD-AAC4-01A,TCGA-UD-AAC4-01A,1.0,0.0,0.0,0.0,0.0
10,62765605,-,10,109415115,+,MESO,7439,TCGA-UD-AAC4-01A,TCGA-UD-AAC4-01A,1.0,0.0,0.0,0.0,0.0
10,62765606,+,10,126033029,-,MESO,7440,TCGA-UD-AAC4-01A,TCGA-UD-AAC4-01A,1.0,0.0,0.0,0.0,0.0
10,62773029,-,10,63012123,-,MESO,7441,TCGA-UD-AAC4-01A,TCGA-UD-AAC4-01A,1.0,0.0,0.0,0.0,0.0
10,62773031,+,10,126032415,-,MESO,7442,TCGA-UD-AAC4-01A,TCGA-UD-AAC4-01A,1.0,0.0,0.0,0.0,0.0
10,62829029,-,10,81008248,+,MESO,7443,TCGA-UD-AAC4-01A,TCGA-UD-AAC4-01A,1.0,0.0,0.0,0.0,0.0
10,62829031,+,10,126032208,-,MESO,7444,TCGA-UD-AAC4-01A,TCGA-UD-AAC4-01A,1.0,0.0,0.0,0.0,0.0
10,62829031,+,10,126233063,+,MESO,7445,TCGA-UD-AAC4-01A,TCGA-UD-AAC4-01A,1.0,0.0,0.0,0.0,0.0
10,62854318,-,10,109181861,+,MESO,7446,TCGA-UD-AAC4-01A,TCGA-UD-AAC4-01A,1.0,0.0,0.0,0.0,0.0
10,62854320,+,10,62989386,+,MESO,7447,TCGA-UD-AAC4-01A,TCGA-UD-AAC4-01A,1.0,0.0,0.0,0.0,0.0
10,62854320,+,10,109283060,-,MESO,7448,TCGA-UD-AAC4-01A,TCGA-UD-AAC4-01A,1.0,0.0,0.0,0.0,0.0
10,62989386,+,10,109283217,+,MESO,7449,TCGA-UD-AAC4-01A,TCGA-UD-AAC4-01A,1.0,0.0,0.0,0.0,0.0
10,63019227,+,10,109173144,-,MESO,7450,TCGA-UD-AAC4-01A,TCGA-UD-AAC4-01A,1.0,0.0,0.0,0.0,0.0
10,63035088,+,10,109428170,-,MESO,7451,TCGA-UD-AAC4-01A,TCGA-UD-AAC4-01A,1.0,0.0,0.0,0.0,0.0
10,63131899,-,10,63144973,-,MESO,7452,TCGA-UD-AAC4-01A,TCGA-UD-AAC4-01A,1.0,0.0,0.0,0.0,0.0
10,63142809,+,10,109209785,-,MESO,7453,TCGA-UD-AAC4-01A,TCGA-UD-AAC4-01A,1.0,0.0,0.0,0.0,0.0
10,63142837,-,10,109402127,+,MESO,7454,TCGA-UD-AAC4-01A,TCGA-UD-AAC4-01A,1.0,0.0,0.0,0.0,0.0
10,63144675,+,10,109464164,+,MESO,7455,TCGA-UD-AAC4-01A,TCGA-UD-AAC4-01A,1.0,0.0,0.0,0.0,0.0
10,63145635,+,10,126230128,+,MESO,7456,TCGA-UD-AAC4-01A,TCGA-UD-AAC4-01A,1.0,0.0,0.0,0.0,0.0
10,63146455,-,10,109283059,+,MESO,7457,TCGA-UD-AAC4-01A,TCGA-UD-AAC4-01A,1.0,0.0,0.0,0.0,0.0
10,63147139,-,10,126033032,+,MESO,7458,TCGA-UD-AAC4-01A,TCGA-UD-AAC4-01A,1.0,0.0,0.0,0.0,0.0
10,63147141,+,10,109233315,-,MESO,7459,TCGA-UD-AAC4-01A,TCGA-UD-AAC4-01A,1.0,0.0,0.0,0.0,0.0
10,63149690,+,10,109450450,-,MESO,7460,TCGA-UD-AAC4-01A,TCGA-UD-AAC4-01A,1.0,0.0,0.0,0.0,0.0
10,63149700,-,10,109472186,+,MESO,7461,TCGA-UD-AAC4-01A,TCGA-UD-AAC4-01A,1.0,0.0,0.0,0.0,0.0
10,69426292,-,17,68933540,-,MESO,7462,TCGA-UD-AAC4-01A,TCGA-UD-AAC4-01A,1.0,0.0,0.0,0.0,0.0
10,69428030,-,17,70731486,-,MESO,7463,TCGA-UD-AAC4-01A,TCGA-UD-AAC4-01A,1.0,0.0,0.0,0.0,0.0
10,69480289,+,23,135918119,+,MESO,7464,TCGA-UD-AAC4-01A,TCGA-UD-AAC4-01A,1.0,0.0,0.0,0.0,0.0
10,69519158,-,23,135907958,-,MESO,7465,TCGA-UD-AAC4-01A,TCGA-UD-AAC4-01A,1.0,0.0,0.0,0.0,0.0
10,69650738,+,17,76031192,+,MESO,7466,TCGA-UD-AAC4-01A,TCGA-UD-AAC4-01A,1.0,0.0,0.0,0.0,0.0
10,109282708,+,10,126035253,+,MESO,7467,TCGA-UD-AAC4-01A,TCGA-UD-AAC4-01A,1.0,0.0,0.0,0.0,0.0
10,109282836,-,10,109406139,+,MESO,7468,TCGA-UD-AAC4-01A,TCGA-UD-AAC4-01A,1.0,0.0,0.0,0.0,0.0
10,109284205,-,10,109413770,+,MESO,7469,TCGA-UD-AAC4-01A,TCGA-UD-AAC4-01A,1.0,0.0,0.0,0.0,0.0
10,109284980,+,10,109464211,-,MESO,7470,TCGA-UD-AAC4-01A,TCGA-UD-AAC4-01A,1.0,0.0,0.0,0.0,0.0
10,109297127,-,10,126235023,-,MESO,7471,TCGA-UD-AAC4-01A,TCGA-UD-AAC4-01A,1.0,0.0,0.0,0.0,0.0
10,109301452,+,10,109415117,-,MESO,7472,TCGA-UD-AAC4-01A,TCGA-UD-AAC4-01A,1.0,0.0,0.0,0.0,0.0
10,109397128,+,10,109472185,-,MESO,7473,TCGA-UD-AAC4-01A,TCGA-UD-AAC4-01A,1.0,0.0,0.0,0.0,0.0
10,109397224,-,10,109450381,+,MESO,7474,TCGA-UD-AAC4-01A,TCGA-UD-AAC4-01A,1.0,0.0,0.0,0.0,0.0
10,109402130,-,10,109413768,-,MESO,7475,TCGA-UD-AAC4-01A,TCGA-UD-AAC4-01A,1.0,0.0,0.0,0.0,0.0
10,109406154,-,10,109456859,-,MESO,7476,TCGA-UD-AAC4-01A,TCGA-UD-AAC4-01A,1.0,0.0,0.0,0.0,0.0
10,109417273,+,10,126230338,-,MESO,7477,TCGA-UD-AAC4-01A,TCGA-UD-AAC4-01A,1.0,0.0,0.0,0.0,0.0
10,109428983,+,10,126032196,+,MESO,7478,TCGA-UD-AAC4-01A,TCGA-UD-AAC4-01A,1.0,0.0,0.0,0.0,0.0
10,109429300,-,10,126052771,+,MESO,7479,TCGA-UD-AAC4-01A,TCGA-UD-AAC4-01A,1.0,0.0,0.0,0.0,0.0
10,109456860,+,10,126052804,-,MESO,7480,TCGA-UD-AAC4-01A,TCGA-UD-AAC4-01A,1.0,0.0,0.0,0.0,0.0
10,126032406,+,10,126233063,+,MESO,7481,TCGA-UD-AAC4-01A,TCGA-UD-AAC4-01A,1.0,0.0,0.0,0.0,0.0
10,126035260,-,10,126232534,+,MESO,7482,TCGA-UD-AAC4-01A,TCGA-UD-AAC4-01A,1.0,0.0,0.0,0.0,0.0
10,126056334,+,10,126229289,-,MESO,7483,TCGA-UD-AAC4-01A,TCGA-UD-AAC4-01A,1.0,0.0,0.0,0.0,0.0
10,126230305,+,10,126232840,-,MESO,7484,TCGA-UD-AAC4-01A,TCGA-UD-AAC4-01A,1.0,0.0,0.0,0.0,0.0
11,34707018,-,18,60267495,+,MESO,7485,TCGA-UD-AAC4-01A,TCGA-UD-AAC4-01A,1.0,0.0,0.0,0.0,0.0
11,34710497,+,18,60268843,-,MESO,7486,TCGA-UD-AAC4-01A,TCGA-UD-AAC4-01A,1.0,0.0,0.0,0.0,0.0
11,52560607,-,11,52930251,+,MESO,7487,TCGA-UD-AAC4-01A,TCGA-UD-AAC4-01A,1.0,0.0,0.0,0.0,0.0
11,116881931,+,11,116928310,-,MESO,7488,TCGA-UD-AAC4-01A,TCGA-UD-AAC4-01A,1.0,0.0,0.0,0.0,0.0
12,9118859,+,12,9171405,-,MESO,7489,TCGA-UD-AAC4-01A,TCGA-UD-AAC4-01A,1.0,0.0,0.0,0.0,0.0
12,22445232,+,12,22560121,-,MESO,7490,TCGA-UD-AAC4-01A,TCGA-UD-AAC4-01A,1.0,0.0,0.0,0.0,0.0
12,33467458,-,12,33497747,+,MESO,7491,TCGA-UD-AAC4-01A,TCGA-UD-AAC4-01A,1.0,0.0,0.0,0.0,0.0
12,35524087,-,12,37172510,+,MESO,7492,TCGA-UD-AAC4-01A,TCGA-UD-AAC4-01A,1.0,0.0,0.0,0.0,0.0
12,74249339,+,12,74263809,-,MESO,7493,TCGA-UD-AAC4-01A,TCGA-UD-AAC4-01A,1.0,0.0,0.0,0.0,0.0
12,80563937,+,12,82008420,+,MESO,7494,TCGA-UD-AAC4-01A,TCGA-UD-AAC4-01A,1.0,0.0,0.0,0.0,0.0
12,80564878,-,12,80812668,-,MESO,7495,TCGA-UD-AAC4-01A,TCGA-UD-AAC4-01A,1.0,0.0,0.0,0.0,0.0
12,80596762,+,12,96851154,-,MESO,7496,TCGA-UD-AAC4-01A,TCGA-UD-AAC4-01A,1.0,0.0,0.0,0.0,0.0
12,80815758,+,12,96868454,-,MESO,7497,TCGA-UD-AAC4-01A,TCGA-UD-AAC4-01A,1.0,0.0,0.0,0.0,0.0
12,80815758,+,12,99934438,+,MESO,7498,TCGA-UD-AAC4-01A,TCGA-UD-AAC4-01A,1.0,0.0,0.0,0.0,0.0
12,80893957,-,12,97041680,+,MESO,7499,TCGA-UD-AAC4-01A,TCGA-UD-AAC4-01A,1.0,0.0,0.0,0.0,0.0
12,96848231,-,12,99916160,-,MESO,7500,TCGA-UD-AAC4-01A,TCGA-UD-AAC4-01A,1.0,0.0,0.0,0.0,0.0
12,96851125,+,12,99618533,+,MESO,7501,TCGA-UD-AAC4-01A,TCGA-UD-AAC4-01A,1.0,0.0,0.0,0.0,0.0
12,96868582,+,12,99934438,+,MESO,7502,TCGA-UD-AAC4-01A,TCGA-UD-AAC4-01A,1.0,0.0,0.0,0.0,0.0
12,99507454,-,12,99933696,-,MESO,7503,TCGA-UD-AAC4-01A,TCGA-UD-AAC4-01A,1.0,0.0,0.0,0.0,0.0
13,16938885,+,13,16985948,-,MESO,7504,TCGA-UD-AAC4-01A,TCGA-UD-AAC4-01A,1.0,0.0,0.0,0.0,0.0
13,18761758,-,18,14318921,-,MESO,7505,TCGA-UD-AAC4-01A,TCGA-UD-AAC4-01A,1.0,0.0,0.0,0.0,0.0
13,71304959,+,13,71309437,-,MESO,7506,TCGA-UD-AAC4-01A,TCGA-UD-AAC4-01A,1.0,0.0,0.0,0.0,0.0
13,71541353,+,13,71550849,-,MESO,7507,TCGA-UD-AAC4-01A,TCGA-UD-AAC4-01A,1.0,0.0,0.0,0.0,0.0
14,49691386,+,14,49692640,+,MESO,7508,TCGA-UD-AAC4-01A,TCGA-UD-AAC4-01A,1.0,0.0,0.0,0.0,0.0
14,49691410,-,14,49694805,-,MESO,7509,TCGA-UD-AAC4-01A,TCGA-UD-AAC4-01A,1.0,0.0,0.0,0.0,0.0
14,55658288,+,17,68972165,-,MESO,7510,TCGA-UD-AAC4-01A,TCGA-UD-AAC4-01A,1.0,0.0,0.0,0.0,0.0
14,55717595,+,14,88344880,+,MESO,7511,TCGA-UD-AAC4-01A,TCGA-UD-AAC4-01A,1.0,0.0,0.0,0.0,0.0
14,56404883,-,14,88636633,-,MESO,7512,TCGA-UD-AAC4-01A,TCGA-UD-AAC4-01A,1.0,0.0,0.0,0.0,0.0
14,79178221,+,14,88632218,-,MESO,7513,TCGA-UD-AAC4-01A,TCGA-UD-AAC4-01A,1.0,0.0,0.0,0.0,0.0
14,79178239,-,14,88636170,+,MESO,7514,TCGA-UD-AAC4-01A,TCGA-UD-AAC4-01A,1.0,0.0,0.0,0.0,0.0
15,19671987,-,15,19672507,+,MESO,7515,TCGA-UD-AAC4-01A,TCGA-UD-AAC4-01A,1.0,0.0,0.0,0.0,0.0
16,5897856,+,16,6123175,-,MESO,7516,TCGA-UD-AAC4-01A,TCGA-UD-AAC4-01A,1.0,0.0,0.0,0.0,0.0
16,6118050,+,16,6350105,-,MESO,7517,TCGA-UD-AAC4-01A,TCGA-UD-AAC4-01A,1.0,0.0,0.0,0.0,0.0
16,6487660,+,16,6503501,-,MESO,7518,TCGA-UD-AAC4-01A,TCGA-UD-AAC4-01A,1.0,0.0,0.0,0.0,0.0
16,6590346,+,16,6743263,-,MESO,7519,TCGA-UD-AAC4-01A,TCGA-UD-AAC4-01A,1.0,0.0,0.0,0.0,0.0
16,6710322,-,16,6748559,+,MESO,7520,TCGA-UD-AAC4-01A,TCGA-UD-AAC4-01A,1.0,0.0,0.0,0.0,0.0
16,6754206,+,16,6843689,-,MESO,7521,TCGA-UD-AAC4-01A,TCGA-UD-AAC4-01A,1.0,0.0,0.0,0.0,0.0
17,14472800,-,19,43611707,-,MESO,7522,TCGA-UD-AAC4-01A,TCGA-UD-AAC4-01A,1.0,0.0,0.0,0.0,0.0
17,14614695,-,19,42681475,+,MESO,7523,TCGA-UD-AAC4-01A,TCGA-UD-AAC4-01A,1.0,0.0,0.0,0.0,0.0
17,14614696,-,19,42681495,-,MESO,7524,TCGA-UD-AAC4-01A,TCGA-UD-AAC4-01A,1.0,0.0,0.0,0.0,0.0
17,15062886,+,19,42271344,-,MESO,7525,TCGA-UD-AAC4-01A,TCGA-UD-AAC4-01A,1.0,0.0,0.0,0.0,0.0
17,20021498,-,19,30628597,+,MESO,7526,TCGA-UD-AAC4-01A,TCGA-UD-AAC4-01A,1.0,0.0,0.0,0.0,0.0
17,20105733,+,19,31328071,+,MESO,7527,TCGA-UD-AAC4-01A,TCGA-UD-AAC4-01A,1.0,0.0,0.0,0.0,0.0
17,20305121,-,17,20700691,+,MESO,7528,TCGA-UD-AAC4-01A,TCGA-UD-AAC4-01A,1.0,0.0,0.0,0.0,0.0
17,20699821,-,19,31327037,-,MESO,7529,TCGA-UD-AAC4-01A,TCGA-UD-AAC4-01A,1.0,0.0,0.0,0.0,0.0
17,27284353,-,19,42693330,+,MESO,7530,TCGA-UD-AAC4-01A,TCGA-UD-AAC4-01A,1.0,0.0,0.0,0.0,0.0
17,27700993,+,17,30329447,-,MESO,7531,TCGA-UD-AAC4-01A,TCGA-UD-AAC4-01A,1.0,0.0,0.0,0.0,0.0
17,30145997,+,19,30512601,-,MESO,7532,TCGA-UD-AAC4-01A,TCGA-UD-AAC4-01A,1.0,0.0,0.0,0.0,0.0
17,33624993,+,17,38754084,-,MESO,7533,TCGA-UD-AAC4-01A,TCGA-UD-AAC4-01A,1.0,0.0,0.0,0.0,0.0
17,47740840,+,17,47862745,-,MESO,7534,TCGA-UD-AAC4-01A,TCGA-UD-AAC4-01A,1.0,0.0,0.0,0.0,0.0
17,68932074,+,23,135918242,-,MESO,7535,TCGA-UD-AAC4-01A,TCGA-UD-AAC4-01A,1.0,0.0,0.0,0.0,0.0
17,70730696,+,23,135922860,+,MESO,7536,TCGA-UD-AAC4-01A,TCGA-UD-AAC4-01A,1.0,0.0,0.0,0.0,0.0
17,73310173,+,17,74151504,+,MESO,7537,TCGA-UD-AAC4-01A,TCGA-UD-AAC4-01A,1.0,0.0,0.0,0.0,0.0
19,27600291,+,19,44129796,+,MESO,7538,TCGA-UD-AAC4-01A,TCGA-UD-AAC4-01A,1.0,0.0,0.0,0.0,0.0
19,27797737,-,19,31566843,-,MESO,7539,TCGA-UD-AAC4-01A,TCGA-UD-AAC4-01A,1.0,0.0,0.0,0.0,0.0
19,29535237,+,19,29545582,-,MESO,7540,TCGA-UD-AAC4-01A,TCGA-UD-AAC4-01A,1.0,0.0,0.0,0.0,0.0
19,30107443,+,19,30974456,+,MESO,7541,TCGA-UD-AAC4-01A,TCGA-UD-AAC4-01A,1.0,0.0,0.0,0.0,0.0
19,30490866,-,19,30764392,-,MESO,7542,TCGA-UD-AAC4-01A,TCGA-UD-AAC4-01A,1.0,0.0,0.0,0.0,0.0
19,31572825,+,19,42910993,+,MESO,7543,TCGA-UD-AAC4-01A,TCGA-UD-AAC4-01A,1.0,0.0,0.0,0.0,0.0
19,42681383,-,19,42681501,-,MESO,7544,TCGA-UD-AAC4-01A,TCGA-UD-AAC4-01A,1.0,0.0,0.0,0.0,0.0
2,65926076,-,2,65965024,+,MESO,7545,TCGA-UD-AAC4-01A,TCGA-UD-AAC4-01A,1.0,0.0,0.0,0.0,0.0
2,82411206,+,2,82529551,-,MESO,7546,TCGA-UD-AAC4-01A,TCGA-UD-AAC4-01A,1.0,0.0,0.0,0.0,0.0
2,82898551,+,2,82912369,-,MESO,7547,TCGA-UD-AAC4-01A,TCGA-UD-AAC4-01A,1.0,0.0,0.0,0.0,0.0
2,146865508,-,4,123764378,-,MESO,7548,TCGA-UD-AAC4-01A,TCGA-UD-AAC4-01A,1.0,0.0,0.0,0.0,0.0
2,154047187,-,2,154577764,+,MESO,7549,TCGA-UD-AAC4-01A,TCGA-UD-AAC4-01A,1.0,0.0,0.0,0.0,0.0
21,33658555,+,21,33793097,+,MESO,7550,TCGA-UD-AAC4-01A,TCGA-UD-AAC4-01A,1.0,0.0,0.0,0.0,0.0
21,33659169,-,21,33793318,-,MESO,7551,TCGA-UD-AAC4-01A,TCGA-UD-AAC4-01A,1.0,0.0,0.0,0.0,0.0
3,19413321,+,3,63797876,+,MESO,7552,TCGA-UD-AAC4-01A,TCGA-UD-AAC4-01A,1.0,0.0,0.0,0.0,0.0
3,53540908,+,3,53543586,-,MESO,7553,TCGA-UD-AAC4-01A,TCGA-UD-AAC4-01A,1.0,0.0,0.0,0.0,0.0
3,56711206,-,3,63908833,-,MESO,7554,TCGA-UD-AAC4-01A,TCGA-UD-AAC4-01A,1.0,0.0,0.0,0.0,0.0
3,104706733,+,3,104709053,+,MESO,7555,TCGA-UD-AAC4-01A,TCGA-UD-AAC4-01A,1.0,0.0,0.0,0.0,0.0
3,104707335,-,3,105339683,-,MESO,7556,TCGA-UD-AAC4-01A,TCGA-UD-AAC4-01A,1.0,0.0,0.0,0.0,0.0
3,107883419,+,3,107944956,-,MESO,7557,TCGA-UD-AAC4-01A,TCGA-UD-AAC4-01A,1.0,0.0,0.0,0.0,0.0
3,120798685,+,3,173830983,+,MESO,7558,TCGA-UD-AAC4-01A,TCGA-UD-AAC4-01A,1.0,0.0,0.0,0.0,0.0
3,120862940,-,3,120867322,-,MESO,7559,TCGA-UD-AAC4-01A,TCGA-UD-AAC4-01A,1.0,0.0,0.0,0.0,0.0
3,120867319,+,3,173848108,-,MESO,7560,TCGA-UD-AAC4-01A,TCGA-UD-AAC4-01A,1.0,0.0,0.0,0.0,0.0
4,68328279,-,17,76030738,-,MESO,7561,TCGA-UD-AAC4-01A,TCGA-UD-AAC4-01A,1.0,0.0,0.0,0.0,0.0
4,83817860,-,4,83832057,+,MESO,7562,TCGA-UD-AAC4-01A,TCGA-UD-AAC4-01A,1.0,0.0,0.0,0.0,0.0
4,181158381,+,4,181349904,-,MESO,7563,TCGA-UD-AAC4-01A,TCGA-UD-AAC4-01A,1.0,0.0,0.0,0.0,0.0
5,39445089,+,7,75664170,+,MESO,7564,TCGA-UD-AAC4-01A,TCGA-UD-AAC4-01A,1.0,0.0,0.0,0.0,0.0
5,60028622,+,5,60075097,-,MESO,7565,TCGA-UD-AAC4-01A,TCGA-UD-AAC4-01A,1.0,0.0,0.0,0.0,0.0
5,79727501,+,5,79745684,-,MESO,7566,TCGA-UD-AAC4-01A,TCGA-UD-AAC4-01A,1.0,0.0,0.0,0.0,0.0
5,118989628,+,5,118994179,-,MESO,7567,TCGA-UD-AAC4-01A,TCGA-UD-AAC4-01A,1.0,0.0,0.0,0.0,0.0
5,147673969,+,5,167225926,+,MESO,7568,TCGA-UD-AAC4-01A,TCGA-UD-AAC4-01A,1.0,0.0,0.0,0.0,0.0
5,147674255,-,5,148155274,+,MESO,7569,TCGA-UD-AAC4-01A,TCGA-UD-AAC4-01A,1.0,0.0,0.0,0.0,0.0
5,147809080,+,5,166610345,+,MESO,7570,TCGA-UD-AAC4-01A,TCGA-UD-AAC4-01A,1.0,0.0,0.0,0.0,0.0
5,147809149,-,5,165660041,-,MESO,7571,TCGA-UD-AAC4-01A,TCGA-UD-AAC4-01A,1.0,0.0,0.0,0.0,0.0
5,147950755,+,5,167075606,+,MESO,7572,TCGA-UD-AAC4-01A,TCGA-UD-AAC4-01A,1.0,0.0,0.0,0.0,0.0
5,147950818,-,5,164354194,+,MESO,7573,TCGA-UD-AAC4-01A,TCGA-UD-AAC4-01A,1.0,0.0,0.0,0.0,0.0
5,148168847,-,5,167491138,+,MESO,7574,TCGA-UD-AAC4-01A,TCGA-UD-AAC4-01A,1.0,0.0,0.0,0.0,0.0
5,164354198,-,5,165525299,-,MESO,7575,TCGA-UD-AAC4-01A,TCGA-UD-AAC4-01A,1.0,0.0,0.0,0.0,0.0
5,165525271,+,5,166466948,+,MESO,7576,TCGA-UD-AAC4-01A,TCGA-UD-AAC4-01A,1.0,0.0,0.0,0.0,0.0
5,165561547,+,5,165694243,-,MESO,7577,TCGA-UD-AAC4-01A,TCGA-UD-AAC4-01A,1.0,0.0,0.0,0.0,0.0
5,165694231,+,5,166467012,-,MESO,7578,TCGA-UD-AAC4-01A,TCGA-UD-AAC4-01A,1.0,0.0,0.0,0.0,0.0
5,166071278,+,5,167491260,-,MESO,7579,TCGA-UD-AAC4-01A,TCGA-UD-AAC4-01A,1.0,0.0,0.0,0.0,0.0
5,166072151,-,5,166610372,-,MESO,7580,TCGA-UD-AAC4-01A,TCGA-UD-AAC4-01A,1.0,0.0,0.0,0.0,0.0
5,167075831,-,5,167225993,-,MESO,7581,TCGA-UD-AAC4-01A,TCGA-UD-AAC4-01A,1.0,0.0,0.0,0.0,0.0
6,1483402,+,10,14128170,+,MESO,7582,TCGA-UD-AAC4-01A,TCGA-UD-AAC4-01A,1.0,0.0,0.0,0.0,0.0
6,4197457,-,6,4762286,+,MESO,7583,TCGA-UD-AAC4-01A,TCGA-UD-AAC4-01A,1.0,0.0,0.0,0.0,0.0
6,22773665,-,23,116089407,+,MESO,7584,TCGA-UD-AAC4-01A,TCGA-UD-AAC4-01A,1.0,0.0,0.0,0.0,0.0
6,22785870,+,23,116089485,-,MESO,7585,TCGA-UD-AAC4-01A,TCGA-UD-AAC4-01A,1.0,0.0,0.0,0.0,0.0
6,58182641,+,6,58191374,-,MESO,7586,TCGA-UD-AAC4-01A,TCGA-UD-AAC4-01A,1.0,0.0,0.0,0.0,0.0
6,117378667,+,6,120841466,+,MESO,7587,TCGA-UD-AAC4-01A,TCGA-UD-AAC4-01A,1.0,0.0,0.0,0.0,0.0
6,120596865,-,6,120731388,-,MESO,7588,TCGA-UD-AAC4-01A,TCGA-UD-AAC4-01A,1.0,0.0,0.0,0.0,0.0
6,120731388,+,6,120906535,-,MESO,7589,TCGA-UD-AAC4-01A,TCGA-UD-AAC4-01A,1.0,0.0,0.0,0.0,0.0
6,127741665,+,6,127744192,-,MESO,7590,TCGA-UD-AAC4-01A,TCGA-UD-AAC4-01A,1.0,0.0,0.0,0.0,0.0
6,127898412,+,6,127900910,+,MESO,7591,TCGA-UD-AAC4-01A,TCGA-UD-AAC4-01A,1.0,0.0,0.0,0.0,0.0
6,127898436,-,17,49082565,-,MESO,7592,TCGA-UD-AAC4-01A,TCGA-UD-AAC4-01A,1.0,0.0,0.0,0.0,0.0
6,127898732,+,17,49082543,+,MESO,7593,TCGA-UD-AAC4-01A,TCGA-UD-AAC4-01A,1.0,0.0,0.0,0.0,0.0
6,127898875,-,6,127901216,-,MESO,7594,TCGA-UD-AAC4-01A,TCGA-UD-AAC4-01A,1.0,0.0,0.0,0.0,0.0
6,128435046,-,16,65833512,+,MESO,7595,TCGA-UD-AAC4-01A,TCGA-UD-AAC4-01A,1.0,0.0,0.0,0.0,0.0
7,82112974,+,7,82113987,-,MESO,7596,TCGA-UD-AAC4-01A,TCGA-UD-AAC4-01A,1.0,0.0,0.0,0.0,0.0
7,132562989,+,23,1169013,+,MESO,7597,TCGA-UD-AAC4-01A,TCGA-UD-AAC4-01A,1.0,0.0,0.0,0.0,0.0
8,11772042,-,11,127825554,+,MESO,7598,TCGA-UD-AAC4-01A,TCGA-UD-AAC4-01A,1.0,0.0,0.0,0.0,0.0
8,30057172,+,8,30161755,-,MESO,7599,TCGA-UD-AAC4-01A,TCGA-UD-AAC4-01A,1.0,0.0,0.0,0.0,0.0
8,40926518,+,8,41331173,+,MESO,7600,TCGA-UD-AAC4-01A,TCGA-UD-AAC4-01A,1.0,0.0,0.0,0.0,0.0
8,41115611,-,8,41344208,-,MESO,7601,TCGA-UD-AAC4-01A,TCGA-UD-AAC4-01A,1.0,0.0,0.0,0.0,0.0
8,41345232,+,8,41355129,-,MESO,7602,TCGA-UD-AAC4-01A,TCGA-UD-AAC4-01A,1.0,0.0,0.0,0.0,0.0
8,62850173,-,10,69558666,-,MESO,7603,TCGA-UD-AAC4-01A,TCGA-UD-AAC4-01A,1.0,0.0,0.0,0.0,0.0
8,62852443,+,12,78343140,-,MESO,7604,TCGA-UD-AAC4-01A,TCGA-UD-AAC4-01A,1.0,0.0,0.0,0.0,0.0
8,63678573,+,8,63748398,-,MESO,7605,TCGA-UD-AAC4-01A,TCGA-UD-AAC4-01A,1.0,0.0,0.0,0.0,0.0
8,107354093,+,8,107357771,+,MESO,7606,TCGA-UD-AAC4-01A,TCGA-UD-AAC4-01A,1.0,0.0,0.0,0.0,0.0
8,107354106,-,8,107482696,-,MESO,7607,TCGA-UD-AAC4-01A,TCGA-UD-AAC4-01A,1.0,0.0,0.0,0.0,0.0
8,144079971,+,11,127817888,-,MESO,7608,TCGA-UD-AAC4-01A,TCGA-UD-AAC4-01A,1.0,0.0,0.0,0.0,0.0
9,9574349,+,9,9650371,-,MESO,7609,TCGA-UD-AAC4-01A,TCGA-UD-AAC4-01A,1.0,0.0,0.0,0.0,0.0
9,21947975,+,9,21989498,-,MESO,7610,TCGA-UD-AAC4-01A,TCGA-UD-AAC4-01A,1.0,0.0,0.0,0.0,0.0
9,21949764,+,9,21976407,-,MESO,7611,TCGA-UD-AAC4-01A,TCGA-UD-AAC4-01A,1.0,0.0,0.0,0.0,0.0
9,91683236,-,10,69573660,-,MESO,7612,TCGA-UD-AAC4-01A,TCGA-UD-AAC4-01A,1.0,0.0,0.0,0.0,0.0
9,91684332,+,12,78344595,+,MESO,7613,TCGA-UD-AAC4-01A,TCGA-UD-AAC4-01A,1.0,0.0,0.0,0.0,0.0
9,113951448,+,16,70835008,+,MESO,7614,TCGA-UD-AAC4-01A,TCGA-UD-AAC4-01A,1.0,0.0,0.0,0.0,0.0
9,117208014,+,9,117210220,-,MESO,7615,TCGA-UD-AAC4-01A,TCGA-UD-AAC4-01A,1.0,0.0,0.0,0.0,0.0
9,119979039,+,9,120281251,-,MESO,7616,TCGA-UD-AAC4-01A,TCGA-UD-AAC4-01A,1.0,0.0,0.0,0.0,0.0
9,138155870,+,18,68089,+,MESO,7617,TCGA-UD-AAC4-01A,TCGA-UD-AAC4-01A,1.0,0.0,0.0,0.0,0.0
1,30515771,-,17,27038800,-,MESO,7618,TCGA-UD-AAC6-01A,TCGA-UD-AAC6-01A,1.0,0.0,0.0,0.0,0.0
1,35769791,+,1,35782580,-,MESO,7619,TCGA-UD-AAC6-01A,TCGA-UD-AAC6-01A,1.0,0.0,0.0,0.0,0.0
1,119981611,+,23,71250123,+,MESO,7620,TCGA-UD-AAC6-01A,TCGA-UD-AAC6-01A,1.0,0.0,0.0,0.0,0.0
1,123854151,-,1,123854650,+,MESO,7621,TCGA-UD-AAC6-01A,TCGA-UD-AAC6-01A,1.0,0.0,0.0,0.0,0.0
10,6628664,-,14,40512535,+,MESO,7622,TCGA-UD-AAC6-01A,TCGA-UD-AAC6-01A,1.0,0.0,0.0,0.0,0.0
10,37558688,-,10,42202762,+,MESO,7623,TCGA-UD-AAC6-01A,TCGA-UD-AAC6-01A,1.0,0.0,0.0,0.0,0.0
10,57339689,+,10,57656324,-,MESO,7624,TCGA-UD-AAC6-01A,TCGA-UD-AAC6-01A,1.0,0.0,0.0,0.0,0.0
10,117400667,+,10,117697478,+,MESO,7625,TCGA-UD-AAC6-01A,TCGA-UD-AAC6-01A,1.0,0.0,0.0,0.0,0.0
10,117689503,-,10,120178691,-,MESO,7626,TCGA-UD-AAC6-01A,TCGA-UD-AAC6-01A,1.0,0.0,0.0,0.0,0.0
11,97223819,+,11,97226285,-,MESO,7627,TCGA-UD-AAC6-01A,TCGA-UD-AAC6-01A,1.0,0.0,0.0,0.0,0.0
11,118863143,-,17,68707801,+,MESO,7628,TCGA-UD-AAC6-01A,TCGA-UD-AAC6-01A,1.0,0.0,0.0,0.0,0.0
13,34656625,+,13,34667253,-,MESO,7629,TCGA-UD-AAC6-01A,TCGA-UD-AAC6-01A,1.0,0.0,0.0,0.0,0.0
13,34683265,+,13,77802709,+,MESO,7630,TCGA-UD-AAC6-01A,TCGA-UD-AAC6-01A,1.0,0.0,0.0,0.0,0.0
13,35005241,+,13,78039027,-,MESO,7631,TCGA-UD-AAC6-01A,TCGA-UD-AAC6-01A,1.0,0.0,0.0,0.0,0.0
14,92711692,+,14,92714163,-,MESO,7632,TCGA-UD-AAC6-01A,TCGA-UD-AAC6-01A,1.0,0.0,0.0,0.0,0.0
15,58414399,+,22,30026029,-,MESO,7633,TCGA-UD-AAC6-01A,TCGA-UD-AAC6-01A,1.0,0.0,0.0,0.0,0.0
15,58414400,-,22,30023213,+,MESO,7634,TCGA-UD-AAC6-01A,TCGA-UD-AAC6-01A,1.0,0.0,0.0,0.0,0.0
15,68189176,+,15,68198768,-,MESO,7635,TCGA-UD-AAC6-01A,TCGA-UD-AAC6-01A,1.0,0.0,0.0,0.0,0.0
16,15383516,+,16,15388039,+,MESO,7636,TCGA-UD-AAC6-01A,TCGA-UD-AAC6-01A,1.0,0.0,0.0,0.0,0.0
16,81667600,+,23,99936687,-,MESO,7637,TCGA-UD-AAC6-01A,TCGA-UD-AAC6-01A,1.0,0.0,0.0,0.0,0.0
17,22701313,-,17,26642689,+,MESO,7638,TCGA-UD-AAC6-01A,TCGA-UD-AAC6-01A,1.0,0.0,0.0,0.0,0.0
17,22913383,-,17,23193118,+,MESO,7639,TCGA-UD-AAC6-01A,TCGA-UD-AAC6-01A,1.0,0.0,0.0,0.0,0.0
17,28347782,+,17,28754745,+,MESO,7640,TCGA-UD-AAC6-01A,TCGA-UD-AAC6-01A,1.0,0.0,0.0,0.0,0.0
17,28347882,-,17,28754852,-,MESO,7641,TCGA-UD-AAC6-01A,TCGA-UD-AAC6-01A,1.0,0.0,0.0,0.0,0.0
18,15797011,+,18,18798139,-,MESO,7642,TCGA-UD-AAC6-01A,TCGA-UD-AAC6-01A,1.0,0.0,0.0,0.0,0.0
18,18066857,+,18,20204667,-,MESO,7643,TCGA-UD-AAC6-01A,TCGA-UD-AAC6-01A,1.0,0.0,0.0,0.0,0.0
2,35455442,-,2,35455580,+,MESO,7644,TCGA-UD-AAC6-01A,TCGA-UD-AAC6-01A,1.0,0.0,0.0,0.0,0.0
2,78179815,-,2,78197437,+,MESO,7645,TCGA-UD-AAC6-01A,TCGA-UD-AAC6-01A,1.0,0.0,0.0,0.0,0.0
2,79018996,+,23,99936615,+,MESO,7646,TCGA-UD-AAC6-01A,TCGA-UD-AAC6-01A,1.0,0.0,0.0,0.0,0.0
2,79019251,-,23,105683203,-,MESO,7647,TCGA-UD-AAC6-01A,TCGA-UD-AAC6-01A,1.0,0.0,0.0,0.0,0.0
2,94683448,+,2,133367232,-,MESO,7648,TCGA-UD-AAC6-01A,TCGA-UD-AAC6-01A,1.0,0.0,0.0,0.0,0.0
2,94687399,-,2,162898919,+,MESO,7649,TCGA-UD-AAC6-01A,TCGA-UD-AAC6-01A,1.0,0.0,0.0,0.0,0.0
2,99264269,+,2,99282873,-,MESO,7650,TCGA-UD-AAC6-01A,TCGA-UD-AAC6-01A,1.0,0.0,0.0,0.0,0.0
2,133360662,+,2,162898925,-,MESO,7651,TCGA-UD-AAC6-01A,TCGA-UD-AAC6-01A,1.0,0.0,0.0,0.0,0.0
20,19816158,+,20,19816988,-,MESO,7652,TCGA-UD-AAC6-01A,TCGA-UD-AAC6-01A,1.0,0.0,0.0,0.0,0.0
22,16605555,+,22,16618805,+,MESO,7653,TCGA-UD-AAC6-01A,TCGA-UD-AAC6-01A,1.0,0.0,0.0,0.0,0.0
22,29671584,+,22,29674470,-,MESO,7654,TCGA-UD-AAC6-01A,TCGA-UD-AAC6-01A,1.0,0.0,0.0,0.0,0.0
3,29915350,+,3,29920408,-,MESO,7655,TCGA-UD-AAC6-01A,TCGA-UD-AAC6-01A,1.0,0.0,0.0,0.0,0.0
3,35065765,+,3,35791236,-,MESO,7656,TCGA-UD-AAC6-01A,TCGA-UD-AAC6-01A,1.0,0.0,0.0,0.0,0.0
3,38960818,+,3,63852340,-,MESO,7657,TCGA-UD-AAC6-01A,TCGA-UD-AAC6-01A,1.0,0.0,0.0,0.0,0.0
3,39052002,-,3,78174423,+,MESO,7658,TCGA-UD-AAC6-01A,TCGA-UD-AAC6-01A,1.0,0.0,0.0,0.0,0.0
3,39560604,+,3,89800028,+,MESO,7659,TCGA-UD-AAC6-01A,TCGA-UD-AAC6-01A,1.0,0.0,0.0,0.0,0.0
3,52402007,+,3,52407366,-,MESO,7660,TCGA-UD-AAC6-01A,TCGA-UD-AAC6-01A,1.0,0.0,0.0,0.0,0.0
3,75573587,+,3,75576370,-,MESO,7661,TCGA-UD-AAC6-01A,TCGA-UD-AAC6-01A,1.0,0.0,0.0,0.0,0.0
3,83802466,-,3,89924242,-,MESO,7662,TCGA-UD-AAC6-01A,TCGA-UD-AAC6-01A,1.0,0.0,0.0,0.0,0.0
3,83807492,+,3,90191510,+,MESO,7663,TCGA-UD-AAC6-01A,TCGA-UD-AAC6-01A,1.0,0.0,0.0,0.0,0.0
3,89689899,-,3,90045874,+,MESO,7664,TCGA-UD-AAC6-01A,TCGA-UD-AAC6-01A,1.0,0.0,0.0,0.0,0.0
3,90101081,-,3,90160198,-,MESO,7665,TCGA-UD-AAC6-01A,TCGA-UD-AAC6-01A,1.0,0.0,0.0,0.0,0.0
3,90137593,+,3,90302785,-,MESO,7666,TCGA-UD-AAC6-01A,TCGA-UD-AAC6-01A,1.0,0.0,0.0,0.0,0.0
3,98278908,+,3,98282041,-,MESO,7667,TCGA-UD-AAC6-01A,TCGA-UD-AAC6-01A,1.0,0.0,0.0,0.0,0.0
3,98651219,+,13,34956074,-,MESO,7668,TCGA-UD-AAC6-01A,TCGA-UD-AAC6-01A,1.0,0.0,0.0,0.0,0.0
3,98651331,-,13,35005268,-,MESO,7669,TCGA-UD-AAC6-01A,TCGA-UD-AAC6-01A,1.0,0.0,0.0,0.0,0.0
3,153677076,+,3,164723708,+,MESO,7670,TCGA-UD-AAC6-01A,TCGA-UD-AAC6-01A,1.0,0.0,0.0,0.0,0.0
3,153677196,-,3,167949285,+,MESO,7671,TCGA-UD-AAC6-01A,TCGA-UD-AAC6-01A,1.0,0.0,0.0,0.0,0.0
3,153817554,+,3,164523290,+,MESO,7672,TCGA-UD-AAC6-01A,TCGA-UD-AAC6-01A,1.0,0.0,0.0,0.0,0.0
3,153861889,-,3,167848123,+,MESO,7673,TCGA-UD-AAC6-01A,TCGA-UD-AAC6-01A,1.0,0.0,0.0,0.0,0.0
3,153896566,+,3,165093944,-,MESO,7674,TCGA-UD-AAC6-01A,TCGA-UD-AAC6-01A,1.0,0.0,0.0,0.0,0.0
3,154381191,-,3,165091043,-,MESO,7675,TCGA-UD-AAC6-01A,TCGA-UD-AAC6-01A,1.0,0.0,0.0,0.0,0.0
3,164250126,+,3,164506105,+,MESO,7676,TCGA-UD-AAC6-01A,TCGA-UD-AAC6-01A,1.0,0.0,0.0,0.0,0.0
3,164302221,-,3,169814895,+,MESO,7677,TCGA-UD-AAC6-01A,TCGA-UD-AAC6-01A,1.0,0.0,0.0,0.0,0.0
3,164506571,-,3,164655826,-,MESO,7678,TCGA-UD-AAC6-01A,TCGA-UD-AAC6-01A,1.0,0.0,0.0,0.0,0.0
3,164723769,-,3,167359231,+,MESO,7679,TCGA-UD-AAC6-01A,TCGA-UD-AAC6-01A,1.0,0.0,0.0,0.0,0.0
3,164729137,+,3,165079321,-,MESO,7680,TCGA-UD-AAC6-01A,TCGA-UD-AAC6-01A,1.0,0.0,0.0,0.0,0.0
3,165090942,+,3,165108062,+,MESO,7681,TCGA-UD-AAC6-01A,TCGA-UD-AAC6-01A,1.0,0.0,0.0,0.0,0.0
3,165093649,+,3,170202527,-,MESO,7682,TCGA-UD-AAC6-01A,TCGA-UD-AAC6-01A,1.0,0.0,0.0,0.0,0.0
3,165217096,-,3,169917404,-,MESO,7683,TCGA-UD-AAC6-01A,TCGA-UD-AAC6-01A,1.0,0.0,0.0,0.0,0.0
3,167831757,-,3,167897145,-,MESO,7684,TCGA-UD-AAC6-01A,TCGA-UD-AAC6-01A,1.0,0.0,0.0,0.0,0.0
3,168181220,-,3,169918924,+,MESO,7685,TCGA-UD-AAC6-01A,TCGA-UD-AAC6-01A,1.0,0.0,0.0,0.0,0.0
3,174453696,+,3,179106826,+,MESO,7686,TCGA-UD-AAC6-01A,TCGA-UD-AAC6-01A,1.0,0.0,0.0,0.0,0.0
3,179069720,-,3,179106997,-,MESO,7687,TCGA-UD-AAC6-01A,TCGA-UD-AAC6-01A,1.0,0.0,0.0,0.0,0.0
3,179070491,+,3,179104891,-,MESO,7688,TCGA-UD-AAC6-01A,TCGA-UD-AAC6-01A,1.0,0.0,0.0,0.0,0.0
4,80856554,+,4,81567373,-,MESO,7689,TCGA-UD-AAC6-01A,TCGA-UD-AAC6-01A,1.0,0.0,0.0,0.0,0.0
4,89350580,+,4,89431165,-,MESO,7690,TCGA-UD-AAC6-01A,TCGA-UD-AAC6-01A,1.0,0.0,0.0,0.0,0.0
4,90107422,+,4,90124333,-,MESO,7691,TCGA-UD-AAC6-01A,TCGA-UD-AAC6-01A,1.0,0.0,0.0,0.0,0.0
4,98154071,+,4,98173999,-,MESO,7692,TCGA-UD-AAC6-01A,TCGA-UD-AAC6-01A,1.0,0.0,0.0,0.0,0.0
4,174781876,+,4,174817799,-,MESO,7693,TCGA-UD-AAC6-01A,TCGA-UD-AAC6-01A,1.0,0.0,0.0,0.0,0.0
4,177569531,+,4,178390489,-,MESO,7694,TCGA-UD-AAC6-01A,TCGA-UD-AAC6-01A,1.0,0.0,0.0,0.0,0.0
4,177569544,-,4,181457657,-,MESO,7695,TCGA-UD-AAC6-01A,TCGA-UD-AAC6-01A,1.0,0.0,0.0,0.0,0.0
4,177583138,+,4,178742679,-,MESO,7696,TCGA-UD-AAC6-01A,TCGA-UD-AAC6-01A,1.0,0.0,0.0,0.0,0.0
4,178565963,+,4,179417210,-,MESO,7697,TCGA-UD-AAC6-01A,TCGA-UD-AAC6-01A,1.0,0.0,0.0,0.0,0.0
4,178818387,+,4,181272237,-,MESO,7698,TCGA-UD-AAC6-01A,TCGA-UD-AAC6-01A,1.0,0.0,0.0,0.0,0.0
4,180929388,+,4,181457660,+,MESO,7699,TCGA-UD-AAC6-01A,TCGA-UD-AAC6-01A,1.0,0.0,0.0,0.0,0.0
5,6766603,+,5,6797614,+,MESO,7700,TCGA-UD-AAC6-01A,TCGA-UD-AAC6-01A,1.0,0.0,0.0,0.0,0.0
5,6766635,-,5,6967798,+,MESO,7701,TCGA-UD-AAC6-01A,TCGA-UD-AAC6-01A,1.0,0.0,0.0,0.0,0.0
5,6797613,-,5,6867318,-,MESO,7702,TCGA-UD-AAC6-01A,TCGA-UD-AAC6-01A,1.0,0.0,0.0,0.0,0.0
5,6813292,+,5,13726093,-,MESO,7703,TCGA-UD-AAC6-01A,TCGA-UD-AAC6-01A,1.0,0.0,0.0,0.0,0.0
5,6813429,-,5,6830604,-,MESO,7704,TCGA-UD-AAC6-01A,TCGA-UD-AAC6-01A,1.0,0.0,0.0,0.0,0.0
5,6813630,+,5,7017866,+,MESO,7705,TCGA-UD-AAC6-01A,TCGA-UD-AAC6-01A,1.0,0.0,0.0,0.0,0.0
5,6813640,-,5,6996893,+,MESO,7706,TCGA-UD-AAC6-01A,TCGA-UD-AAC6-01A,1.0,0.0,0.0,0.0,0.0
5,6830601,+,5,7031615,+,MESO,7707,TCGA-UD-AAC6-01A,TCGA-UD-AAC6-01A,1.0,0.0,0.0,0.0,0.0
5,6834827,+,5,6997312,-,MESO,7708,TCGA-UD-AAC6-01A,TCGA-UD-AAC6-01A,1.0,0.0,0.0,0.0,0.0
5,6841924,+,5,6873007,-,MESO,7709,TCGA-UD-AAC6-01A,TCGA-UD-AAC6-01A,1.0,0.0,0.0,0.0,0.0
5,6858195,-,5,7013776,+,MESO,7710,TCGA-UD-AAC6-01A,TCGA-UD-AAC6-01A,1.0,0.0,0.0,0.0,0.0
5,6867297,+,5,7075453,-,MESO,7711,TCGA-UD-AAC6-01A,TCGA-UD-AAC6-01A,1.0,0.0,0.0,0.0,0.0
5,6867697,+,5,7027093,-,MESO,7712,TCGA-UD-AAC6-01A,TCGA-UD-AAC6-01A,1.0,0.0,0.0,0.0,0.0
5,6997527,+,5,7011599,+,MESO,7713,TCGA-UD-AAC6-01A,TCGA-UD-AAC6-01A,1.0,0.0,0.0,0.0,0.0
5,6998093,-,5,7011662,-,MESO,7714,TCGA-UD-AAC6-01A,TCGA-UD-AAC6-01A,1.0,0.0,0.0,0.0,0.0
5,7013776,-,5,13865370,+,MESO,7715,TCGA-UD-AAC6-01A,TCGA-UD-AAC6-01A,1.0,0.0,0.0,0.0,0.0
5,7029152,+,5,7030144,-,MESO,7716,TCGA-UD-AAC6-01A,TCGA-UD-AAC6-01A,1.0,0.0,0.0,0.0,0.0
5,13726092,+,5,13898856,-,MESO,7717,TCGA-UD-AAC6-01A,TCGA-UD-AAC6-01A,1.0,0.0,0.0,0.0,0.0
5,20138650,+,5,22482495,-,MESO,7718,TCGA-UD-AAC6-01A,TCGA-UD-AAC6-01A,1.0,0.0,0.0,0.0,0.0
5,108765318,+,5,116502498,-,MESO,7719,TCGA-UD-AAC6-01A,TCGA-UD-AAC6-01A,1.0,0.0,0.0,0.0,0.0
5,152738790,+,5,152852364,-,MESO,7720,TCGA-UD-AAC6-01A,TCGA-UD-AAC6-01A,1.0,0.0,0.0,0.0,0.0
6,24353754,+,6,24405328,-,MESO,7721,TCGA-UD-AAC6-01A,TCGA-UD-AAC6-01A,1.0,0.0,0.0,0.0,0.0
6,24353760,-,6,24757298,+,MESO,7722,TCGA-UD-AAC6-01A,TCGA-UD-AAC6-01A,1.0,0.0,0.0,0.0,0.0
6,24405329,+,6,24757298,-,MESO,7723,TCGA-UD-AAC6-01A,TCGA-UD-AAC6-01A,1.0,0.0,0.0,0.0,0.0
6,24416418,+,6,25542076,+,MESO,7724,TCGA-UD-AAC6-01A,TCGA-UD-AAC6-01A,1.0,0.0,0.0,0.0,0.0
6,24427734,-,6,25542673,-,MESO,7725,TCGA-UD-AAC6-01A,TCGA-UD-AAC6-01A,1.0,0.0,0.0,0.0,0.0
6,25568976,+,6,25621605,-,MESO,7726,TCGA-UD-AAC6-01A,TCGA-UD-AAC6-01A,1.0,0.0,0.0,0.0,0.0
6,59272304,+,6,59492526,-,MESO,7727,TCGA-UD-AAC6-01A,TCGA-UD-AAC6-01A,1.0,0.0,0.0,0.0,0.0
6,85634159,+,6,85808957,-,MESO,7728,TCGA-UD-AAC6-01A,TCGA-UD-AAC6-01A,1.0,0.0,0.0,0.0,0.0
6,85809443,+,6,90640587,+,MESO,7729,TCGA-UD-AAC6-01A,TCGA-UD-AAC6-01A,1.0,0.0,0.0,0.0,0.0
6,90587402,-,6,93325455,+,MESO,7730,TCGA-UD-AAC6-01A,TCGA-UD-AAC6-01A,1.0,0.0,0.0,0.0,0.0
6,90715610,-,6,155810115,-,MESO,7731,TCGA-UD-AAC6-01A,TCGA-UD-AAC6-01A,1.0,0.0,0.0,0.0,0.0
7,56553466,+,7,64450223,+,MESO,7732,TCGA-UD-AAC6-01A,TCGA-UD-AAC6-01A,1.0,0.0,0.0,0.0,0.0
8,69966861,+,16,494052,+,MESO,7733,TCGA-UD-AAC6-01A,TCGA-UD-AAC6-01A,1.0,0.0,0.0,0.0,0.0
8,107146194,+,8,107153969,+,MESO,7734,TCGA-UD-AAC6-01A,TCGA-UD-AAC6-01A,1.0,0.0,0.0,0.0,0.0
8,107146356,-,8,107413258,-,MESO,7735,TCGA-UD-AAC6-01A,TCGA-UD-AAC6-01A,1.0,0.0,0.0,0.0,0.0
8,107415304,+,8,107415624,-,MESO,7736,TCGA-UD-AAC6-01A,TCGA-UD-AAC6-01A,1.0,0.0,0.0,0.0,0.0
9,18015380,+,9,18051774,-,MESO,7737,TCGA-UD-AAC6-01A,TCGA-UD-AAC6-01A,1.0,0.0,0.0,0.0,0.0
9,18254214,+,9,21891871,+,MESO,7738,TCGA-UD-AAC6-01A,TCGA-UD-AAC6-01A,1.0,0.0,0.0,0.0,0.0
9,18360743,-,9,21984889,-,MESO,7739,TCGA-UD-AAC6-01A,TCGA-UD-AAC6-01A,1.0,0.0,0.0,0.0,0.0
9,20859867,+,9,31786541,+,MESO,7740,TCGA-UD-AAC6-01A,TCGA-UD-AAC6-01A,1.0,0.0,0.0,0.0,0.0
9,30863496,-,9,30998013,+,MESO,7741,TCGA-UD-AAC6-01A,TCGA-UD-AAC6-01A,1.0,0.0,0.0,0.0,0.0
9,30866574,+,9,31000672,-,MESO,7742,TCGA-UD-AAC6-01A,TCGA-UD-AAC6-01A,1.0,0.0,0.0,0.0,0.0
9,30869832,-,23,65896190,-,MESO,7743,TCGA-UD-AAC6-01A,TCGA-UD-AAC6-01A,1.0,0.0,0.0,0.0,0.0
9,30872807,+,9,30949003,+,MESO,7744,TCGA-UD-AAC6-01A,TCGA-UD-AAC6-01A,1.0,0.0,0.0,0.0,0.0
9,30904848,-,9,32749761,-,MESO,7745,TCGA-UD-AAC6-01A,TCGA-UD-AAC6-01A,1.0,0.0,0.0,0.0,0.0
9,30909422,+,9,32747666,+,MESO,7746,TCGA-UD-AAC6-01A,TCGA-UD-AAC6-01A,1.0,0.0,0.0,0.0,0.0
9,30914562,-,9,30993389,-,MESO,7747,TCGA-UD-AAC6-01A,TCGA-UD-AAC6-01A,1.0,0.0,0.0,0.0,0.0
9,30916918,+,9,32751011,+,MESO,7748,TCGA-UD-AAC6-01A,TCGA-UD-AAC6-01A,1.0,0.0,0.0,0.0,0.0
9,30944296,-,9,31625160,+,MESO,7749,TCGA-UD-AAC6-01A,TCGA-UD-AAC6-01A,1.0,0.0,0.0,0.0,0.0
9,31655411,-,9,32653439,-,MESO,7750,TCGA-UD-AAC6-01A,TCGA-UD-AAC6-01A,1.0,0.0,0.0,0.0,0.0
9,32653173,+,9,32757810,+,MESO,7751,TCGA-UD-AAC6-01A,TCGA-UD-AAC6-01A,1.0,0.0,0.0,0.0,0.0
9,32707873,+,9,32753582,-,MESO,7752,TCGA-UD-AAC6-01A,TCGA-UD-AAC6-01A,1.0,0.0,0.0,0.0,0.0
9,32708698,-,9,32804509,-,MESO,7753,TCGA-UD-AAC6-01A,TCGA-UD-AAC6-01A,1.0,0.0,0.0,0.0,0.0
9,32745199,-,23,65895832,+,MESO,7754,TCGA-UD-AAC6-01A,TCGA-UD-AAC6-01A,1.0,0.0,0.0,0.0,0.0
9,32827693,+,9,32864879,-,MESO,7755,TCGA-UD-AAC6-01A,TCGA-UD-AAC6-01A,1.0,0.0,0.0,0.0,0.0
9,115532072,+,9,115775457,-,MESO,7756,TCGA-UD-AAC6-01A,TCGA-UD-AAC6-01A,1.0,0.0,0.0,0.0,0.0
23,65901244,+,23,65919445,-,MESO,7757,TCGA-UD-AAC6-01A,TCGA-UD-AAC6-01A,1.0,0.0,0.0,0.0,0.0
1,10821675,-,19,16372139,+,MESO,7758,TCGA-UD-AAC7-01A,TCGA-UD-AAC7-01A,1.0,0.0,0.0,0.0,0.0
1,87268575,+,1,119875959,+,MESO,7759,TCGA-UD-AAC7-01A,TCGA-UD-AAC7-01A,1.0,0.0,0.0,0.0,0.0
1,111727650,-,1,119867454,+,MESO,7760,TCGA-UD-AAC7-01A,TCGA-UD-AAC7-01A,1.0,0.0,0.0,0.0,0.0
1,114308744,+,15,47556207,-,MESO,7761,TCGA-UD-AAC7-01A,TCGA-UD-AAC7-01A,1.0,0.0,0.0,0.0,0.0
1,119689179,-,15,47305708,+,MESO,7762,TCGA-UD-AAC7-01A,TCGA-UD-AAC7-01A,1.0,0.0,0.0,0.0,0.0
1,119844241,+,15,68973640,-,MESO,7763,TCGA-UD-AAC7-01A,TCGA-UD-AAC7-01A,1.0,0.0,0.0,0.0,0.0
1,119869577,-,15,51471517,+,MESO,7764,TCGA-UD-AAC7-01A,TCGA-UD-AAC7-01A,1.0,0.0,0.0,0.0,0.0
1,124808949,-,1,124813504,+,MESO,7765,TCGA-UD-AAC7-01A,TCGA-UD-AAC7-01A,1.0,0.0,0.0,0.0,0.0
1,124814819,-,1,124819526,+,MESO,7766,TCGA-UD-AAC7-01A,TCGA-UD-AAC7-01A,1.0,0.0,0.0,0.0,0.0
1,149641482,+,3,52304207,+,MESO,7767,TCGA-UD-AAC7-01A,TCGA-UD-AAC7-01A,1.0,0.0,0.0,0.0,0.0
1,149900600,-,3,52389320,-,MESO,7768,TCGA-UD-AAC7-01A,TCGA-UD-AAC7-01A,1.0,0.0,0.0,0.0,0.0
10,2147815,+,10,2148943,+,MESO,7769,TCGA-UD-AAC7-01A,TCGA-UD-AAC7-01A,1.0,0.0,0.0,0.0,0.0
10,120040763,+,10,120041891,-,MESO,7770,TCGA-UD-AAC7-01A,TCGA-UD-AAC7-01A,1.0,0.0,0.0,0.0,0.0
11,123171093,+,11,123174477,-,MESO,7771,TCGA-UD-AAC7-01A,TCGA-UD-AAC7-01A,1.0,0.0,0.0,0.0,0.0
12,4577757,+,12,5914729,-,MESO,7772,TCGA-UD-AAC7-01A,TCGA-UD-AAC7-01A,1.0,0.0,0.0,0.0,0.0
12,4599677,-,12,5538706,+,MESO,7773,TCGA-UD-AAC7-01A,TCGA-UD-AAC7-01A,1.0,0.0,0.0,0.0,0.0
12,4869035,+,19,9907216,-,MESO,7774,TCGA-UD-AAC7-01A,TCGA-UD-AAC7-01A,1.0,0.0,0.0,0.0,0.0
12,4877043,-,12,5476132,+,MESO,7775,TCGA-UD-AAC7-01A,TCGA-UD-AAC7-01A,1.0,0.0,0.0,0.0,0.0
12,5132668,-,19,21564975,-,MESO,7776,TCGA-UD-AAC7-01A,TCGA-UD-AAC7-01A,1.0,0.0,0.0,0.0,0.0
12,5132670,+,12,5473735,-,MESO,7777,TCGA-UD-AAC7-01A,TCGA-UD-AAC7-01A,1.0,0.0,0.0,0.0,0.0
12,5146652,-,12,5324427,+,MESO,7778,TCGA-UD-AAC7-01A,TCGA-UD-AAC7-01A,1.0,0.0,0.0,0.0,0.0
12,5146659,+,19,20269641,+,MESO,7779,TCGA-UD-AAC7-01A,TCGA-UD-AAC7-01A,1.0,0.0,0.0,0.0,0.0
12,5198952,+,19,9593106,+,MESO,7780,TCGA-UD-AAC7-01A,TCGA-UD-AAC7-01A,1.0,0.0,0.0,0.0,0.0
12,5476135,-,19,22572834,-,MESO,7781,TCGA-UD-AAC7-01A,TCGA-UD-AAC7-01A,1.0,0.0,0.0,0.0,0.0
12,5502327,+,19,8819501,-,MESO,7782,TCGA-UD-AAC7-01A,TCGA-UD-AAC7-01A,1.0,0.0,0.0,0.0,0.0
12,5517884,-,19,22553037,+,MESO,7783,TCGA-UD-AAC7-01A,TCGA-UD-AAC7-01A,1.0,0.0,0.0,0.0,0.0
12,5563360,-,12,5670145,+,MESO,7784,TCGA-UD-AAC7-01A,TCGA-UD-AAC7-01A,1.0,0.0,0.0,0.0,0.0
12,5605789,+,19,22486462,-,MESO,7785,TCGA-UD-AAC7-01A,TCGA-UD-AAC7-01A,1.0,0.0,0.0,0.0,0.0
12,5824020,-,19,9012096,-,MESO,7786,TCGA-UD-AAC7-01A,TCGA-UD-AAC7-01A,1.0,0.0,0.0,0.0,0.0
12,5853646,-,19,22312108,-,MESO,7787,TCGA-UD-AAC7-01A,TCGA-UD-AAC7-01A,1.0,0.0,0.0,0.0,0.0
12,5867855,+,19,22283208,+,MESO,7788,TCGA-UD-AAC7-01A,TCGA-UD-AAC7-01A,1.0,0.0,0.0,0.0,0.0
12,5891018,-,12,5963352,+,MESO,7789,TCGA-UD-AAC7-01A,TCGA-UD-AAC7-01A,1.0,0.0,0.0,0.0,0.0
12,6024883,-,19,21158911,+,MESO,7790,TCGA-UD-AAC7-01A,TCGA-UD-AAC7-01A,1.0,0.0,0.0,0.0,0.0
15,47520549,-,15,68931546,+,MESO,7791,TCGA-UD-AAC7-01A,TCGA-UD-AAC7-01A,1.0,0.0,0.0,0.0,0.0
16,11226759,-,16,15852351,+,MESO,7792,TCGA-UD-AAC7-01A,TCGA-UD-AAC7-01A,1.0,0.0,0.0,0.0,0.0
16,62316677,+,16,62818785,+,MESO,7793,TCGA-UD-AAC7-01A,TCGA-UD-AAC7-01A,1.0,0.0,0.0,0.0,0.0
16,62818221,-,17,34517202,-,MESO,7794,TCGA-UD-AAC7-01A,TCGA-UD-AAC7-01A,1.0,0.0,0.0,0.0,0.0
17,4967555,-,17,5005913,-,MESO,7795,TCGA-UD-AAC7-01A,TCGA-UD-AAC7-01A,1.0,0.0,0.0,0.0,0.0
17,4984947,+,17,5007411,-,MESO,7796,TCGA-UD-AAC7-01A,TCGA-UD-AAC7-01A,1.0,0.0,0.0,0.0,0.0
17,5007182,+,17,5053182,+,MESO,7797,TCGA-UD-AAC7-01A,TCGA-UD-AAC7-01A,1.0,0.0,0.0,0.0,0.0
18,42965190,-,18,43007523,-,MESO,7798,TCGA-UD-AAC7-01A,TCGA-UD-AAC7-01A,1.0,0.0,0.0,0.0,0.0
19,9885320,-,19,21901714,+,MESO,7799,TCGA-UD-AAC7-01A,TCGA-UD-AAC7-01A,1.0,0.0,0.0,0.0,0.0
19,14374428,-,19,16373373,-,MESO,7800,TCGA-UD-AAC7-01A,TCGA-UD-AAC7-01A,1.0,0.0,0.0,0.0,0.0
19,14374429,+,19,44977121,-,MESO,7801,TCGA-UD-AAC7-01A,TCGA-UD-AAC7-01A,1.0,0.0,0.0,0.0,0.0
19,14380487,+,19,44977084,+,MESO,7802,TCGA-UD-AAC7-01A,TCGA-UD-AAC7-01A,1.0,0.0,0.0,0.0,0.0
19,14380508,-,19,16136271,-,MESO,7803,TCGA-UD-AAC7-01A,TCGA-UD-AAC7-01A,1.0,0.0,0.0,0.0,0.0
19,20608779,-,19,22739019,-,MESO,7804,TCGA-UD-AAC7-01A,TCGA-UD-AAC7-01A,1.0,0.0,0.0,0.0,0.0
19,21252369,-,19,22532549,-,MESO,7805,TCGA-UD-AAC7-01A,TCGA-UD-AAC7-01A,1.0,0.0,0.0,0.0,0.0
19,21949017,-,19,22196519,-,MESO,7806,TCGA-UD-AAC7-01A,TCGA-UD-AAC7-01A,1.0,0.0,0.0,0.0,0.0
19,22532562,+,19,22929219,+,MESO,7807,TCGA-UD-AAC7-01A,TCGA-UD-AAC7-01A,1.0,0.0,0.0,0.0,0.0
19,22814675,-,19,23885847,+,MESO,7808,TCGA-UD-AAC7-01A,TCGA-UD-AAC7-01A,1.0,0.0,0.0,0.0,0.0
2,179866048,-,2,180296955,+,MESO,7809,TCGA-UD-AAC7-01A,TCGA-UD-AAC7-01A,1.0,0.0,0.0,0.0,0.0
20,6231936,+,20,6234223,-,MESO,7810,TCGA-UD-AAC7-01A,TCGA-UD-AAC7-01A,1.0,0.0,0.0,0.0,0.0
21,25961643,-,21,25975235,+,MESO,7811,TCGA-UD-AAC7-01A,TCGA-UD-AAC7-01A,1.0,0.0,0.0,0.0,0.0
22,29590735,+,22,29594174,+,MESO,7812,TCGA-UD-AAC7-01A,TCGA-UD-AAC7-01A,1.0,0.0,0.0,0.0,0.0
22,29664075,+,22,29697765,-,MESO,7813,TCGA-UD-AAC7-01A,TCGA-UD-AAC7-01A,1.0,0.0,0.0,0.0,0.0
3,32553076,+,3,54003525,-,MESO,7814,TCGA-UD-AAC7-01A,TCGA-UD-AAC7-01A,1.0,0.0,0.0,0.0,0.0
3,52391521,+,3,52402379,-,MESO,7815,TCGA-UD-AAC7-01A,TCGA-UD-AAC7-01A,1.0,0.0,0.0,0.0,0.0
3,60628625,+,3,61180165,-,MESO,7816,TCGA-UD-AAC7-01A,TCGA-UD-AAC7-01A,1.0,0.0,0.0,0.0,0.0
3,115879042,+,3,116380331,-,MESO,7817,TCGA-UD-AAC7-01A,TCGA-UD-AAC7-01A,1.0,0.0,0.0,0.0,0.0
4,189987321,-,20,29802582,+,MESO,7818,TCGA-UD-AAC7-01A,TCGA-UD-AAC7-01A,1.0,0.0,0.0,0.0,0.0
5,148923802,-,5,148928566,+,MESO,7819,TCGA-UD-AAC7-01A,TCGA-UD-AAC7-01A,1.0,0.0,0.0,0.0,0.0
6,48723849,-,15,82542052,-,MESO,7820,TCGA-UD-AAC7-01A,TCGA-UD-AAC7-01A,1.0,0.0,0.0,0.0,0.0
6,61810990,-,12,5127929,-,MESO,7821,TCGA-UD-AAC7-01A,TCGA-UD-AAC7-01A,1.0,0.0,0.0,0.0,0.0
6,61810992,+,6,61889520,-,MESO,7822,TCGA-UD-AAC7-01A,TCGA-UD-AAC7-01A,1.0,0.0,0.0,0.0,0.0
6,61822891,+,12,5605785,-,MESO,7823,TCGA-UD-AAC7-01A,TCGA-UD-AAC7-01A,1.0,0.0,0.0,0.0,0.0
6,61828543,-,19,22739021,+,MESO,7824,TCGA-UD-AAC7-01A,TCGA-UD-AAC7-01A,1.0,0.0,0.0,0.0,0.0
6,61828872,+,6,62935608,+,MESO,7825,TCGA-UD-AAC7-01A,TCGA-UD-AAC7-01A,1.0,0.0,0.0,0.0,0.0
6,62199559,+,6,62988066,+,MESO,7826,TCGA-UD-AAC7-01A,TCGA-UD-AAC7-01A,1.0,0.0,0.0,0.0,0.0
6,62199561,-,19,8821567,+,MESO,7827,TCGA-UD-AAC7-01A,TCGA-UD-AAC7-01A,1.0,0.0,0.0,0.0,0.0
6,62962672,-,19,22933676,-,MESO,7828,TCGA-UD-AAC7-01A,TCGA-UD-AAC7-01A,1.0,0.0,0.0,0.0,0.0
6,62970915,+,19,9907217,+,MESO,7829,TCGA-UD-AAC7-01A,TCGA-UD-AAC7-01A,1.0,0.0,0.0,0.0,0.0
6,62970928,-,12,5473738,+,MESO,7830,TCGA-UD-AAC7-01A,TCGA-UD-AAC7-01A,1.0,0.0,0.0,0.0,0.0
6,62971570,+,19,21506571,+,MESO,7831,TCGA-UD-AAC7-01A,TCGA-UD-AAC7-01A,1.0,0.0,0.0,0.0,0.0
6,62971585,-,12,5914733,+,MESO,7832,TCGA-UD-AAC7-01A,TCGA-UD-AAC7-01A,1.0,0.0,0.0,0.0,0.0
6,63326626,-,19,22738266,-,MESO,7833,TCGA-UD-AAC7-01A,TCGA-UD-AAC7-01A,1.0,0.0,0.0,0.0,0.0
6,67983324,+,12,5305482,-,MESO,7834,TCGA-UD-AAC7-01A,TCGA-UD-AAC7-01A,1.0,0.0,0.0,0.0,0.0
7,32514811,-,7,32537442,+,MESO,7835,TCGA-UD-AAC7-01A,TCGA-UD-AAC7-01A,1.0,0.0,0.0,0.0,0.0
7,58172538,+,7,60531981,-,MESO,7836,TCGA-UD-AAC7-01A,TCGA-UD-AAC7-01A,1.0,0.0,0.0,0.0,0.0
7,63975406,+,7,63984158,-,MESO,7837,TCGA-UD-AAC7-01A,TCGA-UD-AAC7-01A,1.0,0.0,0.0,0.0,0.0
7,63975406,+,7,64009685,-,MESO,7838,TCGA-UD-AAC7-01A,TCGA-UD-AAC7-01A,1.0,0.0,0.0,0.0,0.0
7,63984329,+,7,64009684,-,MESO,7839,TCGA-UD-AAC7-01A,TCGA-UD-AAC7-01A,1.0,0.0,0.0,0.0,0.0
9,9984152,+,9,32369114,-,MESO,7840,TCGA-UD-AAC7-01A,TCGA-UD-AAC7-01A,1.0,0.0,0.0,0.0,0.0
9,18479924,+,19,9668939,+,MESO,7841,TCGA-UD-AAC7-01A,TCGA-UD-AAC7-01A,1.0,0.0,0.0,0.0,0.0
9,18571792,-,19,22814668,+,MESO,7842,TCGA-UD-AAC7-01A,TCGA-UD-AAC7-01A,1.0,0.0,0.0,0.0,0.0
9,21237668,+,12,5899122,+,MESO,7843,TCGA-UD-AAC7-01A,TCGA-UD-AAC7-01A,1.0,0.0,0.0,0.0,0.0
9,21310623,-,19,9627086,-,MESO,7844,TCGA-UD-AAC7-01A,TCGA-UD-AAC7-01A,1.0,0.0,0.0,0.0,0.0
9,21328261,+,12,5085028,+,MESO,7845,TCGA-UD-AAC7-01A,TCGA-UD-AAC7-01A,1.0,0.0,0.0,0.0,0.0
9,21465555,-,12,5436132,-,MESO,7846,TCGA-UD-AAC7-01A,TCGA-UD-AAC7-01A,1.0,0.0,0.0,0.0,0.0
9,21483720,+,19,22611271,+,MESO,7847,TCGA-UD-AAC7-01A,TCGA-UD-AAC7-01A,1.0,0.0,0.0,0.0,0.0
9,22233477,-,12,4052753,-,MESO,7848,TCGA-UD-AAC7-01A,TCGA-UD-AAC7-01A,1.0,0.0,0.0,0.0,0.0
9,22244898,+,19,22129606,+,MESO,7849,TCGA-UD-AAC7-01A,TCGA-UD-AAC7-01A,1.0,0.0,0.0,0.0,0.0
9,22273593,-,19,22474492,+,MESO,7850,TCGA-UD-AAC7-01A,TCGA-UD-AAC7-01A,1.0,0.0,0.0,0.0,0.0
9,22278599,+,12,3811045,+,MESO,7851,TCGA-UD-AAC7-01A,TCGA-UD-AAC7-01A,1.0,0.0,0.0,0.0,0.0
9,22451434,-,9,22983743,-,MESO,7852,TCGA-UD-AAC7-01A,TCGA-UD-AAC7-01A,1.0,0.0,0.0,0.0,0.0
9,22505961,+,9,22756322,-,MESO,7853,TCGA-UD-AAC7-01A,TCGA-UD-AAC7-01A,1.0,0.0,0.0,0.0,0.0
9,22787563,+,12,5853647,+,MESO,7854,TCGA-UD-AAC7-01A,TCGA-UD-AAC7-01A,1.0,0.0,0.0,0.0,0.0
9,23177485,+,12,119946231,+,MESO,7855,TCGA-UD-AAC7-01A,TCGA-UD-AAC7-01A,1.0,0.0,0.0,0.0,0.0
1,48720612,+,1,49007824,-,MESO,7856,TCGA-UT-A88C-01B,TCGA-UT-A88C-01B,1.0,0.0,0.0,0.0,0.0
1,122228064,+,1,122395359,-,MESO,7857,TCGA-UT-A88C-01B,TCGA-UT-A88C-01B,1.0,0.0,0.0,0.0,0.0
10,100936650,+,10,100956009,-,MESO,7858,TCGA-UT-A88C-01B,TCGA-UT-A88C-01B,1.0,0.0,0.0,0.0,0.0
10,105928520,-,10,106068084,+,MESO,7859,TCGA-UT-A88C-01B,TCGA-UT-A88C-01B,1.0,0.0,0.0,0.0,0.0
10,106029112,+,10,106073183,-,MESO,7860,TCGA-UT-A88C-01B,TCGA-UT-A88C-01B,1.0,0.0,0.0,0.0,0.0
11,54203385,-,11,54318374,+,MESO,7861,TCGA-UT-A88C-01B,TCGA-UT-A88C-01B,1.0,0.0,0.0,0.0,0.0
11,54344920,+,11,54384798,-,MESO,7862,TCGA-UT-A88C-01B,TCGA-UT-A88C-01B,1.0,0.0,0.0,0.0,0.0
11,54352777,+,11,54362940,-,MESO,7863,TCGA-UT-A88C-01B,TCGA-UT-A88C-01B,1.0,0.0,0.0,0.0,0.0
12,7338733,-,19,28881974,-,MESO,7864,TCGA-UT-A88C-01B,TCGA-UT-A88C-01B,1.0,0.0,0.0,0.0,0.0
12,37845394,-,19,24319479,-,MESO,7865,TCGA-UT-A88C-01B,TCGA-UT-A88C-01B,1.0,0.0,0.0,0.0,0.0
13,16290819,-,13,16679015,+,MESO,7866,TCGA-UT-A88C-01B,TCGA-UT-A88C-01B,1.0,0.0,0.0,0.0,0.0
13,16332058,-,13,17090823,+,MESO,7867,TCGA-UT-A88C-01B,TCGA-UT-A88C-01B,1.0,0.0,0.0,0.0,0.0
14,55658291,+,17,68972162,-,MESO,7868,TCGA-UT-A88C-01B,TCGA-UT-A88C-01B,1.0,0.0,0.0,0.0,0.0
14,68794828,-,16,53010797,-,MESO,7869,TCGA-UT-A88C-01B,TCGA-UT-A88C-01B,1.0,0.0,0.0,0.0,0.0
16,5399235,+,16,6679899,-,MESO,7870,TCGA-UT-A88C-01B,TCGA-UT-A88C-01B,1.0,0.0,0.0,0.0,0.0
16,6524894,+,16,6563412,-,MESO,7871,TCGA-UT-A88C-01B,TCGA-UT-A88C-01B,1.0,0.0,0.0,0.0,0.0
16,6736653,+,16,6984035,-,MESO,7872,TCGA-UT-A88C-01B,TCGA-UT-A88C-01B,1.0,0.0,0.0,0.0,0.0
16,23882023,+,17,36462988,+,MESO,7873,TCGA-UT-A88C-01B,TCGA-UT-A88C-01B,1.0,0.0,0.0,0.0,0.0
17,22896018,+,17,23137594,-,MESO,7874,TCGA-UT-A88C-01B,TCGA-UT-A88C-01B,1.0,0.0,0.0,0.0,0.0
17,35469957,-,17,60839207,+,MESO,7875,TCGA-UT-A88C-01B,TCGA-UT-A88C-01B,1.0,0.0,0.0,0.0,0.0
17,61437061,-,17,80137977,-,MESO,7876,TCGA-UT-A88C-01B,TCGA-UT-A88C-01B,1.0,0.0,0.0,0.0,0.0
17,65730706,+,17,67410150,-,MESO,7877,TCGA-UT-A88C-01B,TCGA-UT-A88C-01B,1.0,0.0,0.0,0.0,0.0
17,67452639,+,17,70587518,+,MESO,7878,TCGA-UT-A88C-01B,TCGA-UT-A88C-01B,1.0,0.0,0.0,0.0,0.0
18,15762327,-,18,15772292,+,MESO,7879,TCGA-UT-A88C-01B,TCGA-UT-A88C-01B,1.0,0.0,0.0,0.0,0.0
19,20991610,+,19,20993106,-,MESO,7880,TCGA-UT-A88C-01B,TCGA-UT-A88C-01B,1.0,0.0,0.0,0.0,0.0
2,21674952,+,2,21971872,-,MESO,7881,TCGA-UT-A88C-01B,TCGA-UT-A88C-01B,1.0,0.0,0.0,0.0,0.0
2,42722456,-,2,42947994,+,MESO,7882,TCGA-UT-A88C-01B,TCGA-UT-A88C-01B,1.0,0.0,0.0,0.0,0.0
2,91882567,+,22,16428411,-,MESO,7883,TCGA-UT-A88C-01B,TCGA-UT-A88C-01B,1.0,0.0,0.0,0.0,0.0
2,176351068,+,2,176355747,-,MESO,7884,TCGA-UT-A88C-01B,TCGA-UT-A88C-01B,1.0,0.0,0.0,0.0,0.0
20,29957222,-,20,29975364,+,MESO,7885,TCGA-UT-A88C-01B,TCGA-UT-A88C-01B,1.0,0.0,0.0,0.0,0.0
21,17469461,+,23,98890972,-,MESO,7886,TCGA-UT-A88C-01B,TCGA-UT-A88C-01B,1.0,0.0,0.0,0.0,0.0
3,34010925,+,3,87450879,-,MESO,7887,TCGA-UT-A88C-01B,TCGA-UT-A88C-01B,1.0,0.0,0.0,0.0,0.0
3,36044833,-,3,62886470,-,MESO,7888,TCGA-UT-A88C-01B,TCGA-UT-A88C-01B,1.0,0.0,0.0,0.0,0.0
3,36108035,+,3,68411871,-,MESO,7889,TCGA-UT-A88C-01B,TCGA-UT-A88C-01B,1.0,0.0,0.0,0.0,0.0
3,40379372,-,3,41540940,-,MESO,7890,TCGA-UT-A88C-01B,TCGA-UT-A88C-01B,1.0,0.0,0.0,0.0,0.0
3,40515869,+,3,42206918,-,MESO,7891,TCGA-UT-A88C-01B,TCGA-UT-A88C-01B,1.0,0.0,0.0,0.0,0.0
3,40616806,-,3,42206873,+,MESO,7892,TCGA-UT-A88C-01B,TCGA-UT-A88C-01B,1.0,0.0,0.0,0.0,0.0
3,40623770,+,3,41535080,-,MESO,7893,TCGA-UT-A88C-01B,TCGA-UT-A88C-01B,1.0,0.0,0.0,0.0,0.0
3,40633587,-,3,41540762,+,MESO,7894,TCGA-UT-A88C-01B,TCGA-UT-A88C-01B,1.0,0.0,0.0,0.0,0.0
3,41807226,-,3,42099170,+,MESO,7895,TCGA-UT-A88C-01B,TCGA-UT-A88C-01B,1.0,0.0,0.0,0.0,0.0
3,41818587,+,3,42099271,-,MESO,7896,TCGA-UT-A88C-01B,TCGA-UT-A88C-01B,1.0,0.0,0.0,0.0,0.0
3,63262671,+,3,87176068,+,MESO,7897,TCGA-UT-A88C-01B,TCGA-UT-A88C-01B,1.0,0.0,0.0,0.0,0.0
3,63331112,-,3,68996428,-,MESO,7898,TCGA-UT-A88C-01B,TCGA-UT-A88C-01B,1.0,0.0,0.0,0.0,0.0
3,63684179,+,3,87830123,-,MESO,7899,TCGA-UT-A88C-01B,TCGA-UT-A88C-01B,1.0,0.0,0.0,0.0,0.0
3,68434114,+,3,87462732,+,MESO,7900,TCGA-UT-A88C-01B,TCGA-UT-A88C-01B,1.0,0.0,0.0,0.0,0.0
3,91139638,+,3,91146412,-,MESO,7901,TCGA-UT-A88C-01B,TCGA-UT-A88C-01B,1.0,0.0,0.0,0.0,0.0
4,53198614,+,6,93281349,-,MESO,7902,TCGA-UT-A88C-01B,TCGA-UT-A88C-01B,1.0,0.0,0.0,0.0,0.0
4,53254047,-,6,93202969,+,MESO,7903,TCGA-UT-A88C-01B,TCGA-UT-A88C-01B,1.0,0.0,0.0,0.0,0.0
4,86808393,+,4,87011548,-,MESO,7904,TCGA-UT-A88C-01B,TCGA-UT-A88C-01B,1.0,0.0,0.0,0.0,0.0
5,12824939,+,5,12946463,-,MESO,7905,TCGA-UT-A88C-01B,TCGA-UT-A88C-01B,1.0,0.0,0.0,0.0,0.0
5,101826536,-,5,105664672,+,MESO,7906,TCGA-UT-A88C-01B,TCGA-UT-A88C-01B,1.0,0.0,0.0,0.0,0.0
5,120341723,+,5,120352476,-,MESO,7907,TCGA-UT-A88C-01B,TCGA-UT-A88C-01B,1.0,0.0,0.0,0.0,0.0
6,50789218,+,13,94316422,-,MESO,7908,TCGA-UT-A88C-01B,TCGA-UT-A88C-01B,1.0,0.0,0.0,0.0,0.0
6,93433779,+,6,93750351,-,MESO,7909,TCGA-UT-A88C-01B,TCGA-UT-A88C-01B,1.0,0.0,0.0,0.0,0.0
6,93454475,-,6,123807559,+,MESO,7910,TCGA-UT-A88C-01B,TCGA-UT-A88C-01B,1.0,0.0,0.0,0.0,0.0
6,93465530,+,6,93712292,+,MESO,7911,TCGA-UT-A88C-01B,TCGA-UT-A88C-01B,1.0,0.0,0.0,0.0,0.0
6,93516690,-,6,123968540,+,MESO,7912,TCGA-UT-A88C-01B,TCGA-UT-A88C-01B,1.0,0.0,0.0,0.0,0.0
6,93579146,+,6,93738658,-,MESO,7913,TCGA-UT-A88C-01B,TCGA-UT-A88C-01B,1.0,0.0,0.0,0.0,0.0
6,93691674,-,6,123925211,-,MESO,7914,TCGA-UT-A88C-01B,TCGA-UT-A88C-01B,1.0,0.0,0.0,0.0,0.0
6,93750017,+,6,124193804,-,MESO,7915,TCGA-UT-A88C-01B,TCGA-UT-A88C-01B,1.0,0.0,0.0,0.0,0.0
7,119330664,+,7,119332670,-,MESO,7916,TCGA-UT-A88C-01B,TCGA-UT-A88C-01B,1.0,0.0,0.0,0.0,0.0
7,123724125,+,7,151584773,-,MESO,7917,TCGA-UT-A88C-01B,TCGA-UT-A88C-01B,1.0,0.0,0.0,0.0,0.0
7,155482026,-,7,155482630,+,MESO,7918,TCGA-UT-A88C-01B,TCGA-UT-A88C-01B,1.0,0.0,0.0,0.0,0.0
8,9937675,+,8,9938489,-,MESO,7919,TCGA-UT-A88C-01B,TCGA-UT-A88C-01B,1.0,0.0,0.0,0.0,0.0
8,115076963,+,8,115406506,-,MESO,7920,TCGA-UT-A88C-01B,TCGA-UT-A88C-01B,1.0,0.0,0.0,0.0,0.0
8,115420536,+,8,119389652,-,MESO,7921,TCGA-UT-A88C-01B,TCGA-UT-A88C-01B,1.0,0.0,0.0,0.0,0.0
9,33376241,+,9,33411949,-,MESO,7922,TCGA-UT-A88C-01B,TCGA-UT-A88C-01B,1.0,0.0,0.0,0.0,0.0
9,61691798,-,20,29592537,+,MESO,7923,TCGA-UT-A88C-01B,TCGA-UT-A88C-01B,1.0,0.0,0.0,0.0,0.0
23,40808319,+,23,44049816,-,MESO,7924,TCGA-UT-A88C-01B,TCGA-UT-A88C-01B,1.0,0.0,0.0,0.0,0.0
1,78039019,+,1,118013881,-,MESO,7925,TCGA-UT-A88D-01B,TCGA-UT-A88D-01B,1.0,0.0,0.0,0.0,0.0
1,245015590,+,6,46697736,-,MESO,7926,TCGA-UT-A88D-01B,TCGA-UT-A88D-01B,1.0,0.0,0.0,0.0,0.0
11,48441234,+,11,54612149,-,MESO,7927,TCGA-UT-A88D-01B,TCGA-UT-A88D-01B,1.0,0.0,0.0,0.0,0.0
13,16527040,+,13,16906955,-,MESO,7928,TCGA-UT-A88D-01B,TCGA-UT-A88D-01B,1.0,0.0,0.0,0.0,0.0
13,67828497,+,13,67967089,+,MESO,7929,TCGA-UT-A88D-01B,TCGA-UT-A88D-01B,1.0,0.0,0.0,0.0,0.0
13,67828532,-,13,100362508,+,MESO,7930,TCGA-UT-A88D-01B,TCGA-UT-A88D-01B,1.0,0.0,0.0,0.0,0.0
13,70210332,-,13,102160755,-,MESO,7931,TCGA-UT-A88D-01B,TCGA-UT-A88D-01B,1.0,0.0,0.0,0.0,0.0
13,70641888,+,13,102493480,-,MESO,7932,TCGA-UT-A88D-01B,TCGA-UT-A88D-01B,1.0,0.0,0.0,0.0,0.0
13,70664030,-,13,75504350,-,MESO,7933,TCGA-UT-A88D-01B,TCGA-UT-A88D-01B,1.0,0.0,0.0,0.0,0.0
13,74122574,+,13,102501291,-,MESO,7934,TCGA-UT-A88D-01B,TCGA-UT-A88D-01B,1.0,0.0,0.0,0.0,0.0
13,74151343,-,13,74796542,+,MESO,7935,TCGA-UT-A88D-01B,TCGA-UT-A88D-01B,1.0,0.0,0.0,0.0,0.0
13,74287073,+,13,74322167,-,MESO,7936,TCGA-UT-A88D-01B,TCGA-UT-A88D-01B,1.0,0.0,0.0,0.0,0.0
13,74339141,+,13,92422232,+,MESO,7937,TCGA-UT-A88D-01B,TCGA-UT-A88D-01B,1.0,0.0,0.0,0.0,0.0
13,74384423,-,13,75493124,+,MESO,7938,TCGA-UT-A88D-01B,TCGA-UT-A88D-01B,1.0,0.0,0.0,0.0,0.0
13,74513537,+,13,74971145,-,MESO,7939,TCGA-UT-A88D-01B,TCGA-UT-A88D-01B,1.0,0.0,0.0,0.0,0.0
13,74612342,-,13,75065636,-,MESO,7940,TCGA-UT-A88D-01B,TCGA-UT-A88D-01B,1.0,0.0,0.0,0.0,0.0
13,74768167,-,13,94389887,-,MESO,7941,TCGA-UT-A88D-01B,TCGA-UT-A88D-01B,1.0,0.0,0.0,0.0,0.0
13,74857377,-,13,75319283,+,MESO,7942,TCGA-UT-A88D-01B,TCGA-UT-A88D-01B,1.0,0.0,0.0,0.0,0.0
13,75001250,+,13,75207324,+,MESO,7943,TCGA-UT-A88D-01B,TCGA-UT-A88D-01B,1.0,0.0,0.0,0.0,0.0
13,75034765,-,13,102501292,+,MESO,7944,TCGA-UT-A88D-01B,TCGA-UT-A88D-01B,1.0,0.0,0.0,0.0,0.0
13,75045460,+,13,75544116,+,MESO,7945,TCGA-UT-A88D-01B,TCGA-UT-A88D-01B,1.0,0.0,0.0,0.0,0.0
13,75265947,-,13,83376130,-,MESO,7946,TCGA-UT-A88D-01B,TCGA-UT-A88D-01B,1.0,0.0,0.0,0.0,0.0
13,75338311,-,13,102177315,+,MESO,7947,TCGA-UT-A88D-01B,TCGA-UT-A88D-01B,1.0,0.0,0.0,0.0,0.0
13,75442716,-,13,97859170,+,MESO,7948,TCGA-UT-A88D-01B,TCGA-UT-A88D-01B,1.0,0.0,0.0,0.0,0.0
13,75576115,-,13,97085378,+,MESO,7949,TCGA-UT-A88D-01B,TCGA-UT-A88D-01B,1.0,0.0,0.0,0.0,0.0
13,83352034,+,13,97165370,+,MESO,7950,TCGA-UT-A88D-01B,TCGA-UT-A88D-01B,1.0,0.0,0.0,0.0,0.0
13,92496263,-,13,94332080,+,MESO,7951,TCGA-UT-A88D-01B,TCGA-UT-A88D-01B,1.0,0.0,0.0,0.0,0.0
13,94147754,+,13,94394578,-,MESO,7952,TCGA-UT-A88D-01B,TCGA-UT-A88D-01B,1.0,0.0,0.0,0.0,0.0
13,94263548,-,13,98014629,-,MESO,7953,TCGA-UT-A88D-01B,TCGA-UT-A88D-01B,1.0,0.0,0.0,0.0,0.0
13,94393351,+,13,99308167,+,MESO,7954,TCGA-UT-A88D-01B,TCGA-UT-A88D-01B,1.0,0.0,0.0,0.0,0.0
13,97101756,-,13,97170912,-,MESO,7955,TCGA-UT-A88D-01B,TCGA-UT-A88D-01B,1.0,0.0,0.0,0.0,0.0
15,20422202,+,15,22308175,+,MESO,7956,TCGA-UT-A88D-01B,TCGA-UT-A88D-01B,1.0,0.0,0.0,0.0,0.0
16,67879951,-,16,68623762,+,MESO,7957,TCGA-UT-A88D-01B,TCGA-UT-A88D-01B,1.0,0.0,0.0,0.0,0.0
17,23051816,+,17,23122047,-,MESO,7958,TCGA-UT-A88D-01B,TCGA-UT-A88D-01B,1.0,0.0,0.0,0.0,0.0
18,16859961,+,18,18616897,-,MESO,7959,TCGA-UT-A88D-01B,TCGA-UT-A88D-01B,1.0,0.0,0.0,0.0,0.0
18,20780559,+,18,20786386,-,MESO,7960,TCGA-UT-A88D-01B,TCGA-UT-A88D-01B,1.0,0.0,0.0,0.0,0.0
19,332378,+,19,334829,-,MESO,7961,TCGA-UT-A88D-01B,TCGA-UT-A88D-01B,1.0,0.0,0.0,0.0,0.0
19,15682269,+,19,15772346,+,MESO,7962,TCGA-UT-A88D-01B,TCGA-UT-A88D-01B,1.0,0.0,0.0,0.0,0.0
2,33057254,-,15,43226477,+,MESO,7963,TCGA-UT-A88D-01B,TCGA-UT-A88D-01B,1.0,0.0,0.0,0.0,0.0
2,93876749,-,2,94156228,+,MESO,7964,TCGA-UT-A88D-01B,TCGA-UT-A88D-01B,1.0,0.0,0.0,0.0,0.0
2,132535706,+,11,93899045,+,MESO,7965,TCGA-UT-A88D-01B,TCGA-UT-A88D-01B,1.0,0.0,0.0,0.0,0.0
2,166492035,+,2,167996272,-,MESO,7966,TCGA-UT-A88D-01B,TCGA-UT-A88D-01B,1.0,0.0,0.0,0.0,0.0
2,166510843,-,2,237426025,-,MESO,7967,TCGA-UT-A88D-01B,TCGA-UT-A88D-01B,1.0,0.0,0.0,0.0,0.0
2,166514491,+,2,225885249,+,MESO,7968,TCGA-UT-A88D-01B,TCGA-UT-A88D-01B,1.0,0.0,0.0,0.0,0.0
2,166516264,-,2,225110966,-,MESO,7969,TCGA-UT-A88D-01B,TCGA-UT-A88D-01B,1.0,0.0,0.0,0.0,0.0
2,167989166,+,2,167996006,+,MESO,7970,TCGA-UT-A88D-01B,TCGA-UT-A88D-01B,1.0,0.0,0.0,0.0,0.0
2,167992232,-,2,237158739,+,MESO,7971,TCGA-UT-A88D-01B,TCGA-UT-A88D-01B,1.0,0.0,0.0,0.0,0.0
2,196591955,+,2,196597742,-,MESO,7972,TCGA-UT-A88D-01B,TCGA-UT-A88D-01B,1.0,0.0,0.0,0.0,0.0
2,225103676,+,2,225887680,+,MESO,7973,TCGA-UT-A88D-01B,TCGA-UT-A88D-01B,1.0,0.0,0.0,0.0,0.0
2,225885420,-,2,228372438,+,MESO,7974,TCGA-UT-A88D-01B,TCGA-UT-A88D-01B,1.0,0.0,0.0,0.0,0.0
2,225931401,-,2,237158185,-,MESO,7975,TCGA-UT-A88D-01B,TCGA-UT-A88D-01B,1.0,0.0,0.0,0.0,0.0
2,228351297,+,2,229814486,-,MESO,7976,TCGA-UT-A88D-01B,TCGA-UT-A88D-01B,1.0,0.0,0.0,0.0,0.0
2,228370180,-,2,237157523,+,MESO,7977,TCGA-UT-A88D-01B,TCGA-UT-A88D-01B,1.0,0.0,0.0,0.0,0.0
20,23401140,-,22,32682069,+,MESO,7978,TCGA-UT-A88D-01B,TCGA-UT-A88D-01B,1.0,0.0,0.0,0.0,0.0
20,29050445,+,22,12286422,+,MESO,7979,TCGA-UT-A88D-01B,TCGA-UT-A88D-01B,1.0,0.0,0.0,0.0,0.0
22,15945462,-,22,15948066,+,MESO,7980,TCGA-UT-A88D-01B,TCGA-UT-A88D-01B,1.0,0.0,0.0,0.0,0.0
3,91018917,+,3,91108163,-,MESO,7981,TCGA-UT-A88D-01B,TCGA-UT-A88D-01B,1.0,0.0,0.0,0.0,0.0
3,91087547,+,3,91168270,-,MESO,7982,TCGA-UT-A88D-01B,TCGA-UT-A88D-01B,1.0,0.0,0.0,0.0,0.0
4,107668776,-,8,32407321,-,MESO,7983,TCGA-UT-A88D-01B,TCGA-UT-A88D-01B,1.0,0.0,0.0,0.0,0.0
5,45022894,+,5,45024967,-,MESO,7984,TCGA-UT-A88D-01B,TCGA-UT-A88D-01B,1.0,0.0,0.0,0.0,0.0
5,49668563,+,5,49677235,-,MESO,7985,TCGA-UT-A88D-01B,TCGA-UT-A88D-01B,1.0,0.0,0.0,0.0,0.0
5,49747942,+,5,49961559,-,MESO,7986,TCGA-UT-A88D-01B,TCGA-UT-A88D-01B,1.0,0.0,0.0,0.0,0.0
5,49834380,-,5,49962406,+,MESO,7987,TCGA-UT-A88D-01B,TCGA-UT-A88D-01B,1.0,0.0,0.0,0.0,0.0
5,49834723,+,5,49905214,-,MESO,7988,TCGA-UT-A88D-01B,TCGA-UT-A88D-01B,1.0,0.0,0.0,0.0,0.0
5,84956657,+,5,84958215,-,MESO,7989,TCGA-UT-A88D-01B,TCGA-UT-A88D-01B,1.0,0.0,0.0,0.0,0.0
6,79564054,+,6,79589091,-,MESO,7990,TCGA-UT-A88D-01B,TCGA-UT-A88D-01B,1.0,0.0,0.0,0.0,0.0
6,79600724,+,6,81993224,-,MESO,7991,TCGA-UT-A88D-01B,TCGA-UT-A88D-01B,1.0,0.0,0.0,0.0,0.0
6,107029257,-,13,20228587,+,MESO,7992,TCGA-UT-A88D-01B,TCGA-UT-A88D-01B,1.0,0.0,0.0,0.0,0.0
6,141773296,+,6,141777280,-,MESO,7993,TCGA-UT-A88D-01B,TCGA-UT-A88D-01B,1.0,0.0,0.0,0.0,0.0
7,38909352,+,7,38927604,-,MESO,7994,TCGA-UT-A88D-01B,TCGA-UT-A88D-01B,1.0,0.0,0.0,0.0,0.0
7,61430712,-,7,61449908,+,MESO,7995,TCGA-UT-A88D-01B,TCGA-UT-A88D-01B,1.0,0.0,0.0,0.0,0.0
7,62817061,-,11,54926239,+,MESO,7996,TCGA-UT-A88D-01B,TCGA-UT-A88D-01B,1.0,0.0,0.0,0.0,0.0
7,112677070,+,7,143015176,-,MESO,7997,TCGA-UT-A88D-01B,TCGA-UT-A88D-01B,1.0,0.0,0.0,0.0,0.0
7,112798865,+,7,142987832,+,MESO,7998,TCGA-UT-A88D-01B,TCGA-UT-A88D-01B,1.0,0.0,0.0,0.0,0.0
9,20015443,+,9,30183832,-,MESO,7999,TCGA-UT-A88D-01B,TCGA-UT-A88D-01B,1.0,0.0,0.0,0.0,0.0
9,21965659,+,10,102491654,+,MESO,8000,TCGA-UT-A88D-01B,TCGA-UT-A88D-01B,1.0,0.0,0.0,0.0,0.0
9,42701159,-,10,113070936,-,MESO,8001,TCGA-UT-A88D-01B,TCGA-UT-A88D-01B,1.0,0.0,0.0,0.0,0.0
9,95282096,+,24,13212804,+,MESO,8002,TCGA-UT-A88D-01B,TCGA-UT-A88D-01B,1.0,0.0,0.0,0.0,0.0
9,118076092,+,13,75338489,+,MESO,8003,TCGA-UT-A88D-01B,TCGA-UT-A88D-01B,1.0,0.0,0.0,0.0,0.0
9,118091003,-,13,74921159,+,MESO,8004,TCGA-UT-A88D-01B,TCGA-UT-A88D-01B,1.0,0.0,0.0,0.0,0.0
1,53999117,-,1,54041515,+,MESO,8005,TCGA-UT-A88G-01B,TCGA-UT-A88G-01B,1.0,0.0,0.0,0.0,0.0
1,54699113,+,15,88267746,+,MESO,8006,TCGA-UT-A88G-01B,TCGA-UT-A88G-01B,1.0,0.0,0.0,0.0,0.0
1,71578847,-,1,72215427,-,MESO,8007,TCGA-UT-A88G-01B,TCGA-UT-A88G-01B,1.0,0.0,0.0,0.0,0.0
1,71578848,-,1,71886897,+,MESO,8008,TCGA-UT-A88G-01B,TCGA-UT-A88G-01B,1.0,0.0,0.0,0.0,0.0
1,71579177,+,1,71588266,+,MESO,8009,TCGA-UT-A88G-01B,TCGA-UT-A88G-01B,1.0,0.0,0.0,0.0,0.0
1,71579177,+,1,72215127,-,MESO,8010,TCGA-UT-A88G-01B,TCGA-UT-A88G-01B,1.0,0.0,0.0,0.0,0.0
1,71587517,-,1,73149406,-,MESO,8011,TCGA-UT-A88G-01B,TCGA-UT-A88G-01B,1.0,0.0,0.0,0.0,0.0
1,71588220,+,1,71887984,-,MESO,8012,TCGA-UT-A88G-01B,TCGA-UT-A88G-01B,1.0,0.0,0.0,0.0,0.0
1,71588220,+,1,72215382,+,MESO,8013,TCGA-UT-A88G-01B,TCGA-UT-A88G-01B,1.0,0.0,0.0,0.0,0.0
1,71886897,+,1,72215610,+,MESO,8014,TCGA-UT-A88G-01B,TCGA-UT-A88G-01B,1.0,0.0,0.0,0.0,0.0
1,94103014,+,1,94104929,-,MESO,8015,TCGA-UT-A88G-01B,TCGA-UT-A88G-01B,1.0,0.0,0.0,0.0,0.0
1,187318298,-,1,187321456,+,MESO,8016,TCGA-UT-A88G-01B,TCGA-UT-A88G-01B,1.0,0.0,0.0,0.0,0.0
1,191863151,+,1,191865157,+,MESO,8017,TCGA-UT-A88G-01B,TCGA-UT-A88G-01B,1.0,0.0,0.0,0.0,0.0
1,191863477,-,1,191864986,-,MESO,8018,TCGA-UT-A88G-01B,TCGA-UT-A88G-01B,1.0,0.0,0.0,0.0,0.0
1,191868475,+,9,14273715,-,MESO,8019,TCGA-UT-A88G-01B,TCGA-UT-A88G-01B,1.0,0.0,0.0,0.0,0.0
1,191869017,-,9,14273929,+,MESO,8020,TCGA-UT-A88G-01B,TCGA-UT-A88G-01B,1.0,0.0,0.0,0.0,0.0
10,80208022,+,10,80213094,-,MESO,8021,TCGA-UT-A88G-01B,TCGA-UT-A88G-01B,1.0,0.0,0.0,0.0,0.0
11,54544299,+,11,55256480,+,MESO,8022,TCGA-UT-A88G-01B,TCGA-UT-A88G-01B,1.0,0.0,0.0,0.0,0.0
11,54723867,+,11,56194709,-,MESO,8023,TCGA-UT-A88G-01B,TCGA-UT-A88G-01B,1.0,0.0,0.0,0.0,0.0
11,54723915,-,11,56194573,-,MESO,8024,TCGA-UT-A88G-01B,TCGA-UT-A88G-01B,1.0,0.0,0.0,0.0,0.0
11,54724705,+,11,60052461,-,MESO,8025,TCGA-UT-A88G-01B,TCGA-UT-A88G-01B,1.0,0.0,0.0,0.0,0.0
11,54725544,-,11,56010410,-,MESO,8026,TCGA-UT-A88G-01B,TCGA-UT-A88G-01B,1.0,0.0,0.0,0.0,0.0
11,54991400,-,11,60712951,-,MESO,8027,TCGA-UT-A88G-01B,TCGA-UT-A88G-01B,1.0,0.0,0.0,0.0,0.0
11,55196017,+,11,64150826,+,MESO,8028,TCGA-UT-A88G-01B,TCGA-UT-A88G-01B,1.0,0.0,0.0,0.0,0.0
11,55228054,+,11,55229652,-,MESO,8029,TCGA-UT-A88G-01B,TCGA-UT-A88G-01B,1.0,0.0,0.0,0.0,0.0
11,55584815,+,11,55586915,-,MESO,8030,TCGA-UT-A88G-01B,TCGA-UT-A88G-01B,1.0,0.0,0.0,0.0,0.0
11,55587215,+,11,56010547,+,MESO,8031,TCGA-UT-A88G-01B,TCGA-UT-A88G-01B,1.0,0.0,0.0,0.0,0.0
11,55676685,-,11,59377198,+,MESO,8032,TCGA-UT-A88G-01B,TCGA-UT-A88G-01B,1.0,0.0,0.0,0.0,0.0
11,56008483,-,11,56070888,-,MESO,8033,TCGA-UT-A88G-01B,TCGA-UT-A88G-01B,1.0,0.0,0.0,0.0,0.0
11,56010413,+,11,60053008,-,MESO,8034,TCGA-UT-A88G-01B,TCGA-UT-A88G-01B,1.0,0.0,0.0,0.0,0.0
11,59418640,+,11,60044649,-,MESO,8035,TCGA-UT-A88G-01B,TCGA-UT-A88G-01B,1.0,0.0,0.0,0.0,0.0
11,60129079,+,11,60718792,+,MESO,8036,TCGA-UT-A88G-01B,TCGA-UT-A88G-01B,1.0,0.0,0.0,0.0,0.0
11,60162843,-,11,61192492,+,MESO,8037,TCGA-UT-A88G-01B,TCGA-UT-A88G-01B,1.0,0.0,0.0,0.0,0.0
12,34773703,+,12,34788317,-,MESO,8038,TCGA-UT-A88G-01B,TCGA-UT-A88G-01B,1.0,0.0,0.0,0.0,0.0
12,44553102,+,12,44665699,-,MESO,8039,TCGA-UT-A88G-01B,TCGA-UT-A88G-01B,1.0,0.0,0.0,0.0,0.0
12,68523603,-,12,68532774,+,MESO,8040,TCGA-UT-A88G-01B,TCGA-UT-A88G-01B,1.0,0.0,0.0,0.0,0.0
12,97081868,+,12,97082760,-,MESO,8041,TCGA-UT-A88G-01B,TCGA-UT-A88G-01B,1.0,0.0,0.0,0.0,0.0
13,35656482,-,13,35969272,-,MESO,8042,TCGA-UT-A88G-01B,TCGA-UT-A88G-01B,1.0,0.0,0.0,0.0,0.0
14,40007515,+,14,41196217,-,MESO,8043,TCGA-UT-A88G-01B,TCGA-UT-A88G-01B,1.0,0.0,0.0,0.0,0.0
14,40034857,-,14,40790087,-,MESO,8044,TCGA-UT-A88G-01B,TCGA-UT-A88G-01B,1.0,0.0,0.0,0.0,0.0
14,40199119,-,14,40223846,+,MESO,8045,TCGA-UT-A88G-01B,TCGA-UT-A88G-01B,1.0,0.0,0.0,0.0,0.0
14,40199263,-,14,41198525,-,MESO,8046,TCGA-UT-A88G-01B,TCGA-UT-A88G-01B,1.0,0.0,0.0,0.0,0.0
14,40199390,+,14,40237260,-,MESO,8047,TCGA-UT-A88G-01B,TCGA-UT-A88G-01B,1.0,0.0,0.0,0.0,0.0
14,40199524,+,14,40781550,-,MESO,8048,TCGA-UT-A88G-01B,TCGA-UT-A88G-01B,1.0,0.0,0.0,0.0,0.0
14,40199599,+,14,41198885,+,MESO,8049,TCGA-UT-A88G-01B,TCGA-UT-A88G-01B,1.0,0.0,0.0,0.0,0.0
14,40223453,-,14,40782211,+,MESO,8050,TCGA-UT-A88G-01B,TCGA-UT-A88G-01B,1.0,0.0,0.0,0.0,0.0
14,40223834,-,14,41197451,-,MESO,8051,TCGA-UT-A88G-01B,TCGA-UT-A88G-01B,1.0,0.0,0.0,0.0,0.0
14,40224011,+,14,41197453,+,MESO,8052,TCGA-UT-A88G-01B,TCGA-UT-A88G-01B,1.0,0.0,0.0,0.0,0.0
14,40781373,-,14,41198649,-,MESO,8053,TCGA-UT-A88G-01B,TCGA-UT-A88G-01B,1.0,0.0,0.0,0.0,0.0
14,40781468,+,14,41198899,+,MESO,8054,TCGA-UT-A88G-01B,TCGA-UT-A88G-01B,1.0,0.0,0.0,0.0,0.0
14,41195470,+,14,41198768,+,MESO,8055,TCGA-UT-A88G-01B,TCGA-UT-A88G-01B,1.0,0.0,0.0,0.0,0.0
14,102149197,+,14,102152737,-,MESO,8056,TCGA-UT-A88G-01B,TCGA-UT-A88G-01B,1.0,0.0,0.0,0.0,0.0
15,26559720,+,15,26563094,-,MESO,8057,TCGA-UT-A88G-01B,TCGA-UT-A88G-01B,1.0,0.0,0.0,0.0,0.0
15,56826596,-,15,56848838,+,MESO,8058,TCGA-UT-A88G-01B,TCGA-UT-A88G-01B,1.0,0.0,0.0,0.0,0.0
15,95131570,+,15,95133137,-,MESO,8059,TCGA-UT-A88G-01B,TCGA-UT-A88G-01B,1.0,0.0,0.0,0.0,0.0
16,6516507,+,16,6597180,-,MESO,8060,TCGA-UT-A88G-01B,TCGA-UT-A88G-01B,1.0,0.0,0.0,0.0,0.0
17,31944703,+,17,32018013,-,MESO,8061,TCGA-UT-A88G-01B,TCGA-UT-A88G-01B,1.0,0.0,0.0,0.0,0.0
18,8417779,-,18,24393435,+,MESO,8062,TCGA-UT-A88G-01B,TCGA-UT-A88G-01B,1.0,0.0,0.0,0.0,0.0
18,15481533,-,18,15536227,+,MESO,8063,TCGA-UT-A88G-01B,TCGA-UT-A88G-01B,1.0,0.0,0.0,0.0,0.0
18,15555928,+,18,15571266,-,MESO,8064,TCGA-UT-A88G-01B,TCGA-UT-A88G-01B,1.0,0.0,0.0,0.0,0.0
18,22749302,-,18,23138426,+,MESO,8065,TCGA-UT-A88G-01B,TCGA-UT-A88G-01B,1.0,0.0,0.0,0.0,0.0
18,22749635,+,18,23124356,-,MESO,8066,TCGA-UT-A88G-01B,TCGA-UT-A88G-01B,1.0,0.0,0.0,0.0,0.0
18,77393463,-,23,120355074,+,MESO,8067,TCGA-UT-A88G-01B,TCGA-UT-A88G-01B,1.0,0.0,0.0,0.0,0.0
19,28711149,-,19,28725708,+,MESO,8068,TCGA-UT-A88G-01B,TCGA-UT-A88G-01B,1.0,0.0,0.0,0.0,0.0
19,30317507,-,19,39037170,-,MESO,8069,TCGA-UT-A88G-01B,TCGA-UT-A88G-01B,1.0,0.0,0.0,0.0,0.0
19,30391490,+,19,30395518,+,MESO,8070,TCGA-UT-A88G-01B,TCGA-UT-A88G-01B,1.0,0.0,0.0,0.0,0.0
19,39605518,+,19,54183077,-,MESO,8071,TCGA-UT-A88G-01B,TCGA-UT-A88G-01B,1.0,0.0,0.0,0.0,0.0
2,18474538,-,5,140346762,-,MESO,8072,TCGA-UT-A88G-01B,TCGA-UT-A88G-01B,1.0,0.0,0.0,0.0,0.0
2,18556163,+,2,117110095,-,MESO,8073,TCGA-UT-A88G-01B,TCGA-UT-A88G-01B,1.0,0.0,0.0,0.0,0.0
2,33305080,-,2,114658933,+,MESO,8074,TCGA-UT-A88G-01B,TCGA-UT-A88G-01B,1.0,0.0,0.0,0.0,0.0
2,33306732,+,2,114662033,+,MESO,8075,TCGA-UT-A88G-01B,TCGA-UT-A88G-01B,1.0,0.0,0.0,0.0,0.0
2,111681205,+,2,111682005,-,MESO,8076,TCGA-UT-A88G-01B,TCGA-UT-A88G-01B,1.0,0.0,0.0,0.0,0.0
2,111687305,+,5,2145562,+,MESO,8077,TCGA-UT-A88G-01B,TCGA-UT-A88G-01B,1.0,0.0,0.0,0.0,0.0
2,111687398,-,5,2138254,-,MESO,8078,TCGA-UT-A88G-01B,TCGA-UT-A88G-01B,1.0,0.0,0.0,0.0,0.0
2,114650782,-,5,140368635,+,MESO,8079,TCGA-UT-A88G-01B,TCGA-UT-A88G-01B,1.0,0.0,0.0,0.0,0.0
2,114659178,-,5,140346504,+,MESO,8080,TCGA-UT-A88G-01B,TCGA-UT-A88G-01B,1.0,0.0,0.0,0.0,0.0
2,143227419,+,2,143228866,-,MESO,8081,TCGA-UT-A88G-01B,TCGA-UT-A88G-01B,1.0,0.0,0.0,0.0,0.0
2,197705067,+,2,207164858,-,MESO,8082,TCGA-UT-A88G-01B,TCGA-UT-A88G-01B,1.0,0.0,0.0,0.0,0.0
2,197705469,-,2,213681021,-,MESO,8083,TCGA-UT-A88G-01B,TCGA-UT-A88G-01B,1.0,0.0,0.0,0.0,0.0
2,203794500,-,7,114720120,+,MESO,8084,TCGA-UT-A88G-01B,TCGA-UT-A88G-01B,1.0,0.0,0.0,0.0,0.0
2,207164818,+,2,213678563,+,MESO,8085,TCGA-UT-A88G-01B,TCGA-UT-A88G-01B,1.0,0.0,0.0,0.0,0.0
2,213719884,+,2,213723472,-,MESO,8086,TCGA-UT-A88G-01B,TCGA-UT-A88G-01B,1.0,0.0,0.0,0.0,0.0
2,238218370,+,2,238246803,-,MESO,8087,TCGA-UT-A88G-01B,TCGA-UT-A88G-01B,1.0,0.0,0.0,0.0,0.0
20,12528283,+,20,12551617,-,MESO,8088,TCGA-UT-A88G-01B,TCGA-UT-A88G-01B,1.0,0.0,0.0,0.0,0.0
20,23466586,+,20,23776624,-,MESO,8089,TCGA-UT-A88G-01B,TCGA-UT-A88G-01B,1.0,0.0,0.0,0.0,0.0
21,34888706,+,21,34893708,-,MESO,8090,TCGA-UT-A88G-01B,TCGA-UT-A88G-01B,1.0,0.0,0.0,0.0,0.0
3,13954320,+,3,13959645,+,MESO,8091,TCGA-UT-A88G-01B,TCGA-UT-A88G-01B,1.0,0.0,0.0,0.0,0.0
3,90616650,+,6,61381502,+,MESO,8092,TCGA-UT-A88G-01B,TCGA-UT-A88G-01B,1.0,0.0,0.0,0.0,0.0
3,91037424,+,3,91192740,-,MESO,8093,TCGA-UT-A88G-01B,TCGA-UT-A88G-01B,1.0,0.0,0.0,0.0,0.0
3,120839280,+,3,120853253,-,MESO,8094,TCGA-UT-A88G-01B,TCGA-UT-A88G-01B,1.0,0.0,0.0,0.0,0.0
3,137629832,+,15,46225924,-,MESO,8095,TCGA-UT-A88G-01B,TCGA-UT-A88G-01B,1.0,0.0,0.0,0.0,0.0
3,137629855,-,15,46226376,+,MESO,8096,TCGA-UT-A88G-01B,TCGA-UT-A88G-01B,1.0,0.0,0.0,0.0,0.0
3,175262804,+,21,7972861,-,MESO,8097,TCGA-UT-A88G-01B,TCGA-UT-A88G-01B,1.0,0.0,0.0,0.0,0.0
3,176170979,+,13,17730184,+,MESO,8098,TCGA-UT-A88G-01B,TCGA-UT-A88G-01B,1.0,0.0,0.0,0.0,0.0
4,46148500,+,7,32567849,-,MESO,8099,TCGA-UT-A88G-01B,TCGA-UT-A88G-01B,1.0,0.0,0.0,0.0,0.0
4,46148533,-,7,32567835,+,MESO,8100,TCGA-UT-A88G-01B,TCGA-UT-A88G-01B,1.0,0.0,0.0,0.0,0.0
5,2138189,+,5,2145666,-,MESO,8101,TCGA-UT-A88G-01B,TCGA-UT-A88G-01B,1.0,0.0,0.0,0.0,0.0
5,97522742,+,5,97532568,-,MESO,8102,TCGA-UT-A88G-01B,TCGA-UT-A88G-01B,1.0,0.0,0.0,0.0,0.0
5,113606424,+,5,114210177,-,MESO,8103,TCGA-UT-A88G-01B,TCGA-UT-A88G-01B,1.0,0.0,0.0,0.0,0.0
5,133971062,-,15,40989116,+,MESO,8104,TCGA-UT-A88G-01B,TCGA-UT-A88G-01B,1.0,0.0,0.0,0.0,0.0
5,136335925,+,11,10633049,+,MESO,8105,TCGA-UT-A88G-01B,TCGA-UT-A88G-01B,1.0,0.0,0.0,0.0,0.0
5,161970661,+,5,161973568,-,MESO,8106,TCGA-UT-A88G-01B,TCGA-UT-A88G-01B,1.0,0.0,0.0,0.0,0.0
6,58086469,+,6,60838405,-,MESO,8107,TCGA-UT-A88G-01B,TCGA-UT-A88G-01B,1.0,0.0,0.0,0.0,0.0
6,105535293,+,6,105546905,-,MESO,8108,TCGA-UT-A88G-01B,TCGA-UT-A88G-01B,1.0,0.0,0.0,0.0,0.0
6,111389742,-,6,111437926,+,MESO,8109,TCGA-UT-A88G-01B,TCGA-UT-A88G-01B,1.0,0.0,0.0,0.0,0.0
7,57710944,-,20,30220328,+,MESO,8110,TCGA-UT-A88G-01B,TCGA-UT-A88G-01B,1.0,0.0,0.0,0.0,0.0
7,58323737,+,7,58578066,-,MESO,8111,TCGA-UT-A88G-01B,TCGA-UT-A88G-01B,1.0,0.0,0.0,0.0,0.0
7,127929983,-,7,140791563,+,MESO,8112,TCGA-UT-A88G-01B,TCGA-UT-A88G-01B,1.0,0.0,0.0,0.0,0.0
8,15952578,+,8,15964576,-,MESO,8113,TCGA-UT-A88G-01B,TCGA-UT-A88G-01B,1.0,0.0,0.0,0.0,0.0
8,43066822,+,8,43069905,-,MESO,8114,TCGA-UT-A88G-01B,TCGA-UT-A88G-01B,1.0,0.0,0.0,0.0,0.0
8,44984198,-,8,45059294,+,MESO,8115,TCGA-UT-A88G-01B,TCGA-UT-A88G-01B,1.0,0.0,0.0,0.0,0.0
8,94832100,+,8,94867368,-,MESO,8116,TCGA-UT-A88G-01B,TCGA-UT-A88G-01B,1.0,0.0,0.0,0.0,0.0
9,3436220,-,9,3447571,-,MESO,8117,TCGA-UT-A88G-01B,TCGA-UT-A88G-01B,1.0,0.0,0.0,0.0,0.0
9,3438868,+,9,11038497,-,MESO,8118,TCGA-UT-A88G-01B,TCGA-UT-A88G-01B,1.0,0.0,0.0,0.0,0.0
9,7096071,+,9,7096900,-,MESO,8119,TCGA-UT-A88G-01B,TCGA-UT-A88G-01B,1.0,0.0,0.0,0.0,0.0
9,14273677,+,9,14274031,-,MESO,8120,TCGA-UT-A88G-01B,TCGA-UT-A88G-01B,1.0,0.0,0.0,0.0,0.0
9,17120695,+,9,32051777,+,MESO,8121,TCGA-UT-A88G-01B,TCGA-UT-A88G-01B,1.0,0.0,0.0,0.0,0.0
9,20358938,+,13,35656483,-,MESO,8122,TCGA-UT-A88G-01B,TCGA-UT-A88G-01B,1.0,0.0,0.0,0.0,0.0
9,20358938,+,13,35969366,+,MESO,8123,TCGA-UT-A88G-01B,TCGA-UT-A88G-01B,1.0,0.0,0.0,0.0,0.0
9,20358938,+,9,20627812,-,MESO,8124,TCGA-UT-A88G-01B,TCGA-UT-A88G-01B,1.0,0.0,0.0,0.0,0.0
9,20584668,-,13,35655394,+,MESO,8125,TCGA-UT-A88G-01B,TCGA-UT-A88G-01B,1.0,0.0,0.0,0.0,0.0
9,20627636,+,9,41465385,+,MESO,8126,TCGA-UT-A88G-01B,TCGA-UT-A88G-01B,1.0,0.0,0.0,0.0,0.0
9,20627812,-,13,35656565,+,MESO,8127,TCGA-UT-A88G-01B,TCGA-UT-A88G-01B,1.0,0.0,0.0,0.0,0.0
9,20627812,-,13,35969273,-,MESO,8128,TCGA-UT-A88G-01B,TCGA-UT-A88G-01B,1.0,0.0,0.0,0.0,0.0
9,20628231,+,13,35655950,-,MESO,8129,TCGA-UT-A88G-01B,TCGA-UT-A88G-01B,1.0,0.0,0.0,0.0,0.0
9,20628710,+,13,35655139,-,MESO,8130,TCGA-UT-A88G-01B,TCGA-UT-A88G-01B,1.0,0.0,0.0,0.0,0.0
9,32048233,-,9,32148527,-,MESO,8131,TCGA-UT-A88G-01B,TCGA-UT-A88G-01B,1.0,0.0,0.0,0.0,0.0
23,84959127,-,23,85571949,-,MESO,8132,TCGA-UT-A88G-01B,TCGA-UT-A88G-01B,1.0,0.0,0.0,0.0,0.0
23,85074306,+,23,86355642,-,MESO,8133,TCGA-UT-A88G-01B,TCGA-UT-A88G-01B,1.0,0.0,0.0,0.0,0.0
23,85083226,-,23,86188298,+,MESO,8134,TCGA-UT-A88G-01B,TCGA-UT-A88G-01B,1.0,0.0,0.0,0.0,0.0
23,85083866,-,23,85571383,-,MESO,8135,TCGA-UT-A88G-01B,TCGA-UT-A88G-01B,1.0,0.0,0.0,0.0,0.0
23,85083878,+,23,85572277,+,MESO,8136,TCGA-UT-A88G-01B,TCGA-UT-A88G-01B,1.0,0.0,0.0,0.0,0.0
23,85571955,+,23,86359499,-,MESO,8137,TCGA-UT-A88G-01B,TCGA-UT-A88G-01B,1.0,0.0,0.0,0.0,0.0
23,85573868,+,23,86395003,+,MESO,8138,TCGA-UT-A88G-01B,TCGA-UT-A88G-01B,1.0,0.0,0.0,0.0,0.0
23,86359491,+,23,86395916,-,MESO,8139,TCGA-UT-A88G-01B,TCGA-UT-A88G-01B,1.0,0.0,0.0,0.0,0.0
23,131436629,+,23,131438006,-,MESO,8140,TCGA-UT-A88G-01B,TCGA-UT-A88G-01B,1.0,0.0,0.0,0.0,0.0
1,6016753,+,1,6194123,-,MESO,8141,TCGA-UT-A97Y-01A,TCGA-UT-A97Y-01A,1.0,0.0,0.0,0.0,0.0
1,10495452,+,5,152269235,-,MESO,8142,TCGA-UT-A97Y-01A,TCGA-UT-A97Y-01A,1.0,0.0,0.0,0.0,0.0
1,10495721,-,5,155814447,+,MESO,8143,TCGA-UT-A97Y-01A,TCGA-UT-A97Y-01A,1.0,0.0,0.0,0.0,0.0
1,71895155,-,1,72476073,+,MESO,8144,TCGA-UT-A97Y-01A,TCGA-UT-A97Y-01A,1.0,0.0,0.0,0.0,0.0
1,82537051,+,1,101926618,-,MESO,8145,TCGA-UT-A97Y-01A,TCGA-UT-A97Y-01A,1.0,0.0,0.0,0.0,0.0
1,83091325,-,1,104615745,+,MESO,8146,TCGA-UT-A97Y-01A,TCGA-UT-A97Y-01A,1.0,0.0,0.0,0.0,0.0
1,103524752,+,1,104331886,-,MESO,8147,TCGA-UT-A97Y-01A,TCGA-UT-A97Y-01A,1.0,0.0,0.0,0.0,0.0
1,104100143,-,1,105825203,-,MESO,8148,TCGA-UT-A97Y-01A,TCGA-UT-A97Y-01A,1.0,0.0,0.0,0.0,0.0
1,104100144,-,1,106075755,+,MESO,8149,TCGA-UT-A97Y-01A,TCGA-UT-A97Y-01A,1.0,0.0,0.0,0.0,0.0
1,104232307,-,1,119467838,-,MESO,8150,TCGA-UT-A97Y-01A,TCGA-UT-A97Y-01A,1.0,0.0,0.0,0.0,0.0
1,104233965,+,1,106075250,-,MESO,8151,TCGA-UT-A97Y-01A,TCGA-UT-A97Y-01A,1.0,0.0,0.0,0.0,0.0
1,105825297,+,1,106075755,+,MESO,8152,TCGA-UT-A97Y-01A,TCGA-UT-A97Y-01A,1.0,0.0,0.0,0.0,0.0
10,20511508,-,10,20519660,-,MESO,8153,TCGA-UT-A97Y-01A,TCGA-UT-A97Y-01A,1.0,0.0,0.0,0.0,0.0
10,21282444,+,10,23376373,-,MESO,8154,TCGA-UT-A97Y-01A,TCGA-UT-A97Y-01A,1.0,0.0,0.0,0.0,0.0
10,21333120,-,10,33819949,-,MESO,8155,TCGA-UT-A97Y-01A,TCGA-UT-A97Y-01A,1.0,0.0,0.0,0.0,0.0
10,21335362,+,10,36863510,+,MESO,8156,TCGA-UT-A97Y-01A,TCGA-UT-A97Y-01A,1.0,0.0,0.0,0.0,0.0
10,25625543,-,10,133200290,+,MESO,8157,TCGA-UT-A97Y-01A,TCGA-UT-A97Y-01A,1.0,0.0,0.0,0.0,0.0
10,27246383,+,10,132874201,-,MESO,8158,TCGA-UT-A97Y-01A,TCGA-UT-A97Y-01A,1.0,0.0,0.0,0.0,0.0
10,46878894,-,10,130251609,-,MESO,8159,TCGA-UT-A97Y-01A,TCGA-UT-A97Y-01A,1.0,0.0,0.0,0.0,0.0
10,48172978,+,10,130251608,-,MESO,8160,TCGA-UT-A97Y-01A,TCGA-UT-A97Y-01A,1.0,0.0,0.0,0.0,0.0
10,49002350,+,22,34588587,-,MESO,8161,TCGA-UT-A97Y-01A,TCGA-UT-A97Y-01A,1.0,0.0,0.0,0.0,0.0
10,49002834,-,10,128315284,+,MESO,8162,TCGA-UT-A97Y-01A,TCGA-UT-A97Y-01A,1.0,0.0,0.0,0.0,0.0
10,128310365,-,10,128960522,+,MESO,8163,TCGA-UT-A97Y-01A,TCGA-UT-A97Y-01A,1.0,0.0,0.0,0.0,0.0
10,128315300,-,22,34572774,+,MESO,8164,TCGA-UT-A97Y-01A,TCGA-UT-A97Y-01A,1.0,0.0,0.0,0.0,0.0
16,35749581,-,17,20840292,+,MESO,8165,TCGA-UT-A97Y-01A,TCGA-UT-A97Y-01A,1.0,0.0,0.0,0.0,0.0
16,35749581,-,17,22544127,+,MESO,8166,TCGA-UT-A97Y-01A,TCGA-UT-A97Y-01A,1.0,0.0,0.0,0.0,0.0
20,43095840,+,20,46111886,+,MESO,8167,TCGA-UT-A97Y-01A,TCGA-UT-A97Y-01A,1.0,0.0,0.0,0.0,0.0
3,157972161,-,5,18435571,+,MESO,8168,TCGA-UT-A97Y-01A,TCGA-UT-A97Y-01A,1.0,0.0,0.0,0.0,0.0
3,160701665,-,3,160720856,+,MESO,8169,TCGA-UT-A97Y-01A,TCGA-UT-A97Y-01A,1.0,0.0,0.0,0.0,0.0
5,152238795,+,5,155820543,-,MESO,8170,TCGA-UT-A97Y-01A,TCGA-UT-A97Y-01A,1.0,0.0,0.0,0.0,0.0
6,58086457,+,6,60838254,-,MESO,8171,TCGA-UT-A97Y-01A,TCGA-UT-A97Y-01A,1.0,0.0,0.0,0.0,0.0
6,115616386,-,6,116437489,+,MESO,8172,TCGA-UT-A97Y-01A,TCGA-UT-A97Y-01A,1.0,0.0,0.0,0.0,0.0
6,160661147,-,22,22110022,+,MESO,8173,TCGA-UT-A97Y-01A,TCGA-UT-A97Y-01A,1.0,0.0,0.0,0.0,0.0
6,163418514,+,9,84941705,-,MESO,8174,TCGA-UT-A97Y-01A,TCGA-UT-A97Y-01A,1.0,0.0,0.0,0.0,0.0
6,163418553,-,9,84941696,+,MESO,8175,TCGA-UT-A97Y-01A,TCGA-UT-A97Y-01A,1.0,0.0,0.0,0.0,0.0
6,165150334,+,6,165153847,-,MESO,8176,TCGA-UT-A97Y-01A,TCGA-UT-A97Y-01A,1.0,0.0,0.0,0.0,0.0
7,72233967,+,7,111253375,-,MESO,8177,TCGA-UT-A97Y-01A,TCGA-UT-A97Y-01A,1.0,0.0,0.0,0.0,0.0
7,72547755,-,12,97373621,+,MESO,8178,TCGA-UT-A97Y-01A,TCGA-UT-A97Y-01A,1.0,0.0,0.0,0.0,0.0
7,77675807,+,7,77920944,-,MESO,8179,TCGA-UT-A97Y-01A,TCGA-UT-A97Y-01A,1.0,0.0,0.0,0.0,0.0
7,109743557,+,12,97645756,-,MESO,8180,TCGA-UT-A97Y-01A,TCGA-UT-A97Y-01A,1.0,0.0,0.0,0.0,0.0
8,73391115,+,8,73393294,-,MESO,8181,TCGA-UT-A97Y-01A,TCGA-UT-A97Y-01A,1.0,0.0,0.0,0.0,0.0
8,143938847,-,8,143943085,+,MESO,8182,TCGA-UT-A97Y-01A,TCGA-UT-A97Y-01A,1.0,0.0,0.0,0.0,0.0
9,533132,+,9,2675093,-,MESO,8183,TCGA-UT-A97Y-01A,TCGA-UT-A97Y-01A,1.0,0.0,0.0,0.0,0.0
9,542119,-,9,26003698,+,MESO,8184,TCGA-UT-A97Y-01A,TCGA-UT-A97Y-01A,1.0,0.0,0.0,0.0,0.0
9,2659872,+,9,133251568,-,MESO,8185,TCGA-UT-A97Y-01A,TCGA-UT-A97Y-01A,1.0,0.0,0.0,0.0,0.0
9,2670557,-,9,26063009,-,MESO,8186,TCGA-UT-A97Y-01A,TCGA-UT-A97Y-01A,1.0,0.0,0.0,0.0,0.0
9,2674999,+,9,24396462,+,MESO,8187,TCGA-UT-A97Y-01A,TCGA-UT-A97Y-01A,1.0,0.0,0.0,0.0,0.0
9,4987695,-,12,12439599,+,MESO,8188,TCGA-UT-A97Y-01A,TCGA-UT-A97Y-01A,1.0,0.0,0.0,0.0,0.0
9,5252348,+,9,133291700,+,MESO,8189,TCGA-UT-A97Y-01A,TCGA-UT-A97Y-01A,1.0,0.0,0.0,0.0,0.0
9,21117510,+,9,27590799,-,MESO,8190,TCGA-UT-A97Y-01A,TCGA-UT-A97Y-01A,1.0,0.0,0.0,0.0,0.0
9,24127385,-,9,24127474,-,MESO,8191,TCGA-UT-A97Y-01A,TCGA-UT-A97Y-01A,1.0,0.0,0.0,0.0,0.0
9,24362845,+,9,133241981,+,MESO,8192,TCGA-UT-A97Y-01A,TCGA-UT-A97Y-01A,1.0,0.0,0.0,0.0,0.0
9,133135930,+,9,133291726,-,MESO,8193,TCGA-UT-A97Y-01A,TCGA-UT-A97Y-01A,1.0,0.0,0.0,0.0,0.0
9,133149986,-,15,44497746,-,MESO,8194,TCGA-UT-A97Y-01A,TCGA-UT-A97Y-01A,1.0,0.0,0.0,0.0,0.0
23,88442767,-,23,88494756,+,MESO,8195,TCGA-UT-A97Y-01A,TCGA-UT-A97Y-01A,1.0,0.0,0.0,0.0,0.0
1,19637230,+,1,19643094,-,MESO,8196,TCGA-YS-A95B-01A,TCGA-YS-A95B-01A,1.0,0.0,0.0,0.0,0.0
1,29418842,+,5,95738877,+,MESO,8197,TCGA-YS-A95B-01A,TCGA-YS-A95B-01A,1.0,0.0,0.0,0.0,0.0
1,81367994,+,23,103299568,+,MESO,8198,TCGA-YS-A95B-01A,TCGA-YS-A95B-01A,1.0,0.0,0.0,0.0,0.0
1,154994540,-,1,155015519,+,MESO,8199,TCGA-YS-A95B-01A,TCGA-YS-A95B-01A,1.0,0.0,0.0,0.0,0.0
1,210911959,+,1,211040284,-,MESO,8200,TCGA-YS-A95B-01A,TCGA-YS-A95B-01A,1.0,0.0,0.0,0.0,0.0
10,52793133,+,10,52795145,-,MESO,8201,TCGA-YS-A95B-01A,TCGA-YS-A95B-01A,1.0,0.0,0.0,0.0,0.0
10,81769866,-,10,81872604,+,MESO,8202,TCGA-YS-A95B-01A,TCGA-YS-A95B-01A,1.0,0.0,0.0,0.0,0.0
11,489582,+,11,497905,-,MESO,8203,TCGA-YS-A95B-01A,TCGA-YS-A95B-01A,1.0,0.0,0.0,0.0,0.0
11,54353392,-,11,54407681,+,MESO,8204,TCGA-YS-A95B-01A,TCGA-YS-A95B-01A,1.0,0.0,0.0,0.0,0.0
11,59471757,+,15,86003130,-,MESO,8205,TCGA-YS-A95B-01A,TCGA-YS-A95B-01A,1.0,0.0,0.0,0.0,0.0
11,59810608,-,11,92478093,+,MESO,8206,TCGA-YS-A95B-01A,TCGA-YS-A95B-01A,1.0,0.0,0.0,0.0,0.0
11,60254155,+,15,87915028,-,MESO,8207,TCGA-YS-A95B-01A,TCGA-YS-A95B-01A,1.0,0.0,0.0,0.0,0.0
11,60255607,+,11,91095239,-,MESO,8208,TCGA-YS-A95B-01A,TCGA-YS-A95B-01A,1.0,0.0,0.0,0.0,0.0
11,77787082,+,11,77796732,-,MESO,8209,TCGA-YS-A95B-01A,TCGA-YS-A95B-01A,1.0,0.0,0.0,0.0,0.0
11,88593554,+,15,87916827,-,MESO,8210,TCGA-YS-A95B-01A,TCGA-YS-A95B-01A,1.0,0.0,0.0,0.0,0.0
11,90380526,+,15,98490747,+,MESO,8211,TCGA-YS-A95B-01A,TCGA-YS-A95B-01A,1.0,0.0,0.0,0.0,0.0
11,90503414,+,11,90533525,-,MESO,8212,TCGA-YS-A95B-01A,TCGA-YS-A95B-01A,1.0,0.0,0.0,0.0,0.0
11,120866254,+,11,120890043,-,MESO,8213,TCGA-YS-A95B-01A,TCGA-YS-A95B-01A,1.0,0.0,0.0,0.0,0.0
11,134072790,+,11,134077934,-,MESO,8214,TCGA-YS-A95B-01A,TCGA-YS-A95B-01A,1.0,0.0,0.0,0.0,0.0
12,24382107,+,12,24527596,-,MESO,8215,TCGA-YS-A95B-01A,TCGA-YS-A95B-01A,1.0,0.0,0.0,0.0,0.0
13,56562445,+,13,56567681,-,MESO,8216,TCGA-YS-A95B-01A,TCGA-YS-A95B-01A,1.0,0.0,0.0,0.0,0.0
13,94206478,+,13,94355359,-,MESO,8217,TCGA-YS-A95B-01A,TCGA-YS-A95B-01A,1.0,0.0,0.0,0.0,0.0
14,103770232,+,14,103837471,-,MESO,8218,TCGA-YS-A95B-01A,TCGA-YS-A95B-01A,1.0,0.0,0.0,0.0,0.0
15,23565329,+,15,23623445,-,MESO,8219,TCGA-YS-A95B-01A,TCGA-YS-A95B-01A,1.0,0.0,0.0,0.0,0.0
15,34093453,+,15,87916780,+,MESO,8220,TCGA-YS-A95B-01A,TCGA-YS-A95B-01A,1.0,0.0,0.0,0.0,0.0
15,46210591,+,15,46224679,-,MESO,8221,TCGA-YS-A95B-01A,TCGA-YS-A95B-01A,1.0,0.0,0.0,0.0,0.0
15,46377525,+,15,46404022,-,MESO,8222,TCGA-YS-A95B-01A,TCGA-YS-A95B-01A,1.0,0.0,0.0,0.0,0.0
15,48648011,-,15,87479758,+,MESO,8223,TCGA-YS-A95B-01A,TCGA-YS-A95B-01A,1.0,0.0,0.0,0.0,0.0
15,85887768,+,15,88467493,+,MESO,8224,TCGA-YS-A95B-01A,TCGA-YS-A95B-01A,1.0,0.0,0.0,0.0,0.0
15,91096662,-,15,98846563,-,MESO,8225,TCGA-YS-A95B-01A,TCGA-YS-A95B-01A,1.0,0.0,0.0,0.0,0.0
16,6376811,+,16,6514644,-,MESO,8226,TCGA-YS-A95B-01A,TCGA-YS-A95B-01A,1.0,0.0,0.0,0.0,0.0
16,6473751,+,16,6967510,-,MESO,8227,TCGA-YS-A95B-01A,TCGA-YS-A95B-01A,1.0,0.0,0.0,0.0,0.0
16,6533973,+,16,6899841,-,MESO,8228,TCGA-YS-A95B-01A,TCGA-YS-A95B-01A,1.0,0.0,0.0,0.0,0.0
16,6683113,+,16,6784322,-,MESO,8229,TCGA-YS-A95B-01A,TCGA-YS-A95B-01A,1.0,0.0,0.0,0.0,0.0
16,6943560,+,16,7036203,-,MESO,8230,TCGA-YS-A95B-01A,TCGA-YS-A95B-01A,1.0,0.0,0.0,0.0,0.0
16,7000602,-,16,7012726,+,MESO,8231,TCGA-YS-A95B-01A,TCGA-YS-A95B-01A,1.0,0.0,0.0,0.0,0.0
16,60178489,+,16,60255052,-,MESO,8232,TCGA-YS-A95B-01A,TCGA-YS-A95B-01A,1.0,0.0,0.0,0.0,0.0
17,14021819,+,17,14063220,-,MESO,8233,TCGA-YS-A95B-01A,TCGA-YS-A95B-01A,1.0,0.0,0.0,0.0,0.0
17,57997754,+,17,58017085,-,MESO,8234,TCGA-YS-A95B-01A,TCGA-YS-A95B-01A,1.0,0.0,0.0,0.0,0.0
17,66349179,+,17,66425821,-,MESO,8235,TCGA-YS-A95B-01A,TCGA-YS-A95B-01A,1.0,0.0,0.0,0.0,0.0
18,15484841,+,18,15670581,-,MESO,8236,TCGA-YS-A95B-01A,TCGA-YS-A95B-01A,1.0,0.0,0.0,0.0,0.0
18,15561563,+,18,15682343,-,MESO,8237,TCGA-YS-A95B-01A,TCGA-YS-A95B-01A,1.0,0.0,0.0,0.0,0.0
18,15754804,-,18,15785372,+,MESO,8238,TCGA-YS-A95B-01A,TCGA-YS-A95B-01A,1.0,0.0,0.0,0.0,0.0
18,20711500,-,18,20721320,+,MESO,8239,TCGA-YS-A95B-01A,TCGA-YS-A95B-01A,1.0,0.0,0.0,0.0,0.0
2,25802575,+,2,25862457,-,MESO,8240,TCGA-YS-A95B-01A,TCGA-YS-A95B-01A,1.0,0.0,0.0,0.0,0.0
2,65869100,+,2,65869769,-,MESO,8241,TCGA-YS-A95B-01A,TCGA-YS-A95B-01A,1.0,0.0,0.0,0.0,0.0
2,74555255,+,2,74697422,-,MESO,8242,TCGA-YS-A95B-01A,TCGA-YS-A95B-01A,1.0,0.0,0.0,0.0,0.0
2,95838441,+,2,97494288,-,MESO,8243,TCGA-YS-A95B-01A,TCGA-YS-A95B-01A,1.0,0.0,0.0,0.0,0.0
2,115661720,-,2,115685757,+,MESO,8244,TCGA-YS-A95B-01A,TCGA-YS-A95B-01A,1.0,0.0,0.0,0.0,0.0
2,200391757,+,2,200515262,-,MESO,8245,TCGA-YS-A95B-01A,TCGA-YS-A95B-01A,1.0,0.0,0.0,0.0,0.0
2,232127717,+,2,232270566,-,MESO,8246,TCGA-YS-A95B-01A,TCGA-YS-A95B-01A,1.0,0.0,0.0,0.0,0.0
20,26259995,-,20,30185136,-,MESO,8247,TCGA-YS-A95B-01A,TCGA-YS-A95B-01A,1.0,0.0,0.0,0.0,0.0
20,28695346,-,20,28720187,+,MESO,8248,TCGA-YS-A95B-01A,TCGA-YS-A95B-01A,1.0,0.0,0.0,0.0,0.0
20,45282971,+,20,45311358,-,MESO,8249,TCGA-YS-A95B-01A,TCGA-YS-A95B-01A,1.0,0.0,0.0,0.0,0.0
22,29646548,+,22,29690271,-,MESO,8250,TCGA-YS-A95B-01A,TCGA-YS-A95B-01A,1.0,0.0,0.0,0.0,0.0
3,59992839,-,3,60010047,+,MESO,8251,TCGA-YS-A95B-01A,TCGA-YS-A95B-01A,1.0,0.0,0.0,0.0,0.0
3,66218742,+,3,66291600,-,MESO,8252,TCGA-YS-A95B-01A,TCGA-YS-A95B-01A,1.0,0.0,0.0,0.0,0.0
3,91042677,-,3,91223779,+,MESO,8253,TCGA-YS-A95B-01A,TCGA-YS-A95B-01A,1.0,0.0,0.0,0.0,0.0
3,91115282,-,3,91184908,+,MESO,8254,TCGA-YS-A95B-01A,TCGA-YS-A95B-01A,1.0,0.0,0.0,0.0,0.0
3,116014678,+,3,116797517,-,MESO,8255,TCGA-YS-A95B-01A,TCGA-YS-A95B-01A,1.0,0.0,0.0,0.0,0.0
4,1816868,+,4,1852441,-,MESO,8256,TCGA-YS-A95B-01A,TCGA-YS-A95B-01A,1.0,0.0,0.0,0.0,0.0
4,90738167,+,4,90810743,-,MESO,8257,TCGA-YS-A95B-01A,TCGA-YS-A95B-01A,1.0,0.0,0.0,0.0,0.0
4,106020306,+,4,106084943,-,MESO,8258,TCGA-YS-A95B-01A,TCGA-YS-A95B-01A,1.0,0.0,0.0,0.0,0.0
4,144367863,-,9,25120865,-,MESO,8259,TCGA-YS-A95B-01A,TCGA-YS-A95B-01A,1.0,0.0,0.0,0.0,0.0
4,152286622,+,4,152573599,-,MESO,8260,TCGA-YS-A95B-01A,TCGA-YS-A95B-01A,1.0,0.0,0.0,0.0,0.0
5,107251859,+,5,107688805,-,MESO,8261,TCGA-YS-A95B-01A,TCGA-YS-A95B-01A,1.0,0.0,0.0,0.0,0.0
6,59305565,-,6,59583328,+,MESO,8262,TCGA-YS-A95B-01A,TCGA-YS-A95B-01A,1.0,0.0,0.0,0.0,0.0
6,122467326,-,6,122475512,+,MESO,8263,TCGA-YS-A95B-01A,TCGA-YS-A95B-01A,1.0,0.0,0.0,0.0,0.0
6,135247978,-,6,135256607,+,MESO,8264,TCGA-YS-A95B-01A,TCGA-YS-A95B-01A,1.0,0.0,0.0,0.0,0.0
6,135893131,+,6,136112994,-,MESO,8265,TCGA-YS-A95B-01A,TCGA-YS-A95B-01A,1.0,0.0,0.0,0.0,0.0
6,155176469,-,6,155178853,+,MESO,8266,TCGA-YS-A95B-01A,TCGA-YS-A95B-01A,1.0,0.0,0.0,0.0,0.0
6,156832503,+,6,157226491,-,MESO,8267,TCGA-YS-A95B-01A,TCGA-YS-A95B-01A,1.0,0.0,0.0,0.0,0.0
6,159980237,+,17,20051184,+,MESO,8268,TCGA-YS-A95B-01A,TCGA-YS-A95B-01A,1.0,0.0,0.0,0.0,0.0
7,31542729,+,7,31544956,-,MESO,8269,TCGA-YS-A95B-01A,TCGA-YS-A95B-01A,1.0,0.0,0.0,0.0,0.0
7,31565293,+,7,31567088,-,MESO,8270,TCGA-YS-A95B-01A,TCGA-YS-A95B-01A,1.0,0.0,0.0,0.0,0.0
7,33162450,+,7,34161914,-,MESO,8271,TCGA-YS-A95B-01A,TCGA-YS-A95B-01A,1.0,0.0,0.0,0.0,0.0
7,61822345,+,7,62234864,-,MESO,8272,TCGA-YS-A95B-01A,TCGA-YS-A95B-01A,1.0,0.0,0.0,0.0,0.0
7,66994421,+,7,72830720,+,MESO,8273,TCGA-YS-A95B-01A,TCGA-YS-A95B-01A,1.0,0.0,0.0,0.0,0.0
7,70097190,+,7,70331439,-,MESO,8274,TCGA-YS-A95B-01A,TCGA-YS-A95B-01A,1.0,0.0,0.0,0.0,0.0
7,135130654,-,7,135132178,+,MESO,8275,TCGA-YS-A95B-01A,TCGA-YS-A95B-01A,1.0,0.0,0.0,0.0,0.0
8,9116076,-,8,9126114,+,MESO,8276,TCGA-YS-A95B-01A,TCGA-YS-A95B-01A,1.0,0.0,0.0,0.0,0.0
8,18625697,+,8,18830043,-,MESO,8277,TCGA-YS-A95B-01A,TCGA-YS-A95B-01A,1.0,0.0,0.0,0.0,0.0
8,112251381,+,8,112592605,-,MESO,8278,TCGA-YS-A95B-01A,TCGA-YS-A95B-01A,1.0,0.0,0.0,0.0,0.0
8,113272559,+,8,113376237,-,MESO,8279,TCGA-YS-A95B-01A,TCGA-YS-A95B-01A,1.0,0.0,0.0,0.0,0.0
9,21804159,+,9,22043899,-,MESO,8280,TCGA-YS-A95B-01A,TCGA-YS-A95B-01A,1.0,0.0,0.0,0.0,0.0
9,21959661,+,9,22038840,-,MESO,8281,TCGA-YS-A95B-01A,TCGA-YS-A95B-01A,1.0,0.0,0.0,0.0,0.0
9,22315088,-,15,46376940,-,MESO,8282,TCGA-YS-A95B-01A,TCGA-YS-A95B-01A,1.0,0.0,0.0,0.0,0.0
9,22338709,+,9,22451747,+,MESO,8283,TCGA-YS-A95B-01A,TCGA-YS-A95B-01A,1.0,0.0,0.0,0.0,0.0
9,22486724,-,15,46376957,+,MESO,8284,TCGA-YS-A95B-01A,TCGA-YS-A95B-01A,1.0,0.0,0.0,0.0,0.0
9,44805192,-,9,45072180,+,MESO,8285,TCGA-YS-A95B-01A,TCGA-YS-A95B-01A,1.0,0.0,0.0,0.0,0.0
23,6351236,+,23,6368960,-,MESO,8286,TCGA-YS-A95B-01A,TCGA-YS-A95B-01A,1.0,0.0,0.0,0.0,0.0
23,31263751,+,23,31417151,-,MESO,8287,TCGA-YS-A95B-01A,TCGA-YS-A95B-01A,1.0,0.0,0.0,0.0,0.0
23,35451003,+,23,35471199,-,MESO,8288,TCGA-YS-A95B-01A,TCGA-YS-A95B-01A,1.0,0.0,0.0,0.0,0.0
23,72996075,+,23,73086958,+,MESO,8289,TCGA-YS-A95B-01A,TCGA-YS-A95B-01A,1.0,0.0,0.0,0.0,0.0
23,85088957,+,23,85101972,-,MESO,8290,TCGA-YS-A95B-01A,TCGA-YS-A95B-01A,1.0,0.0,0.0,0.0,0.0
1,11830795,+,7,116725925,-,MESO,8291,TCGA-YS-A95C-01A,TCGA-YS-A95C-01A,1.0,0.0,0.0,0.0,0.0
1,57371591,-,1,72466032,+,MESO,8292,TCGA-YS-A95C-01A,TCGA-YS-A95C-01A,1.0,0.0,0.0,0.0,0.0
1,57570117,+,14,99555154,-,MESO,8293,TCGA-YS-A95C-01A,TCGA-YS-A95C-01A,1.0,0.0,0.0,0.0,0.0
1,60121901,-,24,5098211,-,MESO,8294,TCGA-YS-A95C-01A,TCGA-YS-A95C-01A,1.0,0.0,0.0,0.0,0.0
1,72466060,-,24,4765087,+,MESO,8295,TCGA-YS-A95C-01A,TCGA-YS-A95C-01A,1.0,0.0,0.0,0.0,0.0
10,73246647,+,10,73248977,-,MESO,8296,TCGA-YS-A95C-01A,TCGA-YS-A95C-01A,1.0,0.0,0.0,0.0,0.0
11,15997959,+,11,16545265,-,MESO,8297,TCGA-YS-A95C-01A,TCGA-YS-A95C-01A,1.0,0.0,0.0,0.0,0.0
12,38642497,-,14,36025938,-,MESO,8298,TCGA-YS-A95C-01A,TCGA-YS-A95C-01A,1.0,0.0,0.0,0.0,0.0
14,67935955,+,14,68656221,-,MESO,8299,TCGA-YS-A95C-01A,TCGA-YS-A95C-01A,1.0,0.0,0.0,0.0,0.0
16,6402575,+,16,6561278,-,MESO,8300,TCGA-YS-A95C-01A,TCGA-YS-A95C-01A,1.0,0.0,0.0,0.0,0.0
16,6743108,+,16,6746536,-,MESO,8301,TCGA-YS-A95C-01A,TCGA-YS-A95C-01A,1.0,0.0,0.0,0.0,0.0
16,51503204,+,16,51600927,+,MESO,8302,TCGA-YS-A95C-01A,TCGA-YS-A95C-01A,1.0,0.0,0.0,0.0,0.0
16,51560662,+,24,5191685,-,MESO,8303,TCGA-YS-A95C-01A,TCGA-YS-A95C-01A,1.0,0.0,0.0,0.0,0.0
16,65547942,+,16,79334886,+,MESO,8304,TCGA-YS-A95C-01A,TCGA-YS-A95C-01A,1.0,0.0,0.0,0.0,0.0
17,23031557,+,17,23081450,-,MESO,8305,TCGA-YS-A95C-01A,TCGA-YS-A95C-01A,1.0,0.0,0.0,0.0,0.0
17,23100068,+,17,23172650,-,MESO,8306,TCGA-YS-A95C-01A,TCGA-YS-A95C-01A,1.0,0.0,0.0,0.0,0.0
18,15601506,-,18,15755835,+,MESO,8307,TCGA-YS-A95C-01A,TCGA-YS-A95C-01A,1.0,0.0,0.0,0.0,0.0
18,15802950,-,18,17784789,+,MESO,8308,TCGA-YS-A95C-01A,TCGA-YS-A95C-01A,1.0,0.0,0.0,0.0,0.0
18,44972917,+,18,44973549,-,MESO,8309,TCGA-YS-A95C-01A,TCGA-YS-A95C-01A,1.0,0.0,0.0,0.0,0.0
19,1136006,+,19,1208020,-,MESO,8310,TCGA-YS-A95C-01A,TCGA-YS-A95C-01A,1.0,0.0,0.0,0.0,0.0
2,43167163,+,18,39733976,-,MESO,8311,TCGA-YS-A95C-01A,TCGA-YS-A95C-01A,1.0,0.0,0.0,0.0,0.0
2,92408149,+,2,93343979,-,MESO,8312,TCGA-YS-A95C-01A,TCGA-YS-A95C-01A,1.0,0.0,0.0,0.0,0.0
20,26481780,-,20,26578764,+,MESO,8313,TCGA-YS-A95C-01A,TCGA-YS-A95C-01A,1.0,0.0,0.0,0.0,0.0
20,26545074,-,20,26577222,+,MESO,8314,TCGA-YS-A95C-01A,TCGA-YS-A95C-01A,1.0,0.0,0.0,0.0,0.0
20,29318086,+,20,29450027,+,MESO,8315,TCGA-YS-A95C-01A,TCGA-YS-A95C-01A,1.0,0.0,0.0,0.0,0.0
3,2797450,+,3,2838002,-,MESO,8316,TCGA-YS-A95C-01A,TCGA-YS-A95C-01A,1.0,0.0,0.0,0.0,0.0
3,36170872,+,3,36192990,-,MESO,8317,TCGA-YS-A95C-01A,TCGA-YS-A95C-01A,1.0,0.0,0.0,0.0,0.0
3,41243188,+,3,50859613,-,MESO,8318,TCGA-YS-A95C-01A,TCGA-YS-A95C-01A,1.0,0.0,0.0,0.0,0.0
5,47256184,-,19,24908188,+,MESO,8319,TCGA-YS-A95C-01A,TCGA-YS-A95C-01A,1.0,0.0,0.0,0.0,0.0
6,124843657,-,6,124864492,+,MESO,8320,TCGA-YS-A95C-01A,TCGA-YS-A95C-01A,1.0,0.0,0.0,0.0,0.0
7,61256457,-,7,61489782,+,MESO,8321,TCGA-YS-A95C-01A,TCGA-YS-A95C-01A,1.0,0.0,0.0,0.0,0.0
7,140842084,+,7,140842615,-,MESO,8322,TCGA-YS-A95C-01A,TCGA-YS-A95C-01A,1.0,0.0,0.0,0.0,0.0
9,42345291,+,9,66785056,+,MESO,8323,TCGA-YS-A95C-01A,TCGA-YS-A95C-01A,1.0,0.0,0.0,0.0,0.0
9,138155867,+,18,68092,+,MESO,8324,TCGA-YS-A95C-01A,TCGA-YS-A95C-01A,1.0,0.0,0.0,0.0,0.0
24,5225378,+,24,7043305,+,MESO,8325,TCGA-YS-A95C-01A,TCGA-YS-A95C-01A,1.0,0.0,0.0,0.0,0.0
24,5354314,+,24,7043337,-,MESO,8326,TCGA-YS-A95C-01A,TCGA-YS-A95C-01A,1.0,0.0,0.0,0.0,0.0
24,7025882,+,24,7033941,-,MESO,8327,TCGA-YS-A95C-01A,TCGA-YS-A95C-01A,1.0,0.0,0.0,0.0,0.0
1,143911255,-,1,157972813,+,MESO,8328,TCGA-YS-AA4M-01A,TCGA-YS-AA4M-01A,1.0,0.0,0.0,0.0,0.0
1,147315552,+,1,147319033,-,MESO,8329,TCGA-YS-AA4M-01A,TCGA-YS-AA4M-01A,1.0,0.0,0.0,0.0,0.0
1,157712483,+,1,157979103,+,MESO,8330,TCGA-YS-AA4M-01A,TCGA-YS-AA4M-01A,1.0,0.0,0.0,0.0,0.0
1,157972255,-,1,192116199,-,MESO,8331,TCGA-YS-AA4M-01A,TCGA-YS-AA4M-01A,1.0,0.0,0.0,0.0,0.0
1,192125139,+,1,192264947,-,MESO,8332,TCGA-YS-AA4M-01A,TCGA-YS-AA4M-01A,1.0,0.0,0.0,0.0,0.0
1,198323946,+,1,198329383,-,MESO,8333,TCGA-YS-AA4M-01A,TCGA-YS-AA4M-01A,1.0,0.0,0.0,0.0,0.0
10,24125506,+,10,24128078,-,MESO,8334,TCGA-YS-AA4M-01A,TCGA-YS-AA4M-01A,1.0,0.0,0.0,0.0,0.0
10,28603989,-,23,44693294,+,MESO,8335,TCGA-YS-AA4M-01A,TCGA-YS-AA4M-01A,1.0,0.0,0.0,0.0,0.0
10,84147068,+,10,84159803,-,MESO,8336,TCGA-YS-AA4M-01A,TCGA-YS-AA4M-01A,1.0,0.0,0.0,0.0,0.0
11,54371687,+,11,54420807,-,MESO,8337,TCGA-YS-AA4M-01A,TCGA-YS-AA4M-01A,1.0,0.0,0.0,0.0,0.0
11,55517257,+,11,55532781,-,MESO,8338,TCGA-YS-AA4M-01A,TCGA-YS-AA4M-01A,1.0,0.0,0.0,0.0,0.0
11,67921993,-,11,71900120,+,MESO,8339,TCGA-YS-AA4M-01A,TCGA-YS-AA4M-01A,1.0,0.0,0.0,0.0,0.0
11,119916854,+,11,119918400,+,MESO,8340,TCGA-YS-AA4M-01A,TCGA-YS-AA4M-01A,1.0,0.0,0.0,0.0,0.0
11,119917076,-,11,119919111,-,MESO,8341,TCGA-YS-AA4M-01A,TCGA-YS-AA4M-01A,1.0,0.0,0.0,0.0,0.0
12,35841818,-,12,36833454,+,MESO,8342,TCGA-YS-AA4M-01A,TCGA-YS-AA4M-01A,1.0,0.0,0.0,0.0,0.0
12,36637198,+,12,37062393,-,MESO,8343,TCGA-YS-AA4M-01A,TCGA-YS-AA4M-01A,1.0,0.0,0.0,0.0,0.0
12,103966060,+,12,103979832,-,MESO,8344,TCGA-YS-AA4M-01A,TCGA-YS-AA4M-01A,1.0,0.0,0.0,0.0,0.0
16,52675170,-,16,54448779,+,MESO,8345,TCGA-YS-AA4M-01A,TCGA-YS-AA4M-01A,1.0,0.0,0.0,0.0,0.0
16,56762892,-,16,89639367,-,MESO,8346,TCGA-YS-AA4M-01A,TCGA-YS-AA4M-01A,1.0,0.0,0.0,0.0,0.0
16,57183195,-,16,89927885,+,MESO,8347,TCGA-YS-AA4M-01A,TCGA-YS-AA4M-01A,1.0,0.0,0.0,0.0,0.0
16,57352189,+,16,70349910,-,MESO,8348,TCGA-YS-AA4M-01A,TCGA-YS-AA4M-01A,1.0,0.0,0.0,0.0,0.0
16,57915145,+,16,84676870,+,MESO,8349,TCGA-YS-AA4M-01A,TCGA-YS-AA4M-01A,1.0,0.0,0.0,0.0,0.0
16,57997981,-,16,65734521,-,MESO,8350,TCGA-YS-AA4M-01A,TCGA-YS-AA4M-01A,1.0,0.0,0.0,0.0,0.0
16,64300355,-,16,67853016,+,MESO,8351,TCGA-YS-AA4M-01A,TCGA-YS-AA4M-01A,1.0,0.0,0.0,0.0,0.0
16,65735344,+,16,65773146,+,MESO,8352,TCGA-YS-AA4M-01A,TCGA-YS-AA4M-01A,1.0,0.0,0.0,0.0,0.0
16,67479447,+,16,89723661,-,MESO,8353,TCGA-YS-AA4M-01A,TCGA-YS-AA4M-01A,1.0,0.0,0.0,0.0,0.0
16,67481161,-,16,70211340,-,MESO,8354,TCGA-YS-AA4M-01A,TCGA-YS-AA4M-01A,1.0,0.0,0.0,0.0,0.0
16,67764037,-,16,85289912,-,MESO,8355,TCGA-YS-AA4M-01A,TCGA-YS-AA4M-01A,1.0,0.0,0.0,0.0,0.0
16,68383788,-,16,84614745,-,MESO,8356,TCGA-YS-AA4M-01A,TCGA-YS-AA4M-01A,1.0,0.0,0.0,0.0,0.0
16,68944659,+,16,88872281,-,MESO,8357,TCGA-YS-AA4M-01A,TCGA-YS-AA4M-01A,1.0,0.0,0.0,0.0,0.0
16,69318417,-,16,73811534,-,MESO,8358,TCGA-YS-AA4M-01A,TCGA-YS-AA4M-01A,1.0,0.0,0.0,0.0,0.0
16,71452144,+,16,75560763,+,MESO,8359,TCGA-YS-AA4M-01A,TCGA-YS-AA4M-01A,1.0,0.0,0.0,0.0,0.0
16,87381109,-,16,89435459,-,MESO,8360,TCGA-YS-AA4M-01A,TCGA-YS-AA4M-01A,1.0,0.0,0.0,0.0,0.0
17,7569309,+,17,7579227,-,MESO,8361,TCGA-YS-AA4M-01A,TCGA-YS-AA4M-01A,1.0,0.0,0.0,0.0,0.0
17,22830784,-,17,23123418,+,MESO,8362,TCGA-YS-AA4M-01A,TCGA-YS-AA4M-01A,1.0,0.0,0.0,0.0,0.0
17,51426437,+,17,51428596,-,MESO,8363,TCGA-YS-AA4M-01A,TCGA-YS-AA4M-01A,1.0,0.0,0.0,0.0,0.0
17,58688944,-,17,58690205,+,MESO,8364,TCGA-YS-AA4M-01A,TCGA-YS-AA4M-01A,1.0,0.0,0.0,0.0,0.0
18,15504073,-,18,15604812,+,MESO,8365,TCGA-YS-AA4M-01A,TCGA-YS-AA4M-01A,1.0,0.0,0.0,0.0,0.0
18,41626260,+,18,41639754,-,MESO,8366,TCGA-YS-AA4M-01A,TCGA-YS-AA4M-01A,1.0,0.0,0.0,0.0,0.0
18,56970939,+,18,56977865,-,MESO,8367,TCGA-YS-AA4M-01A,TCGA-YS-AA4M-01A,1.0,0.0,0.0,0.0,0.0
19,10281721,+,19,10399668,-,MESO,8368,TCGA-YS-AA4M-01A,TCGA-YS-AA4M-01A,1.0,0.0,0.0,0.0,0.0
19,31998141,+,19,32012181,-,MESO,8369,TCGA-YS-AA4M-01A,TCGA-YS-AA4M-01A,1.0,0.0,0.0,0.0,0.0
20,23972225,+,20,24870617,-,MESO,8370,TCGA-YS-AA4M-01A,TCGA-YS-AA4M-01A,1.0,0.0,0.0,0.0,0.0
20,23972693,-,20,24881144,+,MESO,8371,TCGA-YS-AA4M-01A,TCGA-YS-AA4M-01A,1.0,0.0,0.0,0.0,0.0
20,24870205,+,20,24881476,-,MESO,8372,TCGA-YS-AA4M-01A,TCGA-YS-AA4M-01A,1.0,0.0,0.0,0.0,0.0
3,52379126,+,3,52413459,-,MESO,8373,TCGA-YS-AA4M-01A,TCGA-YS-AA4M-01A,1.0,0.0,0.0,0.0,0.0
3,60071582,-,3,61992979,+,MESO,8374,TCGA-YS-AA4M-01A,TCGA-YS-AA4M-01A,1.0,0.0,0.0,0.0,0.0
3,60074199,+,3,62150532,-,MESO,8375,TCGA-YS-AA4M-01A,TCGA-YS-AA4M-01A,1.0,0.0,0.0,0.0,0.0
3,61958214,-,3,62149830,+,MESO,8376,TCGA-YS-AA4M-01A,TCGA-YS-AA4M-01A,1.0,0.0,0.0,0.0,0.0
3,90993734,+,3,91066622,-,MESO,8377,TCGA-YS-AA4M-01A,TCGA-YS-AA4M-01A,1.0,0.0,0.0,0.0,0.0
3,91042649,-,3,91223833,+,MESO,8378,TCGA-YS-AA4M-01A,TCGA-YS-AA4M-01A,1.0,0.0,0.0,0.0,0.0
4,27400828,+,4,27406889,-,MESO,8379,TCGA-YS-AA4M-01A,TCGA-YS-AA4M-01A,1.0,0.0,0.0,0.0,0.0
5,46616466,+,5,46705869,-,MESO,8380,TCGA-YS-AA4M-01A,TCGA-YS-AA4M-01A,1.0,0.0,0.0,0.0,0.0
5,49691755,+,5,49822332,-,MESO,8381,TCGA-YS-AA4M-01A,TCGA-YS-AA4M-01A,1.0,0.0,0.0,0.0,0.0
7,158162222,+,7,158415360,-,MESO,8382,TCGA-YS-AA4M-01A,TCGA-YS-AA4M-01A,1.0,0.0,0.0,0.0,0.0
8,24938575,+,8,24984984,+,MESO,8383,TCGA-YS-AA4M-01A,TCGA-YS-AA4M-01A,1.0,0.0,0.0,0.0,0.0
8,24938721,-,8,87078048,+,MESO,8384,TCGA-YS-AA4M-01A,TCGA-YS-AA4M-01A,1.0,0.0,0.0,0.0,0.0
8,24985103,-,8,25082310,-,MESO,8385,TCGA-YS-AA4M-01A,TCGA-YS-AA4M-01A,1.0,0.0,0.0,0.0,0.0
8,25082121,+,8,87078223,-,MESO,8386,TCGA-YS-AA4M-01A,TCGA-YS-AA4M-01A,1.0,0.0,0.0,0.0,0.0
8,56971178,+,8,64916424,-,MESO,8387,TCGA-YS-AA4M-01A,TCGA-YS-AA4M-01A,1.0,0.0,0.0,0.0,0.0
8,87428421,-,18,43735180,+,MESO,8388,TCGA-YS-AA4M-01A,TCGA-YS-AA4M-01A,1.0,0.0,0.0,0.0,0.0
9,19469703,+,9,24258427,-,MESO,8389,TCGA-YS-AA4M-01A,TCGA-YS-AA4M-01A,1.0,0.0,0.0,0.0,0.0
9,21657494,+,9,22649638,-,MESO,8390,TCGA-YS-AA4M-01A,TCGA-YS-AA4M-01A,1.0,0.0,0.0,0.0,0.0
9,40229189,+,9,42858486,-,MESO,8391,TCGA-YS-AA4M-01A,TCGA-YS-AA4M-01A,1.0,0.0,0.0,0.0,0.0
9,44888821,-,9,45441034,+,MESO,8392,TCGA-YS-AA4M-01A,TCGA-YS-AA4M-01A,1.0,0.0,0.0,0.0,0.0
23,55136627,+,23,83926695,-,MESO,8393,TCGA-YS-AA4M-01A,TCGA-YS-AA4M-01A,1.0,0.0,0.0,0.0,0.0
23,55136791,-,23,84585975,-,MESO,8394,TCGA-YS-AA4M-01A,TCGA-YS-AA4M-01A,1.0,0.0,0.0,0.0,0.0
23,55136792,-,23,83218061,+,MESO,8395,TCGA-YS-AA4M-01A,TCGA-YS-AA4M-01A,1.0,0.0,0.0,0.0,0.0
23,55141737,+,23,83055457,+,MESO,8396,TCGA-YS-AA4M-01A,TCGA-YS-AA4M-01A,1.0,0.0,0.0,0.0,0.0
23,55331034,-,23,83900430,+,MESO,8397,TCGA-YS-AA4M-01A,TCGA-YS-AA4M-01A,1.0,0.0,0.0,0.0,0.0
23,55331708,+,23,83094089,-,MESO,8398,TCGA-YS-AA4M-01A,TCGA-YS-AA4M-01A,1.0,0.0,0.0,0.0,0.0
23,83043430,+,23,84663831,-,MESO,8399,TCGA-YS-AA4M-01A,TCGA-YS-AA4M-01A,1.0,0.0,0.0,0.0,0.0
23,83052358,-,23,84664440,+,MESO,8400,TCGA-YS-AA4M-01A,TCGA-YS-AA4M-01A,1.0,0.0,0.0,0.0,0.0
23,83070307,-,23,83177077,+,MESO,8401,TCGA-YS-AA4M-01A,TCGA-YS-AA4M-01A,1.0,0.0,0.0,0.0,0.0
23,83163345,-,23,83227567,+,MESO,8402,TCGA-YS-AA4M-01A,TCGA-YS-AA4M-01A,1.0,0.0,0.0,0.0,0.0
23,83167218,+,23,83858659,+,MESO,8403,TCGA-YS-AA4M-01A,TCGA-YS-AA4M-01A,1.0,0.0,0.0,0.0,0.0
23,83173869,-,23,83206775,-,MESO,8404,TCGA-YS-AA4M-01A,TCGA-YS-AA4M-01A,1.0,0.0,0.0,0.0,0.0
23,83186857,-,23,84593910,+,MESO,8405,TCGA-YS-AA4M-01A,TCGA-YS-AA4M-01A,1.0,0.0,0.0,0.0,0.0
23,83202973,-,23,83225294,-,MESO,8406,TCGA-YS-AA4M-01A,TCGA-YS-AA4M-01A,1.0,0.0,0.0,0.0,0.0
23,83203947,+,23,83899431,-,MESO,8407,TCGA-YS-AA4M-01A,TCGA-YS-AA4M-01A,1.0,0.0,0.0,0.0,0.0
23,83218061,+,23,84586096,+,MESO,8408,TCGA-YS-AA4M-01A,TCGA-YS-AA4M-01A,1.0,0.0,0.0,0.0,0.0
23,83855309,-,23,84583466,-,MESO,8409,TCGA-YS-AA4M-01A,TCGA-YS-AA4M-01A,1.0,0.0,0.0,0.0,0.0
23,83927040,+,23,84583711,+,MESO,8410,TCGA-YS-AA4M-01A,TCGA-YS-AA4M-01A,1.0,0.0,0.0,0.0,0.0
23,84590396,-,23,84603233,+,MESO,8411,TCGA-YS-AA4M-01A,TCGA-YS-AA4M-01A,1.0,0.0,0.0,0.0,0.0
1,23218542,+,2,97839359,+,MESO,8412,TCGA-ZN-A9VO-01A,TCGA-ZN-A9VO-01A,1.0,0.0,0.0,0.0,0.0
1,48976093,-,1,48986009,+,MESO,8413,TCGA-ZN-A9VO-01A,TCGA-ZN-A9VO-01A,1.0,0.0,0.0,0.0,0.0
1,92860646,+,12,114818881,+,MESO,8414,TCGA-ZN-A9VO-01A,TCGA-ZN-A9VO-01A,1.0,0.0,0.0,0.0,0.0
1,96314804,+,1,96316847,-,MESO,8415,TCGA-ZN-A9VO-01A,TCGA-ZN-A9VO-01A,1.0,0.0,0.0,0.0,0.0
1,117797816,+,1,117807522,-,MESO,8416,TCGA-ZN-A9VO-01A,TCGA-ZN-A9VO-01A,1.0,0.0,0.0,0.0,0.0
1,237038395,+,1,237456337,-,MESO,8417,TCGA-ZN-A9VO-01A,TCGA-ZN-A9VO-01A,1.0,0.0,0.0,0.0,0.0
1,242043950,+,1,242093379,-,MESO,8418,TCGA-ZN-A9VO-01A,TCGA-ZN-A9VO-01A,1.0,0.0,0.0,0.0,0.0
10,19218590,+,10,38038059,+,MESO,8419,TCGA-ZN-A9VO-01A,TCGA-ZN-A9VO-01A,1.0,0.0,0.0,0.0,0.0
10,19219810,-,10,19246595,+,MESO,8420,TCGA-ZN-A9VO-01A,TCGA-ZN-A9VO-01A,1.0,0.0,0.0,0.0,0.0
10,19239356,+,10,38023870,+,MESO,8421,TCGA-ZN-A9VO-01A,TCGA-ZN-A9VO-01A,1.0,0.0,0.0,0.0,0.0
10,38024461,-,10,38040493,-,MESO,8422,TCGA-ZN-A9VO-01A,TCGA-ZN-A9VO-01A,1.0,0.0,0.0,0.0,0.0
10,62247057,+,13,108904403,-,MESO,8423,TCGA-ZN-A9VO-01A,TCGA-ZN-A9VO-01A,1.0,0.0,0.0,0.0,0.0
10,110991404,+,10,111144584,-,MESO,8424,TCGA-ZN-A9VO-01A,TCGA-ZN-A9VO-01A,1.0,0.0,0.0,0.0,0.0
10,110991404,+,10,111527227,-,MESO,8425,TCGA-ZN-A9VO-01A,TCGA-ZN-A9VO-01A,1.0,0.0,0.0,0.0,0.0
10,111144583,-,10,111527379,+,MESO,8426,TCGA-ZN-A9VO-01A,TCGA-ZN-A9VO-01A,1.0,0.0,0.0,0.0,0.0
10,111527190,+,16,68352007,+,MESO,8427,TCGA-ZN-A9VO-01A,TCGA-ZN-A9VO-01A,1.0,0.0,0.0,0.0,0.0
11,43201280,-,11,43217053,+,MESO,8428,TCGA-ZN-A9VO-01A,TCGA-ZN-A9VO-01A,1.0,0.0,0.0,0.0,0.0
11,54369034,-,11,54549470,+,MESO,8429,TCGA-ZN-A9VO-01A,TCGA-ZN-A9VO-01A,1.0,0.0,0.0,0.0,0.0
11,70296761,-,15,62691010,+,MESO,8430,TCGA-ZN-A9VO-01A,TCGA-ZN-A9VO-01A,1.0,0.0,0.0,0.0,0.0
11,80817114,-,11,80965945,+,MESO,8431,TCGA-ZN-A9VO-01A,TCGA-ZN-A9VO-01A,1.0,0.0,0.0,0.0,0.0
11,82135650,+,11,82284431,-,MESO,8432,TCGA-ZN-A9VO-01A,TCGA-ZN-A9VO-01A,1.0,0.0,0.0,0.0,0.0
12,90527538,+,16,68354003,-,MESO,8433,TCGA-ZN-A9VO-01A,TCGA-ZN-A9VO-01A,1.0,0.0,0.0,0.0,0.0
12,90527597,-,16,68353900,+,MESO,8434,TCGA-ZN-A9VO-01A,TCGA-ZN-A9VO-01A,1.0,0.0,0.0,0.0,0.0
12,117285884,-,12,128545694,+,MESO,8435,TCGA-ZN-A9VO-01A,TCGA-ZN-A9VO-01A,1.0,0.0,0.0,0.0,0.0
12,117368095,-,12,128545767,-,MESO,8436,TCGA-ZN-A9VO-01A,TCGA-ZN-A9VO-01A,1.0,0.0,0.0,0.0,0.0
14,16124893,+,20,28757851,-,MESO,8437,TCGA-ZN-A9VO-01A,TCGA-ZN-A9VO-01A,1.0,0.0,0.0,0.0,0.0
15,17077738,+,21,7960727,+,MESO,8438,TCGA-ZN-A9VO-01A,TCGA-ZN-A9VO-01A,1.0,0.0,0.0,0.0,0.0
16,6936765,+,16,6947085,-,MESO,8439,TCGA-ZN-A9VO-01A,TCGA-ZN-A9VO-01A,1.0,0.0,0.0,0.0,0.0
16,68235201,+,16,68352116,-,MESO,8440,TCGA-ZN-A9VO-01A,TCGA-ZN-A9VO-01A,1.0,0.0,0.0,0.0,0.0
17,62023252,+,17,62031882,+,MESO,8441,TCGA-ZN-A9VO-01A,TCGA-ZN-A9VO-01A,1.0,0.0,0.0,0.0,0.0
18,13994471,+,18,14054609,-,MESO,8442,TCGA-ZN-A9VO-01A,TCGA-ZN-A9VO-01A,1.0,0.0,0.0,0.0,0.0
18,13994493,-,18,14002246,+,MESO,8443,TCGA-ZN-A9VO-01A,TCGA-ZN-A9VO-01A,1.0,0.0,0.0,0.0,0.0
18,13996746,+,18,14129950,-,MESO,8444,TCGA-ZN-A9VO-01A,TCGA-ZN-A9VO-01A,1.0,0.0,0.0,0.0,0.0
18,13996818,-,18,14054592,+,MESO,8445,TCGA-ZN-A9VO-01A,TCGA-ZN-A9VO-01A,1.0,0.0,0.0,0.0,0.0
18,15474938,+,18,15679223,-,MESO,8446,TCGA-ZN-A9VO-01A,TCGA-ZN-A9VO-01A,1.0,0.0,0.0,0.0,0.0
19,6012666,+,19,6408137,+,MESO,8447,TCGA-ZN-A9VO-01A,TCGA-ZN-A9VO-01A,1.0,0.0,0.0,0.0,0.0
19,6031713,-,19,6423454,-,MESO,8448,TCGA-ZN-A9VO-01A,TCGA-ZN-A9VO-01A,1.0,0.0,0.0,0.0,0.0
19,43202112,-,19,43266034,+,MESO,8449,TCGA-ZN-A9VO-01A,TCGA-ZN-A9VO-01A,1.0,0.0,0.0,0.0,0.0
19,56377971,+,19,56385291,-,MESO,8450,TCGA-ZN-A9VO-01A,TCGA-ZN-A9VO-01A,1.0,0.0,0.0,0.0,0.0
2,62242683,+,2,62296704,-,MESO,8451,TCGA-ZN-A9VO-01A,TCGA-ZN-A9VO-01A,1.0,0.0,0.0,0.0,0.0
2,194242326,+,2,194253306,-,MESO,8452,TCGA-ZN-A9VO-01A,TCGA-ZN-A9VO-01A,1.0,0.0,0.0,0.0,0.0
20,26259995,-,20,30185130,-,MESO,8453,TCGA-ZN-A9VO-01A,TCGA-ZN-A9VO-01A,1.0,0.0,0.0,0.0,0.0
20,29351186,+,20,29353499,-,MESO,8454,TCGA-ZN-A9VO-01A,TCGA-ZN-A9VO-01A,1.0,0.0,0.0,0.0,0.0
22,43095227,+,22,43100680,-,MESO,8455,TCGA-ZN-A9VO-01A,TCGA-ZN-A9VO-01A,1.0,0.0,0.0,0.0,0.0
3,700537,+,3,5819996,+,MESO,8456,TCGA-ZN-A9VO-01A,TCGA-ZN-A9VO-01A,1.0,0.0,0.0,0.0,0.0
3,1967460,-,3,6057113,-,MESO,8457,TCGA-ZN-A9VO-01A,TCGA-ZN-A9VO-01A,1.0,0.0,0.0,0.0,0.0
3,1973828,+,3,63415702,-,MESO,8458,TCGA-ZN-A9VO-01A,TCGA-ZN-A9VO-01A,1.0,0.0,0.0,0.0,0.0
3,2318989,-,3,2522204,-,MESO,8459,TCGA-ZN-A9VO-01A,TCGA-ZN-A9VO-01A,1.0,0.0,0.0,0.0,0.0
3,2322195,+,3,2369200,+,MESO,8460,TCGA-ZN-A9VO-01A,TCGA-ZN-A9VO-01A,1.0,0.0,0.0,0.0,0.0
3,2366850,-,3,6047814,-,MESO,8461,TCGA-ZN-A9VO-01A,TCGA-ZN-A9VO-01A,1.0,0.0,0.0,0.0,0.0
3,2525526,+,3,6059072,+,MESO,8462,TCGA-ZN-A9VO-01A,TCGA-ZN-A9VO-01A,1.0,0.0,0.0,0.0,0.0
3,2525852,-,3,6723214,-,MESO,8463,TCGA-ZN-A9VO-01A,TCGA-ZN-A9VO-01A,1.0,0.0,0.0,0.0,0.0
3,5352846,+,3,7790661,-,MESO,8464,TCGA-ZN-A9VO-01A,TCGA-ZN-A9VO-01A,1.0,0.0,0.0,0.0,0.0
3,5453486,-,3,27885768,-,MESO,8465,TCGA-ZN-A9VO-01A,TCGA-ZN-A9VO-01A,1.0,0.0,0.0,0.0,0.0
3,6056645,+,3,7326521,-,MESO,8466,TCGA-ZN-A9VO-01A,TCGA-ZN-A9VO-01A,1.0,0.0,0.0,0.0,0.0
3,7322598,+,3,27909034,+,MESO,8467,TCGA-ZN-A9VO-01A,TCGA-ZN-A9VO-01A,1.0,0.0,0.0,0.0,0.0
3,7782141,+,3,63440507,-,MESO,8468,TCGA-ZN-A9VO-01A,TCGA-ZN-A9VO-01A,1.0,0.0,0.0,0.0,0.0
3,15207310,+,3,15219268,-,MESO,8469,TCGA-ZN-A9VO-01A,TCGA-ZN-A9VO-01A,1.0,0.0,0.0,0.0,0.0
3,27885559,+,3,63440379,+,MESO,8470,TCGA-ZN-A9VO-01A,TCGA-ZN-A9VO-01A,1.0,0.0,0.0,0.0,0.0
3,47053231,+,3,52439859,+,MESO,8471,TCGA-ZN-A9VO-01A,TCGA-ZN-A9VO-01A,1.0,0.0,0.0,0.0,0.0
3,47070239,-,3,52458733,-,MESO,8472,TCGA-ZN-A9VO-01A,TCGA-ZN-A9VO-01A,1.0,0.0,0.0,0.0,0.0
3,52405879,+,3,52428403,-,MESO,8473,TCGA-ZN-A9VO-01A,TCGA-ZN-A9VO-01A,1.0,0.0,0.0,0.0,0.0
3,107810876,+,3,107814609,-,MESO,8474,TCGA-ZN-A9VO-01A,TCGA-ZN-A9VO-01A,1.0,0.0,0.0,0.0,0.0
3,195537471,+,8,8306213,+,MESO,8475,TCGA-ZN-A9VO-01A,TCGA-ZN-A9VO-01A,1.0,0.0,0.0,0.0,0.0
4,13360161,+,4,13363461,+,MESO,8476,TCGA-ZN-A9VO-01A,TCGA-ZN-A9VO-01A,1.0,0.0,0.0,0.0,0.0
4,13360214,-,4,13363561,-,MESO,8477,TCGA-ZN-A9VO-01A,TCGA-ZN-A9VO-01A,1.0,0.0,0.0,0.0,0.0
4,22503589,-,4,22503737,+,MESO,8478,TCGA-ZN-A9VO-01A,TCGA-ZN-A9VO-01A,1.0,0.0,0.0,0.0,0.0
4,82361107,+,4,83288326,-,MESO,8479,TCGA-ZN-A9VO-01A,TCGA-ZN-A9VO-01A,1.0,0.0,0.0,0.0,0.0
4,82375364,-,4,82549694,+,MESO,8480,TCGA-ZN-A9VO-01A,TCGA-ZN-A9VO-01A,1.0,0.0,0.0,0.0,0.0
4,82376746,+,4,83664990,+,MESO,8481,TCGA-ZN-A9VO-01A,TCGA-ZN-A9VO-01A,1.0,0.0,0.0,0.0,0.0
4,82376926,-,4,82549740,-,MESO,8482,TCGA-ZN-A9VO-01A,TCGA-ZN-A9VO-01A,1.0,0.0,0.0,0.0,0.0
4,82423340,+,4,82549452,-,MESO,8483,TCGA-ZN-A9VO-01A,TCGA-ZN-A9VO-01A,1.0,0.0,0.0,0.0,0.0
4,83076342,+,4,84260547,+,MESO,8484,TCGA-ZN-A9VO-01A,TCGA-ZN-A9VO-01A,1.0,0.0,0.0,0.0,0.0
4,83701951,-,4,93933706,+,MESO,8485,TCGA-ZN-A9VO-01A,TCGA-ZN-A9VO-01A,1.0,0.0,0.0,0.0,0.0
4,91375728,-,4,104154979,+,MESO,8486,TCGA-ZN-A9VO-01A,TCGA-ZN-A9VO-01A,1.0,0.0,0.0,0.0,0.0
4,94253797,-,4,104183394,-,MESO,8487,TCGA-ZN-A9VO-01A,TCGA-ZN-A9VO-01A,1.0,0.0,0.0,0.0,0.0
5,35372804,+,17,62031439,-,MESO,8488,TCGA-ZN-A9VO-01A,TCGA-ZN-A9VO-01A,1.0,0.0,0.0,0.0,0.0
5,47256260,-,19,24908212,+,MESO,8489,TCGA-ZN-A9VO-01A,TCGA-ZN-A9VO-01A,1.0,0.0,0.0,0.0,0.0
5,49678908,-,5,49681656,+,MESO,8490,TCGA-ZN-A9VO-01A,TCGA-ZN-A9VO-01A,1.0,0.0,0.0,0.0,0.0
5,49703198,+,5,49941573,-,MESO,8491,TCGA-ZN-A9VO-01A,TCGA-ZN-A9VO-01A,1.0,0.0,0.0,0.0,0.0
6,51707519,+,6,51711302,-,MESO,8492,TCGA-ZN-A9VO-01A,TCGA-ZN-A9VO-01A,1.0,0.0,0.0,0.0,0.0
6,51851810,+,6,51855377,-,MESO,8493,TCGA-ZN-A9VO-01A,TCGA-ZN-A9VO-01A,1.0,0.0,0.0,0.0,0.0
6,57353285,+,6,57355593,-,MESO,8494,TCGA-ZN-A9VO-01A,TCGA-ZN-A9VO-01A,1.0,0.0,0.0,0.0,0.0
6,72472662,-,6,72958966,-,MESO,8495,TCGA-ZN-A9VO-01A,TCGA-ZN-A9VO-01A,1.0,0.0,0.0,0.0,0.0
6,72935660,+,17,62031903,-,MESO,8496,TCGA-ZN-A9VO-01A,TCGA-ZN-A9VO-01A,1.0,0.0,0.0,0.0,0.0
6,73797459,+,6,73798943,+,MESO,8497,TCGA-ZN-A9VO-01A,TCGA-ZN-A9VO-01A,1.0,0.0,0.0,0.0,0.0
6,151021129,-,9,71719325,+,MESO,8498,TCGA-ZN-A9VO-01A,TCGA-ZN-A9VO-01A,1.0,0.0,0.0,0.0,0.0
7,32750515,+,7,32751905,-,MESO,8499,TCGA-ZN-A9VO-01A,TCGA-ZN-A9VO-01A,1.0,0.0,0.0,0.0,0.0
7,66577994,+,7,66578795,-,MESO,8500,TCGA-ZN-A9VO-01A,TCGA-ZN-A9VO-01A,1.0,0.0,0.0,0.0,0.0
7,115497022,+,10,111145075,+,MESO,8501,TCGA-ZN-A9VO-01A,TCGA-ZN-A9VO-01A,1.0,0.0,0.0,0.0,0.0
7,115498873,-,10,110994541,+,MESO,8502,TCGA-ZN-A9VO-01A,TCGA-ZN-A9VO-01A,1.0,0.0,0.0,0.0,0.0
7,115501812,+,10,110990302,-,MESO,8503,TCGA-ZN-A9VO-01A,TCGA-ZN-A9VO-01A,1.0,0.0,0.0,0.0,0.0
7,115586210,-,16,68235364,-,MESO,8504,TCGA-ZN-A9VO-01A,TCGA-ZN-A9VO-01A,1.0,0.0,0.0,0.0,0.0
7,122088849,+,7,124989709,-,MESO,8505,TCGA-ZN-A9VO-01A,TCGA-ZN-A9VO-01A,1.0,0.0,0.0,0.0,0.0
7,127090254,+,7,128402749,-,MESO,8506,TCGA-ZN-A9VO-01A,TCGA-ZN-A9VO-01A,1.0,0.0,0.0,0.0,0.0
7,128048398,-,10,110992308,-,MESO,8507,TCGA-ZN-A9VO-01A,TCGA-ZN-A9VO-01A,1.0,0.0,0.0,0.0,0.0
7,128050890,+,10,111531269,-,MESO,8508,TCGA-ZN-A9VO-01A,TCGA-ZN-A9VO-01A,1.0,0.0,0.0,0.0,0.0
7,128397336,-,10,110990277,+,MESO,8509,TCGA-ZN-A9VO-01A,TCGA-ZN-A9VO-01A,1.0,0.0,0.0,0.0,0.0
7,128397645,+,10,111145439,-,MESO,8510,TCGA-ZN-A9VO-01A,TCGA-ZN-A9VO-01A,1.0,0.0,0.0,0.0,0.0
7,139399375,+,7,139399630,-,MESO,8511,TCGA-ZN-A9VO-01A,TCGA-ZN-A9VO-01A,1.0,0.0,0.0,0.0,0.0
8,56266921,+,8,56269045,-,MESO,8512,TCGA-ZN-A9VO-01A,TCGA-ZN-A9VO-01A,1.0,0.0,0.0,0.0,0.0
8,89871537,+,8,89874985,-,MESO,8513,TCGA-ZN-A9VO-01A,TCGA-ZN-A9VO-01A,1.0,0.0,0.0,0.0,0.0
8,107233993,+,8,107234786,-,MESO,8514,TCGA-ZN-A9VO-01A,TCGA-ZN-A9VO-01A,1.0,0.0,0.0,0.0,0.0
9,14880780,+,9,14882270,-,MESO,8515,TCGA-ZN-A9VO-01A,TCGA-ZN-A9VO-01A,1.0,0.0,0.0,0.0,0.0
9,15215405,+,10,19247495,-,MESO,8516,TCGA-ZN-A9VO-01A,TCGA-ZN-A9VO-01A,1.0,0.0,0.0,0.0,0.0
9,15633257,-,10,19242147,-,MESO,8517,TCGA-ZN-A9VO-01A,TCGA-ZN-A9VO-01A,1.0,0.0,0.0,0.0,0.0
9,65562513,-,20,29564369,+,MESO,8518,TCGA-ZN-A9VO-01A,TCGA-ZN-A9VO-01A,1.0,0.0,0.0,0.0,0.0
23,66336297,+,23,66338885,-,MESO,8519,TCGA-ZN-A9VO-01A,TCGA-ZN-A9VO-01A,1.0,0.0,0.0,0.0,0.0
23,146841128,+,23,147133228,-,MESO,8520,TCGA-ZN-A9VO-01A,TCGA-ZN-A9VO-01A,1.0,0.0,0.0,0.0,0.0
1,4563996,+,1,48952772,+,MESO,8521,TCGA-ZN-A9VP-01A,TCGA-ZN-A9VP-01A,1.0,0.0,0.0,0.0,0.0
1,8044121,-,1,28809835,-,MESO,8522,TCGA-ZN-A9VP-01A,TCGA-ZN-A9VP-01A,1.0,0.0,0.0,0.0,0.0
1,8264199,+,1,28240362,+,MESO,8523,TCGA-ZN-A9VP-01A,TCGA-ZN-A9VP-01A,1.0,0.0,0.0,0.0,0.0
1,8264233,-,1,28965318,+,MESO,8524,TCGA-ZN-A9VP-01A,TCGA-ZN-A9VP-01A,1.0,0.0,0.0,0.0,0.0
1,8306663,+,1,48838983,-,MESO,8525,TCGA-ZN-A9VP-01A,TCGA-ZN-A9VP-01A,1.0,0.0,0.0,0.0,0.0
1,8306901,-,1,11959842,+,MESO,8526,TCGA-ZN-A9VP-01A,TCGA-ZN-A9VP-01A,1.0,0.0,0.0,0.0,0.0
1,9154833,+,1,9588875,-,MESO,8527,TCGA-ZN-A9VP-01A,TCGA-ZN-A9VP-01A,1.0,0.0,0.0,0.0,0.0
1,11957276,+,1,50132939,+,MESO,8528,TCGA-ZN-A9VP-01A,TCGA-ZN-A9VP-01A,1.0,0.0,0.0,0.0,0.0
1,11957578,-,1,50133296,-,MESO,8529,TCGA-ZN-A9VP-01A,TCGA-ZN-A9VP-01A,1.0,0.0,0.0,0.0,0.0
1,11960000,-,1,28965510,-,MESO,8530,TCGA-ZN-A9VP-01A,TCGA-ZN-A9VP-01A,1.0,0.0,0.0,0.0,0.0
1,12154397,+,1,27916662,-,MESO,8531,TCGA-ZN-A9VP-01A,TCGA-ZN-A9VP-01A,1.0,0.0,0.0,0.0,0.0
1,12730793,-,1,50103532,-,MESO,8532,TCGA-ZN-A9VP-01A,TCGA-ZN-A9VP-01A,1.0,0.0,0.0,0.0,0.0
1,27983481,-,1,49906726,-,MESO,8533,TCGA-ZN-A9VP-01A,TCGA-ZN-A9VP-01A,1.0,0.0,0.0,0.0,0.0
1,27983558,+,1,28949585,-,MESO,8534,TCGA-ZN-A9VP-01A,TCGA-ZN-A9VP-01A,1.0,0.0,0.0,0.0,0.0
1,28081613,+,1,28082880,-,MESO,8535,TCGA-ZN-A9VP-01A,TCGA-ZN-A9VP-01A,1.0,0.0,0.0,0.0,0.0
1,28949162,+,1,50069247,-,MESO,8536,TCGA-ZN-A9VP-01A,TCGA-ZN-A9VP-01A,1.0,0.0,0.0,0.0,0.0
1,48838416,+,1,50069206,+,MESO,8537,TCGA-ZN-A9VP-01A,TCGA-ZN-A9VP-01A,1.0,0.0,0.0,0.0,0.0
1,50103445,+,1,50103710,+,MESO,8538,TCGA-ZN-A9VP-01A,TCGA-ZN-A9VP-01A,1.0,0.0,0.0,0.0,0.0
1,58164181,+,19,41267559,+,MESO,8539,TCGA-ZN-A9VP-01A,TCGA-ZN-A9VP-01A,1.0,0.0,0.0,0.0,0.0
1,58164296,-,18,9150392,+,MESO,8540,TCGA-ZN-A9VP-01A,TCGA-ZN-A9VP-01A,1.0,0.0,0.0,0.0,0.0
1,78987879,+,1,78987975,+,MESO,8541,TCGA-ZN-A9VP-01A,TCGA-ZN-A9VP-01A,1.0,0.0,0.0,0.0,0.0
1,78987883,+,1,94124758,+,MESO,8542,TCGA-ZN-A9VP-01A,TCGA-ZN-A9VP-01A,1.0,0.0,0.0,0.0,0.0
1,78987897,-,1,94124758,+,MESO,8543,TCGA-ZN-A9VP-01A,TCGA-ZN-A9VP-01A,1.0,0.0,0.0,0.0,0.0
1,78987969,-,1,93992717,-,MESO,8544,TCGA-ZN-A9VP-01A,TCGA-ZN-A9VP-01A,1.0,0.0,0.0,0.0,0.0
1,123937491,-,1,123938036,+,MESO,8545,TCGA-ZN-A9VP-01A,TCGA-ZN-A9VP-01A,1.0,0.0,0.0,0.0,0.0
1,216050577,-,6,89898223,+,MESO,8546,TCGA-ZN-A9VP-01A,TCGA-ZN-A9VP-01A,1.0,0.0,0.0,0.0,0.0
10,25439675,+,12,97278575,+,MESO,8547,TCGA-ZN-A9VP-01A,TCGA-ZN-A9VP-01A,1.0,0.0,0.0,0.0,0.0
10,25455331,-,12,90167349,+,MESO,8548,TCGA-ZN-A9VP-01A,TCGA-ZN-A9VP-01A,1.0,0.0,0.0,0.0,0.0
11,20794889,+,11,23491736,+,MESO,8549,TCGA-ZN-A9VP-01A,TCGA-ZN-A9VP-01A,1.0,0.0,0.0,0.0,0.0
11,20795297,-,11,23488161,-,MESO,8550,TCGA-ZN-A9VP-01A,TCGA-ZN-A9VP-01A,1.0,0.0,0.0,0.0,0.0
11,22897876,+,11,23527472,-,MESO,8551,TCGA-ZN-A9VP-01A,TCGA-ZN-A9VP-01A,1.0,0.0,0.0,0.0,0.0
11,22899627,-,11,23529206,-,MESO,8552,TCGA-ZN-A9VP-01A,TCGA-ZN-A9VP-01A,1.0,0.0,0.0,0.0,0.0
11,23488154,+,11,26136106,-,MESO,8553,TCGA-ZN-A9VP-01A,TCGA-ZN-A9VP-01A,1.0,0.0,0.0,0.0,0.0
11,23529197,+,11,26134034,+,MESO,8554,TCGA-ZN-A9VP-01A,TCGA-ZN-A9VP-01A,1.0,0.0,0.0,0.0,0.0
11,54343601,+,11,54406065,-,MESO,8555,TCGA-ZN-A9VP-01A,TCGA-ZN-A9VP-01A,1.0,0.0,0.0,0.0,0.0
11,54352768,+,11,54362944,-,MESO,8556,TCGA-ZN-A9VP-01A,TCGA-ZN-A9VP-01A,1.0,0.0,0.0,0.0,0.0
11,54378139,-,11,54380218,+,MESO,8557,TCGA-ZN-A9VP-01A,TCGA-ZN-A9VP-01A,1.0,0.0,0.0,0.0,0.0
12,89049518,+,12,107686576,-,MESO,8558,TCGA-ZN-A9VP-01A,TCGA-ZN-A9VP-01A,1.0,0.0,0.0,0.0,0.0
12,89583053,-,12,106480429,+,MESO,8559,TCGA-ZN-A9VP-01A,TCGA-ZN-A9VP-01A,1.0,0.0,0.0,0.0,0.0
12,90189257,-,12,108515263,-,MESO,8560,TCGA-ZN-A9VP-01A,TCGA-ZN-A9VP-01A,1.0,0.0,0.0,0.0,0.0
12,90582737,+,12,91205783,+,MESO,8561,TCGA-ZN-A9VP-01A,TCGA-ZN-A9VP-01A,1.0,0.0,0.0,0.0,0.0
12,90993592,-,12,91393419,-,MESO,8562,TCGA-ZN-A9VP-01A,TCGA-ZN-A9VP-01A,1.0,0.0,0.0,0.0,0.0
12,90994069,+,12,106480231,-,MESO,8563,TCGA-ZN-A9VP-01A,TCGA-ZN-A9VP-01A,1.0,0.0,0.0,0.0,0.0
12,90995283,-,12,107735023,+,MESO,8564,TCGA-ZN-A9VP-01A,TCGA-ZN-A9VP-01A,1.0,0.0,0.0,0.0,0.0
14,55658299,+,17,68972156,-,MESO,8565,TCGA-ZN-A9VP-01A,TCGA-ZN-A9VP-01A,1.0,0.0,0.0,0.0,0.0
14,79830534,+,14,80072813,-,MESO,8566,TCGA-ZN-A9VP-01A,TCGA-ZN-A9VP-01A,1.0,0.0,0.0,0.0,0.0
14,97007374,-,20,17350315,-,MESO,8567,TCGA-ZN-A9VP-01A,TCGA-ZN-A9VP-01A,1.0,0.0,0.0,0.0,0.0
15,24462386,-,15,24501085,+,MESO,8568,TCGA-ZN-A9VP-01A,TCGA-ZN-A9VP-01A,1.0,0.0,0.0,0.0,0.0
15,76982343,-,15,77042114,+,MESO,8569,TCGA-ZN-A9VP-01A,TCGA-ZN-A9VP-01A,1.0,0.0,0.0,0.0,0.0
15,100976580,+,15,100983780,-,MESO,8570,TCGA-ZN-A9VP-01A,TCGA-ZN-A9VP-01A,1.0,0.0,0.0,0.0,0.0
15,101020097,+,15,101038702,-,MESO,8571,TCGA-ZN-A9VP-01A,TCGA-ZN-A9VP-01A,1.0,0.0,0.0,0.0,0.0
16,1984819,+,16,2166090,-,MESO,8572,TCGA-ZN-A9VP-01A,TCGA-ZN-A9VP-01A,1.0,0.0,0.0,0.0,0.0
16,2174061,+,16,2177603,-,MESO,8573,TCGA-ZN-A9VP-01A,TCGA-ZN-A9VP-01A,1.0,0.0,0.0,0.0,0.0
16,2174066,-,16,2177602,-,MESO,8574,TCGA-ZN-A9VP-01A,TCGA-ZN-A9VP-01A,1.0,0.0,0.0,0.0,0.0
16,7072286,+,16,7317890,-,MESO,8575,TCGA-ZN-A9VP-01A,TCGA-ZN-A9VP-01A,1.0,0.0,0.0,0.0,0.0
16,7386747,+,16,7622588,-,MESO,8576,TCGA-ZN-A9VP-01A,TCGA-ZN-A9VP-01A,1.0,0.0,0.0,0.0,0.0
16,60811371,+,16,60832705,-,MESO,8577,TCGA-ZN-A9VP-01A,TCGA-ZN-A9VP-01A,1.0,0.0,0.0,0.0,0.0
18,9150477,-,19,44403637,-,MESO,8578,TCGA-ZN-A9VP-01A,TCGA-ZN-A9VP-01A,1.0,0.0,0.0,0.0,0.0
18,14792378,+,18,14804620,-,MESO,8579,TCGA-ZN-A9VP-01A,TCGA-ZN-A9VP-01A,1.0,0.0,0.0,0.0,0.0
18,15531866,-,18,15712530,+,MESO,8580,TCGA-ZN-A9VP-01A,TCGA-ZN-A9VP-01A,1.0,0.0,0.0,0.0,0.0
2,2691298,+,2,17992166,+,MESO,8581,TCGA-ZN-A9VP-01A,TCGA-ZN-A9VP-01A,1.0,0.0,0.0,0.0,0.0
2,5669611,-,2,6198621,+,MESO,8582,TCGA-ZN-A9VP-01A,TCGA-ZN-A9VP-01A,1.0,0.0,0.0,0.0,0.0
2,5842401,-,2,6145804,-,MESO,8583,TCGA-ZN-A9VP-01A,TCGA-ZN-A9VP-01A,1.0,0.0,0.0,0.0,0.0
2,7175793,+,2,15533944,-,MESO,8584,TCGA-ZN-A9VP-01A,TCGA-ZN-A9VP-01A,1.0,0.0,0.0,0.0,0.0
2,15055270,+,2,46804562,-,MESO,8585,TCGA-ZN-A9VP-01A,TCGA-ZN-A9VP-01A,1.0,0.0,0.0,0.0,0.0
2,29861972,+,2,40740363,-,MESO,8586,TCGA-ZN-A9VP-01A,TCGA-ZN-A9VP-01A,1.0,0.0,0.0,0.0,0.0
2,41316844,+,2,51397740,+,MESO,8587,TCGA-ZN-A9VP-01A,TCGA-ZN-A9VP-01A,1.0,0.0,0.0,0.0,0.0
2,43697773,+,2,44610083,-,MESO,8588,TCGA-ZN-A9VP-01A,TCGA-ZN-A9VP-01A,1.0,0.0,0.0,0.0,0.0
2,45551905,-,2,46540011,+,MESO,8589,TCGA-ZN-A9VP-01A,TCGA-ZN-A9VP-01A,1.0,0.0,0.0,0.0,0.0
2,47451196,+,2,47456815,-,MESO,8590,TCGA-ZN-A9VP-01A,TCGA-ZN-A9VP-01A,1.0,0.0,0.0,0.0,0.0
2,105874815,+,16,56728566,-,MESO,8591,TCGA-ZN-A9VP-01A,TCGA-ZN-A9VP-01A,1.0,0.0,0.0,0.0,0.0
2,105882123,-,16,56728538,+,MESO,8592,TCGA-ZN-A9VP-01A,TCGA-ZN-A9VP-01A,1.0,0.0,0.0,0.0,0.0
2,145656673,+,2,145674183,-,MESO,8593,TCGA-ZN-A9VP-01A,TCGA-ZN-A9VP-01A,1.0,0.0,0.0,0.0,0.0
20,29412507,+,20,29413585,-,MESO,8594,TCGA-ZN-A9VP-01A,TCGA-ZN-A9VP-01A,1.0,0.0,0.0,0.0,0.0
21,9981997,+,21,10108621,-,MESO,8595,TCGA-ZN-A9VP-01A,TCGA-ZN-A9VP-01A,1.0,0.0,0.0,0.0,0.0
3,29226819,+,3,29392373,+,MESO,8596,TCGA-ZN-A9VP-01A,TCGA-ZN-A9VP-01A,1.0,0.0,0.0,0.0,0.0
3,29309751,-,21,9969565,-,MESO,8597,TCGA-ZN-A9VP-01A,TCGA-ZN-A9VP-01A,1.0,0.0,0.0,0.0,0.0
3,29392381,-,21,9969568,+,MESO,8598,TCGA-ZN-A9VP-01A,TCGA-ZN-A9VP-01A,1.0,0.0,0.0,0.0,0.0
3,91438759,+,6,57584003,+,MESO,8599,TCGA-ZN-A9VP-01A,TCGA-ZN-A9VP-01A,1.0,0.0,0.0,0.0,0.0
3,132057136,+,3,132062639,-,MESO,8600,TCGA-ZN-A9VP-01A,TCGA-ZN-A9VP-01A,1.0,0.0,0.0,0.0,0.0
3,155580749,+,3,155584433,-,MESO,8601,TCGA-ZN-A9VP-01A,TCGA-ZN-A9VP-01A,1.0,0.0,0.0,0.0,0.0
4,143516000,+,23,137564418,-,MESO,8602,TCGA-ZN-A9VP-01A,TCGA-ZN-A9VP-01A,1.0,0.0,0.0,0.0,0.0
4,143516099,-,23,137564553,+,MESO,8603,TCGA-ZN-A9VP-01A,TCGA-ZN-A9VP-01A,1.0,0.0,0.0,0.0,0.0
5,12957505,+,5,12969012,-,MESO,8604,TCGA-ZN-A9VP-01A,TCGA-ZN-A9VP-01A,1.0,0.0,0.0,0.0,0.0
5,20509639,+,6,150048882,-,MESO,8605,TCGA-ZN-A9VP-01A,TCGA-ZN-A9VP-01A,1.0,0.0,0.0,0.0,0.0
5,49705990,-,5,49711040,+,MESO,8606,TCGA-ZN-A9VP-01A,TCGA-ZN-A9VP-01A,1.0,0.0,0.0,0.0,0.0
5,49769425,+,5,49965683,-,MESO,8607,TCGA-ZN-A9VP-01A,TCGA-ZN-A9VP-01A,1.0,0.0,0.0,0.0,0.0
5,92844685,+,5,92879355,-,MESO,8608,TCGA-ZN-A9VP-01A,TCGA-ZN-A9VP-01A,1.0,0.0,0.0,0.0,0.0
6,23186276,+,6,23189141,-,MESO,8609,TCGA-ZN-A9VP-01A,TCGA-ZN-A9VP-01A,1.0,0.0,0.0,0.0,0.0
6,58061040,+,6,58286984,+,MESO,8610,TCGA-ZN-A9VP-01A,TCGA-ZN-A9VP-01A,1.0,0.0,0.0,0.0,0.0
6,58074445,-,6,58412895,+,MESO,8611,TCGA-ZN-A9VP-01A,TCGA-ZN-A9VP-01A,1.0,0.0,0.0,0.0,0.0
6,93457255,+,6,93891533,-,MESO,8612,TCGA-ZN-A9VP-01A,TCGA-ZN-A9VP-01A,1.0,0.0,0.0,0.0,0.0
6,99532078,+,6,99533891,-,MESO,8613,TCGA-ZN-A9VP-01A,TCGA-ZN-A9VP-01A,1.0,0.0,0.0,0.0,0.0
7,5693153,+,7,5716781,-,MESO,8614,TCGA-ZN-A9VP-01A,TCGA-ZN-A9VP-01A,1.0,0.0,0.0,0.0,0.0
7,20908529,+,7,120721376,-,MESO,8615,TCGA-ZN-A9VP-01A,TCGA-ZN-A9VP-01A,1.0,0.0,0.0,0.0,0.0
7,21087464,-,7,146817779,-,MESO,8616,TCGA-ZN-A9VP-01A,TCGA-ZN-A9VP-01A,1.0,0.0,0.0,0.0,0.0
7,21133640,+,7,120209229,+,MESO,8617,TCGA-ZN-A9VP-01A,TCGA-ZN-A9VP-01A,1.0,0.0,0.0,0.0,0.0
7,21178277,-,23,118192996,-,MESO,8618,TCGA-ZN-A9VP-01A,TCGA-ZN-A9VP-01A,1.0,0.0,0.0,0.0,0.0
7,21192596,+,23,116931927,-,MESO,8619,TCGA-ZN-A9VP-01A,TCGA-ZN-A9VP-01A,1.0,0.0,0.0,0.0,0.0
7,21493325,-,23,117944904,+,MESO,8620,TCGA-ZN-A9VP-01A,TCGA-ZN-A9VP-01A,1.0,0.0,0.0,0.0,0.0
7,21608827,+,23,116930637,-,MESO,8621,TCGA-ZN-A9VP-01A,TCGA-ZN-A9VP-01A,1.0,0.0,0.0,0.0,0.0
7,21912188,+,23,151657388,-,MESO,8622,TCGA-ZN-A9VP-01A,TCGA-ZN-A9VP-01A,1.0,0.0,0.0,0.0,0.0
7,21994256,+,7,120721180,+,MESO,8623,TCGA-ZN-A9VP-01A,TCGA-ZN-A9VP-01A,1.0,0.0,0.0,0.0,0.0
7,22051759,-,23,133743487,-,MESO,8624,TCGA-ZN-A9VP-01A,TCGA-ZN-A9VP-01A,1.0,0.0,0.0,0.0,0.0
7,92552121,-,16,64162381,+,MESO,8625,TCGA-ZN-A9VP-01A,TCGA-ZN-A9VP-01A,1.0,0.0,0.0,0.0,0.0
7,119870073,+,23,116931595,+,MESO,8626,TCGA-ZN-A9VP-01A,TCGA-ZN-A9VP-01A,1.0,0.0,0.0,0.0,0.0
7,120053794,-,23,133706056,+,MESO,8627,TCGA-ZN-A9VP-01A,TCGA-ZN-A9VP-01A,1.0,0.0,0.0,0.0,0.0
7,120207956,-,23,116478652,+,MESO,8628,TCGA-ZN-A9VP-01A,TCGA-ZN-A9VP-01A,1.0,0.0,0.0,0.0,0.0
7,120719319,-,23,116948208,-,MESO,8629,TCGA-ZN-A9VP-01A,TCGA-ZN-A9VP-01A,1.0,0.0,0.0,0.0,0.0
7,142155841,+,7,142160105,-,MESO,8630,TCGA-ZN-A9VP-01A,TCGA-ZN-A9VP-01A,1.0,0.0,0.0,0.0,0.0
7,146757931,+,23,117136098,-,MESO,8631,TCGA-ZN-A9VP-01A,TCGA-ZN-A9VP-01A,1.0,0.0,0.0,0.0,0.0
8,33868819,+,8,40180803,-,MESO,8632,TCGA-ZN-A9VP-01A,TCGA-ZN-A9VP-01A,1.0,0.0,0.0,0.0,0.0
8,33891712,-,8,34774803,-,MESO,8633,TCGA-ZN-A9VP-01A,TCGA-ZN-A9VP-01A,1.0,0.0,0.0,0.0,0.0
8,34610981,+,8,37727117,-,MESO,8634,TCGA-ZN-A9VP-01A,TCGA-ZN-A9VP-01A,1.0,0.0,0.0,0.0,0.0
8,35123650,+,8,38217890,+,MESO,8635,TCGA-ZN-A9VP-01A,TCGA-ZN-A9VP-01A,1.0,0.0,0.0,0.0,0.0
8,36321685,+,8,41229968,+,MESO,8636,TCGA-ZN-A9VP-01A,TCGA-ZN-A9VP-01A,1.0,0.0,0.0,0.0,0.0
8,38913666,+,8,40016328,-,MESO,8637,TCGA-ZN-A9VP-01A,TCGA-ZN-A9VP-01A,1.0,0.0,0.0,0.0,0.0
8,60391131,-,8,60778305,+,MESO,8638,TCGA-ZN-A9VP-01A,TCGA-ZN-A9VP-01A,1.0,0.0,0.0,0.0,0.0
8,66154762,+,8,66351380,-,MESO,8639,TCGA-ZN-A9VP-01A,TCGA-ZN-A9VP-01A,1.0,0.0,0.0,0.0,0.0
8,89267557,+,8,89272365,-,MESO,8640,TCGA-ZN-A9VP-01A,TCGA-ZN-A9VP-01A,1.0,0.0,0.0,0.0,0.0
8,133503709,+,8,137636011,+,MESO,8641,TCGA-ZN-A9VP-01A,TCGA-ZN-A9VP-01A,1.0,0.0,0.0,0.0,0.0
8,137633604,-,8,137709289,-,MESO,8642,TCGA-ZN-A9VP-01A,TCGA-ZN-A9VP-01A,1.0,0.0,0.0,0.0,0.0
9,9335967,+,9,9638255,-,MESO,8643,TCGA-ZN-A9VP-01A,TCGA-ZN-A9VP-01A,1.0,0.0,0.0,0.0,0.0
9,9951276,-,9,9993839,+,MESO,8644,TCGA-ZN-A9VP-01A,TCGA-ZN-A9VP-01A,1.0,0.0,0.0,0.0,0.0
9,21963165,+,9,21975357,-,MESO,8645,TCGA-ZN-A9VP-01A,TCGA-ZN-A9VP-01A,1.0,0.0,0.0,0.0,0.0
9,40545623,-,9,43175993,+,MESO,8646,TCGA-ZN-A9VP-01A,TCGA-ZN-A9VP-01A,1.0,0.0,0.0,0.0,0.0
9,63627463,-,9,63629826,-,MESO,8647,TCGA-ZN-A9VP-01A,TCGA-ZN-A9VP-01A,1.0,0.0,0.0,0.0,0.0
23,116948061,+,23,118156533,-,MESO,8648,TCGA-ZN-A9VP-01A,TCGA-ZN-A9VP-01A,1.0,0.0,0.0,0.0,0.0
23,116948823,+,23,117983708,+,MESO,8649,TCGA-ZN-A9VP-01A,TCGA-ZN-A9VP-01A,1.0,0.0,0.0,0.0,0.0
23,117982702,-,23,118157450,+,MESO,8650,TCGA-ZN-A9VP-01A,TCGA-ZN-A9VP-01A,1.0,0.0,0.0,0.0,0.0
23,137562454,+,23,137566150,-,MESO,8651,TCGA-ZN-A9VP-01A,TCGA-ZN-A9VP-01A,1.0,0.0,0.0,0.0,0.0
1,18494926,+,1,107137380,-,MESO,8652,TCGA-ZN-A9VQ-01A,TCGA-ZN-A9VQ-01A,1.0,0.0,0.0,0.0,0.0
1,18494969,-,9,23717731,-,MESO,8653,TCGA-ZN-A9VQ-01A,TCGA-ZN-A9VQ-01A,1.0,0.0,0.0,0.0,0.0
1,65445351,+,1,65466936,-,MESO,8654,TCGA-ZN-A9VQ-01A,TCGA-ZN-A9VQ-01A,1.0,0.0,0.0,0.0,0.0
1,107137374,+,9,21704938,+,MESO,8655,TCGA-ZN-A9VQ-01A,TCGA-ZN-A9VQ-01A,1.0,0.0,0.0,0.0,0.0
1,121541994,-,5,50425735,-,MESO,8656,TCGA-ZN-A9VQ-01A,TCGA-ZN-A9VQ-01A,1.0,0.0,0.0,0.0,0.0
1,121542059,+,5,50425738,+,MESO,8657,TCGA-ZN-A9VQ-01A,TCGA-ZN-A9VQ-01A,1.0,0.0,0.0,0.0,0.0
10,32727951,-,22,21919053,+,MESO,8658,TCGA-ZN-A9VQ-01A,TCGA-ZN-A9VQ-01A,1.0,0.0,0.0,0.0,0.0
10,83455367,+,10,101959460,-,MESO,8659,TCGA-ZN-A9VQ-01A,TCGA-ZN-A9VQ-01A,1.0,0.0,0.0,0.0,0.0
10,83455419,-,18,24242920,-,MESO,8660,TCGA-ZN-A9VQ-01A,TCGA-ZN-A9VQ-01A,1.0,0.0,0.0,0.0,0.0
10,84236560,+,10,103118985,-,MESO,8661,TCGA-ZN-A9VQ-01A,TCGA-ZN-A9VQ-01A,1.0,0.0,0.0,0.0,0.0
10,101981133,+,18,23459338,+,MESO,8662,TCGA-ZN-A9VQ-01A,TCGA-ZN-A9VQ-01A,1.0,0.0,0.0,0.0,0.0
10,102007973,-,18,24082263,+,MESO,8663,TCGA-ZN-A9VQ-01A,TCGA-ZN-A9VQ-01A,1.0,0.0,0.0,0.0,0.0
10,102169657,+,18,23157208,-,MESO,8664,TCGA-ZN-A9VQ-01A,TCGA-ZN-A9VQ-01A,1.0,0.0,0.0,0.0,0.0
10,102928501,-,18,24172645,-,MESO,8665,TCGA-ZN-A9VQ-01A,TCGA-ZN-A9VQ-01A,1.0,0.0,0.0,0.0,0.0
10,103118886,+,18,23373983,+,MESO,8666,TCGA-ZN-A9VQ-01A,TCGA-ZN-A9VQ-01A,1.0,0.0,0.0,0.0,0.0
10,103235106,+,18,24242916,+,MESO,8667,TCGA-ZN-A9VQ-01A,TCGA-ZN-A9VQ-01A,1.0,0.0,0.0,0.0,0.0
10,103235118,-,18,23276260,-,MESO,8668,TCGA-ZN-A9VQ-01A,TCGA-ZN-A9VQ-01A,1.0,0.0,0.0,0.0,0.0
12,49086577,+,12,49091840,-,MESO,8669,TCGA-ZN-A9VQ-01A,TCGA-ZN-A9VQ-01A,1.0,0.0,0.0,0.0,0.0
12,68841042,+,14,57371948,-,MESO,8670,TCGA-ZN-A9VQ-01A,TCGA-ZN-A9VQ-01A,1.0,0.0,0.0,0.0,0.0
12,71518548,+,12,71799251,-,MESO,8671,TCGA-ZN-A9VQ-01A,TCGA-ZN-A9VQ-01A,1.0,0.0,0.0,0.0,0.0
12,129357492,+,12,129900561,-,MESO,8672,TCGA-ZN-A9VQ-01A,TCGA-ZN-A9VQ-01A,1.0,0.0,0.0,0.0,0.0
12,129405006,-,12,129785314,-,MESO,8673,TCGA-ZN-A9VQ-01A,TCGA-ZN-A9VQ-01A,1.0,0.0,0.0,0.0,0.0
12,129407394,+,12,129894321,+,MESO,8674,TCGA-ZN-A9VQ-01A,TCGA-ZN-A9VQ-01A,1.0,0.0,0.0,0.0,0.0
12,129409346,-,12,129787811,+,MESO,8675,TCGA-ZN-A9VQ-01A,TCGA-ZN-A9VQ-01A,1.0,0.0,0.0,0.0,0.0
12,129740044,+,12,129909989,-,MESO,8676,TCGA-ZN-A9VQ-01A,TCGA-ZN-A9VQ-01A,1.0,0.0,0.0,0.0,0.0
12,129740504,-,12,129900354,+,MESO,8677,TCGA-ZN-A9VQ-01A,TCGA-ZN-A9VQ-01A,1.0,0.0,0.0,0.0,0.0
12,129746399,+,12,129889657,-,MESO,8678,TCGA-ZN-A9VQ-01A,TCGA-ZN-A9VQ-01A,1.0,0.0,0.0,0.0,0.0
12,129894438,-,12,129906118,+,MESO,8679,TCGA-ZN-A9VQ-01A,TCGA-ZN-A9VQ-01A,1.0,0.0,0.0,0.0,0.0
13,17423047,-,13,17481344,+,MESO,8680,TCGA-ZN-A9VQ-01A,TCGA-ZN-A9VQ-01A,1.0,0.0,0.0,0.0,0.0
13,39421267,+,14,74084842,-,MESO,8681,TCGA-ZN-A9VQ-01A,TCGA-ZN-A9VQ-01A,1.0,0.0,0.0,0.0,0.0
13,39421274,-,13,40149385,-,MESO,8682,TCGA-ZN-A9VQ-01A,TCGA-ZN-A9VQ-01A,1.0,0.0,0.0,0.0,0.0
13,39423965,+,13,40151324,-,MESO,8683,TCGA-ZN-A9VQ-01A,TCGA-ZN-A9VQ-01A,1.0,0.0,0.0,0.0,0.0
13,40151325,+,14,73901882,+,MESO,8684,TCGA-ZN-A9VQ-01A,TCGA-ZN-A9VQ-01A,1.0,0.0,0.0,0.0,0.0
14,73885646,+,14,73900131,-,MESO,8685,TCGA-ZN-A9VQ-01A,TCGA-ZN-A9VQ-01A,1.0,0.0,0.0,0.0,0.0
15,20351941,+,15,20370597,-,MESO,8686,TCGA-ZN-A9VQ-01A,TCGA-ZN-A9VQ-01A,1.0,0.0,0.0,0.0,0.0
17,22825181,-,17,22844063,+,MESO,8687,TCGA-ZN-A9VQ-01A,TCGA-ZN-A9VQ-01A,1.0,0.0,0.0,0.0,0.0
17,28280389,+,17,52945103,-,MESO,8688,TCGA-ZN-A9VQ-01A,TCGA-ZN-A9VQ-01A,1.0,0.0,0.0,0.0,0.0
17,28280668,-,17,52944625,+,MESO,8689,TCGA-ZN-A9VQ-01A,TCGA-ZN-A9VQ-01A,1.0,0.0,0.0,0.0,0.0
17,52924463,+,17,52926579,+,MESO,8690,TCGA-ZN-A9VQ-01A,TCGA-ZN-A9VQ-01A,1.0,0.0,0.0,0.0,0.0
17,52926277,-,17,52926589,-,MESO,8691,TCGA-ZN-A9VQ-01A,TCGA-ZN-A9VQ-01A,1.0,0.0,0.0,0.0,0.0
17,56183266,+,17,56663061,-,MESO,8692,TCGA-ZN-A9VQ-01A,TCGA-ZN-A9VQ-01A,1.0,0.0,0.0,0.0,0.0
17,81970119,+,23,108047855,-,MESO,8693,TCGA-ZN-A9VQ-01A,TCGA-ZN-A9VQ-01A,1.0,0.0,0.0,0.0,0.0
18,15666360,-,18,15729374,+,MESO,8694,TCGA-ZN-A9VQ-01A,TCGA-ZN-A9VQ-01A,1.0,0.0,0.0,0.0,0.0
18,17608437,-,18,17609000,+,MESO,8695,TCGA-ZN-A9VQ-01A,TCGA-ZN-A9VQ-01A,1.0,0.0,0.0,0.0,0.0
18,23157244,+,18,23459353,-,MESO,8696,TCGA-ZN-A9VQ-01A,TCGA-ZN-A9VQ-01A,1.0,0.0,0.0,0.0,0.0
18,23373957,-,18,23387445,-,MESO,8697,TCGA-ZN-A9VQ-01A,TCGA-ZN-A9VQ-01A,1.0,0.0,0.0,0.0,0.0
18,23387372,+,18,24091678,-,MESO,8698,TCGA-ZN-A9VQ-01A,TCGA-ZN-A9VQ-01A,1.0,0.0,0.0,0.0,0.0
18,23418089,+,18,23419790,-,MESO,8699,TCGA-ZN-A9VQ-01A,TCGA-ZN-A9VQ-01A,1.0,0.0,0.0,0.0,0.0
18,24082370,-,18,24186449,+,MESO,8700,TCGA-ZN-A9VQ-01A,TCGA-ZN-A9VQ-01A,1.0,0.0,0.0,0.0,0.0
18,24091651,+,18,24172634,+,MESO,8701,TCGA-ZN-A9VQ-01A,TCGA-ZN-A9VQ-01A,1.0,0.0,0.0,0.0,0.0
18,53250642,+,18,53252424,-,MESO,8702,TCGA-ZN-A9VQ-01A,TCGA-ZN-A9VQ-01A,1.0,0.0,0.0,0.0,0.0
18,54333735,+,18,54334840,-,MESO,8703,TCGA-ZN-A9VQ-01A,TCGA-ZN-A9VQ-01A,1.0,0.0,0.0,0.0,0.0
19,47126106,+,19,47131256,-,MESO,8704,TCGA-ZN-A9VQ-01A,TCGA-ZN-A9VQ-01A,1.0,0.0,0.0,0.0,0.0
2,76018611,+,2,76062356,-,MESO,8705,TCGA-ZN-A9VQ-01A,TCGA-ZN-A9VQ-01A,1.0,0.0,0.0,0.0,0.0
2,91952307,-,24,11407350,+,MESO,8706,TCGA-ZN-A9VQ-01A,TCGA-ZN-A9VQ-01A,1.0,0.0,0.0,0.0,0.0
2,138610074,+,5,40273554,-,MESO,8707,TCGA-ZN-A9VQ-01A,TCGA-ZN-A9VQ-01A,1.0,0.0,0.0,0.0,0.0
2,174846938,+,2,175389280,-,MESO,8708,TCGA-ZN-A9VQ-01A,TCGA-ZN-A9VQ-01A,1.0,0.0,0.0,0.0,0.0
2,174847375,-,2,175292830,+,MESO,8709,TCGA-ZN-A9VQ-01A,TCGA-ZN-A9VQ-01A,1.0,0.0,0.0,0.0,0.0
2,174887057,+,2,175382974,+,MESO,8710,TCGA-ZN-A9VQ-01A,TCGA-ZN-A9VQ-01A,1.0,0.0,0.0,0.0,0.0
2,174887308,-,9,15501226,-,MESO,8711,TCGA-ZN-A9VQ-01A,TCGA-ZN-A9VQ-01A,1.0,0.0,0.0,0.0,0.0
2,174969832,+,2,175238929,+,MESO,8712,TCGA-ZN-A9VQ-01A,TCGA-ZN-A9VQ-01A,1.0,0.0,0.0,0.0,0.0
2,174969852,-,9,15221730,+,MESO,8713,TCGA-ZN-A9VQ-01A,TCGA-ZN-A9VQ-01A,1.0,0.0,0.0,0.0,0.0
2,174972609,+,2,175292947,-,MESO,8714,TCGA-ZN-A9VQ-01A,TCGA-ZN-A9VQ-01A,1.0,0.0,0.0,0.0,0.0
2,174972687,-,9,15510613,+,MESO,8715,TCGA-ZN-A9VQ-01A,TCGA-ZN-A9VQ-01A,1.0,0.0,0.0,0.0,0.0
2,175171291,+,9,15517751,+,MESO,8716,TCGA-ZN-A9VQ-01A,TCGA-ZN-A9VQ-01A,1.0,0.0,0.0,0.0,0.0
2,175171622,-,9,15510635,-,MESO,8717,TCGA-ZN-A9VQ-01A,TCGA-ZN-A9VQ-01A,1.0,0.0,0.0,0.0,0.0
2,175227381,-,9,15221934,-,MESO,8718,TCGA-ZN-A9VQ-01A,TCGA-ZN-A9VQ-01A,1.0,0.0,0.0,0.0,0.0
2,175239039,-,9,15227254,-,MESO,8719,TCGA-ZN-A9VQ-01A,TCGA-ZN-A9VQ-01A,1.0,0.0,0.0,0.0,0.0
2,175696370,+,9,15923739,+,MESO,8720,TCGA-ZN-A9VQ-01A,TCGA-ZN-A9VQ-01A,1.0,0.0,0.0,0.0,0.0
2,175696489,-,9,15500997,+,MESO,8721,TCGA-ZN-A9VQ-01A,TCGA-ZN-A9VQ-01A,1.0,0.0,0.0,0.0,0.0
2,176067560,+,9,15227173,+,MESO,8722,TCGA-ZN-A9VQ-01A,TCGA-ZN-A9VQ-01A,1.0,0.0,0.0,0.0,0.0
2,176067610,-,9,15923783,-,MESO,8723,TCGA-ZN-A9VQ-01A,TCGA-ZN-A9VQ-01A,1.0,0.0,0.0,0.0,0.0
2,180473193,+,2,180475270,-,MESO,8724,TCGA-ZN-A9VQ-01A,TCGA-ZN-A9VQ-01A,1.0,0.0,0.0,0.0,0.0
3,44928613,+,3,57079110,-,MESO,8725,TCGA-ZN-A9VQ-01A,TCGA-ZN-A9VQ-01A,1.0,0.0,0.0,0.0,0.0
3,86926140,+,3,86940709,-,MESO,8726,TCGA-ZN-A9VQ-01A,TCGA-ZN-A9VQ-01A,1.0,0.0,0.0,0.0,0.0
3,153626033,-,3,153639349,-,MESO,8727,TCGA-ZN-A9VQ-01A,TCGA-ZN-A9VQ-01A,1.0,0.0,0.0,0.0,0.0
3,153626037,+,3,153639343,+,MESO,8728,TCGA-ZN-A9VQ-01A,TCGA-ZN-A9VQ-01A,1.0,0.0,0.0,0.0,0.0
3,186571003,-,12,68841074,-,MESO,8729,TCGA-ZN-A9VQ-01A,TCGA-ZN-A9VQ-01A,1.0,0.0,0.0,0.0,0.0
3,186571853,+,14,57372170,+,MESO,8730,TCGA-ZN-A9VQ-01A,TCGA-ZN-A9VQ-01A,1.0,0.0,0.0,0.0,0.0
4,49898935,-,4,50084430,+,MESO,8731,TCGA-ZN-A9VQ-01A,TCGA-ZN-A9VQ-01A,1.0,0.0,0.0,0.0,0.0
4,53920270,+,4,54250061,+,MESO,8732,TCGA-ZN-A9VQ-01A,TCGA-ZN-A9VQ-01A,1.0,0.0,0.0,0.0,0.0
4,53969625,-,4,69339061,-,MESO,8733,TCGA-ZN-A9VQ-01A,TCGA-ZN-A9VQ-01A,1.0,0.0,0.0,0.0,0.0
4,54198236,-,4,54252513,-,MESO,8734,TCGA-ZN-A9VQ-01A,TCGA-ZN-A9VQ-01A,1.0,0.0,0.0,0.0,0.0
4,54258516,+,4,69341020,+,MESO,8735,TCGA-ZN-A9VQ-01A,TCGA-ZN-A9VQ-01A,1.0,0.0,0.0,0.0,0.0
4,54391394,-,4,69350125,-,MESO,8736,TCGA-ZN-A9VQ-01A,TCGA-ZN-A9VQ-01A,1.0,0.0,0.0,0.0,0.0
4,54392284,-,4,69351001,+,MESO,8737,TCGA-ZN-A9VQ-01A,TCGA-ZN-A9VQ-01A,1.0,0.0,0.0,0.0,0.0
4,63049432,+,4,84324109,-,MESO,8738,TCGA-ZN-A9VQ-01A,TCGA-ZN-A9VQ-01A,1.0,0.0,0.0,0.0,0.0
4,68438087,+,4,68442103,-,MESO,8739,TCGA-ZN-A9VQ-01A,TCGA-ZN-A9VQ-01A,1.0,0.0,0.0,0.0,0.0
4,156763836,+,4,158967645,-,MESO,8740,TCGA-ZN-A9VQ-01A,TCGA-ZN-A9VQ-01A,1.0,0.0,0.0,0.0,0.0
5,19365047,+,5,19385434,-,MESO,8741,TCGA-ZN-A9VQ-01A,TCGA-ZN-A9VQ-01A,1.0,0.0,0.0,0.0,0.0
5,42722529,+,5,42732132,-,MESO,8742,TCGA-ZN-A9VQ-01A,TCGA-ZN-A9VQ-01A,1.0,0.0,0.0,0.0,0.0
5,49853417,-,5,49855798,+,MESO,8743,TCGA-ZN-A9VQ-01A,TCGA-ZN-A9VQ-01A,1.0,0.0,0.0,0.0,0.0
5,86064886,+,5,86066343,-,MESO,8744,TCGA-ZN-A9VQ-01A,TCGA-ZN-A9VQ-01A,1.0,0.0,0.0,0.0,0.0
5,178682065,+,11,119037906,-,MESO,8745,TCGA-ZN-A9VQ-01A,TCGA-ZN-A9VQ-01A,1.0,0.0,0.0,0.0,0.0
6,61170187,+,6,75472023,-,MESO,8746,TCGA-ZN-A9VQ-01A,TCGA-ZN-A9VQ-01A,1.0,0.0,0.0,0.0,0.0
6,77762811,+,6,78007853,+,MESO,8747,TCGA-ZN-A9VQ-01A,TCGA-ZN-A9VQ-01A,1.0,0.0,0.0,0.0,0.0
7,52545943,+,13,81388079,+,MESO,8748,TCGA-ZN-A9VQ-01A,TCGA-ZN-A9VQ-01A,1.0,0.0,0.0,0.0,0.0
7,52547480,-,13,81388093,-,MESO,8749,TCGA-ZN-A9VQ-01A,TCGA-ZN-A9VQ-01A,1.0,0.0,0.0,0.0,0.0
7,66768012,+,13,62409498,-,MESO,8750,TCGA-ZN-A9VQ-01A,TCGA-ZN-A9VQ-01A,1.0,0.0,0.0,0.0,0.0
7,66768312,-,13,62409490,+,MESO,8751,TCGA-ZN-A9VQ-01A,TCGA-ZN-A9VQ-01A,1.0,0.0,0.0,0.0,0.0
7,137972709,+,17,80044682,-,MESO,8752,TCGA-ZN-A9VQ-01A,TCGA-ZN-A9VQ-01A,1.0,0.0,0.0,0.0,0.0
7,137972750,-,17,80044731,+,MESO,8753,TCGA-ZN-A9VQ-01A,TCGA-ZN-A9VQ-01A,1.0,0.0,0.0,0.0,0.0
8,9747162,+,8,9749633,-,MESO,8754,TCGA-ZN-A9VQ-01A,TCGA-ZN-A9VQ-01A,1.0,0.0,0.0,0.0,0.0
8,54257254,-,8,54257367,+,MESO,8755,TCGA-ZN-A9VQ-01A,TCGA-ZN-A9VQ-01A,1.0,0.0,0.0,0.0,0.0
8,79333910,+,8,79370516,-,MESO,8756,TCGA-ZN-A9VQ-01A,TCGA-ZN-A9VQ-01A,1.0,0.0,0.0,0.0,0.0
9,19455261,+,9,19742462,+,MESO,8757,TCGA-ZN-A9VQ-01A,TCGA-ZN-A9VQ-01A,1.0,0.0,0.0,0.0,0.0
9,19668311,-,9,24840894,-,MESO,8758,TCGA-ZN-A9VQ-01A,TCGA-ZN-A9VQ-01A,1.0,0.0,0.0,0.0,0.0
9,43427899,-,9,43428477,+,MESO,8759,TCGA-ZN-A9VQ-01A,TCGA-ZN-A9VQ-01A,1.0,0.0,0.0,0.0,0.0
1,121806924,-,1,122104400,-,MESO,8760,TCGA-ZN-A9VS-01A,TCGA-ZN-A9VS-01A,1.0,0.0,0.0,0.0,0.0
1,122266943,-,1,122395603,+,MESO,8761,TCGA-ZN-A9VS-01A,TCGA-ZN-A9VS-01A,1.0,0.0,0.0,0.0,0.0
1,122398271,-,1,122454065,+,MESO,8762,TCGA-ZN-A9VS-01A,TCGA-ZN-A9VS-01A,1.0,0.0,0.0,0.0,0.0
1,204164721,-,1,205728153,+,MESO,8763,TCGA-ZN-A9VS-01A,TCGA-ZN-A9VS-01A,1.0,0.0,0.0,0.0,0.0
10,16645955,-,16,17098077,+,MESO,8764,TCGA-ZN-A9VS-01A,TCGA-ZN-A9VS-01A,1.0,0.0,0.0,0.0,0.0
10,105974249,+,10,105974597,-,MESO,8765,TCGA-ZN-A9VS-01A,TCGA-ZN-A9VS-01A,1.0,0.0,0.0,0.0,0.0
11,51987102,-,11,52558545,+,MESO,8766,TCGA-ZN-A9VS-01A,TCGA-ZN-A9VS-01A,1.0,0.0,0.0,0.0,0.0
11,54369534,+,11,54419532,-,MESO,8767,TCGA-ZN-A9VS-01A,TCGA-ZN-A9VS-01A,1.0,0.0,0.0,0.0,0.0
11,118371711,-,11,118633511,+,MESO,8768,TCGA-ZN-A9VS-01A,TCGA-ZN-A9VS-01A,1.0,0.0,0.0,0.0,0.0
13,18653027,-,21,6885108,+,MESO,8769,TCGA-ZN-A9VS-01A,TCGA-ZN-A9VS-01A,1.0,0.0,0.0,0.0,0.0
14,67932236,-,14,68115160,+,MESO,8770,TCGA-ZN-A9VS-01A,TCGA-ZN-A9VS-01A,1.0,0.0,0.0,0.0,0.0
14,67932923,-,14,68113883,+,MESO,8771,TCGA-ZN-A9VS-01A,TCGA-ZN-A9VS-01A,1.0,0.0,0.0,0.0,0.0
14,67933190,+,14,68110393,-,MESO,8772,TCGA-ZN-A9VS-01A,TCGA-ZN-A9VS-01A,1.0,0.0,0.0,0.0,0.0
14,67933191,+,14,68110397,+,MESO,8773,TCGA-ZN-A9VS-01A,TCGA-ZN-A9VS-01A,1.0,0.0,0.0,0.0,0.0
14,67933197,-,14,68110543,-,MESO,8774,TCGA-ZN-A9VS-01A,TCGA-ZN-A9VS-01A,1.0,0.0,0.0,0.0,0.0
14,67933320,+,14,68110496,+,MESO,8775,TCGA-ZN-A9VS-01A,TCGA-ZN-A9VS-01A,1.0,0.0,0.0,0.0,0.0
14,68036695,-,14,68113869,-,MESO,8776,TCGA-ZN-A9VS-01A,TCGA-ZN-A9VS-01A,1.0,0.0,0.0,0.0,0.0
14,68037342,+,14,68111096,+,MESO,8777,TCGA-ZN-A9VS-01A,TCGA-ZN-A9VS-01A,1.0,0.0,0.0,0.0,0.0
14,68109479,-,14,68110929,+,MESO,8778,TCGA-ZN-A9VS-01A,TCGA-ZN-A9VS-01A,1.0,0.0,0.0,0.0,0.0
14,68109482,+,14,68109795,+,MESO,8779,TCGA-ZN-A9VS-01A,TCGA-ZN-A9VS-01A,1.0,0.0,0.0,0.0,0.0
14,68109695,-,14,68110810,-,MESO,8780,TCGA-ZN-A9VS-01A,TCGA-ZN-A9VS-01A,1.0,0.0,0.0,0.0,0.0
14,68109794,-,14,68110928,-,MESO,8781,TCGA-ZN-A9VS-01A,TCGA-ZN-A9VS-01A,1.0,0.0,0.0,0.0,0.0
14,68109794,-,14,68113419,+,MESO,8782,TCGA-ZN-A9VS-01A,TCGA-ZN-A9VS-01A,1.0,0.0,0.0,0.0,0.0
14,68110396,+,14,68110547,+,MESO,8783,TCGA-ZN-A9VS-01A,TCGA-ZN-A9VS-01A,1.0,0.0,0.0,0.0,0.0
14,68110830,-,14,68113224,-,MESO,8784,TCGA-ZN-A9VS-01A,TCGA-ZN-A9VS-01A,1.0,0.0,0.0,0.0,0.0
14,68110927,-,14,68113350,-,MESO,8785,TCGA-ZN-A9VS-01A,TCGA-ZN-A9VS-01A,1.0,0.0,0.0,0.0,0.0
15,77410167,+,15,77437696,-,MESO,8786,TCGA-ZN-A9VS-01A,TCGA-ZN-A9VS-01A,1.0,0.0,0.0,0.0,0.0
15,79061414,-,17,10159066,-,MESO,8787,TCGA-ZN-A9VS-01A,TCGA-ZN-A9VS-01A,1.0,0.0,0.0,0.0,0.0
16,6316974,+,16,6486444,-,MESO,8788,TCGA-ZN-A9VS-01A,TCGA-ZN-A9VS-01A,1.0,0.0,0.0,0.0,0.0
16,6441475,+,16,6524833,-,MESO,8789,TCGA-ZN-A9VS-01A,TCGA-ZN-A9VS-01A,1.0,0.0,0.0,0.0,0.0
16,30601339,+,16,30746085,-,MESO,8790,TCGA-ZN-A9VS-01A,TCGA-ZN-A9VS-01A,1.0,0.0,0.0,0.0,0.0
16,37104192,-,16,37939265,+,MESO,8791,TCGA-ZN-A9VS-01A,TCGA-ZN-A9VS-01A,1.0,0.0,0.0,0.0,0.0
17,22830785,-,17,23123399,+,MESO,8792,TCGA-ZN-A9VS-01A,TCGA-ZN-A9VS-01A,1.0,0.0,0.0,0.0,0.0
17,41476799,-,17,41478407,-,MESO,8793,TCGA-ZN-A9VS-01A,TCGA-ZN-A9VS-01A,1.0,0.0,0.0,0.0,0.0
17,41478843,-,19,8379088,-,MESO,8794,TCGA-ZN-A9VS-01A,TCGA-ZN-A9VS-01A,1.0,0.0,0.0,0.0,0.0
17,41478957,+,17,41621639,+,MESO,8795,TCGA-ZN-A9VS-01A,TCGA-ZN-A9VS-01A,1.0,0.0,0.0,0.0,0.0
17,41478962,-,17,41621633,-,MESO,8796,TCGA-ZN-A9VS-01A,TCGA-ZN-A9VS-01A,1.0,0.0,0.0,0.0,0.0
19,16460442,+,19,16461711,-,MESO,8797,TCGA-ZN-A9VS-01A,TCGA-ZN-A9VS-01A,1.0,0.0,0.0,0.0,0.0
3,45233492,+,3,82763040,-,MESO,8798,TCGA-ZN-A9VS-01A,TCGA-ZN-A9VS-01A,1.0,0.0,0.0,0.0,0.0
3,45270477,-,3,63094930,-,MESO,8799,TCGA-ZN-A9VS-01A,TCGA-ZN-A9VS-01A,1.0,0.0,0.0,0.0,0.0
3,45272537,+,3,63134180,-,MESO,8800,TCGA-ZN-A9VS-01A,TCGA-ZN-A9VS-01A,1.0,0.0,0.0,0.0,0.0
3,49027197,-,3,150358838,+,MESO,8801,TCGA-ZN-A9VS-01A,TCGA-ZN-A9VS-01A,1.0,0.0,0.0,0.0,0.0
3,50827805,+,3,148449670,-,MESO,8802,TCGA-ZN-A9VS-01A,TCGA-ZN-A9VS-01A,1.0,0.0,0.0,0.0,0.0
3,52590775,-,3,52654941,+,MESO,8803,TCGA-ZN-A9VS-01A,TCGA-ZN-A9VS-01A,1.0,0.0,0.0,0.0,0.0
3,63097308,+,3,63131934,-,MESO,8804,TCGA-ZN-A9VS-01A,TCGA-ZN-A9VS-01A,1.0,0.0,0.0,0.0,0.0
3,63133812,+,3,80484138,-,MESO,8805,TCGA-ZN-A9VS-01A,TCGA-ZN-A9VS-01A,1.0,0.0,0.0,0.0,0.0
3,80478531,+,3,80995567,-,MESO,8806,TCGA-ZN-A9VS-01A,TCGA-ZN-A9VS-01A,1.0,0.0,0.0,0.0,0.0
3,80995567,+,3,82769838,-,MESO,8807,TCGA-ZN-A9VS-01A,TCGA-ZN-A9VS-01A,1.0,0.0,0.0,0.0,0.0
3,82763008,+,3,82767395,-,MESO,8808,TCGA-ZN-A9VS-01A,TCGA-ZN-A9VS-01A,1.0,0.0,0.0,0.0,0.0
3,82766747,+,3,82769784,+,MESO,8809,TCGA-ZN-A9VS-01A,TCGA-ZN-A9VS-01A,1.0,0.0,0.0,0.0,0.0
3,129222593,-,3,129366719,+,MESO,8810,TCGA-ZN-A9VS-01A,TCGA-ZN-A9VS-01A,1.0,0.0,0.0,0.0,0.0
4,21089988,-,4,68532029,+,MESO,8811,TCGA-ZN-A9VS-01A,TCGA-ZN-A9VS-01A,1.0,0.0,0.0,0.0,0.0
4,51640984,+,4,51721202,-,MESO,8812,TCGA-ZN-A9VS-01A,TCGA-ZN-A9VS-01A,1.0,0.0,0.0,0.0,0.0
5,47166741,+,5,47213067,-,MESO,8813,TCGA-ZN-A9VS-01A,TCGA-ZN-A9VS-01A,1.0,0.0,0.0,0.0,0.0
5,49670609,-,5,49719374,+,MESO,8814,TCGA-ZN-A9VS-01A,TCGA-ZN-A9VS-01A,1.0,0.0,0.0,0.0,0.0
6,80958342,+,6,168350799,-,MESO,8815,TCGA-ZN-A9VS-01A,TCGA-ZN-A9VS-01A,1.0,0.0,0.0,0.0,0.0
6,167641393,-,15,81175765,+,MESO,8816,TCGA-ZN-A9VS-01A,TCGA-ZN-A9VS-01A,1.0,0.0,0.0,0.0,0.0
7,57673200,+,20,26263461,+,MESO,8817,TCGA-ZN-A9VS-01A,TCGA-ZN-A9VS-01A,1.0,0.0,0.0,0.0,0.0
7,67885726,-,10,100059535,+,MESO,8818,TCGA-ZN-A9VS-01A,TCGA-ZN-A9VS-01A,1.0,0.0,0.0,0.0,0.0
8,6150732,-,13,40393792,+,MESO,8819,TCGA-ZN-A9VS-01A,TCGA-ZN-A9VS-01A,1.0,0.0,0.0,0.0,0.0
9,1456012,+,9,1658117,-,MESO,8820,TCGA-ZN-A9VS-01A,TCGA-ZN-A9VS-01A,1.0,0.0,0.0,0.0,0.0
9,21006556,+,9,29775719,-,MESO,8821,TCGA-ZN-A9VS-01A,TCGA-ZN-A9VS-01A,1.0,0.0,0.0,0.0,0.0
9,30869086,+,9,32982909,-,MESO,8822,TCGA-ZN-A9VS-01A,TCGA-ZN-A9VS-01A,1.0,0.0,0.0,0.0,0.0
9,44577253,-,9,44806713,+,MESO,8823,TCGA-ZN-A9VS-01A,TCGA-ZN-A9VS-01A,1.0,0.0,0.0,0.0,0.0
9,87486367,+,9,87529170,-,MESO,8824,TCGA-ZN-A9VS-01A,TCGA-ZN-A9VS-01A,1.0,0.0,0.0,0.0,0.0
1,29418855,+,5,95738905,+,MESO,8825,TCGA-ZN-A9VU-01A,TCGA-ZN-A9VU-01A,1.0,0.0,0.0,0.0,0.0
1,122137254,-,1,122150442,+,MESO,8826,TCGA-ZN-A9VU-01A,TCGA-ZN-A9VU-01A,1.0,0.0,0.0,0.0,0.0
11,51206469,+,11,54247844,-,MESO,8827,TCGA-ZN-A9VU-01A,TCGA-ZN-A9VU-01A,1.0,0.0,0.0,0.0,0.0
11,52651131,+,11,53292410,-,MESO,8828,TCGA-ZN-A9VU-01A,TCGA-ZN-A9VU-01A,1.0,0.0,0.0,0.0,0.0
11,54356284,+,11,54410770,-,MESO,8829,TCGA-ZN-A9VU-01A,TCGA-ZN-A9VU-01A,1.0,0.0,0.0,0.0,0.0
11,55982939,+,19,42944662,-,MESO,8830,TCGA-ZN-A9VU-01A,TCGA-ZN-A9VU-01A,1.0,0.0,0.0,0.0,0.0
11,56009220,-,19,42931943,-,MESO,8831,TCGA-ZN-A9VU-01A,TCGA-ZN-A9VU-01A,1.0,0.0,0.0,0.0,0.0
13,18800901,-,21,13899408,+,MESO,8832,TCGA-ZN-A9VU-01A,TCGA-ZN-A9VU-01A,1.0,0.0,0.0,0.0,0.0
15,81310301,+,15,81369399,-,MESO,8833,TCGA-ZN-A9VU-01A,TCGA-ZN-A9VU-01A,1.0,0.0,0.0,0.0,0.0
17,23187961,-,17,23194901,+,MESO,8834,TCGA-ZN-A9VU-01A,TCGA-ZN-A9VU-01A,1.0,0.0,0.0,0.0,0.0
17,50867082,-,19,14508355,-,MESO,8835,TCGA-ZN-A9VU-01A,TCGA-ZN-A9VU-01A,1.0,0.0,0.0,0.0,0.0
18,15472534,+,18,15573280,-,MESO,8836,TCGA-ZN-A9VU-01A,TCGA-ZN-A9VU-01A,1.0,0.0,0.0,0.0,0.0
18,15730460,+,18,20667593,-,MESO,8837,TCGA-ZN-A9VU-01A,TCGA-ZN-A9VU-01A,1.0,0.0,0.0,0.0,0.0
19,42929674,+,19,42933978,+,MESO,8838,TCGA-ZN-A9VU-01A,TCGA-ZN-A9VU-01A,1.0,0.0,0.0,0.0,0.0
2,196069463,+,2,199870695,-,MESO,8839,TCGA-ZN-A9VU-01A,TCGA-ZN-A9VU-01A,1.0,0.0,0.0,0.0,0.0
2,196146608,-,2,199757051,-,MESO,8840,TCGA-ZN-A9VU-01A,TCGA-ZN-A9VU-01A,1.0,0.0,0.0,0.0,0.0
2,196149294,+,5,107021039,+,MESO,8841,TCGA-ZN-A9VU-01A,TCGA-ZN-A9VU-01A,1.0,0.0,0.0,0.0,0.0
2,196245777,-,2,198441400,+,MESO,8842,TCGA-ZN-A9VU-01A,TCGA-ZN-A9VU-01A,1.0,0.0,0.0,0.0,0.0
2,196259980,+,2,199002884,-,MESO,8843,TCGA-ZN-A9VU-01A,TCGA-ZN-A9VU-01A,1.0,0.0,0.0,0.0,0.0
2,196325093,-,5,106212164,+,MESO,8844,TCGA-ZN-A9VU-01A,TCGA-ZN-A9VU-01A,1.0,0.0,0.0,0.0,0.0
2,197483837,+,2,199871974,+,MESO,8845,TCGA-ZN-A9VU-01A,TCGA-ZN-A9VU-01A,1.0,0.0,0.0,0.0,0.0
2,197768988,-,2,198951908,-,MESO,8846,TCGA-ZN-A9VU-01A,TCGA-ZN-A9VU-01A,1.0,0.0,0.0,0.0,0.0
2,198362939,+,5,106393283,-,MESO,8847,TCGA-ZN-A9VU-01A,TCGA-ZN-A9VU-01A,1.0,0.0,0.0,0.0,0.0
2,198362956,-,2,199007332,+,MESO,8848,TCGA-ZN-A9VU-01A,TCGA-ZN-A9VU-01A,1.0,0.0,0.0,0.0,0.0
2,198370773,+,2,198707528,+,MESO,8849,TCGA-ZN-A9VU-01A,TCGA-ZN-A9VU-01A,1.0,0.0,0.0,0.0,0.0
2,198425318,-,2,198951070,-,MESO,8850,TCGA-ZN-A9VU-01A,TCGA-ZN-A9VU-01A,1.0,0.0,0.0,0.0,0.0
2,198455020,-,2,198852986,+,MESO,8851,TCGA-ZN-A9VU-01A,TCGA-ZN-A9VU-01A,1.0,0.0,0.0,0.0,0.0
2,198707577,-,2,199911341,-,MESO,8852,TCGA-ZN-A9VU-01A,TCGA-ZN-A9VU-01A,1.0,0.0,0.0,0.0,0.0
2,198718575,+,2,198853007,-,MESO,8853,TCGA-ZN-A9VU-01A,TCGA-ZN-A9VU-01A,1.0,0.0,0.0,0.0,0.0
2,198814187,-,2,198932770,-,MESO,8854,TCGA-ZN-A9VU-01A,TCGA-ZN-A9VU-01A,1.0,0.0,0.0,0.0,0.0
2,198875846,+,2,198953537,-,MESO,8855,TCGA-ZN-A9VU-01A,TCGA-ZN-A9VU-01A,1.0,0.0,0.0,0.0,0.0
2,198951048,+,5,106160237,-,MESO,8856,TCGA-ZN-A9VU-01A,TCGA-ZN-A9VU-01A,1.0,0.0,0.0,0.0,0.0
2,198951708,+,5,106393273,+,MESO,8857,TCGA-ZN-A9VU-01A,TCGA-ZN-A9VU-01A,1.0,0.0,0.0,0.0,0.0
2,198952714,+,5,107261949,-,MESO,8858,TCGA-ZN-A9VU-01A,TCGA-ZN-A9VU-01A,1.0,0.0,0.0,0.0,0.0
2,198954334,+,2,199528548,+,MESO,8859,TCGA-ZN-A9VU-01A,TCGA-ZN-A9VU-01A,1.0,0.0,0.0,0.0,0.0
2,199120075,-,5,106041413,+,MESO,8860,TCGA-ZN-A9VU-01A,TCGA-ZN-A9VU-01A,1.0,0.0,0.0,0.0,0.0
2,199828724,+,5,107163207,+,MESO,8861,TCGA-ZN-A9VU-01A,TCGA-ZN-A9VU-01A,1.0,0.0,0.0,0.0,0.0
2,199871994,-,2,199938398,+,MESO,8862,TCGA-ZN-A9VU-01A,TCGA-ZN-A9VU-01A,1.0,0.0,0.0,0.0,0.0
2,199911289,+,5,107108100,-,MESO,8863,TCGA-ZN-A9VU-01A,TCGA-ZN-A9VU-01A,1.0,0.0,0.0,0.0,0.0
2,199938429,-,5,106260212,-,MESO,8864,TCGA-ZN-A9VU-01A,TCGA-ZN-A9VU-01A,1.0,0.0,0.0,0.0,0.0
2,222265691,+,4,81092466,-,MESO,8865,TCGA-ZN-A9VU-01A,TCGA-ZN-A9VU-01A,1.0,0.0,0.0,0.0,0.0
20,28947518,+,21,5276504,+,MESO,8866,TCGA-ZN-A9VU-01A,TCGA-ZN-A9VU-01A,1.0,0.0,0.0,0.0,0.0
3,44999867,+,3,52976055,-,MESO,8867,TCGA-ZN-A9VU-01A,TCGA-ZN-A9VU-01A,1.0,0.0,0.0,0.0,0.0
3,60955588,-,8,93405631,-,MESO,8868,TCGA-ZN-A9VU-01A,TCGA-ZN-A9VU-01A,1.0,0.0,0.0,0.0,0.0
3,89709004,+,11,59282585,-,MESO,8869,TCGA-ZN-A9VU-01A,TCGA-ZN-A9VU-01A,1.0,0.0,0.0,0.0,0.0
3,90896184,-,3,91158770,+,MESO,8870,TCGA-ZN-A9VU-01A,TCGA-ZN-A9VU-01A,1.0,0.0,0.0,0.0,0.0
4,51595163,+,4,51602148,-,MESO,8871,TCGA-ZN-A9VU-01A,TCGA-ZN-A9VU-01A,1.0,0.0,0.0,0.0,0.0
4,151031318,+,4,151032746,-,MESO,8872,TCGA-ZN-A9VU-01A,TCGA-ZN-A9VU-01A,1.0,0.0,0.0,0.0,0.0
6,26358073,+,21,42342804,+,MESO,8873,TCGA-ZN-A9VU-01A,TCGA-ZN-A9VU-01A,1.0,0.0,0.0,0.0,0.0
6,59420934,-,6,59650320,+,MESO,8874,TCGA-ZN-A9VU-01A,TCGA-ZN-A9VU-01A,1.0,0.0,0.0,0.0,0.0
9,43950162,-,9,45299328,+,MESO,8875,TCGA-ZN-A9VU-01A,TCGA-ZN-A9VU-01A,1.0,0.0,0.0,0.0,0.0
1,124814890,-,1,124819362,+,MESO,8876,TCGA-ZN-A9VV-01A,TCGA-ZN-A9VV-01A,1.0,0.0,0.0,0.0,0.0
1,124896934,-,1,124912220,+,MESO,8877,TCGA-ZN-A9VV-01A,TCGA-ZN-A9VV-01A,1.0,0.0,0.0,0.0,0.0
10,81961737,+,10,82070652,-,MESO,8878,TCGA-ZN-A9VV-01A,TCGA-ZN-A9VV-01A,1.0,0.0,0.0,0.0,0.0
10,116599257,-,18,22256156,+,MESO,8879,TCGA-ZN-A9VV-01A,TCGA-ZN-A9VV-01A,1.0,0.0,0.0,0.0,0.0
11,16168125,+,11,16257676,-,MESO,8880,TCGA-ZN-A9VV-01A,TCGA-ZN-A9VV-01A,1.0,0.0,0.0,0.0,0.0
11,21517026,-,13,54480313,-,MESO,8881,TCGA-ZN-A9VV-01A,TCGA-ZN-A9VV-01A,1.0,0.0,0.0,0.0,0.0
11,52487988,+,11,52895191,-,MESO,8882,TCGA-ZN-A9VV-01A,TCGA-ZN-A9VV-01A,1.0,0.0,0.0,0.0,0.0
11,54361789,+,11,54395793,-,MESO,8883,TCGA-ZN-A9VV-01A,TCGA-ZN-A9VV-01A,1.0,0.0,0.0,0.0,0.0
12,34797606,+,12,34817655,-,MESO,8884,TCGA-ZN-A9VV-01A,TCGA-ZN-A9VV-01A,1.0,0.0,0.0,0.0,0.0
13,16121544,+,20,29242671,+,MESO,8885,TCGA-ZN-A9VV-01A,TCGA-ZN-A9VV-01A,1.0,0.0,0.0,0.0,0.0
13,16624564,+,13,16857395,-,MESO,8886,TCGA-ZN-A9VV-01A,TCGA-ZN-A9VV-01A,1.0,0.0,0.0,0.0,0.0
15,50723686,+,15,51038252,-,MESO,8887,TCGA-ZN-A9VV-01A,TCGA-ZN-A9VV-01A,1.0,0.0,0.0,0.0,0.0
16,7122374,+,16,7405199,-,MESO,8888,TCGA-ZN-A9VV-01A,TCGA-ZN-A9VV-01A,1.0,0.0,0.0,0.0,0.0
2,11527476,+,2,11561557,-,MESO,8889,TCGA-ZN-A9VV-01A,TCGA-ZN-A9VV-01A,1.0,0.0,0.0,0.0,0.0
3,9579053,+,19,3127969,+,MESO,8890,TCGA-ZN-A9VV-01A,TCGA-ZN-A9VV-01A,1.0,0.0,0.0,0.0,0.0
3,45976913,+,3,55978546,-,MESO,8891,TCGA-ZN-A9VV-01A,TCGA-ZN-A9VV-01A,1.0,0.0,0.0,0.0,0.0
3,75642725,-,20,29443903,-,MESO,8892,TCGA-ZN-A9VV-01A,TCGA-ZN-A9VV-01A,1.0,0.0,0.0,0.0,0.0
3,90955535,-,3,91233284,+,MESO,8893,TCGA-ZN-A9VV-01A,TCGA-ZN-A9VV-01A,1.0,0.0,0.0,0.0,0.0
3,97542971,+,3,97678059,-,MESO,8894,TCGA-ZN-A9VV-01A,TCGA-ZN-A9VV-01A,1.0,0.0,0.0,0.0,0.0
3,116925248,+,3,116947100,-,MESO,8895,TCGA-ZN-A9VV-01A,TCGA-ZN-A9VV-01A,1.0,0.0,0.0,0.0,0.0
3,134977103,+,3,135019446,-,MESO,8896,TCGA-ZN-A9VV-01A,TCGA-ZN-A9VV-01A,1.0,0.0,0.0,0.0,0.0
4,51407889,-,4,51641016,+,MESO,8897,TCGA-ZN-A9VV-01A,TCGA-ZN-A9VV-01A,1.0,0.0,0.0,0.0,0.0
5,47086451,+,5,47095320,-,MESO,8898,TCGA-ZN-A9VV-01A,TCGA-ZN-A9VV-01A,1.0,0.0,0.0,0.0,0.0
5,47264945,+,5,47289514,-,MESO,8899,TCGA-ZN-A9VV-01A,TCGA-ZN-A9VV-01A,1.0,0.0,0.0,0.0,0.0
5,49693463,+,5,49704993,-,MESO,8900,TCGA-ZN-A9VV-01A,TCGA-ZN-A9VV-01A,1.0,0.0,0.0,0.0,0.0
6,129848224,+,6,162498879,+,MESO,8901,TCGA-ZN-A9VV-01A,TCGA-ZN-A9VV-01A,1.0,0.0,0.0,0.0,0.0
6,129848253,-,6,162498953,-,MESO,8902,TCGA-ZN-A9VV-01A,TCGA-ZN-A9VV-01A,1.0,0.0,0.0,0.0,0.0
7,58174334,-,7,58237611,+,MESO,8903,TCGA-ZN-A9VV-01A,TCGA-ZN-A9VV-01A,1.0,0.0,0.0,0.0,0.0
7,79293113,+,7,79510484,-,MESO,8904,TCGA-ZN-A9VV-01A,TCGA-ZN-A9VV-01A,1.0,0.0,0.0,0.0,0.0
9,76405824,+,9,76538708,-,MESO,8905,TCGA-ZN-A9VV-01A,TCGA-ZN-A9VV-01A,1.0,0.0,0.0,0.0,0.0
23,106310136,+,23,111012032,+,MESO,8906,TCGA-ZN-A9VV-01A,TCGA-ZN-A9VV-01A,1.0,0.0,0.0,0.0,0.0
23,106898956,-,23,111605120,-,MESO,8907,TCGA-ZN-A9VV-01A,TCGA-ZN-A9VV-01A,1.0,0.0,0.0,0.0,0.0
1,24574390,-,4,1046793,+,MESO,8908,TCGA-ZN-A9VW-01A,TCGA-ZN-A9VW-01A,1.0,0.0,0.0,0.0,0.0
1,103765930,+,1,103773246,-,MESO,8909,TCGA-ZN-A9VW-01A,TCGA-ZN-A9VW-01A,1.0,0.0,0.0,0.0,0.0
1,121792500,+,1,122167427,+,MESO,8910,TCGA-ZN-A9VW-01A,TCGA-ZN-A9VW-01A,1.0,0.0,0.0,0.0,0.0
1,170708512,+,5,24165750,-,MESO,8911,TCGA-ZN-A9VW-01A,TCGA-ZN-A9VW-01A,1.0,0.0,0.0,0.0,0.0
1,170708535,-,1,206407669,-,MESO,8912,TCGA-ZN-A9VW-01A,TCGA-ZN-A9VW-01A,1.0,0.0,0.0,0.0,0.0
1,179199096,+,18,39137383,+,MESO,8913,TCGA-ZN-A9VW-01A,TCGA-ZN-A9VW-01A,1.0,0.0,0.0,0.0,0.0
1,179901149,-,18,39023922,-,MESO,8914,TCGA-ZN-A9VW-01A,TCGA-ZN-A9VW-01A,1.0,0.0,0.0,0.0,0.0
1,190717625,+,1,195963773,-,MESO,8915,TCGA-ZN-A9VW-01A,TCGA-ZN-A9VW-01A,1.0,0.0,0.0,0.0,0.0
1,206403752,+,5,24190273,+,MESO,8916,TCGA-ZN-A9VW-01A,TCGA-ZN-A9VW-01A,1.0,0.0,0.0,0.0,0.0
1,206415261,+,5,24165752,+,MESO,8917,TCGA-ZN-A9VW-01A,TCGA-ZN-A9VW-01A,1.0,0.0,0.0,0.0,0.0
1,217419360,+,18,39344803,-,MESO,8918,TCGA-ZN-A9VW-01A,TCGA-ZN-A9VW-01A,1.0,0.0,0.0,0.0,0.0
1,217637817,-,18,39031772,+,MESO,8919,TCGA-ZN-A9VW-01A,TCGA-ZN-A9VW-01A,1.0,0.0,0.0,0.0,0.0
1,240947711,+,1,240970601,-,MESO,8920,TCGA-ZN-A9VW-01A,TCGA-ZN-A9VW-01A,1.0,0.0,0.0,0.0,0.0
1,242927008,-,5,27871875,-,MESO,8921,TCGA-ZN-A9VW-01A,TCGA-ZN-A9VW-01A,1.0,0.0,0.0,0.0,0.0
10,81915352,+,10,82059653,-,MESO,8922,TCGA-ZN-A9VW-01A,TCGA-ZN-A9VW-01A,1.0,0.0,0.0,0.0,0.0
11,28118837,+,11,28145078,-,MESO,8923,TCGA-ZN-A9VW-01A,TCGA-ZN-A9VW-01A,1.0,0.0,0.0,0.0,0.0
11,42656407,+,11,105972072,-,MESO,8924,TCGA-ZN-A9VW-01A,TCGA-ZN-A9VW-01A,1.0,0.0,0.0,0.0,0.0
11,42656791,-,11,103259095,+,MESO,8925,TCGA-ZN-A9VW-01A,TCGA-ZN-A9VW-01A,1.0,0.0,0.0,0.0,0.0
11,42660933,+,11,103274143,-,MESO,8926,TCGA-ZN-A9VW-01A,TCGA-ZN-A9VW-01A,1.0,0.0,0.0,0.0,0.0
11,42668023,-,11,105963587,+,MESO,8927,TCGA-ZN-A9VW-01A,TCGA-ZN-A9VW-01A,1.0,0.0,0.0,0.0,0.0
11,42681999,+,11,106057432,-,MESO,8928,TCGA-ZN-A9VW-01A,TCGA-ZN-A9VW-01A,1.0,0.0,0.0,0.0,0.0
11,42685941,+,11,105972556,-,MESO,8929,TCGA-ZN-A9VW-01A,TCGA-ZN-A9VW-01A,1.0,0.0,0.0,0.0,0.0
11,42686075,-,11,48574729,+,MESO,8930,TCGA-ZN-A9VW-01A,TCGA-ZN-A9VW-01A,1.0,0.0,0.0,0.0,0.0
11,42689058,+,11,106055520,+,MESO,8931,TCGA-ZN-A9VW-01A,TCGA-ZN-A9VW-01A,1.0,0.0,0.0,0.0,0.0
11,42689074,-,11,106461778,+,MESO,8932,TCGA-ZN-A9VW-01A,TCGA-ZN-A9VW-01A,1.0,0.0,0.0,0.0,0.0
11,51230996,-,11,51811932,+,MESO,8933,TCGA-ZN-A9VW-01A,TCGA-ZN-A9VW-01A,1.0,0.0,0.0,0.0,0.0
11,94949367,+,11,94998673,-,MESO,8934,TCGA-ZN-A9VW-01A,TCGA-ZN-A9VW-01A,1.0,0.0,0.0,0.0,0.0
11,94949389,-,11,107476413,-,MESO,8935,TCGA-ZN-A9VW-01A,TCGA-ZN-A9VW-01A,1.0,0.0,0.0,0.0,0.0
11,94988860,-,11,107380974,+,MESO,8936,TCGA-ZN-A9VW-01A,TCGA-ZN-A9VW-01A,1.0,0.0,0.0,0.0,0.0
11,94998670,+,11,101563137,-,MESO,8937,TCGA-ZN-A9VW-01A,TCGA-ZN-A9VW-01A,1.0,0.0,0.0,0.0,0.0
11,101452808,+,11,103393935,-,MESO,8938,TCGA-ZN-A9VW-01A,TCGA-ZN-A9VW-01A,1.0,0.0,0.0,0.0,0.0
11,101452808,+,11,107311259,-,MESO,8939,TCGA-ZN-A9VW-01A,TCGA-ZN-A9VW-01A,1.0,0.0,0.0,0.0,0.0
11,101452811,-,11,106269080,+,MESO,8940,TCGA-ZN-A9VW-01A,TCGA-ZN-A9VW-01A,1.0,0.0,0.0,0.0,0.0
11,101457976,+,11,105576990,-,MESO,8941,TCGA-ZN-A9VW-01A,TCGA-ZN-A9VW-01A,1.0,0.0,0.0,0.0,0.0
11,101516664,-,11,107153299,+,MESO,8942,TCGA-ZN-A9VW-01A,TCGA-ZN-A9VW-01A,1.0,0.0,0.0,0.0,0.0
11,101553721,+,11,103760361,+,MESO,8943,TCGA-ZN-A9VW-01A,TCGA-ZN-A9VW-01A,1.0,0.0,0.0,0.0,0.0
11,101563135,+,11,104793347,+,MESO,8944,TCGA-ZN-A9VW-01A,TCGA-ZN-A9VW-01A,1.0,0.0,0.0,0.0,0.0
11,101638445,+,11,101805816,+,MESO,8945,TCGA-ZN-A9VW-01A,TCGA-ZN-A9VW-01A,1.0,0.0,0.0,0.0,0.0
11,101638474,-,11,105667169,+,MESO,8946,TCGA-ZN-A9VW-01A,TCGA-ZN-A9VW-01A,1.0,0.0,0.0,0.0,0.0
11,101711376,+,11,101805832,-,MESO,8947,TCGA-ZN-A9VW-01A,TCGA-ZN-A9VW-01A,1.0,0.0,0.0,0.0,0.0
11,101711398,-,11,106834903,-,MESO,8948,TCGA-ZN-A9VW-01A,TCGA-ZN-A9VW-01A,1.0,0.0,0.0,0.0,0.0
11,101758378,+,11,104451359,+,MESO,8949,TCGA-ZN-A9VW-01A,TCGA-ZN-A9VW-01A,1.0,0.0,0.0,0.0,0.0
11,101758436,-,11,103731255,-,MESO,8950,TCGA-ZN-A9VW-01A,TCGA-ZN-A9VW-01A,1.0,0.0,0.0,0.0,0.0
11,101763435,+,11,103393627,-,MESO,8951,TCGA-ZN-A9VW-01A,TCGA-ZN-A9VW-01A,1.0,0.0,0.0,0.0,0.0
11,101763495,-,11,104442928,-,MESO,8952,TCGA-ZN-A9VW-01A,TCGA-ZN-A9VW-01A,1.0,0.0,0.0,0.0,0.0
11,101772697,+,11,103393926,+,MESO,8953,TCGA-ZN-A9VW-01A,TCGA-ZN-A9VW-01A,1.0,0.0,0.0,0.0,0.0
11,101789794,-,11,104621098,-,MESO,8954,TCGA-ZN-A9VW-01A,TCGA-ZN-A9VW-01A,1.0,0.0,0.0,0.0,0.0
11,103254227,+,11,103256582,-,MESO,8955,TCGA-ZN-A9VW-01A,TCGA-ZN-A9VW-01A,1.0,0.0,0.0,0.0,0.0
11,103283864,+,11,106507960,-,MESO,8956,TCGA-ZN-A9VW-01A,TCGA-ZN-A9VW-01A,1.0,0.0,0.0,0.0,0.0
11,103283866,-,11,105972557,+,MESO,8957,TCGA-ZN-A9VW-01A,TCGA-ZN-A9VW-01A,1.0,0.0,0.0,0.0,0.0
11,103355607,+,11,103569971,+,MESO,8958,TCGA-ZN-A9VW-01A,TCGA-ZN-A9VW-01A,1.0,0.0,0.0,0.0,0.0
11,103384207,-,12,7574536,-,MESO,8959,TCGA-ZN-A9VW-01A,TCGA-ZN-A9VW-01A,1.0,0.0,0.0,0.0,0.0
11,103393598,+,11,107145066,+,MESO,8960,TCGA-ZN-A9VW-01A,TCGA-ZN-A9VW-01A,1.0,0.0,0.0,0.0,0.0
11,103393934,-,11,107311444,+,MESO,8961,TCGA-ZN-A9VW-01A,TCGA-ZN-A9VW-01A,1.0,0.0,0.0,0.0,0.0
11,103601437,-,11,104798453,-,MESO,8962,TCGA-ZN-A9VW-01A,TCGA-ZN-A9VW-01A,1.0,0.0,0.0,0.0,0.0
11,103633611,+,11,106717609,-,MESO,8963,TCGA-ZN-A9VW-01A,TCGA-ZN-A9VW-01A,1.0,0.0,0.0,0.0,0.0
11,103657618,-,11,107192950,+,MESO,8964,TCGA-ZN-A9VW-01A,TCGA-ZN-A9VW-01A,1.0,0.0,0.0,0.0,0.0
11,103659889,+,11,107130098,-,MESO,8965,TCGA-ZN-A9VW-01A,TCGA-ZN-A9VW-01A,1.0,0.0,0.0,0.0,0.0
11,103659901,-,11,104266322,-,MESO,8966,TCGA-ZN-A9VW-01A,TCGA-ZN-A9VW-01A,1.0,0.0,0.0,0.0,0.0
11,103731202,+,12,7607475,-,MESO,8967,TCGA-ZN-A9VW-01A,TCGA-ZN-A9VW-01A,1.0,0.0,0.0,0.0,0.0
11,104442920,+,11,106558200,-,MESO,8968,TCGA-ZN-A9VW-01A,TCGA-ZN-A9VW-01A,1.0,0.0,0.0,0.0,0.0
11,104636911,+,11,105466960,+,MESO,8969,TCGA-ZN-A9VW-01A,TCGA-ZN-A9VW-01A,1.0,0.0,0.0,0.0,0.0
11,104636911,-,11,106101659,-,MESO,8970,TCGA-ZN-A9VW-01A,TCGA-ZN-A9VW-01A,1.0,0.0,0.0,0.0,0.0
11,105406001,+,11,105804703,+,MESO,8971,TCGA-ZN-A9VW-01A,TCGA-ZN-A9VW-01A,1.0,0.0,0.0,0.0,0.0
11,105406017,-,11,107363234,-,MESO,8972,TCGA-ZN-A9VW-01A,TCGA-ZN-A9VW-01A,1.0,0.0,0.0,0.0,0.0
11,106324148,-,11,107190245,-,MESO,8973,TCGA-ZN-A9VW-01A,TCGA-ZN-A9VW-01A,1.0,0.0,0.0,0.0,0.0
11,106503111,+,11,107123486,-,MESO,8974,TCGA-ZN-A9VW-01A,TCGA-ZN-A9VW-01A,1.0,0.0,0.0,0.0,0.0
11,106731293,+,11,107191194,+,MESO,8975,TCGA-ZN-A9VW-01A,TCGA-ZN-A9VW-01A,1.0,0.0,0.0,0.0,0.0
11,107120376,+,11,107311460,-,MESO,8976,TCGA-ZN-A9VW-01A,TCGA-ZN-A9VW-01A,1.0,0.0,0.0,0.0,0.0
11,107120415,-,11,107145075,-,MESO,8977,TCGA-ZN-A9VW-01A,TCGA-ZN-A9VW-01A,1.0,0.0,0.0,0.0,0.0
11,107123444,+,12,7470643,+,MESO,8978,TCGA-ZN-A9VW-01A,TCGA-ZN-A9VW-01A,1.0,0.0,0.0,0.0,0.0
11,107345077,+,12,7594839,+,MESO,8979,TCGA-ZN-A9VW-01A,TCGA-ZN-A9VW-01A,1.0,0.0,0.0,0.0,0.0
12,25427411,+,12,25586686,-,MESO,8980,TCGA-ZN-A9VW-01A,TCGA-ZN-A9VW-01A,1.0,0.0,0.0,0.0,0.0
12,25444700,-,12,26648382,+,MESO,8981,TCGA-ZN-A9VW-01A,TCGA-ZN-A9VW-01A,1.0,0.0,0.0,0.0,0.0
12,25581510,+,13,43902005,+,MESO,8982,TCGA-ZN-A9VW-01A,TCGA-ZN-A9VW-01A,1.0,0.0,0.0,0.0,0.0
12,25587399,+,12,26643906,+,MESO,8983,TCGA-ZN-A9VW-01A,TCGA-ZN-A9VW-01A,1.0,0.0,0.0,0.0,0.0
12,25587417,-,13,43902006,-,MESO,8984,TCGA-ZN-A9VW-01A,TCGA-ZN-A9VW-01A,1.0,0.0,0.0,0.0,0.0
12,26646209,-,13,43905517,-,MESO,8985,TCGA-ZN-A9VW-01A,TCGA-ZN-A9VW-01A,1.0,0.0,0.0,0.0,0.0
12,26648405,-,13,43905501,+,MESO,8986,TCGA-ZN-A9VW-01A,TCGA-ZN-A9VW-01A,1.0,0.0,0.0,0.0,0.0
12,42678313,+,12,42680291,-,MESO,8987,TCGA-ZN-A9VW-01A,TCGA-ZN-A9VW-01A,1.0,0.0,0.0,0.0,0.0
12,48105092,+,12,48197335,-,MESO,8988,TCGA-ZN-A9VW-01A,TCGA-ZN-A9VW-01A,1.0,0.0,0.0,0.0,0.0
13,16048169,-,13,16090274,+,MESO,8989,TCGA-ZN-A9VW-01A,TCGA-ZN-A9VW-01A,1.0,0.0,0.0,0.0,0.0
13,16427230,+,13,16824833,-,MESO,8990,TCGA-ZN-A9VW-01A,TCGA-ZN-A9VW-01A,1.0,0.0,0.0,0.0,0.0
13,17780817,+,13,17907216,-,MESO,8991,TCGA-ZN-A9VW-01A,TCGA-ZN-A9VW-01A,1.0,0.0,0.0,0.0,0.0
13,19064905,+,13,19576676,-,MESO,8992,TCGA-ZN-A9VW-01A,TCGA-ZN-A9VW-01A,1.0,0.0,0.0,0.0,0.0
13,57235258,-,21,10645200,+,MESO,8993,TCGA-ZN-A9VW-01A,TCGA-ZN-A9VW-01A,1.0,0.0,0.0,0.0,0.0
14,26134305,+,14,26137002,-,MESO,8994,TCGA-ZN-A9VW-01A,TCGA-ZN-A9VW-01A,1.0,0.0,0.0,0.0,0.0
14,37271135,+,14,37281012,-,MESO,8995,TCGA-ZN-A9VW-01A,TCGA-ZN-A9VW-01A,1.0,0.0,0.0,0.0,0.0
14,37583057,+,14,37586381,-,MESO,8996,TCGA-ZN-A9VW-01A,TCGA-ZN-A9VW-01A,1.0,0.0,0.0,0.0,0.0
14,66569204,+,14,66569574,-,MESO,8997,TCGA-ZN-A9VW-01A,TCGA-ZN-A9VW-01A,1.0,0.0,0.0,0.0,0.0
14,71104398,-,14,71182212,+,MESO,8998,TCGA-ZN-A9VW-01A,TCGA-ZN-A9VW-01A,1.0,0.0,0.0,0.0,0.0
14,72363560,+,14,72367780,-,MESO,8999,TCGA-ZN-A9VW-01A,TCGA-ZN-A9VW-01A,1.0,0.0,0.0,0.0,0.0
15,19821052,+,18,15400464,+,MESO,9000,TCGA-ZN-A9VW-01A,TCGA-ZN-A9VW-01A,1.0,0.0,0.0,0.0,0.0
15,42204033,-,15,46342874,-,MESO,9001,TCGA-ZN-A9VW-01A,TCGA-ZN-A9VW-01A,1.0,0.0,0.0,0.0,0.0
15,46281133,+,15,46771346,-,MESO,9002,TCGA-ZN-A9VW-01A,TCGA-ZN-A9VW-01A,1.0,0.0,0.0,0.0,0.0
15,46457178,+,15,47296105,-,MESO,9003,TCGA-ZN-A9VW-01A,TCGA-ZN-A9VW-01A,1.0,0.0,0.0,0.0,0.0
15,81257099,+,15,82009742,-,MESO,9004,TCGA-ZN-A9VW-01A,TCGA-ZN-A9VW-01A,1.0,0.0,0.0,0.0,0.0
17,21271134,+,17,21279921,-,MESO,9005,TCGA-ZN-A9VW-01A,TCGA-ZN-A9VW-01A,1.0,0.0,0.0,0.0,0.0
17,23131255,+,17,26628625,-,MESO,9006,TCGA-ZN-A9VW-01A,TCGA-ZN-A9VW-01A,1.0,0.0,0.0,0.0,0.0
18,39023425,+,18,39766155,+,MESO,9007,TCGA-ZN-A9VW-01A,TCGA-ZN-A9VW-01A,1.0,0.0,0.0,0.0,0.0
18,39136070,-,18,39346213,+,MESO,9008,TCGA-ZN-A9VW-01A,TCGA-ZN-A9VW-01A,1.0,0.0,0.0,0.0,0.0
18,39751082,-,18,39766777,-,MESO,9009,TCGA-ZN-A9VW-01A,TCGA-ZN-A9VW-01A,1.0,0.0,0.0,0.0,0.0
19,52715610,+,19,52718278,-,MESO,9010,TCGA-ZN-A9VW-01A,TCGA-ZN-A9VW-01A,1.0,0.0,0.0,0.0,0.0
2,17901259,+,5,63363579,+,MESO,9011,TCGA-ZN-A9VW-01A,TCGA-ZN-A9VW-01A,1.0,0.0,0.0,0.0,0.0
2,18071553,-,5,166161292,-,MESO,9012,TCGA-ZN-A9VW-01A,TCGA-ZN-A9VW-01A,1.0,0.0,0.0,0.0,0.0
2,18083153,+,5,165964670,-,MESO,9013,TCGA-ZN-A9VW-01A,TCGA-ZN-A9VW-01A,1.0,0.0,0.0,0.0,0.0
2,18083210,-,5,63367314,-,MESO,9014,TCGA-ZN-A9VW-01A,TCGA-ZN-A9VW-01A,1.0,0.0,0.0,0.0,0.0
2,18085816,+,5,166134249,-,MESO,9015,TCGA-ZN-A9VW-01A,TCGA-ZN-A9VW-01A,1.0,0.0,0.0,0.0,0.0
2,18085859,-,5,166138288,+,MESO,9016,TCGA-ZN-A9VW-01A,TCGA-ZN-A9VW-01A,1.0,0.0,0.0,0.0,0.0
2,18091995,+,2,18114269,-,MESO,9017,TCGA-ZN-A9VW-01A,TCGA-ZN-A9VW-01A,1.0,0.0,0.0,0.0,0.0
2,18092038,-,5,30186134,-,MESO,9018,TCGA-ZN-A9VW-01A,TCGA-ZN-A9VW-01A,1.0,0.0,0.0,0.0,0.0
2,18103861,+,5,63364716,-,MESO,9019,TCGA-ZN-A9VW-01A,TCGA-ZN-A9VW-01A,1.0,0.0,0.0,0.0,0.0
2,20166701,+,2,20168487,-,MESO,9020,TCGA-ZN-A9VW-01A,TCGA-ZN-A9VW-01A,1.0,0.0,0.0,0.0,0.0
2,20466171,+,2,20472224,-,MESO,9021,TCGA-ZN-A9VW-01A,TCGA-ZN-A9VW-01A,1.0,0.0,0.0,0.0,0.0
2,33172764,+,11,28140800,+,MESO,9022,TCGA-ZN-A9VW-01A,TCGA-ZN-A9VW-01A,1.0,0.0,0.0,0.0,0.0
2,94541338,+,22,15177355,-,MESO,9023,TCGA-ZN-A9VW-01A,TCGA-ZN-A9VW-01A,1.0,0.0,0.0,0.0,0.0
2,138910630,+,2,139241123,-,MESO,9024,TCGA-ZN-A9VW-01A,TCGA-ZN-A9VW-01A,1.0,0.0,0.0,0.0,0.0
2,138933001,-,2,139424726,+,MESO,9025,TCGA-ZN-A9VW-01A,TCGA-ZN-A9VW-01A,1.0,0.0,0.0,0.0,0.0
2,139155134,+,2,139445537,+,MESO,9026,TCGA-ZN-A9VW-01A,TCGA-ZN-A9VW-01A,1.0,0.0,0.0,0.0,0.0
2,139444426,-,2,139482043,-,MESO,9027,TCGA-ZN-A9VW-01A,TCGA-ZN-A9VW-01A,1.0,0.0,0.0,0.0,0.0
2,169347391,+,2,169348184,-,MESO,9028,TCGA-ZN-A9VW-01A,TCGA-ZN-A9VW-01A,1.0,0.0,0.0,0.0,0.0
2,229827986,+,2,229898938,-,MESO,9029,TCGA-ZN-A9VW-01A,TCGA-ZN-A9VW-01A,1.0,0.0,0.0,0.0,0.0
20,29152555,+,20,42304860,-,MESO,9030,TCGA-ZN-A9VW-01A,TCGA-ZN-A9VW-01A,1.0,0.0,0.0,0.0,0.0
20,31547303,-,20,44080714,-,MESO,9031,TCGA-ZN-A9VW-01A,TCGA-ZN-A9VW-01A,1.0,0.0,0.0,0.0,0.0
3,9326544,+,3,9463732,-,MESO,9032,TCGA-ZN-A9VW-01A,TCGA-ZN-A9VW-01A,1.0,0.0,0.0,0.0,0.0
3,9723692,-,3,9781055,+,MESO,9033,TCGA-ZN-A9VW-01A,TCGA-ZN-A9VW-01A,1.0,0.0,0.0,0.0,0.0
3,13443681,-,16,13867059,+,MESO,9034,TCGA-ZN-A9VW-01A,TCGA-ZN-A9VW-01A,1.0,0.0,0.0,0.0,0.0
3,13443681,+,3,47309888,+,MESO,9035,TCGA-ZN-A9VW-01A,TCGA-ZN-A9VW-01A,1.0,0.0,0.0,0.0,0.0
3,13444484,+,3,47441966,-,MESO,9036,TCGA-ZN-A9VW-01A,TCGA-ZN-A9VW-01A,1.0,0.0,0.0,0.0,0.0
3,13651828,-,3,52268799,+,MESO,9037,TCGA-ZN-A9VW-01A,TCGA-ZN-A9VW-01A,1.0,0.0,0.0,0.0,0.0
3,15522414,+,16,13867101,-,MESO,9038,TCGA-ZN-A9VW-01A,TCGA-ZN-A9VW-01A,1.0,0.0,0.0,0.0,0.0
3,15522435,-,3,52474563,-,MESO,9039,TCGA-ZN-A9VW-01A,TCGA-ZN-A9VW-01A,1.0,0.0,0.0,0.0,0.0
3,15523442,+,3,52327972,+,MESO,9040,TCGA-ZN-A9VW-01A,TCGA-ZN-A9VW-01A,1.0,0.0,0.0,0.0,0.0
3,15614645,-,16,14187132,-,MESO,9041,TCGA-ZN-A9VW-01A,TCGA-ZN-A9VW-01A,1.0,0.0,0.0,0.0,0.0
3,21677089,+,3,21677980,-,MESO,9042,TCGA-ZN-A9VW-01A,TCGA-ZN-A9VW-01A,1.0,0.0,0.0,0.0,0.0
3,33072915,+,3,33074201,-,MESO,9043,TCGA-ZN-A9VW-01A,TCGA-ZN-A9VW-01A,1.0,0.0,0.0,0.0,0.0
3,46770952,+,16,13868086,+,MESO,9044,TCGA-ZN-A9VW-01A,TCGA-ZN-A9VW-01A,1.0,0.0,0.0,0.0,0.0
3,47113212,-,3,52541555,+,MESO,9045,TCGA-ZN-A9VW-01A,TCGA-ZN-A9VW-01A,1.0,0.0,0.0,0.0,0.0
3,47442220,+,16,14187803,+,MESO,9046,TCGA-ZN-A9VW-01A,TCGA-ZN-A9VW-01A,1.0,0.0,0.0,0.0,0.0
3,47442341,-,16,14358158,-,MESO,9047,TCGA-ZN-A9VW-01A,TCGA-ZN-A9VW-01A,1.0,0.0,0.0,0.0,0.0
3,52539824,-,3,57047059,-,MESO,9048,TCGA-ZN-A9VW-01A,TCGA-ZN-A9VW-01A,1.0,0.0,0.0,0.0,0.0
3,63586660,+,3,63597923,-,MESO,9049,TCGA-ZN-A9VW-01A,TCGA-ZN-A9VW-01A,1.0,0.0,0.0,0.0,0.0
3,90864379,-,3,91169357,+,MESO,9050,TCGA-ZN-A9VW-01A,TCGA-ZN-A9VW-01A,1.0,0.0,0.0,0.0,0.0
3,161994106,+,3,162010818,-,MESO,9051,TCGA-ZN-A9VW-01A,TCGA-ZN-A9VW-01A,1.0,0.0,0.0,0.0,0.0
4,91310570,+,4,91346735,-,MESO,9052,TCGA-ZN-A9VW-01A,TCGA-ZN-A9VW-01A,1.0,0.0,0.0,0.0,0.0
4,91347173,+,4,91447028,+,MESO,9053,TCGA-ZN-A9VW-01A,TCGA-ZN-A9VW-01A,1.0,0.0,0.0,0.0,0.0
4,91377340,-,4,91672379,-,MESO,9054,TCGA-ZN-A9VW-01A,TCGA-ZN-A9VW-01A,1.0,0.0,0.0,0.0,0.0
4,115731101,+,4,166037026,-,MESO,9055,TCGA-ZN-A9VW-01A,TCGA-ZN-A9VW-01A,1.0,0.0,0.0,0.0,0.0
4,115731101,-,4,166767805,-,MESO,9056,TCGA-ZN-A9VW-01A,TCGA-ZN-A9VW-01A,1.0,0.0,0.0,0.0,0.0
4,120578608,+,4,150815081,-,MESO,9057,TCGA-ZN-A9VW-01A,TCGA-ZN-A9VW-01A,1.0,0.0,0.0,0.0,0.0
4,120590278,-,4,150605674,+,MESO,9058,TCGA-ZN-A9VW-01A,TCGA-ZN-A9VW-01A,1.0,0.0,0.0,0.0,0.0
4,120642418,+,4,150815080,+,MESO,9059,TCGA-ZN-A9VW-01A,TCGA-ZN-A9VW-01A,1.0,0.0,0.0,0.0,0.0
4,122029942,-,4,165925480,+,MESO,9060,TCGA-ZN-A9VW-01A,TCGA-ZN-A9VW-01A,1.0,0.0,0.0,0.0,0.0
4,131163323,+,4,131164360,-,MESO,9061,TCGA-ZN-A9VW-01A,TCGA-ZN-A9VW-01A,1.0,0.0,0.0,0.0,0.0
4,149934061,+,4,166783497,+,MESO,9062,TCGA-ZN-A9VW-01A,TCGA-ZN-A9VW-01A,1.0,0.0,0.0,0.0,0.0
4,150280055,-,4,168892707,-,MESO,9063,TCGA-ZN-A9VW-01A,TCGA-ZN-A9VW-01A,1.0,0.0,0.0,0.0,0.0
4,150288508,+,4,165873227,-,MESO,9064,TCGA-ZN-A9VW-01A,TCGA-ZN-A9VW-01A,1.0,0.0,0.0,0.0,0.0
4,150407528,-,4,150656741,-,MESO,9065,TCGA-ZN-A9VW-01A,TCGA-ZN-A9VW-01A,1.0,0.0,0.0,0.0,0.0
4,150571005,+,4,166096628,+,MESO,9066,TCGA-ZN-A9VW-01A,TCGA-ZN-A9VW-01A,1.0,0.0,0.0,0.0,0.0
4,150583487,-,4,150618932,-,MESO,9067,TCGA-ZN-A9VW-01A,TCGA-ZN-A9VW-01A,1.0,0.0,0.0,0.0,0.0
4,165849513,+,4,166631650,+,MESO,9068,TCGA-ZN-A9VW-01A,TCGA-ZN-A9VW-01A,1.0,0.0,0.0,0.0,0.0
4,170533568,+,8,63892159,-,MESO,9069,TCGA-ZN-A9VW-01A,TCGA-ZN-A9VW-01A,1.0,0.0,0.0,0.0,0.0
4,176106333,+,4,176107768,-,MESO,9070,TCGA-ZN-A9VW-01A,TCGA-ZN-A9VW-01A,1.0,0.0,0.0,0.0,0.0
5,29369195,+,5,29758893,-,MESO,9071,TCGA-ZN-A9VW-01A,TCGA-ZN-A9VW-01A,1.0,0.0,0.0,0.0,0.0
5,30186076,+,5,166164856,+,MESO,9072,TCGA-ZN-A9VW-01A,TCGA-ZN-A9VW-01A,1.0,0.0,0.0,0.0,0.0
5,30202273,+,5,166138308,-,MESO,9073,TCGA-ZN-A9VW-01A,TCGA-ZN-A9VW-01A,1.0,0.0,0.0,0.0,0.0
5,30202313,-,5,166158514,-,MESO,9074,TCGA-ZN-A9VW-01A,TCGA-ZN-A9VW-01A,1.0,0.0,0.0,0.0,0.0
5,30422712,+,5,65639166,+,MESO,9075,TCGA-ZN-A9VW-01A,TCGA-ZN-A9VW-01A,1.0,0.0,0.0,0.0,0.0
5,30473177,-,5,75013849,+,MESO,9076,TCGA-ZN-A9VW-01A,TCGA-ZN-A9VW-01A,1.0,0.0,0.0,0.0,0.0
5,30560555,+,5,30586986,+,MESO,9077,TCGA-ZN-A9VW-01A,TCGA-ZN-A9VW-01A,1.0,0.0,0.0,0.0,0.0
5,30560592,-,5,30587261,-,MESO,9078,TCGA-ZN-A9VW-01A,TCGA-ZN-A9VW-01A,1.0,0.0,0.0,0.0,0.0
5,30590887,+,5,74987819,+,MESO,9079,TCGA-ZN-A9VW-01A,TCGA-ZN-A9VW-01A,1.0,0.0,0.0,0.0,0.0
5,30591142,-,5,75118246,+,MESO,9080,TCGA-ZN-A9VW-01A,TCGA-ZN-A9VW-01A,1.0,0.0,0.0,0.0,0.0
5,30599587,+,5,74995552,-,MESO,9081,TCGA-ZN-A9VW-01A,TCGA-ZN-A9VW-01A,1.0,0.0,0.0,0.0,0.0
5,30599838,-,5,75001224,+,MESO,9082,TCGA-ZN-A9VW-01A,TCGA-ZN-A9VW-01A,1.0,0.0,0.0,0.0,0.0
5,30600752,+,5,65851583,-,MESO,9083,TCGA-ZN-A9VW-01A,TCGA-ZN-A9VW-01A,1.0,0.0,0.0,0.0,0.0
5,30610166,-,5,74987367,-,MESO,9084,TCGA-ZN-A9VW-01A,TCGA-ZN-A9VW-01A,1.0,0.0,0.0,0.0,0.0
5,30663281,+,5,30665787,+,MESO,9085,TCGA-ZN-A9VW-01A,TCGA-ZN-A9VW-01A,1.0,0.0,0.0,0.0,0.0
5,30665014,-,5,30672332,-,MESO,9086,TCGA-ZN-A9VW-01A,TCGA-ZN-A9VW-01A,1.0,0.0,0.0,0.0,0.0
5,43718019,+,5,44898981,-,MESO,9087,TCGA-ZN-A9VW-01A,TCGA-ZN-A9VW-01A,1.0,0.0,0.0,0.0,0.0
5,43718084,-,5,43724255,+,MESO,9088,TCGA-ZN-A9VW-01A,TCGA-ZN-A9VW-01A,1.0,0.0,0.0,0.0,0.0
5,43723063,+,5,44591201,-,MESO,9089,TCGA-ZN-A9VW-01A,TCGA-ZN-A9VW-01A,1.0,0.0,0.0,0.0,0.0
5,43726775,-,5,44692198,+,MESO,9090,TCGA-ZN-A9VW-01A,TCGA-ZN-A9VW-01A,1.0,0.0,0.0,0.0,0.0
5,44692585,-,5,44896886,+,MESO,9091,TCGA-ZN-A9VW-01A,TCGA-ZN-A9VW-01A,1.0,0.0,0.0,0.0,0.0
5,44700640,-,5,46173713,-,MESO,9092,TCGA-ZN-A9VW-01A,TCGA-ZN-A9VW-01A,1.0,0.0,0.0,0.0,0.0
5,49808309,+,5,49916136,-,MESO,9093,TCGA-ZN-A9VW-01A,TCGA-ZN-A9VW-01A,1.0,0.0,0.0,0.0,0.0
5,63366764,+,5,165910660,+,MESO,9094,TCGA-ZN-A9VW-01A,TCGA-ZN-A9VW-01A,1.0,0.0,0.0,0.0,0.0
5,63367784,+,5,166204689,+,MESO,9095,TCGA-ZN-A9VW-01A,TCGA-ZN-A9VW-01A,1.0,0.0,0.0,0.0,0.0
5,63367796,-,5,166133785,+,MESO,9096,TCGA-ZN-A9VW-01A,TCGA-ZN-A9VW-01A,1.0,0.0,0.0,0.0,0.0
5,74985355,+,5,75248955,-,MESO,9097,TCGA-ZN-A9VW-01A,TCGA-ZN-A9VW-01A,1.0,0.0,0.0,0.0,0.0
5,75001720,-,5,75136927,-,MESO,9098,TCGA-ZN-A9VW-01A,TCGA-ZN-A9VW-01A,1.0,0.0,0.0,0.0,0.0
5,75014804,-,5,75248906,+,MESO,9099,TCGA-ZN-A9VW-01A,TCGA-ZN-A9VW-01A,1.0,0.0,0.0,0.0,0.0
5,87572032,+,5,87582603,-,MESO,9100,TCGA-ZN-A9VW-01A,TCGA-ZN-A9VW-01A,1.0,0.0,0.0,0.0,0.0
5,136577299,+,5,137449437,+,MESO,9101,TCGA-ZN-A9VW-01A,TCGA-ZN-A9VW-01A,1.0,0.0,0.0,0.0,0.0
5,136609595,-,5,137438048,-,MESO,9102,TCGA-ZN-A9VW-01A,TCGA-ZN-A9VW-01A,1.0,0.0,0.0,0.0,0.0
5,137426016,+,23,32295934,+,MESO,9103,TCGA-ZN-A9VW-01A,TCGA-ZN-A9VW-01A,1.0,0.0,0.0,0.0,0.0
5,137449437,-,5,148553806,-,MESO,9104,TCGA-ZN-A9VW-01A,TCGA-ZN-A9VW-01A,1.0,0.0,0.0,0.0,0.0
5,148535465,+,23,32295975,-,MESO,9105,TCGA-ZN-A9VW-01A,TCGA-ZN-A9VW-01A,1.0,0.0,0.0,0.0,0.0
5,165902505,+,5,166158323,+,MESO,9106,TCGA-ZN-A9VW-01A,TCGA-ZN-A9VW-01A,1.0,0.0,0.0,0.0,0.0
5,165902515,-,5,166204987,-,MESO,9107,TCGA-ZN-A9VW-01A,TCGA-ZN-A9VW-01A,1.0,0.0,0.0,0.0,0.0
5,165906436,+,5,165907311,-,MESO,9108,TCGA-ZN-A9VW-01A,TCGA-ZN-A9VW-01A,1.0,0.0,0.0,0.0,0.0
5,165910853,-,5,166153710,-,MESO,9109,TCGA-ZN-A9VW-01A,TCGA-ZN-A9VW-01A,1.0,0.0,0.0,0.0,0.0
5,165958028,+,5,166334369,-,MESO,9110,TCGA-ZN-A9VW-01A,TCGA-ZN-A9VW-01A,1.0,0.0,0.0,0.0,0.0
5,165965615,+,5,166334238,+,MESO,9111,TCGA-ZN-A9VW-01A,TCGA-ZN-A9VW-01A,1.0,0.0,0.0,0.0,0.0
5,166161093,+,5,166199236,-,MESO,9112,TCGA-ZN-A9VW-01A,TCGA-ZN-A9VW-01A,1.0,0.0,0.0,0.0,0.0
5,171616662,+,5,172106964,-,MESO,9113,TCGA-ZN-A9VW-01A,TCGA-ZN-A9VW-01A,1.0,0.0,0.0,0.0,0.0
6,2899586,+,6,2908591,-,MESO,9114,TCGA-ZN-A9VW-01A,TCGA-ZN-A9VW-01A,1.0,0.0,0.0,0.0,0.0
6,38268729,+,6,39282013,+,MESO,9115,TCGA-ZN-A9VW-01A,TCGA-ZN-A9VW-01A,1.0,0.0,0.0,0.0,0.0
6,38570260,-,20,39042167,+,MESO,9116,TCGA-ZN-A9VW-01A,TCGA-ZN-A9VW-01A,1.0,0.0,0.0,0.0,0.0
6,38722624,+,20,43798082,+,MESO,9117,TCGA-ZN-A9VW-01A,TCGA-ZN-A9VW-01A,1.0,0.0,0.0,0.0,0.0
6,39266527,-,6,39760231,-,MESO,9118,TCGA-ZN-A9VW-01A,TCGA-ZN-A9VW-01A,1.0,0.0,0.0,0.0,0.0
6,39768439,+,6,41449695,-,MESO,9119,TCGA-ZN-A9VW-01A,TCGA-ZN-A9VW-01A,1.0,0.0,0.0,0.0,0.0
6,63889787,+,6,63901314,-,MESO,9120,TCGA-ZN-A9VW-01A,TCGA-ZN-A9VW-01A,1.0,0.0,0.0,0.0,0.0
6,68589008,+,6,68607744,-,MESO,9121,TCGA-ZN-A9VW-01A,TCGA-ZN-A9VW-01A,1.0,0.0,0.0,0.0,0.0
6,71061327,+,6,71062666,-,MESO,9122,TCGA-ZN-A9VW-01A,TCGA-ZN-A9VW-01A,1.0,0.0,0.0,0.0,0.0
6,103010909,+,6,103077189,-,MESO,9123,TCGA-ZN-A9VW-01A,TCGA-ZN-A9VW-01A,1.0,0.0,0.0,0.0,0.0
6,132380473,+,6,132413205,-,MESO,9124,TCGA-ZN-A9VW-01A,TCGA-ZN-A9VW-01A,1.0,0.0,0.0,0.0,0.0
7,13793508,-,12,121255341,-,MESO,9125,TCGA-ZN-A9VW-01A,TCGA-ZN-A9VW-01A,1.0,0.0,0.0,0.0,0.0
7,32677620,+,7,34562377,-,MESO,9126,TCGA-ZN-A9VW-01A,TCGA-ZN-A9VW-01A,1.0,0.0,0.0,0.0,0.0
7,32875054,-,9,20124524,-,MESO,9127,TCGA-ZN-A9VW-01A,TCGA-ZN-A9VW-01A,1.0,0.0,0.0,0.0,0.0
7,33753581,-,9,20148918,+,MESO,9128,TCGA-ZN-A9VW-01A,TCGA-ZN-A9VW-01A,1.0,0.0,0.0,0.0,0.0
7,58189234,+,7,58237046,-,MESO,9129,TCGA-ZN-A9VW-01A,TCGA-ZN-A9VW-01A,1.0,0.0,0.0,0.0,0.0
7,123331670,-,7,123358779,+,MESO,9130,TCGA-ZN-A9VW-01A,TCGA-ZN-A9VW-01A,1.0,0.0,0.0,0.0,0.0
7,124279728,+,7,124289614,-,MESO,9131,TCGA-ZN-A9VW-01A,TCGA-ZN-A9VW-01A,1.0,0.0,0.0,0.0,0.0
7,154868851,-,7,155315077,+,MESO,9132,TCGA-ZN-A9VW-01A,TCGA-ZN-A9VW-01A,1.0,0.0,0.0,0.0,0.0
7,155222857,+,7,155225595,-,MESO,9133,TCGA-ZN-A9VW-01A,TCGA-ZN-A9VW-01A,1.0,0.0,0.0,0.0,0.0
8,3095715,+,8,6587611,+,MESO,9134,TCGA-ZN-A9VW-01A,TCGA-ZN-A9VW-01A,1.0,0.0,0.0,0.0,0.0
8,3505163,-,8,4085126,-,MESO,9135,TCGA-ZN-A9VW-01A,TCGA-ZN-A9VW-01A,1.0,0.0,0.0,0.0,0.0
8,3705598,+,8,3917763,-,MESO,9136,TCGA-ZN-A9VW-01A,TCGA-ZN-A9VW-01A,1.0,0.0,0.0,0.0,0.0
8,4085129,+,8,8659040,-,MESO,9137,TCGA-ZN-A9VW-01A,TCGA-ZN-A9VW-01A,1.0,0.0,0.0,0.0,0.0
8,4860073,+,8,4953839,-,MESO,9138,TCGA-ZN-A9VW-01A,TCGA-ZN-A9VW-01A,1.0,0.0,0.0,0.0,0.0
8,8526171,-,16,19321524,-,MESO,9139,TCGA-ZN-A9VW-01A,TCGA-ZN-A9VW-01A,1.0,0.0,0.0,0.0,0.0
8,66105414,+,8,66275279,-,MESO,9140,TCGA-ZN-A9VW-01A,TCGA-ZN-A9VW-01A,1.0,0.0,0.0,0.0,0.0
8,66429010,+,8,66434664,-,MESO,9141,TCGA-ZN-A9VW-01A,TCGA-ZN-A9VW-01A,1.0,0.0,0.0,0.0,0.0
8,99278614,+,8,99290509,-,MESO,9142,TCGA-ZN-A9VW-01A,TCGA-ZN-A9VW-01A,1.0,0.0,0.0,0.0,0.0
8,144110101,+,8,144110595,+,MESO,9143,TCGA-ZN-A9VW-01A,TCGA-ZN-A9VW-01A,1.0,0.0,0.0,0.0,0.0
8,144110119,-,8,144112585,-,MESO,9144,TCGA-ZN-A9VW-01A,TCGA-ZN-A9VW-01A,1.0,0.0,0.0,0.0,0.0
9,20092029,+,9,26895028,-,MESO,9145,TCGA-ZN-A9VW-01A,TCGA-ZN-A9VW-01A,1.0,0.0,0.0,0.0,0.0
9,40229205,+,9,42858476,-,MESO,9146,TCGA-ZN-A9VW-01A,TCGA-ZN-A9VW-01A,1.0,0.0,0.0,0.0,0.0
9,43391639,-,9,60679581,-,MESO,9147,TCGA-ZN-A9VW-01A,TCGA-ZN-A9VW-01A,1.0,0.0,0.0,0.0,0.0
9,43449871,-,9,45155595,+,MESO,9148,TCGA-ZN-A9VW-01A,TCGA-ZN-A9VW-01A,1.0,0.0,0.0,0.0,0.0
9,43557620,+,9,44416171,-,MESO,9149,TCGA-ZN-A9VW-01A,TCGA-ZN-A9VW-01A,1.0,0.0,0.0,0.0,0.0
23,118061381,+,23,118079787,+,MESO,9150,TCGA-ZN-A9VW-01A,TCGA-ZN-A9VW-01A,1.0,0.0,0.0,0.0,0.0
23,118074371,-,23,118079801,-,MESO,9151,TCGA-ZN-A9VW-01A,TCGA-ZN-A9VW-01A,1.0,0.0,0.0,0.0,0.0
