seqnames,start,strand,altchr,altpos,altstrand,dcc_project_code,sv_id,sid,donor_unique_id,weights,topo,topo_n,mech,homseq
1,2905045,+,1,6963533,+,PCPG,0,TCGA-P7-A5NX-01A,TCGA-P7-A5NX-01A,1.0,0.0,0.0,0.0,0.0
1,121754952,-,1,121756463,+,PCPG,1,TCGA-P7-A5NX-01A,TCGA-P7-A5NX-01A,1.0,0.0,0.0,0.0,0.0
1,122137374,-,1,122150333,+,PCPG,2,TCGA-P7-A5NX-01A,TCGA-P7-A5NX-01A,1.0,0.0,0.0,0.0,0.0
1,124883919,-,1,124885645,+,PCPG,3,TCGA-P7-A5NX-01A,TCGA-P7-A5NX-01A,1.0,0.0,0.0,0.0,0.0
11,131948,-,11,135131,+,PCPG,4,TCGA-P7-A5NX-01A,TCGA-P7-A5NX-01A,1.0,0.0,0.0,0.0,0.0
11,47642107,-,14,68794687,-,PCPG,5,TCGA-P7-A5NX-01A,TCGA-P7-A5NX-01A,1.0,0.0,0.0,0.0,0.0
13,16348571,-,13,16350152,+,PCPG,6,TCGA-P7-A5NX-01A,TCGA-P7-A5NX-01A,1.0,0.0,0.0,0.0,0.0
13,17036904,-,13,17038555,+,PCPG,7,TCGA-P7-A5NX-01A,TCGA-P7-A5NX-01A,1.0,0.0,0.0,0.0,0.0
13,17275526,-,13,17276834,+,PCPG,8,TCGA-P7-A5NX-01A,TCGA-P7-A5NX-01A,1.0,0.0,0.0,0.0,0.0
13,113395011,-,13,113395309,+,PCPG,9,TCGA-P7-A5NX-01A,TCGA-P7-A5NX-01A,1.0,0.0,0.0,0.0,0.0
16,15401043,-,18,79656751,+,PCPG,10,TCGA-P7-A5NX-01A,TCGA-P7-A5NX-01A,1.0,0.0,0.0,0.0,0.0
17,25382254,-,17,25387863,+,PCPG,11,TCGA-P7-A5NX-01A,TCGA-P7-A5NX-01A,1.0,0.0,0.0,0.0,0.0
17,25920035,-,17,25923782,+,PCPG,12,TCGA-P7-A5NX-01A,TCGA-P7-A5NX-01A,1.0,0.0,0.0,0.0,0.0
18,16908032,-,18,16909050,+,PCPG,13,TCGA-P7-A5NX-01A,TCGA-P7-A5NX-01A,1.0,0.0,0.0,0.0,0.0
2,222148138,-,2,222150156,+,PCPG,14,TCGA-P7-A5NX-01A,TCGA-P7-A5NX-01A,1.0,0.0,0.0,0.0,0.0
20,26259993,-,20,30185145,-,PCPG,15,TCGA-P7-A5NX-01A,TCGA-P7-A5NX-01A,1.0,0.0,0.0,0.0,0.0
20,26955248,-,20,26956857,+,PCPG,16,TCGA-P7-A5NX-01A,TCGA-P7-A5NX-01A,1.0,0.0,0.0,0.0,0.0
21,5324152,-,21,5326393,+,PCPG,17,TCGA-P7-A5NX-01A,TCGA-P7-A5NX-01A,1.0,0.0,0.0,0.0,0.0
21,38926482,-,21,39094028,+,PCPG,18,TCGA-P7-A5NX-01A,TCGA-P7-A5NX-01A,1.0,0.0,0.0,0.0,0.0
3,116467,+,9,2953104,-,PCPG,19,TCGA-P7-A5NX-01A,TCGA-P7-A5NX-01A,1.0,0.0,0.0,0.0,0.0
3,546762,+,9,85382422,+,PCPG,20,TCGA-P7-A5NX-01A,TCGA-P7-A5NX-01A,1.0,0.0,0.0,0.0,0.0
3,558038,-,6,41545916,+,PCPG,21,TCGA-P7-A5NX-01A,TCGA-P7-A5NX-01A,1.0,0.0,0.0,0.0,0.0
3,936322,+,3,103688075,-,PCPG,22,TCGA-P7-A5NX-01A,TCGA-P7-A5NX-01A,1.0,0.0,0.0,0.0,0.0
3,1112785,+,3,134234192,-,PCPG,23,TCGA-P7-A5NX-01A,TCGA-P7-A5NX-01A,1.0,0.0,0.0,0.0,0.0
3,1573643,-,23,71591121,+,PCPG,24,TCGA-P7-A5NX-01A,TCGA-P7-A5NX-01A,1.0,0.0,0.0,0.0,0.0
3,1626562,-,3,24097461,-,PCPG,25,TCGA-P7-A5NX-01A,TCGA-P7-A5NX-01A,1.0,0.0,0.0,0.0,0.0
3,2638746,-,3,167034275,-,PCPG,26,TCGA-P7-A5NX-01A,TCGA-P7-A5NX-01A,1.0,0.0,0.0,0.0,0.0
3,2883041,-,3,46521676,+,PCPG,27,TCGA-P7-A5NX-01A,TCGA-P7-A5NX-01A,1.0,0.0,0.0,0.0,0.0
3,4589471,-,3,117634528,-,PCPG,28,TCGA-P7-A5NX-01A,TCGA-P7-A5NX-01A,1.0,0.0,0.0,0.0,0.0
3,5336086,-,3,105659822,+,PCPG,29,TCGA-P7-A5NX-01A,TCGA-P7-A5NX-01A,1.0,0.0,0.0,0.0,0.0
3,5347971,-,23,126708172,-,PCPG,30,TCGA-P7-A5NX-01A,TCGA-P7-A5NX-01A,1.0,0.0,0.0,0.0,0.0
3,5348180,+,3,64798656,-,PCPG,31,TCGA-P7-A5NX-01A,TCGA-P7-A5NX-01A,1.0,0.0,0.0,0.0,0.0
3,5970553,-,9,83209794,+,PCPG,32,TCGA-P7-A5NX-01A,TCGA-P7-A5NX-01A,1.0,0.0,0.0,0.0,0.0
3,6448799,+,9,28580091,-,PCPG,33,TCGA-P7-A5NX-01A,TCGA-P7-A5NX-01A,1.0,0.0,0.0,0.0,0.0
3,7086172,+,3,193784346,+,PCPG,34,TCGA-P7-A5NX-01A,TCGA-P7-A5NX-01A,1.0,0.0,0.0,0.0,0.0
3,7193450,+,3,19901854,+,PCPG,35,TCGA-P7-A5NX-01A,TCGA-P7-A5NX-01A,1.0,0.0,0.0,0.0,0.0
3,8667756,-,3,61157505,-,PCPG,36,TCGA-P7-A5NX-01A,TCGA-P7-A5NX-01A,1.0,0.0,0.0,0.0,0.0
3,8887786,+,3,170515322,+,PCPG,37,TCGA-P7-A5NX-01A,TCGA-P7-A5NX-01A,1.0,0.0,0.0,0.0,0.0
3,9660702,+,3,178092308,-,PCPG,38,TCGA-P7-A5NX-01A,TCGA-P7-A5NX-01A,1.0,0.0,0.0,0.0,0.0
3,10939785,+,9,119393349,-,PCPG,39,TCGA-P7-A5NX-01A,TCGA-P7-A5NX-01A,1.0,0.0,0.0,0.0,0.0
3,12791476,+,3,115734448,-,PCPG,40,TCGA-P7-A5NX-01A,TCGA-P7-A5NX-01A,1.0,0.0,0.0,0.0,0.0
3,12899408,+,3,31797751,-,PCPG,41,TCGA-P7-A5NX-01A,TCGA-P7-A5NX-01A,1.0,0.0,0.0,0.0,0.0
3,13383125,+,3,161813305,-,PCPG,42,TCGA-P7-A5NX-01A,TCGA-P7-A5NX-01A,1.0,0.0,0.0,0.0,0.0
3,13854118,-,3,118962977,+,PCPG,43,TCGA-P7-A5NX-01A,TCGA-P7-A5NX-01A,1.0,0.0,0.0,0.0,0.0
3,14754328,+,3,54067584,-,PCPG,44,TCGA-P7-A5NX-01A,TCGA-P7-A5NX-01A,1.0,0.0,0.0,0.0,0.0
3,14905640,-,3,17658962,-,PCPG,45,TCGA-P7-A5NX-01A,TCGA-P7-A5NX-01A,1.0,0.0,0.0,0.0,0.0
3,15371422,-,9,1049309,+,PCPG,46,TCGA-P7-A5NX-01A,TCGA-P7-A5NX-01A,1.0,0.0,0.0,0.0,0.0
3,15997705,+,9,74114685,+,PCPG,47,TCGA-P7-A5NX-01A,TCGA-P7-A5NX-01A,1.0,0.0,0.0,0.0,0.0
3,16117246,-,9,116257518,-,PCPG,48,TCGA-P7-A5NX-01A,TCGA-P7-A5NX-01A,1.0,0.0,0.0,0.0,0.0
3,16308484,-,3,171642926,+,PCPG,49,TCGA-P7-A5NX-01A,TCGA-P7-A5NX-01A,1.0,0.0,0.0,0.0,0.0
3,16412442,+,6,135021874,+,PCPG,50,TCGA-P7-A5NX-01A,TCGA-P7-A5NX-01A,1.0,0.0,0.0,0.0,0.0
3,17670177,-,3,135393825,+,PCPG,51,TCGA-P7-A5NX-01A,TCGA-P7-A5NX-01A,1.0,0.0,0.0,0.0,0.0
3,18224915,+,9,106927819,-,PCPG,52,TCGA-P7-A5NX-01A,TCGA-P7-A5NX-01A,1.0,0.0,0.0,0.0,0.0
3,18488047,-,3,161761403,+,PCPG,53,TCGA-P7-A5NX-01A,TCGA-P7-A5NX-01A,1.0,0.0,0.0,0.0,0.0
3,18566062,-,6,87827709,+,PCPG,54,TCGA-P7-A5NX-01A,TCGA-P7-A5NX-01A,1.0,0.0,0.0,0.0,0.0
3,19717917,-,3,163918671,-,PCPG,55,TCGA-P7-A5NX-01A,TCGA-P7-A5NX-01A,1.0,0.0,0.0,0.0,0.0
3,19968768,-,3,121291440,-,PCPG,56,TCGA-P7-A5NX-01A,TCGA-P7-A5NX-01A,1.0,0.0,0.0,0.0,0.0
3,21438530,-,3,88835370,-,PCPG,57,TCGA-P7-A5NX-01A,TCGA-P7-A5NX-01A,1.0,0.0,0.0,0.0,0.0
3,21825801,+,3,22392062,-,PCPG,58,TCGA-P7-A5NX-01A,TCGA-P7-A5NX-01A,1.0,0.0,0.0,0.0,0.0
3,22078314,-,3,64180236,+,PCPG,59,TCGA-P7-A5NX-01A,TCGA-P7-A5NX-01A,1.0,0.0,0.0,0.0,0.0
3,23147753,+,3,148455692,+,PCPG,60,TCGA-P7-A5NX-01A,TCGA-P7-A5NX-01A,1.0,0.0,0.0,0.0,0.0
3,23196418,-,3,58999007,+,PCPG,61,TCGA-P7-A5NX-01A,TCGA-P7-A5NX-01A,1.0,0.0,0.0,0.0,0.0
3,23516444,-,3,160566025,+,PCPG,62,TCGA-P7-A5NX-01A,TCGA-P7-A5NX-01A,1.0,0.0,0.0,0.0,0.0
3,24480523,-,3,183331401,+,PCPG,63,TCGA-P7-A5NX-01A,TCGA-P7-A5NX-01A,1.0,0.0,0.0,0.0,0.0
3,24861879,+,9,106680611,-,PCPG,64,TCGA-P7-A5NX-01A,TCGA-P7-A5NX-01A,1.0,0.0,0.0,0.0,0.0
3,25555492,+,9,96307878,-,PCPG,65,TCGA-P7-A5NX-01A,TCGA-P7-A5NX-01A,1.0,0.0,0.0,0.0,0.0
3,25729922,-,9,32172766,-,PCPG,66,TCGA-P7-A5NX-01A,TCGA-P7-A5NX-01A,1.0,0.0,0.0,0.0,0.0
3,25982777,-,3,193775955,-,PCPG,67,TCGA-P7-A5NX-01A,TCGA-P7-A5NX-01A,1.0,0.0,0.0,0.0,0.0
3,26589796,-,3,35260412,-,PCPG,68,TCGA-P7-A5NX-01A,TCGA-P7-A5NX-01A,1.0,0.0,0.0,0.0,0.0
3,27162966,+,9,2502036,+,PCPG,69,TCGA-P7-A5NX-01A,TCGA-P7-A5NX-01A,1.0,0.0,0.0,0.0,0.0
3,27461495,+,3,84996901,-,PCPG,70,TCGA-P7-A5NX-01A,TCGA-P7-A5NX-01A,1.0,0.0,0.0,0.0,0.0
3,28032736,-,3,148446927,+,PCPG,71,TCGA-P7-A5NX-01A,TCGA-P7-A5NX-01A,1.0,0.0,0.0,0.0,0.0
3,28502162,-,3,53778958,-,PCPG,72,TCGA-P7-A5NX-01A,TCGA-P7-A5NX-01A,1.0,0.0,0.0,0.0,0.0
3,28623704,+,3,174492553,+,PCPG,73,TCGA-P7-A5NX-01A,TCGA-P7-A5NX-01A,1.0,0.0,0.0,0.0,0.0
3,28768728,+,9,5919035,+,PCPG,74,TCGA-P7-A5NX-01A,TCGA-P7-A5NX-01A,1.0,0.0,0.0,0.0,0.0
3,30167637,+,3,102762984,+,PCPG,75,TCGA-P7-A5NX-01A,TCGA-P7-A5NX-01A,1.0,0.0,0.0,0.0,0.0
3,30175768,+,9,29967615,+,PCPG,76,TCGA-P7-A5NX-01A,TCGA-P7-A5NX-01A,1.0,0.0,0.0,0.0,0.0
3,30178471,-,9,5823016,+,PCPG,77,TCGA-P7-A5NX-01A,TCGA-P7-A5NX-01A,1.0,0.0,0.0,0.0,0.0
3,31081352,-,3,180713794,+,PCPG,78,TCGA-P7-A5NX-01A,TCGA-P7-A5NX-01A,1.0,0.0,0.0,0.0,0.0
3,31220938,+,3,154785194,-,PCPG,79,TCGA-P7-A5NX-01A,TCGA-P7-A5NX-01A,1.0,0.0,0.0,0.0,0.0
3,31405164,-,6,87964610,-,PCPG,80,TCGA-P7-A5NX-01A,TCGA-P7-A5NX-01A,1.0,0.0,0.0,0.0,0.0
3,31422510,+,3,145810494,+,PCPG,81,TCGA-P7-A5NX-01A,TCGA-P7-A5NX-01A,1.0,0.0,0.0,0.0,0.0
3,31620547,+,3,132862938,+,PCPG,82,TCGA-P7-A5NX-01A,TCGA-P7-A5NX-01A,1.0,0.0,0.0,0.0,0.0
3,31688499,+,6,132417991,-,PCPG,83,TCGA-P7-A5NX-01A,TCGA-P7-A5NX-01A,1.0,0.0,0.0,0.0,0.0
3,32123468,-,3,60784041,+,PCPG,84,TCGA-P7-A5NX-01A,TCGA-P7-A5NX-01A,1.0,0.0,0.0,0.0,0.0
3,32656460,-,3,106205375,-,PCPG,85,TCGA-P7-A5NX-01A,TCGA-P7-A5NX-01A,1.0,0.0,0.0,0.0,0.0
3,34836128,-,3,103839394,-,PCPG,86,TCGA-P7-A5NX-01A,TCGA-P7-A5NX-01A,1.0,0.0,0.0,0.0,0.0
3,35430890,+,3,134127162,-,PCPG,87,TCGA-P7-A5NX-01A,TCGA-P7-A5NX-01A,1.0,0.0,0.0,0.0,0.0
3,35886493,-,9,12467559,+,PCPG,88,TCGA-P7-A5NX-01A,TCGA-P7-A5NX-01A,1.0,0.0,0.0,0.0,0.0
3,35897851,+,3,54025982,-,PCPG,89,TCGA-P7-A5NX-01A,TCGA-P7-A5NX-01A,1.0,0.0,0.0,0.0,0.0
3,36464958,-,3,176746475,+,PCPG,90,TCGA-P7-A5NX-01A,TCGA-P7-A5NX-01A,1.0,0.0,0.0,0.0,0.0
3,36556240,+,3,137316668,-,PCPG,91,TCGA-P7-A5NX-01A,TCGA-P7-A5NX-01A,1.0,0.0,0.0,0.0,0.0
3,37058759,+,3,137844328,-,PCPG,92,TCGA-P7-A5NX-01A,TCGA-P7-A5NX-01A,1.0,0.0,0.0,0.0,0.0
3,37402658,+,9,22451798,-,PCPG,93,TCGA-P7-A5NX-01A,TCGA-P7-A5NX-01A,1.0,0.0,0.0,0.0,0.0
3,38147203,-,9,29624537,-,PCPG,94,TCGA-P7-A5NX-01A,TCGA-P7-A5NX-01A,1.0,0.0,0.0,0.0,0.0
3,38296439,-,3,93732425,+,PCPG,95,TCGA-P7-A5NX-01A,TCGA-P7-A5NX-01A,1.0,0.0,0.0,0.0,0.0
3,38337626,-,3,186018193,+,PCPG,96,TCGA-P7-A5NX-01A,TCGA-P7-A5NX-01A,1.0,0.0,0.0,0.0,0.0
3,38577863,+,3,86678301,-,PCPG,97,TCGA-P7-A5NX-01A,TCGA-P7-A5NX-01A,1.0,0.0,0.0,0.0,0.0
3,39318650,+,3,106236070,-,PCPG,98,TCGA-P7-A5NX-01A,TCGA-P7-A5NX-01A,1.0,0.0,0.0,0.0,0.0
3,39366091,-,3,104151035,-,PCPG,99,TCGA-P7-A5NX-01A,TCGA-P7-A5NX-01A,1.0,0.0,0.0,0.0,0.0
3,39598156,-,3,179926899,-,PCPG,100,TCGA-P7-A5NX-01A,TCGA-P7-A5NX-01A,1.0,0.0,0.0,0.0,0.0
3,40553179,-,9,104023234,+,PCPG,101,TCGA-P7-A5NX-01A,TCGA-P7-A5NX-01A,1.0,0.0,0.0,0.0,0.0
3,40640388,-,9,94769024,-,PCPG,102,TCGA-P7-A5NX-01A,TCGA-P7-A5NX-01A,1.0,0.0,0.0,0.0,0.0
3,40702967,+,9,126059687,-,PCPG,103,TCGA-P7-A5NX-01A,TCGA-P7-A5NX-01A,1.0,0.0,0.0,0.0,0.0
3,41455200,-,3,74116733,+,PCPG,104,TCGA-P7-A5NX-01A,TCGA-P7-A5NX-01A,1.0,0.0,0.0,0.0,0.0
3,42338571,-,9,131465246,-,PCPG,105,TCGA-P7-A5NX-01A,TCGA-P7-A5NX-01A,1.0,0.0,0.0,0.0,0.0
3,44021162,-,3,187792175,-,PCPG,106,TCGA-P7-A5NX-01A,TCGA-P7-A5NX-01A,1.0,0.0,0.0,0.0,0.0
3,44362309,-,3,134899587,+,PCPG,107,TCGA-P7-A5NX-01A,TCGA-P7-A5NX-01A,1.0,0.0,0.0,0.0,0.0
3,44402046,+,3,109850934,-,PCPG,108,TCGA-P7-A5NX-01A,TCGA-P7-A5NX-01A,1.0,0.0,0.0,0.0,0.0
3,44466894,+,3,196304914,-,PCPG,109,TCGA-P7-A5NX-01A,TCGA-P7-A5NX-01A,1.0,0.0,0.0,0.0,0.0
3,44815111,-,3,151785508,-,PCPG,110,TCGA-P7-A5NX-01A,TCGA-P7-A5NX-01A,1.0,0.0,0.0,0.0,0.0
3,44880075,-,3,162652229,+,PCPG,111,TCGA-P7-A5NX-01A,TCGA-P7-A5NX-01A,1.0,0.0,0.0,0.0,0.0
3,45104469,-,9,16935488,-,PCPG,112,TCGA-P7-A5NX-01A,TCGA-P7-A5NX-01A,1.0,0.0,0.0,0.0,0.0
3,45301121,-,3,115100100,+,PCPG,113,TCGA-P7-A5NX-01A,TCGA-P7-A5NX-01A,1.0,0.0,0.0,0.0,0.0
3,46161665,+,23,129087101,-,PCPG,114,TCGA-P7-A5NX-01A,TCGA-P7-A5NX-01A,1.0,0.0,0.0,0.0,0.0
3,47886956,+,3,89954899,-,PCPG,115,TCGA-P7-A5NX-01A,TCGA-P7-A5NX-01A,1.0,0.0,0.0,0.0,0.0
3,47930003,-,3,143872623,-,PCPG,116,TCGA-P7-A5NX-01A,TCGA-P7-A5NX-01A,1.0,0.0,0.0,0.0,0.0
3,48577721,+,9,121949120,-,PCPG,117,TCGA-P7-A5NX-01A,TCGA-P7-A5NX-01A,1.0,0.0,0.0,0.0,0.0
3,50251389,-,3,123314427,+,PCPG,118,TCGA-P7-A5NX-01A,TCGA-P7-A5NX-01A,1.0,0.0,0.0,0.0,0.0
3,50888782,-,3,150320466,+,PCPG,119,TCGA-P7-A5NX-01A,TCGA-P7-A5NX-01A,1.0,0.0,0.0,0.0,0.0
3,50933195,-,9,86549832,-,PCPG,120,TCGA-P7-A5NX-01A,TCGA-P7-A5NX-01A,1.0,0.0,0.0,0.0,0.0
3,51695482,+,3,63905329,-,PCPG,121,TCGA-P7-A5NX-01A,TCGA-P7-A5NX-01A,1.0,0.0,0.0,0.0,0.0
3,52636366,-,3,100705603,+,PCPG,122,TCGA-P7-A5NX-01A,TCGA-P7-A5NX-01A,1.0,0.0,0.0,0.0,0.0
3,52965098,+,9,34346410,-,PCPG,123,TCGA-P7-A5NX-01A,TCGA-P7-A5NX-01A,1.0,0.0,0.0,0.0,0.0
3,53288221,-,9,121395459,-,PCPG,124,TCGA-P7-A5NX-01A,TCGA-P7-A5NX-01A,1.0,0.0,0.0,0.0,0.0
3,54099492,-,3,144089320,-,PCPG,125,TCGA-P7-A5NX-01A,TCGA-P7-A5NX-01A,1.0,0.0,0.0,0.0,0.0
3,54341964,-,9,112665387,+,PCPG,126,TCGA-P7-A5NX-01A,TCGA-P7-A5NX-01A,1.0,0.0,0.0,0.0,0.0
3,54859339,+,3,169824999,-,PCPG,127,TCGA-P7-A5NX-01A,TCGA-P7-A5NX-01A,1.0,0.0,0.0,0.0,0.0
3,56702030,-,3,156592252,-,PCPG,128,TCGA-P7-A5NX-01A,TCGA-P7-A5NX-01A,1.0,0.0,0.0,0.0,0.0
3,56950971,+,3,171405284,-,PCPG,129,TCGA-P7-A5NX-01A,TCGA-P7-A5NX-01A,1.0,0.0,0.0,0.0,0.0
3,57293088,-,9,102490055,-,PCPG,130,TCGA-P7-A5NX-01A,TCGA-P7-A5NX-01A,1.0,0.0,0.0,0.0,0.0
3,57573034,-,9,10923756,+,PCPG,131,TCGA-P7-A5NX-01A,TCGA-P7-A5NX-01A,1.0,0.0,0.0,0.0,0.0
3,59528063,+,3,123953262,+,PCPG,132,TCGA-P7-A5NX-01A,TCGA-P7-A5NX-01A,1.0,0.0,0.0,0.0,0.0
3,60797827,-,3,190460230,-,PCPG,133,TCGA-P7-A5NX-01A,TCGA-P7-A5NX-01A,1.0,0.0,0.0,0.0,0.0
3,60875149,-,9,22306571,+,PCPG,134,TCGA-P7-A5NX-01A,TCGA-P7-A5NX-01A,1.0,0.0,0.0,0.0,0.0
3,61358837,-,9,72061771,+,PCPG,135,TCGA-P7-A5NX-01A,TCGA-P7-A5NX-01A,1.0,0.0,0.0,0.0,0.0
3,62023973,+,9,113726668,-,PCPG,136,TCGA-P7-A5NX-01A,TCGA-P7-A5NX-01A,1.0,0.0,0.0,0.0,0.0
3,62077273,+,3,94530611,-,PCPG,137,TCGA-P7-A5NX-01A,TCGA-P7-A5NX-01A,1.0,0.0,0.0,0.0,0.0
3,62083395,-,3,135966401,-,PCPG,138,TCGA-P7-A5NX-01A,TCGA-P7-A5NX-01A,1.0,0.0,0.0,0.0,0.0
3,63127425,+,9,12444065,+,PCPG,139,TCGA-P7-A5NX-01A,TCGA-P7-A5NX-01A,1.0,0.0,0.0,0.0,0.0
3,63732685,+,3,168284620,+,PCPG,140,TCGA-P7-A5NX-01A,TCGA-P7-A5NX-01A,1.0,0.0,0.0,0.0,0.0
3,64553928,-,9,137878929,+,PCPG,141,TCGA-P7-A5NX-01A,TCGA-P7-A5NX-01A,1.0,0.0,0.0,0.0,0.0
3,64621876,-,23,98893421,+,PCPG,142,TCGA-P7-A5NX-01A,TCGA-P7-A5NX-01A,1.0,0.0,0.0,0.0,0.0
3,65955233,-,9,77140876,+,PCPG,143,TCGA-P7-A5NX-01A,TCGA-P7-A5NX-01A,1.0,0.0,0.0,0.0,0.0
3,66093799,-,9,78369465,-,PCPG,144,TCGA-P7-A5NX-01A,TCGA-P7-A5NX-01A,1.0,0.0,0.0,0.0,0.0
3,66570510,-,9,100752276,+,PCPG,145,TCGA-P7-A5NX-01A,TCGA-P7-A5NX-01A,1.0,0.0,0.0,0.0,0.0
3,68361825,-,3,182987123,-,PCPG,146,TCGA-P7-A5NX-01A,TCGA-P7-A5NX-01A,1.0,0.0,0.0,0.0,0.0
3,68426500,+,9,37483437,+,PCPG,147,TCGA-P7-A5NX-01A,TCGA-P7-A5NX-01A,1.0,0.0,0.0,0.0,0.0
3,68728080,+,3,102520008,+,PCPG,148,TCGA-P7-A5NX-01A,TCGA-P7-A5NX-01A,1.0,0.0,0.0,0.0,0.0
3,69002494,-,3,138643688,+,PCPG,149,TCGA-P7-A5NX-01A,TCGA-P7-A5NX-01A,1.0,0.0,0.0,0.0,0.0
3,69845268,+,9,120002902,-,PCPG,150,TCGA-P7-A5NX-01A,TCGA-P7-A5NX-01A,1.0,0.0,0.0,0.0,0.0
3,70652674,+,3,98432729,-,PCPG,151,TCGA-P7-A5NX-01A,TCGA-P7-A5NX-01A,1.0,0.0,0.0,0.0,0.0
3,70765567,-,9,14918991,+,PCPG,152,TCGA-P7-A5NX-01A,TCGA-P7-A5NX-01A,1.0,0.0,0.0,0.0,0.0
3,71169702,-,3,71250268,-,PCPG,153,TCGA-P7-A5NX-01A,TCGA-P7-A5NX-01A,1.0,0.0,0.0,0.0,0.0
3,71194733,-,23,14542124,-,PCPG,154,TCGA-P7-A5NX-01A,TCGA-P7-A5NX-01A,1.0,0.0,0.0,0.0,0.0
3,71258483,+,3,105341449,+,PCPG,155,TCGA-P7-A5NX-01A,TCGA-P7-A5NX-01A,1.0,0.0,0.0,0.0,0.0
3,71405132,+,3,151678043,-,PCPG,156,TCGA-P7-A5NX-01A,TCGA-P7-A5NX-01A,1.0,0.0,0.0,0.0,0.0
3,71555511,+,3,194366274,-,PCPG,157,TCGA-P7-A5NX-01A,TCGA-P7-A5NX-01A,1.0,0.0,0.0,0.0,0.0
3,74401070,-,3,192083220,+,PCPG,158,TCGA-P7-A5NX-01A,TCGA-P7-A5NX-01A,1.0,0.0,0.0,0.0,0.0
3,74505192,+,3,154293931,+,PCPG,159,TCGA-P7-A5NX-01A,TCGA-P7-A5NX-01A,1.0,0.0,0.0,0.0,0.0
3,74697188,+,3,144774534,+,PCPG,160,TCGA-P7-A5NX-01A,TCGA-P7-A5NX-01A,1.0,0.0,0.0,0.0,0.0
3,75931763,+,3,161601714,+,PCPG,161,TCGA-P7-A5NX-01A,TCGA-P7-A5NX-01A,1.0,0.0,0.0,0.0,0.0
3,75947980,+,3,100522235,+,PCPG,162,TCGA-P7-A5NX-01A,TCGA-P7-A5NX-01A,1.0,0.0,0.0,0.0,0.0
3,76305371,-,9,72577186,+,PCPG,163,TCGA-P7-A5NX-01A,TCGA-P7-A5NX-01A,1.0,0.0,0.0,0.0,0.0
3,76917502,+,9,83729747,-,PCPG,164,TCGA-P7-A5NX-01A,TCGA-P7-A5NX-01A,1.0,0.0,0.0,0.0,0.0
3,77540098,+,3,192045136,+,PCPG,165,TCGA-P7-A5NX-01A,TCGA-P7-A5NX-01A,1.0,0.0,0.0,0.0,0.0
3,77795585,-,3,77903526,+,PCPG,166,TCGA-P7-A5NX-01A,TCGA-P7-A5NX-01A,1.0,0.0,0.0,0.0,0.0
3,78437119,-,3,151053191,+,PCPG,167,TCGA-P7-A5NX-01A,TCGA-P7-A5NX-01A,1.0,0.0,0.0,0.0,0.0
3,78603084,-,3,144356641,-,PCPG,168,TCGA-P7-A5NX-01A,TCGA-P7-A5NX-01A,1.0,0.0,0.0,0.0,0.0
3,79044917,+,3,149124791,-,PCPG,169,TCGA-P7-A5NX-01A,TCGA-P7-A5NX-01A,1.0,0.0,0.0,0.0,0.0
3,79569442,+,3,115194179,+,PCPG,170,TCGA-P7-A5NX-01A,TCGA-P7-A5NX-01A,1.0,0.0,0.0,0.0,0.0
3,80024498,+,6,160964356,+,PCPG,171,TCGA-P7-A5NX-01A,TCGA-P7-A5NX-01A,1.0,0.0,0.0,0.0,0.0
3,80712934,+,3,136390457,-,PCPG,172,TCGA-P7-A5NX-01A,TCGA-P7-A5NX-01A,1.0,0.0,0.0,0.0,0.0
3,80833132,-,9,120255880,-,PCPG,173,TCGA-P7-A5NX-01A,TCGA-P7-A5NX-01A,1.0,0.0,0.0,0.0,0.0
3,80995542,-,3,86500848,+,PCPG,174,TCGA-P7-A5NX-01A,TCGA-P7-A5NX-01A,1.0,0.0,0.0,0.0,0.0
3,81009316,+,3,176846528,-,PCPG,175,TCGA-P7-A5NX-01A,TCGA-P7-A5NX-01A,1.0,0.0,0.0,0.0,0.0
3,83063652,-,3,180984864,-,PCPG,176,TCGA-P7-A5NX-01A,TCGA-P7-A5NX-01A,1.0,0.0,0.0,0.0,0.0
3,83195796,-,3,101200543,+,PCPG,177,TCGA-P7-A5NX-01A,TCGA-P7-A5NX-01A,1.0,0.0,0.0,0.0,0.0
3,83687235,-,3,181070242,+,PCPG,178,TCGA-P7-A5NX-01A,TCGA-P7-A5NX-01A,1.0,0.0,0.0,0.0,0.0
3,83850047,-,3,133031140,+,PCPG,179,TCGA-P7-A5NX-01A,TCGA-P7-A5NX-01A,1.0,0.0,0.0,0.0,0.0
3,84929654,-,9,101951069,-,PCPG,180,TCGA-P7-A5NX-01A,TCGA-P7-A5NX-01A,1.0,0.0,0.0,0.0,0.0
3,85562263,-,3,143723908,+,PCPG,181,TCGA-P7-A5NX-01A,TCGA-P7-A5NX-01A,1.0,0.0,0.0,0.0,0.0
3,85682192,-,3,85748305,+,PCPG,182,TCGA-P7-A5NX-01A,TCGA-P7-A5NX-01A,1.0,0.0,0.0,0.0,0.0
3,85738325,-,3,151533354,-,PCPG,183,TCGA-P7-A5NX-01A,TCGA-P7-A5NX-01A,1.0,0.0,0.0,0.0,0.0
3,85956400,-,3,183232337,+,PCPG,184,TCGA-P7-A5NX-01A,TCGA-P7-A5NX-01A,1.0,0.0,0.0,0.0,0.0
3,86035178,+,3,130946111,-,PCPG,185,TCGA-P7-A5NX-01A,TCGA-P7-A5NX-01A,1.0,0.0,0.0,0.0,0.0
3,86525054,-,3,149900710,+,PCPG,186,TCGA-P7-A5NX-01A,TCGA-P7-A5NX-01A,1.0,0.0,0.0,0.0,0.0
3,88365729,+,3,197072262,+,PCPG,187,TCGA-P7-A5NX-01A,TCGA-P7-A5NX-01A,1.0,0.0,0.0,0.0,0.0
3,89045591,+,3,165978441,+,PCPG,188,TCGA-P7-A5NX-01A,TCGA-P7-A5NX-01A,1.0,0.0,0.0,0.0,0.0
3,89193716,+,3,142498279,+,PCPG,189,TCGA-P7-A5NX-01A,TCGA-P7-A5NX-01A,1.0,0.0,0.0,0.0,0.0
3,90049985,+,3,107174922,-,PCPG,190,TCGA-P7-A5NX-01A,TCGA-P7-A5NX-01A,1.0,0.0,0.0,0.0,0.0
3,90075108,-,3,144080258,-,PCPG,191,TCGA-P7-A5NX-01A,TCGA-P7-A5NX-01A,1.0,0.0,0.0,0.0,0.0
3,90417117,+,3,103603985,-,PCPG,192,TCGA-P7-A5NX-01A,TCGA-P7-A5NX-01A,1.0,0.0,0.0,0.0,0.0
3,90791620,-,3,90793409,+,PCPG,193,TCGA-P7-A5NX-01A,TCGA-P7-A5NX-01A,1.0,0.0,0.0,0.0,0.0
3,91021915,+,3,91163573,-,PCPG,194,TCGA-P7-A5NX-01A,TCGA-P7-A5NX-01A,1.0,0.0,0.0,0.0,0.0
3,94410491,-,9,91465890,-,PCPG,195,TCGA-P7-A5NX-01A,TCGA-P7-A5NX-01A,1.0,0.0,0.0,0.0,0.0
3,94922056,+,6,35457010,-,PCPG,196,TCGA-P7-A5NX-01A,TCGA-P7-A5NX-01A,1.0,0.0,0.0,0.0,0.0
3,95373704,-,9,119549862,-,PCPG,197,TCGA-P7-A5NX-01A,TCGA-P7-A5NX-01A,1.0,0.0,0.0,0.0,0.0
3,96625326,-,3,97146538,-,PCPG,198,TCGA-P7-A5NX-01A,TCGA-P7-A5NX-01A,1.0,0.0,0.0,0.0,0.0
3,96912915,+,3,116234212,+,PCPG,199,TCGA-P7-A5NX-01A,TCGA-P7-A5NX-01A,1.0,0.0,0.0,0.0,0.0
3,97028587,+,3,158544259,+,PCPG,200,TCGA-P7-A5NX-01A,TCGA-P7-A5NX-01A,1.0,0.0,0.0,0.0,0.0
3,97941600,+,3,106166341,-,PCPG,201,TCGA-P7-A5NX-01A,TCGA-P7-A5NX-01A,1.0,0.0,0.0,0.0,0.0
3,100699042,+,23,11790645,-,PCPG,202,TCGA-P7-A5NX-01A,TCGA-P7-A5NX-01A,1.0,0.0,0.0,0.0,0.0
3,100730787,-,3,115645500,-,PCPG,203,TCGA-P7-A5NX-01A,TCGA-P7-A5NX-01A,1.0,0.0,0.0,0.0,0.0
3,101370846,-,3,180378877,+,PCPG,204,TCGA-P7-A5NX-01A,TCGA-P7-A5NX-01A,1.0,0.0,0.0,0.0,0.0
3,101719874,+,9,28889693,+,PCPG,205,TCGA-P7-A5NX-01A,TCGA-P7-A5NX-01A,1.0,0.0,0.0,0.0,0.0
3,102387354,-,9,73207133,-,PCPG,206,TCGA-P7-A5NX-01A,TCGA-P7-A5NX-01A,1.0,0.0,0.0,0.0,0.0
3,102629561,+,3,113092059,+,PCPG,207,TCGA-P7-A5NX-01A,TCGA-P7-A5NX-01A,1.0,0.0,0.0,0.0,0.0
3,103059090,+,3,192303988,+,PCPG,208,TCGA-P7-A5NX-01A,TCGA-P7-A5NX-01A,1.0,0.0,0.0,0.0,0.0
3,104412350,-,9,120903100,+,PCPG,209,TCGA-P7-A5NX-01A,TCGA-P7-A5NX-01A,1.0,0.0,0.0,0.0,0.0
3,104651287,+,3,126351747,-,PCPG,210,TCGA-P7-A5NX-01A,TCGA-P7-A5NX-01A,1.0,0.0,0.0,0.0,0.0
3,105618161,+,3,192934378,-,PCPG,211,TCGA-P7-A5NX-01A,TCGA-P7-A5NX-01A,1.0,0.0,0.0,0.0,0.0
3,107016072,+,9,137665820,+,PCPG,212,TCGA-P7-A5NX-01A,TCGA-P7-A5NX-01A,1.0,0.0,0.0,0.0,0.0
3,107057449,-,3,107077911,-,PCPG,213,TCGA-P7-A5NX-01A,TCGA-P7-A5NX-01A,1.0,0.0,0.0,0.0,0.0
3,108384880,-,3,146257630,-,PCPG,214,TCGA-P7-A5NX-01A,TCGA-P7-A5NX-01A,1.0,0.0,0.0,0.0,0.0
3,108933034,+,3,172152705,-,PCPG,215,TCGA-P7-A5NX-01A,TCGA-P7-A5NX-01A,1.0,0.0,0.0,0.0,0.0
3,109171152,-,3,132691787,-,PCPG,216,TCGA-P7-A5NX-01A,TCGA-P7-A5NX-01A,1.0,0.0,0.0,0.0,0.0
3,110998135,+,3,112393045,-,PCPG,217,TCGA-P7-A5NX-01A,TCGA-P7-A5NX-01A,1.0,0.0,0.0,0.0,0.0
3,111730021,-,3,191048830,-,PCPG,218,TCGA-P7-A5NX-01A,TCGA-P7-A5NX-01A,1.0,0.0,0.0,0.0,0.0
3,112396220,+,3,120783160,+,PCPG,219,TCGA-P7-A5NX-01A,TCGA-P7-A5NX-01A,1.0,0.0,0.0,0.0,0.0
3,112400335,-,23,97313361,-,PCPG,220,TCGA-P7-A5NX-01A,TCGA-P7-A5NX-01A,1.0,0.0,0.0,0.0,0.0
3,112787548,+,3,146510634,+,PCPG,221,TCGA-P7-A5NX-01A,TCGA-P7-A5NX-01A,1.0,0.0,0.0,0.0,0.0
3,114340304,+,9,107174474,+,PCPG,222,TCGA-P7-A5NX-01A,TCGA-P7-A5NX-01A,1.0,0.0,0.0,0.0,0.0
3,114377609,+,3,152019398,+,PCPG,223,TCGA-P7-A5NX-01A,TCGA-P7-A5NX-01A,1.0,0.0,0.0,0.0,0.0
3,114449026,+,9,27398236,+,PCPG,224,TCGA-P7-A5NX-01A,TCGA-P7-A5NX-01A,1.0,0.0,0.0,0.0,0.0
3,115459178,-,3,172185078,+,PCPG,225,TCGA-P7-A5NX-01A,TCGA-P7-A5NX-01A,1.0,0.0,0.0,0.0,0.0
3,115802930,-,9,9098830,+,PCPG,226,TCGA-P7-A5NX-01A,TCGA-P7-A5NX-01A,1.0,0.0,0.0,0.0,0.0
3,117176639,+,9,86069789,-,PCPG,227,TCGA-P7-A5NX-01A,TCGA-P7-A5NX-01A,1.0,0.0,0.0,0.0,0.0
3,117826956,+,9,27503174,+,PCPG,228,TCGA-P7-A5NX-01A,TCGA-P7-A5NX-01A,1.0,0.0,0.0,0.0,0.0
3,118825877,-,9,101049289,+,PCPG,229,TCGA-P7-A5NX-01A,TCGA-P7-A5NX-01A,1.0,0.0,0.0,0.0,0.0
3,119740934,-,3,165814863,+,PCPG,230,TCGA-P7-A5NX-01A,TCGA-P7-A5NX-01A,1.0,0.0,0.0,0.0,0.0
3,119804809,-,3,137948783,+,PCPG,231,TCGA-P7-A5NX-01A,TCGA-P7-A5NX-01A,1.0,0.0,0.0,0.0,0.0
3,120095620,+,9,35335429,+,PCPG,232,TCGA-P7-A5NX-01A,TCGA-P7-A5NX-01A,1.0,0.0,0.0,0.0,0.0
3,120738935,+,9,20053697,-,PCPG,233,TCGA-P7-A5NX-01A,TCGA-P7-A5NX-01A,1.0,0.0,0.0,0.0,0.0
3,121019508,+,3,149151236,+,PCPG,234,TCGA-P7-A5NX-01A,TCGA-P7-A5NX-01A,1.0,0.0,0.0,0.0,0.0
3,121067214,+,3,146517140,-,PCPG,235,TCGA-P7-A5NX-01A,TCGA-P7-A5NX-01A,1.0,0.0,0.0,0.0,0.0
3,122122758,-,3,146195428,-,PCPG,236,TCGA-P7-A5NX-01A,TCGA-P7-A5NX-01A,1.0,0.0,0.0,0.0,0.0
3,122492952,+,9,115687430,+,PCPG,237,TCGA-P7-A5NX-01A,TCGA-P7-A5NX-01A,1.0,0.0,0.0,0.0,0.0
3,122808193,-,9,32259348,-,PCPG,238,TCGA-P7-A5NX-01A,TCGA-P7-A5NX-01A,1.0,0.0,0.0,0.0,0.0
3,123509727,-,9,110880942,-,PCPG,239,TCGA-P7-A5NX-01A,TCGA-P7-A5NX-01A,1.0,0.0,0.0,0.0,0.0
3,124637374,+,3,168283120,-,PCPG,240,TCGA-P7-A5NX-01A,TCGA-P7-A5NX-01A,1.0,0.0,0.0,0.0,0.0
3,126393727,+,3,136159503,+,PCPG,241,TCGA-P7-A5NX-01A,TCGA-P7-A5NX-01A,1.0,0.0,0.0,0.0,0.0
3,126768727,+,3,168377674,+,PCPG,242,TCGA-P7-A5NX-01A,TCGA-P7-A5NX-01A,1.0,0.0,0.0,0.0,0.0
3,126973060,-,3,190859970,-,PCPG,243,TCGA-P7-A5NX-01A,TCGA-P7-A5NX-01A,1.0,0.0,0.0,0.0,0.0
3,128079457,+,9,76782739,+,PCPG,244,TCGA-P7-A5NX-01A,TCGA-P7-A5NX-01A,1.0,0.0,0.0,0.0,0.0
3,128619872,-,9,103815487,+,PCPG,245,TCGA-P7-A5NX-01A,TCGA-P7-A5NX-01A,1.0,0.0,0.0,0.0,0.0
3,129696786,-,23,140857090,+,PCPG,246,TCGA-P7-A5NX-01A,TCGA-P7-A5NX-01A,1.0,0.0,0.0,0.0,0.0
3,132251256,+,9,80734588,-,PCPG,247,TCGA-P7-A5NX-01A,TCGA-P7-A5NX-01A,1.0,0.0,0.0,0.0,0.0
3,134611785,-,6,107442680,+,PCPG,248,TCGA-P7-A5NX-01A,TCGA-P7-A5NX-01A,1.0,0.0,0.0,0.0,0.0
3,134883407,-,9,105498950,-,PCPG,249,TCGA-P7-A5NX-01A,TCGA-P7-A5NX-01A,1.0,0.0,0.0,0.0,0.0
3,135083841,-,3,196324499,-,PCPG,250,TCGA-P7-A5NX-01A,TCGA-P7-A5NX-01A,1.0,0.0,0.0,0.0,0.0
3,135870075,-,3,173361272,+,PCPG,251,TCGA-P7-A5NX-01A,TCGA-P7-A5NX-01A,1.0,0.0,0.0,0.0,0.0
3,136380484,+,3,164517276,+,PCPG,252,TCGA-P7-A5NX-01A,TCGA-P7-A5NX-01A,1.0,0.0,0.0,0.0,0.0
3,136572381,-,3,144921587,-,PCPG,253,TCGA-P7-A5NX-01A,TCGA-P7-A5NX-01A,1.0,0.0,0.0,0.0,0.0
3,137145933,-,9,68627860,-,PCPG,254,TCGA-P7-A5NX-01A,TCGA-P7-A5NX-01A,1.0,0.0,0.0,0.0,0.0
3,138043272,+,3,193178320,+,PCPG,255,TCGA-P7-A5NX-01A,TCGA-P7-A5NX-01A,1.0,0.0,0.0,0.0,0.0
3,139653944,+,23,132567929,-,PCPG,256,TCGA-P7-A5NX-01A,TCGA-P7-A5NX-01A,1.0,0.0,0.0,0.0,0.0
3,139854472,-,3,184655584,-,PCPG,257,TCGA-P7-A5NX-01A,TCGA-P7-A5NX-01A,1.0,0.0,0.0,0.0,0.0
3,140739417,+,3,192043500,-,PCPG,258,TCGA-P7-A5NX-01A,TCGA-P7-A5NX-01A,1.0,0.0,0.0,0.0,0.0
3,141399705,+,9,130212607,-,PCPG,259,TCGA-P7-A5NX-01A,TCGA-P7-A5NX-01A,1.0,0.0,0.0,0.0,0.0
3,142481260,-,9,12888372,+,PCPG,260,TCGA-P7-A5NX-01A,TCGA-P7-A5NX-01A,1.0,0.0,0.0,0.0,0.0
3,142804931,-,9,76774669,-,PCPG,261,TCGA-P7-A5NX-01A,TCGA-P7-A5NX-01A,1.0,0.0,0.0,0.0,0.0
3,143629260,+,9,19951974,+,PCPG,262,TCGA-P7-A5NX-01A,TCGA-P7-A5NX-01A,1.0,0.0,0.0,0.0,0.0
3,144085125,+,3,193655654,-,PCPG,263,TCGA-P7-A5NX-01A,TCGA-P7-A5NX-01A,1.0,0.0,0.0,0.0,0.0
3,144645330,+,3,188256556,-,PCPG,264,TCGA-P7-A5NX-01A,TCGA-P7-A5NX-01A,1.0,0.0,0.0,0.0,0.0
3,144938910,+,9,123822586,+,PCPG,265,TCGA-P7-A5NX-01A,TCGA-P7-A5NX-01A,1.0,0.0,0.0,0.0,0.0
3,145005193,-,9,80865952,-,PCPG,266,TCGA-P7-A5NX-01A,TCGA-P7-A5NX-01A,1.0,0.0,0.0,0.0,0.0
3,145506660,-,3,194752441,+,PCPG,267,TCGA-P7-A5NX-01A,TCGA-P7-A5NX-01A,1.0,0.0,0.0,0.0,0.0
3,145861958,+,9,121672703,+,PCPG,268,TCGA-P7-A5NX-01A,TCGA-P7-A5NX-01A,1.0,0.0,0.0,0.0,0.0
3,146130942,-,3,169661522,+,PCPG,269,TCGA-P7-A5NX-01A,TCGA-P7-A5NX-01A,1.0,0.0,0.0,0.0,0.0
3,146257785,+,9,25830546,+,PCPG,270,TCGA-P7-A5NX-01A,TCGA-P7-A5NX-01A,1.0,0.0,0.0,0.0,0.0
3,147488599,-,9,13277526,+,PCPG,271,TCGA-P7-A5NX-01A,TCGA-P7-A5NX-01A,1.0,0.0,0.0,0.0,0.0
3,149161475,-,9,75566089,+,PCPG,272,TCGA-P7-A5NX-01A,TCGA-P7-A5NX-01A,1.0,0.0,0.0,0.0,0.0
3,150559854,-,9,78957063,-,PCPG,273,TCGA-P7-A5NX-01A,TCGA-P7-A5NX-01A,1.0,0.0,0.0,0.0,0.0
3,151754159,-,9,126848898,-,PCPG,274,TCGA-P7-A5NX-01A,TCGA-P7-A5NX-01A,1.0,0.0,0.0,0.0,0.0
3,155045548,+,3,192371890,+,PCPG,275,TCGA-P7-A5NX-01A,TCGA-P7-A5NX-01A,1.0,0.0,0.0,0.0,0.0
3,155169499,-,9,4889478,+,PCPG,276,TCGA-P7-A5NX-01A,TCGA-P7-A5NX-01A,1.0,0.0,0.0,0.0,0.0
3,155572795,-,9,22644888,-,PCPG,277,TCGA-P7-A5NX-01A,TCGA-P7-A5NX-01A,1.0,0.0,0.0,0.0,0.0
3,156478310,-,9,32111344,+,PCPG,278,TCGA-P7-A5NX-01A,TCGA-P7-A5NX-01A,1.0,0.0,0.0,0.0,0.0
3,156484089,+,9,128422177,-,PCPG,279,TCGA-P7-A5NX-01A,TCGA-P7-A5NX-01A,1.0,0.0,0.0,0.0,0.0
3,156905910,-,9,74466354,-,PCPG,280,TCGA-P7-A5NX-01A,TCGA-P7-A5NX-01A,1.0,0.0,0.0,0.0,0.0
3,157055756,+,9,81008633,+,PCPG,281,TCGA-P7-A5NX-01A,TCGA-P7-A5NX-01A,1.0,0.0,0.0,0.0,0.0
3,157358991,+,9,90520801,-,PCPG,282,TCGA-P7-A5NX-01A,TCGA-P7-A5NX-01A,1.0,0.0,0.0,0.0,0.0
3,159176061,-,3,190002351,-,PCPG,283,TCGA-P7-A5NX-01A,TCGA-P7-A5NX-01A,1.0,0.0,0.0,0.0,0.0
3,159782844,-,6,108052938,-,PCPG,284,TCGA-P7-A5NX-01A,TCGA-P7-A5NX-01A,1.0,0.0,0.0,0.0,0.0
3,159835449,-,9,34784343,-,PCPG,285,TCGA-P7-A5NX-01A,TCGA-P7-A5NX-01A,1.0,0.0,0.0,0.0,0.0
3,160353250,+,9,23773657,-,PCPG,286,TCGA-P7-A5NX-01A,TCGA-P7-A5NX-01A,1.0,0.0,0.0,0.0,0.0
3,161476221,+,3,164060148,+,PCPG,287,TCGA-P7-A5NX-01A,TCGA-P7-A5NX-01A,1.0,0.0,0.0,0.0,0.0
3,161594293,-,9,24128162,+,PCPG,288,TCGA-P7-A5NX-01A,TCGA-P7-A5NX-01A,1.0,0.0,0.0,0.0,0.0
3,162346859,+,9,120664586,-,PCPG,289,TCGA-P7-A5NX-01A,TCGA-P7-A5NX-01A,1.0,0.0,0.0,0.0,0.0
3,163233444,+,3,190461266,+,PCPG,290,TCGA-P7-A5NX-01A,TCGA-P7-A5NX-01A,1.0,0.0,0.0,0.0,0.0
3,164018260,+,3,176046553,-,PCPG,291,TCGA-P7-A5NX-01A,TCGA-P7-A5NX-01A,1.0,0.0,0.0,0.0,0.0
3,165542135,-,3,196585676,+,PCPG,292,TCGA-P7-A5NX-01A,TCGA-P7-A5NX-01A,1.0,0.0,0.0,0.0,0.0
3,169845921,+,9,71087152,-,PCPG,293,TCGA-P7-A5NX-01A,TCGA-P7-A5NX-01A,1.0,0.0,0.0,0.0,0.0
3,170494760,-,9,111486693,-,PCPG,294,TCGA-P7-A5NX-01A,TCGA-P7-A5NX-01A,1.0,0.0,0.0,0.0,0.0
3,171539170,-,3,191305711,+,PCPG,295,TCGA-P7-A5NX-01A,TCGA-P7-A5NX-01A,1.0,0.0,0.0,0.0,0.0
3,171986999,-,9,13530703,-,PCPG,296,TCGA-P7-A5NX-01A,TCGA-P7-A5NX-01A,1.0,0.0,0.0,0.0,0.0
3,172224659,-,6,129767368,-,PCPG,297,TCGA-P7-A5NX-01A,TCGA-P7-A5NX-01A,1.0,0.0,0.0,0.0,0.0
3,172520071,-,9,120960005,+,PCPG,298,TCGA-P7-A5NX-01A,TCGA-P7-A5NX-01A,1.0,0.0,0.0,0.0,0.0
3,174162237,-,9,96090631,+,PCPG,299,TCGA-P7-A5NX-01A,TCGA-P7-A5NX-01A,1.0,0.0,0.0,0.0,0.0
3,174743218,-,9,22128697,-,PCPG,300,TCGA-P7-A5NX-01A,TCGA-P7-A5NX-01A,1.0,0.0,0.0,0.0,0.0
3,175726327,-,6,163186891,+,PCPG,301,TCGA-P7-A5NX-01A,TCGA-P7-A5NX-01A,1.0,0.0,0.0,0.0,0.0
3,182534543,-,9,14528334,-,PCPG,302,TCGA-P7-A5NX-01A,TCGA-P7-A5NX-01A,1.0,0.0,0.0,0.0,0.0
3,182686091,+,9,10355759,-,PCPG,303,TCGA-P7-A5NX-01A,TCGA-P7-A5NX-01A,1.0,0.0,0.0,0.0,0.0
3,186247407,-,9,77095394,+,PCPG,304,TCGA-P7-A5NX-01A,TCGA-P7-A5NX-01A,1.0,0.0,0.0,0.0,0.0
3,190073278,-,6,49287660,-,PCPG,305,TCGA-P7-A5NX-01A,TCGA-P7-A5NX-01A,1.0,0.0,0.0,0.0,0.0
3,190986559,-,9,102767552,-,PCPG,306,TCGA-P7-A5NX-01A,TCGA-P7-A5NX-01A,1.0,0.0,0.0,0.0,0.0
3,192378081,+,4,101125005,+,PCPG,307,TCGA-P7-A5NX-01A,TCGA-P7-A5NX-01A,1.0,0.0,0.0,0.0,0.0
3,193318894,+,9,15542944,-,PCPG,308,TCGA-P7-A5NX-01A,TCGA-P7-A5NX-01A,1.0,0.0,0.0,0.0,0.0
3,194523960,-,9,78403869,-,PCPG,309,TCGA-P7-A5NX-01A,TCGA-P7-A5NX-01A,1.0,0.0,0.0,0.0,0.0
3,195328869,-,9,120952462,-,PCPG,310,TCGA-P7-A5NX-01A,TCGA-P7-A5NX-01A,1.0,0.0,0.0,0.0,0.0
3,196080748,+,9,24330492,+,PCPG,311,TCGA-P7-A5NX-01A,TCGA-P7-A5NX-01A,1.0,0.0,0.0,0.0,0.0
3,197230618,-,3,197285018,+,PCPG,312,TCGA-P7-A5NX-01A,TCGA-P7-A5NX-01A,1.0,0.0,0.0,0.0,0.0
4,184425455,-,4,184556041,+,PCPG,313,TCGA-P7-A5NX-01A,TCGA-P7-A5NX-01A,1.0,0.0,0.0,0.0,0.0
5,49671491,-,5,49674657,+,PCPG,314,TCGA-P7-A5NX-01A,TCGA-P7-A5NX-01A,1.0,0.0,0.0,0.0,0.0
5,49711834,-,5,49714914,+,PCPG,315,TCGA-P7-A5NX-01A,TCGA-P7-A5NX-01A,1.0,0.0,0.0,0.0,0.0
5,50540057,-,17,74643653,+,PCPG,316,TCGA-P7-A5NX-01A,TCGA-P7-A5NX-01A,1.0,0.0,0.0,0.0,0.0
5,50540139,+,17,74643585,-,PCPG,317,TCGA-P7-A5NX-01A,TCGA-P7-A5NX-01A,1.0,0.0,0.0,0.0,0.0
6,1770933,-,6,43810003,-,PCPG,318,TCGA-P7-A5NX-01A,TCGA-P7-A5NX-01A,1.0,0.0,0.0,0.0,0.0
6,8741804,-,6,23672630,-,PCPG,319,TCGA-P7-A5NX-01A,TCGA-P7-A5NX-01A,1.0,0.0,0.0,0.0,0.0
6,10683825,-,23,29250953,-,PCPG,320,TCGA-P7-A5NX-01A,TCGA-P7-A5NX-01A,1.0,0.0,0.0,0.0,0.0
6,10785867,+,6,57091421,-,PCPG,321,TCGA-P7-A5NX-01A,TCGA-P7-A5NX-01A,1.0,0.0,0.0,0.0,0.0
6,15468097,-,23,107512189,+,PCPG,322,TCGA-P7-A5NX-01A,TCGA-P7-A5NX-01A,1.0,0.0,0.0,0.0,0.0
6,17077165,-,23,114861870,+,PCPG,323,TCGA-P7-A5NX-01A,TCGA-P7-A5NX-01A,1.0,0.0,0.0,0.0,0.0
6,23176719,-,23,12256604,-,PCPG,324,TCGA-P7-A5NX-01A,TCGA-P7-A5NX-01A,1.0,0.0,0.0,0.0,0.0
6,23689743,+,6,24294226,+,PCPG,325,TCGA-P7-A5NX-01A,TCGA-P7-A5NX-01A,1.0,0.0,0.0,0.0,0.0
6,28594009,+,6,43577598,-,PCPG,326,TCGA-P7-A5NX-01A,TCGA-P7-A5NX-01A,1.0,0.0,0.0,0.0,0.0
6,30356263,-,23,20448549,+,PCPG,327,TCGA-P7-A5NX-01A,TCGA-P7-A5NX-01A,1.0,0.0,0.0,0.0,0.0
6,33513680,-,6,51038688,-,PCPG,328,TCGA-P7-A5NX-01A,TCGA-P7-A5NX-01A,1.0,0.0,0.0,0.0,0.0
6,37879195,-,6,80086023,-,PCPG,329,TCGA-P7-A5NX-01A,TCGA-P7-A5NX-01A,1.0,0.0,0.0,0.0,0.0
6,50380178,-,6,68929495,-,PCPG,330,TCGA-P7-A5NX-01A,TCGA-P7-A5NX-01A,1.0,0.0,0.0,0.0,0.0
6,51063878,+,6,112442331,+,PCPG,331,TCGA-P7-A5NX-01A,TCGA-P7-A5NX-01A,1.0,0.0,0.0,0.0,0.0
6,53734808,-,23,111706950,+,PCPG,332,TCGA-P7-A5NX-01A,TCGA-P7-A5NX-01A,1.0,0.0,0.0,0.0,0.0
6,56633169,+,6,69560201,-,PCPG,333,TCGA-P7-A5NX-01A,TCGA-P7-A5NX-01A,1.0,0.0,0.0,0.0,0.0
6,56758591,+,9,136623883,-,PCPG,334,TCGA-P7-A5NX-01A,TCGA-P7-A5NX-01A,1.0,0.0,0.0,0.0,0.0
6,57227790,-,23,42997660,-,PCPG,335,TCGA-P7-A5NX-01A,TCGA-P7-A5NX-01A,1.0,0.0,0.0,0.0,0.0
6,67499266,-,6,69567174,+,PCPG,336,TCGA-P7-A5NX-01A,TCGA-P7-A5NX-01A,1.0,0.0,0.0,0.0,0.0
6,68768480,+,6,68774065,-,PCPG,337,TCGA-P7-A5NX-01A,TCGA-P7-A5NX-01A,1.0,0.0,0.0,0.0,0.0
6,73237247,-,23,100442786,-,PCPG,338,TCGA-P7-A5NX-01A,TCGA-P7-A5NX-01A,1.0,0.0,0.0,0.0,0.0
6,75564302,+,9,125321563,-,PCPG,339,TCGA-P7-A5NX-01A,TCGA-P7-A5NX-01A,1.0,0.0,0.0,0.0,0.0
6,75836800,-,6,158492591,+,PCPG,340,TCGA-P7-A5NX-01A,TCGA-P7-A5NX-01A,1.0,0.0,0.0,0.0,0.0
6,83025738,+,23,126706447,+,PCPG,341,TCGA-P7-A5NX-01A,TCGA-P7-A5NX-01A,1.0,0.0,0.0,0.0,0.0
6,86179101,-,6,120255708,-,PCPG,342,TCGA-P7-A5NX-01A,TCGA-P7-A5NX-01A,1.0,0.0,0.0,0.0,0.0
6,88389446,-,23,81835163,-,PCPG,343,TCGA-P7-A5NX-01A,TCGA-P7-A5NX-01A,1.0,0.0,0.0,0.0,0.0
6,94136724,-,23,79871220,-,PCPG,344,TCGA-P7-A5NX-01A,TCGA-P7-A5NX-01A,1.0,0.0,0.0,0.0,0.0
6,97563061,+,23,31542861,-,PCPG,345,TCGA-P7-A5NX-01A,TCGA-P7-A5NX-01A,1.0,0.0,0.0,0.0,0.0
6,98023706,-,23,119754684,+,PCPG,346,TCGA-P7-A5NX-01A,TCGA-P7-A5NX-01A,1.0,0.0,0.0,0.0,0.0
6,98758427,-,23,33995221,-,PCPG,347,TCGA-P7-A5NX-01A,TCGA-P7-A5NX-01A,1.0,0.0,0.0,0.0,0.0
6,99184362,-,23,21391414,+,PCPG,348,TCGA-P7-A5NX-01A,TCGA-P7-A5NX-01A,1.0,0.0,0.0,0.0,0.0
6,110898301,+,6,114445951,+,PCPG,349,TCGA-P7-A5NX-01A,TCGA-P7-A5NX-01A,1.0,0.0,0.0,0.0,0.0
6,116479655,-,9,88540835,+,PCPG,350,TCGA-P7-A5NX-01A,TCGA-P7-A5NX-01A,1.0,0.0,0.0,0.0,0.0
6,122157975,+,23,140555459,+,PCPG,351,TCGA-P7-A5NX-01A,TCGA-P7-A5NX-01A,1.0,0.0,0.0,0.0,0.0
6,125111441,-,23,46623443,-,PCPG,352,TCGA-P7-A5NX-01A,TCGA-P7-A5NX-01A,1.0,0.0,0.0,0.0,0.0
6,125220482,-,23,128729773,-,PCPG,353,TCGA-P7-A5NX-01A,TCGA-P7-A5NX-01A,1.0,0.0,0.0,0.0,0.0
6,125228088,-,23,141892846,-,PCPG,354,TCGA-P7-A5NX-01A,TCGA-P7-A5NX-01A,1.0,0.0,0.0,0.0,0.0
6,128500686,-,6,159383951,-,PCPG,355,TCGA-P7-A5NX-01A,TCGA-P7-A5NX-01A,1.0,0.0,0.0,0.0,0.0
6,129821652,+,9,133182453,-,PCPG,356,TCGA-P7-A5NX-01A,TCGA-P7-A5NX-01A,1.0,0.0,0.0,0.0,0.0
6,130145888,+,23,22656250,-,PCPG,357,TCGA-P7-A5NX-01A,TCGA-P7-A5NX-01A,1.0,0.0,0.0,0.0,0.0
6,139874494,+,9,7061974,-,PCPG,358,TCGA-P7-A5NX-01A,TCGA-P7-A5NX-01A,1.0,0.0,0.0,0.0,0.0
6,142223559,+,9,17176047,-,PCPG,359,TCGA-P7-A5NX-01A,TCGA-P7-A5NX-01A,1.0,0.0,0.0,0.0,0.0
6,146906422,-,23,27937124,+,PCPG,360,TCGA-P7-A5NX-01A,TCGA-P7-A5NX-01A,1.0,0.0,0.0,0.0,0.0
6,149030864,-,6,170178191,+,PCPG,361,TCGA-P7-A5NX-01A,TCGA-P7-A5NX-01A,1.0,0.0,0.0,0.0,0.0
6,155005940,-,23,151045822,-,PCPG,362,TCGA-P7-A5NX-01A,TCGA-P7-A5NX-01A,1.0,0.0,0.0,0.0,0.0
6,158794958,-,23,33346988,+,PCPG,363,TCGA-P7-A5NX-01A,TCGA-P7-A5NX-01A,1.0,0.0,0.0,0.0,0.0
6,165503421,-,23,95009847,-,PCPG,364,TCGA-P7-A5NX-01A,TCGA-P7-A5NX-01A,1.0,0.0,0.0,0.0,0.0
7,57382908,-,7,57388527,+,PCPG,365,TCGA-P7-A5NX-01A,TCGA-P7-A5NX-01A,1.0,0.0,0.0,0.0,0.0
7,57889499,-,7,57891636,+,PCPG,366,TCGA-P7-A5NX-01A,TCGA-P7-A5NX-01A,1.0,0.0,0.0,0.0,0.0
7,61960718,-,7,61962247,+,PCPG,367,TCGA-P7-A5NX-01A,TCGA-P7-A5NX-01A,1.0,0.0,0.0,0.0,0.0
9,12884976,-,9,14106365,+,PCPG,368,TCGA-P7-A5NX-01A,TCGA-P7-A5NX-01A,1.0,0.0,0.0,0.0,0.0
9,14099224,-,9,30803416,+,PCPG,369,TCGA-P7-A5NX-01A,TCGA-P7-A5NX-01A,1.0,0.0,0.0,0.0,0.0
9,14139923,-,9,77090876,-,PCPG,370,TCGA-P7-A5NX-01A,TCGA-P7-A5NX-01A,1.0,0.0,0.0,0.0,0.0
9,20083262,-,9,94810559,-,PCPG,371,TCGA-P7-A5NX-01A,TCGA-P7-A5NX-01A,1.0,0.0,0.0,0.0,0.0
9,20511786,+,9,73448956,-,PCPG,372,TCGA-P7-A5NX-01A,TCGA-P7-A5NX-01A,1.0,0.0,0.0,0.0,0.0
9,20774589,-,9,137098990,-,PCPG,373,TCGA-P7-A5NX-01A,TCGA-P7-A5NX-01A,1.0,0.0,0.0,0.0,0.0
9,25613268,+,9,112694203,-,PCPG,374,TCGA-P7-A5NX-01A,TCGA-P7-A5NX-01A,1.0,0.0,0.0,0.0,0.0
9,31022293,+,9,117047781,-,PCPG,375,TCGA-P7-A5NX-01A,TCGA-P7-A5NX-01A,1.0,0.0,0.0,0.0,0.0
9,35842950,-,9,126867865,+,PCPG,376,TCGA-P7-A5NX-01A,TCGA-P7-A5NX-01A,1.0,0.0,0.0,0.0,0.0
9,43181235,-,9,43185817,+,PCPG,377,TCGA-P7-A5NX-01A,TCGA-P7-A5NX-01A,1.0,0.0,0.0,0.0,0.0
9,60549416,-,9,60551071,+,PCPG,378,TCGA-P7-A5NX-01A,TCGA-P7-A5NX-01A,1.0,0.0,0.0,0.0,0.0
9,79720533,+,9,128902305,+,PCPG,379,TCGA-P7-A5NX-01A,TCGA-P7-A5NX-01A,1.0,0.0,0.0,0.0,0.0
9,98376351,+,9,111931685,+,PCPG,380,TCGA-P7-A5NX-01A,TCGA-P7-A5NX-01A,1.0,0.0,0.0,0.0,0.0
9,103763087,-,9,127125001,-,PCPG,381,TCGA-P7-A5NX-01A,TCGA-P7-A5NX-01A,1.0,0.0,0.0,0.0,0.0
23,603043,-,23,35281158,-,PCPG,382,TCGA-P7-A5NX-01A,TCGA-P7-A5NX-01A,1.0,0.0,0.0,0.0,0.0
23,6379374,-,23,55162322,+,PCPG,383,TCGA-P7-A5NX-01A,TCGA-P7-A5NX-01A,1.0,0.0,0.0,0.0,0.0
23,14656014,+,23,96335765,-,PCPG,384,TCGA-P7-A5NX-01A,TCGA-P7-A5NX-01A,1.0,0.0,0.0,0.0,0.0
23,30315110,+,23,53400739,-,PCPG,385,TCGA-P7-A5NX-01A,TCGA-P7-A5NX-01A,1.0,0.0,0.0,0.0,0.0
23,32747893,+,23,98445539,+,PCPG,386,TCGA-P7-A5NX-01A,TCGA-P7-A5NX-01A,1.0,0.0,0.0,0.0,0.0
23,33216256,-,23,90943936,+,PCPG,387,TCGA-P7-A5NX-01A,TCGA-P7-A5NX-01A,1.0,0.0,0.0,0.0,0.0
23,38486179,+,23,99485480,+,PCPG,388,TCGA-P7-A5NX-01A,TCGA-P7-A5NX-01A,1.0,0.0,0.0,0.0,0.0
23,44461050,-,23,124411508,-,PCPG,389,TCGA-P7-A5NX-01A,TCGA-P7-A5NX-01A,1.0,0.0,0.0,0.0,0.0
23,45458138,-,23,110110657,-,PCPG,390,TCGA-P7-A5NX-01A,TCGA-P7-A5NX-01A,1.0,0.0,0.0,0.0,0.0
23,51055796,+,23,103590328,+,PCPG,391,TCGA-P7-A5NX-01A,TCGA-P7-A5NX-01A,1.0,0.0,0.0,0.0,0.0
23,65826661,-,23,155282932,+,PCPG,392,TCGA-P7-A5NX-01A,TCGA-P7-A5NX-01A,1.0,0.0,0.0,0.0,0.0
23,70200526,+,23,87164034,-,PCPG,393,TCGA-P7-A5NX-01A,TCGA-P7-A5NX-01A,1.0,0.0,0.0,0.0,0.0
23,79001859,-,23,127397315,+,PCPG,394,TCGA-P7-A5NX-01A,TCGA-P7-A5NX-01A,1.0,0.0,0.0,0.0,0.0
23,105569465,+,23,151889416,-,PCPG,395,TCGA-P7-A5NX-01A,TCGA-P7-A5NX-01A,1.0,0.0,0.0,0.0,0.0
23,106732472,+,23,116478381,-,PCPG,396,TCGA-P7-A5NX-01A,TCGA-P7-A5NX-01A,1.0,0.0,0.0,0.0,0.0
1,1235414,-,17,48058929,+,PCPG,397,TCGA-P8-A5KC-01A,TCGA-P8-A5KC-01A,1.0,0.0,0.0,0.0,0.0
1,1322833,+,17,61141936,-,PCPG,398,TCGA-P8-A5KC-01A,TCGA-P8-A5KC-01A,1.0,0.0,0.0,0.0,0.0
1,21054655,-,5,37012301,-,PCPG,399,TCGA-P8-A5KC-01A,TCGA-P8-A5KC-01A,1.0,0.0,0.0,0.0,0.0
1,21289048,-,1,21422876,+,PCPG,400,TCGA-P8-A5KC-01A,TCGA-P8-A5KC-01A,1.0,0.0,0.0,0.0,0.0
1,28872930,-,11,113333411,-,PCPG,401,TCGA-P8-A5KC-01A,TCGA-P8-A5KC-01A,1.0,0.0,0.0,0.0,0.0
1,29018116,+,17,61315207,+,PCPG,402,TCGA-P8-A5KC-01A,TCGA-P8-A5KC-01A,1.0,0.0,0.0,0.0,0.0
1,122957322,-,1,122959028,+,PCPG,403,TCGA-P8-A5KC-01A,TCGA-P8-A5KC-01A,1.0,0.0,0.0,0.0,0.0
1,123271360,-,1,123272446,+,PCPG,404,TCGA-P8-A5KC-01A,TCGA-P8-A5KC-01A,1.0,0.0,0.0,0.0,0.0
1,234207267,-,23,20573406,+,PCPG,405,TCGA-P8-A5KC-01A,TCGA-P8-A5KC-01A,1.0,0.0,0.0,0.0,0.0
11,2130219,-,11,2270589,+,PCPG,406,TCGA-P8-A5KC-01A,TCGA-P8-A5KC-01A,1.0,0.0,0.0,0.0,0.0
11,47619116,+,14,68795260,+,PCPG,407,TCGA-P8-A5KC-01A,TCGA-P8-A5KC-01A,1.0,0.0,0.0,0.0,0.0
11,113428791,+,11,119179447,+,PCPG,408,TCGA-P8-A5KC-01A,TCGA-P8-A5KC-01A,1.0,0.0,0.0,0.0,0.0
11,119080680,-,17,47927443,-,PCPG,409,TCGA-P8-A5KC-01A,TCGA-P8-A5KC-01A,1.0,0.0,0.0,0.0,0.0
12,35509579,-,12,35511277,+,PCPG,410,TCGA-P8-A5KC-01A,TCGA-P8-A5KC-01A,1.0,0.0,0.0,0.0,0.0
12,95404434,-,12,115146972,-,PCPG,411,TCGA-P8-A5KC-01A,TCGA-P8-A5KC-01A,1.0,0.0,0.0,0.0,0.0
12,95404449,+,12,115147526,+,PCPG,412,TCGA-P8-A5KC-01A,TCGA-P8-A5KC-01A,1.0,0.0,0.0,0.0,0.0
12,95404523,+,12,115147293,+,PCPG,413,TCGA-P8-A5KC-01A,TCGA-P8-A5KC-01A,1.0,0.0,0.0,0.0,0.0
13,17250406,+,13,17251531,-,PCPG,414,TCGA-P8-A5KC-01A,TCGA-P8-A5KC-01A,1.0,0.0,0.0,0.0,0.0
13,17275576,-,13,17278542,+,PCPG,415,TCGA-P8-A5KC-01A,TCGA-P8-A5KC-01A,1.0,0.0,0.0,0.0,0.0
13,17650210,+,13,17651218,-,PCPG,416,TCGA-P8-A5KC-01A,TCGA-P8-A5KC-01A,1.0,0.0,0.0,0.0,0.0
13,17813312,-,13,17814432,+,PCPG,417,TCGA-P8-A5KC-01A,TCGA-P8-A5KC-01A,1.0,0.0,0.0,0.0,0.0
16,37962229,-,16,38120810,+,PCPG,418,TCGA-P8-A5KC-01A,TCGA-P8-A5KC-01A,1.0,0.0,0.0,0.0,0.0
16,58369970,-,16,58521599,+,PCPG,419,TCGA-P8-A5KC-01A,TCGA-P8-A5KC-01A,1.0,0.0,0.0,0.0,0.0
17,21435823,+,17,26993664,-,PCPG,420,TCGA-P8-A5KC-01A,TCGA-P8-A5KC-01A,1.0,0.0,0.0,0.0,0.0
17,23244660,-,17,23245505,+,PCPG,421,TCGA-P8-A5KC-01A,TCGA-P8-A5KC-01A,1.0,0.0,0.0,0.0,0.0
2,92198649,+,2,94052324,-,PCPG,422,TCGA-P8-A5KC-01A,TCGA-P8-A5KC-01A,1.0,0.0,0.0,0.0,0.0
20,26271297,-,20,30174159,-,PCPG,423,TCGA-P8-A5KC-01A,TCGA-P8-A5KC-01A,1.0,0.0,0.0,0.0,0.0
20,28414690,-,20,28416464,+,PCPG,424,TCGA-P8-A5KC-01A,TCGA-P8-A5KC-01A,1.0,0.0,0.0,0.0,0.0
22,21126055,-,22,21127203,+,PCPG,425,TCGA-P8-A5KC-01A,TCGA-P8-A5KC-01A,1.0,0.0,0.0,0.0,0.0
3,90564063,+,3,90569400,-,PCPG,426,TCGA-P8-A5KC-01A,TCGA-P8-A5KC-01A,1.0,0.0,0.0,0.0,0.0
3,91049246,-,3,91167713,+,PCPG,427,TCGA-P8-A5KC-01A,TCGA-P8-A5KC-01A,1.0,0.0,0.0,0.0,0.0
3,114769557,-,9,21962498,-,PCPG,428,TCGA-P8-A5KC-01A,TCGA-P8-A5KC-01A,1.0,0.0,0.0,0.0,0.0
4,139839487,-,17,44330788,+,PCPG,429,TCGA-P8-A5KC-01A,TCGA-P8-A5KC-01A,1.0,0.0,0.0,0.0,0.0
4,139980548,+,17,44209790,-,PCPG,430,TCGA-P8-A5KC-01A,TCGA-P8-A5KC-01A,1.0,0.0,0.0,0.0,0.0
4,180954895,+,4,180957752,-,PCPG,431,TCGA-P8-A5KC-01A,TCGA-P8-A5KC-01A,1.0,0.0,0.0,0.0,0.0
5,247722,-,5,1579612,-,PCPG,432,TCGA-P8-A5KC-01A,TCGA-P8-A5KC-01A,1.0,0.0,0.0,0.0,0.0
5,46995076,-,5,46996667,+,PCPG,433,TCGA-P8-A5KC-01A,TCGA-P8-A5KC-01A,1.0,0.0,0.0,0.0,0.0
7,30974551,-,7,31103209,+,PCPG,434,TCGA-P8-A5KC-01A,TCGA-P8-A5KC-01A,1.0,0.0,0.0,0.0,0.0
7,148403052,+,16,84009834,-,PCPG,435,TCGA-P8-A5KC-01A,TCGA-P8-A5KC-01A,1.0,0.0,0.0,0.0,0.0
9,44885465,-,9,44887671,+,PCPG,436,TCGA-P8-A5KC-01A,TCGA-P8-A5KC-01A,1.0,0.0,0.0,0.0,0.0
13,16326850,-,13,16327876,+,PCPG,437,TCGA-P8-A5KD-01A,TCGA-P8-A5KD-01A,1.0,0.0,0.0,0.0,0.0
14,48976556,+,18,28755181,+,PCPG,438,TCGA-P8-A5KD-01A,TCGA-P8-A5KD-01A,1.0,0.0,0.0,0.0,0.0
18,44903307,+,18,44904142,-,PCPG,439,TCGA-P8-A5KD-01A,TCGA-P8-A5KD-01A,1.0,0.0,0.0,0.0,0.0
3,71397263,+,21,20430837,-,PCPG,440,TCGA-P8-A5KD-01A,TCGA-P8-A5KD-01A,1.0,0.0,0.0,0.0,0.0
3,91049254,-,3,91167711,+,PCPG,441,TCGA-P8-A5KD-01A,TCGA-P8-A5KD-01A,1.0,0.0,0.0,0.0,0.0
4,1550326,+,5,50921481,+,PCPG,442,TCGA-P8-A5KD-01A,TCGA-P8-A5KD-01A,1.0,0.0,0.0,0.0,0.0
1,47638262,+,1,49594092,+,PCPG,443,TCGA-P8-A6RX-01A,TCGA-P8-A6RX-01A,1.0,0.0,0.0,0.0,0.0
1,164716730,+,5,142796091,+,PCPG,444,TCGA-P8-A6RX-01A,TCGA-P8-A6RX-01A,1.0,0.0,0.0,0.0,0.0
10,98531849,+,10,99078864,-,PCPG,445,TCGA-P8-A6RX-01A,TCGA-P8-A6RX-01A,1.0,0.0,0.0,0.0,0.0
12,121289820,+,12,121593515,-,PCPG,446,TCGA-P8-A6RX-01A,TCGA-P8-A6RX-01A,1.0,0.0,0.0,0.0,0.0
16,2924268,+,23,151223589,-,PCPG,447,TCGA-P8-A6RX-01A,TCGA-P8-A6RX-01A,1.0,0.0,0.0,0.0,0.0
18,15537734,-,18,15596991,+,PCPG,448,TCGA-P8-A6RX-01A,TCGA-P8-A6RX-01A,1.0,0.0,0.0,0.0,0.0
18,15582130,-,18,15760650,+,PCPG,449,TCGA-P8-A6RX-01A,TCGA-P8-A6RX-01A,1.0,0.0,0.0,0.0,0.0
18,71198486,-,23,7320076,+,PCPG,450,TCGA-P8-A6RX-01A,TCGA-P8-A6RX-01A,1.0,0.0,0.0,0.0,0.0
2,132535706,+,11,93899045,+,PCPG,451,TCGA-P8-A6RX-01A,TCGA-P8-A6RX-01A,1.0,0.0,0.0,0.0,0.0
20,26486182,+,20,26599975,-,PCPG,452,TCGA-P8-A6RX-01A,TCGA-P8-A6RX-01A,1.0,0.0,0.0,0.0,0.0
22,16448491,+,24,11360071,-,PCPG,453,TCGA-P8-A6RX-01A,TCGA-P8-A6RX-01A,1.0,0.0,0.0,0.0,0.0
3,90941607,-,3,91129463,+,PCPG,454,TCGA-P8-A6RX-01A,TCGA-P8-A6RX-01A,1.0,0.0,0.0,0.0,0.0
3,92636204,-,3,93217916,+,PCPG,455,TCGA-P8-A6RX-01A,TCGA-P8-A6RX-01A,1.0,0.0,0.0,0.0,0.0
4,63828612,+,4,63848664,-,PCPG,456,TCGA-P8-A6RX-01A,TCGA-P8-A6RX-01A,1.0,0.0,0.0,0.0,0.0
5,1307107,+,5,1312936,+,PCPG,457,TCGA-P8-A6RX-01A,TCGA-P8-A6RX-01A,1.0,0.0,0.0,0.0,0.0
5,1309064,-,5,68686369,-,PCPG,458,TCGA-P8-A6RX-01A,TCGA-P8-A6RX-01A,1.0,0.0,0.0,0.0,0.0
5,8255610,+,5,8260597,-,PCPG,459,TCGA-P8-A6RX-01A,TCGA-P8-A6RX-01A,1.0,0.0,0.0,0.0,0.0
5,11134216,-,5,12899685,-,PCPG,460,TCGA-P8-A6RX-01A,TCGA-P8-A6RX-01A,1.0,0.0,0.0,0.0,0.0
5,12134186,+,5,146559419,-,PCPG,461,TCGA-P8-A6RX-01A,TCGA-P8-A6RX-01A,1.0,0.0,0.0,0.0,0.0
5,12205226,-,5,145171542,-,PCPG,462,TCGA-P8-A6RX-01A,TCGA-P8-A6RX-01A,1.0,0.0,0.0,0.0,0.0
5,12886342,+,5,71512252,-,PCPG,463,TCGA-P8-A6RX-01A,TCGA-P8-A6RX-01A,1.0,0.0,0.0,0.0,0.0
5,28096728,-,5,145158956,+,PCPG,464,TCGA-P8-A6RX-01A,TCGA-P8-A6RX-01A,1.0,0.0,0.0,0.0,0.0
5,28841480,+,5,71661727,+,PCPG,465,TCGA-P8-A6RX-01A,TCGA-P8-A6RX-01A,1.0,0.0,0.0,0.0,0.0
5,28991210,-,5,71438741,+,PCPG,466,TCGA-P8-A6RX-01A,TCGA-P8-A6RX-01A,1.0,0.0,0.0,0.0,0.0
5,50312557,+,10,98453888,-,PCPG,467,TCGA-P8-A6RX-01A,TCGA-P8-A6RX-01A,1.0,0.0,0.0,0.0,0.0
5,72496631,-,5,98028004,+,PCPG,468,TCGA-P8-A6RX-01A,TCGA-P8-A6RX-01A,1.0,0.0,0.0,0.0,0.0
5,73050078,+,5,89374447,-,PCPG,469,TCGA-P8-A6RX-01A,TCGA-P8-A6RX-01A,1.0,0.0,0.0,0.0,0.0
5,78979412,-,5,101250753,-,PCPG,470,TCGA-P8-A6RX-01A,TCGA-P8-A6RX-01A,1.0,0.0,0.0,0.0,0.0
5,78979992,+,5,101256789,+,PCPG,471,TCGA-P8-A6RX-01A,TCGA-P8-A6RX-01A,1.0,0.0,0.0,0.0,0.0
5,79551648,-,5,101256475,-,PCPG,472,TCGA-P8-A6RX-01A,TCGA-P8-A6RX-01A,1.0,0.0,0.0,0.0,0.0
5,79551727,+,5,103097247,-,PCPG,473,TCGA-P8-A6RX-01A,TCGA-P8-A6RX-01A,1.0,0.0,0.0,0.0,0.0
5,79552917,-,5,97564872,+,PCPG,474,TCGA-P8-A6RX-01A,TCGA-P8-A6RX-01A,1.0,0.0,0.0,0.0,0.0
5,82389661,-,5,106524891,-,PCPG,475,TCGA-P8-A6RX-01A,TCGA-P8-A6RX-01A,1.0,0.0,0.0,0.0,0.0
5,88858997,-,5,89374050,+,PCPG,476,TCGA-P8-A6RX-01A,TCGA-P8-A6RX-01A,1.0,0.0,0.0,0.0,0.0
5,88961178,+,5,101261004,+,PCPG,477,TCGA-P8-A6RX-01A,TCGA-P8-A6RX-01A,1.0,0.0,0.0,0.0,0.0
5,88974607,-,5,101249463,-,PCPG,478,TCGA-P8-A6RX-01A,TCGA-P8-A6RX-01A,1.0,0.0,0.0,0.0,0.0
5,89346093,+,5,89459896,+,PCPG,479,TCGA-P8-A6RX-01A,TCGA-P8-A6RX-01A,1.0,0.0,0.0,0.0,0.0
5,89374400,+,5,101256784,+,PCPG,480,TCGA-P8-A6RX-01A,TCGA-P8-A6RX-01A,1.0,0.0,0.0,0.0,0.0
5,97563886,-,5,101250721,+,PCPG,481,TCGA-P8-A6RX-01A,TCGA-P8-A6RX-01A,1.0,0.0,0.0,0.0,0.0
5,97565481,-,5,101247594,+,PCPG,482,TCGA-P8-A6RX-01A,TCGA-P8-A6RX-01A,1.0,0.0,0.0,0.0,0.0
5,97566347,-,5,101260227,-,PCPG,483,TCGA-P8-A6RX-01A,TCGA-P8-A6RX-01A,1.0,0.0,0.0,0.0,0.0
5,101247296,-,5,101251420,+,PCPG,484,TCGA-P8-A6RX-01A,TCGA-P8-A6RX-01A,1.0,0.0,0.0,0.0,0.0
5,101248189,-,5,101256158,-,PCPG,485,TCGA-P8-A6RX-01A,TCGA-P8-A6RX-01A,1.0,0.0,0.0,0.0,0.0
5,101248516,+,5,103097729,+,PCPG,486,TCGA-P8-A6RX-01A,TCGA-P8-A6RX-01A,1.0,0.0,0.0,0.0,0.0
5,101256120,-,5,101266432,+,PCPG,487,TCGA-P8-A6RX-01A,TCGA-P8-A6RX-01A,1.0,0.0,0.0,0.0,0.0
5,101256298,-,5,103097158,-,PCPG,488,TCGA-P8-A6RX-01A,TCGA-P8-A6RX-01A,1.0,0.0,0.0,0.0,0.0
5,101256488,+,5,103096180,-,PCPG,489,TCGA-P8-A6RX-01A,TCGA-P8-A6RX-01A,1.0,0.0,0.0,0.0,0.0
5,101256724,+,5,103096402,+,PCPG,490,TCGA-P8-A6RX-01A,TCGA-P8-A6RX-01A,1.0,0.0,0.0,0.0,0.0
5,101256736,+,5,103097212,-,PCPG,491,TCGA-P8-A6RX-01A,TCGA-P8-A6RX-01A,1.0,0.0,0.0,0.0,0.0
5,101256771,+,5,103097744,+,PCPG,492,TCGA-P8-A6RX-01A,TCGA-P8-A6RX-01A,1.0,0.0,0.0,0.0,0.0
5,101256808,+,5,101265806,-,PCPG,493,TCGA-P8-A6RX-01A,TCGA-P8-A6RX-01A,1.0,0.0,0.0,0.0,0.0
7,61822345,+,7,62234899,-,PCPG,494,TCGA-P8-A6RX-01A,TCGA-P8-A6RX-01A,1.0,0.0,0.0,0.0,0.0
7,127694330,+,7,127694998,-,PCPG,495,TCGA-P8-A6RX-01A,TCGA-P8-A6RX-01A,1.0,0.0,0.0,0.0,0.0
1,240955555,-,6,86112687,-,PCPG,496,TCGA-P8-A6RY-01A,TCGA-P8-A6RY-01A,1.0,0.0,0.0,0.0,0.0
11,51806543,-,11,53494389,+,PCPG,497,TCGA-P8-A6RY-01A,TCGA-P8-A6RY-01A,1.0,0.0,0.0,0.0,0.0
12,127229804,+,13,92779331,+,PCPG,498,TCGA-P8-A6RY-01A,TCGA-P8-A6RY-01A,1.0,0.0,0.0,0.0,0.0
16,2600055,+,16,2678163,-,PCPG,499,TCGA-P8-A6RY-01A,TCGA-P8-A6RY-01A,1.0,0.0,0.0,0.0,0.0
17,22999927,-,17,23156838,+,PCPG,500,TCGA-P8-A6RY-01A,TCGA-P8-A6RY-01A,1.0,0.0,0.0,0.0,0.0
3,188784405,+,3,188785456,-,PCPG,501,TCGA-P8-A6RY-01A,TCGA-P8-A6RY-01A,1.0,0.0,0.0,0.0,0.0
4,49720076,+,4,51381495,-,PCPG,502,TCGA-P8-A6RY-01A,TCGA-P8-A6RY-01A,1.0,0.0,0.0,0.0,0.0
5,38553406,-,5,82118416,+,PCPG,503,TCGA-P8-A6RY-01A,TCGA-P8-A6RY-01A,1.0,0.0,0.0,0.0,0.0
1,122426968,-,1,122458619,+,PCPG,504,TCGA-PR-A5PF-01A,TCGA-PR-A5PF-01A,1.0,0.0,0.0,0.0,0.0
1,123195263,-,1,123196076,+,PCPG,505,TCGA-PR-A5PF-01A,TCGA-PR-A5PF-01A,1.0,0.0,0.0,0.0,0.0
1,123572220,-,1,123573015,+,PCPG,506,TCGA-PR-A5PF-01A,TCGA-PR-A5PF-01A,1.0,0.0,0.0,0.0,0.0
1,124201691,-,1,124202536,+,PCPG,507,TCGA-PR-A5PF-01A,TCGA-PR-A5PF-01A,1.0,0.0,0.0,0.0,0.0
1,152787527,+,1,152798297,-,PCPG,508,TCGA-PR-A5PF-01A,TCGA-PR-A5PF-01A,1.0,0.0,0.0,0.0,0.0
1,175072388,-,1,175226576,+,PCPG,509,TCGA-PR-A5PF-01A,TCGA-PR-A5PF-01A,1.0,0.0,0.0,0.0,0.0
10,39227896,-,10,39230078,+,PCPG,510,TCGA-PR-A5PF-01A,TCGA-PR-A5PF-01A,1.0,0.0,0.0,0.0,0.0
11,259030,+,11,74069694,+,PCPG,511,TCGA-PR-A5PF-01A,TCGA-PR-A5PF-01A,1.0,0.0,0.0,0.0,0.0
11,2250142,+,14,105151417,-,PCPG,512,TCGA-PR-A5PF-01A,TCGA-PR-A5PF-01A,1.0,0.0,0.0,0.0,0.0
11,52308084,-,11,53166651,+,PCPG,513,TCGA-PR-A5PF-01A,TCGA-PR-A5PF-01A,1.0,0.0,0.0,0.0,0.0
11,55833053,+,11,59573482,-,PCPG,514,TCGA-PR-A5PF-01A,TCGA-PR-A5PF-01A,1.0,0.0,0.0,0.0,0.0
12,8243629,-,12,8244635,-,PCPG,515,TCGA-PR-A5PF-01A,TCGA-PR-A5PF-01A,1.0,0.0,0.0,0.0,0.0
12,8643881,+,12,8657492,-,PCPG,516,TCGA-PR-A5PF-01A,TCGA-PR-A5PF-01A,1.0,0.0,0.0,0.0,0.0
12,58846987,-,12,90716978,+,PCPG,517,TCGA-PR-A5PF-01A,TCGA-PR-A5PF-01A,1.0,0.0,0.0,0.0,0.0
12,67071547,+,12,68409049,-,PCPG,518,TCGA-PR-A5PF-01A,TCGA-PR-A5PF-01A,1.0,0.0,0.0,0.0,0.0
12,68865248,+,12,69586108,+,PCPG,519,TCGA-PR-A5PF-01A,TCGA-PR-A5PF-01A,1.0,0.0,0.0,0.0,0.0
13,21195189,+,13,72288815,-,PCPG,520,TCGA-PR-A5PF-01A,TCGA-PR-A5PF-01A,1.0,0.0,0.0,0.0,0.0
13,26601033,+,13,55506475,+,PCPG,521,TCGA-PR-A5PF-01A,TCGA-PR-A5PF-01A,1.0,0.0,0.0,0.0,0.0
13,86497842,-,13,86498557,-,PCPG,522,TCGA-PR-A5PF-01A,TCGA-PR-A5PF-01A,1.0,0.0,0.0,0.0,0.0
14,105199064,+,17,43213959,+,PCPG,523,TCGA-PR-A5PF-01A,TCGA-PR-A5PF-01A,1.0,0.0,0.0,0.0,0.0
15,30692433,+,15,31713369,+,PCPG,524,TCGA-PR-A5PF-01A,TCGA-PR-A5PF-01A,1.0,0.0,0.0,0.0,0.0
16,72611675,+,22,16612151,+,PCPG,525,TCGA-PR-A5PF-01A,TCGA-PR-A5PF-01A,1.0,0.0,0.0,0.0,0.0
17,22825180,-,17,22844054,+,PCPG,526,TCGA-PR-A5PF-01A,TCGA-PR-A5PF-01A,1.0,0.0,0.0,0.0,0.0
17,22913156,+,17,22986590,-,PCPG,527,TCGA-PR-A5PF-01A,TCGA-PR-A5PF-01A,1.0,0.0,0.0,0.0,0.0
17,43041619,-,22,10782894,-,PCPG,528,TCGA-PR-A5PF-01A,TCGA-PR-A5PF-01A,1.0,0.0,0.0,0.0,0.0
2,92348200,-,2,92349027,+,PCPG,529,TCGA-PR-A5PF-01A,TCGA-PR-A5PF-01A,1.0,0.0,0.0,0.0,0.0
2,132162531,-,13,18408350,-,PCPG,530,TCGA-PR-A5PF-01A,TCGA-PR-A5PF-01A,1.0,0.0,0.0,0.0,0.0
20,28751119,+,22,12434985,+,PCPG,531,TCGA-PR-A5PF-01A,TCGA-PR-A5PF-01A,1.0,0.0,0.0,0.0,0.0
21,40685723,+,21,40711720,+,PCPG,532,TCGA-PR-A5PF-01A,TCGA-PR-A5PF-01A,1.0,0.0,0.0,0.0,0.0
3,77180437,-,19,8160784,+,PCPG,533,TCGA-PR-A5PF-01A,TCGA-PR-A5PF-01A,1.0,0.0,0.0,0.0,0.0
3,78588099,-,16,72611670,+,PCPG,534,TCGA-PR-A5PF-01A,TCGA-PR-A5PF-01A,1.0,0.0,0.0,0.0,0.0
4,12069382,+,4,12073828,-,PCPG,535,TCGA-PR-A5PF-01A,TCGA-PR-A5PF-01A,1.0,0.0,0.0,0.0,0.0
4,139744579,-,17,44397045,+,PCPG,536,TCGA-PR-A5PF-01A,TCGA-PR-A5PF-01A,1.0,0.0,0.0,0.0,0.0
5,112369430,+,5,113262936,-,PCPG,537,TCGA-PR-A5PF-01A,TCGA-PR-A5PF-01A,1.0,0.0,0.0,0.0,0.0
5,135796305,-,19,41509949,-,PCPG,538,TCGA-PR-A5PF-01A,TCGA-PR-A5PF-01A,1.0,0.0,0.0,0.0,0.0
5,142276866,-,5,142421717,+,PCPG,539,TCGA-PR-A5PF-01A,TCGA-PR-A5PF-01A,1.0,0.0,0.0,0.0,0.0
7,61256451,-,7,61484092,+,PCPG,540,TCGA-PR-A5PF-01A,TCGA-PR-A5PF-01A,1.0,0.0,0.0,0.0,0.0
7,61256454,-,7,61489773,+,PCPG,541,TCGA-PR-A5PF-01A,TCGA-PR-A5PF-01A,1.0,0.0,0.0,0.0,0.0
7,61964169,+,7,61967063,-,PCPG,542,TCGA-PR-A5PF-01A,TCGA-PR-A5PF-01A,1.0,0.0,0.0,0.0,0.0
7,108097403,-,14,88875820,-,PCPG,543,TCGA-PR-A5PF-01A,TCGA-PR-A5PF-01A,1.0,0.0,0.0,0.0,0.0
7,108317590,+,14,89161211,+,PCPG,544,TCGA-PR-A5PF-01A,TCGA-PR-A5PF-01A,1.0,0.0,0.0,0.0,0.0
7,132562940,+,23,1169119,+,PCPG,545,TCGA-PR-A5PF-01A,TCGA-PR-A5PF-01A,1.0,0.0,0.0,0.0,0.0
8,41558873,-,8,43372835,+,PCPG,546,TCGA-PR-A5PF-01A,TCGA-PR-A5PF-01A,1.0,0.0,0.0,0.0,0.0
8,42826364,+,12,85592221,+,PCPG,547,TCGA-PR-A5PF-01A,TCGA-PR-A5PF-01A,1.0,0.0,0.0,0.0,0.0
8,43226319,-,12,91238344,+,PCPG,548,TCGA-PR-A5PF-01A,TCGA-PR-A5PF-01A,1.0,0.0,0.0,0.0,0.0
8,43340423,-,8,44233789,+,PCPG,549,TCGA-PR-A5PF-01A,TCGA-PR-A5PF-01A,1.0,0.0,0.0,0.0,0.0
8,43934517,-,12,87736548,-,PCPG,550,TCGA-PR-A5PF-01A,TCGA-PR-A5PF-01A,1.0,0.0,0.0,0.0,0.0
8,145055976,-,12,8243540,+,PCPG,551,TCGA-PR-A5PF-01A,TCGA-PR-A5PF-01A,1.0,0.0,0.0,0.0,0.0
9,40543218,-,22,16064243,-,PCPG,552,TCGA-PR-A5PF-01A,TCGA-PR-A5PF-01A,1.0,0.0,0.0,0.0,0.0
1,101497492,+,8,133313430,-,PCPG,553,TCGA-PR-A5PH-01A,TCGA-PR-A5PH-01A,1.0,0.0,0.0,0.0,0.0
10,8268543,+,23,150001004,+,PCPG,554,TCGA-PR-A5PH-01A,TCGA-PR-A5PH-01A,1.0,0.0,0.0,0.0,0.0
11,72234183,-,11,72379894,+,PCPG,555,TCGA-PR-A5PH-01A,TCGA-PR-A5PH-01A,1.0,0.0,0.0,0.0,0.0
12,124323138,+,12,124323907,-,PCPG,556,TCGA-PR-A5PH-01A,TCGA-PR-A5PH-01A,1.0,0.0,0.0,0.0,0.0
13,16310713,-,13,16312287,+,PCPG,557,TCGA-PR-A5PH-01A,TCGA-PR-A5PH-01A,1.0,0.0,0.0,0.0,0.0
13,17439243,+,13,17523285,-,PCPG,558,TCGA-PR-A5PH-01A,TCGA-PR-A5PH-01A,1.0,0.0,0.0,0.0,0.0
14,88954529,-,14,89124130,+,PCPG,559,TCGA-PR-A5PH-01A,TCGA-PR-A5PH-01A,1.0,0.0,0.0,0.0,0.0
16,11953309,+,16,11953942,-,PCPG,560,TCGA-PR-A5PH-01A,TCGA-PR-A5PH-01A,1.0,0.0,0.0,0.0,0.0
17,12088339,+,23,98654299,-,PCPG,561,TCGA-PR-A5PH-01A,TCGA-PR-A5PH-01A,1.0,0.0,0.0,0.0,0.0
17,39997650,-,17,44208388,-,PCPG,562,TCGA-PR-A5PH-01A,TCGA-PR-A5PH-01A,1.0,0.0,0.0,0.0,0.0
19,13828161,-,19,13927423,+,PCPG,563,TCGA-PR-A5PH-01A,TCGA-PR-A5PH-01A,1.0,0.0,0.0,0.0,0.0
2,16146172,-,18,30758301,-,PCPG,564,TCGA-PR-A5PH-01A,TCGA-PR-A5PH-01A,1.0,0.0,0.0,0.0,0.0
3,50155127,-,3,50296625,+,PCPG,565,TCGA-PR-A5PH-01A,TCGA-PR-A5PH-01A,1.0,0.0,0.0,0.0,0.0
3,56023813,+,13,95423948,+,PCPG,566,TCGA-PR-A5PH-01A,TCGA-PR-A5PH-01A,1.0,0.0,0.0,0.0,0.0
4,50234800,+,4,51210296,-,PCPG,567,TCGA-PR-A5PH-01A,TCGA-PR-A5PH-01A,1.0,0.0,0.0,0.0,0.0
4,54617193,-,15,66415535,+,PCPG,568,TCGA-PR-A5PH-01A,TCGA-PR-A5PH-01A,1.0,0.0,0.0,0.0,0.0
4,95796671,-,17,40092829,+,PCPG,569,TCGA-PR-A5PH-01A,TCGA-PR-A5PH-01A,1.0,0.0,0.0,0.0,0.0
4,95876129,+,4,139931404,-,PCPG,570,TCGA-PR-A5PH-01A,TCGA-PR-A5PH-01A,1.0,0.0,0.0,0.0,0.0
5,47259011,+,5,47262045,-,PCPG,571,TCGA-PR-A5PH-01A,TCGA-PR-A5PH-01A,1.0,0.0,0.0,0.0,0.0
5,60351782,-,16,27141271,+,PCPG,572,TCGA-PR-A5PH-01A,TCGA-PR-A5PH-01A,1.0,0.0,0.0,0.0,0.0
5,143013085,-,9,129554864,+,PCPG,573,TCGA-PR-A5PH-01A,TCGA-PR-A5PH-01A,1.0,0.0,0.0,0.0,0.0
5,143174320,+,17,44208729,+,PCPG,574,TCGA-PR-A5PH-01A,TCGA-PR-A5PH-01A,1.0,0.0,0.0,0.0,0.0
6,62586141,+,23,138269960,+,PCPG,575,TCGA-PR-A5PH-01A,TCGA-PR-A5PH-01A,1.0,0.0,0.0,0.0,0.0
7,102260329,+,14,77872693,-,PCPG,576,TCGA-PR-A5PH-01A,TCGA-PR-A5PH-01A,1.0,0.0,0.0,0.0,0.0
8,138170265,-,8,138329936,+,PCPG,577,TCGA-PR-A5PH-01A,TCGA-PR-A5PH-01A,1.0,0.0,0.0,0.0,0.0
9,129405242,-,17,44355862,+,PCPG,578,TCGA-PR-A5PH-01A,TCGA-PR-A5PH-01A,1.0,0.0,0.0,0.0,0.0
23,32553042,+,23,32870389,-,PCPG,579,TCGA-PR-A5PH-01A,TCGA-PR-A5PH-01A,1.0,0.0,0.0,0.0,0.0
1,57795686,-,3,61373165,-,PCPG,580,TCGA-QR-A6GO-01A,TCGA-QR-A6GO-01A,1.0,0.0,0.0,0.0,0.0
1,122200962,-,1,122215857,+,PCPG,581,TCGA-QR-A6GO-01A,TCGA-QR-A6GO-01A,1.0,0.0,0.0,0.0,0.0
1,123868119,-,1,123868857,+,PCPG,582,TCGA-QR-A6GO-01A,TCGA-QR-A6GO-01A,1.0,0.0,0.0,0.0,0.0
1,242932350,-,22,18096575,+,PCPG,583,TCGA-QR-A6GO-01A,TCGA-QR-A6GO-01A,1.0,0.0,0.0,0.0,0.0
11,52308113,-,11,53166655,+,PCPG,584,TCGA-QR-A6GO-01A,TCGA-QR-A6GO-01A,1.0,0.0,0.0,0.0,0.0
11,52742509,+,11,53728618,-,PCPG,585,TCGA-QR-A6GO-01A,TCGA-QR-A6GO-01A,1.0,0.0,0.0,0.0,0.0
11,54084280,+,11,54316335,-,PCPG,586,TCGA-QR-A6GO-01A,TCGA-QR-A6GO-01A,1.0,0.0,0.0,0.0,0.0
12,69483557,+,12,69554605,-,PCPG,587,TCGA-QR-A6GO-01A,TCGA-QR-A6GO-01A,1.0,0.0,0.0,0.0,0.0
13,16002749,+,20,28765638,+,PCPG,588,TCGA-QR-A6GO-01A,TCGA-QR-A6GO-01A,1.0,0.0,0.0,0.0,0.0
13,90497291,-,23,43589009,-,PCPG,589,TCGA-QR-A6GO-01A,TCGA-QR-A6GO-01A,1.0,0.0,0.0,0.0,0.0
16,23881890,+,17,36463253,+,PCPG,590,TCGA-QR-A6GO-01A,TCGA-QR-A6GO-01A,1.0,0.0,0.0,0.0,0.0
16,35749371,+,16,35750092,-,PCPG,591,TCGA-QR-A6GO-01A,TCGA-QR-A6GO-01A,1.0,0.0,0.0,0.0,0.0
16,37679761,-,16,37680537,+,PCPG,592,TCGA-QR-A6GO-01A,TCGA-QR-A6GO-01A,1.0,0.0,0.0,0.0,0.0
2,83521848,-,4,105044160,+,PCPG,593,TCGA-QR-A6GO-01A,TCGA-QR-A6GO-01A,1.0,0.0,0.0,0.0,0.0
2,216263183,-,9,134254285,+,PCPG,594,TCGA-QR-A6GO-01A,TCGA-QR-A6GO-01A,1.0,0.0,0.0,0.0,0.0
2,221740233,+,2,231264540,-,PCPG,595,TCGA-QR-A6GO-01A,TCGA-QR-A6GO-01A,1.0,0.0,0.0,0.0,0.0
20,29309578,+,20,29756208,-,PCPG,596,TCGA-QR-A6GO-01A,TCGA-QR-A6GO-01A,1.0,0.0,0.0,0.0,0.0
3,69520541,+,3,188784364,+,PCPG,597,TCGA-QR-A6GO-01A,TCGA-QR-A6GO-01A,1.0,0.0,0.0,0.0,0.0
3,90870493,-,3,90951908,+,PCPG,598,TCGA-QR-A6GO-01A,TCGA-QR-A6GO-01A,1.0,0.0,0.0,0.0,0.0
4,67490838,-,19,9051040,+,PCPG,599,TCGA-QR-A6GO-01A,TCGA-QR-A6GO-01A,1.0,0.0,0.0,0.0,0.0
6,42681182,+,22,29495940,-,PCPG,600,TCGA-QR-A6GO-01A,TCGA-QR-A6GO-01A,1.0,0.0,0.0,0.0,0.0
6,59540531,+,6,59649892,-,PCPG,601,TCGA-QR-A6GO-01A,TCGA-QR-A6GO-01A,1.0,0.0,0.0,0.0,0.0
6,60566141,+,6,103384150,-,PCPG,602,TCGA-QR-A6GO-01A,TCGA-QR-A6GO-01A,1.0,0.0,0.0,0.0,0.0
6,67432743,+,23,33191013,+,PCPG,603,TCGA-QR-A6GO-01A,TCGA-QR-A6GO-01A,1.0,0.0,0.0,0.0,0.0
7,153505938,-,20,22084015,+,PCPG,604,TCGA-QR-A6GO-01A,TCGA-QR-A6GO-01A,1.0,0.0,0.0,0.0,0.0
7,153506579,+,20,22083878,-,PCPG,605,TCGA-QR-A6GO-01A,TCGA-QR-A6GO-01A,1.0,0.0,0.0,0.0,0.0
9,98712703,-,22,32179828,+,PCPG,606,TCGA-QR-A6GO-01A,TCGA-QR-A6GO-01A,1.0,0.0,0.0,0.0,0.0
9,124825611,-,13,93510996,+,PCPG,607,TCGA-QR-A6GO-01A,TCGA-QR-A6GO-01A,1.0,0.0,0.0,0.0,0.0
1,5936835,-,3,56865321,-,PCPG,608,TCGA-QR-A6GR-01A,TCGA-QR-A6GR-01A,1.0,0.0,0.0,0.0,0.0
1,43766303,+,11,45948967,-,PCPG,609,TCGA-QR-A6GR-01A,TCGA-QR-A6GR-01A,1.0,0.0,0.0,0.0,0.0
1,43766388,-,11,45948835,+,PCPG,610,TCGA-QR-A6GR-01A,TCGA-QR-A6GR-01A,1.0,0.0,0.0,0.0,0.0
1,46046425,-,16,53004141,-,PCPG,611,TCGA-QR-A6GR-01A,TCGA-QR-A6GR-01A,1.0,0.0,0.0,0.0,0.0
1,46249984,+,1,48674586,+,PCPG,612,TCGA-QR-A6GR-01A,TCGA-QR-A6GR-01A,1.0,0.0,0.0,0.0,0.0
1,121907645,+,1,122174637,+,PCPG,613,TCGA-QR-A6GR-01A,TCGA-QR-A6GR-01A,1.0,0.0,0.0,0.0,0.0
1,122463276,+,1,122500776,-,PCPG,614,TCGA-QR-A6GR-01A,TCGA-QR-A6GR-01A,1.0,0.0,0.0,0.0,0.0
1,234595535,-,1,234822599,+,PCPG,615,TCGA-QR-A6GR-01A,TCGA-QR-A6GR-01A,1.0,0.0,0.0,0.0,0.0
10,21457279,+,10,21457794,-,PCPG,616,TCGA-QR-A6GR-01A,TCGA-QR-A6GR-01A,1.0,0.0,0.0,0.0,0.0
10,73434233,-,10,103254522,-,PCPG,617,TCGA-QR-A6GR-01A,TCGA-QR-A6GR-01A,1.0,0.0,0.0,0.0,0.0
11,54227085,-,11,54228019,+,PCPG,618,TCGA-QR-A6GR-01A,TCGA-QR-A6GR-01A,1.0,0.0,0.0,0.0,0.0
11,62454142,+,11,65506494,-,PCPG,619,TCGA-QR-A6GR-01A,TCGA-QR-A6GR-01A,1.0,0.0,0.0,0.0,0.0
11,72870396,+,11,121578458,-,PCPG,620,TCGA-QR-A6GR-01A,TCGA-QR-A6GR-01A,1.0,0.0,0.0,0.0,0.0
11,119139767,-,11,119230350,+,PCPG,621,TCGA-QR-A6GR-01A,TCGA-QR-A6GR-01A,1.0,0.0,0.0,0.0,0.0
11,120202787,-,11,120377139,+,PCPG,622,TCGA-QR-A6GR-01A,TCGA-QR-A6GR-01A,1.0,0.0,0.0,0.0,0.0
12,36815909,-,12,37038162,+,PCPG,623,TCGA-QR-A6GR-01A,TCGA-QR-A6GR-01A,1.0,0.0,0.0,0.0,0.0
12,49139038,-,16,4511025,+,PCPG,624,TCGA-QR-A6GR-01A,TCGA-QR-A6GR-01A,1.0,0.0,0.0,0.0,0.0
12,49360845,+,16,4297088,-,PCPG,625,TCGA-QR-A6GR-01A,TCGA-QR-A6GR-01A,1.0,0.0,0.0,0.0,0.0
13,16978503,-,13,16979724,+,PCPG,626,TCGA-QR-A6GR-01A,TCGA-QR-A6GR-01A,1.0,0.0,0.0,0.0,0.0
13,34541487,-,19,38123580,-,PCPG,627,TCGA-QR-A6GR-01A,TCGA-QR-A6GR-01A,1.0,0.0,0.0,0.0,0.0
13,49588221,+,13,49588948,-,PCPG,628,TCGA-QR-A6GR-01A,TCGA-QR-A6GR-01A,1.0,0.0,0.0,0.0,0.0
16,2600052,+,16,2678159,-,PCPG,629,TCGA-QR-A6GR-01A,TCGA-QR-A6GR-01A,1.0,0.0,0.0,0.0,0.0
16,4510680,-,16,4511011,+,PCPG,630,TCGA-QR-A6GR-01A,TCGA-QR-A6GR-01A,1.0,0.0,0.0,0.0,0.0
16,53129154,+,16,87743268,-,PCPG,631,TCGA-QR-A6GR-01A,TCGA-QR-A6GR-01A,1.0,0.0,0.0,0.0,0.0
16,87830864,+,22,23615888,+,PCPG,632,TCGA-QR-A6GR-01A,TCGA-QR-A6GR-01A,1.0,0.0,0.0,0.0,0.0
17,29950787,+,17,35349979,-,PCPG,633,TCGA-QR-A6GR-01A,TCGA-QR-A6GR-01A,1.0,0.0,0.0,0.0,0.0
17,35318494,+,17,35324052,+,PCPG,634,TCGA-QR-A6GR-01A,TCGA-QR-A6GR-01A,1.0,0.0,0.0,0.0,0.0
17,35321673,-,17,35322982,-,PCPG,635,TCGA-QR-A6GR-01A,TCGA-QR-A6GR-01A,1.0,0.0,0.0,0.0,0.0
17,35322864,+,17,35324442,+,PCPG,636,TCGA-QR-A6GR-01A,TCGA-QR-A6GR-01A,1.0,0.0,0.0,0.0,0.0
17,35322936,+,17,35354154,-,PCPG,637,TCGA-QR-A6GR-01A,TCGA-QR-A6GR-01A,1.0,0.0,0.0,0.0,0.0
17,35324069,-,17,35354320,-,PCPG,638,TCGA-QR-A6GR-01A,TCGA-QR-A6GR-01A,1.0,0.0,0.0,0.0,0.0
17,35354267,+,17,35356538,+,PCPG,639,TCGA-QR-A6GR-01A,TCGA-QR-A6GR-01A,1.0,0.0,0.0,0.0,0.0
18,15802868,-,18,17784872,+,PCPG,640,TCGA-QR-A6GR-01A,TCGA-QR-A6GR-01A,1.0,0.0,0.0,0.0,0.0
18,48837920,-,18,49012924,+,PCPG,641,TCGA-QR-A6GR-01A,TCGA-QR-A6GR-01A,1.0,0.0,0.0,0.0,0.0
19,33176880,-,19,38842955,+,PCPG,642,TCGA-QR-A6GR-01A,TCGA-QR-A6GR-01A,1.0,0.0,0.0,0.0,0.0
19,33322571,+,19,38689839,-,PCPG,643,TCGA-QR-A6GR-01A,TCGA-QR-A6GR-01A,1.0,0.0,0.0,0.0,0.0
2,92912713,-,2,92913562,+,PCPG,644,TCGA-QR-A6GR-01A,TCGA-QR-A6GR-01A,1.0,0.0,0.0,0.0,0.0
2,94056615,-,2,94057532,+,PCPG,645,TCGA-QR-A6GR-01A,TCGA-QR-A6GR-01A,1.0,0.0,0.0,0.0,0.0
2,112220369,-,10,103364477,+,PCPG,646,TCGA-QR-A6GR-01A,TCGA-QR-A6GR-01A,1.0,0.0,0.0,0.0,0.0
2,112350453,+,10,73602405,+,PCPG,647,TCGA-QR-A6GR-01A,TCGA-QR-A6GR-01A,1.0,0.0,0.0,0.0,0.0
3,14894706,-,3,15081600,+,PCPG,648,TCGA-QR-A6GR-01A,TCGA-QR-A6GR-01A,1.0,0.0,0.0,0.0,0.0
3,18788520,+,10,111430847,-,PCPG,649,TCGA-QR-A6GR-01A,TCGA-QR-A6GR-01A,1.0,0.0,0.0,0.0,0.0
3,56865019,-,5,170420902,-,PCPG,650,TCGA-QR-A6GR-01A,TCGA-QR-A6GR-01A,1.0,0.0,0.0,0.0,0.0
3,56866216,+,17,44257534,-,PCPG,651,TCGA-QR-A6GR-01A,TCGA-QR-A6GR-01A,1.0,0.0,0.0,0.0,0.0
3,56978850,+,5,170564582,+,PCPG,652,TCGA-QR-A6GR-01A,TCGA-QR-A6GR-01A,1.0,0.0,0.0,0.0,0.0
3,91157099,-,3,91281788,-,PCPG,653,TCGA-QR-A6GR-01A,TCGA-QR-A6GR-01A,1.0,0.0,0.0,0.0,0.0
5,47026983,-,5,47048511,+,PCPG,654,TCGA-QR-A6GR-01A,TCGA-QR-A6GR-01A,1.0,0.0,0.0,0.0,0.0
5,49626051,-,5,49627070,+,PCPG,655,TCGA-QR-A6GR-01A,TCGA-QR-A6GR-01A,1.0,0.0,0.0,0.0,0.0
5,169052887,-,5,173626083,-,PCPG,656,TCGA-QR-A6GR-01A,TCGA-QR-A6GR-01A,1.0,0.0,0.0,0.0,0.0
5,169052972,-,7,76445798,+,PCPG,657,TCGA-QR-A6GR-01A,TCGA-QR-A6GR-01A,1.0,0.0,0.0,0.0,0.0
5,169053541,+,6,37627191,+,PCPG,658,TCGA-QR-A6GR-01A,TCGA-QR-A6GR-01A,1.0,0.0,0.0,0.0,0.0
5,169267012,+,5,173837438,+,PCPG,659,TCGA-QR-A6GR-01A,TCGA-QR-A6GR-01A,1.0,0.0,0.0,0.0,0.0
6,37483069,-,7,76348442,-,PCPG,660,TCGA-QR-A6GR-01A,TCGA-QR-A6GR-01A,1.0,0.0,0.0,0.0,0.0
6,151046476,-,9,43140858,+,PCPG,661,TCGA-QR-A6GR-01A,TCGA-QR-A6GR-01A,1.0,0.0,0.0,0.0,0.0
7,13448308,-,7,13507072,+,PCPG,662,TCGA-QR-A6GR-01A,TCGA-QR-A6GR-01A,1.0,0.0,0.0,0.0,0.0
7,60443663,+,7,60680787,-,PCPG,663,TCGA-QR-A6GR-01A,TCGA-QR-A6GR-01A,1.0,0.0,0.0,0.0,0.0
9,36001849,+,15,70398579,+,PCPG,664,TCGA-QR-A6GR-01A,TCGA-QR-A6GR-01A,1.0,0.0,0.0,0.0,0.0
23,66699993,-,23,84875041,+,PCPG,665,TCGA-QR-A6GR-01A,TCGA-QR-A6GR-01A,1.0,0.0,0.0,0.0,0.0
23,96664654,-,23,143640875,+,PCPG,666,TCGA-QR-A6GR-01A,TCGA-QR-A6GR-01A,1.0,0.0,0.0,0.0,0.0
1,33211146,-,1,33341330,+,PCPG,667,TCGA-QR-A6GS-01A,TCGA-QR-A6GS-01A,1.0,0.0,0.0,0.0,0.0
1,39240680,-,4,174006293,-,PCPG,668,TCGA-QR-A6GS-01A,TCGA-QR-A6GS-01A,1.0,0.0,0.0,0.0,0.0
1,39408993,+,4,174232719,+,PCPG,669,TCGA-QR-A6GS-01A,TCGA-QR-A6GS-01A,1.0,0.0,0.0,0.0,0.0
1,62625687,-,1,62851686,+,PCPG,670,TCGA-QR-A6GS-01A,TCGA-QR-A6GS-01A,1.0,0.0,0.0,0.0,0.0
1,84461766,+,4,173982875,+,PCPG,671,TCGA-QR-A6GS-01A,TCGA-QR-A6GS-01A,1.0,0.0,0.0,0.0,0.0
1,101496939,-,8,133312960,+,PCPG,672,TCGA-QR-A6GS-01A,TCGA-QR-A6GS-01A,1.0,0.0,0.0,0.0,0.0
11,47778069,-,11,47966536,+,PCPG,673,TCGA-QR-A6GS-01A,TCGA-QR-A6GS-01A,1.0,0.0,0.0,0.0,0.0
11,66557083,+,15,78528833,-,PCPG,674,TCGA-QR-A6GS-01A,TCGA-QR-A6GS-01A,1.0,0.0,0.0,0.0,0.0
12,2281550,-,12,2341348,+,PCPG,675,TCGA-QR-A6GS-01A,TCGA-QR-A6GS-01A,1.0,0.0,0.0,0.0,0.0
13,17552616,+,13,17767274,-,PCPG,676,TCGA-QR-A6GS-01A,TCGA-QR-A6GS-01A,1.0,0.0,0.0,0.0,0.0
15,17500193,+,15,17503585,-,PCPG,677,TCGA-QR-A6GS-01A,TCGA-QR-A6GS-01A,1.0,0.0,0.0,0.0,0.0
15,78796360,+,17,45046861,-,PCPG,678,TCGA-QR-A6GS-01A,TCGA-QR-A6GS-01A,1.0,0.0,0.0,0.0,0.0
17,17872803,-,17,18180024,+,PCPG,679,TCGA-QR-A6GS-01A,TCGA-QR-A6GS-01A,1.0,0.0,0.0,0.0,0.0
19,56189069,-,19,56303338,+,PCPG,680,TCGA-QR-A6GS-01A,TCGA-QR-A6GS-01A,1.0,0.0,0.0,0.0,0.0
2,142152711,-,2,162752705,-,PCPG,681,TCGA-QR-A6GS-01A,TCGA-QR-A6GS-01A,1.0,0.0,0.0,0.0,0.0
2,154132315,-,2,154383533,+,PCPG,682,TCGA-QR-A6GS-01A,TCGA-QR-A6GS-01A,1.0,0.0,0.0,0.0,0.0
20,29950673,+,20,30024542,-,PCPG,683,TCGA-QR-A6GS-01A,TCGA-QR-A6GS-01A,1.0,0.0,0.0,0.0,0.0
20,51544776,+,20,51545367,-,PCPG,684,TCGA-QR-A6GS-01A,TCGA-QR-A6GS-01A,1.0,0.0,0.0,0.0,0.0
3,85411760,-,12,64203124,+,PCPG,685,TCGA-QR-A6GS-01A,TCGA-QR-A6GS-01A,1.0,0.0,0.0,0.0,0.0
3,85561695,+,12,64086212,-,PCPG,686,TCGA-QR-A6GS-01A,TCGA-QR-A6GS-01A,1.0,0.0,0.0,0.0,0.0
3,188464340,+,3,188464920,-,PCPG,687,TCGA-QR-A6GS-01A,TCGA-QR-A6GS-01A,1.0,0.0,0.0,0.0,0.0
4,116872157,+,8,32412421,-,PCPG,688,TCGA-QR-A6GS-01A,TCGA-QR-A6GS-01A,1.0,0.0,0.0,0.0,0.0
4,156014029,+,20,4119036,+,PCPG,689,TCGA-QR-A6GS-01A,TCGA-QR-A6GS-01A,1.0,0.0,0.0,0.0,0.0
5,37012327,-,5,37296961,-,PCPG,690,TCGA-QR-A6GS-01A,TCGA-QR-A6GS-01A,1.0,0.0,0.0,0.0,0.0
5,49916472,+,5,49925116,-,PCPG,691,TCGA-QR-A6GS-01A,TCGA-QR-A6GS-01A,1.0,0.0,0.0,0.0,0.0
5,113177739,-,5,113474281,+,PCPG,692,TCGA-QR-A6GS-01A,TCGA-QR-A6GS-01A,1.0,0.0,0.0,0.0,0.0
6,59268459,-,6,59778919,+,PCPG,693,TCGA-QR-A6GS-01A,TCGA-QR-A6GS-01A,1.0,0.0,0.0,0.0,0.0
8,84509108,-,8,84590362,+,PCPG,694,TCGA-QR-A6GS-01A,TCGA-QR-A6GS-01A,1.0,0.0,0.0,0.0,0.0
8,93194018,-,8,93533078,+,PCPG,695,TCGA-QR-A6GS-01A,TCGA-QR-A6GS-01A,1.0,0.0,0.0,0.0,0.0
8,109286273,-,8,109443757,+,PCPG,696,TCGA-QR-A6GS-01A,TCGA-QR-A6GS-01A,1.0,0.0,0.0,0.0,0.0
8,113611652,-,8,114044814,-,PCPG,697,TCGA-QR-A6GS-01A,TCGA-QR-A6GS-01A,1.0,0.0,0.0,0.0,0.0
9,14023231,-,20,16488544,-,PCPG,698,TCGA-QR-A6GS-01A,TCGA-QR-A6GS-01A,1.0,0.0,0.0,0.0,0.0
9,14084550,+,9,81680128,-,PCPG,699,TCGA-QR-A6GS-01A,TCGA-QR-A6GS-01A,1.0,0.0,0.0,0.0,0.0
9,112366863,-,9,112486702,+,PCPG,700,TCGA-QR-A6GS-01A,TCGA-QR-A6GS-01A,1.0,0.0,0.0,0.0,0.0
23,53171441,-,23,53378622,+,PCPG,701,TCGA-QR-A6GS-01A,TCGA-QR-A6GS-01A,1.0,0.0,0.0,0.0,0.0
12,34786490,+,12,34797166,-,PCPG,702,TCGA-QR-A6GT-01A,TCGA-QR-A6GT-01A,1.0,0.0,0.0,0.0,0.0
12,34948465,+,12,36660184,-,PCPG,703,TCGA-QR-A6GT-01A,TCGA-QR-A6GT-01A,1.0,0.0,0.0,0.0,0.0
13,36393606,-,13,36401896,+,PCPG,704,TCGA-QR-A6GT-01A,TCGA-QR-A6GT-01A,1.0,0.0,0.0,0.0,0.0
15,68672185,+,17,57547789,+,PCPG,705,TCGA-QR-A6GT-01A,TCGA-QR-A6GT-01A,1.0,0.0,0.0,0.0,0.0
16,34256137,-,16,36322601,+,PCPG,706,TCGA-QR-A6GT-01A,TCGA-QR-A6GT-01A,1.0,0.0,0.0,0.0,0.0
5,41766914,+,5,41767166,+,PCPG,707,TCGA-QR-A6GT-01A,TCGA-QR-A6GT-01A,1.0,0.0,0.0,0.0,0.0
5,41766914,-,5,41767166,-,PCPG,708,TCGA-QR-A6GT-01A,TCGA-QR-A6GT-01A,1.0,0.0,0.0,0.0,0.0
6,71020953,-,13,84770647,+,PCPG,709,TCGA-QR-A6GT-01A,TCGA-QR-A6GT-01A,1.0,0.0,0.0,0.0,0.0
8,87428330,-,18,43735265,+,PCPG,710,TCGA-QR-A6GT-01A,TCGA-QR-A6GT-01A,1.0,0.0,0.0,0.0,0.0
1,160318493,-,2,202206486,-,PCPG,711,TCGA-QR-A6GU-01A,TCGA-QR-A6GU-01A,1.0,0.0,0.0,0.0,0.0
11,51488882,-,11,51489632,+,PCPG,712,TCGA-QR-A6GU-01A,TCGA-QR-A6GU-01A,1.0,0.0,0.0,0.0,0.0
3,90951872,+,3,91212704,-,PCPG,713,TCGA-QR-A6GU-01A,TCGA-QR-A6GU-01A,1.0,0.0,0.0,0.0,0.0
23,3036589,+,23,63625838,+,PCPG,714,TCGA-QR-A6GU-01A,TCGA-QR-A6GU-01A,1.0,0.0,0.0,0.0,0.0
11,53554395,-,11,53882544,+,PCPG,715,TCGA-QR-A6GW-01A,TCGA-QR-A6GW-01A,1.0,0.0,0.0,0.0,0.0
11,54354466,+,11,54408644,-,PCPG,716,TCGA-QR-A6GW-01A,TCGA-QR-A6GW-01A,1.0,0.0,0.0,0.0,0.0
15,20182622,+,15,21189162,-,PCPG,717,TCGA-QR-A6GW-01A,TCGA-QR-A6GW-01A,1.0,0.0,0.0,0.0,0.0
16,29193074,-,16,88159119,+,PCPG,718,TCGA-QR-A6GW-01A,TCGA-QR-A6GW-01A,1.0,0.0,0.0,0.0,0.0
16,57372144,-,16,58014498,+,PCPG,719,TCGA-QR-A6GW-01A,TCGA-QR-A6GW-01A,1.0,0.0,0.0,0.0,0.0
5,47256268,-,19,24908183,+,PCPG,720,TCGA-QR-A6GW-01A,TCGA-QR-A6GW-01A,1.0,0.0,0.0,0.0,0.0
6,37525653,-,6,37629846,+,PCPG,721,TCGA-QR-A6GW-01A,TCGA-QR-A6GW-01A,1.0,0.0,0.0,0.0,0.0
23,28333302,-,23,118549107,-,PCPG,722,TCGA-QR-A6GW-01A,TCGA-QR-A6GW-01A,1.0,0.0,0.0,0.0,0.0
1,167006601,-,10,8026026,+,PCPG,723,TCGA-QR-A6GX-01A,TCGA-QR-A6GX-01A,1.0,0.0,0.0,0.0,0.0
1,215743413,+,2,32397581,-,PCPG,724,TCGA-QR-A6GX-01A,TCGA-QR-A6GX-01A,1.0,0.0,0.0,0.0,0.0
10,16645955,-,16,17098077,+,PCPG,725,TCGA-QR-A6GX-01A,TCGA-QR-A6GX-01A,1.0,0.0,0.0,0.0,0.0
11,42610953,-,16,65537362,+,PCPG,726,TCGA-QR-A6GX-01A,TCGA-QR-A6GX-01A,1.0,0.0,0.0,0.0,0.0
11,113185080,+,15,87135677,+,PCPG,727,TCGA-QR-A6GX-01A,TCGA-QR-A6GX-01A,1.0,0.0,0.0,0.0,0.0
13,16337474,-,13,16659047,+,PCPG,728,TCGA-QR-A6GX-01A,TCGA-QR-A6GX-01A,1.0,0.0,0.0,0.0,0.0
17,45601996,+,17,46243868,+,PCPG,729,TCGA-QR-A6GX-01A,TCGA-QR-A6GX-01A,1.0,0.0,0.0,0.0,0.0
18,10641713,-,18,12188050,-,PCPG,730,TCGA-QR-A6GX-01A,TCGA-QR-A6GX-01A,1.0,0.0,0.0,0.0,0.0
18,15555240,-,18,15631660,+,PCPG,731,TCGA-QR-A6GX-01A,TCGA-QR-A6GX-01A,1.0,0.0,0.0,0.0,0.0
2,203338712,-,4,12238152,+,PCPG,732,TCGA-QR-A6GX-01A,TCGA-QR-A6GX-01A,1.0,0.0,0.0,0.0,0.0
20,27570882,-,20,27571902,+,PCPG,733,TCGA-QR-A6GX-01A,TCGA-QR-A6GX-01A,1.0,0.0,0.0,0.0,0.0
4,31815960,+,12,95148835,-,PCPG,734,TCGA-QR-A6GX-01A,TCGA-QR-A6GX-01A,1.0,0.0,0.0,0.0,0.0
5,110587740,+,13,38194812,-,PCPG,735,TCGA-QR-A6GX-01A,TCGA-QR-A6GX-01A,1.0,0.0,0.0,0.0,0.0
6,37267510,+,19,13544414,-,PCPG,736,TCGA-QR-A6GX-01A,TCGA-QR-A6GX-01A,1.0,0.0,0.0,0.0,0.0
6,156477144,+,15,38795182,+,PCPG,737,TCGA-QR-A6GX-01A,TCGA-QR-A6GX-01A,1.0,0.0,0.0,0.0,0.0
8,94655088,+,19,1415354,-,PCPG,738,TCGA-QR-A6GX-01A,TCGA-QR-A6GX-01A,1.0,0.0,0.0,0.0,0.0
23,29802823,+,23,31421863,+,PCPG,739,TCGA-QR-A6GX-01A,TCGA-QR-A6GX-01A,1.0,0.0,0.0,0.0,0.0
1,122065921,+,1,122138114,-,PCPG,740,TCGA-QR-A6GY-01A,TCGA-QR-A6GY-01A,1.0,0.0,0.0,0.0,0.0
11,48632096,+,11,49498654,-,PCPG,741,TCGA-QR-A6GY-01A,TCGA-QR-A6GY-01A,1.0,0.0,0.0,0.0,0.0
13,17454321,-,13,17456352,+,PCPG,742,TCGA-QR-A6GY-01A,TCGA-QR-A6GY-01A,1.0,0.0,0.0,0.0,0.0
2,131790953,-,23,148581097,+,PCPG,743,TCGA-QR-A6GY-01A,TCGA-QR-A6GY-01A,1.0,0.0,0.0,0.0,0.0
22,35448496,-,22,35762568,+,PCPG,744,TCGA-QR-A6GY-01A,TCGA-QR-A6GY-01A,1.0,0.0,0.0,0.0,0.0
3,108569182,+,18,67431041,+,PCPG,745,TCGA-QR-A6GY-01A,TCGA-QR-A6GY-01A,1.0,0.0,0.0,0.0,0.0
4,3405615,-,4,3509268,+,PCPG,746,TCGA-QR-A6GY-01A,TCGA-QR-A6GY-01A,1.0,0.0,0.0,0.0,0.0
4,3405615,-,4,3509543,+,PCPG,747,TCGA-QR-A6GY-01A,TCGA-QR-A6GY-01A,1.0,0.0,0.0,0.0,0.0
4,121742355,-,6,128005969,+,PCPG,748,TCGA-QR-A6GY-01A,TCGA-QR-A6GY-01A,1.0,0.0,0.0,0.0,0.0
5,69377464,+,8,128362890,-,PCPG,749,TCGA-QR-A6GY-01A,TCGA-QR-A6GY-01A,1.0,0.0,0.0,0.0,0.0
6,57355202,+,6,60257004,-,PCPG,750,TCGA-QR-A6GY-01A,TCGA-QR-A6GY-01A,1.0,0.0,0.0,0.0,0.0
6,97355051,-,8,138442238,-,PCPG,751,TCGA-QR-A6GY-01A,TCGA-QR-A6GY-01A,1.0,0.0,0.0,0.0,0.0
6,132961993,-,6,133385291,+,PCPG,752,TCGA-QR-A6GY-01A,TCGA-QR-A6GY-01A,1.0,0.0,0.0,0.0,0.0
9,103509686,-,9,103510178,-,PCPG,753,TCGA-QR-A6GY-01A,TCGA-QR-A6GY-01A,1.0,0.0,0.0,0.0,0.0
1,10950766,-,1,13970995,+,PCPG,754,TCGA-QR-A6GZ-01A,TCGA-QR-A6GZ-01A,1.0,0.0,0.0,0.0,0.0
1,13963184,-,1,88093876,+,PCPG,755,TCGA-QR-A6GZ-01A,TCGA-QR-A6GZ-01A,1.0,0.0,0.0,0.0,0.0
1,13963787,+,1,99291724,+,PCPG,756,TCGA-QR-A6GZ-01A,TCGA-QR-A6GZ-01A,1.0,0.0,0.0,0.0,0.0
1,21989322,+,1,22012685,-,PCPG,757,TCGA-QR-A6GZ-01A,TCGA-QR-A6GZ-01A,1.0,0.0,0.0,0.0,0.0
1,83857735,-,1,97591811,-,PCPG,758,TCGA-QR-A6GZ-01A,TCGA-QR-A6GZ-01A,1.0,0.0,0.0,0.0,0.0
1,104507983,-,6,151669189,+,PCPG,759,TCGA-QR-A6GZ-01A,TCGA-QR-A6GZ-01A,1.0,0.0,0.0,0.0,0.0
1,241949963,-,20,57505524,-,PCPG,760,TCGA-QR-A6GZ-01A,TCGA-QR-A6GZ-01A,1.0,0.0,0.0,0.0,0.0
10,80481987,-,10,80496647,-,PCPG,761,TCGA-QR-A6GZ-01A,TCGA-QR-A6GZ-01A,1.0,0.0,0.0,0.0,0.0
12,37025196,-,12,37026894,+,PCPG,762,TCGA-QR-A6GZ-01A,TCGA-QR-A6GZ-01A,1.0,0.0,0.0,0.0,0.0
14,18626987,-,14,96094847,+,PCPG,763,TCGA-QR-A6GZ-01A,TCGA-QR-A6GZ-01A,1.0,0.0,0.0,0.0,0.0
14,19687764,+,14,96094847,+,PCPG,764,TCGA-QR-A6GZ-01A,TCGA-QR-A6GZ-01A,1.0,0.0,0.0,0.0,0.0
14,59248363,+,14,85369693,-,PCPG,765,TCGA-QR-A6GZ-01A,TCGA-QR-A6GZ-01A,1.0,0.0,0.0,0.0,0.0
15,43506768,-,15,44505007,+,PCPG,766,TCGA-QR-A6GZ-01A,TCGA-QR-A6GZ-01A,1.0,0.0,0.0,0.0,0.0
17,26627385,-,17,26628757,+,PCPG,767,TCGA-QR-A6GZ-01A,TCGA-QR-A6GZ-01A,1.0,0.0,0.0,0.0,0.0
18,15511868,+,18,15685556,-,PCPG,768,TCGA-QR-A6GZ-01A,TCGA-QR-A6GZ-01A,1.0,0.0,0.0,0.0,0.0
19,16226817,+,19,16227451,-,PCPG,769,TCGA-QR-A6GZ-01A,TCGA-QR-A6GZ-01A,1.0,0.0,0.0,0.0,0.0
2,92787060,-,2,92787870,+,PCPG,770,TCGA-QR-A6GZ-01A,TCGA-QR-A6GZ-01A,1.0,0.0,0.0,0.0,0.0
2,93108195,-,2,93204511,+,PCPG,771,TCGA-QR-A6GZ-01A,TCGA-QR-A6GZ-01A,1.0,0.0,0.0,0.0,0.0
2,160347000,-,10,80497045,+,PCPG,772,TCGA-QR-A6GZ-01A,TCGA-QR-A6GZ-01A,1.0,0.0,0.0,0.0,0.0
2,160347478,+,15,44493088,+,PCPG,773,TCGA-QR-A6GZ-01A,TCGA-QR-A6GZ-01A,1.0,0.0,0.0,0.0,0.0
3,32386510,+,11,62415783,+,PCPG,774,TCGA-QR-A6GZ-01A,TCGA-QR-A6GZ-01A,1.0,0.0,0.0,0.0,0.0
4,48659977,-,10,7567116,+,PCPG,775,TCGA-QR-A6GZ-01A,TCGA-QR-A6GZ-01A,1.0,0.0,0.0,0.0,0.0
4,162352074,-,23,96962743,+,PCPG,776,TCGA-QR-A6GZ-01A,TCGA-QR-A6GZ-01A,1.0,0.0,0.0,0.0,0.0
5,33158700,-,16,84778092,-,PCPG,777,TCGA-QR-A6GZ-01A,TCGA-QR-A6GZ-01A,1.0,0.0,0.0,0.0,0.0
5,47026974,-,5,47048553,+,PCPG,778,TCGA-QR-A6GZ-01A,TCGA-QR-A6GZ-01A,1.0,0.0,0.0,0.0,0.0
5,122608779,-,13,89668945,-,PCPG,779,TCGA-QR-A6GZ-01A,TCGA-QR-A6GZ-01A,1.0,0.0,0.0,0.0,0.0
6,3635109,-,9,21981180,+,PCPG,780,TCGA-QR-A6GZ-01A,TCGA-QR-A6GZ-01A,1.0,0.0,0.0,0.0,0.0
6,10375035,+,15,57275328,-,PCPG,781,TCGA-QR-A6GZ-01A,TCGA-QR-A6GZ-01A,1.0,0.0,0.0,0.0,0.0
7,92551998,-,16,64162558,+,PCPG,782,TCGA-QR-A6GZ-01A,TCGA-QR-A6GZ-01A,1.0,0.0,0.0,0.0,0.0
8,9128443,+,8,14601677,-,PCPG,783,TCGA-QR-A6GZ-01A,TCGA-QR-A6GZ-01A,1.0,0.0,0.0,0.0,0.0
8,9128766,-,8,14602131,+,PCPG,784,TCGA-QR-A6GZ-01A,TCGA-QR-A6GZ-01A,1.0,0.0,0.0,0.0,0.0
8,24383836,-,15,44492719,-,PCPG,785,TCGA-QR-A6GZ-01A,TCGA-QR-A6GZ-01A,1.0,0.0,0.0,0.0,0.0
8,24385921,+,15,44496455,+,PCPG,786,TCGA-QR-A6GZ-01A,TCGA-QR-A6GZ-01A,1.0,0.0,0.0,0.0,0.0
8,102921174,-,13,27063810,-,PCPG,787,TCGA-QR-A6GZ-01A,TCGA-QR-A6GZ-01A,1.0,0.0,0.0,0.0,0.0
8,134265143,+,17,35115957,-,PCPG,788,TCGA-QR-A6GZ-01A,TCGA-QR-A6GZ-01A,1.0,0.0,0.0,0.0,0.0
9,43399550,-,9,43400359,+,PCPG,789,TCGA-QR-A6GZ-01A,TCGA-QR-A6GZ-01A,1.0,0.0,0.0,0.0,0.0
23,32108314,+,23,32741367,-,PCPG,790,TCGA-QR-A6GZ-01A,TCGA-QR-A6GZ-01A,1.0,0.0,0.0,0.0,0.0
1,97943603,-,3,96045968,+,PCPG,791,TCGA-QR-A6H0-01A,TCGA-QR-A6H0-01A,1.0,0.0,0.0,0.0,0.0
1,216753196,+,5,8423317,-,PCPG,792,TCGA-QR-A6H0-01A,TCGA-QR-A6H0-01A,1.0,0.0,0.0,0.0,0.0
12,56718241,+,12,56718936,-,PCPG,793,TCGA-QR-A6H0-01A,TCGA-QR-A6H0-01A,1.0,0.0,0.0,0.0,0.0
19,18261627,+,19,18262228,-,PCPG,794,TCGA-QR-A6H0-01A,TCGA-QR-A6H0-01A,1.0,0.0,0.0,0.0,0.0
3,95885927,+,3,96045385,-,PCPG,795,TCGA-QR-A6H0-01A,TCGA-QR-A6H0-01A,1.0,0.0,0.0,0.0,0.0
9,65385078,-,9,65386479,+,PCPG,796,TCGA-QR-A6H0-01A,TCGA-QR-A6H0-01A,1.0,0.0,0.0,0.0,0.0
1,29794595,+,24,4062818,+,PCPG,797,TCGA-QR-A6H1-01A,TCGA-QR-A6H1-01A,1.0,0.0,0.0,0.0,0.0
11,47642087,-,14,68794667,-,PCPG,798,TCGA-QR-A6H1-01A,TCGA-QR-A6H1-01A,1.0,0.0,0.0,0.0,0.0
11,54346905,+,11,54409369,-,PCPG,799,TCGA-QR-A6H1-01A,TCGA-QR-A6H1-01A,1.0,0.0,0.0,0.0,0.0
13,16571217,+,13,16586158,-,PCPG,800,TCGA-QR-A6H1-01A,TCGA-QR-A6H1-01A,1.0,0.0,0.0,0.0,0.0
13,16985277,-,13,17107743,+,PCPG,801,TCGA-QR-A6H1-01A,TCGA-QR-A6H1-01A,1.0,0.0,0.0,0.0,0.0
13,17422938,-,13,17481453,+,PCPG,802,TCGA-QR-A6H1-01A,TCGA-QR-A6H1-01A,1.0,0.0,0.0,0.0,0.0
13,18270392,-,22,18790744,+,PCPG,803,TCGA-QR-A6H1-01A,TCGA-QR-A6H1-01A,1.0,0.0,0.0,0.0,0.0
16,37729181,-,16,38121090,+,PCPG,804,TCGA-QR-A6H1-01A,TCGA-QR-A6H1-01A,1.0,0.0,0.0,0.0,0.0
2,87641074,-,2,111309503,-,PCPG,805,TCGA-QR-A6H1-01A,TCGA-QR-A6H1-01A,1.0,0.0,0.0,0.0,0.0
3,157972122,-,5,18435609,+,PCPG,806,TCGA-QR-A6H1-01A,TCGA-QR-A6H1-01A,1.0,0.0,0.0,0.0,0.0
3,188784386,+,3,188785536,-,PCPG,807,TCGA-QR-A6H1-01A,TCGA-QR-A6H1-01A,1.0,0.0,0.0,0.0,0.0
4,189484464,+,10,6801958,-,PCPG,808,TCGA-QR-A6H1-01A,TCGA-QR-A6H1-01A,1.0,0.0,0.0,0.0,0.0
5,49684585,+,5,49690259,-,PCPG,809,TCGA-QR-A6H1-01A,TCGA-QR-A6H1-01A,1.0,0.0,0.0,0.0,0.0
1,35202701,+,13,35308462,-,PCPG,810,TCGA-QR-A6H2-01A,TCGA-QR-A6H2-01A,1.0,0.0,0.0,0.0,0.0
1,43834647,+,11,45955721,-,PCPG,811,TCGA-QR-A6H2-01A,TCGA-QR-A6H2-01A,1.0,0.0,0.0,0.0,0.0
1,43835279,-,17,19291749,-,PCPG,812,TCGA-QR-A6H2-01A,TCGA-QR-A6H2-01A,1.0,0.0,0.0,0.0,0.0
1,45994155,+,1,58497842,+,PCPG,813,TCGA-QR-A6H2-01A,TCGA-QR-A6H2-01A,1.0,0.0,0.0,0.0,0.0
1,57861314,-,1,63170208,-,PCPG,814,TCGA-QR-A6H2-01A,TCGA-QR-A6H2-01A,1.0,0.0,0.0,0.0,0.0
1,216050577,-,6,89898223,+,PCPG,815,TCGA-QR-A6H2-01A,TCGA-QR-A6H2-01A,1.0,0.0,0.0,0.0,0.0
13,48286143,+,15,21310593,+,PCPG,816,TCGA-QR-A6H2-01A,TCGA-QR-A6H2-01A,1.0,0.0,0.0,0.0,0.0
17,22822674,-,17,23180654,+,PCPG,817,TCGA-QR-A6H2-01A,TCGA-QR-A6H2-01A,1.0,0.0,0.0,0.0,0.0
17,22825196,-,17,22844063,+,PCPG,818,TCGA-QR-A6H2-01A,TCGA-QR-A6H2-01A,1.0,0.0,0.0,0.0,0.0
2,121632966,-,12,26461697,-,PCPG,819,TCGA-QR-A6H2-01A,TCGA-QR-A6H2-01A,1.0,0.0,0.0,0.0,0.0
2,173936271,-,16,4334217,+,PCPG,820,TCGA-QR-A6H2-01A,TCGA-QR-A6H2-01A,1.0,0.0,0.0,0.0,0.0
20,30023425,+,20,30090504,-,PCPG,821,TCGA-QR-A6H2-01A,TCGA-QR-A6H2-01A,1.0,0.0,0.0,0.0,0.0
22,23344717,-,22,24675158,+,PCPG,822,TCGA-QR-A6H2-01A,TCGA-QR-A6H2-01A,1.0,0.0,0.0,0.0,0.0
3,167984595,+,11,45955721,+,PCPG,823,TCGA-QR-A6H2-01A,TCGA-QR-A6H2-01A,1.0,0.0,0.0,0.0,0.0
5,102117148,+,5,102120677,-,PCPG,824,TCGA-QR-A6H2-01A,TCGA-QR-A6H2-01A,1.0,0.0,0.0,0.0,0.0
6,41676926,-,12,2682616,-,PCPG,825,TCGA-QR-A6H2-01A,TCGA-QR-A6H2-01A,1.0,0.0,0.0,0.0,0.0
6,76203342,-,23,130557644,-,PCPG,826,TCGA-QR-A6H2-01A,TCGA-QR-A6H2-01A,1.0,0.0,0.0,0.0,0.0
7,75121330,+,12,2885922,-,PCPG,827,TCGA-QR-A6H2-01A,TCGA-QR-A6H2-01A,1.0,0.0,0.0,0.0,0.0
9,42662136,-,9,62469631,+,PCPG,828,TCGA-QR-A6H2-01A,TCGA-QR-A6H2-01A,1.0,0.0,0.0,0.0,0.0
1,15582174,+,1,161033784,+,PCPG,829,TCGA-QR-A6H3-01A,TCGA-QR-A6H3-01A,1.0,0.0,0.0,0.0,0.0
1,122914620,-,1,123521170,+,PCPG,830,TCGA-QR-A6H3-01A,TCGA-QR-A6H3-01A,1.0,0.0,0.0,0.0,0.0
11,51251789,-,11,51252846,+,PCPG,831,TCGA-QR-A6H3-01A,TCGA-QR-A6H3-01A,1.0,0.0,0.0,0.0,0.0
12,2911685,-,17,41744559,+,PCPG,832,TCGA-QR-A6H3-01A,TCGA-QR-A6H3-01A,1.0,0.0,0.0,0.0,0.0
12,36368760,-,12,36580905,+,PCPG,833,TCGA-QR-A6H3-01A,TCGA-QR-A6H3-01A,1.0,0.0,0.0,0.0,0.0
12,36477709,-,12,36735248,+,PCPG,834,TCGA-QR-A6H3-01A,TCGA-QR-A6H3-01A,1.0,0.0,0.0,0.0,0.0
18,6515144,-,23,122481258,-,PCPG,835,TCGA-QR-A6H3-01A,TCGA-QR-A6H3-01A,1.0,0.0,0.0,0.0,0.0
18,6841233,+,23,122782330,+,PCPG,836,TCGA-QR-A6H3-01A,TCGA-QR-A6H3-01A,1.0,0.0,0.0,0.0,0.0
2,60397098,+,5,172150067,+,PCPG,837,TCGA-QR-A6H3-01A,TCGA-QR-A6H3-01A,1.0,0.0,0.0,0.0,0.0
2,92997846,-,2,92998669,+,PCPG,838,TCGA-QR-A6H3-01A,TCGA-QR-A6H3-01A,1.0,0.0,0.0,0.0,0.0
2,93231966,-,2,93232676,+,PCPG,839,TCGA-QR-A6H3-01A,TCGA-QR-A6H3-01A,1.0,0.0,0.0,0.0,0.0
3,3527641,+,3,95797049,+,PCPG,840,TCGA-QR-A6H3-01A,TCGA-QR-A6H3-01A,1.0,0.0,0.0,0.0,0.0
3,88946998,-,22,50351141,-,PCPG,841,TCGA-QR-A6H3-01A,TCGA-QR-A6H3-01A,1.0,0.0,0.0,0.0,0.0
3,153531351,-,17,46801514,-,PCPG,842,TCGA-QR-A6H3-01A,TCGA-QR-A6H3-01A,1.0,0.0,0.0,0.0,0.0
5,144656775,+,8,128786278,-,PCPG,843,TCGA-QR-A6H3-01A,TCGA-QR-A6H3-01A,1.0,0.0,0.0,0.0,0.0
6,59355981,-,6,59356920,+,PCPG,844,TCGA-QR-A6H3-01A,TCGA-QR-A6H3-01A,1.0,0.0,0.0,0.0,0.0
7,61416711,+,7,61422051,-,PCPG,845,TCGA-QR-A6H3-01A,TCGA-QR-A6H3-01A,1.0,0.0,0.0,0.0,0.0
1,10616572,-,1,10758090,+,PCPG,846,TCGA-QR-A6H4-01A,TCGA-QR-A6H4-01A,1.0,0.0,0.0,0.0,0.0
1,10843195,-,1,205192263,+,PCPG,847,TCGA-QR-A6H4-01A,TCGA-QR-A6H4-01A,1.0,0.0,0.0,0.0,0.0
1,10843208,-,10,124830084,-,PCPG,848,TCGA-QR-A6H4-01A,TCGA-QR-A6H4-01A,1.0,0.0,0.0,0.0,0.0
1,10984841,+,10,124830575,+,PCPG,849,TCGA-QR-A6H4-01A,TCGA-QR-A6H4-01A,1.0,0.0,0.0,0.0,0.0
1,63784065,-,22,26714153,+,PCPG,850,TCGA-QR-A6H4-01A,TCGA-QR-A6H4-01A,1.0,0.0,0.0,0.0,0.0
1,63911815,+,11,121589654,+,PCPG,851,TCGA-QR-A6H4-01A,TCGA-QR-A6H4-01A,1.0,0.0,0.0,0.0,0.0
1,76918638,-,12,27727210,+,PCPG,852,TCGA-QR-A6H4-01A,TCGA-QR-A6H4-01A,1.0,0.0,0.0,0.0,0.0
1,77027612,+,9,94883684,+,PCPG,853,TCGA-QR-A6H4-01A,TCGA-QR-A6H4-01A,1.0,0.0,0.0,0.0,0.0
1,110672088,-,10,124830700,+,PCPG,854,TCGA-QR-A6H4-01A,TCGA-QR-A6H4-01A,1.0,0.0,0.0,0.0,0.0
1,110853606,+,9,35643078,+,PCPG,855,TCGA-QR-A6H4-01A,TCGA-QR-A6H4-01A,1.0,0.0,0.0,0.0,0.0
1,122229056,-,1,122271401,+,PCPG,856,TCGA-QR-A6H4-01A,TCGA-QR-A6H4-01A,1.0,0.0,0.0,0.0,0.0
1,205192117,-,1,205366162,+,PCPG,857,TCGA-QR-A6H4-01A,TCGA-QR-A6H4-01A,1.0,0.0,0.0,0.0,0.0
1,205192149,-,10,124830084,-,PCPG,858,TCGA-QR-A6H4-01A,TCGA-QR-A6H4-01A,1.0,0.0,0.0,0.0,0.0
1,225943636,-,1,226047267,+,PCPG,859,TCGA-QR-A6H4-01A,TCGA-QR-A6H4-01A,1.0,0.0,0.0,0.0,0.0
10,39518185,-,10,39523520,+,PCPG,860,TCGA-QR-A6H4-01A,TCGA-QR-A6H4-01A,1.0,0.0,0.0,0.0,0.0
10,70887221,-,10,71001915,+,PCPG,861,TCGA-QR-A6H4-01A,TCGA-QR-A6H4-01A,1.0,0.0,0.0,0.0,0.0
10,72783022,-,10,72918405,+,PCPG,862,TCGA-QR-A6H4-01A,TCGA-QR-A6H4-01A,1.0,0.0,0.0,0.0,0.0
10,73602526,-,10,73804316,+,PCPG,863,TCGA-QR-A6H4-01A,TCGA-QR-A6H4-01A,1.0,0.0,0.0,0.0,0.0
10,86861243,-,10,87037998,+,PCPG,864,TCGA-QR-A6H4-01A,TCGA-QR-A6H4-01A,1.0,0.0,0.0,0.0,0.0
10,103598603,+,12,131828011,-,PCPG,865,TCGA-QR-A6H4-01A,TCGA-QR-A6H4-01A,1.0,0.0,0.0,0.0,0.0
11,54368944,-,11,54416045,+,PCPG,866,TCGA-QR-A6H4-01A,TCGA-QR-A6H4-01A,1.0,0.0,0.0,0.0,0.0
11,54399157,+,11,54417615,-,PCPG,867,TCGA-QR-A6H4-01A,TCGA-QR-A6H4-01A,1.0,0.0,0.0,0.0,0.0
11,92772026,+,11,92772673,-,PCPG,868,TCGA-QR-A6H4-01A,TCGA-QR-A6H4-01A,1.0,0.0,0.0,0.0,0.0
11,96013895,-,11,96172272,+,PCPG,869,TCGA-QR-A6H4-01A,TCGA-QR-A6H4-01A,1.0,0.0,0.0,0.0,0.0
11,99399095,+,11,99691867,-,PCPG,870,TCGA-QR-A6H4-01A,TCGA-QR-A6H4-01A,1.0,0.0,0.0,0.0,0.0
12,34832442,-,12,37250743,+,PCPG,871,TCGA-QR-A6H4-01A,TCGA-QR-A6H4-01A,1.0,0.0,0.0,0.0,0.0
12,80245091,+,16,13018360,-,PCPG,872,TCGA-QR-A6H4-01A,TCGA-QR-A6H4-01A,1.0,0.0,0.0,0.0,0.0
13,16729230,+,13,17372199,-,PCPG,873,TCGA-QR-A6H4-01A,TCGA-QR-A6H4-01A,1.0,0.0,0.0,0.0,0.0
13,17133655,-,13,17134566,+,PCPG,874,TCGA-QR-A6H4-01A,TCGA-QR-A6H4-01A,1.0,0.0,0.0,0.0,0.0
13,17496394,-,13,17877888,+,PCPG,875,TCGA-QR-A6H4-01A,TCGA-QR-A6H4-01A,1.0,0.0,0.0,0.0,0.0
14,106709341,-,14,106756221,+,PCPG,876,TCGA-QR-A6H4-01A,TCGA-QR-A6H4-01A,1.0,0.0,0.0,0.0,0.0
15,20095381,+,15,21102475,-,PCPG,877,TCGA-QR-A6H4-01A,TCGA-QR-A6H4-01A,1.0,0.0,0.0,0.0,0.0
15,60647511,-,15,60734251,+,PCPG,878,TCGA-QR-A6H4-01A,TCGA-QR-A6H4-01A,1.0,0.0,0.0,0.0,0.0
16,34164546,-,20,29295612,-,PCPG,879,TCGA-QR-A6H4-01A,TCGA-QR-A6H4-01A,1.0,0.0,0.0,0.0,0.0
16,34164719,+,20,29295527,+,PCPG,880,TCGA-QR-A6H4-01A,TCGA-QR-A6H4-01A,1.0,0.0,0.0,0.0,0.0
17,23028675,-,17,23042948,+,PCPG,881,TCGA-QR-A6H4-01A,TCGA-QR-A6H4-01A,1.0,0.0,0.0,0.0,0.0
18,33029788,+,18,37107159,-,PCPG,882,TCGA-QR-A6H4-01A,TCGA-QR-A6H4-01A,1.0,0.0,0.0,0.0,0.0
2,77196200,-,10,103392191,-,PCPG,883,TCGA-QR-A6H4-01A,TCGA-QR-A6H4-01A,1.0,0.0,0.0,0.0,0.0
2,77423451,+,9,35642684,-,PCPG,884,TCGA-QR-A6H4-01A,TCGA-QR-A6H4-01A,1.0,0.0,0.0,0.0,0.0
2,92887303,-,2,94043692,+,PCPG,885,TCGA-QR-A6H4-01A,TCGA-QR-A6H4-01A,1.0,0.0,0.0,0.0,0.0
2,99892338,+,6,32601428,+,PCPG,886,TCGA-QR-A6H4-01A,TCGA-QR-A6H4-01A,1.0,0.0,0.0,0.0,0.0
2,109348954,-,2,109550182,+,PCPG,887,TCGA-QR-A6H4-01A,TCGA-QR-A6H4-01A,1.0,0.0,0.0,0.0,0.0
2,133336506,-,2,133547058,+,PCPG,888,TCGA-QR-A6H4-01A,TCGA-QR-A6H4-01A,1.0,0.0,0.0,0.0,0.0
22,15999840,+,22,16279033,+,PCPG,889,TCGA-QR-A6H4-01A,TCGA-QR-A6H4-01A,1.0,0.0,0.0,0.0,0.0
22,26460560,-,22,26584465,+,PCPG,890,TCGA-QR-A6H4-01A,TCGA-QR-A6H4-01A,1.0,0.0,0.0,0.0,0.0
3,154043929,-,3,154256245,+,PCPG,891,TCGA-QR-A6H4-01A,TCGA-QR-A6H4-01A,1.0,0.0,0.0,0.0,0.0
4,14007027,-,16,13122328,+,PCPG,892,TCGA-QR-A6H4-01A,TCGA-QR-A6H4-01A,1.0,0.0,0.0,0.0,0.0
4,14123742,+,12,27603468,-,PCPG,893,TCGA-QR-A6H4-01A,TCGA-QR-A6H4-01A,1.0,0.0,0.0,0.0,0.0
4,14790536,-,4,14886445,+,PCPG,894,TCGA-QR-A6H4-01A,TCGA-QR-A6H4-01A,1.0,0.0,0.0,0.0,0.0
4,46164218,+,9,35859470,+,PCPG,895,TCGA-QR-A6H4-01A,TCGA-QR-A6H4-01A,1.0,0.0,0.0,0.0,0.0
4,48923726,+,6,64389937,+,PCPG,896,TCGA-QR-A6H4-01A,TCGA-QR-A6H4-01A,1.0,0.0,0.0,0.0,0.0
4,90184509,-,6,33621508,-,PCPG,897,TCGA-QR-A6H4-01A,TCGA-QR-A6H4-01A,1.0,0.0,0.0,0.0,0.0
4,90399378,+,13,43524098,-,PCPG,898,TCGA-QR-A6H4-01A,TCGA-QR-A6H4-01A,1.0,0.0,0.0,0.0,0.0
5,11598430,-,5,40234484,-,PCPG,899,TCGA-QR-A6H4-01A,TCGA-QR-A6H4-01A,1.0,0.0,0.0,0.0,0.0
5,11715925,+,5,40426092,+,PCPG,900,TCGA-QR-A6H4-01A,TCGA-QR-A6H4-01A,1.0,0.0,0.0,0.0,0.0
5,17812200,-,9,8934452,+,PCPG,901,TCGA-QR-A6H4-01A,TCGA-QR-A6H4-01A,1.0,0.0,0.0,0.0,0.0
5,38474301,+,5,38474980,-,PCPG,902,TCGA-QR-A6H4-01A,TCGA-QR-A6H4-01A,1.0,0.0,0.0,0.0,0.0
5,49669872,+,5,49924996,-,PCPG,903,TCGA-QR-A6H4-01A,TCGA-QR-A6H4-01A,1.0,0.0,0.0,0.0,0.0
5,49857993,+,5,49988082,-,PCPG,904,TCGA-QR-A6H4-01A,TCGA-QR-A6H4-01A,1.0,0.0,0.0,0.0,0.0
5,80803599,+,14,34080083,+,PCPG,905,TCGA-QR-A6H4-01A,TCGA-QR-A6H4-01A,1.0,0.0,0.0,0.0,0.0
5,94228015,-,5,94346758,+,PCPG,906,TCGA-QR-A6H4-01A,TCGA-QR-A6H4-01A,1.0,0.0,0.0,0.0,0.0
6,6786910,-,6,45529844,-,PCPG,907,TCGA-QR-A6H4-01A,TCGA-QR-A6H4-01A,1.0,0.0,0.0,0.0,0.0
6,13489561,-,6,13682936,+,PCPG,908,TCGA-QR-A6H4-01A,TCGA-QR-A6H4-01A,1.0,0.0,0.0,0.0,0.0
6,33691934,+,13,43690757,+,PCPG,909,TCGA-QR-A6H4-01A,TCGA-QR-A6H4-01A,1.0,0.0,0.0,0.0,0.0
6,45621834,+,10,90325724,-,PCPG,910,TCGA-QR-A6H4-01A,TCGA-QR-A6H4-01A,1.0,0.0,0.0,0.0,0.0
6,88915972,-,6,136514173,+,PCPG,911,TCGA-QR-A6H4-01A,TCGA-QR-A6H4-01A,1.0,0.0,0.0,0.0,0.0
6,89114972,+,6,136382789,-,PCPG,912,TCGA-QR-A6H4-01A,TCGA-QR-A6H4-01A,1.0,0.0,0.0,0.0,0.0
6,143110276,-,11,115116961,+,PCPG,913,TCGA-QR-A6H4-01A,TCGA-QR-A6H4-01A,1.0,0.0,0.0,0.0,0.0
6,159947323,-,10,90442281,+,PCPG,914,TCGA-QR-A6H4-01A,TCGA-QR-A6H4-01A,1.0,0.0,0.0,0.0,0.0
8,84212731,-,8,84430499,+,PCPG,915,TCGA-QR-A6H4-01A,TCGA-QR-A6H4-01A,1.0,0.0,0.0,0.0,0.0
9,28199350,-,19,34044806,-,PCPG,916,TCGA-QR-A6H4-01A,TCGA-QR-A6H4-01A,1.0,0.0,0.0,0.0,0.0
9,35642694,-,18,48844485,+,PCPG,917,TCGA-QR-A6H4-01A,TCGA-QR-A6H4-01A,1.0,0.0,0.0,0.0,0.0
9,94846096,-,11,121515976,-,PCPG,918,TCGA-QR-A6H4-01A,TCGA-QR-A6H4-01A,1.0,0.0,0.0,0.0,0.0
23,89886912,-,24,3544063,+,PCPG,919,TCGA-QR-A6H4-01A,TCGA-QR-A6H4-01A,1.0,0.0,0.0,0.0,0.0
1,122918419,-,1,122920388,+,PCPG,920,TCGA-QR-A6H5-01A,TCGA-QR-A6H5-01A,1.0,0.0,0.0,0.0,0.0
1,123451447,-,1,123453310,+,PCPG,921,TCGA-QR-A6H5-01A,TCGA-QR-A6H5-01A,1.0,0.0,0.0,0.0,0.0
1,123471862,-,1,123473465,+,PCPG,922,TCGA-QR-A6H5-01A,TCGA-QR-A6H5-01A,1.0,0.0,0.0,0.0,0.0
1,123562035,-,1,123564525,+,PCPG,923,TCGA-QR-A6H5-01A,TCGA-QR-A6H5-01A,1.0,0.0,0.0,0.0,0.0
1,123708177,-,1,123709261,+,PCPG,924,TCGA-QR-A6H5-01A,TCGA-QR-A6H5-01A,1.0,0.0,0.0,0.0,0.0
1,124047494,-,1,124049168,+,PCPG,925,TCGA-QR-A6H5-01A,TCGA-QR-A6H5-01A,1.0,0.0,0.0,0.0,0.0
1,124147969,-,1,124148921,+,PCPG,926,TCGA-QR-A6H5-01A,TCGA-QR-A6H5-01A,1.0,0.0,0.0,0.0,0.0
1,124250554,-,1,124252249,+,PCPG,927,TCGA-QR-A6H5-01A,TCGA-QR-A6H5-01A,1.0,0.0,0.0,0.0,0.0
1,224750779,-,9,134285734,-,PCPG,928,TCGA-QR-A6H5-01A,TCGA-QR-A6H5-01A,1.0,0.0,0.0,0.0,0.0
10,39158697,+,10,39229990,-,PCPG,929,TCGA-QR-A6H5-01A,TCGA-QR-A6H5-01A,1.0,0.0,0.0,0.0,0.0
10,39228580,+,10,39230136,-,PCPG,930,TCGA-QR-A6H5-01A,TCGA-QR-A6H5-01A,1.0,0.0,0.0,0.0,0.0
10,47495603,+,10,73667433,-,PCPG,931,TCGA-QR-A6H5-01A,TCGA-QR-A6H5-01A,1.0,0.0,0.0,0.0,0.0
11,54374468,+,11,54408992,-,PCPG,932,TCGA-QR-A6H5-01A,TCGA-QR-A6H5-01A,1.0,0.0,0.0,0.0,0.0
11,54394327,-,11,54400451,+,PCPG,933,TCGA-QR-A6H5-01A,TCGA-QR-A6H5-01A,1.0,0.0,0.0,0.0,0.0
12,34797748,+,12,34817522,-,PCPG,934,TCGA-QR-A6H5-01A,TCGA-QR-A6H5-01A,1.0,0.0,0.0,0.0,0.0
12,34832544,-,12,37250958,+,PCPG,935,TCGA-QR-A6H5-01A,TCGA-QR-A6H5-01A,1.0,0.0,0.0,0.0,0.0
12,36796760,-,12,36864437,+,PCPG,936,TCGA-QR-A6H5-01A,TCGA-QR-A6H5-01A,1.0,0.0,0.0,0.0,0.0
12,37286477,+,12,37290190,-,PCPG,937,TCGA-QR-A6H5-01A,TCGA-QR-A6H5-01A,1.0,0.0,0.0,0.0,0.0
12,37309406,-,12,37598324,+,PCPG,938,TCGA-QR-A6H5-01A,TCGA-QR-A6H5-01A,1.0,0.0,0.0,0.0,0.0
12,37309662,+,12,37603861,-,PCPG,939,TCGA-QR-A6H5-01A,TCGA-QR-A6H5-01A,1.0,0.0,0.0,0.0,0.0
12,37352560,+,12,37362295,-,PCPG,940,TCGA-QR-A6H5-01A,TCGA-QR-A6H5-01A,1.0,0.0,0.0,0.0,0.0
12,37845394,-,19,24319479,-,PCPG,941,TCGA-QR-A6H5-01A,TCGA-QR-A6H5-01A,1.0,0.0,0.0,0.0,0.0
13,16338026,+,13,16664619,-,PCPG,942,TCGA-QR-A6H5-01A,TCGA-QR-A6H5-01A,1.0,0.0,0.0,0.0,0.0
13,17287196,-,13,17396492,+,PCPG,943,TCGA-QR-A6H5-01A,TCGA-QR-A6H5-01A,1.0,0.0,0.0,0.0,0.0
15,18361111,-,15,19640482,+,PCPG,944,TCGA-QR-A6H5-01A,TCGA-QR-A6H5-01A,1.0,0.0,0.0,0.0,0.0
16,34173685,+,20,29239366,+,PCPG,945,TCGA-QR-A6H5-01A,TCGA-QR-A6H5-01A,1.0,0.0,0.0,0.0,0.0
16,34183989,-,20,29224711,-,PCPG,946,TCGA-QR-A6H5-01A,TCGA-QR-A6H5-01A,1.0,0.0,0.0,0.0,0.0
16,34256510,+,16,36325740,-,PCPG,947,TCGA-QR-A6H5-01A,TCGA-QR-A6H5-01A,1.0,0.0,0.0,0.0,0.0
16,34257409,-,16,36336884,-,PCPG,948,TCGA-QR-A6H5-01A,TCGA-QR-A6H5-01A,1.0,0.0,0.0,0.0,0.0
16,34257994,+,16,36336360,+,PCPG,949,TCGA-QR-A6H5-01A,TCGA-QR-A6H5-01A,1.0,0.0,0.0,0.0,0.0
16,36322551,+,16,36325805,-,PCPG,950,TCGA-QR-A6H5-01A,TCGA-QR-A6H5-01A,1.0,0.0,0.0,0.0,0.0
16,87562833,+,16,87563477,-,PCPG,951,TCGA-QR-A6H5-01A,TCGA-QR-A6H5-01A,1.0,0.0,0.0,0.0,0.0
17,23371663,-,17,23372336,+,PCPG,952,TCGA-QR-A6H5-01A,TCGA-QR-A6H5-01A,1.0,0.0,0.0,0.0,0.0
18,15355976,+,22,16106994,+,PCPG,953,TCGA-QR-A6H5-01A,TCGA-QR-A6H5-01A,1.0,0.0,0.0,0.0,0.0
18,15558484,+,18,15704778,-,PCPG,954,TCGA-QR-A6H5-01A,TCGA-QR-A6H5-01A,1.0,0.0,0.0,0.0,0.0
18,15792093,+,18,19678133,-,PCPG,955,TCGA-QR-A6H5-01A,TCGA-QR-A6H5-01A,1.0,0.0,0.0,0.0,0.0
18,20578796,+,18,20631590,+,PCPG,956,TCGA-QR-A6H5-01A,TCGA-QR-A6H5-01A,1.0,0.0,0.0,0.0,0.0
19,24343432,+,19,24344459,-,PCPG,957,TCGA-QR-A6H5-01A,TCGA-QR-A6H5-01A,1.0,0.0,0.0,0.0,0.0
2,92348430,-,2,93503262,+,PCPG,958,TCGA-QR-A6H5-01A,TCGA-QR-A6H5-01A,1.0,0.0,0.0,0.0,0.0
2,92514291,-,2,93794261,+,PCPG,959,TCGA-QR-A6H5-01A,TCGA-QR-A6H5-01A,1.0,0.0,0.0,0.0,0.0
2,92723354,-,2,92724889,+,PCPG,960,TCGA-QR-A6H5-01A,TCGA-QR-A6H5-01A,1.0,0.0,0.0,0.0,0.0
2,92875382,+,2,92997659,-,PCPG,961,TCGA-QR-A6H5-01A,TCGA-QR-A6H5-01A,1.0,0.0,0.0,0.0,0.0
2,94147318,+,2,94151531,-,PCPG,962,TCGA-QR-A6H5-01A,TCGA-QR-A6H5-01A,1.0,0.0,0.0,0.0,0.0
2,94177757,+,2,94181454,-,PCPG,963,TCGA-QR-A6H5-01A,TCGA-QR-A6H5-01A,1.0,0.0,0.0,0.0,0.0
2,94537975,+,2,94539505,-,PCPG,964,TCGA-QR-A6H5-01A,TCGA-QR-A6H5-01A,1.0,0.0,0.0,0.0,0.0
2,94556258,-,9,43191869,-,PCPG,965,TCGA-QR-A6H5-01A,TCGA-QR-A6H5-01A,1.0,0.0,0.0,0.0,0.0
2,147777618,+,7,88110751,+,PCPG,966,TCGA-QR-A6H5-01A,TCGA-QR-A6H5-01A,1.0,0.0,0.0,0.0,0.0
2,173915003,+,2,173915728,-,PCPG,967,TCGA-QR-A6H5-01A,TCGA-QR-A6H5-01A,1.0,0.0,0.0,0.0,0.0
20,26517751,+,20,26596360,-,PCPG,968,TCGA-QR-A6H5-01A,TCGA-QR-A6H5-01A,1.0,0.0,0.0,0.0,0.0
20,29280089,+,20,30462024,-,PCPG,969,TCGA-QR-A6H5-01A,TCGA-QR-A6H5-01A,1.0,0.0,0.0,0.0,0.0
20,29952592,+,20,29987021,-,PCPG,970,TCGA-QR-A6H5-01A,TCGA-QR-A6H5-01A,1.0,0.0,0.0,0.0,0.0
3,90576968,-,3,90702604,+,PCPG,971,TCGA-QR-A6H5-01A,TCGA-QR-A6H5-01A,1.0,0.0,0.0,0.0,0.0
3,90676813,-,3,90679267,+,PCPG,972,TCGA-QR-A6H5-01A,TCGA-QR-A6H5-01A,1.0,0.0,0.0,0.0,0.0
3,90676946,+,3,90679151,-,PCPG,973,TCGA-QR-A6H5-01A,TCGA-QR-A6H5-01A,1.0,0.0,0.0,0.0,0.0
3,90784776,-,3,91189674,+,PCPG,974,TCGA-QR-A6H5-01A,TCGA-QR-A6H5-01A,1.0,0.0,0.0,0.0,0.0
3,90856057,-,3,90983612,+,PCPG,975,TCGA-QR-A6H5-01A,TCGA-QR-A6H5-01A,1.0,0.0,0.0,0.0,0.0
3,90999999,+,3,91104274,-,PCPG,976,TCGA-QR-A6H5-01A,TCGA-QR-A6H5-01A,1.0,0.0,0.0,0.0,0.0
3,91019592,+,3,91147789,-,PCPG,977,TCGA-QR-A6H5-01A,TCGA-QR-A6H5-01A,1.0,0.0,0.0,0.0,0.0
3,160312644,-,6,98387869,-,PCPG,978,TCGA-QR-A6H5-01A,TCGA-QR-A6H5-01A,1.0,0.0,0.0,0.0,0.0
3,160312961,+,6,98387823,+,PCPG,979,TCGA-QR-A6H5-01A,TCGA-QR-A6H5-01A,1.0,0.0,0.0,0.0,0.0
3,169168958,+,3,169169604,-,PCPG,980,TCGA-QR-A6H5-01A,TCGA-QR-A6H5-01A,1.0,0.0,0.0,0.0,0.0
4,103078841,+,6,99176714,+,PCPG,981,TCGA-QR-A6H5-01A,TCGA-QR-A6H5-01A,1.0,0.0,0.0,0.0,0.0
4,113864477,+,14,98969487,+,PCPG,982,TCGA-QR-A6H5-01A,TCGA-QR-A6H5-01A,1.0,0.0,0.0,0.0,0.0
5,49668540,-,5,49702289,+,PCPG,983,TCGA-QR-A6H5-01A,TCGA-QR-A6H5-01A,1.0,0.0,0.0,0.0,0.0
7,61444430,+,7,61515311,-,PCPG,984,TCGA-QR-A6H5-01A,TCGA-QR-A6H5-01A,1.0,0.0,0.0,0.0,0.0
7,62816946,-,11,54926185,+,PCPG,985,TCGA-QR-A6H5-01A,TCGA-QR-A6H5-01A,1.0,0.0,0.0,0.0,0.0
8,18951161,+,8,18951730,-,PCPG,986,TCGA-QR-A6H5-01A,TCGA-QR-A6H5-01A,1.0,0.0,0.0,0.0,0.0
8,43299155,+,14,20523194,-,PCPG,987,TCGA-QR-A6H5-01A,TCGA-QR-A6H5-01A,1.0,0.0,0.0,0.0,0.0
8,121970042,-,11,34877986,+,PCPG,988,TCGA-QR-A6H5-01A,TCGA-QR-A6H5-01A,1.0,0.0,0.0,0.0,0.0
9,40526803,+,20,26304627,-,PCPG,989,TCGA-QR-A6H5-01A,TCGA-QR-A6H5-01A,1.0,0.0,0.0,0.0,0.0
9,40547363,+,22,11377003,+,PCPG,990,TCGA-QR-A6H5-01A,TCGA-QR-A6H5-01A,1.0,0.0,0.0,0.0,0.0
9,137971884,+,9,137972452,-,PCPG,991,TCGA-QR-A6H5-01A,TCGA-QR-A6H5-01A,1.0,0.0,0.0,0.0,0.0
1,77433230,-,8,133313481,-,PCPG,992,TCGA-QR-A6H6-01A,TCGA-QR-A6H6-01A,1.0,0.0,0.0,0.0,0.0
1,124021469,-,1,124022660,+,PCPG,993,TCGA-QR-A6H6-01A,TCGA-QR-A6H6-01A,1.0,0.0,0.0,0.0,0.0
11,54384129,-,11,54549165,+,PCPG,994,TCGA-QR-A6H6-01A,TCGA-QR-A6H6-01A,1.0,0.0,0.0,0.0,0.0
12,34859483,-,12,35079153,+,PCPG,995,TCGA-QR-A6H6-01A,TCGA-QR-A6H6-01A,1.0,0.0,0.0,0.0,0.0
12,36405231,-,12,37062777,+,PCPG,996,TCGA-QR-A6H6-01A,TCGA-QR-A6H6-01A,1.0,0.0,0.0,0.0,0.0
13,18420644,-,21,13049795,+,PCPG,997,TCGA-QR-A6H6-01A,TCGA-QR-A6H6-01A,1.0,0.0,0.0,0.0,0.0
17,22830647,-,17,23123567,+,PCPG,998,TCGA-QR-A6H6-01A,TCGA-QR-A6H6-01A,1.0,0.0,0.0,0.0,0.0
17,22896039,+,17,23137601,-,PCPG,999,TCGA-QR-A6H6-01A,TCGA-QR-A6H6-01A,1.0,0.0,0.0,0.0,0.0
2,93625853,-,2,93626660,+,PCPG,1000,TCGA-QR-A6H6-01A,TCGA-QR-A6H6-01A,1.0,0.0,0.0,0.0,0.0
20,29926685,+,20,29969246,-,PCPG,1001,TCGA-QR-A6H6-01A,TCGA-QR-A6H6-01A,1.0,0.0,0.0,0.0,0.0
20,30010481,-,20,30014957,+,PCPG,1002,TCGA-QR-A6H6-01A,TCGA-QR-A6H6-01A,1.0,0.0,0.0,0.0,0.0
22,17820994,-,23,941293,-,PCPG,1003,TCGA-QR-A6H6-01A,TCGA-QR-A6H6-01A,1.0,0.0,0.0,0.0,0.0
3,91027173,+,3,91187348,-,PCPG,1004,TCGA-QR-A6H6-01A,TCGA-QR-A6H6-01A,1.0,0.0,0.0,0.0,0.0
3,103272099,-,3,115526720,+,PCPG,1005,TCGA-QR-A6H6-01A,TCGA-QR-A6H6-01A,1.0,0.0,0.0,0.0,0.0
3,169184080,+,16,69568375,+,PCPG,1006,TCGA-QR-A6H6-01A,TCGA-QR-A6H6-01A,1.0,0.0,0.0,0.0,0.0
4,51534533,-,4,51595172,+,PCPG,1007,TCGA-QR-A6H6-01A,TCGA-QR-A6H6-01A,1.0,0.0,0.0,0.0,0.0
6,128211120,+,6,128211808,-,PCPG,1008,TCGA-QR-A6H6-01A,TCGA-QR-A6H6-01A,1.0,0.0,0.0,0.0,0.0
7,100653259,-,11,20351537,-,PCPG,1009,TCGA-QR-A6H6-01A,TCGA-QR-A6H6-01A,1.0,0.0,0.0,0.0,0.0
7,157467745,-,7,157467885,+,PCPG,1010,TCGA-QR-A6H6-01A,TCGA-QR-A6H6-01A,1.0,0.0,0.0,0.0,0.0
8,113153414,-,18,54135272,+,PCPG,1011,TCGA-QR-A6H6-01A,TCGA-QR-A6H6-01A,1.0,0.0,0.0,0.0,0.0
8,142644674,-,10,119731344,+,PCPG,1012,TCGA-QR-A6H6-01A,TCGA-QR-A6H6-01A,1.0,0.0,0.0,0.0,0.0
8,142644803,+,11,20355638,+,PCPG,1013,TCGA-QR-A6H6-01A,TCGA-QR-A6H6-01A,1.0,0.0,0.0,0.0,0.0
9,8929724,-,15,66421110,+,PCPG,1014,TCGA-QR-A6H6-01A,TCGA-QR-A6H6-01A,1.0,0.0,0.0,0.0,0.0
23,3036726,+,23,63625851,+,PCPG,1015,TCGA-QR-A6H6-01A,TCGA-QR-A6H6-01A,1.0,0.0,0.0,0.0,0.0
23,91805898,-,24,5027267,+,PCPG,1016,TCGA-QR-A6H6-01A,TCGA-QR-A6H6-01A,1.0,0.0,0.0,0.0,0.0
12,9567193,+,12,31121716,+,PCPG,1017,TCGA-QR-A6ZZ-01A,TCGA-QR-A6ZZ-01A,1.0,0.0,0.0,0.0,0.0
12,65741606,-,12,108860236,+,PCPG,1018,TCGA-QR-A6ZZ-01A,TCGA-QR-A6ZZ-01A,1.0,0.0,0.0,0.0,0.0
12,65883212,+,12,65883842,-,PCPG,1019,TCGA-QR-A6ZZ-01A,TCGA-QR-A6ZZ-01A,1.0,0.0,0.0,0.0,0.0
13,16332015,-,13,17090924,+,PCPG,1020,TCGA-QR-A6ZZ-01A,TCGA-QR-A6ZZ-01A,1.0,0.0,0.0,0.0,0.0
16,9217429,+,16,9354688,+,PCPG,1021,TCGA-QR-A6ZZ-01A,TCGA-QR-A6ZZ-01A,1.0,0.0,0.0,0.0,0.0
16,9217430,-,16,9354707,-,PCPG,1022,TCGA-QR-A6ZZ-01A,TCGA-QR-A6ZZ-01A,1.0,0.0,0.0,0.0,0.0
18,15792058,+,18,19678208,-,PCPG,1023,TCGA-QR-A6ZZ-01A,TCGA-QR-A6ZZ-01A,1.0,0.0,0.0,0.0,0.0
2,92333144,-,2,92851809,+,PCPG,1024,TCGA-QR-A6ZZ-01A,TCGA-QR-A6ZZ-01A,1.0,0.0,0.0,0.0,0.0
2,93233192,-,2,93594900,+,PCPG,1025,TCGA-QR-A6ZZ-01A,TCGA-QR-A6ZZ-01A,1.0,0.0,0.0,0.0,0.0
7,58172538,+,7,60531981,-,PCPG,1026,TCGA-QR-A6ZZ-01A,TCGA-QR-A6ZZ-01A,1.0,0.0,0.0,0.0,0.0
7,64147624,-,20,9098722,-,PCPG,1027,TCGA-QR-A6ZZ-01A,TCGA-QR-A6ZZ-01A,1.0,0.0,0.0,0.0,0.0
1,21989378,+,1,22012672,-,PCPG,1028,TCGA-QR-A700-01A,TCGA-QR-A700-01A,1.0,0.0,0.0,0.0,0.0
1,232733572,-,8,108318924,+,PCPG,1029,TCGA-QR-A700-01A,TCGA-QR-A700-01A,1.0,0.0,0.0,0.0,0.0
1,234608668,-,17,47924047,-,PCPG,1030,TCGA-QR-A700-01A,TCGA-QR-A700-01A,1.0,0.0,0.0,0.0,0.0
1,234794294,+,17,48067544,+,PCPG,1031,TCGA-QR-A700-01A,TCGA-QR-A700-01A,1.0,0.0,0.0,0.0,0.0
10,2843097,+,10,3879262,-,PCPG,1032,TCGA-QR-A700-01A,TCGA-QR-A700-01A,1.0,0.0,0.0,0.0,0.0
10,79307040,+,10,88309514,-,PCPG,1033,TCGA-QR-A700-01A,TCGA-QR-A700-01A,1.0,0.0,0.0,0.0,0.0
10,88466704,+,21,18137063,+,PCPG,1034,TCGA-QR-A700-01A,TCGA-QR-A700-01A,1.0,0.0,0.0,0.0,0.0
11,11404981,-,11,12324237,-,PCPG,1035,TCGA-QR-A700-01A,TCGA-QR-A700-01A,1.0,0.0,0.0,0.0,0.0
11,113924964,-,11,114107456,+,PCPG,1036,TCGA-QR-A700-01A,TCGA-QR-A700-01A,1.0,0.0,0.0,0.0,0.0
11,119334929,+,11,120338580,+,PCPG,1037,TCGA-QR-A700-01A,TCGA-QR-A700-01A,1.0,0.0,0.0,0.0,0.0
11,119334959,-,11,120338581,-,PCPG,1038,TCGA-QR-A700-01A,TCGA-QR-A700-01A,1.0,0.0,0.0,0.0,0.0
12,11669360,-,16,23737696,+,PCPG,1039,TCGA-QR-A700-01A,TCGA-QR-A700-01A,1.0,0.0,0.0,0.0,0.0
12,35994033,-,12,36735193,+,PCPG,1040,TCGA-QR-A700-01A,TCGA-QR-A700-01A,1.0,0.0,0.0,0.0,0.0
12,36337289,-,12,36612811,+,PCPG,1041,TCGA-QR-A700-01A,TCGA-QR-A700-01A,1.0,0.0,0.0,0.0,0.0
12,36368765,-,12,36580895,+,PCPG,1042,TCGA-QR-A700-01A,TCGA-QR-A700-01A,1.0,0.0,0.0,0.0,0.0
14,76957860,-,14,77150871,+,PCPG,1043,TCGA-QR-A700-01A,TCGA-QR-A700-01A,1.0,0.0,0.0,0.0,0.0
15,62134607,-,15,62337025,+,PCPG,1044,TCGA-QR-A700-01A,TCGA-QR-A700-01A,1.0,0.0,0.0,0.0,0.0
17,38487466,-,17,38502187,+,PCPG,1045,TCGA-QR-A700-01A,TCGA-QR-A700-01A,1.0,0.0,0.0,0.0,0.0
18,15636229,-,18,15701261,+,PCPG,1046,TCGA-QR-A700-01A,TCGA-QR-A700-01A,1.0,0.0,0.0,0.0,0.0
2,41924497,-,2,42125913,+,PCPG,1047,TCGA-QR-A700-01A,TCGA-QR-A700-01A,1.0,0.0,0.0,0.0,0.0
20,37528252,-,20,41404872,+,PCPG,1048,TCGA-QR-A700-01A,TCGA-QR-A700-01A,1.0,0.0,0.0,0.0,0.0
20,37678839,+,20,41248693,-,PCPG,1049,TCGA-QR-A700-01A,TCGA-QR-A700-01A,1.0,0.0,0.0,0.0,0.0
4,101106705,+,10,97166718,-,PCPG,1050,TCGA-QR-A700-01A,TCGA-QR-A700-01A,1.0,0.0,0.0,0.0,0.0
4,108304219,+,14,46370211,+,PCPG,1051,TCGA-QR-A700-01A,TCGA-QR-A700-01A,1.0,0.0,0.0,0.0,0.0
5,100501556,+,5,100511251,-,PCPG,1052,TCGA-QR-A700-01A,TCGA-QR-A700-01A,1.0,0.0,0.0,0.0,0.0
5,145440362,+,5,145443076,+,PCPG,1053,TCGA-QR-A700-01A,TCGA-QR-A700-01A,1.0,0.0,0.0,0.0,0.0
6,80449658,-,6,80616929,+,PCPG,1054,TCGA-QR-A700-01A,TCGA-QR-A700-01A,1.0,0.0,0.0,0.0,0.0
7,61256442,-,7,61489765,+,PCPG,1055,TCGA-QR-A700-01A,TCGA-QR-A700-01A,1.0,0.0,0.0,0.0,0.0
7,105964617,-,11,12489592,+,PCPG,1056,TCGA-QR-A700-01A,TCGA-QR-A700-01A,1.0,0.0,0.0,0.0,0.0
7,106094176,+,11,11557087,+,PCPG,1057,TCGA-QR-A700-01A,TCGA-QR-A700-01A,1.0,0.0,0.0,0.0,0.0
8,114187946,-,15,88664066,+,PCPG,1058,TCGA-QR-A700-01A,TCGA-QR-A700-01A,1.0,0.0,0.0,0.0,0.0
8,114188547,+,15,88477501,-,PCPG,1059,TCGA-QR-A700-01A,TCGA-QR-A700-01A,1.0,0.0,0.0,0.0,0.0
9,14083896,+,9,14084665,-,PCPG,1060,TCGA-QR-A700-01A,TCGA-QR-A700-01A,1.0,0.0,0.0,0.0,0.0
9,42346517,+,9,66784033,+,PCPG,1061,TCGA-QR-A700-01A,TCGA-QR-A700-01A,1.0,0.0,0.0,0.0,0.0
9,98712705,-,22,32179799,+,PCPG,1062,TCGA-QR-A700-01A,TCGA-QR-A700-01A,1.0,0.0,0.0,0.0,0.0
1,4172059,-,4,91751751,+,PCPG,1063,TCGA-QR-A702-01A,TCGA-QR-A702-01A,1.0,0.0,0.0,0.0,0.0
1,4772350,+,1,7505959,+,PCPG,1064,TCGA-QR-A702-01A,TCGA-QR-A702-01A,1.0,0.0,0.0,0.0,0.0
1,6878567,-,4,91382165,-,PCPG,1065,TCGA-QR-A702-01A,TCGA-QR-A702-01A,1.0,0.0,0.0,0.0,0.0
1,7505675,-,2,11262831,+,PCPG,1066,TCGA-QR-A702-01A,TCGA-QR-A702-01A,1.0,0.0,0.0,0.0,0.0
1,7505814,+,10,94349167,-,PCPG,1067,TCGA-QR-A702-01A,TCGA-QR-A702-01A,1.0,0.0,0.0,0.0,0.0
1,15502906,-,7,148936309,+,PCPG,1068,TCGA-QR-A702-01A,TCGA-QR-A702-01A,1.0,0.0,0.0,0.0,0.0
1,48641314,+,11,85984691,+,PCPG,1069,TCGA-QR-A702-01A,TCGA-QR-A702-01A,1.0,0.0,0.0,0.0,0.0
1,153522008,-,4,2126719,-,PCPG,1070,TCGA-QR-A702-01A,TCGA-QR-A702-01A,1.0,0.0,0.0,0.0,0.0
1,153716112,+,4,91255745,-,PCPG,1071,TCGA-QR-A702-01A,TCGA-QR-A702-01A,1.0,0.0,0.0,0.0,0.0
1,234419185,-,1,234831553,+,PCPG,1072,TCGA-QR-A702-01A,TCGA-QR-A702-01A,1.0,0.0,0.0,0.0,0.0
1,245859658,-,1,246077707,+,PCPG,1073,TCGA-QR-A702-01A,TCGA-QR-A702-01A,1.0,0.0,0.0,0.0,0.0
10,17073562,-,10,17075531,+,PCPG,1074,TCGA-QR-A702-01A,TCGA-QR-A702-01A,1.0,0.0,0.0,0.0,0.0
10,17075356,-,10,17082935,+,PCPG,1075,TCGA-QR-A702-01A,TCGA-QR-A702-01A,1.0,0.0,0.0,0.0,0.0
11,1543037,-,12,114873056,-,PCPG,1076,TCGA-QR-A702-01A,TCGA-QR-A702-01A,1.0,0.0,0.0,0.0,0.0
11,20950370,+,13,43739193,+,PCPG,1077,TCGA-QR-A702-01A,TCGA-QR-A702-01A,1.0,0.0,0.0,0.0,0.0
11,49959350,-,13,16797757,+,PCPG,1078,TCGA-QR-A702-01A,TCGA-QR-A702-01A,1.0,0.0,0.0,0.0,0.0
12,7334923,+,17,10549675,-,PCPG,1079,TCGA-QR-A702-01A,TCGA-QR-A702-01A,1.0,0.0,0.0,0.0,0.0
12,18886603,-,12,19343185,+,PCPG,1080,TCGA-QR-A702-01A,TCGA-QR-A702-01A,1.0,0.0,0.0,0.0,0.0
12,91509012,-,13,79522730,+,PCPG,1081,TCGA-QR-A702-01A,TCGA-QR-A702-01A,1.0,0.0,0.0,0.0,0.0
12,92047181,+,13,79522166,-,PCPG,1082,TCGA-QR-A702-01A,TCGA-QR-A702-01A,1.0,0.0,0.0,0.0,0.0
16,58956064,-,16,59339705,+,PCPG,1083,TCGA-QR-A702-01A,TCGA-QR-A702-01A,1.0,0.0,0.0,0.0,0.0
17,10549676,-,22,20502946,+,PCPG,1084,TCGA-QR-A702-01A,TCGA-QR-A702-01A,1.0,0.0,0.0,0.0,0.0
17,22914791,+,17,23151691,-,PCPG,1085,TCGA-QR-A702-01A,TCGA-QR-A702-01A,1.0,0.0,0.0,0.0,0.0
18,3950390,-,18,4520404,+,PCPG,1086,TCGA-QR-A702-01A,TCGA-QR-A702-01A,1.0,0.0,0.0,0.0,0.0
2,10343272,-,4,2374623,+,PCPG,1087,TCGA-QR-A702-01A,TCGA-QR-A702-01A,1.0,0.0,0.0,0.0,0.0
2,10568429,+,4,91375143,+,PCPG,1088,TCGA-QR-A702-01A,TCGA-QR-A702-01A,1.0,0.0,0.0,0.0,0.0
2,11261956,-,11,20949931,-,PCPG,1089,TCGA-QR-A702-01A,TCGA-QR-A702-01A,1.0,0.0,0.0,0.0,0.0
2,11262831,+,10,94349168,-,PCPG,1090,TCGA-QR-A702-01A,TCGA-QR-A702-01A,1.0,0.0,0.0,0.0,0.0
2,43167082,-,18,39734419,+,PCPG,1091,TCGA-QR-A702-01A,TCGA-QR-A702-01A,1.0,0.0,0.0,0.0,0.0
2,43167163,+,18,39733864,-,PCPG,1092,TCGA-QR-A702-01A,TCGA-QR-A702-01A,1.0,0.0,0.0,0.0,0.0
2,143468642,-,21,34753437,-,PCPG,1093,TCGA-QR-A702-01A,TCGA-QR-A702-01A,1.0,0.0,0.0,0.0,0.0
2,175546264,-,2,175799935,+,PCPG,1094,TCGA-QR-A702-01A,TCGA-QR-A702-01A,1.0,0.0,0.0,0.0,0.0
20,57857313,-,20,58442282,+,PCPG,1095,TCGA-QR-A702-01A,TCGA-QR-A702-01A,1.0,0.0,0.0,0.0,0.0
21,25141002,-,21,25655286,+,PCPG,1096,TCGA-QR-A702-01A,TCGA-QR-A702-01A,1.0,0.0,0.0,0.0,0.0
3,64163860,-,3,64250738,+,PCPG,1097,TCGA-QR-A702-01A,TCGA-QR-A702-01A,1.0,0.0,0.0,0.0,0.0
3,129282485,-,7,3905663,-,PCPG,1098,TCGA-QR-A702-01A,TCGA-QR-A702-01A,1.0,0.0,0.0,0.0,0.0
3,129451288,+,17,32509107,-,PCPG,1099,TCGA-QR-A702-01A,TCGA-QR-A702-01A,1.0,0.0,0.0,0.0,0.0
3,173387605,-,3,174035210,+,PCPG,1100,TCGA-QR-A702-01A,TCGA-QR-A702-01A,1.0,0.0,0.0,0.0,0.0
4,1516547,-,4,1989485,+,PCPG,1101,TCGA-QR-A702-01A,TCGA-QR-A702-01A,1.0,0.0,0.0,0.0,0.0
4,17000030,-,10,106020756,-,PCPG,1102,TCGA-QR-A702-01A,TCGA-QR-A702-01A,1.0,0.0,0.0,0.0,0.0
4,91750958,-,7,34113301,+,PCPG,1103,TCGA-QR-A702-01A,TCGA-QR-A702-01A,1.0,0.0,0.0,0.0,0.0
4,91751324,+,7,34746832,+,PCPG,1104,TCGA-QR-A702-01A,TCGA-QR-A702-01A,1.0,0.0,0.0,0.0,0.0
4,95472561,-,4,95820160,+,PCPG,1105,TCGA-QR-A702-01A,TCGA-QR-A702-01A,1.0,0.0,0.0,0.0,0.0
4,95636936,-,4,96282611,+,PCPG,1106,TCGA-QR-A702-01A,TCGA-QR-A702-01A,1.0,0.0,0.0,0.0,0.0
4,104957142,-,4,135417091,+,PCPG,1107,TCGA-QR-A702-01A,TCGA-QR-A702-01A,1.0,0.0,0.0,0.0,0.0
4,185954802,-,7,123102745,-,PCPG,1108,TCGA-QR-A702-01A,TCGA-QR-A702-01A,1.0,0.0,0.0,0.0,0.0
4,186262649,+,6,5571847,-,PCPG,1109,TCGA-QR-A702-01A,TCGA-QR-A702-01A,1.0,0.0,0.0,0.0,0.0
5,123583749,+,15,34346594,+,PCPG,1110,TCGA-QR-A702-01A,TCGA-QR-A702-01A,1.0,0.0,0.0,0.0,0.0
6,5776147,+,6,6579065,-,PCPG,1111,TCGA-QR-A702-01A,TCGA-QR-A702-01A,1.0,0.0,0.0,0.0,0.0
6,10147859,-,10,94953085,+,PCPG,1112,TCGA-QR-A702-01A,TCGA-QR-A702-01A,1.0,0.0,0.0,0.0,0.0
6,10670237,+,13,43090316,-,PCPG,1113,TCGA-QR-A702-01A,TCGA-QR-A702-01A,1.0,0.0,0.0,0.0,0.0
6,68752536,-,23,111757397,+,PCPG,1114,TCGA-QR-A702-01A,TCGA-QR-A702-01A,1.0,0.0,0.0,0.0,0.0
6,69252133,+,12,7334587,-,PCPG,1115,TCGA-QR-A702-01A,TCGA-QR-A702-01A,1.0,0.0,0.0,0.0,0.0
6,150649857,-,18,441097,+,PCPG,1116,TCGA-QR-A702-01A,TCGA-QR-A702-01A,1.0,0.0,0.0,0.0,0.0
7,34112846,-,7,34112943,-,PCPG,1117,TCGA-QR-A702-01A,TCGA-QR-A702-01A,1.0,0.0,0.0,0.0,0.0
7,34746419,-,23,111182255,-,PCPG,1118,TCGA-QR-A702-01A,TCGA-QR-A702-01A,1.0,0.0,0.0,0.0,0.0
7,34746675,+,23,103401463,+,PCPG,1119,TCGA-QR-A702-01A,TCGA-QR-A702-01A,1.0,0.0,0.0,0.0,0.0
7,61480526,+,7,61483510,-,PCPG,1120,TCGA-QR-A702-01A,TCGA-QR-A702-01A,1.0,0.0,0.0,0.0,0.0
7,67965856,-,12,6848281,-,PCPG,1121,TCGA-QR-A702-01A,TCGA-QR-A702-01A,1.0,0.0,0.0,0.0,0.0
7,68196342,+,12,7334462,+,PCPG,1122,TCGA-QR-A702-01A,TCGA-QR-A702-01A,1.0,0.0,0.0,0.0,0.0
7,123379748,+,16,9688961,+,PCPG,1123,TCGA-QR-A702-01A,TCGA-QR-A702-01A,1.0,0.0,0.0,0.0,0.0
8,29632916,-,10,17074987,+,PCPG,1124,TCGA-QR-A702-01A,TCGA-QR-A702-01A,1.0,0.0,0.0,0.0,0.0
8,29652159,+,10,17075118,-,PCPG,1125,TCGA-QR-A702-01A,TCGA-QR-A702-01A,1.0,0.0,0.0,0.0,0.0
8,56714167,-,8,57333535,+,PCPG,1126,TCGA-QR-A702-01A,TCGA-QR-A702-01A,1.0,0.0,0.0,0.0,0.0
8,97980607,-,8,98395983,+,PCPG,1127,TCGA-QR-A702-01A,TCGA-QR-A702-01A,1.0,0.0,0.0,0.0,0.0
8,124891748,+,16,9509971,-,PCPG,1128,TCGA-QR-A702-01A,TCGA-QR-A702-01A,1.0,0.0,0.0,0.0,0.0
23,103401463,+,23,111182256,-,PCPG,1129,TCGA-QR-A702-01A,TCGA-QR-A702-01A,1.0,0.0,0.0,0.0,0.0
1,53762875,+,14,77879728,+,PCPG,1130,TCGA-QR-A705-01A,TCGA-QR-A705-01A,1.0,0.0,0.0,0.0,0.0
1,123425502,-,1,123426378,+,PCPG,1131,TCGA-QR-A705-01A,TCGA-QR-A705-01A,1.0,0.0,0.0,0.0,0.0
10,36154883,-,10,36156186,+,PCPG,1132,TCGA-QR-A705-01A,TCGA-QR-A705-01A,1.0,0.0,0.0,0.0,0.0
13,18623266,-,18,14436679,-,PCPG,1133,TCGA-QR-A705-01A,TCGA-QR-A705-01A,1.0,0.0,0.0,0.0,0.0
17,22912237,-,17,22966937,+,PCPG,1134,TCGA-QR-A705-01A,TCGA-QR-A705-01A,1.0,0.0,0.0,0.0,0.0
18,15785128,-,18,20640702,+,PCPG,1135,TCGA-QR-A705-01A,TCGA-QR-A705-01A,1.0,0.0,0.0,0.0,0.0
20,29975182,-,20,29985371,+,PCPG,1136,TCGA-QR-A705-01A,TCGA-QR-A705-01A,1.0,0.0,0.0,0.0,0.0
4,38083130,+,17,40523308,+,PCPG,1137,TCGA-QR-A705-01A,TCGA-QR-A705-01A,1.0,0.0,0.0,0.0,0.0
5,46573245,-,5,46735483,+,PCPG,1138,TCGA-QR-A705-01A,TCGA-QR-A705-01A,1.0,0.0,0.0,0.0,0.0
5,47027153,-,5,47048770,+,PCPG,1139,TCGA-QR-A705-01A,TCGA-QR-A705-01A,1.0,0.0,0.0,0.0,0.0
5,78691138,-,5,82142888,+,PCPG,1140,TCGA-QR-A705-01A,TCGA-QR-A705-01A,1.0,0.0,0.0,0.0,0.0
6,3634986,-,9,21981188,+,PCPG,1141,TCGA-QR-A705-01A,TCGA-QR-A705-01A,1.0,0.0,0.0,0.0,0.0
6,61370554,+,6,61379457,-,PCPG,1142,TCGA-QR-A705-01A,TCGA-QR-A705-01A,1.0,0.0,0.0,0.0,0.0
8,77606704,+,12,118872412,+,PCPG,1143,TCGA-QR-A705-01A,TCGA-QR-A705-01A,1.0,0.0,0.0,0.0,0.0
23,3036686,+,23,63625853,+,PCPG,1144,TCGA-QR-A705-01A,TCGA-QR-A705-01A,1.0,0.0,0.0,0.0,0.0
1,36632617,-,3,59173690,-,PCPG,1145,TCGA-QR-A707-01A,TCGA-QR-A707-01A,1.0,0.0,0.0,0.0,0.0
1,49170956,+,20,59540844,+,PCPG,1146,TCGA-QR-A707-01A,TCGA-QR-A707-01A,1.0,0.0,0.0,0.0,0.0
1,61918399,-,1,62165342,+,PCPG,1147,TCGA-QR-A707-01A,TCGA-QR-A707-01A,1.0,0.0,0.0,0.0,0.0
1,62164980,-,4,174021375,-,PCPG,1148,TCGA-QR-A707-01A,TCGA-QR-A707-01A,1.0,0.0,0.0,0.0,0.0
1,62165244,+,11,102244370,-,PCPG,1149,TCGA-QR-A707-01A,TCGA-QR-A707-01A,1.0,0.0,0.0,0.0,0.0
1,95270858,-,1,95317069,+,PCPG,1150,TCGA-QR-A707-01A,TCGA-QR-A707-01A,1.0,0.0,0.0,0.0,0.0
1,124302255,+,11,102386252,+,PCPG,1151,TCGA-QR-A707-01A,TCGA-QR-A707-01A,1.0,0.0,0.0,0.0,0.0
10,71804069,-,10,117313724,+,PCPG,1152,TCGA-QR-A707-01A,TCGA-QR-A707-01A,1.0,0.0,0.0,0.0,0.0
10,104610082,-,10,104859882,+,PCPG,1153,TCGA-QR-A707-01A,TCGA-QR-A707-01A,1.0,0.0,0.0,0.0,0.0
12,36405122,-,12,37062653,+,PCPG,1154,TCGA-QR-A707-01A,TCGA-QR-A707-01A,1.0,0.0,0.0,0.0,0.0
13,16610142,-,13,16665419,+,PCPG,1155,TCGA-QR-A707-01A,TCGA-QR-A707-01A,1.0,0.0,0.0,0.0,0.0
13,17465554,-,13,17514692,+,PCPG,1156,TCGA-QR-A707-01A,TCGA-QR-A707-01A,1.0,0.0,0.0,0.0,0.0
13,17496410,-,13,17574572,+,PCPG,1157,TCGA-QR-A707-01A,TCGA-QR-A707-01A,1.0,0.0,0.0,0.0,0.0
13,18753048,+,13,18772480,-,PCPG,1158,TCGA-QR-A707-01A,TCGA-QR-A707-01A,1.0,0.0,0.0,0.0,0.0
16,34777846,+,16,34824539,-,PCPG,1159,TCGA-QR-A707-01A,TCGA-QR-A707-01A,1.0,0.0,0.0,0.0,0.0
17,21446402,-,17,27004251,+,PCPG,1160,TCGA-QR-A707-01A,TCGA-QR-A707-01A,1.0,0.0,0.0,0.0,0.0
17,22929318,+,17,22984141,-,PCPG,1161,TCGA-QR-A707-01A,TCGA-QR-A707-01A,1.0,0.0,0.0,0.0,0.0
17,31215601,+,17,31472525,-,PCPG,1162,TCGA-QR-A707-01A,TCGA-QR-A707-01A,1.0,0.0,0.0,0.0,0.0
2,48317269,+,2,48318584,-,PCPG,1163,TCGA-QR-A707-01A,TCGA-QR-A707-01A,1.0,0.0,0.0,0.0,0.0
2,133255081,-,3,52581397,-,PCPG,1164,TCGA-QR-A707-01A,TCGA-QR-A707-01A,1.0,0.0,0.0,0.0,0.0
2,133568648,+,3,52809336,+,PCPG,1165,TCGA-QR-A707-01A,TCGA-QR-A707-01A,1.0,0.0,0.0,0.0,0.0
2,222866744,-,19,15170629,+,PCPG,1166,TCGA-QR-A707-01A,TCGA-QR-A707-01A,1.0,0.0,0.0,0.0,0.0
20,26482346,+,20,26491464,-,PCPG,1167,TCGA-QR-A707-01A,TCGA-QR-A707-01A,1.0,0.0,0.0,0.0,0.0
3,49206904,-,20,3907603,+,PCPG,1168,TCGA-QR-A707-01A,TCGA-QR-A707-01A,1.0,0.0,0.0,0.0,0.0
3,49357335,+,20,3725244,-,PCPG,1169,TCGA-QR-A707-01A,TCGA-QR-A707-01A,1.0,0.0,0.0,0.0,0.0
3,110782019,-,10,16106384,-,PCPG,1170,TCGA-QR-A707-01A,TCGA-QR-A707-01A,1.0,0.0,0.0,0.0,0.0
3,122931234,-,3,136382402,-,PCPG,1171,TCGA-QR-A707-01A,TCGA-QR-A707-01A,1.0,0.0,0.0,0.0,0.0
3,123178863,+,3,136653940,+,PCPG,1172,TCGA-QR-A707-01A,TCGA-QR-A707-01A,1.0,0.0,0.0,0.0,0.0
3,159938434,-,4,174228635,+,PCPG,1173,TCGA-QR-A707-01A,TCGA-QR-A707-01A,1.0,0.0,0.0,0.0,0.0
3,159938745,+,4,182668243,-,PCPG,1174,TCGA-QR-A707-01A,TCGA-QR-A707-01A,1.0,0.0,0.0,0.0,0.0
3,159939047,+,20,59306636,-,PCPG,1175,TCGA-QR-A707-01A,TCGA-QR-A707-01A,1.0,0.0,0.0,0.0,0.0
4,38906938,-,4,39098493,+,PCPG,1176,TCGA-QR-A707-01A,TCGA-QR-A707-01A,1.0,0.0,0.0,0.0,0.0
4,118694518,-,4,118968743,+,PCPG,1177,TCGA-QR-A707-01A,TCGA-QR-A707-01A,1.0,0.0,0.0,0.0,0.0
4,174021376,-,11,102244371,-,PCPG,1178,TCGA-QR-A707-01A,TCGA-QR-A707-01A,1.0,0.0,0.0,0.0,0.0
6,58061836,-,6,60816107,+,PCPG,1179,TCGA-QR-A707-01A,TCGA-QR-A707-01A,1.0,0.0,0.0,0.0,0.0
6,58062011,+,6,60816440,-,PCPG,1180,TCGA-QR-A707-01A,TCGA-QR-A707-01A,1.0,0.0,0.0,0.0,0.0
7,56798446,-,7,57038041,+,PCPG,1181,TCGA-QR-A707-01A,TCGA-QR-A707-01A,1.0,0.0,0.0,0.0,0.0
7,61472568,+,7,61502652,-,PCPG,1182,TCGA-QR-A707-01A,TCGA-QR-A707-01A,1.0,0.0,0.0,0.0,0.0
9,85967129,+,9,85967760,-,PCPG,1183,TCGA-QR-A707-01A,TCGA-QR-A707-01A,1.0,0.0,0.0,0.0,0.0
9,124826187,+,13,93510952,-,PCPG,1184,TCGA-QR-A707-01A,TCGA-QR-A707-01A,1.0,0.0,0.0,0.0,0.0
9,129377968,-,10,117129118,-,PCPG,1185,TCGA-QR-A707-01A,TCGA-QR-A707-01A,1.0,0.0,0.0,0.0,0.0
9,129577573,+,10,72064768,+,PCPG,1186,TCGA-QR-A707-01A,TCGA-QR-A707-01A,1.0,0.0,0.0,0.0,0.0
1,11605070,-,9,3548385,+,PCPG,1187,TCGA-QR-A708-01A,TCGA-QR-A708-01A,1.0,0.0,0.0,0.0,0.0
1,11605275,+,9,3464511,-,PCPG,1188,TCGA-QR-A708-01A,TCGA-QR-A708-01A,1.0,0.0,0.0,0.0,0.0
1,109593912,-,15,88604056,+,PCPG,1189,TCGA-QR-A708-01A,TCGA-QR-A708-01A,1.0,0.0,0.0,0.0,0.0
1,109770728,+,15,88349765,-,PCPG,1190,TCGA-QR-A708-01A,TCGA-QR-A708-01A,1.0,0.0,0.0,0.0,0.0
1,180453438,-,1,208091514,+,PCPG,1191,TCGA-QR-A708-01A,TCGA-QR-A708-01A,1.0,0.0,0.0,0.0,0.0
1,200945953,-,1,201943520,+,PCPG,1192,TCGA-QR-A708-01A,TCGA-QR-A708-01A,1.0,0.0,0.0,0.0,0.0
1,206583938,+,1,232431473,-,PCPG,1193,TCGA-QR-A708-01A,TCGA-QR-A708-01A,1.0,0.0,0.0,0.0,0.0
1,206589165,-,1,206652210,-,PCPG,1194,TCGA-QR-A708-01A,TCGA-QR-A708-01A,1.0,0.0,0.0,0.0,0.0
1,206650803,+,3,147154286,-,PCPG,1195,TCGA-QR-A708-01A,TCGA-QR-A708-01A,1.0,0.0,0.0,0.0,0.0
1,234607983,-,17,47923388,-,PCPG,1196,TCGA-QR-A708-01A,TCGA-QR-A708-01A,1.0,0.0,0.0,0.0,0.0
1,234829319,+,17,48172867,+,PCPG,1197,TCGA-QR-A708-01A,TCGA-QR-A708-01A,1.0,0.0,0.0,0.0,0.0
10,117303739,-,10,117436963,+,PCPG,1198,TCGA-QR-A708-01A,TCGA-QR-A708-01A,1.0,0.0,0.0,0.0,0.0
11,50741989,-,19,27398173,-,PCPG,1199,TCGA-QR-A708-01A,TCGA-QR-A708-01A,1.0,0.0,0.0,0.0,0.0
11,52730353,+,11,53166131,-,PCPG,1200,TCGA-QR-A708-01A,TCGA-QR-A708-01A,1.0,0.0,0.0,0.0,0.0
11,129835735,-,11,129858556,+,PCPG,1201,TCGA-QR-A708-01A,TCGA-QR-A708-01A,1.0,0.0,0.0,0.0,0.0
12,36835445,+,12,36929520,-,PCPG,1202,TCGA-QR-A708-01A,TCGA-QR-A708-01A,1.0,0.0,0.0,0.0,0.0
14,88875663,-,14,89116839,+,PCPG,1203,TCGA-QR-A708-01A,TCGA-QR-A708-01A,1.0,0.0,0.0,0.0,0.0
15,62738577,-,15,62831576,+,PCPG,1204,TCGA-QR-A708-01A,TCGA-QR-A708-01A,1.0,0.0,0.0,0.0,0.0
15,78551325,-,15,78858912,+,PCPG,1205,TCGA-QR-A708-01A,TCGA-QR-A708-01A,1.0,0.0,0.0,0.0,0.0
16,10049019,-,16,11732302,+,PCPG,1206,TCGA-QR-A708-01A,TCGA-QR-A708-01A,1.0,0.0,0.0,0.0,0.0
19,10230361,-,19,10310346,+,PCPG,1207,TCGA-QR-A708-01A,TCGA-QR-A708-01A,1.0,0.0,0.0,0.0,0.0
2,6835552,-,2,7149587,+,PCPG,1208,TCGA-QR-A708-01A,TCGA-QR-A708-01A,1.0,0.0,0.0,0.0,0.0
20,29564266,+,20,30320198,+,PCPG,1209,TCGA-QR-A708-01A,TCGA-QR-A708-01A,1.0,0.0,0.0,0.0,0.0
3,75642724,-,20,29443887,-,PCPG,1210,TCGA-QR-A708-01A,TCGA-QR-A708-01A,1.0,0.0,0.0,0.0,0.0
3,177479330,-,3,177568915,+,PCPG,1211,TCGA-QR-A708-01A,TCGA-QR-A708-01A,1.0,0.0,0.0,0.0,0.0
3,180192599,+,20,62364460,+,PCPG,1212,TCGA-QR-A708-01A,TCGA-QR-A708-01A,1.0,0.0,0.0,0.0,0.0
4,38083124,+,17,40523380,+,PCPG,1213,TCGA-QR-A708-01A,TCGA-QR-A708-01A,1.0,0.0,0.0,0.0,0.0
5,168310837,-,8,133271802,+,PCPG,1214,TCGA-QR-A708-01A,TCGA-QR-A708-01A,1.0,0.0,0.0,0.0,0.0
6,32527657,+,16,12114972,+,PCPG,1215,TCGA-QR-A708-01A,TCGA-QR-A708-01A,1.0,0.0,0.0,0.0,0.0
6,58348353,-,6,61103223,-,PCPG,1216,TCGA-QR-A708-01A,TCGA-QR-A708-01A,1.0,0.0,0.0,0.0,0.0
6,104003596,-,11,134403981,-,PCPG,1217,TCGA-QR-A708-01A,TCGA-QR-A708-01A,1.0,0.0,0.0,0.0,0.0
7,58026713,-,12,37294906,+,PCPG,1218,TCGA-QR-A708-01A,TCGA-QR-A708-01A,1.0,0.0,0.0,0.0,0.0
7,61430736,-,7,61449911,+,PCPG,1219,TCGA-QR-A708-01A,TCGA-QR-A708-01A,1.0,0.0,0.0,0.0,0.0
7,152079843,+,7,152083574,-,PCPG,1220,TCGA-QR-A708-01A,TCGA-QR-A708-01A,1.0,0.0,0.0,0.0,0.0
8,45381861,+,8,45653450,-,PCPG,1221,TCGA-QR-A708-01A,TCGA-QR-A708-01A,1.0,0.0,0.0,0.0,0.0
23,151775321,-,23,153693638,+,PCPG,1222,TCGA-QR-A708-01A,TCGA-QR-A708-01A,1.0,0.0,0.0,0.0,0.0
1,37328599,+,23,132947147,+,PCPG,1223,TCGA-QR-A70A-01A,TCGA-QR-A70A-01A,1.0,0.0,0.0,0.0,0.0
1,234746927,+,23,132775212,-,PCPG,1224,TCGA-QR-A70A-01A,TCGA-QR-A70A-01A,1.0,0.0,0.0,0.0,0.0
10,32195027,+,19,10715084,-,PCPG,1225,TCGA-QR-A70A-01A,TCGA-QR-A70A-01A,1.0,0.0,0.0,0.0,0.0
10,77071845,-,23,20616304,-,PCPG,1226,TCGA-QR-A70A-01A,TCGA-QR-A70A-01A,1.0,0.0,0.0,0.0,0.0
10,77071846,-,14,100532993,+,PCPG,1227,TCGA-QR-A70A-01A,TCGA-QR-A70A-01A,1.0,0.0,0.0,0.0,0.0
10,77072550,+,14,65278316,+,PCPG,1228,TCGA-QR-A70A-01A,TCGA-QR-A70A-01A,1.0,0.0,0.0,0.0,0.0
10,77183908,+,22,31887434,-,PCPG,1229,TCGA-QR-A70A-01A,TCGA-QR-A70A-01A,1.0,0.0,0.0,0.0,0.0
11,82700508,-,16,62529686,-,PCPG,1230,TCGA-QR-A70A-01A,TCGA-QR-A70A-01A,1.0,0.0,0.0,0.0,0.0
12,34797694,+,12,34817551,-,PCPG,1231,TCGA-QR-A70A-01A,TCGA-QR-A70A-01A,1.0,0.0,0.0,0.0,0.0
12,34832566,-,12,37250844,+,PCPG,1232,TCGA-QR-A70A-01A,TCGA-QR-A70A-01A,1.0,0.0,0.0,0.0,0.0
13,16385943,+,13,16733990,-,PCPG,1233,TCGA-QR-A70A-01A,TCGA-QR-A70A-01A,1.0,0.0,0.0,0.0,0.0
13,18628430,-,18,14431730,-,PCPG,1234,TCGA-QR-A70A-01A,TCGA-QR-A70A-01A,1.0,0.0,0.0,0.0,0.0
14,65278119,-,14,100420268,-,PCPG,1235,TCGA-QR-A70A-01A,TCGA-QR-A70A-01A,1.0,0.0,0.0,0.0,0.0
14,65443330,+,22,32004591,+,PCPG,1236,TCGA-QR-A70A-01A,TCGA-QR-A70A-01A,1.0,0.0,0.0,0.0,0.0
14,100532992,+,23,20616478,+,PCPG,1237,TCGA-QR-A70A-01A,TCGA-QR-A70A-01A,1.0,0.0,0.0,0.0,0.0
16,49543847,-,16,49666903,+,PCPG,1238,TCGA-QR-A70A-01A,TCGA-QR-A70A-01A,1.0,0.0,0.0,0.0,0.0
17,398565,-,23,20616567,+,PCPG,1239,TCGA-QR-A70A-01A,TCGA-QR-A70A-01A,1.0,0.0,0.0,0.0,0.0
17,398934,+,23,20441584,-,PCPG,1240,TCGA-QR-A70A-01A,TCGA-QR-A70A-01A,1.0,0.0,0.0,0.0,0.0
2,28083367,-,5,143192834,-,PCPG,1241,TCGA-QR-A70A-01A,TCGA-QR-A70A-01A,1.0,0.0,0.0,0.0,0.0
2,28200890,+,10,77072550,+,PCPG,1242,TCGA-QR-A70A-01A,TCGA-QR-A70A-01A,1.0,0.0,0.0,0.0,0.0
2,28200890,+,14,65278149,-,PCPG,1243,TCGA-QR-A70A-01A,TCGA-QR-A70A-01A,1.0,0.0,0.0,0.0,0.0
2,147777590,+,7,88110788,+,PCPG,1244,TCGA-QR-A70A-01A,TCGA-QR-A70A-01A,1.0,0.0,0.0,0.0,0.0
20,37837765,-,20,37935158,+,PCPG,1245,TCGA-QR-A70A-01A,TCGA-QR-A70A-01A,1.0,0.0,0.0,0.0,0.0
22,35619503,-,22,35629392,+,PCPG,1246,TCGA-QR-A70A-01A,TCGA-QR-A70A-01A,1.0,0.0,0.0,0.0,0.0
3,49403953,-,10,17548130,-,PCPG,1247,TCGA-QR-A70A-01A,TCGA-QR-A70A-01A,1.0,0.0,0.0,0.0,0.0
3,89541392,-,4,157521423,+,PCPG,1248,TCGA-QR-A70A-01A,TCGA-QR-A70A-01A,1.0,0.0,0.0,0.0,0.0
3,90907786,-,3,91064350,+,PCPG,1249,TCGA-QR-A70A-01A,TCGA-QR-A70A-01A,1.0,0.0,0.0,0.0,0.0
5,248442,+,5,1579527,+,PCPG,1250,TCGA-QR-A70A-01A,TCGA-QR-A70A-01A,1.0,0.0,0.0,0.0,0.0
5,49676392,+,5,49716399,-,PCPG,1251,TCGA-QR-A70A-01A,TCGA-QR-A70A-01A,1.0,0.0,0.0,0.0,0.0
5,108959958,+,5,147513859,-,PCPG,1252,TCGA-QR-A70A-01A,TCGA-QR-A70A-01A,1.0,0.0,0.0,0.0,0.0
5,143283650,+,10,77072151,-,PCPG,1253,TCGA-QR-A70A-01A,TCGA-QR-A70A-01A,1.0,0.0,0.0,0.0,0.0
9,40229204,+,9,42858496,-,PCPG,1254,TCGA-QR-A70A-01A,TCGA-QR-A70A-01A,1.0,0.0,0.0,0.0,0.0
23,20441585,-,23,20616567,+,PCPG,1255,TCGA-QR-A70A-01A,TCGA-QR-A70A-01A,1.0,0.0,0.0,0.0,0.0
1,47890163,-,1,48214626,+,PCPG,1256,TCGA-QR-A70C-01A,TCGA-QR-A70C-01A,1.0,0.0,0.0,0.0,0.0
1,56877514,-,7,8134391,-,PCPG,1257,TCGA-QR-A70C-01A,TCGA-QR-A70C-01A,1.0,0.0,0.0,0.0,0.0
1,56877818,+,7,8134724,+,PCPG,1258,TCGA-QR-A70C-01A,TCGA-QR-A70C-01A,1.0,0.0,0.0,0.0,0.0
1,120536000,+,1,148975283,+,PCPG,1259,TCGA-QR-A70C-01A,TCGA-QR-A70C-01A,1.0,0.0,0.0,0.0,0.0
1,124980082,+,1,124994404,-,PCPG,1260,TCGA-QR-A70C-01A,TCGA-QR-A70C-01A,1.0,0.0,0.0,0.0,0.0
1,237565846,-,14,31878682,-,PCPG,1261,TCGA-QR-A70C-01A,TCGA-QR-A70C-01A,1.0,0.0,0.0,0.0,0.0
1,237796697,+,6,169982388,-,PCPG,1262,TCGA-QR-A70C-01A,TCGA-QR-A70C-01A,1.0,0.0,0.0,0.0,0.0
10,7121746,-,10,7411498,+,PCPG,1263,TCGA-QR-A70C-01A,TCGA-QR-A70C-01A,1.0,0.0,0.0,0.0,0.0
10,38327285,-,11,126521725,+,PCPG,1264,TCGA-QR-A70C-01A,TCGA-QR-A70C-01A,1.0,0.0,0.0,0.0,0.0
10,79674256,+,10,79800523,+,PCPG,1265,TCGA-QR-A70C-01A,TCGA-QR-A70C-01A,1.0,0.0,0.0,0.0,0.0
14,32169510,+,18,70199959,-,PCPG,1266,TCGA-QR-A70C-01A,TCGA-QR-A70C-01A,1.0,0.0,0.0,0.0,0.0
15,49271918,-,15,49320907,+,PCPG,1267,TCGA-QR-A70C-01A,TCGA-QR-A70C-01A,1.0,0.0,0.0,0.0,0.0
16,66978627,-,23,120246157,-,PCPG,1268,TCGA-QR-A70C-01A,TCGA-QR-A70C-01A,1.0,0.0,0.0,0.0,0.0
18,49024779,-,18,49109838,+,PCPG,1269,TCGA-QR-A70C-01A,TCGA-QR-A70C-01A,1.0,0.0,0.0,0.0,0.0
2,49204452,-,2,49529618,+,PCPG,1270,TCGA-QR-A70C-01A,TCGA-QR-A70C-01A,1.0,0.0,0.0,0.0,0.0
2,217334334,-,2,217516651,+,PCPG,1271,TCGA-QR-A70C-01A,TCGA-QR-A70C-01A,1.0,0.0,0.0,0.0,0.0
22,25812825,-,22,26115249,+,PCPG,1272,TCGA-QR-A70C-01A,TCGA-QR-A70C-01A,1.0,0.0,0.0,0.0,0.0
3,120310406,-,3,120622817,+,PCPG,1273,TCGA-QR-A70C-01A,TCGA-QR-A70C-01A,1.0,0.0,0.0,0.0,0.0
4,139975800,-,17,44344642,+,PCPG,1274,TCGA-QR-A70C-01A,TCGA-QR-A70C-01A,1.0,0.0,0.0,0.0,0.0
4,140114868,+,17,44209172,-,PCPG,1275,TCGA-QR-A70C-01A,TCGA-QR-A70C-01A,1.0,0.0,0.0,0.0,0.0
5,49671640,+,5,49694629,-,PCPG,1276,TCGA-QR-A70C-01A,TCGA-QR-A70C-01A,1.0,0.0,0.0,0.0,0.0
5,49686430,-,5,49694834,+,PCPG,1277,TCGA-QR-A70C-01A,TCGA-QR-A70C-01A,1.0,0.0,0.0,0.0,0.0
5,138568384,-,5,138848529,+,PCPG,1278,TCGA-QR-A70C-01A,TCGA-QR-A70C-01A,1.0,0.0,0.0,0.0,0.0
5,168672684,+,18,70492385,+,PCPG,1279,TCGA-QR-A70C-01A,TCGA-QR-A70C-01A,1.0,0.0,0.0,0.0,0.0
6,21170941,+,6,169982852,+,PCPG,1280,TCGA-QR-A70C-01A,TCGA-QR-A70C-01A,1.0,0.0,0.0,0.0,0.0
6,149955896,-,6,150013846,-,PCPG,1281,TCGA-QR-A70C-01A,TCGA-QR-A70C-01A,1.0,0.0,0.0,0.0,0.0
7,8134672,+,23,120526136,+,PCPG,1282,TCGA-QR-A70C-01A,TCGA-QR-A70C-01A,1.0,0.0,0.0,0.0,0.0
7,8309303,+,11,113863526,+,PCPG,1283,TCGA-QR-A70C-01A,TCGA-QR-A70C-01A,1.0,0.0,0.0,0.0,0.0
7,56785127,-,7,63792672,-,PCPG,1284,TCGA-QR-A70C-01A,TCGA-QR-A70C-01A,1.0,0.0,0.0,0.0,0.0
7,103014922,-,15,22102059,-,PCPG,1285,TCGA-QR-A70C-01A,TCGA-QR-A70C-01A,1.0,0.0,0.0,0.0,0.0
9,20474479,-,9,96832336,+,PCPG,1286,TCGA-QR-A70C-01A,TCGA-QR-A70C-01A,1.0,0.0,0.0,0.0,0.0
9,130311377,+,18,47912900,-,PCPG,1287,TCGA-QR-A70C-01A,TCGA-QR-A70C-01A,1.0,0.0,0.0,0.0,0.0
23,50795038,-,23,96082566,-,PCPG,1288,TCGA-QR-A70C-01A,TCGA-QR-A70C-01A,1.0,0.0,0.0,0.0,0.0
23,50795098,+,23,96082600,+,PCPG,1289,TCGA-QR-A70C-01A,TCGA-QR-A70C-01A,1.0,0.0,0.0,0.0,0.0
1,101350798,-,5,28619314,+,PCPG,1290,TCGA-QR-A70D-01A,TCGA-QR-A70D-01A,1.0,0.0,0.0,0.0,0.0
1,123708185,-,1,123709231,+,PCPG,1291,TCGA-QR-A70D-01A,TCGA-QR-A70D-01A,1.0,0.0,0.0,0.0,0.0
1,161546453,+,1,161627716,-,PCPG,1292,TCGA-QR-A70D-01A,TCGA-QR-A70D-01A,1.0,0.0,0.0,0.0,0.0
12,102577842,-,21,37966370,-,PCPG,1293,TCGA-QR-A70D-01A,TCGA-QR-A70D-01A,1.0,0.0,0.0,0.0,0.0
18,10641549,-,18,12188031,-,PCPG,1294,TCGA-QR-A70D-01A,TCGA-QR-A70D-01A,1.0,0.0,0.0,0.0,0.0
18,36404011,+,18,36507037,-,PCPG,1295,TCGA-QR-A70D-01A,TCGA-QR-A70D-01A,1.0,0.0,0.0,0.0,0.0
2,164805290,+,20,29541890,-,PCPG,1296,TCGA-QR-A70D-01A,TCGA-QR-A70D-01A,1.0,0.0,0.0,0.0,0.0
3,86380337,-,5,24958419,-,PCPG,1297,TCGA-QR-A70D-01A,TCGA-QR-A70D-01A,1.0,0.0,0.0,0.0,0.0
7,2859510,+,14,68072062,+,PCPG,1298,TCGA-QR-A70D-01A,TCGA-QR-A70D-01A,1.0,0.0,0.0,0.0,0.0
7,2859797,+,14,68072094,+,PCPG,1299,TCGA-QR-A70D-01A,TCGA-QR-A70D-01A,1.0,0.0,0.0,0.0,0.0
7,12888627,-,14,55646765,+,PCPG,1300,TCGA-QR-A70D-01A,TCGA-QR-A70D-01A,1.0,0.0,0.0,0.0,0.0
7,75581552,+,7,75582246,-,PCPG,1301,TCGA-QR-A70D-01A,TCGA-QR-A70D-01A,1.0,0.0,0.0,0.0,0.0
8,124660433,-,11,131616779,-,PCPG,1302,TCGA-QR-A70D-01A,TCGA-QR-A70D-01A,1.0,0.0,0.0,0.0,0.0
9,61639167,+,20,29571946,-,PCPG,1303,TCGA-QR-A70D-01A,TCGA-QR-A70D-01A,1.0,0.0,0.0,0.0,0.0
9,61639427,-,20,29572165,+,PCPG,1304,TCGA-QR-A70D-01A,TCGA-QR-A70D-01A,1.0,0.0,0.0,0.0,0.0
1,122707206,-,1,122708063,+,PCPG,1305,TCGA-QR-A70E-01A,TCGA-QR-A70E-01A,1.0,0.0,0.0,0.0,0.0
1,122798708,-,1,122799616,+,PCPG,1306,TCGA-QR-A70E-01A,TCGA-QR-A70E-01A,1.0,0.0,0.0,0.0,0.0
1,122975717,-,1,122977522,+,PCPG,1307,TCGA-QR-A70E-01A,TCGA-QR-A70E-01A,1.0,0.0,0.0,0.0,0.0
1,123008864,-,1,123009887,+,PCPG,1308,TCGA-QR-A70E-01A,TCGA-QR-A70E-01A,1.0,0.0,0.0,0.0,0.0
1,123167525,-,1,123168964,+,PCPG,1309,TCGA-QR-A70E-01A,TCGA-QR-A70E-01A,1.0,0.0,0.0,0.0,0.0
1,124253359,-,1,124255482,+,PCPG,1310,TCGA-QR-A70E-01A,TCGA-QR-A70E-01A,1.0,0.0,0.0,0.0,0.0
1,124440976,-,1,124443680,+,PCPG,1311,TCGA-QR-A70E-01A,TCGA-QR-A70E-01A,1.0,0.0,0.0,0.0,0.0
10,39340528,-,10,39341723,+,PCPG,1312,TCGA-QR-A70E-01A,TCGA-QR-A70E-01A,1.0,0.0,0.0,0.0,0.0
10,54146896,-,19,15625378,+,PCPG,1313,TCGA-QR-A70E-01A,TCGA-QR-A70E-01A,1.0,0.0,0.0,0.0,0.0
12,123569569,+,13,35150794,-,PCPG,1314,TCGA-QR-A70E-01A,TCGA-QR-A70E-01A,1.0,0.0,0.0,0.0,0.0
17,22830001,+,17,23080991,-,PCPG,1315,TCGA-QR-A70E-01A,TCGA-QR-A70E-01A,1.0,0.0,0.0,0.0,0.0
17,81970129,+,23,108047790,-,PCPG,1316,TCGA-QR-A70E-01A,TCGA-QR-A70E-01A,1.0,0.0,0.0,0.0,0.0
18,15636755,+,18,15745309,-,PCPG,1317,TCGA-QR-A70E-01A,TCGA-QR-A70E-01A,1.0,0.0,0.0,0.0,0.0
18,15653764,-,18,15679668,+,PCPG,1318,TCGA-QR-A70E-01A,TCGA-QR-A70E-01A,1.0,0.0,0.0,0.0,0.0
18,17803331,-,18,17804951,+,PCPG,1319,TCGA-QR-A70E-01A,TCGA-QR-A70E-01A,1.0,0.0,0.0,0.0,0.0
19,52832797,-,19,52871393,+,PCPG,1320,TCGA-QR-A70E-01A,TCGA-QR-A70E-01A,1.0,0.0,0.0,0.0,0.0
2,92426010,-,2,92427834,+,PCPG,1321,TCGA-QR-A70E-01A,TCGA-QR-A70E-01A,1.0,0.0,0.0,0.0,0.0
2,93888116,-,2,93888865,+,PCPG,1322,TCGA-QR-A70E-01A,TCGA-QR-A70E-01A,1.0,0.0,0.0,0.0,0.0
20,29926585,-,20,29928342,+,PCPG,1323,TCGA-QR-A70E-01A,TCGA-QR-A70E-01A,1.0,0.0,0.0,0.0,0.0
20,30995997,-,20,30997560,+,PCPG,1324,TCGA-QR-A70E-01A,TCGA-QR-A70E-01A,1.0,0.0,0.0,0.0,0.0
22,16062472,-,22,16064825,+,PCPG,1325,TCGA-QR-A70E-01A,TCGA-QR-A70E-01A,1.0,0.0,0.0,0.0,0.0
22,42512826,+,22,42574706,-,PCPG,1326,TCGA-QR-A70E-01A,TCGA-QR-A70E-01A,1.0,0.0,0.0,0.0,0.0
3,125957533,-,3,131274973,+,PCPG,1327,TCGA-QR-A70E-01A,TCGA-QR-A70E-01A,1.0,0.0,0.0,0.0,0.0
4,49719542,-,4,51016860,+,PCPG,1328,TCGA-QR-A70E-01A,TCGA-QR-A70E-01A,1.0,0.0,0.0,0.0,0.0
4,52409339,+,12,25392118,+,PCPG,1329,TCGA-QR-A70E-01A,TCGA-QR-A70E-01A,1.0,0.0,0.0,0.0,0.0
4,138832970,+,6,74408315,+,PCPG,1330,TCGA-QR-A70E-01A,TCGA-QR-A70E-01A,1.0,0.0,0.0,0.0,0.0
4,138832991,-,6,74408243,-,PCPG,1331,TCGA-QR-A70E-01A,TCGA-QR-A70E-01A,1.0,0.0,0.0,0.0,0.0
4,181149401,+,4,181258273,-,PCPG,1332,TCGA-QR-A70E-01A,TCGA-QR-A70E-01A,1.0,0.0,0.0,0.0,0.0
6,12668154,+,8,144959135,+,PCPG,1333,TCGA-QR-A70E-01A,TCGA-QR-A70E-01A,1.0,0.0,0.0,0.0,0.0
6,66460542,+,6,66467954,-,PCPG,1334,TCGA-QR-A70E-01A,TCGA-QR-A70E-01A,1.0,0.0,0.0,0.0,0.0
7,29472273,-,16,24901979,+,PCPG,1335,TCGA-QR-A70E-01A,TCGA-QR-A70E-01A,1.0,0.0,0.0,0.0,0.0
7,61425112,+,7,61488161,-,PCPG,1336,TCGA-QR-A70E-01A,TCGA-QR-A70E-01A,1.0,0.0,0.0,0.0,0.0
23,7401691,+,23,7642621,-,PCPG,1337,TCGA-QR-A70E-01A,TCGA-QR-A70E-01A,1.0,0.0,0.0,0.0,0.0
23,7401697,+,23,7641329,-,PCPG,1338,TCGA-QR-A70E-01A,TCGA-QR-A70E-01A,1.0,0.0,0.0,0.0,0.0
23,7641591,+,23,7642621,-,PCPG,1339,TCGA-QR-A70E-01A,TCGA-QR-A70E-01A,1.0,0.0,0.0,0.0,0.0
1,8570290,-,12,7733934,-,PCPG,1340,TCGA-QR-A70G-01B,TCGA-QR-A70G-01B,1.0,0.0,0.0,0.0,0.0
1,89776252,+,7,126001962,-,PCPG,1341,TCGA-QR-A70G-01B,TCGA-QR-A70G-01B,1.0,0.0,0.0,0.0,0.0
1,92416363,-,14,89020735,+,PCPG,1342,TCGA-QR-A70G-01B,TCGA-QR-A70G-01B,1.0,0.0,0.0,0.0,0.0
1,92548757,+,14,88865121,-,PCPG,1343,TCGA-QR-A70G-01B,TCGA-QR-A70G-01B,1.0,0.0,0.0,0.0,0.0
1,124826456,+,1,124832477,-,PCPG,1344,TCGA-QR-A70G-01B,TCGA-QR-A70G-01B,1.0,0.0,0.0,0.0,0.0
1,215875059,+,1,215875593,-,PCPG,1345,TCGA-QR-A70G-01B,TCGA-QR-A70G-01B,1.0,0.0,0.0,0.0,0.0
11,46075285,-,17,41964082,-,PCPG,1346,TCGA-QR-A70G-01B,TCGA-QR-A70G-01B,1.0,0.0,0.0,0.0,0.0
11,46238026,+,17,60685267,+,PCPG,1347,TCGA-QR-A70G-01B,TCGA-QR-A70G-01B,1.0,0.0,0.0,0.0,0.0
11,53116624,-,11,53117655,+,PCPG,1348,TCGA-QR-A70G-01B,TCGA-QR-A70G-01B,1.0,0.0,0.0,0.0,0.0
11,53272730,-,11,53273733,+,PCPG,1349,TCGA-QR-A70G-01B,TCGA-QR-A70G-01B,1.0,0.0,0.0,0.0,0.0
11,53858283,-,11,53859220,+,PCPG,1350,TCGA-QR-A70G-01B,TCGA-QR-A70G-01B,1.0,0.0,0.0,0.0,0.0
11,54368924,-,11,54549307,+,PCPG,1351,TCGA-QR-A70G-01B,TCGA-QR-A70G-01B,1.0,0.0,0.0,0.0,0.0
13,17463724,-,13,17465332,+,PCPG,1352,TCGA-QR-A70G-01B,TCGA-QR-A70G-01B,1.0,0.0,0.0,0.0,0.0
13,48698887,-,14,91342841,+,PCPG,1353,TCGA-QR-A70G-01B,TCGA-QR-A70G-01B,1.0,0.0,0.0,0.0,0.0
13,48979451,+,14,91160261,-,PCPG,1354,TCGA-QR-A70G-01B,TCGA-QR-A70G-01B,1.0,0.0,0.0,0.0,0.0
13,77555448,-,13,77651783,+,PCPG,1355,TCGA-QR-A70G-01B,TCGA-QR-A70G-01B,1.0,0.0,0.0,0.0,0.0
17,42129255,+,17,60488055,-,PCPG,1356,TCGA-QR-A70G-01B,TCGA-QR-A70G-01B,1.0,0.0,0.0,0.0,0.0
17,45576270,-,17,45747963,+,PCPG,1357,TCGA-QR-A70G-01B,TCGA-QR-A70G-01B,1.0,0.0,0.0,0.0,0.0
18,8580215,-,22,38991054,-,PCPG,1358,TCGA-QR-A70G-01B,TCGA-QR-A70G-01B,1.0,0.0,0.0,0.0,0.0
18,8788209,+,22,39190017,+,PCPG,1359,TCGA-QR-A70G-01B,TCGA-QR-A70G-01B,1.0,0.0,0.0,0.0,0.0
2,9348305,+,10,114464330,-,PCPG,1360,TCGA-QR-A70G-01B,TCGA-QR-A70G-01B,1.0,0.0,0.0,0.0,0.0
2,92394560,-,2,92395856,+,PCPG,1361,TCGA-QR-A70G-01B,TCGA-QR-A70G-01B,1.0,0.0,0.0,0.0,0.0
2,92610917,-,2,92613490,+,PCPG,1362,TCGA-QR-A70G-01B,TCGA-QR-A70G-01B,1.0,0.0,0.0,0.0,0.0
3,36137791,-,5,98559582,+,PCPG,1363,TCGA-QR-A70G-01B,TCGA-QR-A70G-01B,1.0,0.0,0.0,0.0,0.0
3,90597571,-,3,90599988,+,PCPG,1364,TCGA-QR-A70G-01B,TCGA-QR-A70G-01B,1.0,0.0,0.0,0.0,0.0
3,182298451,-,8,43210103,-,PCPG,1365,TCGA-QR-A70G-01B,TCGA-QR-A70G-01B,1.0,0.0,0.0,0.0,0.0
4,49559923,+,20,30653557,+,PCPG,1366,TCGA-QR-A70G-01B,TCGA-QR-A70G-01B,1.0,0.0,0.0,0.0,0.0
4,133875806,+,6,163359948,-,PCPG,1367,TCGA-QR-A70G-01B,TCGA-QR-A70G-01B,1.0,0.0,0.0,0.0,0.0
5,18538969,-,23,114472172,+,PCPG,1368,TCGA-QR-A70G-01B,TCGA-QR-A70G-01B,1.0,0.0,0.0,0.0,0.0
5,47019745,-,5,47020626,+,PCPG,1369,TCGA-QR-A70G-01B,TCGA-QR-A70G-01B,1.0,0.0,0.0,0.0,0.0
6,56326012,-,12,120926889,-,PCPG,1370,TCGA-QR-A70G-01B,TCGA-QR-A70G-01B,1.0,0.0,0.0,0.0,0.0
7,62056890,-,7,62058149,+,PCPG,1371,TCGA-QR-A70G-01B,TCGA-QR-A70G-01B,1.0,0.0,0.0,0.0,0.0
7,146226650,+,7,146227226,-,PCPG,1372,TCGA-QR-A70G-01B,TCGA-QR-A70G-01B,1.0,0.0,0.0,0.0,0.0
8,39493198,-,9,73191448,-,PCPG,1373,TCGA-QR-A70G-01B,TCGA-QR-A70G-01B,1.0,0.0,0.0,0.0,0.0
9,19536267,-,9,19660569,+,PCPG,1374,TCGA-QR-A70G-01B,TCGA-QR-A70G-01B,1.0,0.0,0.0,0.0,0.0
9,19656532,-,9,19660339,+,PCPG,1375,TCGA-QR-A70G-01B,TCGA-QR-A70G-01B,1.0,0.0,0.0,0.0,0.0
9,83874953,+,9,85749061,+,PCPG,1376,TCGA-QR-A70G-01B,TCGA-QR-A70G-01B,1.0,0.0,0.0,0.0,0.0
23,3036594,+,23,63625848,+,PCPG,1377,TCGA-QR-A70G-01B,TCGA-QR-A70G-01B,1.0,0.0,0.0,0.0,0.0
24,12510683,-,24,12701493,+,PCPG,1378,TCGA-QR-A70G-01B,TCGA-QR-A70G-01B,1.0,0.0,0.0,0.0,0.0
1,124854061,+,1,124872441,-,PCPG,1379,TCGA-QR-A70H-01A,TCGA-QR-A70H-01A,1.0,0.0,0.0,0.0,0.0
1,124927314,+,1,124936027,+,PCPG,1380,TCGA-QR-A70H-01A,TCGA-QR-A70H-01A,1.0,0.0,0.0,0.0,0.0
1,214483421,+,5,115842109,+,PCPG,1381,TCGA-QR-A70H-01A,TCGA-QR-A70H-01A,1.0,0.0,0.0,0.0,0.0
1,219394858,+,20,45211753,-,PCPG,1382,TCGA-QR-A70H-01A,TCGA-QR-A70H-01A,1.0,0.0,0.0,0.0,0.0
1,220348471,+,20,45211609,+,PCPG,1383,TCGA-QR-A70H-01A,TCGA-QR-A70H-01A,1.0,0.0,0.0,0.0,0.0
1,220348785,-,1,248811650,+,PCPG,1384,TCGA-QR-A70H-01A,TCGA-QR-A70H-01A,1.0,0.0,0.0,0.0,0.0
1,237960778,+,17,55900107,-,PCPG,1385,TCGA-QR-A70H-01A,TCGA-QR-A70H-01A,1.0,0.0,0.0,0.0,0.0
1,237961745,-,17,41164914,-,PCPG,1386,TCGA-QR-A70H-01A,TCGA-QR-A70H-01A,1.0,0.0,0.0,0.0,0.0
1,248813957,-,17,40309139,+,PCPG,1387,TCGA-QR-A70H-01A,TCGA-QR-A70H-01A,1.0,0.0,0.0,0.0,0.0
11,54378162,-,11,54394478,+,PCPG,1388,TCGA-QR-A70H-01A,TCGA-QR-A70H-01A,1.0,0.0,0.0,0.0,0.0
11,64984535,-,19,46246640,+,PCPG,1389,TCGA-QR-A70H-01A,TCGA-QR-A70H-01A,1.0,0.0,0.0,0.0,0.0
11,65116983,+,19,46175116,-,PCPG,1390,TCGA-QR-A70H-01A,TCGA-QR-A70H-01A,1.0,0.0,0.0,0.0,0.0
15,24058042,+,15,24061801,-,PCPG,1391,TCGA-QR-A70H-01A,TCGA-QR-A70H-01A,1.0,0.0,0.0,0.0,0.0
16,6208154,+,16,7454839,-,PCPG,1392,TCGA-QR-A70H-01A,TCGA-QR-A70H-01A,1.0,0.0,0.0,0.0,0.0
17,19981101,+,20,48163524,+,PCPG,1393,TCGA-QR-A70H-01A,TCGA-QR-A70H-01A,1.0,0.0,0.0,0.0,0.0
17,19982987,-,20,50445772,-,PCPG,1394,TCGA-QR-A70H-01A,TCGA-QR-A70H-01A,1.0,0.0,0.0,0.0,0.0
17,19984547,+,20,50444356,+,PCPG,1395,TCGA-QR-A70H-01A,TCGA-QR-A70H-01A,1.0,0.0,0.0,0.0,0.0
17,19987454,-,20,49744269,-,PCPG,1396,TCGA-QR-A70H-01A,TCGA-QR-A70H-01A,1.0,0.0,0.0,0.0,0.0
17,34995489,-,20,50427163,+,PCPG,1397,TCGA-QR-A70H-01A,TCGA-QR-A70H-01A,1.0,0.0,0.0,0.0,0.0
17,36351118,+,17,55899652,+,PCPG,1398,TCGA-QR-A70H-01A,TCGA-QR-A70H-01A,1.0,0.0,0.0,0.0,0.0
18,15486852,+,18,15585911,-,PCPG,1399,TCGA-QR-A70H-01A,TCGA-QR-A70H-01A,1.0,0.0,0.0,0.0,0.0
19,53097251,-,19,53127101,+,PCPG,1400,TCGA-QR-A70H-01A,TCGA-QR-A70H-01A,1.0,0.0,0.0,0.0,0.0
2,56184833,+,2,56244777,-,PCPG,1401,TCGA-QR-A70H-01A,TCGA-QR-A70H-01A,1.0,0.0,0.0,0.0,0.0
2,212374119,-,5,5816047,-,PCPG,1402,TCGA-QR-A70H-01A,TCGA-QR-A70H-01A,1.0,0.0,0.0,0.0,0.0
22,16448488,+,24,11360047,-,PCPG,1403,TCGA-QR-A70H-01A,TCGA-QR-A70H-01A,1.0,0.0,0.0,0.0,0.0
4,139870318,-,17,44410745,+,PCPG,1404,TCGA-QR-A70H-01A,TCGA-QR-A70H-01A,1.0,0.0,0.0,0.0,0.0
4,140111582,+,17,44209213,-,PCPG,1405,TCGA-QR-A70H-01A,TCGA-QR-A70H-01A,1.0,0.0,0.0,0.0,0.0
5,17993121,+,6,160740934,+,PCPG,1406,TCGA-QR-A70H-01A,TCGA-QR-A70H-01A,1.0,0.0,0.0,0.0,0.0
6,128409094,-,6,128645897,+,PCPG,1407,TCGA-QR-A70H-01A,TCGA-QR-A70H-01A,1.0,0.0,0.0,0.0,0.0
7,87150590,+,20,50433511,-,PCPG,1408,TCGA-QR-A70H-01A,TCGA-QR-A70H-01A,1.0,0.0,0.0,0.0,0.0
9,20604874,-,17,29233739,+,PCPG,1409,TCGA-QR-A70H-01A,TCGA-QR-A70H-01A,1.0,0.0,0.0,0.0,0.0
9,23066022,+,9,23067469,-,PCPG,1410,TCGA-QR-A70H-01A,TCGA-QR-A70H-01A,1.0,0.0,0.0,0.0,0.0
1,65417081,+,4,114207505,+,PCPG,1411,TCGA-QR-A70I-01A,TCGA-QR-A70I-01A,1.0,0.0,0.0,0.0,0.0
1,123508379,-,1,123509413,+,PCPG,1412,TCGA-QR-A70I-01A,TCGA-QR-A70I-01A,1.0,0.0,0.0,0.0,0.0
1,123575692,-,1,123576904,+,PCPG,1413,TCGA-QR-A70I-01A,TCGA-QR-A70I-01A,1.0,0.0,0.0,0.0,0.0
1,124114739,-,1,124115730,+,PCPG,1414,TCGA-QR-A70I-01A,TCGA-QR-A70I-01A,1.0,0.0,0.0,0.0,0.0
1,124149591,-,1,124150351,+,PCPG,1415,TCGA-QR-A70I-01A,TCGA-QR-A70I-01A,1.0,0.0,0.0,0.0,0.0
1,124604988,-,1,124606248,+,PCPG,1416,TCGA-QR-A70I-01A,TCGA-QR-A70I-01A,1.0,0.0,0.0,0.0,0.0
1,150017049,+,1,150145709,-,PCPG,1417,TCGA-QR-A70I-01A,TCGA-QR-A70I-01A,1.0,0.0,0.0,0.0,0.0
1,174862188,+,1,174956213,-,PCPG,1418,TCGA-QR-A70I-01A,TCGA-QR-A70I-01A,1.0,0.0,0.0,0.0,0.0
1,193611264,-,3,114900549,+,PCPG,1419,TCGA-QR-A70I-01A,TCGA-QR-A70I-01A,1.0,0.0,0.0,0.0,0.0
1,246945236,-,14,100261043,+,PCPG,1420,TCGA-QR-A70I-01A,TCGA-QR-A70I-01A,1.0,0.0,0.0,0.0,0.0
10,9935831,-,10,52106749,+,PCPG,1421,TCGA-QR-A70I-01A,TCGA-QR-A70I-01A,1.0,0.0,0.0,0.0,0.0
10,20007755,+,10,20042276,-,PCPG,1422,TCGA-QR-A70I-01A,TCGA-QR-A70I-01A,1.0,0.0,0.0,0.0,0.0
10,95884637,-,10,130981139,+,PCPG,1423,TCGA-QR-A70I-01A,TCGA-QR-A70I-01A,1.0,0.0,0.0,0.0,0.0
11,38257365,+,21,14988421,-,PCPG,1424,TCGA-QR-A70I-01A,TCGA-QR-A70I-01A,1.0,0.0,0.0,0.0,0.0
11,65587660,+,11,65650842,-,PCPG,1425,TCGA-QR-A70I-01A,TCGA-QR-A70I-01A,1.0,0.0,0.0,0.0,0.0
11,103847446,-,11,105855804,+,PCPG,1426,TCGA-QR-A70I-01A,TCGA-QR-A70I-01A,1.0,0.0,0.0,0.0,0.0
11,134145166,+,11,134243453,-,PCPG,1427,TCGA-QR-A70I-01A,TCGA-QR-A70I-01A,1.0,0.0,0.0,0.0,0.0
13,48527332,+,23,78926581,-,PCPG,1428,TCGA-QR-A70I-01A,TCGA-QR-A70I-01A,1.0,0.0,0.0,0.0,0.0
14,36921498,+,14,37252286,-,PCPG,1429,TCGA-QR-A70I-01A,TCGA-QR-A70I-01A,1.0,0.0,0.0,0.0,0.0
14,43840654,-,14,45692552,+,PCPG,1430,TCGA-QR-A70I-01A,TCGA-QR-A70I-01A,1.0,0.0,0.0,0.0,0.0
14,50073366,+,15,99833048,+,PCPG,1431,TCGA-QR-A70I-01A,TCGA-QR-A70I-01A,1.0,0.0,0.0,0.0,0.0
14,68795271,+,23,117931870,-,PCPG,1432,TCGA-QR-A70I-01A,TCGA-QR-A70I-01A,1.0,0.0,0.0,0.0,0.0
15,22687645,-,15,28760888,+,PCPG,1433,TCGA-QR-A70I-01A,TCGA-QR-A70I-01A,1.0,0.0,0.0,0.0,0.0
16,4281331,+,17,6604436,-,PCPG,1434,TCGA-QR-A70I-01A,TCGA-QR-A70I-01A,1.0,0.0,0.0,0.0,0.0
16,4344408,-,17,6488680,+,PCPG,1435,TCGA-QR-A70I-01A,TCGA-QR-A70I-01A,1.0,0.0,0.0,0.0,0.0
17,4930163,+,17,5007539,-,PCPG,1436,TCGA-QR-A70I-01A,TCGA-QR-A70I-01A,1.0,0.0,0.0,0.0,0.0
17,17804085,-,18,11865915,-,PCPG,1437,TCGA-QR-A70I-01A,TCGA-QR-A70I-01A,1.0,0.0,0.0,0.0,0.0
18,19375723,-,18,19377107,+,PCPG,1438,TCGA-QR-A70I-01A,TCGA-QR-A70I-01A,1.0,0.0,0.0,0.0,0.0
2,53756369,-,6,152649746,-,PCPG,1439,TCGA-QR-A70I-01A,TCGA-QR-A70I-01A,1.0,0.0,0.0,0.0,0.0
2,53757289,+,6,152336435,+,PCPG,1440,TCGA-QR-A70I-01A,TCGA-QR-A70I-01A,1.0,0.0,0.0,0.0,0.0
2,185216299,-,19,35328376,-,PCPG,1441,TCGA-QR-A70I-01A,TCGA-QR-A70I-01A,1.0,0.0,0.0,0.0,0.0
2,240807072,-,3,3234039,-,PCPG,1442,TCGA-QR-A70I-01A,TCGA-QR-A70I-01A,1.0,0.0,0.0,0.0,0.0
3,114753429,+,4,135417052,-,PCPG,1443,TCGA-QR-A70I-01A,TCGA-QR-A70I-01A,1.0,0.0,0.0,0.0,0.0
5,49916483,+,5,49925099,-,PCPG,1444,TCGA-QR-A70I-01A,TCGA-QR-A70I-01A,1.0,0.0,0.0,0.0,0.0
5,179251815,-,7,155771113,-,PCPG,1445,TCGA-QR-A70I-01A,TCGA-QR-A70I-01A,1.0,0.0,0.0,0.0,0.0
5,179251997,+,7,155671879,+,PCPG,1446,TCGA-QR-A70I-01A,TCGA-QR-A70I-01A,1.0,0.0,0.0,0.0,0.0
7,148413447,+,12,42264299,+,PCPG,1447,TCGA-QR-A70I-01A,TCGA-QR-A70I-01A,1.0,0.0,0.0,0.0,0.0
7,155671879,+,7,155771114,-,PCPG,1448,TCGA-QR-A70I-01A,TCGA-QR-A70I-01A,1.0,0.0,0.0,0.0,0.0
8,66546007,+,16,79756552,-,PCPG,1449,TCGA-QR-A70I-01A,TCGA-QR-A70I-01A,1.0,0.0,0.0,0.0,0.0
8,121970037,-,11,34877990,+,PCPG,1450,TCGA-QR-A70I-01A,TCGA-QR-A70I-01A,1.0,0.0,0.0,0.0,0.0
9,131022216,-,13,19092577,-,PCPG,1451,TCGA-QR-A70I-01A,TCGA-QR-A70I-01A,1.0,0.0,0.0,0.0,0.0
14,99898177,+,14,100842945,-,PCPG,1452,TCGA-QR-A70J-01A,TCGA-QR-A70J-01A,1.0,0.0,0.0,0.0,0.0
19,36117000,+,19,36179660,-,PCPG,1453,TCGA-QR-A70J-01A,TCGA-QR-A70J-01A,1.0,0.0,0.0,0.0,0.0
3,76736320,+,12,79293149,-,PCPG,1454,TCGA-QR-A70J-01A,TCGA-QR-A70J-01A,1.0,0.0,0.0,0.0,0.0
3,90810021,-,3,90885701,+,PCPG,1455,TCGA-QR-A70J-01A,TCGA-QR-A70J-01A,1.0,0.0,0.0,0.0,0.0
3,90828140,-,3,91016251,+,PCPG,1456,TCGA-QR-A70J-01A,TCGA-QR-A70J-01A,1.0,0.0,0.0,0.0,0.0
3,91113702,-,3,91221046,+,PCPG,1457,TCGA-QR-A70J-01A,TCGA-QR-A70J-01A,1.0,0.0,0.0,0.0,0.0
5,35532817,+,19,44562730,+,PCPG,1458,TCGA-QR-A70J-01A,TCGA-QR-A70J-01A,1.0,0.0,0.0,0.0,0.0
6,132349703,+,18,52541933,+,PCPG,1459,TCGA-QR-A70J-01A,TCGA-QR-A70J-01A,1.0,0.0,0.0,0.0,0.0
9,132216382,-,11,111247192,-,PCPG,1460,TCGA-QR-A70J-01A,TCGA-QR-A70J-01A,1.0,0.0,0.0,0.0,0.0
1,20537496,+,1,50575051,+,PCPG,1461,TCGA-QR-A70K-01A,TCGA-QR-A70K-01A,1.0,0.0,0.0,0.0,0.0
1,20538250,-,1,50574948,-,PCPG,1462,TCGA-QR-A70K-01A,TCGA-QR-A70K-01A,1.0,0.0,0.0,0.0,0.0
1,97102363,+,1,97232535,-,PCPG,1463,TCGA-QR-A70K-01A,TCGA-QR-A70K-01A,1.0,0.0,0.0,0.0,0.0
1,122076427,-,1,122122009,+,PCPG,1464,TCGA-QR-A70K-01A,TCGA-QR-A70K-01A,1.0,0.0,0.0,0.0,0.0
1,175101859,+,1,175107976,-,PCPG,1465,TCGA-QR-A70K-01A,TCGA-QR-A70K-01A,1.0,0.0,0.0,0.0,0.0
1,188901506,-,17,8692811,-,PCPG,1466,TCGA-QR-A70K-01A,TCGA-QR-A70K-01A,1.0,0.0,0.0,0.0,0.0
11,18251977,+,23,1049003,+,PCPG,1467,TCGA-QR-A70K-01A,TCGA-QR-A70K-01A,1.0,0.0,0.0,0.0,0.0
11,81178816,+,11,81224351,+,PCPG,1468,TCGA-QR-A70K-01A,TCGA-QR-A70K-01A,1.0,0.0,0.0,0.0,0.0
11,81188806,-,11,81226329,-,PCPG,1469,TCGA-QR-A70K-01A,TCGA-QR-A70K-01A,1.0,0.0,0.0,0.0,0.0
11,84442917,+,11,84514682,-,PCPG,1470,TCGA-QR-A70K-01A,TCGA-QR-A70K-01A,1.0,0.0,0.0,0.0,0.0
11,92498334,+,11,92498980,-,PCPG,1471,TCGA-QR-A70K-01A,TCGA-QR-A70K-01A,1.0,0.0,0.0,0.0,0.0
14,80932426,+,14,80986467,-,PCPG,1472,TCGA-QR-A70K-01A,TCGA-QR-A70K-01A,1.0,0.0,0.0,0.0,0.0
14,98359192,-,23,1048618,-,PCPG,1473,TCGA-QR-A70K-01A,TCGA-QR-A70K-01A,1.0,0.0,0.0,0.0,0.0
16,34255944,-,16,36322699,+,PCPG,1474,TCGA-QR-A70K-01A,TCGA-QR-A70K-01A,1.0,0.0,0.0,0.0,0.0
16,36351178,+,16,37700581,-,PCPG,1475,TCGA-QR-A70K-01A,TCGA-QR-A70K-01A,1.0,0.0,0.0,0.0,0.0
16,72417255,+,16,72828352,-,PCPG,1476,TCGA-QR-A70K-01A,TCGA-QR-A70K-01A,1.0,0.0,0.0,0.0,0.0
18,17122331,-,18,17123648,+,PCPG,1477,TCGA-QR-A70K-01A,TCGA-QR-A70K-01A,1.0,0.0,0.0,0.0,0.0
2,72754104,-,2,73131482,-,PCPG,1478,TCGA-QR-A70K-01A,TCGA-QR-A70K-01A,1.0,0.0,0.0,0.0,0.0
2,72756137,+,4,185460247,+,PCPG,1479,TCGA-QR-A70K-01A,TCGA-QR-A70K-01A,1.0,0.0,0.0,0.0,0.0
2,73102278,-,4,190011958,+,PCPG,1480,TCGA-QR-A70K-01A,TCGA-QR-A70K-01A,1.0,0.0,0.0,0.0,0.0
3,35660857,+,3,117014338,-,PCPG,1481,TCGA-QR-A70K-01A,TCGA-QR-A70K-01A,1.0,0.0,0.0,0.0,0.0
3,35661865,-,3,182870894,-,PCPG,1482,TCGA-QR-A70K-01A,TCGA-QR-A70K-01A,1.0,0.0,0.0,0.0,0.0
3,46913202,+,3,151005826,+,PCPG,1483,TCGA-QR-A70K-01A,TCGA-QR-A70K-01A,1.0,0.0,0.0,0.0,0.0
3,84513389,-,3,107280229,-,PCPG,1484,TCGA-QR-A70K-01A,TCGA-QR-A70K-01A,1.0,0.0,0.0,0.0,0.0
3,90639452,-,3,182870159,+,PCPG,1485,TCGA-QR-A70K-01A,TCGA-QR-A70K-01A,1.0,0.0,0.0,0.0,0.0
3,113325047,+,3,122894378,-,PCPG,1486,TCGA-QR-A70K-01A,TCGA-QR-A70K-01A,1.0,0.0,0.0,0.0,0.0
3,117097740,+,3,117224411,-,PCPG,1487,TCGA-QR-A70K-01A,TCGA-QR-A70K-01A,1.0,0.0,0.0,0.0,0.0
3,134004382,+,6,94565253,-,PCPG,1488,TCGA-QR-A70K-01A,TCGA-QR-A70K-01A,1.0,0.0,0.0,0.0,0.0
3,134004498,-,6,94565238,+,PCPG,1489,TCGA-QR-A70K-01A,TCGA-QR-A70K-01A,1.0,0.0,0.0,0.0,0.0
3,155814007,-,3,155945045,-,PCPG,1490,TCGA-QR-A70K-01A,TCGA-QR-A70K-01A,1.0,0.0,0.0,0.0,0.0
4,58663978,+,4,58668029,+,PCPG,1491,TCGA-QR-A70K-01A,TCGA-QR-A70K-01A,1.0,0.0,0.0,0.0,0.0
4,181245423,+,4,181307396,-,PCPG,1492,TCGA-QR-A70K-01A,TCGA-QR-A70K-01A,1.0,0.0,0.0,0.0,0.0
4,181552076,+,4,181869948,-,PCPG,1493,TCGA-QR-A70K-01A,TCGA-QR-A70K-01A,1.0,0.0,0.0,0.0,0.0
4,181767480,+,4,182010343,-,PCPG,1494,TCGA-QR-A70K-01A,TCGA-QR-A70K-01A,1.0,0.0,0.0,0.0,0.0
4,185439910,+,4,185447756,-,PCPG,1495,TCGA-QR-A70K-01A,TCGA-QR-A70K-01A,1.0,0.0,0.0,0.0,0.0
5,29592850,-,5,29594929,-,PCPG,1496,TCGA-QR-A70K-01A,TCGA-QR-A70K-01A,1.0,0.0,0.0,0.0,0.0
5,69055451,+,11,3895735,+,PCPG,1497,TCGA-QR-A70K-01A,TCGA-QR-A70K-01A,1.0,0.0,0.0,0.0,0.0
6,58007265,+,6,60758733,-,PCPG,1498,TCGA-QR-A70K-01A,TCGA-QR-A70K-01A,1.0,0.0,0.0,0.0,0.0
6,162070810,+,6,163066778,-,PCPG,1499,TCGA-QR-A70K-01A,TCGA-QR-A70K-01A,1.0,0.0,0.0,0.0,0.0
7,78764190,+,7,78913619,-,PCPG,1500,TCGA-QR-A70K-01A,TCGA-QR-A70K-01A,1.0,0.0,0.0,0.0,0.0
7,131863350,+,19,48412497,+,PCPG,1501,TCGA-QR-A70K-01A,TCGA-QR-A70K-01A,1.0,0.0,0.0,0.0,0.0
7,158415384,+,7,158707807,-,PCPG,1502,TCGA-QR-A70K-01A,TCGA-QR-A70K-01A,1.0,0.0,0.0,0.0,0.0
8,87428310,-,18,43735287,+,PCPG,1503,TCGA-QR-A70K-01A,TCGA-QR-A70K-01A,1.0,0.0,0.0,0.0,0.0
8,89007863,+,8,89076891,-,PCPG,1504,TCGA-QR-A70K-01A,TCGA-QR-A70K-01A,1.0,0.0,0.0,0.0,0.0
23,27913259,+,23,27972276,-,PCPG,1505,TCGA-QR-A70K-01A,TCGA-QR-A70K-01A,1.0,0.0,0.0,0.0,0.0
23,29832494,+,23,29836367,-,PCPG,1506,TCGA-QR-A70K-01A,TCGA-QR-A70K-01A,1.0,0.0,0.0,0.0,0.0
23,31181798,+,23,32466872,-,PCPG,1507,TCGA-QR-A70K-01A,TCGA-QR-A70K-01A,1.0,0.0,0.0,0.0,0.0
23,32948716,+,23,32976103,-,PCPG,1508,TCGA-QR-A70K-01A,TCGA-QR-A70K-01A,1.0,0.0,0.0,0.0,0.0
1,101497484,+,8,133313443,-,PCPG,1509,TCGA-QR-A70M-01A,TCGA-QR-A70M-01A,1.0,0.0,0.0,0.0,0.0
10,32031943,+,12,124942699,+,PCPG,1510,TCGA-QR-A70M-01A,TCGA-QR-A70M-01A,1.0,0.0,0.0,0.0,0.0
10,113477276,+,10,113482416,-,PCPG,1511,TCGA-QR-A70M-01A,TCGA-QR-A70M-01A,1.0,0.0,0.0,0.0,0.0
11,54343282,-,11,54384715,+,PCPG,1512,TCGA-QR-A70M-01A,TCGA-QR-A70M-01A,1.0,0.0,0.0,0.0,0.0
11,73199292,-,16,12476119,-,PCPG,1513,TCGA-QR-A70M-01A,TCGA-QR-A70M-01A,1.0,0.0,0.0,0.0,0.0
15,18405904,+,15,19345165,-,PCPG,1514,TCGA-QR-A70M-01A,TCGA-QR-A70M-01A,1.0,0.0,0.0,0.0,0.0
16,34255928,-,16,36322513,+,PCPG,1515,TCGA-QR-A70M-01A,TCGA-QR-A70M-01A,1.0,0.0,0.0,0.0,0.0
3,75389838,-,3,130053988,+,PCPG,1516,TCGA-QR-A70M-01A,TCGA-QR-A70M-01A,1.0,0.0,0.0,0.0,0.0
4,39107307,+,6,28991404,-,PCPG,1517,TCGA-QR-A70M-01A,TCGA-QR-A70M-01A,1.0,0.0,0.0,0.0,0.0
5,49748107,+,5,49961476,-,PCPG,1518,TCGA-QR-A70M-01A,TCGA-QR-A70M-01A,1.0,0.0,0.0,0.0,0.0
7,95685812,+,23,104482574,-,PCPG,1519,TCGA-QR-A70M-01A,TCGA-QR-A70M-01A,1.0,0.0,0.0,0.0,0.0
8,87428306,-,18,43735296,+,PCPG,1520,TCGA-QR-A70M-01A,TCGA-QR-A70M-01A,1.0,0.0,0.0,0.0,0.0
9,36133040,-,11,55473153,+,PCPG,1521,TCGA-QR-A70M-01A,TCGA-QR-A70M-01A,1.0,0.0,0.0,0.0,0.0
9,88172829,+,18,5715211,+,PCPG,1522,TCGA-QR-A70M-01A,TCGA-QR-A70M-01A,1.0,0.0,0.0,0.0,0.0
1,123448433,-,1,123451105,+,PCPG,1523,TCGA-QR-A70N-01A,TCGA-QR-A70N-01A,1.0,0.0,0.0,0.0,0.0
1,123473893,-,1,123476238,+,PCPG,1524,TCGA-QR-A70N-01A,TCGA-QR-A70N-01A,1.0,0.0,0.0,0.0,0.0
1,123610380,-,1,123612718,+,PCPG,1525,TCGA-QR-A70N-01A,TCGA-QR-A70N-01A,1.0,0.0,0.0,0.0,0.0
1,123636566,-,1,123638007,+,PCPG,1526,TCGA-QR-A70N-01A,TCGA-QR-A70N-01A,1.0,0.0,0.0,0.0,0.0
1,123744197,-,1,123746729,+,PCPG,1527,TCGA-QR-A70N-01A,TCGA-QR-A70N-01A,1.0,0.0,0.0,0.0,0.0
1,123903475,-,1,123904619,+,PCPG,1528,TCGA-QR-A70N-01A,TCGA-QR-A70N-01A,1.0,0.0,0.0,0.0,0.0
1,124440978,-,1,124443670,+,PCPG,1529,TCGA-QR-A70N-01A,TCGA-QR-A70N-01A,1.0,0.0,0.0,0.0,0.0
10,39339739,-,10,39341781,+,PCPG,1530,TCGA-QR-A70N-01A,TCGA-QR-A70N-01A,1.0,0.0,0.0,0.0,0.0
10,40973505,-,10,40974671,+,PCPG,1531,TCGA-QR-A70N-01A,TCGA-QR-A70N-01A,1.0,0.0,0.0,0.0,0.0
10,41125331,-,10,41126655,+,PCPG,1532,TCGA-QR-A70N-01A,TCGA-QR-A70N-01A,1.0,0.0,0.0,0.0,0.0
12,34800250,+,12,34801507,-,PCPG,1533,TCGA-QR-A70N-01A,TCGA-QR-A70N-01A,1.0,0.0,0.0,0.0,0.0
13,16495435,-,13,16496962,+,PCPG,1534,TCGA-QR-A70N-01A,TCGA-QR-A70N-01A,1.0,0.0,0.0,0.0,0.0
13,16824767,-,13,17384764,+,PCPG,1535,TCGA-QR-A70N-01A,TCGA-QR-A70N-01A,1.0,0.0,0.0,0.0,0.0
13,17102265,-,13,17103563,+,PCPG,1536,TCGA-QR-A70N-01A,TCGA-QR-A70N-01A,1.0,0.0,0.0,0.0,0.0
13,17131267,-,13,17134076,+,PCPG,1537,TCGA-QR-A70N-01A,TCGA-QR-A70N-01A,1.0,0.0,0.0,0.0,0.0
13,17394111,-,13,17395674,+,PCPG,1538,TCGA-QR-A70N-01A,TCGA-QR-A70N-01A,1.0,0.0,0.0,0.0,0.0
15,17507030,+,15,17948807,-,PCPG,1539,TCGA-QR-A70N-01A,TCGA-QR-A70N-01A,1.0,0.0,0.0,0.0,0.0
15,19640062,-,15,19643059,+,PCPG,1540,TCGA-QR-A70N-01A,TCGA-QR-A70N-01A,1.0,0.0,0.0,0.0,0.0
18,15485142,+,18,15550202,-,PCPG,1541,TCGA-QR-A70N-01A,TCGA-QR-A70N-01A,1.0,0.0,0.0,0.0,0.0
18,16906631,-,18,16909053,+,PCPG,1542,TCGA-QR-A70N-01A,TCGA-QR-A70N-01A,1.0,0.0,0.0,0.0,0.0
2,157826475,-,12,65083811,-,PCPG,1543,TCGA-QR-A70N-01A,TCGA-QR-A70N-01A,1.0,0.0,0.0,0.0,0.0
2,216263191,-,9,134254572,+,PCPG,1544,TCGA-QR-A70N-01A,TCGA-QR-A70N-01A,1.0,0.0,0.0,0.0,0.0
20,25900148,+,20,30195587,-,PCPG,1545,TCGA-QR-A70N-01A,TCGA-QR-A70N-01A,1.0,0.0,0.0,0.0,0.0
3,76736238,-,12,40690548,-,PCPG,1546,TCGA-QR-A70N-01A,TCGA-QR-A70N-01A,1.0,0.0,0.0,0.0,0.0
3,90810007,-,3,90885698,+,PCPG,1547,TCGA-QR-A70N-01A,TCGA-QR-A70N-01A,1.0,0.0,0.0,0.0,0.0
3,91380254,-,6,57639504,-,PCPG,1548,TCGA-QR-A70N-01A,TCGA-QR-A70N-01A,1.0,0.0,0.0,0.0,0.0
5,46927465,+,5,47069011,+,PCPG,1549,TCGA-QR-A70N-01A,TCGA-QR-A70N-01A,1.0,0.0,0.0,0.0,0.0
5,121055425,-,13,46971544,-,PCPG,1550,TCGA-QR-A70N-01A,TCGA-QR-A70N-01A,1.0,0.0,0.0,0.0,0.0
6,57406057,+,6,60307392,-,PCPG,1551,TCGA-QR-A70N-01A,TCGA-QR-A70N-01A,1.0,0.0,0.0,0.0,0.0
7,10249474,-,8,134354125,+,PCPG,1552,TCGA-QR-A70N-01A,TCGA-QR-A70N-01A,1.0,0.0,0.0,0.0,0.0
7,61472541,+,7,61502683,-,PCPG,1553,TCGA-QR-A70N-01A,TCGA-QR-A70N-01A,1.0,0.0,0.0,0.0,0.0
9,65385216,-,9,65386535,+,PCPG,1554,TCGA-QR-A70N-01A,TCGA-QR-A70N-01A,1.0,0.0,0.0,0.0,0.0
1,42369186,+,4,92600073,-,PCPG,1555,TCGA-QR-A70O-01A,TCGA-QR-A70O-01A,1.0,0.0,0.0,0.0,0.0
10,117930922,+,11,44700708,+,PCPG,1556,TCGA-QR-A70O-01A,TCGA-QR-A70O-01A,1.0,0.0,0.0,0.0,0.0
11,131987890,-,11,131988058,+,PCPG,1557,TCGA-QR-A70O-01A,TCGA-QR-A70O-01A,1.0,0.0,0.0,0.0,0.0
13,18665206,-,21,13762177,+,PCPG,1558,TCGA-QR-A70O-01A,TCGA-QR-A70O-01A,1.0,0.0,0.0,0.0,0.0
16,34255936,-,16,36322601,+,PCPG,1559,TCGA-QR-A70O-01A,TCGA-QR-A70O-01A,1.0,0.0,0.0,0.0,0.0
18,15573616,-,18,15679484,+,PCPG,1560,TCGA-QR-A70O-01A,TCGA-QR-A70O-01A,1.0,0.0,0.0,0.0,0.0
18,15792078,+,18,19678172,-,PCPG,1561,TCGA-QR-A70O-01A,TCGA-QR-A70O-01A,1.0,0.0,0.0,0.0,0.0
18,20640260,-,18,20671541,+,PCPG,1562,TCGA-QR-A70O-01A,TCGA-QR-A70O-01A,1.0,0.0,0.0,0.0,0.0
2,66001255,+,17,31209402,+,PCPG,1563,TCGA-QR-A70O-01A,TCGA-QR-A70O-01A,1.0,0.0,0.0,0.0,0.0
2,66001261,-,17,31209326,-,PCPG,1564,TCGA-QR-A70O-01A,TCGA-QR-A70O-01A,1.0,0.0,0.0,0.0,0.0
2,73465024,-,4,108436963,-,PCPG,1565,TCGA-QR-A70O-01A,TCGA-QR-A70O-01A,1.0,0.0,0.0,0.0,0.0
20,29950670,+,20,30024563,-,PCPG,1566,TCGA-QR-A70O-01A,TCGA-QR-A70O-01A,1.0,0.0,0.0,0.0,0.0
22,35407219,-,22,46413302,+,PCPG,1567,TCGA-QR-A70O-01A,TCGA-QR-A70O-01A,1.0,0.0,0.0,0.0,0.0
22,35737663,+,22,47829544,+,PCPG,1568,TCGA-QR-A70O-01A,TCGA-QR-A70O-01A,1.0,0.0,0.0,0.0,0.0
22,42868461,-,22,48627066,+,PCPG,1569,TCGA-QR-A70O-01A,TCGA-QR-A70O-01A,1.0,0.0,0.0,0.0,0.0
22,42885717,+,22,47821820,-,PCPG,1570,TCGA-QR-A70O-01A,TCGA-QR-A70O-01A,1.0,0.0,0.0,0.0,0.0
22,42926167,-,22,47830781,-,PCPG,1571,TCGA-QR-A70O-01A,TCGA-QR-A70O-01A,1.0,0.0,0.0,0.0,0.0
22,43420347,+,22,48636426,-,PCPG,1572,TCGA-QR-A70O-01A,TCGA-QR-A70O-01A,1.0,0.0,0.0,0.0,0.0
22,44840073,-,22,50544240,-,PCPG,1573,TCGA-QR-A70O-01A,TCGA-QR-A70O-01A,1.0,0.0,0.0,0.0,0.0
22,47368229,-,22,48825816,-,PCPG,1574,TCGA-QR-A70O-01A,TCGA-QR-A70O-01A,1.0,0.0,0.0,0.0,0.0
22,47368420,-,22,50544070,+,PCPG,1575,TCGA-QR-A70O-01A,TCGA-QR-A70O-01A,1.0,0.0,0.0,0.0,0.0
22,47368967,+,22,47832194,+,PCPG,1576,TCGA-QR-A70O-01A,TCGA-QR-A70O-01A,1.0,0.0,0.0,0.0,0.0
22,47369011,-,22,47832597,-,PCPG,1577,TCGA-QR-A70O-01A,TCGA-QR-A70O-01A,1.0,0.0,0.0,0.0,0.0
22,48572332,+,22,48603076,-,PCPG,1578,TCGA-QR-A70O-01A,TCGA-QR-A70O-01A,1.0,0.0,0.0,0.0,0.0
22,48825783,-,22,50543710,-,PCPG,1579,TCGA-QR-A70O-01A,TCGA-QR-A70O-01A,1.0,0.0,0.0,0.0,0.0
3,3261022,-,3,15497165,-,PCPG,1580,TCGA-QR-A70O-01A,TCGA-QR-A70O-01A,1.0,0.0,0.0,0.0,0.0
3,5132593,+,22,48828867,+,PCPG,1581,TCGA-QR-A70O-01A,TCGA-QR-A70O-01A,1.0,0.0,0.0,0.0,0.0
3,9075391,+,17,29083557,+,PCPG,1582,TCGA-QR-A70O-01A,TCGA-QR-A70O-01A,1.0,0.0,0.0,0.0,0.0
3,59986280,-,9,74291837,-,PCPG,1583,TCGA-QR-A70O-01A,TCGA-QR-A70O-01A,1.0,0.0,0.0,0.0,0.0
3,128832348,-,5,18540787,-,PCPG,1584,TCGA-QR-A70O-01A,TCGA-QR-A70O-01A,1.0,0.0,0.0,0.0,0.0
3,195812424,-,3,195812620,+,PCPG,1585,TCGA-QR-A70O-01A,TCGA-QR-A70O-01A,1.0,0.0,0.0,0.0,0.0
4,49719538,-,4,51016863,+,PCPG,1586,TCGA-QR-A70O-01A,TCGA-QR-A70O-01A,1.0,0.0,0.0,0.0,0.0
4,49809950,+,4,50802532,-,PCPG,1587,TCGA-QR-A70O-01A,TCGA-QR-A70O-01A,1.0,0.0,0.0,0.0,0.0
4,79988243,-,7,22464964,+,PCPG,1588,TCGA-QR-A70O-01A,TCGA-QR-A70O-01A,1.0,0.0,0.0,0.0,0.0
5,47027058,-,5,47048758,+,PCPG,1589,TCGA-QR-A70O-01A,TCGA-QR-A70O-01A,1.0,0.0,0.0,0.0,0.0
5,49808428,+,5,49916021,-,PCPG,1590,TCGA-QR-A70O-01A,TCGA-QR-A70O-01A,1.0,0.0,0.0,0.0,0.0
5,164516657,+,5,164947288,-,PCPG,1591,TCGA-QR-A70O-01A,TCGA-QR-A70O-01A,1.0,0.0,0.0,0.0,0.0
6,39845403,+,18,58513234,+,PCPG,1592,TCGA-QR-A70O-01A,TCGA-QR-A70O-01A,1.0,0.0,0.0,0.0,0.0
6,111429666,+,6,158110862,-,PCPG,1593,TCGA-QR-A70O-01A,TCGA-QR-A70O-01A,1.0,0.0,0.0,0.0,0.0
7,137922472,-,11,13283898,-,PCPG,1594,TCGA-QR-A70O-01A,TCGA-QR-A70O-01A,1.0,0.0,0.0,0.0,0.0
9,80957967,+,12,4842014,-,PCPG,1595,TCGA-QR-A70O-01A,TCGA-QR-A70O-01A,1.0,0.0,0.0,0.0,0.0
23,54879033,-,23,54940326,-,PCPG,1596,TCGA-QR-A70O-01A,TCGA-QR-A70O-01A,1.0,0.0,0.0,0.0,0.0
1,122983121,-,1,122985840,+,PCPG,1597,TCGA-QR-A70P-01A,TCGA-QR-A70P-01A,1.0,0.0,0.0,0.0,0.0
1,122999031,-,1,123001420,+,PCPG,1598,TCGA-QR-A70P-01A,TCGA-QR-A70P-01A,1.0,0.0,0.0,0.0,0.0
1,124440780,-,1,124443875,+,PCPG,1599,TCGA-QR-A70P-01A,TCGA-QR-A70P-01A,1.0,0.0,0.0,0.0,0.0
1,242266617,-,10,38331938,-,PCPG,1600,TCGA-QR-A70P-01A,TCGA-QR-A70P-01A,1.0,0.0,0.0,0.0,0.0
17,22913263,-,17,23193234,+,PCPG,1601,TCGA-QR-A70P-01A,TCGA-QR-A70P-01A,1.0,0.0,0.0,0.0,0.0
18,18041425,+,18,18370884,-,PCPG,1602,TCGA-QR-A70P-01A,TCGA-QR-A70P-01A,1.0,0.0,0.0,0.0,0.0
18,23681400,-,20,22505259,-,PCPG,1603,TCGA-QR-A70P-01A,TCGA-QR-A70P-01A,1.0,0.0,0.0,0.0,0.0
3,60861247,+,9,83848535,+,PCPG,1604,TCGA-QR-A70P-01A,TCGA-QR-A70P-01A,1.0,0.0,0.0,0.0,0.0
3,77013189,+,3,84405996,-,PCPG,1605,TCGA-QR-A70P-01A,TCGA-QR-A70P-01A,1.0,0.0,0.0,0.0,0.0
3,91003600,-,3,91123640,+,PCPG,1606,TCGA-QR-A70P-01A,TCGA-QR-A70P-01A,1.0,0.0,0.0,0.0,0.0
4,6631973,+,13,89668745,-,PCPG,1607,TCGA-QR-A70P-01A,TCGA-QR-A70P-01A,1.0,0.0,0.0,0.0,0.0
5,12010576,-,5,45320907,+,PCPG,1608,TCGA-QR-A70P-01A,TCGA-QR-A70P-01A,1.0,0.0,0.0,0.0,0.0
5,12360163,+,5,45031832,-,PCPG,1609,TCGA-QR-A70P-01A,TCGA-QR-A70P-01A,1.0,0.0,0.0,0.0,0.0
5,141979983,+,5,141980943,-,PCPG,1610,TCGA-QR-A70P-01A,TCGA-QR-A70P-01A,1.0,0.0,0.0,0.0,0.0
6,3635109,-,9,21981195,+,PCPG,1611,TCGA-QR-A70P-01A,TCGA-QR-A70P-01A,1.0,0.0,0.0,0.0,0.0
7,117646079,-,7,117646220,+,PCPG,1612,TCGA-QR-A70P-01A,TCGA-QR-A70P-01A,1.0,0.0,0.0,0.0,0.0
23,89886829,-,24,3543987,+,PCPG,1613,TCGA-QR-A70P-01A,TCGA-QR-A70P-01A,1.0,0.0,0.0,0.0,0.0
1,10221034,+,18,25108310,-,PCPG,1614,TCGA-QR-A70Q-01A,TCGA-QR-A70Q-01A,1.0,0.0,0.0,0.0,0.0
1,45940691,-,6,17690271,-,PCPG,1615,TCGA-QR-A70Q-01A,TCGA-QR-A70Q-01A,1.0,0.0,0.0,0.0,0.0
1,229337709,-,10,102569192,+,PCPG,1616,TCGA-QR-A70Q-01A,TCGA-QR-A70Q-01A,1.0,0.0,0.0,0.0,0.0
10,73000262,-,17,1034425,-,PCPG,1617,TCGA-QR-A70Q-01A,TCGA-QR-A70Q-01A,1.0,0.0,0.0,0.0,0.0
17,1205019,-,17,2133873,-,PCPG,1618,TCGA-QR-A70Q-01A,TCGA-QR-A70Q-01A,1.0,0.0,0.0,0.0,0.0
17,1257770,+,17,10736059,+,PCPG,1619,TCGA-QR-A70Q-01A,TCGA-QR-A70Q-01A,1.0,0.0,0.0,0.0,0.0
17,1258739,-,17,28463272,-,PCPG,1620,TCGA-QR-A70Q-01A,TCGA-QR-A70Q-01A,1.0,0.0,0.0,0.0,0.0
17,2467267,+,17,31791604,-,PCPG,1621,TCGA-QR-A70Q-01A,TCGA-QR-A70Q-01A,1.0,0.0,0.0,0.0,0.0
17,7982134,-,17,58080524,-,PCPG,1622,TCGA-QR-A70Q-01A,TCGA-QR-A70Q-01A,1.0,0.0,0.0,0.0,0.0
17,8412768,-,17,58138366,+,PCPG,1623,TCGA-QR-A70Q-01A,TCGA-QR-A70Q-01A,1.0,0.0,0.0,0.0,0.0
17,28461879,+,17,30374587,+,PCPG,1624,TCGA-QR-A70Q-01A,TCGA-QR-A70Q-01A,1.0,0.0,0.0,0.0,0.0
17,30394821,-,17,57441257,+,PCPG,1625,TCGA-QR-A70Q-01A,TCGA-QR-A70Q-01A,1.0,0.0,0.0,0.0,0.0
17,31557300,+,17,31564883,-,PCPG,1626,TCGA-QR-A70Q-01A,TCGA-QR-A70Q-01A,1.0,0.0,0.0,0.0,0.0
17,31991820,+,18,72760329,+,PCPG,1627,TCGA-QR-A70Q-01A,TCGA-QR-A70Q-01A,1.0,0.0,0.0,0.0,0.0
17,44479261,+,22,48373991,+,PCPG,1628,TCGA-QR-A70Q-01A,TCGA-QR-A70Q-01A,1.0,0.0,0.0,0.0,0.0
17,44489245,-,17,53506518,+,PCPG,1629,TCGA-QR-A70Q-01A,TCGA-QR-A70Q-01A,1.0,0.0,0.0,0.0,0.0
17,46290545,-,18,23650174,-,PCPG,1630,TCGA-QR-A70Q-01A,TCGA-QR-A70Q-01A,1.0,0.0,0.0,0.0,0.0
17,47995108,+,18,56540442,+,PCPG,1631,TCGA-QR-A70Q-01A,TCGA-QR-A70Q-01A,1.0,0.0,0.0,0.0,0.0
17,48024177,-,18,71849118,+,PCPG,1632,TCGA-QR-A70Q-01A,TCGA-QR-A70Q-01A,1.0,0.0,0.0,0.0,0.0
17,52073378,+,22,45273847,+,PCPG,1633,TCGA-QR-A70Q-01A,TCGA-QR-A70Q-01A,1.0,0.0,0.0,0.0,0.0
17,52073999,-,18,59333383,-,PCPG,1634,TCGA-QR-A70Q-01A,TCGA-QR-A70Q-01A,1.0,0.0,0.0,0.0,0.0
17,57417034,-,18,77443943,-,PCPG,1635,TCGA-QR-A70Q-01A,TCGA-QR-A70Q-01A,1.0,0.0,0.0,0.0,0.0
17,58974872,+,17,59749012,-,PCPG,1636,TCGA-QR-A70Q-01A,TCGA-QR-A70Q-01A,1.0,0.0,0.0,0.0,0.0
17,61891911,+,18,60750022,+,PCPG,1637,TCGA-QR-A70Q-01A,TCGA-QR-A70Q-01A,1.0,0.0,0.0,0.0,0.0
17,63633948,-,19,5757499,-,PCPG,1638,TCGA-QR-A70Q-01A,TCGA-QR-A70Q-01A,1.0,0.0,0.0,0.0,0.0
18,6379379,+,18,8883542,-,PCPG,1639,TCGA-QR-A70Q-01A,TCGA-QR-A70Q-01A,1.0,0.0,0.0,0.0,0.0
18,6382494,-,18,37425807,+,PCPG,1640,TCGA-QR-A70Q-01A,TCGA-QR-A70Q-01A,1.0,0.0,0.0,0.0,0.0
18,8882596,+,18,9862429,+,PCPG,1641,TCGA-QR-A70Q-01A,TCGA-QR-A70Q-01A,1.0,0.0,0.0,0.0,0.0
18,35262512,-,18,75234975,+,PCPG,1642,TCGA-QR-A70Q-01A,TCGA-QR-A70Q-01A,1.0,0.0,0.0,0.0,0.0
18,54764411,-,22,44798425,+,PCPG,1643,TCGA-QR-A70Q-01A,TCGA-QR-A70Q-01A,1.0,0.0,0.0,0.0,0.0
18,64937666,-,18,69091666,-,PCPG,1644,TCGA-QR-A70Q-01A,TCGA-QR-A70Q-01A,1.0,0.0,0.0,0.0,0.0
19,4967235,+,22,34382591,-,PCPG,1645,TCGA-QR-A70Q-01A,TCGA-QR-A70Q-01A,1.0,0.0,0.0,0.0,0.0
20,29993821,-,20,30027601,+,PCPG,1646,TCGA-QR-A70Q-01A,TCGA-QR-A70Q-01A,1.0,0.0,0.0,0.0,0.0
22,16689057,+,22,33542242,-,PCPG,1647,TCGA-QR-A70Q-01A,TCGA-QR-A70Q-01A,1.0,0.0,0.0,0.0,0.0
22,34380420,+,22,44824191,-,PCPG,1648,TCGA-QR-A70Q-01A,TCGA-QR-A70Q-01A,1.0,0.0,0.0,0.0,0.0
5,175910549,+,5,177928907,+,PCPG,1649,TCGA-QR-A70Q-01A,TCGA-QR-A70Q-01A,1.0,0.0,0.0,0.0,0.0
7,11444944,+,18,25100800,+,PCPG,1650,TCGA-QR-A70Q-01A,TCGA-QR-A70Q-01A,1.0,0.0,0.0,0.0,0.0
7,14714288,-,22,48379879,-,PCPG,1651,TCGA-QR-A70Q-01A,TCGA-QR-A70Q-01A,1.0,0.0,0.0,0.0,0.0
7,61384080,-,7,61422385,+,PCPG,1652,TCGA-QR-A70Q-01A,TCGA-QR-A70Q-01A,1.0,0.0,0.0,0.0,0.0
7,152392412,-,21,10419015,-,PCPG,1653,TCGA-QR-A70Q-01A,TCGA-QR-A70Q-01A,1.0,0.0,0.0,0.0,0.0
8,32516419,+,8,32517117,-,PCPG,1654,TCGA-QR-A70Q-01A,TCGA-QR-A70Q-01A,1.0,0.0,0.0,0.0,0.0
10,78187195,-,10,78194967,+,PCPG,1655,TCGA-QR-A70R-01A,TCGA-QR-A70R-01A,1.0,0.0,0.0,0.0,0.0
11,54345169,-,11,54419985,+,PCPG,1656,TCGA-QR-A70R-01A,TCGA-QR-A70R-01A,1.0,0.0,0.0,0.0,0.0
11,54359669,-,11,54384691,+,PCPG,1657,TCGA-QR-A70R-01A,TCGA-QR-A70R-01A,1.0,0.0,0.0,0.0,0.0
12,36005786,-,12,36500424,+,PCPG,1658,TCGA-QR-A70R-01A,TCGA-QR-A70R-01A,1.0,0.0,0.0,0.0,0.0
15,25027068,+,15,25148238,-,PCPG,1659,TCGA-QR-A70R-01A,TCGA-QR-A70R-01A,1.0,0.0,0.0,0.0,0.0
17,22820243,+,17,23086854,-,PCPG,1660,TCGA-QR-A70R-01A,TCGA-QR-A70R-01A,1.0,0.0,0.0,0.0,0.0
2,92867040,-,2,93142173,+,PCPG,1661,TCGA-QR-A70R-01A,TCGA-QR-A70R-01A,1.0,0.0,0.0,0.0,0.0
3,90721346,-,3,91138242,-,PCPG,1662,TCGA-QR-A70R-01A,TCGA-QR-A70R-01A,1.0,0.0,0.0,0.0,0.0
5,49671833,+,5,49694458,-,PCPG,1663,TCGA-QR-A70R-01A,TCGA-QR-A70R-01A,1.0,0.0,0.0,0.0,0.0
6,59259800,+,6,59365974,-,PCPG,1664,TCGA-QR-A70R-01A,TCGA-QR-A70R-01A,1.0,0.0,0.0,0.0,0.0
7,142042835,+,7,142043429,-,PCPG,1665,TCGA-QR-A70R-01A,TCGA-QR-A70R-01A,1.0,0.0,0.0,0.0,0.0
9,42662136,-,9,62469615,+,PCPG,1666,TCGA-QR-A70R-01A,TCGA-QR-A70R-01A,1.0,0.0,0.0,0.0,0.0
23,94747615,+,24,12257167,+,PCPG,1667,TCGA-QR-A70R-01A,TCGA-QR-A70R-01A,1.0,0.0,0.0,0.0,0.0
1,47890960,-,20,41889493,+,PCPG,1668,TCGA-QR-A70U-01A,TCGA-QR-A70U-01A,1.0,0.0,0.0,0.0,0.0
1,124977944,+,1,124982327,+,PCPG,1669,TCGA-QR-A70U-01A,TCGA-QR-A70U-01A,1.0,0.0,0.0,0.0,0.0
1,195220512,-,5,31422072,+,PCPG,1670,TCGA-QR-A70U-01A,TCGA-QR-A70U-01A,1.0,0.0,0.0,0.0,0.0
11,55664076,-,11,55678392,+,PCPG,1671,TCGA-QR-A70U-01A,TCGA-QR-A70U-01A,1.0,0.0,0.0,0.0,0.0
12,60852614,-,13,106967851,+,PCPG,1672,TCGA-QR-A70U-01A,TCGA-QR-A70U-01A,1.0,0.0,0.0,0.0,0.0
13,16385938,-,13,16671985,+,PCPG,1673,TCGA-QR-A70U-01A,TCGA-QR-A70U-01A,1.0,0.0,0.0,0.0,0.0
13,98406362,-,13,98437393,+,PCPG,1674,TCGA-QR-A70U-01A,TCGA-QR-A70U-01A,1.0,0.0,0.0,0.0,0.0
16,36343526,+,16,36348156,-,PCPG,1675,TCGA-QR-A70U-01A,TCGA-QR-A70U-01A,1.0,0.0,0.0,0.0,0.0
17,382508,+,17,15336365,-,PCPG,1676,TCGA-QR-A70U-01A,TCGA-QR-A70U-01A,1.0,0.0,0.0,0.0,0.0
20,41887552,-,20,41912618,+,PCPG,1677,TCGA-QR-A70U-01A,TCGA-QR-A70U-01A,1.0,0.0,0.0,0.0,0.0
3,44514994,-,22,42293127,-,PCPG,1678,TCGA-QR-A70U-01A,TCGA-QR-A70U-01A,1.0,0.0,0.0,0.0,0.0
3,44696724,+,22,42477450,+,PCPG,1679,TCGA-QR-A70U-01A,TCGA-QR-A70U-01A,1.0,0.0,0.0,0.0,0.0
3,56817799,-,3,57013927,+,PCPG,1680,TCGA-QR-A70U-01A,TCGA-QR-A70U-01A,1.0,0.0,0.0,0.0,0.0
3,178496741,-,5,124907051,-,PCPG,1681,TCGA-QR-A70U-01A,TCGA-QR-A70U-01A,1.0,0.0,0.0,0.0,0.0
5,20376034,+,9,2271705,-,PCPG,1682,TCGA-QR-A70U-01A,TCGA-QR-A70U-01A,1.0,0.0,0.0,0.0,0.0
7,23567935,+,19,47342444,-,PCPG,1683,TCGA-QR-A70U-01A,TCGA-QR-A70U-01A,1.0,0.0,0.0,0.0,0.0
7,37127548,+,7,132427079,-,PCPG,1684,TCGA-QR-A70U-01A,TCGA-QR-A70U-01A,1.0,0.0,0.0,0.0,0.0
9,61459050,-,13,78150709,+,PCPG,1685,TCGA-QR-A70U-01A,TCGA-QR-A70U-01A,1.0,0.0,0.0,0.0,0.0
1,28742309,-,1,28940361,+,PCPG,1686,TCGA-QR-A70V-01A,TCGA-QR-A70V-01A,1.0,0.0,0.0,0.0,0.0
1,175101269,+,1,175107916,-,PCPG,1687,TCGA-QR-A70V-01A,TCGA-QR-A70V-01A,1.0,0.0,0.0,0.0,0.0
1,220582381,-,1,220812929,+,PCPG,1688,TCGA-QR-A70V-01A,TCGA-QR-A70V-01A,1.0,0.0,0.0,0.0,0.0
1,233075697,-,9,129684459,+,PCPG,1689,TCGA-QR-A70V-01A,TCGA-QR-A70V-01A,1.0,0.0,0.0,0.0,0.0
10,31465422,-,10,31756317,+,PCPG,1690,TCGA-QR-A70V-01A,TCGA-QR-A70V-01A,1.0,0.0,0.0,0.0,0.0
10,103342229,-,10,103614626,+,PCPG,1691,TCGA-QR-A70V-01A,TCGA-QR-A70V-01A,1.0,0.0,0.0,0.0,0.0
11,47646564,+,11,47647416,-,PCPG,1692,TCGA-QR-A70V-01A,TCGA-QR-A70V-01A,1.0,0.0,0.0,0.0,0.0
12,45899650,+,18,33306260,-,PCPG,1693,TCGA-QR-A70V-01A,TCGA-QR-A70V-01A,1.0,0.0,0.0,0.0,0.0
13,16935901,+,13,17354147,-,PCPG,1694,TCGA-QR-A70V-01A,TCGA-QR-A70V-01A,1.0,0.0,0.0,0.0,0.0
14,49556091,-,15,82569334,-,PCPG,1695,TCGA-QR-A70V-01A,TCGA-QR-A70V-01A,1.0,0.0,0.0,0.0,0.0
14,49790554,+,15,82803843,+,PCPG,1696,TCGA-QR-A70V-01A,TCGA-QR-A70V-01A,1.0,0.0,0.0,0.0,0.0
15,17499299,-,15,18351634,+,PCPG,1697,TCGA-QR-A70V-01A,TCGA-QR-A70V-01A,1.0,0.0,0.0,0.0,0.0
17,23028461,-,17,23043121,+,PCPG,1698,TCGA-QR-A70V-01A,TCGA-QR-A70V-01A,1.0,0.0,0.0,0.0,0.0
19,1156082,+,19,1156827,-,PCPG,1699,TCGA-QR-A70V-01A,TCGA-QR-A70V-01A,1.0,0.0,0.0,0.0,0.0
2,231035735,-,2,231333279,+,PCPG,1700,TCGA-QR-A70V-01A,TCGA-QR-A70V-01A,1.0,0.0,0.0,0.0,0.0
20,64036019,-,20,64137382,+,PCPG,1701,TCGA-QR-A70V-01A,TCGA-QR-A70V-01A,1.0,0.0,0.0,0.0,0.0
3,49202791,+,3,49404304,+,PCPG,1702,TCGA-QR-A70V-01A,TCGA-QR-A70V-01A,1.0,0.0,0.0,0.0,0.0
3,90832416,-,3,91153554,+,PCPG,1703,TCGA-QR-A70V-01A,TCGA-QR-A70V-01A,1.0,0.0,0.0,0.0,0.0
3,114931245,-,3,115255023,+,PCPG,1704,TCGA-QR-A70V-01A,TCGA-QR-A70V-01A,1.0,0.0,0.0,0.0,0.0
3,127244995,+,17,45255131,-,PCPG,1705,TCGA-QR-A70V-01A,TCGA-QR-A70V-01A,1.0,0.0,0.0,0.0,0.0
4,3334385,-,4,3584019,+,PCPG,1706,TCGA-QR-A70V-01A,TCGA-QR-A70V-01A,1.0,0.0,0.0,0.0,0.0
4,7180631,+,5,84371495,+,PCPG,1707,TCGA-QR-A70V-01A,TCGA-QR-A70V-01A,1.0,0.0,0.0,0.0,0.0
5,81759588,-,5,82117409,+,PCPG,1708,TCGA-QR-A70V-01A,TCGA-QR-A70V-01A,1.0,0.0,0.0,0.0,0.0
6,51690176,-,6,51699909,+,PCPG,1709,TCGA-QR-A70V-01A,TCGA-QR-A70V-01A,1.0,0.0,0.0,0.0,0.0
7,137722955,-,7,137973498,+,PCPG,1710,TCGA-QR-A70V-01A,TCGA-QR-A70V-01A,1.0,0.0,0.0,0.0,0.0
7,154466554,-,10,89613439,+,PCPG,1711,TCGA-QR-A70V-01A,TCGA-QR-A70V-01A,1.0,0.0,0.0,0.0,0.0
7,154696690,+,10,89316157,-,PCPG,1712,TCGA-QR-A70V-01A,TCGA-QR-A70V-01A,1.0,0.0,0.0,0.0,0.0
23,3036700,+,23,63625865,+,PCPG,1713,TCGA-QR-A70V-01A,TCGA-QR-A70V-01A,1.0,0.0,0.0,0.0,0.0
23,148798010,+,23,148798746,-,PCPG,1714,TCGA-QR-A70V-01A,TCGA-QR-A70V-01A,1.0,0.0,0.0,0.0,0.0
1,119765918,+,1,119766159,+,PCPG,1715,TCGA-QR-A70W-01A,TCGA-QR-A70W-01A,1.0,0.0,0.0,0.0,0.0
1,119766012,-,1,120333202,+,PCPG,1716,TCGA-QR-A70W-01A,TCGA-QR-A70W-01A,1.0,0.0,0.0,0.0,0.0
1,119766013,-,1,120333475,+,PCPG,1717,TCGA-QR-A70W-01A,TCGA-QR-A70W-01A,1.0,0.0,0.0,0.0,0.0
13,17489647,-,13,17980743,+,PCPG,1718,TCGA-QR-A70W-01A,TCGA-QR-A70W-01A,1.0,0.0,0.0,0.0,0.0
13,35322064,-,22,42074434,-,PCPG,1719,TCGA-QR-A70W-01A,TCGA-QR-A70W-01A,1.0,0.0,0.0,0.0,0.0
13,35382079,+,22,42074930,+,PCPG,1720,TCGA-QR-A70W-01A,TCGA-QR-A70W-01A,1.0,0.0,0.0,0.0,0.0
14,92791088,-,14,92987909,+,PCPG,1721,TCGA-QR-A70W-01A,TCGA-QR-A70W-01A,1.0,0.0,0.0,0.0,0.0
16,11592264,-,16,11718720,+,PCPG,1722,TCGA-QR-A70W-01A,TCGA-QR-A70W-01A,1.0,0.0,0.0,0.0,0.0
17,30192911,-,17,30406904,+,PCPG,1723,TCGA-QR-A70W-01A,TCGA-QR-A70W-01A,1.0,0.0,0.0,0.0,0.0
17,61057320,-,17,61153790,+,PCPG,1724,TCGA-QR-A70W-01A,TCGA-QR-A70W-01A,1.0,0.0,0.0,0.0,0.0
18,15580218,+,18,15685697,-,PCPG,1725,TCGA-QR-A70W-01A,TCGA-QR-A70W-01A,1.0,0.0,0.0,0.0,0.0
2,93077816,+,2,93442097,-,PCPG,1726,TCGA-QR-A70W-01A,TCGA-QR-A70W-01A,1.0,0.0,0.0,0.0,0.0
22,42054489,-,22,42078571,+,PCPG,1727,TCGA-QR-A70W-01A,TCGA-QR-A70W-01A,1.0,0.0,0.0,0.0,0.0
3,93781015,+,9,40542574,+,PCPG,1728,TCGA-QR-A70W-01A,TCGA-QR-A70W-01A,1.0,0.0,0.0,0.0,0.0
3,157972142,-,5,18435591,+,PCPG,1729,TCGA-QR-A70W-01A,TCGA-QR-A70W-01A,1.0,0.0,0.0,0.0,0.0
6,28055405,-,6,81255564,+,PCPG,1730,TCGA-QR-A70W-01A,TCGA-QR-A70W-01A,1.0,0.0,0.0,0.0,0.0
7,47672690,-,7,47867598,+,PCPG,1731,TCGA-QR-A70W-01A,TCGA-QR-A70W-01A,1.0,0.0,0.0,0.0,0.0
7,92552121,-,16,64162381,+,PCPG,1732,TCGA-QR-A70W-01A,TCGA-QR-A70W-01A,1.0,0.0,0.0,0.0,0.0
23,67686048,+,23,67686845,-,PCPG,1733,TCGA-QR-A70W-01A,TCGA-QR-A70W-01A,1.0,0.0,0.0,0.0,0.0
1,91862153,+,16,58616358,-,PCPG,1734,TCGA-QR-A70X-01A,TCGA-QR-A70X-01A,1.0,0.0,0.0,0.0,0.0
1,101496942,-,8,133313068,+,PCPG,1735,TCGA-QR-A70X-01A,TCGA-QR-A70X-01A,1.0,0.0,0.0,0.0,0.0
1,114419671,-,1,154971243,+,PCPG,1736,TCGA-QR-A70X-01A,TCGA-QR-A70X-01A,1.0,0.0,0.0,0.0,0.0
1,123294636,-,1,123295316,+,PCPG,1737,TCGA-QR-A70X-01A,TCGA-QR-A70X-01A,1.0,0.0,0.0,0.0,0.0
1,123460494,-,1,123461199,+,PCPG,1738,TCGA-QR-A70X-01A,TCGA-QR-A70X-01A,1.0,0.0,0.0,0.0,0.0
1,123908108,-,1,123908863,+,PCPG,1739,TCGA-QR-A70X-01A,TCGA-QR-A70X-01A,1.0,0.0,0.0,0.0,0.0
1,124149548,-,1,124150379,+,PCPG,1740,TCGA-QR-A70X-01A,TCGA-QR-A70X-01A,1.0,0.0,0.0,0.0,0.0
1,124243335,-,1,124244030,+,PCPG,1741,TCGA-QR-A70X-01A,TCGA-QR-A70X-01A,1.0,0.0,0.0,0.0,0.0
1,235223350,-,9,21980965,-,PCPG,1742,TCGA-QR-A70X-01A,TCGA-QR-A70X-01A,1.0,0.0,0.0,0.0,0.0
10,39688689,+,10,39893254,-,PCPG,1743,TCGA-QR-A70X-01A,TCGA-QR-A70X-01A,1.0,0.0,0.0,0.0,0.0
10,130328847,+,14,90340600,-,PCPG,1744,TCGA-QR-A70X-01A,TCGA-QR-A70X-01A,1.0,0.0,0.0,0.0,0.0
11,47638559,-,14,68794654,-,PCPG,1745,TCGA-QR-A70X-01A,TCGA-QR-A70X-01A,1.0,0.0,0.0,0.0,0.0
11,50758234,-,23,62617881,-,PCPG,1746,TCGA-QR-A70X-01A,TCGA-QR-A70X-01A,1.0,0.0,0.0,0.0,0.0
13,39369568,-,23,134515402,-,PCPG,1747,TCGA-QR-A70X-01A,TCGA-QR-A70X-01A,1.0,0.0,0.0,0.0,0.0
17,22367484,-,20,29684567,+,PCPG,1748,TCGA-QR-A70X-01A,TCGA-QR-A70X-01A,1.0,0.0,0.0,0.0,0.0
18,15593381,+,18,15757583,-,PCPG,1749,TCGA-QR-A70X-01A,TCGA-QR-A70X-01A,1.0,0.0,0.0,0.0,0.0
2,211773380,-,17,3367644,-,PCPG,1750,TCGA-QR-A70X-01A,TCGA-QR-A70X-01A,1.0,0.0,0.0,0.0,0.0
20,26464911,-,20,26516199,+,PCPG,1751,TCGA-QR-A70X-01A,TCGA-QR-A70X-01A,1.0,0.0,0.0,0.0,0.0
3,91157063,-,3,91281806,-,PCPG,1752,TCGA-QR-A70X-01A,TCGA-QR-A70X-01A,1.0,0.0,0.0,0.0,0.0
3,108449380,+,9,121285194,-,PCPG,1753,TCGA-QR-A70X-01A,TCGA-QR-A70X-01A,1.0,0.0,0.0,0.0,0.0
3,176752004,+,10,72805212,+,PCPG,1754,TCGA-QR-A70X-01A,TCGA-QR-A70X-01A,1.0,0.0,0.0,0.0,0.0
3,178012691,-,7,134119160,+,PCPG,1755,TCGA-QR-A70X-01A,TCGA-QR-A70X-01A,1.0,0.0,0.0,0.0,0.0
3,178194632,+,7,133980897,-,PCPG,1756,TCGA-QR-A70X-01A,TCGA-QR-A70X-01A,1.0,0.0,0.0,0.0,0.0
4,48659923,-,20,48610814,-,PCPG,1757,TCGA-QR-A70X-01A,TCGA-QR-A70X-01A,1.0,0.0,0.0,0.0,0.0
5,7264173,+,5,7269393,-,PCPG,1758,TCGA-QR-A70X-01A,TCGA-QR-A70X-01A,1.0,0.0,0.0,0.0,0.0
5,46658725,-,12,37284222,+,PCPG,1759,TCGA-QR-A70X-01A,TCGA-QR-A70X-01A,1.0,0.0,0.0,0.0,0.0
5,49733437,-,5,49969344,+,PCPG,1760,TCGA-QR-A70X-01A,TCGA-QR-A70X-01A,1.0,0.0,0.0,0.0,0.0
5,143461822,+,20,22505482,-,PCPG,1761,TCGA-QR-A70X-01A,TCGA-QR-A70X-01A,1.0,0.0,0.0,0.0,0.0
6,17205471,-,22,44330724,-,PCPG,1762,TCGA-QR-A70X-01A,TCGA-QR-A70X-01A,1.0,0.0,0.0,0.0,0.0
6,110266273,-,6,110458537,+,PCPG,1763,TCGA-QR-A70X-01A,TCGA-QR-A70X-01A,1.0,0.0,0.0,0.0,0.0
7,30895534,-,7,31041782,+,PCPG,1764,TCGA-QR-A70X-01A,TCGA-QR-A70X-01A,1.0,0.0,0.0,0.0,0.0
7,137249612,-,7,137563924,+,PCPG,1765,TCGA-QR-A70X-01A,TCGA-QR-A70X-01A,1.0,0.0,0.0,0.0,0.0
8,66828999,+,8,95493192,+,PCPG,1766,TCGA-QR-A70X-01A,TCGA-QR-A70X-01A,1.0,0.0,0.0,0.0,0.0
9,44475160,-,9,44652059,+,PCPG,1767,TCGA-QR-A70X-01A,TCGA-QR-A70X-01A,1.0,0.0,0.0,0.0,0.0
9,132927287,-,10,28348988,+,PCPG,1768,TCGA-QR-A70X-01A,TCGA-QR-A70X-01A,1.0,0.0,0.0,0.0,0.0
23,63625495,-,23,116863953,-,PCPG,1769,TCGA-QR-A70X-01A,TCGA-QR-A70X-01A,1.0,0.0,0.0,0.0,0.0
1,7310616,+,6,25265810,+,PCPG,1770,TCGA-QR-A7IN-01A,TCGA-QR-A7IN-01A,1.0,0.0,0.0,0.0,0.0
1,33126853,-,1,33290110,+,PCPG,1771,TCGA-QR-A7IN-01A,TCGA-QR-A7IN-01A,1.0,0.0,0.0,0.0,0.0
1,113139824,-,1,113306993,+,PCPG,1772,TCGA-QR-A7IN-01A,TCGA-QR-A7IN-01A,1.0,0.0,0.0,0.0,0.0
11,17984455,-,11,43921309,-,PCPG,1773,TCGA-QR-A7IN-01A,TCGA-QR-A7IN-01A,1.0,0.0,0.0,0.0,0.0
11,18136359,+,15,40218272,-,PCPG,1774,TCGA-QR-A7IN-01A,TCGA-QR-A7IN-01A,1.0,0.0,0.0,0.0,0.0
11,40898972,-,11,44052023,+,PCPG,1775,TCGA-QR-A7IN-01A,TCGA-QR-A7IN-01A,1.0,0.0,0.0,0.0,0.0
11,41032364,+,11,41325291,-,PCPG,1776,TCGA-QR-A7IN-01A,TCGA-QR-A7IN-01A,1.0,0.0,0.0,0.0,0.0
11,50741991,-,19,27398078,-,PCPG,1777,TCGA-QR-A7IN-01A,TCGA-QR-A7IN-01A,1.0,0.0,0.0,0.0,0.0
11,83882622,-,11,84053507,+,PCPG,1778,TCGA-QR-A7IN-01A,TCGA-QR-A7IN-01A,1.0,0.0,0.0,0.0,0.0
13,16290670,-,13,16679250,+,PCPG,1779,TCGA-QR-A7IN-01A,TCGA-QR-A7IN-01A,1.0,0.0,0.0,0.0,0.0
13,33405550,-,13,33569323,+,PCPG,1780,TCGA-QR-A7IN-01A,TCGA-QR-A7IN-01A,1.0,0.0,0.0,0.0,0.0
13,83717117,-,18,21434500,+,PCPG,1781,TCGA-QR-A7IN-01A,TCGA-QR-A7IN-01A,1.0,0.0,0.0,0.0,0.0
14,61016367,+,14,61025372,+,PCPG,1782,TCGA-QR-A7IN-01A,TCGA-QR-A7IN-01A,1.0,0.0,0.0,0.0,0.0
14,61016827,-,14,87947658,-,PCPG,1783,TCGA-QR-A7IN-01A,TCGA-QR-A7IN-01A,1.0,0.0,0.0,0.0,0.0
14,61087648,-,14,87947807,-,PCPG,1784,TCGA-QR-A7IN-01A,TCGA-QR-A7IN-01A,1.0,0.0,0.0,0.0,0.0
14,102094595,-,15,77185769,+,PCPG,1785,TCGA-QR-A7IN-01A,TCGA-QR-A7IN-01A,1.0,0.0,0.0,0.0,0.0
15,20291188,-,15,31556867,+,PCPG,1786,TCGA-QR-A7IN-01A,TCGA-QR-A7IN-01A,1.0,0.0,0.0,0.0,0.0
15,24778763,-,15,26363309,-,PCPG,1787,TCGA-QR-A7IN-01A,TCGA-QR-A7IN-01A,1.0,0.0,0.0,0.0,0.0
15,25721019,+,15,26791672,-,PCPG,1788,TCGA-QR-A7IN-01A,TCGA-QR-A7IN-01A,1.0,0.0,0.0,0.0,0.0
15,25940638,+,15,26311557,+,PCPG,1789,TCGA-QR-A7IN-01A,TCGA-QR-A7IN-01A,1.0,0.0,0.0,0.0,0.0
15,26074963,-,15,26308841,-,PCPG,1790,TCGA-QR-A7IN-01A,TCGA-QR-A7IN-01A,1.0,0.0,0.0,0.0,0.0
15,26790902,+,15,37087185,+,PCPG,1791,TCGA-QR-A7IN-01A,TCGA-QR-A7IN-01A,1.0,0.0,0.0,0.0,0.0
15,35952565,-,15,35997433,-,PCPG,1792,TCGA-QR-A7IN-01A,TCGA-QR-A7IN-01A,1.0,0.0,0.0,0.0,0.0
15,37020301,+,15,37146948,-,PCPG,1793,TCGA-QR-A7IN-01A,TCGA-QR-A7IN-01A,1.0,0.0,0.0,0.0,0.0
15,37340066,-,15,37637982,+,PCPG,1794,TCGA-QR-A7IN-01A,TCGA-QR-A7IN-01A,1.0,0.0,0.0,0.0,0.0
17,23068318,-,17,23102801,+,PCPG,1795,TCGA-QR-A7IN-01A,TCGA-QR-A7IN-01A,1.0,0.0,0.0,0.0,0.0
17,26566035,-,17,26572519,+,PCPG,1796,TCGA-QR-A7IN-01A,TCGA-QR-A7IN-01A,1.0,0.0,0.0,0.0,0.0
18,15802835,-,18,17785063,+,PCPG,1797,TCGA-QR-A7IN-01A,TCGA-QR-A7IN-01A,1.0,0.0,0.0,0.0,0.0
2,50734306,-,6,79733746,+,PCPG,1798,TCGA-QR-A7IN-01A,TCGA-QR-A7IN-01A,1.0,0.0,0.0,0.0,0.0
2,50734576,+,6,75302939,-,PCPG,1799,TCGA-QR-A7IN-01A,TCGA-QR-A7IN-01A,1.0,0.0,0.0,0.0,0.0
2,162344083,-,2,162507186,+,PCPG,1800,TCGA-QR-A7IN-01A,TCGA-QR-A7IN-01A,1.0,0.0,0.0,0.0,0.0
2,216263163,-,9,134254553,+,PCPG,1801,TCGA-QR-A7IN-01A,TCGA-QR-A7IN-01A,1.0,0.0,0.0,0.0,0.0
22,15948532,+,22,15950536,-,PCPG,1802,TCGA-QR-A7IN-01A,TCGA-QR-A7IN-01A,1.0,0.0,0.0,0.0,0.0
3,91113658,-,3,91221052,+,PCPG,1803,TCGA-QR-A7IN-01A,TCGA-QR-A7IN-01A,1.0,0.0,0.0,0.0,0.0
3,115426195,-,8,56858409,+,PCPG,1804,TCGA-QR-A7IN-01A,TCGA-QR-A7IN-01A,1.0,0.0,0.0,0.0,0.0
3,115426583,+,8,56714945,-,PCPG,1805,TCGA-QR-A7IN-01A,TCGA-QR-A7IN-01A,1.0,0.0,0.0,0.0,0.0
4,48923722,+,6,64389865,+,PCPG,1806,TCGA-QR-A7IN-01A,TCGA-QR-A7IN-01A,1.0,0.0,0.0,0.0,0.0
4,156847741,-,9,95621181,-,PCPG,1807,TCGA-QR-A7IN-01A,TCGA-QR-A7IN-01A,1.0,0.0,0.0,0.0,0.0
5,49786404,+,5,49889788,-,PCPG,1808,TCGA-QR-A7IN-01A,TCGA-QR-A7IN-01A,1.0,0.0,0.0,0.0,0.0
5,127309997,+,9,38538898,+,PCPG,1809,TCGA-QR-A7IN-01A,TCGA-QR-A7IN-01A,1.0,0.0,0.0,0.0,0.0
6,2940583,-,6,2940697,+,PCPG,1810,TCGA-QR-A7IN-01A,TCGA-QR-A7IN-01A,1.0,0.0,0.0,0.0,0.0
6,75302898,-,6,79733970,+,PCPG,1811,TCGA-QR-A7IN-01A,TCGA-QR-A7IN-01A,1.0,0.0,0.0,0.0,0.0
6,75302940,-,6,79733744,+,PCPG,1812,TCGA-QR-A7IN-01A,TCGA-QR-A7IN-01A,1.0,0.0,0.0,0.0,0.0
6,75451532,+,6,79652085,-,PCPG,1813,TCGA-QR-A7IN-01A,TCGA-QR-A7IN-01A,1.0,0.0,0.0,0.0,0.0
7,58182778,-,7,58185042,+,PCPG,1814,TCGA-QR-A7IN-01A,TCGA-QR-A7IN-01A,1.0,0.0,0.0,0.0,0.0
8,31968613,-,8,32043978,+,PCPG,1815,TCGA-QR-A7IN-01A,TCGA-QR-A7IN-01A,1.0,0.0,0.0,0.0,0.0
8,56714945,-,8,56858409,+,PCPG,1816,TCGA-QR-A7IN-01A,TCGA-QR-A7IN-01A,1.0,0.0,0.0,0.0,0.0
8,138732910,-,8,138906192,+,PCPG,1817,TCGA-QR-A7IN-01A,TCGA-QR-A7IN-01A,1.0,0.0,0.0,0.0,0.0
9,43532661,-,9,43534076,+,PCPG,1818,TCGA-QR-A7IN-01A,TCGA-QR-A7IN-01A,1.0,0.0,0.0,0.0,0.0
23,53206777,-,23,83201096,+,PCPG,1819,TCGA-QR-A7IN-01A,TCGA-QR-A7IN-01A,1.0,0.0,0.0,0.0,0.0
1,40677166,+,1,42863694,-,PCPG,1820,TCGA-QT-A5XJ-01A,TCGA-QT-A5XJ-01A,1.0,0.0,0.0,0.0,0.0
1,40677408,+,4,151105377,+,PCPG,1821,TCGA-QT-A5XJ-01A,TCGA-QT-A5XJ-01A,1.0,0.0,0.0,0.0,0.0
1,40677437,-,4,151105377,+,PCPG,1822,TCGA-QT-A5XJ-01A,TCGA-QT-A5XJ-01A,1.0,0.0,0.0,0.0,0.0
1,40689399,+,4,153216370,-,PCPG,1823,TCGA-QT-A5XJ-01A,TCGA-QT-A5XJ-01A,1.0,0.0,0.0,0.0,0.0
1,42935722,+,1,118631000,-,PCPG,1824,TCGA-QT-A5XJ-01A,TCGA-QT-A5XJ-01A,1.0,0.0,0.0,0.0,0.0
1,43538142,-,1,118634118,+,PCPG,1825,TCGA-QT-A5XJ-01A,TCGA-QT-A5XJ-01A,1.0,0.0,0.0,0.0,0.0
1,43555536,+,4,151166907,-,PCPG,1826,TCGA-QT-A5XJ-01A,TCGA-QT-A5XJ-01A,1.0,0.0,0.0,0.0,0.0
1,70931593,+,22,17979368,-,PCPG,1827,TCGA-QT-A5XJ-01A,TCGA-QT-A5XJ-01A,1.0,0.0,0.0,0.0,0.0
1,118635302,-,9,14563575,-,PCPG,1828,TCGA-QT-A5XJ-01A,TCGA-QT-A5XJ-01A,1.0,0.0,0.0,0.0,0.0
1,122718868,+,1,123496640,-,PCPG,1829,TCGA-QT-A5XJ-01A,TCGA-QT-A5XJ-01A,1.0,0.0,0.0,0.0,0.0
1,123917543,+,1,124698251,-,PCPG,1830,TCGA-QT-A5XJ-01A,TCGA-QT-A5XJ-01A,1.0,0.0,0.0,0.0,0.0
1,124808885,-,1,124837860,+,PCPG,1831,TCGA-QT-A5XJ-01A,TCGA-QT-A5XJ-01A,1.0,0.0,0.0,0.0,0.0
1,172694822,-,5,167640906,+,PCPG,1832,TCGA-QT-A5XJ-01A,TCGA-QT-A5XJ-01A,1.0,0.0,0.0,0.0,0.0
10,54406221,-,17,27140584,+,PCPG,1833,TCGA-QT-A5XJ-01A,TCGA-QT-A5XJ-01A,1.0,0.0,0.0,0.0,0.0
11,52954193,+,11,53981288,-,PCPG,1834,TCGA-QT-A5XJ-01A,TCGA-QT-A5XJ-01A,1.0,0.0,0.0,0.0,0.0
11,53716338,-,11,54014277,+,PCPG,1835,TCGA-QT-A5XJ-01A,TCGA-QT-A5XJ-01A,1.0,0.0,0.0,0.0,0.0
11,54382626,+,11,54394827,-,PCPG,1836,TCGA-QT-A5XJ-01A,TCGA-QT-A5XJ-01A,1.0,0.0,0.0,0.0,0.0
11,56783356,-,11,83898576,+,PCPG,1837,TCGA-QT-A5XJ-01A,TCGA-QT-A5XJ-01A,1.0,0.0,0.0,0.0,0.0
11,78340877,+,11,78341431,-,PCPG,1838,TCGA-QT-A5XJ-01A,TCGA-QT-A5XJ-01A,1.0,0.0,0.0,0.0,0.0
11,79248531,+,11,79249092,-,PCPG,1839,TCGA-QT-A5XJ-01A,TCGA-QT-A5XJ-01A,1.0,0.0,0.0,0.0,0.0
11,79475282,-,11,81649510,+,PCPG,1840,TCGA-QT-A5XJ-01A,TCGA-QT-A5XJ-01A,1.0,0.0,0.0,0.0,0.0
12,34805799,+,12,34808797,-,PCPG,1841,TCGA-QT-A5XJ-01A,TCGA-QT-A5XJ-01A,1.0,0.0,0.0,0.0,0.0
12,54110292,+,20,29564411,+,PCPG,1842,TCGA-QT-A5XJ-01A,TCGA-QT-A5XJ-01A,1.0,0.0,0.0,0.0,0.0
13,16995666,+,13,17123739,-,PCPG,1843,TCGA-QT-A5XJ-01A,TCGA-QT-A5XJ-01A,1.0,0.0,0.0,0.0,0.0
13,110954533,-,13,112396245,-,PCPG,1844,TCGA-QT-A5XJ-01A,TCGA-QT-A5XJ-01A,1.0,0.0,0.0,0.0,0.0
14,40765469,+,14,40772955,-,PCPG,1845,TCGA-QT-A5XJ-01A,TCGA-QT-A5XJ-01A,1.0,0.0,0.0,0.0,0.0
14,66939244,-,20,64281413,+,PCPG,1846,TCGA-QT-A5XJ-01A,TCGA-QT-A5XJ-01A,1.0,0.0,0.0,0.0,0.0
14,67602376,-,14,67687782,+,PCPG,1847,TCGA-QT-A5XJ-01A,TCGA-QT-A5XJ-01A,1.0,0.0,0.0,0.0,0.0
14,102941235,+,14,102941741,-,PCPG,1848,TCGA-QT-A5XJ-01A,TCGA-QT-A5XJ-01A,1.0,0.0,0.0,0.0,0.0
14,106062129,+,14,106537807,-,PCPG,1849,TCGA-QT-A5XJ-01A,TCGA-QT-A5XJ-01A,1.0,0.0,0.0,0.0,0.0
15,90548005,+,15,90548505,-,PCPG,1850,TCGA-QT-A5XJ-01A,TCGA-QT-A5XJ-01A,1.0,0.0,0.0,0.0,0.0
16,2668593,-,19,21888574,+,PCPG,1851,TCGA-QT-A5XJ-01A,TCGA-QT-A5XJ-01A,1.0,0.0,0.0,0.0,0.0
16,5072936,-,16,5890061,+,PCPG,1852,TCGA-QT-A5XJ-01A,TCGA-QT-A5XJ-01A,1.0,0.0,0.0,0.0,0.0
16,22779387,+,23,47567405,-,PCPG,1853,TCGA-QT-A5XJ-01A,TCGA-QT-A5XJ-01A,1.0,0.0,0.0,0.0,0.0
16,27823748,-,16,59639843,+,PCPG,1854,TCGA-QT-A5XJ-01A,TCGA-QT-A5XJ-01A,1.0,0.0,0.0,0.0,0.0
16,48062537,+,16,48090380,+,PCPG,1855,TCGA-QT-A5XJ-01A,TCGA-QT-A5XJ-01A,1.0,0.0,0.0,0.0,0.0
16,56059536,+,16,56148163,-,PCPG,1856,TCGA-QT-A5XJ-01A,TCGA-QT-A5XJ-01A,1.0,0.0,0.0,0.0,0.0
16,70094552,-,16,85703189,+,PCPG,1857,TCGA-QT-A5XJ-01A,TCGA-QT-A5XJ-01A,1.0,0.0,0.0,0.0,0.0
16,81222035,-,23,44742367,-,PCPG,1858,TCGA-QT-A5XJ-01A,TCGA-QT-A5XJ-01A,1.0,0.0,0.0,0.0,0.0
17,26564725,+,17,26609101,-,PCPG,1859,TCGA-QT-A5XJ-01A,TCGA-QT-A5XJ-01A,1.0,0.0,0.0,0.0,0.0
17,59124894,-,17,59277764,+,PCPG,1860,TCGA-QT-A5XJ-01A,TCGA-QT-A5XJ-01A,1.0,0.0,0.0,0.0,0.0
18,15537658,-,18,15597024,+,PCPG,1861,TCGA-QT-A5XJ-01A,TCGA-QT-A5XJ-01A,1.0,0.0,0.0,0.0,0.0
18,15665475,-,18,15711674,+,PCPG,1862,TCGA-QT-A5XJ-01A,TCGA-QT-A5XJ-01A,1.0,0.0,0.0,0.0,0.0
18,15791593,-,18,19763944,+,PCPG,1863,TCGA-QT-A5XJ-01A,TCGA-QT-A5XJ-01A,1.0,0.0,0.0,0.0,0.0
18,20586524,+,18,20587900,-,PCPG,1864,TCGA-QT-A5XJ-01A,TCGA-QT-A5XJ-01A,1.0,0.0,0.0,0.0,0.0
18,20766605,-,18,20809188,+,PCPG,1865,TCGA-QT-A5XJ-01A,TCGA-QT-A5XJ-01A,1.0,0.0,0.0,0.0,0.0
2,3926814,+,16,55969577,-,PCPG,1866,TCGA-QT-A5XJ-01A,TCGA-QT-A5XJ-01A,1.0,0.0,0.0,0.0,0.0
2,51053685,+,2,52568430,+,PCPG,1867,TCGA-QT-A5XJ-01A,TCGA-QT-A5XJ-01A,1.0,0.0,0.0,0.0,0.0
2,51053712,-,2,52568430,+,PCPG,1868,TCGA-QT-A5XJ-01A,TCGA-QT-A5XJ-01A,1.0,0.0,0.0,0.0,0.0
2,52560030,-,23,124375180,-,PCPG,1869,TCGA-QT-A5XJ-01A,TCGA-QT-A5XJ-01A,1.0,0.0,0.0,0.0,0.0
2,53330997,+,2,53332885,-,PCPG,1870,TCGA-QT-A5XJ-01A,TCGA-QT-A5XJ-01A,1.0,0.0,0.0,0.0,0.0
2,139695917,-,10,6657072,+,PCPG,1871,TCGA-QT-A5XJ-01A,TCGA-QT-A5XJ-01A,1.0,0.0,0.0,0.0,0.0
2,189829295,+,2,211594100,+,PCPG,1872,TCGA-QT-A5XJ-01A,TCGA-QT-A5XJ-01A,1.0,0.0,0.0,0.0,0.0
2,189871138,-,2,193737504,-,PCPG,1873,TCGA-QT-A5XJ-01A,TCGA-QT-A5XJ-01A,1.0,0.0,0.0,0.0,0.0
2,189873742,+,2,211592769,-,PCPG,1874,TCGA-QT-A5XJ-01A,TCGA-QT-A5XJ-01A,1.0,0.0,0.0,0.0,0.0
2,191558690,-,2,193739850,-,PCPG,1875,TCGA-QT-A5XJ-01A,TCGA-QT-A5XJ-01A,1.0,0.0,0.0,0.0,0.0
2,191558828,+,2,211683931,-,PCPG,1876,TCGA-QT-A5XJ-01A,TCGA-QT-A5XJ-01A,1.0,0.0,0.0,0.0,0.0
2,193347829,-,2,193643333,+,PCPG,1877,TCGA-QT-A5XJ-01A,TCGA-QT-A5XJ-01A,1.0,0.0,0.0,0.0,0.0
2,193348350,+,2,211684327,+,PCPG,1878,TCGA-QT-A5XJ-01A,TCGA-QT-A5XJ-01A,1.0,0.0,0.0,0.0,0.0
2,193433484,-,2,193642655,-,PCPG,1879,TCGA-QT-A5XJ-01A,TCGA-QT-A5XJ-01A,1.0,0.0,0.0,0.0,0.0
2,193434011,+,2,193739852,+,PCPG,1880,TCGA-QT-A5XJ-01A,TCGA-QT-A5XJ-01A,1.0,0.0,0.0,0.0,0.0
2,193644522,-,2,211684327,-,PCPG,1881,TCGA-QT-A5XJ-01A,TCGA-QT-A5XJ-01A,1.0,0.0,0.0,0.0,0.0
2,193694335,+,2,211596559,+,PCPG,1882,TCGA-QT-A5XJ-01A,TCGA-QT-A5XJ-01A,1.0,0.0,0.0,0.0,0.0
2,193739851,-,2,211683932,-,PCPG,1883,TCGA-QT-A5XJ-01A,TCGA-QT-A5XJ-01A,1.0,0.0,0.0,0.0,0.0
2,211592770,+,2,211594124,-,PCPG,1884,TCGA-QT-A5XJ-01A,TCGA-QT-A5XJ-01A,1.0,0.0,0.0,0.0,0.0
2,231531288,+,2,231595708,-,PCPG,1885,TCGA-QT-A5XJ-01A,TCGA-QT-A5XJ-01A,1.0,0.0,0.0,0.0,0.0
20,13082048,-,20,14546182,+,PCPG,1886,TCGA-QT-A5XJ-01A,TCGA-QT-A5XJ-01A,1.0,0.0,0.0,0.0,0.0
20,29564276,+,20,30320200,+,PCPG,1887,TCGA-QT-A5XJ-01A,TCGA-QT-A5XJ-01A,1.0,0.0,0.0,0.0,0.0
22,25857876,-,22,25991403,+,PCPG,1888,TCGA-QT-A5XJ-01A,TCGA-QT-A5XJ-01A,1.0,0.0,0.0,0.0,0.0
3,9984356,+,3,9989506,-,PCPG,1889,TCGA-QT-A5XJ-01A,TCGA-QT-A5XJ-01A,1.0,0.0,0.0,0.0,0.0
3,60653905,-,3,62266446,+,PCPG,1890,TCGA-QT-A5XJ-01A,TCGA-QT-A5XJ-01A,1.0,0.0,0.0,0.0,0.0
3,101512356,+,3,109730539,+,PCPG,1891,TCGA-QT-A5XJ-01A,TCGA-QT-A5XJ-01A,1.0,0.0,0.0,0.0,0.0
3,101512564,-,3,109731938,-,PCPG,1892,TCGA-QT-A5XJ-01A,TCGA-QT-A5XJ-01A,1.0,0.0,0.0,0.0,0.0
3,103696541,+,3,103697054,-,PCPG,1893,TCGA-QT-A5XJ-01A,TCGA-QT-A5XJ-01A,1.0,0.0,0.0,0.0,0.0
3,176165490,-,11,118188654,-,PCPG,1894,TCGA-QT-A5XJ-01A,TCGA-QT-A5XJ-01A,1.0,0.0,0.0,0.0,0.0
4,28987296,+,7,79324707,+,PCPG,1895,TCGA-QT-A5XJ-01A,TCGA-QT-A5XJ-01A,1.0,0.0,0.0,0.0,0.0
4,65088368,+,17,63740108,+,PCPG,1896,TCGA-QT-A5XJ-01A,TCGA-QT-A5XJ-01A,1.0,0.0,0.0,0.0,0.0
4,108304156,+,14,46370148,+,PCPG,1897,TCGA-QT-A5XJ-01A,TCGA-QT-A5XJ-01A,1.0,0.0,0.0,0.0,0.0
4,139019818,+,4,139655532,-,PCPG,1898,TCGA-QT-A5XJ-01A,TCGA-QT-A5XJ-01A,1.0,0.0,0.0,0.0,0.0
4,151173417,+,9,14572964,+,PCPG,1899,TCGA-QT-A5XJ-01A,TCGA-QT-A5XJ-01A,1.0,0.0,0.0,0.0,0.0
4,170810818,+,4,171817049,+,PCPG,1900,TCGA-QT-A5XJ-01A,TCGA-QT-A5XJ-01A,1.0,0.0,0.0,0.0,0.0
4,170855972,-,4,171927608,-,PCPG,1901,TCGA-QT-A5XJ-01A,TCGA-QT-A5XJ-01A,1.0,0.0,0.0,0.0,0.0
5,141110532,-,20,61402399,-,PCPG,1902,TCGA-QT-A5XJ-01A,TCGA-QT-A5XJ-01A,1.0,0.0,0.0,0.0,0.0
6,25713442,-,17,55544820,+,PCPG,1903,TCGA-QT-A5XJ-01A,TCGA-QT-A5XJ-01A,1.0,0.0,0.0,0.0,0.0
6,33280214,+,12,120885229,+,PCPG,1904,TCGA-QT-A5XJ-01A,TCGA-QT-A5XJ-01A,1.0,0.0,0.0,0.0,0.0
6,33280217,-,12,120885425,-,PCPG,1905,TCGA-QT-A5XJ-01A,TCGA-QT-A5XJ-01A,1.0,0.0,0.0,0.0,0.0
6,40409519,+,12,128786208,-,PCPG,1906,TCGA-QT-A5XJ-01A,TCGA-QT-A5XJ-01A,1.0,0.0,0.0,0.0,0.0
6,40409617,-,12,128786171,+,PCPG,1907,TCGA-QT-A5XJ-01A,TCGA-QT-A5XJ-01A,1.0,0.0,0.0,0.0,0.0
6,74287201,+,9,3104344,-,PCPG,1908,TCGA-QT-A5XJ-01A,TCGA-QT-A5XJ-01A,1.0,0.0,0.0,0.0,0.0
7,26919465,+,7,26920062,-,PCPG,1909,TCGA-QT-A5XJ-01A,TCGA-QT-A5XJ-01A,1.0,0.0,0.0,0.0,0.0
7,60038952,+,7,60527126,-,PCPG,1910,TCGA-QT-A5XJ-01A,TCGA-QT-A5XJ-01A,1.0,0.0,0.0,0.0,0.0
7,87242488,-,7,87246351,+,PCPG,1911,TCGA-QT-A5XJ-01A,TCGA-QT-A5XJ-01A,1.0,0.0,0.0,0.0,0.0
7,87242542,+,7,87246173,-,PCPG,1912,TCGA-QT-A5XJ-01A,TCGA-QT-A5XJ-01A,1.0,0.0,0.0,0.0,0.0
7,101085823,-,7,102188059,+,PCPG,1913,TCGA-QT-A5XJ-01A,TCGA-QT-A5XJ-01A,1.0,0.0,0.0,0.0,0.0
7,149184641,-,7,149186921,-,PCPG,1914,TCGA-QT-A5XJ-01A,TCGA-QT-A5XJ-01A,1.0,0.0,0.0,0.0,0.0
7,149184852,+,7,149186894,+,PCPG,1915,TCGA-QT-A5XJ-01A,TCGA-QT-A5XJ-01A,1.0,0.0,0.0,0.0,0.0
8,14656367,+,8,14959978,-,PCPG,1916,TCGA-QT-A5XJ-01A,TCGA-QT-A5XJ-01A,1.0,0.0,0.0,0.0,0.0
8,14656979,-,8,15011524,-,PCPG,1917,TCGA-QT-A5XJ-01A,TCGA-QT-A5XJ-01A,1.0,0.0,0.0,0.0,0.0
8,14959410,+,8,15010839,+,PCPG,1918,TCGA-QT-A5XJ-01A,TCGA-QT-A5XJ-01A,1.0,0.0,0.0,0.0,0.0
8,15110542,+,8,15142057,-,PCPG,1919,TCGA-QT-A5XJ-01A,TCGA-QT-A5XJ-01A,1.0,0.0,0.0,0.0,0.0
8,107886568,+,8,109203160,-,PCPG,1920,TCGA-QT-A5XJ-01A,TCGA-QT-A5XJ-01A,1.0,0.0,0.0,0.0,0.0
9,14553803,+,9,15719548,-,PCPG,1921,TCGA-QT-A5XJ-01A,TCGA-QT-A5XJ-01A,1.0,0.0,0.0,0.0,0.0
9,15479682,+,9,20920716,-,PCPG,1922,TCGA-QT-A5XJ-01A,TCGA-QT-A5XJ-01A,1.0,0.0,0.0,0.0,0.0
9,15485897,-,23,9644572,-,PCPG,1923,TCGA-QT-A5XJ-01A,TCGA-QT-A5XJ-01A,1.0,0.0,0.0,0.0,0.0
9,40543714,+,9,43175408,-,PCPG,1924,TCGA-QT-A5XJ-01A,TCGA-QT-A5XJ-01A,1.0,0.0,0.0,0.0,0.0
23,4209723,+,23,45644944,+,PCPG,1925,TCGA-QT-A5XJ-01A,TCGA-QT-A5XJ-01A,1.0,0.0,0.0,0.0,0.0
1,124634310,-,1,124636526,+,PCPG,1926,TCGA-QT-A5XK-01A,TCGA-QT-A5XK-01A,1.0,0.0,0.0,0.0,0.0
10,39561223,-,10,41709219,+,PCPG,1927,TCGA-QT-A5XK-01A,TCGA-QT-A5XK-01A,1.0,0.0,0.0,0.0,0.0
10,41523428,-,10,41525781,+,PCPG,1928,TCGA-QT-A5XK-01A,TCGA-QT-A5XK-01A,1.0,0.0,0.0,0.0,0.0
11,3846923,-,11,6131214,+,PCPG,1929,TCGA-QT-A5XK-01A,TCGA-QT-A5XK-01A,1.0,0.0,0.0,0.0,0.0
11,54353741,-,11,54420146,+,PCPG,1930,TCGA-QT-A5XK-01A,TCGA-QT-A5XK-01A,1.0,0.0,0.0,0.0,0.0
11,54378154,-,11,54394478,+,PCPG,1931,TCGA-QT-A5XK-01A,TCGA-QT-A5XK-01A,1.0,0.0,0.0,0.0,0.0
11,96100725,-,11,96118448,+,PCPG,1932,TCGA-QT-A5XK-01A,TCGA-QT-A5XK-01A,1.0,0.0,0.0,0.0,0.0
11,109502276,-,23,117424263,-,PCPG,1933,TCGA-QT-A5XK-01A,TCGA-QT-A5XK-01A,1.0,0.0,0.0,0.0,0.0
12,34829612,-,12,34831938,+,PCPG,1934,TCGA-QT-A5XK-01A,TCGA-QT-A5XK-01A,1.0,0.0,0.0,0.0,0.0
13,16294713,+,13,17046203,-,PCPG,1935,TCGA-QT-A5XK-01A,TCGA-QT-A5XK-01A,1.0,0.0,0.0,0.0,0.0
13,16702547,-,13,16704069,+,PCPG,1936,TCGA-QT-A5XK-01A,TCGA-QT-A5XK-01A,1.0,0.0,0.0,0.0,0.0
13,17384286,-,13,17385596,+,PCPG,1937,TCGA-QT-A5XK-01A,TCGA-QT-A5XK-01A,1.0,0.0,0.0,0.0,0.0
17,26163812,-,17,26164742,+,PCPG,1938,TCGA-QT-A5XK-01A,TCGA-QT-A5XK-01A,1.0,0.0,0.0,0.0,0.0
17,36108831,-,17,36216041,+,PCPG,1939,TCGA-QT-A5XK-01A,TCGA-QT-A5XK-01A,1.0,0.0,0.0,0.0,0.0
18,28291865,+,19,16676069,-,PCPG,1940,TCGA-QT-A5XK-01A,TCGA-QT-A5XK-01A,1.0,0.0,0.0,0.0,0.0
18,49887543,-,18,49889389,-,PCPG,1941,TCGA-QT-A5XK-01A,TCGA-QT-A5XK-01A,1.0,0.0,0.0,0.0,0.0
2,117554716,-,7,37413269,-,PCPG,1942,TCGA-QT-A5XK-01A,TCGA-QT-A5XK-01A,1.0,0.0,0.0,0.0,0.0
2,117770916,+,20,59290969,+,PCPG,1943,TCGA-QT-A5XK-01A,TCGA-QT-A5XK-01A,1.0,0.0,0.0,0.0,0.0
2,189792689,-,4,188066744,+,PCPG,1944,TCGA-QT-A5XK-01A,TCGA-QT-A5XK-01A,1.0,0.0,0.0,0.0,0.0
20,26514123,-,20,26515127,+,PCPG,1945,TCGA-QT-A5XK-01A,TCGA-QT-A5XK-01A,1.0,0.0,0.0,0.0,0.0
20,29720695,-,20,29722753,+,PCPG,1946,TCGA-QT-A5XK-01A,TCGA-QT-A5XK-01A,1.0,0.0,0.0,0.0,0.0
20,29926595,-,20,29928345,+,PCPG,1947,TCGA-QT-A5XK-01A,TCGA-QT-A5XK-01A,1.0,0.0,0.0,0.0,0.0
4,9703203,-,7,20669751,+,PCPG,1948,TCGA-QT-A5XK-01A,TCGA-QT-A5XK-01A,1.0,0.0,0.0,0.0,0.0
4,65088380,+,17,63740108,+,PCPG,1949,TCGA-QT-A5XK-01A,TCGA-QT-A5XK-01A,1.0,0.0,0.0,0.0,0.0
5,36213619,-,12,23704715,+,PCPG,1950,TCGA-QT-A5XK-01A,TCGA-QT-A5XK-01A,1.0,0.0,0.0,0.0,0.0
5,47162239,-,5,47272631,+,PCPG,1951,TCGA-QT-A5XK-01A,TCGA-QT-A5XK-01A,1.0,0.0,0.0,0.0,0.0
5,49717596,-,5,49720749,+,PCPG,1952,TCGA-QT-A5XK-01A,TCGA-QT-A5XK-01A,1.0,0.0,0.0,0.0,0.0
7,37545629,+,9,2187058,-,PCPG,1953,TCGA-QT-A5XK-01A,TCGA-QT-A5XK-01A,1.0,0.0,0.0,0.0,0.0
7,57895669,-,7,57918222,+,PCPG,1954,TCGA-QT-A5XK-01A,TCGA-QT-A5XK-01A,1.0,0.0,0.0,0.0,0.0
9,2309965,+,20,59105284,-,PCPG,1955,TCGA-QT-A5XK-01A,TCGA-QT-A5XK-01A,1.0,0.0,0.0,0.0,0.0
9,39582771,+,9,42339374,-,PCPG,1956,TCGA-QT-A5XK-01A,TCGA-QT-A5XK-01A,1.0,0.0,0.0,0.0,0.0
9,61670078,-,9,61671464,+,PCPG,1957,TCGA-QT-A5XK-01A,TCGA-QT-A5XK-01A,1.0,0.0,0.0,0.0,0.0
9,131978889,+,12,128468848,-,PCPG,1958,TCGA-QT-A5XK-01A,TCGA-QT-A5XK-01A,1.0,0.0,0.0,0.0,0.0
23,1047057,-,23,1048785,+,PCPG,1959,TCGA-QT-A5XK-01A,TCGA-QT-A5XK-01A,1.0,0.0,0.0,0.0,0.0
23,83739324,-,23,100379395,+,PCPG,1960,TCGA-QT-A5XK-01A,TCGA-QT-A5XK-01A,1.0,0.0,0.0,0.0,0.0
23,141948178,-,23,144358577,+,PCPG,1961,TCGA-QT-A5XK-01A,TCGA-QT-A5XK-01A,1.0,0.0,0.0,0.0,0.0
1,7335168,+,20,2172949,-,PCPG,1962,TCGA-QT-A5XL-01A,TCGA-QT-A5XL-01A,1.0,0.0,0.0,0.0,0.0
1,34761402,-,1,84640056,+,PCPG,1963,TCGA-QT-A5XL-01A,TCGA-QT-A5XL-01A,1.0,0.0,0.0,0.0,0.0
1,35426059,+,4,56124123,-,PCPG,1964,TCGA-QT-A5XL-01A,TCGA-QT-A5XL-01A,1.0,0.0,0.0,0.0,0.0
1,38950386,-,14,21120369,+,PCPG,1965,TCGA-QT-A5XL-01A,TCGA-QT-A5XL-01A,1.0,0.0,0.0,0.0,0.0
1,60953243,+,1,61403281,-,PCPG,1966,TCGA-QT-A5XL-01A,TCGA-QT-A5XL-01A,1.0,0.0,0.0,0.0,0.0
1,63026792,+,1,65177537,-,PCPG,1967,TCGA-QT-A5XL-01A,TCGA-QT-A5XL-01A,1.0,0.0,0.0,0.0,0.0
1,65605389,+,1,65608507,-,PCPG,1968,TCGA-QT-A5XL-01A,TCGA-QT-A5XL-01A,1.0,0.0,0.0,0.0,0.0
1,66362002,-,1,66828830,+,PCPG,1969,TCGA-QT-A5XL-01A,TCGA-QT-A5XL-01A,1.0,0.0,0.0,0.0,0.0
1,83874591,-,4,152171862,-,PCPG,1970,TCGA-QT-A5XL-01A,TCGA-QT-A5XL-01A,1.0,0.0,0.0,0.0,0.0
1,201306446,-,2,110670985,+,PCPG,1971,TCGA-QT-A5XL-01A,TCGA-QT-A5XL-01A,1.0,0.0,0.0,0.0,0.0
1,202027586,+,4,56689864,+,PCPG,1972,TCGA-QT-A5XL-01A,TCGA-QT-A5XL-01A,1.0,0.0,0.0,0.0,0.0
1,216193007,+,1,216193824,-,PCPG,1973,TCGA-QT-A5XL-01A,TCGA-QT-A5XL-01A,1.0,0.0,0.0,0.0,0.0
10,8268532,+,23,150000994,+,PCPG,1974,TCGA-QT-A5XL-01A,TCGA-QT-A5XL-01A,1.0,0.0,0.0,0.0,0.0
10,132258618,-,14,76820268,-,PCPG,1975,TCGA-QT-A5XL-01A,TCGA-QT-A5XL-01A,1.0,0.0,0.0,0.0,0.0
10,132577470,+,14,77086879,+,PCPG,1976,TCGA-QT-A5XL-01A,TCGA-QT-A5XL-01A,1.0,0.0,0.0,0.0,0.0
11,65642513,+,20,46327310,+,PCPG,1977,TCGA-QT-A5XL-01A,TCGA-QT-A5XL-01A,1.0,0.0,0.0,0.0,0.0
12,27477721,-,12,30077912,-,PCPG,1978,TCGA-QT-A5XL-01A,TCGA-QT-A5XL-01A,1.0,0.0,0.0,0.0,0.0
12,30130545,+,12,37340370,-,PCPG,1979,TCGA-QT-A5XL-01A,TCGA-QT-A5XL-01A,1.0,0.0,0.0,0.0,0.0
12,30203850,-,12,30253731,-,PCPG,1980,TCGA-QT-A5XL-01A,TCGA-QT-A5XL-01A,1.0,0.0,0.0,0.0,0.0
12,30253793,+,12,33941435,-,PCPG,1981,TCGA-QT-A5XL-01A,TCGA-QT-A5XL-01A,1.0,0.0,0.0,0.0,0.0
12,31009988,-,12,31010173,-,PCPG,1982,TCGA-QT-A5XL-01A,TCGA-QT-A5XL-01A,1.0,0.0,0.0,0.0,0.0
12,31010003,-,12,34366189,+,PCPG,1983,TCGA-QT-A5XL-01A,TCGA-QT-A5XL-01A,1.0,0.0,0.0,0.0,0.0
12,31010082,+,12,34366189,+,PCPG,1984,TCGA-QT-A5XL-01A,TCGA-QT-A5XL-01A,1.0,0.0,0.0,0.0,0.0
12,31241023,+,12,34365828,-,PCPG,1985,TCGA-QT-A5XL-01A,TCGA-QT-A5XL-01A,1.0,0.0,0.0,0.0,0.0
12,34039661,-,12,34404497,+,PCPG,1986,TCGA-QT-A5XL-01A,TCGA-QT-A5XL-01A,1.0,0.0,0.0,0.0,0.0
12,34276760,+,12,34327864,-,PCPG,1987,TCGA-QT-A5XL-01A,TCGA-QT-A5XL-01A,1.0,0.0,0.0,0.0,0.0
12,34332181,-,12,34599389,+,PCPG,1988,TCGA-QT-A5XL-01A,TCGA-QT-A5XL-01A,1.0,0.0,0.0,0.0,0.0
12,34379781,+,12,35715952,-,PCPG,1989,TCGA-QT-A5XL-01A,TCGA-QT-A5XL-01A,1.0,0.0,0.0,0.0,0.0
14,88864284,-,14,89495245,+,PCPG,1990,TCGA-QT-A5XL-01A,TCGA-QT-A5XL-01A,1.0,0.0,0.0,0.0,0.0
17,59049623,-,17,82073021,-,PCPG,1991,TCGA-QT-A5XL-01A,TCGA-QT-A5XL-01A,1.0,0.0,0.0,0.0,0.0
17,59570404,+,17,82532763,+,PCPG,1992,TCGA-QT-A5XL-01A,TCGA-QT-A5XL-01A,1.0,0.0,0.0,0.0,0.0
18,15470912,+,18,15771897,-,PCPG,1993,TCGA-QT-A5XL-01A,TCGA-QT-A5XL-01A,1.0,0.0,0.0,0.0,0.0
18,17453084,-,18,17453803,+,PCPG,1994,TCGA-QT-A5XL-01A,TCGA-QT-A5XL-01A,1.0,0.0,0.0,0.0,0.0
2,46114139,-,4,152889262,+,PCPG,1995,TCGA-QT-A5XL-01A,TCGA-QT-A5XL-01A,1.0,0.0,0.0,0.0,0.0
2,46578322,+,12,26510657,-,PCPG,1996,TCGA-QT-A5XL-01A,TCGA-QT-A5XL-01A,1.0,0.0,0.0,0.0,0.0
20,28622561,-,20,30529980,-,PCPG,1997,TCGA-QT-A5XL-01A,TCGA-QT-A5XL-01A,1.0,0.0,0.0,0.0,0.0
20,28643126,-,20,30530952,+,PCPG,1998,TCGA-QT-A5XL-01A,TCGA-QT-A5XL-01A,1.0,0.0,0.0,0.0,0.0
3,90928951,+,3,91163931,-,PCPG,1999,TCGA-QT-A5XL-01A,TCGA-QT-A5XL-01A,1.0,0.0,0.0,0.0,0.0
3,91378842,-,6,60540052,-,PCPG,2000,TCGA-QT-A5XL-01A,TCGA-QT-A5XL-01A,1.0,0.0,0.0,0.0,0.0
3,124320444,-,9,12443856,-,PCPG,2001,TCGA-QT-A5XL-01A,TCGA-QT-A5XL-01A,1.0,0.0,0.0,0.0,0.0
3,125100599,+,22,37605982,-,PCPG,2002,TCGA-QT-A5XL-01A,TCGA-QT-A5XL-01A,1.0,0.0,0.0,0.0,0.0
3,196070809,+,8,40351865,+,PCPG,2003,TCGA-QT-A5XL-01A,TCGA-QT-A5XL-01A,1.0,0.0,0.0,0.0,0.0
3,196142517,+,12,27032986,+,PCPG,2004,TCGA-QT-A5XL-01A,TCGA-QT-A5XL-01A,1.0,0.0,0.0,0.0,0.0
4,56689313,-,20,45956173,-,PCPG,2005,TCGA-QT-A5XL-01A,TCGA-QT-A5XL-01A,1.0,0.0,0.0,0.0,0.0
4,56690110,+,11,19492745,-,PCPG,2006,TCGA-QT-A5XL-01A,TCGA-QT-A5XL-01A,1.0,0.0,0.0,0.0,0.0
9,13130490,+,22,37894852,+,PCPG,2007,TCGA-QT-A5XL-01A,TCGA-QT-A5XL-01A,1.0,0.0,0.0,0.0,0.0
9,43950001,-,9,45299510,+,PCPG,2008,TCGA-QT-A5XL-01A,TCGA-QT-A5XL-01A,1.0,0.0,0.0,0.0,0.0
1,56816711,-,1,57164615,+,PCPG,2009,TCGA-QT-A5XM-01A,TCGA-QT-A5XM-01A,1.0,0.0,0.0,0.0,0.0
1,101496955,-,8,133312947,+,PCPG,2010,TCGA-QT-A5XM-01A,TCGA-QT-A5XM-01A,1.0,0.0,0.0,0.0,0.0
1,123464433,-,1,123465221,+,PCPG,2011,TCGA-QT-A5XM-01A,TCGA-QT-A5XM-01A,1.0,0.0,0.0,0.0,0.0
10,38668418,-,10,42254664,-,PCPG,2012,TCGA-QT-A5XM-01A,TCGA-QT-A5XM-01A,1.0,0.0,0.0,0.0,0.0
10,41554184,-,10,41568736,+,PCPG,2013,TCGA-QT-A5XM-01A,TCGA-QT-A5XM-01A,1.0,0.0,0.0,0.0,0.0
10,87955177,-,10,88255985,+,PCPG,2014,TCGA-QT-A5XM-01A,TCGA-QT-A5XM-01A,1.0,0.0,0.0,0.0,0.0
11,51596301,-,11,52584394,+,PCPG,2015,TCGA-QT-A5XM-01A,TCGA-QT-A5XM-01A,1.0,0.0,0.0,0.0,0.0
11,65433715,-,17,81895539,+,PCPG,2016,TCGA-QT-A5XM-01A,TCGA-QT-A5XM-01A,1.0,0.0,0.0,0.0,0.0
11,65593225,+,17,81666709,-,PCPG,2017,TCGA-QT-A5XM-01A,TCGA-QT-A5XM-01A,1.0,0.0,0.0,0.0,0.0
12,50779258,+,24,2891820,-,PCPG,2018,TCGA-QT-A5XM-01A,TCGA-QT-A5XM-01A,1.0,0.0,0.0,0.0,0.0
13,17929862,-,13,17930582,+,PCPG,2019,TCGA-QT-A5XM-01A,TCGA-QT-A5XM-01A,1.0,0.0,0.0,0.0,0.0
14,24592800,+,14,24598096,+,PCPG,2020,TCGA-QT-A5XM-01A,TCGA-QT-A5XM-01A,1.0,0.0,0.0,0.0,0.0
14,24595388,-,14,27618579,+,PCPG,2021,TCGA-QT-A5XM-01A,TCGA-QT-A5XM-01A,1.0,0.0,0.0,0.0,0.0
14,26945050,-,14,27684931,-,PCPG,2022,TCGA-QT-A5XM-01A,TCGA-QT-A5XM-01A,1.0,0.0,0.0,0.0,0.0
15,79061414,-,17,10159066,-,PCPG,2023,TCGA-QT-A5XM-01A,TCGA-QT-A5XM-01A,1.0,0.0,0.0,0.0,0.0
18,15573662,-,18,15679457,+,PCPG,2024,TCGA-QT-A5XM-01A,TCGA-QT-A5XM-01A,1.0,0.0,0.0,0.0,0.0
2,132069940,-,22,16234125,-,PCPG,2025,TCGA-QT-A5XM-01A,TCGA-QT-A5XM-01A,1.0,0.0,0.0,0.0,0.0
2,219381028,-,7,11009919,-,PCPG,2026,TCGA-QT-A5XM-01A,TCGA-QT-A5XM-01A,1.0,0.0,0.0,0.0,0.0
2,219501603,+,7,70286009,+,PCPG,2027,TCGA-QT-A5XM-01A,TCGA-QT-A5XM-01A,1.0,0.0,0.0,0.0,0.0
3,48406872,-,3,48670678,+,PCPG,2028,TCGA-QT-A5XM-01A,TCGA-QT-A5XM-01A,1.0,0.0,0.0,0.0,0.0
4,183172564,-,4,183326076,+,PCPG,2029,TCGA-QT-A5XM-01A,TCGA-QT-A5XM-01A,1.0,0.0,0.0,0.0,0.0
5,49790762,+,5,49814873,-,PCPG,2030,TCGA-QT-A5XM-01A,TCGA-QT-A5XM-01A,1.0,0.0,0.0,0.0,0.0
5,174108319,-,5,174371140,+,PCPG,2031,TCGA-QT-A5XM-01A,TCGA-QT-A5XM-01A,1.0,0.0,0.0,0.0,0.0
6,30453840,-,7,70284005,-,PCPG,2032,TCGA-QT-A5XM-01A,TCGA-QT-A5XM-01A,1.0,0.0,0.0,0.0,0.0
6,30482218,-,7,70284005,-,PCPG,2033,TCGA-QT-A5XM-01A,TCGA-QT-A5XM-01A,1.0,0.0,0.0,0.0,0.0
6,30517732,+,7,11218212,+,PCPG,2034,TCGA-QT-A5XM-01A,TCGA-QT-A5XM-01A,1.0,0.0,0.0,0.0,0.0
6,58270411,-,6,61171930,-,PCPG,2035,TCGA-QT-A5XM-01A,TCGA-QT-A5XM-01A,1.0,0.0,0.0,0.0,0.0
7,61430756,-,7,61449933,+,PCPG,2036,TCGA-QT-A5XM-01A,TCGA-QT-A5XM-01A,1.0,0.0,0.0,0.0,0.0
9,128661551,-,9,128717049,+,PCPG,2037,TCGA-QT-A5XM-01A,TCGA-QT-A5XM-01A,1.0,0.0,0.0,0.0,0.0
9,133956353,-,9,134059959,+,PCPG,2038,TCGA-QT-A5XM-01A,TCGA-QT-A5XM-01A,1.0,0.0,0.0,0.0,0.0
1,1184742,-,5,154360583,-,PCPG,2039,TCGA-QT-A5XN-01A,TCGA-QT-A5XN-01A,1.0,0.0,0.0,0.0,0.0
1,1505172,+,19,651813,+,PCPG,2040,TCGA-QT-A5XN-01A,TCGA-QT-A5XN-01A,1.0,0.0,0.0,0.0,0.0
1,40318323,+,21,45191903,-,PCPG,2041,TCGA-QT-A5XN-01A,TCGA-QT-A5XN-01A,1.0,0.0,0.0,0.0,0.0
1,51319260,-,1,59495029,-,PCPG,2042,TCGA-QT-A5XN-01A,TCGA-QT-A5XN-01A,1.0,0.0,0.0,0.0,0.0
1,51367710,+,11,95570613,-,PCPG,2043,TCGA-QT-A5XN-01A,TCGA-QT-A5XN-01A,1.0,0.0,0.0,0.0,0.0
1,59520622,-,3,51617297,+,PCPG,2044,TCGA-QT-A5XN-01A,TCGA-QT-A5XN-01A,1.0,0.0,0.0,0.0,0.0
1,94666018,-,14,73635162,-,PCPG,2045,TCGA-QT-A5XN-01A,TCGA-QT-A5XN-01A,1.0,0.0,0.0,0.0,0.0
1,101497018,-,8,133313014,+,PCPG,2046,TCGA-QT-A5XN-01A,TCGA-QT-A5XN-01A,1.0,0.0,0.0,0.0,0.0
1,122282443,-,1,122491470,+,PCPG,2047,TCGA-QT-A5XN-01A,TCGA-QT-A5XN-01A,1.0,0.0,0.0,0.0,0.0
1,153316531,+,2,235186039,+,PCPG,2048,TCGA-QT-A5XN-01A,TCGA-QT-A5XN-01A,1.0,0.0,0.0,0.0,0.0
1,154379811,-,15,89200387,+,PCPG,2049,TCGA-QT-A5XN-01A,TCGA-QT-A5XN-01A,1.0,0.0,0.0,0.0,0.0
1,211189860,+,8,74150338,+,PCPG,2050,TCGA-QT-A5XN-01A,TCGA-QT-A5XN-01A,1.0,0.0,0.0,0.0,0.0
1,245115913,-,13,77008622,+,PCPG,2051,TCGA-QT-A5XN-01A,TCGA-QT-A5XN-01A,1.0,0.0,0.0,0.0,0.0
10,59925626,-,10,60240722,+,PCPG,2052,TCGA-QT-A5XN-01A,TCGA-QT-A5XN-01A,1.0,0.0,0.0,0.0,0.0
10,63305105,+,10,63377467,-,PCPG,2053,TCGA-QT-A5XN-01A,TCGA-QT-A5XN-01A,1.0,0.0,0.0,0.0,0.0
10,88455591,-,10,88519307,+,PCPG,2054,TCGA-QT-A5XN-01A,TCGA-QT-A5XN-01A,1.0,0.0,0.0,0.0,0.0
11,9637629,-,14,76781280,-,PCPG,2055,TCGA-QT-A5XN-01A,TCGA-QT-A5XN-01A,1.0,0.0,0.0,0.0,0.0
11,51142549,-,11,53716705,+,PCPG,2056,TCGA-QT-A5XN-01A,TCGA-QT-A5XN-01A,1.0,0.0,0.0,0.0,0.0
11,65361783,-,13,96405211,+,PCPG,2057,TCGA-QT-A5XN-01A,TCGA-QT-A5XN-01A,1.0,0.0,0.0,0.0,0.0
11,65362574,+,22,37358289,-,PCPG,2058,TCGA-QT-A5XN-01A,TCGA-QT-A5XN-01A,1.0,0.0,0.0,0.0,0.0
11,71963672,-,11,72243981,+,PCPG,2059,TCGA-QT-A5XN-01A,TCGA-QT-A5XN-01A,1.0,0.0,0.0,0.0,0.0
11,77005981,+,12,46495923,-,PCPG,2060,TCGA-QT-A5XN-01A,TCGA-QT-A5XN-01A,1.0,0.0,0.0,0.0,0.0
12,47491367,-,12,47525840,-,PCPG,2061,TCGA-QT-A5XN-01A,TCGA-QT-A5XN-01A,1.0,0.0,0.0,0.0,0.0
12,47491367,-,12,47964228,-,PCPG,2062,TCGA-QT-A5XN-01A,TCGA-QT-A5XN-01A,1.0,0.0,0.0,0.0,0.0
12,47525839,-,12,47964419,+,PCPG,2063,TCGA-QT-A5XN-01A,TCGA-QT-A5XN-01A,1.0,0.0,0.0,0.0,0.0
12,47526591,+,12,47978935,+,PCPG,2064,TCGA-QT-A5XN-01A,TCGA-QT-A5XN-01A,1.0,0.0,0.0,0.0,0.0
12,47962227,+,12,47963885,-,PCPG,2065,TCGA-QT-A5XN-01A,TCGA-QT-A5XN-01A,1.0,0.0,0.0,0.0,0.0
13,16298421,-,13,16628009,+,PCPG,2066,TCGA-QT-A5XN-01A,TCGA-QT-A5XN-01A,1.0,0.0,0.0,0.0,0.0
13,35881294,-,13,35911288,+,PCPG,2067,TCGA-QT-A5XN-01A,TCGA-QT-A5XN-01A,1.0,0.0,0.0,0.0,0.0
13,96345119,-,14,59204686,+,PCPG,2068,TCGA-QT-A5XN-01A,TCGA-QT-A5XN-01A,1.0,0.0,0.0,0.0,0.0
14,76126412,+,14,76764709,-,PCPG,2069,TCGA-QT-A5XN-01A,TCGA-QT-A5XN-01A,1.0,0.0,0.0,0.0,0.0
14,77104429,+,17,49471291,-,PCPG,2070,TCGA-QT-A5XN-01A,TCGA-QT-A5XN-01A,1.0,0.0,0.0,0.0,0.0
14,92856111,-,14,92899539,+,PCPG,2071,TCGA-QT-A5XN-01A,TCGA-QT-A5XN-01A,1.0,0.0,0.0,0.0,0.0
14,106274137,+,14,106734737,-,PCPG,2072,TCGA-QT-A5XN-01A,TCGA-QT-A5XN-01A,1.0,0.0,0.0,0.0,0.0
15,24303027,+,15,24510729,-,PCPG,2073,TCGA-QT-A5XN-01A,TCGA-QT-A5XN-01A,1.0,0.0,0.0,0.0,0.0
15,39607331,-,15,39844656,+,PCPG,2074,TCGA-QT-A5XN-01A,TCGA-QT-A5XN-01A,1.0,0.0,0.0,0.0,0.0
17,18248646,-,21,19143276,-,PCPG,2075,TCGA-QT-A5XN-01A,TCGA-QT-A5XN-01A,1.0,0.0,0.0,0.0,0.0
17,31191094,-,17,31345777,+,PCPG,2076,TCGA-QT-A5XN-01A,TCGA-QT-A5XN-01A,1.0,0.0,0.0,0.0,0.0
18,15472640,-,18,15474310,+,PCPG,2077,TCGA-QT-A5XN-01A,TCGA-QT-A5XN-01A,1.0,0.0,0.0,0.0,0.0
18,15507673,-,18,15666192,+,PCPG,2078,TCGA-QT-A5XN-01A,TCGA-QT-A5XN-01A,1.0,0.0,0.0,0.0,0.0
18,51508846,-,23,122755993,+,PCPG,2079,TCGA-QT-A5XN-01A,TCGA-QT-A5XN-01A,1.0,0.0,0.0,0.0,0.0
2,55416440,-,4,107944831,-,PCPG,2080,TCGA-QT-A5XN-01A,TCGA-QT-A5XN-01A,1.0,0.0,0.0,0.0,0.0
2,66620889,+,2,66645359,-,PCPG,2081,TCGA-QT-A5XN-01A,TCGA-QT-A5XN-01A,1.0,0.0,0.0,0.0,0.0
2,92308601,-,2,93108819,+,PCPG,2082,TCGA-QT-A5XN-01A,TCGA-QT-A5XN-01A,1.0,0.0,0.0,0.0,0.0
2,94556212,-,9,43191864,-,PCPG,2083,TCGA-QT-A5XN-01A,TCGA-QT-A5XN-01A,1.0,0.0,0.0,0.0,0.0
2,221028177,+,11,89198770,+,PCPG,2084,TCGA-QT-A5XN-01A,TCGA-QT-A5XN-01A,1.0,0.0,0.0,0.0,0.0
20,35520141,-,20,49533957,-,PCPG,2085,TCGA-QT-A5XN-01A,TCGA-QT-A5XN-01A,1.0,0.0,0.0,0.0,0.0
20,35625844,+,20,49631516,+,PCPG,2086,TCGA-QT-A5XN-01A,TCGA-QT-A5XN-01A,1.0,0.0,0.0,0.0,0.0
20,44686538,-,20,44801174,+,PCPG,2087,TCGA-QT-A5XN-01A,TCGA-QT-A5XN-01A,1.0,0.0,0.0,0.0,0.0
3,51510929,-,11,95691860,+,PCPG,2088,TCGA-QT-A5XN-01A,TCGA-QT-A5XN-01A,1.0,0.0,0.0,0.0,0.0
3,90887728,+,3,91078006,-,PCPG,2089,TCGA-QT-A5XN-01A,TCGA-QT-A5XN-01A,1.0,0.0,0.0,0.0,0.0
3,100340344,-,3,100368569,+,PCPG,2090,TCGA-QT-A5XN-01A,TCGA-QT-A5XN-01A,1.0,0.0,0.0,0.0,0.0
4,103912101,+,4,103915867,-,PCPG,2091,TCGA-QT-A5XN-01A,TCGA-QT-A5XN-01A,1.0,0.0,0.0,0.0,0.0
4,125504836,-,9,121895965,+,PCPG,2092,TCGA-QT-A5XN-01A,TCGA-QT-A5XN-01A,1.0,0.0,0.0,0.0,0.0
4,151590851,-,4,151817353,+,PCPG,2093,TCGA-QT-A5XN-01A,TCGA-QT-A5XN-01A,1.0,0.0,0.0,0.0,0.0
4,153100345,-,4,153202692,+,PCPG,2094,TCGA-QT-A5XN-01A,TCGA-QT-A5XN-01A,1.0,0.0,0.0,0.0,0.0
4,185076284,+,14,85631113,-,PCPG,2095,TCGA-QT-A5XN-01A,TCGA-QT-A5XN-01A,1.0,0.0,0.0,0.0,0.0
5,46601437,+,5,46681252,-,PCPG,2096,TCGA-QT-A5XN-01A,TCGA-QT-A5XN-01A,1.0,0.0,0.0,0.0,0.0
5,49773484,-,5,49800092,+,PCPG,2097,TCGA-QT-A5XN-01A,TCGA-QT-A5XN-01A,1.0,0.0,0.0,0.0,0.0
5,63600369,-,5,122593515,+,PCPG,2098,TCGA-QT-A5XN-01A,TCGA-QT-A5XN-01A,1.0,0.0,0.0,0.0,0.0
5,63600532,+,5,122593583,-,PCPG,2099,TCGA-QT-A5XN-01A,TCGA-QT-A5XN-01A,1.0,0.0,0.0,0.0,0.0
5,154673296,+,12,95169312,+,PCPG,2100,TCGA-QT-A5XN-01A,TCGA-QT-A5XN-01A,1.0,0.0,0.0,0.0,0.0
5,173729425,-,5,174049586,+,PCPG,2101,TCGA-QT-A5XN-01A,TCGA-QT-A5XN-01A,1.0,0.0,0.0,0.0,0.0
6,61290908,+,6,61890071,-,PCPG,2102,TCGA-QT-A5XN-01A,TCGA-QT-A5XN-01A,1.0,0.0,0.0,0.0,0.0
6,61292936,-,6,61390237,-,PCPG,2103,TCGA-QT-A5XN-01A,TCGA-QT-A5XN-01A,1.0,0.0,0.0,0.0,0.0
6,61293701,+,22,15948313,+,PCPG,2104,TCGA-QT-A5XN-01A,TCGA-QT-A5XN-01A,1.0,0.0,0.0,0.0,0.0
6,61889668,+,6,61891460,+,PCPG,2105,TCGA-QT-A5XN-01A,TCGA-QT-A5XN-01A,1.0,0.0,0.0,0.0,0.0
6,83204883,-,6,83222168,+,PCPG,2106,TCGA-QT-A5XN-01A,TCGA-QT-A5XN-01A,1.0,0.0,0.0,0.0,0.0
6,109184163,-,6,109301703,+,PCPG,2107,TCGA-QT-A5XN-01A,TCGA-QT-A5XN-01A,1.0,0.0,0.0,0.0,0.0
6,118203437,-,6,118327925,+,PCPG,2108,TCGA-QT-A5XN-01A,TCGA-QT-A5XN-01A,1.0,0.0,0.0,0.0,0.0
7,57783552,-,12,37555070,+,PCPG,2109,TCGA-QT-A5XN-01A,TCGA-QT-A5XN-01A,1.0,0.0,0.0,0.0,0.0
7,95444358,-,7,95581433,+,PCPG,2110,TCGA-QT-A5XN-01A,TCGA-QT-A5XN-01A,1.0,0.0,0.0,0.0,0.0
7,107228249,-,10,88173614,+,PCPG,2111,TCGA-QT-A5XN-01A,TCGA-QT-A5XN-01A,1.0,0.0,0.0,0.0,0.0
7,107267887,+,10,88127938,-,PCPG,2112,TCGA-QT-A5XN-01A,TCGA-QT-A5XN-01A,1.0,0.0,0.0,0.0,0.0
7,109327379,+,7,109386081,+,PCPG,2113,TCGA-QT-A5XN-01A,TCGA-QT-A5XN-01A,1.0,0.0,0.0,0.0,0.0
8,17524492,-,20,59346874,+,PCPG,2114,TCGA-QT-A5XN-01A,TCGA-QT-A5XN-01A,1.0,0.0,0.0,0.0,0.0
8,38696998,+,20,59086814,-,PCPG,2115,TCGA-QT-A5XN-01A,TCGA-QT-A5XN-01A,1.0,0.0,0.0,0.0,0.0
8,144796275,-,19,387018,+,PCPG,2116,TCGA-QT-A5XN-01A,TCGA-QT-A5XN-01A,1.0,0.0,0.0,0.0,0.0
9,4920183,-,9,5013311,+,PCPG,2117,TCGA-QT-A5XN-01A,TCGA-QT-A5XN-01A,1.0,0.0,0.0,0.0,0.0
9,65079201,+,18,15598651,-,PCPG,2118,TCGA-QT-A5XN-01A,TCGA-QT-A5XN-01A,1.0,0.0,0.0,0.0,0.0
9,71728302,-,12,51931271,-,PCPG,2119,TCGA-QT-A5XN-01A,TCGA-QT-A5XN-01A,1.0,0.0,0.0,0.0,0.0
9,92162113,-,10,131058054,+,PCPG,2120,TCGA-QT-A5XN-01A,TCGA-QT-A5XN-01A,1.0,0.0,0.0,0.0,0.0
9,120710450,-,14,75762644,-,PCPG,2121,TCGA-QT-A5XN-01A,TCGA-QT-A5XN-01A,1.0,0.0,0.0,0.0,0.0
9,121044195,+,14,73965293,+,PCPG,2122,TCGA-QT-A5XN-01A,TCGA-QT-A5XN-01A,1.0,0.0,0.0,0.0,0.0
23,1048615,-,24,6479897,+,PCPG,2123,TCGA-QT-A5XN-01A,TCGA-QT-A5XN-01A,1.0,0.0,0.0,0.0,0.0
1,1551646,-,1,1586037,+,PCPG,2124,TCGA-QT-A5XO-01A,TCGA-QT-A5XO-01A,1.0,0.0,0.0,0.0,0.0
1,7282564,-,1,7325760,+,PCPG,2125,TCGA-QT-A5XO-01A,TCGA-QT-A5XO-01A,1.0,0.0,0.0,0.0,0.0
1,26749708,-,3,113838490,+,PCPG,2126,TCGA-QT-A5XO-01A,TCGA-QT-A5XO-01A,1.0,0.0,0.0,0.0,0.0
1,26903029,+,3,113586264,-,PCPG,2127,TCGA-QT-A5XO-01A,TCGA-QT-A5XO-01A,1.0,0.0,0.0,0.0,0.0
1,84269033,+,4,150359367,+,PCPG,2128,TCGA-QT-A5XO-01A,TCGA-QT-A5XO-01A,1.0,0.0,0.0,0.0,0.0
1,122267210,+,1,122390695,-,PCPG,2129,TCGA-QT-A5XO-01A,TCGA-QT-A5XO-01A,1.0,0.0,0.0,0.0,0.0
1,124440987,-,1,124443658,+,PCPG,2130,TCGA-QT-A5XO-01A,TCGA-QT-A5XO-01A,1.0,0.0,0.0,0.0,0.0
1,124656639,-,1,124658060,+,PCPG,2131,TCGA-QT-A5XO-01A,TCGA-QT-A5XO-01A,1.0,0.0,0.0,0.0,0.0
1,150213752,-,7,28636438,-,PCPG,2132,TCGA-QT-A5XO-01A,TCGA-QT-A5XO-01A,1.0,0.0,0.0,0.0,0.0
1,150293185,+,7,28741038,+,PCPG,2133,TCGA-QT-A5XO-01A,TCGA-QT-A5XO-01A,1.0,0.0,0.0,0.0,0.0
1,183858144,-,1,205047958,-,PCPG,2134,TCGA-QT-A5XO-01A,TCGA-QT-A5XO-01A,1.0,0.0,0.0,0.0,0.0
1,184100080,+,13,35479129,+,PCPG,2135,TCGA-QT-A5XO-01A,TCGA-QT-A5XO-01A,1.0,0.0,0.0,0.0,0.0
1,203242632,-,1,203327997,+,PCPG,2136,TCGA-QT-A5XO-01A,TCGA-QT-A5XO-01A,1.0,0.0,0.0,0.0,0.0
1,205263669,+,13,35289064,-,PCPG,2137,TCGA-QT-A5XO-01A,TCGA-QT-A5XO-01A,1.0,0.0,0.0,0.0,0.0
1,246583293,-,10,101954186,+,PCPG,2138,TCGA-QT-A5XO-01A,TCGA-QT-A5XO-01A,1.0,0.0,0.0,0.0,0.0
1,246810712,+,10,133145834,+,PCPG,2139,TCGA-QT-A5XO-01A,TCGA-QT-A5XO-01A,1.0,0.0,0.0,0.0,0.0
10,39223242,+,10,39228140,-,PCPG,2140,TCGA-QT-A5XO-01A,TCGA-QT-A5XO-01A,1.0,0.0,0.0,0.0,0.0
10,39410237,-,10,39411956,+,PCPG,2141,TCGA-QT-A5XO-01A,TCGA-QT-A5XO-01A,1.0,0.0,0.0,0.0,0.0
10,39561553,-,10,41709145,+,PCPG,2142,TCGA-QT-A5XO-01A,TCGA-QT-A5XO-01A,1.0,0.0,0.0,0.0,0.0
10,42769292,-,10,132974734,-,PCPG,2143,TCGA-QT-A5XO-01A,TCGA-QT-A5XO-01A,1.0,0.0,0.0,0.0,0.0
10,42967568,+,10,63591872,-,PCPG,2144,TCGA-QT-A5XO-01A,TCGA-QT-A5XO-01A,1.0,0.0,0.0,0.0,0.0
10,85082105,-,10,85136481,+,PCPG,2145,TCGA-QT-A5XO-01A,TCGA-QT-A5XO-01A,1.0,0.0,0.0,0.0,0.0
10,98296419,-,10,98332137,+,PCPG,2146,TCGA-QT-A5XO-01A,TCGA-QT-A5XO-01A,1.0,0.0,0.0,0.0,0.0
10,101738600,-,14,100528446,+,PCPG,2147,TCGA-QT-A5XO-01A,TCGA-QT-A5XO-01A,1.0,0.0,0.0,0.0,0.0
11,73913168,-,11,74008490,+,PCPG,2148,TCGA-QT-A5XO-01A,TCGA-QT-A5XO-01A,1.0,0.0,0.0,0.0,0.0
12,2993296,-,12,32810625,+,PCPG,2149,TCGA-QT-A5XO-01A,TCGA-QT-A5XO-01A,1.0,0.0,0.0,0.0,0.0
12,3212907,+,12,32641544,-,PCPG,2150,TCGA-QT-A5XO-01A,TCGA-QT-A5XO-01A,1.0,0.0,0.0,0.0,0.0
12,32751159,+,12,45359946,+,PCPG,2151,TCGA-QT-A5XO-01A,TCGA-QT-A5XO-01A,1.0,0.0,0.0,0.0,0.0
12,45265098,-,12,45351135,+,PCPG,2152,TCGA-QT-A5XO-01A,TCGA-QT-A5XO-01A,1.0,0.0,0.0,0.0,0.0
12,85968265,-,12,105137271,-,PCPG,2153,TCGA-QT-A5XO-01A,TCGA-QT-A5XO-01A,1.0,0.0,0.0,0.0,0.0
12,86169724,+,14,76798650,-,PCPG,2154,TCGA-QT-A5XO-01A,TCGA-QT-A5XO-01A,1.0,0.0,0.0,0.0,0.0
12,92131950,-,16,58409432,+,PCPG,2155,TCGA-QT-A5XO-01A,TCGA-QT-A5XO-01A,1.0,0.0,0.0,0.0,0.0
12,96072911,-,12,96165081,+,PCPG,2156,TCGA-QT-A5XO-01A,TCGA-QT-A5XO-01A,1.0,0.0,0.0,0.0,0.0
13,16645013,-,13,16646311,+,PCPG,2157,TCGA-QT-A5XO-01A,TCGA-QT-A5XO-01A,1.0,0.0,0.0,0.0,0.0
13,16984200,-,13,16985291,+,PCPG,2158,TCGA-QT-A5XO-01A,TCGA-QT-A5XO-01A,1.0,0.0,0.0,0.0,0.0
13,17253687,-,13,17255303,+,PCPG,2159,TCGA-QT-A5XO-01A,TCGA-QT-A5XO-01A,1.0,0.0,0.0,0.0,0.0
13,48894624,-,13,48911751,+,PCPG,2160,TCGA-QT-A5XO-01A,TCGA-QT-A5XO-01A,1.0,0.0,0.0,0.0,0.0
13,60127986,-,13,60150903,+,PCPG,2161,TCGA-QT-A5XO-01A,TCGA-QT-A5XO-01A,1.0,0.0,0.0,0.0,0.0
14,79522189,-,14,79569170,+,PCPG,2162,TCGA-QT-A5XO-01A,TCGA-QT-A5XO-01A,1.0,0.0,0.0,0.0,0.0
14,88950059,-,14,88972981,+,PCPG,2163,TCGA-QT-A5XO-01A,TCGA-QT-A5XO-01A,1.0,0.0,0.0,0.0,0.0
14,106328876,-,14,106354224,+,PCPG,2164,TCGA-QT-A5XO-01A,TCGA-QT-A5XO-01A,1.0,0.0,0.0,0.0,0.0
15,24300266,-,15,24508140,+,PCPG,2165,TCGA-QT-A5XO-01A,TCGA-QT-A5XO-01A,1.0,0.0,0.0,0.0,0.0
15,40488423,-,15,40548564,+,PCPG,2166,TCGA-QT-A5XO-01A,TCGA-QT-A5XO-01A,1.0,0.0,0.0,0.0,0.0
15,52123336,-,15,52352768,-,PCPG,2167,TCGA-QT-A5XO-01A,TCGA-QT-A5XO-01A,1.0,0.0,0.0,0.0,0.0
15,98976982,+,19,46940294,+,PCPG,2168,TCGA-QT-A5XO-01A,TCGA-QT-A5XO-01A,1.0,0.0,0.0,0.0,0.0
16,8636270,-,16,8703185,+,PCPG,2169,TCGA-QT-A5XO-01A,TCGA-QT-A5XO-01A,1.0,0.0,0.0,0.0,0.0
16,14001059,-,16,14033690,+,PCPG,2170,TCGA-QT-A5XO-01A,TCGA-QT-A5XO-01A,1.0,0.0,0.0,0.0,0.0
16,46665275,+,16,56532617,-,PCPG,2171,TCGA-QT-A5XO-01A,TCGA-QT-A5XO-01A,1.0,0.0,0.0,0.0,0.0
16,69392892,-,16,69585355,+,PCPG,2172,TCGA-QT-A5XO-01A,TCGA-QT-A5XO-01A,1.0,0.0,0.0,0.0,0.0
17,7894432,-,17,7951279,+,PCPG,2173,TCGA-QT-A5XO-01A,TCGA-QT-A5XO-01A,1.0,0.0,0.0,0.0,0.0
17,7971886,-,17,8003232,+,PCPG,2174,TCGA-QT-A5XO-01A,TCGA-QT-A5XO-01A,1.0,0.0,0.0,0.0,0.0
17,21731830,+,17,27004012,-,PCPG,2175,TCGA-QT-A5XO-01A,TCGA-QT-A5XO-01A,1.0,0.0,0.0,0.0,0.0
17,50673420,-,17,50712454,+,PCPG,2176,TCGA-QT-A5XO-01A,TCGA-QT-A5XO-01A,1.0,0.0,0.0,0.0,0.0
17,57679581,-,17,57728581,+,PCPG,2177,TCGA-QT-A5XO-01A,TCGA-QT-A5XO-01A,1.0,0.0,0.0,0.0,0.0
18,15791319,-,18,15793453,+,PCPG,2178,TCGA-QT-A5XO-01A,TCGA-QT-A5XO-01A,1.0,0.0,0.0,0.0,0.0
18,20938913,-,18,20940333,+,PCPG,2179,TCGA-QT-A5XO-01A,TCGA-QT-A5XO-01A,1.0,0.0,0.0,0.0,0.0
19,56224253,-,19,56244925,-,PCPG,2180,TCGA-QT-A5XO-01A,TCGA-QT-A5XO-01A,1.0,0.0,0.0,0.0,0.0
2,92132514,-,2,92133683,+,PCPG,2181,TCGA-QT-A5XO-01A,TCGA-QT-A5XO-01A,1.0,0.0,0.0,0.0,0.0
2,92216370,-,2,92218022,+,PCPG,2182,TCGA-QT-A5XO-01A,TCGA-QT-A5XO-01A,1.0,0.0,0.0,0.0,0.0
2,92498461,-,2,92499456,+,PCPG,2183,TCGA-QT-A5XO-01A,TCGA-QT-A5XO-01A,1.0,0.0,0.0,0.0,0.0
2,92572875,-,2,92573675,+,PCPG,2184,TCGA-QT-A5XO-01A,TCGA-QT-A5XO-01A,1.0,0.0,0.0,0.0,0.0
2,92934364,-,2,92935151,+,PCPG,2185,TCGA-QT-A5XO-01A,TCGA-QT-A5XO-01A,1.0,0.0,0.0,0.0,0.0
2,93042779,-,2,93045478,+,PCPG,2186,TCGA-QT-A5XO-01A,TCGA-QT-A5XO-01A,1.0,0.0,0.0,0.0,0.0
2,93177873,-,2,93178724,+,PCPG,2187,TCGA-QT-A5XO-01A,TCGA-QT-A5XO-01A,1.0,0.0,0.0,0.0,0.0
2,93416551,-,2,93417392,+,PCPG,2188,TCGA-QT-A5XO-01A,TCGA-QT-A5XO-01A,1.0,0.0,0.0,0.0,0.0
2,93559343,-,2,93560727,+,PCPG,2189,TCGA-QT-A5XO-01A,TCGA-QT-A5XO-01A,1.0,0.0,0.0,0.0,0.0
2,93931683,-,2,93933512,+,PCPG,2190,TCGA-QT-A5XO-01A,TCGA-QT-A5XO-01A,1.0,0.0,0.0,0.0,0.0
2,93945824,-,2,93947696,+,PCPG,2191,TCGA-QT-A5XO-01A,TCGA-QT-A5XO-01A,1.0,0.0,0.0,0.0,0.0
2,94065912,-,2,94066707,+,PCPG,2192,TCGA-QT-A5XO-01A,TCGA-QT-A5XO-01A,1.0,0.0,0.0,0.0,0.0
2,113277673,-,15,71386401,-,PCPG,2193,TCGA-QT-A5XO-01A,TCGA-QT-A5XO-01A,1.0,0.0,0.0,0.0,0.0
2,113279406,+,15,71388374,+,PCPG,2194,TCGA-QT-A5XO-01A,TCGA-QT-A5XO-01A,1.0,0.0,0.0,0.0,0.0
2,132810216,-,2,133051265,+,PCPG,2195,TCGA-QT-A5XO-01A,TCGA-QT-A5XO-01A,1.0,0.0,0.0,0.0,0.0
2,138139656,+,2,209707084,-,PCPG,2196,TCGA-QT-A5XO-01A,TCGA-QT-A5XO-01A,1.0,0.0,0.0,0.0,0.0
2,181313099,+,3,83155111,+,PCPG,2197,TCGA-QT-A5XO-01A,TCGA-QT-A5XO-01A,1.0,0.0,0.0,0.0,0.0
2,202187328,-,2,202219881,+,PCPG,2198,TCGA-QT-A5XO-01A,TCGA-QT-A5XO-01A,1.0,0.0,0.0,0.0,0.0
2,205139282,-,2,205146469,+,PCPG,2199,TCGA-QT-A5XO-01A,TCGA-QT-A5XO-01A,1.0,0.0,0.0,0.0,0.0
2,223871168,-,12,105362369,+,PCPG,2200,TCGA-QT-A5XO-01A,TCGA-QT-A5XO-01A,1.0,0.0,0.0,0.0,0.0
2,224207238,+,14,77062545,+,PCPG,2201,TCGA-QT-A5XO-01A,TCGA-QT-A5XO-01A,1.0,0.0,0.0,0.0,0.0
20,30995970,-,20,30997507,+,PCPG,2202,TCGA-QT-A5XO-01A,TCGA-QT-A5XO-01A,1.0,0.0,0.0,0.0,0.0
21,13852918,-,21,13977923,-,PCPG,2203,TCGA-QT-A5XO-01A,TCGA-QT-A5XO-01A,1.0,0.0,0.0,0.0,0.0
21,13854133,+,21,13946196,-,PCPG,2204,TCGA-QT-A5XO-01A,TCGA-QT-A5XO-01A,1.0,0.0,0.0,0.0,0.0
21,13946831,+,21,13955699,+,PCPG,2205,TCGA-QT-A5XO-01A,TCGA-QT-A5XO-01A,1.0,0.0,0.0,0.0,0.0
21,14664960,+,21,14670997,-,PCPG,2206,TCGA-QT-A5XO-01A,TCGA-QT-A5XO-01A,1.0,0.0,0.0,0.0,0.0
3,10049370,-,3,11871570,+,PCPG,2207,TCGA-QT-A5XO-01A,TCGA-QT-A5XO-01A,1.0,0.0,0.0,0.0,0.0
3,29170733,-,7,96518232,+,PCPG,2208,TCGA-QT-A5XO-01A,TCGA-QT-A5XO-01A,1.0,0.0,0.0,0.0,0.0
3,29538076,+,15,98976603,-,PCPG,2209,TCGA-QT-A5XO-01A,TCGA-QT-A5XO-01A,1.0,0.0,0.0,0.0,0.0
3,29538077,+,9,129269798,-,PCPG,2210,TCGA-QT-A5XO-01A,TCGA-QT-A5XO-01A,1.0,0.0,0.0,0.0,0.0
3,39958458,+,3,39985668,-,PCPG,2211,TCGA-QT-A5XO-01A,TCGA-QT-A5XO-01A,1.0,0.0,0.0,0.0,0.0
3,41179247,-,3,41182200,+,PCPG,2212,TCGA-QT-A5XO-01A,TCGA-QT-A5XO-01A,1.0,0.0,0.0,0.0,0.0
3,54643252,-,9,84241378,-,PCPG,2213,TCGA-QT-A5XO-01A,TCGA-QT-A5XO-01A,1.0,0.0,0.0,0.0,0.0
3,54953236,+,3,156515749,+,PCPG,2214,TCGA-QT-A5XO-01A,TCGA-QT-A5XO-01A,1.0,0.0,0.0,0.0,0.0
3,91113701,-,3,91221083,+,PCPG,2215,TCGA-QT-A5XO-01A,TCGA-QT-A5XO-01A,1.0,0.0,0.0,0.0,0.0
3,116225608,-,12,12512832,-,PCPG,2216,TCGA-QT-A5XO-01A,TCGA-QT-A5XO-01A,1.0,0.0,0.0,0.0,0.0
3,116335963,+,12,12563029,+,PCPG,2217,TCGA-QT-A5XO-01A,TCGA-QT-A5XO-01A,1.0,0.0,0.0,0.0,0.0
3,159898202,-,16,72311546,+,PCPG,2218,TCGA-QT-A5XO-01A,TCGA-QT-A5XO-01A,1.0,0.0,0.0,0.0,0.0
3,159932784,+,6,82103057,-,PCPG,2219,TCGA-QT-A5XO-01A,TCGA-QT-A5XO-01A,1.0,0.0,0.0,0.0,0.0
4,38280473,-,4,38528679,+,PCPG,2220,TCGA-QT-A5XO-01A,TCGA-QT-A5XO-01A,1.0,0.0,0.0,0.0,0.0
4,118974314,-,4,119102540,+,PCPG,2221,TCGA-QT-A5XO-01A,TCGA-QT-A5XO-01A,1.0,0.0,0.0,0.0,0.0
4,150359054,-,10,63591871,-,PCPG,2222,TCGA-QT-A5XO-01A,TCGA-QT-A5XO-01A,1.0,0.0,0.0,0.0,0.0
4,150359228,+,10,42967568,+,PCPG,2223,TCGA-QT-A5XO-01A,TCGA-QT-A5XO-01A,1.0,0.0,0.0,0.0,0.0
5,49847843,-,5,49850285,+,PCPG,2224,TCGA-QT-A5XO-01A,TCGA-QT-A5XO-01A,1.0,0.0,0.0,0.0,0.0
5,49851281,-,5,49853336,+,PCPG,2225,TCGA-QT-A5XO-01A,TCGA-QT-A5XO-01A,1.0,0.0,0.0,0.0,0.0
5,49951985,-,5,49954376,+,PCPG,2226,TCGA-QT-A5XO-01A,TCGA-QT-A5XO-01A,1.0,0.0,0.0,0.0,0.0
5,50040860,-,5,50043194,+,PCPG,2227,TCGA-QT-A5XO-01A,TCGA-QT-A5XO-01A,1.0,0.0,0.0,0.0,0.0
5,92647425,-,6,148357926,+,PCPG,2228,TCGA-QT-A5XO-01A,TCGA-QT-A5XO-01A,1.0,0.0,0.0,0.0,0.0
5,92774195,+,6,148260336,-,PCPG,2229,TCGA-QT-A5XO-01A,TCGA-QT-A5XO-01A,1.0,0.0,0.0,0.0,0.0
5,137121579,-,5,137323237,+,PCPG,2230,TCGA-QT-A5XO-01A,TCGA-QT-A5XO-01A,1.0,0.0,0.0,0.0,0.0
6,82197842,+,16,72257189,-,PCPG,2231,TCGA-QT-A5XO-01A,TCGA-QT-A5XO-01A,1.0,0.0,0.0,0.0,0.0
7,25980985,+,12,32751006,-,PCPG,2232,TCGA-QT-A5XO-01A,TCGA-QT-A5XO-01A,1.0,0.0,0.0,0.0,0.0
7,25980985,+,12,45359946,+,PCPG,2233,TCGA-QT-A5XO-01A,TCGA-QT-A5XO-01A,1.0,0.0,0.0,0.0,0.0
7,57889492,-,7,57891650,+,PCPG,2234,TCGA-QT-A5XO-01A,TCGA-QT-A5XO-01A,1.0,0.0,0.0,0.0,0.0
7,74532781,-,7,74539014,+,PCPG,2235,TCGA-QT-A5XO-01A,TCGA-QT-A5XO-01A,1.0,0.0,0.0,0.0,0.0
7,75023921,-,11,73494382,+,PCPG,2236,TCGA-QT-A5XO-01A,TCGA-QT-A5XO-01A,1.0,0.0,0.0,0.0,0.0
7,92709972,-,7,92834853,+,PCPG,2237,TCGA-QT-A5XO-01A,TCGA-QT-A5XO-01A,1.0,0.0,0.0,0.0,0.0
7,96182771,-,9,127742116,+,PCPG,2238,TCGA-QT-A5XO-01A,TCGA-QT-A5XO-01A,1.0,0.0,0.0,0.0,0.0
7,107265839,-,7,107490888,+,PCPG,2239,TCGA-QT-A5XO-01A,TCGA-QT-A5XO-01A,1.0,0.0,0.0,0.0,0.0
8,17729769,-,8,140536618,+,PCPG,2240,TCGA-QT-A5XO-01A,TCGA-QT-A5XO-01A,1.0,0.0,0.0,0.0,0.0
8,17729978,-,12,32642840,+,PCPG,2241,TCGA-QT-A5XO-01A,TCGA-QT-A5XO-01A,1.0,0.0,0.0,0.0,0.0
8,17729979,-,8,140536456,+,PCPG,2242,TCGA-QT-A5XO-01A,TCGA-QT-A5XO-01A,1.0,0.0,0.0,0.0,0.0
8,18011586,+,10,63843294,+,PCPG,2243,TCGA-QT-A5XO-01A,TCGA-QT-A5XO-01A,1.0,0.0,0.0,0.0,0.0
8,47338751,+,8,50684538,-,PCPG,2244,TCGA-QT-A5XO-01A,TCGA-QT-A5XO-01A,1.0,0.0,0.0,0.0,0.0
8,47854358,-,8,85409852,-,PCPG,2245,TCGA-QT-A5XO-01A,TCGA-QT-A5XO-01A,1.0,0.0,0.0,0.0,0.0
8,50435029,+,8,79612430,-,PCPG,2246,TCGA-QT-A5XO-01A,TCGA-QT-A5XO-01A,1.0,0.0,0.0,0.0,0.0
8,57555354,-,8,84888949,-,PCPG,2247,TCGA-QT-A5XO-01A,TCGA-QT-A5XO-01A,1.0,0.0,0.0,0.0,0.0
8,64181841,+,8,78509981,+,PCPG,2248,TCGA-QT-A5XO-01A,TCGA-QT-A5XO-01A,1.0,0.0,0.0,0.0,0.0
8,64661702,-,8,79499685,-,PCPG,2249,TCGA-QT-A5XO-01A,TCGA-QT-A5XO-01A,1.0,0.0,0.0,0.0,0.0
8,79582802,+,8,83900925,+,PCPG,2250,TCGA-QT-A5XO-01A,TCGA-QT-A5XO-01A,1.0,0.0,0.0,0.0,0.0
8,80213597,-,23,68650835,+,PCPG,2251,TCGA-QT-A5XO-01A,TCGA-QT-A5XO-01A,1.0,0.0,0.0,0.0,0.0
8,82556500,+,8,83772418,+,PCPG,2252,TCGA-QT-A5XO-01A,TCGA-QT-A5XO-01A,1.0,0.0,0.0,0.0,0.0
8,84643147,-,8,87141075,+,PCPG,2253,TCGA-QT-A5XO-01A,TCGA-QT-A5XO-01A,1.0,0.0,0.0,0.0,0.0
8,84644973,+,8,87155560,-,PCPG,2254,TCGA-QT-A5XO-01A,TCGA-QT-A5XO-01A,1.0,0.0,0.0,0.0,0.0
8,84678624,-,8,87159802,+,PCPG,2255,TCGA-QT-A5XO-01A,TCGA-QT-A5XO-01A,1.0,0.0,0.0,0.0,0.0
8,100466893,-,8,100488551,+,PCPG,2256,TCGA-QT-A5XO-01A,TCGA-QT-A5XO-01A,1.0,0.0,0.0,0.0,0.0
8,102984370,-,12,32750605,-,PCPG,2257,TCGA-QT-A5XO-01A,TCGA-QT-A5XO-01A,1.0,0.0,0.0,0.0,0.0
8,103259624,+,12,32970429,+,PCPG,2258,TCGA-QT-A5XO-01A,TCGA-QT-A5XO-01A,1.0,0.0,0.0,0.0,0.0
8,117252396,-,9,33692677,-,PCPG,2259,TCGA-QT-A5XO-01A,TCGA-QT-A5XO-01A,1.0,0.0,0.0,0.0,0.0
8,117351687,+,9,33741685,+,PCPG,2260,TCGA-QT-A5XO-01A,TCGA-QT-A5XO-01A,1.0,0.0,0.0,0.0,0.0
8,140395435,-,15,98812699,-,PCPG,2261,TCGA-QT-A5XO-01A,TCGA-QT-A5XO-01A,1.0,0.0,0.0,0.0,0.0
8,140536456,+,12,32642479,-,PCPG,2262,TCGA-QT-A5XO-01A,TCGA-QT-A5XO-01A,1.0,0.0,0.0,0.0,0.0
9,10208602,+,10,127849029,-,PCPG,2263,TCGA-QT-A5XO-01A,TCGA-QT-A5XO-01A,1.0,0.0,0.0,0.0,0.0
9,19090501,-,9,19195097,+,PCPG,2264,TCGA-QT-A5XO-01A,TCGA-QT-A5XO-01A,1.0,0.0,0.0,0.0,0.0
9,36339638,+,10,84565191,+,PCPG,2265,TCGA-QT-A5XO-01A,TCGA-QT-A5XO-01A,1.0,0.0,0.0,0.0,0.0
9,81555755,+,12,45058834,-,PCPG,2266,TCGA-QT-A5XO-01A,TCGA-QT-A5XO-01A,1.0,0.0,0.0,0.0,0.0
9,117730046,-,9,117816586,+,PCPG,2267,TCGA-QT-A5XO-01A,TCGA-QT-A5XO-01A,1.0,0.0,0.0,0.0,0.0
9,127476011,-,22,20425373,+,PCPG,2268,TCGA-QT-A5XO-01A,TCGA-QT-A5XO-01A,1.0,0.0,0.0,0.0,0.0
9,129269797,-,15,98976854,+,PCPG,2269,TCGA-QT-A5XO-01A,TCGA-QT-A5XO-01A,1.0,0.0,0.0,0.0,0.0
9,129514331,+,14,100276131,-,PCPG,2270,TCGA-QT-A5XO-01A,TCGA-QT-A5XO-01A,1.0,0.0,0.0,0.0,0.0
23,119623762,-,23,119813937,+,PCPG,2271,TCGA-QT-A5XO-01A,TCGA-QT-A5XO-01A,1.0,0.0,0.0,0.0,0.0
1,43732464,+,20,63516590,+,PCPG,2272,TCGA-QT-A5XP-01A,TCGA-QT-A5XP-01A,1.0,0.0,0.0,0.0,0.0
1,229518765,+,1,229525163,-,PCPG,2273,TCGA-QT-A5XP-01A,TCGA-QT-A5XP-01A,1.0,0.0,0.0,0.0,0.0
10,59817223,+,10,59817968,-,PCPG,2274,TCGA-QT-A5XP-01A,TCGA-QT-A5XP-01A,1.0,0.0,0.0,0.0,0.0
11,8532514,-,11,8730826,+,PCPG,2275,TCGA-QT-A5XP-01A,TCGA-QT-A5XP-01A,1.0,0.0,0.0,0.0,0.0
12,63781397,+,12,63801929,-,PCPG,2276,TCGA-QT-A5XP-01A,TCGA-QT-A5XP-01A,1.0,0.0,0.0,0.0,0.0
13,16866648,-,13,17328407,+,PCPG,2277,TCGA-QT-A5XP-01A,TCGA-QT-A5XP-01A,1.0,0.0,0.0,0.0,0.0
13,62399885,+,13,62416043,-,PCPG,2278,TCGA-QT-A5XP-01A,TCGA-QT-A5XP-01A,1.0,0.0,0.0,0.0,0.0
13,93318806,+,14,69124824,+,PCPG,2279,TCGA-QT-A5XP-01A,TCGA-QT-A5XP-01A,1.0,0.0,0.0,0.0,0.0
14,57390691,+,14,57391422,-,PCPG,2280,TCGA-QT-A5XP-01A,TCGA-QT-A5XP-01A,1.0,0.0,0.0,0.0,0.0
16,10540497,+,16,10541039,-,PCPG,2281,TCGA-QT-A5XP-01A,TCGA-QT-A5XP-01A,1.0,0.0,0.0,0.0,0.0
17,22913239,-,17,23193255,+,PCPG,2282,TCGA-QT-A5XP-01A,TCGA-QT-A5XP-01A,1.0,0.0,0.0,0.0,0.0
2,20301278,-,14,37449052,-,PCPG,2283,TCGA-QT-A5XP-01A,TCGA-QT-A5XP-01A,1.0,0.0,0.0,0.0,0.0
2,20301480,+,2,26845474,-,PCPG,2284,TCGA-QT-A5XP-01A,TCGA-QT-A5XP-01A,1.0,0.0,0.0,0.0,0.0
2,26845449,+,17,45855784,-,PCPG,2285,TCGA-QT-A5XP-01A,TCGA-QT-A5XP-01A,1.0,0.0,0.0,0.0,0.0
3,26082438,-,7,28912690,-,PCPG,2286,TCGA-QT-A5XP-01A,TCGA-QT-A5XP-01A,1.0,0.0,0.0,0.0,0.0
3,113804998,+,17,31229440,-,PCPG,2287,TCGA-QT-A5XP-01A,TCGA-QT-A5XP-01A,1.0,0.0,0.0,0.0,0.0
3,114020835,-,17,31229391,+,PCPG,2288,TCGA-QT-A5XP-01A,TCGA-QT-A5XP-01A,1.0,0.0,0.0,0.0,0.0
3,124178115,-,3,124384163,+,PCPG,2289,TCGA-QT-A5XP-01A,TCGA-QT-A5XP-01A,1.0,0.0,0.0,0.0,0.0
3,188569250,+,3,188570044,-,PCPG,2290,TCGA-QT-A5XP-01A,TCGA-QT-A5XP-01A,1.0,0.0,0.0,0.0,0.0
3,188796767,-,3,188905452,+,PCPG,2291,TCGA-QT-A5XP-01A,TCGA-QT-A5XP-01A,1.0,0.0,0.0,0.0,0.0
4,5294474,+,13,92697187,-,PCPG,2292,TCGA-QT-A5XP-01A,TCGA-QT-A5XP-01A,1.0,0.0,0.0,0.0,0.0
4,50004932,+,4,51644574,-,PCPG,2293,TCGA-QT-A5XP-01A,TCGA-QT-A5XP-01A,1.0,0.0,0.0,0.0,0.0
4,92649146,-,15,56670008,+,PCPG,2294,TCGA-QT-A5XP-01A,TCGA-QT-A5XP-01A,1.0,0.0,0.0,0.0,0.0
5,47027079,-,5,47048758,+,PCPG,2295,TCGA-QT-A5XP-01A,TCGA-QT-A5XP-01A,1.0,0.0,0.0,0.0,0.0
5,164604977,+,13,65289383,+,PCPG,2296,TCGA-QT-A5XP-01A,TCGA-QT-A5XP-01A,1.0,0.0,0.0,0.0,0.0
6,56527205,-,6,56535504,+,PCPG,2297,TCGA-QT-A5XP-01A,TCGA-QT-A5XP-01A,1.0,0.0,0.0,0.0,0.0
7,10517498,+,7,10528468,-,PCPG,2298,TCGA-QT-A5XP-01A,TCGA-QT-A5XP-01A,1.0,0.0,0.0,0.0,0.0
7,20525728,-,13,93318897,-,PCPG,2299,TCGA-QT-A5XP-01A,TCGA-QT-A5XP-01A,1.0,0.0,0.0,0.0,0.0
7,65900089,+,8,70232892,+,PCPG,2300,TCGA-QT-A5XP-01A,TCGA-QT-A5XP-01A,1.0,0.0,0.0,0.0,0.0
7,140398848,-,7,140402887,+,PCPG,2301,TCGA-QT-A5XP-01A,TCGA-QT-A5XP-01A,1.0,0.0,0.0,0.0,0.0
8,8526022,-,16,19321583,-,PCPG,2302,TCGA-QT-A5XP-01A,TCGA-QT-A5XP-01A,1.0,0.0,0.0,0.0,0.0
8,30768527,+,8,30769235,-,PCPG,2303,TCGA-QT-A5XP-01A,TCGA-QT-A5XP-01A,1.0,0.0,0.0,0.0,0.0
8,80994065,-,14,37371691,+,PCPG,2304,TCGA-QT-A5XP-01A,TCGA-QT-A5XP-01A,1.0,0.0,0.0,0.0,0.0
8,80994173,+,20,63516599,-,PCPG,2305,TCGA-QT-A5XP-01A,TCGA-QT-A5XP-01A,1.0,0.0,0.0,0.0,0.0
9,8484779,-,14,19170805,+,PCPG,2306,TCGA-QT-A5XP-01A,TCGA-QT-A5XP-01A,1.0,0.0,0.0,0.0,0.0
18,15470437,-,18,15686746,+,PCPG,2307,TCGA-QT-A69Q-01A,TCGA-QT-A69Q-01A,1.0,0.0,0.0,0.0,0.0
18,15573999,+,18,15762332,-,PCPG,2308,TCGA-QT-A69Q-01A,TCGA-QT-A69Q-01A,1.0,0.0,0.0,0.0,0.0
18,15752682,-,18,15764634,+,PCPG,2309,TCGA-QT-A69Q-01A,TCGA-QT-A69Q-01A,1.0,0.0,0.0,0.0,0.0
3,155814068,-,3,155945178,-,PCPG,2310,TCGA-QT-A69Q-01A,TCGA-QT-A69Q-01A,1.0,0.0,0.0,0.0,0.0
4,164434848,+,12,96551539,+,PCPG,2311,TCGA-QT-A69Q-01A,TCGA-QT-A69Q-01A,1.0,0.0,0.0,0.0,0.0
5,49762648,+,5,49784634,-,PCPG,2312,TCGA-QT-A69Q-01A,TCGA-QT-A69Q-01A,1.0,0.0,0.0,0.0,0.0
6,69758442,-,6,73071777,+,PCPG,2313,TCGA-QT-A69Q-01A,TCGA-QT-A69Q-01A,1.0,0.0,0.0,0.0,0.0
7,89890593,+,8,47401272,+,PCPG,2314,TCGA-QT-A69Q-01A,TCGA-QT-A69Q-01A,1.0,0.0,0.0,0.0,0.0
9,11110593,-,12,78931434,+,PCPG,2315,TCGA-QT-A69Q-01A,TCGA-QT-A69Q-01A,1.0,0.0,0.0,0.0,0.0
9,40545737,-,9,43176081,+,PCPG,2316,TCGA-QT-A69Q-01A,TCGA-QT-A69Q-01A,1.0,0.0,0.0,0.0,0.0
1,219475618,+,3,188142294,-,PCPG,2317,TCGA-QT-A7U0-01A,TCGA-QT-A7U0-01A,1.0,0.0,0.0,0.0,0.0
11,46895041,-,20,23339429,-,PCPG,2318,TCGA-QT-A7U0-01A,TCGA-QT-A7U0-01A,1.0,0.0,0.0,0.0,0.0
11,54353743,-,11,54420144,+,PCPG,2319,TCGA-QT-A7U0-01A,TCGA-QT-A7U0-01A,1.0,0.0,0.0,0.0,0.0
12,34775331,-,12,34804618,+,PCPG,2320,TCGA-QT-A7U0-01A,TCGA-QT-A7U0-01A,1.0,0.0,0.0,0.0,0.0
12,36146301,-,12,36542719,+,PCPG,2321,TCGA-QT-A7U0-01A,TCGA-QT-A7U0-01A,1.0,0.0,0.0,0.0,0.0
13,16571244,+,13,16586154,-,PCPG,2322,TCGA-QT-A7U0-01A,TCGA-QT-A7U0-01A,1.0,0.0,0.0,0.0,0.0
14,18675883,-,22,15597043,+,PCPG,2323,TCGA-QT-A7U0-01A,TCGA-QT-A7U0-01A,1.0,0.0,0.0,0.0,0.0
14,102094572,-,15,77185794,+,PCPG,2324,TCGA-QT-A7U0-01A,TCGA-QT-A7U0-01A,1.0,0.0,0.0,0.0,0.0
16,65536819,-,16,78144452,-,PCPG,2325,TCGA-QT-A7U0-01A,TCGA-QT-A7U0-01A,1.0,0.0,0.0,0.0,0.0
17,22874923,+,17,22894075,-,PCPG,2326,TCGA-QT-A7U0-01A,TCGA-QT-A7U0-01A,1.0,0.0,0.0,0.0,0.0
17,22913254,-,17,23193260,+,PCPG,2327,TCGA-QT-A7U0-01A,TCGA-QT-A7U0-01A,1.0,0.0,0.0,0.0,0.0
17,23131358,+,17,26628766,-,PCPG,2328,TCGA-QT-A7U0-01A,TCGA-QT-A7U0-01A,1.0,0.0,0.0,0.0,0.0
19,34870395,-,23,1930947,+,PCPG,2329,TCGA-QT-A7U0-01A,TCGA-QT-A7U0-01A,1.0,0.0,0.0,0.0,0.0
20,23401150,-,22,32682069,+,PCPG,2330,TCGA-QT-A7U0-01A,TCGA-QT-A7U0-01A,1.0,0.0,0.0,0.0,0.0
20,29266614,-,24,10227182,-,PCPG,2331,TCGA-QT-A7U0-01A,TCGA-QT-A7U0-01A,1.0,0.0,0.0,0.0,0.0
21,17043147,+,21,17044574,-,PCPG,2332,TCGA-QT-A7U0-01A,TCGA-QT-A7U0-01A,1.0,0.0,0.0,0.0,0.0
5,18538938,-,23,114472256,+,PCPG,2333,TCGA-QT-A7U0-01A,TCGA-QT-A7U0-01A,1.0,0.0,0.0,0.0,0.0
5,47026964,-,5,47048503,+,PCPG,2334,TCGA-QT-A7U0-01A,TCGA-QT-A7U0-01A,1.0,0.0,0.0,0.0,0.0
5,49676392,+,5,49716393,-,PCPG,2335,TCGA-QT-A7U0-01A,TCGA-QT-A7U0-01A,1.0,0.0,0.0,0.0,0.0
5,49678873,-,5,49690685,+,PCPG,2336,TCGA-QT-A7U0-01A,TCGA-QT-A7U0-01A,1.0,0.0,0.0,0.0,0.0
7,117002843,+,9,90881690,+,PCPG,2337,TCGA-QT-A7U0-01A,TCGA-QT-A7U0-01A,1.0,0.0,0.0,0.0,0.0
8,103118177,+,19,8931918,-,PCPG,2338,TCGA-QT-A7U0-01A,TCGA-QT-A7U0-01A,1.0,0.0,0.0,0.0,0.0
24,19429419,-,24,19430184,+,PCPG,2339,TCGA-QT-A7U0-01A,TCGA-QT-A7U0-01A,1.0,0.0,0.0,0.0,0.0
1,38883289,-,5,161102272,-,PCPG,2340,TCGA-RM-A68T-01A,TCGA-RM-A68T-01A,1.0,0.0,0.0,0.0,0.0
1,89412438,-,1,89414910,+,PCPG,2341,TCGA-RM-A68T-01A,TCGA-RM-A68T-01A,1.0,0.0,0.0,0.0,0.0
1,121755728,-,1,121757257,+,PCPG,2342,TCGA-RM-A68T-01A,TCGA-RM-A68T-01A,1.0,0.0,0.0,0.0,0.0
1,122697386,-,1,122698761,+,PCPG,2343,TCGA-RM-A68T-01A,TCGA-RM-A68T-01A,1.0,0.0,0.0,0.0,0.0
1,123024935,-,1,123026368,+,PCPG,2344,TCGA-RM-A68T-01A,TCGA-RM-A68T-01A,1.0,0.0,0.0,0.0,0.0
1,123400815,-,1,123402333,+,PCPG,2345,TCGA-RM-A68T-01A,TCGA-RM-A68T-01A,1.0,0.0,0.0,0.0,0.0
1,123429712,-,1,123431058,+,PCPG,2346,TCGA-RM-A68T-01A,TCGA-RM-A68T-01A,1.0,0.0,0.0,0.0,0.0
1,123471934,-,1,123473436,+,PCPG,2347,TCGA-RM-A68T-01A,TCGA-RM-A68T-01A,1.0,0.0,0.0,0.0,0.0
1,123482372,-,1,123484100,+,PCPG,2348,TCGA-RM-A68T-01A,TCGA-RM-A68T-01A,1.0,0.0,0.0,0.0,0.0
1,123896738,-,1,123898430,+,PCPG,2349,TCGA-RM-A68T-01A,TCGA-RM-A68T-01A,1.0,0.0,0.0,0.0,0.0
1,123943017,-,1,123944444,+,PCPG,2350,TCGA-RM-A68T-01A,TCGA-RM-A68T-01A,1.0,0.0,0.0,0.0,0.0
1,124137257,-,1,124138213,+,PCPG,2351,TCGA-RM-A68T-01A,TCGA-RM-A68T-01A,1.0,0.0,0.0,0.0,0.0
1,124252725,-,1,124255104,+,PCPG,2352,TCGA-RM-A68T-01A,TCGA-RM-A68T-01A,1.0,0.0,0.0,0.0,0.0
1,124415723,-,1,124416987,+,PCPG,2353,TCGA-RM-A68T-01A,TCGA-RM-A68T-01A,1.0,0.0,0.0,0.0,0.0
1,124440977,-,1,124443666,+,PCPG,2354,TCGA-RM-A68T-01A,TCGA-RM-A68T-01A,1.0,0.0,0.0,0.0,0.0
1,124520873,-,1,124522177,+,PCPG,2355,TCGA-RM-A68T-01A,TCGA-RM-A68T-01A,1.0,0.0,0.0,0.0,0.0
1,124697261,-,1,124698229,+,PCPG,2356,TCGA-RM-A68T-01A,TCGA-RM-A68T-01A,1.0,0.0,0.0,0.0,0.0
11,50741796,-,19,27398012,-,PCPG,2357,TCGA-RM-A68T-01A,TCGA-RM-A68T-01A,1.0,0.0,0.0,0.0,0.0
11,86776260,+,15,67930457,-,PCPG,2358,TCGA-RM-A68T-01A,TCGA-RM-A68T-01A,1.0,0.0,0.0,0.0,0.0
12,34899798,-,12,34900540,+,PCPG,2359,TCGA-RM-A68T-01A,TCGA-RM-A68T-01A,1.0,0.0,0.0,0.0,0.0
12,35509549,-,12,35511268,+,PCPG,2360,TCGA-RM-A68T-01A,TCGA-RM-A68T-01A,1.0,0.0,0.0,0.0,0.0
12,36679694,-,12,36681239,+,PCPG,2361,TCGA-RM-A68T-01A,TCGA-RM-A68T-01A,1.0,0.0,0.0,0.0,0.0
13,16566260,-,13,16568311,+,PCPG,2362,TCGA-RM-A68T-01A,TCGA-RM-A68T-01A,1.0,0.0,0.0,0.0,0.0
13,16753639,-,13,16755378,+,PCPG,2363,TCGA-RM-A68T-01A,TCGA-RM-A68T-01A,1.0,0.0,0.0,0.0,0.0
13,17445850,-,13,17447050,+,PCPG,2364,TCGA-RM-A68T-01A,TCGA-RM-A68T-01A,1.0,0.0,0.0,0.0,0.0
14,102094600,-,15,77185775,+,PCPG,2365,TCGA-RM-A68T-01A,TCGA-RM-A68T-01A,1.0,0.0,0.0,0.0,0.0
15,17007990,-,15,17010081,+,PCPG,2366,TCGA-RM-A68T-01A,TCGA-RM-A68T-01A,1.0,0.0,0.0,0.0,0.0
15,17499480,-,15,18351612,+,PCPG,2367,TCGA-RM-A68T-01A,TCGA-RM-A68T-01A,1.0,0.0,0.0,0.0,0.0
16,34255954,-,16,36322609,+,PCPG,2368,TCGA-RM-A68T-01A,TCGA-RM-A68T-01A,1.0,0.0,0.0,0.0,0.0
17,21672181,+,20,25851199,-,PCPG,2369,TCGA-RM-A68T-01A,TCGA-RM-A68T-01A,1.0,0.0,0.0,0.0,0.0
17,21672369,-,20,25851913,+,PCPG,2370,TCGA-RM-A68T-01A,TCGA-RM-A68T-01A,1.0,0.0,0.0,0.0,0.0
17,26624555,-,17,26626610,+,PCPG,2371,TCGA-RM-A68T-01A,TCGA-RM-A68T-01A,1.0,0.0,0.0,0.0,0.0
17,26627473,-,17,26628765,+,PCPG,2372,TCGA-RM-A68T-01A,TCGA-RM-A68T-01A,1.0,0.0,0.0,0.0,0.0
17,45338030,-,17,45371977,+,PCPG,2373,TCGA-RM-A68T-01A,TCGA-RM-A68T-01A,1.0,0.0,0.0,0.0,0.0
18,15791221,-,18,15793316,+,PCPG,2374,TCGA-RM-A68T-01A,TCGA-RM-A68T-01A,1.0,0.0,0.0,0.0,0.0
18,17306419,-,18,17308196,+,PCPG,2375,TCGA-RM-A68T-01A,TCGA-RM-A68T-01A,1.0,0.0,0.0,0.0,0.0
2,94065927,-,2,94066795,+,PCPG,2376,TCGA-RM-A68T-01A,TCGA-RM-A68T-01A,1.0,0.0,0.0,0.0,0.0
2,222148005,-,2,222150210,+,PCPG,2377,TCGA-RM-A68T-01A,TCGA-RM-A68T-01A,1.0,0.0,0.0,0.0,0.0
20,29292705,+,24,10204579,+,PCPG,2378,TCGA-RM-A68T-01A,TCGA-RM-A68T-01A,1.0,0.0,0.0,0.0,0.0
20,29350546,+,20,29788134,-,PCPG,2379,TCGA-RM-A68T-01A,TCGA-RM-A68T-01A,1.0,0.0,0.0,0.0,0.0
3,25619610,+,4,132712817,+,PCPG,2380,TCGA-RM-A68T-01A,TCGA-RM-A68T-01A,1.0,0.0,0.0,0.0,0.0
3,90791659,-,3,90793495,+,PCPG,2381,TCGA-RM-A68T-01A,TCGA-RM-A68T-01A,1.0,0.0,0.0,0.0,0.0
3,90928528,-,3,90930509,+,PCPG,2382,TCGA-RM-A68T-01A,TCGA-RM-A68T-01A,1.0,0.0,0.0,0.0,0.0
3,108530854,-,3,108546594,+,PCPG,2383,TCGA-RM-A68T-01A,TCGA-RM-A68T-01A,1.0,0.0,0.0,0.0,0.0
7,44523090,+,21,38507901,-,PCPG,2384,TCGA-RM-A68T-01A,TCGA-RM-A68T-01A,1.0,0.0,0.0,0.0,0.0
8,26458746,-,8,26481794,+,PCPG,2385,TCGA-RM-A68T-01A,TCGA-RM-A68T-01A,1.0,0.0,0.0,0.0,0.0
8,101539089,-,8,101549969,+,PCPG,2386,TCGA-RM-A68T-01A,TCGA-RM-A68T-01A,1.0,0.0,0.0,0.0,0.0
8,121970059,-,11,34877969,+,PCPG,2387,TCGA-RM-A68T-01A,TCGA-RM-A68T-01A,1.0,0.0,0.0,0.0,0.0
9,60518545,-,9,60519843,+,PCPG,2388,TCGA-RM-A68T-01A,TCGA-RM-A68T-01A,1.0,0.0,0.0,0.0,0.0
9,132479087,-,9,132506225,+,PCPG,2389,TCGA-RM-A68T-01A,TCGA-RM-A68T-01A,1.0,0.0,0.0,0.0,0.0
1,77433414,-,8,133313541,-,PCPG,2390,TCGA-RM-A68W-01A,TCGA-RM-A68W-01A,1.0,0.0,0.0,0.0,0.0
1,152104262,+,23,89128269,+,PCPG,2391,TCGA-RM-A68W-01A,TCGA-RM-A68W-01A,1.0,0.0,0.0,0.0,0.0
1,168217338,+,13,32717845,+,PCPG,2392,TCGA-RM-A68W-01A,TCGA-RM-A68W-01A,1.0,0.0,0.0,0.0,0.0
1,216050581,-,6,89898223,+,PCPG,2393,TCGA-RM-A68W-01A,TCGA-RM-A68W-01A,1.0,0.0,0.0,0.0,0.0
10,4943372,+,10,5018959,+,PCPG,2394,TCGA-RM-A68W-01A,TCGA-RM-A68W-01A,1.0,0.0,0.0,0.0,0.0
2,95846908,+,2,113393748,+,PCPG,2395,TCGA-RM-A68W-01A,TCGA-RM-A68W-01A,1.0,0.0,0.0,0.0,0.0
4,12598570,+,11,83907554,+,PCPG,2396,TCGA-RM-A68W-01A,TCGA-RM-A68W-01A,1.0,0.0,0.0,0.0,0.0
4,12601032,-,4,52291377,+,PCPG,2397,TCGA-RM-A68W-01A,TCGA-RM-A68W-01A,1.0,0.0,0.0,0.0,0.0
4,12788971,+,4,41357121,-,PCPG,2398,TCGA-RM-A68W-01A,TCGA-RM-A68W-01A,1.0,0.0,0.0,0.0,0.0
4,13610236,-,4,52194691,-,PCPG,2399,TCGA-RM-A68W-01A,TCGA-RM-A68W-01A,1.0,0.0,0.0,0.0,0.0
4,41342376,+,4,41661923,+,PCPG,2400,TCGA-RM-A68W-01A,TCGA-RM-A68W-01A,1.0,0.0,0.0,0.0,0.0
4,41640550,-,4,52306844,-,PCPG,2401,TCGA-RM-A68W-01A,TCGA-RM-A68W-01A,1.0,0.0,0.0,0.0,0.0
4,41669888,-,4,41784844,-,PCPG,2402,TCGA-RM-A68W-01A,TCGA-RM-A68W-01A,1.0,0.0,0.0,0.0,0.0
4,41778088,+,11,9848048,-,PCPG,2403,TCGA-RM-A68W-01A,TCGA-RM-A68W-01A,1.0,0.0,0.0,0.0,0.0
4,52013244,-,4,127018791,+,PCPG,2404,TCGA-RM-A68W-01A,TCGA-RM-A68W-01A,1.0,0.0,0.0,0.0,0.0
4,52067733,-,4,52501619,+,PCPG,2405,TCGA-RM-A68W-01A,TCGA-RM-A68W-01A,1.0,0.0,0.0,0.0,0.0
4,52188834,+,4,127021706,-,PCPG,2406,TCGA-RM-A68W-01A,TCGA-RM-A68W-01A,1.0,0.0,0.0,0.0,0.0
4,52214949,+,4,75461495,-,PCPG,2407,TCGA-RM-A68W-01A,TCGA-RM-A68W-01A,1.0,0.0,0.0,0.0,0.0
4,52263527,-,11,9884166,+,PCPG,2408,TCGA-RM-A68W-01A,TCGA-RM-A68W-01A,1.0,0.0,0.0,0.0,0.0
4,52295736,-,4,52506695,-,PCPG,2409,TCGA-RM-A68W-01A,TCGA-RM-A68W-01A,1.0,0.0,0.0,0.0,0.0
4,75461843,+,11,9927333,-,PCPG,2410,TCGA-RM-A68W-01A,TCGA-RM-A68W-01A,1.0,0.0,0.0,0.0,0.0
1,89412384,-,1,89414945,+,PCPG,2411,TCGA-RT-A6Y9-01A,TCGA-RT-A6Y9-01A,1.0,0.0,0.0,0.0,0.0
1,122426953,-,1,122458647,+,PCPG,2412,TCGA-RT-A6Y9-01A,TCGA-RT-A6Y9-01A,1.0,0.0,0.0,0.0,0.0
10,39960899,-,10,39963827,+,PCPG,2413,TCGA-RT-A6Y9-01A,TCGA-RT-A6Y9-01A,1.0,0.0,0.0,0.0,0.0
11,53333647,+,11,53706581,-,PCPG,2414,TCGA-RT-A6Y9-01A,TCGA-RT-A6Y9-01A,1.0,0.0,0.0,0.0,0.0
13,16631417,-,13,16668494,+,PCPG,2415,TCGA-RT-A6Y9-01A,TCGA-RT-A6Y9-01A,1.0,0.0,0.0,0.0,0.0
13,16702686,-,13,16704259,+,PCPG,2416,TCGA-RT-A6Y9-01A,TCGA-RT-A6Y9-01A,1.0,0.0,0.0,0.0,0.0
13,16806333,-,13,16807976,+,PCPG,2417,TCGA-RT-A6Y9-01A,TCGA-RT-A6Y9-01A,1.0,0.0,0.0,0.0,0.0
13,16841518,-,13,16843569,+,PCPG,2418,TCGA-RT-A6Y9-01A,TCGA-RT-A6Y9-01A,1.0,0.0,0.0,0.0,0.0
13,17237408,-,13,17240508,+,PCPG,2419,TCGA-RT-A6Y9-01A,TCGA-RT-A6Y9-01A,1.0,0.0,0.0,0.0,0.0
13,17275607,-,13,17278571,+,PCPG,2420,TCGA-RT-A6Y9-01A,TCGA-RT-A6Y9-01A,1.0,0.0,0.0,0.0,0.0
15,17007950,-,15,17010066,+,PCPG,2421,TCGA-RT-A6Y9-01A,TCGA-RT-A6Y9-01A,1.0,0.0,0.0,0.0,0.0
18,15656900,+,18,15684391,-,PCPG,2422,TCGA-RT-A6Y9-01A,TCGA-RT-A6Y9-01A,1.0,0.0,0.0,0.0,0.0
2,92263140,-,2,93595047,+,PCPG,2423,TCGA-RT-A6Y9-01A,TCGA-RT-A6Y9-01A,1.0,0.0,0.0,0.0,0.0
2,222148131,-,2,222150250,+,PCPG,2424,TCGA-RT-A6Y9-01A,TCGA-RT-A6Y9-01A,1.0,0.0,0.0,0.0,0.0
20,26354003,+,20,28213420,-,PCPG,2425,TCGA-RT-A6Y9-01A,TCGA-RT-A6Y9-01A,1.0,0.0,0.0,0.0,0.0
20,28299540,-,20,28302189,+,PCPG,2426,TCGA-RT-A6Y9-01A,TCGA-RT-A6Y9-01A,1.0,0.0,0.0,0.0,0.0
22,16062442,-,22,16064867,+,PCPG,2427,TCGA-RT-A6Y9-01A,TCGA-RT-A6Y9-01A,1.0,0.0,0.0,0.0,0.0
22,16274067,-,22,16275777,+,PCPG,2428,TCGA-RT-A6Y9-01A,TCGA-RT-A6Y9-01A,1.0,0.0,0.0,0.0,0.0
3,19376404,+,3,22743501,-,PCPG,2429,TCGA-RT-A6Y9-01A,TCGA-RT-A6Y9-01A,1.0,0.0,0.0,0.0,0.0
3,91037208,-,3,91039222,+,PCPG,2430,TCGA-RT-A6Y9-01A,TCGA-RT-A6Y9-01A,1.0,0.0,0.0,0.0,0.0
5,17024199,+,7,101928775,+,PCPG,2431,TCGA-RT-A6Y9-01A,TCGA-RT-A6Y9-01A,1.0,0.0,0.0,0.0,0.0
5,49700470,-,5,49706907,+,PCPG,2432,TCGA-RT-A6Y9-01A,TCGA-RT-A6Y9-01A,1.0,0.0,0.0,0.0,0.0
6,58268545,+,6,61173888,+,PCPG,2433,TCGA-RT-A6Y9-01A,TCGA-RT-A6Y9-01A,1.0,0.0,0.0,0.0,0.0
6,59355953,-,6,59356950,+,PCPG,2434,TCGA-RT-A6Y9-01A,TCGA-RT-A6Y9-01A,1.0,0.0,0.0,0.0,0.0
7,57889458,-,7,57891668,+,PCPG,2435,TCGA-RT-A6Y9-01A,TCGA-RT-A6Y9-01A,1.0,0.0,0.0,0.0,0.0
7,61472554,+,7,61502683,-,PCPG,2436,TCGA-RT-A6Y9-01A,TCGA-RT-A6Y9-01A,1.0,0.0,0.0,0.0,0.0
7,101192066,+,8,94695755,+,PCPG,2437,TCGA-RT-A6Y9-01A,TCGA-RT-A6Y9-01A,1.0,0.0,0.0,0.0,0.0
8,118582539,+,8,118592775,-,PCPG,2438,TCGA-RT-A6Y9-01A,TCGA-RT-A6Y9-01A,1.0,0.0,0.0,0.0,0.0
1,122200920,-,1,122215848,+,PCPG,2439,TCGA-RT-A6YA-01A,TCGA-RT-A6YA-01A,1.0,0.0,0.0,0.0,0.0
12,35922899,-,12,36089167,+,PCPG,2440,TCGA-RT-A6YA-01A,TCGA-RT-A6YA-01A,1.0,0.0,0.0,0.0,0.0
13,16291097,+,13,16824978,-,PCPG,2441,TCGA-RT-A6YA-01A,TCGA-RT-A6YA-01A,1.0,0.0,0.0,0.0,0.0
16,36322546,+,16,36325898,-,PCPG,2442,TCGA-RT-A6YA-01A,TCGA-RT-A6YA-01A,1.0,0.0,0.0,0.0,0.0
18,15472239,-,18,15610414,+,PCPG,2443,TCGA-RT-A6YA-01A,TCGA-RT-A6YA-01A,1.0,0.0,0.0,0.0,0.0
18,15635135,-,18,15694733,+,PCPG,2444,TCGA-RT-A6YA-01A,TCGA-RT-A6YA-01A,1.0,0.0,0.0,0.0,0.0
22,16463212,+,24,11372103,-,PCPG,2445,TCGA-RT-A6YA-01A,TCGA-RT-A6YA-01A,1.0,0.0,0.0,0.0,0.0
22,23344748,-,22,24675069,+,PCPG,2446,TCGA-RT-A6YA-01A,TCGA-RT-A6YA-01A,1.0,0.0,0.0,0.0,0.0
4,41419561,-,9,1287034,+,PCPG,2447,TCGA-RT-A6YA-01A,TCGA-RT-A6YA-01A,1.0,0.0,0.0,0.0,0.0
5,35028620,+,9,21990612,-,PCPG,2448,TCGA-RT-A6YA-01A,TCGA-RT-A6YA-01A,1.0,0.0,0.0,0.0,0.0
5,46433348,-,5,46493414,-,PCPG,2449,TCGA-RT-A6YA-01A,TCGA-RT-A6YA-01A,1.0,0.0,0.0,0.0,0.0
5,49858005,+,5,49888851,-,PCPG,2450,TCGA-RT-A6YA-01A,TCGA-RT-A6YA-01A,1.0,0.0,0.0,0.0,0.0
5,157583155,-,16,27417755,+,PCPG,2451,TCGA-RT-A6YA-01A,TCGA-RT-A6YA-01A,1.0,0.0,0.0,0.0,0.0
7,61430755,-,7,61449878,+,PCPG,2452,TCGA-RT-A6YA-01A,TCGA-RT-A6YA-01A,1.0,0.0,0.0,0.0,0.0
8,44353050,+,8,44556018,-,PCPG,2453,TCGA-RT-A6YA-01A,TCGA-RT-A6YA-01A,1.0,0.0,0.0,0.0,0.0
8,55911189,+,9,10511903,-,PCPG,2454,TCGA-RT-A6YA-01A,TCGA-RT-A6YA-01A,1.0,0.0,0.0,0.0,0.0
8,65662105,-,17,47419951,+,PCPG,2455,TCGA-RT-A6YA-01A,TCGA-RT-A6YA-01A,1.0,0.0,0.0,0.0,0.0
9,43410888,-,9,45259739,+,PCPG,2456,TCGA-RT-A6YA-01A,TCGA-RT-A6YA-01A,1.0,0.0,0.0,0.0,0.0
1,77433796,+,8,133313101,+,PCPG,2457,TCGA-RT-A6YC-01A,TCGA-RT-A6YC-01A,1.0,0.0,0.0,0.0,0.0
1,116394681,-,12,76825527,+,PCPG,2458,TCGA-RT-A6YC-01A,TCGA-RT-A6YC-01A,1.0,0.0,0.0,0.0,0.0
1,123023941,-,1,123025844,+,PCPG,2459,TCGA-RT-A6YC-01A,TCGA-RT-A6YC-01A,1.0,0.0,0.0,0.0,0.0
1,188238750,+,2,131859039,+,PCPG,2460,TCGA-RT-A6YC-01A,TCGA-RT-A6YC-01A,1.0,0.0,0.0,0.0,0.0
11,11533664,+,13,101069120,+,PCPG,2461,TCGA-RT-A6YC-01A,TCGA-RT-A6YC-01A,1.0,0.0,0.0,0.0,0.0
11,47619124,+,14,68795261,+,PCPG,2462,TCGA-RT-A6YC-01A,TCGA-RT-A6YC-01A,1.0,0.0,0.0,0.0,0.0
11,52742507,+,11,53728584,-,PCPG,2463,TCGA-RT-A6YC-01A,TCGA-RT-A6YC-01A,1.0,0.0,0.0,0.0,0.0
12,53769100,-,17,50752809,+,PCPG,2464,TCGA-RT-A6YC-01A,TCGA-RT-A6YC-01A,1.0,0.0,0.0,0.0,0.0
14,53175509,+,17,50343863,-,PCPG,2465,TCGA-RT-A6YC-01A,TCGA-RT-A6YC-01A,1.0,0.0,0.0,0.0,0.0
17,73546836,-,17,73986240,+,PCPG,2466,TCGA-RT-A6YC-01A,TCGA-RT-A6YC-01A,1.0,0.0,0.0,0.0,0.0
18,15645864,-,18,15707183,+,PCPG,2467,TCGA-RT-A6YC-01A,TCGA-RT-A6YC-01A,1.0,0.0,0.0,0.0,0.0
2,16882310,-,14,52741978,-,PCPG,2468,TCGA-RT-A6YC-01A,TCGA-RT-A6YC-01A,1.0,0.0,0.0,0.0,0.0
2,16882851,+,12,54219595,+,PCPG,2469,TCGA-RT-A6YC-01A,TCGA-RT-A6YC-01A,1.0,0.0,0.0,0.0,0.0
2,132894958,-,17,42555730,-,PCPG,2470,TCGA-RT-A6YC-01A,TCGA-RT-A6YC-01A,1.0,0.0,0.0,0.0,0.0
2,133196868,+,7,140462456,-,PCPG,2471,TCGA-RT-A6YC-01A,TCGA-RT-A6YC-01A,1.0,0.0,0.0,0.0,0.0
20,57994324,-,20,58469525,+,PCPG,2472,TCGA-RT-A6YC-01A,TCGA-RT-A6YC-01A,1.0,0.0,0.0,0.0,0.0
3,75642734,-,20,29443894,-,PCPG,2473,TCGA-RT-A6YC-01A,TCGA-RT-A6YC-01A,1.0,0.0,0.0,0.0,0.0
3,90851824,+,3,90921222,-,PCPG,2474,TCGA-RT-A6YC-01A,TCGA-RT-A6YC-01A,1.0,0.0,0.0,0.0,0.0
3,92705770,+,3,93135190,-,PCPG,2475,TCGA-RT-A6YC-01A,TCGA-RT-A6YC-01A,1.0,0.0,0.0,0.0,0.0
3,114892768,-,9,20913011,-,PCPG,2476,TCGA-RT-A6YC-01A,TCGA-RT-A6YC-01A,1.0,0.0,0.0,0.0,0.0
3,115319000,+,3,174008572,+,PCPG,2477,TCGA-RT-A6YC-01A,TCGA-RT-A6YC-01A,1.0,0.0,0.0,0.0,0.0
3,173537891,-,15,42925024,-,PCPG,2478,TCGA-RT-A6YC-01A,TCGA-RT-A6YC-01A,1.0,0.0,0.0,0.0,0.0
4,95675226,-,5,144374689,+,PCPG,2479,TCGA-RT-A6YC-01A,TCGA-RT-A6YC-01A,1.0,0.0,0.0,0.0,0.0
4,95838274,+,4,186897936,-,PCPG,2480,TCGA-RT-A6YC-01A,TCGA-RT-A6YC-01A,1.0,0.0,0.0,0.0,0.0
5,5549151,-,15,69680166,+,PCPG,2481,TCGA-RT-A6YC-01A,TCGA-RT-A6YC-01A,1.0,0.0,0.0,0.0,0.0
6,61945113,-,11,63483841,+,PCPG,2482,TCGA-RT-A6YC-01A,TCGA-RT-A6YC-01A,1.0,0.0,0.0,0.0,0.0
6,89205192,-,6,89603731,+,PCPG,2483,TCGA-RT-A6YC-01A,TCGA-RT-A6YC-01A,1.0,0.0,0.0,0.0,0.0
6,144964870,-,6,145439238,+,PCPG,2484,TCGA-RT-A6YC-01A,TCGA-RT-A6YC-01A,1.0,0.0,0.0,0.0,0.0
7,25603966,-,7,26068325,+,PCPG,2485,TCGA-RT-A6YC-01A,TCGA-RT-A6YC-01A,1.0,0.0,0.0,0.0,0.0
7,61114571,+,7,61472321,-,PCPG,2486,TCGA-RT-A6YC-01A,TCGA-RT-A6YC-01A,1.0,0.0,0.0,0.0,0.0
7,140792235,+,17,42985598,+,PCPG,2487,TCGA-RT-A6YC-01A,TCGA-RT-A6YC-01A,1.0,0.0,0.0,0.0,0.0
8,79345189,-,13,100775347,-,PCPG,2488,TCGA-RT-A6YC-01A,TCGA-RT-A6YC-01A,1.0,0.0,0.0,0.0,0.0
8,79706067,+,11,11234056,-,PCPG,2489,TCGA-RT-A6YC-01A,TCGA-RT-A6YC-01A,1.0,0.0,0.0,0.0,0.0
9,21085897,+,15,43271510,+,PCPG,2490,TCGA-RT-A6YC-01A,TCGA-RT-A6YC-01A,1.0,0.0,0.0,0.0,0.0
1,123315485,-,1,123316220,+,PCPG,2491,TCGA-RW-A67V-01A,TCGA-RW-A67V-01A,1.0,0.0,0.0,0.0,0.0
1,123572334,-,1,123573096,+,PCPG,2492,TCGA-RW-A67V-01A,TCGA-RW-A67V-01A,1.0,0.0,0.0,0.0,0.0
1,168217475,+,13,32718000,+,PCPG,2493,TCGA-RW-A67V-01A,TCGA-RW-A67V-01A,1.0,0.0,0.0,0.0,0.0
1,204905726,-,1,205243594,+,PCPG,2494,TCGA-RW-A67V-01A,TCGA-RW-A67V-01A,1.0,0.0,0.0,0.0,0.0
1,215627455,+,16,10624150,+,PCPG,2495,TCGA-RW-A67V-01A,TCGA-RW-A67V-01A,1.0,0.0,0.0,0.0,0.0
10,38648131,-,12,37460128,-,PCPG,2496,TCGA-RW-A67V-01A,TCGA-RW-A67V-01A,1.0,0.0,0.0,0.0,0.0
11,7331616,-,11,7627695,+,PCPG,2497,TCGA-RW-A67V-01A,TCGA-RW-A67V-01A,1.0,0.0,0.0,0.0,0.0
11,83707417,-,14,102599384,-,PCPG,2498,TCGA-RW-A67V-01A,TCGA-RW-A67V-01A,1.0,0.0,0.0,0.0,0.0
12,34832708,-,12,37251102,+,PCPG,2499,TCGA-RW-A67V-01A,TCGA-RW-A67V-01A,1.0,0.0,0.0,0.0,0.0
15,98090331,+,15,99013175,+,PCPG,2500,TCGA-RW-A67V-01A,TCGA-RW-A67V-01A,1.0,0.0,0.0,0.0,0.0
17,1178342,-,17,1681597,+,PCPG,2501,TCGA-RW-A67V-01A,TCGA-RW-A67V-01A,1.0,0.0,0.0,0.0,0.0
18,17538864,-,18,20561421,-,PCPG,2502,TCGA-RW-A67V-01A,TCGA-RW-A67V-01A,1.0,0.0,0.0,0.0,0.0
18,79541907,-,19,6776627,+,PCPG,2503,TCGA-RW-A67V-01A,TCGA-RW-A67V-01A,1.0,0.0,0.0,0.0,0.0
2,160536062,+,5,20242575,-,PCPG,2504,TCGA-RW-A67V-01A,TCGA-RW-A67V-01A,1.0,0.0,0.0,0.0,0.0
20,29921708,-,20,29961741,+,PCPG,2505,TCGA-RW-A67V-01A,TCGA-RW-A67V-01A,1.0,0.0,0.0,0.0,0.0
3,50530472,+,5,132770635,+,PCPG,2506,TCGA-RW-A67V-01A,TCGA-RW-A67V-01A,1.0,0.0,0.0,0.0,0.0
3,90777034,+,3,91149747,-,PCPG,2507,TCGA-RW-A67V-01A,TCGA-RW-A67V-01A,1.0,0.0,0.0,0.0,0.0
3,90828872,+,3,90994316,-,PCPG,2508,TCGA-RW-A67V-01A,TCGA-RW-A67V-01A,1.0,0.0,0.0,0.0,0.0
4,14729177,+,23,29605124,+,PCPG,2509,TCGA-RW-A67V-01A,TCGA-RW-A67V-01A,1.0,0.0,0.0,0.0,0.0
4,102082991,-,4,106145595,+,PCPG,2510,TCGA-RW-A67V-01A,TCGA-RW-A67V-01A,1.0,0.0,0.0,0.0,0.0
5,68698398,-,5,168649449,-,PCPG,2511,TCGA-RW-A67V-01A,TCGA-RW-A67V-01A,1.0,0.0,0.0,0.0,0.0
5,69317549,+,17,50767292,-,PCPG,2512,TCGA-RW-A67V-01A,TCGA-RW-A67V-01A,1.0,0.0,0.0,0.0,0.0
5,169157786,+,17,51157248,+,PCPG,2513,TCGA-RW-A67V-01A,TCGA-RW-A67V-01A,1.0,0.0,0.0,0.0,0.0
7,5065536,-,7,5401464,+,PCPG,2514,TCGA-RW-A67V-01A,TCGA-RW-A67V-01A,1.0,0.0,0.0,0.0,0.0
8,87041366,-,21,10423700,+,PCPG,2515,TCGA-RW-A67V-01A,TCGA-RW-A67V-01A,1.0,0.0,0.0,0.0,0.0
8,118397729,-,8,122051737,+,PCPG,2516,TCGA-RW-A67V-01A,TCGA-RW-A67V-01A,1.0,0.0,0.0,0.0,0.0
9,10488051,-,15,83236929,+,PCPG,2517,TCGA-RW-A67V-01A,TCGA-RW-A67V-01A,1.0,0.0,0.0,0.0,0.0
1,47894252,-,1,48031567,+,PCPG,2518,TCGA-RW-A67W-01A,TCGA-RW-A67W-01A,1.0,0.0,0.0,0.0,0.0
1,75820129,-,3,168684176,-,PCPG,2519,TCGA-RW-A67W-01A,TCGA-RW-A67W-01A,1.0,0.0,0.0,0.0,0.0
14,79148906,-,14,79305843,+,PCPG,2520,TCGA-RW-A67W-01A,TCGA-RW-A67W-01A,1.0,0.0,0.0,0.0,0.0
15,101196012,+,15,101196753,-,PCPG,2521,TCGA-RW-A67W-01A,TCGA-RW-A67W-01A,1.0,0.0,0.0,0.0,0.0
17,31202563,-,17,31316551,+,PCPG,2522,TCGA-RW-A67W-01A,TCGA-RW-A67W-01A,1.0,0.0,0.0,0.0,0.0
2,43185478,-,2,43356598,+,PCPG,2523,TCGA-RW-A67W-01A,TCGA-RW-A67W-01A,1.0,0.0,0.0,0.0,0.0
2,92787091,-,2,92787882,+,PCPG,2524,TCGA-RW-A67W-01A,TCGA-RW-A67W-01A,1.0,0.0,0.0,0.0,0.0
2,93177759,-,2,93178547,+,PCPG,2525,TCGA-RW-A67W-01A,TCGA-RW-A67W-01A,1.0,0.0,0.0,0.0,0.0
2,102632044,+,18,45150415,-,PCPG,2526,TCGA-RW-A67W-01A,TCGA-RW-A67W-01A,1.0,0.0,0.0,0.0,0.0
2,106289041,-,17,78142921,+,PCPG,2527,TCGA-RW-A67W-01A,TCGA-RW-A67W-01A,1.0,0.0,0.0,0.0,0.0
3,117525717,-,6,78569801,+,PCPG,2528,TCGA-RW-A67W-01A,TCGA-RW-A67W-01A,1.0,0.0,0.0,0.0,0.0
3,117680667,+,6,78401215,-,PCPG,2529,TCGA-RW-A67W-01A,TCGA-RW-A67W-01A,1.0,0.0,0.0,0.0,0.0
3,133404659,+,17,48421892,-,PCPG,2530,TCGA-RW-A67W-01A,TCGA-RW-A67W-01A,1.0,0.0,0.0,0.0,0.0
3,168686240,+,3,169568834,+,PCPG,2531,TCGA-RW-A67W-01A,TCGA-RW-A67W-01A,1.0,0.0,0.0,0.0,0.0
3,178113329,-,19,18282035,-,PCPG,2532,TCGA-RW-A67W-01A,TCGA-RW-A67W-01A,1.0,0.0,0.0,0.0,0.0
3,178295947,+,9,20683191,+,PCPG,2533,TCGA-RW-A67W-01A,TCGA-RW-A67W-01A,1.0,0.0,0.0,0.0,0.0
4,53430967,+,4,89624020,+,PCPG,2534,TCGA-RW-A67W-01A,TCGA-RW-A67W-01A,1.0,0.0,0.0,0.0,0.0
4,68042687,-,21,38445770,+,PCPG,2535,TCGA-RW-A67W-01A,TCGA-RW-A67W-01A,1.0,0.0,0.0,0.0,0.0
4,75458115,-,4,88638404,+,PCPG,2536,TCGA-RW-A67W-01A,TCGA-RW-A67W-01A,1.0,0.0,0.0,0.0,0.0
4,84903097,-,21,37167911,-,PCPG,2537,TCGA-RW-A67W-01A,TCGA-RW-A67W-01A,1.0,0.0,0.0,0.0,0.0
4,88640357,-,21,38444394,-,PCPG,2538,TCGA-RW-A67W-01A,TCGA-RW-A67W-01A,1.0,0.0,0.0,0.0,0.0
4,94668058,-,8,140434731,-,PCPG,2539,TCGA-RW-A67W-01A,TCGA-RW-A67W-01A,1.0,0.0,0.0,0.0,0.0
5,1259096,+,5,1259976,-,PCPG,2540,TCGA-RW-A67W-01A,TCGA-RW-A67W-01A,1.0,0.0,0.0,0.0,0.0
5,47307218,-,5,47308004,+,PCPG,2541,TCGA-RW-A67W-01A,TCGA-RW-A67W-01A,1.0,0.0,0.0,0.0,0.0
6,147157871,-,6,147310062,+,PCPG,2542,TCGA-RW-A67W-01A,TCGA-RW-A67W-01A,1.0,0.0,0.0,0.0,0.0
7,92552127,-,16,64162582,+,PCPG,2543,TCGA-RW-A67W-01A,TCGA-RW-A67W-01A,1.0,0.0,0.0,0.0,0.0
7,137922433,-,11,13283892,-,PCPG,2544,TCGA-RW-A67W-01A,TCGA-RW-A67W-01A,1.0,0.0,0.0,0.0,0.0
8,13300083,-,21,43270773,+,PCPG,2545,TCGA-RW-A67W-01A,TCGA-RW-A67W-01A,1.0,0.0,0.0,0.0,0.0
8,13300087,+,21,43269908,-,PCPG,2546,TCGA-RW-A67W-01A,TCGA-RW-A67W-01A,1.0,0.0,0.0,0.0,0.0
8,102063628,+,8,140543135,+,PCPG,2547,TCGA-RW-A67W-01A,TCGA-RW-A67W-01A,1.0,0.0,0.0,0.0,0.0
9,20630670,-,19,18329518,+,PCPG,2548,TCGA-RW-A67W-01A,TCGA-RW-A67W-01A,1.0,0.0,0.0,0.0,0.0
9,77706270,-,23,3053194,+,PCPG,2549,TCGA-RW-A67W-01A,TCGA-RW-A67W-01A,1.0,0.0,0.0,0.0,0.0
9,77835418,+,23,2886592,-,PCPG,2550,TCGA-RW-A67W-01A,TCGA-RW-A67W-01A,1.0,0.0,0.0,0.0,0.0
1,123932465,-,1,123934099,+,PCPG,2551,TCGA-RW-A67X-01A,TCGA-RW-A67X-01A,1.0,0.0,0.0,0.0,0.0
1,124883944,-,1,124885645,+,PCPG,2552,TCGA-RW-A67X-01A,TCGA-RW-A67X-01A,1.0,0.0,0.0,0.0,0.0
1,229337600,+,10,102568645,-,PCPG,2553,TCGA-RW-A67X-01A,TCGA-RW-A67X-01A,1.0,0.0,0.0,0.0,0.0
1,232733560,-,8,108318965,+,PCPG,2554,TCGA-RW-A67X-01A,TCGA-RW-A67X-01A,1.0,0.0,0.0,0.0,0.0
1,241221231,-,12,108417119,+,PCPG,2555,TCGA-RW-A67X-01A,TCGA-RW-A67X-01A,1.0,0.0,0.0,0.0,0.0
11,51596305,-,11,52584399,+,PCPG,2556,TCGA-RW-A67X-01A,TCGA-RW-A67X-01A,1.0,0.0,0.0,0.0,0.0
11,52004871,-,11,52005970,+,PCPG,2557,TCGA-RW-A67X-01A,TCGA-RW-A67X-01A,1.0,0.0,0.0,0.0,0.0
11,54364865,-,11,54407203,+,PCPG,2558,TCGA-RW-A67X-01A,TCGA-RW-A67X-01A,1.0,0.0,0.0,0.0,0.0
12,50779292,+,24,2891872,-,PCPG,2559,TCGA-RW-A67X-01A,TCGA-RW-A67X-01A,1.0,0.0,0.0,0.0,0.0
13,16753811,-,13,16755731,+,PCPG,2560,TCGA-RW-A67X-01A,TCGA-RW-A67X-01A,1.0,0.0,0.0,0.0,0.0
14,102092324,+,14,102092966,-,PCPG,2561,TCGA-RW-A67X-01A,TCGA-RW-A67X-01A,1.0,0.0,0.0,0.0,0.0
18,15537637,-,18,15597088,+,PCPG,2562,TCGA-RW-A67X-01A,TCGA-RW-A67X-01A,1.0,0.0,0.0,0.0,0.0
2,92507080,-,2,92508371,+,PCPG,2563,TCGA-RW-A67X-01A,TCGA-RW-A67X-01A,1.0,0.0,0.0,0.0,0.0
2,92628876,-,2,92630300,+,PCPG,2564,TCGA-RW-A67X-01A,TCGA-RW-A67X-01A,1.0,0.0,0.0,0.0,0.0
5,7260647,-,7,79028269,-,PCPG,2565,TCGA-RW-A67X-01A,TCGA-RW-A67X-01A,1.0,0.0,0.0,0.0,0.0
5,32590704,-,16,2316257,-,PCPG,2566,TCGA-RW-A67X-01A,TCGA-RW-A67X-01A,1.0,0.0,0.0,0.0,0.0
7,57889488,-,7,57891647,+,PCPG,2567,TCGA-RW-A67X-01A,TCGA-RW-A67X-01A,1.0,0.0,0.0,0.0,0.0
9,65385038,-,9,65386464,+,PCPG,2568,TCGA-RW-A67X-01A,TCGA-RW-A67X-01A,1.0,0.0,0.0,0.0,0.0
24,20321759,-,24,20323017,+,PCPG,2569,TCGA-RW-A67X-01A,TCGA-RW-A67X-01A,1.0,0.0,0.0,0.0,0.0
1,155798382,+,2,223709379,+,PCPG,2570,TCGA-RW-A67Y-01A,TCGA-RW-A67Y-01A,1.0,0.0,0.0,0.0,0.0
1,225628488,-,15,29345456,-,PCPG,2571,TCGA-RW-A67Y-01A,TCGA-RW-A67Y-01A,1.0,0.0,0.0,0.0,0.0
1,225927867,+,15,29599453,+,PCPG,2572,TCGA-RW-A67Y-01A,TCGA-RW-A67Y-01A,1.0,0.0,0.0,0.0,0.0
10,123226028,-,10,123485047,+,PCPG,2573,TCGA-RW-A67Y-01A,TCGA-RW-A67Y-01A,1.0,0.0,0.0,0.0,0.0
11,95261895,-,11,95342541,+,PCPG,2574,TCGA-RW-A67Y-01A,TCGA-RW-A67Y-01A,1.0,0.0,0.0,0.0,0.0
12,124896156,+,14,76777882,-,PCPG,2575,TCGA-RW-A67Y-01A,TCGA-RW-A67Y-01A,1.0,0.0,0.0,0.0,0.0
13,17552576,+,13,17767072,-,PCPG,2576,TCGA-RW-A67Y-01A,TCGA-RW-A67Y-01A,1.0,0.0,0.0,0.0,0.0
14,102095182,+,16,1872067,+,PCPG,2577,TCGA-RW-A67Y-01A,TCGA-RW-A67Y-01A,1.0,0.0,0.0,0.0,0.0
18,15511812,+,18,15685538,-,PCPG,2578,TCGA-RW-A67Y-01A,TCGA-RW-A67Y-01A,1.0,0.0,0.0,0.0,0.0
2,93077842,+,2,93442086,-,PCPG,2579,TCGA-RW-A67Y-01A,TCGA-RW-A67Y-01A,1.0,0.0,0.0,0.0,0.0
3,91068829,+,3,91147687,-,PCPG,2580,TCGA-RW-A67Y-01A,TCGA-RW-A67Y-01A,1.0,0.0,0.0,0.0,0.0
4,94849050,-,13,33201446,+,PCPG,2581,TCGA-RW-A67Y-01A,TCGA-RW-A67Y-01A,1.0,0.0,0.0,0.0,0.0
4,95058943,+,13,32974889,-,PCPG,2582,TCGA-RW-A67Y-01A,TCGA-RW-A67Y-01A,1.0,0.0,0.0,0.0,0.0
5,68773510,+,12,124614090,-,PCPG,2583,TCGA-RW-A67Y-01A,TCGA-RW-A67Y-01A,1.0,0.0,0.0,0.0,0.0
5,170358206,-,22,20141023,+,PCPG,2584,TCGA-RW-A67Y-01A,TCGA-RW-A67Y-01A,1.0,0.0,0.0,0.0,0.0
6,140578244,-,16,55356854,-,PCPG,2585,TCGA-RW-A67Y-01A,TCGA-RW-A67Y-01A,1.0,0.0,0.0,0.0,0.0
8,89823488,-,8,90116608,+,PCPG,2586,TCGA-RW-A67Y-01A,TCGA-RW-A67Y-01A,1.0,0.0,0.0,0.0,0.0
8,130341884,-,8,130632097,+,PCPG,2587,TCGA-RW-A67Y-01A,TCGA-RW-A67Y-01A,1.0,0.0,0.0,0.0,0.0
9,40545381,-,20,28810539,-,PCPG,2588,TCGA-RW-A67Y-01A,TCGA-RW-A67Y-01A,1.0,0.0,0.0,0.0,0.0
1,164776979,+,15,98126271,+,PCPG,2589,TCGA-RW-A680-01A,TCGA-RW-A680-01A,1.0,0.0,0.0,0.0,0.0
1,194486718,-,6,71474749,+,PCPG,2590,TCGA-RW-A680-01A,TCGA-RW-A680-01A,1.0,0.0,0.0,0.0,0.0
10,118270427,-,11,40274413,-,PCPG,2591,TCGA-RW-A680-01A,TCGA-RW-A680-01A,1.0,0.0,0.0,0.0,0.0
12,127229737,-,13,92778778,-,PCPG,2592,TCGA-RW-A680-01A,TCGA-RW-A680-01A,1.0,0.0,0.0,0.0,0.0
15,18405893,+,15,19345195,-,PCPG,2593,TCGA-RW-A680-01A,TCGA-RW-A680-01A,1.0,0.0,0.0,0.0,0.0
16,34255942,-,16,36322648,+,PCPG,2594,TCGA-RW-A680-01A,TCGA-RW-A680-01A,1.0,0.0,0.0,0.0,0.0
17,50188932,+,17,50189519,-,PCPG,2595,TCGA-RW-A680-01A,TCGA-RW-A680-01A,1.0,0.0,0.0,0.0,0.0
2,95971289,+,2,97134032,+,PCPG,2596,TCGA-RW-A680-01A,TCGA-RW-A680-01A,1.0,0.0,0.0,0.0,0.0
2,95971424,-,2,97133846,-,PCPG,2597,TCGA-RW-A680-01A,TCGA-RW-A680-01A,1.0,0.0,0.0,0.0,0.0
2,106289044,-,17,78143142,+,PCPG,2598,TCGA-RW-A680-01A,TCGA-RW-A680-01A,1.0,0.0,0.0,0.0,0.0
2,215163351,-,5,80824460,+,PCPG,2599,TCGA-RW-A680-01A,TCGA-RW-A680-01A,1.0,0.0,0.0,0.0,0.0
5,47027041,-,5,47048591,+,PCPG,2600,TCGA-RW-A680-01A,TCGA-RW-A680-01A,1.0,0.0,0.0,0.0,0.0
7,58175971,+,7,60535491,-,PCPG,2601,TCGA-RW-A680-01A,TCGA-RW-A680-01A,1.0,0.0,0.0,0.0,0.0
7,90250235,+,23,99207603,+,PCPG,2602,TCGA-RW-A680-01A,TCGA-RW-A680-01A,1.0,0.0,0.0,0.0,0.0
8,32453208,+,8,32453807,-,PCPG,2603,TCGA-RW-A680-01A,TCGA-RW-A680-01A,1.0,0.0,0.0,0.0,0.0
9,65438218,+,9,134285734,+,PCPG,2604,TCGA-RW-A680-01A,TCGA-RW-A680-01A,1.0,0.0,0.0,0.0,0.0
9,132927259,-,10,28349075,+,PCPG,2605,TCGA-RW-A680-01A,TCGA-RW-A680-01A,1.0,0.0,0.0,0.0,0.0
23,3036702,+,23,63625853,+,PCPG,2606,TCGA-RW-A680-01A,TCGA-RW-A680-01A,1.0,0.0,0.0,0.0,0.0
1,34740487,-,20,37399827,-,PCPG,2607,TCGA-RW-A681-01A,TCGA-RW-A681-01A,1.0,0.0,0.0,0.0,0.0
1,34917159,-,1,222083584,+,PCPG,2608,TCGA-RW-A681-01A,TCGA-RW-A681-01A,1.0,0.0,0.0,0.0,0.0
1,34917301,+,1,222083584,+,PCPG,2609,TCGA-RW-A681-01A,TCGA-RW-A681-01A,1.0,0.0,0.0,0.0,0.0
1,46673335,+,15,65891182,-,PCPG,2610,TCGA-RW-A681-01A,TCGA-RW-A681-01A,1.0,0.0,0.0,0.0,0.0
1,122439385,+,1,122458108,-,PCPG,2611,TCGA-RW-A681-01A,TCGA-RW-A681-01A,1.0,0.0,0.0,0.0,0.0
1,168217254,+,13,32717910,+,PCPG,2612,TCGA-RW-A681-01A,TCGA-RW-A681-01A,1.0,0.0,0.0,0.0,0.0
11,48977899,-,11,55294135,+,PCPG,2613,TCGA-RW-A681-01A,TCGA-RW-A681-01A,1.0,0.0,0.0,0.0,0.0
14,100223023,-,14,100456635,+,PCPG,2614,TCGA-RW-A681-01A,TCGA-RW-A681-01A,1.0,0.0,0.0,0.0,0.0
14,101276659,+,17,28941277,-,PCPG,2615,TCGA-RW-A681-01A,TCGA-RW-A681-01A,1.0,0.0,0.0,0.0,0.0
15,70160466,-,15,70413102,+,PCPG,2616,TCGA-RW-A681-01A,TCGA-RW-A681-01A,1.0,0.0,0.0,0.0,0.0
17,1821469,-,17,2031898,+,PCPG,2617,TCGA-RW-A681-01A,TCGA-RW-A681-01A,1.0,0.0,0.0,0.0,0.0
17,23130818,-,17,26628375,+,PCPG,2618,TCGA-RW-A681-01A,TCGA-RW-A681-01A,1.0,0.0,0.0,0.0,0.0
18,15530658,+,18,15582087,-,PCPG,2619,TCGA-RW-A681-01A,TCGA-RW-A681-01A,1.0,0.0,0.0,0.0,0.0
19,35361162,+,19,44028321,-,PCPG,2620,TCGA-RW-A681-01A,TCGA-RW-A681-01A,1.0,0.0,0.0,0.0,0.0
3,23930256,-,7,29791579,+,PCPG,2621,TCGA-RW-A681-01A,TCGA-RW-A681-01A,1.0,0.0,0.0,0.0,0.0
3,91353658,+,4,61130650,-,PCPG,2622,TCGA-RW-A681-01A,TCGA-RW-A681-01A,1.0,0.0,0.0,0.0,0.0
5,49916490,+,5,49925108,-,PCPG,2623,TCGA-RW-A681-01A,TCGA-RW-A681-01A,1.0,0.0,0.0,0.0,0.0
6,23898705,-,6,24110926,+,PCPG,2624,TCGA-RW-A681-01A,TCGA-RW-A681-01A,1.0,0.0,0.0,0.0,0.0
6,39047062,-,15,66095235,+,PCPG,2625,TCGA-RW-A681-01A,TCGA-RW-A681-01A,1.0,0.0,0.0,0.0,0.0
6,39238918,+,20,37661755,+,PCPG,2626,TCGA-RW-A681-01A,TCGA-RW-A681-01A,1.0,0.0,0.0,0.0,0.0
6,118658847,-,6,118952117,+,PCPG,2627,TCGA-RW-A681-01A,TCGA-RW-A681-01A,1.0,0.0,0.0,0.0,0.0
7,106636434,-,16,22779780,+,PCPG,2628,TCGA-RW-A681-01A,TCGA-RW-A681-01A,1.0,0.0,0.0,0.0,0.0
9,63764172,-,15,17752001,-,PCPG,2629,TCGA-RW-A681-01A,TCGA-RW-A681-01A,1.0,0.0,0.0,0.0,0.0
1,29872089,-,1,29873366,+,PCPG,2630,TCGA-RW-A684-01A,TCGA-RW-A684-01A,1.0,0.0,0.0,0.0,0.0
10,21107839,-,10,21118147,-,PCPG,2631,TCGA-RW-A684-01A,TCGA-RW-A684-01A,1.0,0.0,0.0,0.0,0.0
10,39965063,-,10,41268428,+,PCPG,2632,TCGA-RW-A684-01A,TCGA-RW-A684-01A,1.0,0.0,0.0,0.0,0.0
13,17559856,+,13,17692298,-,PCPG,2633,TCGA-RW-A684-01A,TCGA-RW-A684-01A,1.0,0.0,0.0,0.0,0.0
13,17788106,-,13,17990233,+,PCPG,2634,TCGA-RW-A684-01A,TCGA-RW-A684-01A,1.0,0.0,0.0,0.0,0.0
16,67480865,-,16,67555505,+,PCPG,2635,TCGA-RW-A684-01A,TCGA-RW-A684-01A,1.0,0.0,0.0,0.0,0.0
2,144726354,+,4,4700983,-,PCPG,2636,TCGA-RW-A684-01A,TCGA-RW-A684-01A,1.0,0.0,0.0,0.0,0.0
2,196987133,-,20,63259817,-,PCPG,2637,TCGA-RW-A684-01A,TCGA-RW-A684-01A,1.0,0.0,0.0,0.0,0.0
2,197130799,+,20,63405997,+,PCPG,2638,TCGA-RW-A684-01A,TCGA-RW-A684-01A,1.0,0.0,0.0,0.0,0.0
22,39399559,-,22,39490976,+,PCPG,2639,TCGA-RW-A684-01A,TCGA-RW-A684-01A,1.0,0.0,0.0,0.0,0.0
3,686733,-,3,876062,+,PCPG,2640,TCGA-RW-A684-01A,TCGA-RW-A684-01A,1.0,0.0,0.0,0.0,0.0
3,22524382,-,9,3423810,+,PCPG,2641,TCGA-RW-A684-01A,TCGA-RW-A684-01A,1.0,0.0,0.0,0.0,0.0
4,62318995,-,12,45781271,-,PCPG,2642,TCGA-RW-A684-01A,TCGA-RW-A684-01A,1.0,0.0,0.0,0.0,0.0
4,65574602,-,23,96962703,+,PCPG,2643,TCGA-RW-A684-01A,TCGA-RW-A684-01A,1.0,0.0,0.0,0.0,0.0
8,13326881,-,8,25991634,+,PCPG,2644,TCGA-RW-A684-01A,TCGA-RW-A684-01A,1.0,0.0,0.0,0.0,0.0
1,123314934,-,17,11877586,+,PCPG,2645,TCGA-RW-A685-01A,TCGA-RW-A685-01A,1.0,0.0,0.0,0.0,0.0
13,16427344,+,13,16824742,-,PCPG,2646,TCGA-RW-A685-01A,TCGA-RW-A685-01A,1.0,0.0,0.0,0.0,0.0
13,16603290,-,13,17086850,+,PCPG,2647,TCGA-RW-A685-01A,TCGA-RW-A685-01A,1.0,0.0,0.0,0.0,0.0
14,31301417,+,14,31302104,-,PCPG,2648,TCGA-RW-A685-01A,TCGA-RW-A685-01A,1.0,0.0,0.0,0.0,0.0
16,37611218,+,16,37792988,-,PCPG,2649,TCGA-RW-A685-01A,TCGA-RW-A685-01A,1.0,0.0,0.0,0.0,0.0
17,20319937,-,17,35008748,-,PCPG,2650,TCGA-RW-A685-01A,TCGA-RW-A685-01A,1.0,0.0,0.0,0.0,0.0
17,20437739,+,17,22356623,-,PCPG,2651,TCGA-RW-A685-01A,TCGA-RW-A685-01A,1.0,0.0,0.0,0.0,0.0
17,20439999,-,17,35009141,+,PCPG,2652,TCGA-RW-A685-01A,TCGA-RW-A685-01A,1.0,0.0,0.0,0.0,0.0
17,22357307,+,17,35008410,+,PCPG,2653,TCGA-RW-A685-01A,TCGA-RW-A685-01A,1.0,0.0,0.0,0.0,0.0
17,34998854,-,17,44787320,-,PCPG,2654,TCGA-RW-A685-01A,TCGA-RW-A685-01A,1.0,0.0,0.0,0.0,0.0
17,46224157,+,17,50058710,-,PCPG,2655,TCGA-RW-A685-01A,TCGA-RW-A685-01A,1.0,0.0,0.0,0.0,0.0
17,77469787,+,17,77470363,-,PCPG,2656,TCGA-RW-A685-01A,TCGA-RW-A685-01A,1.0,0.0,0.0,0.0,0.0
18,15473197,+,18,15699372,-,PCPG,2657,TCGA-RW-A685-01A,TCGA-RW-A685-01A,1.0,0.0,0.0,0.0,0.0
18,15643393,-,18,15768767,+,PCPG,2658,TCGA-RW-A685-01A,TCGA-RW-A685-01A,1.0,0.0,0.0,0.0,0.0
2,14789268,+,2,14848272,+,PCPG,2659,TCGA-RW-A685-01A,TCGA-RW-A685-01A,1.0,0.0,0.0,0.0,0.0
3,90778910,+,3,91158339,-,PCPG,2660,TCGA-RW-A685-01A,TCGA-RW-A685-01A,1.0,0.0,0.0,0.0,0.0
3,90849035,-,3,91117753,+,PCPG,2661,TCGA-RW-A685-01A,TCGA-RW-A685-01A,1.0,0.0,0.0,0.0,0.0
3,91021935,+,3,91163578,-,PCPG,2662,TCGA-RW-A685-01A,TCGA-RW-A685-01A,1.0,0.0,0.0,0.0,0.0
4,49717470,+,4,51459384,-,PCPG,2663,TCGA-RW-A685-01A,TCGA-RW-A685-01A,1.0,0.0,0.0,0.0,0.0
9,44366732,-,9,44603399,+,PCPG,2664,TCGA-RW-A685-01A,TCGA-RW-A685-01A,1.0,0.0,0.0,0.0,0.0
1,117024501,-,22,38734396,+,PCPG,2665,TCGA-RW-A686-01A,TCGA-RW-A686-01A,1.0,0.0,0.0,0.0,0.0
1,122392842,-,1,122491420,+,PCPG,2666,TCGA-RW-A686-01A,TCGA-RW-A686-01A,1.0,0.0,0.0,0.0,0.0
1,153502437,-,16,58516378,+,PCPG,2667,TCGA-RW-A686-01A,TCGA-RW-A686-01A,1.0,0.0,0.0,0.0,0.0
1,153647869,+,5,81702134,-,PCPG,2668,TCGA-RW-A686-01A,TCGA-RW-A686-01A,1.0,0.0,0.0,0.0,0.0
10,43716371,+,20,29658008,-,PCPG,2669,TCGA-RW-A686-01A,TCGA-RW-A686-01A,1.0,0.0,0.0,0.0,0.0
11,35091238,+,16,58362205,-,PCPG,2670,TCGA-RW-A686-01A,TCGA-RW-A686-01A,1.0,0.0,0.0,0.0,0.0
11,51514062,-,11,52402444,+,PCPG,2671,TCGA-RW-A686-01A,TCGA-RW-A686-01A,1.0,0.0,0.0,0.0,0.0
11,112796788,-,11,112954521,+,PCPG,2672,TCGA-RW-A686-01A,TCGA-RW-A686-01A,1.0,0.0,0.0,0.0,0.0
13,16664851,-,13,16829899,+,PCPG,2673,TCGA-RW-A686-01A,TCGA-RW-A686-01A,1.0,0.0,0.0,0.0,0.0
13,24708953,+,16,34149645,+,PCPG,2674,TCGA-RW-A686-01A,TCGA-RW-A686-01A,1.0,0.0,0.0,0.0,0.0
14,92822840,-,14,92945600,+,PCPG,2675,TCGA-RW-A686-01A,TCGA-RW-A686-01A,1.0,0.0,0.0,0.0,0.0
3,142564526,+,15,90569677,-,PCPG,2676,TCGA-RW-A686-01A,TCGA-RW-A686-01A,1.0,0.0,0.0,0.0,0.0
4,139886443,-,17,44353989,+,PCPG,2677,TCGA-RW-A686-01A,TCGA-RW-A686-01A,1.0,0.0,0.0,0.0,0.0
4,140128020,+,17,44210067,-,PCPG,2678,TCGA-RW-A686-01A,TCGA-RW-A686-01A,1.0,0.0,0.0,0.0,0.0
5,77378049,+,16,1830918,-,PCPG,2679,TCGA-RW-A686-01A,TCGA-RW-A686-01A,1.0,0.0,0.0,0.0,0.0
5,81702070,-,5,81885481,+,PCPG,2680,TCGA-RW-A686-01A,TCGA-RW-A686-01A,1.0,0.0,0.0,0.0,0.0
5,81702736,+,11,34909993,-,PCPG,2681,TCGA-RW-A686-01A,TCGA-RW-A686-01A,1.0,0.0,0.0,0.0,0.0
6,2999322,-,6,33559369,-,PCPG,2682,TCGA-RW-A686-01A,TCGA-RW-A686-01A,1.0,0.0,0.0,0.0,0.0
6,3121890,+,6,33700195,+,PCPG,2683,TCGA-RW-A686-01A,TCGA-RW-A686-01A,1.0,0.0,0.0,0.0,0.0
6,136743198,-,8,124555728,-,PCPG,2684,TCGA-RW-A686-01A,TCGA-RW-A686-01A,1.0,0.0,0.0,0.0,0.0
6,136882362,+,8,124692780,+,PCPG,2685,TCGA-RW-A686-01A,TCGA-RW-A686-01A,1.0,0.0,0.0,0.0,0.0
6,143670450,-,6,143821374,+,PCPG,2686,TCGA-RW-A686-01A,TCGA-RW-A686-01A,1.0,0.0,0.0,0.0,0.0
7,95316067,-,7,95565287,+,PCPG,2687,TCGA-RW-A686-01A,TCGA-RW-A686-01A,1.0,0.0,0.0,0.0,0.0
8,40627771,-,8,40765023,+,PCPG,2688,TCGA-RW-A686-01A,TCGA-RW-A686-01A,1.0,0.0,0.0,0.0,0.0
1,28531325,-,2,55916179,-,PCPG,2689,TCGA-RW-A688-01A,TCGA-RW-A688-01A,1.0,0.0,0.0,0.0,0.0
1,41547211,+,10,77131595,-,PCPG,2690,TCGA-RW-A688-01A,TCGA-RW-A688-01A,1.0,0.0,0.0,0.0,0.0
1,93556194,-,22,31348297,+,PCPG,2691,TCGA-RW-A688-01A,TCGA-RW-A688-01A,1.0,0.0,0.0,0.0,0.0
1,93690636,+,22,31234739,-,PCPG,2692,TCGA-RW-A688-01A,TCGA-RW-A688-01A,1.0,0.0,0.0,0.0,0.0
1,122768850,-,1,122770310,+,PCPG,2693,TCGA-RW-A688-01A,TCGA-RW-A688-01A,1.0,0.0,0.0,0.0,0.0
1,122782567,-,1,122784626,+,PCPG,2694,TCGA-RW-A688-01A,TCGA-RW-A688-01A,1.0,0.0,0.0,0.0,0.0
1,123575678,-,1,123576904,+,PCPG,2695,TCGA-RW-A688-01A,TCGA-RW-A688-01A,1.0,0.0,0.0,0.0,0.0
1,124148004,-,1,124148903,+,PCPG,2696,TCGA-RW-A688-01A,TCGA-RW-A688-01A,1.0,0.0,0.0,0.0,0.0
1,149789394,-,11,25692590,+,PCPG,2697,TCGA-RW-A688-01A,TCGA-RW-A688-01A,1.0,0.0,0.0,0.0,0.0
1,237473462,+,4,133581543,-,PCPG,2698,TCGA-RW-A688-01A,TCGA-RW-A688-01A,1.0,0.0,0.0,0.0,0.0
10,38650212,+,10,42272298,+,PCPG,2699,TCGA-RW-A688-01A,TCGA-RW-A688-01A,1.0,0.0,0.0,0.0,0.0
10,77319838,+,17,38940724,-,PCPG,2700,TCGA-RW-A688-01A,TCGA-RW-A688-01A,1.0,0.0,0.0,0.0,0.0
11,1913860,+,14,88968372,-,PCPG,2701,TCGA-RW-A688-01A,TCGA-RW-A688-01A,1.0,0.0,0.0,0.0,0.0
11,2049833,+,12,93853217,+,PCPG,2702,TCGA-RW-A688-01A,TCGA-RW-A688-01A,1.0,0.0,0.0,0.0,0.0
11,120924319,-,12,93679185,-,PCPG,2703,TCGA-RW-A688-01A,TCGA-RW-A688-01A,1.0,0.0,0.0,0.0,0.0
11,121135571,+,14,89171857,+,PCPG,2704,TCGA-RW-A688-01A,TCGA-RW-A688-01A,1.0,0.0,0.0,0.0,0.0
12,57715038,-,12,57862226,+,PCPG,2705,TCGA-RW-A688-01A,TCGA-RW-A688-01A,1.0,0.0,0.0,0.0,0.0
12,73272213,+,14,70507572,-,PCPG,2706,TCGA-RW-A688-01A,TCGA-RW-A688-01A,1.0,0.0,0.0,0.0,0.0
13,17148585,-,13,17230449,+,PCPG,2707,TCGA-RW-A688-01A,TCGA-RW-A688-01A,1.0,0.0,0.0,0.0,0.0
15,17503658,-,17,26712229,+,PCPG,2708,TCGA-RW-A688-01A,TCGA-RW-A688-01A,1.0,0.0,0.0,0.0,0.0
15,67958385,-,15,68164732,+,PCPG,2709,TCGA-RW-A688-01A,TCGA-RW-A688-01A,1.0,0.0,0.0,0.0,0.0
17,39138085,+,17,43003134,-,PCPG,2710,TCGA-RW-A688-01A,TCGA-RW-A688-01A,1.0,0.0,0.0,0.0,0.0
17,46291335,-,17,64923340,-,PCPG,2711,TCGA-RW-A688-01A,TCGA-RW-A688-01A,1.0,0.0,0.0,0.0,0.0
19,46124912,-,19,46336454,+,PCPG,2712,TCGA-RW-A688-01A,TCGA-RW-A688-01A,1.0,0.0,0.0,0.0,0.0
2,45757469,-,2,196464181,-,PCPG,2713,TCGA-RW-A688-01A,TCGA-RW-A688-01A,1.0,0.0,0.0,0.0,0.0
2,45918018,+,2,196631131,+,PCPG,2714,TCGA-RW-A688-01A,TCGA-RW-A688-01A,1.0,0.0,0.0,0.0,0.0
2,56137318,+,4,151761346,+,PCPG,2715,TCGA-RW-A688-01A,TCGA-RW-A688-01A,1.0,0.0,0.0,0.0,0.0
2,93315131,-,2,93680652,+,PCPG,2716,TCGA-RW-A688-01A,TCGA-RW-A688-01A,1.0,0.0,0.0,0.0,0.0
3,91024073,-,3,91212187,+,PCPG,2717,TCGA-RW-A688-01A,TCGA-RW-A688-01A,1.0,0.0,0.0,0.0,0.0
5,49668537,-,5,49702283,+,PCPG,2718,TCGA-RW-A688-01A,TCGA-RW-A688-01A,1.0,0.0,0.0,0.0,0.0
6,136448798,-,6,136591738,+,PCPG,2719,TCGA-RW-A688-01A,TCGA-RW-A688-01A,1.0,0.0,0.0,0.0,0.0
1,42428109,-,6,79876016,-,PCPG,2720,TCGA-RW-A689-01A,TCGA-RW-A689-01A,1.0,0.0,0.0,0.0,0.0
1,154189423,+,16,74214984,+,PCPG,2721,TCGA-RW-A689-01A,TCGA-RW-A689-01A,1.0,0.0,0.0,0.0,0.0
11,53212608,+,11,53470688,-,PCPG,2722,TCGA-RW-A689-01A,TCGA-RW-A689-01A,1.0,0.0,0.0,0.0,0.0
11,54384114,-,11,54416043,+,PCPG,2723,TCGA-RW-A689-01A,TCGA-RW-A689-01A,1.0,0.0,0.0,0.0,0.0
15,68672185,+,17,57547787,+,PCPG,2724,TCGA-RW-A689-01A,TCGA-RW-A689-01A,1.0,0.0,0.0,0.0,0.0
2,67169217,-,17,42439386,-,PCPG,2725,TCGA-RW-A689-01A,TCGA-RW-A689-01A,1.0,0.0,0.0,0.0,0.0
2,211927688,+,2,211928497,-,PCPG,2726,TCGA-RW-A689-01A,TCGA-RW-A689-01A,1.0,0.0,0.0,0.0,0.0
3,5700878,-,6,152495823,-,PCPG,2727,TCGA-RW-A689-01A,TCGA-RW-A689-01A,1.0,0.0,0.0,0.0,0.0
4,1550326,+,5,50921407,+,PCPG,2728,TCGA-RW-A689-01A,TCGA-RW-A689-01A,1.0,0.0,0.0,0.0,0.0
4,50287280,+,4,51514544,-,PCPG,2729,TCGA-RW-A689-01A,TCGA-RW-A689-01A,1.0,0.0,0.0,0.0,0.0
4,112869119,+,4,112869829,-,PCPG,2730,TCGA-RW-A689-01A,TCGA-RW-A689-01A,1.0,0.0,0.0,0.0,0.0
4,190061682,-,10,133661122,+,PCPG,2731,TCGA-RW-A689-01A,TCGA-RW-A689-01A,1.0,0.0,0.0,0.0,0.0
5,49671644,+,5,49694626,-,PCPG,2732,TCGA-RW-A689-01A,TCGA-RW-A689-01A,1.0,0.0,0.0,0.0,0.0
7,48481742,+,11,92183743,+,PCPG,2733,TCGA-RW-A689-01A,TCGA-RW-A689-01A,1.0,0.0,0.0,0.0,0.0
7,139445792,+,10,18442909,-,PCPG,2734,TCGA-RW-A689-01A,TCGA-RW-A689-01A,1.0,0.0,0.0,0.0,0.0
1,144442216,+,1,148129106,-,PCPG,2735,TCGA-RW-A68B-01A,TCGA-RW-A68B-01A,1.0,0.0,0.0,0.0,0.0
10,39227922,-,10,39230076,+,PCPG,2736,TCGA-RW-A68B-01A,TCGA-RW-A68B-01A,1.0,0.0,0.0,0.0,0.0
10,41558929,-,10,41572856,+,PCPG,2737,TCGA-RW-A68B-01A,TCGA-RW-A68B-01A,1.0,0.0,0.0,0.0,0.0
12,1984201,-,19,4090110,+,PCPG,2738,TCGA-RW-A68B-01A,TCGA-RW-A68B-01A,1.0,0.0,0.0,0.0,0.0
12,2066630,+,19,4031675,-,PCPG,2739,TCGA-RW-A68B-01A,TCGA-RW-A68B-01A,1.0,0.0,0.0,0.0,0.0
12,53719410,+,19,10715008,-,PCPG,2740,TCGA-RW-A68B-01A,TCGA-RW-A68B-01A,1.0,0.0,0.0,0.0,0.0
15,92810164,-,15,92837965,+,PCPG,2741,TCGA-RW-A68B-01A,TCGA-RW-A68B-01A,1.0,0.0,0.0,0.0,0.0
17,11845178,+,17,11861011,-,PCPG,2742,TCGA-RW-A68B-01A,TCGA-RW-A68B-01A,1.0,0.0,0.0,0.0,0.0
18,15819934,+,18,20445103,-,PCPG,2743,TCGA-RW-A68B-01A,TCGA-RW-A68B-01A,1.0,0.0,0.0,0.0,0.0
19,14090152,-,22,20450254,+,PCPG,2744,TCGA-RW-A68B-01A,TCGA-RW-A68B-01A,1.0,0.0,0.0,0.0,0.0
2,25779068,+,2,25779631,-,PCPG,2745,TCGA-RW-A68B-01A,TCGA-RW-A68B-01A,1.0,0.0,0.0,0.0,0.0
2,92283174,-,2,92284462,+,PCPG,2746,TCGA-RW-A68B-01A,TCGA-RW-A68B-01A,1.0,0.0,0.0,0.0,0.0
2,92708968,-,2,92709643,+,PCPG,2747,TCGA-RW-A68B-01A,TCGA-RW-A68B-01A,1.0,0.0,0.0,0.0,0.0
2,93273451,-,2,93274469,+,PCPG,2748,TCGA-RW-A68B-01A,TCGA-RW-A68B-01A,1.0,0.0,0.0,0.0,0.0
2,212014913,+,3,129149329,-,PCPG,2749,TCGA-RW-A68B-01A,TCGA-RW-A68B-01A,1.0,0.0,0.0,0.0,0.0
2,212015087,-,3,129149997,+,PCPG,2750,TCGA-RW-A68B-01A,TCGA-RW-A68B-01A,1.0,0.0,0.0,0.0,0.0
20,26440349,+,20,26476103,-,PCPG,2751,TCGA-RW-A68B-01A,TCGA-RW-A68B-01A,1.0,0.0,0.0,0.0,0.0
20,29974811,+,20,30022898,-,PCPG,2752,TCGA-RW-A68B-01A,TCGA-RW-A68B-01A,1.0,0.0,0.0,0.0,0.0
3,60551457,-,13,98626710,+,PCPG,2753,TCGA-RW-A68B-01A,TCGA-RW-A68B-01A,1.0,0.0,0.0,0.0,0.0
3,99647924,+,3,99728167,+,PCPG,2754,TCGA-RW-A68B-01A,TCGA-RW-A68B-01A,1.0,0.0,0.0,0.0,0.0
4,78718580,-,6,62587029,-,PCPG,2755,TCGA-RW-A68B-01A,TCGA-RW-A68B-01A,1.0,0.0,0.0,0.0,0.0
9,77775206,-,22,22114268,+,PCPG,2756,TCGA-RW-A68B-01A,TCGA-RW-A68B-01A,1.0,0.0,0.0,0.0,0.0
9,129415493,-,9,129459982,+,PCPG,2757,TCGA-RW-A68B-01A,TCGA-RW-A68B-01A,1.0,0.0,0.0,0.0,0.0
23,71986575,-,23,72077128,+,PCPG,2758,TCGA-RW-A68B-01A,TCGA-RW-A68B-01A,1.0,0.0,0.0,0.0,0.0
1,121742244,-,1,122462919,-,PCPG,2759,TCGA-RW-A68C-01A,TCGA-RW-A68C-01A,1.0,0.0,0.0,0.0,0.0
1,124795659,+,1,124803365,-,PCPG,2760,TCGA-RW-A68C-01A,TCGA-RW-A68C-01A,1.0,0.0,0.0,0.0,0.0
10,36234728,-,23,120297076,+,PCPG,2761,TCGA-RW-A68C-01A,TCGA-RW-A68C-01A,1.0,0.0,0.0,0.0,0.0
10,55158063,-,12,13916713,-,PCPG,2762,TCGA-RW-A68C-01A,TCGA-RW-A68C-01A,1.0,0.0,0.0,0.0,0.0
12,34834567,+,12,37251806,-,PCPG,2763,TCGA-RW-A68C-01A,TCGA-RW-A68C-01A,1.0,0.0,0.0,0.0,0.0
13,16568606,-,13,16570088,+,PCPG,2764,TCGA-RW-A68C-01A,TCGA-RW-A68C-01A,1.0,0.0,0.0,0.0,0.0
13,16753791,-,13,16755534,+,PCPG,2765,TCGA-RW-A68C-01A,TCGA-RW-A68C-01A,1.0,0.0,0.0,0.0,0.0
17,2533606,+,17,2534238,-,PCPG,2766,TCGA-RW-A68C-01A,TCGA-RW-A68C-01A,1.0,0.0,0.0,0.0,0.0
18,16618121,-,18,16619477,+,PCPG,2767,TCGA-RW-A68C-01A,TCGA-RW-A68C-01A,1.0,0.0,0.0,0.0,0.0
18,16727290,-,18,16728259,+,PCPG,2768,TCGA-RW-A68C-01A,TCGA-RW-A68C-01A,1.0,0.0,0.0,0.0,0.0
18,20802219,+,18,20831784,+,PCPG,2769,TCGA-RW-A68C-01A,TCGA-RW-A68C-01A,1.0,0.0,0.0,0.0,0.0
19,9557693,+,19,9558532,-,PCPG,2770,TCGA-RW-A68C-01A,TCGA-RW-A68C-01A,1.0,0.0,0.0,0.0,0.0
2,76930207,+,2,76930893,-,PCPG,2771,TCGA-RW-A68C-01A,TCGA-RW-A68C-01A,1.0,0.0,0.0,0.0,0.0
2,92506696,-,2,92507968,+,PCPG,2772,TCGA-RW-A68C-01A,TCGA-RW-A68C-01A,1.0,0.0,0.0,0.0,0.0
20,26955179,-,20,26956905,+,PCPG,2773,TCGA-RW-A68C-01A,TCGA-RW-A68C-01A,1.0,0.0,0.0,0.0,0.0
3,110637518,-,3,110916858,+,PCPG,2774,TCGA-RW-A68C-01A,TCGA-RW-A68C-01A,1.0,0.0,0.0,0.0,0.0
3,155814121,-,3,155945018,-,PCPG,2775,TCGA-RW-A68C-01A,TCGA-RW-A68C-01A,1.0,0.0,0.0,0.0,0.0
4,121742332,-,6,128005880,+,PCPG,2776,TCGA-RW-A68C-01A,TCGA-RW-A68C-01A,1.0,0.0,0.0,0.0,0.0
5,49800580,+,5,49853266,-,PCPG,2777,TCGA-RW-A68C-01A,TCGA-RW-A68C-01A,1.0,0.0,0.0,0.0,0.0
7,4497426,+,7,9621845,-,PCPG,2778,TCGA-RW-A68C-01A,TCGA-RW-A68C-01A,1.0,0.0,0.0,0.0,0.0
7,4497473,-,7,9622008,+,PCPG,2779,TCGA-RW-A68C-01A,TCGA-RW-A68C-01A,1.0,0.0,0.0,0.0,0.0
7,61960712,-,7,61962071,+,PCPG,2780,TCGA-RW-A68C-01A,TCGA-RW-A68C-01A,1.0,0.0,0.0,0.0,0.0
7,75584366,+,7,75585126,-,PCPG,2781,TCGA-RW-A68C-01A,TCGA-RW-A68C-01A,1.0,0.0,0.0,0.0,0.0
8,55911253,-,9,10512272,+,PCPG,2782,TCGA-RW-A68C-01A,TCGA-RW-A68C-01A,1.0,0.0,0.0,0.0,0.0
1,7273376,+,1,7273909,-,PCPG,2783,TCGA-RW-A68D-01A,TCGA-RW-A68D-01A,1.0,0.0,0.0,0.0,0.0
1,25691768,-,1,25727614,+,PCPG,2784,TCGA-RW-A68D-01A,TCGA-RW-A68D-01A,1.0,0.0,0.0,0.0,0.0
1,54608067,-,11,112560408,-,PCPG,2785,TCGA-RW-A68D-01A,TCGA-RW-A68D-01A,1.0,0.0,0.0,0.0,0.0
1,54718927,+,1,162601233,+,PCPG,2786,TCGA-RW-A68D-01A,TCGA-RW-A68D-01A,1.0,0.0,0.0,0.0,0.0
1,97037905,-,1,97182995,+,PCPG,2787,TCGA-RW-A68D-01A,TCGA-RW-A68D-01A,1.0,0.0,0.0,0.0,0.0
1,103148728,+,12,44218204,+,PCPG,2788,TCGA-RW-A68D-01A,TCGA-RW-A68D-01A,1.0,0.0,0.0,0.0,0.0
1,121754077,-,11,19984889,+,PCPG,2789,TCGA-RW-A68D-01A,TCGA-RW-A68D-01A,1.0,0.0,0.0,0.0,0.0
1,124046450,-,1,124510421,+,PCPG,2790,TCGA-RW-A68D-01A,TCGA-RW-A68D-01A,1.0,0.0,0.0,0.0,0.0
1,155887814,-,5,125344284,+,PCPG,2791,TCGA-RW-A68D-01A,TCGA-RW-A68D-01A,1.0,0.0,0.0,0.0,0.0
1,156088315,+,5,125118117,-,PCPG,2792,TCGA-RW-A68D-01A,TCGA-RW-A68D-01A,1.0,0.0,0.0,0.0,0.0
1,162505987,-,11,112724999,+,PCPG,2793,TCGA-RW-A68D-01A,TCGA-RW-A68D-01A,1.0,0.0,0.0,0.0,0.0
10,54382565,-,10,54595832,+,PCPG,2794,TCGA-RW-A68D-01A,TCGA-RW-A68D-01A,1.0,0.0,0.0,0.0,0.0
11,12126571,-,12,76066406,+,PCPG,2795,TCGA-RW-A68D-01A,TCGA-RW-A68D-01A,1.0,0.0,0.0,0.0,0.0
11,21514754,-,12,51391013,+,PCPG,2796,TCGA-RW-A68D-01A,TCGA-RW-A68D-01A,1.0,0.0,0.0,0.0,0.0
11,21514974,-,12,44199550,-,PCPG,2797,TCGA-RW-A68D-01A,TCGA-RW-A68D-01A,1.0,0.0,0.0,0.0,0.0
11,21515111,+,11,25361742,+,PCPG,2798,TCGA-RW-A68D-01A,TCGA-RW-A68D-01A,1.0,0.0,0.0,0.0,0.0
11,24455479,-,12,51399041,+,PCPG,2799,TCGA-RW-A68D-01A,TCGA-RW-A68D-01A,1.0,0.0,0.0,0.0,0.0
11,25361744,+,12,44199550,-,PCPG,2800,TCGA-RW-A68D-01A,TCGA-RW-A68D-01A,1.0,0.0,0.0,0.0,0.0
11,34872920,+,11,34876144,-,PCPG,2801,TCGA-RW-A68D-01A,TCGA-RW-A68D-01A,1.0,0.0,0.0,0.0,0.0
11,36177070,+,12,41339110,+,PCPG,2802,TCGA-RW-A68D-01A,TCGA-RW-A68D-01A,1.0,0.0,0.0,0.0,0.0
11,54343335,-,11,54384667,+,PCPG,2803,TCGA-RW-A68D-01A,TCGA-RW-A68D-01A,1.0,0.0,0.0,0.0,0.0
11,125656331,-,11,125749724,+,PCPG,2804,TCGA-RW-A68D-01A,TCGA-RW-A68D-01A,1.0,0.0,0.0,0.0,0.0
12,40275801,-,12,44002414,-,PCPG,2805,TCGA-RW-A68D-01A,TCGA-RW-A68D-01A,1.0,0.0,0.0,0.0,0.0
12,40275950,+,12,44199842,+,PCPG,2806,TCGA-RW-A68D-01A,TCGA-RW-A68D-01A,1.0,0.0,0.0,0.0,0.0
12,40275950,+,12,51390549,-,PCPG,2807,TCGA-RW-A68D-01A,TCGA-RW-A68D-01A,1.0,0.0,0.0,0.0,0.0
12,41336889,-,12,44190794,-,PCPG,2808,TCGA-RW-A68D-01A,TCGA-RW-A68D-01A,1.0,0.0,0.0,0.0,0.0
12,44002414,-,12,51390353,-,PCPG,2809,TCGA-RW-A68D-01A,TCGA-RW-A68D-01A,1.0,0.0,0.0,0.0,0.0
12,44177591,-,12,54405755,-,PCPG,2810,TCGA-RW-A68D-01A,TCGA-RW-A68D-01A,1.0,0.0,0.0,0.0,0.0
12,44190661,+,12,51399186,-,PCPG,2811,TCGA-RW-A68D-01A,TCGA-RW-A68D-01A,1.0,0.0,0.0,0.0,0.0
12,44193602,+,12,51393963,-,PCPG,2812,TCGA-RW-A68D-01A,TCGA-RW-A68D-01A,1.0,0.0,0.0,0.0,0.0
12,44199842,+,12,51390872,+,PCPG,2813,TCGA-RW-A68D-01A,TCGA-RW-A68D-01A,1.0,0.0,0.0,0.0,0.0
12,54449220,+,12,54632733,-,PCPG,2814,TCGA-RW-A68D-01A,TCGA-RW-A68D-01A,1.0,0.0,0.0,0.0,0.0
12,57677473,+,15,51008025,+,PCPG,2815,TCGA-RW-A68D-01A,TCGA-RW-A68D-01A,1.0,0.0,0.0,0.0,0.0
12,75867916,-,12,129539974,+,PCPG,2816,TCGA-RW-A68D-01A,TCGA-RW-A68D-01A,1.0,0.0,0.0,0.0,0.0
12,116222607,-,12,116406436,+,PCPG,2817,TCGA-RW-A68D-01A,TCGA-RW-A68D-01A,1.0,0.0,0.0,0.0,0.0
13,16290697,-,13,16679220,+,PCPG,2818,TCGA-RW-A68D-01A,TCGA-RW-A68D-01A,1.0,0.0,0.0,0.0,0.0
13,97163018,-,13,101251502,+,PCPG,2819,TCGA-RW-A68D-01A,TCGA-RW-A68D-01A,1.0,0.0,0.0,0.0,0.0
13,97216344,+,13,101058090,-,PCPG,2820,TCGA-RW-A68D-01A,TCGA-RW-A68D-01A,1.0,0.0,0.0,0.0,0.0
15,59043660,-,15,59192233,+,PCPG,2821,TCGA-RW-A68D-01A,TCGA-RW-A68D-01A,1.0,0.0,0.0,0.0,0.0
15,92436704,-,15,92599710,+,PCPG,2822,TCGA-RW-A68D-01A,TCGA-RW-A68D-01A,1.0,0.0,0.0,0.0,0.0
16,56599232,-,23,106418283,+,PCPG,2823,TCGA-RW-A68D-01A,TCGA-RW-A68D-01A,1.0,0.0,0.0,0.0,0.0
17,22929912,-,17,23009302,+,PCPG,2824,TCGA-RW-A68D-01A,TCGA-RW-A68D-01A,1.0,0.0,0.0,0.0,0.0
17,23028512,-,17,23043139,+,PCPG,2825,TCGA-RW-A68D-01A,TCGA-RW-A68D-01A,1.0,0.0,0.0,0.0,0.0
18,7651613,+,19,19997638,+,PCPG,2826,TCGA-RW-A68D-01A,TCGA-RW-A68D-01A,1.0,0.0,0.0,0.0,0.0
18,15636226,-,18,15701266,+,PCPG,2827,TCGA-RW-A68D-01A,TCGA-RW-A68D-01A,1.0,0.0,0.0,0.0,0.0
19,1797164,-,19,19914455,-,PCPG,2828,TCGA-RW-A68D-01A,TCGA-RW-A68D-01A,1.0,0.0,0.0,0.0,0.0
19,44163108,-,19,44260637,+,PCPG,2829,TCGA-RW-A68D-01A,TCGA-RW-A68D-01A,1.0,0.0,0.0,0.0,0.0
20,36294946,-,20,36488766,+,PCPG,2830,TCGA-RW-A68D-01A,TCGA-RW-A68D-01A,1.0,0.0,0.0,0.0,0.0
22,42317278,-,22,42461785,+,PCPG,2831,TCGA-RW-A68D-01A,TCGA-RW-A68D-01A,1.0,0.0,0.0,0.0,0.0
3,76840784,-,19,1914307,+,PCPG,2832,TCGA-RW-A68D-01A,TCGA-RW-A68D-01A,1.0,0.0,0.0,0.0,0.0
3,76841251,+,18,7557862,-,PCPG,2833,TCGA-RW-A68D-01A,TCGA-RW-A68D-01A,1.0,0.0,0.0,0.0,0.0
3,160673559,-,3,160788710,+,PCPG,2834,TCGA-RW-A68D-01A,TCGA-RW-A68D-01A,1.0,0.0,0.0,0.0,0.0
3,174796722,-,23,97966808,+,PCPG,2835,TCGA-RW-A68D-01A,TCGA-RW-A68D-01A,1.0,0.0,0.0,0.0,0.0
4,181253210,+,4,181695400,-,PCPG,2836,TCGA-RW-A68D-01A,TCGA-RW-A68D-01A,1.0,0.0,0.0,0.0,0.0
5,68960981,-,5,69100746,+,PCPG,2837,TCGA-RW-A68D-01A,TCGA-RW-A68D-01A,1.0,0.0,0.0,0.0,0.0
5,69101769,-,5,69116736,+,PCPG,2838,TCGA-RW-A68D-01A,TCGA-RW-A68D-01A,1.0,0.0,0.0,0.0,0.0
6,109386048,-,6,109512200,+,PCPG,2839,TCGA-RW-A68D-01A,TCGA-RW-A68D-01A,1.0,0.0,0.0,0.0,0.0
6,131035268,-,6,131134278,+,PCPG,2840,TCGA-RW-A68D-01A,TCGA-RW-A68D-01A,1.0,0.0,0.0,0.0,0.0
7,108084937,-,7,108164131,+,PCPG,2841,TCGA-RW-A68D-01A,TCGA-RW-A68D-01A,1.0,0.0,0.0,0.0,0.0
7,111210051,-,7,111240150,+,PCPG,2842,TCGA-RW-A68D-01A,TCGA-RW-A68D-01A,1.0,0.0,0.0,0.0,0.0
9,19435392,-,9,19521770,+,PCPG,2843,TCGA-RW-A68D-01A,TCGA-RW-A68D-01A,1.0,0.0,0.0,0.0,0.0
23,4827763,+,23,4833583,-,PCPG,2844,TCGA-RW-A68D-01A,TCGA-RW-A68D-01A,1.0,0.0,0.0,0.0,0.0
23,129746369,-,23,129823695,+,PCPG,2845,TCGA-RW-A68D-01A,TCGA-RW-A68D-01A,1.0,0.0,0.0,0.0,0.0
1,51205627,+,10,24742850,-,PCPG,2846,TCGA-RW-A68F-01A,TCGA-RW-A68F-01A,1.0,0.0,0.0,0.0,0.0
13,18965744,-,13,19617661,-,PCPG,2847,TCGA-RW-A68F-01A,TCGA-RW-A68F-01A,1.0,0.0,0.0,0.0,0.0
13,18991237,+,13,19582764,-,PCPG,2848,TCGA-RW-A68F-01A,TCGA-RW-A68F-01A,1.0,0.0,0.0,0.0,0.0
13,19598064,+,19,774402,-,PCPG,2849,TCGA-RW-A68F-01A,TCGA-RW-A68F-01A,1.0,0.0,0.0,0.0,0.0
3,155771018,-,4,3919319,-,PCPG,2850,TCGA-RW-A68F-01A,TCGA-RW-A68F-01A,1.0,0.0,0.0,0.0,0.0
5,49762758,+,5,49784539,-,PCPG,2851,TCGA-RW-A68F-01A,TCGA-RW-A68F-01A,1.0,0.0,0.0,0.0,0.0
7,119447059,-,7,119512956,+,PCPG,2852,TCGA-RW-A68F-01A,TCGA-RW-A68F-01A,1.0,0.0,0.0,0.0,0.0
8,121970038,-,11,34877990,+,PCPG,2853,TCGA-RW-A68F-01A,TCGA-RW-A68F-01A,1.0,0.0,0.0,0.0,0.0
1,5103126,+,16,1801874,-,PCPG,2854,TCGA-RW-A68G-01A,TCGA-RW-A68G-01A,1.0,0.0,0.0,0.0,0.0
1,5103264,-,7,44509002,+,PCPG,2855,TCGA-RW-A68G-01A,TCGA-RW-A68G-01A,1.0,0.0,0.0,0.0,0.0
11,53416919,-,11,54021893,+,PCPG,2856,TCGA-RW-A68G-01A,TCGA-RW-A68G-01A,1.0,0.0,0.0,0.0,0.0
11,54909335,+,11,54926167,-,PCPG,2857,TCGA-RW-A68G-01A,TCGA-RW-A68G-01A,1.0,0.0,0.0,0.0,0.0
12,35759138,-,12,35759930,+,PCPG,2858,TCGA-RW-A68G-01A,TCGA-RW-A68G-01A,1.0,0.0,0.0,0.0,0.0
13,16020641,+,20,28925767,+,PCPG,2859,TCGA-RW-A68G-01A,TCGA-RW-A68G-01A,1.0,0.0,0.0,0.0,0.0
13,17096035,+,13,17113487,-,PCPG,2860,TCGA-RW-A68G-01A,TCGA-RW-A68G-01A,1.0,0.0,0.0,0.0,0.0
13,17489674,-,13,17980737,+,PCPG,2861,TCGA-RW-A68G-01A,TCGA-RW-A68G-01A,1.0,0.0,0.0,0.0,0.0
17,73237179,-,17,73440035,+,PCPG,2862,TCGA-RW-A68G-01A,TCGA-RW-A68G-01A,1.0,0.0,0.0,0.0,0.0
19,34869601,+,23,1930948,-,PCPG,2863,TCGA-RW-A68G-01A,TCGA-RW-A68G-01A,1.0,0.0,0.0,0.0,0.0
2,92867001,-,2,93142159,+,PCPG,2864,TCGA-RW-A68G-01A,TCGA-RW-A68G-01A,1.0,0.0,0.0,0.0,0.0
3,65880297,-,3,65953038,+,PCPG,2865,TCGA-RW-A68G-01A,TCGA-RW-A68G-01A,1.0,0.0,0.0,0.0,0.0
3,155231227,-,7,39040063,-,PCPG,2866,TCGA-RW-A68G-01A,TCGA-RW-A68G-01A,1.0,0.0,0.0,0.0,0.0
3,155231321,+,7,39040078,+,PCPG,2867,TCGA-RW-A68G-01A,TCGA-RW-A68G-01A,1.0,0.0,0.0,0.0,0.0
5,49902123,+,5,49963777,-,PCPG,2868,TCGA-RW-A68G-01A,TCGA-RW-A68G-01A,1.0,0.0,0.0,0.0,0.0
5,168868209,-,5,169085435,+,PCPG,2869,TCGA-RW-A68G-01A,TCGA-RW-A68G-01A,1.0,0.0,0.0,0.0,0.0
6,42863915,-,6,42983106,+,PCPG,2870,TCGA-RW-A68G-01A,TCGA-RW-A68G-01A,1.0,0.0,0.0,0.0,0.0
8,7386312,-,12,32292516,+,PCPG,2871,TCGA-RW-A68G-01A,TCGA-RW-A68G-01A,1.0,0.0,0.0,0.0,0.0
8,8526065,-,16,19321592,-,PCPG,2872,TCGA-RW-A68G-01A,TCGA-RW-A68G-01A,1.0,0.0,0.0,0.0,0.0
8,45678611,-,8,45686821,+,PCPG,2873,TCGA-RW-A68G-01A,TCGA-RW-A68G-01A,1.0,0.0,0.0,0.0,0.0
1,124241288,-,1,124242088,+,PCPG,2874,TCGA-RW-A7CZ-01A,TCGA-RW-A7CZ-01A,1.0,0.0,0.0,0.0,0.0
12,103966044,+,12,103979828,-,PCPG,2875,TCGA-RW-A7CZ-01A,TCGA-RW-A7CZ-01A,1.0,0.0,0.0,0.0,0.0
12,131308328,-,12,131653085,-,PCPG,2876,TCGA-RW-A7CZ-01A,TCGA-RW-A7CZ-01A,1.0,0.0,0.0,0.0,0.0
18,20775538,-,18,20914261,+,PCPG,2877,TCGA-RW-A7CZ-01A,TCGA-RW-A7CZ-01A,1.0,0.0,0.0,0.0,0.0
2,3595598,-,8,1843495,-,PCPG,2878,TCGA-RW-A7CZ-01A,TCGA-RW-A7CZ-01A,1.0,0.0,0.0,0.0,0.0
2,3596945,+,8,1843065,+,PCPG,2879,TCGA-RW-A7CZ-01A,TCGA-RW-A7CZ-01A,1.0,0.0,0.0,0.0,0.0
5,94947628,+,7,55323226,+,PCPG,2880,TCGA-RW-A7CZ-01A,TCGA-RW-A7CZ-01A,1.0,0.0,0.0,0.0,0.0
8,1776659,+,8,1784564,-,PCPG,2881,TCGA-RW-A7CZ-01A,TCGA-RW-A7CZ-01A,1.0,0.0,0.0,0.0,0.0
8,120918364,-,11,92412741,+,PCPG,2882,TCGA-RW-A7CZ-01A,TCGA-RW-A7CZ-01A,1.0,0.0,0.0,0.0,0.0
9,2650770,-,9,2758853,+,PCPG,2883,TCGA-RW-A7CZ-01A,TCGA-RW-A7CZ-01A,1.0,0.0,0.0,0.0,0.0
1,124795662,+,1,124803350,-,PCPG,2884,TCGA-RW-A7D0-01A,TCGA-RW-A7D0-01A,1.0,0.0,0.0,0.0,0.0
1,237623386,+,4,124915639,-,PCPG,2885,TCGA-RW-A7D0-01A,TCGA-RW-A7D0-01A,1.0,0.0,0.0,0.0,0.0
10,39919115,+,10,39931564,-,PCPG,2886,TCGA-RW-A7D0-01A,TCGA-RW-A7D0-01A,1.0,0.0,0.0,0.0,0.0
10,81310654,-,10,82925973,+,PCPG,2887,TCGA-RW-A7D0-01A,TCGA-RW-A7D0-01A,1.0,0.0,0.0,0.0,0.0
11,52742507,+,11,53728570,-,PCPG,2888,TCGA-RW-A7D0-01A,TCGA-RW-A7D0-01A,1.0,0.0,0.0,0.0,0.0
11,68301919,+,12,65740132,+,PCPG,2889,TCGA-RW-A7D0-01A,TCGA-RW-A7D0-01A,1.0,0.0,0.0,0.0,0.0
11,105140255,-,11,110265333,+,PCPG,2890,TCGA-RW-A7D0-01A,TCGA-RW-A7D0-01A,1.0,0.0,0.0,0.0,0.0
11,105140338,-,11,110266074,-,PCPG,2891,TCGA-RW-A7D0-01A,TCGA-RW-A7D0-01A,1.0,0.0,0.0,0.0,0.0
11,110265250,+,11,110266198,+,PCPG,2892,TCGA-RW-A7D0-01A,TCGA-RW-A7D0-01A,1.0,0.0,0.0,0.0,0.0
13,16787491,-,13,17025778,+,PCPG,2893,TCGA-RW-A7D0-01A,TCGA-RW-A7D0-01A,1.0,0.0,0.0,0.0,0.0
13,17552624,+,13,17767266,-,PCPG,2894,TCGA-RW-A7D0-01A,TCGA-RW-A7D0-01A,1.0,0.0,0.0,0.0,0.0
16,8384257,-,16,26766059,+,PCPG,2895,TCGA-RW-A7D0-01A,TCGA-RW-A7D0-01A,1.0,0.0,0.0,0.0,0.0
16,65962419,-,16,71435621,+,PCPG,2896,TCGA-RW-A7D0-01A,TCGA-RW-A7D0-01A,1.0,0.0,0.0,0.0,0.0
16,76938760,-,16,83175810,+,PCPG,2897,TCGA-RW-A7D0-01A,TCGA-RW-A7D0-01A,1.0,0.0,0.0,0.0,0.0
18,51784759,-,18,55823120,+,PCPG,2898,TCGA-RW-A7D0-01A,TCGA-RW-A7D0-01A,1.0,0.0,0.0,0.0,0.0
18,58757752,-,18,63024753,+,PCPG,2899,TCGA-RW-A7D0-01A,TCGA-RW-A7D0-01A,1.0,0.0,0.0,0.0,0.0
2,2345774,-,2,5683934,+,PCPG,2900,TCGA-RW-A7D0-01A,TCGA-RW-A7D0-01A,1.0,0.0,0.0,0.0,0.0
2,56072265,-,2,61424661,+,PCPG,2901,TCGA-RW-A7D0-01A,TCGA-RW-A7D0-01A,1.0,0.0,0.0,0.0,0.0
2,92912592,-,2,92913405,+,PCPG,2902,TCGA-RW-A7D0-01A,TCGA-RW-A7D0-01A,1.0,0.0,0.0,0.0,0.0
2,219195488,-,2,220866835,+,PCPG,2903,TCGA-RW-A7D0-01A,TCGA-RW-A7D0-01A,1.0,0.0,0.0,0.0,0.0
3,26462634,-,3,34430720,+,PCPG,2904,TCGA-RW-A7D0-01A,TCGA-RW-A7D0-01A,1.0,0.0,0.0,0.0,0.0
5,49694357,+,5,49720160,-,PCPG,2905,TCGA-RW-A7D0-01A,TCGA-RW-A7D0-01A,1.0,0.0,0.0,0.0,0.0
23,3036733,+,23,63625854,+,PCPG,2906,TCGA-RW-A7D0-01A,TCGA-RW-A7D0-01A,1.0,0.0,0.0,0.0,0.0
1,78909402,-,8,46565473,+,PCPG,2907,TCGA-RW-A8AZ-01A,TCGA-RW-A8AZ-01A,1.0,0.0,0.0,0.0,0.0
1,122228062,+,1,122395355,-,PCPG,2908,TCGA-RW-A8AZ-01A,TCGA-RW-A8AZ-01A,1.0,0.0,0.0,0.0,0.0
1,184574903,-,5,129716962,-,PCPG,2909,TCGA-RW-A8AZ-01A,TCGA-RW-A8AZ-01A,1.0,0.0,0.0,0.0,0.0
1,184760840,+,5,176006605,-,PCPG,2910,TCGA-RW-A8AZ-01A,TCGA-RW-A8AZ-01A,1.0,0.0,0.0,0.0,0.0
1,228856487,+,1,235746901,+,PCPG,2911,TCGA-RW-A8AZ-01A,TCGA-RW-A8AZ-01A,1.0,0.0,0.0,0.0,0.0
1,230473649,-,8,56307152,-,PCPG,2912,TCGA-RW-A8AZ-01A,TCGA-RW-A8AZ-01A,1.0,0.0,0.0,0.0,0.0
10,29842808,-,10,30158267,+,PCPG,2913,TCGA-RW-A8AZ-01A,TCGA-RW-A8AZ-01A,1.0,0.0,0.0,0.0,0.0
10,78252220,-,10,78378351,+,PCPG,2914,TCGA-RW-A8AZ-01A,TCGA-RW-A8AZ-01A,1.0,0.0,0.0,0.0,0.0
11,53258921,-,11,53771725,+,PCPG,2915,TCGA-RW-A8AZ-01A,TCGA-RW-A8AZ-01A,1.0,0.0,0.0,0.0,0.0
11,54364974,-,11,54407127,+,PCPG,2916,TCGA-RW-A8AZ-01A,TCGA-RW-A8AZ-01A,1.0,0.0,0.0,0.0,0.0
11,65088888,-,12,32336819,+,PCPG,2917,TCGA-RW-A8AZ-01A,TCGA-RW-A8AZ-01A,1.0,0.0,0.0,0.0,0.0
11,69218434,+,12,31954101,-,PCPG,2918,TCGA-RW-A8AZ-01A,TCGA-RW-A8AZ-01A,1.0,0.0,0.0,0.0,0.0
12,30409749,+,14,60729226,+,PCPG,2919,TCGA-RW-A8AZ-01A,TCGA-RW-A8AZ-01A,1.0,0.0,0.0,0.0,0.0
12,53889173,-,22,27728603,-,PCPG,2920,TCGA-RW-A8AZ-01A,TCGA-RW-A8AZ-01A,1.0,0.0,0.0,0.0,0.0
12,127768005,-,14,60484155,-,PCPG,2921,TCGA-RW-A8AZ-01A,TCGA-RW-A8AZ-01A,1.0,0.0,0.0,0.0,0.0
17,8042668,-,17,8191909,+,PCPG,2922,TCGA-RW-A8AZ-01A,TCGA-RW-A8AZ-01A,1.0,0.0,0.0,0.0,0.0
18,35751223,-,18,35766768,+,PCPG,2923,TCGA-RW-A8AZ-01A,TCGA-RW-A8AZ-01A,1.0,0.0,0.0,0.0,0.0
2,22517744,-,2,22748431,+,PCPG,2924,TCGA-RW-A8AZ-01A,TCGA-RW-A8AZ-01A,1.0,0.0,0.0,0.0,0.0
2,26830793,-,2,26840531,+,PCPG,2925,TCGA-RW-A8AZ-01A,TCGA-RW-A8AZ-01A,1.0,0.0,0.0,0.0,0.0
2,41297911,-,2,73255113,+,PCPG,2926,TCGA-RW-A8AZ-01A,TCGA-RW-A8AZ-01A,1.0,0.0,0.0,0.0,0.0
2,41524894,+,2,72989583,-,PCPG,2927,TCGA-RW-A8AZ-01A,TCGA-RW-A8AZ-01A,1.0,0.0,0.0,0.0,0.0
2,42042258,-,2,42220353,+,PCPG,2928,TCGA-RW-A8AZ-01A,TCGA-RW-A8AZ-01A,1.0,0.0,0.0,0.0,0.0
2,46469399,+,2,47190095,+,PCPG,2929,TCGA-RW-A8AZ-01A,TCGA-RW-A8AZ-01A,1.0,0.0,0.0,0.0,0.0
2,204715923,-,20,54974426,-,PCPG,2930,TCGA-RW-A8AZ-01A,TCGA-RW-A8AZ-01A,1.0,0.0,0.0,0.0,0.0
2,204787611,+,2,216880805,-,PCPG,2931,TCGA-RW-A8AZ-01A,TCGA-RW-A8AZ-01A,1.0,0.0,0.0,0.0,0.0
2,217110185,+,4,167534363,-,PCPG,2932,TCGA-RW-A8AZ-01A,TCGA-RW-A8AZ-01A,1.0,0.0,0.0,0.0,0.0
20,30018142,+,20,30021408,-,PCPG,2933,TCGA-RW-A8AZ-01A,TCGA-RW-A8AZ-01A,1.0,0.0,0.0,0.0,0.0
21,16561779,-,21,33817133,-,PCPG,2934,TCGA-RW-A8AZ-01A,TCGA-RW-A8AZ-01A,1.0,0.0,0.0,0.0,0.0
3,63986350,-,3,83635227,+,PCPG,2935,TCGA-RW-A8AZ-01A,TCGA-RW-A8AZ-01A,1.0,0.0,0.0,0.0,0.0
3,64103591,+,3,143588536,-,PCPG,2936,TCGA-RW-A8AZ-01A,TCGA-RW-A8AZ-01A,1.0,0.0,0.0,0.0,0.0
3,83430258,-,3,143589503,+,PCPG,2937,TCGA-RW-A8AZ-01A,TCGA-RW-A8AZ-01A,1.0,0.0,0.0,0.0,0.0
3,91192683,-,3,91257449,-,PCPG,2938,TCGA-RW-A8AZ-01A,TCGA-RW-A8AZ-01A,1.0,0.0,0.0,0.0,0.0
3,143430364,-,3,178369827,-,PCPG,2939,TCGA-RW-A8AZ-01A,TCGA-RW-A8AZ-01A,1.0,0.0,0.0,0.0,0.0
3,143588581,+,7,95006456,-,PCPG,2940,TCGA-RW-A8AZ-01A,TCGA-RW-A8AZ-01A,1.0,0.0,0.0,0.0,0.0
3,144820734,-,3,178625509,+,PCPG,2941,TCGA-RW-A8AZ-01A,TCGA-RW-A8AZ-01A,1.0,0.0,0.0,0.0,0.0
3,144820823,+,7,95237090,+,PCPG,2942,TCGA-RW-A8AZ-01A,TCGA-RW-A8AZ-01A,1.0,0.0,0.0,0.0,0.0
3,149835879,+,7,46874230,+,PCPG,2943,TCGA-RW-A8AZ-01A,TCGA-RW-A8AZ-01A,1.0,0.0,0.0,0.0,0.0
3,178625509,+,7,95237090,+,PCPG,2944,TCGA-RW-A8AZ-01A,TCGA-RW-A8AZ-01A,1.0,0.0,0.0,0.0,0.0
4,1898378,-,15,85682951,-,PCPG,2945,TCGA-RW-A8AZ-01A,TCGA-RW-A8AZ-01A,1.0,0.0,0.0,0.0,0.0
4,139783328,-,17,44349603,+,PCPG,2946,TCGA-RW-A8AZ-01A,TCGA-RW-A8AZ-01A,1.0,0.0,0.0,0.0,0.0
4,139892089,+,17,44209760,-,PCPG,2947,TCGA-RW-A8AZ-01A,TCGA-RW-A8AZ-01A,1.0,0.0,0.0,0.0,0.0
4,156267368,+,4,156427032,-,PCPG,2948,TCGA-RW-A8AZ-01A,TCGA-RW-A8AZ-01A,1.0,0.0,0.0,0.0,0.0
4,167878337,+,20,55068313,+,PCPG,2949,TCGA-RW-A8AZ-01A,TCGA-RW-A8AZ-01A,1.0,0.0,0.0,0.0,0.0
4,173697272,-,4,173964441,+,PCPG,2950,TCGA-RW-A8AZ-01A,TCGA-RW-A8AZ-01A,1.0,0.0,0.0,0.0,0.0
4,173697272,-,6,4200015,+,PCPG,2951,TCGA-RW-A8AZ-01A,TCGA-RW-A8AZ-01A,1.0,0.0,0.0,0.0,0.0
5,25773154,-,13,94647728,+,PCPG,2952,TCGA-RW-A8AZ-01A,TCGA-RW-A8AZ-01A,1.0,0.0,0.0,0.0,0.0
5,26032493,+,13,94368564,-,PCPG,2953,TCGA-RW-A8AZ-01A,TCGA-RW-A8AZ-01A,1.0,0.0,0.0,0.0,0.0
5,129838616,+,5,176203327,+,PCPG,2954,TCGA-RW-A8AZ-01A,TCGA-RW-A8AZ-01A,1.0,0.0,0.0,0.0,0.0
5,168862639,-,5,169012626,+,PCPG,2955,TCGA-RW-A8AZ-01A,TCGA-RW-A8AZ-01A,1.0,0.0,0.0,0.0,0.0
5,174997588,-,12,30181238,-,PCPG,2956,TCGA-RW-A8AZ-01A,TCGA-RW-A8AZ-01A,1.0,0.0,0.0,0.0,0.0
5,175249453,+,12,128028249,+,PCPG,2957,TCGA-RW-A8AZ-01A,TCGA-RW-A8AZ-01A,1.0,0.0,0.0,0.0,0.0
6,58270418,-,6,61171941,-,PCPG,2958,TCGA-RW-A8AZ-01A,TCGA-RW-A8AZ-01A,1.0,0.0,0.0,0.0,0.0
7,3573213,+,7,3951812,-,PCPG,2959,TCGA-RW-A8AZ-01A,TCGA-RW-A8AZ-01A,1.0,0.0,0.0,0.0,0.0
8,50320563,-,8,92612199,+,PCPG,2960,TCGA-RW-A8AZ-01A,TCGA-RW-A8AZ-01A,1.0,0.0,0.0,0.0,0.0
8,50555173,+,8,92335473,-,PCPG,2961,TCGA-RW-A8AZ-01A,TCGA-RW-A8AZ-01A,1.0,0.0,0.0,0.0,0.0
8,121970132,-,11,34877896,+,PCPG,2962,TCGA-RW-A8AZ-01A,TCGA-RW-A8AZ-01A,1.0,0.0,0.0,0.0,0.0
9,5468141,-,21,16814855,+,PCPG,2963,TCGA-RW-A8AZ-01A,TCGA-RW-A8AZ-01A,1.0,0.0,0.0,0.0,0.0
9,5756938,+,21,34055710,+,PCPG,2964,TCGA-RW-A8AZ-01A,TCGA-RW-A8AZ-01A,1.0,0.0,0.0,0.0,0.0
9,29186936,-,9,32980161,+,PCPG,2965,TCGA-RW-A8AZ-01A,TCGA-RW-A8AZ-01A,1.0,0.0,0.0,0.0,0.0
9,75713319,-,21,45571175,+,PCPG,2966,TCGA-RW-A8AZ-01A,TCGA-RW-A8AZ-01A,1.0,0.0,0.0,0.0,0.0
9,75948985,+,21,45421827,-,PCPG,2967,TCGA-RW-A8AZ-01A,TCGA-RW-A8AZ-01A,1.0,0.0,0.0,0.0,0.0
9,83273867,-,21,6498917,+,PCPG,2968,TCGA-RW-A8AZ-01A,TCGA-RW-A8AZ-01A,1.0,0.0,0.0,0.0,0.0
9,120845110,-,11,73681610,+,PCPG,2969,TCGA-RW-A8AZ-01A,TCGA-RW-A8AZ-01A,1.0,0.0,0.0,0.0,0.0
9,121080411,+,11,73524134,-,PCPG,2970,TCGA-RW-A8AZ-01A,TCGA-RW-A8AZ-01A,1.0,0.0,0.0,0.0,0.0
1,42654837,-,1,115832094,-,PCPG,2971,TCGA-RX-A8JQ-01A,TCGA-RX-A8JQ-01A,1.0,0.0,0.0,0.0,0.0
1,123390621,-,1,123391977,+,PCPG,2972,TCGA-RX-A8JQ-01A,TCGA-RX-A8JQ-01A,1.0,0.0,0.0,0.0,0.0
1,123467848,-,1,123469045,+,PCPG,2973,TCGA-RX-A8JQ-01A,TCGA-RX-A8JQ-01A,1.0,0.0,0.0,0.0,0.0
1,124915446,-,1,124916763,+,PCPG,2974,TCGA-RX-A8JQ-01A,TCGA-RX-A8JQ-01A,1.0,0.0,0.0,0.0,0.0
11,44550773,-,11,116812456,-,PCPG,2975,TCGA-RX-A8JQ-01A,TCGA-RX-A8JQ-01A,1.0,0.0,0.0,0.0,0.0
17,22929922,-,17,23176255,+,PCPG,2976,TCGA-RX-A8JQ-01A,TCGA-RX-A8JQ-01A,1.0,0.0,0.0,0.0,0.0
17,23193634,-,17,23195579,+,PCPG,2977,TCGA-RX-A8JQ-01A,TCGA-RX-A8JQ-01A,1.0,0.0,0.0,0.0,0.0
2,82598082,-,4,128166933,-,PCPG,2978,TCGA-RX-A8JQ-01A,TCGA-RX-A8JQ-01A,1.0,0.0,0.0,0.0,0.0
20,26381835,+,20,28318107,-,PCPG,2979,TCGA-RX-A8JQ-01A,TCGA-RX-A8JQ-01A,1.0,0.0,0.0,0.0,0.0
3,49403995,-,10,17548122,-,PCPG,2980,TCGA-RX-A8JQ-01A,TCGA-RX-A8JQ-01A,1.0,0.0,0.0,0.0,0.0
4,50083093,-,4,50084336,+,PCPG,2981,TCGA-RX-A8JQ-01A,TCGA-RX-A8JQ-01A,1.0,0.0,0.0,0.0,0.0
5,49739165,+,5,49866603,-,PCPG,2982,TCGA-RX-A8JQ-01A,TCGA-RX-A8JQ-01A,1.0,0.0,0.0,0.0,0.0
5,91197216,+,5,92039373,-,PCPG,2983,TCGA-RX-A8JQ-01A,TCGA-RX-A8JQ-01A,1.0,0.0,0.0,0.0,0.0
7,61430781,-,7,61449902,+,PCPG,2984,TCGA-RX-A8JQ-01A,TCGA-RX-A8JQ-01A,1.0,0.0,0.0,0.0,0.0
8,45080697,-,8,45427523,+,PCPG,2985,TCGA-RX-A8JQ-01A,TCGA-RX-A8JQ-01A,1.0,0.0,0.0,0.0,0.0
9,42350051,-,9,66780705,-,PCPG,2986,TCGA-RX-A8JQ-01A,TCGA-RX-A8JQ-01A,1.0,0.0,0.0,0.0,0.0
1,1866769,-,15,70533109,+,PCPG,2987,TCGA-S7-A7WL-01A,TCGA-S7-A7WL-01A,1.0,0.0,0.0,0.0,0.0
1,48945267,+,1,209895274,+,PCPG,2988,TCGA-S7-A7WL-01A,TCGA-S7-A7WL-01A,1.0,0.0,0.0,0.0,0.0
1,180817510,-,1,180929774,+,PCPG,2989,TCGA-S7-A7WL-01A,TCGA-S7-A7WL-01A,1.0,0.0,0.0,0.0,0.0
1,210891865,-,1,211066096,-,PCPG,2990,TCGA-S7-A7WL-01A,TCGA-S7-A7WL-01A,1.0,0.0,0.0,0.0,0.0
1,211070274,+,22,24602199,+,PCPG,2991,TCGA-S7-A7WL-01A,TCGA-S7-A7WL-01A,1.0,0.0,0.0,0.0,0.0
10,72145135,-,17,44455042,-,PCPG,2992,TCGA-S7-A7WL-01A,TCGA-S7-A7WL-01A,1.0,0.0,0.0,0.0,0.0
10,72145139,-,10,72336156,+,PCPG,2993,TCGA-S7-A7WL-01A,TCGA-S7-A7WL-01A,1.0,0.0,0.0,0.0,0.0
10,72336156,+,17,44455363,+,PCPG,2994,TCGA-S7-A7WL-01A,TCGA-S7-A7WL-01A,1.0,0.0,0.0,0.0,0.0
10,110727818,-,10,110871783,+,PCPG,2995,TCGA-S7-A7WL-01A,TCGA-S7-A7WL-01A,1.0,0.0,0.0,0.0,0.0
11,52459599,-,11,52669909,+,PCPG,2996,TCGA-S7-A7WL-01A,TCGA-S7-A7WL-01A,1.0,0.0,0.0,0.0,0.0
11,94791175,+,15,70380317,-,PCPG,2997,TCGA-S7-A7WL-01A,TCGA-S7-A7WL-01A,1.0,0.0,0.0,0.0,0.0
13,16497063,-,13,17328383,+,PCPG,2998,TCGA-S7-A7WL-01A,TCGA-S7-A7WL-01A,1.0,0.0,0.0,0.0,0.0
15,87499809,-,23,108048204,+,PCPG,2999,TCGA-S7-A7WL-01A,TCGA-S7-A7WL-01A,1.0,0.0,0.0,0.0,0.0
4,31753946,-,15,87499697,+,PCPG,3000,TCGA-S7-A7WL-01A,TCGA-S7-A7WL-01A,1.0,0.0,0.0,0.0,0.0
4,51059188,-,4,51141198,+,PCPG,3001,TCGA-S7-A7WL-01A,TCGA-S7-A7WL-01A,1.0,0.0,0.0,0.0,0.0
5,20376056,+,9,2271706,-,PCPG,3002,TCGA-S7-A7WL-01A,TCGA-S7-A7WL-01A,1.0,0.0,0.0,0.0,0.0
5,174234817,-,5,174374106,+,PCPG,3003,TCGA-S7-A7WL-01A,TCGA-S7-A7WL-01A,1.0,0.0,0.0,0.0,0.0
5,175930217,-,5,177913592,-,PCPG,3004,TCGA-S7-A7WL-01A,TCGA-S7-A7WL-01A,1.0,0.0,0.0,0.0,0.0
7,36295453,-,7,36413720,+,PCPG,3005,TCGA-S7-A7WL-01A,TCGA-S7-A7WL-01A,1.0,0.0,0.0,0.0,0.0
7,60340415,-,7,62512135,+,PCPG,3006,TCGA-S7-A7WL-01A,TCGA-S7-A7WL-01A,1.0,0.0,0.0,0.0,0.0
8,29650935,-,17,44454746,-,PCPG,3007,TCGA-S7-A7WL-01A,TCGA-S7-A7WL-01A,1.0,0.0,0.0,0.0,0.0
8,76730931,-,8,76772757,+,PCPG,3008,TCGA-S7-A7WL-01A,TCGA-S7-A7WL-01A,1.0,0.0,0.0,0.0,0.0
9,124271398,-,9,124396702,+,PCPG,3009,TCGA-S7-A7WL-01A,TCGA-S7-A7WL-01A,1.0,0.0,0.0,0.0,0.0
1,27533472,-,1,43898038,-,PCPG,3010,TCGA-S7-A7WM-01A,TCGA-S7-A7WM-01A,1.0,0.0,0.0,0.0,0.0
1,44010128,+,4,88713885,-,PCPG,3011,TCGA-S7-A7WM-01A,TCGA-S7-A7WM-01A,1.0,0.0,0.0,0.0,0.0
1,46245586,+,22,26335151,+,PCPG,3012,TCGA-S7-A7WM-01A,TCGA-S7-A7WM-01A,1.0,0.0,0.0,0.0,0.0
11,48930099,-,11,54789620,+,PCPG,3013,TCGA-S7-A7WM-01A,TCGA-S7-A7WM-01A,1.0,0.0,0.0,0.0,0.0
11,90456596,+,15,90121926,-,PCPG,3014,TCGA-S7-A7WM-01A,TCGA-S7-A7WM-01A,1.0,0.0,0.0,0.0,0.0
12,35981527,-,12,36915095,+,PCPG,3015,TCGA-S7-A7WM-01A,TCGA-S7-A7WM-01A,1.0,0.0,0.0,0.0,0.0
12,75616407,+,19,44083505,-,PCPG,3016,TCGA-S7-A7WM-01A,TCGA-S7-A7WM-01A,1.0,0.0,0.0,0.0,0.0
14,92848729,-,20,20394496,+,PCPG,3017,TCGA-S7-A7WM-01A,TCGA-S7-A7WM-01A,1.0,0.0,0.0,0.0,0.0
14,92958582,+,20,5972085,-,PCPG,3018,TCGA-S7-A7WM-01A,TCGA-S7-A7WM-01A,1.0,0.0,0.0,0.0,0.0
14,102756356,-,20,20245452,-,PCPG,3019,TCGA-S7-A7WM-01A,TCGA-S7-A7WM-01A,1.0,0.0,0.0,0.0,0.0
14,102885972,+,20,5972651,+,PCPG,3020,TCGA-S7-A7WM-01A,TCGA-S7-A7WM-01A,1.0,0.0,0.0,0.0,0.0
16,81357099,-,16,81469757,+,PCPG,3021,TCGA-S7-A7WM-01A,TCGA-S7-A7WM-01A,1.0,0.0,0.0,0.0,0.0
17,19736758,-,17,19775790,+,PCPG,3022,TCGA-S7-A7WM-01A,TCGA-S7-A7WM-01A,1.0,0.0,0.0,0.0,0.0
18,8808477,-,18,8893997,+,PCPG,3023,TCGA-S7-A7WM-01A,TCGA-S7-A7WM-01A,1.0,0.0,0.0,0.0,0.0
19,19084793,-,22,26222138,-,PCPG,3024,TCGA-S7-A7WM-01A,TCGA-S7-A7WM-01A,1.0,0.0,0.0,0.0,0.0
2,27952587,-,2,171232091,-,PCPG,3025,TCGA-S7-A7WM-01A,TCGA-S7-A7WM-01A,1.0,0.0,0.0,0.0,0.0
2,28017079,+,2,171360115,+,PCPG,3026,TCGA-S7-A7WM-01A,TCGA-S7-A7WM-01A,1.0,0.0,0.0,0.0,0.0
3,53980131,-,4,88875838,+,PCPG,3027,TCGA-S7-A7WM-01A,TCGA-S7-A7WM-01A,1.0,0.0,0.0,0.0,0.0
3,54119076,+,5,67553336,-,PCPG,3028,TCGA-S7-A7WM-01A,TCGA-S7-A7WM-01A,1.0,0.0,0.0,0.0,0.0
3,90484487,+,6,61381502,+,PCPG,3029,TCGA-S7-A7WM-01A,TCGA-S7-A7WM-01A,1.0,0.0,0.0,0.0,0.0
3,91027145,+,3,91187343,-,PCPG,3030,TCGA-S7-A7WM-01A,TCGA-S7-A7WM-01A,1.0,0.0,0.0,0.0,0.0
3,135052864,+,11,64811639,+,PCPG,3031,TCGA-S7-A7WM-01A,TCGA-S7-A7WM-01A,1.0,0.0,0.0,0.0,0.0
3,136498304,+,8,138425745,-,PCPG,3032,TCGA-S7-A7WM-01A,TCGA-S7-A7WM-01A,1.0,0.0,0.0,0.0,0.0
4,48660101,-,10,7567099,+,PCPG,3033,TCGA-S7-A7WM-01A,TCGA-S7-A7WM-01A,1.0,0.0,0.0,0.0,0.0
4,96824788,-,4,97013026,+,PCPG,3034,TCGA-S7-A7WM-01A,TCGA-S7-A7WM-01A,1.0,0.0,0.0,0.0,0.0
4,173691614,-,4,173826733,+,PCPG,3035,TCGA-S7-A7WM-01A,TCGA-S7-A7WM-01A,1.0,0.0,0.0,0.0,0.0
5,67713030,+,17,44862138,-,PCPG,3036,TCGA-S7-A7WM-01A,TCGA-S7-A7WM-01A,1.0,0.0,0.0,0.0,0.0
6,87362377,+,7,128053387,-,PCPG,3037,TCGA-S7-A7WM-01A,TCGA-S7-A7WM-01A,1.0,0.0,0.0,0.0,0.0
7,28966256,-,7,29081603,+,PCPG,3038,TCGA-S7-A7WM-01A,TCGA-S7-A7WM-01A,1.0,0.0,0.0,0.0,0.0
7,128197921,+,19,19184925,+,PCPG,3039,TCGA-S7-A7WM-01A,TCGA-S7-A7WM-01A,1.0,0.0,0.0,0.0,0.0
7,152487176,-,19,12386470,-,PCPG,3040,TCGA-S7-A7WM-01A,TCGA-S7-A7WM-01A,1.0,0.0,0.0,0.0,0.0
1,118465548,-,12,65127923,-,PCPG,3041,TCGA-S7-A7WN-01A,TCGA-S7-A7WN-01A,1.0,0.0,0.0,0.0,0.0
11,20242945,+,11,36438685,-,PCPG,3042,TCGA-S7-A7WN-01A,TCGA-S7-A7WN-01A,1.0,0.0,0.0,0.0,0.0
13,16298351,-,13,16734467,+,PCPG,3043,TCGA-S7-A7WN-01A,TCGA-S7-A7WN-01A,1.0,0.0,0.0,0.0,0.0
2,92221809,+,2,92261381,-,PCPG,3044,TCGA-S7-A7WN-01A,TCGA-S7-A7WN-01A,1.0,0.0,0.0,0.0,0.0
3,155814081,-,3,155945053,-,PCPG,3045,TCGA-S7-A7WN-01A,TCGA-S7-A7WN-01A,1.0,0.0,0.0,0.0,0.0
5,115569490,+,5,115570402,-,PCPG,3046,TCGA-S7-A7WN-01A,TCGA-S7-A7WN-01A,1.0,0.0,0.0,0.0,0.0
5,158846786,+,5,158847369,-,PCPG,3047,TCGA-S7-A7WN-01A,TCGA-S7-A7WN-01A,1.0,0.0,0.0,0.0,0.0
1,212201505,+,6,110222978,-,PCPG,3048,TCGA-S7-A7WO-01A,TCGA-S7-A7WO-01A,1.0,0.0,0.0,0.0,0.0
1,216682741,+,4,85238871,-,PCPG,3049,TCGA-S7-A7WO-01A,TCGA-S7-A7WO-01A,1.0,0.0,0.0,0.0,0.0
18,15784945,-,18,20640791,+,PCPG,3050,TCGA-S7-A7WO-01A,TCGA-S7-A7WO-01A,1.0,0.0,0.0,0.0,0.0
3,91772954,+,3,92997035,-,PCPG,3051,TCGA-S7-A7WO-01A,TCGA-S7-A7WO-01A,1.0,0.0,0.0,0.0,0.0
3,138835878,+,3,138836542,-,PCPG,3052,TCGA-S7-A7WO-01A,TCGA-S7-A7WO-01A,1.0,0.0,0.0,0.0,0.0
4,48659471,+,10,7566577,-,PCPG,3053,TCGA-S7-A7WO-01A,TCGA-S7-A7WO-01A,1.0,0.0,0.0,0.0,0.0
4,48659919,-,10,7566925,+,PCPG,3054,TCGA-S7-A7WO-01A,TCGA-S7-A7WO-01A,1.0,0.0,0.0,0.0,0.0
4,49962064,+,4,50879782,-,PCPG,3055,TCGA-S7-A7WO-01A,TCGA-S7-A7WO-01A,1.0,0.0,0.0,0.0,0.0
5,37033841,-,20,8417339,+,PCPG,3056,TCGA-S7-A7WO-01A,TCGA-S7-A7WO-01A,1.0,0.0,0.0,0.0,0.0
5,46658720,-,12,37284196,+,PCPG,3057,TCGA-S7-A7WO-01A,TCGA-S7-A7WO-01A,1.0,0.0,0.0,0.0,0.0
5,50236546,-,7,62567410,+,PCPG,3058,TCGA-S7-A7WO-01A,TCGA-S7-A7WO-01A,1.0,0.0,0.0,0.0,0.0
8,75680913,-,8,75851973,+,PCPG,3059,TCGA-S7-A7WO-01A,TCGA-S7-A7WO-01A,1.0,0.0,0.0,0.0,0.0
9,8326085,+,9,8335831,+,PCPG,3060,TCGA-S7-A7WO-01A,TCGA-S7-A7WO-01A,1.0,0.0,0.0,0.0,0.0
9,94627714,-,16,5834527,-,PCPG,3061,TCGA-S7-A7WO-01A,TCGA-S7-A7WO-01A,1.0,0.0,0.0,0.0,0.0
1,12801735,-,19,10476141,+,PCPG,3062,TCGA-S7-A7WP-01A,TCGA-S7-A7WP-01A,1.0,0.0,0.0,0.0,0.0
1,29418957,+,5,95738998,+,PCPG,3063,TCGA-S7-A7WP-01A,TCGA-S7-A7WP-01A,1.0,0.0,0.0,0.0,0.0
1,122267211,+,1,122390675,-,PCPG,3064,TCGA-S7-A7WP-01A,TCGA-S7-A7WP-01A,1.0,0.0,0.0,0.0,0.0
1,124790284,-,1,124794889,+,PCPG,3065,TCGA-S7-A7WP-01A,TCGA-S7-A7WP-01A,1.0,0.0,0.0,0.0,0.0
1,124808966,-,1,124813488,+,PCPG,3066,TCGA-S7-A7WP-01A,TCGA-S7-A7WP-01A,1.0,0.0,0.0,0.0,0.0
10,42109574,-,22,16302852,-,PCPG,3067,TCGA-S7-A7WP-01A,TCGA-S7-A7WP-01A,1.0,0.0,0.0,0.0,0.0
11,53022661,+,11,53074368,-,PCPG,3068,TCGA-S7-A7WP-01A,TCGA-S7-A7WP-01A,1.0,0.0,0.0,0.0,0.0
11,54356942,-,11,54421527,+,PCPG,3069,TCGA-S7-A7WP-01A,TCGA-S7-A7WP-01A,1.0,0.0,0.0,0.0,0.0
13,112678814,-,19,50391683,+,PCPG,3070,TCGA-S7-A7WP-01A,TCGA-S7-A7WP-01A,1.0,0.0,0.0,0.0,0.0
19,14126187,+,19,23391363,-,PCPG,3071,TCGA-S7-A7WP-01A,TCGA-S7-A7WP-01A,1.0,0.0,0.0,0.0,0.0
19,17919438,+,19,21474763,-,PCPG,3072,TCGA-S7-A7WP-01A,TCGA-S7-A7WP-01A,1.0,0.0,0.0,0.0,0.0
19,18999491,-,19,20689782,-,PCPG,3073,TCGA-S7-A7WP-01A,TCGA-S7-A7WP-01A,1.0,0.0,0.0,0.0,0.0
19,19023602,+,19,19085373,-,PCPG,3074,TCGA-S7-A7WP-01A,TCGA-S7-A7WP-01A,1.0,0.0,0.0,0.0,0.0
19,19290900,+,19,28506749,-,PCPG,3075,TCGA-S7-A7WP-01A,TCGA-S7-A7WP-01A,1.0,0.0,0.0,0.0,0.0
19,19291245,-,19,20691659,+,PCPG,3076,TCGA-S7-A7WP-01A,TCGA-S7-A7WP-01A,1.0,0.0,0.0,0.0,0.0
19,19378528,-,19,28509271,+,PCPG,3077,TCGA-S7-A7WP-01A,TCGA-S7-A7WP-01A,1.0,0.0,0.0,0.0,0.0
19,19381157,+,19,41695037,-,PCPG,3078,TCGA-S7-A7WP-01A,TCGA-S7-A7WP-01A,1.0,0.0,0.0,0.0,0.0
19,19425387,-,19,41687143,-,PCPG,3079,TCGA-S7-A7WP-01A,TCGA-S7-A7WP-01A,1.0,0.0,0.0,0.0,0.0
19,19442671,+,19,29139974,+,PCPG,3080,TCGA-S7-A7WP-01A,TCGA-S7-A7WP-01A,1.0,0.0,0.0,0.0,0.0
19,19474306,-,19,28598604,+,PCPG,3081,TCGA-S7-A7WP-01A,TCGA-S7-A7WP-01A,1.0,0.0,0.0,0.0,0.0
19,19562491,-,19,20690883,-,PCPG,3082,TCGA-S7-A7WP-01A,TCGA-S7-A7WP-01A,1.0,0.0,0.0,0.0,0.0
19,19914336,-,19,21657237,+,PCPG,3083,TCGA-S7-A7WP-01A,TCGA-S7-A7WP-01A,1.0,0.0,0.0,0.0,0.0
19,19923222,+,19,29126432,-,PCPG,3084,TCGA-S7-A7WP-01A,TCGA-S7-A7WP-01A,1.0,0.0,0.0,0.0,0.0
19,20390437,+,19,28469278,-,PCPG,3085,TCGA-S7-A7WP-01A,TCGA-S7-A7WP-01A,1.0,0.0,0.0,0.0,0.0
19,20392907,-,19,29243552,-,PCPG,3086,TCGA-S7-A7WP-01A,TCGA-S7-A7WP-01A,1.0,0.0,0.0,0.0,0.0
19,20393354,+,19,41696647,-,PCPG,3087,TCGA-S7-A7WP-01A,TCGA-S7-A7WP-01A,1.0,0.0,0.0,0.0,0.0
19,20411030,-,19,29313122,-,PCPG,3088,TCGA-S7-A7WP-01A,TCGA-S7-A7WP-01A,1.0,0.0,0.0,0.0,0.0
19,20435037,+,19,20932894,-,PCPG,3089,TCGA-S7-A7WP-01A,TCGA-S7-A7WP-01A,1.0,0.0,0.0,0.0,0.0
19,20465233,-,19,41687475,+,PCPG,3090,TCGA-S7-A7WP-01A,TCGA-S7-A7WP-01A,1.0,0.0,0.0,0.0,0.0
19,20689568,+,19,28511828,-,PCPG,3091,TCGA-S7-A7WP-01A,TCGA-S7-A7WP-01A,1.0,0.0,0.0,0.0,0.0
19,20690557,+,19,29264880,+,PCPG,3092,TCGA-S7-A7WP-01A,TCGA-S7-A7WP-01A,1.0,0.0,0.0,0.0,0.0
19,20816745,-,19,20933247,+,PCPG,3093,TCGA-S7-A7WP-01A,TCGA-S7-A7WP-01A,1.0,0.0,0.0,0.0,0.0
19,20817217,+,19,41210989,-,PCPG,3094,TCGA-S7-A7WP-01A,TCGA-S7-A7WP-01A,1.0,0.0,0.0,0.0,0.0
19,20932979,-,19,22422131,-,PCPG,3095,TCGA-S7-A7WP-01A,TCGA-S7-A7WP-01A,1.0,0.0,0.0,0.0,0.0
19,21631591,+,19,28470797,+,PCPG,3096,TCGA-S7-A7WP-01A,TCGA-S7-A7WP-01A,1.0,0.0,0.0,0.0,0.0
19,21655996,-,19,41696617,+,PCPG,3097,TCGA-S7-A7WP-01A,TCGA-S7-A7WP-01A,1.0,0.0,0.0,0.0,0.0
19,21659355,+,19,28470048,+,PCPG,3098,TCGA-S7-A7WP-01A,TCGA-S7-A7WP-01A,1.0,0.0,0.0,0.0,0.0
19,21703519,-,19,29261360,+,PCPG,3099,TCGA-S7-A7WP-01A,TCGA-S7-A7WP-01A,1.0,0.0,0.0,0.0,0.0
19,22898145,+,19,22922400,+,PCPG,3100,TCGA-S7-A7WP-01A,TCGA-S7-A7WP-01A,1.0,0.0,0.0,0.0,0.0
19,22923278,-,19,28600567,-,PCPG,3101,TCGA-S7-A7WP-01A,TCGA-S7-A7WP-01A,1.0,0.0,0.0,0.0,0.0
19,27270545,-,19,27272453,+,PCPG,3102,TCGA-S7-A7WP-01A,TCGA-S7-A7WP-01A,1.0,0.0,0.0,0.0,0.0
19,28470200,-,19,41686875,-,PCPG,3103,TCGA-S7-A7WP-01A,TCGA-S7-A7WP-01A,1.0,0.0,0.0,0.0,0.0
19,28601072,+,19,29262655,-,PCPG,3104,TCGA-S7-A7WP-01A,TCGA-S7-A7WP-01A,1.0,0.0,0.0,0.0,0.0
2,16146125,-,2,16147873,-,PCPG,3105,TCGA-S7-A7WP-01A,TCGA-S7-A7WP-01A,1.0,0.0,0.0,0.0,0.0
2,92998219,+,2,93602483,-,PCPG,3106,TCGA-S7-A7WP-01A,TCGA-S7-A7WP-01A,1.0,0.0,0.0,0.0,0.0
2,147777587,+,7,88110755,+,PCPG,3107,TCGA-S7-A7WP-01A,TCGA-S7-A7WP-01A,1.0,0.0,0.0,0.0,0.0
2,215979518,+,5,124942255,+,PCPG,3108,TCGA-S7-A7WP-01A,TCGA-S7-A7WP-01A,1.0,0.0,0.0,0.0,0.0
4,44268240,+,4,44303077,+,PCPG,3109,TCGA-S7-A7WP-01A,TCGA-S7-A7WP-01A,1.0,0.0,0.0,0.0,0.0
5,49879608,-,19,41687117,+,PCPG,3110,TCGA-S7-A7WP-01A,TCGA-S7-A7WP-01A,1.0,0.0,0.0,0.0,0.0
7,61431274,+,7,61513477,-,PCPG,3111,TCGA-S7-A7WP-01A,TCGA-S7-A7WP-01A,1.0,0.0,0.0,0.0,0.0
7,61501771,+,7,61515505,-,PCPG,3112,TCGA-S7-A7WP-01A,TCGA-S7-A7WP-01A,1.0,0.0,0.0,0.0,0.0
7,102030703,+,15,45546439,-,PCPG,3113,TCGA-S7-A7WP-01A,TCGA-S7-A7WP-01A,1.0,0.0,0.0,0.0,0.0
8,44507222,+,8,45873201,-,PCPG,3114,TCGA-S7-A7WP-01A,TCGA-S7-A7WP-01A,1.0,0.0,0.0,0.0,0.0
9,43411934,-,9,43719005,+,PCPG,3115,TCGA-S7-A7WP-01A,TCGA-S7-A7WP-01A,1.0,0.0,0.0,0.0,0.0
1,124790313,-,1,124794949,+,PCPG,3116,TCGA-S7-A7WQ-01A,TCGA-S7-A7WQ-01A,1.0,0.0,0.0,0.0,0.0
1,124980158,+,1,124994404,-,PCPG,3117,TCGA-S7-A7WQ-01A,TCGA-S7-A7WQ-01A,1.0,0.0,0.0,0.0,0.0
11,56644189,+,20,34654055,+,PCPG,3118,TCGA-S7-A7WQ-01A,TCGA-S7-A7WQ-01A,1.0,0.0,0.0,0.0,0.0
13,16048163,-,13,16090283,+,PCPG,3119,TCGA-S7-A7WQ-01A,TCGA-S7-A7WQ-01A,1.0,0.0,0.0,0.0,0.0
14,55658263,+,17,68972191,-,PCPG,3120,TCGA-S7-A7WQ-01A,TCGA-S7-A7WQ-01A,1.0,0.0,0.0,0.0,0.0
15,37402633,+,15,37430079,+,PCPG,3121,TCGA-S7-A7WQ-01A,TCGA-S7-A7WQ-01A,1.0,0.0,0.0,0.0,0.0
17,22367487,-,20,26273573,+,PCPG,3122,TCGA-S7-A7WQ-01A,TCGA-S7-A7WQ-01A,1.0,0.0,0.0,0.0,0.0
2,93326672,+,2,93741311,-,PCPG,3123,TCGA-S7-A7WQ-01A,TCGA-S7-A7WQ-01A,1.0,0.0,0.0,0.0,0.0
20,26514954,-,20,26545420,+,PCPG,3124,TCGA-S7-A7WQ-01A,TCGA-S7-A7WQ-01A,1.0,0.0,0.0,0.0,0.0
6,163482512,-,15,86013513,+,PCPG,3125,TCGA-S7-A7WQ-01A,TCGA-S7-A7WQ-01A,1.0,0.0,0.0,0.0,0.0
7,146149176,-,10,30448415,-,PCPG,3126,TCGA-S7-A7WQ-01A,TCGA-S7-A7WQ-01A,1.0,0.0,0.0,0.0,0.0
1,94895286,-,1,95056931,+,PCPG,3127,TCGA-S7-A7WR-01A,TCGA-S7-A7WR-01A,1.0,0.0,0.0,0.0,0.0
1,122033577,-,1,122069308,+,PCPG,3128,TCGA-S7-A7WR-01A,TCGA-S7-A7WR-01A,1.0,0.0,0.0,0.0,0.0
1,124241414,-,1,124243095,+,PCPG,3129,TCGA-S7-A7WR-01A,TCGA-S7-A7WR-01A,1.0,0.0,0.0,0.0,0.0
1,124360469,-,1,124361300,+,PCPG,3130,TCGA-S7-A7WR-01A,TCGA-S7-A7WR-01A,1.0,0.0,0.0,0.0,0.0
10,20145830,+,20,63761252,-,PCPG,3131,TCGA-S7-A7WR-01A,TCGA-S7-A7WR-01A,1.0,0.0,0.0,0.0,0.0
10,42810213,-,20,44833986,+,PCPG,3132,TCGA-S7-A7WR-01A,TCGA-S7-A7WR-01A,1.0,0.0,0.0,0.0,0.0
10,42942405,+,20,44647013,-,PCPG,3133,TCGA-S7-A7WR-01A,TCGA-S7-A7WR-01A,1.0,0.0,0.0,0.0,0.0
11,117138724,-,11,117205881,-,PCPG,3134,TCGA-S7-A7WR-01A,TCGA-S7-A7WR-01A,1.0,0.0,0.0,0.0,0.0
12,45806623,+,12,45807333,-,PCPG,3135,TCGA-S7-A7WR-01A,TCGA-S7-A7WR-01A,1.0,0.0,0.0,0.0,0.0
13,16704235,+,13,16990404,-,PCPG,3136,TCGA-S7-A7WR-01A,TCGA-S7-A7WR-01A,1.0,0.0,0.0,0.0,0.0
13,80104513,+,19,32954828,-,PCPG,3137,TCGA-S7-A7WR-01A,TCGA-S7-A7WR-01A,1.0,0.0,0.0,0.0,0.0
17,26564794,+,17,26609036,-,PCPG,3138,TCGA-S7-A7WR-01A,TCGA-S7-A7WR-01A,1.0,0.0,0.0,0.0,0.0
17,61238424,-,17,61362536,+,PCPG,3139,TCGA-S7-A7WR-01A,TCGA-S7-A7WR-01A,1.0,0.0,0.0,0.0,0.0
18,20738151,+,18,20914527,-,PCPG,3140,TCGA-S7-A7WR-01A,TCGA-S7-A7WR-01A,1.0,0.0,0.0,0.0,0.0
18,74483783,+,18,74484412,-,PCPG,3141,TCGA-S7-A7WR-01A,TCGA-S7-A7WR-01A,1.0,0.0,0.0,0.0,0.0
2,176508951,+,2,176512708,-,PCPG,3142,TCGA-S7-A7WR-01A,TCGA-S7-A7WR-01A,1.0,0.0,0.0,0.0,0.0
20,29261238,+,20,29888800,+,PCPG,3143,TCGA-S7-A7WR-01A,TCGA-S7-A7WR-01A,1.0,0.0,0.0,0.0,0.0
20,29588750,-,20,30268493,-,PCPG,3144,TCGA-S7-A7WR-01A,TCGA-S7-A7WR-01A,1.0,0.0,0.0,0.0,0.0
4,38083160,+,17,40523426,+,PCPG,3145,TCGA-S7-A7WR-01A,TCGA-S7-A7WR-01A,1.0,0.0,0.0,0.0,0.0
4,49762569,+,4,51648228,-,PCPG,3146,TCGA-S7-A7WR-01A,TCGA-S7-A7WR-01A,1.0,0.0,0.0,0.0,0.0
5,46596258,-,5,46683931,+,PCPG,3147,TCGA-S7-A7WR-01A,TCGA-S7-A7WR-01A,1.0,0.0,0.0,0.0,0.0
5,47026997,-,5,47048508,+,PCPG,3148,TCGA-S7-A7WR-01A,TCGA-S7-A7WR-01A,1.0,0.0,0.0,0.0,0.0
7,59172269,-,7,59173145,+,PCPG,3149,TCGA-S7-A7WR-01A,TCGA-S7-A7WR-01A,1.0,0.0,0.0,0.0,0.0
7,92551993,-,16,64162577,+,PCPG,3150,TCGA-S7-A7WR-01A,TCGA-S7-A7WR-01A,1.0,0.0,0.0,0.0,0.0
8,131323082,+,16,34216969,-,PCPG,3151,TCGA-S7-A7WR-01A,TCGA-S7-A7WR-01A,1.0,0.0,0.0,0.0,0.0
1,27290234,+,1,93533275,-,PCPG,3152,TCGA-S7-A7WT-01A,TCGA-S7-A7WT-01A,1.0,0.0,0.0,0.0,0.0
1,46800100,+,19,16063790,+,PCPG,3153,TCGA-S7-A7WT-01A,TCGA-S7-A7WT-01A,1.0,0.0,0.0,0.0,0.0
1,68663976,-,1,188869388,-,PCPG,3154,TCGA-S7-A7WT-01A,TCGA-S7-A7WT-01A,1.0,0.0,0.0,0.0,0.0
1,79805471,+,3,98020017,+,PCPG,3155,TCGA-S7-A7WT-01A,TCGA-S7-A7WT-01A,1.0,0.0,0.0,0.0,0.0
1,93645223,+,20,59484367,+,PCPG,3156,TCGA-S7-A7WT-01A,TCGA-S7-A7WT-01A,1.0,0.0,0.0,0.0,0.0
1,122426985,-,1,122458601,+,PCPG,3157,TCGA-S7-A7WT-01A,TCGA-S7-A7WT-01A,1.0,0.0,0.0,0.0,0.0
1,123231733,-,1,123232565,+,PCPG,3158,TCGA-S7-A7WT-01A,TCGA-S7-A7WT-01A,1.0,0.0,0.0,0.0,0.0
1,243583902,+,1,243584559,-,PCPG,3159,TCGA-S7-A7WT-01A,TCGA-S7-A7WT-01A,1.0,0.0,0.0,0.0,0.0
10,78278532,-,10,78359120,+,PCPG,3160,TCGA-S7-A7WT-01A,TCGA-S7-A7WT-01A,1.0,0.0,0.0,0.0,0.0
11,2262598,+,11,11365579,-,PCPG,3161,TCGA-S7-A7WT-01A,TCGA-S7-A7WT-01A,1.0,0.0,0.0,0.0,0.0
11,47619129,+,14,68795260,+,PCPG,3162,TCGA-S7-A7WT-01A,TCGA-S7-A7WT-01A,1.0,0.0,0.0,0.0,0.0
11,113211053,-,11,113288882,+,PCPG,3163,TCGA-S7-A7WT-01A,TCGA-S7-A7WT-01A,1.0,0.0,0.0,0.0,0.0
12,34832589,-,12,37250923,+,PCPG,3164,TCGA-S7-A7WT-01A,TCGA-S7-A7WT-01A,1.0,0.0,0.0,0.0,0.0
12,35545279,+,12,36005979,-,PCPG,3165,TCGA-S7-A7WT-01A,TCGA-S7-A7WT-01A,1.0,0.0,0.0,0.0,0.0
12,37048015,-,12,37060562,+,PCPG,3166,TCGA-S7-A7WT-01A,TCGA-S7-A7WT-01A,1.0,0.0,0.0,0.0,0.0
13,17422950,-,13,17481458,+,PCPG,3167,TCGA-S7-A7WT-01A,TCGA-S7-A7WT-01A,1.0,0.0,0.0,0.0,0.0
13,86498044,-,13,86498708,-,PCPG,3168,TCGA-S7-A7WT-01A,TCGA-S7-A7WT-01A,1.0,0.0,0.0,0.0,0.0
13,102094539,-,13,102185757,+,PCPG,3169,TCGA-S7-A7WT-01A,TCGA-S7-A7WT-01A,1.0,0.0,0.0,0.0,0.0
14,20795799,+,18,67019909,+,PCPG,3170,TCGA-S7-A7WT-01A,TCGA-S7-A7WT-01A,1.0,0.0,0.0,0.0,0.0
14,66600179,+,14,66600802,-,PCPG,3171,TCGA-S7-A7WT-01A,TCGA-S7-A7WT-01A,1.0,0.0,0.0,0.0,0.0
14,76949556,-,14,92841837,-,PCPG,3172,TCGA-S7-A7WT-01A,TCGA-S7-A7WT-01A,1.0,0.0,0.0,0.0,0.0
14,77051822,+,14,92941808,+,PCPG,3173,TCGA-S7-A7WT-01A,TCGA-S7-A7WT-01A,1.0,0.0,0.0,0.0,0.0
16,2600022,+,16,2678178,-,PCPG,3174,TCGA-S7-A7WT-01A,TCGA-S7-A7WT-01A,1.0,0.0,0.0,0.0,0.0
17,22877674,+,17,23059826,-,PCPG,3175,TCGA-S7-A7WT-01A,TCGA-S7-A7WT-01A,1.0,0.0,0.0,0.0,0.0
20,20199738,-,20,20531460,+,PCPG,3176,TCGA-S7-A7WT-01A,TCGA-S7-A7WT-01A,1.0,0.0,0.0,0.0,0.0
22,42305483,-,22,42467998,+,PCPG,3177,TCGA-S7-A7WT-01A,TCGA-S7-A7WT-01A,1.0,0.0,0.0,0.0,0.0
3,72502269,-,3,189537638,-,PCPG,3178,TCGA-S7-A7WT-01A,TCGA-S7-A7WT-01A,1.0,0.0,0.0,0.0,0.0
3,156617736,-,14,76958985,-,PCPG,3179,TCGA-S7-A7WT-01A,TCGA-S7-A7WT-01A,1.0,0.0,0.0,0.0,0.0
3,156831018,+,14,77146450,+,PCPG,3180,TCGA-S7-A7WT-01A,TCGA-S7-A7WT-01A,1.0,0.0,0.0,0.0,0.0
3,157085100,-,14,60872825,-,PCPG,3181,TCGA-S7-A7WT-01A,TCGA-S7-A7WT-01A,1.0,0.0,0.0,0.0,0.0
4,41867232,-,4,41926814,+,PCPG,3182,TCGA-S7-A7WT-01A,TCGA-S7-A7WT-01A,1.0,0.0,0.0,0.0,0.0
4,51312226,-,4,51644620,+,PCPG,3183,TCGA-S7-A7WT-01A,TCGA-S7-A7WT-01A,1.0,0.0,0.0,0.0,0.0
5,81750298,-,5,81961479,+,PCPG,3184,TCGA-S7-A7WT-01A,TCGA-S7-A7WT-01A,1.0,0.0,0.0,0.0,0.0
5,81757089,-,5,81964858,+,PCPG,3185,TCGA-S7-A7WT-01A,TCGA-S7-A7WT-01A,1.0,0.0,0.0,0.0,0.0
5,168864180,-,5,168885082,+,PCPG,3186,TCGA-S7-A7WT-01A,TCGA-S7-A7WT-01A,1.0,0.0,0.0,0.0,0.0
8,52242429,-,8,52247076,+,PCPG,3187,TCGA-S7-A7WT-01A,TCGA-S7-A7WT-01A,1.0,0.0,0.0,0.0,0.0
8,131553998,+,13,93510952,-,PCPG,3188,TCGA-S7-A7WT-01A,TCGA-S7-A7WT-01A,1.0,0.0,0.0,0.0,0.0
8,139604732,-,20,37608723,+,PCPG,3189,TCGA-S7-A7WT-01A,TCGA-S7-A7WT-01A,1.0,0.0,0.0,0.0,0.0
8,139754675,+,20,37556758,-,PCPG,3190,TCGA-S7-A7WT-01A,TCGA-S7-A7WT-01A,1.0,0.0,0.0,0.0,0.0
9,28506536,-,13,39285702,-,PCPG,3191,TCGA-S7-A7WT-01A,TCGA-S7-A7WT-01A,1.0,0.0,0.0,0.0,0.0
9,40543240,-,22,16064266,-,PCPG,3192,TCGA-S7-A7WT-01A,TCGA-S7-A7WT-01A,1.0,0.0,0.0,0.0,0.0
9,129392413,-,20,59269828,-,PCPG,3193,TCGA-S7-A7WT-01A,TCGA-S7-A7WT-01A,1.0,0.0,0.0,0.0,0.0
9,129528810,+,9,137097616,+,PCPG,3194,TCGA-S7-A7WT-01A,TCGA-S7-A7WT-01A,1.0,0.0,0.0,0.0,0.0
9,133400671,+,9,136935932,-,PCPG,3195,TCGA-S7-A7WT-01A,TCGA-S7-A7WT-01A,1.0,0.0,0.0,0.0,0.0
1,122620716,-,1,122623322,+,PCPG,3196,TCGA-S7-A7WU-01A,TCGA-S7-A7WU-01A,1.0,0.0,0.0,0.0,0.0
1,123072098,-,1,123073501,+,PCPG,3197,TCGA-S7-A7WU-01A,TCGA-S7-A7WU-01A,1.0,0.0,0.0,0.0,0.0
1,124185029,-,1,124186213,+,PCPG,3198,TCGA-S7-A7WU-01A,TCGA-S7-A7WU-01A,1.0,0.0,0.0,0.0,0.0
1,124198400,-,1,124202140,+,PCPG,3199,TCGA-S7-A7WU-01A,TCGA-S7-A7WU-01A,1.0,0.0,0.0,0.0,0.0
1,124913658,-,1,124916728,+,PCPG,3200,TCGA-S7-A7WU-01A,TCGA-S7-A7WU-01A,1.0,0.0,0.0,0.0,0.0
1,203753333,-,1,203822724,+,PCPG,3201,TCGA-S7-A7WU-01A,TCGA-S7-A7WU-01A,1.0,0.0,0.0,0.0,0.0
10,118835982,-,10,118883784,+,PCPG,3202,TCGA-S7-A7WU-01A,TCGA-S7-A7WU-01A,1.0,0.0,0.0,0.0,0.0
12,34800254,+,12,34801509,-,PCPG,3203,TCGA-S7-A7WU-01A,TCGA-S7-A7WU-01A,1.0,0.0,0.0,0.0,0.0
12,114594999,+,13,92538788,+,PCPG,3204,TCGA-S7-A7WU-01A,TCGA-S7-A7WU-01A,1.0,0.0,0.0,0.0,0.0
13,16331885,-,13,16334647,+,PCPG,3205,TCGA-S7-A7WU-01A,TCGA-S7-A7WU-01A,1.0,0.0,0.0,0.0,0.0
13,16475396,+,13,16896020,-,PCPG,3206,TCGA-S7-A7WU-01A,TCGA-S7-A7WU-01A,1.0,0.0,0.0,0.0,0.0
13,16613970,-,13,16618204,+,PCPG,3207,TCGA-S7-A7WU-01A,TCGA-S7-A7WU-01A,1.0,0.0,0.0,0.0,0.0
13,16617680,-,13,16620591,+,PCPG,3208,TCGA-S7-A7WU-01A,TCGA-S7-A7WU-01A,1.0,0.0,0.0,0.0,0.0
13,16693064,-,13,16695937,+,PCPG,3209,TCGA-S7-A7WU-01A,TCGA-S7-A7WU-01A,1.0,0.0,0.0,0.0,0.0
13,16702517,-,13,16704016,+,PCPG,3210,TCGA-S7-A7WU-01A,TCGA-S7-A7WU-01A,1.0,0.0,0.0,0.0,0.0
13,16838994,-,13,16840404,+,PCPG,3211,TCGA-S7-A7WU-01A,TCGA-S7-A7WU-01A,1.0,0.0,0.0,0.0,0.0
13,17213035,-,13,17217220,+,PCPG,3212,TCGA-S7-A7WU-01A,TCGA-S7-A7WU-01A,1.0,0.0,0.0,0.0,0.0
13,17226692,-,13,17228263,+,PCPG,3213,TCGA-S7-A7WU-01A,TCGA-S7-A7WU-01A,1.0,0.0,0.0,0.0,0.0
13,17275619,-,13,17278528,+,PCPG,3214,TCGA-S7-A7WU-01A,TCGA-S7-A7WU-01A,1.0,0.0,0.0,0.0,0.0
13,90497102,-,23,43589032,-,PCPG,3215,TCGA-S7-A7WU-01A,TCGA-S7-A7WU-01A,1.0,0.0,0.0,0.0,0.0
15,18338590,-,15,18342827,+,PCPG,3216,TCGA-S7-A7WU-01A,TCGA-S7-A7WU-01A,1.0,0.0,0.0,0.0,0.0
17,23066600,-,17,23069068,+,PCPG,3217,TCGA-S7-A7WU-01A,TCGA-S7-A7WU-01A,1.0,0.0,0.0,0.0,0.0
17,25380216,-,17,25383908,+,PCPG,3218,TCGA-S7-A7WU-01A,TCGA-S7-A7WU-01A,1.0,0.0,0.0,0.0,0.0
17,26560846,-,17,26567502,+,PCPG,3219,TCGA-S7-A7WU-01A,TCGA-S7-A7WU-01A,1.0,0.0,0.0,0.0,0.0
17,26563065,-,17,26568275,+,PCPG,3220,TCGA-S7-A7WU-01A,TCGA-S7-A7WU-01A,1.0,0.0,0.0,0.0,0.0
17,26566134,-,17,26572498,+,PCPG,3221,TCGA-S7-A7WU-01A,TCGA-S7-A7WU-01A,1.0,0.0,0.0,0.0,0.0
17,26566771,-,17,26569021,+,PCPG,3222,TCGA-S7-A7WU-01A,TCGA-S7-A7WU-01A,1.0,0.0,0.0,0.0,0.0
17,26623481,-,17,26625925,+,PCPG,3223,TCGA-S7-A7WU-01A,TCGA-S7-A7WU-01A,1.0,0.0,0.0,0.0,0.0
18,15593360,+,18,15757618,-,PCPG,3224,TCGA-S7-A7WU-01A,TCGA-S7-A7WU-01A,1.0,0.0,0.0,0.0,0.0
18,15754734,-,18,15760179,+,PCPG,3225,TCGA-S7-A7WU-01A,TCGA-S7-A7WU-01A,1.0,0.0,0.0,0.0,0.0
18,19288185,-,18,19289548,+,PCPG,3226,TCGA-S7-A7WU-01A,TCGA-S7-A7WU-01A,1.0,0.0,0.0,0.0,0.0
2,10680340,+,4,48659912,-,PCPG,3227,TCGA-S7-A7WU-01A,TCGA-S7-A7WU-01A,1.0,0.0,0.0,0.0,0.0
2,92704956,-,2,92706957,+,PCPG,3228,TCGA-S7-A7WU-01A,TCGA-S7-A7WU-01A,1.0,0.0,0.0,0.0,0.0
2,92938698,-,2,92942665,+,PCPG,3229,TCGA-S7-A7WU-01A,TCGA-S7-A7WU-01A,1.0,0.0,0.0,0.0,0.0
2,93488226,-,2,93489432,+,PCPG,3230,TCGA-S7-A7WU-01A,TCGA-S7-A7WU-01A,1.0,0.0,0.0,0.0,0.0
2,93553266,-,2,93558401,+,PCPG,3231,TCGA-S7-A7WU-01A,TCGA-S7-A7WU-01A,1.0,0.0,0.0,0.0,0.0
2,93574551,-,2,93575896,+,PCPG,3232,TCGA-S7-A7WU-01A,TCGA-S7-A7WU-01A,1.0,0.0,0.0,0.0,0.0
2,93855122,-,2,93857652,+,PCPG,3233,TCGA-S7-A7WU-01A,TCGA-S7-A7WU-01A,1.0,0.0,0.0,0.0,0.0
2,93954301,-,2,93957476,+,PCPG,3234,TCGA-S7-A7WU-01A,TCGA-S7-A7WU-01A,1.0,0.0,0.0,0.0,0.0
2,94165732,-,2,94167031,+,PCPG,3235,TCGA-S7-A7WU-01A,TCGA-S7-A7WU-01A,1.0,0.0,0.0,0.0,0.0
2,222148154,-,2,222150197,+,PCPG,3236,TCGA-S7-A7WU-01A,TCGA-S7-A7WU-01A,1.0,0.0,0.0,0.0,0.0
20,26516200,-,20,26521489,+,PCPG,3237,TCGA-S7-A7WU-01A,TCGA-S7-A7WU-01A,1.0,0.0,0.0,0.0,0.0
20,29701213,-,20,29702922,+,PCPG,3238,TCGA-S7-A7WU-01A,TCGA-S7-A7WU-01A,1.0,0.0,0.0,0.0,0.0
3,50199390,-,3,50220511,+,PCPG,3239,TCGA-S7-A7WU-01A,TCGA-S7-A7WU-01A,1.0,0.0,0.0,0.0,0.0
3,90821168,-,3,90822886,+,PCPG,3240,TCGA-S7-A7WU-01A,TCGA-S7-A7WU-01A,1.0,0.0,0.0,0.0,0.0
3,91088509,-,3,91092934,+,PCPG,3241,TCGA-S7-A7WU-01A,TCGA-S7-A7WU-01A,1.0,0.0,0.0,0.0,0.0
5,49631733,-,5,49632872,+,PCPG,3242,TCGA-S7-A7WU-01A,TCGA-S7-A7WU-01A,1.0,0.0,0.0,0.0,0.0
5,49678771,-,5,49681934,+,PCPG,3243,TCGA-S7-A7WU-01A,TCGA-S7-A7WU-01A,1.0,0.0,0.0,0.0,0.0
5,49679084,+,5,49698902,-,PCPG,3244,TCGA-S7-A7WU-01A,TCGA-S7-A7WU-01A,1.0,0.0,0.0,0.0,0.0
5,49905721,-,5,49908185,+,PCPG,3245,TCGA-S7-A7WU-01A,TCGA-S7-A7WU-01A,1.0,0.0,0.0,0.0,0.0
5,91052806,-,17,4387108,+,PCPG,3246,TCGA-S7-A7WU-01A,TCGA-S7-A7WU-01A,1.0,0.0,0.0,0.0,0.0
5,91108429,+,17,4341080,-,PCPG,3247,TCGA-S7-A7WU-01A,TCGA-S7-A7WU-01A,1.0,0.0,0.0,0.0,0.0
5,102601076,+,5,137392367,+,PCPG,3248,TCGA-S7-A7WU-01A,TCGA-S7-A7WU-01A,1.0,0.0,0.0,0.0,0.0
7,61430781,-,7,61449889,+,PCPG,3249,TCGA-S7-A7WU-01A,TCGA-S7-A7WU-01A,1.0,0.0,0.0,0.0,0.0
8,41899613,-,10,33008216,+,PCPG,3250,TCGA-S7-A7WU-01A,TCGA-S7-A7WU-01A,1.0,0.0,0.0,0.0,0.0
9,43411264,-,9,43413702,+,PCPG,3251,TCGA-S7-A7WU-01A,TCGA-S7-A7WU-01A,1.0,0.0,0.0,0.0,0.0
9,43427075,-,9,43428490,+,PCPG,3252,TCGA-S7-A7WU-01A,TCGA-S7-A7WU-01A,1.0,0.0,0.0,0.0,0.0
9,44453661,-,9,44455739,+,PCPG,3253,TCGA-S7-A7WU-01A,TCGA-S7-A7WU-01A,1.0,0.0,0.0,0.0,0.0
9,60549531,-,9,60551066,+,PCPG,3254,TCGA-S7-A7WU-01A,TCGA-S7-A7WU-01A,1.0,0.0,0.0,0.0,0.0
11,52616062,-,11,53319178,+,PCPG,3255,TCGA-S7-A7WV-01A,TCGA-S7-A7WV-01A,1.0,0.0,0.0,0.0,0.0
12,34832704,-,12,37251028,+,PCPG,3256,TCGA-S7-A7WV-01A,TCGA-S7-A7WV-01A,1.0,0.0,0.0,0.0,0.0
15,17494917,+,15,18351292,-,PCPG,3257,TCGA-S7-A7WV-01A,TCGA-S7-A7WV-01A,1.0,0.0,0.0,0.0,0.0
18,15573633,-,18,15679470,+,PCPG,3258,TCGA-S7-A7WV-01A,TCGA-S7-A7WV-01A,1.0,0.0,0.0,0.0,0.0
2,159233725,+,15,29928665,-,PCPG,3259,TCGA-S7-A7WV-01A,TCGA-S7-A7WV-01A,1.0,0.0,0.0,0.0,0.0
4,16919926,-,10,2496596,-,PCPG,3260,TCGA-S7-A7WV-01A,TCGA-S7-A7WV-01A,1.0,0.0,0.0,0.0,0.0
5,49676374,+,5,49716412,-,PCPG,3261,TCGA-S7-A7WV-01A,TCGA-S7-A7WV-01A,1.0,0.0,0.0,0.0,0.0
8,13211807,-,8,13344635,+,PCPG,3262,TCGA-S7-A7WV-01A,TCGA-S7-A7WV-01A,1.0,0.0,0.0,0.0,0.0
13,16507977,-,13,16759067,+,PCPG,3263,TCGA-S7-A7WW-01A,TCGA-S7-A7WW-01A,1.0,0.0,0.0,0.0,0.0
13,16857271,-,13,16918508,+,PCPG,3264,TCGA-S7-A7WW-01A,TCGA-S7-A7WW-01A,1.0,0.0,0.0,0.0,0.0
15,24356692,-,15,24404993,+,PCPG,3265,TCGA-S7-A7WW-01A,TCGA-S7-A7WW-01A,1.0,0.0,0.0,0.0,0.0
15,35172776,-,15,35178844,+,PCPG,3266,TCGA-S7-A7WW-01A,TCGA-S7-A7WW-01A,1.0,0.0,0.0,0.0,0.0
2,230259771,-,4,87814020,+,PCPG,3267,TCGA-S7-A7WW-01A,TCGA-S7-A7WW-01A,1.0,0.0,0.0,0.0,0.0
20,29559060,+,20,30325205,+,PCPG,3268,TCGA-S7-A7WW-01A,TCGA-S7-A7WW-01A,1.0,0.0,0.0,0.0,0.0
3,91211657,-,3,91261476,-,PCPG,3269,TCGA-S7-A7WW-01A,TCGA-S7-A7WW-01A,1.0,0.0,0.0,0.0,0.0
1,122137392,-,1,122150327,+,PCPG,3270,TCGA-S7-A7WX-01A,TCGA-S7-A7WX-01A,1.0,0.0,0.0,0.0,0.0
1,202570954,-,1,202803174,+,PCPG,3271,TCGA-S7-A7WX-01A,TCGA-S7-A7WX-01A,1.0,0.0,0.0,0.0,0.0
10,6783367,-,10,7072342,+,PCPG,3272,TCGA-S7-A7WX-01A,TCGA-S7-A7WX-01A,1.0,0.0,0.0,0.0,0.0
10,39268626,+,10,41784729,+,PCPG,3273,TCGA-S7-A7WX-01A,TCGA-S7-A7WX-01A,1.0,0.0,0.0,0.0,0.0
10,39410237,-,23,58444485,-,PCPG,3274,TCGA-S7-A7WX-01A,TCGA-S7-A7WX-01A,1.0,0.0,0.0,0.0,0.0
11,123318159,+,20,4118998,+,PCPG,3275,TCGA-S7-A7WX-01A,TCGA-S7-A7WX-01A,1.0,0.0,0.0,0.0,0.0
12,37430415,-,15,50085918,+,PCPG,3276,TCGA-S7-A7WX-01A,TCGA-S7-A7WX-01A,1.0,0.0,0.0,0.0,0.0
13,16164821,-,13,16168938,+,PCPG,3277,TCGA-S7-A7WX-01A,TCGA-S7-A7WX-01A,1.0,0.0,0.0,0.0,0.0
13,16643225,-,13,17384821,+,PCPG,3278,TCGA-S7-A7WX-01A,TCGA-S7-A7WX-01A,1.0,0.0,0.0,0.0,0.0
13,66465231,-,17,32535059,-,PCPG,3279,TCGA-S7-A7WX-01A,TCGA-S7-A7WX-01A,1.0,0.0,0.0,0.0,0.0
15,18445129,-,15,18912586,+,PCPG,3280,TCGA-S7-A7WX-01A,TCGA-S7-A7WX-01A,1.0,0.0,0.0,0.0,0.0
17,22822682,-,17,23180642,+,PCPG,3281,TCGA-S7-A7WX-01A,TCGA-S7-A7WX-01A,1.0,0.0,0.0,0.0,0.0
17,23051817,+,17,23122060,-,PCPG,3282,TCGA-S7-A7WX-01A,TCGA-S7-A7WX-01A,1.0,0.0,0.0,0.0,0.0
2,7783991,-,13,94466021,+,PCPG,3283,TCGA-S7-A7WX-01A,TCGA-S7-A7WX-01A,1.0,0.0,0.0,0.0,0.0
2,154318721,-,22,21151221,+,PCPG,3284,TCGA-S7-A7WX-01A,TCGA-S7-A7WX-01A,1.0,0.0,0.0,0.0,0.0
2,154318721,-,22,21151460,+,PCPG,3285,TCGA-S7-A7WX-01A,TCGA-S7-A7WX-01A,1.0,0.0,0.0,0.0,0.0
2,154503162,+,13,66644939,+,PCPG,3286,TCGA-S7-A7WX-01A,TCGA-S7-A7WX-01A,1.0,0.0,0.0,0.0,0.0
20,27296996,+,20,27535930,-,PCPG,3287,TCGA-S7-A7WX-01A,TCGA-S7-A7WX-01A,1.0,0.0,0.0,0.0,0.0
3,91157014,-,3,91281792,-,PCPG,3288,TCGA-S7-A7WX-01A,TCGA-S7-A7WX-01A,1.0,0.0,0.0,0.0,0.0
3,149961936,-,3,150198332,+,PCPG,3289,TCGA-S7-A7WX-01A,TCGA-S7-A7WX-01A,1.0,0.0,0.0,0.0,0.0
4,173181609,-,4,173440756,+,PCPG,3290,TCGA-S7-A7WX-01A,TCGA-S7-A7WX-01A,1.0,0.0,0.0,0.0,0.0
5,21502609,-,5,157573727,+,PCPG,3291,TCGA-S7-A7WX-01A,TCGA-S7-A7WX-01A,1.0,0.0,0.0,0.0,0.0
5,21717610,+,5,157393153,-,PCPG,3292,TCGA-S7-A7WX-01A,TCGA-S7-A7WX-01A,1.0,0.0,0.0,0.0,0.0
6,31739150,+,14,61938027,-,PCPG,3293,TCGA-S7-A7WX-01A,TCGA-S7-A7WX-01A,1.0,0.0,0.0,0.0,0.0
6,88392806,-,9,125426095,-,PCPG,3294,TCGA-S7-A7WX-01A,TCGA-S7-A7WX-01A,1.0,0.0,0.0,0.0,0.0
6,88633300,+,9,125615045,+,PCPG,3295,TCGA-S7-A7WX-01A,TCGA-S7-A7WX-01A,1.0,0.0,0.0,0.0,0.0
9,86470964,-,9,86550469,+,PCPG,3296,TCGA-S7-A7WX-01A,TCGA-S7-A7WX-01A,1.0,0.0,0.0,0.0,0.0
9,129442250,+,22,23367160,-,PCPG,3297,TCGA-S7-A7WX-01A,TCGA-S7-A7WX-01A,1.0,0.0,0.0,0.0,0.0
1,123741988,-,1,123742985,+,PCPG,3298,TCGA-S7-A7X0-01A,TCGA-S7-A7X0-01A,1.0,0.0,0.0,0.0,0.0
11,54378159,-,11,54394481,+,PCPG,3299,TCGA-S7-A7X0-01A,TCGA-S7-A7X0-01A,1.0,0.0,0.0,0.0,0.0
13,16844663,-,13,16918505,+,PCPG,3300,TCGA-S7-A7X0-01A,TCGA-S7-A7X0-01A,1.0,0.0,0.0,0.0,0.0
13,87332512,+,13,87339283,-,PCPG,3301,TCGA-S7-A7X0-01A,TCGA-S7-A7X0-01A,1.0,0.0,0.0,0.0,0.0
15,20108604,-,15,21115163,+,PCPG,3302,TCGA-S7-A7X0-01A,TCGA-S7-A7X0-01A,1.0,0.0,0.0,0.0,0.0
17,21448877,+,17,27006694,-,PCPG,3303,TCGA-S7-A7X0-01A,TCGA-S7-A7X0-01A,1.0,0.0,0.0,0.0,0.0
17,22817827,-,17,22968525,+,PCPG,3304,TCGA-S7-A7X0-01A,TCGA-S7-A7X0-01A,1.0,0.0,0.0,0.0,0.0
18,15665493,-,18,15711713,+,PCPG,3305,TCGA-S7-A7X0-01A,TCGA-S7-A7X0-01A,1.0,0.0,0.0,0.0,0.0
18,78514985,+,18,78519005,-,PCPG,3306,TCGA-S7-A7X0-01A,TCGA-S7-A7X0-01A,1.0,0.0,0.0,0.0,0.0
7,62816994,-,11,54926220,+,PCPG,3307,TCGA-S7-A7X0-01A,TCGA-S7-A7X0-01A,1.0,0.0,0.0,0.0,0.0
13,20621492,+,13,20857765,-,PCPG,3308,TCGA-S7-A7X1-01A,TCGA-S7-A7X1-01A,1.0,0.0,0.0,0.0,0.0
13,20858100,+,13,20888312,-,PCPG,3309,TCGA-S7-A7X1-01A,TCGA-S7-A7X1-01A,1.0,0.0,0.0,0.0,0.0
2,222116397,-,7,125948746,+,PCPG,3310,TCGA-S7-A7X1-01A,TCGA-S7-A7X1-01A,1.0,0.0,0.0,0.0,0.0
3,59739881,-,8,89011904,+,PCPG,3311,TCGA-S7-A7X1-01A,TCGA-S7-A7X1-01A,1.0,0.0,0.0,0.0,0.0
4,74593312,+,9,9432096,+,PCPG,3312,TCGA-S7-A7X1-01A,TCGA-S7-A7X1-01A,1.0,0.0,0.0,0.0,0.0
7,80087783,+,7,80088513,-,PCPG,3313,TCGA-S7-A7X1-01A,TCGA-S7-A7X1-01A,1.0,0.0,0.0,0.0,0.0
8,13668242,+,8,13691778,-,PCPG,3314,TCGA-S7-A7X1-01A,TCGA-S7-A7X1-01A,1.0,0.0,0.0,0.0,0.0
1,124360560,-,1,124361254,+,PCPG,3315,TCGA-S7-A7X2-01A,TCGA-S7-A7X2-01A,1.0,0.0,0.0,0.0,0.0
12,7917838,+,12,7918455,-,PCPG,3316,TCGA-S7-A7X2-01A,TCGA-S7-A7X2-01A,1.0,0.0,0.0,0.0,0.0
13,17879850,-,13,17880990,+,PCPG,3317,TCGA-S7-A7X2-01A,TCGA-S7-A7X2-01A,1.0,0.0,0.0,0.0,0.0
17,23193268,-,17,23195753,+,PCPG,3318,TCGA-S7-A7X2-01A,TCGA-S7-A7X2-01A,1.0,0.0,0.0,0.0,0.0
17,23216957,-,17,23218145,+,PCPG,3319,TCGA-S7-A7X2-01A,TCGA-S7-A7X2-01A,1.0,0.0,0.0,0.0,0.0
5,35893485,+,7,148363529,+,PCPG,3320,TCGA-S7-A7X2-01A,TCGA-S7-A7X2-01A,1.0,0.0,0.0,0.0,0.0
7,56838453,+,7,63738925,+,PCPG,3321,TCGA-S7-A7X2-01A,TCGA-S7-A7X2-01A,1.0,0.0,0.0,0.0,0.0
7,82500637,-,7,82616157,+,PCPG,3322,TCGA-S7-A7X2-01A,TCGA-S7-A7X2-01A,1.0,0.0,0.0,0.0,0.0
7,152241306,-,13,18329475,-,PCPG,3323,TCGA-S7-A7X2-01A,TCGA-S7-A7X2-01A,1.0,0.0,0.0,0.0,0.0
1,10986142,+,2,214061979,-,PCPG,3324,TCGA-SA-A6C2-01A,TCGA-SA-A6C2-01A,1.0,0.0,0.0,0.0,0.0
11,25413692,+,16,76185709,+,PCPG,3325,TCGA-SA-A6C2-01A,TCGA-SA-A6C2-01A,1.0,0.0,0.0,0.0,0.0
12,122372456,-,20,51397034,-,PCPG,3326,TCGA-SA-A6C2-01A,TCGA-SA-A6C2-01A,1.0,0.0,0.0,0.0,0.0
13,18665202,-,21,13762180,+,PCPG,3327,TCGA-SA-A6C2-01A,TCGA-SA-A6C2-01A,1.0,0.0,0.0,0.0,0.0
14,18675922,+,22,15597000,-,PCPG,3328,TCGA-SA-A6C2-01A,TCGA-SA-A6C2-01A,1.0,0.0,0.0,0.0,0.0
14,52913681,-,23,84062963,+,PCPG,3329,TCGA-SA-A6C2-01A,TCGA-SA-A6C2-01A,1.0,0.0,0.0,0.0,0.0
14,102094591,-,15,77185774,+,PCPG,3330,TCGA-SA-A6C2-01A,TCGA-SA-A6C2-01A,1.0,0.0,0.0,0.0,0.0
15,17494917,+,15,18351280,-,PCPG,3331,TCGA-SA-A6C2-01A,TCGA-SA-A6C2-01A,1.0,0.0,0.0,0.0,0.0
16,34256492,+,16,36325753,-,PCPG,3332,TCGA-SA-A6C2-01A,TCGA-SA-A6C2-01A,1.0,0.0,0.0,0.0,0.0
18,57734405,+,18,62589977,-,PCPG,3333,TCGA-SA-A6C2-01A,TCGA-SA-A6C2-01A,1.0,0.0,0.0,0.0,0.0
2,66620784,+,2,66645414,-,PCPG,3334,TCGA-SA-A6C2-01A,TCGA-SA-A6C2-01A,1.0,0.0,0.0,0.0,0.0
2,121024663,+,7,2947157,+,PCPG,3335,TCGA-SA-A6C2-01A,TCGA-SA-A6C2-01A,1.0,0.0,0.0,0.0,0.0
2,132404857,+,3,43278009,+,PCPG,3336,TCGA-SA-A6C2-01A,TCGA-SA-A6C2-01A,1.0,0.0,0.0,0.0,0.0
22,40582898,+,22,40583638,-,PCPG,3337,TCGA-SA-A6C2-01A,TCGA-SA-A6C2-01A,1.0,0.0,0.0,0.0,0.0
3,88789044,-,23,96818004,+,PCPG,3338,TCGA-SA-A6C2-01A,TCGA-SA-A6C2-01A,1.0,0.0,0.0,0.0,0.0
3,90826568,-,3,90850441,+,PCPG,3339,TCGA-SA-A6C2-01A,TCGA-SA-A6C2-01A,1.0,0.0,0.0,0.0,0.0
3,91438705,+,6,57584146,+,PCPG,3340,TCGA-SA-A6C2-01A,TCGA-SA-A6C2-01A,1.0,0.0,0.0,0.0,0.0
4,9734350,+,14,27002809,+,PCPG,3341,TCGA-SA-A6C2-01A,TCGA-SA-A6C2-01A,1.0,0.0,0.0,0.0,0.0
4,111730715,+,4,111759417,+,PCPG,3342,TCGA-SA-A6C2-01A,TCGA-SA-A6C2-01A,1.0,0.0,0.0,0.0,0.0
6,32238599,+,7,77640987,-,PCPG,3343,TCGA-SA-A6C2-01A,TCGA-SA-A6C2-01A,1.0,0.0,0.0,0.0,0.0
6,128187030,+,6,128187687,-,PCPG,3344,TCGA-SA-A6C2-01A,TCGA-SA-A6C2-01A,1.0,0.0,0.0,0.0,0.0
8,45080659,-,8,45427477,+,PCPG,3345,TCGA-SA-A6C2-01A,TCGA-SA-A6C2-01A,1.0,0.0,0.0,0.0,0.0
8,77919714,-,18,28560032,+,PCPG,3346,TCGA-SA-A6C2-01A,TCGA-SA-A6C2-01A,1.0,0.0,0.0,0.0,0.0
1,45955406,+,3,176965993,+,PCPG,3347,TCGA-SP-A6QC-01A,TCGA-SP-A6QC-01A,1.0,0.0,0.0,0.0,0.0
1,77433226,-,8,133313522,-,PCPG,3348,TCGA-SP-A6QC-01A,TCGA-SP-A6QC-01A,1.0,0.0,0.0,0.0,0.0
1,122463251,+,1,122500792,-,PCPG,3349,TCGA-SP-A6QC-01A,TCGA-SP-A6QC-01A,1.0,0.0,0.0,0.0,0.0
11,51426253,-,11,54007087,+,PCPG,3350,TCGA-SP-A6QC-01A,TCGA-SP-A6QC-01A,1.0,0.0,0.0,0.0,0.0
11,107574325,+,17,30757809,-,PCPG,3351,TCGA-SP-A6QC-01A,TCGA-SP-A6QC-01A,1.0,0.0,0.0,0.0,0.0
12,34834502,+,12,37251782,-,PCPG,3352,TCGA-SP-A6QC-01A,TCGA-SP-A6QC-01A,1.0,0.0,0.0,0.0,0.0
13,17492064,+,13,17717456,-,PCPG,3353,TCGA-SP-A6QC-01A,TCGA-SP-A6QC-01A,1.0,0.0,0.0,0.0,0.0
17,26643843,-,17,26645550,+,PCPG,3354,TCGA-SP-A6QC-01A,TCGA-SP-A6QC-01A,1.0,0.0,0.0,0.0,0.0
5,49849951,-,5,50051134,+,PCPG,3355,TCGA-SP-A6QC-01A,TCGA-SP-A6QC-01A,1.0,0.0,0.0,0.0,0.0
6,78777300,-,6,81514969,+,PCPG,3356,TCGA-SP-A6QC-01A,TCGA-SP-A6QC-01A,1.0,0.0,0.0,0.0,0.0
7,61472554,+,7,61502677,-,PCPG,3357,TCGA-SP-A6QC-01A,TCGA-SP-A6QC-01A,1.0,0.0,0.0,0.0,0.0
7,74525028,+,7,74525718,-,PCPG,3358,TCGA-SP-A6QC-01A,TCGA-SP-A6QC-01A,1.0,0.0,0.0,0.0,0.0
7,147331228,+,7,147331823,-,PCPG,3359,TCGA-SP-A6QC-01A,TCGA-SP-A6QC-01A,1.0,0.0,0.0,0.0,0.0
1,122966094,-,1,122966881,+,PCPG,3360,TCGA-SP-A6QD-01A,TCGA-SP-A6QD-01A,1.0,0.0,0.0,0.0,0.0
1,123102460,-,1,123103285,+,PCPG,3361,TCGA-SP-A6QD-01A,TCGA-SP-A6QD-01A,1.0,0.0,0.0,0.0,0.0
1,144794424,-,4,4234762,+,PCPG,3362,TCGA-SP-A6QD-01A,TCGA-SP-A6QD-01A,1.0,0.0,0.0,0.0,0.0
1,202374149,-,24,26396541,-,PCPG,3363,TCGA-SP-A6QD-01A,TCGA-SP-A6QD-01A,1.0,0.0,0.0,0.0,0.0
11,56122768,-,11,56792998,-,PCPG,3364,TCGA-SP-A6QD-01A,TCGA-SP-A6QD-01A,1.0,0.0,0.0,0.0,0.0
11,56124252,-,11,57275626,+,PCPG,3365,TCGA-SP-A6QD-01A,TCGA-SP-A6QD-01A,1.0,0.0,0.0,0.0,0.0
11,56127270,+,11,58954672,-,PCPG,3366,TCGA-SP-A6QD-01A,TCGA-SP-A6QD-01A,1.0,0.0,0.0,0.0,0.0
11,58976862,+,11,60283318,-,PCPG,3367,TCGA-SP-A6QD-01A,TCGA-SP-A6QD-01A,1.0,0.0,0.0,0.0,0.0
11,60318827,+,19,10310812,+,PCPG,3368,TCGA-SP-A6QD-01A,TCGA-SP-A6QD-01A,1.0,0.0,0.0,0.0,0.0
11,112086989,+,11,112087800,+,PCPG,3369,TCGA-SP-A6QD-01A,TCGA-SP-A6QD-01A,1.0,0.0,0.0,0.0,0.0
13,17082687,+,13,17195269,-,PCPG,3370,TCGA-SP-A6QD-01A,TCGA-SP-A6QD-01A,1.0,0.0,0.0,0.0,0.0
15,24098923,+,15,24258252,-,PCPG,3371,TCGA-SP-A6QD-01A,TCGA-SP-A6QD-01A,1.0,0.0,0.0,0.0,0.0
18,15355978,+,22,16107007,+,PCPG,3372,TCGA-SP-A6QD-01A,TCGA-SP-A6QD-01A,1.0,0.0,0.0,0.0,0.0
18,15472617,-,18,15564921,+,PCPG,3373,TCGA-SP-A6QD-01A,TCGA-SP-A6QD-01A,1.0,0.0,0.0,0.0,0.0
2,10734,-,11,112088524,-,PCPG,3374,TCGA-SP-A6QD-01A,TCGA-SP-A6QD-01A,1.0,0.0,0.0,0.0,0.0
2,93210155,-,2,93210899,+,PCPG,3375,TCGA-SP-A6QD-01A,TCGA-SP-A6QD-01A,1.0,0.0,0.0,0.0,0.0
2,93269010,-,2,93269765,+,PCPG,3376,TCGA-SP-A6QD-01A,TCGA-SP-A6QD-01A,1.0,0.0,0.0,0.0,0.0
2,93897930,-,2,93898947,+,PCPG,3377,TCGA-SP-A6QD-01A,TCGA-SP-A6QD-01A,1.0,0.0,0.0,0.0,0.0
3,193672820,-,3,194030096,+,PCPG,3378,TCGA-SP-A6QD-01A,TCGA-SP-A6QD-01A,1.0,0.0,0.0,0.0,0.0
4,41419561,-,9,1287037,+,PCPG,3379,TCGA-SP-A6QD-01A,TCGA-SP-A6QD-01A,1.0,0.0,0.0,0.0,0.0
6,158852293,+,14,73332712,+,PCPG,3380,TCGA-SP-A6QD-01A,TCGA-SP-A6QD-01A,1.0,0.0,0.0,0.0,0.0
9,39586605,-,9,42343507,+,PCPG,3381,TCGA-SP-A6QD-01A,TCGA-SP-A6QD-01A,1.0,0.0,0.0,0.0,0.0
1,20485429,+,1,61727163,+,PCPG,3382,TCGA-SP-A6QF-01A,TCGA-SP-A6QF-01A,1.0,0.0,0.0,0.0,0.0
1,61557489,-,1,88608253,-,PCPG,3383,TCGA-SP-A6QF-01A,TCGA-SP-A6QF-01A,1.0,0.0,0.0,0.0,0.0
1,88801528,+,17,81121955,+,PCPG,3384,TCGA-SP-A6QF-01A,TCGA-SP-A6QF-01A,1.0,0.0,0.0,0.0,0.0
10,102382144,-,13,96358680,-,PCPG,3385,TCGA-SP-A6QF-01A,TCGA-SP-A6QF-01A,1.0,0.0,0.0,0.0,0.0
10,102482660,+,13,96490879,+,PCPG,3386,TCGA-SP-A6QF-01A,TCGA-SP-A6QF-01A,1.0,0.0,0.0,0.0,0.0
10,118601090,-,10,118706089,+,PCPG,3387,TCGA-SP-A6QF-01A,TCGA-SP-A6QF-01A,1.0,0.0,0.0,0.0,0.0
11,13147679,-,11,13326864,+,PCPG,3388,TCGA-SP-A6QF-01A,TCGA-SP-A6QF-01A,1.0,0.0,0.0,0.0,0.0
11,51987125,-,11,52558542,+,PCPG,3389,TCGA-SP-A6QF-01A,TCGA-SP-A6QF-01A,1.0,0.0,0.0,0.0,0.0
11,52308197,+,11,53766794,-,PCPG,3390,TCGA-SP-A6QF-01A,TCGA-SP-A6QF-01A,1.0,0.0,0.0,0.0,0.0
18,15486852,+,18,15585933,-,PCPG,3391,TCGA-SP-A6QF-01A,TCGA-SP-A6QF-01A,1.0,0.0,0.0,0.0,0.0
2,237952807,-,11,92435469,-,PCPG,3392,TCGA-SP-A6QF-01A,TCGA-SP-A6QF-01A,1.0,0.0,0.0,0.0,0.0
20,29747285,+,20,30493759,-,PCPG,3393,TCGA-SP-A6QF-01A,TCGA-SP-A6QF-01A,1.0,0.0,0.0,0.0,0.0
20,29936210,-,20,29995095,+,PCPG,3394,TCGA-SP-A6QF-01A,TCGA-SP-A6QF-01A,1.0,0.0,0.0,0.0,0.0
20,29999441,+,20,30008983,-,PCPG,3395,TCGA-SP-A6QF-01A,TCGA-SP-A6QF-01A,1.0,0.0,0.0,0.0,0.0
3,176965852,-,22,39500859,-,PCPG,3396,TCGA-SP-A6QF-01A,TCGA-SP-A6QF-01A,1.0,0.0,0.0,0.0,0.0
4,48160826,+,17,13119797,+,PCPG,3397,TCGA-SP-A6QF-01A,TCGA-SP-A6QF-01A,1.0,0.0,0.0,0.0,0.0
4,152477495,-,7,33920289,+,PCPG,3398,TCGA-SP-A6QF-01A,TCGA-SP-A6QF-01A,1.0,0.0,0.0,0.0,0.0
4,152656855,+,7,33688775,-,PCPG,3399,TCGA-SP-A6QF-01A,TCGA-SP-A6QF-01A,1.0,0.0,0.0,0.0,0.0
5,49668371,-,5,49681724,+,PCPG,3400,TCGA-SP-A6QF-01A,TCGA-SP-A6QF-01A,1.0,0.0,0.0,0.0,0.0
5,49792721,+,5,49929156,-,PCPG,3401,TCGA-SP-A6QF-01A,TCGA-SP-A6QF-01A,1.0,0.0,0.0,0.0,0.0
5,62817486,-,5,102131596,+,PCPG,3402,TCGA-SP-A6QF-01A,TCGA-SP-A6QF-01A,1.0,0.0,0.0,0.0,0.0
7,100583251,+,17,80967835,-,PCPG,3403,TCGA-SP-A6QF-01A,TCGA-SP-A6QF-01A,1.0,0.0,0.0,0.0,0.0
7,120633357,-,10,63830412,+,PCPG,3404,TCGA-SP-A6QF-01A,TCGA-SP-A6QF-01A,1.0,0.0,0.0,0.0,0.0
7,120882942,+,10,63615578,-,PCPG,3405,TCGA-SP-A6QF-01A,TCGA-SP-A6QF-01A,1.0,0.0,0.0,0.0,0.0
7,131915566,-,7,131990707,+,PCPG,3406,TCGA-SP-A6QF-01A,TCGA-SP-A6QF-01A,1.0,0.0,0.0,0.0,0.0
8,13478100,-,8,13576230,+,PCPG,3407,TCGA-SP-A6QF-01A,TCGA-SP-A6QF-01A,1.0,0.0,0.0,0.0,0.0
8,112179701,-,23,146645970,+,PCPG,3408,TCGA-SP-A6QF-01A,TCGA-SP-A6QF-01A,1.0,0.0,0.0,0.0,0.0
23,103523952,-,23,103554095,+,PCPG,3409,TCGA-SP-A6QF-01A,TCGA-SP-A6QF-01A,1.0,0.0,0.0,0.0,0.0
1,90064213,-,13,101369199,+,PCPG,3410,TCGA-SP-A6QG-01A,TCGA-SP-A6QG-01A,1.0,0.0,0.0,0.0,0.0
1,120290867,+,13,46006725,+,PCPG,3411,TCGA-SP-A6QG-01A,TCGA-SP-A6QG-01A,1.0,0.0,0.0,0.0,0.0
1,122507131,-,1,122509750,+,PCPG,3412,TCGA-SP-A6QG-01A,TCGA-SP-A6QG-01A,1.0,0.0,0.0,0.0,0.0
10,40100158,+,10,40889776,-,PCPG,3413,TCGA-SP-A6QG-01A,TCGA-SP-A6QG-01A,1.0,0.0,0.0,0.0,0.0
10,41278395,-,10,41281843,+,PCPG,3414,TCGA-SP-A6QG-01A,TCGA-SP-A6QG-01A,1.0,0.0,0.0,0.0,0.0
15,17007865,-,15,17010089,+,PCPG,3415,TCGA-SP-A6QG-01A,TCGA-SP-A6QG-01A,1.0,0.0,0.0,0.0,0.0
16,51288436,-,22,27728901,+,PCPG,3416,TCGA-SP-A6QG-01A,TCGA-SP-A6QG-01A,1.0,0.0,0.0,0.0,0.0
17,22830378,+,17,23059620,-,PCPG,3417,TCGA-SP-A6QG-01A,TCGA-SP-A6QG-01A,1.0,0.0,0.0,0.0,0.0
18,18041263,+,18,18370877,-,PCPG,3418,TCGA-SP-A6QG-01A,TCGA-SP-A6QG-01A,1.0,0.0,0.0,0.0,0.0
19,54758991,-,19,54838023,+,PCPG,3419,TCGA-SP-A6QG-01A,TCGA-SP-A6QG-01A,1.0,0.0,0.0,0.0,0.0
2,92216425,-,2,92218034,+,PCPG,3420,TCGA-SP-A6QG-01A,TCGA-SP-A6QG-01A,1.0,0.0,0.0,0.0,0.0
2,92308601,-,2,92311002,+,PCPG,3421,TCGA-SP-A6QG-01A,TCGA-SP-A6QG-01A,1.0,0.0,0.0,0.0,0.0
2,132162626,-,13,18408266,-,PCPG,3422,TCGA-SP-A6QG-01A,TCGA-SP-A6QG-01A,1.0,0.0,0.0,0.0,0.0
2,211988450,+,2,211989087,-,PCPG,3423,TCGA-SP-A6QG-01A,TCGA-SP-A6QG-01A,1.0,0.0,0.0,0.0,0.0
20,26514075,-,20,26515142,+,PCPG,3424,TCGA-SP-A6QG-01A,TCGA-SP-A6QG-01A,1.0,0.0,0.0,0.0,0.0
3,182048124,-,19,28733091,+,PCPG,3425,TCGA-SP-A6QG-01A,TCGA-SP-A6QG-01A,1.0,0.0,0.0,0.0,0.0
5,49717575,-,5,49720747,+,PCPG,3426,TCGA-SP-A6QG-01A,TCGA-SP-A6QG-01A,1.0,0.0,0.0,0.0,0.0
5,49861142,-,5,49987113,+,PCPG,3427,TCGA-SP-A6QG-01A,TCGA-SP-A6QG-01A,1.0,0.0,0.0,0.0,0.0
6,59540526,+,6,59649722,-,PCPG,3428,TCGA-SP-A6QG-01A,TCGA-SP-A6QG-01A,1.0,0.0,0.0,0.0,0.0
6,111828575,-,10,74017037,-,PCPG,3429,TCGA-SP-A6QG-01A,TCGA-SP-A6QG-01A,1.0,0.0,0.0,0.0,0.0
7,92552185,-,16,64162575,+,PCPG,3430,TCGA-SP-A6QG-01A,TCGA-SP-A6QG-01A,1.0,0.0,0.0,0.0,0.0
11,54360249,+,11,54405931,-,PCPG,3431,TCGA-SP-A6QH-01A,TCGA-SP-A6QH-01A,1.0,0.0,0.0,0.0,0.0
13,18753126,+,13,18772483,-,PCPG,3432,TCGA-SP-A6QH-01A,TCGA-SP-A6QH-01A,1.0,0.0,0.0,0.0,0.0
15,67880272,+,15,67881105,-,PCPG,3433,TCGA-SP-A6QH-01A,TCGA-SP-A6QH-01A,1.0,0.0,0.0,0.0,0.0
17,23051747,+,17,23061023,-,PCPG,3434,TCGA-SP-A6QH-01A,TCGA-SP-A6QH-01A,1.0,0.0,0.0,0.0,0.0
18,15473187,+,18,15699388,-,PCPG,3435,TCGA-SP-A6QH-01A,TCGA-SP-A6QH-01A,1.0,0.0,0.0,0.0,0.0
18,15573623,-,18,15679485,+,PCPG,3436,TCGA-SP-A6QH-01A,TCGA-SP-A6QH-01A,1.0,0.0,0.0,0.0,0.0
18,15636740,+,18,15745315,-,PCPG,3437,TCGA-SP-A6QH-01A,TCGA-SP-A6QH-01A,1.0,0.0,0.0,0.0,0.0
3,90824543,+,3,91209972,-,PCPG,3438,TCGA-SP-A6QH-01A,TCGA-SP-A6QH-01A,1.0,0.0,0.0,0.0,0.0
3,91072196,-,3,91137953,+,PCPG,3439,TCGA-SP-A6QH-01A,TCGA-SP-A6QH-01A,1.0,0.0,0.0,0.0,0.0
4,180245136,+,23,15368030,+,PCPG,3440,TCGA-SP-A6QH-01A,TCGA-SP-A6QH-01A,1.0,0.0,0.0,0.0,0.0
5,11391105,-,7,119656438,-,PCPG,3441,TCGA-SP-A6QH-01A,TCGA-SP-A6QH-01A,1.0,0.0,0.0,0.0,0.0
6,61378412,-,6,61425068,+,PCPG,3442,TCGA-SP-A6QH-01A,TCGA-SP-A6QH-01A,1.0,0.0,0.0,0.0,0.0
8,9283095,-,8,41803176,-,PCPG,3443,TCGA-SP-A6QH-01A,TCGA-SP-A6QH-01A,1.0,0.0,0.0,0.0,0.0
1,24605025,-,1,24815829,+,PCPG,3444,TCGA-SP-A6QI-01A,TCGA-SP-A6QI-01A,1.0,0.0,0.0,0.0,0.0
1,234293894,-,1,234640831,+,PCPG,3445,TCGA-SP-A6QI-01A,TCGA-SP-A6QI-01A,1.0,0.0,0.0,0.0,0.0
10,54620580,-,10,54866623,+,PCPG,3446,TCGA-SP-A6QI-01A,TCGA-SP-A6QI-01A,1.0,0.0,0.0,0.0,0.0
11,77859438,-,11,78239482,+,PCPG,3447,TCGA-SP-A6QI-01A,TCGA-SP-A6QI-01A,1.0,0.0,0.0,0.0,0.0
12,81044909,-,19,58427275,+,PCPG,3448,TCGA-SP-A6QI-01A,TCGA-SP-A6QI-01A,1.0,0.0,0.0,0.0,0.0
13,17489673,-,13,17980741,+,PCPG,3449,TCGA-SP-A6QI-01A,TCGA-SP-A6QI-01A,1.0,0.0,0.0,0.0,0.0
2,9521968,-,9,91990367,+,PCPG,3450,TCGA-SP-A6QI-01A,TCGA-SP-A6QI-01A,1.0,0.0,0.0,0.0,0.0
2,9825048,+,9,91711506,-,PCPG,3451,TCGA-SP-A6QI-01A,TCGA-SP-A6QI-01A,1.0,0.0,0.0,0.0,0.0
2,29163026,-,4,15371164,+,PCPG,3452,TCGA-SP-A6QI-01A,TCGA-SP-A6QI-01A,1.0,0.0,0.0,0.0,0.0
2,29490861,+,12,57210709,-,PCPG,3453,TCGA-SP-A6QI-01A,TCGA-SP-A6QI-01A,1.0,0.0,0.0,0.0,0.0
2,29844905,+,2,137211339,-,PCPG,3454,TCGA-SP-A6QI-01A,TCGA-SP-A6QI-01A,1.0,0.0,0.0,0.0,0.0
20,16934014,-,20,63960539,+,PCPG,3455,TCGA-SP-A6QI-01A,TCGA-SP-A6QI-01A,1.0,0.0,0.0,0.0,0.0
3,106738024,-,3,106750688,-,PCPG,3456,TCGA-SP-A6QI-01A,TCGA-SP-A6QI-01A,1.0,0.0,0.0,0.0,0.0
3,138204202,-,8,61159498,+,PCPG,3457,TCGA-SP-A6QI-01A,TCGA-SP-A6QI-01A,1.0,0.0,0.0,0.0,0.0
3,138413011,+,8,60941045,-,PCPG,3458,TCGA-SP-A6QI-01A,TCGA-SP-A6QI-01A,1.0,0.0,0.0,0.0,0.0
4,15050918,-,12,57403599,+,PCPG,3459,TCGA-SP-A6QI-01A,TCGA-SP-A6QI-01A,1.0,0.0,0.0,0.0,0.0
4,42035903,-,4,173527708,-,PCPG,3460,TCGA-SP-A6QI-01A,TCGA-SP-A6QI-01A,1.0,0.0,0.0,0.0,0.0
4,42280702,+,4,173826944,+,PCPG,3461,TCGA-SP-A6QI-01A,TCGA-SP-A6QI-01A,1.0,0.0,0.0,0.0,0.0
4,159731540,-,4,159931795,+,PCPG,3462,TCGA-SP-A6QI-01A,TCGA-SP-A6QI-01A,1.0,0.0,0.0,0.0,0.0
4,159731541,-,4,159935004,+,PCPG,3463,TCGA-SP-A6QI-01A,TCGA-SP-A6QI-01A,1.0,0.0,0.0,0.0,0.0
4,159931700,-,4,159935004,+,PCPG,3464,TCGA-SP-A6QI-01A,TCGA-SP-A6QI-01A,1.0,0.0,0.0,0.0,0.0
5,172415062,-,5,172703949,+,PCPG,3465,TCGA-SP-A6QI-01A,TCGA-SP-A6QI-01A,1.0,0.0,0.0,0.0,0.0
8,45080665,-,8,45427494,+,PCPG,3466,TCGA-SP-A6QI-01A,TCGA-SP-A6QI-01A,1.0,0.0,0.0,0.0,0.0
8,80990396,-,21,41430641,+,PCPG,3467,TCGA-SP-A6QI-01A,TCGA-SP-A6QI-01A,1.0,0.0,0.0,0.0,0.0
8,81387300,+,21,41173582,-,PCPG,3468,TCGA-SP-A6QI-01A,TCGA-SP-A6QI-01A,1.0,0.0,0.0,0.0,0.0
9,44077888,+,9,44373912,-,PCPG,3469,TCGA-SP-A6QI-01A,TCGA-SP-A6QI-01A,1.0,0.0,0.0,0.0,0.0
1,36685169,+,4,55420103,+,PCPG,3470,TCGA-SP-A6QJ-01A,TCGA-SP-A6QJ-01A,1.0,0.0,0.0,0.0,0.0
11,51426250,-,11,54007103,+,PCPG,3471,TCGA-SP-A6QJ-01A,TCGA-SP-A6QJ-01A,1.0,0.0,0.0,0.0,0.0
14,106709005,-,14,106756200,+,PCPG,3472,TCGA-SP-A6QJ-01A,TCGA-SP-A6QJ-01A,1.0,0.0,0.0,0.0,0.0
3,91004311,+,3,91201414,-,PCPG,3473,TCGA-SP-A6QJ-01A,TCGA-SP-A6QJ-01A,1.0,0.0,0.0,0.0,0.0
3,91021934,+,3,91163576,-,PCPG,3474,TCGA-SP-A6QJ-01A,TCGA-SP-A6QJ-01A,1.0,0.0,0.0,0.0,0.0
3,91113695,-,3,91221100,+,PCPG,3475,TCGA-SP-A6QJ-01A,TCGA-SP-A6QJ-01A,1.0,0.0,0.0,0.0,0.0
5,46740920,-,5,46748258,+,PCPG,3476,TCGA-SP-A6QJ-01A,TCGA-SP-A6QJ-01A,1.0,0.0,0.0,0.0,0.0
5,123749485,-,13,85729975,-,PCPG,3477,TCGA-SP-A6QJ-01A,TCGA-SP-A6QJ-01A,1.0,0.0,0.0,0.0,0.0
7,90863671,-,7,140884476,+,PCPG,3478,TCGA-SP-A6QJ-01A,TCGA-SP-A6QJ-01A,1.0,0.0,0.0,0.0,0.0
23,61374368,-,23,62468247,-,PCPG,3479,TCGA-SP-A6QJ-01A,TCGA-SP-A6QJ-01A,1.0,0.0,0.0,0.0,0.0
1,31494794,-,7,104833043,+,PCPG,3480,TCGA-SP-A6QK-01A,TCGA-SP-A6QK-01A,1.0,0.0,0.0,0.0,0.0
1,229688803,-,1,229879520,+,PCPG,3481,TCGA-SP-A6QK-01A,TCGA-SP-A6QK-01A,1.0,0.0,0.0,0.0,0.0
1,229688809,-,1,229689449,+,PCPG,3482,TCGA-SP-A6QK-01A,TCGA-SP-A6QK-01A,1.0,0.0,0.0,0.0,0.0
11,112599736,-,11,112750783,+,PCPG,3483,TCGA-SP-A6QK-01A,TCGA-SP-A6QK-01A,1.0,0.0,0.0,0.0,0.0
12,12944544,-,14,55717934,+,PCPG,3484,TCGA-SP-A6QK-01A,TCGA-SP-A6QK-01A,1.0,0.0,0.0,0.0,0.0
14,67147143,-,14,67238580,+,PCPG,3485,TCGA-SP-A6QK-01A,TCGA-SP-A6QK-01A,1.0,0.0,0.0,0.0,0.0
18,15481540,-,18,15536227,+,PCPG,3486,TCGA-SP-A6QK-01A,TCGA-SP-A6QK-01A,1.0,0.0,0.0,0.0,0.0
18,15761063,+,18,15764312,-,PCPG,3487,TCGA-SP-A6QK-01A,TCGA-SP-A6QK-01A,1.0,0.0,0.0,0.0,0.0
2,218978370,+,2,218979009,-,PCPG,3488,TCGA-SP-A6QK-01A,TCGA-SP-A6QK-01A,1.0,0.0,0.0,0.0,0.0
4,48408726,-,4,48540049,+,PCPG,3489,TCGA-SP-A6QK-01A,TCGA-SP-A6QK-01A,1.0,0.0,0.0,0.0,0.0
4,108304196,+,14,46370188,+,PCPG,3490,TCGA-SP-A6QK-01A,TCGA-SP-A6QK-01A,1.0,0.0,0.0,0.0,0.0
5,71675055,+,10,25651085,+,PCPG,3491,TCGA-SP-A6QK-01A,TCGA-SP-A6QK-01A,1.0,0.0,0.0,0.0,0.0
1,124883962,-,1,124885643,+,PCPG,3492,TCGA-SQ-A6I4-01A,TCGA-SQ-A6I4-01A,1.0,0.0,0.0,0.0,0.0
1,124915279,-,1,124916743,+,PCPG,3493,TCGA-SQ-A6I4-01A,TCGA-SQ-A6I4-01A,1.0,0.0,0.0,0.0,0.0
10,40647953,-,10,40649318,+,PCPG,3494,TCGA-SQ-A6I4-01A,TCGA-SQ-A6I4-01A,1.0,0.0,0.0,0.0,0.0
10,97425908,-,14,70254999,+,PCPG,3495,TCGA-SQ-A6I4-01A,TCGA-SQ-A6I4-01A,1.0,0.0,0.0,0.0,0.0
11,54346625,+,11,54421007,-,PCPG,3496,TCGA-SQ-A6I4-01A,TCGA-SQ-A6I4-01A,1.0,0.0,0.0,0.0,0.0
13,16539041,-,13,16540668,+,PCPG,3497,TCGA-SQ-A6I4-01A,TCGA-SQ-A6I4-01A,1.0,0.0,0.0,0.0,0.0
13,17036892,-,13,17038507,+,PCPG,3498,TCGA-SQ-A6I4-01A,TCGA-SQ-A6I4-01A,1.0,0.0,0.0,0.0,0.0
13,17248290,-,13,17249498,+,PCPG,3499,TCGA-SQ-A6I4-01A,TCGA-SQ-A6I4-01A,1.0,0.0,0.0,0.0,0.0
16,12045590,-,16,21379644,+,PCPG,3500,TCGA-SQ-A6I4-01A,TCGA-SQ-A6I4-01A,1.0,0.0,0.0,0.0,0.0
16,34255942,-,16,36322688,+,PCPG,3501,TCGA-SQ-A6I4-01A,TCGA-SQ-A6I4-01A,1.0,0.0,0.0,0.0,0.0
18,15791425,-,18,15793444,+,PCPG,3502,TCGA-SQ-A6I4-01A,TCGA-SQ-A6I4-01A,1.0,0.0,0.0,0.0,0.0
18,17122406,-,18,17123673,+,PCPG,3503,TCGA-SQ-A6I4-01A,TCGA-SQ-A6I4-01A,1.0,0.0,0.0,0.0,0.0
18,17714772,-,18,17716911,+,PCPG,3504,TCGA-SQ-A6I4-01A,TCGA-SQ-A6I4-01A,1.0,0.0,0.0,0.0,0.0
18,18583116,-,18,18585491,+,PCPG,3505,TCGA-SQ-A6I4-01A,TCGA-SQ-A6I4-01A,1.0,0.0,0.0,0.0,0.0
2,92282885,-,2,92284462,+,PCPG,3506,TCGA-SQ-A6I4-01A,TCGA-SQ-A6I4-01A,1.0,0.0,0.0,0.0,0.0
2,92283565,-,2,92284462,+,PCPG,3507,TCGA-SQ-A6I4-01A,TCGA-SQ-A6I4-01A,1.0,0.0,0.0,0.0,0.0
2,92352728,-,2,92354088,+,PCPG,3508,TCGA-SQ-A6I4-01A,TCGA-SQ-A6I4-01A,1.0,0.0,0.0,0.0,0.0
2,92532779,-,2,92533681,+,PCPG,3509,TCGA-SQ-A6I4-01A,TCGA-SQ-A6I4-01A,1.0,0.0,0.0,0.0,0.0
2,92600298,-,2,92601336,+,PCPG,3510,TCGA-SQ-A6I4-01A,TCGA-SQ-A6I4-01A,1.0,0.0,0.0,0.0,0.0
2,92825808,-,2,92826832,+,PCPG,3511,TCGA-SQ-A6I4-01A,TCGA-SQ-A6I4-01A,1.0,0.0,0.0,0.0,0.0
2,93625861,-,2,93626607,+,PCPG,3512,TCGA-SQ-A6I4-01A,TCGA-SQ-A6I4-01A,1.0,0.0,0.0,0.0,0.0
2,93642512,-,2,93644230,+,PCPG,3513,TCGA-SQ-A6I4-01A,TCGA-SQ-A6I4-01A,1.0,0.0,0.0,0.0,0.0
20,26955282,-,20,26956881,+,PCPG,3514,TCGA-SQ-A6I4-01A,TCGA-SQ-A6I4-01A,1.0,0.0,0.0,0.0,0.0
3,59739876,-,8,89011909,+,PCPG,3515,TCGA-SQ-A6I4-01A,TCGA-SQ-A6I4-01A,1.0,0.0,0.0,0.0,0.0
3,60457819,-,3,60568112,+,PCPG,3516,TCGA-SQ-A6I4-01A,TCGA-SQ-A6I4-01A,1.0,0.0,0.0,0.0,0.0
4,44268231,+,4,44303069,+,PCPG,3517,TCGA-SQ-A6I4-01A,TCGA-SQ-A6I4-01A,1.0,0.0,0.0,0.0,0.0
4,49750772,-,4,49752238,+,PCPG,3518,TCGA-SQ-A6I4-01A,TCGA-SQ-A6I4-01A,1.0,0.0,0.0,0.0,0.0
5,33485829,+,5,33486507,-,PCPG,3519,TCGA-SQ-A6I4-01A,TCGA-SQ-A6I4-01A,1.0,0.0,0.0,0.0,0.0
5,49756328,-,5,50012820,+,PCPG,3520,TCGA-SQ-A6I4-01A,TCGA-SQ-A6I4-01A,1.0,0.0,0.0,0.0,0.0
7,57889485,-,7,57891652,+,PCPG,3521,TCGA-SQ-A6I4-01A,TCGA-SQ-A6I4-01A,1.0,0.0,0.0,0.0,0.0
7,61105346,-,7,61106727,+,PCPG,3522,TCGA-SQ-A6I4-01A,TCGA-SQ-A6I4-01A,1.0,0.0,0.0,0.0,0.0
23,111592542,-,23,111594345,+,PCPG,3523,TCGA-SQ-A6I4-01A,TCGA-SQ-A6I4-01A,1.0,0.0,0.0,0.0,0.0
1,69599022,+,1,72850693,+,PCPG,3524,TCGA-SQ-A6I6-01A,TCGA-SQ-A6I6-01A,1.0,0.0,0.0,0.0,0.0
1,116109354,-,3,53198,+,PCPG,3525,TCGA-SQ-A6I6-01A,TCGA-SQ-A6I6-01A,1.0,0.0,0.0,0.0,0.0
1,122796144,-,1,122797571,+,PCPG,3526,TCGA-SQ-A6I6-01A,TCGA-SQ-A6I6-01A,1.0,0.0,0.0,0.0,0.0
1,123900041,-,1,123901308,+,PCPG,3527,TCGA-SQ-A6I6-01A,TCGA-SQ-A6I6-01A,1.0,0.0,0.0,0.0,0.0
1,124915429,-,1,124916777,+,PCPG,3528,TCGA-SQ-A6I6-01A,TCGA-SQ-A6I6-01A,1.0,0.0,0.0,0.0,0.0
11,53558489,-,11,53559600,+,PCPG,3529,TCGA-SQ-A6I6-01A,TCGA-SQ-A6I6-01A,1.0,0.0,0.0,0.0,0.0
11,53558997,-,11,53665830,+,PCPG,3530,TCGA-SQ-A6I6-01A,TCGA-SQ-A6I6-01A,1.0,0.0,0.0,0.0,0.0
16,34255927,-,16,36322656,+,PCPG,3531,TCGA-SQ-A6I6-01A,TCGA-SQ-A6I6-01A,1.0,0.0,0.0,0.0,0.0
2,34216159,-,14,97153028,+,PCPG,3532,TCGA-SQ-A6I6-01A,TCGA-SQ-A6I6-01A,1.0,0.0,0.0,0.0,0.0
2,171045426,+,16,87977986,-,PCPG,3533,TCGA-SQ-A6I6-01A,TCGA-SQ-A6I6-01A,1.0,0.0,0.0,0.0,0.0
3,25897260,-,16,19321861,+,PCPG,3534,TCGA-SQ-A6I6-01A,TCGA-SQ-A6I6-01A,1.0,0.0,0.0,0.0,0.0
3,145462242,-,3,162383727,-,PCPG,3535,TCGA-SQ-A6I6-01A,TCGA-SQ-A6I6-01A,1.0,0.0,0.0,0.0,0.0
5,16277359,+,10,8869224,+,PCPG,3536,TCGA-SQ-A6I6-01A,TCGA-SQ-A6I6-01A,1.0,0.0,0.0,0.0,0.0
5,49671412,-,5,49674680,+,PCPG,3537,TCGA-SQ-A6I6-01A,TCGA-SQ-A6I6-01A,1.0,0.0,0.0,0.0,0.0
5,122814767,+,17,31989583,-,PCPG,3538,TCGA-SQ-A6I6-01A,TCGA-SQ-A6I6-01A,1.0,0.0,0.0,0.0,0.0
6,58900201,-,6,59663409,+,PCPG,3539,TCGA-SQ-A6I6-01A,TCGA-SQ-A6I6-01A,1.0,0.0,0.0,0.0,0.0
23,1489624,+,23,1490643,-,PCPG,3540,TCGA-SQ-A6I6-01A,TCGA-SQ-A6I6-01A,1.0,0.0,0.0,0.0,0.0
1,56995305,+,17,14422924,-,PCPG,3541,TCGA-SR-A6MP-01A,TCGA-SR-A6MP-01A,1.0,0.0,0.0,0.0,0.0
1,57057129,-,17,39680987,+,PCPG,3542,TCGA-SR-A6MP-01A,TCGA-SR-A6MP-01A,1.0,0.0,0.0,0.0,0.0
1,57826314,+,8,31039211,-,PCPG,3543,TCGA-SR-A6MP-01A,TCGA-SR-A6MP-01A,1.0,0.0,0.0,0.0,0.0
1,59874523,-,8,118624044,+,PCPG,3544,TCGA-SR-A6MP-01A,TCGA-SR-A6MP-01A,1.0,0.0,0.0,0.0,0.0
1,59898649,+,1,94418305,-,PCPG,3545,TCGA-SR-A6MP-01A,TCGA-SR-A6MP-01A,1.0,0.0,0.0,0.0,0.0
1,60346129,-,17,44056923,+,PCPG,3546,TCGA-SR-A6MP-01A,TCGA-SR-A6MP-01A,1.0,0.0,0.0,0.0,0.0
1,62568944,+,1,78151484,+,PCPG,3547,TCGA-SR-A6MP-01A,TCGA-SR-A6MP-01A,1.0,0.0,0.0,0.0,0.0
1,62575350,-,17,42726160,-,PCPG,3548,TCGA-SR-A6MP-01A,TCGA-SR-A6MP-01A,1.0,0.0,0.0,0.0,0.0
1,62716014,+,8,115654927,+,PCPG,3549,TCGA-SR-A6MP-01A,TCGA-SR-A6MP-01A,1.0,0.0,0.0,0.0,0.0
1,62913155,-,17,39583033,-,PCPG,3550,TCGA-SR-A6MP-01A,TCGA-SR-A6MP-01A,1.0,0.0,0.0,0.0,0.0
1,62998459,+,8,143810860,+,PCPG,3551,TCGA-SR-A6MP-01A,TCGA-SR-A6MP-01A,1.0,0.0,0.0,0.0,0.0
1,63011567,-,8,29455679,-,PCPG,3552,TCGA-SR-A6MP-01A,TCGA-SR-A6MP-01A,1.0,0.0,0.0,0.0,0.0
1,64111526,+,1,77755231,+,PCPG,3553,TCGA-SR-A6MP-01A,TCGA-SR-A6MP-01A,1.0,0.0,0.0,0.0,0.0
1,64111526,+,1,86270707,-,PCPG,3554,TCGA-SR-A6MP-01A,TCGA-SR-A6MP-01A,1.0,0.0,0.0,0.0,0.0
1,64115040,-,17,64584730,+,PCPG,3555,TCGA-SR-A6MP-01A,TCGA-SR-A6MP-01A,1.0,0.0,0.0,0.0,0.0
1,65157381,+,8,10291576,+,PCPG,3556,TCGA-SR-A6MP-01A,TCGA-SR-A6MP-01A,1.0,0.0,0.0,0.0,0.0
1,65176574,-,17,74999546,+,PCPG,3557,TCGA-SR-A6MP-01A,TCGA-SR-A6MP-01A,1.0,0.0,0.0,0.0,0.0
1,67866411,-,17,65869970,+,PCPG,3558,TCGA-SR-A6MP-01A,TCGA-SR-A6MP-01A,1.0,0.0,0.0,0.0,0.0
1,69119636,+,8,58754960,-,PCPG,3559,TCGA-SR-A6MP-01A,TCGA-SR-A6MP-01A,1.0,0.0,0.0,0.0,0.0
1,69126450,-,17,45402336,-,PCPG,3560,TCGA-SR-A6MP-01A,TCGA-SR-A6MP-01A,1.0,0.0,0.0,0.0,0.0
1,72259539,+,8,15327815,-,PCPG,3561,TCGA-SR-A6MP-01A,TCGA-SR-A6MP-01A,1.0,0.0,0.0,0.0,0.0
1,72266788,-,17,46662572,-,PCPG,3562,TCGA-SR-A6MP-01A,TCGA-SR-A6MP-01A,1.0,0.0,0.0,0.0,0.0
1,72449280,+,17,75004547,-,PCPG,3563,TCGA-SR-A6MP-01A,TCGA-SR-A6MP-01A,1.0,0.0,0.0,0.0,0.0
1,72451320,-,8,131956204,-,PCPG,3564,TCGA-SR-A6MP-01A,TCGA-SR-A6MP-01A,1.0,0.0,0.0,0.0,0.0
1,73363061,+,17,33088609,-,PCPG,3565,TCGA-SR-A6MP-01A,TCGA-SR-A6MP-01A,1.0,0.0,0.0,0.0,0.0
1,73377638,-,17,71578307,-,PCPG,3566,TCGA-SR-A6MP-01A,TCGA-SR-A6MP-01A,1.0,0.0,0.0,0.0,0.0
1,74856653,+,1,111345960,-,PCPG,3567,TCGA-SR-A6MP-01A,TCGA-SR-A6MP-01A,1.0,0.0,0.0,0.0,0.0
1,74858982,-,17,17011413,-,PCPG,3568,TCGA-SR-A6MP-01A,TCGA-SR-A6MP-01A,1.0,0.0,0.0,0.0,0.0
1,74935844,+,17,33135290,-,PCPG,3569,TCGA-SR-A6MP-01A,TCGA-SR-A6MP-01A,1.0,0.0,0.0,0.0,0.0
1,75388749,-,17,61799861,-,PCPG,3570,TCGA-SR-A6MP-01A,TCGA-SR-A6MP-01A,1.0,0.0,0.0,0.0,0.0
1,75662834,+,17,33876965,+,PCPG,3571,TCGA-SR-A6MP-01A,TCGA-SR-A6MP-01A,1.0,0.0,0.0,0.0,0.0
1,77169053,-,8,19528954,+,PCPG,3572,TCGA-SR-A6MP-01A,TCGA-SR-A6MP-01A,1.0,0.0,0.0,0.0,0.0
1,77496131,-,8,112472647,-,PCPG,3573,TCGA-SR-A6MP-01A,TCGA-SR-A6MP-01A,1.0,0.0,0.0,0.0,0.0
1,77755230,+,1,86270844,+,PCPG,3574,TCGA-SR-A6MP-01A,TCGA-SR-A6MP-01A,1.0,0.0,0.0,0.0,0.0
1,77756176,-,17,39464233,-,PCPG,3575,TCGA-SR-A6MP-01A,TCGA-SR-A6MP-01A,1.0,0.0,0.0,0.0,0.0
1,78177105,-,8,93350391,-,PCPG,3576,TCGA-SR-A6MP-01A,TCGA-SR-A6MP-01A,1.0,0.0,0.0,0.0,0.0
1,80588219,+,1,81610060,-,PCPG,3577,TCGA-SR-A6MP-01A,TCGA-SR-A6MP-01A,1.0,0.0,0.0,0.0,0.0
1,80590460,-,1,112171738,+,PCPG,3578,TCGA-SR-A6MP-01A,TCGA-SR-A6MP-01A,1.0,0.0,0.0,0.0,0.0
1,81609019,+,8,40575222,-,PCPG,3579,TCGA-SR-A6MP-01A,TCGA-SR-A6MP-01A,1.0,0.0,0.0,0.0,0.0
1,86256396,+,17,36518264,+,PCPG,3580,TCGA-SR-A6MP-01A,TCGA-SR-A6MP-01A,1.0,0.0,0.0,0.0,0.0
1,87397069,-,8,94677508,+,PCPG,3581,TCGA-SR-A6MP-01A,TCGA-SR-A6MP-01A,1.0,0.0,0.0,0.0,0.0
1,88374058,+,8,89964470,+,PCPG,3582,TCGA-SR-A6MP-01A,TCGA-SR-A6MP-01A,1.0,0.0,0.0,0.0,0.0
1,88392640,-,17,18415792,+,PCPG,3583,TCGA-SR-A6MP-01A,TCGA-SR-A6MP-01A,1.0,0.0,0.0,0.0,0.0
1,90866527,+,8,109021820,+,PCPG,3584,TCGA-SR-A6MP-01A,TCGA-SR-A6MP-01A,1.0,0.0,0.0,0.0,0.0
1,90867304,-,1,107359749,+,PCPG,3585,TCGA-SR-A6MP-01A,TCGA-SR-A6MP-01A,1.0,0.0,0.0,0.0,0.0
1,91611349,+,17,17681961,+,PCPG,3586,TCGA-SR-A6MP-01A,TCGA-SR-A6MP-01A,1.0,0.0,0.0,0.0,0.0
1,95118058,+,8,130446605,-,PCPG,3587,TCGA-SR-A6MP-01A,TCGA-SR-A6MP-01A,1.0,0.0,0.0,0.0,0.0
1,95119973,-,17,33085189,+,PCPG,3588,TCGA-SR-A6MP-01A,TCGA-SR-A6MP-01A,1.0,0.0,0.0,0.0,0.0
1,97762752,+,8,136376978,-,PCPG,3589,TCGA-SR-A6MP-01A,TCGA-SR-A6MP-01A,1.0,0.0,0.0,0.0,0.0
1,101944594,-,17,17500926,+,PCPG,3590,TCGA-SR-A6MP-01A,TCGA-SR-A6MP-01A,1.0,0.0,0.0,0.0,0.0
1,102238001,+,1,116336690,+,PCPG,3591,TCGA-SR-A6MP-01A,TCGA-SR-A6MP-01A,1.0,0.0,0.0,0.0,0.0
1,104073497,-,1,104073913,-,PCPG,3592,TCGA-SR-A6MP-01A,TCGA-SR-A6MP-01A,1.0,0.0,0.0,0.0,0.0
1,104073652,+,17,75010069,+,PCPG,3593,TCGA-SR-A6MP-01A,TCGA-SR-A6MP-01A,1.0,0.0,0.0,0.0,0.0
1,104073912,-,17,75010133,+,PCPG,3594,TCGA-SR-A6MP-01A,TCGA-SR-A6MP-01A,1.0,0.0,0.0,0.0,0.0
1,105988386,+,1,105999863,-,PCPG,3595,TCGA-SR-A6MP-01A,TCGA-SR-A6MP-01A,1.0,0.0,0.0,0.0,0.0
1,112173186,-,8,96943394,-,PCPG,3596,TCGA-SR-A6MP-01A,TCGA-SR-A6MP-01A,1.0,0.0,0.0,0.0,0.0
1,115910177,-,17,46769563,-,PCPG,3597,TCGA-SR-A6MP-01A,TCGA-SR-A6MP-01A,1.0,0.0,0.0,0.0,0.0
1,115918062,+,17,26538526,-,PCPG,3598,TCGA-SR-A6MP-01A,TCGA-SR-A6MP-01A,1.0,0.0,0.0,0.0,0.0
1,116443427,+,17,46850203,-,PCPG,3599,TCGA-SR-A6MP-01A,TCGA-SR-A6MP-01A,1.0,0.0,0.0,0.0,0.0
13,17492050,+,13,17717474,-,PCPG,3600,TCGA-SR-A6MP-01A,TCGA-SR-A6MP-01A,1.0,0.0,0.0,0.0,0.0
17,12599120,-,17,12761086,-,PCPG,3601,TCGA-SR-A6MP-01A,TCGA-SR-A6MP-01A,1.0,0.0,0.0,0.0,0.0
17,13020792,+,17,46830209,+,PCPG,3602,TCGA-SR-A6MP-01A,TCGA-SR-A6MP-01A,1.0,0.0,0.0,0.0,0.0
17,15336827,+,17,64585466,-,PCPG,3603,TCGA-SR-A6MP-01A,TCGA-SR-A6MP-01A,1.0,0.0,0.0,0.0,0.0
17,16546179,-,17,22129578,-,PCPG,3604,TCGA-SR-A6MP-01A,TCGA-SR-A6MP-01A,1.0,0.0,0.0,0.0,0.0
17,17020126,+,17,34156030,+,PCPG,3605,TCGA-SR-A6MP-01A,TCGA-SR-A6MP-01A,1.0,0.0,0.0,0.0,0.0
17,17231155,-,17,35512654,-,PCPG,3606,TCGA-SR-A6MP-01A,TCGA-SR-A6MP-01A,1.0,0.0,0.0,0.0,0.0
17,17453256,-,17,20467619,-,PCPG,3607,TCGA-SR-A6MP-01A,TCGA-SR-A6MP-01A,1.0,0.0,0.0,0.0,0.0
17,17512101,+,17,46906152,+,PCPG,3608,TCGA-SR-A6MP-01A,TCGA-SR-A6MP-01A,1.0,0.0,0.0,0.0,0.0
17,17516120,-,17,34154826,-,PCPG,3609,TCGA-SR-A6MP-01A,TCGA-SR-A6MP-01A,1.0,0.0,0.0,0.0,0.0
17,17545586,+,17,33877397,-,PCPG,3610,TCGA-SR-A6MP-01A,TCGA-SR-A6MP-01A,1.0,0.0,0.0,0.0,0.0
17,17581751,-,17,17741795,+,PCPG,3611,TCGA-SR-A6MP-01A,TCGA-SR-A6MP-01A,1.0,0.0,0.0,0.0,0.0
17,17693228,+,17,34130265,+,PCPG,3612,TCGA-SR-A6MP-01A,TCGA-SR-A6MP-01A,1.0,0.0,0.0,0.0,0.0
17,17732517,-,17,39640650,+,PCPG,3613,TCGA-SR-A6MP-01A,TCGA-SR-A6MP-01A,1.0,0.0,0.0,0.0,0.0
17,17760076,-,17,46385045,-,PCPG,3614,TCGA-SR-A6MP-01A,TCGA-SR-A6MP-01A,1.0,0.0,0.0,0.0,0.0
17,18651770,-,17,38879225,-,PCPG,3615,TCGA-SR-A6MP-01A,TCGA-SR-A6MP-01A,1.0,0.0,0.0,0.0,0.0
17,19414089,-,17,54180025,+,PCPG,3616,TCGA-SR-A6MP-01A,TCGA-SR-A6MP-01A,1.0,0.0,0.0,0.0,0.0
17,19987873,+,17,62342129,+,PCPG,3617,TCGA-SR-A6MP-01A,TCGA-SR-A6MP-01A,1.0,0.0,0.0,0.0,0.0
17,21651057,+,17,22713312,-,PCPG,3618,TCGA-SR-A6MP-01A,TCGA-SR-A6MP-01A,1.0,0.0,0.0,0.0,0.0
17,27443156,-,17,65224945,+,PCPG,3619,TCGA-SR-A6MP-01A,TCGA-SR-A6MP-01A,1.0,0.0,0.0,0.0,0.0
17,30211943,+,17,72903994,-,PCPG,3620,TCGA-SR-A6MP-01A,TCGA-SR-A6MP-01A,1.0,0.0,0.0,0.0,0.0
17,32641507,-,17,34912880,-,PCPG,3621,TCGA-SR-A6MP-01A,TCGA-SR-A6MP-01A,1.0,0.0,0.0,0.0,0.0
17,33134814,+,17,40287267,+,PCPG,3622,TCGA-SR-A6MP-01A,TCGA-SR-A6MP-01A,1.0,0.0,0.0,0.0,0.0
17,40267663,+,17,60921701,+,PCPG,3623,TCGA-SR-A6MP-01A,TCGA-SR-A6MP-01A,1.0,0.0,0.0,0.0,0.0
17,40390252,-,17,46382725,+,PCPG,3624,TCGA-SR-A6MP-01A,TCGA-SR-A6MP-01A,1.0,0.0,0.0,0.0,0.0
17,56283538,+,23,117476830,+,PCPG,3625,TCGA-SR-A6MP-01A,TCGA-SR-A6MP-01A,1.0,0.0,0.0,0.0,0.0
2,94557462,-,2,132218834,+,PCPG,3626,TCGA-SR-A6MP-01A,TCGA-SR-A6MP-01A,1.0,0.0,0.0,0.0,0.0
3,129892863,-,3,129893026,+,PCPG,3627,TCGA-SR-A6MP-01A,TCGA-SR-A6MP-01A,1.0,0.0,0.0,0.0,0.0
4,15790165,-,17,20038315,-,PCPG,3628,TCGA-SR-A6MP-01A,TCGA-SR-A6MP-01A,1.0,0.0,0.0,0.0,0.0
4,50802823,-,4,51408314,+,PCPG,3629,TCGA-SR-A6MP-01A,TCGA-SR-A6MP-01A,1.0,0.0,0.0,0.0,0.0
4,78249064,-,5,140458943,-,PCPG,3630,TCGA-SR-A6MP-01A,TCGA-SR-A6MP-01A,1.0,0.0,0.0,0.0,0.0
5,67295656,+,23,42956083,-,PCPG,3631,TCGA-SR-A6MP-01A,TCGA-SR-A6MP-01A,1.0,0.0,0.0,0.0,0.0
7,147219982,+,7,147910641,-,PCPG,3632,TCGA-SR-A6MP-01A,TCGA-SR-A6MP-01A,1.0,0.0,0.0,0.0,0.0
8,2485712,-,17,13053219,-,PCPG,3633,TCGA-SR-A6MP-01A,TCGA-SR-A6MP-01A,1.0,0.0,0.0,0.0,0.0
8,2782476,-,8,89965570,-,PCPG,3634,TCGA-SR-A6MP-01A,TCGA-SR-A6MP-01A,1.0,0.0,0.0,0.0,0.0
8,5773961,+,17,26673800,-,PCPG,3635,TCGA-SR-A6MP-01A,TCGA-SR-A6MP-01A,1.0,0.0,0.0,0.0,0.0
8,5866863,-,17,54180298,-,PCPG,3636,TCGA-SR-A6MP-01A,TCGA-SR-A6MP-01A,1.0,0.0,0.0,0.0,0.0
8,7615586,+,17,39557790,+,PCPG,3637,TCGA-SR-A6MP-01A,TCGA-SR-A6MP-01A,1.0,0.0,0.0,0.0,0.0
8,7784368,-,8,143940565,+,PCPG,3638,TCGA-SR-A6MP-01A,TCGA-SR-A6MP-01A,1.0,0.0,0.0,0.0,0.0
8,8383762,+,8,40571547,+,PCPG,3639,TCGA-SR-A6MP-01A,TCGA-SR-A6MP-01A,1.0,0.0,0.0,0.0,0.0
8,8399939,-,8,104246856,-,PCPG,3640,TCGA-SR-A6MP-01A,TCGA-SR-A6MP-01A,1.0,0.0,0.0,0.0,0.0
8,10294504,-,8,26117238,+,PCPG,3641,TCGA-SR-A6MP-01A,TCGA-SR-A6MP-01A,1.0,0.0,0.0,0.0,0.0
8,11047866,+,8,90987154,-,PCPG,3642,TCGA-SR-A6MP-01A,TCGA-SR-A6MP-01A,1.0,0.0,0.0,0.0,0.0
8,11048212,-,8,125145978,+,PCPG,3643,TCGA-SR-A6MP-01A,TCGA-SR-A6MP-01A,1.0,0.0,0.0,0.0,0.0
8,11353785,+,8,129996421,-,PCPG,3644,TCGA-SR-A6MP-01A,TCGA-SR-A6MP-01A,1.0,0.0,0.0,0.0,0.0
8,15449393,+,17,57613738,-,PCPG,3645,TCGA-SR-A6MP-01A,TCGA-SR-A6MP-01A,1.0,0.0,0.0,0.0,0.0
8,17528491,-,17,38510470,+,PCPG,3646,TCGA-SR-A6MP-01A,TCGA-SR-A6MP-01A,1.0,0.0,0.0,0.0,0.0
8,20768872,-,17,61785540,+,PCPG,3647,TCGA-SR-A6MP-01A,TCGA-SR-A6MP-01A,1.0,0.0,0.0,0.0,0.0
8,23827234,+,8,134508432,-,PCPG,3648,TCGA-SR-A6MP-01A,TCGA-SR-A6MP-01A,1.0,0.0,0.0,0.0,0.0
8,24224092,+,8,58753078,+,PCPG,3649,TCGA-SR-A6MP-01A,TCGA-SR-A6MP-01A,1.0,0.0,0.0,0.0,0.0
8,24225255,-,8,89666924,+,PCPG,3650,TCGA-SR-A6MP-01A,TCGA-SR-A6MP-01A,1.0,0.0,0.0,0.0,0.0
8,25000829,+,8,119390684,+,PCPG,3651,TCGA-SR-A6MP-01A,TCGA-SR-A6MP-01A,1.0,0.0,0.0,0.0,0.0
8,25001123,-,8,118624491,-,PCPG,3652,TCGA-SR-A6MP-01A,TCGA-SR-A6MP-01A,1.0,0.0,0.0,0.0,0.0
8,26119478,-,17,17510045,-,PCPG,3653,TCGA-SR-A6MP-01A,TCGA-SR-A6MP-01A,1.0,0.0,0.0,0.0,0.0
8,30043112,+,8,121728470,-,PCPG,3654,TCGA-SR-A6MP-01A,TCGA-SR-A6MP-01A,1.0,0.0,0.0,0.0,0.0
8,30996454,+,8,51283767,+,PCPG,3655,TCGA-SR-A6MP-01A,TCGA-SR-A6MP-01A,1.0,0.0,0.0,0.0,0.0
8,31033445,+,17,52157764,-,PCPG,3656,TCGA-SR-A6MP-01A,TCGA-SR-A6MP-01A,1.0,0.0,0.0,0.0,0.0
8,31042562,+,17,28727739,-,PCPG,3657,TCGA-SR-A6MP-01A,TCGA-SR-A6MP-01A,1.0,0.0,0.0,0.0,0.0
8,31813042,-,8,121727470,+,PCPG,3658,TCGA-SR-A6MP-01A,TCGA-SR-A6MP-01A,1.0,0.0,0.0,0.0,0.0
8,31953021,+,17,39774038,-,PCPG,3659,TCGA-SR-A6MP-01A,TCGA-SR-A6MP-01A,1.0,0.0,0.0,0.0,0.0
8,31963782,-,17,39261060,+,PCPG,3660,TCGA-SR-A6MP-01A,TCGA-SR-A6MP-01A,1.0,0.0,0.0,0.0,0.0
8,33361275,+,8,130776765,-,PCPG,3661,TCGA-SR-A6MP-01A,TCGA-SR-A6MP-01A,1.0,0.0,0.0,0.0,0.0
8,33370716,-,17,53578309,-,PCPG,3662,TCGA-SR-A6MP-01A,TCGA-SR-A6MP-01A,1.0,0.0,0.0,0.0,0.0
8,41441943,+,17,47648745,+,PCPG,3663,TCGA-SR-A6MP-01A,TCGA-SR-A6MP-01A,1.0,0.0,0.0,0.0,0.0
8,41577042,-,8,61988880,+,PCPG,3664,TCGA-SR-A6MP-01A,TCGA-SR-A6MP-01A,1.0,0.0,0.0,0.0,0.0
8,43471425,+,8,59596129,+,PCPG,3665,TCGA-SR-A6MP-01A,TCGA-SR-A6MP-01A,1.0,0.0,0.0,0.0,0.0
8,46139394,-,8,104620519,+,PCPG,3666,TCGA-SR-A6MP-01A,TCGA-SR-A6MP-01A,1.0,0.0,0.0,0.0,0.0
8,48025289,-,8,120921771,-,PCPG,3667,TCGA-SR-A6MP-01A,TCGA-SR-A6MP-01A,1.0,0.0,0.0,0.0,0.0
8,52373523,-,17,16589159,+,PCPG,3668,TCGA-SR-A6MP-01A,TCGA-SR-A6MP-01A,1.0,0.0,0.0,0.0,0.0
8,53250469,+,17,17201930,+,PCPG,3669,TCGA-SR-A6MP-01A,TCGA-SR-A6MP-01A,1.0,0.0,0.0,0.0,0.0
8,59597159,-,17,62913958,-,PCPG,3670,TCGA-SR-A6MP-01A,TCGA-SR-A6MP-01A,1.0,0.0,0.0,0.0,0.0
8,61989128,-,8,106187946,+,PCPG,3671,TCGA-SR-A6MP-01A,TCGA-SR-A6MP-01A,1.0,0.0,0.0,0.0,0.0
8,63069662,+,17,16605061,-,PCPG,3672,TCGA-SR-A6MP-01A,TCGA-SR-A6MP-01A,1.0,0.0,0.0,0.0,0.0
8,63074854,-,8,131151019,-,PCPG,3673,TCGA-SR-A6MP-01A,TCGA-SR-A6MP-01A,1.0,0.0,0.0,0.0,0.0
8,64046876,+,17,52127008,+,PCPG,3674,TCGA-SR-A6MP-01A,TCGA-SR-A6MP-01A,1.0,0.0,0.0,0.0,0.0
8,65360663,-,17,39664974,-,PCPG,3675,TCGA-SR-A6MP-01A,TCGA-SR-A6MP-01A,1.0,0.0,0.0,0.0,0.0
8,66452559,+,17,46662178,+,PCPG,3676,TCGA-SR-A6MP-01A,TCGA-SR-A6MP-01A,1.0,0.0,0.0,0.0,0.0
8,66454150,-,17,16845280,+,PCPG,3677,TCGA-SR-A6MP-01A,TCGA-SR-A6MP-01A,1.0,0.0,0.0,0.0,0.0
8,68201624,-,17,35809275,-,PCPG,3678,TCGA-SR-A6MP-01A,TCGA-SR-A6MP-01A,1.0,0.0,0.0,0.0,0.0
8,71547412,+,8,134657960,+,PCPG,3679,TCGA-SR-A6MP-01A,TCGA-SR-A6MP-01A,1.0,0.0,0.0,0.0,0.0
8,71548178,-,17,12757170,+,PCPG,3680,TCGA-SR-A6MP-01A,TCGA-SR-A6MP-01A,1.0,0.0,0.0,0.0,0.0
8,71833263,-,8,83905879,+,PCPG,3681,TCGA-SR-A6MP-01A,TCGA-SR-A6MP-01A,1.0,0.0,0.0,0.0,0.0
8,73877649,+,17,72864040,+,PCPG,3682,TCGA-SR-A6MP-01A,TCGA-SR-A6MP-01A,1.0,0.0,0.0,0.0,0.0
8,73880404,-,17,57534700,+,PCPG,3683,TCGA-SR-A6MP-01A,TCGA-SR-A6MP-01A,1.0,0.0,0.0,0.0,0.0
8,76040475,+,13,78150713,+,PCPG,3684,TCGA-SR-A6MP-01A,TCGA-SR-A6MP-01A,1.0,0.0,0.0,0.0,0.0
8,79335846,-,21,23173559,-,PCPG,3685,TCGA-SR-A6MP-01A,TCGA-SR-A6MP-01A,1.0,0.0,0.0,0.0,0.0
8,79471523,+,17,46934844,-,PCPG,3686,TCGA-SR-A6MP-01A,TCGA-SR-A6MP-01A,1.0,0.0,0.0,0.0,0.0
8,79479431,-,8,108249493,-,PCPG,3687,TCGA-SR-A6MP-01A,TCGA-SR-A6MP-01A,1.0,0.0,0.0,0.0,0.0
8,84515931,-,8,89667681,-,PCPG,3688,TCGA-SR-A6MP-01A,TCGA-SR-A6MP-01A,1.0,0.0,0.0,0.0,0.0
8,90985158,+,8,96502496,+,PCPG,3689,TCGA-SR-A6MP-01A,TCGA-SR-A6MP-01A,1.0,0.0,0.0,0.0,0.0
8,94232823,+,8,102169331,+,PCPG,3690,TCGA-SR-A6MP-01A,TCGA-SR-A6MP-01A,1.0,0.0,0.0,0.0,0.0
8,94235509,-,17,51188588,-,PCPG,3691,TCGA-SR-A6MP-01A,TCGA-SR-A6MP-01A,1.0,0.0,0.0,0.0,0.0
8,96503790,-,8,130774397,+,PCPG,3692,TCGA-SR-A6MP-01A,TCGA-SR-A6MP-01A,1.0,0.0,0.0,0.0,0.0
8,96942605,+,8,139862972,+,PCPG,3693,TCGA-SR-A6MP-01A,TCGA-SR-A6MP-01A,1.0,0.0,0.0,0.0,0.0
8,104223698,-,17,53567636,+,PCPG,3694,TCGA-SR-A6MP-01A,TCGA-SR-A6MP-01A,1.0,0.0,0.0,0.0,0.0
8,104239140,+,17,42963282,-,PCPG,3695,TCGA-SR-A6MP-01A,TCGA-SR-A6MP-01A,1.0,0.0,0.0,0.0,0.0
8,105206794,-,17,60946073,-,PCPG,3696,TCGA-SR-A6MP-01A,TCGA-SR-A6MP-01A,1.0,0.0,0.0,0.0,0.0
8,105556186,+,8,119391331,-,PCPG,3697,TCGA-SR-A6MP-01A,TCGA-SR-A6MP-01A,1.0,0.0,0.0,0.0,0.0
8,105584002,-,17,40268619,-,PCPG,3698,TCGA-SR-A6MP-01A,TCGA-SR-A6MP-01A,1.0,0.0,0.0,0.0,0.0
8,108692701,+,8,114418622,-,PCPG,3699,TCGA-SR-A6MP-01A,TCGA-SR-A6MP-01A,1.0,0.0,0.0,0.0,0.0
8,109022139,-,17,29012434,-,PCPG,3700,TCGA-SR-A6MP-01A,TCGA-SR-A6MP-01A,1.0,0.0,0.0,0.0,0.0
8,112459962,+,8,114416017,+,PCPG,3701,TCGA-SR-A6MP-01A,TCGA-SR-A6MP-01A,1.0,0.0,0.0,0.0,0.0
8,115659988,-,17,29011899,+,PCPG,3702,TCGA-SR-A6MP-01A,TCGA-SR-A6MP-01A,1.0,0.0,0.0,0.0,0.0
8,120889514,+,17,65226367,-,PCPG,3703,TCGA-SR-A6MP-01A,TCGA-SR-A6MP-01A,1.0,0.0,0.0,0.0,0.0
8,129432768,-,17,28725665,+,PCPG,3704,TCGA-SR-A6MP-01A,TCGA-SR-A6MP-01A,1.0,0.0,0.0,0.0,0.0
8,129995319,+,17,27441172,+,PCPG,3705,TCGA-SR-A6MP-01A,TCGA-SR-A6MP-01A,1.0,0.0,0.0,0.0,0.0
8,130445786,+,8,131148666,+,PCPG,3706,TCGA-SR-A6MP-01A,TCGA-SR-A6MP-01A,1.0,0.0,0.0,0.0,0.0
8,130966904,+,17,18450307,-,PCPG,3707,TCGA-SR-A6MP-01A,TCGA-SR-A6MP-01A,1.0,0.0,0.0,0.0,0.0
8,130966904,+,17,20494091,+,PCPG,3708,TCGA-SR-A6MP-01A,TCGA-SR-A6MP-01A,1.0,0.0,0.0,0.0,0.0
8,131947811,+,17,35492706,+,PCPG,3709,TCGA-SR-A6MP-01A,TCGA-SR-A6MP-01A,1.0,0.0,0.0,0.0,0.0
8,133968980,+,17,17413552,+,PCPG,3710,TCGA-SR-A6MP-01A,TCGA-SR-A6MP-01A,1.0,0.0,0.0,0.0,0.0
8,134659112,-,17,13982622,+,PCPG,3711,TCGA-SR-A6MP-01A,TCGA-SR-A6MP-01A,1.0,0.0,0.0,0.0,0.0
8,143795627,-,17,20513040,-,PCPG,3712,TCGA-SR-A6MP-01A,TCGA-SR-A6MP-01A,1.0,0.0,0.0,0.0,0.0
8,143795628,-,17,20513436,-,PCPG,3713,TCGA-SR-A6MP-01A,TCGA-SR-A6MP-01A,1.0,0.0,0.0,0.0,0.0
8,143810984,-,17,12795272,-,PCPG,3714,TCGA-SR-A6MP-01A,TCGA-SR-A6MP-01A,1.0,0.0,0.0,0.0,0.0
8,143813443,+,17,39587779,+,PCPG,3715,TCGA-SR-A6MP-01A,TCGA-SR-A6MP-01A,1.0,0.0,0.0,0.0,0.0
8,143816664,-,17,46767020,+,PCPG,3716,TCGA-SR-A6MP-01A,TCGA-SR-A6MP-01A,1.0,0.0,0.0,0.0,0.0
1,123716441,+,1,123806145,-,PCPG,3717,TCGA-SR-A6MQ-01A,TCGA-SR-A6MQ-01A,1.0,0.0,0.0,0.0,0.0
11,54349997,+,11,54351963,-,PCPG,3718,TCGA-SR-A6MQ-01A,TCGA-SR-A6MQ-01A,1.0,0.0,0.0,0.0,0.0
11,122773780,-,11,122836042,+,PCPG,3719,TCGA-SR-A6MQ-01A,TCGA-SR-A6MQ-01A,1.0,0.0,0.0,0.0,0.0
18,16908247,-,18,16909207,+,PCPG,3720,TCGA-SR-A6MQ-01A,TCGA-SR-A6MQ-01A,1.0,0.0,0.0,0.0,0.0
3,85324524,+,3,85924862,-,PCPG,3721,TCGA-SR-A6MQ-01A,TCGA-SR-A6MQ-01A,1.0,0.0,0.0,0.0,0.0
3,91558788,+,3,93579211,-,PCPG,3722,TCGA-SR-A6MQ-01A,TCGA-SR-A6MQ-01A,1.0,0.0,0.0,0.0,0.0
3,96995652,+,3,137305437,-,PCPG,3723,TCGA-SR-A6MQ-01A,TCGA-SR-A6MQ-01A,1.0,0.0,0.0,0.0,0.0
3,113343092,-,3,113459602,+,PCPG,3724,TCGA-SR-A6MQ-01A,TCGA-SR-A6MQ-01A,1.0,0.0,0.0,0.0,0.0
4,49719555,-,4,51016845,+,PCPG,3725,TCGA-SR-A6MQ-01A,TCGA-SR-A6MQ-01A,1.0,0.0,0.0,0.0,0.0
5,139772964,-,15,36894893,+,PCPG,3726,TCGA-SR-A6MQ-01A,TCGA-SR-A6MQ-01A,1.0,0.0,0.0,0.0,0.0
6,72336747,-,6,72468708,+,PCPG,3727,TCGA-SR-A6MQ-01A,TCGA-SR-A6MQ-01A,1.0,0.0,0.0,0.0,0.0
6,151046476,-,9,43140860,+,PCPG,3728,TCGA-SR-A6MQ-01A,TCGA-SR-A6MQ-01A,1.0,0.0,0.0,0.0,0.0
7,100172650,-,11,23091784,-,PCPG,3729,TCGA-SR-A6MQ-01A,TCGA-SR-A6MQ-01A,1.0,0.0,0.0,0.0,0.0
7,114699909,+,23,766965,-,PCPG,3730,TCGA-SR-A6MQ-01A,TCGA-SR-A6MQ-01A,1.0,0.0,0.0,0.0,0.0
8,87428314,-,18,43735281,+,PCPG,3731,TCGA-SR-A6MQ-01A,TCGA-SR-A6MQ-01A,1.0,0.0,0.0,0.0,0.0
9,99416302,+,18,57648895,+,PCPG,3732,TCGA-SR-A6MQ-01A,TCGA-SR-A6MQ-01A,1.0,0.0,0.0,0.0,0.0
9,115095945,+,13,72927924,+,PCPG,3733,TCGA-SR-A6MQ-01A,TCGA-SR-A6MQ-01A,1.0,0.0,0.0,0.0,0.0
9,134254269,-,17,7156976,+,PCPG,3734,TCGA-SR-A6MQ-01A,TCGA-SR-A6MQ-01A,1.0,0.0,0.0,0.0,0.0
1,225547074,+,14,72766536,-,PCPG,3735,TCGA-SR-A6MR-01A,TCGA-SR-A6MR-01A,1.0,0.0,0.0,0.0,0.0
10,110708266,-,10,110856174,+,PCPG,3736,TCGA-SR-A6MR-01A,TCGA-SR-A6MR-01A,1.0,0.0,0.0,0.0,0.0
11,51252792,+,11,54185908,-,PCPG,3737,TCGA-SR-A6MR-01A,TCGA-SR-A6MR-01A,1.0,0.0,0.0,0.0,0.0
11,53947746,-,11,54293926,+,PCPG,3738,TCGA-SR-A6MR-01A,TCGA-SR-A6MR-01A,1.0,0.0,0.0,0.0,0.0
11,91938553,-,15,49489565,-,PCPG,3739,TCGA-SR-A6MR-01A,TCGA-SR-A6MR-01A,1.0,0.0,0.0,0.0,0.0
13,97124975,-,13,97334373,+,PCPG,3740,TCGA-SR-A6MR-01A,TCGA-SR-A6MR-01A,1.0,0.0,0.0,0.0,0.0
18,15526698,-,18,15684934,+,PCPG,3741,TCGA-SR-A6MR-01A,TCGA-SR-A6MR-01A,1.0,0.0,0.0,0.0,0.0
18,59187341,+,19,20458000,+,PCPG,3742,TCGA-SR-A6MR-01A,TCGA-SR-A6MR-01A,1.0,0.0,0.0,0.0,0.0
3,72198846,-,3,72441808,+,PCPG,3743,TCGA-SR-A6MR-01A,TCGA-SR-A6MR-01A,1.0,0.0,0.0,0.0,0.0
3,90923129,-,3,91062728,+,PCPG,3744,TCGA-SR-A6MR-01A,TCGA-SR-A6MR-01A,1.0,0.0,0.0,0.0,0.0
3,91049285,-,3,91167690,+,PCPG,3745,TCGA-SR-A6MR-01A,TCGA-SR-A6MR-01A,1.0,0.0,0.0,0.0,0.0
4,125504739,-,9,121895971,+,PCPG,3746,TCGA-SR-A6MR-01A,TCGA-SR-A6MR-01A,1.0,0.0,0.0,0.0,0.0
5,49916455,+,5,49925116,-,PCPG,3747,TCGA-SR-A6MR-01A,TCGA-SR-A6MR-01A,1.0,0.0,0.0,0.0,0.0
5,71882803,-,7,79547818,-,PCPG,3748,TCGA-SR-A6MR-01A,TCGA-SR-A6MR-01A,1.0,0.0,0.0,0.0,0.0
5,72153323,+,5,142110272,-,PCPG,3749,TCGA-SR-A6MR-01A,TCGA-SR-A6MR-01A,1.0,0.0,0.0,0.0,0.0
5,142262628,+,7,79745139,+,PCPG,3750,TCGA-SR-A6MR-01A,TCGA-SR-A6MR-01A,1.0,0.0,0.0,0.0,0.0
9,61692293,+,20,29592788,-,PCPG,3751,TCGA-SR-A6MR-01A,TCGA-SR-A6MR-01A,1.0,0.0,0.0,0.0,0.0
1,152103796,-,23,89127999,-,PCPG,3752,TCGA-SR-A6MS-01A,TCGA-SR-A6MS-01A,1.0,0.0,0.0,0.0,0.0
1,236239808,-,15,50393904,+,PCPG,3753,TCGA-SR-A6MS-01A,TCGA-SR-A6MS-01A,1.0,0.0,0.0,0.0,0.0
11,47642082,-,14,68794664,-,PCPG,3754,TCGA-SR-A6MS-01A,TCGA-SR-A6MS-01A,1.0,0.0,0.0,0.0,0.0
13,57480873,-,13,58103766,+,PCPG,3755,TCGA-SR-A6MS-01A,TCGA-SR-A6MS-01A,1.0,0.0,0.0,0.0,0.0
13,75958028,+,13,78513614,+,PCPG,3756,TCGA-SR-A6MS-01A,TCGA-SR-A6MS-01A,1.0,0.0,0.0,0.0,0.0
18,20801736,-,18,20832691,-,PCPG,3757,TCGA-SR-A6MS-01A,TCGA-SR-A6MS-01A,1.0,0.0,0.0,0.0,0.0
2,92283366,-,2,92284369,+,PCPG,3758,TCGA-SR-A6MS-01A,TCGA-SR-A6MS-01A,1.0,0.0,0.0,0.0,0.0
2,92348114,-,2,92348857,+,PCPG,3759,TCGA-SR-A6MS-01A,TCGA-SR-A6MS-01A,1.0,0.0,0.0,0.0,0.0
2,92844457,-,2,92845343,+,PCPG,3760,TCGA-SR-A6MS-01A,TCGA-SR-A6MS-01A,1.0,0.0,0.0,0.0,0.0
2,92934375,-,2,92935143,+,PCPG,3761,TCGA-SR-A6MS-01A,TCGA-SR-A6MS-01A,1.0,0.0,0.0,0.0,0.0
4,50425038,-,4,50426229,+,PCPG,3762,TCGA-SR-A6MS-01A,TCGA-SR-A6MS-01A,1.0,0.0,0.0,0.0,0.0
4,146656898,+,11,78704081,+,PCPG,3763,TCGA-SR-A6MS-01A,TCGA-SR-A6MS-01A,1.0,0.0,0.0,0.0,0.0
6,20557051,-,17,35763938,+,PCPG,3764,TCGA-SR-A6MS-01A,TCGA-SR-A6MS-01A,1.0,0.0,0.0,0.0,0.0
6,58573070,-,6,59445268,+,PCPG,3765,TCGA-SR-A6MS-01A,TCGA-SR-A6MS-01A,1.0,0.0,0.0,0.0,0.0
6,150628528,-,8,19408978,+,PCPG,3766,TCGA-SR-A6MS-01A,TCGA-SR-A6MS-01A,1.0,0.0,0.0,0.0,0.0
7,128570547,+,11,46428953,-,PCPG,3767,TCGA-SR-A6MS-01A,TCGA-SR-A6MS-01A,1.0,0.0,0.0,0.0,0.0
1,86097174,-,9,95572057,-,PCPG,3768,TCGA-SR-A6MT-01A,TCGA-SR-A6MT-01A,1.0,0.0,0.0,0.0,0.0
11,84600144,+,17,20051425,+,PCPG,3769,TCGA-SR-A6MT-01A,TCGA-SR-A6MT-01A,1.0,0.0,0.0,0.0,0.0
11,111372052,+,14,61449925,+,PCPG,3770,TCGA-SR-A6MT-01A,TCGA-SR-A6MT-01A,1.0,0.0,0.0,0.0,0.0
18,15624619,+,18,15679106,-,PCPG,3771,TCGA-SR-A6MT-01A,TCGA-SR-A6MT-01A,1.0,0.0,0.0,0.0,0.0
3,59986267,-,9,74291878,-,PCPG,3772,TCGA-SR-A6MT-01A,TCGA-SR-A6MT-01A,1.0,0.0,0.0,0.0,0.0
4,7972437,+,4,7973170,-,PCPG,3773,TCGA-SR-A6MT-01A,TCGA-SR-A6MT-01A,1.0,0.0,0.0,0.0,0.0
5,49684714,+,5,49690188,-,PCPG,3774,TCGA-SR-A6MT-01A,TCGA-SR-A6MT-01A,1.0,0.0,0.0,0.0,0.0
6,57598503,+,6,60497401,-,PCPG,3775,TCGA-SR-A6MT-01A,TCGA-SR-A6MT-01A,1.0,0.0,0.0,0.0,0.0
6,58292125,-,6,61158461,-,PCPG,3776,TCGA-SR-A6MT-01A,TCGA-SR-A6MT-01A,1.0,0.0,0.0,0.0,0.0
10,39919146,+,10,39931496,-,PCPG,3777,TCGA-SR-A6MU-01A,TCGA-SR-A6MU-01A,1.0,0.0,0.0,0.0,0.0
13,17215542,-,13,17217260,+,PCPG,3778,TCGA-SR-A6MU-01A,TCGA-SR-A6MU-01A,1.0,0.0,0.0,0.0,0.0
15,79675323,-,15,85317585,+,PCPG,3779,TCGA-SR-A6MU-01A,TCGA-SR-A6MU-01A,1.0,0.0,0.0,0.0,0.0
17,23051809,+,17,23122070,-,PCPG,3780,TCGA-SR-A6MU-01A,TCGA-SR-A6MU-01A,1.0,0.0,0.0,0.0,0.0
2,231886399,-,4,162179963,+,PCPG,3781,TCGA-SR-A6MU-01A,TCGA-SR-A6MU-01A,1.0,0.0,0.0,0.0,0.0
3,89020548,+,10,57765180,+,PCPG,3782,TCGA-SR-A6MU-01A,TCGA-SR-A6MU-01A,1.0,0.0,0.0,0.0,0.0
4,62319010,-,12,45781254,-,PCPG,3783,TCGA-SR-A6MU-01A,TCGA-SR-A6MU-01A,1.0,0.0,0.0,0.0,0.0
4,170703952,-,12,18079841,+,PCPG,3784,TCGA-SR-A6MU-01A,TCGA-SR-A6MU-01A,1.0,0.0,0.0,0.0,0.0
5,178839218,-,5,180673548,-,PCPG,3785,TCGA-SR-A6MU-01A,TCGA-SR-A6MU-01A,1.0,0.0,0.0,0.0,0.0
6,32538408,+,23,26503903,-,PCPG,3786,TCGA-SR-A6MU-01A,TCGA-SR-A6MU-01A,1.0,0.0,0.0,0.0,0.0
6,65564962,+,13,96654062,+,PCPG,3787,TCGA-SR-A6MU-01A,TCGA-SR-A6MU-01A,1.0,0.0,0.0,0.0,0.0
7,150985344,+,7,150985848,-,PCPG,3788,TCGA-SR-A6MU-01A,TCGA-SR-A6MU-01A,1.0,0.0,0.0,0.0,0.0
8,45399324,-,8,45678789,+,PCPG,3789,TCGA-SR-A6MU-01A,TCGA-SR-A6MU-01A,1.0,0.0,0.0,0.0,0.0
8,124602094,+,19,13402613,-,PCPG,3790,TCGA-SR-A6MU-01A,TCGA-SR-A6MU-01A,1.0,0.0,0.0,0.0,0.0
9,44603409,+,9,44780829,-,PCPG,3791,TCGA-SR-A6MU-01A,TCGA-SR-A6MU-01A,1.0,0.0,0.0,0.0,0.0
1,122609207,+,1,124244689,-,PCPG,3792,TCGA-SR-A6MV-01A,TCGA-SR-A6MV-01A,1.0,0.0,0.0,0.0,0.0
1,122664111,-,11,24306025,-,PCPG,3793,TCGA-SR-A6MV-01A,TCGA-SR-A6MV-01A,1.0,0.0,0.0,0.0,0.0
11,27421386,+,11,38800090,+,PCPG,3794,TCGA-SR-A6MV-01A,TCGA-SR-A6MV-01A,1.0,0.0,0.0,0.0,0.0
11,29580194,-,11,39555558,+,PCPG,3795,TCGA-SR-A6MV-01A,TCGA-SR-A6MV-01A,1.0,0.0,0.0,0.0,0.0
11,34676713,+,11,39203455,-,PCPG,3796,TCGA-SR-A6MV-01A,TCGA-SR-A6MV-01A,1.0,0.0,0.0,0.0,0.0
11,39286313,+,11,41314834,-,PCPG,3797,TCGA-SR-A6MV-01A,TCGA-SR-A6MV-01A,1.0,0.0,0.0,0.0,0.0
13,16290656,-,13,16571535,+,PCPG,3798,TCGA-SR-A6MV-01A,TCGA-SR-A6MV-01A,1.0,0.0,0.0,0.0,0.0
13,16603282,-,13,17147055,+,PCPG,3799,TCGA-SR-A6MV-01A,TCGA-SR-A6MV-01A,1.0,0.0,0.0,0.0,0.0
13,17595672,-,13,17596573,+,PCPG,3800,TCGA-SR-A6MV-01A,TCGA-SR-A6MV-01A,1.0,0.0,0.0,0.0,0.0
17,47955180,-,17,48079405,+,PCPG,3801,TCGA-SR-A6MV-01A,TCGA-SR-A6MV-01A,1.0,0.0,0.0,0.0,0.0
18,15680512,-,18,15758100,+,PCPG,3802,TCGA-SR-A6MV-01A,TCGA-SR-A6MV-01A,1.0,0.0,0.0,0.0,0.0
2,27610541,-,9,107691908,-,PCPG,3803,TCGA-SR-A6MV-01A,TCGA-SR-A6MV-01A,1.0,0.0,0.0,0.0,0.0
2,92470972,+,2,92936189,-,PCPG,3804,TCGA-SR-A6MV-01A,TCGA-SR-A6MV-01A,1.0,0.0,0.0,0.0,0.0
2,95727341,-,2,113368941,+,PCPG,3805,TCGA-SR-A6MV-01A,TCGA-SR-A6MV-01A,1.0,0.0,0.0,0.0,0.0
3,52439766,-,3,52563218,+,PCPG,3806,TCGA-SR-A6MV-01A,TCGA-SR-A6MV-01A,1.0,0.0,0.0,0.0,0.0
3,59986280,-,12,105460548,-,PCPG,3807,TCGA-SR-A6MV-01A,TCGA-SR-A6MV-01A,1.0,0.0,0.0,0.0,0.0
3,90915299,+,3,91189382,-,PCPG,3808,TCGA-SR-A6MV-01A,TCGA-SR-A6MV-01A,1.0,0.0,0.0,0.0,0.0
4,49931624,-,4,50803170,+,PCPG,3809,TCGA-SR-A6MV-01A,TCGA-SR-A6MV-01A,1.0,0.0,0.0,0.0,0.0
5,118174636,+,11,85789392,+,PCPG,3810,TCGA-SR-A6MV-01A,TCGA-SR-A6MV-01A,1.0,0.0,0.0,0.0,0.0
6,59613041,-,6,59619315,+,PCPG,3811,TCGA-SR-A6MV-01A,TCGA-SR-A6MV-01A,1.0,0.0,0.0,0.0,0.0
9,43206407,+,9,60529134,+,PCPG,3812,TCGA-SR-A6MV-01A,TCGA-SR-A6MV-01A,1.0,0.0,0.0,0.0,0.0
9,83874874,+,9,85749030,+,PCPG,3813,TCGA-SR-A6MV-01A,TCGA-SR-A6MV-01A,1.0,0.0,0.0,0.0,0.0
23,48177621,-,23,48274832,+,PCPG,3814,TCGA-SR-A6MV-01A,TCGA-SR-A6MV-01A,1.0,0.0,0.0,0.0,0.0
1,51702033,-,13,102490574,+,PCPG,3815,TCGA-SR-A6MX-01A,TCGA-SR-A6MX-01A,1.0,0.0,0.0,0.0,0.0
1,52437297,+,13,101566756,-,PCPG,3816,TCGA-SR-A6MX-01A,TCGA-SR-A6MX-01A,1.0,0.0,0.0,0.0,0.0
1,106927274,-,11,69206376,-,PCPG,3817,TCGA-SR-A6MX-01A,TCGA-SR-A6MX-01A,1.0,0.0,0.0,0.0,0.0
1,122448581,-,1,122501046,+,PCPG,3818,TCGA-SR-A6MX-01A,TCGA-SR-A6MX-01A,1.0,0.0,0.0,0.0,0.0
1,172741428,-,1,203915819,-,PCPG,3819,TCGA-SR-A6MX-01A,TCGA-SR-A6MX-01A,1.0,0.0,0.0,0.0,0.0
1,173485648,+,1,232378327,-,PCPG,3820,TCGA-SR-A6MX-01A,TCGA-SR-A6MX-01A,1.0,0.0,0.0,0.0,0.0
1,204691706,+,1,233040646,+,PCPG,3821,TCGA-SR-A6MX-01A,TCGA-SR-A6MX-01A,1.0,0.0,0.0,0.0,0.0
10,100057987,+,22,39003800,-,PCPG,3822,TCGA-SR-A6MX-01A,TCGA-SR-A6MX-01A,1.0,0.0,0.0,0.0,0.0
13,16454866,-,13,17314448,+,PCPG,3823,TCGA-SR-A6MX-01A,TCGA-SR-A6MX-01A,1.0,0.0,0.0,0.0,0.0
13,32719461,+,13,32720047,-,PCPG,3824,TCGA-SR-A6MX-01A,TCGA-SR-A6MX-01A,1.0,0.0,0.0,0.0,0.0
13,105516403,-,13,106437859,+,PCPG,3825,TCGA-SR-A6MX-01A,TCGA-SR-A6MX-01A,1.0,0.0,0.0,0.0,0.0
15,75284804,-,15,76276774,+,PCPG,3826,TCGA-SR-A6MX-01A,TCGA-SR-A6MX-01A,1.0,0.0,0.0,0.0,0.0
16,61220461,-,16,65980860,-,PCPG,3827,TCGA-SR-A6MX-01A,TCGA-SR-A6MX-01A,1.0,0.0,0.0,0.0,0.0
16,64825173,+,16,65979117,+,PCPG,3828,TCGA-SR-A6MX-01A,TCGA-SR-A6MX-01A,1.0,0.0,0.0,0.0,0.0
16,65978883,-,16,68352615,-,PCPG,3829,TCGA-SR-A6MX-01A,TCGA-SR-A6MX-01A,1.0,0.0,0.0,0.0,0.0
16,65978990,+,16,66355562,+,PCPG,3830,TCGA-SR-A6MX-01A,TCGA-SR-A6MX-01A,1.0,0.0,0.0,0.0,0.0
16,65979196,+,16,66355403,+,PCPG,3831,TCGA-SR-A6MX-01A,TCGA-SR-A6MX-01A,1.0,0.0,0.0,0.0,0.0
16,66355562,+,16,68352616,-,PCPG,3832,TCGA-SR-A6MX-01A,TCGA-SR-A6MX-01A,1.0,0.0,0.0,0.0,0.0
17,15371051,-,17,16101634,+,PCPG,3833,TCGA-SR-A6MX-01A,TCGA-SR-A6MX-01A,1.0,0.0,0.0,0.0,0.0
19,24342074,-,19,24345192,+,PCPG,3834,TCGA-SR-A6MX-01A,TCGA-SR-A6MX-01A,1.0,0.0,0.0,0.0,0.0
2,214836378,-,4,14845424,+,PCPG,3835,TCGA-SR-A6MX-01A,TCGA-SR-A6MX-01A,1.0,0.0,0.0,0.0,0.0
3,49765208,+,6,14973720,-,PCPG,3836,TCGA-SR-A6MX-01A,TCGA-SR-A6MX-01A,1.0,0.0,0.0,0.0,0.0
3,59739890,-,8,89011895,+,PCPG,3837,TCGA-SR-A6MX-01A,TCGA-SR-A6MX-01A,1.0,0.0,0.0,0.0,0.0
3,63892509,+,16,17377176,-,PCPG,3838,TCGA-SR-A6MX-01A,TCGA-SR-A6MX-01A,1.0,0.0,0.0,0.0,0.0
3,91508540,-,6,60405468,-,PCPG,3839,TCGA-SR-A6MX-01A,TCGA-SR-A6MX-01A,1.0,0.0,0.0,0.0,0.0
4,47572680,+,19,6288367,-,PCPG,3840,TCGA-SR-A6MX-01A,TCGA-SR-A6MX-01A,1.0,0.0,0.0,0.0,0.0
4,51820315,-,5,40651837,-,PCPG,3841,TCGA-SR-A6MX-01A,TCGA-SR-A6MX-01A,1.0,0.0,0.0,0.0,0.0
4,52356569,+,10,99386015,-,PCPG,3842,TCGA-SR-A6MX-01A,TCGA-SR-A6MX-01A,1.0,0.0,0.0,0.0,0.0
4,101249631,+,7,142324923,+,PCPG,3843,TCGA-SR-A6MX-01A,TCGA-SR-A6MX-01A,1.0,0.0,0.0,0.0,0.0
5,41544944,+,9,136742170,-,PCPG,3844,TCGA-SR-A6MX-01A,TCGA-SR-A6MX-01A,1.0,0.0,0.0,0.0,0.0
6,121130551,+,16,77084529,+,PCPG,3845,TCGA-SR-A6MX-01A,TCGA-SR-A6MX-01A,1.0,0.0,0.0,0.0,0.0
6,134143856,-,16,76400261,+,PCPG,3846,TCGA-SR-A6MX-01A,TCGA-SR-A6MX-01A,1.0,0.0,0.0,0.0,0.0
6,134159040,+,16,77075929,-,PCPG,3847,TCGA-SR-A6MX-01A,TCGA-SR-A6MX-01A,1.0,0.0,0.0,0.0,0.0
7,101192035,+,8,94695727,+,PCPG,3848,TCGA-SR-A6MX-01A,TCGA-SR-A6MX-01A,1.0,0.0,0.0,0.0,0.0
8,52567394,-,8,53903315,+,PCPG,3849,TCGA-SR-A6MX-01A,TCGA-SR-A6MX-01A,1.0,0.0,0.0,0.0,0.0
9,25087268,-,9,25915335,+,PCPG,3850,TCGA-SR-A6MX-01A,TCGA-SR-A6MX-01A,1.0,0.0,0.0,0.0,0.0
9,137287915,+,22,39775773,+,PCPG,3851,TCGA-SR-A6MX-01A,TCGA-SR-A6MX-01A,1.0,0.0,0.0,0.0,0.0
23,3036681,+,23,63625853,+,PCPG,3852,TCGA-SR-A6MX-01A,TCGA-SR-A6MX-01A,1.0,0.0,0.0,0.0,0.0
1,49002743,-,1,49070983,+,PCPG,3853,TCGA-SR-A6MY-01A,TCGA-SR-A6MY-01A,1.0,0.0,0.0,0.0,0.0
1,120569727,+,3,170826610,+,PCPG,3854,TCGA-SR-A6MY-01A,TCGA-SR-A6MY-01A,1.0,0.0,0.0,0.0,0.0
1,122448605,-,1,122501036,+,PCPG,3855,TCGA-SR-A6MY-01A,TCGA-SR-A6MY-01A,1.0,0.0,0.0,0.0,0.0
1,123575686,-,1,123576795,+,PCPG,3856,TCGA-SR-A6MY-01A,TCGA-SR-A6MY-01A,1.0,0.0,0.0,0.0,0.0
1,176848538,-,1,176946136,+,PCPG,3857,TCGA-SR-A6MY-01A,TCGA-SR-A6MY-01A,1.0,0.0,0.0,0.0,0.0
1,229393729,+,5,113036777,-,PCPG,3858,TCGA-SR-A6MY-01A,TCGA-SR-A6MY-01A,1.0,0.0,0.0,0.0,0.0
11,3649331,-,11,5164490,-,PCPG,3859,TCGA-SR-A6MY-01A,TCGA-SR-A6MY-01A,1.0,0.0,0.0,0.0,0.0
11,36146774,-,13,71654407,-,PCPG,3860,TCGA-SR-A6MY-01A,TCGA-SR-A6MY-01A,1.0,0.0,0.0,0.0,0.0
11,111740512,-,11,111936322,+,PCPG,3861,TCGA-SR-A6MY-01A,TCGA-SR-A6MY-01A,1.0,0.0,0.0,0.0,0.0
13,16440000,-,13,17330935,+,PCPG,3862,TCGA-SR-A6MY-01A,TCGA-SR-A6MY-01A,1.0,0.0,0.0,0.0,0.0
13,18754841,-,18,14325879,-,PCPG,3863,TCGA-SR-A6MY-01A,TCGA-SR-A6MY-01A,1.0,0.0,0.0,0.0,0.0
13,113083801,-,13,113184604,+,PCPG,3864,TCGA-SR-A6MY-01A,TCGA-SR-A6MY-01A,1.0,0.0,0.0,0.0,0.0
18,46242124,-,22,49885241,-,PCPG,3865,TCGA-SR-A6MY-01A,TCGA-SR-A6MY-01A,1.0,0.0,0.0,0.0,0.0
18,46328849,+,22,40465178,+,PCPG,3866,TCGA-SR-A6MY-01A,TCGA-SR-A6MY-01A,1.0,0.0,0.0,0.0,0.0
2,54665000,-,2,54784252,+,PCPG,3867,TCGA-SR-A6MY-01A,TCGA-SR-A6MY-01A,1.0,0.0,0.0,0.0,0.0
20,26381803,+,20,28318108,-,PCPG,3868,TCGA-SR-A6MY-01A,TCGA-SR-A6MY-01A,1.0,0.0,0.0,0.0,0.0
4,92690623,-,4,180142910,+,PCPG,3869,TCGA-SR-A6MY-01A,TCGA-SR-A6MY-01A,1.0,0.0,0.0,0.0,0.0
4,92822813,+,4,179959713,-,PCPG,3870,TCGA-SR-A6MY-01A,TCGA-SR-A6MY-01A,1.0,0.0,0.0,0.0,0.0
4,104957106,-,4,135417045,+,PCPG,3871,TCGA-SR-A6MY-01A,TCGA-SR-A6MY-01A,1.0,0.0,0.0,0.0,0.0
4,108304227,+,14,46370210,+,PCPG,3872,TCGA-SR-A6MY-01A,TCGA-SR-A6MY-01A,1.0,0.0,0.0,0.0,0.0
4,143885729,+,4,144004143,-,PCPG,3873,TCGA-SR-A6MY-01A,TCGA-SR-A6MY-01A,1.0,0.0,0.0,0.0,0.0
7,14194205,-,7,14210101,+,PCPG,3874,TCGA-SR-A6MY-01A,TCGA-SR-A6MY-01A,1.0,0.0,0.0,0.0,0.0
1,7566293,-,1,7771419,+,PCPG,3875,TCGA-SR-A6MZ-01A,TCGA-SR-A6MZ-01A,1.0,0.0,0.0,0.0,0.0
1,60790576,-,8,23235254,-,PCPG,3876,TCGA-SR-A6MZ-01A,TCGA-SR-A6MZ-01A,1.0,0.0,0.0,0.0,0.0
1,65758461,+,8,107319201,-,PCPG,3877,TCGA-SR-A6MZ-01A,TCGA-SR-A6MZ-01A,1.0,0.0,0.0,0.0,0.0
11,3757256,+,11,3758047,-,PCPG,3878,TCGA-SR-A6MZ-01A,TCGA-SR-A6MZ-01A,1.0,0.0,0.0,0.0,0.0
11,51131417,-,11,53049329,+,PCPG,3879,TCGA-SR-A6MZ-01A,TCGA-SR-A6MZ-01A,1.0,0.0,0.0,0.0,0.0
11,52635711,-,11,53852240,+,PCPG,3880,TCGA-SR-A6MZ-01A,TCGA-SR-A6MZ-01A,1.0,0.0,0.0,0.0,0.0
12,54414628,+,23,96653074,+,PCPG,3881,TCGA-SR-A6MZ-01A,TCGA-SR-A6MZ-01A,1.0,0.0,0.0,0.0,0.0
13,16497046,-,13,17412836,+,PCPG,3882,TCGA-SR-A6MZ-01A,TCGA-SR-A6MZ-01A,1.0,0.0,0.0,0.0,0.0
14,95763622,-,22,35735204,-,PCPG,3883,TCGA-SR-A6MZ-01A,TCGA-SR-A6MZ-01A,1.0,0.0,0.0,0.0,0.0
19,14250539,-,19,14398564,+,PCPG,3884,TCGA-SR-A6MZ-01A,TCGA-SR-A6MZ-01A,1.0,0.0,0.0,0.0,0.0
19,54224410,+,19,54244393,-,PCPG,3885,TCGA-SR-A6MZ-01A,TCGA-SR-A6MZ-01A,1.0,0.0,0.0,0.0,0.0
2,47322846,+,3,129624463,-,PCPG,3886,TCGA-SR-A6MZ-01A,TCGA-SR-A6MZ-01A,1.0,0.0,0.0,0.0,0.0
3,91113680,-,3,91221082,+,PCPG,3887,TCGA-SR-A6MZ-01A,TCGA-SR-A6MZ-01A,1.0,0.0,0.0,0.0,0.0
3,113684575,+,3,115870468,-,PCPG,3888,TCGA-SR-A6MZ-01A,TCGA-SR-A6MZ-01A,1.0,0.0,0.0,0.0,0.0
3,115999713,+,8,23478460,+,PCPG,3889,TCGA-SR-A6MZ-01A,TCGA-SR-A6MZ-01A,1.0,0.0,0.0,0.0,0.0
5,45024874,-,5,45222848,+,PCPG,3890,TCGA-SR-A6MZ-01A,TCGA-SR-A6MZ-01A,1.0,0.0,0.0,0.0,0.0
5,49816876,-,5,49949379,+,PCPG,3891,TCGA-SR-A6MZ-01A,TCGA-SR-A6MZ-01A,1.0,0.0,0.0,0.0,0.0
5,89379908,+,5,89601775,-,PCPG,3892,TCGA-SR-A6MZ-01A,TCGA-SR-A6MZ-01A,1.0,0.0,0.0,0.0,0.0
8,133352696,+,8,133353428,-,PCPG,3893,TCGA-SR-A6MZ-01A,TCGA-SR-A6MZ-01A,1.0,0.0,0.0,0.0,0.0
23,153726013,-,23,154003226,+,PCPG,3894,TCGA-SR-A6MZ-01A,TCGA-SR-A6MZ-01A,1.0,0.0,0.0,0.0,0.0
1,148373973,+,1,148374626,-,PCPG,3895,TCGA-SR-A6N0-01A,TCGA-SR-A6N0-01A,1.0,0.0,0.0,0.0,0.0
1,213204087,-,1,217403964,+,PCPG,3896,TCGA-SR-A6N0-01A,TCGA-SR-A6N0-01A,1.0,0.0,0.0,0.0,0.0
1,216050477,+,22,27728900,+,PCPG,3897,TCGA-SR-A6N0-01A,TCGA-SR-A6N0-01A,1.0,0.0,0.0,0.0,0.0
1,217402097,+,1,217403854,-,PCPG,3898,TCGA-SR-A6N0-01A,TCGA-SR-A6N0-01A,1.0,0.0,0.0,0.0,0.0
1,229337732,-,10,102569196,+,PCPG,3899,TCGA-SR-A6N0-01A,TCGA-SR-A6N0-01A,1.0,0.0,0.0,0.0,0.0
11,72315418,-,11,72511822,+,PCPG,3900,TCGA-SR-A6N0-01A,TCGA-SR-A6N0-01A,1.0,0.0,0.0,0.0,0.0
14,68608918,+,14,68609643,-,PCPG,3901,TCGA-SR-A6N0-01A,TCGA-SR-A6N0-01A,1.0,0.0,0.0,0.0,0.0
18,113215,+,18,20958886,+,PCPG,3902,TCGA-SR-A6N0-01A,TCGA-SR-A6N0-01A,1.0,0.0,0.0,0.0,0.0
19,6330153,+,19,6331512,-,PCPG,3903,TCGA-SR-A6N0-01A,TCGA-SR-A6N0-01A,1.0,0.0,0.0,0.0,0.0
2,67465585,+,2,67466279,+,PCPG,3904,TCGA-SR-A6N0-01A,TCGA-SR-A6N0-01A,1.0,0.0,0.0,0.0,0.0
2,67465590,-,2,67466285,-,PCPG,3905,TCGA-SR-A6N0-01A,TCGA-SR-A6N0-01A,1.0,0.0,0.0,0.0,0.0
2,94648365,+,9,43061810,+,PCPG,3906,TCGA-SR-A6N0-01A,TCGA-SR-A6N0-01A,1.0,0.0,0.0,0.0,0.0
3,71223724,+,8,87398209,+,PCPG,3907,TCGA-SR-A6N0-01A,TCGA-SR-A6N0-01A,1.0,0.0,0.0,0.0,0.0
4,181576068,+,4,181868280,-,PCPG,3908,TCGA-SR-A6N0-01A,TCGA-SR-A6N0-01A,1.0,0.0,0.0,0.0,0.0
5,46405957,+,5,46409825,-,PCPG,3909,TCGA-SR-A6N0-01A,TCGA-SR-A6N0-01A,1.0,0.0,0.0,0.0,0.0
5,71127897,-,12,3639477,+,PCPG,3910,TCGA-SR-A6N0-01A,TCGA-SR-A6N0-01A,1.0,0.0,0.0,0.0,0.0
7,58188810,-,7,61963685,+,PCPG,3911,TCGA-SR-A6N0-01A,TCGA-SR-A6N0-01A,1.0,0.0,0.0,0.0,0.0
9,40543252,-,15,19814872,-,PCPG,3912,TCGA-SR-A6N0-01A,TCGA-SR-A6N0-01A,1.0,0.0,0.0,0.0,0.0
1,122112017,-,1,122210981,+,PCPG,3913,TCGA-TT-A6YJ-01A,TCGA-TT-A6YJ-01A,1.0,0.0,0.0,0.0,0.0
1,124877465,+,1,124898660,-,PCPG,3914,TCGA-TT-A6YJ-01A,TCGA-TT-A6YJ-01A,1.0,0.0,0.0,0.0,0.0
1,168592571,+,17,50569015,+,PCPG,3915,TCGA-TT-A6YJ-01A,TCGA-TT-A6YJ-01A,1.0,0.0,0.0,0.0,0.0
1,202666198,-,1,202733534,+,PCPG,3916,TCGA-TT-A6YJ-01A,TCGA-TT-A6YJ-01A,1.0,0.0,0.0,0.0,0.0
1,223148214,+,1,245018663,-,PCPG,3917,TCGA-TT-A6YJ-01A,TCGA-TT-A6YJ-01A,1.0,0.0,0.0,0.0,0.0
10,39582323,-,10,40616452,+,PCPG,3918,TCGA-TT-A6YJ-01A,TCGA-TT-A6YJ-01A,1.0,0.0,0.0,0.0,0.0
11,111768547,+,11,111769205,-,PCPG,3919,TCGA-TT-A6YJ-01A,TCGA-TT-A6YJ-01A,1.0,0.0,0.0,0.0,0.0
12,56719376,+,12,56720054,-,PCPG,3920,TCGA-TT-A6YJ-01A,TCGA-TT-A6YJ-01A,1.0,0.0,0.0,0.0,0.0
13,18408498,-,21,13037630,+,PCPG,3921,TCGA-TT-A6YJ-01A,TCGA-TT-A6YJ-01A,1.0,0.0,0.0,0.0,0.0
15,92777965,+,23,108775271,+,PCPG,3922,TCGA-TT-A6YJ-01A,TCGA-TT-A6YJ-01A,1.0,0.0,0.0,0.0,0.0
18,48761118,-,18,49004986,+,PCPG,3923,TCGA-TT-A6YJ-01A,TCGA-TT-A6YJ-01A,1.0,0.0,0.0,0.0,0.0
2,20907292,-,23,80384523,-,PCPG,3924,TCGA-TT-A6YJ-01A,TCGA-TT-A6YJ-01A,1.0,0.0,0.0,0.0,0.0
2,141422571,+,2,141451135,-,PCPG,3925,TCGA-TT-A6YJ-01A,TCGA-TT-A6YJ-01A,1.0,0.0,0.0,0.0,0.0
2,157442027,-,2,157540154,+,PCPG,3926,TCGA-TT-A6YJ-01A,TCGA-TT-A6YJ-01A,1.0,0.0,0.0,0.0,0.0
20,29559037,+,20,30325196,+,PCPG,3927,TCGA-TT-A6YJ-01A,TCGA-TT-A6YJ-01A,1.0,0.0,0.0,0.0,0.0
3,32945489,+,3,57744980,+,PCPG,3928,TCGA-TT-A6YJ-01A,TCGA-TT-A6YJ-01A,1.0,0.0,0.0,0.0,0.0
3,43552697,-,4,329550,-,PCPG,3929,TCGA-TT-A6YJ-01A,TCGA-TT-A6YJ-01A,1.0,0.0,0.0,0.0,0.0
3,110478806,-,3,110772924,+,PCPG,3930,TCGA-TT-A6YJ-01A,TCGA-TT-A6YJ-01A,1.0,0.0,0.0,0.0,0.0
4,2467415,-,20,3196405,+,PCPG,3931,TCGA-TT-A6YJ-01A,TCGA-TT-A6YJ-01A,1.0,0.0,0.0,0.0,0.0
4,108304268,+,14,46370244,+,PCPG,3932,TCGA-TT-A6YJ-01A,TCGA-TT-A6YJ-01A,1.0,0.0,0.0,0.0,0.0
5,47213579,+,5,47258562,-,PCPG,3933,TCGA-TT-A6YJ-01A,TCGA-TT-A6YJ-01A,1.0,0.0,0.0,0.0,0.0
5,134298295,+,5,142654156,-,PCPG,3934,TCGA-TT-A6YJ-01A,TCGA-TT-A6YJ-01A,1.0,0.0,0.0,0.0,0.0
5,155761916,-,5,156073012,+,PCPG,3935,TCGA-TT-A6YJ-01A,TCGA-TT-A6YJ-01A,1.0,0.0,0.0,0.0,0.0
6,38218015,-,6,38348317,+,PCPG,3936,TCGA-TT-A6YJ-01A,TCGA-TT-A6YJ-01A,1.0,0.0,0.0,0.0,0.0
6,151046471,-,9,43140866,+,PCPG,3937,TCGA-TT-A6YJ-01A,TCGA-TT-A6YJ-01A,1.0,0.0,0.0,0.0,0.0
7,5246953,+,7,5247786,-,PCPG,3938,TCGA-TT-A6YJ-01A,TCGA-TT-A6YJ-01A,1.0,0.0,0.0,0.0,0.0
8,8526030,-,16,19321744,-,PCPG,3939,TCGA-TT-A6YJ-01A,TCGA-TT-A6YJ-01A,1.0,0.0,0.0,0.0,0.0
8,132216092,+,17,45358144,-,PCPG,3940,TCGA-TT-A6YJ-01A,TCGA-TT-A6YJ-01A,1.0,0.0,0.0,0.0,0.0
9,77399477,+,12,94702840,-,PCPG,3941,TCGA-TT-A6YJ-01A,TCGA-TT-A6YJ-01A,1.0,0.0,0.0,0.0,0.0
1,4512918,-,14,93287305,+,PCPG,3942,TCGA-TT-A6YN-01A,TCGA-TT-A6YN-01A,1.0,0.0,0.0,0.0,0.0
1,4743414,+,2,121821779,+,PCPG,3943,TCGA-TT-A6YN-01A,TCGA-TT-A6YN-01A,1.0,0.0,0.0,0.0,0.0
1,98036772,-,1,98038078,-,PCPG,3944,TCGA-TT-A6YN-01A,TCGA-TT-A6YN-01A,1.0,0.0,0.0,0.0,0.0
1,98036998,+,1,98038489,+,PCPG,3945,TCGA-TT-A6YN-01A,TCGA-TT-A6YN-01A,1.0,0.0,0.0,0.0,0.0
1,98037173,+,1,98555664,+,PCPG,3946,TCGA-TT-A6YN-01A,TCGA-TT-A6YN-01A,1.0,0.0,0.0,0.0,0.0
1,98037788,-,1,98552672,-,PCPG,3947,TCGA-TT-A6YN-01A,TCGA-TT-A6YN-01A,1.0,0.0,0.0,0.0,0.0
1,98038225,-,1,98555441,+,PCPG,3948,TCGA-TT-A6YN-01A,TCGA-TT-A6YN-01A,1.0,0.0,0.0,0.0,0.0
1,98038283,+,1,98038491,+,PCPG,3949,TCGA-TT-A6YN-01A,TCGA-TT-A6YN-01A,1.0,0.0,0.0,0.0,0.0
1,98043768,-,3,130249305,+,PCPG,3950,TCGA-TT-A6YN-01A,TCGA-TT-A6YN-01A,1.0,0.0,0.0,0.0,0.0
1,98551686,+,1,98559085,-,PCPG,3951,TCGA-TT-A6YN-01A,TCGA-TT-A6YN-01A,1.0,0.0,0.0,0.0,0.0
1,145822484,-,3,43736863,-,PCPG,3952,TCGA-TT-A6YN-01A,TCGA-TT-A6YN-01A,1.0,0.0,0.0,0.0,0.0
1,145943495,+,16,24798764,+,PCPG,3953,TCGA-TT-A6YN-01A,TCGA-TT-A6YN-01A,1.0,0.0,0.0,0.0,0.0
1,168504522,-,16,24584176,-,PCPG,3954,TCGA-TT-A6YN-01A,TCGA-TT-A6YN-01A,1.0,0.0,0.0,0.0,0.0
1,168705256,+,14,93179291,-,PCPG,3955,TCGA-TT-A6YN-01A,TCGA-TT-A6YN-01A,1.0,0.0,0.0,0.0,0.0
1,241771997,+,10,26693080,-,PCPG,3956,TCGA-TT-A6YN-01A,TCGA-TT-A6YN-01A,1.0,0.0,0.0,0.0,0.0
10,41226867,+,10,41395620,-,PCPG,3957,TCGA-TT-A6YN-01A,TCGA-TT-A6YN-01A,1.0,0.0,0.0,0.0,0.0
10,74688522,+,10,133075912,+,PCPG,3958,TCGA-TT-A6YN-01A,TCGA-TT-A6YN-01A,1.0,0.0,0.0,0.0,0.0
11,54415477,-,11,54548924,+,PCPG,3959,TCGA-TT-A6YN-01A,TCGA-TT-A6YN-01A,1.0,0.0,0.0,0.0,0.0
12,65741578,-,12,108860266,+,PCPG,3960,TCGA-TT-A6YN-01A,TCGA-TT-A6YN-01A,1.0,0.0,0.0,0.0,0.0
12,115354376,-,12,115500831,+,PCPG,3961,TCGA-TT-A6YN-01A,TCGA-TT-A6YN-01A,1.0,0.0,0.0,0.0,0.0
14,68795305,+,23,117931836,-,PCPG,3962,TCGA-TT-A6YN-01A,TCGA-TT-A6YN-01A,1.0,0.0,0.0,0.0,0.0
14,89004221,+,14,93180208,-,PCPG,3963,TCGA-TT-A6YN-01A,TCGA-TT-A6YN-01A,1.0,0.0,0.0,0.0,0.0
15,31182531,-,15,31452252,+,PCPG,3964,TCGA-TT-A6YN-01A,TCGA-TT-A6YN-01A,1.0,0.0,0.0,0.0,0.0
17,22913267,-,17,23193233,+,PCPG,3965,TCGA-TT-A6YN-01A,TCGA-TT-A6YN-01A,1.0,0.0,0.0,0.0,0.0
2,55384867,+,23,40946978,+,PCPG,3966,TCGA-TT-A6YN-01A,TCGA-TT-A6YN-01A,1.0,0.0,0.0,0.0,0.0
2,92622178,-,2,92622921,+,PCPG,3967,TCGA-TT-A6YN-01A,TCGA-TT-A6YN-01A,1.0,0.0,0.0,0.0,0.0
2,92666694,-,2,92667651,+,PCPG,3968,TCGA-TT-A6YN-01A,TCGA-TT-A6YN-01A,1.0,0.0,0.0,0.0,0.0
2,92998227,+,2,93602481,-,PCPG,3969,TCGA-TT-A6YN-01A,TCGA-TT-A6YN-01A,1.0,0.0,0.0,0.0,0.0
2,121544739,-,2,231312361,+,PCPG,3970,TCGA-TT-A6YN-01A,TCGA-TT-A6YN-01A,1.0,0.0,0.0,0.0,0.0
2,188461654,-,5,138386571,+,PCPG,3971,TCGA-TT-A6YN-01A,TCGA-TT-A6YN-01A,1.0,0.0,0.0,0.0,0.0
2,188627721,+,2,231098693,-,PCPG,3972,TCGA-TT-A6YN-01A,TCGA-TT-A6YN-01A,1.0,0.0,0.0,0.0,0.0
3,43870493,+,8,86558839,-,PCPG,3973,TCGA-TT-A6YN-01A,TCGA-TT-A6YN-01A,1.0,0.0,0.0,0.0,0.0
3,91027539,-,3,91059960,+,PCPG,3974,TCGA-TT-A6YN-01A,TCGA-TT-A6YN-01A,1.0,0.0,0.0,0.0,0.0
3,97132534,+,3,129747186,-,PCPG,3975,TCGA-TT-A6YN-01A,TCGA-TT-A6YN-01A,1.0,0.0,0.0,0.0,0.0
4,50234771,+,4,51210299,-,PCPG,3976,TCGA-TT-A6YN-01A,TCGA-TT-A6YN-01A,1.0,0.0,0.0,0.0,0.0
4,50920755,-,4,50921448,+,PCPG,3977,TCGA-TT-A6YN-01A,TCGA-TT-A6YN-01A,1.0,0.0,0.0,0.0,0.0
4,139854612,-,10,132903219,-,PCPG,3978,TCGA-TT-A6YN-01A,TCGA-TT-A6YN-01A,1.0,0.0,0.0,0.0,0.0
4,140077187,+,10,74526446,-,PCPG,3979,TCGA-TT-A6YN-01A,TCGA-TT-A6YN-01A,1.0,0.0,0.0,0.0,0.0
5,138240967,-,14,88874334,-,PCPG,3980,TCGA-TT-A6YN-01A,TCGA-TT-A6YN-01A,1.0,0.0,0.0,0.0,0.0
6,43755183,-,6,44033031,+,PCPG,3981,TCGA-TT-A6YN-01A,TCGA-TT-A6YN-01A,1.0,0.0,0.0,0.0,0.0
7,44171742,-,7,44238352,+,PCPG,3982,TCGA-TT-A6YN-01A,TCGA-TT-A6YN-01A,1.0,0.0,0.0,0.0,0.0
7,85460361,-,13,86078171,+,PCPG,3983,TCGA-TT-A6YN-01A,TCGA-TT-A6YN-01A,1.0,0.0,0.0,0.0,0.0
8,86559221,+,14,93180058,+,PCPG,3984,TCGA-TT-A6YN-01A,TCGA-TT-A6YN-01A,1.0,0.0,0.0,0.0,0.0
8,87428312,-,18,43735284,+,PCPG,3985,TCGA-TT-A6YN-01A,TCGA-TT-A6YN-01A,1.0,0.0,0.0,0.0,0.0
9,129308699,-,9,129389581,+,PCPG,3986,TCGA-TT-A6YN-01A,TCGA-TT-A6YN-01A,1.0,0.0,0.0,0.0,0.0
23,18810091,-,23,18983671,+,PCPG,3987,TCGA-TT-A6YN-01A,TCGA-TT-A6YN-01A,1.0,0.0,0.0,0.0,0.0
23,59597385,+,23,62504567,+,PCPG,3988,TCGA-TT-A6YN-01A,TCGA-TT-A6YN-01A,1.0,0.0,0.0,0.0,0.0
1,77433628,+,8,133313042,+,PCPG,3989,TCGA-TT-A6YP-01A,TCGA-TT-A6YP-01A,1.0,0.0,0.0,0.0,0.0
1,153017242,-,23,133529178,+,PCPG,3990,TCGA-TT-A6YP-01A,TCGA-TT-A6YP-01A,1.0,0.0,0.0,0.0,0.0
1,247248998,+,8,20575877,-,PCPG,3991,TCGA-TT-A6YP-01A,TCGA-TT-A6YP-01A,1.0,0.0,0.0,0.0,0.0
10,38008163,+,10,108040046,+,PCPG,3992,TCGA-TT-A6YP-01A,TCGA-TT-A6YP-01A,1.0,0.0,0.0,0.0,0.0
11,54369293,+,11,54405974,-,PCPG,3993,TCGA-TT-A6YP-01A,TCGA-TT-A6YP-01A,1.0,0.0,0.0,0.0,0.0
12,33467455,-,12,33497706,+,PCPG,3994,TCGA-TT-A6YP-01A,TCGA-TT-A6YP-01A,1.0,0.0,0.0,0.0,0.0
12,33467630,+,12,33497786,-,PCPG,3995,TCGA-TT-A6YP-01A,TCGA-TT-A6YP-01A,1.0,0.0,0.0,0.0,0.0
12,114592841,-,12,114592943,+,PCPG,3996,TCGA-TT-A6YP-01A,TCGA-TT-A6YP-01A,1.0,0.0,0.0,0.0,0.0
16,34729517,+,16,34731872,-,PCPG,3997,TCGA-TT-A6YP-01A,TCGA-TT-A6YP-01A,1.0,0.0,0.0,0.0,0.0
18,15355978,+,22,16107051,+,PCPG,3998,TCGA-TT-A6YP-01A,TCGA-TT-A6YP-01A,1.0,0.0,0.0,0.0,0.0
18,15848245,+,18,18041009,-,PCPG,3999,TCGA-TT-A6YP-01A,TCGA-TT-A6YP-01A,1.0,0.0,0.0,0.0,0.0
2,89774527,+,10,38592754,+,PCPG,4000,TCGA-TT-A6YP-01A,TCGA-TT-A6YP-01A,1.0,0.0,0.0,0.0,0.0
20,28841359,+,20,29130247,-,PCPG,4001,TCGA-TT-A6YP-01A,TCGA-TT-A6YP-01A,1.0,0.0,0.0,0.0,0.0
20,29593549,+,20,30262976,+,PCPG,4002,TCGA-TT-A6YP-01A,TCGA-TT-A6YP-01A,1.0,0.0,0.0,0.0,0.0
3,90782068,-,3,91122771,+,PCPG,4003,TCGA-TT-A6YP-01A,TCGA-TT-A6YP-01A,1.0,0.0,0.0,0.0,0.0
3,132725298,-,18,3111109,+,PCPG,4004,TCGA-TT-A6YP-01A,TCGA-TT-A6YP-01A,1.0,0.0,0.0,0.0,0.0
4,41868815,-,11,101386127,+,PCPG,4005,TCGA-TT-A6YP-01A,TCGA-TT-A6YP-01A,1.0,0.0,0.0,0.0,0.0
6,29792424,-,6,29884920,+,PCPG,4006,TCGA-TT-A6YP-01A,TCGA-TT-A6YP-01A,1.0,0.0,0.0,0.0,0.0
6,58270525,-,6,61171867,-,PCPG,4007,TCGA-TT-A6YP-01A,TCGA-TT-A6YP-01A,1.0,0.0,0.0,0.0,0.0
7,61822346,+,7,62234883,-,PCPG,4008,TCGA-TT-A6YP-01A,TCGA-TT-A6YP-01A,1.0,0.0,0.0,0.0,0.0
8,9153925,-,19,47009626,-,PCPG,4009,TCGA-TT-A6YP-01A,TCGA-TT-A6YP-01A,1.0,0.0,0.0,0.0,0.0
8,23015976,-,16,64489135,-,PCPG,4010,TCGA-TT-A6YP-01A,TCGA-TT-A6YP-01A,1.0,0.0,0.0,0.0,0.0
9,43405819,+,9,44539995,-,PCPG,4011,TCGA-TT-A6YP-01A,TCGA-TT-A6YP-01A,1.0,0.0,0.0,0.0,0.0
9,44475153,-,9,44652061,+,PCPG,4012,TCGA-TT-A6YP-01A,TCGA-TT-A6YP-01A,1.0,0.0,0.0,0.0,0.0
1,169055276,-,10,3468764,+,PCPG,4013,TCGA-W2-A7H5-01B,TCGA-W2-A7H5-01B,1.0,0.0,0.0,0.0,0.0
11,54359793,-,11,54384875,+,PCPG,4014,TCGA-W2-A7H5-01B,TCGA-W2-A7H5-01B,1.0,0.0,0.0,0.0,0.0
17,25916124,-,17,25921420,+,PCPG,4015,TCGA-W2-A7H5-01B,TCGA-W2-A7H5-01B,1.0,0.0,0.0,0.0,0.0
18,20803318,+,18,20914608,-,PCPG,4016,TCGA-W2-A7H5-01B,TCGA-W2-A7H5-01B,1.0,0.0,0.0,0.0,0.0
2,62664171,+,23,50880546,+,PCPG,4017,TCGA-W2-A7H5-01B,TCGA-W2-A7H5-01B,1.0,0.0,0.0,0.0,0.0
2,140180100,-,18,63756805,-,PCPG,4018,TCGA-W2-A7H5-01B,TCGA-W2-A7H5-01B,1.0,0.0,0.0,0.0,0.0
2,156362902,+,15,40106552,+,PCPG,4019,TCGA-W2-A7H5-01B,TCGA-W2-A7H5-01B,1.0,0.0,0.0,0.0,0.0
20,26476950,-,20,26578865,+,PCPG,4020,TCGA-W2-A7H5-01B,TCGA-W2-A7H5-01B,1.0,0.0,0.0,0.0,0.0
21,35348911,-,23,9791761,-,PCPG,4021,TCGA-W2-A7H5-01B,TCGA-W2-A7H5-01B,1.0,0.0,0.0,0.0,0.0
3,90914780,-,3,91141762,+,PCPG,4022,TCGA-W2-A7H5-01B,TCGA-W2-A7H5-01B,1.0,0.0,0.0,0.0,0.0
3,91123066,-,3,91150350,+,PCPG,4023,TCGA-W2-A7H5-01B,TCGA-W2-A7H5-01B,1.0,0.0,0.0,0.0,0.0
4,7859396,+,4,7860104,-,PCPG,4024,TCGA-W2-A7H5-01B,TCGA-W2-A7H5-01B,1.0,0.0,0.0,0.0,0.0
4,9622953,-,20,55497686,-,PCPG,4025,TCGA-W2-A7H5-01B,TCGA-W2-A7H5-01B,1.0,0.0,0.0,0.0,0.0
5,49700574,-,5,49706701,+,PCPG,4026,TCGA-W2-A7H5-01B,TCGA-W2-A7H5-01B,1.0,0.0,0.0,0.0,0.0
6,165843367,-,6,165897025,+,PCPG,4027,TCGA-W2-A7H5-01B,TCGA-W2-A7H5-01B,1.0,0.0,0.0,0.0,0.0
9,43342494,-,9,43347465,+,PCPG,4028,TCGA-W2-A7H5-01B,TCGA-W2-A7H5-01B,1.0,0.0,0.0,0.0,0.0
23,8914519,-,23,13250864,+,PCPG,4029,TCGA-W2-A7H5-01B,TCGA-W2-A7H5-01B,1.0,0.0,0.0,0.0,0.0
23,92101861,-,23,98525923,+,PCPG,4030,TCGA-W2-A7H5-01B,TCGA-W2-A7H5-01B,1.0,0.0,0.0,0.0,0.0
23,123799224,+,23,123814999,+,PCPG,4031,TCGA-W2-A7H5-01B,TCGA-W2-A7H5-01B,1.0,0.0,0.0,0.0,0.0
1,15502905,-,7,148936282,+,PCPG,4032,TCGA-W2-A7HA-01B,TCGA-W2-A7HA-01B,1.0,0.0,0.0,0.0,0.0
1,122989710,-,1,122992086,+,PCPG,4033,TCGA-W2-A7HA-01B,TCGA-W2-A7HA-01B,1.0,0.0,0.0,0.0,0.0
1,123893021,-,1,123894360,+,PCPG,4034,TCGA-W2-A7HA-01B,TCGA-W2-A7HA-01B,1.0,0.0,0.0,0.0,0.0
1,124137184,-,1,124138223,+,PCPG,4035,TCGA-W2-A7HA-01B,TCGA-W2-A7HA-01B,1.0,0.0,0.0,0.0,0.0
1,124286324,-,1,124288277,+,PCPG,4036,TCGA-W2-A7HA-01B,TCGA-W2-A7HA-01B,1.0,0.0,0.0,0.0,0.0
1,124440968,-,1,124443674,+,PCPG,4037,TCGA-W2-A7HA-01B,TCGA-W2-A7HA-01B,1.0,0.0,0.0,0.0,0.0
1,216050569,-,6,89898223,+,PCPG,4038,TCGA-W2-A7HA-01B,TCGA-W2-A7HA-01B,1.0,0.0,0.0,0.0,0.0
10,41201114,-,10,41202495,+,PCPG,4039,TCGA-W2-A7HA-01B,TCGA-W2-A7HA-01B,1.0,0.0,0.0,0.0,0.0
10,41273895,-,10,41275117,+,PCPG,4040,TCGA-W2-A7HA-01B,TCGA-W2-A7HA-01B,1.0,0.0,0.0,0.0,0.0
12,55832184,+,12,55832816,-,PCPG,4041,TCGA-W2-A7HA-01B,TCGA-W2-A7HA-01B,1.0,0.0,0.0,0.0,0.0
13,17275647,-,13,17278560,+,PCPG,4042,TCGA-W2-A7HA-01B,TCGA-W2-A7HA-01B,1.0,0.0,0.0,0.0,0.0
13,32972164,-,13,33163476,+,PCPG,4043,TCGA-W2-A7HA-01B,TCGA-W2-A7HA-01B,1.0,0.0,0.0,0.0,0.0
13,84899425,-,19,29895839,+,PCPG,4044,TCGA-W2-A7HA-01B,TCGA-W2-A7HA-01B,1.0,0.0,0.0,0.0,0.0
15,17507018,+,15,17948786,-,PCPG,4045,TCGA-W2-A7HA-01B,TCGA-W2-A7HA-01B,1.0,0.0,0.0,0.0,0.0
16,38118478,-,16,38120794,+,PCPG,4046,TCGA-W2-A7HA-01B,TCGA-W2-A7HA-01B,1.0,0.0,0.0,0.0,0.0
17,23100068,+,17,23172643,-,PCPG,4047,TCGA-W2-A7HA-01B,TCGA-W2-A7HA-01B,1.0,0.0,0.0,0.0,0.0
17,26563408,-,17,26567498,+,PCPG,4048,TCGA-W2-A7HA-01B,TCGA-W2-A7HA-01B,1.0,0.0,0.0,0.0,0.0
17,42197810,+,17,42198367,-,PCPG,4049,TCGA-W2-A7HA-01B,TCGA-W2-A7HA-01B,1.0,0.0,0.0,0.0,0.0
19,52097651,+,19,52098309,-,PCPG,4050,TCGA-W2-A7HA-01B,TCGA-W2-A7HA-01B,1.0,0.0,0.0,0.0,0.0
2,142152729,+,2,162753262,+,PCPG,4051,TCGA-W2-A7HA-01B,TCGA-W2-A7HA-01B,1.0,0.0,0.0,0.0,0.0
2,222866746,-,12,42286815,-,PCPG,4052,TCGA-W2-A7HA-01B,TCGA-W2-A7HA-01B,1.0,0.0,0.0,0.0,0.0
20,28414400,-,20,28416457,+,PCPG,4053,TCGA-W2-A7HA-01B,TCGA-W2-A7HA-01B,1.0,0.0,0.0,0.0,0.0
3,91113687,-,3,91221067,+,PCPG,4054,TCGA-W2-A7HA-01B,TCGA-W2-A7HA-01B,1.0,0.0,0.0,0.0,0.0
3,157972123,-,5,18435608,+,PCPG,4055,TCGA-W2-A7HA-01B,TCGA-W2-A7HA-01B,1.0,0.0,0.0,0.0,0.0
7,5056008,-,8,1264395,-,PCPG,4056,TCGA-W2-A7HA-01B,TCGA-W2-A7HA-01B,1.0,0.0,0.0,0.0,0.0
7,5149572,+,8,13090345,+,PCPG,4057,TCGA-W2-A7HA-01B,TCGA-W2-A7HA-01B,1.0,0.0,0.0,0.0,0.0
7,137922582,-,11,13283893,-,PCPG,4058,TCGA-W2-A7HA-01B,TCGA-W2-A7HA-01B,1.0,0.0,0.0,0.0,0.0
7,150959756,-,7,151049711,+,PCPG,4059,TCGA-W2-A7HA-01B,TCGA-W2-A7HA-01B,1.0,0.0,0.0,0.0,0.0
8,1544158,+,8,12931256,-,PCPG,4060,TCGA-W2-A7HA-01B,TCGA-W2-A7HA-01B,1.0,0.0,0.0,0.0,0.0
9,19478269,-,9,19516202,+,PCPG,4061,TCGA-W2-A7HA-01B,TCGA-W2-A7HA-01B,1.0,0.0,0.0,0.0,0.0
23,65948183,+,23,148743468,-,PCPG,4062,TCGA-W2-A7HA-01B,TCGA-W2-A7HA-01B,1.0,0.0,0.0,0.0,0.0
11,54374447,+,11,54409026,-,PCPG,4063,TCGA-W2-A7HE-01A,TCGA-W2-A7HE-01A,1.0,0.0,0.0,0.0,0.0
11,96263332,+,11,96264027,-,PCPG,4064,TCGA-W2-A7HE-01A,TCGA-W2-A7HE-01A,1.0,0.0,0.0,0.0,0.0
13,19377949,-,13,24450785,-,PCPG,4065,TCGA-W2-A7HE-01A,TCGA-W2-A7HE-01A,1.0,0.0,0.0,0.0,0.0
14,50106775,+,14,50107349,-,PCPG,4066,TCGA-W2-A7HE-01A,TCGA-W2-A7HE-01A,1.0,0.0,0.0,0.0,0.0
17,22824110,+,17,23084557,-,PCPG,4067,TCGA-W2-A7HE-01A,TCGA-W2-A7HE-01A,1.0,0.0,0.0,0.0,0.0
17,22929910,-,17,23176252,+,PCPG,4068,TCGA-W2-A7HE-01A,TCGA-W2-A7HE-01A,1.0,0.0,0.0,0.0,0.0
17,23021205,+,17,23161415,-,PCPG,4069,TCGA-W2-A7HE-01A,TCGA-W2-A7HE-01A,1.0,0.0,0.0,0.0,0.0
17,29533005,-,23,12963408,-,PCPG,4070,TCGA-W2-A7HE-01A,TCGA-W2-A7HE-01A,1.0,0.0,0.0,0.0,0.0
18,10634427,+,18,12194946,+,PCPG,4071,TCGA-W2-A7HE-01A,TCGA-W2-A7HE-01A,1.0,0.0,0.0,0.0,0.0
18,15967972,+,18,17538885,-,PCPG,4072,TCGA-W2-A7HE-01A,TCGA-W2-A7HE-01A,1.0,0.0,0.0,0.0,0.0
2,93510784,-,2,93511584,+,PCPG,4073,TCGA-W2-A7HE-01A,TCGA-W2-A7HE-01A,1.0,0.0,0.0,0.0,0.0
2,147777598,+,7,88110776,+,PCPG,4074,TCGA-W2-A7HE-01A,TCGA-W2-A7HE-01A,1.0,0.0,0.0,0.0,0.0
3,37877681,-,23,13417551,-,PCPG,4075,TCGA-W2-A7HE-01A,TCGA-W2-A7HE-01A,1.0,0.0,0.0,0.0,0.0
3,91113732,-,3,91221057,+,PCPG,4076,TCGA-W2-A7HE-01A,TCGA-W2-A7HE-01A,1.0,0.0,0.0,0.0,0.0
4,1875667,+,4,1876423,-,PCPG,4077,TCGA-W2-A7HE-01A,TCGA-W2-A7HE-01A,1.0,0.0,0.0,0.0,0.0
4,173687086,+,4,173689012,-,PCPG,4078,TCGA-W2-A7HE-01A,TCGA-W2-A7HE-01A,1.0,0.0,0.0,0.0,0.0
8,45081630,-,8,45777512,+,PCPG,4079,TCGA-W2-A7HE-01A,TCGA-W2-A7HE-01A,1.0,0.0,0.0,0.0,0.0
1,9807957,-,22,31852512,+,PCPG,4080,TCGA-W2-A7HF-01A,TCGA-W2-A7HF-01A,1.0,0.0,0.0,0.0,0.0
1,11443982,+,1,14754172,-,PCPG,4081,TCGA-W2-A7HF-01A,TCGA-W2-A7HF-01A,1.0,0.0,0.0,0.0,0.0
1,11567142,-,1,14986202,-,PCPG,4082,TCGA-W2-A7HF-01A,TCGA-W2-A7HF-01A,1.0,0.0,0.0,0.0,0.0
1,14533110,+,1,14542912,+,PCPG,4083,TCGA-W2-A7HF-01A,TCGA-W2-A7HF-01A,1.0,0.0,0.0,0.0,0.0
1,14535503,-,1,14905058,+,PCPG,4084,TCGA-W2-A7HF-01A,TCGA-W2-A7HF-01A,1.0,0.0,0.0,0.0,0.0
1,14999945,+,1,120779300,-,PCPG,4085,TCGA-W2-A7HF-01A,TCGA-W2-A7HF-01A,1.0,0.0,0.0,0.0,0.0
1,14999947,+,1,120014557,+,PCPG,4086,TCGA-W2-A7HF-01A,TCGA-W2-A7HF-01A,1.0,0.0,0.0,0.0,0.0
1,77433238,-,8,133313544,-,PCPG,4087,TCGA-W2-A7HF-01A,TCGA-W2-A7HF-01A,1.0,0.0,0.0,0.0,0.0
1,122267175,+,1,122390684,-,PCPG,4088,TCGA-W2-A7HF-01A,TCGA-W2-A7HF-01A,1.0,0.0,0.0,0.0,0.0
1,123657346,-,1,123658673,+,PCPG,4089,TCGA-W2-A7HF-01A,TCGA-W2-A7HF-01A,1.0,0.0,0.0,0.0,0.0
11,54368841,-,11,54396672,+,PCPG,4090,TCGA-W2-A7HF-01A,TCGA-W2-A7HF-01A,1.0,0.0,0.0,0.0,0.0
12,97083248,-,12,97084778,+,PCPG,4091,TCGA-W2-A7HF-01A,TCGA-W2-A7HF-01A,1.0,0.0,0.0,0.0,0.0
12,131070027,-,12,131561114,-,PCPG,4092,TCGA-W2-A7HF-01A,TCGA-W2-A7HF-01A,1.0,0.0,0.0,0.0,0.0
13,18748828,+,13,18768259,-,PCPG,4093,TCGA-W2-A7HF-01A,TCGA-W2-A7HF-01A,1.0,0.0,0.0,0.0,0.0
13,18753155,+,13,18772492,-,PCPG,4094,TCGA-W2-A7HF-01A,TCGA-W2-A7HF-01A,1.0,0.0,0.0,0.0,0.0
15,24279950,-,15,24446251,+,PCPG,4095,TCGA-W2-A7HF-01A,TCGA-W2-A7HF-01A,1.0,0.0,0.0,0.0,0.0
15,24280281,+,15,24446218,-,PCPG,4096,TCGA-W2-A7HF-01A,TCGA-W2-A7HF-01A,1.0,0.0,0.0,0.0,0.0
15,24340746,-,15,24548471,+,PCPG,4097,TCGA-W2-A7HF-01A,TCGA-W2-A7HF-01A,1.0,0.0,0.0,0.0,0.0
15,41606831,-,17,39686443,+,PCPG,4098,TCGA-W2-A7HF-01A,TCGA-W2-A7HF-01A,1.0,0.0,0.0,0.0,0.0
15,44819793,+,15,45080680,+,PCPG,4099,TCGA-W2-A7HF-01A,TCGA-W2-A7HF-01A,1.0,0.0,0.0,0.0,0.0
15,44845593,-,15,45044996,-,PCPG,4100,TCGA-W2-A7HF-01A,TCGA-W2-A7HF-01A,1.0,0.0,0.0,0.0,0.0
17,42058766,-,17,42119587,+,PCPG,4101,TCGA-W2-A7HF-01A,TCGA-W2-A7HF-01A,1.0,0.0,0.0,0.0,0.0
18,113222,+,18,20958881,+,PCPG,4102,TCGA-W2-A7HF-01A,TCGA-W2-A7HF-01A,1.0,0.0,0.0,0.0,0.0
18,15526682,-,18,15684975,+,PCPG,4103,TCGA-W2-A7HF-01A,TCGA-W2-A7HF-01A,1.0,0.0,0.0,0.0,0.0
2,16680938,-,2,16839137,+,PCPG,4104,TCGA-W2-A7HF-01A,TCGA-W2-A7HF-01A,1.0,0.0,0.0,0.0,0.0
2,102646790,+,6,68453989,+,PCPG,4105,TCGA-W2-A7HF-01A,TCGA-W2-A7HF-01A,1.0,0.0,0.0,0.0,0.0
2,208788415,+,7,157542446,+,PCPG,4106,TCGA-W2-A7HF-01A,TCGA-W2-A7HF-01A,1.0,0.0,0.0,0.0,0.0
20,6162088,-,22,35389270,+,PCPG,4107,TCGA-W2-A7HF-01A,TCGA-W2-A7HF-01A,1.0,0.0,0.0,0.0,0.0
20,29223324,-,20,29270735,+,PCPG,4108,TCGA-W2-A7HF-01A,TCGA-W2-A7HF-01A,1.0,0.0,0.0,0.0,0.0
22,39077832,-,22,39137388,+,PCPG,4109,TCGA-W2-A7HF-01A,TCGA-W2-A7HF-01A,1.0,0.0,0.0,0.0,0.0
3,10048600,-,3,11870883,+,PCPG,4110,TCGA-W2-A7HF-01A,TCGA-W2-A7HF-01A,1.0,0.0,0.0,0.0,0.0
3,76555935,+,3,138814837,-,PCPG,4111,TCGA-W2-A7HF-01A,TCGA-W2-A7HF-01A,1.0,0.0,0.0,0.0,0.0
3,90784676,-,3,91189899,+,PCPG,4112,TCGA-W2-A7HF-01A,TCGA-W2-A7HF-01A,1.0,0.0,0.0,0.0,0.0
3,188142394,+,14,89079199,+,PCPG,4113,TCGA-W2-A7HF-01A,TCGA-W2-A7HF-01A,1.0,0.0,0.0,0.0,0.0
4,107668776,-,8,32407323,-,PCPG,4114,TCGA-W2-A7HF-01A,TCGA-W2-A7HF-01A,1.0,0.0,0.0,0.0,0.0
4,161992969,-,5,69377677,+,PCPG,4115,TCGA-W2-A7HF-01A,TCGA-W2-A7HF-01A,1.0,0.0,0.0,0.0,0.0
4,166752542,-,6,29919346,+,PCPG,4116,TCGA-W2-A7HF-01A,TCGA-W2-A7HF-01A,1.0,0.0,0.0,0.0,0.0
5,90196022,-,5,90332288,+,PCPG,4117,TCGA-W2-A7HF-01A,TCGA-W2-A7HF-01A,1.0,0.0,0.0,0.0,0.0
5,154688548,-,7,117636904,-,PCPG,4118,TCGA-W2-A7HF-01A,TCGA-W2-A7HF-01A,1.0,0.0,0.0,0.0,0.0
6,73840140,-,24,16913827,-,PCPG,4119,TCGA-W2-A7HF-01A,TCGA-W2-A7HF-01A,1.0,0.0,0.0,0.0,0.0
7,25943793,-,10,13205053,+,PCPG,4120,TCGA-W2-A7HF-01A,TCGA-W2-A7HF-01A,1.0,0.0,0.0,0.0,0.0
8,124287619,+,20,13214539,+,PCPG,4121,TCGA-W2-A7HF-01A,TCGA-W2-A7HF-01A,1.0,0.0,0.0,0.0,0.0
9,65438256,+,9,134285719,+,PCPG,4122,TCGA-W2-A7HF-01A,TCGA-W2-A7HF-01A,1.0,0.0,0.0,0.0,0.0
1,122798624,-,1,122799673,+,PCPG,4123,TCGA-W2-A7HH-01A,TCGA-W2-A7HH-01A,1.0,0.0,0.0,0.0,0.0
1,122881338,-,1,122882358,+,PCPG,4124,TCGA-W2-A7HH-01A,TCGA-W2-A7HH-01A,1.0,0.0,0.0,0.0,0.0
1,124296455,-,1,124298763,+,PCPG,4125,TCGA-W2-A7HH-01A,TCGA-W2-A7HH-01A,1.0,0.0,0.0,0.0,0.0
13,17579562,-,13,17581717,+,PCPG,4126,TCGA-W2-A7HH-01A,TCGA-W2-A7HH-01A,1.0,0.0,0.0,0.0,0.0
13,34541447,-,19,38123595,-,PCPG,4127,TCGA-W2-A7HH-01A,TCGA-W2-A7HH-01A,1.0,0.0,0.0,0.0,0.0
14,105620067,+,14,105736041,-,PCPG,4128,TCGA-W2-A7HH-01A,TCGA-W2-A7HH-01A,1.0,0.0,0.0,0.0,0.0
17,23066475,-,17,23069079,+,PCPG,4129,TCGA-W2-A7HH-01A,TCGA-W2-A7HH-01A,1.0,0.0,0.0,0.0,0.0
2,5110452,+,2,5112955,-,PCPG,4130,TCGA-W2-A7HH-01A,TCGA-W2-A7HH-01A,1.0,0.0,0.0,0.0,0.0
2,93108192,-,2,93897375,+,PCPG,4131,TCGA-W2-A7HH-01A,TCGA-W2-A7HH-01A,1.0,0.0,0.0,0.0,0.0
3,90806049,-,3,90807979,+,PCPG,4132,TCGA-W2-A7HH-01A,TCGA-W2-A7HH-01A,1.0,0.0,0.0,0.0,0.0
5,25885437,+,12,75567682,+,PCPG,4133,TCGA-W2-A7HH-01A,TCGA-W2-A7HH-01A,1.0,0.0,0.0,0.0,0.0
7,22933566,-,7,26183790,+,PCPG,4134,TCGA-W2-A7HH-01A,TCGA-W2-A7HH-01A,1.0,0.0,0.0,0.0,0.0
7,61960623,-,7,61962071,+,PCPG,4135,TCGA-W2-A7HH-01A,TCGA-W2-A7HH-01A,1.0,0.0,0.0,0.0,0.0
8,8526661,+,16,19321852,+,PCPG,4136,TCGA-W2-A7HH-01A,TCGA-W2-A7HH-01A,1.0,0.0,0.0,0.0,0.0
8,44903483,+,8,45861231,-,PCPG,4137,TCGA-W2-A7HH-01A,TCGA-W2-A7HH-01A,1.0,0.0,0.0,0.0,0.0
1,123823492,-,1,123826211,+,PCPG,4138,TCGA-W2-A7UY-01A,TCGA-W2-A7UY-01A,1.0,0.0,0.0,0.0,0.0
1,153876916,+,6,33520323,+,PCPG,4139,TCGA-W2-A7UY-01A,TCGA-W2-A7UY-01A,1.0,0.0,0.0,0.0,0.0
1,161546631,-,1,161628334,+,PCPG,4140,TCGA-W2-A7UY-01A,TCGA-W2-A7UY-01A,1.0,0.0,0.0,0.0,0.0
12,124642238,+,12,124642791,-,PCPG,4141,TCGA-W2-A7UY-01A,TCGA-W2-A7UY-01A,1.0,0.0,0.0,0.0,0.0
13,16844644,-,13,17396498,+,PCPG,4142,TCGA-W2-A7UY-01A,TCGA-W2-A7UY-01A,1.0,0.0,0.0,0.0,0.0
13,17213006,-,13,17217253,+,PCPG,4143,TCGA-W2-A7UY-01A,TCGA-W2-A7UY-01A,1.0,0.0,0.0,0.0,0.0
13,18627831,+,18,14431958,+,PCPG,4144,TCGA-W2-A7UY-01A,TCGA-W2-A7UY-01A,1.0,0.0,0.0,0.0,0.0
13,93510959,-,16,51479531,+,PCPG,4145,TCGA-W2-A7UY-01A,TCGA-W2-A7UY-01A,1.0,0.0,0.0,0.0,0.0
17,50194807,+,17,50195583,-,PCPG,4146,TCGA-W2-A7UY-01A,TCGA-W2-A7UY-01A,1.0,0.0,0.0,0.0,0.0
2,40566961,-,8,43008413,-,PCPG,4147,TCGA-W2-A7UY-01A,TCGA-W2-A7UY-01A,1.0,0.0,0.0,0.0,0.0
2,203353581,+,2,203354132,-,PCPG,4148,TCGA-W2-A7UY-01A,TCGA-W2-A7UY-01A,1.0,0.0,0.0,0.0,0.0
20,29888653,+,24,10233574,-,PCPG,4149,TCGA-W2-A7UY-01A,TCGA-W2-A7UY-01A,1.0,0.0,0.0,0.0,0.0
21,29810882,-,21,30009473,+,PCPG,4150,TCGA-W2-A7UY-01A,TCGA-W2-A7UY-01A,1.0,0.0,0.0,0.0,0.0
3,58078,-,3,75280307,+,PCPG,4151,TCGA-W2-A7UY-01A,TCGA-W2-A7UY-01A,1.0,0.0,0.0,0.0,0.0
3,91299616,-,6,60627473,-,PCPG,4152,TCGA-W2-A7UY-01A,TCGA-W2-A7UY-01A,1.0,0.0,0.0,0.0,0.0
3,91772947,+,3,92996968,-,PCPG,4153,TCGA-W2-A7UY-01A,TCGA-W2-A7UY-01A,1.0,0.0,0.0,0.0,0.0
3,176381801,-,9,91685811,-,PCPG,4154,TCGA-W2-A7UY-01A,TCGA-W2-A7UY-01A,1.0,0.0,0.0,0.0,0.0
5,44002061,-,5,45938265,-,PCPG,4155,TCGA-W2-A7UY-01A,TCGA-W2-A7UY-01A,1.0,0.0,0.0,0.0,0.0
5,45935187,-,22,22353248,+,PCPG,4156,TCGA-W2-A7UY-01A,TCGA-W2-A7UY-01A,1.0,0.0,0.0,0.0,0.0
5,45935188,-,22,22375977,+,PCPG,4157,TCGA-W2-A7UY-01A,TCGA-W2-A7UY-01A,1.0,0.0,0.0,0.0,0.0
5,45938165,+,22,22350831,-,PCPG,4158,TCGA-W2-A7UY-01A,TCGA-W2-A7UY-01A,1.0,0.0,0.0,0.0,0.0
5,69477198,-,5,69624858,+,PCPG,4159,TCGA-W2-A7UY-01A,TCGA-W2-A7UY-01A,1.0,0.0,0.0,0.0,0.0
6,106720966,-,6,106723715,-,PCPG,4160,TCGA-W2-A7UY-01A,TCGA-W2-A7UY-01A,1.0,0.0,0.0,0.0,0.0
7,25566750,-,8,143525997,+,PCPG,4161,TCGA-W2-A7UY-01A,TCGA-W2-A7UY-01A,1.0,0.0,0.0,0.0,0.0
7,25804226,+,9,90477713,-,PCPG,4162,TCGA-W2-A7UY-01A,TCGA-W2-A7UY-01A,1.0,0.0,0.0,0.0,0.0
7,61756064,-,7,62175163,+,PCPG,4163,TCGA-W2-A7UY-01A,TCGA-W2-A7UY-01A,1.0,0.0,0.0,0.0,0.0
8,6297191,+,8,6300285,+,PCPG,4164,TCGA-W2-A7UY-01A,TCGA-W2-A7UY-01A,1.0,0.0,0.0,0.0,0.0
8,143384999,-,9,90730288,+,PCPG,4165,TCGA-W2-A7UY-01A,TCGA-W2-A7UY-01A,1.0,0.0,0.0,0.0,0.0
9,44367372,+,9,44653228,-,PCPG,4166,TCGA-W2-A7UY-01A,TCGA-W2-A7UY-01A,1.0,0.0,0.0,0.0,0.0
9,84832558,+,9,84833232,-,PCPG,4167,TCGA-W2-A7UY-01A,TCGA-W2-A7UY-01A,1.0,0.0,0.0,0.0,0.0
23,78855706,-,23,78865581,+,PCPG,4168,TCGA-W2-A7UY-01A,TCGA-W2-A7UY-01A,1.0,0.0,0.0,0.0,0.0
1,36793780,-,3,184674782,+,PCPG,4169,TCGA-WB-A80K-01A,TCGA-WB-A80K-01A,1.0,0.0,0.0,0.0,0.0
1,66892949,+,7,98527063,+,PCPG,4170,TCGA-WB-A80K-01A,TCGA-WB-A80K-01A,1.0,0.0,0.0,0.0,0.0
1,95893416,+,16,57471366,+,PCPG,4171,TCGA-WB-A80K-01A,TCGA-WB-A80K-01A,1.0,0.0,0.0,0.0,0.0
1,95893416,+,6,293845,+,PCPG,4172,TCGA-WB-A80K-01A,TCGA-WB-A80K-01A,1.0,0.0,0.0,0.0,0.0
1,124114789,-,1,124116147,+,PCPG,4173,TCGA-WB-A80K-01A,TCGA-WB-A80K-01A,1.0,0.0,0.0,0.0,0.0
1,234995518,-,6,70526733,-,PCPG,4174,TCGA-WB-A80K-01A,TCGA-WB-A80K-01A,1.0,0.0,0.0,0.0,0.0
10,78936553,-,10,79079234,+,PCPG,4175,TCGA-WB-A80K-01A,TCGA-WB-A80K-01A,1.0,0.0,0.0,0.0,0.0
12,37375102,-,12,37379851,+,PCPG,4176,TCGA-WB-A80K-01A,TCGA-WB-A80K-01A,1.0,0.0,0.0,0.0,0.0
13,42279264,-,13,42420568,+,PCPG,4177,TCGA-WB-A80K-01A,TCGA-WB-A80K-01A,1.0,0.0,0.0,0.0,0.0
15,21065059,+,16,23882024,+,PCPG,4178,TCGA-WB-A80K-01A,TCGA-WB-A80K-01A,1.0,0.0,0.0,0.0,0.0
15,52431100,+,15,52431834,-,PCPG,4179,TCGA-WB-A80K-01A,TCGA-WB-A80K-01A,1.0,0.0,0.0,0.0,0.0
16,360988,+,16,984684,+,PCPG,4180,TCGA-WB-A80K-01A,TCGA-WB-A80K-01A,1.0,0.0,0.0,0.0,0.0
16,367662,-,22,11949449,-,PCPG,4181,TCGA-WB-A80K-01A,TCGA-WB-A80K-01A,1.0,0.0,0.0,0.0,0.0
16,986129,-,16,2282153,-,PCPG,4182,TCGA-WB-A80K-01A,TCGA-WB-A80K-01A,1.0,0.0,0.0,0.0,0.0
16,988636,+,16,998090,+,PCPG,4183,TCGA-WB-A80K-01A,TCGA-WB-A80K-01A,1.0,0.0,0.0,0.0,0.0
16,2265719,+,16,4646095,-,PCPG,4184,TCGA-WB-A80K-01A,TCGA-WB-A80K-01A,1.0,0.0,0.0,0.0,0.0
16,4921922,-,22,11470440,-,PCPG,4185,TCGA-WB-A80K-01A,TCGA-WB-A80K-01A,1.0,0.0,0.0,0.0,0.0
17,75467246,+,17,75467803,-,PCPG,4186,TCGA-WB-A80K-01A,TCGA-WB-A80K-01A,1.0,0.0,0.0,0.0,0.0
2,3498865,-,3,53932150,+,PCPG,4187,TCGA-WB-A80K-01A,TCGA-WB-A80K-01A,1.0,0.0,0.0,0.0,0.0
2,3686123,+,3,53795070,-,PCPG,4188,TCGA-WB-A80K-01A,TCGA-WB-A80K-01A,1.0,0.0,0.0,0.0,0.0
2,162314495,+,17,41450102,+,PCPG,4189,TCGA-WB-A80K-01A,TCGA-WB-A80K-01A,1.0,0.0,0.0,0.0,0.0
20,26464864,-,20,26516212,+,PCPG,4190,TCGA-WB-A80K-01A,TCGA-WB-A80K-01A,1.0,0.0,0.0,0.0,0.0
3,64994899,-,10,69413527,-,PCPG,4191,TCGA-WB-A80K-01A,TCGA-WB-A80K-01A,1.0,0.0,0.0,0.0,0.0
3,64995250,-,4,140143107,+,PCPG,4192,TCGA-WB-A80K-01A,TCGA-WB-A80K-01A,1.0,0.0,0.0,0.0,0.0
3,64995757,+,10,69457784,+,PCPG,4193,TCGA-WB-A80K-01A,TCGA-WB-A80K-01A,1.0,0.0,0.0,0.0,0.0
4,1647098,+,4,1647948,-,PCPG,4194,TCGA-WB-A80K-01A,TCGA-WB-A80K-01A,1.0,0.0,0.0,0.0,0.0
4,41569557,-,4,41740407,+,PCPG,4195,TCGA-WB-A80K-01A,TCGA-WB-A80K-01A,1.0,0.0,0.0,0.0,0.0
4,140025870,-,17,44358777,+,PCPG,4196,TCGA-WB-A80K-01A,TCGA-WB-A80K-01A,1.0,0.0,0.0,0.0,0.0
5,46589820,+,5,46769458,-,PCPG,4197,TCGA-WB-A80K-01A,TCGA-WB-A80K-01A,1.0,0.0,0.0,0.0,0.0
5,47213545,+,5,47258589,-,PCPG,4198,TCGA-WB-A80K-01A,TCGA-WB-A80K-01A,1.0,0.0,0.0,0.0,0.0
5,49669381,+,5,49707052,-,PCPG,4199,TCGA-WB-A80K-01A,TCGA-WB-A80K-01A,1.0,0.0,0.0,0.0,0.0
6,258745,-,6,259059,-,PCPG,4200,TCGA-WB-A80K-01A,TCGA-WB-A80K-01A,1.0,0.0,0.0,0.0,0.0
6,167940303,+,6,167941766,-,PCPG,4201,TCGA-WB-A80K-01A,TCGA-WB-A80K-01A,1.0,0.0,0.0,0.0,0.0
9,87920446,+,9,88132710,+,PCPG,4202,TCGA-WB-A80K-01A,TCGA-WB-A80K-01A,1.0,0.0,0.0,0.0,0.0
1,2800037,+,1,2800586,-,PCPG,4203,TCGA-WB-A80L-01A,TCGA-WB-A80L-01A,1.0,0.0,0.0,0.0,0.0
10,4963148,-,10,5004387,-,PCPG,4204,TCGA-WB-A80L-01A,TCGA-WB-A80L-01A,1.0,0.0,0.0,0.0,0.0
10,42109568,-,22,16302850,-,PCPG,4205,TCGA-WB-A80L-01A,TCGA-WB-A80L-01A,1.0,0.0,0.0,0.0,0.0
13,17552628,+,13,17767251,-,PCPG,4206,TCGA-WB-A80L-01A,TCGA-WB-A80L-01A,1.0,0.0,0.0,0.0,0.0
13,55735627,+,13,55736456,-,PCPG,4207,TCGA-WB-A80L-01A,TCGA-WB-A80L-01A,1.0,0.0,0.0,0.0,0.0
16,2599486,-,16,2677786,+,PCPG,4208,TCGA-WB-A80L-01A,TCGA-WB-A80L-01A,1.0,0.0,0.0,0.0,0.0
17,26564782,+,17,26609044,-,PCPG,4209,TCGA-WB-A80L-01A,TCGA-WB-A80L-01A,1.0,0.0,0.0,0.0,0.0
18,15573627,-,18,15679479,+,PCPG,4210,TCGA-WB-A80L-01A,TCGA-WB-A80L-01A,1.0,0.0,0.0,0.0,0.0
19,20070107,-,19,23621564,+,PCPG,4211,TCGA-WB-A80L-01A,TCGA-WB-A80L-01A,1.0,0.0,0.0,0.0,0.0
2,93108151,-,2,93204523,+,PCPG,4212,TCGA-WB-A80L-01A,TCGA-WB-A80L-01A,1.0,0.0,0.0,0.0,0.0
2,93494923,+,2,93599755,-,PCPG,4213,TCGA-WB-A80L-01A,TCGA-WB-A80L-01A,1.0,0.0,0.0,0.0,0.0
5,123583746,+,15,34346713,+,PCPG,4214,TCGA-WB-A80L-01A,TCGA-WB-A80L-01A,1.0,0.0,0.0,0.0,0.0
6,132654601,-,6,132752601,+,PCPG,4215,TCGA-WB-A80L-01A,TCGA-WB-A80L-01A,1.0,0.0,0.0,0.0,0.0
7,118574628,-,9,115095691,+,PCPG,4216,TCGA-WB-A80L-01A,TCGA-WB-A80L-01A,1.0,0.0,0.0,0.0,0.0
7,152231783,+,13,18339212,+,PCPG,4217,TCGA-WB-A80L-01A,TCGA-WB-A80L-01A,1.0,0.0,0.0,0.0,0.0
9,44603412,+,9,44780815,-,PCPG,4218,TCGA-WB-A80L-01A,TCGA-WB-A80L-01A,1.0,0.0,0.0,0.0,0.0
1,16860289,-,1,234776441,-,PCPG,4219,TCGA-WB-A80M-01A,TCGA-WB-A80M-01A,1.0,0.0,0.0,0.0,0.0
1,180380996,-,1,180798668,+,PCPG,4220,TCGA-WB-A80M-01A,TCGA-WB-A80M-01A,1.0,0.0,0.0,0.0,0.0
10,59244673,-,19,5104979,+,PCPG,4221,TCGA-WB-A80M-01A,TCGA-WB-A80M-01A,1.0,0.0,0.0,0.0,0.0
10,59534983,+,19,4854098,-,PCPG,4222,TCGA-WB-A80M-01A,TCGA-WB-A80M-01A,1.0,0.0,0.0,0.0,0.0
11,50147543,+,11,50331407,+,PCPG,4223,TCGA-WB-A80M-01A,TCGA-WB-A80M-01A,1.0,0.0,0.0,0.0,0.0
11,54926396,+,23,58406975,+,PCPG,4224,TCGA-WB-A80M-01A,TCGA-WB-A80M-01A,1.0,0.0,0.0,0.0,0.0
12,81160568,-,12,124895783,+,PCPG,4225,TCGA-WB-A80M-01A,TCGA-WB-A80M-01A,1.0,0.0,0.0,0.0,0.0
12,81374505,+,12,124655164,-,PCPG,4226,TCGA-WB-A80M-01A,TCGA-WB-A80M-01A,1.0,0.0,0.0,0.0,0.0
13,16497056,-,13,17328394,+,PCPG,4227,TCGA-WB-A80M-01A,TCGA-WB-A80M-01A,1.0,0.0,0.0,0.0,0.0
13,18760613,+,13,18780283,-,PCPG,4228,TCGA-WB-A80M-01A,TCGA-WB-A80M-01A,1.0,0.0,0.0,0.0,0.0
14,19859762,+,14,19861251,-,PCPG,4229,TCGA-WB-A80M-01A,TCGA-WB-A80M-01A,1.0,0.0,0.0,0.0,0.0
14,71608145,-,22,46080006,+,PCPG,4230,TCGA-WB-A80M-01A,TCGA-WB-A80M-01A,1.0,0.0,0.0,0.0,0.0
14,71896135,+,22,45924290,-,PCPG,4231,TCGA-WB-A80M-01A,TCGA-WB-A80M-01A,1.0,0.0,0.0,0.0,0.0
16,51288636,-,22,27728914,+,PCPG,4232,TCGA-WB-A80M-01A,TCGA-WB-A80M-01A,1.0,0.0,0.0,0.0,0.0
18,15656334,-,18,15702670,+,PCPG,4233,TCGA-WB-A80M-01A,TCGA-WB-A80M-01A,1.0,0.0,0.0,0.0,0.0
18,20588648,+,18,20779723,+,PCPG,4234,TCGA-WB-A80M-01A,TCGA-WB-A80M-01A,1.0,0.0,0.0,0.0,0.0
20,48911118,+,20,48911626,-,PCPG,4235,TCGA-WB-A80M-01A,TCGA-WB-A80M-01A,1.0,0.0,0.0,0.0,0.0
3,5674367,-,3,5674467,+,PCPG,4236,TCGA-WB-A80M-01A,TCGA-WB-A80M-01A,1.0,0.0,0.0,0.0,0.0
3,90864771,+,3,91172925,-,PCPG,4237,TCGA-WB-A80M-01A,TCGA-WB-A80M-01A,1.0,0.0,0.0,0.0,0.0
3,138113152,+,7,148410077,-,PCPG,4238,TCGA-WB-A80M-01A,TCGA-WB-A80M-01A,1.0,0.0,0.0,0.0,0.0
5,47058336,+,5,47128574,-,PCPG,4239,TCGA-WB-A80M-01A,TCGA-WB-A80M-01A,1.0,0.0,0.0,0.0,0.0
5,148348350,-,14,100298744,+,PCPG,4240,TCGA-WB-A80M-01A,TCGA-WB-A80M-01A,1.0,0.0,0.0,0.0,0.0
6,57522196,-,6,60415384,+,PCPG,4241,TCGA-WB-A80M-01A,TCGA-WB-A80M-01A,1.0,0.0,0.0,0.0,0.0
6,148419435,-,11,72195717,-,PCPG,4242,TCGA-WB-A80M-01A,TCGA-WB-A80M-01A,1.0,0.0,0.0,0.0,0.0
6,148660786,+,11,72453939,+,PCPG,4243,TCGA-WB-A80M-01A,TCGA-WB-A80M-01A,1.0,0.0,0.0,0.0,0.0
7,55628810,-,23,45345199,-,PCPG,4244,TCGA-WB-A80M-01A,TCGA-WB-A80M-01A,1.0,0.0,0.0,0.0,0.0
8,102793907,+,10,62494230,-,PCPG,4245,TCGA-WB-A80M-01A,TCGA-WB-A80M-01A,1.0,0.0,0.0,0.0,0.0
8,104212505,-,10,72230436,-,PCPG,4246,TCGA-WB-A80M-01A,TCGA-WB-A80M-01A,1.0,0.0,0.0,0.0,0.0
8,104482153,+,10,72426667,+,PCPG,4247,TCGA-WB-A80M-01A,TCGA-WB-A80M-01A,1.0,0.0,0.0,0.0,0.0
9,84128481,-,9,84471562,+,PCPG,4248,TCGA-WB-A80M-01A,TCGA-WB-A80M-01A,1.0,0.0,0.0,0.0,0.0
1,7542839,-,5,179676226,-,PCPG,4249,TCGA-WB-A80N-01A,TCGA-WB-A80N-01A,1.0,0.0,0.0,0.0,0.0
10,39409971,+,23,58444961,+,PCPG,4250,TCGA-WB-A80N-01A,TCGA-WB-A80N-01A,1.0,0.0,0.0,0.0,0.0
11,96108892,-,11,96153798,+,PCPG,4251,TCGA-WB-A80N-01A,TCGA-WB-A80N-01A,1.0,0.0,0.0,0.0,0.0
16,66697288,-,16,66834104,+,PCPG,4252,TCGA-WB-A80N-01A,TCGA-WB-A80N-01A,1.0,0.0,0.0,0.0,0.0
17,22929910,-,17,23176250,+,PCPG,4253,TCGA-WB-A80N-01A,TCGA-WB-A80N-01A,1.0,0.0,0.0,0.0,0.0
17,73625905,-,17,73778287,+,PCPG,4254,TCGA-WB-A80N-01A,TCGA-WB-A80N-01A,1.0,0.0,0.0,0.0,0.0
18,15636207,-,18,15701291,+,PCPG,4255,TCGA-WB-A80N-01A,TCGA-WB-A80N-01A,1.0,0.0,0.0,0.0,0.0
2,54674947,-,2,54762416,+,PCPG,4256,TCGA-WB-A80N-01A,TCGA-WB-A80N-01A,1.0,0.0,0.0,0.0,0.0
2,86152004,-,2,86315499,+,PCPG,4257,TCGA-WB-A80N-01A,TCGA-WB-A80N-01A,1.0,0.0,0.0,0.0,0.0
2,211415874,+,2,211417587,-,PCPG,4258,TCGA-WB-A80N-01A,TCGA-WB-A80N-01A,1.0,0.0,0.0,0.0,0.0
2,242065717,-,2,242094605,+,PCPG,4259,TCGA-WB-A80N-01A,TCGA-WB-A80N-01A,1.0,0.0,0.0,0.0,0.0
3,146083572,-,14,45873754,-,PCPG,4260,TCGA-WB-A80N-01A,TCGA-WB-A80N-01A,1.0,0.0,0.0,0.0,0.0
4,49931684,-,4,50803086,+,PCPG,4261,TCGA-WB-A80N-01A,TCGA-WB-A80N-01A,1.0,0.0,0.0,0.0,0.0
5,18645415,-,5,18648307,-,PCPG,4262,TCGA-WB-A80N-01A,TCGA-WB-A80N-01A,1.0,0.0,0.0,0.0,0.0
6,31270702,-,6,31356083,+,PCPG,4263,TCGA-WB-A80N-01A,TCGA-WB-A80N-01A,1.0,0.0,0.0,0.0,0.0
6,52438985,-,6,52657871,+,PCPG,4264,TCGA-WB-A80N-01A,TCGA-WB-A80N-01A,1.0,0.0,0.0,0.0,0.0
6,154339883,+,6,154340506,-,PCPG,4265,TCGA-WB-A80N-01A,TCGA-WB-A80N-01A,1.0,0.0,0.0,0.0,0.0
9,90287800,-,9,90475499,+,PCPG,4266,TCGA-WB-A80N-01A,TCGA-WB-A80N-01A,1.0,0.0,0.0,0.0,0.0
9,105538708,-,9,105634858,+,PCPG,4267,TCGA-WB-A80N-01A,TCGA-WB-A80N-01A,1.0,0.0,0.0,0.0,0.0
1,51846919,+,12,79711896,+,PCPG,4268,TCGA-WB-A80O-01A,TCGA-WB-A80O-01A,1.0,0.0,0.0,0.0,0.0
1,122173000,-,1,122191501,+,PCPG,4269,TCGA-WB-A80O-01A,TCGA-WB-A80O-01A,1.0,0.0,0.0,0.0,0.0
1,227179636,-,12,113307151,+,PCPG,4270,TCGA-WB-A80O-01A,TCGA-WB-A80O-01A,1.0,0.0,0.0,0.0,0.0
11,46303404,+,11,46304211,-,PCPG,4271,TCGA-WB-A80O-01A,TCGA-WB-A80O-01A,1.0,0.0,0.0,0.0,0.0
12,34811535,-,12,34820027,+,PCPG,4272,TCGA-WB-A80O-01A,TCGA-WB-A80O-01A,1.0,0.0,0.0,0.0,0.0
12,131684859,+,12,131685443,-,PCPG,4273,TCGA-WB-A80O-01A,TCGA-WB-A80O-01A,1.0,0.0,0.0,0.0,0.0
13,17210134,-,13,17211733,+,PCPG,4274,TCGA-WB-A80O-01A,TCGA-WB-A80O-01A,1.0,0.0,0.0,0.0,0.0
13,17552633,+,13,17767224,-,PCPG,4275,TCGA-WB-A80O-01A,TCGA-WB-A80O-01A,1.0,0.0,0.0,0.0,0.0
13,18011521,-,13,18012438,+,PCPG,4276,TCGA-WB-A80O-01A,TCGA-WB-A80O-01A,1.0,0.0,0.0,0.0,0.0
15,17506663,+,15,18047068,-,PCPG,4277,TCGA-WB-A80O-01A,TCGA-WB-A80O-01A,1.0,0.0,0.0,0.0,0.0
17,22929936,-,17,23176242,+,PCPG,4278,TCGA-WB-A80O-01A,TCGA-WB-A80O-01A,1.0,0.0,0.0,0.0,0.0
2,79514278,+,5,108930573,+,PCPG,4279,TCGA-WB-A80O-01A,TCGA-WB-A80O-01A,1.0,0.0,0.0,0.0,0.0
2,207949025,-,2,207960882,+,PCPG,4280,TCGA-WB-A80O-01A,TCGA-WB-A80O-01A,1.0,0.0,0.0,0.0,0.0
20,29266589,-,24,10227153,-,PCPG,4281,TCGA-WB-A80O-01A,TCGA-WB-A80O-01A,1.0,0.0,0.0,0.0,0.0
22,38189555,+,22,38190341,-,PCPG,4282,TCGA-WB-A80O-01A,TCGA-WB-A80O-01A,1.0,0.0,0.0,0.0,0.0
3,133846639,-,3,133854749,+,PCPG,4283,TCGA-WB-A80O-01A,TCGA-WB-A80O-01A,1.0,0.0,0.0,0.0,0.0
3,188760436,+,15,76510865,-,PCPG,4284,TCGA-WB-A80O-01A,TCGA-WB-A80O-01A,1.0,0.0,0.0,0.0,0.0
4,143885644,+,4,144004108,-,PCPG,4285,TCGA-WB-A80O-01A,TCGA-WB-A80O-01A,1.0,0.0,0.0,0.0,0.0
5,103675000,+,10,18775673,-,PCPG,4286,TCGA-WB-A80O-01A,TCGA-WB-A80O-01A,1.0,0.0,0.0,0.0,0.0
23,43989027,+,23,43993892,+,PCPG,4287,TCGA-WB-A80O-01A,TCGA-WB-A80O-01A,1.0,0.0,0.0,0.0,0.0
1,123850560,-,1,123851541,+,PCPG,4288,TCGA-WB-A80P-01A,TCGA-WB-A80P-01A,1.0,0.0,0.0,0.0,0.0
11,83186515,+,11,83187307,-,PCPG,4289,TCGA-WB-A80P-01A,TCGA-WB-A80P-01A,1.0,0.0,0.0,0.0,0.0
18,15636205,-,18,15701262,+,PCPG,4290,TCGA-WB-A80P-01A,TCGA-WB-A80P-01A,1.0,0.0,0.0,0.0,0.0
19,56137447,+,19,56138088,-,PCPG,4291,TCGA-WB-A80P-01A,TCGA-WB-A80P-01A,1.0,0.0,0.0,0.0,0.0
3,91542280,+,3,92006800,+,PCPG,4292,TCGA-WB-A80P-01A,TCGA-WB-A80P-01A,1.0,0.0,0.0,0.0,0.0
4,80868948,+,4,111049705,+,PCPG,4293,TCGA-WB-A80P-01A,TCGA-WB-A80P-01A,1.0,0.0,0.0,0.0,0.0
4,177899100,+,14,103288056,-,PCPG,4294,TCGA-WB-A80P-01A,TCGA-WB-A80P-01A,1.0,0.0,0.0,0.0,0.0
4,186582810,+,4,189189275,+,PCPG,4295,TCGA-WB-A80P-01A,TCGA-WB-A80P-01A,1.0,0.0,0.0,0.0,0.0
6,57979166,+,6,60730895,-,PCPG,4296,TCGA-WB-A80P-01A,TCGA-WB-A80P-01A,1.0,0.0,0.0,0.0,0.0
7,134385681,+,10,28454572,+,PCPG,4297,TCGA-WB-A80P-01A,TCGA-WB-A80P-01A,1.0,0.0,0.0,0.0,0.0
8,45080698,-,8,45427502,+,PCPG,4298,TCGA-WB-A80P-01A,TCGA-WB-A80P-01A,1.0,0.0,0.0,0.0,0.0
8,47853961,+,8,47854615,-,PCPG,4299,TCGA-WB-A80P-01A,TCGA-WB-A80P-01A,1.0,0.0,0.0,0.0,0.0
10,959356,+,10,959937,-,PCPG,4300,TCGA-WB-A80Q-01A,TCGA-WB-A80Q-01A,1.0,0.0,0.0,0.0,0.0
11,13283906,-,17,81970252,-,PCPG,4301,TCGA-WB-A80Q-01A,TCGA-WB-A80Q-01A,1.0,0.0,0.0,0.0,0.0
11,54346624,+,11,54420987,-,PCPG,4302,TCGA-WB-A80Q-01A,TCGA-WB-A80Q-01A,1.0,0.0,0.0,0.0,0.0
11,64078036,-,11,64098084,+,PCPG,4303,TCGA-WB-A80Q-01A,TCGA-WB-A80Q-01A,1.0,0.0,0.0,0.0,0.0
2,95424305,-,2,113294793,-,PCPG,4304,TCGA-WB-A80Q-01A,TCGA-WB-A80Q-01A,1.0,0.0,0.0,0.0,0.0
3,90879238,-,3,90881178,+,PCPG,4305,TCGA-WB-A80Q-01A,TCGA-WB-A80Q-01A,1.0,0.0,0.0,0.0,0.0
4,139874223,-,17,44335388,+,PCPG,4306,TCGA-WB-A80Q-01A,TCGA-WB-A80Q-01A,1.0,0.0,0.0,0.0,0.0
4,140108931,+,17,44207824,-,PCPG,4307,TCGA-WB-A80Q-01A,TCGA-WB-A80Q-01A,1.0,0.0,0.0,0.0,0.0
8,93497478,+,8,93538029,-,PCPG,4308,TCGA-WB-A80Q-01A,TCGA-WB-A80Q-01A,1.0,0.0,0.0,0.0,0.0
23,115721185,+,23,115838889,-,PCPG,4309,TCGA-WB-A80Q-01A,TCGA-WB-A80Q-01A,1.0,0.0,0.0,0.0,0.0
1,123766492,-,1,124341026,+,PCPG,4310,TCGA-WB-A80V-01A,TCGA-WB-A80V-01A,1.0,0.0,0.0,0.0,0.0
1,143622919,+,8,26556328,-,PCPG,4311,TCGA-WB-A80V-01A,TCGA-WB-A80V-01A,1.0,0.0,0.0,0.0,0.0
11,52525175,-,11,53569999,+,PCPG,4312,TCGA-WB-A80V-01A,TCGA-WB-A80V-01A,1.0,0.0,0.0,0.0,0.0
12,36204841,-,12,36705416,+,PCPG,4313,TCGA-WB-A80V-01A,TCGA-WB-A80V-01A,1.0,0.0,0.0,0.0,0.0
12,36404961,-,12,37062791,+,PCPG,4314,TCGA-WB-A80V-01A,TCGA-WB-A80V-01A,1.0,0.0,0.0,0.0,0.0
18,15679726,+,18,15752491,-,PCPG,4315,TCGA-WB-A80V-01A,TCGA-WB-A80V-01A,1.0,0.0,0.0,0.0,0.0
2,21192481,-,5,11250513,+,PCPG,4316,TCGA-WB-A80V-01A,TCGA-WB-A80V-01A,1.0,0.0,0.0,0.0,0.0
4,39930987,-,8,104319680,-,PCPG,4317,TCGA-WB-A80V-01A,TCGA-WB-A80V-01A,1.0,0.0,0.0,0.0,0.0
5,49858102,+,5,49888743,-,PCPG,4318,TCGA-WB-A80V-01A,TCGA-WB-A80V-01A,1.0,0.0,0.0,0.0,0.0
5,133971062,-,15,40989116,+,PCPG,4319,TCGA-WB-A80V-01A,TCGA-WB-A80V-01A,1.0,0.0,0.0,0.0,0.0
7,61416712,+,7,61422047,-,PCPG,4320,TCGA-WB-A80V-01A,TCGA-WB-A80V-01A,1.0,0.0,0.0,0.0,0.0
23,111446087,-,23,111527994,+,PCPG,4321,TCGA-WB-A80V-01A,TCGA-WB-A80V-01A,1.0,0.0,0.0,0.0,0.0
1,54417036,-,18,55395205,+,PCPG,4322,TCGA-WB-A80Y-01A,TCGA-WB-A80Y-01A,1.0,0.0,0.0,0.0,0.0
1,54604676,+,5,40322901,-,PCPG,4323,TCGA-WB-A80Y-01A,TCGA-WB-A80Y-01A,1.0,0.0,0.0,0.0,0.0
1,94694616,-,1,94910471,+,PCPG,4324,TCGA-WB-A80Y-01A,TCGA-WB-A80Y-01A,1.0,0.0,0.0,0.0,0.0
1,101496913,-,8,133312996,+,PCPG,4325,TCGA-WB-A80Y-01A,TCGA-WB-A80Y-01A,1.0,0.0,0.0,0.0,0.0
1,101991041,+,16,12013509,-,PCPG,4326,TCGA-WB-A80Y-01A,TCGA-WB-A80Y-01A,1.0,0.0,0.0,0.0,0.0
10,7962013,-,10,104628816,-,PCPG,4327,TCGA-WB-A80Y-01A,TCGA-WB-A80Y-01A,1.0,0.0,0.0,0.0,0.0
10,8176189,+,10,70697237,-,PCPG,4328,TCGA-WB-A80Y-01A,TCGA-WB-A80Y-01A,1.0,0.0,0.0,0.0,0.0
10,70921372,+,16,69211938,+,PCPG,4329,TCGA-WB-A80Y-01A,TCGA-WB-A80Y-01A,1.0,0.0,0.0,0.0,0.0
10,76804812,+,10,89827318,+,PCPG,4330,TCGA-WB-A80Y-01A,TCGA-WB-A80Y-01A,1.0,0.0,0.0,0.0,0.0
11,40161077,-,11,40244700,+,PCPG,4331,TCGA-WB-A80Y-01A,TCGA-WB-A80Y-01A,1.0,0.0,0.0,0.0,0.0
12,36868594,+,12,37247554,+,PCPG,4332,TCGA-WB-A80Y-01A,TCGA-WB-A80Y-01A,1.0,0.0,0.0,0.0,0.0
13,17467568,+,13,17616113,-,PCPG,4333,TCGA-WB-A80Y-01A,TCGA-WB-A80Y-01A,1.0,0.0,0.0,0.0,0.0
13,18753116,+,13,18772493,-,PCPG,4334,TCGA-WB-A80Y-01A,TCGA-WB-A80Y-01A,1.0,0.0,0.0,0.0,0.0
15,17494861,+,15,18351277,-,PCPG,4335,TCGA-WB-A80Y-01A,TCGA-WB-A80Y-01A,1.0,0.0,0.0,0.0,0.0
15,74071290,+,15,77915575,-,PCPG,4336,TCGA-WB-A80Y-01A,TCGA-WB-A80Y-01A,1.0,0.0,0.0,0.0,0.0
15,77953596,+,15,78742034,+,PCPG,4337,TCGA-WB-A80Y-01A,TCGA-WB-A80Y-01A,1.0,0.0,0.0,0.0,0.0
19,30784752,+,19,37064834,-,PCPG,4338,TCGA-WB-A80Y-01A,TCGA-WB-A80Y-01A,1.0,0.0,0.0,0.0,0.0
2,121492138,-,2,121738818,+,PCPG,4339,TCGA-WB-A80Y-01A,TCGA-WB-A80Y-01A,1.0,0.0,0.0,0.0,0.0
3,43090255,-,10,104849249,+,PCPG,4340,TCGA-WB-A80Y-01A,TCGA-WB-A80Y-01A,1.0,0.0,0.0,0.0,0.0
3,89316542,+,10,33403691,-,PCPG,4341,TCGA-WB-A80Y-01A,TCGA-WB-A80Y-01A,1.0,0.0,0.0,0.0,0.0
4,6748605,+,16,69018286,-,PCPG,4342,TCGA-WB-A80Y-01A,TCGA-WB-A80Y-01A,1.0,0.0,0.0,0.0,0.0
4,139837094,-,4,140012465,+,PCPG,4343,TCGA-WB-A80Y-01A,TCGA-WB-A80Y-01A,1.0,0.0,0.0,0.0,0.0
4,140110769,+,18,55242776,-,PCPG,4344,TCGA-WB-A80Y-01A,TCGA-WB-A80Y-01A,1.0,0.0,0.0,0.0,0.0
5,40564765,+,17,43975353,-,PCPG,4345,TCGA-WB-A80Y-01A,TCGA-WB-A80Y-01A,1.0,0.0,0.0,0.0,0.0
5,71765009,-,10,1323207,+,PCPG,4346,TCGA-WB-A80Y-01A,TCGA-WB-A80Y-01A,1.0,0.0,0.0,0.0,0.0
5,102399500,-,5,102619475,+,PCPG,4347,TCGA-WB-A80Y-01A,TCGA-WB-A80Y-01A,1.0,0.0,0.0,0.0,0.0
5,160086315,+,5,160087160,-,PCPG,4348,TCGA-WB-A80Y-01A,TCGA-WB-A80Y-01A,1.0,0.0,0.0,0.0,0.0
6,37635157,-,6,37851640,+,PCPG,4349,TCGA-WB-A80Y-01A,TCGA-WB-A80Y-01A,1.0,0.0,0.0,0.0,0.0
6,161650807,-,8,84649014,+,PCPG,4350,TCGA-WB-A80Y-01A,TCGA-WB-A80Y-01A,1.0,0.0,0.0,0.0,0.0
6,161833075,+,8,84473149,-,PCPG,4351,TCGA-WB-A80Y-01A,TCGA-WB-A80Y-01A,1.0,0.0,0.0,0.0,0.0
9,129342086,-,9,129531772,+,PCPG,4352,TCGA-WB-A80Y-01A,TCGA-WB-A80Y-01A,1.0,0.0,0.0,0.0,0.0
1,44951959,+,5,69379111,+,PCPG,4353,TCGA-WB-A814-01A,TCGA-WB-A814-01A,1.0,0.0,0.0,0.0,0.0
1,67386882,-,8,92182378,-,PCPG,4354,TCGA-WB-A814-01A,TCGA-WB-A814-01A,1.0,0.0,0.0,0.0,0.0
10,9935831,-,14,92913470,-,PCPG,4355,TCGA-WB-A814-01A,TCGA-WB-A814-01A,1.0,0.0,0.0,0.0,0.0
11,17476569,-,11,67659554,+,PCPG,4356,TCGA-WB-A814-01A,TCGA-WB-A814-01A,1.0,0.0,0.0,0.0,0.0
11,21010691,-,11,60564907,-,PCPG,4357,TCGA-WB-A814-01A,TCGA-WB-A814-01A,1.0,0.0,0.0,0.0,0.0
11,24800848,+,11,57193683,+,PCPG,4358,TCGA-WB-A814-01A,TCGA-WB-A814-01A,1.0,0.0,0.0,0.0,0.0
11,50278417,-,11,62780254,-,PCPG,4359,TCGA-WB-A814-01A,TCGA-WB-A814-01A,1.0,0.0,0.0,0.0,0.0
11,56451189,+,11,57313576,+,PCPG,4360,TCGA-WB-A814-01A,TCGA-WB-A814-01A,1.0,0.0,0.0,0.0,0.0
11,56451294,-,11,103280656,+,PCPG,4361,TCGA-WB-A814-01A,TCGA-WB-A814-01A,1.0,0.0,0.0,0.0,0.0
11,61911326,+,11,102629522,-,PCPG,4362,TCGA-WB-A814-01A,TCGA-WB-A814-01A,1.0,0.0,0.0,0.0,0.0
11,67733806,-,11,101107440,-,PCPG,4363,TCGA-WB-A814-01A,TCGA-WB-A814-01A,1.0,0.0,0.0,0.0,0.0
12,103966061,+,12,103979829,-,PCPG,4364,TCGA-WB-A814-01A,TCGA-WB-A814-01A,1.0,0.0,0.0,0.0,0.0
18,15508974,+,18,15616496,-,PCPG,4365,TCGA-WB-A814-01A,TCGA-WB-A814-01A,1.0,0.0,0.0,0.0,0.0
3,85427192,-,3,127693569,-,PCPG,4366,TCGA-WB-A814-01A,TCGA-WB-A814-01A,1.0,0.0,0.0,0.0,0.0
3,91438660,+,6,57584097,+,PCPG,4367,TCGA-WB-A814-01A,TCGA-WB-A814-01A,1.0,0.0,0.0,0.0,0.0
3,123238136,+,3,128033891,+,PCPG,4368,TCGA-WB-A814-01A,TCGA-WB-A814-01A,1.0,0.0,0.0,0.0,0.0
3,128034485,-,11,74847890,+,PCPG,4369,TCGA-WB-A814-01A,TCGA-WB-A814-01A,1.0,0.0,0.0,0.0,0.0
4,190050214,+,10,133649345,-,PCPG,4370,TCGA-WB-A814-01A,TCGA-WB-A814-01A,1.0,0.0,0.0,0.0,0.0
5,44349445,+,15,22875898,+,PCPG,4371,TCGA-WB-A814-01A,TCGA-WB-A814-01A,1.0,0.0,0.0,0.0,0.0
6,37183686,-,17,38513099,+,PCPG,4372,TCGA-WB-A814-01A,TCGA-WB-A814-01A,1.0,0.0,0.0,0.0,0.0
6,53576765,+,11,32078213,-,PCPG,4373,TCGA-WB-A814-01A,TCGA-WB-A814-01A,1.0,0.0,0.0,0.0,0.0
6,54109977,+,6,148420877,+,PCPG,4374,TCGA-WB-A814-01A,TCGA-WB-A814-01A,1.0,0.0,0.0,0.0,0.0
8,40332915,-,8,41730339,+,PCPG,4375,TCGA-WB-A814-01A,TCGA-WB-A814-01A,1.0,0.0,0.0,0.0,0.0
8,45080659,-,8,45427482,+,PCPG,4376,TCGA-WB-A814-01A,TCGA-WB-A814-01A,1.0,0.0,0.0,0.0,0.0
8,87428328,-,18,43735271,+,PCPG,4377,TCGA-WB-A814-01A,TCGA-WB-A814-01A,1.0,0.0,0.0,0.0,0.0
9,98388661,+,10,23995451,-,PCPG,4378,TCGA-WB-A814-01A,TCGA-WB-A814-01A,1.0,0.0,0.0,0.0,0.0
23,44362629,-,23,93438418,+,PCPG,4379,TCGA-WB-A814-01A,TCGA-WB-A814-01A,1.0,0.0,0.0,0.0,0.0
1,12910922,+,1,13290833,+,PCPG,4380,TCGA-WB-A815-01A,TCGA-WB-A815-01A,1.0,0.0,0.0,0.0,0.0
12,35874425,-,12,35875235,+,PCPG,4381,TCGA-WB-A815-01A,TCGA-WB-A815-01A,1.0,0.0,0.0,0.0,0.0
12,36404976,-,12,37062797,+,PCPG,4382,TCGA-WB-A815-01A,TCGA-WB-A815-01A,1.0,0.0,0.0,0.0,0.0
13,17552619,+,13,17767283,-,PCPG,4383,TCGA-WB-A815-01A,TCGA-WB-A815-01A,1.0,0.0,0.0,0.0,0.0
13,20157574,-,13,20314131,+,PCPG,4384,TCGA-WB-A815-01A,TCGA-WB-A815-01A,1.0,0.0,0.0,0.0,0.0
16,37611248,+,16,37792859,-,PCPG,4385,TCGA-WB-A815-01A,TCGA-WB-A815-01A,1.0,0.0,0.0,0.0,0.0
18,15548358,-,18,15699900,+,PCPG,4386,TCGA-WB-A815-01A,TCGA-WB-A815-01A,1.0,0.0,0.0,0.0,0.0
18,15731718,+,18,15743596,-,PCPG,4387,TCGA-WB-A815-01A,TCGA-WB-A815-01A,1.0,0.0,0.0,0.0,0.0
2,76070982,+,23,47089390,-,PCPG,4388,TCGA-WB-A815-01A,TCGA-WB-A815-01A,1.0,0.0,0.0,0.0,0.0
2,83521872,-,4,105044136,+,PCPG,4389,TCGA-WB-A815-01A,TCGA-WB-A815-01A,1.0,0.0,0.0,0.0,0.0
2,185855033,+,2,186461262,-,PCPG,4390,TCGA-WB-A815-01A,TCGA-WB-A815-01A,1.0,0.0,0.0,0.0,0.0
2,186454724,-,2,186461741,+,PCPG,4391,TCGA-WB-A815-01A,TCGA-WB-A815-01A,1.0,0.0,0.0,0.0,0.0
3,75642723,-,20,29443894,-,PCPG,4392,TCGA-WB-A815-01A,TCGA-WB-A815-01A,1.0,0.0,0.0,0.0,0.0
3,91043116,+,3,91113668,-,PCPG,4393,TCGA-WB-A815-01A,TCGA-WB-A815-01A,1.0,0.0,0.0,0.0,0.0
3,176546181,-,4,16635021,-,PCPG,4394,TCGA-WB-A815-01A,TCGA-WB-A815-01A,1.0,0.0,0.0,0.0,0.0
4,16570468,-,4,73653852,-,PCPG,4395,TCGA-WB-A815-01A,TCGA-WB-A815-01A,1.0,0.0,0.0,0.0,0.0
4,53923794,+,16,56084057,+,PCPG,4396,TCGA-WB-A815-01A,TCGA-WB-A815-01A,1.0,0.0,0.0,0.0,0.0
6,57355197,+,6,60257000,-,PCPG,4397,TCGA-WB-A815-01A,TCGA-WB-A815-01A,1.0,0.0,0.0,0.0,0.0
7,1170471,+,14,29826461,-,PCPG,4398,TCGA-WB-A815-01A,TCGA-WB-A815-01A,1.0,0.0,0.0,0.0,0.0
23,32486172,+,23,32514304,-,PCPG,4399,TCGA-WB-A815-01A,TCGA-WB-A815-01A,1.0,0.0,0.0,0.0,0.0
23,107907395,+,23,107914048,-,PCPG,4400,TCGA-WB-A815-01A,TCGA-WB-A815-01A,1.0,0.0,0.0,0.0,0.0
1,89412422,-,1,89414943,+,PCPG,4401,TCGA-WB-A817-01A,TCGA-WB-A817-01A,1.0,0.0,0.0,0.0,0.0
1,122210592,-,1,122215830,+,PCPG,4402,TCGA-WB-A817-01A,TCGA-WB-A817-01A,1.0,0.0,0.0,0.0,0.0
1,215627152,-,6,51989832,-,PCPG,4403,TCGA-WB-A817-01A,TCGA-WB-A817-01A,1.0,0.0,0.0,0.0,0.0
1,234995518,-,12,88097584,-,PCPG,4404,TCGA-WB-A817-01A,TCGA-WB-A817-01A,1.0,0.0,0.0,0.0,0.0
10,41497182,-,10,41500334,+,PCPG,4405,TCGA-WB-A817-01A,TCGA-WB-A817-01A,1.0,0.0,0.0,0.0,0.0
11,52048778,-,11,52049898,+,PCPG,4406,TCGA-WB-A817-01A,TCGA-WB-A817-01A,1.0,0.0,0.0,0.0,0.0
11,54368919,-,11,54549321,+,PCPG,4407,TCGA-WB-A817-01A,TCGA-WB-A817-01A,1.0,0.0,0.0,0.0,0.0
12,35994015,-,12,36735197,+,PCPG,4408,TCGA-WB-A817-01A,TCGA-WB-A817-01A,1.0,0.0,0.0,0.0,0.0
12,35994584,+,12,36477806,-,PCPG,4409,TCGA-WB-A817-01A,TCGA-WB-A817-01A,1.0,0.0,0.0,0.0,0.0
12,37264622,-,12,37265664,+,PCPG,4410,TCGA-WB-A817-01A,TCGA-WB-A817-01A,1.0,0.0,0.0,0.0,0.0
13,16348538,-,13,16350170,+,PCPG,4411,TCGA-WB-A817-01A,TCGA-WB-A817-01A,1.0,0.0,0.0,0.0,0.0
13,16433075,-,13,16434345,+,PCPG,4412,TCGA-WB-A817-01A,TCGA-WB-A817-01A,1.0,0.0,0.0,0.0,0.0
13,16510404,-,13,16511966,+,PCPG,4413,TCGA-WB-A817-01A,TCGA-WB-A817-01A,1.0,0.0,0.0,0.0,0.0
13,16708713,-,13,16710387,+,PCPG,4414,TCGA-WB-A817-01A,TCGA-WB-A817-01A,1.0,0.0,0.0,0.0,0.0
13,16809537,-,13,16811020,+,PCPG,4415,TCGA-WB-A817-01A,TCGA-WB-A817-01A,1.0,0.0,0.0,0.0,0.0
13,16978503,-,13,16979773,+,PCPG,4416,TCGA-WB-A817-01A,TCGA-WB-A817-01A,1.0,0.0,0.0,0.0,0.0
13,18604672,-,18,14454575,-,PCPG,4417,TCGA-WB-A817-01A,TCGA-WB-A817-01A,1.0,0.0,0.0,0.0,0.0
16,36747143,-,16,36748396,+,PCPG,4418,TCGA-WB-A817-01A,TCGA-WB-A817-01A,1.0,0.0,0.0,0.0,0.0
17,26563102,-,17,26568014,+,PCPG,4419,TCGA-WB-A817-01A,TCGA-WB-A817-01A,1.0,0.0,0.0,0.0,0.0
17,26566749,-,17,26569057,+,PCPG,4420,TCGA-WB-A817-01A,TCGA-WB-A817-01A,1.0,0.0,0.0,0.0,0.0
18,15791094,-,18,15793487,+,PCPG,4421,TCGA-WB-A817-01A,TCGA-WB-A817-01A,1.0,0.0,0.0,0.0,0.0
2,94164750,-,2,94167034,+,PCPG,4422,TCGA-WB-A817-01A,TCGA-WB-A817-01A,1.0,0.0,0.0,0.0,0.0
2,222148006,-,2,222150276,+,PCPG,4423,TCGA-WB-A817-01A,TCGA-WB-A817-01A,1.0,0.0,0.0,0.0,0.0
21,7205226,-,21,7208068,+,PCPG,4424,TCGA-WB-A817-01A,TCGA-WB-A817-01A,1.0,0.0,0.0,0.0,0.0
3,91024080,-,3,91212192,+,PCPG,4425,TCGA-WB-A817-01A,TCGA-WB-A817-01A,1.0,0.0,0.0,0.0,0.0
3,91192487,-,3,91194445,+,PCPG,4426,TCGA-WB-A817-01A,TCGA-WB-A817-01A,1.0,0.0,0.0,0.0,0.0
3,91579563,+,3,93232783,-,PCPG,4427,TCGA-WB-A817-01A,TCGA-WB-A817-01A,1.0,0.0,0.0,0.0,0.0
3,92348312,-,3,93316379,+,PCPG,4428,TCGA-WB-A817-01A,TCGA-WB-A817-01A,1.0,0.0,0.0,0.0,0.0
4,48923726,+,6,64389892,+,PCPG,4429,TCGA-WB-A817-01A,TCGA-WB-A817-01A,1.0,0.0,0.0,0.0,0.0
4,50452178,-,4,50453499,+,PCPG,4430,TCGA-WB-A817-01A,TCGA-WB-A817-01A,1.0,0.0,0.0,0.0,0.0
4,51559059,-,4,51561291,+,PCPG,4431,TCGA-WB-A817-01A,TCGA-WB-A817-01A,1.0,0.0,0.0,0.0,0.0
5,46683301,-,5,46683813,+,PCPG,4432,TCGA-WB-A817-01A,TCGA-WB-A817-01A,1.0,0.0,0.0,0.0,0.0
7,10623135,+,23,1048880,-,PCPG,4433,TCGA-WB-A817-01A,TCGA-WB-A817-01A,1.0,0.0,0.0,0.0,0.0
7,86166054,+,23,150398043,-,PCPG,4434,TCGA-WB-A817-01A,TCGA-WB-A817-01A,1.0,0.0,0.0,0.0,0.0
9,65385054,-,9,65386304,+,PCPG,4435,TCGA-WB-A817-01A,TCGA-WB-A817-01A,1.0,0.0,0.0,0.0,0.0
1,7114695,+,1,7115693,-,PCPG,4436,TCGA-WB-A819-01A,TCGA-WB-A819-01A,1.0,0.0,0.0,0.0,0.0
1,86097158,-,9,95572022,-,PCPG,4437,TCGA-WB-A819-01A,TCGA-WB-A819-01A,1.0,0.0,0.0,0.0,0.0
12,34786474,+,12,34797141,-,PCPG,4438,TCGA-WB-A819-01A,TCGA-WB-A819-01A,1.0,0.0,0.0,0.0,0.0
12,51409164,+,12,51409664,-,PCPG,4439,TCGA-WB-A819-01A,TCGA-WB-A819-01A,1.0,0.0,0.0,0.0,0.0
12,54079819,+,20,30287851,-,PCPG,4440,TCGA-WB-A819-01A,TCGA-WB-A819-01A,1.0,0.0,0.0,0.0,0.0
14,16139825,-,16,36041080,-,PCPG,4441,TCGA-WB-A819-01A,TCGA-WB-A819-01A,1.0,0.0,0.0,0.0,0.0
15,17079844,+,20,28899802,+,PCPG,4442,TCGA-WB-A819-01A,TCGA-WB-A819-01A,1.0,0.0,0.0,0.0,0.0
16,12045754,-,16,21379668,+,PCPG,4443,TCGA-WB-A819-01A,TCGA-WB-A819-01A,1.0,0.0,0.0,0.0,0.0
17,44494357,+,17,44495060,-,PCPG,4444,TCGA-WB-A819-01A,TCGA-WB-A819-01A,1.0,0.0,0.0,0.0,0.0
18,15653744,-,18,15679686,+,PCPG,4445,TCGA-WB-A819-01A,TCGA-WB-A819-01A,1.0,0.0,0.0,0.0,0.0
19,1642692,+,19,1643428,-,PCPG,4446,TCGA-WB-A819-01A,TCGA-WB-A819-01A,1.0,0.0,0.0,0.0,0.0
2,61562767,+,2,61563333,-,PCPG,4447,TCGA-WB-A819-01A,TCGA-WB-A819-01A,1.0,0.0,0.0,0.0,0.0
3,91049243,-,3,91167725,+,PCPG,4448,TCGA-WB-A819-01A,TCGA-WB-A819-01A,1.0,0.0,0.0,0.0,0.0
4,1550326,+,5,50921459,+,PCPG,4449,TCGA-WB-A819-01A,TCGA-WB-A819-01A,1.0,0.0,0.0,0.0,0.0
4,108304253,+,14,46370224,+,PCPG,4450,TCGA-WB-A819-01A,TCGA-WB-A819-01A,1.0,0.0,0.0,0.0,0.0
5,107318832,-,12,1418373,-,PCPG,4451,TCGA-WB-A819-01A,TCGA-WB-A819-01A,1.0,0.0,0.0,0.0,0.0
6,60604988,+,6,60630795,+,PCPG,4452,TCGA-WB-A819-01A,TCGA-WB-A819-01A,1.0,0.0,0.0,0.0,0.0
6,60605262,-,6,60630417,-,PCPG,4453,TCGA-WB-A819-01A,TCGA-WB-A819-01A,1.0,0.0,0.0,0.0,0.0
7,48481773,+,11,92183738,+,PCPG,4454,TCGA-WB-A819-01A,TCGA-WB-A819-01A,1.0,0.0,0.0,0.0,0.0
7,75663712,-,10,76757200,-,PCPG,4455,TCGA-WB-A819-01A,TCGA-WB-A819-01A,1.0,0.0,0.0,0.0,0.0
1,122768822,-,1,122770331,+,PCPG,4456,TCGA-WB-A81A-01A,TCGA-WB-A81A-01A,1.0,0.0,0.0,0.0,0.0
1,122858919,-,1,122860760,+,PCPG,4457,TCGA-WB-A81A-01A,TCGA-WB-A81A-01A,1.0,0.0,0.0,0.0,0.0
10,41546723,+,10,41579796,-,PCPG,4458,TCGA-WB-A81A-01A,TCGA-WB-A81A-01A,1.0,0.0,0.0,0.0,0.0
14,104551766,-,14,104650845,+,PCPG,4459,TCGA-WB-A81A-01A,TCGA-WB-A81A-01A,1.0,0.0,0.0,0.0,0.0
16,16553055,-,16,18159232,-,PCPG,4460,TCGA-WB-A81A-01A,TCGA-WB-A81A-01A,1.0,0.0,0.0,0.0,0.0
16,16594404,-,16,18759037,-,PCPG,4461,TCGA-WB-A81A-01A,TCGA-WB-A81A-01A,1.0,0.0,0.0,0.0,0.0
16,37068688,-,16,37427333,+,PCPG,4462,TCGA-WB-A81A-01A,TCGA-WB-A81A-01A,1.0,0.0,0.0,0.0,0.0
18,15967983,+,18,17538880,-,PCPG,4463,TCGA-WB-A81A-01A,TCGA-WB-A81A-01A,1.0,0.0,0.0,0.0,0.0
18,16727309,-,18,16728238,+,PCPG,4464,TCGA-WB-A81A-01A,TCGA-WB-A81A-01A,1.0,0.0,0.0,0.0,0.0
19,54224481,+,19,54244395,-,PCPG,4465,TCGA-WB-A81A-01A,TCGA-WB-A81A-01A,1.0,0.0,0.0,0.0,0.0
3,91037250,-,3,91039179,+,PCPG,4466,TCGA-WB-A81A-01A,TCGA-WB-A81A-01A,1.0,0.0,0.0,0.0,0.0
3,142563931,-,15,90569518,+,PCPG,4467,TCGA-WB-A81A-01A,TCGA-WB-A81A-01A,1.0,0.0,0.0,0.0,0.0
6,31270908,-,6,31355985,+,PCPG,4468,TCGA-WB-A81A-01A,TCGA-WB-A81A-01A,1.0,0.0,0.0,0.0,0.0
7,29985426,-,11,119219701,-,PCPG,4469,TCGA-WB-A81A-01A,TCGA-WB-A81A-01A,1.0,0.0,0.0,0.0,0.0
1,7317868,+,1,7318492,-,PCPG,4470,TCGA-WB-A81D-01A,TCGA-WB-A81D-01A,1.0,0.0,0.0,0.0,0.0
1,7651656,-,8,84504190,-,PCPG,4471,TCGA-WB-A81D-01A,TCGA-WB-A81D-01A,1.0,0.0,0.0,0.0,0.0
1,7774875,+,8,84587430,+,PCPG,4472,TCGA-WB-A81D-01A,TCGA-WB-A81D-01A,1.0,0.0,0.0,0.0,0.0
1,28264602,+,23,23409999,-,PCPG,4473,TCGA-WB-A81D-01A,TCGA-WB-A81D-01A,1.0,0.0,0.0,0.0,0.0
1,49082221,+,22,31971765,+,PCPG,4474,TCGA-WB-A81D-01A,TCGA-WB-A81D-01A,1.0,0.0,0.0,0.0,0.0
1,123008417,-,1,123009522,+,PCPG,4475,TCGA-WB-A81D-01A,TCGA-WB-A81D-01A,1.0,0.0,0.0,0.0,0.0
1,123792104,-,1,123793809,+,PCPG,4476,TCGA-WB-A81D-01A,TCGA-WB-A81D-01A,1.0,0.0,0.0,0.0,0.0
1,124883940,-,1,124885651,+,PCPG,4477,TCGA-WB-A81D-01A,TCGA-WB-A81D-01A,1.0,0.0,0.0,0.0,0.0
10,40973205,-,10,40974902,+,PCPG,4478,TCGA-WB-A81D-01A,TCGA-WB-A81D-01A,1.0,0.0,0.0,0.0,0.0
11,55046083,+,11,57064095,-,PCPG,4479,TCGA-WB-A81D-01A,TCGA-WB-A81D-01A,1.0,0.0,0.0,0.0,0.0
11,62698603,+,20,20622874,-,PCPG,4480,TCGA-WB-A81D-01A,TCGA-WB-A81D-01A,1.0,0.0,0.0,0.0,0.0
11,66449878,-,15,48013392,+,PCPG,4481,TCGA-WB-A81D-01A,TCGA-WB-A81D-01A,1.0,0.0,0.0,0.0,0.0
11,95704197,+,20,17279681,-,PCPG,4482,TCGA-WB-A81D-01A,TCGA-WB-A81D-01A,1.0,0.0,0.0,0.0,0.0
12,34829456,-,12,34831753,+,PCPG,4483,TCGA-WB-A81D-01A,TCGA-WB-A81D-01A,1.0,0.0,0.0,0.0,0.0
12,91912320,-,14,100830065,+,PCPG,4484,TCGA-WB-A81D-01A,TCGA-WB-A81D-01A,1.0,0.0,0.0,0.0,0.0
12,92166748,+,14,100600148,-,PCPG,4485,TCGA-WB-A81D-01A,TCGA-WB-A81D-01A,1.0,0.0,0.0,0.0,0.0
13,17094537,-,13,17096123,+,PCPG,4486,TCGA-WB-A81D-01A,TCGA-WB-A81D-01A,1.0,0.0,0.0,0.0,0.0
17,22999943,-,17,23156838,+,PCPG,4487,TCGA-WB-A81D-01A,TCGA-WB-A81D-01A,1.0,0.0,0.0,0.0,0.0
17,41689509,-,20,46283372,+,PCPG,4488,TCGA-WB-A81D-01A,TCGA-WB-A81D-01A,1.0,0.0,0.0,0.0,0.0
2,46973799,-,14,55082921,+,PCPG,4489,TCGA-WB-A81D-01A,TCGA-WB-A81D-01A,1.0,0.0,0.0,0.0,0.0
2,47452462,+,5,102384004,+,PCPG,4490,TCGA-WB-A81D-01A,TCGA-WB-A81D-01A,1.0,0.0,0.0,0.0,0.0
2,93821012,-,2,93822034,+,PCPG,4491,TCGA-WB-A81D-01A,TCGA-WB-A81D-01A,1.0,0.0,0.0,0.0,0.0
3,9991317,-,17,81673358,-,PCPG,4492,TCGA-WB-A81D-01A,TCGA-WB-A81D-01A,1.0,0.0,0.0,0.0,0.0
3,10293171,+,13,33279349,+,PCPG,4493,TCGA-WB-A81D-01A,TCGA-WB-A81D-01A,1.0,0.0,0.0,0.0,0.0
3,90791771,-,3,90793511,+,PCPG,4494,TCGA-WB-A81D-01A,TCGA-WB-A81D-01A,1.0,0.0,0.0,0.0,0.0
3,91388327,-,6,57631936,-,PCPG,4495,TCGA-WB-A81D-01A,TCGA-WB-A81D-01A,1.0,0.0,0.0,0.0,0.0
3,91542278,+,3,92006785,+,PCPG,4496,TCGA-WB-A81D-01A,TCGA-WB-A81D-01A,1.0,0.0,0.0,0.0,0.0
3,91578870,+,3,91874884,-,PCPG,4497,TCGA-WB-A81D-01A,TCGA-WB-A81D-01A,1.0,0.0,0.0,0.0,0.0
3,115872159,-,3,116075885,+,PCPG,4498,TCGA-WB-A81D-01A,TCGA-WB-A81D-01A,1.0,0.0,0.0,0.0,0.0
3,177944312,-,8,28545897,-,PCPG,4499,TCGA-WB-A81D-01A,TCGA-WB-A81D-01A,1.0,0.0,0.0,0.0,0.0
3,178298030,+,13,32984456,-,PCPG,4500,TCGA-WB-A81D-01A,TCGA-WB-A81D-01A,1.0,0.0,0.0,0.0,0.0
3,184808517,+,3,185583161,-,PCPG,4501,TCGA-WB-A81D-01A,TCGA-WB-A81D-01A,1.0,0.0,0.0,0.0,0.0
4,41767965,-,4,174213806,+,PCPG,4502,TCGA-WB-A81D-01A,TCGA-WB-A81D-01A,1.0,0.0,0.0,0.0,0.0
4,112893748,-,4,113211497,+,PCPG,4503,TCGA-WB-A81D-01A,TCGA-WB-A81D-01A,1.0,0.0,0.0,0.0,0.0
4,173925998,-,5,69532308,-,PCPG,4504,TCGA-WB-A81D-01A,TCGA-WB-A81D-01A,1.0,0.0,0.0,0.0,0.0
4,182094109,+,4,182765388,-,PCPG,4505,TCGA-WB-A81D-01A,TCGA-WB-A81D-01A,1.0,0.0,0.0,0.0,0.0
4,187210253,+,4,187285502,-,PCPG,4506,TCGA-WB-A81D-01A,TCGA-WB-A81D-01A,1.0,0.0,0.0,0.0,0.0
5,31959413,+,5,31960252,-,PCPG,4507,TCGA-WB-A81D-01A,TCGA-WB-A81D-01A,1.0,0.0,0.0,0.0,0.0
5,102173873,-,14,54722261,-,PCPG,4508,TCGA-WB-A81D-01A,TCGA-WB-A81D-01A,1.0,0.0,0.0,0.0,0.0
5,176734601,-,5,176903159,+,PCPG,4509,TCGA-WB-A81D-01A,TCGA-WB-A81D-01A,1.0,0.0,0.0,0.0,0.0
6,105301332,+,6,105303416,+,PCPG,4510,TCGA-WB-A81D-01A,TCGA-WB-A81D-01A,1.0,0.0,0.0,0.0,0.0
6,105302227,-,6,105321990,-,PCPG,4511,TCGA-WB-A81D-01A,TCGA-WB-A81D-01A,1.0,0.0,0.0,0.0,0.0
7,95038663,-,20,58566905,-,PCPG,4512,TCGA-WB-A81D-01A,TCGA-WB-A81D-01A,1.0,0.0,0.0,0.0,0.0
7,95218707,+,20,17431299,+,PCPG,4513,TCGA-WB-A81D-01A,TCGA-WB-A81D-01A,1.0,0.0,0.0,0.0,0.0
7,112364373,-,7,112479219,+,PCPG,4514,TCGA-WB-A81D-01A,TCGA-WB-A81D-01A,1.0,0.0,0.0,0.0,0.0
7,141387459,+,7,154743604,-,PCPG,4515,TCGA-WB-A81D-01A,TCGA-WB-A81D-01A,1.0,0.0,0.0,0.0,0.0
8,105098171,-,14,99838919,-,PCPG,4516,TCGA-WB-A81D-01A,TCGA-WB-A81D-01A,1.0,0.0,0.0,0.0,0.0
8,139791655,-,20,2481512,-,PCPG,4517,TCGA-WB-A81D-01A,TCGA-WB-A81D-01A,1.0,0.0,0.0,0.0,0.0
8,139833552,-,8,139903481,+,PCPG,4518,TCGA-WB-A81D-01A,TCGA-WB-A81D-01A,1.0,0.0,0.0,0.0,0.0
9,84189275,-,17,81931220,+,PCPG,4519,TCGA-WB-A81D-01A,TCGA-WB-A81D-01A,1.0,0.0,0.0,0.0,0.0
9,84189724,+,20,46139821,-,PCPG,4520,TCGA-WB-A81D-01A,TCGA-WB-A81D-01A,1.0,0.0,0.0,0.0,0.0
9,84409187,+,20,58859764,+,PCPG,4521,TCGA-WB-A81D-01A,TCGA-WB-A81D-01A,1.0,0.0,0.0,0.0,0.0
23,1473982,+,23,1474739,-,PCPG,4522,TCGA-WB-A81D-01A,TCGA-WB-A81D-01A,1.0,0.0,0.0,0.0,0.0
1,11700397,-,1,12679032,+,PCPG,4523,TCGA-WB-A81E-01A,TCGA-WB-A81E-01A,1.0,0.0,0.0,0.0,0.0
1,74447440,-,1,74449432,+,PCPG,4524,TCGA-WB-A81E-01A,TCGA-WB-A81E-01A,1.0,0.0,0.0,0.0,0.0
1,123449529,-,1,123450924,+,PCPG,4525,TCGA-WB-A81E-01A,TCGA-WB-A81E-01A,1.0,0.0,0.0,0.0,0.0
11,54358611,-,11,54384065,+,PCPG,4526,TCGA-WB-A81E-01A,TCGA-WB-A81E-01A,1.0,0.0,0.0,0.0,0.0
12,56697958,-,12,57403682,+,PCPG,4527,TCGA-WB-A81E-01A,TCGA-WB-A81E-01A,1.0,0.0,0.0,0.0,0.0
13,16911174,+,13,17204830,-,PCPG,4528,TCGA-WB-A81E-01A,TCGA-WB-A81E-01A,1.0,0.0,0.0,0.0,0.0
13,40743934,+,13,40744650,-,PCPG,4529,TCGA-WB-A81E-01A,TCGA-WB-A81E-01A,1.0,0.0,0.0,0.0,0.0
15,17506867,+,15,18047134,-,PCPG,4530,TCGA-WB-A81E-01A,TCGA-WB-A81E-01A,1.0,0.0,0.0,0.0,0.0
17,7457304,-,17,40324020,-,PCPG,4531,TCGA-WB-A81E-01A,TCGA-WB-A81E-01A,1.0,0.0,0.0,0.0,0.0
18,26347140,+,19,55998730,-,PCPG,4532,TCGA-WB-A81E-01A,TCGA-WB-A81E-01A,1.0,0.0,0.0,0.0,0.0
19,18731617,+,19,18732533,-,PCPG,4533,TCGA-WB-A81E-01A,TCGA-WB-A81E-01A,1.0,0.0,0.0,0.0,0.0
2,92283361,-,2,92284375,+,PCPG,4534,TCGA-WB-A81E-01A,TCGA-WB-A81E-01A,1.0,0.0,0.0,0.0,0.0
2,92535540,-,2,92536848,+,PCPG,4535,TCGA-WB-A81E-01A,TCGA-WB-A81E-01A,1.0,0.0,0.0,0.0,0.0
2,92822523,-,2,92824885,+,PCPG,4536,TCGA-WB-A81E-01A,TCGA-WB-A81E-01A,1.0,0.0,0.0,0.0,0.0
2,92875377,+,2,92997637,-,PCPG,4537,TCGA-WB-A81E-01A,TCGA-WB-A81E-01A,1.0,0.0,0.0,0.0,0.0
2,93145062,-,2,93146393,+,PCPG,4538,TCGA-WB-A81E-01A,TCGA-WB-A81E-01A,1.0,0.0,0.0,0.0,0.0
22,16062444,-,22,16064831,+,PCPG,4539,TCGA-WB-A81E-01A,TCGA-WB-A81E-01A,1.0,0.0,0.0,0.0,0.0
3,90791620,-,3,90793379,+,PCPG,4540,TCGA-WB-A81E-01A,TCGA-WB-A81E-01A,1.0,0.0,0.0,0.0,0.0
3,101746317,-,3,101750331,+,PCPG,4541,TCGA-WB-A81E-01A,TCGA-WB-A81E-01A,1.0,0.0,0.0,0.0,0.0
4,26602010,-,7,108249522,-,PCPG,4542,TCGA-WB-A81E-01A,TCGA-WB-A81E-01A,1.0,0.0,0.0,0.0,0.0
4,174213106,+,16,55500540,+,PCPG,4543,TCGA-WB-A81E-01A,TCGA-WB-A81E-01A,1.0,0.0,0.0,0.0,0.0
5,49671456,-,5,49674634,+,PCPG,4544,TCGA-WB-A81E-01A,TCGA-WB-A81E-01A,1.0,0.0,0.0,0.0,0.0
7,74034923,+,7,74035669,-,PCPG,4545,TCGA-WB-A81E-01A,TCGA-WB-A81E-01A,1.0,0.0,0.0,0.0,0.0
7,74049398,+,7,74050060,-,PCPG,4546,TCGA-WB-A81E-01A,TCGA-WB-A81E-01A,1.0,0.0,0.0,0.0,0.0
8,55964627,+,8,55965254,-,PCPG,4547,TCGA-WB-A81E-01A,TCGA-WB-A81E-01A,1.0,0.0,0.0,0.0,0.0
9,43450098,-,9,43451573,+,PCPG,4548,TCGA-WB-A81E-01A,TCGA-WB-A81E-01A,1.0,0.0,0.0,0.0,0.0
9,90856367,+,9,90857129,-,PCPG,4549,TCGA-WB-A81E-01A,TCGA-WB-A81E-01A,1.0,0.0,0.0,0.0,0.0
23,134460026,+,23,134460765,-,PCPG,4550,TCGA-WB-A81E-01A,TCGA-WB-A81E-01A,1.0,0.0,0.0,0.0,0.0
1,3408203,+,1,9904608,-,PCPG,4551,TCGA-WB-A81F-01A,TCGA-WB-A81F-01A,1.0,0.0,0.0,0.0,0.0
1,7318318,-,1,212676584,+,PCPG,4552,TCGA-WB-A81F-01A,TCGA-WB-A81F-01A,1.0,0.0,0.0,0.0,0.0
1,7828810,+,6,110169970,-,PCPG,4553,TCGA-WB-A81F-01A,TCGA-WB-A81F-01A,1.0,0.0,0.0,0.0,0.0
1,23673759,-,1,215489655,+,PCPG,4554,TCGA-WB-A81F-01A,TCGA-WB-A81F-01A,1.0,0.0,0.0,0.0,0.0
1,23681632,+,1,242495023,+,PCPG,4555,TCGA-WB-A81F-01A,TCGA-WB-A81F-01A,1.0,0.0,0.0,0.0,0.0
1,23681683,-,1,228107527,+,PCPG,4556,TCGA-WB-A81F-01A,TCGA-WB-A81F-01A,1.0,0.0,0.0,0.0,0.0
1,26770490,+,6,23208262,+,PCPG,4557,TCGA-WB-A81F-01A,TCGA-WB-A81F-01A,1.0,0.0,0.0,0.0,0.0
1,28752747,-,6,139370394,+,PCPG,4558,TCGA-WB-A81F-01A,TCGA-WB-A81F-01A,1.0,0.0,0.0,0.0,0.0
1,28843726,+,1,31927640,+,PCPG,4559,TCGA-WB-A81F-01A,TCGA-WB-A81F-01A,1.0,0.0,0.0,0.0,0.0
1,31806182,-,7,105470314,+,PCPG,4560,TCGA-WB-A81F-01A,TCGA-WB-A81F-01A,1.0,0.0,0.0,0.0,0.0
1,32370068,+,1,78233510,-,PCPG,4561,TCGA-WB-A81F-01A,TCGA-WB-A81F-01A,1.0,0.0,0.0,0.0,0.0
1,47142489,+,1,74634074,-,PCPG,4562,TCGA-WB-A81F-01A,TCGA-WB-A81F-01A,1.0,0.0,0.0,0.0,0.0
1,74650916,+,7,103616968,+,PCPG,4563,TCGA-WB-A81F-01A,TCGA-WB-A81F-01A,1.0,0.0,0.0,0.0,0.0
1,78219415,-,1,228112714,+,PCPG,4564,TCGA-WB-A81F-01A,TCGA-WB-A81F-01A,1.0,0.0,0.0,0.0,0.0
1,78233504,+,6,72266612,-,PCPG,4565,TCGA-WB-A81F-01A,TCGA-WB-A81F-01A,1.0,0.0,0.0,0.0,0.0
1,78665040,+,1,214801382,-,PCPG,4566,TCGA-WB-A81F-01A,TCGA-WB-A81F-01A,1.0,0.0,0.0,0.0,0.0
1,120854860,+,5,50590298,-,PCPG,4567,TCGA-WB-A81F-01A,TCGA-WB-A81F-01A,1.0,0.0,0.0,0.0,0.0
1,123196325,-,1,123197832,+,PCPG,4568,TCGA-WB-A81F-01A,TCGA-WB-A81F-01A,1.0,0.0,0.0,0.0,0.0
1,222304755,-,1,242553878,+,PCPG,4569,TCGA-WB-A81F-01A,TCGA-WB-A81F-01A,1.0,0.0,0.0,0.0,0.0
1,233480068,-,1,245019797,-,PCPG,4570,TCGA-WB-A81F-01A,TCGA-WB-A81F-01A,1.0,0.0,0.0,0.0,0.0
1,245026661,+,7,103548793,+,PCPG,4571,TCGA-WB-A81F-01A,TCGA-WB-A81F-01A,1.0,0.0,0.0,0.0,0.0
10,41497032,-,10,41498420,+,PCPG,4572,TCGA-WB-A81F-01A,TCGA-WB-A81F-01A,1.0,0.0,0.0,0.0,0.0
12,47195515,-,12,47195585,-,PCPG,4573,TCGA-WB-A81F-01A,TCGA-WB-A81F-01A,1.0,0.0,0.0,0.0,0.0
12,49076710,-,12,111450071,-,PCPG,4574,TCGA-WB-A81F-01A,TCGA-WB-A81F-01A,1.0,0.0,0.0,0.0,0.0
13,90497216,-,23,43589030,-,PCPG,4575,TCGA-WB-A81F-01A,TCGA-WB-A81F-01A,1.0,0.0,0.0,0.0,0.0
14,18675784,-,22,15596787,+,PCPG,4576,TCGA-WB-A81F-01A,TCGA-WB-A81F-01A,1.0,0.0,0.0,0.0,0.0
16,3710454,+,16,18778214,-,PCPG,4577,TCGA-WB-A81F-01A,TCGA-WB-A81F-01A,1.0,0.0,0.0,0.0,0.0
16,33762998,-,24,26419575,-,PCPG,4578,TCGA-WB-A81F-01A,TCGA-WB-A81F-01A,1.0,0.0,0.0,0.0,0.0
16,89318942,+,16,89371121,-,PCPG,4579,TCGA-WB-A81F-01A,TCGA-WB-A81F-01A,1.0,0.0,0.0,0.0,0.0
22,35704917,+,22,35811975,-,PCPG,4580,TCGA-WB-A81F-01A,TCGA-WB-A81F-01A,1.0,0.0,0.0,0.0,0.0
4,19555416,-,15,96831039,+,PCPG,4581,TCGA-WB-A81F-01A,TCGA-WB-A81F-01A,1.0,0.0,0.0,0.0,0.0
4,75674719,+,7,147601675,+,PCPG,4582,TCGA-WB-A81F-01A,TCGA-WB-A81F-01A,1.0,0.0,0.0,0.0,0.0
5,49691339,-,5,49705364,+,PCPG,4583,TCGA-WB-A81F-01A,TCGA-WB-A81F-01A,1.0,0.0,0.0,0.0,0.0
5,165780811,-,23,1212995,-,PCPG,4584,TCGA-WB-A81F-01A,TCGA-WB-A81F-01A,1.0,0.0,0.0,0.0,0.0
6,22193268,+,18,53354154,+,PCPG,4585,TCGA-WB-A81F-01A,TCGA-WB-A81F-01A,1.0,0.0,0.0,0.0,0.0
6,23421389,-,17,41653614,+,PCPG,4586,TCGA-WB-A81F-01A,TCGA-WB-A81F-01A,1.0,0.0,0.0,0.0,0.0
6,37796364,+,6,109088104,-,PCPG,4587,TCGA-WB-A81F-01A,TCGA-WB-A81F-01A,1.0,0.0,0.0,0.0,0.0
6,38079270,-,6,141708334,-,PCPG,4588,TCGA-WB-A81F-01A,TCGA-WB-A81F-01A,1.0,0.0,0.0,0.0,0.0
6,72266751,+,6,72296265,-,PCPG,4589,TCGA-WB-A81F-01A,TCGA-WB-A81F-01A,1.0,0.0,0.0,0.0,0.0
6,72296209,+,7,105469314,-,PCPG,4590,TCGA-WB-A81F-01A,TCGA-WB-A81F-01A,1.0,0.0,0.0,0.0,0.0
6,107304520,+,17,42725635,-,PCPG,4591,TCGA-WB-A81F-01A,TCGA-WB-A81F-01A,1.0,0.0,0.0,0.0,0.0
6,110070017,+,6,138837826,+,PCPG,4592,TCGA-WB-A81F-01A,TCGA-WB-A81F-01A,1.0,0.0,0.0,0.0,0.0
6,138988948,-,17,39316982,-,PCPG,4593,TCGA-WB-A81F-01A,TCGA-WB-A81F-01A,1.0,0.0,0.0,0.0,0.0
1,36220992,+,10,72500277,+,PCPG,4594,TCGA-WB-A81G-01A,TCGA-WB-A81G-01A,1.0,0.0,0.0,0.0,0.0
1,121792500,+,1,122167435,+,PCPG,4595,TCGA-WB-A81G-01A,TCGA-WB-A81G-01A,1.0,0.0,0.0,0.0,0.0
1,237237933,-,23,15946960,-,PCPG,4596,TCGA-WB-A81G-01A,TCGA-WB-A81G-01A,1.0,0.0,0.0,0.0,0.0
1,240955496,+,6,86113229,+,PCPG,4597,TCGA-WB-A81G-01A,TCGA-WB-A81G-01A,1.0,0.0,0.0,0.0,0.0
1,240955514,+,6,86113028,+,PCPG,4598,TCGA-WB-A81G-01A,TCGA-WB-A81G-01A,1.0,0.0,0.0,0.0,0.0
10,4962454,+,10,5004803,+,PCPG,4599,TCGA-WB-A81G-01A,TCGA-WB-A81G-01A,1.0,0.0,0.0,0.0,0.0
10,20145773,+,20,63761252,-,PCPG,4600,TCGA-WB-A81G-01A,TCGA-WB-A81G-01A,1.0,0.0,0.0,0.0,0.0
11,53262754,-,11,54070651,+,PCPG,4601,TCGA-WB-A81G-01A,TCGA-WB-A81G-01A,1.0,0.0,0.0,0.0,0.0
11,74715717,+,11,74716275,-,PCPG,4602,TCGA-WB-A81G-01A,TCGA-WB-A81G-01A,1.0,0.0,0.0,0.0,0.0
12,55805024,+,12,55805573,-,PCPG,4603,TCGA-WB-A81G-01A,TCGA-WB-A81G-01A,1.0,0.0,0.0,0.0,0.0
18,15624752,+,18,15679112,-,PCPG,4604,TCGA-WB-A81G-01A,TCGA-WB-A81G-01A,1.0,0.0,0.0,0.0,0.0
18,15645856,-,18,15707172,+,PCPG,4605,TCGA-WB-A81G-01A,TCGA-WB-A81G-01A,1.0,0.0,0.0,0.0,0.0
18,18544552,+,18,19162752,-,PCPG,4606,TCGA-WB-A81G-01A,TCGA-WB-A81G-01A,1.0,0.0,0.0,0.0,0.0
18,25336294,+,18,25337040,-,PCPG,4607,TCGA-WB-A81G-01A,TCGA-WB-A81G-01A,1.0,0.0,0.0,0.0,0.0
19,30038599,-,20,51561190,-,PCPG,4608,TCGA-WB-A81G-01A,TCGA-WB-A81G-01A,1.0,0.0,0.0,0.0,0.0
2,238486741,-,18,63103456,-,PCPG,4609,TCGA-WB-A81G-01A,TCGA-WB-A81G-01A,1.0,0.0,0.0,0.0,0.0
20,30001074,+,20,30014445,-,PCPG,4610,TCGA-WB-A81G-01A,TCGA-WB-A81G-01A,1.0,0.0,0.0,0.0,0.0
22,15940477,+,22,15950499,-,PCPG,4611,TCGA-WB-A81G-01A,TCGA-WB-A81G-01A,1.0,0.0,0.0,0.0,0.0
3,77742104,-,12,126928685,+,PCPG,4612,TCGA-WB-A81G-01A,TCGA-WB-A81G-01A,1.0,0.0,0.0,0.0,0.0
3,91869819,+,3,93446950,-,PCPG,4613,TCGA-WB-A81G-01A,TCGA-WB-A81G-01A,1.0,0.0,0.0,0.0,0.0
3,93324700,-,3,93394231,+,PCPG,4614,TCGA-WB-A81G-01A,TCGA-WB-A81G-01A,1.0,0.0,0.0,0.0,0.0
4,92649146,-,15,56669973,+,PCPG,4615,TCGA-WB-A81G-01A,TCGA-WB-A81G-01A,1.0,0.0,0.0,0.0,0.0
4,144405146,-,6,151669148,-,PCPG,4616,TCGA-WB-A81G-01A,TCGA-WB-A81G-01A,1.0,0.0,0.0,0.0,0.0
5,47259012,+,5,47262042,-,PCPG,4617,TCGA-WB-A81G-01A,TCGA-WB-A81G-01A,1.0,0.0,0.0,0.0,0.0
5,49800717,+,5,49853182,-,PCPG,4618,TCGA-WB-A81G-01A,TCGA-WB-A81G-01A,1.0,0.0,0.0,0.0,0.0
6,41676920,-,12,2682728,-,PCPG,4619,TCGA-WB-A81G-01A,TCGA-WB-A81G-01A,1.0,0.0,0.0,0.0,0.0
6,145305515,-,6,165132182,+,PCPG,4620,TCGA-WB-A81G-01A,TCGA-WB-A81G-01A,1.0,0.0,0.0,0.0,0.0
6,150117171,-,13,36625518,+,PCPG,4621,TCGA-WB-A81G-01A,TCGA-WB-A81G-01A,1.0,0.0,0.0,0.0,0.0
9,65438238,+,9,134285782,+,PCPG,4622,TCGA-WB-A81G-01A,TCGA-WB-A81G-01A,1.0,0.0,0.0,0.0,0.0
1,121644510,+,1,121885345,-,PCPG,4623,TCGA-WB-A81H-01A,TCGA-WB-A81H-01A,1.0,0.0,0.0,0.0,0.0
10,674768,-,20,46834800,+,PCPG,4624,TCGA-WB-A81H-01A,TCGA-WB-A81H-01A,1.0,0.0,0.0,0.0,0.0
10,39997115,-,10,39998132,+,PCPG,4625,TCGA-WB-A81H-01A,TCGA-WB-A81H-01A,1.0,0.0,0.0,0.0,0.0
13,18622805,+,21,13717908,-,PCPG,4626,TCGA-WB-A81H-01A,TCGA-WB-A81H-01A,1.0,0.0,0.0,0.0,0.0
15,90161360,-,15,90221868,+,PCPG,4627,TCGA-WB-A81H-01A,TCGA-WB-A81H-01A,1.0,0.0,0.0,0.0,0.0
17,40081176,-,22,17616778,+,PCPG,4628,TCGA-WB-A81H-01A,TCGA-WB-A81H-01A,1.0,0.0,0.0,0.0,0.0
2,41988194,-,2,42274772,+,PCPG,4629,TCGA-WB-A81H-01A,TCGA-WB-A81H-01A,1.0,0.0,0.0,0.0,0.0
5,14564551,-,11,10312316,-,PCPG,4630,TCGA-WB-A81H-01A,TCGA-WB-A81H-01A,1.0,0.0,0.0,0.0,0.0
5,14712753,+,11,10502771,+,PCPG,4631,TCGA-WB-A81H-01A,TCGA-WB-A81H-01A,1.0,0.0,0.0,0.0,0.0
5,144260167,-,5,144495762,+,PCPG,4632,TCGA-WB-A81H-01A,TCGA-WB-A81H-01A,1.0,0.0,0.0,0.0,0.0
5,173825127,-,5,173938440,+,PCPG,4633,TCGA-WB-A81H-01A,TCGA-WB-A81H-01A,1.0,0.0,0.0,0.0,0.0
6,146898271,-,9,116925629,-,PCPG,4634,TCGA-WB-A81H-01A,TCGA-WB-A81H-01A,1.0,0.0,0.0,0.0,0.0
6,147226039,+,9,117176701,+,PCPG,4635,TCGA-WB-A81H-01A,TCGA-WB-A81H-01A,1.0,0.0,0.0,0.0,0.0
8,46700775,-,8,46834452,-,PCPG,4636,TCGA-WB-A81H-01A,TCGA-WB-A81H-01A,1.0,0.0,0.0,0.0,0.0
8,46700962,+,8,46834409,+,PCPG,4637,TCGA-WB-A81H-01A,TCGA-WB-A81H-01A,1.0,0.0,0.0,0.0,0.0
1,10639320,-,4,174090907,+,PCPG,4638,TCGA-WB-A81I-01A,TCGA-WB-A81I-01A,1.0,0.0,0.0,0.0,0.0
1,10706710,+,4,173956934,-,PCPG,4639,TCGA-WB-A81I-01A,TCGA-WB-A81I-01A,1.0,0.0,0.0,0.0,0.0
1,10858083,+,4,173907214,-,PCPG,4640,TCGA-WB-A81I-01A,TCGA-WB-A81I-01A,1.0,0.0,0.0,0.0,0.0
1,103196047,+,8,86091636,+,PCPG,4641,TCGA-WB-A81I-01A,TCGA-WB-A81I-01A,1.0,0.0,0.0,0.0,0.0
1,123575677,-,1,123576917,+,PCPG,4642,TCGA-WB-A81I-01A,TCGA-WB-A81I-01A,1.0,0.0,0.0,0.0,0.0
1,123701690,-,1,123703738,+,PCPG,4643,TCGA-WB-A81I-01A,TCGA-WB-A81I-01A,1.0,0.0,0.0,0.0,0.0
1,123907010,-,1,123908709,+,PCPG,4644,TCGA-WB-A81I-01A,TCGA-WB-A81I-01A,1.0,0.0,0.0,0.0,0.0
1,124185162,-,1,124186264,+,PCPG,4645,TCGA-WB-A81I-01A,TCGA-WB-A81I-01A,1.0,0.0,0.0,0.0,0.0
1,124883886,-,1,124885653,+,PCPG,4646,TCGA-WB-A81I-01A,TCGA-WB-A81I-01A,1.0,0.0,0.0,0.0,0.0
1,223268043,+,3,55038865,-,PCPG,4647,TCGA-WB-A81I-01A,TCGA-WB-A81I-01A,1.0,0.0,0.0,0.0,0.0
10,110137726,+,12,49853472,-,PCPG,4648,TCGA-WB-A81I-01A,TCGA-WB-A81I-01A,1.0,0.0,0.0,0.0,0.0
13,18011507,-,13,18012423,+,PCPG,4649,TCGA-WB-A81I-01A,TCGA-WB-A81I-01A,1.0,0.0,0.0,0.0,0.0
14,26578466,-,14,104092359,-,PCPG,4650,TCGA-WB-A81I-01A,TCGA-WB-A81I-01A,1.0,0.0,0.0,0.0,0.0
14,65098667,-,14,65299362,+,PCPG,4651,TCGA-WB-A81I-01A,TCGA-WB-A81I-01A,1.0,0.0,0.0,0.0,0.0
14,66125959,-,21,42174485,-,PCPG,4652,TCGA-WB-A81I-01A,TCGA-WB-A81I-01A,1.0,0.0,0.0,0.0,0.0
16,4659126,-,16,4753151,+,PCPG,4653,TCGA-WB-A81I-01A,TCGA-WB-A81I-01A,1.0,0.0,0.0,0.0,0.0
16,36787002,-,16,36787729,+,PCPG,4654,TCGA-WB-A81I-01A,TCGA-WB-A81I-01A,1.0,0.0,0.0,0.0,0.0
16,58377604,-,16,58529835,+,PCPG,4655,TCGA-WB-A81I-01A,TCGA-WB-A81I-01A,1.0,0.0,0.0,0.0,0.0
18,15886742,-,18,15888532,+,PCPG,4656,TCGA-WB-A81I-01A,TCGA-WB-A81I-01A,1.0,0.0,0.0,0.0,0.0
18,17299819,-,18,17301188,+,PCPG,4657,TCGA-WB-A81I-01A,TCGA-WB-A81I-01A,1.0,0.0,0.0,0.0,0.0
19,53096887,+,19,53126472,-,PCPG,4658,TCGA-WB-A81I-01A,TCGA-WB-A81I-01A,1.0,0.0,0.0,0.0,0.0
2,66961991,-,2,67371987,+,PCPG,4659,TCGA-WB-A81I-01A,TCGA-WB-A81I-01A,1.0,0.0,0.0,0.0,0.0
2,92345196,-,2,92346279,+,PCPG,4660,TCGA-WB-A81I-01A,TCGA-WB-A81I-01A,1.0,0.0,0.0,0.0,0.0
2,156722810,+,2,164462089,+,PCPG,4661,TCGA-WB-A81I-01A,TCGA-WB-A81I-01A,1.0,0.0,0.0,0.0,0.0
2,194465663,-,8,69963707,-,PCPG,4662,TCGA-WB-A81I-01A,TCGA-WB-A81I-01A,1.0,0.0,0.0,0.0,0.0
20,28515963,+,20,28549116,-,PCPG,4663,TCGA-WB-A81I-01A,TCGA-WB-A81I-01A,1.0,0.0,0.0,0.0,0.0
3,90821273,-,3,90822781,+,PCPG,4664,TCGA-WB-A81I-01A,TCGA-WB-A81I-01A,1.0,0.0,0.0,0.0,0.0
3,91174936,-,3,91200820,+,PCPG,4665,TCGA-WB-A81I-01A,TCGA-WB-A81I-01A,1.0,0.0,0.0,0.0,0.0
4,49197986,-,4,49198981,+,PCPG,4666,TCGA-WB-A81I-01A,TCGA-WB-A81I-01A,1.0,0.0,0.0,0.0,0.0
5,16277101,+,10,8869072,+,PCPG,4667,TCGA-WB-A81I-01A,TCGA-WB-A81I-01A,1.0,0.0,0.0,0.0,0.0
5,47086340,+,5,47095498,-,PCPG,4668,TCGA-WB-A81I-01A,TCGA-WB-A81I-01A,1.0,0.0,0.0,0.0,0.0
5,49816792,+,5,50050901,-,PCPG,4669,TCGA-WB-A81I-01A,TCGA-WB-A81I-01A,1.0,0.0,0.0,0.0,0.0
6,146716506,-,6,147039252,+,PCPG,4670,TCGA-WB-A81I-01A,TCGA-WB-A81I-01A,1.0,0.0,0.0,0.0,0.0
7,103576162,-,21,42174251,-,PCPG,4671,TCGA-WB-A81I-01A,TCGA-WB-A81I-01A,1.0,0.0,0.0,0.0,0.0
7,103576193,-,14,66126133,+,PCPG,4672,TCGA-WB-A81I-01A,TCGA-WB-A81I-01A,1.0,0.0,0.0,0.0,0.0
7,103576197,-,7,157752157,-,PCPG,4673,TCGA-WB-A81I-01A,TCGA-WB-A81I-01A,1.0,0.0,0.0,0.0,0.0
7,157752217,-,21,42174622,+,PCPG,4674,TCGA-WB-A81I-01A,TCGA-WB-A81I-01A,1.0,0.0,0.0,0.0,0.0
7,157752218,-,14,66125959,-,PCPG,4675,TCGA-WB-A81I-01A,TCGA-WB-A81I-01A,1.0,0.0,0.0,0.0,0.0
7,157752699,+,14,26579076,+,PCPG,4676,TCGA-WB-A81I-01A,TCGA-WB-A81I-01A,1.0,0.0,0.0,0.0,0.0
7,157752904,+,14,26579331,+,PCPG,4677,TCGA-WB-A81I-01A,TCGA-WB-A81I-01A,1.0,0.0,0.0,0.0,0.0
1,123007493,-,1,123008434,+,PCPG,4678,TCGA-WB-A81J-01A,TCGA-WB-A81J-01A,1.0,0.0,0.0,0.0,0.0
1,145006011,-,17,38858281,-,PCPG,4679,TCGA-WB-A81J-01A,TCGA-WB-A81J-01A,1.0,0.0,0.0,0.0,0.0
1,145193970,+,1,193552597,-,PCPG,4680,TCGA-WB-A81J-01A,TCGA-WB-A81J-01A,1.0,0.0,0.0,0.0,0.0
1,150495160,+,1,172292729,-,PCPG,4681,TCGA-WB-A81J-01A,TCGA-WB-A81J-01A,1.0,0.0,0.0,0.0,0.0
1,152483803,+,2,221087000,+,PCPG,4682,TCGA-WB-A81J-01A,TCGA-WB-A81J-01A,1.0,0.0,0.0,0.0,0.0
1,152483804,+,4,120189756,+,PCPG,4683,TCGA-WB-A81J-01A,TCGA-WB-A81J-01A,1.0,0.0,0.0,0.0,0.0
1,152825512,-,17,36086502,+,PCPG,4684,TCGA-WB-A81J-01A,TCGA-WB-A81J-01A,1.0,0.0,0.0,0.0,0.0
1,152891717,+,1,178447984,-,PCPG,4685,TCGA-WB-A81J-01A,TCGA-WB-A81J-01A,1.0,0.0,0.0,0.0,0.0
1,153342290,-,1,225775487,-,PCPG,4686,TCGA-WB-A81J-01A,TCGA-WB-A81J-01A,1.0,0.0,0.0,0.0,0.0
1,153389248,+,2,220855595,-,PCPG,4687,TCGA-WB-A81J-01A,TCGA-WB-A81J-01A,1.0,0.0,0.0,0.0,0.0
1,154284100,+,4,119487655,-,PCPG,4688,TCGA-WB-A81J-01A,TCGA-WB-A81J-01A,1.0,0.0,0.0,0.0,0.0
1,154284114,-,4,119487656,-,PCPG,4689,TCGA-WB-A81J-01A,TCGA-WB-A81J-01A,1.0,0.0,0.0,0.0,0.0
1,154323559,+,2,213201953,-,PCPG,4690,TCGA-WB-A81J-01A,TCGA-WB-A81J-01A,1.0,0.0,0.0,0.0,0.0
1,156783027,-,1,239985427,+,PCPG,4691,TCGA-WB-A81J-01A,TCGA-WB-A81J-01A,1.0,0.0,0.0,0.0,0.0
1,157134867,+,1,205857615,+,PCPG,4692,TCGA-WB-A81J-01A,TCGA-WB-A81J-01A,1.0,0.0,0.0,0.0,0.0
1,159396813,-,1,223838684,+,PCPG,4693,TCGA-WB-A81J-01A,TCGA-WB-A81J-01A,1.0,0.0,0.0,0.0,0.0
1,159419926,+,1,171039533,-,PCPG,4694,TCGA-WB-A81J-01A,TCGA-WB-A81J-01A,1.0,0.0,0.0,0.0,0.0
1,163014344,-,1,246224431,+,PCPG,4695,TCGA-WB-A81J-01A,TCGA-WB-A81J-01A,1.0,0.0,0.0,0.0,0.0
1,163190043,+,2,230235736,-,PCPG,4696,TCGA-WB-A81J-01A,TCGA-WB-A81J-01A,1.0,0.0,0.0,0.0,0.0
1,163618476,-,1,238349169,+,PCPG,4697,TCGA-WB-A81J-01A,TCGA-WB-A81J-01A,1.0,0.0,0.0,0.0,0.0
1,163715335,+,1,224677777,+,PCPG,4698,TCGA-WB-A81J-01A,TCGA-WB-A81J-01A,1.0,0.0,0.0,0.0,0.0
1,163847367,-,4,119559899,+,PCPG,4699,TCGA-WB-A81J-01A,TCGA-WB-A81J-01A,1.0,0.0,0.0,0.0,0.0
1,163868326,-,1,211613432,-,PCPG,4700,TCGA-WB-A81J-01A,TCGA-WB-A81J-01A,1.0,0.0,0.0,0.0,0.0
1,163868327,-,1,180252074,+,PCPG,4701,TCGA-WB-A81J-01A,TCGA-WB-A81J-01A,1.0,0.0,0.0,0.0,0.0
1,163868439,-,1,180251865,-,PCPG,4702,TCGA-WB-A81J-01A,TCGA-WB-A81J-01A,1.0,0.0,0.0,0.0,0.0
1,163873697,+,1,185753900,-,PCPG,4703,TCGA-WB-A81J-01A,TCGA-WB-A81J-01A,1.0,0.0,0.0,0.0,0.0
1,163873805,+,1,185753897,+,PCPG,4704,TCGA-WB-A81J-01A,TCGA-WB-A81J-01A,1.0,0.0,0.0,0.0,0.0
1,164031807,+,17,38770373,+,PCPG,4705,TCGA-WB-A81J-01A,TCGA-WB-A81J-01A,1.0,0.0,0.0,0.0,0.0
1,164031807,+,17,38770409,-,PCPG,4706,TCGA-WB-A81J-01A,TCGA-WB-A81J-01A,1.0,0.0,0.0,0.0,0.0
1,166049710,-,1,238348033,-,PCPG,4707,TCGA-WB-A81J-01A,TCGA-WB-A81J-01A,1.0,0.0,0.0,0.0,0.0
1,166049875,+,1,216698803,-,PCPG,4708,TCGA-WB-A81J-01A,TCGA-WB-A81J-01A,1.0,0.0,0.0,0.0,0.0
1,166049875,+,2,223610522,+,PCPG,4709,TCGA-WB-A81J-01A,TCGA-WB-A81J-01A,1.0,0.0,0.0,0.0,0.0
1,166050099,+,1,216698659,-,PCPG,4710,TCGA-WB-A81J-01A,TCGA-WB-A81J-01A,1.0,0.0,0.0,0.0,0.0
1,166145457,-,2,216394627,-,PCPG,4711,TCGA-WB-A81J-01A,TCGA-WB-A81J-01A,1.0,0.0,0.0,0.0,0.0
1,166176598,+,1,201355249,+,PCPG,4712,TCGA-WB-A81J-01A,TCGA-WB-A81J-01A,1.0,0.0,0.0,0.0,0.0
1,166349056,-,1,223770382,-,PCPG,4713,TCGA-WB-A81J-01A,TCGA-WB-A81J-01A,1.0,0.0,0.0,0.0,0.0
1,166351383,+,1,197619459,+,PCPG,4714,TCGA-WB-A81J-01A,TCGA-WB-A81J-01A,1.0,0.0,0.0,0.0,0.0
1,168065793,-,1,224560685,-,PCPG,4715,TCGA-WB-A81J-01A,TCGA-WB-A81J-01A,1.0,0.0,0.0,0.0,0.0
1,168123466,+,1,189082325,-,PCPG,4716,TCGA-WB-A81J-01A,TCGA-WB-A81J-01A,1.0,0.0,0.0,0.0,0.0
1,168988768,-,2,211755462,-,PCPG,4717,TCGA-WB-A81J-01A,TCGA-WB-A81J-01A,1.0,0.0,0.0,0.0,0.0
1,169093151,+,1,190419315,-,PCPG,4718,TCGA-WB-A81J-01A,TCGA-WB-A81J-01A,1.0,0.0,0.0,0.0,0.0
1,169422209,-,2,230255564,+,PCPG,4719,TCGA-WB-A81J-01A,TCGA-WB-A81J-01A,1.0,0.0,0.0,0.0,0.0
1,169497368,+,4,123299989,-,PCPG,4720,TCGA-WB-A81J-01A,TCGA-WB-A81J-01A,1.0,0.0,0.0,0.0,0.0
1,169932393,-,4,120779285,-,PCPG,4721,TCGA-WB-A81J-01A,TCGA-WB-A81J-01A,1.0,0.0,0.0,0.0,0.0
1,170030624,+,1,200343138,-,PCPG,4722,TCGA-WB-A81J-01A,TCGA-WB-A81J-01A,1.0,0.0,0.0,0.0,0.0
1,171040123,+,9,134030168,-,PCPG,4723,TCGA-WB-A81J-01A,TCGA-WB-A81J-01A,1.0,0.0,0.0,0.0,0.0
1,172355807,+,1,238266079,-,PCPG,4724,TCGA-WB-A81J-01A,TCGA-WB-A81J-01A,1.0,0.0,0.0,0.0,0.0
1,173423322,-,1,190597894,+,PCPG,4725,TCGA-WB-A81J-01A,TCGA-WB-A81J-01A,1.0,0.0,0.0,0.0,0.0
1,173626768,+,1,247173184,-,PCPG,4726,TCGA-WB-A81J-01A,TCGA-WB-A81J-01A,1.0,0.0,0.0,0.0,0.0
1,174524862,-,2,222950835,-,PCPG,4727,TCGA-WB-A81J-01A,TCGA-WB-A81J-01A,1.0,0.0,0.0,0.0,0.0
1,174625748,+,2,216421325,+,PCPG,4728,TCGA-WB-A81J-01A,TCGA-WB-A81J-01A,1.0,0.0,0.0,0.0,0.0
1,174625799,-,2,216421282,+,PCPG,4729,TCGA-WB-A81J-01A,TCGA-WB-A81J-01A,1.0,0.0,0.0,0.0,0.0
1,174685451,-,1,216717931,+,PCPG,4730,TCGA-WB-A81J-01A,TCGA-WB-A81J-01A,1.0,0.0,0.0,0.0,0.0
1,174946891,+,1,240690364,+,PCPG,4731,TCGA-WB-A81J-01A,TCGA-WB-A81J-01A,1.0,0.0,0.0,0.0,0.0
1,176381921,-,2,217613015,-,PCPG,4732,TCGA-WB-A81J-01A,TCGA-WB-A81J-01A,1.0,0.0,0.0,0.0,0.0
1,176635141,+,1,226380081,-,PCPG,4733,TCGA-WB-A81J-01A,TCGA-WB-A81J-01A,1.0,0.0,0.0,0.0,0.0
1,177126638,-,1,182371745,+,PCPG,4734,TCGA-WB-A81J-01A,TCGA-WB-A81J-01A,1.0,0.0,0.0,0.0,0.0
1,177250411,+,1,186614798,+,PCPG,4735,TCGA-WB-A81J-01A,TCGA-WB-A81J-01A,1.0,0.0,0.0,0.0,0.0
1,178464978,+,1,189168455,+,PCPG,4736,TCGA-WB-A81J-01A,TCGA-WB-A81J-01A,1.0,0.0,0.0,0.0,0.0
1,179071148,-,1,203745752,+,PCPG,4737,TCGA-WB-A81J-01A,TCGA-WB-A81J-01A,1.0,0.0,0.0,0.0,0.0
1,179071275,-,17,38852203,+,PCPG,4738,TCGA-WB-A81J-01A,TCGA-WB-A81J-01A,1.0,0.0,0.0,0.0,0.0
1,179246808,+,1,179249998,-,PCPG,4739,TCGA-WB-A81J-01A,TCGA-WB-A81J-01A,1.0,0.0,0.0,0.0,0.0
1,179496542,+,1,193571731,+,PCPG,4740,TCGA-WB-A81J-01A,TCGA-WB-A81J-01A,1.0,0.0,0.0,0.0,0.0
1,180158721,-,1,200032420,+,PCPG,4741,TCGA-WB-A81J-01A,TCGA-WB-A81J-01A,1.0,0.0,0.0,0.0,0.0
1,180242001,-,1,182204090,-,PCPG,4742,TCGA-WB-A81J-01A,TCGA-WB-A81J-01A,1.0,0.0,0.0,0.0,0.0
1,180252077,+,1,211613560,+,PCPG,4743,TCGA-WB-A81J-01A,TCGA-WB-A81J-01A,1.0,0.0,0.0,0.0,0.0
1,180252121,+,1,211613780,+,PCPG,4744,TCGA-WB-A81J-01A,TCGA-WB-A81J-01A,1.0,0.0,0.0,0.0,0.0
1,180295413,+,1,180295516,+,PCPG,4745,TCGA-WB-A81J-01A,TCGA-WB-A81J-01A,1.0,0.0,0.0,0.0,0.0
1,180295420,+,2,217434562,-,PCPG,4746,TCGA-WB-A81J-01A,TCGA-WB-A81J-01A,1.0,0.0,0.0,0.0,0.0
1,180295426,-,2,217434610,-,PCPG,4747,TCGA-WB-A81J-01A,TCGA-WB-A81J-01A,1.0,0.0,0.0,0.0,0.0
1,181356668,-,1,185634829,-,PCPG,4748,TCGA-WB-A81J-01A,TCGA-WB-A81J-01A,1.0,0.0,0.0,0.0,0.0
1,181365908,+,1,210855824,-,PCPG,4749,TCGA-WB-A81J-01A,TCGA-WB-A81J-01A,1.0,0.0,0.0,0.0,0.0
1,181397422,+,2,227014992,-,PCPG,4750,TCGA-WB-A81J-01A,TCGA-WB-A81J-01A,1.0,0.0,0.0,0.0,0.0
1,183599611,-,1,238348147,+,PCPG,4751,TCGA-WB-A81J-01A,TCGA-WB-A81J-01A,1.0,0.0,0.0,0.0,0.0
1,183795815,+,1,189201509,-,PCPG,4752,TCGA-WB-A81J-01A,TCGA-WB-A81J-01A,1.0,0.0,0.0,0.0,0.0
1,184002863,-,1,222889784,+,PCPG,4753,TCGA-WB-A81J-01A,TCGA-WB-A81J-01A,1.0,0.0,0.0,0.0,0.0
1,184030732,+,1,241578403,-,PCPG,4754,TCGA-WB-A81J-01A,TCGA-WB-A81J-01A,1.0,0.0,0.0,0.0,0.0
1,185642515,+,1,196863465,+,PCPG,4755,TCGA-WB-A81J-01A,TCGA-WB-A81J-01A,1.0,0.0,0.0,0.0,0.0
1,186433320,-,1,238347504,-,PCPG,4756,TCGA-WB-A81J-01A,TCGA-WB-A81J-01A,1.0,0.0,0.0,0.0,0.0
1,186621022,-,1,217526458,-,PCPG,4757,TCGA-WB-A81J-01A,TCGA-WB-A81J-01A,1.0,0.0,0.0,0.0,0.0
1,186624356,+,1,240688283,-,PCPG,4758,TCGA-WB-A81J-01A,TCGA-WB-A81J-01A,1.0,0.0,0.0,0.0,0.0
1,189254950,+,17,36039359,-,PCPG,4759,TCGA-WB-A81J-01A,TCGA-WB-A81J-01A,1.0,0.0,0.0,0.0,0.0
1,189271270,+,1,238916152,+,PCPG,4760,TCGA-WB-A81J-01A,TCGA-WB-A81J-01A,1.0,0.0,0.0,0.0,0.0
1,191440423,-,2,212048051,+,PCPG,4761,TCGA-WB-A81J-01A,TCGA-WB-A81J-01A,1.0,0.0,0.0,0.0,0.0
1,191441642,-,2,209911145,-,PCPG,4762,TCGA-WB-A81J-01A,TCGA-WB-A81J-01A,1.0,0.0,0.0,0.0,0.0
1,191442299,+,1,207868354,+,PCPG,4763,TCGA-WB-A81J-01A,TCGA-WB-A81J-01A,1.0,0.0,0.0,0.0,0.0
1,191442315,-,1,238347961,+,PCPG,4764,TCGA-WB-A81J-01A,TCGA-WB-A81J-01A,1.0,0.0,0.0,0.0,0.0
1,191443016,+,1,197433982,+,PCPG,4765,TCGA-WB-A81J-01A,TCGA-WB-A81J-01A,1.0,0.0,0.0,0.0,0.0
1,191443022,+,4,124181558,+,PCPG,4766,TCGA-WB-A81J-01A,TCGA-WB-A81J-01A,1.0,0.0,0.0,0.0,0.0
1,193441442,-,1,200479856,+,PCPG,4767,TCGA-WB-A81J-01A,TCGA-WB-A81J-01A,1.0,0.0,0.0,0.0,0.0
1,193501448,+,1,208271588,+,PCPG,4768,TCGA-WB-A81J-01A,TCGA-WB-A81J-01A,1.0,0.0,0.0,0.0,0.0
1,196751360,-,1,197429620,-,PCPG,4769,TCGA-WB-A81J-01A,TCGA-WB-A81J-01A,1.0,0.0,0.0,0.0,0.0
1,196846833,-,1,236854563,-,PCPG,4770,TCGA-WB-A81J-01A,TCGA-WB-A81J-01A,1.0,0.0,0.0,0.0,0.0
1,196863253,+,1,218939213,+,PCPG,4771,TCGA-WB-A81J-01A,TCGA-WB-A81J-01A,1.0,0.0,0.0,0.0,0.0
1,197196745,-,17,38687595,-,PCPG,4772,TCGA-WB-A81J-01A,TCGA-WB-A81J-01A,1.0,0.0,0.0,0.0,0.0
1,197203146,+,1,241643533,+,PCPG,4773,TCGA-WB-A81J-01A,TCGA-WB-A81J-01A,1.0,0.0,0.0,0.0,0.0
1,197591455,-,2,222114109,+,PCPG,4774,TCGA-WB-A81J-01A,TCGA-WB-A81J-01A,1.0,0.0,0.0,0.0,0.0
1,199871033,-,1,239921445,-,PCPG,4775,TCGA-WB-A81J-01A,TCGA-WB-A81J-01A,1.0,0.0,0.0,0.0,0.0
1,200876280,-,4,119694484,-,PCPG,4776,TCGA-WB-A81J-01A,TCGA-WB-A81J-01A,1.0,0.0,0.0,0.0,0.0
1,200931099,+,2,222951188,+,PCPG,4777,TCGA-WB-A81J-01A,TCGA-WB-A81J-01A,1.0,0.0,0.0,0.0,0.0
1,201332279,-,1,207765587,-,PCPG,4778,TCGA-WB-A81J-01A,TCGA-WB-A81J-01A,1.0,0.0,0.0,0.0,0.0
1,202769857,-,1,226677619,+,PCPG,4779,TCGA-WB-A81J-01A,TCGA-WB-A81J-01A,1.0,0.0,0.0,0.0,0.0
1,202893978,+,17,37679668,-,PCPG,4780,TCGA-WB-A81J-01A,TCGA-WB-A81J-01A,1.0,0.0,0.0,0.0,0.0
1,203745656,-,17,38852197,+,PCPG,4781,TCGA-WB-A81J-01A,TCGA-WB-A81J-01A,1.0,0.0,0.0,0.0,0.0
1,205605163,-,1,224360603,+,PCPG,4782,TCGA-WB-A81J-01A,TCGA-WB-A81J-01A,1.0,0.0,0.0,0.0,0.0
1,208513730,-,17,35597382,+,PCPG,4783,TCGA-WB-A81J-01A,TCGA-WB-A81J-01A,1.0,0.0,0.0,0.0,0.0
1,209214765,+,9,3617753,-,PCPG,4784,TCGA-WB-A81J-01A,TCGA-WB-A81J-01A,1.0,0.0,0.0,0.0,0.0
1,209816087,-,17,39099837,+,PCPG,4785,TCGA-WB-A81J-01A,TCGA-WB-A81J-01A,1.0,0.0,0.0,0.0,0.0
1,210032511,+,1,222802691,-,PCPG,4786,TCGA-WB-A81J-01A,TCGA-WB-A81J-01A,1.0,0.0,0.0,0.0,0.0
1,210947355,+,17,38979608,+,PCPG,4787,TCGA-WB-A81J-01A,TCGA-WB-A81J-01A,1.0,0.0,0.0,0.0,0.0
1,213897516,-,2,217619117,+,PCPG,4788,TCGA-WB-A81J-01A,TCGA-WB-A81J-01A,1.0,0.0,0.0,0.0,0.0
1,213916328,+,1,231105731,+,PCPG,4789,TCGA-WB-A81J-01A,TCGA-WB-A81J-01A,1.0,0.0,0.0,0.0,0.0
1,214200851,-,1,238485451,+,PCPG,4790,TCGA-WB-A81J-01A,TCGA-WB-A81J-01A,1.0,0.0,0.0,0.0,0.0
1,214434425,+,2,217589828,+,PCPG,4791,TCGA-WB-A81J-01A,TCGA-WB-A81J-01A,1.0,0.0,0.0,0.0,0.0
1,215225640,-,2,221891643,-,PCPG,4792,TCGA-WB-A81J-01A,TCGA-WB-A81J-01A,1.0,0.0,0.0,0.0,0.0
1,215884283,-,1,238906577,-,PCPG,4793,TCGA-WB-A81J-01A,TCGA-WB-A81J-01A,1.0,0.0,0.0,0.0,0.0
1,215887034,+,1,228345940,+,PCPG,4794,TCGA-WB-A81J-01A,TCGA-WB-A81J-01A,1.0,0.0,0.0,0.0,0.0
1,216677750,-,9,3635721,+,PCPG,4795,TCGA-WB-A81J-01A,TCGA-WB-A81J-01A,1.0,0.0,0.0,0.0,0.0
1,216698802,-,2,223610267,-,PCPG,4796,TCGA-WB-A81J-01A,TCGA-WB-A81J-01A,1.0,0.0,0.0,0.0,0.0
1,216792284,+,2,220857451,+,PCPG,4797,TCGA-WB-A81J-01A,TCGA-WB-A81J-01A,1.0,0.0,0.0,0.0,0.0
1,217583791,+,1,225939984,+,PCPG,4798,TCGA-WB-A81J-01A,TCGA-WB-A81J-01A,1.0,0.0,0.0,0.0,0.0
1,222862238,-,18,28959646,+,PCPG,4799,TCGA-WB-A81J-01A,TCGA-WB-A81J-01A,1.0,0.0,0.0,0.0,0.0
1,222862242,-,2,211760608,+,PCPG,4800,TCGA-WB-A81J-01A,TCGA-WB-A81J-01A,1.0,0.0,0.0,0.0,0.0
1,222880574,+,2,237530105,-,PCPG,4801,TCGA-WB-A81J-01A,TCGA-WB-A81J-01A,1.0,0.0,0.0,0.0,0.0
1,222880577,+,2,237530167,+,PCPG,4802,TCGA-WB-A81J-01A,TCGA-WB-A81J-01A,1.0,0.0,0.0,0.0,0.0
1,222902361,-,2,227152531,+,PCPG,4803,TCGA-WB-A81J-01A,TCGA-WB-A81J-01A,1.0,0.0,0.0,0.0,0.0
1,222916507,+,1,225816298,-,PCPG,4804,TCGA-WB-A81J-01A,TCGA-WB-A81J-01A,1.0,0.0,0.0,0.0,0.0
1,224328306,-,2,231035064,-,PCPG,4805,TCGA-WB-A81J-01A,TCGA-WB-A81J-01A,1.0,0.0,0.0,0.0,0.0
1,225812378,+,1,247181221,+,PCPG,4806,TCGA-WB-A81J-01A,TCGA-WB-A81J-01A,1.0,0.0,0.0,0.0,0.0
1,228164150,-,17,37701713,+,PCPG,4807,TCGA-WB-A81J-01A,TCGA-WB-A81J-01A,1.0,0.0,0.0,0.0,0.0
1,237015366,+,2,238812335,+,PCPG,4808,TCGA-WB-A81J-01A,TCGA-WB-A81J-01A,1.0,0.0,0.0,0.0,0.0
1,238481569,-,2,211524673,-,PCPG,4809,TCGA-WB-A81J-01A,TCGA-WB-A81J-01A,1.0,0.0,0.0,0.0,0.0
1,246146421,-,2,223919231,-,PCPG,4810,TCGA-WB-A81J-01A,TCGA-WB-A81J-01A,1.0,0.0,0.0,0.0,0.0
1,248459821,-,4,120099590,-,PCPG,4811,TCGA-WB-A81J-01A,TCGA-WB-A81J-01A,1.0,0.0,0.0,0.0,0.0
1,248686579,+,2,211643220,+,PCPG,4812,TCGA-WB-A81J-01A,TCGA-WB-A81J-01A,1.0,0.0,0.0,0.0,0.0
13,16026048,-,13,16061461,+,PCPG,4813,TCGA-WB-A81J-01A,TCGA-WB-A81J-01A,1.0,0.0,0.0,0.0,0.0
17,341631,+,20,48440015,-,PCPG,4814,TCGA-WB-A81J-01A,TCGA-WB-A81J-01A,1.0,0.0,0.0,0.0,0.0
17,23193460,-,17,23195622,+,PCPG,4815,TCGA-WB-A81J-01A,TCGA-WB-A81J-01A,1.0,0.0,0.0,0.0,0.0
17,38863436,+,17,39068771,-,PCPG,4816,TCGA-WB-A81J-01A,TCGA-WB-A81J-01A,1.0,0.0,0.0,0.0,0.0
18,15485304,+,18,15550208,-,PCPG,4817,TCGA-WB-A81J-01A,TCGA-WB-A81J-01A,1.0,0.0,0.0,0.0,0.0
18,15754735,-,18,15785535,+,PCPG,4818,TCGA-WB-A81J-01A,TCGA-WB-A81J-01A,1.0,0.0,0.0,0.0,0.0
2,156722699,+,2,164462089,+,PCPG,4819,TCGA-WB-A81J-01A,TCGA-WB-A81J-01A,1.0,0.0,0.0,0.0,0.0
2,210013167,+,4,120849413,+,PCPG,4820,TCGA-WB-A81J-01A,TCGA-WB-A81J-01A,1.0,0.0,0.0,0.0,0.0
2,211760608,+,18,28959385,-,PCPG,4821,TCGA-WB-A81J-01A,TCGA-WB-A81J-01A,1.0,0.0,0.0,0.0,0.0
2,213269478,+,4,119736322,+,PCPG,4822,TCGA-WB-A81J-01A,TCGA-WB-A81J-01A,1.0,0.0,0.0,0.0,0.0
2,221086907,-,4,120189756,+,PCPG,4823,TCGA-WB-A81J-01A,TCGA-WB-A81J-01A,1.0,0.0,0.0,0.0,0.0
2,224014380,+,2,238550224,-,PCPG,4824,TCGA-WB-A81J-01A,TCGA-WB-A81J-01A,1.0,0.0,0.0,0.0,0.0
2,237524588,-,4,123332040,+,PCPG,4825,TCGA-WB-A81J-01A,TCGA-WB-A81J-01A,1.0,0.0,0.0,0.0,0.0
2,237530048,+,2,237530195,+,PCPG,4826,TCGA-WB-A81J-01A,TCGA-WB-A81J-01A,1.0,0.0,0.0,0.0,0.0
20,46989157,+,20,62975050,+,PCPG,4827,TCGA-WB-A81J-01A,TCGA-WB-A81J-01A,1.0,0.0,0.0,0.0,0.0
3,91113707,-,3,91221051,+,PCPG,4828,TCGA-WB-A81J-01A,TCGA-WB-A81J-01A,1.0,0.0,0.0,0.0,0.0
4,117267092,+,17,42428450,-,PCPG,4829,TCGA-WB-A81J-01A,TCGA-WB-A81J-01A,1.0,0.0,0.0,0.0,0.0
5,47154270,-,5,47272777,+,PCPG,4830,TCGA-WB-A81J-01A,TCGA-WB-A81J-01A,1.0,0.0,0.0,0.0,0.0
7,56838649,+,7,63738746,+,PCPG,4831,TCGA-WB-A81J-01A,TCGA-WB-A81J-01A,1.0,0.0,0.0,0.0,0.0
9,5757725,+,9,5760638,-,PCPG,4832,TCGA-WB-A81J-01A,TCGA-WB-A81J-01A,1.0,0.0,0.0,0.0,0.0
9,5787079,+,9,5794151,-,PCPG,4833,TCGA-WB-A81J-01A,TCGA-WB-A81J-01A,1.0,0.0,0.0,0.0,0.0
9,134030167,-,9,134107785,+,PCPG,4834,TCGA-WB-A81J-01A,TCGA-WB-A81J-01A,1.0,0.0,0.0,0.0,0.0
9,134052508,+,9,134108059,+,PCPG,4835,TCGA-WB-A81J-01A,TCGA-WB-A81J-01A,1.0,0.0,0.0,0.0,0.0
1,10411550,-,11,96206343,+,PCPG,4836,TCGA-WB-A81K-01A,TCGA-WB-A81K-01A,1.0,0.0,0.0,0.0,0.0
1,10572172,+,3,54035304,+,PCPG,4837,TCGA-WB-A81K-01A,TCGA-WB-A81K-01A,1.0,0.0,0.0,0.0,0.0
1,15902187,-,3,53395604,-,PCPG,4838,TCGA-WB-A81K-01A,TCGA-WB-A81K-01A,1.0,0.0,0.0,0.0,0.0
1,49324949,+,13,50741296,-,PCPG,4839,TCGA-WB-A81K-01A,TCGA-WB-A81K-01A,1.0,0.0,0.0,0.0,0.0
1,228930406,+,7,94861546,-,PCPG,4840,TCGA-WB-A81K-01A,TCGA-WB-A81K-01A,1.0,0.0,0.0,0.0,0.0
10,8397486,-,10,101067207,-,PCPG,4841,TCGA-WB-A81K-01A,TCGA-WB-A81K-01A,1.0,0.0,0.0,0.0,0.0
10,8744176,+,10,89663161,+,PCPG,4842,TCGA-WB-A81K-01A,TCGA-WB-A81K-01A,1.0,0.0,0.0,0.0,0.0
10,89439263,-,18,874036,-,PCPG,4843,TCGA-WB-A81K-01A,TCGA-WB-A81K-01A,1.0,0.0,0.0,0.0,0.0
10,101476002,+,18,1257684,+,PCPG,4844,TCGA-WB-A81K-01A,TCGA-WB-A81K-01A,1.0,0.0,0.0,0.0,0.0
11,1281485,+,11,67134062,-,PCPG,4845,TCGA-WB-A81K-01A,TCGA-WB-A81K-01A,1.0,0.0,0.0,0.0,0.0
11,47642079,-,14,68794659,-,PCPG,4846,TCGA-WB-A81K-01A,TCGA-WB-A81K-01A,1.0,0.0,0.0,0.0,0.0
11,51091134,+,11,51999679,-,PCPG,4847,TCGA-WB-A81K-01A,TCGA-WB-A81K-01A,1.0,0.0,0.0,0.0,0.0
11,96065094,-,20,50837255,-,PCPG,4848,TCGA-WB-A81K-01A,TCGA-WB-A81K-01A,1.0,0.0,0.0,0.0,0.0
13,16664866,-,13,16829888,+,PCPG,4849,TCGA-WB-A81K-01A,TCGA-WB-A81K-01A,1.0,0.0,0.0,0.0,0.0
14,63675774,+,14,90807900,+,PCPG,4850,TCGA-WB-A81K-01A,TCGA-WB-A81K-01A,1.0,0.0,0.0,0.0,0.0
14,89165368,+,14,90568928,-,PCPG,4851,TCGA-WB-A81K-01A,TCGA-WB-A81K-01A,1.0,0.0,0.0,0.0,0.0
14,106421611,-,14,106639065,+,PCPG,4852,TCGA-WB-A81K-01A,TCGA-WB-A81K-01A,1.0,0.0,0.0,0.0,0.0
16,67509141,-,16,67742348,+,PCPG,4853,TCGA-WB-A81K-01A,TCGA-WB-A81K-01A,1.0,0.0,0.0,0.0,0.0
16,70557240,-,16,70792822,+,PCPG,4854,TCGA-WB-A81K-01A,TCGA-WB-A81K-01A,1.0,0.0,0.0,0.0,0.0
17,51389195,-,19,38454603,+,PCPG,4855,TCGA-WB-A81K-01A,TCGA-WB-A81K-01A,1.0,0.0,0.0,0.0,0.0
17,51702706,+,19,38177565,-,PCPG,4856,TCGA-WB-A81K-01A,TCGA-WB-A81K-01A,1.0,0.0,0.0,0.0,0.0
18,17452868,-,18,17453684,+,PCPG,4857,TCGA-WB-A81K-01A,TCGA-WB-A81K-01A,1.0,0.0,0.0,0.0,0.0
2,2107367,-,2,2107496,-,PCPG,4858,TCGA-WB-A81K-01A,TCGA-WB-A81K-01A,1.0,0.0,0.0,0.0,0.0
2,16487048,-,7,104777990,-,PCPG,4859,TCGA-WB-A81K-01A,TCGA-WB-A81K-01A,1.0,0.0,0.0,0.0,0.0
2,16862144,+,4,174144043,+,PCPG,4860,TCGA-WB-A81K-01A,TCGA-WB-A81K-01A,1.0,0.0,0.0,0.0,0.0
3,53817835,-,11,67134522,+,PCPG,4861,TCGA-WB-A81K-01A,TCGA-WB-A81K-01A,1.0,0.0,0.0,0.0,0.0
3,91404519,+,6,57618396,+,PCPG,4862,TCGA-WB-A81K-01A,TCGA-WB-A81K-01A,1.0,0.0,0.0,0.0,0.0
3,91438656,+,6,57584116,+,PCPG,4863,TCGA-WB-A81K-01A,TCGA-WB-A81K-01A,1.0,0.0,0.0,0.0,0.0
3,92714625,-,3,92991800,+,PCPG,4864,TCGA-WB-A81K-01A,TCGA-WB-A81K-01A,1.0,0.0,0.0,0.0,0.0
3,156391105,-,13,51041744,+,PCPG,4865,TCGA-WB-A81K-01A,TCGA-WB-A81K-01A,1.0,0.0,0.0,0.0,0.0
4,128009028,-,7,95037067,+,PCPG,4866,TCGA-WB-A81K-01A,TCGA-WB-A81K-01A,1.0,0.0,0.0,0.0,0.0
4,128280270,+,20,51177521,+,PCPG,4867,TCGA-WB-A81K-01A,TCGA-WB-A81K-01A,1.0,0.0,0.0,0.0,0.0
4,173814087,-,7,105005984,+,PCPG,4868,TCGA-WB-A81K-01A,TCGA-WB-A81K-01A,1.0,0.0,0.0,0.0,0.0
5,22033799,-,5,22245749,+,PCPG,4869,TCGA-WB-A81K-01A,TCGA-WB-A81K-01A,1.0,0.0,0.0,0.0,0.0
5,81962343,+,5,148683625,-,PCPG,4870,TCGA-WB-A81K-01A,TCGA-WB-A81K-01A,1.0,0.0,0.0,0.0,0.0
5,176197567,+,5,177941723,+,PCPG,4871,TCGA-WB-A81K-01A,TCGA-WB-A81K-01A,1.0,0.0,0.0,0.0,0.0
6,111472246,-,14,63385092,-,PCPG,4872,TCGA-WB-A81K-01A,TCGA-WB-A81K-01A,1.0,0.0,0.0,0.0,0.0
6,111701468,+,14,88939219,-,PCPG,4873,TCGA-WB-A81K-01A,TCGA-WB-A81K-01A,1.0,0.0,0.0,0.0,0.0
7,127929983,-,7,140791563,+,PCPG,4874,TCGA-WB-A81K-01A,TCGA-WB-A81K-01A,1.0,0.0,0.0,0.0,0.0
8,80797314,+,20,43068220,-,PCPG,4875,TCGA-WB-A81K-01A,TCGA-WB-A81K-01A,1.0,0.0,0.0,0.0,0.0
9,36590840,+,9,36591668,-,PCPG,4876,TCGA-WB-A81K-01A,TCGA-WB-A81K-01A,1.0,0.0,0.0,0.0,0.0
9,42886570,+,9,64403612,-,PCPG,4877,TCGA-WB-A81K-01A,TCGA-WB-A81K-01A,1.0,0.0,0.0,0.0,0.0
23,76063243,+,23,76093558,-,PCPG,4878,TCGA-WB-A81K-01A,TCGA-WB-A81K-01A,1.0,0.0,0.0,0.0,0.0
1,36444182,+,11,121081820,-,PCPG,4879,TCGA-WB-A81M-01A,TCGA-WB-A81M-01A,1.0,0.0,0.0,0.0,0.0
1,122885754,-,1,122887458,+,PCPG,4880,TCGA-WB-A81M-01A,TCGA-WB-A81M-01A,1.0,0.0,0.0,0.0,0.0
1,123893034,-,1,123894332,+,PCPG,4881,TCGA-WB-A81M-01A,TCGA-WB-A81M-01A,1.0,0.0,0.0,0.0,0.0
10,50980803,+,18,71964640,-,PCPG,4882,TCGA-WB-A81M-01A,TCGA-WB-A81M-01A,1.0,0.0,0.0,0.0,0.0
11,70436474,-,11,70505314,+,PCPG,4883,TCGA-WB-A81M-01A,TCGA-WB-A81M-01A,1.0,0.0,0.0,0.0,0.0
11,118983532,+,18,22860083,+,PCPG,4884,TCGA-WB-A81M-01A,TCGA-WB-A81M-01A,1.0,0.0,0.0,0.0,0.0
11,121187923,+,17,17619590,-,PCPG,4885,TCGA-WB-A81M-01A,TCGA-WB-A81M-01A,1.0,0.0,0.0,0.0,0.0
22,42512697,+,22,42574824,-,PCPG,4886,TCGA-WB-A81M-01A,TCGA-WB-A81M-01A,1.0,0.0,0.0,0.0,0.0
3,26759298,-,3,26885875,+,PCPG,4887,TCGA-WB-A81M-01A,TCGA-WB-A81M-01A,1.0,0.0,0.0,0.0,0.0
3,179184934,+,3,179185614,-,PCPG,4888,TCGA-WB-A81M-01A,TCGA-WB-A81M-01A,1.0,0.0,0.0,0.0,0.0
4,51059312,+,4,51683415,-,PCPG,4889,TCGA-WB-A81M-01A,TCGA-WB-A81M-01A,1.0,0.0,0.0,0.0,0.0
4,65088378,+,17,63740108,+,PCPG,4890,TCGA-WB-A81M-01A,TCGA-WB-A81M-01A,1.0,0.0,0.0,0.0,0.0
5,154387093,-,5,154595918,+,PCPG,4891,TCGA-WB-A81M-01A,TCGA-WB-A81M-01A,1.0,0.0,0.0,0.0,0.0
6,57460775,-,6,60353622,+,PCPG,4892,TCGA-WB-A81M-01A,TCGA-WB-A81M-01A,1.0,0.0,0.0,0.0,0.0
6,57992394,+,6,60744100,-,PCPG,4893,TCGA-WB-A81M-01A,TCGA-WB-A81M-01A,1.0,0.0,0.0,0.0,0.0
6,80519049,+,12,3639477,+,PCPG,4894,TCGA-WB-A81M-01A,TCGA-WB-A81M-01A,1.0,0.0,0.0,0.0,0.0
6,136616369,-,6,136795081,+,PCPG,4895,TCGA-WB-A81M-01A,TCGA-WB-A81M-01A,1.0,0.0,0.0,0.0,0.0
7,152231773,+,13,18339147,+,PCPG,4896,TCGA-WB-A81M-01A,TCGA-WB-A81M-01A,1.0,0.0,0.0,0.0,0.0
9,63365315,-,9,63366003,+,PCPG,4897,TCGA-WB-A81M-01A,TCGA-WB-A81M-01A,1.0,0.0,0.0,0.0,0.0
9,65384931,-,9,65386363,+,PCPG,4898,TCGA-WB-A81M-01A,TCGA-WB-A81M-01A,1.0,0.0,0.0,0.0,0.0
1,150284032,+,11,67789379,-,PCPG,4899,TCGA-WB-A81N-01A,TCGA-WB-A81N-01A,1.0,0.0,0.0,0.0,0.0
10,38004025,-,10,38057337,+,PCPG,4900,TCGA-WB-A81N-01A,TCGA-WB-A81N-01A,1.0,0.0,0.0,0.0,0.0
11,52742347,+,11,53728719,-,PCPG,4901,TCGA-WB-A81N-01A,TCGA-WB-A81N-01A,1.0,0.0,0.0,0.0,0.0
11,54359697,-,11,54384681,+,PCPG,4902,TCGA-WB-A81N-01A,TCGA-WB-A81N-01A,1.0,0.0,0.0,0.0,0.0
12,53520785,-,17,44038025,-,PCPG,4903,TCGA-WB-A81N-01A,TCGA-WB-A81N-01A,1.0,0.0,0.0,0.0,0.0
12,56717029,+,12,56717596,-,PCPG,4904,TCGA-WB-A81N-01A,TCGA-WB-A81N-01A,1.0,0.0,0.0,0.0,0.0
12,129779510,-,12,129896016,+,PCPG,4905,TCGA-WB-A81N-01A,TCGA-WB-A81N-01A,1.0,0.0,0.0,0.0,0.0
17,44105673,+,22,21749480,+,PCPG,4906,TCGA-WB-A81N-01A,TCGA-WB-A81N-01A,1.0,0.0,0.0,0.0,0.0
18,15473194,+,18,15699357,-,PCPG,4907,TCGA-WB-A81N-01A,TCGA-WB-A81N-01A,1.0,0.0,0.0,0.0,0.0
18,15653749,-,18,15679678,+,PCPG,4908,TCGA-WB-A81N-01A,TCGA-WB-A81N-01A,1.0,0.0,0.0,0.0,0.0
18,15967981,+,18,17538897,-,PCPG,4909,TCGA-WB-A81N-01A,TCGA-WB-A81N-01A,1.0,0.0,0.0,0.0,0.0
2,92283516,-,2,92284352,+,PCPG,4910,TCGA-WB-A81N-01A,TCGA-WB-A81N-01A,1.0,0.0,0.0,0.0,0.0
2,92912355,-,2,92913236,+,PCPG,4911,TCGA-WB-A81N-01A,TCGA-WB-A81N-01A,1.0,0.0,0.0,0.0,0.0
2,93888097,-,2,93888865,+,PCPG,4912,TCGA-WB-A81N-01A,TCGA-WB-A81N-01A,1.0,0.0,0.0,0.0,0.0
6,94447671,+,8,38060521,+,PCPG,4913,TCGA-WB-A81N-01A,TCGA-WB-A81N-01A,1.0,0.0,0.0,0.0,0.0
6,166014712,+,12,41436820,-,PCPG,4914,TCGA-WB-A81N-01A,TCGA-WB-A81N-01A,1.0,0.0,0.0,0.0,0.0
6,166173886,-,12,41222133,+,PCPG,4915,TCGA-WB-A81N-01A,TCGA-WB-A81N-01A,1.0,0.0,0.0,0.0,0.0
6,166193295,+,12,41555382,+,PCPG,4916,TCGA-WB-A81N-01A,TCGA-WB-A81N-01A,1.0,0.0,0.0,0.0,0.0
6,166236221,-,22,48217277,-,PCPG,4917,TCGA-WB-A81N-01A,TCGA-WB-A81N-01A,1.0,0.0,0.0,0.0,0.0
6,166298740,+,12,41221304,-,PCPG,4918,TCGA-WB-A81N-01A,TCGA-WB-A81N-01A,1.0,0.0,0.0,0.0,0.0
7,2035271,+,7,2036283,-,PCPG,4919,TCGA-WB-A81N-01A,TCGA-WB-A81N-01A,1.0,0.0,0.0,0.0,0.0
1,43746379,+,7,8084713,-,PCPG,4920,TCGA-WB-A81P-01A,TCGA-WB-A81P-01A,1.0,0.0,0.0,0.0,0.0
1,203299880,-,3,48074677,-,PCPG,4921,TCGA-WB-A81P-01A,TCGA-WB-A81P-01A,1.0,0.0,0.0,0.0,0.0
1,246945359,-,14,100261057,+,PCPG,4922,TCGA-WB-A81P-01A,TCGA-WB-A81P-01A,1.0,0.0,0.0,0.0,0.0
10,35687860,+,10,35688541,-,PCPG,4923,TCGA-WB-A81P-01A,TCGA-WB-A81P-01A,1.0,0.0,0.0,0.0,0.0
11,65513131,+,12,49765188,-,PCPG,4924,TCGA-WB-A81P-01A,TCGA-WB-A81P-01A,1.0,0.0,0.0,0.0,0.0
11,117567881,-,14,95300802,-,PCPG,4925,TCGA-WB-A81P-01A,TCGA-WB-A81P-01A,1.0,0.0,0.0,0.0,0.0
11,117751230,+,14,95422175,+,PCPG,4926,TCGA-WB-A81P-01A,TCGA-WB-A81P-01A,1.0,0.0,0.0,0.0,0.0
12,50071025,+,17,41649893,-,PCPG,4927,TCGA-WB-A81P-01A,TCGA-WB-A81P-01A,1.0,0.0,0.0,0.0,0.0
13,102049535,-,17,41864612,+,PCPG,4928,TCGA-WB-A81P-01A,TCGA-WB-A81P-01A,1.0,0.0,0.0,0.0,0.0
15,17506869,+,15,18047107,-,PCPG,4929,TCGA-WB-A81P-01A,TCGA-WB-A81P-01A,1.0,0.0,0.0,0.0,0.0
16,2600047,+,16,2678154,-,PCPG,4930,TCGA-WB-A81P-01A,TCGA-WB-A81P-01A,1.0,0.0,0.0,0.0,0.0
2,46983743,-,2,47172440,+,PCPG,4931,TCGA-WB-A81P-01A,TCGA-WB-A81P-01A,1.0,0.0,0.0,0.0,0.0
2,218634310,-,2,218929508,+,PCPG,4932,TCGA-WB-A81P-01A,TCGA-WB-A81P-01A,1.0,0.0,0.0,0.0,0.0
3,128176549,-,13,102172160,+,PCPG,4933,TCGA-WB-A81P-01A,TCGA-WB-A81P-01A,1.0,0.0,0.0,0.0,0.0
3,128511966,+,17,43153832,-,PCPG,4934,TCGA-WB-A81P-01A,TCGA-WB-A81P-01A,1.0,0.0,0.0,0.0,0.0
4,174236921,+,15,84569742,+,PCPG,4935,TCGA-WB-A81P-01A,TCGA-WB-A81P-01A,1.0,0.0,0.0,0.0,0.0
7,51156213,+,7,51156723,-,PCPG,4936,TCGA-WB-A81P-01A,TCGA-WB-A81P-01A,1.0,0.0,0.0,0.0,0.0
8,44903489,+,8,45861222,-,PCPG,4937,TCGA-WB-A81P-01A,TCGA-WB-A81P-01A,1.0,0.0,0.0,0.0,0.0
8,45080659,-,8,45427525,+,PCPG,4938,TCGA-WB-A81P-01A,TCGA-WB-A81P-01A,1.0,0.0,0.0,0.0,0.0
1,112088487,-,1,112088587,-,PCPG,4939,TCGA-WB-A81Q-01A,TCGA-WB-A81Q-01A,1.0,0.0,0.0,0.0,0.0
1,242271223,-,10,38327287,-,PCPG,4940,TCGA-WB-A81Q-01A,TCGA-WB-A81Q-01A,1.0,0.0,0.0,0.0,0.0
10,483137,-,23,49231188,+,PCPG,4941,TCGA-WB-A81Q-01A,TCGA-WB-A81Q-01A,1.0,0.0,0.0,0.0,0.0
10,98735246,+,10,98736024,-,PCPG,4942,TCGA-WB-A81Q-01A,TCGA-WB-A81Q-01A,1.0,0.0,0.0,0.0,0.0
11,19780780,+,11,19900951,-,PCPG,4943,TCGA-WB-A81Q-01A,TCGA-WB-A81Q-01A,1.0,0.0,0.0,0.0,0.0
12,33467449,-,12,33497690,+,PCPG,4944,TCGA-WB-A81Q-01A,TCGA-WB-A81Q-01A,1.0,0.0,0.0,0.0,0.0
12,99021328,+,12,99026698,-,PCPG,4945,TCGA-WB-A81Q-01A,TCGA-WB-A81Q-01A,1.0,0.0,0.0,0.0,0.0
12,99025641,+,12,99027089,+,PCPG,4946,TCGA-WB-A81Q-01A,TCGA-WB-A81Q-01A,1.0,0.0,0.0,0.0,0.0
15,30990024,-,15,33862904,+,PCPG,4947,TCGA-WB-A81Q-01A,TCGA-WB-A81Q-01A,1.0,0.0,0.0,0.0,0.0
16,32462131,+,22,16403689,+,PCPG,4948,TCGA-WB-A81Q-01A,TCGA-WB-A81Q-01A,1.0,0.0,0.0,0.0,0.0
17,36593404,-,17,36594385,-,PCPG,4949,TCGA-WB-A81Q-01A,TCGA-WB-A81Q-01A,1.0,0.0,0.0,0.0,0.0
2,35236318,+,11,97299901,-,PCPG,4950,TCGA-WB-A81Q-01A,TCGA-WB-A81Q-01A,1.0,0.0,0.0,0.0,0.0
2,100037279,-,2,182627358,-,PCPG,4951,TCGA-WB-A81Q-01A,TCGA-WB-A81Q-01A,1.0,0.0,0.0,0.0,0.0
2,233137897,-,7,75664276,+,PCPG,4952,TCGA-WB-A81Q-01A,TCGA-WB-A81Q-01A,1.0,0.0,0.0,0.0,0.0
20,150466,+,20,153761,-,PCPG,4953,TCGA-WB-A81Q-01A,TCGA-WB-A81Q-01A,1.0,0.0,0.0,0.0,0.0
3,28942637,-,3,32079798,-,PCPG,4954,TCGA-WB-A81Q-01A,TCGA-WB-A81Q-01A,1.0,0.0,0.0,0.0,0.0
3,28942738,+,3,32079342,+,PCPG,4955,TCGA-WB-A81Q-01A,TCGA-WB-A81Q-01A,1.0,0.0,0.0,0.0,0.0
3,28983279,-,3,35767488,+,PCPG,4956,TCGA-WB-A81Q-01A,TCGA-WB-A81Q-01A,1.0,0.0,0.0,0.0,0.0
3,28985746,-,3,28986699,+,PCPG,4957,TCGA-WB-A81Q-01A,TCGA-WB-A81Q-01A,1.0,0.0,0.0,0.0,0.0
3,28986067,+,3,35767188,+,PCPG,4958,TCGA-WB-A81Q-01A,TCGA-WB-A81Q-01A,1.0,0.0,0.0,0.0,0.0
3,30810459,-,3,32079902,+,PCPG,4959,TCGA-WB-A81Q-01A,TCGA-WB-A81Q-01A,1.0,0.0,0.0,0.0,0.0
3,32074535,+,4,12688609,-,PCPG,4960,TCGA-WB-A81Q-01A,TCGA-WB-A81Q-01A,1.0,0.0,0.0,0.0,0.0
3,32079085,-,3,35766569,-,PCPG,4961,TCGA-WB-A81Q-01A,TCGA-WB-A81Q-01A,1.0,0.0,0.0,0.0,0.0
3,35763289,-,3,35767432,+,PCPG,4962,TCGA-WB-A81Q-01A,TCGA-WB-A81Q-01A,1.0,0.0,0.0,0.0,0.0
3,35763696,+,3,35767227,-,PCPG,4963,TCGA-WB-A81Q-01A,TCGA-WB-A81Q-01A,1.0,0.0,0.0,0.0,0.0
3,90799949,+,3,90808624,-,PCPG,4964,TCGA-WB-A81Q-01A,TCGA-WB-A81Q-01A,1.0,0.0,0.0,0.0,0.0
3,90871395,-,3,90878241,+,PCPG,4965,TCGA-WB-A81Q-01A,TCGA-WB-A81Q-01A,1.0,0.0,0.0,0.0,0.0
4,8382974,+,13,108759705,-,PCPG,4966,TCGA-WB-A81Q-01A,TCGA-WB-A81Q-01A,1.0,0.0,0.0,0.0,0.0
4,20847809,+,4,20989162,-,PCPG,4967,TCGA-WB-A81Q-01A,TCGA-WB-A81Q-01A,1.0,0.0,0.0,0.0,0.0
4,112703284,+,4,113057110,-,PCPG,4968,TCGA-WB-A81Q-01A,TCGA-WB-A81Q-01A,1.0,0.0,0.0,0.0,0.0
4,181209774,+,4,181232392,-,PCPG,4969,TCGA-WB-A81Q-01A,TCGA-WB-A81Q-01A,1.0,0.0,0.0,0.0,0.0
4,181587951,+,4,182769336,-,PCPG,4970,TCGA-WB-A81Q-01A,TCGA-WB-A81Q-01A,1.0,0.0,0.0,0.0,0.0
5,20593477,-,9,110662622,-,PCPG,4971,TCGA-WB-A81Q-01A,TCGA-WB-A81Q-01A,1.0,0.0,0.0,0.0,0.0
5,46406065,+,5,46409811,-,PCPG,4972,TCGA-WB-A81Q-01A,TCGA-WB-A81Q-01A,1.0,0.0,0.0,0.0,0.0
5,49801704,-,5,49925565,+,PCPG,4973,TCGA-WB-A81Q-01A,TCGA-WB-A81Q-01A,1.0,0.0,0.0,0.0,0.0
6,101857769,+,6,102028196,-,PCPG,4974,TCGA-WB-A81Q-01A,TCGA-WB-A81Q-01A,1.0,0.0,0.0,0.0,0.0
6,149427947,-,6,149764333,-,PCPG,4975,TCGA-WB-A81Q-01A,TCGA-WB-A81Q-01A,1.0,0.0,0.0,0.0,0.0
7,57103770,-,7,63275893,+,PCPG,4976,TCGA-WB-A81Q-01A,TCGA-WB-A81Q-01A,1.0,0.0,0.0,0.0,0.0
7,58923521,+,7,60573269,-,PCPG,4977,TCGA-WB-A81Q-01A,TCGA-WB-A81Q-01A,1.0,0.0,0.0,0.0,0.0
7,61256494,-,7,61489782,+,PCPG,4978,TCGA-WB-A81Q-01A,TCGA-WB-A81Q-01A,1.0,0.0,0.0,0.0,0.0
9,36847236,+,9,42475546,-,PCPG,4979,TCGA-WB-A81Q-01A,TCGA-WB-A81Q-01A,1.0,0.0,0.0,0.0,0.0
9,40229196,+,9,42858494,-,PCPG,4980,TCGA-WB-A81Q-01A,TCGA-WB-A81Q-01A,1.0,0.0,0.0,0.0,0.0
23,77567930,+,23,77605305,-,PCPG,4981,TCGA-WB-A81Q-01A,TCGA-WB-A81Q-01A,1.0,0.0,0.0,0.0,0.0
1,122513286,-,1,122514057,+,PCPG,4982,TCGA-WB-A81R-01A,TCGA-WB-A81R-01A,1.0,0.0,0.0,0.0,0.0
1,242276708,-,10,38321969,-,PCPG,4983,TCGA-WB-A81R-01A,TCGA-WB-A81R-01A,1.0,0.0,0.0,0.0,0.0
11,54537557,-,11,54539541,+,PCPG,4984,TCGA-WB-A81R-01A,TCGA-WB-A81R-01A,1.0,0.0,0.0,0.0,0.0
13,17579540,-,13,17581740,+,PCPG,4985,TCGA-WB-A81R-01A,TCGA-WB-A81R-01A,1.0,0.0,0.0,0.0,0.0
14,104112449,-,14,104258626,+,PCPG,4986,TCGA-WB-A81R-01A,TCGA-WB-A81R-01A,1.0,0.0,0.0,0.0,0.0
18,113221,+,18,20958882,+,PCPG,4987,TCGA-WB-A81R-01A,TCGA-WB-A81R-01A,1.0,0.0,0.0,0.0,0.0
2,80391148,-,11,72365639,-,PCPG,4988,TCGA-WB-A81R-01A,TCGA-WB-A81R-01A,1.0,0.0,0.0,0.0,0.0
2,80514534,+,11,72566462,+,PCPG,4989,TCGA-WB-A81R-01A,TCGA-WB-A81R-01A,1.0,0.0,0.0,0.0,0.0
2,95846175,-,2,113396056,-,PCPG,4990,TCGA-WB-A81R-01A,TCGA-WB-A81R-01A,1.0,0.0,0.0,0.0,0.0
20,29592265,+,20,30264256,+,PCPG,4991,TCGA-WB-A81R-01A,TCGA-WB-A81R-01A,1.0,0.0,0.0,0.0,0.0
3,104847803,+,3,104852209,+,PCPG,4992,TCGA-WB-A81R-01A,TCGA-WB-A81R-01A,1.0,0.0,0.0,0.0,0.0
4,51595225,+,4,51602074,-,PCPG,4993,TCGA-WB-A81R-01A,TCGA-WB-A81R-01A,1.0,0.0,0.0,0.0,0.0
7,11390507,+,7,11393757,+,PCPG,4994,TCGA-WB-A81R-01A,TCGA-WB-A81R-01A,1.0,0.0,0.0,0.0,0.0
7,44522470,-,21,38508205,+,PCPG,4995,TCGA-WB-A81R-01A,TCGA-WB-A81R-01A,1.0,0.0,0.0,0.0,0.0
7,127949656,+,7,127950479,-,PCPG,4996,TCGA-WB-A81R-01A,TCGA-WB-A81R-01A,1.0,0.0,0.0,0.0,0.0
8,45678576,-,8,45686817,+,PCPG,4997,TCGA-WB-A81R-01A,TCGA-WB-A81R-01A,1.0,0.0,0.0,0.0,0.0
8,47992015,-,14,102239371,-,PCPG,4998,TCGA-WB-A81R-01A,TCGA-WB-A81R-01A,1.0,0.0,0.0,0.0,0.0
9,44521295,-,9,44522141,+,PCPG,4999,TCGA-WB-A81R-01A,TCGA-WB-A81R-01A,1.0,0.0,0.0,0.0,0.0
23,48177613,-,23,48274897,+,PCPG,5000,TCGA-WB-A81R-01A,TCGA-WB-A81R-01A,1.0,0.0,0.0,0.0,0.0
1,30919043,-,15,69144881,+,PCPG,5001,TCGA-WB-A81S-01A,TCGA-WB-A81S-01A,1.0,0.0,0.0,0.0,0.0
1,30919044,-,8,13204150,-,PCPG,5002,TCGA-WB-A81S-01A,TCGA-WB-A81S-01A,1.0,0.0,0.0,0.0,0.0
1,30919521,+,15,69131334,-,PCPG,5003,TCGA-WB-A81S-01A,TCGA-WB-A81S-01A,1.0,0.0,0.0,0.0,0.0
1,42789688,-,5,71673999,-,PCPG,5004,TCGA-WB-A81S-01A,TCGA-WB-A81S-01A,1.0,0.0,0.0,0.0,0.0
1,42887769,+,5,71791030,+,PCPG,5005,TCGA-WB-A81S-01A,TCGA-WB-A81S-01A,1.0,0.0,0.0,0.0,0.0
1,97775211,+,11,71759954,+,PCPG,5006,TCGA-WB-A81S-01A,TCGA-WB-A81S-01A,1.0,0.0,0.0,0.0,0.0
1,123808275,-,1,123809588,+,PCPG,5007,TCGA-WB-A81S-01A,TCGA-WB-A81S-01A,1.0,0.0,0.0,0.0,0.0
10,70999352,+,10,70999937,-,PCPG,5008,TCGA-WB-A81S-01A,TCGA-WB-A81S-01A,1.0,0.0,0.0,0.0,0.0
10,74555629,-,10,114835557,+,PCPG,5009,TCGA-WB-A81S-01A,TCGA-WB-A81S-01A,1.0,0.0,0.0,0.0,0.0
10,74662285,+,10,114695006,-,PCPG,5010,TCGA-WB-A81S-01A,TCGA-WB-A81S-01A,1.0,0.0,0.0,0.0,0.0
11,93429398,+,13,86909852,+,PCPG,5011,TCGA-WB-A81S-01A,TCGA-WB-A81S-01A,1.0,0.0,0.0,0.0,0.0
11,93429653,+,13,86909959,+,PCPG,5012,TCGA-WB-A81S-01A,TCGA-WB-A81S-01A,1.0,0.0,0.0,0.0,0.0
12,68926876,+,19,56662201,+,PCPG,5013,TCGA-WB-A81S-01A,TCGA-WB-A81S-01A,1.0,0.0,0.0,0.0,0.0
13,61662653,-,23,146822927,-,PCPG,5014,TCGA-WB-A81S-01A,TCGA-WB-A81S-01A,1.0,0.0,0.0,0.0,0.0
15,17083847,-,15,18048583,+,PCPG,5015,TCGA-WB-A81S-01A,TCGA-WB-A81S-01A,1.0,0.0,0.0,0.0,0.0
15,55251705,-,15,55252652,-,PCPG,5016,TCGA-WB-A81S-01A,TCGA-WB-A81S-01A,1.0,0.0,0.0,0.0,0.0
15,55251706,-,23,153777050,-,PCPG,5017,TCGA-WB-A81S-01A,TCGA-WB-A81S-01A,1.0,0.0,0.0,0.0,0.0
15,55252831,+,23,153777049,-,PCPG,5018,TCGA-WB-A81S-01A,TCGA-WB-A81S-01A,1.0,0.0,0.0,0.0,0.0
15,74475532,-,15,74563992,+,PCPG,5019,TCGA-WB-A81S-01A,TCGA-WB-A81S-01A,1.0,0.0,0.0,0.0,0.0
15,82332013,-,15,85257921,-,PCPG,5020,TCGA-WB-A81S-01A,TCGA-WB-A81S-01A,1.0,0.0,0.0,0.0,0.0
17,23039985,+,17,23070964,-,PCPG,5021,TCGA-WB-A81S-01A,TCGA-WB-A81S-01A,1.0,0.0,0.0,0.0,0.0
18,15472248,-,18,15610393,+,PCPG,5022,TCGA-WB-A81S-01A,TCGA-WB-A81S-01A,1.0,0.0,0.0,0.0,0.0
19,27287971,+,19,49805841,-,PCPG,5023,TCGA-WB-A81S-01A,TCGA-WB-A81S-01A,1.0,0.0,0.0,0.0,0.0
19,40565727,-,19,42136047,-,PCPG,5024,TCGA-WB-A81S-01A,TCGA-WB-A81S-01A,1.0,0.0,0.0,0.0,0.0
19,40601174,+,19,42172160,+,PCPG,5025,TCGA-WB-A81S-01A,TCGA-WB-A81S-01A,1.0,0.0,0.0,0.0,0.0
2,32440780,+,10,58642665,-,PCPG,5026,TCGA-WB-A81S-01A,TCGA-WB-A81S-01A,1.0,0.0,0.0,0.0,0.0
2,47109592,-,2,47245954,+,PCPG,5027,TCGA-WB-A81S-01A,TCGA-WB-A81S-01A,1.0,0.0,0.0,0.0,0.0
2,57945308,+,2,58024995,-,PCPG,5028,TCGA-WB-A81S-01A,TCGA-WB-A81S-01A,1.0,0.0,0.0,0.0,0.0
2,92787079,-,2,92787861,+,PCPG,5029,TCGA-WB-A81S-01A,TCGA-WB-A81S-01A,1.0,0.0,0.0,0.0,0.0
2,160400607,-,11,115702554,+,PCPG,5030,TCGA-WB-A81S-01A,TCGA-WB-A81S-01A,1.0,0.0,0.0,0.0,0.0
2,160651672,+,11,115524472,-,PCPG,5031,TCGA-WB-A81S-01A,TCGA-WB-A81S-01A,1.0,0.0,0.0,0.0,0.0
2,172934897,-,2,173032201,+,PCPG,5032,TCGA-WB-A81S-01A,TCGA-WB-A81S-01A,1.0,0.0,0.0,0.0,0.0
2,173697940,-,22,43475470,-,PCPG,5033,TCGA-WB-A81S-01A,TCGA-WB-A81S-01A,1.0,0.0,0.0,0.0,0.0
20,29921731,-,20,29961684,+,PCPG,5034,TCGA-WB-A81S-01A,TCGA-WB-A81S-01A,1.0,0.0,0.0,0.0,0.0
3,42748947,-,7,103092324,+,PCPG,5035,TCGA-WB-A81S-01A,TCGA-WB-A81S-01A,1.0,0.0,0.0,0.0,0.0
3,42873644,+,7,102991379,-,PCPG,5036,TCGA-WB-A81S-01A,TCGA-WB-A81S-01A,1.0,0.0,0.0,0.0,0.0
3,71030211,-,3,71064893,+,PCPG,5037,TCGA-WB-A81S-01A,TCGA-WB-A81S-01A,1.0,0.0,0.0,0.0,0.0
3,128917358,+,17,51044066,-,PCPG,5038,TCGA-WB-A81S-01A,TCGA-WB-A81S-01A,1.0,0.0,0.0,0.0,0.0
4,93425039,+,4,93490385,-,PCPG,5039,TCGA-WB-A81S-01A,TCGA-WB-A81S-01A,1.0,0.0,0.0,0.0,0.0
5,38825677,+,12,40830788,-,PCPG,5040,TCGA-WB-A81S-01A,TCGA-WB-A81S-01A,1.0,0.0,0.0,0.0,0.0
5,47026967,-,5,47048682,+,PCPG,5041,TCGA-WB-A81S-01A,TCGA-WB-A81S-01A,1.0,0.0,0.0,0.0,0.0
5,77193322,+,12,108668571,-,PCPG,5042,TCGA-WB-A81S-01A,TCGA-WB-A81S-01A,1.0,0.0,0.0,0.0,0.0
6,147928243,-,15,55257827,+,PCPG,5043,TCGA-WB-A81S-01A,TCGA-WB-A81S-01A,1.0,0.0,0.0,0.0,0.0
6,148037187,+,23,153802660,+,PCPG,5044,TCGA-WB-A81S-01A,TCGA-WB-A81S-01A,1.0,0.0,0.0,0.0,0.0
7,56838419,+,7,63738874,+,PCPG,5045,TCGA-WB-A81S-01A,TCGA-WB-A81S-01A,1.0,0.0,0.0,0.0,0.0
8,13204452,+,15,69144884,+,PCPG,5046,TCGA-WB-A81S-01A,TCGA-WB-A81S-01A,1.0,0.0,0.0,0.0,0.0
9,132927300,-,10,28349073,+,PCPG,5047,TCGA-WB-A81S-01A,TCGA-WB-A81S-01A,1.0,0.0,0.0,0.0,0.0
23,142058125,-,23,142059489,+,PCPG,5048,TCGA-WB-A81S-01A,TCGA-WB-A81S-01A,1.0,0.0,0.0,0.0,0.0
1,65349151,+,4,26880601,-,PCPG,5049,TCGA-WB-A81T-01A,TCGA-WB-A81T-01A,1.0,0.0,0.0,0.0,0.0
1,121925047,+,1,122088694,+,PCPG,5050,TCGA-WB-A81T-01A,TCGA-WB-A81T-01A,1.0,0.0,0.0,0.0,0.0
1,204126632,-,1,204198589,+,PCPG,5051,TCGA-WB-A81T-01A,TCGA-WB-A81T-01A,1.0,0.0,0.0,0.0,0.0
10,122106008,-,10,122188386,+,PCPG,5052,TCGA-WB-A81T-01A,TCGA-WB-A81T-01A,1.0,0.0,0.0,0.0,0.0
11,43989674,-,16,58400776,+,PCPG,5053,TCGA-WB-A81T-01A,TCGA-WB-A81T-01A,1.0,0.0,0.0,0.0,0.0
11,54960995,+,23,58406394,-,PCPG,5054,TCGA-WB-A81T-01A,TCGA-WB-A81T-01A,1.0,0.0,0.0,0.0,0.0
11,75707790,-,16,12393427,+,PCPG,5055,TCGA-WB-A81T-01A,TCGA-WB-A81T-01A,1.0,0.0,0.0,0.0,0.0
13,17422951,-,13,17481427,+,PCPG,5056,TCGA-WB-A81T-01A,TCGA-WB-A81T-01A,1.0,0.0,0.0,0.0,0.0
13,33266642,+,16,58399376,-,PCPG,5057,TCGA-WB-A81T-01A,TCGA-WB-A81T-01A,1.0,0.0,0.0,0.0,0.0
14,52910274,-,14,53019393,+,PCPG,5058,TCGA-WB-A81T-01A,TCGA-WB-A81T-01A,1.0,0.0,0.0,0.0,0.0
14,68155504,+,24,19450107,-,PCPG,5059,TCGA-WB-A81T-01A,TCGA-WB-A81T-01A,1.0,0.0,0.0,0.0,0.0
16,2600024,+,16,2678236,-,PCPG,5060,TCGA-WB-A81T-01A,TCGA-WB-A81T-01A,1.0,0.0,0.0,0.0,0.0
18,15473293,+,18,15699325,-,PCPG,5061,TCGA-WB-A81T-01A,TCGA-WB-A81T-01A,1.0,0.0,0.0,0.0,0.0
2,69119596,-,2,69195158,+,PCPG,5062,TCGA-WB-A81T-01A,TCGA-WB-A81T-01A,1.0,0.0,0.0,0.0,0.0
3,91019667,+,3,91147830,-,PCPG,5063,TCGA-WB-A81T-01A,TCGA-WB-A81T-01A,1.0,0.0,0.0,0.0,0.0
4,94301924,-,6,136357662,+,PCPG,5064,TCGA-WB-A81T-01A,TCGA-WB-A81T-01A,1.0,0.0,0.0,0.0,0.0
4,113758976,+,4,113760079,-,PCPG,5065,TCGA-WB-A81T-01A,TCGA-WB-A81T-01A,1.0,0.0,0.0,0.0,0.0
5,144122434,-,9,113317958,+,PCPG,5066,TCGA-WB-A81T-01A,TCGA-WB-A81T-01A,1.0,0.0,0.0,0.0,0.0
6,82326782,-,19,54411535,+,PCPG,5067,TCGA-WB-A81T-01A,TCGA-WB-A81T-01A,1.0,0.0,0.0,0.0,0.0
8,27247254,-,8,72807879,+,PCPG,5068,TCGA-WB-A81T-01A,TCGA-WB-A81T-01A,1.0,0.0,0.0,0.0,0.0
8,72806228,-,11,43990988,+,PCPG,5069,TCGA-WB-A81T-01A,TCGA-WB-A81T-01A,1.0,0.0,0.0,0.0,0.0
8,132746497,+,11,60206499,+,PCPG,5070,TCGA-WB-A81T-01A,TCGA-WB-A81T-01A,1.0,0.0,0.0,0.0,0.0
23,118168338,-,23,118266634,+,PCPG,5071,TCGA-WB-A81T-01A,TCGA-WB-A81T-01A,1.0,0.0,0.0,0.0,0.0
1,6567354,+,10,107088141,+,PCPG,5072,TCGA-WB-A81V-01A,TCGA-WB-A81V-01A,1.0,0.0,0.0,0.0,0.0
1,34399869,-,11,94078447,-,PCPG,5073,TCGA-WB-A81V-01A,TCGA-WB-A81V-01A,1.0,0.0,0.0,0.0,0.0
1,124441014,-,1,124443663,+,PCPG,5074,TCGA-WB-A81V-01A,TCGA-WB-A81V-01A,1.0,0.0,0.0,0.0,0.0
11,54344028,+,11,54405793,-,PCPG,5075,TCGA-WB-A81V-01A,TCGA-WB-A81V-01A,1.0,0.0,0.0,0.0,0.0
12,110958050,-,12,111046200,+,PCPG,5076,TCGA-WB-A81V-01A,TCGA-WB-A81V-01A,1.0,0.0,0.0,0.0,0.0
17,22830779,-,17,23123414,+,PCPG,5077,TCGA-WB-A81V-01A,TCGA-WB-A81V-01A,1.0,0.0,0.0,0.0,0.0
17,31091143,+,17,31091897,-,PCPG,5078,TCGA-WB-A81V-01A,TCGA-WB-A81V-01A,1.0,0.0,0.0,0.0,0.0
18,15653779,-,18,15679642,+,PCPG,5079,TCGA-WB-A81V-01A,TCGA-WB-A81V-01A,1.0,0.0,0.0,0.0,0.0
18,19375671,-,18,19377034,+,PCPG,5080,TCGA-WB-A81V-01A,TCGA-WB-A81V-01A,1.0,0.0,0.0,0.0,0.0
20,26485750,-,20,26599471,+,PCPG,5081,TCGA-WB-A81V-01A,TCGA-WB-A81V-01A,1.0,0.0,0.0,0.0,0.0
21,35348682,-,23,9791782,-,PCPG,5082,TCGA-WB-A81V-01A,TCGA-WB-A81V-01A,1.0,0.0,0.0,0.0,0.0
22,15940564,+,22,15950471,-,PCPG,5083,TCGA-WB-A81V-01A,TCGA-WB-A81V-01A,1.0,0.0,0.0,0.0,0.0
3,49295735,+,7,33751396,-,PCPG,5084,TCGA-WB-A81V-01A,TCGA-WB-A81V-01A,1.0,0.0,0.0,0.0,0.0
3,91353656,+,9,102813038,-,PCPG,5085,TCGA-WB-A81V-01A,TCGA-WB-A81V-01A,1.0,0.0,0.0,0.0,0.0
4,39001238,-,11,91420414,-,PCPG,5086,TCGA-WB-A81V-01A,TCGA-WB-A81V-01A,1.0,0.0,0.0,0.0,0.0
7,69096672,-,21,16187360,-,PCPG,5087,TCGA-WB-A81V-01A,TCGA-WB-A81V-01A,1.0,0.0,0.0,0.0,0.0
7,116768044,+,10,68595948,+,PCPG,5088,TCGA-WB-A81V-01A,TCGA-WB-A81V-01A,1.0,0.0,0.0,0.0,0.0
8,45080679,-,8,45427525,+,PCPG,5089,TCGA-WB-A81V-01A,TCGA-WB-A81V-01A,1.0,0.0,0.0,0.0,0.0
9,43854633,-,9,43856686,+,PCPG,5090,TCGA-WB-A81V-01A,TCGA-WB-A81V-01A,1.0,0.0,0.0,0.0,0.0
9,121642048,+,12,29091331,+,PCPG,5091,TCGA-WB-A81V-01A,TCGA-WB-A81V-01A,1.0,0.0,0.0,0.0,0.0
1,2348652,-,3,106934320,-,PCPG,5092,TCGA-WB-A81W-01A,TCGA-WB-A81W-01A,1.0,0.0,0.0,0.0,0.0
1,2575118,+,3,107286241,+,PCPG,5093,TCGA-WB-A81W-01A,TCGA-WB-A81W-01A,1.0,0.0,0.0,0.0,0.0
1,22806464,-,13,39569159,+,PCPG,5094,TCGA-WB-A81W-01A,TCGA-WB-A81W-01A,1.0,0.0,0.0,0.0,0.0
1,44814231,-,7,48411086,+,PCPG,5095,TCGA-WB-A81W-01A,TCGA-WB-A81W-01A,1.0,0.0,0.0,0.0,0.0
1,45517887,-,11,46404330,+,PCPG,5096,TCGA-WB-A81W-01A,TCGA-WB-A81W-01A,1.0,0.0,0.0,0.0,0.0
1,45518193,+,8,19985780,-,PCPG,5097,TCGA-WB-A81W-01A,TCGA-WB-A81W-01A,1.0,0.0,0.0,0.0,0.0
1,122201151,+,1,122210642,-,PCPG,5098,TCGA-WB-A81W-01A,TCGA-WB-A81W-01A,1.0,0.0,0.0,0.0,0.0
1,184211255,-,1,184473170,+,PCPG,5099,TCGA-WB-A81W-01A,TCGA-WB-A81W-01A,1.0,0.0,0.0,0.0,0.0
1,194593213,-,1,194847200,+,PCPG,5100,TCGA-WB-A81W-01A,TCGA-WB-A81W-01A,1.0,0.0,0.0,0.0,0.0
1,234351903,-,1,234570940,+,PCPG,5101,TCGA-WB-A81W-01A,TCGA-WB-A81W-01A,1.0,0.0,0.0,0.0,0.0
10,74455004,-,10,74763207,+,PCPG,5102,TCGA-WB-A81W-01A,TCGA-WB-A81W-01A,1.0,0.0,0.0,0.0,0.0
10,74640888,-,10,74695819,+,PCPG,5103,TCGA-WB-A81W-01A,TCGA-WB-A81W-01A,1.0,0.0,0.0,0.0,0.0
11,46185576,-,20,59236678,+,PCPG,5104,TCGA-WB-A81W-01A,TCGA-WB-A81W-01A,1.0,0.0,0.0,0.0,0.0
11,61466415,-,16,21760265,+,PCPG,5105,TCGA-WB-A81W-01A,TCGA-WB-A81W-01A,1.0,0.0,0.0,0.0,0.0
11,61779892,+,16,21738299,+,PCPG,5106,TCGA-WB-A81W-01A,TCGA-WB-A81W-01A,1.0,0.0,0.0,0.0,0.0
11,112678795,-,16,9185227,-,PCPG,5107,TCGA-WB-A81W-01A,TCGA-WB-A81W-01A,1.0,0.0,0.0,0.0,0.0
11,113036219,+,16,9477871,+,PCPG,5108,TCGA-WB-A81W-01A,TCGA-WB-A81W-01A,1.0,0.0,0.0,0.0,0.0
11,114241200,-,11,114375879,+,PCPG,5109,TCGA-WB-A81W-01A,TCGA-WB-A81W-01A,1.0,0.0,0.0,0.0,0.0
12,66532476,-,15,71803666,-,PCPG,5110,TCGA-WB-A81W-01A,TCGA-WB-A81W-01A,1.0,0.0,0.0,0.0,0.0
12,66772675,+,15,71998555,+,PCPG,5111,TCGA-WB-A81W-01A,TCGA-WB-A81W-01A,1.0,0.0,0.0,0.0,0.0
12,72003412,-,12,72279340,+,PCPG,5112,TCGA-WB-A81W-01A,TCGA-WB-A81W-01A,1.0,0.0,0.0,0.0,0.0
12,121693644,+,15,77225630,-,PCPG,5113,TCGA-WB-A81W-01A,TCGA-WB-A81W-01A,1.0,0.0,0.0,0.0,0.0
13,16617381,+,13,17314719,-,PCPG,5114,TCGA-WB-A81W-01A,TCGA-WB-A81W-01A,1.0,0.0,0.0,0.0,0.0
14,67843202,-,18,24353738,-,PCPG,5115,TCGA-WB-A81W-01A,TCGA-WB-A81W-01A,1.0,0.0,0.0,0.0,0.0
14,88490149,-,14,88649299,+,PCPG,5116,TCGA-WB-A81W-01A,TCGA-WB-A81W-01A,1.0,0.0,0.0,0.0,0.0
14,98359270,-,23,1048752,-,PCPG,5117,TCGA-WB-A81W-01A,TCGA-WB-A81W-01A,1.0,0.0,0.0,0.0,0.0
16,77501737,-,22,19902333,+,PCPG,5118,TCGA-WB-A81W-01A,TCGA-WB-A81W-01A,1.0,0.0,0.0,0.0,0.0
16,77876808,+,22,19561420,-,PCPG,5119,TCGA-WB-A81W-01A,TCGA-WB-A81W-01A,1.0,0.0,0.0,0.0,0.0
17,31105958,-,17,31219337,+,PCPG,5120,TCGA-WB-A81W-01A,TCGA-WB-A81W-01A,1.0,0.0,0.0,0.0,0.0
18,15656354,-,18,15702650,+,PCPG,5121,TCGA-WB-A81W-01A,TCGA-WB-A81W-01A,1.0,0.0,0.0,0.0,0.0
18,63169221,+,23,119712047,+,PCPG,5122,TCGA-WB-A81W-01A,TCGA-WB-A81W-01A,1.0,0.0,0.0,0.0,0.0
2,9755905,-,2,9875552,+,PCPG,5123,TCGA-WB-A81W-01A,TCGA-WB-A81W-01A,1.0,0.0,0.0,0.0,0.0
2,26838618,-,12,131999815,+,PCPG,5124,TCGA-WB-A81W-01A,TCGA-WB-A81W-01A,1.0,0.0,0.0,0.0,0.0
2,27095131,+,8,100681785,-,PCPG,5125,TCGA-WB-A81W-01A,TCGA-WB-A81W-01A,1.0,0.0,0.0,0.0,0.0
2,92326887,-,2,92975373,+,PCPG,5126,TCGA-WB-A81W-01A,TCGA-WB-A81W-01A,1.0,0.0,0.0,0.0,0.0
2,151957106,-,8,100929010,+,PCPG,5127,TCGA-WB-A81W-01A,TCGA-WB-A81W-01A,1.0,0.0,0.0,0.0,0.0
3,61671156,+,15,40684259,+,PCPG,5128,TCGA-WB-A81W-01A,TCGA-WB-A81W-01A,1.0,0.0,0.0,0.0,0.0
3,142563906,-,15,90569470,+,PCPG,5129,TCGA-WB-A81W-01A,TCGA-WB-A81W-01A,1.0,0.0,0.0,0.0,0.0
4,169145986,-,4,169393314,+,PCPG,5130,TCGA-WB-A81W-01A,TCGA-WB-A81W-01A,1.0,0.0,0.0,0.0,0.0
5,142258036,+,7,88500643,+,PCPG,5131,TCGA-WB-A81W-01A,TCGA-WB-A81W-01A,1.0,0.0,0.0,0.0,0.0
6,76846510,-,11,96153465,-,PCPG,5132,TCGA-WB-A81W-01A,TCGA-WB-A81W-01A,1.0,0.0,0.0,0.0,0.0
6,76880647,+,11,96240052,+,PCPG,5133,TCGA-WB-A81W-01A,TCGA-WB-A81W-01A,1.0,0.0,0.0,0.0,0.0
7,61381067,+,7,61454660,-,PCPG,5134,TCGA-WB-A81W-01A,TCGA-WB-A81W-01A,1.0,0.0,0.0,0.0,0.0
7,102039303,-,17,501115,+,PCPG,5135,TCGA-WB-A81W-01A,TCGA-WB-A81W-01A,1.0,0.0,0.0,0.0,0.0
7,102221976,-,7,102239650,-,PCPG,5136,TCGA-WB-A81W-01A,TCGA-WB-A81W-01A,1.0,0.0,0.0,0.0,0.0
7,102277854,+,17,209625,-,PCPG,5137,TCGA-WB-A81W-01A,TCGA-WB-A81W-01A,1.0,0.0,0.0,0.0,0.0
7,154521302,+,17,36579962,-,PCPG,5138,TCGA-WB-A81W-01A,TCGA-WB-A81W-01A,1.0,0.0,0.0,0.0,0.0
8,19985779,-,11,46404330,+,PCPG,5139,TCGA-WB-A81W-01A,TCGA-WB-A81W-01A,1.0,0.0,0.0,0.0,0.0
8,19986074,+,20,59156283,-,PCPG,5140,TCGA-WB-A81W-01A,TCGA-WB-A81W-01A,1.0,0.0,0.0,0.0,0.0
8,87428308,-,18,43735289,+,PCPG,5141,TCGA-WB-A81W-01A,TCGA-WB-A81W-01A,1.0,0.0,0.0,0.0,0.0
9,41658386,+,20,30296014,-,PCPG,5142,TCGA-WB-A81W-01A,TCGA-WB-A81W-01A,1.0,0.0,0.0,0.0,0.0
9,41659183,-,20,30296179,+,PCPG,5143,TCGA-WB-A81W-01A,TCGA-WB-A81W-01A,1.0,0.0,0.0,0.0,0.0
23,59597363,+,23,62504578,+,PCPG,5144,TCGA-WB-A81W-01A,TCGA-WB-A81W-01A,1.0,0.0,0.0,0.0,0.0
23,105799773,-,23,106472087,+,PCPG,5145,TCGA-WB-A81W-01A,TCGA-WB-A81W-01A,1.0,0.0,0.0,0.0,0.0
1,31703490,-,17,52056091,-,PCPG,5146,TCGA-WB-A820-01A,TCGA-WB-A820-01A,1.0,0.0,0.0,0.0,0.0
1,31912613,+,14,72743451,+,PCPG,5147,TCGA-WB-A820-01A,TCGA-WB-A820-01A,1.0,0.0,0.0,0.0,0.0
1,48729249,+,12,1474519,-,PCPG,5148,TCGA-WB-A820-01A,TCGA-WB-A820-01A,1.0,0.0,0.0,0.0,0.0
1,77433233,-,8,133313510,-,PCPG,5149,TCGA-WB-A820-01A,TCGA-WB-A820-01A,1.0,0.0,0.0,0.0,0.0
1,145853892,-,14,96152995,+,PCPG,5150,TCGA-WB-A820-01A,TCGA-WB-A820-01A,1.0,0.0,0.0,0.0,0.0
1,146061922,+,3,34033660,+,PCPG,5151,TCGA-WB-A820-01A,TCGA-WB-A820-01A,1.0,0.0,0.0,0.0,0.0
1,155380042,+,1,155596976,-,PCPG,5152,TCGA-WB-A820-01A,TCGA-WB-A820-01A,1.0,0.0,0.0,0.0,0.0
1,202679911,-,7,74404820,+,PCPG,5153,TCGA-WB-A820-01A,TCGA-WB-A820-01A,1.0,0.0,0.0,0.0,0.0
1,202773027,+,1,223964580,+,PCPG,5154,TCGA-WB-A820-01A,TCGA-WB-A820-01A,1.0,0.0,0.0,0.0,0.0
1,211805184,+,1,214363753,-,PCPG,5155,TCGA-WB-A820-01A,TCGA-WB-A820-01A,1.0,0.0,0.0,0.0,0.0
1,212400242,+,12,19365802,-,PCPG,5156,TCGA-WB-A820-01A,TCGA-WB-A820-01A,1.0,0.0,0.0,0.0,0.0
1,214053847,-,1,214074236,-,PCPG,5157,TCGA-WB-A820-01A,TCGA-WB-A820-01A,1.0,0.0,0.0,0.0,0.0
1,214350258,+,1,214365235,+,PCPG,5158,TCGA-WB-A820-01A,TCGA-WB-A820-01A,1.0,0.0,0.0,0.0,0.0
10,21575603,-,10,21635245,+,PCPG,5159,TCGA-WB-A820-01A,TCGA-WB-A820-01A,1.0,0.0,0.0,0.0,0.0
11,34237064,-,11,34284417,+,PCPG,5160,TCGA-WB-A820-01A,TCGA-WB-A820-01A,1.0,0.0,0.0,0.0,0.0
11,51122700,+,11,53968599,-,PCPG,5161,TCGA-WB-A820-01A,TCGA-WB-A820-01A,1.0,0.0,0.0,0.0,0.0
12,34948402,+,12,35184998,-,PCPG,5162,TCGA-WB-A820-01A,TCGA-WB-A820-01A,1.0,0.0,0.0,0.0,0.0
12,67374201,-,12,67510865,+,PCPG,5163,TCGA-WB-A820-01A,TCGA-WB-A820-01A,1.0,0.0,0.0,0.0,0.0
13,16440001,-,13,17330939,+,PCPG,5164,TCGA-WB-A820-01A,TCGA-WB-A820-01A,1.0,0.0,0.0,0.0,0.0
13,25004966,+,13,26072678,+,PCPG,5165,TCGA-WB-A820-01A,TCGA-WB-A820-01A,1.0,0.0,0.0,0.0,0.0
14,31859165,-,14,72547828,-,PCPG,5166,TCGA-WB-A820-01A,TCGA-WB-A820-01A,1.0,0.0,0.0,0.0,0.0
14,31991293,+,14,95966552,-,PCPG,5167,TCGA-WB-A820-01A,TCGA-WB-A820-01A,1.0,0.0,0.0,0.0,0.0
15,40998148,-,15,41025228,+,PCPG,5168,TCGA-WB-A820-01A,TCGA-WB-A820-01A,1.0,0.0,0.0,0.0,0.0
15,41730553,-,15,41756563,+,PCPG,5169,TCGA-WB-A820-01A,TCGA-WB-A820-01A,1.0,0.0,0.0,0.0,0.0
17,22822525,-,17,23180784,+,PCPG,5170,TCGA-WB-A820-01A,TCGA-WB-A820-01A,1.0,0.0,0.0,0.0,0.0
18,15636227,-,18,15701266,+,PCPG,5171,TCGA-WB-A820-01A,TCGA-WB-A820-01A,1.0,0.0,0.0,0.0,0.0
19,30098583,+,19,33976287,-,PCPG,5172,TCGA-WB-A820-01A,TCGA-WB-A820-01A,1.0,0.0,0.0,0.0,0.0
19,30469555,-,19,34075059,+,PCPG,5173,TCGA-WB-A820-01A,TCGA-WB-A820-01A,1.0,0.0,0.0,0.0,0.0
19,33163800,+,19,33447156,-,PCPG,5174,TCGA-WB-A820-01A,TCGA-WB-A820-01A,1.0,0.0,0.0,0.0,0.0
2,63298803,+,2,63372282,-,PCPG,5175,TCGA-WB-A820-01A,TCGA-WB-A820-01A,1.0,0.0,0.0,0.0,0.0
2,79889676,-,7,8376369,+,PCPG,5176,TCGA-WB-A820-01A,TCGA-WB-A820-01A,1.0,0.0,0.0,0.0,0.0
2,80041972,+,7,8210822,-,PCPG,5177,TCGA-WB-A820-01A,TCGA-WB-A820-01A,1.0,0.0,0.0,0.0,0.0
2,95846782,-,2,113396034,-,PCPG,5178,TCGA-WB-A820-01A,TCGA-WB-A820-01A,1.0,0.0,0.0,0.0,0.0
2,159459196,+,2,159763148,-,PCPG,5179,TCGA-WB-A820-01A,TCGA-WB-A820-01A,1.0,0.0,0.0,0.0,0.0
2,202681803,+,14,23700311,+,PCPG,5180,TCGA-WB-A820-01A,TCGA-WB-A820-01A,1.0,0.0,0.0,0.0,0.0
20,26491974,+,20,26575335,-,PCPG,5181,TCGA-WB-A820-01A,TCGA-WB-A820-01A,1.0,0.0,0.0,0.0,0.0
21,40118714,+,21,40426852,-,PCPG,5182,TCGA-WB-A820-01A,TCGA-WB-A820-01A,1.0,0.0,0.0,0.0,0.0
3,33832069,-,3,100797534,+,PCPG,5183,TCGA-WB-A820-01A,TCGA-WB-A820-01A,1.0,0.0,0.0,0.0,0.0
3,40277820,+,6,70753724,+,PCPG,5184,TCGA-WB-A820-01A,TCGA-WB-A820-01A,1.0,0.0,0.0,0.0,0.0
3,44597234,-,3,50313538,-,PCPG,5185,TCGA-WB-A820-01A,TCGA-WB-A820-01A,1.0,0.0,0.0,0.0,0.0
3,44983001,+,3,45274637,-,PCPG,5186,TCGA-WB-A820-01A,TCGA-WB-A820-01A,1.0,0.0,0.0,0.0,0.0
3,45021737,-,18,71064902,-,PCPG,5187,TCGA-WB-A820-01A,TCGA-WB-A820-01A,1.0,0.0,0.0,0.0,0.0
3,45398849,+,18,67347093,-,PCPG,5188,TCGA-WB-A820-01A,TCGA-WB-A820-01A,1.0,0.0,0.0,0.0,0.0
3,60218522,-,3,113538958,-,PCPG,5189,TCGA-WB-A820-01A,TCGA-WB-A820-01A,1.0,0.0,0.0,0.0,0.0
3,60373069,+,3,113709566,+,PCPG,5190,TCGA-WB-A820-01A,TCGA-WB-A820-01A,1.0,0.0,0.0,0.0,0.0
3,71035361,-,12,18334639,-,PCPG,5191,TCGA-WB-A820-01A,TCGA-WB-A820-01A,1.0,0.0,0.0,0.0,0.0
3,71152037,+,12,18518924,+,PCPG,5192,TCGA-WB-A820-01A,TCGA-WB-A820-01A,1.0,0.0,0.0,0.0,0.0
3,93767156,+,3,99945582,+,PCPG,5193,TCGA-WB-A820-01A,TCGA-WB-A820-01A,1.0,0.0,0.0,0.0,0.0
3,188881052,-,5,159734500,+,PCPG,5194,TCGA-WB-A820-01A,TCGA-WB-A820-01A,1.0,0.0,0.0,0.0,0.0
4,91153123,+,4,91315746,-,PCPG,5195,TCGA-WB-A820-01A,TCGA-WB-A820-01A,1.0,0.0,0.0,0.0,0.0
4,181451522,-,4,181574690,+,PCPG,5196,TCGA-WB-A820-01A,TCGA-WB-A820-01A,1.0,0.0,0.0,0.0,0.0
4,182128320,+,9,33124135,-,PCPG,5197,TCGA-WB-A820-01A,TCGA-WB-A820-01A,1.0,0.0,0.0,0.0,0.0
4,182153922,-,10,10925171,+,PCPG,5198,TCGA-WB-A820-01A,TCGA-WB-A820-01A,1.0,0.0,0.0,0.0,0.0
4,182154565,+,9,33126793,-,PCPG,5199,TCGA-WB-A820-01A,TCGA-WB-A820-01A,1.0,0.0,0.0,0.0,0.0
4,182426976,+,4,182731519,-,PCPG,5200,TCGA-WB-A820-01A,TCGA-WB-A820-01A,1.0,0.0,0.0,0.0,0.0
5,34063003,-,5,34139124,+,PCPG,5201,TCGA-WB-A820-01A,TCGA-WB-A820-01A,1.0,0.0,0.0,0.0,0.0
5,46631586,-,5,46641525,+,PCPG,5202,TCGA-WB-A820-01A,TCGA-WB-A820-01A,1.0,0.0,0.0,0.0,0.0
5,49678320,+,19,24436771,-,PCPG,5203,TCGA-WB-A820-01A,TCGA-WB-A820-01A,1.0,0.0,0.0,0.0,0.0
5,49702715,-,5,49705314,+,PCPG,5204,TCGA-WB-A820-01A,TCGA-WB-A820-01A,1.0,0.0,0.0,0.0,0.0
5,140250608,-,5,140405771,+,PCPG,5205,TCGA-WB-A820-01A,TCGA-WB-A820-01A,1.0,0.0,0.0,0.0,0.0
6,2310934,-,6,10932193,-,PCPG,5206,TCGA-WB-A820-01A,TCGA-WB-A820-01A,1.0,0.0,0.0,0.0,0.0
6,11180614,-,6,11196523,+,PCPG,5207,TCGA-WB-A820-01A,TCGA-WB-A820-01A,1.0,0.0,0.0,0.0,0.0
6,69509400,+,6,70658786,+,PCPG,5208,TCGA-WB-A820-01A,TCGA-WB-A820-01A,1.0,0.0,0.0,0.0,0.0
6,70658250,-,6,70659733,-,PCPG,5209,TCGA-WB-A820-01A,TCGA-WB-A820-01A,1.0,0.0,0.0,0.0,0.0
6,129066283,-,6,137834444,+,PCPG,5210,TCGA-WB-A820-01A,TCGA-WB-A820-01A,1.0,0.0,0.0,0.0,0.0
7,148785700,-,17,31183590,-,PCPG,5211,TCGA-WB-A820-01A,TCGA-WB-A820-01A,1.0,0.0,0.0,0.0,0.0
7,148900376,+,17,31318671,+,PCPG,5212,TCGA-WB-A820-01A,TCGA-WB-A820-01A,1.0,0.0,0.0,0.0,0.0
9,30385201,-,9,33100887,-,PCPG,5213,TCGA-WB-A820-01A,TCGA-WB-A820-01A,1.0,0.0,0.0,0.0,0.0
9,33097024,+,9,33103671,+,PCPG,5214,TCGA-WB-A820-01A,TCGA-WB-A820-01A,1.0,0.0,0.0,0.0,0.0
9,33124434,+,9,33127407,+,PCPG,5215,TCGA-WB-A820-01A,TCGA-WB-A820-01A,1.0,0.0,0.0,0.0,0.0
9,129561716,+,18,12795286,+,PCPG,5216,TCGA-WB-A820-01A,TCGA-WB-A820-01A,1.0,0.0,0.0,0.0,0.0
23,31218482,+,23,31790200,-,PCPG,5217,TCGA-WB-A820-01A,TCGA-WB-A820-01A,1.0,0.0,0.0,0.0,0.0
23,32763300,+,23,32789850,-,PCPG,5218,TCGA-WB-A820-01A,TCGA-WB-A820-01A,1.0,0.0,0.0,0.0,0.0
23,33145151,+,23,33400890,-,PCPG,5219,TCGA-WB-A820-01A,TCGA-WB-A820-01A,1.0,0.0,0.0,0.0,0.0
23,129882047,-,23,130045145,+,PCPG,5220,TCGA-WB-A820-01A,TCGA-WB-A820-01A,1.0,0.0,0.0,0.0,0.0
1,244397816,+,6,69333976,-,PCPG,5221,TCGA-WB-A821-01A,TCGA-WB-A821-01A,1.0,0.0,0.0,0.0,0.0
13,16355130,-,13,16994010,+,PCPG,5222,TCGA-WB-A821-01A,TCGA-WB-A821-01A,1.0,0.0,0.0,0.0,0.0
14,98359305,-,23,1048572,-,PCPG,5223,TCGA-WB-A821-01A,TCGA-WB-A821-01A,1.0,0.0,0.0,0.0,0.0
19,27697201,-,19,27864264,+,PCPG,5224,TCGA-WB-A821-01A,TCGA-WB-A821-01A,1.0,0.0,0.0,0.0,0.0
2,6253504,-,4,149368891,-,PCPG,5225,TCGA-WB-A821-01A,TCGA-WB-A821-01A,1.0,0.0,0.0,0.0,0.0
2,11265156,+,21,14757559,-,PCPG,5226,TCGA-WB-A821-01A,TCGA-WB-A821-01A,1.0,0.0,0.0,0.0,0.0
2,49302269,-,2,49315435,+,PCPG,5227,TCGA-WB-A821-01A,TCGA-WB-A821-01A,1.0,0.0,0.0,0.0,0.0
2,89198308,+,2,89984851,+,PCPG,5228,TCGA-WB-A821-01A,TCGA-WB-A821-01A,1.0,0.0,0.0,0.0,0.0
4,113161737,+,5,6569401,-,PCPG,5229,TCGA-WB-A821-01A,TCGA-WB-A821-01A,1.0,0.0,0.0,0.0,0.0
5,67818877,-,10,98542264,+,PCPG,5230,TCGA-WB-A821-01A,TCGA-WB-A821-01A,1.0,0.0,0.0,0.0,0.0
5,120505289,-,12,45625793,-,PCPG,5231,TCGA-WB-A821-01A,TCGA-WB-A821-01A,1.0,0.0,0.0,0.0,0.0
6,160661160,-,22,22110048,+,PCPG,5232,TCGA-WB-A821-01A,TCGA-WB-A821-01A,1.0,0.0,0.0,0.0,0.0
7,85171363,+,9,74283474,-,PCPG,5233,TCGA-WB-A821-01A,TCGA-WB-A821-01A,1.0,0.0,0.0,0.0,0.0
7,123909242,-,11,22484959,+,PCPG,5234,TCGA-WB-A821-01A,TCGA-WB-A821-01A,1.0,0.0,0.0,0.0,0.0
8,100051601,+,23,31569606,-,PCPG,5235,TCGA-WB-A821-01A,TCGA-WB-A821-01A,1.0,0.0,0.0,0.0,0.0
9,83894094,-,9,85835187,-,PCPG,5236,TCGA-WB-A821-01A,TCGA-WB-A821-01A,1.0,0.0,0.0,0.0,0.0
13,17394134,-,13,17395461,+,PCPG,5237,TCGA-WB-A822-01A,TCGA-WB-A822-01A,1.0,0.0,0.0,0.0,0.0
13,17396063,-,13,17397540,+,PCPG,5238,TCGA-WB-A822-01A,TCGA-WB-A822-01A,1.0,0.0,0.0,0.0,0.0
13,17570416,+,13,18011990,-,PCPG,5239,TCGA-WB-A822-01A,TCGA-WB-A822-01A,1.0,0.0,0.0,0.0,0.0
2,92867032,-,2,93142170,+,PCPG,5240,TCGA-WB-A822-01A,TCGA-WB-A822-01A,1.0,0.0,0.0,0.0,0.0
20,29837497,-,20,29838697,+,PCPG,5241,TCGA-WB-A822-01A,TCGA-WB-A822-01A,1.0,0.0,0.0,0.0,0.0
3,90832411,-,3,90915032,+,PCPG,5242,TCGA-WB-A822-01A,TCGA-WB-A822-01A,1.0,0.0,0.0,0.0,0.0
3,90970900,+,3,91121045,-,PCPG,5243,TCGA-WB-A822-01A,TCGA-WB-A822-01A,1.0,0.0,0.0,0.0,0.0
3,198120190,+,16,90095699,-,PCPG,5244,TCGA-WB-A822-01A,TCGA-WB-A822-01A,1.0,0.0,0.0,0.0,0.0
4,1550321,+,5,50921453,+,PCPG,5245,TCGA-WB-A822-01A,TCGA-WB-A822-01A,1.0,0.0,0.0,0.0,0.0
4,50002373,+,4,50468067,-,PCPG,5246,TCGA-WB-A822-01A,TCGA-WB-A822-01A,1.0,0.0,0.0,0.0,0.0
5,46434017,-,5,46567513,-,PCPG,5247,TCGA-WB-A822-01A,TCGA-WB-A822-01A,1.0,0.0,0.0,0.0,0.0
9,14358362,+,9,14358946,-,PCPG,5248,TCGA-WB-A822-01A,TCGA-WB-A822-01A,1.0,0.0,0.0,0.0,0.0
1,122172992,-,1,122191447,+,PCPG,5249,TCGA-XG-A823-01A,TCGA-XG-A823-01A,1.0,0.0,0.0,0.0,0.0
12,34786499,+,12,34797159,-,PCPG,5250,TCGA-XG-A823-01A,TCGA-XG-A823-01A,1.0,0.0,0.0,0.0,0.0
13,16298363,-,13,16734475,+,PCPG,5251,TCGA-XG-A823-01A,TCGA-XG-A823-01A,1.0,0.0,0.0,0.0,0.0
13,16643369,-,13,17384758,+,PCPG,5252,TCGA-XG-A823-01A,TCGA-XG-A823-01A,1.0,0.0,0.0,0.0,0.0
13,17711410,+,13,17908503,-,PCPG,5253,TCGA-XG-A823-01A,TCGA-XG-A823-01A,1.0,0.0,0.0,0.0,0.0
13,71816584,-,14,22355695,-,PCPG,5254,TCGA-XG-A823-01A,TCGA-XG-A823-01A,1.0,0.0,0.0,0.0,0.0
18,15678944,-,18,15772454,+,PCPG,5255,TCGA-XG-A823-01A,TCGA-XG-A823-01A,1.0,0.0,0.0,0.0,0.0
20,43095971,+,20,46112064,+,PCPG,5256,TCGA-XG-A823-01A,TCGA-XG-A823-01A,1.0,0.0,0.0,0.0,0.0
22,15934193,+,22,15940384,+,PCPG,5257,TCGA-XG-A823-01A,TCGA-XG-A823-01A,1.0,0.0,0.0,0.0,0.0
22,23344601,-,22,24675172,+,PCPG,5258,TCGA-XG-A823-01A,TCGA-XG-A823-01A,1.0,0.0,0.0,0.0,0.0
3,80754798,-,4,62303080,-,PCPG,5259,TCGA-XG-A823-01A,TCGA-XG-A823-01A,1.0,0.0,0.0,0.0,0.0
3,88946984,-,22,50351295,-,PCPG,5260,TCGA-XG-A823-01A,TCGA-XG-A823-01A,1.0,0.0,0.0,0.0,0.0
3,155814022,-,3,155945037,-,PCPG,5261,TCGA-XG-A823-01A,TCGA-XG-A823-01A,1.0,0.0,0.0,0.0,0.0
4,4050364,+,4,9594102,+,PCPG,5262,TCGA-XG-A823-01A,TCGA-XG-A823-01A,1.0,0.0,0.0,0.0,0.0
8,8526055,-,16,19321569,-,PCPG,5263,TCGA-XG-A823-01A,TCGA-XG-A823-01A,1.0,0.0,0.0,0.0,0.0
8,116822865,+,8,116823366,-,PCPG,5264,TCGA-XG-A823-01A,TCGA-XG-A823-01A,1.0,0.0,0.0,0.0,0.0
9,42418930,+,9,62680113,+,PCPG,5265,TCGA-XG-A823-01A,TCGA-XG-A823-01A,1.0,0.0,0.0,0.0,0.0
9,43456233,+,9,44433063,-,PCPG,5266,TCGA-XG-A823-01A,TCGA-XG-A823-01A,1.0,0.0,0.0,0.0,0.0
