seqnames,start,strand,altchr,altpos,altstrand,dcc_project_code,sv_id,sid,donor_unique_id,weights,topo,topo_n,mech,homseq
1,8016089,-,1,181561414,-,THCA,0,TCGA-4C-A93U-01A,TCGA-4C-A93U-01A,1.0,0.0,0.0,0.0,0.0
1,122173006,-,1,122191517,+,THCA,1,TCGA-4C-A93U-01A,TCGA-4C-A93U-01A,1.0,0.0,0.0,0.0,0.0
1,123102041,-,1,123758101,+,THCA,2,TCGA-4C-A93U-01A,TCGA-4C-A93U-01A,1.0,0.0,0.0,0.0,0.0
11,10622877,-,19,41626072,-,THCA,3,TCGA-4C-A93U-01A,TCGA-4C-A93U-01A,1.0,0.0,0.0,0.0,0.0
15,17042569,+,20,28934154,+,THCA,4,TCGA-4C-A93U-01A,TCGA-4C-A93U-01A,1.0,0.0,0.0,0.0,0.0
16,59447581,-,16,59543286,+,THCA,5,TCGA-4C-A93U-01A,TCGA-4C-A93U-01A,1.0,0.0,0.0,0.0,0.0
18,15485138,+,18,15550197,-,THCA,6,TCGA-4C-A93U-01A,TCGA-4C-A93U-01A,1.0,0.0,0.0,0.0,0.0
18,15730424,+,18,20667613,-,THCA,7,TCGA-4C-A93U-01A,TCGA-4C-A93U-01A,1.0,0.0,0.0,0.0,0.0
18,20737971,+,18,20802911,-,THCA,8,TCGA-4C-A93U-01A,TCGA-4C-A93U-01A,1.0,0.0,0.0,0.0,0.0
2,93095037,+,2,93343816,-,THCA,9,TCGA-4C-A93U-01A,TCGA-4C-A93U-01A,1.0,0.0,0.0,0.0,0.0
5,114046639,+,15,85812518,+,THCA,10,TCGA-4C-A93U-01A,TCGA-4C-A93U-01A,1.0,0.0,0.0,0.0,0.0
6,163482518,-,15,86013414,+,THCA,11,TCGA-4C-A93U-01A,TCGA-4C-A93U-01A,1.0,0.0,0.0,0.0,0.0
7,83460654,+,11,27633946,+,THCA,12,TCGA-4C-A93U-01A,TCGA-4C-A93U-01A,1.0,0.0,0.0,0.0,0.0
8,5566744,+,8,5578580,-,THCA,13,TCGA-4C-A93U-01A,TCGA-4C-A93U-01A,1.0,0.0,0.0,0.0,0.0
8,44829378,+,8,45176662,-,THCA,14,TCGA-4C-A93U-01A,TCGA-4C-A93U-01A,1.0,0.0,0.0,0.0,0.0
10,111966522,-,16,13775099,+,THCA,15,TCGA-BJ-A0YZ-01A,TCGA-BJ-A0YZ-01A,1.0,0.0,0.0,0.0,0.0
11,54360244,+,11,54405953,-,THCA,16,TCGA-BJ-A0YZ-01A,TCGA-BJ-A0YZ-01A,1.0,0.0,0.0,0.0,0.0
11,54386536,-,11,54413137,+,THCA,17,TCGA-BJ-A0YZ-01A,TCGA-BJ-A0YZ-01A,1.0,0.0,0.0,0.0,0.0
13,16610143,-,13,16665421,+,THCA,18,TCGA-BJ-A0YZ-01A,TCGA-BJ-A0YZ-01A,1.0,0.0,0.0,0.0,0.0
19,985443,-,19,3081554,+,THCA,19,TCGA-BJ-A0YZ-01A,TCGA-BJ-A0YZ-01A,1.0,0.0,0.0,0.0,0.0
19,988152,-,19,37512853,-,THCA,20,TCGA-BJ-A0YZ-01A,TCGA-BJ-A0YZ-01A,1.0,0.0,0.0,0.0,0.0
19,3608786,+,19,46135540,+,THCA,21,TCGA-BJ-A0YZ-01A,TCGA-BJ-A0YZ-01A,1.0,0.0,0.0,0.0,0.0
19,23993842,-,19,47751011,-,THCA,22,TCGA-BJ-A0YZ-01A,TCGA-BJ-A0YZ-01A,1.0,0.0,0.0,0.0,0.0
19,37496579,+,19,43201730,-,THCA,23,TCGA-BJ-A0YZ-01A,TCGA-BJ-A0YZ-01A,1.0,0.0,0.0,0.0,0.0
19,37500214,+,19,38114255,-,THCA,24,TCGA-BJ-A0YZ-01A,TCGA-BJ-A0YZ-01A,1.0,0.0,0.0,0.0,0.0
19,38298907,-,19,45589599,-,THCA,25,TCGA-BJ-A0YZ-01A,TCGA-BJ-A0YZ-01A,1.0,0.0,0.0,0.0,0.0
19,43200554,+,19,56788044,+,THCA,26,TCGA-BJ-A0YZ-01A,TCGA-BJ-A0YZ-01A,1.0,0.0,0.0,0.0,0.0
2,113235705,-,3,12338698,-,THCA,27,TCGA-BJ-A0YZ-01A,TCGA-BJ-A0YZ-01A,1.0,0.0,0.0,0.0,0.0
2,113235706,+,3,12338688,+,THCA,28,TCGA-BJ-A0YZ-01A,TCGA-BJ-A0YZ-01A,1.0,0.0,0.0,0.0,0.0
20,25904531,+,20,30199913,-,THCA,29,TCGA-BJ-A0YZ-01A,TCGA-BJ-A0YZ-01A,1.0,0.0,0.0,0.0,0.0
20,45341730,+,20,45342428,-,THCA,30,TCGA-BJ-A0YZ-01A,TCGA-BJ-A0YZ-01A,1.0,0.0,0.0,0.0,0.0
22,15940556,+,22,15950476,-,THCA,31,TCGA-BJ-A0YZ-01A,TCGA-BJ-A0YZ-01A,1.0,0.0,0.0,0.0,0.0
4,1918884,+,4,1919652,-,THCA,32,TCGA-BJ-A0YZ-01A,TCGA-BJ-A0YZ-01A,1.0,0.0,0.0,0.0,0.0
4,50189154,-,4,50993358,+,THCA,33,TCGA-BJ-A0YZ-01A,TCGA-BJ-A0YZ-01A,1.0,0.0,0.0,0.0,0.0
4,50234776,+,4,51210302,-,THCA,34,TCGA-BJ-A0YZ-01A,TCGA-BJ-A0YZ-01A,1.0,0.0,0.0,0.0,0.0
5,46584380,+,5,46643551,-,THCA,35,TCGA-BJ-A0YZ-01A,TCGA-BJ-A0YZ-01A,1.0,0.0,0.0,0.0,0.0
6,44742214,+,6,44744629,+,THCA,36,TCGA-BJ-A0YZ-01A,TCGA-BJ-A0YZ-01A,1.0,0.0,0.0,0.0,0.0
6,44742215,-,6,44744629,-,THCA,37,TCGA-BJ-A0YZ-01A,TCGA-BJ-A0YZ-01A,1.0,0.0,0.0,0.0,0.0
6,158852307,+,14,73332806,+,THCA,38,TCGA-BJ-A0YZ-01A,TCGA-BJ-A0YZ-01A,1.0,0.0,0.0,0.0,0.0
7,139878109,-,11,87868620,+,THCA,39,TCGA-BJ-A0YZ-01A,TCGA-BJ-A0YZ-01A,1.0,0.0,0.0,0.0,0.0
1,74740649,-,2,106333753,+,THCA,40,TCGA-BJ-A0Z0-01A,TCGA-BJ-A0Z0-01A,1.0,0.0,0.0,0.0,0.0
1,122056244,+,1,122169615,-,THCA,41,TCGA-BJ-A0Z0-01A,TCGA-BJ-A0Z0-01A,1.0,0.0,0.0,0.0,0.0
1,122168282,-,1,122170143,+,THCA,42,TCGA-BJ-A0Z0-01A,TCGA-BJ-A0Z0-01A,1.0,0.0,0.0,0.0,0.0
1,122173001,-,1,122191514,+,THCA,43,TCGA-BJ-A0Z0-01A,TCGA-BJ-A0Z0-01A,1.0,0.0,0.0,0.0,0.0
1,122201195,+,1,122210592,-,THCA,44,TCGA-BJ-A0Z0-01A,TCGA-BJ-A0Z0-01A,1.0,0.0,0.0,0.0,0.0
1,122229065,-,1,122271395,+,THCA,45,TCGA-BJ-A0Z0-01A,TCGA-BJ-A0Z0-01A,1.0,0.0,0.0,0.0,0.0
1,124808963,-,1,124813503,+,THCA,46,TCGA-BJ-A0Z0-01A,TCGA-BJ-A0Z0-01A,1.0,0.0,0.0,0.0,0.0
10,121482347,-,23,13735362,-,THCA,47,TCGA-BJ-A0Z0-01A,TCGA-BJ-A0Z0-01A,1.0,0.0,0.0,0.0,0.0
11,47642178,-,14,68794759,-,THCA,48,TCGA-BJ-A0Z0-01A,TCGA-BJ-A0Z0-01A,1.0,0.0,0.0,0.0,0.0
11,53022588,+,11,53074436,-,THCA,49,TCGA-BJ-A0Z0-01A,TCGA-BJ-A0Z0-01A,1.0,0.0,0.0,0.0,0.0
11,54346530,+,11,54421089,-,THCA,50,TCGA-BJ-A0Z0-01A,TCGA-BJ-A0Z0-01A,1.0,0.0,0.0,0.0,0.0
11,54359892,-,11,54384648,+,THCA,51,TCGA-BJ-A0Z0-01A,TCGA-BJ-A0Z0-01A,1.0,0.0,0.0,0.0,0.0
11,54368808,-,11,54396476,+,THCA,52,TCGA-BJ-A0Z0-01A,TCGA-BJ-A0Z0-01A,1.0,0.0,0.0,0.0,0.0
13,17907540,+,13,18045208,-,THCA,53,TCGA-BJ-A0Z0-01A,TCGA-BJ-A0Z0-01A,1.0,0.0,0.0,0.0,0.0
13,18612886,+,18,14446808,+,THCA,54,TCGA-BJ-A0Z0-01A,TCGA-BJ-A0Z0-01A,1.0,0.0,0.0,0.0,0.0
13,18731130,+,18,14349517,+,THCA,55,TCGA-BJ-A0Z0-01A,TCGA-BJ-A0Z0-01A,1.0,0.0,0.0,0.0,0.0
13,18746299,-,20,30632638,+,THCA,56,TCGA-BJ-A0Z0-01A,TCGA-BJ-A0Z0-01A,1.0,0.0,0.0,0.0,0.0
13,18754845,-,18,14325863,-,THCA,57,TCGA-BJ-A0Z0-01A,TCGA-BJ-A0Z0-01A,1.0,0.0,0.0,0.0,0.0
13,18815214,+,21,13913703,-,THCA,58,TCGA-BJ-A0Z0-01A,TCGA-BJ-A0Z0-01A,1.0,0.0,0.0,0.0,0.0
14,102094668,-,15,77185700,+,THCA,59,TCGA-BJ-A0Z0-01A,TCGA-BJ-A0Z0-01A,1.0,0.0,0.0,0.0,0.0
14,102095094,+,16,1872094,+,THCA,60,TCGA-BJ-A0Z0-01A,TCGA-BJ-A0Z0-01A,1.0,0.0,0.0,0.0,0.0
15,24243611,-,15,24384030,+,THCA,61,TCGA-BJ-A0Z0-01A,TCGA-BJ-A0Z0-01A,1.0,0.0,0.0,0.0,0.0
16,36348210,-,16,37700989,+,THCA,62,TCGA-BJ-A0Z0-01A,TCGA-BJ-A0Z0-01A,1.0,0.0,0.0,0.0,0.0
17,26572120,-,17,26574624,+,THCA,63,TCGA-BJ-A0Z0-01A,TCGA-BJ-A0Z0-01A,1.0,0.0,0.0,0.0,0.0
18,15590238,+,18,15673421,-,THCA,64,TCGA-BJ-A0Z0-01A,TCGA-BJ-A0Z0-01A,1.0,0.0,0.0,0.0,0.0
18,20578805,+,18,20631482,+,THCA,65,TCGA-BJ-A0Z0-01A,TCGA-BJ-A0Z0-01A,1.0,0.0,0.0,0.0,0.0
2,61476013,-,21,36843904,-,THCA,66,TCGA-BJ-A0Z0-01A,TCGA-BJ-A0Z0-01A,1.0,0.0,0.0,0.0,0.0
3,91165989,+,3,91208369,-,THCA,67,TCGA-BJ-A0Z0-01A,TCGA-BJ-A0Z0-01A,1.0,0.0,0.0,0.0,0.0
4,9763176,+,11,76121461,+,THCA,68,TCGA-BJ-A0Z0-01A,TCGA-BJ-A0Z0-01A,1.0,0.0,0.0,0.0,0.0
4,50216879,-,4,50849358,+,THCA,69,TCGA-BJ-A0Z0-01A,TCGA-BJ-A0Z0-01A,1.0,0.0,0.0,0.0,0.0
5,49792276,-,5,49821052,+,THCA,70,TCGA-BJ-A0Z0-01A,TCGA-BJ-A0Z0-01A,1.0,0.0,0.0,0.0,0.0
5,71736179,-,17,10046876,-,THCA,71,TCGA-BJ-A0Z0-01A,TCGA-BJ-A0Z0-01A,1.0,0.0,0.0,0.0,0.0
5,127604176,-,10,68687191,+,THCA,72,TCGA-BJ-A0Z0-01A,TCGA-BJ-A0Z0-01A,1.0,0.0,0.0,0.0,0.0
5,153466005,+,23,26483024,+,THCA,73,TCGA-BJ-A0Z0-01A,TCGA-BJ-A0Z0-01A,1.0,0.0,0.0,0.0,0.0
7,58189277,+,7,58237103,-,THCA,74,TCGA-BJ-A0Z0-01A,TCGA-BJ-A0Z0-01A,1.0,0.0,0.0,0.0,0.0
7,80284503,+,7,85241492,+,THCA,75,TCGA-BJ-A0Z0-01A,TCGA-BJ-A0Z0-01A,1.0,0.0,0.0,0.0,0.0
7,132562830,+,23,1169117,+,THCA,76,TCGA-BJ-A0Z0-01A,TCGA-BJ-A0Z0-01A,1.0,0.0,0.0,0.0,0.0
8,18002009,-,9,102311371,-,THCA,77,TCGA-BJ-A0Z0-01A,TCGA-BJ-A0Z0-01A,1.0,0.0,0.0,0.0,0.0
8,121408263,+,15,66102314,+,THCA,78,TCGA-BJ-A0Z0-01A,TCGA-BJ-A0Z0-01A,1.0,0.0,0.0,0.0,0.0
9,43176026,+,18,15404214,-,THCA,79,TCGA-BJ-A0Z0-01A,TCGA-BJ-A0Z0-01A,1.0,0.0,0.0,0.0,0.0
9,43178943,-,18,15404069,+,THCA,80,TCGA-BJ-A0Z0-01A,TCGA-BJ-A0Z0-01A,1.0,0.0,0.0,0.0,0.0
1,185597262,-,1,185700797,+,THCA,81,TCGA-BJ-A0Z2-01A,TCGA-BJ-A0Z2-01A,1.0,0.0,0.0,0.0,0.0
11,1070465,+,16,5611706,-,THCA,82,TCGA-BJ-A0Z2-01A,TCGA-BJ-A0Z2-01A,1.0,0.0,0.0,0.0,0.0
11,54346405,-,11,54390361,+,THCA,83,TCGA-BJ-A0Z2-01A,TCGA-BJ-A0Z2-01A,1.0,0.0,0.0,0.0,0.0
11,54384216,-,11,54549222,+,THCA,84,TCGA-BJ-A0Z2-01A,TCGA-BJ-A0Z2-01A,1.0,0.0,0.0,0.0,0.0
13,18809050,+,20,30653146,-,THCA,85,TCGA-BJ-A0Z2-01A,TCGA-BJ-A0Z2-01A,1.0,0.0,0.0,0.0,0.0
18,15580298,+,18,15685661,-,THCA,86,TCGA-BJ-A0Z2-01A,TCGA-BJ-A0Z2-01A,1.0,0.0,0.0,0.0,0.0
19,21851340,+,19,53730056,+,THCA,87,TCGA-BJ-A0Z2-01A,TCGA-BJ-A0Z2-01A,1.0,0.0,0.0,0.0,0.0
19,21851341,-,19,53730054,-,THCA,88,TCGA-BJ-A0Z2-01A,TCGA-BJ-A0Z2-01A,1.0,0.0,0.0,0.0,0.0
2,132026028,-,15,19911354,+,THCA,89,TCGA-BJ-A0Z2-01A,TCGA-BJ-A0Z2-01A,1.0,0.0,0.0,0.0,0.0
20,12340391,+,20,12345856,-,THCA,90,TCGA-BJ-A0Z2-01A,TCGA-BJ-A0Z2-01A,1.0,0.0,0.0,0.0,0.0
3,108851076,-,23,116520641,+,THCA,91,TCGA-BJ-A0Z2-01A,TCGA-BJ-A0Z2-01A,1.0,0.0,0.0,0.0,0.0
4,1550321,+,5,50921567,+,THCA,92,TCGA-BJ-A0Z2-01A,TCGA-BJ-A0Z2-01A,1.0,0.0,0.0,0.0,0.0
4,89680395,+,17,40198064,+,THCA,93,TCGA-BJ-A0Z2-01A,TCGA-BJ-A0Z2-01A,1.0,0.0,0.0,0.0,0.0
5,46517008,+,5,46524853,-,THCA,94,TCGA-BJ-A0Z2-01A,TCGA-BJ-A0Z2-01A,1.0,0.0,0.0,0.0,0.0
6,1853376,-,6,28782087,+,THCA,95,TCGA-BJ-A0Z2-01A,TCGA-BJ-A0Z2-01A,1.0,0.0,0.0,0.0,0.0
6,22162960,+,14,73834884,-,THCA,96,TCGA-BJ-A0Z2-01A,TCGA-BJ-A0Z2-01A,1.0,0.0,0.0,0.0,0.0
6,70770245,-,6,70783970,-,THCA,97,TCGA-BJ-A0Z2-01A,TCGA-BJ-A0Z2-01A,1.0,0.0,0.0,0.0,0.0
7,110053640,-,11,23987664,+,THCA,98,TCGA-BJ-A0Z2-01A,TCGA-BJ-A0Z2-01A,1.0,0.0,0.0,0.0,0.0
7,110053721,+,11,23987656,-,THCA,99,TCGA-BJ-A0Z2-01A,TCGA-BJ-A0Z2-01A,1.0,0.0,0.0,0.0,0.0
8,2234098,+,8,2485340,+,THCA,100,TCGA-BJ-A0Z2-01A,TCGA-BJ-A0Z2-01A,1.0,0.0,0.0,0.0,0.0
8,132941319,+,8,132943583,-,THCA,101,TCGA-BJ-A0Z2-01A,TCGA-BJ-A0Z2-01A,1.0,0.0,0.0,0.0,0.0
9,40545619,-,9,43176012,+,THCA,102,TCGA-BJ-A0Z2-01A,TCGA-BJ-A0Z2-01A,1.0,0.0,0.0,0.0,0.0
9,43399638,-,9,43400280,+,THCA,103,TCGA-BJ-A0Z2-01A,TCGA-BJ-A0Z2-01A,1.0,0.0,0.0,0.0,0.0
23,130049900,+,23,130128143,-,THCA,104,TCGA-BJ-A0Z2-01A,TCGA-BJ-A0Z2-01A,1.0,0.0,0.0,0.0,0.0
1,86097300,-,9,136023036,-,THCA,105,TCGA-BJ-A0Z3-01A,TCGA-BJ-A0Z3-01A,1.0,0.0,0.0,0.0,0.0
1,122608947,+,1,124244894,-,THCA,106,TCGA-BJ-A0Z3-01A,TCGA-BJ-A0Z3-01A,1.0,0.0,0.0,0.0,0.0
1,124673830,-,1,124674381,+,THCA,107,TCGA-BJ-A0Z3-01A,TCGA-BJ-A0Z3-01A,1.0,0.0,0.0,0.0,0.0
14,68794822,-,16,53010791,-,THCA,108,TCGA-BJ-A0Z3-01A,TCGA-BJ-A0Z3-01A,1.0,0.0,0.0,0.0,0.0
18,15656435,-,18,15702569,+,THCA,109,TCGA-BJ-A0Z3-01A,TCGA-BJ-A0Z3-01A,1.0,0.0,0.0,0.0,0.0
18,15847700,-,18,20066090,+,THCA,110,TCGA-BJ-A0Z3-01A,TCGA-BJ-A0Z3-01A,1.0,0.0,0.0,0.0,0.0
18,20738024,+,18,20802959,-,THCA,111,TCGA-BJ-A0Z3-01A,TCGA-BJ-A0Z3-01A,1.0,0.0,0.0,0.0,0.0
18,20803217,+,18,20914635,-,THCA,112,TCGA-BJ-A0Z3-01A,TCGA-BJ-A0Z3-01A,1.0,0.0,0.0,0.0,0.0
2,212003171,-,17,11694742,-,THCA,113,TCGA-BJ-A0Z3-01A,TCGA-BJ-A0Z3-01A,1.0,0.0,0.0,0.0,0.0
20,27297028,+,20,27827098,-,THCA,114,TCGA-BJ-A0Z3-01A,TCGA-BJ-A0Z3-01A,1.0,0.0,0.0,0.0,0.0
3,155231227,-,7,39040063,-,THCA,115,TCGA-BJ-A0Z3-01A,TCGA-BJ-A0Z3-01A,1.0,0.0,0.0,0.0,0.0
4,51640998,+,4,51721184,-,THCA,116,TCGA-BJ-A0Z3-01A,TCGA-BJ-A0Z3-01A,1.0,0.0,0.0,0.0,0.0
8,94168100,-,18,12022527,+,THCA,117,TCGA-BJ-A0Z3-01A,TCGA-BJ-A0Z3-01A,1.0,0.0,0.0,0.0,0.0
9,44603314,+,9,44780917,-,THCA,118,TCGA-BJ-A0Z3-01A,TCGA-BJ-A0Z3-01A,1.0,0.0,0.0,0.0,0.0
1,29418841,+,5,95738882,+,THCA,119,TCGA-BJ-A0Z5-01A,TCGA-BJ-A0Z5-01A,1.0,0.0,0.0,0.0,0.0
11,54369028,-,11,54549455,+,THCA,120,TCGA-BJ-A0Z5-01A,TCGA-BJ-A0Z5-01A,1.0,0.0,0.0,0.0,0.0
13,16342318,+,13,17296879,-,THCA,121,TCGA-BJ-A0Z5-01A,TCGA-BJ-A0Z5-01A,1.0,0.0,0.0,0.0,0.0
13,76694364,-,14,52480944,-,THCA,122,TCGA-BJ-A0Z5-01A,TCGA-BJ-A0Z5-01A,1.0,0.0,0.0,0.0,0.0
17,23028590,-,17,23043022,+,THCA,123,TCGA-BJ-A0Z5-01A,TCGA-BJ-A0Z5-01A,1.0,0.0,0.0,0.0,0.0
18,15530587,+,18,15743544,-,THCA,124,TCGA-BJ-A0Z5-01A,TCGA-BJ-A0Z5-01A,1.0,0.0,0.0,0.0,0.0
2,80043156,-,15,66566897,+,THCA,125,TCGA-BJ-A0Z5-01A,TCGA-BJ-A0Z5-01A,1.0,0.0,0.0,0.0,0.0
20,29291547,+,24,10205989,+,THCA,126,TCGA-BJ-A0Z5-01A,TCGA-BJ-A0Z5-01A,1.0,0.0,0.0,0.0,0.0
4,161779843,+,8,112179593,-,THCA,127,TCGA-BJ-A0Z5-01A,TCGA-BJ-A0Z5-01A,1.0,0.0,0.0,0.0,0.0
8,13622456,+,23,135115029,+,THCA,128,TCGA-BJ-A0Z5-01A,TCGA-BJ-A0Z5-01A,1.0,0.0,0.0,0.0,0.0
1,2197418,-,1,2331005,+,THCA,129,TCGA-BJ-A0Z9-01A,TCGA-BJ-A0Z9-01A,1.0,0.0,0.0,0.0,0.0
1,13114656,+,1,13267740,-,THCA,130,TCGA-BJ-A0Z9-01A,TCGA-BJ-A0Z9-01A,1.0,0.0,0.0,0.0,0.0
1,60219920,+,17,28009371,-,THCA,131,TCGA-BJ-A0Z9-01A,TCGA-BJ-A0Z9-01A,1.0,0.0,0.0,0.0,0.0
1,122076408,-,1,122122017,+,THCA,132,TCGA-BJ-A0Z9-01A,TCGA-BJ-A0Z9-01A,1.0,0.0,0.0,0.0,0.0
1,229417367,+,23,109182881,-,THCA,133,TCGA-BJ-A0Z9-01A,TCGA-BJ-A0Z9-01A,1.0,0.0,0.0,0.0,0.0
1,229417573,-,23,109183046,+,THCA,134,TCGA-BJ-A0Z9-01A,TCGA-BJ-A0Z9-01A,1.0,0.0,0.0,0.0,0.0
10,14064848,+,10,14065435,-,THCA,135,TCGA-BJ-A0Z9-01A,TCGA-BJ-A0Z9-01A,1.0,0.0,0.0,0.0,0.0
11,4096128,+,11,4096720,-,THCA,136,TCGA-BJ-A0Z9-01A,TCGA-BJ-A0Z9-01A,1.0,0.0,0.0,0.0,0.0
11,65249821,-,11,65434214,+,THCA,137,TCGA-BJ-A0Z9-01A,TCGA-BJ-A0Z9-01A,1.0,0.0,0.0,0.0,0.0
11,81972287,+,15,90603246,+,THCA,138,TCGA-BJ-A0Z9-01A,TCGA-BJ-A0Z9-01A,1.0,0.0,0.0,0.0,0.0
19,55881145,-,19,55972808,+,THCA,139,TCGA-BJ-A0Z9-01A,TCGA-BJ-A0Z9-01A,1.0,0.0,0.0,0.0,0.0
2,7287814,+,2,7288430,-,THCA,140,TCGA-BJ-A0Z9-01A,TCGA-BJ-A0Z9-01A,1.0,0.0,0.0,0.0,0.0
2,65348500,+,2,65349038,-,THCA,141,TCGA-BJ-A0Z9-01A,TCGA-BJ-A0Z9-01A,1.0,0.0,0.0,0.0,0.0
2,214132908,+,2,214133451,-,THCA,142,TCGA-BJ-A0Z9-01A,TCGA-BJ-A0Z9-01A,1.0,0.0,0.0,0.0,0.0
20,2992336,+,20,2992889,-,THCA,143,TCGA-BJ-A0Z9-01A,TCGA-BJ-A0Z9-01A,1.0,0.0,0.0,0.0,0.0
5,176519920,+,7,148502356,-,THCA,144,TCGA-BJ-A0Z9-01A,TCGA-BJ-A0Z9-01A,1.0,0.0,0.0,0.0,0.0
7,3905992,-,7,3906235,-,THCA,145,TCGA-BJ-A0Z9-01A,TCGA-BJ-A0Z9-01A,1.0,0.0,0.0,0.0,0.0
23,57356506,-,23,57356747,-,THCA,146,TCGA-BJ-A0Z9-01A,TCGA-BJ-A0Z9-01A,1.0,0.0,0.0,0.0,0.0
1,124790177,-,1,124795001,+,THCA,147,TCGA-BJ-A0ZB-01A,TCGA-BJ-A0ZB-01A,1.0,0.0,0.0,0.0,0.0
13,16298331,-,13,16628083,+,THCA,148,TCGA-BJ-A0ZB-01A,TCGA-BJ-A0ZB-01A,1.0,0.0,0.0,0.0,0.0
14,102094606,-,15,77185758,+,THCA,149,TCGA-BJ-A0ZB-01A,TCGA-BJ-A0ZB-01A,1.0,0.0,0.0,0.0,0.0
15,19387383,-,15,19655028,+,THCA,150,TCGA-BJ-A0ZB-01A,TCGA-BJ-A0ZB-01A,1.0,0.0,0.0,0.0,0.0
18,15603584,-,18,15739856,+,THCA,151,TCGA-BJ-A0ZB-01A,TCGA-BJ-A0ZB-01A,1.0,0.0,0.0,0.0,0.0
6,106721000,-,6,106723386,-,THCA,152,TCGA-BJ-A0ZB-01A,TCGA-BJ-A0ZB-01A,1.0,0.0,0.0,0.0,0.0
7,62817534,+,23,58406928,+,THCA,153,TCGA-BJ-A0ZB-01A,TCGA-BJ-A0ZB-01A,1.0,0.0,0.0,0.0,0.0
8,87428313,-,18,43735281,+,THCA,154,TCGA-BJ-A0ZB-01A,TCGA-BJ-A0ZB-01A,1.0,0.0,0.0,0.0,0.0
1,51877147,-,16,11527863,+,THCA,155,TCGA-BJ-A0ZC-01A,TCGA-BJ-A0ZC-01A,1.0,0.0,0.0,0.0,0.0
1,85403443,+,10,49513799,-,THCA,156,TCGA-BJ-A0ZC-01A,TCGA-BJ-A0ZC-01A,1.0,0.0,0.0,0.0,0.0
1,85435294,-,10,91871659,+,THCA,157,TCGA-BJ-A0ZC-01A,TCGA-BJ-A0ZC-01A,1.0,0.0,0.0,0.0,0.0
1,102106183,-,6,65630712,+,THCA,158,TCGA-BJ-A0ZC-01A,TCGA-BJ-A0ZC-01A,1.0,0.0,0.0,0.0,0.0
1,102106484,+,6,65630703,-,THCA,159,TCGA-BJ-A0ZC-01A,TCGA-BJ-A0ZC-01A,1.0,0.0,0.0,0.0,0.0
1,104229534,-,1,104229690,-,THCA,160,TCGA-BJ-A0ZC-01A,TCGA-BJ-A0ZC-01A,1.0,0.0,0.0,0.0,0.0
1,104229550,-,10,91800209,-,THCA,161,TCGA-BJ-A0ZC-01A,TCGA-BJ-A0ZC-01A,1.0,0.0,0.0,0.0,0.0
1,104229655,+,10,91800156,-,THCA,162,TCGA-BJ-A0ZC-01A,TCGA-BJ-A0ZC-01A,1.0,0.0,0.0,0.0,0.0
1,104229825,-,10,91800151,-,THCA,163,TCGA-BJ-A0ZC-01A,TCGA-BJ-A0ZC-01A,1.0,0.0,0.0,0.0,0.0
10,49513826,+,10,91871803,-,THCA,164,TCGA-BJ-A0ZC-01A,TCGA-BJ-A0ZC-01A,1.0,0.0,0.0,0.0,0.0
10,49557988,+,10,50048369,-,THCA,165,TCGA-BJ-A0ZC-01A,TCGA-BJ-A0ZC-01A,1.0,0.0,0.0,0.0,0.0
10,68343619,-,10,87865515,-,THCA,166,TCGA-BJ-A0ZC-01A,TCGA-BJ-A0ZC-01A,1.0,0.0,0.0,0.0,0.0
10,68343702,+,10,87865317,+,THCA,167,TCGA-BJ-A0ZC-01A,TCGA-BJ-A0ZC-01A,1.0,0.0,0.0,0.0,0.0
12,36778990,-,12,36997834,+,THCA,168,TCGA-BJ-A0ZC-01A,TCGA-BJ-A0ZC-01A,1.0,0.0,0.0,0.0,0.0
3,91115225,-,3,91184917,+,THCA,169,TCGA-BJ-A0ZC-01A,TCGA-BJ-A0ZC-01A,1.0,0.0,0.0,0.0,0.0
1,113824777,+,1,113825437,-,THCA,170,TCGA-BJ-A0ZE-01A,TCGA-BJ-A0ZE-01A,1.0,0.0,0.0,0.0,0.0
13,61669510,+,13,61670283,-,THCA,171,TCGA-BJ-A0ZE-01A,TCGA-BJ-A0ZE-01A,1.0,0.0,0.0,0.0,0.0
13,86115256,+,20,53558930,+,THCA,172,TCGA-BJ-A0ZE-01A,TCGA-BJ-A0ZE-01A,1.0,0.0,0.0,0.0,0.0
17,23009319,+,17,23175965,-,THCA,173,TCGA-BJ-A0ZE-01A,TCGA-BJ-A0ZE-01A,1.0,0.0,0.0,0.0,0.0
18,15636772,+,18,20611343,-,THCA,174,TCGA-BJ-A0ZE-01A,TCGA-BJ-A0ZE-01A,1.0,0.0,0.0,0.0,0.0
2,21192481,-,5,11250513,+,THCA,175,TCGA-BJ-A0ZE-01A,TCGA-BJ-A0ZE-01A,1.0,0.0,0.0,0.0,0.0
2,93233169,-,2,93594878,+,THCA,176,TCGA-BJ-A0ZE-01A,TCGA-BJ-A0ZE-01A,1.0,0.0,0.0,0.0,0.0
2,94557440,-,2,132218848,+,THCA,177,TCGA-BJ-A0ZE-01A,TCGA-BJ-A0ZE-01A,1.0,0.0,0.0,0.0,0.0
3,93315947,-,3,93339588,+,THCA,178,TCGA-BJ-A0ZE-01A,TCGA-BJ-A0ZE-01A,1.0,0.0,0.0,0.0,0.0
3,155814096,-,3,155945056,-,THCA,179,TCGA-BJ-A0ZE-01A,TCGA-BJ-A0ZE-01A,1.0,0.0,0.0,0.0,0.0
5,119018863,-,17,2677623,+,THCA,180,TCGA-BJ-A0ZE-01A,TCGA-BJ-A0ZE-01A,1.0,0.0,0.0,0.0,0.0
6,120562572,+,6,120564127,+,THCA,181,TCGA-BJ-A0ZE-01A,TCGA-BJ-A0ZE-01A,1.0,0.0,0.0,0.0,0.0
9,106398367,+,18,69384201,-,THCA,182,TCGA-BJ-A0ZE-01A,TCGA-BJ-A0ZE-01A,1.0,0.0,0.0,0.0,0.0
12,122294093,+,12,122294790,-,THCA,183,TCGA-BJ-A0ZF-01A,TCGA-BJ-A0ZF-01A,1.0,0.0,0.0,0.0,0.0
18,15656360,-,18,15702634,+,THCA,184,TCGA-BJ-A0ZF-01A,TCGA-BJ-A0ZF-01A,1.0,0.0,0.0,0.0,0.0
2,113229293,+,3,12261626,+,THCA,185,TCGA-BJ-A0ZF-01A,TCGA-BJ-A0ZF-01A,1.0,0.0,0.0,0.0,0.0
2,113229331,-,3,12377615,-,THCA,186,TCGA-BJ-A0ZF-01A,TCGA-BJ-A0ZF-01A,1.0,0.0,0.0,0.0,0.0
3,188784384,+,3,188785461,-,THCA,187,TCGA-BJ-A0ZF-01A,TCGA-BJ-A0ZF-01A,1.0,0.0,0.0,0.0,0.0
4,19555421,-,15,96831039,+,THCA,188,TCGA-BJ-A0ZF-01A,TCGA-BJ-A0ZF-01A,1.0,0.0,0.0,0.0,0.0
5,46942330,-,5,47138222,+,THCA,189,TCGA-BJ-A0ZF-01A,TCGA-BJ-A0ZF-01A,1.0,0.0,0.0,0.0,0.0
7,150161225,+,13,86289814,-,THCA,190,TCGA-BJ-A0ZF-01A,TCGA-BJ-A0ZF-01A,1.0,0.0,0.0,0.0,0.0
8,32753630,+,8,32773870,-,THCA,191,TCGA-BJ-A0ZF-01A,TCGA-BJ-A0ZF-01A,1.0,0.0,0.0,0.0,0.0
9,43852157,+,9,60680001,+,THCA,192,TCGA-BJ-A0ZF-01A,TCGA-BJ-A0ZF-01A,1.0,0.0,0.0,0.0,0.0
1,201061711,+,1,201062330,-,THCA,193,TCGA-BJ-A0ZG-01A,TCGA-BJ-A0ZG-01A,1.0,0.0,0.0,0.0,0.0
13,16586656,+,13,16678883,-,THCA,194,TCGA-BJ-A0ZG-01A,TCGA-BJ-A0ZG-01A,1.0,0.0,0.0,0.0,0.0
13,16670003,-,13,16758805,+,THCA,195,TCGA-BJ-A0ZG-01A,TCGA-BJ-A0ZG-01A,1.0,0.0,0.0,0.0,0.0
15,88135374,+,15,88136187,-,THCA,196,TCGA-BJ-A0ZG-01A,TCGA-BJ-A0ZG-01A,1.0,0.0,0.0,0.0,0.0
17,23131349,+,17,26628721,-,THCA,197,TCGA-BJ-A0ZG-01A,TCGA-BJ-A0ZG-01A,1.0,0.0,0.0,0.0,0.0
2,139892431,+,2,139893050,-,THCA,198,TCGA-BJ-A0ZG-01A,TCGA-BJ-A0ZG-01A,1.0,0.0,0.0,0.0,0.0
22,29661739,+,22,29662363,-,THCA,199,TCGA-BJ-A0ZG-01A,TCGA-BJ-A0ZG-01A,1.0,0.0,0.0,0.0,0.0
5,9701263,+,7,89367680,-,THCA,200,TCGA-BJ-A0ZG-01A,TCGA-BJ-A0ZG-01A,1.0,0.0,0.0,0.0,0.0
6,3004218,-,6,3051650,-,THCA,201,TCGA-BJ-A0ZG-01A,TCGA-BJ-A0ZG-01A,1.0,0.0,0.0,0.0,0.0
9,136103770,+,9,136104406,-,THCA,202,TCGA-BJ-A0ZG-01A,TCGA-BJ-A0ZG-01A,1.0,0.0,0.0,0.0,0.0
1,122137373,-,1,122150333,+,THCA,203,TCGA-BJ-A0ZH-01A,TCGA-BJ-A0ZH-01A,1.0,0.0,0.0,0.0,0.0
1,245130379,-,5,138419690,-,THCA,204,TCGA-BJ-A0ZH-01A,TCGA-BJ-A0ZH-01A,1.0,0.0,0.0,0.0,0.0
12,103966061,+,12,103979831,-,THCA,205,TCGA-BJ-A0ZH-01A,TCGA-BJ-A0ZH-01A,1.0,0.0,0.0,0.0,0.0
5,49693062,-,5,49958452,+,THCA,206,TCGA-BJ-A0ZH-01A,TCGA-BJ-A0ZH-01A,1.0,0.0,0.0,0.0,0.0
7,4497484,-,7,9622010,+,THCA,207,TCGA-BJ-A0ZH-01A,TCGA-BJ-A0ZH-01A,1.0,0.0,0.0,0.0,0.0
7,16600895,-,7,16607289,+,THCA,208,TCGA-BJ-A0ZH-01A,TCGA-BJ-A0ZH-01A,1.0,0.0,0.0,0.0,0.0
7,19592213,+,7,19610370,-,THCA,209,TCGA-BJ-A0ZH-01A,TCGA-BJ-A0ZH-01A,1.0,0.0,0.0,0.0,0.0
7,45518410,+,7,45521157,-,THCA,210,TCGA-BJ-A0ZH-01A,TCGA-BJ-A0ZH-01A,1.0,0.0,0.0,0.0,0.0
7,55124575,-,7,55137775,-,THCA,211,TCGA-BJ-A0ZH-01A,TCGA-BJ-A0ZH-01A,1.0,0.0,0.0,0.0,0.0
7,55129341,+,7,55137959,-,THCA,212,TCGA-BJ-A0ZH-01A,TCGA-BJ-A0ZH-01A,1.0,0.0,0.0,0.0,0.0
7,55129538,+,7,55137871,-,THCA,213,TCGA-BJ-A0ZH-01A,TCGA-BJ-A0ZH-01A,1.0,0.0,0.0,0.0,0.0
7,105652911,+,7,105661098,-,THCA,214,TCGA-BJ-A0ZH-01A,TCGA-BJ-A0ZH-01A,1.0,0.0,0.0,0.0,0.0
1,62850848,-,18,10720400,+,THCA,215,TCGA-BJ-A0ZJ-01A,TCGA-BJ-A0ZJ-01A,1.0,0.0,0.0,0.0,0.0
10,43116491,+,10,59866263,+,THCA,216,TCGA-BJ-A0ZJ-01A,TCGA-BJ-A0ZJ-01A,1.0,0.0,0.0,0.0,0.0
10,43116505,-,10,59866291,-,THCA,217,TCGA-BJ-A0ZJ-01A,TCGA-BJ-A0ZJ-01A,1.0,0.0,0.0,0.0,0.0
12,103790716,+,14,59152970,+,THCA,218,TCGA-BJ-A0ZJ-01A,TCGA-BJ-A0ZJ-01A,1.0,0.0,0.0,0.0,0.0
13,61662679,+,23,146823080,+,THCA,219,TCGA-BJ-A0ZJ-01A,TCGA-BJ-A0ZJ-01A,1.0,0.0,0.0,0.0,0.0
15,61335834,-,16,12832639,-,THCA,220,TCGA-BJ-A0ZJ-01A,TCGA-BJ-A0ZJ-01A,1.0,0.0,0.0,0.0,0.0
20,29936223,-,20,29995087,+,THCA,221,TCGA-BJ-A0ZJ-01A,TCGA-BJ-A0ZJ-01A,1.0,0.0,0.0,0.0,0.0
20,29999405,+,20,30009006,-,THCA,222,TCGA-BJ-A0ZJ-01A,TCGA-BJ-A0ZJ-01A,1.0,0.0,0.0,0.0,0.0
3,91291069,+,15,51590944,-,THCA,223,TCGA-BJ-A0ZJ-01A,TCGA-BJ-A0ZJ-01A,1.0,0.0,0.0,0.0,0.0
3,92133599,+,3,92647215,-,THCA,224,TCGA-BJ-A0ZJ-01A,TCGA-BJ-A0ZJ-01A,1.0,0.0,0.0,0.0,0.0
5,76173511,-,12,68659429,-,THCA,225,TCGA-BJ-A0ZJ-01A,TCGA-BJ-A0ZJ-01A,1.0,0.0,0.0,0.0,0.0
5,139315704,-,12,113449202,-,THCA,226,TCGA-BJ-A0ZJ-01A,TCGA-BJ-A0ZJ-01A,1.0,0.0,0.0,0.0,0.0
1,121418809,+,5,50540089,+,THCA,227,TCGA-BJ-A18Y-01A,TCGA-BJ-A18Y-01A,1.0,0.0,0.0,0.0,0.0
12,26639471,+,12,26640013,-,THCA,228,TCGA-BJ-A18Y-01A,TCGA-BJ-A18Y-01A,1.0,0.0,0.0,0.0,0.0
17,1352063,+,17,1352781,-,THCA,229,TCGA-BJ-A18Y-01A,TCGA-BJ-A18Y-01A,1.0,0.0,0.0,0.0,0.0
17,9245097,+,17,9245693,-,THCA,230,TCGA-BJ-A18Y-01A,TCGA-BJ-A18Y-01A,1.0,0.0,0.0,0.0,0.0
17,19563401,+,17,19565783,-,THCA,231,TCGA-BJ-A18Y-01A,TCGA-BJ-A18Y-01A,1.0,0.0,0.0,0.0,0.0
18,12067849,+,18,12068598,-,THCA,232,TCGA-BJ-A18Y-01A,TCGA-BJ-A18Y-01A,1.0,0.0,0.0,0.0,0.0
18,15636761,+,18,20611346,-,THCA,233,TCGA-BJ-A18Y-01A,TCGA-BJ-A18Y-01A,1.0,0.0,0.0,0.0,0.0
20,26464871,-,20,26516177,+,THCA,234,TCGA-BJ-A18Y-01A,TCGA-BJ-A18Y-01A,1.0,0.0,0.0,0.0,0.0
22,43763098,+,22,43763797,-,THCA,235,TCGA-BJ-A18Y-01A,TCGA-BJ-A18Y-01A,1.0,0.0,0.0,0.0,0.0
3,69520003,-,3,188785536,-,THCA,236,TCGA-BJ-A18Y-01A,TCGA-BJ-A18Y-01A,1.0,0.0,0.0,0.0,0.0
3,91049258,-,3,91167683,+,THCA,237,TCGA-BJ-A18Y-01A,TCGA-BJ-A18Y-01A,1.0,0.0,0.0,0.0,0.0
3,196504100,+,3,196504696,-,THCA,238,TCGA-BJ-A18Y-01A,TCGA-BJ-A18Y-01A,1.0,0.0,0.0,0.0,0.0
4,49931645,-,4,51571999,+,THCA,239,TCGA-BJ-A18Y-01A,TCGA-BJ-A18Y-01A,1.0,0.0,0.0,0.0,0.0
5,46639932,+,5,46697328,-,THCA,240,TCGA-BJ-A18Y-01A,TCGA-BJ-A18Y-01A,1.0,0.0,0.0,0.0,0.0
6,57345286,+,6,60247286,-,THCA,241,TCGA-BJ-A18Y-01A,TCGA-BJ-A18Y-01A,1.0,0.0,0.0,0.0,0.0
7,20018327,-,11,43900500,+,THCA,242,TCGA-BJ-A18Y-01A,TCGA-BJ-A18Y-01A,1.0,0.0,0.0,0.0,0.0
7,117002843,+,9,90881690,+,THCA,243,TCGA-BJ-A18Y-01A,TCGA-BJ-A18Y-01A,1.0,0.0,0.0,0.0,0.0
8,20122475,+,8,20123019,-,THCA,244,TCGA-BJ-A18Y-01A,TCGA-BJ-A18Y-01A,1.0,0.0,0.0,0.0,0.0
9,99930326,+,9,99931014,-,THCA,245,TCGA-BJ-A18Y-01A,TCGA-BJ-A18Y-01A,1.0,0.0,0.0,0.0,0.0
13,17552621,+,13,17767269,-,THCA,246,TCGA-BJ-A18Z-01A,TCGA-BJ-A18Z-01A,1.0,0.0,0.0,0.0,0.0
17,22914791,+,17,23151706,-,THCA,247,TCGA-BJ-A18Z-01A,TCGA-BJ-A18Z-01A,1.0,0.0,0.0,0.0,0.0
18,15792049,+,18,17290980,-,THCA,248,TCGA-BJ-A18Z-01A,TCGA-BJ-A18Z-01A,1.0,0.0,0.0,0.0,0.0
2,10680419,+,4,48659918,-,THCA,249,TCGA-BJ-A18Z-01A,TCGA-BJ-A18Z-01A,1.0,0.0,0.0,0.0,0.0
2,147777588,+,7,88110868,+,THCA,250,TCGA-BJ-A18Z-01A,TCGA-BJ-A18Z-01A,1.0,0.0,0.0,0.0,0.0
20,29052740,+,20,30351972,-,THCA,251,TCGA-BJ-A18Z-01A,TCGA-BJ-A18Z-01A,1.0,0.0,0.0,0.0,0.0
5,138774303,+,5,138774861,-,THCA,252,TCGA-BJ-A18Z-01A,TCGA-BJ-A18Z-01A,1.0,0.0,0.0,0.0,0.0
8,44903507,+,8,45861333,-,THCA,253,TCGA-BJ-A18Z-01A,TCGA-BJ-A18Z-01A,1.0,0.0,0.0,0.0,0.0
1,124910131,-,1,124922355,+,THCA,254,TCGA-BJ-A190-01A,TCGA-BJ-A190-01A,1.0,0.0,0.0,0.0,0.0
13,16290692,-,13,16679218,+,THCA,255,TCGA-BJ-A190-01A,TCGA-BJ-A190-01A,1.0,0.0,0.0,0.0,0.0
13,17447526,-,13,17669029,+,THCA,256,TCGA-BJ-A191-01A,TCGA-BJ-A191-01A,1.0,0.0,0.0,0.0,0.0
20,26259990,-,20,30185137,-,THCA,257,TCGA-BJ-A191-01A,TCGA-BJ-A191-01A,1.0,0.0,0.0,0.0,0.0
4,51595228,+,4,51602080,-,THCA,258,TCGA-BJ-A191-01A,TCGA-BJ-A191-01A,1.0,0.0,0.0,0.0,0.0
5,46434035,-,5,46567514,-,THCA,259,TCGA-BJ-A191-01A,TCGA-BJ-A191-01A,1.0,0.0,0.0,0.0,0.0
1,28921962,+,5,88192026,+,THCA,260,TCGA-BJ-A192-01A,TCGA-BJ-A192-01A,1.0,0.0,0.0,0.0,0.0
1,124977927,+,1,124994302,-,THCA,261,TCGA-BJ-A192-01A,TCGA-BJ-A192-01A,1.0,0.0,0.0,0.0,0.0
1,196038232,+,7,84968891,-,THCA,262,TCGA-BJ-A192-01A,TCGA-BJ-A192-01A,1.0,0.0,0.0,0.0,0.0
13,16298477,-,13,16628011,+,THCA,263,TCGA-BJ-A192-01A,TCGA-BJ-A192-01A,1.0,0.0,0.0,0.0,0.0
19,14084451,-,20,17332256,+,THCA,264,TCGA-BJ-A192-01A,TCGA-BJ-A192-01A,1.0,0.0,0.0,0.0,0.0
2,138610074,+,5,40273554,-,THCA,265,TCGA-BJ-A192-01A,TCGA-BJ-A192-01A,1.0,0.0,0.0,0.0,0.0
3,90953191,+,3,91108414,-,THCA,266,TCGA-BJ-A192-01A,TCGA-BJ-A192-01A,1.0,0.0,0.0,0.0,0.0
4,233105,-,4,417252,+,THCA,267,TCGA-BJ-A192-01A,TCGA-BJ-A192-01A,1.0,0.0,0.0,0.0,0.0
4,50234632,+,4,51210294,-,THCA,268,TCGA-BJ-A192-01A,TCGA-BJ-A192-01A,1.0,0.0,0.0,0.0,0.0
5,46433348,-,5,46493414,-,THCA,269,TCGA-BJ-A192-01A,TCGA-BJ-A192-01A,1.0,0.0,0.0,0.0,0.0
1,122229067,-,1,122271389,+,THCA,270,TCGA-BJ-A28R-01A,TCGA-BJ-A28R-01A,1.0,0.0,0.0,0.0,0.0
1,204141909,+,1,204142500,-,THCA,271,TCGA-BJ-A28R-01A,TCGA-BJ-A28R-01A,1.0,0.0,0.0,0.0,0.0
10,13072959,+,10,13073550,-,THCA,272,TCGA-BJ-A28R-01A,TCGA-BJ-A28R-01A,1.0,0.0,0.0,0.0,0.0
10,13797392,+,10,13798137,-,THCA,273,TCGA-BJ-A28R-01A,TCGA-BJ-A28R-01A,1.0,0.0,0.0,0.0,0.0
15,77953771,+,15,78742078,+,THCA,274,TCGA-BJ-A28R-01A,TCGA-BJ-A28R-01A,1.0,0.0,0.0,0.0,0.0
16,57854401,+,16,57854963,-,THCA,275,TCGA-BJ-A28R-01A,TCGA-BJ-A28R-01A,1.0,0.0,0.0,0.0,0.0
2,54039870,+,19,32023758,-,THCA,276,TCGA-BJ-A28R-01A,TCGA-BJ-A28R-01A,1.0,0.0,0.0,0.0,0.0
2,241631532,+,2,241632148,-,THCA,277,TCGA-BJ-A28R-01A,TCGA-BJ-A28R-01A,1.0,0.0,0.0,0.0,0.0
6,58572960,-,6,59445438,+,THCA,278,TCGA-BJ-A28R-01A,TCGA-BJ-A28R-01A,1.0,0.0,0.0,0.0,0.0
7,102151705,+,7,102152316,-,THCA,279,TCGA-BJ-A28R-01A,TCGA-BJ-A28R-01A,1.0,0.0,0.0,0.0,0.0
1,219540244,+,1,219540765,-,THCA,280,TCGA-BJ-A28S-01A,TCGA-BJ-A28S-01A,1.0,0.0,0.0,0.0,0.0
10,113257272,-,19,6814589,+,THCA,281,TCGA-BJ-A28S-01A,TCGA-BJ-A28S-01A,1.0,0.0,0.0,0.0,0.0
12,39149088,+,12,39149616,-,THCA,282,TCGA-BJ-A28S-01A,TCGA-BJ-A28S-01A,1.0,0.0,0.0,0.0,0.0
13,99109419,+,13,99110036,-,THCA,283,TCGA-BJ-A28S-01A,TCGA-BJ-A28S-01A,1.0,0.0,0.0,0.0,0.0
15,17042464,+,20,28934170,+,THCA,284,TCGA-BJ-A28S-01A,TCGA-BJ-A28S-01A,1.0,0.0,0.0,0.0,0.0
15,18361207,-,15,18405867,+,THCA,285,TCGA-BJ-A28S-01A,TCGA-BJ-A28S-01A,1.0,0.0,0.0,0.0,0.0
16,88498609,+,16,88499260,-,THCA,286,TCGA-BJ-A28S-01A,TCGA-BJ-A28S-01A,1.0,0.0,0.0,0.0,0.0
18,15582131,-,18,15760643,+,THCA,287,TCGA-BJ-A28S-01A,TCGA-BJ-A28S-01A,1.0,0.0,0.0,0.0,0.0
18,15754704,-,18,15785486,+,THCA,288,TCGA-BJ-A28S-01A,TCGA-BJ-A28S-01A,1.0,0.0,0.0,0.0,0.0
19,40250483,+,19,40251169,-,THCA,289,TCGA-BJ-A28S-01A,TCGA-BJ-A28S-01A,1.0,0.0,0.0,0.0,0.0
5,55443214,-,7,105071572,-,THCA,290,TCGA-BJ-A28S-01A,TCGA-BJ-A28S-01A,1.0,0.0,0.0,0.0,0.0
5,112928999,+,5,112929626,-,THCA,291,TCGA-BJ-A28S-01A,TCGA-BJ-A28S-01A,1.0,0.0,0.0,0.0,0.0
6,14448886,+,22,46904142,-,THCA,292,TCGA-BJ-A28S-01A,TCGA-BJ-A28S-01A,1.0,0.0,0.0,0.0,0.0
7,139359776,+,7,139360403,-,THCA,293,TCGA-BJ-A28S-01A,TCGA-BJ-A28S-01A,1.0,0.0,0.0,0.0,0.0
1,122033576,-,1,122069329,+,THCA,294,TCGA-BJ-A28T-01A,TCGA-BJ-A28T-01A,1.0,0.0,0.0,0.0,0.0
11,54353743,-,11,54420148,+,THCA,295,TCGA-BJ-A28T-01A,TCGA-BJ-A28T-01A,1.0,0.0,0.0,0.0,0.0
17,22822911,+,17,22987150,-,THCA,296,TCGA-BJ-A28T-01A,TCGA-BJ-A28T-01A,1.0,0.0,0.0,0.0,0.0
20,20091792,+,22,23880197,+,THCA,297,TCGA-BJ-A28T-01A,TCGA-BJ-A28T-01A,1.0,0.0,0.0,0.0,0.0
3,25897287,-,16,19321899,+,THCA,298,TCGA-BJ-A28T-01A,TCGA-BJ-A28T-01A,1.0,0.0,0.0,0.0,0.0
3,59986290,-,9,74291833,-,THCA,299,TCGA-BJ-A28T-01A,TCGA-BJ-A28T-01A,1.0,0.0,0.0,0.0,0.0
4,38770785,+,12,117656958,+,THCA,300,TCGA-BJ-A28T-01A,TCGA-BJ-A28T-01A,1.0,0.0,0.0,0.0,0.0
7,101192185,+,8,94695710,+,THCA,301,TCGA-BJ-A28T-01A,TCGA-BJ-A28T-01A,1.0,0.0,0.0,0.0,0.0
17,12119344,-,23,31370440,+,THCA,302,TCGA-BJ-A28V-01A,TCGA-BJ-A28V-01A,1.0,0.0,0.0,0.0,0.0
18,42949935,+,23,43362180,+,THCA,303,TCGA-BJ-A28V-01A,TCGA-BJ-A28V-01A,1.0,0.0,0.0,0.0,0.0
2,43377618,-,7,23485090,+,THCA,304,TCGA-BJ-A28V-01A,TCGA-BJ-A28V-01A,1.0,0.0,0.0,0.0,0.0
2,43377623,+,7,23485089,-,THCA,305,TCGA-BJ-A28V-01A,TCGA-BJ-A28V-01A,1.0,0.0,0.0,0.0,0.0
2,207468393,+,15,96406131,+,THCA,306,TCGA-BJ-A28V-01A,TCGA-BJ-A28V-01A,1.0,0.0,0.0,0.0,0.0
22,20024026,+,22,20075655,+,THCA,307,TCGA-BJ-A28V-01A,TCGA-BJ-A28V-01A,1.0,0.0,0.0,0.0,0.0
3,15576044,+,16,24097454,+,THCA,308,TCGA-BJ-A28V-01A,TCGA-BJ-A28V-01A,1.0,0.0,0.0,0.0,0.0
3,142563941,-,15,90569473,+,THCA,309,TCGA-BJ-A28V-01A,TCGA-BJ-A28V-01A,1.0,0.0,0.0,0.0,0.0
4,21687527,+,5,156068103,+,THCA,310,TCGA-BJ-A28V-01A,TCGA-BJ-A28V-01A,1.0,0.0,0.0,0.0,0.0
5,100012878,-,14,20538276,-,THCA,311,TCGA-BJ-A28V-01A,TCGA-BJ-A28V-01A,1.0,0.0,0.0,0.0,0.0
6,97868784,-,6,98040800,-,THCA,312,TCGA-BJ-A28V-01A,TCGA-BJ-A28V-01A,1.0,0.0,0.0,0.0,0.0
6,97868786,+,6,98040802,+,THCA,313,TCGA-BJ-A28V-01A,TCGA-BJ-A28V-01A,1.0,0.0,0.0,0.0,0.0
1,152103797,-,23,89127978,-,THCA,314,TCGA-BJ-A28W-01A,TCGA-BJ-A28W-01A,1.0,0.0,0.0,0.0,0.0
12,37048007,-,12,37060534,+,THCA,315,TCGA-BJ-A28W-01A,TCGA-BJ-A28W-01A,1.0,0.0,0.0,0.0,0.0
13,21118869,+,13,21119376,-,THCA,316,TCGA-BJ-A28W-01A,TCGA-BJ-A28W-01A,1.0,0.0,0.0,0.0,0.0
17,46978555,+,17,46979197,-,THCA,317,TCGA-BJ-A28W-01A,TCGA-BJ-A28W-01A,1.0,0.0,0.0,0.0,0.0
18,15705101,+,18,15706734,-,THCA,318,TCGA-BJ-A28W-01A,TCGA-BJ-A28W-01A,1.0,0.0,0.0,0.0,0.0
19,39235087,+,19,39235828,-,THCA,319,TCGA-BJ-A28W-01A,TCGA-BJ-A28W-01A,1.0,0.0,0.0,0.0,0.0
3,91192609,-,3,91257327,-,THCA,320,TCGA-BJ-A28W-01A,TCGA-BJ-A28W-01A,1.0,0.0,0.0,0.0,0.0
4,139287167,+,4,139287698,-,THCA,321,TCGA-BJ-A28W-01A,TCGA-BJ-A28W-01A,1.0,0.0,0.0,0.0,0.0
23,148749330,+,23,148750008,-,THCA,322,TCGA-BJ-A28W-01A,TCGA-BJ-A28W-01A,1.0,0.0,0.0,0.0,0.0
23,152711131,+,23,152729906,-,THCA,323,TCGA-BJ-A28W-01A,TCGA-BJ-A28W-01A,1.0,0.0,0.0,0.0,0.0
1,91202546,+,1,91203163,-,THCA,324,TCGA-BJ-A28X-01A,TCGA-BJ-A28X-01A,1.0,0.0,0.0,0.0,0.0
11,52672540,+,11,52761049,-,THCA,325,TCGA-BJ-A28X-01A,TCGA-BJ-A28X-01A,1.0,0.0,0.0,0.0,0.0
12,35981505,-,12,36915085,+,THCA,326,TCGA-BJ-A28X-01A,TCGA-BJ-A28X-01A,1.0,0.0,0.0,0.0,0.0
16,69127204,+,16,69127758,-,THCA,327,TCGA-BJ-A28X-01A,TCGA-BJ-A28X-01A,1.0,0.0,0.0,0.0,0.0
18,15355979,+,22,16107018,+,THCA,328,TCGA-BJ-A28X-01A,TCGA-BJ-A28X-01A,1.0,0.0,0.0,0.0,0.0
18,15470369,-,18,15686777,+,THCA,329,TCGA-BJ-A28X-01A,TCGA-BJ-A28X-01A,1.0,0.0,0.0,0.0,0.0
2,73241529,+,2,73242175,-,THCA,330,TCGA-BJ-A28X-01A,TCGA-BJ-A28X-01A,1.0,0.0,0.0,0.0,0.0
6,57623843,-,6,60522871,+,THCA,331,TCGA-BJ-A28X-01A,TCGA-BJ-A28X-01A,1.0,0.0,0.0,0.0,0.0
6,124099950,-,6,124100349,+,THCA,332,TCGA-BJ-A28X-01A,TCGA-BJ-A28X-01A,1.0,0.0,0.0,0.0,0.0
8,23580852,+,12,45899608,-,THCA,333,TCGA-BJ-A28X-01A,TCGA-BJ-A28X-01A,1.0,0.0,0.0,0.0,0.0
1,121418810,+,5,50540136,+,THCA,334,TCGA-BJ-A28Z-01A,TCGA-BJ-A28Z-01A,1.0,0.0,0.0,0.0,0.0
10,43115329,+,10,58383050,-,THCA,335,TCGA-BJ-A28Z-01A,TCGA-BJ-A28Z-01A,1.0,0.0,0.0,0.0,0.0
10,43116388,-,10,59853418,-,THCA,336,TCGA-BJ-A28Z-01A,TCGA-BJ-A28Z-01A,1.0,0.0,0.0,0.0,0.0
10,43155910,+,10,59663837,+,THCA,337,TCGA-BJ-A28Z-01A,TCGA-BJ-A28Z-01A,1.0,0.0,0.0,0.0,0.0
11,47642086,-,14,68794666,-,THCA,338,TCGA-BJ-A28Z-01A,TCGA-BJ-A28Z-01A,1.0,0.0,0.0,0.0,0.0
12,35682009,+,12,35901085,-,THCA,339,TCGA-BJ-A28Z-01A,TCGA-BJ-A28Z-01A,1.0,0.0,0.0,0.0,0.0
17,22837429,+,17,23033814,-,THCA,340,TCGA-BJ-A28Z-01A,TCGA-BJ-A28Z-01A,1.0,0.0,0.0,0.0,0.0
2,99252980,-,2,101156846,+,THCA,341,TCGA-BJ-A28Z-01A,TCGA-BJ-A28Z-01A,1.0,0.0,0.0,0.0,0.0
3,84842421,+,6,134423924,-,THCA,342,TCGA-BJ-A28Z-01A,TCGA-BJ-A28Z-01A,1.0,0.0,0.0,0.0,0.0
5,49768933,+,5,50027114,-,THCA,343,TCGA-BJ-A28Z-01A,TCGA-BJ-A28Z-01A,1.0,0.0,0.0,0.0,0.0
8,33766016,+,8,33766611,-,THCA,344,TCGA-BJ-A28Z-01A,TCGA-BJ-A28Z-01A,1.0,0.0,0.0,0.0,0.0
9,44035507,-,9,44695496,+,THCA,345,TCGA-BJ-A28Z-01A,TCGA-BJ-A28Z-01A,1.0,0.0,0.0,0.0,0.0
11,54358866,-,11,54407124,+,THCA,346,TCGA-BJ-A290-01A,TCGA-BJ-A290-01A,1.0,0.0,0.0,0.0,0.0
19,8931343,-,19,9163693,+,THCA,347,TCGA-BJ-A290-01A,TCGA-BJ-A290-01A,1.0,0.0,0.0,0.0,0.0
20,30027152,-,20,30031601,+,THCA,348,TCGA-BJ-A290-01A,TCGA-BJ-A290-01A,1.0,0.0,0.0,0.0,0.0
1,53237337,+,9,19055305,-,THCA,349,TCGA-BJ-A291-01A,TCGA-BJ-A291-01A,1.0,0.0,0.0,0.0,0.0
1,53256812,-,2,113256253,+,THCA,350,TCGA-BJ-A291-01A,TCGA-BJ-A291-01A,1.0,0.0,0.0,0.0,0.0
1,53760281,+,2,113256880,-,THCA,351,TCGA-BJ-A291-01A,TCGA-BJ-A291-01A,1.0,0.0,0.0,0.0,0.0
1,53767146,-,9,19051353,+,THCA,352,TCGA-BJ-A291-01A,TCGA-BJ-A291-01A,1.0,0.0,0.0,0.0,0.0
3,59739892,-,8,89011892,+,THCA,353,TCGA-BJ-A291-01A,TCGA-BJ-A291-01A,1.0,0.0,0.0,0.0,0.0
3,91557030,-,3,91869937,+,THCA,354,TCGA-BJ-A291-01A,TCGA-BJ-A291-01A,1.0,0.0,0.0,0.0,0.0
3,108223195,+,3,108406423,-,THCA,355,TCGA-BJ-A291-01A,TCGA-BJ-A291-01A,1.0,0.0,0.0,0.0,0.0
4,14194060,+,4,14194799,-,THCA,356,TCGA-BJ-A291-01A,TCGA-BJ-A291-01A,1.0,0.0,0.0,0.0,0.0
5,10672447,-,5,119398260,-,THCA,357,TCGA-BJ-A291-01A,TCGA-BJ-A291-01A,1.0,0.0,0.0,0.0,0.0
5,47213504,+,5,47258568,-,THCA,358,TCGA-BJ-A291-01A,TCGA-BJ-A291-01A,1.0,0.0,0.0,0.0,0.0
5,92168892,+,5,92222306,-,THCA,359,TCGA-BJ-A291-01A,TCGA-BJ-A291-01A,1.0,0.0,0.0,0.0,0.0
8,88166690,-,12,23326885,+,THCA,360,TCGA-BJ-A291-01A,TCGA-BJ-A291-01A,1.0,0.0,0.0,0.0,0.0
8,92522198,-,14,101721167,+,THCA,361,TCGA-BJ-A291-01A,TCGA-BJ-A291-01A,1.0,0.0,0.0,0.0,0.0
9,19134401,+,9,20096078,+,THCA,362,TCGA-BJ-A291-01A,TCGA-BJ-A291-01A,1.0,0.0,0.0,0.0,0.0
9,19143406,-,9,20750084,+,THCA,363,TCGA-BJ-A291-01A,TCGA-BJ-A291-01A,1.0,0.0,0.0,0.0,0.0
9,20726454,+,9,20736315,-,THCA,364,TCGA-BJ-A291-01A,TCGA-BJ-A291-01A,1.0,0.0,0.0,0.0,0.0
10,128832187,-,20,41918267,-,THCA,365,TCGA-BJ-A2N8-01A,TCGA-BJ-A2N8-01A,1.0,0.0,0.0,0.0,0.0
11,118459345,+,11,118459948,-,THCA,366,TCGA-BJ-A2N8-01A,TCGA-BJ-A2N8-01A,1.0,0.0,0.0,0.0,0.0
14,102094586,-,15,77185778,+,THCA,367,TCGA-BJ-A2N8-01A,TCGA-BJ-A2N8-01A,1.0,0.0,0.0,0.0,0.0
2,42831043,-,5,100179887,+,THCA,368,TCGA-BJ-A2N8-01A,TCGA-BJ-A2N8-01A,1.0,0.0,0.0,0.0,0.0
4,183740263,-,7,144757463,+,THCA,369,TCGA-BJ-A2N8-01A,TCGA-BJ-A2N8-01A,1.0,0.0,0.0,0.0,0.0
6,31328975,-,21,31821276,-,THCA,370,TCGA-BJ-A2N8-01A,TCGA-BJ-A2N8-01A,1.0,0.0,0.0,0.0,0.0
8,120918364,-,18,52497351,-,THCA,371,TCGA-BJ-A2N8-01A,TCGA-BJ-A2N8-01A,1.0,0.0,0.0,0.0,0.0
10,54113659,+,18,54127530,-,THCA,372,TCGA-BJ-A2NA-01A,TCGA-BJ-A2NA-01A,1.0,0.0,0.0,0.0,0.0
11,23142991,+,11,23584285,-,THCA,373,TCGA-BJ-A2NA-01A,TCGA-BJ-A2NA-01A,1.0,0.0,0.0,0.0,0.0
11,54390955,+,11,54409026,-,THCA,374,TCGA-BJ-A2NA-01A,TCGA-BJ-A2NA-01A,1.0,0.0,0.0,0.0,0.0
11,64260679,+,11,64261179,-,THCA,375,TCGA-BJ-A2NA-01A,TCGA-BJ-A2NA-01A,1.0,0.0,0.0,0.0,0.0
2,58028890,-,4,76646228,+,THCA,376,TCGA-BJ-A2NA-01A,TCGA-BJ-A2NA-01A,1.0,0.0,0.0,0.0,0.0
8,102921207,-,13,27064052,-,THCA,377,TCGA-BJ-A2NA-01A,TCGA-BJ-A2NA-01A,1.0,0.0,0.0,0.0,0.0
1,10422216,+,1,10422781,-,THCA,378,TCGA-BJ-A2P4-01A,TCGA-BJ-A2P4-01A,1.0,0.0,0.0,0.0,0.0
11,54368697,-,11,54396496,+,THCA,379,TCGA-BJ-A2P4-01A,TCGA-BJ-A2P4-01A,1.0,0.0,0.0,0.0,0.0
11,67347506,+,11,67348012,-,THCA,380,TCGA-BJ-A2P4-01A,TCGA-BJ-A2P4-01A,1.0,0.0,0.0,0.0,0.0
17,23021180,+,17,23161456,-,THCA,381,TCGA-BJ-A2P4-01A,TCGA-BJ-A2P4-01A,1.0,0.0,0.0,0.0,0.0
18,16860002,+,18,18616930,-,THCA,382,TCGA-BJ-A2P4-01A,TCGA-BJ-A2P4-01A,1.0,0.0,0.0,0.0,0.0
3,92489589,+,3,93339008,-,THCA,383,TCGA-BJ-A2P4-01A,TCGA-BJ-A2P4-01A,1.0,0.0,0.0,0.0,0.0
8,138425752,-,14,73817610,-,THCA,384,TCGA-BJ-A2P4-01A,TCGA-BJ-A2P4-01A,1.0,0.0,0.0,0.0,0.0
1,240345813,-,1,240346335,+,THCA,385,TCGA-BJ-A3EZ-01A,TCGA-BJ-A3EZ-01A,1.0,0.0,0.0,0.0,0.0
11,54926286,+,23,58406963,+,THCA,386,TCGA-BJ-A3EZ-01A,TCGA-BJ-A3EZ-01A,1.0,0.0,0.0,0.0,0.0
12,9222371,+,12,9223005,-,THCA,387,TCGA-BJ-A3EZ-01A,TCGA-BJ-A3EZ-01A,1.0,0.0,0.0,0.0,0.0
13,17489649,-,13,17980749,+,THCA,388,TCGA-BJ-A3EZ-01A,TCGA-BJ-A3EZ-01A,1.0,0.0,0.0,0.0,0.0
16,15845908,+,16,15846638,-,THCA,389,TCGA-BJ-A3EZ-01A,TCGA-BJ-A3EZ-01A,1.0,0.0,0.0,0.0,0.0
16,35363576,+,16,35364380,-,THCA,390,TCGA-BJ-A3EZ-01A,TCGA-BJ-A3EZ-01A,1.0,0.0,0.0,0.0,0.0
2,25264324,+,4,26326086,-,THCA,391,TCGA-BJ-A3EZ-01A,TCGA-BJ-A3EZ-01A,1.0,0.0,0.0,0.0,0.0
2,25264508,-,4,26326037,+,THCA,392,TCGA-BJ-A3EZ-01A,TCGA-BJ-A3EZ-01A,1.0,0.0,0.0,0.0,0.0
5,49941168,+,5,49952350,-,THCA,393,TCGA-BJ-A3EZ-01A,TCGA-BJ-A3EZ-01A,1.0,0.0,0.0,0.0,0.0
10,29721601,-,10,30023542,+,THCA,394,TCGA-BJ-A3F0-01A,TCGA-BJ-A3F0-01A,1.0,0.0,0.0,0.0,0.0
13,16298355,-,13,16734459,+,THCA,395,TCGA-BJ-A3F0-01A,TCGA-BJ-A3F0-01A,1.0,0.0,0.0,0.0,0.0
15,72511992,-,15,72512469,+,THCA,396,TCGA-BJ-A3F0-01A,TCGA-BJ-A3F0-01A,1.0,0.0,0.0,0.0,0.0
16,28618643,+,16,28619275,-,THCA,397,TCGA-BJ-A3F0-01A,TCGA-BJ-A3F0-01A,1.0,0.0,0.0,0.0,0.0
17,23100241,+,17,23172544,-,THCA,398,TCGA-BJ-A3F0-01A,TCGA-BJ-A3F0-01A,1.0,0.0,0.0,0.0,0.0
6,58900242,-,6,59663382,+,THCA,399,TCGA-BJ-A3F0-01A,TCGA-BJ-A3F0-01A,1.0,0.0,0.0,0.0,0.0
7,29472273,-,16,24901979,+,THCA,400,TCGA-BJ-A3F0-01A,TCGA-BJ-A3F0-01A,1.0,0.0,0.0,0.0,0.0
1,101219816,-,9,36216354,+,THCA,401,TCGA-BJ-A3PR-01A,TCGA-BJ-A3PR-01A,1.0,0.0,0.0,0.0,0.0
11,52685876,+,11,52781245,-,THCA,402,TCGA-BJ-A3PR-01A,TCGA-BJ-A3PR-01A,1.0,0.0,0.0,0.0,0.0
14,39297709,+,17,10126361,+,THCA,403,TCGA-BJ-A3PR-01A,TCGA-BJ-A3PR-01A,1.0,0.0,0.0,0.0,0.0
18,15518170,+,18,15669803,-,THCA,404,TCGA-BJ-A3PR-01A,TCGA-BJ-A3PR-01A,1.0,0.0,0.0,0.0,0.0
2,147777577,+,7,88110801,+,THCA,405,TCGA-BJ-A3PR-01A,TCGA-BJ-A3PR-01A,1.0,0.0,0.0,0.0,0.0
6,147276341,+,6,147415328,-,THCA,406,TCGA-BJ-A3PR-01A,TCGA-BJ-A3PR-01A,1.0,0.0,0.0,0.0,0.0
7,4497347,+,7,9621845,-,THCA,407,TCGA-BJ-A3PR-01A,TCGA-BJ-A3PR-01A,1.0,0.0,0.0,0.0,0.0
7,4497433,-,7,9622010,+,THCA,408,TCGA-BJ-A3PR-01A,TCGA-BJ-A3PR-01A,1.0,0.0,0.0,0.0,0.0
1,121683701,+,1,121965482,-,THCA,409,TCGA-BJ-A3PT-01A,TCGA-BJ-A3PT-01A,1.0,0.0,0.0,0.0,0.0
11,125657188,-,15,81908706,-,THCA,410,TCGA-BJ-A3PT-01A,TCGA-BJ-A3PT-01A,1.0,0.0,0.0,0.0,0.0
13,77684014,+,13,78154476,-,THCA,411,TCGA-BJ-A3PT-01A,TCGA-BJ-A3PT-01A,1.0,0.0,0.0,0.0,0.0
18,15486938,+,18,15585922,-,THCA,412,TCGA-BJ-A3PT-01A,TCGA-BJ-A3PT-01A,1.0,0.0,0.0,0.0,0.0
18,15511767,+,18,15666936,-,THCA,413,TCGA-BJ-A3PT-01A,TCGA-BJ-A3PT-01A,1.0,0.0,0.0,0.0,0.0
3,78262562,+,4,101106711,+,THCA,414,TCGA-BJ-A3PT-01A,TCGA-BJ-A3PT-01A,1.0,0.0,0.0,0.0,0.0
3,90969031,+,3,91003308,-,THCA,415,TCGA-BJ-A3PT-01A,TCGA-BJ-A3PT-01A,1.0,0.0,0.0,0.0,0.0
9,61686955,+,20,29587475,-,THCA,416,TCGA-BJ-A3PT-01A,TCGA-BJ-A3PT-01A,1.0,0.0,0.0,0.0,0.0
1,58729694,+,20,60627865,+,THCA,417,TCGA-BJ-A3PU-01A,TCGA-BJ-A3PU-01A,1.0,0.0,0.0,0.0,0.0
11,54960906,+,23,58406497,-,THCA,418,TCGA-BJ-A3PU-01A,TCGA-BJ-A3PU-01A,1.0,0.0,0.0,0.0,0.0
12,34948397,+,12,35184988,-,THCA,419,TCGA-BJ-A3PU-01A,TCGA-BJ-A3PU-01A,1.0,0.0,0.0,0.0,0.0
12,36468191,-,12,37126831,+,THCA,420,TCGA-BJ-A3PU-01A,TCGA-BJ-A3PU-01A,1.0,0.0,0.0,0.0,0.0
17,23100148,+,17,23172601,-,THCA,421,TCGA-BJ-A3PU-01A,TCGA-BJ-A3PU-01A,1.0,0.0,0.0,0.0,0.0
18,15582240,-,18,15760513,+,THCA,422,TCGA-BJ-A3PU-01A,TCGA-BJ-A3PU-01A,1.0,0.0,0.0,0.0,0.0
18,20585598,-,18,20799305,-,THCA,423,TCGA-BJ-A3PU-01A,TCGA-BJ-A3PU-01A,1.0,0.0,0.0,0.0,0.0
3,90841073,-,3,91165540,+,THCA,424,TCGA-BJ-A3PU-01A,TCGA-BJ-A3PU-01A,1.0,0.0,0.0,0.0,0.0
4,51407858,-,4,51641000,+,THCA,425,TCGA-BJ-A3PU-01A,TCGA-BJ-A3PU-01A,1.0,0.0,0.0,0.0,0.0
5,16829908,+,5,16830680,-,THCA,426,TCGA-BJ-A3PU-01A,TCGA-BJ-A3PU-01A,1.0,0.0,0.0,0.0,0.0
5,49749240,-,5,49833094,+,THCA,427,TCGA-BJ-A3PU-01A,TCGA-BJ-A3PU-01A,1.0,0.0,0.0,0.0,0.0
7,57932931,-,20,28866898,-,THCA,428,TCGA-BJ-A3PU-01A,TCGA-BJ-A3PU-01A,1.0,0.0,0.0,0.0,0.0
7,58198018,-,7,61968713,+,THCA,429,TCGA-BJ-A3PU-01A,TCGA-BJ-A3PU-01A,1.0,0.0,0.0,0.0,0.0
8,120918364,-,11,92412745,+,THCA,430,TCGA-BJ-A3PU-01A,TCGA-BJ-A3PU-01A,1.0,0.0,0.0,0.0,0.0
23,53206909,-,23,83200964,+,THCA,431,TCGA-BJ-A3PU-01A,TCGA-BJ-A3PU-01A,1.0,0.0,0.0,0.0,0.0
10,15484411,+,22,45299990,-,THCA,432,TCGA-BJ-A45C-01A,TCGA-BJ-A45C-01A,1.0,0.0,0.0,0.0,0.0
12,15033647,+,12,15954534,-,THCA,433,TCGA-BJ-A45C-01A,TCGA-BJ-A45C-01A,1.0,0.0,0.0,0.0,0.0
12,27613696,+,12,27614340,-,THCA,434,TCGA-BJ-A45C-01A,TCGA-BJ-A45C-01A,1.0,0.0,0.0,0.0,0.0
13,20519084,+,13,86756228,-,THCA,435,TCGA-BJ-A45C-01A,TCGA-BJ-A45C-01A,1.0,0.0,0.0,0.0,0.0
14,40946469,-,24,14248125,-,THCA,436,TCGA-BJ-A45C-01A,TCGA-BJ-A45C-01A,1.0,0.0,0.0,0.0,0.0
14,72877698,+,14,76837969,-,THCA,437,TCGA-BJ-A45C-01A,TCGA-BJ-A45C-01A,1.0,0.0,0.0,0.0,0.0
18,15355978,+,22,16106970,+,THCA,438,TCGA-BJ-A45C-01A,TCGA-BJ-A45C-01A,1.0,0.0,0.0,0.0,0.0
2,72401582,-,11,63483801,-,THCA,439,TCGA-BJ-A45C-01A,TCGA-BJ-A45C-01A,1.0,0.0,0.0,0.0,0.0
2,77521889,+,3,189875594,-,THCA,440,TCGA-BJ-A45C-01A,TCGA-BJ-A45C-01A,1.0,0.0,0.0,0.0,0.0
3,90173253,-,3,90310719,+,THCA,441,TCGA-BJ-A45C-01A,TCGA-BJ-A45C-01A,1.0,0.0,0.0,0.0,0.0
3,90173420,+,3,90310901,-,THCA,442,TCGA-BJ-A45C-01A,TCGA-BJ-A45C-01A,1.0,0.0,0.0,0.0,0.0
4,49719557,-,4,51016830,+,THCA,443,TCGA-BJ-A45C-01A,TCGA-BJ-A45C-01A,1.0,0.0,0.0,0.0,0.0
4,119981282,-,7,122822410,+,THCA,444,TCGA-BJ-A45C-01A,TCGA-BJ-A45C-01A,1.0,0.0,0.0,0.0,0.0
5,9426480,-,13,37797008,+,THCA,445,TCGA-BJ-A45C-01A,TCGA-BJ-A45C-01A,1.0,0.0,0.0,0.0,0.0
5,49968672,-,5,49980076,+,THCA,446,TCGA-BJ-A45C-01A,TCGA-BJ-A45C-01A,1.0,0.0,0.0,0.0,0.0
6,58265138,-,6,61018243,+,THCA,447,TCGA-BJ-A45C-01A,TCGA-BJ-A45C-01A,1.0,0.0,0.0,0.0,0.0
23,86842223,-,23,87968957,+,THCA,448,TCGA-BJ-A45C-01A,TCGA-BJ-A45C-01A,1.0,0.0,0.0,0.0,0.0
1,41749432,+,2,95682195,+,THCA,449,TCGA-BJ-A45D-01A,TCGA-BJ-A45D-01A,1.0,0.0,0.0,0.0,0.0
10,125613242,-,19,52805644,-,THCA,450,TCGA-BJ-A45D-01A,TCGA-BJ-A45D-01A,1.0,0.0,0.0,0.0,0.0
11,47642121,-,14,68794684,-,THCA,451,TCGA-BJ-A45D-01A,TCGA-BJ-A45D-01A,1.0,0.0,0.0,0.0,0.0
12,120551046,+,12,120551663,-,THCA,452,TCGA-BJ-A45D-01A,TCGA-BJ-A45D-01A,1.0,0.0,0.0,0.0,0.0
15,17507104,+,15,18047123,-,THCA,453,TCGA-BJ-A45D-01A,TCGA-BJ-A45D-01A,1.0,0.0,0.0,0.0,0.0
16,15324327,-,16,16432124,-,THCA,454,TCGA-BJ-A45D-01A,TCGA-BJ-A45D-01A,1.0,0.0,0.0,0.0,0.0
18,15510209,+,18,15614259,-,THCA,455,TCGA-BJ-A45D-01A,TCGA-BJ-A45D-01A,1.0,0.0,0.0,0.0,0.0
20,29802605,-,24,10127293,-,THCA,456,TCGA-BJ-A45D-01A,TCGA-BJ-A45D-01A,1.0,0.0,0.0,0.0,0.0
3,59986284,-,16,86684378,-,THCA,457,TCGA-BJ-A45D-01A,TCGA-BJ-A45D-01A,1.0,0.0,0.0,0.0,0.0
4,36784353,-,9,126908958,+,THCA,458,TCGA-BJ-A45D-01A,TCGA-BJ-A45D-01A,1.0,0.0,0.0,0.0,0.0
5,62817437,-,5,102131449,+,THCA,459,TCGA-BJ-A45D-01A,TCGA-BJ-A45D-01A,1.0,0.0,0.0,0.0,0.0
7,138806497,+,7,138807041,-,THCA,460,TCGA-BJ-A45D-01A,TCGA-BJ-A45D-01A,1.0,0.0,0.0,0.0,0.0
8,45080661,-,8,45427514,+,THCA,461,TCGA-BJ-A45D-01A,TCGA-BJ-A45D-01A,1.0,0.0,0.0,0.0,0.0
9,65076815,+,18,15692260,-,THCA,462,TCGA-BJ-A45D-01A,TCGA-BJ-A45D-01A,1.0,0.0,0.0,0.0,0.0
12,53889179,-,22,27728336,-,THCA,463,TCGA-BJ-A45E-01A,TCGA-BJ-A45E-01A,1.0,0.0,0.0,0.0,0.0
17,22822522,+,17,22855941,-,THCA,464,TCGA-BJ-A45E-01A,TCGA-BJ-A45E-01A,1.0,0.0,0.0,0.0,0.0
1,122266950,-,1,122395610,+,THCA,465,TCGA-BJ-A45F-01A,TCGA-BJ-A45F-01A,1.0,0.0,0.0,0.0,0.0
18,15475037,+,18,15679132,-,THCA,466,TCGA-BJ-A45F-01A,TCGA-BJ-A45F-01A,1.0,0.0,0.0,0.0,0.0
18,16865151,+,18,19997238,-,THCA,467,TCGA-BJ-A45F-01A,TCGA-BJ-A45F-01A,1.0,0.0,0.0,0.0,0.0
3,74045552,-,15,53619265,-,THCA,468,TCGA-BJ-A45F-01A,TCGA-BJ-A45F-01A,1.0,0.0,0.0,0.0,0.0
3,90970894,+,3,91121010,-,THCA,469,TCGA-BJ-A45F-01A,TCGA-BJ-A45F-01A,1.0,0.0,0.0,0.0,0.0
3,98681401,+,16,7683018,+,THCA,470,TCGA-BJ-A45F-01A,TCGA-BJ-A45F-01A,1.0,0.0,0.0,0.0,0.0
4,123237503,-,16,28560090,+,THCA,471,TCGA-BJ-A45F-01A,TCGA-BJ-A45F-01A,1.0,0.0,0.0,0.0,0.0
5,177580899,+,16,73308018,-,THCA,472,TCGA-BJ-A45F-01A,TCGA-BJ-A45F-01A,1.0,0.0,0.0,0.0,0.0
6,391007,+,6,391702,-,THCA,473,TCGA-BJ-A45F-01A,TCGA-BJ-A45F-01A,1.0,0.0,0.0,0.0,0.0
1,79805298,+,3,98020017,+,THCA,474,TCGA-BJ-A45G-01A,TCGA-BJ-A45G-01A,1.0,0.0,0.0,0.0,0.0
1,122033579,-,1,122069302,+,THCA,475,TCGA-BJ-A45G-01A,TCGA-BJ-A45G-01A,1.0,0.0,0.0,0.0,0.0
11,54357720,+,11,54364025,-,THCA,476,TCGA-BJ-A45G-01A,TCGA-BJ-A45G-01A,1.0,0.0,0.0,0.0,0.0
12,1013891,+,12,1014460,-,THCA,477,TCGA-BJ-A45G-01A,TCGA-BJ-A45G-01A,1.0,0.0,0.0,0.0,0.0
13,16440019,-,13,17330910,+,THCA,478,TCGA-BJ-A45G-01A,TCGA-BJ-A45G-01A,1.0,0.0,0.0,0.0,0.0
2,95846912,+,2,113393746,+,THCA,479,TCGA-BJ-A45G-01A,TCGA-BJ-A45G-01A,1.0,0.0,0.0,0.0,0.0
20,23401140,-,22,32682069,+,THCA,480,TCGA-BJ-A45G-01A,TCGA-BJ-A45G-01A,1.0,0.0,0.0,0.0,0.0
20,43095935,+,20,46112028,+,THCA,481,TCGA-BJ-A45G-01A,TCGA-BJ-A45G-01A,1.0,0.0,0.0,0.0,0.0
3,25557173,+,15,53956906,+,THCA,482,TCGA-BJ-A45G-01A,TCGA-BJ-A45G-01A,1.0,0.0,0.0,0.0,0.0
4,49216542,-,18,14325873,-,THCA,483,TCGA-BJ-A45G-01A,TCGA-BJ-A45G-01A,1.0,0.0,0.0,0.0,0.0
8,15009287,-,18,28337996,+,THCA,484,TCGA-BJ-A45G-01A,TCGA-BJ-A45G-01A,1.0,0.0,0.0,0.0,0.0
9,99456862,-,20,48379862,-,THCA,485,TCGA-BJ-A45G-01A,TCGA-BJ-A45G-01A,1.0,0.0,0.0,0.0,0.0
9,134254270,-,17,7156953,+,THCA,486,TCGA-BJ-A45G-01A,TCGA-BJ-A45G-01A,1.0,0.0,0.0,0.0,0.0
22,23344655,-,22,24675154,+,THCA,487,TCGA-BJ-A45H-01A,TCGA-BJ-A45H-01A,1.0,0.0,0.0,0.0,0.0
3,2084285,+,13,58958087,+,THCA,488,TCGA-BJ-A45H-01A,TCGA-BJ-A45H-01A,1.0,0.0,0.0,0.0,0.0
3,87687810,-,4,77016633,-,THCA,489,TCGA-BJ-A45H-01A,TCGA-BJ-A45H-01A,1.0,0.0,0.0,0.0,0.0
3,112342074,-,10,3930409,+,THCA,490,TCGA-BJ-A45H-01A,TCGA-BJ-A45H-01A,1.0,0.0,0.0,0.0,0.0
3,155814141,-,3,155945065,-,THCA,491,TCGA-BJ-A45H-01A,TCGA-BJ-A45H-01A,1.0,0.0,0.0,0.0,0.0
17,22874917,+,17,22894048,-,THCA,492,TCGA-BJ-A45I-01A,TCGA-BJ-A45I-01A,1.0,0.0,0.0,0.0,0.0
20,30010489,-,20,30014924,+,THCA,493,TCGA-BJ-A45I-01A,TCGA-BJ-A45I-01A,1.0,0.0,0.0,0.0,0.0
4,66240881,-,6,41701971,+,THCA,494,TCGA-BJ-A45I-01A,TCGA-BJ-A45I-01A,1.0,0.0,0.0,0.0,0.0
9,25406884,-,11,13914803,-,THCA,495,TCGA-BJ-A45I-01A,TCGA-BJ-A45I-01A,1.0,0.0,0.0,0.0,0.0
9,43813577,-,9,45483181,+,THCA,496,TCGA-BJ-A45I-01A,TCGA-BJ-A45I-01A,1.0,0.0,0.0,0.0,0.0
17,22874936,+,17,22894043,-,THCA,497,TCGA-BJ-A45J-01A,TCGA-BJ-A45J-01A,1.0,0.0,0.0,0.0,0.0
2,29288976,-,9,131223712,-,THCA,498,TCGA-BJ-A45J-01A,TCGA-BJ-A45J-01A,1.0,0.0,0.0,0.0,0.0
3,90828835,+,3,90994353,-,THCA,499,TCGA-BJ-A45J-01A,TCGA-BJ-A45J-01A,1.0,0.0,0.0,0.0,0.0
5,49702722,-,5,49705295,+,THCA,500,TCGA-BJ-A45J-01A,TCGA-BJ-A45J-01A,1.0,0.0,0.0,0.0,0.0
7,5403775,+,7,5404329,-,THCA,501,TCGA-BJ-A45J-01A,TCGA-BJ-A45J-01A,1.0,0.0,0.0,0.0,0.0
1,15502883,-,7,148936209,+,THCA,502,TCGA-BJ-A45K-01A,TCGA-BJ-A45K-01A,1.0,0.0,0.0,0.0,0.0
1,122172999,-,1,122191512,+,THCA,503,TCGA-BJ-A45K-01A,TCGA-BJ-A45K-01A,1.0,0.0,0.0,0.0,0.0
16,12362360,+,16,12363021,-,THCA,504,TCGA-BJ-A45K-01A,TCGA-BJ-A45K-01A,1.0,0.0,0.0,0.0,0.0
17,19548786,+,17,19549475,-,THCA,505,TCGA-BJ-A45K-01A,TCGA-BJ-A45K-01A,1.0,0.0,0.0,0.0,0.0
19,5496401,+,19,5497012,-,THCA,506,TCGA-BJ-A45K-01A,TCGA-BJ-A45K-01A,1.0,0.0,0.0,0.0,0.0
2,30642628,+,6,54209723,-,THCA,507,TCGA-BJ-A45K-01A,TCGA-BJ-A45K-01A,1.0,0.0,0.0,0.0,0.0
2,43269293,-,7,23475385,+,THCA,508,TCGA-BJ-A45K-01A,TCGA-BJ-A45K-01A,1.0,0.0,0.0,0.0,0.0
2,43269421,+,7,23475697,-,THCA,509,TCGA-BJ-A45K-01A,TCGA-BJ-A45K-01A,1.0,0.0,0.0,0.0,0.0
22,29513105,+,22,29513727,-,THCA,510,TCGA-BJ-A45K-01A,TCGA-BJ-A45K-01A,1.0,0.0,0.0,0.0,0.0
3,46776183,+,3,46776884,-,THCA,511,TCGA-BJ-A45K-01A,TCGA-BJ-A45K-01A,1.0,0.0,0.0,0.0,0.0
3,71223724,+,8,87398209,+,THCA,512,TCGA-BJ-A45K-01A,TCGA-BJ-A45K-01A,1.0,0.0,0.0,0.0,0.0
6,11805214,+,6,11805818,-,THCA,513,TCGA-BJ-A45K-01A,TCGA-BJ-A45K-01A,1.0,0.0,0.0,0.0,0.0
6,99570685,+,6,99571335,-,THCA,514,TCGA-BJ-A45K-01A,TCGA-BJ-A45K-01A,1.0,0.0,0.0,0.0,0.0
7,27681575,+,7,27682318,-,THCA,515,TCGA-BJ-A45K-01A,TCGA-BJ-A45K-01A,1.0,0.0,0.0,0.0,0.0
1,99759305,+,8,117914948,-,THCA,516,TCGA-BJ-A4O8-01A,TCGA-BJ-A4O8-01A,1.0,0.0,0.0,0.0,0.0
1,101402107,+,17,47132799,-,THCA,517,TCGA-BJ-A4O8-01A,TCGA-BJ-A4O8-01A,1.0,0.0,0.0,0.0,0.0
11,53193476,-,11,53716811,+,THCA,518,TCGA-BJ-A4O8-01A,TCGA-BJ-A4O8-01A,1.0,0.0,0.0,0.0,0.0
17,23100072,+,17,23172647,-,THCA,519,TCGA-BJ-A4O8-01A,TCGA-BJ-A4O8-01A,1.0,0.0,0.0,0.0,0.0
3,157984459,-,13,37445062,-,THCA,520,TCGA-BJ-A4O8-01A,TCGA-BJ-A4O8-01A,1.0,0.0,0.0,0.0,0.0
13,16279057,-,21,7238835,+,THCA,521,TCGA-BJ-A4O9-01A,TCGA-BJ-A4O9-01A,1.0,0.0,0.0,0.0,0.0
13,100023489,+,13,100024050,-,THCA,522,TCGA-BJ-A4O9-01A,TCGA-BJ-A4O9-01A,1.0,0.0,0.0,0.0,0.0
16,2599487,-,16,2677957,+,THCA,523,TCGA-BJ-A4O9-01A,TCGA-BJ-A4O9-01A,1.0,0.0,0.0,0.0,0.0
20,29290666,+,24,10206787,+,THCA,524,TCGA-BJ-A4O9-01A,TCGA-BJ-A4O9-01A,1.0,0.0,0.0,0.0,0.0
3,166125576,+,21,15708988,+,THCA,525,TCGA-BJ-A4O9-01A,TCGA-BJ-A4O9-01A,1.0,0.0,0.0,0.0,0.0
5,1310832,+,5,32261255,-,THCA,526,TCGA-BJ-A4O9-01A,TCGA-BJ-A4O9-01A,1.0,0.0,0.0,0.0,0.0
5,1310861,-,5,32261255,-,THCA,527,TCGA-BJ-A4O9-01A,TCGA-BJ-A4O9-01A,1.0,0.0,0.0,0.0,0.0
5,176301059,-,5,177621409,-,THCA,528,TCGA-BJ-A4O9-01A,TCGA-BJ-A4O9-01A,1.0,0.0,0.0,0.0,0.0
6,58572978,-,6,59445415,+,THCA,529,TCGA-BJ-A4O9-01A,TCGA-BJ-A4O9-01A,1.0,0.0,0.0,0.0,0.0
7,62817536,+,23,58406914,+,THCA,530,TCGA-BJ-A4O9-01A,TCGA-BJ-A4O9-01A,1.0,0.0,0.0,0.0,0.0
8,74640208,-,17,5414699,+,THCA,531,TCGA-BJ-A4O9-01A,TCGA-BJ-A4O9-01A,1.0,0.0,0.0,0.0,0.0
1,122796612,+,1,123315507,-,THCA,532,TCGA-CE-A13K-01A,TCGA-CE-A13K-01A,1.0,0.0,0.0,0.0,0.0
1,124327674,-,1,124328311,+,THCA,533,TCGA-CE-A13K-01A,TCGA-CE-A13K-01A,1.0,0.0,0.0,0.0,0.0
10,2657870,+,10,11197060,+,THCA,534,TCGA-CE-A13K-01A,TCGA-CE-A13K-01A,1.0,0.0,0.0,0.0,0.0
10,7919235,+,10,8721121,+,THCA,535,TCGA-CE-A13K-01A,TCGA-CE-A13K-01A,1.0,0.0,0.0,0.0,0.0
10,7919240,-,10,7939507,-,THCA,536,TCGA-CE-A13K-01A,TCGA-CE-A13K-01A,1.0,0.0,0.0,0.0,0.0
10,7920242,+,13,41805414,-,THCA,537,TCGA-CE-A13K-01A,TCGA-CE-A13K-01A,1.0,0.0,0.0,0.0,0.0
10,7920343,-,10,43114610,+,THCA,538,TCGA-CE-A13K-01A,TCGA-CE-A13K-01A,1.0,0.0,0.0,0.0,0.0
10,7939489,+,10,59792506,+,THCA,539,TCGA-CE-A13K-01A,TCGA-CE-A13K-01A,1.0,0.0,0.0,0.0,0.0
10,43114696,-,10,59793116,-,THCA,540,TCGA-CE-A13K-01A,TCGA-CE-A13K-01A,1.0,0.0,0.0,0.0,0.0
10,59792516,-,13,41806100,+,THCA,541,TCGA-CE-A13K-01A,TCGA-CE-A13K-01A,1.0,0.0,0.0,0.0,0.0
11,53258953,-,11,53771706,+,THCA,542,TCGA-CE-A13K-01A,TCGA-CE-A13K-01A,1.0,0.0,0.0,0.0,0.0
13,41778495,+,13,41806109,-,THCA,543,TCGA-CE-A13K-01A,TCGA-CE-A13K-01A,1.0,0.0,0.0,0.0,0.0
13,41778507,-,23,113675053,+,THCA,544,TCGA-CE-A13K-01A,TCGA-CE-A13K-01A,1.0,0.0,0.0,0.0,0.0
13,41806512,+,23,113806896,+,THCA,545,TCGA-CE-A13K-01A,TCGA-CE-A13K-01A,1.0,0.0,0.0,0.0,0.0
13,41806516,-,23,113672308,-,THCA,546,TCGA-CE-A13K-01A,TCGA-CE-A13K-01A,1.0,0.0,0.0,0.0,0.0
17,23640050,-,17,23640407,+,THCA,547,TCGA-CE-A13K-01A,TCGA-CE-A13K-01A,1.0,0.0,0.0,0.0,0.0
2,116372100,+,2,116372895,-,THCA,548,TCGA-CE-A13K-01A,TCGA-CE-A13K-01A,1.0,0.0,0.0,0.0,0.0
2,169199948,+,10,34494266,-,THCA,549,TCGA-CE-A13K-01A,TCGA-CE-A13K-01A,1.0,0.0,0.0,0.0,0.0
2,173936271,-,16,4334217,+,THCA,550,TCGA-CE-A13K-01A,TCGA-CE-A13K-01A,1.0,0.0,0.0,0.0,0.0
6,105721541,+,10,7944629,+,THCA,551,TCGA-CE-A13K-01A,TCGA-CE-A13K-01A,1.0,0.0,0.0,0.0,0.0
6,105721563,-,10,7943766,+,THCA,552,TCGA-CE-A13K-01A,TCGA-CE-A13K-01A,1.0,0.0,0.0,0.0,0.0
6,105724421,+,10,8721424,-,THCA,553,TCGA-CE-A13K-01A,TCGA-CE-A13K-01A,1.0,0.0,0.0,0.0,0.0
6,105724504,-,6,159228446,-,THCA,554,TCGA-CE-A13K-01A,TCGA-CE-A13K-01A,1.0,0.0,0.0,0.0,0.0
6,149030092,+,6,159226957,-,THCA,555,TCGA-CE-A13K-01A,TCGA-CE-A13K-01A,1.0,0.0,0.0,0.0,0.0
6,149030770,-,6,159226382,-,THCA,556,TCGA-CE-A13K-01A,TCGA-CE-A13K-01A,1.0,0.0,0.0,0.0,0.0
6,149031524,+,10,59793111,+,THCA,557,TCGA-CE-A13K-01A,TCGA-CE-A13K-01A,1.0,0.0,0.0,0.0,0.0
6,149032244,-,6,154775257,-,THCA,558,TCGA-CE-A13K-01A,TCGA-CE-A13K-01A,1.0,0.0,0.0,0.0,0.0
6,154775186,+,6,157310408,-,THCA,559,TCGA-CE-A13K-01A,TCGA-CE-A13K-01A,1.0,0.0,0.0,0.0,0.0
6,157310407,+,6,157452331,+,THCA,560,TCGA-CE-A13K-01A,TCGA-CE-A13K-01A,1.0,0.0,0.0,0.0,0.0
6,157452374,-,10,7943857,-,THCA,561,TCGA-CE-A13K-01A,TCGA-CE-A13K-01A,1.0,0.0,0.0,0.0,0.0
6,159226951,+,6,159228437,+,THCA,562,TCGA-CE-A13K-01A,TCGA-CE-A13K-01A,1.0,0.0,0.0,0.0,0.0
6,159228993,-,6,159231582,-,THCA,563,TCGA-CE-A13K-01A,TCGA-CE-A13K-01A,1.0,0.0,0.0,0.0,0.0
6,159231554,+,23,113672200,+,THCA,564,TCGA-CE-A13K-01A,TCGA-CE-A13K-01A,1.0,0.0,0.0,0.0,0.0
7,61472530,+,7,61502696,-,THCA,565,TCGA-CE-A13K-01A,TCGA-CE-A13K-01A,1.0,0.0,0.0,0.0,0.0
7,75683924,+,7,75684808,-,THCA,566,TCGA-CE-A13K-01A,TCGA-CE-A13K-01A,1.0,0.0,0.0,0.0,0.0
9,43813691,-,9,45483032,+,THCA,567,TCGA-CE-A13K-01A,TCGA-CE-A13K-01A,1.0,0.0,0.0,0.0,0.0
9,44437324,-,9,44902801,+,THCA,568,TCGA-CE-A13K-01A,TCGA-CE-A13K-01A,1.0,0.0,0.0,0.0,0.0
23,113663945,+,23,113664903,-,THCA,569,TCGA-CE-A13K-01A,TCGA-CE-A13K-01A,1.0,0.0,0.0,0.0,0.0
23,113805278,-,23,113806922,-,THCA,570,TCGA-CE-A13K-01A,TCGA-CE-A13K-01A,1.0,0.0,0.0,0.0,0.0
10,41227870,-,10,41521284,+,THCA,571,TCGA-CE-A27D-01A,TCGA-CE-A27D-01A,1.0,0.0,0.0,0.0,0.0
12,11858391,+,15,88052877,+,THCA,572,TCGA-CE-A27D-01A,TCGA-CE-A27D-01A,1.0,0.0,0.0,0.0,0.0
12,11858859,-,12,21189111,-,THCA,573,TCGA-CE-A27D-01A,TCGA-CE-A27D-01A,1.0,0.0,0.0,0.0,0.0
12,19377131,+,12,21264304,-,THCA,574,TCGA-CE-A27D-01A,TCGA-CE-A27D-01A,1.0,0.0,0.0,0.0,0.0
12,19377138,-,12,24597974,-,THCA,575,TCGA-CE-A27D-01A,TCGA-CE-A27D-01A,1.0,0.0,0.0,0.0,0.0
12,21189212,+,12,21264202,+,THCA,576,TCGA-CE-A27D-01A,TCGA-CE-A27D-01A,1.0,0.0,0.0,0.0,0.0
15,88052888,-,15,88109949,-,THCA,577,TCGA-CE-A27D-01A,TCGA-CE-A27D-01A,1.0,0.0,0.0,0.0,0.0
15,88076333,+,15,88103341,-,THCA,578,TCGA-CE-A27D-01A,TCGA-CE-A27D-01A,1.0,0.0,0.0,0.0,0.0
18,15653778,-,18,15679630,+,THCA,579,TCGA-CE-A27D-01A,TCGA-CE-A27D-01A,1.0,0.0,0.0,0.0,0.0
19,17710145,+,19,17710737,-,THCA,580,TCGA-CE-A27D-01A,TCGA-CE-A27D-01A,1.0,0.0,0.0,0.0,0.0
2,216263196,-,9,134254357,+,THCA,581,TCGA-CE-A27D-01A,TCGA-CE-A27D-01A,1.0,0.0,0.0,0.0,0.0
20,29968117,-,20,30010100,+,THCA,582,TCGA-CE-A27D-01A,TCGA-CE-A27D-01A,1.0,0.0,0.0,0.0,0.0
20,30001071,+,20,30010521,-,THCA,583,TCGA-CE-A27D-01A,TCGA-CE-A27D-01A,1.0,0.0,0.0,0.0,0.0
3,100611329,+,5,22995305,-,THCA,584,TCGA-CE-A27D-01A,TCGA-CE-A27D-01A,1.0,0.0,0.0,0.0,0.0
6,57598502,+,6,60497402,-,THCA,585,TCGA-CE-A27D-01A,TCGA-CE-A27D-01A,1.0,0.0,0.0,0.0,0.0
6,58066956,-,6,60821425,+,THCA,586,TCGA-CE-A27D-01A,TCGA-CE-A27D-01A,1.0,0.0,0.0,0.0,0.0
1,235256994,+,1,235257589,-,THCA,587,TCGA-CE-A3ME-01A,TCGA-CE-A3ME-01A,1.0,0.0,0.0,0.0,0.0
11,68406570,-,11,68560895,+,THCA,588,TCGA-CE-A3ME-01A,TCGA-CE-A3ME-01A,1.0,0.0,0.0,0.0,0.0
12,128516818,+,12,128517328,-,THCA,589,TCGA-CE-A3ME-01A,TCGA-CE-A3ME-01A,1.0,0.0,0.0,0.0,0.0
19,35932916,+,19,35933502,-,THCA,590,TCGA-CE-A3ME-01A,TCGA-CE-A3ME-01A,1.0,0.0,0.0,0.0,0.0
4,1934909,+,5,105521539,-,THCA,591,TCGA-CE-A3ME-01A,TCGA-CE-A3ME-01A,1.0,0.0,0.0,0.0,0.0
4,130758517,+,7,36897350,+,THCA,592,TCGA-CE-A3ME-01A,TCGA-CE-A3ME-01A,1.0,0.0,0.0,0.0,0.0
7,55133090,+,7,55133791,-,THCA,593,TCGA-CE-A3ME-01A,TCGA-CE-A3ME-01A,1.0,0.0,0.0,0.0,0.0
8,122463461,-,20,34855815,+,THCA,594,TCGA-CE-A3ME-01A,TCGA-CE-A3ME-01A,1.0,0.0,0.0,0.0,0.0
1,216050581,-,19,13547259,-,THCA,595,TCGA-CE-A481-01A,TCGA-CE-A481-01A,1.0,0.0,0.0,0.0,0.0
10,39223244,+,10,39228140,-,THCA,596,TCGA-CE-A481-01A,TCGA-CE-A481-01A,1.0,0.0,0.0,0.0,0.0
12,53845116,-,12,53848981,-,THCA,597,TCGA-CE-A481-01A,TCGA-CE-A481-01A,1.0,0.0,0.0,0.0,0.0
12,53845117,+,12,53848981,+,THCA,598,TCGA-CE-A481-01A,TCGA-CE-A481-01A,1.0,0.0,0.0,0.0,0.0
14,75017308,+,14,75017889,-,THCA,599,TCGA-CE-A481-01A,TCGA-CE-A481-01A,1.0,0.0,0.0,0.0,0.0
14,106709196,-,14,106756284,+,THCA,600,TCGA-CE-A481-01A,TCGA-CE-A481-01A,1.0,0.0,0.0,0.0,0.0
16,3760214,+,16,3760880,-,THCA,601,TCGA-CE-A481-01A,TCGA-CE-A481-01A,1.0,0.0,0.0,0.0,0.0
16,29683459,+,16,29684192,-,THCA,602,TCGA-CE-A481-01A,TCGA-CE-A481-01A,1.0,0.0,0.0,0.0,0.0
16,34255923,-,16,36322618,+,THCA,603,TCGA-CE-A481-01A,TCGA-CE-A481-01A,1.0,0.0,0.0,0.0,0.0
16,34281963,+,16,38109954,-,THCA,604,TCGA-CE-A481-01A,TCGA-CE-A481-01A,1.0,0.0,0.0,0.0,0.0
18,15473192,+,18,15699394,-,THCA,605,TCGA-CE-A481-01A,TCGA-CE-A481-01A,1.0,0.0,0.0,0.0,0.0
20,26381936,+,20,28318253,-,THCA,606,TCGA-CE-A481-01A,TCGA-CE-A481-01A,1.0,0.0,0.0,0.0,0.0
3,11747999,+,3,11748623,-,THCA,607,TCGA-CE-A481-01A,TCGA-CE-A481-01A,1.0,0.0,0.0,0.0,0.0
3,32124852,+,3,32125559,-,THCA,608,TCGA-CE-A481-01A,TCGA-CE-A481-01A,1.0,0.0,0.0,0.0,0.0
3,81721218,-,9,77399430,+,THCA,609,TCGA-CE-A481-01A,TCGA-CE-A481-01A,1.0,0.0,0.0,0.0,0.0
3,114355178,+,3,114355843,-,THCA,610,TCGA-CE-A481-01A,TCGA-CE-A481-01A,1.0,0.0,0.0,0.0,0.0
3,184404081,+,7,75906768,-,THCA,611,TCGA-CE-A481-01A,TCGA-CE-A481-01A,1.0,0.0,0.0,0.0,0.0
5,46893639,+,5,46974334,-,THCA,612,TCGA-CE-A481-01A,TCGA-CE-A481-01A,1.0,0.0,0.0,0.0,0.0
5,47027046,-,5,47048728,+,THCA,613,TCGA-CE-A481-01A,TCGA-CE-A481-01A,1.0,0.0,0.0,0.0,0.0
6,362320,+,6,60296064,+,THCA,614,TCGA-CE-A481-01A,TCGA-CE-A481-01A,1.0,0.0,0.0,0.0,0.0
6,362326,-,6,60296088,-,THCA,615,TCGA-CE-A481-01A,TCGA-CE-A481-01A,1.0,0.0,0.0,0.0,0.0
6,28912987,-,10,43115837,-,THCA,616,TCGA-CE-A481-01A,TCGA-CE-A481-01A,1.0,0.0,0.0,0.0,0.0
6,28912987,+,10,43115839,+,THCA,617,TCGA-CE-A481-01A,TCGA-CE-A481-01A,1.0,0.0,0.0,0.0,0.0
7,55113253,+,7,55113907,-,THCA,618,TCGA-CE-A481-01A,TCGA-CE-A481-01A,1.0,0.0,0.0,0.0,0.0
8,70132622,+,8,70133244,-,THCA,619,TCGA-CE-A481-01A,TCGA-CE-A481-01A,1.0,0.0,0.0,0.0,0.0
8,120918161,-,11,92412859,+,THCA,620,TCGA-CE-A481-01A,TCGA-CE-A481-01A,1.0,0.0,0.0,0.0,0.0
9,124826174,+,13,93510896,-,THCA,621,TCGA-CE-A481-01A,TCGA-CE-A481-01A,1.0,0.0,0.0,0.0,0.0
1,122229059,-,1,122271416,+,THCA,622,TCGA-CE-A482-01A,TCGA-CE-A482-01A,1.0,0.0,0.0,0.0,0.0
10,43115585,-,10,46011618,-,THCA,623,TCGA-CE-A482-01A,TCGA-CE-A482-01A,1.0,0.0,0.0,0.0,0.0
10,43115586,+,10,46011580,+,THCA,624,TCGA-CE-A482-01A,TCGA-CE-A482-01A,1.0,0.0,0.0,0.0,0.0
10,115004263,-,20,42958360,-,THCA,625,TCGA-CE-A482-01A,TCGA-CE-A482-01A,1.0,0.0,0.0,0.0,0.0
11,44184461,-,17,77939923,+,THCA,626,TCGA-CE-A482-01A,TCGA-CE-A482-01A,1.0,0.0,0.0,0.0,0.0
13,42427960,-,16,82142094,+,THCA,627,TCGA-CE-A482-01A,TCGA-CE-A482-01A,1.0,0.0,0.0,0.0,0.0
21,35348712,-,23,9791767,-,THCA,628,TCGA-CE-A482-01A,TCGA-CE-A482-01A,1.0,0.0,0.0,0.0,0.0
6,167641248,-,11,133353961,-,THCA,629,TCGA-CE-A482-01A,TCGA-CE-A482-01A,1.0,0.0,0.0,0.0,0.0
1,166865584,-,6,161026362,-,THCA,630,TCGA-CE-A483-01A,TCGA-CE-A483-01A,1.0,0.0,0.0,0.0,0.0
13,16603310,-,13,17147048,+,THCA,631,TCGA-CE-A483-01A,TCGA-CE-A483-01A,1.0,0.0,0.0,0.0,0.0
18,15548265,-,18,15699858,+,THCA,632,TCGA-CE-A483-01A,TCGA-CE-A483-01A,1.0,0.0,0.0,0.0,0.0
19,54224490,+,19,54244347,-,THCA,633,TCGA-CE-A483-01A,TCGA-CE-A483-01A,1.0,0.0,0.0,0.0,0.0
2,95931849,-,2,97172831,-,THCA,634,TCGA-CE-A483-01A,TCGA-CE-A483-01A,1.0,0.0,0.0,0.0,0.0
2,212101366,+,7,146947559,-,THCA,635,TCGA-CE-A483-01A,TCGA-CE-A483-01A,1.0,0.0,0.0,0.0,0.0
20,29667887,+,20,30188505,+,THCA,636,TCGA-CE-A483-01A,TCGA-CE-A483-01A,1.0,0.0,0.0,0.0,0.0
20,30001069,+,20,30014433,-,THCA,637,TCGA-CE-A483-01A,TCGA-CE-A483-01A,1.0,0.0,0.0,0.0,0.0
21,23814847,-,22,44261110,+,THCA,638,TCGA-CE-A483-01A,TCGA-CE-A483-01A,1.0,0.0,0.0,0.0,0.0
3,140784403,+,3,140785896,+,THCA,639,TCGA-CE-A483-01A,TCGA-CE-A483-01A,1.0,0.0,0.0,0.0,0.0
4,1870549,+,4,1871187,-,THCA,640,TCGA-CE-A483-01A,TCGA-CE-A483-01A,1.0,0.0,0.0,0.0,0.0
4,166449668,-,11,96411887,+,THCA,641,TCGA-CE-A483-01A,TCGA-CE-A483-01A,1.0,0.0,0.0,0.0,0.0
7,96756454,-,22,23202748,+,THCA,642,TCGA-CE-A483-01A,TCGA-CE-A483-01A,1.0,0.0,0.0,0.0,0.0
7,138909711,+,7,138910280,-,THCA,643,TCGA-CE-A483-01A,TCGA-CE-A483-01A,1.0,0.0,0.0,0.0,0.0
1,122267346,+,1,122390586,-,THCA,644,TCGA-CE-A484-01A,TCGA-CE-A484-01A,1.0,0.0,0.0,0.0,0.0
1,172769088,-,7,91080643,-,THCA,645,TCGA-CE-A484-01A,TCGA-CE-A484-01A,1.0,0.0,0.0,0.0,0.0
1,172769091,+,14,56935066,+,THCA,646,TCGA-CE-A484-01A,TCGA-CE-A484-01A,1.0,0.0,0.0,0.0,0.0
1,213145684,+,14,56149224,+,THCA,647,TCGA-CE-A484-01A,TCGA-CE-A484-01A,1.0,0.0,0.0,0.0,0.0
1,213145693,-,7,36632631,-,THCA,648,TCGA-CE-A484-01A,TCGA-CE-A484-01A,1.0,0.0,0.0,0.0,0.0
10,71640585,-,23,18798876,+,THCA,649,TCGA-CE-A484-01A,TCGA-CE-A484-01A,1.0,0.0,0.0,0.0,0.0
5,91962914,+,5,94209510,-,THCA,650,TCGA-CE-A484-01A,TCGA-CE-A484-01A,1.0,0.0,0.0,0.0,0.0
5,179936433,+,5,179937778,-,THCA,651,TCGA-CE-A484-01A,TCGA-CE-A484-01A,1.0,0.0,0.0,0.0,0.0
6,44847742,+,13,94651004,-,THCA,652,TCGA-CE-A484-01A,TCGA-CE-A484-01A,1.0,0.0,0.0,0.0,0.0
7,36602043,+,7,128317254,-,THCA,653,TCGA-CE-A484-01A,TCGA-CE-A484-01A,1.0,0.0,0.0,0.0,0.0
7,36602046,-,7,127759906,-,THCA,654,TCGA-CE-A484-01A,TCGA-CE-A484-01A,1.0,0.0,0.0,0.0,0.0
7,36632489,+,14,56926543,-,THCA,655,TCGA-CE-A484-01A,TCGA-CE-A484-01A,1.0,0.0,0.0,0.0,0.0
7,36934239,-,14,57012413,+,THCA,656,TCGA-CE-A484-01A,TCGA-CE-A484-01A,1.0,0.0,0.0,0.0,0.0
7,36934240,+,14,56935085,-,THCA,657,TCGA-CE-A484-01A,TCGA-CE-A484-01A,1.0,0.0,0.0,0.0,0.0
7,91079246,+,7,140791851,-,THCA,658,TCGA-CE-A484-01A,TCGA-CE-A484-01A,1.0,0.0,0.0,0.0,0.0
7,91079252,-,14,56934058,+,THCA,659,TCGA-CE-A484-01A,TCGA-CE-A484-01A,1.0,0.0,0.0,0.0,0.0
7,91080639,+,14,57012829,-,THCA,660,TCGA-CE-A484-01A,TCGA-CE-A484-01A,1.0,0.0,0.0,0.0,0.0
7,127759888,+,7,140791844,+,THCA,661,TCGA-CE-A484-01A,TCGA-CE-A484-01A,1.0,0.0,0.0,0.0,0.0
7,128317182,+,7,141424073,+,THCA,662,TCGA-CE-A484-01A,TCGA-CE-A484-01A,1.0,0.0,0.0,0.0,0.0
7,141424440,-,7,141456767,-,THCA,663,TCGA-CE-A484-01A,TCGA-CE-A484-01A,1.0,0.0,0.0,0.0,0.0
7,141456683,+,14,56934067,-,THCA,664,TCGA-CE-A484-01A,TCGA-CE-A484-01A,1.0,0.0,0.0,0.0,0.0
7,152921163,+,14,56926333,+,THCA,665,TCGA-CE-A484-01A,TCGA-CE-A484-01A,1.0,0.0,0.0,0.0,0.0
7,152921192,-,14,56149240,-,THCA,666,TCGA-CE-A484-01A,TCGA-CE-A484-01A,1.0,0.0,0.0,0.0,0.0
9,95383838,+,9,98859031,-,THCA,667,TCGA-CE-A484-01A,TCGA-CE-A484-01A,1.0,0.0,0.0,0.0,0.0
10,43114606,+,22,24342700,-,THCA,668,TCGA-CE-A485-01A,TCGA-CE-A485-01A,1.0,0.0,0.0,0.0,0.0
10,43114607,-,22,24342697,+,THCA,669,TCGA-CE-A485-01A,TCGA-CE-A485-01A,1.0,0.0,0.0,0.0,0.0
12,51375022,+,12,51375672,-,THCA,670,TCGA-CE-A485-01A,TCGA-CE-A485-01A,1.0,0.0,0.0,0.0,0.0
12,53397166,+,12,53397685,-,THCA,671,TCGA-CE-A485-01A,TCGA-CE-A485-01A,1.0,0.0,0.0,0.0,0.0
15,56078712,+,15,56079397,-,THCA,672,TCGA-CE-A485-01A,TCGA-CE-A485-01A,1.0,0.0,0.0,0.0,0.0
2,93675835,-,2,94083378,+,THCA,673,TCGA-CE-A485-01A,TCGA-CE-A485-01A,1.0,0.0,0.0,0.0,0.0
3,91192612,-,3,91257356,-,THCA,674,TCGA-CE-A485-01A,TCGA-CE-A485-01A,1.0,0.0,0.0,0.0,0.0
6,152743229,-,6,153043343,+,THCA,675,TCGA-CE-A485-01A,TCGA-CE-A485-01A,1.0,0.0,0.0,0.0,0.0
9,33909007,-,15,57266092,-,THCA,676,TCGA-CE-A485-01A,TCGA-CE-A485-01A,1.0,0.0,0.0,0.0,0.0
23,124246919,+,23,124247507,-,THCA,677,TCGA-CE-A485-01A,TCGA-CE-A485-01A,1.0,0.0,0.0,0.0,0.0
1,205906525,+,12,83409599,-,THCA,678,TCGA-DE-A0XZ-01A,TCGA-DE-A0XZ-01A,1.0,0.0,0.0,0.0,0.0
11,32697060,+,11,32697684,-,THCA,679,TCGA-DE-A0XZ-01A,TCGA-DE-A0XZ-01A,1.0,0.0,0.0,0.0,0.0
11,53340871,-,11,53929377,+,THCA,680,TCGA-DE-A0XZ-01A,TCGA-DE-A0XZ-01A,1.0,0.0,0.0,0.0,0.0
12,33467449,-,12,33497737,+,THCA,681,TCGA-DE-A0XZ-01A,TCGA-DE-A0XZ-01A,1.0,0.0,0.0,0.0,0.0
13,55644387,-,22,29967194,-,THCA,682,TCGA-DE-A0XZ-01A,TCGA-DE-A0XZ-01A,1.0,0.0,0.0,0.0,0.0
17,22822556,-,17,23180803,+,THCA,683,TCGA-DE-A0XZ-01A,TCGA-DE-A0XZ-01A,1.0,0.0,0.0,0.0,0.0
17,43113099,+,17,43113627,-,THCA,684,TCGA-DE-A0XZ-01A,TCGA-DE-A0XZ-01A,1.0,0.0,0.0,0.0,0.0
3,90824498,+,3,91209969,-,THCA,685,TCGA-DE-A0XZ-01A,TCGA-DE-A0XZ-01A,1.0,0.0,0.0,0.0,0.0
3,90970303,-,3,91121179,+,THCA,686,TCGA-DE-A0XZ-01A,TCGA-DE-A0XZ-01A,1.0,0.0,0.0,0.0,0.0
6,5663241,+,6,5664008,-,THCA,687,TCGA-DE-A0XZ-01A,TCGA-DE-A0XZ-01A,1.0,0.0,0.0,0.0,0.0
1,39431313,+,7,140788547,+,THCA,688,TCGA-DE-A0Y2-01A,TCGA-DE-A0Y2-01A,1.0,0.0,0.0,0.0,0.0
1,39431418,-,7,140790409,-,THCA,689,TCGA-DE-A0Y2-01A,TCGA-DE-A0Y2-01A,1.0,0.0,0.0,0.0,0.0
1,45955362,+,22,39500854,-,THCA,690,TCGA-DE-A0Y2-01A,TCGA-DE-A0Y2-01A,1.0,0.0,0.0,0.0,0.0
11,75707835,+,16,12393382,-,THCA,691,TCGA-DE-A0Y2-01A,TCGA-DE-A0Y2-01A,1.0,0.0,0.0,0.0,0.0
18,15511869,+,18,15685564,-,THCA,692,TCGA-DE-A0Y2-01A,TCGA-DE-A0Y2-01A,1.0,0.0,0.0,0.0,0.0
19,14090057,-,22,20450253,+,THCA,693,TCGA-DE-A0Y2-01A,TCGA-DE-A0Y2-01A,1.0,0.0,0.0,0.0,0.0
5,49686429,-,5,49694849,+,THCA,694,TCGA-DE-A0Y2-01A,TCGA-DE-A0Y2-01A,1.0,0.0,0.0,0.0,0.0
7,140790026,-,14,103692013,-,THCA,695,TCGA-DE-A0Y2-01A,TCGA-DE-A0Y2-01A,1.0,0.0,0.0,0.0,0.0
7,140790129,+,14,103691984,+,THCA,696,TCGA-DE-A0Y2-01A,TCGA-DE-A0Y2-01A,1.0,0.0,0.0,0.0,0.0
13,17422964,-,13,17481437,+,THCA,697,TCGA-DE-A0Y3-01B,TCGA-DE-A0Y3-01B,1.0,0.0,0.0,0.0,0.0
2,95950203,-,2,97153021,-,THCA,698,TCGA-DE-A0Y3-01B,TCGA-DE-A0Y3-01B,1.0,0.0,0.0,0.0,0.0
3,90960558,+,3,91077451,-,THCA,699,TCGA-DE-A0Y3-01B,TCGA-DE-A0Y3-01B,1.0,0.0,0.0,0.0,0.0
3,91174980,-,3,91200698,+,THCA,700,TCGA-DE-A0Y3-01B,TCGA-DE-A0Y3-01B,1.0,0.0,0.0,0.0,0.0
7,4497429,+,7,9621845,-,THCA,701,TCGA-DE-A0Y3-01B,TCGA-DE-A0Y3-01B,1.0,0.0,0.0,0.0,0.0
7,4497467,-,7,9622010,+,THCA,702,TCGA-DE-A0Y3-01B,TCGA-DE-A0Y3-01B,1.0,0.0,0.0,0.0,0.0
18,15802889,-,18,17784835,+,THCA,703,TCGA-DE-A2OL-01A,TCGA-DE-A2OL-01A,1.0,0.0,0.0,0.0,0.0
2,43343882,+,7,23494334,-,THCA,704,TCGA-DE-A2OL-01A,TCGA-DE-A2OL-01A,1.0,0.0,0.0,0.0,0.0
2,43343906,-,7,23494307,+,THCA,705,TCGA-DE-A2OL-01A,TCGA-DE-A2OL-01A,1.0,0.0,0.0,0.0,0.0
2,173698041,-,22,43475327,-,THCA,706,TCGA-DE-A2OL-01A,TCGA-DE-A2OL-01A,1.0,0.0,0.0,0.0,0.0
20,29958452,-,20,29969889,+,THCA,707,TCGA-DE-A2OL-01A,TCGA-DE-A2OL-01A,1.0,0.0,0.0,0.0,0.0
5,46687729,-,5,46712099,+,THCA,708,TCGA-DE-A2OL-01A,TCGA-DE-A2OL-01A,1.0,0.0,0.0,0.0,0.0
5,49811935,-,5,50028430,+,THCA,709,TCGA-DE-A2OL-01A,TCGA-DE-A2OL-01A,1.0,0.0,0.0,0.0,0.0
5,176124530,-,5,177713619,-,THCA,710,TCGA-DE-A2OL-01A,TCGA-DE-A2OL-01A,1.0,0.0,0.0,0.0,0.0
7,32850520,+,7,34924436,+,THCA,711,TCGA-DE-A2OL-01A,TCGA-DE-A2OL-01A,1.0,0.0,0.0,0.0,0.0
8,102921171,-,13,27063974,-,THCA,712,TCGA-DE-A2OL-01A,TCGA-DE-A2OL-01A,1.0,0.0,0.0,0.0,0.0
23,7282506,-,23,7584009,+,THCA,713,TCGA-DE-A2OL-01A,TCGA-DE-A2OL-01A,1.0,0.0,0.0,0.0,0.0
10,42870874,+,10,48357890,+,THCA,714,TCGA-DE-A3KN-01A,TCGA-DE-A3KN-01A,1.0,0.0,0.0,0.0,0.0
10,43004176,-,10,45170483,-,THCA,715,TCGA-DE-A3KN-01A,TCGA-DE-A3KN-01A,1.0,0.0,0.0,0.0,0.0
10,43030835,+,10,45157929,+,THCA,716,TCGA-DE-A3KN-01A,TCGA-DE-A3KN-01A,1.0,0.0,0.0,0.0,0.0
10,43059046,-,10,43612991,+,THCA,717,TCGA-DE-A3KN-01A,TCGA-DE-A3KN-01A,1.0,0.0,0.0,0.0,0.0
10,43090660,+,10,47150839,-,THCA,718,TCGA-DE-A3KN-01A,TCGA-DE-A3KN-01A,1.0,0.0,0.0,0.0,0.0
10,43186158,+,10,43647887,+,THCA,719,TCGA-DE-A3KN-01A,TCGA-DE-A3KN-01A,1.0,0.0,0.0,0.0,0.0
10,43340039,-,10,46878715,-,THCA,720,TCGA-DE-A3KN-01A,TCGA-DE-A3KN-01A,1.0,0.0,0.0,0.0,0.0
10,43372583,+,10,47738697,+,THCA,721,TCGA-DE-A3KN-01A,TCGA-DE-A3KN-01A,1.0,0.0,0.0,0.0,0.0
10,43589929,-,10,45086228,+,THCA,722,TCGA-DE-A3KN-01A,TCGA-DE-A3KN-01A,1.0,0.0,0.0,0.0,0.0
10,43640739,-,10,43950958,+,THCA,723,TCGA-DE-A3KN-01A,TCGA-DE-A3KN-01A,1.0,0.0,0.0,0.0,0.0
10,43762567,-,10,46988505,-,THCA,724,TCGA-DE-A3KN-01A,TCGA-DE-A3KN-01A,1.0,0.0,0.0,0.0,0.0
10,43974031,-,10,44536063,-,THCA,725,TCGA-DE-A3KN-01A,TCGA-DE-A3KN-01A,1.0,0.0,0.0,0.0,0.0
10,45050231,-,10,47001889,+,THCA,726,TCGA-DE-A3KN-01A,TCGA-DE-A3KN-01A,1.0,0.0,0.0,0.0,0.0
10,45098284,-,10,47310636,-,THCA,727,TCGA-DE-A3KN-01A,TCGA-DE-A3KN-01A,1.0,0.0,0.0,0.0,0.0
10,45191180,+,10,46841301,+,THCA,728,TCGA-DE-A3KN-01A,TCGA-DE-A3KN-01A,1.0,0.0,0.0,0.0,0.0
10,46079558,+,10,46899029,+,THCA,729,TCGA-DE-A3KN-01A,TCGA-DE-A3KN-01A,1.0,0.0,0.0,0.0,0.0
10,47510023,+,10,48079356,-,THCA,730,TCGA-DE-A3KN-01A,TCGA-DE-A3KN-01A,1.0,0.0,0.0,0.0,0.0
10,48252097,-,10,94019384,+,THCA,731,TCGA-DE-A3KN-01A,TCGA-DE-A3KN-01A,1.0,0.0,0.0,0.0,0.0
10,93586076,-,10,94019922,-,THCA,732,TCGA-DE-A3KN-01A,TCGA-DE-A3KN-01A,1.0,0.0,0.0,0.0,0.0
11,17250371,+,11,18442795,-,THCA,733,TCGA-DE-A3KN-01A,TCGA-DE-A3KN-01A,1.0,0.0,0.0,0.0,0.0
11,54359682,-,11,54384657,+,THCA,734,TCGA-DE-A3KN-01A,TCGA-DE-A3KN-01A,1.0,0.0,0.0,0.0,0.0
15,23062351,+,15,26912931,-,THCA,735,TCGA-DE-A3KN-01A,TCGA-DE-A3KN-01A,1.0,0.0,0.0,0.0,0.0
15,23063228,-,15,26912507,+,THCA,736,TCGA-DE-A3KN-01A,TCGA-DE-A3KN-01A,1.0,0.0,0.0,0.0,0.0
15,24195962,+,15,27202056,-,THCA,737,TCGA-DE-A3KN-01A,TCGA-DE-A3KN-01A,1.0,0.0,0.0,0.0,0.0
15,24196745,-,15,27201670,+,THCA,738,TCGA-DE-A3KN-01A,TCGA-DE-A3KN-01A,1.0,0.0,0.0,0.0,0.0
15,24201277,+,15,24204052,-,THCA,739,TCGA-DE-A3KN-01A,TCGA-DE-A3KN-01A,1.0,0.0,0.0,0.0,0.0
17,28380190,+,17,28380731,-,THCA,740,TCGA-DE-A3KN-01A,TCGA-DE-A3KN-01A,1.0,0.0,0.0,0.0,0.0
2,95919641,-,2,97189350,-,THCA,741,TCGA-DE-A3KN-01A,TCGA-DE-A3KN-01A,1.0,0.0,0.0,0.0,0.0
22,23344689,-,22,24674994,+,THCA,742,TCGA-DE-A3KN-01A,TCGA-DE-A3KN-01A,1.0,0.0,0.0,0.0,0.0
4,115979683,+,15,24689560,-,THCA,743,TCGA-DE-A3KN-01A,TCGA-DE-A3KN-01A,1.0,0.0,0.0,0.0,0.0
7,16383457,+,7,18756267,+,THCA,744,TCGA-DE-A3KN-01A,TCGA-DE-A3KN-01A,1.0,0.0,0.0,0.0,0.0
7,16388018,-,7,18766178,-,THCA,745,TCGA-DE-A3KN-01A,TCGA-DE-A3KN-01A,1.0,0.0,0.0,0.0,0.0
7,17514192,+,7,17523676,-,THCA,746,TCGA-DE-A3KN-01A,TCGA-DE-A3KN-01A,1.0,0.0,0.0,0.0,0.0
7,17538811,+,7,18258389,+,THCA,747,TCGA-DE-A3KN-01A,TCGA-DE-A3KN-01A,1.0,0.0,0.0,0.0,0.0
7,17552203,-,7,18274655,-,THCA,748,TCGA-DE-A3KN-01A,TCGA-DE-A3KN-01A,1.0,0.0,0.0,0.0,0.0
7,149981586,-,7,154115039,-,THCA,749,TCGA-DE-A3KN-01A,TCGA-DE-A3KN-01A,1.0,0.0,0.0,0.0,0.0
11,132945846,-,12,9758991,+,THCA,750,TCGA-DE-A4M8-01A,TCGA-DE-A4M8-01A,1.0,0.0,0.0,0.0,0.0
13,16427318,+,13,16824796,-,THCA,751,TCGA-DE-A4M8-01A,TCGA-DE-A4M8-01A,1.0,0.0,0.0,0.0,0.0
13,16618199,+,13,17090432,-,THCA,752,TCGA-DE-A4M8-01A,TCGA-DE-A4M8-01A,1.0,0.0,0.0,0.0,0.0
18,15511880,+,18,15685564,-,THCA,753,TCGA-DE-A4M8-01A,TCGA-DE-A4M8-01A,1.0,0.0,0.0,0.0,0.0
2,29830942,+,4,106858863,-,THCA,754,TCGA-DE-A4M8-01A,TCGA-DE-A4M8-01A,1.0,0.0,0.0,0.0,0.0
2,215353891,-,2,215354008,+,THCA,755,TCGA-DE-A4M8-01A,TCGA-DE-A4M8-01A,1.0,0.0,0.0,0.0,0.0
2,222866746,-,14,21525865,-,THCA,756,TCGA-DE-A4M8-01A,TCGA-DE-A4M8-01A,1.0,0.0,0.0,0.0,0.0
20,26545014,-,20,26577330,+,THCA,757,TCGA-DE-A4M8-01A,TCGA-DE-A4M8-01A,1.0,0.0,0.0,0.0,0.0
3,102314452,+,14,86321165,+,THCA,758,TCGA-DE-A4M8-01A,TCGA-DE-A4M8-01A,1.0,0.0,0.0,0.0,0.0
4,165179534,-,11,25868526,-,THCA,759,TCGA-DE-A4M8-01A,TCGA-DE-A4M8-01A,1.0,0.0,0.0,0.0,0.0
5,49916490,+,5,49925128,-,THCA,760,TCGA-DE-A4M8-01A,TCGA-DE-A4M8-01A,1.0,0.0,0.0,0.0,0.0
5,58426896,-,5,63997255,+,THCA,761,TCGA-DE-A4M8-01A,TCGA-DE-A4M8-01A,1.0,0.0,0.0,0.0,0.0
7,71319125,+,9,118667932,-,THCA,762,TCGA-DE-A4M8-01A,TCGA-DE-A4M8-01A,1.0,0.0,0.0,0.0,0.0
11,52571461,-,11,53136181,+,THCA,763,TCGA-DE-A4M9-01A,TCGA-DE-A4M9-01A,1.0,0.0,0.0,0.0,0.0
18,20585760,-,18,20800882,-,THCA,764,TCGA-DE-A4M9-01A,TCGA-DE-A4M9-01A,1.0,0.0,0.0,0.0,0.0
2,113231002,+,3,12368116,+,THCA,765,TCGA-DE-A4M9-01A,TCGA-DE-A4M9-01A,1.0,0.0,0.0,0.0,0.0
2,113231009,-,3,12368081,-,THCA,766,TCGA-DE-A4M9-01A,TCGA-DE-A4M9-01A,1.0,0.0,0.0,0.0,0.0
2,205383140,+,13,22473154,-,THCA,767,TCGA-DE-A4M9-01A,TCGA-DE-A4M9-01A,1.0,0.0,0.0,0.0,0.0
3,33908638,-,8,134817419,-,THCA,768,TCGA-DE-A4M9-01A,TCGA-DE-A4M9-01A,1.0,0.0,0.0,0.0,0.0
6,58900204,-,6,59421340,+,THCA,769,TCGA-DE-A4M9-01A,TCGA-DE-A4M9-01A,1.0,0.0,0.0,0.0,0.0
8,87428338,-,18,43735265,+,THCA,770,TCGA-DE-A4M9-01A,TCGA-DE-A4M9-01A,1.0,0.0,0.0,0.0,0.0
4,178959860,+,7,53306430,-,THCA,771,TCGA-DE-A4MA-01A,TCGA-DE-A4MA-01A,1.0,0.0,0.0,0.0,0.0
7,86197295,-,7,86205492,-,THCA,772,TCGA-DE-A4MA-01A,TCGA-DE-A4MA-01A,1.0,0.0,0.0,0.0,0.0
10,39919141,+,10,39931571,-,THCA,773,TCGA-DE-A4MB-01A,TCGA-DE-A4MB-01A,1.0,0.0,0.0,0.0,0.0
12,36835546,+,12,36929691,-,THCA,774,TCGA-DE-A4MB-01A,TCGA-DE-A4MB-01A,1.0,0.0,0.0,0.0,0.0
16,35127025,+,16,35139239,-,THCA,775,TCGA-DE-A4MB-01A,TCGA-DE-A4MB-01A,1.0,0.0,0.0,0.0,0.0
18,15485264,+,18,15550045,-,THCA,776,TCGA-DE-A4MB-01A,TCGA-DE-A4MB-01A,1.0,0.0,0.0,0.0,0.0
2,92233346,-,2,93368325,+,THCA,777,TCGA-DE-A4MB-01A,TCGA-DE-A4MB-01A,1.0,0.0,0.0,0.0,0.0
3,114975125,+,6,63534782,-,THCA,778,TCGA-DE-A4MB-01A,TCGA-DE-A4MB-01A,1.0,0.0,0.0,0.0,0.0
4,22181583,+,5,4009409,-,THCA,779,TCGA-DE-A4MB-01A,TCGA-DE-A4MB-01A,1.0,0.0,0.0,0.0,0.0
6,18847946,+,13,92527492,+,THCA,780,TCGA-DE-A4MB-01A,TCGA-DE-A4MB-01A,1.0,0.0,0.0,0.0,0.0
11,54374396,+,11,54390447,-,THCA,781,TCGA-DE-A4MD-01A,TCGA-DE-A4MD-01A,1.0,0.0,0.0,0.0,0.0
12,65462316,-,12,65840603,+,THCA,782,TCGA-DE-A4MD-01A,TCGA-DE-A4MD-01A,1.0,0.0,0.0,0.0,0.0
17,22912240,-,17,22966948,+,THCA,783,TCGA-DE-A4MD-01A,TCGA-DE-A4MD-01A,1.0,0.0,0.0,0.0,0.0
2,93418589,+,2,93967895,-,THCA,784,TCGA-DE-A4MD-01A,TCGA-DE-A4MD-01A,1.0,0.0,0.0,0.0,0.0
8,120024988,-,8,120025190,+,THCA,785,TCGA-DE-A4MD-01A,TCGA-DE-A4MD-01A,1.0,0.0,0.0,0.0,0.0
1,48963190,+,6,146523480,+,THCA,786,TCGA-DE-A69J-01A,TCGA-DE-A69J-01A,1.0,0.0,0.0,0.0,0.0
1,60590439,-,5,168478950,-,THCA,787,TCGA-DE-A69J-01A,TCGA-DE-A69J-01A,1.0,0.0,0.0,0.0,0.0
1,101496915,-,8,133312900,+,THCA,788,TCGA-DE-A69J-01A,TCGA-DE-A69J-01A,1.0,0.0,0.0,0.0,0.0
1,116324175,+,4,115459983,-,THCA,789,TCGA-DE-A69J-01A,TCGA-DE-A69J-01A,1.0,0.0,0.0,0.0,0.0
10,46647250,+,12,409947,-,THCA,790,TCGA-DE-A69J-01A,TCGA-DE-A69J-01A,1.0,0.0,0.0,0.0,0.0
16,64314319,+,23,112478127,+,THCA,791,TCGA-DE-A69J-01A,TCGA-DE-A69J-01A,1.0,0.0,0.0,0.0,0.0
2,93233193,-,2,93594870,+,THCA,792,TCGA-DE-A69J-01A,TCGA-DE-A69J-01A,1.0,0.0,0.0,0.0,0.0
21,9117811,-,24,11203001,+,THCA,793,TCGA-DE-A69J-01A,TCGA-DE-A69J-01A,1.0,0.0,0.0,0.0,0.0
3,76049384,-,17,50883408,-,THCA,794,TCGA-DE-A69J-01A,TCGA-DE-A69J-01A,1.0,0.0,0.0,0.0,0.0
3,121565716,+,11,14329006,-,THCA,795,TCGA-DE-A69J-01A,TCGA-DE-A69J-01A,1.0,0.0,0.0,0.0,0.0
7,58174818,+,7,58180301,-,THCA,796,TCGA-DE-A69J-01A,TCGA-DE-A69J-01A,1.0,0.0,0.0,0.0,0.0
9,83874953,+,9,85749019,+,THCA,797,TCGA-DE-A69J-01A,TCGA-DE-A69J-01A,1.0,0.0,0.0,0.0,0.0
1,215743413,+,2,32397581,-,THCA,798,TCGA-DE-A69K-01A,TCGA-DE-A69K-01A,1.0,0.0,0.0,0.0,0.0
10,43115538,+,10,77825245,+,THCA,799,TCGA-DE-A69K-01A,TCGA-DE-A69K-01A,1.0,0.0,0.0,0.0,0.0
10,43115550,-,10,77825251,-,THCA,800,TCGA-DE-A69K-01A,TCGA-DE-A69K-01A,1.0,0.0,0.0,0.0,0.0
15,56998962,+,15,56999608,-,THCA,801,TCGA-DE-A69K-01A,TCGA-DE-A69K-01A,1.0,0.0,0.0,0.0,0.0
22,26538721,+,22,26539501,-,THCA,802,TCGA-DE-A69K-01A,TCGA-DE-A69K-01A,1.0,0.0,0.0,0.0,0.0
1,58300933,+,2,16017930,+,THCA,803,TCGA-DE-A7U5-01A,TCGA-DE-A7U5-01A,1.0,0.0,0.0,0.0,0.0
11,58628165,+,12,15117676,+,THCA,804,TCGA-DE-A7U5-01A,TCGA-DE-A7U5-01A,1.0,0.0,0.0,0.0,0.0
18,14174648,-,21,13984539,-,THCA,805,TCGA-DE-A7U5-01A,TCGA-DE-A7U5-01A,1.0,0.0,0.0,0.0,0.0
2,7783991,-,13,94466021,+,THCA,806,TCGA-DE-A7U5-01A,TCGA-DE-A7U5-01A,1.0,0.0,0.0,0.0,0.0
22,25281943,-,22,25419983,+,THCA,807,TCGA-DE-A7U5-01A,TCGA-DE-A7U5-01A,1.0,0.0,0.0,0.0,0.0
4,158500691,-,4,158880220,-,THCA,808,TCGA-DE-A7U5-01A,TCGA-DE-A7U5-01A,1.0,0.0,0.0,0.0,0.0
4,161022536,+,9,103390557,+,THCA,809,TCGA-DE-A7U5-01A,TCGA-DE-A7U5-01A,1.0,0.0,0.0,0.0,0.0
5,165780798,-,23,1212981,-,THCA,810,TCGA-DE-A7U5-01A,TCGA-DE-A7U5-01A,1.0,0.0,0.0,0.0,0.0
8,23580786,-,12,45899999,+,THCA,811,TCGA-DE-A7U5-01A,TCGA-DE-A7U5-01A,1.0,0.0,0.0,0.0,0.0
8,38008386,-,15,51922528,+,THCA,812,TCGA-DE-A7U5-01A,TCGA-DE-A7U5-01A,1.0,0.0,0.0,0.0,0.0
1,7241277,-,6,24804290,-,THCA,813,TCGA-DJ-A13L-01A,TCGA-DJ-A13L-01A,1.0,0.0,0.0,0.0,0.0
1,7241288,+,6,24804553,+,THCA,814,TCGA-DJ-A13L-01A,TCGA-DJ-A13L-01A,1.0,0.0,0.0,0.0,0.0
11,62952135,+,11,92412567,+,THCA,815,TCGA-DJ-A13L-01A,TCGA-DJ-A13L-01A,1.0,0.0,0.0,0.0,0.0
20,29261391,+,20,29888837,+,THCA,816,TCGA-DJ-A13L-01A,TCGA-DJ-A13L-01A,1.0,0.0,0.0,0.0,0.0
20,56672107,+,20,56672706,-,THCA,817,TCGA-DJ-A13L-01A,TCGA-DJ-A13L-01A,1.0,0.0,0.0,0.0,0.0
5,49738604,-,5,50025436,+,THCA,818,TCGA-DJ-A13L-01A,TCGA-DJ-A13L-01A,1.0,0.0,0.0,0.0,0.0
7,48861472,+,7,48910844,+,THCA,819,TCGA-DJ-A13L-01A,TCGA-DJ-A13L-01A,1.0,0.0,0.0,0.0,0.0
7,74618440,-,12,1091991,-,THCA,820,TCGA-DJ-A13L-01A,TCGA-DJ-A13L-01A,1.0,0.0,0.0,0.0,0.0
23,121273340,+,23,121279802,-,THCA,821,TCGA-DJ-A13L-01A,TCGA-DJ-A13L-01A,1.0,0.0,0.0,0.0,0.0
10,78714069,-,10,78847593,+,THCA,822,TCGA-DJ-A13M-01A,TCGA-DJ-A13M-01A,1.0,0.0,0.0,0.0,0.0
13,16454958,-,13,17314371,+,THCA,823,TCGA-DJ-A13M-01A,TCGA-DJ-A13M-01A,1.0,0.0,0.0,0.0,0.0
13,16505214,-,13,17081456,+,THCA,824,TCGA-DJ-A13M-01A,TCGA-DJ-A13M-01A,1.0,0.0,0.0,0.0,0.0
19,34759235,-,19,36120408,+,THCA,825,TCGA-DJ-A13M-01A,TCGA-DJ-A13M-01A,1.0,0.0,0.0,0.0,0.0
3,91139630,+,3,91146412,-,THCA,826,TCGA-DJ-A13M-01A,TCGA-DJ-A13M-01A,1.0,0.0,0.0,0.0,0.0
17,22874934,+,17,22894049,-,THCA,827,TCGA-DJ-A13O-01A,TCGA-DJ-A13O-01A,1.0,0.0,0.0,0.0,0.0
18,15640866,-,18,20635865,+,THCA,828,TCGA-DJ-A13O-01A,TCGA-DJ-A13O-01A,1.0,0.0,0.0,0.0,0.0
19,54734681,+,19,54765821,-,THCA,829,TCGA-DJ-A13O-01A,TCGA-DJ-A13O-01A,1.0,0.0,0.0,0.0,0.0
20,26517052,-,20,26557384,+,THCA,830,TCGA-DJ-A13O-01A,TCGA-DJ-A13O-01A,1.0,0.0,0.0,0.0,0.0
11,93748607,+,11,93749241,-,THCA,831,TCGA-DJ-A13P-01A,TCGA-DJ-A13P-01A,1.0,0.0,0.0,0.0,0.0
13,16400240,-,13,16679236,+,THCA,832,TCGA-DJ-A13P-01A,TCGA-DJ-A13P-01A,1.0,0.0,0.0,0.0,0.0
14,66553050,+,14,66553618,-,THCA,833,TCGA-DJ-A13P-01A,TCGA-DJ-A13P-01A,1.0,0.0,0.0,0.0,0.0
15,101401678,-,16,54727195,-,THCA,834,TCGA-DJ-A13P-01A,TCGA-DJ-A13P-01A,1.0,0.0,0.0,0.0,0.0
22,15940502,+,22,15950481,-,THCA,835,TCGA-DJ-A13P-01A,TCGA-DJ-A13P-01A,1.0,0.0,0.0,0.0,0.0
3,59363016,-,3,115474714,+,THCA,836,TCGA-DJ-A13P-01A,TCGA-DJ-A13P-01A,1.0,0.0,0.0,0.0,0.0
5,46533820,+,5,46538587,-,THCA,837,TCGA-DJ-A13P-01A,TCGA-DJ-A13P-01A,1.0,0.0,0.0,0.0,0.0
1,122137385,-,1,122150331,+,THCA,838,TCGA-DJ-A13R-01A,TCGA-DJ-A13R-01A,1.0,0.0,0.0,0.0,0.0
1,175955801,+,17,43545235,+,THCA,839,TCGA-DJ-A13R-01A,TCGA-DJ-A13R-01A,1.0,0.0,0.0,0.0,0.0
19,17829982,+,19,17830922,-,THCA,840,TCGA-DJ-A13R-01A,TCGA-DJ-A13R-01A,1.0,0.0,0.0,0.0,0.0
11,54353738,-,11,54420133,+,THCA,841,TCGA-DJ-A13S-01A,TCGA-DJ-A13S-01A,1.0,0.0,0.0,0.0,0.0
12,36103462,+,12,37075539,-,THCA,842,TCGA-DJ-A13S-01A,TCGA-DJ-A13S-01A,1.0,0.0,0.0,0.0,0.0
15,55379123,+,17,28721957,-,THCA,843,TCGA-DJ-A13S-01A,TCGA-DJ-A13S-01A,1.0,0.0,0.0,0.0,0.0
19,43848336,+,19,43848982,-,THCA,844,TCGA-DJ-A13S-01A,TCGA-DJ-A13S-01A,1.0,0.0,0.0,0.0,0.0
2,56265505,-,6,94864301,+,THCA,845,TCGA-DJ-A13S-01A,TCGA-DJ-A13S-01A,1.0,0.0,0.0,0.0,0.0
3,88188336,-,11,23296414,-,THCA,846,TCGA-DJ-A13S-01A,TCGA-DJ-A13S-01A,1.0,0.0,0.0,0.0,0.0
5,49672215,-,5,49681012,+,THCA,847,TCGA-DJ-A13S-01A,TCGA-DJ-A13S-01A,1.0,0.0,0.0,0.0,0.0
6,151046476,-,9,43140858,+,THCA,848,TCGA-DJ-A13S-01A,TCGA-DJ-A13S-01A,1.0,0.0,0.0,0.0,0.0
23,115514957,+,23,115515713,-,THCA,849,TCGA-DJ-A13S-01A,TCGA-DJ-A13S-01A,1.0,0.0,0.0,0.0,0.0
1,150128984,+,15,53712390,+,THCA,850,TCGA-DJ-A13T-01A,TCGA-DJ-A13T-01A,1.0,0.0,0.0,0.0,0.0
18,79487094,+,18,79487742,-,THCA,851,TCGA-DJ-A13T-01A,TCGA-DJ-A13T-01A,1.0,0.0,0.0,0.0,0.0
20,26381845,+,20,28318186,-,THCA,852,TCGA-DJ-A13T-01A,TCGA-DJ-A13T-01A,1.0,0.0,0.0,0.0,0.0
3,90941630,-,3,91129455,+,THCA,853,TCGA-DJ-A13T-01A,TCGA-DJ-A13T-01A,1.0,0.0,0.0,0.0,0.0
23,3036666,+,23,63625850,+,THCA,854,TCGA-DJ-A13T-01A,TCGA-DJ-A13T-01A,1.0,0.0,0.0,0.0,0.0
23,153586231,+,23,153586881,-,THCA,855,TCGA-DJ-A13T-01A,TCGA-DJ-A13T-01A,1.0,0.0,0.0,0.0,0.0
10,19975225,+,10,19975876,-,THCA,856,TCGA-DJ-A13U-01A,TCGA-DJ-A13U-01A,1.0,0.0,0.0,0.0,0.0
11,54349619,-,11,54391770,+,THCA,857,TCGA-DJ-A13U-01A,TCGA-DJ-A13U-01A,1.0,0.0,0.0,0.0,0.0
18,15481534,-,18,15536227,+,THCA,858,TCGA-DJ-A13U-01A,TCGA-DJ-A13U-01A,1.0,0.0,0.0,0.0,0.0
3,102705689,+,3,102716162,-,THCA,859,TCGA-DJ-A13U-01A,TCGA-DJ-A13U-01A,1.0,0.0,0.0,0.0,0.0
3,168827017,+,3,168828428,-,THCA,860,TCGA-DJ-A13U-01A,TCGA-DJ-A13U-01A,1.0,0.0,0.0,0.0,0.0
4,105043546,-,15,88315152,+,THCA,861,TCGA-DJ-A13U-01A,TCGA-DJ-A13U-01A,1.0,0.0,0.0,0.0,0.0
7,32076392,+,7,32076964,-,THCA,862,TCGA-DJ-A13U-01A,TCGA-DJ-A13U-01A,1.0,0.0,0.0,0.0,0.0
9,6727650,+,23,136880956,+,THCA,863,TCGA-DJ-A13U-01A,TCGA-DJ-A13U-01A,1.0,0.0,0.0,0.0,0.0
16,34184234,-,20,29224699,-,THCA,864,TCGA-DJ-A13V-01A,TCGA-DJ-A13V-01A,1.0,0.0,0.0,0.0,0.0
20,29720806,-,20,30148762,-,THCA,865,TCGA-DJ-A13V-01A,TCGA-DJ-A13V-01A,1.0,0.0,0.0,0.0,0.0
12,70250151,-,12,70250246,-,THCA,866,TCGA-DJ-A13W-01A,TCGA-DJ-A13W-01A,1.0,0.0,0.0,0.0,0.0
12,70250153,+,12,70250248,+,THCA,867,TCGA-DJ-A13W-01A,TCGA-DJ-A13W-01A,1.0,0.0,0.0,0.0,0.0
13,16290687,-,13,16679233,+,THCA,868,TCGA-DJ-A13W-01A,TCGA-DJ-A13W-01A,1.0,0.0,0.0,0.0,0.0
14,83460754,-,14,83462335,-,THCA,869,TCGA-DJ-A13W-01A,TCGA-DJ-A13W-01A,1.0,0.0,0.0,0.0,0.0
18,15665470,-,18,15711739,+,THCA,870,TCGA-DJ-A13W-01A,TCGA-DJ-A13W-01A,1.0,0.0,0.0,0.0,0.0
2,43314715,+,8,8226902,+,THCA,871,TCGA-DJ-A13W-01A,TCGA-DJ-A13W-01A,1.0,0.0,0.0,0.0,0.0
2,43314776,-,12,124923627,-,THCA,872,TCGA-DJ-A13W-01A,TCGA-DJ-A13W-01A,1.0,0.0,0.0,0.0,0.0
7,23488043,+,12,124936767,+,THCA,873,TCGA-DJ-A13W-01A,TCGA-DJ-A13W-01A,1.0,0.0,0.0,0.0,0.0
7,23488071,-,7,147752927,-,THCA,874,TCGA-DJ-A13W-01A,TCGA-DJ-A13W-01A,1.0,0.0,0.0,0.0,0.0
7,147752288,+,12,124936894,-,THCA,875,TCGA-DJ-A13W-01A,TCGA-DJ-A13W-01A,1.0,0.0,0.0,0.0,0.0
8,8227085,-,8,39978824,-,THCA,876,TCGA-DJ-A13W-01A,TCGA-DJ-A13W-01A,1.0,0.0,0.0,0.0,0.0
8,39978727,+,9,136481470,+,THCA,877,TCGA-DJ-A13W-01A,TCGA-DJ-A13W-01A,1.0,0.0,0.0,0.0,0.0
8,102938509,-,12,92101701,+,THCA,878,TCGA-DJ-A13W-01A,TCGA-DJ-A13W-01A,1.0,0.0,0.0,0.0,0.0
9,136481489,-,12,124923442,+,THCA,879,TCGA-DJ-A13W-01A,TCGA-DJ-A13W-01A,1.0,0.0,0.0,0.0,0.0
13,16325449,+,13,17107012,-,THCA,880,TCGA-DJ-A13X-01A,TCGA-DJ-A13X-01A,1.0,0.0,0.0,0.0,0.0
19,24433526,-,19,24436128,+,THCA,881,TCGA-DJ-A13X-01A,TCGA-DJ-A13X-01A,1.0,0.0,0.0,0.0,0.0
19,24434910,-,19,24437805,+,THCA,882,TCGA-DJ-A13X-01A,TCGA-DJ-A13X-01A,1.0,0.0,0.0,0.0,0.0
20,29859457,+,22,11373303,-,THCA,883,TCGA-DJ-A13X-01A,TCGA-DJ-A13X-01A,1.0,0.0,0.0,0.0,0.0
5,49670337,-,5,49673278,+,THCA,884,TCGA-DJ-A13X-01A,TCGA-DJ-A13X-01A,1.0,0.0,0.0,0.0,0.0
5,49682199,-,5,49685310,+,THCA,885,TCGA-DJ-A13X-01A,TCGA-DJ-A13X-01A,1.0,0.0,0.0,0.0,0.0
5,49683382,-,5,49686241,+,THCA,886,TCGA-DJ-A13X-01A,TCGA-DJ-A13X-01A,1.0,0.0,0.0,0.0,0.0
5,49692208,-,5,49695278,+,THCA,887,TCGA-DJ-A13X-01A,TCGA-DJ-A13X-01A,1.0,0.0,0.0,0.0,0.0
5,49692570,-,5,49695560,+,THCA,888,TCGA-DJ-A13X-01A,TCGA-DJ-A13X-01A,1.0,0.0,0.0,0.0,0.0
5,49695329,-,5,49698440,+,THCA,889,TCGA-DJ-A13X-01A,TCGA-DJ-A13X-01A,1.0,0.0,0.0,0.0,0.0
5,49700663,-,5,49706566,+,THCA,890,TCGA-DJ-A13X-01A,TCGA-DJ-A13X-01A,1.0,0.0,0.0,0.0,0.0
5,49705615,-,5,49708592,+,THCA,891,TCGA-DJ-A13X-01A,TCGA-DJ-A13X-01A,1.0,0.0,0.0,0.0,0.0
5,49706775,-,5,49709750,+,THCA,892,TCGA-DJ-A13X-01A,TCGA-DJ-A13X-01A,1.0,0.0,0.0,0.0,0.0
5,49707651,-,5,49710688,+,THCA,893,TCGA-DJ-A13X-01A,TCGA-DJ-A13X-01A,1.0,0.0,0.0,0.0,0.0
5,49712930,-,5,49716040,+,THCA,894,TCGA-DJ-A13X-01A,TCGA-DJ-A13X-01A,1.0,0.0,0.0,0.0,0.0
5,49714542,-,5,49717537,+,THCA,895,TCGA-DJ-A13X-01A,TCGA-DJ-A13X-01A,1.0,0.0,0.0,0.0,0.0
5,49717651,-,5,49720587,+,THCA,896,TCGA-DJ-A13X-01A,TCGA-DJ-A13X-01A,1.0,0.0,0.0,0.0,0.0
5,49732539,-,5,49734892,+,THCA,897,TCGA-DJ-A13X-01A,TCGA-DJ-A13X-01A,1.0,0.0,0.0,0.0,0.0
5,49734940,-,5,49737167,+,THCA,898,TCGA-DJ-A13X-01A,TCGA-DJ-A13X-01A,1.0,0.0,0.0,0.0,0.0
5,49746326,-,5,49748576,+,THCA,899,TCGA-DJ-A13X-01A,TCGA-DJ-A13X-01A,1.0,0.0,0.0,0.0,0.0
5,49758582,-,5,49762960,+,THCA,900,TCGA-DJ-A13X-01A,TCGA-DJ-A13X-01A,1.0,0.0,0.0,0.0,0.0
5,49765439,-,5,49767726,+,THCA,901,TCGA-DJ-A13X-01A,TCGA-DJ-A13X-01A,1.0,0.0,0.0,0.0,0.0
5,49767369,-,5,49769694,+,THCA,902,TCGA-DJ-A13X-01A,TCGA-DJ-A13X-01A,1.0,0.0,0.0,0.0,0.0
5,49768576,-,5,49775388,+,THCA,903,TCGA-DJ-A13X-01A,TCGA-DJ-A13X-01A,1.0,0.0,0.0,0.0,0.0
5,49771531,-,5,49773786,+,THCA,904,TCGA-DJ-A13X-01A,TCGA-DJ-A13X-01A,1.0,0.0,0.0,0.0,0.0
5,49772533,-,5,49774825,+,THCA,905,TCGA-DJ-A13X-01A,TCGA-DJ-A13X-01A,1.0,0.0,0.0,0.0,0.0
5,49774476,-,5,49778982,+,THCA,906,TCGA-DJ-A13X-01A,TCGA-DJ-A13X-01A,1.0,0.0,0.0,0.0,0.0
5,49795733,-,5,49798034,+,THCA,907,TCGA-DJ-A13X-01A,TCGA-DJ-A13X-01A,1.0,0.0,0.0,0.0,0.0
5,49796513,-,5,49798840,+,THCA,908,TCGA-DJ-A13X-01A,TCGA-DJ-A13X-01A,1.0,0.0,0.0,0.0,0.0
5,49797663,-,5,49799941,+,THCA,909,TCGA-DJ-A13X-01A,TCGA-DJ-A13X-01A,1.0,0.0,0.0,0.0,0.0
5,49798104,-,5,49802374,+,THCA,910,TCGA-DJ-A13X-01A,TCGA-DJ-A13X-01A,1.0,0.0,0.0,0.0,0.0
5,49802875,-,5,49809664,+,THCA,911,TCGA-DJ-A13X-01A,TCGA-DJ-A13X-01A,1.0,0.0,0.0,0.0,0.0
5,49838056,-,5,49840400,+,THCA,912,TCGA-DJ-A13X-01A,TCGA-DJ-A13X-01A,1.0,0.0,0.0,0.0,0.0
5,49838394,-,5,49842843,+,THCA,913,TCGA-DJ-A13X-01A,TCGA-DJ-A13X-01A,1.0,0.0,0.0,0.0,0.0
5,49839469,-,5,49843978,+,THCA,914,TCGA-DJ-A13X-01A,TCGA-DJ-A13X-01A,1.0,0.0,0.0,0.0,0.0
5,49840692,-,5,49842965,+,THCA,915,TCGA-DJ-A13X-01A,TCGA-DJ-A13X-01A,1.0,0.0,0.0,0.0,0.0
5,49850249,-,5,49852805,+,THCA,916,TCGA-DJ-A13X-01A,TCGA-DJ-A13X-01A,1.0,0.0,0.0,0.0,0.0
5,49855277,-,5,49862075,+,THCA,917,TCGA-DJ-A13X-01A,TCGA-DJ-A13X-01A,1.0,0.0,0.0,0.0,0.0
5,49858717,-,5,49861052,+,THCA,918,TCGA-DJ-A13X-01A,TCGA-DJ-A13X-01A,1.0,0.0,0.0,0.0,0.0
5,49865925,-,5,49868049,+,THCA,919,TCGA-DJ-A13X-01A,TCGA-DJ-A13X-01A,1.0,0.0,0.0,0.0,0.0
5,49874431,-,5,49876772,+,THCA,920,TCGA-DJ-A13X-01A,TCGA-DJ-A13X-01A,1.0,0.0,0.0,0.0,0.0
5,49875581,-,5,49877908,+,THCA,921,TCGA-DJ-A13X-01A,TCGA-DJ-A13X-01A,1.0,0.0,0.0,0.0,0.0
5,49877342,-,5,49881825,+,THCA,922,TCGA-DJ-A13X-01A,TCGA-DJ-A13X-01A,1.0,0.0,0.0,0.0,0.0
5,49880086,-,5,49882391,+,THCA,923,TCGA-DJ-A13X-01A,TCGA-DJ-A13X-01A,1.0,0.0,0.0,0.0,0.0
5,49885034,-,5,49887439,+,THCA,924,TCGA-DJ-A13X-01A,TCGA-DJ-A13X-01A,1.0,0.0,0.0,0.0,0.0
5,49894992,-,5,49897421,+,THCA,925,TCGA-DJ-A13X-01A,TCGA-DJ-A13X-01A,1.0,0.0,0.0,0.0,0.0
5,49935166,-,5,49937467,+,THCA,926,TCGA-DJ-A13X-01A,TCGA-DJ-A13X-01A,1.0,0.0,0.0,0.0,0.0
5,49942814,-,5,49945140,+,THCA,927,TCGA-DJ-A13X-01A,TCGA-DJ-A13X-01A,1.0,0.0,0.0,0.0,0.0
5,49944570,-,5,49946976,+,THCA,928,TCGA-DJ-A13X-01A,TCGA-DJ-A13X-01A,1.0,0.0,0.0,0.0,0.0
5,49945833,-,5,49948390,+,THCA,929,TCGA-DJ-A13X-01A,TCGA-DJ-A13X-01A,1.0,0.0,0.0,0.0,0.0
5,49946649,-,5,49949079,+,THCA,930,TCGA-DJ-A13X-01A,TCGA-DJ-A13X-01A,1.0,0.0,0.0,0.0,0.0
5,49962290,-,5,49966853,+,THCA,931,TCGA-DJ-A13X-01A,TCGA-DJ-A13X-01A,1.0,0.0,0.0,0.0,0.0
5,49964723,-,5,49966883,+,THCA,932,TCGA-DJ-A13X-01A,TCGA-DJ-A13X-01A,1.0,0.0,0.0,0.0,0.0
5,49975872,-,5,49978200,+,THCA,933,TCGA-DJ-A13X-01A,TCGA-DJ-A13X-01A,1.0,0.0,0.0,0.0,0.0
5,49997540,-,5,49999838,+,THCA,934,TCGA-DJ-A13X-01A,TCGA-DJ-A13X-01A,1.0,0.0,0.0,0.0,0.0
5,50000835,-,5,50005407,+,THCA,935,TCGA-DJ-A13X-01A,TCGA-DJ-A13X-01A,1.0,0.0,0.0,0.0,0.0
5,50004928,-,5,50007487,+,THCA,936,TCGA-DJ-A13X-01A,TCGA-DJ-A13X-01A,1.0,0.0,0.0,0.0,0.0
5,50013972,-,5,50016236,+,THCA,937,TCGA-DJ-A13X-01A,TCGA-DJ-A13X-01A,1.0,0.0,0.0,0.0,0.0
5,50023439,-,5,50025675,+,THCA,938,TCGA-DJ-A13X-01A,TCGA-DJ-A13X-01A,1.0,0.0,0.0,0.0,0.0
5,50039131,-,5,50041485,+,THCA,939,TCGA-DJ-A13X-01A,TCGA-DJ-A13X-01A,1.0,0.0,0.0,0.0,0.0
5,50043224,-,5,50045579,+,THCA,940,TCGA-DJ-A13X-01A,TCGA-DJ-A13X-01A,1.0,0.0,0.0,0.0,0.0
5,50050823,-,5,50053025,+,THCA,941,TCGA-DJ-A13X-01A,TCGA-DJ-A13X-01A,1.0,0.0,0.0,0.0,0.0
5,50052710,-,5,50055099,+,THCA,942,TCGA-DJ-A13X-01A,TCGA-DJ-A13X-01A,1.0,0.0,0.0,0.0,0.0
5,50055797,-,5,50058062,+,THCA,943,TCGA-DJ-A13X-01A,TCGA-DJ-A13X-01A,1.0,0.0,0.0,0.0,0.0
6,32527741,+,16,12114900,+,THCA,944,TCGA-DJ-A13X-01A,TCGA-DJ-A13X-01A,1.0,0.0,0.0,0.0,0.0
1,122112004,-,1,122210986,+,THCA,945,TCGA-DJ-A1QD-01A,TCGA-DJ-A1QD-01A,1.0,0.0,0.0,0.0,0.0
11,51596298,-,11,52584396,+,THCA,946,TCGA-DJ-A1QD-01A,TCGA-DJ-A1QD-01A,1.0,0.0,0.0,0.0,0.0
11,52459730,-,11,52669741,+,THCA,947,TCGA-DJ-A1QD-01A,TCGA-DJ-A1QD-01A,1.0,0.0,0.0,0.0,0.0
11,53258933,-,11,53771720,+,THCA,948,TCGA-DJ-A1QD-01A,TCGA-DJ-A1QD-01A,1.0,0.0,0.0,0.0,0.0
2,64627160,-,18,62025493,+,THCA,949,TCGA-DJ-A1QD-01A,TCGA-DJ-A1QD-01A,1.0,0.0,0.0,0.0,0.0
6,57345507,+,6,60247285,-,THCA,950,TCGA-DJ-A1QD-01A,TCGA-DJ-A1QD-01A,1.0,0.0,0.0,0.0,0.0
1,122282629,+,1,122392879,-,THCA,951,TCGA-DJ-A1QE-01A,TCGA-DJ-A1QE-01A,1.0,0.0,0.0,0.0,0.0
13,17849711,+,13,17980208,-,THCA,952,TCGA-DJ-A1QE-01A,TCGA-DJ-A1QE-01A,1.0,0.0,0.0,0.0,0.0
13,18222628,+,22,18739768,-,THCA,953,TCGA-DJ-A1QE-01A,TCGA-DJ-A1QE-01A,1.0,0.0,0.0,0.0,0.0
13,34541509,-,19,38123570,-,THCA,954,TCGA-DJ-A1QE-01A,TCGA-DJ-A1QE-01A,1.0,0.0,0.0,0.0,0.0
14,102094620,-,15,77185778,+,THCA,955,TCGA-DJ-A1QE-01A,TCGA-DJ-A1QE-01A,1.0,0.0,0.0,0.0,0.0
17,23100236,+,17,23172564,-,THCA,956,TCGA-DJ-A1QE-01A,TCGA-DJ-A1QE-01A,1.0,0.0,0.0,0.0,0.0
5,50645275,-,9,26333066,+,THCA,957,TCGA-DJ-A1QE-01A,TCGA-DJ-A1QE-01A,1.0,0.0,0.0,0.0,0.0
5,71574662,-,6,32476846,-,THCA,958,TCGA-DJ-A1QE-01A,TCGA-DJ-A1QE-01A,1.0,0.0,0.0,0.0,0.0
5,104643135,+,7,89918786,-,THCA,959,TCGA-DJ-A1QE-01A,TCGA-DJ-A1QE-01A,1.0,0.0,0.0,0.0,0.0
1,200258341,+,1,200258948,-,THCA,960,TCGA-DJ-A1QF-01A,TCGA-DJ-A1QF-01A,1.0,0.0,0.0,0.0,0.0
12,36337312,-,12,36612829,+,THCA,961,TCGA-DJ-A1QF-01A,TCGA-DJ-A1QF-01A,1.0,0.0,0.0,0.0,0.0
12,122744882,+,12,122745474,-,THCA,962,TCGA-DJ-A1QF-01A,TCGA-DJ-A1QF-01A,1.0,0.0,0.0,0.0,0.0
13,86497883,-,13,86498594,-,THCA,963,TCGA-DJ-A1QF-01A,TCGA-DJ-A1QF-01A,1.0,0.0,0.0,0.0,0.0
16,33803965,+,22,48947572,-,THCA,964,TCGA-DJ-A1QF-01A,TCGA-DJ-A1QF-01A,1.0,0.0,0.0,0.0,0.0
7,61431315,+,7,61513478,-,THCA,965,TCGA-DJ-A1QF-01A,TCGA-DJ-A1QF-01A,1.0,0.0,0.0,0.0,0.0
9,134788594,-,15,28376310,-,THCA,966,TCGA-DJ-A1QF-01A,TCGA-DJ-A1QF-01A,1.0,0.0,0.0,0.0,0.0
1,124877336,+,1,124898870,-,THCA,967,TCGA-DJ-A1QG-01A,TCGA-DJ-A1QG-01A,1.0,0.0,0.0,0.0,0.0
1,229337728,+,10,102568659,-,THCA,968,TCGA-DJ-A1QG-01A,TCGA-DJ-A1QG-01A,1.0,0.0,0.0,0.0,0.0
11,107850797,+,11,107851427,-,THCA,969,TCGA-DJ-A1QG-01A,TCGA-DJ-A1QG-01A,1.0,0.0,0.0,0.0,0.0
18,15653776,-,18,15679656,+,THCA,970,TCGA-DJ-A1QG-01A,TCGA-DJ-A1QG-01A,1.0,0.0,0.0,0.0,0.0
3,89020523,+,10,57764984,+,THCA,971,TCGA-DJ-A1QG-01A,TCGA-DJ-A1QG-01A,1.0,0.0,0.0,0.0,0.0
4,51595216,+,4,51602079,-,THCA,972,TCGA-DJ-A1QG-01A,TCGA-DJ-A1QG-01A,1.0,0.0,0.0,0.0,0.0
8,44353069,+,8,44555944,-,THCA,973,TCGA-DJ-A1QG-01A,TCGA-DJ-A1QG-01A,1.0,0.0,0.0,0.0,0.0
8,121970064,-,11,34877963,+,THCA,974,TCGA-DJ-A1QG-01A,TCGA-DJ-A1QG-01A,1.0,0.0,0.0,0.0,0.0
12,37430305,-,15,50085960,+,THCA,975,TCGA-DJ-A1QH-01A,TCGA-DJ-A1QH-01A,1.0,0.0,0.0,0.0,0.0
17,22999925,-,17,23156834,+,THCA,976,TCGA-DJ-A1QH-01A,TCGA-DJ-A1QH-01A,1.0,0.0,0.0,0.0,0.0
18,15603569,-,18,15739833,+,THCA,977,TCGA-DJ-A1QH-01A,TCGA-DJ-A1QH-01A,1.0,0.0,0.0,0.0,0.0
2,74392108,-,19,18724838,+,THCA,978,TCGA-DJ-A1QH-01A,TCGA-DJ-A1QH-01A,1.0,0.0,0.0,0.0,0.0
2,91904739,-,22,16450072,+,THCA,979,TCGA-DJ-A1QH-01A,TCGA-DJ-A1QH-01A,1.0,0.0,0.0,0.0,0.0
3,90961965,+,3,91161422,-,THCA,980,TCGA-DJ-A1QH-01A,TCGA-DJ-A1QH-01A,1.0,0.0,0.0,0.0,0.0
4,51595220,+,4,51602016,-,THCA,981,TCGA-DJ-A1QH-01A,TCGA-DJ-A1QH-01A,1.0,0.0,0.0,0.0,0.0
5,170395423,-,5,170395575,+,THCA,982,TCGA-DJ-A1QH-01A,TCGA-DJ-A1QH-01A,1.0,0.0,0.0,0.0,0.0
7,106636436,-,16,22779829,+,THCA,983,TCGA-DJ-A1QH-01A,TCGA-DJ-A1QH-01A,1.0,0.0,0.0,0.0,0.0
9,33337713,+,9,33338315,-,THCA,984,TCGA-DJ-A1QH-01A,TCGA-DJ-A1QH-01A,1.0,0.0,0.0,0.0,0.0
11,54343323,-,11,54416057,+,THCA,985,TCGA-DJ-A1QI-01A,TCGA-DJ-A1QI-01A,1.0,0.0,0.0,0.0,0.0
19,6787073,+,19,6787626,-,THCA,986,TCGA-DJ-A1QI-01A,TCGA-DJ-A1QI-01A,1.0,0.0,0.0,0.0,0.0
2,227762457,+,23,1048982,+,THCA,987,TCGA-DJ-A1QI-01A,TCGA-DJ-A1QI-01A,1.0,0.0,0.0,0.0,0.0
18,15636210,-,18,15701250,+,THCA,988,TCGA-DJ-A1QL-01A,TCGA-DJ-A1QL-01A,1.0,0.0,0.0,0.0,0.0
2,43307623,+,8,132977587,+,THCA,989,TCGA-DJ-A1QL-01A,TCGA-DJ-A1QL-01A,1.0,0.0,0.0,0.0,0.0
2,43307862,-,7,23486778,+,THCA,990,TCGA-DJ-A1QL-01A,TCGA-DJ-A1QL-01A,1.0,0.0,0.0,0.0,0.0
2,45998386,+,7,23486878,-,THCA,991,TCGA-DJ-A1QL-01A,TCGA-DJ-A1QL-01A,1.0,0.0,0.0,0.0,0.0
2,45998570,-,8,133035207,-,THCA,992,TCGA-DJ-A1QL-01A,TCGA-DJ-A1QL-01A,1.0,0.0,0.0,0.0,0.0
3,91152898,+,3,91222305,-,THCA,993,TCGA-DJ-A1QL-01A,TCGA-DJ-A1QL-01A,1.0,0.0,0.0,0.0,0.0
11,48768477,+,11,55184811,-,THCA,994,TCGA-DJ-A1QM-01A,TCGA-DJ-A1QM-01A,1.0,0.0,0.0,0.0,0.0
18,15967971,+,18,17538857,-,THCA,995,TCGA-DJ-A1QM-01A,TCGA-DJ-A1QM-01A,1.0,0.0,0.0,0.0,0.0
20,26459301,-,20,26519667,+,THCA,996,TCGA-DJ-A1QM-01A,TCGA-DJ-A1QM-01A,1.0,0.0,0.0,0.0,0.0
3,90793717,+,3,91003277,-,THCA,997,TCGA-DJ-A1QM-01A,TCGA-DJ-A1QM-01A,1.0,0.0,0.0,0.0,0.0
5,46601437,+,5,46681252,-,THCA,998,TCGA-DJ-A1QM-01A,TCGA-DJ-A1QM-01A,1.0,0.0,0.0,0.0,0.0
5,47121809,-,5,47145397,+,THCA,999,TCGA-DJ-A1QM-01A,TCGA-DJ-A1QM-01A,1.0,0.0,0.0,0.0,0.0
6,58292140,-,6,61158447,-,THCA,1000,TCGA-DJ-A1QM-01A,TCGA-DJ-A1QM-01A,1.0,0.0,0.0,0.0,0.0
7,61261203,+,7,61442232,-,THCA,1001,TCGA-DJ-A1QM-01A,TCGA-DJ-A1QM-01A,1.0,0.0,0.0,0.0,0.0
13,18270890,+,22,24611036,+,THCA,1002,TCGA-DJ-A1QN-01A,TCGA-DJ-A1QN-01A,1.0,0.0,0.0,0.0,0.0
13,39661529,+,19,22162991,+,THCA,1003,TCGA-DJ-A1QN-01A,TCGA-DJ-A1QN-01A,1.0,0.0,0.0,0.0,0.0
13,77684072,+,13,78154457,-,THCA,1004,TCGA-DJ-A1QN-01A,TCGA-DJ-A1QN-01A,1.0,0.0,0.0,0.0,0.0
2,92339164,+,2,94155868,-,THCA,1005,TCGA-DJ-A1QN-01A,TCGA-DJ-A1QN-01A,1.0,0.0,0.0,0.0,0.0
20,26485435,+,20,26494908,-,THCA,1006,TCGA-DJ-A1QN-01A,TCGA-DJ-A1QN-01A,1.0,0.0,0.0,0.0,0.0
3,32173008,-,13,45109994,-,THCA,1007,TCGA-DJ-A1QN-01A,TCGA-DJ-A1QN-01A,1.0,0.0,0.0,0.0,0.0
3,59363269,-,6,140037925,+,THCA,1008,TCGA-DJ-A1QN-01A,TCGA-DJ-A1QN-01A,1.0,0.0,0.0,0.0,0.0
3,59739882,-,8,89011902,+,THCA,1009,TCGA-DJ-A1QN-01A,TCGA-DJ-A1QN-01A,1.0,0.0,0.0,0.0,0.0
3,91019057,+,3,91108078,-,THCA,1010,TCGA-DJ-A1QN-01A,TCGA-DJ-A1QN-01A,1.0,0.0,0.0,0.0,0.0
4,49769855,-,4,50206263,+,THCA,1011,TCGA-DJ-A1QN-01A,TCGA-DJ-A1QN-01A,1.0,0.0,0.0,0.0,0.0
5,1021595,-,22,23343578,+,THCA,1012,TCGA-DJ-A1QN-01A,TCGA-DJ-A1QN-01A,1.0,0.0,0.0,0.0,0.0
5,1022320,+,19,22162952,-,THCA,1013,TCGA-DJ-A1QN-01A,TCGA-DJ-A1QN-01A,1.0,0.0,0.0,0.0,0.0
5,1026139,+,19,22162952,-,THCA,1014,TCGA-DJ-A1QN-01A,TCGA-DJ-A1QN-01A,1.0,0.0,0.0,0.0,0.0
12,34775557,-,12,34818017,+,THCA,1015,TCGA-DJ-A1QO-01A,TCGA-DJ-A1QO-01A,1.0,0.0,0.0,0.0,0.0
12,90090779,-,12,90093149,+,THCA,1016,TCGA-DJ-A1QO-01A,TCGA-DJ-A1QO-01A,1.0,0.0,0.0,0.0,0.0
19,18469063,+,19,18469674,-,THCA,1017,TCGA-DJ-A1QO-01A,TCGA-DJ-A1QO-01A,1.0,0.0,0.0,0.0,0.0
3,110073211,+,18,59705539,+,THCA,1018,TCGA-DJ-A1QO-01A,TCGA-DJ-A1QO-01A,1.0,0.0,0.0,0.0,0.0
4,91998974,-,10,39265501,-,THCA,1019,TCGA-DJ-A1QO-01A,TCGA-DJ-A1QO-01A,1.0,0.0,0.0,0.0,0.0
8,42901766,+,8,42902304,-,THCA,1020,TCGA-DJ-A1QO-01A,TCGA-DJ-A1QO-01A,1.0,0.0,0.0,0.0,0.0
13,16911868,-,13,17268515,+,THCA,1021,TCGA-DJ-A1QQ-01A,TCGA-DJ-A1QQ-01A,1.0,0.0,0.0,0.0,0.0
2,37862166,+,3,60441781,-,THCA,1022,TCGA-DJ-A1QQ-01A,TCGA-DJ-A1QQ-01A,1.0,0.0,0.0,0.0,0.0
3,92489565,+,3,93339048,-,THCA,1023,TCGA-DJ-A1QQ-01A,TCGA-DJ-A1QQ-01A,1.0,0.0,0.0,0.0,0.0
8,92495327,-,10,56481529,+,THCA,1024,TCGA-DJ-A1QQ-01A,TCGA-DJ-A1QQ-01A,1.0,0.0,0.0,0.0,0.0
13,16586638,+,13,16678927,-,THCA,1025,TCGA-DJ-A2PN-01A,TCGA-DJ-A2PN-01A,1.0,0.0,0.0,0.0,0.0
13,17005367,-,13,17107805,+,THCA,1026,TCGA-DJ-A2PN-01A,TCGA-DJ-A2PN-01A,1.0,0.0,0.0,0.0,0.0
18,15653792,-,18,15679640,+,THCA,1027,TCGA-DJ-A2PN-01A,TCGA-DJ-A2PN-01A,1.0,0.0,0.0,0.0,0.0
23,141909830,+,23,142193068,+,THCA,1028,TCGA-DJ-A2PN-01A,TCGA-DJ-A2PN-01A,1.0,0.0,0.0,0.0,0.0
1,122173012,-,1,122191472,+,THCA,1029,TCGA-DJ-A2PO-01A,TCGA-DJ-A2PO-01A,1.0,0.0,0.0,0.0,0.0
13,86498059,+,13,86499004,+,THCA,1030,TCGA-DJ-A2PO-01A,TCGA-DJ-A2PO-01A,1.0,0.0,0.0,0.0,0.0
18,18406849,-,18,19518479,+,THCA,1031,TCGA-DJ-A2PO-01A,TCGA-DJ-A2PO-01A,1.0,0.0,0.0,0.0,0.0
20,23401148,-,22,32682069,+,THCA,1032,TCGA-DJ-A2PO-01A,TCGA-DJ-A2PO-01A,1.0,0.0,0.0,0.0,0.0
3,25897270,-,16,19321817,+,THCA,1033,TCGA-DJ-A2PO-01A,TCGA-DJ-A2PO-01A,1.0,0.0,0.0,0.0,0.0
5,180384271,+,5,180384868,-,THCA,1034,TCGA-DJ-A2PO-01A,TCGA-DJ-A2PO-01A,1.0,0.0,0.0,0.0,0.0
7,152241328,-,13,18329479,-,THCA,1035,TCGA-DJ-A2PO-01A,TCGA-DJ-A2PO-01A,1.0,0.0,0.0,0.0,0.0
8,13622531,+,23,135115029,+,THCA,1036,TCGA-DJ-A2PO-01A,TCGA-DJ-A2PO-01A,1.0,0.0,0.0,0.0,0.0
1,241705597,+,8,67673382,+,THCA,1037,TCGA-DJ-A2PP-01A,TCGA-DJ-A2PP-01A,1.0,0.0,0.0,0.0,0.0
12,34832484,-,12,37250728,+,THCA,1038,TCGA-DJ-A2PP-01A,TCGA-DJ-A2PP-01A,1.0,0.0,0.0,0.0,0.0
15,17506847,+,15,18046810,-,THCA,1039,TCGA-DJ-A2PP-01A,TCGA-DJ-A2PP-01A,1.0,0.0,0.0,0.0,0.0
18,15653773,-,18,15679652,+,THCA,1040,TCGA-DJ-A2PP-01A,TCGA-DJ-A2PP-01A,1.0,0.0,0.0,0.0,0.0
5,49671784,+,5,49694488,-,THCA,1041,TCGA-DJ-A2PP-01A,TCGA-DJ-A2PP-01A,1.0,0.0,0.0,0.0,0.0
7,152394698,+,21,10416761,+,THCA,1042,TCGA-DJ-A2PP-01A,TCGA-DJ-A2PP-01A,1.0,0.0,0.0,0.0,0.0
8,44984194,-,8,45059288,+,THCA,1043,TCGA-DJ-A2PP-01A,TCGA-DJ-A2PP-01A,1.0,0.0,0.0,0.0,0.0
11,54368900,-,11,54549362,+,THCA,1044,TCGA-DJ-A2PQ-01A,TCGA-DJ-A2PQ-01A,1.0,0.0,0.0,0.0,0.0
12,36944437,-,12,37148833,+,THCA,1045,TCGA-DJ-A2PQ-01A,TCGA-DJ-A2PQ-01A,1.0,0.0,0.0,0.0,0.0
18,15511886,+,18,15685556,-,THCA,1046,TCGA-DJ-A2PQ-01A,TCGA-DJ-A2PQ-01A,1.0,0.0,0.0,0.0,0.0
18,15730033,-,18,20640836,+,THCA,1047,TCGA-DJ-A2PQ-01A,TCGA-DJ-A2PQ-01A,1.0,0.0,0.0,0.0,0.0
2,169538407,+,2,169538998,-,THCA,1048,TCGA-DJ-A2PQ-01A,TCGA-DJ-A2PQ-01A,1.0,0.0,0.0,0.0,0.0
3,89012495,+,6,127543715,-,THCA,1049,TCGA-DJ-A2PQ-01A,TCGA-DJ-A2PQ-01A,1.0,0.0,0.0,0.0,0.0
3,188613315,+,14,66841051,+,THCA,1050,TCGA-DJ-A2PQ-01A,TCGA-DJ-A2PQ-01A,1.0,0.0,0.0,0.0,0.0
4,156013888,+,20,4118984,+,THCA,1051,TCGA-DJ-A2PQ-01A,TCGA-DJ-A2PQ-01A,1.0,0.0,0.0,0.0,0.0
6,106720864,+,6,106723415,+,THCA,1052,TCGA-DJ-A2PQ-01A,TCGA-DJ-A2PQ-01A,1.0,0.0,0.0,0.0,0.0
8,121970075,-,11,34877953,+,THCA,1053,TCGA-DJ-A2PQ-01A,TCGA-DJ-A2PQ-01A,1.0,0.0,0.0,0.0,0.0
1,122262465,+,1,122348343,-,THCA,1054,TCGA-DJ-A2PR-01A,TCGA-DJ-A2PR-01A,1.0,0.0,0.0,0.0,0.0
11,53559025,-,11,53661745,+,THCA,1055,TCGA-DJ-A2PR-01A,TCGA-DJ-A2PR-01A,1.0,0.0,0.0,0.0,0.0
11,54378132,-,11,54380216,+,THCA,1056,TCGA-DJ-A2PR-01A,TCGA-DJ-A2PR-01A,1.0,0.0,0.0,0.0,0.0
14,102099324,+,14,102099927,-,THCA,1057,TCGA-DJ-A2PR-01A,TCGA-DJ-A2PR-01A,1.0,0.0,0.0,0.0,0.0
15,67167004,+,15,67167674,-,THCA,1058,TCGA-DJ-A2PR-01A,TCGA-DJ-A2PR-01A,1.0,0.0,0.0,0.0,0.0
18,15355972,+,22,16107053,+,THCA,1059,TCGA-DJ-A2PR-01A,TCGA-DJ-A2PR-01A,1.0,0.0,0.0,0.0,0.0
19,55035854,+,19,55036456,-,THCA,1060,TCGA-DJ-A2PR-01A,TCGA-DJ-A2PR-01A,1.0,0.0,0.0,0.0,0.0
3,71397100,-,22,16523462,+,THCA,1061,TCGA-DJ-A2PR-01A,TCGA-DJ-A2PR-01A,1.0,0.0,0.0,0.0,0.0
5,46610901,-,5,46715673,+,THCA,1062,TCGA-DJ-A2PR-01A,TCGA-DJ-A2PR-01A,1.0,0.0,0.0,0.0,0.0
6,58055882,-,6,60810246,+,THCA,1063,TCGA-DJ-A2PR-01A,TCGA-DJ-A2PR-01A,1.0,0.0,0.0,0.0,0.0
1,152103866,-,23,89128134,-,THCA,1064,TCGA-DJ-A2PS-01A,TCGA-DJ-A2PS-01A,1.0,0.0,0.0,0.0,0.0
18,15537703,-,18,15597089,+,THCA,1065,TCGA-DJ-A2PS-01A,TCGA-DJ-A2PS-01A,1.0,0.0,0.0,0.0,0.0
7,39799641,-,7,51381018,-,THCA,1066,TCGA-DJ-A2PS-01A,TCGA-DJ-A2PS-01A,1.0,0.0,0.0,0.0,0.0
9,37852957,+,17,2338789,+,THCA,1067,TCGA-DJ-A2PS-01A,TCGA-DJ-A2PS-01A,1.0,0.0,0.0,0.0,0.0
11,57076417,+,16,83191459,-,THCA,1068,TCGA-DJ-A2PT-01A,TCGA-DJ-A2PT-01A,1.0,0.0,0.0,0.0,0.0
13,18517435,+,21,13145721,-,THCA,1069,TCGA-DJ-A2PT-01A,TCGA-DJ-A2PT-01A,1.0,0.0,0.0,0.0,0.0
14,19668061,-,22,15574235,-,THCA,1070,TCGA-DJ-A2PT-01A,TCGA-DJ-A2PT-01A,1.0,0.0,0.0,0.0,0.0
17,50195255,+,17,50195948,-,THCA,1071,TCGA-DJ-A2PT-01A,TCGA-DJ-A2PT-01A,1.0,0.0,0.0,0.0,0.0
3,63632260,+,20,14619452,-,THCA,1072,TCGA-DJ-A2PT-01A,TCGA-DJ-A2PT-01A,1.0,0.0,0.0,0.0,0.0
6,134682393,+,6,134683007,-,THCA,1073,TCGA-DJ-A2PT-01A,TCGA-DJ-A2PT-01A,1.0,0.0,0.0,0.0,0.0
23,152708336,+,23,152727751,-,THCA,1074,TCGA-DJ-A2PT-01A,TCGA-DJ-A2PT-01A,1.0,0.0,0.0,0.0,0.0
14,51178175,-,15,95749182,+,THCA,1075,TCGA-DJ-A2PU-01A,TCGA-DJ-A2PU-01A,1.0,0.0,0.0,0.0,0.0
2,92316634,+,2,92733420,-,THCA,1076,TCGA-DJ-A2PU-01A,TCGA-DJ-A2PU-01A,1.0,0.0,0.0,0.0,0.0
4,105043538,-,15,88315183,+,THCA,1077,TCGA-DJ-A2PU-01A,TCGA-DJ-A2PU-01A,1.0,0.0,0.0,0.0,0.0
19,30007638,+,19,30011093,-,THCA,1078,TCGA-DJ-A2PV-01A,TCGA-DJ-A2PV-01A,1.0,0.0,0.0,0.0,0.0
6,158332211,-,8,102854626,+,THCA,1079,TCGA-DJ-A2PV-01A,TCGA-DJ-A2PV-01A,1.0,0.0,0.0,0.0,0.0
7,7361753,+,8,117256891,-,THCA,1080,TCGA-DJ-A2PV-01A,TCGA-DJ-A2PV-01A,1.0,0.0,0.0,0.0,0.0
7,61447834,+,7,61513653,-,THCA,1081,TCGA-DJ-A2PV-01A,TCGA-DJ-A2PV-01A,1.0,0.0,0.0,0.0,0.0
7,71321839,-,18,50297228,-,THCA,1082,TCGA-DJ-A2PV-01A,TCGA-DJ-A2PV-01A,1.0,0.0,0.0,0.0,0.0
20,25559552,-,20,25559723,+,THCA,1083,TCGA-DJ-A2PW-01A,TCGA-DJ-A2PW-01A,1.0,0.0,0.0,0.0,0.0
4,299117,-,23,148581156,+,THCA,1084,TCGA-DJ-A2PW-01A,TCGA-DJ-A2PW-01A,1.0,0.0,0.0,0.0,0.0
4,93984940,+,14,44677552,-,THCA,1085,TCGA-DJ-A2PW-01A,TCGA-DJ-A2PW-01A,1.0,0.0,0.0,0.0,0.0
5,49684695,+,5,49690207,-,THCA,1086,TCGA-DJ-A2PW-01A,TCGA-DJ-A2PW-01A,1.0,0.0,0.0,0.0,0.0
20,25922566,+,20,29638906,+,THCA,1087,TCGA-DJ-A2PX-01A,TCGA-DJ-A2PX-01A,1.0,0.0,0.0,0.0,0.0
4,50287270,+,4,51514552,-,THCA,1088,TCGA-DJ-A2PX-01A,TCGA-DJ-A2PX-01A,1.0,0.0,0.0,0.0,0.0
7,140794524,+,7,141559839,+,THCA,1089,TCGA-DJ-A2PX-01A,TCGA-DJ-A2PX-01A,1.0,0.0,0.0,0.0,0.0
7,140794527,-,7,141559844,-,THCA,1090,TCGA-DJ-A2PX-01A,TCGA-DJ-A2PX-01A,1.0,0.0,0.0,0.0,0.0
6,64085341,-,6,152297781,-,THCA,1091,TCGA-DJ-A2PY-01A,TCGA-DJ-A2PY-01A,1.0,0.0,0.0,0.0,0.0
1,35674431,+,1,35675048,-,THCA,1092,TCGA-DJ-A2PZ-01A,TCGA-DJ-A2PZ-01A,1.0,0.0,0.0,0.0,0.0
1,51376646,+,1,51377230,-,THCA,1093,TCGA-DJ-A2PZ-01A,TCGA-DJ-A2PZ-01A,1.0,0.0,0.0,0.0,0.0
13,34294484,-,13,34294583,+,THCA,1094,TCGA-DJ-A2PZ-01A,TCGA-DJ-A2PZ-01A,1.0,0.0,0.0,0.0,0.0
6,133968114,+,6,133968781,-,THCA,1095,TCGA-DJ-A2PZ-01A,TCGA-DJ-A2PZ-01A,1.0,0.0,0.0,0.0,0.0
8,7973960,+,8,12134492,-,THCA,1096,TCGA-DJ-A2PZ-01A,TCGA-DJ-A2PZ-01A,1.0,0.0,0.0,0.0,0.0
8,101484130,+,8,101484723,-,THCA,1097,TCGA-DJ-A2PZ-01A,TCGA-DJ-A2PZ-01A,1.0,0.0,0.0,0.0,0.0
23,141242814,+,23,141585035,-,THCA,1098,TCGA-DJ-A2PZ-01A,TCGA-DJ-A2PZ-01A,1.0,0.0,0.0,0.0,0.0
10,86467840,+,10,86468471,-,THCA,1099,TCGA-DJ-A2Q0-01A,TCGA-DJ-A2Q0-01A,1.0,0.0,0.0,0.0,0.0
16,37962187,-,16,38120805,+,THCA,1100,TCGA-DJ-A2Q0-01A,TCGA-DJ-A2Q0-01A,1.0,0.0,0.0,0.0,0.0
17,22875209,+,17,23042607,-,THCA,1101,TCGA-DJ-A2Q0-01A,TCGA-DJ-A2Q0-01A,1.0,0.0,0.0,0.0,0.0
18,44990489,+,18,44991119,-,THCA,1102,TCGA-DJ-A2Q0-01A,TCGA-DJ-A2Q0-01A,1.0,0.0,0.0,0.0,0.0
2,23720504,+,3,128368380,-,THCA,1103,TCGA-DJ-A2Q0-01A,TCGA-DJ-A2Q0-01A,1.0,0.0,0.0,0.0,0.0
2,132522831,+,2,132535357,-,THCA,1104,TCGA-DJ-A2Q0-01A,TCGA-DJ-A2Q0-01A,1.0,0.0,0.0,0.0,0.0
5,49728378,+,5,49827110,-,THCA,1105,TCGA-DJ-A2Q0-01A,TCGA-DJ-A2Q0-01A,1.0,0.0,0.0,0.0,0.0
6,29889570,+,6,29944253,-,THCA,1106,TCGA-DJ-A2Q0-01A,TCGA-DJ-A2Q0-01A,1.0,0.0,0.0,0.0,0.0
1,73944406,-,1,75518562,-,THCA,1107,TCGA-DJ-A2Q1-01A,TCGA-DJ-A2Q1-01A,1.0,0.0,0.0,0.0,0.0
1,74126094,+,1,74147099,-,THCA,1108,TCGA-DJ-A2Q1-01A,TCGA-DJ-A2Q1-01A,1.0,0.0,0.0,0.0,0.0
1,74711013,+,1,75099088,-,THCA,1109,TCGA-DJ-A2Q1-01A,TCGA-DJ-A2Q1-01A,1.0,0.0,0.0,0.0,0.0
1,74928818,+,1,75441877,-,THCA,1110,TCGA-DJ-A2Q1-01A,TCGA-DJ-A2Q1-01A,1.0,0.0,0.0,0.0,0.0
1,124808959,-,1,124813497,+,THCA,1111,TCGA-DJ-A2Q1-01A,TCGA-DJ-A2Q1-01A,1.0,0.0,0.0,0.0,0.0
10,43116278,+,10,55801742,-,THCA,1112,TCGA-DJ-A2Q1-01A,TCGA-DJ-A2Q1-01A,1.0,0.0,0.0,0.0,0.0
10,43116384,-,10,59871237,-,THCA,1113,TCGA-DJ-A2Q1-01A,TCGA-DJ-A2Q1-01A,1.0,0.0,0.0,0.0,0.0
10,55801348,+,10,59871383,+,THCA,1114,TCGA-DJ-A2Q1-01A,TCGA-DJ-A2Q1-01A,1.0,0.0,0.0,0.0,0.0
11,118764838,+,16,87860354,-,THCA,1115,TCGA-DJ-A2Q1-01A,TCGA-DJ-A2Q1-01A,1.0,0.0,0.0,0.0,0.0
2,30642906,+,6,54209773,-,THCA,1116,TCGA-DJ-A2Q1-01A,TCGA-DJ-A2Q1-01A,1.0,0.0,0.0,0.0,0.0
2,95424306,-,2,113294772,-,THCA,1117,TCGA-DJ-A2Q1-01A,TCGA-DJ-A2Q1-01A,1.0,0.0,0.0,0.0,0.0
20,22430733,-,20,22629671,-,THCA,1118,TCGA-DJ-A2Q1-01A,TCGA-DJ-A2Q1-01A,1.0,0.0,0.0,0.0,0.0
22,41091731,+,22,41092235,-,THCA,1119,TCGA-DJ-A2Q1-01A,TCGA-DJ-A2Q1-01A,1.0,0.0,0.0,0.0,0.0
3,181943875,+,9,86251915,-,THCA,1120,TCGA-DJ-A2Q1-01A,TCGA-DJ-A2Q1-01A,1.0,0.0,0.0,0.0,0.0
4,108304208,+,14,46370178,+,THCA,1121,TCGA-DJ-A2Q1-01A,TCGA-DJ-A2Q1-01A,1.0,0.0,0.0,0.0,0.0
5,47258968,+,5,47262025,-,THCA,1122,TCGA-DJ-A2Q1-01A,TCGA-DJ-A2Q1-01A,1.0,0.0,0.0,0.0,0.0
5,49611709,+,5,49613875,-,THCA,1123,TCGA-DJ-A2Q1-01A,TCGA-DJ-A2Q1-01A,1.0,0.0,0.0,0.0,0.0
5,69055519,-,23,87210975,-,THCA,1124,TCGA-DJ-A2Q1-01A,TCGA-DJ-A2Q1-01A,1.0,0.0,0.0,0.0,0.0
9,21127611,+,15,20196456,+,THCA,1125,TCGA-DJ-A2Q1-01A,TCGA-DJ-A2Q1-01A,1.0,0.0,0.0,0.0,0.0
9,39606008,-,9,42359615,+,THCA,1126,TCGA-DJ-A2Q1-01A,TCGA-DJ-A2Q1-01A,1.0,0.0,0.0,0.0,0.0
23,3036569,+,23,63625851,+,THCA,1127,TCGA-DJ-A2Q1-01A,TCGA-DJ-A2Q1-01A,1.0,0.0,0.0,0.0,0.0
1,123747024,+,1,124495170,-,THCA,1128,TCGA-DJ-A2Q2-01A,TCGA-DJ-A2Q2-01A,1.0,0.0,0.0,0.0,0.0
10,16645948,-,16,17098150,+,THCA,1129,TCGA-DJ-A2Q2-01A,TCGA-DJ-A2Q2-01A,1.0,0.0,0.0,0.0,0.0
11,54919310,+,23,58406927,+,THCA,1130,TCGA-DJ-A2Q2-01A,TCGA-DJ-A2Q2-01A,1.0,0.0,0.0,0.0,0.0
13,18800903,-,21,13899411,+,THCA,1131,TCGA-DJ-A2Q2-01A,TCGA-DJ-A2Q2-01A,1.0,0.0,0.0,0.0,0.0
15,20182608,+,15,21189157,-,THCA,1132,TCGA-DJ-A2Q2-01A,TCGA-DJ-A2Q2-01A,1.0,0.0,0.0,0.0,0.0
3,59739923,-,8,89011861,+,THCA,1133,TCGA-DJ-A2Q2-01A,TCGA-DJ-A2Q2-01A,1.0,0.0,0.0,0.0,0.0
3,155886597,+,9,26846990,-,THCA,1134,TCGA-DJ-A2Q2-01A,TCGA-DJ-A2Q2-01A,1.0,0.0,0.0,0.0,0.0
4,189484356,+,10,6801837,-,THCA,1135,TCGA-DJ-A2Q2-01A,TCGA-DJ-A2Q2-01A,1.0,0.0,0.0,0.0,0.0
9,10488058,-,15,83236820,+,THCA,1136,TCGA-DJ-A2Q2-01A,TCGA-DJ-A2Q2-01A,1.0,0.0,0.0,0.0,0.0
9,90855719,+,15,41656344,+,THCA,1137,TCGA-DJ-A2Q2-01A,TCGA-DJ-A2Q2-01A,1.0,0.0,0.0,0.0,0.0
1,15502928,-,7,148936249,+,THCA,1138,TCGA-DJ-A2Q3-01A,TCGA-DJ-A2Q3-01A,1.0,0.0,0.0,0.0,0.0
1,232733514,-,8,108318934,+,THCA,1139,TCGA-DJ-A2Q3-01A,TCGA-DJ-A2Q3-01A,1.0,0.0,0.0,0.0,0.0
1,245991841,+,1,245992890,-,THCA,1140,TCGA-DJ-A2Q3-01A,TCGA-DJ-A2Q3-01A,1.0,0.0,0.0,0.0,0.0
11,54346607,+,11,54421034,-,THCA,1141,TCGA-DJ-A2Q3-01A,TCGA-DJ-A2Q3-01A,1.0,0.0,0.0,0.0,0.0
12,13351753,+,23,87968878,-,THCA,1142,TCGA-DJ-A2Q3-01A,TCGA-DJ-A2Q3-01A,1.0,0.0,0.0,0.0,0.0
13,16290767,-,13,16571385,+,THCA,1143,TCGA-DJ-A2Q3-01A,TCGA-DJ-A2Q3-01A,1.0,0.0,0.0,0.0,0.0
18,15684442,-,18,15702568,+,THCA,1144,TCGA-DJ-A2Q3-01A,TCGA-DJ-A2Q3-01A,1.0,0.0,0.0,0.0,0.0
18,20802499,+,18,20831928,+,THCA,1145,TCGA-DJ-A2Q3-01A,TCGA-DJ-A2Q3-01A,1.0,0.0,0.0,0.0,0.0
3,25897300,-,16,19321833,+,THCA,1146,TCGA-DJ-A2Q3-01A,TCGA-DJ-A2Q3-01A,1.0,0.0,0.0,0.0,0.0
3,138896261,+,3,138896835,-,THCA,1147,TCGA-DJ-A2Q3-01A,TCGA-DJ-A2Q3-01A,1.0,0.0,0.0,0.0,0.0
4,299140,-,23,148581081,+,THCA,1148,TCGA-DJ-A2Q3-01A,TCGA-DJ-A2Q3-01A,1.0,0.0,0.0,0.0,0.0
4,53215080,+,4,67269602,-,THCA,1149,TCGA-DJ-A2Q3-01A,TCGA-DJ-A2Q3-01A,1.0,0.0,0.0,0.0,0.0
6,61370554,+,6,61379457,-,THCA,1150,TCGA-DJ-A2Q3-01A,TCGA-DJ-A2Q3-01A,1.0,0.0,0.0,0.0,0.0
9,36133072,-,11,55473149,+,THCA,1151,TCGA-DJ-A2Q3-01A,TCGA-DJ-A2Q3-01A,1.0,0.0,0.0,0.0,0.0
23,115721139,+,23,115838967,-,THCA,1152,TCGA-DJ-A2Q3-01A,TCGA-DJ-A2Q3-01A,1.0,0.0,0.0,0.0,0.0
1,31158815,+,1,31159482,-,THCA,1153,TCGA-DJ-A2Q4-01A,TCGA-DJ-A2Q4-01A,1.0,0.0,0.0,0.0,0.0
10,39518087,+,10,39523037,-,THCA,1154,TCGA-DJ-A2Q4-01A,TCGA-DJ-A2Q4-01A,1.0,0.0,0.0,0.0,0.0
11,53193462,-,11,54014452,+,THCA,1155,TCGA-DJ-A2Q4-01A,TCGA-DJ-A2Q4-01A,1.0,0.0,0.0,0.0,0.0
13,18665200,-,21,13762163,+,THCA,1156,TCGA-DJ-A2Q4-01A,TCGA-DJ-A2Q4-01A,1.0,0.0,0.0,0.0,0.0
2,95424305,-,2,113294780,-,THCA,1157,TCGA-DJ-A2Q4-01A,TCGA-DJ-A2Q4-01A,1.0,0.0,0.0,0.0,0.0
3,75642722,-,20,29443889,-,THCA,1158,TCGA-DJ-A2Q4-01A,TCGA-DJ-A2Q4-01A,1.0,0.0,0.0,0.0,0.0
3,155814109,-,3,155945051,-,THCA,1159,TCGA-DJ-A2Q4-01A,TCGA-DJ-A2Q4-01A,1.0,0.0,0.0,0.0,0.0
3,90912588,+,3,91010862,-,THCA,1160,TCGA-DJ-A2Q5-01A,TCGA-DJ-A2Q5-01A,1.0,0.0,0.0,0.0,0.0
4,188063460,+,4,188064039,-,THCA,1161,TCGA-DJ-A2Q5-01A,TCGA-DJ-A2Q5-01A,1.0,0.0,0.0,0.0,0.0
5,62201680,+,9,128326998,-,THCA,1162,TCGA-DJ-A2Q5-01A,TCGA-DJ-A2Q5-01A,1.0,0.0,0.0,0.0,0.0
1,122173017,-,1,122191517,+,THCA,1163,TCGA-DJ-A2Q6-01A,TCGA-DJ-A2Q6-01A,1.0,0.0,0.0,0.0,0.0
10,121862348,+,12,45625984,-,THCA,1164,TCGA-DJ-A2Q6-01A,TCGA-DJ-A2Q6-01A,1.0,0.0,0.0,0.0,0.0
2,92998204,+,2,93602497,-,THCA,1165,TCGA-DJ-A2Q6-01A,TCGA-DJ-A2Q6-01A,1.0,0.0,0.0,0.0,0.0
3,157972151,-,5,18435581,+,THCA,1166,TCGA-DJ-A2Q6-01A,TCGA-DJ-A2Q6-01A,1.0,0.0,0.0,0.0,0.0
7,48481749,+,11,92183709,+,THCA,1167,TCGA-DJ-A2Q6-01A,TCGA-DJ-A2Q6-01A,1.0,0.0,0.0,0.0,0.0
8,8526090,-,16,19321599,-,THCA,1168,TCGA-DJ-A2Q6-01A,TCGA-DJ-A2Q6-01A,1.0,0.0,0.0,0.0,0.0
1,55843993,-,4,105044140,+,THCA,1169,TCGA-DJ-A2Q7-01A,TCGA-DJ-A2Q7-01A,1.0,0.0,0.0,0.0,0.0
10,131257670,+,10,131258170,-,THCA,1170,TCGA-DJ-A2Q7-01A,TCGA-DJ-A2Q7-01A,1.0,0.0,0.0,0.0,0.0
17,22970226,-,17,23014567,+,THCA,1171,TCGA-DJ-A2Q7-01A,TCGA-DJ-A2Q7-01A,1.0,0.0,0.0,0.0,0.0
18,20582287,+,18,20640789,+,THCA,1172,TCGA-DJ-A2Q7-01A,TCGA-DJ-A2Q7-01A,1.0,0.0,0.0,0.0,0.0
3,90917587,-,3,91134407,+,THCA,1173,TCGA-DJ-A2Q7-01A,TCGA-DJ-A2Q7-01A,1.0,0.0,0.0,0.0,0.0
3,91193070,+,3,91249861,+,THCA,1174,TCGA-DJ-A2Q7-01A,TCGA-DJ-A2Q7-01A,1.0,0.0,0.0,0.0,0.0
7,2370241,+,7,2370814,-,THCA,1175,TCGA-DJ-A2Q7-01A,TCGA-DJ-A2Q7-01A,1.0,0.0,0.0,0.0,0.0
1,124797421,-,1,124806696,+,THCA,1176,TCGA-DJ-A2Q8-01A,TCGA-DJ-A2Q8-01A,1.0,0.0,0.0,0.0,0.0
10,85563149,-,15,71959006,+,THCA,1177,TCGA-DJ-A2Q8-01A,TCGA-DJ-A2Q8-01A,1.0,0.0,0.0,0.0,0.0
10,85563183,+,15,71959027,-,THCA,1178,TCGA-DJ-A2Q8-01A,TCGA-DJ-A2Q8-01A,1.0,0.0,0.0,0.0,0.0
13,17552577,+,13,17767296,-,THCA,1179,TCGA-DJ-A2Q8-01A,TCGA-DJ-A2Q8-01A,1.0,0.0,0.0,0.0,0.0
17,78455518,-,22,50065139,+,THCA,1180,TCGA-DJ-A2Q8-01A,TCGA-DJ-A2Q8-01A,1.0,0.0,0.0,0.0,0.0
3,7656548,-,23,93508596,+,THCA,1181,TCGA-DJ-A2Q8-01A,TCGA-DJ-A2Q8-01A,1.0,0.0,0.0,0.0,0.0
3,90862834,-,3,90958143,+,THCA,1182,TCGA-DJ-A2Q8-01A,TCGA-DJ-A2Q8-01A,1.0,0.0,0.0,0.0,0.0
3,91137051,+,3,91165987,-,THCA,1183,TCGA-DJ-A2Q8-01A,TCGA-DJ-A2Q8-01A,1.0,0.0,0.0,0.0,0.0
3,91438824,+,6,57584062,+,THCA,1184,TCGA-DJ-A2Q8-01A,TCGA-DJ-A2Q8-01A,1.0,0.0,0.0,0.0,0.0
7,138530828,+,7,140793745,+,THCA,1185,TCGA-DJ-A2Q8-01A,TCGA-DJ-A2Q8-01A,1.0,0.0,0.0,0.0,0.0
7,138610467,-,7,140850124,-,THCA,1186,TCGA-DJ-A2Q8-01A,TCGA-DJ-A2Q8-01A,1.0,0.0,0.0,0.0,0.0
1,122076407,-,1,122122011,+,THCA,1187,TCGA-DJ-A2Q9-01A,TCGA-DJ-A2Q9-01A,1.0,0.0,0.0,0.0,0.0
1,225666979,-,8,80072318,-,THCA,1188,TCGA-DJ-A2Q9-01A,TCGA-DJ-A2Q9-01A,1.0,0.0,0.0,0.0,0.0
12,56083260,+,12,56083912,-,THCA,1189,TCGA-DJ-A2Q9-01A,TCGA-DJ-A2Q9-01A,1.0,0.0,0.0,0.0,0.0
14,68795269,+,23,117931872,-,THCA,1190,TCGA-DJ-A2Q9-01A,TCGA-DJ-A2Q9-01A,1.0,0.0,0.0,0.0,0.0
16,25682371,+,16,25682912,-,THCA,1191,TCGA-DJ-A2Q9-01A,TCGA-DJ-A2Q9-01A,1.0,0.0,0.0,0.0,0.0
19,14090238,+,22,20449663,-,THCA,1192,TCGA-DJ-A2Q9-01A,TCGA-DJ-A2Q9-01A,1.0,0.0,0.0,0.0,0.0
6,34903396,+,6,34903852,-,THCA,1193,TCGA-DJ-A2Q9-01A,TCGA-DJ-A2Q9-01A,1.0,0.0,0.0,0.0,0.0
2,11587695,-,7,92018442,+,THCA,1194,TCGA-DJ-A2QA-01A,TCGA-DJ-A2QA-01A,1.0,0.0,0.0,0.0,0.0
2,196278133,-,11,26365948,-,THCA,1195,TCGA-DJ-A2QA-01A,TCGA-DJ-A2QA-01A,1.0,0.0,0.0,0.0,0.0
4,48659928,-,10,7566886,+,THCA,1196,TCGA-DJ-A2QA-01A,TCGA-DJ-A2QA-01A,1.0,0.0,0.0,0.0,0.0
6,127543730,+,10,23817968,-,THCA,1197,TCGA-DJ-A2QA-01A,TCGA-DJ-A2QA-01A,1.0,0.0,0.0,0.0,0.0
7,59187484,-,7,60121619,+,THCA,1198,TCGA-DJ-A2QA-01A,TCGA-DJ-A2QA-01A,1.0,0.0,0.0,0.0,0.0
7,152612303,-,9,104521804,-,THCA,1199,TCGA-DJ-A2QA-01A,TCGA-DJ-A2QA-01A,1.0,0.0,0.0,0.0,0.0
1,48646514,-,10,103278904,-,THCA,1200,TCGA-DJ-A2QB-01A,TCGA-DJ-A2QB-01A,1.0,0.0,0.0,0.0,0.0
1,123021852,-,1,124781232,+,THCA,1201,TCGA-DJ-A2QB-01A,TCGA-DJ-A2QB-01A,1.0,0.0,0.0,0.0,0.0
12,35045510,+,12,35811572,-,THCA,1202,TCGA-DJ-A2QB-01A,TCGA-DJ-A2QB-01A,1.0,0.0,0.0,0.0,0.0
15,24243615,-,15,24384022,+,THCA,1203,TCGA-DJ-A2QB-01A,TCGA-DJ-A2QB-01A,1.0,0.0,0.0,0.0,0.0
17,22822530,-,17,23180791,+,THCA,1204,TCGA-DJ-A2QB-01A,TCGA-DJ-A2QB-01A,1.0,0.0,0.0,0.0,0.0
17,23021021,+,17,23161557,-,THCA,1205,TCGA-DJ-A2QB-01A,TCGA-DJ-A2QB-01A,1.0,0.0,0.0,0.0,0.0
17,26609604,+,17,26883214,+,THCA,1206,TCGA-DJ-A2QB-01A,TCGA-DJ-A2QB-01A,1.0,0.0,0.0,0.0,0.0
19,34339446,+,19,34340179,-,THCA,1207,TCGA-DJ-A2QB-01A,TCGA-DJ-A2QB-01A,1.0,0.0,0.0,0.0,0.0
2,75355968,+,3,168211691,-,THCA,1208,TCGA-DJ-A2QB-01A,TCGA-DJ-A2QB-01A,1.0,0.0,0.0,0.0,0.0
2,123234445,-,3,105259578,-,THCA,1209,TCGA-DJ-A2QB-01A,TCGA-DJ-A2QB-01A,1.0,0.0,0.0,0.0,0.0
2,215310239,+,2,215310995,-,THCA,1210,TCGA-DJ-A2QB-01A,TCGA-DJ-A2QB-01A,1.0,0.0,0.0,0.0,0.0
2,218448028,+,2,218448748,-,THCA,1211,TCGA-DJ-A2QB-01A,TCGA-DJ-A2QB-01A,1.0,0.0,0.0,0.0,0.0
20,43095958,+,20,46112040,+,THCA,1212,TCGA-DJ-A2QB-01A,TCGA-DJ-A2QB-01A,1.0,0.0,0.0,0.0,0.0
3,91157142,-,3,91281827,-,THCA,1213,TCGA-DJ-A2QB-01A,TCGA-DJ-A2QB-01A,1.0,0.0,0.0,0.0,0.0
3,91438733,+,6,57584088,+,THCA,1214,TCGA-DJ-A2QB-01A,TCGA-DJ-A2QB-01A,1.0,0.0,0.0,0.0,0.0
3,157972128,-,5,18435604,+,THCA,1215,TCGA-DJ-A2QB-01A,TCGA-DJ-A2QB-01A,1.0,0.0,0.0,0.0,0.0
5,46893593,+,5,46974453,-,THCA,1216,TCGA-DJ-A2QB-01A,TCGA-DJ-A2QB-01A,1.0,0.0,0.0,0.0,0.0
23,6728479,+,24,15205860,-,THCA,1217,TCGA-DJ-A2QB-01A,TCGA-DJ-A2QB-01A,1.0,0.0,0.0,0.0,0.0
1,15502906,-,7,148936230,+,THCA,1218,TCGA-DJ-A2QC-01A,TCGA-DJ-A2QC-01A,1.0,0.0,0.0,0.0,0.0
1,122201157,+,1,122210626,-,THCA,1219,TCGA-DJ-A2QC-01A,TCGA-DJ-A2QC-01A,1.0,0.0,0.0,0.0,0.0
11,54360236,+,11,54405983,-,THCA,1220,TCGA-DJ-A2QC-01A,TCGA-DJ-A2QC-01A,1.0,0.0,0.0,0.0,0.0
13,68228765,+,17,29994160,-,THCA,1221,TCGA-DJ-A2QC-01A,TCGA-DJ-A2QC-01A,1.0,0.0,0.0,0.0,0.0
15,23312014,+,15,28255497,+,THCA,1222,TCGA-DJ-A2QC-01A,TCGA-DJ-A2QC-01A,1.0,0.0,0.0,0.0,0.0
17,23031645,+,17,23081421,-,THCA,1223,TCGA-DJ-A2QC-01A,TCGA-DJ-A2QC-01A,1.0,0.0,0.0,0.0,0.0
2,199256695,-,2,217644118,-,THCA,1224,TCGA-DJ-A2QC-01A,TCGA-DJ-A2QC-01A,1.0,0.0,0.0,0.0,0.0
20,30001077,+,20,30014453,-,THCA,1225,TCGA-DJ-A2QC-01A,TCGA-DJ-A2QC-01A,1.0,0.0,0.0,0.0,0.0
3,91101672,+,3,91158242,-,THCA,1226,TCGA-DJ-A2QC-01A,TCGA-DJ-A2QC-01A,1.0,0.0,0.0,0.0,0.0
3,193579493,-,8,115408390,-,THCA,1227,TCGA-DJ-A2QC-01A,TCGA-DJ-A2QC-01A,1.0,0.0,0.0,0.0,0.0
4,1550326,+,5,50921582,+,THCA,1228,TCGA-DJ-A2QC-01A,TCGA-DJ-A2QC-01A,1.0,0.0,0.0,0.0,0.0
4,51641035,+,4,51721110,-,THCA,1229,TCGA-DJ-A2QC-01A,TCGA-DJ-A2QC-01A,1.0,0.0,0.0,0.0,0.0
5,46685289,+,5,46772119,-,THCA,1230,TCGA-DJ-A2QC-01A,TCGA-DJ-A2QC-01A,1.0,0.0,0.0,0.0,0.0
12,35981501,-,12,36915085,+,THCA,1231,TCGA-DJ-A3UK-01A,TCGA-DJ-A3UK-01A,1.0,0.0,0.0,0.0,0.0
15,57241760,+,15,57242419,-,THCA,1232,TCGA-DJ-A3UK-01A,TCGA-DJ-A3UK-01A,1.0,0.0,0.0,0.0,0.0
18,15678970,-,18,15772375,+,THCA,1233,TCGA-DJ-A3UK-01A,TCGA-DJ-A3UK-01A,1.0,0.0,0.0,0.0,0.0
19,14090084,-,22,20450255,+,THCA,1234,TCGA-DJ-A3UK-01A,TCGA-DJ-A3UK-01A,1.0,0.0,0.0,0.0,0.0
3,15576014,+,3,127824950,-,THCA,1235,TCGA-DJ-A3UK-01A,TCGA-DJ-A3UK-01A,1.0,0.0,0.0,0.0,0.0
9,10208070,-,10,127848853,+,THCA,1236,TCGA-DJ-A3UK-01A,TCGA-DJ-A3UK-01A,1.0,0.0,0.0,0.0,0.0
23,1383973,+,23,1385908,-,THCA,1237,TCGA-DJ-A3UK-01A,TCGA-DJ-A3UK-01A,1.0,0.0,0.0,0.0,0.0
18,15754772,-,18,15785468,+,THCA,1238,TCGA-DJ-A3UM-01A,TCGA-DJ-A3UM-01A,1.0,0.0,0.0,0.0,0.0
2,73345050,+,3,62383952,-,THCA,1239,TCGA-DJ-A3UM-01A,TCGA-DJ-A3UM-01A,1.0,0.0,0.0,0.0,0.0
9,94397089,+,9,96991018,+,THCA,1240,TCGA-DJ-A3UM-01A,TCGA-DJ-A3UM-01A,1.0,0.0,0.0,0.0,0.0
1,75964541,-,5,76848159,-,THCA,1241,TCGA-DJ-A3UN-01A,TCGA-DJ-A3UN-01A,1.0,0.0,0.0,0.0,0.0
1,122229060,-,1,122271409,+,THCA,1242,TCGA-DJ-A3UN-01A,TCGA-DJ-A3UN-01A,1.0,0.0,0.0,0.0,0.0
1,152103807,-,23,89128180,-,THCA,1243,TCGA-DJ-A3UN-01A,TCGA-DJ-A3UN-01A,1.0,0.0,0.0,0.0,0.0
11,78686587,+,13,48370663,+,THCA,1244,TCGA-DJ-A3UN-01A,TCGA-DJ-A3UN-01A,1.0,0.0,0.0,0.0,0.0
13,16290699,-,13,16679214,+,THCA,1245,TCGA-DJ-A3UN-01A,TCGA-DJ-A3UN-01A,1.0,0.0,0.0,0.0,0.0
13,16367966,+,13,17263743,-,THCA,1246,TCGA-DJ-A3UN-01A,TCGA-DJ-A3UN-01A,1.0,0.0,0.0,0.0,0.0
13,18761938,+,21,13867026,-,THCA,1247,TCGA-DJ-A3UN-01A,TCGA-DJ-A3UN-01A,1.0,0.0,0.0,0.0,0.0
14,103646572,+,14,103647256,-,THCA,1248,TCGA-DJ-A3UN-01A,TCGA-DJ-A3UN-01A,1.0,0.0,0.0,0.0,0.0
16,75165084,+,16,75165647,-,THCA,1249,TCGA-DJ-A3UN-01A,TCGA-DJ-A3UN-01A,1.0,0.0,0.0,0.0,0.0
17,23205303,+,17,26574151,-,THCA,1250,TCGA-DJ-A3UN-01A,TCGA-DJ-A3UN-01A,1.0,0.0,0.0,0.0,0.0
2,232337598,-,2,232369896,+,THCA,1251,TCGA-DJ-A3UN-01A,TCGA-DJ-A3UN-01A,1.0,0.0,0.0,0.0,0.0
4,17751867,+,12,47558298,+,THCA,1252,TCGA-DJ-A3UN-01A,TCGA-DJ-A3UN-01A,1.0,0.0,0.0,0.0,0.0
1,122543679,+,1,122609363,-,THCA,1253,TCGA-DJ-A3UO-01A,TCGA-DJ-A3UO-01A,1.0,0.0,0.0,0.0,0.0
1,124795664,+,1,124803350,-,THCA,1254,TCGA-DJ-A3UO-01A,TCGA-DJ-A3UO-01A,1.0,0.0,0.0,0.0,0.0
12,114733151,+,23,62964750,-,THCA,1255,TCGA-DJ-A3UO-01A,TCGA-DJ-A3UO-01A,1.0,0.0,0.0,0.0,0.0
4,75643296,-,11,78346672,-,THCA,1256,TCGA-DJ-A3UO-01A,TCGA-DJ-A3UO-01A,1.0,0.0,0.0,0.0,0.0
5,61210455,-,21,15073967,-,THCA,1257,TCGA-DJ-A3UO-01A,TCGA-DJ-A3UO-01A,1.0,0.0,0.0,0.0,0.0
1,26746901,+,1,26747565,-,THCA,1258,TCGA-DJ-A3UP-01A,TCGA-DJ-A3UP-01A,1.0,0.0,0.0,0.0,0.0
1,121878698,-,1,121886009,+,THCA,1259,TCGA-DJ-A3UP-01A,TCGA-DJ-A3UP-01A,1.0,0.0,0.0,0.0,0.0
11,69206373,-,16,23902723,+,THCA,1260,TCGA-DJ-A3UP-01A,TCGA-DJ-A3UP-01A,1.0,0.0,0.0,0.0,0.0
14,106421600,-,14,106639050,+,THCA,1261,TCGA-DJ-A3UP-01A,TCGA-DJ-A3UP-01A,1.0,0.0,0.0,0.0,0.0
17,23021178,+,17,23161445,-,THCA,1262,TCGA-DJ-A3UP-01A,TCGA-DJ-A3UP-01A,1.0,0.0,0.0,0.0,0.0
20,29720791,-,20,30148709,-,THCA,1263,TCGA-DJ-A3UP-01A,TCGA-DJ-A3UP-01A,1.0,0.0,0.0,0.0,0.0
20,29720911,+,20,30149329,+,THCA,1264,TCGA-DJ-A3UP-01A,TCGA-DJ-A3UP-01A,1.0,0.0,0.0,0.0,0.0
7,4497356,+,7,9621845,-,THCA,1265,TCGA-DJ-A3UP-01A,TCGA-DJ-A3UP-01A,1.0,0.0,0.0,0.0,0.0
7,4497456,-,7,9622009,+,THCA,1266,TCGA-DJ-A3UP-01A,TCGA-DJ-A3UP-01A,1.0,0.0,0.0,0.0,0.0
3,91113725,-,3,91221016,+,THCA,1267,TCGA-DJ-A3UQ-01A,TCGA-DJ-A3UQ-01A,1.0,0.0,0.0,0.0,0.0
7,61381036,+,7,61454763,-,THCA,1268,TCGA-DJ-A3UQ-01A,TCGA-DJ-A3UQ-01A,1.0,0.0,0.0,0.0,0.0
8,120918200,-,11,92412795,+,THCA,1269,TCGA-DJ-A3UQ-01A,TCGA-DJ-A3UQ-01A,1.0,0.0,0.0,0.0,0.0
10,39268563,+,10,41784714,+,THCA,1270,TCGA-DJ-A3UR-01A,TCGA-DJ-A3UR-01A,1.0,0.0,0.0,0.0,0.0
15,18815546,-,15,19640588,+,THCA,1271,TCGA-DJ-A3UR-01A,TCGA-DJ-A3UR-01A,1.0,0.0,0.0,0.0,0.0
19,4725273,+,19,4725823,-,THCA,1272,TCGA-DJ-A3UR-01A,TCGA-DJ-A3UR-01A,1.0,0.0,0.0,0.0,0.0
2,20954357,+,21,41672931,+,THCA,1273,TCGA-DJ-A3UR-01A,TCGA-DJ-A3UR-01A,1.0,0.0,0.0,0.0,0.0
22,39148472,+,22,39148984,-,THCA,1274,TCGA-DJ-A3UR-01A,TCGA-DJ-A3UR-01A,1.0,0.0,0.0,0.0,0.0
3,85769621,+,4,79927016,+,THCA,1275,TCGA-DJ-A3UR-01A,TCGA-DJ-A3UR-01A,1.0,0.0,0.0,0.0,0.0
3,91157139,-,3,91281825,-,THCA,1276,TCGA-DJ-A3UR-01A,TCGA-DJ-A3UR-01A,1.0,0.0,0.0,0.0,0.0
4,49836070,+,4,51623585,-,THCA,1277,TCGA-DJ-A3UR-01A,TCGA-DJ-A3UR-01A,1.0,0.0,0.0,0.0,0.0
8,3439056,+,18,63063966,+,THCA,1278,TCGA-DJ-A3UR-01A,TCGA-DJ-A3UR-01A,1.0,0.0,0.0,0.0,0.0
9,43384026,+,9,43449772,-,THCA,1279,TCGA-DJ-A3UR-01A,TCGA-DJ-A3UR-01A,1.0,0.0,0.0,0.0,0.0
23,153726268,+,23,153726887,-,THCA,1280,TCGA-DJ-A3UR-01A,TCGA-DJ-A3UR-01A,1.0,0.0,0.0,0.0,0.0
1,122033583,-,1,122069282,+,THCA,1281,TCGA-DJ-A3US-01A,TCGA-DJ-A3US-01A,1.0,0.0,0.0,0.0,0.0
17,22837483,+,17,23033835,-,THCA,1282,TCGA-DJ-A3US-01A,TCGA-DJ-A3US-01A,1.0,0.0,0.0,0.0,0.0
17,58010458,+,17,58011104,-,THCA,1283,TCGA-DJ-A3US-01A,TCGA-DJ-A3US-01A,1.0,0.0,0.0,0.0,0.0
2,29225273,+,2,36910681,-,THCA,1284,TCGA-DJ-A3US-01A,TCGA-DJ-A3US-01A,1.0,0.0,0.0,0.0,0.0
2,194703185,-,5,69204022,+,THCA,1285,TCGA-DJ-A3US-01A,TCGA-DJ-A3US-01A,1.0,0.0,0.0,0.0,0.0
3,157972131,-,5,18435600,+,THCA,1286,TCGA-DJ-A3US-01A,TCGA-DJ-A3US-01A,1.0,0.0,0.0,0.0,0.0
3,174796722,-,23,97966808,+,THCA,1287,TCGA-DJ-A3US-01A,TCGA-DJ-A3US-01A,1.0,0.0,0.0,0.0,0.0
1,73425490,-,15,57678080,+,THCA,1288,TCGA-DJ-A3UT-01A,TCGA-DJ-A3UT-01A,1.0,0.0,0.0,0.0,0.0
10,55173310,-,13,98333437,-,THCA,1289,TCGA-DJ-A3UT-01A,TCGA-DJ-A3UT-01A,1.0,0.0,0.0,0.0,0.0
11,56862716,+,11,56866707,+,THCA,1290,TCGA-DJ-A3UT-01A,TCGA-DJ-A3UT-01A,1.0,0.0,0.0,0.0,0.0
11,56865075,-,11,56874002,-,THCA,1291,TCGA-DJ-A3UT-01A,TCGA-DJ-A3UT-01A,1.0,0.0,0.0,0.0,0.0
12,37469659,+,20,29649437,+,THCA,1292,TCGA-DJ-A3UT-01A,TCGA-DJ-A3UT-01A,1.0,0.0,0.0,0.0,0.0
13,108147531,+,13,108148037,-,THCA,1293,TCGA-DJ-A3UT-01A,TCGA-DJ-A3UT-01A,1.0,0.0,0.0,0.0,0.0
14,102094604,-,15,77185760,+,THCA,1294,TCGA-DJ-A3UT-01A,TCGA-DJ-A3UT-01A,1.0,0.0,0.0,0.0,0.0
16,34256386,+,16,36325931,-,THCA,1295,TCGA-DJ-A3UT-01A,TCGA-DJ-A3UT-01A,1.0,0.0,0.0,0.0,0.0
3,89020509,+,10,57765131,+,THCA,1296,TCGA-DJ-A3UT-01A,TCGA-DJ-A3UT-01A,1.0,0.0,0.0,0.0,0.0
4,185973376,+,22,32678887,-,THCA,1297,TCGA-DJ-A3UT-01A,TCGA-DJ-A3UT-01A,1.0,0.0,0.0,0.0,0.0
4,189484309,+,10,6801834,-,THCA,1298,TCGA-DJ-A3UT-01A,TCGA-DJ-A3UT-01A,1.0,0.0,0.0,0.0,0.0
1,119570563,-,1,119607789,+,THCA,1299,TCGA-DJ-A3UU-01A,TCGA-DJ-A3UU-01A,1.0,0.0,0.0,0.0,0.0
1,122229060,-,1,122271411,+,THCA,1300,TCGA-DJ-A3UU-01A,TCGA-DJ-A3UU-01A,1.0,0.0,0.0,0.0,0.0
17,509067,+,17,509687,-,THCA,1301,TCGA-DJ-A3UU-01A,TCGA-DJ-A3UU-01A,1.0,0.0,0.0,0.0,0.0
3,75389838,-,3,130053988,+,THCA,1302,TCGA-DJ-A3UU-01A,TCGA-DJ-A3UU-01A,1.0,0.0,0.0,0.0,0.0
3,177314285,+,8,19667290,+,THCA,1303,TCGA-DJ-A3UU-01A,TCGA-DJ-A3UU-01A,1.0,0.0,0.0,0.0,0.0
3,184438926,-,9,110145073,+,THCA,1304,TCGA-DJ-A3UU-01A,TCGA-DJ-A3UU-01A,1.0,0.0,0.0,0.0,0.0
5,49676366,+,5,49716426,-,THCA,1305,TCGA-DJ-A3UU-01A,TCGA-DJ-A3UU-01A,1.0,0.0,0.0,0.0,0.0
11,54343350,-,11,54384641,+,THCA,1306,TCGA-DJ-A3UV-01A,TCGA-DJ-A3UV-01A,1.0,0.0,0.0,0.0,0.0
11,64205901,+,11,67118803,+,THCA,1307,TCGA-DJ-A3UV-01A,TCGA-DJ-A3UV-01A,1.0,0.0,0.0,0.0,0.0
12,11863345,+,15,88058336,+,THCA,1308,TCGA-DJ-A3UV-01A,TCGA-DJ-A3UV-01A,1.0,0.0,0.0,0.0,0.0
12,11863350,-,15,88058338,-,THCA,1309,TCGA-DJ-A3UV-01A,TCGA-DJ-A3UV-01A,1.0,0.0,0.0,0.0,0.0
17,26572055,-,17,26574690,+,THCA,1310,TCGA-DJ-A3UV-01A,TCGA-DJ-A3UV-01A,1.0,0.0,0.0,0.0,0.0
3,90577013,-,3,90594625,+,THCA,1311,TCGA-DJ-A3UV-01A,TCGA-DJ-A3UV-01A,1.0,0.0,0.0,0.0,0.0
3,90793888,+,3,90899723,-,THCA,1312,TCGA-DJ-A3UV-01A,TCGA-DJ-A3UV-01A,1.0,0.0,0.0,0.0,0.0
7,61436372,-,7,61510461,+,THCA,1313,TCGA-DJ-A3UV-01A,TCGA-DJ-A3UV-01A,1.0,0.0,0.0,0.0,0.0
9,113447272,-,16,65537358,+,THCA,1314,TCGA-DJ-A3UV-01A,TCGA-DJ-A3UV-01A,1.0,0.0,0.0,0.0,0.0
1,104488883,-,22,23367708,+,THCA,1315,TCGA-DJ-A3UW-01A,TCGA-DJ-A3UW-01A,1.0,0.0,0.0,0.0,0.0
11,47642117,-,14,68794697,-,THCA,1316,TCGA-DJ-A3UW-01A,TCGA-DJ-A3UW-01A,1.0,0.0,0.0,0.0,0.0
17,73239189,+,17,73239774,-,THCA,1317,TCGA-DJ-A3UW-01A,TCGA-DJ-A3UW-01A,1.0,0.0,0.0,0.0,0.0
18,15705084,+,18,15706738,-,THCA,1318,TCGA-DJ-A3UW-01A,TCGA-DJ-A3UW-01A,1.0,0.0,0.0,0.0,0.0
3,59739904,-,8,89011880,+,THCA,1319,TCGA-DJ-A3UW-01A,TCGA-DJ-A3UW-01A,1.0,0.0,0.0,0.0,0.0
3,78262654,+,4,101106743,+,THCA,1320,TCGA-DJ-A3UW-01A,TCGA-DJ-A3UW-01A,1.0,0.0,0.0,0.0,0.0
4,108304200,+,14,46370189,+,THCA,1321,TCGA-DJ-A3UW-01A,TCGA-DJ-A3UW-01A,1.0,0.0,0.0,0.0,0.0
4,128793510,+,23,154001253,-,THCA,1322,TCGA-DJ-A3UW-01A,TCGA-DJ-A3UW-01A,1.0,0.0,0.0,0.0,0.0
9,78802097,-,18,76696008,+,THCA,1323,TCGA-DJ-A3UW-01A,TCGA-DJ-A3UW-01A,1.0,0.0,0.0,0.0,0.0
3,90824027,-,3,90935461,+,THCA,1324,TCGA-DJ-A3UX-01A,TCGA-DJ-A3UX-01A,1.0,0.0,0.0,0.0,0.0
3,113729107,+,3,113729647,-,THCA,1325,TCGA-DJ-A3UX-01A,TCGA-DJ-A3UX-01A,1.0,0.0,0.0,0.0,0.0
5,32590772,-,16,2316261,-,THCA,1326,TCGA-DJ-A3UX-01A,TCGA-DJ-A3UX-01A,1.0,0.0,0.0,0.0,0.0
1,232733523,-,8,108318902,+,THCA,1327,TCGA-DJ-A3UY-01A,TCGA-DJ-A3UY-01A,1.0,0.0,0.0,0.0,0.0
4,51595202,+,4,51602095,-,THCA,1328,TCGA-DJ-A3UY-01A,TCGA-DJ-A3UY-01A,1.0,0.0,0.0,0.0,0.0
4,87925187,+,4,94087003,+,THCA,1329,TCGA-DJ-A3UY-01A,TCGA-DJ-A3UY-01A,1.0,0.0,0.0,0.0,0.0
5,49894743,-,5,49982978,+,THCA,1330,TCGA-DJ-A3UY-01A,TCGA-DJ-A3UY-01A,1.0,0.0,0.0,0.0,0.0
1,29418947,+,5,95738990,+,THCA,1331,TCGA-DJ-A3UZ-01A,TCGA-DJ-A3UZ-01A,1.0,0.0,0.0,0.0,0.0
2,147598305,+,8,136701998,+,THCA,1332,TCGA-DJ-A3UZ-01A,TCGA-DJ-A3UZ-01A,1.0,0.0,0.0,0.0,0.0
4,184032624,+,4,184033300,-,THCA,1333,TCGA-DJ-A3UZ-01A,TCGA-DJ-A3UZ-01A,1.0,0.0,0.0,0.0,0.0
7,37995442,-,18,3651365,-,THCA,1334,TCGA-DJ-A3UZ-01A,TCGA-DJ-A3UZ-01A,1.0,0.0,0.0,0.0,0.0
7,37998280,-,7,127796934,+,THCA,1335,TCGA-DJ-A3UZ-01A,TCGA-DJ-A3UZ-01A,1.0,0.0,0.0,0.0,0.0
7,37998282,+,18,3328579,+,THCA,1336,TCGA-DJ-A3UZ-01A,TCGA-DJ-A3UZ-01A,1.0,0.0,0.0,0.0,0.0
7,61256481,-,7,61489775,+,THCA,1337,TCGA-DJ-A3UZ-01A,TCGA-DJ-A3UZ-01A,1.0,0.0,0.0,0.0,0.0
7,106179194,+,7,106179888,-,THCA,1338,TCGA-DJ-A3UZ-01A,TCGA-DJ-A3UZ-01A,1.0,0.0,0.0,0.0,0.0
7,127309747,+,18,3335158,+,THCA,1339,TCGA-DJ-A3UZ-01A,TCGA-DJ-A3UZ-01A,1.0,0.0,0.0,0.0,0.0
7,127790967,-,7,140790679,-,THCA,1340,TCGA-DJ-A3UZ-01A,TCGA-DJ-A3UZ-01A,1.0,0.0,0.0,0.0,0.0
7,127791091,+,7,140790644,+,THCA,1341,TCGA-DJ-A3UZ-01A,TCGA-DJ-A3UZ-01A,1.0,0.0,0.0,0.0,0.0
7,127797026,-,18,3328604,-,THCA,1342,TCGA-DJ-A3UZ-01A,TCGA-DJ-A3UZ-01A,1.0,0.0,0.0,0.0,0.0
8,87428358,-,18,43735237,+,THCA,1343,TCGA-DJ-A3UZ-01A,TCGA-DJ-A3UZ-01A,1.0,0.0,0.0,0.0,0.0
8,125887455,+,11,19197417,-,THCA,1344,TCGA-DJ-A3UZ-01A,TCGA-DJ-A3UZ-01A,1.0,0.0,0.0,0.0,0.0
1,122137368,-,1,122150319,+,THCA,1345,TCGA-DJ-A3V0-01A,TCGA-DJ-A3V0-01A,1.0,0.0,0.0,0.0,0.0
4,49836056,+,4,51623588,-,THCA,1346,TCGA-DJ-A3V0-01A,TCGA-DJ-A3V0-01A,1.0,0.0,0.0,0.0,0.0
11,53027320,+,11,53662878,-,THCA,1347,TCGA-DJ-A3V2-01A,TCGA-DJ-A3V2-01A,1.0,0.0,0.0,0.0,0.0
12,36778957,-,12,36997913,+,THCA,1348,TCGA-DJ-A3V2-01A,TCGA-DJ-A3V2-01A,1.0,0.0,0.0,0.0,0.0
2,196437611,-,8,124224036,+,THCA,1349,TCGA-DJ-A3V2-01A,TCGA-DJ-A3V2-01A,1.0,0.0,0.0,0.0,0.0
4,100176422,+,20,40987929,-,THCA,1350,TCGA-DJ-A3V2-01A,TCGA-DJ-A3V2-01A,1.0,0.0,0.0,0.0,0.0
6,80086025,+,14,42466967,-,THCA,1351,TCGA-DJ-A3V2-01A,TCGA-DJ-A3V2-01A,1.0,0.0,0.0,0.0,0.0
7,146483321,+,8,123389985,+,THCA,1352,TCGA-DJ-A3V2-01A,TCGA-DJ-A3V2-01A,1.0,0.0,0.0,0.0,0.0
1,92860585,+,12,114819096,+,THCA,1353,TCGA-DJ-A3V3-01A,TCGA-DJ-A3V3-01A,1.0,0.0,0.0,0.0,0.0
1,99249639,+,1,164996198,-,THCA,1354,TCGA-DJ-A3V3-01A,TCGA-DJ-A3V3-01A,1.0,0.0,0.0,0.0,0.0
1,99249757,-,1,164997422,+,THCA,1355,TCGA-DJ-A3V3-01A,TCGA-DJ-A3V3-01A,1.0,0.0,0.0,0.0,0.0
1,122200918,-,1,122215860,+,THCA,1356,TCGA-DJ-A3V3-01A,TCGA-DJ-A3V3-01A,1.0,0.0,0.0,0.0,0.0
1,144554469,-,1,197221624,+,THCA,1357,TCGA-DJ-A3V3-01A,TCGA-DJ-A3V3-01A,1.0,0.0,0.0,0.0,0.0
1,164993641,+,1,197269456,+,THCA,1358,TCGA-DJ-A3V3-01A,TCGA-DJ-A3V3-01A,1.0,0.0,0.0,0.0,0.0
1,164993641,+,1,197270109,-,THCA,1359,TCGA-DJ-A3V3-01A,TCGA-DJ-A3V3-01A,1.0,0.0,0.0,0.0,0.0
1,164997610,-,1,197221653,-,THCA,1360,TCGA-DJ-A3V3-01A,TCGA-DJ-A3V3-01A,1.0,0.0,0.0,0.0,0.0
10,43114982,-,10,59874970,-,THCA,1361,TCGA-DJ-A3V3-01A,TCGA-DJ-A3V3-01A,1.0,0.0,0.0,0.0,0.0
10,58670413,-,19,33607695,+,THCA,1362,TCGA-DJ-A3V3-01A,TCGA-DJ-A3V3-01A,1.0,0.0,0.0,0.0,0.0
10,59628115,-,18,14725900,-,THCA,1363,TCGA-DJ-A3V3-01A,TCGA-DJ-A3V3-01A,1.0,0.0,0.0,0.0,0.0
10,60177344,+,18,15019418,-,THCA,1364,TCGA-DJ-A3V3-01A,TCGA-DJ-A3V3-01A,1.0,0.0,0.0,0.0,0.0
10,60177416,-,18,15019418,-,THCA,1365,TCGA-DJ-A3V3-01A,TCGA-DJ-A3V3-01A,1.0,0.0,0.0,0.0,0.0
18,13125615,+,18,14936296,+,THCA,1366,TCGA-DJ-A3V3-01A,TCGA-DJ-A3V3-01A,1.0,0.0,0.0,0.0,0.0
18,15005766,+,19,33608254,-,THCA,1367,TCGA-DJ-A3V3-01A,TCGA-DJ-A3V3-01A,1.0,0.0,0.0,0.0,0.0
2,169826838,-,5,54065561,-,THCA,1368,TCGA-DJ-A3V3-01A,TCGA-DJ-A3V3-01A,1.0,0.0,0.0,0.0,0.0
20,29667892,+,20,30188517,+,THCA,1369,TCGA-DJ-A3V3-01A,TCGA-DJ-A3V3-01A,1.0,0.0,0.0,0.0,0.0
4,187544101,-,7,17713495,+,THCA,1370,TCGA-DJ-A3V3-01A,TCGA-DJ-A3V3-01A,1.0,0.0,0.0,0.0,0.0
4,187544177,+,7,17713599,-,THCA,1371,TCGA-DJ-A3V3-01A,TCGA-DJ-A3V3-01A,1.0,0.0,0.0,0.0,0.0
7,28964483,+,18,14419624,+,THCA,1372,TCGA-DJ-A3V3-01A,TCGA-DJ-A3V3-01A,1.0,0.0,0.0,0.0,0.0
7,28964720,-,18,15000977,-,THCA,1373,TCGA-DJ-A3V3-01A,TCGA-DJ-A3V3-01A,1.0,0.0,0.0,0.0,0.0
8,83874973,-,10,43113850,+,THCA,1374,TCGA-DJ-A3V3-01A,TCGA-DJ-A3V3-01A,1.0,0.0,0.0,0.0,0.0
8,83889440,+,10,59871110,+,THCA,1375,TCGA-DJ-A3V3-01A,TCGA-DJ-A3V3-01A,1.0,0.0,0.0,0.0,0.0
1,40318324,+,21,45191902,-,THCA,1376,TCGA-DJ-A3V4-01A,TCGA-DJ-A3V4-01A,1.0,0.0,0.0,0.0,0.0
1,100363309,+,1,100384323,-,THCA,1377,TCGA-DJ-A3V4-01A,TCGA-DJ-A3V4-01A,1.0,0.0,0.0,0.0,0.0
11,68787721,+,11,68788342,-,THCA,1378,TCGA-DJ-A3V4-01A,TCGA-DJ-A3V4-01A,1.0,0.0,0.0,0.0,0.0
12,27866099,+,12,27929392,-,THCA,1379,TCGA-DJ-A3V4-01A,TCGA-DJ-A3V4-01A,1.0,0.0,0.0,0.0,0.0
2,195271646,-,6,1009094,-,THCA,1380,TCGA-DJ-A3V4-01A,TCGA-DJ-A3V4-01A,1.0,0.0,0.0,0.0,0.0
20,29921677,+,20,29950947,-,THCA,1381,TCGA-DJ-A3V4-01A,TCGA-DJ-A3V4-01A,1.0,0.0,0.0,0.0,0.0
3,59739902,-,8,89011882,+,THCA,1382,TCGA-DJ-A3V4-01A,TCGA-DJ-A3V4-01A,1.0,0.0,0.0,0.0,0.0
3,179728971,+,17,18297491,+,THCA,1383,TCGA-DJ-A3V4-01A,TCGA-DJ-A3V4-01A,1.0,0.0,0.0,0.0,0.0
4,3934014,-,4,9711915,-,THCA,1384,TCGA-DJ-A3V4-01A,TCGA-DJ-A3V4-01A,1.0,0.0,0.0,0.0,0.0
5,98425,-,14,61740085,+,THCA,1385,TCGA-DJ-A3V4-01A,TCGA-DJ-A3V4-01A,1.0,0.0,0.0,0.0,0.0
7,128570634,-,11,46429143,+,THCA,1386,TCGA-DJ-A3V4-01A,TCGA-DJ-A3V4-01A,1.0,0.0,0.0,0.0,0.0
9,83683180,+,9,83683752,-,THCA,1387,TCGA-DJ-A3V4-01A,TCGA-DJ-A3V4-01A,1.0,0.0,0.0,0.0,0.0
1,84759655,+,1,84807743,+,THCA,1388,TCGA-DJ-A3V5-01A,TCGA-DJ-A3V5-01A,1.0,0.0,0.0,0.0,0.0
1,84802778,-,1,84818003,-,THCA,1389,TCGA-DJ-A3V5-01A,TCGA-DJ-A3V5-01A,1.0,0.0,0.0,0.0,0.0
1,197255966,-,13,71519884,-,THCA,1390,TCGA-DJ-A3V5-01A,TCGA-DJ-A3V5-01A,1.0,0.0,0.0,0.0,0.0
12,34857198,+,12,36956705,-,THCA,1391,TCGA-DJ-A3V5-01A,TCGA-DJ-A3V5-01A,1.0,0.0,0.0,0.0,0.0
18,76773086,+,18,76773631,-,THCA,1392,TCGA-DJ-A3V5-01A,TCGA-DJ-A3V5-01A,1.0,0.0,0.0,0.0,0.0
4,59799261,+,5,40795009,-,THCA,1393,TCGA-DJ-A3V5-01A,TCGA-DJ-A3V5-01A,1.0,0.0,0.0,0.0,0.0
1,54648335,-,15,90567692,-,THCA,1394,TCGA-DJ-A3V6-01A,TCGA-DJ-A3V6-01A,1.0,0.0,0.0,0.0,0.0
14,102094631,-,15,77185734,+,THCA,1395,TCGA-DJ-A3V6-01A,TCGA-DJ-A3V6-01A,1.0,0.0,0.0,0.0,0.0
19,13125704,+,19,13126304,-,THCA,1396,TCGA-DJ-A3V6-01A,TCGA-DJ-A3V6-01A,1.0,0.0,0.0,0.0,0.0
2,181872665,-,2,181872830,+,THCA,1397,TCGA-DJ-A3V6-01A,TCGA-DJ-A3V6-01A,1.0,0.0,0.0,0.0,0.0
3,132651492,+,3,160514090,-,THCA,1398,TCGA-DJ-A3V6-01A,TCGA-DJ-A3V6-01A,1.0,0.0,0.0,0.0,0.0
8,87428359,-,18,43735240,+,THCA,1399,TCGA-DJ-A3V6-01A,TCGA-DJ-A3V6-01A,1.0,0.0,0.0,0.0,0.0
13,16332019,-,13,17090914,+,THCA,1400,TCGA-DJ-A3V7-01A,TCGA-DJ-A3V7-01A,1.0,0.0,0.0,0.0,0.0
13,16571233,+,13,16586172,-,THCA,1401,TCGA-DJ-A3V7-01A,TCGA-DJ-A3V7-01A,1.0,0.0,0.0,0.0,0.0
13,18222635,+,22,18739802,-,THCA,1402,TCGA-DJ-A3V7-01A,TCGA-DJ-A3V7-01A,1.0,0.0,0.0,0.0,0.0
14,102094625,-,15,77185754,+,THCA,1403,TCGA-DJ-A3V7-01A,TCGA-DJ-A3V7-01A,1.0,0.0,0.0,0.0,0.0
18,20766645,-,18,20809343,+,THCA,1404,TCGA-DJ-A3V7-01A,TCGA-DJ-A3V7-01A,1.0,0.0,0.0,0.0,0.0
2,151773947,+,23,71964000,-,THCA,1405,TCGA-DJ-A3V7-01A,TCGA-DJ-A3V7-01A,1.0,0.0,0.0,0.0,0.0
4,72640548,-,16,64104305,-,THCA,1406,TCGA-DJ-A3V7-01A,TCGA-DJ-A3V7-01A,1.0,0.0,0.0,0.0,0.0
4,87282763,+,15,20648999,-,THCA,1407,TCGA-DJ-A3V7-01A,TCGA-DJ-A3V7-01A,1.0,0.0,0.0,0.0,0.0
7,62567446,-,9,64937750,-,THCA,1408,TCGA-DJ-A3V7-01A,TCGA-DJ-A3V7-01A,1.0,0.0,0.0,0.0,0.0
10,68595722,-,15,35708104,+,THCA,1409,TCGA-DJ-A3V8-01A,TCGA-DJ-A3V8-01A,1.0,0.0,0.0,0.0,0.0
11,52561068,+,11,53048786,-,THCA,1410,TCGA-DJ-A3V8-01A,TCGA-DJ-A3V8-01A,1.0,0.0,0.0,0.0,0.0
14,104436935,+,14,104437512,-,THCA,1411,TCGA-DJ-A3V8-01A,TCGA-DJ-A3V8-01A,1.0,0.0,0.0,0.0,0.0
3,91113736,-,3,91221031,+,THCA,1412,TCGA-DJ-A3V8-01A,TCGA-DJ-A3V8-01A,1.0,0.0,0.0,0.0,0.0
4,49719561,-,4,51016826,+,THCA,1413,TCGA-DJ-A3V8-01A,TCGA-DJ-A3V8-01A,1.0,0.0,0.0,0.0,0.0
5,174080525,-,9,22609934,-,THCA,1414,TCGA-DJ-A3V8-01A,TCGA-DJ-A3V8-01A,1.0,0.0,0.0,0.0,0.0
5,177949057,-,5,179518830,-,THCA,1415,TCGA-DJ-A3V8-01A,TCGA-DJ-A3V8-01A,1.0,0.0,0.0,0.0,0.0
13,17849694,+,13,17980196,-,THCA,1416,TCGA-DJ-A3V9-01A,TCGA-DJ-A3V9-01A,1.0,0.0,0.0,0.0,0.0
2,79514249,+,5,108930580,+,THCA,1417,TCGA-DJ-A3V9-01A,TCGA-DJ-A3V9-01A,1.0,0.0,0.0,0.0,0.0
2,183160715,-,11,52369280,+,THCA,1418,TCGA-DJ-A3V9-01A,TCGA-DJ-A3V9-01A,1.0,0.0,0.0,0.0,0.0
3,10048612,-,3,11870893,+,THCA,1419,TCGA-DJ-A3V9-01A,TCGA-DJ-A3V9-01A,1.0,0.0,0.0,0.0,0.0
8,8526067,-,16,19321481,-,THCA,1420,TCGA-DJ-A3V9-01A,TCGA-DJ-A3V9-01A,1.0,0.0,0.0,0.0,0.0
1,10817903,+,3,169056784,+,THCA,1421,TCGA-DJ-A3VA-01A,TCGA-DJ-A3VA-01A,1.0,0.0,0.0,0.0,0.0
10,78865193,-,10,78872720,+,THCA,1422,TCGA-DJ-A3VA-01A,TCGA-DJ-A3VA-01A,1.0,0.0,0.0,0.0,0.0
18,15656189,+,18,15769825,-,THCA,1423,TCGA-DJ-A3VA-01A,TCGA-DJ-A3VA-01A,1.0,0.0,0.0,0.0,0.0
3,90885160,-,3,91144559,+,THCA,1424,TCGA-DJ-A3VA-01A,TCGA-DJ-A3VA-01A,1.0,0.0,0.0,0.0,0.0
5,46405953,+,5,46409785,-,THCA,1425,TCGA-DJ-A3VA-01A,TCGA-DJ-A3VA-01A,1.0,0.0,0.0,0.0,0.0
6,75651630,+,6,75652258,-,THCA,1426,TCGA-DJ-A3VA-01A,TCGA-DJ-A3VA-01A,1.0,0.0,0.0,0.0,0.0
8,8526068,-,16,19321684,-,THCA,1427,TCGA-DJ-A3VA-01A,TCGA-DJ-A3VA-01A,1.0,0.0,0.0,0.0,0.0
1,3316563,-,1,3316753,+,THCA,1428,TCGA-DJ-A3VB-01A,TCGA-DJ-A3VB-01A,1.0,0.0,0.0,0.0,0.0
3,114925269,+,3,114925779,-,THCA,1429,TCGA-DJ-A3VB-01A,TCGA-DJ-A3VB-01A,1.0,0.0,0.0,0.0,0.0
4,4003863,+,4,9641083,+,THCA,1430,TCGA-DJ-A3VB-01A,TCGA-DJ-A3VB-01A,1.0,0.0,0.0,0.0,0.0
1,122543681,+,1,122609378,-,THCA,1431,TCGA-DJ-A3VD-01A,TCGA-DJ-A3VD-01A,1.0,0.0,0.0,0.0,0.0
11,54358657,+,11,54412667,-,THCA,1432,TCGA-DJ-A3VD-01A,TCGA-DJ-A3VD-01A,1.0,0.0,0.0,0.0,0.0
2,10680276,-,4,48659389,+,THCA,1433,TCGA-DJ-A3VD-01A,TCGA-DJ-A3VD-01A,1.0,0.0,0.0,0.0,0.0
5,49694319,+,5,49720227,-,THCA,1434,TCGA-DJ-A3VD-01A,TCGA-DJ-A3VD-01A,1.0,0.0,0.0,0.0,0.0
11,53193484,-,11,53716748,+,THCA,1435,TCGA-DJ-A3VE-01A,TCGA-DJ-A3VE-01A,1.0,0.0,0.0,0.0,0.0
12,46116891,+,13,84409932,-,THCA,1436,TCGA-DJ-A3VE-01A,TCGA-DJ-A3VE-01A,1.0,0.0,0.0,0.0,0.0
12,122564747,+,12,122565364,-,THCA,1437,TCGA-DJ-A3VE-01A,TCGA-DJ-A3VE-01A,1.0,0.0,0.0,0.0,0.0
16,4589556,+,16,4590083,-,THCA,1438,TCGA-DJ-A3VE-01A,TCGA-DJ-A3VE-01A,1.0,0.0,0.0,0.0,0.0
16,34256466,+,16,36325772,-,THCA,1439,TCGA-DJ-A3VE-01A,TCGA-DJ-A3VE-01A,1.0,0.0,0.0,0.0,0.0
18,627009,+,18,63086747,+,THCA,1440,TCGA-DJ-A3VE-01A,TCGA-DJ-A3VE-01A,1.0,0.0,0.0,0.0,0.0
4,5706254,-,23,945321,+,THCA,1441,TCGA-DJ-A3VE-01A,TCGA-DJ-A3VE-01A,1.0,0.0,0.0,0.0,0.0
6,19541878,+,8,3240988,+,THCA,1442,TCGA-DJ-A3VE-01A,TCGA-DJ-A3VE-01A,1.0,0.0,0.0,0.0,0.0
7,16817930,-,23,120436130,-,THCA,1443,TCGA-DJ-A3VE-01A,TCGA-DJ-A3VE-01A,1.0,0.0,0.0,0.0,0.0
7,75665829,+,7,75666420,-,THCA,1444,TCGA-DJ-A3VE-01A,TCGA-DJ-A3VE-01A,1.0,0.0,0.0,0.0,0.0
8,87428324,-,18,43735270,+,THCA,1445,TCGA-DJ-A3VE-01A,TCGA-DJ-A3VE-01A,1.0,0.0,0.0,0.0,0.0
9,8359139,-,9,115347396,-,THCA,1446,TCGA-DJ-A3VE-01A,TCGA-DJ-A3VE-01A,1.0,0.0,0.0,0.0,0.0
9,43557720,+,9,44416081,-,THCA,1447,TCGA-DJ-A3VE-01A,TCGA-DJ-A3VE-01A,1.0,0.0,0.0,0.0,0.0
1,116305898,-,13,93231407,+,THCA,1448,TCGA-DJ-A3VF-01A,TCGA-DJ-A3VF-01A,1.0,0.0,0.0,0.0,0.0
10,21565598,+,10,21566207,-,THCA,1449,TCGA-DJ-A3VF-01A,TCGA-DJ-A3VF-01A,1.0,0.0,0.0,0.0,0.0
10,39561427,-,10,41709108,+,THCA,1450,TCGA-DJ-A3VF-01A,TCGA-DJ-A3VF-01A,1.0,0.0,0.0,0.0,0.0
19,50603508,+,19,50605516,-,THCA,1451,TCGA-DJ-A3VF-01A,TCGA-DJ-A3VF-01A,1.0,0.0,0.0,0.0,0.0
5,57150579,-,5,78223028,+,THCA,1452,TCGA-DJ-A3VF-01A,TCGA-DJ-A3VF-01A,1.0,0.0,0.0,0.0,0.0
6,75722982,+,6,75723528,-,THCA,1453,TCGA-DJ-A3VF-01A,TCGA-DJ-A3VF-01A,1.0,0.0,0.0,0.0,0.0
1,168541856,+,1,168580496,+,THCA,1454,TCGA-DJ-A3VG-01A,TCGA-DJ-A3VG-01A,1.0,0.0,0.0,0.0,0.0
11,54346595,+,11,54421005,-,THCA,1455,TCGA-DJ-A3VG-01A,TCGA-DJ-A3VG-01A,1.0,0.0,0.0,0.0,0.0
11,54384648,+,11,54405943,-,THCA,1456,TCGA-DJ-A3VG-01A,TCGA-DJ-A3VG-01A,1.0,0.0,0.0,0.0,0.0
11,55232477,-,11,55233502,+,THCA,1457,TCGA-DJ-A3VG-01A,TCGA-DJ-A3VG-01A,1.0,0.0,0.0,0.0,0.0
11,118962881,+,11,118963411,-,THCA,1458,TCGA-DJ-A3VG-01A,TCGA-DJ-A3VG-01A,1.0,0.0,0.0,0.0,0.0
12,35167557,-,12,37060544,+,THCA,1459,TCGA-DJ-A3VG-01A,TCGA-DJ-A3VG-01A,1.0,0.0,0.0,0.0,0.0
13,69837624,+,13,92385169,-,THCA,1460,TCGA-DJ-A3VG-01A,TCGA-DJ-A3VG-01A,1.0,0.0,0.0,0.0,0.0
15,41571115,+,15,41571620,-,THCA,1461,TCGA-DJ-A3VG-01A,TCGA-DJ-A3VG-01A,1.0,0.0,0.0,0.0,0.0
17,22825187,-,17,22844028,+,THCA,1462,TCGA-DJ-A3VG-01A,TCGA-DJ-A3VG-01A,1.0,0.0,0.0,0.0,0.0
2,20954327,+,21,41672922,+,THCA,1463,TCGA-DJ-A3VG-01A,TCGA-DJ-A3VG-01A,1.0,0.0,0.0,0.0,0.0
2,216263192,-,9,134254438,+,THCA,1464,TCGA-DJ-A3VG-01A,TCGA-DJ-A3VG-01A,1.0,0.0,0.0,0.0,0.0
5,8255610,+,5,8260597,-,THCA,1465,TCGA-DJ-A3VG-01A,TCGA-DJ-A3VG-01A,1.0,0.0,0.0,0.0,0.0
5,134163188,+,5,134163748,-,THCA,1466,TCGA-DJ-A3VG-01A,TCGA-DJ-A3VG-01A,1.0,0.0,0.0,0.0,0.0
1,23491600,+,1,23492246,-,THCA,1467,TCGA-DJ-A3VI-01A,TCGA-DJ-A3VI-01A,1.0,0.0,0.0,0.0,0.0
1,77433742,+,8,133313114,+,THCA,1468,TCGA-DJ-A3VI-01A,TCGA-DJ-A3VI-01A,1.0,0.0,0.0,0.0,0.0
1,190499219,+,5,64008787,+,THCA,1469,TCGA-DJ-A3VI-01A,TCGA-DJ-A3VI-01A,1.0,0.0,0.0,0.0,0.0
14,90454685,+,14,90455310,-,THCA,1470,TCGA-DJ-A3VI-01A,TCGA-DJ-A3VI-01A,1.0,0.0,0.0,0.0,0.0
16,79413022,-,23,14899054,+,THCA,1471,TCGA-DJ-A3VI-01A,TCGA-DJ-A3VI-01A,1.0,0.0,0.0,0.0,0.0
3,91192624,-,3,91257380,-,THCA,1472,TCGA-DJ-A3VI-01A,TCGA-DJ-A3VI-01A,1.0,0.0,0.0,0.0,0.0
11,54919297,+,23,58406900,+,THCA,1473,TCGA-DJ-A3VJ-01A,TCGA-DJ-A3VJ-01A,1.0,0.0,0.0,0.0,0.0
12,116625301,+,12,116625812,-,THCA,1474,TCGA-DJ-A3VJ-01A,TCGA-DJ-A3VJ-01A,1.0,0.0,0.0,0.0,0.0
13,17426299,+,13,17960373,-,THCA,1475,TCGA-DJ-A3VJ-01A,TCGA-DJ-A3VJ-01A,1.0,0.0,0.0,0.0,0.0
20,7121513,+,22,48991363,-,THCA,1476,TCGA-DJ-A3VJ-01A,TCGA-DJ-A3VJ-01A,1.0,0.0,0.0,0.0,0.0
3,93315982,-,3,93339655,+,THCA,1477,TCGA-DJ-A3VJ-01A,TCGA-DJ-A3VJ-01A,1.0,0.0,0.0,0.0,0.0
4,108304206,+,14,46370198,+,THCA,1478,TCGA-DJ-A3VJ-01A,TCGA-DJ-A3VJ-01A,1.0,0.0,0.0,0.0,0.0
1,93053290,-,2,80232608,+,THCA,1479,TCGA-DJ-A3VK-01A,TCGA-DJ-A3VK-01A,1.0,0.0,0.0,0.0,0.0
1,108091110,+,7,101983869,-,THCA,1480,TCGA-DJ-A3VK-01A,TCGA-DJ-A3VK-01A,1.0,0.0,0.0,0.0,0.0
1,235991872,+,7,148936250,+,THCA,1481,TCGA-DJ-A3VK-01A,TCGA-DJ-A3VK-01A,1.0,0.0,0.0,0.0,0.0
10,26807825,+,10,26808576,-,THCA,1482,TCGA-DJ-A3VK-01A,TCGA-DJ-A3VK-01A,1.0,0.0,0.0,0.0,0.0
12,84760915,-,16,68173269,-,THCA,1483,TCGA-DJ-A3VK-01A,TCGA-DJ-A3VK-01A,1.0,0.0,0.0,0.0,0.0
14,106062104,+,14,106537807,-,THCA,1484,TCGA-DJ-A3VK-01A,TCGA-DJ-A3VK-01A,1.0,0.0,0.0,0.0,0.0
17,81224860,+,17,81225431,-,THCA,1485,TCGA-DJ-A3VK-01A,TCGA-DJ-A3VK-01A,1.0,0.0,0.0,0.0,0.0
19,46844784,+,19,46845362,-,THCA,1486,TCGA-DJ-A3VK-01A,TCGA-DJ-A3VK-01A,1.0,0.0,0.0,0.0,0.0
3,89020529,+,10,57765097,+,THCA,1487,TCGA-DJ-A3VK-01A,TCGA-DJ-A3VK-01A,1.0,0.0,0.0,0.0,0.0
7,11189662,+,14,91104166,-,THCA,1488,TCGA-DJ-A3VK-01A,TCGA-DJ-A3VK-01A,1.0,0.0,0.0,0.0,0.0
12,37430312,-,15,50085901,+,THCA,1489,TCGA-DJ-A3VL-01A,TCGA-DJ-A3VL-01A,1.0,0.0,0.0,0.0,0.0
12,120867631,+,12,120868220,-,THCA,1490,TCGA-DJ-A3VL-01A,TCGA-DJ-A3VL-01A,1.0,0.0,0.0,0.0,0.0
14,64369129,+,14,64369725,-,THCA,1491,TCGA-DJ-A3VL-01A,TCGA-DJ-A3VL-01A,1.0,0.0,0.0,0.0,0.0
20,29936204,-,20,29995096,+,THCA,1492,TCGA-DJ-A3VL-01A,TCGA-DJ-A3VL-01A,1.0,0.0,0.0,0.0,0.0
7,61444323,+,7,61515350,-,THCA,1493,TCGA-DJ-A3VL-01A,TCGA-DJ-A3VL-01A,1.0,0.0,0.0,0.0,0.0
1,10987716,+,23,1047154,-,THCA,1494,TCGA-DJ-A3VM-01A,TCGA-DJ-A3VM-01A,1.0,0.0,0.0,0.0,0.0
1,122172999,-,1,122191520,+,THCA,1495,TCGA-DJ-A3VM-01A,TCGA-DJ-A3VM-01A,1.0,0.0,0.0,0.0,0.0
1,122427115,-,1,122458464,+,THCA,1496,TCGA-DJ-A3VM-01A,TCGA-DJ-A3VM-01A,1.0,0.0,0.0,0.0,0.0
10,97234262,-,10,97394350,+,THCA,1497,TCGA-DJ-A3VM-01A,TCGA-DJ-A3VM-01A,1.0,0.0,0.0,0.0,0.0
11,52825256,+,11,53190799,-,THCA,1498,TCGA-DJ-A3VM-01A,TCGA-DJ-A3VM-01A,1.0,0.0,0.0,0.0,0.0
13,18754843,-,18,14325965,-,THCA,1499,TCGA-DJ-A3VM-01A,TCGA-DJ-A3VM-01A,1.0,0.0,0.0,0.0,0.0
13,18755031,+,18,14325568,+,THCA,1500,TCGA-DJ-A3VM-01A,TCGA-DJ-A3VM-01A,1.0,0.0,0.0,0.0,0.0
17,69791986,+,17,69792521,-,THCA,1501,TCGA-DJ-A3VM-01A,TCGA-DJ-A3VM-01A,1.0,0.0,0.0,0.0,0.0
19,18593676,+,19,18594207,-,THCA,1502,TCGA-DJ-A3VM-01A,TCGA-DJ-A3VM-01A,1.0,0.0,0.0,0.0,0.0
19,24208872,-,19,24214054,+,THCA,1503,TCGA-DJ-A3VM-01A,TCGA-DJ-A3VM-01A,1.0,0.0,0.0,0.0,0.0
3,71397113,-,22,16523450,+,THCA,1504,TCGA-DJ-A3VM-01A,TCGA-DJ-A3VM-01A,1.0,0.0,0.0,0.0,0.0
7,140781706,+,7,140832616,-,THCA,1505,TCGA-DJ-A3VM-01A,TCGA-DJ-A3VM-01A,1.0,0.0,0.0,0.0,0.0
7,146358074,-,8,66772155,+,THCA,1506,TCGA-DJ-A3VM-01A,TCGA-DJ-A3VM-01A,1.0,0.0,0.0,0.0,0.0
8,26243107,+,8,26243664,-,THCA,1507,TCGA-DJ-A3VM-01A,TCGA-DJ-A3VM-01A,1.0,0.0,0.0,0.0,0.0
11,54360233,+,11,54405954,-,THCA,1508,TCGA-DJ-A4UL-01A,TCGA-DJ-A4UL-01A,1.0,0.0,0.0,0.0,0.0
11,54367193,-,11,54369116,+,THCA,1509,TCGA-DJ-A4UL-01A,TCGA-DJ-A4UL-01A,1.0,0.0,0.0,0.0,0.0
12,82427674,+,12,82428372,-,THCA,1510,TCGA-DJ-A4UL-01A,TCGA-DJ-A4UL-01A,1.0,0.0,0.0,0.0,0.0
18,113215,+,18,20958886,+,THCA,1511,TCGA-DJ-A4UL-01A,TCGA-DJ-A4UL-01A,1.0,0.0,0.0,0.0,0.0
22,36197222,+,22,36259787,+,THCA,1512,TCGA-DJ-A4UL-01A,TCGA-DJ-A4UL-01A,1.0,0.0,0.0,0.0,0.0
5,42474253,-,12,57100750,+,THCA,1513,TCGA-DJ-A4UL-01A,TCGA-DJ-A4UL-01A,1.0,0.0,0.0,0.0,0.0
9,44367321,+,9,44653268,-,THCA,1514,TCGA-DJ-A4UL-01A,TCGA-DJ-A4UL-01A,1.0,0.0,0.0,0.0,0.0
23,32783261,+,23,52725385,-,THCA,1515,TCGA-DJ-A4UL-01A,TCGA-DJ-A4UL-01A,1.0,0.0,0.0,0.0,0.0
1,156823018,+,7,94325890,+,THCA,1516,TCGA-DJ-A4UP-01A,TCGA-DJ-A4UP-01A,1.0,0.0,0.0,0.0,0.0
1,156841628,-,8,79693072,+,THCA,1517,TCGA-DJ-A4UP-01A,TCGA-DJ-A4UP-01A,1.0,0.0,0.0,0.0,0.0
1,156856533,+,1,156923890,-,THCA,1518,TCGA-DJ-A4UP-01A,TCGA-DJ-A4UP-01A,1.0,0.0,0.0,0.0,0.0
1,156874220,-,8,116066770,-,THCA,1519,TCGA-DJ-A4UP-01A,TCGA-DJ-A4UP-01A,1.0,0.0,0.0,0.0,0.0
1,156874228,-,1,156874630,-,THCA,1520,TCGA-DJ-A4UP-01A,TCGA-DJ-A4UP-01A,1.0,0.0,0.0,0.0,0.0
1,156874729,+,8,116066770,-,THCA,1521,TCGA-DJ-A4UP-01A,TCGA-DJ-A4UP-01A,1.0,0.0,0.0,0.0,0.0
1,156921915,+,1,157177443,+,THCA,1522,TCGA-DJ-A4UP-01A,TCGA-DJ-A4UP-01A,1.0,0.0,0.0,0.0,0.0
1,156923055,-,1,157166162,-,THCA,1523,TCGA-DJ-A4UP-01A,TCGA-DJ-A4UP-01A,1.0,0.0,0.0,0.0,0.0
1,156923367,+,7,94276524,-,THCA,1524,TCGA-DJ-A4UP-01A,TCGA-DJ-A4UP-01A,1.0,0.0,0.0,0.0,0.0
1,156982098,+,1,157178259,-,THCA,1525,TCGA-DJ-A4UP-01A,TCGA-DJ-A4UP-01A,1.0,0.0,0.0,0.0,0.0
1,234608421,+,8,116067732,+,THCA,1526,TCGA-DJ-A4UP-01A,TCGA-DJ-A4UP-01A,1.0,0.0,0.0,0.0,0.0
11,51142927,+,11,54013529,-,THCA,1527,TCGA-DJ-A4UP-01A,TCGA-DJ-A4UP-01A,1.0,0.0,0.0,0.0,0.0
18,2876497,+,23,31338334,-,THCA,1528,TCGA-DJ-A4UP-01A,TCGA-DJ-A4UP-01A,1.0,0.0,0.0,0.0,0.0
5,22100687,+,7,125319596,-,THCA,1529,TCGA-DJ-A4UP-01A,TCGA-DJ-A4UP-01A,1.0,0.0,0.0,0.0,0.0
7,43999444,+,7,77061124,+,THCA,1530,TCGA-DJ-A4UP-01A,TCGA-DJ-A4UP-01A,1.0,0.0,0.0,0.0,0.0
7,94266832,+,8,116097518,+,THCA,1531,TCGA-DJ-A4UP-01A,TCGA-DJ-A4UP-01A,1.0,0.0,0.0,0.0,0.0
7,94325873,-,8,116070116,-,THCA,1532,TCGA-DJ-A4UP-01A,TCGA-DJ-A4UP-01A,1.0,0.0,0.0,0.0,0.0
8,7102177,+,16,5250022,-,THCA,1533,TCGA-DJ-A4UP-01A,TCGA-DJ-A4UP-01A,1.0,0.0,0.0,0.0,0.0
8,116065843,+,8,116102091,-,THCA,1534,TCGA-DJ-A4UP-01A,TCGA-DJ-A4UP-01A,1.0,0.0,0.0,0.0,0.0
1,120703713,-,20,29362154,+,THCA,1535,TCGA-DJ-A4UQ-01A,TCGA-DJ-A4UQ-01A,1.0,0.0,0.0,0.0,0.0
10,43116143,+,10,59861765,+,THCA,1536,TCGA-DJ-A4UQ-01A,TCGA-DJ-A4UQ-01A,1.0,0.0,0.0,0.0,0.0
10,43116149,-,10,59861831,-,THCA,1537,TCGA-DJ-A4UQ-01A,TCGA-DJ-A4UQ-01A,1.0,0.0,0.0,0.0,0.0
18,15636252,-,18,15701242,+,THCA,1538,TCGA-DJ-A4UQ-01A,TCGA-DJ-A4UQ-01A,1.0,0.0,0.0,0.0,0.0
18,15731826,+,18,15743524,-,THCA,1539,TCGA-DJ-A4UQ-01A,TCGA-DJ-A4UQ-01A,1.0,0.0,0.0,0.0,0.0
6,70317314,-,17,5115556,-,THCA,1540,TCGA-DJ-A4UQ-01A,TCGA-DJ-A4UQ-01A,1.0,0.0,0.0,0.0,0.0
8,92850316,+,19,15861164,+,THCA,1541,TCGA-DJ-A4UQ-01A,TCGA-DJ-A4UQ-01A,1.0,0.0,0.0,0.0,0.0
1,122229079,-,1,122271400,+,THCA,1542,TCGA-DJ-A4UR-01A,TCGA-DJ-A4UR-01A,1.0,0.0,0.0,0.0,0.0
10,39926177,+,10,41707932,-,THCA,1543,TCGA-DJ-A4UR-01A,TCGA-DJ-A4UR-01A,1.0,0.0,0.0,0.0,0.0
10,41579564,-,10,41590607,+,THCA,1544,TCGA-DJ-A4UR-01A,TCGA-DJ-A4UR-01A,1.0,0.0,0.0,0.0,0.0
14,68795248,+,23,117931894,-,THCA,1545,TCGA-DJ-A4UR-01A,TCGA-DJ-A4UR-01A,1.0,0.0,0.0,0.0,0.0
15,34061177,+,22,28570107,+,THCA,1546,TCGA-DJ-A4UR-01A,TCGA-DJ-A4UR-01A,1.0,0.0,0.0,0.0,0.0
2,38402658,+,23,137001675,+,THCA,1547,TCGA-DJ-A4UR-01A,TCGA-DJ-A4UR-01A,1.0,0.0,0.0,0.0,0.0
3,42070914,-,3,69517568,-,THCA,1548,TCGA-DJ-A4UR-01A,TCGA-DJ-A4UR-01A,1.0,0.0,0.0,0.0,0.0
3,42071018,+,3,69517590,+,THCA,1549,TCGA-DJ-A4UR-01A,TCGA-DJ-A4UR-01A,1.0,0.0,0.0,0.0,0.0
1,5485726,+,1,5486241,-,THCA,1550,TCGA-DJ-A4UT-01A,TCGA-DJ-A4UT-01A,1.0,0.0,0.0,0.0,0.0
10,34991708,+,10,34992248,-,THCA,1551,TCGA-DJ-A4UT-01A,TCGA-DJ-A4UT-01A,1.0,0.0,0.0,0.0,0.0
11,54384672,+,11,54405948,-,THCA,1552,TCGA-DJ-A4UT-01A,TCGA-DJ-A4UT-01A,1.0,0.0,0.0,0.0,0.0
13,18800905,-,21,13899287,+,THCA,1553,TCGA-DJ-A4UT-01A,TCGA-DJ-A4UT-01A,1.0,0.0,0.0,0.0,0.0
13,86115395,+,20,53558932,+,THCA,1554,TCGA-DJ-A4UT-01A,TCGA-DJ-A4UT-01A,1.0,0.0,0.0,0.0,0.0
2,20452490,+,2,29231689,-,THCA,1555,TCGA-DJ-A4UT-01A,TCGA-DJ-A4UT-01A,1.0,0.0,0.0,0.0,0.0
2,20453481,-,2,29264215,+,THCA,1556,TCGA-DJ-A4UT-01A,TCGA-DJ-A4UT-01A,1.0,0.0,0.0,0.0,0.0
2,20453989,+,2,87134927,+,THCA,1557,TCGA-DJ-A4UT-01A,TCGA-DJ-A4UT-01A,1.0,0.0,0.0,0.0,0.0
2,20454162,-,2,30682057,-,THCA,1558,TCGA-DJ-A4UT-01A,TCGA-DJ-A4UT-01A,1.0,0.0,0.0,0.0,0.0
2,29231335,+,11,65502873,+,THCA,1559,TCGA-DJ-A4UT-01A,TCGA-DJ-A4UT-01A,1.0,0.0,0.0,0.0,0.0
2,29235329,+,5,163711378,-,THCA,1560,TCGA-DJ-A4UT-01A,TCGA-DJ-A4UT-01A,1.0,0.0,0.0,0.0,0.0
2,29264641,-,2,87133443,-,THCA,1561,TCGA-DJ-A4UT-01A,TCGA-DJ-A4UT-01A,1.0,0.0,0.0,0.0,0.0
2,30626433,+,5,163751576,+,THCA,1562,TCGA-DJ-A4UT-01A,TCGA-DJ-A4UT-01A,1.0,0.0,0.0,0.0,0.0
2,30626897,-,2,62000177,-,THCA,1563,TCGA-DJ-A4UT-01A,TCGA-DJ-A4UT-01A,1.0,0.0,0.0,0.0,0.0
2,30681989,+,23,112757700,-,THCA,1564,TCGA-DJ-A4UT-01A,TCGA-DJ-A4UT-01A,1.0,0.0,0.0,0.0,0.0
2,61998455,+,11,65502899,-,THCA,1565,TCGA-DJ-A4UT-01A,TCGA-DJ-A4UT-01A,1.0,0.0,0.0,0.0,0.0
2,67850535,-,2,67850633,-,THCA,1566,TCGA-DJ-A4UT-01A,TCGA-DJ-A4UT-01A,1.0,0.0,0.0,0.0,0.0
2,67850537,+,2,67850635,+,THCA,1567,TCGA-DJ-A4UT-01A,TCGA-DJ-A4UT-01A,1.0,0.0,0.0,0.0,0.0
2,87132364,+,23,112757859,+,THCA,1568,TCGA-DJ-A4UT-01A,TCGA-DJ-A4UT-01A,1.0,0.0,0.0,0.0,0.0
21,43998934,+,21,44000569,-,THCA,1569,TCGA-DJ-A4UT-01A,TCGA-DJ-A4UT-01A,1.0,0.0,0.0,0.0,0.0
4,108304223,+,14,46370216,+,THCA,1570,TCGA-DJ-A4UT-01A,TCGA-DJ-A4UT-01A,1.0,0.0,0.0,0.0,0.0
4,173609064,+,5,150742990,+,THCA,1571,TCGA-DJ-A4UT-01A,TCGA-DJ-A4UT-01A,1.0,0.0,0.0,0.0,0.0
5,163710972,+,5,163751753,-,THCA,1572,TCGA-DJ-A4UT-01A,TCGA-DJ-A4UT-01A,1.0,0.0,0.0,0.0,0.0
8,8064071,+,8,12609075,+,THCA,1573,TCGA-DJ-A4UT-01A,TCGA-DJ-A4UT-01A,1.0,0.0,0.0,0.0,0.0
1,167739322,+,4,93524850,+,THCA,1574,TCGA-DJ-A4UW-01A,TCGA-DJ-A4UW-01A,1.0,0.0,0.0,0.0,0.0
10,28262261,-,10,28901806,-,THCA,1575,TCGA-DJ-A4UW-01A,TCGA-DJ-A4UW-01A,1.0,0.0,0.0,0.0,0.0
13,19586280,-,19,1493709,-,THCA,1576,TCGA-DJ-A4UW-01A,TCGA-DJ-A4UW-01A,1.0,0.0,0.0,0.0,0.0
19,14090242,+,22,20449649,-,THCA,1577,TCGA-DJ-A4UW-01A,TCGA-DJ-A4UW-01A,1.0,0.0,0.0,0.0,0.0
2,147777588,+,7,88110760,+,THCA,1578,TCGA-DJ-A4UW-01A,TCGA-DJ-A4UW-01A,1.0,0.0,0.0,0.0,0.0
5,47121862,-,5,47145393,+,THCA,1579,TCGA-DJ-A4UW-01A,TCGA-DJ-A4UW-01A,1.0,0.0,0.0,0.0,0.0
8,45080674,-,8,45427510,+,THCA,1580,TCGA-DJ-A4UW-01A,TCGA-DJ-A4UW-01A,1.0,0.0,0.0,0.0,0.0
10,54215791,+,10,54216326,-,THCA,1581,TCGA-DJ-A4V0-01A,TCGA-DJ-A4V0-01A,1.0,0.0,0.0,0.0,0.0
12,11862289,+,12,11885643,+,THCA,1582,TCGA-DJ-A4V0-01A,TCGA-DJ-A4V0-01A,1.0,0.0,0.0,0.0,0.0
12,11867039,-,15,88119496,+,THCA,1583,TCGA-DJ-A4V0-01A,TCGA-DJ-A4V0-01A,1.0,0.0,0.0,0.0,0.0
12,11887203,-,15,88193007,-,THCA,1584,TCGA-DJ-A4V0-01A,TCGA-DJ-A4V0-01A,1.0,0.0,0.0,0.0,0.0
3,15576113,-,16,24096868,-,THCA,1585,TCGA-DJ-A4V0-01A,TCGA-DJ-A4V0-01A,1.0,0.0,0.0,0.0,0.0
3,91438637,+,6,57584088,+,THCA,1586,TCGA-DJ-A4V0-01A,TCGA-DJ-A4V0-01A,1.0,0.0,0.0,0.0,0.0
4,48160826,+,17,13119797,+,THCA,1587,TCGA-DJ-A4V0-01A,TCGA-DJ-A4V0-01A,1.0,0.0,0.0,0.0,0.0
23,48244905,+,23,48447926,+,THCA,1588,TCGA-DJ-A4V0-01A,TCGA-DJ-A4V0-01A,1.0,0.0,0.0,0.0,0.0
1,3111472,-,2,222866745,-,THCA,1589,TCGA-DJ-A4V2-01A,TCGA-DJ-A4V2-01A,1.0,0.0,0.0,0.0,0.0
1,59432811,-,1,59432959,+,THCA,1590,TCGA-DJ-A4V2-01A,TCGA-DJ-A4V2-01A,1.0,0.0,0.0,0.0,0.0
1,124794574,+,1,124839044,-,THCA,1591,TCGA-DJ-A4V2-01A,TCGA-DJ-A4V2-01A,1.0,0.0,0.0,0.0,0.0
14,102094602,-,15,77185763,+,THCA,1592,TCGA-DJ-A4V2-01A,TCGA-DJ-A4V2-01A,1.0,0.0,0.0,0.0,0.0
18,15486954,+,18,15585920,-,THCA,1593,TCGA-DJ-A4V2-01A,TCGA-DJ-A4V2-01A,1.0,0.0,0.0,0.0,0.0
2,175759694,+,2,227064936,-,THCA,1594,TCGA-DJ-A4V2-01A,TCGA-DJ-A4V2-01A,1.0,0.0,0.0,0.0,0.0
2,238053996,-,8,76835238,+,THCA,1595,TCGA-DJ-A4V2-01A,TCGA-DJ-A4V2-01A,1.0,0.0,0.0,0.0,0.0
20,26619694,-,20,28416804,+,THCA,1596,TCGA-DJ-A4V2-01A,TCGA-DJ-A4V2-01A,1.0,0.0,0.0,0.0,0.0
3,33002018,+,3,33002526,-,THCA,1597,TCGA-DJ-A4V2-01A,TCGA-DJ-A4V2-01A,1.0,0.0,0.0,0.0,0.0
5,47026972,-,5,47048511,+,THCA,1598,TCGA-DJ-A4V2-01A,TCGA-DJ-A4V2-01A,1.0,0.0,0.0,0.0,0.0
6,156897266,+,16,30403284,-,THCA,1599,TCGA-DJ-A4V2-01A,TCGA-DJ-A4V2-01A,1.0,0.0,0.0,0.0,0.0
9,42971794,+,9,64485596,-,THCA,1600,TCGA-DJ-A4V2-01A,TCGA-DJ-A4V2-01A,1.0,0.0,0.0,0.0,0.0
11,52427842,+,11,54311302,-,THCA,1601,TCGA-DJ-A4V4-01A,TCGA-DJ-A4V4-01A,1.0,0.0,0.0,0.0,0.0
11,54394169,-,11,54400531,+,THCA,1602,TCGA-DJ-A4V4-01A,TCGA-DJ-A4V4-01A,1.0,0.0,0.0,0.0,0.0
12,64358483,-,13,38754856,-,THCA,1603,TCGA-DJ-A4V4-01A,TCGA-DJ-A4V4-01A,1.0,0.0,0.0,0.0,0.0
2,165486306,+,2,166989080,-,THCA,1604,TCGA-DJ-A4V4-01A,TCGA-DJ-A4V4-01A,1.0,0.0,0.0,0.0,0.0
5,69377533,+,8,128362911,-,THCA,1605,TCGA-DJ-A4V4-01A,TCGA-DJ-A4V4-01A,1.0,0.0,0.0,0.0,0.0
1,23218542,+,2,97839359,+,THCA,1606,TCGA-DJ-A4V5-01A,TCGA-DJ-A4V5-01A,1.0,0.0,0.0,0.0,0.0
1,122200911,-,1,122215844,+,THCA,1607,TCGA-DJ-A4V5-01A,TCGA-DJ-A4V5-01A,1.0,0.0,0.0,0.0,0.0
10,43115734,+,10,59893042,+,THCA,1608,TCGA-DJ-A4V5-01A,TCGA-DJ-A4V5-01A,1.0,0.0,0.0,0.0,0.0
10,43115770,-,10,59893094,-,THCA,1609,TCGA-DJ-A4V5-01A,TCGA-DJ-A4V5-01A,1.0,0.0,0.0,0.0,0.0
11,54346582,+,11,54421050,-,THCA,1610,TCGA-DJ-A4V5-01A,TCGA-DJ-A4V5-01A,1.0,0.0,0.0,0.0,0.0
16,30880458,+,16,30881126,-,THCA,1611,TCGA-DJ-A4V5-01A,TCGA-DJ-A4V5-01A,1.0,0.0,0.0,0.0,0.0
18,15653799,-,18,15679625,+,THCA,1612,TCGA-DJ-A4V5-01A,TCGA-DJ-A4V5-01A,1.0,0.0,0.0,0.0,0.0
2,92913628,-,2,93138562,+,THCA,1613,TCGA-DJ-A4V5-01A,TCGA-DJ-A4V5-01A,1.0,0.0,0.0,0.0,0.0
8,44037612,-,8,44398231,+,THCA,1614,TCGA-DJ-A4V5-01A,TCGA-DJ-A4V5-01A,1.0,0.0,0.0,0.0,0.0
8,120918137,-,11,92412733,+,THCA,1615,TCGA-DJ-A4V5-01A,TCGA-DJ-A4V5-01A,1.0,0.0,0.0,0.0,0.0
8,126075887,-,8,126076007,+,THCA,1616,TCGA-DJ-A4V5-01A,TCGA-DJ-A4V5-01A,1.0,0.0,0.0,0.0,0.0
9,6727664,+,23,136880947,+,THCA,1617,TCGA-DJ-A4V5-01A,TCGA-DJ-A4V5-01A,1.0,0.0,0.0,0.0,0.0
9,44280434,-,9,45114228,+,THCA,1618,TCGA-DJ-A4V5-01A,TCGA-DJ-A4V5-01A,1.0,0.0,0.0,0.0,0.0
1,26868297,+,12,122072885,+,THCA,1619,TCGA-DO-A1JZ-01A,TCGA-DO-A1JZ-01A,1.0,0.0,0.0,0.0,0.0
10,43115152,+,10,59700932,-,THCA,1620,TCGA-DO-A1JZ-01A,TCGA-DO-A1JZ-01A,1.0,0.0,0.0,0.0,0.0
10,43115315,-,10,59896598,-,THCA,1621,TCGA-DO-A1JZ-01A,TCGA-DO-A1JZ-01A,1.0,0.0,0.0,0.0,0.0
12,98568871,+,12,98569484,-,THCA,1622,TCGA-DO-A1JZ-01A,TCGA-DO-A1JZ-01A,1.0,0.0,0.0,0.0,0.0
14,54863871,+,19,8582057,+,THCA,1623,TCGA-DO-A1JZ-01A,TCGA-DO-A1JZ-01A,1.0,0.0,0.0,0.0,0.0
15,57075777,+,17,34099133,+,THCA,1624,TCGA-DO-A1JZ-01A,TCGA-DO-A1JZ-01A,1.0,0.0,0.0,0.0,0.0
17,17129693,+,17,17130437,-,THCA,1625,TCGA-DO-A1JZ-01A,TCGA-DO-A1JZ-01A,1.0,0.0,0.0,0.0,0.0
19,6817108,+,19,6817722,-,THCA,1626,TCGA-DO-A1JZ-01A,TCGA-DO-A1JZ-01A,1.0,0.0,0.0,0.0,0.0
22,24561982,+,22,24562501,-,THCA,1627,TCGA-DO-A1JZ-01A,TCGA-DO-A1JZ-01A,1.0,0.0,0.0,0.0,0.0
4,9943266,+,4,9943912,-,THCA,1628,TCGA-DO-A1JZ-01A,TCGA-DO-A1JZ-01A,1.0,0.0,0.0,0.0,0.0
6,59540551,+,6,59649851,-,THCA,1629,TCGA-DO-A1JZ-01A,TCGA-DO-A1JZ-01A,1.0,0.0,0.0,0.0,0.0
8,16855444,+,10,59712979,+,THCA,1630,TCGA-DO-A1JZ-01A,TCGA-DO-A1JZ-01A,1.0,0.0,0.0,0.0,0.0
8,16855655,-,8,85151301,-,THCA,1631,TCGA-DO-A1JZ-01A,TCGA-DO-A1JZ-01A,1.0,0.0,0.0,0.0,0.0
8,16888783,+,8,16894465,-,THCA,1632,TCGA-DO-A1JZ-01A,TCGA-DO-A1JZ-01A,1.0,0.0,0.0,0.0,0.0
8,17230792,-,8,114734306,-,THCA,1633,TCGA-DO-A1JZ-01A,TCGA-DO-A1JZ-01A,1.0,0.0,0.0,0.0,0.0
8,17230810,+,8,85149291,-,THCA,1634,TCGA-DO-A1JZ-01A,TCGA-DO-A1JZ-01A,1.0,0.0,0.0,0.0,0.0
8,78202940,+,12,97972685,-,THCA,1635,TCGA-DO-A1JZ-01A,TCGA-DO-A1JZ-01A,1.0,0.0,0.0,0.0,0.0
8,85149251,+,8,114698189,+,THCA,1636,TCGA-DO-A1JZ-01A,TCGA-DO-A1JZ-01A,1.0,0.0,0.0,0.0,0.0
8,85151208,+,10,59700866,+,THCA,1637,TCGA-DO-A1JZ-01A,TCGA-DO-A1JZ-01A,1.0,0.0,0.0,0.0,0.0
8,99287402,+,10,59846945,+,THCA,1638,TCGA-DO-A1JZ-01A,TCGA-DO-A1JZ-01A,1.0,0.0,0.0,0.0,0.0
8,99287645,-,10,59727413,-,THCA,1639,TCGA-DO-A1JZ-01A,TCGA-DO-A1JZ-01A,1.0,0.0,0.0,0.0,0.0
9,10488087,-,15,83236837,+,THCA,1640,TCGA-DO-A1K0-01A,TCGA-DO-A1K0-01A,1.0,0.0,0.0,0.0,0.0
1,45955333,+,22,39500882,-,THCA,1641,TCGA-DO-A2HM-01B,TCGA-DO-A2HM-01B,1.0,0.0,0.0,0.0,0.0
1,242276126,+,10,38322182,+,THCA,1642,TCGA-DO-A2HM-01B,TCGA-DO-A2HM-01B,1.0,0.0,0.0,0.0,0.0
13,38491072,-,13,38564011,-,THCA,1643,TCGA-DO-A2HM-01B,TCGA-DO-A2HM-01B,1.0,0.0,0.0,0.0,0.0
13,38563801,+,13,38564548,+,THCA,1644,TCGA-DO-A2HM-01B,TCGA-DO-A2HM-01B,1.0,0.0,0.0,0.0,0.0
14,54565412,+,14,54565955,-,THCA,1645,TCGA-DO-A2HM-01B,TCGA-DO-A2HM-01B,1.0,0.0,0.0,0.0,0.0
18,17538906,-,18,17816775,+,THCA,1646,TCGA-DO-A2HM-01B,TCGA-DO-A2HM-01B,1.0,0.0,0.0,0.0,0.0
20,26448772,+,20,26514819,-,THCA,1647,TCGA-DO-A2HM-01B,TCGA-DO-A2HM-01B,1.0,0.0,0.0,0.0,0.0
20,29926481,+,20,29969359,-,THCA,1648,TCGA-DO-A2HM-01B,TCGA-DO-A2HM-01B,1.0,0.0,0.0,0.0,0.0
4,49762572,+,4,51648230,-,THCA,1649,TCGA-DO-A2HM-01B,TCGA-DO-A2HM-01B,1.0,0.0,0.0,0.0,0.0
4,73853511,+,4,73981674,+,THCA,1650,TCGA-DO-A2HM-01B,TCGA-DO-A2HM-01B,1.0,0.0,0.0,0.0,0.0
7,62567536,-,9,64937740,-,THCA,1651,TCGA-DO-A2HM-01B,TCGA-DO-A2HM-01B,1.0,0.0,0.0,0.0,0.0
8,137213818,+,8,138034999,-,THCA,1652,TCGA-DO-A2HM-01B,TCGA-DO-A2HM-01B,1.0,0.0,0.0,0.0,0.0
8,137514128,-,8,138036216,+,THCA,1653,TCGA-DO-A2HM-01B,TCGA-DO-A2HM-01B,1.0,0.0,0.0,0.0,0.0
1,247036904,+,13,25115471,-,THCA,1654,TCGA-E3-A3DY-01A,TCGA-E3-A3DY-01A,1.0,0.0,0.0,0.0,0.0
11,51531135,-,11,52898188,+,THCA,1655,TCGA-E3-A3DY-01A,TCGA-E3-A3DY-01A,1.0,0.0,0.0,0.0,0.0
2,194978037,-,8,108098217,+,THCA,1656,TCGA-E3-A3DY-01A,TCGA-E3-A3DY-01A,1.0,0.0,0.0,0.0,0.0
2,234934560,+,2,234935209,-,THCA,1657,TCGA-E3-A3DY-01A,TCGA-E3-A3DY-01A,1.0,0.0,0.0,0.0,0.0
3,91157117,-,3,91281825,-,THCA,1658,TCGA-E3-A3DY-01A,TCGA-E3-A3DY-01A,1.0,0.0,0.0,0.0,0.0
4,233106,-,4,417431,+,THCA,1659,TCGA-E3-A3DY-01A,TCGA-E3-A3DY-01A,1.0,0.0,0.0,0.0,0.0
4,132699356,+,4,132699887,-,THCA,1660,TCGA-E3-A3DY-01A,TCGA-E3-A3DY-01A,1.0,0.0,0.0,0.0,0.0
9,127399644,+,9,127400205,-,THCA,1661,TCGA-E3-A3DY-01A,TCGA-E3-A3DY-01A,1.0,0.0,0.0,0.0,0.0
24,6988641,+,24,6989182,-,THCA,1662,TCGA-E3-A3DY-01A,TCGA-E3-A3DY-01A,1.0,0.0,0.0,0.0,0.0
16,34255933,-,16,36322629,+,THCA,1663,TCGA-E3-A3DZ-01A,TCGA-E3-A3DZ-01A,1.0,0.0,0.0,0.0,0.0
17,48904810,+,17,48905398,-,THCA,1664,TCGA-E3-A3DZ-01A,TCGA-E3-A3DZ-01A,1.0,0.0,0.0,0.0,0.0
2,26714851,-,2,140506267,-,THCA,1665,TCGA-E3-A3DZ-01A,TCGA-E3-A3DZ-01A,1.0,0.0,0.0,0.0,0.0
3,33824864,-,3,123554021,+,THCA,1666,TCGA-E3-A3DZ-01A,TCGA-E3-A3DZ-01A,1.0,0.0,0.0,0.0,0.0
3,90824492,+,3,91209996,-,THCA,1667,TCGA-E3-A3DZ-01A,TCGA-E3-A3DZ-01A,1.0,0.0,0.0,0.0,0.0
8,45080677,-,8,45427523,+,THCA,1668,TCGA-E3-A3DZ-01A,TCGA-E3-A3DZ-01A,1.0,0.0,0.0,0.0,0.0
10,43114414,+,10,59878909,+,THCA,1669,TCGA-E3-A3E0-01A,TCGA-E3-A3E0-01A,1.0,0.0,0.0,0.0,0.0
10,43114417,-,10,43116358,-,THCA,1670,TCGA-E3-A3E0-01A,TCGA-E3-A3E0-01A,1.0,0.0,0.0,0.0,0.0
10,43116359,+,10,59878900,-,THCA,1671,TCGA-E3-A3E0-01A,TCGA-E3-A3E0-01A,1.0,0.0,0.0,0.0,0.0
11,54384159,-,11,54416004,+,THCA,1672,TCGA-E3-A3E0-01A,TCGA-E3-A3E0-01A,1.0,0.0,0.0,0.0,0.0
2,156035999,+,2,166517714,-,THCA,1673,TCGA-E3-A3E0-01A,TCGA-E3-A3E0-01A,1.0,0.0,0.0,0.0,0.0
8,121970067,-,20,30279881,-,THCA,1674,TCGA-E3-A3E0-01A,TCGA-E3-A3E0-01A,1.0,0.0,0.0,0.0,0.0
1,77433747,+,8,133313135,+,THCA,1675,TCGA-E3-A3E1-01A,TCGA-E3-A3E1-01A,1.0,0.0,0.0,0.0,0.0
1,122173029,-,1,122191518,+,THCA,1676,TCGA-E3-A3E1-01A,TCGA-E3-A3E1-01A,1.0,0.0,0.0,0.0,0.0
1,124980162,+,1,124994404,-,THCA,1677,TCGA-E3-A3E1-01A,TCGA-E3-A3E1-01A,1.0,0.0,0.0,0.0,0.0
18,20759034,-,18,20775738,+,THCA,1678,TCGA-E3-A3E1-01A,TCGA-E3-A3E1-01A,1.0,0.0,0.0,0.0,0.0
4,38052729,-,17,77486488,-,THCA,1679,TCGA-E3-A3E1-01A,TCGA-E3-A3E1-01A,1.0,0.0,0.0,0.0,0.0
8,111870720,-,15,27934219,-,THCA,1680,TCGA-E3-A3E1-01A,TCGA-E3-A3E1-01A,1.0,0.0,0.0,0.0,0.0
9,14481198,-,9,23159466,-,THCA,1681,TCGA-E3-A3E1-01A,TCGA-E3-A3E1-01A,1.0,0.0,0.0,0.0,0.0
1,29418922,+,5,95738959,+,THCA,1682,TCGA-E3-A3E2-01A,TCGA-E3-A3E2-01A,1.0,0.0,0.0,0.0,0.0
17,23028698,-,17,23042965,+,THCA,1683,TCGA-E3-A3E2-01A,TCGA-E3-A3E2-01A,1.0,0.0,0.0,0.0,0.0
5,178941336,+,5,178941976,-,THCA,1684,TCGA-E3-A3E2-01A,TCGA-E3-A3E2-01A,1.0,0.0,0.0,0.0,0.0
9,77775206,-,22,22114306,+,THCA,1685,TCGA-E3-A3E2-01A,TCGA-E3-A3E2-01A,1.0,0.0,0.0,0.0,0.0
16,15401043,-,18,79656751,+,THCA,1686,TCGA-E3-A3E3-01A,TCGA-E3-A3E3-01A,1.0,0.0,0.0,0.0,0.0
16,56024500,+,16,56025126,-,THCA,1687,TCGA-E3-A3E3-01A,TCGA-E3-A3E3-01A,1.0,0.0,0.0,0.0,0.0
19,5581422,+,19,5581960,-,THCA,1688,TCGA-E3-A3E3-01A,TCGA-E3-A3E3-01A,1.0,0.0,0.0,0.0,0.0
19,40201771,+,19,40202292,-,THCA,1689,TCGA-E3-A3E3-01A,TCGA-E3-A3E3-01A,1.0,0.0,0.0,0.0,0.0
2,183992953,+,2,183993590,-,THCA,1690,TCGA-E3-A3E3-01A,TCGA-E3-A3E3-01A,1.0,0.0,0.0,0.0,0.0
20,29538733,+,20,29540285,-,THCA,1691,TCGA-E3-A3E3-01A,TCGA-E3-A3E3-01A,1.0,0.0,0.0,0.0,0.0
3,89709264,+,11,59282723,-,THCA,1692,TCGA-E3-A3E3-01A,TCGA-E3-A3E3-01A,1.0,0.0,0.0,0.0,0.0
3,125132181,+,3,125132858,-,THCA,1693,TCGA-E3-A3E3-01A,TCGA-E3-A3E3-01A,1.0,0.0,0.0,0.0,0.0
3,138763882,+,3,138764509,-,THCA,1694,TCGA-E3-A3E3-01A,TCGA-E3-A3E3-01A,1.0,0.0,0.0,0.0,0.0
5,49693105,-,5,49958439,+,THCA,1695,TCGA-E3-A3E3-01A,TCGA-E3-A3E3-01A,1.0,0.0,0.0,0.0,0.0
7,152241333,-,13,18329464,-,THCA,1696,TCGA-E3-A3E3-01A,TCGA-E3-A3E3-01A,1.0,0.0,0.0,0.0,0.0
1,122282633,+,1,122392881,-,THCA,1697,TCGA-E3-A3E5-01A,TCGA-E3-A3E5-01A,1.0,0.0,0.0,0.0,0.0
12,36204960,-,12,36705212,+,THCA,1698,TCGA-E3-A3E5-01A,TCGA-E3-A3E5-01A,1.0,0.0,0.0,0.0,0.0
13,17005350,-,13,17107809,+,THCA,1699,TCGA-E3-A3E5-01A,TCGA-E3-A3E5-01A,1.0,0.0,0.0,0.0,0.0
7,48481778,+,11,92183717,+,THCA,1700,TCGA-E3-A3E5-01A,TCGA-E3-A3E5-01A,1.0,0.0,0.0,0.0,0.0
9,40534790,-,18,15394859,+,THCA,1701,TCGA-E3-A3E5-01A,TCGA-E3-A3E5-01A,1.0,0.0,0.0,0.0,0.0
13,90497170,-,23,43589044,-,THCA,1702,TCGA-E8-A242-01A,TCGA-E8-A242-01A,1.0,0.0,0.0,0.0,0.0
18,15684444,-,18,15702573,+,THCA,1703,TCGA-E8-A242-01A,TCGA-E8-A242-01A,1.0,0.0,0.0,0.0,0.0
3,90820233,-,3,90889302,+,THCA,1704,TCGA-E8-A242-01A,TCGA-E8-A242-01A,1.0,0.0,0.0,0.0,0.0
6,114553352,+,7,151022383,-,THCA,1705,TCGA-E8-A242-01A,TCGA-E8-A242-01A,1.0,0.0,0.0,0.0,0.0
8,87428360,-,18,43735243,+,THCA,1706,TCGA-E8-A242-01A,TCGA-E8-A242-01A,1.0,0.0,0.0,0.0,0.0
18,15635049,-,18,15694838,+,THCA,1707,TCGA-E8-A2EA-01A,TCGA-E8-A2EA-01A,1.0,0.0,0.0,0.0,0.0
2,25092406,-,8,63242248,-,THCA,1708,TCGA-E8-A2EA-01A,TCGA-E8-A2EA-01A,1.0,0.0,0.0,0.0,0.0
3,142563991,-,15,90569487,+,THCA,1709,TCGA-E8-A2EA-01A,TCGA-E8-A2EA-01A,1.0,0.0,0.0,0.0,0.0
5,108142979,-,23,107011543,+,THCA,1710,TCGA-E8-A2EA-01A,TCGA-E8-A2EA-01A,1.0,0.0,0.0,0.0,0.0
17,23051817,+,17,23122060,-,THCA,1711,TCGA-E8-A2JQ-01A,TCGA-E8-A2JQ-01A,1.0,0.0,0.0,0.0,0.0
18,15643413,-,18,15768814,+,THCA,1712,TCGA-E8-A2JQ-01A,TCGA-E8-A2JQ-01A,1.0,0.0,0.0,0.0,0.0
6,32527803,+,16,12114939,+,THCA,1713,TCGA-E8-A2JQ-01A,TCGA-E8-A2JQ-01A,1.0,0.0,0.0,0.0,0.0
23,53206827,-,23,83201053,+,THCA,1714,TCGA-E8-A2JQ-01A,TCGA-E8-A2JQ-01A,1.0,0.0,0.0,0.0,0.0
12,33467462,-,12,33497755,+,THCA,1715,TCGA-E8-A3X7-01A,TCGA-E8-A3X7-01A,1.0,0.0,0.0,0.0,0.0
2,81195135,+,2,81195694,-,THCA,1716,TCGA-E8-A3X7-01A,TCGA-E8-A3X7-01A,1.0,0.0,0.0,0.0,0.0
2,221303604,+,2,221305145,-,THCA,1717,TCGA-E8-A3X7-01A,TCGA-E8-A3X7-01A,1.0,0.0,0.0,0.0,0.0
4,50511574,-,4,51557147,+,THCA,1718,TCGA-E8-A3X7-01A,TCGA-E8-A3X7-01A,1.0,0.0,0.0,0.0,0.0
4,51595205,+,4,51602045,-,THCA,1719,TCGA-E8-A3X7-01A,TCGA-E8-A3X7-01A,1.0,0.0,0.0,0.0,0.0
9,42853322,+,20,30723234,+,THCA,1720,TCGA-E8-A3X7-01A,TCGA-E8-A3X7-01A,1.0,0.0,0.0,0.0,0.0
1,13235364,+,1,13384980,-,THCA,1721,TCGA-E8-A413-01A,TCGA-E8-A413-01A,1.0,0.0,0.0,0.0,0.0
1,42047231,+,1,42047894,-,THCA,1722,TCGA-E8-A413-01A,TCGA-E8-A413-01A,1.0,0.0,0.0,0.0,0.0
12,35045455,+,12,35811662,-,THCA,1723,TCGA-E8-A413-01A,TCGA-E8-A413-01A,1.0,0.0,0.0,0.0,0.0
18,15473161,+,18,15699408,-,THCA,1724,TCGA-E8-A413-01A,TCGA-E8-A413-01A,1.0,0.0,0.0,0.0,0.0
3,65419222,-,6,86364675,-,THCA,1725,TCGA-E8-A413-01A,TCGA-E8-A413-01A,1.0,0.0,0.0,0.0,0.0
7,153142430,+,21,30348911,+,THCA,1726,TCGA-E8-A413-01A,TCGA-E8-A413-01A,1.0,0.0,0.0,0.0,0.0
16,36351172,+,16,37700544,-,THCA,1727,TCGA-E8-A414-01A,TCGA-E8-A414-01A,1.0,0.0,0.0,0.0,0.0
18,15731829,+,18,15743527,-,THCA,1728,TCGA-E8-A414-01A,TCGA-E8-A414-01A,1.0,0.0,0.0,0.0,0.0
2,83521902,-,4,105044106,+,THCA,1729,TCGA-E8-A414-01A,TCGA-E8-A414-01A,1.0,0.0,0.0,0.0,0.0
6,64686860,-,14,68648053,-,THCA,1730,TCGA-E8-A414-01A,TCGA-E8-A414-01A,1.0,0.0,0.0,0.0,0.0
1,101496981,-,8,133313030,+,THCA,1731,TCGA-E8-A415-01A,TCGA-E8-A415-01A,1.0,0.0,0.0,0.0,0.0
1,124791529,+,1,124837628,-,THCA,1732,TCGA-E8-A415-01A,TCGA-E8-A415-01A,1.0,0.0,0.0,0.0,0.0
12,5445289,-,16,86341007,-,THCA,1733,TCGA-E8-A415-01A,TCGA-E8-A415-01A,1.0,0.0,0.0,0.0,0.0
13,16334928,-,13,16871602,+,THCA,1734,TCGA-E8-A415-01A,TCGA-E8-A415-01A,1.0,0.0,0.0,0.0,0.0
14,102094600,-,15,77185778,+,THCA,1735,TCGA-E8-A415-01A,TCGA-E8-A415-01A,1.0,0.0,0.0,0.0,0.0
20,29950674,+,20,30024523,-,THCA,1736,TCGA-E8-A415-01A,TCGA-E8-A415-01A,1.0,0.0,0.0,0.0,0.0
21,43834714,+,21,43846793,-,THCA,1737,TCGA-E8-A415-01A,TCGA-E8-A415-01A,1.0,0.0,0.0,0.0,0.0
3,130109101,-,11,67803029,+,THCA,1738,TCGA-E8-A415-01A,TCGA-E8-A415-01A,1.0,0.0,0.0,0.0,0.0
7,46806584,+,23,1030282,-,THCA,1739,TCGA-E8-A415-01A,TCGA-E8-A415-01A,1.0,0.0,0.0,0.0,0.0
1,101496957,-,8,133313069,+,THCA,1740,TCGA-E8-A416-01A,TCGA-E8-A416-01A,1.0,0.0,0.0,0.0,0.0
13,106290907,+,17,72378413,-,THCA,1741,TCGA-E8-A416-01A,TCGA-E8-A416-01A,1.0,0.0,0.0,0.0,0.0
18,15558483,+,18,15704777,-,THCA,1742,TCGA-E8-A416-01A,TCGA-E8-A416-01A,1.0,0.0,0.0,0.0,0.0
2,92867021,-,2,93142159,+,THCA,1743,TCGA-E8-A416-01A,TCGA-E8-A416-01A,1.0,0.0,0.0,0.0,0.0
2,111921267,-,23,153655505,+,THCA,1744,TCGA-E8-A416-01A,TCGA-E8-A416-01A,1.0,0.0,0.0,0.0,0.0
4,51263084,-,4,51561513,+,THCA,1745,TCGA-E8-A416-01A,TCGA-E8-A416-01A,1.0,0.0,0.0,0.0,0.0
1,124808948,-,1,124813490,+,THCA,1746,TCGA-E8-A417-01A,TCGA-E8-A417-01A,1.0,0.0,0.0,0.0,0.0
2,220298756,+,9,105083926,-,THCA,1747,TCGA-E8-A417-01A,TCGA-E8-A417-01A,1.0,0.0,0.0,0.0,0.0
3,91024107,-,3,91212161,+,THCA,1748,TCGA-E8-A417-01A,TCGA-E8-A417-01A,1.0,0.0,0.0,0.0,0.0
8,144796281,-,19,387001,+,THCA,1749,TCGA-E8-A417-01A,TCGA-E8-A417-01A,1.0,0.0,0.0,0.0,0.0
2,224253788,-,3,60123941,+,THCA,1750,TCGA-E8-A418-01A,TCGA-E8-A418-01A,1.0,0.0,0.0,0.0,0.0
20,18728215,+,20,18728771,-,THCA,1751,TCGA-E8-A418-01A,TCGA-E8-A418-01A,1.0,0.0,0.0,0.0,0.0
3,60955614,-,4,176076214,+,THCA,1752,TCGA-E8-A418-01A,TCGA-E8-A418-01A,1.0,0.0,0.0,0.0,0.0
4,138421186,+,4,138422416,-,THCA,1753,TCGA-E8-A418-01A,TCGA-E8-A418-01A,1.0,0.0,0.0,0.0,0.0
9,112379748,+,19,48552743,+,THCA,1754,TCGA-E8-A418-01A,TCGA-E8-A418-01A,1.0,0.0,0.0,0.0,0.0
1,199011033,-,2,141517284,+,THCA,1755,TCGA-E8-A419-01A,TCGA-E8-A419-01A,1.0,0.0,0.0,0.0,0.0
10,42109570,-,22,16302845,-,THCA,1756,TCGA-E8-A419-01A,TCGA-E8-A419-01A,1.0,0.0,0.0,0.0,0.0
11,62952107,+,11,92412675,+,THCA,1757,TCGA-E8-A419-01A,TCGA-E8-A419-01A,1.0,0.0,0.0,0.0,0.0
13,16917999,-,13,17396454,+,THCA,1758,TCGA-E8-A419-01A,TCGA-E8-A419-01A,1.0,0.0,0.0,0.0,0.0
17,22822326,-,17,23049571,+,THCA,1759,TCGA-E8-A419-01A,TCGA-E8-A419-01A,1.0,0.0,0.0,0.0,0.0
2,102646790,+,6,68454001,+,THCA,1760,TCGA-E8-A419-01A,TCGA-E8-A419-01A,1.0,0.0,0.0,0.0,0.0
20,26506160,-,20,26583611,+,THCA,1761,TCGA-E8-A419-01A,TCGA-E8-A419-01A,1.0,0.0,0.0,0.0,0.0
20,29952286,+,20,29986950,-,THCA,1762,TCGA-E8-A419-01A,TCGA-E8-A419-01A,1.0,0.0,0.0,0.0,0.0
3,56719966,-,8,76446894,-,THCA,1763,TCGA-E8-A419-01A,TCGA-E8-A419-01A,1.0,0.0,0.0,0.0,0.0
4,68814834,+,4,69021905,+,THCA,1764,TCGA-E8-A419-01A,TCGA-E8-A419-01A,1.0,0.0,0.0,0.0,0.0
5,66522556,-,20,18025576,+,THCA,1765,TCGA-E8-A419-01A,TCGA-E8-A419-01A,1.0,0.0,0.0,0.0,0.0
7,1170411,+,14,29826461,-,THCA,1766,TCGA-E8-A419-01A,TCGA-E8-A419-01A,1.0,0.0,0.0,0.0,0.0
8,87428321,-,18,43735277,+,THCA,1767,TCGA-E8-A419-01A,TCGA-E8-A419-01A,1.0,0.0,0.0,0.0,0.0
23,63625495,-,23,116863953,-,THCA,1768,TCGA-E8-A419-01A,TCGA-E8-A419-01A,1.0,0.0,0.0,0.0,0.0
1,77433259,-,8,133313519,-,THCA,1769,TCGA-E8-A432-01A,TCGA-E8-A432-01A,1.0,0.0,0.0,0.0,0.0
1,110914402,-,9,25829709,-,THCA,1770,TCGA-E8-A432-01A,TCGA-E8-A432-01A,1.0,0.0,0.0,0.0,0.0
1,111163237,+,9,34953449,-,THCA,1771,TCGA-E8-A432-01A,TCGA-E8-A432-01A,1.0,0.0,0.0,0.0,0.0
1,111935297,-,1,114139235,-,THCA,1772,TCGA-E8-A432-01A,TCGA-E8-A432-01A,1.0,0.0,0.0,0.0,0.0
1,114069340,-,1,114120378,-,THCA,1773,TCGA-E8-A432-01A,TCGA-E8-A432-01A,1.0,0.0,0.0,0.0,0.0
1,118729789,-,9,26615654,+,THCA,1774,TCGA-E8-A432-01A,TCGA-E8-A432-01A,1.0,0.0,0.0,0.0,0.0
1,205048916,-,6,11043468,-,THCA,1775,TCGA-E8-A432-01A,TCGA-E8-A432-01A,1.0,0.0,0.0,0.0,0.0
10,65510384,-,10,66686685,-,THCA,1776,TCGA-E8-A432-01A,TCGA-E8-A432-01A,1.0,0.0,0.0,0.0,0.0
10,65510386,+,10,65608712,+,THCA,1777,TCGA-E8-A432-01A,TCGA-E8-A432-01A,1.0,0.0,0.0,0.0,0.0
10,114104411,+,20,21923527,-,THCA,1778,TCGA-E8-A432-01A,TCGA-E8-A432-01A,1.0,0.0,0.0,0.0,0.0
10,114104415,-,20,21923516,+,THCA,1779,TCGA-E8-A432-01A,TCGA-E8-A432-01A,1.0,0.0,0.0,0.0,0.0
10,114660900,+,20,21949948,-,THCA,1780,TCGA-E8-A432-01A,TCGA-E8-A432-01A,1.0,0.0,0.0,0.0,0.0
10,114660925,-,20,21928510,+,THCA,1781,TCGA-E8-A432-01A,TCGA-E8-A432-01A,1.0,0.0,0.0,0.0,0.0
11,35610470,-,11,40732308,-,THCA,1782,TCGA-E8-A432-01A,TCGA-E8-A432-01A,1.0,0.0,0.0,0.0,0.0
11,35610471,+,11,40732309,+,THCA,1783,TCGA-E8-A432-01A,TCGA-E8-A432-01A,1.0,0.0,0.0,0.0,0.0
11,37978439,-,11,77457997,+,THCA,1784,TCGA-E8-A432-01A,TCGA-E8-A432-01A,1.0,0.0,0.0,0.0,0.0
11,37978441,+,11,77523396,-,THCA,1785,TCGA-E8-A432-01A,TCGA-E8-A432-01A,1.0,0.0,0.0,0.0,0.0
13,90497169,-,23,43589034,-,THCA,1786,TCGA-E8-A432-01A,TCGA-E8-A432-01A,1.0,0.0,0.0,0.0,0.0
14,55078311,+,14,55078910,-,THCA,1787,TCGA-E8-A432-01A,TCGA-E8-A432-01A,1.0,0.0,0.0,0.0,0.0
17,20502280,-,21,35694888,-,THCA,1788,TCGA-E8-A432-01A,TCGA-E8-A432-01A,1.0,0.0,0.0,0.0,0.0
17,23051806,+,17,23122055,-,THCA,1789,TCGA-E8-A432-01A,TCGA-E8-A432-01A,1.0,0.0,0.0,0.0,0.0
2,29227776,+,2,29412568,-,THCA,1790,TCGA-E8-A432-01A,TCGA-E8-A432-01A,1.0,0.0,0.0,0.0,0.0
2,29413485,+,2,42276068,+,THCA,1791,TCGA-E8-A432-01A,TCGA-E8-A432-01A,1.0,0.0,0.0,0.0,0.0
2,29413557,-,17,4770192,-,THCA,1792,TCGA-E8-A432-01A,TCGA-E8-A432-01A,1.0,0.0,0.0,0.0,0.0
2,29413961,+,2,73569722,+,THCA,1793,TCGA-E8-A432-01A,TCGA-E8-A432-01A,1.0,0.0,0.0,0.0,0.0
2,29455727,-,2,42276078,-,THCA,1794,TCGA-E8-A432-01A,TCGA-E8-A432-01A,1.0,0.0,0.0,0.0,0.0
2,73486752,+,2,73569728,-,THCA,1795,TCGA-E8-A432-01A,TCGA-E8-A432-01A,1.0,0.0,0.0,0.0,0.0
2,73486761,-,17,4770190,+,THCA,1796,TCGA-E8-A432-01A,TCGA-E8-A432-01A,1.0,0.0,0.0,0.0,0.0
21,35694892,+,21,36094973,+,THCA,1797,TCGA-E8-A432-01A,TCGA-E8-A432-01A,1.0,0.0,0.0,0.0,0.0
3,55001472,+,13,92242489,+,THCA,1798,TCGA-E8-A432-01A,TCGA-E8-A432-01A,1.0,0.0,0.0,0.0,0.0
3,55001472,-,9,27002445,+,THCA,1799,TCGA-E8-A432-01A,TCGA-E8-A432-01A,1.0,0.0,0.0,0.0,0.0
3,55001472,+,9,27002492,-,THCA,1800,TCGA-E8-A432-01A,TCGA-E8-A432-01A,1.0,0.0,0.0,0.0,0.0
3,90955462,-,3,91233375,+,THCA,1801,TCGA-E8-A432-01A,TCGA-E8-A432-01A,1.0,0.0,0.0,0.0,0.0
3,91087634,+,3,91168228,-,THCA,1802,TCGA-E8-A432-01A,TCGA-E8-A432-01A,1.0,0.0,0.0,0.0,0.0
4,35131076,+,4,35131596,-,THCA,1803,TCGA-E8-A432-01A,TCGA-E8-A432-01A,1.0,0.0,0.0,0.0,0.0
4,35558056,+,4,35559406,-,THCA,1804,TCGA-E8-A432-01A,TCGA-E8-A432-01A,1.0,0.0,0.0,0.0,0.0
4,76972526,+,4,76994176,-,THCA,1805,TCGA-E8-A432-01A,TCGA-E8-A432-01A,1.0,0.0,0.0,0.0,0.0
5,31221331,-,5,66546554,-,THCA,1806,TCGA-E8-A432-01A,TCGA-E8-A432-01A,1.0,0.0,0.0,0.0,0.0
5,31221331,+,5,66546554,+,THCA,1807,TCGA-E8-A432-01A,TCGA-E8-A432-01A,1.0,0.0,0.0,0.0,0.0
5,47173001,-,5,47275147,+,THCA,1808,TCGA-E8-A432-01A,TCGA-E8-A432-01A,1.0,0.0,0.0,0.0,0.0
5,57938109,-,12,9766462,+,THCA,1809,TCGA-E8-A432-01A,TCGA-E8-A432-01A,1.0,0.0,0.0,0.0,0.0
5,57938111,+,5,60145642,-,THCA,1810,TCGA-E8-A432-01A,TCGA-E8-A432-01A,1.0,0.0,0.0,0.0,0.0
5,60145645,+,12,9766459,-,THCA,1811,TCGA-E8-A432-01A,TCGA-E8-A432-01A,1.0,0.0,0.0,0.0,0.0
5,119884909,-,13,92242328,+,THCA,1812,TCGA-E8-A432-01A,TCGA-E8-A432-01A,1.0,0.0,0.0,0.0,0.0
5,119884909,+,13,92242489,-,THCA,1813,TCGA-E8-A432-01A,TCGA-E8-A432-01A,1.0,0.0,0.0,0.0,0.0
5,125538560,+,5,125749248,-,THCA,1814,TCGA-E8-A432-01A,TCGA-E8-A432-01A,1.0,0.0,0.0,0.0,0.0
6,92493856,-,6,92837938,-,THCA,1815,TCGA-E8-A432-01A,TCGA-E8-A432-01A,1.0,0.0,0.0,0.0,0.0
6,92499936,+,6,92827876,+,THCA,1816,TCGA-E8-A432-01A,TCGA-E8-A432-01A,1.0,0.0,0.0,0.0,0.0
7,4497388,-,7,9622009,+,THCA,1817,TCGA-E8-A432-01A,TCGA-E8-A432-01A,1.0,0.0,0.0,0.0,0.0
8,87428357,-,18,43735239,+,THCA,1818,TCGA-E8-A432-01A,TCGA-E8-A432-01A,1.0,0.0,0.0,0.0,0.0
9,13890796,-,12,96726653,-,THCA,1819,TCGA-E8-A432-01A,TCGA-E8-A432-01A,1.0,0.0,0.0,0.0,0.0
9,13890799,+,12,96726656,+,THCA,1820,TCGA-E8-A432-01A,TCGA-E8-A432-01A,1.0,0.0,0.0,0.0,0.0
9,27002443,-,13,92242328,-,THCA,1821,TCGA-E8-A432-01A,TCGA-E8-A432-01A,1.0,0.0,0.0,0.0,0.0
9,28851788,+,9,28879416,+,THCA,1822,TCGA-E8-A432-01A,TCGA-E8-A432-01A,1.0,0.0,0.0,0.0,0.0
9,28881312,-,9,28972935,+,THCA,1823,TCGA-E8-A432-01A,TCGA-E8-A432-01A,1.0,0.0,0.0,0.0,0.0
9,74637687,+,9,74697827,-,THCA,1824,TCGA-E8-A432-01A,TCGA-E8-A432-01A,1.0,0.0,0.0,0.0,0.0
9,80568006,-,9,81703816,-,THCA,1825,TCGA-E8-A432-01A,TCGA-E8-A432-01A,1.0,0.0,0.0,0.0,0.0
9,80568006,+,9,81703816,+,THCA,1826,TCGA-E8-A432-01A,TCGA-E8-A432-01A,1.0,0.0,0.0,0.0,0.0
23,24998991,+,23,30444932,-,THCA,1827,TCGA-E8-A432-01A,TCGA-E8-A432-01A,1.0,0.0,0.0,0.0,0.0
1,29872115,-,1,29873350,+,THCA,1828,TCGA-E8-A433-01A,TCGA-E8-A433-01A,1.0,0.0,0.0,0.0,0.0
1,121907644,+,1,122174640,+,THCA,1829,TCGA-E8-A433-01A,TCGA-E8-A433-01A,1.0,0.0,0.0,0.0,0.0
1,122444218,+,1,122453791,-,THCA,1830,TCGA-E8-A433-01A,TCGA-E8-A433-01A,1.0,0.0,0.0,0.0,0.0
10,60100256,+,16,67079516,-,THCA,1831,TCGA-E8-A433-01A,TCGA-E8-A433-01A,1.0,0.0,0.0,0.0,0.0
12,56717029,+,12,56717596,-,THCA,1832,TCGA-E8-A433-01A,TCGA-E8-A433-01A,1.0,0.0,0.0,0.0,0.0
14,67982723,+,14,67983338,-,THCA,1833,TCGA-E8-A433-01A,TCGA-E8-A433-01A,1.0,0.0,0.0,0.0,0.0
3,84952999,-,6,98212995,-,THCA,1834,TCGA-E8-A433-01A,TCGA-E8-A433-01A,1.0,0.0,0.0,0.0,0.0
3,91438584,+,6,57584068,+,THCA,1835,TCGA-E8-A433-01A,TCGA-E8-A433-01A,1.0,0.0,0.0,0.0,0.0
5,157208750,+,5,157209255,-,THCA,1836,TCGA-E8-A433-01A,TCGA-E8-A433-01A,1.0,0.0,0.0,0.0,0.0
8,87428365,-,18,43735238,+,THCA,1837,TCGA-E8-A433-01A,TCGA-E8-A433-01A,1.0,0.0,0.0,0.0,0.0
23,11713570,+,23,95239230,-,THCA,1838,TCGA-E8-A433-01A,TCGA-E8-A433-01A,1.0,0.0,0.0,0.0,0.0
1,122173004,-,1,122191521,+,THCA,1839,TCGA-E8-A434-01A,TCGA-E8-A434-01A,1.0,0.0,0.0,0.0,0.0
12,35981528,-,12,36915085,+,THCA,1840,TCGA-E8-A434-01A,TCGA-E8-A434-01A,1.0,0.0,0.0,0.0,0.0
15,24164202,+,15,24379920,-,THCA,1841,TCGA-E8-A434-01A,TCGA-E8-A434-01A,1.0,0.0,0.0,0.0,0.0
17,22875179,+,17,23042650,-,THCA,1842,TCGA-E8-A434-01A,TCGA-E8-A434-01A,1.0,0.0,0.0,0.0,0.0
17,76782687,-,19,17963023,+,THCA,1843,TCGA-E8-A434-01A,TCGA-E8-A434-01A,1.0,0.0,0.0,0.0,0.0
2,60920346,-,23,40204030,+,THCA,1844,TCGA-E8-A434-01A,TCGA-E8-A434-01A,1.0,0.0,0.0,0.0,0.0
3,184438858,-,9,110145013,+,THCA,1845,TCGA-E8-A434-01A,TCGA-E8-A434-01A,1.0,0.0,0.0,0.0,0.0
4,82222932,+,10,20546011,+,THCA,1846,TCGA-E8-A434-01A,TCGA-E8-A434-01A,1.0,0.0,0.0,0.0,0.0
5,47026950,-,5,47048697,+,THCA,1847,TCGA-E8-A434-01A,TCGA-E8-A434-01A,1.0,0.0,0.0,0.0,0.0
5,61486411,+,5,61487078,-,THCA,1848,TCGA-E8-A434-01A,TCGA-E8-A434-01A,1.0,0.0,0.0,0.0,0.0
8,127862476,+,8,127863149,-,THCA,1849,TCGA-E8-A434-01A,TCGA-E8-A434-01A,1.0,0.0,0.0,0.0,0.0
11,69206371,-,16,65833475,-,THCA,1850,TCGA-E8-A436-01A,TCGA-E8-A436-01A,1.0,0.0,0.0,0.0,0.0
2,95362236,-,12,3768290,-,THCA,1851,TCGA-E8-A436-01A,TCGA-E8-A436-01A,1.0,0.0,0.0,0.0,0.0
6,58573005,-,6,59445432,+,THCA,1852,TCGA-E8-A436-01A,TCGA-E8-A436-01A,1.0,0.0,0.0,0.0,0.0
1,15502897,-,7,148936206,+,THCA,1853,TCGA-E8-A437-01A,TCGA-E8-A437-01A,1.0,0.0,0.0,0.0,0.0
1,29418933,+,5,95738984,+,THCA,1854,TCGA-E8-A437-01A,TCGA-E8-A437-01A,1.0,0.0,0.0,0.0,0.0
1,63768758,+,14,82259613,-,THCA,1855,TCGA-E8-A437-01A,TCGA-E8-A437-01A,1.0,0.0,0.0,0.0,0.0
1,164190734,-,8,109289932,-,THCA,1856,TCGA-E8-A437-01A,TCGA-E8-A437-01A,1.0,0.0,0.0,0.0,0.0
13,16729234,+,13,17372179,-,THCA,1857,TCGA-E8-A437-01A,TCGA-E8-A437-01A,1.0,0.0,0.0,0.0,0.0
18,2956312,-,23,148574986,+,THCA,1858,TCGA-E8-A437-01A,TCGA-E8-A437-01A,1.0,0.0,0.0,0.0,0.0
2,51716389,-,7,137638648,-,THCA,1859,TCGA-E8-A437-01A,TCGA-E8-A437-01A,1.0,0.0,0.0,0.0,0.0
20,26481550,-,20,26575814,+,THCA,1860,TCGA-E8-A437-01A,TCGA-E8-A437-01A,1.0,0.0,0.0,0.0,0.0
3,63494419,-,23,118784155,+,THCA,1861,TCGA-E8-A437-01A,TCGA-E8-A437-01A,1.0,0.0,0.0,0.0,0.0
5,154688548,-,7,117636904,-,THCA,1862,TCGA-E8-A437-01A,TCGA-E8-A437-01A,1.0,0.0,0.0,0.0,0.0
7,10053078,-,10,106103419,-,THCA,1863,TCGA-E8-A437-01A,TCGA-E8-A437-01A,1.0,0.0,0.0,0.0,0.0
7,153505934,-,20,22084017,+,THCA,1864,TCGA-E8-A437-01A,TCGA-E8-A437-01A,1.0,0.0,0.0,0.0,0.0
9,4735324,-,23,126035557,-,THCA,1865,TCGA-E8-A437-01A,TCGA-E8-A437-01A,1.0,0.0,0.0,0.0,0.0
11,21288842,+,11,21988696,-,THCA,1866,TCGA-E8-A438-01A,TCGA-E8-A438-01A,1.0,0.0,0.0,0.0,0.0
11,54374411,+,11,54390452,-,THCA,1867,TCGA-E8-A438-01A,TCGA-E8-A438-01A,1.0,0.0,0.0,0.0,0.0
12,11856548,+,15,88053061,+,THCA,1868,TCGA-E8-A438-01A,TCGA-E8-A438-01A,1.0,0.0,0.0,0.0,0.0
12,11856693,-,15,88053134,-,THCA,1869,TCGA-E8-A438-01A,TCGA-E8-A438-01A,1.0,0.0,0.0,0.0,0.0
12,34936176,-,12,36390066,+,THCA,1870,TCGA-E8-A438-01A,TCGA-E8-A438-01A,1.0,0.0,0.0,0.0,0.0
3,61503034,-,15,80024603,+,THCA,1871,TCGA-E8-A438-01A,TCGA-E8-A438-01A,1.0,0.0,0.0,0.0,0.0
5,49707694,-,5,49832953,+,THCA,1872,TCGA-E8-A438-01A,TCGA-E8-A438-01A,1.0,0.0,0.0,0.0,0.0
7,41183330,-,11,18251925,+,THCA,1873,TCGA-E8-A438-01A,TCGA-E8-A438-01A,1.0,0.0,0.0,0.0,0.0
9,39605993,-,9,42359595,+,THCA,1874,TCGA-E8-A438-01A,TCGA-E8-A438-01A,1.0,0.0,0.0,0.0,0.0
9,39606194,+,9,42360151,-,THCA,1875,TCGA-E8-A438-01A,TCGA-E8-A438-01A,1.0,0.0,0.0,0.0,0.0
1,216753196,+,5,8423317,-,THCA,1876,TCGA-E8-A44K-01A,TCGA-E8-A44K-01A,1.0,0.0,0.0,0.0,0.0
11,102180401,-,15,65316183,-,THCA,1877,TCGA-E8-A44K-01A,TCGA-E8-A44K-01A,1.0,0.0,0.0,0.0,0.0
14,102099534,+,14,102100152,-,THCA,1878,TCGA-E8-A44K-01A,TCGA-E8-A44K-01A,1.0,0.0,0.0,0.0,0.0
2,29696471,+,2,29696981,-,THCA,1879,TCGA-E8-A44K-01A,TCGA-E8-A44K-01A,1.0,0.0,0.0,0.0,0.0
9,61459067,-,13,78150786,+,THCA,1880,TCGA-E8-A44K-01A,TCGA-E8-A44K-01A,1.0,0.0,0.0,0.0,0.0
1,89021492,-,11,7882498,+,THCA,1881,TCGA-E8-A44M-01A,TCGA-E8-A44M-01A,1.0,0.0,0.0,0.0,0.0
10,43110702,+,10,60041053,+,THCA,1882,TCGA-E8-A44M-01A,TCGA-E8-A44M-01A,1.0,0.0,0.0,0.0,0.0
10,43114556,-,10,59865565,-,THCA,1883,TCGA-E8-A44M-01A,TCGA-E8-A44M-01A,1.0,0.0,0.0,0.0,0.0
10,59744958,-,10,59862539,+,THCA,1884,TCGA-E8-A44M-01A,TCGA-E8-A44M-01A,1.0,0.0,0.0,0.0,0.0
10,59745105,+,10,59865458,+,THCA,1885,TCGA-E8-A44M-01A,TCGA-E8-A44M-01A,1.0,0.0,0.0,0.0,0.0
10,59771464,-,10,59862506,-,THCA,1886,TCGA-E8-A44M-01A,TCGA-E8-A44M-01A,1.0,0.0,0.0,0.0,0.0
10,59771501,+,10,60044787,-,THCA,1887,TCGA-E8-A44M-01A,TCGA-E8-A44M-01A,1.0,0.0,0.0,0.0,0.0
14,20987352,+,14,20988035,-,THCA,1888,TCGA-E8-A44M-01A,TCGA-E8-A44M-01A,1.0,0.0,0.0,0.0,0.0
4,133011020,+,23,103202572,-,THCA,1889,TCGA-E8-A44M-01A,TCGA-E8-A44M-01A,1.0,0.0,0.0,0.0,0.0
5,47130803,+,5,47134785,-,THCA,1890,TCGA-E8-A44M-01A,TCGA-E8-A44M-01A,1.0,0.0,0.0,0.0,0.0
7,138275522,+,10,15549447,+,THCA,1891,TCGA-E8-A44M-01A,TCGA-E8-A44M-01A,1.0,0.0,0.0,0.0,0.0
1,10473287,+,1,10473908,-,THCA,1892,TCGA-EL-A3CM-01A,TCGA-EL-A3CM-01A,1.0,0.0,0.0,0.0,0.0
13,16398274,-,13,16962366,+,THCA,1893,TCGA-EL-A3CM-01A,TCGA-EL-A3CM-01A,1.0,0.0,0.0,0.0,0.0
14,102094623,-,15,77185748,+,THCA,1894,TCGA-EL-A3CM-01A,TCGA-EL-A3CM-01A,1.0,0.0,0.0,0.0,0.0
18,15511667,+,18,15666953,-,THCA,1895,TCGA-EL-A3CM-01A,TCGA-EL-A3CM-01A,1.0,0.0,0.0,0.0,0.0
3,88947012,-,22,50351153,-,THCA,1896,TCGA-EL-A3CM-01A,TCGA-EL-A3CM-01A,1.0,0.0,0.0,0.0,0.0
3,88947507,+,22,50351368,+,THCA,1897,TCGA-EL-A3CM-01A,TCGA-EL-A3CM-01A,1.0,0.0,0.0,0.0,0.0
4,65326041,+,9,72488453,-,THCA,1898,TCGA-EL-A3CM-01A,TCGA-EL-A3CM-01A,1.0,0.0,0.0,0.0,0.0
4,108304210,+,14,46370179,+,THCA,1899,TCGA-EL-A3CM-01A,TCGA-EL-A3CM-01A,1.0,0.0,0.0,0.0,0.0
5,133998442,+,5,133999067,-,THCA,1900,TCGA-EL-A3CM-01A,TCGA-EL-A3CM-01A,1.0,0.0,0.0,0.0,0.0
9,21274214,-,9,27492144,+,THCA,1901,TCGA-EL-A3CM-01A,TCGA-EL-A3CM-01A,1.0,0.0,0.0,0.0,0.0
9,21369765,-,9,23336479,-,THCA,1902,TCGA-EL-A3CM-01A,TCGA-EL-A3CM-01A,1.0,0.0,0.0,0.0,0.0
9,21369780,+,9,23294517,-,THCA,1903,TCGA-EL-A3CM-01A,TCGA-EL-A3CM-01A,1.0,0.0,0.0,0.0,0.0
9,21370236,+,9,27389338,-,THCA,1904,TCGA-EL-A3CM-01A,TCGA-EL-A3CM-01A,1.0,0.0,0.0,0.0,0.0
9,23335432,+,9,23961686,+,THCA,1905,TCGA-EL-A3CM-01A,TCGA-EL-A3CM-01A,1.0,0.0,0.0,0.0,0.0
9,23833872,-,9,25161511,-,THCA,1906,TCGA-EL-A3CM-01A,TCGA-EL-A3CM-01A,1.0,0.0,0.0,0.0,0.0
11,134395982,+,11,134396736,-,THCA,1907,TCGA-EL-A3CN-01A,TCGA-EL-A3CN-01A,1.0,0.0,0.0,0.0,0.0
12,124022901,+,12,124023403,-,THCA,1908,TCGA-EL-A3CN-01A,TCGA-EL-A3CN-01A,1.0,0.0,0.0,0.0,0.0
13,16586638,+,13,16992383,-,THCA,1909,TCGA-EL-A3CN-01A,TCGA-EL-A3CN-01A,1.0,0.0,0.0,0.0,0.0
19,35720588,+,19,35721214,-,THCA,1910,TCGA-EL-A3CN-01A,TCGA-EL-A3CN-01A,1.0,0.0,0.0,0.0,0.0
2,131726770,+,13,35047906,-,THCA,1911,TCGA-EL-A3CN-01A,TCGA-EL-A3CN-01A,1.0,0.0,0.0,0.0,0.0
3,113744398,-,12,66245600,-,THCA,1912,TCGA-EL-A3CN-01A,TCGA-EL-A3CN-01A,1.0,0.0,0.0,0.0,0.0
6,15052404,-,12,98083991,+,THCA,1913,TCGA-EL-A3CN-01A,TCGA-EL-A3CN-01A,1.0,0.0,0.0,0.0,0.0
1,90971626,+,11,41804664,+,THCA,1914,TCGA-EL-A3CO-01A,TCGA-EL-A3CO-01A,1.0,0.0,0.0,0.0,0.0
1,122229068,-,1,122271408,+,THCA,1915,TCGA-EL-A3CO-01A,TCGA-EL-A3CO-01A,1.0,0.0,0.0,0.0,0.0
1,122963474,-,1,124975594,+,THCA,1916,TCGA-EL-A3CO-01A,TCGA-EL-A3CO-01A,1.0,0.0,0.0,0.0,0.0
11,54394177,-,11,54400532,+,THCA,1917,TCGA-EL-A3CO-01A,TCGA-EL-A3CO-01A,1.0,0.0,0.0,0.0,0.0
12,55805024,+,12,55805573,-,THCA,1918,TCGA-EL-A3CO-01A,TCGA-EL-A3CO-01A,1.0,0.0,0.0,0.0,0.0
14,102094647,-,15,77185717,+,THCA,1919,TCGA-EL-A3CO-01A,TCGA-EL-A3CO-01A,1.0,0.0,0.0,0.0,0.0
18,15705004,+,18,15706715,-,THCA,1920,TCGA-EL-A3CO-01A,TCGA-EL-A3CO-01A,1.0,0.0,0.0,0.0,0.0
3,76520371,+,18,54001576,-,THCA,1921,TCGA-EL-A3CO-01A,TCGA-EL-A3CO-01A,1.0,0.0,0.0,0.0,0.0
3,90793172,-,3,90969017,+,THCA,1922,TCGA-EL-A3CO-01A,TCGA-EL-A3CO-01A,1.0,0.0,0.0,0.0,0.0
3,91027571,-,3,91035987,+,THCA,1923,TCGA-EL-A3CO-01A,TCGA-EL-A3CO-01A,1.0,0.0,0.0,0.0,0.0
4,49762550,+,4,51648224,-,THCA,1924,TCGA-EL-A3CO-01A,TCGA-EL-A3CO-01A,1.0,0.0,0.0,0.0,0.0
5,86468309,+,23,142916108,-,THCA,1925,TCGA-EL-A3CO-01A,TCGA-EL-A3CO-01A,1.0,0.0,0.0,0.0,0.0
6,58596639,+,6,59540012,-,THCA,1926,TCGA-EL-A3CO-01A,TCGA-EL-A3CO-01A,1.0,0.0,0.0,0.0,0.0
6,73839598,+,24,16914015,+,THCA,1927,TCGA-EL-A3CO-01A,TCGA-EL-A3CO-01A,1.0,0.0,0.0,0.0,0.0
7,61444361,+,7,61504537,-,THCA,1928,TCGA-EL-A3CO-01A,TCGA-EL-A3CO-01A,1.0,0.0,0.0,0.0,0.0
8,23015884,-,16,64489043,-,THCA,1929,TCGA-EL-A3CO-01A,TCGA-EL-A3CO-01A,1.0,0.0,0.0,0.0,0.0
1,124794688,+,1,124838923,-,THCA,1930,TCGA-EL-A3CR-01A,TCGA-EL-A3CR-01A,1.0,0.0,0.0,0.0,0.0
10,56696842,+,10,56697360,-,THCA,1931,TCGA-EL-A3CR-01A,TCGA-EL-A3CR-01A,1.0,0.0,0.0,0.0,0.0
14,68628303,+,14,68628859,-,THCA,1932,TCGA-EL-A3CR-01A,TCGA-EL-A3CR-01A,1.0,0.0,0.0,0.0,0.0
2,142152789,+,2,162753263,+,THCA,1933,TCGA-EL-A3CR-01A,TCGA-EL-A3CR-01A,1.0,0.0,0.0,0.0,0.0
2,224090140,-,2,224130035,+,THCA,1934,TCGA-EL-A3CR-01A,TCGA-EL-A3CR-01A,1.0,0.0,0.0,0.0,0.0
20,26384341,+,20,26481905,-,THCA,1935,TCGA-EL-A3CR-01A,TCGA-EL-A3CR-01A,1.0,0.0,0.0,0.0,0.0
5,49912455,-,5,49936929,+,THCA,1936,TCGA-EL-A3CR-01A,TCGA-EL-A3CR-01A,1.0,0.0,0.0,0.0,0.0
6,44118730,+,6,44119250,-,THCA,1937,TCGA-EL-A3CR-01A,TCGA-EL-A3CR-01A,1.0,0.0,0.0,0.0,0.0
7,98656987,+,10,111950308,-,THCA,1938,TCGA-EL-A3CR-01A,TCGA-EL-A3CR-01A,1.0,0.0,0.0,0.0,0.0
7,101942524,+,7,101943139,-,THCA,1939,TCGA-EL-A3CR-01A,TCGA-EL-A3CR-01A,1.0,0.0,0.0,0.0,0.0
1,58601788,-,10,45038681,-,THCA,1940,TCGA-EL-A3CS-01A,TCGA-EL-A3CS-01A,1.0,0.0,0.0,0.0,0.0
10,50980755,-,15,38095411,-,THCA,1941,TCGA-EL-A3CS-01A,TCGA-EL-A3CS-01A,1.0,0.0,0.0,0.0,0.0
10,95357488,+,10,95358149,-,THCA,1942,TCGA-EL-A3CS-01A,TCGA-EL-A3CS-01A,1.0,0.0,0.0,0.0,0.0
12,36464625,-,12,37180159,+,THCA,1943,TCGA-EL-A3CS-01A,TCGA-EL-A3CS-01A,1.0,0.0,0.0,0.0,0.0
15,85504535,+,16,15785029,+,THCA,1944,TCGA-EL-A3CS-01A,TCGA-EL-A3CS-01A,1.0,0.0,0.0,0.0,0.0
2,31130784,+,17,57563784,+,THCA,1945,TCGA-EL-A3CS-01A,TCGA-EL-A3CS-01A,1.0,0.0,0.0,0.0,0.0
4,73459178,-,23,27627596,+,THCA,1946,TCGA-EL-A3CS-01A,TCGA-EL-A3CS-01A,1.0,0.0,0.0,0.0,0.0
4,188344432,-,14,56139966,+,THCA,1947,TCGA-EL-A3CS-01A,TCGA-EL-A3CS-01A,1.0,0.0,0.0,0.0,0.0
7,88315964,-,12,115394434,-,THCA,1948,TCGA-EL-A3CS-01A,TCGA-EL-A3CS-01A,1.0,0.0,0.0,0.0,0.0
10,21546131,+,10,21546768,-,THCA,1949,TCGA-EL-A3CU-01A,TCGA-EL-A3CU-01A,1.0,0.0,0.0,0.0,0.0
10,39561373,-,10,41709081,+,THCA,1950,TCGA-EL-A3CU-01A,TCGA-EL-A3CU-01A,1.0,0.0,0.0,0.0,0.0
11,53262799,-,11,54070649,+,THCA,1951,TCGA-EL-A3CU-01A,TCGA-EL-A3CU-01A,1.0,0.0,0.0,0.0,0.0
11,54372558,-,11,54419933,+,THCA,1952,TCGA-EL-A3CU-01A,TCGA-EL-A3CU-01A,1.0,0.0,0.0,0.0,0.0
14,102324315,+,14,102324841,-,THCA,1953,TCGA-EL-A3CU-01A,TCGA-EL-A3CU-01A,1.0,0.0,0.0,0.0,0.0
16,37611189,+,16,37792921,-,THCA,1954,TCGA-EL-A3CU-01A,TCGA-EL-A3CU-01A,1.0,0.0,0.0,0.0,0.0
17,65606383,-,19,17109030,-,THCA,1955,TCGA-EL-A3CU-01A,TCGA-EL-A3CU-01A,1.0,0.0,0.0,0.0,0.0
4,160662560,-,6,101065921,-,THCA,1956,TCGA-EL-A3CU-01A,TCGA-EL-A3CU-01A,1.0,0.0,0.0,0.0,0.0
7,60945278,+,17,26719644,-,THCA,1957,TCGA-EL-A3CU-01A,TCGA-EL-A3CU-01A,1.0,0.0,0.0,0.0,0.0
8,45081454,-,8,45777528,+,THCA,1958,TCGA-EL-A3CU-01A,TCGA-EL-A3CU-01A,1.0,0.0,0.0,0.0,0.0
9,43175895,+,9,43179301,-,THCA,1959,TCGA-EL-A3CU-01A,TCGA-EL-A3CU-01A,1.0,0.0,0.0,0.0,0.0
9,83860044,-,9,85764078,-,THCA,1960,TCGA-EL-A3CU-01A,TCGA-EL-A3CU-01A,1.0,0.0,0.0,0.0,0.0
10,98657057,+,10,98657599,-,THCA,1961,TCGA-EL-A3CV-01A,TCGA-EL-A3CV-01A,1.0,0.0,0.0,0.0,0.0
13,18746260,-,20,30632707,+,THCA,1962,TCGA-EL-A3CV-01A,TCGA-EL-A3CV-01A,1.0,0.0,0.0,0.0,0.0
14,106592870,+,14,106657920,-,THCA,1963,TCGA-EL-A3CV-01A,TCGA-EL-A3CV-01A,1.0,0.0,0.0,0.0,0.0
17,22875178,+,17,23042624,-,THCA,1964,TCGA-EL-A3CV-01A,TCGA-EL-A3CV-01A,1.0,0.0,0.0,0.0,0.0
2,173697940,-,22,43475470,-,THCA,1965,TCGA-EL-A3CV-01A,TCGA-EL-A3CV-01A,1.0,0.0,0.0,0.0,0.0
4,185931979,-,13,95029242,-,THCA,1966,TCGA-EL-A3CV-01A,TCGA-EL-A3CV-01A,1.0,0.0,0.0,0.0,0.0
1,101496953,-,8,133312873,+,THCA,1967,TCGA-EL-A3CX-01A,TCGA-EL-A3CX-01A,1.0,0.0,0.0,0.0,0.0
1,122112021,-,1,122210930,+,THCA,1968,TCGA-EL-A3CX-01A,TCGA-EL-A3CX-01A,1.0,0.0,0.0,0.0,0.0
13,16316349,+,13,16795751,-,THCA,1969,TCGA-EL-A3CX-01A,TCGA-EL-A3CX-01A,1.0,0.0,0.0,0.0,0.0
13,77684028,+,13,78154397,-,THCA,1970,TCGA-EL-A3CX-01A,TCGA-EL-A3CX-01A,1.0,0.0,0.0,0.0,0.0
13,113040437,+,18,53527092,-,THCA,1971,TCGA-EL-A3CX-01A,TCGA-EL-A3CX-01A,1.0,0.0,0.0,0.0,0.0
14,68795264,+,23,117931877,-,THCA,1972,TCGA-EL-A3CX-01A,TCGA-EL-A3CX-01A,1.0,0.0,0.0,0.0,0.0
8,95783259,-,11,132818588,-,THCA,1973,TCGA-EL-A3CX-01A,TCGA-EL-A3CX-01A,1.0,0.0,0.0,0.0,0.0
10,43114571,-,10,59880889,-,THCA,1974,TCGA-EL-A3CY-01A,TCGA-EL-A3CY-01A,1.0,0.0,0.0,0.0,0.0
10,43114576,+,10,59880883,+,THCA,1975,TCGA-EL-A3CY-01A,TCGA-EL-A3CY-01A,1.0,0.0,0.0,0.0,0.0
14,34640024,+,14,34640569,-,THCA,1976,TCGA-EL-A3CY-01A,TCGA-EL-A3CY-01A,1.0,0.0,0.0,0.0,0.0
17,42230714,+,17,42231368,-,THCA,1977,TCGA-EL-A3CY-01A,TCGA-EL-A3CY-01A,1.0,0.0,0.0,0.0,0.0
3,50087673,-,3,172542721,+,THCA,1978,TCGA-EL-A3CY-01A,TCGA-EL-A3CY-01A,1.0,0.0,0.0,0.0,0.0
3,90845227,-,3,91144214,+,THCA,1979,TCGA-EL-A3CY-01A,TCGA-EL-A3CY-01A,1.0,0.0,0.0,0.0,0.0
3,138183016,+,3,138183575,-,THCA,1980,TCGA-EL-A3CY-01A,TCGA-EL-A3CY-01A,1.0,0.0,0.0,0.0,0.0
6,24522504,+,10,86967151,-,THCA,1981,TCGA-EL-A3CY-01A,TCGA-EL-A3CY-01A,1.0,0.0,0.0,0.0,0.0
6,157237315,-,10,36423013,-,THCA,1982,TCGA-EL-A3CY-01A,TCGA-EL-A3CY-01A,1.0,0.0,0.0,0.0,0.0
1,26770151,+,1,26770666,-,THCA,1983,TCGA-EL-A3CZ-01A,TCGA-EL-A3CZ-01A,1.0,0.0,0.0,0.0,0.0
1,123077253,+,1,123245338,-,THCA,1984,TCGA-EL-A3CZ-01A,TCGA-EL-A3CZ-01A,1.0,0.0,0.0,0.0,0.0
11,52307984,-,11,53717081,+,THCA,1985,TCGA-EL-A3CZ-01A,TCGA-EL-A3CZ-01A,1.0,0.0,0.0,0.0,0.0
11,54370268,+,11,54374333,-,THCA,1986,TCGA-EL-A3CZ-01A,TCGA-EL-A3CZ-01A,1.0,0.0,0.0,0.0,0.0
12,36035972,-,12,36639584,+,THCA,1987,TCGA-EL-A3CZ-01A,TCGA-EL-A3CZ-01A,1.0,0.0,0.0,0.0,0.0
13,21949420,+,23,77830969,-,THCA,1988,TCGA-EL-A3CZ-01A,TCGA-EL-A3CZ-01A,1.0,0.0,0.0,0.0,0.0
18,15483433,+,18,15749074,-,THCA,1989,TCGA-EL-A3CZ-01A,TCGA-EL-A3CZ-01A,1.0,0.0,0.0,0.0,0.0
19,11948601,+,19,11949173,-,THCA,1990,TCGA-EL-A3CZ-01A,TCGA-EL-A3CZ-01A,1.0,0.0,0.0,0.0,0.0
7,86882526,-,7,86882672,+,THCA,1991,TCGA-EL-A3CZ-01A,TCGA-EL-A3CZ-01A,1.0,0.0,0.0,0.0,0.0
1,39917387,+,4,65576165,+,THCA,1992,TCGA-EL-A3D0-01A,TCGA-EL-A3D0-01A,1.0,0.0,0.0,0.0,0.0
1,122228065,+,1,122395379,-,THCA,1993,TCGA-EL-A3D0-01A,TCGA-EL-A3D0-01A,1.0,0.0,0.0,0.0,0.0
17,22957790,-,17,23102818,+,THCA,1994,TCGA-EL-A3D0-01A,TCGA-EL-A3D0-01A,1.0,0.0,0.0,0.0,0.0
2,142152738,+,2,162753254,+,THCA,1995,TCGA-EL-A3D0-01A,TCGA-EL-A3D0-01A,1.0,0.0,0.0,0.0,0.0
5,1298429,-,11,46996421,+,THCA,1996,TCGA-EL-A3D0-01A,TCGA-EL-A3D0-01A,1.0,0.0,0.0,0.0,0.0
5,1298436,+,11,46996430,-,THCA,1997,TCGA-EL-A3D0-01A,TCGA-EL-A3D0-01A,1.0,0.0,0.0,0.0,0.0
6,163290279,-,12,47622257,-,THCA,1998,TCGA-EL-A3D0-01A,TCGA-EL-A3D0-01A,1.0,0.0,0.0,0.0,0.0
8,142875228,-,8,142912844,+,THCA,1999,TCGA-EL-A3D0-01A,TCGA-EL-A3D0-01A,1.0,0.0,0.0,0.0,0.0
1,227403464,-,7,77987918,-,THCA,2000,TCGA-EL-A3D5-01A,TCGA-EL-A3D5-01A,1.0,0.0,0.0,0.0,0.0
12,34948420,+,12,35184995,-,THCA,2001,TCGA-EL-A3D5-01A,TCGA-EL-A3D5-01A,1.0,0.0,0.0,0.0,0.0
12,37430415,-,15,50085918,+,THCA,2002,TCGA-EL-A3D5-01A,TCGA-EL-A3D5-01A,1.0,0.0,0.0,0.0,0.0
17,9784477,-,19,22680867,-,THCA,2003,TCGA-EL-A3D5-01A,TCGA-EL-A3D5-01A,1.0,0.0,0.0,0.0,0.0
17,9959197,+,17,21361204,-,THCA,2004,TCGA-EL-A3D5-01A,TCGA-EL-A3D5-01A,1.0,0.0,0.0,0.0,0.0
17,75804957,+,17,75805524,-,THCA,2005,TCGA-EL-A3D5-01A,TCGA-EL-A3D5-01A,1.0,0.0,0.0,0.0,0.0
2,91884300,-,10,38642267,+,THCA,2006,TCGA-EL-A3D5-01A,TCGA-EL-A3D5-01A,1.0,0.0,0.0,0.0,0.0
2,158809357,-,8,46057917,+,THCA,2007,TCGA-EL-A3D5-01A,TCGA-EL-A3D5-01A,1.0,0.0,0.0,0.0,0.0
3,22524382,-,6,125216533,-,THCA,2008,TCGA-EL-A3D5-01A,TCGA-EL-A3D5-01A,1.0,0.0,0.0,0.0,0.0
4,156847741,-,9,95621181,-,THCA,2009,TCGA-EL-A3D5-01A,TCGA-EL-A3D5-01A,1.0,0.0,0.0,0.0,0.0
5,15940287,+,5,15941276,-,THCA,2010,TCGA-EL-A3D5-01A,TCGA-EL-A3D5-01A,1.0,0.0,0.0,0.0,0.0
7,61416697,+,7,61422074,-,THCA,2011,TCGA-EL-A3D5-01A,TCGA-EL-A3D5-01A,1.0,0.0,0.0,0.0,0.0
1,42546442,+,8,46569909,+,THCA,2012,TCGA-EL-A3GO-01A,TCGA-EL-A3GO-01A,1.0,0.0,0.0,0.0,0.0
12,35065616,+,12,37144420,-,THCA,2013,TCGA-EL-A3GO-01A,TCGA-EL-A3GO-01A,1.0,0.0,0.0,0.0,0.0
12,111877178,+,15,70808438,-,THCA,2014,TCGA-EL-A3GO-01A,TCGA-EL-A3GO-01A,1.0,0.0,0.0,0.0,0.0
18,59389784,+,21,26697613,-,THCA,2015,TCGA-EL-A3GO-01A,TCGA-EL-A3GO-01A,1.0,0.0,0.0,0.0,0.0
2,55401448,+,22,36384562,-,THCA,2016,TCGA-EL-A3GO-01A,TCGA-EL-A3GO-01A,1.0,0.0,0.0,0.0,0.0
2,61500529,+,2,87403425,-,THCA,2017,TCGA-EL-A3GO-01A,TCGA-EL-A3GO-01A,1.0,0.0,0.0,0.0,0.0
2,93326649,+,2,93741306,-,THCA,2018,TCGA-EL-A3GO-01A,TCGA-EL-A3GO-01A,1.0,0.0,0.0,0.0,0.0
20,28416293,+,20,28497990,+,THCA,2019,TCGA-EL-A3GO-01A,TCGA-EL-A3GO-01A,1.0,0.0,0.0,0.0,0.0
21,26715008,+,21,28142517,+,THCA,2020,TCGA-EL-A3GO-01A,TCGA-EL-A3GO-01A,1.0,0.0,0.0,0.0,0.0
21,26717287,-,21,28142643,-,THCA,2021,TCGA-EL-A3GO-01A,TCGA-EL-A3GO-01A,1.0,0.0,0.0,0.0,0.0
3,1607850,+,13,109937438,-,THCA,2022,TCGA-EL-A3GO-01A,TCGA-EL-A3GO-01A,1.0,0.0,0.0,0.0,0.0
3,8119637,+,21,27547963,-,THCA,2023,TCGA-EL-A3GO-01A,TCGA-EL-A3GO-01A,1.0,0.0,0.0,0.0,0.0
3,8119637,+,3,8119830,+,THCA,2024,TCGA-EL-A3GO-01A,TCGA-EL-A3GO-01A,1.0,0.0,0.0,0.0,0.0
3,8119661,-,21,27547962,-,THCA,2025,TCGA-EL-A3GO-01A,TCGA-EL-A3GO-01A,1.0,0.0,0.0,0.0,0.0
3,8119674,-,5,122883427,-,THCA,2026,TCGA-EL-A3GO-01A,TCGA-EL-A3GO-01A,1.0,0.0,0.0,0.0,0.0
3,91438849,+,6,57584071,+,THCA,2027,TCGA-EL-A3GO-01A,TCGA-EL-A3GO-01A,1.0,0.0,0.0,0.0,0.0
4,69245109,-,4,69349286,+,THCA,2028,TCGA-EL-A3GO-01A,TCGA-EL-A3GO-01A,1.0,0.0,0.0,0.0,0.0
5,122874854,+,21,27547489,+,THCA,2029,TCGA-EL-A3GO-01A,TCGA-EL-A3GO-01A,1.0,0.0,0.0,0.0,0.0
9,36973083,-,19,46243303,-,THCA,2030,TCGA-EL-A3GO-01A,TCGA-EL-A3GO-01A,1.0,0.0,0.0,0.0,0.0
11,47642107,-,14,68794688,-,THCA,2031,TCGA-EL-A3GP-01A,TCGA-EL-A3GP-01A,1.0,0.0,0.0,0.0,0.0
15,81838048,+,15,81839832,+,THCA,2032,TCGA-EL-A3GP-01A,TCGA-EL-A3GP-01A,1.0,0.0,0.0,0.0,0.0
18,15485145,+,18,15550208,-,THCA,2033,TCGA-EL-A3GP-01A,TCGA-EL-A3GP-01A,1.0,0.0,0.0,0.0,0.0
3,7403859,+,6,41296563,-,THCA,2034,TCGA-EL-A3GP-01A,TCGA-EL-A3GP-01A,1.0,0.0,0.0,0.0,0.0
6,99406608,+,6,99431422,-,THCA,2035,TCGA-EL-A3GP-01A,TCGA-EL-A3GP-01A,1.0,0.0,0.0,0.0,0.0
6,139028893,+,6,139029443,-,THCA,2036,TCGA-EL-A3GP-01A,TCGA-EL-A3GP-01A,1.0,0.0,0.0,0.0,0.0
7,107727561,+,8,31652712,-,THCA,2037,TCGA-EL-A3GP-01A,TCGA-EL-A3GP-01A,1.0,0.0,0.0,0.0,0.0
1,111965489,+,10,64114498,+,THCA,2038,TCGA-EL-A3GS-01A,TCGA-EL-A3GS-01A,1.0,0.0,0.0,0.0,0.0
11,132945823,-,12,9759007,+,THCA,2039,TCGA-EL-A3GS-01A,TCGA-EL-A3GS-01A,1.0,0.0,0.0,0.0,0.0
16,4264304,+,16,4264943,-,THCA,2040,TCGA-EL-A3GS-01A,TCGA-EL-A3GS-01A,1.0,0.0,0.0,0.0,0.0
18,20805261,-,18,20832719,-,THCA,2041,TCGA-EL-A3GS-01A,TCGA-EL-A3GS-01A,1.0,0.0,0.0,0.0,0.0
4,39962576,+,4,39963206,-,THCA,2042,TCGA-EL-A3GS-01A,TCGA-EL-A3GS-01A,1.0,0.0,0.0,0.0,0.0
6,112182098,-,15,55757326,-,THCA,2043,TCGA-EL-A3GS-01A,TCGA-EL-A3GS-01A,1.0,0.0,0.0,0.0,0.0
1,86097227,-,9,136023037,-,THCA,2044,TCGA-EL-A3GU-01A,TCGA-EL-A3GU-01A,1.0,0.0,0.0,0.0,0.0
1,156140205,+,5,157255945,+,THCA,2045,TCGA-EL-A3GU-01A,TCGA-EL-A3GU-01A,1.0,0.0,0.0,0.0,0.0
1,229337743,+,10,102568629,-,THCA,2046,TCGA-EL-A3GU-01A,TCGA-EL-A3GU-01A,1.0,0.0,0.0,0.0,0.0
1,240955569,-,6,86112902,-,THCA,2047,TCGA-EL-A3GU-01A,TCGA-EL-A3GU-01A,1.0,0.0,0.0,0.0,0.0
10,39919148,+,10,39931582,-,THCA,2048,TCGA-EL-A3GU-01A,TCGA-EL-A3GU-01A,1.0,0.0,0.0,0.0,0.0
19,35981229,-,23,52990797,-,THCA,2049,TCGA-EL-A3GU-01A,TCGA-EL-A3GU-01A,1.0,0.0,0.0,0.0,0.0
19,38649839,+,19,38650442,-,THCA,2050,TCGA-EL-A3GU-01A,TCGA-EL-A3GU-01A,1.0,0.0,0.0,0.0,0.0
3,76707732,-,4,63957666,+,THCA,2051,TCGA-EL-A3GU-01A,TCGA-EL-A3GU-01A,1.0,0.0,0.0,0.0,0.0
3,88946978,-,22,50351240,-,THCA,2052,TCGA-EL-A3GU-01A,TCGA-EL-A3GU-01A,1.0,0.0,0.0,0.0,0.0
5,47213506,+,5,47258599,-,THCA,2053,TCGA-EL-A3GU-01A,TCGA-EL-A3GU-01A,1.0,0.0,0.0,0.0,0.0
5,62817473,-,5,102131456,+,THCA,2054,TCGA-EL-A3GU-01A,TCGA-EL-A3GU-01A,1.0,0.0,0.0,0.0,0.0
5,179826661,+,5,179827345,-,THCA,2055,TCGA-EL-A3GU-01A,TCGA-EL-A3GU-01A,1.0,0.0,0.0,0.0,0.0
6,45643100,-,12,115243932,-,THCA,2056,TCGA-EL-A3GU-01A,TCGA-EL-A3GU-01A,1.0,0.0,0.0,0.0,0.0
6,58572979,-,6,59445441,+,THCA,2057,TCGA-EL-A3GU-01A,TCGA-EL-A3GU-01A,1.0,0.0,0.0,0.0,0.0
8,8526623,+,16,19321877,+,THCA,2058,TCGA-EL-A3GU-01A,TCGA-EL-A3GU-01A,1.0,0.0,0.0,0.0,0.0
9,43650587,-,9,44369885,+,THCA,2059,TCGA-EL-A3GU-01A,TCGA-EL-A3GU-01A,1.0,0.0,0.0,0.0,0.0
9,44602785,-,9,45048181,+,THCA,2060,TCGA-EL-A3GW-01A,TCGA-EL-A3GW-01A,1.0,0.0,0.0,0.0,0.0
1,19769621,-,9,108667838,+,THCA,2061,TCGA-EL-A3GZ-01A,TCGA-EL-A3GZ-01A,1.0,0.0,0.0,0.0,0.0
1,122448540,-,1,122501043,+,THCA,2062,TCGA-EL-A3GZ-01A,TCGA-EL-A3GZ-01A,1.0,0.0,0.0,0.0,0.0
15,17083926,-,15,18048477,+,THCA,2063,TCGA-EL-A3GZ-01A,TCGA-EL-A3GZ-01A,1.0,0.0,0.0,0.0,0.0
19,41546761,-,20,24157999,-,THCA,2064,TCGA-EL-A3GZ-01A,TCGA-EL-A3GZ-01A,1.0,0.0,0.0,0.0,0.0
2,241485173,+,2,241485891,-,THCA,2065,TCGA-EL-A3GZ-01A,TCGA-EL-A3GZ-01A,1.0,0.0,0.0,0.0,0.0
8,133891272,+,12,92101734,+,THCA,2066,TCGA-EL-A3GZ-01A,TCGA-EL-A3GZ-01A,1.0,0.0,0.0,0.0,0.0
9,104960585,-,23,3307004,-,THCA,2067,TCGA-EL-A3GZ-01A,TCGA-EL-A3GZ-01A,1.0,0.0,0.0,0.0,0.0
1,7335163,+,23,129998376,-,THCA,2068,TCGA-EL-A3H1-01A,TCGA-EL-A3H1-01A,1.0,0.0,0.0,0.0,0.0
1,37897938,+,12,51646026,-,THCA,2069,TCGA-EL-A3H1-01A,TCGA-EL-A3H1-01A,1.0,0.0,0.0,0.0,0.0
1,196794466,-,1,196919204,+,THCA,2070,TCGA-EL-A3H1-01A,TCGA-EL-A3H1-01A,1.0,0.0,0.0,0.0,0.0
1,242270942,+,10,38327325,+,THCA,2071,TCGA-EL-A3H1-01A,TCGA-EL-A3H1-01A,1.0,0.0,0.0,0.0,0.0
10,39574560,-,10,41282305,+,THCA,2072,TCGA-EL-A3H1-01A,TCGA-EL-A3H1-01A,1.0,0.0,0.0,0.0,0.0
11,54352436,-,11,54413123,+,THCA,2073,TCGA-EL-A3H1-01A,TCGA-EL-A3H1-01A,1.0,0.0,0.0,0.0,0.0
12,63542690,+,12,63737601,-,THCA,2074,TCGA-EL-A3H1-01A,TCGA-EL-A3H1-01A,1.0,0.0,0.0,0.0,0.0
13,16035010,-,21,8015652,-,THCA,2075,TCGA-EL-A3H1-01A,TCGA-EL-A3H1-01A,1.0,0.0,0.0,0.0,0.0
14,80174076,+,14,80181922,+,THCA,2076,TCGA-EL-A3H1-01A,TCGA-EL-A3H1-01A,1.0,0.0,0.0,0.0,0.0
14,80181577,-,14,102108438,-,THCA,2077,TCGA-EL-A3H1-01A,TCGA-EL-A3H1-01A,1.0,0.0,0.0,0.0,0.0
17,82828552,+,17,82829118,-,THCA,2078,TCGA-EL-A3H1-01A,TCGA-EL-A3H1-01A,1.0,0.0,0.0,0.0,0.0
2,7783992,-,13,94466024,+,THCA,2079,TCGA-EL-A3H1-01A,TCGA-EL-A3H1-01A,1.0,0.0,0.0,0.0,0.0
2,222866746,-,2,235923514,+,THCA,2080,TCGA-EL-A3H1-01A,TCGA-EL-A3H1-01A,1.0,0.0,0.0,0.0,0.0
3,59363039,-,3,115474672,+,THCA,2081,TCGA-EL-A3H1-01A,TCGA-EL-A3H1-01A,1.0,0.0,0.0,0.0,0.0
7,23472783,+,14,80174126,-,THCA,2082,TCGA-EL-A3H1-01A,TCGA-EL-A3H1-01A,1.0,0.0,0.0,0.0,0.0
7,25095539,-,14,100343348,+,THCA,2083,TCGA-EL-A3H1-01A,TCGA-EL-A3H1-01A,1.0,0.0,0.0,0.0,0.0
8,102921207,-,13,27063873,-,THCA,2084,TCGA-EL-A3H1-01A,TCGA-EL-A3H1-01A,1.0,0.0,0.0,0.0,0.0
8,106783112,+,8,138123191,+,THCA,2085,TCGA-EL-A3H1-01A,TCGA-EL-A3H1-01A,1.0,0.0,0.0,0.0,0.0
9,42350048,-,9,66780716,-,THCA,2086,TCGA-EL-A3H1-01A,TCGA-EL-A3H1-01A,1.0,0.0,0.0,0.0,0.0
1,125034472,-,3,90409975,-,THCA,2087,TCGA-EL-A3H2-01A,TCGA-EL-A3H2-01A,1.0,0.0,0.0,0.0,0.0
1,154938306,+,1,155757222,-,THCA,2088,TCGA-EL-A3H2-01A,TCGA-EL-A3H2-01A,1.0,0.0,0.0,0.0,0.0
11,21908378,-,18,65990332,-,THCA,2089,TCGA-EL-A3H2-01A,TCGA-EL-A3H2-01A,1.0,0.0,0.0,0.0,0.0
18,5315988,+,18,10698988,-,THCA,2090,TCGA-EL-A3H2-01A,TCGA-EL-A3H2-01A,1.0,0.0,0.0,0.0,0.0
2,68672087,+,3,61703160,-,THCA,2091,TCGA-EL-A3H2-01A,TCGA-EL-A3H2-01A,1.0,0.0,0.0,0.0,0.0
2,213842736,+,19,34896267,-,THCA,2092,TCGA-EL-A3H2-01A,TCGA-EL-A3H2-01A,1.0,0.0,0.0,0.0,0.0
21,43877137,+,21,43877705,-,THCA,2093,TCGA-EL-A3H2-01A,TCGA-EL-A3H2-01A,1.0,0.0,0.0,0.0,0.0
3,61703100,+,20,6066856,-,THCA,2094,TCGA-EL-A3H2-01A,TCGA-EL-A3H2-01A,1.0,0.0,0.0,0.0,0.0
6,78600677,+,6,166657452,-,THCA,2095,TCGA-EL-A3H2-01A,TCGA-EL-A3H2-01A,1.0,0.0,0.0,0.0,0.0
6,158852259,+,14,73332770,+,THCA,2096,TCGA-EL-A3H2-01A,TCGA-EL-A3H2-01A,1.0,0.0,0.0,0.0,0.0
8,125982919,-,13,96046641,+,THCA,2097,TCGA-EL-A3H2-01A,TCGA-EL-A3H2-01A,1.0,0.0,0.0,0.0,0.0
9,44035506,-,9,44695479,+,THCA,2098,TCGA-EL-A3H2-01A,TCGA-EL-A3H2-01A,1.0,0.0,0.0,0.0,0.0
23,19145661,-,23,79929706,+,THCA,2099,TCGA-EL-A3H2-01A,TCGA-EL-A3H2-01A,1.0,0.0,0.0,0.0,0.0
10,42921391,-,10,45699123,-,THCA,2100,TCGA-EL-A3H3-01A,TCGA-EL-A3H3-01A,1.0,0.0,0.0,0.0,0.0
10,43094982,+,10,45965539,-,THCA,2101,TCGA-EL-A3H3-01A,TCGA-EL-A3H3-01A,1.0,0.0,0.0,0.0,0.0
10,43116327,-,10,46011720,-,THCA,2102,TCGA-EL-A3H3-01A,TCGA-EL-A3H3-01A,1.0,0.0,0.0,0.0,0.0
10,45706994,+,10,45944782,-,THCA,2103,TCGA-EL-A3H3-01A,TCGA-EL-A3H3-01A,1.0,0.0,0.0,0.0,0.0
10,45707927,-,10,45959465,+,THCA,2104,TCGA-EL-A3H3-01A,TCGA-EL-A3H3-01A,1.0,0.0,0.0,0.0,0.0
10,73563571,+,10,73564109,-,THCA,2105,TCGA-EL-A3H3-01A,TCGA-EL-A3H3-01A,1.0,0.0,0.0,0.0,0.0
12,34786498,+,12,34797157,-,THCA,2106,TCGA-EL-A3H3-01A,TCGA-EL-A3H3-01A,1.0,0.0,0.0,0.0,0.0
12,103966045,+,12,103979843,-,THCA,2107,TCGA-EL-A3H3-01A,TCGA-EL-A3H3-01A,1.0,0.0,0.0,0.0,0.0
14,102094634,-,15,77185735,+,THCA,2108,TCGA-EL-A3H3-01A,TCGA-EL-A3H3-01A,1.0,0.0,0.0,0.0,0.0
15,96010707,-,20,4707584,-,THCA,2109,TCGA-EL-A3H3-01A,TCGA-EL-A3H3-01A,1.0,0.0,0.0,0.0,0.0
16,60712967,+,16,60713475,-,THCA,2110,TCGA-EL-A3H3-01A,TCGA-EL-A3H3-01A,1.0,0.0,0.0,0.0,0.0
2,20907349,-,23,80384572,-,THCA,2111,TCGA-EL-A3H3-01A,TCGA-EL-A3H3-01A,1.0,0.0,0.0,0.0,0.0
4,87863364,-,4,183045935,-,THCA,2112,TCGA-EL-A3H3-01A,TCGA-EL-A3H3-01A,1.0,0.0,0.0,0.0,0.0
6,46697736,-,21,31757743,-,THCA,2113,TCGA-EL-A3H3-01A,TCGA-EL-A3H3-01A,1.0,0.0,0.0,0.0,0.0
1,121756056,-,1,122656113,+,THCA,2114,TCGA-EL-A3H4-01A,TCGA-EL-A3H4-01A,1.0,0.0,0.0,0.0,0.0
1,124794849,+,1,124802515,-,THCA,2115,TCGA-EL-A3H4-01A,TCGA-EL-A3H4-01A,1.0,0.0,0.0,0.0,0.0
1,154362805,-,1,154395498,-,THCA,2116,TCGA-EL-A3H4-01A,TCGA-EL-A3H4-01A,1.0,0.0,0.0,0.0,0.0
10,110376333,+,10,110376883,-,THCA,2117,TCGA-EL-A3H4-01A,TCGA-EL-A3H4-01A,1.0,0.0,0.0,0.0,0.0
11,54343044,-,11,54373066,+,THCA,2118,TCGA-EL-A3H4-01A,TCGA-EL-A3H4-01A,1.0,0.0,0.0,0.0,0.0
13,18746075,-,21,13851078,+,THCA,2119,TCGA-EL-A3H4-01A,TCGA-EL-A3H4-01A,1.0,0.0,0.0,0.0,0.0
17,9628013,+,17,9628528,-,THCA,2120,TCGA-EL-A3H4-01A,TCGA-EL-A3H4-01A,1.0,0.0,0.0,0.0,0.0
20,26364240,+,20,26369269,-,THCA,2121,TCGA-EL-A3H4-01A,TCGA-EL-A3H4-01A,1.0,0.0,0.0,0.0,0.0
20,43095948,+,20,46112034,+,THCA,2122,TCGA-EL-A3H4-01A,TCGA-EL-A3H4-01A,1.0,0.0,0.0,0.0,0.0
20,49931053,+,20,49931644,-,THCA,2123,TCGA-EL-A3H4-01A,TCGA-EL-A3H4-01A,1.0,0.0,0.0,0.0,0.0
22,23572786,-,22,23638340,+,THCA,2124,TCGA-EL-A3H4-01A,TCGA-EL-A3H4-01A,1.0,0.0,0.0,0.0,0.0
3,32461503,+,6,86603767,-,THCA,2125,TCGA-EL-A3H4-01A,TCGA-EL-A3H4-01A,1.0,0.0,0.0,0.0,0.0
3,88947011,-,22,50351184,-,THCA,2126,TCGA-EL-A3H4-01A,TCGA-EL-A3H4-01A,1.0,0.0,0.0,0.0,0.0
3,168890498,-,14,95582523,+,THCA,2127,TCGA-EL-A3H4-01A,TCGA-EL-A3H4-01A,1.0,0.0,0.0,0.0,0.0
4,61768940,+,5,136544293,-,THCA,2128,TCGA-EL-A3H4-01A,TCGA-EL-A3H4-01A,1.0,0.0,0.0,0.0,0.0
5,46658719,-,12,37284186,+,THCA,2129,TCGA-EL-A3H4-01A,TCGA-EL-A3H4-01A,1.0,0.0,0.0,0.0,0.0
5,133818946,+,5,146520639,-,THCA,2130,TCGA-EL-A3H4-01A,TCGA-EL-A3H4-01A,1.0,0.0,0.0,0.0,0.0
6,109778846,-,23,153369398,+,THCA,2131,TCGA-EL-A3H4-01A,TCGA-EL-A3H4-01A,1.0,0.0,0.0,0.0,0.0
8,37796905,+,8,37797430,-,THCA,2132,TCGA-EL-A3H4-01A,TCGA-EL-A3H4-01A,1.0,0.0,0.0,0.0,0.0
8,83530648,-,13,53122953,+,THCA,2133,TCGA-EL-A3H4-01A,TCGA-EL-A3H4-01A,1.0,0.0,0.0,0.0,0.0
9,98712896,-,22,32179924,+,THCA,2134,TCGA-EL-A3H4-01A,TCGA-EL-A3H4-01A,1.0,0.0,0.0,0.0,0.0
9,135765903,+,9,135766528,-,THCA,2135,TCGA-EL-A3H4-01A,TCGA-EL-A3H4-01A,1.0,0.0,0.0,0.0,0.0
23,11780497,+,23,11780999,-,THCA,2136,TCGA-EL-A3H4-01A,TCGA-EL-A3H4-01A,1.0,0.0,0.0,0.0,0.0
23,71057801,+,23,71058453,-,THCA,2137,TCGA-EL-A3H4-01A,TCGA-EL-A3H4-01A,1.0,0.0,0.0,0.0,0.0
23,115721144,+,23,115839053,-,THCA,2138,TCGA-EL-A3H4-01A,TCGA-EL-A3H4-01A,1.0,0.0,0.0,0.0,0.0
20,56911391,+,20,56911918,-,THCA,2139,TCGA-EL-A3H5-01A,TCGA-EL-A3H5-01A,1.0,0.0,0.0,0.0,0.0
3,177282522,-,3,177282674,+,THCA,2140,TCGA-EL-A3H5-01A,TCGA-EL-A3H5-01A,1.0,0.0,0.0,0.0,0.0
5,76317809,+,5,76318376,-,THCA,2141,TCGA-EL-A3H5-01A,TCGA-EL-A3H5-01A,1.0,0.0,0.0,0.0,0.0
13,17849685,+,13,17980217,-,THCA,2142,TCGA-EL-A3H7-01A,TCGA-EL-A3H7-01A,1.0,0.0,0.0,0.0,0.0
15,17476191,+,15,17480738,-,THCA,2143,TCGA-EL-A3H7-01A,TCGA-EL-A3H7-01A,1.0,0.0,0.0,0.0,0.0
20,29936322,-,20,29995217,+,THCA,2144,TCGA-EL-A3H7-01A,TCGA-EL-A3H7-01A,1.0,0.0,0.0,0.0,0.0
3,89466250,+,7,23036132,+,THCA,2145,TCGA-EL-A3H7-01A,TCGA-EL-A3H7-01A,1.0,0.0,0.0,0.0,0.0
7,105738961,+,7,105739572,-,THCA,2146,TCGA-EL-A3H7-01A,TCGA-EL-A3H7-01A,1.0,0.0,0.0,0.0,0.0
9,133070282,-,9,133086067,+,THCA,2147,TCGA-EL-A3H7-01A,TCGA-EL-A3H7-01A,1.0,0.0,0.0,0.0,0.0
11,51167684,-,11,51839813,+,THCA,2148,TCGA-EL-A3H8-01A,TCGA-EL-A3H8-01A,1.0,0.0,0.0,0.0,0.0
11,54358326,+,11,54400022,-,THCA,2149,TCGA-EL-A3H8-01A,TCGA-EL-A3H8-01A,1.0,0.0,0.0,0.0,0.0
17,40333193,+,17,40333764,-,THCA,2150,TCGA-EL-A3H8-01A,TCGA-EL-A3H8-01A,1.0,0.0,0.0,0.0,0.0
20,29924087,+,20,29975182,-,THCA,2151,TCGA-EL-A3H8-01A,TCGA-EL-A3H8-01A,1.0,0.0,0.0,0.0,0.0
3,91043073,+,3,91220591,-,THCA,2152,TCGA-EL-A3H8-01A,TCGA-EL-A3H8-01A,1.0,0.0,0.0,0.0,0.0
8,87428362,-,18,43735232,+,THCA,2153,TCGA-EL-A3H8-01A,TCGA-EL-A3H8-01A,1.0,0.0,0.0,0.0,0.0
10,74182503,+,10,74183029,-,THCA,2154,TCGA-EL-A3MW-01A,TCGA-EL-A3MW-01A,1.0,0.0,0.0,0.0,0.0
13,18746133,-,20,30632452,+,THCA,2155,TCGA-EL-A3MW-01A,TCGA-EL-A3MW-01A,1.0,0.0,0.0,0.0,0.0
17,38871109,+,17,38871678,-,THCA,2156,TCGA-EL-A3MW-01A,TCGA-EL-A3MW-01A,1.0,0.0,0.0,0.0,0.0
18,15471288,+,18,15728615,-,THCA,2157,TCGA-EL-A3MW-01A,TCGA-EL-A3MW-01A,1.0,0.0,0.0,0.0,0.0
2,95918846,+,2,95920752,-,THCA,2158,TCGA-EL-A3MW-01A,TCGA-EL-A3MW-01A,1.0,0.0,0.0,0.0,0.0
22,23344640,-,22,24675106,+,THCA,2159,TCGA-EL-A3MW-01A,TCGA-EL-A3MW-01A,1.0,0.0,0.0,0.0,0.0
3,75675272,-,20,29405511,-,THCA,2160,TCGA-EL-A3MW-01A,TCGA-EL-A3MW-01A,1.0,0.0,0.0,0.0,0.0
6,58086455,+,6,60838228,-,THCA,2161,TCGA-EL-A3MW-01A,TCGA-EL-A3MW-01A,1.0,0.0,0.0,0.0,0.0
8,114869540,-,14,29258837,-,THCA,2162,TCGA-EL-A3MW-01A,TCGA-EL-A3MW-01A,1.0,0.0,0.0,0.0,0.0
9,40543256,-,22,16064294,-,THCA,2163,TCGA-EL-A3MW-01A,TCGA-EL-A3MW-01A,1.0,0.0,0.0,0.0,0.0
11,54919268,+,23,58406910,+,THCA,2164,TCGA-EL-A3MX-01A,TCGA-EL-A3MX-01A,1.0,0.0,0.0,0.0,0.0
14,18675866,+,22,15596908,-,THCA,2165,TCGA-EL-A3MX-01A,TCGA-EL-A3MX-01A,1.0,0.0,0.0,0.0,0.0
14,102094626,-,15,77185739,+,THCA,2166,TCGA-EL-A3MX-01A,TCGA-EL-A3MX-01A,1.0,0.0,0.0,0.0,0.0
16,67402378,+,19,7707159,-,THCA,2167,TCGA-EL-A3MX-01A,TCGA-EL-A3MX-01A,1.0,0.0,0.0,0.0,0.0
19,49225269,+,19,49225805,-,THCA,2168,TCGA-EL-A3MX-01A,TCGA-EL-A3MX-01A,1.0,0.0,0.0,0.0,0.0
2,103742850,+,2,103750731,-,THCA,2169,TCGA-EL-A3MX-01A,TCGA-EL-A3MX-01A,1.0,0.0,0.0,0.0,0.0
20,26364240,+,20,26368929,-,THCA,2170,TCGA-EL-A3MX-01A,TCGA-EL-A3MX-01A,1.0,0.0,0.0,0.0,0.0
3,72378939,+,16,62868789,+,THCA,2171,TCGA-EL-A3MX-01A,TCGA-EL-A3MX-01A,1.0,0.0,0.0,0.0,0.0
3,76555419,+,4,106858947,-,THCA,2172,TCGA-EL-A3MX-01A,TCGA-EL-A3MX-01A,1.0,0.0,0.0,0.0,0.0
5,4390625,+,11,96988932,+,THCA,2173,TCGA-EL-A3MX-01A,TCGA-EL-A3MX-01A,1.0,0.0,0.0,0.0,0.0
7,107254838,-,16,80045767,+,THCA,2174,TCGA-EL-A3MX-01A,TCGA-EL-A3MX-01A,1.0,0.0,0.0,0.0,0.0
1,122427015,-,1,122458599,+,THCA,2175,TCGA-EL-A3MY-01A,TCGA-EL-A3MY-01A,1.0,0.0,0.0,0.0,0.0
11,47642120,-,14,68794700,-,THCA,2176,TCGA-EL-A3MY-01A,TCGA-EL-A3MY-01A,1.0,0.0,0.0,0.0,0.0
11,68230399,+,11,68230949,-,THCA,2177,TCGA-EL-A3MY-01A,TCGA-EL-A3MY-01A,1.0,0.0,0.0,0.0,0.0
13,17149147,+,13,17233786,-,THCA,2178,TCGA-EL-A3MY-01A,TCGA-EL-A3MY-01A,1.0,0.0,0.0,0.0,0.0
13,17431634,+,13,17448223,-,THCA,2179,TCGA-EL-A3MY-01A,TCGA-EL-A3MY-01A,1.0,0.0,0.0,0.0,0.0
19,36147485,+,19,36148098,-,THCA,2180,TCGA-EL-A3MY-01A,TCGA-EL-A3MY-01A,1.0,0.0,0.0,0.0,0.0
2,147777584,+,7,88110737,+,THCA,2181,TCGA-EL-A3MY-01A,TCGA-EL-A3MY-01A,1.0,0.0,0.0,0.0,0.0
2,156362902,+,15,40106552,+,THCA,2182,TCGA-EL-A3MY-01A,TCGA-EL-A3MY-01A,1.0,0.0,0.0,0.0,0.0
2,231231658,+,2,231232280,-,THCA,2183,TCGA-EL-A3MY-01A,TCGA-EL-A3MY-01A,1.0,0.0,0.0,0.0,0.0
20,26381744,+,20,28318141,-,THCA,2184,TCGA-EL-A3MY-01A,TCGA-EL-A3MY-01A,1.0,0.0,0.0,0.0,0.0
22,45127111,+,22,45127679,-,THCA,2185,TCGA-EL-A3MY-01A,TCGA-EL-A3MY-01A,1.0,0.0,0.0,0.0,0.0
3,59195873,-,8,9721298,-,THCA,2186,TCGA-EL-A3MY-01A,TCGA-EL-A3MY-01A,1.0,0.0,0.0,0.0,0.0
3,134534510,-,3,134534770,+,THCA,2187,TCGA-EL-A3MY-01A,TCGA-EL-A3MY-01A,1.0,0.0,0.0,0.0,0.0
4,2013702,+,4,2014317,-,THCA,2188,TCGA-EL-A3MY-01A,TCGA-EL-A3MY-01A,1.0,0.0,0.0,0.0,0.0
4,42349597,+,4,42350152,-,THCA,2189,TCGA-EL-A3MY-01A,TCGA-EL-A3MY-01A,1.0,0.0,0.0,0.0,0.0
4,190061757,-,10,133660967,+,THCA,2190,TCGA-EL-A3MY-01A,TCGA-EL-A3MY-01A,1.0,0.0,0.0,0.0,0.0
6,59540536,+,6,59649828,-,THCA,2191,TCGA-EL-A3MY-01A,TCGA-EL-A3MY-01A,1.0,0.0,0.0,0.0,0.0
6,87631163,+,6,87631744,-,THCA,2192,TCGA-EL-A3MY-01A,TCGA-EL-A3MY-01A,1.0,0.0,0.0,0.0,0.0
7,101782108,+,7,101782656,-,THCA,2193,TCGA-EL-A3MY-01A,TCGA-EL-A3MY-01A,1.0,0.0,0.0,0.0,0.0
8,8064047,+,8,12609086,+,THCA,2194,TCGA-EL-A3MY-01A,TCGA-EL-A3MY-01A,1.0,0.0,0.0,0.0,0.0
8,140588785,+,8,140589440,-,THCA,2195,TCGA-EL-A3MY-01A,TCGA-EL-A3MY-01A,1.0,0.0,0.0,0.0,0.0
9,5242974,-,23,142124056,+,THCA,2196,TCGA-EL-A3MY-01A,TCGA-EL-A3MY-01A,1.0,0.0,0.0,0.0,0.0
1,124313104,-,1,124536885,+,THCA,2197,TCGA-EL-A3MZ-01A,TCGA-EL-A3MZ-01A,1.0,0.0,0.0,0.0,0.0
1,124795658,+,1,124803358,-,THCA,2198,TCGA-EL-A3MZ-01A,TCGA-EL-A3MZ-01A,1.0,0.0,0.0,0.0,0.0
1,212916260,-,14,79496276,+,THCA,2199,TCGA-EL-A3MZ-01A,TCGA-EL-A3MZ-01A,1.0,0.0,0.0,0.0,0.0
11,72846094,+,21,31788922,+,THCA,2200,TCGA-EL-A3MZ-01A,TCGA-EL-A3MZ-01A,1.0,0.0,0.0,0.0,0.0
4,139092470,+,15,22963501,-,THCA,2201,TCGA-EL-A3MZ-01A,TCGA-EL-A3MZ-01A,1.0,0.0,0.0,0.0,0.0
1,55951416,+,1,55998775,-,THCA,2202,TCGA-EL-A3N2-01A,TCGA-EL-A3N2-01A,1.0,0.0,0.0,0.0,0.0
8,23015910,-,16,64489069,-,THCA,2203,TCGA-EL-A3N2-01A,TCGA-EL-A3N2-01A,1.0,0.0,0.0,0.0,0.0
1,160873651,+,1,160874232,-,THCA,2204,TCGA-EL-A3N3-01A,TCGA-EL-A3N3-01A,1.0,0.0,0.0,0.0,0.0
11,69715077,-,16,10204026,+,THCA,2205,TCGA-EL-A3N3-01A,TCGA-EL-A3N3-01A,1.0,0.0,0.0,0.0,0.0
14,64426530,+,14,64427087,-,THCA,2206,TCGA-EL-A3N3-01A,TCGA-EL-A3N3-01A,1.0,0.0,0.0,0.0,0.0
16,15792792,+,16,15793334,-,THCA,2207,TCGA-EL-A3N3-01A,TCGA-EL-A3N3-01A,1.0,0.0,0.0,0.0,0.0
16,19770786,+,16,19771376,-,THCA,2208,TCGA-EL-A3N3-01A,TCGA-EL-A3N3-01A,1.0,0.0,0.0,0.0,0.0
17,23058272,-,17,23170379,+,THCA,2209,TCGA-EL-A3N3-01A,TCGA-EL-A3N3-01A,1.0,0.0,0.0,0.0,0.0
19,15125276,+,19,15125928,-,THCA,2210,TCGA-EL-A3N3-01A,TCGA-EL-A3N3-01A,1.0,0.0,0.0,0.0,0.0
20,30001093,+,20,30010502,-,THCA,2211,TCGA-EL-A3N3-01A,TCGA-EL-A3N3-01A,1.0,0.0,0.0,0.0,0.0
3,33597039,+,3,33597655,-,THCA,2212,TCGA-EL-A3N3-01A,TCGA-EL-A3N3-01A,1.0,0.0,0.0,0.0,0.0
3,90914509,-,3,91153526,+,THCA,2213,TCGA-EL-A3N3-01A,TCGA-EL-A3N3-01A,1.0,0.0,0.0,0.0,0.0
3,91157156,-,3,91281780,-,THCA,2214,TCGA-EL-A3N3-01A,TCGA-EL-A3N3-01A,1.0,0.0,0.0,0.0,0.0
4,50877741,+,4,51601083,-,THCA,2215,TCGA-EL-A3N3-01A,TCGA-EL-A3N3-01A,1.0,0.0,0.0,0.0,0.0
4,76042939,+,9,89283400,+,THCA,2216,TCGA-EL-A3N3-01A,TCGA-EL-A3N3-01A,1.0,0.0,0.0,0.0,0.0
5,122608797,-,13,89668870,-,THCA,2217,TCGA-EL-A3N3-01A,TCGA-EL-A3N3-01A,1.0,0.0,0.0,0.0,0.0
6,107813424,+,13,24525069,+,THCA,2218,TCGA-EL-A3N3-01A,TCGA-EL-A3N3-01A,1.0,0.0,0.0,0.0,0.0
1,124066827,-,1,124373079,+,THCA,2219,TCGA-EL-A3T0-01A,TCGA-EL-A3T0-01A,1.0,0.0,0.0,0.0,0.0
1,179795959,-,3,25020150,+,THCA,2220,TCGA-EL-A3T0-01A,TCGA-EL-A3T0-01A,1.0,0.0,0.0,0.0,0.0
10,46287399,+,10,46288074,-,THCA,2221,TCGA-EL-A3T0-01A,TCGA-EL-A3T0-01A,1.0,0.0,0.0,0.0,0.0
11,52680376,-,11,53344512,+,THCA,2222,TCGA-EL-A3T0-01A,TCGA-EL-A3T0-01A,1.0,0.0,0.0,0.0,0.0
11,128776275,+,11,128776863,-,THCA,2223,TCGA-EL-A3T0-01A,TCGA-EL-A3T0-01A,1.0,0.0,0.0,0.0,0.0
12,34775498,-,12,34804584,+,THCA,2224,TCGA-EL-A3T0-01A,TCGA-EL-A3T0-01A,1.0,0.0,0.0,0.0,0.0
13,20559992,+,13,30479041,-,THCA,2225,TCGA-EL-A3T0-01A,TCGA-EL-A3T0-01A,1.0,0.0,0.0,0.0,0.0
14,102809085,+,14,102809619,-,THCA,2226,TCGA-EL-A3T0-01A,TCGA-EL-A3T0-01A,1.0,0.0,0.0,0.0,0.0
17,5302245,-,20,499959,-,THCA,2227,TCGA-EL-A3T0-01A,TCGA-EL-A3T0-01A,1.0,0.0,0.0,0.0,0.0
2,155148281,+,23,138983379,+,THCA,2228,TCGA-EL-A3T0-01A,TCGA-EL-A3T0-01A,1.0,0.0,0.0,0.0,0.0
22,16448489,+,24,11360059,-,THCA,2229,TCGA-EL-A3T0-01A,TCGA-EL-A3T0-01A,1.0,0.0,0.0,0.0,0.0
3,197288776,+,5,138905112,-,THCA,2230,TCGA-EL-A3T0-01A,TCGA-EL-A3T0-01A,1.0,0.0,0.0,0.0,0.0
5,32372971,+,5,33474475,+,THCA,2231,TCGA-EL-A3T0-01A,TCGA-EL-A3T0-01A,1.0,0.0,0.0,0.0,0.0
5,32372975,-,5,33474489,-,THCA,2232,TCGA-EL-A3T0-01A,TCGA-EL-A3T0-01A,1.0,0.0,0.0,0.0,0.0
5,78048294,+,7,140791674,-,THCA,2233,TCGA-EL-A3T0-01A,TCGA-EL-A3T0-01A,1.0,0.0,0.0,0.0,0.0
5,78048303,-,7,140791658,+,THCA,2234,TCGA-EL-A3T0-01A,TCGA-EL-A3T0-01A,1.0,0.0,0.0,0.0,0.0
6,41676942,-,12,2682721,-,THCA,2235,TCGA-EL-A3T0-01A,TCGA-EL-A3T0-01A,1.0,0.0,0.0,0.0,0.0
6,58556441,+,6,59514521,-,THCA,2236,TCGA-EL-A3T0-01A,TCGA-EL-A3T0-01A,1.0,0.0,0.0,0.0,0.0
8,112410586,-,23,141402085,+,THCA,2237,TCGA-EL-A3T0-01A,TCGA-EL-A3T0-01A,1.0,0.0,0.0,0.0,0.0
10,39338175,+,10,39341951,-,THCA,2238,TCGA-EL-A3T1-01A,TCGA-EL-A3T1-01A,1.0,0.0,0.0,0.0,0.0
11,50772656,+,20,29906634,+,THCA,2239,TCGA-EL-A3T1-01A,TCGA-EL-A3T1-01A,1.0,0.0,0.0,0.0,0.0
11,130386808,+,23,22014316,+,THCA,2240,TCGA-EL-A3T1-01A,TCGA-EL-A3T1-01A,1.0,0.0,0.0,0.0,0.0
13,16603280,-,13,17086848,+,THCA,2241,TCGA-EL-A3T1-01A,TCGA-EL-A3T1-01A,1.0,0.0,0.0,0.0,0.0
14,46208296,-,23,104964280,-,THCA,2242,TCGA-EL-A3T1-01A,TCGA-EL-A3T1-01A,1.0,0.0,0.0,0.0,0.0
14,55370673,+,14,55523396,+,THCA,2243,TCGA-EL-A3T1-01A,TCGA-EL-A3T1-01A,1.0,0.0,0.0,0.0,0.0
14,73550480,+,14,73582694,-,THCA,2244,TCGA-EL-A3T1-01A,TCGA-EL-A3T1-01A,1.0,0.0,0.0,0.0,0.0
16,68750059,+,16,68750798,-,THCA,2245,TCGA-EL-A3T1-01A,TCGA-EL-A3T1-01A,1.0,0.0,0.0,0.0,0.0
17,22830356,+,17,23059648,-,THCA,2246,TCGA-EL-A3T1-01A,TCGA-EL-A3T1-01A,1.0,0.0,0.0,0.0,0.0
18,50286905,+,18,50287406,-,THCA,2247,TCGA-EL-A3T1-01A,TCGA-EL-A3T1-01A,1.0,0.0,0.0,0.0,0.0
18,79375097,+,18,79375801,-,THCA,2248,TCGA-EL-A3T1-01A,TCGA-EL-A3T1-01A,1.0,0.0,0.0,0.0,0.0
19,49356167,+,19,49356799,-,THCA,2249,TCGA-EL-A3T1-01A,TCGA-EL-A3T1-01A,1.0,0.0,0.0,0.0,0.0
2,232572538,+,19,10729067,+,THCA,2250,TCGA-EL-A3T1-01A,TCGA-EL-A3T1-01A,1.0,0.0,0.0,0.0,0.0
3,122546974,-,21,39586220,-,THCA,2251,TCGA-EL-A3T1-01A,TCGA-EL-A3T1-01A,1.0,0.0,0.0,0.0,0.0
3,129364399,-,3,137199491,+,THCA,2252,TCGA-EL-A3T1-01A,TCGA-EL-A3T1-01A,1.0,0.0,0.0,0.0,0.0
4,179230386,+,13,93401159,-,THCA,2253,TCGA-EL-A3T1-01A,TCGA-EL-A3T1-01A,1.0,0.0,0.0,0.0,0.0
5,179516839,+,5,179517349,-,THCA,2254,TCGA-EL-A3T1-01A,TCGA-EL-A3T1-01A,1.0,0.0,0.0,0.0,0.0
6,57599245,-,6,60497587,+,THCA,2255,TCGA-EL-A3T1-01A,TCGA-EL-A3T1-01A,1.0,0.0,0.0,0.0,0.0
7,75655565,+,7,75656072,-,THCA,2256,TCGA-EL-A3T1-01A,TCGA-EL-A3T1-01A,1.0,0.0,0.0,0.0,0.0
7,78771675,+,7,78772265,-,THCA,2257,TCGA-EL-A3T1-01A,TCGA-EL-A3T1-01A,1.0,0.0,0.0,0.0,0.0
7,92224374,+,7,92224920,-,THCA,2258,TCGA-EL-A3T1-01A,TCGA-EL-A3T1-01A,1.0,0.0,0.0,0.0,0.0
8,121970059,-,11,34877972,+,THCA,2259,TCGA-EL-A3T1-01A,TCGA-EL-A3T1-01A,1.0,0.0,0.0,0.0,0.0
23,55077373,-,23,55091581,+,THCA,2260,TCGA-EL-A3T1-01A,TCGA-EL-A3T1-01A,1.0,0.0,0.0,0.0,0.0
11,54378138,-,11,54394480,+,THCA,2261,TCGA-EL-A3T2-01A,TCGA-EL-A3T2-01A,1.0,0.0,0.0,0.0,0.0
11,54384673,+,11,54405961,-,THCA,2262,TCGA-EL-A3T2-01A,TCGA-EL-A3T2-01A,1.0,0.0,0.0,0.0,0.0
13,16386010,-,13,16671975,+,THCA,2263,TCGA-EL-A3T2-01A,TCGA-EL-A3T2-01A,1.0,0.0,0.0,0.0,0.0
3,31427002,+,23,3183127,-,THCA,2264,TCGA-EL-A3T2-01A,TCGA-EL-A3T2-01A,1.0,0.0,0.0,0.0,0.0
3,91157136,-,3,91281832,-,THCA,2265,TCGA-EL-A3T2-01A,TCGA-EL-A3T2-01A,1.0,0.0,0.0,0.0,0.0
1,91862153,+,16,58616358,-,THCA,2266,TCGA-EL-A3T3-01A,TCGA-EL-A3T3-01A,1.0,0.0,0.0,0.0,0.0
12,36006492,+,12,37159219,-,THCA,2267,TCGA-EL-A3T3-01A,TCGA-EL-A3T3-01A,1.0,0.0,0.0,0.0,0.0
14,95763673,-,22,35735291,-,THCA,2268,TCGA-EL-A3T3-01A,TCGA-EL-A3T3-01A,1.0,0.0,0.0,0.0,0.0
16,25122879,+,16,25123422,-,THCA,2269,TCGA-EL-A3T3-01A,TCGA-EL-A3T3-01A,1.0,0.0,0.0,0.0,0.0
19,8562596,+,19,8563024,-,THCA,2270,TCGA-EL-A3T3-01A,TCGA-EL-A3T3-01A,1.0,0.0,0.0,0.0,0.0
2,53870915,+,2,53871506,-,THCA,2271,TCGA-EL-A3T3-01A,TCGA-EL-A3T3-01A,1.0,0.0,0.0,0.0,0.0
2,80232606,+,4,106668892,-,THCA,2272,TCGA-EL-A3T3-01A,TCGA-EL-A3T3-01A,1.0,0.0,0.0,0.0,0.0
5,111476294,+,14,84731044,+,THCA,2273,TCGA-EL-A3T3-01A,TCGA-EL-A3T3-01A,1.0,0.0,0.0,0.0,0.0
8,42962065,+,8,42962658,-,THCA,2274,TCGA-EL-A3T3-01A,TCGA-EL-A3T3-01A,1.0,0.0,0.0,0.0,0.0
11,118097102,-,22,27728856,+,THCA,2275,TCGA-EL-A3T6-01A,TCGA-EL-A3T6-01A,1.0,0.0,0.0,0.0,0.0
2,165231328,-,23,1150076,+,THCA,2276,TCGA-EL-A3T6-01A,TCGA-EL-A3T6-01A,1.0,0.0,0.0,0.0,0.0
20,35726425,+,20,35727076,-,THCA,2277,TCGA-EL-A3T6-01A,TCGA-EL-A3T6-01A,1.0,0.0,0.0,0.0,0.0
8,124747393,+,23,146340986,-,THCA,2278,TCGA-EL-A3T6-01A,TCGA-EL-A3T6-01A,1.0,0.0,0.0,0.0,0.0
23,34726790,+,23,34727338,-,THCA,2279,TCGA-EL-A3T6-01A,TCGA-EL-A3T6-01A,1.0,0.0,0.0,0.0,0.0
1,122033581,-,1,122069304,+,THCA,2280,TCGA-EL-A3T7-01A,TCGA-EL-A3T7-01A,1.0,0.0,0.0,0.0,0.0
1,122137379,-,1,122150332,+,THCA,2281,TCGA-EL-A3T7-01A,TCGA-EL-A3T7-01A,1.0,0.0,0.0,0.0,0.0
2,142152782,+,2,162753225,+,THCA,2282,TCGA-EL-A3T7-01A,TCGA-EL-A3T7-01A,1.0,0.0,0.0,0.0,0.0
3,132349000,-,10,43107605,+,THCA,2283,TCGA-EL-A3T7-01A,TCGA-EL-A3T7-01A,1.0,0.0,0.0,0.0,0.0
3,184438834,-,9,110145058,+,THCA,2284,TCGA-EL-A3T7-01A,TCGA-EL-A3T7-01A,1.0,0.0,0.0,0.0,0.0
4,148994612,+,4,148995230,-,THCA,2285,TCGA-EL-A3T7-01A,TCGA-EL-A3T7-01A,1.0,0.0,0.0,0.0,0.0
5,122608798,-,13,89668910,-,THCA,2286,TCGA-EL-A3T7-01A,TCGA-EL-A3T7-01A,1.0,0.0,0.0,0.0,0.0
6,26358053,-,17,65076665,+,THCA,2287,TCGA-EL-A3T7-01A,TCGA-EL-A3T7-01A,1.0,0.0,0.0,0.0,0.0
8,92666252,+,11,43194674,+,THCA,2288,TCGA-EL-A3T7-01A,TCGA-EL-A3T7-01A,1.0,0.0,0.0,0.0,0.0
1,70865696,+,1,71003447,-,THCA,2289,TCGA-EL-A3T9-01A,TCGA-EL-A3T9-01A,1.0,0.0,0.0,0.0,0.0
10,42977825,+,10,43111581,-,THCA,2290,TCGA-EL-A3T9-01A,TCGA-EL-A3T9-01A,1.0,0.0,0.0,0.0,0.0
10,43116550,+,12,90683977,+,THCA,2291,TCGA-EL-A3T9-01A,TCGA-EL-A3T9-01A,1.0,0.0,0.0,0.0,0.0
10,43116567,-,12,1257826,+,THCA,2292,TCGA-EL-A3T9-01A,TCGA-EL-A3T9-01A,1.0,0.0,0.0,0.0,0.0
10,70143838,+,12,75622643,-,THCA,2293,TCGA-EL-A3T9-01A,TCGA-EL-A3T9-01A,1.0,0.0,0.0,0.0,0.0
10,70143843,-,12,91961368,+,THCA,2294,TCGA-EL-A3T9-01A,TCGA-EL-A3T9-01A,1.0,0.0,0.0,0.0,0.0
10,133604529,+,13,76598681,+,THCA,2295,TCGA-EL-A3T9-01A,TCGA-EL-A3T9-01A,1.0,0.0,0.0,0.0,0.0
12,1257831,-,12,1257988,-,THCA,2296,TCGA-EL-A3T9-01A,TCGA-EL-A3T9-01A,1.0,0.0,0.0,0.0,0.0
12,1257978,+,12,90693885,-,THCA,2297,TCGA-EL-A3T9-01A,TCGA-EL-A3T9-01A,1.0,0.0,0.0,0.0,0.0
12,1258118,-,12,90693816,-,THCA,2298,TCGA-EL-A3T9-01A,TCGA-EL-A3T9-01A,1.0,0.0,0.0,0.0,0.0
12,75622622,+,13,76598694,-,THCA,2299,TCGA-EL-A3T9-01A,TCGA-EL-A3T9-01A,1.0,0.0,0.0,0.0,0.0
12,90681992,-,12,91961382,-,THCA,2300,TCGA-EL-A3T9-01A,TCGA-EL-A3T9-01A,1.0,0.0,0.0,0.0,0.0
12,95465149,-,13,37910095,-,THCA,2301,TCGA-EL-A3T9-01A,TCGA-EL-A3T9-01A,1.0,0.0,0.0,0.0,0.0
12,118295138,-,14,81129635,-,THCA,2302,TCGA-EL-A3T9-01A,TCGA-EL-A3T9-01A,1.0,0.0,0.0,0.0,0.0
13,37910023,+,13,76600100,+,THCA,2303,TCGA-EL-A3T9-01A,TCGA-EL-A3T9-01A,1.0,0.0,0.0,0.0,0.0
13,37910628,-,13,76599489,-,THCA,2304,TCGA-EL-A3T9-01A,TCGA-EL-A3T9-01A,1.0,0.0,0.0,0.0,0.0
17,22608409,+,17,22616199,-,THCA,2305,TCGA-EL-A3T9-01A,TCGA-EL-A3T9-01A,1.0,0.0,0.0,0.0,0.0
17,74929706,-,17,74974287,+,THCA,2306,TCGA-EL-A3T9-01A,TCGA-EL-A3T9-01A,1.0,0.0,0.0,0.0,0.0
18,15653787,-,18,15679625,+,THCA,2307,TCGA-EL-A3T9-01A,TCGA-EL-A3T9-01A,1.0,0.0,0.0,0.0,0.0
18,77819148,+,18,77831207,-,THCA,2308,TCGA-EL-A3T9-01A,TCGA-EL-A3T9-01A,1.0,0.0,0.0,0.0,0.0
2,231679,+,13,76599297,+,THCA,2309,TCGA-EL-A3T9-01A,TCGA-EL-A3T9-01A,1.0,0.0,0.0,0.0,0.0
2,231684,-,12,90681978,+,THCA,2310,TCGA-EL-A3T9-01A,TCGA-EL-A3T9-01A,1.0,0.0,0.0,0.0,0.0
2,83521908,-,4,105044101,+,THCA,2311,TCGA-EL-A3T9-01A,TCGA-EL-A3T9-01A,1.0,0.0,0.0,0.0,0.0
21,18235402,+,21,18253918,-,THCA,2312,TCGA-EL-A3T9-01A,TCGA-EL-A3T9-01A,1.0,0.0,0.0,0.0,0.0
4,146446640,+,4,146494884,-,THCA,2313,TCGA-EL-A3T9-01A,TCGA-EL-A3T9-01A,1.0,0.0,0.0,0.0,0.0
4,162890450,+,4,162905395,-,THCA,2314,TCGA-EL-A3T9-01A,TCGA-EL-A3T9-01A,1.0,0.0,0.0,0.0,0.0
6,162480836,+,6,162482095,-,THCA,2315,TCGA-EL-A3T9-01A,TCGA-EL-A3T9-01A,1.0,0.0,0.0,0.0,0.0
8,45080661,-,8,45427498,+,THCA,2316,TCGA-EL-A3T9-01A,TCGA-EL-A3T9-01A,1.0,0.0,0.0,0.0,0.0
8,59541342,-,9,24410267,-,THCA,2317,TCGA-EL-A3T9-01A,TCGA-EL-A3T9-01A,1.0,0.0,0.0,0.0,0.0
9,67792937,-,12,95457314,+,THCA,2318,TCGA-EL-A3T9-01A,TCGA-EL-A3T9-01A,1.0,0.0,0.0,0.0,0.0
10,3938620,+,10,125242094,-,THCA,2319,TCGA-EL-A3TA-01A,TCGA-EL-A3TA-01A,1.0,0.0,0.0,0.0,0.0
10,39574454,-,10,41282305,+,THCA,2320,TCGA-EL-A3TA-01A,TCGA-EL-A3TA-01A,1.0,0.0,0.0,0.0,0.0
12,11048008,+,12,11121964,-,THCA,2321,TCGA-EL-A3TA-01A,TCGA-EL-A3TA-01A,1.0,0.0,0.0,0.0,0.0
18,37744818,+,18,37745412,-,THCA,2322,TCGA-EL-A3TA-01A,TCGA-EL-A3TA-01A,1.0,0.0,0.0,0.0,0.0
2,232827199,-,6,15756521,+,THCA,2323,TCGA-EL-A3TA-01A,TCGA-EL-A3TA-01A,1.0,0.0,0.0,0.0,0.0
20,26485722,-,20,26599546,+,THCA,2324,TCGA-EL-A3TA-01A,TCGA-EL-A3TA-01A,1.0,0.0,0.0,0.0,0.0
6,57380640,+,6,60281894,-,THCA,2325,TCGA-EL-A3TA-01A,TCGA-EL-A3TA-01A,1.0,0.0,0.0,0.0,0.0
7,71704916,-,12,2757040,-,THCA,2326,TCGA-EL-A3TA-01A,TCGA-EL-A3TA-01A,1.0,0.0,0.0,0.0,0.0
9,43391654,-,9,60679449,-,THCA,2327,TCGA-EL-A3TA-01A,TCGA-EL-A3TA-01A,1.0,0.0,0.0,0.0,0.0
1,52402481,+,1,52526188,-,THCA,2328,TCGA-EL-A3TB-01A,TCGA-EL-A3TB-01A,1.0,0.0,0.0,0.0,0.0
10,43116317,+,10,59896540,+,THCA,2329,TCGA-EL-A3TB-01A,TCGA-EL-A3TB-01A,1.0,0.0,0.0,0.0,0.0
10,43116319,-,10,59896543,-,THCA,2330,TCGA-EL-A3TB-01A,TCGA-EL-A3TB-01A,1.0,0.0,0.0,0.0,0.0
13,29996109,+,13,29998216,-,THCA,2331,TCGA-EL-A3TB-01A,TCGA-EL-A3TB-01A,1.0,0.0,0.0,0.0,0.0
19,18698046,+,19,18698620,-,THCA,2332,TCGA-EL-A3TB-01A,TCGA-EL-A3TB-01A,1.0,0.0,0.0,0.0,0.0
3,90407923,-,3,90410143,+,THCA,2333,TCGA-EL-A3TB-01A,TCGA-EL-A3TB-01A,1.0,0.0,0.0,0.0,0.0
5,47026944,-,5,47048703,+,THCA,2334,TCGA-EL-A3TB-01A,TCGA-EL-A3TB-01A,1.0,0.0,0.0,0.0,0.0
8,45080696,-,8,45427524,+,THCA,2335,TCGA-EL-A3TB-01A,TCGA-EL-A3TB-01A,1.0,0.0,0.0,0.0,0.0
9,113951448,+,16,70835007,+,THCA,2336,TCGA-EL-A3TB-01A,TCGA-EL-A3TB-01A,1.0,0.0,0.0,0.0,0.0
1,162318579,+,1,162319711,-,THCA,2337,TCGA-EL-A3ZG-01A,TCGA-EL-A3ZG-01A,1.0,0.0,0.0,0.0,0.0
1,234623876,-,9,13432744,+,THCA,2338,TCGA-EL-A3ZG-01A,TCGA-EL-A3ZG-01A,1.0,0.0,0.0,0.0,0.0
11,13323079,+,21,25620248,-,THCA,2339,TCGA-EL-A3ZG-01A,TCGA-EL-A3ZG-01A,1.0,0.0,0.0,0.0,0.0
12,36515518,+,12,37075596,-,THCA,2340,TCGA-EL-A3ZG-01A,TCGA-EL-A3ZG-01A,1.0,0.0,0.0,0.0,0.0
12,56717029,+,12,56717587,-,THCA,2341,TCGA-EL-A3ZG-01A,TCGA-EL-A3ZG-01A,1.0,0.0,0.0,0.0,0.0
15,57211384,+,15,57211927,-,THCA,2342,TCGA-EL-A3ZG-01A,TCGA-EL-A3ZG-01A,1.0,0.0,0.0,0.0,0.0
2,98979993,-,23,64693866,-,THCA,2343,TCGA-EL-A3ZG-01A,TCGA-EL-A3ZG-01A,1.0,0.0,0.0,0.0,0.0
2,187258320,-,11,3895674,+,THCA,2344,TCGA-EL-A3ZG-01A,TCGA-EL-A3ZG-01A,1.0,0.0,0.0,0.0,0.0
7,43999421,+,7,77061122,+,THCA,2345,TCGA-EL-A3ZG-01A,TCGA-EL-A3ZG-01A,1.0,0.0,0.0,0.0,0.0
7,75585327,+,7,75585928,-,THCA,2346,TCGA-EL-A3ZG-01A,TCGA-EL-A3ZG-01A,1.0,0.0,0.0,0.0,0.0
1,121907638,+,1,122174615,+,THCA,2347,TCGA-EL-A3ZH-01A,TCGA-EL-A3ZH-01A,1.0,0.0,0.0,0.0,0.0
1,169391896,+,2,30086727,-,THCA,2348,TCGA-EL-A3ZH-01A,TCGA-EL-A3ZH-01A,1.0,0.0,0.0,0.0,0.0
1,210326961,+,15,32657183,+,THCA,2349,TCGA-EL-A3ZH-01A,TCGA-EL-A3ZH-01A,1.0,0.0,0.0,0.0,0.0
15,79061414,-,17,10159066,-,THCA,2350,TCGA-EL-A3ZH-01A,TCGA-EL-A3ZH-01A,1.0,0.0,0.0,0.0,0.0
19,6824074,+,19,6824651,-,THCA,2351,TCGA-EL-A3ZH-01A,TCGA-EL-A3ZH-01A,1.0,0.0,0.0,0.0,0.0
19,16084495,+,19,16085050,-,THCA,2352,TCGA-EL-A3ZH-01A,TCGA-EL-A3ZH-01A,1.0,0.0,0.0,0.0,0.0
20,29981842,-,20,30022890,+,THCA,2353,TCGA-EL-A3ZH-01A,TCGA-EL-A3ZH-01A,1.0,0.0,0.0,0.0,0.0
20,49163887,+,20,49164407,-,THCA,2354,TCGA-EL-A3ZH-01A,TCGA-EL-A3ZH-01A,1.0,0.0,0.0,0.0,0.0
3,157972128,-,5,18435603,+,THCA,2355,TCGA-EL-A3ZH-01A,TCGA-EL-A3ZH-01A,1.0,0.0,0.0,0.0,0.0
5,27968256,-,12,62448049,+,THCA,2356,TCGA-EL-A3ZH-01A,TCGA-EL-A3ZH-01A,1.0,0.0,0.0,0.0,0.0
5,75241477,-,14,103251655,+,THCA,2357,TCGA-EL-A3ZH-01A,TCGA-EL-A3ZH-01A,1.0,0.0,0.0,0.0,0.0
7,61114344,+,7,61430732,-,THCA,2358,TCGA-EL-A3ZH-01A,TCGA-EL-A3ZH-01A,1.0,0.0,0.0,0.0,0.0
1,7276288,-,10,5794217,-,THCA,2359,TCGA-EL-A3ZK-01A,TCGA-EL-A3ZK-01A,1.0,0.0,0.0,0.0,0.0
1,180502608,+,1,180503134,-,THCA,2360,TCGA-EL-A3ZK-01A,TCGA-EL-A3ZK-01A,1.0,0.0,0.0,0.0,0.0
10,39561376,-,10,41709081,+,THCA,2361,TCGA-EL-A3ZK-01A,TCGA-EL-A3ZK-01A,1.0,0.0,0.0,0.0,0.0
11,52504788,-,11,53829865,+,THCA,2362,TCGA-EL-A3ZK-01A,TCGA-EL-A3ZK-01A,1.0,0.0,0.0,0.0,0.0
12,6683064,+,12,6683569,-,THCA,2363,TCGA-EL-A3ZK-01A,TCGA-EL-A3ZK-01A,1.0,0.0,0.0,0.0,0.0
15,17506659,+,15,18047069,-,THCA,2364,TCGA-EL-A3ZK-01A,TCGA-EL-A3ZK-01A,1.0,0.0,0.0,0.0,0.0
15,90418383,+,15,90418928,-,THCA,2365,TCGA-EL-A3ZK-01A,TCGA-EL-A3ZK-01A,1.0,0.0,0.0,0.0,0.0
2,4267405,+,2,4981815,-,THCA,2366,TCGA-EL-A3ZK-01A,TCGA-EL-A3ZK-01A,1.0,0.0,0.0,0.0,0.0
2,4267405,+,3,131565495,+,THCA,2367,TCGA-EL-A3ZK-01A,TCGA-EL-A3ZK-01A,1.0,0.0,0.0,0.0,0.0
2,4267414,-,2,5303505,-,THCA,2368,TCGA-EL-A3ZK-01A,TCGA-EL-A3ZK-01A,1.0,0.0,0.0,0.0,0.0
2,4866213,+,2,4981710,+,THCA,2369,TCGA-EL-A3ZK-01A,TCGA-EL-A3ZK-01A,1.0,0.0,0.0,0.0,0.0
2,4866218,-,2,5303423,+,THCA,2370,TCGA-EL-A3ZK-01A,TCGA-EL-A3ZK-01A,1.0,0.0,0.0,0.0,0.0
2,4981814,-,3,131565163,-,THCA,2371,TCGA-EL-A3ZK-01A,TCGA-EL-A3ZK-01A,1.0,0.0,0.0,0.0,0.0
2,6396577,+,3,131565131,+,THCA,2372,TCGA-EL-A3ZK-01A,TCGA-EL-A3ZK-01A,1.0,0.0,0.0,0.0,0.0
2,6396614,-,3,131562288,-,THCA,2373,TCGA-EL-A3ZK-01A,TCGA-EL-A3ZK-01A,1.0,0.0,0.0,0.0,0.0
2,211773398,-,17,3367566,-,THCA,2374,TCGA-EL-A3ZK-01A,TCGA-EL-A3ZK-01A,1.0,0.0,0.0,0.0,0.0
3,91019009,+,3,91108130,-,THCA,2375,TCGA-EL-A3ZK-01A,TCGA-EL-A3ZK-01A,1.0,0.0,0.0,0.0,0.0
3,131562280,+,3,131565496,-,THCA,2376,TCGA-EL-A3ZK-01A,TCGA-EL-A3ZK-01A,1.0,0.0,0.0,0.0,0.0
5,1848012,+,5,1848526,-,THCA,2377,TCGA-EL-A3ZK-01A,TCGA-EL-A3ZK-01A,1.0,0.0,0.0,0.0,0.0
6,43409002,+,6,43413490,-,THCA,2378,TCGA-EL-A3ZK-01A,TCGA-EL-A3ZK-01A,1.0,0.0,0.0,0.0,0.0
7,62817012,-,11,54926174,+,THCA,2379,TCGA-EL-A3ZK-01A,TCGA-EL-A3ZK-01A,1.0,0.0,0.0,0.0,0.0
7,128084559,+,7,140786429,+,THCA,2380,TCGA-EL-A3ZK-01A,TCGA-EL-A3ZK-01A,1.0,0.0,0.0,0.0,0.0
7,128084684,-,7,140786425,-,THCA,2381,TCGA-EL-A3ZK-01A,TCGA-EL-A3ZK-01A,1.0,0.0,0.0,0.0,0.0
8,44353037,+,8,44555927,-,THCA,2382,TCGA-EL-A3ZK-01A,TCGA-EL-A3ZK-01A,1.0,0.0,0.0,0.0,0.0
1,122379351,+,1,122390663,-,THCA,2383,TCGA-EL-A3ZL-01A,TCGA-EL-A3ZL-01A,1.0,0.0,0.0,0.0,0.0
10,39919140,+,10,39931565,-,THCA,2384,TCGA-EL-A3ZL-01A,TCGA-EL-A3ZL-01A,1.0,0.0,0.0,0.0,0.0
11,48442759,+,11,54613977,-,THCA,2385,TCGA-EL-A3ZL-01A,TCGA-EL-A3ZL-01A,1.0,0.0,0.0,0.0,0.0
11,54363473,-,11,54381215,+,THCA,2386,TCGA-EL-A3ZL-01A,TCGA-EL-A3ZL-01A,1.0,0.0,0.0,0.0,0.0
13,16497074,-,13,17328358,+,THCA,2387,TCGA-EL-A3ZL-01A,TCGA-EL-A3ZL-01A,1.0,0.0,0.0,0.0,0.0
14,102094598,-,15,77185790,+,THCA,2388,TCGA-EL-A3ZL-01A,TCGA-EL-A3ZL-01A,1.0,0.0,0.0,0.0,0.0
17,26762485,-,24,11485050,-,THCA,2389,TCGA-EL-A3ZL-01A,TCGA-EL-A3ZL-01A,1.0,0.0,0.0,0.0,0.0
19,54760594,-,19,54806122,+,THCA,2390,TCGA-EL-A3ZL-01A,TCGA-EL-A3ZL-01A,1.0,0.0,0.0,0.0,0.0
2,91918007,+,24,11372908,-,THCA,2391,TCGA-EL-A3ZL-01A,TCGA-EL-A3ZL-01A,1.0,0.0,0.0,0.0,0.0
2,92918497,+,2,93594411,-,THCA,2392,TCGA-EL-A3ZL-01A,TCGA-EL-A3ZL-01A,1.0,0.0,0.0,0.0,0.0
3,91042563,-,3,91061341,+,THCA,2393,TCGA-EL-A3ZL-01A,TCGA-EL-A3ZL-01A,1.0,0.0,0.0,0.0,0.0
3,169180814,+,17,11166118,-,THCA,2394,TCGA-EL-A3ZL-01A,TCGA-EL-A3ZL-01A,1.0,0.0,0.0,0.0,0.0
5,46658730,-,12,37284184,+,THCA,2395,TCGA-EL-A3ZL-01A,TCGA-EL-A3ZL-01A,1.0,0.0,0.0,0.0,0.0
5,173857184,+,12,63532829,+,THCA,2396,TCGA-EL-A3ZL-01A,TCGA-EL-A3ZL-01A,1.0,0.0,0.0,0.0,0.0
1,122076250,-,1,122122173,+,THCA,2397,TCGA-EL-A3ZM-01A,TCGA-EL-A3ZM-01A,1.0,0.0,0.0,0.0,0.0
11,53559044,-,11,53661723,+,THCA,2398,TCGA-EL-A3ZM-01A,TCGA-EL-A3ZM-01A,1.0,0.0,0.0,0.0,0.0
13,16586639,+,13,16678890,-,THCA,2399,TCGA-EL-A3ZM-01A,TCGA-EL-A3ZM-01A,1.0,0.0,0.0,0.0,0.0
13,90497149,-,23,43588996,-,THCA,2400,TCGA-EL-A3ZM-01A,TCGA-EL-A3ZM-01A,1.0,0.0,0.0,0.0,0.0
14,68795262,+,23,117931879,-,THCA,2401,TCGA-EL-A3ZM-01A,TCGA-EL-A3ZM-01A,1.0,0.0,0.0,0.0,0.0
14,94490345,+,14,94490891,-,THCA,2402,TCGA-EL-A3ZM-01A,TCGA-EL-A3ZM-01A,1.0,0.0,0.0,0.0,0.0
17,19672807,+,17,19673441,-,THCA,2403,TCGA-EL-A3ZM-01A,TCGA-EL-A3ZM-01A,1.0,0.0,0.0,0.0,0.0
17,21299712,-,17,21910824,+,THCA,2404,TCGA-EL-A3ZM-01A,TCGA-EL-A3ZM-01A,1.0,0.0,0.0,0.0,0.0
17,77497488,+,17,77498093,-,THCA,2405,TCGA-EL-A3ZM-01A,TCGA-EL-A3ZM-01A,1.0,0.0,0.0,0.0,0.0
2,94557316,+,22,15194900,-,THCA,2406,TCGA-EL-A3ZM-01A,TCGA-EL-A3ZM-01A,1.0,0.0,0.0,0.0,0.0
21,44333309,+,21,44333887,-,THCA,2407,TCGA-EL-A3ZM-01A,TCGA-EL-A3ZM-01A,1.0,0.0,0.0,0.0,0.0
22,23344769,-,22,24675215,+,THCA,2408,TCGA-EL-A3ZM-01A,TCGA-EL-A3ZM-01A,1.0,0.0,0.0,0.0,0.0
3,149835879,+,7,46874230,+,THCA,2409,TCGA-EL-A3ZM-01A,TCGA-EL-A3ZM-01A,1.0,0.0,0.0,0.0,0.0
4,38083125,+,17,40523312,+,THCA,2410,TCGA-EL-A3ZM-01A,TCGA-EL-A3ZM-01A,1.0,0.0,0.0,0.0,0.0
5,49861693,+,5,49894450,-,THCA,2411,TCGA-EL-A3ZM-01A,TCGA-EL-A3ZM-01A,1.0,0.0,0.0,0.0,0.0
5,172396356,+,5,172396904,-,THCA,2412,TCGA-EL-A3ZM-01A,TCGA-EL-A3ZM-01A,1.0,0.0,0.0,0.0,0.0
5,177579557,+,5,177580070,-,THCA,2413,TCGA-EL-A3ZM-01A,TCGA-EL-A3ZM-01A,1.0,0.0,0.0,0.0,0.0
6,169904037,+,6,169904652,-,THCA,2414,TCGA-EL-A3ZM-01A,TCGA-EL-A3ZM-01A,1.0,0.0,0.0,0.0,0.0
7,76187111,+,7,76187668,-,THCA,2415,TCGA-EL-A3ZM-01A,TCGA-EL-A3ZM-01A,1.0,0.0,0.0,0.0,0.0
10,38709830,+,24,11409216,-,THCA,2416,TCGA-EL-A3ZN-01A,TCGA-EL-A3ZN-01A,1.0,0.0,0.0,0.0,0.0
12,11865828,-,15,100841346,+,THCA,2417,TCGA-EL-A3ZN-01A,TCGA-EL-A3ZN-01A,1.0,0.0,0.0,0.0,0.0
12,11866163,+,15,88099986,+,THCA,2418,TCGA-EL-A3ZN-01A,TCGA-EL-A3ZN-01A,1.0,0.0,0.0,0.0,0.0
15,88099837,-,15,100841134,-,THCA,2419,TCGA-EL-A3ZN-01A,TCGA-EL-A3ZN-01A,1.0,0.0,0.0,0.0,0.0
17,22763620,+,17,22904986,-,THCA,2420,TCGA-EL-A3ZN-01A,TCGA-EL-A3ZN-01A,1.0,0.0,0.0,0.0,0.0
19,34120077,+,19,34120608,-,THCA,2421,TCGA-EL-A3ZN-01A,TCGA-EL-A3ZN-01A,1.0,0.0,0.0,0.0,0.0
19,53749205,+,19,53749764,-,THCA,2422,TCGA-EL-A3ZN-01A,TCGA-EL-A3ZN-01A,1.0,0.0,0.0,0.0,0.0
5,112734324,-,5,112734475,+,THCA,2423,TCGA-EL-A3ZN-01A,TCGA-EL-A3ZN-01A,1.0,0.0,0.0,0.0,0.0
7,2319585,+,7,2320086,-,THCA,2424,TCGA-EL-A3ZN-01A,TCGA-EL-A3ZN-01A,1.0,0.0,0.0,0.0,0.0
7,131863375,+,19,16063719,+,THCA,2425,TCGA-EL-A3ZN-01A,TCGA-EL-A3ZN-01A,1.0,0.0,0.0,0.0,0.0
1,7854491,+,1,7855119,-,THCA,2426,TCGA-EL-A3ZO-01A,TCGA-EL-A3ZO-01A,1.0,0.0,0.0,0.0,0.0
1,15621674,+,1,15622277,-,THCA,2427,TCGA-EL-A3ZO-01A,TCGA-EL-A3ZO-01A,1.0,0.0,0.0,0.0,0.0
1,87393610,+,1,87395146,-,THCA,2428,TCGA-EL-A3ZO-01A,TCGA-EL-A3ZO-01A,1.0,0.0,0.0,0.0,0.0
1,123114236,+,6,153605523,-,THCA,2429,TCGA-EL-A3ZO-01A,TCGA-EL-A3ZO-01A,1.0,0.0,0.0,0.0,0.0
1,156087943,+,1,156164014,-,THCA,2430,TCGA-EL-A3ZO-01A,TCGA-EL-A3ZO-01A,1.0,0.0,0.0,0.0,0.0
11,82700508,-,16,62529686,-,THCA,2431,TCGA-EL-A3ZO-01A,TCGA-EL-A3ZO-01A,1.0,0.0,0.0,0.0,0.0
14,49791472,+,14,49791997,-,THCA,2432,TCGA-EL-A3ZO-01A,TCGA-EL-A3ZO-01A,1.0,0.0,0.0,0.0,0.0
17,23028504,-,17,23043102,+,THCA,2433,TCGA-EL-A3ZO-01A,TCGA-EL-A3ZO-01A,1.0,0.0,0.0,0.0,0.0
17,75931768,+,17,75932333,-,THCA,2434,TCGA-EL-A3ZO-01A,TCGA-EL-A3ZO-01A,1.0,0.0,0.0,0.0,0.0
19,28986690,-,19,28994769,+,THCA,2435,TCGA-EL-A3ZO-01A,TCGA-EL-A3ZO-01A,1.0,0.0,0.0,0.0,0.0
2,44119280,-,2,44181169,+,THCA,2436,TCGA-EL-A3ZO-01A,TCGA-EL-A3ZO-01A,1.0,0.0,0.0,0.0,0.0
2,212374081,-,5,5815978,-,THCA,2437,TCGA-EL-A3ZO-01A,TCGA-EL-A3ZO-01A,1.0,0.0,0.0,0.0,0.0
20,36829979,+,20,36830524,-,THCA,2438,TCGA-EL-A3ZO-01A,TCGA-EL-A3ZO-01A,1.0,0.0,0.0,0.0,0.0
3,91019054,+,3,91108053,-,THCA,2439,TCGA-EL-A3ZO-01A,TCGA-EL-A3ZO-01A,1.0,0.0,0.0,0.0,0.0
3,91261387,+,3,91264764,-,THCA,2440,TCGA-EL-A3ZO-01A,TCGA-EL-A3ZO-01A,1.0,0.0,0.0,0.0,0.0
3,190222309,+,17,5125722,+,THCA,2441,TCGA-EL-A3ZO-01A,TCGA-EL-A3ZO-01A,1.0,0.0,0.0,0.0,0.0
4,57528075,+,4,57528610,-,THCA,2442,TCGA-EL-A3ZO-01A,TCGA-EL-A3ZO-01A,1.0,0.0,0.0,0.0,0.0
4,78629320,-,6,151669189,+,THCA,2443,TCGA-EL-A3ZO-01A,TCGA-EL-A3ZO-01A,1.0,0.0,0.0,0.0,0.0
5,140394826,+,5,140395352,-,THCA,2444,TCGA-EL-A3ZO-01A,TCGA-EL-A3ZO-01A,1.0,0.0,0.0,0.0,0.0
5,169407807,+,13,58435400,-,THCA,2445,TCGA-EL-A3ZO-01A,TCGA-EL-A3ZO-01A,1.0,0.0,0.0,0.0,0.0
6,2169380,+,6,2169932,-,THCA,2446,TCGA-EL-A3ZO-01A,TCGA-EL-A3ZO-01A,1.0,0.0,0.0,0.0,0.0
6,22449897,+,6,22450428,-,THCA,2447,TCGA-EL-A3ZO-01A,TCGA-EL-A3ZO-01A,1.0,0.0,0.0,0.0,0.0
6,149853557,+,6,149854162,-,THCA,2448,TCGA-EL-A3ZO-01A,TCGA-EL-A3ZO-01A,1.0,0.0,0.0,0.0,0.0
7,75603856,+,7,75604476,-,THCA,2449,TCGA-EL-A3ZO-01A,TCGA-EL-A3ZO-01A,1.0,0.0,0.0,0.0,0.0
8,65185726,+,8,65186920,-,THCA,2450,TCGA-EL-A3ZO-01A,TCGA-EL-A3ZO-01A,1.0,0.0,0.0,0.0,0.0
10,43114547,+,10,59863744,+,THCA,2451,TCGA-EL-A3ZP-01A,TCGA-EL-A3ZP-01A,1.0,0.0,0.0,0.0,0.0
10,43114565,-,10,59863740,-,THCA,2452,TCGA-EL-A3ZP-01A,TCGA-EL-A3ZP-01A,1.0,0.0,0.0,0.0,0.0
11,53193491,-,11,53716785,+,THCA,2453,TCGA-EL-A3ZP-01A,TCGA-EL-A3ZP-01A,1.0,0.0,0.0,0.0,0.0
13,16034257,-,13,16050221,+,THCA,2454,TCGA-EL-A3ZP-01A,TCGA-EL-A3ZP-01A,1.0,0.0,0.0,0.0,0.0
16,34164552,-,20,29295603,-,THCA,2455,TCGA-EL-A3ZP-01A,TCGA-EL-A3ZP-01A,1.0,0.0,0.0,0.0,0.0
17,46210499,-,17,47098761,+,THCA,2456,TCGA-EL-A3ZP-01A,TCGA-EL-A3ZP-01A,1.0,0.0,0.0,0.0,0.0
18,20780561,+,18,20786426,-,THCA,2457,TCGA-EL-A3ZP-01A,TCGA-EL-A3ZP-01A,1.0,0.0,0.0,0.0,0.0
4,100771243,-,8,2178557,-,THCA,2458,TCGA-EL-A3ZP-01A,TCGA-EL-A3ZP-01A,1.0,0.0,0.0,0.0,0.0
8,32261359,-,10,103278904,-,THCA,2459,TCGA-EL-A3ZP-01A,TCGA-EL-A3ZP-01A,1.0,0.0,0.0,0.0,0.0
8,33109935,-,8,132905806,-,THCA,2460,TCGA-EL-A3ZP-01A,TCGA-EL-A3ZP-01A,1.0,0.0,0.0,0.0,0.0
8,33109936,-,8,132905812,+,THCA,2461,TCGA-EL-A3ZP-01A,TCGA-EL-A3ZP-01A,1.0,0.0,0.0,0.0,0.0
8,33110052,-,8,132911529,+,THCA,2462,TCGA-EL-A3ZP-01A,TCGA-EL-A3ZP-01A,1.0,0.0,0.0,0.0,0.0
8,132905700,+,8,132911549,-,THCA,2463,TCGA-EL-A3ZP-01A,TCGA-EL-A3ZP-01A,1.0,0.0,0.0,0.0,0.0
1,122368758,-,1,122391054,+,THCA,2464,TCGA-EL-A3ZQ-01A,TCGA-EL-A3ZQ-01A,1.0,0.0,0.0,0.0,0.0
2,95846741,-,2,113396133,-,THCA,2465,TCGA-EL-A3ZQ-01A,TCGA-EL-A3ZQ-01A,1.0,0.0,0.0,0.0,0.0
7,63307552,+,7,64194061,-,THCA,2466,TCGA-EL-A3ZQ-01A,TCGA-EL-A3ZQ-01A,1.0,0.0,0.0,0.0,0.0
8,8526091,-,16,19321668,-,THCA,2467,TCGA-EL-A3ZQ-01A,TCGA-EL-A3ZQ-01A,1.0,0.0,0.0,0.0,0.0
1,92730586,+,1,92731206,-,THCA,2468,TCGA-EL-A3ZR-01A,TCGA-EL-A3ZR-01A,1.0,0.0,0.0,0.0,0.0
1,161527905,+,1,161609647,-,THCA,2469,TCGA-EL-A3ZR-01A,TCGA-EL-A3ZR-01A,1.0,0.0,0.0,0.0,0.0
10,11780338,+,10,11780858,-,THCA,2470,TCGA-EL-A3ZR-01A,TCGA-EL-A3ZR-01A,1.0,0.0,0.0,0.0,0.0
10,128583475,-,23,1201238,-,THCA,2471,TCGA-EL-A3ZR-01A,TCGA-EL-A3ZR-01A,1.0,0.0,0.0,0.0,0.0
12,31977459,+,12,31978057,-,THCA,2472,TCGA-EL-A3ZR-01A,TCGA-EL-A3ZR-01A,1.0,0.0,0.0,0.0,0.0
12,132375260,+,12,132375822,-,THCA,2473,TCGA-EL-A3ZR-01A,TCGA-EL-A3ZR-01A,1.0,0.0,0.0,0.0,0.0
14,102094615,-,15,77185749,+,THCA,2474,TCGA-EL-A3ZR-01A,TCGA-EL-A3ZR-01A,1.0,0.0,0.0,0.0,0.0
17,26737247,+,22,16662013,-,THCA,2475,TCGA-EL-A3ZR-01A,TCGA-EL-A3ZR-01A,1.0,0.0,0.0,0.0,0.0
2,35236671,-,11,97300070,+,THCA,2476,TCGA-EL-A3ZR-01A,TCGA-EL-A3ZR-01A,1.0,0.0,0.0,0.0,0.0
2,61548209,+,2,61548838,-,THCA,2477,TCGA-EL-A3ZR-01A,TCGA-EL-A3ZR-01A,1.0,0.0,0.0,0.0,0.0
2,96361843,+,23,86842089,+,THCA,2478,TCGA-EL-A3ZR-01A,TCGA-EL-A3ZR-01A,1.0,0.0,0.0,0.0,0.0
6,58448603,-,6,59770665,+,THCA,2479,TCGA-EL-A3ZR-01A,TCGA-EL-A3ZR-01A,1.0,0.0,0.0,0.0,0.0
23,1514385,+,23,1514908,-,THCA,2480,TCGA-EL-A3ZR-01A,TCGA-EL-A3ZR-01A,1.0,0.0,0.0,0.0,0.0
10,43115510,+,10,118950300,+,THCA,2481,TCGA-EL-A3ZS-01A,TCGA-EL-A3ZS-01A,1.0,0.0,0.0,0.0,0.0
10,43116481,-,10,59899780,-,THCA,2482,TCGA-EL-A3ZS-01A,TCGA-EL-A3ZS-01A,1.0,0.0,0.0,0.0,0.0
10,43207745,+,10,118950230,+,THCA,2483,TCGA-EL-A3ZS-01A,TCGA-EL-A3ZS-01A,1.0,0.0,0.0,0.0,0.0
10,43207745,+,10,118950322,-,THCA,2484,TCGA-EL-A3ZS-01A,TCGA-EL-A3ZS-01A,1.0,0.0,0.0,0.0,0.0
10,61624159,+,10,62201964,-,THCA,2485,TCGA-EL-A3ZS-01A,TCGA-EL-A3ZS-01A,1.0,0.0,0.0,0.0,0.0
10,102111368,+,10,102111975,-,THCA,2486,TCGA-EL-A3ZS-01A,TCGA-EL-A3ZS-01A,1.0,0.0,0.0,0.0,0.0
10,116633670,+,15,28743006,+,THCA,2487,TCGA-EL-A3ZS-01A,TCGA-EL-A3ZS-01A,1.0,0.0,0.0,0.0,0.0
10,118950089,-,10,118950322,-,THCA,2488,TCGA-EL-A3ZS-01A,TCGA-EL-A3ZS-01A,1.0,0.0,0.0,0.0,0.0
13,18622769,+,15,21330930,+,THCA,2489,TCGA-EL-A3ZS-01A,TCGA-EL-A3ZS-01A,1.0,0.0,0.0,0.0,0.0
13,92266960,+,15,23462468,-,THCA,2490,TCGA-EL-A3ZS-01A,TCGA-EL-A3ZS-01A,1.0,0.0,0.0,0.0,0.0
14,96064364,-,23,93487428,+,THCA,2491,TCGA-EL-A3ZS-01A,TCGA-EL-A3ZS-01A,1.0,0.0,0.0,0.0,0.0
15,57105162,+,15,57105670,-,THCA,2492,TCGA-EL-A3ZS-01A,TCGA-EL-A3ZS-01A,1.0,0.0,0.0,0.0,0.0
17,64720401,-,23,7191684,-,THCA,2493,TCGA-EL-A3ZS-01A,TCGA-EL-A3ZS-01A,1.0,0.0,0.0,0.0,0.0
18,15507758,-,18,15666192,+,THCA,2494,TCGA-EL-A3ZS-01A,TCGA-EL-A3ZS-01A,1.0,0.0,0.0,0.0,0.0
18,15754774,-,18,15785443,+,THCA,2495,TCGA-EL-A3ZS-01A,TCGA-EL-A3ZS-01A,1.0,0.0,0.0,0.0,0.0
8,121970054,-,11,34877973,+,THCA,2496,TCGA-EL-A3ZS-01A,TCGA-EL-A3ZS-01A,1.0,0.0,0.0,0.0,0.0
16,75519004,+,16,75519558,-,THCA,2497,TCGA-EL-A3ZT-01A,TCGA-EL-A3ZT-01A,1.0,0.0,0.0,0.0,0.0
1,122137370,-,1,122150320,+,THCA,2498,TCGA-EL-A4JV-01A,TCGA-EL-A4JV-01A,1.0,0.0,0.0,0.0,0.0
10,79965541,+,11,49321010,+,THCA,2499,TCGA-EL-A4JV-01A,TCGA-EL-A4JV-01A,1.0,0.0,0.0,0.0,0.0
17,53795033,-,22,34286017,-,THCA,2500,TCGA-EL-A4JV-01A,TCGA-EL-A4JV-01A,1.0,0.0,0.0,0.0,0.0
17,53800387,+,22,23588867,+,THCA,2501,TCGA-EL-A4JV-01A,TCGA-EL-A4JV-01A,1.0,0.0,0.0,0.0,0.0
17,53800393,-,22,34286005,+,THCA,2502,TCGA-EL-A4JV-01A,TCGA-EL-A4JV-01A,1.0,0.0,0.0,0.0,0.0
18,15573639,-,18,15679464,+,THCA,2503,TCGA-EL-A4JV-01A,TCGA-EL-A4JV-01A,1.0,0.0,0.0,0.0,0.0
3,77742183,-,12,126928724,+,THCA,2504,TCGA-EL-A4JV-01A,TCGA-EL-A4JV-01A,1.0,0.0,0.0,0.0,0.0
3,112342028,-,10,3930474,+,THCA,2505,TCGA-EL-A4JV-01A,TCGA-EL-A4JV-01A,1.0,0.0,0.0,0.0,0.0
5,17463088,+,5,17463767,-,THCA,2506,TCGA-EL-A4JV-01A,TCGA-EL-A4JV-01A,1.0,0.0,0.0,0.0,0.0
5,24370428,-,7,8847074,-,THCA,2507,TCGA-EL-A4JV-01A,TCGA-EL-A4JV-01A,1.0,0.0,0.0,0.0,0.0
5,49800531,+,5,49853320,-,THCA,2508,TCGA-EL-A4JV-01A,TCGA-EL-A4JV-01A,1.0,0.0,0.0,0.0,0.0
6,38417776,-,17,57699183,+,THCA,2509,TCGA-EL-A4JV-01A,TCGA-EL-A4JV-01A,1.0,0.0,0.0,0.0,0.0
7,75790178,-,19,8981927,-,THCA,2510,TCGA-EL-A4JV-01A,TCGA-EL-A4JV-01A,1.0,0.0,0.0,0.0,0.0
11,54369073,+,11,54378621,-,THCA,2511,TCGA-EL-A4JW-01A,TCGA-EL-A4JW-01A,1.0,0.0,0.0,0.0,0.0
11,54384176,-,11,54549183,+,THCA,2512,TCGA-EL-A4JW-01A,TCGA-EL-A4JW-01A,1.0,0.0,0.0,0.0,0.0
16,14859507,-,16,16257903,+,THCA,2513,TCGA-EL-A4JW-01A,TCGA-EL-A4JW-01A,1.0,0.0,0.0,0.0,0.0
18,15705004,+,18,15706702,-,THCA,2514,TCGA-EL-A4JW-01A,TCGA-EL-A4JW-01A,1.0,0.0,0.0,0.0,0.0
18,50380251,+,18,50385215,-,THCA,2515,TCGA-EL-A4JW-01A,TCGA-EL-A4JW-01A,1.0,0.0,0.0,0.0,0.0
5,49761374,+,5,49781423,-,THCA,2516,TCGA-EL-A4JW-01A,TCGA-EL-A4JW-01A,1.0,0.0,0.0,0.0,0.0
7,60421668,-,7,60573808,+,THCA,2517,TCGA-EL-A4JW-01A,TCGA-EL-A4JW-01A,1.0,0.0,0.0,0.0,0.0
1,77267003,+,5,4347107,-,THCA,2518,TCGA-EL-A4JX-01A,TCGA-EL-A4JX-01A,1.0,0.0,0.0,0.0,0.0
10,23918766,+,22,23202748,+,THCA,2519,TCGA-EL-A4JX-01A,TCGA-EL-A4JX-01A,1.0,0.0,0.0,0.0,0.0
10,38714806,-,24,11414170,+,THCA,2520,TCGA-EL-A4JX-01A,TCGA-EL-A4JX-01A,1.0,0.0,0.0,0.0,0.0
2,36966899,-,20,51901561,-,THCA,2521,TCGA-EL-A4JX-01A,TCGA-EL-A4JX-01A,1.0,0.0,0.0,0.0,0.0
2,102646790,+,6,68454003,+,THCA,2522,TCGA-EL-A4JX-01A,TCGA-EL-A4JX-01A,1.0,0.0,0.0,0.0,0.0
3,50611937,+,3,50612442,-,THCA,2523,TCGA-EL-A4JX-01A,TCGA-EL-A4JX-01A,1.0,0.0,0.0,0.0,0.0
3,157972144,-,5,18435588,+,THCA,2524,TCGA-EL-A4JX-01A,TCGA-EL-A4JX-01A,1.0,0.0,0.0,0.0,0.0
6,154525487,+,19,13185008,-,THCA,2525,TCGA-EL-A4JX-01A,TCGA-EL-A4JX-01A,1.0,0.0,0.0,0.0,0.0
7,3022939,-,8,42703461,+,THCA,2526,TCGA-EL-A4JX-01A,TCGA-EL-A4JX-01A,1.0,0.0,0.0,0.0,0.0
7,39068507,+,23,38497925,+,THCA,2527,TCGA-EL-A4JX-01A,TCGA-EL-A4JX-01A,1.0,0.0,0.0,0.0,0.0
8,8526080,-,16,19321482,-,THCA,2528,TCGA-EL-A4JX-01A,TCGA-EL-A4JX-01A,1.0,0.0,0.0,0.0,0.0
8,45081683,-,8,45777649,+,THCA,2529,TCGA-EL-A4JX-01A,TCGA-EL-A4JX-01A,1.0,0.0,0.0,0.0,0.0
1,122282446,-,1,122491464,+,THCA,2530,TCGA-EL-A4JZ-01A,TCGA-EL-A4JZ-01A,1.0,0.0,0.0,0.0,0.0
12,49047150,+,12,49047680,-,THCA,2531,TCGA-EL-A4JZ-01A,TCGA-EL-A4JZ-01A,1.0,0.0,0.0,0.0,0.0
15,26945193,+,15,26945820,-,THCA,2532,TCGA-EL-A4JZ-01A,TCGA-EL-A4JZ-01A,1.0,0.0,0.0,0.0,0.0
15,44828078,+,15,45072866,+,THCA,2533,TCGA-EL-A4JZ-01A,TCGA-EL-A4JZ-01A,1.0,0.0,0.0,0.0,0.0
16,433148,-,17,11698923,-,THCA,2534,TCGA-EL-A4JZ-01A,TCGA-EL-A4JZ-01A,1.0,0.0,0.0,0.0,0.0
16,68746195,+,16,68746699,-,THCA,2535,TCGA-EL-A4JZ-01A,TCGA-EL-A4JZ-01A,1.0,0.0,0.0,0.0,0.0
18,15665514,-,18,15711735,+,THCA,2536,TCGA-EL-A4JZ-01A,TCGA-EL-A4JZ-01A,1.0,0.0,0.0,0.0,0.0
19,1423801,+,19,1424366,-,THCA,2537,TCGA-EL-A4JZ-01A,TCGA-EL-A4JZ-01A,1.0,0.0,0.0,0.0,0.0
2,6253514,-,4,149368933,-,THCA,2538,TCGA-EL-A4JZ-01A,TCGA-EL-A4JZ-01A,1.0,0.0,0.0,0.0,0.0
2,203086834,+,2,203087355,-,THCA,2539,TCGA-EL-A4JZ-01A,TCGA-EL-A4JZ-01A,1.0,0.0,0.0,0.0,0.0
22,22324689,+,22,22406448,-,THCA,2540,TCGA-EL-A4JZ-01A,TCGA-EL-A4JZ-01A,1.0,0.0,0.0,0.0,0.0
3,59363224,-,3,115474653,+,THCA,2541,TCGA-EL-A4JZ-01A,TCGA-EL-A4JZ-01A,1.0,0.0,0.0,0.0,0.0
4,51288791,-,4,51382405,+,THCA,2542,TCGA-EL-A4JZ-01A,TCGA-EL-A4JZ-01A,1.0,0.0,0.0,0.0,0.0
4,134557919,-,12,44791081,+,THCA,2543,TCGA-EL-A4JZ-01A,TCGA-EL-A4JZ-01A,1.0,0.0,0.0,0.0,0.0
6,73279842,+,6,73280409,-,THCA,2544,TCGA-EL-A4JZ-01A,TCGA-EL-A4JZ-01A,1.0,0.0,0.0,0.0,0.0
7,124659763,-,8,31925127,-,THCA,2545,TCGA-EL-A4JZ-01A,TCGA-EL-A4JZ-01A,1.0,0.0,0.0,0.0,0.0
8,87428371,-,18,43735226,+,THCA,2546,TCGA-EL-A4JZ-01A,TCGA-EL-A4JZ-01A,1.0,0.0,0.0,0.0,0.0
23,143211170,+,23,143214233,-,THCA,2547,TCGA-EL-A4JZ-01A,TCGA-EL-A4JZ-01A,1.0,0.0,0.0,0.0,0.0
1,102639845,-,1,102639967,+,THCA,2548,TCGA-EL-A4K0-01A,TCGA-EL-A4K0-01A,1.0,0.0,0.0,0.0,0.0
1,107884403,-,9,6686026,+,THCA,2549,TCGA-EL-A4K0-01A,TCGA-EL-A4K0-01A,1.0,0.0,0.0,0.0,0.0
1,144794424,-,4,4234762,+,THCA,2550,TCGA-EL-A4K0-01A,TCGA-EL-A4K0-01A,1.0,0.0,0.0,0.0,0.0
1,236126302,+,1,236126815,-,THCA,2551,TCGA-EL-A4K0-01A,TCGA-EL-A4K0-01A,1.0,0.0,0.0,0.0,0.0
11,32415815,+,11,32416349,-,THCA,2552,TCGA-EL-A4K0-01A,TCGA-EL-A4K0-01A,1.0,0.0,0.0,0.0,0.0
12,49050606,+,12,49051150,-,THCA,2553,TCGA-EL-A4K0-01A,TCGA-EL-A4K0-01A,1.0,0.0,0.0,0.0,0.0
13,16679412,+,13,17059408,-,THCA,2554,TCGA-EL-A4K0-01A,TCGA-EL-A4K0-01A,1.0,0.0,0.0,0.0,0.0
16,9039371,-,16,71584444,-,THCA,2555,TCGA-EL-A4K0-01A,TCGA-EL-A4K0-01A,1.0,0.0,0.0,0.0,0.0
18,15564937,+,18,15699398,-,THCA,2556,TCGA-EL-A4K0-01A,TCGA-EL-A4K0-01A,1.0,0.0,0.0,0.0,0.0
18,15802903,-,18,17784817,+,THCA,2557,TCGA-EL-A4K0-01A,TCGA-EL-A4K0-01A,1.0,0.0,0.0,0.0,0.0
19,54224460,+,19,54244369,-,THCA,2558,TCGA-EL-A4K0-01A,TCGA-EL-A4K0-01A,1.0,0.0,0.0,0.0,0.0
2,4271938,+,13,46294214,-,THCA,2559,TCGA-EL-A4K0-01A,TCGA-EL-A4K0-01A,1.0,0.0,0.0,0.0,0.0
2,92248310,-,2,92254299,+,THCA,2560,TCGA-EL-A4K0-01A,TCGA-EL-A4K0-01A,1.0,0.0,0.0,0.0,0.0
2,212015089,-,3,129149633,+,THCA,2561,TCGA-EL-A4K0-01A,TCGA-EL-A4K0-01A,1.0,0.0,0.0,0.0,0.0
20,22009998,-,22,16184362,+,THCA,2562,TCGA-EL-A4K0-01A,TCGA-EL-A4K0-01A,1.0,0.0,0.0,0.0,0.0
20,29242513,+,20,30469571,-,THCA,2563,TCGA-EL-A4K0-01A,TCGA-EL-A4K0-01A,1.0,0.0,0.0,0.0,0.0
3,188276724,+,15,63862707,-,THCA,2564,TCGA-EL-A4K0-01A,TCGA-EL-A4K0-01A,1.0,0.0,0.0,0.0,0.0
4,39954950,+,4,39955490,-,THCA,2565,TCGA-EL-A4K0-01A,TCGA-EL-A4K0-01A,1.0,0.0,0.0,0.0,0.0
4,175485086,+,4,175485657,-,THCA,2566,TCGA-EL-A4K0-01A,TCGA-EL-A4K0-01A,1.0,0.0,0.0,0.0,0.0
7,33259666,+,7,33260255,-,THCA,2567,TCGA-EL-A4K0-01A,TCGA-EL-A4K0-01A,1.0,0.0,0.0,0.0,0.0
8,127737798,+,8,127738387,-,THCA,2568,TCGA-EL-A4K0-01A,TCGA-EL-A4K0-01A,1.0,0.0,0.0,0.0,0.0
9,43852147,+,9,60680008,+,THCA,2569,TCGA-EL-A4K0-01A,TCGA-EL-A4K0-01A,1.0,0.0,0.0,0.0,0.0
1,7602344,+,1,50380902,+,THCA,2570,TCGA-EL-A4K1-01A,TCGA-EL-A4K1-01A,1.0,0.0,0.0,0.0,0.0
1,15502914,-,7,148936180,+,THCA,2571,TCGA-EL-A4K1-01A,TCGA-EL-A4K1-01A,1.0,0.0,0.0,0.0,0.0
13,18927869,+,18,14665205,-,THCA,2572,TCGA-EL-A4K1-01A,TCGA-EL-A4K1-01A,1.0,0.0,0.0,0.0,0.0
14,100254077,+,14,100254655,-,THCA,2573,TCGA-EL-A4K1-01A,TCGA-EL-A4K1-01A,1.0,0.0,0.0,0.0,0.0
18,15473171,+,18,15699408,-,THCA,2574,TCGA-EL-A4K1-01A,TCGA-EL-A4K1-01A,1.0,0.0,0.0,0.0,0.0
2,95971423,-,2,97133874,-,THCA,2575,TCGA-EL-A4K1-01A,TCGA-EL-A4K1-01A,1.0,0.0,0.0,0.0,0.0
3,48836187,+,3,48836706,-,THCA,2576,TCGA-EL-A4K1-01A,TCGA-EL-A4K1-01A,1.0,0.0,0.0,0.0,0.0
4,39359596,+,4,39360240,-,THCA,2577,TCGA-EL-A4K1-01A,TCGA-EL-A4K1-01A,1.0,0.0,0.0,0.0,0.0
9,40526747,+,20,26304664,-,THCA,2578,TCGA-EL-A4K1-01A,TCGA-EL-A4K1-01A,1.0,0.0,0.0,0.0,0.0
1,50908935,+,1,50980438,-,THCA,2579,TCGA-EL-A4K2-01A,TCGA-EL-A4K2-01A,1.0,0.0,0.0,0.0,0.0
1,124794692,+,1,124838920,-,THCA,2580,TCGA-EL-A4K2-01A,TCGA-EL-A4K2-01A,1.0,0.0,0.0,0.0,0.0
10,119165175,+,10,119165781,-,THCA,2581,TCGA-EL-A4K2-01A,TCGA-EL-A4K2-01A,1.0,0.0,0.0,0.0,0.0
11,29821251,+,17,63098534,+,THCA,2582,TCGA-EL-A4K2-01A,TCGA-EL-A4K2-01A,1.0,0.0,0.0,0.0,0.0
14,34510248,+,14,34510792,-,THCA,2583,TCGA-EL-A4K2-01A,TCGA-EL-A4K2-01A,1.0,0.0,0.0,0.0,0.0
15,43627353,+,15,43627970,-,THCA,2584,TCGA-EL-A4K2-01A,TCGA-EL-A4K2-01A,1.0,0.0,0.0,0.0,0.0
17,64336248,+,17,64336809,-,THCA,2585,TCGA-EL-A4K2-01A,TCGA-EL-A4K2-01A,1.0,0.0,0.0,0.0,0.0
19,9926296,+,19,9926843,-,THCA,2586,TCGA-EL-A4K2-01A,TCGA-EL-A4K2-01A,1.0,0.0,0.0,0.0,0.0
2,37451578,+,2,37452152,-,THCA,2587,TCGA-EL-A4K2-01A,TCGA-EL-A4K2-01A,1.0,0.0,0.0,0.0,0.0
2,92867022,-,2,93142151,+,THCA,2588,TCGA-EL-A4K2-01A,TCGA-EL-A4K2-01A,1.0,0.0,0.0,0.0,0.0
3,43013850,+,3,43014437,-,THCA,2589,TCGA-EL-A4K2-01A,TCGA-EL-A4K2-01A,1.0,0.0,0.0,0.0,0.0
3,64200620,+,3,64201213,-,THCA,2590,TCGA-EL-A4K2-01A,TCGA-EL-A4K2-01A,1.0,0.0,0.0,0.0,0.0
6,5010469,+,6,5011018,-,THCA,2591,TCGA-EL-A4K2-01A,TCGA-EL-A4K2-01A,1.0,0.0,0.0,0.0,0.0
8,73874409,+,8,73874997,-,THCA,2592,TCGA-EL-A4K2-01A,TCGA-EL-A4K2-01A,1.0,0.0,0.0,0.0,0.0
9,40229206,+,9,42858488,-,THCA,2593,TCGA-EL-A4K2-01A,TCGA-EL-A4K2-01A,1.0,0.0,0.0,0.0,0.0
9,121504622,+,9,121505141,-,THCA,2594,TCGA-EL-A4K2-01A,TCGA-EL-A4K2-01A,1.0,0.0,0.0,0.0,0.0
1,5816543,+,1,5817461,-,THCA,2595,TCGA-EL-A4K4-01A,TCGA-EL-A4K4-01A,1.0,0.0,0.0,0.0,0.0
1,122173012,-,1,122191522,+,THCA,2596,TCGA-EL-A4K4-01A,TCGA-EL-A4K4-01A,1.0,0.0,0.0,0.0,0.0
10,73807846,+,10,73808353,-,THCA,2597,TCGA-EL-A4K4-01A,TCGA-EL-A4K4-01A,1.0,0.0,0.0,0.0,0.0
13,16019967,-,20,28765498,-,THCA,2598,TCGA-EL-A4K4-01A,TCGA-EL-A4K4-01A,1.0,0.0,0.0,0.0,0.0
14,68188357,+,14,68188973,-,THCA,2599,TCGA-EL-A4K4-01A,TCGA-EL-A4K4-01A,1.0,0.0,0.0,0.0,0.0
17,5302824,+,17,5303522,-,THCA,2600,TCGA-EL-A4K4-01A,TCGA-EL-A4K4-01A,1.0,0.0,0.0,0.0,0.0
18,15471301,+,18,15728599,-,THCA,2601,TCGA-EL-A4K4-01A,TCGA-EL-A4K4-01A,1.0,0.0,0.0,0.0,0.0
2,135356768,+,2,135357340,-,THCA,2602,TCGA-EL-A4K4-01A,TCGA-EL-A4K4-01A,1.0,0.0,0.0,0.0,0.0
20,29976560,+,20,29995308,-,THCA,2603,TCGA-EL-A4K4-01A,TCGA-EL-A4K4-01A,1.0,0.0,0.0,0.0,0.0
4,108304199,+,14,46370212,+,THCA,2604,TCGA-EL-A4K4-01A,TCGA-EL-A4K4-01A,1.0,0.0,0.0,0.0,0.0
5,159087068,-,5,167196531,-,THCA,2605,TCGA-EL-A4K4-01A,TCGA-EL-A4K4-01A,1.0,0.0,0.0,0.0,0.0
8,30120585,+,8,30121285,-,THCA,2606,TCGA-EL-A4K4-01A,TCGA-EL-A4K4-01A,1.0,0.0,0.0,0.0,0.0
8,142804159,+,8,142804722,-,THCA,2607,TCGA-EL-A4K4-01A,TCGA-EL-A4K4-01A,1.0,0.0,0.0,0.0,0.0
9,98712697,-,22,32179867,+,THCA,2608,TCGA-EL-A4K4-01A,TCGA-EL-A4K4-01A,1.0,0.0,0.0,0.0,0.0
10,58168164,-,19,10526034,-,THCA,2609,TCGA-EL-A4K6-01A,TCGA-EL-A4K6-01A,1.0,0.0,0.0,0.0,0.0
11,53262760,-,11,53936401,+,THCA,2610,TCGA-EL-A4K6-01A,TCGA-EL-A4K6-01A,1.0,0.0,0.0,0.0,0.0
11,53559035,-,11,53661727,+,THCA,2611,TCGA-EL-A4K6-01A,TCGA-EL-A4K6-01A,1.0,0.0,0.0,0.0,0.0
11,54353742,-,11,54420147,+,THCA,2612,TCGA-EL-A4K6-01A,TCGA-EL-A4K6-01A,1.0,0.0,0.0,0.0,0.0
11,54387737,+,11,54402143,-,THCA,2613,TCGA-EL-A4K6-01A,TCGA-EL-A4K6-01A,1.0,0.0,0.0,0.0,0.0
12,106477531,-,23,109645180,-,THCA,2614,TCGA-EL-A4K6-01A,TCGA-EL-A4K6-01A,1.0,0.0,0.0,0.0,0.0
13,16316325,+,13,16795806,-,THCA,2615,TCGA-EL-A4K6-01A,TCGA-EL-A4K6-01A,1.0,0.0,0.0,0.0,0.0
16,33763006,-,24,26419575,-,THCA,2616,TCGA-EL-A4K6-01A,TCGA-EL-A4K6-01A,1.0,0.0,0.0,0.0,0.0
2,53780593,+,2,53781207,-,THCA,2617,TCGA-EL-A4K6-01A,TCGA-EL-A4K6-01A,1.0,0.0,0.0,0.0,0.0
2,132048611,-,22,16255053,-,THCA,2618,TCGA-EL-A4K6-01A,TCGA-EL-A4K6-01A,1.0,0.0,0.0,0.0,0.0
2,183500185,-,2,183580542,+,THCA,2619,TCGA-EL-A4K6-01A,TCGA-EL-A4K6-01A,1.0,0.0,0.0,0.0,0.0
3,68831565,-,8,43112625,-,THCA,2620,TCGA-EL-A4K6-01A,TCGA-EL-A4K6-01A,1.0,0.0,0.0,0.0,0.0
3,155814080,-,3,155945076,-,THCA,2621,TCGA-EL-A4K6-01A,TCGA-EL-A4K6-01A,1.0,0.0,0.0,0.0,0.0
3,157593261,+,3,157593767,-,THCA,2622,TCGA-EL-A4K6-01A,TCGA-EL-A4K6-01A,1.0,0.0,0.0,0.0,0.0
4,108304213,+,14,46370201,+,THCA,2623,TCGA-EL-A4K6-01A,TCGA-EL-A4K6-01A,1.0,0.0,0.0,0.0,0.0
5,28355290,+,5,29604603,-,THCA,2624,TCGA-EL-A4K6-01A,TCGA-EL-A4K6-01A,1.0,0.0,0.0,0.0,0.0
6,35940501,+,6,35941107,-,THCA,2625,TCGA-EL-A4K6-01A,TCGA-EL-A4K6-01A,1.0,0.0,0.0,0.0,0.0
6,120680706,+,10,5755068,+,THCA,2626,TCGA-EL-A4K6-01A,TCGA-EL-A4K6-01A,1.0,0.0,0.0,0.0,0.0
7,151027302,+,16,75816025,+,THCA,2627,TCGA-EL-A4K6-01A,TCGA-EL-A4K6-01A,1.0,0.0,0.0,0.0,0.0
7,151027428,-,16,75815916,-,THCA,2628,TCGA-EL-A4K6-01A,TCGA-EL-A4K6-01A,1.0,0.0,0.0,0.0,0.0
1,12910907,+,1,13290806,+,THCA,2629,TCGA-EL-A4K7-01A,TCGA-EL-A4K7-01A,1.0,0.0,0.0,0.0,0.0
1,68664155,-,1,188869267,-,THCA,2630,TCGA-EL-A4K7-01A,TCGA-EL-A4K7-01A,1.0,0.0,0.0,0.0,0.0
15,23119083,+,15,23119588,-,THCA,2631,TCGA-EL-A4K7-01A,TCGA-EL-A4K7-01A,1.0,0.0,0.0,0.0,0.0
16,36326200,+,16,36335905,-,THCA,2632,TCGA-EL-A4K7-01A,TCGA-EL-A4K7-01A,1.0,0.0,0.0,0.0,0.0
17,22874924,+,17,22894094,-,THCA,2633,TCGA-EL-A4K7-01A,TCGA-EL-A4K7-01A,1.0,0.0,0.0,0.0,0.0
2,83521887,-,4,105044121,+,THCA,2634,TCGA-EL-A4K7-01A,TCGA-EL-A4K7-01A,1.0,0.0,0.0,0.0,0.0
20,26459477,-,20,26519805,+,THCA,2635,TCGA-EL-A4K7-01A,TCGA-EL-A4K7-01A,1.0,0.0,0.0,0.0,0.0
3,155814114,-,3,155945086,-,THCA,2636,TCGA-EL-A4K7-01A,TCGA-EL-A4K7-01A,1.0,0.0,0.0,0.0,0.0
7,46806562,+,23,1030261,-,THCA,2637,TCGA-EL-A4K7-01A,TCGA-EL-A4K7-01A,1.0,0.0,0.0,0.0,0.0
9,35372573,+,9,35374451,-,THCA,2638,TCGA-EL-A4K7-01A,TCGA-EL-A4K7-01A,1.0,0.0,0.0,0.0,0.0
9,91622258,+,23,148614814,+,THCA,2639,TCGA-EL-A4K7-01A,TCGA-EL-A4K7-01A,1.0,0.0,0.0,0.0,0.0
23,17775550,+,23,18230249,+,THCA,2640,TCGA-EL-A4K7-01A,TCGA-EL-A4K7-01A,1.0,0.0,0.0,0.0,0.0
1,122634660,+,1,123227575,-,THCA,2641,TCGA-EL-A4K9-01A,TCGA-EL-A4K9-01A,1.0,0.0,0.0,0.0,0.0
13,92527504,+,21,27348009,-,THCA,2642,TCGA-EL-A4K9-01A,TCGA-EL-A4K9-01A,1.0,0.0,0.0,0.0,0.0
17,37814400,+,17,45606901,-,THCA,2643,TCGA-EL-A4K9-01A,TCGA-EL-A4K9-01A,1.0,0.0,0.0,0.0,0.0
18,15684433,-,18,15702623,+,THCA,2644,TCGA-EL-A4K9-01A,TCGA-EL-A4K9-01A,1.0,0.0,0.0,0.0,0.0
2,199611407,+,2,199612020,-,THCA,2645,TCGA-EL-A4K9-01A,TCGA-EL-A4K9-01A,1.0,0.0,0.0,0.0,0.0
22,25416468,-,22,25560447,+,THCA,2646,TCGA-EL-A4K9-01A,TCGA-EL-A4K9-01A,1.0,0.0,0.0,0.0,0.0
3,91068818,+,3,91147789,-,THCA,2647,TCGA-EL-A4K9-01A,TCGA-EL-A4K9-01A,1.0,0.0,0.0,0.0,0.0
23,320761,-,23,320936,+,THCA,2648,TCGA-EL-A4K9-01A,TCGA-EL-A4K9-01A,1.0,0.0,0.0,0.0,0.0
1,101496980,-,8,133313059,+,THCA,2649,TCGA-EL-A4KD-01A,TCGA-EL-A4KD-01A,1.0,0.0,0.0,0.0,0.0
12,36006466,+,12,37159216,-,THCA,2650,TCGA-EL-A4KD-01A,TCGA-EL-A4KD-01A,1.0,0.0,0.0,0.0,0.0
2,29223670,-,7,74522842,-,THCA,2651,TCGA-EL-A4KD-01A,TCGA-EL-A4KD-01A,1.0,0.0,0.0,0.0,0.0
2,29223687,+,7,74522850,+,THCA,2652,TCGA-EL-A4KD-01A,TCGA-EL-A4KD-01A,1.0,0.0,0.0,0.0,0.0
3,74505503,-,9,135174017,-,THCA,2653,TCGA-EL-A4KD-01A,TCGA-EL-A4KD-01A,1.0,0.0,0.0,0.0,0.0
3,177457362,-,9,64878720,-,THCA,2654,TCGA-EL-A4KD-01A,TCGA-EL-A4KD-01A,1.0,0.0,0.0,0.0,0.0
1,29418908,+,5,95738959,+,THCA,2655,TCGA-EM-A1CS-01A,TCGA-EM-A1CS-01A,1.0,0.0,0.0,0.0,0.0
1,122369215,+,1,122415524,-,THCA,2656,TCGA-EM-A1CS-01A,TCGA-EM-A1CS-01A,1.0,0.0,0.0,0.0,0.0
1,236466441,-,3,75907853,-,THCA,2657,TCGA-EM-A1CS-01A,TCGA-EM-A1CS-01A,1.0,0.0,0.0,0.0,0.0
10,31146775,-,18,74852176,+,THCA,2658,TCGA-EM-A1CS-01A,TCGA-EM-A1CS-01A,1.0,0.0,0.0,0.0,0.0
2,83521918,-,4,105044090,+,THCA,2659,TCGA-EM-A1CS-01A,TCGA-EM-A1CS-01A,1.0,0.0,0.0,0.0,0.0
3,12601051,-,5,77044053,-,THCA,2660,TCGA-EM-A1CS-01A,TCGA-EM-A1CS-01A,1.0,0.0,0.0,0.0,0.0
3,12601053,+,5,77044053,+,THCA,2661,TCGA-EM-A1CS-01A,TCGA-EM-A1CS-01A,1.0,0.0,0.0,0.0,0.0
3,12601054,+,5,77043909,+,THCA,2662,TCGA-EM-A1CS-01A,TCGA-EM-A1CS-01A,1.0,0.0,0.0,0.0,0.0
6,99378106,-,10,83195480,-,THCA,2663,TCGA-EM-A1CS-01A,TCGA-EM-A1CS-01A,1.0,0.0,0.0,0.0,0.0
8,60391982,+,8,60392529,-,THCA,2664,TCGA-EM-A1CS-01A,TCGA-EM-A1CS-01A,1.0,0.0,0.0,0.0,0.0
8,133970628,+,11,32461942,-,THCA,2665,TCGA-EM-A1CS-01A,TCGA-EM-A1CS-01A,1.0,0.0,0.0,0.0,0.0
1,48969091,+,1,48969591,-,THCA,2666,TCGA-EM-A1CT-01A,TCGA-EM-A1CT-01A,1.0,0.0,0.0,0.0,0.0
1,77433755,+,8,133313047,+,THCA,2667,TCGA-EM-A1CT-01A,TCGA-EM-A1CT-01A,1.0,0.0,0.0,0.0,0.0
11,44371343,+,11,44371930,-,THCA,2668,TCGA-EM-A1CT-01A,TCGA-EM-A1CT-01A,1.0,0.0,0.0,0.0,0.0
2,213686394,+,2,213686927,-,THCA,2669,TCGA-EM-A1CT-01A,TCGA-EM-A1CT-01A,1.0,0.0,0.0,0.0,0.0
3,176627684,-,11,70095395,+,THCA,2670,TCGA-EM-A1CT-01A,TCGA-EM-A1CT-01A,1.0,0.0,0.0,0.0,0.0
4,135633461,-,6,68454006,+,THCA,2671,TCGA-EM-A1CT-01A,TCGA-EM-A1CT-01A,1.0,0.0,0.0,0.0,0.0
1,88148507,+,4,145957903,+,THCA,2672,TCGA-EM-A1CU-01A,TCGA-EM-A1CU-01A,1.0,0.0,0.0,0.0,0.0
15,43186429,-,15,43186563,+,THCA,2673,TCGA-EM-A1CU-01A,TCGA-EM-A1CU-01A,1.0,0.0,0.0,0.0,0.0
16,36348615,+,16,37725548,-,THCA,2674,TCGA-EM-A1CU-01A,TCGA-EM-A1CU-01A,1.0,0.0,0.0,0.0,0.0
17,22822525,+,17,22855940,-,THCA,2675,TCGA-EM-A1CU-01A,TCGA-EM-A1CU-01A,1.0,0.0,0.0,0.0,0.0
2,32440780,+,10,58642666,-,THCA,2676,TCGA-EM-A1CU-01A,TCGA-EM-A1CU-01A,1.0,0.0,0.0,0.0,0.0
2,57755032,-,2,222116280,+,THCA,2677,TCGA-EM-A1CU-01A,TCGA-EM-A1CU-01A,1.0,0.0,0.0,0.0,0.0
2,147777552,+,7,88110815,+,THCA,2678,TCGA-EM-A1CU-01A,TCGA-EM-A1CU-01A,1.0,0.0,0.0,0.0,0.0
20,39909398,-,20,39909504,+,THCA,2679,TCGA-EM-A1CU-01A,TCGA-EM-A1CU-01A,1.0,0.0,0.0,0.0,0.0
3,125343401,-,8,54750713,+,THCA,2680,TCGA-EM-A1CU-01A,TCGA-EM-A1CU-01A,1.0,0.0,0.0,0.0,0.0
3,157972164,-,5,18435567,+,THCA,2681,TCGA-EM-A1CU-01A,TCGA-EM-A1CU-01A,1.0,0.0,0.0,0.0,0.0
4,48659923,-,5,55206036,+,THCA,2682,TCGA-EM-A1CU-01A,TCGA-EM-A1CU-01A,1.0,0.0,0.0,0.0,0.0
7,20721422,-,12,18659021,-,THCA,2683,TCGA-EM-A1CU-01A,TCGA-EM-A1CU-01A,1.0,0.0,0.0,0.0,0.0
8,129212451,+,8,129216409,-,THCA,2684,TCGA-EM-A1CU-01A,TCGA-EM-A1CU-01A,1.0,0.0,0.0,0.0,0.0
11,13283897,-,17,81970285,-,THCA,2685,TCGA-EM-A1CV-01A,TCGA-EM-A1CV-01A,1.0,0.0,0.0,0.0,0.0
18,15731818,+,18,15743536,-,THCA,2686,TCGA-EM-A1CV-01A,TCGA-EM-A1CV-01A,1.0,0.0,0.0,0.0,0.0
20,29963569,-,20,29969326,+,THCA,2687,TCGA-EM-A1CV-01A,TCGA-EM-A1CV-01A,1.0,0.0,0.0,0.0,0.0
6,112630755,+,7,40363722,-,THCA,2688,TCGA-EM-A1CV-01A,TCGA-EM-A1CV-01A,1.0,0.0,0.0,0.0,0.0
7,152738681,+,7,152739267,-,THCA,2689,TCGA-EM-A1CV-01A,TCGA-EM-A1CV-01A,1.0,0.0,0.0,0.0,0.0
8,80654568,+,23,26673761,+,THCA,2690,TCGA-EM-A1CV-01A,TCGA-EM-A1CV-01A,1.0,0.0,0.0,0.0,0.0
9,77398944,-,15,61877479,-,THCA,2691,TCGA-EM-A1CV-01A,TCGA-EM-A1CV-01A,1.0,0.0,0.0,0.0,0.0
1,98730149,-,2,235186039,+,THCA,2692,TCGA-EM-A1CW-01A,TCGA-EM-A1CW-01A,1.0,0.0,0.0,0.0,0.0
1,124813688,-,1,124815394,+,THCA,2693,TCGA-EM-A1CW-01A,TCGA-EM-A1CW-01A,1.0,0.0,0.0,0.0,0.0
13,18456915,+,21,13086145,-,THCA,2694,TCGA-EM-A1CW-01A,TCGA-EM-A1CW-01A,1.0,0.0,0.0,0.0,0.0
15,50887695,-,19,15213433,-,THCA,2695,TCGA-EM-A1CW-01A,TCGA-EM-A1CW-01A,1.0,0.0,0.0,0.0,0.0
16,88951639,+,16,88952190,-,THCA,2696,TCGA-EM-A1CW-01A,TCGA-EM-A1CW-01A,1.0,0.0,0.0,0.0,0.0
18,15537660,-,18,15596992,+,THCA,2697,TCGA-EM-A1CW-01A,TCGA-EM-A1CW-01A,1.0,0.0,0.0,0.0,0.0
20,29921738,-,20,29961781,+,THCA,2698,TCGA-EM-A1CW-01A,TCGA-EM-A1CW-01A,1.0,0.0,0.0,0.0,0.0
6,58945591,+,6,59263007,-,THCA,2699,TCGA-EM-A1CW-01A,TCGA-EM-A1CW-01A,1.0,0.0,0.0,0.0,0.0
23,48058466,+,23,48059026,-,THCA,2700,TCGA-EM-A1CW-01A,TCGA-EM-A1CW-01A,1.0,0.0,0.0,0.0,0.0
23,48177647,-,23,48274843,+,THCA,2701,TCGA-EM-A1CW-01A,TCGA-EM-A1CW-01A,1.0,0.0,0.0,0.0,0.0
17,22820657,+,17,22958311,-,THCA,2702,TCGA-EM-A1YA-01A,TCGA-EM-A1YA-01A,1.0,0.0,0.0,0.0,0.0
5,46719628,+,5,46733103,-,THCA,2703,TCGA-EM-A1YA-01A,TCGA-EM-A1YA-01A,1.0,0.0,0.0,0.0,0.0
5,65909600,+,10,68595981,-,THCA,2704,TCGA-EM-A1YA-01A,TCGA-EM-A1YA-01A,1.0,0.0,0.0,0.0,0.0
7,152192307,+,7,152192909,-,THCA,2705,TCGA-EM-A1YA-01A,TCGA-EM-A1YA-01A,1.0,0.0,0.0,0.0,0.0
9,133298321,+,9,133298826,-,THCA,2706,TCGA-EM-A1YA-01A,TCGA-EM-A1YA-01A,1.0,0.0,0.0,0.0,0.0
1,77433260,-,8,133313562,-,THCA,2707,TCGA-EM-A1YB-01A,TCGA-EM-A1YB-01A,1.0,0.0,0.0,0.0,0.0
1,97526898,+,1,98729221,+,THCA,2708,TCGA-EM-A1YB-01A,TCGA-EM-A1YB-01A,1.0,0.0,0.0,0.0,0.0
1,226024116,+,1,226024726,-,THCA,2709,TCGA-EM-A1YB-01A,TCGA-EM-A1YB-01A,1.0,0.0,0.0,0.0,0.0
13,17552603,+,13,17767276,-,THCA,2710,TCGA-EM-A1YB-01A,TCGA-EM-A1YB-01A,1.0,0.0,0.0,0.0,0.0
15,30672145,+,20,47166177,-,THCA,2711,TCGA-EM-A1YB-01A,TCGA-EM-A1YB-01A,1.0,0.0,0.0,0.0,0.0
15,30672152,-,20,47166162,+,THCA,2712,TCGA-EM-A1YB-01A,TCGA-EM-A1YB-01A,1.0,0.0,0.0,0.0,0.0
15,95858030,+,20,43367811,+,THCA,2713,TCGA-EM-A1YB-01A,TCGA-EM-A1YB-01A,1.0,0.0,0.0,0.0,0.0
15,95858045,-,20,43367821,-,THCA,2714,TCGA-EM-A1YB-01A,TCGA-EM-A1YB-01A,1.0,0.0,0.0,0.0,0.0
16,10920384,+,16,10920973,-,THCA,2715,TCGA-EM-A1YB-01A,TCGA-EM-A1YB-01A,1.0,0.0,0.0,0.0,0.0
16,19624091,+,16,19624696,-,THCA,2716,TCGA-EM-A1YB-01A,TCGA-EM-A1YB-01A,1.0,0.0,0.0,0.0,0.0
18,15526702,-,18,15684909,+,THCA,2717,TCGA-EM-A1YB-01A,TCGA-EM-A1YB-01A,1.0,0.0,0.0,0.0,0.0
18,15640861,-,18,20635850,+,THCA,2718,TCGA-EM-A1YB-01A,TCGA-EM-A1YB-01A,1.0,0.0,0.0,0.0,0.0
2,152449726,+,2,152451207,-,THCA,2719,TCGA-EM-A1YB-01A,TCGA-EM-A1YB-01A,1.0,0.0,0.0,0.0,0.0
20,680695,+,20,681300,-,THCA,2720,TCGA-EM-A1YB-01A,TCGA-EM-A1YB-01A,1.0,0.0,0.0,0.0,0.0
3,123568796,+,3,123570228,-,THCA,2721,TCGA-EM-A1YB-01A,TCGA-EM-A1YB-01A,1.0,0.0,0.0,0.0,0.0
4,54271554,+,4,54271994,-,THCA,2722,TCGA-EM-A1YB-01A,TCGA-EM-A1YB-01A,1.0,0.0,0.0,0.0,0.0
7,46806608,+,23,1030313,-,THCA,2723,TCGA-EM-A1YB-01A,TCGA-EM-A1YB-01A,1.0,0.0,0.0,0.0,0.0
7,66826777,+,7,66827313,-,THCA,2724,TCGA-EM-A1YB-01A,TCGA-EM-A1YB-01A,1.0,0.0,0.0,0.0,0.0
7,135917263,+,7,135917779,-,THCA,2725,TCGA-EM-A1YB-01A,TCGA-EM-A1YB-01A,1.0,0.0,0.0,0.0,0.0
17,1066971,-,19,12225112,-,THCA,2726,TCGA-EM-A1YC-01A,TCGA-EM-A1YC-01A,1.0,0.0,0.0,0.0,0.0
18,15486927,+,18,15585890,-,THCA,2727,TCGA-EM-A1YC-01A,TCGA-EM-A1YC-01A,1.0,0.0,0.0,0.0,0.0
2,69906450,-,7,148403158,+,THCA,2728,TCGA-EM-A1YC-01A,TCGA-EM-A1YC-01A,1.0,0.0,0.0,0.0,0.0
3,23045631,+,7,13589104,+,THCA,2729,TCGA-EM-A1YC-01A,TCGA-EM-A1YC-01A,1.0,0.0,0.0,0.0,0.0
3,59739899,-,8,89011886,+,THCA,2730,TCGA-EM-A1YC-01A,TCGA-EM-A1YC-01A,1.0,0.0,0.0,0.0,0.0
5,49875042,+,5,49956454,-,THCA,2731,TCGA-EM-A1YC-01A,TCGA-EM-A1YC-01A,1.0,0.0,0.0,0.0,0.0
7,75790221,+,19,8982180,+,THCA,2732,TCGA-EM-A1YC-01A,TCGA-EM-A1YC-01A,1.0,0.0,0.0,0.0,0.0
7,102260344,-,20,49745367,-,THCA,2733,TCGA-EM-A1YC-01A,TCGA-EM-A1YC-01A,1.0,0.0,0.0,0.0,0.0
8,44403241,+,8,45138762,-,THCA,2734,TCGA-EM-A1YC-01A,TCGA-EM-A1YC-01A,1.0,0.0,0.0,0.0,0.0
9,45068220,-,9,45164000,+,THCA,2735,TCGA-EM-A1YC-01A,TCGA-EM-A1YC-01A,1.0,0.0,0.0,0.0,0.0
11,54405798,-,11,54420135,+,THCA,2736,TCGA-EM-A1YD-01A,TCGA-EM-A1YD-01A,1.0,0.0,0.0,0.0,0.0
14,106421606,-,14,106639065,+,THCA,2737,TCGA-EM-A1YD-01A,TCGA-EM-A1YD-01A,1.0,0.0,0.0,0.0,0.0
14,106595168,+,14,106677334,-,THCA,2738,TCGA-EM-A1YD-01A,TCGA-EM-A1YD-01A,1.0,0.0,0.0,0.0,0.0
15,17083846,-,15,18048548,+,THCA,2739,TCGA-EM-A1YD-01A,TCGA-EM-A1YD-01A,1.0,0.0,0.0,0.0,0.0
16,51288615,-,22,27728882,+,THCA,2740,TCGA-EM-A1YD-01A,TCGA-EM-A1YD-01A,1.0,0.0,0.0,0.0,0.0
17,22879419,-,17,22977024,+,THCA,2741,TCGA-EM-A1YD-01A,TCGA-EM-A1YD-01A,1.0,0.0,0.0,0.0,0.0
17,40357256,+,17,40357761,-,THCA,2742,TCGA-EM-A1YD-01A,TCGA-EM-A1YD-01A,1.0,0.0,0.0,0.0,0.0
18,15645882,-,18,15707131,+,THCA,2743,TCGA-EM-A1YD-01A,TCGA-EM-A1YD-01A,1.0,0.0,0.0,0.0,0.0
19,18694730,+,19,18695267,-,THCA,2744,TCGA-EM-A1YD-01A,TCGA-EM-A1YD-01A,1.0,0.0,0.0,0.0,0.0
20,22888805,+,20,22889338,-,THCA,2745,TCGA-EM-A1YD-01A,TCGA-EM-A1YD-01A,1.0,0.0,0.0,0.0,0.0
4,50189157,-,4,50993370,+,THCA,2746,TCGA-EM-A1YD-01A,TCGA-EM-A1YD-01A,1.0,0.0,0.0,0.0,0.0
10,39158644,+,10,39229999,-,THCA,2747,TCGA-EM-A1YE-01A,TCGA-EM-A1YE-01A,1.0,0.0,0.0,0.0,0.0
10,41552580,-,10,41562302,+,THCA,2748,TCGA-EM-A1YE-01A,TCGA-EM-A1YE-01A,1.0,0.0,0.0,0.0,0.0
10,109109775,+,10,111750203,-,THCA,2749,TCGA-EM-A1YE-01A,TCGA-EM-A1YE-01A,1.0,0.0,0.0,0.0,0.0
11,47619090,+,14,68795237,+,THCA,2750,TCGA-EM-A1YE-01A,TCGA-EM-A1YE-01A,1.0,0.0,0.0,0.0,0.0
13,26184941,+,13,54029496,+,THCA,2751,TCGA-EM-A1YE-01A,TCGA-EM-A1YE-01A,1.0,0.0,0.0,0.0,0.0
13,26184942,-,13,54029495,-,THCA,2752,TCGA-EM-A1YE-01A,TCGA-EM-A1YE-01A,1.0,0.0,0.0,0.0,0.0
19,52546193,+,19,52776081,+,THCA,2753,TCGA-EM-A1YE-01A,TCGA-EM-A1YE-01A,1.0,0.0,0.0,0.0,0.0
3,13261563,-,3,13706728,-,THCA,2754,TCGA-EM-A1YE-01A,TCGA-EM-A1YE-01A,1.0,0.0,0.0,0.0,0.0
3,13261565,+,3,14653852,+,THCA,2755,TCGA-EM-A1YE-01A,TCGA-EM-A1YE-01A,1.0,0.0,0.0,0.0,0.0
3,13706728,+,23,97331568,-,THCA,2756,TCGA-EM-A1YE-01A,TCGA-EM-A1YE-01A,1.0,0.0,0.0,0.0,0.0
3,14653850,-,23,97759576,+,THCA,2757,TCGA-EM-A1YE-01A,TCGA-EM-A1YE-01A,1.0,0.0,0.0,0.0,0.0
3,76030126,+,3,76031079,-,THCA,2758,TCGA-EM-A1YE-01A,TCGA-EM-A1YE-01A,1.0,0.0,0.0,0.0,0.0
3,76030127,-,10,92756033,-,THCA,2759,TCGA-EM-A1YE-01A,TCGA-EM-A1YE-01A,1.0,0.0,0.0,0.0,0.0
3,76031085,+,10,82814105,+,THCA,2760,TCGA-EM-A1YE-01A,TCGA-EM-A1YE-01A,1.0,0.0,0.0,0.0,0.0
3,76580028,+,3,80461370,-,THCA,2761,TCGA-EM-A1YE-01A,TCGA-EM-A1YE-01A,1.0,0.0,0.0,0.0,0.0
4,19366951,+,4,19948126,+,THCA,2762,TCGA-EM-A1YE-01A,TCGA-EM-A1YE-01A,1.0,0.0,0.0,0.0,0.0
4,19366951,-,4,19948126,-,THCA,2763,TCGA-EM-A1YE-01A,TCGA-EM-A1YE-01A,1.0,0.0,0.0,0.0,0.0
4,44810905,+,4,44938839,+,THCA,2764,TCGA-EM-A1YE-01A,TCGA-EM-A1YE-01A,1.0,0.0,0.0,0.0,0.0
4,44810905,-,4,167970464,-,THCA,2765,TCGA-EM-A1YE-01A,TCGA-EM-A1YE-01A,1.0,0.0,0.0,0.0,0.0
4,47482227,-,4,167970466,+,THCA,2766,TCGA-EM-A1YE-01A,TCGA-EM-A1YE-01A,1.0,0.0,0.0,0.0,0.0
4,135746447,-,4,182313087,-,THCA,2767,TCGA-EM-A1YE-01A,TCGA-EM-A1YE-01A,1.0,0.0,0.0,0.0,0.0
4,135746448,+,4,174660764,+,THCA,2768,TCGA-EM-A1YE-01A,TCGA-EM-A1YE-01A,1.0,0.0,0.0,0.0,0.0
5,49801744,-,5,49916541,+,THCA,2769,TCGA-EM-A1YE-01A,TCGA-EM-A1YE-01A,1.0,0.0,0.0,0.0,0.0
5,68077095,+,5,69545068,-,THCA,2770,TCGA-EM-A1YE-01A,TCGA-EM-A1YE-01A,1.0,0.0,0.0,0.0,0.0
5,68077095,-,8,95889551,+,THCA,2771,TCGA-EM-A1YE-01A,TCGA-EM-A1YE-01A,1.0,0.0,0.0,0.0,0.0
5,74752626,+,5,74935096,-,THCA,2772,TCGA-EM-A1YE-01A,TCGA-EM-A1YE-01A,1.0,0.0,0.0,0.0,0.0
5,116495278,-,8,108670466,-,THCA,2773,TCGA-EM-A1YE-01A,TCGA-EM-A1YE-01A,1.0,0.0,0.0,0.0,0.0
5,116495278,+,8,108670466,+,THCA,2774,TCGA-EM-A1YE-01A,TCGA-EM-A1YE-01A,1.0,0.0,0.0,0.0,0.0
5,123535141,+,20,50195721,+,THCA,2775,TCGA-EM-A1YE-01A,TCGA-EM-A1YE-01A,1.0,0.0,0.0,0.0,0.0
5,123535151,-,5,126387427,-,THCA,2776,TCGA-EM-A1YE-01A,TCGA-EM-A1YE-01A,1.0,0.0,0.0,0.0,0.0
7,45500693,-,13,112121988,+,THCA,2777,TCGA-EM-A1YE-01A,TCGA-EM-A1YE-01A,1.0,0.0,0.0,0.0,0.0
7,45500694,+,7,45533835,+,THCA,2778,TCGA-EM-A1YE-01A,TCGA-EM-A1YE-01A,1.0,0.0,0.0,0.0,0.0
7,45533835,-,13,112121992,-,THCA,2779,TCGA-EM-A1YE-01A,TCGA-EM-A1YE-01A,1.0,0.0,0.0,0.0,0.0
7,61256443,-,7,61489754,+,THCA,2780,TCGA-EM-A1YE-01A,TCGA-EM-A1YE-01A,1.0,0.0,0.0,0.0,0.0
7,61256481,-,7,61484058,+,THCA,2781,TCGA-EM-A1YE-01A,TCGA-EM-A1YE-01A,1.0,0.0,0.0,0.0,0.0
8,95889551,-,8,95949906,-,THCA,2782,TCGA-EM-A1YE-01A,TCGA-EM-A1YE-01A,1.0,0.0,0.0,0.0,0.0
8,95949909,+,20,50195720,-,THCA,2783,TCGA-EM-A1YE-01A,TCGA-EM-A1YE-01A,1.0,0.0,0.0,0.0,0.0
8,97374349,-,8,97580214,-,THCA,2784,TCGA-EM-A1YE-01A,TCGA-EM-A1YE-01A,1.0,0.0,0.0,0.0,0.0
8,97374350,+,8,97580215,+,THCA,2785,TCGA-EM-A1YE-01A,TCGA-EM-A1YE-01A,1.0,0.0,0.0,0.0,0.0
8,100753147,+,16,56566858,+,THCA,2786,TCGA-EM-A1YE-01A,TCGA-EM-A1YE-01A,1.0,0.0,0.0,0.0,0.0
8,120918191,-,11,92412760,+,THCA,2787,TCGA-EM-A1YE-01A,TCGA-EM-A1YE-01A,1.0,0.0,0.0,0.0,0.0
9,43244277,+,9,64737048,-,THCA,2788,TCGA-EM-A1YE-01A,TCGA-EM-A1YE-01A,1.0,0.0,0.0,0.0,0.0
23,3036727,+,23,63625850,+,THCA,2789,TCGA-EM-A1YE-01A,TCGA-EM-A1YE-01A,1.0,0.0,0.0,0.0,0.0
23,92142414,+,23,92142923,-,THCA,2790,TCGA-EM-A1YE-01A,TCGA-EM-A1YE-01A,1.0,0.0,0.0,0.0,0.0
23,97331568,+,23,97759576,-,THCA,2791,TCGA-EM-A1YE-01A,TCGA-EM-A1YE-01A,1.0,0.0,0.0,0.0,0.0
1,45816244,+,6,69512821,+,THCA,2792,TCGA-EM-A22I-01A,TCGA-EM-A22I-01A,1.0,0.0,0.0,0.0,0.0
1,122167098,-,1,122215402,+,THCA,2793,TCGA-EM-A22I-01A,TCGA-EM-A22I-01A,1.0,0.0,0.0,0.0,0.0
1,122446680,-,1,122471291,+,THCA,2794,TCGA-EM-A22I-01A,TCGA-EM-A22I-01A,1.0,0.0,0.0,0.0,0.0
11,54378127,-,11,54380213,+,THCA,2795,TCGA-EM-A22I-01A,TCGA-EM-A22I-01A,1.0,0.0,0.0,0.0,0.0
11,68384725,+,11,68385318,-,THCA,2796,TCGA-EM-A22I-01A,TCGA-EM-A22I-01A,1.0,0.0,0.0,0.0,0.0
12,36558532,+,12,36965552,-,THCA,2797,TCGA-EM-A22I-01A,TCGA-EM-A22I-01A,1.0,0.0,0.0,0.0,0.0
17,42422057,+,17,42422586,-,THCA,2798,TCGA-EM-A22I-01A,TCGA-EM-A22I-01A,1.0,0.0,0.0,0.0,0.0
2,42902140,+,23,29758422,-,THCA,2799,TCGA-EM-A22I-01A,TCGA-EM-A22I-01A,1.0,0.0,0.0,0.0,0.0
20,26273356,-,20,30172637,-,THCA,2800,TCGA-EM-A22I-01A,TCGA-EM-A22I-01A,1.0,0.0,0.0,0.0,0.0
3,142563993,-,15,90569542,+,THCA,2801,TCGA-EM-A22I-01A,TCGA-EM-A22I-01A,1.0,0.0,0.0,0.0,0.0
9,43862658,+,9,44548422,-,THCA,2802,TCGA-EM-A22I-01A,TCGA-EM-A22I-01A,1.0,0.0,0.0,0.0,0.0
1,242276709,-,10,38321978,-,THCA,2803,TCGA-EM-A22J-01A,TCGA-EM-A22J-01A,1.0,0.0,0.0,0.0,0.0
17,22929925,-,17,23009320,+,THCA,2804,TCGA-EM-A22J-01A,TCGA-EM-A22J-01A,1.0,0.0,0.0,0.0,0.0
2,232398646,+,2,232399163,-,THCA,2805,TCGA-EM-A22J-01A,TCGA-EM-A22J-01A,1.0,0.0,0.0,0.0,0.0
6,139484404,+,6,139485033,-,THCA,2806,TCGA-EM-A22J-01A,TCGA-EM-A22J-01A,1.0,0.0,0.0,0.0,0.0
11,54375811,+,11,54396138,-,THCA,2807,TCGA-EM-A22K-01A,TCGA-EM-A22K-01A,1.0,0.0,0.0,0.0,0.0
12,36468127,-,12,37126774,+,THCA,2808,TCGA-EM-A22K-01A,TCGA-EM-A22K-01A,1.0,0.0,0.0,0.0,0.0
14,38534396,+,16,25840976,-,THCA,2809,TCGA-EM-A22K-01A,TCGA-EM-A22K-01A,1.0,0.0,0.0,0.0,0.0
17,22879418,-,17,22977011,+,THCA,2810,TCGA-EM-A22K-01A,TCGA-EM-A22K-01A,1.0,0.0,0.0,0.0,0.0
17,26590576,-,17,26882709,-,THCA,2811,TCGA-EM-A22K-01A,TCGA-EM-A22K-01A,1.0,0.0,0.0,0.0,0.0
18,15653794,-,18,15679622,+,THCA,2812,TCGA-EM-A22K-01A,TCGA-EM-A22K-01A,1.0,0.0,0.0,0.0,0.0
2,92408197,+,2,93343919,-,THCA,2813,TCGA-EM-A22K-01A,TCGA-EM-A22K-01A,1.0,0.0,0.0,0.0,0.0
2,147777582,+,7,88110740,+,THCA,2814,TCGA-EM-A22K-01A,TCGA-EM-A22K-01A,1.0,0.0,0.0,0.0,0.0
2,238834304,+,16,18151397,-,THCA,2815,TCGA-EM-A22K-01A,TCGA-EM-A22K-01A,1.0,0.0,0.0,0.0,0.0
3,129377607,-,8,144655648,-,THCA,2816,TCGA-EM-A22K-01A,TCGA-EM-A22K-01A,1.0,0.0,0.0,0.0,0.0
5,20376117,+,9,2271711,-,THCA,2817,TCGA-EM-A22K-01A,TCGA-EM-A22K-01A,1.0,0.0,0.0,0.0,0.0
5,69066829,-,12,1197190,+,THCA,2818,TCGA-EM-A22K-01A,TCGA-EM-A22K-01A,1.0,0.0,0.0,0.0,0.0
1,33517287,+,1,33517853,-,THCA,2819,TCGA-EM-A22L-01A,TCGA-EM-A22L-01A,1.0,0.0,0.0,0.0,0.0
11,53559041,-,11,53661724,+,THCA,2820,TCGA-EM-A22L-01A,TCGA-EM-A22L-01A,1.0,0.0,0.0,0.0,0.0
18,15819896,+,18,20445100,-,THCA,2821,TCGA-EM-A22L-01A,TCGA-EM-A22L-01A,1.0,0.0,0.0,0.0,0.0
2,91929758,+,24,11381139,-,THCA,2822,TCGA-EM-A22L-01A,TCGA-EM-A22L-01A,1.0,0.0,0.0,0.0,0.0
7,60340894,+,7,62512668,-,THCA,2823,TCGA-EM-A22L-01A,TCGA-EM-A22L-01A,1.0,0.0,0.0,0.0,0.0
8,17304747,-,11,32965944,-,THCA,2824,TCGA-EM-A22L-01A,TCGA-EM-A22L-01A,1.0,0.0,0.0,0.0,0.0
9,81697173,+,9,131124239,+,THCA,2825,TCGA-EM-A22L-01A,TCGA-EM-A22L-01A,1.0,0.0,0.0,0.0,0.0
1,173274125,-,18,4841645,-,THCA,2826,TCGA-EM-A22M-01A,TCGA-EM-A22M-01A,1.0,0.0,0.0,0.0,0.0
17,22825175,-,17,22844045,+,THCA,2827,TCGA-EM-A22M-01A,TCGA-EM-A22M-01A,1.0,0.0,0.0,0.0,0.0
3,90970877,+,3,91121075,-,THCA,2828,TCGA-EM-A22M-01A,TCGA-EM-A22M-01A,1.0,0.0,0.0,0.0,0.0
3,153531351,-,17,46801514,-,THCA,2829,TCGA-EM-A22M-01A,TCGA-EM-A22M-01A,1.0,0.0,0.0,0.0,0.0
6,79891021,-,10,5138027,+,THCA,2830,TCGA-EM-A22M-01A,TCGA-EM-A22M-01A,1.0,0.0,0.0,0.0,0.0
1,224750807,-,9,134285611,-,THCA,2831,TCGA-EM-A22N-01A,TCGA-EM-A22N-01A,1.0,0.0,0.0,0.0,0.0
15,20422814,+,15,22308195,+,THCA,2832,TCGA-EM-A22N-01A,TCGA-EM-A22N-01A,1.0,0.0,0.0,0.0,0.0
6,73555571,-,7,14612188,+,THCA,2833,TCGA-EM-A22N-01A,TCGA-EM-A22N-01A,1.0,0.0,0.0,0.0,0.0
7,127929983,-,7,140791563,+,THCA,2834,TCGA-EM-A22N-01A,TCGA-EM-A22N-01A,1.0,0.0,0.0,0.0,0.0
1,121431989,-,5,50523858,-,THCA,2835,TCGA-EM-A22O-01A,TCGA-EM-A22O-01A,1.0,0.0,0.0,0.0,0.0
10,102568958,+,13,52223584,+,THCA,2836,TCGA-EM-A22O-01A,TCGA-EM-A22O-01A,1.0,0.0,0.0,0.0,0.0
11,1136047,-,22,43102927,+,THCA,2837,TCGA-EM-A22O-01A,TCGA-EM-A22O-01A,1.0,0.0,0.0,0.0,0.0
11,24326504,-,14,56475515,-,THCA,2838,TCGA-EM-A22O-01A,TCGA-EM-A22O-01A,1.0,0.0,0.0,0.0,0.0
11,48442759,+,11,54613956,-,THCA,2839,TCGA-EM-A22O-01A,TCGA-EM-A22O-01A,1.0,0.0,0.0,0.0,0.0
11,81047850,-,11,81048367,+,THCA,2840,TCGA-EM-A22O-01A,TCGA-EM-A22O-01A,1.0,0.0,0.0,0.0,0.0
12,34032192,+,12,38326554,-,THCA,2841,TCGA-EM-A22O-01A,TCGA-EM-A22O-01A,1.0,0.0,0.0,0.0,0.0
13,18420644,-,21,13049795,+,THCA,2842,TCGA-EM-A22O-01A,TCGA-EM-A22O-01A,1.0,0.0,0.0,0.0,0.0
18,15558506,+,18,15704725,-,THCA,2843,TCGA-EM-A22O-01A,TCGA-EM-A22O-01A,1.0,0.0,0.0,0.0,0.0
18,41284820,+,18,41288370,-,THCA,2844,TCGA-EM-A22O-01A,TCGA-EM-A22O-01A,1.0,0.0,0.0,0.0,0.0
2,92228651,+,2,93172963,-,THCA,2845,TCGA-EM-A22O-01A,TCGA-EM-A22O-01A,1.0,0.0,0.0,0.0,0.0
2,226469606,+,2,226470629,-,THCA,2846,TCGA-EM-A22O-01A,TCGA-EM-A22O-01A,1.0,0.0,0.0,0.0,0.0
2,229184090,+,10,81694031,+,THCA,2847,TCGA-EM-A22O-01A,TCGA-EM-A22O-01A,1.0,0.0,0.0,0.0,0.0
20,25924394,+,20,30219183,-,THCA,2848,TCGA-EM-A22O-01A,TCGA-EM-A22O-01A,1.0,0.0,0.0,0.0,0.0
21,28340718,+,21,28341803,-,THCA,2849,TCGA-EM-A22O-01A,TCGA-EM-A22O-01A,1.0,0.0,0.0,0.0,0.0
3,134536,+,3,135447,-,THCA,2850,TCGA-EM-A22O-01A,TCGA-EM-A22O-01A,1.0,0.0,0.0,0.0,0.0
3,61738324,-,18,43397905,-,THCA,2851,TCGA-EM-A22O-01A,TCGA-EM-A22O-01A,1.0,0.0,0.0,0.0,0.0
5,47121841,-,5,47145362,+,THCA,2852,TCGA-EM-A22O-01A,TCGA-EM-A22O-01A,1.0,0.0,0.0,0.0,0.0
5,49916480,+,5,49925135,-,THCA,2853,TCGA-EM-A22O-01A,TCGA-EM-A22O-01A,1.0,0.0,0.0,0.0,0.0
5,149598075,-,8,112370082,-,THCA,2854,TCGA-EM-A22O-01A,TCGA-EM-A22O-01A,1.0,0.0,0.0,0.0,0.0
6,60565913,-,6,103384178,+,THCA,2855,TCGA-EM-A22O-01A,TCGA-EM-A22O-01A,1.0,0.0,0.0,0.0,0.0
6,60566212,+,6,103384123,-,THCA,2856,TCGA-EM-A22O-01A,TCGA-EM-A22O-01A,1.0,0.0,0.0,0.0,0.0
6,66017682,-,6,166021049,+,THCA,2857,TCGA-EM-A22O-01A,TCGA-EM-A22O-01A,1.0,0.0,0.0,0.0,0.0
6,134475811,-,16,25620210,+,THCA,2858,TCGA-EM-A22O-01A,TCGA-EM-A22O-01A,1.0,0.0,0.0,0.0,0.0
7,153505937,-,20,22084015,+,THCA,2859,TCGA-EM-A22O-01A,TCGA-EM-A22O-01A,1.0,0.0,0.0,0.0,0.0
8,13622447,+,23,135115029,+,THCA,2860,TCGA-EM-A22O-01A,TCGA-EM-A22O-01A,1.0,0.0,0.0,0.0,0.0
8,87428339,-,18,43735255,+,THCA,2861,TCGA-EM-A22O-01A,TCGA-EM-A22O-01A,1.0,0.0,0.0,0.0,0.0
8,120918174,-,11,92412835,+,THCA,2862,TCGA-EM-A22O-01A,TCGA-EM-A22O-01A,1.0,0.0,0.0,0.0,0.0
9,40229194,+,9,42858486,-,THCA,2863,TCGA-EM-A22O-01A,TCGA-EM-A22O-01A,1.0,0.0,0.0,0.0,0.0
9,113951448,+,16,70835008,+,THCA,2864,TCGA-EM-A22O-01A,TCGA-EM-A22O-01A,1.0,0.0,0.0,0.0,0.0
1,35628631,-,16,69912927,-,THCA,2865,TCGA-EM-A22P-01A,TCGA-EM-A22P-01A,1.0,0.0,0.0,0.0,0.0
12,34797837,+,12,34817407,-,THCA,2866,TCGA-EM-A22P-01A,TCGA-EM-A22P-01A,1.0,0.0,0.0,0.0,0.0
16,36324039,-,16,38254796,+,THCA,2867,TCGA-EM-A22P-01A,TCGA-EM-A22P-01A,1.0,0.0,0.0,0.0,0.0
16,67520464,+,20,14577795,-,THCA,2868,TCGA-EM-A22P-01A,TCGA-EM-A22P-01A,1.0,0.0,0.0,0.0,0.0
3,3604512,-,4,11465737,+,THCA,2869,TCGA-EM-A22P-01A,TCGA-EM-A22P-01A,1.0,0.0,0.0,0.0,0.0
3,91166724,-,3,91175512,+,THCA,2870,TCGA-EM-A22P-01A,TCGA-EM-A22P-01A,1.0,0.0,0.0,0.0,0.0
5,62817476,-,5,102131579,+,THCA,2871,TCGA-EM-A22P-01A,TCGA-EM-A22P-01A,1.0,0.0,0.0,0.0,0.0
8,87428345,-,18,43735252,+,THCA,2872,TCGA-EM-A22P-01A,TCGA-EM-A22P-01A,1.0,0.0,0.0,0.0,0.0
9,24288637,-,23,25471458,-,THCA,2873,TCGA-EM-A22P-01A,TCGA-EM-A22P-01A,1.0,0.0,0.0,0.0,0.0
9,33909007,-,15,57266087,-,THCA,2874,TCGA-EM-A22P-01A,TCGA-EM-A22P-01A,1.0,0.0,0.0,0.0,0.0
1,164488439,-,10,60014094,+,THCA,2875,TCGA-EM-A22Q-01A,TCGA-EM-A22Q-01A,1.0,0.0,0.0,0.0,0.0
22,23344689,-,22,24675119,+,THCA,2876,TCGA-EM-A22Q-01A,TCGA-EM-A22Q-01A,1.0,0.0,0.0,0.0,0.0
5,164919730,-,7,11190037,+,THCA,2877,TCGA-EM-A22Q-01A,TCGA-EM-A22Q-01A,1.0,0.0,0.0,0.0,0.0
7,25997538,+,8,132956401,+,THCA,2878,TCGA-EM-A22Q-01A,TCGA-EM-A22Q-01A,1.0,0.0,0.0,0.0,0.0
7,25997591,-,8,132956440,-,THCA,2879,TCGA-EM-A22Q-01A,TCGA-EM-A22Q-01A,1.0,0.0,0.0,0.0,0.0
1,122369148,+,1,122415757,-,THCA,2880,TCGA-EM-A2CJ-01A,TCGA-EM-A2CJ-01A,1.0,0.0,0.0,0.0,0.0
1,242276757,-,10,38321975,-,THCA,2881,TCGA-EM-A2CJ-01A,TCGA-EM-A2CJ-01A,1.0,0.0,0.0,0.0,0.0
11,54768743,+,11,54769689,-,THCA,2882,TCGA-EM-A2CJ-01A,TCGA-EM-A2CJ-01A,1.0,0.0,0.0,0.0,0.0
12,29474105,+,15,42122003,-,THCA,2883,TCGA-EM-A2CJ-01A,TCGA-EM-A2CJ-01A,1.0,0.0,0.0,0.0,0.0
12,133202559,+,12,133203205,-,THCA,2884,TCGA-EM-A2CJ-01A,TCGA-EM-A2CJ-01A,1.0,0.0,0.0,0.0,0.0
17,4471203,+,17,4471702,-,THCA,2885,TCGA-EM-A2CJ-01A,TCGA-EM-A2CJ-01A,1.0,0.0,0.0,0.0,0.0
17,21731835,+,17,27003711,-,THCA,2886,TCGA-EM-A2CJ-01A,TCGA-EM-A2CJ-01A,1.0,0.0,0.0,0.0,0.0
17,22879419,-,17,22977045,+,THCA,2887,TCGA-EM-A2CJ-01A,TCGA-EM-A2CJ-01A,1.0,0.0,0.0,0.0,0.0
18,15486937,+,18,15585933,-,THCA,2888,TCGA-EM-A2CJ-01A,TCGA-EM-A2CJ-01A,1.0,0.0,0.0,0.0,0.0
3,36670312,-,7,93114025,-,THCA,2889,TCGA-EM-A2CJ-01A,TCGA-EM-A2CJ-01A,1.0,0.0,0.0,0.0,0.0
3,91027693,-,3,91089787,+,THCA,2890,TCGA-EM-A2CJ-01A,TCGA-EM-A2CJ-01A,1.0,0.0,0.0,0.0,0.0
3,185538787,-,23,41507542,-,THCA,2891,TCGA-EM-A2CJ-01A,TCGA-EM-A2CJ-01A,1.0,0.0,0.0,0.0,0.0
4,46461876,-,4,46696399,+,THCA,2892,TCGA-EM-A2CJ-01A,TCGA-EM-A2CJ-01A,1.0,0.0,0.0,0.0,0.0
4,69160647,+,4,69325538,-,THCA,2893,TCGA-EM-A2CJ-01A,TCGA-EM-A2CJ-01A,1.0,0.0,0.0,0.0,0.0
5,47242709,+,5,47253325,-,THCA,2894,TCGA-EM-A2CJ-01A,TCGA-EM-A2CJ-01A,1.0,0.0,0.0,0.0,0.0
5,58301888,+,11,21484032,+,THCA,2895,TCGA-EM-A2CJ-01A,TCGA-EM-A2CJ-01A,1.0,0.0,0.0,0.0,0.0
5,181209955,-,21,32241944,-,THCA,2896,TCGA-EM-A2CJ-01A,TCGA-EM-A2CJ-01A,1.0,0.0,0.0,0.0,0.0
7,87468942,-,23,130466406,+,THCA,2897,TCGA-EM-A2CJ-01A,TCGA-EM-A2CJ-01A,1.0,0.0,0.0,0.0,0.0
7,92552006,-,16,64162528,+,THCA,2898,TCGA-EM-A2CJ-01A,TCGA-EM-A2CJ-01A,1.0,0.0,0.0,0.0,0.0
1,164190766,-,8,109289964,-,THCA,2899,TCGA-EM-A2CK-01A,TCGA-EM-A2CK-01A,1.0,0.0,0.0,0.0,0.0
1,247072804,-,11,102342120,-,THCA,2900,TCGA-EM-A2CK-01A,TCGA-EM-A2CK-01A,1.0,0.0,0.0,0.0,0.0
11,50742330,+,19,27363363,+,THCA,2901,TCGA-EM-A2CK-01A,TCGA-EM-A2CK-01A,1.0,0.0,0.0,0.0,0.0
12,13135772,-,12,13136129,-,THCA,2902,TCGA-EM-A2CK-01A,TCGA-EM-A2CK-01A,1.0,0.0,0.0,0.0,0.0
12,68665202,-,12,68665393,+,THCA,2903,TCGA-EM-A2CK-01A,TCGA-EM-A2CK-01A,1.0,0.0,0.0,0.0,0.0
22,37137928,+,22,37138532,-,THCA,2904,TCGA-EM-A2CK-01A,TCGA-EM-A2CK-01A,1.0,0.0,0.0,0.0,0.0
7,61381021,+,7,61454721,-,THCA,2905,TCGA-EM-A2CK-01A,TCGA-EM-A2CK-01A,1.0,0.0,0.0,0.0,0.0
7,100215562,+,7,100342318,-,THCA,2906,TCGA-EM-A2CK-01A,TCGA-EM-A2CK-01A,1.0,0.0,0.0,0.0,0.0
8,44507181,+,8,45873201,-,THCA,2907,TCGA-EM-A2CK-01A,TCGA-EM-A2CK-01A,1.0,0.0,0.0,0.0,0.0
9,8212107,-,20,39617750,+,THCA,2908,TCGA-EM-A2CK-01A,TCGA-EM-A2CK-01A,1.0,0.0,0.0,0.0,0.0
1,21978980,+,4,30121954,-,THCA,2909,TCGA-EM-A2CL-01A,TCGA-EM-A2CL-01A,1.0,0.0,0.0,0.0,0.0
17,22999920,-,17,23156847,+,THCA,2910,TCGA-EM-A2CL-01A,TCGA-EM-A2CL-01A,1.0,0.0,0.0,0.0,0.0
3,60457819,-,3,60568032,+,THCA,2911,TCGA-EM-A2CL-01A,TCGA-EM-A2CL-01A,1.0,0.0,0.0,0.0,0.0
3,182048154,-,19,28733022,+,THCA,2912,TCGA-EM-A2CL-01A,TCGA-EM-A2CL-01A,1.0,0.0,0.0,0.0,0.0
7,4497403,+,7,9621842,-,THCA,2913,TCGA-EM-A2CL-01A,TCGA-EM-A2CL-01A,1.0,0.0,0.0,0.0,0.0
1,18725980,-,2,213124265,-,THCA,2914,TCGA-EM-A2CM-01A,TCGA-EM-A2CM-01A,1.0,0.0,0.0,0.0,0.0
1,244937737,-,1,245539697,+,THCA,2915,TCGA-EM-A2CM-01A,TCGA-EM-A2CM-01A,1.0,0.0,0.0,0.0,0.0
11,54360229,+,11,54405963,-,THCA,2916,TCGA-EM-A2CM-01A,TCGA-EM-A2CM-01A,1.0,0.0,0.0,0.0,0.0
11,124114530,+,19,54308382,-,THCA,2917,TCGA-EM-A2CM-01A,TCGA-EM-A2CM-01A,1.0,0.0,0.0,0.0,0.0
12,55788040,+,14,103601619,-,THCA,2918,TCGA-EM-A2CM-01A,TCGA-EM-A2CM-01A,1.0,0.0,0.0,0.0,0.0
13,18748846,+,13,18768257,-,THCA,2919,TCGA-EM-A2CM-01A,TCGA-EM-A2CM-01A,1.0,0.0,0.0,0.0,0.0
13,113030840,+,13,113031446,-,THCA,2920,TCGA-EM-A2CM-01A,TCGA-EM-A2CM-01A,1.0,0.0,0.0,0.0,0.0
14,105587299,-,14,105707572,+,THCA,2921,TCGA-EM-A2CM-01A,TCGA-EM-A2CM-01A,1.0,0.0,0.0,0.0,0.0
17,35742695,+,17,35743288,-,THCA,2922,TCGA-EM-A2CM-01A,TCGA-EM-A2CM-01A,1.0,0.0,0.0,0.0,0.0
17,48990084,-,17,49809647,+,THCA,2923,TCGA-EM-A2CM-01A,TCGA-EM-A2CM-01A,1.0,0.0,0.0,0.0,0.0
18,15526718,-,18,15684932,+,THCA,2924,TCGA-EM-A2CM-01A,TCGA-EM-A2CM-01A,1.0,0.0,0.0,0.0,0.0
18,15558474,+,18,15704725,-,THCA,2925,TCGA-EM-A2CM-01A,TCGA-EM-A2CM-01A,1.0,0.0,0.0,0.0,0.0
18,15636745,+,18,20611380,-,THCA,2926,TCGA-EM-A2CM-01A,TCGA-EM-A2CM-01A,1.0,0.0,0.0,0.0,0.0
18,15640838,-,18,20635852,+,THCA,2927,TCGA-EM-A2CM-01A,TCGA-EM-A2CM-01A,1.0,0.0,0.0,0.0,0.0
18,15792050,+,18,17290990,-,THCA,2928,TCGA-EM-A2CM-01A,TCGA-EM-A2CM-01A,1.0,0.0,0.0,0.0,0.0
19,8901052,-,21,44468504,-,THCA,2929,TCGA-EM-A2CM-01A,TCGA-EM-A2CM-01A,1.0,0.0,0.0,0.0,0.0
2,52926313,-,7,31386726,-,THCA,2930,TCGA-EM-A2CM-01A,TCGA-EM-A2CM-01A,1.0,0.0,0.0,0.0,0.0
2,92452622,-,2,93984186,+,THCA,2931,TCGA-EM-A2CM-01A,TCGA-EM-A2CM-01A,1.0,0.0,0.0,0.0,0.0
2,187338120,+,16,78045365,-,THCA,2932,TCGA-EM-A2CM-01A,TCGA-EM-A2CM-01A,1.0,0.0,0.0,0.0,0.0
3,63595730,-,8,110880819,+,THCA,2933,TCGA-EM-A2CM-01A,TCGA-EM-A2CM-01A,1.0,0.0,0.0,0.0,0.0
3,147016489,+,18,69384285,+,THCA,2934,TCGA-EM-A2CM-01A,TCGA-EM-A2CM-01A,1.0,0.0,0.0,0.0,0.0
3,183891790,+,5,39445070,-,THCA,2935,TCGA-EM-A2CM-01A,TCGA-EM-A2CM-01A,1.0,0.0,0.0,0.0,0.0
6,100458279,+,6,100459334,-,THCA,2936,TCGA-EM-A2CM-01A,TCGA-EM-A2CM-01A,1.0,0.0,0.0,0.0,0.0
7,47446173,+,7,47446730,-,THCA,2937,TCGA-EM-A2CM-01A,TCGA-EM-A2CM-01A,1.0,0.0,0.0,0.0,0.0
8,133035018,+,8,133041784,+,THCA,2938,TCGA-EM-A2CM-01A,TCGA-EM-A2CM-01A,1.0,0.0,0.0,0.0,0.0
8,133041054,-,8,133043176,-,THCA,2939,TCGA-EM-A2CM-01A,TCGA-EM-A2CM-01A,1.0,0.0,0.0,0.0,0.0
1,109060015,+,2,136043545,+,THCA,2940,TCGA-EM-A2CN-01A,TCGA-EM-A2CN-01A,1.0,0.0,0.0,0.0,0.0
10,2657823,-,19,18902825,-,THCA,2941,TCGA-EM-A2CN-01A,TCGA-EM-A2CN-01A,1.0,0.0,0.0,0.0,0.0
17,22874926,+,17,22894058,-,THCA,2942,TCGA-EM-A2CN-01A,TCGA-EM-A2CN-01A,1.0,0.0,0.0,0.0,0.0
18,15678981,-,18,15772375,+,THCA,2943,TCGA-EM-A2CN-01A,TCGA-EM-A2CN-01A,1.0,0.0,0.0,0.0,0.0
19,46883400,+,19,48057545,-,THCA,2944,TCGA-EM-A2CN-01A,TCGA-EM-A2CN-01A,1.0,0.0,0.0,0.0,0.0
2,189665616,+,2,228480264,-,THCA,2945,TCGA-EM-A2CN-01A,TCGA-EM-A2CN-01A,1.0,0.0,0.0,0.0,0.0
3,90949239,+,3,91143880,-,THCA,2946,TCGA-EM-A2CN-01A,TCGA-EM-A2CN-01A,1.0,0.0,0.0,0.0,0.0
4,45439075,-,8,85613255,-,THCA,2947,TCGA-EM-A2CN-01A,TCGA-EM-A2CN-01A,1.0,0.0,0.0,0.0,0.0
7,32778421,+,7,34868269,-,THCA,2948,TCGA-EM-A2CN-01A,TCGA-EM-A2CN-01A,1.0,0.0,0.0,0.0,0.0
8,3772472,-,23,3570232,-,THCA,2949,TCGA-EM-A2CN-01A,TCGA-EM-A2CN-01A,1.0,0.0,0.0,0.0,0.0
8,72116797,-,8,72116935,+,THCA,2950,TCGA-EM-A2CN-01A,TCGA-EM-A2CN-01A,1.0,0.0,0.0,0.0,0.0
8,95160576,-,23,97476733,-,THCA,2951,TCGA-EM-A2CN-01A,TCGA-EM-A2CN-01A,1.0,0.0,0.0,0.0,0.0
10,26852245,+,10,26852795,-,THCA,2952,TCGA-EM-A2CO-01A,TCGA-EM-A2CO-01A,1.0,0.0,0.0,0.0,0.0
11,51230995,-,11,51811941,+,THCA,2953,TCGA-EM-A2CO-01A,TCGA-EM-A2CO-01A,1.0,0.0,0.0,0.0,0.0
12,123225311,+,12,123225874,-,THCA,2954,TCGA-EM-A2CO-01A,TCGA-EM-A2CO-01A,1.0,0.0,0.0,0.0,0.0
15,73181978,+,15,73182569,-,THCA,2955,TCGA-EM-A2CO-01A,TCGA-EM-A2CO-01A,1.0,0.0,0.0,0.0,0.0
16,88956180,+,16,88956886,-,THCA,2956,TCGA-EM-A2CO-01A,TCGA-EM-A2CO-01A,1.0,0.0,0.0,0.0,0.0
2,76365980,-,14,31931658,+,THCA,2957,TCGA-EM-A2CO-01A,TCGA-EM-A2CO-01A,1.0,0.0,0.0,0.0,0.0
2,92521565,-,2,92911075,+,THCA,2958,TCGA-EM-A2CO-01A,TCGA-EM-A2CO-01A,1.0,0.0,0.0,0.0,0.0
4,40034373,+,4,40034907,-,THCA,2959,TCGA-EM-A2CO-01A,TCGA-EM-A2CO-01A,1.0,0.0,0.0,0.0,0.0
4,108304209,+,14,46370197,+,THCA,2960,TCGA-EM-A2CO-01A,TCGA-EM-A2CO-01A,1.0,0.0,0.0,0.0,0.0
5,47259057,+,5,47262063,-,THCA,2961,TCGA-EM-A2CO-01A,TCGA-EM-A2CO-01A,1.0,0.0,0.0,0.0,0.0
7,61436251,-,7,61510444,+,THCA,2962,TCGA-EM-A2CO-01A,TCGA-EM-A2CO-01A,1.0,0.0,0.0,0.0,0.0
7,80646395,+,7,80650435,-,THCA,2963,TCGA-EM-A2CO-01A,TCGA-EM-A2CO-01A,1.0,0.0,0.0,0.0,0.0
7,101219719,+,7,101220396,-,THCA,2964,TCGA-EM-A2CO-01A,TCGA-EM-A2CO-01A,1.0,0.0,0.0,0.0,0.0
7,101924850,+,7,101925364,-,THCA,2965,TCGA-EM-A2CO-01A,TCGA-EM-A2CO-01A,1.0,0.0,0.0,0.0,0.0
9,135765981,+,9,135766584,-,THCA,2966,TCGA-EM-A2CO-01A,TCGA-EM-A2CO-01A,1.0,0.0,0.0,0.0,0.0
1,58551172,-,1,58551393,-,THCA,2967,TCGA-EM-A2CP-01A,TCGA-EM-A2CP-01A,1.0,0.0,0.0,0.0,0.0
1,58551174,+,1,58551395,+,THCA,2968,TCGA-EM-A2CP-01A,TCGA-EM-A2CP-01A,1.0,0.0,0.0,0.0,0.0
1,66189975,+,3,98175062,+,THCA,2969,TCGA-EM-A2CP-01A,TCGA-EM-A2CP-01A,1.0,0.0,0.0,0.0,0.0
1,86345936,-,1,86885695,-,THCA,2970,TCGA-EM-A2CP-01A,TCGA-EM-A2CP-01A,1.0,0.0,0.0,0.0,0.0
1,86346435,+,1,87054567,-,THCA,2971,TCGA-EM-A2CP-01A,TCGA-EM-A2CP-01A,1.0,0.0,0.0,0.0,0.0
1,86485684,-,10,67987911,-,THCA,2972,TCGA-EM-A2CP-01A,TCGA-EM-A2CP-01A,1.0,0.0,0.0,0.0,0.0
1,86485824,+,10,90903110,-,THCA,2973,TCGA-EM-A2CP-01A,TCGA-EM-A2CP-01A,1.0,0.0,0.0,0.0,0.0
1,86490247,+,10,91132781,-,THCA,2974,TCGA-EM-A2CP-01A,TCGA-EM-A2CP-01A,1.0,0.0,0.0,0.0,0.0
1,87054526,+,1,88081121,-,THCA,2975,TCGA-EM-A2CP-01A,TCGA-EM-A2CP-01A,1.0,0.0,0.0,0.0,0.0
1,88081013,+,10,91131370,+,THCA,2976,TCGA-EM-A2CP-01A,TCGA-EM-A2CP-01A,1.0,0.0,0.0,0.0,0.0
1,224756743,+,1,224757264,-,THCA,2977,TCGA-EM-A2CP-01A,TCGA-EM-A2CP-01A,1.0,0.0,0.0,0.0,0.0
10,47384171,+,10,47384829,-,THCA,2978,TCGA-EM-A2CP-01A,TCGA-EM-A2CP-01A,1.0,0.0,0.0,0.0,0.0
10,67987932,+,10,91133343,+,THCA,2979,TCGA-EM-A2CP-01A,TCGA-EM-A2CP-01A,1.0,0.0,0.0,0.0,0.0
10,90883866,+,10,91133724,-,THCA,2980,TCGA-EM-A2CP-01A,TCGA-EM-A2CP-01A,1.0,0.0,0.0,0.0,0.0
10,91247196,+,10,91247652,+,THCA,2981,TCGA-EM-A2CP-01A,TCGA-EM-A2CP-01A,1.0,0.0,0.0,0.0,0.0
10,91247340,-,10,91247698,-,THCA,2982,TCGA-EM-A2CP-01A,TCGA-EM-A2CP-01A,1.0,0.0,0.0,0.0,0.0
11,15639161,-,18,39734049,+,THCA,2983,TCGA-EM-A2CP-01A,TCGA-EM-A2CP-01A,1.0,0.0,0.0,0.0,0.0
12,33467464,-,12,33497721,+,THCA,2984,TCGA-EM-A2CP-01A,TCGA-EM-A2CP-01A,1.0,0.0,0.0,0.0,0.0
12,34718094,+,12,34805424,+,THCA,2985,TCGA-EM-A2CP-01A,TCGA-EM-A2CP-01A,1.0,0.0,0.0,0.0,0.0
13,90497162,-,23,43589043,-,THCA,2986,TCGA-EM-A2CP-01A,TCGA-EM-A2CP-01A,1.0,0.0,0.0,0.0,0.0
18,16921876,-,18,17778364,+,THCA,2987,TCGA-EM-A2CP-01A,TCGA-EM-A2CP-01A,1.0,0.0,0.0,0.0,0.0
2,26013078,-,2,176196771,+,THCA,2988,TCGA-EM-A2CP-01A,TCGA-EM-A2CP-01A,1.0,0.0,0.0,0.0,0.0
2,26013092,+,8,132933496,+,THCA,2989,TCGA-EM-A2CP-01A,TCGA-EM-A2CP-01A,1.0,0.0,0.0,0.0,0.0
2,93233204,-,2,93594853,+,THCA,2990,TCGA-EM-A2CP-01A,TCGA-EM-A2CP-01A,1.0,0.0,0.0,0.0,0.0
2,113237994,-,2,177232856,+,THCA,2991,TCGA-EM-A2CP-01A,TCGA-EM-A2CP-01A,1.0,0.0,0.0,0.0,0.0
2,113238010,+,8,133046548,-,THCA,2992,TCGA-EM-A2CP-01A,TCGA-EM-A2CP-01A,1.0,0.0,0.0,0.0,0.0
2,176196804,-,8,132995672,+,THCA,2993,TCGA-EM-A2CP-01A,TCGA-EM-A2CP-01A,1.0,0.0,0.0,0.0,0.0
2,177232885,-,8,132893854,+,THCA,2994,TCGA-EM-A2CP-01A,TCGA-EM-A2CP-01A,1.0,0.0,0.0,0.0,0.0
3,75695162,-,20,29385711,-,THCA,2995,TCGA-EM-A2CP-01A,TCGA-EM-A2CP-01A,1.0,0.0,0.0,0.0,0.0
6,58403821,-,11,50634521,-,THCA,2996,TCGA-EM-A2CP-01A,TCGA-EM-A2CP-01A,1.0,0.0,0.0,0.0,0.0
8,121970084,-,11,34877944,+,THCA,2997,TCGA-EM-A2CP-01A,TCGA-EM-A2CP-01A,1.0,0.0,0.0,0.0,0.0
8,132894388,-,8,133042108,+,THCA,2998,TCGA-EM-A2CP-01A,TCGA-EM-A2CP-01A,1.0,0.0,0.0,0.0,0.0
8,132933374,-,8,133000544,+,THCA,2999,TCGA-EM-A2CP-01A,TCGA-EM-A2CP-01A,1.0,0.0,0.0,0.0,0.0
8,132995650,-,8,132995770,-,THCA,3000,TCGA-EM-A2CP-01A,TCGA-EM-A2CP-01A,1.0,0.0,0.0,0.0,0.0
8,132995759,+,8,133000545,-,THCA,3001,TCGA-EM-A2CP-01A,TCGA-EM-A2CP-01A,1.0,0.0,0.0,0.0,0.0
8,132995769,-,8,133000545,-,THCA,3002,TCGA-EM-A2CP-01A,TCGA-EM-A2CP-01A,1.0,0.0,0.0,0.0,0.0
9,40894372,+,9,60535729,+,THCA,3003,TCGA-EM-A2CP-01A,TCGA-EM-A2CP-01A,1.0,0.0,0.0,0.0,0.0
1,122444241,+,1,122453830,-,THCA,3004,TCGA-EM-A2CQ-01A,TCGA-EM-A2CQ-01A,1.0,0.0,0.0,0.0,0.0
11,52650494,+,11,54344199,-,THCA,3005,TCGA-EM-A2CQ-01A,TCGA-EM-A2CQ-01A,1.0,0.0,0.0,0.0,0.0
12,112324161,-,23,53689271,+,THCA,3006,TCGA-EM-A2CQ-01A,TCGA-EM-A2CQ-01A,1.0,0.0,0.0,0.0,0.0
13,16373678,-,13,16637846,+,THCA,3007,TCGA-EM-A2CQ-01A,TCGA-EM-A2CQ-01A,1.0,0.0,0.0,0.0,0.0
16,34164547,-,20,29295606,-,THCA,3008,TCGA-EM-A2CQ-01A,TCGA-EM-A2CQ-01A,1.0,0.0,0.0,0.0,0.0
20,30001062,+,20,30014461,-,THCA,3009,TCGA-EM-A2CQ-01A,TCGA-EM-A2CQ-01A,1.0,0.0,0.0,0.0,0.0
3,49389112,+,3,49389678,-,THCA,3010,TCGA-EM-A2CQ-01A,TCGA-EM-A2CQ-01A,1.0,0.0,0.0,0.0,0.0
3,90774367,-,3,90974949,+,THCA,3011,TCGA-EM-A2CQ-01A,TCGA-EM-A2CQ-01A,1.0,0.0,0.0,0.0,0.0
3,133342555,-,13,69348019,+,THCA,3012,TCGA-EM-A2CQ-01A,TCGA-EM-A2CQ-01A,1.0,0.0,0.0,0.0,0.0
6,59613077,-,6,59619280,+,THCA,3013,TCGA-EM-A2CQ-01A,TCGA-EM-A2CQ-01A,1.0,0.0,0.0,0.0,0.0
9,43178790,+,18,15403474,-,THCA,3014,TCGA-EM-A2CQ-01A,TCGA-EM-A2CQ-01A,1.0,0.0,0.0,0.0,0.0
1,29872116,-,1,29873457,+,THCA,3015,TCGA-EM-A2CR-01A,TCGA-EM-A2CR-01A,1.0,0.0,0.0,0.0,0.0
1,38922808,-,12,48334029,-,THCA,3016,TCGA-EM-A2CR-01A,TCGA-EM-A2CR-01A,1.0,0.0,0.0,0.0,0.0
1,124826413,+,1,124832471,-,THCA,3017,TCGA-EM-A2CR-01A,TCGA-EM-A2CR-01A,1.0,0.0,0.0,0.0,0.0
11,48963822,-,11,49886978,+,THCA,3018,TCGA-EM-A2CR-01A,TCGA-EM-A2CR-01A,1.0,0.0,0.0,0.0,0.0
16,36379457,+,16,37020189,-,THCA,3019,TCGA-EM-A2CR-01A,TCGA-EM-A2CR-01A,1.0,0.0,0.0,0.0,0.0
17,1355148,+,20,51540671,+,THCA,3020,TCGA-EM-A2CR-01A,TCGA-EM-A2CR-01A,1.0,0.0,0.0,0.0,0.0
17,81970268,-,23,108047999,+,THCA,3021,TCGA-EM-A2CR-01A,TCGA-EM-A2CR-01A,1.0,0.0,0.0,0.0,0.0
2,115938274,+,4,39127028,+,THCA,3022,TCGA-EM-A2CR-01A,TCGA-EM-A2CR-01A,1.0,0.0,0.0,0.0,0.0
20,26545022,-,20,26577304,+,THCA,3023,TCGA-EM-A2CR-01A,TCGA-EM-A2CR-01A,1.0,0.0,0.0,0.0,0.0
3,7942355,-,22,17059810,+,THCA,3024,TCGA-EM-A2CR-01A,TCGA-EM-A2CR-01A,1.0,0.0,0.0,0.0,0.0
3,151820774,-,18,47857122,+,THCA,3025,TCGA-EM-A2CR-01A,TCGA-EM-A2CR-01A,1.0,0.0,0.0,0.0,0.0
3,181150355,+,13,70627050,+,THCA,3026,TCGA-EM-A2CR-01A,TCGA-EM-A2CR-01A,1.0,0.0,0.0,0.0,0.0
4,52409339,+,12,25392118,+,THCA,3027,TCGA-EM-A2CR-01A,TCGA-EM-A2CR-01A,1.0,0.0,0.0,0.0,0.0
5,133299166,+,5,133299802,-,THCA,3028,TCGA-EM-A2CR-01A,TCGA-EM-A2CR-01A,1.0,0.0,0.0,0.0,0.0
6,67390320,+,22,16029017,+,THCA,3029,TCGA-EM-A2CR-01A,TCGA-EM-A2CR-01A,1.0,0.0,0.0,0.0,0.0
8,121970091,-,11,34877937,+,THCA,3030,TCGA-EM-A2CR-01A,TCGA-EM-A2CR-01A,1.0,0.0,0.0,0.0,0.0
1,101496960,-,8,133312972,+,THCA,3031,TCGA-EM-A2CS-01A,TCGA-EM-A2CS-01A,1.0,0.0,0.0,0.0,0.0
5,264246,+,5,74275762,-,THCA,3032,TCGA-EM-A2CS-01A,TCGA-EM-A2CS-01A,1.0,0.0,0.0,0.0,0.0
9,134254220,-,17,7156949,+,THCA,3033,TCGA-EM-A2CS-01A,TCGA-EM-A2CS-01A,1.0,0.0,0.0,0.0,0.0
1,65117176,+,1,65117704,-,THCA,3034,TCGA-EM-A2CT-01A,TCGA-EM-A2CT-01A,1.0,0.0,0.0,0.0,0.0
1,227403522,-,7,77987918,-,THCA,3035,TCGA-EM-A2CT-01A,TCGA-EM-A2CT-01A,1.0,0.0,0.0,0.0,0.0
1,234582265,-,12,99909240,+,THCA,3036,TCGA-EM-A2CT-01A,TCGA-EM-A2CT-01A,1.0,0.0,0.0,0.0,0.0
13,86115009,-,20,53558882,-,THCA,3037,TCGA-EM-A2CT-01A,TCGA-EM-A2CT-01A,1.0,0.0,0.0,0.0,0.0
2,204998360,+,23,12833050,+,THCA,3038,TCGA-EM-A2CT-01A,TCGA-EM-A2CT-01A,1.0,0.0,0.0,0.0,0.0
20,26482332,+,20,26491485,-,THCA,3039,TCGA-EM-A2CT-01A,TCGA-EM-A2CT-01A,1.0,0.0,0.0,0.0,0.0
3,182048171,-,19,28733014,+,THCA,3040,TCGA-EM-A2CT-01A,TCGA-EM-A2CT-01A,1.0,0.0,0.0,0.0,0.0
5,47027043,-,5,47048698,+,THCA,3041,TCGA-EM-A2CT-01A,TCGA-EM-A2CT-01A,1.0,0.0,0.0,0.0,0.0
5,49907542,-,5,49909422,+,THCA,3042,TCGA-EM-A2CT-01A,TCGA-EM-A2CT-01A,1.0,0.0,0.0,0.0,0.0
6,31329076,-,21,31821318,-,THCA,3043,TCGA-EM-A2CT-01A,TCGA-EM-A2CT-01A,1.0,0.0,0.0,0.0,0.0
7,134525679,-,7,134560828,+,THCA,3044,TCGA-EM-A2CT-01A,TCGA-EM-A2CT-01A,1.0,0.0,0.0,0.0,0.0
10,43116171,-,10,46012614,-,THCA,3045,TCGA-EM-A2CU-01A,TCGA-EM-A2CU-01A,1.0,0.0,0.0,0.0,0.0
10,43116171,+,10,46012617,+,THCA,3046,TCGA-EM-A2CU-01A,TCGA-EM-A2CU-01A,1.0,0.0,0.0,0.0,0.0
11,52685918,+,11,52781249,-,THCA,3047,TCGA-EM-A2CU-01A,TCGA-EM-A2CU-01A,1.0,0.0,0.0,0.0,0.0
13,21949420,+,23,77830970,-,THCA,3048,TCGA-EM-A2CU-01A,TCGA-EM-A2CU-01A,1.0,0.0,0.0,0.0,0.0
22,16448466,+,24,11360044,-,THCA,3049,TCGA-EM-A2CU-01A,TCGA-EM-A2CU-01A,1.0,0.0,0.0,0.0,0.0
3,52425941,+,17,63836125,+,THCA,3050,TCGA-EM-A2CU-01A,TCGA-EM-A2CU-01A,1.0,0.0,0.0,0.0,0.0
5,47227575,+,19,24897497,-,THCA,3051,TCGA-EM-A2CU-01A,TCGA-EM-A2CU-01A,1.0,0.0,0.0,0.0,0.0
5,129240503,+,5,129261861,-,THCA,3052,TCGA-EM-A2CU-01A,TCGA-EM-A2CU-01A,1.0,0.0,0.0,0.0,0.0
8,8526100,-,16,19321614,-,THCA,3053,TCGA-EM-A2CU-01A,TCGA-EM-A2CU-01A,1.0,0.0,0.0,0.0,0.0
1,13203126,-,2,222116177,+,THCA,3054,TCGA-EM-A2OV-01A,TCGA-EM-A2OV-01A,1.0,0.0,0.0,0.0,0.0
1,20537414,+,1,50575055,+,THCA,3055,TCGA-EM-A2OV-01A,TCGA-EM-A2OV-01A,1.0,0.0,0.0,0.0,0.0
1,31336132,+,1,31336697,-,THCA,3056,TCGA-EM-A2OV-01A,TCGA-EM-A2OV-01A,1.0,0.0,0.0,0.0,0.0
1,77433744,+,8,133313108,+,THCA,3057,TCGA-EM-A2OV-01A,TCGA-EM-A2OV-01A,1.0,0.0,0.0,0.0,0.0
11,131053161,+,23,100322022,+,THCA,3058,TCGA-EM-A2OV-01A,TCGA-EM-A2OV-01A,1.0,0.0,0.0,0.0,0.0
13,85246801,+,21,28829253,+,THCA,3059,TCGA-EM-A2OV-01A,TCGA-EM-A2OV-01A,1.0,0.0,0.0,0.0,0.0
17,23021163,+,17,23161474,-,THCA,3060,TCGA-EM-A2OV-01A,TCGA-EM-A2OV-01A,1.0,0.0,0.0,0.0,0.0
2,10680340,+,4,48659918,-,THCA,3061,TCGA-EM-A2OV-01A,TCGA-EM-A2OV-01A,1.0,0.0,0.0,0.0,0.0
5,46690191,+,12,37394910,-,THCA,3062,TCGA-EM-A2OV-01A,TCGA-EM-A2OV-01A,1.0,0.0,0.0,0.0,0.0
6,31270260,-,6,31355573,+,THCA,3063,TCGA-EM-A2OV-01A,TCGA-EM-A2OV-01A,1.0,0.0,0.0,0.0,0.0
1,122173009,-,1,122191470,+,THCA,3064,TCGA-EM-A2OW-01A,TCGA-EM-A2OW-01A,1.0,0.0,0.0,0.0,0.0
1,212840710,+,1,212841222,-,THCA,3065,TCGA-EM-A2OW-01A,TCGA-EM-A2OW-01A,1.0,0.0,0.0,0.0,0.0
13,16603310,-,13,17086821,+,THCA,3066,TCGA-EM-A2OW-01A,TCGA-EM-A2OW-01A,1.0,0.0,0.0,0.0,0.0
14,93768997,-,15,60453094,-,THCA,3067,TCGA-EM-A2OW-01A,TCGA-EM-A2OW-01A,1.0,0.0,0.0,0.0,0.0
18,15511771,+,18,15666940,-,THCA,3068,TCGA-EM-A2OW-01A,TCGA-EM-A2OW-01A,1.0,0.0,0.0,0.0,0.0
2,55359866,+,17,16161307,+,THCA,3069,TCGA-EM-A2OW-01A,TCGA-EM-A2OW-01A,1.0,0.0,0.0,0.0,0.0
2,55384865,+,23,40946811,+,THCA,3070,TCGA-EM-A2OW-01A,TCGA-EM-A2OW-01A,1.0,0.0,0.0,0.0,0.0
3,90778736,-,3,90923046,+,THCA,3071,TCGA-EM-A2OW-01A,TCGA-EM-A2OW-01A,1.0,0.0,0.0,0.0,0.0
3,192596095,-,8,12205313,-,THCA,3072,TCGA-EM-A2OW-01A,TCGA-EM-A2OW-01A,1.0,0.0,0.0,0.0,0.0
4,33004752,+,4,33066573,-,THCA,3073,TCGA-EM-A2OW-01A,TCGA-EM-A2OW-01A,1.0,0.0,0.0,0.0,0.0
6,29552965,+,23,103376563,+,THCA,3074,TCGA-EM-A2OW-01A,TCGA-EM-A2OW-01A,1.0,0.0,0.0,0.0,0.0
23,103422904,-,23,151800027,-,THCA,3075,TCGA-EM-A2OW-01A,TCGA-EM-A2OW-01A,1.0,0.0,0.0,0.0,0.0
1,124808951,-,1,124813503,+,THCA,3076,TCGA-EM-A2OX-01A,TCGA-EM-A2OX-01A,1.0,0.0,0.0,0.0,0.0
1,228732579,-,17,16194288,-,THCA,3077,TCGA-EM-A2OX-01A,TCGA-EM-A2OX-01A,1.0,0.0,0.0,0.0,0.0
1,228732677,+,17,16194382,+,THCA,3078,TCGA-EM-A2OX-01A,TCGA-EM-A2OX-01A,1.0,0.0,0.0,0.0,0.0
13,21280320,+,23,86690994,-,THCA,3079,TCGA-EM-A2OX-01A,TCGA-EM-A2OX-01A,1.0,0.0,0.0,0.0,0.0
13,24670288,+,13,77713204,-,THCA,3080,TCGA-EM-A2OX-01A,TCGA-EM-A2OX-01A,1.0,0.0,0.0,0.0,0.0
14,88711375,-,23,96994929,+,THCA,3081,TCGA-EM-A2OX-01A,TCGA-EM-A2OX-01A,1.0,0.0,0.0,0.0,0.0
14,102094605,-,15,77185759,+,THCA,3082,TCGA-EM-A2OX-01A,TCGA-EM-A2OX-01A,1.0,0.0,0.0,0.0,0.0
17,22912971,+,17,22986846,-,THCA,3083,TCGA-EM-A2OX-01A,TCGA-EM-A2OX-01A,1.0,0.0,0.0,0.0,0.0
18,22888349,-,23,75263895,-,THCA,3084,TCGA-EM-A2OX-01A,TCGA-EM-A2OX-01A,1.0,0.0,0.0,0.0,0.0
18,45128165,+,20,44404762,+,THCA,3085,TCGA-EM-A2OX-01A,TCGA-EM-A2OX-01A,1.0,0.0,0.0,0.0,0.0
2,173697991,-,22,43475470,-,THCA,3086,TCGA-EM-A2OX-01A,TCGA-EM-A2OX-01A,1.0,0.0,0.0,0.0,0.0
4,50606198,+,4,51306179,-,THCA,3087,TCGA-EM-A2OX-01A,TCGA-EM-A2OX-01A,1.0,0.0,0.0,0.0,0.0
4,57417577,-,22,28675498,+,THCA,3088,TCGA-EM-A2OX-01A,TCGA-EM-A2OX-01A,1.0,0.0,0.0,0.0,0.0
4,57417616,+,22,35303967,-,THCA,3089,TCGA-EM-A2OX-01A,TCGA-EM-A2OX-01A,1.0,0.0,0.0,0.0,0.0
9,45442469,-,9,60566730,-,THCA,3090,TCGA-EM-A2OX-01A,TCGA-EM-A2OX-01A,1.0,0.0,0.0,0.0,0.0
1,36793810,-,3,184674532,+,THCA,3091,TCGA-EM-A2OY-01A,TCGA-EM-A2OY-01A,1.0,0.0,0.0,0.0,0.0
1,196425537,+,1,196579422,-,THCA,3092,TCGA-EM-A2OY-01A,TCGA-EM-A2OY-01A,1.0,0.0,0.0,0.0,0.0
1,196425666,-,4,145173269,-,THCA,3093,TCGA-EM-A2OY-01A,TCGA-EM-A2OY-01A,1.0,0.0,0.0,0.0,0.0
1,196425975,+,4,145173296,+,THCA,3094,TCGA-EM-A2OY-01A,TCGA-EM-A2OY-01A,1.0,0.0,0.0,0.0,0.0
11,52672525,+,11,52761028,-,THCA,3095,TCGA-EM-A2OY-01A,TCGA-EM-A2OY-01A,1.0,0.0,0.0,0.0,0.0
13,16400199,-,13,16679242,+,THCA,3096,TCGA-EM-A2OY-01A,TCGA-EM-A2OY-01A,1.0,0.0,0.0,0.0,0.0
13,16589295,-,13,17327935,+,THCA,3097,TCGA-EM-A2OY-01A,TCGA-EM-A2OY-01A,1.0,0.0,0.0,0.0,0.0
13,17552609,+,13,17767290,-,THCA,3098,TCGA-EM-A2OY-01A,TCGA-EM-A2OY-01A,1.0,0.0,0.0,0.0,0.0
18,15472446,+,18,15573315,-,THCA,3099,TCGA-EM-A2OY-01A,TCGA-EM-A2OY-01A,1.0,0.0,0.0,0.0,0.0
19,12751634,+,19,12752390,-,THCA,3100,TCGA-EM-A2OY-01A,TCGA-EM-A2OY-01A,1.0,0.0,0.0,0.0,0.0
20,29362154,+,24,10130703,+,THCA,3101,TCGA-EM-A2OY-01A,TCGA-EM-A2OY-01A,1.0,0.0,0.0,0.0,0.0
3,90855439,+,3,91257890,+,THCA,3102,TCGA-EM-A2OY-01A,TCGA-EM-A2OY-01A,1.0,0.0,0.0,0.0,0.0
3,91024107,-,3,91212170,+,THCA,3103,TCGA-EM-A2OY-01A,TCGA-EM-A2OY-01A,1.0,0.0,0.0,0.0,0.0
3,139615418,-,4,22181619,-,THCA,3104,TCGA-EM-A2OY-01A,TCGA-EM-A2OY-01A,1.0,0.0,0.0,0.0,0.0
4,50234754,+,4,51210305,-,THCA,3105,TCGA-EM-A2OY-01A,TCGA-EM-A2OY-01A,1.0,0.0,0.0,0.0,0.0
4,114775328,+,4,114865126,+,THCA,3106,TCGA-EM-A2OY-01A,TCGA-EM-A2OY-01A,1.0,0.0,0.0,0.0,0.0
4,114777520,-,4,115497384,-,THCA,3107,TCGA-EM-A2OY-01A,TCGA-EM-A2OY-01A,1.0,0.0,0.0,0.0,0.0
8,17769418,-,12,129998888,+,THCA,3108,TCGA-EM-A2OY-01A,TCGA-EM-A2OY-01A,1.0,0.0,0.0,0.0,0.0
1,77433767,+,8,133313154,+,THCA,3109,TCGA-EM-A2OZ-01A,TCGA-EM-A2OZ-01A,1.0,0.0,0.0,0.0,0.0
11,54368778,-,11,54396503,+,THCA,3110,TCGA-EM-A2OZ-01A,TCGA-EM-A2OZ-01A,1.0,0.0,0.0,0.0,0.0
14,106421604,-,14,106639047,+,THCA,3111,TCGA-EM-A2OZ-01A,TCGA-EM-A2OZ-01A,1.0,0.0,0.0,0.0,0.0
16,37939234,+,16,37968312,-,THCA,3112,TCGA-EM-A2OZ-01A,TCGA-EM-A2OZ-01A,1.0,0.0,0.0,0.0,0.0
18,15640846,-,18,20635861,+,THCA,3113,TCGA-EM-A2OZ-01A,TCGA-EM-A2OZ-01A,1.0,0.0,0.0,0.0,0.0
2,92875335,+,2,92997678,-,THCA,3114,TCGA-EM-A2OZ-01A,TCGA-EM-A2OZ-01A,1.0,0.0,0.0,0.0,0.0
3,56968230,+,11,129672143,+,THCA,3115,TCGA-EM-A2OZ-01A,TCGA-EM-A2OZ-01A,1.0,0.0,0.0,0.0,0.0
3,59986272,-,16,86684494,-,THCA,3116,TCGA-EM-A2OZ-01A,TCGA-EM-A2OZ-01A,1.0,0.0,0.0,0.0,0.0
3,176223142,+,15,46849022,+,THCA,3117,TCGA-EM-A2OZ-01A,TCGA-EM-A2OZ-01A,1.0,0.0,0.0,0.0,0.0
5,177096924,+,7,139865945,+,THCA,3118,TCGA-EM-A2OZ-01A,TCGA-EM-A2OZ-01A,1.0,0.0,0.0,0.0,0.0
6,41699995,-,11,68429050,+,THCA,3119,TCGA-EM-A2OZ-01A,TCGA-EM-A2OZ-01A,1.0,0.0,0.0,0.0,0.0
1,122200926,-,1,122215856,+,THCA,3120,TCGA-EM-A2P0-01A,TCGA-EM-A2P0-01A,1.0,0.0,0.0,0.0,0.0
12,35010911,-,12,37060580,+,THCA,3121,TCGA-EM-A2P0-01A,TCGA-EM-A2P0-01A,1.0,0.0,0.0,0.0,0.0
14,102094597,-,15,77185768,+,THCA,3122,TCGA-EM-A2P0-01A,TCGA-EM-A2P0-01A,1.0,0.0,0.0,0.0,0.0
16,26017036,+,16,26017731,-,THCA,3123,TCGA-EM-A2P0-01A,TCGA-EM-A2P0-01A,1.0,0.0,0.0,0.0,0.0
16,30752147,+,23,36616888,+,THCA,3124,TCGA-EM-A2P0-01A,TCGA-EM-A2P0-01A,1.0,0.0,0.0,0.0,0.0
18,637296,+,18,637931,-,THCA,3125,TCGA-EM-A2P0-01A,TCGA-EM-A2P0-01A,1.0,0.0,0.0,0.0,0.0
18,15731832,+,18,15743531,-,THCA,3126,TCGA-EM-A2P0-01A,TCGA-EM-A2P0-01A,1.0,0.0,0.0,0.0,0.0
2,146865508,-,4,123764378,-,THCA,3127,TCGA-EM-A2P0-01A,TCGA-EM-A2P0-01A,1.0,0.0,0.0,0.0,0.0
2,225213129,+,12,43801853,-,THCA,3128,TCGA-EM-A2P0-01A,TCGA-EM-A2P0-01A,1.0,0.0,0.0,0.0,0.0
2,240686099,+,2,240686781,-,THCA,3129,TCGA-EM-A2P0-01A,TCGA-EM-A2P0-01A,1.0,0.0,0.0,0.0,0.0
20,29945292,+,20,30138344,-,THCA,3130,TCGA-EM-A2P0-01A,TCGA-EM-A2P0-01A,1.0,0.0,0.0,0.0,0.0
3,60955588,-,6,45288552,-,THCA,3131,TCGA-EM-A2P0-01A,TCGA-EM-A2P0-01A,1.0,0.0,0.0,0.0,0.0
4,92646212,-,4,92649011,+,THCA,3132,TCGA-EM-A2P0-01A,TCGA-EM-A2P0-01A,1.0,0.0,0.0,0.0,0.0
5,1157293,+,5,1157831,-,THCA,3133,TCGA-EM-A2P0-01A,TCGA-EM-A2P0-01A,1.0,0.0,0.0,0.0,0.0
5,49800542,+,5,49855420,-,THCA,3134,TCGA-EM-A2P0-01A,TCGA-EM-A2P0-01A,1.0,0.0,0.0,0.0,0.0
6,46816595,+,6,46817187,-,THCA,3135,TCGA-EM-A2P0-01A,TCGA-EM-A2P0-01A,1.0,0.0,0.0,0.0,0.0
7,65895454,-,7,146721890,-,THCA,3136,TCGA-EM-A2P0-01A,TCGA-EM-A2P0-01A,1.0,0.0,0.0,0.0,0.0
9,34589392,+,9,34589922,-,THCA,3137,TCGA-EM-A2P0-01A,TCGA-EM-A2P0-01A,1.0,0.0,0.0,0.0,0.0
1,168592571,+,17,50569015,+,THCA,3138,TCGA-EM-A2P1-01A,TCGA-EM-A2P1-01A,1.0,0.0,0.0,0.0,0.0
11,50742501,+,19,27363523,+,THCA,3139,TCGA-EM-A2P1-01A,TCGA-EM-A2P1-01A,1.0,0.0,0.0,0.0,0.0
11,113185080,+,15,87135677,+,THCA,3140,TCGA-EM-A2P1-01A,TCGA-EM-A2P1-01A,1.0,0.0,0.0,0.0,0.0
13,90497109,-,23,43589028,-,THCA,3141,TCGA-EM-A2P1-01A,TCGA-EM-A2P1-01A,1.0,0.0,0.0,0.0,0.0
3,59739916,-,8,89011868,+,THCA,3142,TCGA-EM-A2P1-01A,TCGA-EM-A2P1-01A,1.0,0.0,0.0,0.0,0.0
3,90597564,-,3,90599958,+,THCA,3143,TCGA-EM-A2P1-01A,TCGA-EM-A2P1-01A,1.0,0.0,0.0,0.0,0.0
3,91050078,+,3,91178239,-,THCA,3144,TCGA-EM-A2P1-01A,TCGA-EM-A2P1-01A,1.0,0.0,0.0,0.0,0.0
7,139878109,-,11,87868541,+,THCA,3145,TCGA-EM-A2P1-01A,TCGA-EM-A2P1-01A,1.0,0.0,0.0,0.0,0.0
1,39906500,+,1,39906959,-,THCA,3146,TCGA-EM-A2P2-01A,TCGA-EM-A2P2-01A,1.0,0.0,0.0,0.0,0.0
1,122055260,-,1,122168492,+,THCA,3147,TCGA-EM-A2P2-01A,TCGA-EM-A2P2-01A,1.0,0.0,0.0,0.0,0.0
1,190499221,+,5,64008795,+,THCA,3148,TCGA-EM-A2P2-01A,TCGA-EM-A2P2-01A,1.0,0.0,0.0,0.0,0.0
10,32115265,-,13,36408320,-,THCA,3149,TCGA-EM-A2P2-01A,TCGA-EM-A2P2-01A,1.0,0.0,0.0,0.0,0.0
10,121596884,+,10,121597406,-,THCA,3150,TCGA-EM-A2P2-01A,TCGA-EM-A2P2-01A,1.0,0.0,0.0,0.0,0.0
11,54367073,-,11,54369293,+,THCA,3151,TCGA-EM-A2P2-01A,TCGA-EM-A2P2-01A,1.0,0.0,0.0,0.0,0.0
12,36337263,-,12,36612806,+,THCA,3152,TCGA-EM-A2P2-01A,TCGA-EM-A2P2-01A,1.0,0.0,0.0,0.0,0.0
13,16497054,-,13,17412823,+,THCA,3153,TCGA-EM-A2P2-01A,TCGA-EM-A2P2-01A,1.0,0.0,0.0,0.0,0.0
13,18873465,+,18,14186572,+,THCA,3154,TCGA-EM-A2P2-01A,TCGA-EM-A2P2-01A,1.0,0.0,0.0,0.0,0.0
18,20766613,-,18,20809215,+,THCA,3155,TCGA-EM-A2P2-01A,TCGA-EM-A2P2-01A,1.0,0.0,0.0,0.0,0.0
19,42868710,-,19,43258807,+,THCA,3156,TCGA-EM-A2P2-01A,TCGA-EM-A2P2-01A,1.0,0.0,0.0,0.0,0.0
2,34142034,-,18,57643131,+,THCA,3157,TCGA-EM-A2P2-01A,TCGA-EM-A2P2-01A,1.0,0.0,0.0,0.0,0.0
2,83035916,-,16,13809107,+,THCA,3158,TCGA-EM-A2P2-01A,TCGA-EM-A2P2-01A,1.0,0.0,0.0,0.0,0.0
2,95424306,-,2,113294808,-,THCA,3159,TCGA-EM-A2P2-01A,TCGA-EM-A2P2-01A,1.0,0.0,0.0,0.0,0.0
2,141032790,-,3,43552479,-,THCA,3160,TCGA-EM-A2P2-01A,TCGA-EM-A2P2-01A,1.0,0.0,0.0,0.0,0.0
2,203705802,-,18,23681363,-,THCA,3161,TCGA-EM-A2P2-01A,TCGA-EM-A2P2-01A,1.0,0.0,0.0,0.0,0.0
5,49739140,+,5,49866691,-,THCA,3162,TCGA-EM-A2P2-01A,TCGA-EM-A2P2-01A,1.0,0.0,0.0,0.0,0.0
5,50645348,-,9,26333079,+,THCA,3163,TCGA-EM-A2P2-01A,TCGA-EM-A2P2-01A,1.0,0.0,0.0,0.0,0.0
6,130121938,+,12,116720648,+,THCA,3164,TCGA-EM-A2P2-01A,TCGA-EM-A2P2-01A,1.0,0.0,0.0,0.0,0.0
7,58205519,+,7,60494328,-,THCA,3165,TCGA-EM-A2P2-01A,TCGA-EM-A2P2-01A,1.0,0.0,0.0,0.0,0.0
8,52130173,+,9,6919222,+,THCA,3166,TCGA-EM-A2P2-01A,TCGA-EM-A2P2-01A,1.0,0.0,0.0,0.0,0.0
8,101146428,+,14,95530793,-,THCA,3167,TCGA-EM-A2P2-01A,TCGA-EM-A2P2-01A,1.0,0.0,0.0,0.0,0.0
9,847033,+,9,2391213,-,THCA,3168,TCGA-EM-A2P2-01A,TCGA-EM-A2P2-01A,1.0,0.0,0.0,0.0,0.0
9,2391020,+,9,5333011,+,THCA,3169,TCGA-EM-A2P2-01A,TCGA-EM-A2P2-01A,1.0,0.0,0.0,0.0,0.0
1,101496987,-,8,133313010,+,THCA,3170,TCGA-EM-A2P3-01A,TCGA-EM-A2P3-01A,1.0,0.0,0.0,0.0,0.0
1,122200910,-,1,122215838,+,THCA,3171,TCGA-EM-A2P3-01A,TCGA-EM-A2P3-01A,1.0,0.0,0.0,0.0,0.0
1,123544942,+,1,123649464,-,THCA,3172,TCGA-EM-A2P3-01A,TCGA-EM-A2P3-01A,1.0,0.0,0.0,0.0,0.0
1,156117050,+,1,156117641,-,THCA,3173,TCGA-EM-A2P3-01A,TCGA-EM-A2P3-01A,1.0,0.0,0.0,0.0,0.0
10,71356599,+,10,71357154,-,THCA,3174,TCGA-EM-A2P3-01A,TCGA-EM-A2P3-01A,1.0,0.0,0.0,0.0,0.0
11,54374369,+,11,54390464,-,THCA,3175,TCGA-EM-A2P3-01A,TCGA-EM-A2P3-01A,1.0,0.0,0.0,0.0,0.0
13,16603344,-,13,17147023,+,THCA,3176,TCGA-EM-A2P3-01A,TCGA-EM-A2P3-01A,1.0,0.0,0.0,0.0,0.0
13,90314284,-,15,26893410,-,THCA,3177,TCGA-EM-A2P3-01A,TCGA-EM-A2P3-01A,1.0,0.0,0.0,0.0,0.0
16,3898867,+,16,3899368,-,THCA,3178,TCGA-EM-A2P3-01A,TCGA-EM-A2P3-01A,1.0,0.0,0.0,0.0,0.0
17,19769148,+,17,19769656,-,THCA,3179,TCGA-EM-A2P3-01A,TCGA-EM-A2P3-01A,1.0,0.0,0.0,0.0,0.0
2,91889030,-,24,11346590,+,THCA,3180,TCGA-EM-A2P3-01A,TCGA-EM-A2P3-01A,1.0,0.0,0.0,0.0,0.0
3,106075849,+,5,79130744,+,THCA,3181,TCGA-EM-A2P3-01A,TCGA-EM-A2P3-01A,1.0,0.0,0.0,0.0,0.0
3,182048185,-,19,28733055,+,THCA,3182,TCGA-EM-A2P3-01A,TCGA-EM-A2P3-01A,1.0,0.0,0.0,0.0,0.0
5,47242745,+,5,47253303,-,THCA,3183,TCGA-EM-A2P3-01A,TCGA-EM-A2P3-01A,1.0,0.0,0.0,0.0,0.0
6,57406029,+,6,60307647,-,THCA,3184,TCGA-EM-A2P3-01A,TCGA-EM-A2P3-01A,1.0,0.0,0.0,0.0,0.0
7,92551980,-,16,64162536,+,THCA,3185,TCGA-EM-A2P3-01A,TCGA-EM-A2P3-01A,1.0,0.0,0.0,0.0,0.0
7,155158384,-,10,78311952,-,THCA,3186,TCGA-EM-A2P3-01A,TCGA-EM-A2P3-01A,1.0,0.0,0.0,0.0,0.0
8,133970028,-,8,133970153,+,THCA,3187,TCGA-EM-A2P3-01A,TCGA-EM-A2P3-01A,1.0,0.0,0.0,0.0,0.0
9,42953553,-,9,64468477,+,THCA,3188,TCGA-EM-A2P3-01A,TCGA-EM-A2P3-01A,1.0,0.0,0.0,0.0,0.0
1,124790312,-,1,124794932,+,THCA,3189,TCGA-EM-A3AI-01A,TCGA-EM-A3AI-01A,1.0,0.0,0.0,0.0,0.0
1,246933156,-,5,109422767,-,THCA,3190,TCGA-EM-A3AI-01A,TCGA-EM-A3AI-01A,1.0,0.0,0.0,0.0,0.0
12,127229746,-,13,92778988,-,THCA,3191,TCGA-EM-A3AI-01A,TCGA-EM-A3AI-01A,1.0,0.0,0.0,0.0,0.0
15,20182607,+,15,21189217,-,THCA,3192,TCGA-EM-A3AI-01A,TCGA-EM-A3AI-01A,1.0,0.0,0.0,0.0,0.0
16,2600133,+,16,2678386,-,THCA,3193,TCGA-EM-A3AI-01A,TCGA-EM-A3AI-01A,1.0,0.0,0.0,0.0,0.0
2,93594934,+,2,93647153,-,THCA,3194,TCGA-EM-A3AI-01A,TCGA-EM-A3AI-01A,1.0,0.0,0.0,0.0,0.0
3,11800,-,19,1010388,+,THCA,3195,TCGA-EM-A3AI-01A,TCGA-EM-A3AI-01A,1.0,0.0,0.0,0.0,0.0
3,790083,+,12,122509899,-,THCA,3196,TCGA-EM-A3AI-01A,TCGA-EM-A3AI-01A,1.0,0.0,0.0,0.0,0.0
3,90970390,-,3,91121009,+,THCA,3197,TCGA-EM-A3AI-01A,TCGA-EM-A3AI-01A,1.0,0.0,0.0,0.0,0.0
4,14389535,-,6,82934930,-,THCA,3198,TCGA-EM-A3AI-01A,TCGA-EM-A3AI-01A,1.0,0.0,0.0,0.0,0.0
4,104957160,-,4,135417119,+,THCA,3199,TCGA-EM-A3AI-01A,TCGA-EM-A3AI-01A,1.0,0.0,0.0,0.0,0.0
5,47130810,+,5,47134783,-,THCA,3200,TCGA-EM-A3AI-01A,TCGA-EM-A3AI-01A,1.0,0.0,0.0,0.0,0.0
7,60888181,+,7,62030326,+,THCA,3201,TCGA-EM-A3AI-01A,TCGA-EM-A3AI-01A,1.0,0.0,0.0,0.0,0.0
10,39574516,-,10,41282304,+,THCA,3202,TCGA-EM-A3AJ-01A,TCGA-EM-A3AJ-01A,1.0,0.0,0.0,0.0,0.0
11,53559047,-,11,53665781,+,THCA,3203,TCGA-EM-A3AJ-01A,TCGA-EM-A3AJ-01A,1.0,0.0,0.0,0.0,0.0
12,7059656,-,19,8202329,+,THCA,3204,TCGA-EM-A3AJ-01A,TCGA-EM-A3AJ-01A,1.0,0.0,0.0,0.0,0.0
12,7060734,+,19,9225585,-,THCA,3205,TCGA-EM-A3AJ-01A,TCGA-EM-A3AJ-01A,1.0,0.0,0.0,0.0,0.0
12,16351322,+,12,16946263,-,THCA,3206,TCGA-EM-A3AJ-01A,TCGA-EM-A3AJ-01A,1.0,0.0,0.0,0.0,0.0
13,16400717,+,13,17384176,-,THCA,3207,TCGA-EM-A3AJ-01A,TCGA-EM-A3AJ-01A,1.0,0.0,0.0,0.0,0.0
16,25909244,+,16,25909905,-,THCA,3208,TCGA-EM-A3AJ-01A,TCGA-EM-A3AJ-01A,1.0,0.0,0.0,0.0,0.0
19,8888991,-,19,20547827,+,THCA,3209,TCGA-EM-A3AJ-01A,TCGA-EM-A3AJ-01A,1.0,0.0,0.0,0.0,0.0
19,11819315,+,19,19213214,+,THCA,3210,TCGA-EM-A3AJ-01A,TCGA-EM-A3AJ-01A,1.0,0.0,0.0,0.0,0.0
19,13497653,-,19,19221208,+,THCA,3211,TCGA-EM-A3AJ-01A,TCGA-EM-A3AJ-01A,1.0,0.0,0.0,0.0,0.0
19,13499936,+,19,20541254,-,THCA,3212,TCGA-EM-A3AJ-01A,TCGA-EM-A3AJ-01A,1.0,0.0,0.0,0.0,0.0
19,14947622,-,19,24292793,+,THCA,3213,TCGA-EM-A3AJ-01A,TCGA-EM-A3AJ-01A,1.0,0.0,0.0,0.0,0.0
19,16332038,+,19,20539007,+,THCA,3214,TCGA-EM-A3AJ-01A,TCGA-EM-A3AJ-01A,1.0,0.0,0.0,0.0,0.0
19,17711738,-,19,19220926,-,THCA,3215,TCGA-EM-A3AJ-01A,TCGA-EM-A3AJ-01A,1.0,0.0,0.0,0.0,0.0
2,20954346,+,21,41672984,+,THCA,3216,TCGA-EM-A3AJ-01A,TCGA-EM-A3AJ-01A,1.0,0.0,0.0,0.0,0.0
2,113232436,+,3,12315826,+,THCA,3217,TCGA-EM-A3AJ-01A,TCGA-EM-A3AJ-01A,1.0,0.0,0.0,0.0,0.0
2,113232478,-,3,12365205,-,THCA,3218,TCGA-EM-A3AJ-01A,TCGA-EM-A3AJ-01A,1.0,0.0,0.0,0.0,0.0
4,51595234,+,4,51602107,-,THCA,3219,TCGA-EM-A3AJ-01A,TCGA-EM-A3AJ-01A,1.0,0.0,0.0,0.0,0.0
9,8929819,-,15,66420893,+,THCA,3220,TCGA-EM-A3AJ-01A,TCGA-EM-A3AJ-01A,1.0,0.0,0.0,0.0,0.0
1,85996493,-,17,82726040,+,THCA,3221,TCGA-EM-A3AK-01A,TCGA-EM-A3AK-01A,1.0,0.0,0.0,0.0,0.0
12,98564435,+,12,98564980,-,THCA,3222,TCGA-EM-A3AK-01A,TCGA-EM-A3AK-01A,1.0,0.0,0.0,0.0,0.0
13,16426133,+,13,16940770,-,THCA,3223,TCGA-EM-A3AK-01A,TCGA-EM-A3AK-01A,1.0,0.0,0.0,0.0,0.0
18,15470434,-,18,15686723,+,THCA,3224,TCGA-EM-A3AK-01A,TCGA-EM-A3AK-01A,1.0,0.0,0.0,0.0,0.0
18,15573672,-,18,15679451,+,THCA,3225,TCGA-EM-A3AK-01A,TCGA-EM-A3AK-01A,1.0,0.0,0.0,0.0,0.0
18,15692075,+,18,20640312,-,THCA,3226,TCGA-EM-A3AK-01A,TCGA-EM-A3AK-01A,1.0,0.0,0.0,0.0,0.0
19,58263214,+,19,58263836,-,THCA,3227,TCGA-EM-A3AK-01A,TCGA-EM-A3AK-01A,1.0,0.0,0.0,0.0,0.0
2,95971533,-,2,97133833,-,THCA,3228,TCGA-EM-A3AK-01A,TCGA-EM-A3AK-01A,1.0,0.0,0.0,0.0,0.0
5,46952606,-,5,47107338,+,THCA,3229,TCGA-EM-A3AK-01A,TCGA-EM-A3AK-01A,1.0,0.0,0.0,0.0,0.0
7,4497393,+,7,9621845,-,THCA,3230,TCGA-EM-A3AK-01A,TCGA-EM-A3AK-01A,1.0,0.0,0.0,0.0,0.0
7,4497447,-,7,9622008,+,THCA,3231,TCGA-EM-A3AK-01A,TCGA-EM-A3AK-01A,1.0,0.0,0.0,0.0,0.0
7,28110448,-,14,54915500,+,THCA,3232,TCGA-EM-A3AK-01A,TCGA-EM-A3AK-01A,1.0,0.0,0.0,0.0,0.0
1,10785136,-,16,33835225,+,THCA,3233,TCGA-EM-A3AN-01A,TCGA-EM-A3AN-01A,1.0,0.0,0.0,0.0,0.0
1,191731702,+,1,191732225,-,THCA,3234,TCGA-EM-A3AN-01A,TCGA-EM-A3AN-01A,1.0,0.0,0.0,0.0,0.0
10,42826438,+,10,43115700,+,THCA,3235,TCGA-EM-A3AN-01A,TCGA-EM-A3AN-01A,1.0,0.0,0.0,0.0,0.0
10,42828408,-,10,59859271,+,THCA,3236,TCGA-EM-A3AN-01A,TCGA-EM-A3AN-01A,1.0,0.0,0.0,0.0,0.0
10,43116103,-,10,59859130,-,THCA,3237,TCGA-EM-A3AN-01A,TCGA-EM-A3AN-01A,1.0,0.0,0.0,0.0,0.0
10,89555468,-,13,71779220,-,THCA,3238,TCGA-EM-A3AN-01A,TCGA-EM-A3AN-01A,1.0,0.0,0.0,0.0,0.0
11,47642109,-,14,68794690,-,THCA,3239,TCGA-EM-A3AN-01A,TCGA-EM-A3AN-01A,1.0,0.0,0.0,0.0,0.0
11,123318172,+,20,4118960,+,THCA,3240,TCGA-EM-A3AN-01A,TCGA-EM-A3AN-01A,1.0,0.0,0.0,0.0,0.0
12,36948558,+,12,37010820,-,THCA,3241,TCGA-EM-A3AN-01A,TCGA-EM-A3AN-01A,1.0,0.0,0.0,0.0,0.0
16,1227085,-,16,1243692,-,THCA,3242,TCGA-EM-A3AN-01A,TCGA-EM-A3AN-01A,1.0,0.0,0.0,0.0,0.0
16,2541876,-,16,2659551,-,THCA,3243,TCGA-EM-A3AN-01A,TCGA-EM-A3AN-01A,1.0,0.0,0.0,0.0,0.0
17,23051813,+,17,23122054,-,THCA,3244,TCGA-EM-A3AN-01A,TCGA-EM-A3AN-01A,1.0,0.0,0.0,0.0,0.0
17,31911014,+,17,31911560,-,THCA,3245,TCGA-EM-A3AN-01A,TCGA-EM-A3AN-01A,1.0,0.0,0.0,0.0,0.0
18,74616428,-,18,74616565,+,THCA,3246,TCGA-EM-A3AN-01A,TCGA-EM-A3AN-01A,1.0,0.0,0.0,0.0,0.0
19,8519036,+,19,8519601,-,THCA,3247,TCGA-EM-A3AN-01A,TCGA-EM-A3AN-01A,1.0,0.0,0.0,0.0,0.0
19,49040256,-,19,49053562,-,THCA,3248,TCGA-EM-A3AN-01A,TCGA-EM-A3AN-01A,1.0,0.0,0.0,0.0,0.0
2,95846909,+,2,113393683,+,THCA,3249,TCGA-EM-A3AN-01A,TCGA-EM-A3AN-01A,1.0,0.0,0.0,0.0,0.0
2,173698051,-,22,43475362,-,THCA,3250,TCGA-EM-A3AN-01A,TCGA-EM-A3AN-01A,1.0,0.0,0.0,0.0,0.0
2,202681803,+,14,23700311,+,THCA,3251,TCGA-EM-A3AN-01A,TCGA-EM-A3AN-01A,1.0,0.0,0.0,0.0,0.0
3,13707938,+,3,13708588,-,THCA,3252,TCGA-EM-A3AN-01A,TCGA-EM-A3AN-01A,1.0,0.0,0.0,0.0,0.0
3,184438828,-,9,110145054,+,THCA,3253,TCGA-EM-A3AN-01A,TCGA-EM-A3AN-01A,1.0,0.0,0.0,0.0,0.0
3,187726686,+,3,187727343,-,THCA,3254,TCGA-EM-A3AN-01A,TCGA-EM-A3AN-01A,1.0,0.0,0.0,0.0,0.0
5,174463979,-,5,174464064,+,THCA,3255,TCGA-EM-A3AN-01A,TCGA-EM-A3AN-01A,1.0,0.0,0.0,0.0,0.0
9,43194451,+,9,43195489,-,THCA,3256,TCGA-EM-A3AN-01A,TCGA-EM-A3AN-01A,1.0,0.0,0.0,0.0,0.0
23,97212015,+,23,101004476,-,THCA,3257,TCGA-EM-A3AN-01A,TCGA-EM-A3AN-01A,1.0,0.0,0.0,0.0,0.0
23,129989425,+,23,129990039,-,THCA,3258,TCGA-EM-A3AN-01A,TCGA-EM-A3AN-01A,1.0,0.0,0.0,0.0,0.0
1,45955359,+,3,176966104,+,THCA,3259,TCGA-EM-A3AO-01A,TCGA-EM-A3AO-01A,1.0,0.0,0.0,0.0,0.0
1,122200906,-,1,122215858,+,THCA,3260,TCGA-EM-A3AO-01A,TCGA-EM-A3AO-01A,1.0,0.0,0.0,0.0,0.0
1,122573628,-,1,123518508,+,THCA,3261,TCGA-EM-A3AO-01A,TCGA-EM-A3AO-01A,1.0,0.0,0.0,0.0,0.0
1,156839883,+,20,17152587,+,THCA,3262,TCGA-EM-A3AO-01A,TCGA-EM-A3AO-01A,1.0,0.0,0.0,0.0,0.0
1,156874173,-,3,100737342,+,THCA,3263,TCGA-EM-A3AO-01A,TCGA-EM-A3AO-01A,1.0,0.0,0.0,0.0,0.0
1,156934268,+,12,7144181,-,THCA,3264,TCGA-EM-A3AO-01A,TCGA-EM-A3AO-01A,1.0,0.0,0.0,0.0,0.0
1,156934599,-,1,158075524,-,THCA,3265,TCGA-EM-A3AO-01A,TCGA-EM-A3AO-01A,1.0,0.0,0.0,0.0,0.0
1,157991310,+,20,17152649,-,THCA,3266,TCGA-EM-A3AO-01A,TCGA-EM-A3AO-01A,1.0,0.0,0.0,0.0,0.0
1,157991366,-,5,134673863,-,THCA,3267,TCGA-EM-A3AO-01A,TCGA-EM-A3AO-01A,1.0,0.0,0.0,0.0,0.0
1,158075692,+,3,100644323,+,THCA,3268,TCGA-EM-A3AO-01A,TCGA-EM-A3AO-01A,1.0,0.0,0.0,0.0,0.0
10,32194445,-,19,10715108,+,THCA,3269,TCGA-EM-A3AO-01A,TCGA-EM-A3AO-01A,1.0,0.0,0.0,0.0,0.0
11,99587056,+,11,99587625,-,THCA,3270,TCGA-EM-A3AO-01A,TCGA-EM-A3AO-01A,1.0,0.0,0.0,0.0,0.0
12,7143989,+,12,7218322,-,THCA,3271,TCGA-EM-A3AO-01A,TCGA-EM-A3AO-01A,1.0,0.0,0.0,0.0,0.0
12,7218583,+,20,17158284,-,THCA,3272,TCGA-EM-A3AO-01A,TCGA-EM-A3AO-01A,1.0,0.0,0.0,0.0,0.0
13,75957941,-,13,78513068,-,THCA,3273,TCGA-EM-A3AO-01A,TCGA-EM-A3AO-01A,1.0,0.0,0.0,0.0,0.0
18,15472624,-,18,15564925,+,THCA,3274,TCGA-EM-A3AO-01A,TCGA-EM-A3AO-01A,1.0,0.0,0.0,0.0,0.0
18,15645885,-,18,15707148,+,THCA,3275,TCGA-EM-A3AO-01A,TCGA-EM-A3AO-01A,1.0,0.0,0.0,0.0,0.0
19,54224454,+,19,54244464,-,THCA,3276,TCGA-EM-A3AO-01A,TCGA-EM-A3AO-01A,1.0,0.0,0.0,0.0,0.0
20,17158210,+,20,17158656,+,THCA,3277,TCGA-EM-A3AO-01A,TCGA-EM-A3AO-01A,1.0,0.0,0.0,0.0,0.0
20,26259993,-,20,30185180,-,THCA,3278,TCGA-EM-A3AO-01A,TCGA-EM-A3AO-01A,1.0,0.0,0.0,0.0,0.0
20,26364240,+,20,26365879,-,THCA,3279,TCGA-EM-A3AO-01A,TCGA-EM-A3AO-01A,1.0,0.0,0.0,0.0,0.0
3,45687967,+,5,134673967,+,THCA,3280,TCGA-EM-A3AO-01A,TCGA-EM-A3AO-01A,1.0,0.0,0.0,0.0,0.0
3,45687982,-,3,170304746,+,THCA,3281,TCGA-EM-A3AO-01A,TCGA-EM-A3AO-01A,1.0,0.0,0.0,0.0,0.0
3,57892738,+,3,57893342,-,THCA,3282,TCGA-EM-A3AO-01A,TCGA-EM-A3AO-01A,1.0,0.0,0.0,0.0,0.0
3,71183263,+,3,71183893,-,THCA,3283,TCGA-EM-A3AO-01A,TCGA-EM-A3AO-01A,1.0,0.0,0.0,0.0,0.0
3,100644457,-,5,134679948,-,THCA,3284,TCGA-EM-A3AO-01A,TCGA-EM-A3AO-01A,1.0,0.0,0.0,0.0,0.0
3,100737240,-,5,136062217,-,THCA,3285,TCGA-EM-A3AO-01A,TCGA-EM-A3AO-01A,1.0,0.0,0.0,0.0,0.0
3,170304646,-,20,17158705,-,THCA,3286,TCGA-EM-A3AO-01A,TCGA-EM-A3AO-01A,1.0,0.0,0.0,0.0,0.0
5,46690201,+,12,37394874,-,THCA,3287,TCGA-EM-A3AO-01A,TCGA-EM-A3AO-01A,1.0,0.0,0.0,0.0,0.0
5,134679978,+,20,17161319,+,THCA,3288,TCGA-EM-A3AO-01A,TCGA-EM-A3AO-01A,1.0,0.0,0.0,0.0,0.0
11,54383805,-,11,54385658,+,THCA,3289,TCGA-EM-A3AP-01A,TCGA-EM-A3AP-01A,1.0,0.0,0.0,0.0,0.0
14,102094600,-,15,77185764,+,THCA,3290,TCGA-EM-A3AP-01A,TCGA-EM-A3AP-01A,1.0,0.0,0.0,0.0,0.0
19,54224586,+,19,54244475,-,THCA,3291,TCGA-EM-A3AP-01A,TCGA-EM-A3AP-01A,1.0,0.0,0.0,0.0,0.0
2,65176373,+,12,124428045,-,THCA,3292,TCGA-EM-A3AP-01A,TCGA-EM-A3AP-01A,1.0,0.0,0.0,0.0,0.0
3,52637864,-,12,105063910,-,THCA,3293,TCGA-EM-A3AP-01A,TCGA-EM-A3AP-01A,1.0,0.0,0.0,0.0,0.0
6,14003693,+,20,34811236,+,THCA,3294,TCGA-EM-A3AP-01A,TCGA-EM-A3AP-01A,1.0,0.0,0.0,0.0,0.0
6,58055886,-,6,60810261,+,THCA,3295,TCGA-EM-A3AP-01A,TCGA-EM-A3AP-01A,1.0,0.0,0.0,0.0,0.0
7,58180730,+,7,61968401,-,THCA,3296,TCGA-EM-A3AP-01A,TCGA-EM-A3AP-01A,1.0,0.0,0.0,0.0,0.0
23,142244774,+,23,142245357,-,THCA,3297,TCGA-EM-A3AP-01A,TCGA-EM-A3AP-01A,1.0,0.0,0.0,0.0,0.0
1,3264544,+,1,3265072,-,THCA,3298,TCGA-EM-A3AQ-01A,TCGA-EM-A3AQ-01A,1.0,0.0,0.0,0.0,0.0
1,7362375,+,1,7362943,-,THCA,3299,TCGA-EM-A3AQ-01A,TCGA-EM-A3AQ-01A,1.0,0.0,0.0,0.0,0.0
1,124795661,+,1,124803369,-,THCA,3300,TCGA-EM-A3AQ-01A,TCGA-EM-A3AQ-01A,1.0,0.0,0.0,0.0,0.0
1,183806752,+,1,183807340,-,THCA,3301,TCGA-EM-A3AQ-01A,TCGA-EM-A3AQ-01A,1.0,0.0,0.0,0.0,0.0
10,25605858,-,10,25605985,+,THCA,3302,TCGA-EM-A3AQ-01A,TCGA-EM-A3AQ-01A,1.0,0.0,0.0,0.0,0.0
10,35364707,-,14,100361653,-,THCA,3303,TCGA-EM-A3AQ-01A,TCGA-EM-A3AQ-01A,1.0,0.0,0.0,0.0,0.0
11,54346605,+,11,54421016,-,THCA,3304,TCGA-EM-A3AQ-01A,TCGA-EM-A3AQ-01A,1.0,0.0,0.0,0.0,0.0
11,54368944,-,11,54416012,+,THCA,3305,TCGA-EM-A3AQ-01A,TCGA-EM-A3AQ-01A,1.0,0.0,0.0,0.0,0.0
14,100360200,+,16,10900403,+,THCA,3306,TCGA-EM-A3AQ-01A,TCGA-EM-A3AQ-01A,1.0,0.0,0.0,0.0,0.0
14,102094584,-,15,77185781,+,THCA,3307,TCGA-EM-A3AQ-01A,TCGA-EM-A3AQ-01A,1.0,0.0,0.0,0.0,0.0
19,55334340,+,19,55334867,-,THCA,3308,TCGA-EM-A3AQ-01A,TCGA-EM-A3AQ-01A,1.0,0.0,0.0,0.0,0.0
2,87391900,-,2,90284093,+,THCA,3309,TCGA-EM-A3AQ-01A,TCGA-EM-A3AQ-01A,1.0,0.0,0.0,0.0,0.0
3,59077119,+,3,59077676,-,THCA,3310,TCGA-EM-A3AQ-01A,TCGA-EM-A3AQ-01A,1.0,0.0,0.0,0.0,0.0
4,76779325,+,4,76779919,-,THCA,3311,TCGA-EM-A3AQ-01A,TCGA-EM-A3AQ-01A,1.0,0.0,0.0,0.0,0.0
5,90847431,+,13,82258891,+,THCA,3312,TCGA-EM-A3AQ-01A,TCGA-EM-A3AQ-01A,1.0,0.0,0.0,0.0,0.0
6,27322295,+,6,27322828,-,THCA,3313,TCGA-EM-A3AQ-01A,TCGA-EM-A3AQ-01A,1.0,0.0,0.0,0.0,0.0
6,134642600,-,14,100361596,+,THCA,3314,TCGA-EM-A3AQ-01A,TCGA-EM-A3AQ-01A,1.0,0.0,0.0,0.0,0.0
6,134642603,+,14,100360206,-,THCA,3315,TCGA-EM-A3AQ-01A,TCGA-EM-A3AQ-01A,1.0,0.0,0.0,0.0,0.0
7,77598194,+,10,28619246,-,THCA,3316,TCGA-EM-A3AQ-01A,TCGA-EM-A3AQ-01A,1.0,0.0,0.0,0.0,0.0
7,140786002,+,10,35364668,+,THCA,3317,TCGA-EM-A3AQ-01A,TCGA-EM-A3AQ-01A,1.0,0.0,0.0,0.0,0.0
7,140786040,-,16,10900443,-,THCA,3318,TCGA-EM-A3AQ-01A,TCGA-EM-A3AQ-01A,1.0,0.0,0.0,0.0,0.0
11,47619130,+,14,68795276,+,THCA,3319,TCGA-EM-A3AR-01A,TCGA-EM-A3AR-01A,1.0,0.0,0.0,0.0,0.0
13,109783172,+,13,109783682,-,THCA,3320,TCGA-EM-A3AR-01A,TCGA-EM-A3AR-01A,1.0,0.0,0.0,0.0,0.0
15,88255297,+,15,88255848,-,THCA,3321,TCGA-EM-A3AR-01A,TCGA-EM-A3AR-01A,1.0,0.0,0.0,0.0,0.0
16,14429773,+,16,14430275,-,THCA,3322,TCGA-EM-A3AR-01A,TCGA-EM-A3AR-01A,1.0,0.0,0.0,0.0,0.0
16,34256482,+,16,36325768,-,THCA,3323,TCGA-EM-A3AR-01A,TCGA-EM-A3AR-01A,1.0,0.0,0.0,0.0,0.0
19,10628466,+,19,10628981,-,THCA,3324,TCGA-EM-A3AR-01A,TCGA-EM-A3AR-01A,1.0,0.0,0.0,0.0,0.0
4,49221076,-,20,30638689,+,THCA,3325,TCGA-EM-A3AR-01A,TCGA-EM-A3AR-01A,1.0,0.0,0.0,0.0,0.0
4,50234754,+,4,51210311,-,THCA,3326,TCGA-EM-A3AR-01A,TCGA-EM-A3AR-01A,1.0,0.0,0.0,0.0,0.0
5,46927484,+,5,47069097,+,THCA,3327,TCGA-EM-A3AR-01A,TCGA-EM-A3AR-01A,1.0,0.0,0.0,0.0,0.0
6,123075031,+,6,123075623,-,THCA,3328,TCGA-EM-A3AR-01A,TCGA-EM-A3AR-01A,1.0,0.0,0.0,0.0,0.0
9,130807669,-,17,51053856,-,THCA,3329,TCGA-EM-A3AR-01A,TCGA-EM-A3AR-01A,1.0,0.0,0.0,0.0,0.0
1,3092351,+,1,3092851,-,THCA,3330,TCGA-EM-A3FJ-01A,TCGA-EM-A3FJ-01A,1.0,0.0,0.0,0.0,0.0
10,39556554,+,12,37263092,+,THCA,3331,TCGA-EM-A3FJ-01A,TCGA-EM-A3FJ-01A,1.0,0.0,0.0,0.0,0.0
12,21932923,-,23,34516029,+,THCA,3332,TCGA-EM-A3FJ-01A,TCGA-EM-A3FJ-01A,1.0,0.0,0.0,0.0,0.0
12,50816310,+,12,50816824,-,THCA,3333,TCGA-EM-A3FJ-01A,TCGA-EM-A3FJ-01A,1.0,0.0,0.0,0.0,0.0
19,8860000,+,19,8860538,-,THCA,3334,TCGA-EM-A3FJ-01A,TCGA-EM-A3FJ-01A,1.0,0.0,0.0,0.0,0.0
2,20954370,+,21,41673018,+,THCA,3335,TCGA-EM-A3FJ-01A,TCGA-EM-A3FJ-01A,1.0,0.0,0.0,0.0,0.0
2,233394870,+,2,233395456,-,THCA,3336,TCGA-EM-A3FJ-01A,TCGA-EM-A3FJ-01A,1.0,0.0,0.0,0.0,0.0
3,90996361,+,3,91192477,-,THCA,3337,TCGA-EM-A3FJ-01A,TCGA-EM-A3FJ-01A,1.0,0.0,0.0,0.0,0.0
11,54353735,-,11,54420159,+,THCA,3338,TCGA-EM-A3FK-01A,TCGA-EM-A3FK-01A,1.0,0.0,0.0,0.0,0.0
15,75689383,-,15,77897535,-,THCA,3339,TCGA-EM-A3FK-01A,TCGA-EM-A3FK-01A,1.0,0.0,0.0,0.0,0.0
18,15473179,+,18,15699423,-,THCA,3340,TCGA-EM-A3FK-01A,TCGA-EM-A3FK-01A,1.0,0.0,0.0,0.0,0.0
18,15481543,-,18,15536215,+,THCA,3341,TCGA-EM-A3FK-01A,TCGA-EM-A3FK-01A,1.0,0.0,0.0,0.0,0.0
2,9998468,+,4,89639848,-,THCA,3342,TCGA-EM-A3FK-01A,TCGA-EM-A3FK-01A,1.0,0.0,0.0,0.0,0.0
2,218557623,-,22,35008023,+,THCA,3343,TCGA-EM-A3FK-01A,TCGA-EM-A3FK-01A,1.0,0.0,0.0,0.0,0.0
20,29412507,+,20,29413578,-,THCA,3344,TCGA-EM-A3FK-01A,TCGA-EM-A3FK-01A,1.0,0.0,0.0,0.0,0.0
5,49671630,+,5,49694622,-,THCA,3345,TCGA-EM-A3FK-01A,TCGA-EM-A3FK-01A,1.0,0.0,0.0,0.0,0.0
9,65438217,+,9,134285776,+,THCA,3346,TCGA-EM-A3FK-01A,TCGA-EM-A3FK-01A,1.0,0.0,0.0,0.0,0.0
1,3291540,+,1,3292095,-,THCA,3347,TCGA-EM-A3FM-01A,TCGA-EM-A3FM-01A,1.0,0.0,0.0,0.0,0.0
1,236240004,-,15,50393866,+,THCA,3348,TCGA-EM-A3FM-01A,TCGA-EM-A3FM-01A,1.0,0.0,0.0,0.0,0.0
12,111796225,+,12,111796788,-,THCA,3349,TCGA-EM-A3FM-01A,TCGA-EM-A3FM-01A,1.0,0.0,0.0,0.0,0.0
13,16427343,+,13,16824780,-,THCA,3350,TCGA-EM-A3FM-01A,TCGA-EM-A3FM-01A,1.0,0.0,0.0,0.0,0.0
14,49813053,+,14,49813854,-,THCA,3351,TCGA-EM-A3FM-01A,TCGA-EM-A3FM-01A,1.0,0.0,0.0,0.0,0.0
15,17506954,+,15,18047107,-,THCA,3352,TCGA-EM-A3FM-01A,TCGA-EM-A3FM-01A,1.0,0.0,0.0,0.0,0.0
15,19387399,-,15,19655047,+,THCA,3353,TCGA-EM-A3FM-01A,TCGA-EM-A3FM-01A,1.0,0.0,0.0,0.0,0.0
16,2599473,-,16,2677928,+,THCA,3354,TCGA-EM-A3FM-01A,TCGA-EM-A3FM-01A,1.0,0.0,0.0,0.0,0.0
19,34288901,+,19,34289457,-,THCA,3355,TCGA-EM-A3FM-01A,TCGA-EM-A3FM-01A,1.0,0.0,0.0,0.0,0.0
20,26494836,-,20,26577449,+,THCA,3356,TCGA-EM-A3FM-01A,TCGA-EM-A3FM-01A,1.0,0.0,0.0,0.0,0.0
5,88684646,+,5,88685175,-,THCA,3357,TCGA-EM-A3FM-01A,TCGA-EM-A3FM-01A,1.0,0.0,0.0,0.0,0.0
6,32538408,+,23,26503903,-,THCA,3358,TCGA-EM-A3FM-01A,TCGA-EM-A3FM-01A,1.0,0.0,0.0,0.0,0.0
7,74041692,+,7,74042387,-,THCA,3359,TCGA-EM-A3FM-01A,TCGA-EM-A3FM-01A,1.0,0.0,0.0,0.0,0.0
8,33459626,+,8,33460312,-,THCA,3360,TCGA-EM-A3FM-01A,TCGA-EM-A3FM-01A,1.0,0.0,0.0,0.0,0.0
16,11272506,+,16,11272596,+,THCA,3361,TCGA-EM-A3FN-01A,TCGA-EM-A3FN-01A,1.0,0.0,0.0,0.0,0.0
16,11272519,-,16,11272591,-,THCA,3362,TCGA-EM-A3FN-01A,TCGA-EM-A3FN-01A,1.0,0.0,0.0,0.0,0.0
20,26545347,+,20,26597888,-,THCA,3363,TCGA-EM-A3FN-01A,TCGA-EM-A3FN-01A,1.0,0.0,0.0,0.0,0.0
4,161876953,+,4,161877566,-,THCA,3364,TCGA-EM-A3FN-01A,TCGA-EM-A3FN-01A,1.0,0.0,0.0,0.0,0.0
5,49811945,-,5,49825349,+,THCA,3365,TCGA-EM-A3FN-01A,TCGA-EM-A3FN-01A,1.0,0.0,0.0,0.0,0.0
6,58292143,-,6,61158452,-,THCA,3366,TCGA-EM-A3FN-01A,TCGA-EM-A3FN-01A,1.0,0.0,0.0,0.0,0.0
8,107409995,+,11,116454717,+,THCA,3367,TCGA-EM-A3FN-01A,TCGA-EM-A3FN-01A,1.0,0.0,0.0,0.0,0.0
9,6261742,+,9,6297947,+,THCA,3368,TCGA-EM-A3FN-01A,TCGA-EM-A3FN-01A,1.0,0.0,0.0,0.0,0.0
9,43387591,-,9,44580682,+,THCA,3369,TCGA-EM-A3FN-01A,TCGA-EM-A3FN-01A,1.0,0.0,0.0,0.0,0.0
1,26336067,+,1,26336643,-,THCA,3370,TCGA-EM-A3FO-01A,TCGA-EM-A3FO-01A,1.0,0.0,0.0,0.0,0.0
1,125097986,-,1,143280695,+,THCA,3371,TCGA-EM-A3FO-01A,TCGA-EM-A3FO-01A,1.0,0.0,0.0,0.0,0.0
13,90497143,-,23,43588993,-,THCA,3372,TCGA-EM-A3FO-01A,TCGA-EM-A3FO-01A,1.0,0.0,0.0,0.0,0.0
16,11193367,+,16,11193903,-,THCA,3373,TCGA-EM-A3FO-01A,TCGA-EM-A3FO-01A,1.0,0.0,0.0,0.0,0.0
16,71529913,+,16,71530500,-,THCA,3374,TCGA-EM-A3FO-01A,TCGA-EM-A3FO-01A,1.0,0.0,0.0,0.0,0.0
3,112342087,-,10,3930299,+,THCA,3375,TCGA-EM-A3FO-01A,TCGA-EM-A3FO-01A,1.0,0.0,0.0,0.0,0.0
5,47027104,-,5,47048758,+,THCA,3376,TCGA-EM-A3FO-01A,TCGA-EM-A3FO-01A,1.0,0.0,0.0,0.0,0.0
7,140730428,+,7,140731057,-,THCA,3377,TCGA-EM-A3FO-01A,TCGA-EM-A3FO-01A,1.0,0.0,0.0,0.0,0.0
10,74010338,+,10,121480645,+,THCA,3378,TCGA-EM-A3FP-01A,TCGA-EM-A3FP-01A,1.0,0.0,0.0,0.0,0.0
10,74010454,-,10,121480734,-,THCA,3379,TCGA-EM-A3FP-01A,TCGA-EM-A3FP-01A,1.0,0.0,0.0,0.0,0.0
11,2057416,-,14,36157496,-,THCA,3380,TCGA-EM-A3FP-01A,TCGA-EM-A3FP-01A,1.0,0.0,0.0,0.0,0.0
11,54359724,-,11,54384660,+,THCA,3381,TCGA-EM-A3FP-01A,TCGA-EM-A3FP-01A,1.0,0.0,0.0,0.0,0.0
14,102094612,-,15,77185753,+,THCA,3382,TCGA-EM-A3FP-01A,TCGA-EM-A3FP-01A,1.0,0.0,0.0,0.0,0.0
16,20927050,-,17,75162324,+,THCA,3383,TCGA-EM-A3FP-01A,TCGA-EM-A3FP-01A,1.0,0.0,0.0,0.0,0.0
20,24071497,-,20,24071650,+,THCA,3384,TCGA-EM-A3FP-01A,TCGA-EM-A3FP-01A,1.0,0.0,0.0,0.0,0.0
5,49878400,+,5,49992856,-,THCA,3385,TCGA-EM-A3FP-01A,TCGA-EM-A3FP-01A,1.0,0.0,0.0,0.0,0.0
8,9835611,+,8,9836197,-,THCA,3386,TCGA-EM-A3FP-01A,TCGA-EM-A3FP-01A,1.0,0.0,0.0,0.0,0.0
1,1432850,+,1,1433417,-,THCA,3387,TCGA-EM-A3FQ-01A,TCGA-EM-A3FQ-01A,1.0,0.0,0.0,0.0,0.0
10,43114748,+,10,127827625,-,THCA,3388,TCGA-EM-A3FQ-01A,TCGA-EM-A3FQ-01A,1.0,0.0,0.0,0.0,0.0
10,43114748,+,10,127828812,-,THCA,3389,TCGA-EM-A3FQ-01A,TCGA-EM-A3FQ-01A,1.0,0.0,0.0,0.0,0.0
10,43114749,-,12,1453678,+,THCA,3390,TCGA-EM-A3FQ-01A,TCGA-EM-A3FQ-01A,1.0,0.0,0.0,0.0,0.0
10,100810121,+,12,2303045,+,THCA,3391,TCGA-EM-A3FQ-01A,TCGA-EM-A3FQ-01A,1.0,0.0,0.0,0.0,0.0
10,100810132,-,10,127829113,-,THCA,3392,TCGA-EM-A3FQ-01A,TCGA-EM-A3FQ-01A,1.0,0.0,0.0,0.0,0.0
10,127827616,+,12,2303859,-,THCA,3393,TCGA-EM-A3FQ-01A,TCGA-EM-A3FQ-01A,1.0,0.0,0.0,0.0,0.0
10,127827625,-,10,127829026,+,THCA,3394,TCGA-EM-A3FQ-01A,TCGA-EM-A3FQ-01A,1.0,0.0,0.0,0.0,0.0
10,127828804,+,12,1453684,-,THCA,3395,TCGA-EM-A3FQ-01A,TCGA-EM-A3FQ-01A,1.0,0.0,0.0,0.0,0.0
11,109502238,-,23,117424263,-,THCA,3396,TCGA-EM-A3FQ-01A,TCGA-EM-A3FQ-01A,1.0,0.0,0.0,0.0,0.0
12,2303244,+,12,2303855,+,THCA,3397,TCGA-EM-A3FQ-01A,TCGA-EM-A3FQ-01A,1.0,0.0,0.0,0.0,0.0
22,23181258,+,22,23181852,-,THCA,3398,TCGA-EM-A3FQ-01A,TCGA-EM-A3FQ-01A,1.0,0.0,0.0,0.0,0.0
4,161052314,-,10,22664191,+,THCA,3399,TCGA-EM-A3FQ-01A,TCGA-EM-A3FQ-01A,1.0,0.0,0.0,0.0,0.0
5,88869317,+,10,106237459,-,THCA,3400,TCGA-EM-A3FQ-01A,TCGA-EM-A3FQ-01A,1.0,0.0,0.0,0.0,0.0
6,58292155,-,6,61158449,-,THCA,3401,TCGA-EM-A3FQ-01A,TCGA-EM-A3FQ-01A,1.0,0.0,0.0,0.0,0.0
6,106720842,+,6,106723489,+,THCA,3402,TCGA-EM-A3FQ-01A,TCGA-EM-A3FQ-01A,1.0,0.0,0.0,0.0,0.0
7,149124319,+,7,149124825,-,THCA,3403,TCGA-EM-A3FQ-01A,TCGA-EM-A3FQ-01A,1.0,0.0,0.0,0.0,0.0
9,93808391,+,12,2303244,-,THCA,3404,TCGA-EM-A3FQ-01A,TCGA-EM-A3FQ-01A,1.0,0.0,0.0,0.0,0.0
9,93808396,-,12,2303045,-,THCA,3405,TCGA-EM-A3FQ-01A,TCGA-EM-A3FQ-01A,1.0,0.0,0.0,0.0,0.0
9,93808397,-,12,2303855,+,THCA,3406,TCGA-EM-A3FQ-01A,TCGA-EM-A3FQ-01A,1.0,0.0,0.0,0.0,0.0
1,36793941,-,3,184674742,+,THCA,3407,TCGA-EM-A3FR-01A,TCGA-EM-A3FR-01A,1.0,0.0,0.0,0.0,0.0
1,161216449,+,3,88450122,-,THCA,3408,TCGA-EM-A3FR-01A,TCGA-EM-A3FR-01A,1.0,0.0,0.0,0.0,0.0
1,203624531,+,2,43195624,+,THCA,3409,TCGA-EM-A3FR-01A,TCGA-EM-A3FR-01A,1.0,0.0,0.0,0.0,0.0
10,43524213,+,10,43524856,-,THCA,3410,TCGA-EM-A3FR-01A,TCGA-EM-A3FR-01A,1.0,0.0,0.0,0.0,0.0
12,64079663,+,12,64080203,-,THCA,3411,TCGA-EM-A3FR-01A,TCGA-EM-A3FR-01A,1.0,0.0,0.0,0.0,0.0
13,16527125,+,13,16603265,-,THCA,3412,TCGA-EM-A3FR-01A,TCGA-EM-A3FR-01A,1.0,0.0,0.0,0.0,0.0
2,46273967,+,2,46274529,-,THCA,3413,TCGA-EM-A3FR-01A,TCGA-EM-A3FR-01A,1.0,0.0,0.0,0.0,0.0
20,29952310,+,20,29986936,-,THCA,3414,TCGA-EM-A3FR-01A,TCGA-EM-A3FR-01A,1.0,0.0,0.0,0.0,0.0
22,41111099,+,22,41111640,-,THCA,3415,TCGA-EM-A3FR-01A,TCGA-EM-A3FR-01A,1.0,0.0,0.0,0.0,0.0
5,177260567,+,5,177261270,-,THCA,3416,TCGA-EM-A3FR-01A,TCGA-EM-A3FR-01A,1.0,0.0,0.0,0.0,0.0
6,36374680,+,6,36375365,-,THCA,3417,TCGA-EM-A3FR-01A,TCGA-EM-A3FR-01A,1.0,0.0,0.0,0.0,0.0
1,90026219,+,1,201972939,+,THCA,3418,TCGA-EM-A3O3-01A,TCGA-EM-A3O3-01A,1.0,0.0,0.0,0.0,0.0
1,103619560,+,1,103713969,-,THCA,3419,TCGA-EM-A3O3-01A,TCGA-EM-A3O3-01A,1.0,0.0,0.0,0.0,0.0
1,156707490,+,1,156708009,-,THCA,3420,TCGA-EM-A3O3-01A,TCGA-EM-A3O3-01A,1.0,0.0,0.0,0.0,0.0
10,789196,+,10,789847,-,THCA,3421,TCGA-EM-A3O3-01A,TCGA-EM-A3O3-01A,1.0,0.0,0.0,0.0,0.0
13,23092425,+,13,69015508,+,THCA,3422,TCGA-EM-A3O3-01A,TCGA-EM-A3O3-01A,1.0,0.0,0.0,0.0,0.0
13,61968092,-,13,69139826,-,THCA,3423,TCGA-EM-A3O3-01A,TCGA-EM-A3O3-01A,1.0,0.0,0.0,0.0,0.0
13,61984552,-,13,77000427,+,THCA,3424,TCGA-EM-A3O3-01A,TCGA-EM-A3O3-01A,1.0,0.0,0.0,0.0,0.0
13,65577467,+,13,65582668,-,THCA,3425,TCGA-EM-A3O3-01A,TCGA-EM-A3O3-01A,1.0,0.0,0.0,0.0,0.0
13,77086971,-,15,50739707,+,THCA,3426,TCGA-EM-A3O3-01A,TCGA-EM-A3O3-01A,1.0,0.0,0.0,0.0,0.0
14,19713509,+,14,20027890,-,THCA,3427,TCGA-EM-A3O3-01A,TCGA-EM-A3O3-01A,1.0,0.0,0.0,0.0,0.0
14,20027889,-,22,15528288,-,THCA,3428,TCGA-EM-A3O3-01A,TCGA-EM-A3O3-01A,1.0,0.0,0.0,0.0,0.0
16,62206830,+,16,62221143,-,THCA,3429,TCGA-EM-A3O3-01A,TCGA-EM-A3O3-01A,1.0,0.0,0.0,0.0,0.0
18,15624699,+,18,15679135,-,THCA,3430,TCGA-EM-A3O3-01A,TCGA-EM-A3O3-01A,1.0,0.0,0.0,0.0,0.0
18,20578774,+,18,20631534,+,THCA,3431,TCGA-EM-A3O3-01A,TCGA-EM-A3O3-01A,1.0,0.0,0.0,0.0,0.0
18,20805269,-,18,20832732,-,THCA,3432,TCGA-EM-A3O3-01A,TCGA-EM-A3O3-01A,1.0,0.0,0.0,0.0,0.0
19,37927692,+,19,50273602,-,THCA,3433,TCGA-EM-A3O3-01A,TCGA-EM-A3O3-01A,1.0,0.0,0.0,0.0,0.0
2,186012279,+,2,186255290,-,THCA,3434,TCGA-EM-A3O3-01A,TCGA-EM-A3O3-01A,1.0,0.0,0.0,0.0,0.0
20,30929796,-,22,11287218,-,THCA,3435,TCGA-EM-A3O3-01A,TCGA-EM-A3O3-01A,1.0,0.0,0.0,0.0,0.0
3,82025619,+,6,23695396,-,THCA,3436,TCGA-EM-A3O3-01A,TCGA-EM-A3O3-01A,1.0,0.0,0.0,0.0,0.0
3,82026232,-,13,61984470,+,THCA,3437,TCGA-EM-A3O3-01A,TCGA-EM-A3O3-01A,1.0,0.0,0.0,0.0,0.0
3,82052021,+,6,22521966,+,THCA,3438,TCGA-EM-A3O3-01A,TCGA-EM-A3O3-01A,1.0,0.0,0.0,0.0,0.0
3,82052079,-,6,67855800,-,THCA,3439,TCGA-EM-A3O3-01A,TCGA-EM-A3O3-01A,1.0,0.0,0.0,0.0,0.0
4,15220750,+,4,15421262,-,THCA,3440,TCGA-EM-A3O3-01A,TCGA-EM-A3O3-01A,1.0,0.0,0.0,0.0,0.0
4,15256901,-,6,70242586,-,THCA,3441,TCGA-EM-A3O3-01A,TCGA-EM-A3O3-01A,1.0,0.0,0.0,0.0,0.0
4,15362310,+,13,23072637,-,THCA,3442,TCGA-EM-A3O3-01A,TCGA-EM-A3O3-01A,1.0,0.0,0.0,0.0,0.0
4,15362310,+,13,23072641,+,THCA,3443,TCGA-EM-A3O3-01A,TCGA-EM-A3O3-01A,1.0,0.0,0.0,0.0,0.0
4,43236594,+,4,43244381,-,THCA,3444,TCGA-EM-A3O3-01A,TCGA-EM-A3O3-01A,1.0,0.0,0.0,0.0,0.0
4,50521747,+,4,51601981,-,THCA,3445,TCGA-EM-A3O3-01A,TCGA-EM-A3O3-01A,1.0,0.0,0.0,0.0,0.0
6,20030852,+,13,23072375,+,THCA,3446,TCGA-EM-A3O3-01A,TCGA-EM-A3O3-01A,1.0,0.0,0.0,0.0,0.0
6,20031152,-,6,48713139,+,THCA,3447,TCGA-EM-A3O3-01A,TCGA-EM-A3O3-01A,1.0,0.0,0.0,0.0,0.0
6,22522431,-,13,50057531,+,THCA,3448,TCGA-EM-A3O3-01A,TCGA-EM-A3O3-01A,1.0,0.0,0.0,0.0,0.0
6,23695225,+,13,50057537,-,THCA,3449,TCGA-EM-A3O3-01A,TCGA-EM-A3O3-01A,1.0,0.0,0.0,0.0,0.0
6,48713241,-,13,69170560,-,THCA,3450,TCGA-EM-A3O3-01A,TCGA-EM-A3O3-01A,1.0,0.0,0.0,0.0,0.0
6,48731157,+,13,69139759,+,THCA,3451,TCGA-EM-A3O3-01A,TCGA-EM-A3O3-01A,1.0,0.0,0.0,0.0,0.0
6,48731532,-,13,69015692,-,THCA,3452,TCGA-EM-A3O3-01A,TCGA-EM-A3O3-01A,1.0,0.0,0.0,0.0,0.0
6,67855546,+,15,50741550,-,THCA,3453,TCGA-EM-A3O3-01A,TCGA-EM-A3O3-01A,1.0,0.0,0.0,0.0,0.0
6,70242451,+,13,69170393,+,THCA,3454,TCGA-EM-A3O3-01A,TCGA-EM-A3O3-01A,1.0,0.0,0.0,0.0,0.0
6,168421749,+,6,168422043,+,THCA,3455,TCGA-EM-A3O3-01A,TCGA-EM-A3O3-01A,1.0,0.0,0.0,0.0,0.0
6,168421755,-,6,168422025,-,THCA,3456,TCGA-EM-A3O3-01A,TCGA-EM-A3O3-01A,1.0,0.0,0.0,0.0,0.0
7,127911455,+,7,127912035,-,THCA,3457,TCGA-EM-A3O3-01A,TCGA-EM-A3O3-01A,1.0,0.0,0.0,0.0,0.0
7,157864616,+,7,157865130,-,THCA,3458,TCGA-EM-A3O3-01A,TCGA-EM-A3O3-01A,1.0,0.0,0.0,0.0,0.0
8,24728435,+,8,24746410,-,THCA,3459,TCGA-EM-A3O3-01A,TCGA-EM-A3O3-01A,1.0,0.0,0.0,0.0,0.0
8,28948765,+,8,29025862,-,THCA,3460,TCGA-EM-A3O3-01A,TCGA-EM-A3O3-01A,1.0,0.0,0.0,0.0,0.0
23,87289609,+,23,87293348,-,THCA,3461,TCGA-EM-A3O3-01A,TCGA-EM-A3O3-01A,1.0,0.0,0.0,0.0,0.0
23,87297283,+,23,87310066,-,THCA,3462,TCGA-EM-A3O3-01A,TCGA-EM-A3O3-01A,1.0,0.0,0.0,0.0,0.0
1,122172995,-,1,122191510,+,THCA,3463,TCGA-EM-A3O6-01A,TCGA-EM-A3O6-01A,1.0,0.0,0.0,0.0,0.0
10,62458081,+,10,88674320,-,THCA,3464,TCGA-EM-A3O6-01A,TCGA-EM-A3O6-01A,1.0,0.0,0.0,0.0,0.0
13,86497885,-,13,86498644,-,THCA,3465,TCGA-EM-A3O6-01A,TCGA-EM-A3O6-01A,1.0,0.0,0.0,0.0,0.0
3,140983562,+,7,96113235,+,THCA,3466,TCGA-EM-A3O6-01A,TCGA-EM-A3O6-01A,1.0,0.0,0.0,0.0,0.0
4,49836079,+,4,51623565,-,THCA,3467,TCGA-EM-A3O6-01A,TCGA-EM-A3O6-01A,1.0,0.0,0.0,0.0,0.0
6,22193267,+,18,53354102,+,THCA,3468,TCGA-EM-A3O6-01A,TCGA-EM-A3O6-01A,1.0,0.0,0.0,0.0,0.0
6,57623835,-,6,60522894,+,THCA,3469,TCGA-EM-A3O6-01A,TCGA-EM-A3O6-01A,1.0,0.0,0.0,0.0,0.0
8,57275054,+,8,57275814,-,THCA,3470,TCGA-EM-A3O6-01A,TCGA-EM-A3O6-01A,1.0,0.0,0.0,0.0,0.0
23,447206,+,23,447714,-,THCA,3471,TCGA-EM-A3O6-01A,TCGA-EM-A3O6-01A,1.0,0.0,0.0,0.0,0.0
1,15502916,-,7,148936176,+,THCA,3472,TCGA-EM-A3O7-01A,TCGA-EM-A3O7-01A,1.0,0.0,0.0,0.0,0.0
10,32194457,-,19,10715127,+,THCA,3473,TCGA-EM-A3O7-01A,TCGA-EM-A3O7-01A,1.0,0.0,0.0,0.0,0.0
11,116838102,+,11,116838720,-,THCA,3474,TCGA-EM-A3O7-01A,TCGA-EM-A3O7-01A,1.0,0.0,0.0,0.0,0.0
12,7073563,+,23,57334269,-,THCA,3475,TCGA-EM-A3O7-01A,TCGA-EM-A3O7-01A,1.0,0.0,0.0,0.0,0.0
12,34834199,+,12,37257055,-,THCA,3476,TCGA-EM-A3O7-01A,TCGA-EM-A3O7-01A,1.0,0.0,0.0,0.0,0.0
13,18511409,-,21,13139745,+,THCA,3477,TCGA-EM-A3O7-01A,TCGA-EM-A3O7-01A,1.0,0.0,0.0,0.0,0.0
15,25223424,+,15,25224103,-,THCA,3478,TCGA-EM-A3O7-01A,TCGA-EM-A3O7-01A,1.0,0.0,0.0,0.0,0.0
16,75175935,+,16,75176500,-,THCA,3479,TCGA-EM-A3O7-01A,TCGA-EM-A3O7-01A,1.0,0.0,0.0,0.0,0.0
2,136027186,-,12,114002894,-,THCA,3480,TCGA-EM-A3O7-01A,TCGA-EM-A3O7-01A,1.0,0.0,0.0,0.0,0.0
7,61381052,+,7,61454742,-,THCA,3481,TCGA-EM-A3O7-01A,TCGA-EM-A3O7-01A,1.0,0.0,0.0,0.0,0.0
7,61472708,+,7,61502565,-,THCA,3482,TCGA-EM-A3O7-01A,TCGA-EM-A3O7-01A,1.0,0.0,0.0,0.0,0.0
8,11170132,+,8,11170731,-,THCA,3483,TCGA-EM-A3O7-01A,TCGA-EM-A3O7-01A,1.0,0.0,0.0,0.0,0.0
1,160448337,+,4,123095043,+,THCA,3484,TCGA-EM-A3O8-01A,TCGA-EM-A3O8-01A,1.0,0.0,0.0,0.0,0.0
15,65422520,-,17,39695758,+,THCA,3485,TCGA-EM-A3O8-01A,TCGA-EM-A3O8-01A,1.0,0.0,0.0,0.0,0.0
16,69943734,+,16,70166662,-,THCA,3486,TCGA-EM-A3O8-01A,TCGA-EM-A3O8-01A,1.0,0.0,0.0,0.0,0.0
19,54758982,-,19,54838031,+,THCA,3487,TCGA-EM-A3O8-01A,TCGA-EM-A3O8-01A,1.0,0.0,0.0,0.0,0.0
2,169548588,+,2,169549116,-,THCA,3488,TCGA-EM-A3O8-01A,TCGA-EM-A3O8-01A,1.0,0.0,0.0,0.0,0.0
4,51595222,+,4,51602060,-,THCA,3489,TCGA-EM-A3O8-01A,TCGA-EM-A3O8-01A,1.0,0.0,0.0,0.0,0.0
5,47121853,-,5,47145354,+,THCA,3490,TCGA-EM-A3O8-01A,TCGA-EM-A3O8-01A,1.0,0.0,0.0,0.0,0.0
5,49941147,+,5,49952372,-,THCA,3491,TCGA-EM-A3O8-01A,TCGA-EM-A3O8-01A,1.0,0.0,0.0,0.0,0.0
5,132279343,-,7,14747776,+,THCA,3492,TCGA-EM-A3O8-01A,TCGA-EM-A3O8-01A,1.0,0.0,0.0,0.0,0.0
11,36146774,-,13,71654407,-,THCA,3493,TCGA-EM-A3O9-01A,TCGA-EM-A3O9-01A,1.0,0.0,0.0,0.0,0.0
13,16020518,+,20,28925495,+,THCA,3494,TCGA-EM-A3O9-01A,TCGA-EM-A3O9-01A,1.0,0.0,0.0,0.0,0.0
16,58398345,+,16,58399034,-,THCA,3495,TCGA-EM-A3O9-01A,TCGA-EM-A3O9-01A,1.0,0.0,0.0,0.0,0.0
17,22896034,+,17,23137610,-,THCA,3496,TCGA-EM-A3O9-01A,TCGA-EM-A3O9-01A,1.0,0.0,0.0,0.0,0.0
20,29975339,-,20,29985183,+,THCA,3497,TCGA-EM-A3O9-01A,TCGA-EM-A3O9-01A,1.0,0.0,0.0,0.0,0.0
20,29987746,+,20,30002662,-,THCA,3498,TCGA-EM-A3O9-01A,TCGA-EM-A3O9-01A,1.0,0.0,0.0,0.0,0.0
7,58172437,+,7,60531964,-,THCA,3499,TCGA-EM-A3O9-01A,TCGA-EM-A3O9-01A,1.0,0.0,0.0,0.0,0.0
7,92692243,+,7,92692750,-,THCA,3500,TCGA-EM-A3O9-01A,TCGA-EM-A3O9-01A,1.0,0.0,0.0,0.0,0.0
1,121035,-,1,712062,+,THCA,3501,TCGA-EM-A3OA-01A,TCGA-EM-A3OA-01A,1.0,0.0,0.0,0.0,0.0
1,106094998,+,10,33043274,-,THCA,3502,TCGA-EM-A3OA-01A,TCGA-EM-A3OA-01A,1.0,0.0,0.0,0.0,0.0
1,122137380,-,1,122150333,+,THCA,3503,TCGA-EM-A3OA-01A,TCGA-EM-A3OA-01A,1.0,0.0,0.0,0.0,0.0
13,90321817,+,13,90322389,-,THCA,3504,TCGA-EM-A3OA-01A,TCGA-EM-A3OA-01A,1.0,0.0,0.0,0.0,0.0
5,47173002,-,5,47275154,+,THCA,3505,TCGA-EM-A3OA-01A,TCGA-EM-A3OA-01A,1.0,0.0,0.0,0.0,0.0
6,58062019,+,6,60816415,-,THCA,3506,TCGA-EM-A3OA-01A,TCGA-EM-A3OA-01A,1.0,0.0,0.0,0.0,0.0
6,94447056,-,22,24005836,-,THCA,3507,TCGA-EM-A3OA-01A,TCGA-EM-A3OA-01A,1.0,0.0,0.0,0.0,0.0
7,100745607,-,22,49835718,+,THCA,3508,TCGA-EM-A3OA-01A,TCGA-EM-A3OA-01A,1.0,0.0,0.0,0.0,0.0
1,124906900,-,1,124928162,+,THCA,3509,TCGA-EM-A3OB-01A,TCGA-EM-A3OB-01A,1.0,0.0,0.0,0.0,0.0
10,41821706,+,20,30150960,+,THCA,3510,TCGA-EM-A3OB-01A,TCGA-EM-A3OB-01A,1.0,0.0,0.0,0.0,0.0
12,54110129,+,20,29564347,+,THCA,3511,TCGA-EM-A3OB-01A,TCGA-EM-A3OB-01A,1.0,0.0,0.0,0.0,0.0
18,15518223,+,18,15669766,-,THCA,3512,TCGA-EM-A3OB-01A,TCGA-EM-A3OB-01A,1.0,0.0,0.0,0.0,0.0
18,15752736,-,18,15760971,+,THCA,3513,TCGA-EM-A3OB-01A,TCGA-EM-A3OB-01A,1.0,0.0,0.0,0.0,0.0
2,16826753,+,19,15689146,+,THCA,3514,TCGA-EM-A3OB-01A,TCGA-EM-A3OB-01A,1.0,0.0,0.0,0.0,0.0
2,77827246,-,6,69333936,-,THCA,3515,TCGA-EM-A3OB-01A,TCGA-EM-A3OB-01A,1.0,0.0,0.0,0.0,0.0
2,222866747,-,14,21525865,-,THCA,3516,TCGA-EM-A3OB-01A,TCGA-EM-A3OB-01A,1.0,0.0,0.0,0.0,0.0
21,35052368,+,21,35052933,-,THCA,3517,TCGA-EM-A3OB-01A,TCGA-EM-A3OB-01A,1.0,0.0,0.0,0.0,0.0
9,44366828,-,9,44746360,+,THCA,3518,TCGA-EM-A3OB-01A,TCGA-EM-A3OB-01A,1.0,0.0,0.0,0.0,0.0
9,136048958,+,9,136049598,-,THCA,3519,TCGA-EM-A3OB-01A,TCGA-EM-A3OB-01A,1.0,0.0,0.0,0.0,0.0
1,36793886,-,3,184674767,+,THCA,3520,TCGA-EM-A3ST-01A,TCGA-EM-A3ST-01A,1.0,0.0,0.0,0.0,0.0
12,100053545,-,12,100131858,-,THCA,3521,TCGA-EM-A3ST-01A,TCGA-EM-A3ST-01A,1.0,0.0,0.0,0.0,0.0
13,92740960,-,23,141311344,+,THCA,3522,TCGA-EM-A3ST-01A,TCGA-EM-A3ST-01A,1.0,0.0,0.0,0.0,0.0
13,94687179,-,14,87592560,+,THCA,3523,TCGA-EM-A3ST-01A,TCGA-EM-A3ST-01A,1.0,0.0,0.0,0.0,0.0
14,70825341,-,18,47523717,+,THCA,3524,TCGA-EM-A3ST-01A,TCGA-EM-A3ST-01A,1.0,0.0,0.0,0.0,0.0
15,75699077,+,15,77893027,+,THCA,3525,TCGA-EM-A3ST-01A,TCGA-EM-A3ST-01A,1.0,0.0,0.0,0.0,0.0
19,22874678,+,19,22875382,-,THCA,3526,TCGA-EM-A3ST-01A,TCGA-EM-A3ST-01A,1.0,0.0,0.0,0.0,0.0
2,22744072,-,5,4895169,+,THCA,3527,TCGA-EM-A3ST-01A,TCGA-EM-A3ST-01A,1.0,0.0,0.0,0.0,0.0
2,130413465,+,2,130708256,+,THCA,3528,TCGA-EM-A3ST-01A,TCGA-EM-A3ST-01A,1.0,0.0,0.0,0.0,0.0
3,12978550,+,11,75222184,+,THCA,3529,TCGA-EM-A3ST-01A,TCGA-EM-A3ST-01A,1.0,0.0,0.0,0.0,0.0
3,90407990,-,3,90410036,+,THCA,3530,TCGA-EM-A3ST-01A,TCGA-EM-A3ST-01A,1.0,0.0,0.0,0.0,0.0
4,86540316,+,4,86540900,-,THCA,3531,TCGA-EM-A3ST-01A,TCGA-EM-A3ST-01A,1.0,0.0,0.0,0.0,0.0
6,58390677,+,6,61056916,+,THCA,3532,TCGA-EM-A3ST-01A,TCGA-EM-A3ST-01A,1.0,0.0,0.0,0.0,0.0
9,6727688,+,23,136880975,+,THCA,3533,TCGA-EM-A3ST-01A,TCGA-EM-A3ST-01A,1.0,0.0,0.0,0.0,0.0
11,54385010,-,11,54413674,+,THCA,3534,TCGA-EM-A3SU-01A,TCGA-EM-A3SU-01A,1.0,0.0,0.0,0.0,0.0
2,95838443,+,2,97494289,-,THCA,3535,TCGA-EM-A3SU-01A,TCGA-EM-A3SU-01A,1.0,0.0,0.0,0.0,0.0
3,15576269,-,16,24096838,-,THCA,3536,TCGA-EM-A3SU-01A,TCGA-EM-A3SU-01A,1.0,0.0,0.0,0.0,0.0
3,90801368,+,3,90897094,-,THCA,3537,TCGA-EM-A3SU-01A,TCGA-EM-A3SU-01A,1.0,0.0,0.0,0.0,0.0
4,49751724,-,4,50026295,+,THCA,3538,TCGA-EM-A3SU-01A,TCGA-EM-A3SU-01A,1.0,0.0,0.0,0.0,0.0
1,122463228,+,1,122500650,-,THCA,3539,TCGA-EM-A3SX-01A,TCGA-EM-A3SX-01A,1.0,0.0,0.0,0.0,0.0
1,190499246,+,5,64008833,+,THCA,3540,TCGA-EM-A3SX-01A,TCGA-EM-A3SX-01A,1.0,0.0,0.0,0.0,0.0
11,70398129,+,11,70398749,-,THCA,3541,TCGA-EM-A3SX-01A,TCGA-EM-A3SX-01A,1.0,0.0,0.0,0.0,0.0
17,21731827,+,17,27004007,-,THCA,3542,TCGA-EM-A3SX-01A,TCGA-EM-A3SX-01A,1.0,0.0,0.0,0.0,0.0
19,54224503,+,19,54244302,-,THCA,3543,TCGA-EM-A3SX-01A,TCGA-EM-A3SX-01A,1.0,0.0,0.0,0.0,0.0
10,26893157,+,10,27354407,+,THCA,3544,TCGA-EM-A3SY-01A,TCGA-EM-A3SY-01A,1.0,0.0,0.0,0.0,0.0
11,123279418,-,19,2936020,-,THCA,3545,TCGA-EM-A3SY-01A,TCGA-EM-A3SY-01A,1.0,0.0,0.0,0.0,0.0
16,6966750,-,19,48187954,-,THCA,3546,TCGA-EM-A3SY-01A,TCGA-EM-A3SY-01A,1.0,0.0,0.0,0.0,0.0
16,75031568,+,16,75032150,-,THCA,3547,TCGA-EM-A3SY-01A,TCGA-EM-A3SY-01A,1.0,0.0,0.0,0.0,0.0
16,84997325,-,16,85149423,+,THCA,3548,TCGA-EM-A3SY-01A,TCGA-EM-A3SY-01A,1.0,0.0,0.0,0.0,0.0
17,19634873,+,17,19635393,-,THCA,3549,TCGA-EM-A3SY-01A,TCGA-EM-A3SY-01A,1.0,0.0,0.0,0.0,0.0
18,15481538,-,18,15536228,+,THCA,3550,TCGA-EM-A3SY-01A,TCGA-EM-A3SY-01A,1.0,0.0,0.0,0.0,0.0
19,50241167,+,19,50241867,+,THCA,3551,TCGA-EM-A3SY-01A,TCGA-EM-A3SY-01A,1.0,0.0,0.0,0.0,0.0
19,50241179,-,19,50241899,-,THCA,3552,TCGA-EM-A3SY-01A,TCGA-EM-A3SY-01A,1.0,0.0,0.0,0.0,0.0
2,79514248,+,5,108930631,+,THCA,3553,TCGA-EM-A3SY-01A,TCGA-EM-A3SY-01A,1.0,0.0,0.0,0.0,0.0
2,120085334,-,23,152294960,+,THCA,3554,TCGA-EM-A3SY-01A,TCGA-EM-A3SY-01A,1.0,0.0,0.0,0.0,0.0
20,29931757,-,20,29969369,+,THCA,3555,TCGA-EM-A3SY-01A,TCGA-EM-A3SY-01A,1.0,0.0,0.0,0.0,0.0
3,50608583,-,3,50746181,+,THCA,3556,TCGA-EM-A3SY-01A,TCGA-EM-A3SY-01A,1.0,0.0,0.0,0.0,0.0
3,152999762,+,3,153000277,-,THCA,3557,TCGA-EM-A3SY-01A,TCGA-EM-A3SY-01A,1.0,0.0,0.0,0.0,0.0
5,49744634,+,5,49790269,-,THCA,3558,TCGA-EM-A3SY-01A,TCGA-EM-A3SY-01A,1.0,0.0,0.0,0.0,0.0
1,9725778,+,1,9726410,-,THCA,3559,TCGA-EM-A3SZ-01A,TCGA-EM-A3SZ-01A,1.0,0.0,0.0,0.0,0.0
12,99031824,+,12,99648787,-,THCA,3560,TCGA-EM-A3SZ-01A,TCGA-EM-A3SZ-01A,1.0,0.0,0.0,0.0,0.0
13,18408262,-,21,13037604,+,THCA,3561,TCGA-EM-A3SZ-01A,TCGA-EM-A3SZ-01A,1.0,0.0,0.0,0.0,0.0
15,20182605,+,15,21189171,-,THCA,3562,TCGA-EM-A3SZ-01A,TCGA-EM-A3SZ-01A,1.0,0.0,0.0,0.0,0.0
16,88927566,+,16,88928316,-,THCA,3563,TCGA-EM-A3SZ-01A,TCGA-EM-A3SZ-01A,1.0,0.0,0.0,0.0,0.0
17,80263447,+,17,80264079,-,THCA,3564,TCGA-EM-A3SZ-01A,TCGA-EM-A3SZ-01A,1.0,0.0,0.0,0.0,0.0
18,15518193,+,18,15707299,-,THCA,3565,TCGA-EM-A3SZ-01A,TCGA-EM-A3SZ-01A,1.0,0.0,0.0,0.0,0.0
2,95971418,-,2,97133843,-,THCA,3566,TCGA-EM-A3SZ-01A,TCGA-EM-A3SZ-01A,1.0,0.0,0.0,0.0,0.0
2,99892336,+,6,32601408,+,THCA,3567,TCGA-EM-A3SZ-01A,TCGA-EM-A3SZ-01A,1.0,0.0,0.0,0.0,0.0
2,207540617,+,2,207541174,-,THCA,3568,TCGA-EM-A3SZ-01A,TCGA-EM-A3SZ-01A,1.0,0.0,0.0,0.0,0.0
5,49671825,+,5,49694462,-,THCA,3569,TCGA-EM-A3SZ-01A,TCGA-EM-A3SZ-01A,1.0,0.0,0.0,0.0,0.0
6,17750675,+,6,17751310,-,THCA,3570,TCGA-EM-A3SZ-01A,TCGA-EM-A3SZ-01A,1.0,0.0,0.0,0.0,0.0
6,63325692,-,8,137754351,+,THCA,3571,TCGA-EM-A3SZ-01A,TCGA-EM-A3SZ-01A,1.0,0.0,0.0,0.0,0.0
10,110308674,+,15,23818907,+,THCA,3572,TCGA-EM-A4FF-01A,TCGA-EM-A4FF-01A,1.0,0.0,0.0,0.0,0.0
14,29609538,+,23,29711070,-,THCA,3573,TCGA-EM-A4FF-01A,TCGA-EM-A4FF-01A,1.0,0.0,0.0,0.0,0.0
18,15999415,-,18,18184412,+,THCA,3574,TCGA-EM-A4FF-01A,TCGA-EM-A4FF-01A,1.0,0.0,0.0,0.0,0.0
2,76234075,+,8,76584368,-,THCA,3575,TCGA-EM-A4FF-01A,TCGA-EM-A4FF-01A,1.0,0.0,0.0,0.0,0.0
1,122033576,-,1,122069269,+,THCA,3576,TCGA-EM-A4FH-01A,TCGA-EM-A4FH-01A,1.0,0.0,0.0,0.0,0.0
1,122076260,-,1,122122162,+,THCA,3577,TCGA-EM-A4FH-01A,TCGA-EM-A4FH-01A,1.0,0.0,0.0,0.0,0.0
11,54419383,+,11,54421606,-,THCA,3578,TCGA-EM-A4FH-01A,TCGA-EM-A4FH-01A,1.0,0.0,0.0,0.0,0.0
18,15754745,-,18,15785452,+,THCA,3579,TCGA-EM-A4FH-01A,TCGA-EM-A4FH-01A,1.0,0.0,0.0,0.0,0.0
2,73293018,+,2,73293579,-,THCA,3580,TCGA-EM-A4FH-01A,TCGA-EM-A4FH-01A,1.0,0.0,0.0,0.0,0.0
20,26271297,-,20,30174159,-,THCA,3581,TCGA-EM-A4FH-01A,TCGA-EM-A4FH-01A,1.0,0.0,0.0,0.0,0.0
5,36952019,-,20,5298414,+,THCA,3582,TCGA-EM-A4FH-01A,TCGA-EM-A4FH-01A,1.0,0.0,0.0,0.0,0.0
5,49723730,+,5,49957904,-,THCA,3583,TCGA-EM-A4FH-01A,TCGA-EM-A4FH-01A,1.0,0.0,0.0,0.0,0.0
6,37012992,-,8,3411967,-,THCA,3584,TCGA-EM-A4FH-01A,TCGA-EM-A4FH-01A,1.0,0.0,0.0,0.0,0.0
9,134254471,+,17,7156384,-,THCA,3585,TCGA-EM-A4FH-01A,TCGA-EM-A4FH-01A,1.0,0.0,0.0,0.0,0.0
1,29418922,+,5,95738967,+,THCA,3586,TCGA-EM-A4FK-01A,TCGA-EM-A4FK-01A,1.0,0.0,0.0,0.0,0.0
1,122173017,-,1,122191518,+,THCA,3587,TCGA-EM-A4FK-01A,TCGA-EM-A4FK-01A,1.0,0.0,0.0,0.0,0.0
1,178689691,-,12,115260867,+,THCA,3588,TCGA-EM-A4FK-01A,TCGA-EM-A4FK-01A,1.0,0.0,0.0,0.0,0.0
10,39960261,-,10,40842816,+,THCA,3589,TCGA-EM-A4FK-01A,TCGA-EM-A4FK-01A,1.0,0.0,0.0,0.0,0.0
13,16298369,-,13,16628066,+,THCA,3590,TCGA-EM-A4FK-01A,TCGA-EM-A4FK-01A,1.0,0.0,0.0,0.0,0.0
18,17538937,-,18,17816801,+,THCA,3591,TCGA-EM-A4FK-01A,TCGA-EM-A4FK-01A,1.0,0.0,0.0,0.0,0.0
3,91056743,-,3,91192101,+,THCA,3592,TCGA-EM-A4FK-01A,TCGA-EM-A4FK-01A,1.0,0.0,0.0,0.0,0.0
3,142563967,-,15,90569556,+,THCA,3593,TCGA-EM-A4FK-01A,TCGA-EM-A4FK-01A,1.0,0.0,0.0,0.0,0.0
4,44268240,+,4,44303077,+,THCA,3594,TCGA-EM-A4FK-01A,TCGA-EM-A4FK-01A,1.0,0.0,0.0,0.0,0.0
8,119973043,-,8,119976005,+,THCA,3595,TCGA-EM-A4FK-01A,TCGA-EM-A4FK-01A,1.0,0.0,0.0,0.0,0.0
1,29418915,+,5,95738953,+,THCA,3596,TCGA-EM-A4FM-01A,TCGA-EM-A4FM-01A,1.0,0.0,0.0,0.0,0.0
11,112146376,+,11,112146966,-,THCA,3597,TCGA-EM-A4FM-01A,TCGA-EM-A4FM-01A,1.0,0.0,0.0,0.0,0.0
11,120347213,+,14,90201965,-,THCA,3598,TCGA-EM-A4FM-01A,TCGA-EM-A4FM-01A,1.0,0.0,0.0,0.0,0.0
13,85246806,+,21,28829276,+,THCA,3599,TCGA-EM-A4FM-01A,TCGA-EM-A4FM-01A,1.0,0.0,0.0,0.0,0.0
20,29999447,+,20,30008997,-,THCA,3600,TCGA-EM-A4FM-01A,TCGA-EM-A4FM-01A,1.0,0.0,0.0,0.0,0.0
3,24280698,-,3,26389667,-,THCA,3601,TCGA-EM-A4FM-01A,TCGA-EM-A4FM-01A,1.0,0.0,0.0,0.0,0.0
8,138425757,-,14,73817630,-,THCA,3602,TCGA-EM-A4FM-01A,TCGA-EM-A4FM-01A,1.0,0.0,0.0,0.0,0.0
9,87033843,+,10,43480048,+,THCA,3603,TCGA-EM-A4FM-01A,TCGA-EM-A4FM-01A,1.0,0.0,0.0,0.0,0.0
1,182853076,+,3,44135061,+,THCA,3604,TCGA-EM-A4FN-01A,TCGA-EM-A4FN-01A,1.0,0.0,0.0,0.0,0.0
11,52525205,-,11,53569983,+,THCA,3605,TCGA-EM-A4FN-01A,TCGA-EM-A4FN-01A,1.0,0.0,0.0,0.0,0.0
4,48659851,-,10,7566926,+,THCA,3606,TCGA-EM-A4FN-01A,TCGA-EM-A4FN-01A,1.0,0.0,0.0,0.0,0.0
4,51118177,+,4,51453245,-,THCA,3607,TCGA-EM-A4FN-01A,TCGA-EM-A4FN-01A,1.0,0.0,0.0,0.0,0.0
5,67818722,-,10,98542255,+,THCA,3608,TCGA-EM-A4FN-01A,TCGA-EM-A4FN-01A,1.0,0.0,0.0,0.0,0.0
6,151046472,-,9,43140664,+,THCA,3609,TCGA-EM-A4FN-01A,TCGA-EM-A4FN-01A,1.0,0.0,0.0,0.0,0.0
7,66636983,+,7,66674172,-,THCA,3610,TCGA-EM-A4FN-01A,TCGA-EM-A4FN-01A,1.0,0.0,0.0,0.0,0.0
1,122720649,+,1,124696346,-,THCA,3611,TCGA-EM-A4FO-01A,TCGA-EM-A4FO-01A,1.0,0.0,0.0,0.0,0.0
11,54343187,-,11,54405642,+,THCA,3612,TCGA-EM-A4FO-01A,TCGA-EM-A4FO-01A,1.0,0.0,0.0,0.0,0.0
11,54358603,-,11,54384058,+,THCA,3613,TCGA-EM-A4FO-01A,TCGA-EM-A4FO-01A,1.0,0.0,0.0,0.0,0.0
12,36405158,-,12,37062760,+,THCA,3614,TCGA-EM-A4FO-01A,TCGA-EM-A4FO-01A,1.0,0.0,0.0,0.0,0.0
13,16508011,-,13,16759043,+,THCA,3615,TCGA-EM-A4FO-01A,TCGA-EM-A4FO-01A,1.0,0.0,0.0,0.0,0.0
13,16603760,+,13,16906916,-,THCA,3616,TCGA-EM-A4FO-01A,TCGA-EM-A4FO-01A,1.0,0.0,0.0,0.0,0.0
13,58284859,-,15,49080620,-,THCA,3617,TCGA-EM-A4FO-01A,TCGA-EM-A4FO-01A,1.0,0.0,0.0,0.0,0.0
14,105864254,+,14,105881538,-,THCA,3618,TCGA-EM-A4FO-01A,TCGA-EM-A4FO-01A,1.0,0.0,0.0,0.0,0.0
17,22874930,+,17,22894064,-,THCA,3619,TCGA-EM-A4FO-01A,TCGA-EM-A4FO-01A,1.0,0.0,0.0,0.0,0.0
18,15653778,-,18,15679640,+,THCA,3620,TCGA-EM-A4FO-01A,TCGA-EM-A4FO-01A,1.0,0.0,0.0,0.0,0.0
4,1550326,+,5,50921572,+,THCA,3621,TCGA-EM-A4FO-01A,TCGA-EM-A4FO-01A,1.0,0.0,0.0,0.0,0.0
7,56838633,+,7,63738822,+,THCA,3622,TCGA-EM-A4FO-01A,TCGA-EM-A4FO-01A,1.0,0.0,0.0,0.0,0.0
7,140337352,+,7,140345867,-,THCA,3623,TCGA-EM-A4FO-01A,TCGA-EM-A4FO-01A,1.0,0.0,0.0,0.0,0.0
11,54353741,-,11,54420154,+,THCA,3624,TCGA-EM-A4FQ-01A,TCGA-EM-A4FQ-01A,1.0,0.0,0.0,0.0,0.0
13,16019964,-,20,28765399,-,THCA,3625,TCGA-EM-A4FQ-01A,TCGA-EM-A4FQ-01A,1.0,0.0,0.0,0.0,0.0
18,15653787,-,18,15679658,+,THCA,3626,TCGA-EM-A4FQ-01A,TCGA-EM-A4FQ-01A,1.0,0.0,0.0,0.0,0.0
18,15665492,-,18,15711733,+,THCA,3627,TCGA-EM-A4FQ-01A,TCGA-EM-A4FQ-01A,1.0,0.0,0.0,0.0,0.0
2,32365375,+,2,32365924,-,THCA,3628,TCGA-EM-A4FQ-01A,TCGA-EM-A4FQ-01A,1.0,0.0,0.0,0.0,0.0
2,95424306,-,2,113294820,-,THCA,3629,TCGA-EM-A4FQ-01A,TCGA-EM-A4FQ-01A,1.0,0.0,0.0,0.0,0.0
3,91024082,-,3,91046391,+,THCA,3630,TCGA-EM-A4FQ-01A,TCGA-EM-A4FQ-01A,1.0,0.0,0.0,0.0,0.0
5,32590803,-,16,2316270,-,THCA,3631,TCGA-EM-A4FQ-01A,TCGA-EM-A4FQ-01A,1.0,0.0,0.0,0.0,0.0
1,124790298,-,1,124794838,+,THCA,3632,TCGA-EM-A4FR-01A,TCGA-EM-A4FR-01A,1.0,0.0,0.0,0.0,0.0
1,124813882,-,1,124815434,+,THCA,3633,TCGA-EM-A4FR-01A,TCGA-EM-A4FR-01A,1.0,0.0,0.0,0.0,0.0
1,241327048,+,4,16690460,-,THCA,3634,TCGA-EM-A4FR-01A,TCGA-EM-A4FR-01A,1.0,0.0,0.0,0.0,0.0
1,242271215,-,10,38327295,-,THCA,3635,TCGA-EM-A4FR-01A,TCGA-EM-A4FR-01A,1.0,0.0,0.0,0.0,0.0
12,103966061,+,12,103979829,-,THCA,3636,TCGA-EM-A4FR-01A,TCGA-EM-A4FR-01A,1.0,0.0,0.0,0.0,0.0
17,22830344,+,17,23059653,-,THCA,3637,TCGA-EM-A4FR-01A,TCGA-EM-A4FR-01A,1.0,0.0,0.0,0.0,0.0
2,29223676,+,4,24821863,-,THCA,3638,TCGA-EM-A4FR-01A,TCGA-EM-A4FR-01A,1.0,0.0,0.0,0.0,0.0
2,29246262,-,2,30608978,-,THCA,3639,TCGA-EM-A4FR-01A,TCGA-EM-A4FR-01A,1.0,0.0,0.0,0.0,0.0
2,29258292,+,5,41038729,-,THCA,3640,TCGA-EM-A4FR-01A,TCGA-EM-A4FR-01A,1.0,0.0,0.0,0.0,0.0
2,29259418,-,2,30442990,+,THCA,3641,TCGA-EM-A4FR-01A,TCGA-EM-A4FR-01A,1.0,0.0,0.0,0.0,0.0
2,29261412,+,2,29902209,-,THCA,3642,TCGA-EM-A4FR-01A,TCGA-EM-A4FR-01A,1.0,0.0,0.0,0.0,0.0
2,29263361,-,4,24734876,-,THCA,3643,TCGA-EM-A4FR-01A,TCGA-EM-A4FR-01A,1.0,0.0,0.0,0.0,0.0
2,29323442,+,2,31941155,-,THCA,3644,TCGA-EM-A4FR-01A,TCGA-EM-A4FR-01A,1.0,0.0,0.0,0.0,0.0
2,29408316,-,4,92991991,+,THCA,3645,TCGA-EM-A4FR-01A,TCGA-EM-A4FR-01A,1.0,0.0,0.0,0.0,0.0
2,29411255,+,2,30240080,-,THCA,3646,TCGA-EM-A4FR-01A,TCGA-EM-A4FR-01A,1.0,0.0,0.0,0.0,0.0
2,29412195,-,2,85785287,-,THCA,3647,TCGA-EM-A4FR-01A,TCGA-EM-A4FR-01A,1.0,0.0,0.0,0.0,0.0
2,29440065,+,2,30243721,+,THCA,3648,TCGA-EM-A4FR-01A,TCGA-EM-A4FR-01A,1.0,0.0,0.0,0.0,0.0
2,29440073,+,2,30243798,+,THCA,3649,TCGA-EM-A4FR-01A,TCGA-EM-A4FR-01A,1.0,0.0,0.0,0.0,0.0
2,29441944,-,2,30201943,-,THCA,3650,TCGA-EM-A4FR-01A,TCGA-EM-A4FR-01A,1.0,0.0,0.0,0.0,0.0
2,29509078,+,4,52458796,+,THCA,3651,TCGA-EM-A4FR-01A,TCGA-EM-A4FR-01A,1.0,0.0,0.0,0.0,0.0
2,29510532,-,2,30253189,-,THCA,3652,TCGA-EM-A4FR-01A,TCGA-EM-A4FR-01A,1.0,0.0,0.0,0.0,0.0
2,29864607,+,4,24776896,-,THCA,3653,TCGA-EM-A4FR-01A,TCGA-EM-A4FR-01A,1.0,0.0,0.0,0.0,0.0
2,29865296,-,5,41003265,+,THCA,3654,TCGA-EM-A4FR-01A,TCGA-EM-A4FR-01A,1.0,0.0,0.0,0.0,0.0
2,29895162,+,5,40149484,+,THCA,3655,TCGA-EM-A4FR-01A,TCGA-EM-A4FR-01A,1.0,0.0,0.0,0.0,0.0
2,30195662,+,4,94259665,+,THCA,3656,TCGA-EM-A4FR-01A,TCGA-EM-A4FR-01A,1.0,0.0,0.0,0.0,0.0
2,30203684,+,4,24776700,+,THCA,3657,TCGA-EM-A4FR-01A,TCGA-EM-A4FR-01A,1.0,0.0,0.0,0.0,0.0
2,30243902,-,2,30383106,-,THCA,3658,TCGA-EM-A4FR-01A,TCGA-EM-A4FR-01A,1.0,0.0,0.0,0.0,0.0
2,30253018,+,2,85782822,+,THCA,3659,TCGA-EM-A4FR-01A,TCGA-EM-A4FR-01A,1.0,0.0,0.0,0.0,0.0
2,30317582,+,4,94201386,+,THCA,3660,TCGA-EM-A4FR-01A,TCGA-EM-A4FR-01A,1.0,0.0,0.0,0.0,0.0
2,31839994,+,2,85816605,+,THCA,3661,TCGA-EM-A4FR-01A,TCGA-EM-A4FR-01A,1.0,0.0,0.0,0.0,0.0
2,32043426,+,2,85817051,-,THCA,3662,TCGA-EM-A4FR-01A,TCGA-EM-A4FR-01A,1.0,0.0,0.0,0.0,0.0
2,32043801,-,4,94255632,-,THCA,3663,TCGA-EM-A4FR-01A,TCGA-EM-A4FR-01A,1.0,0.0,0.0,0.0,0.0
2,45052605,-,16,3849211,-,THCA,3664,TCGA-EM-A4FR-01A,TCGA-EM-A4FR-01A,1.0,0.0,0.0,0.0,0.0
2,85742551,+,4,107005668,-,THCA,3665,TCGA-EM-A4FR-01A,TCGA-EM-A4FR-01A,1.0,0.0,0.0,0.0,0.0
2,85779531,-,5,40150035,-,THCA,3666,TCGA-EM-A4FR-01A,TCGA-EM-A4FR-01A,1.0,0.0,0.0,0.0,0.0
3,71085416,+,3,71085975,-,THCA,3667,TCGA-EM-A4FR-01A,TCGA-EM-A4FR-01A,1.0,0.0,0.0,0.0,0.0
3,90885549,-,3,91038694,+,THCA,3668,TCGA-EM-A4FR-01A,TCGA-EM-A4FR-01A,1.0,0.0,0.0,0.0,0.0
3,91011505,-,3,91177453,+,THCA,3669,TCGA-EM-A4FR-01A,TCGA-EM-A4FR-01A,1.0,0.0,0.0,0.0,0.0
3,182048181,-,19,28733027,+,THCA,3670,TCGA-EM-A4FR-01A,TCGA-EM-A4FR-01A,1.0,0.0,0.0,0.0,0.0
4,24586596,-,4,24586837,-,THCA,3671,TCGA-EM-A4FR-01A,TCGA-EM-A4FR-01A,1.0,0.0,0.0,0.0,0.0
4,24586606,+,4,24586859,+,THCA,3672,TCGA-EM-A4FR-01A,TCGA-EM-A4FR-01A,1.0,0.0,0.0,0.0,0.0
4,24626322,+,4,107004714,+,THCA,3673,TCGA-EM-A4FR-01A,TCGA-EM-A4FR-01A,1.0,0.0,0.0,0.0,0.0
4,24820033,+,4,55842254,+,THCA,3674,TCGA-EM-A4FR-01A,TCGA-EM-A4FR-01A,1.0,0.0,0.0,0.0,0.0
4,52459329,-,4,107037775,-,THCA,3675,TCGA-EM-A4FR-01A,TCGA-EM-A4FR-01A,1.0,0.0,0.0,0.0,0.0
4,55846408,-,4,107037752,+,THCA,3676,TCGA-EM-A4FR-01A,TCGA-EM-A4FR-01A,1.0,0.0,0.0,0.0,0.0
4,93019887,-,4,94269336,-,THCA,3677,TCGA-EM-A4FR-01A,TCGA-EM-A4FR-01A,1.0,0.0,0.0,0.0,0.0
5,49826456,+,5,50040568,-,THCA,3678,TCGA-EM-A4FR-01A,TCGA-EM-A4FR-01A,1.0,0.0,0.0,0.0,0.0
6,31271052,-,6,31356301,+,THCA,3679,TCGA-EM-A4FR-01A,TCGA-EM-A4FR-01A,1.0,0.0,0.0,0.0,0.0
6,58449314,+,6,59576105,-,THCA,3680,TCGA-EM-A4FR-01A,TCGA-EM-A4FR-01A,1.0,0.0,0.0,0.0,0.0
7,98509760,+,7,98510294,-,THCA,3681,TCGA-EM-A4FR-01A,TCGA-EM-A4FR-01A,1.0,0.0,0.0,0.0,0.0
1,122201189,+,1,122210585,-,THCA,3682,TCGA-EM-A4FU-01A,TCGA-EM-A4FU-01A,1.0,0.0,0.0,0.0,0.0
1,241327140,-,4,52633217,+,THCA,3683,TCGA-EM-A4FU-01A,TCGA-EM-A4FU-01A,1.0,0.0,0.0,0.0,0.0
18,18041397,+,18,18370928,-,THCA,3684,TCGA-EM-A4FU-01A,TCGA-EM-A4FU-01A,1.0,0.0,0.0,0.0,0.0
2,171045215,+,16,87977974,-,THCA,3685,TCGA-EM-A4FU-01A,TCGA-EM-A4FU-01A,1.0,0.0,0.0,0.0,0.0
2,193007967,+,2,193008570,-,THCA,3686,TCGA-EM-A4FU-01A,TCGA-EM-A4FU-01A,1.0,0.0,0.0,0.0,0.0
5,160197153,+,5,160197661,-,THCA,3687,TCGA-EM-A4FU-01A,TCGA-EM-A4FU-01A,1.0,0.0,0.0,0.0,0.0
6,31328912,-,21,31821297,-,THCA,3688,TCGA-EM-A4FU-01A,TCGA-EM-A4FU-01A,1.0,0.0,0.0,0.0,0.0
7,61822344,+,7,62234878,-,THCA,3689,TCGA-EM-A4FU-01A,TCGA-EM-A4FU-01A,1.0,0.0,0.0,0.0,0.0
1,36793822,-,1,203603942,-,THCA,3690,TCGA-EM-A4FV-01A,TCGA-EM-A4FV-01A,1.0,0.0,0.0,0.0,0.0
13,16938789,+,13,16985857,-,THCA,3691,TCGA-EM-A4FV-01A,TCGA-EM-A4FV-01A,1.0,0.0,0.0,0.0,0.0
18,15636745,+,18,20611356,-,THCA,3692,TCGA-EM-A4FV-01A,TCGA-EM-A4FV-01A,1.0,0.0,0.0,0.0,0.0
2,222116486,-,7,125948566,+,THCA,3693,TCGA-EM-A4FV-01A,TCGA-EM-A4FV-01A,1.0,0.0,0.0,0.0,0.0
20,6072952,+,20,6073536,-,THCA,3694,TCGA-EM-A4FV-01A,TCGA-EM-A4FV-01A,1.0,0.0,0.0,0.0,0.0
3,41959047,+,3,41959728,-,THCA,3695,TCGA-EM-A4FV-01A,TCGA-EM-A4FV-01A,1.0,0.0,0.0,0.0,0.0
5,49803426,+,5,50012938,-,THCA,3696,TCGA-EM-A4FV-01A,TCGA-EM-A4FV-01A,1.0,0.0,0.0,0.0,0.0
8,83851325,+,8,83851957,-,THCA,3697,TCGA-EM-A4FV-01A,TCGA-EM-A4FV-01A,1.0,0.0,0.0,0.0,0.0
1,53170630,-,2,92271080,-,THCA,3698,TCGA-EM-A4G1-01A,TCGA-EM-A4G1-01A,1.0,0.0,0.0,0.0,0.0
1,121644518,+,1,121885335,-,THCA,3699,TCGA-EM-A4G1-01A,TCGA-EM-A4G1-01A,1.0,0.0,0.0,0.0,0.0
1,122201182,+,1,122210629,-,THCA,3700,TCGA-EM-A4G1-01A,TCGA-EM-A4G1-01A,1.0,0.0,0.0,0.0,0.0
10,15331880,-,10,23817961,-,THCA,3701,TCGA-EM-A4G1-01A,TCGA-EM-A4G1-01A,1.0,0.0,0.0,0.0,0.0
11,52083176,+,11,53481131,-,THCA,3702,TCGA-EM-A4G1-01A,TCGA-EM-A4G1-01A,1.0,0.0,0.0,0.0,0.0
11,52170554,+,11,54274476,-,THCA,3703,TCGA-EM-A4G1-01A,TCGA-EM-A4G1-01A,1.0,0.0,0.0,0.0,0.0
17,23051632,+,17,23061120,-,THCA,3704,TCGA-EM-A4G1-01A,TCGA-EM-A4G1-01A,1.0,0.0,0.0,0.0,0.0
3,182048141,-,19,28733066,+,THCA,3705,TCGA-EM-A4G1-01A,TCGA-EM-A4G1-01A,1.0,0.0,0.0,0.0,0.0
5,47130808,+,5,47134797,-,THCA,3706,TCGA-EM-A4G1-01A,TCGA-EM-A4G1-01A,1.0,0.0,0.0,0.0,0.0
5,47264194,+,5,47267097,-,THCA,3707,TCGA-EM-A4G1-01A,TCGA-EM-A4G1-01A,1.0,0.0,0.0,0.0,0.0
6,73839599,+,24,16914022,+,THCA,3708,TCGA-EM-A4G1-01A,TCGA-EM-A4G1-01A,1.0,0.0,0.0,0.0,0.0
13,86115237,+,20,53558930,+,THCA,3709,TCGA-ET-A25G-01A,TCGA-ET-A25G-01A,1.0,0.0,0.0,0.0,0.0
17,23039970,+,17,23070952,-,THCA,3710,TCGA-ET-A25G-01A,TCGA-ET-A25G-01A,1.0,0.0,0.0,0.0,0.0
5,123322900,+,5,123323566,-,THCA,3711,TCGA-ET-A25G-01A,TCGA-ET-A25G-01A,1.0,0.0,0.0,0.0,0.0
6,23848471,-,19,31798063,-,THCA,3712,TCGA-ET-A25G-01A,TCGA-ET-A25G-01A,1.0,0.0,0.0,0.0,0.0
7,152487048,-,19,12386505,-,THCA,3713,TCGA-ET-A25G-01A,TCGA-ET-A25G-01A,1.0,0.0,0.0,0.0,0.0
1,58729822,+,20,60627966,+,THCA,3714,TCGA-ET-A25I-01A,TCGA-ET-A25I-01A,1.0,0.0,0.0,0.0,0.0
1,104680346,-,1,104736575,+,THCA,3715,TCGA-ET-A25I-01A,TCGA-ET-A25I-01A,1.0,0.0,0.0,0.0,0.0
10,117042654,+,10,117043172,-,THCA,3716,TCGA-ET-A25I-01A,TCGA-ET-A25I-01A,1.0,0.0,0.0,0.0,0.0
17,22822686,-,17,23180645,+,THCA,3717,TCGA-ET-A25I-01A,TCGA-ET-A25I-01A,1.0,0.0,0.0,0.0,0.0
2,216414266,-,18,50324474,+,THCA,3718,TCGA-ET-A25I-01A,TCGA-ET-A25I-01A,1.0,0.0,0.0,0.0,0.0
22,41453611,+,22,41454219,-,THCA,3719,TCGA-ET-A25I-01A,TCGA-ET-A25I-01A,1.0,0.0,0.0,0.0,0.0
4,17487617,+,4,17488223,-,THCA,3720,TCGA-ET-A25I-01A,TCGA-ET-A25I-01A,1.0,0.0,0.0,0.0,0.0
4,49762569,+,4,51648205,-,THCA,3721,TCGA-ET-A25I-01A,TCGA-ET-A25I-01A,1.0,0.0,0.0,0.0,0.0
8,66637076,+,8,66637825,-,THCA,3722,TCGA-ET-A25I-01A,TCGA-ET-A25I-01A,1.0,0.0,0.0,0.0,0.0
9,19561074,+,9,19561583,-,THCA,3723,TCGA-ET-A25I-01A,TCGA-ET-A25I-01A,1.0,0.0,0.0,0.0,0.0
10,26800790,+,10,26801293,-,THCA,3724,TCGA-ET-A25J-01A,TCGA-ET-A25J-01A,1.0,0.0,0.0,0.0,0.0
10,73312991,+,10,73313571,-,THCA,3725,TCGA-ET-A25J-01A,TCGA-ET-A25J-01A,1.0,0.0,0.0,0.0,0.0
5,49849941,-,5,50051110,+,THCA,3726,TCGA-ET-A25J-01A,TCGA-ET-A25J-01A,1.0,0.0,0.0,0.0,0.0
7,74048786,+,7,74049328,-,THCA,3727,TCGA-ET-A25J-01A,TCGA-ET-A25J-01A,1.0,0.0,0.0,0.0,0.0
10,41582768,+,10,41588338,-,THCA,3728,TCGA-ET-A25K-01A,TCGA-ET-A25K-01A,1.0,0.0,0.0,0.0,0.0
15,52471593,-,16,15831465,-,THCA,3729,TCGA-ET-A25K-01A,TCGA-ET-A25K-01A,1.0,0.0,0.0,0.0,0.0
17,22879425,-,17,22977044,+,THCA,3730,TCGA-ET-A25K-01A,TCGA-ET-A25K-01A,1.0,0.0,0.0,0.0,0.0
17,23009321,+,17,23176016,-,THCA,3731,TCGA-ET-A25K-01A,TCGA-ET-A25K-01A,1.0,0.0,0.0,0.0,0.0
18,15485289,+,18,15550041,-,THCA,3732,TCGA-ET-A25K-01A,TCGA-ET-A25K-01A,1.0,0.0,0.0,0.0,0.0
2,61476013,-,12,487844,-,THCA,3733,TCGA-ET-A25K-01A,TCGA-ET-A25K-01A,1.0,0.0,0.0,0.0,0.0
21,34831202,+,21,34831850,-,THCA,3734,TCGA-ET-A25K-01A,TCGA-ET-A25K-01A,1.0,0.0,0.0,0.0,0.0
4,72533676,+,5,101087983,+,THCA,3735,TCGA-ET-A25K-01A,TCGA-ET-A25K-01A,1.0,0.0,0.0,0.0,0.0
6,40324295,+,6,40324987,-,THCA,3736,TCGA-ET-A25K-01A,TCGA-ET-A25K-01A,1.0,0.0,0.0,0.0,0.0
9,88693286,-,9,88693616,+,THCA,3737,TCGA-ET-A25K-01A,TCGA-ET-A25K-01A,1.0,0.0,0.0,0.0,0.0
1,124808820,-,1,124813632,+,THCA,3738,TCGA-ET-A25L-01A,TCGA-ET-A25L-01A,1.0,0.0,0.0,0.0,0.0
10,41552309,-,10,41562160,+,THCA,3739,TCGA-ET-A25L-01A,TCGA-ET-A25L-01A,1.0,0.0,0.0,0.0,0.0
12,34853127,+,12,36478052,-,THCA,3740,TCGA-ET-A25L-01A,TCGA-ET-A25L-01A,1.0,0.0,0.0,0.0,0.0
14,63003501,+,15,25966901,-,THCA,3741,TCGA-ET-A25L-01A,TCGA-ET-A25L-01A,1.0,0.0,0.0,0.0,0.0
19,35656839,-,19,42162500,-,THCA,3742,TCGA-ET-A25L-01A,TCGA-ET-A25L-01A,1.0,0.0,0.0,0.0,0.0
19,37791069,-,19,51587516,+,THCA,3743,TCGA-ET-A25L-01A,TCGA-ET-A25L-01A,1.0,0.0,0.0,0.0,0.0
19,51274404,+,19,51587378,-,THCA,3744,TCGA-ET-A25L-01A,TCGA-ET-A25L-01A,1.0,0.0,0.0,0.0,0.0
3,57207395,+,3,57208098,-,THCA,3745,TCGA-ET-A25L-01A,TCGA-ET-A25L-01A,1.0,0.0,0.0,0.0,0.0
3,59363026,-,3,115474666,+,THCA,3746,TCGA-ET-A25L-01A,TCGA-ET-A25L-01A,1.0,0.0,0.0,0.0,0.0
3,150865494,-,16,13367713,-,THCA,3747,TCGA-ET-A25L-01A,TCGA-ET-A25L-01A,1.0,0.0,0.0,0.0,0.0
4,9623454,+,6,74496049,+,THCA,3748,TCGA-ET-A25L-01A,TCGA-ET-A25L-01A,1.0,0.0,0.0,0.0,0.0
4,78718580,-,6,62587029,-,THCA,3749,TCGA-ET-A25L-01A,TCGA-ET-A25L-01A,1.0,0.0,0.0,0.0,0.0
7,152392448,-,21,10418988,-,THCA,3750,TCGA-ET-A25L-01A,TCGA-ET-A25L-01A,1.0,0.0,0.0,0.0,0.0
3,91579608,+,3,93232855,-,THCA,3751,TCGA-ET-A25M-01A,TCGA-ET-A25M-01A,1.0,0.0,0.0,0.0,0.0
1,101496940,-,8,133312985,+,THCA,3752,TCGA-ET-A25N-01A,TCGA-ET-A25N-01A,1.0,0.0,0.0,0.0,0.0
1,124808954,-,1,124813497,+,THCA,3753,TCGA-ET-A25N-01A,TCGA-ET-A25N-01A,1.0,0.0,0.0,0.0,0.0
1,183615900,-,1,185951744,-,THCA,3754,TCGA-ET-A25N-01A,TCGA-ET-A25N-01A,1.0,0.0,0.0,0.0,0.0
12,110765637,+,12,110766202,-,THCA,3755,TCGA-ET-A25N-01A,TCGA-ET-A25N-01A,1.0,0.0,0.0,0.0,0.0
13,18236779,-,22,20360429,+,THCA,3756,TCGA-ET-A25N-01A,TCGA-ET-A25N-01A,1.0,0.0,0.0,0.0,0.0
16,58179269,+,16,58179819,-,THCA,3757,TCGA-ET-A25N-01A,TCGA-ET-A25N-01A,1.0,0.0,0.0,0.0,0.0
17,65224281,+,17,65224951,-,THCA,3758,TCGA-ET-A25N-01A,TCGA-ET-A25N-01A,1.0,0.0,0.0,0.0,0.0
19,1390693,+,19,1391329,-,THCA,3759,TCGA-ET-A25N-01A,TCGA-ET-A25N-01A,1.0,0.0,0.0,0.0,0.0
20,29802609,-,24,10127288,-,THCA,3760,TCGA-ET-A25N-01A,TCGA-ET-A25N-01A,1.0,0.0,0.0,0.0,0.0
3,169056424,-,20,45268280,+,THCA,3761,TCGA-ET-A25N-01A,TCGA-ET-A25N-01A,1.0,0.0,0.0,0.0,0.0
3,184156956,+,3,184157480,-,THCA,3762,TCGA-ET-A25N-01A,TCGA-ET-A25N-01A,1.0,0.0,0.0,0.0,0.0
4,85269026,+,4,85269719,-,THCA,3763,TCGA-ET-A25N-01A,TCGA-ET-A25N-01A,1.0,0.0,0.0,0.0,0.0
4,172179040,+,6,31342911,+,THCA,3764,TCGA-ET-A25N-01A,TCGA-ET-A25N-01A,1.0,0.0,0.0,0.0,0.0
7,12888618,+,14,55646185,-,THCA,3765,TCGA-ET-A25N-01A,TCGA-ET-A25N-01A,1.0,0.0,0.0,0.0,0.0
7,139853071,+,7,139853637,-,THCA,3766,TCGA-ET-A25N-01A,TCGA-ET-A25N-01A,1.0,0.0,0.0,0.0,0.0
1,49949961,-,22,42990056,+,THCA,3767,TCGA-ET-A25O-01A,TCGA-ET-A25O-01A,1.0,0.0,0.0,0.0,0.0
10,39148096,-,10,39153856,+,THCA,3768,TCGA-ET-A25O-01A,TCGA-ET-A25O-01A,1.0,0.0,0.0,0.0,0.0
10,43311779,+,10,43312546,-,THCA,3769,TCGA-ET-A25O-01A,TCGA-ET-A25O-01A,1.0,0.0,0.0,0.0,0.0
10,90312835,+,14,21489861,-,THCA,3770,TCGA-ET-A25O-01A,TCGA-ET-A25O-01A,1.0,0.0,0.0,0.0,0.0
11,54346602,+,11,54421004,-,THCA,3771,TCGA-ET-A25O-01A,TCGA-ET-A25O-01A,1.0,0.0,0.0,0.0,0.0
11,54353738,-,11,54420136,+,THCA,3772,TCGA-ET-A25O-01A,TCGA-ET-A25O-01A,1.0,0.0,0.0,0.0,0.0
13,18748805,+,13,18768259,-,THCA,3773,TCGA-ET-A25O-01A,TCGA-ET-A25O-01A,1.0,0.0,0.0,0.0,0.0
17,22356866,+,22,16765820,+,THCA,3774,TCGA-ET-A25O-01A,TCGA-ET-A25O-01A,1.0,0.0,0.0,0.0,0.0
19,8519066,+,19,8519805,-,THCA,3775,TCGA-ET-A25O-01A,TCGA-ET-A25O-01A,1.0,0.0,0.0,0.0,0.0
2,20954376,+,21,41672981,+,THCA,3776,TCGA-ET-A25O-01A,TCGA-ET-A25O-01A,1.0,0.0,0.0,0.0,0.0
2,93108188,-,2,93897358,+,THCA,3777,TCGA-ET-A25O-01A,TCGA-ET-A25O-01A,1.0,0.0,0.0,0.0,0.0
4,74019703,+,8,107803990,+,THCA,3778,TCGA-ET-A25O-01A,TCGA-ET-A25O-01A,1.0,0.0,0.0,0.0,0.0
5,36019141,-,23,97891502,+,THCA,3779,TCGA-ET-A25O-01A,TCGA-ET-A25O-01A,1.0,0.0,0.0,0.0,0.0
7,483400,-,19,13595813,+,THCA,3780,TCGA-ET-A25O-01A,TCGA-ET-A25O-01A,1.0,0.0,0.0,0.0,0.0
1,101496937,-,8,133313016,+,THCA,3781,TCGA-ET-A25P-01A,TCGA-ET-A25P-01A,1.0,0.0,0.0,0.0,0.0
1,122229056,-,1,122271421,+,THCA,3782,TCGA-ET-A25P-01A,TCGA-ET-A25P-01A,1.0,0.0,0.0,0.0,0.0
1,122427131,-,1,122458477,+,THCA,3783,TCGA-ET-A25P-01A,TCGA-ET-A25P-01A,1.0,0.0,0.0,0.0,0.0
1,122566311,+,1,124373327,-,THCA,3784,TCGA-ET-A25P-01A,TCGA-ET-A25P-01A,1.0,0.0,0.0,0.0,0.0
1,124795656,+,1,124803349,-,THCA,3785,TCGA-ET-A25P-01A,TCGA-ET-A25P-01A,1.0,0.0,0.0,0.0,0.0
1,124797415,-,1,124806572,+,THCA,3786,TCGA-ET-A25P-01A,TCGA-ET-A25P-01A,1.0,0.0,0.0,0.0,0.0
1,124822313,-,1,124831295,+,THCA,3787,TCGA-ET-A25P-01A,TCGA-ET-A25P-01A,1.0,0.0,0.0,0.0,0.0
11,47619131,+,14,68795261,+,THCA,3788,TCGA-ET-A25P-01A,TCGA-ET-A25P-01A,1.0,0.0,0.0,0.0,0.0
12,36713296,+,12,37026140,-,THCA,3789,TCGA-ET-A25P-01A,TCGA-ET-A25P-01A,1.0,0.0,0.0,0.0,0.0
12,103966060,+,12,103979829,-,THCA,3790,TCGA-ET-A25P-01A,TCGA-ET-A25P-01A,1.0,0.0,0.0,0.0,0.0
19,20073554,-,19,20437030,-,THCA,3791,TCGA-ET-A25P-01A,TCGA-ET-A25P-01A,1.0,0.0,0.0,0.0,0.0
19,20073672,+,19,20437002,+,THCA,3792,TCGA-ET-A25P-01A,TCGA-ET-A25P-01A,1.0,0.0,0.0,0.0,0.0
2,93598965,+,11,119448941,-,THCA,3793,TCGA-ET-A25P-01A,TCGA-ET-A25P-01A,1.0,0.0,0.0,0.0,0.0
20,46942336,+,20,46942880,-,THCA,3794,TCGA-ET-A25P-01A,TCGA-ET-A25P-01A,1.0,0.0,0.0,0.0,0.0
3,15697869,+,23,55430072,+,THCA,3795,TCGA-ET-A25P-01A,TCGA-ET-A25P-01A,1.0,0.0,0.0,0.0,0.0
4,11498836,+,7,37246895,+,THCA,3796,TCGA-ET-A25P-01A,TCGA-ET-A25P-01A,1.0,0.0,0.0,0.0,0.0
5,47264195,+,5,47267059,-,THCA,3797,TCGA-ET-A25P-01A,TCGA-ET-A25P-01A,1.0,0.0,0.0,0.0,0.0
7,61384344,-,7,61422567,+,THCA,3798,TCGA-ET-A25P-01A,TCGA-ET-A25P-01A,1.0,0.0,0.0,0.0,0.0
8,45080681,-,8,45427517,+,THCA,3799,TCGA-ET-A25P-01A,TCGA-ET-A25P-01A,1.0,0.0,0.0,0.0,0.0
9,129382436,+,9,129382968,-,THCA,3800,TCGA-ET-A25P-01A,TCGA-ET-A25P-01A,1.0,0.0,0.0,0.0,0.0
23,41494945,+,23,41495498,-,THCA,3801,TCGA-ET-A25P-01A,TCGA-ET-A25P-01A,1.0,0.0,0.0,0.0,0.0
1,53170693,-,2,92271103,-,THCA,3802,TCGA-ET-A25R-01A,TCGA-ET-A25R-01A,1.0,0.0,0.0,0.0,0.0
1,200356882,+,1,200357470,-,THCA,3803,TCGA-ET-A25R-01A,TCGA-ET-A25R-01A,1.0,0.0,0.0,0.0,0.0
12,31709162,+,12,31709795,-,THCA,3804,TCGA-ET-A25R-01A,TCGA-ET-A25R-01A,1.0,0.0,0.0,0.0,0.0
12,53976949,-,19,14545430,+,THCA,3805,TCGA-ET-A25R-01A,TCGA-ET-A25R-01A,1.0,0.0,0.0,0.0,0.0
13,16571432,+,13,16586093,-,THCA,3806,TCGA-ET-A25R-01A,TCGA-ET-A25R-01A,1.0,0.0,0.0,0.0,0.0
13,19350387,+,19,38766516,+,THCA,3807,TCGA-ET-A25R-01A,TCGA-ET-A25R-01A,1.0,0.0,0.0,0.0,0.0
18,15636224,-,18,15701250,+,THCA,3808,TCGA-ET-A25R-01A,TCGA-ET-A25R-01A,1.0,0.0,0.0,0.0,0.0
3,90885149,-,3,91144540,+,THCA,3809,TCGA-ET-A25R-01A,TCGA-ET-A25R-01A,1.0,0.0,0.0,0.0,0.0
5,46679881,+,5,46787266,-,THCA,3810,TCGA-ET-A25R-01A,TCGA-ET-A25R-01A,1.0,0.0,0.0,0.0,0.0
5,107318970,-,12,1418367,-,THCA,3811,TCGA-ET-A25R-01A,TCGA-ET-A25R-01A,1.0,0.0,0.0,0.0,0.0
11,1555070,+,11,1555775,-,THCA,3812,TCGA-ET-A2MX-01A,TCGA-ET-A2MX-01A,1.0,0.0,0.0,0.0,0.0
18,15643411,-,18,15768823,+,THCA,3813,TCGA-ET-A2MX-01A,TCGA-ET-A2MX-01A,1.0,0.0,0.0,0.0,0.0
2,110953268,+,7,140897568,+,THCA,3814,TCGA-ET-A2MX-01A,TCGA-ET-A2MX-01A,1.0,0.0,0.0,0.0,0.0
2,110953348,-,2,111265685,-,THCA,3815,TCGA-ET-A2MX-01A,TCGA-ET-A2MX-01A,1.0,0.0,0.0,0.0,0.0
2,111145786,+,7,140786929,+,THCA,3816,TCGA-ET-A2MX-01A,TCGA-ET-A2MX-01A,1.0,0.0,0.0,0.0,0.0
2,221192913,+,7,140899008,-,THCA,3817,TCGA-ET-A2MX-01A,TCGA-ET-A2MX-01A,1.0,0.0,0.0,0.0,0.0
2,221398039,-,7,140836654,-,THCA,3818,TCGA-ET-A2MX-01A,TCGA-ET-A2MX-01A,1.0,0.0,0.0,0.0,0.0
20,62777863,+,20,62778381,-,THCA,3819,TCGA-ET-A2MX-01A,TCGA-ET-A2MX-01A,1.0,0.0,0.0,0.0,0.0
3,10048606,-,3,11870884,+,THCA,3820,TCGA-ET-A2MX-01A,TCGA-ET-A2MX-01A,1.0,0.0,0.0,0.0,0.0
3,92445916,-,3,93298382,+,THCA,3821,TCGA-ET-A2MX-01A,TCGA-ET-A2MX-01A,1.0,0.0,0.0,0.0,0.0
7,68226029,+,7,68474113,-,THCA,3822,TCGA-ET-A2MX-01A,TCGA-ET-A2MX-01A,1.0,0.0,0.0,0.0,0.0
7,141234194,+,12,19220522,+,THCA,3823,TCGA-ET-A2MX-01A,TCGA-ET-A2MX-01A,1.0,0.0,0.0,0.0,0.0
7,141235668,-,12,19238124,-,THCA,3824,TCGA-ET-A2MX-01A,TCGA-ET-A2MX-01A,1.0,0.0,0.0,0.0,0.0
8,45399328,-,8,45678792,+,THCA,3825,TCGA-ET-A2MX-01A,TCGA-ET-A2MX-01A,1.0,0.0,0.0,0.0,0.0
9,44603309,+,9,44780833,-,THCA,3826,TCGA-ET-A2MX-01A,TCGA-ET-A2MX-01A,1.0,0.0,0.0,0.0,0.0
1,101496948,-,8,133313004,+,THCA,3827,TCGA-ET-A2MY-01A,TCGA-ET-A2MY-01A,1.0,0.0,0.0,0.0,0.0
1,188238971,-,2,131858980,-,THCA,3828,TCGA-ET-A2MY-01A,TCGA-ET-A2MY-01A,1.0,0.0,0.0,0.0,0.0
1,203165411,+,1,203166015,-,THCA,3829,TCGA-ET-A2MY-01A,TCGA-ET-A2MY-01A,1.0,0.0,0.0,0.0,0.0
17,905209,+,17,905753,-,THCA,3830,TCGA-ET-A2MY-01A,TCGA-ET-A2MY-01A,1.0,0.0,0.0,0.0,0.0
2,14789213,+,2,14848369,+,THCA,3831,TCGA-ET-A2MY-01A,TCGA-ET-A2MY-01A,1.0,0.0,0.0,0.0,0.0
4,164852633,+,8,102387722,-,THCA,3832,TCGA-ET-A2MY-01A,TCGA-ET-A2MY-01A,1.0,0.0,0.0,0.0,0.0
5,21046525,+,5,21375351,+,THCA,3833,TCGA-ET-A2MY-01A,TCGA-ET-A2MY-01A,1.0,0.0,0.0,0.0,0.0
5,46586248,+,5,46753230,-,THCA,3834,TCGA-ET-A2MY-01A,TCGA-ET-A2MY-01A,1.0,0.0,0.0,0.0,0.0
6,34683528,+,15,88915805,+,THCA,3835,TCGA-ET-A2MY-01A,TCGA-ET-A2MY-01A,1.0,0.0,0.0,0.0,0.0
7,27255784,+,23,37779058,-,THCA,3836,TCGA-ET-A2MY-01A,TCGA-ET-A2MY-01A,1.0,0.0,0.0,0.0,0.0
7,130085214,+,19,8375496,-,THCA,3837,TCGA-ET-A2MY-01A,TCGA-ET-A2MY-01A,1.0,0.0,0.0,0.0,0.0
1,77433245,-,8,133313576,-,THCA,3838,TCGA-ET-A2N1-01A,TCGA-ET-A2N1-01A,1.0,0.0,0.0,0.0,0.0
10,43115851,-,10,46012807,-,THCA,3839,TCGA-ET-A2N1-01A,TCGA-ET-A2N1-01A,1.0,0.0,0.0,0.0,0.0
10,43115856,+,10,46012788,+,THCA,3840,TCGA-ET-A2N1-01A,TCGA-ET-A2N1-01A,1.0,0.0,0.0,0.0,0.0
11,51122660,+,11,53968627,-,THCA,3841,TCGA-ET-A2N1-01A,TCGA-ET-A2N1-01A,1.0,0.0,0.0,0.0,0.0
11,52651283,+,11,53292285,-,THCA,3842,TCGA-ET-A2N1-01A,TCGA-ET-A2N1-01A,1.0,0.0,0.0,0.0,0.0
14,106062127,+,14,106537808,-,THCA,3843,TCGA-ET-A2N1-01A,TCGA-ET-A2N1-01A,1.0,0.0,0.0,0.0,0.0
6,57505888,+,6,60398910,-,THCA,3844,TCGA-ET-A2N1-01A,TCGA-ET-A2N1-01A,1.0,0.0,0.0,0.0,0.0
6,57506186,-,6,60399075,+,THCA,3845,TCGA-ET-A2N1-01A,TCGA-ET-A2N1-01A,1.0,0.0,0.0,0.0,0.0
6,98666887,+,23,40046534,-,THCA,3846,TCGA-ET-A2N1-01A,TCGA-ET-A2N1-01A,1.0,0.0,0.0,0.0,0.0
6,104003596,-,11,134403981,-,THCA,3847,TCGA-ET-A2N1-01A,TCGA-ET-A2N1-01A,1.0,0.0,0.0,0.0,0.0
8,102921208,-,13,27063857,-,THCA,3848,TCGA-ET-A2N1-01A,TCGA-ET-A2N1-01A,1.0,0.0,0.0,0.0,0.0
8,121970070,-,20,30279884,-,THCA,3849,TCGA-ET-A2N1-01A,TCGA-ET-A2N1-01A,1.0,0.0,0.0,0.0,0.0
9,112153916,+,22,39211458,+,THCA,3850,TCGA-ET-A2N1-01A,TCGA-ET-A2N1-01A,1.0,0.0,0.0,0.0,0.0
1,25540735,+,3,76421546,+,THCA,3851,TCGA-ET-A2N5-01A,TCGA-ET-A2N5-01A,1.0,0.0,0.0,0.0,0.0
13,16327715,-,13,16709235,+,THCA,3852,TCGA-ET-A2N5-01A,TCGA-ET-A2N5-01A,1.0,0.0,0.0,0.0,0.0
13,99794607,+,15,82782107,+,THCA,3853,TCGA-ET-A2N5-01A,TCGA-ET-A2N5-01A,1.0,0.0,0.0,0.0,0.0
18,15473184,+,18,15699425,-,THCA,3854,TCGA-ET-A2N5-01A,TCGA-ET-A2N5-01A,1.0,0.0,0.0,0.0,0.0
20,26443777,+,20,26598536,-,THCA,3855,TCGA-ET-A2N5-01A,TCGA-ET-A2N5-01A,1.0,0.0,0.0,0.0,0.0
4,126101194,-,11,34026685,-,THCA,3856,TCGA-ET-A2N5-01A,TCGA-ET-A2N5-01A,1.0,0.0,0.0,0.0,0.0
5,110652295,-,23,31922496,-,THCA,3857,TCGA-ET-A2N5-01A,TCGA-ET-A2N5-01A,1.0,0.0,0.0,0.0,0.0
6,10813170,+,8,79805327,+,THCA,3858,TCGA-ET-A2N5-01A,TCGA-ET-A2N5-01A,1.0,0.0,0.0,0.0,0.0
8,134852453,-,15,52111218,+,THCA,3859,TCGA-ET-A2N5-01A,TCGA-ET-A2N5-01A,1.0,0.0,0.0,0.0,0.0
23,3036732,+,23,63625854,+,THCA,3860,TCGA-ET-A2N5-01A,TCGA-ET-A2N5-01A,1.0,0.0,0.0,0.0,0.0
23,103920357,-,23,104111106,-,THCA,3861,TCGA-ET-A2N5-01A,TCGA-ET-A2N5-01A,1.0,0.0,0.0,0.0,0.0
1,23937827,-,10,31427832,-,THCA,3862,TCGA-ET-A39I-01A,TCGA-ET-A39I-01A,1.0,0.0,0.0,0.0,0.0
13,40946736,+,13,40947261,-,THCA,3863,TCGA-ET-A39I-01A,TCGA-ET-A39I-01A,1.0,0.0,0.0,0.0,0.0
20,33450685,+,20,33451198,-,THCA,3864,TCGA-ET-A39I-01A,TCGA-ET-A39I-01A,1.0,0.0,0.0,0.0,0.0
20,44194508,-,20,44194685,+,THCA,3865,TCGA-ET-A39I-01A,TCGA-ET-A39I-01A,1.0,0.0,0.0,0.0,0.0
4,7973112,+,16,56277842,+,THCA,3866,TCGA-ET-A39I-01A,TCGA-ET-A39I-01A,1.0,0.0,0.0,0.0,0.0
1,235991870,+,7,148936307,+,THCA,3867,TCGA-ET-A39J-01A,TCGA-ET-A39J-01A,1.0,0.0,0.0,0.0,0.0
10,39900074,-,10,41709161,+,THCA,3868,TCGA-ET-A39J-01A,TCGA-ET-A39J-01A,1.0,0.0,0.0,0.0,0.0
11,3756857,+,11,3757538,-,THCA,3869,TCGA-ET-A39J-01A,TCGA-ET-A39J-01A,1.0,0.0,0.0,0.0,0.0
11,54361263,+,11,54376647,-,THCA,3870,TCGA-ET-A39J-01A,TCGA-ET-A39J-01A,1.0,0.0,0.0,0.0,0.0
13,28852949,-,16,75303401,-,THCA,3871,TCGA-ET-A39J-01A,TCGA-ET-A39J-01A,1.0,0.0,0.0,0.0,0.0
17,23031601,+,17,23081408,-,THCA,3872,TCGA-ET-A39J-01A,TCGA-ET-A39J-01A,1.0,0.0,0.0,0.0,0.0
18,15475001,+,18,15679154,-,THCA,3873,TCGA-ET-A39J-01A,TCGA-ET-A39J-01A,1.0,0.0,0.0,0.0,0.0
20,29228601,-,20,30931595,-,THCA,3874,TCGA-ET-A39J-01A,TCGA-ET-A39J-01A,1.0,0.0,0.0,0.0,0.0
7,61425116,+,7,61488175,-,THCA,3875,TCGA-ET-A39J-01A,TCGA-ET-A39J-01A,1.0,0.0,0.0,0.0,0.0
7,152434116,+,22,16603813,+,THCA,3876,TCGA-ET-A39J-01A,TCGA-ET-A39J-01A,1.0,0.0,0.0,0.0,0.0
12,676188,-,12,112095177,-,THCA,3877,TCGA-ET-A39K-01A,TCGA-ET-A39K-01A,1.0,0.0,0.0,0.0,0.0
12,34861225,+,12,35846517,-,THCA,3878,TCGA-ET-A39K-01A,TCGA-ET-A39K-01A,1.0,0.0,0.0,0.0,0.0
19,12297990,+,19,13320230,-,THCA,3879,TCGA-ET-A39K-01A,TCGA-ET-A39K-01A,1.0,0.0,0.0,0.0,0.0
2,142152690,+,2,162753219,+,THCA,3880,TCGA-ET-A39K-01A,TCGA-ET-A39K-01A,1.0,0.0,0.0,0.0,0.0
7,57698506,+,20,30207246,-,THCA,3881,TCGA-ET-A39K-01A,TCGA-ET-A39K-01A,1.0,0.0,0.0,0.0,0.0
1,145314268,+,5,18469065,+,THCA,3882,TCGA-ET-A39L-01A,TCGA-ET-A39L-01A,1.0,0.0,0.0,0.0,0.0
10,43716371,+,20,29658008,-,THCA,3883,TCGA-ET-A39L-01A,TCGA-ET-A39L-01A,1.0,0.0,0.0,0.0,0.0
11,52571476,-,11,53136174,+,THCA,3884,TCGA-ET-A39L-01A,TCGA-ET-A39L-01A,1.0,0.0,0.0,0.0,0.0
19,14508720,-,21,41604472,+,THCA,3885,TCGA-ET-A39L-01A,TCGA-ET-A39L-01A,1.0,0.0,0.0,0.0,0.0
2,222866745,-,2,235923514,+,THCA,3886,TCGA-ET-A39L-01A,TCGA-ET-A39L-01A,1.0,0.0,0.0,0.0,0.0
5,103149732,-,15,74216610,-,THCA,3887,TCGA-ET-A39L-01A,TCGA-ET-A39L-01A,1.0,0.0,0.0,0.0,0.0
7,78719,-,9,138201503,-,THCA,3888,TCGA-ET-A39L-01A,TCGA-ET-A39L-01A,1.0,0.0,0.0,0.0,0.0
8,30058997,+,15,95015036,+,THCA,3889,TCGA-ET-A39L-01A,TCGA-ET-A39L-01A,1.0,0.0,0.0,0.0,0.0
8,30536524,-,15,88086349,-,THCA,3890,TCGA-ET-A39L-01A,TCGA-ET-A39L-01A,1.0,0.0,0.0,0.0,0.0
8,30536572,-,15,88086497,-,THCA,3891,TCGA-ET-A39L-01A,TCGA-ET-A39L-01A,1.0,0.0,0.0,0.0,0.0
8,30536680,+,15,88086518,+,THCA,3892,TCGA-ET-A39L-01A,TCGA-ET-A39L-01A,1.0,0.0,0.0,0.0,0.0
10,41555457,-,10,41559610,+,THCA,3893,TCGA-ET-A39M-01A,TCGA-ET-A39M-01A,1.0,0.0,0.0,0.0,0.0
11,54358650,+,11,54412655,-,THCA,3894,TCGA-ET-A39M-01A,TCGA-ET-A39M-01A,1.0,0.0,0.0,0.0,0.0
12,63551715,+,12,63746732,-,THCA,3895,TCGA-ET-A39M-01A,TCGA-ET-A39M-01A,1.0,0.0,0.0,0.0,0.0
13,18761924,+,21,13866925,-,THCA,3896,TCGA-ET-A39M-01A,TCGA-ET-A39M-01A,1.0,0.0,0.0,0.0,0.0
17,21446395,-,17,27004233,+,THCA,3897,TCGA-ET-A39M-01A,TCGA-ET-A39M-01A,1.0,0.0,0.0,0.0,0.0
18,15636228,-,18,15701224,+,THCA,3898,TCGA-ET-A39M-01A,TCGA-ET-A39M-01A,1.0,0.0,0.0,0.0,0.0
19,13564110,+,19,13564617,-,THCA,3899,TCGA-ET-A39M-01A,TCGA-ET-A39M-01A,1.0,0.0,0.0,0.0,0.0
20,29559036,+,20,30325205,+,THCA,3900,TCGA-ET-A39M-01A,TCGA-ET-A39M-01A,1.0,0.0,0.0,0.0,0.0
6,58055926,-,6,60810401,+,THCA,3901,TCGA-ET-A39M-01A,TCGA-ET-A39M-01A,1.0,0.0,0.0,0.0,0.0
1,66376648,+,1,66378630,-,THCA,3902,TCGA-ET-A39N-01A,TCGA-ET-A39N-01A,1.0,0.0,0.0,0.0,0.0
1,66376708,-,2,113230512,+,THCA,3903,TCGA-ET-A39N-01A,TCGA-ET-A39N-01A,1.0,0.0,0.0,0.0,0.0
1,66378532,+,6,131853159,+,THCA,3904,TCGA-ET-A39N-01A,TCGA-ET-A39N-01A,1.0,0.0,0.0,0.0,0.0
10,39919242,+,10,39931412,-,THCA,3905,TCGA-ET-A39N-01A,TCGA-ET-A39N-01A,1.0,0.0,0.0,0.0,0.0
12,12909962,+,12,12925108,-,THCA,3906,TCGA-ET-A39N-01A,TCGA-ET-A39N-01A,1.0,0.0,0.0,0.0,0.0
12,12910057,-,12,12924712,+,THCA,3907,TCGA-ET-A39N-01A,TCGA-ET-A39N-01A,1.0,0.0,0.0,0.0,0.0
13,16298313,-,13,16734463,+,THCA,3908,TCGA-ET-A39N-01A,TCGA-ET-A39N-01A,1.0,0.0,0.0,0.0,0.0
2,113230551,-,3,12378877,-,THCA,3909,TCGA-ET-A39N-01A,TCGA-ET-A39N-01A,1.0,0.0,0.0,0.0,0.0
2,212374082,-,5,5816056,-,THCA,3910,TCGA-ET-A39N-01A,TCGA-ET-A39N-01A,1.0,0.0,0.0,0.0,0.0
3,12378736,+,6,131830926,+,THCA,3911,TCGA-ET-A39N-01A,TCGA-ET-A39N-01A,1.0,0.0,0.0,0.0,0.0
3,20018745,+,23,797954,-,THCA,3912,TCGA-ET-A39N-01A,TCGA-ET-A39N-01A,1.0,0.0,0.0,0.0,0.0
3,66175161,+,13,50301438,+,THCA,3913,TCGA-ET-A39N-01A,TCGA-ET-A39N-01A,1.0,0.0,0.0,0.0,0.0
3,90976374,-,3,91085391,+,THCA,3914,TCGA-ET-A39N-01A,TCGA-ET-A39N-01A,1.0,0.0,0.0,0.0,0.0
3,182048151,-,19,28733051,+,THCA,3915,TCGA-ET-A39N-01A,TCGA-ET-A39N-01A,1.0,0.0,0.0,0.0,0.0
6,131831931,-,6,131853099,-,THCA,3916,TCGA-ET-A39N-01A,TCGA-ET-A39N-01A,1.0,0.0,0.0,0.0,0.0
7,61430766,-,7,61449906,+,THCA,3917,TCGA-ET-A39N-01A,TCGA-ET-A39N-01A,1.0,0.0,0.0,0.0,0.0
1,171983418,-,9,20445097,+,THCA,3918,TCGA-ET-A39P-01A,TCGA-ET-A39P-01A,1.0,0.0,0.0,0.0,0.0
1,223439997,+,5,67933787,-,THCA,3919,TCGA-ET-A39P-01A,TCGA-ET-A39P-01A,1.0,0.0,0.0,0.0,0.0
13,16603330,-,13,17147033,+,THCA,3920,TCGA-ET-A39P-01A,TCGA-ET-A39P-01A,1.0,0.0,0.0,0.0,0.0
17,9453672,+,19,48354113,-,THCA,3921,TCGA-ET-A39P-01A,TCGA-ET-A39P-01A,1.0,0.0,0.0,0.0,0.0
17,37814491,-,17,45606979,+,THCA,3922,TCGA-ET-A39P-01A,TCGA-ET-A39P-01A,1.0,0.0,0.0,0.0,0.0
19,34796509,-,19,35135287,+,THCA,3923,TCGA-ET-A39P-01A,TCGA-ET-A39P-01A,1.0,0.0,0.0,0.0,0.0
2,107600575,-,17,28848973,-,THCA,3924,TCGA-ET-A39P-01A,TCGA-ET-A39P-01A,1.0,0.0,0.0,0.0,0.0
3,12548471,-,4,169946937,-,THCA,3925,TCGA-ET-A39P-01A,TCGA-ET-A39P-01A,1.0,0.0,0.0,0.0,0.0
8,25132478,-,13,52037789,-,THCA,3926,TCGA-ET-A39P-01A,TCGA-ET-A39P-01A,1.0,0.0,0.0,0.0,0.0
1,55843982,-,4,105044151,+,THCA,3927,TCGA-ET-A39R-01A,TCGA-ET-A39R-01A,1.0,0.0,0.0,0.0,0.0
10,43115867,+,10,59857316,+,THCA,3928,TCGA-ET-A39R-01A,TCGA-ET-A39R-01A,1.0,0.0,0.0,0.0,0.0
10,43116153,-,10,59857768,-,THCA,3929,TCGA-ET-A39R-01A,TCGA-ET-A39R-01A,1.0,0.0,0.0,0.0,0.0
10,43116212,-,10,59857626,+,THCA,3930,TCGA-ET-A39R-01A,TCGA-ET-A39R-01A,1.0,0.0,0.0,0.0,0.0
10,43116213,-,10,59857799,-,THCA,3931,TCGA-ET-A39R-01A,TCGA-ET-A39R-01A,1.0,0.0,0.0,0.0,0.0
10,59857507,-,10,59857800,-,THCA,3932,TCGA-ET-A39R-01A,TCGA-ET-A39R-01A,1.0,0.0,0.0,0.0,0.0
11,52308100,-,11,52673524,+,THCA,3933,TCGA-ET-A39R-01A,TCGA-ET-A39R-01A,1.0,0.0,0.0,0.0,0.0
12,76175997,-,15,69655735,+,THCA,3934,TCGA-ET-A39R-01A,TCGA-ET-A39R-01A,1.0,0.0,0.0,0.0,0.0
18,79441669,+,18,79442411,-,THCA,3935,TCGA-ET-A39R-01A,TCGA-ET-A39R-01A,1.0,0.0,0.0,0.0,0.0
19,29129157,+,19,29129785,-,THCA,3936,TCGA-ET-A39R-01A,TCGA-ET-A39R-01A,1.0,0.0,0.0,0.0,0.0
2,99892345,+,6,32601387,+,THCA,3937,TCGA-ET-A39R-01A,TCGA-ET-A39R-01A,1.0,0.0,0.0,0.0,0.0
2,179015556,-,3,185455162,-,THCA,3938,TCGA-ET-A39R-01A,TCGA-ET-A39R-01A,1.0,0.0,0.0,0.0,0.0
2,215606453,+,2,215607155,-,THCA,3939,TCGA-ET-A39R-01A,TCGA-ET-A39R-01A,1.0,0.0,0.0,0.0,0.0
4,49931633,-,4,50803375,+,THCA,3940,TCGA-ET-A39R-01A,TCGA-ET-A39R-01A,1.0,0.0,0.0,0.0,0.0
4,185691256,+,4,185691785,-,THCA,3941,TCGA-ET-A39R-01A,TCGA-ET-A39R-01A,1.0,0.0,0.0,0.0,0.0
5,20946687,+,5,20947444,-,THCA,3942,TCGA-ET-A39R-01A,TCGA-ET-A39R-01A,1.0,0.0,0.0,0.0,0.0
7,100595437,+,7,100596067,-,THCA,3943,TCGA-ET-A39R-01A,TCGA-ET-A39R-01A,1.0,0.0,0.0,0.0,0.0
8,73562298,+,8,73562912,-,THCA,3944,TCGA-ET-A39R-01A,TCGA-ET-A39R-01A,1.0,0.0,0.0,0.0,0.0
8,96288604,+,8,96289188,-,THCA,3945,TCGA-ET-A39R-01A,TCGA-ET-A39R-01A,1.0,0.0,0.0,0.0,0.0
1,124820634,-,1,124832708,+,THCA,3946,TCGA-ET-A39T-01A,TCGA-ET-A39T-01A,1.0,0.0,0.0,0.0,0.0
12,25803208,-,12,103966057,+,THCA,3947,TCGA-ET-A39T-01A,TCGA-ET-A39T-01A,1.0,0.0,0.0,0.0,0.0
17,22919857,-,17,23082610,+,THCA,3948,TCGA-ET-A39T-01A,TCGA-ET-A39T-01A,1.0,0.0,0.0,0.0,0.0
17,23021180,+,17,23161441,-,THCA,3949,TCGA-ET-A39T-01A,TCGA-ET-A39T-01A,1.0,0.0,0.0,0.0,0.0
18,15511861,+,18,15685578,-,THCA,3950,TCGA-ET-A39T-01A,TCGA-ET-A39T-01A,1.0,0.0,0.0,0.0,0.0
18,15653585,-,18,15679644,+,THCA,3951,TCGA-ET-A39T-01A,TCGA-ET-A39T-01A,1.0,0.0,0.0,0.0,0.0
2,151773981,+,6,31201088,+,THCA,3952,TCGA-ET-A39T-01A,TCGA-ET-A39T-01A,1.0,0.0,0.0,0.0,0.0
9,130605926,+,23,154491243,+,THCA,3953,TCGA-ET-A39T-01A,TCGA-ET-A39T-01A,1.0,0.0,0.0,0.0,0.0
10,250475,+,10,250981,-,THCA,3954,TCGA-ET-A3BP-01A,TCGA-ET-A3BP-01A,1.0,0.0,0.0,0.0,0.0
10,21588126,+,10,21588867,-,THCA,3955,TCGA-ET-A3BP-01A,TCGA-ET-A3BP-01A,1.0,0.0,0.0,0.0,0.0
11,42330139,+,22,43280396,-,THCA,3956,TCGA-ET-A3BP-01A,TCGA-ET-A3BP-01A,1.0,0.0,0.0,0.0,0.0
11,42332887,-,22,43281069,+,THCA,3957,TCGA-ET-A3BP-01A,TCGA-ET-A3BP-01A,1.0,0.0,0.0,0.0,0.0
11,54384670,+,11,54405913,-,THCA,3958,TCGA-ET-A3BP-01A,TCGA-ET-A3BP-01A,1.0,0.0,0.0,0.0,0.0
12,108546322,+,12,108546914,-,THCA,3959,TCGA-ET-A3BP-01A,TCGA-ET-A3BP-01A,1.0,0.0,0.0,0.0,0.0
13,16670003,-,13,16758823,+,THCA,3960,TCGA-ET-A3BP-01A,TCGA-ET-A3BP-01A,1.0,0.0,0.0,0.0,0.0
14,106714247,-,14,106761441,+,THCA,3961,TCGA-ET-A3BP-01A,TCGA-ET-A3BP-01A,1.0,0.0,0.0,0.0,0.0
15,74126086,+,15,74126932,-,THCA,3962,TCGA-ET-A3BP-01A,TCGA-ET-A3BP-01A,1.0,0.0,0.0,0.0,0.0
19,36168387,+,19,36168998,-,THCA,3963,TCGA-ET-A3BP-01A,TCGA-ET-A3BP-01A,1.0,0.0,0.0,0.0,0.0
19,39210132,+,19,39210733,-,THCA,3964,TCGA-ET-A3BP-01A,TCGA-ET-A3BP-01A,1.0,0.0,0.0,0.0,0.0
2,26063847,+,2,26064372,-,THCA,3965,TCGA-ET-A3BP-01A,TCGA-ET-A3BP-01A,1.0,0.0,0.0,0.0,0.0
2,123840106,+,2,123840754,-,THCA,3966,TCGA-ET-A3BP-01A,TCGA-ET-A3BP-01A,1.0,0.0,0.0,0.0,0.0
2,199483680,+,2,199484286,-,THCA,3967,TCGA-ET-A3BP-01A,TCGA-ET-A3BP-01A,1.0,0.0,0.0,0.0,0.0
2,210554217,+,19,53819684,-,THCA,3968,TCGA-ET-A3BP-01A,TCGA-ET-A3BP-01A,1.0,0.0,0.0,0.0,0.0
20,29952313,+,20,29986941,-,THCA,3969,TCGA-ET-A3BP-01A,TCGA-ET-A3BP-01A,1.0,0.0,0.0,0.0,0.0
3,90864226,-,3,90896634,+,THCA,3970,TCGA-ET-A3BP-01A,TCGA-ET-A3BP-01A,1.0,0.0,0.0,0.0,0.0
5,46639926,+,5,46697218,-,THCA,3971,TCGA-ET-A3BP-01A,TCGA-ET-A3BP-01A,1.0,0.0,0.0,0.0,0.0
6,48517097,-,6,49281379,-,THCA,3972,TCGA-ET-A3BP-01A,TCGA-ET-A3BP-01A,1.0,0.0,0.0,0.0,0.0
6,48517512,+,6,49281170,+,THCA,3973,TCGA-ET-A3BP-01A,TCGA-ET-A3BP-01A,1.0,0.0,0.0,0.0,0.0
6,166970560,+,6,166971286,-,THCA,3974,TCGA-ET-A3BP-01A,TCGA-ET-A3BP-01A,1.0,0.0,0.0,0.0,0.0
7,149764944,+,7,149765574,-,THCA,3975,TCGA-ET-A3BP-01A,TCGA-ET-A3BP-01A,1.0,0.0,0.0,0.0,0.0
1,77433768,+,8,133313130,+,THCA,3976,TCGA-ET-A3BQ-01B,TCGA-ET-A3BQ-01B,1.0,0.0,0.0,0.0,0.0
10,39919146,+,10,39931598,-,THCA,3977,TCGA-ET-A3BQ-01B,TCGA-ET-A3BQ-01B,1.0,0.0,0.0,0.0,0.0
11,53022581,+,11,53074572,-,THCA,3978,TCGA-ET-A3BQ-01B,TCGA-ET-A3BQ-01B,1.0,0.0,0.0,0.0,0.0
11,54349613,-,11,54391770,+,THCA,3979,TCGA-ET-A3BQ-01B,TCGA-ET-A3BQ-01B,1.0,0.0,0.0,0.0,0.0
13,16019957,-,20,28765475,-,THCA,3980,TCGA-ET-A3BQ-01B,TCGA-ET-A3BQ-01B,1.0,0.0,0.0,0.0,0.0
18,15848387,+,18,18370855,-,THCA,3981,TCGA-ET-A3BQ-01B,TCGA-ET-A3BQ-01B,1.0,0.0,0.0,0.0,0.0
2,83521868,-,4,105044140,+,THCA,3982,TCGA-ET-A3BQ-01B,TCGA-ET-A3BQ-01B,1.0,0.0,0.0,0.0,0.0
20,26545004,-,20,26577323,+,THCA,3983,TCGA-ET-A3BQ-01B,TCGA-ET-A3BQ-01B,1.0,0.0,0.0,0.0,0.0
22,23344652,-,22,24675146,+,THCA,3984,TCGA-ET-A3BQ-01B,TCGA-ET-A3BQ-01B,1.0,0.0,0.0,0.0,0.0
4,74680300,-,18,25887646,-,THCA,3985,TCGA-ET-A3BQ-01B,TCGA-ET-A3BQ-01B,1.0,0.0,0.0,0.0,0.0
4,103718177,-,11,30548218,-,THCA,3986,TCGA-ET-A3BQ-01B,TCGA-ET-A3BQ-01B,1.0,0.0,0.0,0.0,0.0
4,110031059,+,4,110031580,-,THCA,3987,TCGA-ET-A3BQ-01B,TCGA-ET-A3BQ-01B,1.0,0.0,0.0,0.0,0.0
6,658629,-,11,43619228,-,THCA,3988,TCGA-ET-A3BQ-01B,TCGA-ET-A3BQ-01B,1.0,0.0,0.0,0.0,0.0
7,2859533,+,14,68072062,+,THCA,3989,TCGA-ET-A3BQ-01B,TCGA-ET-A3BQ-01B,1.0,0.0,0.0,0.0,0.0
7,154493189,-,23,31135278,-,THCA,3990,TCGA-ET-A3BQ-01B,TCGA-ET-A3BQ-01B,1.0,0.0,0.0,0.0,0.0
9,25974538,+,9,25975077,-,THCA,3991,TCGA-ET-A3BQ-01B,TCGA-ET-A3BQ-01B,1.0,0.0,0.0,0.0,0.0
9,35228755,+,10,118270323,-,THCA,3992,TCGA-ET-A3BQ-01B,TCGA-ET-A3BQ-01B,1.0,0.0,0.0,0.0,0.0
11,54368938,-,11,54549346,+,THCA,3993,TCGA-ET-A3BS-01A,TCGA-ET-A3BS-01A,1.0,0.0,0.0,0.0,0.0
18,15761057,+,18,15764320,-,THCA,3994,TCGA-ET-A3BS-01A,TCGA-ET-A3BS-01A,1.0,0.0,0.0,0.0,0.0
3,91157126,-,3,91281824,-,THCA,3995,TCGA-ET-A3BS-01A,TCGA-ET-A3BS-01A,1.0,0.0,0.0,0.0,0.0
4,21545403,-,10,56495419,-,THCA,3996,TCGA-ET-A3BS-01A,TCGA-ET-A3BS-01A,1.0,0.0,0.0,0.0,0.0
5,18538923,-,23,114472182,+,THCA,3997,TCGA-ET-A3BS-01A,TCGA-ET-A3BS-01A,1.0,0.0,0.0,0.0,0.0
5,49669397,+,5,49707051,-,THCA,3998,TCGA-ET-A3BS-01A,TCGA-ET-A3BS-01A,1.0,0.0,0.0,0.0,0.0
5,69377460,+,8,128362895,-,THCA,3999,TCGA-ET-A3BS-01A,TCGA-ET-A3BS-01A,1.0,0.0,0.0,0.0,0.0
23,141880503,+,23,141896306,-,THCA,4000,TCGA-ET-A3BS-01A,TCGA-ET-A3BS-01A,1.0,0.0,0.0,0.0,0.0
1,121755769,-,1,123640353,+,THCA,4001,TCGA-ET-A3BV-01A,TCGA-ET-A3BV-01A,1.0,0.0,0.0,0.0,0.0
1,152103792,-,23,89127975,-,THCA,4002,TCGA-ET-A3BV-01A,TCGA-ET-A3BV-01A,1.0,0.0,0.0,0.0,0.0
11,54359725,-,11,54384661,+,THCA,4003,TCGA-ET-A3BV-01A,TCGA-ET-A3BV-01A,1.0,0.0,0.0,0.0,0.0
12,53889194,-,19,8653290,+,THCA,4004,TCGA-ET-A3BV-01A,TCGA-ET-A3BV-01A,1.0,0.0,0.0,0.0,0.0
12,120555341,+,12,120556073,-,THCA,4005,TCGA-ET-A3BV-01A,TCGA-ET-A3BV-01A,1.0,0.0,0.0,0.0,0.0
13,18622941,-,15,21330744,-,THCA,4006,TCGA-ET-A3BV-01A,TCGA-ET-A3BV-01A,1.0,0.0,0.0,0.0,0.0
18,15635059,-,18,15694827,+,THCA,4007,TCGA-ET-A3BV-01A,TCGA-ET-A3BV-01A,1.0,0.0,0.0,0.0,0.0
2,58028851,-,4,76646228,+,THCA,4008,TCGA-ET-A3BV-01A,TCGA-ET-A3BV-01A,1.0,0.0,0.0,0.0,0.0
2,92875312,+,2,93532598,-,THCA,4009,TCGA-ET-A3BV-01A,TCGA-ET-A3BV-01A,1.0,0.0,0.0,0.0,0.0
2,102646790,+,6,68453989,+,THCA,4010,TCGA-ET-A3BV-01A,TCGA-ET-A3BV-01A,1.0,0.0,0.0,0.0,0.0
4,145578681,+,4,145593388,+,THCA,4011,TCGA-ET-A3BV-01A,TCGA-ET-A3BV-01A,1.0,0.0,0.0,0.0,0.0
5,47027076,-,5,47048765,+,THCA,4012,TCGA-ET-A3BV-01A,TCGA-ET-A3BV-01A,1.0,0.0,0.0,0.0,0.0
5,80301520,+,23,124129168,+,THCA,4013,TCGA-ET-A3BV-01A,TCGA-ET-A3BV-01A,1.0,0.0,0.0,0.0,0.0
7,29629873,+,7,29742943,-,THCA,4014,TCGA-ET-A3BV-01A,TCGA-ET-A3BV-01A,1.0,0.0,0.0,0.0,0.0
8,113611642,-,8,114044813,-,THCA,4015,TCGA-ET-A3BV-01A,TCGA-ET-A3BV-01A,1.0,0.0,0.0,0.0,0.0
8,139663682,+,23,23405717,+,THCA,4016,TCGA-ET-A3BV-01A,TCGA-ET-A3BV-01A,1.0,0.0,0.0,0.0,0.0
1,122172993,-,1,122191521,+,THCA,4017,TCGA-ET-A3BW-01A,TCGA-ET-A3BW-01A,1.0,0.0,0.0,0.0,0.0
10,40616444,+,10,41513975,-,THCA,4018,TCGA-ET-A3BW-01A,TCGA-ET-A3BW-01A,1.0,0.0,0.0,0.0,0.0
11,53386879,-,11,53398222,+,THCA,4019,TCGA-ET-A3BW-01A,TCGA-ET-A3BW-01A,1.0,0.0,0.0,0.0,0.0
11,54352410,-,11,54358703,+,THCA,4020,TCGA-ET-A3BW-01A,TCGA-ET-A3BW-01A,1.0,0.0,0.0,0.0,0.0
12,1418326,-,15,57075720,+,THCA,4021,TCGA-ET-A3BW-01A,TCGA-ET-A3BW-01A,1.0,0.0,0.0,0.0,0.0
13,17552605,+,13,17767275,-,THCA,4022,TCGA-ET-A3BW-01A,TCGA-ET-A3BW-01A,1.0,0.0,0.0,0.0,0.0
19,14090010,-,22,20450253,+,THCA,4023,TCGA-ET-A3BW-01A,TCGA-ET-A3BW-01A,1.0,0.0,0.0,0.0,0.0
2,81562778,-,8,106894549,+,THCA,4024,TCGA-ET-A3BW-01A,TCGA-ET-A3BW-01A,1.0,0.0,0.0,0.0,0.0
21,35348738,-,23,9791774,-,THCA,4025,TCGA-ET-A3BW-01A,TCGA-ET-A3BW-01A,1.0,0.0,0.0,0.0,0.0
3,90885127,-,3,91144552,+,THCA,4026,TCGA-ET-A3BW-01A,TCGA-ET-A3BW-01A,1.0,0.0,0.0,0.0,0.0
3,91027398,-,3,91089759,+,THCA,4027,TCGA-ET-A3BW-01A,TCGA-ET-A3BW-01A,1.0,0.0,0.0,0.0,0.0
5,49812503,+,5,49909072,-,THCA,4028,TCGA-ET-A3BW-01A,TCGA-ET-A3BW-01A,1.0,0.0,0.0,0.0,0.0
6,57992465,+,6,60744099,-,THCA,4029,TCGA-ET-A3BW-01A,TCGA-ET-A3BW-01A,1.0,0.0,0.0,0.0,0.0
9,44603324,+,9,44780831,-,THCA,4030,TCGA-ET-A3BW-01A,TCGA-ET-A3BW-01A,1.0,0.0,0.0,0.0,0.0
23,141909804,+,23,142193059,+,THCA,4031,TCGA-ET-A3BW-01A,TCGA-ET-A3BW-01A,1.0,0.0,0.0,0.0,0.0
13,16019954,-,20,28765298,-,THCA,4032,TCGA-ET-A3BX-01A,TCGA-ET-A3BX-01A,1.0,0.0,0.0,0.0,0.0
17,22830352,+,17,23059639,-,THCA,4033,TCGA-ET-A3BX-01A,TCGA-ET-A3BX-01A,1.0,0.0,0.0,0.0,0.0
3,169183547,-,16,69568348,-,THCA,4034,TCGA-ET-A3BX-01A,TCGA-ET-A3BX-01A,1.0,0.0,0.0,0.0,0.0
5,66297385,-,16,26766040,-,THCA,4035,TCGA-ET-A3BX-01A,TCGA-ET-A3BX-01A,1.0,0.0,0.0,0.0,0.0
5,134518597,-,14,80062403,-,THCA,4036,TCGA-ET-A3BX-01A,TCGA-ET-A3BX-01A,1.0,0.0,0.0,0.0,0.0
7,44523072,+,21,38508001,-,THCA,4037,TCGA-ET-A3BX-01A,TCGA-ET-A3BX-01A,1.0,0.0,0.0,0.0,0.0
11,66108572,-,11,66108768,+,THCA,4038,TCGA-ET-A3DO-01A,TCGA-ET-A3DO-01A,1.0,0.0,0.0,0.0,0.0
11,123318154,+,20,4118995,+,THCA,4039,TCGA-ET-A3DO-01A,TCGA-ET-A3DO-01A,1.0,0.0,0.0,0.0,0.0
17,22913443,-,17,23193066,+,THCA,4040,TCGA-ET-A3DO-01A,TCGA-ET-A3DO-01A,1.0,0.0,0.0,0.0,0.0
2,214751268,-,5,104222744,+,THCA,4041,TCGA-ET-A3DO-01A,TCGA-ET-A3DO-01A,1.0,0.0,0.0,0.0,0.0
3,141029160,+,12,126872261,-,THCA,4042,TCGA-ET-A3DO-01A,TCGA-ET-A3DO-01A,1.0,0.0,0.0,0.0,0.0
6,11954193,-,6,12003503,+,THCA,4043,TCGA-ET-A3DO-01A,TCGA-ET-A3DO-01A,1.0,0.0,0.0,0.0,0.0
10,11165050,+,10,11165694,-,THCA,4044,TCGA-ET-A3DP-01A,TCGA-ET-A3DP-01A,1.0,0.0,0.0,0.0,0.0
13,112678848,-,19,50391681,+,THCA,4045,TCGA-ET-A3DP-01A,TCGA-ET-A3DP-01A,1.0,0.0,0.0,0.0,0.0
2,93800693,-,2,94167111,+,THCA,4046,TCGA-ET-A3DP-01A,TCGA-ET-A3DP-01A,1.0,0.0,0.0,0.0,0.0
3,91024086,-,3,91212170,+,THCA,4047,TCGA-ET-A3DP-01A,TCGA-ET-A3DP-01A,1.0,0.0,0.0,0.0,0.0
5,49916482,+,5,49925127,-,THCA,4048,TCGA-ET-A3DP-01A,TCGA-ET-A3DP-01A,1.0,0.0,0.0,0.0,0.0
7,39785799,+,7,45801659,-,THCA,4049,TCGA-ET-A3DP-01A,TCGA-ET-A3DP-01A,1.0,0.0,0.0,0.0,0.0
7,157361911,+,7,157362491,-,THCA,4050,TCGA-ET-A3DP-01A,TCGA-ET-A3DP-01A,1.0,0.0,0.0,0.0,0.0
8,60191044,+,13,92663618,-,THCA,4051,TCGA-ET-A3DP-01A,TCGA-ET-A3DP-01A,1.0,0.0,0.0,0.0,0.0
1,122137376,-,1,122150308,+,THCA,4052,TCGA-ET-A3DQ-01A,TCGA-ET-A3DQ-01A,1.0,0.0,0.0,0.0,0.0
10,43115027,+,10,99975598,-,THCA,4053,TCGA-ET-A3DQ-01A,TCGA-ET-A3DQ-01A,1.0,0.0,0.0,0.0,0.0
11,64781878,+,11,64782383,-,THCA,4054,TCGA-ET-A3DQ-01A,TCGA-ET-A3DQ-01A,1.0,0.0,0.0,0.0,0.0
12,53456130,-,19,21566317,+,THCA,4055,TCGA-ET-A3DQ-01A,TCGA-ET-A3DQ-01A,1.0,0.0,0.0,0.0,0.0
13,16034239,-,13,16050235,+,THCA,4056,TCGA-ET-A3DQ-01A,TCGA-ET-A3DQ-01A,1.0,0.0,0.0,0.0,0.0
15,47104202,-,20,30189619,-,THCA,4057,TCGA-ET-A3DQ-01A,TCGA-ET-A3DQ-01A,1.0,0.0,0.0,0.0,0.0
16,67075198,-,20,52244582,-,THCA,4058,TCGA-ET-A3DQ-01A,TCGA-ET-A3DQ-01A,1.0,0.0,0.0,0.0,0.0
18,20805235,-,18,20832657,-,THCA,4059,TCGA-ET-A3DQ-01A,TCGA-ET-A3DQ-01A,1.0,0.0,0.0,0.0,0.0
4,107668776,-,8,32407321,-,THCA,4060,TCGA-ET-A3DQ-01A,TCGA-ET-A3DQ-01A,1.0,0.0,0.0,0.0,0.0
7,46806615,+,23,1030296,-,THCA,4061,TCGA-ET-A3DQ-01A,TCGA-ET-A3DQ-01A,1.0,0.0,0.0,0.0,0.0
8,44142490,-,8,45521739,+,THCA,4062,TCGA-ET-A3DQ-01A,TCGA-ET-A3DQ-01A,1.0,0.0,0.0,0.0,0.0
9,113170499,-,10,43115008,-,THCA,4063,TCGA-ET-A3DQ-01A,TCGA-ET-A3DQ-01A,1.0,0.0,0.0,0.0,0.0
9,113170555,+,10,43576767,+,THCA,4064,TCGA-ET-A3DQ-01A,TCGA-ET-A3DQ-01A,1.0,0.0,0.0,0.0,0.0
10,43116326,-,10,59880629,-,THCA,4065,TCGA-ET-A3DR-01A,TCGA-ET-A3DR-01A,1.0,0.0,0.0,0.0,0.0
10,43116326,+,10,59880629,+,THCA,4066,TCGA-ET-A3DR-01A,TCGA-ET-A3DR-01A,1.0,0.0,0.0,0.0,0.0
13,20932622,+,13,20933149,-,THCA,4067,TCGA-ET-A3DR-01A,TCGA-ET-A3DR-01A,1.0,0.0,0.0,0.0,0.0
15,17506779,+,15,18047075,-,THCA,4068,TCGA-ET-A3DR-01A,TCGA-ET-A3DR-01A,1.0,0.0,0.0,0.0,0.0
17,76724719,+,20,51069969,+,THCA,4069,TCGA-ET-A3DR-01A,TCGA-ET-A3DR-01A,1.0,0.0,0.0,0.0,0.0
19,12351792,+,19,12352458,-,THCA,4070,TCGA-ET-A3DR-01A,TCGA-ET-A3DR-01A,1.0,0.0,0.0,0.0,0.0
4,39954357,+,4,39955013,-,THCA,4071,TCGA-ET-A3DR-01A,TCGA-ET-A3DR-01A,1.0,0.0,0.0,0.0,0.0
6,158761222,-,6,158909808,+,THCA,4072,TCGA-ET-A3DR-01A,TCGA-ET-A3DR-01A,1.0,0.0,0.0,0.0,0.0
6,164741578,+,6,164742179,-,THCA,4073,TCGA-ET-A3DR-01A,TCGA-ET-A3DR-01A,1.0,0.0,0.0,0.0,0.0
1,37323214,-,20,39525211,+,THCA,4074,TCGA-ET-A3DS-01A,TCGA-ET-A3DS-01A,1.0,0.0,0.0,0.0,0.0
1,196743897,+,1,196828477,-,THCA,4075,TCGA-ET-A3DS-01A,TCGA-ET-A3DS-01A,1.0,0.0,0.0,0.0,0.0
10,20333607,-,10,20715667,-,THCA,4076,TCGA-ET-A3DS-01A,TCGA-ET-A3DS-01A,1.0,0.0,0.0,0.0,0.0
10,20340688,+,17,33666605,-,THCA,4077,TCGA-ET-A3DS-01A,TCGA-ET-A3DS-01A,1.0,0.0,0.0,0.0,0.0
12,47886752,-,16,81069097,-,THCA,4078,TCGA-ET-A3DS-01A,TCGA-ET-A3DS-01A,1.0,0.0,0.0,0.0,0.0
12,55255392,+,16,16543662,-,THCA,4079,TCGA-ET-A3DS-01A,TCGA-ET-A3DS-01A,1.0,0.0,0.0,0.0,0.0
12,55255419,-,12,99126557,-,THCA,4080,TCGA-ET-A3DS-01A,TCGA-ET-A3DS-01A,1.0,0.0,0.0,0.0,0.0
12,99126541,+,22,24614110,+,THCA,4081,TCGA-ET-A3DS-01A,TCGA-ET-A3DS-01A,1.0,0.0,0.0,0.0,0.0
14,106421601,-,14,106639065,+,THCA,4082,TCGA-ET-A3DS-01A,TCGA-ET-A3DS-01A,1.0,0.0,0.0,0.0,0.0
16,29888508,+,16,81065828,+,THCA,4083,TCGA-ET-A3DS-01A,TCGA-ET-A3DS-01A,1.0,0.0,0.0,0.0,0.0
17,75282040,+,17,75282583,-,THCA,4084,TCGA-ET-A3DS-01A,TCGA-ET-A3DS-01A,1.0,0.0,0.0,0.0,0.0
18,15473199,+,18,15699387,-,THCA,4085,TCGA-ET-A3DS-01A,TCGA-ET-A3DS-01A,1.0,0.0,0.0,0.0,0.0
18,15475226,+,18,15679158,-,THCA,4086,TCGA-ET-A3DS-01A,TCGA-ET-A3DS-01A,1.0,0.0,0.0,0.0,0.0
2,68554261,-,16,16543673,+,THCA,4087,TCGA-ET-A3DS-01A,TCGA-ET-A3DS-01A,1.0,0.0,0.0,0.0,0.0
2,91929744,+,24,11381142,-,THCA,4088,TCGA-ET-A3DS-01A,TCGA-ET-A3DS-01A,1.0,0.0,0.0,0.0,0.0
20,29981808,-,20,30022895,+,THCA,4089,TCGA-ET-A3DS-01A,TCGA-ET-A3DS-01A,1.0,0.0,0.0,0.0,0.0
3,161505349,-,13,37752076,-,THCA,4090,TCGA-ET-A3DS-01A,TCGA-ET-A3DS-01A,1.0,0.0,0.0,0.0,0.0
3,184404081,+,7,75906727,-,THCA,4091,TCGA-ET-A3DS-01A,TCGA-ET-A3DS-01A,1.0,0.0,0.0,0.0,0.0
5,49902089,+,5,49963634,-,THCA,4092,TCGA-ET-A3DS-01A,TCGA-ET-A3DS-01A,1.0,0.0,0.0,0.0,0.0
6,34554788,+,6,34555389,-,THCA,4093,TCGA-ET-A3DS-01A,TCGA-ET-A3DS-01A,1.0,0.0,0.0,0.0,0.0
1,170384665,+,1,170385222,-,THCA,4094,TCGA-ET-A3DT-01A,TCGA-ET-A3DT-01A,1.0,0.0,0.0,0.0,0.0
1,242276669,-,10,38321988,-,THCA,4095,TCGA-ET-A3DT-01A,TCGA-ET-A3DT-01A,1.0,0.0,0.0,0.0,0.0
10,8268463,+,23,150000998,+,THCA,4096,TCGA-ET-A3DT-01A,TCGA-ET-A3DT-01A,1.0,0.0,0.0,0.0,0.0
9,77775198,-,22,22114389,+,THCA,4097,TCGA-ET-A3DT-01A,TCGA-ET-A3DT-01A,1.0,0.0,0.0,0.0,0.0
1,27461725,+,1,27462227,-,THCA,4098,TCGA-ET-A3DU-01A,TCGA-ET-A3DU-01A,1.0,0.0,0.0,0.0,0.0
1,38988373,+,1,38988942,-,THCA,4099,TCGA-ET-A3DU-01A,TCGA-ET-A3DU-01A,1.0,0.0,0.0,0.0,0.0
1,40883134,+,1,40883676,-,THCA,4100,TCGA-ET-A3DU-01A,TCGA-ET-A3DU-01A,1.0,0.0,0.0,0.0,0.0
1,77433809,+,8,133313091,+,THCA,4101,TCGA-ET-A3DU-01A,TCGA-ET-A3DU-01A,1.0,0.0,0.0,0.0,0.0
11,54371293,+,11,54381388,-,THCA,4102,TCGA-ET-A3DU-01A,TCGA-ET-A3DU-01A,1.0,0.0,0.0,0.0,0.0
11,54374538,-,11,54421705,+,THCA,4103,TCGA-ET-A3DU-01A,TCGA-ET-A3DU-01A,1.0,0.0,0.0,0.0,0.0
11,71318557,+,11,71319209,-,THCA,4104,TCGA-ET-A3DU-01A,TCGA-ET-A3DU-01A,1.0,0.0,0.0,0.0,0.0
11,74765119,+,11,74765696,-,THCA,4105,TCGA-ET-A3DU-01A,TCGA-ET-A3DU-01A,1.0,0.0,0.0,0.0,0.0
12,25953032,+,12,25953728,-,THCA,4106,TCGA-ET-A3DU-01A,TCGA-ET-A3DU-01A,1.0,0.0,0.0,0.0,0.0
12,34797743,+,12,34817528,-,THCA,4107,TCGA-ET-A3DU-01A,TCGA-ET-A3DU-01A,1.0,0.0,0.0,0.0,0.0
12,34861657,+,12,36500188,-,THCA,4108,TCGA-ET-A3DU-01A,TCGA-ET-A3DU-01A,1.0,0.0,0.0,0.0,0.0
12,120823875,+,12,120824556,-,THCA,4109,TCGA-ET-A3DU-01A,TCGA-ET-A3DU-01A,1.0,0.0,0.0,0.0,0.0
12,121434492,+,12,121435136,-,THCA,4110,TCGA-ET-A3DU-01A,TCGA-ET-A3DU-01A,1.0,0.0,0.0,0.0,0.0
13,16298330,-,13,16628135,+,THCA,4111,TCGA-ET-A3DU-01A,TCGA-ET-A3DU-01A,1.0,0.0,0.0,0.0,0.0
13,16426788,-,13,16734500,+,THCA,4112,TCGA-ET-A3DU-01A,TCGA-ET-A3DU-01A,1.0,0.0,0.0,0.0,0.0
13,16603269,-,13,17086865,+,THCA,4113,TCGA-ET-A3DU-01A,TCGA-ET-A3DU-01A,1.0,0.0,0.0,0.0,0.0
13,19377985,-,13,24450520,-,THCA,4114,TCGA-ET-A3DU-01A,TCGA-ET-A3DU-01A,1.0,0.0,0.0,0.0,0.0
13,19792355,+,13,19793072,-,THCA,4115,TCGA-ET-A3DU-01A,TCGA-ET-A3DU-01A,1.0,0.0,0.0,0.0,0.0
13,46161553,+,13,46162271,-,THCA,4116,TCGA-ET-A3DU-01A,TCGA-ET-A3DU-01A,1.0,0.0,0.0,0.0,0.0
15,22929384,+,15,22930089,-,THCA,4117,TCGA-ET-A3DU-01A,TCGA-ET-A3DU-01A,1.0,0.0,0.0,0.0,0.0
16,35751110,+,16,35751623,-,THCA,4118,TCGA-ET-A3DU-01A,TCGA-ET-A3DU-01A,1.0,0.0,0.0,0.0,0.0
16,67738565,+,16,67739072,-,THCA,4119,TCGA-ET-A3DU-01A,TCGA-ET-A3DU-01A,1.0,0.0,0.0,0.0,0.0
16,88928227,+,16,88928890,-,THCA,4120,TCGA-ET-A3DU-01A,TCGA-ET-A3DU-01A,1.0,0.0,0.0,0.0,0.0
17,50189433,+,17,50190342,-,THCA,4121,TCGA-ET-A3DU-01A,TCGA-ET-A3DU-01A,1.0,0.0,0.0,0.0,0.0
17,59411681,+,17,59412335,-,THCA,4122,TCGA-ET-A3DU-01A,TCGA-ET-A3DU-01A,1.0,0.0,0.0,0.0,0.0
17,79866775,+,17,79867502,-,THCA,4123,TCGA-ET-A3DU-01A,TCGA-ET-A3DU-01A,1.0,0.0,0.0,0.0,0.0
18,12719449,+,18,12720081,-,THCA,4124,TCGA-ET-A3DU-01A,TCGA-ET-A3DU-01A,1.0,0.0,0.0,0.0,0.0
18,15564962,+,18,15699355,-,THCA,4125,TCGA-ET-A3DU-01A,TCGA-ET-A3DU-01A,1.0,0.0,0.0,0.0,0.0
19,1621117,+,19,1621764,-,THCA,4126,TCGA-ET-A3DU-01A,TCGA-ET-A3DU-01A,1.0,0.0,0.0,0.0,0.0
19,18437016,+,19,18437644,-,THCA,4127,TCGA-ET-A3DU-01A,TCGA-ET-A3DU-01A,1.0,0.0,0.0,0.0,0.0
19,43532942,+,19,43533493,-,THCA,4128,TCGA-ET-A3DU-01A,TCGA-ET-A3DU-01A,1.0,0.0,0.0,0.0,0.0
2,47568928,+,2,47569540,-,THCA,4129,TCGA-ET-A3DU-01A,TCGA-ET-A3DU-01A,1.0,0.0,0.0,0.0,0.0
2,200873133,+,2,200873702,-,THCA,4130,TCGA-ET-A3DU-01A,TCGA-ET-A3DU-01A,1.0,0.0,0.0,0.0,0.0
2,211259301,+,20,43068176,-,THCA,4131,TCGA-ET-A3DU-01A,TCGA-ET-A3DU-01A,1.0,0.0,0.0,0.0,0.0
20,38443311,+,20,38443979,-,THCA,4132,TCGA-ET-A3DU-01A,TCGA-ET-A3DU-01A,1.0,0.0,0.0,0.0,0.0
20,50643510,+,20,50644088,-,THCA,4133,TCGA-ET-A3DU-01A,TCGA-ET-A3DU-01A,1.0,0.0,0.0,0.0,0.0
3,10049658,-,3,11871616,+,THCA,4134,TCGA-ET-A3DU-01A,TCGA-ET-A3DU-01A,1.0,0.0,0.0,0.0,0.0
3,182048138,-,19,28733056,+,THCA,4135,TCGA-ET-A3DU-01A,TCGA-ET-A3DU-01A,1.0,0.0,0.0,0.0,0.0
4,51159073,-,4,51294146,+,THCA,4136,TCGA-ET-A3DU-01A,TCGA-ET-A3DU-01A,1.0,0.0,0.0,0.0,0.0
4,109715100,+,4,109715731,-,THCA,4137,TCGA-ET-A3DU-01A,TCGA-ET-A3DU-01A,1.0,0.0,0.0,0.0,0.0
6,29889373,+,6,29944104,-,THCA,4138,TCGA-ET-A3DU-01A,TCGA-ET-A3DU-01A,1.0,0.0,0.0,0.0,0.0
7,5529709,+,7,5530276,-,THCA,4139,TCGA-ET-A3DU-01A,TCGA-ET-A3DU-01A,1.0,0.0,0.0,0.0,0.0
7,36509244,+,7,36509930,-,THCA,4140,TCGA-ET-A3DU-01A,TCGA-ET-A3DU-01A,1.0,0.0,0.0,0.0,0.0
7,67977897,+,7,67978431,-,THCA,4141,TCGA-ET-A3DU-01A,TCGA-ET-A3DU-01A,1.0,0.0,0.0,0.0,0.0
7,99633045,+,7,99633590,-,THCA,4142,TCGA-ET-A3DU-01A,TCGA-ET-A3DU-01A,1.0,0.0,0.0,0.0,0.0
7,129962426,+,7,129963217,-,THCA,4143,TCGA-ET-A3DU-01A,TCGA-ET-A3DU-01A,1.0,0.0,0.0,0.0,0.0
7,131457241,+,7,131457879,-,THCA,4144,TCGA-ET-A3DU-01A,TCGA-ET-A3DU-01A,1.0,0.0,0.0,0.0,0.0
9,130718622,+,9,130719244,-,THCA,4145,TCGA-ET-A3DU-01A,TCGA-ET-A3DU-01A,1.0,0.0,0.0,0.0,0.0
9,136507378,+,9,136507985,-,THCA,4146,TCGA-ET-A3DU-01A,TCGA-ET-A3DU-01A,1.0,0.0,0.0,0.0,0.0
1,70666349,+,1,70667102,-,THCA,4147,TCGA-ET-A3DW-01A,TCGA-ET-A3DW-01A,1.0,0.0,0.0,0.0,0.0
10,129529708,-,19,2480982,+,THCA,4148,TCGA-ET-A3DW-01A,TCGA-ET-A3DW-01A,1.0,0.0,0.0,0.0,0.0
12,34832672,-,12,37251045,+,THCA,4149,TCGA-ET-A3DW-01A,TCGA-ET-A3DW-01A,1.0,0.0,0.0,0.0,0.0
18,15486825,+,18,15585909,-,THCA,4150,TCGA-ET-A3DW-01A,TCGA-ET-A3DW-01A,1.0,0.0,0.0,0.0,0.0
18,15504576,+,18,15564387,-,THCA,4151,TCGA-ET-A3DW-01A,TCGA-ET-A3DW-01A,1.0,0.0,0.0,0.0,0.0
2,230326287,+,2,230415028,-,THCA,4152,TCGA-ET-A3DW-01A,TCGA-ET-A3DW-01A,1.0,0.0,0.0,0.0,0.0
20,29967996,-,20,30010101,+,THCA,4153,TCGA-ET-A3DW-01A,TCGA-ET-A3DW-01A,1.0,0.0,0.0,0.0,0.0
22,40144996,+,22,40145582,-,THCA,4154,TCGA-ET-A3DW-01A,TCGA-ET-A3DW-01A,1.0,0.0,0.0,0.0,0.0
3,126001319,+,14,40608058,+,THCA,4155,TCGA-ET-A3DW-01A,TCGA-ET-A3DW-01A,1.0,0.0,0.0,0.0,0.0
4,39961673,+,4,39962303,-,THCA,4156,TCGA-ET-A3DW-01A,TCGA-ET-A3DW-01A,1.0,0.0,0.0,0.0,0.0
5,67818650,-,10,98542080,+,THCA,4157,TCGA-ET-A3DW-01A,TCGA-ET-A3DW-01A,1.0,0.0,0.0,0.0,0.0
6,73555571,-,7,14612107,+,THCA,4158,TCGA-ET-A3DW-01A,TCGA-ET-A3DW-01A,1.0,0.0,0.0,0.0,0.0
7,75549754,+,7,75550475,-,THCA,4159,TCGA-ET-A3DW-01A,TCGA-ET-A3DW-01A,1.0,0.0,0.0,0.0,0.0
7,98394261,+,7,102269153,+,THCA,4160,TCGA-ET-A3DW-01A,TCGA-ET-A3DW-01A,1.0,0.0,0.0,0.0,0.0
7,158877579,+,7,158878153,-,THCA,4161,TCGA-ET-A3DW-01A,TCGA-ET-A3DW-01A,1.0,0.0,0.0,0.0,0.0
1,122379340,+,1,122390584,-,THCA,4162,TCGA-ET-A40P-01A,TCGA-ET-A40P-01A,1.0,0.0,0.0,0.0,0.0
1,124977939,+,1,124979886,-,THCA,4163,TCGA-ET-A40P-01A,TCGA-ET-A40P-01A,1.0,0.0,0.0,0.0,0.0
10,39158655,+,10,39229988,-,THCA,4164,TCGA-ET-A40P-01A,TCGA-ET-A40P-01A,1.0,0.0,0.0,0.0,0.0
10,39216637,-,11,54887146,-,THCA,4165,TCGA-ET-A40P-01A,TCGA-ET-A40P-01A,1.0,0.0,0.0,0.0,0.0
11,48812206,-,11,48836298,+,THCA,4166,TCGA-ET-A40P-01A,TCGA-ET-A40P-01A,1.0,0.0,0.0,0.0,0.0
11,50758087,-,23,62617996,-,THCA,4167,TCGA-ET-A40P-01A,TCGA-ET-A40P-01A,1.0,0.0,0.0,0.0,0.0
11,54768884,+,11,54769676,-,THCA,4168,TCGA-ET-A40P-01A,TCGA-ET-A40P-01A,1.0,0.0,0.0,0.0,0.0
11,63113240,+,13,93510986,+,THCA,4169,TCGA-ET-A40P-01A,TCGA-ET-A40P-01A,1.0,0.0,0.0,0.0,0.0
12,34716106,+,19,27399549,+,THCA,4170,TCGA-ET-A40P-01A,TCGA-ET-A40P-01A,1.0,0.0,0.0,0.0,0.0
13,16355140,-,13,16994009,+,THCA,4171,TCGA-ET-A40P-01A,TCGA-ET-A40P-01A,1.0,0.0,0.0,0.0,0.0
13,16397134,+,13,17268613,-,THCA,4172,TCGA-ET-A40P-01A,TCGA-ET-A40P-01A,1.0,0.0,0.0,0.0,0.0
13,16443281,-,13,17189099,+,THCA,4173,TCGA-ET-A40P-01A,TCGA-ET-A40P-01A,1.0,0.0,0.0,0.0,0.0
13,16601888,-,13,17119503,+,THCA,4174,TCGA-ET-A40P-01A,TCGA-ET-A40P-01A,1.0,0.0,0.0,0.0,0.0
13,16898785,+,13,16997894,-,THCA,4175,TCGA-ET-A40P-01A,TCGA-ET-A40P-01A,1.0,0.0,0.0,0.0,0.0
14,26673842,+,14,48453294,-,THCA,4176,TCGA-ET-A40P-01A,TCGA-ET-A40P-01A,1.0,0.0,0.0,0.0,0.0
15,17042544,+,20,28934169,+,THCA,4177,TCGA-ET-A40P-01A,TCGA-ET-A40P-01A,1.0,0.0,0.0,0.0,0.0
15,73392845,+,23,1047121,-,THCA,4178,TCGA-ET-A40P-01A,TCGA-ET-A40P-01A,1.0,0.0,0.0,0.0,0.0
16,37701014,+,16,37915348,-,THCA,4179,TCGA-ET-A40P-01A,TCGA-ET-A40P-01A,1.0,0.0,0.0,0.0,0.0
16,37725321,-,16,37915898,+,THCA,4180,TCGA-ET-A40P-01A,TCGA-ET-A40P-01A,1.0,0.0,0.0,0.0,0.0
17,21446384,-,17,27004250,+,THCA,4181,TCGA-ET-A40P-01A,TCGA-ET-A40P-01A,1.0,0.0,0.0,0.0,0.0
17,50188932,+,17,50189519,-,THCA,4182,TCGA-ET-A40P-01A,TCGA-ET-A40P-01A,1.0,0.0,0.0,0.0,0.0
18,15656370,-,18,15702635,+,THCA,4183,TCGA-ET-A40P-01A,TCGA-ET-A40P-01A,1.0,0.0,0.0,0.0,0.0
18,15967950,+,18,17538902,-,THCA,4184,TCGA-ET-A40P-01A,TCGA-ET-A40P-01A,1.0,0.0,0.0,0.0,0.0
18,20738063,+,18,20802924,-,THCA,4185,TCGA-ET-A40P-01A,TCGA-ET-A40P-01A,1.0,0.0,0.0,0.0,0.0
19,45019206,+,19,45019795,-,THCA,4186,TCGA-ET-A40P-01A,TCGA-ET-A40P-01A,1.0,0.0,0.0,0.0,0.0
2,65925970,+,2,65964837,-,THCA,4187,TCGA-ET-A40P-01A,TCGA-ET-A40P-01A,1.0,0.0,0.0,0.0,0.0
2,65926160,-,2,65965018,+,THCA,4188,TCGA-ET-A40P-01A,TCGA-ET-A40P-01A,1.0,0.0,0.0,0.0,0.0
2,92263967,+,2,93469103,-,THCA,4189,TCGA-ET-A40P-01A,TCGA-ET-A40P-01A,1.0,0.0,0.0,0.0,0.0
20,29242472,+,20,30469651,-,THCA,4190,TCGA-ET-A40P-01A,TCGA-ET-A40P-01A,1.0,0.0,0.0,0.0,0.0
20,30463262,+,24,10208258,+,THCA,4191,TCGA-ET-A40P-01A,TCGA-ET-A40P-01A,1.0,0.0,0.0,0.0,0.0
4,51407829,-,4,51641062,+,THCA,4192,TCGA-ET-A40P-01A,TCGA-ET-A40P-01A,1.0,0.0,0.0,0.0,0.0
5,49801738,-,5,49925502,+,THCA,4193,TCGA-ET-A40P-01A,TCGA-ET-A40P-01A,1.0,0.0,0.0,0.0,0.0
5,49858071,+,5,49888763,-,THCA,4194,TCGA-ET-A40P-01A,TCGA-ET-A40P-01A,1.0,0.0,0.0,0.0,0.0
9,40880435,-,15,18356825,+,THCA,4195,TCGA-ET-A40P-01A,TCGA-ET-A40P-01A,1.0,0.0,0.0,0.0,0.0
23,37541738,+,23,37542374,-,THCA,4196,TCGA-ET-A40P-01A,TCGA-ET-A40P-01A,1.0,0.0,0.0,0.0,0.0
10,15331880,-,10,23817968,-,THCA,4197,TCGA-ET-A40Q-01A,TCGA-ET-A40Q-01A,1.0,0.0,0.0,0.0,0.0
10,102968889,+,10,102969468,-,THCA,4198,TCGA-ET-A40Q-01A,TCGA-ET-A40Q-01A,1.0,0.0,0.0,0.0,0.0
13,16298304,-,13,16734402,+,THCA,4199,TCGA-ET-A40Q-01A,TCGA-ET-A40Q-01A,1.0,0.0,0.0,0.0,0.0
16,3724403,+,16,3724952,-,THCA,4200,TCGA-ET-A40Q-01A,TCGA-ET-A40Q-01A,1.0,0.0,0.0,0.0,0.0
17,2772594,+,17,2773101,-,THCA,4201,TCGA-ET-A40Q-01A,TCGA-ET-A40Q-01A,1.0,0.0,0.0,0.0,0.0
17,22999925,-,17,23156846,+,THCA,4202,TCGA-ET-A40Q-01A,TCGA-ET-A40Q-01A,1.0,0.0,0.0,0.0,0.0
2,95891707,-,2,97209771,-,THCA,4203,TCGA-ET-A40Q-01A,TCGA-ET-A40Q-01A,1.0,0.0,0.0,0.0,0.0
2,141517289,+,8,18991338,-,THCA,4204,TCGA-ET-A40Q-01A,TCGA-ET-A40Q-01A,1.0,0.0,0.0,0.0,0.0
2,169335579,+,2,169336273,-,THCA,4205,TCGA-ET-A40Q-01A,TCGA-ET-A40Q-01A,1.0,0.0,0.0,0.0,0.0
4,108304196,+,14,46370188,+,THCA,4206,TCGA-ET-A40Q-01A,TCGA-ET-A40Q-01A,1.0,0.0,0.0,0.0,0.0
5,47108126,+,5,47142177,-,THCA,4207,TCGA-ET-A40Q-01A,TCGA-ET-A40Q-01A,1.0,0.0,0.0,0.0,0.0
7,75672011,+,7,75672581,-,THCA,4208,TCGA-ET-A40Q-01A,TCGA-ET-A40Q-01A,1.0,0.0,0.0,0.0,0.0
1,92491210,+,7,71485285,+,THCA,4209,TCGA-ET-A40S-01A,TCGA-ET-A40S-01A,1.0,0.0,0.0,0.0,0.0
1,92655398,-,1,156775294,-,THCA,4210,TCGA-ET-A40S-01A,TCGA-ET-A40S-01A,1.0,0.0,0.0,0.0,0.0
1,92656558,+,7,71528674,-,THCA,4211,TCGA-ET-A40S-01A,TCGA-ET-A40S-01A,1.0,0.0,0.0,0.0,0.0
1,92656935,-,1,156776361,+,THCA,4212,TCGA-ET-A40S-01A,TCGA-ET-A40S-01A,1.0,0.0,0.0,0.0,0.0
1,93168009,+,1,156775291,+,THCA,4213,TCGA-ET-A40S-01A,TCGA-ET-A40S-01A,1.0,0.0,0.0,0.0,0.0
1,93208289,-,7,71484546,-,THCA,4214,TCGA-ET-A40S-01A,TCGA-ET-A40S-01A,1.0,0.0,0.0,0.0,0.0
1,156874326,-,5,179826086,+,THCA,4215,TCGA-ET-A40S-01A,TCGA-ET-A40S-01A,1.0,0.0,0.0,0.0,0.0
12,124346323,+,12,124346988,-,THCA,4216,TCGA-ET-A40S-01A,TCGA-ET-A40S-01A,1.0,0.0,0.0,0.0,0.0
13,27181166,-,13,30611727,-,THCA,4217,TCGA-ET-A40S-01A,TCGA-ET-A40S-01A,1.0,0.0,0.0,0.0,0.0
17,18569223,+,17,50920104,+,THCA,4218,TCGA-ET-A40S-01A,TCGA-ET-A40S-01A,1.0,0.0,0.0,0.0,0.0
18,20601369,+,18,20738346,+,THCA,4219,TCGA-ET-A40S-01A,TCGA-ET-A40S-01A,1.0,0.0,0.0,0.0,0.0
19,53096405,-,19,53126248,+,THCA,4220,TCGA-ET-A40S-01A,TCGA-ET-A40S-01A,1.0,0.0,0.0,0.0,0.0
2,92875326,+,2,93532649,-,THCA,4221,TCGA-ET-A40S-01A,TCGA-ET-A40S-01A,1.0,0.0,0.0,0.0,0.0
20,29926438,+,20,29969415,-,THCA,4222,TCGA-ET-A40S-01A,TCGA-ET-A40S-01A,1.0,0.0,0.0,0.0,0.0
3,90973438,+,3,90985177,-,THCA,4223,TCGA-ET-A40S-01A,TCGA-ET-A40S-01A,1.0,0.0,0.0,0.0,0.0
4,38770701,+,12,117657015,+,THCA,4224,TCGA-ET-A40S-01A,TCGA-ET-A40S-01A,1.0,0.0,0.0,0.0,0.0
5,33437443,-,5,33437653,+,THCA,4225,TCGA-ET-A40S-01A,TCGA-ET-A40S-01A,1.0,0.0,0.0,0.0,0.0
5,133081684,-,21,15053920,+,THCA,4226,TCGA-ET-A40S-01A,TCGA-ET-A40S-01A,1.0,0.0,0.0,0.0,0.0
6,155823247,-,10,28733425,+,THCA,4227,TCGA-ET-A40S-01A,TCGA-ET-A40S-01A,1.0,0.0,0.0,0.0,0.0
6,159953924,+,6,160009021,-,THCA,4228,TCGA-ET-A40S-01A,TCGA-ET-A40S-01A,1.0,0.0,0.0,0.0,0.0
6,159954194,-,21,15069175,-,THCA,4229,TCGA-ET-A40S-01A,TCGA-ET-A40S-01A,1.0,0.0,0.0,0.0,0.0
6,159955143,+,7,71484445,+,THCA,4230,TCGA-ET-A40S-01A,TCGA-ET-A40S-01A,1.0,0.0,0.0,0.0,0.0
7,62817538,+,23,58406924,+,THCA,4231,TCGA-ET-A40S-01A,TCGA-ET-A40S-01A,1.0,0.0,0.0,0.0,0.0
23,3036631,+,23,63625853,+,THCA,4232,TCGA-ET-A40S-01A,TCGA-ET-A40S-01A,1.0,0.0,0.0,0.0,0.0
1,122076420,-,1,122121997,+,THCA,4233,TCGA-ET-A40T-01A,TCGA-ET-A40T-01A,1.0,0.0,0.0,0.0,0.0
1,122137369,-,1,122150312,+,THCA,4234,TCGA-ET-A40T-01A,TCGA-ET-A40T-01A,1.0,0.0,0.0,0.0,0.0
1,124797385,-,1,124806700,+,THCA,4235,TCGA-ET-A40T-01A,TCGA-ET-A40T-01A,1.0,0.0,0.0,0.0,0.0
1,124892138,+,1,124895317,-,THCA,4236,TCGA-ET-A40T-01A,TCGA-ET-A40T-01A,1.0,0.0,0.0,0.0,0.0
1,201935677,+,9,125129967,-,THCA,4237,TCGA-ET-A40T-01A,TCGA-ET-A40T-01A,1.0,0.0,0.0,0.0,0.0
10,41558929,-,10,41572856,+,THCA,4238,TCGA-ET-A40T-01A,TCGA-ET-A40T-01A,1.0,0.0,0.0,0.0,0.0
10,43114384,+,10,59899143,+,THCA,4239,TCGA-ET-A40T-01A,TCGA-ET-A40T-01A,1.0,0.0,0.0,0.0,0.0
10,43114562,-,10,59899351,-,THCA,4240,TCGA-ET-A40T-01A,TCGA-ET-A40T-01A,1.0,0.0,0.0,0.0,0.0
11,54343846,+,11,54405973,-,THCA,4241,TCGA-ET-A40T-01A,TCGA-ET-A40T-01A,1.0,0.0,0.0,0.0,0.0
12,34680660,-,12,34681388,+,THCA,4242,TCGA-ET-A40T-01A,TCGA-ET-A40T-01A,1.0,0.0,0.0,0.0,0.0
14,91547039,+,14,91547624,-,THCA,4243,TCGA-ET-A40T-01A,TCGA-ET-A40T-01A,1.0,0.0,0.0,0.0,0.0
17,10958058,+,17,10958568,-,THCA,4244,TCGA-ET-A40T-01A,TCGA-ET-A40T-01A,1.0,0.0,0.0,0.0,0.0
2,94557249,+,22,15194915,-,THCA,4245,TCGA-ET-A40T-01A,TCGA-ET-A40T-01A,1.0,0.0,0.0,0.0,0.0
2,134592870,-,14,41085325,+,THCA,4246,TCGA-ET-A40T-01A,TCGA-ET-A40T-01A,1.0,0.0,0.0,0.0,0.0
2,205383141,+,3,117489309,-,THCA,4247,TCGA-ET-A40T-01A,TCGA-ET-A40T-01A,1.0,0.0,0.0,0.0,0.0
20,37442957,+,20,37443704,-,THCA,4248,TCGA-ET-A40T-01A,TCGA-ET-A40T-01A,1.0,0.0,0.0,0.0,0.0
20,56892078,+,20,56918414,-,THCA,4249,TCGA-ET-A40T-01A,TCGA-ET-A40T-01A,1.0,0.0,0.0,0.0,0.0
3,90304616,-,19,27363103,+,THCA,4250,TCGA-ET-A40T-01A,TCGA-ET-A40T-01A,1.0,0.0,0.0,0.0,0.0
3,90498280,-,3,90499300,+,THCA,4251,TCGA-ET-A40T-01A,TCGA-ET-A40T-01A,1.0,0.0,0.0,0.0,0.0
5,49811923,-,5,49922454,+,THCA,4252,TCGA-ET-A40T-01A,TCGA-ET-A40T-01A,1.0,0.0,0.0,0.0,0.0
5,49909051,-,5,49922481,+,THCA,4253,TCGA-ET-A40T-01A,TCGA-ET-A40T-01A,1.0,0.0,0.0,0.0,0.0
5,150812839,-,11,92753799,+,THCA,4254,TCGA-ET-A40T-01A,TCGA-ET-A40T-01A,1.0,0.0,0.0,0.0,0.0
6,31270842,-,6,31355992,+,THCA,4255,TCGA-ET-A40T-01A,TCGA-ET-A40T-01A,1.0,0.0,0.0,0.0,0.0
7,6585440,+,7,6586121,-,THCA,4256,TCGA-ET-A40T-01A,TCGA-ET-A40T-01A,1.0,0.0,0.0,0.0,0.0
7,111201024,+,7,111224497,-,THCA,4257,TCGA-ET-A40T-01A,TCGA-ET-A40T-01A,1.0,0.0,0.0,0.0,0.0
11,54358675,+,11,54412662,-,THCA,4258,TCGA-ET-A4KN-01A,TCGA-ET-A4KN-01A,1.0,0.0,0.0,0.0,0.0
19,14090037,-,22,20450256,+,THCA,4259,TCGA-ET-A4KN-01A,TCGA-ET-A4KN-01A,1.0,0.0,0.0,0.0,0.0
2,95848812,-,2,97252619,-,THCA,4260,TCGA-ET-A4KN-01A,TCGA-ET-A4KN-01A,1.0,0.0,0.0,0.0,0.0
2,136299131,+,7,68959981,+,THCA,4261,TCGA-ET-A4KN-01A,TCGA-ET-A4KN-01A,1.0,0.0,0.0,0.0,0.0
2,155754616,-,4,181579934,-,THCA,4262,TCGA-ET-A4KN-01A,TCGA-ET-A4KN-01A,1.0,0.0,0.0,0.0,0.0
2,211939830,+,7,131564404,-,THCA,4263,TCGA-ET-A4KN-01A,TCGA-ET-A4KN-01A,1.0,0.0,0.0,0.0,0.0
20,26440334,+,20,26553249,-,THCA,4264,TCGA-ET-A4KN-01A,TCGA-ET-A4KN-01A,1.0,0.0,0.0,0.0,0.0
3,12590063,+,3,12590579,-,THCA,4265,TCGA-ET-A4KN-01A,TCGA-ET-A4KN-01A,1.0,0.0,0.0,0.0,0.0
3,91157142,-,3,91281819,-,THCA,4266,TCGA-ET-A4KN-01A,TCGA-ET-A4KN-01A,1.0,0.0,0.0,0.0,0.0
4,49719557,-,4,51016853,+,THCA,4267,TCGA-ET-A4KN-01A,TCGA-ET-A4KN-01A,1.0,0.0,0.0,0.0,0.0
5,138765352,+,6,13521034,+,THCA,4268,TCGA-ET-A4KN-01A,TCGA-ET-A4KN-01A,1.0,0.0,0.0,0.0,0.0
7,53839928,-,10,110533904,+,THCA,4269,TCGA-ET-A4KN-01A,TCGA-ET-A4KN-01A,1.0,0.0,0.0,0.0,0.0
7,140798073,-,12,1207137,-,THCA,4270,TCGA-ET-A4KN-01A,TCGA-ET-A4KN-01A,1.0,0.0,0.0,0.0,0.0
7,140798073,+,12,1207137,+,THCA,4271,TCGA-ET-A4KN-01A,TCGA-ET-A4KN-01A,1.0,0.0,0.0,0.0,0.0
1,1097028,+,1,1097678,-,THCA,4272,TCGA-ET-A4KQ-01A,TCGA-ET-A4KQ-01A,1.0,0.0,0.0,0.0,0.0
1,235030983,+,1,235031621,-,THCA,4273,TCGA-ET-A4KQ-01A,TCGA-ET-A4KQ-01A,1.0,0.0,0.0,0.0,0.0
11,47642092,-,14,68794672,-,THCA,4274,TCGA-ET-A4KQ-01A,TCGA-ET-A4KQ-01A,1.0,0.0,0.0,0.0,0.0
11,54386535,-,11,54413107,+,THCA,4275,TCGA-ET-A4KQ-01A,TCGA-ET-A4KQ-01A,1.0,0.0,0.0,0.0,0.0
12,27478328,+,12,27478857,-,THCA,4276,TCGA-ET-A4KQ-01A,TCGA-ET-A4KQ-01A,1.0,0.0,0.0,0.0,0.0
12,46437394,-,12,46437525,+,THCA,4277,TCGA-ET-A4KQ-01A,TCGA-ET-A4KQ-01A,1.0,0.0,0.0,0.0,0.0
13,17148587,-,13,17230435,+,THCA,4278,TCGA-ET-A4KQ-01A,TCGA-ET-A4KQ-01A,1.0,0.0,0.0,0.0,0.0
2,43247926,-,3,60124018,+,THCA,4279,TCGA-ET-A4KQ-01A,TCGA-ET-A4KQ-01A,1.0,0.0,0.0,0.0,0.0
20,29931749,-,20,29969394,+,THCA,4280,TCGA-ET-A4KQ-01A,TCGA-ET-A4KQ-01A,1.0,0.0,0.0,0.0,0.0
22,44413913,+,22,44414427,-,THCA,4281,TCGA-ET-A4KQ-01A,TCGA-ET-A4KQ-01A,1.0,0.0,0.0,0.0,0.0
3,143743263,+,6,141419250,+,THCA,4282,TCGA-ET-A4KQ-01A,TCGA-ET-A4KQ-01A,1.0,0.0,0.0,0.0,0.0
8,26287974,+,8,26288695,-,THCA,4283,TCGA-ET-A4KQ-01A,TCGA-ET-A4KQ-01A,1.0,0.0,0.0,0.0,0.0
23,132799065,+,23,132799580,-,THCA,4284,TCGA-ET-A4KQ-01A,TCGA-ET-A4KQ-01A,1.0,0.0,0.0,0.0,0.0
13,90497161,-,23,43589018,-,THCA,4285,TCGA-FE-A22Z-01A,TCGA-FE-A22Z-01A,1.0,0.0,0.0,0.0,0.0
14,43307705,+,14,43310652,-,THCA,4286,TCGA-FE-A22Z-01A,TCGA-FE-A22Z-01A,1.0,0.0,0.0,0.0,0.0
14,77056779,+,14,77057416,-,THCA,4287,TCGA-FE-A22Z-01A,TCGA-FE-A22Z-01A,1.0,0.0,0.0,0.0,0.0
15,24163993,-,15,24239003,+,THCA,4288,TCGA-FE-A22Z-01A,TCGA-FE-A22Z-01A,1.0,0.0,0.0,0.0,0.0
15,24164243,+,15,24239255,-,THCA,4289,TCGA-FE-A22Z-01A,TCGA-FE-A22Z-01A,1.0,0.0,0.0,0.0,0.0
16,132335,-,16,2935799,-,THCA,4290,TCGA-FE-A22Z-01A,TCGA-FE-A22Z-01A,1.0,0.0,0.0,0.0,0.0
16,2863713,+,16,3107295,+,THCA,4291,TCGA-FE-A22Z-01A,TCGA-FE-A22Z-01A,1.0,0.0,0.0,0.0,0.0
2,122982257,-,2,129370338,+,THCA,4292,TCGA-FE-A22Z-01A,TCGA-FE-A22Z-01A,1.0,0.0,0.0,0.0,0.0
2,200218480,+,4,25325245,-,THCA,4293,TCGA-FE-A22Z-01A,TCGA-FE-A22Z-01A,1.0,0.0,0.0,0.0,0.0
4,40240247,+,4,40240890,-,THCA,4294,TCGA-FE-A22Z-01A,TCGA-FE-A22Z-01A,1.0,0.0,0.0,0.0,0.0
4,155845441,+,9,127787709,-,THCA,4295,TCGA-FE-A22Z-01A,TCGA-FE-A22Z-01A,1.0,0.0,0.0,0.0,0.0
4,155845448,-,6,165036879,-,THCA,4296,TCGA-FE-A22Z-01A,TCGA-FE-A22Z-01A,1.0,0.0,0.0,0.0,0.0
4,155845618,+,16,1122515,-,THCA,4297,TCGA-FE-A22Z-01A,TCGA-FE-A22Z-01A,1.0,0.0,0.0,0.0,0.0
5,153662714,-,23,146327318,-,THCA,4298,TCGA-FE-A22Z-01A,TCGA-FE-A22Z-01A,1.0,0.0,0.0,0.0,0.0
6,165036882,-,16,1122515,-,THCA,4299,TCGA-FE-A22Z-01A,TCGA-FE-A22Z-01A,1.0,0.0,0.0,0.0,0.0
9,43429155,-,9,44203779,+,THCA,4300,TCGA-FE-A22Z-01A,TCGA-FE-A22Z-01A,1.0,0.0,0.0,0.0,0.0
9,134254310,-,17,7156969,+,THCA,4301,TCGA-FE-A22Z-01A,TCGA-FE-A22Z-01A,1.0,0.0,0.0,0.0,0.0
9,134254433,+,17,7156387,-,THCA,4302,TCGA-FE-A22Z-01A,TCGA-FE-A22Z-01A,1.0,0.0,0.0,0.0,0.0
11,34033775,+,11,34034353,-,THCA,4303,TCGA-FE-A230-01A,TCGA-FE-A230-01A,1.0,0.0,0.0,0.0,0.0
12,71705808,+,12,71706363,-,THCA,4304,TCGA-FE-A230-01A,TCGA-FE-A230-01A,1.0,0.0,0.0,0.0,0.0
16,21995492,+,16,21996046,-,THCA,4305,TCGA-FE-A230-01A,TCGA-FE-A230-01A,1.0,0.0,0.0,0.0,0.0
17,22896022,+,17,23137643,-,THCA,4306,TCGA-FE-A230-01A,TCGA-FE-A230-01A,1.0,0.0,0.0,0.0,0.0
19,46883494,+,19,48057705,-,THCA,4307,TCGA-FE-A230-01A,TCGA-FE-A230-01A,1.0,0.0,0.0,0.0,0.0
2,79514177,+,5,108930401,+,THCA,4308,TCGA-FE-A230-01A,TCGA-FE-A230-01A,1.0,0.0,0.0,0.0,0.0
21,37250068,+,21,37250634,-,THCA,4309,TCGA-FE-A230-01A,TCGA-FE-A230-01A,1.0,0.0,0.0,0.0,0.0
6,43551928,+,6,43552471,-,THCA,4310,TCGA-FE-A230-01A,TCGA-FE-A230-01A,1.0,0.0,0.0,0.0,0.0
7,61480096,-,7,61502242,+,THCA,4311,TCGA-FE-A230-01A,TCGA-FE-A230-01A,1.0,0.0,0.0,0.0,0.0
7,61767139,+,7,62186193,-,THCA,4312,TCGA-FE-A230-01A,TCGA-FE-A230-01A,1.0,0.0,0.0,0.0,0.0
1,237473462,+,4,133581543,-,THCA,4313,TCGA-FE-A231-01A,TCGA-FE-A231-01A,1.0,0.0,0.0,0.0,0.0
2,89265081,+,2,89917861,+,THCA,4314,TCGA-FE-A231-01A,TCGA-FE-A231-01A,1.0,0.0,0.0,0.0,0.0
6,151046476,-,9,43140860,+,THCA,4315,TCGA-FE-A231-01A,TCGA-FE-A231-01A,1.0,0.0,0.0,0.0,0.0
1,15502918,-,7,148936085,+,THCA,4316,TCGA-FE-A232-01A,TCGA-FE-A232-01A,1.0,0.0,0.0,0.0,0.0
10,41561647,-,10,41590138,+,THCA,4317,TCGA-FE-A232-01A,TCGA-FE-A232-01A,1.0,0.0,0.0,0.0,0.0
10,55093116,-,10,55094057,+,THCA,4318,TCGA-FE-A232-01A,TCGA-FE-A232-01A,1.0,0.0,0.0,0.0,0.0
12,34854374,-,12,36492159,+,THCA,4319,TCGA-FE-A232-01A,TCGA-FE-A232-01A,1.0,0.0,0.0,0.0,0.0
12,97056346,-,12,97056524,+,THCA,4320,TCGA-FE-A232-01A,TCGA-FE-A232-01A,1.0,0.0,0.0,0.0,0.0
13,16918539,+,13,17287203,-,THCA,4321,TCGA-FE-A232-01A,TCGA-FE-A232-01A,1.0,0.0,0.0,0.0,0.0
17,22825181,-,17,22844042,+,THCA,4322,TCGA-FE-A232-01A,TCGA-FE-A232-01A,1.0,0.0,0.0,0.0,0.0
17,59479880,+,17,59480452,-,THCA,4323,TCGA-FE-A232-01A,TCGA-FE-A232-01A,1.0,0.0,0.0,0.0,0.0
19,46956570,+,19,46957208,-,THCA,4324,TCGA-FE-A232-01A,TCGA-FE-A232-01A,1.0,0.0,0.0,0.0,0.0
6,73544772,+,6,73545384,-,THCA,4325,TCGA-FE-A232-01A,TCGA-FE-A232-01A,1.0,0.0,0.0,0.0,0.0
7,75680259,+,7,75680815,-,THCA,4326,TCGA-FE-A232-01A,TCGA-FE-A232-01A,1.0,0.0,0.0,0.0,0.0
7,152128856,+,7,152129400,-,THCA,4327,TCGA-FE-A232-01A,TCGA-FE-A232-01A,1.0,0.0,0.0,0.0,0.0
8,8526042,-,16,19321566,-,THCA,4328,TCGA-FE-A232-01A,TCGA-FE-A232-01A,1.0,0.0,0.0,0.0,0.0
9,37318473,-,19,32912749,-,THCA,4329,TCGA-FE-A232-01A,TCGA-FE-A232-01A,1.0,0.0,0.0,0.0,0.0
9,112890499,+,9,112891047,-,THCA,4330,TCGA-FE-A232-01A,TCGA-FE-A232-01A,1.0,0.0,0.0,0.0,0.0
23,17775716,+,23,18230219,+,THCA,4331,TCGA-FE-A232-01A,TCGA-FE-A232-01A,1.0,0.0,0.0,0.0,0.0
1,122262463,+,1,122348334,-,THCA,4332,TCGA-FE-A233-01A,TCGA-FE-A233-01A,1.0,0.0,0.0,0.0,0.0
10,73574737,+,10,99558251,-,THCA,4333,TCGA-FE-A233-01A,TCGA-FE-A233-01A,1.0,0.0,0.0,0.0,0.0
11,52504771,-,11,53829880,+,THCA,4334,TCGA-FE-A233-01A,TCGA-FE-A233-01A,1.0,0.0,0.0,0.0,0.0
11,53141763,+,11,54197944,-,THCA,4335,TCGA-FE-A233-01A,TCGA-FE-A233-01A,1.0,0.0,0.0,0.0,0.0
17,23000295,-,17,23140673,+,THCA,4336,TCGA-FE-A233-01A,TCGA-FE-A233-01A,1.0,0.0,0.0,0.0,0.0
19,54758995,-,19,54838031,+,THCA,4337,TCGA-FE-A233-01A,TCGA-FE-A233-01A,1.0,0.0,0.0,0.0,0.0
2,2034330,+,2,2035331,-,THCA,4338,TCGA-FE-A233-01A,TCGA-FE-A233-01A,1.0,0.0,0.0,0.0,0.0
8,6297341,-,8,6300520,-,THCA,4339,TCGA-FE-A233-01A,TCGA-FE-A233-01A,1.0,0.0,0.0,0.0,0.0
8,45080663,-,8,45427507,+,THCA,4340,TCGA-FE-A233-01A,TCGA-FE-A233-01A,1.0,0.0,0.0,0.0,0.0
11,54346620,+,11,54420829,-,THCA,4341,TCGA-FE-A234-01A,TCGA-FE-A234-01A,1.0,0.0,0.0,0.0,0.0
17,76350185,+,17,76350752,-,THCA,4342,TCGA-FE-A234-01A,TCGA-FE-A234-01A,1.0,0.0,0.0,0.0,0.0
18,15548325,-,18,15699884,+,THCA,4343,TCGA-FE-A234-01A,TCGA-FE-A234-01A,1.0,0.0,0.0,0.0,0.0
20,29802591,-,24,10127292,-,THCA,4344,TCGA-FE-A234-01A,TCGA-FE-A234-01A,1.0,0.0,0.0,0.0,0.0
5,47251500,-,5,47289416,+,THCA,4345,TCGA-FE-A234-01A,TCGA-FE-A234-01A,1.0,0.0,0.0,0.0,0.0
7,79324886,-,9,100100731,-,THCA,4346,TCGA-FE-A234-01A,TCGA-FE-A234-01A,1.0,0.0,0.0,0.0,0.0
7,102051466,+,7,102052000,-,THCA,4347,TCGA-FE-A234-01A,TCGA-FE-A234-01A,1.0,0.0,0.0,0.0,0.0
23,89578444,+,24,3234839,-,THCA,4348,TCGA-FE-A234-01A,TCGA-FE-A234-01A,1.0,0.0,0.0,0.0,0.0
13,37478286,+,13,90524850,-,THCA,4349,TCGA-FE-A235-01A,TCGA-FE-A235-01A,1.0,0.0,0.0,0.0,0.0
18,15355981,+,22,16106998,+,THCA,4350,TCGA-FE-A235-01A,TCGA-FE-A235-01A,1.0,0.0,0.0,0.0,0.0
18,15510200,+,18,15614275,-,THCA,4351,TCGA-FE-A235-01A,TCGA-FE-A235-01A,1.0,0.0,0.0,0.0,0.0
19,1441869,+,19,4982910,-,THCA,4352,TCGA-FE-A235-01A,TCGA-FE-A235-01A,1.0,0.0,0.0,0.0,0.0
3,194370273,+,9,89043855,-,THCA,4353,TCGA-FE-A235-01A,TCGA-FE-A235-01A,1.0,0.0,0.0,0.0,0.0
3,194370275,-,9,89043854,+,THCA,4354,TCGA-FE-A235-01A,TCGA-FE-A235-01A,1.0,0.0,0.0,0.0,0.0
4,74525340,+,7,117127065,-,THCA,4355,TCGA-FE-A235-01A,TCGA-FE-A235-01A,1.0,0.0,0.0,0.0,0.0
4,74525340,+,9,123821404,-,THCA,4356,TCGA-FE-A235-01A,TCGA-FE-A235-01A,1.0,0.0,0.0,0.0,0.0
4,74525343,-,4,175619032,-,THCA,4357,TCGA-FE-A235-01A,TCGA-FE-A235-01A,1.0,0.0,0.0,0.0,0.0
4,175619020,+,7,107195751,+,THCA,4358,TCGA-FE-A235-01A,TCGA-FE-A235-01A,1.0,0.0,0.0,0.0,0.0
5,84087097,-,5,85536706,-,THCA,4359,TCGA-FE-A235-01A,TCGA-FE-A235-01A,1.0,0.0,0.0,0.0,0.0
5,84087109,+,5,85536756,+,THCA,4360,TCGA-FE-A235-01A,TCGA-FE-A235-01A,1.0,0.0,0.0,0.0,0.0
5,150460078,+,21,23611521,+,THCA,4361,TCGA-FE-A235-01A,TCGA-FE-A235-01A,1.0,0.0,0.0,0.0,0.0
7,117127064,-,13,95296039,-,THCA,4362,TCGA-FE-A235-01A,TCGA-FE-A235-01A,1.0,0.0,0.0,0.0,0.0
7,117127100,-,9,123821473,+,THCA,4363,TCGA-FE-A235-01A,TCGA-FE-A235-01A,1.0,0.0,0.0,0.0,0.0
8,41554473,+,8,41555131,-,THCA,4364,TCGA-FE-A235-01A,TCGA-FE-A235-01A,1.0,0.0,0.0,0.0,0.0
16,3808128,+,16,3808671,-,THCA,4365,TCGA-FE-A236-01A,TCGA-FE-A236-01A,1.0,0.0,0.0,0.0,0.0
4,189136860,+,15,36509183,-,THCA,4366,TCGA-FE-A236-01A,TCGA-FE-A236-01A,1.0,0.0,0.0,0.0,0.0
6,157021024,+,10,95560096,+,THCA,4367,TCGA-FE-A236-01A,TCGA-FE-A236-01A,1.0,0.0,0.0,0.0,0.0
1,15502913,-,7,148936160,+,THCA,4368,TCGA-FE-A237-01A,TCGA-FE-A237-01A,1.0,0.0,0.0,0.0,0.0
1,122270093,+,1,122395355,-,THCA,4369,TCGA-FE-A237-01A,TCGA-FE-A237-01A,1.0,0.0,0.0,0.0,0.0
1,163059294,-,16,65537099,-,THCA,4370,TCGA-FE-A237-01A,TCGA-FE-A237-01A,1.0,0.0,0.0,0.0,0.0
1,163059501,+,16,65536980,+,THCA,4371,TCGA-FE-A237-01A,TCGA-FE-A237-01A,1.0,0.0,0.0,0.0,0.0
11,48442844,+,11,54613961,-,THCA,4372,TCGA-FE-A237-01A,TCGA-FE-A237-01A,1.0,0.0,0.0,0.0,0.0
19,4132859,+,19,4133435,-,THCA,4373,TCGA-FE-A237-01A,TCGA-FE-A237-01A,1.0,0.0,0.0,0.0,0.0
2,147245102,-,7,99549037,-,THCA,4374,TCGA-FE-A237-01A,TCGA-FE-A237-01A,1.0,0.0,0.0,0.0,0.0
3,10048672,-,3,11870858,+,THCA,4375,TCGA-FE-A237-01A,TCGA-FE-A237-01A,1.0,0.0,0.0,0.0,0.0
5,100177151,-,20,34950046,+,THCA,4376,TCGA-FE-A237-01A,TCGA-FE-A237-01A,1.0,0.0,0.0,0.0,0.0
9,44416174,-,9,44945315,+,THCA,4377,TCGA-FE-A237-01A,TCGA-FE-A237-01A,1.0,0.0,0.0,0.0,0.0
1,104488869,-,22,23367725,+,THCA,4378,TCGA-FE-A238-01A,TCGA-FE-A238-01A,1.0,0.0,0.0,0.0,0.0
1,124984217,-,1,124989680,+,THCA,4379,TCGA-FE-A238-01A,TCGA-FE-A238-01A,1.0,0.0,0.0,0.0,0.0
11,52308194,+,11,53766778,-,THCA,4380,TCGA-FE-A238-01A,TCGA-FE-A238-01A,1.0,0.0,0.0,0.0,0.0
11,54345075,+,11,54409371,-,THCA,4381,TCGA-FE-A238-01A,TCGA-FE-A238-01A,1.0,0.0,0.0,0.0,0.0
12,34775508,-,12,34804585,+,THCA,4382,TCGA-FE-A238-01A,TCGA-FE-A238-01A,1.0,0.0,0.0,0.0,0.0
13,80981243,-,16,65544243,+,THCA,4383,TCGA-FE-A238-01A,TCGA-FE-A238-01A,1.0,0.0,0.0,0.0,0.0
17,22825182,-,17,22844065,+,THCA,4384,TCGA-FE-A238-01A,TCGA-FE-A238-01A,1.0,0.0,0.0,0.0,0.0
17,42197810,+,17,42198367,-,THCA,4385,TCGA-FE-A238-01A,TCGA-FE-A238-01A,1.0,0.0,0.0,0.0,0.0
18,15785167,-,18,20640782,+,THCA,4386,TCGA-FE-A238-01A,TCGA-FE-A238-01A,1.0,0.0,0.0,0.0,0.0
2,20954350,+,21,41672991,+,THCA,4387,TCGA-FE-A238-01A,TCGA-FE-A238-01A,1.0,0.0,0.0,0.0,0.0
2,61846941,+,2,61847509,-,THCA,4388,TCGA-FE-A238-01A,TCGA-FE-A238-01A,1.0,0.0,0.0,0.0,0.0
2,209955689,-,3,169741159,-,THCA,4389,TCGA-FE-A238-01A,TCGA-FE-A238-01A,1.0,0.0,0.0,0.0,0.0
2,216263189,-,9,134254460,+,THCA,4390,TCGA-FE-A238-01A,TCGA-FE-A238-01A,1.0,0.0,0.0,0.0,0.0
20,1934411,+,20,1935182,-,THCA,4391,TCGA-FE-A238-01A,TCGA-FE-A238-01A,1.0,0.0,0.0,0.0,0.0
20,25905925,-,20,29655445,-,THCA,4392,TCGA-FE-A238-01A,TCGA-FE-A238-01A,1.0,0.0,0.0,0.0,0.0
20,26259994,-,20,30185126,-,THCA,4393,TCGA-FE-A238-01A,TCGA-FE-A238-01A,1.0,0.0,0.0,0.0,0.0
3,128587074,-,6,156191551,+,THCA,4394,TCGA-FE-A238-01A,TCGA-FE-A238-01A,1.0,0.0,0.0,0.0,0.0
3,179231637,+,10,14219227,+,THCA,4395,TCGA-FE-A238-01A,TCGA-FE-A238-01A,1.0,0.0,0.0,0.0,0.0
4,110402047,-,6,156191421,-,THCA,4396,TCGA-FE-A238-01A,TCGA-FE-A238-01A,1.0,0.0,0.0,0.0,0.0
4,180390910,-,7,1136433,-,THCA,4397,TCGA-FE-A238-01A,TCGA-FE-A238-01A,1.0,0.0,0.0,0.0,0.0
8,45080679,-,8,45427513,+,THCA,4398,TCGA-FE-A238-01A,TCGA-FE-A238-01A,1.0,0.0,0.0,0.0,0.0
9,65438231,+,9,134285823,+,THCA,4399,TCGA-FE-A238-01A,TCGA-FE-A238-01A,1.0,0.0,0.0,0.0,0.0
11,48442824,+,11,54613977,-,THCA,4400,TCGA-FE-A239-01A,TCGA-FE-A239-01A,1.0,0.0,0.0,0.0,0.0
13,16411246,+,13,16886243,-,THCA,4401,TCGA-FE-A239-01A,TCGA-FE-A239-01A,1.0,0.0,0.0,0.0,0.0
13,16679270,+,13,17018320,-,THCA,4402,TCGA-FE-A239-01A,TCGA-FE-A239-01A,1.0,0.0,0.0,0.0,0.0
15,39951925,+,15,45537143,-,THCA,4403,TCGA-FE-A239-01A,TCGA-FE-A239-01A,1.0,0.0,0.0,0.0,0.0
16,34729415,+,16,34731805,-,THCA,4404,TCGA-FE-A239-01A,TCGA-FE-A239-01A,1.0,0.0,0.0,0.0,0.0
16,88952604,+,16,88953178,-,THCA,4405,TCGA-FE-A239-01A,TCGA-FE-A239-01A,1.0,0.0,0.0,0.0,0.0
18,15784963,-,18,20640795,+,THCA,4406,TCGA-FE-A239-01A,TCGA-FE-A239-01A,1.0,0.0,0.0,0.0,0.0
19,57941079,+,19,57941634,-,THCA,4407,TCGA-FE-A239-01A,TCGA-FE-A239-01A,1.0,0.0,0.0,0.0,0.0
2,46298389,+,2,46298889,-,THCA,4408,TCGA-FE-A239-01A,TCGA-FE-A239-01A,1.0,0.0,0.0,0.0,0.0
20,58917552,+,20,58918282,-,THCA,4409,TCGA-FE-A239-01A,TCGA-FE-A239-01A,1.0,0.0,0.0,0.0,0.0
3,123577403,-,10,14235361,-,THCA,4410,TCGA-FE-A239-01A,TCGA-FE-A239-01A,1.0,0.0,0.0,0.0,0.0
4,45735561,+,12,114637839,+,THCA,4411,TCGA-FE-A239-01A,TCGA-FE-A239-01A,1.0,0.0,0.0,0.0,0.0
4,48763372,+,4,48764051,-,THCA,4412,TCGA-FE-A239-01A,TCGA-FE-A239-01A,1.0,0.0,0.0,0.0,0.0
5,62435084,+,13,35308280,-,THCA,4413,TCGA-FE-A239-01A,TCGA-FE-A239-01A,1.0,0.0,0.0,0.0,0.0
5,174643716,+,5,174644243,-,THCA,4414,TCGA-FE-A239-01A,TCGA-FE-A239-01A,1.0,0.0,0.0,0.0,0.0
6,31270290,-,6,31355591,+,THCA,4415,TCGA-FE-A239-01A,TCGA-FE-A239-01A,1.0,0.0,0.0,0.0,0.0
6,58103486,-,6,60853906,+,THCA,4416,TCGA-FE-A239-01A,TCGA-FE-A239-01A,1.0,0.0,0.0,0.0,0.0
6,63310548,+,6,69717016,-,THCA,4417,TCGA-FE-A239-01A,TCGA-FE-A239-01A,1.0,0.0,0.0,0.0,0.0
6,71755980,+,6,73035803,-,THCA,4418,TCGA-FE-A239-01A,TCGA-FE-A239-01A,1.0,0.0,0.0,0.0,0.0
6,84242460,+,19,22470370,-,THCA,4419,TCGA-FE-A239-01A,TCGA-FE-A239-01A,1.0,0.0,0.0,0.0,0.0
8,121970045,-,20,30279859,-,THCA,4420,TCGA-FE-A239-01A,TCGA-FE-A239-01A,1.0,0.0,0.0,0.0,0.0
11,125130831,+,13,87253516,+,THCA,4421,TCGA-FE-A23A-01A,TCGA-FE-A23A-01A,1.0,0.0,0.0,0.0,0.0
17,22823970,+,17,23084717,-,THCA,4422,TCGA-FE-A23A-01A,TCGA-FE-A23A-01A,1.0,0.0,0.0,0.0,0.0
2,95971426,-,2,97133850,-,THCA,4423,TCGA-FE-A23A-01A,TCGA-FE-A23A-01A,1.0,0.0,0.0,0.0,0.0
3,144573055,+,4,18696660,-,THCA,4424,TCGA-FE-A23A-01A,TCGA-FE-A23A-01A,1.0,0.0,0.0,0.0,0.0
9,77250403,-,9,77275577,+,THCA,4425,TCGA-FE-A23A-01A,TCGA-FE-A23A-01A,1.0,0.0,0.0,0.0,0.0
1,42626799,+,6,117321508,+,THCA,4426,TCGA-FE-A3PA-01A,TCGA-FE-A3PA-01A,1.0,0.0,0.0,0.0,0.0
1,42626843,-,6,117321480,-,THCA,4427,TCGA-FE-A3PA-01A,TCGA-FE-A3PA-01A,1.0,0.0,0.0,0.0,0.0
1,122267380,+,1,122390583,-,THCA,4428,TCGA-FE-A3PA-01A,TCGA-FE-A3PA-01A,1.0,0.0,0.0,0.0,0.0
11,3226029,+,11,3226530,-,THCA,4429,TCGA-FE-A3PA-01A,TCGA-FE-A3PA-01A,1.0,0.0,0.0,0.0,0.0
18,15582141,-,18,15760628,+,THCA,4430,TCGA-FE-A3PA-01A,TCGA-FE-A3PA-01A,1.0,0.0,0.0,0.0,0.0
2,66074258,-,13,40393813,-,THCA,4431,TCGA-FE-A3PA-01A,TCGA-FE-A3PA-01A,1.0,0.0,0.0,0.0,0.0
2,161327984,+,8,125935592,-,THCA,4432,TCGA-FE-A3PA-01A,TCGA-FE-A3PA-01A,1.0,0.0,0.0,0.0,0.0
3,90819358,+,3,91028452,-,THCA,4433,TCGA-FE-A3PA-01A,TCGA-FE-A3PA-01A,1.0,0.0,0.0,0.0,0.0
12,35994036,-,12,36735162,+,THCA,4434,TCGA-FE-A3PB-01A,TCGA-FE-A3PB-01A,1.0,0.0,0.0,0.0,0.0
14,44437740,+,22,41033326,-,THCA,4435,TCGA-FE-A3PB-01A,TCGA-FE-A3PB-01A,1.0,0.0,0.0,0.0,0.0
15,38310154,+,15,55635075,-,THCA,4436,TCGA-FE-A3PB-01A,TCGA-FE-A3PB-01A,1.0,0.0,0.0,0.0,0.0
3,75686897,+,20,29828881,+,THCA,4437,TCGA-FE-A3PB-01A,TCGA-FE-A3PB-01A,1.0,0.0,0.0,0.0,0.0
4,19555416,-,15,96831039,+,THCA,4438,TCGA-FE-A3PB-01A,TCGA-FE-A3PB-01A,1.0,0.0,0.0,0.0,0.0
4,49235637,+,4,49559810,+,THCA,4439,TCGA-FE-A3PB-01A,TCGA-FE-A3PB-01A,1.0,0.0,0.0,0.0,0.0
5,46912444,-,5,46965581,+,THCA,4440,TCGA-FE-A3PB-01A,TCGA-FE-A3PB-01A,1.0,0.0,0.0,0.0,0.0
6,58055888,-,6,60810252,+,THCA,4441,TCGA-FE-A3PB-01A,TCGA-FE-A3PB-01A,1.0,0.0,0.0,0.0,0.0
7,102898585,+,7,102899194,-,THCA,4442,TCGA-FE-A3PB-01A,TCGA-FE-A3PB-01A,1.0,0.0,0.0,0.0,0.0
1,122173003,-,1,122191507,+,THCA,4443,TCGA-FE-A3PC-01A,TCGA-FE-A3PC-01A,1.0,0.0,0.0,0.0,0.0
1,226342019,+,1,226342545,-,THCA,4444,TCGA-FE-A3PC-01A,TCGA-FE-A3PC-01A,1.0,0.0,0.0,0.0,0.0
17,40333109,+,17,40333669,-,THCA,4445,TCGA-FE-A3PC-01A,TCGA-FE-A3PC-01A,1.0,0.0,0.0,0.0,0.0
18,2938293,+,18,2938886,-,THCA,4446,TCGA-FE-A3PC-01A,TCGA-FE-A3PC-01A,1.0,0.0,0.0,0.0,0.0
19,18764578,+,19,18765241,-,THCA,4447,TCGA-FE-A3PC-01A,TCGA-FE-A3PC-01A,1.0,0.0,0.0,0.0,0.0
20,53797703,+,20,53798344,-,THCA,4448,TCGA-FE-A3PC-01A,TCGA-FE-A3PC-01A,1.0,0.0,0.0,0.0,0.0
3,33824837,-,3,123554219,+,THCA,4449,TCGA-FE-A3PC-01A,TCGA-FE-A3PC-01A,1.0,0.0,0.0,0.0,0.0
7,61822349,+,7,62234908,-,THCA,4450,TCGA-FE-A3PC-01A,TCGA-FE-A3PC-01A,1.0,0.0,0.0,0.0,0.0
7,148413364,-,12,2883249,-,THCA,4451,TCGA-FE-A3PC-01A,TCGA-FE-A3PC-01A,1.0,0.0,0.0,0.0,0.0
7,158294911,+,7,158295857,-,THCA,4452,TCGA-FE-A3PC-01A,TCGA-FE-A3PC-01A,1.0,0.0,0.0,0.0,0.0
8,20089400,+,8,20089912,-,THCA,4453,TCGA-FE-A3PC-01A,TCGA-FE-A3PC-01A,1.0,0.0,0.0,0.0,0.0
9,92129778,+,9,92199857,+,THCA,4454,TCGA-FE-A3PC-01A,TCGA-FE-A3PC-01A,1.0,0.0,0.0,0.0,0.0
1,214359582,+,1,214360322,-,THCA,4455,TCGA-FK-A3S3-01A,TCGA-FK-A3S3-01A,1.0,0.0,0.0,0.0,0.0
11,61612720,-,18,70324325,+,THCA,4456,TCGA-FK-A3S3-01A,TCGA-FK-A3S3-01A,1.0,0.0,0.0,0.0,0.0
18,15643493,-,18,15768772,+,THCA,4457,TCGA-FK-A3S3-01A,TCGA-FK-A3S3-01A,1.0,0.0,0.0,0.0,0.0
20,29412486,+,20,29413578,-,THCA,4458,TCGA-FK-A3S3-01A,TCGA-FK-A3S3-01A,1.0,0.0,0.0,0.0,0.0
20,29963541,-,20,29969359,+,THCA,4459,TCGA-FK-A3S3-01A,TCGA-FK-A3S3-01A,1.0,0.0,0.0,0.0,0.0
3,100735679,-,7,116772386,+,THCA,4460,TCGA-FK-A3S3-01A,TCGA-FK-A3S3-01A,1.0,0.0,0.0,0.0,0.0
3,100735837,+,7,116773736,-,THCA,4461,TCGA-FK-A3S3-01A,TCGA-FK-A3S3-01A,1.0,0.0,0.0,0.0,0.0
3,133970255,+,3,133970817,-,THCA,4462,TCGA-FK-A3S3-01A,TCGA-FK-A3S3-01A,1.0,0.0,0.0,0.0,0.0
9,136415926,+,9,136416612,-,THCA,4463,TCGA-FK-A3S3-01A,TCGA-FK-A3S3-01A,1.0,0.0,0.0,0.0,0.0
2,12068435,+,2,12092487,-,THCA,4464,TCGA-FK-A3SB-01A,TCGA-FK-A3SB-01A,1.0,0.0,0.0,0.0,0.0
3,90401270,-,20,30985391,+,THCA,4465,TCGA-FK-A3SB-01A,TCGA-FK-A3SB-01A,1.0,0.0,0.0,0.0,0.0
5,46433933,+,5,46568013,+,THCA,4466,TCGA-FK-A3SB-01A,TCGA-FK-A3SB-01A,1.0,0.0,0.0,0.0,0.0
7,62817533,+,23,58406907,+,THCA,4467,TCGA-FK-A3SB-01A,TCGA-FK-A3SB-01A,1.0,0.0,0.0,0.0,0.0
10,7020756,+,10,7022994,-,THCA,4468,TCGA-FK-A3SD-01A,TCGA-FK-A3SD-01A,1.0,0.0,0.0,0.0,0.0
11,54349568,-,11,54391750,+,THCA,4469,TCGA-FK-A3SD-01A,TCGA-FK-A3SD-01A,1.0,0.0,0.0,0.0,0.0
11,54371274,+,11,54381461,-,THCA,4470,TCGA-FK-A3SD-01A,TCGA-FK-A3SD-01A,1.0,0.0,0.0,0.0,0.0
11,92551415,-,17,12285239,-,THCA,4471,TCGA-FK-A3SD-01A,TCGA-FK-A3SD-01A,1.0,0.0,0.0,0.0,0.0
15,17506798,+,15,18047090,-,THCA,4472,TCGA-FK-A3SD-01A,TCGA-FK-A3SD-01A,1.0,0.0,0.0,0.0,0.0
17,43399988,+,17,43430036,-,THCA,4473,TCGA-FK-A3SD-01A,TCGA-FK-A3SD-01A,1.0,0.0,0.0,0.0,0.0
18,15537741,-,18,15597077,+,THCA,4474,TCGA-FK-A3SD-01A,TCGA-FK-A3SD-01A,1.0,0.0,0.0,0.0,0.0
18,15665502,-,18,15711738,+,THCA,4475,TCGA-FK-A3SD-01A,TCGA-FK-A3SD-01A,1.0,0.0,0.0,0.0,0.0
18,15731824,+,18,15743524,-,THCA,4476,TCGA-FK-A3SD-01A,TCGA-FK-A3SD-01A,1.0,0.0,0.0,0.0,0.0
19,4073885,+,19,4074456,-,THCA,4477,TCGA-FK-A3SD-01A,TCGA-FK-A3SD-01A,1.0,0.0,0.0,0.0,0.0
2,27021,-,2,7218583,-,THCA,4478,TCGA-FK-A3SD-01A,TCGA-FK-A3SD-01A,1.0,0.0,0.0,0.0,0.0
2,101379256,+,10,49086632,-,THCA,4479,TCGA-FK-A3SD-01A,TCGA-FK-A3SD-01A,1.0,0.0,0.0,0.0,0.0
22,23134849,+,22,23135452,-,THCA,4480,TCGA-FK-A3SD-01A,TCGA-FK-A3SD-01A,1.0,0.0,0.0,0.0,0.0
5,77417220,-,19,53655209,+,THCA,4481,TCGA-FK-A3SD-01A,TCGA-FK-A3SD-01A,1.0,0.0,0.0,0.0,0.0
5,77417225,+,19,53655211,-,THCA,4482,TCGA-FK-A3SD-01A,TCGA-FK-A3SD-01A,1.0,0.0,0.0,0.0,0.0
6,54372783,+,12,4172586,-,THCA,4483,TCGA-FK-A3SD-01A,TCGA-FK-A3SD-01A,1.0,0.0,0.0,0.0,0.0
7,43999464,+,7,77061054,+,THCA,4484,TCGA-FK-A3SD-01A,TCGA-FK-A3SD-01A,1.0,0.0,0.0,0.0,0.0
7,99275410,+,7,99275999,-,THCA,4485,TCGA-FK-A3SD-01A,TCGA-FK-A3SD-01A,1.0,0.0,0.0,0.0,0.0
1,3571726,+,1,3572370,-,THCA,4486,TCGA-FK-A3SE-01A,TCGA-FK-A3SE-01A,1.0,0.0,0.0,0.0,0.0
1,7107302,+,4,76541650,+,THCA,4487,TCGA-FK-A3SE-01A,TCGA-FK-A3SE-01A,1.0,0.0,0.0,0.0,0.0
1,122172994,-,1,122191511,+,THCA,4488,TCGA-FK-A3SE-01A,TCGA-FK-A3SE-01A,1.0,0.0,0.0,0.0,0.0
10,43116550,-,10,59896219,-,THCA,4489,TCGA-FK-A3SE-01A,TCGA-FK-A3SE-01A,1.0,0.0,0.0,0.0,0.0
10,43116569,+,10,59896209,+,THCA,4490,TCGA-FK-A3SE-01A,TCGA-FK-A3SE-01A,1.0,0.0,0.0,0.0,0.0
11,54371265,+,11,54381493,-,THCA,4491,TCGA-FK-A3SE-01A,TCGA-FK-A3SE-01A,1.0,0.0,0.0,0.0,0.0
12,36368787,-,12,36580907,+,THCA,4492,TCGA-FK-A3SE-01A,TCGA-FK-A3SE-01A,1.0,0.0,0.0,0.0,0.0
14,64309879,+,14,64316301,-,THCA,4493,TCGA-FK-A3SE-01A,TCGA-FK-A3SE-01A,1.0,0.0,0.0,0.0,0.0
17,50190838,+,17,50191471,-,THCA,4494,TCGA-FK-A3SE-01A,TCGA-FK-A3SE-01A,1.0,0.0,0.0,0.0,0.0
18,15485094,+,18,15550201,-,THCA,4495,TCGA-FK-A3SE-01A,TCGA-FK-A3SE-01A,1.0,0.0,0.0,0.0,0.0
3,59739900,-,8,89011885,+,THCA,4496,TCGA-FK-A3SE-01A,TCGA-FK-A3SE-01A,1.0,0.0,0.0,0.0,0.0
3,90778871,+,3,91138117,-,THCA,4497,TCGA-FK-A3SE-01A,TCGA-FK-A3SE-01A,1.0,0.0,0.0,0.0,0.0
5,46597109,-,5,46704180,+,THCA,4498,TCGA-FK-A3SE-01A,TCGA-FK-A3SE-01A,1.0,0.0,0.0,0.0,0.0
5,47130718,+,5,47134861,-,THCA,4499,TCGA-FK-A3SE-01A,TCGA-FK-A3SE-01A,1.0,0.0,0.0,0.0,0.0
6,31329030,-,7,129784209,+,THCA,4500,TCGA-FK-A3SE-01A,TCGA-FK-A3SE-01A,1.0,0.0,0.0,0.0,0.0
7,61114420,+,7,61430698,-,THCA,4501,TCGA-FK-A3SE-01A,TCGA-FK-A3SE-01A,1.0,0.0,0.0,0.0,0.0
7,76352710,+,7,76353247,-,THCA,4502,TCGA-FK-A3SE-01A,TCGA-FK-A3SE-01A,1.0,0.0,0.0,0.0,0.0
8,43392562,+,8,43413746,-,THCA,4503,TCGA-FK-A3SE-01A,TCGA-FK-A3SE-01A,1.0,0.0,0.0,0.0,0.0
9,127772551,+,9,127773077,-,THCA,4504,TCGA-FK-A3SE-01A,TCGA-FK-A3SE-01A,1.0,0.0,0.0,0.0,0.0
10,43114869,+,15,85742702,-,THCA,4505,TCGA-FK-A3SG-01A,TCGA-FK-A3SG-01A,1.0,0.0,0.0,0.0,0.0
10,43114872,-,15,85742698,+,THCA,4506,TCGA-FK-A3SG-01A,TCGA-FK-A3SG-01A,1.0,0.0,0.0,0.0,0.0
10,43115303,+,15,85742065,-,THCA,4507,TCGA-FK-A3SG-01A,TCGA-FK-A3SG-01A,1.0,0.0,0.0,0.0,0.0
16,58618636,+,16,58619165,-,THCA,4508,TCGA-FK-A3SG-01A,TCGA-FK-A3SG-01A,1.0,0.0,0.0,0.0,0.0
18,15485259,+,18,15550193,-,THCA,4509,TCGA-FK-A3SG-01A,TCGA-FK-A3SG-01A,1.0,0.0,0.0,0.0,0.0
2,235737871,+,2,235738460,-,THCA,4510,TCGA-FK-A3SG-01A,TCGA-FK-A3SG-01A,1.0,0.0,0.0,0.0,0.0
20,2601554,+,20,24410121,-,THCA,4511,TCGA-FK-A3SG-01A,TCGA-FK-A3SG-01A,1.0,0.0,0.0,0.0,0.0
22,50092953,+,22,50093543,-,THCA,4512,TCGA-FK-A3SG-01A,TCGA-FK-A3SG-01A,1.0,0.0,0.0,0.0,0.0
4,50469454,+,4,51406268,-,THCA,4513,TCGA-FK-A3SG-01A,TCGA-FK-A3SG-01A,1.0,0.0,0.0,0.0,0.0
7,51241447,+,7,51242038,-,THCA,4514,TCGA-FK-A3SG-01A,TCGA-FK-A3SG-01A,1.0,0.0,0.0,0.0,0.0
9,6727756,-,23,136873653,-,THCA,4515,TCGA-FK-A3SG-01A,TCGA-FK-A3SG-01A,1.0,0.0,0.0,0.0,0.0
23,63625588,+,23,116863851,+,THCA,4516,TCGA-FK-A3SG-01A,TCGA-FK-A3SG-01A,1.0,0.0,0.0,0.0,0.0
1,21989338,+,1,22012673,-,THCA,4517,TCGA-FK-A3SH-01A,TCGA-FK-A3SH-01A,1.0,0.0,0.0,0.0,0.0
11,54371274,+,11,54381471,-,THCA,4518,TCGA-FK-A3SH-01A,TCGA-FK-A3SH-01A,1.0,0.0,0.0,0.0,0.0
14,54915525,+,14,55646597,+,THCA,4519,TCGA-FK-A3SH-01A,TCGA-FK-A3SH-01A,1.0,0.0,0.0,0.0,0.0
4,34809302,+,18,52802638,-,THCA,4520,TCGA-FK-A3SH-01A,TCGA-FK-A3SH-01A,1.0,0.0,0.0,0.0,0.0
5,114288500,-,10,9206559,+,THCA,4521,TCGA-FK-A3SH-01A,TCGA-FK-A3SH-01A,1.0,0.0,0.0,0.0,0.0
6,57460805,-,6,60353616,+,THCA,4522,TCGA-FK-A3SH-01A,TCGA-FK-A3SH-01A,1.0,0.0,0.0,0.0,0.0
6,58245247,+,6,60999833,-,THCA,4523,TCGA-FK-A3SH-01A,TCGA-FK-A3SH-01A,1.0,0.0,0.0,0.0,0.0
8,34935194,-,8,66172105,+,THCA,4524,TCGA-FK-A3SH-01A,TCGA-FK-A3SH-01A,1.0,0.0,0.0,0.0,0.0
9,43668037,+,9,45082507,-,THCA,4525,TCGA-FK-A3SH-01A,TCGA-FK-A3SH-01A,1.0,0.0,0.0,0.0,0.0
1,1096846,+,1,1097517,-,THCA,4526,TCGA-FK-A4UB-01A,TCGA-FK-A4UB-01A,1.0,0.0,0.0,0.0,0.0
1,7854491,+,1,7855099,-,THCA,4527,TCGA-FK-A4UB-01A,TCGA-FK-A4UB-01A,1.0,0.0,0.0,0.0,0.0
1,47311010,+,1,47311572,-,THCA,4528,TCGA-FK-A4UB-01A,TCGA-FK-A4UB-01A,1.0,0.0,0.0,0.0,0.0
1,122055091,-,1,122168698,+,THCA,4529,TCGA-FK-A4UB-01A,TCGA-FK-A4UB-01A,1.0,0.0,0.0,0.0,0.0
1,124802991,+,1,124823085,-,THCA,4530,TCGA-FK-A4UB-01A,TCGA-FK-A4UB-01A,1.0,0.0,0.0,0.0,0.0
1,198143037,-,18,44070142,-,THCA,4531,TCGA-FK-A4UB-01A,TCGA-FK-A4UB-01A,1.0,0.0,0.0,0.0,0.0
1,232733483,-,8,108318964,+,THCA,4532,TCGA-FK-A4UB-01A,TCGA-FK-A4UB-01A,1.0,0.0,0.0,0.0,0.0
1,247176197,-,12,76242084,+,THCA,4533,TCGA-FK-A4UB-01A,TCGA-FK-A4UB-01A,1.0,0.0,0.0,0.0,0.0
10,39459941,-,12,37733078,-,THCA,4534,TCGA-FK-A4UB-01A,TCGA-FK-A4UB-01A,1.0,0.0,0.0,0.0,0.0
10,43115274,+,10,59905347,+,THCA,4535,TCGA-FK-A4UB-01A,TCGA-FK-A4UB-01A,1.0,0.0,0.0,0.0,0.0
10,43115280,-,10,59905350,-,THCA,4536,TCGA-FK-A4UB-01A,TCGA-FK-A4UB-01A,1.0,0.0,0.0,0.0,0.0
10,101822615,+,10,101823203,-,THCA,4537,TCGA-FK-A4UB-01A,TCGA-FK-A4UB-01A,1.0,0.0,0.0,0.0,0.0
11,1885501,+,11,1886260,-,THCA,4538,TCGA-FK-A4UB-01A,TCGA-FK-A4UB-01A,1.0,0.0,0.0,0.0,0.0
11,2586931,+,11,2587518,-,THCA,4539,TCGA-FK-A4UB-01A,TCGA-FK-A4UB-01A,1.0,0.0,0.0,0.0,0.0
11,65042158,+,11,65042875,-,THCA,4540,TCGA-FK-A4UB-01A,TCGA-FK-A4UB-01A,1.0,0.0,0.0,0.0,0.0
12,41252087,+,12,41252697,-,THCA,4541,TCGA-FK-A4UB-01A,TCGA-FK-A4UB-01A,1.0,0.0,0.0,0.0,0.0
12,53627360,+,12,53627976,-,THCA,4542,TCGA-FK-A4UB-01A,TCGA-FK-A4UB-01A,1.0,0.0,0.0,0.0,0.0
12,55809001,+,12,55809655,-,THCA,4543,TCGA-FK-A4UB-01A,TCGA-FK-A4UB-01A,1.0,0.0,0.0,0.0,0.0
13,75634421,+,13,75634966,-,THCA,4544,TCGA-FK-A4UB-01A,TCGA-FK-A4UB-01A,1.0,0.0,0.0,0.0,0.0
14,16124732,+,20,28757851,-,THCA,4545,TCGA-FK-A4UB-01A,TCGA-FK-A4UB-01A,1.0,0.0,0.0,0.0,0.0
14,73852346,+,14,73852889,-,THCA,4546,TCGA-FK-A4UB-01A,TCGA-FK-A4UB-01A,1.0,0.0,0.0,0.0,0.0
14,104362512,+,14,104363128,-,THCA,4547,TCGA-FK-A4UB-01A,TCGA-FK-A4UB-01A,1.0,0.0,0.0,0.0,0.0
15,57243979,+,15,57244541,-,THCA,4548,TCGA-FK-A4UB-01A,TCGA-FK-A4UB-01A,1.0,0.0,0.0,0.0,0.0
15,65234920,+,15,65235544,-,THCA,4549,TCGA-FK-A4UB-01A,TCGA-FK-A4UB-01A,1.0,0.0,0.0,0.0,0.0
15,93374693,+,15,93375352,-,THCA,4550,TCGA-FK-A4UB-01A,TCGA-FK-A4UB-01A,1.0,0.0,0.0,0.0,0.0
16,1226466,+,16,1244380,+,THCA,4551,TCGA-FK-A4UB-01A,TCGA-FK-A4UB-01A,1.0,0.0,0.0,0.0,0.0
16,24115424,+,16,24116008,-,THCA,4552,TCGA-FK-A4UB-01A,TCGA-FK-A4UB-01A,1.0,0.0,0.0,0.0,0.0
17,22842982,+,17,23109349,-,THCA,4553,TCGA-FK-A4UB-01A,TCGA-FK-A4UB-01A,1.0,0.0,0.0,0.0,0.0
17,22894623,+,17,22994350,-,THCA,4554,TCGA-FK-A4UB-01A,TCGA-FK-A4UB-01A,1.0,0.0,0.0,0.0,0.0
17,50716268,+,17,50716788,-,THCA,4555,TCGA-FK-A4UB-01A,TCGA-FK-A4UB-01A,1.0,0.0,0.0,0.0,0.0
18,9600871,+,18,9601487,-,THCA,4556,TCGA-FK-A4UB-01A,TCGA-FK-A4UB-01A,1.0,0.0,0.0,0.0,0.0
18,77830812,+,18,77831362,-,THCA,4557,TCGA-FK-A4UB-01A,TCGA-FK-A4UB-01A,1.0,0.0,0.0,0.0,0.0
19,18223001,+,19,18223602,-,THCA,4558,TCGA-FK-A4UB-01A,TCGA-FK-A4UB-01A,1.0,0.0,0.0,0.0,0.0
19,20620610,+,19,20621162,-,THCA,4559,TCGA-FK-A4UB-01A,TCGA-FK-A4UB-01A,1.0,0.0,0.0,0.0,0.0
19,45500415,+,19,45500971,-,THCA,4560,TCGA-FK-A4UB-01A,TCGA-FK-A4UB-01A,1.0,0.0,0.0,0.0,0.0
19,58345044,+,19,58345550,-,THCA,4561,TCGA-FK-A4UB-01A,TCGA-FK-A4UB-01A,1.0,0.0,0.0,0.0,0.0
2,47322849,+,3,129624306,-,THCA,4562,TCGA-FK-A4UB-01A,TCGA-FK-A4UB-01A,1.0,0.0,0.0,0.0,0.0
2,222116345,+,15,73660909,-,THCA,4563,TCGA-FK-A4UB-01A,TCGA-FK-A4UB-01A,1.0,0.0,0.0,0.0,0.0
21,40756671,+,21,40757261,-,THCA,4564,TCGA-FK-A4UB-01A,TCGA-FK-A4UB-01A,1.0,0.0,0.0,0.0,0.0
3,71396903,-,21,20430795,+,THCA,4565,TCGA-FK-A4UB-01A,TCGA-FK-A4UB-01A,1.0,0.0,0.0,0.0,0.0
3,182048146,-,19,28733063,+,THCA,4566,TCGA-FK-A4UB-01A,TCGA-FK-A4UB-01A,1.0,0.0,0.0,0.0,0.0
3,188041837,+,3,188042341,-,THCA,4567,TCGA-FK-A4UB-01A,TCGA-FK-A4UB-01A,1.0,0.0,0.0,0.0,0.0
4,1928749,+,4,1929290,-,THCA,4568,TCGA-FK-A4UB-01A,TCGA-FK-A4UB-01A,1.0,0.0,0.0,0.0,0.0
4,40642131,+,6,53542865,-,THCA,4569,TCGA-FK-A4UB-01A,TCGA-FK-A4UB-01A,1.0,0.0,0.0,0.0,0.0
4,142845932,+,4,142846488,-,THCA,4570,TCGA-FK-A4UB-01A,TCGA-FK-A4UB-01A,1.0,0.0,0.0,0.0,0.0
6,28497730,+,6,28498347,-,THCA,4571,TCGA-FK-A4UB-01A,TCGA-FK-A4UB-01A,1.0,0.0,0.0,0.0,0.0
7,1170443,-,14,29826986,+,THCA,4572,TCGA-FK-A4UB-01A,TCGA-FK-A4UB-01A,1.0,0.0,0.0,0.0,0.0
7,60421573,-,7,60573894,+,THCA,4573,TCGA-FK-A4UB-01A,TCGA-FK-A4UB-01A,1.0,0.0,0.0,0.0,0.0
8,23556512,+,8,23557103,-,THCA,4574,TCGA-FK-A4UB-01A,TCGA-FK-A4UB-01A,1.0,0.0,0.0,0.0,0.0
8,128003047,+,8,128003549,-,THCA,4575,TCGA-FK-A4UB-01A,TCGA-FK-A4UB-01A,1.0,0.0,0.0,0.0,0.0
9,43557718,+,9,44416061,-,THCA,4576,TCGA-FK-A4UB-01A,TCGA-FK-A4UB-01A,1.0,0.0,0.0,0.0,0.0
24,12315409,+,24,13114690,-,THCA,4577,TCGA-FK-A4UB-01A,TCGA-FK-A4UB-01A,1.0,0.0,0.0,0.0,0.0
11,53193455,-,11,53716848,+,THCA,4578,TCGA-FY-A2QD-01A,TCGA-FY-A2QD-01A,1.0,0.0,0.0,0.0,0.0
11,90095275,+,11,92027508,+,THCA,4579,TCGA-FY-A2QD-01A,TCGA-FY-A2QD-01A,1.0,0.0,0.0,0.0,0.0
11,124404151,+,13,89932794,-,THCA,4580,TCGA-FY-A2QD-01A,TCGA-FY-A2QD-01A,1.0,0.0,0.0,0.0,0.0
19,13074183,+,19,19468700,-,THCA,4581,TCGA-FY-A2QD-01A,TCGA-FY-A2QD-01A,1.0,0.0,0.0,0.0,0.0
2,65676883,+,3,165302053,-,THCA,4582,TCGA-FY-A2QD-01A,TCGA-FY-A2QD-01A,1.0,0.0,0.0,0.0,0.0
5,47251387,-,5,47289673,+,THCA,4583,TCGA-FY-A2QD-01A,TCGA-FY-A2QD-01A,1.0,0.0,0.0,0.0,0.0
6,54109977,+,11,41988896,+,THCA,4584,TCGA-FY-A2QD-01A,TCGA-FY-A2QD-01A,1.0,0.0,0.0,0.0,0.0
1,58729593,+,20,60627834,+,THCA,4585,TCGA-FY-A3BL-01A,TCGA-FY-A3BL-01A,1.0,0.0,0.0,0.0,0.0
1,205048911,-,6,11043468,-,THCA,4586,TCGA-FY-A3BL-01A,TCGA-FY-A3BL-01A,1.0,0.0,0.0,0.0,0.0
10,6359513,+,14,73817741,-,THCA,4587,TCGA-FY-A3BL-01A,TCGA-FY-A3BL-01A,1.0,0.0,0.0,0.0,0.0
10,128583706,+,23,1201714,+,THCA,4588,TCGA-FY-A3BL-01A,TCGA-FY-A3BL-01A,1.0,0.0,0.0,0.0,0.0
11,54370958,-,11,54385224,+,THCA,4589,TCGA-FY-A3BL-01A,TCGA-FY-A3BL-01A,1.0,0.0,0.0,0.0,0.0
12,54079819,+,20,30287851,-,THCA,4590,TCGA-FY-A3BL-01A,TCGA-FY-A3BL-01A,1.0,0.0,0.0,0.0,0.0
13,16441185,-,13,16679242,+,THCA,4591,TCGA-FY-A3BL-01A,TCGA-FY-A3BL-01A,1.0,0.0,0.0,0.0,0.0
13,86498031,+,13,86499126,+,THCA,4592,TCGA-FY-A3BL-01A,TCGA-FY-A3BL-01A,1.0,0.0,0.0,0.0,0.0
14,61138230,+,15,52739479,+,THCA,4593,TCGA-FY-A3BL-01A,TCGA-FY-A3BL-01A,1.0,0.0,0.0,0.0,0.0
14,102094611,-,15,77185754,+,THCA,4594,TCGA-FY-A3BL-01A,TCGA-FY-A3BL-01A,1.0,0.0,0.0,0.0,0.0
3,59986758,+,9,74291730,+,THCA,4595,TCGA-FY-A3BL-01A,TCGA-FY-A3BL-01A,1.0,0.0,0.0,0.0,0.0
8,116615673,-,17,48858074,+,THCA,4596,TCGA-FY-A3BL-01A,TCGA-FY-A3BL-01A,1.0,0.0,0.0,0.0,0.0
1,77433763,+,8,133313101,+,THCA,4597,TCGA-FY-A3I4-01A,TCGA-FY-A3I4-01A,1.0,0.0,0.0,0.0,0.0
1,120535968,+,1,148975286,+,THCA,4598,TCGA-FY-A3I4-01A,TCGA-FY-A3I4-01A,1.0,0.0,0.0,0.0,0.0
1,242276677,-,10,38321963,-,THCA,4599,TCGA-FY-A3I4-01A,TCGA-FY-A3I4-01A,1.0,0.0,0.0,0.0,0.0
10,74819332,-,15,67507933,+,THCA,4600,TCGA-FY-A3I4-01A,TCGA-FY-A3I4-01A,1.0,0.0,0.0,0.0,0.0
12,1617432,+,12,1618036,-,THCA,4601,TCGA-FY-A3I4-01A,TCGA-FY-A3I4-01A,1.0,0.0,0.0,0.0,0.0
14,63720741,+,14,63721403,-,THCA,4602,TCGA-FY-A3I4-01A,TCGA-FY-A3I4-01A,1.0,0.0,0.0,0.0,0.0
4,143844495,+,4,143965279,-,THCA,4603,TCGA-FY-A3I4-01A,TCGA-FY-A3I4-01A,1.0,0.0,0.0,0.0,0.0
5,92097043,+,16,87185022,+,THCA,4604,TCGA-FY-A3I4-01A,TCGA-FY-A3I4-01A,1.0,0.0,0.0,0.0,0.0
6,59583186,-,6,59763554,+,THCA,4605,TCGA-FY-A3I4-01A,TCGA-FY-A3I4-01A,1.0,0.0,0.0,0.0,0.0
8,80797310,+,20,43068027,-,THCA,4606,TCGA-FY-A3I4-01A,TCGA-FY-A3I4-01A,1.0,0.0,0.0,0.0,0.0
9,44603327,+,9,44780826,-,THCA,4607,TCGA-FY-A3I4-01A,TCGA-FY-A3I4-01A,1.0,0.0,0.0,0.0,0.0
9,75332802,+,16,79458147,+,THCA,4608,TCGA-FY-A3I4-01A,TCGA-FY-A3I4-01A,1.0,0.0,0.0,0.0,0.0
13,16426127,+,13,16940718,-,THCA,4609,TCGA-FY-A3I5-01B,TCGA-FY-A3I5-01B,1.0,0.0,0.0,0.0,0.0
13,60541186,-,17,34480686,+,THCA,4610,TCGA-FY-A3I5-01B,TCGA-FY-A3I5-01B,1.0,0.0,0.0,0.0,0.0
3,25897276,-,16,19321873,+,THCA,4611,TCGA-FY-A3I5-01B,TCGA-FY-A3I5-01B,1.0,0.0,0.0,0.0,0.0
5,28797282,-,8,143855401,-,THCA,4612,TCGA-FY-A3I5-01B,TCGA-FY-A3I5-01B,1.0,0.0,0.0,0.0,0.0
7,75564107,+,7,75564634,-,THCA,4613,TCGA-FY-A3I5-01B,TCGA-FY-A3I5-01B,1.0,0.0,0.0,0.0,0.0
11,118764838,+,16,87860358,-,THCA,4614,TCGA-FY-A3NM-01A,TCGA-FY-A3NM-01A,1.0,0.0,0.0,0.0,0.0
12,35523984,-,12,37172584,+,THCA,4615,TCGA-FY-A3NM-01A,TCGA-FY-A3NM-01A,1.0,0.0,0.0,0.0,0.0
14,102086869,+,14,102087537,-,THCA,4616,TCGA-FY-A3NM-01A,TCGA-FY-A3NM-01A,1.0,0.0,0.0,0.0,0.0
16,2541892,-,16,2659539,-,THCA,4617,TCGA-FY-A3NM-01A,TCGA-FY-A3NM-01A,1.0,0.0,0.0,0.0,0.0
17,79993792,+,17,79994292,-,THCA,4618,TCGA-FY-A3NM-01A,TCGA-FY-A3NM-01A,1.0,0.0,0.0,0.0,0.0
2,101468570,+,2,101469411,-,THCA,4619,TCGA-FY-A3NM-01A,TCGA-FY-A3NM-01A,1.0,0.0,0.0,0.0,0.0
3,93315931,-,3,93339592,+,THCA,4620,TCGA-FY-A3NM-01A,TCGA-FY-A3NM-01A,1.0,0.0,0.0,0.0,0.0
4,49899281,+,4,51398093,-,THCA,4621,TCGA-FY-A3NM-01A,TCGA-FY-A3NM-01A,1.0,0.0,0.0,0.0,0.0
4,51242593,+,4,51292712,-,THCA,4622,TCGA-FY-A3NM-01A,TCGA-FY-A3NM-01A,1.0,0.0,0.0,0.0,0.0
4,76098580,+,4,76099087,-,THCA,4623,TCGA-FY-A3NM-01A,TCGA-FY-A3NM-01A,1.0,0.0,0.0,0.0,0.0
4,101346993,+,4,101347541,-,THCA,4624,TCGA-FY-A3NM-01A,TCGA-FY-A3NM-01A,1.0,0.0,0.0,0.0,0.0
5,81993360,-,6,53665943,-,THCA,4625,TCGA-FY-A3NM-01A,TCGA-FY-A3NM-01A,1.0,0.0,0.0,0.0,0.0
7,75789990,+,19,8982298,+,THCA,4626,TCGA-FY-A3NM-01A,TCGA-FY-A3NM-01A,1.0,0.0,0.0,0.0,0.0
8,4707929,+,11,3729716,-,THCA,4627,TCGA-FY-A3NM-01A,TCGA-FY-A3NM-01A,1.0,0.0,0.0,0.0,0.0
8,121970057,-,20,30279871,-,THCA,4628,TCGA-FY-A3NM-01A,TCGA-FY-A3NM-01A,1.0,0.0,0.0,0.0,0.0
1,74417691,-,14,94065385,-,THCA,4629,TCGA-FY-A3NN-01A,TCGA-FY-A3NN-01A,1.0,0.0,0.0,0.0,0.0
1,116606611,-,13,18289044,+,THCA,4630,TCGA-FY-A3NN-01A,TCGA-FY-A3NN-01A,1.0,0.0,0.0,0.0,0.0
11,46737202,+,11,46737866,-,THCA,4631,TCGA-FY-A3NN-01A,TCGA-FY-A3NN-01A,1.0,0.0,0.0,0.0,0.0
11,54353756,-,11,54420132,+,THCA,4632,TCGA-FY-A3NN-01A,TCGA-FY-A3NN-01A,1.0,0.0,0.0,0.0,0.0
12,6473723,+,12,6709620,+,THCA,4633,TCGA-FY-A3NN-01A,TCGA-FY-A3NN-01A,1.0,0.0,0.0,0.0,0.0
13,16355130,-,13,16994010,+,THCA,4634,TCGA-FY-A3NN-01A,TCGA-FY-A3NN-01A,1.0,0.0,0.0,0.0,0.0
14,21294517,+,14,21295100,-,THCA,4635,TCGA-FY-A3NN-01A,TCGA-FY-A3NN-01A,1.0,0.0,0.0,0.0,0.0
17,911627,+,17,912223,-,THCA,4636,TCGA-FY-A3NN-01A,TCGA-FY-A3NN-01A,1.0,0.0,0.0,0.0,0.0
17,22367449,-,20,29684508,+,THCA,4637,TCGA-FY-A3NN-01A,TCGA-FY-A3NN-01A,1.0,0.0,0.0,0.0,0.0
17,22814050,+,17,22829689,-,THCA,4638,TCGA-FY-A3NN-01A,TCGA-FY-A3NN-01A,1.0,0.0,0.0,0.0,0.0
18,15564925,+,18,15699396,-,THCA,4639,TCGA-FY-A3NN-01A,TCGA-FY-A3NN-01A,1.0,0.0,0.0,0.0,0.0
18,15819934,+,18,20445103,-,THCA,4640,TCGA-FY-A3NN-01A,TCGA-FY-A3NN-01A,1.0,0.0,0.0,0.0,0.0
2,61552115,+,2,61552662,-,THCA,4641,TCGA-FY-A3NN-01A,TCGA-FY-A3NN-01A,1.0,0.0,0.0,0.0,0.0
2,108738524,+,3,8798005,-,THCA,4642,TCGA-FY-A3NN-01A,TCGA-FY-A3NN-01A,1.0,0.0,0.0,0.0,0.0
3,91024079,-,3,91212171,+,THCA,4643,TCGA-FY-A3NN-01A,TCGA-FY-A3NN-01A,1.0,0.0,0.0,0.0,0.0
7,61379652,-,7,61513841,+,THCA,4644,TCGA-FY-A3NN-01A,TCGA-FY-A3NN-01A,1.0,0.0,0.0,0.0,0.0
7,75577234,+,7,75577881,-,THCA,4645,TCGA-FY-A3NN-01A,TCGA-FY-A3NN-01A,1.0,0.0,0.0,0.0,0.0
23,60240380,-,23,60671073,+,THCA,4646,TCGA-FY-A3NN-01A,TCGA-FY-A3NN-01A,1.0,0.0,0.0,0.0,0.0
1,45987362,+,1,45988053,-,THCA,4647,TCGA-FY-A3NP-01A,TCGA-FY-A3NP-01A,1.0,0.0,0.0,0.0,0.0
1,86097239,-,9,136023098,-,THCA,4648,TCGA-FY-A3NP-01A,TCGA-FY-A3NP-01A,1.0,0.0,0.0,0.0,0.0
10,128583845,+,23,1201782,+,THCA,4649,TCGA-FY-A3NP-01A,TCGA-FY-A3NP-01A,1.0,0.0,0.0,0.0,0.0
11,3729488,+,11,3729998,-,THCA,4650,TCGA-FY-A3NP-01A,TCGA-FY-A3NP-01A,1.0,0.0,0.0,0.0,0.0
11,51219182,-,11,51273239,+,THCA,4651,TCGA-FY-A3NP-01A,TCGA-FY-A3NP-01A,1.0,0.0,0.0,0.0,0.0
12,1050776,+,12,1051445,-,THCA,4652,TCGA-FY-A3NP-01A,TCGA-FY-A3NP-01A,1.0,0.0,0.0,0.0,0.0
12,34857248,+,12,36913275,-,THCA,4653,TCGA-FY-A3NP-01A,TCGA-FY-A3NP-01A,1.0,0.0,0.0,0.0,0.0
12,35210736,+,12,35941186,-,THCA,4654,TCGA-FY-A3NP-01A,TCGA-FY-A3NP-01A,1.0,0.0,0.0,0.0,0.0
12,35798611,+,12,37160961,-,THCA,4655,TCGA-FY-A3NP-01A,TCGA-FY-A3NP-01A,1.0,0.0,0.0,0.0,0.0
15,17049133,+,20,28928404,+,THCA,4656,TCGA-FY-A3NP-01A,TCGA-FY-A3NP-01A,1.0,0.0,0.0,0.0,0.0
16,10836807,+,16,10837383,-,THCA,4657,TCGA-FY-A3NP-01A,TCGA-FY-A3NP-01A,1.0,0.0,0.0,0.0,0.0
16,10981627,+,16,10982246,-,THCA,4658,TCGA-FY-A3NP-01A,TCGA-FY-A3NP-01A,1.0,0.0,0.0,0.0,0.0
16,15768334,+,16,15769028,-,THCA,4659,TCGA-FY-A3NP-01A,TCGA-FY-A3NP-01A,1.0,0.0,0.0,0.0,0.0
17,22822521,-,17,23180800,+,THCA,4660,TCGA-FY-A3NP-01A,TCGA-FY-A3NP-01A,1.0,0.0,0.0,0.0,0.0
18,21731488,+,18,21732047,-,THCA,4661,TCGA-FY-A3NP-01A,TCGA-FY-A3NP-01A,1.0,0.0,0.0,0.0,0.0
18,34672213,+,18,34672880,-,THCA,4662,TCGA-FY-A3NP-01A,TCGA-FY-A3NP-01A,1.0,0.0,0.0,0.0,0.0
19,40773680,+,19,40774375,-,THCA,4663,TCGA-FY-A3NP-01A,TCGA-FY-A3NP-01A,1.0,0.0,0.0,0.0,0.0
2,76313968,+,13,31423446,-,THCA,4664,TCGA-FY-A3NP-01A,TCGA-FY-A3NP-01A,1.0,0.0,0.0,0.0,0.0
2,93077832,+,2,93442081,-,THCA,4665,TCGA-FY-A3NP-01A,TCGA-FY-A3NP-01A,1.0,0.0,0.0,0.0,0.0
2,93598834,-,11,119448765,+,THCA,4666,TCGA-FY-A3NP-01A,TCGA-FY-A3NP-01A,1.0,0.0,0.0,0.0,0.0
2,94505601,-,20,26631314,-,THCA,4667,TCGA-FY-A3NP-01A,TCGA-FY-A3NP-01A,1.0,0.0,0.0,0.0,0.0
20,63476375,+,20,63477007,-,THCA,4668,TCGA-FY-A3NP-01A,TCGA-FY-A3NP-01A,1.0,0.0,0.0,0.0,0.0
21,31512223,+,21,31512882,-,THCA,4669,TCGA-FY-A3NP-01A,TCGA-FY-A3NP-01A,1.0,0.0,0.0,0.0,0.0
3,59739877,-,8,89011907,+,THCA,4670,TCGA-FY-A3NP-01A,TCGA-FY-A3NP-01A,1.0,0.0,0.0,0.0,0.0
3,186028854,+,3,186029387,-,THCA,4671,TCGA-FY-A3NP-01A,TCGA-FY-A3NP-01A,1.0,0.0,0.0,0.0,0.0
5,40218256,-,7,63964362,+,THCA,4672,TCGA-FY-A3NP-01A,TCGA-FY-A3NP-01A,1.0,0.0,0.0,0.0,0.0
7,127953154,-,15,57275363,+,THCA,4673,TCGA-FY-A3NP-01A,TCGA-FY-A3NP-01A,1.0,0.0,0.0,0.0,0.0
8,26425848,+,8,26426503,-,THCA,4674,TCGA-FY-A3NP-01A,TCGA-FY-A3NP-01A,1.0,0.0,0.0,0.0,0.0
9,61392110,-,15,62235178,+,THCA,4675,TCGA-FY-A3NP-01A,TCGA-FY-A3NP-01A,1.0,0.0,0.0,0.0,0.0
9,128680347,+,9,128680928,-,THCA,4676,TCGA-FY-A3NP-01A,TCGA-FY-A3NP-01A,1.0,0.0,0.0,0.0,0.0
1,202354598,+,1,202355187,-,THCA,4677,TCGA-FY-A3ON-01A,TCGA-FY-A3ON-01A,1.0,0.0,0.0,0.0,0.0
18,20789625,+,18,20830718,+,THCA,4678,TCGA-FY-A3ON-01A,TCGA-FY-A3ON-01A,1.0,0.0,0.0,0.0,0.0
2,88484884,+,2,88485550,-,THCA,4679,TCGA-FY-A3ON-01A,TCGA-FY-A3ON-01A,1.0,0.0,0.0,0.0,0.0
3,71289214,+,3,71289798,-,THCA,4680,TCGA-FY-A3ON-01A,TCGA-FY-A3ON-01A,1.0,0.0,0.0,0.0,0.0
3,90776944,+,3,91149787,-,THCA,4681,TCGA-FY-A3ON-01A,TCGA-FY-A3ON-01A,1.0,0.0,0.0,0.0,0.0
4,105284137,+,15,96692773,+,THCA,4682,TCGA-FY-A3ON-01A,TCGA-FY-A3ON-01A,1.0,0.0,0.0,0.0,0.0
7,75564121,+,7,75564799,-,THCA,4683,TCGA-FY-A3ON-01A,TCGA-FY-A3ON-01A,1.0,0.0,0.0,0.0,0.0
8,8526075,-,16,19321676,-,THCA,4684,TCGA-FY-A3ON-01A,TCGA-FY-A3ON-01A,1.0,0.0,0.0,0.0,0.0
1,2639913,+,1,2640513,-,THCA,4685,TCGA-FY-A3R8-01A,TCGA-FY-A3R8-01A,1.0,0.0,0.0,0.0,0.0
1,6937900,+,12,132742761,-,THCA,4686,TCGA-FY-A3R8-01A,TCGA-FY-A3R8-01A,1.0,0.0,0.0,0.0,0.0
1,123325510,-,1,124011285,+,THCA,4687,TCGA-FY-A3R8-01A,TCGA-FY-A3R8-01A,1.0,0.0,0.0,0.0,0.0
1,240955490,+,6,86113234,+,THCA,4688,TCGA-FY-A3R8-01A,TCGA-FY-A3R8-01A,1.0,0.0,0.0,0.0,0.0
10,93876176,+,10,93876807,-,THCA,4689,TCGA-FY-A3R8-01A,TCGA-FY-A3R8-01A,1.0,0.0,0.0,0.0,0.0
11,65647000,+,11,65647675,-,THCA,4690,TCGA-FY-A3R8-01A,TCGA-FY-A3R8-01A,1.0,0.0,0.0,0.0,0.0
15,40727181,+,15,40728042,-,THCA,4691,TCGA-FY-A3R8-01A,TCGA-FY-A3R8-01A,1.0,0.0,0.0,0.0,0.0
15,64591403,+,15,64592124,-,THCA,4692,TCGA-FY-A3R8-01A,TCGA-FY-A3R8-01A,1.0,0.0,0.0,0.0,0.0
16,31570227,+,16,31571526,-,THCA,4693,TCGA-FY-A3R8-01A,TCGA-FY-A3R8-01A,1.0,0.0,0.0,0.0,0.0
3,25897265,-,16,19321738,+,THCA,4694,TCGA-FY-A3R8-01A,TCGA-FY-A3R8-01A,1.0,0.0,0.0,0.0,0.0
6,59613040,-,6,59619316,+,THCA,4695,TCGA-FY-A3R8-01A,TCGA-FY-A3R8-01A,1.0,0.0,0.0,0.0,0.0
7,36170694,+,17,57539517,-,THCA,4696,TCGA-FY-A3R8-01A,TCGA-FY-A3R8-01A,1.0,0.0,0.0,0.0,0.0
8,57258682,+,8,57259310,-,THCA,4697,TCGA-FY-A3R8-01A,TCGA-FY-A3R8-01A,1.0,0.0,0.0,0.0,0.0
8,107987191,+,8,107987748,-,THCA,4698,TCGA-FY-A3R8-01A,TCGA-FY-A3R8-01A,1.0,0.0,0.0,0.0,0.0
9,14216590,+,11,63087058,+,THCA,4699,TCGA-FY-A3R8-01A,TCGA-FY-A3R8-01A,1.0,0.0,0.0,0.0,0.0
9,135276447,+,9,135277111,-,THCA,4700,TCGA-FY-A3R8-01A,TCGA-FY-A3R8-01A,1.0,0.0,0.0,0.0,0.0
23,89578447,+,24,3234844,-,THCA,4701,TCGA-FY-A3R8-01A,TCGA-FY-A3R8-01A,1.0,0.0,0.0,0.0,0.0
1,10437712,+,1,10438382,-,THCA,4702,TCGA-FY-A3RA-01A,TCGA-FY-A3RA-01A,1.0,0.0,0.0,0.0,0.0
1,18661058,+,1,18661867,-,THCA,4703,TCGA-FY-A3RA-01A,TCGA-FY-A3RA-01A,1.0,0.0,0.0,0.0,0.0
1,57830972,+,1,57831582,-,THCA,4704,TCGA-FY-A3RA-01A,TCGA-FY-A3RA-01A,1.0,0.0,0.0,0.0,0.0
1,241078345,+,15,47551674,-,THCA,4705,TCGA-FY-A3RA-01A,TCGA-FY-A3RA-01A,1.0,0.0,0.0,0.0,0.0
13,16497032,-,13,17328382,+,THCA,4706,TCGA-FY-A3RA-01A,TCGA-FY-A3RA-01A,1.0,0.0,0.0,0.0,0.0
13,17849719,+,13,17980171,-,THCA,4707,TCGA-FY-A3RA-01A,TCGA-FY-A3RA-01A,1.0,0.0,0.0,0.0,0.0
14,23965740,-,14,24000771,+,THCA,4708,TCGA-FY-A3RA-01A,TCGA-FY-A3RA-01A,1.0,0.0,0.0,0.0,0.0
15,90669620,+,15,90670302,-,THCA,4709,TCGA-FY-A3RA-01A,TCGA-FY-A3RA-01A,1.0,0.0,0.0,0.0,0.0
2,28881107,+,2,28881736,-,THCA,4710,TCGA-FY-A3RA-01A,TCGA-FY-A3RA-01A,1.0,0.0,0.0,0.0,0.0
3,90849058,-,3,91117713,+,THCA,4711,TCGA-FY-A3RA-01A,TCGA-FY-A3RA-01A,1.0,0.0,0.0,0.0,0.0
4,54617243,-,15,66415504,+,THCA,4712,TCGA-FY-A3RA-01A,TCGA-FY-A3RA-01A,1.0,0.0,0.0,0.0,0.0
6,58756291,+,6,59293722,-,THCA,4713,TCGA-FY-A3RA-01A,TCGA-FY-A3RA-01A,1.0,0.0,0.0,0.0,0.0
6,67432901,-,23,33190974,-,THCA,4714,TCGA-FY-A3RA-01A,TCGA-FY-A3RA-01A,1.0,0.0,0.0,0.0,0.0
9,109246411,+,9,109247082,-,THCA,4715,TCGA-FY-A3RA-01A,TCGA-FY-A3RA-01A,1.0,0.0,0.0,0.0,0.0
23,40154742,+,23,40155423,-,THCA,4716,TCGA-FY-A3RA-01A,TCGA-FY-A3RA-01A,1.0,0.0,0.0,0.0,0.0
1,7094269,+,1,7095046,-,THCA,4717,TCGA-FY-A3TY-01A,TCGA-FY-A3TY-01A,1.0,0.0,0.0,0.0,0.0
11,69184484,+,11,69185066,-,THCA,4718,TCGA-FY-A3TY-01A,TCGA-FY-A3TY-01A,1.0,0.0,0.0,0.0,0.0
13,16298904,+,13,16571004,-,THCA,4719,TCGA-FY-A3TY-01A,TCGA-FY-A3TY-01A,1.0,0.0,0.0,0.0,0.0
13,18665199,-,21,13762167,+,THCA,4720,TCGA-FY-A3TY-01A,TCGA-FY-A3TY-01A,1.0,0.0,0.0,0.0,0.0
7,138622113,+,9,10230452,-,THCA,4721,TCGA-FY-A3TY-01A,TCGA-FY-A3TY-01A,1.0,0.0,0.0,0.0,0.0
13,21927058,+,22,21487662,-,THCA,4722,TCGA-FY-A3W9-01A,TCGA-FY-A3W9-01A,1.0,0.0,0.0,0.0,0.0
15,27320294,+,15,31268662,-,THCA,4723,TCGA-FY-A3W9-01A,TCGA-FY-A3W9-01A,1.0,0.0,0.0,0.0,0.0
15,28728808,-,15,35568458,-,THCA,4724,TCGA-FY-A3W9-01A,TCGA-FY-A3W9-01A,1.0,0.0,0.0,0.0,0.0
15,29396678,+,15,34572731,+,THCA,4725,TCGA-FY-A3W9-01A,TCGA-FY-A3W9-01A,1.0,0.0,0.0,0.0,0.0
16,30466156,+,16,30466743,-,THCA,4726,TCGA-FY-A3W9-01A,TCGA-FY-A3W9-01A,1.0,0.0,0.0,0.0,0.0
16,50155312,+,17,49995465,+,THCA,4727,TCGA-FY-A3W9-01A,TCGA-FY-A3W9-01A,1.0,0.0,0.0,0.0,0.0
18,15636239,-,18,15701231,+,THCA,4728,TCGA-FY-A3W9-01A,TCGA-FY-A3W9-01A,1.0,0.0,0.0,0.0,0.0
20,29945281,+,20,30138368,-,THCA,4729,TCGA-FY-A3W9-01A,TCGA-FY-A3W9-01A,1.0,0.0,0.0,0.0,0.0
3,91039954,+,3,91060509,-,THCA,4730,TCGA-FY-A3W9-01A,TCGA-FY-A3W9-01A,1.0,0.0,0.0,0.0,0.0
1,42110199,-,10,77382886,-,THCA,4731,TCGA-FY-A3WA-01A,TCGA-FY-A3WA-01A,1.0,0.0,0.0,0.0,0.0
11,50792252,+,20,28950837,+,THCA,4732,TCGA-FY-A3WA-01A,TCGA-FY-A3WA-01A,1.0,0.0,0.0,0.0,0.0
11,54378139,-,11,54380207,+,THCA,4733,TCGA-FY-A3WA-01A,TCGA-FY-A3WA-01A,1.0,0.0,0.0,0.0,0.0
12,16094282,-,19,22417448,-,THCA,4734,TCGA-FY-A3WA-01A,TCGA-FY-A3WA-01A,1.0,0.0,0.0,0.0,0.0
12,16096960,+,12,16098562,-,THCA,4735,TCGA-FY-A3WA-01A,TCGA-FY-A3WA-01A,1.0,0.0,0.0,0.0,0.0
12,18799397,+,12,20650869,-,THCA,4736,TCGA-FY-A3WA-01A,TCGA-FY-A3WA-01A,1.0,0.0,0.0,0.0,0.0
12,20654740,+,12,24229193,+,THCA,4737,TCGA-FY-A3WA-01A,TCGA-FY-A3WA-01A,1.0,0.0,0.0,0.0,0.0
12,21516803,+,12,22874238,-,THCA,4738,TCGA-FY-A3WA-01A,TCGA-FY-A3WA-01A,1.0,0.0,0.0,0.0,0.0
12,25230451,-,19,24418113,+,THCA,4739,TCGA-FY-A3WA-01A,TCGA-FY-A3WA-01A,1.0,0.0,0.0,0.0,0.0
12,54236245,-,22,19932793,+,THCA,4740,TCGA-FY-A3WA-01A,TCGA-FY-A3WA-01A,1.0,0.0,0.0,0.0,0.0
13,17780868,+,13,17907138,-,THCA,4741,TCGA-FY-A3WA-01A,TCGA-FY-A3WA-01A,1.0,0.0,0.0,0.0,0.0
13,112678818,-,19,50391681,+,THCA,4742,TCGA-FY-A3WA-01A,TCGA-FY-A3WA-01A,1.0,0.0,0.0,0.0,0.0
16,30752193,+,23,36616862,+,THCA,4743,TCGA-FY-A3WA-01A,TCGA-FY-A3WA-01A,1.0,0.0,0.0,0.0,0.0
18,15558467,+,18,15704730,-,THCA,4744,TCGA-FY-A3WA-01A,TCGA-FY-A3WA-01A,1.0,0.0,0.0,0.0,0.0
20,26437154,-,20,26545239,+,THCA,4745,TCGA-FY-A3WA-01A,TCGA-FY-A3WA-01A,1.0,0.0,0.0,0.0,0.0
3,90809500,+,3,90868252,-,THCA,4746,TCGA-FY-A3WA-01A,TCGA-FY-A3WA-01A,1.0,0.0,0.0,0.0,0.0
5,49669395,+,5,49707051,-,THCA,4747,TCGA-FY-A3WA-01A,TCGA-FY-A3WA-01A,1.0,0.0,0.0,0.0,0.0
6,18848020,+,13,92527476,+,THCA,4748,TCGA-FY-A3WA-01A,TCGA-FY-A3WA-01A,1.0,0.0,0.0,0.0,0.0
7,13793508,-,12,121255341,-,THCA,4749,TCGA-FY-A3WA-01A,TCGA-FY-A3WA-01A,1.0,0.0,0.0,0.0,0.0
7,29984781,+,11,119220006,+,THCA,4750,TCGA-FY-A3WA-01A,TCGA-FY-A3WA-01A,1.0,0.0,0.0,0.0,0.0
9,35828335,+,12,121406304,+,THCA,4751,TCGA-FY-A3WA-01A,TCGA-FY-A3WA-01A,1.0,0.0,0.0,0.0,0.0
1,45838315,+,1,45839036,-,THCA,4752,TCGA-FY-A3YR-01A,TCGA-FY-A3YR-01A,1.0,0.0,0.0,0.0,0.0
1,179228060,+,4,132708460,+,THCA,4753,TCGA-FY-A3YR-01A,TCGA-FY-A3YR-01A,1.0,0.0,0.0,0.0,0.0
12,34832540,-,12,37251003,+,THCA,4754,TCGA-FY-A3YR-01A,TCGA-FY-A3YR-01A,1.0,0.0,0.0,0.0,0.0
15,82338349,+,15,85251627,+,THCA,4755,TCGA-FY-A3YR-01A,TCGA-FY-A3YR-01A,1.0,0.0,0.0,0.0,0.0
16,34255927,-,16,36322649,+,THCA,4756,TCGA-FY-A3YR-01A,TCGA-FY-A3YR-01A,1.0,0.0,0.0,0.0,0.0
17,3553912,+,17,3554606,-,THCA,4757,TCGA-FY-A3YR-01A,TCGA-FY-A3YR-01A,1.0,0.0,0.0,0.0,0.0
17,23058254,-,17,23170381,+,THCA,4758,TCGA-FY-A3YR-01A,TCGA-FY-A3YR-01A,1.0,0.0,0.0,0.0,0.0
20,29447838,+,22,11605370,-,THCA,4759,TCGA-FY-A3YR-01A,TCGA-FY-A3YR-01A,1.0,0.0,0.0,0.0,0.0
20,29952309,+,20,29986943,-,THCA,4760,TCGA-FY-A3YR-01A,TCGA-FY-A3YR-01A,1.0,0.0,0.0,0.0,0.0
22,15940606,+,22,15950497,-,THCA,4761,TCGA-FY-A3YR-01A,TCGA-FY-A3YR-01A,1.0,0.0,0.0,0.0,0.0
4,40032777,+,7,108960824,+,THCA,4762,TCGA-FY-A3YR-01A,TCGA-FY-A3YR-01A,1.0,0.0,0.0,0.0,0.0
4,74680300,-,18,25887749,-,THCA,4763,TCGA-FY-A3YR-01A,TCGA-FY-A3YR-01A,1.0,0.0,0.0,0.0,0.0
7,147729039,+,13,20063877,+,THCA,4764,TCGA-FY-A3YR-01A,TCGA-FY-A3YR-01A,1.0,0.0,0.0,0.0,0.0
1,101496971,-,8,133313062,+,THCA,4765,TCGA-FY-A40K-01A,TCGA-FY-A40K-01A,1.0,0.0,0.0,0.0,0.0
1,121907651,+,1,122174639,+,THCA,4766,TCGA-FY-A40K-01A,TCGA-FY-A40K-01A,1.0,0.0,0.0,0.0,0.0
1,229337703,+,10,102568665,-,THCA,4767,TCGA-FY-A40K-01A,TCGA-FY-A40K-01A,1.0,0.0,0.0,0.0,0.0
1,247072894,-,11,102342098,-,THCA,4768,TCGA-FY-A40K-01A,TCGA-FY-A40K-01A,1.0,0.0,0.0,0.0,0.0
12,36404981,-,12,37062780,+,THCA,4769,TCGA-FY-A40K-01A,TCGA-FY-A40K-01A,1.0,0.0,0.0,0.0,0.0
13,17849696,+,13,17980200,-,THCA,4770,TCGA-FY-A40K-01A,TCGA-FY-A40K-01A,1.0,0.0,0.0,0.0,0.0
22,16463209,+,24,11372112,-,THCA,4771,TCGA-FY-A40K-01A,TCGA-FY-A40K-01A,1.0,0.0,0.0,0.0,0.0
3,102727105,-,6,152188985,-,THCA,4772,TCGA-FY-A40K-01A,TCGA-FY-A40K-01A,1.0,0.0,0.0,0.0,0.0
3,112550263,+,3,112561456,-,THCA,4773,TCGA-FY-A40K-01A,TCGA-FY-A40K-01A,1.0,0.0,0.0,0.0,0.0
4,54658035,+,4,54658651,-,THCA,4774,TCGA-FY-A40K-01A,TCGA-FY-A40K-01A,1.0,0.0,0.0,0.0,0.0
6,32653271,+,10,68540476,+,THCA,4775,TCGA-FY-A40K-01A,TCGA-FY-A40K-01A,1.0,0.0,0.0,0.0,0.0
8,127841782,+,8,127842292,-,THCA,4776,TCGA-FY-A40K-01A,TCGA-FY-A40K-01A,1.0,0.0,0.0,0.0,0.0
9,112019888,+,9,112020511,-,THCA,4777,TCGA-FY-A40K-01A,TCGA-FY-A40K-01A,1.0,0.0,0.0,0.0,0.0
23,3812971,+,23,3813549,-,THCA,4778,TCGA-FY-A40K-01A,TCGA-FY-A40K-01A,1.0,0.0,0.0,0.0,0.0
13,42427976,-,16,82142155,+,THCA,4779,TCGA-FY-A40L-01A,TCGA-FY-A40L-01A,1.0,0.0,0.0,0.0,0.0
2,104174326,+,14,40512519,-,THCA,4780,TCGA-FY-A40L-01A,TCGA-FY-A40L-01A,1.0,0.0,0.0,0.0,0.0
20,8784287,+,20,8784899,-,THCA,4781,TCGA-FY-A40L-01A,TCGA-FY-A40L-01A,1.0,0.0,0.0,0.0,0.0
3,90912055,-,3,91122120,+,THCA,4782,TCGA-FY-A40L-01A,TCGA-FY-A40L-01A,1.0,0.0,0.0,0.0,0.0
5,34899866,+,5,34900457,-,THCA,4783,TCGA-FY-A40L-01A,TCGA-FY-A40L-01A,1.0,0.0,0.0,0.0,0.0
8,93834926,+,8,93835468,-,THCA,4784,TCGA-FY-A40L-01A,TCGA-FY-A40L-01A,1.0,0.0,0.0,0.0,0.0
1,92790255,+,1,92790732,-,THCA,4785,TCGA-FY-A40M-01A,TCGA-FY-A40M-01A,1.0,0.0,0.0,0.0,0.0
10,1438178,+,10,1438603,-,THCA,4786,TCGA-FY-A40M-01A,TCGA-FY-A40M-01A,1.0,0.0,0.0,0.0,0.0
16,14422421,+,16,14422926,-,THCA,4787,TCGA-FY-A40M-01A,TCGA-FY-A40M-01A,1.0,0.0,0.0,0.0,0.0
17,19609684,+,17,19610198,-,THCA,4788,TCGA-FY-A40M-01A,TCGA-FY-A40M-01A,1.0,0.0,0.0,0.0,0.0
19,18522071,+,19,18522584,-,THCA,4789,TCGA-FY-A40M-01A,TCGA-FY-A40M-01A,1.0,0.0,0.0,0.0,0.0
2,120633061,+,2,120633893,-,THCA,4790,TCGA-FY-A40M-01A,TCGA-FY-A40M-01A,1.0,0.0,0.0,0.0,0.0
20,26438634,-,20,26440322,+,THCA,4791,TCGA-FY-A40M-01A,TCGA-FY-A40M-01A,1.0,0.0,0.0,0.0,0.0
3,55713127,+,16,29402699,-,THCA,4792,TCGA-FY-A40M-01A,TCGA-FY-A40M-01A,1.0,0.0,0.0,0.0,0.0
3,90793206,-,3,90969043,+,THCA,4793,TCGA-FY-A40M-01A,TCGA-FY-A40M-01A,1.0,0.0,0.0,0.0,0.0
3,91192610,-,3,91257364,-,THCA,4794,TCGA-FY-A40M-01A,TCGA-FY-A40M-01A,1.0,0.0,0.0,0.0,0.0
6,54355715,-,14,89666075,+,THCA,4795,TCGA-FY-A40M-01A,TCGA-FY-A40M-01A,1.0,0.0,0.0,0.0,0.0
6,58900215,-,6,59764295,+,THCA,4796,TCGA-FY-A40M-01A,TCGA-FY-A40M-01A,1.0,0.0,0.0,0.0,0.0
8,253398,+,14,94626756,-,THCA,4797,TCGA-FY-A40M-01A,TCGA-FY-A40M-01A,1.0,0.0,0.0,0.0,0.0
8,113312875,+,18,33856571,-,THCA,4798,TCGA-FY-A40M-01A,TCGA-FY-A40M-01A,1.0,0.0,0.0,0.0,0.0
1,101496977,-,8,133312986,+,THCA,4799,TCGA-FY-A40N-01A,TCGA-FY-A40N-01A,1.0,0.0,0.0,0.0,0.0
10,63677833,+,16,4572393,-,THCA,4800,TCGA-FY-A40N-01A,TCGA-FY-A40N-01A,1.0,0.0,0.0,0.0,0.0
11,54353737,-,11,54420145,+,THCA,4801,TCGA-FY-A40N-01A,TCGA-FY-A40N-01A,1.0,0.0,0.0,0.0,0.0
15,58708059,+,15,58708600,-,THCA,4802,TCGA-FY-A40N-01A,TCGA-FY-A40N-01A,1.0,0.0,0.0,0.0,0.0
2,145530665,+,2,145557236,-,THCA,4803,TCGA-FY-A40N-01A,TCGA-FY-A40N-01A,1.0,0.0,0.0,0.0,0.0
7,40510283,+,7,148711822,+,THCA,4804,TCGA-FY-A40N-01A,TCGA-FY-A40N-01A,1.0,0.0,0.0,0.0,0.0
7,40545942,-,7,140850261,-,THCA,4805,TCGA-FY-A40N-01A,TCGA-FY-A40N-01A,1.0,0.0,0.0,0.0,0.0
7,47712353,+,7,141286166,-,THCA,4806,TCGA-FY-A40N-01A,TCGA-FY-A40N-01A,1.0,0.0,0.0,0.0,0.0
7,47744891,-,7,148731680,-,THCA,4807,TCGA-FY-A40N-01A,TCGA-FY-A40N-01A,1.0,0.0,0.0,0.0,0.0
7,47764632,+,7,148731651,+,THCA,4808,TCGA-FY-A40N-01A,TCGA-FY-A40N-01A,1.0,0.0,0.0,0.0,0.0
7,47765671,-,7,148728758,-,THCA,4809,TCGA-FY-A40N-01A,TCGA-FY-A40N-01A,1.0,0.0,0.0,0.0,0.0
7,127753148,+,7,140794189,+,THCA,4810,TCGA-FY-A40N-01A,TCGA-FY-A40N-01A,1.0,0.0,0.0,0.0,0.0
7,127753231,-,7,141157182,+,THCA,4811,TCGA-FY-A40N-01A,TCGA-FY-A40N-01A,1.0,0.0,0.0,0.0,0.0
9,116889608,+,9,116890168,-,THCA,4812,TCGA-FY-A40N-01A,TCGA-FY-A40N-01A,1.0,0.0,0.0,0.0,0.0
1,199941138,+,8,40881515,-,THCA,4813,TCGA-FY-A4B0-01A,TCGA-FY-A4B0-01A,1.0,0.0,0.0,0.0,0.0
11,51906424,-,11,52067996,+,THCA,4814,TCGA-FY-A4B0-01A,TCGA-FY-A4B0-01A,1.0,0.0,0.0,0.0,0.0
11,109079614,+,11,109403911,+,THCA,4815,TCGA-FY-A4B0-01A,TCGA-FY-A4B0-01A,1.0,0.0,0.0,0.0,0.0
12,21210016,+,12,21287010,+,THCA,4816,TCGA-FY-A4B0-01A,TCGA-FY-A4B0-01A,1.0,0.0,0.0,0.0,0.0
17,23021186,+,17,23161455,-,THCA,4817,TCGA-FY-A4B0-01A,TCGA-FY-A4B0-01A,1.0,0.0,0.0,0.0,0.0
17,45181295,-,17,45386792,+,THCA,4818,TCGA-FY-A4B0-01A,TCGA-FY-A4B0-01A,1.0,0.0,0.0,0.0,0.0
18,15636239,-,18,15701236,+,THCA,4819,TCGA-FY-A4B0-01A,TCGA-FY-A4B0-01A,1.0,0.0,0.0,0.0,0.0
19,5467736,-,19,17073673,-,THCA,4820,TCGA-FY-A4B0-01A,TCGA-FY-A4B0-01A,1.0,0.0,0.0,0.0,0.0
19,6666725,+,19,16908226,-,THCA,4821,TCGA-FY-A4B0-01A,TCGA-FY-A4B0-01A,1.0,0.0,0.0,0.0,0.0
19,12847861,-,19,16910778,+,THCA,4822,TCGA-FY-A4B0-01A,TCGA-FY-A4B0-01A,1.0,0.0,0.0,0.0,0.0
19,12853398,+,19,16897920,+,THCA,4823,TCGA-FY-A4B0-01A,TCGA-FY-A4B0-01A,1.0,0.0,0.0,0.0,0.0
2,24528637,+,2,24529139,-,THCA,4824,TCGA-FY-A4B0-01A,TCGA-FY-A4B0-01A,1.0,0.0,0.0,0.0,0.0
2,238486722,-,18,63103394,-,THCA,4825,TCGA-FY-A4B0-01A,TCGA-FY-A4B0-01A,1.0,0.0,0.0,0.0,0.0
22,17546253,+,22,17546804,-,THCA,4826,TCGA-FY-A4B0-01A,TCGA-FY-A4B0-01A,1.0,0.0,0.0,0.0,0.0
5,82263339,+,5,113108054,+,THCA,4827,TCGA-FY-A4B0-01A,TCGA-FY-A4B0-01A,1.0,0.0,0.0,0.0,0.0
5,82263461,-,5,113250067,-,THCA,4828,TCGA-FY-A4B0-01A,TCGA-FY-A4B0-01A,1.0,0.0,0.0,0.0,0.0
5,140354283,-,5,140642032,+,THCA,4829,TCGA-FY-A4B0-01A,TCGA-FY-A4B0-01A,1.0,0.0,0.0,0.0,0.0
5,175353793,-,5,176381385,+,THCA,4830,TCGA-FY-A4B0-01A,TCGA-FY-A4B0-01A,1.0,0.0,0.0,0.0,0.0
6,157282794,-,6,157378724,+,THCA,4831,TCGA-FY-A4B0-01A,TCGA-FY-A4B0-01A,1.0,0.0,0.0,0.0,0.0
7,62567395,-,9,64937737,-,THCA,4832,TCGA-FY-A4B0-01A,TCGA-FY-A4B0-01A,1.0,0.0,0.0,0.0,0.0
9,43206407,+,9,60529134,+,THCA,4833,TCGA-FY-A4B0-01A,TCGA-FY-A4B0-01A,1.0,0.0,0.0,0.0,0.0
1,240955483,-,6,86112700,-,THCA,4834,TCGA-FY-A4B3-01A,TCGA-FY-A4B3-01A,1.0,0.0,0.0,0.0,0.0
10,72420115,+,10,72420714,-,THCA,4835,TCGA-FY-A4B3-01A,TCGA-FY-A4B3-01A,1.0,0.0,0.0,0.0,0.0
14,68795259,+,23,117931904,-,THCA,4836,TCGA-FY-A4B3-01A,TCGA-FY-A4B3-01A,1.0,0.0,0.0,0.0,0.0
17,22914795,+,17,23151695,-,THCA,4837,TCGA-FY-A4B3-01A,TCGA-FY-A4B3-01A,1.0,0.0,0.0,0.0,0.0
19,16343005,+,19,16343652,-,THCA,4838,TCGA-FY-A4B3-01A,TCGA-FY-A4B3-01A,1.0,0.0,0.0,0.0,0.0
2,44013415,-,4,20102092,+,THCA,4839,TCGA-FY-A4B3-01A,TCGA-FY-A4B3-01A,1.0,0.0,0.0,0.0,0.0
2,214751250,-,5,104222729,+,THCA,4840,TCGA-FY-A4B3-01A,TCGA-FY-A4B3-01A,1.0,0.0,0.0,0.0,0.0
5,47213639,+,5,47258340,-,THCA,4841,TCGA-FY-A4B3-01A,TCGA-FY-A4B3-01A,1.0,0.0,0.0,0.0,0.0
5,49692929,-,5,49958274,+,THCA,4842,TCGA-FY-A4B3-01A,TCGA-FY-A4B3-01A,1.0,0.0,0.0,0.0,0.0
7,44523067,+,21,38507858,-,THCA,4843,TCGA-FY-A4B3-01A,TCGA-FY-A4B3-01A,1.0,0.0,0.0,0.0,0.0
1,1384659,+,1,1385229,-,THCA,4844,TCGA-FY-A4B4-01A,TCGA-FY-A4B4-01A,1.0,0.0,0.0,0.0,0.0
1,101496969,-,8,133313084,+,THCA,4845,TCGA-FY-A4B4-01A,TCGA-FY-A4B4-01A,1.0,0.0,0.0,0.0,0.0
1,124795659,+,1,124803350,-,THCA,4846,TCGA-FY-A4B4-01A,TCGA-FY-A4B4-01A,1.0,0.0,0.0,0.0,0.0
10,41589968,+,10,41592651,-,THCA,4847,TCGA-FY-A4B4-01A,TCGA-FY-A4B4-01A,1.0,0.0,0.0,0.0,0.0
11,44700708,+,23,69294775,+,THCA,4848,TCGA-FY-A4B4-01A,TCGA-FY-A4B4-01A,1.0,0.0,0.0,0.0,0.0
11,52308196,+,11,53766795,-,THCA,4849,TCGA-FY-A4B4-01A,TCGA-FY-A4B4-01A,1.0,0.0,0.0,0.0,0.0
15,53515050,+,23,49689932,-,THCA,4850,TCGA-FY-A4B4-01A,TCGA-FY-A4B4-01A,1.0,0.0,0.0,0.0,0.0
18,2823769,+,18,2824457,-,THCA,4851,TCGA-FY-A4B4-01A,TCGA-FY-A4B4-01A,1.0,0.0,0.0,0.0,0.0
2,24375790,+,8,121651474,-,THCA,4852,TCGA-FY-A4B4-01A,TCGA-FY-A4B4-01A,1.0,0.0,0.0,0.0,0.0
6,42631890,+,9,30740817,+,THCA,4853,TCGA-FY-A4B4-01A,TCGA-FY-A4B4-01A,1.0,0.0,0.0,0.0,0.0
8,21156149,-,22,16724318,-,THCA,4854,TCGA-FY-A4B4-01A,TCGA-FY-A4B4-01A,1.0,0.0,0.0,0.0,0.0
1,171442930,+,1,171443512,-,THCA,4855,TCGA-FY-A76V-01A,TCGA-FY-A76V-01A,1.0,0.0,0.0,0.0,0.0
10,29510389,+,10,30674091,+,THCA,4856,TCGA-FY-A76V-01A,TCGA-FY-A76V-01A,1.0,0.0,0.0,0.0,0.0
11,36328365,+,23,580345,+,THCA,4857,TCGA-FY-A76V-01A,TCGA-FY-A76V-01A,1.0,0.0,0.0,0.0,0.0
16,34256469,+,16,36325777,-,THCA,4858,TCGA-FY-A76V-01A,TCGA-FY-A76V-01A,1.0,0.0,0.0,0.0,0.0
18,15678908,-,18,15772527,+,THCA,4859,TCGA-FY-A76V-01A,TCGA-FY-A76V-01A,1.0,0.0,0.0,0.0,0.0
18,20599635,+,18,20738352,+,THCA,4860,TCGA-FY-A76V-01A,TCGA-FY-A76V-01A,1.0,0.0,0.0,0.0,0.0
18,73753872,-,23,95235009,+,THCA,4861,TCGA-FY-A76V-01A,TCGA-FY-A76V-01A,1.0,0.0,0.0,0.0,0.0
3,6927456,-,23,1613423,-,THCA,4862,TCGA-FY-A76V-01A,TCGA-FY-A76V-01A,1.0,0.0,0.0,0.0,0.0
4,39107307,+,6,28991404,-,THCA,4863,TCGA-FY-A76V-01A,TCGA-FY-A76V-01A,1.0,0.0,0.0,0.0,0.0
5,65849423,-,23,137974662,-,THCA,4864,TCGA-FY-A76V-01A,TCGA-FY-A76V-01A,1.0,0.0,0.0,0.0,0.0
7,95846628,-,11,93561373,+,THCA,4865,TCGA-FY-A76V-01A,TCGA-FY-A76V-01A,1.0,0.0,0.0,0.0,0.0
7,149948158,+,7,154148920,+,THCA,4866,TCGA-FY-A76V-01A,TCGA-FY-A76V-01A,1.0,0.0,0.0,0.0,0.0
1,21778568,+,1,21779155,-,THCA,4867,TCGA-GE-A2C6-01A,TCGA-GE-A2C6-01A,1.0,0.0,0.0,0.0,0.0
1,150436361,+,1,150436928,-,THCA,4868,TCGA-GE-A2C6-01A,TCGA-GE-A2C6-01A,1.0,0.0,0.0,0.0,0.0
13,113599807,+,13,113600396,-,THCA,4869,TCGA-GE-A2C6-01A,TCGA-GE-A2C6-01A,1.0,0.0,0.0,0.0,0.0
18,15484975,+,18,15694327,-,THCA,4870,TCGA-GE-A2C6-01A,TCGA-GE-A2C6-01A,1.0,0.0,0.0,0.0,0.0
5,49765586,-,5,49845369,+,THCA,4871,TCGA-GE-A2C6-01A,TCGA-GE-A2C6-01A,1.0,0.0,0.0,0.0,0.0
6,127119830,+,6,127120455,-,THCA,4872,TCGA-GE-A2C6-01A,TCGA-GE-A2C6-01A,1.0,0.0,0.0,0.0,0.0
8,130098394,+,8,130099046,-,THCA,4873,TCGA-GE-A2C6-01A,TCGA-GE-A2C6-01A,1.0,0.0,0.0,0.0,0.0
18,15573636,-,18,15679457,+,THCA,4874,TCGA-H2-A26U-01A,TCGA-H2-A26U-01A,1.0,0.0,0.0,0.0,0.0
2,147598309,+,8,136701994,+,THCA,4875,TCGA-H2-A26U-01A,TCGA-H2-A26U-01A,1.0,0.0,0.0,0.0,0.0
20,30001064,+,20,30010538,-,THCA,4876,TCGA-H2-A26U-01A,TCGA-H2-A26U-01A,1.0,0.0,0.0,0.0,0.0
3,180530208,-,5,115745221,-,THCA,4877,TCGA-H2-A26U-01A,TCGA-H2-A26U-01A,1.0,0.0,0.0,0.0,0.0
5,46379798,+,11,48919236,+,THCA,4878,TCGA-H2-A26U-01A,TCGA-H2-A26U-01A,1.0,0.0,0.0,0.0,0.0
6,156191544,-,24,7775789,+,THCA,4879,TCGA-H2-A26U-01A,TCGA-H2-A26U-01A,1.0,0.0,0.0,0.0,0.0
1,77433768,+,8,133313144,+,THCA,4880,TCGA-H2-A2K9-01A,TCGA-H2-A2K9-01A,1.0,0.0,0.0,0.0,0.0
1,120290829,-,13,46006714,-,THCA,4881,TCGA-H2-A2K9-01A,TCGA-H2-A2K9-01A,1.0,0.0,0.0,0.0,0.0
11,109235376,+,15,32044254,-,THCA,4882,TCGA-H2-A2K9-01A,TCGA-H2-A2K9-01A,1.0,0.0,0.0,0.0,0.0
11,128690339,+,11,128691042,-,THCA,4883,TCGA-H2-A2K9-01A,TCGA-H2-A2K9-01A,1.0,0.0,0.0,0.0,0.0
12,36337136,-,12,36613005,+,THCA,4884,TCGA-H2-A2K9-01A,TCGA-H2-A2K9-01A,1.0,0.0,0.0,0.0,0.0
12,69154243,+,14,81130153,+,THCA,4885,TCGA-H2-A2K9-01A,TCGA-H2-A2K9-01A,1.0,0.0,0.0,0.0,0.0
2,22133228,+,2,149189343,-,THCA,4886,TCGA-H2-A2K9-01A,TCGA-H2-A2K9-01A,1.0,0.0,0.0,0.0,0.0
2,214751163,-,12,8350617,-,THCA,4887,TCGA-H2-A2K9-01A,TCGA-H2-A2K9-01A,1.0,0.0,0.0,0.0,0.0
3,90845208,-,3,91144252,+,THCA,4888,TCGA-H2-A2K9-01A,TCGA-H2-A2K9-01A,1.0,0.0,0.0,0.0,0.0
3,155814153,-,3,155945068,-,THCA,4889,TCGA-H2-A2K9-01A,TCGA-H2-A2K9-01A,1.0,0.0,0.0,0.0,0.0
4,64148456,+,7,122227691,-,THCA,4890,TCGA-H2-A2K9-01A,TCGA-H2-A2K9-01A,1.0,0.0,0.0,0.0,0.0
6,58270410,-,6,61171914,-,THCA,4891,TCGA-H2-A2K9-01A,TCGA-H2-A2K9-01A,1.0,0.0,0.0,0.0,0.0
8,41970606,+,8,41971239,-,THCA,4892,TCGA-H2-A2K9-01A,TCGA-H2-A2K9-01A,1.0,0.0,0.0,0.0,0.0
8,132980528,-,19,53613017,+,THCA,4893,TCGA-H2-A2K9-01A,TCGA-H2-A2K9-01A,1.0,0.0,0.0,0.0,0.0
8,132980536,+,19,53613015,-,THCA,4894,TCGA-H2-A2K9-01A,TCGA-H2-A2K9-01A,1.0,0.0,0.0,0.0,0.0
23,131761225,+,23,131777004,-,THCA,4895,TCGA-H2-A2K9-01A,TCGA-H2-A2K9-01A,1.0,0.0,0.0,0.0,0.0
13,16670005,-,13,16758797,+,THCA,4896,TCGA-H2-A3RH-01A,TCGA-H2-A3RH-01A,1.0,0.0,0.0,0.0,0.0
2,212015089,-,3,129149812,+,THCA,4897,TCGA-H2-A3RH-01A,TCGA-H2-A3RH-01A,1.0,0.0,0.0,0.0,0.0
3,23556430,+,5,143097008,+,THCA,4898,TCGA-H2-A3RH-01A,TCGA-H2-A3RH-01A,1.0,0.0,0.0,0.0,0.0
3,90407894,-,3,90410026,+,THCA,4899,TCGA-H2-A3RH-01A,TCGA-H2-A3RH-01A,1.0,0.0,0.0,0.0,0.0
3,91019055,+,3,91108020,-,THCA,4900,TCGA-H2-A3RH-01A,TCGA-H2-A3RH-01A,1.0,0.0,0.0,0.0,0.0
7,99157834,+,7,99158538,-,THCA,4901,TCGA-H2-A3RH-01A,TCGA-H2-A3RH-01A,1.0,0.0,0.0,0.0,0.0
10,39574509,-,10,41282352,+,THCA,4902,TCGA-H2-A3RI-01A,TCGA-H2-A3RI-01A,1.0,0.0,0.0,0.0,0.0
11,113853055,+,11,113853748,-,THCA,4903,TCGA-H2-A3RI-01A,TCGA-H2-A3RI-01A,1.0,0.0,0.0,0.0,0.0
12,1418592,-,15,57076278,+,THCA,4904,TCGA-H2-A3RI-01A,TCGA-H2-A3RI-01A,1.0,0.0,0.0,0.0,0.0
12,108872437,+,12,108873155,-,THCA,4905,TCGA-H2-A3RI-01A,TCGA-H2-A3RI-01A,1.0,0.0,0.0,0.0,0.0
17,26643843,-,20,29693492,+,THCA,4906,TCGA-H2-A3RI-01A,TCGA-H2-A3RI-01A,1.0,0.0,0.0,0.0,0.0
2,212331077,-,12,32346338,-,THCA,4907,TCGA-H2-A3RI-01A,TCGA-H2-A3RI-01A,1.0,0.0,0.0,0.0,0.0
2,238532854,+,2,238533612,-,THCA,4908,TCGA-H2-A3RI-01A,TCGA-H2-A3RI-01A,1.0,0.0,0.0,0.0,0.0
3,185800711,+,5,181156073,+,THCA,4909,TCGA-H2-A3RI-01A,TCGA-H2-A3RI-01A,1.0,0.0,0.0,0.0,0.0
4,108304219,+,14,46370201,+,THCA,4910,TCGA-H2-A3RI-01A,TCGA-H2-A3RI-01A,1.0,0.0,0.0,0.0,0.0
6,54372764,+,12,4172586,-,THCA,4911,TCGA-H2-A3RI-01A,TCGA-H2-A3RI-01A,1.0,0.0,0.0,0.0,0.0
6,97355051,-,8,138442238,-,THCA,4912,TCGA-H2-A3RI-01A,TCGA-H2-A3RI-01A,1.0,0.0,0.0,0.0,0.0
9,134254270,+,17,7156387,-,THCA,4913,TCGA-H2-A3RI-01A,TCGA-H2-A3RI-01A,1.0,0.0,0.0,0.0,0.0
23,91222900,-,24,4686051,+,THCA,4914,TCGA-H2-A3RI-01A,TCGA-H2-A3RI-01A,1.0,0.0,0.0,0.0,0.0
10,16645955,-,16,17098077,+,THCA,4915,TCGA-H2-A421-01A,TCGA-H2-A421-01A,1.0,0.0,0.0,0.0,0.0
11,17016739,+,11,17017371,-,THCA,4916,TCGA-H2-A421-01A,TCGA-H2-A421-01A,1.0,0.0,0.0,0.0,0.0
18,15511681,+,18,15639808,-,THCA,4917,TCGA-H2-A421-01A,TCGA-H2-A421-01A,1.0,0.0,0.0,0.0,0.0
3,169472631,+,16,51288457,-,THCA,4918,TCGA-H2-A421-01A,TCGA-H2-A421-01A,1.0,0.0,0.0,0.0,0.0
3,198126131,-,9,138183038,+,THCA,4919,TCGA-H2-A421-01A,TCGA-H2-A421-01A,1.0,0.0,0.0,0.0,0.0
5,47026999,-,5,47048512,+,THCA,4920,TCGA-H2-A421-01A,TCGA-H2-A421-01A,1.0,0.0,0.0,0.0,0.0
1,242276712,-,10,38321966,-,THCA,4921,TCGA-H2-A422-01A,TCGA-H2-A422-01A,1.0,0.0,0.0,0.0,0.0
14,76459838,+,14,76460524,-,THCA,4922,TCGA-H2-A422-01A,TCGA-H2-A422-01A,1.0,0.0,0.0,0.0,0.0
17,22927382,-,17,23064556,+,THCA,4923,TCGA-H2-A422-01A,TCGA-H2-A422-01A,1.0,0.0,0.0,0.0,0.0
2,93233175,-,2,93594880,+,THCA,4924,TCGA-H2-A422-01A,TCGA-H2-A422-01A,1.0,0.0,0.0,0.0,0.0
4,105043539,-,15,88315175,+,THCA,4925,TCGA-H2-A422-01A,TCGA-H2-A422-01A,1.0,0.0,0.0,0.0,0.0
5,47121790,-,5,47145380,+,THCA,4926,TCGA-H2-A422-01A,TCGA-H2-A422-01A,1.0,0.0,0.0,0.0,0.0
5,49671796,+,5,49694469,-,THCA,4927,TCGA-H2-A422-01A,TCGA-H2-A422-01A,1.0,0.0,0.0,0.0,0.0
7,48481769,+,11,92183740,+,THCA,4928,TCGA-H2-A422-01A,TCGA-H2-A422-01A,1.0,0.0,0.0,0.0,0.0
23,47626946,+,23,47627615,-,THCA,4929,TCGA-H2-A422-01A,TCGA-H2-A422-01A,1.0,0.0,0.0,0.0,0.0
23,83390633,+,23,83391350,-,THCA,4930,TCGA-H2-A422-01A,TCGA-H2-A422-01A,1.0,0.0,0.0,0.0,0.0
1,77433251,-,8,133313555,-,THCA,4931,TCGA-IM-A3EB-01A,TCGA-IM-A3EB-01A,1.0,0.0,0.0,0.0,0.0
10,133103981,+,10,133104486,-,THCA,4932,TCGA-IM-A3EB-01A,TCGA-IM-A3EB-01A,1.0,0.0,0.0,0.0,0.0
11,53554408,-,11,53882529,+,THCA,4933,TCGA-IM-A3EB-01A,TCGA-IM-A3EB-01A,1.0,0.0,0.0,0.0,0.0
16,20465987,-,16,20558571,-,THCA,4934,TCGA-IM-A3EB-01A,TCGA-IM-A3EB-01A,1.0,0.0,0.0,0.0,0.0
20,26271297,-,20,30174154,-,THCA,4935,TCGA-IM-A3EB-01A,TCGA-IM-A3EB-01A,1.0,0.0,0.0,0.0,0.0
3,91211657,-,3,91261454,-,THCA,4936,TCGA-IM-A3EB-01A,TCGA-IM-A3EB-01A,1.0,0.0,0.0,0.0,0.0
6,58061782,-,6,60816131,+,THCA,4937,TCGA-IM-A3EB-01A,TCGA-IM-A3EB-01A,1.0,0.0,0.0,0.0,0.0
6,58062020,+,6,60816432,-,THCA,4938,TCGA-IM-A3EB-01A,TCGA-IM-A3EB-01A,1.0,0.0,0.0,0.0,0.0
7,75600251,+,7,75600865,-,THCA,4939,TCGA-IM-A3EB-01A,TCGA-IM-A3EB-01A,1.0,0.0,0.0,0.0,0.0
8,45080659,-,8,45427521,+,THCA,4940,TCGA-IM-A3EB-01A,TCGA-IM-A3EB-01A,1.0,0.0,0.0,0.0,0.0
8,80797306,+,20,43068072,-,THCA,4941,TCGA-IM-A3EB-01A,TCGA-IM-A3EB-01A,1.0,0.0,0.0,0.0,0.0
9,39586631,-,9,42343523,+,THCA,4942,TCGA-IM-A3EB-01A,TCGA-IM-A3EB-01A,1.0,0.0,0.0,0.0,0.0
1,45955352,+,3,176966077,+,THCA,4943,TCGA-IM-A3U2-01A,TCGA-IM-A3U2-01A,1.0,0.0,0.0,0.0,0.0
1,122266958,-,1,122395609,+,THCA,4944,TCGA-IM-A3U2-01A,TCGA-IM-A3U2-01A,1.0,0.0,0.0,0.0,0.0
11,43310873,-,20,10118049,+,THCA,4945,TCGA-IM-A3U2-01A,TCGA-IM-A3U2-01A,1.0,0.0,0.0,0.0,0.0
13,86498044,-,13,86498708,-,THCA,4946,TCGA-IM-A3U2-01A,TCGA-IM-A3U2-01A,1.0,0.0,0.0,0.0,0.0
16,64101982,+,23,130557720,-,THCA,4947,TCGA-IM-A3U2-01A,TCGA-IM-A3U2-01A,1.0,0.0,0.0,0.0,0.0
17,79211698,+,17,79212275,-,THCA,4948,TCGA-IM-A3U2-01A,TCGA-IM-A3U2-01A,1.0,0.0,0.0,0.0,0.0
18,15678989,-,18,15772404,+,THCA,4949,TCGA-IM-A3U2-01A,TCGA-IM-A3U2-01A,1.0,0.0,0.0,0.0,0.0
3,131359562,+,12,54489759,+,THCA,4950,TCGA-IM-A3U2-01A,TCGA-IM-A3U2-01A,1.0,0.0,0.0,0.0,0.0
4,43356054,-,7,144153335,-,THCA,4951,TCGA-IM-A3U2-01A,TCGA-IM-A3U2-01A,1.0,0.0,0.0,0.0,0.0
5,69377578,+,8,128362921,-,THCA,4952,TCGA-IM-A3U2-01A,TCGA-IM-A3U2-01A,1.0,0.0,0.0,0.0,0.0
5,98048970,-,5,98049150,+,THCA,4953,TCGA-IM-A3U2-01A,TCGA-IM-A3U2-01A,1.0,0.0,0.0,0.0,0.0
5,150978123,-,5,150978233,+,THCA,4954,TCGA-IM-A3U2-01A,TCGA-IM-A3U2-01A,1.0,0.0,0.0,0.0,0.0
6,29889397,+,6,29944051,-,THCA,4955,TCGA-IM-A3U2-01A,TCGA-IM-A3U2-01A,1.0,0.0,0.0,0.0,0.0
8,138425741,-,14,73817584,-,THCA,4956,TCGA-IM-A3U2-01A,TCGA-IM-A3U2-01A,1.0,0.0,0.0,0.0,0.0
1,190301129,-,14,85726769,-,THCA,4957,TCGA-IM-A3U3-01A,TCGA-IM-A3U3-01A,1.0,0.0,0.0,0.0,0.0
1,217277115,+,1,236480112,+,THCA,4958,TCGA-IM-A3U3-01A,TCGA-IM-A3U3-01A,1.0,0.0,0.0,0.0,0.0
1,224750774,-,9,134285728,-,THCA,4959,TCGA-IM-A3U3-01A,TCGA-IM-A3U3-01A,1.0,0.0,0.0,0.0,0.0
11,54345242,-,11,54419974,+,THCA,4960,TCGA-IM-A3U3-01A,TCGA-IM-A3U3-01A,1.0,0.0,0.0,0.0,0.0
11,54358692,+,11,54412678,-,THCA,4961,TCGA-IM-A3U3-01A,TCGA-IM-A3U3-01A,1.0,0.0,0.0,0.0,0.0
13,16298395,-,13,16734457,+,THCA,4962,TCGA-IM-A3U3-01A,TCGA-IM-A3U3-01A,1.0,0.0,0.0,0.0,0.0
17,23028499,-,17,23043102,+,THCA,4963,TCGA-IM-A3U3-01A,TCGA-IM-A3U3-01A,1.0,0.0,0.0,0.0,0.0
17,57471158,+,17,57471723,-,THCA,4964,TCGA-IM-A3U3-01A,TCGA-IM-A3U3-01A,1.0,0.0,0.0,0.0,0.0
2,59942659,-,3,139115264,-,THCA,4965,TCGA-IM-A3U3-01A,TCGA-IM-A3U3-01A,1.0,0.0,0.0,0.0,0.0
4,49719542,-,4,51016836,+,THCA,4966,TCGA-IM-A3U3-01A,TCGA-IM-A3U3-01A,1.0,0.0,0.0,0.0,0.0
5,19354008,+,7,67979962,+,THCA,4967,TCGA-IM-A3U3-01A,TCGA-IM-A3U3-01A,1.0,0.0,0.0,0.0,0.0
7,8169902,-,13,111443284,+,THCA,4968,TCGA-IM-A3U3-01A,TCGA-IM-A3U3-01A,1.0,0.0,0.0,0.0,0.0
7,75069456,-,8,84716943,-,THCA,4969,TCGA-IM-A3U3-01A,TCGA-IM-A3U3-01A,1.0,0.0,0.0,0.0,0.0
7,102060644,+,12,73894471,-,THCA,4970,TCGA-IM-A3U3-01A,TCGA-IM-A3U3-01A,1.0,0.0,0.0,0.0,0.0
8,42268324,+,16,58767033,-,THCA,4971,TCGA-IM-A3U3-01A,TCGA-IM-A3U3-01A,1.0,0.0,0.0,0.0,0.0
10,117945452,+,10,128976982,+,THCA,4972,TCGA-IM-A41Y-01A,TCGA-IM-A41Y-01A,1.0,0.0,0.0,0.0,0.0
11,52408853,-,11,52453227,+,THCA,4973,TCGA-IM-A41Y-01A,TCGA-IM-A41Y-01A,1.0,0.0,0.0,0.0,0.0
11,54356871,-,11,54421524,+,THCA,4974,TCGA-IM-A41Y-01A,TCGA-IM-A41Y-01A,1.0,0.0,0.0,0.0,0.0
12,14354079,-,14,77270081,+,THCA,4975,TCGA-IM-A41Y-01A,TCGA-IM-A41Y-01A,1.0,0.0,0.0,0.0,0.0
2,141295791,+,11,112245792,-,THCA,4976,TCGA-IM-A41Y-01A,TCGA-IM-A41Y-01A,1.0,0.0,0.0,0.0,0.0
20,29266728,-,24,10227042,-,THCA,4977,TCGA-IM-A41Y-01A,TCGA-IM-A41Y-01A,1.0,0.0,0.0,0.0,0.0
4,40964754,-,4,95061209,+,THCA,4978,TCGA-IM-A41Y-01A,TCGA-IM-A41Y-01A,1.0,0.0,0.0,0.0,0.0
5,49800540,+,5,49853307,-,THCA,4979,TCGA-IM-A41Y-01A,TCGA-IM-A41Y-01A,1.0,0.0,0.0,0.0,0.0
5,69066772,-,12,1197211,+,THCA,4980,TCGA-IM-A41Y-01A,TCGA-IM-A41Y-01A,1.0,0.0,0.0,0.0,0.0
1,4047829,+,1,4048454,-,THCA,4981,TCGA-IM-A41Z-01A,TCGA-IM-A41Z-01A,1.0,0.0,0.0,0.0,0.0
1,151332944,+,1,151333455,-,THCA,4982,TCGA-IM-A41Z-01A,TCGA-IM-A41Z-01A,1.0,0.0,0.0,0.0,0.0
10,8268569,+,23,150001001,+,THCA,4983,TCGA-IM-A41Z-01A,TCGA-IM-A41Z-01A,1.0,0.0,0.0,0.0,0.0
11,23359688,+,19,20330065,-,THCA,4984,TCGA-IM-A41Z-01A,TCGA-IM-A41Z-01A,1.0,0.0,0.0,0.0,0.0
12,123569569,+,13,35150794,-,THCA,4985,TCGA-IM-A41Z-01A,TCGA-IM-A41Z-01A,1.0,0.0,0.0,0.0,0.0
13,17552594,+,13,17767286,-,THCA,4986,TCGA-IM-A41Z-01A,TCGA-IM-A41Z-01A,1.0,0.0,0.0,0.0,0.0
17,22922838,+,17,22994468,-,THCA,4987,TCGA-IM-A41Z-01A,TCGA-IM-A41Z-01A,1.0,0.0,0.0,0.0,0.0
3,90966239,-,3,91048004,+,THCA,4988,TCGA-IM-A41Z-01A,TCGA-IM-A41Z-01A,1.0,0.0,0.0,0.0,0.0
3,129816818,+,3,129817343,-,THCA,4989,TCGA-IM-A41Z-01A,TCGA-IM-A41Z-01A,1.0,0.0,0.0,0.0,0.0
4,48923596,-,6,64390015,-,THCA,4990,TCGA-IM-A41Z-01A,TCGA-IM-A41Z-01A,1.0,0.0,0.0,0.0,0.0
4,48923725,+,6,64389881,+,THCA,4991,TCGA-IM-A41Z-01A,TCGA-IM-A41Z-01A,1.0,0.0,0.0,0.0,0.0
4,50189350,-,4,50993234,+,THCA,4992,TCGA-IM-A41Z-01A,TCGA-IM-A41Z-01A,1.0,0.0,0.0,0.0,0.0
9,87929823,-,9,92889569,+,THCA,4993,TCGA-IM-A41Z-01A,TCGA-IM-A41Z-01A,1.0,0.0,0.0,0.0,0.0
11,63568935,+,11,63589893,-,THCA,4994,TCGA-IM-A420-01A,TCGA-IM-A420-01A,1.0,0.0,0.0,0.0,0.0
2,61971010,+,2,61971647,-,THCA,4995,TCGA-IM-A420-01A,TCGA-IM-A420-01A,1.0,0.0,0.0,0.0,0.0
20,30463138,+,24,10208258,+,THCA,4996,TCGA-IM-A420-01A,TCGA-IM-A420-01A,1.0,0.0,0.0,0.0,0.0
4,50453531,+,4,51571558,-,THCA,4997,TCGA-IM-A420-01A,TCGA-IM-A420-01A,1.0,0.0,0.0,0.0,0.0
1,93053305,-,2,80232613,+,THCA,4998,TCGA-IM-A4EB-01A,TCGA-IM-A4EB-01A,1.0,0.0,0.0,0.0,0.0
12,64629729,+,12,64630254,-,THCA,4999,TCGA-IM-A4EB-01A,TCGA-IM-A4EB-01A,1.0,0.0,0.0,0.0,0.0
15,82914177,-,19,56170004,+,THCA,5000,TCGA-IM-A4EB-01A,TCGA-IM-A4EB-01A,1.0,0.0,0.0,0.0,0.0
17,22822321,-,17,23049510,+,THCA,5001,TCGA-IM-A4EB-01A,TCGA-IM-A4EB-01A,1.0,0.0,0.0,0.0,0.0
18,15470896,+,18,15771912,-,THCA,5002,TCGA-IM-A4EB-01A,TCGA-IM-A4EB-01A,1.0,0.0,0.0,0.0,0.0
18,15486861,+,18,15585920,-,THCA,5003,TCGA-IM-A4EB-01A,TCGA-IM-A4EB-01A,1.0,0.0,0.0,0.0,0.0
19,36041850,+,19,36042372,-,THCA,5004,TCGA-IM-A4EB-01A,TCGA-IM-A4EB-01A,1.0,0.0,0.0,0.0,0.0
4,48659416,+,10,7566578,-,THCA,5005,TCGA-IM-A4EB-01A,TCGA-IM-A4EB-01A,1.0,0.0,0.0,0.0,0.0
23,4459926,+,23,4460442,-,THCA,5006,TCGA-IM-A4EB-01A,TCGA-IM-A4EB-01A,1.0,0.0,0.0,0.0,0.0
1,122137375,-,1,122150311,+,THCA,5007,TCGA-J8-A3NZ-01A,TCGA-J8-A3NZ-01A,1.0,0.0,0.0,0.0,0.0
1,122975797,-,1,123384017,+,THCA,5008,TCGA-J8-A3NZ-01A,TCGA-J8-A3NZ-01A,1.0,0.0,0.0,0.0,0.0
1,124984775,+,1,124989877,-,THCA,5009,TCGA-J8-A3NZ-01A,TCGA-J8-A3NZ-01A,1.0,0.0,0.0,0.0,0.0
17,22912951,+,17,22986856,-,THCA,5010,TCGA-J8-A3NZ-01A,TCGA-J8-A3NZ-01A,1.0,0.0,0.0,0.0,0.0
22,16463212,+,24,11372123,-,THCA,5011,TCGA-J8-A3NZ-01A,TCGA-J8-A3NZ-01A,1.0,0.0,0.0,0.0,0.0
3,91113695,-,3,91221064,+,THCA,5012,TCGA-J8-A3NZ-01A,TCGA-J8-A3NZ-01A,1.0,0.0,0.0,0.0,0.0
3,142563968,-,15,90569463,+,THCA,5013,TCGA-J8-A3NZ-01A,TCGA-J8-A3NZ-01A,1.0,0.0,0.0,0.0,0.0
4,101106373,-,23,95877442,-,THCA,5014,TCGA-J8-A3NZ-01A,TCGA-J8-A3NZ-01A,1.0,0.0,0.0,0.0,0.0
8,121970068,-,11,34877959,+,THCA,5015,TCGA-J8-A3NZ-01A,TCGA-J8-A3NZ-01A,1.0,0.0,0.0,0.0,0.0
1,124795637,+,1,124803360,-,THCA,5016,TCGA-J8-A3O0-01A,TCGA-J8-A3O0-01A,1.0,0.0,0.0,0.0,0.0
1,183617377,-,1,218595825,-,THCA,5017,TCGA-J8-A3O0-01A,TCGA-J8-A3O0-01A,1.0,0.0,0.0,0.0,0.0
12,76023590,+,12,76024134,-,THCA,5018,TCGA-J8-A3O0-01A,TCGA-J8-A3O0-01A,1.0,0.0,0.0,0.0,0.0
17,57330346,+,17,57330932,-,THCA,5019,TCGA-J8-A3O0-01A,TCGA-J8-A3O0-01A,1.0,0.0,0.0,0.0,0.0
19,3428304,+,19,3429074,-,THCA,5020,TCGA-J8-A3O0-01A,TCGA-J8-A3O0-01A,1.0,0.0,0.0,0.0,0.0
2,236246018,+,21,26489358,-,THCA,5021,TCGA-J8-A3O0-01A,TCGA-J8-A3O0-01A,1.0,0.0,0.0,0.0,0.0
3,110471190,-,10,2472868,-,THCA,5022,TCGA-J8-A3O0-01A,TCGA-J8-A3O0-01A,1.0,0.0,0.0,0.0,0.0
4,105043556,-,15,88315162,+,THCA,5023,TCGA-J8-A3O0-01A,TCGA-J8-A3O0-01A,1.0,0.0,0.0,0.0,0.0
5,49800544,+,5,49853316,-,THCA,5024,TCGA-J8-A3O0-01A,TCGA-J8-A3O0-01A,1.0,0.0,0.0,0.0,0.0
5,98278066,-,13,62699339,+,THCA,5025,TCGA-J8-A3O0-01A,TCGA-J8-A3O0-01A,1.0,0.0,0.0,0.0,0.0
8,87428335,-,18,43735259,+,THCA,5026,TCGA-J8-A3O0-01A,TCGA-J8-A3O0-01A,1.0,0.0,0.0,0.0,0.0
9,41746642,-,20,26005537,-,THCA,5027,TCGA-J8-A3O0-01A,TCGA-J8-A3O0-01A,1.0,0.0,0.0,0.0,0.0
1,124877370,+,1,124898721,-,THCA,5028,TCGA-J8-A3O1-01A,TCGA-J8-A3O1-01A,1.0,0.0,0.0,0.0,0.0
11,54346606,+,11,54420992,-,THCA,5029,TCGA-J8-A3O1-01A,TCGA-J8-A3O1-01A,1.0,0.0,0.0,0.0,0.0
11,54349891,+,11,54352032,-,THCA,5030,TCGA-J8-A3O1-01A,TCGA-J8-A3O1-01A,1.0,0.0,0.0,0.0,0.0
12,34073682,+,12,34085825,-,THCA,5031,TCGA-J8-A3O1-01A,TCGA-J8-A3O1-01A,1.0,0.0,0.0,0.0,0.0
2,60610297,+,23,44593932,+,THCA,5032,TCGA-J8-A3O1-01A,TCGA-J8-A3O1-01A,1.0,0.0,0.0,0.0,0.0
2,112520109,+,2,112520720,-,THCA,5033,TCGA-J8-A3O1-01A,TCGA-J8-A3O1-01A,1.0,0.0,0.0,0.0,0.0
22,15945624,+,22,15952583,-,THCA,5034,TCGA-J8-A3O1-01A,TCGA-J8-A3O1-01A,1.0,0.0,0.0,0.0,0.0
3,91037538,+,3,91192631,-,THCA,5035,TCGA-J8-A3O1-01A,TCGA-J8-A3O1-01A,1.0,0.0,0.0,0.0,0.0
7,140458545,-,7,140789254,+,THCA,5036,TCGA-J8-A3O1-01A,TCGA-J8-A3O1-01A,1.0,0.0,0.0,0.0,0.0
8,76922409,-,16,27661911,-,THCA,5037,TCGA-J8-A3O1-01A,TCGA-J8-A3O1-01A,1.0,0.0,0.0,0.0,0.0
9,44077894,+,9,44373916,-,THCA,5038,TCGA-J8-A3O1-01A,TCGA-J8-A3O1-01A,1.0,0.0,0.0,0.0,0.0
1,121431987,+,5,50523977,+,THCA,5039,TCGA-J8-A3O2-01A,TCGA-J8-A3O2-01A,1.0,0.0,0.0,0.0,0.0
1,122033585,-,1,122069315,+,THCA,5040,TCGA-J8-A3O2-01A,TCGA-J8-A3O2-01A,1.0,0.0,0.0,0.0,0.0
1,124797461,-,1,124806747,+,THCA,5041,TCGA-J8-A3O2-01A,TCGA-J8-A3O2-01A,1.0,0.0,0.0,0.0,0.0
10,16818107,+,10,16818698,-,THCA,5042,TCGA-J8-A3O2-01A,TCGA-J8-A3O2-01A,1.0,0.0,0.0,0.0,0.0
11,47642092,-,14,68794671,-,THCA,5043,TCGA-J8-A3O2-01A,TCGA-J8-A3O2-01A,1.0,0.0,0.0,0.0,0.0
13,16298336,-,13,16734452,+,THCA,5044,TCGA-J8-A3O2-01A,TCGA-J8-A3O2-01A,1.0,0.0,0.0,0.0,0.0
16,30752247,+,23,36616790,+,THCA,5045,TCGA-J8-A3O2-01A,TCGA-J8-A3O2-01A,1.0,0.0,0.0,0.0,0.0
18,15665505,-,18,15711733,+,THCA,5046,TCGA-J8-A3O2-01A,TCGA-J8-A3O2-01A,1.0,0.0,0.0,0.0,0.0
20,47417059,+,20,47417739,-,THCA,5047,TCGA-J8-A3O2-01A,TCGA-J8-A3O2-01A,1.0,0.0,0.0,0.0,0.0
3,90907805,-,3,91064337,+,THCA,5048,TCGA-J8-A3O2-01A,TCGA-J8-A3O2-01A,1.0,0.0,0.0,0.0,0.0
4,49836082,+,4,51623562,-,THCA,5049,TCGA-J8-A3O2-01A,TCGA-J8-A3O2-01A,1.0,0.0,0.0,0.0,0.0
4,181721268,-,4,186929835,+,THCA,5050,TCGA-J8-A3O2-01A,TCGA-J8-A3O2-01A,1.0,0.0,0.0,0.0,0.0
5,28951768,-,8,15544285,+,THCA,5051,TCGA-J8-A3O2-01A,TCGA-J8-A3O2-01A,1.0,0.0,0.0,0.0,0.0
5,36636078,+,6,123551380,+,THCA,5052,TCGA-J8-A3O2-01A,TCGA-J8-A3O2-01A,1.0,0.0,0.0,0.0,0.0
5,46650554,-,5,46747967,+,THCA,5053,TCGA-J8-A3O2-01A,TCGA-J8-A3O2-01A,1.0,0.0,0.0,0.0,0.0
5,46696068,+,5,46733098,-,THCA,5054,TCGA-J8-A3O2-01A,TCGA-J8-A3O2-01A,1.0,0.0,0.0,0.0,0.0
6,56892982,-,23,75330583,+,THCA,5055,TCGA-J8-A3O2-01A,TCGA-J8-A3O2-01A,1.0,0.0,0.0,0.0,0.0
12,14405693,+,12,14406351,-,THCA,5056,TCGA-J8-A3YD-01A,TCGA-J8-A3YD-01A,1.0,0.0,0.0,0.0,0.0
13,16911804,-,13,17268522,+,THCA,5057,TCGA-J8-A3YD-01A,TCGA-J8-A3YD-01A,1.0,0.0,0.0,0.0,0.0
19,45188924,+,19,45189468,-,THCA,5058,TCGA-J8-A3YD-01A,TCGA-J8-A3YD-01A,1.0,0.0,0.0,0.0,0.0
22,23344653,-,22,24675193,+,THCA,5059,TCGA-J8-A3YD-01A,TCGA-J8-A3YD-01A,1.0,0.0,0.0,0.0,0.0
6,66973677,+,17,12592944,+,THCA,5060,TCGA-J8-A3YD-01A,TCGA-J8-A3YD-01A,1.0,0.0,0.0,0.0,0.0
9,36017731,-,19,45168247,-,THCA,5061,TCGA-J8-A3YD-01A,TCGA-J8-A3YD-01A,1.0,0.0,0.0,0.0,0.0
1,29418928,+,5,95738966,+,THCA,5062,TCGA-J8-A3YE-01A,TCGA-J8-A3YE-01A,1.0,0.0,0.0,0.0,0.0
1,239262967,+,8,32090988,-,THCA,5063,TCGA-J8-A3YE-01A,TCGA-J8-A3YE-01A,1.0,0.0,0.0,0.0,0.0
10,39409948,+,23,58444915,+,THCA,5064,TCGA-J8-A3YE-01A,TCGA-J8-A3YE-01A,1.0,0.0,0.0,0.0,0.0
12,11669360,-,16,23737696,+,THCA,5065,TCGA-J8-A3YE-01A,TCGA-J8-A3YE-01A,1.0,0.0,0.0,0.0,0.0
12,76772645,-,19,10715008,-,THCA,5066,TCGA-J8-A3YE-01A,TCGA-J8-A3YE-01A,1.0,0.0,0.0,0.0,0.0
12,132929325,+,12,132929877,-,THCA,5067,TCGA-J8-A3YE-01A,TCGA-J8-A3YE-01A,1.0,0.0,0.0,0.0,0.0
15,90647229,+,20,42110879,-,THCA,5068,TCGA-J8-A3YE-01A,TCGA-J8-A3YE-01A,1.0,0.0,0.0,0.0,0.0
18,15761055,+,18,15764312,-,THCA,5069,TCGA-J8-A3YE-01A,TCGA-J8-A3YE-01A,1.0,0.0,0.0,0.0,0.0
3,32945677,+,3,57744833,+,THCA,5070,TCGA-J8-A3YE-01A,TCGA-J8-A3YE-01A,1.0,0.0,0.0,0.0,0.0
3,93315960,-,3,93339526,+,THCA,5071,TCGA-J8-A3YE-01A,TCGA-J8-A3YE-01A,1.0,0.0,0.0,0.0,0.0
4,49716486,-,4,50632403,+,THCA,5072,TCGA-J8-A3YE-01A,TCGA-J8-A3YE-01A,1.0,0.0,0.0,0.0,0.0
7,61261182,+,7,61442228,-,THCA,5073,TCGA-J8-A3YE-01A,TCGA-J8-A3YE-01A,1.0,0.0,0.0,0.0,0.0
7,75607689,+,7,75608246,-,THCA,5074,TCGA-J8-A3YE-01A,TCGA-J8-A3YE-01A,1.0,0.0,0.0,0.0,0.0
1,124790297,-,1,124794885,+,THCA,5075,TCGA-J8-A3YF-01A,TCGA-J8-A3YF-01A,1.0,0.0,0.0,0.0,0.0
12,107806026,+,12,107806541,-,THCA,5076,TCGA-J8-A3YF-01A,TCGA-J8-A3YF-01A,1.0,0.0,0.0,0.0,0.0
14,77160081,+,14,77160687,-,THCA,5077,TCGA-J8-A3YF-01A,TCGA-J8-A3YF-01A,1.0,0.0,0.0,0.0,0.0
16,70316630,+,16,70317350,-,THCA,5078,TCGA-J8-A3YF-01A,TCGA-J8-A3YF-01A,1.0,0.0,0.0,0.0,0.0
16,84192279,+,16,84192956,-,THCA,5079,TCGA-J8-A3YF-01A,TCGA-J8-A3YF-01A,1.0,0.0,0.0,0.0,0.0
17,35916254,+,17,35916982,-,THCA,5080,TCGA-J8-A3YF-01A,TCGA-J8-A3YF-01A,1.0,0.0,0.0,0.0,0.0
17,39497207,+,17,39497857,-,THCA,5081,TCGA-J8-A3YF-01A,TCGA-J8-A3YF-01A,1.0,0.0,0.0,0.0,0.0
17,46814153,+,17,46814804,-,THCA,5082,TCGA-J8-A3YF-01A,TCGA-J8-A3YF-01A,1.0,0.0,0.0,0.0,0.0
18,15473204,+,18,15699387,-,THCA,5083,TCGA-J8-A3YF-01A,TCGA-J8-A3YF-01A,1.0,0.0,0.0,0.0,0.0
19,54742720,-,19,54838051,+,THCA,5084,TCGA-J8-A3YF-01A,TCGA-J8-A3YF-01A,1.0,0.0,0.0,0.0,0.0
2,147904671,-,2,147908274,+,THCA,5085,TCGA-J8-A3YF-01A,TCGA-J8-A3YF-01A,1.0,0.0,0.0,0.0,0.0
2,176618905,+,2,176639114,-,THCA,5086,TCGA-J8-A3YF-01A,TCGA-J8-A3YF-01A,1.0,0.0,0.0,0.0,0.0
5,139129657,+,5,139130255,-,THCA,5087,TCGA-J8-A3YF-01A,TCGA-J8-A3YF-01A,1.0,0.0,0.0,0.0,0.0
7,85150504,+,7,85151100,-,THCA,5088,TCGA-J8-A3YF-01A,TCGA-J8-A3YF-01A,1.0,0.0,0.0,0.0,0.0
24,12315480,+,24,13114682,-,THCA,5089,TCGA-J8-A3YF-01A,TCGA-J8-A3YF-01A,1.0,0.0,0.0,0.0,0.0
3,157972148,-,5,18435583,+,THCA,5090,TCGA-J8-A3YG-01A,TCGA-J8-A3YG-01A,1.0,0.0,0.0,0.0,0.0
5,26022910,+,21,19327209,-,THCA,5091,TCGA-J8-A3YG-01A,TCGA-J8-A3YG-01A,1.0,0.0,0.0,0.0,0.0
5,49683581,+,5,49706606,-,THCA,5092,TCGA-J8-A3YG-01A,TCGA-J8-A3YG-01A,1.0,0.0,0.0,0.0,0.0
5,120025345,-,24,11911070,+,THCA,5093,TCGA-J8-A3YG-01A,TCGA-J8-A3YG-01A,1.0,0.0,0.0,0.0,0.0
7,84053011,+,7,84065060,+,THCA,5094,TCGA-J8-A3YG-01A,TCGA-J8-A3YG-01A,1.0,0.0,0.0,0.0,0.0
7,150181962,+,7,153785406,+,THCA,5095,TCGA-J8-A3YG-01A,TCGA-J8-A3YG-01A,1.0,0.0,0.0,0.0,0.0
1,66443332,+,19,23559091,-,THCA,5096,TCGA-J8-A3YH-01A,TCGA-J8-A3YH-01A,1.0,0.0,0.0,0.0,0.0
1,242951671,-,19,16063730,+,THCA,5097,TCGA-J8-A3YH-01A,TCGA-J8-A3YH-01A,1.0,0.0,0.0,0.0,0.0
15,90699007,+,15,90699562,-,THCA,5098,TCGA-J8-A3YH-01A,TCGA-J8-A3YH-01A,1.0,0.0,0.0,0.0,0.0
16,48445542,+,16,48446150,-,THCA,5099,TCGA-J8-A3YH-01A,TCGA-J8-A3YH-01A,1.0,0.0,0.0,0.0,0.0
2,94557551,-,2,132218870,+,THCA,5100,TCGA-J8-A3YH-01A,TCGA-J8-A3YH-01A,1.0,0.0,0.0,0.0,0.0
6,61378411,-,6,61425174,+,THCA,5101,TCGA-J8-A3YH-01A,TCGA-J8-A3YH-01A,1.0,0.0,0.0,0.0,0.0
6,120562604,+,6,120564126,+,THCA,5102,TCGA-J8-A3YH-01A,TCGA-J8-A3YH-01A,1.0,0.0,0.0,0.0,0.0
9,129551703,+,9,129552471,-,THCA,5103,TCGA-J8-A3YH-01A,TCGA-J8-A3YH-01A,1.0,0.0,0.0,0.0,0.0
1,11749388,+,1,11749930,-,THCA,5104,TCGA-J8-A42S-01A,TCGA-J8-A42S-01A,1.0,0.0,0.0,0.0,0.0
1,124980161,+,1,124994404,-,THCA,5105,TCGA-J8-A42S-01A,TCGA-J8-A42S-01A,1.0,0.0,0.0,0.0,0.0
11,48970398,-,11,55276517,-,THCA,5106,TCGA-J8-A42S-01A,TCGA-J8-A42S-01A,1.0,0.0,0.0,0.0,0.0
11,120335769,+,11,120336451,-,THCA,5107,TCGA-J8-A42S-01A,TCGA-J8-A42S-01A,1.0,0.0,0.0,0.0,0.0
12,110261386,+,12,110261958,-,THCA,5108,TCGA-J8-A42S-01A,TCGA-J8-A42S-01A,1.0,0.0,0.0,0.0,0.0
13,18511400,-,21,13139745,+,THCA,5109,TCGA-J8-A42S-01A,TCGA-J8-A42S-01A,1.0,0.0,0.0,0.0,0.0
18,15754716,-,18,15785478,+,THCA,5110,TCGA-J8-A42S-01A,TCGA-J8-A42S-01A,1.0,0.0,0.0,0.0,0.0
18,46049854,+,18,46050516,-,THCA,5111,TCGA-J8-A42S-01A,TCGA-J8-A42S-01A,1.0,0.0,0.0,0.0,0.0
2,32993970,-,12,1402615,-,THCA,5112,TCGA-J8-A42S-01A,TCGA-J8-A42S-01A,1.0,0.0,0.0,0.0,0.0
2,44412840,+,2,44413382,-,THCA,5113,TCGA-J8-A42S-01A,TCGA-J8-A42S-01A,1.0,0.0,0.0,0.0,0.0
2,100015872,+,2,100016501,-,THCA,5114,TCGA-J8-A42S-01A,TCGA-J8-A42S-01A,1.0,0.0,0.0,0.0,0.0
4,49836082,+,4,51623571,-,THCA,5115,TCGA-J8-A42S-01A,TCGA-J8-A42S-01A,1.0,0.0,0.0,0.0,0.0
5,22974817,-,13,52957908,-,THCA,5116,TCGA-J8-A42S-01A,TCGA-J8-A42S-01A,1.0,0.0,0.0,0.0,0.0
5,112901618,+,5,112902168,-,THCA,5117,TCGA-J8-A42S-01A,TCGA-J8-A42S-01A,1.0,0.0,0.0,0.0,0.0
6,2169590,+,6,2170165,-,THCA,5118,TCGA-J8-A42S-01A,TCGA-J8-A42S-01A,1.0,0.0,0.0,0.0,0.0
6,17398688,+,6,17399348,-,THCA,5119,TCGA-J8-A42S-01A,TCGA-J8-A42S-01A,1.0,0.0,0.0,0.0,0.0
7,61256448,-,7,61489768,+,THCA,5120,TCGA-J8-A42S-01A,TCGA-J8-A42S-01A,1.0,0.0,0.0,0.0,0.0
9,39582332,+,9,42339272,-,THCA,5121,TCGA-J8-A42S-01A,TCGA-J8-A42S-01A,1.0,0.0,0.0,0.0,0.0
23,43988940,+,23,43993828,+,THCA,5122,TCGA-J8-A42S-01A,TCGA-J8-A42S-01A,1.0,0.0,0.0,0.0,0.0
1,122200909,-,1,122215845,+,THCA,5123,TCGA-J8-A4HW-01A,TCGA-J8-A4HW-01A,1.0,0.0,0.0,0.0,0.0
1,160977309,+,1,160977924,-,THCA,5124,TCGA-J8-A4HW-01A,TCGA-J8-A4HW-01A,1.0,0.0,0.0,0.0,0.0
10,32194473,-,19,10714976,+,THCA,5125,TCGA-J8-A4HW-01A,TCGA-J8-A4HW-01A,1.0,0.0,0.0,0.0,0.0
10,43115475,+,10,59876108,+,THCA,5126,TCGA-J8-A4HW-01A,TCGA-J8-A4HW-01A,1.0,0.0,0.0,0.0,0.0
10,43115480,-,10,59876109,-,THCA,5127,TCGA-J8-A4HW-01A,TCGA-J8-A4HW-01A,1.0,0.0,0.0,0.0,0.0
2,222116524,+,6,24056578,-,THCA,5128,TCGA-J8-A4HW-01A,TCGA-J8-A4HW-01A,1.0,0.0,0.0,0.0,0.0
15,24462291,-,15,24500947,+,THCA,5129,TCGA-J8-A4HY-01A,TCGA-J8-A4HY-01A,1.0,0.0,0.0,0.0,0.0
2,17088974,+,11,23359688,+,THCA,5130,TCGA-J8-A4HY-01A,TCGA-J8-A4HY-01A,1.0,0.0,0.0,0.0,0.0
2,216263197,-,9,134254486,+,THCA,5131,TCGA-J8-A4HY-01A,TCGA-J8-A4HY-01A,1.0,0.0,0.0,0.0,0.0
3,90973273,-,3,91110404,+,THCA,5132,TCGA-J8-A4HY-01A,TCGA-J8-A4HY-01A,1.0,0.0,0.0,0.0,0.0
3,157972158,-,5,18435574,+,THCA,5133,TCGA-J8-A4HY-01A,TCGA-J8-A4HY-01A,1.0,0.0,0.0,0.0,0.0
5,47060018,+,5,47108860,-,THCA,5134,TCGA-J8-A4HY-01A,TCGA-J8-A4HY-01A,1.0,0.0,0.0,0.0,0.0
5,49728445,-,5,49962337,+,THCA,5135,TCGA-J8-A4HY-01A,TCGA-J8-A4HY-01A,1.0,0.0,0.0,0.0,0.0
6,4440067,+,6,4440671,-,THCA,5136,TCGA-J8-A4HY-01A,TCGA-J8-A4HY-01A,1.0,0.0,0.0,0.0,0.0
1,164773244,-,2,33103587,-,THCA,5137,TCGA-KS-A41F-01A,TCGA-KS-A41F-01A,1.0,0.0,0.0,0.0,0.0
10,13770718,+,10,13771318,-,THCA,5138,TCGA-KS-A41F-01A,TCGA-KS-A41F-01A,1.0,0.0,0.0,0.0,0.0
10,39582349,-,10,40616396,+,THCA,5139,TCGA-KS-A41F-01A,TCGA-KS-A41F-01A,1.0,0.0,0.0,0.0,0.0
11,29424260,+,11,29424941,-,THCA,5140,TCGA-KS-A41F-01A,TCGA-KS-A41F-01A,1.0,0.0,0.0,0.0,0.0
15,89659307,+,15,89660092,-,THCA,5141,TCGA-KS-A41F-01A,TCGA-KS-A41F-01A,1.0,0.0,0.0,0.0,0.0
17,65050713,+,17,65051572,-,THCA,5142,TCGA-KS-A41F-01A,TCGA-KS-A41F-01A,1.0,0.0,0.0,0.0,0.0
18,8892145,+,18,8892759,-,THCA,5143,TCGA-KS-A41F-01A,TCGA-KS-A41F-01A,1.0,0.0,0.0,0.0,0.0
19,23438832,+,19,23439348,-,THCA,5144,TCGA-KS-A41F-01A,TCGA-KS-A41F-01A,1.0,0.0,0.0,0.0,0.0
2,44034450,+,2,44035027,-,THCA,5145,TCGA-KS-A41F-01A,TCGA-KS-A41F-01A,1.0,0.0,0.0,0.0,0.0
2,54165552,+,11,119818961,-,THCA,5146,TCGA-KS-A41F-01A,TCGA-KS-A41F-01A,1.0,0.0,0.0,0.0,0.0
2,83521853,-,4,105044156,+,THCA,5147,TCGA-KS-A41F-01A,TCGA-KS-A41F-01A,1.0,0.0,0.0,0.0,0.0
3,4647925,+,3,4648540,-,THCA,5148,TCGA-KS-A41F-01A,TCGA-KS-A41F-01A,1.0,0.0,0.0,0.0,0.0
4,2772435,+,4,2772946,-,THCA,5149,TCGA-KS-A41F-01A,TCGA-KS-A41F-01A,1.0,0.0,0.0,0.0,0.0
4,39946870,+,4,39947388,-,THCA,5150,TCGA-KS-A41F-01A,TCGA-KS-A41F-01A,1.0,0.0,0.0,0.0,0.0
1,122262438,+,1,122348235,-,THCA,5151,TCGA-KS-A41I-01A,TCGA-KS-A41I-01A,1.0,0.0,0.0,0.0,0.0
1,152234102,+,2,83148088,+,THCA,5152,TCGA-KS-A41I-01A,TCGA-KS-A41I-01A,1.0,0.0,0.0,0.0,0.0
11,47638576,-,14,68794700,-,THCA,5153,TCGA-KS-A41I-01A,TCGA-KS-A41I-01A,1.0,0.0,0.0,0.0,0.0
12,31352550,+,12,31353197,-,THCA,5154,TCGA-KS-A41I-01A,TCGA-KS-A41I-01A,1.0,0.0,0.0,0.0,0.0
13,19354450,+,13,24488973,+,THCA,5155,TCGA-KS-A41I-01A,TCGA-KS-A41I-01A,1.0,0.0,0.0,0.0,0.0
13,85264041,+,18,62700472,-,THCA,5156,TCGA-KS-A41I-01A,TCGA-KS-A41I-01A,1.0,0.0,0.0,0.0,0.0
2,29583552,-,8,41679875,+,THCA,5157,TCGA-KS-A41I-01A,TCGA-KS-A41I-01A,1.0,0.0,0.0,0.0,0.0
2,65925926,+,2,65964853,-,THCA,5158,TCGA-KS-A41I-01A,TCGA-KS-A41I-01A,1.0,0.0,0.0,0.0,0.0
3,69520474,+,3,188784416,+,THCA,5159,TCGA-KS-A41I-01A,TCGA-KS-A41I-01A,1.0,0.0,0.0,0.0,0.0
3,90996611,+,3,91030320,-,THCA,5160,TCGA-KS-A41I-01A,TCGA-KS-A41I-01A,1.0,0.0,0.0,0.0,0.0
3,91174972,-,3,91200783,+,THCA,5161,TCGA-KS-A41I-01A,TCGA-KS-A41I-01A,1.0,0.0,0.0,0.0,0.0
6,59268412,-,6,59778920,+,THCA,5162,TCGA-KS-A41I-01A,TCGA-KS-A41I-01A,1.0,0.0,0.0,0.0,0.0
7,127917729,+,7,140792139,+,THCA,5163,TCGA-KS-A41I-01A,TCGA-KS-A41I-01A,1.0,0.0,0.0,0.0,0.0
7,128029042,-,7,140792182,-,THCA,5164,TCGA-KS-A41I-01A,TCGA-KS-A41I-01A,1.0,0.0,0.0,0.0,0.0
10,41117179,-,10,41387689,+,THCA,5165,TCGA-KS-A41J-01A,TCGA-KS-A41J-01A,1.0,0.0,0.0,0.0,0.0
13,16400741,+,13,17384165,-,THCA,5166,TCGA-KS-A41J-01A,TCGA-KS-A41J-01A,1.0,0.0,0.0,0.0,0.0
14,68795265,+,23,117931877,-,THCA,5167,TCGA-KS-A41J-01A,TCGA-KS-A41J-01A,1.0,0.0,0.0,0.0,0.0
2,65401956,-,4,54103630,+,THCA,5168,TCGA-KS-A41J-01A,TCGA-KS-A41J-01A,1.0,0.0,0.0,0.0,0.0
22,29268519,+,22,29269055,-,THCA,5169,TCGA-KS-A41J-01A,TCGA-KS-A41J-01A,1.0,0.0,0.0,0.0,0.0
4,105043565,-,15,88315171,+,THCA,5170,TCGA-KS-A41J-01A,TCGA-KS-A41J-01A,1.0,0.0,0.0,0.0,0.0
6,43044603,+,6,44260100,+,THCA,5171,TCGA-KS-A41J-01A,TCGA-KS-A41J-01A,1.0,0.0,0.0,0.0,0.0
6,59650435,+,6,59662900,-,THCA,5172,TCGA-KS-A41J-01A,TCGA-KS-A41J-01A,1.0,0.0,0.0,0.0,0.0
1,54932363,-,20,33976039,+,THCA,5173,TCGA-KS-A41L-01A,TCGA-KS-A41L-01A,1.0,0.0,0.0,0.0,0.0
1,123325429,-,1,124408128,+,THCA,5174,TCGA-KS-A41L-01A,TCGA-KS-A41L-01A,1.0,0.0,0.0,0.0,0.0
11,54346622,+,11,54421019,-,THCA,5175,TCGA-KS-A41L-01A,TCGA-KS-A41L-01A,1.0,0.0,0.0,0.0,0.0
11,66777120,+,15,78655413,-,THCA,5176,TCGA-KS-A41L-01A,TCGA-KS-A41L-01A,1.0,0.0,0.0,0.0,0.0
13,26475907,+,22,39016252,-,THCA,5177,TCGA-KS-A41L-01A,TCGA-KS-A41L-01A,1.0,0.0,0.0,0.0,0.0
2,91917759,-,24,11372329,+,THCA,5178,TCGA-KS-A41L-01A,TCGA-KS-A41L-01A,1.0,0.0,0.0,0.0,0.0
3,12227329,-,3,194194092,-,THCA,5179,TCGA-KS-A41L-01A,TCGA-KS-A41L-01A,1.0,0.0,0.0,0.0,0.0
3,12227362,+,3,194194155,+,THCA,5180,TCGA-KS-A41L-01A,TCGA-KS-A41L-01A,1.0,0.0,0.0,0.0,0.0
3,90981951,+,3,91132257,-,THCA,5181,TCGA-KS-A41L-01A,TCGA-KS-A41L-01A,1.0,0.0,0.0,0.0,0.0
3,114749551,-,6,148387641,-,THCA,5182,TCGA-KS-A41L-01A,TCGA-KS-A41L-01A,1.0,0.0,0.0,0.0,0.0
4,189896268,-,20,28642821,-,THCA,5183,TCGA-KS-A41L-01A,TCGA-KS-A41L-01A,1.0,0.0,0.0,0.0,0.0
5,109983981,-,7,51538386,+,THCA,5184,TCGA-KS-A41L-01A,TCGA-KS-A41L-01A,1.0,0.0,0.0,0.0,0.0
6,31996306,-,6,32029081,+,THCA,5185,TCGA-KS-A41L-01A,TCGA-KS-A41L-01A,1.0,0.0,0.0,0.0,0.0
11,50258137,+,11,50258669,-,THCA,5186,TCGA-KS-A4I1-01A,TCGA-KS-A4I1-01A,1.0,0.0,0.0,0.0,0.0
2,20954356,+,21,41672947,+,THCA,5187,TCGA-KS-A4I1-01A,TCGA-KS-A4I1-01A,1.0,0.0,0.0,0.0,0.0
2,92750800,+,2,93566740,-,THCA,5188,TCGA-KS-A4I1-01A,TCGA-KS-A4I1-01A,1.0,0.0,0.0,0.0,0.0
3,185399706,+,10,120048265,+,THCA,5189,TCGA-KS-A4I1-01A,TCGA-KS-A4I1-01A,1.0,0.0,0.0,0.0,0.0
5,12744776,-,20,42883744,-,THCA,5190,TCGA-KS-A4I1-01A,TCGA-KS-A4I1-01A,1.0,0.0,0.0,0.0,0.0
8,143713969,+,8,143714625,-,THCA,5191,TCGA-KS-A4I1-01A,TCGA-KS-A4I1-01A,1.0,0.0,0.0,0.0,0.0
23,3036648,+,23,63625850,+,THCA,5192,TCGA-KS-A4I1-01A,TCGA-KS-A4I1-01A,1.0,0.0,0.0,0.0,0.0
1,176510805,-,12,8889468,-,THCA,5193,TCGA-KS-A4I3-01A,TCGA-KS-A4I3-01A,1.0,0.0,0.0,0.0,0.0
1,215627131,-,16,10624037,-,THCA,5194,TCGA-KS-A4I3-01A,TCGA-KS-A4I3-01A,1.0,0.0,0.0,0.0,0.0
1,233383398,+,19,41980622,-,THCA,5195,TCGA-KS-A4I3-01A,TCGA-KS-A4I3-01A,1.0,0.0,0.0,0.0,0.0
18,15526688,-,18,15684963,+,THCA,5196,TCGA-KS-A4I3-01A,TCGA-KS-A4I3-01A,1.0,0.0,0.0,0.0,0.0
20,26476953,-,20,26578844,+,THCA,5197,TCGA-KS-A4I3-01A,TCGA-KS-A4I3-01A,1.0,0.0,0.0,0.0,0.0
4,55163151,+,19,57104245,-,THCA,5198,TCGA-KS-A4I3-01A,TCGA-KS-A4I3-01A,1.0,0.0,0.0,0.0,0.0
6,57474205,+,6,60367127,-,THCA,5199,TCGA-KS-A4I3-01A,TCGA-KS-A4I3-01A,1.0,0.0,0.0,0.0,0.0
7,86197300,-,7,86205547,-,THCA,5200,TCGA-KS-A4I3-01A,TCGA-KS-A4I3-01A,1.0,0.0,0.0,0.0,0.0
8,60190958,+,13,92663844,-,THCA,5201,TCGA-KS-A4I3-01A,TCGA-KS-A4I3-01A,1.0,0.0,0.0,0.0,0.0
9,90726615,+,23,121821020,-,THCA,5202,TCGA-KS-A4I3-01A,TCGA-KS-A4I3-01A,1.0,0.0,0.0,0.0,0.0
9,105158001,+,9,105158621,-,THCA,5203,TCGA-KS-A4I3-01A,TCGA-KS-A4I3-01A,1.0,0.0,0.0,0.0,0.0
1,122200924,-,1,122215853,+,THCA,5204,TCGA-KS-A4I5-01A,TCGA-KS-A4I5-01A,1.0,0.0,0.0,0.0,0.0
1,124808942,-,1,124821121,+,THCA,5205,TCGA-KS-A4I5-01A,TCGA-KS-A4I5-01A,1.0,0.0,0.0,0.0,0.0
1,124808947,-,1,124813498,+,THCA,5206,TCGA-KS-A4I5-01A,TCGA-KS-A4I5-01A,1.0,0.0,0.0,0.0,0.0
17,22830026,+,17,23080998,-,THCA,5207,TCGA-KS-A4I5-01A,TCGA-KS-A4I5-01A,1.0,0.0,0.0,0.0,0.0
3,90793209,-,3,90969027,+,THCA,5208,TCGA-KS-A4I5-01A,TCGA-KS-A4I5-01A,1.0,0.0,0.0,0.0,0.0
3,182048706,+,19,28732830,-,THCA,5209,TCGA-KS-A4I5-01A,TCGA-KS-A4I5-01A,1.0,0.0,0.0,0.0,0.0
6,162418614,-,18,23353122,+,THCA,5210,TCGA-KS-A4I5-01A,TCGA-KS-A4I5-01A,1.0,0.0,0.0,0.0,0.0
1,3138074,+,1,3138615,-,THCA,5211,TCGA-KS-A4I7-01A,TCGA-KS-A4I7-01A,1.0,0.0,0.0,0.0,0.0
10,39899439,-,10,39915040,+,THCA,5212,TCGA-KS-A4I7-01A,TCGA-KS-A4I7-01A,1.0,0.0,0.0,0.0,0.0
13,46161553,+,13,46162245,-,THCA,5213,TCGA-KS-A4I7-01A,TCGA-KS-A4I7-01A,1.0,0.0,0.0,0.0,0.0
14,102095152,+,16,1872127,+,THCA,5214,TCGA-KS-A4I7-01A,TCGA-KS-A4I7-01A,1.0,0.0,0.0,0.0,0.0
17,29373733,+,17,29374337,-,THCA,5215,TCGA-KS-A4I7-01A,TCGA-KS-A4I7-01A,1.0,0.0,0.0,0.0,0.0
18,15548205,-,18,15699969,+,THCA,5216,TCGA-KS-A4I7-01A,TCGA-KS-A4I7-01A,1.0,0.0,0.0,0.0,0.0
19,17730576,+,19,17731141,-,THCA,5217,TCGA-KS-A4I7-01A,TCGA-KS-A4I7-01A,1.0,0.0,0.0,0.0,0.0
2,72147272,+,2,72147918,-,THCA,5218,TCGA-KS-A4I7-01A,TCGA-KS-A4I7-01A,1.0,0.0,0.0,0.0,0.0
2,92875336,+,2,92997696,-,THCA,5219,TCGA-KS-A4I7-01A,TCGA-KS-A4I7-01A,1.0,0.0,0.0,0.0,0.0
2,97205114,-,2,97550840,-,THCA,5220,TCGA-KS-A4I7-01A,TCGA-KS-A4I7-01A,1.0,0.0,0.0,0.0,0.0
3,90996635,+,3,91030324,-,THCA,5221,TCGA-KS-A4I7-01A,TCGA-KS-A4I7-01A,1.0,0.0,0.0,0.0,0.0
3,91042562,-,3,91061331,+,THCA,5222,TCGA-KS-A4I7-01A,TCGA-KS-A4I7-01A,1.0,0.0,0.0,0.0,0.0
3,138830668,+,3,138831329,-,THCA,5223,TCGA-KS-A4I7-01A,TCGA-KS-A4I7-01A,1.0,0.0,0.0,0.0,0.0
4,1928602,+,4,1929244,-,THCA,5224,TCGA-KS-A4I7-01A,TCGA-KS-A4I7-01A,1.0,0.0,0.0,0.0,0.0
4,1934886,-,23,68426553,-,THCA,5225,TCGA-KS-A4I7-01A,TCGA-KS-A4I7-01A,1.0,0.0,0.0,0.0,0.0
4,190012147,+,20,29405565,-,THCA,5226,TCGA-KS-A4I7-01A,TCGA-KS-A4I7-01A,1.0,0.0,0.0,0.0,0.0
6,57505956,+,6,60398907,-,THCA,5227,TCGA-KS-A4I7-01A,TCGA-KS-A4I7-01A,1.0,0.0,0.0,0.0,0.0
6,58055855,-,6,60810258,+,THCA,5228,TCGA-KS-A4I7-01A,TCGA-KS-A4I7-01A,1.0,0.0,0.0,0.0,0.0
7,66067067,+,7,66067668,-,THCA,5229,TCGA-KS-A4I7-01A,TCGA-KS-A4I7-01A,1.0,0.0,0.0,0.0,0.0
8,11046992,+,8,11047605,-,THCA,5230,TCGA-KS-A4I7-01A,TCGA-KS-A4I7-01A,1.0,0.0,0.0,0.0,0.0
8,121970066,-,11,34877962,+,THCA,5231,TCGA-KS-A4I7-01A,TCGA-KS-A4I7-01A,1.0,0.0,0.0,0.0,0.0
1,62461730,+,6,145934474,-,THCA,5232,TCGA-KS-A4I9-01A,TCGA-KS-A4I9-01A,1.0,0.0,0.0,0.0,0.0
10,5179120,+,10,5224750,+,THCA,5233,TCGA-KS-A4I9-01A,TCGA-KS-A4I9-01A,1.0,0.0,0.0,0.0,0.0
15,100234744,+,15,100235377,-,THCA,5234,TCGA-KS-A4I9-01A,TCGA-KS-A4I9-01A,1.0,0.0,0.0,0.0,0.0
2,80043382,+,12,126459618,+,THCA,5235,TCGA-KS-A4I9-01A,TCGA-KS-A4I9-01A,1.0,0.0,0.0,0.0,0.0
2,154145120,+,4,25908070,-,THCA,5236,TCGA-KS-A4I9-01A,TCGA-KS-A4I9-01A,1.0,0.0,0.0,0.0,0.0
2,155331840,-,21,38692415,-,THCA,5237,TCGA-KS-A4I9-01A,TCGA-KS-A4I9-01A,1.0,0.0,0.0,0.0,0.0
6,41683563,+,6,41684110,-,THCA,5238,TCGA-KS-A4I9-01A,TCGA-KS-A4I9-01A,1.0,0.0,0.0,0.0,0.0
23,91222687,-,24,4686048,+,THCA,5239,TCGA-KS-A4I9-01A,TCGA-KS-A4I9-01A,1.0,0.0,0.0,0.0,0.0
10,36742687,-,19,34045208,+,THCA,5240,TCGA-KS-A4IB-01A,TCGA-KS-A4IB-01A,1.0,0.0,0.0,0.0,0.0
10,45771790,+,10,50112098,-,THCA,5241,TCGA-KS-A4IB-01A,TCGA-KS-A4IB-01A,1.0,0.0,0.0,0.0,0.0
11,53262755,-,11,54070643,+,THCA,5242,TCGA-KS-A4IB-01A,TCGA-KS-A4IB-01A,1.0,0.0,0.0,0.0,0.0
11,62375446,-,13,48020317,-,THCA,5243,TCGA-KS-A4IB-01A,TCGA-KS-A4IB-01A,1.0,0.0,0.0,0.0,0.0
11,64015778,+,11,64016352,-,THCA,5244,TCGA-KS-A4IB-01A,TCGA-KS-A4IB-01A,1.0,0.0,0.0,0.0,0.0
13,92266434,-,15,23462589,+,THCA,5245,TCGA-KS-A4IB-01A,TCGA-KS-A4IB-01A,1.0,0.0,0.0,0.0,0.0
15,18361197,-,15,18405861,+,THCA,5246,TCGA-KS-A4IB-01A,TCGA-KS-A4IB-01A,1.0,0.0,0.0,0.0,0.0
21,35348511,+,23,9792349,+,THCA,5247,TCGA-KS-A4IB-01A,TCGA-KS-A4IB-01A,1.0,0.0,0.0,0.0,0.0
21,35348733,-,23,9791766,-,THCA,5248,TCGA-KS-A4IB-01A,TCGA-KS-A4IB-01A,1.0,0.0,0.0,0.0,0.0
22,16448510,+,24,11360061,-,THCA,5249,TCGA-KS-A4IB-01A,TCGA-KS-A4IB-01A,1.0,0.0,0.0,0.0,0.0
4,76435555,+,4,76436148,-,THCA,5250,TCGA-KS-A4IB-01A,TCGA-KS-A4IB-01A,1.0,0.0,0.0,0.0,0.0
5,119047130,+,5,119047684,-,THCA,5251,TCGA-KS-A4IB-01A,TCGA-KS-A4IB-01A,1.0,0.0,0.0,0.0,0.0
9,134061919,+,9,134062560,-,THCA,5252,TCGA-KS-A4IB-01A,TCGA-KS-A4IB-01A,1.0,0.0,0.0,0.0,0.0
23,18054166,+,23,18054716,-,THCA,5253,TCGA-KS-A4IB-01A,TCGA-KS-A4IB-01A,1.0,0.0,0.0,0.0,0.0
1,3104352,+,1,3105065,-,THCA,5254,TCGA-KS-A4IC-01A,TCGA-KS-A4IC-01A,1.0,0.0,0.0,0.0,0.0
10,13915001,+,10,13915630,-,THCA,5255,TCGA-KS-A4IC-01A,TCGA-KS-A4IC-01A,1.0,0.0,0.0,0.0,0.0
13,16426817,-,13,17059922,+,THCA,5256,TCGA-KS-A4IC-01A,TCGA-KS-A4IC-01A,1.0,0.0,0.0,0.0,0.0
16,30729827,+,16,30730457,-,THCA,5257,TCGA-KS-A4IC-01A,TCGA-KS-A4IC-01A,1.0,0.0,0.0,0.0,0.0
2,142152732,+,2,162753249,+,THCA,5258,TCGA-KS-A4IC-01A,TCGA-KS-A4IC-01A,1.0,0.0,0.0,0.0,0.0
7,58197911,-,7,61968760,+,THCA,5259,TCGA-KS-A4IC-01A,TCGA-KS-A4IC-01A,1.0,0.0,0.0,0.0,0.0
9,70536044,+,9,70536704,-,THCA,5260,TCGA-KS-A4IC-01A,TCGA-KS-A4IC-01A,1.0,0.0,0.0,0.0,0.0
10,32289459,-,10,33919950,+,THCA,5261,TCGA-KS-A4ID-01A,TCGA-KS-A4ID-01A,1.0,0.0,0.0,0.0,0.0
11,106828251,-,11,107606343,+,THCA,5262,TCGA-KS-A4ID-01A,TCGA-KS-A4ID-01A,1.0,0.0,0.0,0.0,0.0
13,16030453,-,20,28768167,-,THCA,5263,TCGA-KS-A4ID-01A,TCGA-KS-A4ID-01A,1.0,0.0,0.0,0.0,0.0
18,73256199,-,18,74658313,+,THCA,5264,TCGA-KS-A4ID-01A,TCGA-KS-A4ID-01A,1.0,0.0,0.0,0.0,0.0
3,97572434,-,3,98703787,+,THCA,5265,TCGA-KS-A4ID-01A,TCGA-KS-A4ID-01A,1.0,0.0,0.0,0.0,0.0
5,2512393,-,23,12529875,+,THCA,5266,TCGA-KS-A4ID-01A,TCGA-KS-A4ID-01A,1.0,0.0,0.0,0.0,0.0
5,3647588,+,8,117121202,+,THCA,5267,TCGA-KS-A4ID-01A,TCGA-KS-A4ID-01A,1.0,0.0,0.0,0.0,0.0
5,34665019,-,16,2795274,-,THCA,5268,TCGA-KS-A4ID-01A,TCGA-KS-A4ID-01A,1.0,0.0,0.0,0.0,0.0
7,139067801,-,7,140782349,+,THCA,5269,TCGA-KS-A4ID-01A,TCGA-KS-A4ID-01A,1.0,0.0,0.0,0.0,0.0
8,115437273,-,23,10785101,-,THCA,5270,TCGA-KS-A4ID-01A,TCGA-KS-A4ID-01A,1.0,0.0,0.0,0.0,0.0
9,43178664,+,18,15403442,-,THCA,5271,TCGA-KS-A4ID-01A,TCGA-KS-A4ID-01A,1.0,0.0,0.0,0.0,0.0
9,43384641,-,9,44395927,+,THCA,5272,TCGA-KS-A4ID-01A,TCGA-KS-A4ID-01A,1.0,0.0,0.0,0.0,0.0
1,122137372,-,1,122150336,+,THCA,5273,TCGA-L6-A4EP-01A,TCGA-L6-A4EP-01A,1.0,0.0,0.0,0.0,0.0
16,69591972,-,16,69596639,-,THCA,5274,TCGA-L6-A4EP-01A,TCGA-L6-A4EP-01A,1.0,0.0,0.0,0.0,0.0
3,91018981,+,3,91108047,-,THCA,5275,TCGA-L6-A4EP-01A,TCGA-L6-A4EP-01A,1.0,0.0,0.0,0.0,0.0
3,155976105,+,3,155976733,-,THCA,5276,TCGA-L6-A4EP-01A,TCGA-L6-A4EP-01A,1.0,0.0,0.0,0.0,0.0
23,73601805,-,23,73604364,-,THCA,5277,TCGA-L6-A4EP-01A,TCGA-L6-A4EP-01A,1.0,0.0,0.0,0.0,0.0
11,52742338,+,11,53728745,-,THCA,5278,TCGA-L6-A4ET-01A,TCGA-L6-A4ET-01A,1.0,0.0,0.0,0.0,0.0
12,35326062,-,12,35947956,+,THCA,5279,TCGA-L6-A4ET-01A,TCGA-L6-A4ET-01A,1.0,0.0,0.0,0.0,0.0
15,67867078,+,15,67867662,-,THCA,5280,TCGA-L6-A4ET-01A,TCGA-L6-A4ET-01A,1.0,0.0,0.0,0.0,0.0
17,22913134,+,17,22986596,-,THCA,5281,TCGA-L6-A4ET-01A,TCGA-L6-A4ET-01A,1.0,0.0,0.0,0.0,0.0
18,15679658,+,18,15764212,-,THCA,5282,TCGA-L6-A4ET-01A,TCGA-L6-A4ET-01A,1.0,0.0,0.0,0.0,0.0
19,20868302,+,19,20868970,-,THCA,5283,TCGA-L6-A4ET-01A,TCGA-L6-A4ET-01A,1.0,0.0,0.0,0.0,0.0
2,85422880,+,2,85423534,-,THCA,5284,TCGA-L6-A4ET-01A,TCGA-L6-A4ET-01A,1.0,0.0,0.0,0.0,0.0
20,10451739,+,20,10452274,-,THCA,5285,TCGA-L6-A4ET-01A,TCGA-L6-A4ET-01A,1.0,0.0,0.0,0.0,0.0
20,51414454,+,20,51414988,-,THCA,5286,TCGA-L6-A4ET-01A,TCGA-L6-A4ET-01A,1.0,0.0,0.0,0.0,0.0
3,90942475,-,3,91116890,+,THCA,5287,TCGA-L6-A4ET-01A,TCGA-L6-A4ET-01A,1.0,0.0,0.0,0.0,0.0
3,91019685,+,3,91147796,-,THCA,5288,TCGA-L6-A4ET-01A,TCGA-L6-A4ET-01A,1.0,0.0,0.0,0.0,0.0
4,63828612,+,4,63848664,-,THCA,5289,TCGA-L6-A4ET-01A,TCGA-L6-A4ET-01A,1.0,0.0,0.0,0.0,0.0
5,146189520,+,5,146190190,-,THCA,5290,TCGA-L6-A4ET-01A,TCGA-L6-A4ET-01A,1.0,0.0,0.0,0.0,0.0
6,57978929,-,6,60730378,+,THCA,5291,TCGA-L6-A4ET-01A,TCGA-L6-A4ET-01A,1.0,0.0,0.0,0.0,0.0
23,24195780,+,23,24196361,-,THCA,5292,TCGA-L6-A4ET-01A,TCGA-L6-A4ET-01A,1.0,0.0,0.0,0.0,0.0
1,45955357,+,3,176966165,+,THCA,5293,TCGA-L6-A4EU-01A,TCGA-L6-A4EU-01A,1.0,0.0,0.0,0.0,0.0
1,82105000,-,8,78330785,-,THCA,5294,TCGA-L6-A4EU-01A,TCGA-L6-A4EU-01A,1.0,0.0,0.0,0.0,0.0
1,241030374,+,5,111273677,-,THCA,5295,TCGA-L6-A4EU-01A,TCGA-L6-A4EU-01A,1.0,0.0,0.0,0.0,0.0
12,107858698,+,20,51143320,-,THCA,5296,TCGA-L6-A4EU-01A,TCGA-L6-A4EU-01A,1.0,0.0,0.0,0.0,0.0
13,16603773,+,13,16906898,-,THCA,5297,TCGA-L6-A4EU-01A,TCGA-L6-A4EU-01A,1.0,0.0,0.0,0.0,0.0
13,17096049,+,13,17113481,-,THCA,5298,TCGA-L6-A4EU-01A,TCGA-L6-A4EU-01A,1.0,0.0,0.0,0.0,0.0
13,18222666,+,22,18739765,-,THCA,5299,TCGA-L6-A4EU-01A,TCGA-L6-A4EU-01A,1.0,0.0,0.0,0.0,0.0
15,52229935,+,15,52230496,-,THCA,5300,TCGA-L6-A4EU-01A,TCGA-L6-A4EU-01A,1.0,0.0,0.0,0.0,0.0
15,73392845,+,23,1047125,-,THCA,5301,TCGA-L6-A4EU-01A,TCGA-L6-A4EU-01A,1.0,0.0,0.0,0.0,0.0
16,30873955,-,17,38111941,-,THCA,5302,TCGA-L6-A4EU-01A,TCGA-L6-A4EU-01A,1.0,0.0,0.0,0.0,0.0
2,42711784,-,6,128135079,-,THCA,5303,TCGA-L6-A4EU-01A,TCGA-L6-A4EU-01A,1.0,0.0,0.0,0.0,0.0
2,94646822,+,5,12202156,-,THCA,5304,TCGA-L6-A4EU-01A,TCGA-L6-A4EU-01A,1.0,0.0,0.0,0.0,0.0
2,121557426,-,5,69222013,+,THCA,5305,TCGA-L6-A4EU-01A,TCGA-L6-A4EU-01A,1.0,0.0,0.0,0.0,0.0
3,69520055,+,3,188784785,+,THCA,5306,TCGA-L6-A4EU-01A,TCGA-L6-A4EU-01A,1.0,0.0,0.0,0.0,0.0
3,75532555,-,4,154002020,+,THCA,5307,TCGA-L6-A4EU-01A,TCGA-L6-A4EU-01A,1.0,0.0,0.0,0.0,0.0
3,91024103,-,3,91212171,+,THCA,5308,TCGA-L6-A4EU-01A,TCGA-L6-A4EU-01A,1.0,0.0,0.0,0.0,0.0
4,182228392,-,23,133486265,-,THCA,5309,TCGA-L6-A4EU-01A,TCGA-L6-A4EU-01A,1.0,0.0,0.0,0.0,0.0
5,1297353,+,5,31054481,-,THCA,5310,TCGA-L6-A4EU-01A,TCGA-L6-A4EU-01A,1.0,0.0,0.0,0.0,0.0
7,80554511,+,7,80560505,+,THCA,5311,TCGA-L6-A4EU-01A,TCGA-L6-A4EU-01A,1.0,0.0,0.0,0.0,0.0
7,80558559,-,7,80614435,-,THCA,5312,TCGA-L6-A4EU-01A,TCGA-L6-A4EU-01A,1.0,0.0,0.0,0.0,0.0
8,66911625,-,22,19581661,+,THCA,5313,TCGA-L6-A4EU-01A,TCGA-L6-A4EU-01A,1.0,0.0,0.0,0.0,0.0
8,124287619,+,20,13214539,+,THCA,5314,TCGA-L6-A4EU-01A,TCGA-L6-A4EU-01A,1.0,0.0,0.0,0.0,0.0
23,3036650,+,23,63625852,+,THCA,5315,TCGA-L6-A4EU-01A,TCGA-L6-A4EU-01A,1.0,0.0,0.0,0.0,0.0
11,54346623,+,11,54420993,-,THCA,5316,TCGA-MK-A4N7-01A,TCGA-MK-A4N7-01A,1.0,0.0,0.0,0.0,0.0
13,16755515,-,13,17262563,+,THCA,5317,TCGA-MK-A4N7-01A,TCGA-MK-A4N7-01A,1.0,0.0,0.0,0.0,0.0
14,67882231,+,14,67882983,-,THCA,5318,TCGA-MK-A4N7-01A,TCGA-MK-A4N7-01A,1.0,0.0,0.0,0.0,0.0
20,44869001,+,20,44869746,-,THCA,5319,TCGA-MK-A4N7-01A,TCGA-MK-A4N7-01A,1.0,0.0,0.0,0.0,0.0
3,90498620,+,20,26340690,+,THCA,5320,TCGA-MK-A4N7-01A,TCGA-MK-A4N7-01A,1.0,0.0,0.0,0.0,0.0
4,51242575,+,4,51292667,-,THCA,5321,TCGA-MK-A4N7-01A,TCGA-MK-A4N7-01A,1.0,0.0,0.0,0.0,0.0
4,135743582,+,4,135744221,-,THCA,5322,TCGA-MK-A4N7-01A,TCGA-MK-A4N7-01A,1.0,0.0,0.0,0.0,0.0
9,43862488,+,9,44548573,-,THCA,5323,TCGA-MK-A4N7-01A,TCGA-MK-A4N7-01A,1.0,0.0,0.0,0.0,0.0
1,143710563,-,1,144533174,+,THCA,5324,TCGA-MK-A84Z-01A,TCGA-MK-A84Z-01A,1.0,0.0,0.0,0.0,0.0
10,66367908,-,16,51189678,+,THCA,5325,TCGA-MK-A84Z-01A,TCGA-MK-A84Z-01A,1.0,0.0,0.0,0.0,0.0
11,4586869,+,11,4594345,-,THCA,5326,TCGA-MK-A84Z-01A,TCGA-MK-A84Z-01A,1.0,0.0,0.0,0.0,0.0
11,48978170,+,11,55309996,-,THCA,5327,TCGA-MK-A84Z-01A,TCGA-MK-A84Z-01A,1.0,0.0,0.0,0.0,0.0
11,55294754,+,11,55309996,-,THCA,5328,TCGA-MK-A84Z-01A,TCGA-MK-A84Z-01A,1.0,0.0,0.0,0.0,0.0
12,34786497,+,12,34797144,-,THCA,5329,TCGA-MK-A84Z-01A,TCGA-MK-A84Z-01A,1.0,0.0,0.0,0.0,0.0
12,37301606,-,12,37303655,+,THCA,5330,TCGA-MK-A84Z-01A,TCGA-MK-A84Z-01A,1.0,0.0,0.0,0.0,0.0
12,56070600,-,23,25032707,+,THCA,5331,TCGA-MK-A84Z-01A,TCGA-MK-A84Z-01A,1.0,0.0,0.0,0.0,0.0
12,57200542,+,12,57201146,-,THCA,5332,TCGA-MK-A84Z-01A,TCGA-MK-A84Z-01A,1.0,0.0,0.0,0.0,0.0
13,16855628,+,13,17397761,-,THCA,5333,TCGA-MK-A84Z-01A,TCGA-MK-A84Z-01A,1.0,0.0,0.0,0.0,0.0
13,17039586,-,13,17268504,+,THCA,5334,TCGA-MK-A84Z-01A,TCGA-MK-A84Z-01A,1.0,0.0,0.0,0.0,0.0
13,17711348,+,13,17926778,-,THCA,5335,TCGA-MK-A84Z-01A,TCGA-MK-A84Z-01A,1.0,0.0,0.0,0.0,0.0
13,18749035,-,13,18768445,+,THCA,5336,TCGA-MK-A84Z-01A,TCGA-MK-A84Z-01A,1.0,0.0,0.0,0.0,0.0
16,36010217,-,16,36020029,+,THCA,5337,TCGA-MK-A84Z-01A,TCGA-MK-A84Z-01A,1.0,0.0,0.0,0.0,0.0
16,37729290,-,16,38121093,+,THCA,5338,TCGA-MK-A84Z-01A,TCGA-MK-A84Z-01A,1.0,0.0,0.0,0.0,0.0
19,24339711,-,19,24344500,+,THCA,5339,TCGA-MK-A84Z-01A,TCGA-MK-A84Z-01A,1.0,0.0,0.0,0.0,0.0
2,131791329,+,2,228092108,+,THCA,5340,TCGA-MK-A84Z-01A,TCGA-MK-A84Z-01A,1.0,0.0,0.0,0.0,0.0
2,137089628,+,13,86115121,-,THCA,5341,TCGA-MK-A84Z-01A,TCGA-MK-A84Z-01A,1.0,0.0,0.0,0.0,0.0
20,26354121,+,20,28213434,-,THCA,5342,TCGA-MK-A84Z-01A,TCGA-MK-A84Z-01A,1.0,0.0,0.0,0.0,0.0
20,29559037,+,20,30325204,+,THCA,5343,TCGA-MK-A84Z-01A,TCGA-MK-A84Z-01A,1.0,0.0,0.0,0.0,0.0
3,28806020,-,17,31949705,+,THCA,5344,TCGA-MK-A84Z-01A,TCGA-MK-A84Z-01A,1.0,0.0,0.0,0.0,0.0
3,82930024,-,15,36242517,-,THCA,5345,TCGA-MK-A84Z-01A,TCGA-MK-A84Z-01A,1.0,0.0,0.0,0.0,0.0
3,91027654,-,3,91089788,+,THCA,5346,TCGA-MK-A84Z-01A,TCGA-MK-A84Z-01A,1.0,0.0,0.0,0.0,0.0
3,98149757,+,3,98197505,-,THCA,5347,TCGA-MK-A84Z-01A,TCGA-MK-A84Z-01A,1.0,0.0,0.0,0.0,0.0
3,98149947,-,3,98197703,+,THCA,5348,TCGA-MK-A84Z-01A,TCGA-MK-A84Z-01A,1.0,0.0,0.0,0.0,0.0
3,179728981,+,17,18297491,+,THCA,5349,TCGA-MK-A84Z-01A,TCGA-MK-A84Z-01A,1.0,0.0,0.0,0.0,0.0
5,46433371,-,5,46691910,-,THCA,5350,TCGA-MK-A84Z-01A,TCGA-MK-A84Z-01A,1.0,0.0,0.0,0.0,0.0
5,49812479,+,5,49962688,-,THCA,5351,TCGA-MK-A84Z-01A,TCGA-MK-A84Z-01A,1.0,0.0,0.0,0.0,0.0
7,57783552,-,12,37555070,+,THCA,5352,TCGA-MK-A84Z-01A,TCGA-MK-A84Z-01A,1.0,0.0,0.0,0.0,0.0
7,62816963,-,11,54926276,+,THCA,5353,TCGA-MK-A84Z-01A,TCGA-MK-A84Z-01A,1.0,0.0,0.0,0.0,0.0
7,62817538,+,23,58406920,+,THCA,5354,TCGA-MK-A84Z-01A,TCGA-MK-A84Z-01A,1.0,0.0,0.0,0.0,0.0
8,63988896,+,12,4106044,-,THCA,5355,TCGA-MK-A84Z-01A,TCGA-MK-A84Z-01A,1.0,0.0,0.0,0.0,0.0
1,7177110,+,1,7177634,-,THCA,5356,TCGA-QD-A8IV-01A,TCGA-QD-A8IV-01A,1.0,0.0,0.0,0.0,0.0
1,33140687,+,1,33141322,-,THCA,5357,TCGA-QD-A8IV-01A,TCGA-QD-A8IV-01A,1.0,0.0,0.0,0.0,0.0
1,124813867,-,1,124815438,+,THCA,5358,TCGA-QD-A8IV-01A,TCGA-QD-A8IV-01A,1.0,0.0,0.0,0.0,0.0
1,124826446,+,1,124832449,-,THCA,5359,TCGA-QD-A8IV-01A,TCGA-QD-A8IV-01A,1.0,0.0,0.0,0.0,0.0
1,152478307,+,1,152478876,-,THCA,5360,TCGA-QD-A8IV-01A,TCGA-QD-A8IV-01A,1.0,0.0,0.0,0.0,0.0
1,156763287,+,1,156763939,-,THCA,5361,TCGA-QD-A8IV-01A,TCGA-QD-A8IV-01A,1.0,0.0,0.0,0.0,0.0
11,52560962,+,11,53048777,-,THCA,5362,TCGA-QD-A8IV-01A,TCGA-QD-A8IV-01A,1.0,0.0,0.0,0.0,0.0
11,64374489,+,11,64375102,-,THCA,5363,TCGA-QD-A8IV-01A,TCGA-QD-A8IV-01A,1.0,0.0,0.0,0.0,0.0
18,15558521,+,18,15704778,-,THCA,5364,TCGA-QD-A8IV-01A,TCGA-QD-A8IV-01A,1.0,0.0,0.0,0.0,0.0
2,8027668,+,2,8028406,-,THCA,5365,TCGA-QD-A8IV-01A,TCGA-QD-A8IV-01A,1.0,0.0,0.0,0.0,0.0
2,195425970,+,5,134326881,+,THCA,5366,TCGA-QD-A8IV-01A,TCGA-QD-A8IV-01A,1.0,0.0,0.0,0.0,0.0
2,200836852,+,2,200837459,-,THCA,5367,TCGA-QD-A8IV-01A,TCGA-QD-A8IV-01A,1.0,0.0,0.0,0.0,0.0
2,221747401,+,2,221771140,-,THCA,5368,TCGA-QD-A8IV-01A,TCGA-QD-A8IV-01A,1.0,0.0,0.0,0.0,0.0
6,61308943,-,12,34483709,-,THCA,5369,TCGA-QD-A8IV-01A,TCGA-QD-A8IV-01A,1.0,0.0,0.0,0.0,0.0
