seqnames,start,strand,altchr,altpos,altstrand,dcc_project_code,sv_id,sid,donor_unique_id,weights,topo,topo_n,mech,homseq
11,118764838,+,16,87860354,-,THYM,0,TCGA-3Q-A9WF-01A,TCGA-3Q-A9WF-01A,1.0,0.0,0.0,0.0,0.0
13,16603686,+,13,16906978,-,THYM,1,TCGA-3Q-A9WF-01A,TCGA-3Q-A9WF-01A,1.0,0.0,0.0,0.0,0.0
20,28842285,+,20,29196040,-,THYM,2,TCGA-3Q-A9WF-01A,TCGA-3Q-A9WF-01A,1.0,0.0,0.0,0.0,0.0
3,137536009,+,14,68795151,+,THYM,3,TCGA-3Q-A9WF-01A,TCGA-3Q-A9WF-01A,1.0,0.0,0.0,0.0,0.0
3,164324915,-,12,111505844,+,THYM,4,TCGA-3Q-A9WF-01A,TCGA-3Q-A9WF-01A,1.0,0.0,0.0,0.0,0.0
7,1198811,+,7,31794098,+,THYM,5,TCGA-3Q-A9WF-01A,TCGA-3Q-A9WF-01A,1.0,0.0,0.0,0.0,0.0
7,109327425,+,7,109386088,+,THYM,6,TCGA-3Q-A9WF-01A,TCGA-3Q-A9WF-01A,1.0,0.0,0.0,0.0,0.0
8,81711186,-,20,1359335,+,THYM,7,TCGA-3Q-A9WF-01A,TCGA-3Q-A9WF-01A,1.0,0.0,0.0,0.0,0.0
9,4987695,-,12,12439599,+,THYM,8,TCGA-3Q-A9WF-01A,TCGA-3Q-A9WF-01A,1.0,0.0,0.0,0.0,0.0
9,69137224,+,12,62629310,-,THYM,9,TCGA-3Q-A9WF-01A,TCGA-3Q-A9WF-01A,1.0,0.0,0.0,0.0,0.0
1,6937553,-,16,86013994,+,THYM,10,TCGA-3S-A8YW-01A,TCGA-3S-A8YW-01A,1.0,0.0,0.0,0.0,0.0
12,538488,-,12,6089771,-,THYM,11,TCGA-3S-A8YW-01A,TCGA-3S-A8YW-01A,1.0,0.0,0.0,0.0,0.0
12,578917,+,12,3318460,+,THYM,12,TCGA-3S-A8YW-01A,TCGA-3S-A8YW-01A,1.0,0.0,0.0,0.0,0.0
12,1333108,-,12,6268716,+,THYM,13,TCGA-3S-A8YW-01A,TCGA-3S-A8YW-01A,1.0,0.0,0.0,0.0,0.0
12,1357627,+,12,6337194,-,THYM,14,TCGA-3S-A8YW-01A,TCGA-3S-A8YW-01A,1.0,0.0,0.0,0.0,0.0
12,2716989,-,12,4245528,-,THYM,15,TCGA-3S-A8YW-01A,TCGA-3S-A8YW-01A,1.0,0.0,0.0,0.0,0.0
12,2874650,+,12,6219831,+,THYM,16,TCGA-3S-A8YW-01A,TCGA-3S-A8YW-01A,1.0,0.0,0.0,0.0,0.0
12,2959046,-,12,3318580,+,THYM,17,TCGA-3S-A8YW-01A,TCGA-3S-A8YW-01A,1.0,0.0,0.0,0.0,0.0
12,3271141,-,12,4043689,-,THYM,18,TCGA-3S-A8YW-01A,TCGA-3S-A8YW-01A,1.0,0.0,0.0,0.0,0.0
12,3996984,-,12,6083020,+,THYM,19,TCGA-3S-A8YW-01A,TCGA-3S-A8YW-01A,1.0,0.0,0.0,0.0,0.0
12,4043305,+,12,6083752,-,THYM,20,TCGA-3S-A8YW-01A,TCGA-3S-A8YW-01A,1.0,0.0,0.0,0.0,0.0
12,4255413,+,12,6140710,-,THYM,21,TCGA-3S-A8YW-01A,TCGA-3S-A8YW-01A,1.0,0.0,0.0,0.0,0.0
12,4256686,+,12,6156865,+,THYM,22,TCGA-3S-A8YW-01A,TCGA-3S-A8YW-01A,1.0,0.0,0.0,0.0,0.0
12,4265296,-,12,6271449,-,THYM,23,TCGA-3S-A8YW-01A,TCGA-3S-A8YW-01A,1.0,0.0,0.0,0.0,0.0
12,6061309,-,12,6283656,-,THYM,24,TCGA-3S-A8YW-01A,TCGA-3S-A8YW-01A,1.0,0.0,0.0,0.0,0.0
12,6117070,+,12,6290232,+,THYM,25,TCGA-3S-A8YW-01A,TCGA-3S-A8YW-01A,1.0,0.0,0.0,0.0,0.0
12,6196198,+,12,6305778,-,THYM,26,TCGA-3S-A8YW-01A,TCGA-3S-A8YW-01A,1.0,0.0,0.0,0.0,0.0
12,6271064,+,12,6284073,-,THYM,27,TCGA-3S-A8YW-01A,TCGA-3S-A8YW-01A,1.0,0.0,0.0,0.0,0.0
12,6283216,+,12,6455577,+,THYM,28,TCGA-3S-A8YW-01A,TCGA-3S-A8YW-01A,1.0,0.0,0.0,0.0,0.0
12,6427664,-,12,6431878,+,THYM,29,TCGA-3S-A8YW-01A,TCGA-3S-A8YW-01A,1.0,0.0,0.0,0.0,0.0
12,6434583,-,12,6449009,+,THYM,30,TCGA-3S-A8YW-01A,TCGA-3S-A8YW-01A,1.0,0.0,0.0,0.0,0.0
12,6434655,+,12,6438132,-,THYM,31,TCGA-3S-A8YW-01A,TCGA-3S-A8YW-01A,1.0,0.0,0.0,0.0,0.0
12,6438132,-,12,6449009,+,THYM,32,TCGA-3S-A8YW-01A,TCGA-3S-A8YW-01A,1.0,0.0,0.0,0.0,0.0
12,6462608,+,12,6464954,+,THYM,33,TCGA-3S-A8YW-01A,TCGA-3S-A8YW-01A,1.0,0.0,0.0,0.0,0.0
13,60886146,-,19,3848112,+,THYM,34,TCGA-3S-A8YW-01A,TCGA-3S-A8YW-01A,1.0,0.0,0.0,0.0,0.0
13,60887558,+,19,3848094,-,THYM,35,TCGA-3S-A8YW-01A,TCGA-3S-A8YW-01A,1.0,0.0,0.0,0.0,0.0
16,500272,+,16,704113,-,THYM,36,TCGA-3S-A8YW-01A,TCGA-3S-A8YW-01A,1.0,0.0,0.0,0.0,0.0
17,22951338,-,17,23178607,+,THYM,37,TCGA-3S-A8YW-01A,TCGA-3S-A8YW-01A,1.0,0.0,0.0,0.0,0.0
2,142590118,-,8,113721653,-,THYM,38,TCGA-3S-A8YW-01A,TCGA-3S-A8YW-01A,1.0,0.0,0.0,0.0,0.0
2,212026695,+,2,212028439,-,THYM,39,TCGA-3S-A8YW-01A,TCGA-3S-A8YW-01A,1.0,0.0,0.0,0.0,0.0
3,74285844,+,8,134040403,+,THYM,40,TCGA-3S-A8YW-01A,TCGA-3S-A8YW-01A,1.0,0.0,0.0,0.0,0.0
3,88318071,-,7,151221576,-,THYM,41,TCGA-3S-A8YW-01A,TCGA-3S-A8YW-01A,1.0,0.0,0.0,0.0,0.0
3,88318975,+,7,151214091,+,THYM,42,TCGA-3S-A8YW-01A,TCGA-3S-A8YW-01A,1.0,0.0,0.0,0.0,0.0
3,123876376,-,12,4922952,-,THYM,43,TCGA-3S-A8YW-01A,TCGA-3S-A8YW-01A,1.0,0.0,0.0,0.0,0.0
4,90108265,-,4,90117103,+,THYM,44,TCGA-3S-A8YW-01A,TCGA-3S-A8YW-01A,1.0,0.0,0.0,0.0,0.0
5,109100532,-,7,51517185,+,THYM,45,TCGA-3S-A8YW-01A,TCGA-3S-A8YW-01A,1.0,0.0,0.0,0.0,0.0
5,109106161,-,7,45785843,+,THYM,46,TCGA-3S-A8YW-01A,TCGA-3S-A8YW-01A,1.0,0.0,0.0,0.0,0.0
5,149598263,-,8,112370005,-,THYM,47,TCGA-3S-A8YW-01A,TCGA-3S-A8YW-01A,1.0,0.0,0.0,0.0,0.0
7,151223812,+,21,30216064,-,THYM,48,TCGA-3S-A8YW-01A,TCGA-3S-A8YW-01A,1.0,0.0,0.0,0.0,0.0
8,5928468,+,12,3319255,-,THYM,49,TCGA-3S-A8YW-01A,TCGA-3S-A8YW-01A,1.0,0.0,0.0,0.0,0.0
8,35236840,-,8,46223959,+,THYM,50,TCGA-3S-A8YW-01A,TCGA-3S-A8YW-01A,1.0,0.0,0.0,0.0,0.0
8,86924993,-,17,14955323,-,THYM,51,TCGA-3S-A8YW-01A,TCGA-3S-A8YW-01A,1.0,0.0,0.0,0.0,0.0
23,97582579,-,23,97773811,+,THYM,52,TCGA-3S-A8YW-01A,TCGA-3S-A8YW-01A,1.0,0.0,0.0,0.0,0.0
11,53056732,-,11,54297031,+,THYM,53,TCGA-3S-AAYX-01A,TCGA-3S-AAYX-01A,1.0,0.0,0.0,0.0,0.0
13,40356925,+,13,40870027,+,THYM,54,TCGA-3S-AAYX-01A,TCGA-3S-AAYX-01A,1.0,0.0,0.0,0.0,0.0
14,22086962,-,14,22495912,+,THYM,55,TCGA-3S-AAYX-01A,TCGA-3S-AAYX-01A,1.0,0.0,0.0,0.0,0.0
18,15692016,+,18,20640374,-,THYM,56,TCGA-3S-AAYX-01A,TCGA-3S-AAYX-01A,1.0,0.0,0.0,0.0,0.0
2,92282484,-,2,93189627,+,THYM,57,TCGA-3S-AAYX-01A,TCGA-3S-AAYX-01A,1.0,0.0,0.0,0.0,0.0
20,29290737,-,24,10206453,-,THYM,58,TCGA-3S-AAYX-01A,TCGA-3S-AAYX-01A,1.0,0.0,0.0,0.0,0.0
3,91158483,-,3,91195843,+,THYM,59,TCGA-3S-AAYX-01A,TCGA-3S-AAYX-01A,1.0,0.0,0.0,0.0,0.0
4,160349868,-,23,76480212,+,THYM,60,TCGA-3S-AAYX-01A,TCGA-3S-AAYX-01A,1.0,0.0,0.0,0.0,0.0
7,62722028,-,10,39268546,-,THYM,61,TCGA-3S-AAYX-01A,TCGA-3S-AAYX-01A,1.0,0.0,0.0,0.0,0.0
1,123700282,-,1,123700818,+,THYM,62,TCGA-3T-AA9L-01A,TCGA-3T-AA9L-01A,1.0,0.0,0.0,0.0,0.0
1,124984653,+,1,124989702,-,THYM,63,TCGA-3T-AA9L-01A,TCGA-3T-AA9L-01A,1.0,0.0,0.0,0.0,0.0
14,22124287,+,14,22478878,-,THYM,64,TCGA-3T-AA9L-01A,TCGA-3T-AA9L-01A,1.0,0.0,0.0,0.0,0.0
17,26599488,-,17,26600016,+,THYM,65,TCGA-3T-AA9L-01A,TCGA-3T-AA9L-01A,1.0,0.0,0.0,0.0,0.0
2,147777510,+,7,88110853,+,THYM,66,TCGA-3T-AA9L-01A,TCGA-3T-AA9L-01A,1.0,0.0,0.0,0.0,0.0
4,48923596,-,6,64390015,-,THYM,67,TCGA-3T-AA9L-01A,TCGA-3T-AA9L-01A,1.0,0.0,0.0,0.0,0.0
4,48923716,+,6,64389962,+,THYM,68,TCGA-3T-AA9L-01A,TCGA-3T-AA9L-01A,1.0,0.0,0.0,0.0,0.0
11,54353852,-,11,54406047,+,THYM,69,TCGA-4V-A9QI-01A,TCGA-4V-A9QI-01A,1.0,0.0,0.0,0.0,0.0
13,16048155,-,13,16090277,+,THYM,70,TCGA-4V-A9QI-01A,TCGA-4V-A9QI-01A,1.0,0.0,0.0,0.0,0.0
13,16898462,-,13,17123163,+,THYM,71,TCGA-4V-A9QI-01A,TCGA-4V-A9QI-01A,1.0,0.0,0.0,0.0,0.0
20,26486101,+,20,26599724,-,THYM,72,TCGA-4V-A9QI-01A,TCGA-4V-A9QI-01A,1.0,0.0,0.0,0.0,0.0
20,29926271,-,20,29953942,+,THYM,73,TCGA-4V-A9QI-01A,TCGA-4V-A9QI-01A,1.0,0.0,0.0,0.0,0.0
22,15999833,+,22,16279034,+,THYM,74,TCGA-4V-A9QI-01A,TCGA-4V-A9QI-01A,1.0,0.0,0.0,0.0,0.0
3,91068725,+,3,91147881,-,THYM,75,TCGA-4V-A9QI-01A,TCGA-4V-A9QI-01A,1.0,0.0,0.0,0.0,0.0
3,157972232,-,5,18435500,+,THYM,76,TCGA-4V-A9QI-01A,TCGA-4V-A9QI-01A,1.0,0.0,0.0,0.0,0.0
7,38256390,+,7,38330345,-,THYM,77,TCGA-4V-A9QI-01A,TCGA-4V-A9QI-01A,1.0,0.0,0.0,0.0,0.0
7,38256397,+,7,38362865,-,THYM,78,TCGA-4V-A9QI-01A,TCGA-4V-A9QI-01A,1.0,0.0,0.0,0.0,0.0
7,61416630,+,7,61422128,-,THYM,79,TCGA-4V-A9QI-01A,TCGA-4V-A9QI-01A,1.0,0.0,0.0,0.0,0.0
7,62567425,+,23,58467955,+,THYM,80,TCGA-4V-A9QI-01A,TCGA-4V-A9QI-01A,1.0,0.0,0.0,0.0,0.0
1,1402046,+,13,99798481,-,THYM,81,TCGA-4V-A9QJ-01A,TCGA-4V-A9QJ-01A,1.0,0.0,0.0,0.0,0.0
1,12507506,-,9,115377396,-,THYM,82,TCGA-4V-A9QJ-01A,TCGA-4V-A9QJ-01A,1.0,0.0,0.0,0.0,0.0
1,31945999,-,1,31964109,+,THYM,83,TCGA-4V-A9QJ-01A,TCGA-4V-A9QJ-01A,1.0,0.0,0.0,0.0,0.0
1,70655013,+,1,71058973,-,THYM,84,TCGA-4V-A9QJ-01A,TCGA-4V-A9QJ-01A,1.0,0.0,0.0,0.0,0.0
1,77433657,+,8,133313050,+,THYM,85,TCGA-4V-A9QJ-01A,TCGA-4V-A9QJ-01A,1.0,0.0,0.0,0.0,0.0
1,123880637,-,1,123881803,+,THYM,86,TCGA-4V-A9QJ-01A,TCGA-4V-A9QJ-01A,1.0,0.0,0.0,0.0,0.0
1,124980154,+,1,124994404,-,THYM,87,TCGA-4V-A9QJ-01A,TCGA-4V-A9QJ-01A,1.0,0.0,0.0,0.0,0.0
1,210711567,-,1,210829298,+,THYM,88,TCGA-4V-A9QJ-01A,TCGA-4V-A9QJ-01A,1.0,0.0,0.0,0.0,0.0
10,29470783,-,10,29474938,-,THYM,89,TCGA-4V-A9QJ-01A,TCGA-4V-A9QJ-01A,1.0,0.0,0.0,0.0,0.0
10,29470786,+,23,72486947,+,THYM,90,TCGA-4V-A9QJ-01A,TCGA-4V-A9QJ-01A,1.0,0.0,0.0,0.0,0.0
10,31126305,+,10,31129960,+,THYM,91,TCGA-4V-A9QJ-01A,TCGA-4V-A9QJ-01A,1.0,0.0,0.0,0.0,0.0
10,31375732,+,23,84152323,-,THYM,92,TCGA-4V-A9QJ-01A,TCGA-4V-A9QJ-01A,1.0,0.0,0.0,0.0,0.0
10,43581906,+,20,35883379,+,THYM,93,TCGA-4V-A9QJ-01A,TCGA-4V-A9QJ-01A,1.0,0.0,0.0,0.0,0.0
12,48742621,-,17,50357085,-,THYM,94,TCGA-4V-A9QJ-01A,TCGA-4V-A9QJ-01A,1.0,0.0,0.0,0.0,0.0
13,24424815,-,13,43913989,+,THYM,95,TCGA-4V-A9QJ-01A,TCGA-4V-A9QJ-01A,1.0,0.0,0.0,0.0,0.0
13,24430992,-,13,27246330,-,THYM,96,TCGA-4V-A9QJ-01A,TCGA-4V-A9QJ-01A,1.0,0.0,0.0,0.0,0.0
13,24431327,+,13,27240324,+,THYM,97,TCGA-4V-A9QJ-01A,TCGA-4V-A9QJ-01A,1.0,0.0,0.0,0.0,0.0
13,24432094,-,19,18869413,+,THYM,98,TCGA-4V-A9QJ-01A,TCGA-4V-A9QJ-01A,1.0,0.0,0.0,0.0,0.0
13,24435529,+,13,43910138,-,THYM,99,TCGA-4V-A9QJ-01A,TCGA-4V-A9QJ-01A,1.0,0.0,0.0,0.0,0.0
13,24435621,-,13,44167142,-,THYM,100,TCGA-4V-A9QJ-01A,TCGA-4V-A9QJ-01A,1.0,0.0,0.0,0.0,0.0
13,24435736,+,13,44169966,+,THYM,101,TCGA-4V-A9QJ-01A,TCGA-4V-A9QJ-01A,1.0,0.0,0.0,0.0,0.0
13,27246859,+,13,42243579,+,THYM,102,TCGA-4V-A9QJ-01A,TCGA-4V-A9QJ-01A,1.0,0.0,0.0,0.0,0.0
13,42979540,-,13,42995165,+,THYM,103,TCGA-4V-A9QJ-01A,TCGA-4V-A9QJ-01A,1.0,0.0,0.0,0.0,0.0
13,44167932,+,19,18869723,-,THYM,104,TCGA-4V-A9QJ-01A,TCGA-4V-A9QJ-01A,1.0,0.0,0.0,0.0,0.0
13,44820168,+,13,44828384,-,THYM,105,TCGA-4V-A9QJ-01A,TCGA-4V-A9QJ-01A,1.0,0.0,0.0,0.0,0.0
14,22082229,-,14,22653414,+,THYM,106,TCGA-4V-A9QJ-01A,TCGA-4V-A9QJ-01A,1.0,0.0,0.0,0.0,0.0
14,22494736,-,17,32434844,-,THYM,107,TCGA-4V-A9QJ-01A,TCGA-4V-A9QJ-01A,1.0,0.0,0.0,0.0,0.0
14,22584299,-,14,22659782,-,THYM,108,TCGA-4V-A9QJ-01A,TCGA-4V-A9QJ-01A,1.0,0.0,0.0,0.0,0.0
14,76116481,+,17,29064202,-,THYM,109,TCGA-4V-A9QJ-01A,TCGA-4V-A9QJ-01A,1.0,0.0,0.0,0.0,0.0
16,15516428,-,16,15984116,-,THYM,110,TCGA-4V-A9QJ-01A,TCGA-4V-A9QJ-01A,1.0,0.0,0.0,0.0,0.0
16,15592677,-,16,15984364,+,THYM,111,TCGA-4V-A9QJ-01A,TCGA-4V-A9QJ-01A,1.0,0.0,0.0,0.0,0.0
17,22158189,+,17,22162124,+,THYM,112,TCGA-4V-A9QJ-01A,TCGA-4V-A9QJ-01A,1.0,0.0,0.0,0.0,0.0
17,22162142,-,17,22182316,-,THYM,113,TCGA-4V-A9QJ-01A,TCGA-4V-A9QJ-01A,1.0,0.0,0.0,0.0,0.0
17,23100141,+,17,23172624,-,THYM,114,TCGA-4V-A9QJ-01A,TCGA-4V-A9QJ-01A,1.0,0.0,0.0,0.0,0.0
17,28955099,-,17,34304663,-,THYM,115,TCGA-4V-A9QJ-01A,TCGA-4V-A9QJ-01A,1.0,0.0,0.0,0.0,0.0
17,29259060,+,17,35619406,+,THYM,116,TCGA-4V-A9QJ-01A,TCGA-4V-A9QJ-01A,1.0,0.0,0.0,0.0,0.0
17,31344911,+,19,19936224,-,THYM,117,TCGA-4V-A9QJ-01A,TCGA-4V-A9QJ-01A,1.0,0.0,0.0,0.0,0.0
17,32982910,+,17,32984532,+,THYM,118,TCGA-4V-A9QJ-01A,TCGA-4V-A9QJ-01A,1.0,0.0,0.0,0.0,0.0
17,34854842,-,19,19943636,+,THYM,119,TCGA-4V-A9QJ-01A,TCGA-4V-A9QJ-01A,1.0,0.0,0.0,0.0,0.0
17,34990730,-,17,36144904,+,THYM,120,TCGA-4V-A9QJ-01A,TCGA-4V-A9QJ-01A,1.0,0.0,0.0,0.0,0.0
19,49954339,-,23,72466373,-,THYM,121,TCGA-4V-A9QJ-01A,TCGA-4V-A9QJ-01A,1.0,0.0,0.0,0.0,0.0
2,45459969,-,19,18682855,+,THYM,122,TCGA-4V-A9QJ-01A,TCGA-4V-A9QJ-01A,1.0,0.0,0.0,0.0,0.0
2,155868249,-,17,40388671,+,THYM,123,TCGA-4V-A9QJ-01A,TCGA-4V-A9QJ-01A,1.0,0.0,0.0,0.0,0.0
2,216880435,+,2,218869676,-,THYM,124,TCGA-4V-A9QJ-01A,TCGA-4V-A9QJ-01A,1.0,0.0,0.0,0.0,0.0
2,216884497,-,2,216901556,-,THYM,125,TCGA-4V-A9QJ-01A,TCGA-4V-A9QJ-01A,1.0,0.0,0.0,0.0,0.0
2,216884558,-,2,218867517,+,THYM,126,TCGA-4V-A9QJ-01A,TCGA-4V-A9QJ-01A,1.0,0.0,0.0,0.0,0.0
2,216884628,-,2,216901915,+,THYM,127,TCGA-4V-A9QJ-01A,TCGA-4V-A9QJ-01A,1.0,0.0,0.0,0.0,0.0
2,216884868,+,2,218867878,+,THYM,128,TCGA-4V-A9QJ-01A,TCGA-4V-A9QJ-01A,1.0,0.0,0.0,0.0,0.0
2,216901664,-,2,218749415,+,THYM,129,TCGA-4V-A9QJ-01A,TCGA-4V-A9QJ-01A,1.0,0.0,0.0,0.0,0.0
2,216901722,+,2,216939526,+,THYM,130,TCGA-4V-A9QJ-01A,TCGA-4V-A9QJ-01A,1.0,0.0,0.0,0.0,0.0
2,216941500,-,2,218763760,-,THYM,131,TCGA-4V-A9QJ-01A,TCGA-4V-A9QJ-01A,1.0,0.0,0.0,0.0,0.0
2,218000570,+,2,219524817,+,THYM,132,TCGA-4V-A9QJ-01A,TCGA-4V-A9QJ-01A,1.0,0.0,0.0,0.0,0.0
2,218005578,+,2,218192933,+,THYM,133,TCGA-4V-A9QJ-01A,TCGA-4V-A9QJ-01A,1.0,0.0,0.0,0.0,0.0
2,218191397,-,2,219526229,-,THYM,134,TCGA-4V-A9QJ-01A,TCGA-4V-A9QJ-01A,1.0,0.0,0.0,0.0,0.0
2,218549099,-,2,218560896,+,THYM,135,TCGA-4V-A9QJ-01A,TCGA-4V-A9QJ-01A,1.0,0.0,0.0,0.0,0.0
2,218549381,-,2,218747648,-,THYM,136,TCGA-4V-A9QJ-01A,TCGA-4V-A9QJ-01A,1.0,0.0,0.0,0.0,0.0
2,218553872,+,2,218744817,-,THYM,137,TCGA-4V-A9QJ-01A,TCGA-4V-A9QJ-01A,1.0,0.0,0.0,0.0,0.0
2,218556715,-,2,218563825,-,THYM,138,TCGA-4V-A9QJ-01A,TCGA-4V-A9QJ-01A,1.0,0.0,0.0,0.0,0.0
2,218568536,+,2,219526676,+,THYM,139,TCGA-4V-A9QJ-01A,TCGA-4V-A9QJ-01A,1.0,0.0,0.0,0.0,0.0
2,218743428,+,2,218867177,-,THYM,140,TCGA-4V-A9QJ-01A,TCGA-4V-A9QJ-01A,1.0,0.0,0.0,0.0,0.0
2,218744967,+,2,218867561,-,THYM,141,TCGA-4V-A9QJ-01A,TCGA-4V-A9QJ-01A,1.0,0.0,0.0,0.0,0.0
2,226032474,+,2,226400449,-,THYM,142,TCGA-4V-A9QJ-01A,TCGA-4V-A9QJ-01A,1.0,0.0,0.0,0.0,0.0
2,228566540,+,2,236490475,+,THYM,143,TCGA-4V-A9QJ-01A,TCGA-4V-A9QJ-01A,1.0,0.0,0.0,0.0,0.0
2,229456017,+,2,233960620,-,THYM,144,TCGA-4V-A9QJ-01A,TCGA-4V-A9QJ-01A,1.0,0.0,0.0,0.0,0.0
20,35606642,-,20,45816861,-,THYM,145,TCGA-4V-A9QJ-01A,TCGA-4V-A9QJ-01A,1.0,0.0,0.0,0.0,0.0
20,38921474,+,20,39714998,-,THYM,146,TCGA-4V-A9QJ-01A,TCGA-4V-A9QJ-01A,1.0,0.0,0.0,0.0,0.0
21,42927724,-,21,42935943,+,THYM,147,TCGA-4V-A9QJ-01A,TCGA-4V-A9QJ-01A,1.0,0.0,0.0,0.0,0.0
22,27857514,+,22,28409247,-,THYM,148,TCGA-4V-A9QJ-01A,TCGA-4V-A9QJ-01A,1.0,0.0,0.0,0.0,0.0
3,57617518,-,3,94332243,-,THYM,149,TCGA-4V-A9QJ-01A,TCGA-4V-A9QJ-01A,1.0,0.0,0.0,0.0,0.0
3,57618960,+,3,83245712,-,THYM,150,TCGA-4V-A9QJ-01A,TCGA-4V-A9QJ-01A,1.0,0.0,0.0,0.0,0.0
3,57619038,-,3,83261741,+,THYM,151,TCGA-4V-A9QJ-01A,TCGA-4V-A9QJ-01A,1.0,0.0,0.0,0.0,0.0
3,57634836,+,3,84619975,+,THYM,152,TCGA-4V-A9QJ-01A,TCGA-4V-A9QJ-01A,1.0,0.0,0.0,0.0,0.0
3,57646225,-,3,81845422,-,THYM,153,TCGA-4V-A9QJ-01A,TCGA-4V-A9QJ-01A,1.0,0.0,0.0,0.0,0.0
3,57646225,-,3,81845425,+,THYM,154,TCGA-4V-A9QJ-01A,TCGA-4V-A9QJ-01A,1.0,0.0,0.0,0.0,0.0
3,58590322,-,3,83513768,+,THYM,155,TCGA-4V-A9QJ-01A,TCGA-4V-A9QJ-01A,1.0,0.0,0.0,0.0,0.0
3,58605074,+,3,83245675,+,THYM,156,TCGA-4V-A9QJ-01A,TCGA-4V-A9QJ-01A,1.0,0.0,0.0,0.0,0.0
3,59781349,+,3,72405120,-,THYM,157,TCGA-4V-A9QJ-01A,TCGA-4V-A9QJ-01A,1.0,0.0,0.0,0.0,0.0
3,73204104,+,3,80973043,-,THYM,158,TCGA-4V-A9QJ-01A,TCGA-4V-A9QJ-01A,1.0,0.0,0.0,0.0,0.0
3,81204813,+,3,82185208,+,THYM,159,TCGA-4V-A9QJ-01A,TCGA-4V-A9QJ-01A,1.0,0.0,0.0,0.0,0.0
3,81232034,-,17,34759734,+,THYM,160,TCGA-4V-A9QJ-01A,TCGA-4V-A9QJ-01A,1.0,0.0,0.0,0.0,0.0
3,81247428,-,3,86697946,+,THYM,161,TCGA-4V-A9QJ-01A,TCGA-4V-A9QJ-01A,1.0,0.0,0.0,0.0,0.0
3,81247448,+,3,86683648,-,THYM,162,TCGA-4V-A9QJ-01A,TCGA-4V-A9QJ-01A,1.0,0.0,0.0,0.0,0.0
3,81251385,+,3,94327698,-,THYM,163,TCGA-4V-A9QJ-01A,TCGA-4V-A9QJ-01A,1.0,0.0,0.0,0.0,0.0
3,81864759,-,3,85926738,-,THYM,164,TCGA-4V-A9QJ-01A,TCGA-4V-A9QJ-01A,1.0,0.0,0.0,0.0,0.0
3,81876813,-,3,86761995,+,THYM,165,TCGA-4V-A9QJ-01A,TCGA-4V-A9QJ-01A,1.0,0.0,0.0,0.0,0.0
3,81877602,+,3,83850311,+,THYM,166,TCGA-4V-A9QJ-01A,TCGA-4V-A9QJ-01A,1.0,0.0,0.0,0.0,0.0
3,82027910,-,3,94301709,+,THYM,167,TCGA-4V-A9QJ-01A,TCGA-4V-A9QJ-01A,1.0,0.0,0.0,0.0,0.0
3,82137751,-,3,82138536,-,THYM,168,TCGA-4V-A9QJ-01A,TCGA-4V-A9QJ-01A,1.0,0.0,0.0,0.0,0.0
3,82185252,-,3,86707130,-,THYM,169,TCGA-4V-A9QJ-01A,TCGA-4V-A9QJ-01A,1.0,0.0,0.0,0.0,0.0
3,82188275,+,3,83650343,-,THYM,170,TCGA-4V-A9QJ-01A,TCGA-4V-A9QJ-01A,1.0,0.0,0.0,0.0,0.0
3,82676053,-,3,86716241,+,THYM,171,TCGA-4V-A9QJ-01A,TCGA-4V-A9QJ-01A,1.0,0.0,0.0,0.0,0.0
3,82684176,+,3,90229063,-,THYM,172,TCGA-4V-A9QJ-01A,TCGA-4V-A9QJ-01A,1.0,0.0,0.0,0.0,0.0
3,82685796,-,3,82892844,+,THYM,173,TCGA-4V-A9QJ-01A,TCGA-4V-A9QJ-01A,1.0,0.0,0.0,0.0,0.0
3,82738975,+,3,83829117,+,THYM,174,TCGA-4V-A9QJ-01A,TCGA-4V-A9QJ-01A,1.0,0.0,0.0,0.0,0.0
3,82827817,-,3,83508607,-,THYM,175,TCGA-4V-A9QJ-01A,TCGA-4V-A9QJ-01A,1.0,0.0,0.0,0.0,0.0
3,82892883,-,3,85193457,-,THYM,176,TCGA-4V-A9QJ-01A,TCGA-4V-A9QJ-01A,1.0,0.0,0.0,0.0,0.0
3,82910877,+,3,84583154,-,THYM,177,TCGA-4V-A9QJ-01A,TCGA-4V-A9QJ-01A,1.0,0.0,0.0,0.0,0.0
3,83238801,-,3,94361883,+,THYM,178,TCGA-4V-A9QJ-01A,TCGA-4V-A9QJ-01A,1.0,0.0,0.0,0.0,0.0
3,83502882,+,3,85198786,+,THYM,179,TCGA-4V-A9QJ-01A,TCGA-4V-A9QJ-01A,1.0,0.0,0.0,0.0,0.0
3,83510855,-,3,86085996,-,THYM,180,TCGA-4V-A9QJ-01A,TCGA-4V-A9QJ-01A,1.0,0.0,0.0,0.0,0.0
3,83830361,-,3,90262595,+,THYM,181,TCGA-4V-A9QJ-01A,TCGA-4V-A9QJ-01A,1.0,0.0,0.0,0.0,0.0
3,85930384,+,3,94367401,-,THYM,182,TCGA-4V-A9QJ-01A,TCGA-4V-A9QJ-01A,1.0,0.0,0.0,0.0,0.0
3,86716256,-,3,94332135,+,THYM,183,TCGA-4V-A9QJ-01A,TCGA-4V-A9QJ-01A,1.0,0.0,0.0,0.0,0.0
5,95291876,-,5,95293425,+,THYM,184,TCGA-4V-A9QJ-01A,TCGA-4V-A9QJ-01A,1.0,0.0,0.0,0.0,0.0
6,159499529,+,14,83740229,-,THYM,185,TCGA-4V-A9QJ-01A,TCGA-4V-A9QJ-01A,1.0,0.0,0.0,0.0,0.0
6,159499534,-,14,83740231,+,THYM,186,TCGA-4V-A9QJ-01A,TCGA-4V-A9QJ-01A,1.0,0.0,0.0,0.0,0.0
8,6861312,+,8,6865363,-,THYM,187,TCGA-4V-A9QJ-01A,TCGA-4V-A9QJ-01A,1.0,0.0,0.0,0.0,0.0
9,6041284,+,11,131462717,+,THYM,188,TCGA-4V-A9QJ-01A,TCGA-4V-A9QJ-01A,1.0,0.0,0.0,0.0,0.0
9,43206407,+,9,60529134,+,THYM,189,TCGA-4V-A9QJ-01A,TCGA-4V-A9QJ-01A,1.0,0.0,0.0,0.0,0.0
23,66495054,-,23,71652705,-,THYM,190,TCGA-4V-A9QJ-01A,TCGA-4V-A9QJ-01A,1.0,0.0,0.0,0.0,0.0
23,126754055,+,23,153019021,-,THYM,191,TCGA-4V-A9QJ-01A,TCGA-4V-A9QJ-01A,1.0,0.0,0.0,0.0,0.0
23,126754355,-,23,153042123,-,THYM,192,TCGA-4V-A9QJ-01A,TCGA-4V-A9QJ-01A,1.0,0.0,0.0,0.0,0.0
15,17494882,+,15,18351438,-,THYM,193,TCGA-4V-A9QL-01A,TCGA-4V-A9QL-01A,1.0,0.0,0.0,0.0,0.0
16,35946896,-,21,16656104,-,THYM,194,TCGA-4V-A9QL-01A,TCGA-4V-A9QL-01A,1.0,0.0,0.0,0.0,0.0
17,22896026,+,17,23137596,-,THYM,195,TCGA-4V-A9QL-01A,TCGA-4V-A9QL-01A,1.0,0.0,0.0,0.0,0.0
18,20774814,+,18,20789797,-,THYM,196,TCGA-4V-A9QL-01A,TCGA-4V-A9QL-01A,1.0,0.0,0.0,0.0,0.0
2,141485600,-,6,3064183,+,THYM,197,TCGA-4V-A9QL-01A,TCGA-4V-A9QL-01A,1.0,0.0,0.0,0.0,0.0
2,141488753,+,6,146014221,+,THYM,198,TCGA-4V-A9QL-01A,TCGA-4V-A9QL-01A,1.0,0.0,0.0,0.0,0.0
20,29271828,-,20,30461232,+,THYM,199,TCGA-4V-A9QL-01A,TCGA-4V-A9QL-01A,1.0,0.0,0.0,0.0,0.0
3,88048365,-,3,88049674,+,THYM,200,TCGA-4V-A9QL-01A,TCGA-4V-A9QL-01A,1.0,0.0,0.0,0.0,0.0
3,90784799,-,3,91066771,+,THYM,201,TCGA-4V-A9QL-01A,TCGA-4V-A9QL-01A,1.0,0.0,0.0,0.0,0.0
4,51595150,+,4,51602085,-,THYM,202,TCGA-4V-A9QL-01A,TCGA-4V-A9QL-01A,1.0,0.0,0.0,0.0,0.0
5,46571446,-,5,46671771,+,THYM,203,TCGA-4V-A9QL-01A,TCGA-4V-A9QL-01A,1.0,0.0,0.0,0.0,0.0
5,49681698,+,5,49684545,-,THYM,204,TCGA-4V-A9QL-01A,TCGA-4V-A9QL-01A,1.0,0.0,0.0,0.0,0.0
5,49726072,-,5,50141216,-,THYM,205,TCGA-4V-A9QL-01A,TCGA-4V-A9QL-01A,1.0,0.0,0.0,0.0,0.0
7,60340807,+,7,62512556,-,THYM,206,TCGA-4V-A9QL-01A,TCGA-4V-A9QL-01A,1.0,0.0,0.0,0.0,0.0
7,118574700,-,9,115095722,+,THYM,207,TCGA-4V-A9QL-01A,TCGA-4V-A9QL-01A,1.0,0.0,0.0,0.0,0.0
1,122672278,-,1,122673381,+,THYM,208,TCGA-4V-A9QM-01A,TCGA-4V-A9QM-01A,1.0,0.0,0.0,0.0,0.0
1,122697429,-,1,122698703,+,THYM,209,TCGA-4V-A9QM-01A,TCGA-4V-A9QM-01A,1.0,0.0,0.0,0.0,0.0
1,123022821,-,1,123024687,+,THYM,210,TCGA-4V-A9QM-01A,TCGA-4V-A9QM-01A,1.0,0.0,0.0,0.0,0.0
1,123226604,-,1,123227984,+,THYM,211,TCGA-4V-A9QM-01A,TCGA-4V-A9QM-01A,1.0,0.0,0.0,0.0,0.0
1,123249650,-,1,123251015,+,THYM,212,TCGA-4V-A9QM-01A,TCGA-4V-A9QM-01A,1.0,0.0,0.0,0.0,0.0
1,123362473,-,1,123363578,+,THYM,213,TCGA-4V-A9QM-01A,TCGA-4V-A9QM-01A,1.0,0.0,0.0,0.0,0.0
1,123449580,-,1,123450967,+,THYM,214,TCGA-4V-A9QM-01A,TCGA-4V-A9QM-01A,1.0,0.0,0.0,0.0,0.0
1,123464214,-,1,123465332,+,THYM,215,TCGA-4V-A9QM-01A,TCGA-4V-A9QM-01A,1.0,0.0,0.0,0.0,0.0
1,123808337,-,1,123809489,+,THYM,216,TCGA-4V-A9QM-01A,TCGA-4V-A9QM-01A,1.0,0.0,0.0,0.0,0.0
1,123825713,-,1,123826596,+,THYM,217,TCGA-4V-A9QM-01A,TCGA-4V-A9QM-01A,1.0,0.0,0.0,0.0,0.0
1,124105042,-,1,124106407,+,THYM,218,TCGA-4V-A9QM-01A,TCGA-4V-A9QM-01A,1.0,0.0,0.0,0.0,0.0
1,124185065,-,1,124186140,+,THYM,219,TCGA-4V-A9QM-01A,TCGA-4V-A9QM-01A,1.0,0.0,0.0,0.0,0.0
1,124352794,-,1,124354021,+,THYM,220,TCGA-4V-A9QM-01A,TCGA-4V-A9QM-01A,1.0,0.0,0.0,0.0,0.0
1,124444836,-,1,124445649,+,THYM,221,TCGA-4V-A9QM-01A,TCGA-4V-A9QM-01A,1.0,0.0,0.0,0.0,0.0
1,124500265,-,1,124501391,+,THYM,222,TCGA-4V-A9QM-01A,TCGA-4V-A9QM-01A,1.0,0.0,0.0,0.0,0.0
1,124549797,-,1,124551335,+,THYM,223,TCGA-4V-A9QM-01A,TCGA-4V-A9QM-01A,1.0,0.0,0.0,0.0,0.0
1,226667854,+,10,112815172,+,THYM,224,TCGA-4V-A9QM-01A,TCGA-4V-A9QM-01A,1.0,0.0,0.0,0.0,0.0
10,40973409,-,10,40974596,+,THYM,225,TCGA-4V-A9QM-01A,TCGA-4V-A9QM-01A,1.0,0.0,0.0,0.0,0.0
12,35404146,-,12,35405008,+,THYM,226,TCGA-4V-A9QM-01A,TCGA-4V-A9QM-01A,1.0,0.0,0.0,0.0,0.0
12,37730653,-,12,37731736,+,THYM,227,TCGA-4V-A9QM-01A,TCGA-4V-A9QM-01A,1.0,0.0,0.0,0.0,0.0
13,16432955,-,13,16434373,+,THYM,228,TCGA-4V-A9QM-01A,TCGA-4V-A9QM-01A,1.0,0.0,0.0,0.0,0.0
13,16848600,-,13,16849672,+,THYM,229,TCGA-4V-A9QM-01A,TCGA-4V-A9QM-01A,1.0,0.0,0.0,0.0,0.0
13,16872191,-,13,16873629,+,THYM,230,TCGA-4V-A9QM-01A,TCGA-4V-A9QM-01A,1.0,0.0,0.0,0.0,0.0
13,17037004,-,13,17038442,+,THYM,231,TCGA-4V-A9QM-01A,TCGA-4V-A9QM-01A,1.0,0.0,0.0,0.0,0.0
13,17059413,-,13,17060375,+,THYM,232,TCGA-4V-A9QM-01A,TCGA-4V-A9QM-01A,1.0,0.0,0.0,0.0,0.0
13,17118137,-,13,17119500,+,THYM,233,TCGA-4V-A9QM-01A,TCGA-4V-A9QM-01A,1.0,0.0,0.0,0.0,0.0
13,17203613,-,13,17205007,+,THYM,234,TCGA-4V-A9QM-01A,TCGA-4V-A9QM-01A,1.0,0.0,0.0,0.0,0.0
13,17210084,-,13,17211593,+,THYM,235,TCGA-4V-A9QM-01A,TCGA-4V-A9QM-01A,1.0,0.0,0.0,0.0,0.0
13,17254602,-,13,17256027,+,THYM,236,TCGA-4V-A9QM-01A,TCGA-4V-A9QM-01A,1.0,0.0,0.0,0.0,0.0
13,17326788,-,13,17328294,+,THYM,237,TCGA-4V-A9QM-01A,TCGA-4V-A9QM-01A,1.0,0.0,0.0,0.0,0.0
13,17394135,-,13,17395505,+,THYM,238,TCGA-4V-A9QM-01A,TCGA-4V-A9QM-01A,1.0,0.0,0.0,0.0,0.0
15,17502963,-,15,17504168,+,THYM,239,TCGA-4V-A9QM-01A,TCGA-4V-A9QM-01A,1.0,0.0,0.0,0.0,0.0
16,36040421,-,16,36041493,+,THYM,240,TCGA-4V-A9QM-01A,TCGA-4V-A9QM-01A,1.0,0.0,0.0,0.0,0.0
2,92343268,-,2,92344769,+,THYM,241,TCGA-4V-A9QM-01A,TCGA-4V-A9QM-01A,1.0,0.0,0.0,0.0,0.0
2,92421751,-,2,92422768,+,THYM,242,TCGA-4V-A9QM-01A,TCGA-4V-A9QM-01A,1.0,0.0,0.0,0.0,0.0
2,92614896,-,2,92616502,+,THYM,243,TCGA-4V-A9QM-01A,TCGA-4V-A9QM-01A,1.0,0.0,0.0,0.0,0.0
2,92935597,-,2,92936810,+,THYM,244,TCGA-4V-A9QM-01A,TCGA-4V-A9QM-01A,1.0,0.0,0.0,0.0,0.0
2,92997779,-,2,92998528,+,THYM,245,TCGA-4V-A9QM-01A,TCGA-4V-A9QM-01A,1.0,0.0,0.0,0.0,0.0
2,94051411,-,2,94052941,+,THYM,246,TCGA-4V-A9QM-01A,TCGA-4V-A9QM-01A,1.0,0.0,0.0,0.0,0.0
2,94067182,-,2,94069043,+,THYM,247,TCGA-4V-A9QM-01A,TCGA-4V-A9QM-01A,1.0,0.0,0.0,0.0,0.0
20,26514190,-,20,26515027,+,THYM,248,TCGA-4V-A9QM-01A,TCGA-4V-A9QM-01A,1.0,0.0,0.0,0.0,0.0
20,29257594,-,20,29259001,+,THYM,249,TCGA-4V-A9QM-01A,TCGA-4V-A9QM-01A,1.0,0.0,0.0,0.0,0.0
20,29837588,-,20,29838596,+,THYM,250,TCGA-4V-A9QM-01A,TCGA-4V-A9QM-01A,1.0,0.0,0.0,0.0,0.0
20,29926703,-,20,29928247,+,THYM,251,TCGA-4V-A9QM-01A,TCGA-4V-A9QM-01A,1.0,0.0,0.0,0.0,0.0
20,29955753,-,20,29957971,+,THYM,252,TCGA-4V-A9QM-01A,TCGA-4V-A9QM-01A,1.0,0.0,0.0,0.0,0.0
3,90521786,-,3,90522633,+,THYM,253,TCGA-4V-A9QM-01A,TCGA-4V-A9QM-01A,1.0,0.0,0.0,0.0,0.0
3,91011833,+,3,91282135,+,THYM,254,TCGA-4V-A9QM-01A,TCGA-4V-A9QM-01A,1.0,0.0,0.0,0.0,0.0
4,50219362,-,4,50220671,+,THYM,255,TCGA-4V-A9QM-01A,TCGA-4V-A9QM-01A,1.0,0.0,0.0,0.0,0.0
6,59575024,-,6,59576901,+,THYM,256,TCGA-4V-A9QM-01A,TCGA-4V-A9QM-01A,1.0,0.0,0.0,0.0,0.0
7,57926273,-,7,57927539,+,THYM,257,TCGA-4V-A9QM-01A,TCGA-4V-A9QM-01A,1.0,0.0,0.0,0.0,0.0
7,61488280,+,7,61515419,-,THYM,258,TCGA-4V-A9QM-01A,TCGA-4V-A9QM-01A,1.0,0.0,0.0,0.0,0.0
9,94672335,+,23,40204030,+,THYM,259,TCGA-4V-A9QM-01A,TCGA-4V-A9QM-01A,1.0,0.0,0.0,0.0,0.0
23,62513619,-,23,62514959,+,THYM,260,TCGA-4V-A9QM-01A,TCGA-4V-A9QM-01A,1.0,0.0,0.0,0.0,0.0
24,10071343,-,24,10072522,+,THYM,261,TCGA-4V-A9QM-01A,TCGA-4V-A9QM-01A,1.0,0.0,0.0,0.0,0.0
12,99018334,-,12,99272047,+,THYM,262,TCGA-4V-A9QN-01A,TCGA-4V-A9QN-01A,1.0,0.0,0.0,0.0,0.0
13,16342318,+,13,17296880,-,THYM,263,TCGA-4V-A9QN-01A,TCGA-4V-A9QN-01A,1.0,0.0,0.0,0.0,0.0
14,102095077,+,16,1871994,+,THYM,264,TCGA-4V-A9QN-01A,TCGA-4V-A9QN-01A,1.0,0.0,0.0,0.0,0.0
2,92226624,-,2,93094835,+,THYM,265,TCGA-4V-A9QN-01A,TCGA-4V-A9QN-01A,1.0,0.0,0.0,0.0,0.0
2,140666438,-,2,141011871,+,THYM,266,TCGA-4V-A9QN-01A,TCGA-4V-A9QN-01A,1.0,0.0,0.0,0.0,0.0
2,212003175,-,19,16063619,+,THYM,267,TCGA-4V-A9QN-01A,TCGA-4V-A9QN-01A,1.0,0.0,0.0,0.0,0.0
3,20414030,-,3,84012329,-,THYM,268,TCGA-4V-A9QN-01A,TCGA-4V-A9QN-01A,1.0,0.0,0.0,0.0,0.0
3,20414032,+,3,21936951,+,THYM,269,TCGA-4V-A9QN-01A,TCGA-4V-A9QN-01A,1.0,0.0,0.0,0.0,0.0
3,21922264,+,3,21934467,-,THYM,270,TCGA-4V-A9QN-01A,TCGA-4V-A9QN-01A,1.0,0.0,0.0,0.0,0.0
3,91033797,-,3,91167240,+,THYM,271,TCGA-4V-A9QN-01A,TCGA-4V-A9QN-01A,1.0,0.0,0.0,0.0,0.0
3,91047761,+,3,91225176,-,THYM,272,TCGA-4V-A9QN-01A,TCGA-4V-A9QN-01A,1.0,0.0,0.0,0.0,0.0
3,152686004,+,3,152694906,-,THYM,273,TCGA-4V-A9QN-01A,TCGA-4V-A9QN-01A,1.0,0.0,0.0,0.0,0.0
3,155814149,-,3,155945146,-,THYM,274,TCGA-4V-A9QN-01A,TCGA-4V-A9QN-01A,1.0,0.0,0.0,0.0,0.0
3,158891870,+,6,27029444,-,THYM,275,TCGA-4V-A9QN-01A,TCGA-4V-A9QN-01A,1.0,0.0,0.0,0.0,0.0
4,2807278,+,10,86210806,+,THYM,276,TCGA-4V-A9QN-01A,TCGA-4V-A9QN-01A,1.0,0.0,0.0,0.0,0.0
4,156153109,+,4,156165271,-,THYM,277,TCGA-4V-A9QN-01A,TCGA-4V-A9QN-01A,1.0,0.0,0.0,0.0,0.0
4,177392620,+,5,169658983,-,THYM,278,TCGA-4V-A9QN-01A,TCGA-4V-A9QN-01A,1.0,0.0,0.0,0.0,0.0
5,46539069,-,5,46550457,+,THYM,279,TCGA-4V-A9QN-01A,TCGA-4V-A9QN-01A,1.0,0.0,0.0,0.0,0.0
5,75409182,+,5,75548192,-,THYM,280,TCGA-4V-A9QN-01A,TCGA-4V-A9QN-01A,1.0,0.0,0.0,0.0,0.0
6,57506191,-,6,60399075,+,THYM,281,TCGA-4V-A9QN-01A,TCGA-4V-A9QN-01A,1.0,0.0,0.0,0.0,0.0
7,58198022,-,7,61968736,+,THYM,282,TCGA-4V-A9QN-01A,TCGA-4V-A9QN-01A,1.0,0.0,0.0,0.0,0.0
9,113406727,+,9,113407193,-,THYM,283,TCGA-4V-A9QN-01A,TCGA-4V-A9QN-01A,1.0,0.0,0.0,0.0,0.0
11,54357341,+,11,54389009,-,THYM,284,TCGA-4V-A9QQ-01A,TCGA-4V-A9QQ-01A,1.0,0.0,0.0,0.0,0.0
14,55658296,+,17,68972158,-,THYM,285,TCGA-4V-A9QQ-01A,TCGA-4V-A9QQ-01A,1.0,0.0,0.0,0.0,0.0
16,71411683,+,16,72479195,-,THYM,286,TCGA-4V-A9QQ-01A,TCGA-4V-A9QQ-01A,1.0,0.0,0.0,0.0,0.0
18,18957974,-,18,19705840,+,THYM,287,TCGA-4V-A9QQ-01A,TCGA-4V-A9QQ-01A,1.0,0.0,0.0,0.0,0.0
2,92308705,-,2,93108625,+,THYM,288,TCGA-4V-A9QQ-01A,TCGA-4V-A9QQ-01A,1.0,0.0,0.0,0.0,0.0
2,240784402,+,2,241629514,-,THYM,289,TCGA-4V-A9QQ-01A,TCGA-4V-A9QQ-01A,1.0,0.0,0.0,0.0,0.0
20,29997427,+,20,30021313,-,THYM,290,TCGA-4V-A9QQ-01A,TCGA-4V-A9QQ-01A,1.0,0.0,0.0,0.0,0.0
3,91045862,-,3,91261551,-,THYM,291,TCGA-4V-A9QQ-01A,TCGA-4V-A9QQ-01A,1.0,0.0,0.0,0.0,0.0
5,11879341,-,8,98073540,+,THYM,292,TCGA-4V-A9QQ-01A,TCGA-4V-A9QQ-01A,1.0,0.0,0.0,0.0,0.0
6,63997283,+,12,31224789,+,THYM,293,TCGA-4V-A9QQ-01A,TCGA-4V-A9QQ-01A,1.0,0.0,0.0,0.0,0.0
8,71452969,+,8,124726821,-,THYM,294,TCGA-4V-A9QQ-01A,TCGA-4V-A9QQ-01A,1.0,0.0,0.0,0.0,0.0
9,34416309,+,10,118248455,-,THYM,295,TCGA-4V-A9QQ-01A,TCGA-4V-A9QQ-01A,1.0,0.0,0.0,0.0,0.0
9,43399674,-,9,43400256,+,THYM,296,TCGA-4V-A9QQ-01A,TCGA-4V-A9QQ-01A,1.0,0.0,0.0,0.0,0.0
1,15503385,+,1,235991785,+,THYM,297,TCGA-4V-A9QR-01A,TCGA-4V-A9QR-01A,1.0,0.0,0.0,0.0,0.0
1,163059184,+,5,166005959,-,THYM,298,TCGA-4V-A9QR-01A,TCGA-4V-A9QR-01A,1.0,0.0,0.0,0.0,0.0
1,234207285,-,23,20573329,+,THYM,299,TCGA-4V-A9QR-01A,TCGA-4V-A9QR-01A,1.0,0.0,0.0,0.0,0.0
10,39561317,-,10,41709050,+,THYM,300,TCGA-4V-A9QR-01A,TCGA-4V-A9QR-01A,1.0,0.0,0.0,0.0,0.0
11,32695287,+,11,32697623,+,THYM,301,TCGA-4V-A9QR-01A,TCGA-4V-A9QR-01A,1.0,0.0,0.0,0.0,0.0
15,25522394,+,15,25523349,-,THYM,302,TCGA-4V-A9QR-01A,TCGA-4V-A9QR-01A,1.0,0.0,0.0,0.0,0.0
15,28919517,+,23,40408779,-,THYM,303,TCGA-4V-A9QR-01A,TCGA-4V-A9QR-01A,1.0,0.0,0.0,0.0,0.0
15,28923392,-,23,19862404,-,THYM,304,TCGA-4V-A9QR-01A,TCGA-4V-A9QR-01A,1.0,0.0,0.0,0.0,0.0
15,29934811,+,23,87125763,-,THYM,305,TCGA-4V-A9QR-01A,TCGA-4V-A9QR-01A,1.0,0.0,0.0,0.0,0.0
15,53624029,+,15,85067682,+,THYM,306,TCGA-4V-A9QR-01A,TCGA-4V-A9QR-01A,1.0,0.0,0.0,0.0,0.0
15,53692405,-,23,35896718,-,THYM,307,TCGA-4V-A9QR-01A,TCGA-4V-A9QR-01A,1.0,0.0,0.0,0.0,0.0
15,55485868,+,23,24664716,+,THYM,308,TCGA-4V-A9QR-01A,TCGA-4V-A9QR-01A,1.0,0.0,0.0,0.0,0.0
15,59729460,-,15,85070009,-,THYM,309,TCGA-4V-A9QR-01A,TCGA-4V-A9QR-01A,1.0,0.0,0.0,0.0,0.0
15,60836497,+,23,86026646,-,THYM,310,TCGA-4V-A9QR-01A,TCGA-4V-A9QR-01A,1.0,0.0,0.0,0.0,0.0
15,62547350,-,23,35899120,+,THYM,311,TCGA-4V-A9QR-01A,TCGA-4V-A9QR-01A,1.0,0.0,0.0,0.0,0.0
15,65130456,+,23,7840852,-,THYM,312,TCGA-4V-A9QR-01A,TCGA-4V-A9QR-01A,1.0,0.0,0.0,0.0,0.0
15,72321809,+,15,72323365,+,THYM,313,TCGA-4V-A9QR-01A,TCGA-4V-A9QR-01A,1.0,0.0,0.0,0.0,0.0
15,72322727,+,23,125460384,-,THYM,314,TCGA-4V-A9QR-01A,TCGA-4V-A9QR-01A,1.0,0.0,0.0,0.0,0.0
15,72340019,-,23,7829938,+,THYM,315,TCGA-4V-A9QR-01A,TCGA-4V-A9QR-01A,1.0,0.0,0.0,0.0,0.0
15,73023624,+,23,43001174,+,THYM,316,TCGA-4V-A9QR-01A,TCGA-4V-A9QR-01A,1.0,0.0,0.0,0.0,0.0
15,78277400,+,15,78278005,-,THYM,317,TCGA-4V-A9QR-01A,TCGA-4V-A9QR-01A,1.0,0.0,0.0,0.0,0.0
15,83301948,+,23,23317601,-,THYM,318,TCGA-4V-A9QR-01A,TCGA-4V-A9QR-01A,1.0,0.0,0.0,0.0,0.0
15,83304974,-,23,124664889,+,THYM,319,TCGA-4V-A9QR-01A,TCGA-4V-A9QR-01A,1.0,0.0,0.0,0.0,0.0
15,89856184,+,15,89858010,-,THYM,320,TCGA-4V-A9QR-01A,TCGA-4V-A9QR-01A,1.0,0.0,0.0,0.0,0.0
15,98533984,+,23,80896492,-,THYM,321,TCGA-4V-A9QR-01A,TCGA-4V-A9QR-01A,1.0,0.0,0.0,0.0,0.0
2,202070824,+,2,202085357,-,THYM,322,TCGA-4V-A9QR-01A,TCGA-4V-A9QR-01A,1.0,0.0,0.0,0.0,0.0
20,26481024,-,20,26571080,+,THYM,323,TCGA-4V-A9QR-01A,TCGA-4V-A9QR-01A,1.0,0.0,0.0,0.0,0.0
5,7994440,-,5,45273996,-,THYM,324,TCGA-4V-A9QR-01A,TCGA-4V-A9QR-01A,1.0,0.0,0.0,0.0,0.0
5,7994731,+,5,45176721,+,THYM,325,TCGA-4V-A9QR-01A,TCGA-4V-A9QR-01A,1.0,0.0,0.0,0.0,0.0
5,7994767,+,5,8096825,-,THYM,326,TCGA-4V-A9QR-01A,TCGA-4V-A9QR-01A,1.0,0.0,0.0,0.0,0.0
5,44915405,+,5,44919253,-,THYM,327,TCGA-4V-A9QR-01A,TCGA-4V-A9QR-01A,1.0,0.0,0.0,0.0,0.0
7,46806525,+,23,1030242,-,THYM,328,TCGA-4V-A9QR-01A,TCGA-4V-A9QR-01A,1.0,0.0,0.0,0.0,0.0
23,9386135,+,23,9386689,-,THYM,329,TCGA-4V-A9QR-01A,TCGA-4V-A9QR-01A,1.0,0.0,0.0,0.0,0.0
23,15490765,+,23,85756825,-,THYM,330,TCGA-4V-A9QR-01A,TCGA-4V-A9QR-01A,1.0,0.0,0.0,0.0,0.0
23,19859816,+,23,35897995,+,THYM,331,TCGA-4V-A9QR-01A,TCGA-4V-A9QR-01A,1.0,0.0,0.0,0.0,0.0
23,23310825,+,23,82656330,-,THYM,332,TCGA-4V-A9QR-01A,TCGA-4V-A9QR-01A,1.0,0.0,0.0,0.0,0.0
23,23875849,+,23,34611597,+,THYM,333,TCGA-4V-A9QR-01A,TCGA-4V-A9QR-01A,1.0,0.0,0.0,0.0,0.0
23,24154113,-,23,24670547,-,THYM,334,TCGA-4V-A9QR-01A,TCGA-4V-A9QR-01A,1.0,0.0,0.0,0.0,0.0
23,35898517,-,23,108007457,-,THYM,335,TCGA-4V-A9QR-01A,TCGA-4V-A9QR-01A,1.0,0.0,0.0,0.0,0.0
23,47747365,+,23,47748773,-,THYM,336,TCGA-4V-A9QR-01A,TCGA-4V-A9QR-01A,1.0,0.0,0.0,0.0,0.0
23,63424715,+,23,85327284,+,THYM,337,TCGA-4V-A9QR-01A,TCGA-4V-A9QR-01A,1.0,0.0,0.0,0.0,0.0
23,86021447,+,23,151366540,-,THYM,338,TCGA-4V-A9QR-01A,TCGA-4V-A9QR-01A,1.0,0.0,0.0,0.0,0.0
23,107998870,+,23,128934841,+,THYM,339,TCGA-4V-A9QR-01A,TCGA-4V-A9QR-01A,1.0,0.0,0.0,0.0,0.0
23,111483881,+,23,124666617,-,THYM,340,TCGA-4V-A9QR-01A,TCGA-4V-A9QR-01A,1.0,0.0,0.0,0.0,0.0
23,125454177,+,23,132837738,+,THYM,341,TCGA-4V-A9QR-01A,TCGA-4V-A9QR-01A,1.0,0.0,0.0,0.0,0.0
1,122566249,+,1,123930456,-,THYM,342,TCGA-4V-A9QS-01A,TCGA-4V-A9QS-01A,1.0,0.0,0.0,0.0,0.0
1,171326315,-,1,190031754,+,THYM,343,TCGA-4V-A9QS-01A,TCGA-4V-A9QS-01A,1.0,0.0,0.0,0.0,0.0
1,171327069,+,6,54292614,-,THYM,344,TCGA-4V-A9QS-01A,TCGA-4V-A9QS-01A,1.0,0.0,0.0,0.0,0.0
1,229417517,-,23,109183041,+,THYM,345,TCGA-4V-A9QS-01A,TCGA-4V-A9QS-01A,1.0,0.0,0.0,0.0,0.0
12,88400160,+,23,32123198,-,THYM,346,TCGA-4V-A9QS-01A,TCGA-4V-A9QS-01A,1.0,0.0,0.0,0.0,0.0
13,16610238,-,13,16665310,+,THYM,347,TCGA-4V-A9QS-01A,TCGA-4V-A9QS-01A,1.0,0.0,0.0,0.0,0.0
14,68794816,-,16,53010785,-,THYM,348,TCGA-4V-A9QS-01A,TCGA-4V-A9QS-01A,1.0,0.0,0.0,0.0,0.0
17,22913369,-,17,23193130,+,THYM,349,TCGA-4V-A9QS-01A,TCGA-4V-A9QS-01A,1.0,0.0,0.0,0.0,0.0
18,15754790,-,18,20640689,+,THYM,350,TCGA-4V-A9QS-01A,TCGA-4V-A9QS-01A,1.0,0.0,0.0,0.0,0.0
18,20585614,-,18,20799352,-,THYM,351,TCGA-4V-A9QS-01A,TCGA-4V-A9QS-01A,1.0,0.0,0.0,0.0,0.0
3,93770037,+,3,94839093,-,THYM,352,TCGA-4V-A9QS-01A,TCGA-4V-A9QS-01A,1.0,0.0,0.0,0.0,0.0
3,157972204,-,5,18435528,+,THYM,353,TCGA-4V-A9QS-01A,TCGA-4V-A9QS-01A,1.0,0.0,0.0,0.0,0.0
5,58519277,+,8,38240278,-,THYM,354,TCGA-4V-A9QS-01A,TCGA-4V-A9QS-01A,1.0,0.0,0.0,0.0,0.0
7,67649633,-,23,48811701,+,THYM,355,TCGA-4V-A9QS-01A,TCGA-4V-A9QS-01A,1.0,0.0,0.0,0.0,0.0
7,106460880,+,23,102055742,-,THYM,356,TCGA-4V-A9QS-01A,TCGA-4V-A9QS-01A,1.0,0.0,0.0,0.0,0.0
8,41400868,-,8,43275765,+,THYM,357,TCGA-4V-A9QS-01A,TCGA-4V-A9QS-01A,1.0,0.0,0.0,0.0,0.0
1,122262387,+,1,122348290,-,THYM,358,TCGA-4V-A9QT-01A,TCGA-4V-A9QT-01A,1.0,0.0,0.0,0.0,0.0
13,18746314,-,20,30632651,+,THYM,359,TCGA-4V-A9QT-01A,TCGA-4V-A9QT-01A,1.0,0.0,0.0,0.0,0.0
18,15470431,-,18,15686675,+,THYM,360,TCGA-4V-A9QT-01A,TCGA-4V-A9QT-01A,1.0,0.0,0.0,0.0,0.0
2,162314486,+,17,41450116,+,THYM,361,TCGA-4V-A9QT-01A,TCGA-4V-A9QT-01A,1.0,0.0,0.0,0.0,0.0
3,90784797,-,3,91066797,+,THYM,362,TCGA-4V-A9QT-01A,TCGA-4V-A9QT-01A,1.0,0.0,0.0,0.0,0.0
5,46434013,-,5,46504935,-,THYM,363,TCGA-4V-A9QT-01A,TCGA-4V-A9QT-01A,1.0,0.0,0.0,0.0,0.0
6,165544821,-,18,25117083,+,THYM,364,TCGA-4V-A9QT-01A,TCGA-4V-A9QT-01A,1.0,0.0,0.0,0.0,0.0
9,119837241,+,10,109748898,+,THYM,365,TCGA-4V-A9QT-01A,TCGA-4V-A9QT-01A,1.0,0.0,0.0,0.0,0.0
1,26639459,-,2,136027209,+,THYM,366,TCGA-4V-A9QU-01A,TCGA-4V-A9QU-01A,1.0,0.0,0.0,0.0,0.0
1,123660865,-,1,123685888,+,THYM,367,TCGA-4V-A9QU-01A,TCGA-4V-A9QU-01A,1.0,0.0,0.0,0.0,0.0
18,15573736,-,18,15679362,+,THYM,368,TCGA-4V-A9QU-01A,TCGA-4V-A9QU-01A,1.0,0.0,0.0,0.0,0.0
2,138610074,+,5,40273554,-,THYM,369,TCGA-4V-A9QU-01A,TCGA-4V-A9QU-01A,1.0,0.0,0.0,0.0,0.0
2,151773947,+,23,71964000,-,THYM,370,TCGA-4V-A9QU-01A,TCGA-4V-A9QU-01A,1.0,0.0,0.0,0.0,0.0
2,222265691,+,4,81092466,-,THYM,371,TCGA-4V-A9QU-01A,TCGA-4V-A9QU-01A,1.0,0.0,0.0,0.0,0.0
3,155814046,-,3,155945162,-,THYM,372,TCGA-4V-A9QU-01A,TCGA-4V-A9QU-01A,1.0,0.0,0.0,0.0,0.0
4,50857712,-,4,51482212,+,THYM,373,TCGA-4V-A9QU-01A,TCGA-4V-A9QU-01A,1.0,0.0,0.0,0.0,0.0
7,58174862,-,7,60121768,+,THYM,374,TCGA-4V-A9QU-01A,TCGA-4V-A9QU-01A,1.0,0.0,0.0,0.0,0.0
7,75564296,+,17,7679345,-,THYM,375,TCGA-4V-A9QU-01A,TCGA-4V-A9QU-01A,1.0,0.0,0.0,0.0,0.0
8,64468078,+,8,64469618,-,THYM,376,TCGA-4V-A9QU-01A,TCGA-4V-A9QU-01A,1.0,0.0,0.0,0.0,0.0
1,122055193,-,1,122168573,+,THYM,377,TCGA-4V-A9QW-01A,TCGA-4V-A9QW-01A,1.0,0.0,0.0,0.0,0.0
11,54358794,-,11,54407116,+,THYM,378,TCGA-4V-A9QW-01A,TCGA-4V-A9QW-01A,1.0,0.0,0.0,0.0,0.0
12,36468206,-,12,37126780,+,THYM,379,TCGA-4V-A9QW-01A,TCGA-4V-A9QW-01A,1.0,0.0,0.0,0.0,0.0
15,96277224,+,15,96325054,-,THYM,380,TCGA-4V-A9QW-01A,TCGA-4V-A9QW-01A,1.0,0.0,0.0,0.0,0.0
18,15580286,+,18,15685691,-,THYM,381,TCGA-4V-A9QW-01A,TCGA-4V-A9QW-01A,1.0,0.0,0.0,0.0,0.0
19,21264360,+,19,21265772,-,THYM,382,TCGA-4V-A9QW-01A,TCGA-4V-A9QW-01A,1.0,0.0,0.0,0.0,0.0
2,92997791,-,2,93533053,+,THYM,383,TCGA-4V-A9QW-01A,TCGA-4V-A9QW-01A,1.0,0.0,0.0,0.0,0.0
2,141517289,+,8,18991338,-,THYM,384,TCGA-4V-A9QW-01A,TCGA-4V-A9QW-01A,1.0,0.0,0.0,0.0,0.0
3,90408001,-,3,90410130,+,THYM,385,TCGA-4V-A9QW-01A,TCGA-4V-A9QW-01A,1.0,0.0,0.0,0.0,0.0
3,91011846,+,3,91282140,+,THYM,386,TCGA-4V-A9QW-01A,TCGA-4V-A9QW-01A,1.0,0.0,0.0,0.0,0.0
3,91024180,-,3,91212067,+,THYM,387,TCGA-4V-A9QW-01A,TCGA-4V-A9QW-01A,1.0,0.0,0.0,0.0,0.0
9,136185634,+,9,136372697,-,THYM,388,TCGA-4V-A9QW-01A,TCGA-4V-A9QW-01A,1.0,0.0,0.0,0.0,0.0
13,17082844,+,13,17125990,-,THYM,389,TCGA-4V-A9QX-01A,TCGA-4V-A9QX-01A,1.0,0.0,0.0,0.0,0.0
17,7383277,+,22,38887325,+,THYM,390,TCGA-4V-A9QX-01A,TCGA-4V-A9QX-01A,1.0,0.0,0.0,0.0,0.0
17,8543637,-,22,22589367,-,THYM,391,TCGA-4V-A9QX-01A,TCGA-4V-A9QX-01A,1.0,0.0,0.0,0.0,0.0
17,8554007,+,17,14934579,-,THYM,392,TCGA-4V-A9QX-01A,TCGA-4V-A9QX-01A,1.0,0.0,0.0,0.0,0.0
17,13189295,+,22,24735580,+,THYM,393,TCGA-4V-A9QX-01A,TCGA-4V-A9QX-01A,1.0,0.0,0.0,0.0,0.0
17,13240423,-,22,16980898,+,THYM,394,TCGA-4V-A9QX-01A,TCGA-4V-A9QX-01A,1.0,0.0,0.0,0.0,0.0
18,15481531,-,18,15536227,+,THYM,395,TCGA-4V-A9QX-01A,TCGA-4V-A9QX-01A,1.0,0.0,0.0,0.0,0.0
22,16414691,-,22,16793080,-,THYM,396,TCGA-4V-A9QX-01A,TCGA-4V-A9QX-01A,1.0,0.0,0.0,0.0,0.0
22,16420134,+,22,21082472,-,THYM,397,TCGA-4V-A9QX-01A,TCGA-4V-A9QX-01A,1.0,0.0,0.0,0.0,0.0
22,19679039,+,22,22576038,+,THYM,398,TCGA-4V-A9QX-01A,TCGA-4V-A9QX-01A,1.0,0.0,0.0,0.0,0.0
22,21574741,+,22,22476277,-,THYM,399,TCGA-4V-A9QX-01A,TCGA-4V-A9QX-01A,1.0,0.0,0.0,0.0,0.0
3,90813996,-,3,91133491,+,THYM,400,TCGA-4V-A9QX-01A,TCGA-4V-A9QX-01A,1.0,0.0,0.0,0.0,0.0
3,90983131,-,3,91194733,+,THYM,401,TCGA-4V-A9QX-01A,TCGA-4V-A9QX-01A,1.0,0.0,0.0,0.0,0.0
3,167400274,+,3,168886880,-,THYM,402,TCGA-4V-A9QX-01A,TCGA-4V-A9QX-01A,1.0,0.0,0.0,0.0,0.0
3,188731541,+,17,2080123,+,THYM,403,TCGA-4V-A9QX-01A,TCGA-4V-A9QX-01A,1.0,0.0,0.0,0.0,0.0
4,62634651,+,4,87082433,+,THYM,404,TCGA-4V-A9QX-01A,TCGA-4V-A9QX-01A,1.0,0.0,0.0,0.0,0.0
5,49786293,+,5,49889901,-,THYM,405,TCGA-4V-A9QX-01A,TCGA-4V-A9QX-01A,1.0,0.0,0.0,0.0,0.0
6,132585601,+,6,133161089,-,THYM,406,TCGA-4V-A9QX-01A,TCGA-4V-A9QX-01A,1.0,0.0,0.0,0.0,0.0
9,43650577,-,9,44369907,+,THYM,407,TCGA-4V-A9QX-01A,TCGA-4V-A9QX-01A,1.0,0.0,0.0,0.0,0.0
14,22423042,+,14,22449115,-,THYM,408,TCGA-4X-A9F9-01A,TCGA-4X-A9F9-01A,1.0,0.0,0.0,0.0,0.0
14,106062112,+,14,106537807,-,THYM,409,TCGA-4X-A9F9-01A,TCGA-4X-A9F9-01A,1.0,0.0,0.0,0.0,0.0
5,90970582,-,15,55144083,+,THYM,410,TCGA-4X-A9F9-01A,TCGA-4X-A9F9-01A,1.0,0.0,0.0,0.0,0.0
7,58026649,-,12,37294656,+,THYM,411,TCGA-4X-A9F9-01A,TCGA-4X-A9F9-01A,1.0,0.0,0.0,0.0,0.0
8,87428419,-,18,43735179,+,THYM,412,TCGA-4X-A9F9-01A,TCGA-4X-A9F9-01A,1.0,0.0,0.0,0.0,0.0
16,36339927,-,16,38120695,+,THYM,413,TCGA-4X-A9FA-01A,TCGA-4X-A9FA-01A,1.0,0.0,0.0,0.0,0.0
2,41852688,+,2,71146353,+,THYM,414,TCGA-4X-A9FA-01A,TCGA-4X-A9FA-01A,1.0,0.0,0.0,0.0,0.0
3,91017389,+,3,91208393,-,THYM,415,TCGA-4X-A9FA-01A,TCGA-4X-A9FA-01A,1.0,0.0,0.0,0.0,0.0
5,104552162,+,10,53128217,-,THYM,416,TCGA-4X-A9FA-01A,TCGA-4X-A9FA-01A,1.0,0.0,0.0,0.0,0.0
9,45187554,-,9,45188095,+,THYM,417,TCGA-4X-A9FA-01A,TCGA-4X-A9FA-01A,1.0,0.0,0.0,0.0,0.0
14,22304551,+,14,22477711,-,THYM,418,TCGA-4X-A9FB-01A,TCGA-4X-A9FB-01A,1.0,0.0,0.0,0.0,0.0
20,29742583,+,22,11631288,+,THYM,419,TCGA-4X-A9FB-01A,TCGA-4X-A9FB-01A,1.0,0.0,0.0,0.0,0.0
3,90577028,+,3,90580078,-,THYM,420,TCGA-4X-A9FB-01A,TCGA-4X-A9FB-01A,1.0,0.0,0.0,0.0,0.0
3,90828788,+,3,90994396,-,THYM,421,TCGA-4X-A9FB-01A,TCGA-4X-A9FB-01A,1.0,0.0,0.0,0.0,0.0
3,126001319,+,14,40608058,+,THYM,422,TCGA-4X-A9FB-01A,TCGA-4X-A9FB-01A,1.0,0.0,0.0,0.0,0.0
4,50344280,-,4,50849372,+,THYM,423,TCGA-4X-A9FB-01A,TCGA-4X-A9FB-01A,1.0,0.0,0.0,0.0,0.0
4,133875806,+,5,166941614,-,THYM,424,TCGA-4X-A9FB-01A,TCGA-4X-A9FB-01A,1.0,0.0,0.0,0.0,0.0
1,124673846,-,1,124674386,+,THYM,425,TCGA-4X-A9FC-01A,TCGA-4X-A9FC-01A,1.0,0.0,0.0,0.0,0.0
3,129431324,+,3,136041959,-,THYM,426,TCGA-4X-A9FC-01A,TCGA-4X-A9FC-01A,1.0,0.0,0.0,0.0,0.0
3,135564206,-,7,39485026,+,THYM,427,TCGA-4X-A9FC-01A,TCGA-4X-A9FC-01A,1.0,0.0,0.0,0.0,0.0
4,49850277,+,4,51561409,-,THYM,428,TCGA-4X-A9FC-01A,TCGA-4X-A9FC-01A,1.0,0.0,0.0,0.0,0.0
6,4201058,+,6,11847731,-,THYM,429,TCGA-4X-A9FC-01A,TCGA-4X-A9FC-01A,1.0,0.0,0.0,0.0,0.0
7,75790178,-,19,8981927,-,THYM,430,TCGA-4X-A9FC-01A,TCGA-4X-A9FC-01A,1.0,0.0,0.0,0.0,0.0
1,77433678,+,8,133313014,+,THYM,431,TCGA-4X-A9FD-01A,TCGA-4X-A9FD-01A,1.0,0.0,0.0,0.0,0.0
15,17042586,+,20,28934169,+,THYM,432,TCGA-4X-A9FD-01A,TCGA-4X-A9FD-01A,1.0,0.0,0.0,0.0,0.0
16,50212836,+,23,145862438,-,THYM,433,TCGA-4X-A9FD-01A,TCGA-4X-A9FD-01A,1.0,0.0,0.0,0.0,0.0
19,14090050,-,22,20450127,+,THYM,434,TCGA-4X-A9FD-01A,TCGA-4X-A9FD-01A,1.0,0.0,0.0,0.0,0.0
2,92383116,-,2,93197060,+,THYM,435,TCGA-4X-A9FD-01A,TCGA-4X-A9FD-01A,1.0,0.0,0.0,0.0,0.0
3,76432423,-,4,52840742,-,THYM,436,TCGA-4X-A9FD-01A,TCGA-4X-A9FD-01A,1.0,0.0,0.0,0.0,0.0
5,49834736,+,5,49905211,-,THYM,437,TCGA-4X-A9FD-01A,TCGA-4X-A9FD-01A,1.0,0.0,0.0,0.0,0.0
6,61425033,+,12,34680590,-,THYM,438,TCGA-4X-A9FD-01A,TCGA-4X-A9FD-01A,1.0,0.0,0.0,0.0,0.0
9,21920472,+,9,22111034,-,THYM,439,TCGA-4X-A9FD-01A,TCGA-4X-A9FD-01A,1.0,0.0,0.0,0.0,0.0
23,137398431,+,23,137400303,-,THYM,440,TCGA-4X-A9FD-01A,TCGA-4X-A9FD-01A,1.0,0.0,0.0,0.0,0.0
2,10371436,-,2,222866745,-,THYM,441,TCGA-5G-A9ZZ-01A,TCGA-5G-A9ZZ-01A,1.0,0.0,0.0,0.0,0.0
2,93315253,-,2,93680577,+,THYM,442,TCGA-5G-A9ZZ-01A,TCGA-5G-A9ZZ-01A,1.0,0.0,0.0,0.0,0.0
2,94567559,+,15,19818827,-,THYM,443,TCGA-5G-A9ZZ-01A,TCGA-5G-A9ZZ-01A,1.0,0.0,0.0,0.0,0.0
20,30027165,-,20,30031564,+,THYM,444,TCGA-5G-A9ZZ-01A,TCGA-5G-A9ZZ-01A,1.0,0.0,0.0,0.0,0.0
3,91091180,-,3,91225505,+,THYM,445,TCGA-5G-A9ZZ-01A,TCGA-5G-A9ZZ-01A,1.0,0.0,0.0,0.0,0.0
3,91558830,+,3,93579136,-,THYM,446,TCGA-5G-A9ZZ-01A,TCGA-5G-A9ZZ-01A,1.0,0.0,0.0,0.0,0.0
3,133342557,-,13,69348015,+,THYM,447,TCGA-5G-A9ZZ-01A,TCGA-5G-A9ZZ-01A,1.0,0.0,0.0,0.0,0.0
5,19353783,+,7,67979880,+,THYM,448,TCGA-5G-A9ZZ-01A,TCGA-5G-A9ZZ-01A,1.0,0.0,0.0,0.0,0.0
5,156624707,+,5,156803695,-,THYM,449,TCGA-5G-A9ZZ-01A,TCGA-5G-A9ZZ-01A,1.0,0.0,0.0,0.0,0.0
6,147611150,+,23,40048042,+,THYM,450,TCGA-5G-A9ZZ-01A,TCGA-5G-A9ZZ-01A,1.0,0.0,0.0,0.0,0.0
9,21838348,+,9,22428588,-,THYM,451,TCGA-5G-A9ZZ-01A,TCGA-5G-A9ZZ-01A,1.0,0.0,0.0,0.0,0.0
1,6937609,-,16,86014135,+,THYM,452,TCGA-5K-AAAP-01A,TCGA-5K-AAAP-01A,1.0,0.0,0.0,0.0,0.0
10,19798366,+,10,19816538,-,THYM,453,TCGA-5K-AAAP-01A,TCGA-5K-AAAP-01A,1.0,0.0,0.0,0.0,0.0
17,399505,+,17,400215,-,THYM,454,TCGA-5K-AAAP-01A,TCGA-5K-AAAP-01A,1.0,0.0,0.0,0.0,0.0
2,226180823,+,2,226654729,-,THYM,455,TCGA-5K-AAAP-01A,TCGA-5K-AAAP-01A,1.0,0.0,0.0,0.0,0.0
2,227207011,+,2,234081171,+,THYM,456,TCGA-5K-AAAP-01A,TCGA-5K-AAAP-01A,1.0,0.0,0.0,0.0,0.0
2,229469247,-,2,238221539,+,THYM,457,TCGA-5K-AAAP-01A,TCGA-5K-AAAP-01A,1.0,0.0,0.0,0.0,0.0
2,229505031,+,2,236519968,-,THYM,458,TCGA-5K-AAAP-01A,TCGA-5K-AAAP-01A,1.0,0.0,0.0,0.0,0.0
2,229526571,-,2,234103169,-,THYM,459,TCGA-5K-AAAP-01A,TCGA-5K-AAAP-01A,1.0,0.0,0.0,0.0,0.0
2,229861382,+,2,236519226,+,THYM,460,TCGA-5K-AAAP-01A,TCGA-5K-AAAP-01A,1.0,0.0,0.0,0.0,0.0
2,233651454,-,2,234976085,-,THYM,461,TCGA-5K-AAAP-01A,TCGA-5K-AAAP-01A,1.0,0.0,0.0,0.0,0.0
2,234116202,+,2,235478662,+,THYM,462,TCGA-5K-AAAP-01A,TCGA-5K-AAAP-01A,1.0,0.0,0.0,0.0,0.0
2,235494229,-,2,236896344,+,THYM,463,TCGA-5K-AAAP-01A,TCGA-5K-AAAP-01A,1.0,0.0,0.0,0.0,0.0
2,237715434,-,2,242074089,-,THYM,464,TCGA-5K-AAAP-01A,TCGA-5K-AAAP-01A,1.0,0.0,0.0,0.0,0.0
20,26448384,-,20,26545412,+,THYM,465,TCGA-5K-AAAP-01A,TCGA-5K-AAAP-01A,1.0,0.0,0.0,0.0,0.0
20,29290753,-,24,10206452,-,THYM,466,TCGA-5K-AAAP-01A,TCGA-5K-AAAP-01A,1.0,0.0,0.0,0.0,0.0
22,19092325,+,22,29588199,-,THYM,467,TCGA-5K-AAAP-01A,TCGA-5K-AAAP-01A,1.0,0.0,0.0,0.0,0.0
22,38108004,+,22,40009702,+,THYM,468,TCGA-5K-AAAP-01A,TCGA-5K-AAAP-01A,1.0,0.0,0.0,0.0,0.0
22,39340110,-,22,48693093,-,THYM,469,TCGA-5K-AAAP-01A,TCGA-5K-AAAP-01A,1.0,0.0,0.0,0.0,0.0
22,40025179,-,22,49031283,-,THYM,470,TCGA-5K-AAAP-01A,TCGA-5K-AAAP-01A,1.0,0.0,0.0,0.0,0.0
22,44825776,+,22,48362381,-,THYM,471,TCGA-5K-AAAP-01A,TCGA-5K-AAAP-01A,1.0,0.0,0.0,0.0,0.0
22,46827510,-,22,48692535,+,THYM,472,TCGA-5K-AAAP-01A,TCGA-5K-AAAP-01A,1.0,0.0,0.0,0.0,0.0
22,48342869,+,22,49030403,+,THYM,473,TCGA-5K-AAAP-01A,TCGA-5K-AAAP-01A,1.0,0.0,0.0,0.0,0.0
22,50228835,+,22,50229690,-,THYM,474,TCGA-5K-AAAP-01A,TCGA-5K-AAAP-01A,1.0,0.0,0.0,0.0,0.0
3,98901170,+,3,98902015,-,THYM,475,TCGA-5K-AAAP-01A,TCGA-5K-AAAP-01A,1.0,0.0,0.0,0.0,0.0
5,1602634,+,5,1614819,-,THYM,476,TCGA-5K-AAAP-01A,TCGA-5K-AAAP-01A,1.0,0.0,0.0,0.0,0.0
5,1606889,-,5,2449272,+,THYM,477,TCGA-5K-AAAP-01A,TCGA-5K-AAAP-01A,1.0,0.0,0.0,0.0,0.0
5,1609901,+,5,2998378,-,THYM,478,TCGA-5K-AAAP-01A,TCGA-5K-AAAP-01A,1.0,0.0,0.0,0.0,0.0
5,22100687,+,7,125319596,-,THYM,479,TCGA-5K-AAAP-01A,TCGA-5K-AAAP-01A,1.0,0.0,0.0,0.0,0.0
5,47256229,-,19,24908099,+,THYM,480,TCGA-5K-AAAP-01A,TCGA-5K-AAAP-01A,1.0,0.0,0.0,0.0,0.0
6,169935,+,6,15718242,+,THYM,481,TCGA-5K-AAAP-01A,TCGA-5K-AAAP-01A,1.0,0.0,0.0,0.0,0.0
6,1991893,-,6,15291430,-,THYM,482,TCGA-5K-AAAP-01A,TCGA-5K-AAAP-01A,1.0,0.0,0.0,0.0,0.0
6,2040495,+,6,14902580,-,THYM,483,TCGA-5K-AAAP-01A,TCGA-5K-AAAP-01A,1.0,0.0,0.0,0.0,0.0
6,2075913,-,6,8002119,+,THYM,484,TCGA-5K-AAAP-01A,TCGA-5K-AAAP-01A,1.0,0.0,0.0,0.0,0.0
6,3882717,+,6,3939900,+,THYM,485,TCGA-5K-AAAP-01A,TCGA-5K-AAAP-01A,1.0,0.0,0.0,0.0,0.0
6,3910083,-,6,8467561,-,THYM,486,TCGA-5K-AAAP-01A,TCGA-5K-AAAP-01A,1.0,0.0,0.0,0.0,0.0
6,4275134,+,6,143422381,+,THYM,487,TCGA-5K-AAAP-01A,TCGA-5K-AAAP-01A,1.0,0.0,0.0,0.0,0.0
6,4282045,-,6,145964277,+,THYM,488,TCGA-5K-AAAP-01A,TCGA-5K-AAAP-01A,1.0,0.0,0.0,0.0,0.0
6,7213532,-,6,14635207,+,THYM,489,TCGA-5K-AAAP-01A,TCGA-5K-AAAP-01A,1.0,0.0,0.0,0.0,0.0
6,10441791,+,6,15255987,+,THYM,490,TCGA-5K-AAAP-01A,TCGA-5K-AAAP-01A,1.0,0.0,0.0,0.0,0.0
6,10445493,-,6,15734028,-,THYM,491,TCGA-5K-AAAP-01A,TCGA-5K-AAAP-01A,1.0,0.0,0.0,0.0,0.0
6,15332036,+,6,15355900,-,THYM,492,TCGA-5K-AAAP-01A,TCGA-5K-AAAP-01A,1.0,0.0,0.0,0.0,0.0
6,58900348,-,6,59663292,+,THYM,493,TCGA-5K-AAAP-01A,TCGA-5K-AAAP-01A,1.0,0.0,0.0,0.0,0.0
6,143480048,-,6,151456000,-,THYM,494,TCGA-5K-AAAP-01A,TCGA-5K-AAAP-01A,1.0,0.0,0.0,0.0,0.0
6,149705320,+,6,150600956,+,THYM,495,TCGA-5K-AAAP-01A,TCGA-5K-AAAP-01A,1.0,0.0,0.0,0.0,0.0
6,149705460,-,6,150601000,-,THYM,496,TCGA-5K-AAAP-01A,TCGA-5K-AAAP-01A,1.0,0.0,0.0,0.0,0.0
9,2818941,+,9,2827818,-,THYM,497,TCGA-5K-AAAP-01A,TCGA-5K-AAAP-01A,1.0,0.0,0.0,0.0,0.0
1,29418837,+,5,95738873,+,THYM,498,TCGA-5U-AB0D-01A,TCGA-5U-AB0D-01A,1.0,0.0,0.0,0.0,0.0
1,161589767,-,1,161671330,+,THYM,499,TCGA-5U-AB0D-01A,TCGA-5U-AB0D-01A,1.0,0.0,0.0,0.0,0.0
1,227034270,+,1,227086980,-,THYM,500,TCGA-5U-AB0D-01A,TCGA-5U-AB0D-01A,1.0,0.0,0.0,0.0,0.0
1,238362371,+,1,238539284,-,THYM,501,TCGA-5U-AB0D-01A,TCGA-5U-AB0D-01A,1.0,0.0,0.0,0.0,0.0
10,18426606,-,10,26832443,-,THYM,502,TCGA-5U-AB0D-01A,TCGA-5U-AB0D-01A,1.0,0.0,0.0,0.0,0.0
10,18429858,+,10,23336579,-,THYM,503,TCGA-5U-AB0D-01A,TCGA-5U-AB0D-01A,1.0,0.0,0.0,0.0,0.0
10,23334730,-,10,26478637,+,THYM,504,TCGA-5U-AB0D-01A,TCGA-5U-AB0D-01A,1.0,0.0,0.0,0.0,0.0
10,23336274,+,10,29702882,-,THYM,505,TCGA-5U-AB0D-01A,TCGA-5U-AB0D-01A,1.0,0.0,0.0,0.0,0.0
10,23339594,+,10,23565087,-,THYM,506,TCGA-5U-AB0D-01A,TCGA-5U-AB0D-01A,1.0,0.0,0.0,0.0,0.0
10,23564810,+,11,49679280,+,THYM,507,TCGA-5U-AB0D-01A,TCGA-5U-AB0D-01A,1.0,0.0,0.0,0.0,0.0
10,23569001,+,11,46602501,-,THYM,508,TCGA-5U-AB0D-01A,TCGA-5U-AB0D-01A,1.0,0.0,0.0,0.0,0.0
10,26199994,+,11,50377595,+,THYM,509,TCGA-5U-AB0D-01A,TCGA-5U-AB0D-01A,1.0,0.0,0.0,0.0,0.0
10,26469782,-,10,29684898,+,THYM,510,TCGA-5U-AB0D-01A,TCGA-5U-AB0D-01A,1.0,0.0,0.0,0.0,0.0
10,26470995,+,10,29689735,+,THYM,511,TCGA-5U-AB0D-01A,TCGA-5U-AB0D-01A,1.0,0.0,0.0,0.0,0.0
10,26475396,-,10,29816777,-,THYM,512,TCGA-5U-AB0D-01A,TCGA-5U-AB0D-01A,1.0,0.0,0.0,0.0,0.0
10,26833052,+,11,47786424,+,THYM,513,TCGA-5U-AB0D-01A,TCGA-5U-AB0D-01A,1.0,0.0,0.0,0.0,0.0
10,29684344,-,11,46605800,+,THYM,514,TCGA-5U-AB0D-01A,TCGA-5U-AB0D-01A,1.0,0.0,0.0,0.0,0.0
10,29688554,-,10,29771260,+,THYM,515,TCGA-5U-AB0D-01A,TCGA-5U-AB0D-01A,1.0,0.0,0.0,0.0,0.0
10,29695174,+,11,49512792,-,THYM,516,TCGA-5U-AB0D-01A,TCGA-5U-AB0D-01A,1.0,0.0,0.0,0.0,0.0
10,29721082,+,10,29724061,-,THYM,517,TCGA-5U-AB0D-01A,TCGA-5U-AB0D-01A,1.0,0.0,0.0,0.0,0.0
10,29796279,+,11,49679043,-,THYM,518,TCGA-5U-AB0D-01A,TCGA-5U-AB0D-01A,1.0,0.0,0.0,0.0,0.0
10,96831186,+,10,96832636,-,THYM,519,TCGA-5U-AB0D-01A,TCGA-5U-AB0D-01A,1.0,0.0,0.0,0.0,0.0
11,46608253,-,11,47786232,-,THYM,520,TCGA-5U-AB0D-01A,TCGA-5U-AB0D-01A,1.0,0.0,0.0,0.0,0.0
11,46608607,+,11,49512625,+,THYM,521,TCGA-5U-AB0D-01A,TCGA-5U-AB0D-01A,1.0,0.0,0.0,0.0,0.0
11,46610370,-,11,49529236,+,THYM,522,TCGA-5U-AB0D-01A,TCGA-5U-AB0D-01A,1.0,0.0,0.0,0.0,0.0
11,46611561,+,11,50377060,-,THYM,523,TCGA-5U-AB0D-01A,TCGA-5U-AB0D-01A,1.0,0.0,0.0,0.0,0.0
11,49510245,-,11,49521915,-,THYM,524,TCGA-5U-AB0D-01A,TCGA-5U-AB0D-01A,1.0,0.0,0.0,0.0,0.0
12,101416550,-,12,101515897,+,THYM,525,TCGA-5U-AB0D-01A,TCGA-5U-AB0D-01A,1.0,0.0,0.0,0.0,0.0
12,101490692,+,12,101515383,-,THYM,526,TCGA-5U-AB0D-01A,TCGA-5U-AB0D-01A,1.0,0.0,0.0,0.0,0.0
13,67238415,+,19,11112173,+,THYM,527,TCGA-5U-AB0D-01A,TCGA-5U-AB0D-01A,1.0,0.0,0.0,0.0,0.0
14,50250969,+,14,50309604,-,THYM,528,TCGA-5U-AB0D-01A,TCGA-5U-AB0D-01A,1.0,0.0,0.0,0.0,0.0
15,23063047,+,15,23063810,-,THYM,529,TCGA-5U-AB0D-01A,TCGA-5U-AB0D-01A,1.0,0.0,0.0,0.0,0.0
15,23697534,-,15,23736324,+,THYM,530,TCGA-5U-AB0D-01A,TCGA-5U-AB0D-01A,1.0,0.0,0.0,0.0,0.0
15,45139483,+,15,72720769,+,THYM,531,TCGA-5U-AB0D-01A,TCGA-5U-AB0D-01A,1.0,0.0,0.0,0.0,0.0
15,45140207,-,15,85688831,-,THYM,532,TCGA-5U-AB0D-01A,TCGA-5U-AB0D-01A,1.0,0.0,0.0,0.0,0.0
15,72721183,-,15,89848853,-,THYM,533,TCGA-5U-AB0D-01A,TCGA-5U-AB0D-01A,1.0,0.0,0.0,0.0,0.0
15,78269597,+,15,85682950,+,THYM,534,TCGA-5U-AB0D-01A,TCGA-5U-AB0D-01A,1.0,0.0,0.0,0.0,0.0
15,78271899,-,15,101125641,-,THYM,535,TCGA-5U-AB0D-01A,TCGA-5U-AB0D-01A,1.0,0.0,0.0,0.0,0.0
15,89848042,+,15,99331809,+,THYM,536,TCGA-5U-AB0D-01A,TCGA-5U-AB0D-01A,1.0,0.0,0.0,0.0,0.0
16,34263379,-,16,56256590,+,THYM,537,TCGA-5U-AB0D-01A,TCGA-5U-AB0D-01A,1.0,0.0,0.0,0.0,0.0
16,34279743,-,16,57196594,-,THYM,538,TCGA-5U-AB0D-01A,TCGA-5U-AB0D-01A,1.0,0.0,0.0,0.0,0.0
17,7674471,-,17,7682349,+,THYM,539,TCGA-5U-AB0D-01A,TCGA-5U-AB0D-01A,1.0,0.0,0.0,0.0,0.0
17,20543855,+,17,77759988,-,THYM,540,TCGA-5U-AB0D-01A,TCGA-5U-AB0D-01A,1.0,0.0,0.0,0.0,0.0
17,21186476,-,17,63999533,-,THYM,541,TCGA-5U-AB0D-01A,TCGA-5U-AB0D-01A,1.0,0.0,0.0,0.0,0.0
17,21280889,+,17,68322289,-,THYM,542,TCGA-5U-AB0D-01A,TCGA-5U-AB0D-01A,1.0,0.0,0.0,0.0,0.0
17,22894525,+,17,22994465,-,THYM,543,TCGA-5U-AB0D-01A,TCGA-5U-AB0D-01A,1.0,0.0,0.0,0.0,0.0
17,27945748,-,17,28002700,+,THYM,544,TCGA-5U-AB0D-01A,TCGA-5U-AB0D-01A,1.0,0.0,0.0,0.0,0.0
17,28669022,-,17,28670772,+,THYM,545,TCGA-5U-AB0D-01A,TCGA-5U-AB0D-01A,1.0,0.0,0.0,0.0,0.0
17,29012912,+,17,58071166,+,THYM,546,TCGA-5U-AB0D-01A,TCGA-5U-AB0D-01A,1.0,0.0,0.0,0.0,0.0
17,29045788,-,17,62051373,-,THYM,547,TCGA-5U-AB0D-01A,TCGA-5U-AB0D-01A,1.0,0.0,0.0,0.0,0.0
17,29334705,+,17,67474878,+,THYM,548,TCGA-5U-AB0D-01A,TCGA-5U-AB0D-01A,1.0,0.0,0.0,0.0,0.0
17,30019524,-,17,42320225,-,THYM,549,TCGA-5U-AB0D-01A,TCGA-5U-AB0D-01A,1.0,0.0,0.0,0.0,0.0
17,30649911,-,17,46934539,+,THYM,550,TCGA-5U-AB0D-01A,TCGA-5U-AB0D-01A,1.0,0.0,0.0,0.0,0.0
17,30815851,+,17,68512489,+,THYM,551,TCGA-5U-AB0D-01A,TCGA-5U-AB0D-01A,1.0,0.0,0.0,0.0,0.0
17,31522107,+,17,70912248,-,THYM,552,TCGA-5U-AB0D-01A,TCGA-5U-AB0D-01A,1.0,0.0,0.0,0.0,0.0
17,35411535,-,17,64135403,+,THYM,553,TCGA-5U-AB0D-01A,TCGA-5U-AB0D-01A,1.0,0.0,0.0,0.0,0.0
17,35623959,+,17,37250782,+,THYM,554,TCGA-5U-AB0D-01A,TCGA-5U-AB0D-01A,1.0,0.0,0.0,0.0,0.0
17,35842928,+,17,36626043,-,THYM,555,TCGA-5U-AB0D-01A,TCGA-5U-AB0D-01A,1.0,0.0,0.0,0.0,0.0
17,36851977,-,17,58260312,+,THYM,556,TCGA-5U-AB0D-01A,TCGA-5U-AB0D-01A,1.0,0.0,0.0,0.0,0.0
17,36972250,+,17,59153985,+,THYM,557,TCGA-5U-AB0D-01A,TCGA-5U-AB0D-01A,1.0,0.0,0.0,0.0,0.0
17,37442179,+,17,61570689,-,THYM,558,TCGA-5U-AB0D-01A,TCGA-5U-AB0D-01A,1.0,0.0,0.0,0.0,0.0
17,39126807,+,17,57028308,-,THYM,559,TCGA-5U-AB0D-01A,TCGA-5U-AB0D-01A,1.0,0.0,0.0,0.0,0.0
17,40988875,-,17,45936579,-,THYM,560,TCGA-5U-AB0D-01A,TCGA-5U-AB0D-01A,1.0,0.0,0.0,0.0,0.0
17,43343470,+,17,61478484,-,THYM,561,TCGA-5U-AB0D-01A,TCGA-5U-AB0D-01A,1.0,0.0,0.0,0.0,0.0
17,44699467,-,17,45507436,+,THYM,562,TCGA-5U-AB0D-01A,TCGA-5U-AB0D-01A,1.0,0.0,0.0,0.0,0.0
17,47749877,+,17,58785059,-,THYM,563,TCGA-5U-AB0D-01A,TCGA-5U-AB0D-01A,1.0,0.0,0.0,0.0,0.0
17,47763211,-,17,63871270,-,THYM,564,TCGA-5U-AB0D-01A,TCGA-5U-AB0D-01A,1.0,0.0,0.0,0.0,0.0
17,48178096,-,17,48578037,+,THYM,565,TCGA-5U-AB0D-01A,TCGA-5U-AB0D-01A,1.0,0.0,0.0,0.0,0.0
17,50399456,-,17,57122949,-,THYM,566,TCGA-5U-AB0D-01A,TCGA-5U-AB0D-01A,1.0,0.0,0.0,0.0,0.0
17,51334734,+,17,63128716,+,THYM,567,TCGA-5U-AB0D-01A,TCGA-5U-AB0D-01A,1.0,0.0,0.0,0.0,0.0
17,52678953,-,17,69355434,-,THYM,568,TCGA-5U-AB0D-01A,TCGA-5U-AB0D-01A,1.0,0.0,0.0,0.0,0.0
17,53887575,-,17,60870849,-,THYM,569,TCGA-5U-AB0D-01A,TCGA-5U-AB0D-01A,1.0,0.0,0.0,0.0,0.0
17,53917863,+,17,70129041,+,THYM,570,TCGA-5U-AB0D-01A,TCGA-5U-AB0D-01A,1.0,0.0,0.0,0.0,0.0
17,57057004,-,17,71062569,+,THYM,571,TCGA-5U-AB0D-01A,TCGA-5U-AB0D-01A,1.0,0.0,0.0,0.0,0.0
17,58212609,-,17,64605418,-,THYM,572,TCGA-5U-AB0D-01A,TCGA-5U-AB0D-01A,1.0,0.0,0.0,0.0,0.0
17,59972016,+,17,61039675,-,THYM,573,TCGA-5U-AB0D-01A,TCGA-5U-AB0D-01A,1.0,0.0,0.0,0.0,0.0
17,61531468,+,17,62921727,+,THYM,574,TCGA-5U-AB0D-01A,TCGA-5U-AB0D-01A,1.0,0.0,0.0,0.0,0.0
17,62291947,+,17,62858783,-,THYM,575,TCGA-5U-AB0D-01A,TCGA-5U-AB0D-01A,1.0,0.0,0.0,0.0,0.0
17,64005263,-,17,72235832,-,THYM,576,TCGA-5U-AB0D-01A,TCGA-5U-AB0D-01A,1.0,0.0,0.0,0.0,0.0
17,66381638,+,17,71031091,-,THYM,577,TCGA-5U-AB0D-01A,TCGA-5U-AB0D-01A,1.0,0.0,0.0,0.0,0.0
17,68628916,-,17,73032806,+,THYM,578,TCGA-5U-AB0D-01A,TCGA-5U-AB0D-01A,1.0,0.0,0.0,0.0,0.0
17,69164094,+,17,72341601,+,THYM,579,TCGA-5U-AB0D-01A,TCGA-5U-AB0D-01A,1.0,0.0,0.0,0.0,0.0
17,69359196,+,17,73304797,-,THYM,580,TCGA-5U-AB0D-01A,TCGA-5U-AB0D-01A,1.0,0.0,0.0,0.0,0.0
17,71549748,-,17,72131488,+,THYM,581,TCGA-5U-AB0D-01A,TCGA-5U-AB0D-01A,1.0,0.0,0.0,0.0,0.0
18,76699947,+,18,76702092,-,THYM,582,TCGA-5U-AB0D-01A,TCGA-5U-AB0D-01A,1.0,0.0,0.0,0.0,0.0
19,1144545,+,19,1234614,-,THYM,583,TCGA-5U-AB0D-01A,TCGA-5U-AB0D-01A,1.0,0.0,0.0,0.0,0.0
19,13034699,+,19,16617413,-,THYM,584,TCGA-5U-AB0D-01A,TCGA-5U-AB0D-01A,1.0,0.0,0.0,0.0,0.0
19,13037287,-,19,16598355,+,THYM,585,TCGA-5U-AB0D-01A,TCGA-5U-AB0D-01A,1.0,0.0,0.0,0.0,0.0
19,13719927,+,19,20272901,-,THYM,586,TCGA-5U-AB0D-01A,TCGA-5U-AB0D-01A,1.0,0.0,0.0,0.0,0.0
19,13719962,-,19,20271475,+,THYM,587,TCGA-5U-AB0D-01A,TCGA-5U-AB0D-01A,1.0,0.0,0.0,0.0,0.0
19,16592840,-,19,20231015,-,THYM,588,TCGA-5U-AB0D-01A,TCGA-5U-AB0D-01A,1.0,0.0,0.0,0.0,0.0
19,16711671,+,19,21507392,-,THYM,589,TCGA-5U-AB0D-01A,TCGA-5U-AB0D-01A,1.0,0.0,0.0,0.0,0.0
19,21506979,+,19,21763036,+,THYM,590,TCGA-5U-AB0D-01A,TCGA-5U-AB0D-01A,1.0,0.0,0.0,0.0,0.0
19,32486762,+,19,32524305,-,THYM,591,TCGA-5U-AB0D-01A,TCGA-5U-AB0D-01A,1.0,0.0,0.0,0.0,0.0
2,57824327,+,2,58032508,-,THYM,592,TCGA-5U-AB0D-01A,TCGA-5U-AB0D-01A,1.0,0.0,0.0,0.0,0.0
2,62928572,+,2,63012095,-,THYM,593,TCGA-5U-AB0D-01A,TCGA-5U-AB0D-01A,1.0,0.0,0.0,0.0,0.0
3,14929514,-,3,14996127,+,THYM,594,TCGA-5U-AB0D-01A,TCGA-5U-AB0D-01A,1.0,0.0,0.0,0.0,0.0
3,77299817,+,3,77450454,-,THYM,595,TCGA-5U-AB0D-01A,TCGA-5U-AB0D-01A,1.0,0.0,0.0,0.0,0.0
3,125142987,-,3,125177494,+,THYM,596,TCGA-5U-AB0D-01A,TCGA-5U-AB0D-01A,1.0,0.0,0.0,0.0,0.0
3,194705563,-,3,194710559,+,THYM,597,TCGA-5U-AB0D-01A,TCGA-5U-AB0D-01A,1.0,0.0,0.0,0.0,0.0
4,8390187,-,4,8500083,+,THYM,598,TCGA-5U-AB0D-01A,TCGA-5U-AB0D-01A,1.0,0.0,0.0,0.0,0.0
4,90236403,+,4,90291305,-,THYM,599,TCGA-5U-AB0D-01A,TCGA-5U-AB0D-01A,1.0,0.0,0.0,0.0,0.0
4,163168339,+,4,163360977,-,THYM,600,TCGA-5U-AB0D-01A,TCGA-5U-AB0D-01A,1.0,0.0,0.0,0.0,0.0
4,170598747,+,4,170599933,-,THYM,601,TCGA-5U-AB0D-01A,TCGA-5U-AB0D-01A,1.0,0.0,0.0,0.0,0.0
5,47256185,-,19,24908239,+,THYM,602,TCGA-5U-AB0D-01A,TCGA-5U-AB0D-01A,1.0,0.0,0.0,0.0,0.0
5,132527001,-,5,132545126,+,THYM,603,TCGA-5U-AB0D-01A,TCGA-5U-AB0D-01A,1.0,0.0,0.0,0.0,0.0
5,180598439,-,12,77787784,-,THYM,604,TCGA-5U-AB0D-01A,TCGA-5U-AB0D-01A,1.0,0.0,0.0,0.0,0.0
5,180598440,+,12,77787945,+,THYM,605,TCGA-5U-AB0D-01A,TCGA-5U-AB0D-01A,1.0,0.0,0.0,0.0,0.0
6,9013072,-,23,12767782,+,THYM,606,TCGA-5U-AB0D-01A,TCGA-5U-AB0D-01A,1.0,0.0,0.0,0.0,0.0
8,111347884,+,8,111368434,-,THYM,607,TCGA-5U-AB0D-01A,TCGA-5U-AB0D-01A,1.0,0.0,0.0,0.0,0.0
9,21971804,+,9,21975654,+,THYM,608,TCGA-5U-AB0D-01A,TCGA-5U-AB0D-01A,1.0,0.0,0.0,0.0,0.0
9,21972698,-,9,21981176,-,THYM,609,TCGA-5U-AB0D-01A,TCGA-5U-AB0D-01A,1.0,0.0,0.0,0.0,0.0
9,24231218,-,9,24232455,-,THYM,610,TCGA-5U-AB0D-01A,TCGA-5U-AB0D-01A,1.0,0.0,0.0,0.0,0.0
9,24231724,+,9,24233384,-,THYM,611,TCGA-5U-AB0D-01A,TCGA-5U-AB0D-01A,1.0,0.0,0.0,0.0,0.0
9,25309213,+,12,23883014,+,THYM,612,TCGA-5U-AB0D-01A,TCGA-5U-AB0D-01A,1.0,0.0,0.0,0.0,0.0
23,119609752,+,23,132670420,+,THYM,613,TCGA-5U-AB0D-01A,TCGA-5U-AB0D-01A,1.0,0.0,0.0,0.0,0.0
23,131962601,-,23,133184227,-,THYM,614,TCGA-5U-AB0D-01A,TCGA-5U-AB0D-01A,1.0,0.0,0.0,0.0,0.0
1,122200909,-,1,122215857,+,THYM,615,TCGA-5U-AB0E-01A,TCGA-5U-AB0E-01A,1.0,0.0,0.0,0.0,0.0
1,123961250,-,1,124110445,+,THYM,616,TCGA-5U-AB0E-01A,TCGA-5U-AB0E-01A,1.0,0.0,0.0,0.0,0.0
1,124797384,-,1,124806613,+,THYM,617,TCGA-5U-AB0E-01A,TCGA-5U-AB0E-01A,1.0,0.0,0.0,0.0,0.0
1,246945144,-,14,100260949,+,THYM,618,TCGA-5U-AB0E-01A,TCGA-5U-AB0E-01A,1.0,0.0,0.0,0.0,0.0
10,98568937,+,10,98810676,-,THYM,619,TCGA-5U-AB0E-01A,TCGA-5U-AB0E-01A,1.0,0.0,0.0,0.0,0.0
11,52292887,+,11,54258037,-,THYM,620,TCGA-5U-AB0E-01A,TCGA-5U-AB0E-01A,1.0,0.0,0.0,0.0,0.0
13,16610243,-,13,16665322,+,THYM,621,TCGA-5U-AB0E-01A,TCGA-5U-AB0E-01A,1.0,0.0,0.0,0.0,0.0
14,67502487,+,17,48208110,-,THYM,622,TCGA-5U-AB0E-01A,TCGA-5U-AB0E-01A,1.0,0.0,0.0,0.0,0.0
17,48579096,-,17,48587285,+,THYM,623,TCGA-5U-AB0E-01A,TCGA-5U-AB0E-01A,1.0,0.0,0.0,0.0,0.0
19,32247903,+,19,32521778,-,THYM,624,TCGA-5U-AB0E-01A,TCGA-5U-AB0E-01A,1.0,0.0,0.0,0.0,0.0
3,90993757,+,3,91066720,-,THYM,625,TCGA-5U-AB0E-01A,TCGA-5U-AB0E-01A,1.0,0.0,0.0,0.0,0.0
3,91091142,-,3,91225526,+,THYM,626,TCGA-5U-AB0E-01A,TCGA-5U-AB0E-01A,1.0,0.0,0.0,0.0,0.0
4,50521651,+,4,51594913,-,THYM,627,TCGA-5U-AB0E-01A,TCGA-5U-AB0E-01A,1.0,0.0,0.0,0.0,0.0
4,178636616,+,4,178636918,-,THYM,628,TCGA-5U-AB0E-01A,TCGA-5U-AB0E-01A,1.0,0.0,0.0,0.0,0.0
5,46927442,+,5,46934173,-,THYM,629,TCGA-5U-AB0E-01A,TCGA-5U-AB0E-01A,1.0,0.0,0.0,0.0,0.0
5,49800456,+,5,49853403,-,THYM,630,TCGA-5U-AB0E-01A,TCGA-5U-AB0E-01A,1.0,0.0,0.0,0.0,0.0
5,80301520,+,23,124128896,+,THYM,631,TCGA-5U-AB0E-01A,TCGA-5U-AB0E-01A,1.0,0.0,0.0,0.0,0.0
6,58581942,+,6,59649856,-,THYM,632,TCGA-5U-AB0E-01A,TCGA-5U-AB0E-01A,1.0,0.0,0.0,0.0,0.0
7,61488265,+,7,61515436,-,THYM,633,TCGA-5U-AB0E-01A,TCGA-5U-AB0E-01A,1.0,0.0,0.0,0.0,0.0
9,44603296,+,9,44780925,-,THYM,634,TCGA-5U-AB0E-01A,TCGA-5U-AB0E-01A,1.0,0.0,0.0,0.0,0.0
1,77433664,+,8,133313030,+,THYM,635,TCGA-5U-AB0F-01A,TCGA-5U-AB0F-01A,1.0,0.0,0.0,0.0,0.0
1,90867278,-,14,100459890,-,THYM,636,TCGA-5U-AB0F-01A,TCGA-5U-AB0F-01A,1.0,0.0,0.0,0.0,0.0
1,101497028,-,8,133313035,+,THYM,637,TCGA-5U-AB0F-01A,TCGA-5U-AB0F-01A,1.0,0.0,0.0,0.0,0.0
1,123604442,-,1,123605575,+,THYM,638,TCGA-5U-AB0F-01A,TCGA-5U-AB0F-01A,1.0,0.0,0.0,0.0,0.0
13,16703146,-,13,17249480,+,THYM,639,TCGA-5U-AB0F-01A,TCGA-5U-AB0F-01A,1.0,0.0,0.0,0.0,0.0
22,16269560,-,22,20087343,+,THYM,640,TCGA-5U-AB0F-01A,TCGA-5U-AB0F-01A,1.0,0.0,0.0,0.0,0.0
3,90941632,-,3,91129361,+,THYM,641,TCGA-5U-AB0F-01A,TCGA-5U-AB0F-01A,1.0,0.0,0.0,0.0,0.0
6,34052051,-,22,20308636,-,THYM,642,TCGA-5U-AB0F-01A,TCGA-5U-AB0F-01A,1.0,0.0,0.0,0.0,0.0
6,36129109,+,22,20087129,-,THYM,643,TCGA-5U-AB0F-01A,TCGA-5U-AB0F-01A,1.0,0.0,0.0,0.0,0.0
6,38208136,-,6,49215261,-,THYM,644,TCGA-5U-AB0F-01A,TCGA-5U-AB0F-01A,1.0,0.0,0.0,0.0,0.0
6,38390164,+,22,20089508,+,THYM,645,TCGA-5U-AB0F-01A,TCGA-5U-AB0F-01A,1.0,0.0,0.0,0.0,0.0
6,38571116,-,22,15277239,+,THYM,646,TCGA-5U-AB0F-01A,TCGA-5U-AB0F-01A,1.0,0.0,0.0,0.0,0.0
6,39103104,+,6,42131149,+,THYM,647,TCGA-5U-AB0F-01A,TCGA-5U-AB0F-01A,1.0,0.0,0.0,0.0,0.0
8,45376447,+,8,45741162,-,THYM,648,TCGA-5U-AB0F-01A,TCGA-5U-AB0F-01A,1.0,0.0,0.0,0.0,0.0
8,112179594,-,18,49289725,-,THYM,649,TCGA-5U-AB0F-01A,TCGA-5U-AB0F-01A,1.0,0.0,0.0,0.0,0.0
11,52153016,+,11,53866255,-,THYM,650,TCGA-X7-A8D6-01A,TCGA-X7-A8D6-01A,1.0,0.0,0.0,0.0,0.0
13,16339291,+,13,17391968,-,THYM,651,TCGA-X7-A8D6-01A,TCGA-X7-A8D6-01A,1.0,0.0,0.0,0.0,0.0
18,15531866,-,18,15712533,+,THYM,652,TCGA-X7-A8D6-01A,TCGA-X7-A8D6-01A,1.0,0.0,0.0,0.0,0.0
20,26271288,-,20,30174158,-,THYM,653,TCGA-X7-A8D6-01A,TCGA-X7-A8D6-01A,1.0,0.0,0.0,0.0,0.0
20,29290715,-,24,10206523,-,THYM,654,TCGA-X7-A8D6-01A,TCGA-X7-A8D6-01A,1.0,0.0,0.0,0.0,0.0
3,90849992,-,3,91172988,+,THYM,655,TCGA-X7-A8D6-01A,TCGA-X7-A8D6-01A,1.0,0.0,0.0,0.0,0.0
4,49750827,+,4,51407808,-,THYM,656,TCGA-X7-A8D6-01A,TCGA-X7-A8D6-01A,1.0,0.0,0.0,0.0,0.0
4,62688104,+,5,5816120,+,THYM,657,TCGA-X7-A8D6-01A,TCGA-X7-A8D6-01A,1.0,0.0,0.0,0.0,0.0
5,49705987,-,5,49711001,+,THYM,658,TCGA-X7-A8D6-01A,TCGA-X7-A8D6-01A,1.0,0.0,0.0,0.0,0.0
6,129066160,-,6,137834319,+,THYM,659,TCGA-X7-A8D6-01A,TCGA-X7-A8D6-01A,1.0,0.0,0.0,0.0,0.0
1,124813868,-,1,124815300,+,THYM,660,TCGA-X7-A8D7-01A,TCGA-X7-A8D7-01A,1.0,0.0,0.0,0.0,0.0
1,202027927,-,11,12010827,+,THYM,661,TCGA-X7-A8D7-01A,TCGA-X7-A8D7-01A,1.0,0.0,0.0,0.0,0.0
11,54390837,+,11,54409147,-,THYM,662,TCGA-X7-A8D7-01A,TCGA-X7-A8D7-01A,1.0,0.0,0.0,0.0,0.0
12,127746558,+,23,5434055,+,THYM,663,TCGA-X7-A8D7-01A,TCGA-X7-A8D7-01A,1.0,0.0,0.0,0.0,0.0
13,84454096,-,23,54612696,+,THYM,664,TCGA-X7-A8D7-01A,TCGA-X7-A8D7-01A,1.0,0.0,0.0,0.0,0.0
15,89376275,-,20,22327913,+,THYM,665,TCGA-X7-A8D7-01A,TCGA-X7-A8D7-01A,1.0,0.0,0.0,0.0,0.0
17,22367453,-,20,29684397,+,THYM,666,TCGA-X7-A8D7-01A,TCGA-X7-A8D7-01A,1.0,0.0,0.0,0.0,0.0
17,22830018,-,17,23183156,+,THYM,667,TCGA-X7-A8D7-01A,TCGA-X7-A8D7-01A,1.0,0.0,0.0,0.0,0.0
19,44387696,+,19,44472141,+,THYM,668,TCGA-X7-A8D7-01A,TCGA-X7-A8D7-01A,1.0,0.0,0.0,0.0,0.0
2,92998110,+,2,93602576,-,THYM,669,TCGA-X7-A8D7-01A,TCGA-X7-A8D7-01A,1.0,0.0,0.0,0.0,0.0
2,107381355,-,23,36471223,+,THYM,670,TCGA-X7-A8D7-01A,TCGA-X7-A8D7-01A,1.0,0.0,0.0,0.0,0.0
3,79550167,+,13,104103454,-,THYM,671,TCGA-X7-A8D7-01A,TCGA-X7-A8D7-01A,1.0,0.0,0.0,0.0,0.0
3,188893038,-,23,111668336,+,THYM,672,TCGA-X7-A8D7-01A,TCGA-X7-A8D7-01A,1.0,0.0,0.0,0.0,0.0
4,39717876,+,6,103293756,-,THYM,673,TCGA-X7-A8D7-01A,TCGA-X7-A8D7-01A,1.0,0.0,0.0,0.0,0.0
5,41868464,-,15,69372305,+,THYM,674,TCGA-X7-A8D7-01A,TCGA-X7-A8D7-01A,1.0,0.0,0.0,0.0,0.0
1,25357649,+,1,94683139,+,THYM,675,TCGA-X7-A8D8-01A,TCGA-X7-A8D8-01A,1.0,0.0,0.0,0.0,0.0
1,152104243,+,23,89128163,+,THYM,676,TCGA-X7-A8D8-01A,TCGA-X7-A8D8-01A,1.0,0.0,0.0,0.0,0.0
11,52455141,-,11,53687422,+,THYM,677,TCGA-X7-A8D8-01A,TCGA-X7-A8D8-01A,1.0,0.0,0.0,0.0,0.0
13,16048009,-,13,16090224,+,THYM,678,TCGA-X7-A8D8-01A,TCGA-X7-A8D8-01A,1.0,0.0,0.0,0.0,0.0
13,16855516,+,13,17327948,-,THYM,679,TCGA-X7-A8D8-01A,TCGA-X7-A8D8-01A,1.0,0.0,0.0,0.0,0.0
18,15473099,+,18,15699492,-,THYM,680,TCGA-X7-A8D8-01A,TCGA-X7-A8D8-01A,1.0,0.0,0.0,0.0,0.0
20,26449220,-,20,26506590,+,THYM,681,TCGA-X7-A8D8-01A,TCGA-X7-A8D8-01A,1.0,0.0,0.0,0.0,0.0
7,57673071,+,20,26263569,+,THYM,682,TCGA-X7-A8D8-01A,TCGA-X7-A8D8-01A,1.0,0.0,0.0,0.0,0.0
7,62082804,+,19,27345680,-,THYM,683,TCGA-X7-A8D8-01A,TCGA-X7-A8D8-01A,1.0,0.0,0.0,0.0,0.0
1,1375258,-,1,20788259,+,THYM,684,TCGA-X7-A8D9-01A,TCGA-X7-A8D9-01A,1.0,0.0,0.0,0.0,0.0
1,1838719,+,1,25840150,-,THYM,685,TCGA-X7-A8D9-01A,TCGA-X7-A8D9-01A,1.0,0.0,0.0,0.0,0.0
1,1846067,-,1,27329229,+,THYM,686,TCGA-X7-A8D9-01A,TCGA-X7-A8D9-01A,1.0,0.0,0.0,0.0,0.0
1,2276973,+,1,26143888,+,THYM,687,TCGA-X7-A8D9-01A,TCGA-X7-A8D9-01A,1.0,0.0,0.0,0.0,0.0
1,2280146,-,22,44056567,-,THYM,688,TCGA-X7-A8D9-01A,TCGA-X7-A8D9-01A,1.0,0.0,0.0,0.0,0.0
1,2947429,-,22,50392517,+,THYM,689,TCGA-X7-A8D9-01A,TCGA-X7-A8D9-01A,1.0,0.0,0.0,0.0,0.0
1,3102978,+,1,3105081,-,THYM,690,TCGA-X7-A8D9-01A,TCGA-X7-A8D9-01A,1.0,0.0,0.0,0.0,0.0
1,15620475,-,1,35185996,+,THYM,691,TCGA-X7-A8D9-01A,TCGA-X7-A8D9-01A,1.0,0.0,0.0,0.0,0.0
1,15622621,+,1,24145997,-,THYM,692,TCGA-X7-A8D9-01A,TCGA-X7-A8D9-01A,1.0,0.0,0.0,0.0,0.0
1,15622644,-,1,23732203,+,THYM,693,TCGA-X7-A8D9-01A,TCGA-X7-A8D9-01A,1.0,0.0,0.0,0.0,0.0
1,17082538,+,1,34245572,-,THYM,694,TCGA-X7-A8D9-01A,TCGA-X7-A8D9-01A,1.0,0.0,0.0,0.0,0.0
1,17836959,-,1,31286239,-,THYM,695,TCGA-X7-A8D9-01A,TCGA-X7-A8D9-01A,1.0,0.0,0.0,0.0,0.0
1,17837414,+,1,22764530,-,THYM,696,TCGA-X7-A8D9-01A,TCGA-X7-A8D9-01A,1.0,0.0,0.0,0.0,0.0
1,18915503,-,1,19052352,-,THYM,697,TCGA-X7-A8D9-01A,TCGA-X7-A8D9-01A,1.0,0.0,0.0,0.0,0.0
1,19051123,+,22,32931206,-,THYM,698,TCGA-X7-A8D9-01A,TCGA-X7-A8D9-01A,1.0,0.0,0.0,0.0,0.0
1,19355863,-,1,20012719,+,THYM,699,TCGA-X7-A8D9-01A,TCGA-X7-A8D9-01A,1.0,0.0,0.0,0.0,0.0
1,20010047,+,22,50398643,-,THYM,700,TCGA-X7-A8D9-01A,TCGA-X7-A8D9-01A,1.0,0.0,0.0,0.0,0.0
1,20557431,-,1,32963115,+,THYM,701,TCGA-X7-A8D9-01A,TCGA-X7-A8D9-01A,1.0,0.0,0.0,0.0,0.0
1,20797210,-,22,28708664,-,THYM,702,TCGA-X7-A8D9-01A,TCGA-X7-A8D9-01A,1.0,0.0,0.0,0.0,0.0
1,20931501,+,1,35863908,+,THYM,703,TCGA-X7-A8D9-01A,TCGA-X7-A8D9-01A,1.0,0.0,0.0,0.0,0.0
1,22760537,+,22,31750944,-,THYM,704,TCGA-X7-A8D9-01A,TCGA-X7-A8D9-01A,1.0,0.0,0.0,0.0,0.0
1,23724043,-,22,31432005,+,THYM,705,TCGA-X7-A8D9-01A,TCGA-X7-A8D9-01A,1.0,0.0,0.0,0.0,0.0
1,23798804,+,1,24302568,-,THYM,706,TCGA-X7-A8D9-01A,TCGA-X7-A8D9-01A,1.0,0.0,0.0,0.0,0.0
1,23807905,+,22,28695886,+,THYM,707,TCGA-X7-A8D9-01A,TCGA-X7-A8D9-01A,1.0,0.0,0.0,0.0,0.0
1,23809696,-,1,24454271,+,THYM,708,TCGA-X7-A8D9-01A,TCGA-X7-A8D9-01A,1.0,0.0,0.0,0.0,0.0
1,24140052,+,1,24460291,-,THYM,709,TCGA-X7-A8D9-01A,TCGA-X7-A8D9-01A,1.0,0.0,0.0,0.0,0.0
1,24299851,+,1,27332162,-,THYM,710,TCGA-X7-A8D9-01A,TCGA-X7-A8D9-01A,1.0,0.0,0.0,0.0,0.0
1,24462254,-,22,46677326,-,THYM,711,TCGA-X7-A8D9-01A,TCGA-X7-A8D9-01A,1.0,0.0,0.0,0.0,0.0
1,24501213,-,22,29664262,+,THYM,712,TCGA-X7-A8D9-01A,TCGA-X7-A8D9-01A,1.0,0.0,0.0,0.0,0.0
1,25463245,-,22,33848292,+,THYM,713,TCGA-X7-A8D9-01A,TCGA-X7-A8D9-01A,1.0,0.0,0.0,0.0,0.0
1,28740284,+,22,31259905,+,THYM,714,TCGA-X7-A8D9-01A,TCGA-X7-A8D9-01A,1.0,0.0,0.0,0.0,0.0
1,31137261,+,22,48006401,-,THYM,715,TCGA-X7-A8D9-01A,TCGA-X7-A8D9-01A,1.0,0.0,0.0,0.0,0.0
1,31370282,-,22,29667275,-,THYM,716,TCGA-X7-A8D9-01A,TCGA-X7-A8D9-01A,1.0,0.0,0.0,0.0,0.0
1,31628247,-,22,28704727,-,THYM,717,TCGA-X7-A8D9-01A,TCGA-X7-A8D9-01A,1.0,0.0,0.0,0.0,0.0
1,32285064,-,1,33714183,-,THYM,718,TCGA-X7-A8D9-01A,TCGA-X7-A8D9-01A,1.0,0.0,0.0,0.0,0.0
1,32976686,-,1,34607379,-,THYM,719,TCGA-X7-A8D9-01A,TCGA-X7-A8D9-01A,1.0,0.0,0.0,0.0,0.0
1,34241567,+,22,26463975,+,THYM,720,TCGA-X7-A8D9-01A,TCGA-X7-A8D9-01A,1.0,0.0,0.0,0.0,0.0
1,36247600,-,22,49349399,+,THYM,721,TCGA-X7-A8D9-01A,TCGA-X7-A8D9-01A,1.0,0.0,0.0,0.0,0.0
1,36408149,-,22,49350364,-,THYM,722,TCGA-X7-A8D9-01A,TCGA-X7-A8D9-01A,1.0,0.0,0.0,0.0,0.0
1,200964082,-,4,181719215,-,THYM,723,TCGA-X7-A8D9-01A,TCGA-X7-A8D9-01A,1.0,0.0,0.0,0.0,0.0
18,19039861,+,18,20147013,-,THYM,724,TCGA-X7-A8D9-01A,TCGA-X7-A8D9-01A,1.0,0.0,0.0,0.0,0.0
2,93375656,-,2,93671899,+,THYM,725,TCGA-X7-A8D9-01A,TCGA-X7-A8D9-01A,1.0,0.0,0.0,0.0,0.0
20,26381916,+,20,28318133,-,THYM,726,TCGA-X7-A8D9-01A,TCGA-X7-A8D9-01A,1.0,0.0,0.0,0.0,0.0
20,29720749,-,20,30148801,-,THYM,727,TCGA-X7-A8D9-01A,TCGA-X7-A8D9-01A,1.0,0.0,0.0,0.0,0.0
22,27163687,+,22,29920860,-,THYM,728,TCGA-X7-A8D9-01A,TCGA-X7-A8D9-01A,1.0,0.0,0.0,0.0,0.0
22,28884487,-,22,31752705,-,THYM,729,TCGA-X7-A8D9-01A,TCGA-X7-A8D9-01A,1.0,0.0,0.0,0.0,0.0
22,33850287,-,22,44058790,-,THYM,730,TCGA-X7-A8D9-01A,TCGA-X7-A8D9-01A,1.0,0.0,0.0,0.0,0.0
5,46489145,-,5,46506237,+,THYM,731,TCGA-X7-A8D9-01A,TCGA-X7-A8D9-01A,1.0,0.0,0.0,0.0,0.0
5,49693492,+,5,49704967,-,THYM,732,TCGA-X7-A8D9-01A,TCGA-X7-A8D9-01A,1.0,0.0,0.0,0.0,0.0
6,8800679,-,13,37111096,+,THYM,733,TCGA-X7-A8D9-01A,TCGA-X7-A8D9-01A,1.0,0.0,0.0,0.0,0.0
9,136726345,+,9,136730717,-,THYM,734,TCGA-X7-A8D9-01A,TCGA-X7-A8D9-01A,1.0,0.0,0.0,0.0,0.0
23,103523954,-,23,103554149,+,THYM,735,TCGA-X7-A8D9-01A,TCGA-X7-A8D9-01A,1.0,0.0,0.0,0.0,0.0
23,146425838,+,23,146762093,-,THYM,736,TCGA-X7-A8D9-01A,TCGA-X7-A8D9-01A,1.0,0.0,0.0,0.0,0.0
11,51106887,-,11,51739086,+,THYM,737,TCGA-X7-A8DB-01A,TCGA-X7-A8DB-01A,1.0,0.0,0.0,0.0,0.0
15,28969171,+,17,39498991,-,THYM,738,TCGA-X7-A8DB-01A,TCGA-X7-A8DB-01A,1.0,0.0,0.0,0.0,0.0
20,29538701,+,20,29540285,-,THYM,739,TCGA-X7-A8DB-01A,TCGA-X7-A8DB-01A,1.0,0.0,0.0,0.0,0.0
4,167804496,-,24,22270995,+,THYM,740,TCGA-X7-A8DB-01A,TCGA-X7-A8DB-01A,1.0,0.0,0.0,0.0,0.0
5,49703197,+,5,49822332,-,THYM,741,TCGA-X7-A8DB-01A,TCGA-X7-A8DB-01A,1.0,0.0,0.0,0.0,0.0
6,166079352,+,22,23939931,+,THYM,742,TCGA-X7-A8DB-01A,TCGA-X7-A8DB-01A,1.0,0.0,0.0,0.0,0.0
1,246945161,-,14,100260811,+,THYM,743,TCGA-X7-A8DC-01A,TCGA-X7-A8DC-01A,1.0,0.0,0.0,0.0,0.0
12,23598414,+,14,53969959,-,THYM,744,TCGA-X7-A8DC-01A,TCGA-X7-A8DC-01A,1.0,0.0,0.0,0.0,0.0
2,92251040,+,2,93451414,-,THYM,745,TCGA-X7-A8DC-01A,TCGA-X7-A8DC-01A,1.0,0.0,0.0,0.0,0.0
2,92875227,+,2,93532718,-,THYM,746,TCGA-X7-A8DC-01A,TCGA-X7-A8DC-01A,1.0,0.0,0.0,0.0,0.0
2,92946373,+,2,93874458,-,THYM,747,TCGA-X7-A8DC-01A,TCGA-X7-A8DC-01A,1.0,0.0,0.0,0.0,0.0
2,95919601,-,2,95921484,+,THYM,748,TCGA-X7-A8DC-01A,TCGA-X7-A8DC-01A,1.0,0.0,0.0,0.0,0.0
20,26271297,-,20,30174159,-,THYM,749,TCGA-X7-A8DC-01A,TCGA-X7-A8DC-01A,1.0,0.0,0.0,0.0,0.0
3,90597542,-,3,90599939,+,THYM,750,TCGA-X7-A8DC-01A,TCGA-X7-A8DC-01A,1.0,0.0,0.0,0.0,0.0
3,91042660,-,3,91223785,+,THYM,751,TCGA-X7-A8DC-01A,TCGA-X7-A8DC-01A,1.0,0.0,0.0,0.0,0.0
3,91044245,-,3,91204945,+,THYM,752,TCGA-X7-A8DC-01A,TCGA-X7-A8DC-01A,1.0,0.0,0.0,0.0,0.0
6,5260980,-,6,26159550,-,THYM,753,TCGA-X7-A8DC-01A,TCGA-X7-A8DC-01A,1.0,0.0,0.0,0.0,0.0
6,7162755,+,6,10521830,-,THYM,754,TCGA-X7-A8DC-01A,TCGA-X7-A8DC-01A,1.0,0.0,0.0,0.0,0.0
6,8089824,+,6,27141438,+,THYM,755,TCGA-X7-A8DC-01A,TCGA-X7-A8DC-01A,1.0,0.0,0.0,0.0,0.0
6,26159540,+,6,26344691,-,THYM,756,TCGA-X7-A8DC-01A,TCGA-X7-A8DC-01A,1.0,0.0,0.0,0.0,0.0
7,43999464,+,7,77061085,+,THYM,757,TCGA-X7-A8DC-01A,TCGA-X7-A8DC-01A,1.0,0.0,0.0,0.0,0.0
8,8064074,+,8,12609080,+,THYM,758,TCGA-X7-A8DC-01A,TCGA-X7-A8DC-01A,1.0,0.0,0.0,0.0,0.0
1,41662159,+,2,241122002,+,THYM,759,TCGA-X7-A8DD-01A,TCGA-X7-A8DD-01A,1.0,0.0,0.0,0.0,0.0
10,40546072,-,10,40734504,+,THYM,760,TCGA-X7-A8DD-01A,TCGA-X7-A8DD-01A,1.0,0.0,0.0,0.0,0.0
10,91159787,-,10,107540812,-,THYM,761,TCGA-X7-A8DD-01A,TCGA-X7-A8DD-01A,1.0,0.0,0.0,0.0,0.0
10,91347839,-,10,91670767,-,THYM,762,TCGA-X7-A8DD-01A,TCGA-X7-A8DD-01A,1.0,0.0,0.0,0.0,0.0
11,51106903,-,11,51739059,+,THYM,763,TCGA-X7-A8DD-01A,TCGA-X7-A8DD-01A,1.0,0.0,0.0,0.0,0.0
11,54367275,+,11,54401083,-,THYM,764,TCGA-X7-A8DD-01A,TCGA-X7-A8DD-01A,1.0,0.0,0.0,0.0,0.0
12,53976949,-,19,14545430,+,THYM,765,TCGA-X7-A8DD-01A,TCGA-X7-A8DD-01A,1.0,0.0,0.0,0.0,0.0
14,22450091,-,14,22469045,-,THYM,766,TCGA-X7-A8DD-01A,TCGA-X7-A8DD-01A,1.0,0.0,0.0,0.0,0.0
2,132220163,+,9,43191890,-,THYM,767,TCGA-X7-A8DD-01A,TCGA-X7-A8DD-01A,1.0,0.0,0.0,0.0,0.0
2,238866520,+,2,241712806,-,THYM,768,TCGA-X7-A8DD-01A,TCGA-X7-A8DD-01A,1.0,0.0,0.0,0.0,0.0
20,9671805,-,20,9747862,-,THYM,769,TCGA-X7-A8DD-01A,TCGA-X7-A8DD-01A,1.0,0.0,0.0,0.0,0.0
3,94395498,-,10,106519003,+,THYM,770,TCGA-X7-A8DD-01A,TCGA-X7-A8DD-01A,1.0,0.0,0.0,0.0,0.0
3,94786536,+,10,89431569,+,THYM,771,TCGA-X7-A8DD-01A,TCGA-X7-A8DD-01A,1.0,0.0,0.0,0.0,0.0
3,94915792,+,10,89850787,-,THYM,772,TCGA-X7-A8DD-01A,TCGA-X7-A8DD-01A,1.0,0.0,0.0,0.0,0.0
3,94955554,-,18,64948152,-,THYM,773,TCGA-X7-A8DD-01A,TCGA-X7-A8DD-01A,1.0,0.0,0.0,0.0,0.0
3,95596412,+,10,89431566,-,THYM,774,TCGA-X7-A8DD-01A,TCGA-X7-A8DD-01A,1.0,0.0,0.0,0.0,0.0
3,95599952,-,10,91226972,+,THYM,775,TCGA-X7-A8DD-01A,TCGA-X7-A8DD-01A,1.0,0.0,0.0,0.0,0.0
3,96243180,+,3,96844081,-,THYM,776,TCGA-X7-A8DD-01A,TCGA-X7-A8DD-01A,1.0,0.0,0.0,0.0,0.0
6,1134191,+,6,20812407,-,THYM,777,TCGA-X7-A8DD-01A,TCGA-X7-A8DD-01A,1.0,0.0,0.0,0.0,0.0
1,124808961,-,1,124813499,+,THYM,778,TCGA-X7-A8DE-01A,TCGA-X7-A8DE-01A,1.0,0.0,0.0,0.0,0.0
1,124887500,+,1,124925607,-,THYM,779,TCGA-X7-A8DE-01A,TCGA-X7-A8DE-01A,1.0,0.0,0.0,0.0,0.0
10,39965223,-,10,41268362,+,THYM,780,TCGA-X7-A8DE-01A,TCGA-X7-A8DE-01A,1.0,0.0,0.0,0.0,0.0
10,57322170,+,23,16575955,-,THYM,781,TCGA-X7-A8DE-01A,TCGA-X7-A8DE-01A,1.0,0.0,0.0,0.0,0.0
11,51106878,-,11,51739068,+,THYM,782,TCGA-X7-A8DE-01A,TCGA-X7-A8DE-01A,1.0,0.0,0.0,0.0,0.0
11,52153026,+,11,53866240,-,THYM,783,TCGA-X7-A8DE-01A,TCGA-X7-A8DE-01A,1.0,0.0,0.0,0.0,0.0
11,52571603,-,11,53136008,+,THYM,784,TCGA-X7-A8DE-01A,TCGA-X7-A8DE-01A,1.0,0.0,0.0,0.0,0.0
11,52672545,+,11,52761024,-,THYM,785,TCGA-X7-A8DE-01A,TCGA-X7-A8DE-01A,1.0,0.0,0.0,0.0,0.0
11,52873373,-,11,53786761,+,THYM,786,TCGA-X7-A8DE-01A,TCGA-X7-A8DE-01A,1.0,0.0,0.0,0.0,0.0
11,53063395,-,11,54165743,+,THYM,787,TCGA-X7-A8DE-01A,TCGA-X7-A8DE-01A,1.0,0.0,0.0,0.0,0.0
11,54343736,+,11,54406081,-,THYM,788,TCGA-X7-A8DE-01A,TCGA-X7-A8DE-01A,1.0,0.0,0.0,0.0,0.0
17,23100127,+,17,23172641,-,THYM,789,TCGA-X7-A8DE-01A,TCGA-X7-A8DE-01A,1.0,0.0,0.0,0.0,0.0
18,15730409,+,18,20667616,-,THYM,790,TCGA-X7-A8DE-01A,TCGA-X7-A8DE-01A,1.0,0.0,0.0,0.0,0.0
2,55359866,+,17,16161307,+,THYM,791,TCGA-X7-A8DE-01A,TCGA-X7-A8DE-01A,1.0,0.0,0.0,0.0,0.0
2,66714595,-,7,63322836,+,THYM,792,TCGA-X7-A8DE-01A,TCGA-X7-A8DE-01A,1.0,0.0,0.0,0.0,0.0
21,38713103,+,21,46603392,-,THYM,793,TCGA-X7-A8DE-01A,TCGA-X7-A8DE-01A,1.0,0.0,0.0,0.0,0.0
3,91047731,+,3,91225194,-,THYM,794,TCGA-X7-A8DE-01A,TCGA-X7-A8DE-01A,1.0,0.0,0.0,0.0,0.0
3,153537323,-,9,1715633,+,THYM,795,TCGA-X7-A8DE-01A,TCGA-X7-A8DE-01A,1.0,0.0,0.0,0.0,0.0
3,196675708,-,4,188144450,+,THYM,796,TCGA-X7-A8DE-01A,TCGA-X7-A8DE-01A,1.0,0.0,0.0,0.0,0.0
4,49735114,+,4,50189395,-,THYM,797,TCGA-X7-A8DE-01A,TCGA-X7-A8DE-01A,1.0,0.0,0.0,0.0,0.0
6,160661137,-,22,22110022,+,THYM,798,TCGA-X7-A8DE-01A,TCGA-X7-A8DE-01A,1.0,0.0,0.0,0.0,0.0
9,113951428,+,16,70834990,+,THYM,799,TCGA-X7-A8DE-01A,TCGA-X7-A8DE-01A,1.0,0.0,0.0,0.0,0.0
1,122229065,-,1,122271419,+,THYM,800,TCGA-X7-A8DF-01A,TCGA-X7-A8DF-01A,1.0,0.0,0.0,0.0,0.0
10,69295,+,10,921136,+,THYM,801,TCGA-X7-A8DF-01A,TCGA-X7-A8DF-01A,1.0,0.0,0.0,0.0,0.0
10,932093,-,10,53087117,-,THYM,802,TCGA-X7-A8DF-01A,TCGA-X7-A8DF-01A,1.0,0.0,0.0,0.0,0.0
10,2459911,-,10,55128409,-,THYM,803,TCGA-X7-A8DF-01A,TCGA-X7-A8DF-01A,1.0,0.0,0.0,0.0,0.0
10,53063846,+,10,54974709,-,THYM,804,TCGA-X7-A8DF-01A,TCGA-X7-A8DF-01A,1.0,0.0,0.0,0.0,0.0
10,66587735,+,10,71793562,-,THYM,805,TCGA-X7-A8DF-01A,TCGA-X7-A8DF-01A,1.0,0.0,0.0,0.0,0.0
11,51230911,-,11,51811975,+,THYM,806,TCGA-X7-A8DF-01A,TCGA-X7-A8DF-01A,1.0,0.0,0.0,0.0,0.0
13,17287258,-,13,17396384,+,THYM,807,TCGA-X7-A8DF-01A,TCGA-X7-A8DF-01A,1.0,0.0,0.0,0.0,0.0
15,17499284,-,15,18351635,+,THYM,808,TCGA-X7-A8DF-01A,TCGA-X7-A8DF-01A,1.0,0.0,0.0,0.0,0.0
17,23058428,-,17,23170178,+,THYM,809,TCGA-X7-A8DF-01A,TCGA-X7-A8DF-01A,1.0,0.0,0.0,0.0,0.0
18,15679044,-,18,15772318,+,THYM,810,TCGA-X7-A8DF-01A,TCGA-X7-A8DF-01A,1.0,0.0,0.0,0.0,0.0
18,26265605,+,18,26266153,-,THYM,811,TCGA-X7-A8DF-01A,TCGA-X7-A8DF-01A,1.0,0.0,0.0,0.0,0.0
2,198094209,-,12,32782112,+,THYM,812,TCGA-X7-A8DF-01A,TCGA-X7-A8DF-01A,1.0,0.0,0.0,0.0,0.0
3,75642724,-,20,29443887,-,THYM,813,TCGA-X7-A8DF-01A,TCGA-X7-A8DF-01A,1.0,0.0,0.0,0.0,0.0
3,90846866,+,3,90951297,-,THYM,814,TCGA-X7-A8DF-01A,TCGA-X7-A8DF-01A,1.0,0.0,0.0,0.0,0.0
3,90867534,+,3,90964334,-,THYM,815,TCGA-X7-A8DF-01A,TCGA-X7-A8DF-01A,1.0,0.0,0.0,0.0,0.0
5,49705983,-,5,49710994,+,THYM,816,TCGA-X7-A8DF-01A,TCGA-X7-A8DF-01A,1.0,0.0,0.0,0.0,0.0
6,6523691,-,6,115104866,-,THYM,817,TCGA-X7-A8DF-01A,TCGA-X7-A8DF-01A,1.0,0.0,0.0,0.0,0.0
6,6793814,+,6,8865288,+,THYM,818,TCGA-X7-A8DF-01A,TCGA-X7-A8DF-01A,1.0,0.0,0.0,0.0,0.0
6,7020619,-,6,95847517,+,THYM,819,TCGA-X7-A8DF-01A,TCGA-X7-A8DF-01A,1.0,0.0,0.0,0.0,0.0
6,7026901,-,6,118885139,-,THYM,820,TCGA-X7-A8DF-01A,TCGA-X7-A8DF-01A,1.0,0.0,0.0,0.0,0.0
6,7142737,+,6,95694922,+,THYM,821,TCGA-X7-A8DF-01A,TCGA-X7-A8DF-01A,1.0,0.0,0.0,0.0,0.0
6,7142770,-,6,75206123,-,THYM,822,TCGA-X7-A8DF-01A,TCGA-X7-A8DF-01A,1.0,0.0,0.0,0.0,0.0
6,8648980,+,6,25019965,+,THYM,823,TCGA-X7-A8DF-01A,TCGA-X7-A8DF-01A,1.0,0.0,0.0,0.0,0.0
6,8649002,-,6,23803977,-,THYM,824,TCGA-X7-A8DF-01A,TCGA-X7-A8DF-01A,1.0,0.0,0.0,0.0,0.0
6,8649836,+,6,115291358,-,THYM,825,TCGA-X7-A8DF-01A,TCGA-X7-A8DF-01A,1.0,0.0,0.0,0.0,0.0
6,8649876,-,6,161066861,+,THYM,826,TCGA-X7-A8DF-01A,TCGA-X7-A8DF-01A,1.0,0.0,0.0,0.0,0.0
6,8650525,+,6,23803964,+,THYM,827,TCGA-X7-A8DF-01A,TCGA-X7-A8DF-01A,1.0,0.0,0.0,0.0,0.0
6,8650537,-,6,20424752,-,THYM,828,TCGA-X7-A8DF-01A,TCGA-X7-A8DF-01A,1.0,0.0,0.0,0.0,0.0
6,8866247,-,6,14581105,-,THYM,829,TCGA-X7-A8DF-01A,TCGA-X7-A8DF-01A,1.0,0.0,0.0,0.0,0.0
6,8871326,+,6,97228078,+,THYM,830,TCGA-X7-A8DF-01A,TCGA-X7-A8DF-01A,1.0,0.0,0.0,0.0,0.0
6,11499078,-,6,75817815,-,THYM,831,TCGA-X7-A8DF-01A,TCGA-X7-A8DF-01A,1.0,0.0,0.0,0.0,0.0
6,11807686,+,6,97024461,+,THYM,832,TCGA-X7-A8DF-01A,TCGA-X7-A8DF-01A,1.0,0.0,0.0,0.0,0.0
6,12563052,-,6,115291033,-,THYM,833,TCGA-X7-A8DF-01A,TCGA-X7-A8DF-01A,1.0,0.0,0.0,0.0,0.0
6,12566160,-,6,115290993,+,THYM,834,TCGA-X7-A8DF-01A,TCGA-X7-A8DF-01A,1.0,0.0,0.0,0.0,0.0
6,12566162,+,6,115305999,-,THYM,835,TCGA-X7-A8DF-01A,TCGA-X7-A8DF-01A,1.0,0.0,0.0,0.0,0.0
6,14582673,+,6,161053546,+,THYM,836,TCGA-X7-A8DF-01A,TCGA-X7-A8DF-01A,1.0,0.0,0.0,0.0,0.0
6,14582700,-,6,23800401,+,THYM,837,TCGA-X7-A8DF-01A,TCGA-X7-A8DF-01A,1.0,0.0,0.0,0.0,0.0
6,20424658,+,6,158024238,-,THYM,838,TCGA-X7-A8DF-01A,TCGA-X7-A8DF-01A,1.0,0.0,0.0,0.0,0.0
6,20641756,+,6,118878815,-,THYM,839,TCGA-X7-A8DF-01A,TCGA-X7-A8DF-01A,1.0,0.0,0.0,0.0,0.0
6,23588259,-,6,95847972,-,THYM,840,TCGA-X7-A8DF-01A,TCGA-X7-A8DF-01A,1.0,0.0,0.0,0.0,0.0
6,23800438,-,6,117101269,+,THYM,841,TCGA-X7-A8DF-01A,TCGA-X7-A8DF-01A,1.0,0.0,0.0,0.0,0.0
6,25629874,+,6,115289891,+,THYM,842,TCGA-X7-A8DF-01A,TCGA-X7-A8DF-01A,1.0,0.0,0.0,0.0,0.0
6,25630297,-,6,161066984,-,THYM,843,TCGA-X7-A8DF-01A,TCGA-X7-A8DF-01A,1.0,0.0,0.0,0.0,0.0
6,25832105,+,6,117101299,-,THYM,844,TCGA-X7-A8DF-01A,TCGA-X7-A8DF-01A,1.0,0.0,0.0,0.0,0.0
6,70968295,+,6,115289923,-,THYM,845,TCGA-X7-A8DF-01A,TCGA-X7-A8DF-01A,1.0,0.0,0.0,0.0,0.0
6,70968345,-,6,115289788,+,THYM,846,TCGA-X7-A8DF-01A,TCGA-X7-A8DF-01A,1.0,0.0,0.0,0.0,0.0
6,75206074,+,6,75818384,+,THYM,847,TCGA-X7-A8DF-01A,TCGA-X7-A8DF-01A,1.0,0.0,0.0,0.0,0.0
6,75206351,+,6,161066632,-,THYM,848,TCGA-X7-A8DF-01A,TCGA-X7-A8DF-01A,1.0,0.0,0.0,0.0,0.0
6,75818442,-,6,117100666,+,THYM,849,TCGA-X7-A8DF-01A,TCGA-X7-A8DF-01A,1.0,0.0,0.0,0.0,0.0
6,95840329,-,6,117292225,+,THYM,850,TCGA-X7-A8DF-01A,TCGA-X7-A8DF-01A,1.0,0.0,0.0,0.0,0.0
6,97024518,-,6,121183551,+,THYM,851,TCGA-X7-A8DF-01A,TCGA-X7-A8DF-01A,1.0,0.0,0.0,0.0,0.0
6,115291196,+,6,117100676,-,THYM,852,TCGA-X7-A8DF-01A,TCGA-X7-A8DF-01A,1.0,0.0,0.0,0.0,0.0
6,115305964,+,6,161053582,-,THYM,853,TCGA-X7-A8DF-01A,TCGA-X7-A8DF-01A,1.0,0.0,0.0,0.0,0.0
6,118884523,+,6,161219538,+,THYM,854,TCGA-X7-A8DF-01A,TCGA-X7-A8DF-01A,1.0,0.0,0.0,0.0,0.0
7,85854453,+,7,85855603,-,THYM,855,TCGA-X7-A8DF-01A,TCGA-X7-A8DF-01A,1.0,0.0,0.0,0.0,0.0
7,101864823,+,7,101865892,-,THYM,856,TCGA-X7-A8DF-01A,TCGA-X7-A8DF-01A,1.0,0.0,0.0,0.0,0.0
9,42295698,+,9,66824384,+,THYM,857,TCGA-X7-A8DF-01A,TCGA-X7-A8DF-01A,1.0,0.0,0.0,0.0,0.0
1,122065920,+,1,122138114,-,THYM,858,TCGA-X7-A8DG-01A,TCGA-X7-A8DG-01A,1.0,0.0,0.0,0.0,0.0
1,124852896,+,1,124900157,-,THYM,859,TCGA-X7-A8DG-01A,TCGA-X7-A8DG-01A,1.0,0.0,0.0,0.0,0.0
11,53258937,-,11,53771725,+,THYM,860,TCGA-X7-A8DG-01A,TCGA-X7-A8DG-01A,1.0,0.0,0.0,0.0,0.0
13,16703165,-,13,17249478,+,THYM,861,TCGA-X7-A8DG-01A,TCGA-X7-A8DG-01A,1.0,0.0,0.0,0.0,0.0
13,18815265,+,21,13913701,-,THYM,862,TCGA-X7-A8DG-01A,TCGA-X7-A8DG-01A,1.0,0.0,0.0,0.0,0.0
2,6253299,+,23,23972004,+,THYM,863,TCGA-X7-A8DG-01A,TCGA-X7-A8DG-01A,1.0,0.0,0.0,0.0,0.0
2,151773981,+,6,31201088,+,THYM,864,TCGA-X7-A8DG-01A,TCGA-X7-A8DG-01A,1.0,0.0,0.0,0.0,0.0
20,3010347,-,23,41830586,+,THYM,865,TCGA-X7-A8DG-01A,TCGA-X7-A8DG-01A,1.0,0.0,0.0,0.0,0.0
20,26448391,-,20,26545606,+,THYM,866,TCGA-X7-A8DG-01A,TCGA-X7-A8DG-01A,1.0,0.0,0.0,0.0,0.0
20,29664484,+,20,30191970,+,THYM,867,TCGA-X7-A8DG-01A,TCGA-X7-A8DG-01A,1.0,0.0,0.0,0.0,0.0
20,30002326,+,20,30137012,-,THYM,868,TCGA-X7-A8DG-01A,TCGA-X7-A8DG-01A,1.0,0.0,0.0,0.0,0.0
3,90788702,-,3,90956213,+,THYM,869,TCGA-X7-A8DG-01A,TCGA-X7-A8DG-01A,1.0,0.0,0.0,0.0,0.0
3,93727866,-,5,120282111,+,THYM,870,TCGA-X7-A8DG-01A,TCGA-X7-A8DG-01A,1.0,0.0,0.0,0.0,0.0
4,156517985,+,4,166051298,+,THYM,871,TCGA-X7-A8DG-01A,TCGA-X7-A8DG-01A,1.0,0.0,0.0,0.0,0.0
7,130008201,-,14,95763769,-,THYM,872,TCGA-X7-A8DG-01A,TCGA-X7-A8DG-01A,1.0,0.0,0.0,0.0,0.0
9,28506505,-,13,39285921,-,THYM,873,TCGA-X7-A8DG-01A,TCGA-X7-A8DG-01A,1.0,0.0,0.0,0.0,0.0
1,77433675,+,8,133312988,+,THYM,874,TCGA-X7-A8DI-01A,TCGA-X7-A8DI-01A,1.0,0.0,0.0,0.0,0.0
1,219411125,+,8,23173832,+,THYM,875,TCGA-X7-A8DI-01A,TCGA-X7-A8DI-01A,1.0,0.0,0.0,0.0,0.0
11,52650372,+,11,54066128,-,THYM,876,TCGA-X7-A8DI-01A,TCGA-X7-A8DI-01A,1.0,0.0,0.0,0.0,0.0
11,52932584,-,11,53030284,+,THYM,877,TCGA-X7-A8DI-01A,TCGA-X7-A8DI-01A,1.0,0.0,0.0,0.0,0.0
13,17788745,+,13,18000003,-,THYM,878,TCGA-X7-A8DI-01A,TCGA-X7-A8DI-01A,1.0,0.0,0.0,0.0,0.0
14,22439007,+,14,22469041,+,THYM,879,TCGA-X7-A8DI-01A,TCGA-X7-A8DI-01A,1.0,0.0,0.0,0.0,0.0
14,22450091,-,14,22469042,-,THYM,880,TCGA-X7-A8DI-01A,TCGA-X7-A8DI-01A,1.0,0.0,0.0,0.0,0.0
17,31335296,+,20,22327922,+,THYM,881,TCGA-X7-A8DI-01A,TCGA-X7-A8DI-01A,1.0,0.0,0.0,0.0,0.0
2,92998141,+,2,93602587,-,THYM,882,TCGA-X7-A8DI-01A,TCGA-X7-A8DI-01A,1.0,0.0,0.0,0.0,0.0
20,13803349,+,20,13805606,-,THYM,883,TCGA-X7-A8DI-01A,TCGA-X7-A8DI-01A,1.0,0.0,0.0,0.0,0.0
20,26448361,-,20,26545415,+,THYM,884,TCGA-X7-A8DI-01A,TCGA-X7-A8DI-01A,1.0,0.0,0.0,0.0,0.0
20,29963646,-,20,29969275,+,THYM,885,TCGA-X7-A8DI-01A,TCGA-X7-A8DI-01A,1.0,0.0,0.0,0.0,0.0
9,39676583,+,9,42432939,-,THYM,886,TCGA-X7-A8DI-01A,TCGA-X7-A8DI-01A,1.0,0.0,0.0,0.0,0.0
11,70348103,+,13,95319427,-,THYM,887,TCGA-X7-A8DJ-01A,TCGA-X7-A8DJ-01A,1.0,0.0,0.0,0.0,0.0
12,54110144,+,20,29564402,+,THYM,888,TCGA-X7-A8DJ-01A,TCGA-X7-A8DJ-01A,1.0,0.0,0.0,0.0,0.0
18,15665523,-,18,15711648,+,THYM,889,TCGA-X7-A8DJ-01A,TCGA-X7-A8DJ-01A,1.0,0.0,0.0,0.0,0.0
2,214603383,+,19,47470349,-,THYM,890,TCGA-X7-A8DJ-01A,TCGA-X7-A8DJ-01A,1.0,0.0,0.0,0.0,0.0
2,241209039,-,19,30213200,-,THYM,891,TCGA-X7-A8DJ-01A,TCGA-X7-A8DJ-01A,1.0,0.0,0.0,0.0,0.0
21,12986730,+,22,16056947,-,THYM,892,TCGA-X7-A8DJ-01A,TCGA-X7-A8DJ-01A,1.0,0.0,0.0,0.0,0.0
21,44954761,+,21,44956695,-,THYM,893,TCGA-X7-A8DJ-01A,TCGA-X7-A8DJ-01A,1.0,0.0,0.0,0.0,0.0
22,23344652,-,22,24674983,+,THYM,894,TCGA-X7-A8DJ-01A,TCGA-X7-A8DJ-01A,1.0,0.0,0.0,0.0,0.0
7,56838345,+,7,63738813,+,THYM,895,TCGA-X7-A8DJ-01A,TCGA-X7-A8DJ-01A,1.0,0.0,0.0,0.0,0.0
7,62567441,-,9,64937822,-,THYM,896,TCGA-X7-A8DJ-01A,TCGA-X7-A8DJ-01A,1.0,0.0,0.0,0.0,0.0
7,152241302,-,13,18329501,-,THYM,897,TCGA-X7-A8DJ-01A,TCGA-X7-A8DJ-01A,1.0,0.0,0.0,0.0,0.0
1,121062,-,1,712062,+,THYM,898,TCGA-X7-A8M0-01A,TCGA-X7-A8M0-01A,1.0,0.0,0.0,0.0,0.0
1,40562906,-,10,98539493,-,THYM,899,TCGA-X7-A8M0-01A,TCGA-X7-A8M0-01A,1.0,0.0,0.0,0.0,0.0
10,38668418,-,10,42254676,-,THYM,900,TCGA-X7-A8M0-01A,TCGA-X7-A8M0-01A,1.0,0.0,0.0,0.0,0.0
10,44009403,-,10,47630900,-,THYM,901,TCGA-X7-A8M0-01A,TCGA-X7-A8M0-01A,1.0,0.0,0.0,0.0,0.0
10,45513535,+,10,61536884,-,THYM,902,TCGA-X7-A8M0-01A,TCGA-X7-A8M0-01A,1.0,0.0,0.0,0.0,0.0
10,45695813,-,10,54225226,+,THYM,903,TCGA-X7-A8M0-01A,TCGA-X7-A8M0-01A,1.0,0.0,0.0,0.0,0.0
10,46635250,+,10,62622062,+,THYM,904,TCGA-X7-A8M0-01A,TCGA-X7-A8M0-01A,1.0,0.0,0.0,0.0,0.0
10,47434036,-,10,61502403,-,THYM,905,TCGA-X7-A8M0-01A,TCGA-X7-A8M0-01A,1.0,0.0,0.0,0.0,0.0
10,48647368,+,10,58721627,+,THYM,906,TCGA-X7-A8M0-01A,TCGA-X7-A8M0-01A,1.0,0.0,0.0,0.0,0.0
10,53711864,-,10,81149269,-,THYM,907,TCGA-X7-A8M0-01A,TCGA-X7-A8M0-01A,1.0,0.0,0.0,0.0,0.0
10,55698365,-,10,55770188,-,THYM,908,TCGA-X7-A8M0-01A,TCGA-X7-A8M0-01A,1.0,0.0,0.0,0.0,0.0
10,82181156,+,10,83482375,+,THYM,909,TCGA-X7-A8M0-01A,TCGA-X7-A8M0-01A,1.0,0.0,0.0,0.0,0.0
10,82984375,-,10,91336748,-,THYM,910,TCGA-X7-A8M0-01A,TCGA-X7-A8M0-01A,1.0,0.0,0.0,0.0,0.0
10,130574461,-,12,22655776,+,THYM,911,TCGA-X7-A8M0-01A,TCGA-X7-A8M0-01A,1.0,0.0,0.0,0.0,0.0
11,54386545,-,11,54413178,+,THYM,912,TCGA-X7-A8M0-01A,TCGA-X7-A8M0-01A,1.0,0.0,0.0,0.0,0.0
13,91324085,+,23,67156829,-,THYM,913,TCGA-X7-A8M0-01A,TCGA-X7-A8M0-01A,1.0,0.0,0.0,0.0,0.0
14,86627881,-,23,67157515,+,THYM,914,TCGA-X7-A8M0-01A,TCGA-X7-A8M0-01A,1.0,0.0,0.0,0.0,0.0
17,22822320,-,17,23049596,+,THYM,915,TCGA-X7-A8M0-01A,TCGA-X7-A8M0-01A,1.0,0.0,0.0,0.0,0.0
18,15665529,-,18,15711643,+,THYM,916,TCGA-X7-A8M0-01A,TCGA-X7-A8M0-01A,1.0,0.0,0.0,0.0,0.0
18,15731761,+,18,15743591,-,THYM,917,TCGA-X7-A8M0-01A,TCGA-X7-A8M0-01A,1.0,0.0,0.0,0.0,0.0
2,47955959,-,6,15061041,+,THYM,918,TCGA-X7-A8M0-01A,TCGA-X7-A8M0-01A,1.0,0.0,0.0,0.0,0.0
2,166644838,+,10,73425721,+,THYM,919,TCGA-X7-A8M0-01A,TCGA-X7-A8M0-01A,1.0,0.0,0.0,0.0,0.0
3,90824492,+,3,91210079,-,THYM,920,TCGA-X7-A8M0-01A,TCGA-X7-A8M0-01A,1.0,0.0,0.0,0.0,0.0
3,91025760,-,3,91116699,+,THYM,921,TCGA-X7-A8M0-01A,TCGA-X7-A8M0-01A,1.0,0.0,0.0,0.0,0.0
3,157972255,-,5,18435477,+,THYM,922,TCGA-X7-A8M0-01A,TCGA-X7-A8M0-01A,1.0,0.0,0.0,0.0,0.0
4,61711458,-,23,113988987,-,THYM,923,TCGA-X7-A8M0-01A,TCGA-X7-A8M0-01A,1.0,0.0,0.0,0.0,0.0
4,64795918,+,4,65106832,-,THYM,924,TCGA-X7-A8M0-01A,TCGA-X7-A8M0-01A,1.0,0.0,0.0,0.0,0.0
5,49677407,-,5,49706225,+,THYM,925,TCGA-X7-A8M0-01A,TCGA-X7-A8M0-01A,1.0,0.0,0.0,0.0,0.0
6,64069717,+,10,93055423,+,THYM,926,TCGA-X7-A8M0-01A,TCGA-X7-A8M0-01A,1.0,0.0,0.0,0.0,0.0
7,57710947,-,20,30220324,+,THYM,927,TCGA-X7-A8M0-01A,TCGA-X7-A8M0-01A,1.0,0.0,0.0,0.0,0.0
7,61430751,-,7,61449898,+,THYM,928,TCGA-X7-A8M0-01A,TCGA-X7-A8M0-01A,1.0,0.0,0.0,0.0,0.0
7,109397845,+,13,91322801,-,THYM,929,TCGA-X7-A8M0-01A,TCGA-X7-A8M0-01A,1.0,0.0,0.0,0.0,0.0
1,45955239,+,22,39500976,-,THYM,930,TCGA-X7-A8M1-01A,TCGA-X7-A8M1-01A,1.0,0.0,0.0,0.0,0.0
1,85996493,-,17,82726040,+,THYM,931,TCGA-X7-A8M1-01A,TCGA-X7-A8M1-01A,1.0,0.0,0.0,0.0,0.0
1,124827016,-,1,124839278,+,THYM,932,TCGA-X7-A8M1-01A,TCGA-X7-A8M1-01A,1.0,0.0,0.0,0.0,0.0
1,216050581,-,6,89898223,+,THYM,933,TCGA-X7-A8M1-01A,TCGA-X7-A8M1-01A,1.0,0.0,0.0,0.0,0.0
10,121588696,+,18,58964873,+,THYM,934,TCGA-X7-A8M1-01A,TCGA-X7-A8M1-01A,1.0,0.0,0.0,0.0,0.0
13,16385362,-,13,16679316,+,THYM,935,TCGA-X7-A8M1-01A,TCGA-X7-A8M1-01A,1.0,0.0,0.0,0.0,0.0
17,23100065,+,17,23172640,-,THYM,936,TCGA-X7-A8M1-01A,TCGA-X7-A8M1-01A,1.0,0.0,0.0,0.0,0.0
18,15465995,-,18,15561569,+,THYM,937,TCGA-X7-A8M1-01A,TCGA-X7-A8M1-01A,1.0,0.0,0.0,0.0,0.0
18,15573651,+,18,15770474,-,THYM,938,TCGA-X7-A8M1-01A,TCGA-X7-A8M1-01A,1.0,0.0,0.0,0.0,0.0
19,49960427,-,19,49970164,-,THYM,939,TCGA-X7-A8M1-01A,TCGA-X7-A8M1-01A,1.0,0.0,0.0,0.0,0.0
20,26444010,-,20,26460287,+,THYM,940,TCGA-X7-A8M1-01A,TCGA-X7-A8M1-01A,1.0,0.0,0.0,0.0,0.0
20,29290753,-,24,10206466,-,THYM,941,TCGA-X7-A8M1-01A,TCGA-X7-A8M1-01A,1.0,0.0,0.0,0.0,0.0
3,91226617,+,3,91243026,-,THYM,942,TCGA-X7-A8M1-01A,TCGA-X7-A8M1-01A,1.0,0.0,0.0,0.0,0.0
9,42331102,+,9,66790910,+,THYM,943,TCGA-X7-A8M1-01A,TCGA-X7-A8M1-01A,1.0,0.0,0.0,0.0,0.0
1,77433654,+,8,133313082,+,THYM,944,TCGA-X7-A8M3-01A,TCGA-X7-A8M3-01A,1.0,0.0,0.0,0.0,0.0
1,122167129,-,1,122185508,+,THYM,945,TCGA-X7-A8M3-01A,TCGA-X7-A8M3-01A,1.0,0.0,0.0,0.0,0.0
1,122262361,+,1,122348316,-,THYM,946,TCGA-X7-A8M3-01A,TCGA-X7-A8M3-01A,1.0,0.0,0.0,0.0,0.0
1,122921360,+,1,123540518,-,THYM,947,TCGA-X7-A8M3-01A,TCGA-X7-A8M3-01A,1.0,0.0,0.0,0.0,0.0
1,244080535,-,13,48455543,+,THYM,948,TCGA-X7-A8M3-01A,TCGA-X7-A8M3-01A,1.0,0.0,0.0,0.0,0.0
1,244227488,+,13,48455585,-,THYM,949,TCGA-X7-A8M3-01A,TCGA-X7-A8M3-01A,1.0,0.0,0.0,0.0,0.0
10,66188631,+,14,50791839,+,THYM,950,TCGA-X7-A8M3-01A,TCGA-X7-A8M3-01A,1.0,0.0,0.0,0.0,0.0
11,119728711,+,11,119729993,-,THYM,951,TCGA-X7-A8M3-01A,TCGA-X7-A8M3-01A,1.0,0.0,0.0,0.0,0.0
13,16610216,-,13,16665336,+,THYM,952,TCGA-X7-A8M3-01A,TCGA-X7-A8M3-01A,1.0,0.0,0.0,0.0,0.0
13,17489755,-,13,17980627,+,THYM,953,TCGA-X7-A8M3-01A,TCGA-X7-A8M3-01A,1.0,0.0,0.0,0.0,0.0
13,18844520,+,21,13943768,-,THYM,954,TCGA-X7-A8M3-01A,TCGA-X7-A8M3-01A,1.0,0.0,0.0,0.0,0.0
13,67823178,+,15,44418060,-,THYM,955,TCGA-X7-A8M3-01A,TCGA-X7-A8M3-01A,1.0,0.0,0.0,0.0,0.0
16,34173201,+,20,28748438,-,THYM,956,TCGA-X7-A8M3-01A,TCGA-X7-A8M3-01A,1.0,0.0,0.0,0.0,0.0
16,34173315,-,20,28748805,+,THYM,957,TCGA-X7-A8M3-01A,TCGA-X7-A8M3-01A,1.0,0.0,0.0,0.0,0.0
17,23028691,-,17,23042961,+,THYM,958,TCGA-X7-A8M3-01A,TCGA-X7-A8M3-01A,1.0,0.0,0.0,0.0,0.0
18,15730450,+,18,20667588,-,THYM,959,TCGA-X7-A8M3-01A,TCGA-X7-A8M3-01A,1.0,0.0,0.0,0.0,0.0
2,144491509,-,2,144644564,+,THYM,960,TCGA-X7-A8M3-01A,TCGA-X7-A8M3-01A,1.0,0.0,0.0,0.0,0.0
2,147777357,+,7,88110844,+,THYM,961,TCGA-X7-A8M3-01A,TCGA-X7-A8M3-01A,1.0,0.0,0.0,0.0,0.0
2,222866744,-,19,15170629,+,THYM,962,TCGA-X7-A8M3-01A,TCGA-X7-A8M3-01A,1.0,0.0,0.0,0.0,0.0
20,26441496,-,20,26464663,+,THYM,963,TCGA-X7-A8M3-01A,TCGA-X7-A8M3-01A,1.0,0.0,0.0,0.0,0.0
22,23343982,-,22,24674405,+,THYM,964,TCGA-X7-A8M3-01A,TCGA-X7-A8M3-01A,1.0,0.0,0.0,0.0,0.0
3,55720143,-,20,42184594,+,THYM,965,TCGA-X7-A8M3-01A,TCGA-X7-A8M3-01A,1.0,0.0,0.0,0.0,0.0
3,92438596,+,3,93144318,-,THYM,966,TCGA-X7-A8M3-01A,TCGA-X7-A8M3-01A,1.0,0.0,0.0,0.0,0.0
3,116297735,-,14,62162192,+,THYM,967,TCGA-X7-A8M3-01A,TCGA-X7-A8M3-01A,1.0,0.0,0.0,0.0,0.0
4,50189157,-,4,50993370,+,THYM,968,TCGA-X7-A8M3-01A,TCGA-X7-A8M3-01A,1.0,0.0,0.0,0.0,0.0
5,46539248,-,5,46550634,+,THYM,969,TCGA-X7-A8M3-01A,TCGA-X7-A8M3-01A,1.0,0.0,0.0,0.0,0.0
5,49739074,+,5,49866750,-,THYM,970,TCGA-X7-A8M3-01A,TCGA-X7-A8M3-01A,1.0,0.0,0.0,0.0,0.0
5,92867093,+,5,92903078,-,THYM,971,TCGA-X7-A8M3-01A,TCGA-X7-A8M3-01A,1.0,0.0,0.0,0.0,0.0
6,58449304,+,6,59576164,-,THYM,972,TCGA-X7-A8M3-01A,TCGA-X7-A8M3-01A,1.0,0.0,0.0,0.0,0.0
6,128150191,+,6,128256715,-,THYM,973,TCGA-X7-A8M3-01A,TCGA-X7-A8M3-01A,1.0,0.0,0.0,0.0,0.0
7,60121457,-,7,60535970,+,THYM,974,TCGA-X7-A8M3-01A,TCGA-X7-A8M3-01A,1.0,0.0,0.0,0.0,0.0
7,61430774,-,7,61449892,+,THYM,975,TCGA-X7-A8M3-01A,TCGA-X7-A8M3-01A,1.0,0.0,0.0,0.0,0.0
7,61822333,+,7,62234923,-,THYM,976,TCGA-X7-A8M3-01A,TCGA-X7-A8M3-01A,1.0,0.0,0.0,0.0,0.0
7,112882626,+,7,112944431,+,THYM,977,TCGA-X7-A8M3-01A,TCGA-X7-A8M3-01A,1.0,0.0,0.0,0.0,0.0
7,112934204,-,7,112944587,-,THYM,978,TCGA-X7-A8M3-01A,TCGA-X7-A8M3-01A,1.0,0.0,0.0,0.0,0.0
9,21930406,+,9,22032863,-,THYM,979,TCGA-X7-A8M3-01A,TCGA-X7-A8M3-01A,1.0,0.0,0.0,0.0,0.0
23,131761182,+,23,131777064,-,THYM,980,TCGA-X7-A8M3-01A,TCGA-X7-A8M3-01A,1.0,0.0,0.0,0.0,0.0
1,22806464,-,13,39569159,+,THYM,981,TCGA-X7-A8M4-01A,TCGA-X7-A8M4-01A,1.0,0.0,0.0,0.0,0.0
1,186402188,-,9,10065142,-,THYM,982,TCGA-X7-A8M4-01A,TCGA-X7-A8M4-01A,1.0,0.0,0.0,0.0,0.0
10,39561315,-,10,41709035,+,THYM,983,TCGA-X7-A8M4-01A,TCGA-X7-A8M4-01A,1.0,0.0,0.0,0.0,0.0
13,18698145,+,21,44977431,-,THYM,984,TCGA-X7-A8M4-01A,TCGA-X7-A8M4-01A,1.0,0.0,0.0,0.0,0.0
13,18874837,+,21,14064220,+,THYM,985,TCGA-X7-A8M4-01A,TCGA-X7-A8M4-01A,1.0,0.0,0.0,0.0,0.0
17,23131236,+,17,26628650,-,THYM,986,TCGA-X7-A8M4-01A,TCGA-X7-A8M4-01A,1.0,0.0,0.0,0.0,0.0
18,15470478,-,18,15686720,+,THYM,987,TCGA-X7-A8M4-01A,TCGA-X7-A8M4-01A,1.0,0.0,0.0,0.0,0.0
18,15666367,-,18,15729354,+,THYM,988,TCGA-X7-A8M4-01A,TCGA-X7-A8M4-01A,1.0,0.0,0.0,0.0,0.0
2,29831184,-,2,135117493,-,THYM,989,TCGA-X7-A8M4-01A,TCGA-X7-A8M4-01A,1.0,0.0,0.0,0.0,0.0
2,117383242,+,4,70391001,+,THYM,990,TCGA-X7-A8M4-01A,TCGA-X7-A8M4-01A,1.0,0.0,0.0,0.0,0.0
3,91047758,+,3,91225178,-,THYM,991,TCGA-X7-A8M4-01A,TCGA-X7-A8M4-01A,1.0,0.0,0.0,0.0,0.0
6,58945603,+,6,59263010,-,THYM,992,TCGA-X7-A8M4-01A,TCGA-X7-A8M4-01A,1.0,0.0,0.0,0.0,0.0
7,156659191,+,7,156660456,-,THYM,993,TCGA-X7-A8M4-01A,TCGA-X7-A8M4-01A,1.0,0.0,0.0,0.0,0.0
24,20100744,-,24,20157283,+,THYM,994,TCGA-X7-A8M4-01A,TCGA-X7-A8M4-01A,1.0,0.0,0.0,0.0,0.0
1,79805461,+,3,98020017,+,THYM,995,TCGA-X7-A8M5-01A,TCGA-X7-A8M5-01A,1.0,0.0,0.0,0.0,0.0
1,79805469,-,3,98019996,-,THYM,996,TCGA-X7-A8M5-01A,TCGA-X7-A8M5-01A,1.0,0.0,0.0,0.0,0.0
10,37243204,-,12,39361593,+,THYM,997,TCGA-X7-A8M5-01A,TCGA-X7-A8M5-01A,1.0,0.0,0.0,0.0,0.0
12,14354055,-,14,77269981,+,THYM,998,TCGA-X7-A8M5-01A,TCGA-X7-A8M5-01A,1.0,0.0,0.0,0.0,0.0
13,17711212,+,13,17968513,-,THYM,999,TCGA-X7-A8M5-01A,TCGA-X7-A8M5-01A,1.0,0.0,0.0,0.0,0.0
18,15473083,+,18,15699501,-,THYM,1000,TCGA-X7-A8M5-01A,TCGA-X7-A8M5-01A,1.0,0.0,0.0,0.0,0.0
2,92233373,-,2,93368234,+,THYM,1001,TCGA-X7-A8M5-01A,TCGA-X7-A8M5-01A,1.0,0.0,0.0,0.0,0.0
4,49735099,+,4,50189412,-,THYM,1002,TCGA-X7-A8M5-01A,TCGA-X7-A8M5-01A,1.0,0.0,0.0,0.0,0.0
5,49888897,-,5,49988253,+,THYM,1003,TCGA-X7-A8M5-01A,TCGA-X7-A8M5-01A,1.0,0.0,0.0,0.0,0.0
8,23015967,-,16,64489126,-,THYM,1004,TCGA-X7-A8M5-01A,TCGA-X7-A8M5-01A,1.0,0.0,0.0,0.0,0.0
9,43410922,-,9,45259755,+,THYM,1005,TCGA-X7-A8M5-01A,TCGA-X7-A8M5-01A,1.0,0.0,0.0,0.0,0.0
11,51596291,-,11,52584397,+,THYM,1006,TCGA-X7-A8M6-01A,TCGA-X7-A8M6-01A,1.0,0.0,0.0,0.0,0.0
13,17005723,+,13,17068416,-,THYM,1007,TCGA-X7-A8M6-01A,TCGA-X7-A8M6-01A,1.0,0.0,0.0,0.0,0.0
18,15601512,-,18,15755848,+,THYM,1008,TCGA-X7-A8M6-01A,TCGA-X7-A8M6-01A,1.0,0.0,0.0,0.0,0.0
2,95424306,-,2,113294834,-,THYM,1009,TCGA-X7-A8M6-01A,TCGA-X7-A8M6-01A,1.0,0.0,0.0,0.0,0.0
4,152949152,-,6,83450453,+,THYM,1010,TCGA-X7-A8M6-01A,TCGA-X7-A8M6-01A,1.0,0.0,0.0,0.0,0.0
5,46585060,+,5,46662280,-,THYM,1011,TCGA-X7-A8M6-01A,TCGA-X7-A8M6-01A,1.0,0.0,0.0,0.0,0.0
5,47230620,+,5,47242860,-,THYM,1012,TCGA-X7-A8M6-01A,TCGA-X7-A8M6-01A,1.0,0.0,0.0,0.0,0.0
6,153894956,+,20,29652679,+,THYM,1013,TCGA-X7-A8M6-01A,TCGA-X7-A8M6-01A,1.0,0.0,0.0,0.0,0.0
1,121938745,-,1,122055186,-,THYM,1014,TCGA-X7-A8M7-01A,TCGA-X7-A8M7-01A,1.0,0.0,0.0,0.0,0.0
10,39338152,+,10,39342004,-,THYM,1015,TCGA-X7-A8M7-01A,TCGA-X7-A8M7-01A,1.0,0.0,0.0,0.0,0.0
11,54351383,+,11,54387194,-,THYM,1016,TCGA-X7-A8M7-01A,TCGA-X7-A8M7-01A,1.0,0.0,0.0,0.0,0.0
12,50779191,+,24,2891919,-,THYM,1017,TCGA-X7-A8M7-01A,TCGA-X7-A8M7-01A,1.0,0.0,0.0,0.0,0.0
13,16298456,-,13,16628001,+,THYM,1018,TCGA-X7-A8M7-01A,TCGA-X7-A8M7-01A,1.0,0.0,0.0,0.0,0.0
13,16571301,+,13,16586227,-,THYM,1019,TCGA-X7-A8M7-01A,TCGA-X7-A8M7-01A,1.0,0.0,0.0,0.0,0.0
15,17024921,+,20,28784222,+,THYM,1020,TCGA-X7-A8M7-01A,TCGA-X7-A8M7-01A,1.0,0.0,0.0,0.0,0.0
15,90342665,+,23,583657,+,THYM,1021,TCGA-X7-A8M7-01A,TCGA-X7-A8M7-01A,1.0,0.0,0.0,0.0,0.0
17,22830029,-,17,23183167,+,THYM,1022,TCGA-X7-A8M7-01A,TCGA-X7-A8M7-01A,1.0,0.0,0.0,0.0,0.0
20,17919813,+,20,17932607,-,THYM,1023,TCGA-X7-A8M7-01A,TCGA-X7-A8M7-01A,1.0,0.0,0.0,0.0,0.0
3,155814129,-,3,155945155,-,THYM,1024,TCGA-X7-A8M7-01A,TCGA-X7-A8M7-01A,1.0,0.0,0.0,0.0,0.0
6,60655430,+,6,60660384,-,THYM,1025,TCGA-X7-A8M7-01A,TCGA-X7-A8M7-01A,1.0,0.0,0.0,0.0,0.0
1,53072909,+,5,174703022,+,THYM,1026,TCGA-X7-A8M8-01A,TCGA-X7-A8M8-01A,1.0,0.0,0.0,0.0,0.0
1,248161978,+,3,159828375,+,THYM,1027,TCGA-X7-A8M8-01A,TCGA-X7-A8M8-01A,1.0,0.0,0.0,0.0,0.0
13,16259144,-,20,28780592,-,THYM,1028,TCGA-X7-A8M8-01A,TCGA-X7-A8M8-01A,1.0,0.0,0.0,0.0,0.0
2,91749546,+,13,18289044,+,THYM,1029,TCGA-X7-A8M8-01A,TCGA-X7-A8M8-01A,1.0,0.0,0.0,0.0,0.0
3,193712826,+,10,56655632,+,THYM,1030,TCGA-X7-A8M8-01A,TCGA-X7-A8M8-01A,1.0,0.0,0.0,0.0,0.0
5,49770675,+,5,49832506,-,THYM,1031,TCGA-X7-A8M8-01A,TCGA-X7-A8M8-01A,1.0,0.0,0.0,0.0,0.0
5,91554596,-,16,78702008,-,THYM,1032,TCGA-X7-A8M8-01A,TCGA-X7-A8M8-01A,1.0,0.0,0.0,0.0,0.0
5,165780905,-,23,1213091,-,THYM,1033,TCGA-X7-A8M8-01A,TCGA-X7-A8M8-01A,1.0,0.0,0.0,0.0,0.0
7,155125962,-,9,110662633,+,THYM,1034,TCGA-X7-A8M8-01A,TCGA-X7-A8M8-01A,1.0,0.0,0.0,0.0,0.0
1,53170495,-,2,92271085,-,THYM,1035,TCGA-XH-A853-01A,TCGA-XH-A853-01A,1.0,0.0,0.0,0.0,0.0
11,51297246,+,11,53483111,-,THYM,1036,TCGA-XH-A853-01A,TCGA-XH-A853-01A,1.0,0.0,0.0,0.0,0.0
11,53258930,-,11,53771705,+,THYM,1037,TCGA-XH-A853-01A,TCGA-XH-A853-01A,1.0,0.0,0.0,0.0,0.0
11,76934662,-,23,71453089,+,THYM,1038,TCGA-XH-A853-01A,TCGA-XH-A853-01A,1.0,0.0,0.0,0.0,0.0
12,37311477,+,12,37380460,-,THYM,1039,TCGA-XH-A853-01A,TCGA-XH-A853-01A,1.0,0.0,0.0,0.0,0.0
13,16290780,-,13,16679136,+,THYM,1040,TCGA-XH-A853-01A,TCGA-XH-A853-01A,1.0,0.0,0.0,0.0,0.0
13,16697717,+,13,17148724,-,THYM,1041,TCGA-XH-A853-01A,TCGA-XH-A853-01A,1.0,0.0,0.0,0.0,0.0
18,20766605,-,18,20809191,+,THYM,1042,TCGA-XH-A853-01A,TCGA-XH-A853-01A,1.0,0.0,0.0,0.0,0.0
2,76974169,-,2,186556485,+,THYM,1043,TCGA-XH-A853-01A,TCGA-XH-A853-01A,1.0,0.0,0.0,0.0,0.0
2,94183877,-,2,94185628,+,THYM,1044,TCGA-XH-A853-01A,TCGA-XH-A853-01A,1.0,0.0,0.0,0.0,0.0
2,95891707,-,2,97209771,-,THYM,1045,TCGA-XH-A853-01A,TCGA-XH-A853-01A,1.0,0.0,0.0,0.0,0.0
2,106014422,+,2,123234450,-,THYM,1046,TCGA-XH-A853-01A,TCGA-XH-A853-01A,1.0,0.0,0.0,0.0,0.0
2,157098493,-,3,180489440,-,THYM,1047,TCGA-XH-A853-01A,TCGA-XH-A853-01A,1.0,0.0,0.0,0.0,0.0
2,171045426,+,16,87977986,-,THYM,1048,TCGA-XH-A853-01A,TCGA-XH-A853-01A,1.0,0.0,0.0,0.0,0.0
20,29950959,-,20,30037036,+,THYM,1049,TCGA-XH-A853-01A,TCGA-XH-A853-01A,1.0,0.0,0.0,0.0,0.0
3,90676813,-,3,90679267,+,THYM,1050,TCGA-XH-A853-01A,TCGA-XH-A853-01A,1.0,0.0,0.0,0.0,0.0
3,188760436,+,15,76510865,-,THYM,1051,TCGA-XH-A853-01A,TCGA-XH-A853-01A,1.0,0.0,0.0,0.0,0.0
4,69222198,+,4,69379067,+,THYM,1052,TCGA-XH-A853-01A,TCGA-XH-A853-01A,1.0,0.0,0.0,0.0,0.0
5,46539065,-,5,46550455,+,THYM,1053,TCGA-XH-A853-01A,TCGA-XH-A853-01A,1.0,0.0,0.0,0.0,0.0
5,47239621,-,5,47262462,+,THYM,1054,TCGA-XH-A853-01A,TCGA-XH-A853-01A,1.0,0.0,0.0,0.0,0.0
5,49853436,-,5,49915234,+,THYM,1055,TCGA-XH-A853-01A,TCGA-XH-A853-01A,1.0,0.0,0.0,0.0,0.0
6,29888747,+,6,29943538,-,THYM,1056,TCGA-XH-A853-01A,TCGA-XH-A853-01A,1.0,0.0,0.0,0.0,0.0
6,94447543,+,8,38060457,+,THYM,1057,TCGA-XH-A853-01A,TCGA-XH-A853-01A,1.0,0.0,0.0,0.0,0.0
7,95837845,+,7,97613921,+,THYM,1058,TCGA-XH-A853-01A,TCGA-XH-A853-01A,1.0,0.0,0.0,0.0,0.0
7,132562957,+,23,1169013,+,THYM,1059,TCGA-XH-A853-01A,TCGA-XH-A853-01A,1.0,0.0,0.0,0.0,0.0
8,23015992,-,16,64489151,-,THYM,1060,TCGA-XH-A853-01A,TCGA-XH-A853-01A,1.0,0.0,0.0,0.0,0.0
9,39582336,+,9,42339276,-,THYM,1061,TCGA-XH-A853-01A,TCGA-XH-A853-01A,1.0,0.0,0.0,0.0,0.0
1,122446687,-,1,122471302,+,THYM,1062,TCGA-XM-A8R8-01A,TCGA-XM-A8R8-01A,1.0,0.0,0.0,0.0,0.0
1,184800044,-,15,19845828,+,THYM,1063,TCGA-XM-A8R8-01A,TCGA-XM-A8R8-01A,1.0,0.0,0.0,0.0,0.0
1,236239911,-,15,50393644,+,THYM,1064,TCGA-XM-A8R8-01A,TCGA-XM-A8R8-01A,1.0,0.0,0.0,0.0,0.0
1,237473462,+,4,133581543,-,THYM,1065,TCGA-XM-A8R8-01A,TCGA-XM-A8R8-01A,1.0,0.0,0.0,0.0,0.0
12,35524099,-,12,37172508,+,THYM,1066,TCGA-XM-A8R8-01A,TCGA-XM-A8R8-01A,1.0,0.0,0.0,0.0,0.0
14,68794831,-,16,53010804,-,THYM,1067,TCGA-XM-A8R8-01A,TCGA-XM-A8R8-01A,1.0,0.0,0.0,0.0,0.0
3,91157222,-,3,91281900,-,THYM,1068,TCGA-XM-A8R8-01A,TCGA-XM-A8R8-01A,1.0,0.0,0.0,0.0,0.0
5,49668563,+,5,49677237,-,THYM,1069,TCGA-XM-A8R8-01A,TCGA-XM-A8R8-01A,1.0,0.0,0.0,0.0,0.0
6,1683342,+,6,3013013,-,THYM,1070,TCGA-XM-A8R8-01A,TCGA-XM-A8R8-01A,1.0,0.0,0.0,0.0,0.0
7,26201943,+,12,95287016,+,THYM,1071,TCGA-XM-A8R8-01A,TCGA-XM-A8R8-01A,1.0,0.0,0.0,0.0,0.0
1,16486024,-,1,16632817,+,THYM,1072,TCGA-XM-A8R9-01A,TCGA-XM-A8R9-01A,1.0,0.0,0.0,0.0,0.0
1,124302560,+,5,49622922,+,THYM,1073,TCGA-XM-A8R9-01A,TCGA-XM-A8R9-01A,1.0,0.0,0.0,0.0,0.0
1,124792795,+,1,124794300,-,THYM,1074,TCGA-XM-A8R9-01A,TCGA-XM-A8R9-01A,1.0,0.0,0.0,0.0,0.0
1,124795642,+,1,124803322,-,THYM,1075,TCGA-XM-A8R9-01A,TCGA-XM-A8R9-01A,1.0,0.0,0.0,0.0,0.0
10,40546058,-,10,40734542,+,THYM,1076,TCGA-XM-A8R9-01A,TCGA-XM-A8R9-01A,1.0,0.0,0.0,0.0,0.0
11,52842420,+,11,54145494,-,THYM,1077,TCGA-XM-A8R9-01A,TCGA-XM-A8R9-01A,1.0,0.0,0.0,0.0,0.0
11,54364966,-,11,54407136,+,THYM,1078,TCGA-XM-A8R9-01A,TCGA-XM-A8R9-01A,1.0,0.0,0.0,0.0,0.0
11,54399174,+,11,54417617,-,THYM,1079,TCGA-XM-A8R9-01A,TCGA-XM-A8R9-01A,1.0,0.0,0.0,0.0,0.0
13,16048175,-,13,16090273,+,THYM,1080,TCGA-XM-A8R9-01A,TCGA-XM-A8R9-01A,1.0,0.0,0.0,0.0,0.0
17,41312872,+,17,41457420,+,THYM,1081,TCGA-XM-A8R9-01A,TCGA-XM-A8R9-01A,1.0,0.0,0.0,0.0,0.0
17,41328971,-,21,45893239,-,THYM,1082,TCGA-XM-A8R9-01A,TCGA-XM-A8R9-01A,1.0,0.0,0.0,0.0,0.0
17,41460786,-,21,45538795,+,THYM,1083,TCGA-XM-A8R9-01A,TCGA-XM-A8R9-01A,1.0,0.0,0.0,0.0,0.0
17,41663719,+,17,41677286,-,THYM,1084,TCGA-XM-A8R9-01A,TCGA-XM-A8R9-01A,1.0,0.0,0.0,0.0,0.0
18,20221973,-,18,20222581,+,THYM,1085,TCGA-XM-A8R9-01A,TCGA-XM-A8R9-01A,1.0,0.0,0.0,0.0,0.0
2,95998157,+,2,97596306,-,THYM,1086,TCGA-XM-A8R9-01A,TCGA-XM-A8R9-01A,1.0,0.0,0.0,0.0,0.0
20,29720949,-,20,30148773,-,THYM,1087,TCGA-XM-A8R9-01A,TCGA-XM-A8R9-01A,1.0,0.0,0.0,0.0,0.0
22,18969554,-,22,42425597,+,THYM,1088,TCGA-XM-A8R9-01A,TCGA-XM-A8R9-01A,1.0,0.0,0.0,0.0,0.0
22,19011560,+,22,20132981,-,THYM,1089,TCGA-XM-A8R9-01A,TCGA-XM-A8R9-01A,1.0,0.0,0.0,0.0,0.0
22,19046349,-,22,45962032,-,THYM,1090,TCGA-XM-A8R9-01A,TCGA-XM-A8R9-01A,1.0,0.0,0.0,0.0,0.0
22,19098544,+,22,49948659,-,THYM,1091,TCGA-XM-A8R9-01A,TCGA-XM-A8R9-01A,1.0,0.0,0.0,0.0,0.0
22,19155735,-,22,44537778,+,THYM,1092,TCGA-XM-A8R9-01A,TCGA-XM-A8R9-01A,1.0,0.0,0.0,0.0,0.0
22,19156872,+,22,43244145,-,THYM,1093,TCGA-XM-A8R9-01A,TCGA-XM-A8R9-01A,1.0,0.0,0.0,0.0,0.0
22,19168243,-,22,44349455,-,THYM,1094,TCGA-XM-A8R9-01A,TCGA-XM-A8R9-01A,1.0,0.0,0.0,0.0,0.0
22,19455851,+,22,45783058,-,THYM,1095,TCGA-XM-A8R9-01A,TCGA-XM-A8R9-01A,1.0,0.0,0.0,0.0,0.0
22,19463418,-,22,45772361,+,THYM,1096,TCGA-XM-A8R9-01A,TCGA-XM-A8R9-01A,1.0,0.0,0.0,0.0,0.0
22,19905882,+,22,44218407,+,THYM,1097,TCGA-XM-A8R9-01A,TCGA-XM-A8R9-01A,1.0,0.0,0.0,0.0,0.0
22,20283815,+,22,46646576,+,THYM,1098,TCGA-XM-A8R9-01A,TCGA-XM-A8R9-01A,1.0,0.0,0.0,0.0,0.0
22,20296512,-,22,45796703,+,THYM,1099,TCGA-XM-A8R9-01A,TCGA-XM-A8R9-01A,1.0,0.0,0.0,0.0,0.0
22,26477653,+,22,32874347,-,THYM,1100,TCGA-XM-A8R9-01A,TCGA-XM-A8R9-01A,1.0,0.0,0.0,0.0,0.0
22,29687280,-,22,48249164,-,THYM,1101,TCGA-XM-A8R9-01A,TCGA-XM-A8R9-01A,1.0,0.0,0.0,0.0,0.0
22,31251925,-,22,39528438,-,THYM,1102,TCGA-XM-A8R9-01A,TCGA-XM-A8R9-01A,1.0,0.0,0.0,0.0,0.0
22,37792737,+,22,42338248,+,THYM,1103,TCGA-XM-A8R9-01A,TCGA-XM-A8R9-01A,1.0,0.0,0.0,0.0,0.0
22,38127987,+,22,49749248,+,THYM,1104,TCGA-XM-A8R9-01A,TCGA-XM-A8R9-01A,1.0,0.0,0.0,0.0,0.0
22,38138096,-,22,42440328,-,THYM,1105,TCGA-XM-A8R9-01A,TCGA-XM-A8R9-01A,1.0,0.0,0.0,0.0,0.0
22,38197939,+,22,45519719,-,THYM,1106,TCGA-XM-A8R9-01A,TCGA-XM-A8R9-01A,1.0,0.0,0.0,0.0,0.0
22,42619501,+,22,44157146,+,THYM,1107,TCGA-XM-A8R9-01A,TCGA-XM-A8R9-01A,1.0,0.0,0.0,0.0,0.0
22,42652857,-,22,46217874,-,THYM,1108,TCGA-XM-A8R9-01A,TCGA-XM-A8R9-01A,1.0,0.0,0.0,0.0,0.0
22,43228111,+,22,47200409,+,THYM,1109,TCGA-XM-A8R9-01A,TCGA-XM-A8R9-01A,1.0,0.0,0.0,0.0,0.0
22,43271738,+,22,44859755,-,THYM,1110,TCGA-XM-A8R9-01A,TCGA-XM-A8R9-01A,1.0,0.0,0.0,0.0,0.0
22,43546266,+,22,43888508,+,THYM,1111,TCGA-XM-A8R9-01A,TCGA-XM-A8R9-01A,1.0,0.0,0.0,0.0,0.0
22,43898949,-,22,45339122,+,THYM,1112,TCGA-XM-A8R9-01A,TCGA-XM-A8R9-01A,1.0,0.0,0.0,0.0,0.0
22,43970799,-,22,50423355,+,THYM,1113,TCGA-XM-A8R9-01A,TCGA-XM-A8R9-01A,1.0,0.0,0.0,0.0,0.0
22,44500919,-,22,45557339,-,THYM,1114,TCGA-XM-A8R9-01A,TCGA-XM-A8R9-01A,1.0,0.0,0.0,0.0,0.0
22,44685696,+,22,45548521,+,THYM,1115,TCGA-XM-A8R9-01A,TCGA-XM-A8R9-01A,1.0,0.0,0.0,0.0,0.0
22,44687610,-,22,45959773,+,THYM,1116,TCGA-XM-A8R9-01A,TCGA-XM-A8R9-01A,1.0,0.0,0.0,0.0,0.0
22,45122975,+,22,49936614,+,THYM,1117,TCGA-XM-A8R9-01A,TCGA-XM-A8R9-01A,1.0,0.0,0.0,0.0,0.0
22,45256009,-,22,45797312,-,THYM,1118,TCGA-XM-A8R9-01A,TCGA-XM-A8R9-01A,1.0,0.0,0.0,0.0,0.0
22,45612205,-,22,46351002,+,THYM,1119,TCGA-XM-A8R9-01A,TCGA-XM-A8R9-01A,1.0,0.0,0.0,0.0,0.0
22,46211645,+,22,50545309,-,THYM,1120,TCGA-XM-A8R9-01A,TCGA-XM-A8R9-01A,1.0,0.0,0.0,0.0,0.0
22,50021778,+,22,50103618,+,THYM,1121,TCGA-XM-A8R9-01A,TCGA-XM-A8R9-01A,1.0,0.0,0.0,0.0,0.0
3,56033014,+,10,125697659,-,THYM,1122,TCGA-XM-A8R9-01A,TCGA-XM-A8R9-01A,1.0,0.0,0.0,0.0,0.0
3,93324661,-,3,93394224,+,THYM,1123,TCGA-XM-A8R9-01A,TCGA-XM-A8R9-01A,1.0,0.0,0.0,0.0,0.0
3,195621986,-,3,195749893,+,THYM,1124,TCGA-XM-A8R9-01A,TCGA-XM-A8R9-01A,1.0,0.0,0.0,0.0,0.0
4,48659923,-,20,48610814,-,THYM,1125,TCGA-XM-A8R9-01A,TCGA-XM-A8R9-01A,1.0,0.0,0.0,0.0,0.0
4,50872826,-,4,51435218,+,THYM,1126,TCGA-XM-A8R9-01A,TCGA-XM-A8R9-01A,1.0,0.0,0.0,0.0,0.0
5,46685326,+,5,46772114,-,THYM,1127,TCGA-XM-A8R9-01A,TCGA-XM-A8R9-01A,1.0,0.0,0.0,0.0,0.0
5,49681657,+,5,49684536,-,THYM,1128,TCGA-XM-A8R9-01A,TCGA-XM-A8R9-01A,1.0,0.0,0.0,0.0,0.0
5,49707780,-,5,49832918,+,THYM,1129,TCGA-XM-A8R9-01A,TCGA-XM-A8R9-01A,1.0,0.0,0.0,0.0,0.0
5,49739916,+,5,49759289,-,THYM,1130,TCGA-XM-A8R9-01A,TCGA-XM-A8R9-01A,1.0,0.0,0.0,0.0,0.0
7,32128951,+,15,69124993,-,THYM,1131,TCGA-XM-A8R9-01A,TCGA-XM-A8R9-01A,1.0,0.0,0.0,0.0,0.0
7,124414962,-,12,26781995,-,THYM,1132,TCGA-XM-A8R9-01A,TCGA-XM-A8R9-01A,1.0,0.0,0.0,0.0,0.0
8,45080668,-,8,45427521,+,THYM,1133,TCGA-XM-A8R9-01A,TCGA-XM-A8R9-01A,1.0,0.0,0.0,0.0,0.0
8,102464427,-,23,1186037,+,THYM,1134,TCGA-XM-A8R9-01A,TCGA-XM-A8R9-01A,1.0,0.0,0.0,0.0,0.0
8,121970131,-,11,34877896,+,THYM,1135,TCGA-XM-A8R9-01A,TCGA-XM-A8R9-01A,1.0,0.0,0.0,0.0,0.0
9,7408083,-,9,9058721,-,THYM,1136,TCGA-XM-A8R9-01A,TCGA-XM-A8R9-01A,1.0,0.0,0.0,0.0,0.0
9,39582337,+,9,42339280,-,THYM,1137,TCGA-XM-A8R9-01A,TCGA-XM-A8R9-01A,1.0,0.0,0.0,0.0,0.0
9,138155868,+,18,68090,+,THYM,1138,TCGA-XM-A8R9-01A,TCGA-XM-A8R9-01A,1.0,0.0,0.0,0.0,0.0
1,77433648,+,8,133313017,+,THYM,1139,TCGA-XM-A8RB-01A,TCGA-XM-A8RB-01A,1.0,0.0,0.0,0.0,0.0
10,57322083,-,23,16576037,+,THYM,1140,TCGA-XM-A8RB-01A,TCGA-XM-A8RB-01A,1.0,0.0,0.0,0.0,0.0
11,48442763,+,11,54613990,-,THYM,1141,TCGA-XM-A8RB-01A,TCGA-XM-A8RB-01A,1.0,0.0,0.0,0.0,0.0
11,54343731,+,11,54406064,-,THYM,1142,TCGA-XM-A8RB-01A,TCGA-XM-A8RB-01A,1.0,0.0,0.0,0.0,0.0
11,64574140,-,23,122749506,+,THYM,1143,TCGA-XM-A8RB-01A,TCGA-XM-A8RB-01A,1.0,0.0,0.0,0.0,0.0
17,46098465,-,17,47084521,+,THYM,1144,TCGA-XM-A8RB-01A,TCGA-XM-A8RB-01A,1.0,0.0,0.0,0.0,0.0
18,15765237,+,18,15772031,-,THYM,1145,TCGA-XM-A8RB-01A,TCGA-XM-A8RB-01A,1.0,0.0,0.0,0.0,0.0
21,6429789,-,21,43038160,+,THYM,1146,TCGA-XM-A8RB-01A,TCGA-XM-A8RB-01A,1.0,0.0,0.0,0.0,0.0
5,62248095,+,15,20219235,-,THYM,1147,TCGA-XM-A8RB-01A,TCGA-XM-A8RB-01A,1.0,0.0,0.0,0.0,0.0
6,84249047,-,11,128585193,-,THYM,1148,TCGA-XM-A8RB-01A,TCGA-XM-A8RB-01A,1.0,0.0,0.0,0.0,0.0
7,38253427,+,7,38353717,-,THYM,1149,TCGA-XM-A8RB-01A,TCGA-XM-A8RB-01A,1.0,0.0,0.0,0.0,0.0
9,95282086,+,24,13212794,+,THYM,1150,TCGA-XM-A8RB-01A,TCGA-XM-A8RB-01A,1.0,0.0,0.0,0.0,0.0
1,10665661,-,17,43622959,-,THYM,1151,TCGA-XM-A8RC-01A,TCGA-XM-A8RC-01A,1.0,0.0,0.0,0.0,0.0
1,16256893,+,1,43729824,+,THYM,1152,TCGA-XM-A8RC-01A,TCGA-XM-A8RC-01A,1.0,0.0,0.0,0.0,0.0
1,16256947,-,1,94754630,-,THYM,1153,TCGA-XM-A8RC-01A,TCGA-XM-A8RC-01A,1.0,0.0,0.0,0.0,0.0
1,122900310,-,1,123308797,+,THYM,1154,TCGA-XM-A8RC-01A,TCGA-XM-A8RC-01A,1.0,0.0,0.0,0.0,0.0
1,124810752,+,1,124816957,-,THYM,1155,TCGA-XM-A8RC-01A,TCGA-XM-A8RC-01A,1.0,0.0,0.0,0.0,0.0
12,37254916,+,12,37260044,-,THYM,1156,TCGA-XM-A8RC-01A,TCGA-XM-A8RC-01A,1.0,0.0,0.0,0.0,0.0
12,53586655,-,15,99910296,+,THYM,1157,TCGA-XM-A8RC-01A,TCGA-XM-A8RC-01A,1.0,0.0,0.0,0.0,0.0
12,56995583,-,17,8362186,+,THYM,1158,TCGA-XM-A8RC-01A,TCGA-XM-A8RC-01A,1.0,0.0,0.0,0.0,0.0
13,40421675,-,18,42341912,+,THYM,1159,TCGA-XM-A8RC-01A,TCGA-XM-A8RC-01A,1.0,0.0,0.0,0.0,0.0
14,24482865,+,17,8296178,-,THYM,1160,TCGA-XM-A8RC-01A,TCGA-XM-A8RC-01A,1.0,0.0,0.0,0.0,0.0
16,34117410,+,24,10216872,+,THYM,1161,TCGA-XM-A8RC-01A,TCGA-XM-A8RC-01A,1.0,0.0,0.0,0.0,0.0
17,15000432,-,22,30947638,-,THYM,1162,TCGA-XM-A8RC-01A,TCGA-XM-A8RC-01A,1.0,0.0,0.0,0.0,0.0
2,93599024,+,11,119448954,-,THYM,1163,TCGA-XM-A8RC-01A,TCGA-XM-A8RC-01A,1.0,0.0,0.0,0.0,0.0
2,208105196,+,9,66823155,+,THYM,1164,TCGA-XM-A8RC-01A,TCGA-XM-A8RC-01A,1.0,0.0,0.0,0.0,0.0
22,30949713,+,22,30951232,-,THYM,1165,TCGA-XM-A8RC-01A,TCGA-XM-A8RC-01A,1.0,0.0,0.0,0.0,0.0
3,89631210,-,5,175578834,-,THYM,1166,TCGA-XM-A8RC-01A,TCGA-XM-A8RC-01A,1.0,0.0,0.0,0.0,0.0
5,11311855,+,5,11312685,-,THYM,1167,TCGA-XM-A8RC-01A,TCGA-XM-A8RC-01A,1.0,0.0,0.0,0.0,0.0
5,110909065,+,5,111699975,-,THYM,1168,TCGA-XM-A8RC-01A,TCGA-XM-A8RC-01A,1.0,0.0,0.0,0.0,0.0
5,130129549,+,5,130215525,-,THYM,1169,TCGA-XM-A8RC-01A,TCGA-XM-A8RC-01A,1.0,0.0,0.0,0.0,0.0
7,57710946,-,20,30220326,+,THYM,1170,TCGA-XM-A8RC-01A,TCGA-XM-A8RC-01A,1.0,0.0,0.0,0.0,0.0
7,60512610,+,7,61970434,-,THYM,1171,TCGA-XM-A8RC-01A,TCGA-XM-A8RC-01A,1.0,0.0,0.0,0.0,0.0
7,75790218,-,19,8981957,-,THYM,1172,TCGA-XM-A8RC-01A,TCGA-XM-A8RC-01A,1.0,0.0,0.0,0.0,0.0
8,45080683,-,8,45427510,+,THYM,1173,TCGA-XM-A8RC-01A,TCGA-XM-A8RC-01A,1.0,0.0,0.0,0.0,0.0
9,78534981,+,9,78573067,-,THYM,1174,TCGA-XM-A8RC-01A,TCGA-XM-A8RC-01A,1.0,0.0,0.0,0.0,0.0
9,110118010,+,20,11330574,+,THYM,1175,TCGA-XM-A8RC-01A,TCGA-XM-A8RC-01A,1.0,0.0,0.0,0.0,0.0
1,179246019,+,5,85392490,-,THYM,1176,TCGA-XM-A8RD-01A,TCGA-XM-A8RD-01A,1.0,0.0,0.0,0.0,0.0
1,234995518,-,6,70526733,-,THYM,1177,TCGA-XM-A8RD-01A,TCGA-XM-A8RD-01A,1.0,0.0,0.0,0.0,0.0
11,106762338,+,11,127125964,-,THYM,1178,TCGA-XM-A8RD-01A,TCGA-XM-A8RD-01A,1.0,0.0,0.0,0.0,0.0
14,22386823,+,14,22477710,-,THYM,1179,TCGA-XM-A8RD-01A,TCGA-XM-A8RD-01A,1.0,0.0,0.0,0.0,0.0
18,15573773,-,18,15772288,+,THYM,1180,TCGA-XM-A8RD-01A,TCGA-XM-A8RD-01A,1.0,0.0,0.0,0.0,0.0
2,131358399,-,22,15578467,+,THYM,1181,TCGA-XM-A8RD-01A,TCGA-XM-A8RD-01A,1.0,0.0,0.0,0.0,0.0
3,24562876,+,9,22042421,+,THYM,1182,TCGA-XM-A8RD-01A,TCGA-XM-A8RD-01A,1.0,0.0,0.0,0.0,0.0
3,24564245,-,9,21984987,-,THYM,1183,TCGA-XM-A8RD-01A,TCGA-XM-A8RD-01A,1.0,0.0,0.0,0.0,0.0
3,155814044,-,3,155945157,-,THYM,1184,TCGA-XM-A8RD-01A,TCGA-XM-A8RD-01A,1.0,0.0,0.0,0.0,0.0
4,50521834,+,4,51594864,-,THYM,1185,TCGA-XM-A8RD-01A,TCGA-XM-A8RD-01A,1.0,0.0,0.0,0.0,0.0
4,185663850,-,11,86521437,-,THYM,1186,TCGA-XM-A8RD-01A,TCGA-XM-A8RD-01A,1.0,0.0,0.0,0.0,0.0
5,49853407,-,5,49915242,+,THYM,1187,TCGA-XM-A8RD-01A,TCGA-XM-A8RD-01A,1.0,0.0,0.0,0.0,0.0
6,86894051,-,6,86900204,+,THYM,1188,TCGA-XM-A8RD-01A,TCGA-XM-A8RD-01A,1.0,0.0,0.0,0.0,0.0
8,44082079,-,8,44082447,+,THYM,1189,TCGA-XM-A8RD-01A,TCGA-XM-A8RD-01A,1.0,0.0,0.0,0.0,0.0
9,22042417,-,9,22478878,-,THYM,1190,TCGA-XM-A8RD-01A,TCGA-XM-A8RD-01A,1.0,0.0,0.0,0.0,0.0
9,40543501,-,15,19814915,-,THYM,1191,TCGA-XM-A8RD-01A,TCGA-XM-A8RD-01A,1.0,0.0,0.0,0.0,0.0
9,44603244,+,9,44780927,-,THYM,1192,TCGA-XM-A8RD-01A,TCGA-XM-A8RD-01A,1.0,0.0,0.0,0.0,0.0
11,53259021,-,11,53771724,+,THYM,1193,TCGA-XM-A8RE-01A,TCGA-XM-A8RE-01A,1.0,0.0,0.0,0.0,0.0
11,54382538,+,11,54396869,-,THYM,1194,TCGA-XM-A8RE-01A,TCGA-XM-A8RE-01A,1.0,0.0,0.0,0.0,0.0
11,54537479,-,11,54539449,+,THYM,1195,TCGA-XM-A8RE-01A,TCGA-XM-A8RE-01A,1.0,0.0,0.0,0.0,0.0
12,36488945,+,12,36911650,-,THYM,1196,TCGA-XM-A8RE-01A,TCGA-XM-A8RE-01A,1.0,0.0,0.0,0.0,0.0
14,21924651,-,14,22486228,+,THYM,1197,TCGA-XM-A8RE-01A,TCGA-XM-A8RE-01A,1.0,0.0,0.0,0.0,0.0
14,22386825,+,14,22450088,-,THYM,1198,TCGA-XM-A8RE-01A,TCGA-XM-A8RE-01A,1.0,0.0,0.0,0.0,0.0
2,95846782,-,2,113396034,-,THYM,1199,TCGA-XM-A8RE-01A,TCGA-XM-A8RE-01A,1.0,0.0,0.0,0.0,0.0
20,29228977,-,20,30931901,-,THYM,1200,TCGA-XM-A8RE-01A,TCGA-XM-A8RE-01A,1.0,0.0,0.0,0.0,0.0
22,23343969,-,22,24674415,+,THYM,1201,TCGA-XM-A8RE-01A,TCGA-XM-A8RE-01A,1.0,0.0,0.0,0.0,0.0
3,91024176,-,3,91212089,+,THYM,1202,TCGA-XM-A8RE-01A,TCGA-XM-A8RE-01A,1.0,0.0,0.0,0.0,0.0
4,58663978,+,4,58668023,+,THYM,1203,TCGA-XM-A8RE-01A,TCGA-XM-A8RE-01A,1.0,0.0,0.0,0.0,0.0
5,47058179,+,5,47128715,-,THYM,1204,TCGA-XM-A8RE-01A,TCGA-XM-A8RE-01A,1.0,0.0,0.0,0.0,0.0
5,49668386,-,5,49713885,+,THYM,1205,TCGA-XM-A8RE-01A,TCGA-XM-A8RE-01A,1.0,0.0,0.0,0.0,0.0
5,49968752,-,5,49979989,+,THYM,1206,TCGA-XM-A8RE-01A,TCGA-XM-A8RE-01A,1.0,0.0,0.0,0.0,0.0
6,29798122,-,6,29954589,+,THYM,1207,TCGA-XM-A8RE-01A,TCGA-XM-A8RE-01A,1.0,0.0,0.0,0.0,0.0
10,4982943,+,10,4984473,+,THYM,1208,TCGA-XM-A8RF-01A,TCGA-XM-A8RF-01A,1.0,0.0,0.0,0.0,0.0
10,46401814,-,14,38757992,+,THYM,1209,TCGA-XM-A8RF-01A,TCGA-XM-A8RF-01A,1.0,0.0,0.0,0.0,0.0
11,52811288,+,11,52852942,-,THYM,1210,TCGA-XM-A8RF-01A,TCGA-XM-A8RF-01A,1.0,0.0,0.0,0.0,0.0
12,36468202,-,12,37126843,+,THYM,1211,TCGA-XM-A8RF-01A,TCGA-XM-A8RF-01A,1.0,0.0,0.0,0.0,0.0
16,34911320,+,16,36177357,-,THYM,1212,TCGA-XM-A8RF-01A,TCGA-XM-A8RF-01A,1.0,0.0,0.0,0.0,0.0
17,76552276,+,17,76562661,-,THYM,1213,TCGA-XM-A8RF-01A,TCGA-XM-A8RF-01A,1.0,0.0,0.0,0.0,0.0
2,155331609,+,21,38692674,+,THYM,1214,TCGA-XM-A8RF-01A,TCGA-XM-A8RF-01A,1.0,0.0,0.0,0.0,0.0
22,24571270,+,22,36850302,+,THYM,1215,TCGA-XM-A8RF-01A,TCGA-XM-A8RF-01A,1.0,0.0,0.0,0.0,0.0
22,36849937,-,22,36850309,-,THYM,1216,TCGA-XM-A8RF-01A,TCGA-XM-A8RF-01A,1.0,0.0,0.0,0.0,0.0
3,2517156,+,3,37283468,+,THYM,1217,TCGA-XM-A8RF-01A,TCGA-XM-A8RF-01A,1.0,0.0,0.0,0.0,0.0
3,2633623,-,3,83683428,+,THYM,1218,TCGA-XM-A8RF-01A,TCGA-XM-A8RF-01A,1.0,0.0,0.0,0.0,0.0
3,2657465,+,9,137277073,-,THYM,1219,TCGA-XM-A8RF-01A,TCGA-XM-A8RF-01A,1.0,0.0,0.0,0.0,0.0
3,2663282,-,9,90754051,-,THYM,1220,TCGA-XM-A8RF-01A,TCGA-XM-A8RF-01A,1.0,0.0,0.0,0.0,0.0
3,2667718,+,9,135627757,-,THYM,1221,TCGA-XM-A8RF-01A,TCGA-XM-A8RF-01A,1.0,0.0,0.0,0.0,0.0
3,3620818,-,3,44075859,-,THYM,1222,TCGA-XM-A8RF-01A,TCGA-XM-A8RF-01A,1.0,0.0,0.0,0.0,0.0
3,3772465,+,3,44159599,-,THYM,1223,TCGA-XM-A8RF-01A,TCGA-XM-A8RF-01A,1.0,0.0,0.0,0.0,0.0
3,3785813,-,9,135196161,-,THYM,1224,TCGA-XM-A8RF-01A,TCGA-XM-A8RF-01A,1.0,0.0,0.0,0.0,0.0
3,4536563,+,3,4553889,-,THYM,1225,TCGA-XM-A8RF-01A,TCGA-XM-A8RF-01A,1.0,0.0,0.0,0.0,0.0
3,7361927,+,3,82691881,-,THYM,1226,TCGA-XM-A8RF-01A,TCGA-XM-A8RF-01A,1.0,0.0,0.0,0.0,0.0
3,8169500,-,3,84649791,+,THYM,1227,TCGA-XM-A8RF-01A,TCGA-XM-A8RF-01A,1.0,0.0,0.0,0.0,0.0
3,8219262,+,3,9059935,-,THYM,1228,TCGA-XM-A8RF-01A,TCGA-XM-A8RF-01A,1.0,0.0,0.0,0.0,0.0
3,8236684,-,3,42664623,+,THYM,1229,TCGA-XM-A8RF-01A,TCGA-XM-A8RF-01A,1.0,0.0,0.0,0.0,0.0
3,8955348,+,3,73958983,-,THYM,1230,TCGA-XM-A8RF-01A,TCGA-XM-A8RF-01A,1.0,0.0,0.0,0.0,0.0
3,37340304,-,3,74238180,+,THYM,1231,TCGA-XM-A8RF-01A,TCGA-XM-A8RF-01A,1.0,0.0,0.0,0.0,0.0
3,37950434,+,22,40317914,-,THYM,1232,TCGA-XM-A8RF-01A,TCGA-XM-A8RF-01A,1.0,0.0,0.0,0.0,0.0
3,38722172,-,17,82976688,+,THYM,1233,TCGA-XM-A8RF-01A,TCGA-XM-A8RF-01A,1.0,0.0,0.0,0.0,0.0
3,39453810,-,3,45002125,+,THYM,1234,TCGA-XM-A8RF-01A,TCGA-XM-A8RF-01A,1.0,0.0,0.0,0.0,0.0
3,40453254,+,3,74242466,-,THYM,1235,TCGA-XM-A8RF-01A,TCGA-XM-A8RF-01A,1.0,0.0,0.0,0.0,0.0
3,42636268,-,3,42887645,-,THYM,1236,TCGA-XM-A8RF-01A,TCGA-XM-A8RF-01A,1.0,0.0,0.0,0.0,0.0
3,42771386,-,3,85523261,-,THYM,1237,TCGA-XM-A8RF-01A,TCGA-XM-A8RF-01A,1.0,0.0,0.0,0.0,0.0
3,42772188,+,3,70149309,-,THYM,1238,TCGA-XM-A8RF-01A,TCGA-XM-A8RF-01A,1.0,0.0,0.0,0.0,0.0
3,43274567,+,3,43275621,-,THYM,1239,TCGA-XM-A8RF-01A,TCGA-XM-A8RF-01A,1.0,0.0,0.0,0.0,0.0
3,43499607,+,9,135609929,+,THYM,1240,TCGA-XM-A8RF-01A,TCGA-XM-A8RF-01A,1.0,0.0,0.0,0.0,0.0
3,43502563,-,9,129394085,+,THYM,1241,TCGA-XM-A8RF-01A,TCGA-XM-A8RF-01A,1.0,0.0,0.0,0.0,0.0
3,43507510,+,22,40293122,+,THYM,1242,TCGA-XM-A8RF-01A,TCGA-XM-A8RF-01A,1.0,0.0,0.0,0.0,0.0
3,43518830,-,3,73210571,-,THYM,1243,TCGA-XM-A8RF-01A,TCGA-XM-A8RF-01A,1.0,0.0,0.0,0.0,0.0
3,44048369,+,3,60239185,+,THYM,1244,TCGA-XM-A8RF-01A,TCGA-XM-A8RF-01A,1.0,0.0,0.0,0.0,0.0
3,44157072,+,3,70580243,+,THYM,1245,TCGA-XM-A8RF-01A,TCGA-XM-A8RF-01A,1.0,0.0,0.0,0.0,0.0
3,45052262,-,3,82669497,+,THYM,1246,TCGA-XM-A8RF-01A,TCGA-XM-A8RF-01A,1.0,0.0,0.0,0.0,0.0
3,45119089,+,3,61677351,+,THYM,1247,TCGA-XM-A8RF-01A,TCGA-XM-A8RF-01A,1.0,0.0,0.0,0.0,0.0
3,49276910,-,3,85507587,+,THYM,1248,TCGA-XM-A8RF-01A,TCGA-XM-A8RF-01A,1.0,0.0,0.0,0.0,0.0
3,59054140,+,3,60243393,-,THYM,1249,TCGA-XM-A8RF-01A,TCGA-XM-A8RF-01A,1.0,0.0,0.0,0.0,0.0
3,84007039,-,3,85436363,-,THYM,1250,TCGA-XM-A8RF-01A,TCGA-XM-A8RF-01A,1.0,0.0,0.0,0.0,0.0
3,90996508,+,3,91030426,-,THYM,1251,TCGA-XM-A8RF-01A,TCGA-XM-A8RF-01A,1.0,0.0,0.0,0.0,0.0
3,193127943,+,10,114778287,+,THYM,1252,TCGA-XM-A8RF-01A,TCGA-XM-A8RF-01A,1.0,0.0,0.0,0.0,0.0
6,58265136,-,6,61018397,+,THYM,1253,TCGA-XM-A8RF-01A,TCGA-XM-A8RF-01A,1.0,0.0,0.0,0.0,0.0
7,2375889,+,7,2381470,-,THYM,1254,TCGA-XM-A8RF-01A,TCGA-XM-A8RF-01A,1.0,0.0,0.0,0.0,0.0
7,4317984,+,17,80598132,+,THYM,1255,TCGA-XM-A8RF-01A,TCGA-XM-A8RF-01A,1.0,0.0,0.0,0.0,0.0
7,4360210,-,17,80634325,-,THYM,1256,TCGA-XM-A8RF-01A,TCGA-XM-A8RF-01A,1.0,0.0,0.0,0.0,0.0
1,77433697,+,8,133313079,+,THYM,1257,TCGA-XM-A8RG-01A,TCGA-XM-A8RG-01A,1.0,0.0,0.0,0.0,0.0
1,211045059,+,15,38273525,-,THYM,1258,TCGA-XM-A8RG-01A,TCGA-XM-A8RG-01A,1.0,0.0,0.0,0.0,0.0
12,35988706,+,12,37122779,-,THYM,1259,TCGA-XM-A8RG-01A,TCGA-XM-A8RG-01A,1.0,0.0,0.0,0.0,0.0
13,17287273,-,13,17396374,+,THYM,1260,TCGA-XM-A8RG-01A,TCGA-XM-A8RG-01A,1.0,0.0,0.0,0.0,0.0
18,15537662,-,18,15561275,+,THYM,1261,TCGA-XM-A8RG-01A,TCGA-XM-A8RG-01A,1.0,0.0,0.0,0.0,0.0
23,48244942,+,23,48447837,+,THYM,1262,TCGA-XM-A8RG-01A,TCGA-XM-A8RG-01A,1.0,0.0,0.0,0.0,0.0
1,160448337,+,4,123095043,+,THYM,1263,TCGA-XM-A8RH-01A,TCGA-XM-A8RH-01A,1.0,0.0,0.0,0.0,0.0
1,248337007,-,3,176065973,-,THYM,1264,TCGA-XM-A8RH-01A,TCGA-XM-A8RH-01A,1.0,0.0,0.0,0.0,0.0
18,15208120,-,22,16254967,-,THYM,1265,TCGA-XM-A8RH-01A,TCGA-XM-A8RH-01A,1.0,0.0,0.0,0.0,0.0
18,15470414,-,18,15686736,+,THYM,1266,TCGA-XM-A8RH-01A,TCGA-XM-A8RH-01A,1.0,0.0,0.0,0.0,0.0
18,15705004,+,18,15706755,-,THYM,1267,TCGA-XM-A8RH-01A,TCGA-XM-A8RH-01A,1.0,0.0,0.0,0.0,0.0
18,15730448,+,18,20667608,-,THYM,1268,TCGA-XM-A8RH-01A,TCGA-XM-A8RH-01A,1.0,0.0,0.0,0.0,0.0
18,17773093,+,18,20501026,-,THYM,1269,TCGA-XM-A8RH-01A,TCGA-XM-A8RH-01A,1.0,0.0,0.0,0.0,0.0
2,92866326,+,2,92876323,-,THYM,1270,TCGA-XM-A8RH-01A,TCGA-XM-A8RH-01A,1.0,0.0,0.0,0.0,0.0
3,90793635,+,3,91003400,-,THYM,1271,TCGA-XM-A8RH-01A,TCGA-XM-A8RH-01A,1.0,0.0,0.0,0.0,0.0
6,46697736,-,10,94306109,-,THYM,1272,TCGA-XM-A8RH-01A,TCGA-XM-A8RH-01A,1.0,0.0,0.0,0.0,0.0
6,46697736,-,21,31757743,-,THYM,1273,TCGA-XM-A8RH-01A,TCGA-XM-A8RH-01A,1.0,0.0,0.0,0.0,0.0
7,121822889,-,7,128135157,+,THYM,1274,TCGA-XM-A8RH-01A,TCGA-XM-A8RH-01A,1.0,0.0,0.0,0.0,0.0
7,150360263,+,20,22471992,-,THYM,1275,TCGA-XM-A8RH-01A,TCGA-XM-A8RH-01A,1.0,0.0,0.0,0.0,0.0
9,43862529,+,9,44548515,-,THYM,1276,TCGA-XM-A8RH-01A,TCGA-XM-A8RH-01A,1.0,0.0,0.0,0.0,0.0
1,113673552,+,1,113680861,+,THYM,1277,TCGA-XM-A8RI-01A,TCGA-XM-A8RI-01A,1.0,0.0,0.0,0.0,0.0
1,113678147,-,1,114568929,-,THYM,1278,TCGA-XM-A8RI-01A,TCGA-XM-A8RI-01A,1.0,0.0,0.0,0.0,0.0
1,114593959,+,1,114631375,-,THYM,1279,TCGA-XM-A8RI-01A,TCGA-XM-A8RI-01A,1.0,0.0,0.0,0.0,0.0
1,158220272,-,5,58376056,+,THYM,1280,TCGA-XM-A8RI-01A,TCGA-XM-A8RI-01A,1.0,0.0,0.0,0.0,0.0
1,207458060,-,23,123171911,+,THYM,1281,TCGA-XM-A8RI-01A,TCGA-XM-A8RI-01A,1.0,0.0,0.0,0.0,0.0
10,26595282,+,10,26655555,-,THYM,1282,TCGA-XM-A8RI-01A,TCGA-XM-A8RI-01A,1.0,0.0,0.0,0.0,0.0
11,54347335,-,11,54405720,+,THYM,1283,TCGA-XM-A8RI-01A,TCGA-XM-A8RI-01A,1.0,0.0,0.0,0.0,0.0
12,103966060,+,12,103979829,-,THYM,1284,TCGA-XM-A8RI-01A,TCGA-XM-A8RI-01A,1.0,0.0,0.0,0.0,0.0
18,15730460,+,18,20667588,-,THYM,1285,TCGA-XM-A8RI-01A,TCGA-XM-A8RI-01A,1.0,0.0,0.0,0.0,0.0
2,130022428,+,2,130413038,-,THYM,1286,TCGA-XM-A8RI-01A,TCGA-XM-A8RI-01A,1.0,0.0,0.0,0.0,0.0
3,45355012,+,3,84212515,-,THYM,1287,TCGA-XM-A8RI-01A,TCGA-XM-A8RI-01A,1.0,0.0,0.0,0.0,0.0
3,81322014,-,3,84344216,+,THYM,1288,TCGA-XM-A8RI-01A,TCGA-XM-A8RI-01A,1.0,0.0,0.0,0.0,0.0
3,84209390,+,3,84380353,-,THYM,1289,TCGA-XM-A8RI-01A,TCGA-XM-A8RI-01A,1.0,0.0,0.0,0.0,0.0
3,91113780,-,3,91220953,+,THYM,1290,TCGA-XM-A8RI-01A,TCGA-XM-A8RI-01A,1.0,0.0,0.0,0.0,0.0
3,160045638,+,15,26279301,-,THYM,1291,TCGA-XM-A8RI-01A,TCGA-XM-A8RI-01A,1.0,0.0,0.0,0.0,0.0
3,198126183,-,9,138182953,+,THYM,1292,TCGA-XM-A8RI-01A,TCGA-XM-A8RI-01A,1.0,0.0,0.0,0.0,0.0
4,4772408,+,19,21574211,-,THYM,1293,TCGA-XM-A8RI-01A,TCGA-XM-A8RI-01A,1.0,0.0,0.0,0.0,0.0
4,48923725,+,6,64389984,+,THYM,1294,TCGA-XM-A8RI-01A,TCGA-XM-A8RI-01A,1.0,0.0,0.0,0.0,0.0
4,82222932,+,10,20546011,+,THYM,1295,TCGA-XM-A8RI-01A,TCGA-XM-A8RI-01A,1.0,0.0,0.0,0.0,0.0
5,86594515,-,10,76969336,+,THYM,1296,TCGA-XM-A8RI-01A,TCGA-XM-A8RI-01A,1.0,0.0,0.0,0.0,0.0
6,45643100,-,12,115244087,-,THYM,1297,TCGA-XM-A8RI-01A,TCGA-XM-A8RI-01A,1.0,0.0,0.0,0.0,0.0
6,97238892,-,7,13820833,-,THYM,1298,TCGA-XM-A8RI-01A,TCGA-XM-A8RI-01A,1.0,0.0,0.0,0.0,0.0
6,169355011,-,7,150560131,-,THYM,1299,TCGA-XM-A8RI-01A,TCGA-XM-A8RI-01A,1.0,0.0,0.0,0.0,0.0
7,2859510,+,14,68072062,+,THYM,1300,TCGA-XM-A8RI-01A,TCGA-XM-A8RI-01A,1.0,0.0,0.0,0.0,0.0
7,16027367,-,7,16214949,+,THYM,1301,TCGA-XM-A8RI-01A,TCGA-XM-A8RI-01A,1.0,0.0,0.0,0.0,0.0
7,57657703,-,12,37425680,+,THYM,1302,TCGA-XM-A8RI-01A,TCGA-XM-A8RI-01A,1.0,0.0,0.0,0.0,0.0
7,76541909,-,7,77061081,+,THYM,1303,TCGA-XM-A8RI-01A,TCGA-XM-A8RI-01A,1.0,0.0,0.0,0.0,0.0
8,9283284,-,8,41803085,-,THYM,1304,TCGA-XM-A8RI-01A,TCGA-XM-A8RI-01A,1.0,0.0,0.0,0.0,0.0
8,125887455,+,11,19197417,-,THYM,1305,TCGA-XM-A8RI-01A,TCGA-XM-A8RI-01A,1.0,0.0,0.0,0.0,0.0
9,71198074,+,9,71204075,+,THYM,1306,TCGA-XM-A8RI-01A,TCGA-XM-A8RI-01A,1.0,0.0,0.0,0.0,0.0
1,61441293,-,23,148574986,+,THYM,1307,TCGA-XM-A8RL-01A,TCGA-XM-A8RL-01A,1.0,0.0,0.0,0.0,0.0
1,243115009,+,4,118565563,+,THYM,1308,TCGA-XM-A8RL-01A,TCGA-XM-A8RL-01A,1.0,0.0,0.0,0.0,0.0
11,51110143,+,11,52754468,-,THYM,1309,TCGA-XM-A8RL-01A,TCGA-XM-A8RL-01A,1.0,0.0,0.0,0.0,0.0
11,51390982,-,11,54211357,+,THYM,1310,TCGA-XM-A8RL-01A,TCGA-XM-A8RL-01A,1.0,0.0,0.0,0.0,0.0
14,22272461,-,14,22479537,+,THYM,1311,TCGA-XM-A8RL-01A,TCGA-XM-A8RL-01A,1.0,0.0,0.0,0.0,0.0
17,26643843,-,17,26645222,+,THYM,1312,TCGA-XM-A8RL-01A,TCGA-XM-A8RL-01A,1.0,0.0,0.0,0.0,0.0
3,90876523,-,3,90951813,+,THYM,1313,TCGA-XM-A8RL-01A,TCGA-XM-A8RL-01A,1.0,0.0,0.0,0.0,0.0
5,9162561,+,7,55710035,+,THYM,1314,TCGA-XM-A8RL-01A,TCGA-XM-A8RL-01A,1.0,0.0,0.0,0.0,0.0
7,61425117,+,7,61488162,-,THYM,1315,TCGA-XM-A8RL-01A,TCGA-XM-A8RL-01A,1.0,0.0,0.0,0.0,0.0
1,4886632,+,1,79304995,+,THYM,1316,TCGA-XM-AAZ1-01A,TCGA-XM-AAZ1-01A,1.0,0.0,0.0,0.0,0.0
1,36799374,-,1,52879801,+,THYM,1317,TCGA-XM-AAZ1-01A,TCGA-XM-AAZ1-01A,1.0,0.0,0.0,0.0,0.0
1,48099163,+,1,76176571,-,THYM,1318,TCGA-XM-AAZ1-01A,TCGA-XM-AAZ1-01A,1.0,0.0,0.0,0.0,0.0
1,54007701,-,1,58138781,-,THYM,1319,TCGA-XM-AAZ1-01A,TCGA-XM-AAZ1-01A,1.0,0.0,0.0,0.0,0.0
1,58141598,+,1,74372232,+,THYM,1320,TCGA-XM-AAZ1-01A,TCGA-XM-AAZ1-01A,1.0,0.0,0.0,0.0,0.0
1,72358394,-,1,91290876,-,THYM,1321,TCGA-XM-AAZ1-01A,TCGA-XM-AAZ1-01A,1.0,0.0,0.0,0.0,0.0
11,44184461,-,17,77939923,+,THYM,1322,TCGA-XM-AAZ1-01A,TCGA-XM-AAZ1-01A,1.0,0.0,0.0,0.0,0.0
11,51124820,-,11,53716893,+,THYM,1323,TCGA-XM-AAZ1-01A,TCGA-XM-AAZ1-01A,1.0,0.0,0.0,0.0,0.0
13,16177428,+,20,29242627,+,THYM,1324,TCGA-XM-AAZ1-01A,TCGA-XM-AAZ1-01A,1.0,0.0,0.0,0.0,0.0
13,17039659,-,13,17268466,+,THYM,1325,TCGA-XM-AAZ1-01A,TCGA-XM-AAZ1-01A,1.0,0.0,0.0,0.0,0.0
2,47164167,+,4,181286801,+,THYM,1326,TCGA-XM-AAZ1-01A,TCGA-XM-AAZ1-01A,1.0,0.0,0.0,0.0,0.0
20,28905741,+,21,7327858,+,THYM,1327,TCGA-XM-AAZ1-01A,TCGA-XM-AAZ1-01A,1.0,0.0,0.0,0.0,0.0
20,29931607,+,20,29974669,-,THYM,1328,TCGA-XM-AAZ1-01A,TCGA-XM-AAZ1-01A,1.0,0.0,0.0,0.0,0.0
3,181150426,+,13,70627056,+,THYM,1329,TCGA-XM-AAZ1-01A,TCGA-XM-AAZ1-01A,1.0,0.0,0.0,0.0,0.0
5,46433385,-,5,46748258,-,THYM,1330,TCGA-XM-AAZ1-01A,TCGA-XM-AAZ1-01A,1.0,0.0,0.0,0.0,0.0
6,61397808,+,6,61399057,-,THYM,1331,TCGA-XM-AAZ1-01A,TCGA-XM-AAZ1-01A,1.0,0.0,0.0,0.0,0.0
7,16525565,-,7,28299280,-,THYM,1332,TCGA-XM-AAZ1-01A,TCGA-XM-AAZ1-01A,1.0,0.0,0.0,0.0,0.0
7,17863640,+,7,17870577,+,THYM,1333,TCGA-XM-AAZ1-01A,TCGA-XM-AAZ1-01A,1.0,0.0,0.0,0.0,0.0
7,17863878,-,7,18896489,+,THYM,1334,TCGA-XM-AAZ1-01A,TCGA-XM-AAZ1-01A,1.0,0.0,0.0,0.0,0.0
8,23015923,-,16,64489082,-,THYM,1335,TCGA-XM-AAZ1-01A,TCGA-XM-AAZ1-01A,1.0,0.0,0.0,0.0,0.0
8,23580870,-,12,45899912,+,THYM,1336,TCGA-XM-AAZ1-01A,TCGA-XM-AAZ1-01A,1.0,0.0,0.0,0.0,0.0
8,45376481,+,8,45741140,-,THYM,1337,TCGA-XM-AAZ1-01A,TCGA-XM-AAZ1-01A,1.0,0.0,0.0,0.0,0.0
23,105446180,-,23,110880141,+,THYM,1338,TCGA-XM-AAZ1-01A,TCGA-XM-AAZ1-01A,1.0,0.0,0.0,0.0,0.0
11,52427758,+,11,54311396,-,THYM,1339,TCGA-XM-AAZ2-01A,TCGA-XM-AAZ2-01A,1.0,0.0,0.0,0.0,0.0
12,36491959,+,12,36686057,-,THYM,1340,TCGA-XM-AAZ2-01A,TCGA-XM-AAZ2-01A,1.0,0.0,0.0,0.0,0.0
13,16298443,-,13,16734346,+,THYM,1341,TCGA-XM-AAZ2-01A,TCGA-XM-AAZ2-01A,1.0,0.0,0.0,0.0,0.0
13,17005765,+,13,17068404,-,THYM,1342,TCGA-XM-AAZ2-01A,TCGA-XM-AAZ2-01A,1.0,0.0,0.0,0.0,0.0
18,15558502,+,18,15704781,-,THYM,1343,TCGA-XM-AAZ2-01A,TCGA-XM-AAZ2-01A,1.0,0.0,0.0,0.0,0.0
18,15573999,+,18,15762315,-,THYM,1344,TCGA-XM-AAZ2-01A,TCGA-XM-AAZ2-01A,1.0,0.0,0.0,0.0,0.0
19,40842028,+,19,40873841,-,THYM,1345,TCGA-XM-AAZ2-01A,TCGA-XM-AAZ2-01A,1.0,0.0,0.0,0.0,0.0
2,92850590,-,2,93385634,+,THYM,1346,TCGA-XM-AAZ2-01A,TCGA-XM-AAZ2-01A,1.0,0.0,0.0,0.0,0.0
2,126688940,-,2,126692701,+,THYM,1347,TCGA-XM-AAZ2-01A,TCGA-XM-AAZ2-01A,1.0,0.0,0.0,0.0,0.0
2,218449019,+,2,236360153,-,THYM,1348,TCGA-XM-AAZ2-01A,TCGA-XM-AAZ2-01A,1.0,0.0,0.0,0.0,0.0
20,26545091,-,20,26577228,+,THYM,1349,TCGA-XM-AAZ2-01A,TCGA-XM-AAZ2-01A,1.0,0.0,0.0,0.0,0.0
22,16448500,+,24,11360048,-,THYM,1350,TCGA-XM-AAZ2-01A,TCGA-XM-AAZ2-01A,1.0,0.0,0.0,0.0,0.0
22,27722749,+,22,29689231,-,THYM,1351,TCGA-XM-AAZ2-01A,TCGA-XM-AAZ2-01A,1.0,0.0,0.0,0.0,0.0
3,91059774,+,3,91089487,-,THYM,1352,TCGA-XM-AAZ2-01A,TCGA-XM-AAZ2-01A,1.0,0.0,0.0,0.0,0.0
4,117431335,-,10,96029246,-,THYM,1353,TCGA-XM-AAZ2-01A,TCGA-XM-AAZ2-01A,1.0,0.0,0.0,0.0,0.0
4,190012293,+,20,29405560,-,THYM,1354,TCGA-XM-AAZ2-01A,TCGA-XM-AAZ2-01A,1.0,0.0,0.0,0.0,0.0
5,49671641,+,5,49694615,-,THYM,1355,TCGA-XM-AAZ2-01A,TCGA-XM-AAZ2-01A,1.0,0.0,0.0,0.0,0.0
5,49681681,+,5,49684559,-,THYM,1356,TCGA-XM-AAZ2-01A,TCGA-XM-AAZ2-01A,1.0,0.0,0.0,0.0,0.0
5,49691753,+,5,49822335,-,THYM,1357,TCGA-XM-AAZ2-01A,TCGA-XM-AAZ2-01A,1.0,0.0,0.0,0.0,0.0
6,1328807,+,6,10669920,-,THYM,1358,TCGA-XM-AAZ2-01A,TCGA-XM-AAZ2-01A,1.0,0.0,0.0,0.0,0.0
6,35053695,+,6,35056035,-,THYM,1359,TCGA-XM-AAZ2-01A,TCGA-XM-AAZ2-01A,1.0,0.0,0.0,0.0,0.0
7,43999464,+,7,77061054,+,THYM,1360,TCGA-XM-AAZ2-01A,TCGA-XM-AAZ2-01A,1.0,0.0,0.0,0.0,0.0
8,107756980,-,21,37457014,-,THYM,1361,TCGA-XM-AAZ2-01A,TCGA-XM-AAZ2-01A,1.0,0.0,0.0,0.0,0.0
1,121431987,+,5,50524022,+,THYM,1362,TCGA-XU-A92O-01A,TCGA-XU-A92O-01A,1.0,0.0,0.0,0.0,0.0
12,36713103,+,12,37026270,-,THYM,1363,TCGA-XU-A92O-01A,TCGA-XU-A92O-01A,1.0,0.0,0.0,0.0,0.0
12,46116891,+,13,84409928,-,THYM,1364,TCGA-XU-A92O-01A,TCGA-XU-A92O-01A,1.0,0.0,0.0,0.0,0.0
12,56026176,-,18,14785793,-,THYM,1365,TCGA-XU-A92O-01A,TCGA-XU-A92O-01A,1.0,0.0,0.0,0.0,0.0
15,18405765,+,15,19345164,-,THYM,1366,TCGA-XU-A92O-01A,TCGA-XU-A92O-01A,1.0,0.0,0.0,0.0,0.0
17,23100072,+,17,23172710,-,THYM,1367,TCGA-XU-A92O-01A,TCGA-XU-A92O-01A,1.0,0.0,0.0,0.0,0.0
2,55416440,-,4,107944831,-,THYM,1368,TCGA-XU-A92O-01A,TCGA-XU-A92O-01A,1.0,0.0,0.0,0.0,0.0
20,29290730,-,24,10206449,-,THYM,1369,TCGA-XU-A92O-01A,TCGA-XU-A92O-01A,1.0,0.0,0.0,0.0,0.0
1,68664158,-,16,63578629,+,THYM,1370,TCGA-XU-A92Q-01A,TCGA-XU-A92Q-01A,1.0,0.0,0.0,0.0,0.0
1,68664184,-,1,188869267,-,THYM,1371,TCGA-XU-A92Q-01A,TCGA-XU-A92Q-01A,1.0,0.0,0.0,0.0,0.0
1,124790302,-,1,124794940,+,THYM,1372,TCGA-XU-A92Q-01A,TCGA-XU-A92Q-01A,1.0,0.0,0.0,0.0,0.0
1,152104249,+,23,89128195,+,THYM,1373,TCGA-XU-A92Q-01A,TCGA-XU-A92Q-01A,1.0,0.0,0.0,0.0,0.0
11,51596304,-,11,52584386,+,THYM,1374,TCGA-XU-A92Q-01A,TCGA-XU-A92Q-01A,1.0,0.0,0.0,0.0,0.0
12,21210032,+,12,21287006,+,THYM,1375,TCGA-XU-A92Q-01A,TCGA-XU-A92Q-01A,1.0,0.0,0.0,0.0,0.0
13,16048109,-,13,16090293,+,THYM,1376,TCGA-XU-A92Q-01A,TCGA-XU-A92Q-01A,1.0,0.0,0.0,0.0,0.0
13,18754856,-,18,14325857,-,THYM,1377,TCGA-XU-A92Q-01A,TCGA-XU-A92Q-01A,1.0,0.0,0.0,0.0,0.0
15,34490739,+,18,28870668,-,THYM,1378,TCGA-XU-A92Q-01A,TCGA-XU-A92Q-01A,1.0,0.0,0.0,0.0,0.0
18,15730433,+,18,20667604,-,THYM,1379,TCGA-XU-A92Q-01A,TCGA-XU-A92Q-01A,1.0,0.0,0.0,0.0,0.0
2,57455552,-,23,134234042,+,THYM,1380,TCGA-XU-A92Q-01A,TCGA-XU-A92Q-01A,1.0,0.0,0.0,0.0,0.0
2,155671692,+,10,34413601,+,THYM,1381,TCGA-XU-A92Q-01A,TCGA-XU-A92Q-01A,1.0,0.0,0.0,0.0,0.0
20,29930217,+,20,29936699,-,THYM,1382,TCGA-XU-A92Q-01A,TCGA-XU-A92Q-01A,1.0,0.0,0.0,0.0,0.0
3,91019567,+,3,91147794,-,THYM,1383,TCGA-XU-A92Q-01A,TCGA-XU-A92Q-01A,1.0,0.0,0.0,0.0,0.0
3,195692616,+,5,267828,-,THYM,1384,TCGA-XU-A92Q-01A,TCGA-XU-A92Q-01A,1.0,0.0,0.0,0.0,0.0
4,100735446,-,8,5634600,-,THYM,1385,TCGA-XU-A92Q-01A,TCGA-XU-A92Q-01A,1.0,0.0,0.0,0.0,0.0
4,139385309,-,14,95245270,+,THYM,1386,TCGA-XU-A92Q-01A,TCGA-XU-A92Q-01A,1.0,0.0,0.0,0.0,0.0
5,49739285,-,5,49961918,+,THYM,1387,TCGA-XU-A92Q-01A,TCGA-XU-A92Q-01A,1.0,0.0,0.0,0.0,0.0
5,49808293,+,5,49916139,-,THYM,1388,TCGA-XU-A92Q-01A,TCGA-XU-A92Q-01A,1.0,0.0,0.0,0.0,0.0
7,58923359,+,7,60573419,-,THYM,1389,TCGA-XU-A92Q-01A,TCGA-XU-A92Q-01A,1.0,0.0,0.0,0.0,0.0
7,150050770,+,7,154049767,+,THYM,1390,TCGA-XU-A92Q-01A,TCGA-XU-A92Q-01A,1.0,0.0,0.0,0.0,0.0
8,23015981,-,16,64489141,-,THYM,1391,TCGA-XU-A92Q-01A,TCGA-XU-A92Q-01A,1.0,0.0,0.0,0.0,0.0
23,48177833,-,23,48337063,+,THYM,1392,TCGA-XU-A92Q-01A,TCGA-XU-A92Q-01A,1.0,0.0,0.0,0.0,0.0
10,42285498,+,22,16420249,+,THYM,1393,TCGA-XU-A92R-01A,TCGA-XU-A92R-01A,1.0,0.0,0.0,0.0,0.0
11,33779676,+,11,35630717,+,THYM,1394,TCGA-XU-A92R-01A,TCGA-XU-A92R-01A,1.0,0.0,0.0,0.0,0.0
11,33779816,-,11,121804699,+,THYM,1395,TCGA-XU-A92R-01A,TCGA-XU-A92R-01A,1.0,0.0,0.0,0.0,0.0
11,35631090,-,11,121805145,-,THYM,1396,TCGA-XU-A92R-01A,TCGA-XU-A92R-01A,1.0,0.0,0.0,0.0,0.0
11,70010179,-,13,69939320,-,THYM,1397,TCGA-XU-A92R-01A,TCGA-XU-A92R-01A,1.0,0.0,0.0,0.0,0.0
15,25946426,+,15,53880479,+,THYM,1398,TCGA-XU-A92R-01A,TCGA-XU-A92R-01A,1.0,0.0,0.0,0.0,0.0
15,57075833,+,24,17324859,+,THYM,1399,TCGA-XU-A92R-01A,TCGA-XU-A92R-01A,1.0,0.0,0.0,0.0,0.0
16,36348161,-,16,37700945,+,THYM,1400,TCGA-XU-A92R-01A,TCGA-XU-A92R-01A,1.0,0.0,0.0,0.0,0.0
17,22830209,+,17,23059816,-,THYM,1401,TCGA-XU-A92R-01A,TCGA-XU-A92R-01A,1.0,0.0,0.0,0.0,0.0
17,80024048,+,17,80033672,-,THYM,1402,TCGA-XU-A92R-01A,TCGA-XU-A92R-01A,1.0,0.0,0.0,0.0,0.0
2,20954225,+,5,172597381,+,THYM,1403,TCGA-XU-A92R-01A,TCGA-XU-A92R-01A,1.0,0.0,0.0,0.0,0.0
2,83035916,-,16,13809107,+,THYM,1404,TCGA-XU-A92R-01A,TCGA-XU-A92R-01A,1.0,0.0,0.0,0.0,0.0
2,176756863,+,10,13147181,+,THYM,1405,TCGA-XU-A92R-01A,TCGA-XU-A92R-01A,1.0,0.0,0.0,0.0,0.0
20,25912545,-,20,29649253,-,THYM,1406,TCGA-XU-A92R-01A,TCGA-XU-A92R-01A,1.0,0.0,0.0,0.0,0.0
20,53477808,-,20,53509050,+,THYM,1407,TCGA-XU-A92R-01A,TCGA-XU-A92R-01A,1.0,0.0,0.0,0.0,0.0
21,25823559,+,21,25828633,+,THYM,1408,TCGA-XU-A92R-01A,TCGA-XU-A92R-01A,1.0,0.0,0.0,0.0,0.0
22,42816356,+,22,44130888,-,THYM,1409,TCGA-XU-A92R-01A,TCGA-XU-A92R-01A,1.0,0.0,0.0,0.0,0.0
3,89012498,-,6,127543892,+,THYM,1410,TCGA-XU-A92R-01A,TCGA-XU-A92R-01A,1.0,0.0,0.0,0.0,0.0
3,90918223,-,3,91077951,+,THYM,1411,TCGA-XU-A92R-01A,TCGA-XU-A92R-01A,1.0,0.0,0.0,0.0,0.0
3,91045814,-,3,91261528,-,THYM,1412,TCGA-XU-A92R-01A,TCGA-XU-A92R-01A,1.0,0.0,0.0,0.0,0.0
3,92632534,-,3,93228776,+,THYM,1413,TCGA-XU-A92R-01A,TCGA-XU-A92R-01A,1.0,0.0,0.0,0.0,0.0
4,48160826,+,17,13119797,+,THYM,1414,TCGA-XU-A92R-01A,TCGA-XU-A92R-01A,1.0,0.0,0.0,0.0,0.0
5,46658966,+,5,47063576,+,THYM,1415,TCGA-XU-A92R-01A,TCGA-XU-A92R-01A,1.0,0.0,0.0,0.0,0.0
5,49694254,+,5,49720290,-,THYM,1416,TCGA-XU-A92R-01A,TCGA-XU-A92R-01A,1.0,0.0,0.0,0.0,0.0
5,49853435,-,5,49915226,+,THYM,1417,TCGA-XU-A92R-01A,TCGA-XU-A92R-01A,1.0,0.0,0.0,0.0,0.0
6,544092,+,6,15697856,-,THYM,1418,TCGA-XU-A92R-01A,TCGA-XU-A92R-01A,1.0,0.0,0.0,0.0,0.0
6,58223827,+,6,60978046,-,THYM,1419,TCGA-XU-A92R-01A,TCGA-XU-A92R-01A,1.0,0.0,0.0,0.0,0.0
7,38256394,+,7,38330346,-,THYM,1420,TCGA-XU-A92R-01A,TCGA-XU-A92R-01A,1.0,0.0,0.0,0.0,0.0
7,147729039,+,13,20063877,+,THYM,1421,TCGA-XU-A92R-01A,TCGA-XU-A92R-01A,1.0,0.0,0.0,0.0,0.0
9,19046041,+,9,36445717,-,THYM,1422,TCGA-XU-A92R-01A,TCGA-XU-A92R-01A,1.0,0.0,0.0,0.0,0.0
9,20501032,+,9,22652747,-,THYM,1423,TCGA-XU-A92R-01A,TCGA-XU-A92R-01A,1.0,0.0,0.0,0.0,0.0
1,121431987,+,5,50523977,+,THYM,1424,TCGA-XU-A92T-01A,TCGA-XU-A92T-01A,1.0,0.0,0.0,0.0,0.0
16,34265029,+,16,36336240,+,THYM,1425,TCGA-XU-A92T-01A,TCGA-XU-A92T-01A,1.0,0.0,0.0,0.0,0.0
18,15574004,+,18,15762311,-,THYM,1426,TCGA-XU-A92T-01A,TCGA-XU-A92T-01A,1.0,0.0,0.0,0.0,0.0
2,95950260,-,2,97152941,-,THYM,1427,TCGA-XU-A92T-01A,TCGA-XU-A92T-01A,1.0,0.0,0.0,0.0,0.0
20,29355614,+,20,30862759,+,THYM,1428,TCGA-XU-A92T-01A,TCGA-XU-A92T-01A,1.0,0.0,0.0,0.0,0.0
20,43095832,+,20,46111874,+,THYM,1429,TCGA-XU-A92T-01A,TCGA-XU-A92T-01A,1.0,0.0,0.0,0.0,0.0
22,16463199,+,24,11372127,-,THYM,1430,TCGA-XU-A92T-01A,TCGA-XU-A92T-01A,1.0,0.0,0.0,0.0,0.0
3,91035884,+,3,91089364,-,THYM,1431,TCGA-XU-A92T-01A,TCGA-XU-A92T-01A,1.0,0.0,0.0,0.0,0.0
5,49825320,+,5,49909124,-,THYM,1432,TCGA-XU-A92T-01A,TCGA-XU-A92T-01A,1.0,0.0,0.0,0.0,0.0
5,165780913,-,23,1213097,-,THYM,1433,TCGA-XU-A92T-01A,TCGA-XU-A92T-01A,1.0,0.0,0.0,0.0,0.0
7,61384068,-,7,61422381,+,THYM,1434,TCGA-XU-A92T-01A,TCGA-XU-A92T-01A,1.0,0.0,0.0,0.0,0.0
11,52094947,+,11,52635762,-,THYM,1435,TCGA-XU-A92U-01A,TCGA-XU-A92U-01A,1.0,0.0,0.0,0.0,0.0
11,54362946,-,11,54413035,+,THYM,1436,TCGA-XU-A92U-01A,TCGA-XU-A92U-01A,1.0,0.0,0.0,0.0,0.0
12,36282042,-,12,36967777,+,THYM,1437,TCGA-XU-A92U-01A,TCGA-XU-A92U-01A,1.0,0.0,0.0,0.0,0.0
14,22386824,+,14,22477711,-,THYM,1438,TCGA-XU-A92U-01A,TCGA-XU-A92U-01A,1.0,0.0,0.0,0.0,0.0
3,49482894,+,3,49483218,-,THYM,1439,TCGA-XU-A92U-01A,TCGA-XU-A92U-01A,1.0,0.0,0.0,0.0,0.0
3,90864619,+,3,91172833,-,THYM,1440,TCGA-XU-A92U-01A,TCGA-XU-A92U-01A,1.0,0.0,0.0,0.0,0.0
4,55209901,-,4,55232571,-,THYM,1441,TCGA-XU-A92U-01A,TCGA-XU-A92U-01A,1.0,0.0,0.0,0.0,0.0
9,72200287,-,17,61220818,-,THYM,1442,TCGA-XU-A92U-01A,TCGA-XU-A92U-01A,1.0,0.0,0.0,0.0,0.0
1,45904587,+,1,45905434,-,THYM,1443,TCGA-XU-A92V-01A,TCGA-XU-A92V-01A,1.0,0.0,0.0,0.0,0.0
1,122861805,+,19,24893017,-,THYM,1444,TCGA-XU-A92V-01A,TCGA-XU-A92V-01A,1.0,0.0,0.0,0.0,0.0
10,127970152,+,10,127970383,-,THYM,1445,TCGA-XU-A92V-01A,TCGA-XU-A92V-01A,1.0,0.0,0.0,0.0,0.0
10,128985211,+,10,128985476,-,THYM,1446,TCGA-XU-A92V-01A,TCGA-XU-A92V-01A,1.0,0.0,0.0,0.0,0.0
10,129062398,+,10,130666446,-,THYM,1447,TCGA-XU-A92V-01A,TCGA-XU-A92V-01A,1.0,0.0,0.0,0.0,0.0
11,21309263,-,15,28509946,+,THYM,1448,TCGA-XU-A92V-01A,TCGA-XU-A92V-01A,1.0,0.0,0.0,0.0,0.0
14,106062130,+,14,106537807,-,THYM,1449,TCGA-XU-A92V-01A,TCGA-XU-A92V-01A,1.0,0.0,0.0,0.0,0.0
15,60936476,+,15,60937865,-,THYM,1450,TCGA-XU-A92V-01A,TCGA-XU-A92V-01A,1.0,0.0,0.0,0.0,0.0
16,68368747,+,16,72106609,-,THYM,1451,TCGA-XU-A92V-01A,TCGA-XU-A92V-01A,1.0,0.0,0.0,0.0,0.0
17,18351365,+,17,18354348,-,THYM,1452,TCGA-XU-A92V-01A,TCGA-XU-A92V-01A,1.0,0.0,0.0,0.0,0.0
17,82973575,+,17,82978109,-,THYM,1453,TCGA-XU-A92V-01A,TCGA-XU-A92V-01A,1.0,0.0,0.0,0.0,0.0
18,15653874,-,18,15679569,+,THYM,1454,TCGA-XU-A92V-01A,TCGA-XU-A92V-01A,1.0,0.0,0.0,0.0,0.0
19,1092011,+,19,11979929,-,THYM,1455,TCGA-XU-A92V-01A,TCGA-XU-A92V-01A,1.0,0.0,0.0,0.0,0.0
19,1104797,-,19,11205427,+,THYM,1456,TCGA-XU-A92V-01A,TCGA-XU-A92V-01A,1.0,0.0,0.0,0.0,0.0
19,1129438,+,19,1425554,+,THYM,1457,TCGA-XU-A92V-01A,TCGA-XU-A92V-01A,1.0,0.0,0.0,0.0,0.0
19,1129568,-,19,13864590,-,THYM,1458,TCGA-XU-A92V-01A,TCGA-XU-A92V-01A,1.0,0.0,0.0,0.0,0.0
19,1427513,-,19,13864436,+,THYM,1459,TCGA-XU-A92V-01A,TCGA-XU-A92V-01A,1.0,0.0,0.0,0.0,0.0
19,11224657,-,19,37615836,-,THYM,1460,TCGA-XU-A92V-01A,TCGA-XU-A92V-01A,1.0,0.0,0.0,0.0,0.0
19,11964450,+,19,37617007,-,THYM,1461,TCGA-XU-A92V-01A,TCGA-XU-A92V-01A,1.0,0.0,0.0,0.0,0.0
19,37614965,+,19,37616400,+,THYM,1462,TCGA-XU-A92V-01A,TCGA-XU-A92V-01A,1.0,0.0,0.0,0.0,0.0
2,63975668,+,2,63976618,-,THYM,1463,TCGA-XU-A92V-01A,TCGA-XU-A92V-01A,1.0,0.0,0.0,0.0,0.0
2,94545388,+,21,12992146,-,THYM,1464,TCGA-XU-A92V-01A,TCGA-XU-A92V-01A,1.0,0.0,0.0,0.0,0.0
2,222866744,-,12,42286819,-,THYM,1465,TCGA-XU-A92V-01A,TCGA-XU-A92V-01A,1.0,0.0,0.0,0.0,0.0
2,233537425,+,2,233837097,-,THYM,1466,TCGA-XU-A92V-01A,TCGA-XU-A92V-01A,1.0,0.0,0.0,0.0,0.0
2,234673457,+,2,236759656,+,THYM,1467,TCGA-XU-A92V-01A,TCGA-XU-A92V-01A,1.0,0.0,0.0,0.0,0.0
2,234673656,-,22,21615561,-,THYM,1468,TCGA-XU-A92V-01A,TCGA-XU-A92V-01A,1.0,0.0,0.0,0.0,0.0
2,234674500,+,2,239301018,+,THYM,1469,TCGA-XU-A92V-01A,TCGA-XU-A92V-01A,1.0,0.0,0.0,0.0,0.0
2,234680865,-,22,25811360,+,THYM,1470,TCGA-XU-A92V-01A,TCGA-XU-A92V-01A,1.0,0.0,0.0,0.0,0.0
2,235609092,+,22,22406037,+,THYM,1471,TCGA-XU-A92V-01A,TCGA-XU-A92V-01A,1.0,0.0,0.0,0.0,0.0
2,235674064,-,22,22402892,-,THYM,1472,TCGA-XU-A92V-01A,TCGA-XU-A92V-01A,1.0,0.0,0.0,0.0,0.0
2,236144953,+,2,236763093,-,THYM,1473,TCGA-XU-A92V-01A,TCGA-XU-A92V-01A,1.0,0.0,0.0,0.0,0.0
2,236145740,-,22,40769316,-,THYM,1474,TCGA-XU-A92V-01A,TCGA-XU-A92V-01A,1.0,0.0,0.0,0.0,0.0
2,236176640,+,22,22953096,-,THYM,1475,TCGA-XU-A92V-01A,TCGA-XU-A92V-01A,1.0,0.0,0.0,0.0,0.0
2,236317571,-,22,33518358,+,THYM,1476,TCGA-XU-A92V-01A,TCGA-XU-A92V-01A,1.0,0.0,0.0,0.0,0.0
2,236335641,+,2,236352364,-,THYM,1477,TCGA-XU-A92V-01A,TCGA-XU-A92V-01A,1.0,0.0,0.0,0.0,0.0
2,236737336,+,3,70971073,-,THYM,1478,TCGA-XU-A92V-01A,TCGA-XU-A92V-01A,1.0,0.0,0.0,0.0,0.0
2,236737917,-,3,70970811,+,THYM,1479,TCGA-XU-A92V-01A,TCGA-XU-A92V-01A,1.0,0.0,0.0,0.0,0.0
2,237769251,-,22,38945614,+,THYM,1480,TCGA-XU-A92V-01A,TCGA-XU-A92V-01A,1.0,0.0,0.0,0.0,0.0
2,237839106,-,22,32340728,-,THYM,1481,TCGA-XU-A92V-01A,TCGA-XU-A92V-01A,1.0,0.0,0.0,0.0,0.0
2,237927858,+,22,24933138,+,THYM,1482,TCGA-XU-A92V-01A,TCGA-XU-A92V-01A,1.0,0.0,0.0,0.0,0.0
2,239311452,-,2,239313936,-,THYM,1483,TCGA-XU-A92V-01A,TCGA-XU-A92V-01A,1.0,0.0,0.0,0.0,0.0
2,239498663,+,22,35066436,+,THYM,1484,TCGA-XU-A92V-01A,TCGA-XU-A92V-01A,1.0,0.0,0.0,0.0,0.0
2,241331754,-,22,38953637,-,THYM,1485,TCGA-XU-A92V-01A,TCGA-XU-A92V-01A,1.0,0.0,0.0,0.0,0.0
2,241913871,+,22,24837088,-,THYM,1486,TCGA-XU-A92V-01A,TCGA-XU-A92V-01A,1.0,0.0,0.0,0.0,0.0
2,241914327,-,22,35067223,-,THYM,1487,TCGA-XU-A92V-01A,TCGA-XU-A92V-01A,1.0,0.0,0.0,0.0,0.0
21,39923828,-,21,43744335,-,THYM,1488,TCGA-XU-A92V-01A,TCGA-XU-A92V-01A,1.0,0.0,0.0,0.0,0.0
22,19542596,+,22,35136505,-,THYM,1489,TCGA-XU-A92V-01A,TCGA-XU-A92V-01A,1.0,0.0,0.0,0.0,0.0
22,19543363,-,22,24933773,-,THYM,1490,TCGA-XU-A92V-01A,TCGA-XU-A92V-01A,1.0,0.0,0.0,0.0,0.0
22,21612668,+,22,33654197,-,THYM,1491,TCGA-XU-A92V-01A,TCGA-XU-A92V-01A,1.0,0.0,0.0,0.0,0.0
22,22408874,-,22,24274319,-,THYM,1492,TCGA-XU-A92V-01A,TCGA-XU-A92V-01A,1.0,0.0,0.0,0.0,0.0
22,22927699,+,22,35136362,+,THYM,1493,TCGA-XU-A92V-01A,TCGA-XU-A92V-01A,1.0,0.0,0.0,0.0,0.0
22,24270056,+,22,40766201,+,THYM,1494,TCGA-XU-A92V-01A,TCGA-XU-A92V-01A,1.0,0.0,0.0,0.0,0.0
22,24835604,+,22,35196968,+,THYM,1495,TCGA-XU-A92V-01A,TCGA-XU-A92V-01A,1.0,0.0,0.0,0.0,0.0
22,25823834,-,22,30831838,-,THYM,1496,TCGA-XU-A92V-01A,TCGA-XU-A92V-01A,1.0,0.0,0.0,0.0,0.0
22,26117453,+,22,37538723,-,THYM,1497,TCGA-XU-A92V-01A,TCGA-XU-A92V-01A,1.0,0.0,0.0,0.0,0.0
22,26175125,-,22,36865006,+,THYM,1498,TCGA-XU-A92V-01A,TCGA-XU-A92V-01A,1.0,0.0,0.0,0.0,0.0
22,27437917,+,22,35169577,+,THYM,1499,TCGA-XU-A92V-01A,TCGA-XU-A92V-01A,1.0,0.0,0.0,0.0,0.0
22,32338528,+,22,36874550,-,THYM,1500,TCGA-XU-A92V-01A,TCGA-XU-A92V-01A,1.0,0.0,0.0,0.0,0.0
22,35189932,-,22,35949230,-,THYM,1501,TCGA-XU-A92V-01A,TCGA-XU-A92V-01A,1.0,0.0,0.0,0.0,0.0
3,90926222,+,3,90960207,-,THYM,1502,TCGA-XU-A92V-01A,TCGA-XU-A92V-01A,1.0,0.0,0.0,0.0,0.0
3,155814175,-,3,155945171,-,THYM,1503,TCGA-XU-A92V-01A,TCGA-XU-A92V-01A,1.0,0.0,0.0,0.0,0.0
6,1464135,+,21,39929720,-,THYM,1504,TCGA-XU-A92V-01A,TCGA-XU-A92V-01A,1.0,0.0,0.0,0.0,0.0
6,3647004,-,21,40201981,+,THYM,1505,TCGA-XU-A92V-01A,TCGA-XU-A92V-01A,1.0,0.0,0.0,0.0,0.0
6,7150419,+,6,15886998,+,THYM,1506,TCGA-XU-A92V-01A,TCGA-XU-A92V-01A,1.0,0.0,0.0,0.0,0.0
6,7151428,-,6,13065634,-,THYM,1507,TCGA-XU-A92V-01A,TCGA-XU-A92V-01A,1.0,0.0,0.0,0.0,0.0
6,7153867,+,6,15893144,-,THYM,1508,TCGA-XU-A92V-01A,TCGA-XU-A92V-01A,1.0,0.0,0.0,0.0,0.0
6,14566523,+,6,14571396,-,THYM,1509,TCGA-XU-A92V-01A,TCGA-XU-A92V-01A,1.0,0.0,0.0,0.0,0.0
6,31493842,+,6,33958472,-,THYM,1510,TCGA-XU-A92V-01A,TCGA-XU-A92V-01A,1.0,0.0,0.0,0.0,0.0
6,31494086,-,6,31572629,-,THYM,1511,TCGA-XU-A92V-01A,TCGA-XU-A92V-01A,1.0,0.0,0.0,0.0,0.0
6,31572590,+,6,44554048,+,THYM,1512,TCGA-XU-A92V-01A,TCGA-XU-A92V-01A,1.0,0.0,0.0,0.0,0.0
6,33587185,+,6,34759638,+,THYM,1513,TCGA-XU-A92V-01A,TCGA-XU-A92V-01A,1.0,0.0,0.0,0.0,0.0
6,34767363,-,6,44566266,-,THYM,1514,TCGA-XU-A92V-01A,TCGA-XU-A92V-01A,1.0,0.0,0.0,0.0,0.0
7,68031171,+,7,100429389,+,THYM,1515,TCGA-XU-A92V-01A,TCGA-XU-A92V-01A,1.0,0.0,0.0,0.0,0.0
7,68031598,-,7,100429990,-,THYM,1516,TCGA-XU-A92V-01A,TCGA-XU-A92V-01A,1.0,0.0,0.0,0.0,0.0
9,662611,+,9,666112,-,THYM,1517,TCGA-XU-A92V-01A,TCGA-XU-A92V-01A,1.0,0.0,0.0,0.0,0.0
9,43182353,+,22,16059830,+,THYM,1518,TCGA-XU-A92V-01A,TCGA-XU-A92V-01A,1.0,0.0,0.0,0.0,0.0
9,135358036,+,21,39928924,+,THYM,1519,TCGA-XU-A92V-01A,TCGA-XU-A92V-01A,1.0,0.0,0.0,0.0,0.0
9,135359093,-,21,39921132,+,THYM,1520,TCGA-XU-A92V-01A,TCGA-XU-A92V-01A,1.0,0.0,0.0,0.0,0.0
9,138112184,+,9,138112536,-,THYM,1521,TCGA-XU-A92V-01A,TCGA-XU-A92V-01A,1.0,0.0,0.0,0.0,0.0
23,8454217,+,23,10047086,+,THYM,1522,TCGA-XU-A92V-01A,TCGA-XU-A92V-01A,1.0,0.0,0.0,0.0,0.0
23,8459876,-,23,10054722,-,THYM,1523,TCGA-XU-A92V-01A,TCGA-XU-A92V-01A,1.0,0.0,0.0,0.0,0.0
23,12178760,+,23,12211969,-,THYM,1524,TCGA-XU-A92V-01A,TCGA-XU-A92V-01A,1.0,0.0,0.0,0.0,0.0
23,14289685,+,23,14290650,-,THYM,1525,TCGA-XU-A92V-01A,TCGA-XU-A92V-01A,1.0,0.0,0.0,0.0,0.0
1,145792232,-,1,147053982,-,THYM,1526,TCGA-XU-A92W-01A,TCGA-XU-A92W-01A,1.0,0.0,0.0,0.0,0.0
11,52560905,+,11,53048860,-,THYM,1527,TCGA-XU-A92W-01A,TCGA-XU-A92W-01A,1.0,0.0,0.0,0.0,0.0
3,188276724,+,15,63862707,-,THYM,1528,TCGA-XU-A92W-01A,TCGA-XU-A92W-01A,1.0,0.0,0.0,0.0,0.0
6,151046476,-,9,43140860,+,THYM,1529,TCGA-XU-A92W-01A,TCGA-XU-A92W-01A,1.0,0.0,0.0,0.0,0.0
7,38253426,+,7,38353715,-,THYM,1530,TCGA-XU-A92W-01A,TCGA-XU-A92W-01A,1.0,0.0,0.0,0.0,0.0
1,77433644,+,8,133313053,+,THYM,1531,TCGA-XU-A92X-01A,TCGA-XU-A92X-01A,1.0,0.0,0.0,0.0,0.0
12,103966060,+,12,103979832,-,THYM,1532,TCGA-XU-A92X-01A,TCGA-XU-A92X-01A,1.0,0.0,0.0,0.0,0.0
13,16855516,+,13,17328154,-,THYM,1533,TCGA-XU-A92X-01A,TCGA-XU-A92X-01A,1.0,0.0,0.0,0.0,0.0
13,18507059,+,21,13135329,-,THYM,1534,TCGA-XU-A92X-01A,TCGA-XU-A92X-01A,1.0,0.0,0.0,0.0,0.0
15,24243616,-,15,24384035,+,THYM,1535,TCGA-XU-A92X-01A,TCGA-XU-A92X-01A,1.0,0.0,0.0,0.0,0.0
17,27033097,-,20,35152894,+,THYM,1536,TCGA-XU-A92X-01A,TCGA-XU-A92X-01A,1.0,0.0,0.0,0.0,0.0
2,46080973,-,22,28708364,-,THYM,1537,TCGA-XU-A92X-01A,TCGA-XU-A92X-01A,1.0,0.0,0.0,0.0,0.0
5,49745555,+,5,49884169,-,THYM,1538,TCGA-XU-A92X-01A,TCGA-XU-A92X-01A,1.0,0.0,0.0,0.0,0.0
7,61114555,+,7,61430761,-,THYM,1539,TCGA-XU-A92X-01A,TCGA-XU-A92X-01A,1.0,0.0,0.0,0.0,0.0
1,55540651,+,12,73034352,+,THYM,1540,TCGA-XU-A92Y-01A,TCGA-XU-A92Y-01A,1.0,0.0,0.0,0.0,0.0
1,124980163,+,1,124994404,-,THYM,1541,TCGA-XU-A92Y-01A,TCGA-XU-A92Y-01A,1.0,0.0,0.0,0.0,0.0
1,155898544,+,9,127523221,-,THYM,1542,TCGA-XU-A92Y-01A,TCGA-XU-A92Y-01A,1.0,0.0,0.0,0.0,0.0
12,132033204,+,12,132310317,-,THYM,1543,TCGA-XU-A92Y-01A,TCGA-XU-A92Y-01A,1.0,0.0,0.0,0.0,0.0
13,16048203,-,13,16090264,+,THYM,1544,TCGA-XU-A92Y-01A,TCGA-XU-A92Y-01A,1.0,0.0,0.0,0.0,0.0
13,18754482,+,21,13859438,-,THYM,1545,TCGA-XU-A92Y-01A,TCGA-XU-A92Y-01A,1.0,0.0,0.0,0.0,0.0
17,22913453,-,17,23193080,+,THYM,1546,TCGA-XU-A92Y-01A,TCGA-XU-A92Y-01A,1.0,0.0,0.0,0.0,0.0
18,15805757,+,18,18493522,-,THYM,1547,TCGA-XU-A92Y-01A,TCGA-XU-A92Y-01A,1.0,0.0,0.0,0.0,0.0
18,20774698,+,18,20789830,-,THYM,1548,TCGA-XU-A92Y-01A,TCGA-XU-A92Y-01A,1.0,0.0,0.0,0.0,0.0
2,132220164,+,9,43191888,-,THYM,1549,TCGA-XU-A92Y-01A,TCGA-XU-A92Y-01A,1.0,0.0,0.0,0.0,0.0
4,183220782,+,4,183753079,+,THYM,1550,TCGA-XU-A92Y-01A,TCGA-XU-A92Y-01A,1.0,0.0,0.0,0.0,0.0
7,61430760,-,7,61449909,+,THYM,1551,TCGA-XU-A92Y-01A,TCGA-XU-A92Y-01A,1.0,0.0,0.0,0.0,0.0
1,61413986,+,12,123270688,+,THYM,1552,TCGA-XU-A92Z-01A,TCGA-XU-A92Z-01A,1.0,0.0,0.0,0.0,0.0
1,61414368,-,12,81014207,-,THYM,1553,TCGA-XU-A92Z-01A,TCGA-XU-A92Z-01A,1.0,0.0,0.0,0.0,0.0
1,228679071,+,5,126671986,-,THYM,1554,TCGA-XU-A92Z-01A,TCGA-XU-A92Z-01A,1.0,0.0,0.0,0.0,0.0
1,228679394,-,5,126672029,+,THYM,1555,TCGA-XU-A92Z-01A,TCGA-XU-A92Z-01A,1.0,0.0,0.0,0.0,0.0
10,41550986,+,10,41582410,-,THYM,1556,TCGA-XU-A92Z-01A,TCGA-XU-A92Z-01A,1.0,0.0,0.0,0.0,0.0
10,46899557,-,13,46753116,+,THYM,1557,TCGA-XU-A92Z-01A,TCGA-XU-A92Z-01A,1.0,0.0,0.0,0.0,0.0
11,51596328,-,11,52584393,+,THYM,1558,TCGA-XU-A92Z-01A,TCGA-XU-A92Z-01A,1.0,0.0,0.0,0.0,0.0
11,84372181,-,11,84372321,+,THYM,1559,TCGA-XU-A92Z-01A,TCGA-XU-A92Z-01A,1.0,0.0,0.0,0.0,0.0
12,81014136,+,12,123270830,-,THYM,1560,TCGA-XU-A92Z-01A,TCGA-XU-A92Z-01A,1.0,0.0,0.0,0.0,0.0
13,16571281,+,13,16586244,-,THYM,1561,TCGA-XU-A92Z-01A,TCGA-XU-A92Z-01A,1.0,0.0,0.0,0.0,0.0
13,17489765,-,13,17980613,+,THYM,1562,TCGA-XU-A92Z-01A,TCGA-XU-A92Z-01A,1.0,0.0,0.0,0.0,0.0
13,47465600,+,13,47494833,+,THYM,1563,TCGA-XU-A92Z-01A,TCGA-XU-A92Z-01A,1.0,0.0,0.0,0.0,0.0
13,47494328,-,13,47495440,-,THYM,1564,TCGA-XU-A92Z-01A,TCGA-XU-A92Z-01A,1.0,0.0,0.0,0.0,0.0
17,13896326,-,22,41003669,-,THYM,1565,TCGA-XU-A92Z-01A,TCGA-XU-A92Z-01A,1.0,0.0,0.0,0.0,0.0
2,34142034,-,18,57643131,+,THYM,1566,TCGA-XU-A92Z-01A,TCGA-XU-A92Z-01A,1.0,0.0,0.0,0.0,0.0
2,89754053,-,10,38614660,-,THYM,1567,TCGA-XU-A92Z-01A,TCGA-XU-A92Z-01A,1.0,0.0,0.0,0.0,0.0
2,91939091,+,24,11394120,-,THYM,1568,TCGA-XU-A92Z-01A,TCGA-XU-A92Z-01A,1.0,0.0,0.0,0.0,0.0
20,29290730,-,24,10206448,-,THYM,1569,TCGA-XU-A92Z-01A,TCGA-XU-A92Z-01A,1.0,0.0,0.0,0.0,0.0
20,29974095,-,20,29984914,+,THYM,1570,TCGA-XU-A92Z-01A,TCGA-XU-A92Z-01A,1.0,0.0,0.0,0.0,0.0
3,10365920,+,18,58512778,-,THYM,1571,TCGA-XU-A92Z-01A,TCGA-XU-A92Z-01A,1.0,0.0,0.0,0.0,0.0
3,75679614,-,20,29400909,-,THYM,1572,TCGA-XU-A92Z-01A,TCGA-XU-A92Z-01A,1.0,0.0,0.0,0.0,0.0
3,122090600,-,3,122092311,+,THYM,1573,TCGA-XU-A92Z-01A,TCGA-XU-A92Z-01A,1.0,0.0,0.0,0.0,0.0
3,184438782,-,9,110144926,+,THYM,1574,TCGA-XU-A92Z-01A,TCGA-XU-A92Z-01A,1.0,0.0,0.0,0.0,0.0
6,27890888,-,22,29409694,+,THYM,1575,TCGA-XU-A92Z-01A,TCGA-XU-A92Z-01A,1.0,0.0,0.0,0.0,0.0
6,29707812,-,22,22901156,+,THYM,1576,TCGA-XU-A92Z-01A,TCGA-XU-A92Z-01A,1.0,0.0,0.0,0.0,0.0
6,29769885,+,22,16241607,+,THYM,1577,TCGA-XU-A92Z-01A,TCGA-XU-A92Z-01A,1.0,0.0,0.0,0.0,0.0
6,30187586,+,22,15364511,+,THYM,1578,TCGA-XU-A92Z-01A,TCGA-XU-A92Z-01A,1.0,0.0,0.0,0.0,0.0
6,37891659,-,22,17306636,-,THYM,1579,TCGA-XU-A92Z-01A,TCGA-XU-A92Z-01A,1.0,0.0,0.0,0.0,0.0
6,39196200,+,22,15590032,+,THYM,1580,TCGA-XU-A92Z-01A,TCGA-XU-A92Z-01A,1.0,0.0,0.0,0.0,0.0
6,40744045,-,22,28558148,-,THYM,1581,TCGA-XU-A92Z-01A,TCGA-XU-A92Z-01A,1.0,0.0,0.0,0.0,0.0
6,41609952,+,6,41610065,+,THYM,1582,TCGA-XU-A92Z-01A,TCGA-XU-A92Z-01A,1.0,0.0,0.0,0.0,0.0
6,63528207,+,6,63532601,-,THYM,1583,TCGA-XU-A92Z-01A,TCGA-XU-A92Z-01A,1.0,0.0,0.0,0.0,0.0
6,106544058,-,6,106544235,+,THYM,1584,TCGA-XU-A92Z-01A,TCGA-XU-A92Z-01A,1.0,0.0,0.0,0.0,0.0
6,127051666,+,6,127076004,-,THYM,1585,TCGA-XU-A92Z-01A,TCGA-XU-A92Z-01A,1.0,0.0,0.0,0.0,0.0
6,151403007,+,12,79433209,-,THYM,1586,TCGA-XU-A92Z-01A,TCGA-XU-A92Z-01A,1.0,0.0,0.0,0.0,0.0
6,151404568,-,12,79365666,+,THYM,1587,TCGA-XU-A92Z-01A,TCGA-XU-A92Z-01A,1.0,0.0,0.0,0.0,0.0
7,101116554,+,7,101120356,-,THYM,1588,TCGA-XU-A92Z-01A,TCGA-XU-A92Z-01A,1.0,0.0,0.0,0.0,0.0
8,45081454,-,8,45777528,+,THYM,1589,TCGA-XU-A92Z-01A,TCGA-XU-A92Z-01A,1.0,0.0,0.0,0.0,0.0
9,84870365,+,15,76726125,-,THYM,1590,TCGA-XU-A92Z-01A,TCGA-XU-A92Z-01A,1.0,0.0,0.0,0.0,0.0
9,99508942,+,9,99578204,-,THYM,1591,TCGA-XU-A92Z-01A,TCGA-XU-A92Z-01A,1.0,0.0,0.0,0.0,0.0
1,110879101,-,1,111917255,+,THYM,1592,TCGA-XU-A930-01A,TCGA-XU-A930-01A,1.0,0.0,0.0,0.0,0.0
1,110928299,-,1,114915892,-,THYM,1593,TCGA-XU-A930-01A,TCGA-XU-A930-01A,1.0,0.0,0.0,0.0,0.0
1,111015243,-,1,118045582,-,THYM,1594,TCGA-XU-A930-01A,TCGA-XU-A930-01A,1.0,0.0,0.0,0.0,0.0
1,114755989,+,1,117252243,-,THYM,1595,TCGA-XU-A930-01A,TCGA-XU-A930-01A,1.0,0.0,0.0,0.0,0.0
1,114955003,+,1,118043444,-,THYM,1596,TCGA-XU-A930-01A,TCGA-XU-A930-01A,1.0,0.0,0.0,0.0,0.0
1,117530961,+,1,118045558,+,THYM,1597,TCGA-XU-A930-01A,TCGA-XU-A930-01A,1.0,0.0,0.0,0.0,0.0
1,122173005,-,1,122191523,+,THYM,1598,TCGA-XU-A930-01A,TCGA-XU-A930-01A,1.0,0.0,0.0,0.0,0.0
1,157566995,-,10,72732036,+,THYM,1599,TCGA-XU-A930-01A,TCGA-XU-A930-01A,1.0,0.0,0.0,0.0,0.0
10,26073583,+,23,122412040,+,THYM,1600,TCGA-XU-A930-01A,TCGA-XU-A930-01A,1.0,0.0,0.0,0.0,0.0
11,51108388,-,11,51209194,+,THYM,1601,TCGA-XU-A930-01A,TCGA-XU-A930-01A,1.0,0.0,0.0,0.0,0.0
12,35681936,+,12,35901068,-,THYM,1602,TCGA-XU-A930-01A,TCGA-XU-A930-01A,1.0,0.0,0.0,0.0,0.0
20,26615132,+,20,27261234,-,THYM,1603,TCGA-XU-A930-01A,TCGA-XU-A930-01A,1.0,0.0,0.0,0.0,0.0
20,29292922,+,24,10204790,+,THYM,1604,TCGA-XU-A930-01A,TCGA-XU-A930-01A,1.0,0.0,0.0,0.0,0.0
20,29936718,-,20,29992518,+,THYM,1605,TCGA-XU-A930-01A,TCGA-XU-A930-01A,1.0,0.0,0.0,0.0,0.0
3,90846862,+,3,90876688,-,THYM,1606,TCGA-XU-A930-01A,TCGA-XU-A930-01A,1.0,0.0,0.0,0.0,0.0
4,106245588,+,16,85805421,-,THYM,1607,TCGA-XU-A930-01A,TCGA-XU-A930-01A,1.0,0.0,0.0,0.0,0.0
4,106251698,-,16,85805319,+,THYM,1608,TCGA-XU-A930-01A,TCGA-XU-A930-01A,1.0,0.0,0.0,0.0,0.0
4,181809588,+,4,182719258,-,THYM,1609,TCGA-XU-A930-01A,TCGA-XU-A930-01A,1.0,0.0,0.0,0.0,0.0
1,108937064,-,15,82968968,-,THYM,1610,TCGA-XU-A931-01A,TCGA-XU-A931-01A,1.0,0.0,0.0,0.0,0.0
1,123411890,+,1,124443921,-,THYM,1611,TCGA-XU-A931-01A,TCGA-XU-A931-01A,1.0,0.0,0.0,0.0,0.0
10,71427246,-,20,52267738,-,THYM,1612,TCGA-XU-A931-01A,TCGA-XU-A931-01A,1.0,0.0,0.0,0.0,0.0
11,54371710,+,11,54420803,-,THYM,1613,TCGA-XU-A931-01A,TCGA-XU-A931-01A,1.0,0.0,0.0,0.0,0.0
13,16505236,-,13,17081455,+,THYM,1614,TCGA-XU-A931-01A,TCGA-XU-A931-01A,1.0,0.0,0.0,0.0,0.0
15,36286748,-,23,125390001,+,THYM,1615,TCGA-XU-A931-01A,TCGA-XU-A931-01A,1.0,0.0,0.0,0.0,0.0
18,15355979,+,22,16107109,+,THYM,1616,TCGA-XU-A931-01A,TCGA-XU-A931-01A,1.0,0.0,0.0,0.0,0.0
18,15731763,+,18,15743592,-,THYM,1617,TCGA-XU-A931-01A,TCGA-XU-A931-01A,1.0,0.0,0.0,0.0,0.0
19,47599817,+,19,47602384,-,THYM,1618,TCGA-XU-A931-01A,TCGA-XU-A931-01A,1.0,0.0,0.0,0.0,0.0
2,141032842,+,3,43552874,+,THYM,1619,TCGA-XU-A931-01A,TCGA-XU-A931-01A,1.0,0.0,0.0,0.0,0.0
2,230086296,-,6,137965416,-,THYM,1620,TCGA-XU-A931-01A,TCGA-XU-A931-01A,1.0,0.0,0.0,0.0,0.0
20,29290758,-,24,10206459,-,THYM,1621,TCGA-XU-A931-01A,TCGA-XU-A931-01A,1.0,0.0,0.0,0.0,0.0
3,90953164,+,3,91108454,-,THYM,1622,TCGA-XU-A931-01A,TCGA-XU-A931-01A,1.0,0.0,0.0,0.0,0.0
3,93021612,+,3,93651487,-,THYM,1623,TCGA-XU-A931-01A,TCGA-XU-A931-01A,1.0,0.0,0.0,0.0,0.0
3,161505360,+,16,30968426,-,THYM,1624,TCGA-XU-A931-01A,TCGA-XU-A931-01A,1.0,0.0,0.0,0.0,0.0
5,49790730,-,5,49837222,+,THYM,1625,TCGA-XU-A931-01A,TCGA-XU-A931-01A,1.0,0.0,0.0,0.0,0.0
7,61472562,+,7,61502680,-,THYM,1626,TCGA-XU-A931-01A,TCGA-XU-A931-01A,1.0,0.0,0.0,0.0,0.0
8,89768820,+,8,89769208,-,THYM,1627,TCGA-XU-A931-01A,TCGA-XU-A931-01A,1.0,0.0,0.0,0.0,0.0
1,77433326,-,8,133313593,-,THYM,1628,TCGA-XU-A932-01A,TCGA-XU-A932-01A,1.0,0.0,0.0,0.0,0.0
10,39338153,+,10,39341989,-,THYM,1629,TCGA-XU-A932-01A,TCGA-XU-A932-01A,1.0,0.0,0.0,0.0,0.0
10,39561292,-,10,41708940,+,THYM,1630,TCGA-XU-A932-01A,TCGA-XU-A932-01A,1.0,0.0,0.0,0.0,0.0
13,17489759,-,13,17980665,+,THYM,1631,TCGA-XU-A932-01A,TCGA-XU-A932-01A,1.0,0.0,0.0,0.0,0.0
13,18628323,-,18,14431741,-,THYM,1632,TCGA-XU-A932-01A,TCGA-XU-A932-01A,1.0,0.0,0.0,0.0,0.0
15,24243626,-,15,24384035,+,THYM,1633,TCGA-XU-A932-01A,TCGA-XU-A932-01A,1.0,0.0,0.0,0.0,0.0
18,15548463,-,18,15699820,+,THYM,1634,TCGA-XU-A932-01A,TCGA-XU-A932-01A,1.0,0.0,0.0,0.0,0.0
2,164064806,+,4,137449904,+,THYM,1635,TCGA-XU-A932-01A,TCGA-XU-A932-01A,1.0,0.0,0.0,0.0,0.0
20,34127434,+,20,34146635,-,THYM,1636,TCGA-XU-A932-01A,TCGA-XU-A932-01A,1.0,0.0,0.0,0.0,0.0
3,90802224,-,3,90831150,+,THYM,1637,TCGA-XU-A932-01A,TCGA-XU-A932-01A,1.0,0.0,0.0,0.0,0.0
3,90981969,+,3,91132349,-,THYM,1638,TCGA-XU-A932-01A,TCGA-XU-A932-01A,1.0,0.0,0.0,0.0,0.0
3,91152798,+,3,91222386,-,THYM,1639,TCGA-XU-A932-01A,TCGA-XU-A932-01A,1.0,0.0,0.0,0.0,0.0
3,115568122,-,6,115140084,+,THYM,1640,TCGA-XU-A932-01A,TCGA-XU-A932-01A,1.0,0.0,0.0,0.0,0.0
4,181721347,-,4,186929826,+,THYM,1641,TCGA-XU-A932-01A,TCGA-XU-A932-01A,1.0,0.0,0.0,0.0,0.0
9,90908092,-,9,93618896,+,THYM,1642,TCGA-XU-A932-01A,TCGA-XU-A932-01A,1.0,0.0,0.0,0.0,0.0
1,14423668,+,1,82953195,-,THYM,1643,TCGA-XU-A933-01A,TCGA-XU-A933-01A,1.0,0.0,0.0,0.0,0.0
1,32865203,-,1,80843074,+,THYM,1644,TCGA-XU-A933-01A,TCGA-XU-A933-01A,1.0,0.0,0.0,0.0,0.0
1,38001239,+,1,88005405,+,THYM,1645,TCGA-XU-A933-01A,TCGA-XU-A933-01A,1.0,0.0,0.0,0.0,0.0
1,38002003,-,1,80843862,-,THYM,1646,TCGA-XU-A933-01A,TCGA-XU-A933-01A,1.0,0.0,0.0,0.0,0.0
1,82943457,+,1,85224444,-,THYM,1647,TCGA-XU-A933-01A,TCGA-XU-A933-01A,1.0,0.0,0.0,0.0,0.0
1,85224416,+,1,87938593,+,THYM,1648,TCGA-XU-A933-01A,TCGA-XU-A933-01A,1.0,0.0,0.0,0.0,0.0
1,87939144,-,1,88009581,-,THYM,1649,TCGA-XU-A933-01A,TCGA-XU-A933-01A,1.0,0.0,0.0,0.0,0.0
1,168357598,+,8,58410722,-,THYM,1650,TCGA-XU-A933-01A,TCGA-XU-A933-01A,1.0,0.0,0.0,0.0,0.0
10,82534390,+,10,82572455,-,THYM,1651,TCGA-XU-A933-01A,TCGA-XU-A933-01A,1.0,0.0,0.0,0.0,0.0
11,54370965,-,11,54385211,+,THYM,1652,TCGA-XU-A933-01A,TCGA-XU-A933-01A,1.0,0.0,0.0,0.0,0.0
12,119302133,+,20,60703070,+,THYM,1653,TCGA-XU-A933-01A,TCGA-XU-A933-01A,1.0,0.0,0.0,0.0,0.0
13,17086732,+,13,17146628,-,THYM,1654,TCGA-XU-A933-01A,TCGA-XU-A933-01A,1.0,0.0,0.0,0.0,0.0
18,20738015,+,18,20802995,-,THYM,1655,TCGA-XU-A933-01A,TCGA-XU-A933-01A,1.0,0.0,0.0,0.0,0.0
2,70032249,-,2,70114659,+,THYM,1656,TCGA-XU-A933-01A,TCGA-XU-A933-01A,1.0,0.0,0.0,0.0,0.0
2,153969109,+,2,154060520,-,THYM,1657,TCGA-XU-A933-01A,TCGA-XU-A933-01A,1.0,0.0,0.0,0.0,0.0
2,182242935,-,4,100702016,-,THYM,1658,TCGA-XU-A933-01A,TCGA-XU-A933-01A,1.0,0.0,0.0,0.0,0.0
20,14985393,+,20,15198175,-,THYM,1659,TCGA-XU-A933-01A,TCGA-XU-A933-01A,1.0,0.0,0.0,0.0,0.0
20,29921439,+,20,29987028,-,THYM,1660,TCGA-XU-A933-01A,TCGA-XU-A933-01A,1.0,0.0,0.0,0.0,0.0
22,28655581,+,22,28711681,-,THYM,1661,TCGA-XU-A933-01A,TCGA-XU-A933-01A,1.0,0.0,0.0,0.0,0.0
3,90864382,-,3,91169352,+,THYM,1662,TCGA-XU-A933-01A,TCGA-XU-A933-01A,1.0,0.0,0.0,0.0,0.0
3,195368885,+,3,195369359,-,THYM,1663,TCGA-XU-A933-01A,TCGA-XU-A933-01A,1.0,0.0,0.0,0.0,0.0
4,49216542,-,18,14325864,-,THYM,1664,TCGA-XU-A933-01A,TCGA-XU-A933-01A,1.0,0.0,0.0,0.0,0.0
5,31421918,-,23,126013227,+,THYM,1665,TCGA-XU-A933-01A,TCGA-XU-A933-01A,1.0,0.0,0.0,0.0,0.0
6,72994591,-,11,43352090,+,THYM,1666,TCGA-XU-A933-01A,TCGA-XU-A933-01A,1.0,0.0,0.0,0.0,0.0
6,110829026,+,6,110831261,-,THYM,1667,TCGA-XU-A933-01A,TCGA-XU-A933-01A,1.0,0.0,0.0,0.0,0.0
7,58174334,-,7,58237644,+,THYM,1668,TCGA-XU-A933-01A,TCGA-XU-A933-01A,1.0,0.0,0.0,0.0,0.0
9,10208178,-,10,127848909,+,THYM,1669,TCGA-XU-A933-01A,TCGA-XU-A933-01A,1.0,0.0,0.0,0.0,0.0
1,97086126,+,1,97758930,-,THYM,1670,TCGA-XU-A936-01A,TCGA-XU-A936-01A,1.0,0.0,0.0,0.0,0.0
1,97527228,-,20,38635037,+,THYM,1671,TCGA-XU-A936-01A,TCGA-XU-A936-01A,1.0,0.0,0.0,0.0,0.0
1,124794569,+,1,124839044,-,THYM,1672,TCGA-XU-A936-01A,TCGA-XU-A936-01A,1.0,0.0,0.0,0.0,0.0
1,208305089,-,12,31042984,+,THYM,1673,TCGA-XU-A936-01A,TCGA-XU-A936-01A,1.0,0.0,0.0,0.0,0.0
1,208305095,+,12,9479500,+,THYM,1674,TCGA-XU-A936-01A,TCGA-XU-A936-01A,1.0,0.0,0.0,0.0,0.0
1,212806747,-,6,76203342,-,THYM,1675,TCGA-XU-A936-01A,TCGA-XU-A936-01A,1.0,0.0,0.0,0.0,0.0
10,8268566,+,23,150001021,+,THYM,1676,TCGA-XU-A936-01A,TCGA-XU-A936-01A,1.0,0.0,0.0,0.0,0.0
10,124788711,-,23,65453354,-,THYM,1677,TCGA-XU-A936-01A,TCGA-XU-A936-01A,1.0,0.0,0.0,0.0,0.0
11,54384969,+,11,54409518,-,THYM,1678,TCGA-XU-A936-01A,TCGA-XU-A936-01A,1.0,0.0,0.0,0.0,0.0
12,7054558,+,12,7209170,-,THYM,1679,TCGA-XU-A936-01A,TCGA-XU-A936-01A,1.0,0.0,0.0,0.0,0.0
14,106421604,-,14,106639020,+,THYM,1680,TCGA-XU-A936-01A,TCGA-XU-A936-01A,1.0,0.0,0.0,0.0,0.0
16,34256054,-,16,36322593,+,THYM,1681,TCGA-XU-A936-01A,TCGA-XU-A936-01A,1.0,0.0,0.0,0.0,0.0
17,16893693,-,17,20633632,+,THYM,1682,TCGA-XU-A936-01A,TCGA-XU-A936-01A,1.0,0.0,0.0,0.0,0.0
20,26615200,+,20,27261299,-,THYM,1683,TCGA-XU-A936-01A,TCGA-XU-A936-01A,1.0,0.0,0.0,0.0,0.0
3,90820134,-,3,90889290,+,THYM,1684,TCGA-XU-A936-01A,TCGA-XU-A936-01A,1.0,0.0,0.0,0.0,0.0
3,90914887,-,3,91182539,+,THYM,1685,TCGA-XU-A936-01A,TCGA-XU-A936-01A,1.0,0.0,0.0,0.0,0.0
3,179244535,+,22,16582683,-,THYM,1686,TCGA-XU-A936-01A,TCGA-XU-A936-01A,1.0,0.0,0.0,0.0,0.0
5,44932020,-,5,44932163,+,THYM,1687,TCGA-XU-A936-01A,TCGA-XU-A936-01A,1.0,0.0,0.0,0.0,0.0
5,80301310,+,23,124129006,+,THYM,1688,TCGA-XU-A936-01A,TCGA-XU-A936-01A,1.0,0.0,0.0,0.0,0.0
6,87676716,-,18,35063172,-,THYM,1689,TCGA-XU-A936-01A,TCGA-XU-A936-01A,1.0,0.0,0.0,0.0,0.0
7,137061337,+,7,137629609,+,THYM,1690,TCGA-XU-A936-01A,TCGA-XU-A936-01A,1.0,0.0,0.0,0.0,0.0
7,137069209,-,7,137637929,-,THYM,1691,TCGA-XU-A936-01A,TCGA-XU-A936-01A,1.0,0.0,0.0,0.0,0.0
8,121408268,+,15,66102335,+,THYM,1692,TCGA-XU-A936-01A,TCGA-XU-A936-01A,1.0,0.0,0.0,0.0,0.0
9,138155873,+,18,68092,+,THYM,1693,TCGA-XU-A936-01A,TCGA-XU-A936-01A,1.0,0.0,0.0,0.0,0.0
23,8454626,+,23,8525620,+,THYM,1694,TCGA-XU-A936-01A,TCGA-XU-A936-01A,1.0,0.0,0.0,0.0,0.0
23,8464469,-,23,8506772,-,THYM,1695,TCGA-XU-A936-01A,TCGA-XU-A936-01A,1.0,0.0,0.0,0.0,0.0
23,8506349,+,23,8527494,-,THYM,1696,TCGA-XU-A936-01A,TCGA-XU-A936-01A,1.0,0.0,0.0,0.0,0.0
1,122266953,-,1,122395592,+,THYM,1697,TCGA-XU-AAXV-01A,TCGA-XU-AAXV-01A,1.0,0.0,0.0,0.0,0.0
1,234207293,-,23,20573299,+,THYM,1698,TCGA-XU-AAXV-01A,TCGA-XU-AAXV-01A,1.0,0.0,0.0,0.0,0.0
10,38748973,-,22,16537624,+,THYM,1699,TCGA-XU-AAXV-01A,TCGA-XU-AAXV-01A,1.0,0.0,0.0,0.0,0.0
11,52560908,+,11,53048855,-,THYM,1700,TCGA-XU-AAXV-01A,TCGA-XU-AAXV-01A,1.0,0.0,0.0,0.0,0.0
11,54346502,+,11,54421115,-,THYM,1701,TCGA-XU-AAXV-01A,TCGA-XU-AAXV-01A,1.0,0.0,0.0,0.0,0.0
14,22386830,+,14,22475319,-,THYM,1702,TCGA-XU-AAXV-01A,TCGA-XU-AAXV-01A,1.0,0.0,0.0,0.0,0.0
14,67843277,-,18,24353839,-,THYM,1703,TCGA-XU-AAXV-01A,TCGA-XU-AAXV-01A,1.0,0.0,0.0,0.0,0.0
17,22830037,+,17,23081015,-,THYM,1704,TCGA-XU-AAXV-01A,TCGA-XU-AAXV-01A,1.0,0.0,0.0,0.0,0.0
17,31949705,+,17,43548657,-,THYM,1705,TCGA-XU-AAXV-01A,TCGA-XU-AAXV-01A,1.0,0.0,0.0,0.0,0.0
2,26157089,+,7,5433782,+,THYM,1706,TCGA-XU-AAXV-01A,TCGA-XU-AAXV-01A,1.0,0.0,0.0,0.0,0.0
2,91952291,-,24,11407352,+,THYM,1707,TCGA-XU-AAXV-01A,TCGA-XU-AAXV-01A,1.0,0.0,0.0,0.0,0.0
3,91045804,-,3,91261510,-,THYM,1708,TCGA-XU-AAXV-01A,TCGA-XU-AAXV-01A,1.0,0.0,0.0,0.0,0.0
3,122546968,-,21,39586220,-,THYM,1709,TCGA-XU-AAXV-01A,TCGA-XU-AAXV-01A,1.0,0.0,0.0,0.0,0.0
4,2505470,+,7,99017927,-,THYM,1710,TCGA-XU-AAXV-01A,TCGA-XU-AAXV-01A,1.0,0.0,0.0,0.0,0.0
4,4003840,+,4,9640993,+,THYM,1711,TCGA-XU-AAXV-01A,TCGA-XU-AAXV-01A,1.0,0.0,0.0,0.0,0.0
4,41868815,-,11,101386072,+,THYM,1712,TCGA-XU-AAXV-01A,TCGA-XU-AAXV-01A,1.0,0.0,0.0,0.0,0.0
4,92216898,-,18,12292521,-,THYM,1713,TCGA-XU-AAXV-01A,TCGA-XU-AAXV-01A,1.0,0.0,0.0,0.0,0.0
6,42949199,-,6,81529553,+,THYM,1714,TCGA-XU-AAXV-01A,TCGA-XU-AAXV-01A,1.0,0.0,0.0,0.0,0.0
6,114529383,+,9,74291821,-,THYM,1715,TCGA-XU-AAXV-01A,TCGA-XU-AAXV-01A,1.0,0.0,0.0,0.0,0.0
1,122262339,+,1,122348337,-,THYM,1716,TCGA-XU-AAXX-01A,TCGA-XU-AAXX-01A,1.0,0.0,0.0,0.0,0.0
18,15561550,+,18,15682283,-,THYM,1717,TCGA-XU-AAXX-01A,TCGA-XU-AAXX-01A,1.0,0.0,0.0,0.0,0.0
18,15731768,+,18,15743572,-,THYM,1718,TCGA-XU-AAXX-01A,TCGA-XU-AAXX-01A,1.0,0.0,0.0,0.0,0.0
6,113361640,-,19,19702535,+,THYM,1719,TCGA-XU-AAXX-01A,TCGA-XU-AAXX-01A,1.0,0.0,0.0,0.0,0.0
8,3438987,+,18,63063879,+,THYM,1720,TCGA-XU-AAXX-01A,TCGA-XU-AAXX-01A,1.0,0.0,0.0,0.0,0.0
23,2448489,+,23,2470769,-,THYM,1721,TCGA-XU-AAXX-01A,TCGA-XU-AAXX-01A,1.0,0.0,0.0,0.0,0.0
10,3464884,+,10,4373102,+,THYM,1722,TCGA-XU-AAY0-01A,TCGA-XU-AAY0-01A,1.0,0.0,0.0,0.0,0.0
10,3800039,-,10,4380992,-,THYM,1723,TCGA-XU-AAY0-01A,TCGA-XU-AAY0-01A,1.0,0.0,0.0,0.0,0.0
11,53333475,+,11,53706735,-,THYM,1724,TCGA-XU-AAY0-01A,TCGA-XU-AAY0-01A,1.0,0.0,0.0,0.0,0.0
12,37361802,-,12,37379851,+,THYM,1725,TCGA-XU-AAY0-01A,TCGA-XU-AAY0-01A,1.0,0.0,0.0,0.0,0.0
13,16412564,+,13,17125912,-,THYM,1726,TCGA-XU-AAY0-01A,TCGA-XU-AAY0-01A,1.0,0.0,0.0,0.0,0.0
18,15665509,-,18,15711647,+,THYM,1727,TCGA-XU-AAY0-01A,TCGA-XU-AAY0-01A,1.0,0.0,0.0,0.0,0.0
2,19140040,+,4,68996169,+,THYM,1728,TCGA-XU-AAY0-01A,TCGA-XU-AAY0-01A,1.0,0.0,0.0,0.0,0.0
22,27048143,-,22,48506893,-,THYM,1729,TCGA-XU-AAY0-01A,TCGA-XU-AAY0-01A,1.0,0.0,0.0,0.0,0.0
22,27050192,+,22,46768819,-,THYM,1730,TCGA-XU-AAY0-01A,TCGA-XU-AAY0-01A,1.0,0.0,0.0,0.0,0.0
22,31310135,-,22,46474737,+,THYM,1731,TCGA-XU-AAY0-01A,TCGA-XU-AAY0-01A,1.0,0.0,0.0,0.0,0.0
22,46152207,-,22,48475551,+,THYM,1732,TCGA-XU-AAY0-01A,TCGA-XU-AAY0-01A,1.0,0.0,0.0,0.0,0.0
22,48045303,+,22,48093429,-,THYM,1733,TCGA-XU-AAY0-01A,TCGA-XU-AAY0-01A,1.0,0.0,0.0,0.0,0.0
6,31270949,-,6,31356089,+,THYM,1734,TCGA-XU-AAY0-01A,TCGA-XU-AAY0-01A,1.0,0.0,0.0,0.0,0.0
6,59305576,-,6,59583328,+,THYM,1735,TCGA-XU-AAY0-01A,TCGA-XU-AAY0-01A,1.0,0.0,0.0,0.0,0.0
6,160034934,+,22,38736318,+,THYM,1736,TCGA-XU-AAY0-01A,TCGA-XU-AAY0-01A,1.0,0.0,0.0,0.0,0.0
6,163462188,+,22,46147926,+,THYM,1737,TCGA-XU-AAY0-01A,TCGA-XU-AAY0-01A,1.0,0.0,0.0,0.0,0.0
6,164673110,-,22,26415961,+,THYM,1738,TCGA-XU-AAY0-01A,TCGA-XU-AAY0-01A,1.0,0.0,0.0,0.0,0.0
6,165787774,+,6,165802437,-,THYM,1739,TCGA-XU-AAY0-01A,TCGA-XU-AAY0-01A,1.0,0.0,0.0,0.0,0.0
1,85996496,+,17,82725953,-,THYM,1740,TCGA-XU-AAY1-01A,TCGA-XU-AAY1-01A,1.0,0.0,0.0,0.0,0.0
1,121619328,+,1,122098102,+,THYM,1741,TCGA-XU-AAY1-01A,TCGA-XU-AAY1-01A,1.0,0.0,0.0,0.0,0.0
1,150191785,+,4,165016052,+,THYM,1742,TCGA-XU-AAY1-01A,TCGA-XU-AAY1-01A,1.0,0.0,0.0,0.0,0.0
10,40546053,-,10,40734515,+,THYM,1743,TCGA-XU-AAY1-01A,TCGA-XU-AAY1-01A,1.0,0.0,0.0,0.0,0.0
10,103393363,-,19,13602070,+,THYM,1744,TCGA-XU-AAY1-01A,TCGA-XU-AAY1-01A,1.0,0.0,0.0,0.0,0.0
11,53333477,+,11,53706748,-,THYM,1745,TCGA-XU-AAY1-01A,TCGA-XU-AAY1-01A,1.0,0.0,0.0,0.0,0.0
11,54374385,+,11,54409114,-,THYM,1746,TCGA-XU-AAY1-01A,TCGA-XU-AAY1-01A,1.0,0.0,0.0,0.0,0.0
15,17499294,-,15,18351635,+,THYM,1747,TCGA-XU-AAY1-01A,TCGA-XU-AAY1-01A,1.0,0.0,0.0,0.0,0.0
16,34173323,-,20,28748806,+,THYM,1748,TCGA-XU-AAY1-01A,TCGA-XU-AAY1-01A,1.0,0.0,0.0,0.0,0.0
17,21448877,+,17,27006694,-,THYM,1749,TCGA-XU-AAY1-01A,TCGA-XU-AAY1-01A,1.0,0.0,0.0,0.0,0.0
17,22822892,+,17,22987167,-,THYM,1750,TCGA-XU-AAY1-01A,TCGA-XU-AAY1-01A,1.0,0.0,0.0,0.0,0.0
17,24424778,-,17,26885116,-,THYM,1751,TCGA-XU-AAY1-01A,TCGA-XU-AAY1-01A,1.0,0.0,0.0,0.0,0.0
17,26643843,-,17,26654911,+,THYM,1752,TCGA-XU-AAY1-01A,TCGA-XU-AAY1-01A,1.0,0.0,0.0,0.0,0.0
19,14090279,+,22,20449730,-,THYM,1753,TCGA-XU-AAY1-01A,TCGA-XU-AAY1-01A,1.0,0.0,0.0,0.0,0.0
2,195426018,+,21,25310100,+,THYM,1754,TCGA-XU-AAY1-01A,TCGA-XU-AAY1-01A,1.0,0.0,0.0,0.0,0.0
3,136498239,-,23,38945915,-,THYM,1755,TCGA-XU-AAY1-01A,TCGA-XU-AAY1-01A,1.0,0.0,0.0,0.0,0.0
4,7603735,+,4,7607708,-,THYM,1756,TCGA-XU-AAY1-01A,TCGA-XU-AAY1-01A,1.0,0.0,0.0,0.0,0.0
4,187917136,-,6,114813136,+,THYM,1757,TCGA-XU-AAY1-01A,TCGA-XU-AAY1-01A,1.0,0.0,0.0,0.0,0.0
23,10052980,-,23,50848689,-,THYM,1758,TCGA-XU-AAY1-01A,TCGA-XU-AAY1-01A,1.0,0.0,0.0,0.0,0.0
1,8205463,+,1,8214741,-,THYM,1759,TCGA-YT-A95D-01A,TCGA-YT-A95D-01A,1.0,0.0,0.0,0.0,0.0
1,22491081,+,1,25498190,-,THYM,1760,TCGA-YT-A95D-01A,TCGA-YT-A95D-01A,1.0,0.0,0.0,0.0,0.0
11,54343421,-,11,54384578,+,THYM,1761,TCGA-YT-A95D-01A,TCGA-YT-A95D-01A,1.0,0.0,0.0,0.0,0.0
13,17645873,+,13,17952742,-,THYM,1762,TCGA-YT-A95D-01A,TCGA-YT-A95D-01A,1.0,0.0,0.0,0.0,0.0
13,17737987,-,13,17810395,+,THYM,1763,TCGA-YT-A95D-01A,TCGA-YT-A95D-01A,1.0,0.0,0.0,0.0,0.0
16,34729557,+,16,34731882,-,THYM,1764,TCGA-YT-A95D-01A,TCGA-YT-A95D-01A,1.0,0.0,0.0,0.0,0.0
17,22822675,-,17,23180654,+,THYM,1765,TCGA-YT-A95D-01A,TCGA-YT-A95D-01A,1.0,0.0,0.0,0.0,0.0
19,56206797,-,19,56244954,+,THYM,1766,TCGA-YT-A95D-01A,TCGA-YT-A95D-01A,1.0,0.0,0.0,0.0,0.0
2,141854093,+,2,141877776,-,THYM,1767,TCGA-YT-A95D-01A,TCGA-YT-A95D-01A,1.0,0.0,0.0,0.0,0.0
3,41430559,-,3,41430689,+,THYM,1768,TCGA-YT-A95D-01A,TCGA-YT-A95D-01A,1.0,0.0,0.0,0.0,0.0
3,60457768,-,3,60567856,+,THYM,1769,TCGA-YT-A95D-01A,TCGA-YT-A95D-01A,1.0,0.0,0.0,0.0,0.0
4,189484188,+,6,114427049,-,THYM,1770,TCGA-YT-A95D-01A,TCGA-YT-A95D-01A,1.0,0.0,0.0,0.0,0.0
5,144618001,+,21,20213912,+,THYM,1771,TCGA-YT-A95D-01A,TCGA-YT-A95D-01A,1.0,0.0,0.0,0.0,0.0
7,60443555,+,7,60680864,-,THYM,1772,TCGA-YT-A95D-01A,TCGA-YT-A95D-01A,1.0,0.0,0.0,0.0,0.0
7,61431303,+,7,61472331,-,THYM,1773,TCGA-YT-A95D-01A,TCGA-YT-A95D-01A,1.0,0.0,0.0,0.0,0.0
7,75595242,+,18,2614564,+,THYM,1774,TCGA-YT-A95D-01A,TCGA-YT-A95D-01A,1.0,0.0,0.0,0.0,0.0
7,83460648,+,11,27634027,+,THYM,1775,TCGA-YT-A95D-01A,TCGA-YT-A95D-01A,1.0,0.0,0.0,0.0,0.0
10,39919111,+,10,39931473,-,THYM,1776,TCGA-YT-A95E-01A,TCGA-YT-A95E-01A,1.0,0.0,0.0,0.0,0.0
10,39986324,-,10,41266078,+,THYM,1777,TCGA-YT-A95E-01A,TCGA-YT-A95E-01A,1.0,0.0,0.0,0.0,0.0
11,29499408,+,12,58597887,-,THYM,1778,TCGA-YT-A95E-01A,TCGA-YT-A95E-01A,1.0,0.0,0.0,0.0,0.0
12,35251043,-,12,36925180,+,THYM,1779,TCGA-YT-A95E-01A,TCGA-YT-A95E-01A,1.0,0.0,0.0,0.0,0.0
13,16385669,+,13,16734036,-,THYM,1780,TCGA-YT-A95E-01A,TCGA-YT-A95E-01A,1.0,0.0,0.0,0.0,0.0
13,16602707,-,13,17124385,+,THYM,1781,TCGA-YT-A95E-01A,TCGA-YT-A95E-01A,1.0,0.0,0.0,0.0,0.0
13,17287296,-,13,17396355,+,THYM,1782,TCGA-YT-A95E-01A,TCGA-YT-A95E-01A,1.0,0.0,0.0,0.0,0.0
13,18761763,-,18,14318920,-,THYM,1783,TCGA-YT-A95E-01A,TCGA-YT-A95E-01A,1.0,0.0,0.0,0.0,0.0
14,68794826,-,16,53010795,-,THYM,1784,TCGA-YT-A95E-01A,TCGA-YT-A95E-01A,1.0,0.0,0.0,0.0,0.0
14,106062130,+,14,106537811,-,THYM,1785,TCGA-YT-A95E-01A,TCGA-YT-A95E-01A,1.0,0.0,0.0,0.0,0.0
18,15805157,-,18,18141888,+,THYM,1786,TCGA-YT-A95E-01A,TCGA-YT-A95E-01A,1.0,0.0,0.0,0.0,0.0
2,207102166,+,8,102700940,+,THYM,1787,TCGA-YT-A95E-01A,TCGA-YT-A95E-01A,1.0,0.0,0.0,0.0,0.0
20,29921815,-,20,29961680,+,THYM,1788,TCGA-YT-A95E-01A,TCGA-YT-A95E-01A,1.0,0.0,0.0,0.0,0.0
22,23344787,-,22,24675021,+,THYM,1789,TCGA-YT-A95E-01A,TCGA-YT-A95E-01A,1.0,0.0,0.0,0.0,0.0
22,36309011,+,22,36309634,-,THYM,1790,TCGA-YT-A95E-01A,TCGA-YT-A95E-01A,1.0,0.0,0.0,0.0,0.0
3,91139619,+,3,91146424,-,THYM,1791,TCGA-YT-A95E-01A,TCGA-YT-A95E-01A,1.0,0.0,0.0,0.0,0.0
3,195692485,+,5,267831,-,THYM,1792,TCGA-YT-A95E-01A,TCGA-YT-A95E-01A,1.0,0.0,0.0,0.0,0.0
5,138910227,-,6,118542901,-,THYM,1793,TCGA-YT-A95E-01A,TCGA-YT-A95E-01A,1.0,0.0,0.0,0.0,0.0
5,145047876,-,12,32963448,-,THYM,1794,TCGA-YT-A95E-01A,TCGA-YT-A95E-01A,1.0,0.0,0.0,0.0,0.0
6,3720608,+,6,33532960,+,THYM,1795,TCGA-YT-A95E-01A,TCGA-YT-A95E-01A,1.0,0.0,0.0,0.0,0.0
7,58175377,-,7,61964169,+,THYM,1796,TCGA-YT-A95E-01A,TCGA-YT-A95E-01A,1.0,0.0,0.0,0.0,0.0
7,61439198,+,7,61455594,-,THYM,1797,TCGA-YT-A95E-01A,TCGA-YT-A95E-01A,1.0,0.0,0.0,0.0,0.0
8,8526154,-,16,19321589,-,THYM,1798,TCGA-YT-A95E-01A,TCGA-YT-A95E-01A,1.0,0.0,0.0,0.0,0.0
1,122269490,-,1,122379517,+,THYM,1799,TCGA-YT-A95F-01A,TCGA-YT-A95F-01A,1.0,0.0,0.0,0.0,0.0
1,123605555,-,1,124101267,+,THYM,1800,TCGA-YT-A95F-01A,TCGA-YT-A95F-01A,1.0,0.0,0.0,0.0,0.0
14,106421607,-,14,106639052,+,THYM,1801,TCGA-YT-A95F-01A,TCGA-YT-A95F-01A,1.0,0.0,0.0,0.0,0.0
17,22894256,-,17,22922833,+,THYM,1802,TCGA-YT-A95F-01A,TCGA-YT-A95F-01A,1.0,0.0,0.0,0.0,0.0
20,25922490,+,20,29638894,+,THYM,1803,TCGA-YT-A95F-01A,TCGA-YT-A95F-01A,1.0,0.0,0.0,0.0,0.0
3,90623859,+,3,90679151,-,THYM,1804,TCGA-YT-A95F-01A,TCGA-YT-A95F-01A,1.0,0.0,0.0,0.0,0.0
3,90782648,+,3,91123241,-,THYM,1805,TCGA-YT-A95F-01A,TCGA-YT-A95F-01A,1.0,0.0,0.0,0.0,0.0
3,117761633,+,9,136096519,+,THYM,1806,TCGA-YT-A95F-01A,TCGA-YT-A95F-01A,1.0,0.0,0.0,0.0,0.0
6,57407425,-,6,60309136,+,THYM,1807,TCGA-YT-A95F-01A,TCGA-YT-A95F-01A,1.0,0.0,0.0,0.0,0.0
6,89141978,-,16,49308393,+,THYM,1808,TCGA-YT-A95F-01A,TCGA-YT-A95F-01A,1.0,0.0,0.0,0.0,0.0
7,61444224,+,7,61512509,-,THYM,1809,TCGA-YT-A95F-01A,TCGA-YT-A95F-01A,1.0,0.0,0.0,0.0,0.0
1,231814984,+,13,62992165,+,THYM,1810,TCGA-YT-A95G-01A,TCGA-YT-A95G-01A,1.0,0.0,0.0,0.0,0.0
1,243739538,+,1,243740075,-,THYM,1811,TCGA-YT-A95G-01A,TCGA-YT-A95G-01A,1.0,0.0,0.0,0.0,0.0
11,51831241,+,11,52911898,-,THYM,1812,TCGA-YT-A95G-01A,TCGA-YT-A95G-01A,1.0,0.0,0.0,0.0,0.0
11,54369041,-,11,54549468,+,THYM,1813,TCGA-YT-A95G-01A,TCGA-YT-A95G-01A,1.0,0.0,0.0,0.0,0.0
12,61399484,+,12,61400152,-,THYM,1814,TCGA-YT-A95G-01A,TCGA-YT-A95G-01A,1.0,0.0,0.0,0.0,0.0
12,123569569,+,13,35150794,-,THYM,1815,TCGA-YT-A95G-01A,TCGA-YT-A95G-01A,1.0,0.0,0.0,0.0,0.0
13,16661315,-,13,17300736,+,THYM,1816,TCGA-YT-A95G-01A,TCGA-YT-A95G-01A,1.0,0.0,0.0,0.0,0.0
16,34777621,-,16,34824095,+,THYM,1817,TCGA-YT-A95G-01A,TCGA-YT-A95G-01A,1.0,0.0,0.0,0.0,0.0
2,60920346,-,23,40204030,+,THYM,1818,TCGA-YT-A95G-01A,TCGA-YT-A95G-01A,1.0,0.0,0.0,0.0,0.0
2,93598854,-,11,119448871,+,THYM,1819,TCGA-YT-A95G-01A,TCGA-YT-A95G-01A,1.0,0.0,0.0,0.0,0.0
2,93599042,+,11,119448991,-,THYM,1820,TCGA-YT-A95G-01A,TCGA-YT-A95G-01A,1.0,0.0,0.0,0.0,0.0
2,222265691,+,23,100333113,-,THYM,1821,TCGA-YT-A95G-01A,TCGA-YT-A95G-01A,1.0,0.0,0.0,0.0,0.0
6,107813424,+,13,24525069,+,THYM,1822,TCGA-YT-A95G-01A,TCGA-YT-A95G-01A,1.0,0.0,0.0,0.0,0.0
7,158410794,-,7,158410980,+,THYM,1823,TCGA-YT-A95G-01A,TCGA-YT-A95G-01A,1.0,0.0,0.0,0.0,0.0
8,44352980,+,8,44555995,-,THYM,1824,TCGA-YT-A95G-01A,TCGA-YT-A95G-01A,1.0,0.0,0.0,0.0,0.0
8,115563304,+,8,115573240,-,THYM,1825,TCGA-YT-A95G-01A,TCGA-YT-A95G-01A,1.0,0.0,0.0,0.0,0.0
9,40229185,+,9,42858481,-,THYM,1826,TCGA-YT-A95G-01A,TCGA-YT-A95G-01A,1.0,0.0,0.0,0.0,0.0
1,6984059,-,21,41567651,+,THYM,1827,TCGA-YT-A95H-01A,TCGA-YT-A95H-01A,1.0,0.0,0.0,0.0,0.0
1,122446682,-,1,122471294,+,THYM,1828,TCGA-YT-A95H-01A,TCGA-YT-A95H-01A,1.0,0.0,0.0,0.0,0.0
1,123350066,-,1,123805168,+,THYM,1829,TCGA-YT-A95H-01A,TCGA-YT-A95H-01A,1.0,0.0,0.0,0.0,0.0
1,124795660,+,1,124803361,-,THYM,1830,TCGA-YT-A95H-01A,TCGA-YT-A95H-01A,1.0,0.0,0.0,0.0,0.0
11,68966101,-,11,72753556,+,THYM,1831,TCGA-YT-A95H-01A,TCGA-YT-A95H-01A,1.0,0.0,0.0,0.0,0.0
12,36543359,+,12,36712852,-,THYM,1832,TCGA-YT-A95H-01A,TCGA-YT-A95H-01A,1.0,0.0,0.0,0.0,0.0
12,114733108,-,23,62964895,+,THYM,1833,TCGA-YT-A95H-01A,TCGA-YT-A95H-01A,1.0,0.0,0.0,0.0,0.0
15,17042616,+,20,28934169,+,THYM,1834,TCGA-YT-A95H-01A,TCGA-YT-A95H-01A,1.0,0.0,0.0,0.0,0.0
18,15472243,-,18,15610412,+,THYM,1835,TCGA-YT-A95H-01A,TCGA-YT-A95H-01A,1.0,0.0,0.0,0.0,0.0
18,15512446,+,18,15572261,-,THYM,1836,TCGA-YT-A95H-01A,TCGA-YT-A95H-01A,1.0,0.0,0.0,0.0,0.0
20,27689524,+,20,28322590,-,THYM,1837,TCGA-YT-A95H-01A,TCGA-YT-A95H-01A,1.0,0.0,0.0,0.0,0.0
20,29957183,-,20,29975352,+,THYM,1838,TCGA-YT-A95H-01A,TCGA-YT-A95H-01A,1.0,0.0,0.0,0.0,0.0
3,90871013,+,3,91221900,-,THYM,1839,TCGA-YT-A95H-01A,TCGA-YT-A95H-01A,1.0,0.0,0.0,0.0,0.0
3,91018928,+,3,91108193,-,THYM,1840,TCGA-YT-A95H-01A,TCGA-YT-A95H-01A,1.0,0.0,0.0,0.0,0.0
3,92560683,-,3,93036754,+,THYM,1841,TCGA-YT-A95H-01A,TCGA-YT-A95H-01A,1.0,0.0,0.0,0.0,0.0
4,50521613,+,4,51594931,-,THYM,1842,TCGA-YT-A95H-01A,TCGA-YT-A95H-01A,1.0,0.0,0.0,0.0,0.0
7,1779532,+,11,69046534,+,THYM,1843,TCGA-YT-A95H-01A,TCGA-YT-A95H-01A,1.0,0.0,0.0,0.0,0.0
7,1781446,-,11,69047923,-,THYM,1844,TCGA-YT-A95H-01A,TCGA-YT-A95H-01A,1.0,0.0,0.0,0.0,0.0
7,60512664,+,7,61970431,-,THYM,1845,TCGA-YT-A95H-01A,TCGA-YT-A95H-01A,1.0,0.0,0.0,0.0,0.0
7,62567389,+,23,58467972,+,THYM,1846,TCGA-YT-A95H-01A,TCGA-YT-A95H-01A,1.0,0.0,0.0,0.0,0.0
23,3036666,+,23,63625851,+,THYM,1847,TCGA-YT-A95H-01A,TCGA-YT-A95H-01A,1.0,0.0,0.0,0.0,0.0
11,51110142,+,11,52754509,-,THYM,1848,TCGA-ZB-A961-01A,TCGA-ZB-A961-01A,1.0,0.0,0.0,0.0,0.0
11,54386477,-,11,54413133,+,THYM,1849,TCGA-ZB-A961-01A,TCGA-ZB-A961-01A,1.0,0.0,0.0,0.0,0.0
12,34862035,+,12,35704847,-,THYM,1850,TCGA-ZB-A961-01A,TCGA-ZB-A961-01A,1.0,0.0,0.0,0.0,0.0
13,17849610,+,13,17980328,-,THYM,1851,TCGA-ZB-A961-01A,TCGA-ZB-A961-01A,1.0,0.0,0.0,0.0,0.0
14,22163876,+,14,22496891,-,THYM,1852,TCGA-ZB-A961-01A,TCGA-ZB-A961-01A,1.0,0.0,0.0,0.0,0.0
17,16767870,-,17,18944289,+,THYM,1853,TCGA-ZB-A961-01A,TCGA-ZB-A961-01A,1.0,0.0,0.0,0.0,0.0
17,17786282,+,17,48878719,-,THYM,1854,TCGA-ZB-A961-01A,TCGA-ZB-A961-01A,1.0,0.0,0.0,0.0,0.0
17,18099982,-,17,31439291,-,THYM,1855,TCGA-ZB-A961-01A,TCGA-ZB-A961-01A,1.0,0.0,0.0,0.0,0.0
17,18942954,-,17,35212412,-,THYM,1856,TCGA-ZB-A961-01A,TCGA-ZB-A961-01A,1.0,0.0,0.0,0.0,0.0
17,18944112,-,17,38799106,-,THYM,1857,TCGA-ZB-A961-01A,TCGA-ZB-A961-01A,1.0,0.0,0.0,0.0,0.0
17,18946803,-,17,35977803,-,THYM,1858,TCGA-ZB-A961-01A,TCGA-ZB-A961-01A,1.0,0.0,0.0,0.0,0.0
17,18947083,+,17,35268488,-,THYM,1859,TCGA-ZB-A961-01A,TCGA-ZB-A961-01A,1.0,0.0,0.0,0.0,0.0
17,18965535,+,17,34065418,-,THYM,1860,TCGA-ZB-A961-01A,TCGA-ZB-A961-01A,1.0,0.0,0.0,0.0,0.0
17,18969750,+,17,43174953,-,THYM,1861,TCGA-ZB-A961-01A,TCGA-ZB-A961-01A,1.0,0.0,0.0,0.0,0.0
17,27443847,-,17,37759365,+,THYM,1862,TCGA-ZB-A961-01A,TCGA-ZB-A961-01A,1.0,0.0,0.0,0.0,0.0
17,28442025,-,17,44100481,-,THYM,1863,TCGA-ZB-A961-01A,TCGA-ZB-A961-01A,1.0,0.0,0.0,0.0,0.0
17,31438275,-,17,38803576,-,THYM,1864,TCGA-ZB-A961-01A,TCGA-ZB-A961-01A,1.0,0.0,0.0,0.0,0.0
17,31446375,+,17,35268445,+,THYM,1865,TCGA-ZB-A961-01A,TCGA-ZB-A961-01A,1.0,0.0,0.0,0.0,0.0
17,35140136,+,17,37756593,-,THYM,1866,TCGA-ZB-A961-01A,TCGA-ZB-A961-01A,1.0,0.0,0.0,0.0,0.0
17,35285178,+,17,38799401,-,THYM,1867,TCGA-ZB-A961-01A,TCGA-ZB-A961-01A,1.0,0.0,0.0,0.0,0.0
17,35346452,-,17,38817093,+,THYM,1868,TCGA-ZB-A961-01A,TCGA-ZB-A961-01A,1.0,0.0,0.0,0.0,0.0
17,35457587,+,17,38803560,+,THYM,1869,TCGA-ZB-A961-01A,TCGA-ZB-A961-01A,1.0,0.0,0.0,0.0,0.0
17,37756513,+,17,44082152,-,THYM,1870,TCGA-ZB-A961-01A,TCGA-ZB-A961-01A,1.0,0.0,0.0,0.0,0.0
17,38799350,+,17,42653540,-,THYM,1871,TCGA-ZB-A961-01A,TCGA-ZB-A961-01A,1.0,0.0,0.0,0.0,0.0
17,38817951,-,17,42653537,+,THYM,1872,TCGA-ZB-A961-01A,TCGA-ZB-A961-01A,1.0,0.0,0.0,0.0,0.0
17,42655302,+,17,48870357,-,THYM,1873,TCGA-ZB-A961-01A,TCGA-ZB-A961-01A,1.0,0.0,0.0,0.0,0.0
2,94557508,-,2,132218704,+,THYM,1874,TCGA-ZB-A961-01A,TCGA-ZB-A961-01A,1.0,0.0,0.0,0.0,0.0
20,26545087,-,20,26577249,+,THYM,1875,TCGA-ZB-A961-01A,TCGA-ZB-A961-01A,1.0,0.0,0.0,0.0,0.0
21,13130837,-,22,16234075,+,THYM,1876,TCGA-ZB-A961-01A,TCGA-ZB-A961-01A,1.0,0.0,0.0,0.0,0.0
4,13783536,-,20,30379583,-,THYM,1877,TCGA-ZB-A961-01A,TCGA-ZB-A961-01A,1.0,0.0,0.0,0.0,0.0
6,44821226,+,20,51705400,+,THYM,1878,TCGA-ZB-A961-01A,TCGA-ZB-A961-01A,1.0,0.0,0.0,0.0,0.0
6,45640640,-,9,40930639,+,THYM,1879,TCGA-ZB-A961-01A,TCGA-ZB-A961-01A,1.0,0.0,0.0,0.0,0.0
9,42269087,-,9,108535376,-,THYM,1880,TCGA-ZB-A961-01A,TCGA-ZB-A961-01A,1.0,0.0,0.0,0.0,0.0
9,42280647,+,17,17667338,-,THYM,1881,TCGA-ZB-A961-01A,TCGA-ZB-A961-01A,1.0,0.0,0.0,0.0,0.0
9,42281076,-,17,50449348,+,THYM,1882,TCGA-ZB-A961-01A,TCGA-ZB-A961-01A,1.0,0.0,0.0,0.0,0.0
9,76532148,+,17,50505293,-,THYM,1883,TCGA-ZB-A961-01A,TCGA-ZB-A961-01A,1.0,0.0,0.0,0.0,0.0
9,111326388,+,9,111955934,+,THYM,1884,TCGA-ZB-A961-01A,TCGA-ZB-A961-01A,1.0,0.0,0.0,0.0,0.0
9,111937775,-,17,34036055,-,THYM,1885,TCGA-ZB-A961-01A,TCGA-ZB-A961-01A,1.0,0.0,0.0,0.0,0.0
9,111964240,+,17,48878548,+,THYM,1886,TCGA-ZB-A961-01A,TCGA-ZB-A961-01A,1.0,0.0,0.0,0.0,0.0
9,111964337,-,17,40256756,-,THYM,1887,TCGA-ZB-A961-01A,TCGA-ZB-A961-01A,1.0,0.0,0.0,0.0,0.0
9,117822644,+,17,22300061,+,THYM,1888,TCGA-ZB-A961-01A,TCGA-ZB-A961-01A,1.0,0.0,0.0,0.0,0.0
9,117848155,-,17,39756975,+,THYM,1889,TCGA-ZB-A961-01A,TCGA-ZB-A961-01A,1.0,0.0,0.0,0.0,0.0
9,119124805,+,17,34030379,-,THYM,1890,TCGA-ZB-A961-01A,TCGA-ZB-A961-01A,1.0,0.0,0.0,0.0,0.0
9,138138267,+,17,18965972,-,THYM,1891,TCGA-ZB-A961-01A,TCGA-ZB-A961-01A,1.0,0.0,0.0,0.0,0.0
1,216494444,+,7,116024268,+,THYM,1892,TCGA-ZB-A962-01A,TCGA-ZB-A962-01A,1.0,0.0,0.0,0.0,0.0
1,220752370,-,12,50408420,-,THYM,1893,TCGA-ZB-A962-01A,TCGA-ZB-A962-01A,1.0,0.0,0.0,0.0,0.0
1,225435955,+,1,237846894,-,THYM,1894,TCGA-ZB-A962-01A,TCGA-ZB-A962-01A,1.0,0.0,0.0,0.0,0.0
1,225436985,-,7,16135935,+,THYM,1895,TCGA-ZB-A962-01A,TCGA-ZB-A962-01A,1.0,0.0,0.0,0.0,0.0
1,225532229,+,12,50416361,+,THYM,1896,TCGA-ZB-A962-01A,TCGA-ZB-A962-01A,1.0,0.0,0.0,0.0,0.0
1,231699968,-,4,182635272,-,THYM,1897,TCGA-ZB-A962-01A,TCGA-ZB-A962-01A,1.0,0.0,0.0,0.0,0.0
1,231825585,+,12,86015174,+,THYM,1898,TCGA-ZB-A962-01A,TCGA-ZB-A962-01A,1.0,0.0,0.0,0.0,0.0
1,231884474,-,7,116010406,-,THYM,1899,TCGA-ZB-A962-01A,TCGA-ZB-A962-01A,1.0,0.0,0.0,0.0,0.0
1,235444180,+,18,35098068,-,THYM,1900,TCGA-ZB-A962-01A,TCGA-ZB-A962-01A,1.0,0.0,0.0,0.0,0.0
1,237710583,-,3,148955436,+,THYM,1901,TCGA-ZB-A962-01A,TCGA-ZB-A962-01A,1.0,0.0,0.0,0.0,0.0
1,237757031,+,15,46509140,+,THYM,1902,TCGA-ZB-A962-01A,TCGA-ZB-A962-01A,1.0,0.0,0.0,0.0,0.0
1,238318313,+,6,166656958,-,THYM,1903,TCGA-ZB-A962-01A,TCGA-ZB-A962-01A,1.0,0.0,0.0,0.0,0.0
1,238318960,-,12,86001389,-,THYM,1904,TCGA-ZB-A962-01A,TCGA-ZB-A962-01A,1.0,0.0,0.0,0.0,0.0
1,238319389,+,7,88271459,+,THYM,1905,TCGA-ZB-A962-01A,TCGA-ZB-A962-01A,1.0,0.0,0.0,0.0,0.0
1,240568494,-,4,172178527,+,THYM,1906,TCGA-ZB-A962-01A,TCGA-ZB-A962-01A,1.0,0.0,0.0,0.0,0.0
1,246101009,+,4,189991644,+,THYM,1907,TCGA-ZB-A962-01A,TCGA-ZB-A962-01A,1.0,0.0,0.0,0.0,0.0
1,248809727,-,7,65709967,+,THYM,1908,TCGA-ZB-A962-01A,TCGA-ZB-A962-01A,1.0,0.0,0.0,0.0,0.0
11,48977898,-,11,55294487,+,THYM,1909,TCGA-ZB-A962-01A,TCGA-ZB-A962-01A,1.0,0.0,0.0,0.0,0.0
11,54409074,-,11,54423471,+,THYM,1910,TCGA-ZB-A962-01A,TCGA-ZB-A962-01A,1.0,0.0,0.0,0.0,0.0
11,102818586,+,11,103285071,-,THYM,1911,TCGA-ZB-A962-01A,TCGA-ZB-A962-01A,1.0,0.0,0.0,0.0,0.0
11,118287263,+,11,118463787,-,THYM,1912,TCGA-ZB-A962-01A,TCGA-ZB-A962-01A,1.0,0.0,0.0,0.0,0.0
11,121656044,+,11,122114653,-,THYM,1913,TCGA-ZB-A962-01A,TCGA-ZB-A962-01A,1.0,0.0,0.0,0.0,0.0
12,50779194,+,24,2891819,-,THYM,1914,TCGA-ZB-A962-01A,TCGA-ZB-A962-01A,1.0,0.0,0.0,0.0,0.0
12,122372456,-,20,51397034,-,THYM,1915,TCGA-ZB-A962-01A,TCGA-ZB-A962-01A,1.0,0.0,0.0,0.0,0.0
13,16298458,-,13,16628014,+,THYM,1916,TCGA-ZB-A962-01A,TCGA-ZB-A962-01A,1.0,0.0,0.0,0.0,0.0
13,96575844,-,20,50266277,-,THYM,1917,TCGA-ZB-A962-01A,TCGA-ZB-A962-01A,1.0,0.0,0.0,0.0,0.0
14,64367554,-,14,86462028,+,THYM,1918,TCGA-ZB-A962-01A,TCGA-ZB-A962-01A,1.0,0.0,0.0,0.0,0.0
14,106062123,+,14,106537806,-,THYM,1919,TCGA-ZB-A962-01A,TCGA-ZB-A962-01A,1.0,0.0,0.0,0.0,0.0
16,72297907,+,16,72872756,-,THYM,1920,TCGA-ZB-A962-01A,TCGA-ZB-A962-01A,1.0,0.0,0.0,0.0,0.0
16,78299683,-,16,78470192,+,THYM,1921,TCGA-ZB-A962-01A,TCGA-ZB-A962-01A,1.0,0.0,0.0,0.0,0.0
16,78320471,-,16,89361411,+,THYM,1922,TCGA-ZB-A962-01A,TCGA-ZB-A962-01A,1.0,0.0,0.0,0.0,0.0
17,23046523,+,17,23121612,-,THYM,1923,TCGA-ZB-A962-01A,TCGA-ZB-A962-01A,1.0,0.0,0.0,0.0,0.0
17,23051801,+,17,23122049,-,THYM,1924,TCGA-ZB-A962-01A,TCGA-ZB-A962-01A,1.0,0.0,0.0,0.0,0.0
2,144343744,-,4,182639802,+,THYM,1925,TCGA-ZB-A962-01A,TCGA-ZB-A962-01A,1.0,0.0,0.0,0.0,0.0
2,144354296,+,6,137944067,+,THYM,1926,TCGA-ZB-A962-01A,TCGA-ZB-A962-01A,1.0,0.0,0.0,0.0,0.0
2,212588118,+,2,213100329,-,THYM,1927,TCGA-ZB-A962-01A,TCGA-ZB-A962-01A,1.0,0.0,0.0,0.0,0.0
3,90401486,-,20,30985250,+,THYM,1928,TCGA-ZB-A962-01A,TCGA-ZB-A962-01A,1.0,0.0,0.0,0.0,0.0
3,91508540,-,6,60405468,-,THYM,1929,TCGA-ZB-A962-01A,TCGA-ZB-A962-01A,1.0,0.0,0.0,0.0,0.0
3,157972225,-,5,18435507,+,THYM,1930,TCGA-ZB-A962-01A,TCGA-ZB-A962-01A,1.0,0.0,0.0,0.0,0.0
3,158192826,+,12,22739135,-,THYM,1931,TCGA-ZB-A962-01A,TCGA-ZB-A962-01A,1.0,0.0,0.0,0.0,0.0
4,84808517,+,4,84824237,-,THYM,1932,TCGA-ZB-A962-01A,TCGA-ZB-A962-01A,1.0,0.0,0.0,0.0,0.0
4,153647483,+,4,182592219,+,THYM,1933,TCGA-ZB-A962-01A,TCGA-ZB-A962-01A,1.0,0.0,0.0,0.0,0.0
4,156541822,-,4,172267193,+,THYM,1934,TCGA-ZB-A962-01A,TCGA-ZB-A962-01A,1.0,0.0,0.0,0.0,0.0
4,158627855,+,8,104686130,-,THYM,1935,TCGA-ZB-A962-01A,TCGA-ZB-A962-01A,1.0,0.0,0.0,0.0,0.0
4,160894969,-,4,182634494,+,THYM,1936,TCGA-ZB-A962-01A,TCGA-ZB-A962-01A,1.0,0.0,0.0,0.0,0.0
4,172179522,-,6,137938984,-,THYM,1937,TCGA-ZB-A962-01A,TCGA-ZB-A962-01A,1.0,0.0,0.0,0.0,0.0
4,181200233,-,8,104691979,+,THYM,1938,TCGA-ZB-A962-01A,TCGA-ZB-A962-01A,1.0,0.0,0.0,0.0,0.0
4,181264399,+,4,181267098,-,THYM,1939,TCGA-ZB-A962-01A,TCGA-ZB-A962-01A,1.0,0.0,0.0,0.0,0.0
4,182592223,-,15,21637655,+,THYM,1940,TCGA-ZB-A962-01A,TCGA-ZB-A962-01A,1.0,0.0,0.0,0.0,0.0
4,188992988,-,4,189940088,-,THYM,1941,TCGA-ZB-A962-01A,TCGA-ZB-A962-01A,1.0,0.0,0.0,0.0,0.0
4,189047219,+,7,88251619,-,THYM,1942,TCGA-ZB-A962-01A,TCGA-ZB-A962-01A,1.0,0.0,0.0,0.0,0.0
4,189543830,+,12,41922482,-,THYM,1943,TCGA-ZB-A962-01A,TCGA-ZB-A962-01A,1.0,0.0,0.0,0.0,0.0
4,189992615,-,15,46480470,-,THYM,1944,TCGA-ZB-A962-01A,TCGA-ZB-A962-01A,1.0,0.0,0.0,0.0,0.0
5,71574662,-,6,32476846,-,THYM,1945,TCGA-ZB-A962-01A,TCGA-ZB-A962-01A,1.0,0.0,0.0,0.0,0.0
6,86594818,+,6,86595003,-,THYM,1946,TCGA-ZB-A962-01A,TCGA-ZB-A962-01A,1.0,0.0,0.0,0.0,0.0
6,124204316,+,9,12675808,-,THYM,1947,TCGA-ZB-A962-01A,TCGA-ZB-A962-01A,1.0,0.0,0.0,0.0,0.0
6,126570582,-,9,8791304,-,THYM,1948,TCGA-ZB-A962-01A,TCGA-ZB-A962-01A,1.0,0.0,0.0,0.0,0.0
6,126904110,+,9,11488774,+,THYM,1949,TCGA-ZB-A962-01A,TCGA-ZB-A962-01A,1.0,0.0,0.0,0.0,0.0
6,127617440,-,9,12674985,+,THYM,1950,TCGA-ZB-A962-01A,TCGA-ZB-A962-01A,1.0,0.0,0.0,0.0,0.0
6,166667850,+,12,41932193,+,THYM,1951,TCGA-ZB-A962-01A,TCGA-ZB-A962-01A,1.0,0.0,0.0,0.0,0.0
7,16121638,-,18,35103156,+,THYM,1952,TCGA-ZB-A962-01A,TCGA-ZB-A962-01A,1.0,0.0,0.0,0.0,0.0
7,155151313,+,23,146441852,-,THYM,1953,TCGA-ZB-A962-01A,TCGA-ZB-A962-01A,1.0,0.0,0.0,0.0,0.0
8,8526139,-,16,19321570,-,THYM,1954,TCGA-ZB-A962-01A,TCGA-ZB-A962-01A,1.0,0.0,0.0,0.0,0.0
8,44984434,+,8,45740223,-,THYM,1955,TCGA-ZB-A962-01A,TCGA-ZB-A962-01A,1.0,0.0,0.0,0.0,0.0
8,65964767,+,17,44319632,-,THYM,1956,TCGA-ZB-A962-01A,TCGA-ZB-A962-01A,1.0,0.0,0.0,0.0,0.0
9,8254092,+,9,26417142,+,THYM,1957,TCGA-ZB-A962-01A,TCGA-ZB-A962-01A,1.0,0.0,0.0,0.0,0.0
9,9667146,+,9,12667181,-,THYM,1958,TCGA-ZB-A962-01A,TCGA-ZB-A962-01A,1.0,0.0,0.0,0.0,0.0
9,10168462,-,9,19904889,-,THYM,1959,TCGA-ZB-A962-01A,TCGA-ZB-A962-01A,1.0,0.0,0.0,0.0,0.0
9,17819164,+,9,22286484,-,THYM,1960,TCGA-ZB-A962-01A,TCGA-ZB-A962-01A,1.0,0.0,0.0,0.0,0.0
9,21037764,+,9,27103297,-,THYM,1961,TCGA-ZB-A962-01A,TCGA-ZB-A962-01A,1.0,0.0,0.0,0.0,0.0
11,54360143,+,11,54406031,-,THYM,1962,TCGA-ZB-A963-01A,TCGA-ZB-A963-01A,1.0,0.0,0.0,0.0,0.0
12,36277598,-,12,36841252,+,THYM,1963,TCGA-ZB-A963-01A,TCGA-ZB-A963-01A,1.0,0.0,0.0,0.0,0.0
13,16938716,+,13,16985941,-,THYM,1964,TCGA-ZB-A963-01A,TCGA-ZB-A963-01A,1.0,0.0,0.0,0.0,0.0
16,11902404,-,16,11944015,+,THYM,1965,TCGA-ZB-A963-01A,TCGA-ZB-A963-01A,1.0,0.0,0.0,0.0,0.0
17,7934962,-,17,22696300,-,THYM,1966,TCGA-ZB-A963-01A,TCGA-ZB-A963-01A,1.0,0.0,0.0,0.0,0.0
17,10355114,+,22,24296803,+,THYM,1967,TCGA-ZB-A963-01A,TCGA-ZB-A963-01A,1.0,0.0,0.0,0.0,0.0
17,81973056,+,22,33839960,+,THYM,1968,TCGA-ZB-A963-01A,TCGA-ZB-A963-01A,1.0,0.0,0.0,0.0,0.0
18,20802149,+,18,20831648,+,THYM,1969,TCGA-ZB-A963-01A,TCGA-ZB-A963-01A,1.0,0.0,0.0,0.0,0.0
22,19179023,+,22,46013205,-,THYM,1970,TCGA-ZB-A963-01A,TCGA-ZB-A963-01A,1.0,0.0,0.0,0.0,0.0
22,20398149,+,22,29047672,-,THYM,1971,TCGA-ZB-A963-01A,TCGA-ZB-A963-01A,1.0,0.0,0.0,0.0,0.0
22,21062011,-,22,43638181,-,THYM,1972,TCGA-ZB-A963-01A,TCGA-ZB-A963-01A,1.0,0.0,0.0,0.0,0.0
22,25008353,-,22,43653652,-,THYM,1973,TCGA-ZB-A963-01A,TCGA-ZB-A963-01A,1.0,0.0,0.0,0.0,0.0
22,25770548,+,22,44849253,-,THYM,1974,TCGA-ZB-A963-01A,TCGA-ZB-A963-01A,1.0,0.0,0.0,0.0,0.0
22,25809756,-,22,28966788,+,THYM,1975,TCGA-ZB-A963-01A,TCGA-ZB-A963-01A,1.0,0.0,0.0,0.0,0.0
22,27108913,+,22,35923119,-,THYM,1976,TCGA-ZB-A963-01A,TCGA-ZB-A963-01A,1.0,0.0,0.0,0.0,0.0
22,28449830,-,22,45778899,+,THYM,1977,TCGA-ZB-A963-01A,TCGA-ZB-A963-01A,1.0,0.0,0.0,0.0,0.0
22,29012354,-,22,29656097,-,THYM,1978,TCGA-ZB-A963-01A,TCGA-ZB-A963-01A,1.0,0.0,0.0,0.0,0.0
22,29037383,+,22,50317962,-,THYM,1979,TCGA-ZB-A963-01A,TCGA-ZB-A963-01A,1.0,0.0,0.0,0.0,0.0
22,29366396,+,22,42184259,+,THYM,1980,TCGA-ZB-A963-01A,TCGA-ZB-A963-01A,1.0,0.0,0.0,0.0,0.0
22,29369784,-,22,43435968,+,THYM,1981,TCGA-ZB-A963-01A,TCGA-ZB-A963-01A,1.0,0.0,0.0,0.0,0.0
22,29655884,+,22,38709677,+,THYM,1982,TCGA-ZB-A963-01A,TCGA-ZB-A963-01A,1.0,0.0,0.0,0.0,0.0
22,30926984,-,22,35154207,-,THYM,1983,TCGA-ZB-A963-01A,TCGA-ZB-A963-01A,1.0,0.0,0.0,0.0,0.0
22,31518505,+,22,36161903,-,THYM,1984,TCGA-ZB-A963-01A,TCGA-ZB-A963-01A,1.0,0.0,0.0,0.0,0.0
22,36014682,+,22,38948098,-,THYM,1985,TCGA-ZB-A963-01A,TCGA-ZB-A963-01A,1.0,0.0,0.0,0.0,0.0
22,37343850,-,22,38377673,-,THYM,1986,TCGA-ZB-A963-01A,TCGA-ZB-A963-01A,1.0,0.0,0.0,0.0,0.0
22,37641528,+,22,38373038,+,THYM,1987,TCGA-ZB-A963-01A,TCGA-ZB-A963-01A,1.0,0.0,0.0,0.0,0.0
22,37647439,-,22,37928542,-,THYM,1988,TCGA-ZB-A963-01A,TCGA-ZB-A963-01A,1.0,0.0,0.0,0.0,0.0
22,37927465,+,22,43510092,+,THYM,1989,TCGA-ZB-A963-01A,TCGA-ZB-A963-01A,1.0,0.0,0.0,0.0,0.0
22,39192572,+,22,45297336,+,THYM,1990,TCGA-ZB-A963-01A,TCGA-ZB-A963-01A,1.0,0.0,0.0,0.0,0.0
22,42090945,-,22,45299515,-,THYM,1991,TCGA-ZB-A963-01A,TCGA-ZB-A963-01A,1.0,0.0,0.0,0.0,0.0
22,42184963,-,22,47139473,+,THYM,1992,TCGA-ZB-A963-01A,TCGA-ZB-A963-01A,1.0,0.0,0.0,0.0,0.0
22,43218632,-,22,44076771,+,THYM,1993,TCGA-ZB-A963-01A,TCGA-ZB-A963-01A,1.0,0.0,0.0,0.0,0.0
22,43437839,-,22,50350000,-,THYM,1994,TCGA-ZB-A963-01A,TCGA-ZB-A963-01A,1.0,0.0,0.0,0.0,0.0
3,90854381,+,3,90893359,-,THYM,1995,TCGA-ZB-A963-01A,TCGA-ZB-A963-01A,1.0,0.0,0.0,0.0,0.0
4,189987321,-,20,29802582,+,THYM,1996,TCGA-ZB-A963-01A,TCGA-ZB-A963-01A,1.0,0.0,0.0,0.0,0.0
5,47058222,+,5,47128710,-,THYM,1997,TCGA-ZB-A963-01A,TCGA-ZB-A963-01A,1.0,0.0,0.0,0.0,0.0
5,49678947,+,5,49698992,-,THYM,1998,TCGA-ZB-A963-01A,TCGA-ZB-A963-01A,1.0,0.0,0.0,0.0,0.0
6,15707883,+,6,25295263,-,THYM,1999,TCGA-ZB-A963-01A,TCGA-ZB-A963-01A,1.0,0.0,0.0,0.0,0.0
6,21434686,-,20,3275587,-,THYM,2000,TCGA-ZB-A963-01A,TCGA-ZB-A963-01A,1.0,0.0,0.0,0.0,0.0
6,21464591,-,6,63817538,+,THYM,2001,TCGA-ZB-A963-01A,TCGA-ZB-A963-01A,1.0,0.0,0.0,0.0,0.0
6,21472797,+,6,63817618,-,THYM,2002,TCGA-ZB-A963-01A,TCGA-ZB-A963-01A,1.0,0.0,0.0,0.0,0.0
6,25280889,-,6,60447894,-,THYM,2003,TCGA-ZB-A963-01A,TCGA-ZB-A963-01A,1.0,0.0,0.0,0.0,0.0
6,63890432,-,20,1205212,+,THYM,2004,TCGA-ZB-A963-01A,TCGA-ZB-A963-01A,1.0,0.0,0.0,0.0,0.0
7,138784290,-,14,69013278,+,THYM,2005,TCGA-ZB-A963-01A,TCGA-ZB-A963-01A,1.0,0.0,0.0,0.0,0.0
8,129716180,+,8,129748898,-,THYM,2006,TCGA-ZB-A963-01A,TCGA-ZB-A963-01A,1.0,0.0,0.0,0.0,0.0
9,40526665,+,20,26304751,-,THYM,2007,TCGA-ZB-A963-01A,TCGA-ZB-A963-01A,1.0,0.0,0.0,0.0,0.0
12,34807541,-,12,34817949,+,THYM,2008,TCGA-ZB-A964-01A,TCGA-ZB-A964-01A,1.0,0.0,0.0,0.0,0.0
12,36337066,-,12,36612738,+,THYM,2009,TCGA-ZB-A964-01A,TCGA-ZB-A964-01A,1.0,0.0,0.0,0.0,0.0
12,54110131,+,20,29564323,+,THYM,2010,TCGA-ZB-A964-01A,TCGA-ZB-A964-01A,1.0,0.0,0.0,0.0,0.0
15,75783065,+,15,78734826,-,THYM,2011,TCGA-ZB-A964-01A,TCGA-ZB-A964-01A,1.0,0.0,0.0,0.0,0.0
17,22914787,+,17,23151695,-,THYM,2012,TCGA-ZB-A964-01A,TCGA-ZB-A964-01A,1.0,0.0,0.0,0.0,0.0
19,43530309,-,19,43531963,+,THYM,2013,TCGA-ZB-A964-01A,TCGA-ZB-A964-01A,1.0,0.0,0.0,0.0,0.0
19,49031127,+,19,49056090,+,THYM,2014,TCGA-ZB-A964-01A,TCGA-ZB-A964-01A,1.0,0.0,0.0,0.0,0.0
2,172590799,+,3,103727971,+,THYM,2015,TCGA-ZB-A964-01A,TCGA-ZB-A964-01A,1.0,0.0,0.0,0.0,0.0
20,29290719,-,24,10206423,-,THYM,2016,TCGA-ZB-A964-01A,TCGA-ZB-A964-01A,1.0,0.0,0.0,0.0,0.0
20,29412481,+,20,29413586,-,THYM,2017,TCGA-ZB-A964-01A,TCGA-ZB-A964-01A,1.0,0.0,0.0,0.0,0.0
20,30027122,-,20,30031597,+,THYM,2018,TCGA-ZB-A964-01A,TCGA-ZB-A964-01A,1.0,0.0,0.0,0.0,0.0
3,75642726,-,20,29443892,-,THYM,2019,TCGA-ZB-A964-01A,TCGA-ZB-A964-01A,1.0,0.0,0.0,0.0,0.0
3,90993763,+,3,91066711,-,THYM,2020,TCGA-ZB-A964-01A,TCGA-ZB-A964-01A,1.0,0.0,0.0,0.0,0.0
3,91024156,-,3,91212100,+,THYM,2021,TCGA-ZB-A964-01A,TCGA-ZB-A964-01A,1.0,0.0,0.0,0.0,0.0
3,100469432,+,3,197361067,+,THYM,2022,TCGA-ZB-A964-01A,TCGA-ZB-A964-01A,1.0,0.0,0.0,0.0,0.0
5,49691393,-,5,49693519,+,THYM,2023,TCGA-ZB-A964-01A,TCGA-ZB-A964-01A,1.0,0.0,0.0,0.0,0.0
1,37446180,-,11,131633733,+,THYM,2024,TCGA-ZB-A965-01A,TCGA-ZB-A965-01A,1.0,0.0,0.0,0.0,0.0
18,15355972,+,22,16107053,+,THYM,2025,TCGA-ZB-A965-01A,TCGA-ZB-A965-01A,1.0,0.0,0.0,0.0,0.0
2,94038018,+,2,94066073,-,THYM,2026,TCGA-ZB-A965-01A,TCGA-ZB-A965-01A,1.0,0.0,0.0,0.0,0.0
20,26263571,+,20,29674790,-,THYM,2027,TCGA-ZB-A965-01A,TCGA-ZB-A965-01A,1.0,0.0,0.0,0.0,0.0
20,26545079,-,20,26577216,+,THYM,2028,TCGA-ZB-A965-01A,TCGA-ZB-A965-01A,1.0,0.0,0.0,0.0,0.0
20,29289853,+,24,10207642,+,THYM,2029,TCGA-ZB-A965-01A,TCGA-ZB-A965-01A,1.0,0.0,0.0,0.0,0.0
20,29720841,-,20,30148788,-,THYM,2030,TCGA-ZB-A965-01A,TCGA-ZB-A965-01A,1.0,0.0,0.0,0.0,0.0
20,29747289,+,20,30494013,-,THYM,2031,TCGA-ZB-A965-01A,TCGA-ZB-A965-01A,1.0,0.0,0.0,0.0,0.0
4,136292849,+,9,90133760,-,THYM,2032,TCGA-ZB-A965-01A,TCGA-ZB-A965-01A,1.0,0.0,0.0,0.0,0.0
4,185578476,-,17,16032005,-,THYM,2033,TCGA-ZB-A965-01A,TCGA-ZB-A965-01A,1.0,0.0,0.0,0.0,0.0
5,36952019,-,20,5298414,+,THYM,2034,TCGA-ZB-A965-01A,TCGA-ZB-A965-01A,1.0,0.0,0.0,0.0,0.0
5,46611063,-,5,46715494,+,THYM,2035,TCGA-ZB-A965-01A,TCGA-ZB-A965-01A,1.0,0.0,0.0,0.0,0.0
5,49677388,-,5,49706223,+,THYM,2036,TCGA-ZB-A965-01A,TCGA-ZB-A965-01A,1.0,0.0,0.0,0.0,0.0
7,61416649,+,7,61422121,-,THYM,2037,TCGA-ZB-A965-01A,TCGA-ZB-A965-01A,1.0,0.0,0.0,0.0,0.0
8,45427493,+,8,45946151,-,THYM,2038,TCGA-ZB-A965-01A,TCGA-ZB-A965-01A,1.0,0.0,0.0,0.0,0.0
1,9831881,+,19,3711060,+,THYM,2039,TCGA-ZB-A966-01A,TCGA-ZB-A966-01A,1.0,0.0,0.0,0.0,0.0
1,86148931,-,1,86244600,-,THYM,2040,TCGA-ZB-A966-01A,TCGA-ZB-A966-01A,1.0,0.0,0.0,0.0,0.0
1,109050960,-,1,109084143,-,THYM,2041,TCGA-ZB-A966-01A,TCGA-ZB-A966-01A,1.0,0.0,0.0,0.0,0.0
1,109051354,+,1,109094252,+,THYM,2042,TCGA-ZB-A966-01A,TCGA-ZB-A966-01A,1.0,0.0,0.0,0.0,0.0
1,205551838,+,12,2962327,+,THYM,2043,TCGA-ZB-A966-01A,TCGA-ZB-A966-01A,1.0,0.0,0.0,0.0,0.0
1,238974882,-,1,238984315,+,THYM,2044,TCGA-ZB-A966-01A,TCGA-ZB-A966-01A,1.0,0.0,0.0,0.0,0.0
10,5491499,+,10,5496977,-,THYM,2045,TCGA-ZB-A966-01A,TCGA-ZB-A966-01A,1.0,0.0,0.0,0.0,0.0
10,38008159,+,10,108040082,+,THYM,2046,TCGA-ZB-A966-01A,TCGA-ZB-A966-01A,1.0,0.0,0.0,0.0,0.0
10,84649889,-,10,85503381,+,THYM,2047,TCGA-ZB-A966-01A,TCGA-ZB-A966-01A,1.0,0.0,0.0,0.0,0.0
10,84650269,+,10,85503551,-,THYM,2048,TCGA-ZB-A966-01A,TCGA-ZB-A966-01A,1.0,0.0,0.0,0.0,0.0
11,18505278,-,11,18573754,+,THYM,2049,TCGA-ZB-A966-01A,TCGA-ZB-A966-01A,1.0,0.0,0.0,0.0,0.0
11,39885893,+,11,39892271,-,THYM,2050,TCGA-ZB-A966-01A,TCGA-ZB-A966-01A,1.0,0.0,0.0,0.0,0.0
11,51124793,-,11,52673438,+,THYM,2051,TCGA-ZB-A966-01A,TCGA-ZB-A966-01A,1.0,0.0,0.0,0.0,0.0
12,90768764,-,12,90770175,-,THYM,2052,TCGA-ZB-A966-01A,TCGA-ZB-A966-01A,1.0,0.0,0.0,0.0,0.0
12,118709727,-,12,118769345,+,THYM,2053,TCGA-ZB-A966-01A,TCGA-ZB-A966-01A,1.0,0.0,0.0,0.0,0.0
13,16898464,-,13,17123175,+,THYM,2054,TCGA-ZB-A966-01A,TCGA-ZB-A966-01A,1.0,0.0,0.0,0.0,0.0
14,55101566,-,14,55117514,+,THYM,2055,TCGA-ZB-A966-01A,TCGA-ZB-A966-01A,1.0,0.0,0.0,0.0,0.0
14,64303910,-,14,64333380,+,THYM,2056,TCGA-ZB-A966-01A,TCGA-ZB-A966-01A,1.0,0.0,0.0,0.0,0.0
17,22875025,+,17,23042774,-,THYM,2057,TCGA-ZB-A966-01A,TCGA-ZB-A966-01A,1.0,0.0,0.0,0.0,0.0
17,26564672,+,17,26609128,-,THYM,2058,TCGA-ZB-A966-01A,TCGA-ZB-A966-01A,1.0,0.0,0.0,0.0,0.0
2,15697986,+,2,15701251,-,THYM,2059,TCGA-ZB-A966-01A,TCGA-ZB-A966-01A,1.0,0.0,0.0,0.0,0.0
3,90139704,-,3,96147788,-,THYM,2060,TCGA-ZB-A966-01A,TCGA-ZB-A966-01A,1.0,0.0,0.0,0.0,0.0
3,91158511,-,3,91195846,+,THYM,2061,TCGA-ZB-A966-01A,TCGA-ZB-A966-01A,1.0,0.0,0.0,0.0,0.0
3,135541959,+,13,89139167,-,THYM,2062,TCGA-ZB-A966-01A,TCGA-ZB-A966-01A,1.0,0.0,0.0,0.0,0.0
3,167874124,+,3,167888116,-,THYM,2063,TCGA-ZB-A966-01A,TCGA-ZB-A966-01A,1.0,0.0,0.0,0.0,0.0
3,184438878,-,9,110144928,+,THYM,2064,TCGA-ZB-A966-01A,TCGA-ZB-A966-01A,1.0,0.0,0.0,0.0,0.0
4,49244764,+,9,64134793,+,THYM,2065,TCGA-ZB-A966-01A,TCGA-ZB-A966-01A,1.0,0.0,0.0,0.0,0.0
4,90218267,-,4,90534893,+,THYM,2066,TCGA-ZB-A966-01A,TCGA-ZB-A966-01A,1.0,0.0,0.0,0.0,0.0
4,113462338,-,24,13446554,-,THYM,2067,TCGA-ZB-A966-01A,TCGA-ZB-A966-01A,1.0,0.0,0.0,0.0,0.0
5,57867845,+,5,57926614,+,THYM,2068,TCGA-ZB-A966-01A,TCGA-ZB-A966-01A,1.0,0.0,0.0,0.0,0.0
5,57868060,-,5,57926267,-,THYM,2069,TCGA-ZB-A966-01A,TCGA-ZB-A966-01A,1.0,0.0,0.0,0.0,0.0
5,67760142,-,5,67782621,+,THYM,2070,TCGA-ZB-A966-01A,TCGA-ZB-A966-01A,1.0,0.0,0.0,0.0,0.0
6,59420954,-,6,59650404,+,THYM,2071,TCGA-ZB-A966-01A,TCGA-ZB-A966-01A,1.0,0.0,0.0,0.0,0.0
6,83855481,-,6,83888943,+,THYM,2072,TCGA-ZB-A966-01A,TCGA-ZB-A966-01A,1.0,0.0,0.0,0.0,0.0
7,4497454,-,7,9622010,+,THYM,2073,TCGA-ZB-A966-01A,TCGA-ZB-A966-01A,1.0,0.0,0.0,0.0,0.0
7,22346928,-,7,22347052,+,THYM,2074,TCGA-ZB-A966-01A,TCGA-ZB-A966-01A,1.0,0.0,0.0,0.0,0.0
7,40338030,+,7,40364515,-,THYM,2075,TCGA-ZB-A966-01A,TCGA-ZB-A966-01A,1.0,0.0,0.0,0.0,0.0
7,124975910,-,7,125332704,-,THYM,2076,TCGA-ZB-A966-01A,TCGA-ZB-A966-01A,1.0,0.0,0.0,0.0,0.0
7,124976061,+,7,125332576,+,THYM,2077,TCGA-ZB-A966-01A,TCGA-ZB-A966-01A,1.0,0.0,0.0,0.0,0.0
9,24227584,-,9,24411633,-,THYM,2078,TCGA-ZB-A966-01A,TCGA-ZB-A966-01A,1.0,0.0,0.0,0.0,0.0
9,24227767,+,9,24411506,+,THYM,2079,TCGA-ZB-A966-01A,TCGA-ZB-A966-01A,1.0,0.0,0.0,0.0,0.0
9,24338872,+,9,24664152,+,THYM,2080,TCGA-ZB-A966-01A,TCGA-ZB-A966-01A,1.0,0.0,0.0,0.0,0.0
1,13322844,+,1,13532767,-,THYM,2081,TCGA-ZB-A969-01A,TCGA-ZB-A969-01A,1.0,0.0,0.0,0.0,0.0
1,13437689,-,8,21349251,-,THYM,2082,TCGA-ZB-A969-01A,TCGA-ZB-A969-01A,1.0,0.0,0.0,0.0,0.0
1,13509581,+,1,14131949,+,THYM,2083,TCGA-ZB-A969-01A,TCGA-ZB-A969-01A,1.0,0.0,0.0,0.0,0.0
1,13808627,+,1,13891158,-,THYM,2084,TCGA-ZB-A969-01A,TCGA-ZB-A969-01A,1.0,0.0,0.0,0.0,0.0
1,14797269,-,2,97708917,+,THYM,2085,TCGA-ZB-A969-01A,TCGA-ZB-A969-01A,1.0,0.0,0.0,0.0,0.0
1,15830009,-,20,41576593,-,THYM,2086,TCGA-ZB-A969-01A,TCGA-ZB-A969-01A,1.0,0.0,0.0,0.0,0.0
1,45940691,-,6,17690271,-,THYM,2087,TCGA-ZB-A969-01A,TCGA-ZB-A969-01A,1.0,0.0,0.0,0.0,0.0
1,63827998,-,2,97709267,-,THYM,2088,TCGA-ZB-A969-01A,TCGA-ZB-A969-01A,1.0,0.0,0.0,0.0,0.0
1,122168284,-,1,122170159,+,THYM,2089,TCGA-ZB-A969-01A,TCGA-ZB-A969-01A,1.0,0.0,0.0,0.0,0.0
1,124795651,+,1,124803361,-,THYM,2090,TCGA-ZB-A969-01A,TCGA-ZB-A969-01A,1.0,0.0,0.0,0.0,0.0
1,167308965,+,4,2338755,+,THYM,2091,TCGA-ZB-A969-01A,TCGA-ZB-A969-01A,1.0,0.0,0.0,0.0,0.0
1,168430577,-,4,3076774,+,THYM,2092,TCGA-ZB-A969-01A,TCGA-ZB-A969-01A,1.0,0.0,0.0,0.0,0.0
1,168768628,-,1,171162228,-,THYM,2093,TCGA-ZB-A969-01A,TCGA-ZB-A969-01A,1.0,0.0,0.0,0.0,0.0
1,169014221,+,4,2838104,-,THYM,2094,TCGA-ZB-A969-01A,TCGA-ZB-A969-01A,1.0,0.0,0.0,0.0,0.0
1,170620544,-,4,3331804,-,THYM,2095,TCGA-ZB-A969-01A,TCGA-ZB-A969-01A,1.0,0.0,0.0,0.0,0.0
1,170819395,+,4,1779877,-,THYM,2096,TCGA-ZB-A969-01A,TCGA-ZB-A969-01A,1.0,0.0,0.0,0.0,0.0
10,128253979,+,10,131768420,-,THYM,2097,TCGA-ZB-A969-01A,TCGA-ZB-A969-01A,1.0,0.0,0.0,0.0,0.0
11,54343516,-,11,54384648,+,THYM,2098,TCGA-ZB-A969-01A,TCGA-ZB-A969-01A,1.0,0.0,0.0,0.0,0.0
13,16332084,-,13,16618066,+,THYM,2099,TCGA-ZB-A969-01A,TCGA-ZB-A969-01A,1.0,0.0,0.0,0.0,0.0
13,16440112,-,13,17330796,+,THYM,2100,TCGA-ZB-A969-01A,TCGA-ZB-A969-01A,1.0,0.0,0.0,0.0,0.0
13,17737985,-,13,17810398,+,THYM,2101,TCGA-ZB-A969-01A,TCGA-ZB-A969-01A,1.0,0.0,0.0,0.0,0.0
13,18761757,-,18,14318927,-,THYM,2102,TCGA-ZB-A969-01A,TCGA-ZB-A969-01A,1.0,0.0,0.0,0.0,0.0
13,21885045,+,13,44852493,+,THYM,2103,TCGA-ZB-A969-01A,TCGA-ZB-A969-01A,1.0,0.0,0.0,0.0,0.0
13,43927845,-,13,44861964,-,THYM,2104,TCGA-ZB-A969-01A,TCGA-ZB-A969-01A,1.0,0.0,0.0,0.0,0.0
14,68794837,-,16,53010806,-,THYM,2105,TCGA-ZB-A969-01A,TCGA-ZB-A969-01A,1.0,0.0,0.0,0.0,0.0
16,50616442,+,20,41576593,+,THYM,2106,TCGA-ZB-A969-01A,TCGA-ZB-A969-01A,1.0,0.0,0.0,0.0,0.0
17,71070767,+,17,72569154,-,THYM,2107,TCGA-ZB-A969-01A,TCGA-ZB-A969-01A,1.0,0.0,0.0,0.0,0.0
19,5610603,+,22,30907836,-,THYM,2108,TCGA-ZB-A969-01A,TCGA-ZB-A969-01A,1.0,0.0,0.0,0.0,0.0
19,5787587,-,22,25703123,+,THYM,2109,TCGA-ZB-A969-01A,TCGA-ZB-A969-01A,1.0,0.0,0.0,0.0,0.0
19,14533883,+,19,14550561,-,THYM,2110,TCGA-ZB-A969-01A,TCGA-ZB-A969-01A,1.0,0.0,0.0,0.0,0.0
19,18450310,+,22,31666364,-,THYM,2111,TCGA-ZB-A969-01A,TCGA-ZB-A969-01A,1.0,0.0,0.0,0.0,0.0
19,18669377,-,22,31477657,+,THYM,2112,TCGA-ZB-A969-01A,TCGA-ZB-A969-01A,1.0,0.0,0.0,0.0,0.0
19,21611162,+,23,49314973,-,THYM,2113,TCGA-ZB-A969-01A,TCGA-ZB-A969-01A,1.0,0.0,0.0,0.0,0.0
2,55384731,+,23,40946896,+,THYM,2114,TCGA-ZB-A969-01A,TCGA-ZB-A969-01A,1.0,0.0,0.0,0.0,0.0
2,238571648,+,8,20848442,+,THYM,2115,TCGA-ZB-A969-01A,TCGA-ZB-A969-01A,1.0,0.0,0.0,0.0,0.0
2,238591299,-,6,7581631,-,THYM,2116,TCGA-ZB-A969-01A,TCGA-ZB-A969-01A,1.0,0.0,0.0,0.0,0.0
21,23724055,-,21,25990935,-,THYM,2117,TCGA-ZB-A969-01A,TCGA-ZB-A969-01A,1.0,0.0,0.0,0.0,0.0
21,23740288,+,21,26920134,-,THYM,2118,TCGA-ZB-A969-01A,TCGA-ZB-A969-01A,1.0,0.0,0.0,0.0,0.0
21,23910182,-,21,29326620,-,THYM,2119,TCGA-ZB-A969-01A,TCGA-ZB-A969-01A,1.0,0.0,0.0,0.0,0.0
21,23948624,+,21,29285180,+,THYM,2120,TCGA-ZB-A969-01A,TCGA-ZB-A969-01A,1.0,0.0,0.0,0.0,0.0
21,24426891,-,21,32840704,-,THYM,2121,TCGA-ZB-A969-01A,TCGA-ZB-A969-01A,1.0,0.0,0.0,0.0,0.0
21,24555660,+,21,27310132,+,THYM,2122,TCGA-ZB-A969-01A,TCGA-ZB-A969-01A,1.0,0.0,0.0,0.0,0.0
21,24573076,-,21,26924142,+,THYM,2123,TCGA-ZB-A969-01A,TCGA-ZB-A969-01A,1.0,0.0,0.0,0.0,0.0
21,24945024,+,21,32307422,+,THYM,2124,TCGA-ZB-A969-01A,TCGA-ZB-A969-01A,1.0,0.0,0.0,0.0,0.0
21,26206730,+,21,29704159,+,THYM,2125,TCGA-ZB-A969-01A,TCGA-ZB-A969-01A,1.0,0.0,0.0,0.0,0.0
21,26624960,-,21,40023258,-,THYM,2126,TCGA-ZB-A969-01A,TCGA-ZB-A969-01A,1.0,0.0,0.0,0.0,0.0
21,26870530,+,21,34948984,-,THYM,2127,TCGA-ZB-A969-01A,TCGA-ZB-A969-01A,1.0,0.0,0.0,0.0,0.0
21,29155107,-,21,29285206,-,THYM,2128,TCGA-ZB-A969-01A,TCGA-ZB-A969-01A,1.0,0.0,0.0,0.0,0.0
21,29288615,+,21,33663228,+,THYM,2129,TCGA-ZB-A969-01A,TCGA-ZB-A969-01A,1.0,0.0,0.0,0.0,0.0
21,29927426,-,21,40226592,+,THYM,2130,TCGA-ZB-A969-01A,TCGA-ZB-A969-01A,1.0,0.0,0.0,0.0,0.0
21,41015864,+,22,33447948,+,THYM,2131,TCGA-ZB-A969-01A,TCGA-ZB-A969-01A,1.0,0.0,0.0,0.0,0.0
3,35232608,-,3,52673272,-,THYM,2132,TCGA-ZB-A969-01A,TCGA-ZB-A969-01A,1.0,0.0,0.0,0.0,0.0
3,48553343,-,3,52599459,-,THYM,2133,TCGA-ZB-A969-01A,TCGA-ZB-A969-01A,1.0,0.0,0.0,0.0,0.0
3,48675040,+,3,48677731,+,THYM,2134,TCGA-ZB-A969-01A,TCGA-ZB-A969-01A,1.0,0.0,0.0,0.0,0.0
3,48676111,-,3,84840885,-,THYM,2135,TCGA-ZB-A969-01A,TCGA-ZB-A969-01A,1.0,0.0,0.0,0.0,0.0
3,48683927,-,3,52939959,+,THYM,2136,TCGA-ZB-A969-01A,TCGA-ZB-A969-01A,1.0,0.0,0.0,0.0,0.0
3,49619031,-,3,52810403,-,THYM,2137,TCGA-ZB-A969-01A,TCGA-ZB-A969-01A,1.0,0.0,0.0,0.0,0.0
3,60390697,+,3,71274985,-,THYM,2138,TCGA-ZB-A969-01A,TCGA-ZB-A969-01A,1.0,0.0,0.0,0.0,0.0
3,60416591,-,5,67234961,-,THYM,2139,TCGA-ZB-A969-01A,TCGA-ZB-A969-01A,1.0,0.0,0.0,0.0,0.0
3,66003058,+,3,71217200,+,THYM,2140,TCGA-ZB-A969-01A,TCGA-ZB-A969-01A,1.0,0.0,0.0,0.0,0.0
3,66007862,-,3,69943705,-,THYM,2141,TCGA-ZB-A969-01A,TCGA-ZB-A969-01A,1.0,0.0,0.0,0.0,0.0
3,69910236,+,3,71231481,-,THYM,2142,TCGA-ZB-A969-01A,TCGA-ZB-A969-01A,1.0,0.0,0.0,0.0,0.0
3,71272108,+,5,67231891,+,THYM,2143,TCGA-ZB-A969-01A,TCGA-ZB-A969-01A,1.0,0.0,0.0,0.0,0.0
3,90854435,+,3,90893376,-,THYM,2144,TCGA-ZB-A969-01A,TCGA-ZB-A969-01A,1.0,0.0,0.0,0.0,0.0
4,878559,+,4,2399272,-,THYM,2145,TCGA-ZB-A969-01A,TCGA-ZB-A969-01A,1.0,0.0,0.0,0.0,0.0
4,2641590,+,4,3403180,-,THYM,2146,TCGA-ZB-A969-01A,TCGA-ZB-A969-01A,1.0,0.0,0.0,0.0,0.0
4,3157344,-,4,3358732,+,THYM,2147,TCGA-ZB-A969-01A,TCGA-ZB-A969-01A,1.0,0.0,0.0,0.0,0.0
4,39858580,+,4,39907141,-,THYM,2148,TCGA-ZB-A969-01A,TCGA-ZB-A969-01A,1.0,0.0,0.0,0.0,0.0
5,138810826,-,6,158308927,+,THYM,2149,TCGA-ZB-A969-01A,TCGA-ZB-A969-01A,1.0,0.0,0.0,0.0,0.0
6,73839584,+,24,16914022,+,THYM,2150,TCGA-ZB-A969-01A,TCGA-ZB-A969-01A,1.0,0.0,0.0,0.0,0.0
7,35785122,+,7,35812213,+,THYM,2151,TCGA-ZB-A969-01A,TCGA-ZB-A969-01A,1.0,0.0,0.0,0.0,0.0
7,35804816,-,7,35812538,-,THYM,2152,TCGA-ZB-A969-01A,TCGA-ZB-A969-01A,1.0,0.0,0.0,0.0,0.0
8,115530300,+,8,115916105,-,THYM,2153,TCGA-ZB-A969-01A,TCGA-ZB-A969-01A,1.0,0.0,0.0,0.0,0.0
8,117973798,-,11,106331717,-,THYM,2154,TCGA-ZB-A969-01A,TCGA-ZB-A969-01A,1.0,0.0,0.0,0.0,0.0
8,143318515,+,17,18575583,+,THYM,2155,TCGA-ZB-A969-01A,TCGA-ZB-A969-01A,1.0,0.0,0.0,0.0,0.0
9,43443767,+,9,44423779,-,THYM,2156,TCGA-ZB-A969-01A,TCGA-ZB-A969-01A,1.0,0.0,0.0,0.0,0.0
9,63764188,-,15,17752009,-,THYM,2157,TCGA-ZB-A969-01A,TCGA-ZB-A969-01A,1.0,0.0,0.0,0.0,0.0
1,235688978,-,7,37963036,+,THYM,2158,TCGA-ZB-A96A-01A,TCGA-ZB-A96A-01A,1.0,0.0,0.0,0.0,0.0
1,238923154,+,1,238933567,-,THYM,2159,TCGA-ZB-A96A-01A,TCGA-ZB-A96A-01A,1.0,0.0,0.0,0.0,0.0
11,54384990,+,11,54409516,-,THYM,2160,TCGA-ZB-A96A-01A,TCGA-ZB-A96A-01A,1.0,0.0,0.0,0.0,0.0
12,37334767,-,12,37371785,-,THYM,2161,TCGA-ZB-A96A-01A,TCGA-ZB-A96A-01A,1.0,0.0,0.0,0.0,0.0
13,16586497,+,13,16679075,-,THYM,2162,TCGA-ZB-A96A-01A,TCGA-ZB-A96A-01A,1.0,0.0,0.0,0.0,0.0
13,17908270,+,13,18017475,-,THYM,2163,TCGA-ZB-A96A-01A,TCGA-ZB-A96A-01A,1.0,0.0,0.0,0.0,0.0
15,17500086,+,15,17503469,-,THYM,2164,TCGA-ZB-A96A-01A,TCGA-ZB-A96A-01A,1.0,0.0,0.0,0.0,0.0
17,22830785,-,17,23123389,+,THYM,2165,TCGA-ZB-A96A-01A,TCGA-ZB-A96A-01A,1.0,0.0,0.0,0.0,0.0
17,79260853,+,17,80165846,+,THYM,2166,TCGA-ZB-A96A-01A,TCGA-ZB-A96A-01A,1.0,0.0,0.0,0.0,0.0
17,79261263,-,17,81977005,+,THYM,2167,TCGA-ZB-A96A-01A,TCGA-ZB-A96A-01A,1.0,0.0,0.0,0.0,0.0
17,80167000,-,17,81977273,-,THYM,2168,TCGA-ZB-A96A-01A,TCGA-ZB-A96A-01A,1.0,0.0,0.0,0.0,0.0
19,51018922,-,19,51643479,-,THYM,2169,TCGA-ZB-A96A-01A,TCGA-ZB-A96A-01A,1.0,0.0,0.0,0.0,0.0
2,93326771,+,2,93741129,-,THYM,2170,TCGA-ZB-A96A-01A,TCGA-ZB-A96A-01A,1.0,0.0,0.0,0.0,0.0
2,109351379,+,5,130456395,-,THYM,2171,TCGA-ZB-A96A-01A,TCGA-ZB-A96A-01A,1.0,0.0,0.0,0.0,0.0
2,109376722,-,5,130438735,+,THYM,2172,TCGA-ZB-A96A-01A,TCGA-ZB-A96A-01A,1.0,0.0,0.0,0.0,0.0
22,25639052,+,22,50563761,+,THYM,2173,TCGA-ZB-A96A-01A,TCGA-ZB-A96A-01A,1.0,0.0,0.0,0.0,0.0
22,25641782,-,22,38382265,+,THYM,2174,TCGA-ZB-A96A-01A,TCGA-ZB-A96A-01A,1.0,0.0,0.0,0.0,0.0
22,27442503,-,22,47313583,-,THYM,2175,TCGA-ZB-A96A-01A,TCGA-ZB-A96A-01A,1.0,0.0,0.0,0.0,0.0
22,27745316,+,22,48815532,-,THYM,2176,TCGA-ZB-A96A-01A,TCGA-ZB-A96A-01A,1.0,0.0,0.0,0.0,0.0
22,34533287,-,22,39254259,-,THYM,2177,TCGA-ZB-A96A-01A,TCGA-ZB-A96A-01A,1.0,0.0,0.0,0.0,0.0
22,34980944,+,22,38511157,+,THYM,2178,TCGA-ZB-A96A-01A,TCGA-ZB-A96A-01A,1.0,0.0,0.0,0.0,0.0
22,38234373,-,22,39410201,-,THYM,2179,TCGA-ZB-A96A-01A,TCGA-ZB-A96A-01A,1.0,0.0,0.0,0.0,0.0
22,38407265,-,22,50494988,+,THYM,2180,TCGA-ZB-A96A-01A,TCGA-ZB-A96A-01A,1.0,0.0,0.0,0.0,0.0
22,38765991,-,22,47544484,-,THYM,2181,TCGA-ZB-A96A-01A,TCGA-ZB-A96A-01A,1.0,0.0,0.0,0.0,0.0
22,39405341,+,22,39506411,+,THYM,2182,TCGA-ZB-A96A-01A,TCGA-ZB-A96A-01A,1.0,0.0,0.0,0.0,0.0
22,47311334,-,22,49910206,-,THYM,2183,TCGA-ZB-A96A-01A,TCGA-ZB-A96A-01A,1.0,0.0,0.0,0.0,0.0
22,47312698,+,22,48958237,+,THYM,2184,TCGA-ZB-A96A-01A,TCGA-ZB-A96A-01A,1.0,0.0,0.0,0.0,0.0
22,47529345,+,22,47647397,+,THYM,2185,TCGA-ZB-A96A-01A,TCGA-ZB-A96A-01A,1.0,0.0,0.0,0.0,0.0
22,50499386,-,22,50585910,-,THYM,2186,TCGA-ZB-A96A-01A,TCGA-ZB-A96A-01A,1.0,0.0,0.0,0.0,0.0
3,90776558,-,3,91159712,+,THYM,2187,TCGA-ZB-A96A-01A,TCGA-ZB-A96A-01A,1.0,0.0,0.0,0.0,0.0
3,90864312,-,3,90896592,+,THYM,2188,TCGA-ZB-A96A-01A,TCGA-ZB-A96A-01A,1.0,0.0,0.0,0.0,0.0
3,118060717,+,3,119707943,+,THYM,2189,TCGA-ZB-A96A-01A,TCGA-ZB-A96A-01A,1.0,0.0,0.0,0.0,0.0
3,119709498,-,9,131367333,+,THYM,2190,TCGA-ZB-A96A-01A,TCGA-ZB-A96A-01A,1.0,0.0,0.0,0.0,0.0
4,34804503,-,11,29821274,-,THYM,2191,TCGA-ZB-A96A-01A,TCGA-ZB-A96A-01A,1.0,0.0,0.0,0.0,0.0
4,120987650,-,12,33799780,+,THYM,2192,TCGA-ZB-A96A-01A,TCGA-ZB-A96A-01A,1.0,0.0,0.0,0.0,0.0
5,47121846,-,5,47145289,+,THYM,2193,TCGA-ZB-A96A-01A,TCGA-ZB-A96A-01A,1.0,0.0,0.0,0.0,0.0
5,47172992,-,5,47275212,+,THYM,2194,TCGA-ZB-A96A-01A,TCGA-ZB-A96A-01A,1.0,0.0,0.0,0.0,0.0
5,47256248,-,19,24908206,+,THYM,2195,TCGA-ZB-A96A-01A,TCGA-ZB-A96A-01A,1.0,0.0,0.0,0.0,0.0
6,338476,+,22,34782840,-,THYM,2196,TCGA-ZB-A96A-01A,TCGA-ZB-A96A-01A,1.0,0.0,0.0,0.0,0.0
6,366194,+,22,35158708,+,THYM,2197,TCGA-ZB-A96A-01A,TCGA-ZB-A96A-01A,1.0,0.0,0.0,0.0,0.0
6,386679,-,22,34778276,+,THYM,2198,TCGA-ZB-A96A-01A,TCGA-ZB-A96A-01A,1.0,0.0,0.0,0.0,0.0
6,813728,+,22,38992669,+,THYM,2199,TCGA-ZB-A96A-01A,TCGA-ZB-A96A-01A,1.0,0.0,0.0,0.0,0.0
6,1950645,-,22,34984684,-,THYM,2200,TCGA-ZB-A96A-01A,TCGA-ZB-A96A-01A,1.0,0.0,0.0,0.0,0.0
6,39358664,+,6,39359138,-,THYM,2201,TCGA-ZB-A96A-01A,TCGA-ZB-A96A-01A,1.0,0.0,0.0,0.0,0.0
6,156170391,-,7,105159448,-,THYM,2202,TCGA-ZB-A96A-01A,TCGA-ZB-A96A-01A,1.0,0.0,0.0,0.0,0.0
7,1560833,+,7,44031226,-,THYM,2203,TCGA-ZB-A96A-01A,TCGA-ZB-A96A-01A,1.0,0.0,0.0,0.0,0.0
7,1586009,-,7,44042691,+,THYM,2204,TCGA-ZB-A96A-01A,TCGA-ZB-A96A-01A,1.0,0.0,0.0,0.0,0.0
7,2876353,+,7,8420235,-,THYM,2205,TCGA-ZB-A96A-01A,TCGA-ZB-A96A-01A,1.0,0.0,0.0,0.0,0.0
7,14905094,+,19,51639721,+,THYM,2206,TCGA-ZB-A96A-01A,TCGA-ZB-A96A-01A,1.0,0.0,0.0,0.0,0.0
7,38935136,+,19,47823010,+,THYM,2207,TCGA-ZB-A96A-01A,TCGA-ZB-A96A-01A,1.0,0.0,0.0,0.0,0.0
7,38939302,-,19,47828236,-,THYM,2208,TCGA-ZB-A96A-01A,TCGA-ZB-A96A-01A,1.0,0.0,0.0,0.0,0.0
7,44034113,+,19,47818041,-,THYM,2209,TCGA-ZB-A96A-01A,TCGA-ZB-A96A-01A,1.0,0.0,0.0,0.0,0.0
7,62817046,-,11,54926188,+,THYM,2210,TCGA-ZB-A96A-01A,TCGA-ZB-A96A-01A,1.0,0.0,0.0,0.0,0.0
9,40229190,+,9,42858494,-,THYM,2211,TCGA-ZB-A96A-01A,TCGA-ZB-A96A-01A,1.0,0.0,0.0,0.0,0.0
9,43410901,-,9,45259752,+,THYM,2212,TCGA-ZB-A96A-01A,TCGA-ZB-A96A-01A,1.0,0.0,0.0,0.0,0.0
9,45187550,-,9,45188092,+,THYM,2213,TCGA-ZB-A96A-01A,TCGA-ZB-A96A-01A,1.0,0.0,0.0,0.0,0.0
10,45290208,+,22,33513813,-,THYM,2214,TCGA-ZB-A96B-01A,TCGA-ZB-A96B-01A,1.0,0.0,0.0,0.0,0.0
13,17039578,-,13,17268348,+,THYM,2215,TCGA-ZB-A96B-01A,TCGA-ZB-A96B-01A,1.0,0.0,0.0,0.0,0.0
18,15355978,+,22,16107032,+,THYM,2216,TCGA-ZB-A96B-01A,TCGA-ZB-A96B-01A,1.0,0.0,0.0,0.0,0.0
18,15709154,-,18,15714073,+,THYM,2217,TCGA-ZB-A96B-01A,TCGA-ZB-A96B-01A,1.0,0.0,0.0,0.0,0.0
18,16859974,+,18,18616873,-,THYM,2218,TCGA-ZB-A96B-01A,TCGA-ZB-A96B-01A,1.0,0.0,0.0,0.0,0.0
2,95848682,-,2,97252638,-,THYM,2219,TCGA-ZB-A96B-01A,TCGA-ZB-A96B-01A,1.0,0.0,0.0,0.0,0.0
2,113294439,-,14,56930139,+,THYM,2220,TCGA-ZB-A96B-01A,TCGA-ZB-A96B-01A,1.0,0.0,0.0,0.0,0.0
3,90820591,+,3,90865567,-,THYM,2221,TCGA-ZB-A96B-01A,TCGA-ZB-A96B-01A,1.0,0.0,0.0,0.0,0.0
3,91113793,-,3,91220936,+,THYM,2222,TCGA-ZB-A96B-01A,TCGA-ZB-A96B-01A,1.0,0.0,0.0,0.0,0.0
5,2777380,-,10,6029194,+,THYM,2223,TCGA-ZB-A96B-01A,TCGA-ZB-A96B-01A,1.0,0.0,0.0,0.0,0.0
6,58061831,-,6,60816158,+,THYM,2224,TCGA-ZB-A96B-01A,TCGA-ZB-A96B-01A,1.0,0.0,0.0,0.0,0.0
6,58449290,+,6,59576168,-,THYM,2225,TCGA-ZB-A96B-01A,TCGA-ZB-A96B-01A,1.0,0.0,0.0,0.0,0.0
6,88992058,-,10,110534146,+,THYM,2226,TCGA-ZB-A96B-01A,TCGA-ZB-A96B-01A,1.0,0.0,0.0,0.0,0.0
7,152241350,-,13,18329488,-,THYM,2227,TCGA-ZB-A96B-01A,TCGA-ZB-A96B-01A,1.0,0.0,0.0,0.0,0.0
1,122963474,-,1,124975594,+,THYM,2228,TCGA-ZB-A96C-01A,TCGA-ZB-A96C-01A,1.0,0.0,0.0,0.0,0.0
1,124673832,-,1,124674375,+,THYM,2229,TCGA-ZB-A96C-01A,TCGA-ZB-A96C-01A,1.0,0.0,0.0,0.0,0.0
10,40939034,-,10,40939662,+,THYM,2230,TCGA-ZB-A96C-01A,TCGA-ZB-A96C-01A,1.0,0.0,0.0,0.0,0.0
12,43305366,-,21,32531829,+,THYM,2231,TCGA-ZB-A96C-01A,TCGA-ZB-A96C-01A,1.0,0.0,0.0,0.0,0.0
13,16316284,+,13,16795824,-,THYM,2232,TCGA-ZB-A96C-01A,TCGA-ZB-A96C-01A,1.0,0.0,0.0,0.0,0.0
13,16339099,+,13,17391906,-,THYM,2233,TCGA-ZB-A96C-01A,TCGA-ZB-A96C-01A,1.0,0.0,0.0,0.0,0.0
15,20071175,+,15,20627307,-,THYM,2234,TCGA-ZB-A96C-01A,TCGA-ZB-A96C-01A,1.0,0.0,0.0,0.0,0.0
17,22877702,+,17,23059813,-,THYM,2235,TCGA-ZB-A96C-01A,TCGA-ZB-A96C-01A,1.0,0.0,0.0,0.0,0.0
17,22894524,+,17,22994446,-,THYM,2236,TCGA-ZB-A96C-01A,TCGA-ZB-A96C-01A,1.0,0.0,0.0,0.0,0.0
17,23765572,-,17,23766403,+,THYM,2237,TCGA-ZB-A96C-01A,TCGA-ZB-A96C-01A,1.0,0.0,0.0,0.0,0.0
2,20954266,+,21,41672950,+,THYM,2238,TCGA-ZB-A96C-01A,TCGA-ZB-A96C-01A,1.0,0.0,0.0,0.0,0.0
2,59453105,+,23,15267457,+,THYM,2239,TCGA-ZB-A96C-01A,TCGA-ZB-A96C-01A,1.0,0.0,0.0,0.0,0.0
2,219307122,+,7,69514834,-,THYM,2240,TCGA-ZB-A96C-01A,TCGA-ZB-A96C-01A,1.0,0.0,0.0,0.0,0.0
2,222866745,-,3,70973237,+,THYM,2241,TCGA-ZB-A96C-01A,TCGA-ZB-A96C-01A,1.0,0.0,0.0,0.0,0.0
2,236334407,-,7,69456981,+,THYM,2242,TCGA-ZB-A96C-01A,TCGA-ZB-A96C-01A,1.0,0.0,0.0,0.0,0.0
20,28841962,+,20,29203916,-,THYM,2243,TCGA-ZB-A96C-01A,TCGA-ZB-A96C-01A,1.0,0.0,0.0,0.0,0.0
20,43095832,+,20,46111816,+,THYM,2244,TCGA-ZB-A96C-01A,TCGA-ZB-A96C-01A,1.0,0.0,0.0,0.0,0.0
3,50602094,+,4,108741304,+,THYM,2245,TCGA-ZB-A96C-01A,TCGA-ZB-A96C-01A,1.0,0.0,0.0,0.0,0.0
4,53923794,+,16,56084057,+,THYM,2246,TCGA-ZB-A96C-01A,TCGA-ZB-A96C-01A,1.0,0.0,0.0,0.0,0.0
5,46433868,-,5,46504859,-,THYM,2247,TCGA-ZB-A96C-01A,TCGA-ZB-A96C-01A,1.0,0.0,0.0,0.0,0.0
5,47026987,-,5,47048558,+,THYM,2248,TCGA-ZB-A96C-01A,TCGA-ZB-A96C-01A,1.0,0.0,0.0,0.0,0.0
6,67390525,+,22,16029017,+,THYM,2249,TCGA-ZB-A96C-01A,TCGA-ZB-A96C-01A,1.0,0.0,0.0,0.0,0.0
9,40229209,+,9,42858476,-,THYM,2250,TCGA-ZB-A96C-01A,TCGA-ZB-A96C-01A,1.0,0.0,0.0,0.0,0.0
1,160697202,-,19,22579058,+,THYM,2251,TCGA-ZB-A96D-01A,TCGA-ZB-A96D-01A,1.0,0.0,0.0,0.0,0.0
11,51230999,-,11,51811943,+,THYM,2252,TCGA-ZB-A96D-01A,TCGA-ZB-A96D-01A,1.0,0.0,0.0,0.0,0.0
11,54381893,-,11,54414638,+,THYM,2253,TCGA-ZB-A96D-01A,TCGA-ZB-A96D-01A,1.0,0.0,0.0,0.0,0.0
2,95950260,-,2,97152982,-,THYM,2254,TCGA-ZB-A96D-01A,TCGA-ZB-A96D-01A,1.0,0.0,0.0,0.0,0.0
2,121557426,-,5,69222013,+,THYM,2255,TCGA-ZB-A96D-01A,TCGA-ZB-A96D-01A,1.0,0.0,0.0,0.0,0.0
20,29133724,+,20,29177511,-,THYM,2256,TCGA-ZB-A96D-01A,TCGA-ZB-A96D-01A,1.0,0.0,0.0,0.0,0.0
20,29720761,-,20,30148763,-,THYM,2257,TCGA-ZB-A96D-01A,TCGA-ZB-A96D-01A,1.0,0.0,0.0,0.0,0.0
3,49404118,-,10,17548274,-,THYM,2258,TCGA-ZB-A96D-01A,TCGA-ZB-A96D-01A,1.0,0.0,0.0,0.0,0.0
3,182048252,-,19,28733070,+,THYM,2259,TCGA-ZB-A96D-01A,TCGA-ZB-A96D-01A,1.0,0.0,0.0,0.0,0.0
4,50471131,+,4,51171151,-,THYM,2260,TCGA-ZB-A96D-01A,TCGA-ZB-A96D-01A,1.0,0.0,0.0,0.0,0.0
5,46433348,-,5,46493414,-,THYM,2261,TCGA-ZB-A96D-01A,TCGA-ZB-A96D-01A,1.0,0.0,0.0,0.0,0.0
5,47159552,-,5,47259009,+,THYM,2262,TCGA-ZB-A96D-01A,TCGA-ZB-A96D-01A,1.0,0.0,0.0,0.0,0.0
5,49947206,+,5,50011597,-,THYM,2263,TCGA-ZB-A96D-01A,TCGA-ZB-A96D-01A,1.0,0.0,0.0,0.0,0.0
5,55999444,+,5,56134511,-,THYM,2264,TCGA-ZB-A96D-01A,TCGA-ZB-A96D-01A,1.0,0.0,0.0,0.0,0.0
9,29055940,-,13,89274024,+,THYM,2265,TCGA-ZB-A96D-01A,TCGA-ZB-A96D-01A,1.0,0.0,0.0,0.0,0.0
1,25999782,+,1,26026617,-,THYM,2266,TCGA-ZB-A96E-01A,TCGA-ZB-A96E-01A,1.0,0.0,0.0,0.0,0.0
1,30047584,+,1,30060091,-,THYM,2267,TCGA-ZB-A96E-01A,TCGA-ZB-A96E-01A,1.0,0.0,0.0,0.0,0.0
11,51426267,-,11,54007048,+,THYM,2268,TCGA-ZB-A96E-01A,TCGA-ZB-A96E-01A,1.0,0.0,0.0,0.0,0.0
12,35167976,+,12,36990869,-,THYM,2269,TCGA-ZB-A96E-01A,TCGA-ZB-A96E-01A,1.0,0.0,0.0,0.0,0.0
13,18756754,+,13,18776057,-,THYM,2270,TCGA-ZB-A96E-01A,TCGA-ZB-A96E-01A,1.0,0.0,0.0,0.0,0.0
13,42026091,+,13,42029474,-,THYM,2271,TCGA-ZB-A96E-01A,TCGA-ZB-A96E-01A,1.0,0.0,0.0,0.0,0.0
14,22386807,+,14,22477706,-,THYM,2272,TCGA-ZB-A96E-01A,TCGA-ZB-A96E-01A,1.0,0.0,0.0,0.0,0.0
15,24249212,+,15,24498778,-,THYM,2273,TCGA-ZB-A96E-01A,TCGA-ZB-A96E-01A,1.0,0.0,0.0,0.0,0.0
2,94518980,-,9,40846034,-,THYM,2274,TCGA-ZB-A96E-01A,TCGA-ZB-A96E-01A,1.0,0.0,0.0,0.0,0.0
20,26364240,+,20,26369269,-,THYM,2275,TCGA-ZB-A96E-01A,TCGA-ZB-A96E-01A,1.0,0.0,0.0,0.0,0.0
20,26453644,+,20,26603160,+,THYM,2276,TCGA-ZB-A96E-01A,TCGA-ZB-A96E-01A,1.0,0.0,0.0,0.0,0.0
20,27689564,+,20,28322576,-,THYM,2277,TCGA-ZB-A96E-01A,TCGA-ZB-A96E-01A,1.0,0.0,0.0,0.0,0.0
20,29447838,+,22,11605370,-,THYM,2278,TCGA-ZB-A96E-01A,TCGA-ZB-A96E-01A,1.0,0.0,0.0,0.0,0.0
3,47578309,-,8,688263,+,THYM,2279,TCGA-ZB-A96E-01A,TCGA-ZB-A96E-01A,1.0,0.0,0.0,0.0,0.0
5,8702724,-,6,16038102,+,THYM,2280,TCGA-ZB-A96E-01A,TCGA-ZB-A96E-01A,1.0,0.0,0.0,0.0,0.0
5,27968256,-,8,132116879,-,THYM,2281,TCGA-ZB-A96E-01A,TCGA-ZB-A96E-01A,1.0,0.0,0.0,0.0,0.0
5,49694260,+,5,49720278,-,THYM,2282,TCGA-ZB-A96E-01A,TCGA-ZB-A96E-01A,1.0,0.0,0.0,0.0,0.0
5,49769452,+,5,49965768,-,THYM,2283,TCGA-ZB-A96E-01A,TCGA-ZB-A96E-01A,1.0,0.0,0.0,0.0,0.0
7,128570634,-,11,46429136,+,THYM,2284,TCGA-ZB-A96E-01A,TCGA-ZB-A96E-01A,1.0,0.0,0.0,0.0,0.0
1,216841623,+,23,81565244,-,THYM,2285,TCGA-ZB-A96F-01A,TCGA-ZB-A96F-01A,1.0,0.0,0.0,0.0,0.0
15,91468501,+,19,42999031,-,THYM,2286,TCGA-ZB-A96F-01A,TCGA-ZB-A96F-01A,1.0,0.0,0.0,0.0,0.0
17,43210646,-,20,63572756,+,THYM,2287,TCGA-ZB-A96F-01A,TCGA-ZB-A96F-01A,1.0,0.0,0.0,0.0,0.0
18,15355978,+,22,16107057,+,THYM,2288,TCGA-ZB-A96F-01A,TCGA-ZB-A96F-01A,1.0,0.0,0.0,0.0,0.0
18,15791636,-,20,26534890,+,THYM,2289,TCGA-ZB-A96F-01A,TCGA-ZB-A96F-01A,1.0,0.0,0.0,0.0,0.0
2,91884305,-,10,38642246,+,THYM,2290,TCGA-ZB-A96F-01A,TCGA-ZB-A96F-01A,1.0,0.0,0.0,0.0,0.0
20,28839209,-,20,29127680,+,THYM,2291,TCGA-ZB-A96F-01A,TCGA-ZB-A96F-01A,1.0,0.0,0.0,0.0,0.0
5,17965751,+,13,81061016,+,THYM,2292,TCGA-ZB-A96F-01A,TCGA-ZB-A96F-01A,1.0,0.0,0.0,0.0,0.0
5,46508281,+,5,46561897,-,THYM,2293,TCGA-ZB-A96F-01A,TCGA-ZB-A96F-01A,1.0,0.0,0.0,0.0,0.0
6,133229776,+,6,133230571,-,THYM,2294,TCGA-ZB-A96F-01A,TCGA-ZB-A96F-01A,1.0,0.0,0.0,0.0,0.0
7,60340837,+,7,62512449,-,THYM,2295,TCGA-ZB-A96F-01A,TCGA-ZB-A96F-01A,1.0,0.0,0.0,0.0,0.0
8,38494045,+,12,24793355,-,THYM,2296,TCGA-ZB-A96F-01A,TCGA-ZB-A96F-01A,1.0,0.0,0.0,0.0,0.0
23,81587017,+,23,81665788,-,THYM,2297,TCGA-ZB-A96F-01A,TCGA-ZB-A96F-01A,1.0,0.0,0.0,0.0,0.0
1,122137374,-,1,122150313,+,THYM,2298,TCGA-ZB-A96G-01A,TCGA-ZB-A96G-01A,1.0,0.0,0.0,0.0,0.0
1,216753196,+,5,8423317,-,THYM,2299,TCGA-ZB-A96G-01A,TCGA-ZB-A96G-01A,1.0,0.0,0.0,0.0,0.0
11,53440083,+,11,53665430,-,THYM,2300,TCGA-ZB-A96G-01A,TCGA-ZB-A96G-01A,1.0,0.0,0.0,0.0,0.0
18,15613347,-,18,15774351,+,THYM,2301,TCGA-ZB-A96G-01A,TCGA-ZB-A96G-01A,1.0,0.0,0.0,0.0,0.0
18,20612541,+,18,20682577,-,THYM,2302,TCGA-ZB-A96G-01A,TCGA-ZB-A96G-01A,1.0,0.0,0.0,0.0,0.0
2,144203152,-,16,55909571,-,THYM,2303,TCGA-ZB-A96G-01A,TCGA-ZB-A96G-01A,1.0,0.0,0.0,0.0,0.0
20,43147814,-,22,44081933,-,THYM,2304,TCGA-ZB-A96G-01A,TCGA-ZB-A96G-01A,1.0,0.0,0.0,0.0,0.0
22,29349042,-,22,40456437,+,THYM,2305,TCGA-ZB-A96G-01A,TCGA-ZB-A96G-01A,1.0,0.0,0.0,0.0,0.0
22,29785160,-,22,46107036,+,THYM,2306,TCGA-ZB-A96G-01A,TCGA-ZB-A96G-01A,1.0,0.0,0.0,0.0,0.0
22,35150392,+,22,46074613,-,THYM,2307,TCGA-ZB-A96G-01A,TCGA-ZB-A96G-01A,1.0,0.0,0.0,0.0,0.0
22,35423301,+,22,40586466,-,THYM,2308,TCGA-ZB-A96G-01A,TCGA-ZB-A96G-01A,1.0,0.0,0.0,0.0,0.0
22,35434095,-,22,47012267,-,THYM,2309,TCGA-ZB-A96G-01A,TCGA-ZB-A96G-01A,1.0,0.0,0.0,0.0,0.0
22,36973499,-,22,47010162,+,THYM,2310,TCGA-ZB-A96G-01A,TCGA-ZB-A96G-01A,1.0,0.0,0.0,0.0,0.0
22,38313753,-,22,42138192,+,THYM,2311,TCGA-ZB-A96G-01A,TCGA-ZB-A96G-01A,1.0,0.0,0.0,0.0,0.0
3,54786837,-,3,73461590,-,THYM,2312,TCGA-ZB-A96G-01A,TCGA-ZB-A96G-01A,1.0,0.0,0.0,0.0,0.0
3,90849976,-,3,91172964,+,THYM,2313,TCGA-ZB-A96G-01A,TCGA-ZB-A96G-01A,1.0,0.0,0.0,0.0,0.0
3,90942574,-,3,91262936,-,THYM,2314,TCGA-ZB-A96G-01A,TCGA-ZB-A96G-01A,1.0,0.0,0.0,0.0,0.0
4,106126428,+,19,27362189,+,THYM,2315,TCGA-ZB-A96G-01A,TCGA-ZB-A96G-01A,1.0,0.0,0.0,0.0,0.0
6,1108469,+,6,15127114,-,THYM,2316,TCGA-ZB-A96G-01A,TCGA-ZB-A96G-01A,1.0,0.0,0.0,0.0,0.0
6,58945595,+,6,59263008,-,THYM,2317,TCGA-ZB-A96G-01A,TCGA-ZB-A96G-01A,1.0,0.0,0.0,0.0,0.0
6,59268429,-,6,59778932,+,THYM,2318,TCGA-ZB-A96G-01A,TCGA-ZB-A96G-01A,1.0,0.0,0.0,0.0,0.0
9,42171693,-,9,42717280,+,THYM,2319,TCGA-ZB-A96G-01A,TCGA-ZB-A96G-01A,1.0,0.0,0.0,0.0,0.0
9,43862269,-,9,45344552,+,THYM,2320,TCGA-ZB-A96G-01A,TCGA-ZB-A96G-01A,1.0,0.0,0.0,0.0,0.0
1,7873581,+,1,70986337,-,THYM,2321,TCGA-ZB-A96H-01A,TCGA-ZB-A96H-01A,1.0,0.0,0.0,0.0,0.0
1,7874126,-,19,50517497,-,THYM,2322,TCGA-ZB-A96H-01A,TCGA-ZB-A96H-01A,1.0,0.0,0.0,0.0,0.0
1,7887599,+,1,8885470,-,THYM,2323,TCGA-ZB-A96H-01A,TCGA-ZB-A96H-01A,1.0,0.0,0.0,0.0,0.0
1,60052241,+,19,45517149,+,THYM,2324,TCGA-ZB-A96H-01A,TCGA-ZB-A96H-01A,1.0,0.0,0.0,0.0,0.0
1,246945180,-,14,100260948,+,THYM,2325,TCGA-ZB-A96H-01A,TCGA-ZB-A96H-01A,1.0,0.0,0.0,0.0,0.0
11,53098015,-,11,53707065,+,THYM,2326,TCGA-ZB-A96H-01A,TCGA-ZB-A96H-01A,1.0,0.0,0.0,0.0,0.0
12,54110148,+,20,29564405,+,THYM,2327,TCGA-ZB-A96H-01A,TCGA-ZB-A96H-01A,1.0,0.0,0.0,0.0,0.0
15,54647186,-,18,25887752,+,THYM,2328,TCGA-ZB-A96H-01A,TCGA-ZB-A96H-01A,1.0,0.0,0.0,0.0,0.0
18,68609581,+,18,68625489,-,THYM,2329,TCGA-ZB-A96H-01A,TCGA-ZB-A96H-01A,1.0,0.0,0.0,0.0,0.0
19,56072176,+,19,56077386,-,THYM,2330,TCGA-ZB-A96H-01A,TCGA-ZB-A96H-01A,1.0,0.0,0.0,0.0,0.0
2,75797822,-,18,31438233,-,THYM,2331,TCGA-ZB-A96H-01A,TCGA-ZB-A96H-01A,1.0,0.0,0.0,0.0,0.0
2,80043117,-,22,35389283,+,THYM,2332,TCGA-ZB-A96H-01A,TCGA-ZB-A96H-01A,1.0,0.0,0.0,0.0,0.0
2,86835302,+,2,106514014,+,THYM,2333,TCGA-ZB-A96H-01A,TCGA-ZB-A96H-01A,1.0,0.0,0.0,0.0,0.0
2,117586482,+,2,128398567,+,THYM,2334,TCGA-ZB-A96H-01A,TCGA-ZB-A96H-01A,1.0,0.0,0.0,0.0,0.0
20,29963655,-,20,29969265,+,THYM,2335,TCGA-ZB-A96H-01A,TCGA-ZB-A96H-01A,1.0,0.0,0.0,0.0,0.0
20,30001005,+,20,30014515,-,THYM,2336,TCGA-ZB-A96H-01A,TCGA-ZB-A96H-01A,1.0,0.0,0.0,0.0,0.0
3,75642732,-,20,29443946,-,THYM,2337,TCGA-ZB-A96H-01A,TCGA-ZB-A96H-01A,1.0,0.0,0.0,0.0,0.0
3,75686898,+,20,29828888,+,THYM,2338,TCGA-ZB-A96H-01A,TCGA-ZB-A96H-01A,1.0,0.0,0.0,0.0,0.0
3,90949283,+,3,91143808,-,THYM,2339,TCGA-ZB-A96H-01A,TCGA-ZB-A96H-01A,1.0,0.0,0.0,0.0,0.0
3,90968668,-,3,91229533,+,THYM,2340,TCGA-ZB-A96H-01A,TCGA-ZB-A96H-01A,1.0,0.0,0.0,0.0,0.0
4,49809514,-,4,50625032,+,THYM,2341,TCGA-ZB-A96H-01A,TCGA-ZB-A96H-01A,1.0,0.0,0.0,0.0,0.0
4,50453559,+,4,51571606,-,THYM,2342,TCGA-ZB-A96H-01A,TCGA-ZB-A96H-01A,1.0,0.0,0.0,0.0,0.0
5,46502477,+,5,46505035,-,THYM,2343,TCGA-ZB-A96H-01A,TCGA-ZB-A96H-01A,1.0,0.0,0.0,0.0,0.0
5,49901999,+,5,49963740,-,THYM,2344,TCGA-ZB-A96H-01A,TCGA-ZB-A96H-01A,1.0,0.0,0.0,0.0,0.0
6,105216387,-,22,24790986,+,THYM,2345,TCGA-ZB-A96H-01A,TCGA-ZB-A96H-01A,1.0,0.0,0.0,0.0,0.0
6,112134590,-,6,112134707,+,THYM,2346,TCGA-ZB-A96H-01A,TCGA-ZB-A96H-01A,1.0,0.0,0.0,0.0,0.0
7,116768044,+,10,68595948,+,THYM,2347,TCGA-ZB-A96H-01A,TCGA-ZB-A96H-01A,1.0,0.0,0.0,0.0,0.0
1,5816543,+,1,5817461,-,THYM,2348,TCGA-ZB-A96I-01A,TCGA-ZB-A96I-01A,1.0,0.0,0.0,0.0,0.0
1,28921962,+,5,88192024,+,THYM,2349,TCGA-ZB-A96I-01A,TCGA-ZB-A96I-01A,1.0,0.0,0.0,0.0,0.0
1,122606379,+,1,123527035,-,THYM,2350,TCGA-ZB-A96I-01A,TCGA-ZB-A96I-01A,1.0,0.0,0.0,0.0,0.0
1,124801526,-,1,124813618,+,THYM,2351,TCGA-ZB-A96I-01A,TCGA-ZB-A96I-01A,1.0,0.0,0.0,0.0,0.0
11,34038929,+,19,23622991,+,THYM,2352,TCGA-ZB-A96I-01A,TCGA-ZB-A96I-01A,1.0,0.0,0.0,0.0,0.0
11,42655695,-,13,19414750,+,THYM,2353,TCGA-ZB-A96I-01A,TCGA-ZB-A96I-01A,1.0,0.0,0.0,0.0,0.0
11,44224204,+,13,21183572,+,THYM,2354,TCGA-ZB-A96I-01A,TCGA-ZB-A96I-01A,1.0,0.0,0.0,0.0,0.0
11,46321503,-,13,34289062,+,THYM,2355,TCGA-ZB-A96I-01A,TCGA-ZB-A96I-01A,1.0,0.0,0.0,0.0,0.0
11,47693335,+,11,49787171,-,THYM,2356,TCGA-ZB-A96I-01A,TCGA-ZB-A96I-01A,1.0,0.0,0.0,0.0,0.0
11,47693335,+,11,88846788,+,THYM,2357,TCGA-ZB-A96I-01A,TCGA-ZB-A96I-01A,1.0,0.0,0.0,0.0,0.0
13,20792048,-,13,34246954,-,THYM,2358,TCGA-ZB-A96I-01A,TCGA-ZB-A96I-01A,1.0,0.0,0.0,0.0,0.0
14,41192969,-,14,76888356,-,THYM,2359,TCGA-ZB-A96I-01A,TCGA-ZB-A96I-01A,1.0,0.0,0.0,0.0,0.0
14,45239222,+,14,76882681,+,THYM,2360,TCGA-ZB-A96I-01A,TCGA-ZB-A96I-01A,1.0,0.0,0.0,0.0,0.0
18,15470438,-,18,15686705,+,THYM,2361,TCGA-ZB-A96I-01A,TCGA-ZB-A96I-01A,1.0,0.0,0.0,0.0,0.0
18,15474935,+,18,15679230,-,THYM,2362,TCGA-ZB-A96I-01A,TCGA-ZB-A96I-01A,1.0,0.0,0.0,0.0,0.0
18,15665524,-,18,15711634,+,THYM,2363,TCGA-ZB-A96I-01A,TCGA-ZB-A96I-01A,1.0,0.0,0.0,0.0,0.0
2,80766812,+,2,80767036,-,THYM,2364,TCGA-ZB-A96I-01A,TCGA-ZB-A96I-01A,1.0,0.0,0.0,0.0,0.0
2,94567179,-,15,19816852,+,THYM,2365,TCGA-ZB-A96I-01A,TCGA-ZB-A96I-01A,1.0,0.0,0.0,0.0,0.0
3,77847629,-,23,127990517,-,THYM,2366,TCGA-ZB-A96I-01A,TCGA-ZB-A96I-01A,1.0,0.0,0.0,0.0,0.0
3,91091129,-,3,91225511,+,THYM,2367,TCGA-ZB-A96I-01A,TCGA-ZB-A96I-01A,1.0,0.0,0.0,0.0,0.0
5,46658859,-,12,37348853,-,THYM,2368,TCGA-ZB-A96I-01A,TCGA-ZB-A96I-01A,1.0,0.0,0.0,0.0,0.0
6,61425057,+,12,34680642,-,THYM,2369,TCGA-ZB-A96I-01A,TCGA-ZB-A96I-01A,1.0,0.0,0.0,0.0,0.0
7,58822248,-,7,60163904,+,THYM,2370,TCGA-ZB-A96I-01A,TCGA-ZB-A96I-01A,1.0,0.0,0.0,0.0,0.0
9,40552008,-,21,12982095,-,THYM,2371,TCGA-ZB-A96I-01A,TCGA-ZB-A96I-01A,1.0,0.0,0.0,0.0,0.0
1,124293013,-,1,124293708,+,THYM,2372,TCGA-ZB-A96K-01A,TCGA-ZB-A96K-01A,1.0,0.0,0.0,0.0,0.0
1,229417515,-,23,109183048,+,THYM,2373,TCGA-ZB-A96K-01A,TCGA-ZB-A96K-01A,1.0,0.0,0.0,0.0,0.0
10,39381766,-,10,39382647,+,THYM,2374,TCGA-ZB-A96K-01A,TCGA-ZB-A96K-01A,1.0,0.0,0.0,0.0,0.0
10,41372763,-,10,41373103,+,THYM,2375,TCGA-ZB-A96K-01A,TCGA-ZB-A96K-01A,1.0,0.0,0.0,0.0,0.0
11,51596307,-,11,52584386,+,THYM,2376,TCGA-ZB-A96K-01A,TCGA-ZB-A96K-01A,1.0,0.0,0.0,0.0,0.0
12,35349535,+,12,36165566,-,THYM,2377,TCGA-ZB-A96K-01A,TCGA-ZB-A96K-01A,1.0,0.0,0.0,0.0,0.0
12,104504201,-,16,2273559,-,THYM,2378,TCGA-ZB-A96K-01A,TCGA-ZB-A96K-01A,1.0,0.0,0.0,0.0,0.0
12,104504202,+,16,2209888,+,THYM,2379,TCGA-ZB-A96K-01A,TCGA-ZB-A96K-01A,1.0,0.0,0.0,0.0,0.0
12,110612878,+,22,39618029,-,THYM,2380,TCGA-ZB-A96K-01A,TCGA-ZB-A96K-01A,1.0,0.0,0.0,0.0,0.0
17,6439544,+,17,16945511,-,THYM,2381,TCGA-ZB-A96K-01A,TCGA-ZB-A96K-01A,1.0,0.0,0.0,0.0,0.0
2,45859078,+,10,14324673,+,THYM,2382,TCGA-ZB-A96K-01A,TCGA-ZB-A96K-01A,1.0,0.0,0.0,0.0,0.0
5,65338997,+,12,110612878,+,THYM,2383,TCGA-ZB-A96K-01A,TCGA-ZB-A96K-01A,1.0,0.0,0.0,0.0,0.0
5,65338997,+,22,39618207,+,THYM,2384,TCGA-ZB-A96K-01A,TCGA-ZB-A96K-01A,1.0,0.0,0.0,0.0,0.0
5,122370231,-,22,28740886,+,THYM,2385,TCGA-ZB-A96K-01A,TCGA-ZB-A96K-01A,1.0,0.0,0.0,0.0,0.0
5,122370521,-,12,110612688,-,THYM,2386,TCGA-ZB-A96K-01A,TCGA-ZB-A96K-01A,1.0,0.0,0.0,0.0,0.0
5,122370521,+,22,31112127,-,THYM,2387,TCGA-ZB-A96K-01A,TCGA-ZB-A96K-01A,1.0,0.0,0.0,0.0,0.0
6,16463387,+,6,16477122,-,THYM,2388,TCGA-ZB-A96K-01A,TCGA-ZB-A96K-01A,1.0,0.0,0.0,0.0,0.0
7,58174410,-,7,58237614,+,THYM,2389,TCGA-ZB-A96K-01A,TCGA-ZB-A96K-01A,1.0,0.0,0.0,0.0,0.0
7,83460654,+,11,27633946,+,THYM,2390,TCGA-ZB-A96K-01A,TCGA-ZB-A96K-01A,1.0,0.0,0.0,0.0,0.0
8,15009287,-,18,28337996,+,THYM,2391,TCGA-ZB-A96K-01A,TCGA-ZB-A96K-01A,1.0,0.0,0.0,0.0,0.0
1,58926891,+,12,103947314,-,THYM,2392,TCGA-ZB-A96L-01A,TCGA-ZB-A96L-01A,1.0,0.0,0.0,0.0,0.0
1,58926891,+,15,99259885,-,THYM,2393,TCGA-ZB-A96L-01A,TCGA-ZB-A96L-01A,1.0,0.0,0.0,0.0,0.0
1,122200936,-,1,122215858,+,THYM,2394,TCGA-ZB-A96L-01A,TCGA-ZB-A96L-01A,1.0,0.0,0.0,0.0,0.0
1,123257180,-,1,123257859,+,THYM,2395,TCGA-ZB-A96L-01A,TCGA-ZB-A96L-01A,1.0,0.0,0.0,0.0,0.0
1,243407839,+,1,244288901,-,THYM,2396,TCGA-ZB-A96L-01A,TCGA-ZB-A96L-01A,1.0,0.0,0.0,0.0,0.0
10,41821674,-,20,30150564,-,THYM,2397,TCGA-ZB-A96L-01A,TCGA-ZB-A96L-01A,1.0,0.0,0.0,0.0,0.0
10,132631422,-,15,67201794,+,THYM,2398,TCGA-ZB-A96L-01A,TCGA-ZB-A96L-01A,1.0,0.0,0.0,0.0,0.0
11,53063388,-,11,54165743,+,THYM,2399,TCGA-ZB-A96L-01A,TCGA-ZB-A96L-01A,1.0,0.0,0.0,0.0,0.0
11,54356495,+,11,54366745,-,THYM,2400,TCGA-ZB-A96L-01A,TCGA-ZB-A96L-01A,1.0,0.0,0.0,0.0,0.0
12,34780473,+,12,34803948,-,THYM,2401,TCGA-ZB-A96L-01A,TCGA-ZB-A96L-01A,1.0,0.0,0.0,0.0,0.0
13,16497169,-,13,17328285,+,THYM,2402,TCGA-ZB-A96L-01A,TCGA-ZB-A96L-01A,1.0,0.0,0.0,0.0,0.0
13,18761939,+,21,13866899,-,THYM,2403,TCGA-ZB-A96L-01A,TCGA-ZB-A96L-01A,1.0,0.0,0.0,0.0,0.0
13,102611389,+,18,77660868,-,THYM,2404,TCGA-ZB-A96L-01A,TCGA-ZB-A96L-01A,1.0,0.0,0.0,0.0,0.0
13,102653516,+,13,104024128,-,THYM,2405,TCGA-ZB-A96L-01A,TCGA-ZB-A96L-01A,1.0,0.0,0.0,0.0,0.0
13,113252905,+,16,4612958,+,THYM,2406,TCGA-ZB-A96L-01A,TCGA-ZB-A96L-01A,1.0,0.0,0.0,0.0,0.0
15,47104152,+,20,30189793,+,THYM,2407,TCGA-ZB-A96L-01A,TCGA-ZB-A96L-01A,1.0,0.0,0.0,0.0,0.0
15,92844038,-,15,98501356,-,THYM,2408,TCGA-ZB-A96L-01A,TCGA-ZB-A96L-01A,1.0,0.0,0.0,0.0,0.0
16,48071317,+,16,50120263,-,THYM,2409,TCGA-ZB-A96L-01A,TCGA-ZB-A96L-01A,1.0,0.0,0.0,0.0,0.0
17,5193759,-,19,23132052,-,THYM,2410,TCGA-ZB-A96L-01A,TCGA-ZB-A96L-01A,1.0,0.0,0.0,0.0,0.0
17,19745922,-,17,31257958,-,THYM,2411,TCGA-ZB-A96L-01A,TCGA-ZB-A96L-01A,1.0,0.0,0.0,0.0,0.0
17,22820560,+,17,22958402,-,THYM,2412,TCGA-ZB-A96L-01A,TCGA-ZB-A96L-01A,1.0,0.0,0.0,0.0,0.0
17,23371836,-,17,23372449,+,THYM,2413,TCGA-ZB-A96L-01A,TCGA-ZB-A96L-01A,1.0,0.0,0.0,0.0,0.0
17,27994564,-,17,29972965,+,THYM,2414,TCGA-ZB-A96L-01A,TCGA-ZB-A96L-01A,1.0,0.0,0.0,0.0,0.0
17,29126952,-,17,60904265,-,THYM,2415,TCGA-ZB-A96L-01A,TCGA-ZB-A96L-01A,1.0,0.0,0.0,0.0,0.0
17,30579973,+,17,61045398,+,THYM,2416,TCGA-ZB-A96L-01A,TCGA-ZB-A96L-01A,1.0,0.0,0.0,0.0,0.0
17,30588691,+,17,61480668,+,THYM,2417,TCGA-ZB-A96L-01A,TCGA-ZB-A96L-01A,1.0,0.0,0.0,0.0,0.0
17,61306138,+,17,69011464,+,THYM,2418,TCGA-ZB-A96L-01A,TCGA-ZB-A96L-01A,1.0,0.0,0.0,0.0,0.0
17,68212797,-,19,2008037,-,THYM,2419,TCGA-ZB-A96L-01A,TCGA-ZB-A96L-01A,1.0,0.0,0.0,0.0,0.0
17,69080298,+,19,258624,+,THYM,2420,TCGA-ZB-A96L-01A,TCGA-ZB-A96L-01A,1.0,0.0,0.0,0.0,0.0
18,15471287,+,18,15728607,-,THYM,2421,TCGA-ZB-A96L-01A,TCGA-ZB-A96L-01A,1.0,0.0,0.0,0.0,0.0
18,15730421,+,18,20667605,-,THYM,2422,TCGA-ZB-A96L-01A,TCGA-ZB-A96L-01A,1.0,0.0,0.0,0.0,0.0
19,1335338,+,19,1349017,+,THYM,2423,TCGA-ZB-A96L-01A,TCGA-ZB-A96L-01A,1.0,0.0,0.0,0.0,0.0
19,12210839,-,19,12665254,-,THYM,2424,TCGA-ZB-A96L-01A,TCGA-ZB-A96L-01A,1.0,0.0,0.0,0.0,0.0
19,12210840,-,19,12665899,+,THYM,2425,TCGA-ZB-A96L-01A,TCGA-ZB-A96L-01A,1.0,0.0,0.0,0.0,0.0
19,12657046,-,19,12665610,-,THYM,2426,TCGA-ZB-A96L-01A,TCGA-ZB-A96L-01A,1.0,0.0,0.0,0.0,0.0
19,12665447,+,19,12665887,+,THYM,2427,TCGA-ZB-A96L-01A,TCGA-ZB-A96L-01A,1.0,0.0,0.0,0.0,0.0
19,13076135,+,19,13173910,+,THYM,2428,TCGA-ZB-A96L-01A,TCGA-ZB-A96L-01A,1.0,0.0,0.0,0.0,0.0
19,13158944,-,19,22531975,+,THYM,2429,TCGA-ZB-A96L-01A,TCGA-ZB-A96L-01A,1.0,0.0,0.0,0.0,0.0
19,14090186,+,22,20449759,-,THYM,2430,TCGA-ZB-A96L-01A,TCGA-ZB-A96L-01A,1.0,0.0,0.0,0.0,0.0
19,15894966,-,19,22824845,-,THYM,2431,TCGA-ZB-A96L-01A,TCGA-ZB-A96L-01A,1.0,0.0,0.0,0.0,0.0
19,17035184,+,19,20320203,-,THYM,2432,TCGA-ZB-A96L-01A,TCGA-ZB-A96L-01A,1.0,0.0,0.0,0.0,0.0
2,9175198,-,17,78174399,+,THYM,2433,TCGA-ZB-A96L-01A,TCGA-ZB-A96L-01A,1.0,0.0,0.0,0.0,0.0
2,93330590,-,2,93443391,+,THYM,2434,TCGA-ZB-A96L-01A,TCGA-ZB-A96L-01A,1.0,0.0,0.0,0.0,0.0
2,93375679,-,2,93671906,+,THYM,2435,TCGA-ZB-A96L-01A,TCGA-ZB-A96L-01A,1.0,0.0,0.0,0.0,0.0
2,94557678,-,2,132218704,+,THYM,2436,TCGA-ZB-A96L-01A,TCGA-ZB-A96L-01A,1.0,0.0,0.0,0.0,0.0
2,226210309,-,12,15587378,-,THYM,2437,TCGA-ZB-A96L-01A,TCGA-ZB-A96L-01A,1.0,0.0,0.0,0.0,0.0
2,226211006,+,12,15410607,+,THYM,2438,TCGA-ZB-A96L-01A,TCGA-ZB-A96L-01A,1.0,0.0,0.0,0.0,0.0
2,226211301,-,9,122837899,+,THYM,2439,TCGA-ZB-A96L-01A,TCGA-ZB-A96L-01A,1.0,0.0,0.0,0.0,0.0
2,226401482,+,12,15411683,-,THYM,2440,TCGA-ZB-A96L-01A,TCGA-ZB-A96L-01A,1.0,0.0,0.0,0.0,0.0
2,231444627,+,2,232669071,-,THYM,2441,TCGA-ZB-A96L-01A,TCGA-ZB-A96L-01A,1.0,0.0,0.0,0.0,0.0
2,233088587,+,2,238057200,+,THYM,2442,TCGA-ZB-A96L-01A,TCGA-ZB-A96L-01A,1.0,0.0,0.0,0.0,0.0
20,29926275,-,20,29953939,+,THYM,2443,TCGA-ZB-A96L-01A,TCGA-ZB-A96L-01A,1.0,0.0,0.0,0.0,0.0
21,12987120,+,21,12989024,-,THYM,2444,TCGA-ZB-A96L-01A,TCGA-ZB-A96L-01A,1.0,0.0,0.0,0.0,0.0
22,26690131,-,22,45265279,-,THYM,2445,TCGA-ZB-A96L-01A,TCGA-ZB-A96L-01A,1.0,0.0,0.0,0.0,0.0
22,26769146,+,22,50565021,-,THYM,2446,TCGA-ZB-A96L-01A,TCGA-ZB-A96L-01A,1.0,0.0,0.0,0.0,0.0
22,26769149,-,22,34593850,+,THYM,2447,TCGA-ZB-A96L-01A,TCGA-ZB-A96L-01A,1.0,0.0,0.0,0.0,0.0
22,26771588,+,22,27924131,+,THYM,2448,TCGA-ZB-A96L-01A,TCGA-ZB-A96L-01A,1.0,0.0,0.0,0.0,0.0
22,45265665,+,22,45910187,+,THYM,2449,TCGA-ZB-A96L-01A,TCGA-ZB-A96L-01A,1.0,0.0,0.0,0.0,0.0
3,48708763,-,17,61042008,-,THYM,2450,TCGA-ZB-A96L-01A,TCGA-ZB-A96L-01A,1.0,0.0,0.0,0.0,0.0
3,48710555,+,3,50404202,+,THYM,2451,TCGA-ZB-A96L-01A,TCGA-ZB-A96L-01A,1.0,0.0,0.0,0.0,0.0
3,48715026,-,3,50008235,-,THYM,2452,TCGA-ZB-A96L-01A,TCGA-ZB-A96L-01A,1.0,0.0,0.0,0.0,0.0
3,48716723,+,3,49970505,+,THYM,2453,TCGA-ZB-A96L-01A,TCGA-ZB-A96L-01A,1.0,0.0,0.0,0.0,0.0
3,48719538,+,3,81070985,+,THYM,2454,TCGA-ZB-A96L-01A,TCGA-ZB-A96L-01A,1.0,0.0,0.0,0.0,0.0
3,48784543,-,3,49325108,+,THYM,2455,TCGA-ZB-A96L-01A,TCGA-ZB-A96L-01A,1.0,0.0,0.0,0.0,0.0
3,48832944,+,19,2061664,+,THYM,2456,TCGA-ZB-A96L-01A,TCGA-ZB-A96L-01A,1.0,0.0,0.0,0.0,0.0
3,48842325,-,3,54399776,-,THYM,2457,TCGA-ZB-A96L-01A,TCGA-ZB-A96L-01A,1.0,0.0,0.0,0.0,0.0
3,49263771,+,3,54386043,+,THYM,2458,TCGA-ZB-A96L-01A,TCGA-ZB-A96L-01A,1.0,0.0,0.0,0.0,0.0
3,49263876,-,19,1458367,-,THYM,2459,TCGA-ZB-A96L-01A,TCGA-ZB-A96L-01A,1.0,0.0,0.0,0.0,0.0
3,49296624,+,3,58375094,+,THYM,2460,TCGA-ZB-A96L-01A,TCGA-ZB-A96L-01A,1.0,0.0,0.0,0.0,0.0
3,49297339,-,17,69062235,-,THYM,2461,TCGA-ZB-A96L-01A,TCGA-ZB-A96L-01A,1.0,0.0,0.0,0.0,0.0
3,49863421,-,3,50261287,-,THYM,2462,TCGA-ZB-A96L-01A,TCGA-ZB-A96L-01A,1.0,0.0,0.0,0.0,0.0
3,49863421,-,3,89411792,+,THYM,2463,TCGA-ZB-A96L-01A,TCGA-ZB-A96L-01A,1.0,0.0,0.0,0.0,0.0
3,49876407,-,19,1975162,-,THYM,2464,TCGA-ZB-A96L-01A,TCGA-ZB-A96L-01A,1.0,0.0,0.0,0.0,0.0
3,49921709,+,17,61432342,-,THYM,2465,TCGA-ZB-A96L-01A,TCGA-ZB-A96L-01A,1.0,0.0,0.0,0.0,0.0
3,49926845,-,17,51259044,+,THYM,2466,TCGA-ZB-A96L-01A,TCGA-ZB-A96L-01A,1.0,0.0,0.0,0.0,0.0
3,49942976,+,3,50816368,-,THYM,2467,TCGA-ZB-A96L-01A,TCGA-ZB-A96L-01A,1.0,0.0,0.0,0.0,0.0
3,49949305,-,17,69078499,-,THYM,2468,TCGA-ZB-A96L-01A,TCGA-ZB-A96L-01A,1.0,0.0,0.0,0.0,0.0
3,49954029,+,3,81870954,-,THYM,2469,TCGA-ZB-A96L-01A,TCGA-ZB-A96L-01A,1.0,0.0,0.0,0.0,0.0
3,49954586,-,3,81082178,-,THYM,2470,TCGA-ZB-A96L-01A,TCGA-ZB-A96L-01A,1.0,0.0,0.0,0.0,0.0
3,49996541,-,3,85424296,-,THYM,2471,TCGA-ZB-A96L-01A,TCGA-ZB-A96L-01A,1.0,0.0,0.0,0.0,0.0
3,49996541,-,3,89412459,+,THYM,2472,TCGA-ZB-A96L-01A,TCGA-ZB-A96L-01A,1.0,0.0,0.0,0.0,0.0
3,50008027,+,3,89116523,-,THYM,2473,TCGA-ZB-A96L-01A,TCGA-ZB-A96L-01A,1.0,0.0,0.0,0.0,0.0
3,50016001,+,3,50310041,+,THYM,2474,TCGA-ZB-A96L-01A,TCGA-ZB-A96L-01A,1.0,0.0,0.0,0.0,0.0
3,50017791,-,19,2062051,-,THYM,2475,TCGA-ZB-A96L-01A,TCGA-ZB-A96L-01A,1.0,0.0,0.0,0.0,0.0
3,50242126,+,17,68183522,+,THYM,2476,TCGA-ZB-A96L-01A,TCGA-ZB-A96L-01A,1.0,0.0,0.0,0.0,0.0
3,50242195,-,17,61430411,-,THYM,2477,TCGA-ZB-A96L-01A,TCGA-ZB-A96L-01A,1.0,0.0,0.0,0.0,0.0
3,50242668,+,3,50449200,+,THYM,2478,TCGA-ZB-A96L-01A,TCGA-ZB-A96L-01A,1.0,0.0,0.0,0.0,0.0
3,50242668,+,3,50556850,+,THYM,2479,TCGA-ZB-A96L-01A,TCGA-ZB-A96L-01A,1.0,0.0,0.0,0.0,0.0
3,50245058,-,19,2234143,+,THYM,2480,TCGA-ZB-A96L-01A,TCGA-ZB-A96L-01A,1.0,0.0,0.0,0.0,0.0
3,50255139,+,17,51196963,+,THYM,2481,TCGA-ZB-A96L-01A,TCGA-ZB-A96L-01A,1.0,0.0,0.0,0.0,0.0
3,50260538,-,17,61088597,-,THYM,2482,TCGA-ZB-A96L-01A,TCGA-ZB-A96L-01A,1.0,0.0,0.0,0.0,0.0
3,50260837,-,3,86425710,-,THYM,2483,TCGA-ZB-A96L-01A,TCGA-ZB-A96L-01A,1.0,0.0,0.0,0.0,0.0
3,50260972,+,3,50690074,-,THYM,2484,TCGA-ZB-A96L-01A,TCGA-ZB-A96L-01A,1.0,0.0,0.0,0.0,0.0
3,50261495,+,3,89411654,+,THYM,2485,TCGA-ZB-A96L-01A,TCGA-ZB-A96L-01A,1.0,0.0,0.0,0.0,0.0
3,50261758,-,3,50313088,-,THYM,2486,TCGA-ZB-A96L-01A,TCGA-ZB-A96L-01A,1.0,0.0,0.0,0.0,0.0
3,50309540,-,19,2337021,+,THYM,2487,TCGA-ZB-A96L-01A,TCGA-ZB-A96L-01A,1.0,0.0,0.0,0.0,0.0
3,50310069,-,3,89116059,+,THYM,2488,TCGA-ZB-A96L-01A,TCGA-ZB-A96L-01A,1.0,0.0,0.0,0.0,0.0
3,50406965,-,17,61454941,+,THYM,2489,TCGA-ZB-A96L-01A,TCGA-ZB-A96L-01A,1.0,0.0,0.0,0.0,0.0
3,50449200,+,3,50556650,-,THYM,2490,TCGA-ZB-A96L-01A,TCGA-ZB-A96L-01A,1.0,0.0,0.0,0.0,0.0
3,50452867,-,3,50557003,+,THYM,2491,TCGA-ZB-A96L-01A,TCGA-ZB-A96L-01A,1.0,0.0,0.0,0.0,0.0
3,50555372,+,3,50612791,+,THYM,2492,TCGA-ZB-A96L-01A,TCGA-ZB-A96L-01A,1.0,0.0,0.0,0.0,0.0
3,50556453,-,3,50760952,+,THYM,2493,TCGA-ZB-A96L-01A,TCGA-ZB-A96L-01A,1.0,0.0,0.0,0.0,0.0
3,50648909,-,17,61065904,+,THYM,2494,TCGA-ZB-A96L-01A,TCGA-ZB-A96L-01A,1.0,0.0,0.0,0.0,0.0
3,50689815,+,3,85343740,-,THYM,2495,TCGA-ZB-A96L-01A,TCGA-ZB-A96L-01A,1.0,0.0,0.0,0.0,0.0
3,50690075,-,3,86425711,-,THYM,2496,TCGA-ZB-A96L-01A,TCGA-ZB-A96L-01A,1.0,0.0,0.0,0.0,0.0
3,50690993,+,17,61430775,+,THYM,2497,TCGA-ZB-A96L-01A,TCGA-ZB-A96L-01A,1.0,0.0,0.0,0.0,0.0
3,50751711,-,3,89536672,+,THYM,2498,TCGA-ZB-A96L-01A,TCGA-ZB-A96L-01A,1.0,0.0,0.0,0.0,0.0
3,50762966,-,3,86444467,-,THYM,2499,TCGA-ZB-A96L-01A,TCGA-ZB-A96L-01A,1.0,0.0,0.0,0.0,0.0
3,50789878,+,3,89594520,-,THYM,2500,TCGA-ZB-A96L-01A,TCGA-ZB-A96L-01A,1.0,0.0,0.0,0.0,0.0
3,50806425,-,19,1995080,+,THYM,2501,TCGA-ZB-A96L-01A,TCGA-ZB-A96L-01A,1.0,0.0,0.0,0.0,0.0
3,50806527,+,3,89411351,-,THYM,2502,TCGA-ZB-A96L-01A,TCGA-ZB-A96L-01A,1.0,0.0,0.0,0.0,0.0
3,50807988,+,3,86513481,+,THYM,2503,TCGA-ZB-A96L-01A,TCGA-ZB-A96L-01A,1.0,0.0,0.0,0.0,0.0
3,50808617,-,3,89993890,-,THYM,2504,TCGA-ZB-A96L-01A,TCGA-ZB-A96L-01A,1.0,0.0,0.0,0.0,0.0
3,50811724,+,3,89437541,-,THYM,2505,TCGA-ZB-A96L-01A,TCGA-ZB-A96L-01A,1.0,0.0,0.0,0.0,0.0
3,50815331,-,19,1335635,-,THYM,2506,TCGA-ZB-A96L-01A,TCGA-ZB-A96L-01A,1.0,0.0,0.0,0.0,0.0
3,50816201,+,17,61086741,+,THYM,2507,TCGA-ZB-A96L-01A,TCGA-ZB-A96L-01A,1.0,0.0,0.0,0.0,0.0
3,51029332,+,19,4314916,+,THYM,2508,TCGA-ZB-A96L-01A,TCGA-ZB-A96L-01A,1.0,0.0,0.0,0.0,0.0
3,54373013,-,3,89946263,+,THYM,2509,TCGA-ZB-A96L-01A,TCGA-ZB-A96L-01A,1.0,0.0,0.0,0.0,0.0
3,54379211,+,19,1460193,+,THYM,2510,TCGA-ZB-A96L-01A,TCGA-ZB-A96L-01A,1.0,0.0,0.0,0.0,0.0
3,54379519,-,3,89152809,+,THYM,2511,TCGA-ZB-A96L-01A,TCGA-ZB-A96L-01A,1.0,0.0,0.0,0.0,0.0
3,76555419,+,4,106858947,-,THYM,2512,TCGA-ZB-A96L-01A,TCGA-ZB-A96L-01A,1.0,0.0,0.0,0.0,0.0
3,81040110,-,3,85424089,+,THYM,2513,TCGA-ZB-A96L-01A,TCGA-ZB-A96L-01A,1.0,0.0,0.0,0.0,0.0
3,81057835,+,3,86489120,-,THYM,2514,TCGA-ZB-A96L-01A,TCGA-ZB-A96L-01A,1.0,0.0,0.0,0.0,0.0
3,81059669,-,3,86670045,+,THYM,2515,TCGA-ZB-A96L-01A,TCGA-ZB-A96L-01A,1.0,0.0,0.0,0.0,0.0
3,81069740,-,19,223615,-,THYM,2516,TCGA-ZB-A96L-01A,TCGA-ZB-A96L-01A,1.0,0.0,0.0,0.0,0.0
3,81070615,-,3,89868601,-,THYM,2517,TCGA-ZB-A96L-01A,TCGA-ZB-A96L-01A,1.0,0.0,0.0,0.0,0.0
3,81081873,+,3,85402570,-,THYM,2518,TCGA-ZB-A96L-01A,TCGA-ZB-A96L-01A,1.0,0.0,0.0,0.0,0.0
3,81111508,+,17,51199053,-,THYM,2519,TCGA-ZB-A96L-01A,TCGA-ZB-A96L-01A,1.0,0.0,0.0,0.0,0.0
3,85400492,+,3,89572018,-,THYM,2520,TCGA-ZB-A96L-01A,TCGA-ZB-A96L-01A,1.0,0.0,0.0,0.0,0.0
3,85424367,+,3,89412492,+,THYM,2521,TCGA-ZB-A96L-01A,TCGA-ZB-A96L-01A,1.0,0.0,0.0,0.0,0.0
3,86422220,+,17,51259192,-,THYM,2522,TCGA-ZB-A96L-01A,TCGA-ZB-A96L-01A,1.0,0.0,0.0,0.0,0.0
3,86554281,+,3,89881259,+,THYM,2523,TCGA-ZB-A96L-01A,TCGA-ZB-A96L-01A,1.0,0.0,0.0,0.0,0.0
3,86554770,-,3,89016793,-,THYM,2524,TCGA-ZB-A96L-01A,TCGA-ZB-A96L-01A,1.0,0.0,0.0,0.0,0.0
3,86704773,+,3,89946441,-,THYM,2525,TCGA-ZB-A96L-01A,TCGA-ZB-A96L-01A,1.0,0.0,0.0,0.0,0.0
3,86729142,-,3,89587553,+,THYM,2526,TCGA-ZB-A96L-01A,TCGA-ZB-A96L-01A,1.0,0.0,0.0,0.0,0.0
3,86743593,+,17,68182699,-,THYM,2527,TCGA-ZB-A96L-01A,TCGA-ZB-A96L-01A,1.0,0.0,0.0,0.0,0.0
3,89018275,+,3,89906507,+,THYM,2528,TCGA-ZB-A96L-01A,TCGA-ZB-A96L-01A,1.0,0.0,0.0,0.0,0.0
3,89052808,-,17,69077496,+,THYM,2529,TCGA-ZB-A96L-01A,TCGA-ZB-A96L-01A,1.0,0.0,0.0,0.0,0.0
3,89071062,-,17,69012038,-,THYM,2530,TCGA-ZB-A96L-01A,TCGA-ZB-A96L-01A,1.0,0.0,0.0,0.0,0.0
3,89153677,-,3,89993181,+,THYM,2531,TCGA-ZB-A96L-01A,TCGA-ZB-A96L-01A,1.0,0.0,0.0,0.0,0.0
3,89411334,-,19,1995072,+,THYM,2532,TCGA-ZB-A96L-01A,TCGA-ZB-A96L-01A,1.0,0.0,0.0,0.0,0.0
3,89412633,-,19,282661,-,THYM,2533,TCGA-ZB-A96L-01A,TCGA-ZB-A96L-01A,1.0,0.0,0.0,0.0,0.0
3,89437339,+,17,69060538,+,THYM,2534,TCGA-ZB-A96L-01A,TCGA-ZB-A96L-01A,1.0,0.0,0.0,0.0,0.0
3,89587816,-,19,2034673,-,THYM,2535,TCGA-ZB-A96L-01A,TCGA-ZB-A96L-01A,1.0,0.0,0.0,0.0,0.0
3,89661867,+,19,485162,-,THYM,2536,TCGA-ZB-A96L-01A,TCGA-ZB-A96L-01A,1.0,0.0,0.0,0.0,0.0
3,89894935,-,17,61057975,-,THYM,2537,TCGA-ZB-A96L-01A,TCGA-ZB-A96L-01A,1.0,0.0,0.0,0.0,0.0
3,89906636,-,19,2239758,-,THYM,2538,TCGA-ZB-A96L-01A,TCGA-ZB-A96L-01A,1.0,0.0,0.0,0.0,0.0
3,89987034,-,17,61085860,-,THYM,2539,TCGA-ZB-A96L-01A,TCGA-ZB-A96L-01A,1.0,0.0,0.0,0.0,0.0
3,132725285,-,18,3111095,+,THYM,2540,TCGA-ZB-A96L-01A,TCGA-ZB-A96L-01A,1.0,0.0,0.0,0.0,0.0
4,1550321,+,5,50921540,+,THYM,2541,TCGA-ZB-A96L-01A,TCGA-ZB-A96L-01A,1.0,0.0,0.0,0.0,0.0
4,39973273,-,23,74583336,+,THYM,2542,TCGA-ZB-A96L-01A,TCGA-ZB-A96L-01A,1.0,0.0,0.0,0.0,0.0
4,51595151,+,4,51602110,-,THYM,2543,TCGA-ZB-A96L-01A,TCGA-ZB-A96L-01A,1.0,0.0,0.0,0.0,0.0
5,49754958,-,5,49856789,+,THYM,2544,TCGA-ZB-A96L-01A,TCGA-ZB-A96L-01A,1.0,0.0,0.0,0.0,0.0
5,49806643,-,5,49850895,+,THYM,2545,TCGA-ZB-A96L-01A,TCGA-ZB-A96L-01A,1.0,0.0,0.0,0.0,0.0
5,49881094,-,5,49929568,+,THYM,2546,TCGA-ZB-A96L-01A,TCGA-ZB-A96L-01A,1.0,0.0,0.0,0.0,0.0
5,55332052,-,11,57742152,-,THYM,2547,TCGA-ZB-A96L-01A,TCGA-ZB-A96L-01A,1.0,0.0,0.0,0.0,0.0
5,55332099,+,11,57743117,+,THYM,2548,TCGA-ZB-A96L-01A,TCGA-ZB-A96L-01A,1.0,0.0,0.0,0.0,0.0
6,163482498,-,15,86013478,+,THYM,2549,TCGA-ZB-A96L-01A,TCGA-ZB-A96L-01A,1.0,0.0,0.0,0.0,0.0
8,106452703,-,9,137243503,-,THYM,2550,TCGA-ZB-A96L-01A,TCGA-ZB-A96L-01A,1.0,0.0,0.0,0.0,0.0
8,117374305,+,8,117624488,-,THYM,2551,TCGA-ZB-A96L-01A,TCGA-ZB-A96L-01A,1.0,0.0,0.0,0.0,0.0
8,118879184,+,8,122477373,+,THYM,2552,TCGA-ZB-A96L-01A,TCGA-ZB-A96L-01A,1.0,0.0,0.0,0.0,0.0
8,120057364,-,8,130934880,+,THYM,2553,TCGA-ZB-A96L-01A,TCGA-ZB-A96L-01A,1.0,0.0,0.0,0.0,0.0
8,122831299,-,8,132339633,-,THYM,2554,TCGA-ZB-A96L-01A,TCGA-ZB-A96L-01A,1.0,0.0,0.0,0.0,0.0
8,133939502,-,22,26689701,+,THYM,2555,TCGA-ZB-A96L-01A,TCGA-ZB-A96L-01A,1.0,0.0,0.0,0.0,0.0
8,133948040,+,22,32672242,-,THYM,2556,TCGA-ZB-A96L-01A,TCGA-ZB-A96L-01A,1.0,0.0,0.0,0.0,0.0
9,21553894,+,9,23240633,-,THYM,2557,TCGA-ZB-A96L-01A,TCGA-ZB-A96L-01A,1.0,0.0,0.0,0.0,0.0
9,22627719,-,13,102651685,-,THYM,2558,TCGA-ZB-A96L-01A,TCGA-ZB-A96L-01A,1.0,0.0,0.0,0.0,0.0
9,30004608,-,19,13089670,+,THYM,2559,TCGA-ZB-A96L-01A,TCGA-ZB-A96L-01A,1.0,0.0,0.0,0.0,0.0
9,32733756,-,9,38137572,-,THYM,2560,TCGA-ZB-A96L-01A,TCGA-ZB-A96L-01A,1.0,0.0,0.0,0.0,0.0
9,36783967,-,9,36919012,-,THYM,2561,TCGA-ZB-A96L-01A,TCGA-ZB-A96L-01A,1.0,0.0,0.0,0.0,0.0
9,36792203,+,9,36936780,+,THYM,2562,TCGA-ZB-A96L-01A,TCGA-ZB-A96L-01A,1.0,0.0,0.0,0.0,0.0
9,36933542,-,9,41436212,+,THYM,2563,TCGA-ZB-A96L-01A,TCGA-ZB-A96L-01A,1.0,0.0,0.0,0.0,0.0
9,38139765,+,19,23132917,+,THYM,2564,TCGA-ZB-A96L-01A,TCGA-ZB-A96L-01A,1.0,0.0,0.0,0.0,0.0
9,41057769,-,19,14681080,+,THYM,2565,TCGA-ZB-A96L-01A,TCGA-ZB-A96L-01A,1.0,0.0,0.0,0.0,0.0
9,122843495,-,12,15561082,+,THYM,2566,TCGA-ZB-A96L-01A,TCGA-ZB-A96L-01A,1.0,0.0,0.0,0.0,0.0
9,125374678,+,9,126091917,-,THYM,2567,TCGA-ZB-A96L-01A,TCGA-ZB-A96L-01A,1.0,0.0,0.0,0.0,0.0
9,125393902,-,13,102631603,-,THYM,2568,TCGA-ZB-A96L-01A,TCGA-ZB-A96L-01A,1.0,0.0,0.0,0.0,0.0
9,125397693,+,9,126119524,-,THYM,2569,TCGA-ZB-A96L-01A,TCGA-ZB-A96L-01A,1.0,0.0,0.0,0.0,0.0
9,125405672,-,18,77678771,+,THYM,2570,TCGA-ZB-A96L-01A,TCGA-ZB-A96L-01A,1.0,0.0,0.0,0.0,0.0
9,126169901,-,18,78719741,-,THYM,2571,TCGA-ZB-A96L-01A,TCGA-ZB-A96L-01A,1.0,0.0,0.0,0.0,0.0
23,133772080,+,23,133828881,-,THYM,2572,TCGA-ZB-A96L-01A,TCGA-ZB-A96L-01A,1.0,0.0,0.0,0.0,0.0
1,123260900,-,1,123261413,+,THYM,2573,TCGA-ZB-A96M-01A,TCGA-ZB-A96M-01A,1.0,0.0,0.0,0.0,0.0
12,32652392,-,18,43397706,-,THYM,2574,TCGA-ZB-A96M-01A,TCGA-ZB-A96M-01A,1.0,0.0,0.0,0.0,0.0
14,102095063,+,16,1872032,+,THYM,2575,TCGA-ZB-A96M-01A,TCGA-ZB-A96M-01A,1.0,0.0,0.0,0.0,0.0
15,24243627,-,15,24384027,+,THYM,2576,TCGA-ZB-A96M-01A,TCGA-ZB-A96M-01A,1.0,0.0,0.0,0.0,0.0
15,24247525,+,15,24388041,-,THYM,2577,TCGA-ZB-A96M-01A,TCGA-ZB-A96M-01A,1.0,0.0,0.0,0.0,0.0
17,23051817,+,17,23122056,-,THYM,2578,TCGA-ZB-A96M-01A,TCGA-ZB-A96M-01A,1.0,0.0,0.0,0.0,0.0
2,95998156,+,2,97596299,-,THYM,2579,TCGA-ZB-A96M-01A,TCGA-ZB-A96M-01A,1.0,0.0,0.0,0.0,0.0
7,61431314,+,7,61472318,-,THYM,2580,TCGA-ZB-A96M-01A,TCGA-ZB-A96M-01A,1.0,0.0,0.0,0.0,0.0
1,84496628,-,1,84502327,-,THYM,2581,TCGA-ZB-A96O-01A,TCGA-ZB-A96O-01A,1.0,0.0,0.0,0.0,0.0
1,122173007,-,1,122191467,+,THYM,2582,TCGA-ZB-A96O-01A,TCGA-ZB-A96O-01A,1.0,0.0,0.0,0.0,0.0
1,123553225,+,1,124194806,-,THYM,2583,TCGA-ZB-A96O-01A,TCGA-ZB-A96O-01A,1.0,0.0,0.0,0.0,0.0
10,38008163,+,10,108040046,+,THYM,2584,TCGA-ZB-A96O-01A,TCGA-ZB-A96O-01A,1.0,0.0,0.0,0.0,0.0
11,52749711,+,11,53225247,-,THYM,2585,TCGA-ZB-A96O-01A,TCGA-ZB-A96O-01A,1.0,0.0,0.0,0.0,0.0
17,22913452,-,17,23193058,+,THYM,2586,TCGA-ZB-A96O-01A,TCGA-ZB-A96O-01A,1.0,0.0,0.0,0.0,0.0
18,15470433,-,18,15686715,+,THYM,2587,TCGA-ZB-A96O-01A,TCGA-ZB-A96O-01A,1.0,0.0,0.0,0.0,0.0
18,15624666,+,18,15679242,-,THYM,2588,TCGA-ZB-A96O-01A,TCGA-ZB-A96O-01A,1.0,0.0,0.0,0.0,0.0
2,76365983,-,14,31931593,+,THYM,2589,TCGA-ZB-A96O-01A,TCGA-ZB-A96O-01A,1.0,0.0,0.0,0.0,0.0
2,94557678,-,2,132218879,+,THYM,2590,TCGA-ZB-A96O-01A,TCGA-ZB-A96O-01A,1.0,0.0,0.0,0.0,0.0
2,132220164,+,9,43191886,-,THYM,2591,TCGA-ZB-A96O-01A,TCGA-ZB-A96O-01A,1.0,0.0,0.0,0.0,0.0
20,26545105,-,20,26577185,+,THYM,2592,TCGA-ZB-A96O-01A,TCGA-ZB-A96O-01A,1.0,0.0,0.0,0.0,0.0
20,26627552,+,20,28486950,-,THYM,2593,TCGA-ZB-A96O-01A,TCGA-ZB-A96O-01A,1.0,0.0,0.0,0.0,0.0
5,46433954,+,5,46567923,+,THYM,2594,TCGA-ZB-A96O-01A,TCGA-ZB-A96O-01A,1.0,0.0,0.0,0.0,0.0
8,135769996,-,8,137411136,+,THYM,2595,TCGA-ZB-A96O-01A,TCGA-ZB-A96O-01A,1.0,0.0,0.0,0.0,0.0
9,42418932,+,9,62680113,+,THYM,2596,TCGA-ZB-A96O-01A,TCGA-ZB-A96O-01A,1.0,0.0,0.0,0.0,0.0
1,11218139,-,2,36290656,-,THYM,2597,TCGA-ZB-A96P-01A,TCGA-ZB-A96P-01A,1.0,0.0,0.0,0.0,0.0
1,77367806,-,14,88797090,+,THYM,2598,TCGA-ZB-A96P-01A,TCGA-ZB-A96P-01A,1.0,0.0,0.0,0.0,0.0
1,123257153,-,1,123257869,+,THYM,2599,TCGA-ZB-A96P-01A,TCGA-ZB-A96P-01A,1.0,0.0,0.0,0.0,0.0
1,188803467,+,1,243928302,-,THYM,2600,TCGA-ZB-A96P-01A,TCGA-ZB-A96P-01A,1.0,0.0,0.0,0.0,0.0
11,51404123,-,11,54224427,+,THYM,2601,TCGA-ZB-A96P-01A,TCGA-ZB-A96P-01A,1.0,0.0,0.0,0.0,0.0
11,95186195,-,19,42999031,-,THYM,2602,TCGA-ZB-A96P-01A,TCGA-ZB-A96P-01A,1.0,0.0,0.0,0.0,0.0
15,20182617,+,15,21189169,-,THYM,2603,TCGA-ZB-A96P-01A,TCGA-ZB-A96P-01A,1.0,0.0,0.0,0.0,0.0
16,36337139,+,16,38254888,+,THYM,2604,TCGA-ZB-A96P-01A,TCGA-ZB-A96P-01A,1.0,0.0,0.0,0.0,0.0
16,37725513,-,16,37915650,+,THYM,2605,TCGA-ZB-A96P-01A,TCGA-ZB-A96P-01A,1.0,0.0,0.0,0.0,0.0
2,92308751,-,2,93108589,+,THYM,2606,TCGA-ZB-A96P-01A,TCGA-ZB-A96P-01A,1.0,0.0,0.0,0.0,0.0
20,29742550,+,22,11631289,+,THYM,2607,TCGA-ZB-A96P-01A,TCGA-ZB-A96P-01A,1.0,0.0,0.0,0.0,0.0
22,23344747,-,22,24675056,+,THYM,2608,TCGA-ZB-A96P-01A,TCGA-ZB-A96P-01A,1.0,0.0,0.0,0.0,0.0
3,6927465,-,4,78632245,-,THYM,2609,TCGA-ZB-A96P-01A,TCGA-ZB-A96P-01A,1.0,0.0,0.0,0.0,0.0
3,90776551,-,3,91159698,+,THYM,2610,TCGA-ZB-A96P-01A,TCGA-ZB-A96P-01A,1.0,0.0,0.0,0.0,0.0
3,91042674,-,3,91223785,+,THYM,2611,TCGA-ZB-A96P-01A,TCGA-ZB-A96P-01A,1.0,0.0,0.0,0.0,0.0
4,92587141,+,5,116212497,-,THYM,2612,TCGA-ZB-A96P-01A,TCGA-ZB-A96P-01A,1.0,0.0,0.0,0.0,0.0
5,46527027,+,5,46539245,+,THYM,2613,TCGA-ZB-A96P-01A,TCGA-ZB-A96P-01A,1.0,0.0,0.0,0.0,0.0
5,49927159,+,5,50030944,-,THYM,2614,TCGA-ZB-A96P-01A,TCGA-ZB-A96P-01A,1.0,0.0,0.0,0.0,0.0
7,61430724,-,7,61449906,+,THYM,2615,TCGA-ZB-A96P-01A,TCGA-ZB-A96P-01A,1.0,0.0,0.0,0.0,0.0
8,45427749,+,8,45946213,-,THYM,2616,TCGA-ZB-A96P-01A,TCGA-ZB-A96P-01A,1.0,0.0,0.0,0.0,0.0
9,62468329,-,22,16400642,-,THYM,2617,TCGA-ZB-A96P-01A,TCGA-ZB-A96P-01A,1.0,0.0,0.0,0.0,0.0
23,28892343,+,23,28898022,-,THYM,2618,TCGA-ZB-A96P-01A,TCGA-ZB-A96P-01A,1.0,0.0,0.0,0.0,0.0
10,45735400,-,10,50076357,+,THYM,2619,TCGA-ZB-A96Q-01A,TCGA-ZB-A96Q-01A,1.0,0.0,0.0,0.0,0.0
12,54079819,+,20,30287856,-,THYM,2620,TCGA-ZB-A96Q-01A,TCGA-ZB-A96Q-01A,1.0,0.0,0.0,0.0,0.0
13,80104513,+,19,32954828,-,THYM,2621,TCGA-ZB-A96Q-01A,TCGA-ZB-A96Q-01A,1.0,0.0,0.0,0.0,0.0
15,72687134,+,18,21428710,-,THYM,2622,TCGA-ZB-A96Q-01A,TCGA-ZB-A96Q-01A,1.0,0.0,0.0,0.0,0.0
19,49031121,+,19,49056089,+,THYM,2623,TCGA-ZB-A96Q-01A,TCGA-ZB-A96Q-01A,1.0,0.0,0.0,0.0,0.0
2,93030025,-,2,93613320,+,THYM,2624,TCGA-ZB-A96Q-01A,TCGA-ZB-A96Q-01A,1.0,0.0,0.0,0.0,0.0
4,65574655,-,7,99507531,-,THYM,2625,TCGA-ZB-A96Q-01A,TCGA-ZB-A96Q-01A,1.0,0.0,0.0,0.0,0.0
5,49671664,+,5,49694638,-,THYM,2626,TCGA-ZB-A96Q-01A,TCGA-ZB-A96Q-01A,1.0,0.0,0.0,0.0,0.0
5,49888896,-,5,49988261,+,THYM,2627,TCGA-ZB-A96Q-01A,TCGA-ZB-A96Q-01A,1.0,0.0,0.0,0.0,0.0
6,59268428,-,6,59778933,+,THYM,2628,TCGA-ZB-A96Q-01A,TCGA-ZB-A96Q-01A,1.0,0.0,0.0,0.0,0.0
9,43399650,-,9,43400263,+,THYM,2629,TCGA-ZB-A96Q-01A,TCGA-ZB-A96Q-01A,1.0,0.0,0.0,0.0,0.0
1,122201194,+,1,122210669,-,THYM,2630,TCGA-ZB-A96R-01A,TCGA-ZB-A96R-01A,1.0,0.0,0.0,0.0,0.0
1,123246022,-,1,123246650,+,THYM,2631,TCGA-ZB-A96R-01A,TCGA-ZB-A96R-01A,1.0,0.0,0.0,0.0,0.0
13,16000258,-,13,16017060,+,THYM,2632,TCGA-ZB-A96R-01A,TCGA-ZB-A96R-01A,1.0,0.0,0.0,0.0,0.0
13,16048151,-,13,16090285,+,THYM,2633,TCGA-ZB-A96R-01A,TCGA-ZB-A96R-01A,1.0,0.0,0.0,0.0,0.0
13,16617432,+,13,17314647,-,THYM,2634,TCGA-ZB-A96R-01A,TCGA-ZB-A96R-01A,1.0,0.0,0.0,0.0,0.0
13,16700963,-,13,17113719,+,THYM,2635,TCGA-ZB-A96R-01A,TCGA-ZB-A96R-01A,1.0,0.0,0.0,0.0,0.0
13,16802362,-,13,16894954,+,THYM,2636,TCGA-ZB-A96R-01A,TCGA-ZB-A96R-01A,1.0,0.0,0.0,0.0,0.0
13,22162901,-,13,27214946,-,THYM,2637,TCGA-ZB-A96R-01A,TCGA-ZB-A96R-01A,1.0,0.0,0.0,0.0,0.0
13,22174671,+,13,22193255,+,THYM,2638,TCGA-ZB-A96R-01A,TCGA-ZB-A96R-01A,1.0,0.0,0.0,0.0,0.0
13,26795489,+,13,26796771,-,THYM,2639,TCGA-ZB-A96R-01A,TCGA-ZB-A96R-01A,1.0,0.0,0.0,0.0,0.0
13,28155211,-,13,29496602,+,THYM,2640,TCGA-ZB-A96R-01A,TCGA-ZB-A96R-01A,1.0,0.0,0.0,0.0,0.0
13,29088553,+,13,29476513,-,THYM,2641,TCGA-ZB-A96R-01A,TCGA-ZB-A96R-01A,1.0,0.0,0.0,0.0,0.0
14,16124732,+,20,28757851,-,THYM,2642,TCGA-ZB-A96R-01A,TCGA-ZB-A96R-01A,1.0,0.0,0.0,0.0,0.0
2,95998156,+,2,97596308,-,THYM,2643,TCGA-ZB-A96R-01A,TCGA-ZB-A96R-01A,1.0,0.0,0.0,0.0,0.0
20,29917644,+,20,30024497,-,THYM,2644,TCGA-ZB-A96R-01A,TCGA-ZB-A96R-01A,1.0,0.0,0.0,0.0,0.0
3,91247195,-,3,91277206,-,THYM,2645,TCGA-ZB-A96R-01A,TCGA-ZB-A96R-01A,1.0,0.0,0.0,0.0,0.0
3,91579455,+,3,93232966,-,THYM,2646,TCGA-ZB-A96R-01A,TCGA-ZB-A96R-01A,1.0,0.0,0.0,0.0,0.0
5,46927469,+,5,47069026,+,THYM,2647,TCGA-ZB-A96R-01A,TCGA-ZB-A96R-01A,1.0,0.0,0.0,0.0,0.0
5,47026988,-,5,47048603,+,THYM,2648,TCGA-ZB-A96R-01A,TCGA-ZB-A96R-01A,1.0,0.0,0.0,0.0,0.0
5,49759480,+,5,49938154,-,THYM,2649,TCGA-ZB-A96R-01A,TCGA-ZB-A96R-01A,1.0,0.0,0.0,0.0,0.0
6,38621969,-,13,33760932,+,THYM,2650,TCGA-ZB-A96R-01A,TCGA-ZB-A96R-01A,1.0,0.0,0.0,0.0,0.0
6,38629490,-,13,30881196,-,THYM,2651,TCGA-ZB-A96R-01A,TCGA-ZB-A96R-01A,1.0,0.0,0.0,0.0,0.0
6,43488304,+,13,33755918,-,THYM,2652,TCGA-ZB-A96R-01A,TCGA-ZB-A96R-01A,1.0,0.0,0.0,0.0,0.0
6,43492353,-,13,29502851,+,THYM,2653,TCGA-ZB-A96R-01A,TCGA-ZB-A96R-01A,1.0,0.0,0.0,0.0,0.0
6,43496089,+,6,44921639,+,THYM,2654,TCGA-ZB-A96R-01A,TCGA-ZB-A96R-01A,1.0,0.0,0.0,0.0,0.0
6,43507913,-,13,22173799,-,THYM,2655,TCGA-ZB-A96R-01A,TCGA-ZB-A96R-01A,1.0,0.0,0.0,0.0,0.0
6,48291092,-,6,52412052,-,THYM,2656,TCGA-ZB-A96R-01A,TCGA-ZB-A96R-01A,1.0,0.0,0.0,0.0,0.0
6,49886796,+,13,34189733,-,THYM,2657,TCGA-ZB-A96R-01A,TCGA-ZB-A96R-01A,1.0,0.0,0.0,0.0,0.0
6,49889531,-,13,34400271,+,THYM,2658,TCGA-ZB-A96R-01A,TCGA-ZB-A96R-01A,1.0,0.0,0.0,0.0,0.0
6,52467888,-,6,55650820,+,THYM,2659,TCGA-ZB-A96R-01A,TCGA-ZB-A96R-01A,1.0,0.0,0.0,0.0,0.0
7,38256391,+,7,38362854,-,THYM,2660,TCGA-ZB-A96R-01A,TCGA-ZB-A96R-01A,1.0,0.0,0.0,0.0,0.0
8,121970139,-,11,34877888,+,THYM,2661,TCGA-ZB-A96R-01A,TCGA-ZB-A96R-01A,1.0,0.0,0.0,0.0,0.0
9,40545631,-,9,43176057,+,THYM,2662,TCGA-ZB-A96R-01A,TCGA-ZB-A96R-01A,1.0,0.0,0.0,0.0,0.0
9,44514356,+,9,44804081,-,THYM,2663,TCGA-ZB-A96R-01A,TCGA-ZB-A96R-01A,1.0,0.0,0.0,0.0,0.0
23,43312142,-,23,47092404,-,THYM,2664,TCGA-ZB-A96R-01A,TCGA-ZB-A96R-01A,1.0,0.0,0.0,0.0,0.0
1,89133300,-,1,89186387,+,THYM,2665,TCGA-ZB-A96V-01A,TCGA-ZB-A96V-01A,1.0,0.0,0.0,0.0,0.0
1,124114335,-,1,124114879,+,THYM,2666,TCGA-ZB-A96V-01A,TCGA-ZB-A96V-01A,1.0,0.0,0.0,0.0,0.0
11,12296872,+,11,12944217,-,THYM,2667,TCGA-ZB-A96V-01A,TCGA-ZB-A96V-01A,1.0,0.0,0.0,0.0,0.0
11,54347368,-,11,54405692,+,THYM,2668,TCGA-ZB-A96V-01A,TCGA-ZB-A96V-01A,1.0,0.0,0.0,0.0,0.0
13,18627890,+,18,14431966,+,THYM,2669,TCGA-ZB-A96V-01A,TCGA-ZB-A96V-01A,1.0,0.0,0.0,0.0,0.0
18,15636651,+,18,15745408,-,THYM,2670,TCGA-ZB-A96V-01A,TCGA-ZB-A96V-01A,1.0,0.0,0.0,0.0,0.0
18,16550734,-,18,16551417,+,THYM,2671,TCGA-ZB-A96V-01A,TCGA-ZB-A96V-01A,1.0,0.0,0.0,0.0,0.0
2,190658936,+,2,190874132,-,THYM,2672,TCGA-ZB-A96V-01A,TCGA-ZB-A96V-01A,1.0,0.0,0.0,0.0,0.0
2,190658936,+,2,190874184,+,THYM,2673,TCGA-ZB-A96V-01A,TCGA-ZB-A96V-01A,1.0,0.0,0.0,0.0,0.0
2,190874077,-,2,190874166,-,THYM,2674,TCGA-ZB-A96V-01A,TCGA-ZB-A96V-01A,1.0,0.0,0.0,0.0,0.0
20,1653705,-,20,1746439,+,THYM,2675,TCGA-ZB-A96V-01A,TCGA-ZB-A96V-01A,1.0,0.0,0.0,0.0,0.0
20,14959990,+,20,15248392,-,THYM,2676,TCGA-ZB-A96V-01A,TCGA-ZB-A96V-01A,1.0,0.0,0.0,0.0,0.0
20,29564274,+,20,30320185,+,THYM,2677,TCGA-ZB-A96V-01A,TCGA-ZB-A96V-01A,1.0,0.0,0.0,0.0,0.0
3,90784833,-,3,91066785,+,THYM,2678,TCGA-ZB-A96V-01A,TCGA-ZB-A96V-01A,1.0,0.0,0.0,0.0,0.0
3,155814048,-,3,155945150,-,THYM,2679,TCGA-ZB-A96V-01A,TCGA-ZB-A96V-01A,1.0,0.0,0.0,0.0,0.0
3,157972227,-,5,18435504,+,THYM,2680,TCGA-ZB-A96V-01A,TCGA-ZB-A96V-01A,1.0,0.0,0.0,0.0,0.0
4,91575507,-,4,91744983,+,THYM,2681,TCGA-ZB-A96V-01A,TCGA-ZB-A96V-01A,1.0,0.0,0.0,0.0,0.0
5,26323723,-,9,20016388,+,THYM,2682,TCGA-ZB-A96V-01A,TCGA-ZB-A96V-01A,1.0,0.0,0.0,0.0,0.0
5,49892062,-,5,50033561,+,THYM,2683,TCGA-ZB-A96V-01A,TCGA-ZB-A96V-01A,1.0,0.0,0.0,0.0,0.0
8,3814620,+,8,3996024,-,THYM,2684,TCGA-ZB-A96V-01A,TCGA-ZB-A96V-01A,1.0,0.0,0.0,0.0,0.0
9,21716400,+,9,22945938,-,THYM,2685,TCGA-ZB-A96V-01A,TCGA-ZB-A96V-01A,1.0,0.0,0.0,0.0,0.0
1,13240701,-,1,13385078,+,THYM,2686,TCGA-ZC-AAAA-01A,TCGA-ZC-AAAA-01A,1.0,0.0,0.0,0.0,0.0
1,29418845,+,5,95738899,+,THYM,2687,TCGA-ZC-AAAA-01A,TCGA-ZC-AAAA-01A,1.0,0.0,0.0,0.0,0.0
1,163635878,-,3,7365648,-,THYM,2688,TCGA-ZC-AAAA-01A,TCGA-ZC-AAAA-01A,1.0,0.0,0.0,0.0,0.0
11,53415404,+,11,53928969,-,THYM,2689,TCGA-ZC-AAAA-01A,TCGA-ZC-AAAA-01A,1.0,0.0,0.0,0.0,0.0
11,54415933,+,11,54549211,-,THYM,2690,TCGA-ZC-AAAA-01A,TCGA-ZC-AAAA-01A,1.0,0.0,0.0,0.0,0.0
12,36337096,-,12,36612734,+,THYM,2691,TCGA-ZC-AAAA-01A,TCGA-ZC-AAAA-01A,1.0,0.0,0.0,0.0,0.0
17,23039983,+,17,23070960,-,THYM,2692,TCGA-ZC-AAAA-01A,TCGA-ZC-AAAA-01A,1.0,0.0,0.0,0.0,0.0
18,15691987,+,18,20640363,-,THYM,2693,TCGA-ZC-AAAA-01A,TCGA-ZC-AAAA-01A,1.0,0.0,0.0,0.0,0.0
18,72321132,+,18,72785578,-,THYM,2694,TCGA-ZC-AAAA-01A,TCGA-ZC-AAAA-01A,1.0,0.0,0.0,0.0,0.0
2,125894991,-,14,82675059,+,THYM,2695,TCGA-ZC-AAAA-01A,TCGA-ZC-AAAA-01A,1.0,0.0,0.0,0.0,0.0
3,90970792,+,3,91121160,-,THYM,2696,TCGA-ZC-AAAA-01A,TCGA-ZC-AAAA-01A,1.0,0.0,0.0,0.0,0.0
4,188179632,-,11,50163482,-,THYM,2697,TCGA-ZC-AAAA-01A,TCGA-ZC-AAAA-01A,1.0,0.0,0.0,0.0,0.0
5,49759149,+,5,49926834,-,THYM,2698,TCGA-ZC-AAAA-01A,TCGA-ZC-AAAA-01A,1.0,0.0,0.0,0.0,0.0
5,50032598,+,5,50036946,-,THYM,2699,TCGA-ZC-AAAA-01A,TCGA-ZC-AAAA-01A,1.0,0.0,0.0,0.0,0.0
6,57406047,+,6,60307632,-,THYM,2700,TCGA-ZC-AAAA-01A,TCGA-ZC-AAAA-01A,1.0,0.0,0.0,0.0,0.0
6,76021802,+,14,19777008,-,THYM,2701,TCGA-ZC-AAAA-01A,TCGA-ZC-AAAA-01A,1.0,0.0,0.0,0.0,0.0
7,19978107,+,12,89024435,+,THYM,2702,TCGA-ZC-AAAA-01A,TCGA-ZC-AAAA-01A,1.0,0.0,0.0,0.0,0.0
7,38400514,+,7,47874680,+,THYM,2703,TCGA-ZC-AAAA-01A,TCGA-ZC-AAAA-01A,1.0,0.0,0.0,0.0,0.0
1,216050577,-,6,89898223,+,THYM,2704,TCGA-ZT-A8OM-01A,TCGA-ZT-A8OM-01A,1.0,0.0,0.0,0.0,0.0
1,235226879,+,3,129137085,-,THYM,2705,TCGA-ZT-A8OM-01A,TCGA-ZT-A8OM-01A,1.0,0.0,0.0,0.0,0.0
10,90821971,+,11,42145997,+,THYM,2706,TCGA-ZT-A8OM-01A,TCGA-ZT-A8OM-01A,1.0,0.0,0.0,0.0,0.0
11,97883346,+,11,98123721,-,THYM,2707,TCGA-ZT-A8OM-01A,TCGA-ZT-A8OM-01A,1.0,0.0,0.0,0.0,0.0
12,36652263,-,12,37103968,+,THYM,2708,TCGA-ZT-A8OM-01A,TCGA-ZT-A8OM-01A,1.0,0.0,0.0,0.0,0.0
13,16298461,-,13,16734354,+,THYM,2709,TCGA-ZT-A8OM-01A,TCGA-ZT-A8OM-01A,1.0,0.0,0.0,0.0,0.0
13,16890674,-,13,17303592,+,THYM,2710,TCGA-ZT-A8OM-01A,TCGA-ZT-A8OM-01A,1.0,0.0,0.0,0.0,0.0
14,78115940,-,17,76584009,+,THYM,2711,TCGA-ZT-A8OM-01A,TCGA-ZT-A8OM-01A,1.0,0.0,0.0,0.0,0.0
18,15472624,-,18,15474326,+,THYM,2712,TCGA-ZT-A8OM-01A,TCGA-ZT-A8OM-01A,1.0,0.0,0.0,0.0,0.0
18,15558493,+,18,15704725,-,THYM,2713,TCGA-ZT-A8OM-01A,TCGA-ZT-A8OM-01A,1.0,0.0,0.0,0.0,0.0
2,55401540,+,6,128322681,+,THYM,2714,TCGA-ZT-A8OM-01A,TCGA-ZT-A8OM-01A,1.0,0.0,0.0,0.0,0.0
2,106412300,-,2,107883646,-,THYM,2715,TCGA-ZT-A8OM-01A,TCGA-ZT-A8OM-01A,1.0,0.0,0.0,0.0,0.0
2,214751067,-,5,104222611,+,THYM,2716,TCGA-ZT-A8OM-01A,TCGA-ZT-A8OM-01A,1.0,0.0,0.0,0.0,0.0
20,29161107,-,20,29193741,+,THYM,2717,TCGA-ZT-A8OM-01A,TCGA-ZT-A8OM-01A,1.0,0.0,0.0,0.0,0.0
20,30010639,-,20,30014751,+,THYM,2718,TCGA-ZT-A8OM-01A,TCGA-ZT-A8OM-01A,1.0,0.0,0.0,0.0,0.0
3,91152778,+,3,91222448,-,THYM,2719,TCGA-ZT-A8OM-01A,TCGA-ZT-A8OM-01A,1.0,0.0,0.0,0.0,0.0
4,26757817,+,12,7203181,+,THYM,2720,TCGA-ZT-A8OM-01A,TCGA-ZT-A8OM-01A,1.0,0.0,0.0,0.0,0.0
5,46556835,-,19,24330412,-,THYM,2721,TCGA-ZT-A8OM-01A,TCGA-ZT-A8OM-01A,1.0,0.0,0.0,0.0,0.0
5,47256264,-,19,24908188,+,THYM,2722,TCGA-ZT-A8OM-01A,TCGA-ZT-A8OM-01A,1.0,0.0,0.0,0.0,0.0
5,86468184,+,23,142916340,-,THYM,2723,TCGA-ZT-A8OM-01A,TCGA-ZT-A8OM-01A,1.0,0.0,0.0,0.0,0.0
6,57345507,+,6,60247285,-,THYM,2724,TCGA-ZT-A8OM-01A,TCGA-ZT-A8OM-01A,1.0,0.0,0.0,0.0,0.0
7,38253432,+,7,38362864,-,THYM,2725,TCGA-ZT-A8OM-01A,TCGA-ZT-A8OM-01A,1.0,0.0,0.0,0.0,0.0
9,43743756,-,9,43744379,+,THYM,2726,TCGA-ZT-A8OM-01A,TCGA-ZT-A8OM-01A,1.0,0.0,0.0,0.0,0.0
