seqnames,start,strand,altchr,altpos,altstrand,dcc_project_code,sv_id,sid,donor_unique_id,weights,topo,topo_n,mech,homseq
1,81649090,-,1,83244991,+,UVM,0,TCGA-RZ-AB0B-01A,TCGA-RZ-AB0B-01A,1.0,0.0,0.0,0.0,0.0
1,124980135,+,1,124994403,-,UVM,1,TCGA-RZ-AB0B-01A,TCGA-RZ-AB0B-01A,1.0,0.0,0.0,0.0,0.0
1,222489926,-,1,223962372,+,UVM,2,TCGA-RZ-AB0B-01A,TCGA-RZ-AB0B-01A,1.0,0.0,0.0,0.0,0.0
1,237473462,+,4,133581543,-,UVM,3,TCGA-RZ-AB0B-01A,TCGA-RZ-AB0B-01A,1.0,0.0,0.0,0.0,0.0
11,47642210,-,14,68794790,-,UVM,4,TCGA-RZ-AB0B-01A,TCGA-RZ-AB0B-01A,1.0,0.0,0.0,0.0,0.0
11,52487997,+,11,52895205,-,UVM,5,TCGA-RZ-AB0B-01A,TCGA-RZ-AB0B-01A,1.0,0.0,0.0,0.0,0.0
11,54396739,-,11,54419283,+,UVM,6,TCGA-RZ-AB0B-01A,TCGA-RZ-AB0B-01A,1.0,0.0,0.0,0.0,0.0
12,36405110,-,12,37062645,+,UVM,7,TCGA-RZ-AB0B-01A,TCGA-RZ-AB0B-01A,1.0,0.0,0.0,0.0,0.0
13,18746358,-,20,30632622,+,UVM,8,TCGA-RZ-AB0B-01A,TCGA-RZ-AB0B-01A,1.0,0.0,0.0,0.0,0.0
14,16129885,-,22,12418202,-,UVM,9,TCGA-RZ-AB0B-01A,TCGA-RZ-AB0B-01A,1.0,0.0,0.0,0.0,0.0
15,24243619,-,15,24384029,+,UVM,10,TCGA-RZ-AB0B-01A,TCGA-RZ-AB0B-01A,1.0,0.0,0.0,0.0,0.0
18,15731761,+,18,15743591,-,UVM,11,TCGA-RZ-AB0B-01A,TCGA-RZ-AB0B-01A,1.0,0.0,0.0,0.0,0.0
18,27149207,-,18,27159042,+,UVM,12,TCGA-RZ-AB0B-01A,TCGA-RZ-AB0B-01A,1.0,0.0,0.0,0.0,0.0
2,91917954,+,24,11372937,-,UVM,13,TCGA-RZ-AB0B-01A,TCGA-RZ-AB0B-01A,1.0,0.0,0.0,0.0,0.0
2,94556248,-,2,132220012,-,UVM,14,TCGA-RZ-AB0B-01A,TCGA-RZ-AB0B-01A,1.0,0.0,0.0,0.0,0.0
2,114110542,+,13,93510996,+,UVM,15,TCGA-RZ-AB0B-01A,TCGA-RZ-AB0B-01A,1.0,0.0,0.0,0.0,0.0
3,105182622,+,6,29951486,+,UVM,16,TCGA-RZ-AB0B-01A,TCGA-RZ-AB0B-01A,1.0,0.0,0.0,0.0,0.0
4,108304122,+,14,46370114,+,UVM,17,TCGA-RZ-AB0B-01A,TCGA-RZ-AB0B-01A,1.0,0.0,0.0,0.0,0.0
5,47156895,+,5,47165241,-,UVM,18,TCGA-RZ-AB0B-01A,TCGA-RZ-AB0B-01A,1.0,0.0,0.0,0.0,0.0
6,43447070,-,8,40917114,+,UVM,19,TCGA-RZ-AB0B-01A,TCGA-RZ-AB0B-01A,1.0,0.0,0.0,0.0,0.0
6,59272300,+,6,59492544,-,UVM,20,TCGA-RZ-AB0B-01A,TCGA-RZ-AB0B-01A,1.0,0.0,0.0,0.0,0.0
7,61379652,-,7,61513841,+,UVM,21,TCGA-RZ-AB0B-01A,TCGA-RZ-AB0B-01A,1.0,0.0,0.0,0.0,0.0
7,61430759,-,7,61449909,+,UVM,22,TCGA-RZ-AB0B-01A,TCGA-RZ-AB0B-01A,1.0,0.0,0.0,0.0,0.0
7,61455619,-,7,61482939,+,UVM,23,TCGA-RZ-AB0B-01A,TCGA-RZ-AB0B-01A,1.0,0.0,0.0,0.0,0.0
8,79805346,+,23,108048015,+,UVM,24,TCGA-RZ-AB0B-01A,TCGA-RZ-AB0B-01A,1.0,0.0,0.0,0.0,0.0
9,40217313,-,9,42846539,+,UVM,25,TCGA-RZ-AB0B-01A,TCGA-RZ-AB0B-01A,1.0,0.0,0.0,0.0,0.0
1,124795660,+,1,124803355,-,UVM,26,TCGA-V3-A9ZX-01A,TCGA-V3-A9ZX-01A,1.0,0.0,0.0,0.0,0.0
10,38682676,-,24,11379759,+,UVM,27,TCGA-V3-A9ZX-01A,TCGA-V3-A9ZX-01A,1.0,0.0,0.0,0.0,0.0
10,74595392,+,18,33065861,-,UVM,28,TCGA-V3-A9ZX-01A,TCGA-V3-A9ZX-01A,1.0,0.0,0.0,0.0,0.0
11,52682281,+,11,52943363,-,UVM,29,TCGA-V3-A9ZX-01A,TCGA-V3-A9ZX-01A,1.0,0.0,0.0,0.0,0.0
11,54358171,+,11,54400115,-,UVM,30,TCGA-V3-A9ZX-01A,TCGA-V3-A9ZX-01A,1.0,0.0,0.0,0.0,0.0
12,36835478,+,12,36929838,-,UVM,31,TCGA-V3-A9ZX-01A,TCGA-V3-A9ZX-01A,1.0,0.0,0.0,0.0,0.0
13,16898475,-,13,17123192,+,UVM,32,TCGA-V3-A9ZX-01A,TCGA-V3-A9ZX-01A,1.0,0.0,0.0,0.0,0.0
13,74699504,+,13,75080462,+,UVM,33,TCGA-V3-A9ZX-01A,TCGA-V3-A9ZX-01A,1.0,0.0,0.0,0.0,0.0
13,74699591,-,13,75080267,-,UVM,34,TCGA-V3-A9ZX-01A,TCGA-V3-A9ZX-01A,1.0,0.0,0.0,0.0,0.0
2,94557678,-,2,132218879,+,UVM,35,TCGA-V3-A9ZX-01A,TCGA-V3-A9ZX-01A,1.0,0.0,0.0,0.0,0.0
3,54763880,+,15,98084855,-,UVM,36,TCGA-V3-A9ZX-01A,TCGA-V3-A9ZX-01A,1.0,0.0,0.0,0.0,0.0
5,66478404,-,10,50655506,+,UVM,37,TCGA-V3-A9ZX-01A,TCGA-V3-A9ZX-01A,1.0,0.0,0.0,0.0,0.0
5,166097199,+,5,166568659,-,UVM,38,TCGA-V3-A9ZX-01A,TCGA-V3-A9ZX-01A,1.0,0.0,0.0,0.0,0.0
5,167016059,+,5,167353068,-,UVM,39,TCGA-V3-A9ZX-01A,TCGA-V3-A9ZX-01A,1.0,0.0,0.0,0.0,0.0
6,15262512,+,6,125329602,+,UVM,40,TCGA-V3-A9ZX-01A,TCGA-V3-A9ZX-01A,1.0,0.0,0.0,0.0,0.0
6,31341618,-,14,59006319,-,UVM,41,TCGA-V3-A9ZX-01A,TCGA-V3-A9ZX-01A,1.0,0.0,0.0,0.0,0.0
6,125329325,-,10,50655288,-,UVM,42,TCGA-V3-A9ZX-01A,TCGA-V3-A9ZX-01A,1.0,0.0,0.0,0.0,0.0
6,125329325,-,10,50655372,+,UVM,43,TCGA-V3-A9ZX-01A,TCGA-V3-A9ZX-01A,1.0,0.0,0.0,0.0,0.0
7,56838328,+,7,63738786,+,UVM,44,TCGA-V3-A9ZX-01A,TCGA-V3-A9ZX-01A,1.0,0.0,0.0,0.0,0.0
7,78423916,+,7,78461333,-,UVM,45,TCGA-V3-A9ZX-01A,TCGA-V3-A9ZX-01A,1.0,0.0,0.0,0.0,0.0
8,45080666,-,8,45427523,+,UVM,46,TCGA-V3-A9ZX-01A,TCGA-V3-A9ZX-01A,1.0,0.0,0.0,0.0,0.0
1,79805471,+,3,98020017,+,UVM,47,TCGA-V3-A9ZY-01A,TCGA-V3-A9ZY-01A,1.0,0.0,0.0,0.0,0.0
1,124795656,+,1,124803374,-,UVM,48,TCGA-V3-A9ZY-01A,TCGA-V3-A9ZY-01A,1.0,0.0,0.0,0.0,0.0
1,199478487,-,9,28848057,+,UVM,49,TCGA-V3-A9ZY-01A,TCGA-V3-A9ZY-01A,1.0,0.0,0.0,0.0,0.0
10,39338164,+,10,39342001,-,UVM,50,TCGA-V3-A9ZY-01A,TCGA-V3-A9ZY-01A,1.0,0.0,0.0,0.0,0.0
11,54960895,+,23,58406497,-,UVM,51,TCGA-V3-A9ZY-01A,TCGA-V3-A9ZY-01A,1.0,0.0,0.0,0.0,0.0
12,36362189,+,12,36782019,-,UVM,52,TCGA-V3-A9ZY-01A,TCGA-V3-A9ZY-01A,1.0,0.0,0.0,0.0,0.0
20,28618107,+,20,30364338,+,UVM,53,TCGA-V3-A9ZY-01A,TCGA-V3-A9ZY-01A,1.0,0.0,0.0,0.0,0.0
3,57002513,+,17,69177974,-,UVM,54,TCGA-V3-A9ZY-01A,TCGA-V3-A9ZY-01A,1.0,0.0,0.0,0.0,0.0
3,64899710,-,4,136620031,-,UVM,55,TCGA-V3-A9ZY-01A,TCGA-V3-A9ZY-01A,1.0,0.0,0.0,0.0,0.0
3,89020310,+,17,71455872,-,UVM,56,TCGA-V3-A9ZY-01A,TCGA-V3-A9ZY-01A,1.0,0.0,0.0,0.0,0.0
6,141372488,-,16,65465997,+,UVM,57,TCGA-V3-A9ZY-01A,TCGA-V3-A9ZY-01A,1.0,0.0,0.0,0.0,0.0
7,152411277,+,22,10778127,-,UVM,58,TCGA-V3-A9ZY-01A,TCGA-V3-A9ZY-01A,1.0,0.0,0.0,0.0,0.0
1,36772624,+,5,26831057,+,UVM,59,TCGA-V4-A9E5-01A,TCGA-V4-A9E5-01A,1.0,0.0,0.0,0.0,0.0
1,123065830,+,1,123414655,-,UVM,60,TCGA-V4-A9E5-01A,TCGA-V4-A9E5-01A,1.0,0.0,0.0,0.0,0.0
11,54351402,+,11,54387196,-,UVM,61,TCGA-V4-A9E5-01A,TCGA-V4-A9E5-01A,1.0,0.0,0.0,0.0,0.0
13,16426976,-,13,16734454,+,UVM,62,TCGA-V4-A9E5-01A,TCGA-V4-A9E5-01A,1.0,0.0,0.0,0.0,0.0
14,68795158,+,23,117931984,-,UVM,63,TCGA-V4-A9E5-01A,TCGA-V4-A9E5-01A,1.0,0.0,0.0,0.0,0.0
15,19387506,-,15,19654933,+,UVM,64,TCGA-V4-A9E5-01A,TCGA-V4-A9E5-01A,1.0,0.0,0.0,0.0,0.0
15,20207289,+,16,33644015,+,UVM,65,TCGA-V4-A9E5-01A,TCGA-V4-A9E5-01A,1.0,0.0,0.0,0.0,0.0
15,95471771,+,15,95472813,-,UVM,66,TCGA-V4-A9E5-01A,TCGA-V4-A9E5-01A,1.0,0.0,0.0,0.0,0.0
17,22830016,-,17,23183131,+,UVM,67,TCGA-V4-A9E5-01A,TCGA-V4-A9E5-01A,1.0,0.0,0.0,0.0,0.0
18,15507636,-,18,15666177,+,UVM,68,TCGA-V4-A9E5-01A,TCGA-V4-A9E5-01A,1.0,0.0,0.0,0.0,0.0
18,15731766,+,18,15743576,-,UVM,69,TCGA-V4-A9E5-01A,TCGA-V4-A9E5-01A,1.0,0.0,0.0,0.0,0.0
2,93469227,-,2,93647574,+,UVM,70,TCGA-V4-A9E5-01A,TCGA-V4-A9E5-01A,1.0,0.0,0.0,0.0,0.0
2,125628267,-,15,88314671,-,UVM,71,TCGA-V4-A9E5-01A,TCGA-V4-A9E5-01A,1.0,0.0,0.0,0.0,0.0
20,26381325,+,20,26383937,-,UVM,72,TCGA-V4-A9E5-01A,TCGA-V4-A9E5-01A,1.0,0.0,0.0,0.0,0.0
20,29303518,+,20,30491330,-,UVM,73,TCGA-V4-A9E5-01A,TCGA-V4-A9E5-01A,1.0,0.0,0.0,0.0,0.0
3,25897650,+,16,19321666,-,UVM,74,TCGA-V4-A9E5-01A,TCGA-V4-A9E5-01A,1.0,0.0,0.0,0.0,0.0
3,91299884,+,6,60627192,+,UVM,75,TCGA-V4-A9E5-01A,TCGA-V4-A9E5-01A,1.0,0.0,0.0,0.0,0.0
5,49941115,+,5,49956497,-,UVM,76,TCGA-V4-A9E5-01A,TCGA-V4-A9E5-01A,1.0,0.0,0.0,0.0,0.0
6,168467186,+,9,111468705,+,UVM,77,TCGA-V4-A9E5-01A,TCGA-V4-A9E5-01A,1.0,0.0,0.0,0.0,0.0
7,61003206,-,7,62391037,+,UVM,78,TCGA-V4-A9E5-01A,TCGA-V4-A9E5-01A,1.0,0.0,0.0,0.0,0.0
7,62817058,-,11,54926271,+,UVM,79,TCGA-V4-A9E5-01A,TCGA-V4-A9E5-01A,1.0,0.0,0.0,0.0,0.0
1,105892656,-,5,139294029,+,UVM,80,TCGA-V4-A9E7-01A,TCGA-V4-A9E7-01A,1.0,0.0,0.0,0.0,0.0
1,122262387,+,1,122348293,-,UVM,81,TCGA-V4-A9E7-01A,TCGA-V4-A9E7-01A,1.0,0.0,0.0,0.0,0.0
1,169375431,+,3,85855621,-,UVM,82,TCGA-V4-A9E7-01A,TCGA-V4-A9E7-01A,1.0,0.0,0.0,0.0,0.0
10,41579529,-,10,41590554,+,UVM,83,TCGA-V4-A9E7-01A,TCGA-V4-A9E7-01A,1.0,0.0,0.0,0.0,0.0
11,54349685,-,11,54391682,+,UVM,84,TCGA-V4-A9E7-01A,TCGA-V4-A9E7-01A,1.0,0.0,0.0,0.0,0.0
2,87641165,-,2,111309610,-,UVM,85,TCGA-V4-A9E7-01A,TCGA-V4-A9E7-01A,1.0,0.0,0.0,0.0,0.0
2,93315247,-,2,93680572,+,UVM,86,TCGA-V4-A9E7-01A,TCGA-V4-A9E7-01A,1.0,0.0,0.0,0.0,0.0
5,46601300,+,5,46681252,-,UVM,87,TCGA-V4-A9E7-01A,TCGA-V4-A9E7-01A,1.0,0.0,0.0,0.0,0.0
5,46627569,-,5,46699048,+,UVM,88,TCGA-V4-A9E7-01A,TCGA-V4-A9E7-01A,1.0,0.0,0.0,0.0,0.0
5,71574663,-,6,32476876,-,UVM,89,TCGA-V4-A9E7-01A,TCGA-V4-A9E7-01A,1.0,0.0,0.0,0.0,0.0
6,52748434,-,13,114182135,+,UVM,90,TCGA-V4-A9E7-01A,TCGA-V4-A9E7-01A,1.0,0.0,0.0,0.0,0.0
7,22291100,+,7,22296878,-,UVM,91,TCGA-V4-A9E7-01A,TCGA-V4-A9E7-01A,1.0,0.0,0.0,0.0,0.0
8,45080881,+,8,45946263,-,UVM,92,TCGA-V4-A9E7-01A,TCGA-V4-A9E7-01A,1.0,0.0,0.0,0.0,0.0
8,45427746,+,8,45946068,-,UVM,93,TCGA-V4-A9E7-01A,TCGA-V4-A9E7-01A,1.0,0.0,0.0,0.0,0.0
8,45427751,+,8,45945827,-,UVM,94,TCGA-V4-A9E7-01A,TCGA-V4-A9E7-01A,1.0,0.0,0.0,0.0,0.0
9,44366905,-,9,44746367,+,UVM,95,TCGA-V4-A9E7-01A,TCGA-V4-A9E7-01A,1.0,0.0,0.0,0.0,0.0
1,27454191,-,13,110691987,-,UVM,96,TCGA-V4-A9E8-01A,TCGA-V4-A9E8-01A,1.0,0.0,0.0,0.0,0.0
1,147461623,+,23,31511397,+,UVM,97,TCGA-V4-A9E8-01A,TCGA-V4-A9E8-01A,1.0,0.0,0.0,0.0,0.0
11,53022574,+,11,53074492,-,UVM,98,TCGA-V4-A9E8-01A,TCGA-V4-A9E8-01A,1.0,0.0,0.0,0.0,0.0
11,53258932,-,11,53771720,+,UVM,99,TCGA-V4-A9E8-01A,TCGA-V4-A9E8-01A,1.0,0.0,0.0,0.0,0.0
11,54369043,-,11,54549303,+,UVM,100,TCGA-V4-A9E8-01A,TCGA-V4-A9E8-01A,1.0,0.0,0.0,0.0,0.0
13,16325437,+,13,17107066,-,UVM,101,TCGA-V4-A9E8-01A,TCGA-V4-A9E8-01A,1.0,0.0,0.0,0.0,0.0
13,16367861,+,13,17263842,-,UVM,102,TCGA-V4-A9E8-01A,TCGA-V4-A9E8-01A,1.0,0.0,0.0,0.0,0.0
13,17826591,-,13,17836286,+,UVM,103,TCGA-V4-A9E8-01A,TCGA-V4-A9E8-01A,1.0,0.0,0.0,0.0,0.0
18,15653930,-,18,15679508,+,UVM,104,TCGA-V4-A9E8-01A,TCGA-V4-A9E8-01A,1.0,0.0,0.0,0.0,0.0
2,93375660,-,2,93671890,+,UVM,105,TCGA-V4-A9E8-01A,TCGA-V4-A9E8-01A,1.0,0.0,0.0,0.0,0.0
20,26444160,-,20,26460316,+,UVM,106,TCGA-V4-A9E8-01A,TCGA-V4-A9E8-01A,1.0,0.0,0.0,0.0,0.0
20,30027148,-,20,30031578,+,UVM,107,TCGA-V4-A9E8-01A,TCGA-V4-A9E8-01A,1.0,0.0,0.0,0.0,0.0
4,50189363,-,4,50993241,+,UVM,108,TCGA-V4-A9E8-01A,TCGA-V4-A9E8-01A,1.0,0.0,0.0,0.0,0.0
5,46663511,-,5,46770859,+,UVM,109,TCGA-V4-A9E8-01A,TCGA-V4-A9E8-01A,1.0,0.0,0.0,0.0,0.0
5,46847540,+,5,47058016,-,UVM,110,TCGA-V4-A9E8-01A,TCGA-V4-A9E8-01A,1.0,0.0,0.0,0.0,0.0
5,49853423,-,5,49915277,+,UVM,111,TCGA-V4-A9E8-01A,TCGA-V4-A9E8-01A,1.0,0.0,0.0,0.0,0.0
7,44522976,+,21,38508012,-,UVM,112,TCGA-V4-A9E8-01A,TCGA-V4-A9E8-01A,1.0,0.0,0.0,0.0,0.0
7,71705012,-,12,2757103,-,UVM,113,TCGA-V4-A9E8-01A,TCGA-V4-A9E8-01A,1.0,0.0,0.0,0.0,0.0
11,54358538,+,11,54412792,-,UVM,114,TCGA-V4-A9EA-01A,TCGA-V4-A9EA-01A,1.0,0.0,0.0,0.0,0.0
12,18329722,-,12,18331225,-,UVM,115,TCGA-V4-A9EA-01A,TCGA-V4-A9EA-01A,1.0,0.0,0.0,0.0,0.0
2,92866350,+,2,92876322,-,UVM,116,TCGA-V4-A9EA-01A,TCGA-V4-A9EA-01A,1.0,0.0,0.0,0.0,0.0
20,43095840,+,20,46111886,+,UVM,117,TCGA-V4-A9EA-01A,TCGA-V4-A9EA-01A,1.0,0.0,0.0,0.0,0.0
4,1898378,-,15,85682951,-,UVM,118,TCGA-V4-A9EA-01A,TCGA-V4-A9EA-01A,1.0,0.0,0.0,0.0,0.0
5,41809732,-,5,41809908,+,UVM,119,TCGA-V4-A9EA-01A,TCGA-V4-A9EA-01A,1.0,0.0,0.0,0.0,0.0
5,47233513,-,5,47259017,+,UVM,120,TCGA-V4-A9EA-01A,TCGA-V4-A9EA-01A,1.0,0.0,0.0,0.0,0.0
5,49816648,-,5,49957836,+,UVM,121,TCGA-V4-A9EA-01A,TCGA-V4-A9EA-01A,1.0,0.0,0.0,0.0,0.0
5,114686896,+,5,158188550,-,UVM,122,TCGA-V4-A9EA-01A,TCGA-V4-A9EA-01A,1.0,0.0,0.0,0.0,0.0
5,146781142,-,6,34709365,-,UVM,123,TCGA-V4-A9EA-01A,TCGA-V4-A9EA-01A,1.0,0.0,0.0,0.0,0.0
8,21380480,-,22,41217588,-,UVM,124,TCGA-V4-A9EA-01A,TCGA-V4-A9EA-01A,1.0,0.0,0.0,0.0,0.0
8,79785600,-,22,41217677,+,UVM,125,TCGA-V4-A9EA-01A,TCGA-V4-A9EA-01A,1.0,0.0,0.0,0.0,0.0
8,113697774,-,18,68485272,+,UVM,126,TCGA-V4-A9EA-01A,TCGA-V4-A9EA-01A,1.0,0.0,0.0,0.0,0.0
9,43399659,-,9,43400252,+,UVM,127,TCGA-V4-A9EA-01A,TCGA-V4-A9EA-01A,1.0,0.0,0.0,0.0,0.0
9,90855719,+,15,41656344,+,UVM,128,TCGA-V4-A9EA-01A,TCGA-V4-A9EA-01A,1.0,0.0,0.0,0.0,0.0
1,45955266,+,22,39500971,-,UVM,129,TCGA-V4-A9EC-01A,TCGA-V4-A9EC-01A,1.0,0.0,0.0,0.0,0.0
11,52680369,-,11,53344572,+,UVM,130,TCGA-V4-A9EC-01A,TCGA-V4-A9EC-01A,1.0,0.0,0.0,0.0,0.0
17,23051660,+,17,23061115,-,UVM,131,TCGA-V4-A9EC-01A,TCGA-V4-A9EC-01A,1.0,0.0,0.0,0.0,0.0
18,15645394,-,18,15715237,+,UVM,132,TCGA-V4-A9EC-01A,TCGA-V4-A9EC-01A,1.0,0.0,0.0,0.0,0.0
18,15752697,-,18,15764617,+,UVM,133,TCGA-V4-A9EC-01A,TCGA-V4-A9EC-01A,1.0,0.0,0.0,0.0,0.0
18,27149210,-,18,27159058,+,UVM,134,TCGA-V4-A9EC-01A,TCGA-V4-A9EC-01A,1.0,0.0,0.0,0.0,0.0
2,92875148,+,2,93532757,-,UVM,135,TCGA-V4-A9EC-01A,TCGA-V4-A9EC-01A,1.0,0.0,0.0,0.0,0.0
2,194703185,-,5,69204022,+,UVM,136,TCGA-V4-A9EC-01A,TCGA-V4-A9EC-01A,1.0,0.0,0.0,0.0,0.0
20,29921436,+,20,29987048,-,UVM,137,TCGA-V4-A9EC-01A,TCGA-V4-A9EC-01A,1.0,0.0,0.0,0.0,0.0
3,91192741,-,3,91257462,-,UVM,138,TCGA-V4-A9EC-01A,TCGA-V4-A9EC-01A,1.0,0.0,0.0,0.0,0.0
3,122739469,-,3,122739662,+,UVM,139,TCGA-V4-A9EC-01A,TCGA-V4-A9EC-01A,1.0,0.0,0.0,0.0,0.0
5,46433412,-,5,46748294,-,UVM,140,TCGA-V4-A9EC-01A,TCGA-V4-A9EC-01A,1.0,0.0,0.0,0.0,0.0
6,148213591,-,10,87950294,+,UVM,141,TCGA-V4-A9EC-01A,TCGA-V4-A9EC-01A,1.0,0.0,0.0,0.0,0.0
8,8526177,-,16,19321569,-,UVM,142,TCGA-V4-A9EC-01A,TCGA-V4-A9EC-01A,1.0,0.0,0.0,0.0,0.0
1,11693339,+,1,11694264,-,UVM,143,TCGA-V4-A9ED-01A,TCGA-V4-A9ED-01A,1.0,0.0,0.0,0.0,0.0
10,4679223,+,10,4682046,-,UVM,144,TCGA-V4-A9ED-01A,TCGA-V4-A9ED-01A,1.0,0.0,0.0,0.0,0.0
13,16291098,+,13,16824962,-,UVM,145,TCGA-V4-A9ED-01A,TCGA-V4-A9ED-01A,1.0,0.0,0.0,0.0,0.0
13,26475907,+,14,90730998,-,UVM,146,TCGA-V4-A9ED-01A,TCGA-V4-A9ED-01A,1.0,0.0,0.0,0.0,0.0
14,87048267,+,14,87056385,-,UVM,147,TCGA-V4-A9ED-01A,TCGA-V4-A9ED-01A,1.0,0.0,0.0,0.0,0.0
15,17042598,+,20,28934169,+,UVM,148,TCGA-V4-A9ED-01A,TCGA-V4-A9ED-01A,1.0,0.0,0.0,0.0,0.0
17,22830749,-,17,23123445,+,UVM,149,TCGA-V4-A9ED-01A,TCGA-V4-A9ED-01A,1.0,0.0,0.0,0.0,0.0
17,22927488,-,17,23064470,+,UVM,150,TCGA-V4-A9ED-01A,TCGA-V4-A9ED-01A,1.0,0.0,0.0,0.0,0.0
2,93330656,-,2,93443422,+,UVM,151,TCGA-V4-A9ED-01A,TCGA-V4-A9ED-01A,1.0,0.0,0.0,0.0,0.0
20,26615117,+,20,27689696,-,UVM,152,TCGA-V4-A9ED-01A,TCGA-V4-A9ED-01A,1.0,0.0,0.0,0.0,0.0
20,29292781,+,24,10204626,+,UVM,153,TCGA-V4-A9ED-01A,TCGA-V4-A9ED-01A,1.0,0.0,0.0,0.0,0.0
20,30002332,+,20,30137017,-,UVM,154,TCGA-V4-A9ED-01A,TCGA-V4-A9ED-01A,1.0,0.0,0.0,0.0,0.0
3,90914735,+,3,90977455,-,UVM,155,TCGA-V4-A9ED-01A,TCGA-V4-A9ED-01A,1.0,0.0,0.0,0.0,0.0
3,91139635,+,3,91146421,-,UVM,156,TCGA-V4-A9ED-01A,TCGA-V4-A9ED-01A,1.0,0.0,0.0,0.0,0.0
4,73158189,+,8,74081054,+,UVM,157,TCGA-V4-A9ED-01A,TCGA-V4-A9ED-01A,1.0,0.0,0.0,0.0,0.0
5,46611068,-,5,46715497,+,UVM,158,TCGA-V4-A9ED-01A,TCGA-V4-A9ED-01A,1.0,0.0,0.0,0.0,0.0
5,46678924,+,5,46740413,-,UVM,159,TCGA-V4-A9ED-01A,TCGA-V4-A9ED-01A,1.0,0.0,0.0,0.0,0.0
6,59299201,-,6,59699106,+,UVM,160,TCGA-V4-A9ED-01A,TCGA-V4-A9ED-01A,1.0,0.0,0.0,0.0,0.0
6,84654648,+,6,99816407,-,UVM,161,TCGA-V4-A9ED-01A,TCGA-V4-A9ED-01A,1.0,0.0,0.0,0.0,0.0
6,84698096,-,6,104423693,+,UVM,162,TCGA-V4-A9ED-01A,TCGA-V4-A9ED-01A,1.0,0.0,0.0,0.0,0.0
6,84698368,-,6,99710685,+,UVM,163,TCGA-V4-A9ED-01A,TCGA-V4-A9ED-01A,1.0,0.0,0.0,0.0,0.0
6,89456483,-,6,91713498,+,UVM,164,TCGA-V4-A9ED-01A,TCGA-V4-A9ED-01A,1.0,0.0,0.0,0.0,0.0
6,89456920,+,6,91713804,-,UVM,165,TCGA-V4-A9ED-01A,TCGA-V4-A9ED-01A,1.0,0.0,0.0,0.0,0.0
6,89457146,-,6,106138637,+,UVM,166,TCGA-V4-A9ED-01A,TCGA-V4-A9ED-01A,1.0,0.0,0.0,0.0,0.0
6,91711618,-,6,104970162,-,UVM,167,TCGA-V4-A9ED-01A,TCGA-V4-A9ED-01A,1.0,0.0,0.0,0.0,0.0
6,99697883,-,6,104508455,+,UVM,168,TCGA-V4-A9ED-01A,TCGA-V4-A9ED-01A,1.0,0.0,0.0,0.0,0.0
6,99711301,-,6,104418371,+,UVM,169,TCGA-V4-A9ED-01A,TCGA-V4-A9ED-01A,1.0,0.0,0.0,0.0,0.0
6,99816189,+,6,101408193,+,UVM,170,TCGA-V4-A9ED-01A,TCGA-V4-A9ED-01A,1.0,0.0,0.0,0.0,0.0
6,100997634,+,6,106139266,-,UVM,171,TCGA-V4-A9ED-01A,TCGA-V4-A9ED-01A,1.0,0.0,0.0,0.0,0.0
6,101218647,-,6,106079157,-,UVM,172,TCGA-V4-A9ED-01A,TCGA-V4-A9ED-01A,1.0,0.0,0.0,0.0,0.0
6,101408254,-,6,111309156,-,UVM,173,TCGA-V4-A9ED-01A,TCGA-V4-A9ED-01A,1.0,0.0,0.0,0.0,0.0
6,101412843,+,6,106074279,+,UVM,174,TCGA-V4-A9ED-01A,TCGA-V4-A9ED-01A,1.0,0.0,0.0,0.0,0.0
6,104409009,-,6,106140789,+,UVM,175,TCGA-V4-A9ED-01A,TCGA-V4-A9ED-01A,1.0,0.0,0.0,0.0,0.0
6,104417206,-,6,109346023,+,UVM,176,TCGA-V4-A9ED-01A,TCGA-V4-A9ED-01A,1.0,0.0,0.0,0.0,0.0
6,104417596,+,6,104423557,-,UVM,177,TCGA-V4-A9ED-01A,TCGA-V4-A9ED-01A,1.0,0.0,0.0,0.0,0.0
9,43443770,+,9,44423794,-,UVM,178,TCGA-V4-A9ED-01A,TCGA-V4-A9ED-01A,1.0,0.0,0.0,0.0,0.0
9,98712900,-,22,32179921,+,UVM,179,TCGA-V4-A9ED-01A,TCGA-V4-A9ED-01A,1.0,0.0,0.0,0.0,0.0
23,116049174,+,23,116163112,+,UVM,180,TCGA-V4-A9ED-01A,TCGA-V4-A9ED-01A,1.0,0.0,0.0,0.0,0.0
1,6816267,+,1,27499494,-,UVM,181,TCGA-V4-A9EE-01A,TCGA-V4-A9EE-01A,1.0,0.0,0.0,0.0,0.0
1,34414825,+,1,83766443,-,UVM,182,TCGA-V4-A9EE-01A,TCGA-V4-A9EE-01A,1.0,0.0,0.0,0.0,0.0
1,34414889,-,1,238170923,+,UVM,183,TCGA-V4-A9EE-01A,TCGA-V4-A9EE-01A,1.0,0.0,0.0,0.0,0.0
1,34416394,+,1,238170844,-,UVM,184,TCGA-V4-A9EE-01A,TCGA-V4-A9EE-01A,1.0,0.0,0.0,0.0,0.0
1,77433685,+,8,133313107,+,UVM,185,TCGA-V4-A9EE-01A,TCGA-V4-A9EE-01A,1.0,0.0,0.0,0.0,0.0
11,96744563,-,11,96744734,+,UVM,186,TCGA-V4-A9EE-01A,TCGA-V4-A9EE-01A,1.0,0.0,0.0,0.0,0.0
13,16697745,+,13,17148668,-,UVM,187,TCGA-V4-A9EE-01A,TCGA-V4-A9EE-01A,1.0,0.0,0.0,0.0,0.0
14,16129934,-,22,12418188,-,UVM,188,TCGA-V4-A9EE-01A,TCGA-V4-A9EE-01A,1.0,0.0,0.0,0.0,0.0
16,37725441,-,16,37915624,+,UVM,189,TCGA-V4-A9EE-01A,TCGA-V4-A9EE-01A,1.0,0.0,0.0,0.0,0.0
18,20796077,-,18,20832755,-,UVM,190,TCGA-V4-A9EE-01A,TCGA-V4-A9EE-01A,1.0,0.0,0.0,0.0,0.0
19,49031134,+,19,49056093,+,UVM,191,TCGA-V4-A9EE-01A,TCGA-V4-A9EE-01A,1.0,0.0,0.0,0.0,0.0
20,29266513,+,24,10227633,+,UVM,192,TCGA-V4-A9EE-01A,TCGA-V4-A9EE-01A,1.0,0.0,0.0,0.0,0.0
20,29412507,+,20,29413579,-,UVM,193,TCGA-V4-A9EE-01A,TCGA-V4-A9EE-01A,1.0,0.0,0.0,0.0,0.0
20,29974724,+,20,30022998,-,UVM,194,TCGA-V4-A9EE-01A,TCGA-V4-A9EE-01A,1.0,0.0,0.0,0.0,0.0
22,23344676,-,22,24675065,+,UVM,195,TCGA-V4-A9EE-01A,TCGA-V4-A9EE-01A,1.0,0.0,0.0,0.0,0.0
4,154898820,+,4,154899867,-,UVM,196,TCGA-V4-A9EE-01A,TCGA-V4-A9EE-01A,1.0,0.0,0.0,0.0,0.0
5,81204980,-,5,81205131,+,UVM,197,TCGA-V4-A9EE-01A,TCGA-V4-A9EE-01A,1.0,0.0,0.0,0.0,0.0
6,32527753,+,16,12114894,+,UVM,198,TCGA-V4-A9EE-01A,TCGA-V4-A9EE-01A,1.0,0.0,0.0,0.0,0.0
6,49949145,+,6,102888834,+,UVM,199,TCGA-V4-A9EE-01A,TCGA-V4-A9EE-01A,1.0,0.0,0.0,0.0,0.0
7,56838334,+,7,63738791,+,UVM,200,TCGA-V4-A9EE-01A,TCGA-V4-A9EE-01A,1.0,0.0,0.0,0.0,0.0
8,45080660,-,8,45427516,+,UVM,201,TCGA-V4-A9EE-01A,TCGA-V4-A9EE-01A,1.0,0.0,0.0,0.0,0.0
1,77433690,+,8,133312983,+,UVM,202,TCGA-V4-A9EF-01A,TCGA-V4-A9EF-01A,1.0,0.0,0.0,0.0,0.0
10,51529519,-,10,51663704,+,UVM,203,TCGA-V4-A9EF-01A,TCGA-V4-A9EF-01A,1.0,0.0,0.0,0.0,0.0
11,7218277,+,11,7222165,-,UVM,204,TCGA-V4-A9EF-01A,TCGA-V4-A9EF-01A,1.0,0.0,0.0,0.0,0.0
11,54408357,+,11,54422617,-,UVM,205,TCGA-V4-A9EF-01A,TCGA-V4-A9EF-01A,1.0,0.0,0.0,0.0,0.0
11,55232631,-,11,55233488,+,UVM,206,TCGA-V4-A9EF-01A,TCGA-V4-A9EF-01A,1.0,0.0,0.0,0.0,0.0
11,55517258,+,11,55532780,-,UVM,207,TCGA-V4-A9EF-01A,TCGA-V4-A9EF-01A,1.0,0.0,0.0,0.0,0.0
13,21525181,-,13,85021409,-,UVM,208,TCGA-V4-A9EF-01A,TCGA-V4-A9EF-01A,1.0,0.0,0.0,0.0,0.0
17,21448877,+,17,27006694,-,UVM,209,TCGA-V4-A9EF-01A,TCGA-V4-A9EF-01A,1.0,0.0,0.0,0.0,0.0
19,34870395,-,23,1930947,+,UVM,210,TCGA-V4-A9EF-01A,TCGA-V4-A9EF-01A,1.0,0.0,0.0,0.0,0.0
20,29290752,-,24,10206457,-,UVM,211,TCGA-V4-A9EF-01A,TCGA-V4-A9EF-01A,1.0,0.0,0.0,0.0,0.0
3,90831238,+,3,91211791,-,UVM,212,TCGA-V4-A9EF-01A,TCGA-V4-A9EF-01A,1.0,0.0,0.0,0.0,0.0
3,91587155,-,3,91735524,+,UVM,213,TCGA-V4-A9EF-01A,TCGA-V4-A9EF-01A,1.0,0.0,0.0,0.0,0.0
5,26536824,-,5,26536915,+,UVM,214,TCGA-V4-A9EF-01A,TCGA-V4-A9EF-01A,1.0,0.0,0.0,0.0,0.0
5,46504685,-,5,46513246,+,UVM,215,TCGA-V4-A9EF-01A,TCGA-V4-A9EF-01A,1.0,0.0,0.0,0.0,0.0
5,46685318,+,5,46772112,-,UVM,216,TCGA-V4-A9EF-01A,TCGA-V4-A9EF-01A,1.0,0.0,0.0,0.0,0.0
5,49671650,+,5,49694632,-,UVM,217,TCGA-V4-A9EF-01A,TCGA-V4-A9EF-01A,1.0,0.0,0.0,0.0,0.0
6,29888994,-,6,29943810,+,UVM,218,TCGA-V4-A9EF-01A,TCGA-V4-A9EF-01A,1.0,0.0,0.0,0.0,0.0
7,105485201,-,20,49615047,+,UVM,219,TCGA-V4-A9EF-01A,TCGA-V4-A9EF-01A,1.0,0.0,0.0,0.0,0.0
7,132562787,+,23,1169019,+,UVM,220,TCGA-V4-A9EF-01A,TCGA-V4-A9EF-01A,1.0,0.0,0.0,0.0,0.0
8,90186549,+,8,90212988,-,UVM,221,TCGA-V4-A9EF-01A,TCGA-V4-A9EF-01A,1.0,0.0,0.0,0.0,0.0
1,58729593,+,20,60627834,+,UVM,222,TCGA-V4-A9EH-01A,TCGA-V4-A9EH-01A,1.0,0.0,0.0,0.0,0.0
12,36368856,-,12,36580856,+,UVM,223,TCGA-V4-A9EH-01A,TCGA-V4-A9EH-01A,1.0,0.0,0.0,0.0,0.0
14,52236336,+,14,52238049,+,UVM,224,TCGA-V4-A9EH-01A,TCGA-V4-A9EH-01A,1.0,0.0,0.0,0.0,0.0
14,52236347,-,14,52238058,-,UVM,225,TCGA-V4-A9EH-01A,TCGA-V4-A9EH-01A,1.0,0.0,0.0,0.0,0.0
17,22830037,+,17,23080992,-,UVM,226,TCGA-V4-A9EH-01A,TCGA-V4-A9EH-01A,1.0,0.0,0.0,0.0,0.0
18,15473008,+,18,15699539,-,UVM,227,TCGA-V4-A9EH-01A,TCGA-V4-A9EH-01A,1.0,0.0,0.0,0.0,0.0
3,90828509,+,3,90927924,-,UVM,228,TCGA-V4-A9EH-01A,TCGA-V4-A9EH-01A,1.0,0.0,0.0,0.0,0.0
4,90206781,-,6,100040980,-,UVM,229,TCGA-V4-A9EH-01A,TCGA-V4-A9EH-01A,1.0,0.0,0.0,0.0,0.0
5,71574657,-,6,32476848,-,UVM,230,TCGA-V4-A9EH-01A,TCGA-V4-A9EH-01A,1.0,0.0,0.0,0.0,0.0
7,58822189,-,7,60163876,+,UVM,231,TCGA-V4-A9EH-01A,TCGA-V4-A9EH-01A,1.0,0.0,0.0,0.0,0.0
9,42953557,-,9,64468472,+,UVM,232,TCGA-V4-A9EH-01A,TCGA-V4-A9EH-01A,1.0,0.0,0.0,0.0,0.0
1,200476470,-,1,200477056,-,UVM,233,TCGA-V4-A9EI-01A,TCGA-V4-A9EI-01A,1.0,0.0,0.0,0.0,0.0
1,222076000,-,14,90565420,+,UVM,234,TCGA-V4-A9EI-01A,TCGA-V4-A9EI-01A,1.0,0.0,0.0,0.0,0.0
11,54361554,-,11,54397436,+,UVM,235,TCGA-V4-A9EI-01A,TCGA-V4-A9EI-01A,1.0,0.0,0.0,0.0,0.0
11,54897366,-,11,54926167,-,UVM,236,TCGA-V4-A9EI-01A,TCGA-V4-A9EI-01A,1.0,0.0,0.0,0.0,0.0
12,34780505,+,12,34803977,-,UVM,237,TCGA-V4-A9EI-01A,TCGA-V4-A9EI-01A,1.0,0.0,0.0,0.0,0.0
13,16475312,+,13,16896121,-,UVM,238,TCGA-V4-A9EI-01A,TCGA-V4-A9EI-01A,1.0,0.0,0.0,0.0,0.0
13,16995666,+,13,17123795,-,UVM,239,TCGA-V4-A9EI-01A,TCGA-V4-A9EI-01A,1.0,0.0,0.0,0.0,0.0
13,101295190,+,13,101296065,-,UVM,240,TCGA-V4-A9EI-01A,TCGA-V4-A9EI-01A,1.0,0.0,0.0,0.0,0.0
14,67818096,+,14,68301574,-,UVM,241,TCGA-V4-A9EI-01A,TCGA-V4-A9EI-01A,1.0,0.0,0.0,0.0,0.0
15,24323709,+,15,24531206,-,UVM,242,TCGA-V4-A9EI-01A,TCGA-V4-A9EI-01A,1.0,0.0,0.0,0.0,0.0
17,8125938,+,17,8162755,-,UVM,243,TCGA-V4-A9EI-01A,TCGA-V4-A9EI-01A,1.0,0.0,0.0,0.0,0.0
17,23100072,+,17,23172646,-,UVM,244,TCGA-V4-A9EI-01A,TCGA-V4-A9EI-01A,1.0,0.0,0.0,0.0,0.0
18,15508726,+,18,15704727,-,UVM,245,TCGA-V4-A9EI-01A,TCGA-V4-A9EI-01A,1.0,0.0,0.0,0.0,0.0
2,92263392,-,2,93233516,+,UVM,246,TCGA-V4-A9EI-01A,TCGA-V4-A9EI-01A,1.0,0.0,0.0,0.0,0.0
2,158852807,-,2,158874008,+,UVM,247,TCGA-V4-A9EI-01A,TCGA-V4-A9EI-01A,1.0,0.0,0.0,0.0,0.0
2,183049412,+,4,91046069,+,UVM,248,TCGA-V4-A9EI-01A,TCGA-V4-A9EI-01A,1.0,0.0,0.0,0.0,0.0
3,135564206,-,7,39485026,+,UVM,249,TCGA-V4-A9EI-01A,TCGA-V4-A9EI-01A,1.0,0.0,0.0,0.0,0.0
4,114774986,+,10,55958013,+,UVM,250,TCGA-V4-A9EI-01A,TCGA-V4-A9EI-01A,1.0,0.0,0.0,0.0,0.0
5,164910728,-,11,93428270,-,UVM,251,TCGA-V4-A9EI-01A,TCGA-V4-A9EI-01A,1.0,0.0,0.0,0.0,0.0
7,77851054,-,7,78280039,+,UVM,252,TCGA-V4-A9EI-01A,TCGA-V4-A9EI-01A,1.0,0.0,0.0,0.0,0.0
8,55603081,-,8,55610843,-,UVM,253,TCGA-V4-A9EI-01A,TCGA-V4-A9EI-01A,1.0,0.0,0.0,0.0,0.0
8,130640033,+,23,42110654,+,UVM,254,TCGA-V4-A9EI-01A,TCGA-V4-A9EI-01A,1.0,0.0,0.0,0.0,0.0
11,52301561,-,11,53744665,+,UVM,255,TCGA-V4-A9EJ-01A,TCGA-V4-A9EJ-01A,1.0,0.0,0.0,0.0,0.0
11,54378136,-,11,54394475,+,UVM,256,TCGA-V4-A9EJ-01A,TCGA-V4-A9EJ-01A,1.0,0.0,0.0,0.0,0.0
17,22818288,+,17,22912279,-,UVM,257,TCGA-V4-A9EJ-01A,TCGA-V4-A9EJ-01A,1.0,0.0,0.0,0.0,0.0
18,20805413,-,18,20832765,-,UVM,258,TCGA-V4-A9EJ-01A,TCGA-V4-A9EJ-01A,1.0,0.0,0.0,0.0,0.0
5,49968756,-,5,49979973,+,UVM,259,TCGA-V4-A9EJ-01A,TCGA-V4-A9EJ-01A,1.0,0.0,0.0,0.0,0.0
6,12180088,+,6,12314125,-,UVM,260,TCGA-V4-A9EJ-01A,TCGA-V4-A9EJ-01A,1.0,0.0,0.0,0.0,0.0
6,71613788,+,23,144870800,-,UVM,261,TCGA-V4-A9EJ-01A,TCGA-V4-A9EJ-01A,1.0,0.0,0.0,0.0,0.0
7,65816434,+,7,66892985,-,UVM,262,TCGA-V4-A9EJ-01A,TCGA-V4-A9EJ-01A,1.0,0.0,0.0,0.0,0.0
9,30740784,-,13,85483940,+,UVM,263,TCGA-V4-A9EJ-01A,TCGA-V4-A9EJ-01A,1.0,0.0,0.0,0.0,0.0
23,144871100,+,23,144873499,-,UVM,264,TCGA-V4-A9EJ-01A,TCGA-V4-A9EJ-01A,1.0,0.0,0.0,0.0,0.0
1,233791408,+,1,234469990,-,UVM,265,TCGA-V4-A9EK-01A,TCGA-V4-A9EK-01A,1.0,0.0,0.0,0.0,0.0
11,51596302,-,11,52584394,+,UVM,266,TCGA-V4-A9EK-01A,TCGA-V4-A9EK-01A,1.0,0.0,0.0,0.0,0.0
11,53387006,-,11,53398086,+,UVM,267,TCGA-V4-A9EK-01A,TCGA-V4-A9EK-01A,1.0,0.0,0.0,0.0,0.0
11,54343384,+,11,54347447,-,UVM,268,TCGA-V4-A9EK-01A,TCGA-V4-A9EK-01A,1.0,0.0,0.0,0.0,0.0
12,28233574,+,12,28257576,-,UVM,269,TCGA-V4-A9EK-01A,TCGA-V4-A9EK-01A,1.0,0.0,0.0,0.0,0.0
12,54356699,-,12,98443194,-,UVM,270,TCGA-V4-A9EK-01A,TCGA-V4-A9EK-01A,1.0,0.0,0.0,0.0,0.0
12,54363922,+,12,96519784,+,UVM,271,TCGA-V4-A9EK-01A,TCGA-V4-A9EK-01A,1.0,0.0,0.0,0.0,0.0
12,54364023,-,12,64226549,-,UVM,272,TCGA-V4-A9EK-01A,TCGA-V4-A9EK-01A,1.0,0.0,0.0,0.0,0.0
12,54753104,+,12,95477430,+,UVM,273,TCGA-V4-A9EK-01A,TCGA-V4-A9EK-01A,1.0,0.0,0.0,0.0,0.0
12,55392623,+,12,98443805,+,UVM,274,TCGA-V4-A9EK-01A,TCGA-V4-A9EK-01A,1.0,0.0,0.0,0.0,0.0
12,55395760,-,12,121789550,-,UVM,275,TCGA-V4-A9EK-01A,TCGA-V4-A9EK-01A,1.0,0.0,0.0,0.0,0.0
12,55396239,+,12,64234560,+,UVM,276,TCGA-V4-A9EK-01A,TCGA-V4-A9EK-01A,1.0,0.0,0.0,0.0,0.0
12,64234567,-,12,121789484,+,UVM,277,TCGA-V4-A9EK-01A,TCGA-V4-A9EK-01A,1.0,0.0,0.0,0.0,0.0
12,64301330,+,12,75450919,-,UVM,278,TCGA-V4-A9EK-01A,TCGA-V4-A9EK-01A,1.0,0.0,0.0,0.0,0.0
12,64301474,-,12,75414243,-,UVM,279,TCGA-V4-A9EK-01A,TCGA-V4-A9EK-01A,1.0,0.0,0.0,0.0,0.0
12,64315887,+,12,75432836,+,UVM,280,TCGA-V4-A9EK-01A,TCGA-V4-A9EK-01A,1.0,0.0,0.0,0.0,0.0
12,64362053,+,12,72667184,+,UVM,281,TCGA-V4-A9EK-01A,TCGA-V4-A9EK-01A,1.0,0.0,0.0,0.0,0.0
12,64363756,-,12,72695372,-,UVM,282,TCGA-V4-A9EK-01A,TCGA-V4-A9EK-01A,1.0,0.0,0.0,0.0,0.0
12,64374127,+,12,72666305,-,UVM,283,TCGA-V4-A9EK-01A,TCGA-V4-A9EK-01A,1.0,0.0,0.0,0.0,0.0
12,69145055,-,12,117992037,-,UVM,284,TCGA-V4-A9EK-01A,TCGA-V4-A9EK-01A,1.0,0.0,0.0,0.0,0.0
12,71220552,+,12,117297678,+,UVM,285,TCGA-V4-A9EK-01A,TCGA-V4-A9EK-01A,1.0,0.0,0.0,0.0,0.0
12,73827732,+,12,93291747,+,UVM,286,TCGA-V4-A9EK-01A,TCGA-V4-A9EK-01A,1.0,0.0,0.0,0.0,0.0
12,74324063,-,12,76288215,-,UVM,287,TCGA-V4-A9EK-01A,TCGA-V4-A9EK-01A,1.0,0.0,0.0,0.0,0.0
12,75416833,+,12,85490210,-,UVM,288,TCGA-V4-A9EK-01A,TCGA-V4-A9EK-01A,1.0,0.0,0.0,0.0,0.0
12,75417163,-,12,85447610,-,UVM,289,TCGA-V4-A9EK-01A,TCGA-V4-A9EK-01A,1.0,0.0,0.0,0.0,0.0
12,75432979,-,12,85520754,+,UVM,290,TCGA-V4-A9EK-01A,TCGA-V4-A9EK-01A,1.0,0.0,0.0,0.0,0.0
12,75433723,+,12,85430206,+,UVM,291,TCGA-V4-A9EK-01A,TCGA-V4-A9EK-01A,1.0,0.0,0.0,0.0,0.0
12,75434814,-,12,87346621,-,UVM,292,TCGA-V4-A9EK-01A,TCGA-V4-A9EK-01A,1.0,0.0,0.0,0.0,0.0
12,75450377,+,12,85490095,+,UVM,293,TCGA-V4-A9EK-01A,TCGA-V4-A9EK-01A,1.0,0.0,0.0,0.0,0.0
12,75461575,+,12,85439854,-,UVM,294,TCGA-V4-A9EK-01A,TCGA-V4-A9EK-01A,1.0,0.0,0.0,0.0,0.0
12,75462085,-,12,85416337,+,UVM,295,TCGA-V4-A9EK-01A,TCGA-V4-A9EK-01A,1.0,0.0,0.0,0.0,0.0
12,75784772,+,12,125203213,+,UVM,296,TCGA-V4-A9EK-01A,TCGA-V4-A9EK-01A,1.0,0.0,0.0,0.0,0.0
12,75796294,-,12,102929672,+,UVM,297,TCGA-V4-A9EK-01A,TCGA-V4-A9EK-01A,1.0,0.0,0.0,0.0,0.0
12,75796393,+,12,75798857,-,UVM,298,TCGA-V4-A9EK-01A,TCGA-V4-A9EK-01A,1.0,0.0,0.0,0.0,0.0
12,75796957,-,12,106026564,-,UVM,299,TCGA-V4-A9EK-01A,TCGA-V4-A9EK-01A,1.0,0.0,0.0,0.0,0.0
12,75797191,+,12,75799128,+,UVM,300,TCGA-V4-A9EK-01A,TCGA-V4-A9EK-01A,1.0,0.0,0.0,0.0,0.0
12,75798858,-,12,102929672,+,UVM,301,TCGA-V4-A9EK-01A,TCGA-V4-A9EK-01A,1.0,0.0,0.0,0.0,0.0
12,75799128,+,12,106026704,-,UVM,302,TCGA-V4-A9EK-01A,TCGA-V4-A9EK-01A,1.0,0.0,0.0,0.0,0.0
12,84642008,+,12,85439466,+,UVM,303,TCGA-V4-A9EK-01A,TCGA-V4-A9EK-01A,1.0,0.0,0.0,0.0,0.0
12,85399488,-,12,93185413,-,UVM,304,TCGA-V4-A9EK-01A,TCGA-V4-A9EK-01A,1.0,0.0,0.0,0.0,0.0
12,85416515,-,12,85430235,-,UVM,305,TCGA-V4-A9EK-01A,TCGA-V4-A9EK-01A,1.0,0.0,0.0,0.0,0.0
12,85416565,-,12,85430337,+,UVM,306,TCGA-V4-A9EK-01A,TCGA-V4-A9EK-01A,1.0,0.0,0.0,0.0,0.0
12,85416565,-,12,85430503,-,UVM,307,TCGA-V4-A9EK-01A,TCGA-V4-A9EK-01A,1.0,0.0,0.0,0.0,0.0
12,85430217,-,12,85430337,-,UVM,308,TCGA-V4-A9EK-01A,TCGA-V4-A9EK-01A,1.0,0.0,0.0,0.0,0.0
12,85447373,+,12,85520811,-,UVM,309,TCGA-V4-A9EK-01A,TCGA-V4-A9EK-01A,1.0,0.0,0.0,0.0,0.0
12,87346599,+,12,87346922,+,UVM,310,TCGA-V4-A9EK-01A,TCGA-V4-A9EK-01A,1.0,0.0,0.0,0.0,0.0
12,92660895,-,12,118439789,-,UVM,311,TCGA-V4-A9EK-01A,TCGA-V4-A9EK-01A,1.0,0.0,0.0,0.0,0.0
12,96413636,-,12,100880504,-,UVM,312,TCGA-V4-A9EK-01A,TCGA-V4-A9EK-01A,1.0,0.0,0.0,0.0,0.0
12,98444004,-,12,110235385,-,UVM,313,TCGA-V4-A9EK-01A,TCGA-V4-A9EK-01A,1.0,0.0,0.0,0.0,0.0
12,98444529,+,12,121790759,+,UVM,314,TCGA-V4-A9EK-01A,TCGA-V4-A9EK-01A,1.0,0.0,0.0,0.0,0.0
12,106033129,+,12,117134684,-,UVM,315,TCGA-V4-A9EK-01A,TCGA-V4-A9EK-01A,1.0,0.0,0.0,0.0,0.0
12,106034517,-,12,125155357,-,UVM,316,TCGA-V4-A9EK-01A,TCGA-V4-A9EK-01A,1.0,0.0,0.0,0.0,0.0
12,106043466,+,12,116155944,+,UVM,317,TCGA-V4-A9EK-01A,TCGA-V4-A9EK-01A,1.0,0.0,0.0,0.0,0.0
12,110235773,+,12,114411763,-,UVM,318,TCGA-V4-A9EK-01A,TCGA-V4-A9EK-01A,1.0,0.0,0.0,0.0,0.0
12,114662719,-,13,16844711,-,UVM,319,TCGA-V4-A9EK-01A,TCGA-V4-A9EK-01A,1.0,0.0,0.0,0.0,0.0
12,114662719,-,13,16962036,-,UVM,320,TCGA-V4-A9EK-01A,TCGA-V4-A9EK-01A,1.0,0.0,0.0,0.0,0.0
12,114662719,-,13,17287456,-,UVM,321,TCGA-V4-A9EK-01A,TCGA-V4-A9EK-01A,1.0,0.0,0.0,0.0,0.0
12,115263804,+,12,115940175,+,UVM,322,TCGA-V4-A9EK-01A,TCGA-V4-A9EK-01A,1.0,0.0,0.0,0.0,0.0
12,116126036,-,12,117231144,+,UVM,323,TCGA-V4-A9EK-01A,TCGA-V4-A9EK-01A,1.0,0.0,0.0,0.0,0.0
13,16618069,+,13,16631534,-,UVM,324,TCGA-V4-A9EK-01A,TCGA-V4-A9EK-01A,1.0,0.0,0.0,0.0,0.0
13,16670115,-,13,16758749,+,UVM,325,TCGA-V4-A9EK-01A,TCGA-V4-A9EK-01A,1.0,0.0,0.0,0.0,0.0
18,15548386,-,18,15699794,+,UVM,326,TCGA-V4-A9EK-01A,TCGA-V4-A9EK-01A,1.0,0.0,0.0,0.0,0.0
2,93876759,-,2,94156206,+,UVM,327,TCGA-V4-A9EK-01A,TCGA-V4-A9EK-01A,1.0,0.0,0.0,0.0,0.0
2,146865508,-,4,123764378,-,UVM,328,TCGA-V4-A9EK-01A,TCGA-V4-A9EK-01A,1.0,0.0,0.0,0.0,0.0
2,186256341,-,2,189698751,-,UVM,329,TCGA-V4-A9EK-01A,TCGA-V4-A9EK-01A,1.0,0.0,0.0,0.0,0.0
2,186517741,+,2,192206520,+,UVM,330,TCGA-V4-A9EK-01A,TCGA-V4-A9EK-01A,1.0,0.0,0.0,0.0,0.0
2,186543429,-,2,187498086,+,UVM,331,TCGA-V4-A9EK-01A,TCGA-V4-A9EK-01A,1.0,0.0,0.0,0.0,0.0
2,186544530,+,2,204700519,-,UVM,332,TCGA-V4-A9EK-01A,TCGA-V4-A9EK-01A,1.0,0.0,0.0,0.0,0.0
2,187375978,-,2,194465224,-,UVM,333,TCGA-V4-A9EK-01A,TCGA-V4-A9EK-01A,1.0,0.0,0.0,0.0,0.0
2,187496246,+,2,191576886,-,UVM,334,TCGA-V4-A9EK-01A,TCGA-V4-A9EK-01A,1.0,0.0,0.0,0.0,0.0
2,187496863,-,2,204728256,-,UVM,335,TCGA-V4-A9EK-01A,TCGA-V4-A9EK-01A,1.0,0.0,0.0,0.0,0.0
2,187510496,-,2,204702324,+,UVM,336,TCGA-V4-A9EK-01A,TCGA-V4-A9EK-01A,1.0,0.0,0.0,0.0,0.0
2,189655660,+,2,204553659,+,UVM,337,TCGA-V4-A9EK-01A,TCGA-V4-A9EK-01A,1.0,0.0,0.0,0.0,0.0
2,192087127,+,2,192148049,-,UVM,338,TCGA-V4-A9EK-01A,TCGA-V4-A9EK-01A,1.0,0.0,0.0,0.0,0.0
2,199560109,+,2,199875352,-,UVM,339,TCGA-V4-A9EK-01A,TCGA-V4-A9EK-01A,1.0,0.0,0.0,0.0,0.0
2,212827915,+,2,214463356,-,UVM,340,TCGA-V4-A9EK-01A,TCGA-V4-A9EK-01A,1.0,0.0,0.0,0.0,0.0
2,214472283,+,2,214480644,-,UVM,341,TCGA-V4-A9EK-01A,TCGA-V4-A9EK-01A,1.0,0.0,0.0,0.0,0.0
2,230796095,+,2,241283017,-,UVM,342,TCGA-V4-A9EK-01A,TCGA-V4-A9EK-01A,1.0,0.0,0.0,0.0,0.0
20,25900121,+,20,30195612,-,UVM,343,TCGA-V4-A9EK-01A,TCGA-V4-A9EK-01A,1.0,0.0,0.0,0.0,0.0
3,89020310,+,17,71455856,-,UVM,344,TCGA-V4-A9EK-01A,TCGA-V4-A9EK-01A,1.0,0.0,0.0,0.0,0.0
3,92632559,-,3,93228745,+,UVM,345,TCGA-V4-A9EK-01A,TCGA-V4-A9EK-01A,1.0,0.0,0.0,0.0,0.0
4,141857476,+,4,142145710,-,UVM,346,TCGA-V4-A9EK-01A,TCGA-V4-A9EK-01A,1.0,0.0,0.0,0.0,0.0
5,164538826,+,5,168464695,-,UVM,347,TCGA-V4-A9EK-01A,TCGA-V4-A9EK-01A,1.0,0.0,0.0,0.0,0.0
6,31271300,-,6,31356265,+,UVM,348,TCGA-V4-A9EK-01A,TCGA-V4-A9EK-01A,1.0,0.0,0.0,0.0,0.0
6,59272298,+,6,59492535,-,UVM,349,TCGA-V4-A9EK-01A,TCGA-V4-A9EK-01A,1.0,0.0,0.0,0.0,0.0
7,35911689,-,7,56150057,+,UVM,350,TCGA-V4-A9EK-01A,TCGA-V4-A9EK-01A,1.0,0.0,0.0,0.0,0.0
7,57673200,+,20,26263461,+,UVM,351,TCGA-V4-A9EK-01A,TCGA-V4-A9EK-01A,1.0,0.0,0.0,0.0,0.0
9,40992602,+,20,30377545,-,UVM,352,TCGA-V4-A9EK-01A,TCGA-V4-A9EK-01A,1.0,0.0,0.0,0.0,0.0
9,124771851,+,9,125850132,-,UVM,353,TCGA-V4-A9EK-01A,TCGA-V4-A9EK-01A,1.0,0.0,0.0,0.0,0.0
9,128149045,+,9,128264774,-,UVM,354,TCGA-V4-A9EK-01A,TCGA-V4-A9EK-01A,1.0,0.0,0.0,0.0,0.0
9,128242604,-,9,129577336,-,UVM,355,TCGA-V4-A9EK-01A,TCGA-V4-A9EK-01A,1.0,0.0,0.0,0.0,0.0
9,128247431,+,9,131161618,-,UVM,356,TCGA-V4-A9EK-01A,TCGA-V4-A9EK-01A,1.0,0.0,0.0,0.0,0.0
9,128295402,+,9,129323861,-,UVM,357,TCGA-V4-A9EK-01A,TCGA-V4-A9EK-01A,1.0,0.0,0.0,0.0,0.0
9,128298085,-,9,131163910,-,UVM,358,TCGA-V4-A9EK-01A,TCGA-V4-A9EK-01A,1.0,0.0,0.0,0.0,0.0
9,129322657,+,9,129577331,+,UVM,359,TCGA-V4-A9EK-01A,TCGA-V4-A9EK-01A,1.0,0.0,0.0,0.0,0.0
9,129344782,+,9,131161230,-,UVM,360,TCGA-V4-A9EK-01A,TCGA-V4-A9EK-01A,1.0,0.0,0.0,0.0,0.0
9,129345440,-,9,129578869,-,UVM,361,TCGA-V4-A9EK-01A,TCGA-V4-A9EK-01A,1.0,0.0,0.0,0.0,0.0
9,129578384,+,9,129580150,+,UVM,362,TCGA-V4-A9EK-01A,TCGA-V4-A9EK-01A,1.0,0.0,0.0,0.0,0.0
9,131161587,+,9,131162072,+,UVM,363,TCGA-V4-A9EK-01A,TCGA-V4-A9EK-01A,1.0,0.0,0.0,0.0,0.0
1,77433654,+,8,133313083,+,UVM,364,TCGA-V4-A9EL-01A,TCGA-V4-A9EL-01A,1.0,0.0,0.0,0.0,0.0
1,122107868,+,1,122209099,-,UVM,365,TCGA-V4-A9EL-01A,TCGA-V4-A9EL-01A,1.0,0.0,0.0,0.0,0.0
1,123350196,-,1,123805132,+,UVM,366,TCGA-V4-A9EL-01A,TCGA-V4-A9EL-01A,1.0,0.0,0.0,0.0,0.0
1,191829594,+,8,30070060,+,UVM,367,TCGA-V4-A9EL-01A,TCGA-V4-A9EL-01A,1.0,0.0,0.0,0.0,0.0
11,51627573,-,11,53225729,+,UVM,368,TCGA-V4-A9EL-01A,TCGA-V4-A9EL-01A,1.0,0.0,0.0,0.0,0.0
11,52932584,-,11,53030287,+,UVM,369,TCGA-V4-A9EL-01A,TCGA-V4-A9EL-01A,1.0,0.0,0.0,0.0,0.0
13,16918104,-,13,17396326,+,UVM,370,TCGA-V4-A9EL-01A,TCGA-V4-A9EL-01A,1.0,0.0,0.0,0.0,0.0
13,18698145,+,21,44977431,-,UVM,371,TCGA-V4-A9EL-01A,TCGA-V4-A9EL-01A,1.0,0.0,0.0,0.0,0.0
17,21718283,+,17,26990425,-,UVM,372,TCGA-V4-A9EL-01A,TCGA-V4-A9EL-01A,1.0,0.0,0.0,0.0,0.0
18,15511957,+,18,15639810,-,UVM,373,TCGA-V4-A9EL-01A,TCGA-V4-A9EL-01A,1.0,0.0,0.0,0.0,0.0
18,16859996,+,18,18616950,-,UVM,374,TCGA-V4-A9EL-01A,TCGA-V4-A9EL-01A,1.0,0.0,0.0,0.0,0.0
2,94556254,-,2,132220019,-,UVM,375,TCGA-V4-A9EL-01A,TCGA-V4-A9EL-01A,1.0,0.0,0.0,0.0,0.0
20,29538733,+,20,29540285,-,UVM,376,TCGA-V4-A9EL-01A,TCGA-V4-A9EL-01A,1.0,0.0,0.0,0.0,0.0
3,133342555,-,13,69348019,+,UVM,377,TCGA-V4-A9EL-01A,TCGA-V4-A9EL-01A,1.0,0.0,0.0,0.0,0.0
3,157972246,-,5,18435485,+,UVM,378,TCGA-V4-A9EL-01A,TCGA-V4-A9EL-01A,1.0,0.0,0.0,0.0,0.0
5,46328115,+,5,46331989,-,UVM,379,TCGA-V4-A9EL-01A,TCGA-V4-A9EL-01A,1.0,0.0,0.0,0.0,0.0
5,56791959,-,19,11640724,+,UVM,380,TCGA-V4-A9EL-01A,TCGA-V4-A9EL-01A,1.0,0.0,0.0,0.0,0.0
5,67818649,+,10,98542033,-,UVM,381,TCGA-V4-A9EL-01A,TCGA-V4-A9EL-01A,1.0,0.0,0.0,0.0,0.0
5,166156799,+,5,166721121,-,UVM,382,TCGA-V4-A9EL-01A,TCGA-V4-A9EL-01A,1.0,0.0,0.0,0.0,0.0
6,20120024,+,10,83278172,+,UVM,383,TCGA-V4-A9EL-01A,TCGA-V4-A9EL-01A,1.0,0.0,0.0,0.0,0.0
6,158803468,-,8,90906807,-,UVM,384,TCGA-V4-A9EL-01A,TCGA-V4-A9EL-01A,1.0,0.0,0.0,0.0,0.0
1,124797417,-,1,124806579,+,UVM,385,TCGA-V4-A9EM-01A,TCGA-V4-A9EM-01A,1.0,0.0,0.0,0.0,0.0
1,143285325,-,16,34686976,-,UVM,386,TCGA-V4-A9EM-01A,TCGA-V4-A9EM-01A,1.0,0.0,0.0,0.0,0.0
1,200897198,+,1,201620750,-,UVM,387,TCGA-V4-A9EM-01A,TCGA-V4-A9EM-01A,1.0,0.0,0.0,0.0,0.0
1,208329919,+,23,152730010,+,UVM,388,TCGA-V4-A9EM-01A,TCGA-V4-A9EM-01A,1.0,0.0,0.0,0.0,0.0
11,51987107,-,11,52558522,+,UVM,389,TCGA-V4-A9EM-01A,TCGA-V4-A9EM-01A,1.0,0.0,0.0,0.0,0.0
11,54372681,+,11,54376777,-,UVM,390,TCGA-V4-A9EM-01A,TCGA-V4-A9EM-01A,1.0,0.0,0.0,0.0,0.0
11,54397629,-,11,54417876,+,UVM,391,TCGA-V4-A9EM-01A,TCGA-V4-A9EM-01A,1.0,0.0,0.0,0.0,0.0
12,35326219,-,12,36042715,+,UVM,392,TCGA-V4-A9EM-01A,TCGA-V4-A9EM-01A,1.0,0.0,0.0,0.0,0.0
12,128745529,+,12,128748641,-,UVM,393,TCGA-V4-A9EM-01A,TCGA-V4-A9EM-01A,1.0,0.0,0.0,0.0,0.0
15,30736731,+,15,31669077,+,UVM,394,TCGA-V4-A9EM-01A,TCGA-V4-A9EM-01A,1.0,0.0,0.0,0.0,0.0
16,32256,+,23,156007198,+,UVM,395,TCGA-V4-A9EM-01A,TCGA-V4-A9EM-01A,1.0,0.0,0.0,0.0,0.0
17,10107405,-,17,10107519,+,UVM,396,TCGA-V4-A9EM-01A,TCGA-V4-A9EM-01A,1.0,0.0,0.0,0.0,0.0
18,15548397,-,18,15699742,+,UVM,397,TCGA-V4-A9EM-01A,TCGA-V4-A9EM-01A,1.0,0.0,0.0,0.0,0.0
19,40810278,-,19,41136461,-,UVM,398,TCGA-V4-A9EM-01A,TCGA-V4-A9EM-01A,1.0,0.0,0.0,0.0,0.0
19,50755845,+,19,50766883,-,UVM,399,TCGA-V4-A9EM-01A,TCGA-V4-A9EM-01A,1.0,0.0,0.0,0.0,0.0
19,57904794,-,19,57905194,+,UVM,400,TCGA-V4-A9EM-01A,TCGA-V4-A9EM-01A,1.0,0.0,0.0,0.0,0.0
2,60397098,+,5,172150067,+,UVM,401,TCGA-V4-A9EM-01A,TCGA-V4-A9EM-01A,1.0,0.0,0.0,0.0,0.0
2,193161493,-,2,193165982,+,UVM,402,TCGA-V4-A9EM-01A,TCGA-V4-A9EM-01A,1.0,0.0,0.0,0.0,0.0
2,203378154,-,2,204935514,-,UVM,403,TCGA-V4-A9EM-01A,TCGA-V4-A9EM-01A,1.0,0.0,0.0,0.0,0.0
2,203378419,+,2,204935316,+,UVM,404,TCGA-V4-A9EM-01A,TCGA-V4-A9EM-01A,1.0,0.0,0.0,0.0,0.0
2,234200023,-,2,234200137,+,UVM,405,TCGA-V4-A9EM-01A,TCGA-V4-A9EM-01A,1.0,0.0,0.0,0.0,0.0
20,26448377,-,20,26545425,+,UVM,406,TCGA-V4-A9EM-01A,TCGA-V4-A9EM-01A,1.0,0.0,0.0,0.0,0.0
20,29564261,+,20,30320198,+,UVM,407,TCGA-V4-A9EM-01A,TCGA-V4-A9EM-01A,1.0,0.0,0.0,0.0,0.0
22,47370468,-,22,47370638,+,UVM,408,TCGA-V4-A9EM-01A,TCGA-V4-A9EM-01A,1.0,0.0,0.0,0.0,0.0
3,76203568,-,3,76203728,+,UVM,409,TCGA-V4-A9EM-01A,TCGA-V4-A9EM-01A,1.0,0.0,0.0,0.0,0.0
3,88456517,-,8,14030558,-,UVM,410,TCGA-V4-A9EM-01A,TCGA-V4-A9EM-01A,1.0,0.0,0.0,0.0,0.0
3,91019569,+,3,91147932,-,UVM,411,TCGA-V4-A9EM-01A,TCGA-V4-A9EM-01A,1.0,0.0,0.0,0.0,0.0
3,188214001,+,3,188607117,-,UVM,412,TCGA-V4-A9EM-01A,TCGA-V4-A9EM-01A,1.0,0.0,0.0,0.0,0.0
3,197324780,-,3,197324867,+,UVM,413,TCGA-V4-A9EM-01A,TCGA-V4-A9EM-01A,1.0,0.0,0.0,0.0,0.0
4,41868815,-,11,101386072,+,UVM,414,TCGA-V4-A9EM-01A,TCGA-V4-A9EM-01A,1.0,0.0,0.0,0.0,0.0
4,68884332,-,4,69126085,-,UVM,415,TCGA-V4-A9EM-01A,TCGA-V4-A9EM-01A,1.0,0.0,0.0,0.0,0.0
4,160003633,+,7,104248566,-,UVM,416,TCGA-V4-A9EM-01A,TCGA-V4-A9EM-01A,1.0,0.0,0.0,0.0,0.0
5,47162261,-,5,47272617,+,UVM,417,TCGA-V4-A9EM-01A,TCGA-V4-A9EM-01A,1.0,0.0,0.0,0.0,0.0
5,49744549,+,5,49790356,-,UVM,418,TCGA-V4-A9EM-01A,TCGA-V4-A9EM-01A,1.0,0.0,0.0,0.0,0.0
5,166167549,+,5,166377741,-,UVM,419,TCGA-V4-A9EM-01A,TCGA-V4-A9EM-01A,1.0,0.0,0.0,0.0,0.0
6,31637639,+,7,67089319,+,UVM,420,TCGA-V4-A9EM-01A,TCGA-V4-A9EM-01A,1.0,0.0,0.0,0.0,0.0
6,169981395,+,6,169981464,-,UVM,421,TCGA-V4-A9EM-01A,TCGA-V4-A9EM-01A,1.0,0.0,0.0,0.0,0.0
8,44352981,+,8,44556007,-,UVM,422,TCGA-V4-A9EM-01A,TCGA-V4-A9EM-01A,1.0,0.0,0.0,0.0,0.0
8,121236683,-,16,60884421,+,UVM,423,TCGA-V4-A9EM-01A,TCGA-V4-A9EM-01A,1.0,0.0,0.0,0.0,0.0
9,128689655,+,9,128691167,-,UVM,424,TCGA-V4-A9EM-01A,TCGA-V4-A9EM-01A,1.0,0.0,0.0,0.0,0.0
10,116893597,+,17,14151528,-,UVM,425,TCGA-V4-A9EO-01A,TCGA-V4-A9EO-01A,1.0,0.0,0.0,0.0,0.0
11,54367221,+,11,54401087,-,UVM,426,TCGA-V4-A9EO-01A,TCGA-V4-A9EO-01A,1.0,0.0,0.0,0.0,0.0
11,54415926,+,11,54549229,-,UVM,427,TCGA-V4-A9EO-01A,TCGA-V4-A9EO-01A,1.0,0.0,0.0,0.0,0.0
11,65521343,+,11,65625285,-,UVM,428,TCGA-V4-A9EO-01A,TCGA-V4-A9EO-01A,1.0,0.0,0.0,0.0,0.0
14,68372424,+,14,69079266,-,UVM,429,TCGA-V4-A9EO-01A,TCGA-V4-A9EO-01A,1.0,0.0,0.0,0.0,0.0
16,409132,+,16,637960,-,UVM,430,TCGA-V4-A9EO-01A,TCGA-V4-A9EO-01A,1.0,0.0,0.0,0.0,0.0
17,22913444,-,17,23193079,+,UVM,431,TCGA-V4-A9EO-01A,TCGA-V4-A9EO-01A,1.0,0.0,0.0,0.0,0.0
18,15692000,+,18,20640369,-,UVM,432,TCGA-V4-A9EO-01A,TCGA-V4-A9EO-01A,1.0,0.0,0.0,0.0,0.0
18,15731765,+,18,15743599,-,UVM,433,TCGA-V4-A9EO-01A,TCGA-V4-A9EO-01A,1.0,0.0,0.0,0.0,0.0
19,27270635,-,19,27272332,+,UVM,434,TCGA-V4-A9EO-01A,TCGA-V4-A9EO-01A,1.0,0.0,0.0,0.0,0.0
2,20954130,+,21,41672831,+,UVM,435,TCGA-V4-A9EO-01A,TCGA-V4-A9EO-01A,1.0,0.0,0.0,0.0,0.0
20,29921440,+,20,29987058,-,UVM,436,TCGA-V4-A9EO-01A,TCGA-V4-A9EO-01A,1.0,0.0,0.0,0.0,0.0
3,132725298,-,18,3111109,+,UVM,437,TCGA-V4-A9EO-01A,TCGA-V4-A9EO-01A,1.0,0.0,0.0,0.0,0.0
6,58945642,+,6,59262986,-,UVM,438,TCGA-V4-A9EO-01A,TCGA-V4-A9EO-01A,1.0,0.0,0.0,0.0,0.0
6,128389444,+,11,92551415,-,UVM,439,TCGA-V4-A9EO-01A,TCGA-V4-A9EO-01A,1.0,0.0,0.0,0.0,0.0
7,128709872,+,19,45331000,-,UVM,440,TCGA-V4-A9EO-01A,TCGA-V4-A9EO-01A,1.0,0.0,0.0,0.0,0.0
9,43405802,+,9,44539990,-,UVM,441,TCGA-V4-A9EO-01A,TCGA-V4-A9EO-01A,1.0,0.0,0.0,0.0,0.0
9,74634975,+,9,74649616,-,UVM,442,TCGA-V4-A9EO-01A,TCGA-V4-A9EO-01A,1.0,0.0,0.0,0.0,0.0
9,104960577,-,23,3307048,-,UVM,443,TCGA-V4-A9EO-01A,TCGA-V4-A9EO-01A,1.0,0.0,0.0,0.0,0.0
1,120978,-,1,712056,+,UVM,444,TCGA-V4-A9ES-01A,TCGA-V4-A9ES-01A,1.0,0.0,0.0,0.0,0.0
1,31444660,+,23,91821775,-,UVM,445,TCGA-V4-A9ES-01A,TCGA-V4-A9ES-01A,1.0,0.0,0.0,0.0,0.0
1,31897862,-,1,38116886,-,UVM,446,TCGA-V4-A9ES-01A,TCGA-V4-A9ES-01A,1.0,0.0,0.0,0.0,0.0
1,31900837,+,1,60017070,+,UVM,447,TCGA-V4-A9ES-01A,TCGA-V4-A9ES-01A,1.0,0.0,0.0,0.0,0.0
1,38122684,+,23,89676508,-,UVM,448,TCGA-V4-A9ES-01A,TCGA-V4-A9ES-01A,1.0,0.0,0.0,0.0,0.0
1,45421612,-,23,82781379,-,UVM,449,TCGA-V4-A9ES-01A,TCGA-V4-A9ES-01A,1.0,0.0,0.0,0.0,0.0
1,45765886,+,23,91900294,+,UVM,450,TCGA-V4-A9ES-01A,TCGA-V4-A9ES-01A,1.0,0.0,0.0,0.0,0.0
1,60014444,-,23,82903644,+,UVM,451,TCGA-V4-A9ES-01A,TCGA-V4-A9ES-01A,1.0,0.0,0.0,0.0,0.0
11,43310873,-,20,10117960,+,UVM,452,TCGA-V4-A9ES-01A,TCGA-V4-A9ES-01A,1.0,0.0,0.0,0.0,0.0
11,54343754,+,11,54406053,-,UVM,453,TCGA-V4-A9ES-01A,TCGA-V4-A9ES-01A,1.0,0.0,0.0,0.0,0.0
11,54346521,+,11,54421089,-,UVM,454,TCGA-V4-A9ES-01A,TCGA-V4-A9ES-01A,1.0,0.0,0.0,0.0,0.0
11,54390862,+,11,54409097,-,UVM,455,TCGA-V4-A9ES-01A,TCGA-V4-A9ES-01A,1.0,0.0,0.0,0.0,0.0
12,34776870,-,12,34804796,+,UVM,456,TCGA-V4-A9ES-01A,TCGA-V4-A9ES-01A,1.0,0.0,0.0,0.0,0.0
13,16385719,+,13,16734017,-,UVM,457,TCGA-V4-A9ES-01A,TCGA-V4-A9ES-01A,1.0,0.0,0.0,0.0,0.0
17,22877412,-,17,23183160,+,UVM,458,TCGA-V4-A9ES-01A,TCGA-V4-A9ES-01A,1.0,0.0,0.0,0.0,0.0
3,91037461,+,3,91192745,-,UVM,459,TCGA-V4-A9ES-01A,TCGA-V4-A9ES-01A,1.0,0.0,0.0,0.0,0.0
3,92741148,-,3,93068134,+,UVM,460,TCGA-V4-A9ES-01A,TCGA-V4-A9ES-01A,1.0,0.0,0.0,0.0,0.0
4,50189346,-,4,50993235,+,UVM,461,TCGA-V4-A9ES-01A,TCGA-V4-A9ES-01A,1.0,0.0,0.0,0.0,0.0
4,50391737,+,4,50398658,-,UVM,462,TCGA-V4-A9ES-01A,TCGA-V4-A9ES-01A,1.0,0.0,0.0,0.0,0.0
6,160507361,-,22,22110022,+,UVM,463,TCGA-V4-A9ES-01A,TCGA-V4-A9ES-01A,1.0,0.0,0.0,0.0,0.0
6,165246039,+,6,165247269,-,UVM,464,TCGA-V4-A9ES-01A,TCGA-V4-A9ES-01A,1.0,0.0,0.0,0.0,0.0
7,57670926,-,20,29676972,-,UVM,465,TCGA-V4-A9ES-01A,TCGA-V4-A9ES-01A,1.0,0.0,0.0,0.0,0.0
7,128570662,-,11,46429137,+,UVM,466,TCGA-V4-A9ES-01A,TCGA-V4-A9ES-01A,1.0,0.0,0.0,0.0,0.0
23,68592305,+,23,82317227,+,UVM,467,TCGA-V4-A9ES-01A,TCGA-V4-A9ES-01A,1.0,0.0,0.0,0.0,0.0
23,69692512,-,23,81093429,-,UVM,468,TCGA-V4-A9ES-01A,TCGA-V4-A9ES-01A,1.0,0.0,0.0,0.0,0.0
23,78744085,+,23,89911480,+,UVM,469,TCGA-V4-A9ES-01A,TCGA-V4-A9ES-01A,1.0,0.0,0.0,0.0,0.0
1,207000281,+,6,52191026,+,UVM,470,TCGA-V4-A9ET-01A,TCGA-V4-A9ET-01A,1.0,0.0,0.0,0.0,0.0
11,27488189,-,11,49578472,-,UVM,471,TCGA-V4-A9ET-01A,TCGA-V4-A9ET-01A,1.0,0.0,0.0,0.0,0.0
11,27492906,+,11,49323721,+,UVM,472,TCGA-V4-A9ET-01A,TCGA-V4-A9ET-01A,1.0,0.0,0.0,0.0,0.0
12,6801691,-,12,6801841,+,UVM,473,TCGA-V4-A9ET-01A,TCGA-V4-A9ET-01A,1.0,0.0,0.0,0.0,0.0
12,36400767,-,12,36518826,+,UVM,474,TCGA-V4-A9ET-01A,TCGA-V4-A9ET-01A,1.0,0.0,0.0,0.0,0.0
12,109099370,+,12,109103392,-,UVM,475,TCGA-V4-A9ET-01A,TCGA-V4-A9ET-01A,1.0,0.0,0.0,0.0,0.0
12,109101999,+,12,109102836,-,UVM,476,TCGA-V4-A9ET-01A,TCGA-V4-A9ET-01A,1.0,0.0,0.0,0.0,0.0
12,109102929,+,12,109103431,-,UVM,477,TCGA-V4-A9ET-01A,TCGA-V4-A9ET-01A,1.0,0.0,0.0,0.0,0.0
12,117431415,-,12,117431561,+,UVM,478,TCGA-V4-A9ET-01A,TCGA-V4-A9ET-01A,1.0,0.0,0.0,0.0,0.0
13,23368946,+,13,23370105,-,UVM,479,TCGA-V4-A9ET-01A,TCGA-V4-A9ET-01A,1.0,0.0,0.0,0.0,0.0
13,80104513,+,19,32954828,-,UVM,480,TCGA-V4-A9ET-01A,TCGA-V4-A9ET-01A,1.0,0.0,0.0,0.0,0.0
13,86498044,-,13,86498769,-,UVM,481,TCGA-V4-A9ET-01A,TCGA-V4-A9ET-01A,1.0,0.0,0.0,0.0,0.0
13,110954939,+,13,112395948,+,UVM,482,TCGA-V4-A9ET-01A,TCGA-V4-A9ET-01A,1.0,0.0,0.0,0.0,0.0
14,55658298,+,17,68972155,-,UVM,483,TCGA-V4-A9ET-01A,TCGA-V4-A9ET-01A,1.0,0.0,0.0,0.0,0.0
14,70813493,-,14,70813637,+,UVM,484,TCGA-V4-A9ET-01A,TCGA-V4-A9ET-01A,1.0,0.0,0.0,0.0,0.0
15,18841154,-,15,19345743,+,UVM,485,TCGA-V4-A9ET-01A,TCGA-V4-A9ET-01A,1.0,0.0,0.0,0.0,0.0
16,3142267,-,16,3142362,+,UVM,486,TCGA-V4-A9ET-01A,TCGA-V4-A9ET-01A,1.0,0.0,0.0,0.0,0.0
17,78550344,-,17,78550414,+,UVM,487,TCGA-V4-A9ET-01A,TCGA-V4-A9ET-01A,1.0,0.0,0.0,0.0,0.0
18,14275264,+,18,14294884,-,UVM,488,TCGA-V4-A9ET-01A,TCGA-V4-A9ET-01A,1.0,0.0,0.0,0.0,0.0
18,20582836,-,18,20752862,-,UVM,489,TCGA-V4-A9ET-01A,TCGA-V4-A9ET-01A,1.0,0.0,0.0,0.0,0.0
18,66748951,+,18,66749135,-,UVM,490,TCGA-V4-A9ET-01A,TCGA-V4-A9ET-01A,1.0,0.0,0.0,0.0,0.0
18,78865825,-,18,78865986,+,UVM,491,TCGA-V4-A9ET-01A,TCGA-V4-A9ET-01A,1.0,0.0,0.0,0.0,0.0
19,36842770,+,19,36845160,-,UVM,492,TCGA-V4-A9ET-01A,TCGA-V4-A9ET-01A,1.0,0.0,0.0,0.0,0.0
19,40810519,+,19,41136286,+,UVM,493,TCGA-V4-A9ET-01A,TCGA-V4-A9ET-01A,1.0,0.0,0.0,0.0,0.0
19,40810755,-,19,41135923,-,UVM,494,TCGA-V4-A9ET-01A,TCGA-V4-A9ET-01A,1.0,0.0,0.0,0.0,0.0
2,29583552,-,8,41679875,+,UVM,495,TCGA-V4-A9ET-01A,TCGA-V4-A9ET-01A,1.0,0.0,0.0,0.0,0.0
2,60956800,+,2,60971039,-,UVM,496,TCGA-V4-A9ET-01A,TCGA-V4-A9ET-01A,1.0,0.0,0.0,0.0,0.0
2,81703826,-,7,32959107,-,UVM,497,TCGA-V4-A9ET-01A,TCGA-V4-A9ET-01A,1.0,0.0,0.0,0.0,0.0
2,113084980,-,2,113085034,+,UVM,498,TCGA-V4-A9ET-01A,TCGA-V4-A9ET-01A,1.0,0.0,0.0,0.0,0.0
2,167316074,-,2,167327691,-,UVM,499,TCGA-V4-A9ET-01A,TCGA-V4-A9ET-01A,1.0,0.0,0.0,0.0,0.0
2,188254499,+,2,188256256,-,UVM,500,TCGA-V4-A9ET-01A,TCGA-V4-A9ET-01A,1.0,0.0,0.0,0.0,0.0
2,201284675,+,15,59423075,-,UVM,501,TCGA-V4-A9ET-01A,TCGA-V4-A9ET-01A,1.0,0.0,0.0,0.0,0.0
2,222866745,-,9,123187752,+,UVM,502,TCGA-V4-A9ET-01A,TCGA-V4-A9ET-01A,1.0,0.0,0.0,0.0,0.0
2,238575960,-,2,238576095,+,UVM,503,TCGA-V4-A9ET-01A,TCGA-V4-A9ET-01A,1.0,0.0,0.0,0.0,0.0
20,48202809,+,20,48606163,+,UVM,504,TCGA-V4-A9ET-01A,TCGA-V4-A9ET-01A,1.0,0.0,0.0,0.0,0.0
22,47171947,-,22,47172074,+,UVM,505,TCGA-V4-A9ET-01A,TCGA-V4-A9ET-01A,1.0,0.0,0.0,0.0,0.0
3,16717226,-,3,16717285,+,UVM,506,TCGA-V4-A9ET-01A,TCGA-V4-A9ET-01A,1.0,0.0,0.0,0.0,0.0
3,81191050,-,19,37858658,-,UVM,507,TCGA-V4-A9ET-01A,TCGA-V4-A9ET-01A,1.0,0.0,0.0,0.0,0.0
3,114975125,+,6,63534782,-,UVM,508,TCGA-V4-A9ET-01A,TCGA-V4-A9ET-01A,1.0,0.0,0.0,0.0,0.0
3,159306188,-,3,159306326,+,UVM,509,TCGA-V4-A9ET-01A,TCGA-V4-A9ET-01A,1.0,0.0,0.0,0.0,0.0
3,188613245,-,14,66840971,-,UVM,510,TCGA-V4-A9ET-01A,TCGA-V4-A9ET-01A,1.0,0.0,0.0,0.0,0.0
4,49246404,+,4,49548866,+,UVM,511,TCGA-V4-A9ET-01A,TCGA-V4-A9ET-01A,1.0,0.0,0.0,0.0,0.0
4,188869462,-,4,188869557,+,UVM,512,TCGA-V4-A9ET-01A,TCGA-V4-A9ET-01A,1.0,0.0,0.0,0.0,0.0
5,444675,-,5,444838,+,UVM,513,TCGA-V4-A9ET-01A,TCGA-V4-A9ET-01A,1.0,0.0,0.0,0.0,0.0
5,123583631,+,15,34346766,+,UVM,514,TCGA-V4-A9ET-01A,TCGA-V4-A9ET-01A,1.0,0.0,0.0,0.0,0.0
6,2940583,-,6,2940697,+,UVM,515,TCGA-V4-A9ET-01A,TCGA-V4-A9ET-01A,1.0,0.0,0.0,0.0,0.0
6,13328503,-,8,110556289,-,UVM,516,TCGA-V4-A9ET-01A,TCGA-V4-A9ET-01A,1.0,0.0,0.0,0.0,0.0
6,32476740,+,14,69813947,+,UVM,517,TCGA-V4-A9ET-01A,TCGA-V4-A9ET-01A,1.0,0.0,0.0,0.0,0.0
6,46951338,-,6,46953690,+,UVM,518,TCGA-V4-A9ET-01A,TCGA-V4-A9ET-01A,1.0,0.0,0.0,0.0,0.0
7,158410794,-,7,158410980,+,UVM,519,TCGA-V4-A9ET-01A,TCGA-V4-A9ET-01A,1.0,0.0,0.0,0.0,0.0
8,92034699,-,8,92034788,+,UVM,520,TCGA-V4-A9ET-01A,TCGA-V4-A9ET-01A,1.0,0.0,0.0,0.0,0.0
8,141246485,-,8,141246607,+,UVM,521,TCGA-V4-A9ET-01A,TCGA-V4-A9ET-01A,1.0,0.0,0.0,0.0,0.0
9,34100493,+,9,133326483,-,UVM,522,TCGA-V4-A9ET-01A,TCGA-V4-A9ET-01A,1.0,0.0,0.0,0.0,0.0
1,122055207,-,1,122168544,+,UVM,523,TCGA-V4-A9EU-01A,TCGA-V4-A9EU-01A,1.0,0.0,0.0,0.0,0.0
1,124795663,+,1,124803350,-,UVM,524,TCGA-V4-A9EU-01A,TCGA-V4-A9EU-01A,1.0,0.0,0.0,0.0,0.0
1,124899260,+,1,124915756,-,UVM,525,TCGA-V4-A9EU-01A,TCGA-V4-A9EU-01A,1.0,0.0,0.0,0.0,0.0
11,54378154,-,11,54380218,+,UVM,526,TCGA-V4-A9EU-01A,TCGA-V4-A9EU-01A,1.0,0.0,0.0,0.0,0.0
16,36342317,+,16,36378919,-,UVM,527,TCGA-V4-A9EU-01A,TCGA-V4-A9EU-01A,1.0,0.0,0.0,0.0,0.0
18,15467650,-,18,15704358,+,UVM,528,TCGA-V4-A9EU-01A,TCGA-V4-A9EU-01A,1.0,0.0,0.0,0.0,0.0
2,32440780,+,10,58642665,-,UVM,529,TCGA-V4-A9EU-01A,TCGA-V4-A9EU-01A,1.0,0.0,0.0,0.0,0.0
3,90779236,+,3,90812314,-,UVM,530,TCGA-V4-A9EU-01A,TCGA-V4-A9EU-01A,1.0,0.0,0.0,0.0,0.0
4,48923556,-,6,64390043,-,UVM,531,TCGA-V4-A9EU-01A,TCGA-V4-A9EU-01A,1.0,0.0,0.0,0.0,0.0
4,87863336,+,4,183046026,+,UVM,532,TCGA-V4-A9EU-01A,TCGA-V4-A9EU-01A,1.0,0.0,0.0,0.0,0.0
5,165741463,+,5,166670631,-,UVM,533,TCGA-V4-A9EU-01A,TCGA-V4-A9EU-01A,1.0,0.0,0.0,0.0,0.0
7,4272875,-,7,4289803,+,UVM,534,TCGA-V4-A9EU-01A,TCGA-V4-A9EU-01A,1.0,0.0,0.0,0.0,0.0
8,21156151,-,22,16724318,-,UVM,535,TCGA-V4-A9EU-01A,TCGA-V4-A9EU-01A,1.0,0.0,0.0,0.0,0.0
8,44984434,+,8,45740226,-,UVM,536,TCGA-V4-A9EU-01A,TCGA-V4-A9EU-01A,1.0,0.0,0.0,0.0,0.0
8,45399318,-,8,45678792,+,UVM,537,TCGA-V4-A9EU-01A,TCGA-V4-A9EU-01A,1.0,0.0,0.0,0.0,0.0
8,141515333,+,20,1815140,+,UVM,538,TCGA-V4-A9EU-01A,TCGA-V4-A9EU-01A,1.0,0.0,0.0,0.0,0.0
9,40545619,-,9,43175961,+,UVM,539,TCGA-V4-A9EU-01A,TCGA-V4-A9EU-01A,1.0,0.0,0.0,0.0,0.0
9,43178765,+,18,15403550,-,UVM,540,TCGA-V4-A9EU-01A,TCGA-V4-A9EU-01A,1.0,0.0,0.0,0.0,0.0
1,39696997,+,1,39702696,+,UVM,541,TCGA-V4-A9EV-01A,TCGA-V4-A9EV-01A,1.0,0.0,0.0,0.0,0.0
11,47642205,-,14,68794785,-,UVM,542,TCGA-V4-A9EV-01A,TCGA-V4-A9EV-01A,1.0,0.0,0.0,0.0,0.0
12,84760915,-,16,68173269,-,UVM,543,TCGA-V4-A9EV-01A,TCGA-V4-A9EV-01A,1.0,0.0,0.0,0.0,0.0
13,16859767,-,13,17083324,+,UVM,544,TCGA-V4-A9EV-01A,TCGA-V4-A9EV-01A,1.0,0.0,0.0,0.0,0.0
15,18336827,-,20,29187415,+,UVM,545,TCGA-V4-A9EV-01A,TCGA-V4-A9EV-01A,1.0,0.0,0.0,0.0,0.0
16,34184158,-,20,29224719,-,UVM,546,TCGA-V4-A9EV-01A,TCGA-V4-A9EV-01A,1.0,0.0,0.0,0.0,0.0
18,15580283,+,18,15685698,-,UVM,547,TCGA-V4-A9EV-01A,TCGA-V4-A9EV-01A,1.0,0.0,0.0,0.0,0.0
18,20582191,+,18,20640681,+,UVM,548,TCGA-V4-A9EV-01A,TCGA-V4-A9EV-01A,1.0,0.0,0.0,0.0,0.0
18,20612541,+,18,20816057,+,UVM,549,TCGA-V4-A9EV-01A,TCGA-V4-A9EV-01A,1.0,0.0,0.0,0.0,0.0
19,54758996,-,19,54838034,+,UVM,550,TCGA-V4-A9EV-01A,TCGA-V4-A9EV-01A,1.0,0.0,0.0,0.0,0.0
20,9671781,-,20,9747864,-,UVM,551,TCGA-V4-A9EV-01A,TCGA-V4-A9EV-01A,1.0,0.0,0.0,0.0,0.0
20,26482105,+,20,26570723,-,UVM,552,TCGA-V4-A9EV-01A,TCGA-V4-A9EV-01A,1.0,0.0,0.0,0.0,0.0
4,49728197,+,4,51187617,-,UVM,553,TCGA-V4-A9EV-01A,TCGA-V4-A9EV-01A,1.0,0.0,0.0,0.0,0.0
5,46616454,+,5,46705858,-,UVM,554,TCGA-V4-A9EV-01A,TCGA-V4-A9EV-01A,1.0,0.0,0.0,0.0,0.0
5,46716546,-,5,46723810,+,UVM,555,TCGA-V4-A9EV-01A,TCGA-V4-A9EV-01A,1.0,0.0,0.0,0.0,0.0
5,49726040,-,5,50141203,-,UVM,556,TCGA-V4-A9EV-01A,TCGA-V4-A9EV-01A,1.0,0.0,0.0,0.0,0.0
5,49916424,+,5,49925162,-,UVM,557,TCGA-V4-A9EV-01A,TCGA-V4-A9EV-01A,1.0,0.0,0.0,0.0,0.0
5,49968789,-,5,49979973,+,UVM,558,TCGA-V4-A9EV-01A,TCGA-V4-A9EV-01A,1.0,0.0,0.0,0.0,0.0
5,166362914,-,5,166384663,+,UVM,559,TCGA-V4-A9EV-01A,TCGA-V4-A9EV-01A,1.0,0.0,0.0,0.0,0.0
6,60655231,-,6,60660195,+,UVM,560,TCGA-V4-A9EV-01A,TCGA-V4-A9EV-01A,1.0,0.0,0.0,0.0,0.0
6,60655430,+,6,60660384,-,UVM,561,TCGA-V4-A9EV-01A,TCGA-V4-A9EV-01A,1.0,0.0,0.0,0.0,0.0
6,103493891,+,10,42528909,-,UVM,562,TCGA-V4-A9EV-01A,TCGA-V4-A9EV-01A,1.0,0.0,0.0,0.0,0.0
7,81436188,+,12,132940032,+,UVM,563,TCGA-V4-A9EV-01A,TCGA-V4-A9EV-01A,1.0,0.0,0.0,0.0,0.0
9,40229168,+,9,42858477,-,UVM,564,TCGA-V4-A9EV-01A,TCGA-V4-A9EV-01A,1.0,0.0,0.0,0.0,0.0
9,40545655,-,9,43175953,+,UVM,565,TCGA-V4-A9EV-01A,TCGA-V4-A9EV-01A,1.0,0.0,0.0,0.0,0.0
1,73922292,-,6,44734788,+,UVM,566,TCGA-V4-A9EW-01A,TCGA-V4-A9EW-01A,1.0,0.0,0.0,0.0,0.0
1,85748579,+,1,177633939,-,UVM,567,TCGA-V4-A9EW-01A,TCGA-V4-A9EW-01A,1.0,0.0,0.0,0.0,0.0
1,191291032,-,6,96551862,+,UVM,568,TCGA-V4-A9EW-01A,TCGA-V4-A9EW-01A,1.0,0.0,0.0,0.0,0.0
14,68794835,-,16,53010804,-,UVM,569,TCGA-V4-A9EW-01A,TCGA-V4-A9EW-01A,1.0,0.0,0.0,0.0,0.0
15,17024824,+,20,28784223,+,UVM,570,TCGA-V4-A9EW-01A,TCGA-V4-A9EW-01A,1.0,0.0,0.0,0.0,0.0
17,21715739,+,17,26987693,-,UVM,571,TCGA-V4-A9EW-01A,TCGA-V4-A9EW-01A,1.0,0.0,0.0,0.0,0.0
17,26762485,-,24,11485050,-,UVM,572,TCGA-V4-A9EW-01A,TCGA-V4-A9EW-01A,1.0,0.0,0.0,0.0,0.0
18,68377634,-,24,11917334,-,UVM,573,TCGA-V4-A9EW-01A,TCGA-V4-A9EW-01A,1.0,0.0,0.0,0.0,0.0
3,110533886,+,9,108676954,-,UVM,574,TCGA-V4-A9EW-01A,TCGA-V4-A9EW-01A,1.0,0.0,0.0,0.0,0.0
4,52409339,+,12,25392118,+,UVM,575,TCGA-V4-A9EW-01A,TCGA-V4-A9EW-01A,1.0,0.0,0.0,0.0,0.0
6,29888087,-,6,29942910,+,UVM,576,TCGA-V4-A9EW-01A,TCGA-V4-A9EW-01A,1.0,0.0,0.0,0.0,0.0
6,55571401,+,18,42899551,+,UVM,577,TCGA-V4-A9EW-01A,TCGA-V4-A9EW-01A,1.0,0.0,0.0,0.0,0.0
7,61430726,-,7,61449911,+,UVM,578,TCGA-V4-A9EW-01A,TCGA-V4-A9EW-01A,1.0,0.0,0.0,0.0,0.0
8,44082079,-,8,44082447,+,UVM,579,TCGA-V4-A9EW-01A,TCGA-V4-A9EW-01A,1.0,0.0,0.0,0.0,0.0
8,95216575,-,16,65134230,+,UVM,580,TCGA-V4-A9EW-01A,TCGA-V4-A9EW-01A,1.0,0.0,0.0,0.0,0.0
11,54378156,-,11,54394479,+,UVM,581,TCGA-V4-A9EZ-01A,TCGA-V4-A9EZ-01A,1.0,0.0,0.0,0.0,0.0
11,54388295,+,11,54408777,-,UVM,582,TCGA-V4-A9EZ-01A,TCGA-V4-A9EZ-01A,1.0,0.0,0.0,0.0,0.0
14,55658286,+,17,68972168,-,UVM,583,TCGA-V4-A9EZ-01A,TCGA-V4-A9EZ-01A,1.0,0.0,0.0,0.0,0.0
18,15507737,-,18,15666193,+,UVM,584,TCGA-V4-A9EZ-01A,TCGA-V4-A9EZ-01A,1.0,0.0,0.0,0.0,0.0
2,95846868,+,2,113393726,+,UVM,585,TCGA-V4-A9EZ-01A,TCGA-V4-A9EZ-01A,1.0,0.0,0.0,0.0,0.0
20,29412507,+,20,29413580,-,UVM,586,TCGA-V4-A9EZ-01A,TCGA-V4-A9EZ-01A,1.0,0.0,0.0,0.0,0.0
3,91226604,+,3,91243017,-,UVM,587,TCGA-V4-A9EZ-01A,TCGA-V4-A9EZ-01A,1.0,0.0,0.0,0.0,0.0
6,43542243,+,7,71012826,+,UVM,588,TCGA-V4-A9EZ-01A,TCGA-V4-A9EZ-01A,1.0,0.0,0.0,0.0,0.0
6,75482685,+,7,11388941,+,UVM,589,TCGA-V4-A9EZ-01A,TCGA-V4-A9EZ-01A,1.0,0.0,0.0,0.0,0.0
6,167641277,-,11,133354070,-,UVM,590,TCGA-V4-A9EZ-01A,TCGA-V4-A9EZ-01A,1.0,0.0,0.0,0.0,0.0
7,11388944,-,7,71012830,-,UVM,591,TCGA-V4-A9EZ-01A,TCGA-V4-A9EZ-01A,1.0,0.0,0.0,0.0,0.0
7,61488267,+,7,61515450,-,UVM,592,TCGA-V4-A9EZ-01A,TCGA-V4-A9EZ-01A,1.0,0.0,0.0,0.0,0.0
7,89375719,-,8,91959475,-,UVM,593,TCGA-V4-A9EZ-01A,TCGA-V4-A9EZ-01A,1.0,0.0,0.0,0.0,0.0
7,127929983,-,7,140791563,+,UVM,594,TCGA-V4-A9EZ-01A,TCGA-V4-A9EZ-01A,1.0,0.0,0.0,0.0,0.0
8,123374131,-,8,123450170,+,UVM,595,TCGA-V4-A9EZ-01A,TCGA-V4-A9EZ-01A,1.0,0.0,0.0,0.0,0.0
1,5816543,+,1,5817461,-,UVM,596,TCGA-V4-A9F0-01A,TCGA-V4-A9F0-01A,1.0,0.0,0.0,0.0,0.0
1,9069818,+,16,79066187,-,UVM,597,TCGA-V4-A9F0-01A,TCGA-V4-A9F0-01A,1.0,0.0,0.0,0.0,0.0
1,9969754,-,16,51972642,-,UVM,598,TCGA-V4-A9F0-01A,TCGA-V4-A9F0-01A,1.0,0.0,0.0,0.0,0.0
1,18793234,+,16,51307446,+,UVM,599,TCGA-V4-A9F0-01A,TCGA-V4-A9F0-01A,1.0,0.0,0.0,0.0,0.0
1,23778347,-,16,79066111,+,UVM,600,TCGA-V4-A9F0-01A,TCGA-V4-A9F0-01A,1.0,0.0,0.0,0.0,0.0
1,24661139,+,16,78987932,+,UVM,601,TCGA-V4-A9F0-01A,TCGA-V4-A9F0-01A,1.0,0.0,0.0,0.0,0.0
1,24661283,-,1,34793367,+,UVM,602,TCGA-V4-A9F0-01A,TCGA-V4-A9F0-01A,1.0,0.0,0.0,0.0,0.0
1,24695839,+,1,26148038,+,UVM,603,TCGA-V4-A9F0-01A,TCGA-V4-A9F0-01A,1.0,0.0,0.0,0.0,0.0
1,25295877,-,1,35656628,-,UVM,604,TCGA-V4-A9F0-01A,TCGA-V4-A9F0-01A,1.0,0.0,0.0,0.0,0.0
1,26328797,-,16,89543154,-,UVM,605,TCGA-V4-A9F0-01A,TCGA-V4-A9F0-01A,1.0,0.0,0.0,0.0,0.0
1,124799995,+,1,124823104,-,UVM,606,TCGA-V4-A9F0-01A,TCGA-V4-A9F0-01A,1.0,0.0,0.0,0.0,0.0
11,51106894,-,11,51739074,+,UVM,607,TCGA-V4-A9F0-01A,TCGA-V4-A9F0-01A,1.0,0.0,0.0,0.0,0.0
11,51110138,+,11,52754487,-,UVM,608,TCGA-V4-A9F0-01A,TCGA-V4-A9F0-01A,1.0,0.0,0.0,0.0,0.0
11,51548633,-,11,53644194,+,UVM,609,TCGA-V4-A9F0-01A,TCGA-V4-A9F0-01A,1.0,0.0,0.0,0.0,0.0
11,54352566,-,11,54413033,+,UVM,610,TCGA-V4-A9F0-01A,TCGA-V4-A9F0-01A,1.0,0.0,0.0,0.0,0.0
11,54361601,-,11,54397435,+,UVM,611,TCGA-V4-A9F0-01A,TCGA-V4-A9F0-01A,1.0,0.0,0.0,0.0,0.0
11,54380204,+,11,54421130,-,UVM,612,TCGA-V4-A9F0-01A,TCGA-V4-A9F0-01A,1.0,0.0,0.0,0.0,0.0
13,17576921,-,13,18039266,+,UVM,613,TCGA-V4-A9F0-01A,TCGA-V4-A9F0-01A,1.0,0.0,0.0,0.0,0.0
16,30639336,-,16,30652920,+,UVM,614,TCGA-V4-A9F0-01A,TCGA-V4-A9F0-01A,1.0,0.0,0.0,0.0,0.0
16,54104386,+,16,64615986,-,UVM,615,TCGA-V4-A9F0-01A,TCGA-V4-A9F0-01A,1.0,0.0,0.0,0.0,0.0
16,54162999,-,16,82168026,-,UVM,616,TCGA-V4-A9F0-01A,TCGA-V4-A9F0-01A,1.0,0.0,0.0,0.0,0.0
16,61454335,+,16,79066726,+,UVM,617,TCGA-V4-A9F0-01A,TCGA-V4-A9F0-01A,1.0,0.0,0.0,0.0,0.0
16,68842101,+,16,78989127,-,UVM,618,TCGA-V4-A9F0-01A,TCGA-V4-A9F0-01A,1.0,0.0,0.0,0.0,0.0
16,71068494,-,16,88416661,+,UVM,619,TCGA-V4-A9F0-01A,TCGA-V4-A9F0-01A,1.0,0.0,0.0,0.0,0.0
20,53164877,+,20,53167170,-,UVM,620,TCGA-V4-A9F0-01A,TCGA-V4-A9F0-01A,1.0,0.0,0.0,0.0,0.0
3,90832851,+,3,91080066,-,UVM,621,TCGA-V4-A9F0-01A,TCGA-V4-A9F0-01A,1.0,0.0,0.0,0.0,0.0
3,91165936,+,3,91208383,-,UVM,622,TCGA-V4-A9F0-01A,TCGA-V4-A9F0-01A,1.0,0.0,0.0,0.0,0.0
3,91380382,-,6,57639600,-,UVM,623,TCGA-V4-A9F0-01A,TCGA-V4-A9F0-01A,1.0,0.0,0.0,0.0,0.0
4,90206699,+,6,100041104,+,UVM,624,TCGA-V4-A9F0-01A,TCGA-V4-A9F0-01A,1.0,0.0,0.0,0.0,0.0
5,36952019,-,20,5298414,+,UVM,625,TCGA-V4-A9F0-01A,TCGA-V4-A9F0-01A,1.0,0.0,0.0,0.0,0.0
5,49916432,+,5,49925178,-,UVM,626,TCGA-V4-A9F0-01A,TCGA-V4-A9F0-01A,1.0,0.0,0.0,0.0,0.0
5,160690005,+,14,40608058,+,UVM,627,TCGA-V4-A9F0-01A,TCGA-V4-A9F0-01A,1.0,0.0,0.0,0.0,0.0
6,59299156,-,6,59699102,+,UVM,628,TCGA-V4-A9F0-01A,TCGA-V4-A9F0-01A,1.0,0.0,0.0,0.0,0.0
6,61161432,+,6,66636469,-,UVM,629,TCGA-V4-A9F0-01A,TCGA-V4-A9F0-01A,1.0,0.0,0.0,0.0,0.0
6,61650152,+,6,80454955,-,UVM,630,TCGA-V4-A9F0-01A,TCGA-V4-A9F0-01A,1.0,0.0,0.0,0.0,0.0
6,62144339,-,6,64791510,-,UVM,631,TCGA-V4-A9F0-01A,TCGA-V4-A9F0-01A,1.0,0.0,0.0,0.0,0.0
6,62615962,+,6,64266731,+,UVM,632,TCGA-V4-A9F0-01A,TCGA-V4-A9F0-01A,1.0,0.0,0.0,0.0,0.0
6,62995264,-,6,79617630,+,UVM,633,TCGA-V4-A9F0-01A,TCGA-V4-A9F0-01A,1.0,0.0,0.0,0.0,0.0
6,64506609,-,6,66343848,-,UVM,634,TCGA-V4-A9F0-01A,TCGA-V4-A9F0-01A,1.0,0.0,0.0,0.0,0.0
6,69028024,+,6,79697566,-,UVM,635,TCGA-V4-A9F0-01A,TCGA-V4-A9F0-01A,1.0,0.0,0.0,0.0,0.0
6,75380758,+,6,81963188,+,UVM,636,TCGA-V4-A9F0-01A,TCGA-V4-A9F0-01A,1.0,0.0,0.0,0.0,0.0
6,79002036,+,6,81447268,+,UVM,637,TCGA-V4-A9F0-01A,TCGA-V4-A9F0-01A,1.0,0.0,0.0,0.0,0.0
6,88794182,-,6,165594786,+,UVM,638,TCGA-V4-A9F0-01A,TCGA-V4-A9F0-01A,1.0,0.0,0.0,0.0,0.0
9,44035508,-,9,44695492,+,UVM,639,TCGA-V4-A9F0-01A,TCGA-V4-A9F0-01A,1.0,0.0,0.0,0.0,0.0
1,242276705,-,10,38321968,-,UVM,640,TCGA-V4-A9F1-01A,TCGA-V4-A9F1-01A,1.0,0.0,0.0,0.0,0.0
2,222866744,-,19,15170629,+,UVM,641,TCGA-V4-A9F1-01A,TCGA-V4-A9F1-01A,1.0,0.0,0.0,0.0,0.0
3,98681401,+,16,7683018,+,UVM,642,TCGA-V4-A9F1-01A,TCGA-V4-A9F1-01A,1.0,0.0,0.0,0.0,0.0
6,58007265,+,6,60758737,-,UVM,643,TCGA-V4-A9F1-01A,TCGA-V4-A9F1-01A,1.0,0.0,0.0,0.0,0.0
6,162878140,+,6,162943218,-,UVM,644,TCGA-V4-A9F1-01A,TCGA-V4-A9F1-01A,1.0,0.0,0.0,0.0,0.0
8,108591906,-,8,108629717,+,UVM,645,TCGA-V4-A9F1-01A,TCGA-V4-A9F1-01A,1.0,0.0,0.0,0.0,0.0
8,108591985,+,8,108629740,-,UVM,646,TCGA-V4-A9F1-01A,TCGA-V4-A9F1-01A,1.0,0.0,0.0,0.0,0.0
1,4420280,+,23,141440131,-,UVM,647,TCGA-V4-A9F2-01A,TCGA-V4-A9F2-01A,1.0,0.0,0.0,0.0,0.0
1,11830796,+,7,116725798,-,UVM,648,TCGA-V4-A9F2-01A,TCGA-V4-A9F2-01A,1.0,0.0,0.0,0.0,0.0
1,41395544,+,11,19527972,+,UVM,649,TCGA-V4-A9F2-01A,TCGA-V4-A9F2-01A,1.0,0.0,0.0,0.0,0.0
11,51441452,-,11,52022849,+,UVM,650,TCGA-V4-A9F2-01A,TCGA-V4-A9F2-01A,1.0,0.0,0.0,0.0,0.0
11,54351189,-,11,54376854,+,UVM,651,TCGA-V4-A9F2-01A,TCGA-V4-A9F2-01A,1.0,0.0,0.0,0.0,0.0
12,34780217,+,12,34795962,-,UVM,652,TCGA-V4-A9F2-01A,TCGA-V4-A9F2-01A,1.0,0.0,0.0,0.0,0.0
12,35798429,+,12,37161090,-,UVM,653,TCGA-V4-A9F2-01A,TCGA-V4-A9F2-01A,1.0,0.0,0.0,0.0,0.0
13,18761759,-,18,14318922,-,UVM,654,TCGA-V4-A9F2-01A,TCGA-V4-A9F2-01A,1.0,0.0,0.0,0.0,0.0
2,93108310,-,2,93204405,+,UVM,655,TCGA-V4-A9F2-01A,TCGA-V4-A9F2-01A,1.0,0.0,0.0,0.0,0.0
2,172590799,+,3,103727971,+,UVM,656,TCGA-V4-A9F2-01A,TCGA-V4-A9F2-01A,1.0,0.0,0.0,0.0,0.0
3,91050027,+,3,91178366,-,UVM,657,TCGA-V4-A9F2-01A,TCGA-V4-A9F2-01A,1.0,0.0,0.0,0.0,0.0
4,92649146,-,12,26567938,-,UVM,658,TCGA-V4-A9F2-01A,TCGA-V4-A9F2-01A,1.0,0.0,0.0,0.0,0.0
5,46539413,+,5,46544692,-,UVM,659,TCGA-V4-A9F2-01A,TCGA-V4-A9F2-01A,1.0,0.0,0.0,0.0,0.0
1,26013646,+,19,50845156,-,UVM,660,TCGA-V4-A9F3-01A,TCGA-V4-A9F3-01A,1.0,0.0,0.0,0.0,0.0
1,124799948,-,1,124802852,+,UVM,661,TCGA-V4-A9F3-01A,TCGA-V4-A9F3-01A,1.0,0.0,0.0,0.0,0.0
1,242276129,+,10,38322187,+,UVM,662,TCGA-V4-A9F3-01A,TCGA-V4-A9F3-01A,1.0,0.0,0.0,0.0,0.0
1,242276451,-,10,38322050,-,UVM,663,TCGA-V4-A9F3-01A,TCGA-V4-A9F3-01A,1.0,0.0,0.0,0.0,0.0
10,38714996,-,24,11414262,+,UVM,664,TCGA-V4-A9F3-01A,TCGA-V4-A9F3-01A,1.0,0.0,0.0,0.0,0.0
12,34773697,+,12,34788320,-,UVM,665,TCGA-V4-A9F3-01A,TCGA-V4-A9F3-01A,1.0,0.0,0.0,0.0,0.0
13,16020553,+,20,28925866,+,UVM,666,TCGA-V4-A9F3-01A,TCGA-V4-A9F3-01A,1.0,0.0,0.0,0.0,0.0
13,16454973,-,13,17314323,+,UVM,667,TCGA-V4-A9F3-01A,TCGA-V4-A9F3-01A,1.0,0.0,0.0,0.0,0.0
15,82367226,+,15,82501746,+,UVM,668,TCGA-V4-A9F3-01A,TCGA-V4-A9F3-01A,1.0,0.0,0.0,0.0,0.0
16,30752239,+,23,36616693,+,UVM,669,TCGA-V4-A9F3-01A,TCGA-V4-A9F3-01A,1.0,0.0,0.0,0.0,0.0
17,23064439,+,17,23176163,-,UVM,670,TCGA-V4-A9F3-01A,TCGA-V4-A9F3-01A,1.0,0.0,0.0,0.0,0.0
18,15531866,-,18,15712550,+,UVM,671,TCGA-V4-A9F3-01A,TCGA-V4-A9F3-01A,1.0,0.0,0.0,0.0,0.0
18,15574007,+,18,15762325,-,UVM,672,TCGA-V4-A9F3-01A,TCGA-V4-A9F3-01A,1.0,0.0,0.0,0.0,0.0
2,91931368,-,24,11382605,+,UVM,673,TCGA-V4-A9F3-01A,TCGA-V4-A9F3-01A,1.0,0.0,0.0,0.0,0.0
2,93876758,-,2,94156216,+,UVM,674,TCGA-V4-A9F3-01A,TCGA-V4-A9F3-01A,1.0,0.0,0.0,0.0,0.0
22,31237322,-,22,31244447,+,UVM,675,TCGA-V4-A9F3-01A,TCGA-V4-A9F3-01A,1.0,0.0,0.0,0.0,0.0
5,49667638,-,5,49749501,+,UVM,676,TCGA-V4-A9F3-01A,TCGA-V4-A9F3-01A,1.0,0.0,0.0,0.0,0.0
5,49800443,+,5,49853437,-,UVM,677,TCGA-V4-A9F3-01A,TCGA-V4-A9F3-01A,1.0,0.0,0.0,0.0,0.0
6,59613163,-,6,59619192,+,UVM,678,TCGA-V4-A9F3-01A,TCGA-V4-A9F3-01A,1.0,0.0,0.0,0.0,0.0
7,61379648,-,7,61513839,+,UVM,679,TCGA-V4-A9F3-01A,TCGA-V4-A9F3-01A,1.0,0.0,0.0,0.0,0.0
7,142740892,+,7,142788502,-,UVM,680,TCGA-V4-A9F3-01A,TCGA-V4-A9F3-01A,1.0,0.0,0.0,0.0,0.0
1,44810696,-,1,44936316,+,UVM,681,TCGA-V4-A9F4-01A,TCGA-V4-A9F4-01A,1.0,0.0,0.0,0.0,0.0
1,122200953,-,1,122215858,+,UVM,682,TCGA-V4-A9F4-01A,TCGA-V4-A9F4-01A,1.0,0.0,0.0,0.0,0.0
10,46092952,-,10,47448958,-,UVM,683,TCGA-V4-A9F4-01A,TCGA-V4-A9F4-01A,1.0,0.0,0.0,0.0,0.0
10,86697646,-,10,86712963,-,UVM,684,TCGA-V4-A9F4-01A,TCGA-V4-A9F4-01A,1.0,0.0,0.0,0.0,0.0
10,86699070,+,10,88834230,+,UVM,685,TCGA-V4-A9F4-01A,TCGA-V4-A9F4-01A,1.0,0.0,0.0,0.0,0.0
13,17926906,-,13,17968797,+,UVM,686,TCGA-V4-A9F4-01A,TCGA-V4-A9F4-01A,1.0,0.0,0.0,0.0,0.0
14,106062126,+,14,106537809,-,UVM,687,TCGA-V4-A9F4-01A,TCGA-V4-A9F4-01A,1.0,0.0,0.0,0.0,0.0
19,54788418,+,19,54837841,-,UVM,688,TCGA-V4-A9F4-01A,TCGA-V4-A9F4-01A,1.0,0.0,0.0,0.0,0.0
2,28466038,-,13,94749765,+,UVM,689,TCGA-V4-A9F4-01A,TCGA-V4-A9F4-01A,1.0,0.0,0.0,0.0,0.0
2,171045426,+,16,87977986,-,UVM,690,TCGA-V4-A9F4-01A,TCGA-V4-A9F4-01A,1.0,0.0,0.0,0.0,0.0
20,43095890,+,20,46111917,+,UVM,691,TCGA-V4-A9F4-01A,TCGA-V4-A9F4-01A,1.0,0.0,0.0,0.0,0.0
3,21350056,+,11,103572870,+,UVM,692,TCGA-V4-A9F4-01A,TCGA-V4-A9F4-01A,1.0,0.0,0.0,0.0,0.0
3,90871066,+,3,91221898,-,UVM,693,TCGA-V4-A9F4-01A,TCGA-V4-A9F4-01A,1.0,0.0,0.0,0.0,0.0
4,62271599,+,12,57678325,+,UVM,694,TCGA-V4-A9F4-01A,TCGA-V4-A9F4-01A,1.0,0.0,0.0,0.0,0.0
5,49671650,+,5,49694627,-,UVM,695,TCGA-V4-A9F4-01A,TCGA-V4-A9F4-01A,1.0,0.0,0.0,0.0,0.0
5,49759149,+,5,49926848,-,UVM,696,TCGA-V4-A9F4-01A,TCGA-V4-A9F4-01A,1.0,0.0,0.0,0.0,0.0
6,3637237,-,6,46033412,-,UVM,697,TCGA-V4-A9F4-01A,TCGA-V4-A9F4-01A,1.0,0.0,0.0,0.0,0.0
6,3792309,+,6,5498836,-,UVM,698,TCGA-V4-A9F4-01A,TCGA-V4-A9F4-01A,1.0,0.0,0.0,0.0,0.0
6,6093480,+,6,16994327,-,UVM,699,TCGA-V4-A9F4-01A,TCGA-V4-A9F4-01A,1.0,0.0,0.0,0.0,0.0
6,7155594,-,6,39158734,-,UVM,700,TCGA-V4-A9F4-01A,TCGA-V4-A9F4-01A,1.0,0.0,0.0,0.0,0.0
6,7659782,+,6,16780511,+,UVM,701,TCGA-V4-A9F4-01A,TCGA-V4-A9F4-01A,1.0,0.0,0.0,0.0,0.0
6,15898897,-,6,27808443,-,UVM,702,TCGA-V4-A9F4-01A,TCGA-V4-A9F4-01A,1.0,0.0,0.0,0.0,0.0
6,15983171,-,6,16261878,+,UVM,703,TCGA-V4-A9F4-01A,TCGA-V4-A9F4-01A,1.0,0.0,0.0,0.0,0.0
6,16063571,+,6,28720964,-,UVM,704,TCGA-V4-A9F4-01A,TCGA-V4-A9F4-01A,1.0,0.0,0.0,0.0,0.0
6,16196843,-,6,80454125,+,UVM,705,TCGA-V4-A9F4-01A,TCGA-V4-A9F4-01A,1.0,0.0,0.0,0.0,0.0
6,17066103,+,6,30953052,+,UVM,706,TCGA-V4-A9F4-01A,TCGA-V4-A9F4-01A,1.0,0.0,0.0,0.0,0.0
6,17377433,-,6,114789555,-,UVM,707,TCGA-V4-A9F4-01A,TCGA-V4-A9F4-01A,1.0,0.0,0.0,0.0,0.0
6,20048150,-,6,158414719,-,UVM,708,TCGA-V4-A9F4-01A,TCGA-V4-A9F4-01A,1.0,0.0,0.0,0.0,0.0
6,26422045,-,6,27391103,-,UVM,709,TCGA-V4-A9F4-01A,TCGA-V4-A9F4-01A,1.0,0.0,0.0,0.0,0.0
6,26422735,+,6,26424865,-,UVM,710,TCGA-V4-A9F4-01A,TCGA-V4-A9F4-01A,1.0,0.0,0.0,0.0,0.0
6,27250345,+,6,38726767,+,UVM,711,TCGA-V4-A9F4-01A,TCGA-V4-A9F4-01A,1.0,0.0,0.0,0.0,0.0
6,27316703,+,6,27374400,+,UVM,712,TCGA-V4-A9F4-01A,TCGA-V4-A9F4-01A,1.0,0.0,0.0,0.0,0.0
6,27373255,-,6,38725862,-,UVM,713,TCGA-V4-A9F4-01A,TCGA-V4-A9F4-01A,1.0,0.0,0.0,0.0,0.0
6,28723897,+,6,28851774,+,UVM,714,TCGA-V4-A9F4-01A,TCGA-V4-A9F4-01A,1.0,0.0,0.0,0.0,0.0
6,28744545,-,6,29977827,-,UVM,715,TCGA-V4-A9F4-01A,TCGA-V4-A9F4-01A,1.0,0.0,0.0,0.0,0.0
6,30820538,+,6,30821112,-,UVM,716,TCGA-V4-A9F4-01A,TCGA-V4-A9F4-01A,1.0,0.0,0.0,0.0,0.0
6,49839604,+,6,142154657,-,UVM,717,TCGA-V4-A9F4-01A,TCGA-V4-A9F4-01A,1.0,0.0,0.0,0.0,0.0
6,49850990,-,6,142132168,+,UVM,718,TCGA-V4-A9F4-01A,TCGA-V4-A9F4-01A,1.0,0.0,0.0,0.0,0.0
6,50813290,+,6,145856920,-,UVM,719,TCGA-V4-A9F4-01A,TCGA-V4-A9F4-01A,1.0,0.0,0.0,0.0,0.0
6,50843185,-,6,141826699,-,UVM,720,TCGA-V4-A9F4-01A,TCGA-V4-A9F4-01A,1.0,0.0,0.0,0.0,0.0
6,51019514,+,6,145831980,+,UVM,721,TCGA-V4-A9F4-01A,TCGA-V4-A9F4-01A,1.0,0.0,0.0,0.0,0.0
6,53022657,+,6,53024629,-,UVM,722,TCGA-V4-A9F4-01A,TCGA-V4-A9F4-01A,1.0,0.0,0.0,0.0,0.0
6,58251323,+,6,131595149,+,UVM,723,TCGA-V4-A9F4-01A,TCGA-V4-A9F4-01A,1.0,0.0,0.0,0.0,0.0
6,131958032,+,6,145917408,+,UVM,724,TCGA-V4-A9F4-01A,TCGA-V4-A9F4-01A,1.0,0.0,0.0,0.0,0.0
6,142224163,+,6,145817232,-,UVM,725,TCGA-V4-A9F4-01A,TCGA-V4-A9F4-01A,1.0,0.0,0.0,0.0,0.0
8,70101520,-,8,109242914,-,UVM,726,TCGA-V4-A9F4-01A,TCGA-V4-A9F4-01A,1.0,0.0,0.0,0.0,0.0
8,86486518,-,8,115645208,+,UVM,727,TCGA-V4-A9F4-01A,TCGA-V4-A9F4-01A,1.0,0.0,0.0,0.0,0.0
8,109242163,+,8,110380884,+,UVM,728,TCGA-V4-A9F4-01A,TCGA-V4-A9F4-01A,1.0,0.0,0.0,0.0,0.0
8,110381708,-,8,126665369,-,UVM,729,TCGA-V4-A9F4-01A,TCGA-V4-A9F4-01A,1.0,0.0,0.0,0.0,0.0
8,113043780,+,8,126665055,+,UVM,730,TCGA-V4-A9F4-01A,TCGA-V4-A9F4-01A,1.0,0.0,0.0,0.0,0.0
8,113044268,-,8,115645645,-,UVM,731,TCGA-V4-A9F4-01A,TCGA-V4-A9F4-01A,1.0,0.0,0.0,0.0,0.0
1,122343952,+,1,122438953,-,UVM,732,TCGA-V4-A9F5-01A,TCGA-V4-A9F5-01A,1.0,0.0,0.0,0.0,0.0
1,122600173,-,1,123697037,+,UVM,733,TCGA-V4-A9F5-01A,TCGA-V4-A9F5-01A,1.0,0.0,0.0,0.0,0.0
10,41552523,-,10,41562126,+,UVM,734,TCGA-V4-A9F5-01A,TCGA-V4-A9F5-01A,1.0,0.0,0.0,0.0,0.0
11,51596317,-,11,52584394,+,UVM,735,TCGA-V4-A9F5-01A,TCGA-V4-A9F5-01A,1.0,0.0,0.0,0.0,0.0
11,117021975,-,11,117170601,+,UVM,736,TCGA-V4-A9F5-01A,TCGA-V4-A9F5-01A,1.0,0.0,0.0,0.0,0.0
12,34786503,+,12,34797146,-,UVM,737,TCGA-V4-A9F5-01A,TCGA-V4-A9F5-01A,1.0,0.0,0.0,0.0,0.0
13,16421646,-,13,17186604,+,UVM,738,TCGA-V4-A9F5-01A,TCGA-V4-A9F5-01A,1.0,0.0,0.0,0.0,0.0
16,34256036,-,16,36322537,+,UVM,739,TCGA-V4-A9F5-01A,TCGA-V4-A9F5-01A,1.0,0.0,0.0,0.0,0.0
18,20774813,+,18,20789809,-,UVM,740,TCGA-V4-A9F5-01A,TCGA-V4-A9F5-01A,1.0,0.0,0.0,0.0,0.0
21,38835100,-,21,38923827,+,UVM,741,TCGA-V4-A9F5-01A,TCGA-V4-A9F5-01A,1.0,0.0,0.0,0.0,0.0
7,30439367,+,12,80250117,+,UVM,742,TCGA-V4-A9F5-01A,TCGA-V4-A9F5-01A,1.0,0.0,0.0,0.0,0.0
1,124880016,+,1,124899574,-,UVM,743,TCGA-V4-A9F7-01A,TCGA-V4-A9F7-01A,1.0,0.0,0.0,0.0,0.0
15,51882114,-,15,51884271,+,UVM,744,TCGA-V4-A9F7-01A,TCGA-V4-A9F7-01A,1.0,0.0,0.0,0.0,0.0
16,34911320,+,16,36177357,-,UVM,745,TCGA-V4-A9F7-01A,TCGA-V4-A9F7-01A,1.0,0.0,0.0,0.0,0.0
17,22912245,-,17,22966944,+,UVM,746,TCGA-V4-A9F7-01A,TCGA-V4-A9F7-01A,1.0,0.0,0.0,0.0,0.0
17,43224839,+,17,43227119,-,UVM,747,TCGA-V4-A9F7-01A,TCGA-V4-A9F7-01A,1.0,0.0,0.0,0.0,0.0
17,43227968,+,17,43315843,+,UVM,748,TCGA-V4-A9F7-01A,TCGA-V4-A9F7-01A,1.0,0.0,0.0,0.0,0.0
4,5294101,-,13,92697060,+,UVM,749,TCGA-V4-A9F7-01A,TCGA-V4-A9F7-01A,1.0,0.0,0.0,0.0,0.0
4,48857466,+,4,54714790,-,UVM,750,TCGA-V4-A9F7-01A,TCGA-V4-A9F7-01A,1.0,0.0,0.0,0.0,0.0
5,47210047,-,5,47239813,+,UVM,751,TCGA-V4-A9F7-01A,TCGA-V4-A9F7-01A,1.0,0.0,0.0,0.0,0.0
9,43813696,-,9,45483023,+,UVM,752,TCGA-V4-A9F7-01A,TCGA-V4-A9F7-01A,1.0,0.0,0.0,0.0,0.0
1,192387355,+,7,129365629,-,UVM,753,TCGA-V4-A9F8-01A,TCGA-V4-A9F8-01A,1.0,0.0,0.0,0.0,0.0
10,57322083,-,23,16576037,+,UVM,754,TCGA-V4-A9F8-01A,TCGA-V4-A9F8-01A,1.0,0.0,0.0,0.0,0.0
11,52292849,+,11,54257991,-,UVM,755,TCGA-V4-A9F8-01A,TCGA-V4-A9F8-01A,1.0,0.0,0.0,0.0,0.0
11,53258922,-,11,53771717,+,UVM,756,TCGA-V4-A9F8-01A,TCGA-V4-A9F8-01A,1.0,0.0,0.0,0.0,0.0
11,54344925,+,11,54384807,-,UVM,757,TCGA-V4-A9F8-01A,TCGA-V4-A9F8-01A,1.0,0.0,0.0,0.0,0.0
11,54364062,-,11,54379450,+,UVM,758,TCGA-V4-A9F8-01A,TCGA-V4-A9F8-01A,1.0,0.0,0.0,0.0,0.0
12,38199455,+,16,90091896,-,UVM,759,TCGA-V4-A9F8-01A,TCGA-V4-A9F8-01A,1.0,0.0,0.0,0.0,0.0
13,16121524,+,20,29242647,+,UVM,760,TCGA-V4-A9F8-01A,TCGA-V4-A9F8-01A,1.0,0.0,0.0,0.0,0.0
13,16298468,-,13,16627985,+,UVM,761,TCGA-V4-A9F8-01A,TCGA-V4-A9F8-01A,1.0,0.0,0.0,0.0,0.0
13,16426083,+,13,16940854,-,UVM,762,TCGA-V4-A9F8-01A,TCGA-V4-A9F8-01A,1.0,0.0,0.0,0.0,0.0
15,38029406,+,18,31710815,-,UVM,763,TCGA-V4-A9F8-01A,TCGA-V4-A9F8-01A,1.0,0.0,0.0,0.0,0.0
17,22830780,-,17,23123442,+,UVM,764,TCGA-V4-A9F8-01A,TCGA-V4-A9F8-01A,1.0,0.0,0.0,0.0,0.0
17,46291076,-,17,64923478,-,UVM,765,TCGA-V4-A9F8-01A,TCGA-V4-A9F8-01A,1.0,0.0,0.0,0.0,0.0
18,16860006,+,18,18616894,-,UVM,766,TCGA-V4-A9F8-01A,TCGA-V4-A9F8-01A,1.0,0.0,0.0,0.0,0.0
2,32440780,+,10,58642666,-,UVM,767,TCGA-V4-A9F8-01A,TCGA-V4-A9F8-01A,1.0,0.0,0.0,0.0,0.0
2,158151072,+,8,136246348,-,UVM,768,TCGA-V4-A9F8-01A,TCGA-V4-A9F8-01A,1.0,0.0,0.0,0.0,0.0
3,182048198,-,19,28732922,+,UVM,769,TCGA-V4-A9F8-01A,TCGA-V4-A9F8-01A,1.0,0.0,0.0,0.0,0.0
4,9586728,+,16,5291934,-,UVM,770,TCGA-V4-A9F8-01A,TCGA-V4-A9F8-01A,1.0,0.0,0.0,0.0,0.0
5,47269078,-,5,47279867,+,UVM,771,TCGA-V4-A9F8-01A,TCGA-V4-A9F8-01A,1.0,0.0,0.0,0.0,0.0
6,147611150,+,23,40048042,+,UVM,772,TCGA-V4-A9F8-01A,TCGA-V4-A9F8-01A,1.0,0.0,0.0,0.0,0.0
7,61416622,+,7,61422145,-,UVM,773,TCGA-V4-A9F8-01A,TCGA-V4-A9F8-01A,1.0,0.0,0.0,0.0,0.0
8,1362372,+,8,31258967,+,UVM,774,TCGA-V4-A9F8-01A,TCGA-V4-A9F8-01A,1.0,0.0,0.0,0.0,0.0
8,121716756,-,16,4219464,-,UVM,775,TCGA-V4-A9F8-01A,TCGA-V4-A9F8-01A,1.0,0.0,0.0,0.0,0.0
23,58620510,+,23,62488453,+,UVM,776,TCGA-V4-A9F8-01A,TCGA-V4-A9F8-01A,1.0,0.0,0.0,0.0,0.0
23,89217308,+,23,89225905,-,UVM,777,TCGA-V4-A9F8-01A,TCGA-V4-A9F8-01A,1.0,0.0,0.0,0.0,0.0
1,21979090,+,4,30121951,-,UVM,778,TCGA-VD-A8K7-01B,TCGA-VD-A8K7-01B,1.0,0.0,0.0,0.0,0.0
1,123844582,+,1,124335822,-,UVM,779,TCGA-VD-A8K7-01B,TCGA-VD-A8K7-01B,1.0,0.0,0.0,0.0,0.0
11,50772547,+,20,29906524,+,UVM,780,TCGA-VD-A8K7-01B,TCGA-VD-A8K7-01B,1.0,0.0,0.0,0.0,0.0
18,15470752,+,18,15765022,-,UVM,781,TCGA-VD-A8K7-01B,TCGA-VD-A8K7-01B,1.0,0.0,0.0,0.0,0.0
18,15531864,-,18,15712557,+,UVM,782,TCGA-VD-A8K7-01B,TCGA-VD-A8K7-01B,1.0,0.0,0.0,0.0,0.0
2,46080973,-,22,28708364,-,UVM,783,TCGA-VD-A8K7-01B,TCGA-VD-A8K7-01B,1.0,0.0,0.0,0.0,0.0
2,94168785,+,2,94172542,-,UVM,784,TCGA-VD-A8K7-01B,TCGA-VD-A8K7-01B,1.0,0.0,0.0,0.0,0.0
2,212003256,-,17,11694742,-,UVM,785,TCGA-VD-A8K7-01B,TCGA-VD-A8K7-01B,1.0,0.0,0.0,0.0,0.0
3,110889648,-,14,38635831,+,UVM,786,TCGA-VD-A8K7-01B,TCGA-VD-A8K7-01B,1.0,0.0,0.0,0.0,0.0
5,146560091,-,15,62741744,+,UVM,787,TCGA-VD-A8K7-01B,TCGA-VD-A8K7-01B,1.0,0.0,0.0,0.0,0.0
5,152266799,-,5,165492076,-,UVM,788,TCGA-VD-A8K7-01B,TCGA-VD-A8K7-01B,1.0,0.0,0.0,0.0,0.0
5,152815961,+,5,165448104,-,UVM,789,TCGA-VD-A8K7-01B,TCGA-VD-A8K7-01B,1.0,0.0,0.0,0.0,0.0
5,162781716,+,9,111252046,+,UVM,790,TCGA-VD-A8K7-01B,TCGA-VD-A8K7-01B,1.0,0.0,0.0,0.0,0.0
5,165256605,+,5,165457778,+,UVM,791,TCGA-VD-A8K7-01B,TCGA-VD-A8K7-01B,1.0,0.0,0.0,0.0,0.0
5,165437360,-,5,165809698,+,UVM,792,TCGA-VD-A8K7-01B,TCGA-VD-A8K7-01B,1.0,0.0,0.0,0.0,0.0
5,165780906,-,23,1213092,-,UVM,793,TCGA-VD-A8K7-01B,TCGA-VD-A8K7-01B,1.0,0.0,0.0,0.0,0.0
7,13978399,-,8,42956224,-,UVM,794,TCGA-VD-A8K7-01B,TCGA-VD-A8K7-01B,1.0,0.0,0.0,0.0,0.0
7,44522956,+,21,38507907,-,UVM,795,TCGA-VD-A8K7-01B,TCGA-VD-A8K7-01B,1.0,0.0,0.0,0.0,0.0
7,61380934,+,7,61454840,-,UVM,796,TCGA-VD-A8K7-01B,TCGA-VD-A8K7-01B,1.0,0.0,0.0,0.0,0.0
1,36793822,-,3,184674532,+,UVM,797,TCGA-VD-A8K8-01A,TCGA-VD-A8K8-01A,1.0,0.0,0.0,0.0,0.0
1,77433674,+,8,133312995,+,UVM,798,TCGA-VD-A8K8-01A,TCGA-VD-A8K8-01A,1.0,0.0,0.0,0.0,0.0
1,101497055,-,8,133312970,+,UVM,799,TCGA-VD-A8K8-01A,TCGA-VD-A8K8-01A,1.0,0.0,0.0,0.0,0.0
1,119421452,+,8,76835219,-,UVM,800,TCGA-VD-A8K8-01A,TCGA-VD-A8K8-01A,1.0,0.0,0.0,0.0,0.0
1,121432184,-,5,50523722,-,UVM,801,TCGA-VD-A8K8-01A,TCGA-VD-A8K8-01A,1.0,0.0,0.0,0.0,0.0
1,124984461,-,1,124989644,+,UVM,802,TCGA-VD-A8K8-01A,TCGA-VD-A8K8-01A,1.0,0.0,0.0,0.0,0.0
10,8268532,+,23,150001005,+,UVM,803,TCGA-VD-A8K8-01A,TCGA-VD-A8K8-01A,1.0,0.0,0.0,0.0,0.0
10,39338158,+,10,39341975,-,UVM,804,TCGA-VD-A8K8-01A,TCGA-VD-A8K8-01A,1.0,0.0,0.0,0.0,0.0
12,35210637,+,12,35941292,-,UVM,805,TCGA-VD-A8K8-01A,TCGA-VD-A8K8-01A,1.0,0.0,0.0,0.0,0.0
12,54110104,+,20,29564405,+,UVM,806,TCGA-VD-A8K8-01A,TCGA-VD-A8K8-01A,1.0,0.0,0.0,0.0,0.0
13,16279148,-,21,7238764,+,UVM,807,TCGA-VD-A8K8-01A,TCGA-VD-A8K8-01A,1.0,0.0,0.0,0.0,0.0
15,18323837,+,20,29839747,-,UVM,808,TCGA-VD-A8K8-01A,TCGA-VD-A8K8-01A,1.0,0.0,0.0,0.0,0.0
2,181958090,+,2,181959206,-,UVM,809,TCGA-VD-A8K8-01A,TCGA-VD-A8K8-01A,1.0,0.0,0.0,0.0,0.0
4,49734840,-,4,51561608,+,UVM,810,TCGA-VD-A8K8-01A,TCGA-VD-A8K8-01A,1.0,0.0,0.0,0.0,0.0
1,77433695,+,8,133313087,+,UVM,811,TCGA-VD-A8K9-01A,TCGA-VD-A8K9-01A,1.0,0.0,0.0,0.0,0.0
1,195121164,-,1,195371576,+,UVM,812,TCGA-VD-A8K9-01A,TCGA-VD-A8K9-01A,1.0,0.0,0.0,0.0,0.0
11,52504921,-,11,53829720,+,UVM,813,TCGA-VD-A8K9-01A,TCGA-VD-A8K9-01A,1.0,0.0,0.0,0.0,0.0
11,52685879,+,11,52781247,-,UVM,814,TCGA-VD-A8K9-01A,TCGA-VD-A8K9-01A,1.0,0.0,0.0,0.0,0.0
11,54397862,+,11,54404139,-,UVM,815,TCGA-VD-A8K9-01A,TCGA-VD-A8K9-01A,1.0,0.0,0.0,0.0,0.0
12,34786498,+,12,34797143,-,UVM,816,TCGA-VD-A8K9-01A,TCGA-VD-A8K9-01A,1.0,0.0,0.0,0.0,0.0
14,68794802,-,16,53010772,-,UVM,817,TCGA-VD-A8K9-01A,TCGA-VD-A8K9-01A,1.0,0.0,0.0,0.0,0.0
14,102095108,+,16,1871977,+,UVM,818,TCGA-VD-A8K9-01A,TCGA-VD-A8K9-01A,1.0,0.0,0.0,0.0,0.0
15,24243617,-,15,24384031,+,UVM,819,TCGA-VD-A8K9-01A,TCGA-VD-A8K9-01A,1.0,0.0,0.0,0.0,0.0
18,15531864,-,18,15712553,+,UVM,820,TCGA-VD-A8K9-01A,TCGA-VD-A8K9-01A,1.0,0.0,0.0,0.0,0.0
2,91939023,+,24,11394026,-,UVM,821,TCGA-VD-A8K9-01A,TCGA-VD-A8K9-01A,1.0,0.0,0.0,0.0,0.0
2,225551901,+,8,116192585,-,UVM,822,TCGA-VD-A8K9-01A,TCGA-VD-A8K9-01A,1.0,0.0,0.0,0.0,0.0
20,25910777,-,20,29649875,-,UVM,823,TCGA-VD-A8K9-01A,TCGA-VD-A8K9-01A,1.0,0.0,0.0,0.0,0.0
20,26453642,+,20,26603134,+,UVM,824,TCGA-VD-A8K9-01A,TCGA-VD-A8K9-01A,1.0,0.0,0.0,0.0,0.0
20,29593824,-,20,30262604,-,UVM,825,TCGA-VD-A8K9-01A,TCGA-VD-A8K9-01A,1.0,0.0,0.0,0.0,0.0
20,30027125,-,20,30031596,+,UVM,826,TCGA-VD-A8K9-01A,TCGA-VD-A8K9-01A,1.0,0.0,0.0,0.0,0.0
5,47058213,+,5,47128720,-,UVM,827,TCGA-VD-A8K9-01A,TCGA-VD-A8K9-01A,1.0,0.0,0.0,0.0,0.0
5,166139037,-,5,166204534,+,UVM,828,TCGA-VD-A8K9-01A,TCGA-VD-A8K9-01A,1.0,0.0,0.0,0.0,0.0
6,120757001,+,8,64277672,-,UVM,829,TCGA-VD-A8K9-01A,TCGA-VD-A8K9-01A,1.0,0.0,0.0,0.0,0.0
7,55280778,-,7,56499419,+,UVM,830,TCGA-VD-A8K9-01A,TCGA-VD-A8K9-01A,1.0,0.0,0.0,0.0,0.0
8,109930194,-,15,101980220,+,UVM,831,TCGA-VD-A8K9-01A,TCGA-VD-A8K9-01A,1.0,0.0,0.0,0.0,0.0
1,7718706,-,1,246009982,+,UVM,832,TCGA-VD-A8KA-01B,TCGA-VD-A8KA-01B,1.0,0.0,0.0,0.0,0.0
1,97710546,-,8,64289885,-,UVM,833,TCGA-VD-A8KA-01B,TCGA-VD-A8KA-01B,1.0,0.0,0.0,0.0,0.0
1,124808898,-,1,124837856,+,UVM,834,TCGA-VD-A8KA-01B,TCGA-VD-A8KA-01B,1.0,0.0,0.0,0.0,0.0
1,242276767,-,10,38321967,-,UVM,835,TCGA-VD-A8KA-01B,TCGA-VD-A8KA-01B,1.0,0.0,0.0,0.0,0.0
11,52277876,+,11,54027111,-,UVM,836,TCGA-VD-A8KA-01B,TCGA-VD-A8KA-01B,1.0,0.0,0.0,0.0,0.0
11,54352777,+,11,54362926,-,UVM,837,TCGA-VD-A8KA-01B,TCGA-VD-A8KA-01B,1.0,0.0,0.0,0.0,0.0
11,54387762,+,11,54402173,-,UVM,838,TCGA-VD-A8KA-01B,TCGA-VD-A8KA-01B,1.0,0.0,0.0,0.0,0.0
18,15839273,+,18,16262894,-,UVM,839,TCGA-VD-A8KA-01B,TCGA-VD-A8KA-01B,1.0,0.0,0.0,0.0,0.0
2,31646037,+,5,8717687,-,UVM,840,TCGA-VD-A8KA-01B,TCGA-VD-A8KA-01B,1.0,0.0,0.0,0.0,0.0
2,93357570,+,2,93815392,-,UVM,841,TCGA-VD-A8KA-01B,TCGA-VD-A8KA-01B,1.0,0.0,0.0,0.0,0.0
20,26615191,+,20,27261308,-,UVM,842,TCGA-VD-A8KA-01B,TCGA-VD-A8KA-01B,1.0,0.0,0.0,0.0,0.0
4,119101468,-,10,117146081,+,UVM,843,TCGA-VD-A8KA-01B,TCGA-VD-A8KA-01B,1.0,0.0,0.0,0.0,0.0
4,189338300,+,4,189721187,-,UVM,844,TCGA-VD-A8KA-01B,TCGA-VD-A8KA-01B,1.0,0.0,0.0,0.0,0.0
5,71675055,+,10,25651085,+,UVM,845,TCGA-VD-A8KA-01B,TCGA-VD-A8KA-01B,1.0,0.0,0.0,0.0,0.0
5,87982030,-,5,87982181,+,UVM,846,TCGA-VD-A8KA-01B,TCGA-VD-A8KA-01B,1.0,0.0,0.0,0.0,0.0
7,152433695,-,22,16604099,-,UVM,847,TCGA-VD-A8KA-01B,TCGA-VD-A8KA-01B,1.0,0.0,0.0,0.0,0.0
8,23015962,-,16,64489122,-,UVM,848,TCGA-VD-A8KA-01B,TCGA-VD-A8KA-01B,1.0,0.0,0.0,0.0,0.0
8,49575786,-,14,87087445,+,UVM,849,TCGA-VD-A8KA-01B,TCGA-VD-A8KA-01B,1.0,0.0,0.0,0.0,0.0
8,52062258,-,8,129883058,+,UVM,850,TCGA-VD-A8KA-01B,TCGA-VD-A8KA-01B,1.0,0.0,0.0,0.0,0.0
8,80970488,+,8,82722434,+,UVM,851,TCGA-VD-A8KA-01B,TCGA-VD-A8KA-01B,1.0,0.0,0.0,0.0,0.0
8,80972001,+,8,115549590,+,UVM,852,TCGA-VD-A8KA-01B,TCGA-VD-A8KA-01B,1.0,0.0,0.0,0.0,0.0
8,80972026,-,8,82180332,-,UVM,853,TCGA-VD-A8KA-01B,TCGA-VD-A8KA-01B,1.0,0.0,0.0,0.0,0.0
8,80974375,+,8,124128892,+,UVM,854,TCGA-VD-A8KA-01B,TCGA-VD-A8KA-01B,1.0,0.0,0.0,0.0,0.0
8,81041568,+,8,124142329,-,UVM,855,TCGA-VD-A8KA-01B,TCGA-VD-A8KA-01B,1.0,0.0,0.0,0.0,0.0
8,82461623,+,8,82666519,+,UVM,856,TCGA-VD-A8KA-01B,TCGA-VD-A8KA-01B,1.0,0.0,0.0,0.0,0.0
8,82490212,-,8,87050011,+,UVM,857,TCGA-VD-A8KA-01B,TCGA-VD-A8KA-01B,1.0,0.0,0.0,0.0,0.0
8,82707012,-,8,132985563,-,UVM,858,TCGA-VD-A8KA-01B,TCGA-VD-A8KA-01B,1.0,0.0,0.0,0.0,0.0
8,102921400,-,13,27063935,-,UVM,859,TCGA-VD-A8KA-01B,TCGA-VD-A8KA-01B,1.0,0.0,0.0,0.0,0.0
1,17927330,+,1,41240451,-,UVM,860,TCGA-VD-A8KD-01A,TCGA-VD-A8KD-01A,1.0,0.0,0.0,0.0,0.0
1,123093872,-,1,123623706,+,UVM,861,TCGA-VD-A8KD-01A,TCGA-VD-A8KD-01A,1.0,0.0,0.0,0.0,0.0
1,124790299,-,1,124794837,+,UVM,862,TCGA-VD-A8KD-01A,TCGA-VD-A8KD-01A,1.0,0.0,0.0,0.0,0.0
11,54369523,+,11,54372647,-,UVM,863,TCGA-VD-A8KD-01A,TCGA-VD-A8KD-01A,1.0,0.0,0.0,0.0,0.0
12,36277909,+,12,37053963,-,UVM,864,TCGA-VD-A8KD-01A,TCGA-VD-A8KD-01A,1.0,0.0,0.0,0.0,0.0
12,36405140,-,12,37062643,+,UVM,865,TCGA-VD-A8KD-01A,TCGA-VD-A8KD-01A,1.0,0.0,0.0,0.0,0.0
17,22836987,-,17,23026028,+,UVM,866,TCGA-VD-A8KD-01A,TCGA-VD-A8KD-01A,1.0,0.0,0.0,0.0,0.0
2,54165552,+,11,119818961,-,UVM,867,TCGA-VD-A8KD-01A,TCGA-VD-A8KD-01A,1.0,0.0,0.0,0.0,0.0
3,91035898,+,3,91089361,-,UVM,868,TCGA-VD-A8KD-01A,TCGA-VD-A8KD-01A,1.0,0.0,0.0,0.0,0.0
3,194888581,+,7,71319125,+,UVM,869,TCGA-VD-A8KD-01A,TCGA-VD-A8KD-01A,1.0,0.0,0.0,0.0,0.0
5,46556835,-,19,24330412,-,UVM,870,TCGA-VD-A8KD-01A,TCGA-VD-A8KD-01A,1.0,0.0,0.0,0.0,0.0
5,49681674,+,5,49684537,-,UVM,871,TCGA-VD-A8KD-01A,TCGA-VD-A8KD-01A,1.0,0.0,0.0,0.0,0.0
5,49792639,+,5,49929185,-,UVM,872,TCGA-VD-A8KD-01A,TCGA-VD-A8KD-01A,1.0,0.0,0.0,0.0,0.0
5,49878133,+,5,49992780,-,UVM,873,TCGA-VD-A8KD-01A,TCGA-VD-A8KD-01A,1.0,0.0,0.0,0.0,0.0
6,59601306,-,6,59787760,+,UVM,874,TCGA-VD-A8KD-01A,TCGA-VD-A8KD-01A,1.0,0.0,0.0,0.0,0.0
7,43844152,+,7,43845480,-,UVM,875,TCGA-VD-A8KD-01A,TCGA-VD-A8KD-01A,1.0,0.0,0.0,0.0,0.0
7,61436440,-,7,61510380,+,UVM,876,TCGA-VD-A8KD-01A,TCGA-VD-A8KD-01A,1.0,0.0,0.0,0.0,0.0
7,61472576,+,7,61502660,-,UVM,877,TCGA-VD-A8KD-01A,TCGA-VD-A8KD-01A,1.0,0.0,0.0,0.0,0.0
7,62817059,-,11,54926205,+,UVM,878,TCGA-VD-A8KD-01A,TCGA-VD-A8KD-01A,1.0,0.0,0.0,0.0,0.0
7,147729039,+,13,20063877,+,UVM,879,TCGA-VD-A8KD-01A,TCGA-VD-A8KD-01A,1.0,0.0,0.0,0.0,0.0
19,21611162,+,23,49314973,-,UVM,880,TCGA-VD-A8KE-01A,TCGA-VD-A8KE-01A,1.0,0.0,0.0,0.0,0.0
22,23212945,+,22,23220753,-,UVM,881,TCGA-VD-A8KE-01A,TCGA-VD-A8KE-01A,1.0,0.0,0.0,0.0,0.0
3,90784850,-,3,91066781,+,UVM,882,TCGA-VD-A8KE-01A,TCGA-VD-A8KE-01A,1.0,0.0,0.0,0.0,0.0
11,98395919,-,11,98399045,+,UVM,883,TCGA-VD-A8KF-01A,TCGA-VD-A8KF-01A,1.0,0.0,0.0,0.0,0.0
12,34773700,+,12,34788330,-,UVM,884,TCGA-VD-A8KF-01A,TCGA-VD-A8KF-01A,1.0,0.0,0.0,0.0,0.0
13,16298461,-,13,16627996,+,UVM,885,TCGA-VD-A8KF-01A,TCGA-VD-A8KF-01A,1.0,0.0,0.0,0.0,0.0
13,16427245,+,13,16824805,-,UVM,886,TCGA-VD-A8KF-01A,TCGA-VD-A8KF-01A,1.0,0.0,0.0,0.0,0.0
13,17606800,-,13,18032847,+,UVM,887,TCGA-VD-A8KF-01A,TCGA-VD-A8KF-01A,1.0,0.0,0.0,0.0,0.0
16,34729537,+,16,34731871,-,UVM,888,TCGA-VD-A8KF-01A,TCGA-VD-A8KF-01A,1.0,0.0,0.0,0.0,0.0
18,15473087,+,18,15699495,-,UVM,889,TCGA-VD-A8KF-01A,TCGA-VD-A8KF-01A,1.0,0.0,0.0,0.0,0.0
18,15656511,-,18,15702495,+,UVM,890,TCGA-VD-A8KF-01A,TCGA-VD-A8KF-01A,1.0,0.0,0.0,0.0,0.0
19,49031135,+,19,49056071,+,UVM,891,TCGA-VD-A8KF-01A,TCGA-VD-A8KF-01A,1.0,0.0,0.0,0.0,0.0
2,13417165,+,15,20381177,+,UVM,892,TCGA-VD-A8KF-01A,TCGA-VD-A8KF-01A,1.0,0.0,0.0,0.0,0.0
2,139006557,-,23,74011031,+,UVM,893,TCGA-VD-A8KF-01A,TCGA-VD-A8KF-01A,1.0,0.0,0.0,0.0,0.0
20,29564278,+,20,30320194,+,UVM,894,TCGA-VD-A8KF-01A,TCGA-VD-A8KF-01A,1.0,0.0,0.0,0.0,0.0
4,50857727,+,4,51263013,-,UVM,895,TCGA-VD-A8KF-01A,TCGA-VD-A8KF-01A,1.0,0.0,0.0,0.0,0.0
4,189484188,+,6,114427049,-,UVM,896,TCGA-VD-A8KF-01A,TCGA-VD-A8KF-01A,1.0,0.0,0.0,0.0,0.0
5,46493605,+,5,46691910,-,UVM,897,TCGA-VD-A8KF-01A,TCGA-VD-A8KF-01A,1.0,0.0,0.0,0.0,0.0
5,49681675,+,5,49684552,-,UVM,898,TCGA-VD-A8KF-01A,TCGA-VD-A8KF-01A,1.0,0.0,0.0,0.0,0.0
6,163482497,-,15,86013439,+,UVM,899,TCGA-VD-A8KF-01A,TCGA-VD-A8KF-01A,1.0,0.0,0.0,0.0,0.0
23,141909830,+,23,142193068,+,UVM,900,TCGA-VD-A8KF-01A,TCGA-VD-A8KF-01A,1.0,0.0,0.0,0.0,0.0
1,124827016,-,1,124839278,+,UVM,901,TCGA-VD-A8KG-01A,TCGA-VD-A8KG-01A,1.0,0.0,0.0,0.0,0.0
1,208329915,+,23,152730010,+,UVM,902,TCGA-VD-A8KG-01A,TCGA-VD-A8KG-01A,1.0,0.0,0.0,0.0,0.0
1,240955504,+,6,86113021,+,UVM,903,TCGA-VD-A8KG-01A,TCGA-VD-A8KG-01A,1.0,0.0,0.0,0.0,0.0
10,38680013,+,24,11377187,-,UVM,904,TCGA-VD-A8KG-01A,TCGA-VD-A8KG-01A,1.0,0.0,0.0,0.0,0.0
11,53223097,-,11,53984105,+,UVM,905,TCGA-VD-A8KG-01A,TCGA-VD-A8KG-01A,1.0,0.0,0.0,0.0,0.0
11,96498905,-,11,96507181,+,UVM,906,TCGA-VD-A8KG-01A,TCGA-VD-A8KG-01A,1.0,0.0,0.0,0.0,0.0
11,122966243,+,21,14719444,+,UVM,907,TCGA-VD-A8KG-01A,TCGA-VD-A8KG-01A,1.0,0.0,0.0,0.0,0.0
11,122991733,+,21,14055716,-,UVM,908,TCGA-VD-A8KG-01A,TCGA-VD-A8KG-01A,1.0,0.0,0.0,0.0,0.0
11,123002501,-,21,14637153,+,UVM,909,TCGA-VD-A8KG-01A,TCGA-VD-A8KG-01A,1.0,0.0,0.0,0.0,0.0
11,123004139,+,21,14057213,+,UVM,910,TCGA-VD-A8KG-01A,TCGA-VD-A8KG-01A,1.0,0.0,0.0,0.0,0.0
11,123422947,-,21,9840057,+,UVM,911,TCGA-VD-A8KG-01A,TCGA-VD-A8KG-01A,1.0,0.0,0.0,0.0,0.0
11,123467011,+,11,123467256,-,UVM,912,TCGA-VD-A8KG-01A,TCGA-VD-A8KG-01A,1.0,0.0,0.0,0.0,0.0
11,128240300,+,11,129799595,-,UVM,913,TCGA-VD-A8KG-01A,TCGA-VD-A8KG-01A,1.0,0.0,0.0,0.0,0.0
11,128278676,+,11,131882947,+,UVM,914,TCGA-VD-A8KG-01A,TCGA-VD-A8KG-01A,1.0,0.0,0.0,0.0,0.0
11,128313438,+,11,134523697,-,UVM,915,TCGA-VD-A8KG-01A,TCGA-VD-A8KG-01A,1.0,0.0,0.0,0.0,0.0
11,130646198,-,11,133775130,-,UVM,916,TCGA-VD-A8KG-01A,TCGA-VD-A8KG-01A,1.0,0.0,0.0,0.0,0.0
11,131856915,-,11,134373656,+,UVM,917,TCGA-VD-A8KG-01A,TCGA-VD-A8KG-01A,1.0,0.0,0.0,0.0,0.0
11,131885069,-,11,131886119,-,UVM,918,TCGA-VD-A8KG-01A,TCGA-VD-A8KG-01A,1.0,0.0,0.0,0.0,0.0
11,132235869,+,11,134475874,+,UVM,919,TCGA-VD-A8KG-01A,TCGA-VD-A8KG-01A,1.0,0.0,0.0,0.0,0.0
11,134225110,+,11,134249927,-,UVM,920,TCGA-VD-A8KG-01A,TCGA-VD-A8KG-01A,1.0,0.0,0.0,0.0,0.0
12,34948413,+,12,36660182,-,UVM,921,TCGA-VD-A8KG-01A,TCGA-VD-A8KG-01A,1.0,0.0,0.0,0.0,0.0
12,35512793,+,12,36758222,-,UVM,922,TCGA-VD-A8KG-01A,TCGA-VD-A8KG-01A,1.0,0.0,0.0,0.0,0.0
12,35524083,-,12,37172520,+,UVM,923,TCGA-VD-A8KG-01A,TCGA-VD-A8KG-01A,1.0,0.0,0.0,0.0,0.0
13,16670105,-,13,16758784,+,UVM,924,TCGA-VD-A8KG-01A,TCGA-VD-A8KG-01A,1.0,0.0,0.0,0.0,0.0
13,17427516,+,13,17849163,-,UVM,925,TCGA-VD-A8KG-01A,TCGA-VD-A8KG-01A,1.0,0.0,0.0,0.0,0.0
13,17840735,+,13,17887185,-,UVM,926,TCGA-VD-A8KG-01A,TCGA-VD-A8KG-01A,1.0,0.0,0.0,0.0,0.0
14,102095062,+,16,1872015,+,UVM,927,TCGA-VD-A8KG-01A,TCGA-VD-A8KG-01A,1.0,0.0,0.0,0.0,0.0
17,22817887,-,17,23062962,+,UVM,928,TCGA-VD-A8KG-01A,TCGA-VD-A8KG-01A,1.0,0.0,0.0,0.0,0.0
18,134357,+,18,2061189,-,UVM,929,TCGA-VD-A8KG-01A,TCGA-VD-A8KG-01A,1.0,0.0,0.0,0.0,0.0
18,15704981,+,18,15706708,-,UVM,930,TCGA-VD-A8KG-01A,TCGA-VD-A8KG-01A,1.0,0.0,0.0,0.0,0.0
20,26453635,+,20,26603149,+,UVM,931,TCGA-VD-A8KG-01A,TCGA-VD-A8KG-01A,1.0,0.0,0.0,0.0,0.0
20,29950672,+,20,30024539,-,UVM,932,TCGA-VD-A8KG-01A,TCGA-VD-A8KG-01A,1.0,0.0,0.0,0.0,0.0
21,14007024,+,21,20920113,-,UVM,933,TCGA-VD-A8KG-01A,TCGA-VD-A8KG-01A,1.0,0.0,0.0,0.0,0.0
21,14057384,-,21,14632111,-,UVM,934,TCGA-VD-A8KG-01A,TCGA-VD-A8KG-01A,1.0,0.0,0.0,0.0,0.0
21,14059274,+,21,20830508,-,UVM,935,TCGA-VD-A8KG-01A,TCGA-VD-A8KG-01A,1.0,0.0,0.0,0.0,0.0
21,14634697,+,21,20935589,+,UVM,936,TCGA-VD-A8KG-01A,TCGA-VD-A8KG-01A,1.0,0.0,0.0,0.0,0.0
21,14635906,-,21,20817229,+,UVM,937,TCGA-VD-A8KG-01A,TCGA-VD-A8KG-01A,1.0,0.0,0.0,0.0,0.0
21,14718196,-,21,14726832,-,UVM,938,TCGA-VD-A8KG-01A,TCGA-VD-A8KG-01A,1.0,0.0,0.0,0.0,0.0
21,20888845,+,21,20954625,-,UVM,939,TCGA-VD-A8KG-01A,TCGA-VD-A8KG-01A,1.0,0.0,0.0,0.0,0.0
22,15999836,+,22,16279017,+,UVM,940,TCGA-VD-A8KG-01A,TCGA-VD-A8KG-01A,1.0,0.0,0.0,0.0,0.0
3,88188336,-,11,23296414,-,UVM,941,TCGA-VD-A8KG-01A,TCGA-VD-A8KG-01A,1.0,0.0,0.0,0.0,0.0
3,89709047,+,11,59282704,-,UVM,942,TCGA-VD-A8KG-01A,TCGA-VD-A8KG-01A,1.0,0.0,0.0,0.0,0.0
3,92586325,-,3,93613182,+,UVM,943,TCGA-VD-A8KG-01A,TCGA-VD-A8KG-01A,1.0,0.0,0.0,0.0,0.0
3,187267629,+,3,187507912,-,UVM,944,TCGA-VD-A8KG-01A,TCGA-VD-A8KG-01A,1.0,0.0,0.0,0.0,0.0
6,175625,-,6,8730183,+,UVM,945,TCGA-VD-A8KG-01A,TCGA-VD-A8KG-01A,1.0,0.0,0.0,0.0,0.0
6,885682,+,6,39765753,-,UVM,946,TCGA-VD-A8KG-01A,TCGA-VD-A8KG-01A,1.0,0.0,0.0,0.0,0.0
6,1810086,-,18,1801929,-,UVM,947,TCGA-VD-A8KG-01A,TCGA-VD-A8KG-01A,1.0,0.0,0.0,0.0,0.0
6,1931478,+,18,6575213,+,UVM,948,TCGA-VD-A8KG-01A,TCGA-VD-A8KG-01A,1.0,0.0,0.0,0.0,0.0
6,1933471,-,6,13209967,+,UVM,949,TCGA-VD-A8KG-01A,TCGA-VD-A8KG-01A,1.0,0.0,0.0,0.0,0.0
6,2545705,-,6,3915030,+,UVM,950,TCGA-VD-A8KG-01A,TCGA-VD-A8KG-01A,1.0,0.0,0.0,0.0,0.0
6,2635521,+,18,2621037,+,UVM,951,TCGA-VD-A8KG-01A,TCGA-VD-A8KG-01A,1.0,0.0,0.0,0.0,0.0
6,3539112,-,6,17529905,-,UVM,952,TCGA-VD-A8KG-01A,TCGA-VD-A8KG-01A,1.0,0.0,0.0,0.0,0.0
6,3926641,-,18,2504249,+,UVM,953,TCGA-VD-A8KG-01A,TCGA-VD-A8KG-01A,1.0,0.0,0.0,0.0,0.0
6,6038312,+,18,2065347,+,UVM,954,TCGA-VD-A8KG-01A,TCGA-VD-A8KG-01A,1.0,0.0,0.0,0.0,0.0
6,6801961,+,6,9442870,-,UVM,955,TCGA-VD-A8KG-01A,TCGA-VD-A8KG-01A,1.0,0.0,0.0,0.0,0.0
6,8067408,-,6,39755619,+,UVM,956,TCGA-VD-A8KG-01A,TCGA-VD-A8KG-01A,1.0,0.0,0.0,0.0,0.0
6,8731865,-,6,18427289,-,UVM,957,TCGA-VD-A8KG-01A,TCGA-VD-A8KG-01A,1.0,0.0,0.0,0.0,0.0
6,9967983,+,18,2005524,+,UVM,958,TCGA-VD-A8KG-01A,TCGA-VD-A8KG-01A,1.0,0.0,0.0,0.0,0.0
6,13138562,+,6,17576913,-,UVM,959,TCGA-VD-A8KG-01A,TCGA-VD-A8KG-01A,1.0,0.0,0.0,0.0,0.0
6,13166551,-,18,1935073,-,UVM,960,TCGA-VD-A8KG-01A,TCGA-VD-A8KG-01A,1.0,0.0,0.0,0.0,0.0
6,13330662,-,18,98334,-,UVM,961,TCGA-VD-A8KG-01A,TCGA-VD-A8KG-01A,1.0,0.0,0.0,0.0,0.0
6,13568241,+,18,6349924,-,UVM,962,TCGA-VD-A8KG-01A,TCGA-VD-A8KG-01A,1.0,0.0,0.0,0.0,0.0
6,17553965,+,6,22352248,+,UVM,963,TCGA-VD-A8KG-01A,TCGA-VD-A8KG-01A,1.0,0.0,0.0,0.0,0.0
6,18424708,+,6,39893387,+,UVM,964,TCGA-VD-A8KG-01A,TCGA-VD-A8KG-01A,1.0,0.0,0.0,0.0,0.0
6,25029155,+,6,25030869,+,UVM,965,TCGA-VD-A8KG-01A,TCGA-VD-A8KG-01A,1.0,0.0,0.0,0.0,0.0
6,149078782,+,6,169772202,-,UVM,966,TCGA-VD-A8KG-01A,TCGA-VD-A8KG-01A,1.0,0.0,0.0,0.0,0.0
7,57672893,-,20,26263908,-,UVM,967,TCGA-VD-A8KG-01A,TCGA-VD-A8KG-01A,1.0,0.0,0.0,0.0,0.0
9,63888729,-,20,30349762,-,UVM,968,TCGA-VD-A8KG-01A,TCGA-VD-A8KG-01A,1.0,0.0,0.0,0.0,0.0
1,79982017,-,3,165227823,-,UVM,969,TCGA-VD-A8KH-01A,TCGA-VD-A8KH-01A,1.0,0.0,0.0,0.0,0.0
1,80026564,+,1,80537460,-,UVM,970,TCGA-VD-A8KH-01A,TCGA-VD-A8KH-01A,1.0,0.0,0.0,0.0,0.0
1,80026593,-,3,165454496,+,UVM,971,TCGA-VD-A8KH-01A,TCGA-VD-A8KH-01A,1.0,0.0,0.0,0.0,0.0
1,80066895,+,3,161848705,-,UVM,972,TCGA-VD-A8KH-01A,TCGA-VD-A8KH-01A,1.0,0.0,0.0,0.0,0.0
1,80097708,-,3,168249479,-,UVM,973,TCGA-VD-A8KH-01A,TCGA-VD-A8KH-01A,1.0,0.0,0.0,0.0,0.0
1,80117598,+,1,80721126,+,UVM,974,TCGA-VD-A8KH-01A,TCGA-VD-A8KH-01A,1.0,0.0,0.0,0.0,0.0
1,80297167,-,1,80794637,-,UVM,975,TCGA-VD-A8KH-01A,TCGA-VD-A8KH-01A,1.0,0.0,0.0,0.0,0.0
1,80369919,+,3,145729251,+,UVM,976,TCGA-VD-A8KH-01A,TCGA-VD-A8KH-01A,1.0,0.0,0.0,0.0,0.0
1,80444185,-,3,145675152,-,UVM,977,TCGA-VD-A8KH-01A,TCGA-VD-A8KH-01A,1.0,0.0,0.0,0.0,0.0
1,80460336,+,3,155352273,-,UVM,978,TCGA-VD-A8KH-01A,TCGA-VD-A8KH-01A,1.0,0.0,0.0,0.0,0.0
1,80486137,-,3,36357272,+,UVM,979,TCGA-VD-A8KH-01A,TCGA-VD-A8KH-01A,1.0,0.0,0.0,0.0,0.0
1,80494394,+,1,80764045,+,UVM,980,TCGA-VD-A8KH-01A,TCGA-VD-A8KH-01A,1.0,0.0,0.0,0.0,0.0
1,80563235,+,1,80574362,-,UVM,981,TCGA-VD-A8KH-01A,TCGA-VD-A8KH-01A,1.0,0.0,0.0,0.0,0.0
1,80598120,+,1,80668823,-,UVM,982,TCGA-VD-A8KH-01A,TCGA-VD-A8KH-01A,1.0,0.0,0.0,0.0,0.0
1,80619626,-,3,161814690,+,UVM,983,TCGA-VD-A8KH-01A,TCGA-VD-A8KH-01A,1.0,0.0,0.0,0.0,0.0
1,80622318,+,3,86432313,+,UVM,984,TCGA-VD-A8KH-01A,TCGA-VD-A8KH-01A,1.0,0.0,0.0,0.0,0.0
1,80630242,-,3,164142904,+,UVM,985,TCGA-VD-A8KH-01A,TCGA-VD-A8KH-01A,1.0,0.0,0.0,0.0,0.0
1,80641281,+,3,165012150,+,UVM,986,TCGA-VD-A8KH-01A,TCGA-VD-A8KH-01A,1.0,0.0,0.0,0.0,0.0
1,80751352,-,3,155478694,+,UVM,987,TCGA-VD-A8KH-01A,TCGA-VD-A8KH-01A,1.0,0.0,0.0,0.0,0.0
1,80856143,+,3,161851622,+,UVM,988,TCGA-VD-A8KH-01A,TCGA-VD-A8KH-01A,1.0,0.0,0.0,0.0,0.0
1,80906255,-,3,26950152,-,UVM,989,TCGA-VD-A8KH-01A,TCGA-VD-A8KH-01A,1.0,0.0,0.0,0.0,0.0
1,80913298,+,3,38330016,+,UVM,990,TCGA-VD-A8KH-01A,TCGA-VD-A8KH-01A,1.0,0.0,0.0,0.0,0.0
1,80935486,-,3,164109295,-,UVM,991,TCGA-VD-A8KH-01A,TCGA-VD-A8KH-01A,1.0,0.0,0.0,0.0,0.0
1,80937979,+,3,167456701,-,UVM,992,TCGA-VD-A8KH-01A,TCGA-VD-A8KH-01A,1.0,0.0,0.0,0.0,0.0
1,81784711,-,3,165055130,+,UVM,993,TCGA-VD-A8KH-01A,TCGA-VD-A8KH-01A,1.0,0.0,0.0,0.0,0.0
1,83856636,+,3,165484855,+,UVM,994,TCGA-VD-A8KH-01A,TCGA-VD-A8KH-01A,1.0,0.0,0.0,0.0,0.0
1,83921531,-,3,38271533,-,UVM,995,TCGA-VD-A8KH-01A,TCGA-VD-A8KH-01A,1.0,0.0,0.0,0.0,0.0
1,83947147,+,3,55451695,-,UVM,996,TCGA-VD-A8KH-01A,TCGA-VD-A8KH-01A,1.0,0.0,0.0,0.0,0.0
1,96826073,-,3,27047463,-,UVM,997,TCGA-VD-A8KH-01A,TCGA-VD-A8KH-01A,1.0,0.0,0.0,0.0,0.0
1,96833451,+,3,38939656,+,UVM,998,TCGA-VD-A8KH-01A,TCGA-VD-A8KH-01A,1.0,0.0,0.0,0.0,0.0
1,96928878,-,3,77131858,-,UVM,999,TCGA-VD-A8KH-01A,TCGA-VD-A8KH-01A,1.0,0.0,0.0,0.0,0.0
1,122200939,-,1,122215859,+,UVM,1000,TCGA-VD-A8KH-01A,TCGA-VD-A8KH-01A,1.0,0.0,0.0,0.0,0.0
1,160448337,+,4,123095043,+,UVM,1001,TCGA-VD-A8KH-01A,TCGA-VD-A8KH-01A,1.0,0.0,0.0,0.0,0.0
12,34786506,+,12,34797288,-,UVM,1002,TCGA-VD-A8KH-01A,TCGA-VD-A8KH-01A,1.0,0.0,0.0,0.0,0.0
13,16857377,-,13,17287704,+,UVM,1003,TCGA-VD-A8KH-01A,TCGA-VD-A8KH-01A,1.0,0.0,0.0,0.0,0.0
17,28371184,+,17,28371610,-,UVM,1004,TCGA-VD-A8KH-01A,TCGA-VD-A8KH-01A,1.0,0.0,0.0,0.0,0.0
2,78479433,+,2,78484826,-,UVM,1005,TCGA-VD-A8KH-01A,TCGA-VD-A8KH-01A,1.0,0.0,0.0,0.0,0.0
3,26643981,+,3,77130849,+,UVM,1006,TCGA-VD-A8KH-01A,TCGA-VD-A8KH-01A,1.0,0.0,0.0,0.0,0.0
3,26925603,-,3,155661190,+,UVM,1007,TCGA-VD-A8KH-01A,TCGA-VD-A8KH-01A,1.0,0.0,0.0,0.0,0.0
3,26931931,+,3,38165875,+,UVM,1008,TCGA-VD-A8KH-01A,TCGA-VD-A8KH-01A,1.0,0.0,0.0,0.0,0.0
3,26962716,+,3,59031909,-,UVM,1009,TCGA-VD-A8KH-01A,TCGA-VD-A8KH-01A,1.0,0.0,0.0,0.0,0.0
3,27154922,+,3,59185134,-,UVM,1010,TCGA-VD-A8KH-01A,TCGA-VD-A8KH-01A,1.0,0.0,0.0,0.0,0.0
3,36267173,-,3,86643857,-,UVM,1011,TCGA-VD-A8KH-01A,TCGA-VD-A8KH-01A,1.0,0.0,0.0,0.0,0.0
3,36440124,-,3,66769617,-,UVM,1012,TCGA-VD-A8KH-01A,TCGA-VD-A8KH-01A,1.0,0.0,0.0,0.0,0.0
3,36453262,+,3,159217446,+,UVM,1013,TCGA-VD-A8KH-01A,TCGA-VD-A8KH-01A,1.0,0.0,0.0,0.0,0.0
3,36848845,-,3,57602646,-,UVM,1014,TCGA-VD-A8KH-01A,TCGA-VD-A8KH-01A,1.0,0.0,0.0,0.0,0.0
3,38882858,-,3,77053827,+,UVM,1015,TCGA-VD-A8KH-01A,TCGA-VD-A8KH-01A,1.0,0.0,0.0,0.0,0.0
3,38885940,+,3,42251666,+,UVM,1016,TCGA-VD-A8KH-01A,TCGA-VD-A8KH-01A,1.0,0.0,0.0,0.0,0.0
3,38903221,-,3,164032734,+,UVM,1017,TCGA-VD-A8KH-01A,TCGA-VD-A8KH-01A,1.0,0.0,0.0,0.0,0.0
3,38984386,-,3,66731773,+,UVM,1018,TCGA-VD-A8KH-01A,TCGA-VD-A8KH-01A,1.0,0.0,0.0,0.0,0.0
3,42185481,+,3,165388483,-,UVM,1019,TCGA-VD-A8KH-01A,TCGA-VD-A8KH-01A,1.0,0.0,0.0,0.0,0.0
3,42213118,-,3,155490484,-,UVM,1020,TCGA-VD-A8KH-01A,TCGA-VD-A8KH-01A,1.0,0.0,0.0,0.0,0.0
3,42372831,+,3,159329870,+,UVM,1021,TCGA-VD-A8KH-01A,TCGA-VD-A8KH-01A,1.0,0.0,0.0,0.0,0.0
3,55403544,-,3,59279988,+,UVM,1022,TCGA-VD-A8KH-01A,TCGA-VD-A8KH-01A,1.0,0.0,0.0,0.0,0.0
3,55446166,+,3,167457945,+,UVM,1023,TCGA-VD-A8KH-01A,TCGA-VD-A8KH-01A,1.0,0.0,0.0,0.0,0.0
3,55456251,+,3,66665736,+,UVM,1024,TCGA-VD-A8KH-01A,TCGA-VD-A8KH-01A,1.0,0.0,0.0,0.0,0.0
3,55590140,-,3,59264731,-,UVM,1025,TCGA-VD-A8KH-01A,TCGA-VD-A8KH-01A,1.0,0.0,0.0,0.0,0.0
3,55631429,+,3,86445613,+,UVM,1026,TCGA-VD-A8KH-01A,TCGA-VD-A8KH-01A,1.0,0.0,0.0,0.0,0.0
3,55642916,-,3,86442833,-,UVM,1027,TCGA-VD-A8KH-01A,TCGA-VD-A8KH-01A,1.0,0.0,0.0,0.0,0.0
3,55648968,+,3,164121925,-,UVM,1028,TCGA-VD-A8KH-01A,TCGA-VD-A8KH-01A,1.0,0.0,0.0,0.0,0.0
3,57594347,+,3,165265802,-,UVM,1029,TCGA-VD-A8KH-01A,TCGA-VD-A8KH-01A,1.0,0.0,0.0,0.0,0.0
3,58699804,+,3,165180339,+,UVM,1030,TCGA-VD-A8KH-01A,TCGA-VD-A8KH-01A,1.0,0.0,0.0,0.0,0.0
3,58704779,-,3,165191635,-,UVM,1031,TCGA-VD-A8KH-01A,TCGA-VD-A8KH-01A,1.0,0.0,0.0,0.0,0.0
3,58968878,+,3,165240464,+,UVM,1032,TCGA-VD-A8KH-01A,TCGA-VD-A8KH-01A,1.0,0.0,0.0,0.0,0.0
3,59093112,+,3,76946057,-,UVM,1033,TCGA-VD-A8KH-01A,TCGA-VD-A8KH-01A,1.0,0.0,0.0,0.0,0.0
3,59161467,-,3,163919255,-,UVM,1034,TCGA-VD-A8KH-01A,TCGA-VD-A8KH-01A,1.0,0.0,0.0,0.0,0.0
3,59182312,+,3,77017992,-,UVM,1035,TCGA-VD-A8KH-01A,TCGA-VD-A8KH-01A,1.0,0.0,0.0,0.0,0.0
3,59186635,+,3,155566378,-,UVM,1036,TCGA-VD-A8KH-01A,TCGA-VD-A8KH-01A,1.0,0.0,0.0,0.0,0.0
3,66575852,-,3,66645035,-,UVM,1037,TCGA-VD-A8KH-01A,TCGA-VD-A8KH-01A,1.0,0.0,0.0,0.0,0.0
3,66609999,+,3,86614989,+,UVM,1038,TCGA-VD-A8KH-01A,TCGA-VD-A8KH-01A,1.0,0.0,0.0,0.0,0.0
3,66729890,-,3,159214312,-,UVM,1039,TCGA-VD-A8KH-01A,TCGA-VD-A8KH-01A,1.0,0.0,0.0,0.0,0.0
3,66850802,+,3,164162483,-,UVM,1040,TCGA-VD-A8KH-01A,TCGA-VD-A8KH-01A,1.0,0.0,0.0,0.0,0.0
3,70559001,+,3,86458735,-,UVM,1041,TCGA-VD-A8KH-01A,TCGA-VD-A8KH-01A,1.0,0.0,0.0,0.0,0.0
3,76993959,+,3,86652856,+,UVM,1042,TCGA-VD-A8KH-01A,TCGA-VD-A8KH-01A,1.0,0.0,0.0,0.0,0.0
3,77096103,-,3,165494205,-,UVM,1043,TCGA-VD-A8KH-01A,TCGA-VD-A8KH-01A,1.0,0.0,0.0,0.0,0.0
3,77263810,+,3,77287101,-,UVM,1044,TCGA-VD-A8KH-01A,TCGA-VD-A8KH-01A,1.0,0.0,0.0,0.0,0.0
3,143931440,-,3,146297627,+,UVM,1045,TCGA-VD-A8KH-01A,TCGA-VD-A8KH-01A,1.0,0.0,0.0,0.0,0.0
3,145639213,+,3,164171572,+,UVM,1046,TCGA-VD-A8KH-01A,TCGA-VD-A8KH-01A,1.0,0.0,0.0,0.0,0.0
3,145697327,+,3,164963010,-,UVM,1047,TCGA-VD-A8KH-01A,TCGA-VD-A8KH-01A,1.0,0.0,0.0,0.0,0.0
3,145757231,-,3,165503386,+,UVM,1048,TCGA-VD-A8KH-01A,TCGA-VD-A8KH-01A,1.0,0.0,0.0,0.0,0.0
3,155446020,+,3,155500416,+,UVM,1049,TCGA-VD-A8KH-01A,TCGA-VD-A8KH-01A,1.0,0.0,0.0,0.0,0.0
3,161808061,-,3,165466332,-,UVM,1050,TCGA-VD-A8KH-01A,TCGA-VD-A8KH-01A,1.0,0.0,0.0,0.0,0.0
3,164112470,+,3,164965449,+,UVM,1051,TCGA-VD-A8KH-01A,TCGA-VD-A8KH-01A,1.0,0.0,0.0,0.0,0.0
3,165124638,-,3,165432116,-,UVM,1052,TCGA-VD-A8KH-01A,TCGA-VD-A8KH-01A,1.0,0.0,0.0,0.0,0.0
3,165215660,+,3,165340134,+,UVM,1053,TCGA-VD-A8KH-01A,TCGA-VD-A8KH-01A,1.0,0.0,0.0,0.0,0.0
3,165416071,+,3,168275250,+,UVM,1054,TCGA-VD-A8KH-01A,TCGA-VD-A8KH-01A,1.0,0.0,0.0,0.0,0.0
5,3211927,+,5,3212460,-,UVM,1055,TCGA-VD-A8KH-01A,TCGA-VD-A8KH-01A,1.0,0.0,0.0,0.0,0.0
5,164013473,-,5,164433559,+,UVM,1056,TCGA-VD-A8KH-01A,TCGA-VD-A8KH-01A,1.0,0.0,0.0,0.0,0.0
6,91144410,+,11,26726157,-,UVM,1057,TCGA-VD-A8KH-01A,TCGA-VD-A8KH-01A,1.0,0.0,0.0,0.0,0.0
7,148330433,+,7,148330940,-,UVM,1058,TCGA-VD-A8KH-01A,TCGA-VD-A8KH-01A,1.0,0.0,0.0,0.0,0.0
8,104510498,+,8,104516992,-,UVM,1059,TCGA-VD-A8KH-01A,TCGA-VD-A8KH-01A,1.0,0.0,0.0,0.0,0.0
8,105330576,-,15,50855962,+,UVM,1060,TCGA-VD-A8KH-01A,TCGA-VD-A8KH-01A,1.0,0.0,0.0,0.0,0.0
9,34090524,+,22,11577525,+,UVM,1061,TCGA-VD-A8KH-01A,TCGA-VD-A8KH-01A,1.0,0.0,0.0,0.0,0.0
9,37179882,-,9,38309564,-,UVM,1062,TCGA-VD-A8KH-01A,TCGA-VD-A8KH-01A,1.0,0.0,0.0,0.0,0.0
1,77433681,+,8,133313108,+,UVM,1063,TCGA-VD-A8KI-01A,TCGA-VD-A8KI-01A,1.0,0.0,0.0,0.0,0.0
1,121418810,+,5,50540050,+,UVM,1064,TCGA-VD-A8KI-01A,TCGA-VD-A8KI-01A,1.0,0.0,0.0,0.0,0.0
1,122056279,+,1,122169683,-,UVM,1065,TCGA-VD-A8KI-01A,TCGA-VD-A8KI-01A,1.0,0.0,0.0,0.0,0.0
1,208738761,+,12,8793808,-,UVM,1066,TCGA-VD-A8KI-01A,TCGA-VD-A8KI-01A,1.0,0.0,0.0,0.0,0.0
11,17254595,-,11,17261930,+,UVM,1067,TCGA-VD-A8KI-01A,TCGA-VD-A8KI-01A,1.0,0.0,0.0,0.0,0.0
14,81237041,+,18,57643131,+,UVM,1068,TCGA-VD-A8KI-01A,TCGA-VD-A8KI-01A,1.0,0.0,0.0,0.0,0.0
15,68672185,+,17,57547787,+,UVM,1069,TCGA-VD-A8KI-01A,TCGA-VD-A8KI-01A,1.0,0.0,0.0,0.0,0.0
15,98274196,-,23,94966968,-,UVM,1070,TCGA-VD-A8KI-01A,TCGA-VD-A8KI-01A,1.0,0.0,0.0,0.0,0.0
16,3023965,+,16,3024387,-,UVM,1071,TCGA-VD-A8KI-01A,TCGA-VD-A8KI-01A,1.0,0.0,0.0,0.0,0.0
18,15474956,+,18,15679219,-,UVM,1072,TCGA-VD-A8KI-01A,TCGA-VD-A8KI-01A,1.0,0.0,0.0,0.0,0.0
18,15574009,+,18,15762319,-,UVM,1073,TCGA-VD-A8KI-01A,TCGA-VD-A8KI-01A,1.0,0.0,0.0,0.0,0.0
18,20738022,+,18,20802985,-,UVM,1074,TCGA-VD-A8KI-01A,TCGA-VD-A8KI-01A,1.0,0.0,0.0,0.0,0.0
2,92743443,+,2,92933415,-,UVM,1075,TCGA-VD-A8KI-01A,TCGA-VD-A8KI-01A,1.0,0.0,0.0,0.0,0.0
2,94557179,+,22,15194946,-,UVM,1076,TCGA-VD-A8KI-01A,TCGA-VD-A8KI-01A,1.0,0.0,0.0,0.0,0.0
2,222866742,-,17,82011311,-,UVM,1077,TCGA-VD-A8KI-01A,TCGA-VD-A8KI-01A,1.0,0.0,0.0,0.0,0.0
20,26477352,+,20,26478292,-,UVM,1078,TCGA-VD-A8KI-01A,TCGA-VD-A8KI-01A,1.0,0.0,0.0,0.0,0.0
20,29290742,-,24,10206438,-,UVM,1079,TCGA-VD-A8KI-01A,TCGA-VD-A8KI-01A,1.0,0.0,0.0,0.0,0.0
4,119213647,+,12,92576342,-,UVM,1080,TCGA-VD-A8KI-01A,TCGA-VD-A8KI-01A,1.0,0.0,0.0,0.0,0.0
6,58268545,+,6,61173888,+,UVM,1081,TCGA-VD-A8KI-01A,TCGA-VD-A8KI-01A,1.0,0.0,0.0,0.0,0.0
6,58581914,+,6,59649864,-,UVM,1082,TCGA-VD-A8KI-01A,TCGA-VD-A8KI-01A,1.0,0.0,0.0,0.0,0.0
8,7102177,+,16,5249892,-,UVM,1083,TCGA-VD-A8KI-01A,TCGA-VD-A8KI-01A,1.0,0.0,0.0,0.0,0.0
8,69230786,-,16,7894556,-,UVM,1084,TCGA-VD-A8KI-01A,TCGA-VD-A8KI-01A,1.0,0.0,0.0,0.0,0.0
9,44366894,-,9,44746425,+,UVM,1085,TCGA-VD-A8KI-01A,TCGA-VD-A8KI-01A,1.0,0.0,0.0,0.0,0.0
23,48274981,-,23,48337099,+,UVM,1086,TCGA-VD-A8KI-01A,TCGA-VD-A8KI-01A,1.0,0.0,0.0,0.0,0.0
1,122200929,-,1,122215839,+,UVM,1087,TCGA-VD-A8KJ-01A,TCGA-VD-A8KJ-01A,1.0,0.0,0.0,0.0,0.0
1,124802897,+,1,124823036,-,UVM,1088,TCGA-VD-A8KJ-01A,TCGA-VD-A8KJ-01A,1.0,0.0,0.0,0.0,0.0
10,3899799,-,23,4121899,-,UVM,1089,TCGA-VD-A8KJ-01A,TCGA-VD-A8KJ-01A,1.0,0.0,0.0,0.0,0.0
11,125312887,+,11,125324358,-,UVM,1090,TCGA-VD-A8KJ-01A,TCGA-VD-A8KJ-01A,1.0,0.0,0.0,0.0,0.0
12,34832544,-,12,37250857,+,UVM,1091,TCGA-VD-A8KJ-01A,TCGA-VD-A8KJ-01A,1.0,0.0,0.0,0.0,0.0
17,23006568,-,17,23070706,+,UVM,1092,TCGA-VD-A8KJ-01A,TCGA-VD-A8KJ-01A,1.0,0.0,0.0,0.0,0.0
18,15636694,+,18,20611452,-,UVM,1093,TCGA-VD-A8KJ-01A,TCGA-VD-A8KJ-01A,1.0,0.0,0.0,0.0,0.0
2,77796629,-,2,77804046,+,UVM,1094,TCGA-VD-A8KJ-01A,TCGA-VD-A8KJ-01A,1.0,0.0,0.0,0.0,0.0
2,95838442,+,2,97494268,-,UVM,1095,TCGA-VD-A8KJ-01A,TCGA-VD-A8KJ-01A,1.0,0.0,0.0,0.0,0.0
5,46488638,+,5,46561728,-,UVM,1096,TCGA-VD-A8KJ-01A,TCGA-VD-A8KJ-01A,1.0,0.0,0.0,0.0,0.0
5,47058213,+,5,47128735,-,UVM,1097,TCGA-VD-A8KJ-01A,TCGA-VD-A8KJ-01A,1.0,0.0,0.0,0.0,0.0
5,49705988,-,5,49711038,+,UVM,1098,TCGA-VD-A8KJ-01A,TCGA-VD-A8KJ-01A,1.0,0.0,0.0,0.0,0.0
6,27589977,-,6,127629625,-,UVM,1099,TCGA-VD-A8KJ-01A,TCGA-VD-A8KJ-01A,1.0,0.0,0.0,0.0,0.0
6,27590101,+,6,65527442,+,UVM,1100,TCGA-VD-A8KJ-01A,TCGA-VD-A8KJ-01A,1.0,0.0,0.0,0.0,0.0
6,55469274,+,8,114195343,-,UVM,1101,TCGA-VD-A8KJ-01A,TCGA-VD-A8KJ-01A,1.0,0.0,0.0,0.0,0.0
6,55488052,-,8,47012666,+,UVM,1102,TCGA-VD-A8KJ-01A,TCGA-VD-A8KJ-01A,1.0,0.0,0.0,0.0,0.0
6,55742346,+,8,113692665,+,UVM,1103,TCGA-VD-A8KJ-01A,TCGA-VD-A8KJ-01A,1.0,0.0,0.0,0.0,0.0
6,55752110,-,8,114178546,+,UVM,1104,TCGA-VD-A8KJ-01A,TCGA-VD-A8KJ-01A,1.0,0.0,0.0,0.0,0.0
6,55784216,+,8,113420744,-,UVM,1105,TCGA-VD-A8KJ-01A,TCGA-VD-A8KJ-01A,1.0,0.0,0.0,0.0,0.0
6,55794960,-,6,55833151,+,UVM,1106,TCGA-VD-A8KJ-01A,TCGA-VD-A8KJ-01A,1.0,0.0,0.0,0.0,0.0
6,55812199,+,6,77837735,+,UVM,1107,TCGA-VD-A8KJ-01A,TCGA-VD-A8KJ-01A,1.0,0.0,0.0,0.0,0.0
6,55823571,-,6,76560213,-,UVM,1108,TCGA-VD-A8KJ-01A,TCGA-VD-A8KJ-01A,1.0,0.0,0.0,0.0,0.0
6,55841239,-,6,77810769,+,UVM,1109,TCGA-VD-A8KJ-01A,TCGA-VD-A8KJ-01A,1.0,0.0,0.0,0.0,0.0
6,56162800,+,6,56662904,-,UVM,1110,TCGA-VD-A8KJ-01A,TCGA-VD-A8KJ-01A,1.0,0.0,0.0,0.0,0.0
6,56195494,-,6,58310307,+,UVM,1111,TCGA-VD-A8KJ-01A,TCGA-VD-A8KJ-01A,1.0,0.0,0.0,0.0,0.0
6,56275016,+,6,56352115,-,UVM,1112,TCGA-VD-A8KJ-01A,TCGA-VD-A8KJ-01A,1.0,0.0,0.0,0.0,0.0
6,56318964,-,6,56418565,-,UVM,1113,TCGA-VD-A8KJ-01A,TCGA-VD-A8KJ-01A,1.0,0.0,0.0,0.0,0.0
6,56350096,+,6,56380994,+,UVM,1114,TCGA-VD-A8KJ-01A,TCGA-VD-A8KJ-01A,1.0,0.0,0.0,0.0,0.0
6,56495811,+,8,51758038,-,UVM,1115,TCGA-VD-A8KJ-01A,TCGA-VD-A8KJ-01A,1.0,0.0,0.0,0.0,0.0
6,56533572,-,6,57605297,+,UVM,1116,TCGA-VD-A8KJ-01A,TCGA-VD-A8KJ-01A,1.0,0.0,0.0,0.0,0.0
6,56658483,+,6,98183478,-,UVM,1117,TCGA-VD-A8KJ-01A,TCGA-VD-A8KJ-01A,1.0,0.0,0.0,0.0,0.0
6,56856487,+,6,56963679,+,UVM,1118,TCGA-VD-A8KJ-01A,TCGA-VD-A8KJ-01A,1.0,0.0,0.0,0.0,0.0
6,56966263,-,6,98296128,+,UVM,1119,TCGA-VD-A8KJ-01A,TCGA-VD-A8KJ-01A,1.0,0.0,0.0,0.0,0.0
6,57203199,+,6,98540190,-,UVM,1120,TCGA-VD-A8KJ-01A,TCGA-VD-A8KJ-01A,1.0,0.0,0.0,0.0,0.0
6,57261836,-,6,75355178,+,UVM,1121,TCGA-VD-A8KJ-01A,TCGA-VD-A8KJ-01A,1.0,0.0,0.0,0.0,0.0
6,57389666,+,6,57978998,+,UVM,1122,TCGA-VD-A8KJ-01A,TCGA-VD-A8KJ-01A,1.0,0.0,0.0,0.0,0.0
6,57465247,-,6,143211178,-,UVM,1123,TCGA-VD-A8KJ-01A,TCGA-VD-A8KJ-01A,1.0,0.0,0.0,0.0,0.0
6,57487148,+,6,144755853,+,UVM,1124,TCGA-VD-A8KJ-01A,TCGA-VD-A8KJ-01A,1.0,0.0,0.0,0.0,0.0
6,57548743,-,6,75325159,-,UVM,1125,TCGA-VD-A8KJ-01A,TCGA-VD-A8KJ-01A,1.0,0.0,0.0,0.0,0.0
6,57801453,-,6,110300764,-,UVM,1126,TCGA-VD-A8KJ-01A,TCGA-VD-A8KJ-01A,1.0,0.0,0.0,0.0,0.0
6,57813656,+,6,142952165,+,UVM,1127,TCGA-VD-A8KJ-01A,TCGA-VD-A8KJ-01A,1.0,0.0,0.0,0.0,0.0
6,57878269,-,6,98895085,-,UVM,1128,TCGA-VD-A8KJ-01A,TCGA-VD-A8KJ-01A,1.0,0.0,0.0,0.0,0.0
6,58033531,-,6,142925031,-,UVM,1129,TCGA-VD-A8KJ-01A,TCGA-VD-A8KJ-01A,1.0,0.0,0.0,0.0,0.0
6,58090076,+,6,161887348,-,UVM,1130,TCGA-VD-A8KJ-01A,TCGA-VD-A8KJ-01A,1.0,0.0,0.0,0.0,0.0
6,58236184,-,8,51912146,-,UVM,1131,TCGA-VD-A8KJ-01A,TCGA-VD-A8KJ-01A,1.0,0.0,0.0,0.0,0.0
6,60377540,+,6,80501812,+,UVM,1132,TCGA-VD-A8KJ-01A,TCGA-VD-A8KJ-01A,1.0,0.0,0.0,0.0,0.0
6,60405795,-,6,60918347,-,UVM,1133,TCGA-VD-A8KJ-01A,TCGA-VD-A8KJ-01A,1.0,0.0,0.0,0.0,0.0
6,60417480,+,6,81570784,+,UVM,1134,TCGA-VD-A8KJ-01A,TCGA-VD-A8KJ-01A,1.0,0.0,0.0,0.0,0.0
6,60623612,+,6,80671259,+,UVM,1135,TCGA-VD-A8KJ-01A,TCGA-VD-A8KJ-01A,1.0,0.0,0.0,0.0,0.0
6,60680684,-,6,168413652,-,UVM,1136,TCGA-VD-A8KJ-01A,TCGA-VD-A8KJ-01A,1.0,0.0,0.0,0.0,0.0
6,60732352,+,6,81540750,-,UVM,1137,TCGA-VD-A8KJ-01A,TCGA-VD-A8KJ-01A,1.0,0.0,0.0,0.0,0.0
6,60740387,-,6,80484519,-,UVM,1138,TCGA-VD-A8KJ-01A,TCGA-VD-A8KJ-01A,1.0,0.0,0.0,0.0,0.0
6,60786455,+,6,167226780,-,UVM,1139,TCGA-VD-A8KJ-01A,TCGA-VD-A8KJ-01A,1.0,0.0,0.0,0.0,0.0
6,60814484,-,6,80829408,-,UVM,1140,TCGA-VD-A8KJ-01A,TCGA-VD-A8KJ-01A,1.0,0.0,0.0,0.0,0.0
6,60932025,+,6,82719133,+,UVM,1141,TCGA-VD-A8KJ-01A,TCGA-VD-A8KJ-01A,1.0,0.0,0.0,0.0,0.0
6,61003006,-,6,167744550,-,UVM,1142,TCGA-VD-A8KJ-01A,TCGA-VD-A8KJ-01A,1.0,0.0,0.0,0.0,0.0
6,61092383,+,6,167442877,-,UVM,1143,TCGA-VD-A8KJ-01A,TCGA-VD-A8KJ-01A,1.0,0.0,0.0,0.0,0.0
6,61403075,+,6,162931562,+,UVM,1144,TCGA-VD-A8KJ-01A,TCGA-VD-A8KJ-01A,1.0,0.0,0.0,0.0,0.0
6,62165439,+,6,82227321,-,UVM,1145,TCGA-VD-A8KJ-01A,TCGA-VD-A8KJ-01A,1.0,0.0,0.0,0.0,0.0
6,62214123,-,6,83792050,-,UVM,1146,TCGA-VD-A8KJ-01A,TCGA-VD-A8KJ-01A,1.0,0.0,0.0,0.0,0.0
6,62225426,+,6,62255521,-,UVM,1147,TCGA-VD-A8KJ-01A,TCGA-VD-A8KJ-01A,1.0,0.0,0.0,0.0,0.0
6,62243587,-,6,145928700,-,UVM,1148,TCGA-VD-A8KJ-01A,TCGA-VD-A8KJ-01A,1.0,0.0,0.0,0.0,0.0
6,62247356,+,6,84553510,+,UVM,1149,TCGA-VD-A8KJ-01A,TCGA-VD-A8KJ-01A,1.0,0.0,0.0,0.0,0.0
6,62256793,+,6,145417524,-,UVM,1150,TCGA-VD-A8KJ-01A,TCGA-VD-A8KJ-01A,1.0,0.0,0.0,0.0,0.0
6,62745979,-,6,164971353,-,UVM,1151,TCGA-VD-A8KJ-01A,TCGA-VD-A8KJ-01A,1.0,0.0,0.0,0.0,0.0
6,62797590,+,6,107910265,-,UVM,1152,TCGA-VD-A8KJ-01A,TCGA-VD-A8KJ-01A,1.0,0.0,0.0,0.0,0.0
6,62800320,-,6,115624663,+,UVM,1153,TCGA-VD-A8KJ-01A,TCGA-VD-A8KJ-01A,1.0,0.0,0.0,0.0,0.0
6,62890709,+,6,115393565,-,UVM,1154,TCGA-VD-A8KJ-01A,TCGA-VD-A8KJ-01A,1.0,0.0,0.0,0.0,0.0
6,62893600,-,6,63064813,+,UVM,1155,TCGA-VD-A8KJ-01A,TCGA-VD-A8KJ-01A,1.0,0.0,0.0,0.0,0.0
6,62912850,+,6,104369625,-,UVM,1156,TCGA-VD-A8KJ-01A,TCGA-VD-A8KJ-01A,1.0,0.0,0.0,0.0,0.0
6,63043236,-,6,63152626,-,UVM,1157,TCGA-VD-A8KJ-01A,TCGA-VD-A8KJ-01A,1.0,0.0,0.0,0.0,0.0
6,63311228,+,6,124186952,-,UVM,1158,TCGA-VD-A8KJ-01A,TCGA-VD-A8KJ-01A,1.0,0.0,0.0,0.0,0.0
6,63409628,-,6,156731044,+,UVM,1159,TCGA-VD-A8KJ-01A,TCGA-VD-A8KJ-01A,1.0,0.0,0.0,0.0,0.0
6,63444816,+,6,86500996,-,UVM,1160,TCGA-VD-A8KJ-01A,TCGA-VD-A8KJ-01A,1.0,0.0,0.0,0.0,0.0
6,63497211,-,6,67952647,-,UVM,1161,TCGA-VD-A8KJ-01A,TCGA-VD-A8KJ-01A,1.0,0.0,0.0,0.0,0.0
6,63522939,+,6,86874140,-,UVM,1162,TCGA-VD-A8KJ-01A,TCGA-VD-A8KJ-01A,1.0,0.0,0.0,0.0,0.0
6,63525398,-,6,152703229,+,UVM,1163,TCGA-VD-A8KJ-01A,TCGA-VD-A8KJ-01A,1.0,0.0,0.0,0.0,0.0
6,63671197,+,6,86949375,-,UVM,1164,TCGA-VD-A8KJ-01A,TCGA-VD-A8KJ-01A,1.0,0.0,0.0,0.0,0.0
6,63844843,-,6,158793195,+,UVM,1165,TCGA-VD-A8KJ-01A,TCGA-VD-A8KJ-01A,1.0,0.0,0.0,0.0,0.0
6,63848222,+,6,88883896,-,UVM,1166,TCGA-VD-A8KJ-01A,TCGA-VD-A8KJ-01A,1.0,0.0,0.0,0.0,0.0
6,64078796,-,6,87657718,-,UVM,1167,TCGA-VD-A8KJ-01A,TCGA-VD-A8KJ-01A,1.0,0.0,0.0,0.0,0.0
6,64335255,-,6,157846639,-,UVM,1168,TCGA-VD-A8KJ-01A,TCGA-VD-A8KJ-01A,1.0,0.0,0.0,0.0,0.0
6,64335339,-,6,121209272,+,UVM,1169,TCGA-VD-A8KJ-01A,TCGA-VD-A8KJ-01A,1.0,0.0,0.0,0.0,0.0
6,64338138,+,6,158515256,-,UVM,1170,TCGA-VD-A8KJ-01A,TCGA-VD-A8KJ-01A,1.0,0.0,0.0,0.0,0.0
6,64340080,-,6,90616760,+,UVM,1171,TCGA-VD-A8KJ-01A,TCGA-VD-A8KJ-01A,1.0,0.0,0.0,0.0,0.0
6,64362680,+,6,90464830,+,UVM,1172,TCGA-VD-A8KJ-01A,TCGA-VD-A8KJ-01A,1.0,0.0,0.0,0.0,0.0
6,64408374,-,6,125725456,-,UVM,1173,TCGA-VD-A8KJ-01A,TCGA-VD-A8KJ-01A,1.0,0.0,0.0,0.0,0.0
6,64425507,+,6,106205372,+,UVM,1174,TCGA-VD-A8KJ-01A,TCGA-VD-A8KJ-01A,1.0,0.0,0.0,0.0,0.0
6,64800397,-,6,88476312,+,UVM,1175,TCGA-VD-A8KJ-01A,TCGA-VD-A8KJ-01A,1.0,0.0,0.0,0.0,0.0
6,64814664,+,6,170392442,-,UVM,1176,TCGA-VD-A8KJ-01A,TCGA-VD-A8KJ-01A,1.0,0.0,0.0,0.0,0.0
6,64827872,-,6,87573607,-,UVM,1177,TCGA-VD-A8KJ-01A,TCGA-VD-A8KJ-01A,1.0,0.0,0.0,0.0,0.0
6,64834075,+,6,65041917,+,UVM,1178,TCGA-VD-A8KJ-01A,TCGA-VD-A8KJ-01A,1.0,0.0,0.0,0.0,0.0
6,64837192,-,6,121402606,+,UVM,1179,TCGA-VD-A8KJ-01A,TCGA-VD-A8KJ-01A,1.0,0.0,0.0,0.0,0.0
6,64870327,+,6,122063141,+,UVM,1180,TCGA-VD-A8KJ-01A,TCGA-VD-A8KJ-01A,1.0,0.0,0.0,0.0,0.0
6,65025632,-,6,120849384,-,UVM,1181,TCGA-VD-A8KJ-01A,TCGA-VD-A8KJ-01A,1.0,0.0,0.0,0.0,0.0
6,65049164,-,6,87640709,-,UVM,1182,TCGA-VD-A8KJ-01A,TCGA-VD-A8KJ-01A,1.0,0.0,0.0,0.0,0.0
6,65050396,+,6,160343457,-,UVM,1183,TCGA-VD-A8KJ-01A,TCGA-VD-A8KJ-01A,1.0,0.0,0.0,0.0,0.0
6,65082869,-,6,121192322,+,UVM,1184,TCGA-VD-A8KJ-01A,TCGA-VD-A8KJ-01A,1.0,0.0,0.0,0.0,0.0
6,65167611,+,6,121458970,+,UVM,1185,TCGA-VD-A8KJ-01A,TCGA-VD-A8KJ-01A,1.0,0.0,0.0,0.0,0.0
6,65186199,-,6,158819126,+,UVM,1186,TCGA-VD-A8KJ-01A,TCGA-VD-A8KJ-01A,1.0,0.0,0.0,0.0,0.0
6,65223352,+,6,158382938,+,UVM,1187,TCGA-VD-A8KJ-01A,TCGA-VD-A8KJ-01A,1.0,0.0,0.0,0.0,0.0
6,65233574,-,6,88633193,+,UVM,1188,TCGA-VD-A8KJ-01A,TCGA-VD-A8KJ-01A,1.0,0.0,0.0,0.0,0.0
6,65264700,+,6,65555289,-,UVM,1189,TCGA-VD-A8KJ-01A,TCGA-VD-A8KJ-01A,1.0,0.0,0.0,0.0,0.0
6,65489331,-,6,87650335,+,UVM,1190,TCGA-VD-A8KJ-01A,TCGA-VD-A8KJ-01A,1.0,0.0,0.0,0.0,0.0
6,65527442,+,6,168610003,+,UVM,1191,TCGA-VD-A8KJ-01A,TCGA-VD-A8KJ-01A,1.0,0.0,0.0,0.0,0.0
6,65623715,+,6,120856651,+,UVM,1192,TCGA-VD-A8KJ-01A,TCGA-VD-A8KJ-01A,1.0,0.0,0.0,0.0,0.0
6,65806132,-,6,105392073,+,UVM,1193,TCGA-VD-A8KJ-01A,TCGA-VD-A8KJ-01A,1.0,0.0,0.0,0.0,0.0
6,65806691,+,6,89602796,+,UVM,1194,TCGA-VD-A8KJ-01A,TCGA-VD-A8KJ-01A,1.0,0.0,0.0,0.0,0.0
6,65967921,-,6,152671025,-,UVM,1195,TCGA-VD-A8KJ-01A,TCGA-VD-A8KJ-01A,1.0,0.0,0.0,0.0,0.0
6,65970364,+,6,66318968,+,UVM,1196,TCGA-VD-A8KJ-01A,TCGA-VD-A8KJ-01A,1.0,0.0,0.0,0.0,0.0
6,65975549,-,6,89174347,+,UVM,1197,TCGA-VD-A8KJ-01A,TCGA-VD-A8KJ-01A,1.0,0.0,0.0,0.0,0.0
6,66059577,+,6,121463894,-,UVM,1198,TCGA-VD-A8KJ-01A,TCGA-VD-A8KJ-01A,1.0,0.0,0.0,0.0,0.0
6,66228817,-,6,157581188,+,UVM,1199,TCGA-VD-A8KJ-01A,TCGA-VD-A8KJ-01A,1.0,0.0,0.0,0.0,0.0
6,66322895,-,6,68184333,-,UVM,1200,TCGA-VD-A8KJ-01A,TCGA-VD-A8KJ-01A,1.0,0.0,0.0,0.0,0.0
6,66340218,+,6,153866452,+,UVM,1201,TCGA-VD-A8KJ-01A,TCGA-VD-A8KJ-01A,1.0,0.0,0.0,0.0,0.0
6,66346742,-,6,152815762,+,UVM,1202,TCGA-VD-A8KJ-01A,TCGA-VD-A8KJ-01A,1.0,0.0,0.0,0.0,0.0
6,66355224,+,6,154050490,-,UVM,1203,TCGA-VD-A8KJ-01A,TCGA-VD-A8KJ-01A,1.0,0.0,0.0,0.0,0.0
6,66386764,+,6,152108137,+,UVM,1204,TCGA-VD-A8KJ-01A,TCGA-VD-A8KJ-01A,1.0,0.0,0.0,0.0,0.0
6,66563363,-,6,106277711,-,UVM,1205,TCGA-VD-A8KJ-01A,TCGA-VD-A8KJ-01A,1.0,0.0,0.0,0.0,0.0
6,66609621,+,6,127431466,+,UVM,1206,TCGA-VD-A8KJ-01A,TCGA-VD-A8KJ-01A,1.0,0.0,0.0,0.0,0.0
6,66612489,-,6,159482999,+,UVM,1207,TCGA-VD-A8KJ-01A,TCGA-VD-A8KJ-01A,1.0,0.0,0.0,0.0,0.0
6,66614729,+,6,121526152,+,UVM,1208,TCGA-VD-A8KJ-01A,TCGA-VD-A8KJ-01A,1.0,0.0,0.0,0.0,0.0
6,67144232,-,6,152913663,+,UVM,1209,TCGA-VD-A8KJ-01A,TCGA-VD-A8KJ-01A,1.0,0.0,0.0,0.0,0.0
6,67190460,+,6,67320837,+,UVM,1210,TCGA-VD-A8KJ-01A,TCGA-VD-A8KJ-01A,1.0,0.0,0.0,0.0,0.0
6,67255063,-,6,139310263,-,UVM,1211,TCGA-VD-A8KJ-01A,TCGA-VD-A8KJ-01A,1.0,0.0,0.0,0.0,0.0
6,67297205,+,6,126931535,+,UVM,1212,TCGA-VD-A8KJ-01A,TCGA-VD-A8KJ-01A,1.0,0.0,0.0,0.0,0.0
6,67299620,-,6,164153032,+,UVM,1213,TCGA-VD-A8KJ-01A,TCGA-VD-A8KJ-01A,1.0,0.0,0.0,0.0,0.0
6,67323313,-,6,86119145,+,UVM,1214,TCGA-VD-A8KJ-01A,TCGA-VD-A8KJ-01A,1.0,0.0,0.0,0.0,0.0
6,67331909,+,6,124974754,-,UVM,1215,TCGA-VD-A8KJ-01A,TCGA-VD-A8KJ-01A,1.0,0.0,0.0,0.0,0.0
6,67334020,-,6,67938481,+,UVM,1216,TCGA-VD-A8KJ-01A,TCGA-VD-A8KJ-01A,1.0,0.0,0.0,0.0,0.0
6,67540031,+,6,152910419,-,UVM,1217,TCGA-VD-A8KJ-01A,TCGA-VD-A8KJ-01A,1.0,0.0,0.0,0.0,0.0
6,67541652,-,6,154287210,-,UVM,1218,TCGA-VD-A8KJ-01A,TCGA-VD-A8KJ-01A,1.0,0.0,0.0,0.0,0.0
6,67634000,-,6,154223163,+,UVM,1219,TCGA-VD-A8KJ-01A,TCGA-VD-A8KJ-01A,1.0,0.0,0.0,0.0,0.0
6,67753529,+,6,68218106,+,UVM,1220,TCGA-VD-A8KJ-01A,TCGA-VD-A8KJ-01A,1.0,0.0,0.0,0.0,0.0
6,67756328,-,6,138905025,+,UVM,1221,TCGA-VD-A8KJ-01A,TCGA-VD-A8KJ-01A,1.0,0.0,0.0,0.0,0.0
6,67756329,-,6,136664185,+,UVM,1222,TCGA-VD-A8KJ-01A,TCGA-VD-A8KJ-01A,1.0,0.0,0.0,0.0,0.0
6,67827339,+,6,164156120,-,UVM,1223,TCGA-VD-A8KJ-01A,TCGA-VD-A8KJ-01A,1.0,0.0,0.0,0.0,0.0
6,67864073,-,6,149833321,-,UVM,1224,TCGA-VD-A8KJ-01A,TCGA-VD-A8KJ-01A,1.0,0.0,0.0,0.0,0.0
6,67987164,+,6,103877427,+,UVM,1225,TCGA-VD-A8KJ-01A,TCGA-VD-A8KJ-01A,1.0,0.0,0.0,0.0,0.0
6,68112216,-,6,150832854,+,UVM,1226,TCGA-VD-A8KJ-01A,TCGA-VD-A8KJ-01A,1.0,0.0,0.0,0.0,0.0
6,68182177,+,6,124575387,-,UVM,1227,TCGA-VD-A8KJ-01A,TCGA-VD-A8KJ-01A,1.0,0.0,0.0,0.0,0.0
6,68591687,-,6,162859674,-,UVM,1228,TCGA-VD-A8KJ-01A,TCGA-VD-A8KJ-01A,1.0,0.0,0.0,0.0,0.0
6,68672468,+,6,162438591,-,UVM,1229,TCGA-VD-A8KJ-01A,TCGA-VD-A8KJ-01A,1.0,0.0,0.0,0.0,0.0
6,68727844,-,6,68845351,-,UVM,1230,TCGA-VD-A8KJ-01A,TCGA-VD-A8KJ-01A,1.0,0.0,0.0,0.0,0.0
6,68762262,+,6,72181330,+,UVM,1231,TCGA-VD-A8KJ-01A,TCGA-VD-A8KJ-01A,1.0,0.0,0.0,0.0,0.0
6,68810777,-,6,74850177,-,UVM,1232,TCGA-VD-A8KJ-01A,TCGA-VD-A8KJ-01A,1.0,0.0,0.0,0.0,0.0
6,68831568,+,6,129855971,-,UVM,1233,TCGA-VD-A8KJ-01A,TCGA-VD-A8KJ-01A,1.0,0.0,0.0,0.0,0.0
6,68885334,+,6,68904471,-,UVM,1234,TCGA-VD-A8KJ-01A,TCGA-VD-A8KJ-01A,1.0,0.0,0.0,0.0,0.0
6,68890485,-,6,69534007,-,UVM,1235,TCGA-VD-A8KJ-01A,TCGA-VD-A8KJ-01A,1.0,0.0,0.0,0.0,0.0
6,68895226,+,6,68954219,-,UVM,1236,TCGA-VD-A8KJ-01A,TCGA-VD-A8KJ-01A,1.0,0.0,0.0,0.0,0.0
6,68941119,+,6,162768824,+,UVM,1237,TCGA-VD-A8KJ-01A,TCGA-VD-A8KJ-01A,1.0,0.0,0.0,0.0,0.0
6,68972364,+,6,129921108,-,UVM,1238,TCGA-VD-A8KJ-01A,TCGA-VD-A8KJ-01A,1.0,0.0,0.0,0.0,0.0
6,69206283,-,6,73768479,-,UVM,1239,TCGA-VD-A8KJ-01A,TCGA-VD-A8KJ-01A,1.0,0.0,0.0,0.0,0.0
6,69235315,+,6,69551799,-,UVM,1240,TCGA-VD-A8KJ-01A,TCGA-VD-A8KJ-01A,1.0,0.0,0.0,0.0,0.0
6,69252492,-,8,52235484,+,UVM,1241,TCGA-VD-A8KJ-01A,TCGA-VD-A8KJ-01A,1.0,0.0,0.0,0.0,0.0
6,69264663,+,6,72575853,-,UVM,1242,TCGA-VD-A8KJ-01A,TCGA-VD-A8KJ-01A,1.0,0.0,0.0,0.0,0.0
6,69420562,-,6,73927542,-,UVM,1243,TCGA-VD-A8KJ-01A,TCGA-VD-A8KJ-01A,1.0,0.0,0.0,0.0,0.0
6,69548203,+,6,73512733,-,UVM,1244,TCGA-VD-A8KJ-01A,TCGA-VD-A8KJ-01A,1.0,0.0,0.0,0.0,0.0
6,69595186,+,6,75015727,+,UVM,1245,TCGA-VD-A8KJ-01A,TCGA-VD-A8KJ-01A,1.0,0.0,0.0,0.0,0.0
6,69605224,-,6,162748057,-,UVM,1246,TCGA-VD-A8KJ-01A,TCGA-VD-A8KJ-01A,1.0,0.0,0.0,0.0,0.0
6,69695050,+,6,132502626,-,UVM,1247,TCGA-VD-A8KJ-01A,TCGA-VD-A8KJ-01A,1.0,0.0,0.0,0.0,0.0
6,70083965,-,6,97430012,-,UVM,1248,TCGA-VD-A8KJ-01A,TCGA-VD-A8KJ-01A,1.0,0.0,0.0,0.0,0.0
6,70087420,+,6,156260527,+,UVM,1249,TCGA-VD-A8KJ-01A,TCGA-VD-A8KJ-01A,1.0,0.0,0.0,0.0,0.0
6,70131956,-,6,83088068,+,UVM,1250,TCGA-VD-A8KJ-01A,TCGA-VD-A8KJ-01A,1.0,0.0,0.0,0.0,0.0
6,70145570,+,6,160146429,+,UVM,1251,TCGA-VD-A8KJ-01A,TCGA-VD-A8KJ-01A,1.0,0.0,0.0,0.0,0.0
6,70146947,-,6,160375200,+,UVM,1252,TCGA-VD-A8KJ-01A,TCGA-VD-A8KJ-01A,1.0,0.0,0.0,0.0,0.0
6,70148555,+,6,71641781,+,UVM,1253,TCGA-VD-A8KJ-01A,TCGA-VD-A8KJ-01A,1.0,0.0,0.0,0.0,0.0
6,70164118,-,6,70206625,-,UVM,1254,TCGA-VD-A8KJ-01A,TCGA-VD-A8KJ-01A,1.0,0.0,0.0,0.0,0.0
6,70177357,+,6,72261059,-,UVM,1255,TCGA-VD-A8KJ-01A,TCGA-VD-A8KJ-01A,1.0,0.0,0.0,0.0,0.0
6,70315137,+,6,73244098,+,UVM,1256,TCGA-VD-A8KJ-01A,TCGA-VD-A8KJ-01A,1.0,0.0,0.0,0.0,0.0
6,70320632,-,6,129995225,+,UVM,1257,TCGA-VD-A8KJ-01A,TCGA-VD-A8KJ-01A,1.0,0.0,0.0,0.0,0.0
6,70369279,+,6,72791358,-,UVM,1258,TCGA-VD-A8KJ-01A,TCGA-VD-A8KJ-01A,1.0,0.0,0.0,0.0,0.0
6,70371749,-,6,114207458,+,UVM,1259,TCGA-VD-A8KJ-01A,TCGA-VD-A8KJ-01A,1.0,0.0,0.0,0.0,0.0
6,70392842,+,6,96912077,-,UVM,1260,TCGA-VD-A8KJ-01A,TCGA-VD-A8KJ-01A,1.0,0.0,0.0,0.0,0.0
6,70420956,-,6,120203722,-,UVM,1261,TCGA-VD-A8KJ-01A,TCGA-VD-A8KJ-01A,1.0,0.0,0.0,0.0,0.0
6,70491389,+,6,100406220,+,UVM,1262,TCGA-VD-A8KJ-01A,TCGA-VD-A8KJ-01A,1.0,0.0,0.0,0.0,0.0
6,70505672,-,6,100230438,+,UVM,1263,TCGA-VD-A8KJ-01A,TCGA-VD-A8KJ-01A,1.0,0.0,0.0,0.0,0.0
6,70519525,+,6,96975123,+,UVM,1264,TCGA-VD-A8KJ-01A,TCGA-VD-A8KJ-01A,1.0,0.0,0.0,0.0,0.0
6,70535236,-,6,97983330,+,UVM,1265,TCGA-VD-A8KJ-01A,TCGA-VD-A8KJ-01A,1.0,0.0,0.0,0.0,0.0
6,70554517,+,6,70727820,-,UVM,1266,TCGA-VD-A8KJ-01A,TCGA-VD-A8KJ-01A,1.0,0.0,0.0,0.0,0.0
6,70564974,-,6,72350486,+,UVM,1267,TCGA-VD-A8KJ-01A,TCGA-VD-A8KJ-01A,1.0,0.0,0.0,0.0,0.0
6,70702489,+,6,114096037,+,UVM,1268,TCGA-VD-A8KJ-01A,TCGA-VD-A8KJ-01A,1.0,0.0,0.0,0.0,0.0
6,70854652,+,6,72962228,-,UVM,1269,TCGA-VD-A8KJ-01A,TCGA-VD-A8KJ-01A,1.0,0.0,0.0,0.0,0.0
6,70899774,-,6,142201486,-,UVM,1270,TCGA-VD-A8KJ-01A,TCGA-VD-A8KJ-01A,1.0,0.0,0.0,0.0,0.0
6,70922851,+,6,98445968,-,UVM,1271,TCGA-VD-A8KJ-01A,TCGA-VD-A8KJ-01A,1.0,0.0,0.0,0.0,0.0
6,70927832,-,6,114012383,+,UVM,1272,TCGA-VD-A8KJ-01A,TCGA-VD-A8KJ-01A,1.0,0.0,0.0,0.0,0.0
6,71043279,+,6,99556858,+,UVM,1273,TCGA-VD-A8KJ-01A,TCGA-VD-A8KJ-01A,1.0,0.0,0.0,0.0,0.0
6,71088143,-,6,97869451,+,UVM,1274,TCGA-VD-A8KJ-01A,TCGA-VD-A8KJ-01A,1.0,0.0,0.0,0.0,0.0
6,71135041,+,6,71198597,+,UVM,1275,TCGA-VD-A8KJ-01A,TCGA-VD-A8KJ-01A,1.0,0.0,0.0,0.0,0.0
6,71154251,-,6,100404998,-,UVM,1276,TCGA-VD-A8KJ-01A,TCGA-VD-A8KJ-01A,1.0,0.0,0.0,0.0,0.0
6,71219061,-,6,71806320,-,UVM,1277,TCGA-VD-A8KJ-01A,TCGA-VD-A8KJ-01A,1.0,0.0,0.0,0.0,0.0
6,71248292,+,6,96898880,+,UVM,1278,TCGA-VD-A8KJ-01A,TCGA-VD-A8KJ-01A,1.0,0.0,0.0,0.0,0.0
6,71272606,-,6,98954602,+,UVM,1279,TCGA-VD-A8KJ-01A,TCGA-VD-A8KJ-01A,1.0,0.0,0.0,0.0,0.0
6,71289772,+,6,97409705,+,UVM,1280,TCGA-VD-A8KJ-01A,TCGA-VD-A8KJ-01A,1.0,0.0,0.0,0.0,0.0
6,71531869,-,6,71882237,-,UVM,1281,TCGA-VD-A8KJ-01A,TCGA-VD-A8KJ-01A,1.0,0.0,0.0,0.0,0.0
6,71579588,-,6,75001522,+,UVM,1282,TCGA-VD-A8KJ-01A,TCGA-VD-A8KJ-01A,1.0,0.0,0.0,0.0,0.0
6,71627863,-,6,73620197,+,UVM,1283,TCGA-VD-A8KJ-01A,TCGA-VD-A8KJ-01A,1.0,0.0,0.0,0.0,0.0
6,71695165,-,6,72668149,+,UVM,1284,TCGA-VD-A8KJ-01A,TCGA-VD-A8KJ-01A,1.0,0.0,0.0,0.0,0.0
6,71768047,-,6,71943378,+,UVM,1285,TCGA-VD-A8KJ-01A,TCGA-VD-A8KJ-01A,1.0,0.0,0.0,0.0,0.0
6,71769259,+,6,74395920,-,UVM,1286,TCGA-VD-A8KJ-01A,TCGA-VD-A8KJ-01A,1.0,0.0,0.0,0.0,0.0
6,71776763,-,6,71854314,-,UVM,1287,TCGA-VD-A8KJ-01A,TCGA-VD-A8KJ-01A,1.0,0.0,0.0,0.0,0.0
6,71791672,+,6,74373177,+,UVM,1288,TCGA-VD-A8KJ-01A,TCGA-VD-A8KJ-01A,1.0,0.0,0.0,0.0,0.0
6,71856274,+,6,74132917,+,UVM,1289,TCGA-VD-A8KJ-01A,TCGA-VD-A8KJ-01A,1.0,0.0,0.0,0.0,0.0
6,72140189,-,6,72231262,-,UVM,1290,TCGA-VD-A8KJ-01A,TCGA-VD-A8KJ-01A,1.0,0.0,0.0,0.0,0.0
6,72185666,-,6,73273120,-,UVM,1291,TCGA-VD-A8KJ-01A,TCGA-VD-A8KJ-01A,1.0,0.0,0.0,0.0,0.0
6,72225831,+,6,74741271,+,UVM,1292,TCGA-VD-A8KJ-01A,TCGA-VD-A8KJ-01A,1.0,0.0,0.0,0.0,0.0
6,72241883,+,6,72843238,-,UVM,1293,TCGA-VD-A8KJ-01A,TCGA-VD-A8KJ-01A,1.0,0.0,0.0,0.0,0.0
6,72352566,-,6,72558762,-,UVM,1294,TCGA-VD-A8KJ-01A,TCGA-VD-A8KJ-01A,1.0,0.0,0.0,0.0,0.0
6,72419445,+,6,112439511,-,UVM,1295,TCGA-VD-A8KJ-01A,TCGA-VD-A8KJ-01A,1.0,0.0,0.0,0.0,0.0
6,72433419,-,6,130106623,-,UVM,1296,TCGA-VD-A8KJ-01A,TCGA-VD-A8KJ-01A,1.0,0.0,0.0,0.0,0.0
6,72522985,+,6,129572942,-,UVM,1297,TCGA-VD-A8KJ-01A,TCGA-VD-A8KJ-01A,1.0,0.0,0.0,0.0,0.0
6,72568842,+,6,112382966,-,UVM,1298,TCGA-VD-A8KJ-01A,TCGA-VD-A8KJ-01A,1.0,0.0,0.0,0.0,0.0
6,72629581,+,6,75546908,+,UVM,1299,TCGA-VD-A8KJ-01A,TCGA-VD-A8KJ-01A,1.0,0.0,0.0,0.0,0.0
6,72640700,-,6,162739212,-,UVM,1300,TCGA-VD-A8KJ-01A,TCGA-VD-A8KJ-01A,1.0,0.0,0.0,0.0,0.0
6,72644800,+,6,74957776,-,UVM,1301,TCGA-VD-A8KJ-01A,TCGA-VD-A8KJ-01A,1.0,0.0,0.0,0.0,0.0
6,72657194,-,6,74671722,-,UVM,1302,TCGA-VD-A8KJ-01A,TCGA-VD-A8KJ-01A,1.0,0.0,0.0,0.0,0.0
6,72824659,+,6,73279967,+,UVM,1303,TCGA-VD-A8KJ-01A,TCGA-VD-A8KJ-01A,1.0,0.0,0.0,0.0,0.0
6,72884557,+,6,73586256,-,UVM,1304,TCGA-VD-A8KJ-01A,TCGA-VD-A8KJ-01A,1.0,0.0,0.0,0.0,0.0
6,72910937,-,6,75192477,-,UVM,1305,TCGA-VD-A8KJ-01A,TCGA-VD-A8KJ-01A,1.0,0.0,0.0,0.0,0.0
6,72932455,+,6,75063712,-,UVM,1306,TCGA-VD-A8KJ-01A,TCGA-VD-A8KJ-01A,1.0,0.0,0.0,0.0,0.0
6,73034782,+,6,114220821,-,UVM,1307,TCGA-VD-A8KJ-01A,TCGA-VD-A8KJ-01A,1.0,0.0,0.0,0.0,0.0
6,73094230,-,6,75184709,+,UVM,1308,TCGA-VD-A8KJ-01A,TCGA-VD-A8KJ-01A,1.0,0.0,0.0,0.0,0.0
6,73317107,-,6,114784613,-,UVM,1309,TCGA-VD-A8KJ-01A,TCGA-VD-A8KJ-01A,1.0,0.0,0.0,0.0,0.0
6,73345061,+,6,77408154,+,UVM,1310,TCGA-VD-A8KJ-01A,TCGA-VD-A8KJ-01A,1.0,0.0,0.0,0.0,0.0
6,73352618,-,6,73533316,+,UVM,1311,TCGA-VD-A8KJ-01A,TCGA-VD-A8KJ-01A,1.0,0.0,0.0,0.0,0.0
6,73357967,+,6,75068431,+,UVM,1312,TCGA-VD-A8KJ-01A,TCGA-VD-A8KJ-01A,1.0,0.0,0.0,0.0,0.0
6,73773550,+,6,158143814,+,UVM,1313,TCGA-VD-A8KJ-01A,TCGA-VD-A8KJ-01A,1.0,0.0,0.0,0.0,0.0
6,73939844,+,6,80080180,+,UVM,1314,TCGA-VD-A8KJ-01A,TCGA-VD-A8KJ-01A,1.0,0.0,0.0,0.0,0.0
6,74111210,-,6,75226720,+,UVM,1315,TCGA-VD-A8KJ-01A,TCGA-VD-A8KJ-01A,1.0,0.0,0.0,0.0,0.0
6,74160584,-,6,76806909,+,UVM,1316,TCGA-VD-A8KJ-01A,TCGA-VD-A8KJ-01A,1.0,0.0,0.0,0.0,0.0
6,74178712,+,6,75619981,-,UVM,1317,TCGA-VD-A8KJ-01A,TCGA-VD-A8KJ-01A,1.0,0.0,0.0,0.0,0.0
6,74309637,-,6,75597052,+,UVM,1318,TCGA-VD-A8KJ-01A,TCGA-VD-A8KJ-01A,1.0,0.0,0.0,0.0,0.0
6,74440091,+,6,75834426,+,UVM,1319,TCGA-VD-A8KJ-01A,TCGA-VD-A8KJ-01A,1.0,0.0,0.0,0.0,0.0
6,74575815,+,6,156068574,-,UVM,1320,TCGA-VD-A8KJ-01A,TCGA-VD-A8KJ-01A,1.0,0.0,0.0,0.0,0.0
6,74930353,+,6,162739696,+,UVM,1321,TCGA-VD-A8KJ-01A,TCGA-VD-A8KJ-01A,1.0,0.0,0.0,0.0,0.0
6,75171055,-,6,75388090,-,UVM,1322,TCGA-VD-A8KJ-01A,TCGA-VD-A8KJ-01A,1.0,0.0,0.0,0.0,0.0
6,75260008,-,6,98943475,-,UVM,1323,TCGA-VD-A8KJ-01A,TCGA-VD-A8KJ-01A,1.0,0.0,0.0,0.0,0.0
6,75282614,+,6,75578573,-,UVM,1324,TCGA-VD-A8KJ-01A,TCGA-VD-A8KJ-01A,1.0,0.0,0.0,0.0,0.0
6,75439264,+,6,75451712,-,UVM,1325,TCGA-VD-A8KJ-01A,TCGA-VD-A8KJ-01A,1.0,0.0,0.0,0.0,0.0
6,75562446,-,6,112553691,-,UVM,1326,TCGA-VD-A8KJ-01A,TCGA-VD-A8KJ-01A,1.0,0.0,0.0,0.0,0.0
6,75565223,+,6,96871293,-,UVM,1327,TCGA-VD-A8KJ-01A,TCGA-VD-A8KJ-01A,1.0,0.0,0.0,0.0,0.0
6,75730178,+,6,142808126,+,UVM,1328,TCGA-VD-A8KJ-01A,TCGA-VD-A8KJ-01A,1.0,0.0,0.0,0.0,0.0
6,75935533,+,6,76796144,-,UVM,1329,TCGA-VD-A8KJ-01A,TCGA-VD-A8KJ-01A,1.0,0.0,0.0,0.0,0.0
6,75963063,-,6,76085244,+,UVM,1330,TCGA-VD-A8KJ-01A,TCGA-VD-A8KJ-01A,1.0,0.0,0.0,0.0,0.0
6,76022767,+,6,76137598,-,UVM,1331,TCGA-VD-A8KJ-01A,TCGA-VD-A8KJ-01A,1.0,0.0,0.0,0.0,0.0
6,76072594,-,6,78749339,-,UVM,1332,TCGA-VD-A8KJ-01A,TCGA-VD-A8KJ-01A,1.0,0.0,0.0,0.0,0.0
6,76163178,+,6,77382237,-,UVM,1333,TCGA-VD-A8KJ-01A,TCGA-VD-A8KJ-01A,1.0,0.0,0.0,0.0,0.0
6,76287420,-,8,113647503,+,UVM,1334,TCGA-VD-A8KJ-01A,TCGA-VD-A8KJ-01A,1.0,0.0,0.0,0.0,0.0
6,76601466,+,8,113649456,-,UVM,1335,TCGA-VD-A8KJ-01A,TCGA-VD-A8KJ-01A,1.0,0.0,0.0,0.0,0.0
6,76923965,-,6,77630040,-,UVM,1336,TCGA-VD-A8KJ-01A,TCGA-VD-A8KJ-01A,1.0,0.0,0.0,0.0,0.0
6,77286077,+,6,77308120,-,UVM,1337,TCGA-VD-A8KJ-01A,TCGA-VD-A8KJ-01A,1.0,0.0,0.0,0.0,0.0
6,77356728,+,6,166653025,-,UVM,1338,TCGA-VD-A8KJ-01A,TCGA-VD-A8KJ-01A,1.0,0.0,0.0,0.0,0.0
6,77702760,+,6,77774756,-,UVM,1339,TCGA-VD-A8KJ-01A,TCGA-VD-A8KJ-01A,1.0,0.0,0.0,0.0,0.0
6,77813674,-,8,113702519,-,UVM,1340,TCGA-VD-A8KJ-01A,TCGA-VD-A8KJ-01A,1.0,0.0,0.0,0.0,0.0
6,78767855,+,6,80057309,-,UVM,1341,TCGA-VD-A8KJ-01A,TCGA-VD-A8KJ-01A,1.0,0.0,0.0,0.0,0.0
6,78960661,-,6,81542152,+,UVM,1342,TCGA-VD-A8KJ-01A,TCGA-VD-A8KJ-01A,1.0,0.0,0.0,0.0,0.0
6,79092339,+,6,162523165,-,UVM,1343,TCGA-VD-A8KJ-01A,TCGA-VD-A8KJ-01A,1.0,0.0,0.0,0.0,0.0
6,79104220,-,6,80508206,-,UVM,1344,TCGA-VD-A8KJ-01A,TCGA-VD-A8KJ-01A,1.0,0.0,0.0,0.0,0.0
6,79123768,+,6,79153520,-,UVM,1345,TCGA-VD-A8KJ-01A,TCGA-VD-A8KJ-01A,1.0,0.0,0.0,0.0,0.0
6,79244734,+,6,133393616,+,UVM,1346,TCGA-VD-A8KJ-01A,TCGA-VD-A8KJ-01A,1.0,0.0,0.0,0.0,0.0
6,79285203,-,6,81558593,-,UVM,1347,TCGA-VD-A8KJ-01A,TCGA-VD-A8KJ-01A,1.0,0.0,0.0,0.0,0.0
6,79428396,+,6,79451608,+,UVM,1348,TCGA-VD-A8KJ-01A,TCGA-VD-A8KJ-01A,1.0,0.0,0.0,0.0,0.0
6,79442824,-,6,81776720,-,UVM,1349,TCGA-VD-A8KJ-01A,TCGA-VD-A8KJ-01A,1.0,0.0,0.0,0.0,0.0
6,80157762,-,6,166168059,-,UVM,1350,TCGA-VD-A8KJ-01A,TCGA-VD-A8KJ-01A,1.0,0.0,0.0,0.0,0.0
6,80174717,+,6,162267913,-,UVM,1351,TCGA-VD-A8KJ-01A,TCGA-VD-A8KJ-01A,1.0,0.0,0.0,0.0,0.0
6,80189526,-,6,81272871,-,UVM,1352,TCGA-VD-A8KJ-01A,TCGA-VD-A8KJ-01A,1.0,0.0,0.0,0.0,0.0
6,80214199,+,6,104590405,-,UVM,1353,TCGA-VD-A8KJ-01A,TCGA-VD-A8KJ-01A,1.0,0.0,0.0,0.0,0.0
6,80216746,-,6,165909286,+,UVM,1354,TCGA-VD-A8KJ-01A,TCGA-VD-A8KJ-01A,1.0,0.0,0.0,0.0,0.0
6,80228941,+,6,166413452,-,UVM,1355,TCGA-VD-A8KJ-01A,TCGA-VD-A8KJ-01A,1.0,0.0,0.0,0.0,0.0
6,80233789,-,6,81220962,+,UVM,1356,TCGA-VD-A8KJ-01A,TCGA-VD-A8KJ-01A,1.0,0.0,0.0,0.0,0.0
6,80246519,-,6,161954497,+,UVM,1357,TCGA-VD-A8KJ-01A,TCGA-VD-A8KJ-01A,1.0,0.0,0.0,0.0,0.0
6,80295926,+,6,165931122,-,UVM,1358,TCGA-VD-A8KJ-01A,TCGA-VD-A8KJ-01A,1.0,0.0,0.0,0.0,0.0
6,80372754,-,6,161567893,-,UVM,1359,TCGA-VD-A8KJ-01A,TCGA-VD-A8KJ-01A,1.0,0.0,0.0,0.0,0.0
6,80385321,+,6,169392069,+,UVM,1360,TCGA-VD-A8KJ-01A,TCGA-VD-A8KJ-01A,1.0,0.0,0.0,0.0,0.0
6,80544782,+,6,165771016,-,UVM,1361,TCGA-VD-A8KJ-01A,TCGA-VD-A8KJ-01A,1.0,0.0,0.0,0.0,0.0
6,80550914,-,6,81896294,+,UVM,1362,TCGA-VD-A8KJ-01A,TCGA-VD-A8KJ-01A,1.0,0.0,0.0,0.0,0.0
6,80851297,+,6,162421223,-,UVM,1363,TCGA-VD-A8KJ-01A,TCGA-VD-A8KJ-01A,1.0,0.0,0.0,0.0,0.0
6,80874217,-,6,162114056,+,UVM,1364,TCGA-VD-A8KJ-01A,TCGA-VD-A8KJ-01A,1.0,0.0,0.0,0.0,0.0
6,81504871,+,6,166340436,-,UVM,1365,TCGA-VD-A8KJ-01A,TCGA-VD-A8KJ-01A,1.0,0.0,0.0,0.0,0.0
6,81514842,-,6,165773313,+,UVM,1366,TCGA-VD-A8KJ-01A,TCGA-VD-A8KJ-01A,1.0,0.0,0.0,0.0,0.0
6,82177638,-,6,162403618,+,UVM,1367,TCGA-VD-A8KJ-01A,TCGA-VD-A8KJ-01A,1.0,0.0,0.0,0.0,0.0
6,82206263,+,6,162364412,+,UVM,1368,TCGA-VD-A8KJ-01A,TCGA-VD-A8KJ-01A,1.0,0.0,0.0,0.0,0.0
6,82487031,+,6,143077427,+,UVM,1369,TCGA-VD-A8KJ-01A,TCGA-VD-A8KJ-01A,1.0,0.0,0.0,0.0,0.0
6,82512774,-,6,144649812,+,UVM,1370,TCGA-VD-A8KJ-01A,TCGA-VD-A8KJ-01A,1.0,0.0,0.0,0.0,0.0
6,82531521,+,6,82602680,-,UVM,1371,TCGA-VD-A8KJ-01A,TCGA-VD-A8KJ-01A,1.0,0.0,0.0,0.0,0.0
6,82544594,-,6,143589108,+,UVM,1372,TCGA-VD-A8KJ-01A,TCGA-VD-A8KJ-01A,1.0,0.0,0.0,0.0,0.0
6,82550436,+,6,140741562,+,UVM,1373,TCGA-VD-A8KJ-01A,TCGA-VD-A8KJ-01A,1.0,0.0,0.0,0.0,0.0
6,82622957,+,6,83248982,-,UVM,1374,TCGA-VD-A8KJ-01A,TCGA-VD-A8KJ-01A,1.0,0.0,0.0,0.0,0.0
6,82670094,-,6,86178786,-,UVM,1375,TCGA-VD-A8KJ-01A,TCGA-VD-A8KJ-01A,1.0,0.0,0.0,0.0,0.0
6,82783883,-,6,83082588,-,UVM,1376,TCGA-VD-A8KJ-01A,TCGA-VD-A8KJ-01A,1.0,0.0,0.0,0.0,0.0
6,83306078,+,6,144498713,-,UVM,1377,TCGA-VD-A8KJ-01A,TCGA-VD-A8KJ-01A,1.0,0.0,0.0,0.0,0.0
6,83647296,-,6,139114980,+,UVM,1378,TCGA-VD-A8KJ-01A,TCGA-VD-A8KJ-01A,1.0,0.0,0.0,0.0,0.0
6,83648767,+,6,84456432,+,UVM,1379,TCGA-VD-A8KJ-01A,TCGA-VD-A8KJ-01A,1.0,0.0,0.0,0.0,0.0
6,83828546,+,6,146958618,+,UVM,1380,TCGA-VD-A8KJ-01A,TCGA-VD-A8KJ-01A,1.0,0.0,0.0,0.0,0.0
6,83876893,-,6,83926895,-,UVM,1381,TCGA-VD-A8KJ-01A,TCGA-VD-A8KJ-01A,1.0,0.0,0.0,0.0,0.0
6,83880736,+,6,168410873,+,UVM,1382,TCGA-VD-A8KJ-01A,TCGA-VD-A8KJ-01A,1.0,0.0,0.0,0.0,0.0
6,83908199,-,6,85039167,-,UVM,1383,TCGA-VD-A8KJ-01A,TCGA-VD-A8KJ-01A,1.0,0.0,0.0,0.0,0.0
6,83910368,+,6,122720165,+,UVM,1384,TCGA-VD-A8KJ-01A,TCGA-VD-A8KJ-01A,1.0,0.0,0.0,0.0,0.0
6,83982952,+,6,167324524,+,UVM,1385,TCGA-VD-A8KJ-01A,TCGA-VD-A8KJ-01A,1.0,0.0,0.0,0.0,0.0
6,83997876,-,6,167044315,+,UVM,1386,TCGA-VD-A8KJ-01A,TCGA-VD-A8KJ-01A,1.0,0.0,0.0,0.0,0.0
6,84050191,+,6,116513155,-,UVM,1387,TCGA-VD-A8KJ-01A,TCGA-VD-A8KJ-01A,1.0,0.0,0.0,0.0,0.0
6,84056888,-,6,168980098,-,UVM,1388,TCGA-VD-A8KJ-01A,TCGA-VD-A8KJ-01A,1.0,0.0,0.0,0.0,0.0
6,84068944,+,6,84306112,+,UVM,1389,TCGA-VD-A8KJ-01A,TCGA-VD-A8KJ-01A,1.0,0.0,0.0,0.0,0.0
6,84223584,-,6,116548951,+,UVM,1390,TCGA-VD-A8KJ-01A,TCGA-VD-A8KJ-01A,1.0,0.0,0.0,0.0,0.0
6,84232342,+,6,166859953,-,UVM,1391,TCGA-VD-A8KJ-01A,TCGA-VD-A8KJ-01A,1.0,0.0,0.0,0.0,0.0
6,84240255,-,6,161335468,+,UVM,1392,TCGA-VD-A8KJ-01A,TCGA-VD-A8KJ-01A,1.0,0.0,0.0,0.0,0.0
6,84283447,+,6,117131043,-,UVM,1393,TCGA-VD-A8KJ-01A,TCGA-VD-A8KJ-01A,1.0,0.0,0.0,0.0,0.0
6,84287963,-,6,168662693,+,UVM,1394,TCGA-VD-A8KJ-01A,TCGA-VD-A8KJ-01A,1.0,0.0,0.0,0.0,0.0
6,84325083,-,6,161425805,-,UVM,1395,TCGA-VD-A8KJ-01A,TCGA-VD-A8KJ-01A,1.0,0.0,0.0,0.0,0.0
6,84431441,+,6,84570624,-,UVM,1396,TCGA-VD-A8KJ-01A,TCGA-VD-A8KJ-01A,1.0,0.0,0.0,0.0,0.0
6,84435906,-,6,147118484,+,UVM,1397,TCGA-VD-A8KJ-01A,TCGA-VD-A8KJ-01A,1.0,0.0,0.0,0.0,0.0
6,84473375,-,6,84549762,-,UVM,1398,TCGA-VD-A8KJ-01A,TCGA-VD-A8KJ-01A,1.0,0.0,0.0,0.0,0.0
6,84525559,+,6,84584909,+,UVM,1399,TCGA-VD-A8KJ-01A,TCGA-VD-A8KJ-01A,1.0,0.0,0.0,0.0,0.0
6,84599913,-,6,146941436,-,UVM,1400,TCGA-VD-A8KJ-01A,TCGA-VD-A8KJ-01A,1.0,0.0,0.0,0.0,0.0
6,84631132,+,6,84956538,-,UVM,1401,TCGA-VD-A8KJ-01A,TCGA-VD-A8KJ-01A,1.0,0.0,0.0,0.0,0.0
6,84638549,-,6,84821438,+,UVM,1402,TCGA-VD-A8KJ-01A,TCGA-VD-A8KJ-01A,1.0,0.0,0.0,0.0,0.0
6,84707984,+,6,147961370,+,UVM,1403,TCGA-VD-A8KJ-01A,TCGA-VD-A8KJ-01A,1.0,0.0,0.0,0.0,0.0
6,84711784,-,6,85451927,-,UVM,1404,TCGA-VD-A8KJ-01A,TCGA-VD-A8KJ-01A,1.0,0.0,0.0,0.0,0.0
6,84834547,-,6,163976905,+,UVM,1405,TCGA-VD-A8KJ-01A,TCGA-VD-A8KJ-01A,1.0,0.0,0.0,0.0,0.0
6,84869843,+,6,161187335,-,UVM,1406,TCGA-VD-A8KJ-01A,TCGA-VD-A8KJ-01A,1.0,0.0,0.0,0.0,0.0
6,85010058,+,6,161644817,+,UVM,1407,TCGA-VD-A8KJ-01A,TCGA-VD-A8KJ-01A,1.0,0.0,0.0,0.0,0.0
6,85074794,+,6,127349258,-,UVM,1408,TCGA-VD-A8KJ-01A,TCGA-VD-A8KJ-01A,1.0,0.0,0.0,0.0,0.0
6,85182057,-,6,164470361,-,UVM,1409,TCGA-VD-A8KJ-01A,TCGA-VD-A8KJ-01A,1.0,0.0,0.0,0.0,0.0
6,85213241,+,6,147564483,-,UVM,1410,TCGA-VD-A8KJ-01A,TCGA-VD-A8KJ-01A,1.0,0.0,0.0,0.0,0.0
6,85374912,-,6,122688831,-,UVM,1411,TCGA-VD-A8KJ-01A,TCGA-VD-A8KJ-01A,1.0,0.0,0.0,0.0,0.0
6,85447275,+,6,136784216,+,UVM,1412,TCGA-VD-A8KJ-01A,TCGA-VD-A8KJ-01A,1.0,0.0,0.0,0.0,0.0
6,85464671,+,6,122499425,-,UVM,1413,TCGA-VD-A8KJ-01A,TCGA-VD-A8KJ-01A,1.0,0.0,0.0,0.0,0.0
6,85478718,-,6,160457969,+,UVM,1414,TCGA-VD-A8KJ-01A,TCGA-VD-A8KJ-01A,1.0,0.0,0.0,0.0,0.0
6,85501237,+,6,147788253,+,UVM,1415,TCGA-VD-A8KJ-01A,TCGA-VD-A8KJ-01A,1.0,0.0,0.0,0.0,0.0
6,85789968,-,6,86410495,+,UVM,1416,TCGA-VD-A8KJ-01A,TCGA-VD-A8KJ-01A,1.0,0.0,0.0,0.0,0.0
6,85821378,+,6,86815151,+,UVM,1417,TCGA-VD-A8KJ-01A,TCGA-VD-A8KJ-01A,1.0,0.0,0.0,0.0,0.0
6,85826788,-,6,120676040,-,UVM,1418,TCGA-VD-A8KJ-01A,TCGA-VD-A8KJ-01A,1.0,0.0,0.0,0.0,0.0
6,85833122,+,6,120371454,-,UVM,1419,TCGA-VD-A8KJ-01A,TCGA-VD-A8KJ-01A,1.0,0.0,0.0,0.0,0.0
6,86100463,-,6,122417773,-,UVM,1420,TCGA-VD-A8KJ-01A,TCGA-VD-A8KJ-01A,1.0,0.0,0.0,0.0,0.0
6,86159058,-,6,88089802,-,UVM,1421,TCGA-VD-A8KJ-01A,TCGA-VD-A8KJ-01A,1.0,0.0,0.0,0.0,0.0
6,86173843,+,6,151288199,-,UVM,1422,TCGA-VD-A8KJ-01A,TCGA-VD-A8KJ-01A,1.0,0.0,0.0,0.0,0.0
6,86179182,+,6,136840179,-,UVM,1423,TCGA-VD-A8KJ-01A,TCGA-VD-A8KJ-01A,1.0,0.0,0.0,0.0,0.0
6,86179200,+,6,146157130,-,UVM,1424,TCGA-VD-A8KJ-01A,TCGA-VD-A8KJ-01A,1.0,0.0,0.0,0.0,0.0
6,86185450,-,6,158452605,-,UVM,1425,TCGA-VD-A8KJ-01A,TCGA-VD-A8KJ-01A,1.0,0.0,0.0,0.0,0.0
6,86188930,+,6,151419934,-,UVM,1426,TCGA-VD-A8KJ-01A,TCGA-VD-A8KJ-01A,1.0,0.0,0.0,0.0,0.0
6,86235224,-,6,159692188,-,UVM,1427,TCGA-VD-A8KJ-01A,TCGA-VD-A8KJ-01A,1.0,0.0,0.0,0.0,0.0
6,86347031,+,6,86799369,-,UVM,1428,TCGA-VD-A8KJ-01A,TCGA-VD-A8KJ-01A,1.0,0.0,0.0,0.0,0.0
6,86350602,-,6,121781397,+,UVM,1429,TCGA-VD-A8KJ-01A,TCGA-VD-A8KJ-01A,1.0,0.0,0.0,0.0,0.0
6,86368722,+,6,86652911,+,UVM,1430,TCGA-VD-A8KJ-01A,TCGA-VD-A8KJ-01A,1.0,0.0,0.0,0.0,0.0
6,86377445,-,6,158042093,-,UVM,1431,TCGA-VD-A8KJ-01A,TCGA-VD-A8KJ-01A,1.0,0.0,0.0,0.0,0.0
6,86448836,-,6,158004153,-,UVM,1432,TCGA-VD-A8KJ-01A,TCGA-VD-A8KJ-01A,1.0,0.0,0.0,0.0,0.0
6,86470578,+,6,151431814,+,UVM,1433,TCGA-VD-A8KJ-01A,TCGA-VD-A8KJ-01A,1.0,0.0,0.0,0.0,0.0
6,86507261,+,6,154170377,-,UVM,1434,TCGA-VD-A8KJ-01A,TCGA-VD-A8KJ-01A,1.0,0.0,0.0,0.0,0.0
6,86550875,-,6,152328630,-,UVM,1435,TCGA-VD-A8KJ-01A,TCGA-VD-A8KJ-01A,1.0,0.0,0.0,0.0,0.0
6,86657298,-,6,93280042,+,UVM,1436,TCGA-VD-A8KJ-01A,TCGA-VD-A8KJ-01A,1.0,0.0,0.0,0.0,0.0
6,86694798,+,6,152230462,-,UVM,1437,TCGA-VD-A8KJ-01A,TCGA-VD-A8KJ-01A,1.0,0.0,0.0,0.0,0.0
6,86819629,-,6,136202328,-,UVM,1438,TCGA-VD-A8KJ-01A,TCGA-VD-A8KJ-01A,1.0,0.0,0.0,0.0,0.0
6,86873009,+,6,88956826,+,UVM,1439,TCGA-VD-A8KJ-01A,TCGA-VD-A8KJ-01A,1.0,0.0,0.0,0.0,0.0
6,86946557,+,6,152735901,-,UVM,1440,TCGA-VD-A8KJ-01A,TCGA-VD-A8KJ-01A,1.0,0.0,0.0,0.0,0.0
6,87013637,+,6,89020235,-,UVM,1441,TCGA-VD-A8KJ-01A,TCGA-VD-A8KJ-01A,1.0,0.0,0.0,0.0,0.0
6,87016052,-,6,152669557,+,UVM,1442,TCGA-VD-A8KJ-01A,TCGA-VD-A8KJ-01A,1.0,0.0,0.0,0.0,0.0
6,87031224,+,6,152782001,-,UVM,1443,TCGA-VD-A8KJ-01A,TCGA-VD-A8KJ-01A,1.0,0.0,0.0,0.0,0.0
6,87137804,-,6,91469751,-,UVM,1444,TCGA-VD-A8KJ-01A,TCGA-VD-A8KJ-01A,1.0,0.0,0.0,0.0,0.0
6,87153332,+,6,91925957,-,UVM,1445,TCGA-VD-A8KJ-01A,TCGA-VD-A8KJ-01A,1.0,0.0,0.0,0.0,0.0
6,87413519,-,6,124648747,+,UVM,1446,TCGA-VD-A8KJ-01A,TCGA-VD-A8KJ-01A,1.0,0.0,0.0,0.0,0.0
6,87415605,+,6,127761135,+,UVM,1447,TCGA-VD-A8KJ-01A,TCGA-VD-A8KJ-01A,1.0,0.0,0.0,0.0,0.0
6,87465172,-,6,133706011,-,UVM,1448,TCGA-VD-A8KJ-01A,TCGA-VD-A8KJ-01A,1.0,0.0,0.0,0.0,0.0
6,87466633,+,6,104550852,+,UVM,1449,TCGA-VD-A8KJ-01A,TCGA-VD-A8KJ-01A,1.0,0.0,0.0,0.0,0.0
6,87479177,-,6,126942328,-,UVM,1450,TCGA-VD-A8KJ-01A,TCGA-VD-A8KJ-01A,1.0,0.0,0.0,0.0,0.0
6,87511759,+,6,152629065,-,UVM,1451,TCGA-VD-A8KJ-01A,TCGA-VD-A8KJ-01A,1.0,0.0,0.0,0.0,0.0
6,87579450,+,6,87703453,+,UVM,1452,TCGA-VD-A8KJ-01A,TCGA-VD-A8KJ-01A,1.0,0.0,0.0,0.0,0.0
6,87583516,-,6,87950930,-,UVM,1453,TCGA-VD-A8KJ-01A,TCGA-VD-A8KJ-01A,1.0,0.0,0.0,0.0,0.0
6,87595783,+,6,87901569,-,UVM,1454,TCGA-VD-A8KJ-01A,TCGA-VD-A8KJ-01A,1.0,0.0,0.0,0.0,0.0
6,87642846,+,6,158884893,+,UVM,1455,TCGA-VD-A8KJ-01A,TCGA-VD-A8KJ-01A,1.0,0.0,0.0,0.0,0.0
6,87728687,+,6,89267665,+,UVM,1456,TCGA-VD-A8KJ-01A,TCGA-VD-A8KJ-01A,1.0,0.0,0.0,0.0,0.0
6,87739413,-,6,88259342,-,UVM,1457,TCGA-VD-A8KJ-01A,TCGA-VD-A8KJ-01A,1.0,0.0,0.0,0.0,0.0
6,87848876,+,6,120549469,-,UVM,1458,TCGA-VD-A8KJ-01A,TCGA-VD-A8KJ-01A,1.0,0.0,0.0,0.0,0.0
6,87850732,-,6,87997249,+,UVM,1459,TCGA-VD-A8KJ-01A,TCGA-VD-A8KJ-01A,1.0,0.0,0.0,0.0,0.0
6,87899488,+,6,88695611,+,UVM,1460,TCGA-VD-A8KJ-01A,TCGA-VD-A8KJ-01A,1.0,0.0,0.0,0.0,0.0
6,87910123,+,6,120567516,+,UVM,1461,TCGA-VD-A8KJ-01A,TCGA-VD-A8KJ-01A,1.0,0.0,0.0,0.0,0.0
6,87912360,-,6,88198357,-,UVM,1462,TCGA-VD-A8KJ-01A,TCGA-VD-A8KJ-01A,1.0,0.0,0.0,0.0,0.0
6,87920566,+,6,120325531,-,UVM,1463,TCGA-VD-A8KJ-01A,TCGA-VD-A8KJ-01A,1.0,0.0,0.0,0.0,0.0
6,88105613,+,6,98847784,+,UVM,1464,TCGA-VD-A8KJ-01A,TCGA-VD-A8KJ-01A,1.0,0.0,0.0,0.0,0.0
6,88133248,-,6,158658456,-,UVM,1465,TCGA-VD-A8KJ-01A,TCGA-VD-A8KJ-01A,1.0,0.0,0.0,0.0,0.0
6,88194646,+,6,121196930,-,UVM,1466,TCGA-VD-A8KJ-01A,TCGA-VD-A8KJ-01A,1.0,0.0,0.0,0.0,0.0
6,88255640,+,6,120844091,-,UVM,1467,TCGA-VD-A8KJ-01A,TCGA-VD-A8KJ-01A,1.0,0.0,0.0,0.0,0.0
6,88310443,+,6,121396025,-,UVM,1468,TCGA-VD-A8KJ-01A,TCGA-VD-A8KJ-01A,1.0,0.0,0.0,0.0,0.0
6,88313425,-,6,91328031,-,UVM,1469,TCGA-VD-A8KJ-01A,TCGA-VD-A8KJ-01A,1.0,0.0,0.0,0.0,0.0
6,88313616,+,6,91807850,-,UVM,1470,TCGA-VD-A8KJ-01A,TCGA-VD-A8KJ-01A,1.0,0.0,0.0,0.0,0.0
6,88604384,-,6,88771655,-,UVM,1471,TCGA-VD-A8KJ-01A,TCGA-VD-A8KJ-01A,1.0,0.0,0.0,0.0,0.0
6,88622628,+,6,120960579,+,UVM,1472,TCGA-VD-A8KJ-01A,TCGA-VD-A8KJ-01A,1.0,0.0,0.0,0.0,0.0
6,88624748,-,6,158783207,+,UVM,1473,TCGA-VD-A8KJ-01A,TCGA-VD-A8KJ-01A,1.0,0.0,0.0,0.0,0.0
6,88636926,-,6,120848070,+,UVM,1474,TCGA-VD-A8KJ-01A,TCGA-VD-A8KJ-01A,1.0,0.0,0.0,0.0,0.0
6,88840591,+,6,121359336,-,UVM,1475,TCGA-VD-A8KJ-01A,TCGA-VD-A8KJ-01A,1.0,0.0,0.0,0.0,0.0
6,88858706,-,6,158785331,-,UVM,1476,TCGA-VD-A8KJ-01A,TCGA-VD-A8KJ-01A,1.0,0.0,0.0,0.0,0.0
6,88872821,+,6,158507644,+,UVM,1477,TCGA-VD-A8KJ-01A,TCGA-VD-A8KJ-01A,1.0,0.0,0.0,0.0,0.0
6,88892314,+,6,120698178,+,UVM,1478,TCGA-VD-A8KJ-01A,TCGA-VD-A8KJ-01A,1.0,0.0,0.0,0.0,0.0
6,88934986,-,6,123727728,-,UVM,1479,TCGA-VD-A8KJ-01A,TCGA-VD-A8KJ-01A,1.0,0.0,0.0,0.0,0.0
6,89039173,+,6,157875144,-,UVM,1480,TCGA-VD-A8KJ-01A,TCGA-VD-A8KJ-01A,1.0,0.0,0.0,0.0,0.0
6,89124808,-,6,164352713,+,UVM,1481,TCGA-VD-A8KJ-01A,TCGA-VD-A8KJ-01A,1.0,0.0,0.0,0.0,0.0
6,89179323,-,6,122466183,+,UVM,1482,TCGA-VD-A8KJ-01A,TCGA-VD-A8KJ-01A,1.0,0.0,0.0,0.0,0.0
6,89185573,+,6,148814566,+,UVM,1483,TCGA-VD-A8KJ-01A,TCGA-VD-A8KJ-01A,1.0,0.0,0.0,0.0,0.0
6,89194102,-,6,124898359,-,UVM,1484,TCGA-VD-A8KJ-01A,TCGA-VD-A8KJ-01A,1.0,0.0,0.0,0.0,0.0
6,89209158,+,6,122069998,-,UVM,1485,TCGA-VD-A8KJ-01A,TCGA-VD-A8KJ-01A,1.0,0.0,0.0,0.0,0.0
6,89258882,-,6,121284322,-,UVM,1486,TCGA-VD-A8KJ-01A,TCGA-VD-A8KJ-01A,1.0,0.0,0.0,0.0,0.0
6,89560283,-,6,125732035,+,UVM,1487,TCGA-VD-A8KJ-01A,TCGA-VD-A8KJ-01A,1.0,0.0,0.0,0.0,0.0
6,89916076,-,6,92524267,+,UVM,1488,TCGA-VD-A8KJ-01A,TCGA-VD-A8KJ-01A,1.0,0.0,0.0,0.0,0.0
6,89975885,+,6,104821732,-,UVM,1489,TCGA-VD-A8KJ-01A,TCGA-VD-A8KJ-01A,1.0,0.0,0.0,0.0,0.0
6,90378069,-,6,158484208,-,UVM,1490,TCGA-VD-A8KJ-01A,TCGA-VD-A8KJ-01A,1.0,0.0,0.0,0.0,0.0
6,90415049,-,6,120821229,-,UVM,1491,TCGA-VD-A8KJ-01A,TCGA-VD-A8KJ-01A,1.0,0.0,0.0,0.0,0.0
6,90539891,-,6,122265636,+,UVM,1492,TCGA-VD-A8KJ-01A,TCGA-VD-A8KJ-01A,1.0,0.0,0.0,0.0,0.0
6,91314770,-,6,105551071,+,UVM,1493,TCGA-VD-A8KJ-01A,TCGA-VD-A8KJ-01A,1.0,0.0,0.0,0.0,0.0
6,91316375,+,6,105347671,-,UVM,1494,TCGA-VD-A8KJ-01A,TCGA-VD-A8KJ-01A,1.0,0.0,0.0,0.0,0.0
6,91328032,-,6,91807851,-,UVM,1495,TCGA-VD-A8KJ-01A,TCGA-VD-A8KJ-01A,1.0,0.0,0.0,0.0,0.0
6,91352313,+,6,105817266,-,UVM,1496,TCGA-VD-A8KJ-01A,TCGA-VD-A8KJ-01A,1.0,0.0,0.0,0.0,0.0
6,91355547,-,6,105414510,+,UVM,1497,TCGA-VD-A8KJ-01A,TCGA-VD-A8KJ-01A,1.0,0.0,0.0,0.0,0.0
6,91391575,+,6,125563241,+,UVM,1498,TCGA-VD-A8KJ-01A,TCGA-VD-A8KJ-01A,1.0,0.0,0.0,0.0,0.0
6,91393321,-,6,105714444,-,UVM,1499,TCGA-VD-A8KJ-01A,TCGA-VD-A8KJ-01A,1.0,0.0,0.0,0.0,0.0
6,91443441,+,6,92015728,+,UVM,1500,TCGA-VD-A8KJ-01A,TCGA-VD-A8KJ-01A,1.0,0.0,0.0,0.0,0.0
6,91452007,-,6,105558799,+,UVM,1501,TCGA-VD-A8KJ-01A,TCGA-VD-A8KJ-01A,1.0,0.0,0.0,0.0,0.0
6,91457126,+,6,93284404,-,UVM,1502,TCGA-VD-A8KJ-01A,TCGA-VD-A8KJ-01A,1.0,0.0,0.0,0.0,0.0
6,91477099,+,6,105449767,-,UVM,1503,TCGA-VD-A8KJ-01A,TCGA-VD-A8KJ-01A,1.0,0.0,0.0,0.0,0.0
6,91616785,-,6,92345473,+,UVM,1504,TCGA-VD-A8KJ-01A,TCGA-VD-A8KJ-01A,1.0,0.0,0.0,0.0,0.0
6,91629450,+,6,95727711,+,UVM,1505,TCGA-VD-A8KJ-01A,TCGA-VD-A8KJ-01A,1.0,0.0,0.0,0.0,0.0
6,91631105,-,6,93227742,+,UVM,1506,TCGA-VD-A8KJ-01A,TCGA-VD-A8KJ-01A,1.0,0.0,0.0,0.0,0.0
6,91631105,-,6,93320270,+,UVM,1507,TCGA-VD-A8KJ-01A,TCGA-VD-A8KJ-01A,1.0,0.0,0.0,0.0,0.0
6,91645940,+,6,106075469,+,UVM,1508,TCGA-VD-A8KJ-01A,TCGA-VD-A8KJ-01A,1.0,0.0,0.0,0.0,0.0
6,91722527,-,6,92073360,+,UVM,1509,TCGA-VD-A8KJ-01A,TCGA-VD-A8KJ-01A,1.0,0.0,0.0,0.0,0.0
6,91806588,+,6,92095210,+,UVM,1510,TCGA-VD-A8KJ-01A,TCGA-VD-A8KJ-01A,1.0,0.0,0.0,0.0,0.0
6,91844579,+,6,104795397,-,UVM,1511,TCGA-VD-A8KJ-01A,TCGA-VD-A8KJ-01A,1.0,0.0,0.0,0.0,0.0
6,91865689,-,6,92082061,-,UVM,1512,TCGA-VD-A8KJ-01A,TCGA-VD-A8KJ-01A,1.0,0.0,0.0,0.0,0.0
6,91924959,+,6,93300518,+,UVM,1513,TCGA-VD-A8KJ-01A,TCGA-VD-A8KJ-01A,1.0,0.0,0.0,0.0,0.0
6,92017730,-,6,105410440,-,UVM,1514,TCGA-VD-A8KJ-01A,TCGA-VD-A8KJ-01A,1.0,0.0,0.0,0.0,0.0
6,92097818,-,6,92461969,+,UVM,1515,TCGA-VD-A8KJ-01A,TCGA-VD-A8KJ-01A,1.0,0.0,0.0,0.0,0.0
6,92165290,+,6,104833810,+,UVM,1516,TCGA-VD-A8KJ-01A,TCGA-VD-A8KJ-01A,1.0,0.0,0.0,0.0,0.0
6,92177178,-,6,92221029,-,UVM,1517,TCGA-VD-A8KJ-01A,TCGA-VD-A8KJ-01A,1.0,0.0,0.0,0.0,0.0
6,92187224,+,6,105420567,-,UVM,1518,TCGA-VD-A8KJ-01A,TCGA-VD-A8KJ-01A,1.0,0.0,0.0,0.0,0.0
6,92189115,-,6,92646799,+,UVM,1519,TCGA-VD-A8KJ-01A,TCGA-VD-A8KJ-01A,1.0,0.0,0.0,0.0,0.0
6,92219513,+,6,104125606,+,UVM,1520,TCGA-VD-A8KJ-01A,TCGA-VD-A8KJ-01A,1.0,0.0,0.0,0.0,0.0
6,92325651,+,6,93602464,-,UVM,1521,TCGA-VD-A8KJ-01A,TCGA-VD-A8KJ-01A,1.0,0.0,0.0,0.0,0.0
6,92328838,-,6,92884772,+,UVM,1522,TCGA-VD-A8KJ-01A,TCGA-VD-A8KJ-01A,1.0,0.0,0.0,0.0,0.0
6,92359059,-,6,104802403,+,UVM,1523,TCGA-VD-A8KJ-01A,TCGA-VD-A8KJ-01A,1.0,0.0,0.0,0.0,0.0
6,92464795,-,6,93061387,+,UVM,1524,TCGA-VD-A8KJ-01A,TCGA-VD-A8KJ-01A,1.0,0.0,0.0,0.0,0.0
6,92527924,-,6,105765888,-,UVM,1525,TCGA-VD-A8KJ-01A,TCGA-VD-A8KJ-01A,1.0,0.0,0.0,0.0,0.0
6,92649068,-,6,105461150,+,UVM,1526,TCGA-VD-A8KJ-01A,TCGA-VD-A8KJ-01A,1.0,0.0,0.0,0.0,0.0
6,92677499,+,6,93523735,-,UVM,1527,TCGA-VD-A8KJ-01A,TCGA-VD-A8KJ-01A,1.0,0.0,0.0,0.0,0.0
6,92684677,-,6,92907729,-,UVM,1528,TCGA-VD-A8KJ-01A,TCGA-VD-A8KJ-01A,1.0,0.0,0.0,0.0,0.0
6,92975917,+,6,104951765,-,UVM,1529,TCGA-VD-A8KJ-01A,TCGA-VD-A8KJ-01A,1.0,0.0,0.0,0.0,0.0
6,92980831,-,6,104049181,+,UVM,1530,TCGA-VD-A8KJ-01A,TCGA-VD-A8KJ-01A,1.0,0.0,0.0,0.0,0.0
6,92986538,+,6,93125975,-,UVM,1531,TCGA-VD-A8KJ-01A,TCGA-VD-A8KJ-01A,1.0,0.0,0.0,0.0,0.0
6,93006177,-,6,94122677,+,UVM,1532,TCGA-VD-A8KJ-01A,TCGA-VD-A8KJ-01A,1.0,0.0,0.0,0.0,0.0
6,93111395,-,6,105514644,+,UVM,1533,TCGA-VD-A8KJ-01A,TCGA-VD-A8KJ-01A,1.0,0.0,0.0,0.0,0.0
6,93119491,+,6,122649716,-,UVM,1534,TCGA-VD-A8KJ-01A,TCGA-VD-A8KJ-01A,1.0,0.0,0.0,0.0,0.0
6,93211394,+,6,132189898,-,UVM,1535,TCGA-VD-A8KJ-01A,TCGA-VD-A8KJ-01A,1.0,0.0,0.0,0.0,0.0
6,93219451,-,6,105804102,+,UVM,1536,TCGA-VD-A8KJ-01A,TCGA-VD-A8KJ-01A,1.0,0.0,0.0,0.0,0.0
6,93227742,+,6,93320163,-,UVM,1537,TCGA-VD-A8KJ-01A,TCGA-VD-A8KJ-01A,1.0,0.0,0.0,0.0,0.0
6,93233937,-,6,105466000,-,UVM,1538,TCGA-VD-A8KJ-01A,TCGA-VD-A8KJ-01A,1.0,0.0,0.0,0.0,0.0
6,93303617,-,6,105709643,+,UVM,1539,TCGA-VD-A8KJ-01A,TCGA-VD-A8KJ-01A,1.0,0.0,0.0,0.0,0.0
6,93317584,+,6,106976779,+,UVM,1540,TCGA-VD-A8KJ-01A,TCGA-VD-A8KJ-01A,1.0,0.0,0.0,0.0,0.0
6,93573739,+,6,104890327,+,UVM,1541,TCGA-VD-A8KJ-01A,TCGA-VD-A8KJ-01A,1.0,0.0,0.0,0.0,0.0
6,93576365,-,6,105439258,+,UVM,1542,TCGA-VD-A8KJ-01A,TCGA-VD-A8KJ-01A,1.0,0.0,0.0,0.0,0.0
6,93591881,+,6,135539390,+,UVM,1543,TCGA-VD-A8KJ-01A,TCGA-VD-A8KJ-01A,1.0,0.0,0.0,0.0,0.0
6,93607191,+,6,93635191,+,UVM,1544,TCGA-VD-A8KJ-01A,TCGA-VD-A8KJ-01A,1.0,0.0,0.0,0.0,0.0
6,93615762,-,6,93646857,+,UVM,1545,TCGA-VD-A8KJ-01A,TCGA-VD-A8KJ-01A,1.0,0.0,0.0,0.0,0.0
6,93619309,+,6,135393116,+,UVM,1546,TCGA-VD-A8KJ-01A,TCGA-VD-A8KJ-01A,1.0,0.0,0.0,0.0,0.0
6,93625223,-,6,94078363,+,UVM,1547,TCGA-VD-A8KJ-01A,TCGA-VD-A8KJ-01A,1.0,0.0,0.0,0.0,0.0
6,93638330,-,6,94142643,+,UVM,1548,TCGA-VD-A8KJ-01A,TCGA-VD-A8KJ-01A,1.0,0.0,0.0,0.0,0.0
6,93899409,-,6,134885333,+,UVM,1549,TCGA-VD-A8KJ-01A,TCGA-VD-A8KJ-01A,1.0,0.0,0.0,0.0,0.0
6,93915193,+,6,136174943,+,UVM,1550,TCGA-VD-A8KJ-01A,TCGA-VD-A8KJ-01A,1.0,0.0,0.0,0.0,0.0
6,93967905,-,6,135500022,-,UVM,1551,TCGA-VD-A8KJ-01A,TCGA-VD-A8KJ-01A,1.0,0.0,0.0,0.0,0.0
6,94009668,+,6,105394612,-,UVM,1552,TCGA-VD-A8KJ-01A,TCGA-VD-A8KJ-01A,1.0,0.0,0.0,0.0,0.0
6,94016516,-,6,136407081,+,UVM,1553,TCGA-VD-A8KJ-01A,TCGA-VD-A8KJ-01A,1.0,0.0,0.0,0.0,0.0
6,94086947,-,6,94125736,-,UVM,1554,TCGA-VD-A8KJ-01A,TCGA-VD-A8KJ-01A,1.0,0.0,0.0,0.0,0.0
6,94278986,-,6,135288279,+,UVM,1555,TCGA-VD-A8KJ-01A,TCGA-VD-A8KJ-01A,1.0,0.0,0.0,0.0,0.0
6,94292151,+,6,103232946,-,UVM,1556,TCGA-VD-A8KJ-01A,TCGA-VD-A8KJ-01A,1.0,0.0,0.0,0.0,0.0
6,94365680,-,6,132774419,-,UVM,1557,TCGA-VD-A8KJ-01A,TCGA-VD-A8KJ-01A,1.0,0.0,0.0,0.0,0.0
6,94381607,+,6,94821766,-,UVM,1558,TCGA-VD-A8KJ-01A,TCGA-VD-A8KJ-01A,1.0,0.0,0.0,0.0,0.0
6,94526418,-,6,136160043,-,UVM,1559,TCGA-VD-A8KJ-01A,TCGA-VD-A8KJ-01A,1.0,0.0,0.0,0.0,0.0
6,94655598,+,6,132779655,+,UVM,1560,TCGA-VD-A8KJ-01A,TCGA-VD-A8KJ-01A,1.0,0.0,0.0,0.0,0.0
6,94658705,-,6,137929789,+,UVM,1561,TCGA-VD-A8KJ-01A,TCGA-VD-A8KJ-01A,1.0,0.0,0.0,0.0,0.0
6,94687990,+,6,136991276,+,UVM,1562,TCGA-VD-A8KJ-01A,TCGA-VD-A8KJ-01A,1.0,0.0,0.0,0.0,0.0
6,94775007,-,6,136994392,-,UVM,1563,TCGA-VD-A8KJ-01A,TCGA-VD-A8KJ-01A,1.0,0.0,0.0,0.0,0.0
6,94809548,+,6,133329189,-,UVM,1564,TCGA-VD-A8KJ-01A,TCGA-VD-A8KJ-01A,1.0,0.0,0.0,0.0,0.0
6,94814518,-,6,102010416,-,UVM,1565,TCGA-VD-A8KJ-01A,TCGA-VD-A8KJ-01A,1.0,0.0,0.0,0.0,0.0
6,94815791,+,6,112042215,-,UVM,1566,TCGA-VD-A8KJ-01A,TCGA-VD-A8KJ-01A,1.0,0.0,0.0,0.0,0.0
6,94910685,+,6,153439117,+,UVM,1567,TCGA-VD-A8KJ-01A,TCGA-VD-A8KJ-01A,1.0,0.0,0.0,0.0,0.0
6,94919427,-,6,133466841,-,UVM,1568,TCGA-VD-A8KJ-01A,TCGA-VD-A8KJ-01A,1.0,0.0,0.0,0.0,0.0
6,94947361,+,6,137588000,+,UVM,1569,TCGA-VD-A8KJ-01A,TCGA-VD-A8KJ-01A,1.0,0.0,0.0,0.0,0.0
6,95175301,-,6,132547661,+,UVM,1570,TCGA-VD-A8KJ-01A,TCGA-VD-A8KJ-01A,1.0,0.0,0.0,0.0,0.0
6,95238760,+,6,133157197,-,UVM,1571,TCGA-VD-A8KJ-01A,TCGA-VD-A8KJ-01A,1.0,0.0,0.0,0.0,0.0
6,95398856,-,6,127576536,-,UVM,1572,TCGA-VD-A8KJ-01A,TCGA-VD-A8KJ-01A,1.0,0.0,0.0,0.0,0.0
6,95460262,+,6,95918581,+,UVM,1573,TCGA-VD-A8KJ-01A,TCGA-VD-A8KJ-01A,1.0,0.0,0.0,0.0,0.0
6,95655366,-,6,137855074,-,UVM,1574,TCGA-VD-A8KJ-01A,TCGA-VD-A8KJ-01A,1.0,0.0,0.0,0.0,0.0
6,95701342,+,6,139049289,-,UVM,1575,TCGA-VD-A8KJ-01A,TCGA-VD-A8KJ-01A,1.0,0.0,0.0,0.0,0.0
6,95710463,-,6,102188771,-,UVM,1576,TCGA-VD-A8KJ-01A,TCGA-VD-A8KJ-01A,1.0,0.0,0.0,0.0,0.0
6,95913628,-,6,102243696,+,UVM,1577,TCGA-VD-A8KJ-01A,TCGA-VD-A8KJ-01A,1.0,0.0,0.0,0.0,0.0
6,96301162,-,6,96575205,-,UVM,1578,TCGA-VD-A8KJ-01A,TCGA-VD-A8KJ-01A,1.0,0.0,0.0,0.0,0.0
6,96306026,+,6,101839273,+,UVM,1579,TCGA-VD-A8KJ-01A,TCGA-VD-A8KJ-01A,1.0,0.0,0.0,0.0,0.0
6,96317621,-,6,100967874,-,UVM,1580,TCGA-VD-A8KJ-01A,TCGA-VD-A8KJ-01A,1.0,0.0,0.0,0.0,0.0
6,96414072,+,6,131179042,+,UVM,1581,TCGA-VD-A8KJ-01A,TCGA-VD-A8KJ-01A,1.0,0.0,0.0,0.0,0.0
6,96436203,-,6,156419500,+,UVM,1582,TCGA-VD-A8KJ-01A,TCGA-VD-A8KJ-01A,1.0,0.0,0.0,0.0,0.0
6,96457037,+,6,101367001,-,UVM,1583,TCGA-VD-A8KJ-01A,TCGA-VD-A8KJ-01A,1.0,0.0,0.0,0.0,0.0
6,96480752,-,6,130779584,-,UVM,1584,TCGA-VD-A8KJ-01A,TCGA-VD-A8KJ-01A,1.0,0.0,0.0,0.0,0.0
6,96487142,+,6,100886938,+,UVM,1585,TCGA-VD-A8KJ-01A,TCGA-VD-A8KJ-01A,1.0,0.0,0.0,0.0,0.0
6,96599124,+,6,100889518,-,UVM,1586,TCGA-VD-A8KJ-01A,TCGA-VD-A8KJ-01A,1.0,0.0,0.0,0.0,0.0
6,96729938,-,6,107749503,+,UVM,1587,TCGA-VD-A8KJ-01A,TCGA-VD-A8KJ-01A,1.0,0.0,0.0,0.0,0.0
6,96732881,+,6,128124752,+,UVM,1588,TCGA-VD-A8KJ-01A,TCGA-VD-A8KJ-01A,1.0,0.0,0.0,0.0,0.0
6,96738719,-,6,156336189,-,UVM,1589,TCGA-VD-A8KJ-01A,TCGA-VD-A8KJ-01A,1.0,0.0,0.0,0.0,0.0
6,96796381,+,6,113715033,+,UVM,1590,TCGA-VD-A8KJ-01A,TCGA-VD-A8KJ-01A,1.0,0.0,0.0,0.0,0.0
6,96800015,-,6,112397692,+,UVM,1591,TCGA-VD-A8KJ-01A,TCGA-VD-A8KJ-01A,1.0,0.0,0.0,0.0,0.0
6,96829920,+,6,110468224,+,UVM,1592,TCGA-VD-A8KJ-01A,TCGA-VD-A8KJ-01A,1.0,0.0,0.0,0.0,0.0
6,97035585,-,6,112470977,+,UVM,1593,TCGA-VD-A8KJ-01A,TCGA-VD-A8KJ-01A,1.0,0.0,0.0,0.0,0.0
6,97078724,+,6,98132154,+,UVM,1594,TCGA-VD-A8KJ-01A,TCGA-VD-A8KJ-01A,1.0,0.0,0.0,0.0,0.0
6,97100728,-,6,142022439,-,UVM,1595,TCGA-VD-A8KJ-01A,TCGA-VD-A8KJ-01A,1.0,0.0,0.0,0.0,0.0
6,97101463,+,6,110444916,-,UVM,1596,TCGA-VD-A8KJ-01A,TCGA-VD-A8KJ-01A,1.0,0.0,0.0,0.0,0.0
6,97183305,-,6,99081476,-,UVM,1597,TCGA-VD-A8KJ-01A,TCGA-VD-A8KJ-01A,1.0,0.0,0.0,0.0,0.0
6,97240556,+,6,99307162,-,UVM,1598,TCGA-VD-A8KJ-01A,TCGA-VD-A8KJ-01A,1.0,0.0,0.0,0.0,0.0
6,97312577,-,6,99108350,+,UVM,1599,TCGA-VD-A8KJ-01A,TCGA-VD-A8KJ-01A,1.0,0.0,0.0,0.0,0.0
6,97575865,+,6,113431234,-,UVM,1600,TCGA-VD-A8KJ-01A,TCGA-VD-A8KJ-01A,1.0,0.0,0.0,0.0,0.0
6,97747880,-,6,97948844,-,UVM,1601,TCGA-VD-A8KJ-01A,TCGA-VD-A8KJ-01A,1.0,0.0,0.0,0.0,0.0
6,97808279,+,6,142179019,+,UVM,1602,TCGA-VD-A8KJ-01A,TCGA-VD-A8KJ-01A,1.0,0.0,0.0,0.0,0.0
6,97833858,-,6,98792943,-,UVM,1603,TCGA-VD-A8KJ-01A,TCGA-VD-A8KJ-01A,1.0,0.0,0.0,0.0,0.0
6,97998635,-,6,99348294,-,UVM,1604,TCGA-VD-A8KJ-01A,TCGA-VD-A8KJ-01A,1.0,0.0,0.0,0.0,0.0
6,98100545,+,6,114073202,+,UVM,1605,TCGA-VD-A8KJ-01A,TCGA-VD-A8KJ-01A,1.0,0.0,0.0,0.0,0.0
6,98126641,-,6,143004573,-,UVM,1606,TCGA-VD-A8KJ-01A,TCGA-VD-A8KJ-01A,1.0,0.0,0.0,0.0,0.0
6,98412731,-,6,98484056,-,UVM,1607,TCGA-VD-A8KJ-01A,TCGA-VD-A8KJ-01A,1.0,0.0,0.0,0.0,0.0
6,98461196,+,6,143419545,-,UVM,1608,TCGA-VD-A8KJ-01A,TCGA-VD-A8KJ-01A,1.0,0.0,0.0,0.0,0.0
6,98520545,+,8,51401167,-,UVM,1609,TCGA-VD-A8KJ-01A,TCGA-VD-A8KJ-01A,1.0,0.0,0.0,0.0,0.0
6,98913596,+,6,99050254,+,UVM,1610,TCGA-VD-A8KJ-01A,TCGA-VD-A8KJ-01A,1.0,0.0,0.0,0.0,0.0
6,99031562,-,8,46055211,-,UVM,1611,TCGA-VD-A8KJ-01A,TCGA-VD-A8KJ-01A,1.0,0.0,0.0,0.0,0.0
6,99329225,+,6,99351809,+,UVM,1612,TCGA-VD-A8KJ-01A,TCGA-VD-A8KJ-01A,1.0,0.0,0.0,0.0,0.0
6,99520482,-,6,113600258,+,UVM,1613,TCGA-VD-A8KJ-01A,TCGA-VD-A8KJ-01A,1.0,0.0,0.0,0.0,0.0
6,99563682,-,6,114083292,-,UVM,1614,TCGA-VD-A8KJ-01A,TCGA-VD-A8KJ-01A,1.0,0.0,0.0,0.0,0.0
6,99722173,+,6,100168109,+,UVM,1615,TCGA-VD-A8KJ-01A,TCGA-VD-A8KJ-01A,1.0,0.0,0.0,0.0,0.0
6,99747978,-,6,100239144,-,UVM,1616,TCGA-VD-A8KJ-01A,TCGA-VD-A8KJ-01A,1.0,0.0,0.0,0.0,0.0
6,99849481,+,6,156064385,+,UVM,1617,TCGA-VD-A8KJ-01A,TCGA-VD-A8KJ-01A,1.0,0.0,0.0,0.0,0.0
6,100030760,+,6,100449642,+,UVM,1618,TCGA-VD-A8KJ-01A,TCGA-VD-A8KJ-01A,1.0,0.0,0.0,0.0,0.0
6,100071599,-,6,100449642,+,UVM,1619,TCGA-VD-A8KJ-01A,TCGA-VD-A8KJ-01A,1.0,0.0,0.0,0.0,0.0
6,100090037,+,6,101344415,+,UVM,1620,TCGA-VD-A8KJ-01A,TCGA-VD-A8KJ-01A,1.0,0.0,0.0,0.0,0.0
6,100155081,-,6,101779593,-,UVM,1621,TCGA-VD-A8KJ-01A,TCGA-VD-A8KJ-01A,1.0,0.0,0.0,0.0,0.0
6,100169786,-,6,100414320,-,UVM,1622,TCGA-VD-A8KJ-01A,TCGA-VD-A8KJ-01A,1.0,0.0,0.0,0.0,0.0
6,100185444,+,6,101051740,+,UVM,1623,TCGA-VD-A8KJ-01A,TCGA-VD-A8KJ-01A,1.0,0.0,0.0,0.0,0.0
6,100197786,-,6,111088821,-,UVM,1624,TCGA-VD-A8KJ-01A,TCGA-VD-A8KJ-01A,1.0,0.0,0.0,0.0,0.0
6,100395527,+,6,110417574,-,UVM,1625,TCGA-VD-A8KJ-01A,TCGA-VD-A8KJ-01A,1.0,0.0,0.0,0.0,0.0
6,100463101,-,6,115947765,-,UVM,1626,TCGA-VD-A8KJ-01A,TCGA-VD-A8KJ-01A,1.0,0.0,0.0,0.0,0.0
6,100538186,+,6,156341511,+,UVM,1627,TCGA-VD-A8KJ-01A,TCGA-VD-A8KJ-01A,1.0,0.0,0.0,0.0,0.0
6,100565790,-,6,112474891,-,UVM,1628,TCGA-VD-A8KJ-01A,TCGA-VD-A8KJ-01A,1.0,0.0,0.0,0.0,0.0
6,100611462,+,6,113297828,-,UVM,1629,TCGA-VD-A8KJ-01A,TCGA-VD-A8KJ-01A,1.0,0.0,0.0,0.0,0.0
6,100740952,-,6,130787506,+,UVM,1630,TCGA-VD-A8KJ-01A,TCGA-VD-A8KJ-01A,1.0,0.0,0.0,0.0,0.0
6,100760448,+,6,102061637,+,UVM,1631,TCGA-VD-A8KJ-01A,TCGA-VD-A8KJ-01A,1.0,0.0,0.0,0.0,0.0
6,100785158,-,6,129199868,-,UVM,1632,TCGA-VD-A8KJ-01A,TCGA-VD-A8KJ-01A,1.0,0.0,0.0,0.0,0.0
6,100964466,+,6,131175047,-,UVM,1633,TCGA-VD-A8KJ-01A,TCGA-VD-A8KJ-01A,1.0,0.0,0.0,0.0,0.0
6,100972831,+,6,110796967,-,UVM,1634,TCGA-VD-A8KJ-01A,TCGA-VD-A8KJ-01A,1.0,0.0,0.0,0.0,0.0
6,101048654,-,6,156153431,-,UVM,1635,TCGA-VD-A8KJ-01A,TCGA-VD-A8KJ-01A,1.0,0.0,0.0,0.0,0.0
6,101264901,-,6,111117786,+,UVM,1636,TCGA-VD-A8KJ-01A,TCGA-VD-A8KJ-01A,1.0,0.0,0.0,0.0,0.0
6,101481277,+,6,113213625,+,UVM,1637,TCGA-VD-A8KJ-01A,TCGA-VD-A8KJ-01A,1.0,0.0,0.0,0.0,0.0
6,101582355,+,6,113226648,-,UVM,1638,TCGA-VD-A8KJ-01A,TCGA-VD-A8KJ-01A,1.0,0.0,0.0,0.0,0.0
6,102841692,-,6,104528484,+,UVM,1639,TCGA-VD-A8KJ-01A,TCGA-VD-A8KJ-01A,1.0,0.0,0.0,0.0,0.0
6,102901373,+,6,155199672,-,UVM,1640,TCGA-VD-A8KJ-01A,TCGA-VD-A8KJ-01A,1.0,0.0,0.0,0.0,0.0
6,103059029,-,6,156950006,+,UVM,1641,TCGA-VD-A8KJ-01A,TCGA-VD-A8KJ-01A,1.0,0.0,0.0,0.0,0.0
6,103103770,+,6,134792572,+,UVM,1642,TCGA-VD-A8KJ-01A,TCGA-VD-A8KJ-01A,1.0,0.0,0.0,0.0,0.0
6,103249980,+,6,103339606,+,UVM,1643,TCGA-VD-A8KJ-01A,TCGA-VD-A8KJ-01A,1.0,0.0,0.0,0.0,0.0
6,103303387,-,6,134463095,-,UVM,1644,TCGA-VD-A8KJ-01A,TCGA-VD-A8KJ-01A,1.0,0.0,0.0,0.0,0.0
6,103359987,-,6,132973706,+,UVM,1645,TCGA-VD-A8KJ-01A,TCGA-VD-A8KJ-01A,1.0,0.0,0.0,0.0,0.0
6,103381990,+,6,132346750,-,UVM,1646,TCGA-VD-A8KJ-01A,TCGA-VD-A8KJ-01A,1.0,0.0,0.0,0.0,0.0
6,103384736,-,6,134790130,-,UVM,1647,TCGA-VD-A8KJ-01A,TCGA-VD-A8KJ-01A,1.0,0.0,0.0,0.0,0.0
6,103400710,+,6,134632952,-,UVM,1648,TCGA-VD-A8KJ-01A,TCGA-VD-A8KJ-01A,1.0,0.0,0.0,0.0,0.0
6,103499223,-,6,135292432,-,UVM,1649,TCGA-VD-A8KJ-01A,TCGA-VD-A8KJ-01A,1.0,0.0,0.0,0.0,0.0
6,103520964,+,6,103850958,-,UVM,1650,TCGA-VD-A8KJ-01A,TCGA-VD-A8KJ-01A,1.0,0.0,0.0,0.0,0.0
6,103585541,-,6,132793098,+,UVM,1651,TCGA-VD-A8KJ-01A,TCGA-VD-A8KJ-01A,1.0,0.0,0.0,0.0,0.0
6,103633457,+,6,135299596,+,UVM,1652,TCGA-VD-A8KJ-01A,TCGA-VD-A8KJ-01A,1.0,0.0,0.0,0.0,0.0
6,103637836,-,6,104208099,+,UVM,1653,TCGA-VD-A8KJ-01A,TCGA-VD-A8KJ-01A,1.0,0.0,0.0,0.0,0.0
6,103810035,+,6,132966541,+,UVM,1654,TCGA-VD-A8KJ-01A,TCGA-VD-A8KJ-01A,1.0,0.0,0.0,0.0,0.0
6,104037223,-,6,135375415,+,UVM,1655,TCGA-VD-A8KJ-01A,TCGA-VD-A8KJ-01A,1.0,0.0,0.0,0.0,0.0
6,104087690,-,6,104884816,-,UVM,1656,TCGA-VD-A8KJ-01A,TCGA-VD-A8KJ-01A,1.0,0.0,0.0,0.0,0.0
6,104165436,-,6,135382059,-,UVM,1657,TCGA-VD-A8KJ-01A,TCGA-VD-A8KJ-01A,1.0,0.0,0.0,0.0,0.0
6,104211235,-,6,129337635,-,UVM,1658,TCGA-VD-A8KJ-01A,TCGA-VD-A8KJ-01A,1.0,0.0,0.0,0.0,0.0
6,104214418,+,6,135140424,-,UVM,1659,TCGA-VD-A8KJ-01A,TCGA-VD-A8KJ-01A,1.0,0.0,0.0,0.0,0.0
6,104271777,-,6,136294441,-,UVM,1660,TCGA-VD-A8KJ-01A,TCGA-VD-A8KJ-01A,1.0,0.0,0.0,0.0,0.0
6,104304356,+,6,135245103,-,UVM,1661,TCGA-VD-A8KJ-01A,TCGA-VD-A8KJ-01A,1.0,0.0,0.0,0.0,0.0
6,104329531,-,6,135241055,+,UVM,1662,TCGA-VD-A8KJ-01A,TCGA-VD-A8KJ-01A,1.0,0.0,0.0,0.0,0.0
6,104366037,+,6,104461026,-,UVM,1663,TCGA-VD-A8KJ-01A,TCGA-VD-A8KJ-01A,1.0,0.0,0.0,0.0,0.0
6,104369908,+,6,107911769,+,UVM,1664,TCGA-VD-A8KJ-01A,TCGA-VD-A8KJ-01A,1.0,0.0,0.0,0.0,0.0
6,104378981,-,6,132530589,+,UVM,1665,TCGA-VD-A8KJ-01A,TCGA-VD-A8KJ-01A,1.0,0.0,0.0,0.0,0.0
6,104385533,+,6,104414749,-,UVM,1666,TCGA-VD-A8KJ-01A,TCGA-VD-A8KJ-01A,1.0,0.0,0.0,0.0,0.0
6,104426349,+,6,156943583,-,UVM,1667,TCGA-VD-A8KJ-01A,TCGA-VD-A8KJ-01A,1.0,0.0,0.0,0.0,0.0
6,104511185,+,8,52385821,-,UVM,1668,TCGA-VD-A8KJ-01A,TCGA-VD-A8KJ-01A,1.0,0.0,0.0,0.0,0.0
6,104521713,-,6,104533141,-,UVM,1669,TCGA-VD-A8KJ-01A,TCGA-VD-A8KJ-01A,1.0,0.0,0.0,0.0,0.0
6,104554089,-,6,153559528,+,UVM,1670,TCGA-VD-A8KJ-01A,TCGA-VD-A8KJ-01A,1.0,0.0,0.0,0.0,0.0
6,104558024,+,6,136630324,+,UVM,1671,TCGA-VD-A8KJ-01A,TCGA-VD-A8KJ-01A,1.0,0.0,0.0,0.0,0.0
6,104593013,+,6,134020984,-,UVM,1672,TCGA-VD-A8KJ-01A,TCGA-VD-A8KJ-01A,1.0,0.0,0.0,0.0,0.0
6,104636312,-,6,157152600,+,UVM,1673,TCGA-VD-A8KJ-01A,TCGA-VD-A8KJ-01A,1.0,0.0,0.0,0.0,0.0
6,104685835,+,6,133153040,+,UVM,1674,TCGA-VD-A8KJ-01A,TCGA-VD-A8KJ-01A,1.0,0.0,0.0,0.0,0.0
6,104874306,-,6,105416830,-,UVM,1675,TCGA-VD-A8KJ-01A,TCGA-VD-A8KJ-01A,1.0,0.0,0.0,0.0,0.0
6,104882810,+,6,136412056,-,UVM,1676,TCGA-VD-A8KJ-01A,TCGA-VD-A8KJ-01A,1.0,0.0,0.0,0.0,0.0
6,104910530,-,6,135134612,+,UVM,1677,TCGA-VD-A8KJ-01A,TCGA-VD-A8KJ-01A,1.0,0.0,0.0,0.0,0.0
6,104944684,+,6,105716759,+,UVM,1678,TCGA-VD-A8KJ-01A,TCGA-VD-A8KJ-01A,1.0,0.0,0.0,0.0,0.0
6,104956783,+,6,136287454,+,UVM,1679,TCGA-VD-A8KJ-01A,TCGA-VD-A8KJ-01A,1.0,0.0,0.0,0.0,0.0
6,105008701,-,6,154984841,-,UVM,1680,TCGA-VD-A8KJ-01A,TCGA-VD-A8KJ-01A,1.0,0.0,0.0,0.0,0.0
6,105008702,-,6,105097631,-,UVM,1681,TCGA-VD-A8KJ-01A,TCGA-VD-A8KJ-01A,1.0,0.0,0.0,0.0,0.0
6,105012468,+,6,153404284,-,UVM,1682,TCGA-VD-A8KJ-01A,TCGA-VD-A8KJ-01A,1.0,0.0,0.0,0.0,0.0
6,105097630,-,6,154985091,+,UVM,1683,TCGA-VD-A8KJ-01A,TCGA-VD-A8KJ-01A,1.0,0.0,0.0,0.0,0.0
6,105155836,+,6,126431797,-,UVM,1684,TCGA-VD-A8KJ-01A,TCGA-VD-A8KJ-01A,1.0,0.0,0.0,0.0,0.0
6,105297987,-,6,153443018,-,UVM,1685,TCGA-VD-A8KJ-01A,TCGA-VD-A8KJ-01A,1.0,0.0,0.0,0.0,0.0
6,105343453,+,6,136637754,-,UVM,1686,TCGA-VD-A8KJ-01A,TCGA-VD-A8KJ-01A,1.0,0.0,0.0,0.0,0.0
6,105400359,+,6,105560387,-,UVM,1687,TCGA-VD-A8KJ-01A,TCGA-VD-A8KJ-01A,1.0,0.0,0.0,0.0,0.0
6,105419559,+,6,105557376,-,UVM,1688,TCGA-VD-A8KJ-01A,TCGA-VD-A8KJ-01A,1.0,0.0,0.0,0.0,0.0
6,105520639,-,6,158611350,+,UVM,1689,TCGA-VD-A8KJ-01A,TCGA-VD-A8KJ-01A,1.0,0.0,0.0,0.0,0.0
6,105890854,+,6,106038316,-,UVM,1690,TCGA-VD-A8KJ-01A,TCGA-VD-A8KJ-01A,1.0,0.0,0.0,0.0,0.0
6,106187703,-,6,125540854,-,UVM,1691,TCGA-VD-A8KJ-01A,TCGA-VD-A8KJ-01A,1.0,0.0,0.0,0.0,0.0
6,106308574,+,6,106438979,+,UVM,1692,TCGA-VD-A8KJ-01A,TCGA-VD-A8KJ-01A,1.0,0.0,0.0,0.0,0.0
6,106379541,-,6,136366155,-,UVM,1693,TCGA-VD-A8KJ-01A,TCGA-VD-A8KJ-01A,1.0,0.0,0.0,0.0,0.0
6,106626040,-,6,134048704,+,UVM,1694,TCGA-VD-A8KJ-01A,TCGA-VD-A8KJ-01A,1.0,0.0,0.0,0.0,0.0
6,106631679,+,6,137737076,-,UVM,1695,TCGA-VD-A8KJ-01A,TCGA-VD-A8KJ-01A,1.0,0.0,0.0,0.0,0.0
6,106638022,-,6,108249024,+,UVM,1696,TCGA-VD-A8KJ-01A,TCGA-VD-A8KJ-01A,1.0,0.0,0.0,0.0,0.0
6,106640645,+,6,154982537,+,UVM,1697,TCGA-VD-A8KJ-01A,TCGA-VD-A8KJ-01A,1.0,0.0,0.0,0.0,0.0
6,106642912,-,6,134248979,-,UVM,1698,TCGA-VD-A8KJ-01A,TCGA-VD-A8KJ-01A,1.0,0.0,0.0,0.0,0.0
6,106718801,+,6,126716739,-,UVM,1699,TCGA-VD-A8KJ-01A,TCGA-VD-A8KJ-01A,1.0,0.0,0.0,0.0,0.0
6,106900017,-,6,150586355,+,UVM,1700,TCGA-VD-A8KJ-01A,TCGA-VD-A8KJ-01A,1.0,0.0,0.0,0.0,0.0
6,107178015,-,6,136787518,-,UVM,1701,TCGA-VD-A8KJ-01A,TCGA-VD-A8KJ-01A,1.0,0.0,0.0,0.0,0.0
6,107197090,+,6,108105418,+,UVM,1702,TCGA-VD-A8KJ-01A,TCGA-VD-A8KJ-01A,1.0,0.0,0.0,0.0,0.0
6,107536650,-,6,138838675,+,UVM,1703,TCGA-VD-A8KJ-01A,TCGA-VD-A8KJ-01A,1.0,0.0,0.0,0.0,0.0
6,107569227,+,6,128131246,-,UVM,1704,TCGA-VD-A8KJ-01A,TCGA-VD-A8KJ-01A,1.0,0.0,0.0,0.0,0.0
6,107571959,-,6,128182677,+,UVM,1705,TCGA-VD-A8KJ-01A,TCGA-VD-A8KJ-01A,1.0,0.0,0.0,0.0,0.0
6,107591646,+,6,153940427,+,UVM,1706,TCGA-VD-A8KJ-01A,TCGA-VD-A8KJ-01A,1.0,0.0,0.0,0.0,0.0
6,107622136,-,6,107813373,+,UVM,1707,TCGA-VD-A8KJ-01A,TCGA-VD-A8KJ-01A,1.0,0.0,0.0,0.0,0.0
6,107622445,+,6,151104144,-,UVM,1708,TCGA-VD-A8KJ-01A,TCGA-VD-A8KJ-01A,1.0,0.0,0.0,0.0,0.0
6,107740576,-,6,115428601,+,UVM,1709,TCGA-VD-A8KJ-01A,TCGA-VD-A8KJ-01A,1.0,0.0,0.0,0.0,0.0
6,107758122,-,6,129301760,-,UVM,1710,TCGA-VD-A8KJ-01A,TCGA-VD-A8KJ-01A,1.0,0.0,0.0,0.0,0.0
6,107849799,-,6,168609631,-,UVM,1711,TCGA-VD-A8KJ-01A,TCGA-VD-A8KJ-01A,1.0,0.0,0.0,0.0,0.0
6,107878306,+,6,109932046,+,UVM,1712,TCGA-VD-A8KJ-01A,TCGA-VD-A8KJ-01A,1.0,0.0,0.0,0.0,0.0
6,107882794,-,6,138395022,+,UVM,1713,TCGA-VD-A8KJ-01A,TCGA-VD-A8KJ-01A,1.0,0.0,0.0,0.0,0.0
6,107892171,+,6,139556162,-,UVM,1714,TCGA-VD-A8KJ-01A,TCGA-VD-A8KJ-01A,1.0,0.0,0.0,0.0,0.0
6,107893516,-,6,128417941,-,UVM,1715,TCGA-VD-A8KJ-01A,TCGA-VD-A8KJ-01A,1.0,0.0,0.0,0.0,0.0
6,107908788,+,6,110050137,+,UVM,1716,TCGA-VD-A8KJ-01A,TCGA-VD-A8KJ-01A,1.0,0.0,0.0,0.0,0.0
6,107914480,-,6,138896335,+,UVM,1717,TCGA-VD-A8KJ-01A,TCGA-VD-A8KJ-01A,1.0,0.0,0.0,0.0,0.0
6,107922280,+,6,157160350,+,UVM,1718,TCGA-VD-A8KJ-01A,TCGA-VD-A8KJ-01A,1.0,0.0,0.0,0.0,0.0
6,107924230,-,6,154829221,+,UVM,1719,TCGA-VD-A8KJ-01A,TCGA-VD-A8KJ-01A,1.0,0.0,0.0,0.0,0.0
6,108109633,-,6,157157276,-,UVM,1720,TCGA-VD-A8KJ-01A,TCGA-VD-A8KJ-01A,1.0,0.0,0.0,0.0,0.0
6,108117863,+,6,154641861,+,UVM,1721,TCGA-VD-A8KJ-01A,TCGA-VD-A8KJ-01A,1.0,0.0,0.0,0.0,0.0
6,108123594,-,6,127742862,+,UVM,1722,TCGA-VD-A8KJ-01A,TCGA-VD-A8KJ-01A,1.0,0.0,0.0,0.0,0.0
6,108162813,+,6,153527417,-,UVM,1723,TCGA-VD-A8KJ-01A,TCGA-VD-A8KJ-01A,1.0,0.0,0.0,0.0,0.0
6,108166169,-,6,138582183,+,UVM,1724,TCGA-VD-A8KJ-01A,TCGA-VD-A8KJ-01A,1.0,0.0,0.0,0.0,0.0
6,108208669,+,6,128648701,-,UVM,1725,TCGA-VD-A8KJ-01A,TCGA-VD-A8KJ-01A,1.0,0.0,0.0,0.0,0.0
6,108213381,-,6,150689606,-,UVM,1726,TCGA-VD-A8KJ-01A,TCGA-VD-A8KJ-01A,1.0,0.0,0.0,0.0,0.0
6,108359731,-,6,133098559,-,UVM,1727,TCGA-VD-A8KJ-01A,TCGA-VD-A8KJ-01A,1.0,0.0,0.0,0.0,0.0
6,108369095,+,6,150660021,-,UVM,1728,TCGA-VD-A8KJ-01A,TCGA-VD-A8KJ-01A,1.0,0.0,0.0,0.0,0.0
6,108438030,-,6,128521134,+,UVM,1729,TCGA-VD-A8KJ-01A,TCGA-VD-A8KJ-01A,1.0,0.0,0.0,0.0,0.0
6,108565635,+,6,108882141,-,UVM,1730,TCGA-VD-A8KJ-01A,TCGA-VD-A8KJ-01A,1.0,0.0,0.0,0.0,0.0
6,108914804,+,6,154370567,-,UVM,1731,TCGA-VD-A8KJ-01A,TCGA-VD-A8KJ-01A,1.0,0.0,0.0,0.0,0.0
6,109322220,-,6,133142565,+,UVM,1732,TCGA-VD-A8KJ-01A,TCGA-VD-A8KJ-01A,1.0,0.0,0.0,0.0,0.0
6,109407747,+,6,111505672,+,UVM,1733,TCGA-VD-A8KJ-01A,TCGA-VD-A8KJ-01A,1.0,0.0,0.0,0.0,0.0
6,109458421,-,6,138692944,+,UVM,1734,TCGA-VD-A8KJ-01A,TCGA-VD-A8KJ-01A,1.0,0.0,0.0,0.0,0.0
6,109490829,+,6,129345177,+,UVM,1735,TCGA-VD-A8KJ-01A,TCGA-VD-A8KJ-01A,1.0,0.0,0.0,0.0,0.0
6,110028079,-,6,139316597,-,UVM,1736,TCGA-VD-A8KJ-01A,TCGA-VD-A8KJ-01A,1.0,0.0,0.0,0.0,0.0
6,110063374,-,6,113427460,+,UVM,1737,TCGA-VD-A8KJ-01A,TCGA-VD-A8KJ-01A,1.0,0.0,0.0,0.0,0.0
6,110067005,+,6,142023601,+,UVM,1738,TCGA-VD-A8KJ-01A,TCGA-VD-A8KJ-01A,1.0,0.0,0.0,0.0,0.0
6,110338397,+,6,156250390,-,UVM,1739,TCGA-VD-A8KJ-01A,TCGA-VD-A8KJ-01A,1.0,0.0,0.0,0.0,0.0
6,110431254,+,6,155483491,+,UVM,1740,TCGA-VD-A8KJ-01A,TCGA-VD-A8KJ-01A,1.0,0.0,0.0,0.0,0.0
6,110536757,-,6,111220013,+,UVM,1741,TCGA-VD-A8KJ-01A,TCGA-VD-A8KJ-01A,1.0,0.0,0.0,0.0,0.0
6,110615510,+,6,112214344,+,UVM,1742,TCGA-VD-A8KJ-01A,TCGA-VD-A8KJ-01A,1.0,0.0,0.0,0.0,0.0
6,110621025,-,6,112271709,-,UVM,1743,TCGA-VD-A8KJ-01A,TCGA-VD-A8KJ-01A,1.0,0.0,0.0,0.0,0.0
6,110642419,+,6,111433352,-,UVM,1744,TCGA-VD-A8KJ-01A,TCGA-VD-A8KJ-01A,1.0,0.0,0.0,0.0,0.0
6,110652539,-,6,111671857,-,UVM,1745,TCGA-VD-A8KJ-01A,TCGA-VD-A8KJ-01A,1.0,0.0,0.0,0.0,0.0
6,110708476,+,6,130117668,+,UVM,1746,TCGA-VD-A8KJ-01A,TCGA-VD-A8KJ-01A,1.0,0.0,0.0,0.0,0.0
6,110809817,+,6,155299620,-,UVM,1747,TCGA-VD-A8KJ-01A,TCGA-VD-A8KJ-01A,1.0,0.0,0.0,0.0,0.0
6,110948378,-,6,129765647,+,UVM,1748,TCGA-VD-A8KJ-01A,TCGA-VD-A8KJ-01A,1.0,0.0,0.0,0.0,0.0
6,111174364,-,6,111787886,+,UVM,1749,TCGA-VD-A8KJ-01A,TCGA-VD-A8KJ-01A,1.0,0.0,0.0,0.0,0.0
6,111185556,+,6,130368893,+,UVM,1750,TCGA-VD-A8KJ-01A,TCGA-VD-A8KJ-01A,1.0,0.0,0.0,0.0,0.0
6,111186896,-,6,111492071,-,UVM,1751,TCGA-VD-A8KJ-01A,TCGA-VD-A8KJ-01A,1.0,0.0,0.0,0.0,0.0
6,111267260,-,6,114189424,-,UVM,1752,TCGA-VD-A8KJ-01A,TCGA-VD-A8KJ-01A,1.0,0.0,0.0,0.0,0.0
6,111326737,-,6,114647520,+,UVM,1753,TCGA-VD-A8KJ-01A,TCGA-VD-A8KJ-01A,1.0,0.0,0.0,0.0,0.0
6,111428405,+,6,129779881,-,UVM,1754,TCGA-VD-A8KJ-01A,TCGA-VD-A8KJ-01A,1.0,0.0,0.0,0.0,0.0
6,111473109,+,6,129802876,-,UVM,1755,TCGA-VD-A8KJ-01A,TCGA-VD-A8KJ-01A,1.0,0.0,0.0,0.0,0.0
6,111680829,+,6,114549272,-,UVM,1756,TCGA-VD-A8KJ-01A,TCGA-VD-A8KJ-01A,1.0,0.0,0.0,0.0,0.0
6,111775583,-,6,112180948,-,UVM,1757,TCGA-VD-A8KJ-01A,TCGA-VD-A8KJ-01A,1.0,0.0,0.0,0.0,0.0
6,112065023,+,6,130284011,-,UVM,1758,TCGA-VD-A8KJ-01A,TCGA-VD-A8KJ-01A,1.0,0.0,0.0,0.0,0.0
6,112375543,+,6,114097903,-,UVM,1759,TCGA-VD-A8KJ-01A,TCGA-VD-A8KJ-01A,1.0,0.0,0.0,0.0,0.0
6,112500247,+,6,113443621,+,UVM,1760,TCGA-VD-A8KJ-01A,TCGA-VD-A8KJ-01A,1.0,0.0,0.0,0.0,0.0
6,112562652,+,6,114039562,-,UVM,1761,TCGA-VD-A8KJ-01A,TCGA-VD-A8KJ-01A,1.0,0.0,0.0,0.0,0.0
6,112576519,-,6,155978176,-,UVM,1762,TCGA-VD-A8KJ-01A,TCGA-VD-A8KJ-01A,1.0,0.0,0.0,0.0,0.0
6,112848367,+,6,156162299,+,UVM,1763,TCGA-VD-A8KJ-01A,TCGA-VD-A8KJ-01A,1.0,0.0,0.0,0.0,0.0
6,113250188,+,6,114347521,+,UVM,1764,TCGA-VD-A8KJ-01A,TCGA-VD-A8KJ-01A,1.0,0.0,0.0,0.0,0.0
6,113401245,+,6,156352121,-,UVM,1765,TCGA-VD-A8KJ-01A,TCGA-VD-A8KJ-01A,1.0,0.0,0.0,0.0,0.0
6,113415268,-,6,156123889,+,UVM,1766,TCGA-VD-A8KJ-01A,TCGA-VD-A8KJ-01A,1.0,0.0,0.0,0.0,0.0
6,113460388,-,6,113648492,-,UVM,1767,TCGA-VD-A8KJ-01A,TCGA-VD-A8KJ-01A,1.0,0.0,0.0,0.0,0.0
6,114009430,-,6,114224836,+,UVM,1768,TCGA-VD-A8KJ-01A,TCGA-VD-A8KJ-01A,1.0,0.0,0.0,0.0,0.0
6,114172482,+,6,155929345,-,UVM,1769,TCGA-VD-A8KJ-01A,TCGA-VD-A8KJ-01A,1.0,0.0,0.0,0.0,0.0
6,114261163,-,6,155967132,+,UVM,1770,TCGA-VD-A8KJ-01A,TCGA-VD-A8KJ-01A,1.0,0.0,0.0,0.0,0.0
6,114271135,+,6,114294479,-,UVM,1771,TCGA-VD-A8KJ-01A,TCGA-VD-A8KJ-01A,1.0,0.0,0.0,0.0,0.0
6,114398082,-,6,139568465,+,UVM,1772,TCGA-VD-A8KJ-01A,TCGA-VD-A8KJ-01A,1.0,0.0,0.0,0.0,0.0
6,114424206,+,6,141486729,+,UVM,1773,TCGA-VD-A8KJ-01A,TCGA-VD-A8KJ-01A,1.0,0.0,0.0,0.0,0.0
6,114793562,+,6,129938795,+,UVM,1774,TCGA-VD-A8KJ-01A,TCGA-VD-A8KJ-01A,1.0,0.0,0.0,0.0,0.0
6,114799860,-,6,115170258,+,UVM,1775,TCGA-VD-A8KJ-01A,TCGA-VD-A8KJ-01A,1.0,0.0,0.0,0.0,0.0
6,114874983,+,6,127350280,+,UVM,1776,TCGA-VD-A8KJ-01A,TCGA-VD-A8KJ-01A,1.0,0.0,0.0,0.0,0.0
6,115083237,-,6,129917100,+,UVM,1777,TCGA-VD-A8KJ-01A,TCGA-VD-A8KJ-01A,1.0,0.0,0.0,0.0,0.0
6,115544809,-,6,159682546,+,UVM,1778,TCGA-VD-A8KJ-01A,TCGA-VD-A8KJ-01A,1.0,0.0,0.0,0.0,0.0
6,115817124,-,6,122938406,-,UVM,1779,TCGA-VD-A8KJ-01A,TCGA-VD-A8KJ-01A,1.0,0.0,0.0,0.0,0.0
6,115827505,+,6,148710040,-,UVM,1780,TCGA-VD-A8KJ-01A,TCGA-VD-A8KJ-01A,1.0,0.0,0.0,0.0,0.0
6,116055154,+,6,151123453,-,UVM,1781,TCGA-VD-A8KJ-01A,TCGA-VD-A8KJ-01A,1.0,0.0,0.0,0.0,0.0
6,116189259,-,6,163373336,+,UVM,1782,TCGA-VD-A8KJ-01A,TCGA-VD-A8KJ-01A,1.0,0.0,0.0,0.0,0.0
6,116208957,+,6,165393095,-,UVM,1783,TCGA-VD-A8KJ-01A,TCGA-VD-A8KJ-01A,1.0,0.0,0.0,0.0,0.0
6,116619130,-,6,168260278,+,UVM,1784,TCGA-VD-A8KJ-01A,TCGA-VD-A8KJ-01A,1.0,0.0,0.0,0.0,0.0
6,116700670,-,6,117570757,+,UVM,1785,TCGA-VD-A8KJ-01A,TCGA-VD-A8KJ-01A,1.0,0.0,0.0,0.0,0.0
6,116793073,+,6,117446497,+,UVM,1786,TCGA-VD-A8KJ-01A,TCGA-VD-A8KJ-01A,1.0,0.0,0.0,0.0,0.0
6,117076985,-,6,117551474,+,UVM,1787,TCGA-VD-A8KJ-01A,TCGA-VD-A8KJ-01A,1.0,0.0,0.0,0.0,0.0
6,117115484,+,6,117495015,+,UVM,1788,TCGA-VD-A8KJ-01A,TCGA-VD-A8KJ-01A,1.0,0.0,0.0,0.0,0.0
6,117158908,+,6,117176923,+,UVM,1789,TCGA-VD-A8KJ-01A,TCGA-VD-A8KJ-01A,1.0,0.0,0.0,0.0,0.0
6,117162762,-,6,169001300,+,UVM,1790,TCGA-VD-A8KJ-01A,TCGA-VD-A8KJ-01A,1.0,0.0,0.0,0.0,0.0
6,117181738,-,6,161578187,-,UVM,1791,TCGA-VD-A8KJ-01A,TCGA-VD-A8KJ-01A,1.0,0.0,0.0,0.0,0.0
6,117182697,+,6,161346470,-,UVM,1792,TCGA-VD-A8KJ-01A,TCGA-VD-A8KJ-01A,1.0,0.0,0.0,0.0,0.0
6,117391612,-,6,122773550,-,UVM,1793,TCGA-VD-A8KJ-01A,TCGA-VD-A8KJ-01A,1.0,0.0,0.0,0.0,0.0
6,117481462,-,6,123160860,+,UVM,1794,TCGA-VD-A8KJ-01A,TCGA-VD-A8KJ-01A,1.0,0.0,0.0,0.0,0.0
6,117495989,-,6,123026078,+,UVM,1795,TCGA-VD-A8KJ-01A,TCGA-VD-A8KJ-01A,1.0,0.0,0.0,0.0,0.0
6,117559252,-,6,163358577,-,UVM,1796,TCGA-VD-A8KJ-01A,TCGA-VD-A8KJ-01A,1.0,0.0,0.0,0.0,0.0
6,117573335,-,6,168343341,+,UVM,1797,TCGA-VD-A8KJ-01A,TCGA-VD-A8KJ-01A,1.0,0.0,0.0,0.0,0.0
6,117722065,+,6,169589407,+,UVM,1798,TCGA-VD-A8KJ-01A,TCGA-VD-A8KJ-01A,1.0,0.0,0.0,0.0,0.0
6,117868691,-,6,161072914,+,UVM,1799,TCGA-VD-A8KJ-01A,TCGA-VD-A8KJ-01A,1.0,0.0,0.0,0.0,0.0
6,117960837,+,6,161262611,-,UVM,1800,TCGA-VD-A8KJ-01A,TCGA-VD-A8KJ-01A,1.0,0.0,0.0,0.0,0.0
6,118024846,-,6,118711827,-,UVM,1801,TCGA-VD-A8KJ-01A,TCGA-VD-A8KJ-01A,1.0,0.0,0.0,0.0,0.0
6,118063896,+,6,118396920,+,UVM,1802,TCGA-VD-A8KJ-01A,TCGA-VD-A8KJ-01A,1.0,0.0,0.0,0.0,0.0
6,118214743,-,6,161400113,+,UVM,1803,TCGA-VD-A8KJ-01A,TCGA-VD-A8KJ-01A,1.0,0.0,0.0,0.0,0.0
6,118243384,+,6,118640185,-,UVM,1804,TCGA-VD-A8KJ-01A,TCGA-VD-A8KJ-01A,1.0,0.0,0.0,0.0,0.0
6,118303790,-,6,169499600,-,UVM,1805,TCGA-VD-A8KJ-01A,TCGA-VD-A8KJ-01A,1.0,0.0,0.0,0.0,0.0
6,118596816,-,6,124402974,-,UVM,1806,TCGA-VD-A8KJ-01A,TCGA-VD-A8KJ-01A,1.0,0.0,0.0,0.0,0.0
6,118597027,+,6,139627839,+,UVM,1807,TCGA-VD-A8KJ-01A,TCGA-VD-A8KJ-01A,1.0,0.0,0.0,0.0,0.0
6,118606093,-,6,161185623,+,UVM,1808,TCGA-VD-A8KJ-01A,TCGA-VD-A8KJ-01A,1.0,0.0,0.0,0.0,0.0
6,118636907,+,6,119307611,-,UVM,1809,TCGA-VD-A8KJ-01A,TCGA-VD-A8KJ-01A,1.0,0.0,0.0,0.0,0.0
6,118708905,+,6,119205536,+,UVM,1810,TCGA-VD-A8KJ-01A,TCGA-VD-A8KJ-01A,1.0,0.0,0.0,0.0,0.0
6,118768431,+,6,119378605,+,UVM,1811,TCGA-VD-A8KJ-01A,TCGA-VD-A8KJ-01A,1.0,0.0,0.0,0.0,0.0
6,119202741,-,6,161027582,-,UVM,1812,TCGA-VD-A8KJ-01A,TCGA-VD-A8KJ-01A,1.0,0.0,0.0,0.0,0.0
6,119209610,-,6,158250879,-,UVM,1813,TCGA-VD-A8KJ-01A,TCGA-VD-A8KJ-01A,1.0,0.0,0.0,0.0,0.0
6,119249910,+,6,120673517,+,UVM,1814,TCGA-VD-A8KJ-01A,TCGA-VD-A8KJ-01A,1.0,0.0,0.0,0.0,0.0
6,120236759,+,6,133356630,+,UVM,1815,TCGA-VD-A8KJ-01A,TCGA-VD-A8KJ-01A,1.0,0.0,0.0,0.0,0.0
6,120370336,+,6,121323949,+,UVM,1816,TCGA-VD-A8KJ-01A,TCGA-VD-A8KJ-01A,1.0,0.0,0.0,0.0,0.0
6,120384871,+,6,158617861,-,UVM,1817,TCGA-VD-A8KJ-01A,TCGA-VD-A8KJ-01A,1.0,0.0,0.0,0.0,0.0
6,120605293,-,6,121389627,+,UVM,1818,TCGA-VD-A8KJ-01A,TCGA-VD-A8KJ-01A,1.0,0.0,0.0,0.0,0.0
6,120842282,+,6,120932223,-,UVM,1819,TCGA-VD-A8KJ-01A,TCGA-VD-A8KJ-01A,1.0,0.0,0.0,0.0,0.0
6,121103169,-,6,158679099,+,UVM,1820,TCGA-VD-A8KJ-01A,TCGA-VD-A8KJ-01A,1.0,0.0,0.0,0.0,0.0
6,121209272,+,6,157846779,+,UVM,1821,TCGA-VD-A8KJ-01A,TCGA-VD-A8KJ-01A,1.0,0.0,0.0,0.0,0.0
6,121408847,-,6,125226044,-,UVM,1822,TCGA-VD-A8KJ-01A,TCGA-VD-A8KJ-01A,1.0,0.0,0.0,0.0,0.0
6,121514953,+,6,121605666,-,UVM,1823,TCGA-VD-A8KJ-01A,TCGA-VD-A8KJ-01A,1.0,0.0,0.0,0.0,0.0
6,121518259,-,6,147717482,-,UVM,1824,TCGA-VD-A8KJ-01A,TCGA-VD-A8KJ-01A,1.0,0.0,0.0,0.0,0.0
6,121538269,-,6,158475028,+,UVM,1825,TCGA-VD-A8KJ-01A,TCGA-VD-A8KJ-01A,1.0,0.0,0.0,0.0,0.0
6,121574071,+,6,125022417,+,UVM,1826,TCGA-VD-A8KJ-01A,TCGA-VD-A8KJ-01A,1.0,0.0,0.0,0.0,0.0
6,121672869,+,6,123578211,-,UVM,1827,TCGA-VD-A8KJ-01A,TCGA-VD-A8KJ-01A,1.0,0.0,0.0,0.0,0.0
6,121678548,-,6,151275645,+,UVM,1828,TCGA-VD-A8KJ-01A,TCGA-VD-A8KJ-01A,1.0,0.0,0.0,0.0,0.0
6,121682591,+,6,151737068,-,UVM,1829,TCGA-VD-A8KJ-01A,TCGA-VD-A8KJ-01A,1.0,0.0,0.0,0.0,0.0
6,121719542,-,6,139310832,+,UVM,1830,TCGA-VD-A8KJ-01A,TCGA-VD-A8KJ-01A,1.0,0.0,0.0,0.0,0.0
6,121747497,+,6,121752736,-,UVM,1831,TCGA-VD-A8KJ-01A,TCGA-VD-A8KJ-01A,1.0,0.0,0.0,0.0,0.0
6,121763392,+,6,153078451,+,UVM,1832,TCGA-VD-A8KJ-01A,TCGA-VD-A8KJ-01A,1.0,0.0,0.0,0.0,0.0
6,121769877,-,6,124578373,+,UVM,1833,TCGA-VD-A8KJ-01A,TCGA-VD-A8KJ-01A,1.0,0.0,0.0,0.0,0.0
6,122027681,-,6,124961993,+,UVM,1834,TCGA-VD-A8KJ-01A,TCGA-VD-A8KJ-01A,1.0,0.0,0.0,0.0,0.0
6,122466797,-,6,123444701,-,UVM,1835,TCGA-VD-A8KJ-01A,TCGA-VD-A8KJ-01A,1.0,0.0,0.0,0.0,0.0
6,122486479,+,6,169860736,+,UVM,1836,TCGA-VD-A8KJ-01A,TCGA-VD-A8KJ-01A,1.0,0.0,0.0,0.0,0.0
6,122673382,+,6,147906555,-,UVM,1837,TCGA-VD-A8KJ-01A,TCGA-VD-A8KJ-01A,1.0,0.0,0.0,0.0,0.0
6,122903595,+,6,123257752,+,UVM,1838,TCGA-VD-A8KJ-01A,TCGA-VD-A8KJ-01A,1.0,0.0,0.0,0.0,0.0
6,123056378,-,6,123345012,-,UVM,1839,TCGA-VD-A8KJ-01A,TCGA-VD-A8KJ-01A,1.0,0.0,0.0,0.0,0.0
6,123091216,+,6,138851898,-,UVM,1840,TCGA-VD-A8KJ-01A,TCGA-VD-A8KJ-01A,1.0,0.0,0.0,0.0,0.0
6,123094497,-,6,151976501,-,UVM,1841,TCGA-VD-A8KJ-01A,TCGA-VD-A8KJ-01A,1.0,0.0,0.0,0.0,0.0
6,123177353,-,6,165620771,+,UVM,1842,TCGA-VD-A8KJ-01A,TCGA-VD-A8KJ-01A,1.0,0.0,0.0,0.0,0.0
6,123187987,+,6,170323135,+,UVM,1843,TCGA-VD-A8KJ-01A,TCGA-VD-A8KJ-01A,1.0,0.0,0.0,0.0,0.0
6,123188013,-,6,160401479,-,UVM,1844,TCGA-VD-A8KJ-01A,TCGA-VD-A8KJ-01A,1.0,0.0,0.0,0.0,0.0
6,123203818,+,6,148747223,+,UVM,1845,TCGA-VD-A8KJ-01A,TCGA-VD-A8KJ-01A,1.0,0.0,0.0,0.0,0.0
6,123256056,-,6,124032947,+,UVM,1846,TCGA-VD-A8KJ-01A,TCGA-VD-A8KJ-01A,1.0,0.0,0.0,0.0,0.0
6,123387725,+,6,124643232,-,UVM,1847,TCGA-VD-A8KJ-01A,TCGA-VD-A8KJ-01A,1.0,0.0,0.0,0.0,0.0
6,123426368,-,6,123808788,+,UVM,1848,TCGA-VD-A8KJ-01A,TCGA-VD-A8KJ-01A,1.0,0.0,0.0,0.0,0.0
6,123442072,+,6,170314838,-,UVM,1849,TCGA-VD-A8KJ-01A,TCGA-VD-A8KJ-01A,1.0,0.0,0.0,0.0,0.0
6,123467912,+,6,164253299,-,UVM,1850,TCGA-VD-A8KJ-01A,TCGA-VD-A8KJ-01A,1.0,0.0,0.0,0.0,0.0
6,123607133,+,6,123685067,+,UVM,1851,TCGA-VD-A8KJ-01A,TCGA-VD-A8KJ-01A,1.0,0.0,0.0,0.0,0.0
6,123675163,-,6,163781601,+,UVM,1852,TCGA-VD-A8KJ-01A,TCGA-VD-A8KJ-01A,1.0,0.0,0.0,0.0,0.0
6,123733385,+,6,160193823,+,UVM,1853,TCGA-VD-A8KJ-01A,TCGA-VD-A8KJ-01A,1.0,0.0,0.0,0.0,0.0
6,123801184,-,6,164793475,+,UVM,1854,TCGA-VD-A8KJ-01A,TCGA-VD-A8KJ-01A,1.0,0.0,0.0,0.0,0.0
6,123816217,-,6,169661022,-,UVM,1855,TCGA-VD-A8KJ-01A,TCGA-VD-A8KJ-01A,1.0,0.0,0.0,0.0,0.0
6,123926633,+,6,123958083,+,UVM,1856,TCGA-VD-A8KJ-01A,TCGA-VD-A8KJ-01A,1.0,0.0,0.0,0.0,0.0
6,123928809,-,6,164258594,+,UVM,1857,TCGA-VD-A8KJ-01A,TCGA-VD-A8KJ-01A,1.0,0.0,0.0,0.0,0.0
6,124016651,-,6,124231497,+,UVM,1858,TCGA-VD-A8KJ-01A,TCGA-VD-A8KJ-01A,1.0,0.0,0.0,0.0,0.0
6,124036177,-,6,127758093,-,UVM,1859,TCGA-VD-A8KJ-01A,TCGA-VD-A8KJ-01A,1.0,0.0,0.0,0.0,0.0
6,124048267,+,6,148566546,+,UVM,1860,TCGA-VD-A8KJ-01A,TCGA-VD-A8KJ-01A,1.0,0.0,0.0,0.0,0.0
6,124100018,-,6,148560312,-,UVM,1861,TCGA-VD-A8KJ-01A,TCGA-VD-A8KJ-01A,1.0,0.0,0.0,0.0,0.0
6,124131487,+,6,169829030,-,UVM,1862,TCGA-VD-A8KJ-01A,TCGA-VD-A8KJ-01A,1.0,0.0,0.0,0.0,0.0
6,124198871,-,6,147694467,-,UVM,1863,TCGA-VD-A8KJ-01A,TCGA-VD-A8KJ-01A,1.0,0.0,0.0,0.0,0.0
6,124402971,-,6,139627674,+,UVM,1864,TCGA-VD-A8KJ-01A,TCGA-VD-A8KJ-01A,1.0,0.0,0.0,0.0,0.0
6,124404857,+,6,148294773,-,UVM,1865,TCGA-VD-A8KJ-01A,TCGA-VD-A8KJ-01A,1.0,0.0,0.0,0.0,0.0
6,124578490,-,6,149929240,-,UVM,1866,TCGA-VD-A8KJ-01A,TCGA-VD-A8KJ-01A,1.0,0.0,0.0,0.0,0.0
6,124588161,+,6,163979190,-,UVM,1867,TCGA-VD-A8KJ-01A,TCGA-VD-A8KJ-01A,1.0,0.0,0.0,0.0,0.0
6,124652114,-,6,149130857,+,UVM,1868,TCGA-VD-A8KJ-01A,TCGA-VD-A8KJ-01A,1.0,0.0,0.0,0.0,0.0
6,124655372,+,6,154281362,+,UVM,1869,TCGA-VD-A8KJ-01A,TCGA-VD-A8KJ-01A,1.0,0.0,0.0,0.0,0.0
6,124823020,-,6,159182641,+,UVM,1870,TCGA-VD-A8KJ-01A,TCGA-VD-A8KJ-01A,1.0,0.0,0.0,0.0,0.0
6,124833403,+,6,158300527,+,UVM,1871,TCGA-VD-A8KJ-01A,TCGA-VD-A8KJ-01A,1.0,0.0,0.0,0.0,0.0
6,125054949,-,6,141294311,-,UVM,1872,TCGA-VD-A8KJ-01A,TCGA-VD-A8KJ-01A,1.0,0.0,0.0,0.0,0.0
6,125081189,+,6,125240225,+,UVM,1873,TCGA-VD-A8KJ-01A,TCGA-VD-A8KJ-01A,1.0,0.0,0.0,0.0,0.0
6,125883442,+,6,158708333,-,UVM,1874,TCGA-VD-A8KJ-01A,TCGA-VD-A8KJ-01A,1.0,0.0,0.0,0.0,0.0
6,126016116,-,6,132796340,-,UVM,1875,TCGA-VD-A8KJ-01A,TCGA-VD-A8KJ-01A,1.0,0.0,0.0,0.0,0.0
6,126069627,+,6,126490241,-,UVM,1876,TCGA-VD-A8KJ-01A,TCGA-VD-A8KJ-01A,1.0,0.0,0.0,0.0,0.0
6,126096725,-,6,127381172,+,UVM,1877,TCGA-VD-A8KJ-01A,TCGA-VD-A8KJ-01A,1.0,0.0,0.0,0.0,0.0
6,126102963,+,6,126598382,-,UVM,1878,TCGA-VD-A8KJ-01A,TCGA-VD-A8KJ-01A,1.0,0.0,0.0,0.0,0.0
6,126445476,+,6,136653185,+,UVM,1879,TCGA-VD-A8KJ-01A,TCGA-VD-A8KJ-01A,1.0,0.0,0.0,0.0,0.0
6,126510834,+,6,154559689,-,UVM,1880,TCGA-VD-A8KJ-01A,TCGA-VD-A8KJ-01A,1.0,0.0,0.0,0.0,0.0
6,126715066,+,6,127597837,-,UVM,1881,TCGA-VD-A8KJ-01A,TCGA-VD-A8KJ-01A,1.0,0.0,0.0,0.0,0.0
6,126738697,+,6,142542721,-,UVM,1882,TCGA-VD-A8KJ-01A,TCGA-VD-A8KJ-01A,1.0,0.0,0.0,0.0,0.0
6,126817440,-,6,157363265,+,UVM,1883,TCGA-VD-A8KJ-01A,TCGA-VD-A8KJ-01A,1.0,0.0,0.0,0.0,0.0
6,126817966,+,6,157665510,-,UVM,1884,TCGA-VD-A8KJ-01A,TCGA-VD-A8KJ-01A,1.0,0.0,0.0,0.0,0.0
6,126891402,-,6,157261712,-,UVM,1885,TCGA-VD-A8KJ-01A,TCGA-VD-A8KJ-01A,1.0,0.0,0.0,0.0,0.0
6,126965617,+,6,152772918,+,UVM,1886,TCGA-VD-A8KJ-01A,TCGA-VD-A8KJ-01A,1.0,0.0,0.0,0.0,0.0
6,127236587,-,6,151083984,+,UVM,1887,TCGA-VD-A8KJ-01A,TCGA-VD-A8KJ-01A,1.0,0.0,0.0,0.0,0.0
6,127328510,+,6,157103773,-,UVM,1888,TCGA-VD-A8KJ-01A,TCGA-VD-A8KJ-01A,1.0,0.0,0.0,0.0,0.0
6,127356031,-,6,127434496,-,UVM,1889,TCGA-VD-A8KJ-01A,TCGA-VD-A8KJ-01A,1.0,0.0,0.0,0.0,0.0
6,127381860,-,6,127507927,-,UVM,1890,TCGA-VD-A8KJ-01A,TCGA-VD-A8KJ-01A,1.0,0.0,0.0,0.0,0.0
6,127492909,+,6,136535888,+,UVM,1891,TCGA-VD-A8KJ-01A,TCGA-VD-A8KJ-01A,1.0,0.0,0.0,0.0,0.0
6,127573082,+,6,137219352,+,UVM,1892,TCGA-VD-A8KJ-01A,TCGA-VD-A8KJ-01A,1.0,0.0,0.0,0.0,0.0
6,127592636,+,6,133478139,+,UVM,1893,TCGA-VD-A8KJ-01A,TCGA-VD-A8KJ-01A,1.0,0.0,0.0,0.0,0.0
6,127628700,+,6,154922679,+,UVM,1894,TCGA-VD-A8KJ-01A,TCGA-VD-A8KJ-01A,1.0,0.0,0.0,0.0,0.0
6,127922753,-,6,128014271,+,UVM,1895,TCGA-VD-A8KJ-01A,TCGA-VD-A8KJ-01A,1.0,0.0,0.0,0.0,0.0
6,127992687,+,6,138390812,-,UVM,1896,TCGA-VD-A8KJ-01A,TCGA-VD-A8KJ-01A,1.0,0.0,0.0,0.0,0.0
6,127995038,-,6,141476159,-,UVM,1897,TCGA-VD-A8KJ-01A,TCGA-VD-A8KJ-01A,1.0,0.0,0.0,0.0,0.0
6,128003717,+,6,128651132,+,UVM,1898,TCGA-VD-A8KJ-01A,TCGA-VD-A8KJ-01A,1.0,0.0,0.0,0.0,0.0
6,128094796,-,6,151121673,+,UVM,1899,TCGA-VD-A8KJ-01A,TCGA-VD-A8KJ-01A,1.0,0.0,0.0,0.0,0.0
6,128423314,+,6,156687253,+,UVM,1900,TCGA-VD-A8KJ-01A,TCGA-VD-A8KJ-01A,1.0,0.0,0.0,0.0,0.0
6,128479857,-,6,128576215,+,UVM,1901,TCGA-VD-A8KJ-01A,TCGA-VD-A8KJ-01A,1.0,0.0,0.0,0.0,0.0
6,128523725,-,6,128580381,-,UVM,1902,TCGA-VD-A8KJ-01A,TCGA-VD-A8KJ-01A,1.0,0.0,0.0,0.0,0.0
6,128644128,+,6,129235945,-,UVM,1903,TCGA-VD-A8KJ-01A,TCGA-VD-A8KJ-01A,1.0,0.0,0.0,0.0,0.0
6,129202506,+,6,139116784,-,UVM,1904,TCGA-VD-A8KJ-01A,TCGA-VD-A8KJ-01A,1.0,0.0,0.0,0.0,0.0
6,129331231,+,8,52195479,+,UVM,1905,TCGA-VD-A8KJ-01A,TCGA-VD-A8KJ-01A,1.0,0.0,0.0,0.0,0.0
6,129654653,+,6,129981273,-,UVM,1906,TCGA-VD-A8KJ-01A,TCGA-VD-A8KJ-01A,1.0,0.0,0.0,0.0,0.0
6,129718587,-,6,160289164,+,UVM,1907,TCGA-VD-A8KJ-01A,TCGA-VD-A8KJ-01A,1.0,0.0,0.0,0.0,0.0
6,129799527,+,6,129809317,+,UVM,1908,TCGA-VD-A8KJ-01A,TCGA-VD-A8KJ-01A,1.0,0.0,0.0,0.0,0.0
6,129863505,+,6,162783639,-,UVM,1909,TCGA-VD-A8KJ-01A,TCGA-VD-A8KJ-01A,1.0,0.0,0.0,0.0,0.0
6,129873875,-,6,162707299,-,UVM,1910,TCGA-VD-A8KJ-01A,TCGA-VD-A8KJ-01A,1.0,0.0,0.0,0.0,0.0
6,132179535,-,6,155530044,-,UVM,1911,TCGA-VD-A8KJ-01A,TCGA-VD-A8KJ-01A,1.0,0.0,0.0,0.0,0.0
6,132188405,+,6,155220817,+,UVM,1912,TCGA-VD-A8KJ-01A,TCGA-VD-A8KJ-01A,1.0,0.0,0.0,0.0,0.0
6,132271907,+,6,155186867,-,UVM,1913,TCGA-VD-A8KJ-01A,TCGA-VD-A8KJ-01A,1.0,0.0,0.0,0.0,0.0
6,132408822,+,6,132472968,+,UVM,1914,TCGA-VD-A8KJ-01A,TCGA-VD-A8KJ-01A,1.0,0.0,0.0,0.0,0.0
6,132417019,-,6,134816675,-,UVM,1915,TCGA-VD-A8KJ-01A,TCGA-VD-A8KJ-01A,1.0,0.0,0.0,0.0,0.0
6,132497206,-,6,150272286,+,UVM,1916,TCGA-VD-A8KJ-01A,TCGA-VD-A8KJ-01A,1.0,0.0,0.0,0.0,0.0
6,132499483,+,6,150354594,-,UVM,1917,TCGA-VD-A8KJ-01A,TCGA-VD-A8KJ-01A,1.0,0.0,0.0,0.0,0.0
6,132533506,-,6,137296664,-,UVM,1918,TCGA-VD-A8KJ-01A,TCGA-VD-A8KJ-01A,1.0,0.0,0.0,0.0,0.0
6,132712615,-,6,136951090,-,UVM,1919,TCGA-VD-A8KJ-01A,TCGA-VD-A8KJ-01A,1.0,0.0,0.0,0.0,0.0
6,132757749,+,6,136910658,+,UVM,1920,TCGA-VD-A8KJ-01A,TCGA-VD-A8KJ-01A,1.0,0.0,0.0,0.0,0.0
6,132759813,-,6,133110633,+,UVM,1921,TCGA-VD-A8KJ-01A,TCGA-VD-A8KJ-01A,1.0,0.0,0.0,0.0,0.0
6,132771013,+,6,133325234,+,UVM,1922,TCGA-VD-A8KJ-01A,TCGA-VD-A8KJ-01A,1.0,0.0,0.0,0.0,0.0
6,132781019,-,6,135106085,+,UVM,1923,TCGA-VD-A8KJ-01A,TCGA-VD-A8KJ-01A,1.0,0.0,0.0,0.0,0.0
6,132821638,+,6,136312004,+,UVM,1924,TCGA-VD-A8KJ-01A,TCGA-VD-A8KJ-01A,1.0,0.0,0.0,0.0,0.0
6,132845367,-,6,136124857,-,UVM,1925,TCGA-VD-A8KJ-01A,TCGA-VD-A8KJ-01A,1.0,0.0,0.0,0.0,0.0
6,132972054,-,6,133034718,+,UVM,1926,TCGA-VD-A8KJ-01A,TCGA-VD-A8KJ-01A,1.0,0.0,0.0,0.0,0.0
6,132982006,-,6,135920795,-,UVM,1927,TCGA-VD-A8KJ-01A,TCGA-VD-A8KJ-01A,1.0,0.0,0.0,0.0,0.0
6,133140047,-,6,154990017,-,UVM,1928,TCGA-VD-A8KJ-01A,TCGA-VD-A8KJ-01A,1.0,0.0,0.0,0.0,0.0
6,133146950,-,6,135064592,-,UVM,1929,TCGA-VD-A8KJ-01A,TCGA-VD-A8KJ-01A,1.0,0.0,0.0,0.0,0.0
6,133205157,+,6,137571379,-,UVM,1930,TCGA-VD-A8KJ-01A,TCGA-VD-A8KJ-01A,1.0,0.0,0.0,0.0,0.0
6,133309059,-,6,137590303,-,UVM,1931,TCGA-VD-A8KJ-01A,TCGA-VD-A8KJ-01A,1.0,0.0,0.0,0.0,0.0
6,133362989,-,6,137282492,+,UVM,1932,TCGA-VD-A8KJ-01A,TCGA-VD-A8KJ-01A,1.0,0.0,0.0,0.0,0.0
6,133753094,+,6,134277110,+,UVM,1933,TCGA-VD-A8KJ-01A,TCGA-VD-A8KJ-01A,1.0,0.0,0.0,0.0,0.0
6,134479695,+,6,135721082,-,UVM,1934,TCGA-VD-A8KJ-01A,TCGA-VD-A8KJ-01A,1.0,0.0,0.0,0.0,0.0
6,134638271,+,6,155189316,+,UVM,1935,TCGA-VD-A8KJ-01A,TCGA-VD-A8KJ-01A,1.0,0.0,0.0,0.0,0.0
6,135110085,-,6,137569030,+,UVM,1936,TCGA-VD-A8KJ-01A,TCGA-VD-A8KJ-01A,1.0,0.0,0.0,0.0,0.0
6,135328690,-,6,135698978,+,UVM,1937,TCGA-VD-A8KJ-01A,TCGA-VD-A8KJ-01A,1.0,0.0,0.0,0.0,0.0
6,135662248,-,6,136144783,+,UVM,1938,TCGA-VD-A8KJ-01A,TCGA-VD-A8KJ-01A,1.0,0.0,0.0,0.0,0.0
6,135727365,+,6,135997777,+,UVM,1939,TCGA-VD-A8KJ-01A,TCGA-VD-A8KJ-01A,1.0,0.0,0.0,0.0,0.0
6,136595025,-,6,154615777,-,UVM,1940,TCGA-VD-A8KJ-01A,TCGA-VD-A8KJ-01A,1.0,0.0,0.0,0.0,0.0
6,136654804,-,6,157164336,-,UVM,1941,TCGA-VD-A8KJ-01A,TCGA-VD-A8KJ-01A,1.0,0.0,0.0,0.0,0.0
6,136662134,+,6,138883046,+,UVM,1942,TCGA-VD-A8KJ-01A,TCGA-VD-A8KJ-01A,1.0,0.0,0.0,0.0,0.0
6,136663961,-,6,159432599,+,UVM,1943,TCGA-VD-A8KJ-01A,TCGA-VD-A8KJ-01A,1.0,0.0,0.0,0.0,0.0
6,136664185,+,6,138904879,-,UVM,1944,TCGA-VD-A8KJ-01A,TCGA-VD-A8KJ-01A,1.0,0.0,0.0,0.0,0.0
6,136780702,-,6,147661135,+,UVM,1945,TCGA-VD-A8KJ-01A,TCGA-VD-A8KJ-01A,1.0,0.0,0.0,0.0,0.0
6,136834493,+,6,157554241,-,UVM,1946,TCGA-VD-A8KJ-01A,TCGA-VD-A8KJ-01A,1.0,0.0,0.0,0.0,0.0
6,136840378,+,6,146157130,-,UVM,1947,TCGA-VD-A8KJ-01A,TCGA-VD-A8KJ-01A,1.0,0.0,0.0,0.0,0.0
6,136906979,-,6,137020649,-,UVM,1948,TCGA-VD-A8KJ-01A,TCGA-VD-A8KJ-01A,1.0,0.0,0.0,0.0,0.0
6,137012597,+,6,137239069,-,UVM,1949,TCGA-VD-A8KJ-01A,TCGA-VD-A8KJ-01A,1.0,0.0,0.0,0.0,0.0
6,137035319,+,6,154909174,-,UVM,1950,TCGA-VD-A8KJ-01A,TCGA-VD-A8KJ-01A,1.0,0.0,0.0,0.0,0.0
6,137175696,-,6,137710595,+,UVM,1951,TCGA-VD-A8KJ-01A,TCGA-VD-A8KJ-01A,1.0,0.0,0.0,0.0,0.0
6,137410819,+,6,137837771,+,UVM,1952,TCGA-VD-A8KJ-01A,TCGA-VD-A8KJ-01A,1.0,0.0,0.0,0.0,0.0
6,137417940,-,6,155029388,+,UVM,1953,TCGA-VD-A8KJ-01A,TCGA-VD-A8KJ-01A,1.0,0.0,0.0,0.0,0.0
6,137968388,-,6,150269823,-,UVM,1954,TCGA-VD-A8KJ-01A,TCGA-VD-A8KJ-01A,1.0,0.0,0.0,0.0,0.0
6,137987014,+,6,154787160,-,UVM,1955,TCGA-VD-A8KJ-01A,TCGA-VD-A8KJ-01A,1.0,0.0,0.0,0.0,0.0
6,138540798,-,6,138660959,-,UVM,1956,TCGA-VD-A8KJ-01A,TCGA-VD-A8KJ-01A,1.0,0.0,0.0,0.0,0.0
6,138789002,-,6,154936571,-,UVM,1957,TCGA-VD-A8KJ-01A,TCGA-VD-A8KJ-01A,1.0,0.0,0.0,0.0,0.0
6,138859757,+,6,158978571,-,UVM,1958,TCGA-VD-A8KJ-01A,TCGA-VD-A8KJ-01A,1.0,0.0,0.0,0.0,0.0
6,138864118,-,6,153505040,+,UVM,1959,TCGA-VD-A8KJ-01A,TCGA-VD-A8KJ-01A,1.0,0.0,0.0,0.0,0.0
6,138886493,-,6,150350782,+,UVM,1960,TCGA-VD-A8KJ-01A,TCGA-VD-A8KJ-01A,1.0,0.0,0.0,0.0,0.0
6,138904880,-,6,159432599,+,UVM,1961,TCGA-VD-A8KJ-01A,TCGA-VD-A8KJ-01A,1.0,0.0,0.0,0.0,0.0
6,139091433,+,6,157259915,+,UVM,1962,TCGA-VD-A8KJ-01A,TCGA-VD-A8KJ-01A,1.0,0.0,0.0,0.0,0.0
6,139094482,-,6,145206899,-,UVM,1963,TCGA-VD-A8KJ-01A,TCGA-VD-A8KJ-01A,1.0,0.0,0.0,0.0,0.0
6,139256343,+,6,141311231,+,UVM,1964,TCGA-VD-A8KJ-01A,TCGA-VD-A8KJ-01A,1.0,0.0,0.0,0.0,0.0
6,139611360,-,6,144246370,-,UVM,1965,TCGA-VD-A8KJ-01A,TCGA-VD-A8KJ-01A,1.0,0.0,0.0,0.0,0.0
6,139616552,+,6,146681426,+,UVM,1966,TCGA-VD-A8KJ-01A,TCGA-VD-A8KJ-01A,1.0,0.0,0.0,0.0,0.0
6,140428014,-,6,145449031,+,UVM,1967,TCGA-VD-A8KJ-01A,TCGA-VD-A8KJ-01A,1.0,0.0,0.0,0.0,0.0
6,140564347,+,6,143542248,-,UVM,1968,TCGA-VD-A8KJ-01A,TCGA-VD-A8KJ-01A,1.0,0.0,0.0,0.0,0.0
6,140725726,-,6,144191350,+,UVM,1969,TCGA-VD-A8KJ-01A,TCGA-VD-A8KJ-01A,1.0,0.0,0.0,0.0,0.0
6,140752936,-,6,143612622,+,UVM,1970,TCGA-VD-A8KJ-01A,TCGA-VD-A8KJ-01A,1.0,0.0,0.0,0.0,0.0
6,140770219,+,6,141056179,+,UVM,1971,TCGA-VD-A8KJ-01A,TCGA-VD-A8KJ-01A,1.0,0.0,0.0,0.0,0.0
6,140778798,-,6,146193057,+,UVM,1972,TCGA-VD-A8KJ-01A,TCGA-VD-A8KJ-01A,1.0,0.0,0.0,0.0,0.0
6,140995765,+,6,143879636,+,UVM,1973,TCGA-VD-A8KJ-01A,TCGA-VD-A8KJ-01A,1.0,0.0,0.0,0.0,0.0
6,141001550,-,6,143898400,+,UVM,1974,TCGA-VD-A8KJ-01A,TCGA-VD-A8KJ-01A,1.0,0.0,0.0,0.0,0.0
6,141613985,-,6,141679363,-,UVM,1975,TCGA-VD-A8KJ-01A,TCGA-VD-A8KJ-01A,1.0,0.0,0.0,0.0,0.0
6,141618621,+,6,145080241,+,UVM,1976,TCGA-VD-A8KJ-01A,TCGA-VD-A8KJ-01A,1.0,0.0,0.0,0.0,0.0
6,141691293,+,6,141694917,-,UVM,1977,TCGA-VD-A8KJ-01A,TCGA-VD-A8KJ-01A,1.0,0.0,0.0,0.0,0.0
6,141738536,+,6,143812495,-,UVM,1978,TCGA-VD-A8KJ-01A,TCGA-VD-A8KJ-01A,1.0,0.0,0.0,0.0,0.0
6,142132896,-,6,143253283,+,UVM,1979,TCGA-VD-A8KJ-01A,TCGA-VD-A8KJ-01A,1.0,0.0,0.0,0.0,0.0
6,142207292,+,6,142829762,+,UVM,1980,TCGA-VD-A8KJ-01A,TCGA-VD-A8KJ-01A,1.0,0.0,0.0,0.0,0.0
6,142601558,+,6,144302016,-,UVM,1981,TCGA-VD-A8KJ-01A,TCGA-VD-A8KJ-01A,1.0,0.0,0.0,0.0,0.0
6,142672661,-,6,142824392,-,UVM,1982,TCGA-VD-A8KJ-01A,TCGA-VD-A8KJ-01A,1.0,0.0,0.0,0.0,0.0
6,143203649,+,6,143423899,+,UVM,1983,TCGA-VD-A8KJ-01A,TCGA-VD-A8KJ-01A,1.0,0.0,0.0,0.0,0.0
6,143508343,+,6,144586396,+,UVM,1984,TCGA-VD-A8KJ-01A,TCGA-VD-A8KJ-01A,1.0,0.0,0.0,0.0,0.0
6,143596804,-,6,144594069,-,UVM,1985,TCGA-VD-A8KJ-01A,TCGA-VD-A8KJ-01A,1.0,0.0,0.0,0.0,0.0
6,143771197,-,6,145260662,+,UVM,1986,TCGA-VD-A8KJ-01A,TCGA-VD-A8KJ-01A,1.0,0.0,0.0,0.0,0.0
6,143805171,+,6,144562498,-,UVM,1987,TCGA-VD-A8KJ-01A,TCGA-VD-A8KJ-01A,1.0,0.0,0.0,0.0,0.0
6,143883078,-,6,144265380,+,UVM,1988,TCGA-VD-A8KJ-01A,TCGA-VD-A8KJ-01A,1.0,0.0,0.0,0.0,0.0
6,144160369,-,6,144641961,+,UVM,1989,TCGA-VD-A8KJ-01A,TCGA-VD-A8KJ-01A,1.0,0.0,0.0,0.0,0.0
6,144376421,+,6,144802759,+,UVM,1990,TCGA-VD-A8KJ-01A,TCGA-VD-A8KJ-01A,1.0,0.0,0.0,0.0,0.0
6,144504015,+,6,146657049,-,UVM,1991,TCGA-VD-A8KJ-01A,TCGA-VD-A8KJ-01A,1.0,0.0,0.0,0.0,0.0
6,144646637,-,6,144660666,-,UVM,1992,TCGA-VD-A8KJ-01A,TCGA-VD-A8KJ-01A,1.0,0.0,0.0,0.0,0.0
6,144769094,-,6,144828734,-,UVM,1993,TCGA-VD-A8KJ-01A,TCGA-VD-A8KJ-01A,1.0,0.0,0.0,0.0,0.0
6,146010269,+,6,146752907,-,UVM,1994,TCGA-VD-A8KJ-01A,TCGA-VD-A8KJ-01A,1.0,0.0,0.0,0.0,0.0
6,146771341,+,6,146961224,-,UVM,1995,TCGA-VD-A8KJ-01A,TCGA-VD-A8KJ-01A,1.0,0.0,0.0,0.0,0.0
6,146973501,+,6,165418386,+,UVM,1996,TCGA-VD-A8KJ-01A,TCGA-VD-A8KJ-01A,1.0,0.0,0.0,0.0,0.0
6,146978161,-,6,147435655,+,UVM,1997,TCGA-VD-A8KJ-01A,TCGA-VD-A8KJ-01A,1.0,0.0,0.0,0.0,0.0
6,147126415,-,6,151366915,+,UVM,1998,TCGA-VD-A8KJ-01A,TCGA-VD-A8KJ-01A,1.0,0.0,0.0,0.0,0.0
6,147136717,+,6,159664097,-,UVM,1999,TCGA-VD-A8KJ-01A,TCGA-VD-A8KJ-01A,1.0,0.0,0.0,0.0,0.0
6,147144496,-,6,149753578,-,UVM,2000,TCGA-VD-A8KJ-01A,TCGA-VD-A8KJ-01A,1.0,0.0,0.0,0.0,0.0
6,147203683,+,6,163942507,+,UVM,2001,TCGA-VD-A8KJ-01A,TCGA-VD-A8KJ-01A,1.0,0.0,0.0,0.0,0.0
6,147372507,-,6,147955543,-,UVM,2002,TCGA-VD-A8KJ-01A,TCGA-VD-A8KJ-01A,1.0,0.0,0.0,0.0,0.0
6,147571436,+,6,159140207,+,UVM,2003,TCGA-VD-A8KJ-01A,TCGA-VD-A8KJ-01A,1.0,0.0,0.0,0.0,0.0
6,147634862,-,6,160187375,-,UVM,2004,TCGA-VD-A8KJ-01A,TCGA-VD-A8KJ-01A,1.0,0.0,0.0,0.0,0.0
6,147647554,+,6,159207686,+,UVM,2005,TCGA-VD-A8KJ-01A,TCGA-VD-A8KJ-01A,1.0,0.0,0.0,0.0,0.0
6,147649587,-,6,159739687,-,UVM,2006,TCGA-VD-A8KJ-01A,TCGA-VD-A8KJ-01A,1.0,0.0,0.0,0.0,0.0
6,147700674,+,6,159893158,+,UVM,2007,TCGA-VD-A8KJ-01A,TCGA-VD-A8KJ-01A,1.0,0.0,0.0,0.0,0.0
6,147703293,-,6,165518888,-,UVM,2008,TCGA-VD-A8KJ-01A,TCGA-VD-A8KJ-01A,1.0,0.0,0.0,0.0,0.0
6,147706865,+,6,150966965,-,UVM,2009,TCGA-VD-A8KJ-01A,TCGA-VD-A8KJ-01A,1.0,0.0,0.0,0.0,0.0
6,147943940,+,6,159123314,-,UVM,2010,TCGA-VD-A8KJ-01A,TCGA-VD-A8KJ-01A,1.0,0.0,0.0,0.0,0.0
6,148091434,-,6,148669695,+,UVM,2011,TCGA-VD-A8KJ-01A,TCGA-VD-A8KJ-01A,1.0,0.0,0.0,0.0,0.0
6,148131833,+,6,163944275,-,UVM,2012,TCGA-VD-A8KJ-01A,TCGA-VD-A8KJ-01A,1.0,0.0,0.0,0.0,0.0
6,148309892,+,6,148698099,+,UVM,2013,TCGA-VD-A8KJ-01A,TCGA-VD-A8KJ-01A,1.0,0.0,0.0,0.0,0.0
6,148514965,-,6,169880505,+,UVM,2014,TCGA-VD-A8KJ-01A,TCGA-VD-A8KJ-01A,1.0,0.0,0.0,0.0,0.0
6,148558589,+,6,169198304,+,UVM,2015,TCGA-VD-A8KJ-01A,TCGA-VD-A8KJ-01A,1.0,0.0,0.0,0.0,0.0
6,148589457,-,6,148672485,-,UVM,2016,TCGA-VD-A8KJ-01A,TCGA-VD-A8KJ-01A,1.0,0.0,0.0,0.0,0.0
6,148799806,-,6,151738312,+,UVM,2017,TCGA-VD-A8KJ-01A,TCGA-VD-A8KJ-01A,1.0,0.0,0.0,0.0,0.0
6,148949196,-,6,149755272,+,UVM,2018,TCGA-VD-A8KJ-01A,TCGA-VD-A8KJ-01A,1.0,0.0,0.0,0.0,0.0
6,148975069,+,6,149404378,+,UVM,2019,TCGA-VD-A8KJ-01A,TCGA-VD-A8KJ-01A,1.0,0.0,0.0,0.0,0.0
6,149073879,-,6,163547515,+,UVM,2020,TCGA-VD-A8KJ-01A,TCGA-VD-A8KJ-01A,1.0,0.0,0.0,0.0,0.0
6,149277773,-,6,163936081,-,UVM,2021,TCGA-VD-A8KJ-01A,TCGA-VD-A8KJ-01A,1.0,0.0,0.0,0.0,0.0
6,149324727,+,6,159550645,-,UVM,2022,TCGA-VD-A8KJ-01A,TCGA-VD-A8KJ-01A,1.0,0.0,0.0,0.0,0.0
6,149328063,-,6,164787468,-,UVM,2023,TCGA-VD-A8KJ-01A,TCGA-VD-A8KJ-01A,1.0,0.0,0.0,0.0,0.0
6,149861556,+,6,163454833,-,UVM,2024,TCGA-VD-A8KJ-01A,TCGA-VD-A8KJ-01A,1.0,0.0,0.0,0.0,0.0
6,149891857,-,6,164802085,-,UVM,2025,TCGA-VD-A8KJ-01A,TCGA-VD-A8KJ-01A,1.0,0.0,0.0,0.0,0.0
6,149926845,+,6,165007424,+,UVM,2026,TCGA-VD-A8KJ-01A,TCGA-VD-A8KJ-01A,1.0,0.0,0.0,0.0,0.0
6,149940702,+,6,164230985,-,UVM,2027,TCGA-VD-A8KJ-01A,TCGA-VD-A8KJ-01A,1.0,0.0,0.0,0.0,0.0
6,149941702,-,6,154047013,+,UVM,2028,TCGA-VD-A8KJ-01A,TCGA-VD-A8KJ-01A,1.0,0.0,0.0,0.0,0.0
6,150011741,+,6,150365662,-,UVM,2029,TCGA-VD-A8KJ-01A,TCGA-VD-A8KJ-01A,1.0,0.0,0.0,0.0,0.0
6,150195403,-,6,150299715,-,UVM,2030,TCGA-VD-A8KJ-01A,TCGA-VD-A8KJ-01A,1.0,0.0,0.0,0.0,0.0
6,150263977,+,6,156687576,-,UVM,2031,TCGA-VD-A8KJ-01A,TCGA-VD-A8KJ-01A,1.0,0.0,0.0,0.0,0.0
6,150363165,+,6,158979467,+,UVM,2032,TCGA-VD-A8KJ-01A,TCGA-VD-A8KJ-01A,1.0,0.0,0.0,0.0,0.0
6,150682239,+,6,154367913,+,UVM,2033,TCGA-VD-A8KJ-01A,TCGA-VD-A8KJ-01A,1.0,0.0,0.0,0.0,0.0
6,150781181,+,6,158845896,-,UVM,2034,TCGA-VD-A8KJ-01A,TCGA-VD-A8KJ-01A,1.0,0.0,0.0,0.0,0.0
6,150782212,-,6,151711978,+,UVM,2035,TCGA-VD-A8KJ-01A,TCGA-VD-A8KJ-01A,1.0,0.0,0.0,0.0,0.0
6,151290753,+,6,158029271,+,UVM,2036,TCGA-VD-A8KJ-01A,TCGA-VD-A8KJ-01A,1.0,0.0,0.0,0.0,0.0
6,151294011,-,6,151518519,-,UVM,2037,TCGA-VD-A8KJ-01A,TCGA-VD-A8KJ-01A,1.0,0.0,0.0,0.0,0.0
6,152243750,+,6,164803606,+,UVM,2038,TCGA-VD-A8KJ-01A,TCGA-VD-A8KJ-01A,1.0,0.0,0.0,0.0,0.0
6,152397878,+,6,159480704,-,UVM,2039,TCGA-VD-A8KJ-01A,TCGA-VD-A8KJ-01A,1.0,0.0,0.0,0.0,0.0
6,153049532,-,6,153963806,-,UVM,2040,TCGA-VD-A8KJ-01A,TCGA-VD-A8KJ-01A,1.0,0.0,0.0,0.0,0.0
6,153845653,-,6,154782192,+,UVM,2041,TCGA-VD-A8KJ-01A,TCGA-VD-A8KJ-01A,1.0,0.0,0.0,0.0,0.0
6,153903424,-,6,154611341,+,UVM,2042,TCGA-VD-A8KJ-01A,TCGA-VD-A8KJ-01A,1.0,0.0,0.0,0.0,0.0
6,154043541,-,6,154233469,-,UVM,2043,TCGA-VD-A8KJ-01A,TCGA-VD-A8KJ-01A,1.0,0.0,0.0,0.0,0.0
6,154163866,+,6,157381175,-,UVM,2044,TCGA-VD-A8KJ-01A,TCGA-VD-A8KJ-01A,1.0,0.0,0.0,0.0,0.0
6,154452815,+,6,154644796,-,UVM,2045,TCGA-VD-A8KJ-01A,TCGA-VD-A8KJ-01A,1.0,0.0,0.0,0.0,0.0
6,155334128,+,6,155694609,+,UVM,2046,TCGA-VD-A8KJ-01A,TCGA-VD-A8KJ-01A,1.0,0.0,0.0,0.0,0.0
6,155457864,-,6,155647575,-,UVM,2047,TCGA-VD-A8KJ-01A,TCGA-VD-A8KJ-01A,1.0,0.0,0.0,0.0,0.0
6,155608997,+,6,156680768,-,UVM,2048,TCGA-VD-A8KJ-01A,TCGA-VD-A8KJ-01A,1.0,0.0,0.0,0.0,0.0
6,157525789,+,6,157700814,+,UVM,2049,TCGA-VD-A8KJ-01A,TCGA-VD-A8KJ-01A,1.0,0.0,0.0,0.0,0.0
6,157893712,+,6,163552499,-,UVM,2050,TCGA-VD-A8KJ-01A,TCGA-VD-A8KJ-01A,1.0,0.0,0.0,0.0,0.0
6,157997091,-,6,159317118,-,UVM,2051,TCGA-VD-A8KJ-01A,TCGA-VD-A8KJ-01A,1.0,0.0,0.0,0.0,0.0
6,158001763,+,6,164248220,+,UVM,2052,TCGA-VD-A8KJ-01A,TCGA-VD-A8KJ-01A,1.0,0.0,0.0,0.0,0.0
6,158158225,-,6,170426692,+,UVM,2053,TCGA-VD-A8KJ-01A,TCGA-VD-A8KJ-01A,1.0,0.0,0.0,0.0,0.0
6,158183380,+,6,163588762,+,UVM,2054,TCGA-VD-A8KJ-01A,TCGA-VD-A8KJ-01A,1.0,0.0,0.0,0.0,0.0
6,158591319,-,6,158758173,-,UVM,2055,TCGA-VD-A8KJ-01A,TCGA-VD-A8KJ-01A,1.0,0.0,0.0,0.0,0.0
6,158653239,+,6,158907964,-,UVM,2056,TCGA-VD-A8KJ-01A,TCGA-VD-A8KJ-01A,1.0,0.0,0.0,0.0,0.0
6,158963474,+,6,160095244,-,UVM,2057,TCGA-VD-A8KJ-01A,TCGA-VD-A8KJ-01A,1.0,0.0,0.0,0.0,0.0
6,159143582,-,6,159827447,-,UVM,2058,TCGA-VD-A8KJ-01A,TCGA-VD-A8KJ-01A,1.0,0.0,0.0,0.0,0.0
6,159194272,-,6,164265703,-,UVM,2059,TCGA-VD-A8KJ-01A,TCGA-VD-A8KJ-01A,1.0,0.0,0.0,0.0,0.0
6,159415003,+,6,159420487,-,UVM,2060,TCGA-VD-A8KJ-01A,TCGA-VD-A8KJ-01A,1.0,0.0,0.0,0.0,0.0
6,159643025,+,6,159763281,+,UVM,2061,TCGA-VD-A8KJ-01A,TCGA-VD-A8KJ-01A,1.0,0.0,0.0,0.0,0.0
6,159732790,+,6,159899201,-,UVM,2062,TCGA-VD-A8KJ-01A,TCGA-VD-A8KJ-01A,1.0,0.0,0.0,0.0,0.0
6,159937994,+,6,163596613,-,UVM,2063,TCGA-VD-A8KJ-01A,TCGA-VD-A8KJ-01A,1.0,0.0,0.0,0.0,0.0
6,160247334,-,6,160488015,-,UVM,2064,TCGA-VD-A8KJ-01A,TCGA-VD-A8KJ-01A,1.0,0.0,0.0,0.0,0.0
6,160534383,+,6,169660025,+,UVM,2065,TCGA-VD-A8KJ-01A,TCGA-VD-A8KJ-01A,1.0,0.0,0.0,0.0,0.0
6,161171963,-,6,161437856,+,UVM,2066,TCGA-VD-A8KJ-01A,TCGA-VD-A8KJ-01A,1.0,0.0,0.0,0.0,0.0
6,161210171,+,6,169615637,-,UVM,2067,TCGA-VD-A8KJ-01A,TCGA-VD-A8KJ-01A,1.0,0.0,0.0,0.0,0.0
6,161350980,+,6,167981227,-,UVM,2068,TCGA-VD-A8KJ-01A,TCGA-VD-A8KJ-01A,1.0,0.0,0.0,0.0,0.0
6,161359781,-,6,169190222,-,UVM,2069,TCGA-VD-A8KJ-01A,TCGA-VD-A8KJ-01A,1.0,0.0,0.0,0.0,0.0
6,161369737,+,6,161381528,-,UVM,2070,TCGA-VD-A8KJ-01A,TCGA-VD-A8KJ-01A,1.0,0.0,0.0,0.0,0.0
6,161570485,+,6,161936429,-,UVM,2071,TCGA-VD-A8KJ-01A,TCGA-VD-A8KJ-01A,1.0,0.0,0.0,0.0,0.0
6,161803297,-,6,168442339,-,UVM,2072,TCGA-VD-A8KJ-01A,TCGA-VD-A8KJ-01A,1.0,0.0,0.0,0.0,0.0
6,161860580,+,6,162520119,+,UVM,2073,TCGA-VD-A8KJ-01A,TCGA-VD-A8KJ-01A,1.0,0.0,0.0,0.0,0.0
6,161925544,+,6,168319009,-,UVM,2074,TCGA-VD-A8KJ-01A,TCGA-VD-A8KJ-01A,1.0,0.0,0.0,0.0,0.0
6,161963235,-,6,168271579,+,UVM,2075,TCGA-VD-A8KJ-01A,TCGA-VD-A8KJ-01A,1.0,0.0,0.0,0.0,0.0
6,162035472,+,6,166672598,-,UVM,2076,TCGA-VD-A8KJ-01A,TCGA-VD-A8KJ-01A,1.0,0.0,0.0,0.0,0.0
6,162049266,-,6,166115900,-,UVM,2077,TCGA-VD-A8KJ-01A,TCGA-VD-A8KJ-01A,1.0,0.0,0.0,0.0,0.0
6,162122791,-,6,165820497,+,UVM,2078,TCGA-VD-A8KJ-01A,TCGA-VD-A8KJ-01A,1.0,0.0,0.0,0.0,0.0
6,162243358,+,6,162308008,+,UVM,2079,TCGA-VD-A8KJ-01A,TCGA-VD-A8KJ-01A,1.0,0.0,0.0,0.0,0.0
6,162318485,-,6,166568315,+,UVM,2080,TCGA-VD-A8KJ-01A,TCGA-VD-A8KJ-01A,1.0,0.0,0.0,0.0,0.0
6,162373193,-,6,162606678,+,UVM,2081,TCGA-VD-A8KJ-01A,TCGA-VD-A8KJ-01A,1.0,0.0,0.0,0.0,0.0
6,162429623,+,6,162491522,-,UVM,2082,TCGA-VD-A8KJ-01A,TCGA-VD-A8KJ-01A,1.0,0.0,0.0,0.0,0.0
6,162476491,+,6,166203749,-,UVM,2083,TCGA-VD-A8KJ-01A,TCGA-VD-A8KJ-01A,1.0,0.0,0.0,0.0,0.0
6,162558758,+,6,166246030,-,UVM,2084,TCGA-VD-A8KJ-01A,TCGA-VD-A8KJ-01A,1.0,0.0,0.0,0.0,0.0
6,162574852,-,6,166303962,-,UVM,2085,TCGA-VD-A8KJ-01A,TCGA-VD-A8KJ-01A,1.0,0.0,0.0,0.0,0.0
6,162723941,+,6,162844436,+,UVM,2086,TCGA-VD-A8KJ-01A,TCGA-VD-A8KJ-01A,1.0,0.0,0.0,0.0,0.0
6,162998869,-,6,169434143,+,UVM,2087,TCGA-VD-A8KJ-01A,TCGA-VD-A8KJ-01A,1.0,0.0,0.0,0.0,0.0
6,163014839,+,6,165707286,+,UVM,2088,TCGA-VD-A8KJ-01A,TCGA-VD-A8KJ-01A,1.0,0.0,0.0,0.0,0.0
6,164230035,+,6,164687730,+,UVM,2089,TCGA-VD-A8KJ-01A,TCGA-VD-A8KJ-01A,1.0,0.0,0.0,0.0,0.0
6,165695448,-,6,166576270,-,UVM,2090,TCGA-VD-A8KJ-01A,TCGA-VD-A8KJ-01A,1.0,0.0,0.0,0.0,0.0
6,165786306,-,6,166070623,+,UVM,2091,TCGA-VD-A8KJ-01A,TCGA-VD-A8KJ-01A,1.0,0.0,0.0,0.0,0.0
6,165842805,-,6,166588120,+,UVM,2092,TCGA-VD-A8KJ-01A,TCGA-VD-A8KJ-01A,1.0,0.0,0.0,0.0,0.0
6,166073415,-,6,166831860,+,UVM,2093,TCGA-VD-A8KJ-01A,TCGA-VD-A8KJ-01A,1.0,0.0,0.0,0.0,0.0
6,166114653,+,6,166319342,+,UVM,2094,TCGA-VD-A8KJ-01A,TCGA-VD-A8KJ-01A,1.0,0.0,0.0,0.0,0.0
6,166151934,+,6,166236573,+,UVM,2095,TCGA-VD-A8KJ-01A,TCGA-VD-A8KJ-01A,1.0,0.0,0.0,0.0,0.0
6,166199247,+,6,166410796,+,UVM,2096,TCGA-VD-A8KJ-01A,TCGA-VD-A8KJ-01A,1.0,0.0,0.0,0.0,0.0
6,166265567,+,6,166812258,-,UVM,2097,TCGA-VD-A8KJ-01A,TCGA-VD-A8KJ-01A,1.0,0.0,0.0,0.0,0.0
6,166469069,+,6,166500867,-,UVM,2098,TCGA-VD-A8KJ-01A,TCGA-VD-A8KJ-01A,1.0,0.0,0.0,0.0,0.0
6,166471633,-,6,167332190,-,UVM,2099,TCGA-VD-A8KJ-01A,TCGA-VD-A8KJ-01A,1.0,0.0,0.0,0.0,0.0
6,166496812,+,6,166925982,+,UVM,2100,TCGA-VD-A8KJ-01A,TCGA-VD-A8KJ-01A,1.0,0.0,0.0,0.0,0.0
6,166669638,+,6,166843710,-,UVM,2101,TCGA-VD-A8KJ-01A,TCGA-VD-A8KJ-01A,1.0,0.0,0.0,0.0,0.0
6,166806789,+,6,168275663,-,UVM,2102,TCGA-VD-A8KJ-01A,TCGA-VD-A8KJ-01A,1.0,0.0,0.0,0.0,0.0
6,166850094,+,6,168277870,+,UVM,2103,TCGA-VD-A8KJ-01A,TCGA-VD-A8KJ-01A,1.0,0.0,0.0,0.0,0.0
6,166861616,+,6,167439902,+,UVM,2104,TCGA-VD-A8KJ-01A,TCGA-VD-A8KJ-01A,1.0,0.0,0.0,0.0,0.0
6,166918927,-,6,167028434,-,UVM,2105,TCGA-VD-A8KJ-01A,TCGA-VD-A8KJ-01A,1.0,0.0,0.0,0.0,0.0
6,167159362,-,6,167264688,-,UVM,2106,TCGA-VD-A8KJ-01A,TCGA-VD-A8KJ-01A,1.0,0.0,0.0,0.0,0.0
6,167167576,+,6,167863913,+,UVM,2107,TCGA-VD-A8KJ-01A,TCGA-VD-A8KJ-01A,1.0,0.0,0.0,0.0,0.0
6,167169896,-,6,167236130,+,UVM,2108,TCGA-VD-A8KJ-01A,TCGA-VD-A8KJ-01A,1.0,0.0,0.0,0.0,0.0
6,167219385,+,6,167341329,+,UVM,2109,TCGA-VD-A8KJ-01A,TCGA-VD-A8KJ-01A,1.0,0.0,0.0,0.0,0.0
6,167357035,-,6,168424768,+,UVM,2110,TCGA-VD-A8KJ-01A,TCGA-VD-A8KJ-01A,1.0,0.0,0.0,0.0,0.0
6,167425413,-,6,168264590,-,UVM,2111,TCGA-VD-A8KJ-01A,TCGA-VD-A8KJ-01A,1.0,0.0,0.0,0.0,0.0
6,167452564,+,6,168310182,+,UVM,2112,TCGA-VD-A8KJ-01A,TCGA-VD-A8KJ-01A,1.0,0.0,0.0,0.0,0.0
6,168076213,+,6,168345587,-,UVM,2113,TCGA-VD-A8KJ-01A,TCGA-VD-A8KJ-01A,1.0,0.0,0.0,0.0,0.0
6,168286240,-,6,168367608,+,UVM,2114,TCGA-VD-A8KJ-01A,TCGA-VD-A8KJ-01A,1.0,0.0,0.0,0.0,0.0
6,168370510,-,6,169377860,-,UVM,2115,TCGA-VD-A8KJ-01A,TCGA-VD-A8KJ-01A,1.0,0.0,0.0,0.0,0.0
6,168606851,+,6,169262445,-,UVM,2116,TCGA-VD-A8KJ-01A,TCGA-VD-A8KJ-01A,1.0,0.0,0.0,0.0,0.0
6,169347517,+,6,169409710,-,UVM,2117,TCGA-VD-A8KJ-01A,TCGA-VD-A8KJ-01A,1.0,0.0,0.0,0.0,0.0
6,169710854,+,6,169874874,-,UVM,2118,TCGA-VD-A8KJ-01A,TCGA-VD-A8KJ-01A,1.0,0.0,0.0,0.0,0.0
6,169726817,-,6,169850921,-,UVM,2119,TCGA-VD-A8KJ-01A,TCGA-VD-A8KJ-01A,1.0,0.0,0.0,0.0,0.0
6,169795306,+,6,169848020,+,UVM,2120,TCGA-VD-A8KJ-01A,TCGA-VD-A8KJ-01A,1.0,0.0,0.0,0.0,0.0
8,46034354,+,8,113405211,+,UVM,2121,TCGA-VD-A8KJ-01A,TCGA-VD-A8KJ-01A,1.0,0.0,0.0,0.0,0.0
8,46200454,+,8,46760519,-,UVM,2122,TCGA-VD-A8KJ-01A,TCGA-VD-A8KJ-01A,1.0,0.0,0.0,0.0,0.0
8,46207488,-,8,46593713,-,UVM,2123,TCGA-VD-A8KJ-01A,TCGA-VD-A8KJ-01A,1.0,0.0,0.0,0.0,0.0
8,46530459,+,8,51505053,-,UVM,2124,TCGA-VD-A8KJ-01A,TCGA-VD-A8KJ-01A,1.0,0.0,0.0,0.0,0.0
8,46749438,+,8,46883027,-,UVM,2125,TCGA-VD-A8KJ-01A,TCGA-VD-A8KJ-01A,1.0,0.0,0.0,0.0,0.0
8,46881549,+,8,47023790,-,UVM,2126,TCGA-VD-A8KJ-01A,TCGA-VD-A8KJ-01A,1.0,0.0,0.0,0.0,0.0
8,51495824,+,8,51625744,+,UVM,2127,TCGA-VD-A8KJ-01A,TCGA-VD-A8KJ-01A,1.0,0.0,0.0,0.0,0.0
8,52086168,+,8,52169047,-,UVM,2128,TCGA-VD-A8KJ-01A,TCGA-VD-A8KJ-01A,1.0,0.0,0.0,0.0,0.0
1,16040432,-,1,16063042,+,UVM,2129,TCGA-VD-A8KK-01A,TCGA-VD-A8KK-01A,1.0,0.0,0.0,0.0,0.0
1,23903079,+,1,23903833,-,UVM,2130,TCGA-VD-A8KK-01A,TCGA-VD-A8KK-01A,1.0,0.0,0.0,0.0,0.0
1,122112092,-,1,122210981,+,UVM,2131,TCGA-VD-A8KK-01A,TCGA-VD-A8KK-01A,1.0,0.0,0.0,0.0,0.0
1,122201197,+,1,122210602,-,UVM,2132,TCGA-VD-A8KK-01A,TCGA-VD-A8KK-01A,1.0,0.0,0.0,0.0,0.0
10,38729806,+,15,20294466,-,UVM,2133,TCGA-VD-A8KK-01A,TCGA-VD-A8KK-01A,1.0,0.0,0.0,0.0,0.0
2,41273050,-,10,39479307,+,UVM,2134,TCGA-VD-A8KK-01A,TCGA-VD-A8KK-01A,1.0,0.0,0.0,0.0,0.0
3,91192698,-,3,91257470,-,UVM,2135,TCGA-VD-A8KK-01A,TCGA-VD-A8KK-01A,1.0,0.0,0.0,0.0,0.0
3,91353670,+,14,69105733,+,UVM,2136,TCGA-VD-A8KK-01A,TCGA-VD-A8KK-01A,1.0,0.0,0.0,0.0,0.0
6,167651704,-,13,111511811,+,UVM,2137,TCGA-VD-A8KK-01A,TCGA-VD-A8KK-01A,1.0,0.0,0.0,0.0,0.0
7,61430711,-,7,61449910,+,UVM,2138,TCGA-VD-A8KK-01A,TCGA-VD-A8KK-01A,1.0,0.0,0.0,0.0,0.0
7,75564296,+,17,7679345,-,UVM,2139,TCGA-VD-A8KK-01A,TCGA-VD-A8KK-01A,1.0,0.0,0.0,0.0,0.0
9,43492871,-,9,43999827,+,UVM,2140,TCGA-VD-A8KK-01A,TCGA-VD-A8KK-01A,1.0,0.0,0.0,0.0,0.0
12,36109745,-,12,36572189,+,UVM,2141,TCGA-VD-A8KL-01A,TCGA-VD-A8KL-01A,1.0,0.0,0.0,0.0,0.0
14,102095078,+,16,1872067,+,UVM,2142,TCGA-VD-A8KL-01A,TCGA-VD-A8KL-01A,1.0,0.0,0.0,0.0,0.0
18,15472250,-,18,15610409,+,UVM,2143,TCGA-VD-A8KL-01A,TCGA-VD-A8KL-01A,1.0,0.0,0.0,0.0,0.0
2,92997795,-,2,93533048,+,UVM,2144,TCGA-VD-A8KL-01A,TCGA-VD-A8KL-01A,1.0,0.0,0.0,0.0,0.0
3,54735981,-,12,74158355,+,UVM,2145,TCGA-VD-A8KL-01A,TCGA-VD-A8KL-01A,1.0,0.0,0.0,0.0,0.0
4,49717455,+,4,51459320,-,UVM,2146,TCGA-VD-A8KL-01A,TCGA-VD-A8KL-01A,1.0,0.0,0.0,0.0,0.0
7,60121396,-,7,60535947,+,UVM,2147,TCGA-VD-A8KL-01A,TCGA-VD-A8KL-01A,1.0,0.0,0.0,0.0,0.0
1,182721088,+,23,148581088,+,UVM,2148,TCGA-VD-A8KN-01A,TCGA-VD-A8KN-01A,1.0,0.0,0.0,0.0,0.0
1,211221290,-,4,63062070,+,UVM,2149,TCGA-VD-A8KN-01A,TCGA-VD-A8KN-01A,1.0,0.0,0.0,0.0,0.0
1,228448097,+,1,228683890,-,UVM,2150,TCGA-VD-A8KN-01A,TCGA-VD-A8KN-01A,1.0,0.0,0.0,0.0,0.0
13,16290722,-,13,16679188,+,UVM,2151,TCGA-VD-A8KN-01A,TCGA-VD-A8KN-01A,1.0,0.0,0.0,0.0,0.0
13,16298376,-,13,16734429,+,UVM,2152,TCGA-VD-A8KN-01A,TCGA-VD-A8KN-01A,1.0,0.0,0.0,0.0,0.0
18,15473146,+,18,15699452,-,UVM,2153,TCGA-VD-A8KN-01A,TCGA-VD-A8KN-01A,1.0,0.0,0.0,0.0,0.0
2,93598965,+,11,119448941,-,UVM,2154,TCGA-VD-A8KN-01A,TCGA-VD-A8KN-01A,1.0,0.0,0.0,0.0,0.0
20,29720869,-,20,30148743,-,UVM,2155,TCGA-VD-A8KN-01A,TCGA-VD-A8KN-01A,1.0,0.0,0.0,0.0,0.0
4,50521706,+,4,51594862,-,UVM,2156,TCGA-VD-A8KN-01A,TCGA-VD-A8KN-01A,1.0,0.0,0.0,0.0,0.0
4,110606651,-,13,86289813,+,UVM,2157,TCGA-VD-A8KN-01A,TCGA-VD-A8KN-01A,1.0,0.0,0.0,0.0,0.0
5,49902052,+,5,49963664,-,UVM,2158,TCGA-VD-A8KN-01A,TCGA-VD-A8KN-01A,1.0,0.0,0.0,0.0,0.0
5,50645274,-,9,26333079,+,UVM,2159,TCGA-VD-A8KN-01A,TCGA-VD-A8KN-01A,1.0,0.0,0.0,0.0,0.0
5,165839734,+,5,166196924,-,UVM,2160,TCGA-VD-A8KN-01A,TCGA-VD-A8KN-01A,1.0,0.0,0.0,0.0,0.0
5,166047981,+,5,166446020,-,UVM,2161,TCGA-VD-A8KN-01A,TCGA-VD-A8KN-01A,1.0,0.0,0.0,0.0,0.0
5,166461823,+,5,166673308,-,UVM,2162,TCGA-VD-A8KN-01A,TCGA-VD-A8KN-01A,1.0,0.0,0.0,0.0,0.0
8,45080663,-,8,45427522,+,UVM,2163,TCGA-VD-A8KN-01A,TCGA-VD-A8KN-01A,1.0,0.0,0.0,0.0,0.0
8,45427517,+,8,45946238,-,UVM,2164,TCGA-VD-A8KN-01A,TCGA-VD-A8KN-01A,1.0,0.0,0.0,0.0,0.0
1,104619762,+,5,175725585,-,UVM,2165,TCGA-VD-A8KO-01A,TCGA-VD-A8KO-01A,1.0,0.0,0.0,0.0,0.0
1,122137374,-,1,122150334,+,UVM,2166,TCGA-VD-A8KO-01A,TCGA-VD-A8KO-01A,1.0,0.0,0.0,0.0,0.0
1,124817165,+,1,124835511,-,UVM,2167,TCGA-VD-A8KO-01A,TCGA-VD-A8KO-01A,1.0,0.0,0.0,0.0,0.0
1,226409077,+,11,64020605,-,UVM,2168,TCGA-VD-A8KO-01A,TCGA-VD-A8KO-01A,1.0,0.0,0.0,0.0,0.0
11,476146,-,11,520627,+,UVM,2169,TCGA-VD-A8KO-01A,TCGA-VD-A8KO-01A,1.0,0.0,0.0,0.0,0.0
11,483150,+,11,502852,-,UVM,2170,TCGA-VD-A8KO-01A,TCGA-VD-A8KO-01A,1.0,0.0,0.0,0.0,0.0
11,54346526,+,11,54421103,-,UVM,2171,TCGA-VD-A8KO-01A,TCGA-VD-A8KO-01A,1.0,0.0,0.0,0.0,0.0
16,34256386,+,16,36325931,-,UVM,2172,TCGA-VD-A8KO-01A,TCGA-VD-A8KO-01A,1.0,0.0,0.0,0.0,0.0
3,109123390,+,4,128084742,+,UVM,2173,TCGA-VD-A8KO-01A,TCGA-VD-A8KO-01A,1.0,0.0,0.0,0.0,0.0
4,14750149,+,4,14751700,-,UVM,2174,TCGA-VD-A8KO-01A,TCGA-VD-A8KO-01A,1.0,0.0,0.0,0.0,0.0
4,48659923,-,4,72550118,+,UVM,2175,TCGA-VD-A8KO-01A,TCGA-VD-A8KO-01A,1.0,0.0,0.0,0.0,0.0
5,49667568,-,5,49708030,+,UVM,2176,TCGA-VD-A8KO-01A,TCGA-VD-A8KO-01A,1.0,0.0,0.0,0.0,0.0
6,40636998,+,7,55722005,-,UVM,2177,TCGA-VD-A8KO-01A,TCGA-VD-A8KO-01A,1.0,0.0,0.0,0.0,0.0
6,59420925,-,6,59650400,+,UVM,2178,TCGA-VD-A8KO-01A,TCGA-VD-A8KO-01A,1.0,0.0,0.0,0.0,0.0
9,40545673,-,9,43176094,+,UVM,2179,TCGA-VD-A8KO-01A,TCGA-VD-A8KO-01A,1.0,0.0,0.0,0.0,0.0
9,41658854,-,20,30296180,+,UVM,2180,TCGA-VD-A8KO-01A,TCGA-VD-A8KO-01A,1.0,0.0,0.0,0.0,0.0
9,84870332,-,15,76726155,+,UVM,2181,TCGA-VD-A8KO-01A,TCGA-VD-A8KO-01A,1.0,0.0,0.0,0.0,0.0
9,84926165,-,11,123513645,+,UVM,2182,TCGA-VD-A8KO-01A,TCGA-VD-A8KO-01A,1.0,0.0,0.0,0.0,0.0
1,122446680,-,1,122471289,+,UVM,2183,TCGA-VD-AA8M-01A,TCGA-VD-AA8M-01A,1.0,0.0,0.0,0.0,0.0
1,164773244,-,2,33103587,-,UVM,2184,TCGA-VD-AA8M-01A,TCGA-VD-AA8M-01A,1.0,0.0,0.0,0.0,0.0
1,226322789,-,10,78467956,+,UVM,2185,TCGA-VD-AA8M-01A,TCGA-VD-AA8M-01A,1.0,0.0,0.0,0.0,0.0
10,41560392,-,10,41582445,+,UVM,2186,TCGA-VD-AA8M-01A,TCGA-VD-AA8M-01A,1.0,0.0,0.0,0.0,0.0
10,121588696,+,18,58964873,+,UVM,2187,TCGA-VD-AA8M-01A,TCGA-VD-AA8M-01A,1.0,0.0,0.0,0.0,0.0
11,54346807,+,11,54421025,-,UVM,2188,TCGA-VD-AA8M-01A,TCGA-VD-AA8M-01A,1.0,0.0,0.0,0.0,0.0
12,37658226,-,15,17032502,+,UVM,2189,TCGA-VD-AA8M-01A,TCGA-VD-AA8M-01A,1.0,0.0,0.0,0.0,0.0
12,76772645,-,19,10715008,-,UVM,2190,TCGA-VD-AA8M-01A,TCGA-VD-AA8M-01A,1.0,0.0,0.0,0.0,0.0
13,16298491,-,13,16628011,+,UVM,2191,TCGA-VD-AA8M-01A,TCGA-VD-AA8M-01A,1.0,0.0,0.0,0.0,0.0
13,110954909,+,13,112395881,+,UVM,2192,TCGA-VD-AA8M-01A,TCGA-VD-AA8M-01A,1.0,0.0,0.0,0.0,0.0
16,34256041,-,16,36322704,+,UVM,2193,TCGA-VD-AA8M-01A,TCGA-VD-AA8M-01A,1.0,0.0,0.0,0.0,0.0
17,29149497,+,17,43580151,-,UVM,2194,TCGA-VD-AA8M-01A,TCGA-VD-AA8M-01A,1.0,0.0,0.0,0.0,0.0
17,43585067,+,17,52271116,-,UVM,2195,TCGA-VD-AA8M-01A,TCGA-VD-AA8M-01A,1.0,0.0,0.0,0.0,0.0
17,52804503,-,17,59080393,-,UVM,2196,TCGA-VD-AA8M-01A,TCGA-VD-AA8M-01A,1.0,0.0,0.0,0.0,0.0
17,66129438,+,17,76720523,-,UVM,2197,TCGA-VD-AA8M-01A,TCGA-VD-AA8M-01A,1.0,0.0,0.0,0.0,0.0
19,3784205,+,19,9426426,+,UVM,2198,TCGA-VD-AA8M-01A,TCGA-VD-AA8M-01A,1.0,0.0,0.0,0.0,0.0
19,3786355,-,19,9426051,-,UVM,2199,TCGA-VD-AA8M-01A,TCGA-VD-AA8M-01A,1.0,0.0,0.0,0.0,0.0
19,3786659,+,19,9426457,-,UVM,2200,TCGA-VD-AA8M-01A,TCGA-VD-AA8M-01A,1.0,0.0,0.0,0.0,0.0
19,9353686,+,19,11010407,+,UVM,2201,TCGA-VD-AA8M-01A,TCGA-VD-AA8M-01A,1.0,0.0,0.0,0.0,0.0
19,9417075,-,19,10691501,-,UVM,2202,TCGA-VD-AA8M-01A,TCGA-VD-AA8M-01A,1.0,0.0,0.0,0.0,0.0
19,9417276,+,19,18898028,-,UVM,2203,TCGA-VD-AA8M-01A,TCGA-VD-AA8M-01A,1.0,0.0,0.0,0.0,0.0
19,10691502,-,19,18898029,-,UVM,2204,TCGA-VD-AA8M-01A,TCGA-VD-AA8M-01A,1.0,0.0,0.0,0.0,0.0
19,10762769,-,19,31412932,-,UVM,2205,TCGA-VD-AA8M-01A,TCGA-VD-AA8M-01A,1.0,0.0,0.0,0.0,0.0
19,16315873,+,19,16363359,+,UVM,2206,TCGA-VD-AA8M-01A,TCGA-VD-AA8M-01A,1.0,0.0,0.0,0.0,0.0
19,16317594,-,19,16321430,+,UVM,2207,TCGA-VD-AA8M-01A,TCGA-VD-AA8M-01A,1.0,0.0,0.0,0.0,0.0
19,16317596,-,19,16361829,-,UVM,2208,TCGA-VD-AA8M-01A,TCGA-VD-AA8M-01A,1.0,0.0,0.0,0.0,0.0
19,16318173,+,19,16361830,-,UVM,2209,TCGA-VD-AA8M-01A,TCGA-VD-AA8M-01A,1.0,0.0,0.0,0.0,0.0
2,91884311,-,10,38642266,+,UVM,2210,TCGA-VD-AA8M-01A,TCGA-VD-AA8M-01A,1.0,0.0,0.0,0.0,0.0
2,222866745,-,8,127735180,-,UVM,2211,TCGA-VD-AA8M-01A,TCGA-VD-AA8M-01A,1.0,0.0,0.0,0.0,0.0
20,29747103,-,20,30493930,+,UVM,2212,TCGA-VD-AA8M-01A,TCGA-VD-AA8M-01A,1.0,0.0,0.0,0.0,0.0
20,29747294,+,20,30494028,-,UVM,2213,TCGA-VD-AA8M-01A,TCGA-VD-AA8M-01A,1.0,0.0,0.0,0.0,0.0
21,17469229,+,23,98890907,-,UVM,2214,TCGA-VD-AA8M-01A,TCGA-VD-AA8M-01A,1.0,0.0,0.0,0.0,0.0
3,90597551,-,3,90599965,+,UVM,2215,TCGA-VD-AA8M-01A,TCGA-VD-AA8M-01A,1.0,0.0,0.0,0.0,0.0
3,91152803,+,3,91222427,-,UVM,2216,TCGA-VD-AA8M-01A,TCGA-VD-AA8M-01A,1.0,0.0,0.0,0.0,0.0
3,158918211,+,13,54216343,-,UVM,2217,TCGA-VD-AA8M-01A,TCGA-VD-AA8M-01A,1.0,0.0,0.0,0.0,0.0
3,158918560,-,13,54216007,+,UVM,2218,TCGA-VD-AA8M-01A,TCGA-VD-AA8M-01A,1.0,0.0,0.0,0.0,0.0
3,158918664,+,13,54215843,-,UVM,2219,TCGA-VD-AA8M-01A,TCGA-VD-AA8M-01A,1.0,0.0,0.0,0.0,0.0
4,101249562,+,7,142324924,+,UVM,2220,TCGA-VD-AA8M-01A,TCGA-VD-AA8M-01A,1.0,0.0,0.0,0.0,0.0
5,123583657,+,15,34346721,+,UVM,2221,TCGA-VD-AA8M-01A,TCGA-VD-AA8M-01A,1.0,0.0,0.0,0.0,0.0
5,166623744,+,5,166626822,-,UVM,2222,TCGA-VD-AA8M-01A,TCGA-VD-AA8M-01A,1.0,0.0,0.0,0.0,0.0
7,137920794,+,7,137921401,-,UVM,2223,TCGA-VD-AA8M-01A,TCGA-VD-AA8M-01A,1.0,0.0,0.0,0.0,0.0
8,23015960,-,16,64489119,-,UVM,2224,TCGA-VD-AA8M-01A,TCGA-VD-AA8M-01A,1.0,0.0,0.0,0.0,0.0
9,43176054,+,9,43179255,-,UVM,2225,TCGA-VD-AA8M-01A,TCGA-VD-AA8M-01A,1.0,0.0,0.0,0.0,0.0
9,94672335,+,23,40204030,+,UVM,2226,TCGA-VD-AA8M-01A,TCGA-VD-AA8M-01A,1.0,0.0,0.0,0.0,0.0
9,135717178,+,9,135721760,-,UVM,2227,TCGA-VD-AA8M-01A,TCGA-VD-AA8M-01A,1.0,0.0,0.0,0.0,0.0
11,54371224,+,11,54381496,-,UVM,2228,TCGA-VD-AA8N-01A,TCGA-VD-AA8N-01A,1.0,0.0,0.0,0.0,0.0
14,25774794,+,14,25787503,-,UVM,2229,TCGA-VD-AA8N-01A,TCGA-VD-AA8N-01A,1.0,0.0,0.0,0.0,0.0
18,20066037,+,18,20469730,-,UVM,2230,TCGA-VD-AA8N-01A,TCGA-VD-AA8N-01A,1.0,0.0,0.0,0.0,0.0
3,90401348,-,20,30985344,+,UVM,2231,TCGA-VD-AA8N-01A,TCGA-VD-AA8N-01A,1.0,0.0,0.0,0.0,0.0
5,46433348,-,5,46493414,-,UVM,2232,TCGA-VD-AA8N-01A,TCGA-VD-AA8N-01A,1.0,0.0,0.0,0.0,0.0
5,74061596,+,8,82762001,+,UVM,2233,TCGA-VD-AA8N-01A,TCGA-VD-AA8N-01A,1.0,0.0,0.0,0.0,0.0
6,57406066,+,6,60307629,-,UVM,2234,TCGA-VD-AA8N-01A,TCGA-VD-AA8N-01A,1.0,0.0,0.0,0.0,0.0
8,43209091,-,8,43566205,+,UVM,2235,TCGA-VD-AA8N-01A,TCGA-VD-AA8N-01A,1.0,0.0,0.0,0.0,0.0
8,43549295,+,8,61456342,+,UVM,2236,TCGA-VD-AA8N-01A,TCGA-VD-AA8N-01A,1.0,0.0,0.0,0.0,0.0
8,43565412,-,8,62161703,-,UVM,2237,TCGA-VD-AA8N-01A,TCGA-VD-AA8N-01A,1.0,0.0,0.0,0.0,0.0
8,43566755,-,8,55223674,-,UVM,2238,TCGA-VD-AA8N-01A,TCGA-VD-AA8N-01A,1.0,0.0,0.0,0.0,0.0
8,55213724,-,8,55888220,+,UVM,2239,TCGA-VD-AA8N-01A,TCGA-VD-AA8N-01A,1.0,0.0,0.0,0.0,0.0
8,55216197,+,8,55220437,-,UVM,2240,TCGA-VD-AA8N-01A,TCGA-VD-AA8N-01A,1.0,0.0,0.0,0.0,0.0
8,55222841,+,8,56968394,-,UVM,2241,TCGA-VD-AA8N-01A,TCGA-VD-AA8N-01A,1.0,0.0,0.0,0.0,0.0
9,43182281,+,22,16059861,+,UVM,2242,TCGA-VD-AA8N-01A,TCGA-VD-AA8N-01A,1.0,0.0,0.0,0.0,0.0
9,65079250,+,18,15598725,-,UVM,2243,TCGA-VD-AA8N-01A,TCGA-VD-AA8N-01A,1.0,0.0,0.0,0.0,0.0
1,213601984,+,4,101106682,+,UVM,2244,TCGA-VD-AA8O-01A,TCGA-VD-AA8O-01A,1.0,0.0,0.0,0.0,0.0
10,39561351,-,10,41709023,+,UVM,2245,TCGA-VD-AA8O-01A,TCGA-VD-AA8O-01A,1.0,0.0,0.0,0.0,0.0
11,55767972,+,23,4841883,+,UVM,2246,TCGA-VD-AA8O-01A,TCGA-VD-AA8O-01A,1.0,0.0,0.0,0.0,0.0
12,34775755,-,12,34818095,+,UVM,2247,TCGA-VD-AA8O-01A,TCGA-VD-AA8O-01A,1.0,0.0,0.0,0.0,0.0
12,50779203,+,24,2891838,-,UVM,2248,TCGA-VD-AA8O-01A,TCGA-VD-AA8O-01A,1.0,0.0,0.0,0.0,0.0
17,40523189,-,23,3610261,-,UVM,2249,TCGA-VD-AA8O-01A,TCGA-VD-AA8O-01A,1.0,0.0,0.0,0.0,0.0
18,18889789,-,18,19466476,+,UVM,2250,TCGA-VD-AA8O-01A,TCGA-VD-AA8O-01A,1.0,0.0,0.0,0.0,0.0
2,93594835,+,2,93647269,-,UVM,2251,TCGA-VD-AA8O-01A,TCGA-VD-AA8O-01A,1.0,0.0,0.0,0.0,0.0
3,2668576,+,3,67093728,+,UVM,2252,TCGA-VD-AA8O-01A,TCGA-VD-AA8O-01A,1.0,0.0,0.0,0.0,0.0
3,10886798,+,3,86404376,+,UVM,2253,TCGA-VD-AA8O-01A,TCGA-VD-AA8O-01A,1.0,0.0,0.0,0.0,0.0
3,10932851,-,3,86330216,-,UVM,2254,TCGA-VD-AA8O-01A,TCGA-VD-AA8O-01A,1.0,0.0,0.0,0.0,0.0
3,11623212,+,3,86297751,+,UVM,2255,TCGA-VD-AA8O-01A,TCGA-VD-AA8O-01A,1.0,0.0,0.0,0.0,0.0
3,11623212,+,23,134080179,+,UVM,2256,TCGA-VD-AA8O-01A,TCGA-VD-AA8O-01A,1.0,0.0,0.0,0.0,0.0
3,11773235,-,3,52366160,+,UVM,2257,TCGA-VD-AA8O-01A,TCGA-VD-AA8O-01A,1.0,0.0,0.0,0.0,0.0
3,11773236,-,3,86480691,-,UVM,2258,TCGA-VD-AA8O-01A,TCGA-VD-AA8O-01A,1.0,0.0,0.0,0.0,0.0
3,11775995,+,3,52372592,-,UVM,2259,TCGA-VD-AA8O-01A,TCGA-VD-AA8O-01A,1.0,0.0,0.0,0.0,0.0
3,34555914,+,3,34683863,-,UVM,2260,TCGA-VD-AA8O-01A,TCGA-VD-AA8O-01A,1.0,0.0,0.0,0.0,0.0
3,36050562,+,3,36056619,-,UVM,2261,TCGA-VD-AA8O-01A,TCGA-VD-AA8O-01A,1.0,0.0,0.0,0.0,0.0
3,38681211,-,3,52375391,+,UVM,2262,TCGA-VD-AA8O-01A,TCGA-VD-AA8O-01A,1.0,0.0,0.0,0.0,0.0
3,38685983,+,3,52406593,-,UVM,2263,TCGA-VD-AA8O-01A,TCGA-VD-AA8O-01A,1.0,0.0,0.0,0.0,0.0
3,38719698,-,3,79113380,-,UVM,2264,TCGA-VD-AA8O-01A,TCGA-VD-AA8O-01A,1.0,0.0,0.0,0.0,0.0
3,39513381,+,3,67297449,-,UVM,2265,TCGA-VD-AA8O-01A,TCGA-VD-AA8O-01A,1.0,0.0,0.0,0.0,0.0
3,39686061,+,3,39690219,-,UVM,2266,TCGA-VD-AA8O-01A,TCGA-VD-AA8O-01A,1.0,0.0,0.0,0.0,0.0
3,52304281,+,3,65837976,-,UVM,2267,TCGA-VD-AA8O-01A,TCGA-VD-AA8O-01A,1.0,0.0,0.0,0.0,0.0
3,52366017,-,3,86480690,-,UVM,2268,TCGA-VD-AA8O-01A,TCGA-VD-AA8O-01A,1.0,0.0,0.0,0.0,0.0
3,65679392,+,3,79066351,+,UVM,2269,TCGA-VD-AA8O-01A,TCGA-VD-AA8O-01A,1.0,0.0,0.0,0.0,0.0
4,38052729,-,17,77486488,-,UVM,2270,TCGA-VD-AA8O-01A,TCGA-VD-AA8O-01A,1.0,0.0,0.0,0.0,0.0
5,49678935,-,5,49681596,+,UVM,2271,TCGA-VD-AA8O-01A,TCGA-VD-AA8O-01A,1.0,0.0,0.0,0.0,0.0
5,49912841,+,5,49978999,-,UVM,2272,TCGA-VD-AA8O-01A,TCGA-VD-AA8O-01A,1.0,0.0,0.0,0.0,0.0
5,166226827,+,5,166644128,-,UVM,2273,TCGA-VD-AA8O-01A,TCGA-VD-AA8O-01A,1.0,0.0,0.0,0.0,0.0
6,59272335,+,6,59492481,-,UVM,2274,TCGA-VD-AA8O-01A,TCGA-VD-AA8O-01A,1.0,0.0,0.0,0.0,0.0
6,151046471,-,9,63348034,+,UVM,2275,TCGA-VD-AA8O-01A,TCGA-VD-AA8O-01A,1.0,0.0,0.0,0.0,0.0
7,124414959,-,12,26781992,-,UVM,2276,TCGA-VD-AA8O-01A,TCGA-VD-AA8O-01A,1.0,0.0,0.0,0.0,0.0
8,45080660,-,8,45427526,+,UVM,2277,TCGA-VD-AA8O-01A,TCGA-VD-AA8O-01A,1.0,0.0,0.0,0.0,0.0
9,36475082,-,23,44966939,-,UVM,2278,TCGA-VD-AA8O-01A,TCGA-VD-AA8O-01A,1.0,0.0,0.0,0.0,0.0
1,56441174,-,17,73390031,+,UVM,2279,TCGA-VD-AA8P-01A,TCGA-VD-AA8P-01A,1.0,0.0,0.0,0.0,0.0
1,124822311,-,1,124831310,+,UVM,2280,TCGA-VD-AA8P-01A,TCGA-VD-AA8P-01A,1.0,0.0,0.0,0.0,0.0
11,54347354,-,11,54405710,+,UVM,2281,TCGA-VD-AA8P-01A,TCGA-VD-AA8P-01A,1.0,0.0,0.0,0.0,0.0
12,37255092,+,12,37257055,-,UVM,2282,TCGA-VD-AA8P-01A,TCGA-VD-AA8P-01A,1.0,0.0,0.0,0.0,0.0
19,54758984,-,19,54838026,+,UVM,2283,TCGA-VD-AA8P-01A,TCGA-VD-AA8P-01A,1.0,0.0,0.0,0.0,0.0
2,94556255,-,2,132220019,-,UVM,2284,TCGA-VD-AA8P-01A,TCGA-VD-AA8P-01A,1.0,0.0,0.0,0.0,0.0
20,30027158,-,20,30031566,+,UVM,2285,TCGA-VD-AA8P-01A,TCGA-VD-AA8P-01A,1.0,0.0,0.0,0.0,0.0
22,23344745,-,22,24675031,+,UVM,2286,TCGA-VD-AA8P-01A,TCGA-VD-AA8P-01A,1.0,0.0,0.0,0.0,0.0
3,157972225,-,5,18435507,+,UVM,2287,TCGA-VD-AA8P-01A,TCGA-VD-AA8P-01A,1.0,0.0,0.0,0.0,0.0
4,48659920,-,18,30556661,+,UVM,2288,TCGA-VD-AA8P-01A,TCGA-VD-AA8P-01A,1.0,0.0,0.0,0.0,0.0
4,66510565,-,12,86566558,-,UVM,2289,TCGA-VD-AA8P-01A,TCGA-VD-AA8P-01A,1.0,0.0,0.0,0.0,0.0
4,108304118,+,14,46370105,+,UVM,2290,TCGA-VD-AA8P-01A,TCGA-VD-AA8P-01A,1.0,0.0,0.0,0.0,0.0
5,142917037,-,9,129444053,+,UVM,2291,TCGA-VD-AA8P-01A,TCGA-VD-AA8P-01A,1.0,0.0,0.0,0.0,0.0
9,42536402,+,9,62565369,+,UVM,2292,TCGA-VD-AA8P-01A,TCGA-VD-AA8P-01A,1.0,0.0,0.0,0.0,0.0
9,138178098,+,12,38204457,-,UVM,2293,TCGA-VD-AA8P-01A,TCGA-VD-AA8P-01A,1.0,0.0,0.0,0.0,0.0
1,11830795,+,7,116725880,-,UVM,2294,TCGA-VD-AA8Q-01A,TCGA-VD-AA8Q-01A,1.0,0.0,0.0,0.0,0.0
1,46800216,+,19,16063607,+,UVM,2295,TCGA-VD-AA8Q-01A,TCGA-VD-AA8Q-01A,1.0,0.0,0.0,0.0,0.0
1,195220615,-,5,31421885,+,UVM,2296,TCGA-VD-AA8Q-01A,TCGA-VD-AA8Q-01A,1.0,0.0,0.0,0.0,0.0
1,245408630,+,13,83167736,+,UVM,2297,TCGA-VD-AA8Q-01A,TCGA-VD-AA8Q-01A,1.0,0.0,0.0,0.0,0.0
11,51667757,-,11,52589531,+,UVM,2298,TCGA-VD-AA8Q-01A,TCGA-VD-AA8Q-01A,1.0,0.0,0.0,0.0,0.0
11,54357677,+,11,54379144,-,UVM,2299,TCGA-VD-AA8Q-01A,TCGA-VD-AA8Q-01A,1.0,0.0,0.0,0.0,0.0
11,118764838,+,16,87860358,-,UVM,2300,TCGA-VD-AA8Q-01A,TCGA-VD-AA8Q-01A,1.0,0.0,0.0,0.0,0.0
13,17908272,+,13,18017461,-,UVM,2301,TCGA-VD-AA8Q-01A,TCGA-VD-AA8Q-01A,1.0,0.0,0.0,0.0,0.0
17,22830776,-,17,23123418,+,UVM,2302,TCGA-VD-AA8Q-01A,TCGA-VD-AA8Q-01A,1.0,0.0,0.0,0.0,0.0
17,36402177,-,17,48592487,-,UVM,2303,TCGA-VD-AA8Q-01A,TCGA-VD-AA8Q-01A,1.0,0.0,0.0,0.0,0.0
2,20954228,+,5,172597358,+,UVM,2304,TCGA-VD-AA8Q-01A,TCGA-VD-AA8Q-01A,1.0,0.0,0.0,0.0,0.0
20,29534515,+,22,12287599,-,UVM,2305,TCGA-VD-AA8Q-01A,TCGA-VD-AA8Q-01A,1.0,0.0,0.0,0.0,0.0
3,91157120,-,3,91281906,-,UVM,2306,TCGA-VD-AA8Q-01A,TCGA-VD-AA8Q-01A,1.0,0.0,0.0,0.0,0.0
3,93324664,-,3,93394232,+,UVM,2307,TCGA-VD-AA8Q-01A,TCGA-VD-AA8Q-01A,1.0,0.0,0.0,0.0,0.0
4,51118178,+,4,51453377,-,UVM,2308,TCGA-VD-AA8Q-01A,TCGA-VD-AA8Q-01A,1.0,0.0,0.0,0.0,0.0
4,92649146,-,15,56669973,+,UVM,2309,TCGA-VD-AA8Q-01A,TCGA-VD-AA8Q-01A,1.0,0.0,0.0,0.0,0.0
5,49853420,-,5,49855816,+,UVM,2310,TCGA-VD-AA8Q-01A,TCGA-VD-AA8Q-01A,1.0,0.0,0.0,0.0,0.0
5,49941132,+,5,49956483,-,UVM,2311,TCGA-VD-AA8Q-01A,TCGA-VD-AA8Q-01A,1.0,0.0,0.0,0.0,0.0
6,7442002,+,14,23581364,-,UVM,2312,TCGA-VD-AA8Q-01A,TCGA-VD-AA8Q-01A,1.0,0.0,0.0,0.0,0.0
6,61425035,+,12,34680615,-,UVM,2313,TCGA-VD-AA8Q-01A,TCGA-VD-AA8Q-01A,1.0,0.0,0.0,0.0,0.0
7,63307552,+,7,64194061,-,UVM,2314,TCGA-VD-AA8Q-01A,TCGA-VD-AA8Q-01A,1.0,0.0,0.0,0.0,0.0
8,87428422,-,18,43735200,+,UVM,2315,TCGA-VD-AA8Q-01A,TCGA-VD-AA8Q-01A,1.0,0.0,0.0,0.0,0.0
10,39986271,-,10,41266090,+,UVM,2316,TCGA-VD-AA8R-01A,TCGA-VD-AA8R-01A,1.0,0.0,0.0,0.0,0.0
14,55658298,+,17,68972156,-,UVM,2317,TCGA-VD-AA8R-01A,TCGA-VD-AA8R-01A,1.0,0.0,0.0,0.0,0.0
14,106709869,+,14,106757421,-,UVM,2318,TCGA-VD-AA8R-01A,TCGA-VD-AA8R-01A,1.0,0.0,0.0,0.0,0.0
17,22914793,+,17,23151697,-,UVM,2319,TCGA-VD-AA8R-01A,TCGA-VD-AA8R-01A,1.0,0.0,0.0,0.0,0.0
18,20805335,-,18,20832809,-,UVM,2320,TCGA-VD-AA8R-01A,TCGA-VD-AA8R-01A,1.0,0.0,0.0,0.0,0.0
2,229163683,-,7,135252031,+,UVM,2321,TCGA-VD-AA8R-01A,TCGA-VD-AA8R-01A,1.0,0.0,0.0,0.0,0.0
3,90981968,+,3,91132334,-,UVM,2322,TCGA-VD-AA8R-01A,TCGA-VD-AA8R-01A,1.0,0.0,0.0,0.0,0.0
4,49750905,+,4,51407825,-,UVM,2323,TCGA-VD-AA8R-01A,TCGA-VD-AA8R-01A,1.0,0.0,0.0,0.0,0.0
4,50234704,+,4,51210378,-,UVM,2324,TCGA-VD-AA8R-01A,TCGA-VD-AA8R-01A,1.0,0.0,0.0,0.0,0.0
4,101410205,+,8,1609057,+,UVM,2325,TCGA-VD-AA8R-01A,TCGA-VD-AA8R-01A,1.0,0.0,0.0,0.0,0.0
4,187544177,+,7,17713599,-,UVM,2326,TCGA-VD-AA8R-01A,TCGA-VD-AA8R-01A,1.0,0.0,0.0,0.0,0.0
5,166068599,+,5,166204530,-,UVM,2327,TCGA-VD-AA8R-01A,TCGA-VD-AA8R-01A,1.0,0.0,0.0,0.0,0.0
1,67709856,-,7,137946766,+,UVM,2328,TCGA-VD-AA8S-01B,TCGA-VD-AA8S-01B,1.0,0.0,0.0,0.0,0.0
12,36652192,-,12,37103971,+,UVM,2329,TCGA-VD-AA8S-01B,TCGA-VD-AA8S-01B,1.0,0.0,0.0,0.0,0.0
13,18700395,+,21,13800162,-,UVM,2330,TCGA-VD-AA8S-01B,TCGA-VD-AA8S-01B,1.0,0.0,0.0,0.0,0.0
13,18761759,-,18,14318931,-,UVM,2331,TCGA-VD-AA8S-01B,TCGA-VD-AA8S-01B,1.0,0.0,0.0,0.0,0.0
15,24260999,-,15,24427105,+,UVM,2332,TCGA-VD-AA8S-01B,TCGA-VD-AA8S-01B,1.0,0.0,0.0,0.0,0.0
2,169890581,-,9,115095649,+,UVM,2333,TCGA-VD-AA8S-01B,TCGA-VD-AA8S-01B,1.0,0.0,0.0,0.0,0.0
20,26263461,+,20,29674722,-,UVM,2334,TCGA-VD-AA8S-01B,TCGA-VD-AA8S-01B,1.0,0.0,0.0,0.0,0.0
3,59739987,-,8,89011797,+,UVM,2335,TCGA-VD-AA8S-01B,TCGA-VD-AA8S-01B,1.0,0.0,0.0,0.0,0.0
4,49216591,-,18,14325851,-,UVM,2336,TCGA-VD-AA8S-01B,TCGA-VD-AA8S-01B,1.0,0.0,0.0,0.0,0.0
6,4636594,-,6,7866893,-,UVM,2337,TCGA-VD-AA8S-01B,TCGA-VD-AA8S-01B,1.0,0.0,0.0,0.0,0.0
6,4636692,-,6,6774304,+,UVM,2338,TCGA-VD-AA8S-01B,TCGA-VD-AA8S-01B,1.0,0.0,0.0,0.0,0.0
6,4636735,-,6,8347065,+,UVM,2339,TCGA-VD-AA8S-01B,TCGA-VD-AA8S-01B,1.0,0.0,0.0,0.0,0.0
6,4636742,-,6,17815441,-,UVM,2340,TCGA-VD-AA8S-01B,TCGA-VD-AA8S-01B,1.0,0.0,0.0,0.0,0.0
6,4636828,+,6,8413989,-,UVM,2341,TCGA-VD-AA8S-01B,TCGA-VD-AA8S-01B,1.0,0.0,0.0,0.0,0.0
6,4637265,+,6,5971523,+,UVM,2342,TCGA-VD-AA8S-01B,TCGA-VD-AA8S-01B,1.0,0.0,0.0,0.0,0.0
6,4637265,+,6,6772874,-,UVM,2343,TCGA-VD-AA8S-01B,TCGA-VD-AA8S-01B,1.0,0.0,0.0,0.0,0.0
6,4637392,-,6,4796732,-,UVM,2344,TCGA-VD-AA8S-01B,TCGA-VD-AA8S-01B,1.0,0.0,0.0,0.0,0.0
6,4637492,+,6,8347163,-,UVM,2345,TCGA-VD-AA8S-01B,TCGA-VD-AA8S-01B,1.0,0.0,0.0,0.0,0.0
6,4637542,-,6,16730697,+,UVM,2346,TCGA-VD-AA8S-01B,TCGA-VD-AA8S-01B,1.0,0.0,0.0,0.0,0.0
6,4777948,-,6,4796548,-,UVM,2347,TCGA-VD-AA8S-01B,TCGA-VD-AA8S-01B,1.0,0.0,0.0,0.0,0.0
6,4778154,+,6,6773767,+,UVM,2348,TCGA-VD-AA8S-01B,TCGA-VD-AA8S-01B,1.0,0.0,0.0,0.0,0.0
6,4778154,+,6,16730353,+,UVM,2349,TCGA-VD-AA8S-01B,TCGA-VD-AA8S-01B,1.0,0.0,0.0,0.0,0.0
6,4778247,+,6,7867197,+,UVM,2350,TCGA-VD-AA8S-01B,TCGA-VD-AA8S-01B,1.0,0.0,0.0,0.0,0.0
6,4778408,+,6,6774053,-,UVM,2351,TCGA-VD-AA8S-01B,TCGA-VD-AA8S-01B,1.0,0.0,0.0,0.0,0.0
6,4778464,+,6,8346795,-,UVM,2352,TCGA-VD-AA8S-01B,TCGA-VD-AA8S-01B,1.0,0.0,0.0,0.0,0.0
6,4796733,-,6,8347164,-,UVM,2353,TCGA-VD-AA8S-01B,TCGA-VD-AA8S-01B,1.0,0.0,0.0,0.0,0.0
6,4797621,+,6,7866979,-,UVM,2354,TCGA-VD-AA8S-01B,TCGA-VD-AA8S-01B,1.0,0.0,0.0,0.0,0.0
6,5063044,+,6,5418546,-,UVM,2355,TCGA-VD-AA8S-01B,TCGA-VD-AA8S-01B,1.0,0.0,0.0,0.0,0.0
6,5951824,+,6,16717870,-,UVM,2356,TCGA-VD-AA8S-01B,TCGA-VD-AA8S-01B,1.0,0.0,0.0,0.0,0.0
6,5964546,-,6,6820000,+,UVM,2357,TCGA-VD-AA8S-01B,TCGA-VD-AA8S-01B,1.0,0.0,0.0,0.0,0.0
6,5971523,+,6,6773039,+,UVM,2358,TCGA-VD-AA8S-01B,TCGA-VD-AA8S-01B,1.0,0.0,0.0,0.0,0.0
6,6773588,-,6,16730422,+,UVM,2359,TCGA-VD-AA8S-01B,TCGA-VD-AA8S-01B,1.0,0.0,0.0,0.0,0.0
6,6774155,+,6,8346906,-,UVM,2360,TCGA-VD-AA8S-01B,TCGA-VD-AA8S-01B,1.0,0.0,0.0,0.0,0.0
6,6780186,-,6,18211104,-,UVM,2361,TCGA-VD-AA8S-01B,TCGA-VD-AA8S-01B,1.0,0.0,0.0,0.0,0.0
6,6825805,-,6,16730166,-,UVM,2362,TCGA-VD-AA8S-01B,TCGA-VD-AA8S-01B,1.0,0.0,0.0,0.0,0.0
6,7836596,+,6,18413880,+,UVM,2363,TCGA-VD-AA8S-01B,TCGA-VD-AA8S-01B,1.0,0.0,0.0,0.0,0.0
6,7866971,-,6,17815681,+,UVM,2364,TCGA-VD-AA8S-01B,TCGA-VD-AA8S-01B,1.0,0.0,0.0,0.0,0.0
6,8390059,+,6,17805037,+,UVM,2365,TCGA-VD-AA8S-01B,TCGA-VD-AA8S-01B,1.0,0.0,0.0,0.0,0.0
6,8413989,-,6,17815441,-,UVM,2366,TCGA-VD-AA8S-01B,TCGA-VD-AA8S-01B,1.0,0.0,0.0,0.0,0.0
6,16411768,+,6,16739783,-,UVM,2367,TCGA-VD-AA8S-01B,TCGA-VD-AA8S-01B,1.0,0.0,0.0,0.0,0.0
6,16722845,-,6,16730166,-,UVM,2368,TCGA-VD-AA8S-01B,TCGA-VD-AA8S-01B,1.0,0.0,0.0,0.0,0.0
6,97355051,-,8,138442238,-,UVM,2369,TCGA-VD-AA8S-01B,TCGA-VD-AA8S-01B,1.0,0.0,0.0,0.0,0.0
8,13622551,+,23,135115029,+,UVM,2370,TCGA-VD-AA8S-01B,TCGA-VD-AA8S-01B,1.0,0.0,0.0,0.0,0.0
1,212329331,+,1,212345801,-,UVM,2371,TCGA-WC-A87T-01A,TCGA-WC-A87T-01A,1.0,0.0,0.0,0.0,0.0
11,48639533,+,11,54736690,-,UVM,2372,TCGA-WC-A87T-01A,TCGA-WC-A87T-01A,1.0,0.0,0.0,0.0,0.0
13,17489779,-,13,17980619,+,UVM,2373,TCGA-WC-A87T-01A,TCGA-WC-A87T-01A,1.0,0.0,0.0,0.0,0.0
18,15745742,+,18,20611462,-,UVM,2374,TCGA-WC-A87T-01A,TCGA-WC-A87T-01A,1.0,0.0,0.0,0.0,0.0
2,65925983,+,2,65964837,-,UVM,2375,TCGA-WC-A87T-01A,TCGA-WC-A87T-01A,1.0,0.0,0.0,0.0,0.0
2,65926086,-,2,65965018,+,UVM,2376,TCGA-WC-A87T-01A,TCGA-WC-A87T-01A,1.0,0.0,0.0,0.0,0.0
2,192963643,+,6,25949914,+,UVM,2377,TCGA-WC-A87T-01A,TCGA-WC-A87T-01A,1.0,0.0,0.0,0.0,0.0
3,89834969,+,5,160816276,-,UVM,2378,TCGA-WC-A87T-01A,TCGA-WC-A87T-01A,1.0,0.0,0.0,0.0,0.0
3,90953169,+,3,91108457,-,UVM,2379,TCGA-WC-A87T-01A,TCGA-WC-A87T-01A,1.0,0.0,0.0,0.0,0.0
3,91021814,+,3,91163688,-,UVM,2380,TCGA-WC-A87T-01A,TCGA-WC-A87T-01A,1.0,0.0,0.0,0.0,0.0
3,91037430,+,3,91192745,-,UVM,2381,TCGA-WC-A87T-01A,TCGA-WC-A87T-01A,1.0,0.0,0.0,0.0,0.0
5,164629250,+,5,165044528,-,UVM,2382,TCGA-WC-A87T-01A,TCGA-WC-A87T-01A,1.0,0.0,0.0,0.0,0.0
5,166589159,+,5,166705403,-,UVM,2383,TCGA-WC-A87T-01A,TCGA-WC-A87T-01A,1.0,0.0,0.0,0.0,0.0
8,142632098,-,11,67545740,-,UVM,2384,TCGA-WC-A87T-01A,TCGA-WC-A87T-01A,1.0,0.0,0.0,0.0,0.0
9,43178701,+,18,15403550,-,UVM,2385,TCGA-WC-A87T-01A,TCGA-WC-A87T-01A,1.0,0.0,0.0,0.0,0.0
13,17840738,+,13,17887194,-,UVM,2386,TCGA-WC-A87U-01A,TCGA-WC-A87U-01A,1.0,0.0,0.0,0.0,0.0
17,36081826,-,17,36188256,+,UVM,2387,TCGA-WC-A87U-01A,TCGA-WC-A87U-01A,1.0,0.0,0.0,0.0,0.0
19,14089965,-,22,20450135,+,UVM,2388,TCGA-WC-A87U-01A,TCGA-WC-A87U-01A,1.0,0.0,0.0,0.0,0.0
19,14090247,+,22,20449758,-,UVM,2389,TCGA-WC-A87U-01A,TCGA-WC-A87U-01A,1.0,0.0,0.0,0.0,0.0
2,91952263,-,24,11407357,+,UVM,2390,TCGA-WC-A87U-01A,TCGA-WC-A87U-01A,1.0,0.0,0.0,0.0,0.0
2,177737405,+,6,4770035,+,UVM,2391,TCGA-WC-A87U-01A,TCGA-WC-A87U-01A,1.0,0.0,0.0,0.0,0.0
20,26477339,+,20,26478305,-,UVM,2392,TCGA-WC-A87U-01A,TCGA-WC-A87U-01A,1.0,0.0,0.0,0.0,0.0
20,26495270,+,20,26554733,-,UVM,2393,TCGA-WC-A87U-01A,TCGA-WC-A87U-01A,1.0,0.0,0.0,0.0,0.0
4,5294101,-,13,92697055,+,UVM,2394,TCGA-WC-A87U-01A,TCGA-WC-A87U-01A,1.0,0.0,0.0,0.0,0.0
4,50471145,+,4,51171148,-,UVM,2395,TCGA-WC-A87U-01A,TCGA-WC-A87U-01A,1.0,0.0,0.0,0.0,0.0
5,46652928,-,5,46707908,+,UVM,2396,TCGA-WC-A87U-01A,TCGA-WC-A87U-01A,1.0,0.0,0.0,0.0,0.0
7,109093505,-,23,139504409,+,UVM,2397,TCGA-WC-A87U-01A,TCGA-WC-A87U-01A,1.0,0.0,0.0,0.0,0.0
7,132562806,+,23,1169143,+,UVM,2398,TCGA-WC-A87U-01A,TCGA-WC-A87U-01A,1.0,0.0,0.0,0.0,0.0
1,24697686,-,4,4349010,+,UVM,2399,TCGA-WC-A87W-01A,TCGA-WC-A87W-01A,1.0,0.0,0.0,0.0,0.0
1,77433682,+,8,133313082,+,UVM,2400,TCGA-WC-A87W-01A,TCGA-WC-A87W-01A,1.0,0.0,0.0,0.0,0.0
1,122379360,+,1,122390698,-,UVM,2401,TCGA-WC-A87W-01A,TCGA-WC-A87W-01A,1.0,0.0,0.0,0.0,0.0
1,124813886,-,1,124815317,+,UVM,2402,TCGA-WC-A87W-01A,TCGA-WC-A87W-01A,1.0,0.0,0.0,0.0,0.0
11,52459718,-,11,52669797,+,UVM,2403,TCGA-WC-A87W-01A,TCGA-WC-A87W-01A,1.0,0.0,0.0,0.0,0.0
11,53258925,-,11,53771724,+,UVM,2404,TCGA-WC-A87W-01A,TCGA-WC-A87W-01A,1.0,0.0,0.0,0.0,0.0
11,54359802,-,11,54384578,+,UVM,2405,TCGA-WC-A87W-01A,TCGA-WC-A87W-01A,1.0,0.0,0.0,0.0,0.0
11,54387740,+,11,54402184,-,UVM,2406,TCGA-WC-A87W-01A,TCGA-WC-A87W-01A,1.0,0.0,0.0,0.0,0.0
12,36193598,-,12,36816208,+,UVM,2407,TCGA-WC-A87W-01A,TCGA-WC-A87W-01A,1.0,0.0,0.0,0.0,0.0
13,18665196,-,21,13762181,+,UVM,2408,TCGA-WC-A87W-01A,TCGA-WC-A87W-01A,1.0,0.0,0.0,0.0,0.0
17,12167922,-,17,49026718,+,UVM,2409,TCGA-WC-A87W-01A,TCGA-WC-A87W-01A,1.0,0.0,0.0,0.0,0.0
17,22929923,-,17,23176215,+,UVM,2410,TCGA-WC-A87W-01A,TCGA-WC-A87W-01A,1.0,0.0,0.0,0.0,0.0
18,2758061,-,18,67231560,+,UVM,2411,TCGA-WC-A87W-01A,TCGA-WC-A87W-01A,1.0,0.0,0.0,0.0,0.0
2,147777357,+,7,88110844,+,UVM,2412,TCGA-WC-A87W-01A,TCGA-WC-A87W-01A,1.0,0.0,0.0,0.0,0.0
2,217858672,-,8,94667069,-,UVM,2413,TCGA-WC-A87W-01A,TCGA-WC-A87W-01A,1.0,0.0,0.0,0.0,0.0
20,29921149,-,20,30000541,+,UVM,2414,TCGA-WC-A87W-01A,TCGA-WC-A87W-01A,1.0,0.0,0.0,0.0,0.0
20,29959893,-,20,30001168,+,UVM,2415,TCGA-WC-A87W-01A,TCGA-WC-A87W-01A,1.0,0.0,0.0,0.0,0.0
4,49728226,+,4,51187605,-,UVM,2416,TCGA-WC-A87W-01A,TCGA-WC-A87W-01A,1.0,0.0,0.0,0.0,0.0
6,29888175,-,6,29942981,+,UVM,2417,TCGA-WC-A87W-01A,TCGA-WC-A87W-01A,1.0,0.0,0.0,0.0,0.0
6,33135240,+,12,120423237,-,UVM,2418,TCGA-WC-A87W-01A,TCGA-WC-A87W-01A,1.0,0.0,0.0,0.0,0.0
6,57474201,+,6,60367106,-,UVM,2419,TCGA-WC-A87W-01A,TCGA-WC-A87W-01A,1.0,0.0,0.0,0.0,0.0
6,113696202,-,14,21234327,+,UVM,2420,TCGA-WC-A87W-01A,TCGA-WC-A87W-01A,1.0,0.0,0.0,0.0,0.0
7,61439553,+,7,61442344,-,UVM,2421,TCGA-WC-A87W-01A,TCGA-WC-A87W-01A,1.0,0.0,0.0,0.0,0.0
8,45399332,-,8,45678791,+,UVM,2422,TCGA-WC-A87W-01A,TCGA-WC-A87W-01A,1.0,0.0,0.0,0.0,0.0
9,18180577,-,11,109449085,+,UVM,2423,TCGA-WC-A87W-01A,TCGA-WC-A87W-01A,1.0,0.0,0.0,0.0,0.0
23,86842223,-,23,87968957,+,UVM,2424,TCGA-WC-A87W-01A,TCGA-WC-A87W-01A,1.0,0.0,0.0,0.0,0.0
1,124808966,-,1,124821132,+,UVM,2425,TCGA-WC-A880-01A,TCGA-WC-A880-01A,1.0,0.0,0.0,0.0,0.0
10,39338162,+,10,39341980,-,UVM,2426,TCGA-WC-A880-01A,TCGA-WC-A880-01A,1.0,0.0,0.0,0.0,0.0
11,115195809,+,11,132567855,-,UVM,2427,TCGA-WC-A880-01A,TCGA-WC-A880-01A,1.0,0.0,0.0,0.0,0.0
12,3226793,+,17,47133029,+,UVM,2428,TCGA-WC-A880-01A,TCGA-WC-A880-01A,1.0,0.0,0.0,0.0,0.0
12,82659183,-,14,25680707,+,UVM,2429,TCGA-WC-A880-01A,TCGA-WC-A880-01A,1.0,0.0,0.0,0.0,0.0
13,16298461,-,13,16734364,+,UVM,2430,TCGA-WC-A880-01A,TCGA-WC-A880-01A,1.0,0.0,0.0,0.0,0.0
18,15755171,+,18,20667594,-,UVM,2431,TCGA-WC-A880-01A,TCGA-WC-A880-01A,1.0,0.0,0.0,0.0,0.0
19,2067136,+,23,1186037,+,UVM,2432,TCGA-WC-A880-01A,TCGA-WC-A880-01A,1.0,0.0,0.0,0.0,0.0
2,6253217,+,4,149368987,+,UVM,2433,TCGA-WC-A880-01A,TCGA-WC-A880-01A,1.0,0.0,0.0,0.0,0.0
2,92866344,+,2,92876324,-,UVM,2434,TCGA-WC-A880-01A,TCGA-WC-A880-01A,1.0,0.0,0.0,0.0,0.0
2,156066350,+,2,156068545,-,UVM,2435,TCGA-WC-A880-01A,TCGA-WC-A880-01A,1.0,0.0,0.0,0.0,0.0
5,46639828,+,5,46697313,-,UVM,2436,TCGA-WC-A880-01A,TCGA-WC-A880-01A,1.0,0.0,0.0,0.0,0.0
5,166573036,+,5,166633707,-,UVM,2437,TCGA-WC-A880-01A,TCGA-WC-A880-01A,1.0,0.0,0.0,0.0,0.0
6,151046471,-,9,43140866,+,UVM,2438,TCGA-WC-A880-01A,TCGA-WC-A880-01A,1.0,0.0,0.0,0.0,0.0
8,121970147,-,11,34877881,+,UVM,2439,TCGA-WC-A880-01A,TCGA-WC-A880-01A,1.0,0.0,0.0,0.0,0.0
9,40229208,+,9,42858498,-,UVM,2440,TCGA-WC-A880-01A,TCGA-WC-A880-01A,1.0,0.0,0.0,0.0,0.0
9,40545649,-,9,43176027,+,UVM,2441,TCGA-WC-A880-01A,TCGA-WC-A880-01A,1.0,0.0,0.0,0.0,0.0
1,77433685,+,8,133313071,+,UVM,2442,TCGA-WC-A881-01A,TCGA-WC-A881-01A,1.0,0.0,0.0,0.0,0.0
1,87757263,-,8,123527991,-,UVM,2443,TCGA-WC-A881-01A,TCGA-WC-A881-01A,1.0,0.0,0.0,0.0,0.0
1,124980163,+,1,124994407,-,UVM,2444,TCGA-WC-A881-01A,TCGA-WC-A881-01A,1.0,0.0,0.0,0.0,0.0
12,36282060,-,12,36967781,+,UVM,2445,TCGA-WC-A881-01A,TCGA-WC-A881-01A,1.0,0.0,0.0,0.0,0.0
12,36543380,+,12,37026228,-,UVM,2446,TCGA-WC-A881-01A,TCGA-WC-A881-01A,1.0,0.0,0.0,0.0,0.0
13,110954922,+,13,112395951,+,UVM,2447,TCGA-WC-A881-01A,TCGA-WC-A881-01A,1.0,0.0,0.0,0.0,0.0
16,37729174,-,16,38121025,+,UVM,2448,TCGA-WC-A881-01A,TCGA-WC-A881-01A,1.0,0.0,0.0,0.0,0.0
2,86866177,+,2,106482822,+,UVM,2449,TCGA-WC-A881-01A,TCGA-WC-A881-01A,1.0,0.0,0.0,0.0,0.0
3,91019593,+,3,91147864,-,UVM,2450,TCGA-WC-A881-01A,TCGA-WC-A881-01A,1.0,0.0,0.0,0.0,0.0
4,49603750,+,21,9104684,-,UVM,2451,TCGA-WC-A881-01A,TCGA-WC-A881-01A,1.0,0.0,0.0,0.0,0.0
5,49861604,+,5,49894489,-,UVM,2452,TCGA-WC-A881-01A,TCGA-WC-A881-01A,1.0,0.0,0.0,0.0,0.0
7,126318152,+,13,30607491,+,UVM,2453,TCGA-WC-A881-01A,TCGA-WC-A881-01A,1.0,0.0,0.0,0.0,0.0
8,88789430,-,8,94435194,-,UVM,2454,TCGA-WC-A881-01A,TCGA-WC-A881-01A,1.0,0.0,0.0,0.0,0.0
8,94444945,+,8,123527961,+,UVM,2455,TCGA-WC-A881-01A,TCGA-WC-A881-01A,1.0,0.0,0.0,0.0,0.0
8,102423153,+,11,65252178,-,UVM,2456,TCGA-WC-A881-01A,TCGA-WC-A881-01A,1.0,0.0,0.0,0.0,0.0
1,239924617,-,4,112831186,-,UVM,2457,TCGA-WC-A882-01A,TCGA-WC-A882-01A,1.0,0.0,0.0,0.0,0.0
10,38680247,+,24,11377214,-,UVM,2458,TCGA-WC-A882-01A,TCGA-WC-A882-01A,1.0,0.0,0.0,0.0,0.0
11,54351213,-,11,54376857,+,UVM,2459,TCGA-WC-A882-01A,TCGA-WC-A882-01A,1.0,0.0,0.0,0.0,0.0
16,37725479,-,16,37915645,+,UVM,2460,TCGA-WC-A882-01A,TCGA-WC-A882-01A,1.0,0.0,0.0,0.0,0.0
19,4382820,+,19,4383205,-,UVM,2461,TCGA-WC-A882-01A,TCGA-WC-A882-01A,1.0,0.0,0.0,0.0,0.0
2,148330089,-,7,6493158,-,UVM,2462,TCGA-WC-A882-01A,TCGA-WC-A882-01A,1.0,0.0,0.0,0.0,0.0
3,188752211,-,3,189360425,-,UVM,2463,TCGA-WC-A882-01A,TCGA-WC-A882-01A,1.0,0.0,0.0,0.0,0.0
5,165805991,+,5,166593883,-,UVM,2464,TCGA-WC-A882-01A,TCGA-WC-A882-01A,1.0,0.0,0.0,0.0,0.0
5,165881510,+,5,165905514,-,UVM,2465,TCGA-WC-A882-01A,TCGA-WC-A882-01A,1.0,0.0,0.0,0.0,0.0
5,166213714,+,5,166542598,-,UVM,2466,TCGA-WC-A882-01A,TCGA-WC-A882-01A,1.0,0.0,0.0,0.0,0.0
5,177983730,+,8,56499334,-,UVM,2467,TCGA-WC-A882-01A,TCGA-WC-A882-01A,1.0,0.0,0.0,0.0,0.0
6,153147965,+,6,153148782,-,UVM,2468,TCGA-WC-A882-01A,TCGA-WC-A882-01A,1.0,0.0,0.0,0.0,0.0
10,39153855,-,10,39168125,+,UVM,2469,TCGA-WC-A883-01A,TCGA-WC-A883-01A,1.0,0.0,0.0,0.0,0.0
13,113008969,+,13,113009561,-,UVM,2470,TCGA-WC-A883-01A,TCGA-WC-A883-01A,1.0,0.0,0.0,0.0,0.0
19,31413905,-,19,31414420,-,UVM,2471,TCGA-WC-A883-01A,TCGA-WC-A883-01A,1.0,0.0,0.0,0.0,0.0
2,172760195,-,2,172862191,+,UVM,2472,TCGA-WC-A883-01A,TCGA-WC-A883-01A,1.0,0.0,0.0,0.0,0.0
20,5880775,+,20,25455197,-,UVM,2473,TCGA-WC-A883-01A,TCGA-WC-A883-01A,1.0,0.0,0.0,0.0,0.0
20,29592737,-,20,30263719,-,UVM,2474,TCGA-WC-A883-01A,TCGA-WC-A883-01A,1.0,0.0,0.0,0.0,0.0
4,87022563,+,16,87231843,-,UVM,2475,TCGA-WC-A883-01A,TCGA-WC-A883-01A,1.0,0.0,0.0,0.0,0.0
5,166267137,+,5,166646012,-,UVM,2476,TCGA-WC-A883-01A,TCGA-WC-A883-01A,1.0,0.0,0.0,0.0,0.0
8,45080665,-,8,45427506,+,UVM,2477,TCGA-WC-A883-01A,TCGA-WC-A883-01A,1.0,0.0,0.0,0.0,0.0
9,138155850,+,18,68091,+,UVM,2478,TCGA-WC-A883-01A,TCGA-WC-A883-01A,1.0,0.0,0.0,0.0,0.0
1,240955490,+,6,86113022,+,UVM,2479,TCGA-WC-A884-01A,TCGA-WC-A884-01A,1.0,0.0,0.0,0.0,0.0
11,52067578,-,11,52862484,+,UVM,2480,TCGA-WC-A884-01A,TCGA-WC-A884-01A,1.0,0.0,0.0,0.0,0.0
11,52824825,-,11,52980372,+,UVM,2481,TCGA-WC-A884-01A,TCGA-WC-A884-01A,1.0,0.0,0.0,0.0,0.0
11,103734167,+,11,119068599,-,UVM,2482,TCGA-WC-A884-01A,TCGA-WC-A884-01A,1.0,0.0,0.0,0.0,0.0
11,103744364,-,11,118241153,+,UVM,2483,TCGA-WC-A884-01A,TCGA-WC-A884-01A,1.0,0.0,0.0,0.0,0.0
11,103882074,+,11,113619470,-,UVM,2484,TCGA-WC-A884-01A,TCGA-WC-A884-01A,1.0,0.0,0.0,0.0,0.0
11,106173854,+,15,75431084,+,UVM,2485,TCGA-WC-A884-01A,TCGA-WC-A884-01A,1.0,0.0,0.0,0.0,0.0
11,108353432,+,11,118835995,+,UVM,2486,TCGA-WC-A884-01A,TCGA-WC-A884-01A,1.0,0.0,0.0,0.0,0.0
11,108550411,+,11,118956428,+,UVM,2487,TCGA-WC-A884-01A,TCGA-WC-A884-01A,1.0,0.0,0.0,0.0,0.0
11,108734506,-,11,120275069,+,UVM,2488,TCGA-WC-A884-01A,TCGA-WC-A884-01A,1.0,0.0,0.0,0.0,0.0
11,113284744,+,11,113286984,+,UVM,2489,TCGA-WC-A884-01A,TCGA-WC-A884-01A,1.0,0.0,0.0,0.0,0.0
11,113286278,+,11,116172024,-,UVM,2490,TCGA-WC-A884-01A,TCGA-WC-A884-01A,1.0,0.0,0.0,0.0,0.0
11,113286666,+,11,117766586,+,UVM,2491,TCGA-WC-A884-01A,TCGA-WC-A884-01A,1.0,0.0,0.0,0.0,0.0
11,118911880,-,11,120422092,-,UVM,2492,TCGA-WC-A884-01A,TCGA-WC-A884-01A,1.0,0.0,0.0,0.0,0.0
11,120666055,+,11,120687997,-,UVM,2493,TCGA-WC-A884-01A,TCGA-WC-A884-01A,1.0,0.0,0.0,0.0,0.0
13,16020055,-,20,28765403,-,UVM,2494,TCGA-WC-A884-01A,TCGA-WC-A884-01A,1.0,0.0,0.0,0.0,0.0
16,69352049,+,16,78617910,-,UVM,2495,TCGA-WC-A884-01A,TCGA-WC-A884-01A,1.0,0.0,0.0,0.0,0.0
16,78297343,+,16,85364277,-,UVM,2496,TCGA-WC-A884-01A,TCGA-WC-A884-01A,1.0,0.0,0.0,0.0,0.0
16,82690872,-,16,82698518,-,UVM,2497,TCGA-WC-A884-01A,TCGA-WC-A884-01A,1.0,0.0,0.0,0.0,0.0
16,86596270,-,16,86597964,-,UVM,2498,TCGA-WC-A884-01A,TCGA-WC-A884-01A,1.0,0.0,0.0,0.0,0.0
16,86597825,+,16,88024538,-,UVM,2499,TCGA-WC-A884-01A,TCGA-WC-A884-01A,1.0,0.0,0.0,0.0,0.0
17,23100068,+,17,23172639,-,UVM,2500,TCGA-WC-A884-01A,TCGA-WC-A884-01A,1.0,0.0,0.0,0.0,0.0
17,31379720,+,17,33334471,-,UVM,2501,TCGA-WC-A884-01A,TCGA-WC-A884-01A,1.0,0.0,0.0,0.0,0.0
17,31392057,-,17,33331635,+,UVM,2502,TCGA-WC-A884-01A,TCGA-WC-A884-01A,1.0,0.0,0.0,0.0,0.0
17,33710283,-,17,80983159,+,UVM,2503,TCGA-WC-A884-01A,TCGA-WC-A884-01A,1.0,0.0,0.0,0.0,0.0
17,33710287,+,17,33710375,+,UVM,2504,TCGA-WC-A884-01A,TCGA-WC-A884-01A,1.0,0.0,0.0,0.0,0.0
17,33710287,+,17,80983159,+,UVM,2505,TCGA-WC-A884-01A,TCGA-WC-A884-01A,1.0,0.0,0.0,0.0,0.0
17,35058149,-,17,52113936,-,UVM,2506,TCGA-WC-A884-01A,TCGA-WC-A884-01A,1.0,0.0,0.0,0.0,0.0
17,36698226,+,17,40964508,+,UVM,2507,TCGA-WC-A884-01A,TCGA-WC-A884-01A,1.0,0.0,0.0,0.0,0.0
17,40911408,-,17,77561029,-,UVM,2508,TCGA-WC-A884-01A,TCGA-WC-A884-01A,1.0,0.0,0.0,0.0,0.0
17,40975805,-,17,65888103,-,UVM,2509,TCGA-WC-A884-01A,TCGA-WC-A884-01A,1.0,0.0,0.0,0.0,0.0
17,41769178,+,21,40042459,-,UVM,2510,TCGA-WC-A884-01A,TCGA-WC-A884-01A,1.0,0.0,0.0,0.0,0.0
17,45448944,+,21,44916216,-,UVM,2511,TCGA-WC-A884-01A,TCGA-WC-A884-01A,1.0,0.0,0.0,0.0,0.0
17,50432948,+,21,26783581,+,UVM,2512,TCGA-WC-A884-01A,TCGA-WC-A884-01A,1.0,0.0,0.0,0.0,0.0
17,50434573,-,21,26910573,+,UVM,2513,TCGA-WC-A884-01A,TCGA-WC-A884-01A,1.0,0.0,0.0,0.0,0.0
17,51384351,+,21,19305481,-,UVM,2514,TCGA-WC-A884-01A,TCGA-WC-A884-01A,1.0,0.0,0.0,0.0,0.0
17,51385328,-,17,78536623,+,UVM,2515,TCGA-WC-A884-01A,TCGA-WC-A884-01A,1.0,0.0,0.0,0.0,0.0
17,52019779,+,17,63440126,+,UVM,2516,TCGA-WC-A884-01A,TCGA-WC-A884-01A,1.0,0.0,0.0,0.0,0.0
17,52022153,-,17,60539392,+,UVM,2517,TCGA-WC-A884-01A,TCGA-WC-A884-01A,1.0,0.0,0.0,0.0,0.0
17,52465992,+,17,65901546,+,UVM,2518,TCGA-WC-A884-01A,TCGA-WC-A884-01A,1.0,0.0,0.0,0.0,0.0
17,52469828,-,17,57938015,-,UVM,2519,TCGA-WC-A884-01A,TCGA-WC-A884-01A,1.0,0.0,0.0,0.0,0.0
17,52960805,+,21,18228789,-,UVM,2520,TCGA-WC-A884-01A,TCGA-WC-A884-01A,1.0,0.0,0.0,0.0,0.0
17,52963230,-,17,62120392,+,UVM,2521,TCGA-WC-A884-01A,TCGA-WC-A884-01A,1.0,0.0,0.0,0.0,0.0
17,55429994,-,17,81987339,+,UVM,2522,TCGA-WC-A884-01A,TCGA-WC-A884-01A,1.0,0.0,0.0,0.0,0.0
17,55434433,+,21,21774103,-,UVM,2523,TCGA-WC-A884-01A,TCGA-WC-A884-01A,1.0,0.0,0.0,0.0,0.0
17,55441374,-,21,21584700,-,UVM,2524,TCGA-WC-A884-01A,TCGA-WC-A884-01A,1.0,0.0,0.0,0.0,0.0
17,55441986,-,17,77138856,+,UVM,2525,TCGA-WC-A884-01A,TCGA-WC-A884-01A,1.0,0.0,0.0,0.0,0.0
17,55443201,+,17,55875458,+,UVM,2526,TCGA-WC-A884-01A,TCGA-WC-A884-01A,1.0,0.0,0.0,0.0,0.0
17,56472977,-,17,80985859,+,UVM,2527,TCGA-WC-A884-01A,TCGA-WC-A884-01A,1.0,0.0,0.0,0.0,0.0
17,56472977,-,17,80985884,-,UVM,2528,TCGA-WC-A884-01A,TCGA-WC-A884-01A,1.0,0.0,0.0,0.0,0.0
17,56475921,+,17,66037055,-,UVM,2529,TCGA-WC-A884-01A,TCGA-WC-A884-01A,1.0,0.0,0.0,0.0,0.0
17,57965354,+,21,17072562,+,UVM,2530,TCGA-WC-A884-01A,TCGA-WC-A884-01A,1.0,0.0,0.0,0.0,0.0
17,57968333,-,17,63443422,-,UVM,2531,TCGA-WC-A884-01A,TCGA-WC-A884-01A,1.0,0.0,0.0,0.0,0.0
17,58039946,+,17,75121285,-,UVM,2532,TCGA-WC-A884-01A,TCGA-WC-A884-01A,1.0,0.0,0.0,0.0,0.0
17,58042862,-,17,65585226,-,UVM,2533,TCGA-WC-A884-01A,TCGA-WC-A884-01A,1.0,0.0,0.0,0.0,0.0
17,58324429,+,17,65570269,-,UVM,2534,TCGA-WC-A884-01A,TCGA-WC-A884-01A,1.0,0.0,0.0,0.0,0.0
17,59628849,-,21,44967871,+,UVM,2535,TCGA-WC-A884-01A,TCGA-WC-A884-01A,1.0,0.0,0.0,0.0,0.0
17,60541119,-,21,16794936,-,UVM,2536,TCGA-WC-A884-01A,TCGA-WC-A884-01A,1.0,0.0,0.0,0.0,0.0
17,61242580,+,21,40385152,+,UVM,2537,TCGA-WC-A884-01A,TCGA-WC-A884-01A,1.0,0.0,0.0,0.0,0.0
17,61246794,-,17,78367627,-,UVM,2538,TCGA-WC-A884-01A,TCGA-WC-A884-01A,1.0,0.0,0.0,0.0,0.0
17,61287470,+,21,40044983,+,UVM,2539,TCGA-WC-A884-01A,TCGA-WC-A884-01A,1.0,0.0,0.0,0.0,0.0
17,61288203,-,21,33934811,+,UVM,2540,TCGA-WC-A884-01A,TCGA-WC-A884-01A,1.0,0.0,0.0,0.0,0.0
17,61320775,+,17,75217448,+,UVM,2541,TCGA-WC-A884-01A,TCGA-WC-A884-01A,1.0,0.0,0.0,0.0,0.0
17,61325942,-,17,77469431,+,UVM,2542,TCGA-WC-A884-01A,TCGA-WC-A884-01A,1.0,0.0,0.0,0.0,0.0
17,65221229,+,21,40046870,-,UVM,2543,TCGA-WC-A884-01A,TCGA-WC-A884-01A,1.0,0.0,0.0,0.0,0.0
17,65223061,-,17,65583288,+,UVM,2544,TCGA-WC-A884-01A,TCGA-WC-A884-01A,1.0,0.0,0.0,0.0,0.0
17,65565502,+,21,46568127,-,UVM,2545,TCGA-WC-A884-01A,TCGA-WC-A884-01A,1.0,0.0,0.0,0.0,0.0
17,65885124,+,17,71689926,-,UVM,2546,TCGA-WC-A884-01A,TCGA-WC-A884-01A,1.0,0.0,0.0,0.0,0.0
17,66039392,+,21,46321718,+,UVM,2547,TCGA-WC-A884-01A,TCGA-WC-A884-01A,1.0,0.0,0.0,0.0,0.0
17,66043589,-,17,78977426,-,UVM,2548,TCGA-WC-A884-01A,TCGA-WC-A884-01A,1.0,0.0,0.0,0.0,0.0
17,67310419,+,21,26137973,-,UVM,2549,TCGA-WC-A884-01A,TCGA-WC-A884-01A,1.0,0.0,0.0,0.0,0.0
17,67312360,-,21,32395059,-,UVM,2550,TCGA-WC-A884-01A,TCGA-WC-A884-01A,1.0,0.0,0.0,0.0,0.0
17,69060058,+,21,25098864,+,UVM,2551,TCGA-WC-A884-01A,TCGA-WC-A884-01A,1.0,0.0,0.0,0.0,0.0
17,69078476,-,21,26520690,-,UVM,2552,TCGA-WC-A884-01A,TCGA-WC-A884-01A,1.0,0.0,0.0,0.0,0.0
17,71623146,+,21,17166610,-,UVM,2553,TCGA-WC-A884-01A,TCGA-WC-A884-01A,1.0,0.0,0.0,0.0,0.0
17,71915166,+,21,26918479,-,UVM,2554,TCGA-WC-A884-01A,TCGA-WC-A884-01A,1.0,0.0,0.0,0.0,0.0
17,75516847,-,17,77471618,-,UVM,2555,TCGA-WC-A884-01A,TCGA-WC-A884-01A,1.0,0.0,0.0,0.0,0.0
17,75740386,+,17,80706398,+,UVM,2556,TCGA-WC-A884-01A,TCGA-WC-A884-01A,1.0,0.0,0.0,0.0,0.0
17,76254542,-,21,21751636,-,UVM,2557,TCGA-WC-A884-01A,TCGA-WC-A884-01A,1.0,0.0,0.0,0.0,0.0
17,76457866,+,21,21759278,+,UVM,2558,TCGA-WC-A884-01A,TCGA-WC-A884-01A,1.0,0.0,0.0,0.0,0.0
17,77136824,-,21,21640808,-,UVM,2559,TCGA-WC-A884-01A,TCGA-WC-A884-01A,1.0,0.0,0.0,0.0,0.0
17,77161911,-,17,82141394,+,UVM,2560,TCGA-WC-A884-01A,TCGA-WC-A884-01A,1.0,0.0,0.0,0.0,0.0
17,77173030,-,21,21799872,-,UVM,2561,TCGA-WC-A884-01A,TCGA-WC-A884-01A,1.0,0.0,0.0,0.0,0.0
17,77556724,+,17,77556856,+,UVM,2562,TCGA-WC-A884-01A,TCGA-WC-A884-01A,1.0,0.0,0.0,0.0,0.0
17,78030953,+,17,80717731,-,UVM,2563,TCGA-WC-A884-01A,TCGA-WC-A884-01A,1.0,0.0,0.0,0.0,0.0
17,81203351,+,21,40387284,+,UVM,2564,TCGA-WC-A884-01A,TCGA-WC-A884-01A,1.0,0.0,0.0,0.0,0.0
17,81203413,+,21,40387251,-,UVM,2565,TCGA-WC-A884-01A,TCGA-WC-A884-01A,1.0,0.0,0.0,0.0,0.0
17,81986600,-,21,21566272,+,UVM,2566,TCGA-WC-A884-01A,TCGA-WC-A884-01A,1.0,0.0,0.0,0.0,0.0
17,82001509,-,17,82721292,-,UVM,2567,TCGA-WC-A884-01A,TCGA-WC-A884-01A,1.0,0.0,0.0,0.0,0.0
17,82135829,+,21,10417729,-,UVM,2568,TCGA-WC-A884-01A,TCGA-WC-A884-01A,1.0,0.0,0.0,0.0,0.0
17,82139797,-,21,21564957,-,UVM,2569,TCGA-WC-A884-01A,TCGA-WC-A884-01A,1.0,0.0,0.0,0.0,0.0
17,82467629,+,17,82468218,+,UVM,2570,TCGA-WC-A884-01A,TCGA-WC-A884-01A,1.0,0.0,0.0,0.0,0.0
17,82478361,-,21,9776572,-,UVM,2571,TCGA-WC-A884-01A,TCGA-WC-A884-01A,1.0,0.0,0.0,0.0,0.0
17,82483807,+,21,10413365,-,UVM,2572,TCGA-WC-A884-01A,TCGA-WC-A884-01A,1.0,0.0,0.0,0.0,0.0
17,82483807,+,22,11066142,-,UVM,2573,TCGA-WC-A884-01A,TCGA-WC-A884-01A,1.0,0.0,0.0,0.0,0.0
17,82731067,-,22,10784170,-,UVM,2574,TCGA-WC-A884-01A,TCGA-WC-A884-01A,1.0,0.0,0.0,0.0,0.0
17,82743201,-,21,21637809,+,UVM,2575,TCGA-WC-A884-01A,TCGA-WC-A884-01A,1.0,0.0,0.0,0.0,0.0
18,15704973,+,18,15706714,-,UVM,2576,TCGA-WC-A884-01A,TCGA-WC-A884-01A,1.0,0.0,0.0,0.0,0.0
18,15731765,+,18,15743584,-,UVM,2577,TCGA-WC-A884-01A,TCGA-WC-A884-01A,1.0,0.0,0.0,0.0,0.0
18,15752684,-,18,15764658,+,UVM,2578,TCGA-WC-A884-01A,TCGA-WC-A884-01A,1.0,0.0,0.0,0.0,0.0
18,15754765,-,18,15785381,+,UVM,2579,TCGA-WC-A884-01A,TCGA-WC-A884-01A,1.0,0.0,0.0,0.0,0.0
2,182577932,-,11,92553676,-,UVM,2580,TCGA-WC-A884-01A,TCGA-WC-A884-01A,1.0,0.0,0.0,0.0,0.0
20,29242594,+,20,30469654,-,UVM,2581,TCGA-WC-A884-01A,TCGA-WC-A884-01A,1.0,0.0,0.0,0.0,0.0
20,29246952,-,21,21563576,+,UVM,2582,TCGA-WC-A884-01A,TCGA-WC-A884-01A,1.0,0.0,0.0,0.0,0.0
20,29730295,-,21,21563576,+,UVM,2583,TCGA-WC-A884-01A,TCGA-WC-A884-01A,1.0,0.0,0.0,0.0,0.0
21,5106424,+,21,26513327,+,UVM,2584,TCGA-WC-A884-01A,TCGA-WC-A884-01A,1.0,0.0,0.0,0.0,0.0
21,5108316,-,21,29009829,-,UVM,2585,TCGA-WC-A884-01A,TCGA-WC-A884-01A,1.0,0.0,0.0,0.0,0.0
21,10345918,+,21,46060523,-,UVM,2586,TCGA-WC-A884-01A,TCGA-WC-A884-01A,1.0,0.0,0.0,0.0,0.0
21,10351967,-,21,18226627,+,UVM,2587,TCGA-WC-A884-01A,TCGA-WC-A884-01A,1.0,0.0,0.0,0.0,0.0
21,18228714,-,21,18228795,-,UVM,2588,TCGA-WC-A884-01A,TCGA-WC-A884-01A,1.0,0.0,0.0,0.0,0.0
21,19306598,+,21,22650392,+,UVM,2589,TCGA-WC-A884-01A,TCGA-WC-A884-01A,1.0,0.0,0.0,0.0,0.0
21,21756465,-,21,21761962,-,UVM,2590,TCGA-WC-A884-01A,TCGA-WC-A884-01A,1.0,0.0,0.0,0.0,0.0
21,23653559,-,21,25100312,-,UVM,2591,TCGA-WC-A884-01A,TCGA-WC-A884-01A,1.0,0.0,0.0,0.0,0.0
21,26133758,+,21,40615239,+,UVM,2592,TCGA-WC-A884-01A,TCGA-WC-A884-01A,1.0,0.0,0.0,0.0,0.0
21,26785471,-,21,44755416,+,UVM,2593,TCGA-WC-A884-01A,TCGA-WC-A884-01A,1.0,0.0,0.0,0.0,0.0
21,29007362,+,21,29192458,+,UVM,2594,TCGA-WC-A884-01A,TCGA-WC-A884-01A,1.0,0.0,0.0,0.0,0.0
21,40387191,-,21,40387292,-,UVM,2595,TCGA-WC-A884-01A,TCGA-WC-A884-01A,1.0,0.0,0.0,0.0,0.0
3,90721322,-,3,91138430,-,UVM,2596,TCGA-WC-A884-01A,TCGA-WC-A884-01A,1.0,0.0,0.0,0.0,0.0
3,91042660,-,3,91223789,+,UVM,2597,TCGA-WC-A884-01A,TCGA-WC-A884-01A,1.0,0.0,0.0,0.0,0.0
4,68884350,-,4,69126044,-,UVM,2598,TCGA-WC-A884-01A,TCGA-WC-A884-01A,1.0,0.0,0.0,0.0,0.0
5,46496319,-,5,46530007,+,UVM,2599,TCGA-WC-A884-01A,TCGA-WC-A884-01A,1.0,0.0,0.0,0.0,0.0
5,49726051,-,5,50141208,-,UVM,2600,TCGA-WC-A884-01A,TCGA-WC-A884-01A,1.0,0.0,0.0,0.0,0.0
5,49901978,+,5,49963720,-,UVM,2601,TCGA-WC-A884-01A,TCGA-WC-A884-01A,1.0,0.0,0.0,0.0,0.0
1,27374713,+,1,27375682,-,UVM,2602,TCGA-WC-A885-01A,TCGA-WC-A885-01A,1.0,0.0,0.0,0.0,0.0
1,98730149,-,2,235186039,+,UVM,2603,TCGA-WC-A885-01A,TCGA-WC-A885-01A,1.0,0.0,0.0,0.0,0.0
1,122201201,+,1,122210626,-,UVM,2604,TCGA-WC-A885-01A,TCGA-WC-A885-01A,1.0,0.0,0.0,0.0,0.0
1,122229061,-,1,122271385,+,UVM,2605,TCGA-WC-A885-01A,TCGA-WC-A885-01A,1.0,0.0,0.0,0.0,0.0
1,122269896,-,1,122422865,+,UVM,2606,TCGA-WC-A885-01A,TCGA-WC-A885-01A,1.0,0.0,0.0,0.0,0.0
1,124795655,+,1,124803349,-,UVM,2607,TCGA-WC-A885-01A,TCGA-WC-A885-01A,1.0,0.0,0.0,0.0,0.0
10,32031906,+,12,124942459,+,UVM,2608,TCGA-WC-A885-01A,TCGA-WC-A885-01A,1.0,0.0,0.0,0.0,0.0
11,48726978,+,11,55124802,-,UVM,2609,TCGA-WC-A885-01A,TCGA-WC-A885-01A,1.0,0.0,0.0,0.0,0.0
11,62614669,+,11,62716312,-,UVM,2610,TCGA-WC-A885-01A,TCGA-WC-A885-01A,1.0,0.0,0.0,0.0,0.0
12,112713051,-,18,22068860,-,UVM,2611,TCGA-WC-A885-01A,TCGA-WC-A885-01A,1.0,0.0,0.0,0.0,0.0
13,18748881,+,13,18768264,-,UVM,2612,TCGA-WC-A885-01A,TCGA-WC-A885-01A,1.0,0.0,0.0,0.0,0.0
13,18749021,-,13,18768421,+,UVM,2613,TCGA-WC-A885-01A,TCGA-WC-A885-01A,1.0,0.0,0.0,0.0,0.0
14,106274137,+,14,106734737,-,UVM,2614,TCGA-WC-A885-01A,TCGA-WC-A885-01A,1.0,0.0,0.0,0.0,0.0
2,89754078,-,10,38614658,-,UVM,2615,TCGA-WC-A885-01A,TCGA-WC-A885-01A,1.0,0.0,0.0,0.0,0.0
20,29242557,+,20,30469655,-,UVM,2616,TCGA-WC-A885-01A,TCGA-WC-A885-01A,1.0,0.0,0.0,0.0,0.0
5,46434033,+,5,46505382,+,UVM,2617,TCGA-WC-A885-01A,TCGA-WC-A885-01A,1.0,0.0,0.0,0.0,0.0
5,46601311,+,5,46681267,-,UVM,2618,TCGA-WC-A885-01A,TCGA-WC-A885-01A,1.0,0.0,0.0,0.0,0.0
5,47058211,+,5,47128727,-,UVM,2619,TCGA-WC-A885-01A,TCGA-WC-A885-01A,1.0,0.0,0.0,0.0,0.0
5,47256260,-,19,24908212,+,UVM,2620,TCGA-WC-A885-01A,TCGA-WC-A885-01A,1.0,0.0,0.0,0.0,0.0
6,31271143,-,6,31356191,+,UVM,2621,TCGA-WC-A885-01A,TCGA-WC-A885-01A,1.0,0.0,0.0,0.0,0.0
6,59305574,-,6,59583298,+,UVM,2622,TCGA-WC-A885-01A,TCGA-WC-A885-01A,1.0,0.0,0.0,0.0,0.0
8,45399316,-,8,45678788,+,UVM,2623,TCGA-WC-A885-01A,TCGA-WC-A885-01A,1.0,0.0,0.0,0.0,0.0
8,45563805,+,8,45620223,-,UVM,2624,TCGA-WC-A885-01A,TCGA-WC-A885-01A,1.0,0.0,0.0,0.0,0.0
1,77433666,+,8,133313086,+,UVM,2625,TCGA-WC-A888-01A,TCGA-WC-A888-01A,1.0,0.0,0.0,0.0,0.0
10,20145830,+,20,63761252,-,UVM,2626,TCGA-WC-A888-01A,TCGA-WC-A888-01A,1.0,0.0,0.0,0.0,0.0
11,52826825,+,11,53622389,-,UVM,2627,TCGA-WC-A888-01A,TCGA-WC-A888-01A,1.0,0.0,0.0,0.0,0.0
11,52989569,+,11,53888539,-,UVM,2628,TCGA-WC-A888-01A,TCGA-WC-A888-01A,1.0,0.0,0.0,0.0,0.0
11,53258923,-,11,53771725,+,UVM,2629,TCGA-WC-A888-01A,TCGA-WC-A888-01A,1.0,0.0,0.0,0.0,0.0
11,54123216,+,11,54348555,-,UVM,2630,TCGA-WC-A888-01A,TCGA-WC-A888-01A,1.0,0.0,0.0,0.0,0.0
12,36233943,-,12,36779293,+,UVM,2631,TCGA-WC-A888-01A,TCGA-WC-A888-01A,1.0,0.0,0.0,0.0,0.0
15,22775240,-,15,28847844,+,UVM,2632,TCGA-WC-A888-01A,TCGA-WC-A888-01A,1.0,0.0,0.0,0.0,0.0
15,84579507,+,15,85177217,+,UVM,2633,TCGA-WC-A888-01A,TCGA-WC-A888-01A,1.0,0.0,0.0,0.0,0.0
16,34256048,-,16,36322510,+,UVM,2634,TCGA-WC-A888-01A,TCGA-WC-A888-01A,1.0,0.0,0.0,0.0,0.0
2,95848571,+,2,97252804,+,UVM,2635,TCGA-WC-A888-01A,TCGA-WC-A888-01A,1.0,0.0,0.0,0.0,0.0
2,95848684,-,2,97252620,-,UVM,2636,TCGA-WC-A888-01A,TCGA-WC-A888-01A,1.0,0.0,0.0,0.0,0.0
3,90492101,+,6,61381502,+,UVM,2637,TCGA-WC-A888-01A,TCGA-WC-A888-01A,1.0,0.0,0.0,0.0,0.0
4,1790833,-,18,22452134,-,UVM,2638,TCGA-WC-A888-01A,TCGA-WC-A888-01A,1.0,0.0,0.0,0.0,0.0
5,49747609,-,5,50036473,+,UVM,2639,TCGA-WC-A888-01A,TCGA-WC-A888-01A,1.0,0.0,0.0,0.0,0.0
5,49800463,+,5,49855479,-,UVM,2640,TCGA-WC-A888-01A,TCGA-WC-A888-01A,1.0,0.0,0.0,0.0,0.0
5,166161091,+,5,166318499,-,UVM,2641,TCGA-WC-A888-01A,TCGA-WC-A888-01A,1.0,0.0,0.0,0.0,0.0
7,86746342,-,23,141270978,-,UVM,2642,TCGA-WC-A888-01A,TCGA-WC-A888-01A,1.0,0.0,0.0,0.0,0.0
9,4648700,-,10,127606132,+,UVM,2643,TCGA-WC-A888-01A,TCGA-WC-A888-01A,1.0,0.0,0.0,0.0,0.0
1,79805469,-,3,98019996,-,UVM,2644,TCGA-WC-A88A-01A,TCGA-WC-A88A-01A,1.0,0.0,0.0,0.0,0.0
11,53066869,+,11,54318165,-,UVM,2645,TCGA-WC-A88A-01A,TCGA-WC-A88A-01A,1.0,0.0,0.0,0.0,0.0
11,54364975,-,11,54407102,+,UVM,2646,TCGA-WC-A88A-01A,TCGA-WC-A88A-01A,1.0,0.0,0.0,0.0,0.0
11,54384237,-,11,54549339,+,UVM,2647,TCGA-WC-A88A-01A,TCGA-WC-A88A-01A,1.0,0.0,0.0,0.0,0.0
13,16298430,-,13,16734359,+,UVM,2648,TCGA-WC-A88A-01A,TCGA-WC-A88A-01A,1.0,0.0,0.0,0.0,0.0
13,18270343,-,22,18790746,+,UVM,2649,TCGA-WC-A88A-01A,TCGA-WC-A88A-01A,1.0,0.0,0.0,0.0,0.0
13,53033950,-,20,62168729,+,UVM,2650,TCGA-WC-A88A-01A,TCGA-WC-A88A-01A,1.0,0.0,0.0,0.0,0.0
17,78904091,-,22,46766006,+,UVM,2651,TCGA-WC-A88A-01A,TCGA-WC-A88A-01A,1.0,0.0,0.0,0.0,0.0
22,27785057,-,23,148822705,-,UVM,2652,TCGA-WC-A88A-01A,TCGA-WC-A88A-01A,1.0,0.0,0.0,0.0,0.0
22,32751813,-,22,33265158,+,UVM,2653,TCGA-WC-A88A-01A,TCGA-WC-A88A-01A,1.0,0.0,0.0,0.0,0.0
3,91059837,+,3,91089415,-,UVM,2654,TCGA-WC-A88A-01A,TCGA-WC-A88A-01A,1.0,0.0,0.0,0.0,0.0
5,49834379,-,5,49962406,+,UVM,2655,TCGA-WC-A88A-01A,TCGA-WC-A88A-01A,1.0,0.0,0.0,0.0,0.0
5,181021301,+,5,181022538,-,UVM,2656,TCGA-WC-A88A-01A,TCGA-WC-A88A-01A,1.0,0.0,0.0,0.0,0.0
5,181034842,+,5,181099263,-,UVM,2657,TCGA-WC-A88A-01A,TCGA-WC-A88A-01A,1.0,0.0,0.0,0.0,0.0
6,65982915,-,13,57954851,-,UVM,2658,TCGA-WC-A88A-01A,TCGA-WC-A88A-01A,1.0,0.0,0.0,0.0,0.0
7,135026244,-,8,117667480,+,UVM,2659,TCGA-WC-A88A-01A,TCGA-WC-A88A-01A,1.0,0.0,0.0,0.0,0.0
1,117332521,+,8,27802658,-,UVM,2660,TCGA-WC-AA9A-01A,TCGA-WC-AA9A-01A,1.0,0.0,0.0,0.0,0.0
1,122033579,-,1,122069283,+,UVM,2661,TCGA-WC-AA9A-01A,TCGA-WC-AA9A-01A,1.0,0.0,0.0,0.0,0.0
1,122269895,-,1,122422895,+,UVM,2662,TCGA-WC-AA9A-01A,TCGA-WC-AA9A-01A,1.0,0.0,0.0,0.0,0.0
1,124797417,-,1,124806590,+,UVM,2663,TCGA-WC-AA9A-01A,TCGA-WC-AA9A-01A,1.0,0.0,0.0,0.0,0.0
1,147541222,+,3,108631094,+,UVM,2664,TCGA-WC-AA9A-01A,TCGA-WC-AA9A-01A,1.0,0.0,0.0,0.0,0.0
1,215125760,-,8,10451624,+,UVM,2665,TCGA-WC-AA9A-01A,TCGA-WC-AA9A-01A,1.0,0.0,0.0,0.0,0.0
12,36400778,-,12,36518823,+,UVM,2666,TCGA-WC-AA9A-01A,TCGA-WC-AA9A-01A,1.0,0.0,0.0,0.0,0.0
12,53719410,+,19,10715008,-,UVM,2667,TCGA-WC-AA9A-01A,TCGA-WC-AA9A-01A,1.0,0.0,0.0,0.0,0.0
13,16121551,+,20,29242666,+,UVM,2668,TCGA-WC-AA9A-01A,TCGA-WC-AA9A-01A,1.0,0.0,0.0,0.0,0.0
13,16918091,-,13,17396362,+,UVM,2669,TCGA-WC-AA9A-01A,TCGA-WC-AA9A-01A,1.0,0.0,0.0,0.0,0.0
13,18761760,-,18,14318923,-,UVM,2670,TCGA-WC-AA9A-01A,TCGA-WC-AA9A-01A,1.0,0.0,0.0,0.0,0.0
14,72870991,-,18,61304436,-,UVM,2671,TCGA-WC-AA9A-01A,TCGA-WC-AA9A-01A,1.0,0.0,0.0,0.0,0.0
15,19387476,-,15,19654913,+,UVM,2672,TCGA-WC-AA9A-01A,TCGA-WC-AA9A-01A,1.0,0.0,0.0,0.0,0.0
18,20737992,+,18,20802979,-,UVM,2673,TCGA-WC-AA9A-01A,TCGA-WC-AA9A-01A,1.0,0.0,0.0,0.0,0.0
19,14090130,+,22,20449750,-,UVM,2674,TCGA-WC-AA9A-01A,TCGA-WC-AA9A-01A,1.0,0.0,0.0,0.0,0.0
3,38833919,-,11,26365956,-,UVM,2675,TCGA-WC-AA9A-01A,TCGA-WC-AA9A-01A,1.0,0.0,0.0,0.0,0.0
3,90800946,-,3,90806200,+,UVM,2676,TCGA-WC-AA9A-01A,TCGA-WC-AA9A-01A,1.0,0.0,0.0,0.0,0.0
3,91508540,-,6,60405468,-,UVM,2677,TCGA-WC-AA9A-01A,TCGA-WC-AA9A-01A,1.0,0.0,0.0,0.0,0.0
4,75674719,+,7,147601675,+,UVM,2678,TCGA-WC-AA9A-01A,TCGA-WC-AA9A-01A,1.0,0.0,0.0,0.0,0.0
4,177392620,+,12,130265049,-,UVM,2679,TCGA-WC-AA9A-01A,TCGA-WC-AA9A-01A,1.0,0.0,0.0,0.0,0.0
5,46650791,-,5,46747890,+,UVM,2680,TCGA-WC-AA9A-01A,TCGA-WC-AA9A-01A,1.0,0.0,0.0,0.0,0.0
9,43178887,-,18,15403866,+,UVM,2681,TCGA-WC-AA9A-01A,TCGA-WC-AA9A-01A,1.0,0.0,0.0,0.0,0.0
1,110941743,-,4,62706051,+,UVM,2682,TCGA-WC-AA9E-01A,TCGA-WC-AA9E-01A,1.0,0.0,0.0,0.0,0.0
1,113284579,+,4,55615613,-,UVM,2683,TCGA-WC-AA9E-01A,TCGA-WC-AA9E-01A,1.0,0.0,0.0,0.0,0.0
1,113743221,+,1,120938582,-,UVM,2684,TCGA-WC-AA9E-01A,TCGA-WC-AA9E-01A,1.0,0.0,0.0,0.0,0.0
1,190963643,-,1,237469498,-,UVM,2685,TCGA-WC-AA9E-01A,TCGA-WC-AA9E-01A,1.0,0.0,0.0,0.0,0.0
1,203071162,-,2,127881330,+,UVM,2686,TCGA-WC-AA9E-01A,TCGA-WC-AA9E-01A,1.0,0.0,0.0,0.0,0.0
1,242266854,+,10,38331749,+,UVM,2687,TCGA-WC-AA9E-01A,TCGA-WC-AA9E-01A,1.0,0.0,0.0,0.0,0.0
11,54344309,+,11,54406763,-,UVM,2688,TCGA-WC-AA9E-01A,TCGA-WC-AA9E-01A,1.0,0.0,0.0,0.0,0.0
12,69154300,+,14,81130074,+,UVM,2689,TCGA-WC-AA9E-01A,TCGA-WC-AA9E-01A,1.0,0.0,0.0,0.0,0.0
2,185166251,-,21,25259479,-,UVM,2690,TCGA-WC-AA9E-01A,TCGA-WC-AA9E-01A,1.0,0.0,0.0,0.0,0.0
20,28783572,+,21,7292225,+,UVM,2691,TCGA-WC-AA9E-01A,TCGA-WC-AA9E-01A,1.0,0.0,0.0,0.0,0.0
22,37695375,-,22,39644129,+,UVM,2692,TCGA-WC-AA9E-01A,TCGA-WC-AA9E-01A,1.0,0.0,0.0,0.0,0.0
3,53558412,-,3,53792788,+,UVM,2693,TCGA-WC-AA9E-01A,TCGA-WC-AA9E-01A,1.0,0.0,0.0,0.0,0.0
3,90520755,+,3,90577013,-,UVM,2694,TCGA-WC-AA9E-01A,TCGA-WC-AA9E-01A,1.0,0.0,0.0,0.0,0.0
3,136702075,-,6,8877127,+,UVM,2695,TCGA-WC-AA9E-01A,TCGA-WC-AA9E-01A,1.0,0.0,0.0,0.0,0.0
4,49220010,+,4,49575498,+,UVM,2696,TCGA-WC-AA9E-01A,TCGA-WC-AA9E-01A,1.0,0.0,0.0,0.0,0.0
4,175216473,+,4,175936226,-,UVM,2697,TCGA-WC-AA9E-01A,TCGA-WC-AA9E-01A,1.0,0.0,0.0,0.0,0.0
5,49739286,-,5,49930934,+,UVM,2698,TCGA-WC-AA9E-01A,TCGA-WC-AA9E-01A,1.0,0.0,0.0,0.0,0.0
5,81686912,+,8,31813520,+,UVM,2699,TCGA-WC-AA9E-01A,TCGA-WC-AA9E-01A,1.0,0.0,0.0,0.0,0.0
7,47530838,-,7,148413443,+,UVM,2700,TCGA-WC-AA9E-01A,TCGA-WC-AA9E-01A,1.0,0.0,0.0,0.0,0.0
7,152241343,-,13,18329486,-,UVM,2701,TCGA-WC-AA9E-01A,TCGA-WC-AA9E-01A,1.0,0.0,0.0,0.0,0.0
23,78457768,+,23,78459576,-,UVM,2702,TCGA-WC-AA9E-01A,TCGA-WC-AA9E-01A,1.0,0.0,0.0,0.0,0.0
1,124006393,-,1,124588235,+,UVM,2703,TCGA-YZ-A982-01A,TCGA-YZ-A982-01A,1.0,0.0,0.0,0.0,0.0
1,124977926,+,1,124979896,-,UVM,2704,TCGA-YZ-A982-01A,TCGA-YZ-A982-01A,1.0,0.0,0.0,0.0,0.0
1,124978326,-,1,124980031,+,UVM,2705,TCGA-YZ-A982-01A,TCGA-YZ-A982-01A,1.0,0.0,0.0,0.0,0.0
10,39381844,-,10,39382438,+,UVM,2706,TCGA-YZ-A982-01A,TCGA-YZ-A982-01A,1.0,0.0,0.0,0.0,0.0
11,52459699,-,11,52669805,+,UVM,2707,TCGA-YZ-A982-01A,TCGA-YZ-A982-01A,1.0,0.0,0.0,0.0,0.0
11,54386485,-,11,54413172,+,UVM,2708,TCGA-YZ-A982-01A,TCGA-YZ-A982-01A,1.0,0.0,0.0,0.0,0.0
12,34692129,+,12,34696202,-,UVM,2709,TCGA-YZ-A982-01A,TCGA-YZ-A982-01A,1.0,0.0,0.0,0.0,0.0
12,34805791,+,12,34808796,-,UVM,2710,TCGA-YZ-A982-01A,TCGA-YZ-A982-01A,1.0,0.0,0.0,0.0,0.0
12,34807549,-,12,34817938,+,UVM,2711,TCGA-YZ-A982-01A,TCGA-YZ-A982-01A,1.0,0.0,0.0,0.0,0.0
12,34820031,+,12,34821350,+,UVM,2712,TCGA-YZ-A982-01A,TCGA-YZ-A982-01A,1.0,0.0,0.0,0.0,0.0
12,37311477,+,12,37380460,-,UVM,2713,TCGA-YZ-A982-01A,TCGA-YZ-A982-01A,1.0,0.0,0.0,0.0,0.0
13,16000280,-,13,16017073,+,UVM,2714,TCGA-YZ-A982-01A,TCGA-YZ-A982-01A,1.0,0.0,0.0,0.0,0.0
13,16020451,+,20,28925916,+,UVM,2715,TCGA-YZ-A982-01A,TCGA-YZ-A982-01A,1.0,0.0,0.0,0.0,0.0
13,16298438,-,13,16628005,+,UVM,2716,TCGA-YZ-A982-01A,TCGA-YZ-A982-01A,1.0,0.0,0.0,0.0,0.0
13,16345212,+,13,16624291,-,UVM,2717,TCGA-YZ-A982-01A,TCGA-YZ-A982-01A,1.0,0.0,0.0,0.0,0.0
13,16758797,+,13,17173036,-,UVM,2718,TCGA-YZ-A982-01A,TCGA-YZ-A982-01A,1.0,0.0,0.0,0.0,0.0
13,16898455,-,13,17123206,+,UVM,2719,TCGA-YZ-A982-01A,TCGA-YZ-A982-01A,1.0,0.0,0.0,0.0,0.0
13,22960788,-,13,24385988,+,UVM,2720,TCGA-YZ-A982-01A,TCGA-YZ-A982-01A,1.0,0.0,0.0,0.0,0.0
17,22749076,+,17,22751634,-,UVM,2721,TCGA-YZ-A982-01A,TCGA-YZ-A982-01A,1.0,0.0,0.0,0.0,0.0
18,15355972,+,22,16107053,+,UVM,2722,TCGA-YZ-A982-01A,TCGA-YZ-A982-01A,1.0,0.0,0.0,0.0,0.0
18,20066124,+,18,20469731,-,UVM,2723,TCGA-YZ-A982-01A,TCGA-YZ-A982-01A,1.0,0.0,0.0,0.0,0.0
18,20789790,-,18,20835617,-,UVM,2724,TCGA-YZ-A982-01A,TCGA-YZ-A982-01A,1.0,0.0,0.0,0.0,0.0
2,92455863,-,2,93122969,+,UVM,2725,TCGA-YZ-A982-01A,TCGA-YZ-A982-01A,1.0,0.0,0.0,0.0,0.0
2,92743428,+,2,94054176,-,UVM,2726,TCGA-YZ-A982-01A,TCGA-YZ-A982-01A,1.0,0.0,0.0,0.0,0.0
2,92875235,+,2,93532693,-,UVM,2727,TCGA-YZ-A982-01A,TCGA-YZ-A982-01A,1.0,0.0,0.0,0.0,0.0
2,95891707,-,2,97209771,-,UVM,2728,TCGA-YZ-A982-01A,TCGA-YZ-A982-01A,1.0,0.0,0.0,0.0,0.0
2,95949793,-,24,26441745,-,UVM,2729,TCGA-YZ-A982-01A,TCGA-YZ-A982-01A,1.0,0.0,0.0,0.0,0.0
2,211754202,-,2,211757199,-,UVM,2730,TCGA-YZ-A982-01A,TCGA-YZ-A982-01A,1.0,0.0,0.0,0.0,0.0
2,211755071,+,2,218986140,+,UVM,2731,TCGA-YZ-A982-01A,TCGA-YZ-A982-01A,1.0,0.0,0.0,0.0,0.0
2,212917254,+,2,221455099,+,UVM,2732,TCGA-YZ-A982-01A,TCGA-YZ-A982-01A,1.0,0.0,0.0,0.0,0.0
2,213807949,-,2,216044346,+,UVM,2733,TCGA-YZ-A982-01A,TCGA-YZ-A982-01A,1.0,0.0,0.0,0.0,0.0
2,215402724,+,2,218259431,-,UVM,2734,TCGA-YZ-A982-01A,TCGA-YZ-A982-01A,1.0,0.0,0.0,0.0,0.0
2,215706476,-,2,220239683,+,UVM,2735,TCGA-YZ-A982-01A,TCGA-YZ-A982-01A,1.0,0.0,0.0,0.0,0.0
2,216337609,-,2,221201251,-,UVM,2736,TCGA-YZ-A982-01A,TCGA-YZ-A982-01A,1.0,0.0,0.0,0.0,0.0
2,217141958,+,2,217142582,+,UVM,2737,TCGA-YZ-A982-01A,TCGA-YZ-A982-01A,1.0,0.0,0.0,0.0,0.0
2,217141994,-,2,227358251,-,UVM,2738,TCGA-YZ-A982-01A,TCGA-YZ-A982-01A,1.0,0.0,0.0,0.0,0.0
2,219195865,-,2,229764273,-,UVM,2739,TCGA-YZ-A982-01A,TCGA-YZ-A982-01A,1.0,0.0,0.0,0.0,0.0
2,221459316,-,2,227851506,+,UVM,2740,TCGA-YZ-A982-01A,TCGA-YZ-A982-01A,1.0,0.0,0.0,0.0,0.0
2,227357748,+,2,229696576,+,UVM,2741,TCGA-YZ-A982-01A,TCGA-YZ-A982-01A,1.0,0.0,0.0,0.0,0.0
2,227621129,+,2,227757786,-,UVM,2742,TCGA-YZ-A982-01A,TCGA-YZ-A982-01A,1.0,0.0,0.0,0.0,0.0
2,227903266,-,11,9462856,-,UVM,2743,TCGA-YZ-A982-01A,TCGA-YZ-A982-01A,1.0,0.0,0.0,0.0,0.0
2,228984722,+,2,229641909,-,UVM,2744,TCGA-YZ-A982-01A,TCGA-YZ-A982-01A,1.0,0.0,0.0,0.0,0.0
20,26364240,+,20,26366218,-,UVM,2745,TCGA-YZ-A982-01A,TCGA-YZ-A982-01A,1.0,0.0,0.0,0.0,0.0
20,28757733,+,21,10798350,+,UVM,2746,TCGA-YZ-A982-01A,TCGA-YZ-A982-01A,1.0,0.0,0.0,0.0,0.0
20,28757981,-,21,10797928,-,UVM,2747,TCGA-YZ-A982-01A,TCGA-YZ-A982-01A,1.0,0.0,0.0,0.0,0.0
20,28905942,+,21,7327865,+,UVM,2748,TCGA-YZ-A982-01A,TCGA-YZ-A982-01A,1.0,0.0,0.0,0.0,0.0
20,29223950,+,20,29270794,-,UVM,2749,TCGA-YZ-A982-01A,TCGA-YZ-A982-01A,1.0,0.0,0.0,0.0,0.0
20,29268325,-,24,10224027,-,UVM,2750,TCGA-YZ-A982-01A,TCGA-YZ-A982-01A,1.0,0.0,0.0,0.0,0.0
20,29271828,-,24,10210816,+,UVM,2751,TCGA-YZ-A982-01A,TCGA-YZ-A982-01A,1.0,0.0,0.0,0.0,0.0
20,30153493,-,20,30154351,+,UVM,2752,TCGA-YZ-A982-01A,TCGA-YZ-A982-01A,1.0,0.0,0.0,0.0,0.0
20,31984239,+,20,31984441,-,UVM,2753,TCGA-YZ-A982-01A,TCGA-YZ-A982-01A,1.0,0.0,0.0,0.0,0.0
3,49403993,-,10,17548228,-,UVM,2754,TCGA-YZ-A982-01A,TCGA-YZ-A982-01A,1.0,0.0,0.0,0.0,0.0
3,90785216,+,3,90900639,-,UVM,2755,TCGA-YZ-A982-01A,TCGA-YZ-A982-01A,1.0,0.0,0.0,0.0,0.0
3,90860316,-,3,90870494,+,UVM,2756,TCGA-YZ-A982-01A,TCGA-YZ-A982-01A,1.0,0.0,0.0,0.0,0.0
3,91039954,+,3,91060509,-,UVM,2757,TCGA-YZ-A982-01A,TCGA-YZ-A982-01A,1.0,0.0,0.0,0.0,0.0
3,91261393,+,3,91264765,-,UVM,2758,TCGA-YZ-A982-01A,TCGA-YZ-A982-01A,1.0,0.0,0.0,0.0,0.0
3,157972240,-,5,18435547,+,UVM,2759,TCGA-YZ-A982-01A,TCGA-YZ-A982-01A,1.0,0.0,0.0,0.0,0.0
4,50830255,-,4,50972403,+,UVM,2760,TCGA-YZ-A982-01A,TCGA-YZ-A982-01A,1.0,0.0,0.0,0.0,0.0
4,51407884,-,4,51640989,+,UVM,2761,TCGA-YZ-A982-01A,TCGA-YZ-A982-01A,1.0,0.0,0.0,0.0,0.0
5,49687142,+,5,49748890,-,UVM,2762,TCGA-YZ-A982-01A,TCGA-YZ-A982-01A,1.0,0.0,0.0,0.0,0.0
5,49853409,-,5,49855817,+,UVM,2763,TCGA-YZ-A982-01A,TCGA-YZ-A982-01A,1.0,0.0,0.0,0.0,0.0
8,43655591,-,8,43659571,+,UVM,2764,TCGA-YZ-A982-01A,TCGA-YZ-A982-01A,1.0,0.0,0.0,0.0,0.0
8,43776202,-,8,43780729,+,UVM,2765,TCGA-YZ-A982-01A,TCGA-YZ-A982-01A,1.0,0.0,0.0,0.0,0.0
8,104982912,+,8,112286151,-,UVM,2766,TCGA-YZ-A982-01A,TCGA-YZ-A982-01A,1.0,0.0,0.0,0.0,0.0
9,40543581,+,9,43175149,-,UVM,2767,TCGA-YZ-A982-01A,TCGA-YZ-A982-01A,1.0,0.0,0.0,0.0,0.0
9,43383932,+,9,45155325,-,UVM,2768,TCGA-YZ-A982-01A,TCGA-YZ-A982-01A,1.0,0.0,0.0,0.0,0.0
1,121086,-,1,712013,+,UVM,2769,TCGA-YZ-A983-01A,TCGA-YZ-A983-01A,1.0,0.0,0.0,0.0,0.0
1,245130379,-,5,138419690,-,UVM,2770,TCGA-YZ-A983-01A,TCGA-YZ-A983-01A,1.0,0.0,0.0,0.0,0.0
10,41821762,+,23,58468026,+,UVM,2771,TCGA-YZ-A983-01A,TCGA-YZ-A983-01A,1.0,0.0,0.0,0.0,0.0
11,54344922,+,11,54384801,-,UVM,2772,TCGA-YZ-A983-01A,TCGA-YZ-A983-01A,1.0,0.0,0.0,0.0,0.0
11,85122978,-,23,94647039,+,UVM,2773,TCGA-YZ-A983-01A,TCGA-YZ-A983-01A,1.0,0.0,0.0,0.0,0.0
15,20309901,+,24,11444519,-,UVM,2774,TCGA-YZ-A983-01A,TCGA-YZ-A983-01A,1.0,0.0,0.0,0.0,0.0
2,93375657,-,2,93671908,+,UVM,2775,TCGA-YZ-A983-01A,TCGA-YZ-A983-01A,1.0,0.0,0.0,0.0,0.0
22,23344855,-,22,24675113,+,UVM,2776,TCGA-YZ-A983-01A,TCGA-YZ-A983-01A,1.0,0.0,0.0,0.0,0.0
3,91002077,+,3,91023973,-,UVM,2777,TCGA-YZ-A983-01A,TCGA-YZ-A983-01A,1.0,0.0,0.0,0.0,0.0
3,91113790,-,3,91220946,+,UVM,2778,TCGA-YZ-A983-01A,TCGA-YZ-A983-01A,1.0,0.0,0.0,0.0,0.0
3,176223137,+,15,46849022,+,UVM,2779,TCGA-YZ-A983-01A,TCGA-YZ-A983-01A,1.0,0.0,0.0,0.0,0.0
4,2667939,+,4,55675956,+,UVM,2780,TCGA-YZ-A983-01A,TCGA-YZ-A983-01A,1.0,0.0,0.0,0.0,0.0
4,2667952,-,5,21185619,+,UVM,2781,TCGA-YZ-A983-01A,TCGA-YZ-A983-01A,1.0,0.0,0.0,0.0,0.0
4,55675959,-,5,21185628,-,UVM,2782,TCGA-YZ-A983-01A,TCGA-YZ-A983-01A,1.0,0.0,0.0,0.0,0.0
5,135728,+,17,28822832,-,UVM,2783,TCGA-YZ-A983-01A,TCGA-YZ-A983-01A,1.0,0.0,0.0,0.0,0.0
5,46761082,+,5,50776465,-,UVM,2784,TCGA-YZ-A983-01A,TCGA-YZ-A983-01A,1.0,0.0,0.0,0.0,0.0
6,47641729,-,19,22361213,-,UVM,2785,TCGA-YZ-A983-01A,TCGA-YZ-A983-01A,1.0,0.0,0.0,0.0,0.0
7,26201826,+,12,95286871,+,UVM,2786,TCGA-YZ-A983-01A,TCGA-YZ-A983-01A,1.0,0.0,0.0,0.0,0.0
8,121970145,-,11,34877883,+,UVM,2787,TCGA-YZ-A983-01A,TCGA-YZ-A983-01A,1.0,0.0,0.0,0.0,0.0
23,36548933,-,23,43354391,-,UVM,2788,TCGA-YZ-A983-01A,TCGA-YZ-A983-01A,1.0,0.0,0.0,0.0,0.0
1,77433707,+,8,133313127,+,UVM,2789,TCGA-YZ-A984-01A,TCGA-YZ-A984-01A,1.0,0.0,0.0,0.0,0.0
10,129710842,+,10,129712992,-,UVM,2790,TCGA-YZ-A984-01A,TCGA-YZ-A984-01A,1.0,0.0,0.0,0.0,0.0
11,35220616,+,11,68987649,+,UVM,2791,TCGA-YZ-A984-01A,TCGA-YZ-A984-01A,1.0,0.0,0.0,0.0,0.0
11,54371220,+,11,54381462,-,UVM,2792,TCGA-YZ-A984-01A,TCGA-YZ-A984-01A,1.0,0.0,0.0,0.0,0.0
12,40445270,-,12,45677482,+,UVM,2793,TCGA-YZ-A984-01A,TCGA-YZ-A984-01A,1.0,0.0,0.0,0.0,0.0
12,40445333,+,12,45677398,-,UVM,2794,TCGA-YZ-A984-01A,TCGA-YZ-A984-01A,1.0,0.0,0.0,0.0,0.0
12,54110134,+,20,29564411,+,UVM,2795,TCGA-YZ-A984-01A,TCGA-YZ-A984-01A,1.0,0.0,0.0,0.0,0.0
12,103966060,+,12,103979831,-,UVM,2796,TCGA-YZ-A984-01A,TCGA-YZ-A984-01A,1.0,0.0,0.0,0.0,0.0
13,16618098,+,13,17090500,-,UVM,2797,TCGA-YZ-A984-01A,TCGA-YZ-A984-01A,1.0,0.0,0.0,0.0,0.0
13,18627831,+,18,14431927,+,UVM,2798,TCGA-YZ-A984-01A,TCGA-YZ-A984-01A,1.0,0.0,0.0,0.0,0.0
13,18796454,+,21,13885103,-,UVM,2799,TCGA-YZ-A984-01A,TCGA-YZ-A984-01A,1.0,0.0,0.0,0.0,0.0
18,15355978,+,22,16106992,+,UVM,2800,TCGA-YZ-A984-01A,TCGA-YZ-A984-01A,1.0,0.0,0.0,0.0,0.0
18,15665500,-,18,15711646,+,UVM,2801,TCGA-YZ-A984-01A,TCGA-YZ-A984-01A,1.0,0.0,0.0,0.0,0.0
2,92998160,+,2,93602584,-,UVM,2802,TCGA-YZ-A984-01A,TCGA-YZ-A984-01A,1.0,0.0,0.0,0.0,0.0
20,26480911,-,20,26571092,+,UVM,2803,TCGA-YZ-A984-01A,TCGA-YZ-A984-01A,1.0,0.0,0.0,0.0,0.0
3,91020791,-,3,91082106,+,UVM,2804,TCGA-YZ-A984-01A,TCGA-YZ-A984-01A,1.0,0.0,0.0,0.0,0.0
3,91025400,-,3,91167291,+,UVM,2805,TCGA-YZ-A984-01A,TCGA-YZ-A984-01A,1.0,0.0,0.0,0.0,0.0
5,46601311,+,5,46681262,-,UVM,2806,TCGA-YZ-A984-01A,TCGA-YZ-A984-01A,1.0,0.0,0.0,0.0,0.0
1,122228057,+,1,122395357,-,UVM,2807,TCGA-YZ-A985-01A,TCGA-YZ-A985-01A,1.0,0.0,0.0,0.0,0.0
10,39561292,-,10,41708940,+,UVM,2808,TCGA-YZ-A985-01A,TCGA-YZ-A985-01A,1.0,0.0,0.0,0.0,0.0
17,7509656,-,17,8090217,+,UVM,2809,TCGA-YZ-A985-01A,TCGA-YZ-A985-01A,1.0,0.0,0.0,0.0,0.0
20,26615126,+,20,27261276,-,UVM,2810,TCGA-YZ-A985-01A,TCGA-YZ-A985-01A,1.0,0.0,0.0,0.0,0.0
20,29221983,+,20,30935800,+,UVM,2811,TCGA-YZ-A985-01A,TCGA-YZ-A985-01A,1.0,0.0,0.0,0.0,0.0
3,9988430,+,3,10043617,-,UVM,2812,TCGA-YZ-A985-01A,TCGA-YZ-A985-01A,1.0,0.0,0.0,0.0,0.0
3,59739991,-,8,89011794,+,UVM,2813,TCGA-YZ-A985-01A,TCGA-YZ-A985-01A,1.0,0.0,0.0,0.0,0.0
3,167209185,-,11,16665636,+,UVM,2814,TCGA-YZ-A985-01A,TCGA-YZ-A985-01A,1.0,0.0,0.0,0.0,0.0
4,22873477,+,4,22905738,-,UVM,2815,TCGA-YZ-A985-01A,TCGA-YZ-A985-01A,1.0,0.0,0.0,0.0,0.0
6,57505997,+,6,60398735,-,UVM,2816,TCGA-YZ-A985-01A,TCGA-YZ-A985-01A,1.0,0.0,0.0,0.0,0.0
7,137972709,+,17,80044682,-,UVM,2817,TCGA-YZ-A985-01A,TCGA-YZ-A985-01A,1.0,0.0,0.0,0.0,0.0
23,33388959,+,23,33390518,-,UVM,2818,TCGA-YZ-A985-01A,TCGA-YZ-A985-01A,1.0,0.0,0.0,0.0,0.0
